leftHand(0.00000, 0.00000, 0.00000, 1.00000)
leftHand(0.00000, 0.00000, 0.00000, 1.00000)
leftHand(0.00000, 0.00000, 0.00000, 1.00000)
leftHand(0.00000, 0.00000, 0.00000, 1.00000)
leftHand(0.00000, 0.00000, 0.00000, 1.00000)
 
 

leftHand(0.00000, 0.00000, 0.00000, 1.00000)
 
 

leftHand(0.00000, 0.00000, 0.00000, 1.00000)
 
 

leftHand(0.00000, 0.00000, 0.00000, 1.00000)
 
 

leftHand(0.00000, 0.00000, 0.00000, 1.00000)
 
 

leftHand(0.00000, 0.00000, 0.00000, 1.00000)
 
 

leftHand(0.00000, 0.00000, 0.00000, 1.00000)
 
 

leftHand(0.00000, 0.00000, 0.00000, 1.00000)
 
 

leftHand(0.00000, 0.00000, 0.00000, 1.00000)
 
 

leftHand(0.00000, 0.00000, 0.00000, 1.00000)
 
 

leftHand(0.00000, 0.00000, 0.00000, 1.00000)
 
 

leftHand(0.00000, 0.00000, 0.00000, 1.00000)
 
 

leftHand(0.00000, 0.00000, 0.00000, 1.00000)
 
 

leftHand(0.00000, 0.00000, 0.00000, 1.00000)
 
 

leftHand(0.00000, 0.00000, 0.00000, 1.00000)
 
 

leftHand(0.00000, 0.00000, 0.00000, 1.00000)
 
 

leftHand(0.00000, 0.00000, 0.00000, 1.00000)
 
 

leftHand(0.00000, 0.00000, 0.00000, 1.00000)
 
 

leftHand(0.00000, 0.00000, 0.00000, 1.00000)
 
 

leftHand(0.00000, 0.00000, 0.00000, 1.00000)
 
 

leftHand(0.00000, 0.00000, 0.00000, 1.00000)
 
 

leftHand(0.00000, 0.00000, 0.00000, 1.00000)
 
 

leftHand(0.00000, 0.00000, 0.00000, 1.00000)
 
 

leftHand(0.00000, 0.00000, 0.00000, 1.00000)
 
 

leftHand(0.00000, 0.00000, 0.00000, 1.00000)
 
 

leftHand(0.00000, 0.00000, 0.00000, 1.00000)
 
 

leftHand(0.00000, 0.00000, 0.00000, 1.00000)
 
 

leftHand(0.00000, 0.00000, 0.00000, 1.00000)
 
 

leftHand(0.00000, 0.00000, 0.00000, 1.00000)
 
 

leftHand(0.00000, 0.00000, 0.00000, 1.00000)
 
 

leftHand(0.00000, 0.00000, 0.00000, 1.00000)
 
 

leftHand(0.00000, 0.00000, 0.00000, 1.00000)
 
 

leftHand(0.00000, 0.00000, 0.00000, 1.00000)
 
 

leftHand(0.00000, 0.00000, 0.00000, 1.00000)
 
 

leftHand(0.00000, 0.00000, 0.00000, 1.00000)
 
 

leftHand(0.00000, 0.00000, 0.00000, 1.00000)
 
 

leftHand(0.00000, 0.00000, 0.00000, 1.00000)
 
 

leftHand(0.00000, 0.00000, 0.00000, 1.00000)
 
 

leftHand(0.00000, 0.00000, 0.00000, 1.00000)
 
 

leftHand(0.00000, 0.00000, 0.00000, 1.00000)
 
 

leftHand(0.00000, 0.00000, 0.00000, 1.00000)
 
 

leftHand(0.00000, 0.00000, 0.00000, 1.00000)
 
 

leftHand(0.00000, 0.00000, 0.00000, 1.00000)
 
 

leftHand(0.00000, 0.00000, 0.00000, 1.00000)
 
 

leftHand(0.00000, 0.00000, 0.00000, 1.00000)
 
 

leftHand(0.00000, 0.00000, 0.00000, 1.00000)
 
 

leftHand(0.00000, 0.00000, 0.00000, 1.00000)
 
 

leftHand(0.00000, 0.00000, 0.00000, 1.00000)
 
 

leftHand(0.00000, 0.00000, 0.00000, 1.00000)
 
 

leftHand(0.00000, 0.00000, 0.00000, 1.00000)
 
 

leftHand(0.00000, 0.00000, 0.00000, 1.00000)
 
 

leftHand(0.00000, 0.00000, 0.00000, 1.00000)
 
 

leftHand(0.00000, 0.00000, 0.00000, 1.00000)
 
 

leftHand(0.00000, 0.00000, 0.00000, 1.00000)
 
 

leftHand(0.00000, 0.00000, 0.00000, 1.00000)
 
 

leftHand(0.00000, 0.00000, 0.00000, 1.00000)
 
 

leftHand(0.00000, 0.00000, 0.00000, 1.00000)
 
 

leftHand(0.00000, 0.00000, 0.00000, 1.00000)
 
 

leftHand(0.00000, 0.00000, 0.00000, 1.00000)
 
 

leftHand(0.00000, 0.00000, 0.00000, 1.00000)
 
 

leftHand(0.00000, 0.00000, 0.00000, 1.00000)
 
 

leftHand(0.00000, 0.00000, 0.00000, 1.00000)
 
 

leftHand(0.00000, 0.00000, 0.00000, 1.00000)
 
 

leftHand(0.00000, 0.00000, 0.00000, 1.00000)
 
 

leftHand(0.00000, 0.00000, 0.00000, 1.00000)
 
 

leftHand(0.00000, 0.00000, 0.00000, 1.00000)
 
 

leftHand(0.00000, 0.00000, 0.00000, 1.00000)
 
 

leftHand(0.00000, 0.00000, 0.00000, 1.00000)
 
 

leftHand(0.00000, 0.00000, 0.00000, 1.00000)
 
 

leftHand(0.00000, 0.00000, 0.00000, 1.00000)
 
 

leftHand(0.00000, 0.00000, 0.00000, 1.00000)
 
 

leftHand(0.00000, 0.00000, 0.00000, 1.00000)
 
 

leftHand(0.00000, 0.00000, 0.00000, 1.00000)
 
 

leftHand(0.00000, 0.00000, 0.00000, 1.00000)
 
 

leftHand(0.00000, 0.00000, 0.00000, 1.00000)
 
 

leftHand(0.00000, 0.00000, 0.00000, 1.00000)
 
 

leftHand(0.00000, 0.00000, 0.00000, 1.00000)
 
 

leftHand(0.00000, 0.00000, 0.00000, 1.00000)
 
 

leftHand(0.00000, 0.00000, 0.00000, 1.00000)
 
 

leftHand(0.00000, 0.00000, 0.00000, 1.00000)
 
 

leftHand(0.00000, 0.00000, 0.00000, 1.00000)
 
 

leftHand(0.00000, 0.00000, 0.00000, 1.00000)
 
 

leftHand(0.00000, 0.00000, 0.00000, 1.00000)
 
 

leftHand(0.00000, 0.00000, 0.00000, 1.00000)
 
 

leftHand(0.00000, 0.00000, 0.00000, 1.00000)
 
 

leftHand(0.00000, 0.00000, 0.00000, 1.00000)
 
 

leftHand(0.00000, 0.00000, 0.00000, 1.00000)
 
 

leftHand(0.00000, 0.00000, 0.00000, 1.00000)
 
 

leftHand(0.00000, 0.00000, 0.00000, 1.00000)
 
 

leftHand(0.00000, 0.00000, 0.00000, 1.00000)
 
 

leftHand(0.00000, 0.00000, 0.00000, 1.00000)
 
 

leftHand(0.00000, 0.00000, 0.00000, 1.00000)
 
 

leftHand(0.00000, 0.00000, 0.00000, 1.00000)
 
 

leftHand(0.00000, 0.00000, 0.00000, 1.00000)
 
 

leftHand(0.00000, 0.00000, 0.00000, 1.00000)
 
 

leftHand(0.00000, 0.00000, 0.00000, 1.00000)
 
 

leftHand(0.03526, 0.99786, -0.01957, -0.05149)
 
 

leftHand(0.03526, 0.99786, -0.01957, -0.05149)
 
 

leftHand(0.03526, 0.99786, -0.01957, -0.05149)
 
 

leftHand(0.03526, 0.99786, -0.01957, -0.05149)
 
 

leftHand(0.03526, 0.99786, -0.01957, -0.05149)
 
 

leftHand(0.03526, 0.99786, -0.01957, -0.05149)
 
 

leftHand(0.03526, 0.99786, -0.01957, -0.05149)
 
 

leftHand(0.03526, 0.99786, -0.01957, -0.05149)
 
 

leftHand(0.03526, 0.99786, -0.01957, -0.05149)
 
 

leftHand(0.03526, 0.99786, -0.01957, -0.05149)
 
 

leftHand(0.03526, 0.99786, -0.01957, -0.05149)
 
 

leftHand(0.03526, 0.99786, -0.01957, -0.05149)
 
 

leftHand(0.03526, 0.99786, -0.01957, -0.05149)
 
 

leftHand(0.03526, 0.99786, -0.01957, -0.05149)
 
 

leftHand(0.03526, 0.99786, -0.01957, -0.05149)
 
 

leftHand(0.03526, 0.99786, -0.01957, -0.05149)
 
 

leftHand(0.03156, 0.99789, -0.01656, -0.05421)
 
 

leftHand(0.03156, 0.99789, -0.01656, -0.05421)
 
 

leftHand(0.03156, 0.99789, -0.01656, -0.05421)
 
 

leftHand(0.03156, 0.99789, -0.01656, -0.05421)
 
 

leftHand(0.03156, 0.99789, -0.01656, -0.05421)
 
 

leftHand(0.03156, 0.99789, -0.01656, -0.05421)
 
 

leftHand(0.03156, 0.99789, -0.01656, -0.05421)
 
 

leftHand(0.03156, 0.99789, -0.01656, -0.05421)
 
 

leftHand(0.02787, 0.99792, -0.01679, -0.05565)
 
 

leftHand(0.02787, 0.99792, -0.01679, -0.05565)
 
 

leftHand(0.02787, 0.99792, -0.01679, -0.05565)
 
 

leftHand(0.02787, 0.99792, -0.01679, -0.05565)
 
 

leftHand(0.02787, 0.99792, -0.01679, -0.05565)
 
 

leftHand(0.02787, 0.99792, -0.01679, -0.05565)
 
 

leftHand(0.02787, 0.99792, -0.01679, -0.05565)
 
 

leftHand(0.02787, 0.99792, -0.01679, -0.05565)
 
 

leftHand(0.02452, 0.99789, -0.01846, -0.05714)
 
 

leftHand(0.02452, 0.99789, -0.01846, -0.05714)
 
 

leftHand(0.02452, 0.99789, -0.01846, -0.05714)
 
 

leftHand(0.02452, 0.99789, -0.01846, -0.05714)
 
 

leftHand(0.02452, 0.99789, -0.01846, -0.05714)
 
 

leftHand(0.02452, 0.99789, -0.01846, -0.05714)
 
 

leftHand(0.02452, 0.99789, -0.01846, -0.05714)
 
 

leftHand(0.02452, 0.99789, -0.01846, -0.05714)
 
 

leftHand(0.02565, 0.99784, -0.01837, -0.05765)
 
 

leftHand(0.02565, 0.99784, -0.01837, -0.05765)
 
 

leftHand(0.02565, 0.99784, -0.01837, -0.05765)
 
 

leftHand(0.02565, 0.99784, -0.01837, -0.05765)
 
 

leftHand(0.02565, 0.99784, -0.01837, -0.05765)
 
 

leftHand(0.02565, 0.99784, -0.01837, -0.05765)
 
 

leftHand(0.02565, 0.99784, -0.01837, -0.05765)
 
 

leftHand(0.02565, 0.99784, -0.01837, -0.05765)
 
 

leftHand(0.02383, 0.99783, -0.01529, -0.05936)
 
 

leftHand(0.02383, 0.99783, -0.01529, -0.05936)
 
 

leftHand(0.02383, 0.99783, -0.01529, -0.05936)
 
 

leftHand(0.02383, 0.99783, -0.01529, -0.05936)
 
 

leftHand(0.02383, 0.99783, -0.01529, -0.05936)
 
 

leftHand(0.02383, 0.99783, -0.01529, -0.05936)
 
 

leftHand(0.02383, 0.99783, -0.01529, -0.05936)
 
 

leftHand(0.02383, 0.99783, -0.01529, -0.05936)
 
 

leftHand(0.02219, 0.99786, -0.01350, -0.05997)
 
 

leftHand(0.02219, 0.99786, -0.01350, -0.05997)
 
 

leftHand(0.02219, 0.99786, -0.01350, -0.05997)
 
 

leftHand(0.02219, 0.99786, -0.01350, -0.05997)
 
 

leftHand(0.02219, 0.99786, -0.01350, -0.05997)
 
 

leftHand(0.02219, 0.99786, -0.01350, -0.05997)
 
 

leftHand(0.02219, 0.99786, -0.01350, -0.05997)
 
 

leftHand(0.02219, 0.99786, -0.01350, -0.05997)
 
 

leftHand(0.01945, 0.99810, -0.01091, -0.05752)
 
 

leftHand(0.01945, 0.99810, -0.01091, -0.05752)
 
 

leftHand(0.01945, 0.99810, -0.01091, -0.05752)
 
 

leftHand(0.01945, 0.99810, -0.01091, -0.05752)
 
 

leftHand(0.01945, 0.99810, -0.01091, -0.05752)
 
 

leftHand(0.01945, 0.99810, -0.01091, -0.05752)
 
 

leftHand(0.01945, 0.99810, -0.01091, -0.05752)
 
 

leftHand(0.01945, 0.99810, -0.01091, -0.05752)
 
 

leftHand(0.01643, 0.99843, -0.00803, -0.05294)
 
 

leftHand(0.01643, 0.99843, -0.00803, -0.05294)
 
 

leftHand(0.01643, 0.99843, -0.00803, -0.05294)
 
 

leftHand(0.01643, 0.99843, -0.00803, -0.05294)
 
 

leftHand(0.01643, 0.99843, -0.00803, -0.05294)
 
 

leftHand(0.01643, 0.99843, -0.00803, -0.05294)
 
 

leftHand(0.01643, 0.99843, -0.00803, -0.05294)
 
 

leftHand(0.01643, 0.99843, -0.00803, -0.05294)
 
 

leftHand(0.01781, 0.99854, -0.00770, -0.05043)
 
 

leftHand(0.01781, 0.99854, -0.00770, -0.05043)
 
 

leftHand(0.01781, 0.99854, -0.00770, -0.05043)
 
 

leftHand(0.01781, 0.99854, -0.00770, -0.05043)
 
 

leftHand(0.01781, 0.99854, -0.00770, -0.05043)
 
 

leftHand(0.01781, 0.99854, -0.00770, -0.05043)
 
 

leftHand(0.01781, 0.99854, -0.00770, -0.05043)
 
 

leftHand(0.01781, 0.99854, -0.00770, -0.05043)
 
 

leftHand(0.02259, 0.99846, -0.00701, -0.05021)
 
 

leftHand(0.02259, 0.99846, -0.00701, -0.05021)
 
 

leftHand(0.02259, 0.99846, -0.00701, -0.05021)
 
 

leftHand(0.02259, 0.99846, -0.00701, -0.05021)
 
 

leftHand(0.02259, 0.99846, -0.00701, -0.05021)
 
 

leftHand(0.02259, 0.99846, -0.00701, -0.05021)
 
 

leftHand(0.02259, 0.99846, -0.00701, -0.05021)
 
 

leftHand(0.02259, 0.99846, -0.00701, -0.05021)
 
 

leftHand(0.02137, 0.99863, -0.00591, -0.04741)
 
 

leftHand(0.02137, 0.99863, -0.00591, -0.04741)
 
 

leftHand(0.02137, 0.99863, -0.00591, -0.04741)
 
 

leftHand(0.02137, 0.99863, -0.00591, -0.04741)
 
 

leftHand(0.02137, 0.99863, -0.00591, -0.04741)
 
 

leftHand(0.02137, 0.99863, -0.00591, -0.04741)
 
 

leftHand(0.02137, 0.99863, -0.00591, -0.04741)
 
 

leftHand(0.02137, 0.99863, -0.00591, -0.04741)
 
 

leftHand(0.01494, 0.99883, -0.00269, -0.04599)
 
 

leftHand(0.01494, 0.99883, -0.00269, -0.04599)
 
 

leftHand(0.01494, 0.99883, -0.00269, -0.04599)
 
 

leftHand(0.01494, 0.99883, -0.00269, -0.04599)
 
 

leftHand(0.01494, 0.99883, -0.00269, -0.04599)
 
 

leftHand(0.01494, 0.99883, -0.00269, -0.04599)
 
 

leftHand(0.01494, 0.99883, -0.00269, -0.04599)
 
 

leftHand(0.01494, 0.99883, -0.00269, -0.04599)
 
 

leftHand(0.01386, 0.99879, -0.00216, -0.04708)
 
 

leftHand(0.01386, 0.99879, -0.00216, -0.04708)
 
 

leftHand(0.01386, 0.99879, -0.00216, -0.04708)
 
 

leftHand(0.01386, 0.99879, -0.00216, -0.04708)
 
 

leftHand(0.01386, 0.99879, -0.00216, -0.04708)
 
 

leftHand(0.01386, 0.99879, -0.00216, -0.04708)
 
 

leftHand(0.01386, 0.99879, -0.00216, -0.04708)
 
 

leftHand(0.01386, 0.99879, -0.00216, -0.04708)
 
 

leftHand(0.01855, 0.99856, -0.00265, -0.05036)
 
 

leftHand(0.01855, 0.99856, -0.00265, -0.05036)
 
 

leftHand(0.01855, 0.99856, -0.00265, -0.05036)
 
 

leftHand(0.01855, 0.99856, -0.00265, -0.05036)
 
 

leftHand(0.01855, 0.99856, -0.00265, -0.05036)
 
 

leftHand(0.01855, 0.99856, -0.00265, -0.05036)
 
 

leftHand(0.01855, 0.99856, -0.00265, -0.05036)
 
 

leftHand(0.01855, 0.99856, -0.00265, -0.05036)
 
 

leftHand(0.02084, 0.99847, -0.00345, -0.05109)
 
 

leftHand(0.02084, 0.99847, -0.00345, -0.05109)
 
 

leftHand(0.02084, 0.99847, -0.00345, -0.05109)
 
 

leftHand(0.02084, 0.99847, -0.00345, -0.05109)
 
 

leftHand(0.02084, 0.99847, -0.00345, -0.05109)
 
 

leftHand(0.02084, 0.99847, -0.00345, -0.05109)
 
 

leftHand(0.02084, 0.99847, -0.00345, -0.05109)
 
 

leftHand(0.02084, 0.99847, -0.00345, -0.05109)
 
 

leftHand(0.01910, 0.99864, -0.00322, -0.04845)
 
 

leftHand(0.01910, 0.99864, -0.00322, -0.04845)
 
 

leftHand(0.01910, 0.99864, -0.00322, -0.04845)
 
 

leftHand(0.01910, 0.99864, -0.00322, -0.04845)
 
 

leftHand(0.01910, 0.99864, -0.00322, -0.04845)
 
 

leftHand(0.01910, 0.99864, -0.00322, -0.04845)
 
 

leftHand(0.01910, 0.99864, -0.00322, -0.04845)
 
 

leftHand(0.01910, 0.99864, -0.00322, -0.04845)
 
 

leftHand(0.01389, 0.99878, -0.00220, -0.04742)
 
 

leftHand(0.01389, 0.99878, -0.00220, -0.04742)
 
 

leftHand(0.01389, 0.99878, -0.00220, -0.04742)
 
 

leftHand(0.01389, 0.99878, -0.00220, -0.04742)
 
 

leftHand(0.01389, 0.99878, -0.00220, -0.04742)
 
 

leftHand(0.01389, 0.99878, -0.00220, -0.04742)
 
 

leftHand(0.01389, 0.99878, -0.00220, -0.04742)
 
 

leftHand(0.01389, 0.99878, -0.00220, -0.04742)
 
 

leftHand(0.01439, 0.99869, -0.00228, -0.04912)
 
 

leftHand(0.01439, 0.99869, -0.00228, -0.04912)
 
 

leftHand(0.01439, 0.99869, -0.00228, -0.04912)
 
 

leftHand(0.01439, 0.99869, -0.00228, -0.04912)
 
 

leftHand(0.01439, 0.99869, -0.00228, -0.04912)
 
 

leftHand(0.01439, 0.99869, -0.00228, -0.04912)
 
 

leftHand(0.01439, 0.99869, -0.00228, -0.04912)
 
 

leftHand(0.01439, 0.99869, -0.00228, -0.04912)
 
 

leftHand(0.01153, 0.99870, -0.00187, -0.04960)
 
 

leftHand(0.01153, 0.99870, -0.00187, -0.04960)
 
 

leftHand(0.01153, 0.99870, -0.00187, -0.04960)
 
 

leftHand(0.01153, 0.99870, -0.00187, -0.04960)
 
 

leftHand(0.01153, 0.99870, -0.00187, -0.04960)
 
 

leftHand(0.01153, 0.99870, -0.00187, -0.04960)
 
 

leftHand(0.01153, 0.99870, -0.00187, -0.04960)
 
 

leftHand(0.01153, 0.99870, -0.00187, -0.04960)
 
 

leftHand(0.00972, 0.99876, -0.00173, -0.04871)
 
 

leftHand(0.00972, 0.99876, -0.00173, -0.04871)
 
 

leftHand(0.00972, 0.99876, -0.00173, -0.04871)
 
 

leftHand(0.00972, 0.99876, -0.00173, -0.04871)
 
 

leftHand(0.00972, 0.99876, -0.00173, -0.04871)
 
 

leftHand(0.00972, 0.99876, -0.00173, -0.04871)
 
 

leftHand(0.00972, 0.99876, -0.00173, -0.04871)
 
 

leftHand(0.00972, 0.99876, -0.00173, -0.04871)
 
 

leftHand(0.00955, 0.99878, -0.00212, -0.04835)
 
 

leftHand(0.00955, 0.99878, -0.00212, -0.04835)
 
 

leftHand(0.00955, 0.99878, -0.00212, -0.04835)
 
 

leftHand(0.00955, 0.99878, -0.00212, -0.04835)
 
 

leftHand(0.00955, 0.99878, -0.00212, -0.04835)
 
 

leftHand(0.00955, 0.99878, -0.00212, -0.04835)
 
 

leftHand(0.00955, 0.99878, -0.00212, -0.04835)
 
 

leftHand(0.00955, 0.99878, -0.00212, -0.04835)
 
 

leftHand(0.01095, 0.99888, -0.00238, -0.04601)
 
 

leftHand(0.01095, 0.99888, -0.00238, -0.04601)
 
 

leftHand(0.01095, 0.99888, -0.00238, -0.04601)
 
 

leftHand(0.01095, 0.99888, -0.00238, -0.04601)
 
 

leftHand(0.01095, 0.99888, -0.00238, -0.04601)
 
 

leftHand(0.01095, 0.99888, -0.00238, -0.04601)
 
 

leftHand(0.01095, 0.99888, -0.00238, -0.04601)
 
 

leftHand(0.01095, 0.99888, -0.00238, -0.04601)
 
 

leftHand(0.00798, 0.99900, -0.00078, -0.04396)
 
 

leftHand(0.00798, 0.99900, -0.00078, -0.04396)
 
 

leftHand(0.00798, 0.99900, -0.00078, -0.04396)
 
 

leftHand(0.00798, 0.99900, -0.00078, -0.04396)
 
 

leftHand(0.00798, 0.99900, -0.00078, -0.04396)
 
 

leftHand(0.00798, 0.99900, -0.00078, -0.04396)
 
 

leftHand(0.00798, 0.99900, -0.00078, -0.04396)
 
 

leftHand(0.00798, 0.99900, -0.00078, -0.04396)
 
 

leftHand(0.00526, 0.99908, 0.00028, -0.04256)
 
 

leftHand(0.00526, 0.99908, 0.00028, -0.04256)
 
 

leftHand(0.00526, 0.99908, 0.00028, -0.04256)
 
 

leftHand(0.00526, 0.99908, 0.00028, -0.04256)
 
 

leftHand(0.00526, 0.99908, 0.00028, -0.04256)
 
 

leftHand(0.00526, 0.99908, 0.00028, -0.04256)
 
 

leftHand(0.00526, 0.99908, 0.00028, -0.04256)
 
 

leftHand(0.00526, 0.99908, 0.00028, -0.04256)
 
 

leftHand(0.00620, 0.99914, -0.00057, -0.04110)
 
 

leftHand(0.00620, 0.99914, -0.00057, -0.04110)
 
 

leftHand(0.00620, 0.99914, -0.00057, -0.04110)
 
 

leftHand(0.00620, 0.99914, -0.00057, -0.04110)
 
 

leftHand(0.00620, 0.99914, -0.00057, -0.04110)
 
 

leftHand(0.00620, 0.99914, -0.00057, -0.04110)
 
 

leftHand(0.00808, 0.99919, 0.00021, -0.03941)
 
 

leftHand(0.00808, 0.99919, 0.00021, -0.03941)
 
 

leftHand(0.00808, 0.99919, 0.00021, -0.03941)
 
 

leftHand(0.00808, 0.99919, 0.00021, -0.03941)
 
 

leftHand(0.00682, 0.99922, 0.00110, -0.03893)
 
 

leftHand(0.00682, 0.99922, 0.00110, -0.03893)
 
 

leftHand(0.00682, 0.99922, 0.00110, -0.03893)
 
 

leftHand(0.00682, 0.99922, 0.00110, -0.03893)
 
 

leftHand(0.00591, 0.99926, 0.00355, -0.03791)
 
 

leftHand(0.00591, 0.99926, 0.00355, -0.03791)
 
 

leftHand(0.00591, 0.99926, 0.00355, -0.03791)
 
 

leftHand(0.00591, 0.99926, 0.00355, -0.03791)
 
 

leftHand(0.00748, 0.99931, 0.00488, -0.03617)
 
 

leftHand(0.00748, 0.99931, 0.00488, -0.03617)
 
 

leftHand(0.00748, 0.99931, 0.00488, -0.03617)
 
 

leftHand(0.00748, 0.99931, 0.00488, -0.03617)
 
 

leftHand(0.00628, 0.99940, 0.00436, -0.03369)
 
 

leftHand(0.00628, 0.99940, 0.00436, -0.03369)
 
 

leftHand(-0.01876, 0.99977, -0.00273, -0.00978)
 
 

leftHand(-0.01876, 0.99977, -0.00273, -0.00978)
 
 

leftHand(-0.01697, 0.99978, -0.00209, -0.01202)
 
 

leftHand(-0.01697, 0.99978, -0.00209, -0.01202)
 
 

leftHand(-0.01697, 0.99978, -0.00209, -0.01202)
 
 

leftHand(-0.01697, 0.99978, -0.00209, -0.01202)
 
 

leftHand(-0.01207, 0.99980, 0.00070, -0.01569)
 
 

leftHand(-0.01207, 0.99980, 0.00070, -0.01569)
 
 

leftHand(-0.01207, 0.99980, 0.00070, -0.01569)
 
 

leftHand(-0.01207, 0.99980, 0.00070, -0.01569)
 
 

leftHand(-0.00996, 0.99980, 0.00280, -0.01696)
 
 

leftHand(-0.00996, 0.99980, 0.00280, -0.01696)
 
 

leftHand(-0.00996, 0.99980, 0.00280, -0.01696)
 
 

leftHand(-0.00996, 0.99980, 0.00280, -0.01696)
 
 

leftHand(-0.01150, 0.99978, 0.00349, -0.01703)
 
 

leftHand(-0.01150, 0.99978, 0.00349, -0.01703)
 
 

leftHand(-0.01150, 0.99978, 0.00349, -0.01703)
 
 

leftHand(-0.01150, 0.99978, 0.00349, -0.01703)
 
 

leftHand(-0.01532, 0.99971, 0.00382, -0.01813)
 
 

leftHand(-0.01532, 0.99971, 0.00382, -0.01813)
 
 

leftHand(-0.01532, 0.99971, 0.00382, -0.01813)
 
 

leftHand(-0.01532, 0.99971, 0.00382, -0.01813)
 
 

leftHand(-0.01532, 0.99971, 0.00382, -0.01813)
 
 

leftHand(-0.01532, 0.99971, 0.00382, -0.01813)
 
 

leftHand(-0.01937, 0.99965, 0.00171, -0.01798)
 
 

leftHand(-0.01937, 0.99965, 0.00171, -0.01798)
 
 

leftHand(-0.01937, 0.99965, 0.00171, -0.01798)
 
 

leftHand(-0.01937, 0.99965, 0.00171, -0.01798)
 
 

leftHand(-0.01937, 0.99965, 0.00171, -0.01798)
 
 

leftHand(-0.01937, 0.99965, 0.00171, -0.01798)
 
 

leftHand(-0.01937, 0.99965, 0.00171, -0.01798)
 
 

leftHand(-0.01937, 0.99965, 0.00171, -0.01798)
 
 

leftHand(-0.01949, 0.99965, -0.00092, -0.01775)
 
 

leftHand(-0.01949, 0.99965, -0.00092, -0.01775)
 
 

leftHand(-0.01949, 0.99965, -0.00092, -0.01775)
 
 

leftHand(-0.01949, 0.99965, -0.00092, -0.01775)
 
 

leftHand(-0.01949, 0.99965, -0.00092, -0.01775)
 
 

leftHand(-0.01949, 0.99965, -0.00092, -0.01775)
 
 

leftHand(-0.01949, 0.99965, -0.00092, -0.01775)
 
 

leftHand(-0.01949, 0.99965, -0.00092, -0.01775)
 
 

leftHand(-0.01918, 0.99965, -0.00103, -0.01810)
 
 

leftHand(-0.01918, 0.99965, -0.00103, -0.01810)
 
 

leftHand(-0.01918, 0.99965, -0.00103, -0.01810)
 
 

leftHand(-0.01918, 0.99965, -0.00103, -0.01810)
 
 

leftHand(-0.01918, 0.99965, -0.00103, -0.01810)
 
 

leftHand(-0.01918, 0.99965, -0.00103, -0.01810)
 
 

leftHand(-0.01918, 0.99965, -0.00103, -0.01810)
 
 

leftHand(-0.01918, 0.99965, -0.00103, -0.01810)
 
 

leftHand(-0.02090, 0.99959, 0.00103, -0.01957)
 
 

leftHand(-0.02090, 0.99959, 0.00103, -0.01957)
 
 

leftHand(-0.02090, 0.99959, 0.00103, -0.01957)
 
 

leftHand(-0.02090, 0.99959, 0.00103, -0.01957)
 
 

leftHand(-0.02090, 0.99959, 0.00103, -0.01957)
 
 

leftHand(-0.02090, 0.99959, 0.00103, -0.01957)
 
 

leftHand(-0.02090, 0.99959, 0.00103, -0.01957)
 
 

leftHand(-0.02090, 0.99959, 0.00103, -0.01957)
 
 

leftHand(-0.01826, 0.99963, 0.00390, -0.01970)
 
 

leftHand(-0.01826, 0.99963, 0.00390, -0.01970)
 
 

leftHand(-0.01826, 0.99963, 0.00390, -0.01970)
 
 

leftHand(-0.01826, 0.99963, 0.00390, -0.01970)
 
 

leftHand(-0.01826, 0.99963, 0.00390, -0.01970)
 
 

leftHand(-0.01826, 0.99963, 0.00390, -0.01970)
 
 

leftHand(-0.01826, 0.99963, 0.00390, -0.01970)
 
 

leftHand(-0.01826, 0.99963, 0.00390, -0.01970)
 
 

leftHand(-0.01788, 0.99958, 0.00508, -0.02216)
 
 

leftHand(-0.01788, 0.99958, 0.00508, -0.02216)
 
 

leftHand(-0.01788, 0.99958, 0.00508, -0.02216)
 
 

leftHand(-0.01788, 0.99958, 0.00508, -0.02216)
 
 

leftHand(-0.01788, 0.99958, 0.00508, -0.02216)
 
 

leftHand(-0.01788, 0.99958, 0.00508, -0.02216)
 
 

leftHand(-0.01788, 0.99958, 0.00508, -0.02216)
 
 

leftHand(-0.01788, 0.99958, 0.00508, -0.02216)
 
 

leftHand(-0.02106, 0.99950, 0.00509, -0.02287)
 
 

leftHand(-0.02106, 0.99950, 0.00509, -0.02287)
 
 

leftHand(-0.02106, 0.99950, 0.00509, -0.02287)
 
 

leftHand(-0.02106, 0.99950, 0.00509, -0.02287)
 
 

leftHand(-0.02106, 0.99950, 0.00509, -0.02287)
 
 

leftHand(-0.02106, 0.99950, 0.00509, -0.02287)
 
 

leftHand(-0.02106, 0.99950, 0.00509, -0.02287)
 
 

leftHand(-0.02106, 0.99950, 0.00509, -0.02287)
 
 

leftHand(-0.02110, 0.99952, 0.00515, -0.02201)
 
 

leftHand(-0.02110, 0.99952, 0.00515, -0.02201)
 
 

leftHand(-0.02110, 0.99952, 0.00515, -0.02201)
 
 

leftHand(-0.02110, 0.99952, 0.00515, -0.02201)
 
 

leftHand(-0.02110, 0.99952, 0.00515, -0.02201)
 
 

leftHand(-0.02110, 0.99952, 0.00515, -0.02201)
 
 

leftHand(-0.02110, 0.99952, 0.00515, -0.02201)
 
 

leftHand(-0.02110, 0.99952, 0.00515, -0.02201)
 
 

leftHand(-0.02019, 0.99953, 0.00645, -0.02217)
 
 

leftHand(-0.02019, 0.99953, 0.00645, -0.02217)
 
 

leftHand(-0.02019, 0.99953, 0.00645, -0.02217)
 
 

leftHand(-0.02019, 0.99953, 0.00645, -0.02217)
 
 

leftHand(-0.02019, 0.99953, 0.00645, -0.02217)
 
 

leftHand(-0.02019, 0.99953, 0.00645, -0.02217)
 
 

leftHand(-0.02019, 0.99953, 0.00645, -0.02217)
 
 

leftHand(-0.02019, 0.99953, 0.00645, -0.02217)
 
 

leftHand(-0.02086, 0.99938, 0.01041, -0.02636)
 
 

leftHand(-0.02086, 0.99938, 0.01041, -0.02636)
 
 

leftHand(-0.02086, 0.99938, 0.01041, -0.02636)
 
 

leftHand(-0.02086, 0.99938, 0.01041, -0.02636)
 
 

leftHand(-0.02086, 0.99938, 0.01041, -0.02636)
 
 

leftHand(-0.02086, 0.99938, 0.01041, -0.02636)
 
 

leftHand(-0.02086, 0.99938, 0.01041, -0.02636)
 
 

leftHand(-0.02086, 0.99938, 0.01041, -0.02636)
 
 

leftHand(-0.02042, 0.99930, 0.01339, -0.02849)
 
 

leftHand(-0.02042, 0.99930, 0.01339, -0.02849)
 
 

leftHand(-0.02042, 0.99930, 0.01339, -0.02849)
 
 

leftHand(-0.02042, 0.99930, 0.01339, -0.02849)
 
 

leftHand(-0.02042, 0.99930, 0.01339, -0.02849)
 
 

leftHand(-0.02042, 0.99930, 0.01339, -0.02849)
 
 

leftHand(-0.02042, 0.99930, 0.01339, -0.02849)
 
 

leftHand(-0.02042, 0.99930, 0.01339, -0.02849)
 
 

leftHand(-0.01706, 0.99932, 0.01496, -0.02901)
 
 

leftHand(-0.01706, 0.99932, 0.01496, -0.02901)
 
 

leftHand(-0.01706, 0.99932, 0.01496, -0.02901)
 
 

leftHand(-0.01706, 0.99932, 0.01496, -0.02901)
 
 

leftHand(-0.01706, 0.99932, 0.01496, -0.02901)
 
 

leftHand(-0.01706, 0.99932, 0.01496, -0.02901)
 
 

leftHand(-0.01706, 0.99932, 0.01496, -0.02901)
 
 

leftHand(-0.01706, 0.99932, 0.01496, -0.02901)
 
 

leftHand(-0.01518, 0.99932, 0.01629, -0.02929)
 
 

leftHand(-0.01518, 0.99932, 0.01629, -0.02929)
 
 

leftHand(-0.01518, 0.99932, 0.01629, -0.02929)
 
 

leftHand(-0.01518, 0.99932, 0.01629, -0.02929)
 
 

leftHand(-0.01518, 0.99932, 0.01629, -0.02929)
 
 

leftHand(-0.01518, 0.99932, 0.01629, -0.02929)
 
 

leftHand(-0.01518, 0.99932, 0.01629, -0.02929)
 
 

leftHand(-0.01518, 0.99932, 0.01629, -0.02929)
 
 

leftHand(-0.01525, 0.99926, 0.01981, -0.02911)
 
 

leftHand(-0.01525, 0.99926, 0.01981, -0.02911)
 
 

leftHand(-0.01525, 0.99926, 0.01981, -0.02911)
 
 

leftHand(-0.01525, 0.99926, 0.01981, -0.02911)
 
 

leftHand(-0.01525, 0.99926, 0.01981, -0.02911)
 
 

leftHand(-0.01525, 0.99926, 0.01981, -0.02911)
 
 

leftHand(-0.01525, 0.99926, 0.01981, -0.02911)
 
 

leftHand(-0.01525, 0.99926, 0.01981, -0.02911)
 
 

leftHand(-0.01807, 0.99923, 0.02278, -0.02641)
 
 

leftHand(-0.01807, 0.99923, 0.02278, -0.02641)
 
 

leftHand(-0.01807, 0.99923, 0.02278, -0.02641)
 
 

leftHand(-0.01807, 0.99923, 0.02278, -0.02641)
 
 

leftHand(-0.01807, 0.99923, 0.02278, -0.02641)
 
 

leftHand(-0.01807, 0.99923, 0.02278, -0.02641)
 
 

leftHand(-0.01807, 0.99923, 0.02278, -0.02641)
 
 

leftHand(-0.01807, 0.99923, 0.02278, -0.02641)
 
 

leftHand(-0.01673, 0.99926, 0.02436, -0.02457)
 
 

leftHand(-0.01673, 0.99926, 0.02436, -0.02457)
 
 

leftHand(-0.01673, 0.99926, 0.02436, -0.02457)
 
 

leftHand(-0.01673, 0.99926, 0.02436, -0.02457)
 
 

leftHand(-0.01673, 0.99926, 0.02436, -0.02457)
 
 

leftHand(-0.01673, 0.99926, 0.02436, -0.02457)
 
 

leftHand(-0.01673, 0.99926, 0.02436, -0.02457)
 
 

leftHand(-0.01673, 0.99926, 0.02436, -0.02457)
 
 

leftHand(-0.01788, 0.99926, 0.02502, -0.02326)
 
 

leftHand(-0.01788, 0.99926, 0.02502, -0.02326)
 
 

leftHand(-0.01788, 0.99926, 0.02502, -0.02326)
 
 

leftHand(-0.01788, 0.99926, 0.02502, -0.02326)
 
 

leftHand(-0.01788, 0.99926, 0.02502, -0.02326)
 
 

leftHand(-0.01788, 0.99926, 0.02502, -0.02326)
 
 

leftHand(-0.01788, 0.99926, 0.02502, -0.02326)
 
 

leftHand(-0.01788, 0.99926, 0.02502, -0.02326)
 
 

leftHand(-0.01958, 0.99923, 0.02520, -0.02275)
 
 

leftHand(-0.01958, 0.99923, 0.02520, -0.02275)
 
 

leftHand(-0.01958, 0.99923, 0.02520, -0.02275)
 
 

leftHand(-0.01958, 0.99923, 0.02520, -0.02275)
 
 

leftHand(-0.01958, 0.99923, 0.02520, -0.02275)
 
 

leftHand(-0.01958, 0.99923, 0.02520, -0.02275)
 
 

leftHand(-0.01958, 0.99923, 0.02520, -0.02275)
 
 

leftHand(-0.01958, 0.99923, 0.02520, -0.02275)
 
 

leftHand(-0.02119, 0.99918, 0.02511, -0.02363)
 
 

leftHand(-0.02119, 0.99918, 0.02511, -0.02363)
 
 

leftHand(-0.02119, 0.99918, 0.02511, -0.02363)
 
 

leftHand(-0.02119, 0.99918, 0.02511, -0.02363)
 
 

leftHand(-0.02119, 0.99918, 0.02511, -0.02363)
 
 

leftHand(-0.02119, 0.99918, 0.02511, -0.02363)
 
 

leftHand(-0.02119, 0.99918, 0.02511, -0.02363)
 
 

leftHand(-0.02119, 0.99918, 0.02511, -0.02363)
 
 

leftHand(-0.01969, 0.99915, 0.02468, -0.02640)
 
 

leftHand(-0.01969, 0.99915, 0.02468, -0.02640)
 
 

leftHand(-0.01969, 0.99915, 0.02468, -0.02640)
 
 

leftHand(-0.01969, 0.99915, 0.02468, -0.02640)
 
 

leftHand(-0.01969, 0.99915, 0.02468, -0.02640)
 
 

leftHand(-0.01969, 0.99915, 0.02468, -0.02640)
 
 

leftHand(-0.01969, 0.99915, 0.02468, -0.02640)
 
 

leftHand(-0.01969, 0.99915, 0.02468, -0.02640)
 
 

leftHand(-0.01584, 0.99915, 0.02506, -0.02881)
 
 

leftHand(-0.01584, 0.99915, 0.02506, -0.02881)
 
 

leftHand(-0.01584, 0.99915, 0.02506, -0.02881)
 
 

leftHand(-0.01584, 0.99915, 0.02506, -0.02881)
 
 

leftHand(-0.01584, 0.99915, 0.02506, -0.02881)
 
 

leftHand(-0.01584, 0.99915, 0.02506, -0.02881)
 
 

leftHand(-0.01584, 0.99915, 0.02506, -0.02881)
 
 

leftHand(-0.01584, 0.99915, 0.02506, -0.02881)
 
 

leftHand(-0.01679, 0.99911, 0.02523, -0.02943)
 
 

leftHand(-0.01679, 0.99911, 0.02523, -0.02943)
 
 

leftHand(-0.01679, 0.99911, 0.02523, -0.02943)
 
 

leftHand(-0.01679, 0.99911, 0.02523, -0.02943)
 
 

leftHand(-0.01679, 0.99911, 0.02523, -0.02943)
 
 

leftHand(-0.01679, 0.99911, 0.02523, -0.02943)
 
 

leftHand(-0.01679, 0.99911, 0.02523, -0.02943)
 
 

leftHand(-0.01679, 0.99911, 0.02523, -0.02943)
 
 

leftHand(-0.01816, 0.99912, 0.02493, -0.02845)
 
 

leftHand(-0.01816, 0.99912, 0.02493, -0.02845)
 
 

leftHand(-0.01816, 0.99912, 0.02493, -0.02845)
 
 

leftHand(-0.01816, 0.99912, 0.02493, -0.02845)
 
 

leftHand(-0.01816, 0.99912, 0.02493, -0.02845)
 
 

leftHand(-0.01816, 0.99912, 0.02493, -0.02845)
 
 

leftHand(-0.01816, 0.99912, 0.02493, -0.02845)
 
 

leftHand(-0.01816, 0.99912, 0.02493, -0.02845)
 
 

leftHand(-0.01498, 0.99918, 0.02499, -0.02815)
 
 

leftHand(-0.01498, 0.99918, 0.02499, -0.02815)
 
 

leftHand(-0.01498, 0.99918, 0.02499, -0.02815)
 
 

leftHand(-0.01498, 0.99918, 0.02499, -0.02815)
 
 

leftHand(-0.01498, 0.99918, 0.02499, -0.02815)
 
 

leftHand(-0.01498, 0.99918, 0.02499, -0.02815)
 
 

leftHand(-0.01498, 0.99918, 0.02499, -0.02815)
 
 

leftHand(-0.01498, 0.99918, 0.02499, -0.02815)
 
 

leftHand(-0.01047, 0.99923, 0.02530, -0.02815)
 
 

leftHand(-0.01047, 0.99923, 0.02530, -0.02815)
 
 

leftHand(-0.01047, 0.99923, 0.02530, -0.02815)
 
 

leftHand(-0.01047, 0.99923, 0.02530, -0.02815)
 
 

leftHand(-0.01047, 0.99923, 0.02530, -0.02815)
 
 

leftHand(-0.01047, 0.99923, 0.02530, -0.02815)
 
 

leftHand(-0.01047, 0.99923, 0.02530, -0.02815)
 
 

leftHand(-0.01047, 0.99923, 0.02530, -0.02815)
 
 

leftHand(-0.01594, 0.99925, 0.02335, -0.02660)
 
 

leftHand(-0.01594, 0.99925, 0.02335, -0.02660)
 
 

leftHand(-0.01594, 0.99925, 0.02335, -0.02660)
 
 

leftHand(-0.01594, 0.99925, 0.02335, -0.02660)
 
 

leftHand(-0.01594, 0.99925, 0.02335, -0.02660)
 
 

leftHand(-0.01594, 0.99925, 0.02335, -0.02660)
 
 

leftHand(-0.01594, 0.99925, 0.02335, -0.02660)
 
 

leftHand(-0.01594, 0.99925, 0.02335, -0.02660)
 
 

leftHand(-0.01765, 0.99924, 0.02265, -0.02631)
 
 

leftHand(-0.01765, 0.99924, 0.02265, -0.02631)
 
 

leftHand(-0.01765, 0.99924, 0.02265, -0.02631)
 
 

leftHand(-0.01765, 0.99924, 0.02265, -0.02631)
 
 

leftHand(-0.01765, 0.99924, 0.02265, -0.02631)
 
 

leftHand(-0.01765, 0.99924, 0.02265, -0.02631)
 
 

leftHand(-0.01765, 0.99924, 0.02265, -0.02631)
 
 

leftHand(-0.01765, 0.99924, 0.02265, -0.02631)
 
 

leftHand(-0.01577, 0.99924, 0.02235, -0.02788)
 
 

leftHand(-0.01577, 0.99924, 0.02235, -0.02788)
 
 

leftHand(-0.01577, 0.99924, 0.02235, -0.02788)
 
 

leftHand(-0.01577, 0.99924, 0.02235, -0.02788)
 
 

leftHand(-0.01577, 0.99924, 0.02235, -0.02788)
 
 

leftHand(-0.01577, 0.99924, 0.02235, -0.02788)
 
 

leftHand(-0.01577, 0.99924, 0.02235, -0.02788)
 
 

leftHand(-0.01577, 0.99924, 0.02235, -0.02788)
 
 

leftHand(-0.01695, 0.99917, 0.02250, -0.02954)
 
 

leftHand(-0.01695, 0.99917, 0.02250, -0.02954)
 
 

leftHand(-0.01695, 0.99917, 0.02250, -0.02954)
 
 

leftHand(-0.01695, 0.99917, 0.02250, -0.02954)
 
 

leftHand(-0.01695, 0.99917, 0.02250, -0.02954)
 
 

leftHand(-0.01695, 0.99917, 0.02250, -0.02954)
 
 

leftHand(-0.02161, 0.99912, 0.02106, -0.02901)
 
 

leftHand(-0.02161, 0.99912, 0.02106, -0.02901)
 
 

leftHand(-0.02161, 0.99912, 0.02106, -0.02901)
 
 

leftHand(-0.02161, 0.99912, 0.02106, -0.02901)
 
 

leftHand(-0.01697, 0.99922, 0.02143, -0.02855)
 
 

leftHand(-0.01697, 0.99922, 0.02143, -0.02855)
 
 

leftHand(-0.01697, 0.99922, 0.02143, -0.02855)
 
 

leftHand(-0.01697, 0.99922, 0.02143, -0.02855)
 
 

leftHand(-0.01254, 0.99927, 0.02299, -0.02781)
 
 

leftHand(-0.01254, 0.99927, 0.02299, -0.02781)
 
 

leftHand(-0.01254, 0.99927, 0.02299, -0.02781)
 
 

leftHand(-0.01254, 0.99927, 0.02299, -0.02781)
 
 

leftHand(-0.01413, 0.99924, 0.02412, -0.02713)
 
 

leftHand(-0.01413, 0.99924, 0.02412, -0.02713)
 
 

leftHand(-0.01413, 0.99924, 0.02412, -0.02713)
 
 

leftHand(-0.01413, 0.99924, 0.02412, -0.02713)
 
 

leftHand(-0.01862, 0.99916, 0.02417, -0.02725)
 
 

leftHand(-0.01862, 0.99916, 0.02417, -0.02725)
 
 

leftHand(-0.01862, 0.99916, 0.02417, -0.02725)
 
 

leftHand(-0.01862, 0.99916, 0.02417, -0.02725)
 
 

leftHand(-0.01849, 0.99915, 0.02199, -0.02962)
 
 

leftHand(-0.01849, 0.99915, 0.02199, -0.02962)
 
 

leftHand(-0.01839, 0.99907, 0.02060, -0.03325)
 
 

leftHand(-0.01839, 0.99907, 0.02060, -0.03325)
 
 

leftHand(-0.02174, 0.99849, 0.02633, -0.04315)
 
 

leftHand(-0.02174, 0.99849, 0.02633, -0.04315)
 
 

leftHand(-0.02196, 0.99841, 0.02624, -0.04482)
 
 

leftHand(-0.02196, 0.99841, 0.02624, -0.04482)
 
 

leftHand(-0.02325, 0.99835, 0.02636, -0.04550)
 
 

leftHand(-0.02325, 0.99835, 0.02636, -0.04550)
 
 

leftHand(-0.02325, 0.99835, 0.02636, -0.04550)
 
 

leftHand(-0.02325, 0.99835, 0.02636, -0.04550)
 
 

leftHand(-0.02479, 0.99830, 0.02755, -0.04505)
 
 

leftHand(-0.02479, 0.99830, 0.02755, -0.04505)
 
 

leftHand(-0.02479, 0.99830, 0.02755, -0.04505)
 
 

leftHand(-0.02479, 0.99830, 0.02755, -0.04505)
 
 

leftHand(-0.02219, 0.99824, 0.02994, -0.04609)
 
 

leftHand(-0.02219, 0.99824, 0.02994, -0.04609)
 
 

leftHand(-0.02219, 0.99824, 0.02994, -0.04609)
 
 

leftHand(-0.02219, 0.99824, 0.02994, -0.04609)
 
 

leftHand(-0.02257, 0.99823, 0.03054, -0.04570)
 
 

leftHand(-0.02257, 0.99823, 0.03054, -0.04570)
 
 

leftHand(-0.02257, 0.99823, 0.03054, -0.04570)
 
 

leftHand(-0.02257, 0.99823, 0.03054, -0.04570)
 
 

leftHand(-0.02469, 0.99824, 0.03083, -0.04432)
 
 

leftHand(-0.02469, 0.99824, 0.03083, -0.04432)
 
 

leftHand(-0.02469, 0.99824, 0.03083, -0.04432)
 
 

leftHand(-0.02469, 0.99824, 0.03083, -0.04432)
 
 

leftHand(-0.02423, 0.99823, 0.03081, -0.04479)
 
 

leftHand(-0.02423, 0.99823, 0.03081, -0.04479)
 
 

leftHand(-0.02423, 0.99823, 0.03081, -0.04479)
 
 

leftHand(-0.02423, 0.99823, 0.03081, -0.04479)
 
 

leftHand(-0.02423, 0.99823, 0.03081, -0.04479)
 
 

leftHand(-0.02423, 0.99823, 0.03081, -0.04479)
 
 

leftHand(-0.02176, 0.99820, 0.03142, -0.04623)
 
 

leftHand(-0.02176, 0.99820, 0.03142, -0.04623)
 
 

leftHand(-0.02176, 0.99820, 0.03142, -0.04623)
 
 

leftHand(-0.02176, 0.99820, 0.03142, -0.04623)
 
 

leftHand(-0.02176, 0.99820, 0.03142, -0.04623)
 
 

leftHand(-0.02176, 0.99820, 0.03142, -0.04623)
 
 

leftHand(-0.02176, 0.99820, 0.03142, -0.04623)
 
 

leftHand(-0.02176, 0.99820, 0.03142, -0.04623)
 
 

leftHand(-0.02118, 0.99822, 0.03117, -0.04613)
 
 

leftHand(-0.02118, 0.99822, 0.03117, -0.04613)
 
 

leftHand(-0.02118, 0.99822, 0.03117, -0.04613)
 
 

leftHand(-0.02118, 0.99822, 0.03117, -0.04613)
 
 

leftHand(-0.02118, 0.99822, 0.03117, -0.04613)
 
 

leftHand(-0.02118, 0.99822, 0.03117, -0.04613)
 
 

leftHand(-0.02118, 0.99822, 0.03117, -0.04613)
 
 

leftHand(-0.02118, 0.99822, 0.03117, -0.04613)
 
 

leftHand(-0.02069, 0.99825, 0.03118, -0.04572)
 
 

leftHand(-0.02069, 0.99825, 0.03118, -0.04572)
 
 

leftHand(-0.02069, 0.99825, 0.03118, -0.04572)
 
 

leftHand(-0.02069, 0.99825, 0.03118, -0.04572)
 
 

leftHand(-0.02069, 0.99825, 0.03118, -0.04572)
 
 

leftHand(-0.02069, 0.99825, 0.03118, -0.04572)
 
 

leftHand(-0.02069, 0.99825, 0.03118, -0.04572)
 
 

leftHand(-0.02069, 0.99825, 0.03118, -0.04572)
 
 

leftHand(-0.02088, 0.99818, 0.03251, -0.04630)
 
 

leftHand(-0.02088, 0.99818, 0.03251, -0.04630)
 
 

leftHand(-0.02088, 0.99818, 0.03251, -0.04630)
 
 

leftHand(-0.02088, 0.99818, 0.03251, -0.04630)
 
 

leftHand(-0.02088, 0.99818, 0.03251, -0.04630)
 
 

leftHand(-0.02088, 0.99818, 0.03251, -0.04630)
 
 

leftHand(-0.02088, 0.99818, 0.03251, -0.04630)
 
 

leftHand(-0.02088, 0.99818, 0.03251, -0.04630)
 
 

leftHand(-0.02190, 0.99811, 0.03334, -0.04671)
 
 

leftHand(-0.02190, 0.99811, 0.03334, -0.04671)
 
 

leftHand(-0.02190, 0.99811, 0.03334, -0.04671)
 
 

leftHand(-0.02190, 0.99811, 0.03334, -0.04671)
 
 

leftHand(-0.02190, 0.99811, 0.03334, -0.04671)
 
 

leftHand(-0.02190, 0.99811, 0.03334, -0.04671)
 
 

leftHand(-0.02190, 0.99811, 0.03334, -0.04671)
 
 

leftHand(-0.02190, 0.99811, 0.03334, -0.04671)
 
 

leftHand(-0.02319, 0.99814, 0.03210, -0.04632)
 
 

leftHand(-0.02319, 0.99814, 0.03210, -0.04632)
 
 

leftHand(-0.02319, 0.99814, 0.03210, -0.04632)
 
 

leftHand(-0.02319, 0.99814, 0.03210, -0.04632)
 
 

leftHand(-0.02319, 0.99814, 0.03210, -0.04632)
 
 

leftHand(-0.02319, 0.99814, 0.03210, -0.04632)
 
 

leftHand(-0.02319, 0.99814, 0.03210, -0.04632)
 
 

leftHand(-0.02319, 0.99814, 0.03210, -0.04632)
 
 

leftHand(-0.02725, 0.99810, 0.03091, -0.04572)
 
 

leftHand(-0.02725, 0.99810, 0.03091, -0.04572)
 
 

leftHand(-0.02725, 0.99810, 0.03091, -0.04572)
 
 

leftHand(-0.02725, 0.99810, 0.03091, -0.04572)
 
 

leftHand(-0.02725, 0.99810, 0.03091, -0.04572)
 
 

leftHand(-0.02725, 0.99810, 0.03091, -0.04572)
 
 

leftHand(-0.02725, 0.99810, 0.03091, -0.04572)
 
 

leftHand(-0.02725, 0.99810, 0.03091, -0.04572)
 
 

leftHand(-0.02636, 0.99806, 0.03221, -0.04635)
 
 

leftHand(-0.02636, 0.99806, 0.03221, -0.04635)
 
 

leftHand(-0.02636, 0.99806, 0.03221, -0.04635)
 
 

leftHand(-0.02636, 0.99806, 0.03221, -0.04635)
 
 

leftHand(-0.02636, 0.99806, 0.03221, -0.04635)
 
 

leftHand(-0.02636, 0.99806, 0.03221, -0.04635)
 
 

leftHand(-0.02636, 0.99806, 0.03221, -0.04635)
 
 

leftHand(-0.02636, 0.99806, 0.03221, -0.04635)
 
 

leftHand(-0.02132, 0.99811, 0.03311, -0.04708)
 
 

leftHand(-0.02132, 0.99811, 0.03311, -0.04708)
 
 

leftHand(-0.02132, 0.99811, 0.03311, -0.04708)
 
 

leftHand(-0.02132, 0.99811, 0.03311, -0.04708)
 
 

leftHand(-0.02132, 0.99811, 0.03311, -0.04708)
 
 

leftHand(-0.02132, 0.99811, 0.03311, -0.04708)
 
 

leftHand(-0.02132, 0.99811, 0.03311, -0.04708)
 
 

leftHand(-0.02132, 0.99811, 0.03311, -0.04708)
 
 

leftHand(-0.02190, 0.99806, 0.03459, -0.04687)
 
 

leftHand(-0.02190, 0.99806, 0.03459, -0.04687)
 
 

leftHand(-0.02190, 0.99806, 0.03459, -0.04687)
 
 

leftHand(-0.02190, 0.99806, 0.03459, -0.04687)
 
 

leftHand(-0.02190, 0.99806, 0.03459, -0.04687)
 
 

leftHand(-0.02190, 0.99806, 0.03459, -0.04687)
 
 

leftHand(-0.02190, 0.99806, 0.03459, -0.04687)
 
 

leftHand(-0.02190, 0.99806, 0.03459, -0.04687)
 
 

leftHand(-0.02310, 0.99807, 0.03468, -0.04613)
 
 

leftHand(-0.02310, 0.99807, 0.03468, -0.04613)
 
 

leftHand(-0.02310, 0.99807, 0.03468, -0.04613)
 
 

leftHand(-0.02310, 0.99807, 0.03468, -0.04613)
 
 

leftHand(-0.02310, 0.99807, 0.03468, -0.04613)
 
 

leftHand(-0.02310, 0.99807, 0.03468, -0.04613)
 
 

leftHand(-0.02310, 0.99807, 0.03468, -0.04613)
 
 

leftHand(-0.02310, 0.99807, 0.03468, -0.04613)
 
 

leftHand(-0.01985, 0.99815, 0.03521, -0.04549)
 
 

leftHand(-0.01985, 0.99815, 0.03521, -0.04549)
 
 

leftHand(-0.01985, 0.99815, 0.03521, -0.04549)
 
 

leftHand(-0.01985, 0.99815, 0.03521, -0.04549)
 
 

leftHand(-0.01985, 0.99815, 0.03521, -0.04549)
 
 

leftHand(-0.01985, 0.99815, 0.03521, -0.04549)
 
 

leftHand(-0.01985, 0.99815, 0.03521, -0.04549)
 
 

leftHand(-0.01985, 0.99815, 0.03521, -0.04549)
 
 

leftHand(-0.01990, 0.99813, 0.03560, -0.04559)
 
 

leftHand(-0.01990, 0.99813, 0.03560, -0.04559)
 
 

leftHand(-0.01990, 0.99813, 0.03560, -0.04559)
 
 

leftHand(-0.01990, 0.99813, 0.03560, -0.04559)
 
 

leftHand(-0.01990, 0.99813, 0.03560, -0.04559)
 
 

leftHand(-0.01990, 0.99813, 0.03560, -0.04559)
 
 

leftHand(-0.01990, 0.99813, 0.03560, -0.04559)
 
 

leftHand(-0.01990, 0.99813, 0.03560, -0.04559)
 
 

leftHand(-0.02268, 0.99802, 0.03682, -0.04573)
 
 

leftHand(-0.02268, 0.99802, 0.03682, -0.04573)
 
 

leftHand(-0.02268, 0.99802, 0.03682, -0.04573)
 
 

leftHand(-0.02268, 0.99802, 0.03682, -0.04573)
 
 

leftHand(-0.02268, 0.99802, 0.03682, -0.04573)
 
 

leftHand(-0.02268, 0.99802, 0.03682, -0.04573)
 
 

leftHand(-0.02268, 0.99802, 0.03682, -0.04573)
 
 

leftHand(-0.02268, 0.99802, 0.03682, -0.04573)
 
 

leftHand(-0.02321, 0.99800, 0.03726, -0.04555)
 
 

leftHand(-0.02321, 0.99800, 0.03726, -0.04555)
 
 

leftHand(-0.02321, 0.99800, 0.03726, -0.04555)
 
 

leftHand(-0.02321, 0.99800, 0.03726, -0.04555)
 
 

leftHand(-0.02321, 0.99800, 0.03726, -0.04555)
 
 

leftHand(-0.02321, 0.99800, 0.03726, -0.04555)
 
 

leftHand(-0.02321, 0.99800, 0.03726, -0.04555)
 
 

leftHand(-0.02321, 0.99800, 0.03726, -0.04555)
 
 

leftHand(-0.02026, 0.99802, 0.03817, -0.04560)
 
 

leftHand(-0.02026, 0.99802, 0.03817, -0.04560)
 
 

leftHand(-0.02026, 0.99802, 0.03817, -0.04560)
 
 

leftHand(-0.02026, 0.99802, 0.03817, -0.04560)
 
 

leftHand(-0.02026, 0.99802, 0.03817, -0.04560)
 
 

leftHand(-0.02026, 0.99802, 0.03817, -0.04560)
 
 

leftHand(-0.02026, 0.99802, 0.03817, -0.04560)
 
 

leftHand(-0.02026, 0.99802, 0.03817, -0.04560)
 
 

leftHand(-0.02117, 0.99801, 0.03766, -0.04596)
 
 

leftHand(-0.02117, 0.99801, 0.03766, -0.04596)
 
 

leftHand(-0.02117, 0.99801, 0.03766, -0.04596)
 
 

leftHand(-0.02117, 0.99801, 0.03766, -0.04596)
 
 

leftHand(-0.02117, 0.99801, 0.03766, -0.04596)
 
 

leftHand(-0.02117, 0.99801, 0.03766, -0.04596)
 
 

leftHand(-0.02117, 0.99801, 0.03766, -0.04596)
 
 

leftHand(-0.02117, 0.99801, 0.03766, -0.04596)
 
 

leftHand(-0.02508, 0.99792, 0.03718, -0.04632)
 
 

leftHand(-0.02508, 0.99792, 0.03718, -0.04632)
 
 

leftHand(-0.02508, 0.99792, 0.03718, -0.04632)
 
 

leftHand(-0.02508, 0.99792, 0.03718, -0.04632)
 
 

leftHand(-0.02508, 0.99792, 0.03718, -0.04632)
 
 

leftHand(-0.02508, 0.99792, 0.03718, -0.04632)
 
 

leftHand(-0.02508, 0.99792, 0.03718, -0.04632)
 
 

leftHand(-0.02508, 0.99792, 0.03718, -0.04632)
 
 

leftHand(-0.02292, 0.99793, 0.03777, -0.04668)
 
 

leftHand(-0.02292, 0.99793, 0.03777, -0.04668)
 
 

leftHand(-0.02292, 0.99793, 0.03777, -0.04668)
 
 

leftHand(-0.02292, 0.99793, 0.03777, -0.04668)
 
 

leftHand(-0.02292, 0.99793, 0.03777, -0.04668)
 
 

leftHand(-0.02292, 0.99793, 0.03777, -0.04668)
 
 

leftHand(-0.02292, 0.99793, 0.03777, -0.04668)
 
 

leftHand(-0.02292, 0.99793, 0.03777, -0.04668)
 
 

leftHand(-0.01911, 0.99791, 0.03868, -0.04805)
 
 

leftHand(-0.01911, 0.99791, 0.03868, -0.04805)
 
 

leftHand(-0.01911, 0.99791, 0.03868, -0.04805)
 
 

leftHand(-0.01911, 0.99791, 0.03868, -0.04805)
 
 

leftHand(-0.01911, 0.99791, 0.03868, -0.04805)
 
 

leftHand(-0.01911, 0.99791, 0.03868, -0.04805)
 
 

leftHand(-0.01911, 0.99791, 0.03868, -0.04805)
 
 

leftHand(-0.01911, 0.99791, 0.03868, -0.04805)
 
 

leftHand(-0.02214, 0.99784, 0.03852, -0.04829)
 
 

leftHand(-0.02214, 0.99784, 0.03852, -0.04829)
 
 

leftHand(-0.02214, 0.99784, 0.03852, -0.04829)
 
 

leftHand(-0.02214, 0.99784, 0.03852, -0.04829)
 
 

leftHand(-0.02214, 0.99784, 0.03852, -0.04829)
 
 

leftHand(-0.02214, 0.99784, 0.03852, -0.04829)
 
 

leftHand(-0.02214, 0.99784, 0.03852, -0.04829)
 
 

leftHand(-0.02214, 0.99784, 0.03852, -0.04829)
 
 

leftHand(-0.02506, 0.99778, 0.03850, -0.04823)
 
 

leftHand(-0.02506, 0.99778, 0.03850, -0.04823)
 
 

leftHand(-0.02506, 0.99778, 0.03850, -0.04823)
 
 

leftHand(-0.02506, 0.99778, 0.03850, -0.04823)
 
 

leftHand(-0.02506, 0.99778, 0.03850, -0.04823)
 
 

leftHand(-0.02506, 0.99778, 0.03850, -0.04823)
 
 

leftHand(-0.02506, 0.99778, 0.03850, -0.04823)
 
 

leftHand(-0.02506, 0.99778, 0.03850, -0.04823)
 
 

leftHand(-0.02227, 0.99785, 0.03889, -0.04792)
 
 

leftHand(-0.02227, 0.99785, 0.03889, -0.04792)
 
 

leftHand(-0.02227, 0.99785, 0.03889, -0.04792)
 
 

leftHand(-0.02227, 0.99785, 0.03889, -0.04792)
 
 

leftHand(-0.02227, 0.99785, 0.03889, -0.04792)
 
 

leftHand(-0.02227, 0.99785, 0.03889, -0.04792)
 
 

leftHand(-0.01934, 0.99783, 0.04055, -0.04819)
 
 

leftHand(-0.01934, 0.99783, 0.04055, -0.04819)
 
 

leftHand(-0.01934, 0.99783, 0.04055, -0.04819)
 
 

leftHand(-0.01934, 0.99783, 0.04055, -0.04819)
 
 

leftHand(-0.01934, 0.99783, 0.04055, -0.04819)
 
 

leftHand(-0.01934, 0.99783, 0.04055, -0.04819)
 
 

leftHand(-0.02016, 0.99780, 0.04095, -0.04809)
 
 

leftHand(-0.02016, 0.99780, 0.04095, -0.04809)
 
 

leftHand(-0.02016, 0.99780, 0.04095, -0.04809)
 
 

leftHand(-0.02016, 0.99780, 0.04095, -0.04809)
 
 

leftHand(-0.02266, 0.99768, 0.04123, -0.04914)
 
 

leftHand(-0.02266, 0.99768, 0.04123, -0.04914)
 
 

leftHand(-0.02266, 0.99768, 0.04123, -0.04914)
 
 

leftHand(-0.02266, 0.99768, 0.04123, -0.04914)
 
 

leftHand(-0.01912, 0.99768, 0.04120, -0.05070)
 
 

leftHand(-0.01912, 0.99768, 0.04120, -0.05070)
 
 

leftHand(-0.01912, 0.99768, 0.04120, -0.05070)
 
 

leftHand(-0.01912, 0.99768, 0.04120, -0.05070)
 
 

leftHand(-0.02077, 0.99768, 0.04168, -0.04970)
 
 

leftHand(-0.02077, 0.99768, 0.04168, -0.04970)
 
 

leftHand(-0.02077, 0.99768, 0.04168, -0.04970)
 
 

leftHand(-0.02077, 0.99768, 0.04168, -0.04970)
 
 

leftHand(-0.02561, 0.99763, 0.04169, -0.04844)
 
 

leftHand(-0.02561, 0.99763, 0.04169, -0.04844)
 
 

leftHand(-0.02561, 0.99763, 0.04169, -0.04844)
 
 

leftHand(-0.02561, 0.99763, 0.04169, -0.04844)
 
 

leftHand(-0.02489, 0.99768, 0.04159, -0.04779)
 
 

leftHand(-0.02489, 0.99768, 0.04159, -0.04779)
 
 

leftHand(-0.02489, 0.99768, 0.04159, -0.04779)
 
 

leftHand(-0.02489, 0.99768, 0.04159, -0.04779)
 
 

leftHand(-0.01853, 0.99779, 0.04247, -0.04769)
 
 

leftHand(-0.01853, 0.99779, 0.04247, -0.04769)
 
 

leftHand(-0.02007, 0.99775, 0.04283, -0.04752)
 
 

leftHand(-0.02007, 0.99775, 0.04283, -0.04752)
 
 

leftHand(-0.02460, 0.99771, 0.04176, -0.04728)
 
 

leftHand(-0.02460, 0.99771, 0.04176, -0.04728)
 
 

leftHand(-0.01946, 0.99765, 0.04171, -0.05080)
 
 

leftHand(-0.01946, 0.99765, 0.04171, -0.05080)
 
 

leftHand(-0.02156, 0.99768, 0.04143, -0.04943)
 
 

leftHand(-0.02156, 0.99768, 0.04143, -0.04943)
 
 

leftHand(-0.02243, 0.99764, 0.04133, -0.04999)
 
 

leftHand(-0.02243, 0.99764, 0.04133, -0.04999)
 
 

leftHand(-0.02089, 0.99763, 0.04186, -0.05042)
 
 

leftHand(-0.02089, 0.99763, 0.04186, -0.05042)
 
 

leftHand(-0.02089, 0.99763, 0.04186, -0.05042)
 
 

leftHand(-0.02089, 0.99763, 0.04186, -0.05042)
 
 

leftHand(-0.02087, 0.99761, 0.04292, -0.04989)
 
 

leftHand(-0.02087, 0.99761, 0.04292, -0.04989)
 
 

leftHand(-0.02087, 0.99761, 0.04292, -0.04989)
 
 

leftHand(-0.02087, 0.99761, 0.04292, -0.04989)
 
 

leftHand(-0.02128, 0.99757, 0.04334, -0.05017)
 
 

leftHand(-0.02128, 0.99757, 0.04334, -0.05017)
 
 

leftHand(-0.02128, 0.99757, 0.04334, -0.05017)
 
 

leftHand(-0.02128, 0.99757, 0.04334, -0.05017)
 
 

leftHand(-0.02038, 0.99747, 0.04422, -0.05177)
 
 

leftHand(-0.02038, 0.99747, 0.04422, -0.05177)
 
 

leftHand(-0.02038, 0.99747, 0.04422, -0.05177)
 
 

leftHand(-0.02038, 0.99747, 0.04422, -0.05177)
 
 

leftHand(-0.01840, 0.99748, 0.04445, -0.05218)
 
 

leftHand(-0.01840, 0.99748, 0.04445, -0.05218)
 
 

leftHand(-0.01840, 0.99748, 0.04445, -0.05218)
 
 

leftHand(-0.01840, 0.99748, 0.04445, -0.05218)
 
 

leftHand(-0.01869, 0.99742, 0.04540, -0.05238)
 
 

leftHand(-0.01869, 0.99742, 0.04540, -0.05238)
 
 

leftHand(-0.01869, 0.99742, 0.04540, -0.05238)
 
 

leftHand(-0.01869, 0.99742, 0.04540, -0.05238)
 
 

leftHand(-0.02083, 0.99736, 0.04500, -0.05298)
 
 

leftHand(-0.02083, 0.99736, 0.04500, -0.05298)
 
 

leftHand(-0.02083, 0.99736, 0.04500, -0.05298)
 
 

leftHand(-0.02083, 0.99736, 0.04500, -0.05298)
 
 

leftHand(-0.02083, 0.99736, 0.04500, -0.05298)
 
 

leftHand(-0.02083, 0.99736, 0.04500, -0.05298)
 
 

leftHand(-0.01792, 0.99741, 0.04414, -0.05381)
 
 

leftHand(-0.01792, 0.99741, 0.04414, -0.05381)
 
 

leftHand(-0.01792, 0.99741, 0.04414, -0.05381)
 
 

leftHand(-0.01792, 0.99741, 0.04414, -0.05381)
 
 

leftHand(-0.01792, 0.99741, 0.04414, -0.05381)
 
 

leftHand(-0.01792, 0.99741, 0.04414, -0.05381)
 
 

leftHand(-0.01673, 0.99746, 0.04395, -0.05343)
 
 

leftHand(-0.01673, 0.99746, 0.04395, -0.05343)
 
 

leftHand(-0.01673, 0.99746, 0.04395, -0.05343)
 
 

leftHand(-0.01673, 0.99746, 0.04395, -0.05343)
 
 

leftHand(-0.01673, 0.99746, 0.04395, -0.05343)
 
 

leftHand(-0.01673, 0.99746, 0.04395, -0.05343)
 
 

leftHand(-0.01673, 0.99746, 0.04395, -0.05343)
 
 

leftHand(-0.01673, 0.99746, 0.04395, -0.05343)
 
 

leftHand(-0.02175, 0.99747, 0.04379, -0.05167)
 
 

leftHand(-0.02175, 0.99747, 0.04379, -0.05167)
 
 

leftHand(-0.02175, 0.99747, 0.04379, -0.05167)
 
 

leftHand(-0.02175, 0.99747, 0.04379, -0.05167)
 
 

leftHand(-0.02175, 0.99747, 0.04379, -0.05167)
 
 

leftHand(-0.02175, 0.99747, 0.04379, -0.05167)
 
 

leftHand(-0.02175, 0.99747, 0.04379, -0.05167)
 
 

leftHand(-0.02175, 0.99747, 0.04379, -0.05167)
 
 

leftHand(-0.02271, 0.99747, 0.04343, -0.05152)
 
 

leftHand(-0.02271, 0.99747, 0.04343, -0.05152)
 
 

leftHand(-0.02271, 0.99747, 0.04343, -0.05152)
 
 

leftHand(-0.02271, 0.99747, 0.04343, -0.05152)
 
 

leftHand(-0.02271, 0.99747, 0.04343, -0.05152)
 
 

leftHand(-0.02271, 0.99747, 0.04343, -0.05152)
 
 

leftHand(-0.02271, 0.99747, 0.04343, -0.05152)
 
 

leftHand(-0.02271, 0.99747, 0.04343, -0.05152)
 
 

leftHand(-0.02178, 0.99746, 0.04310, -0.05237)
 
 

leftHand(-0.02178, 0.99746, 0.04310, -0.05237)
 
 

leftHand(-0.02178, 0.99746, 0.04310, -0.05237)
 
 

leftHand(-0.02178, 0.99746, 0.04310, -0.05237)
 
 

leftHand(-0.02178, 0.99746, 0.04310, -0.05237)
 
 

leftHand(-0.02178, 0.99746, 0.04310, -0.05237)
 
 

leftHand(-0.02178, 0.99746, 0.04310, -0.05237)
 
 

leftHand(-0.02178, 0.99746, 0.04310, -0.05237)
 
 

leftHand(-0.02079, 0.99745, 0.04308, -0.05293)
 
 

leftHand(-0.02079, 0.99745, 0.04308, -0.05293)
 
 

leftHand(-0.02079, 0.99745, 0.04308, -0.05293)
 
 

leftHand(-0.02079, 0.99745, 0.04308, -0.05293)
 
 

leftHand(-0.02079, 0.99745, 0.04308, -0.05293)
 
 

leftHand(-0.02079, 0.99745, 0.04308, -0.05293)
 
 

leftHand(-0.02079, 0.99745, 0.04308, -0.05293)
 
 

leftHand(-0.02079, 0.99745, 0.04308, -0.05293)
 
 

leftHand(-0.02125, 0.99748, 0.04267, -0.05258)
 
 

leftHand(-0.02125, 0.99748, 0.04267, -0.05258)
 
 

leftHand(-0.02125, 0.99748, 0.04267, -0.05258)
 
 

leftHand(-0.02125, 0.99748, 0.04267, -0.05258)
 
 

leftHand(-0.02125, 0.99748, 0.04267, -0.05258)
 
 

leftHand(-0.02125, 0.99748, 0.04267, -0.05258)
 
 

leftHand(-0.02125, 0.99748, 0.04267, -0.05258)
 
 

leftHand(-0.02125, 0.99748, 0.04267, -0.05258)
 
 

leftHand(-0.02233, 0.99748, 0.04272, -0.05214)
 
 

leftHand(-0.02233, 0.99748, 0.04272, -0.05214)
 
 

leftHand(-0.02233, 0.99748, 0.04272, -0.05214)
 
 

leftHand(-0.02233, 0.99748, 0.04272, -0.05214)
 
 

leftHand(-0.02233, 0.99748, 0.04272, -0.05214)
 
 

leftHand(-0.02233, 0.99748, 0.04272, -0.05214)
 
 

leftHand(-0.02233, 0.99748, 0.04272, -0.05214)
 
 

leftHand(-0.02233, 0.99748, 0.04272, -0.05214)
 
 

leftHand(-0.02308, 0.99742, 0.04315, -0.05257)
 
 

leftHand(-0.02308, 0.99742, 0.04315, -0.05257)
 
 

leftHand(-0.02308, 0.99742, 0.04315, -0.05257)
 
 

leftHand(-0.02308, 0.99742, 0.04315, -0.05257)
 
 

leftHand(-0.02308, 0.99742, 0.04315, -0.05257)
 
 

leftHand(-0.02308, 0.99742, 0.04315, -0.05257)
 
 

leftHand(-0.02308, 0.99742, 0.04315, -0.05257)
 
 

leftHand(-0.02308, 0.99742, 0.04315, -0.05257)
 
 

leftHand(-0.02420, 0.99740, 0.04292, -0.05268)
 
 

leftHand(-0.02420, 0.99740, 0.04292, -0.05268)
 
 

leftHand(-0.02420, 0.99740, 0.04292, -0.05268)
 
 

leftHand(-0.02420, 0.99740, 0.04292, -0.05268)
 
 

leftHand(-0.02420, 0.99740, 0.04292, -0.05268)
 
 

leftHand(-0.02420, 0.99740, 0.04292, -0.05268)
 
 

leftHand(-0.02420, 0.99740, 0.04292, -0.05268)
 
 

leftHand(-0.02420, 0.99740, 0.04292, -0.05268)
 
 

leftHand(-0.02587, 0.99728, 0.04325, -0.05378)
 
 

leftHand(-0.02587, 0.99728, 0.04325, -0.05378)
 
 

leftHand(-0.02587, 0.99728, 0.04325, -0.05378)
 
 

leftHand(-0.02587, 0.99728, 0.04325, -0.05378)
 
 

leftHand(-0.02587, 0.99728, 0.04325, -0.05378)
 
 

leftHand(-0.02587, 0.99728, 0.04325, -0.05378)
 
 

leftHand(-0.02587, 0.99728, 0.04325, -0.05378)
 
 

leftHand(-0.02587, 0.99728, 0.04325, -0.05378)
 
 

leftHand(-0.02034, 0.99742, 0.04374, -0.05314)
 
 

leftHand(-0.02034, 0.99742, 0.04374, -0.05314)
 
 

leftHand(-0.02034, 0.99742, 0.04374, -0.05314)
 
 

leftHand(-0.02034, 0.99742, 0.04374, -0.05314)
 
 

leftHand(-0.02034, 0.99742, 0.04374, -0.05314)
 
 

leftHand(-0.02034, 0.99742, 0.04374, -0.05314)
 
 

leftHand(-0.02034, 0.99742, 0.04374, -0.05314)
 
 

leftHand(-0.02034, 0.99742, 0.04374, -0.05314)
 
 

leftHand(-0.02161, 0.99727, 0.04531, -0.05407)
 
 

leftHand(-0.02161, 0.99727, 0.04531, -0.05407)
 
 

leftHand(-0.02161, 0.99727, 0.04531, -0.05407)
 
 

leftHand(-0.02161, 0.99727, 0.04531, -0.05407)
 
 

leftHand(-0.02161, 0.99727, 0.04531, -0.05407)
 
 

leftHand(-0.02161, 0.99727, 0.04531, -0.05407)
 
 

leftHand(-0.02161, 0.99727, 0.04531, -0.05407)
 
 

leftHand(-0.02161, 0.99727, 0.04531, -0.05407)
 
 

leftHand(-0.02371, 0.99723, 0.04478, -0.05446)
 
 

leftHand(-0.02371, 0.99723, 0.04478, -0.05446)
 
 

leftHand(-0.02371, 0.99723, 0.04478, -0.05446)
 
 

leftHand(-0.02371, 0.99723, 0.04478, -0.05446)
 
 

leftHand(-0.02371, 0.99723, 0.04478, -0.05446)
 
 

leftHand(-0.02371, 0.99723, 0.04478, -0.05446)
 
 

leftHand(-0.02371, 0.99723, 0.04478, -0.05446)
 
 

leftHand(-0.02371, 0.99723, 0.04478, -0.05446)
 
 

leftHand(-0.02338, 0.99726, 0.04337, -0.05510)
 
 

leftHand(-0.02338, 0.99726, 0.04337, -0.05510)
 
 

leftHand(-0.02338, 0.99726, 0.04337, -0.05510)
 
 

leftHand(-0.02338, 0.99726, 0.04337, -0.05510)
 
 

leftHand(-0.02338, 0.99726, 0.04337, -0.05510)
 
 

leftHand(-0.02338, 0.99726, 0.04337, -0.05510)
 
 

leftHand(-0.02338, 0.99726, 0.04337, -0.05510)
 
 

leftHand(-0.02338, 0.99726, 0.04337, -0.05510)
 
 

leftHand(-0.02224, 0.99725, 0.04320, -0.05593)
 
 

leftHand(-0.02224, 0.99725, 0.04320, -0.05593)
 
 

leftHand(-0.02224, 0.99725, 0.04320, -0.05593)
 
 

leftHand(-0.02224, 0.99725, 0.04320, -0.05593)
 
 

leftHand(-0.02224, 0.99725, 0.04320, -0.05593)
 
 

leftHand(-0.02224, 0.99725, 0.04320, -0.05593)
 
 

leftHand(-0.02224, 0.99725, 0.04320, -0.05593)
 
 

leftHand(-0.02224, 0.99725, 0.04320, -0.05593)
 
 

leftHand(-0.01940, 0.99730, 0.04352, -0.05596)
 
 

leftHand(-0.01940, 0.99730, 0.04352, -0.05596)
 
 

leftHand(-0.01940, 0.99730, 0.04352, -0.05596)
 
 

leftHand(-0.01940, 0.99730, 0.04352, -0.05596)
 
 

leftHand(-0.01940, 0.99730, 0.04352, -0.05596)
 
 

leftHand(-0.01940, 0.99730, 0.04352, -0.05596)
 
 

leftHand(-0.01940, 0.99730, 0.04352, -0.05596)
 
 

leftHand(-0.01940, 0.99730, 0.04352, -0.05596)
 
 

leftHand(-0.02101, 0.99732, 0.04368, -0.05482)
 
 

leftHand(-0.02101, 0.99732, 0.04368, -0.05482)
 
 

leftHand(-0.02101, 0.99732, 0.04368, -0.05482)
 
 

leftHand(-0.02101, 0.99732, 0.04368, -0.05482)
 
 

leftHand(-0.02101, 0.99732, 0.04368, -0.05482)
 
 

leftHand(-0.02101, 0.99732, 0.04368, -0.05482)
 
 

leftHand(-0.02101, 0.99732, 0.04368, -0.05482)
 
 

leftHand(-0.02101, 0.99732, 0.04368, -0.05482)
 
 

leftHand(-0.02543, 0.99723, 0.04383, -0.05442)
 
 

leftHand(-0.02543, 0.99723, 0.04383, -0.05442)
 
 

leftHand(-0.02543, 0.99723, 0.04383, -0.05442)
 
 

leftHand(-0.02543, 0.99723, 0.04383, -0.05442)
 
 

leftHand(-0.02543, 0.99723, 0.04383, -0.05442)
 
 

leftHand(-0.02543, 0.99723, 0.04383, -0.05442)
 
 

leftHand(-0.02543, 0.99723, 0.04383, -0.05442)
 
 

leftHand(-0.02543, 0.99723, 0.04383, -0.05442)
 
 

leftHand(-0.02171, 0.99726, 0.04334, -0.05590)
 
 

leftHand(-0.02171, 0.99726, 0.04334, -0.05590)
 
 

leftHand(-0.02171, 0.99726, 0.04334, -0.05590)
 
 

leftHand(-0.02171, 0.99726, 0.04334, -0.05590)
 
 

leftHand(-0.02171, 0.99726, 0.04334, -0.05590)
 
 

leftHand(-0.02171, 0.99726, 0.04334, -0.05590)
 
 

leftHand(-0.02009, 0.99725, 0.04364, -0.05643)
 
 

leftHand(-0.02009, 0.99725, 0.04364, -0.05643)
 
 

leftHand(-0.02009, 0.99725, 0.04364, -0.05643)
 
 

leftHand(-0.02009, 0.99725, 0.04364, -0.05643)
 
 

leftHand(-0.02009, 0.99725, 0.04364, -0.05643)
 
 

leftHand(-0.02009, 0.99725, 0.04364, -0.05643)
 
 

leftHand(-0.02307, 0.99720, 0.04390, -0.05600)
 
 

leftHand(-0.02307, 0.99720, 0.04390, -0.05600)
 
 

leftHand(-0.02307, 0.99720, 0.04390, -0.05600)
 
 

leftHand(-0.02307, 0.99720, 0.04390, -0.05600)
 
 

leftHand(-0.02401, 0.99723, 0.04183, -0.05660)
 
 

leftHand(-0.02401, 0.99723, 0.04183, -0.05660)
 
 

leftHand(-0.02401, 0.99723, 0.04183, -0.05660)
 
 

leftHand(-0.02401, 0.99723, 0.04183, -0.05660)
 
 

leftHand(-0.02350, 0.99724, 0.04147, -0.05687)
 
 

leftHand(-0.02350, 0.99724, 0.04147, -0.05687)
 
 

leftHand(-0.02350, 0.99724, 0.04147, -0.05687)
 
 

leftHand(-0.02350, 0.99724, 0.04147, -0.05687)
 
 

leftHand(-0.02202, 0.99729, 0.04117, -0.05684)
 
 

leftHand(-0.02202, 0.99729, 0.04117, -0.05684)
 
 

leftHand(-0.02202, 0.99729, 0.04117, -0.05684)
 
 

leftHand(-0.02202, 0.99729, 0.04117, -0.05684)
 
 

leftHand(-0.02299, 0.99729, 0.04156, -0.05622)
 
 

leftHand(-0.02299, 0.99729, 0.04156, -0.05622)
 
 

leftHand(-0.02299, 0.99729, 0.04156, -0.05622)
 
 

leftHand(-0.02299, 0.99729, 0.04156, -0.05622)
 
 

leftHand(-0.02105, 0.99718, 0.04237, -0.05828)
 
 

leftHand(-0.02105, 0.99718, 0.04237, -0.05828)
 
 

leftHand(-0.02105, 0.99718, 0.04237, -0.05828)
 
 

leftHand(-0.02105, 0.99718, 0.04237, -0.05828)
 
 

leftHand(-0.01872, 0.99714, 0.04215, -0.05991)
 
 

leftHand(-0.01872, 0.99714, 0.04215, -0.05991)
 
 

leftHand(-0.01872, 0.99714, 0.04215, -0.05991)
 
 

leftHand(-0.01872, 0.99714, 0.04215, -0.05991)
 
 

leftHand(-0.02024, 0.99711, 0.04242, -0.05968)
 
 

leftHand(-0.02024, 0.99711, 0.04242, -0.05968)
 
 

leftHand(-0.02024, 0.99711, 0.04242, -0.05968)
 
 

leftHand(-0.02024, 0.99711, 0.04242, -0.05968)
 
 

leftHand(-0.02387, 0.99715, 0.04192, -0.05800)
 
 

leftHand(-0.02387, 0.99715, 0.04192, -0.05800)
 
 

leftHand(-0.02387, 0.99715, 0.04192, -0.05800)
 
 

leftHand(-0.02387, 0.99715, 0.04192, -0.05800)
 
 

leftHand(-0.02255, 0.99726, 0.04093, -0.05732)
 
 

leftHand(-0.02255, 0.99726, 0.04093, -0.05732)
 
 

leftHand(-0.02060, 0.99725, 0.04110, -0.05818)
 
 

leftHand(-0.02060, 0.99725, 0.04110, -0.05818)
 
 

leftHand(-0.02313, 0.99721, 0.04187, -0.05733)
 
 

leftHand(-0.02313, 0.99721, 0.04187, -0.05733)
 
 

leftHand(-0.02378, 0.99724, 0.04210, -0.05636)
 
 

leftHand(-0.02378, 0.99724, 0.04210, -0.05636)
 
 

leftHand(-0.02289, 0.99725, 0.04188, -0.05671)
 
 

leftHand(-0.02289, 0.99725, 0.04188, -0.05671)
 
 

leftHand(-0.02243, 0.99715, 0.04186, -0.05868)
 
 

leftHand(-0.02243, 0.99715, 0.04186, -0.05868)
 
 

leftHand(-0.02362, 0.99709, 0.04197, -0.05910)
 
 

leftHand(-0.02362, 0.99709, 0.04197, -0.05910)
 
 

leftHand(-0.02226, 0.99721, 0.04192, -0.05754)
 
 

leftHand(-0.02226, 0.99721, 0.04192, -0.05754)
 
 

leftHand(-0.02136, 0.99720, 0.04249, -0.05774)
 
 

leftHand(-0.02136, 0.99720, 0.04249, -0.05774)
 
 

leftHand(-0.02277, 0.99695, 0.04392, -0.06040)
 
 

leftHand(-0.02277, 0.99695, 0.04392, -0.06040)
 
 

leftHand(-0.02277, 0.99695, 0.04392, -0.06040)
 
 

leftHand(-0.02277, 0.99695, 0.04392, -0.06040)
 
 

leftHand(-0.02416, 0.99684, 0.04513, -0.06083)
 
 

leftHand(-0.02416, 0.99684, 0.04513, -0.06083)
 
 

leftHand(-0.02416, 0.99684, 0.04513, -0.06083)
 
 

leftHand(-0.02416, 0.99684, 0.04513, -0.06083)
 
 

leftHand(-0.02426, 0.99681, 0.04639, -0.06017)
 
 

leftHand(-0.02426, 0.99681, 0.04639, -0.06017)
 
 

leftHand(-0.02426, 0.99681, 0.04639, -0.06017)
 
 

leftHand(-0.02426, 0.99681, 0.04639, -0.06017)
 
 

leftHand(-0.02348, 0.99680, 0.04648, -0.06057)
 
 

leftHand(-0.02348, 0.99680, 0.04648, -0.06057)
 
 

leftHand(-0.02348, 0.99680, 0.04648, -0.06057)
 
 

leftHand(-0.02348, 0.99680, 0.04648, -0.06057)
 
 

leftHand(-0.02081, 0.99680, 0.04628, -0.06182)
 
 

leftHand(-0.02081, 0.99680, 0.04628, -0.06182)
 
 

leftHand(-0.02081, 0.99680, 0.04628, -0.06182)
 
 

leftHand(-0.02081, 0.99680, 0.04628, -0.06182)
 
 

leftHand(-0.02276, 0.99680, 0.04629, -0.06107)
 
 

leftHand(-0.02276, 0.99680, 0.04629, -0.06107)
 
 

leftHand(-0.02276, 0.99680, 0.04629, -0.06107)
 
 

leftHand(-0.02276, 0.99680, 0.04629, -0.06107)
 
 

leftHand(-0.02426, 0.99679, 0.04623, -0.06063)
 
 

leftHand(-0.02426, 0.99679, 0.04623, -0.06063)
 
 

leftHand(-0.02426, 0.99679, 0.04623, -0.06063)
 
 

leftHand(-0.02426, 0.99679, 0.04623, -0.06063)
 
 

leftHand(-0.02582, 0.99667, 0.04615, -0.06212)
 
 

leftHand(-0.02582, 0.99667, 0.04615, -0.06212)
 
 

leftHand(-0.02582, 0.99667, 0.04615, -0.06212)
 
 

leftHand(-0.02582, 0.99667, 0.04615, -0.06212)
 
 

leftHand(-0.02443, 0.99656, 0.04652, -0.06410)
 
 

leftHand(-0.02443, 0.99656, 0.04652, -0.06410)
 
 

leftHand(-0.02443, 0.99656, 0.04652, -0.06410)
 
 

leftHand(-0.02443, 0.99656, 0.04652, -0.06410)
 
 

leftHand(-0.02317, 0.99660, 0.04715, -0.06351)
 
 

leftHand(-0.02317, 0.99660, 0.04715, -0.06351)
 
 

leftHand(-0.02317, 0.99660, 0.04715, -0.06351)
 
 

leftHand(-0.02317, 0.99660, 0.04715, -0.06351)
 
 

leftHand(-0.02317, 0.99660, 0.04715, -0.06351)
 
 

leftHand(-0.02317, 0.99660, 0.04715, -0.06351)
 
 

leftHand(-0.02268, 0.99669, 0.04631, -0.06287)
 
 

leftHand(-0.02268, 0.99669, 0.04631, -0.06287)
 
 

leftHand(-0.02268, 0.99669, 0.04631, -0.06287)
 
 

leftHand(-0.02268, 0.99669, 0.04631, -0.06287)
 
 

leftHand(-0.02268, 0.99669, 0.04631, -0.06287)
 
 

leftHand(-0.02268, 0.99669, 0.04631, -0.06287)
 
 

leftHand(-0.02194, 0.99666, 0.04624, -0.06364)
 
 

leftHand(-0.02194, 0.99666, 0.04624, -0.06364)
 
 

leftHand(-0.02194, 0.99666, 0.04624, -0.06364)
 
 

leftHand(-0.02194, 0.99666, 0.04624, -0.06364)
 
 

leftHand(-0.02194, 0.99666, 0.04624, -0.06364)
 
 

leftHand(-0.02194, 0.99666, 0.04624, -0.06364)
 
 

leftHand(-0.02266, 0.99633, 0.04768, -0.06738)
 
 

leftHand(-0.02266, 0.99633, 0.04768, -0.06738)
 
 

leftHand(-0.02266, 0.99633, 0.04768, -0.06738)
 
 

leftHand(-0.02266, 0.99633, 0.04768, -0.06738)
 
 

leftHand(-0.02266, 0.99633, 0.04768, -0.06738)
 
 

leftHand(-0.02266, 0.99633, 0.04768, -0.06738)
 
 

leftHand(-0.02266, 0.99633, 0.04768, -0.06738)
 
 

leftHand(-0.02266, 0.99633, 0.04768, -0.06738)
 
 

leftHand(-0.02367, 0.99624, 0.04868, -0.06768)
 
 

leftHand(-0.02367, 0.99624, 0.04868, -0.06768)
 
 

leftHand(-0.02367, 0.99624, 0.04868, -0.06768)
 
 

leftHand(-0.02367, 0.99624, 0.04868, -0.06768)
 
 

leftHand(-0.02367, 0.99624, 0.04868, -0.06768)
 
 

leftHand(-0.02367, 0.99624, 0.04868, -0.06768)
 
 

leftHand(-0.02367, 0.99624, 0.04868, -0.06768)
 
 

leftHand(-0.02367, 0.99624, 0.04868, -0.06768)
 
 

leftHand(-0.02532, 0.99642, 0.04779, -0.06505)
 
 

leftHand(-0.02532, 0.99642, 0.04779, -0.06505)
 
 

leftHand(-0.02532, 0.99642, 0.04779, -0.06505)
 
 

leftHand(-0.02532, 0.99642, 0.04779, -0.06505)
 
 

leftHand(-0.02532, 0.99642, 0.04779, -0.06505)
 
 

leftHand(-0.02532, 0.99642, 0.04779, -0.06505)
 
 

leftHand(-0.02532, 0.99642, 0.04779, -0.06505)
 
 

leftHand(-0.02532, 0.99642, 0.04779, -0.06505)
 
 

leftHand(-0.02396, 0.99652, 0.04739, -0.06421)
 
 

leftHand(-0.02396, 0.99652, 0.04739, -0.06421)
 
 

leftHand(-0.02396, 0.99652, 0.04739, -0.06421)
 
 

leftHand(-0.02396, 0.99652, 0.04739, -0.06421)
 
 

leftHand(-0.02396, 0.99652, 0.04739, -0.06421)
 
 

leftHand(-0.02396, 0.99652, 0.04739, -0.06421)
 
 

leftHand(-0.02396, 0.99652, 0.04739, -0.06421)
 
 

leftHand(-0.02396, 0.99652, 0.04739, -0.06421)
 
 

leftHand(-0.02051, 0.99660, 0.04761, -0.06398)
 
 

leftHand(-0.02051, 0.99660, 0.04761, -0.06398)
 
 

leftHand(-0.02051, 0.99660, 0.04761, -0.06398)
 
 

leftHand(-0.02051, 0.99660, 0.04761, -0.06398)
 
 

leftHand(-0.02051, 0.99660, 0.04761, -0.06398)
 
 

leftHand(-0.02051, 0.99660, 0.04761, -0.06398)
 
 

leftHand(-0.02051, 0.99660, 0.04761, -0.06398)
 
 

leftHand(-0.02051, 0.99660, 0.04761, -0.06398)
 
 

leftHand(-0.02070, 0.99655, 0.04847, -0.06412)
 
 

leftHand(-0.02070, 0.99655, 0.04847, -0.06412)
 
 

leftHand(-0.02070, 0.99655, 0.04847, -0.06412)
 
 

leftHand(-0.02070, 0.99655, 0.04847, -0.06412)
 
 

leftHand(-0.02070, 0.99655, 0.04847, -0.06412)
 
 

leftHand(-0.02070, 0.99655, 0.04847, -0.06412)
 
 

leftHand(-0.02070, 0.99655, 0.04847, -0.06412)
 
 

leftHand(-0.02070, 0.99655, 0.04847, -0.06412)
 
 

leftHand(-0.02677, 0.99642, 0.04922, -0.06338)
 
 

leftHand(-0.02677, 0.99642, 0.04922, -0.06338)
 
 

leftHand(-0.02677, 0.99642, 0.04922, -0.06338)
 
 

leftHand(-0.02677, 0.99642, 0.04922, -0.06338)
 
 

leftHand(-0.02677, 0.99642, 0.04922, -0.06338)
 
 

leftHand(-0.02677, 0.99642, 0.04922, -0.06338)
 
 

leftHand(-0.02677, 0.99642, 0.04922, -0.06338)
 
 

leftHand(-0.02677, 0.99642, 0.04922, -0.06338)
 
 

leftHand(-0.02892, 0.99611, 0.05069, -0.06595)
 
 

leftHand(-0.02892, 0.99611, 0.05069, -0.06595)
 
 

leftHand(-0.02892, 0.99611, 0.05069, -0.06595)
 
 

leftHand(-0.02892, 0.99611, 0.05069, -0.06595)
 
 

leftHand(-0.02892, 0.99611, 0.05069, -0.06595)
 
 

leftHand(-0.02892, 0.99611, 0.05069, -0.06595)
 
 

leftHand(-0.02892, 0.99611, 0.05069, -0.06595)
 
 

leftHand(-0.02892, 0.99611, 0.05069, -0.06595)
 
 

leftHand(-0.02664, 0.99622, 0.05028, -0.06567)
 
 

leftHand(-0.02664, 0.99622, 0.05028, -0.06567)
 
 

leftHand(-0.02664, 0.99622, 0.05028, -0.06567)
 
 

leftHand(-0.02664, 0.99622, 0.05028, -0.06567)
 
 

leftHand(-0.02664, 0.99622, 0.05028, -0.06567)
 
 

leftHand(-0.02664, 0.99622, 0.05028, -0.06567)
 
 

leftHand(-0.02664, 0.99622, 0.05028, -0.06567)
 
 

leftHand(-0.02664, 0.99622, 0.05028, -0.06567)
 
 

leftHand(-0.01990, 0.99673, 0.04931, -0.06089)
 
 

leftHand(-0.01990, 0.99673, 0.04931, -0.06089)
 
 

leftHand(-0.01990, 0.99673, 0.04931, -0.06089)
 
 

leftHand(-0.01990, 0.99673, 0.04931, -0.06089)
 
 

leftHand(-0.01990, 0.99673, 0.04931, -0.06089)
 
 

leftHand(-0.01990, 0.99673, 0.04931, -0.06089)
 
 

leftHand(-0.01990, 0.99673, 0.04931, -0.06089)
 
 

leftHand(-0.01990, 0.99673, 0.04931, -0.06089)
 
 

leftHand(-0.02274, 0.99698, 0.04884, -0.05589)
 
 

leftHand(-0.02274, 0.99698, 0.04884, -0.05589)
 
 

leftHand(-0.02274, 0.99698, 0.04884, -0.05589)
 
 

leftHand(-0.02274, 0.99698, 0.04884, -0.05589)
 
 

leftHand(-0.02274, 0.99698, 0.04884, -0.05589)
 
 

leftHand(-0.02274, 0.99698, 0.04884, -0.05589)
 
 

leftHand(-0.02274, 0.99698, 0.04884, -0.05589)
 
 

leftHand(-0.02274, 0.99698, 0.04884, -0.05589)
 
 

leftHand(-0.02197, 0.99715, 0.04884, -0.05318)
 
 

leftHand(-0.02197, 0.99715, 0.04884, -0.05318)
 
 

leftHand(-0.02197, 0.99715, 0.04884, -0.05318)
 
 

leftHand(-0.02197, 0.99715, 0.04884, -0.05318)
 
 

leftHand(-0.02197, 0.99715, 0.04884, -0.05318)
 
 

leftHand(-0.02197, 0.99715, 0.04884, -0.05318)
 
 

leftHand(-0.02197, 0.99715, 0.04884, -0.05318)
 
 

leftHand(-0.02197, 0.99715, 0.04884, -0.05318)
 
 

leftHand(-0.01702, 0.99730, 0.04931, -0.05174)
 
 

leftHand(-0.01702, 0.99730, 0.04931, -0.05174)
 
 

leftHand(-0.01702, 0.99730, 0.04931, -0.05174)
 
 

leftHand(-0.01702, 0.99730, 0.04931, -0.05174)
 
 

leftHand(-0.01702, 0.99730, 0.04931, -0.05174)
 
 

leftHand(-0.01702, 0.99730, 0.04931, -0.05174)
 
 

leftHand(-0.01702, 0.99730, 0.04931, -0.05174)
 
 

leftHand(-0.01702, 0.99730, 0.04931, -0.05174)
 
 

leftHand(-0.01513, 0.99727, 0.04949, -0.05260)
 
 

leftHand(-0.01513, 0.99727, 0.04949, -0.05260)
 
 

leftHand(-0.01513, 0.99727, 0.04949, -0.05260)
 
 

leftHand(-0.01513, 0.99727, 0.04949, -0.05260)
 
 

leftHand(-0.01513, 0.99727, 0.04949, -0.05260)
 
 

leftHand(-0.01513, 0.99727, 0.04949, -0.05260)
 
 

leftHand(-0.01412, 0.99710, 0.04800, -0.05739)
 
 

leftHand(-0.01412, 0.99710, 0.04800, -0.05739)
 
 

leftHand(-0.01412, 0.99710, 0.04800, -0.05739)
 
 

leftHand(-0.01412, 0.99710, 0.04800, -0.05739)
 
 

leftHand(-0.01412, 0.99710, 0.04800, -0.05739)
 
 

leftHand(-0.01412, 0.99710, 0.04800, -0.05739)
 
 

leftHand(-0.01341, 0.99702, 0.04829, -0.05861)
 
 

leftHand(-0.01341, 0.99702, 0.04829, -0.05861)
 
 

leftHand(-0.01341, 0.99702, 0.04829, -0.05861)
 
 

leftHand(-0.01341, 0.99702, 0.04829, -0.05861)
 
 

leftHand(-0.01341, 0.99702, 0.04829, -0.05861)
 
 

leftHand(-0.01341, 0.99702, 0.04829, -0.05861)
 
 

leftHand(-0.00976, 0.99716, 0.04773, -0.05745)
 
 

leftHand(-0.00976, 0.99716, 0.04773, -0.05745)
 
 

leftHand(-0.00976, 0.99716, 0.04773, -0.05745)
 
 

leftHand(-0.00976, 0.99716, 0.04773, -0.05745)
 
 

leftHand(-0.00699, 0.99723, 0.04619, -0.05785)
 
 

leftHand(-0.00699, 0.99723, 0.04619, -0.05785)
 
 

leftHand(-0.00699, 0.99723, 0.04619, -0.05785)
 
 

leftHand(-0.00699, 0.99723, 0.04619, -0.05785)
 
 

leftHand(-0.00928, 0.99716, 0.04642, -0.05864)
 
 

leftHand(-0.00928, 0.99716, 0.04642, -0.05864)
 
 

leftHand(-0.00928, 0.99716, 0.04642, -0.05864)
 
 

leftHand(-0.00928, 0.99716, 0.04642, -0.05864)
 
 

leftHand(-0.01052, 0.99705, 0.04818, -0.05883)
 
 

leftHand(-0.01052, 0.99705, 0.04818, -0.05883)
 
 

leftHand(-0.01052, 0.99705, 0.04818, -0.05883)
 
 

leftHand(-0.01052, 0.99705, 0.04818, -0.05883)
 
 

leftHand(-0.00783, 0.99705, 0.04924, -0.05833)
 
 

leftHand(-0.00783, 0.99705, 0.04924, -0.05833)
 
 

leftHand(-0.00783, 0.99705, 0.04924, -0.05833)
 
 

leftHand(-0.00783, 0.99705, 0.04924, -0.05833)
 
 

leftHand(-0.00414, 0.99730, 0.04786, -0.05552)
 
 

leftHand(-0.00414, 0.99730, 0.04786, -0.05552)
 
 

leftHand(-0.00414, 0.99730, 0.04786, -0.05552)
 
 

leftHand(-0.00414, 0.99730, 0.04786, -0.05552)
 
 

leftHand(-0.00719, 0.99727, 0.04731, -0.05619)
 
 

leftHand(-0.00719, 0.99727, 0.04731, -0.05619)
 
 

leftHand(-0.00719, 0.99727, 0.04731, -0.05619)
 
 

leftHand(-0.00719, 0.99727, 0.04731, -0.05619)
 
 

leftHand(-0.00750, 0.99715, 0.04938, -0.05662)
 
 

leftHand(-0.00750, 0.99715, 0.04938, -0.05662)
 
 

leftHand(-0.00750, 0.99715, 0.04938, -0.05662)
 
 

leftHand(-0.00750, 0.99715, 0.04938, -0.05662)
 
 

leftHand(-0.00093, 0.99717, 0.05040, -0.05582)
 
 

leftHand(-0.00093, 0.99717, 0.05040, -0.05582)
 
 

leftHand(-0.00093, 0.99717, 0.05040, -0.05582)
 
 

leftHand(-0.00093, 0.99717, 0.05040, -0.05582)
 
 

leftHand(-0.00038, 0.99718, 0.05011, -0.05580)
 
 

leftHand(-0.00038, 0.99718, 0.05011, -0.05580)
 
 

leftHand(-0.00038, 0.99718, 0.05011, -0.05580)
 
 

leftHand(-0.00038, 0.99718, 0.05011, -0.05580)
 
 

leftHand(-0.00287, 0.99726, 0.04847, -0.05586)
 
 

leftHand(-0.00287, 0.99726, 0.04847, -0.05586)
 
 

leftHand(-0.00287, 0.99726, 0.04847, -0.05586)
 
 

leftHand(-0.00287, 0.99726, 0.04847, -0.05586)
 
 

leftHand(-0.00080, 0.99725, 0.04807, -0.05644)
 
 

leftHand(-0.00080, 0.99725, 0.04807, -0.05644)
 
 

leftHand(-0.00080, 0.99725, 0.04807, -0.05644)
 
 

leftHand(-0.00080, 0.99725, 0.04807, -0.05644)
 
 

leftHand(0.00257, 0.99711, 0.04848, -0.05842)
 
 

leftHand(0.00257, 0.99711, 0.04848, -0.05842)
 
 

leftHand(0.00257, 0.99711, 0.04848, -0.05842)
 
 

leftHand(0.00257, 0.99711, 0.04848, -0.05842)
 
 

leftHand(-0.00320, 0.99692, 0.04877, -0.06138)
 
 

leftHand(-0.00320, 0.99692, 0.04877, -0.06138)
 
 

leftHand(-0.00320, 0.99692, 0.04877, -0.06138)
 
 

leftHand(-0.00320, 0.99692, 0.04877, -0.06138)
 
 

leftHand(-0.00620, 0.99681, 0.04900, -0.06266)
 
 

leftHand(-0.00620, 0.99681, 0.04900, -0.06266)
 
 

leftHand(-0.00620, 0.99681, 0.04900, -0.06266)
 
 

leftHand(-0.00620, 0.99681, 0.04900, -0.06266)
 
 

leftHand(-0.00056, 0.99676, 0.04977, -0.06311)
 
 

leftHand(-0.00056, 0.99676, 0.04977, -0.06311)
 
 

leftHand(-0.00056, 0.99676, 0.04977, -0.06311)
 
 

leftHand(-0.00056, 0.99676, 0.04977, -0.06311)
 
 

leftHand(0.00554, 0.99667, 0.05076, -0.06360)
 
 

leftHand(0.00554, 0.99667, 0.05076, -0.06360)
 
 

leftHand(0.00554, 0.99667, 0.05076, -0.06360)
 
 

leftHand(0.00554, 0.99667, 0.05076, -0.06360)
 
 

leftHand(0.00271, 0.99664, 0.05084, -0.06423)
 
 

leftHand(0.00271, 0.99664, 0.05084, -0.06423)
 
 

leftHand(0.00271, 0.99664, 0.05084, -0.06423)
 
 

leftHand(0.00271, 0.99664, 0.05084, -0.06423)
 
 

leftHand(0.00203, 0.99663, 0.05126, -0.06408)
 
 

leftHand(0.00203, 0.99663, 0.05126, -0.06408)
 
 

leftHand(0.00203, 0.99663, 0.05126, -0.06408)
 
 

leftHand(0.00203, 0.99663, 0.05126, -0.06408)
 
 

leftHand(0.00366, 0.99656, 0.05256, -0.06402)
 
 

leftHand(0.00366, 0.99656, 0.05256, -0.06402)
 
 

leftHand(0.00366, 0.99656, 0.05256, -0.06402)
 
 

leftHand(0.00366, 0.99656, 0.05256, -0.06402)
 
 

leftHand(0.00477, 0.99657, 0.05354, -0.06296)
 
 

leftHand(0.00477, 0.99657, 0.05354, -0.06296)
 
 

leftHand(0.00477, 0.99657, 0.05354, -0.06296)
 
 

leftHand(0.00477, 0.99657, 0.05354, -0.06296)
 
 

leftHand(0.00100, 0.99651, 0.05413, -0.06348)
 
 

leftHand(0.00100, 0.99651, 0.05413, -0.06348)
 
 

leftHand(0.00100, 0.99651, 0.05413, -0.06348)
 
 

leftHand(0.00100, 0.99651, 0.05413, -0.06348)
 
 

leftHand(0.00210, 0.99642, 0.05498, -0.06418)
 
 

leftHand(0.00210, 0.99642, 0.05498, -0.06418)
 
 

leftHand(0.00210, 0.99642, 0.05498, -0.06418)
 
 

leftHand(0.00210, 0.99642, 0.05498, -0.06418)
 
 

leftHand(0.00679, 0.99646, 0.05468, -0.06345)
 
 

leftHand(0.00679, 0.99646, 0.05468, -0.06345)
 
 

leftHand(0.00679, 0.99646, 0.05468, -0.06345)
 
 

leftHand(0.00679, 0.99646, 0.05468, -0.06345)
 
 

leftHand(0.00848, 0.99663, 0.05302, -0.06194)
 
 

leftHand(0.00848, 0.99663, 0.05302, -0.06194)
 
 

leftHand(0.00848, 0.99663, 0.05302, -0.06194)
 
 

leftHand(0.00848, 0.99663, 0.05302, -0.06194)
 
 

leftHand(0.00754, 0.99686, 0.04991, -0.06102)
 
 

leftHand(0.00754, 0.99686, 0.04991, -0.06102)
 
 

leftHand(0.00754, 0.99686, 0.04991, -0.06102)
 
 

leftHand(0.00754, 0.99686, 0.04991, -0.06102)
 
 

leftHand(0.00780, 0.99689, 0.04932, -0.06102)
 
 

leftHand(0.00780, 0.99689, 0.04932, -0.06102)
 
 

leftHand(0.00780, 0.99689, 0.04932, -0.06102)
 
 

leftHand(0.00780, 0.99689, 0.04932, -0.06102)
 
 

leftHand(0.00780, 0.99689, 0.04932, -0.06102)
 
 

leftHand(0.00780, 0.99689, 0.04932, -0.06102)
 
 

leftHand(0.01023, 0.99676, 0.05165, -0.06085)
 
 

leftHand(0.01023, 0.99676, 0.05165, -0.06085)
 
 

leftHand(0.01023, 0.99676, 0.05165, -0.06085)
 
 

leftHand(0.01023, 0.99676, 0.05165, -0.06085)
 
 

leftHand(0.01023, 0.99676, 0.05165, -0.06085)
 
 

leftHand(0.01023, 0.99676, 0.05165, -0.06085)
 
 

leftHand(0.00977, 0.99676, 0.05185, -0.06074)
 
 

leftHand(0.00977, 0.99676, 0.05185, -0.06074)
 
 

leftHand(0.00977, 0.99676, 0.05185, -0.06074)
 
 

leftHand(0.00977, 0.99676, 0.05185, -0.06074)
 
 

leftHand(0.00977, 0.99676, 0.05185, -0.06074)
 
 

leftHand(0.00977, 0.99676, 0.05185, -0.06074)
 
 

leftHand(0.01246, 0.99686, 0.05055, -0.05965)
 
 

leftHand(0.01246, 0.99686, 0.05055, -0.05965)
 
 

leftHand(0.01246, 0.99686, 0.05055, -0.05965)
 
 

leftHand(0.01246, 0.99686, 0.05055, -0.05965)
 
 

leftHand(0.01246, 0.99686, 0.05055, -0.05965)
 
 

leftHand(0.01246, 0.99686, 0.05055, -0.05965)
 
 

leftHand(0.03102, 0.99685, 0.04176, -0.05991)
 
 

leftHand(0.03102, 0.99685, 0.04176, -0.05991)
 
 

leftHand(0.03102, 0.99685, 0.04176, -0.05991)
 
 

leftHand(0.03102, 0.99685, 0.04176, -0.05991)
 
 

leftHand(0.03102, 0.99685, 0.04176, -0.05991)
 
 

leftHand(0.03102, 0.99685, 0.04176, -0.05991)
 
 

leftHand(0.04225, 0.99684, 0.03673, -0.05641)
 
 

leftHand(0.04225, 0.99684, 0.03673, -0.05641)
 
 

leftHand(0.04225, 0.99684, 0.03673, -0.05641)
 
 

leftHand(0.04225, 0.99684, 0.03673, -0.05641)
 
 

leftHand(0.04225, 0.99684, 0.03673, -0.05641)
 
 

leftHand(0.04225, 0.99684, 0.03673, -0.05641)
 
 

leftHand(0.04225, 0.99684, 0.03673, -0.05641)
 
 

leftHand(0.04225, 0.99684, 0.03673, -0.05641)
 
 

leftHand(0.03343, 0.99728, 0.03716, -0.05415)
 
 

leftHand(0.03343, 0.99728, 0.03716, -0.05415)
 
 

leftHand(0.03343, 0.99728, 0.03716, -0.05415)
 
 

leftHand(0.03343, 0.99728, 0.03716, -0.05415)
 
 

leftHand(0.03343, 0.99728, 0.03716, -0.05415)
 
 

leftHand(0.03343, 0.99728, 0.03716, -0.05415)
 
 

leftHand(0.03343, 0.99728, 0.03716, -0.05415)
 
 

leftHand(0.03343, 0.99728, 0.03716, -0.05415)
 
 

leftHand(0.02932, 0.99742, 0.03807, -0.05334)
 
 

leftHand(0.02932, 0.99742, 0.03807, -0.05334)
 
 

leftHand(0.02932, 0.99742, 0.03807, -0.05334)
 
 

leftHand(0.02932, 0.99742, 0.03807, -0.05334)
 
 

leftHand(0.02932, 0.99742, 0.03807, -0.05334)
 
 

leftHand(0.02932, 0.99742, 0.03807, -0.05334)
 
 

leftHand(0.02932, 0.99742, 0.03807, -0.05334)
 
 

leftHand(0.02932, 0.99742, 0.03807, -0.05334)
 
 

leftHand(0.02255, 0.99746, 0.04193, -0.05300)
 
 

leftHand(0.02255, 0.99746, 0.04193, -0.05300)
 
 

leftHand(0.02255, 0.99746, 0.04193, -0.05300)
 
 

leftHand(0.02255, 0.99746, 0.04193, -0.05300)
 
 

leftHand(0.02255, 0.99746, 0.04193, -0.05300)
 
 

leftHand(0.02255, 0.99746, 0.04193, -0.05300)
 
 

leftHand(0.02255, 0.99746, 0.04193, -0.05300)
 
 

leftHand(0.02255, 0.99746, 0.04193, -0.05300)
 
 

leftHand(0.02339, 0.99720, 0.04445, -0.05535)
 
 

leftHand(0.02339, 0.99720, 0.04445, -0.05535)
 
 

leftHand(0.02339, 0.99720, 0.04445, -0.05535)
 
 

leftHand(0.02339, 0.99720, 0.04445, -0.05535)
 
 

leftHand(0.02339, 0.99720, 0.04445, -0.05535)
 
 

leftHand(0.02339, 0.99720, 0.04445, -0.05535)
 
 

leftHand(0.02339, 0.99720, 0.04445, -0.05535)
 
 

leftHand(0.02339, 0.99720, 0.04445, -0.05535)
 
 

leftHand(0.01833, 0.99696, 0.04744, -0.05900)
 
 

leftHand(0.01833, 0.99696, 0.04744, -0.05900)
 
 

leftHand(0.01833, 0.99696, 0.04744, -0.05900)
 
 

leftHand(0.01833, 0.99696, 0.04744, -0.05900)
 
 

leftHand(0.01833, 0.99696, 0.04744, -0.05900)
 
 

leftHand(0.01833, 0.99696, 0.04744, -0.05900)
 
 

leftHand(0.01833, 0.99696, 0.04744, -0.05900)
 
 

leftHand(0.01833, 0.99696, 0.04744, -0.05900)
 
 

leftHand(0.01536, 0.99676, 0.04938, -0.06164)
 
 

leftHand(0.01536, 0.99676, 0.04938, -0.06164)
 
 

leftHand(0.01536, 0.99676, 0.04938, -0.06164)
 
 

leftHand(0.01536, 0.99676, 0.04938, -0.06164)
 
 

leftHand(0.01536, 0.99676, 0.04938, -0.06164)
 
 

leftHand(0.01536, 0.99676, 0.04938, -0.06164)
 
 

leftHand(0.01536, 0.99676, 0.04938, -0.06164)
 
 

leftHand(0.01536, 0.99676, 0.04938, -0.06164)
 
 

leftHand(0.01623, 0.99627, 0.05234, -0.06670)
 
 

leftHand(0.01623, 0.99627, 0.05234, -0.06670)
 
 

leftHand(0.01623, 0.99627, 0.05234, -0.06670)
 
 

leftHand(0.01623, 0.99627, 0.05234, -0.06670)
 
 

leftHand(0.01623, 0.99627, 0.05234, -0.06670)
 
 

leftHand(0.01623, 0.99627, 0.05234, -0.06670)
 
 

leftHand(0.01724, 0.99584, 0.05328, -0.07190)
 
 

leftHand(0.01724, 0.99584, 0.05328, -0.07190)
 
 

leftHand(0.01724, 0.99584, 0.05328, -0.07190)
 
 

leftHand(0.01724, 0.99584, 0.05328, -0.07190)
 
 

leftHand(0.01724, 0.99584, 0.05328, -0.07190)
 
 

leftHand(0.01724, 0.99584, 0.05328, -0.07190)
 
 

leftHand(0.01170, 0.99555, 0.05331, -0.07684)
 
 

leftHand(0.01170, 0.99555, 0.05331, -0.07684)
 
 

leftHand(0.01170, 0.99555, 0.05331, -0.07684)
 
 

leftHand(0.01170, 0.99555, 0.05331, -0.07684)
 
 

leftHand(0.01170, 0.99555, 0.05331, -0.07684)
 
 

leftHand(0.01170, 0.99555, 0.05331, -0.07684)
 
 

leftHand(0.01216, 0.99521, 0.05356, -0.08084)
 
 

leftHand(0.01216, 0.99521, 0.05356, -0.08084)
 
 

leftHand(0.01216, 0.99521, 0.05356, -0.08084)
 
 

leftHand(0.01216, 0.99521, 0.05356, -0.08084)
 
 

leftHand(0.01216, 0.99521, 0.05356, -0.08084)
 
 

leftHand(0.01216, 0.99521, 0.05356, -0.08084)
 
 

leftHand(0.01551, 0.99506, 0.05604, -0.08049)
 
 

leftHand(0.01551, 0.99506, 0.05604, -0.08049)
 
 

leftHand(0.01551, 0.99506, 0.05604, -0.08049)
 
 

leftHand(0.01551, 0.99506, 0.05604, -0.08049)
 
 

leftHand(0.01551, 0.99506, 0.05604, -0.08049)
 
 

leftHand(0.01551, 0.99506, 0.05604, -0.08049)
 
 

leftHand(0.01501, 0.99506, 0.05934, -0.07819)
 
 

leftHand(0.01501, 0.99506, 0.05934, -0.07819)
 
 

leftHand(0.01501, 0.99506, 0.05934, -0.07819)
 
 

leftHand(0.01501, 0.99506, 0.05934, -0.07819)
 
 

leftHand(0.01463, 0.99510, 0.06062, -0.07678)
 
 

leftHand(0.01463, 0.99510, 0.06062, -0.07678)
 
 

leftHand(0.01463, 0.99510, 0.06062, -0.07678)
 
 

leftHand(0.01463, 0.99510, 0.06062, -0.07678)
 
 

leftHand(0.01802, 0.99508, 0.06159, -0.07546)
 
 

leftHand(0.01802, 0.99508, 0.06159, -0.07546)
 
 

leftHand(0.01802, 0.99508, 0.06159, -0.07546)
 
 

leftHand(0.01802, 0.99508, 0.06159, -0.07546)
 
 

leftHand(0.01924, 0.99513, 0.06033, -0.07554)
 
 

leftHand(0.01924, 0.99513, 0.06033, -0.07554)
 
 

leftHand(0.01924, 0.99513, 0.06033, -0.07554)
 
 

leftHand(0.01924, 0.99513, 0.06033, -0.07554)
 
 

leftHand(0.01530, 0.99528, 0.05866, -0.07583)
 
 

leftHand(0.01530, 0.99528, 0.05866, -0.07583)
 
 

leftHand(0.01530, 0.99528, 0.05866, -0.07583)
 
 

leftHand(0.01530, 0.99528, 0.05866, -0.07583)
 
 

leftHand(0.01385, 0.99529, 0.05771, -0.07660)
 
 

leftHand(0.01385, 0.99529, 0.05771, -0.07660)
 
 

leftHand(0.01385, 0.99529, 0.05771, -0.07660)
 
 

leftHand(0.01385, 0.99529, 0.05771, -0.07660)
 
 

leftHand(0.01610, 0.99517, 0.05640, -0.07874)
 
 

leftHand(0.01610, 0.99517, 0.05640, -0.07874)
 
 

leftHand(0.01610, 0.99517, 0.05640, -0.07874)
 
 

leftHand(0.01610, 0.99517, 0.05640, -0.07874)
 
 

leftHand(0.01457, 0.99503, 0.05622, -0.08090)
 
 

leftHand(0.01457, 0.99503, 0.05622, -0.08090)
 
 

leftHand(0.01457, 0.99503, 0.05622, -0.08090)
 
 

leftHand(0.01457, 0.99503, 0.05622, -0.08090)
 
 

leftHand(0.01202, 0.99496, 0.05645, -0.08205)
 
 

leftHand(0.01202, 0.99496, 0.05645, -0.08205)
 
 

leftHand(0.01202, 0.99496, 0.05645, -0.08205)
 
 

leftHand(0.01202, 0.99496, 0.05645, -0.08205)
 
 

leftHand(0.01390, 0.99483, 0.05645, -0.08325)
 
 

leftHand(0.01390, 0.99483, 0.05645, -0.08325)
 
 

leftHand(0.01390, 0.99483, 0.05645, -0.08325)
 
 

leftHand(0.01390, 0.99483, 0.05645, -0.08325)
 
 

leftHand(0.01438, 0.99476, 0.05555, -0.08467)
 
 

leftHand(0.01438, 0.99476, 0.05555, -0.08467)
 
 

leftHand(0.01438, 0.99476, 0.05555, -0.08467)
 
 

leftHand(0.01438, 0.99476, 0.05555, -0.08467)
 
 

leftHand(0.01273, 0.99480, 0.05538, -0.08458)
 
 

leftHand(0.01273, 0.99480, 0.05538, -0.08458)
 
 

leftHand(0.01273, 0.99480, 0.05538, -0.08458)
 
 

leftHand(0.01273, 0.99480, 0.05538, -0.08458)
 
 

leftHand(0.01221, 0.99477, 0.05598, -0.08460)
 
 

leftHand(0.01221, 0.99477, 0.05598, -0.08460)
 
 

leftHand(0.01221, 0.99477, 0.05598, -0.08460)
 
 

leftHand(0.01221, 0.99477, 0.05598, -0.08460)
 
 

leftHand(0.01550, 0.99449, 0.05695, -0.08659)
 
 

leftHand(0.01550, 0.99449, 0.05695, -0.08659)
 
 

leftHand(0.01550, 0.99449, 0.05695, -0.08659)
 
 

leftHand(0.01550, 0.99449, 0.05695, -0.08659)
 
 

leftHand(0.01569, 0.99436, 0.05657, -0.08831)
 
 

leftHand(0.01569, 0.99436, 0.05657, -0.08831)
 
 

leftHand(0.01569, 0.99436, 0.05657, -0.08831)
 
 

leftHand(0.01569, 0.99436, 0.05657, -0.08831)
 
 

leftHand(0.01387, 0.99434, 0.05604, -0.08920)
 
 

leftHand(0.01387, 0.99434, 0.05604, -0.08920)
 
 

leftHand(0.01387, 0.99434, 0.05604, -0.08920)
 
 

leftHand(0.01387, 0.99434, 0.05604, -0.08920)
 
 

leftHand(0.01297, 0.99418, 0.05600, -0.09112)
 
 

leftHand(0.01297, 0.99418, 0.05600, -0.09112)
 
 

leftHand(0.01297, 0.99418, 0.05600, -0.09112)
 
 

leftHand(0.01297, 0.99418, 0.05600, -0.09112)
 
 

leftHand(0.01595, 0.99402, 0.05710, -0.09175)
 
 

leftHand(0.01595, 0.99402, 0.05710, -0.09175)
 
 

leftHand(0.01595, 0.99402, 0.05710, -0.09175)
 
 

leftHand(0.01595, 0.99402, 0.05710, -0.09175)
 
 

leftHand(0.01555, 0.99412, 0.05731, -0.09057)
 
 

leftHand(0.01555, 0.99412, 0.05731, -0.09057)
 
 

leftHand(0.01555, 0.99412, 0.05731, -0.09057)
 
 

leftHand(0.01555, 0.99412, 0.05731, -0.09057)
 
 

leftHand(0.01446, 0.99417, 0.05746, -0.09013)
 
 

leftHand(0.01446, 0.99417, 0.05746, -0.09013)
 
 

leftHand(0.01446, 0.99417, 0.05746, -0.09013)
 
 

leftHand(0.01446, 0.99417, 0.05746, -0.09013)
 
 

leftHand(0.01594, 0.99407, 0.05725, -0.09105)
 
 

leftHand(0.01594, 0.99407, 0.05725, -0.09105)
 
 

leftHand(0.01594, 0.99407, 0.05725, -0.09105)
 
 

leftHand(0.01594, 0.99407, 0.05725, -0.09105)
 
 

leftHand(0.01731, 0.99384, 0.05605, -0.09400)
 
 

leftHand(0.01731, 0.99384, 0.05605, -0.09400)
 
 

leftHand(0.01731, 0.99384, 0.05605, -0.09400)
 
 

leftHand(0.01731, 0.99384, 0.05605, -0.09400)
 
 

leftHand(0.01530, 0.99365, 0.05557, -0.09659)
 
 

leftHand(0.01530, 0.99365, 0.05557, -0.09659)
 
 

leftHand(0.01530, 0.99365, 0.05557, -0.09659)
 
 

leftHand(0.01530, 0.99365, 0.05557, -0.09659)
 
 

leftHand(-0.01391, -0.99337, -0.05633, 0.09924)
 
 

leftHand(-0.01391, -0.99337, -0.05633, 0.09924)
 
 

leftHand(-0.01391, -0.99337, -0.05633, 0.09924)
 
 

leftHand(-0.01391, -0.99337, -0.05633, 0.09924)
 
 

leftHand(-0.01565, -0.99231, -0.05759, 0.10844)
 
 

leftHand(-0.01565, -0.99231, -0.05759, 0.10844)
 
 

leftHand(-0.01565, -0.99231, -0.05759, 0.10844)
 
 

leftHand(-0.01565, -0.99231, -0.05759, 0.10844)
 
 

leftHand(-0.01722, -0.99149, -0.05781, 0.11538)
 
 

leftHand(-0.01722, -0.99149, -0.05781, 0.11538)
 
 

leftHand(-0.01722, -0.99149, -0.05781, 0.11538)
 
 

leftHand(-0.01722, -0.99149, -0.05781, 0.11538)
 
 

leftHand(-0.01913, -0.98931, -0.05893, 0.13200)
 
 

leftHand(-0.01913, -0.98931, -0.05893, 0.13200)
 
 

leftHand(-0.01913, -0.98931, -0.05893, 0.13200)
 
 

leftHand(-0.01913, -0.98931, -0.05893, 0.13200)
 
 

leftHand(-0.01913, -0.98931, -0.05893, 0.13200)
 
 

leftHand(-0.01913, -0.98931, -0.05893, 0.13200)
 
 

leftHand(-0.02207, -0.98530, -0.06310, 0.15722)
 
 

leftHand(-0.02207, -0.98530, -0.06310, 0.15722)
 
 

leftHand(-0.02207, -0.98530, -0.06310, 0.15722)
 
 

leftHand(-0.02207, -0.98530, -0.06310, 0.15722)
 
 

leftHand(-0.02207, -0.98530, -0.06310, 0.15722)
 
 

leftHand(-0.02207, -0.98530, -0.06310, 0.15722)
 
 

leftHand(-0.02931, -0.97884, -0.06742, 0.19098)
 
 

leftHand(-0.02931, -0.97884, -0.06742, 0.19098)
 
 

leftHand(-0.02931, -0.97884, -0.06742, 0.19098)
 
 

leftHand(-0.02931, -0.97884, -0.06742, 0.19098)
 
 

leftHand(-0.02931, -0.97884, -0.06742, 0.19098)
 
 

leftHand(-0.02931, -0.97884, -0.06742, 0.19098)
 
 

leftHand(-0.02782, -0.96909, -0.07142, 0.23449)
 
 

leftHand(-0.02782, -0.96909, -0.07142, 0.23449)
 
 

leftHand(-0.02782, -0.96909, -0.07142, 0.23449)
 
 

leftHand(-0.02782, -0.96909, -0.07142, 0.23449)
 
 

leftHand(-0.02782, -0.96909, -0.07142, 0.23449)
 
 

leftHand(-0.02782, -0.96909, -0.07142, 0.23449)
 
 

leftHand(-0.02228, -0.95873, -0.07580, 0.27312)
 
 

leftHand(-0.02228, -0.95873, -0.07580, 0.27312)
 
 

leftHand(-0.02228, -0.95873, -0.07580, 0.27312)
 
 

leftHand(-0.02228, -0.95873, -0.07580, 0.27312)
 
 

leftHand(-0.02228, -0.95873, -0.07580, 0.27312)
 
 

leftHand(-0.02228, -0.95873, -0.07580, 0.27312)
 
 

leftHand(-0.01799, -0.94837, -0.08599, 0.30476)
 
 

leftHand(-0.01799, -0.94837, -0.08599, 0.30476)
 
 

leftHand(-0.01799, -0.94837, -0.08599, 0.30476)
 
 

leftHand(-0.01799, -0.94837, -0.08599, 0.30476)
 
 

leftHand(-0.01799, -0.94837, -0.08599, 0.30476)
 
 

leftHand(-0.01799, -0.94837, -0.08599, 0.30476)
 
 

leftHand(-0.02238, -0.93033, -0.10106, 0.35182)
 
 

leftHand(-0.02238, -0.93033, -0.10106, 0.35182)
 
 

leftHand(-0.02238, -0.93033, -0.10106, 0.35182)
 
 

leftHand(-0.02238, -0.93033, -0.10106, 0.35182)
 
 

leftHand(-0.02238, -0.93033, -0.10106, 0.35182)
 
 

leftHand(-0.02238, -0.93033, -0.10106, 0.35182)
 
 

leftHand(-0.02844, -0.90938, -0.11511, 0.39871)
 
 

leftHand(-0.02844, -0.90938, -0.11511, 0.39871)
 
 

leftHand(-0.02844, -0.90938, -0.11511, 0.39871)
 
 

leftHand(-0.02844, -0.90938, -0.11511, 0.39871)
 
 

leftHand(-0.02844, -0.90938, -0.11511, 0.39871)
 
 

leftHand(-0.02844, -0.90938, -0.11511, 0.39871)
 
 

leftHand(-0.03926, -0.89952, -0.11172, 0.42052)
 
 

leftHand(-0.03926, -0.89952, -0.11172, 0.42052)
 
 

leftHand(-0.03926, -0.89952, -0.11172, 0.42052)
 
 

leftHand(-0.03926, -0.89952, -0.11172, 0.42052)
 
 

leftHand(-0.03926, -0.89952, -0.11172, 0.42052)
 
 

leftHand(-0.03926, -0.89952, -0.11172, 0.42052)
 
 

leftHand(-0.05509, -0.88583, -0.08310, 0.45318)
 
 

leftHand(-0.05509, -0.88583, -0.08310, 0.45318)
 
 

leftHand(-0.05509, -0.88583, -0.08310, 0.45318)
 
 

leftHand(-0.05509, -0.88583, -0.08310, 0.45318)
 
 

leftHand(-0.05509, -0.88583, -0.08310, 0.45318)
 
 

leftHand(-0.05509, -0.88583, -0.08310, 0.45318)
 
 

leftHand(-0.05746, -0.87354, -0.06741, 0.47863)
 
 

leftHand(-0.05746, -0.87354, -0.06741, 0.47863)
 
 

leftHand(-0.05746, -0.87354, -0.06741, 0.47863)
 
 

leftHand(-0.05746, -0.87354, -0.06741, 0.47863)
 
 

leftHand(-0.05746, -0.87354, -0.06741, 0.47863)
 
 

leftHand(-0.05746, -0.87354, -0.06741, 0.47863)
 
 

leftHand(-0.05198, -0.85088, -0.07889, 0.51680)
 
 

leftHand(-0.05198, -0.85088, -0.07889, 0.51680)
 
 

leftHand(-0.05198, -0.85088, -0.07889, 0.51680)
 
 

leftHand(-0.05198, -0.85088, -0.07889, 0.51680)
 
 

leftHand(-0.05198, -0.85088, -0.07889, 0.51680)
 
 

leftHand(-0.05198, -0.85088, -0.07889, 0.51680)
 
 

leftHand(-0.03888, -0.83001, -0.08651, 0.54962)
 
 

leftHand(-0.03888, -0.83001, -0.08651, 0.54962)
 
 

leftHand(-0.03888, -0.83001, -0.08651, 0.54962)
 
 

leftHand(-0.03888, -0.83001, -0.08651, 0.54962)
 
 

leftHand(-0.03888, -0.83001, -0.08651, 0.54962)
 
 

leftHand(-0.03888, -0.83001, -0.08651, 0.54962)
 
 

leftHand(-0.04437, -0.82751, -0.08010, 0.55393)
 
 

leftHand(-0.04437, -0.82751, -0.08010, 0.55393)
 
 

leftHand(-0.04437, -0.82751, -0.08010, 0.55393)
 
 

leftHand(-0.04437, -0.82751, -0.08010, 0.55393)
 
 

leftHand(-0.04437, -0.82751, -0.08010, 0.55393)
 
 

leftHand(-0.04437, -0.82751, -0.08010, 0.55393)
 
 

leftHand(-0.05783, -0.82155, -0.07141, 0.56268)
 
 

leftHand(-0.05783, -0.82155, -0.07141, 0.56268)
 
 

leftHand(-0.05783, -0.82155, -0.07141, 0.56268)
 
 

leftHand(-0.05783, -0.82155, -0.07141, 0.56268)
 
 

leftHand(-0.05841, -0.81464, -0.07450, 0.57219)
 
 

leftHand(-0.05841, -0.81464, -0.07450, 0.57219)
 
 

leftHand(-0.05841, -0.81464, -0.07450, 0.57219)
 
 

leftHand(-0.05841, -0.81464, -0.07450, 0.57219)
 
 

leftHand(-0.05562, -0.81137, -0.07790, 0.57664)
 
 

leftHand(-0.05562, -0.81137, -0.07790, 0.57664)
 
 

leftHand(-0.05562, -0.81137, -0.07790, 0.57664)
 
 

leftHand(-0.05562, -0.81137, -0.07790, 0.57664)
 
 

leftHand(-0.05115, -0.79745, -0.08744, 0.59482)
 
 

leftHand(-0.05115, -0.79745, -0.08744, 0.59482)
 
 

leftHand(-0.05115, -0.79745, -0.08744, 0.59482)
 
 

leftHand(-0.05115, -0.79745, -0.08744, 0.59482)
 
 

leftHand(-0.05389, -0.79034, -0.08740, 0.60400)
 
 

leftHand(-0.05389, -0.79034, -0.08740, 0.60400)
 
 

leftHand(-0.05389, -0.79034, -0.08740, 0.60400)
 
 

leftHand(-0.05389, -0.79034, -0.08740, 0.60400)
 
 

leftHand(-0.05661, -0.77137, -0.08875, 0.62762)
 
 

leftHand(-0.05661, -0.77137, -0.08875, 0.62762)
 
 

leftHand(-0.05661, -0.77137, -0.08875, 0.62762)
 
 

leftHand(-0.05661, -0.77137, -0.08875, 0.62762)
 
 

leftHand(-0.06254, -0.75715, -0.09353, 0.64347)
 
 

leftHand(-0.06254, -0.75715, -0.09353, 0.64347)
 
 

leftHand(-0.06254, -0.75715, -0.09353, 0.64347)
 
 

leftHand(-0.06254, -0.75715, -0.09353, 0.64347)
 
 

leftHand(-0.06827, -0.74363, -0.10154, 0.65730)
 
 

leftHand(-0.06827, -0.74363, -0.10154, 0.65730)
 
 

leftHand(-0.06827, -0.74363, -0.10154, 0.65730)
 
 

leftHand(-0.06827, -0.74363, -0.10154, 0.65730)
 
 

leftHand(-0.08460, -0.73036, -0.10646, 0.66939)
 
 

leftHand(-0.08460, -0.73036, -0.10646, 0.66939)
 
 

leftHand(-0.08460, -0.73036, -0.10646, 0.66939)
 
 

leftHand(-0.08460, -0.73036, -0.10646, 0.66939)
 
 

leftHand(-0.08893, -0.72587, -0.10992, 0.67314)
 
 

leftHand(-0.08893, -0.72587, -0.10992, 0.67314)
 
 

leftHand(-0.08893, -0.72587, -0.10992, 0.67314)
 
 

leftHand(-0.08893, -0.72587, -0.10992, 0.67314)
 
 

leftHand(-0.08845, -0.71627, -0.12090, 0.68155)
 
 

leftHand(-0.08845, -0.71627, -0.12090, 0.68155)
 
 

leftHand(-0.08845, -0.71627, -0.12090, 0.68155)
 
 

leftHand(-0.08845, -0.71627, -0.12090, 0.68155)
 
 

leftHand(-0.08495, -0.70761, -0.12857, 0.68960)
 
 

leftHand(-0.08495, -0.70761, -0.12857, 0.68960)
 
 

leftHand(-0.08495, -0.70761, -0.12857, 0.68960)
 
 

leftHand(-0.08495, -0.70761, -0.12857, 0.68960)
 
 

leftHand(-0.08482, -0.70654, -0.12809, 0.69080)
 
 

leftHand(-0.08482, -0.70654, -0.12809, 0.69080)
 
 

leftHand(-0.08482, -0.70654, -0.12809, 0.69080)
 
 

leftHand(-0.08482, -0.70654, -0.12809, 0.69080)
 
 

leftHand(-0.08450, -0.70830, -0.12545, 0.68951)
 
 

leftHand(-0.08450, -0.70830, -0.12545, 0.68951)
 
 

leftHand(-0.08450, -0.70830, -0.12545, 0.68951)
 
 

leftHand(-0.08450, -0.70830, -0.12545, 0.68951)
 
 

leftHand(-0.07582, -0.71136, -0.12463, 0.68752)
 
 

leftHand(-0.07582, -0.71136, -0.12463, 0.68752)
 
 

leftHand(-0.07582, -0.71136, -0.12463, 0.68752)
 
 

leftHand(-0.07582, -0.71136, -0.12463, 0.68752)
 
 

leftHand(-0.07093, -0.71011, -0.12621, 0.68904)
 
 

leftHand(-0.07093, -0.71011, -0.12621, 0.68904)
 
 

leftHand(-0.07093, -0.71011, -0.12621, 0.68904)
 
 

leftHand(-0.07093, -0.71011, -0.12621, 0.68904)
 
 

leftHand(-0.07661, -0.70912, -0.11999, 0.69057)
 
 

leftHand(-0.07661, -0.70912, -0.11999, 0.69057)
 
 

leftHand(-0.07661, -0.70912, -0.11999, 0.69057)
 
 

leftHand(-0.07661, -0.70912, -0.11999, 0.69057)
 
 

leftHand(-0.07419, -0.71130, -0.11933, 0.68871)
 
 

leftHand(-0.07419, -0.71130, -0.11933, 0.68871)
 
 

leftHand(-0.07419, -0.71130, -0.11933, 0.68871)
 
 

leftHand(-0.07419, -0.71130, -0.11933, 0.68871)
 
 

leftHand(-0.06651, -0.71368, -0.12727, 0.68560)
 
 

leftHand(-0.06651, -0.71368, -0.12727, 0.68560)
 
 

leftHand(-0.06651, -0.71368, -0.12727, 0.68560)
 
 

leftHand(-0.06651, -0.71368, -0.12727, 0.68560)
 
 

leftHand(-0.06704, -0.71424, -0.12647, 0.68511)
 
 

leftHand(-0.06704, -0.71424, -0.12647, 0.68511)
 
 

leftHand(-0.06704, -0.71424, -0.12647, 0.68511)
 
 

leftHand(-0.06704, -0.71424, -0.12647, 0.68511)
 
 

leftHand(-0.06418, -0.71606, -0.12193, 0.68430)
 
 

leftHand(-0.06418, -0.71606, -0.12193, 0.68430)
 
 

leftHand(-0.06418, -0.71606, -0.12193, 0.68430)
 
 

leftHand(-0.06418, -0.71606, -0.12193, 0.68430)
 
 

leftHand(-0.05975, -0.71554, -0.12230, 0.68518)
 
 

leftHand(-0.05975, -0.71554, -0.12230, 0.68518)
 
 

leftHand(-0.05975, -0.71554, -0.12230, 0.68518)
 
 

leftHand(-0.05975, -0.71554, -0.12230, 0.68518)
 
 

leftHand(-0.05885, -0.71423, -0.12552, 0.68605)
 
 

leftHand(-0.05885, -0.71423, -0.12552, 0.68605)
 
 

leftHand(-0.05885, -0.71423, -0.12552, 0.68605)
 
 

leftHand(-0.05885, -0.71423, -0.12552, 0.68605)
 
 

leftHand(-0.06489, -0.71170, -0.12843, 0.68759)
 
 

leftHand(-0.06489, -0.71170, -0.12843, 0.68759)
 
 

leftHand(-0.06489, -0.71170, -0.12843, 0.68759)
 
 

leftHand(-0.06489, -0.71170, -0.12843, 0.68759)
 
 

leftHand(-0.06411, -0.71196, -0.13079, 0.68694)
 
 

leftHand(-0.06411, -0.71196, -0.13079, 0.68694)
 
 

leftHand(-0.06411, -0.71196, -0.13079, 0.68694)
 
 

leftHand(-0.06411, -0.71196, -0.13079, 0.68694)
 
 

leftHand(-0.06041, -0.71316, -0.13621, 0.68499)
 
 

leftHand(-0.06041, -0.71316, -0.13621, 0.68499)
 
 

leftHand(-0.06041, -0.71316, -0.13621, 0.68499)
 
 

leftHand(-0.06041, -0.71316, -0.13621, 0.68499)
 
 

leftHand(-0.06378, -0.71161, -0.13424, 0.68668)
 
 

leftHand(-0.06378, -0.71161, -0.13424, 0.68668)
 
 

leftHand(-0.06378, -0.71161, -0.13424, 0.68668)
 
 

leftHand(-0.06378, -0.71161, -0.13424, 0.68668)
 
 

leftHand(-0.06378, -0.71161, -0.13424, 0.68668)
 
 

leftHand(-0.06378, -0.71161, -0.13424, 0.68668)
 
 

leftHand(-0.06541, -0.71035, -0.13179, 0.68830)
 
 

leftHand(-0.06541, -0.71035, -0.13179, 0.68830)
 
 

leftHand(-0.06541, -0.71035, -0.13179, 0.68830)
 
 

leftHand(-0.06541, -0.71035, -0.13179, 0.68830)
 
 

leftHand(-0.06541, -0.71035, -0.13179, 0.68830)
 
 

leftHand(-0.06541, -0.71035, -0.13179, 0.68830)
 
 

leftHand(-0.06304, -0.71014, -0.13289, 0.68853)
 
 

leftHand(-0.06304, -0.71014, -0.13289, 0.68853)
 
 

leftHand(-0.06304, -0.71014, -0.13289, 0.68853)
 
 

leftHand(-0.06304, -0.71014, -0.13289, 0.68853)
 
 

leftHand(-0.06304, -0.71014, -0.13289, 0.68853)
 
 

leftHand(-0.06304, -0.71014, -0.13289, 0.68853)
 
 

leftHand(-0.06187, -0.71112, -0.13517, 0.68717)
 
 

leftHand(-0.06187, -0.71112, -0.13517, 0.68717)
 
 

leftHand(-0.06187, -0.71112, -0.13517, 0.68717)
 
 

leftHand(-0.06187, -0.71112, -0.13517, 0.68717)
 
 

leftHand(-0.06187, -0.71112, -0.13517, 0.68717)
 
 

leftHand(-0.06187, -0.71112, -0.13517, 0.68717)
 
 

leftHand(-0.05923, -0.71070, -0.13794, 0.68729)
 
 

leftHand(-0.05923, -0.71070, -0.13794, 0.68729)
 
 

leftHand(-0.05923, -0.71070, -0.13794, 0.68729)
 
 

leftHand(-0.05923, -0.71070, -0.13794, 0.68729)
 
 

leftHand(-0.05923, -0.71070, -0.13794, 0.68729)
 
 

leftHand(-0.05923, -0.71070, -0.13794, 0.68729)
 
 

leftHand(-0.06054, -0.70982, -0.13703, 0.68827)
 
 

leftHand(-0.06054, -0.70982, -0.13703, 0.68827)
 
 

leftHand(-0.06054, -0.70982, -0.13703, 0.68827)
 
 

leftHand(-0.06054, -0.70982, -0.13703, 0.68827)
 
 

leftHand(-0.06054, -0.70982, -0.13703, 0.68827)
 
 

leftHand(-0.06054, -0.70982, -0.13703, 0.68827)
 
 

leftHand(-0.06188, -0.71352, -0.13259, 0.68519)
 
 

leftHand(-0.06188, -0.71352, -0.13259, 0.68519)
 
 

leftHand(-0.06188, -0.71352, -0.13259, 0.68519)
 
 

leftHand(-0.06188, -0.71352, -0.13259, 0.68519)
 
 

leftHand(-0.06188, -0.71352, -0.13259, 0.68519)
 
 

leftHand(-0.06188, -0.71352, -0.13259, 0.68519)
 
 

leftHand(-0.05495, -0.71173, -0.13920, 0.68633)
 
 

leftHand(-0.05495, -0.71173, -0.13920, 0.68633)
 
 

leftHand(-0.05495, -0.71173, -0.13920, 0.68633)
 
 

leftHand(-0.05495, -0.71173, -0.13920, 0.68633)
 
 

leftHand(-0.05495, -0.71173, -0.13920, 0.68633)
 
 

leftHand(-0.05495, -0.71173, -0.13920, 0.68633)
 
 

leftHand(-0.05563, -0.70936, -0.13964, 0.68864)
 
 

leftHand(-0.05563, -0.70936, -0.13964, 0.68864)
 
 

leftHand(-0.05563, -0.70936, -0.13964, 0.68864)
 
 

leftHand(-0.05563, -0.70936, -0.13964, 0.68864)
 
 

leftHand(-0.05563, -0.70936, -0.13964, 0.68864)
 
 

leftHand(-0.05563, -0.70936, -0.13964, 0.68864)
 
 

leftHand(-0.05898, -0.70708, -0.13796, 0.69103)
 
 

leftHand(-0.05898, -0.70708, -0.13796, 0.69103)
 
 

leftHand(-0.05898, -0.70708, -0.13796, 0.69103)
 
 

leftHand(-0.05898, -0.70708, -0.13796, 0.69103)
 
 

leftHand(-0.05898, -0.70708, -0.13796, 0.69103)
 
 

leftHand(-0.05898, -0.70708, -0.13796, 0.69103)
 
 

leftHand(-0.06236, -0.70913, -0.13575, 0.68907)
 
 

leftHand(-0.06236, -0.70913, -0.13575, 0.68907)
 
 

leftHand(-0.06236, -0.70913, -0.13575, 0.68907)
 
 

leftHand(-0.06236, -0.70913, -0.13575, 0.68907)
 
 

leftHand(-0.06236, -0.70913, -0.13575, 0.68907)
 
 

leftHand(-0.06236, -0.70913, -0.13575, 0.68907)
 
 

leftHand(-0.06025, -0.71166, -0.13695, 0.68641)
 
 

leftHand(-0.06025, -0.71166, -0.13695, 0.68641)
 
 

leftHand(-0.06025, -0.71166, -0.13695, 0.68641)
 
 

leftHand(-0.06025, -0.71166, -0.13695, 0.68641)
 
 

leftHand(-0.05852, -0.71028, -0.13843, 0.68769)
 
 

leftHand(-0.05852, -0.71028, -0.13843, 0.68769)
 
 

leftHand(-0.05852, -0.71028, -0.13843, 0.68769)
 
 

leftHand(-0.05852, -0.71028, -0.13843, 0.68769)
 
 

leftHand(-0.05408, -0.70712, -0.13784, 0.69141)
 
 

leftHand(-0.05408, -0.70712, -0.13784, 0.69141)
 
 

leftHand(-0.05408, -0.70712, -0.13784, 0.69141)
 
 

leftHand(-0.05408, -0.70712, -0.13784, 0.69141)
 
 

leftHand(-0.05230, -0.70637, -0.13929, 0.69202)
 
 

leftHand(-0.05230, -0.70637, -0.13929, 0.69202)
 
 

leftHand(-0.05230, -0.70637, -0.13929, 0.69202)
 
 

leftHand(-0.05230, -0.70637, -0.13929, 0.69202)
 
 

leftHand(-0.05908, -0.70657, -0.13890, 0.69135)
 
 

leftHand(-0.05908, -0.70657, -0.13890, 0.69135)
 
 

leftHand(-0.05908, -0.70657, -0.13890, 0.69135)
 
 

leftHand(-0.05908, -0.70657, -0.13890, 0.69135)
 
 

leftHand(-0.06050, -0.70576, -0.14101, 0.69163)
 
 

leftHand(-0.06050, -0.70576, -0.14101, 0.69163)
 
 

leftHand(-0.06050, -0.70576, -0.14101, 0.69163)
 
 

leftHand(-0.06050, -0.70576, -0.14101, 0.69163)
 
 

leftHand(-0.06326, -0.70529, -0.14148, 0.69178)
 
 

leftHand(-0.06326, -0.70529, -0.14148, 0.69178)
 
 

leftHand(-0.06326, -0.70529, -0.14148, 0.69178)
 
 

leftHand(-0.06326, -0.70529, -0.14148, 0.69178)
 
 

leftHand(-0.06335, -0.70576, -0.14299, 0.69097)
 
 

leftHand(-0.06335, -0.70576, -0.14299, 0.69097)
 
 

leftHand(-0.06335, -0.70576, -0.14299, 0.69097)
 
 

leftHand(-0.06335, -0.70576, -0.14299, 0.69097)
 
 

leftHand(-0.05740, -0.70604, -0.14394, 0.69101)
 
 

leftHand(-0.05740, -0.70604, -0.14394, 0.69101)
 
 

leftHand(-0.05740, -0.70604, -0.14394, 0.69101)
 
 

leftHand(-0.05740, -0.70604, -0.14394, 0.69101)
 
 

leftHand(-0.05552, -0.70487, -0.14233, 0.69269)
 
 

leftHand(-0.05552, -0.70487, -0.14233, 0.69269)
 
 

leftHand(-0.05552, -0.70487, -0.14233, 0.69269)
 
 

leftHand(-0.05552, -0.70487, -0.14233, 0.69269)
 
 

leftHand(-0.05587, -0.70477, -0.14210, 0.69281)
 
 

leftHand(-0.05587, -0.70477, -0.14210, 0.69281)
 
 

leftHand(-0.05587, -0.70477, -0.14210, 0.69281)
 
 

leftHand(-0.05587, -0.70477, -0.14210, 0.69281)
 
 

leftHand(-0.05741, -0.70609, -0.14035, 0.69170)
 
 

leftHand(-0.05741, -0.70609, -0.14035, 0.69170)
 
 

leftHand(-0.05741, -0.70609, -0.14035, 0.69170)
 
 

leftHand(-0.05741, -0.70609, -0.14035, 0.69170)
 
 

leftHand(-0.05468, -0.70694, -0.14202, 0.69071)
 
 

leftHand(-0.05468, -0.70694, -0.14202, 0.69071)
 
 

leftHand(-0.05468, -0.70694, -0.14202, 0.69071)
 
 

leftHand(-0.05468, -0.70694, -0.14202, 0.69071)
 
 

leftHand(-0.05247, -0.70548, -0.14355, 0.69205)
 
 

leftHand(-0.05247, -0.70548, -0.14355, 0.69205)
 
 

leftHand(-0.05247, -0.70548, -0.14355, 0.69205)
 
 

leftHand(-0.05247, -0.70548, -0.14355, 0.69205)
 
 

leftHand(-0.05238, -0.70499, -0.14334, 0.69260)
 
 

leftHand(-0.05238, -0.70499, -0.14334, 0.69260)
 
 

leftHand(-0.05238, -0.70499, -0.14334, 0.69260)
 
 

leftHand(-0.05238, -0.70499, -0.14334, 0.69260)
 
 

leftHand(-0.05313, -0.70567, -0.14257, 0.69201)
 
 

leftHand(-0.05313, -0.70567, -0.14257, 0.69201)
 
 

leftHand(-0.05313, -0.70567, -0.14257, 0.69201)
 
 

leftHand(-0.05313, -0.70567, -0.14257, 0.69201)
 
 

leftHand(-0.05058, -0.70649, -0.14232, 0.69142)
 
 

leftHand(-0.05058, -0.70649, -0.14232, 0.69142)
 
 

leftHand(-0.05058, -0.70649, -0.14232, 0.69142)
 
 

leftHand(-0.05058, -0.70649, -0.14232, 0.69142)
 
 

leftHand(-0.04548, -0.70571, -0.14505, 0.69200)
 
 

leftHand(-0.04548, -0.70571, -0.14505, 0.69200)
 
 

leftHand(-0.04548, -0.70571, -0.14505, 0.69200)
 
 

leftHand(-0.04548, -0.70571, -0.14505, 0.69200)
 
 

leftHand(-0.05075, -0.70543, -0.14337, 0.69227)
 
 

leftHand(-0.05075, -0.70543, -0.14337, 0.69227)
 
 

leftHand(-0.05075, -0.70543, -0.14337, 0.69227)
 
 

leftHand(-0.05075, -0.70543, -0.14337, 0.69227)
 
 

leftHand(-0.05338, -0.70466, -0.14560, 0.69239)
 
 

leftHand(-0.05338, -0.70466, -0.14560, 0.69239)
 
 

leftHand(-0.05338, -0.70466, -0.14560, 0.69239)
 
 

leftHand(-0.05338, -0.70466, -0.14560, 0.69239)
 
 

leftHand(-0.05372, -0.70421, -0.14580, 0.69278)
 
 

leftHand(-0.05372, -0.70421, -0.14580, 0.69278)
 
 

leftHand(-0.05372, -0.70421, -0.14580, 0.69278)
 
 

leftHand(-0.05372, -0.70421, -0.14580, 0.69278)
 
 

leftHand(-0.04847, -0.70347, -0.14857, 0.69333)
 
 

leftHand(-0.04847, -0.70347, -0.14857, 0.69333)
 
 

leftHand(-0.04847, -0.70347, -0.14857, 0.69333)
 
 

leftHand(-0.04847, -0.70347, -0.14857, 0.69333)
 
 

leftHand(-0.04705, -0.70434, -0.14700, 0.69288)
 
 

leftHand(-0.04705, -0.70434, -0.14700, 0.69288)
 
 

leftHand(-0.04705, -0.70434, -0.14700, 0.69288)
 
 

leftHand(-0.04705, -0.70434, -0.14700, 0.69288)
 
 

leftHand(-0.04719, -0.70503, -0.14528, 0.69253)
 
 

leftHand(-0.04719, -0.70503, -0.14528, 0.69253)
 
 

leftHand(-0.04719, -0.70503, -0.14528, 0.69253)
 
 

leftHand(-0.04719, -0.70503, -0.14528, 0.69253)
 
 

leftHand(-0.04307, -0.70465, -0.14832, 0.69254)
 
 

leftHand(-0.04307, -0.70465, -0.14832, 0.69254)
 
 

leftHand(-0.04307, -0.70465, -0.14832, 0.69254)
 
 

leftHand(-0.04307, -0.70465, -0.14832, 0.69254)
 
 

leftHand(-0.04226, -0.70419, -0.15003, 0.69269)
 
 

leftHand(-0.04226, -0.70419, -0.15003, 0.69269)
 
 

leftHand(-0.04226, -0.70419, -0.15003, 0.69269)
 
 

leftHand(-0.04226, -0.70419, -0.15003, 0.69269)
 
 

leftHand(-0.04522, -0.70423, -0.14755, 0.69300)
 
 

leftHand(-0.04522, -0.70423, -0.14755, 0.69300)
 
 

leftHand(-0.04522, -0.70423, -0.14755, 0.69300)
 
 

leftHand(-0.04522, -0.70423, -0.14755, 0.69300)
 
 

leftHand(-0.04211, -0.70594, -0.14632, 0.69171)
 
 

leftHand(-0.04211, -0.70594, -0.14632, 0.69171)
 
 

leftHand(-0.04211, -0.70594, -0.14632, 0.69171)
 
 

leftHand(-0.04211, -0.70594, -0.14632, 0.69171)
 
 

leftHand(-0.02628, -0.70812, -0.14930, 0.68963)
 
 

leftHand(-0.02628, -0.70812, -0.14930, 0.68963)
 
 

leftHand(-0.02628, -0.70812, -0.14930, 0.68963)
 
 

leftHand(-0.02628, -0.70812, -0.14930, 0.68963)
 
 

leftHand(-0.02021, -0.70765, -0.14883, 0.69041)
 
 

leftHand(-0.02021, -0.70765, -0.14883, 0.69041)
 
 

leftHand(-0.02021, -0.70765, -0.14883, 0.69041)
 
 

leftHand(-0.02021, -0.70765, -0.14883, 0.69041)
 
 

leftHand(-0.02021, -0.70765, -0.14883, 0.69041)
 
 

leftHand(-0.02021, -0.70765, -0.14883, 0.69041)
 
 

leftHand(-0.02117, -0.70434, -0.14728, 0.69409)
 
 

leftHand(-0.02117, -0.70434, -0.14728, 0.69409)
 
 

leftHand(-0.02117, -0.70434, -0.14728, 0.69409)
 
 

leftHand(-0.02117, -0.70434, -0.14728, 0.69409)
 
 

leftHand(-0.02117, -0.70434, -0.14728, 0.69409)
 
 

leftHand(-0.02117, -0.70434, -0.14728, 0.69409)
 
 

leftHand(-0.02181, -0.70265, -0.14810, 0.69561)
 
 

leftHand(-0.02181, -0.70265, -0.14810, 0.69561)
 
 

leftHand(-0.02181, -0.70265, -0.14810, 0.69561)
 
 

leftHand(-0.02181, -0.70265, -0.14810, 0.69561)
 
 

leftHand(-0.02181, -0.70265, -0.14810, 0.69561)
 
 

leftHand(-0.02181, -0.70265, -0.14810, 0.69561)
 
 

leftHand(-0.01182, -0.70264, -0.15653, 0.69401)
 
 

leftHand(-0.01182, -0.70264, -0.15653, 0.69401)
 
 

leftHand(-0.01182, -0.70264, -0.15653, 0.69401)
 
 

leftHand(-0.01182, -0.70264, -0.15653, 0.69401)
 
 

leftHand(-0.01182, -0.70264, -0.15653, 0.69401)
 
 

leftHand(-0.01182, -0.70264, -0.15653, 0.69401)
 
 

leftHand(0.00953, -0.70540, -0.16849, 0.68842)
 
 

leftHand(0.00953, -0.70540, -0.16849, 0.68842)
 
 

leftHand(0.00953, -0.70540, -0.16849, 0.68842)
 
 

leftHand(0.00953, -0.70540, -0.16849, 0.68842)
 
 

leftHand(0.00953, -0.70540, -0.16849, 0.68842)
 
 

leftHand(0.00953, -0.70540, -0.16849, 0.68842)
 
 

leftHand(0.03460, -0.70393, -0.18785, 0.68411)
 
 

leftHand(0.03460, -0.70393, -0.18785, 0.68411)
 
 

leftHand(0.03460, -0.70393, -0.18785, 0.68411)
 
 

leftHand(0.03460, -0.70393, -0.18785, 0.68411)
 
 

leftHand(0.03460, -0.70393, -0.18785, 0.68411)
 
 

leftHand(0.03460, -0.70393, -0.18785, 0.68411)
 
 

leftHand(0.05263, -0.69892, -0.20033, 0.68455)
 
 

leftHand(0.05263, -0.69892, -0.20033, 0.68455)
 
 

leftHand(0.05263, -0.69892, -0.20033, 0.68455)
 
 

leftHand(0.05263, -0.69892, -0.20033, 0.68455)
 
 

leftHand(0.05263, -0.69892, -0.20033, 0.68455)
 
 

leftHand(0.05263, -0.69892, -0.20033, 0.68455)
 
 

leftHand(0.07352, -0.69028, -0.21368, 0.68735)
 
 

leftHand(0.07352, -0.69028, -0.21368, 0.68735)
 
 

leftHand(0.07352, -0.69028, -0.21368, 0.68735)
 
 

leftHand(0.07352, -0.69028, -0.21368, 0.68735)
 
 

leftHand(0.10410, -0.67694, -0.24742, 0.68535)
 
 

leftHand(0.10410, -0.67694, -0.24742, 0.68535)
 
 

leftHand(0.10410, -0.67694, -0.24742, 0.68535)
 
 

leftHand(0.10410, -0.67694, -0.24742, 0.68535)
 
 

leftHand(0.16011, -0.64830, -0.32151, 0.67134)
 
 

leftHand(0.16011, -0.64830, -0.32151, 0.67134)
 
 

leftHand(0.16011, -0.64830, -0.32151, 0.67134)
 
 

leftHand(0.16011, -0.64830, -0.32151, 0.67134)
 
 

leftHand(0.21734, -0.61365, -0.38808, 0.65238)
 
 

leftHand(0.21734, -0.61365, -0.38808, 0.65238)
 
 

leftHand(0.21734, -0.61365, -0.38808, 0.65238)
 
 

leftHand(0.21734, -0.61365, -0.38808, 0.65238)
 
 

leftHand(0.23905, -0.60792, -0.39519, 0.64584)
 
 

leftHand(0.23905, -0.60792, -0.39519, 0.64584)
 
 

leftHand(0.23905, -0.60792, -0.39519, 0.64584)
 
 

leftHand(0.23905, -0.60792, -0.39519, 0.64584)
 
 

leftHand(0.26254, -0.60418, -0.39353, 0.64122)
 
 

leftHand(0.26254, -0.60418, -0.39353, 0.64122)
 
 

leftHand(0.26254, -0.60418, -0.39353, 0.64122)
 
 

leftHand(0.26254, -0.60418, -0.39353, 0.64122)
 
 

leftHand(0.34501, -0.57117, -0.44558, 0.59682)
 
 

leftHand(0.34501, -0.57117, -0.44558, 0.59682)
 
 

leftHand(0.34501, -0.57117, -0.44558, 0.59682)
 
 

leftHand(0.34501, -0.57117, -0.44558, 0.59682)
 
 

leftHand(0.35385, -0.57651, -0.49881, 0.54187)
 
 

leftHand(0.35385, -0.57651, -0.49881, 0.54187)
 
 

leftHand(0.35385, -0.57651, -0.49881, 0.54187)
 
 

leftHand(0.35385, -0.57651, -0.49881, 0.54187)
 
 

leftHand(0.34834, -0.57340, -0.53376, 0.51475)
 
 

leftHand(0.34834, -0.57340, -0.53376, 0.51475)
 
 

leftHand(0.34834, -0.57340, -0.53376, 0.51475)
 
 

leftHand(0.34834, -0.57340, -0.53376, 0.51475)
 
 

leftHand(0.38268, -0.52596, -0.57657, 0.49446)
 
 

leftHand(0.38268, -0.52596, -0.57657, 0.49446)
 
 

leftHand(0.38268, -0.52596, -0.57657, 0.49446)
 
 

leftHand(0.38268, -0.52596, -0.57657, 0.49446)
 
 

leftHand(-0.40921, 0.49816, 0.60086, -0.47260)
 
 

leftHand(-0.40921, 0.49816, 0.60086, -0.47260)
 
 

leftHand(-0.40921, 0.49816, 0.60086, -0.47260)
 
 

leftHand(-0.40921, 0.49816, 0.60086, -0.47260)
 
 

leftHand(-0.40405, 0.49222, 0.61231, -0.46855)
 
 

leftHand(-0.40405, 0.49222, 0.61231, -0.46855)
 
 

leftHand(-0.40405, 0.49222, 0.61231, -0.46855)
 
 

leftHand(-0.40405, 0.49222, 0.61231, -0.46855)
 
 

leftHand(0.34631, -0.51412, -0.59377, 0.51301)
 
 

leftHand(0.34631, -0.51412, -0.59377, 0.51301)
 
 

leftHand(0.34631, -0.51412, -0.59377, 0.51301)
 
 

leftHand(0.34631, -0.51412, -0.59377, 0.51301)
 
 

leftHand(0.34539, -0.48709, -0.61110, 0.51962)
 
 

leftHand(0.34539, -0.48709, -0.61110, 0.51962)
 
 

leftHand(0.34539, -0.48709, -0.61110, 0.51962)
 
 

leftHand(0.34539, -0.48709, -0.61110, 0.51962)
 
 

leftHand(-0.38670, 0.43555, 0.65820, -0.47700)
 
 

leftHand(-0.38670, 0.43555, 0.65820, -0.47700)
 
 

leftHand(-0.38670, 0.43555, 0.65820, -0.47700)
 
 

leftHand(-0.38670, 0.43555, 0.65820, -0.47700)
 
 

leftHand(-0.39542, 0.42780, 0.66204, -0.47152)
 
 

leftHand(-0.39542, 0.42780, 0.66204, -0.47152)
 
 

leftHand(-0.39542, 0.42780, 0.66204, -0.47152)
 
 

leftHand(-0.39542, 0.42780, 0.66204, -0.47152)
 
 

leftHand(-0.36577, 0.45183, 0.63402, -0.50997)
 
 

leftHand(-0.36577, 0.45183, 0.63402, -0.50997)
 
 

leftHand(-0.36577, 0.45183, 0.63402, -0.50997)
 
 

leftHand(-0.36577, 0.45183, 0.63402, -0.50997)
 
 

leftHand(-0.37395, 0.44165, 0.63207, -0.51537)
 
 

leftHand(-0.37395, 0.44165, 0.63207, -0.51537)
 
 

leftHand(-0.37395, 0.44165, 0.63207, -0.51537)
 
 

leftHand(-0.37395, 0.44165, 0.63207, -0.51537)
 
 

leftHand(-0.39673, 0.43055, 0.64254, -0.49435)
 
 

leftHand(-0.39673, 0.43055, 0.64254, -0.49435)
 
 

leftHand(-0.39673, 0.43055, 0.64254, -0.49435)
 
 

leftHand(-0.39673, 0.43055, 0.64254, -0.49435)
 
 

leftHand(-0.39839, 0.43421, 0.63935, -0.49394)
 
 

leftHand(-0.39839, 0.43421, 0.63935, -0.49394)
 
 

leftHand(-0.39839, 0.43421, 0.63935, -0.49394)
 
 

leftHand(-0.39839, 0.43421, 0.63935, -0.49394)
 
 

leftHand(-0.39345, 0.43307, 0.63570, -0.50352)
 
 

leftHand(-0.39345, 0.43307, 0.63570, -0.50352)
 
 

leftHand(-0.39345, 0.43307, 0.63570, -0.50352)
 
 

leftHand(-0.39345, 0.43307, 0.63570, -0.50352)
 
 

leftHand(-0.39590, 0.42714, 0.63941, -0.50196)
 
 

leftHand(-0.39590, 0.42714, 0.63941, -0.50196)
 
 

leftHand(-0.39590, 0.42714, 0.63941, -0.50196)
 
 

leftHand(-0.39590, 0.42714, 0.63941, -0.50196)
 
 

leftHand(-0.39416, 0.42797, 0.64150, -0.49996)
 
 

leftHand(-0.39416, 0.42797, 0.64150, -0.49996)
 
 

leftHand(-0.39416, 0.42797, 0.64150, -0.49996)
 
 

leftHand(-0.39416, 0.42797, 0.64150, -0.49996)
 
 

leftHand(-0.38326, 0.43146, 0.64076, -0.50633)
 
 

leftHand(-0.38326, 0.43146, 0.64076, -0.50633)
 
 

leftHand(-0.38326, 0.43146, 0.64076, -0.50633)
 
 

leftHand(-0.38326, 0.43146, 0.64076, -0.50633)
 
 

leftHand(-0.38185, 0.43042, 0.64241, -0.50621)
 
 

leftHand(-0.38185, 0.43042, 0.64241, -0.50621)
 
 

leftHand(-0.38185, 0.43042, 0.64241, -0.50621)
 
 

leftHand(-0.38185, 0.43042, 0.64241, -0.50621)
 
 

leftHand(-0.38450, 0.43067, 0.64361, -0.50245)
 
 

leftHand(-0.38450, 0.43067, 0.64361, -0.50245)
 
 

leftHand(-0.38450, 0.43067, 0.64361, -0.50245)
 
 

leftHand(-0.38450, 0.43067, 0.64361, -0.50245)
 
 

leftHand(-0.38332, 0.43337, 0.63798, -0.50817)
 
 

leftHand(-0.38332, 0.43337, 0.63798, -0.50817)
 
 

leftHand(-0.38332, 0.43337, 0.63798, -0.50817)
 
 

leftHand(-0.38332, 0.43337, 0.63798, -0.50817)
 
 

leftHand(-0.38297, 0.43303, 0.63661, -0.51043)
 
 

leftHand(-0.38297, 0.43303, 0.63661, -0.51043)
 
 

leftHand(-0.38297, 0.43303, 0.63661, -0.51043)
 
 

leftHand(-0.38297, 0.43303, 0.63661, -0.51043)
 
 

leftHand(-0.38754, 0.43304, 0.63936, -0.50349)
 
 

leftHand(-0.38754, 0.43304, 0.63936, -0.50349)
 
 

leftHand(-0.38754, 0.43304, 0.63936, -0.50349)
 
 

leftHand(-0.38754, 0.43304, 0.63936, -0.50349)
 
 

leftHand(-0.38846, 0.43346, 0.64082, -0.50056)
 
 

leftHand(-0.38846, 0.43346, 0.64082, -0.50056)
 
 

leftHand(-0.38846, 0.43346, 0.64082, -0.50056)
 
 

leftHand(-0.38846, 0.43346, 0.64082, -0.50056)
 
 

leftHand(-0.38597, 0.43541, 0.64118, -0.50034)
 
 

leftHand(-0.38597, 0.43541, 0.64118, -0.50034)
 
 

leftHand(-0.38597, 0.43541, 0.64118, -0.50034)
 
 

leftHand(-0.38597, 0.43541, 0.64118, -0.50034)
 
 

leftHand(-0.37997, 0.44071, 0.63561, -0.50734)
 
 

leftHand(-0.37997, 0.44071, 0.63561, -0.50734)
 
 

leftHand(-0.37997, 0.44071, 0.63561, -0.50734)
 
 

leftHand(-0.37997, 0.44071, 0.63561, -0.50734)
 
 

leftHand(-0.38076, 0.43948, 0.63353, -0.51041)
 
 

leftHand(-0.38076, 0.43948, 0.63353, -0.51041)
 
 

leftHand(-0.38076, 0.43948, 0.63353, -0.51041)
 
 

leftHand(-0.38076, 0.43948, 0.63353, -0.51041)
 
 

leftHand(-0.38978, 0.43533, 0.63718, -0.50255)
 
 

leftHand(-0.38978, 0.43533, 0.63718, -0.50255)
 
 

leftHand(-0.38978, 0.43533, 0.63718, -0.50255)
 
 

leftHand(-0.38978, 0.43533, 0.63718, -0.50255)
 
 

leftHand(-0.39151, 0.43659, 0.63617, -0.50139)
 
 

leftHand(-0.39151, 0.43659, 0.63617, -0.50139)
 
 

leftHand(-0.39151, 0.43659, 0.63617, -0.50139)
 
 

leftHand(-0.39151, 0.43659, 0.63617, -0.50139)
 
 

leftHand(-0.38712, 0.43971, 0.63070, -0.50893)
 
 

leftHand(-0.38712, 0.43971, 0.63070, -0.50893)
 
 

leftHand(-0.38712, 0.43971, 0.63070, -0.50893)
 
 

leftHand(-0.38712, 0.43971, 0.63070, -0.50893)
 
 

leftHand(-0.38167, 0.44207, 0.62408, -0.51906)
 
 

leftHand(-0.38167, 0.44207, 0.62408, -0.51906)
 
 

leftHand(-0.38167, 0.44207, 0.62408, -0.51906)
 
 

leftHand(-0.38167, 0.44207, 0.62408, -0.51906)
 
 

leftHand(-0.38720, 0.43790, 0.62771, -0.51410)
 
 

leftHand(-0.38720, 0.43790, 0.62771, -0.51410)
 
 

leftHand(-0.38720, 0.43790, 0.62771, -0.51410)
 
 

leftHand(-0.38720, 0.43790, 0.62771, -0.51410)
 
 

leftHand(-0.39022, 0.43765, 0.62902, -0.51041)
 
 

leftHand(-0.39022, 0.43765, 0.62902, -0.51041)
 
 

leftHand(-0.39022, 0.43765, 0.62902, -0.51041)
 
 

leftHand(-0.39022, 0.43765, 0.62902, -0.51041)
 
 

leftHand(-0.38678, 0.44029, 0.62715, -0.51306)
 
 

leftHand(-0.38678, 0.44029, 0.62715, -0.51306)
 
 

leftHand(-0.38678, 0.44029, 0.62715, -0.51306)
 
 

leftHand(-0.38678, 0.44029, 0.62715, -0.51306)
 
 

leftHand(-0.37733, 0.44525, 0.62297, -0.52085)
 
 

leftHand(-0.37733, 0.44525, 0.62297, -0.52085)
 
 

leftHand(-0.37733, 0.44525, 0.62297, -0.52085)
 
 

leftHand(-0.37733, 0.44525, 0.62297, -0.52085)
 
 

leftHand(-0.37490, 0.44521, 0.62387, -0.52156)
 
 

leftHand(-0.37490, 0.44521, 0.62387, -0.52156)
 
 

leftHand(-0.37490, 0.44521, 0.62387, -0.52156)
 
 

leftHand(-0.37490, 0.44521, 0.62387, -0.52156)
 
 

leftHand(-0.37537, 0.44670, 0.62308, -0.52089)
 
 

leftHand(-0.37537, 0.44670, 0.62308, -0.52089)
 
 

leftHand(-0.37537, 0.44670, 0.62308, -0.52089)
 
 

leftHand(-0.37537, 0.44670, 0.62308, -0.52089)
 
 

leftHand(-0.37979, 0.44449, 0.62039, -0.52278)
 
 

leftHand(-0.37979, 0.44449, 0.62039, -0.52278)
 
 

leftHand(-0.37979, 0.44449, 0.62039, -0.52278)
 
 

leftHand(-0.37979, 0.44449, 0.62039, -0.52278)
 
 

leftHand(-0.38300, 0.44210, 0.61901, -0.52410)
 
 

leftHand(-0.38300, 0.44210, 0.61901, -0.52410)
 
 

leftHand(-0.38300, 0.44210, 0.61901, -0.52410)
 
 

leftHand(-0.38300, 0.44210, 0.61901, -0.52410)
 
 

leftHand(-0.38393, 0.44197, 0.61869, -0.52391)
 
 

leftHand(-0.38393, 0.44197, 0.61869, -0.52391)
 
 

leftHand(-0.38393, 0.44197, 0.61869, -0.52391)
 
 

leftHand(-0.38393, 0.44197, 0.61869, -0.52391)
 
 

leftHand(-0.38408, 0.44098, 0.61876, -0.52455)
 
 

leftHand(-0.38408, 0.44098, 0.61876, -0.52455)
 
 

leftHand(-0.38408, 0.44098, 0.61876, -0.52455)
 
 

leftHand(-0.38408, 0.44098, 0.61876, -0.52455)
 
 

leftHand(-0.38169, 0.44249, 0.61576, -0.52855)
 
 

leftHand(-0.38169, 0.44249, 0.61576, -0.52855)
 
 

leftHand(-0.38169, 0.44249, 0.61576, -0.52855)
 
 

leftHand(-0.38169, 0.44249, 0.61576, -0.52855)
 
 

leftHand(-0.38284, 0.44213, 0.61658, -0.52705)
 
 

leftHand(-0.38284, 0.44213, 0.61658, -0.52705)
 
 

leftHand(-0.38284, 0.44213, 0.61658, -0.52705)
 
 

leftHand(-0.38284, 0.44213, 0.61658, -0.52705)
 
 

leftHand(-0.38377, 0.44127, 0.61796, -0.52547)
 
 

leftHand(-0.38377, 0.44127, 0.61796, -0.52547)
 
 

leftHand(-0.38377, 0.44127, 0.61796, -0.52547)
 
 

leftHand(-0.38377, 0.44127, 0.61796, -0.52547)
 
 

leftHand(-0.38160, 0.44317, 0.61621, -0.52752)
 
 

leftHand(-0.38160, 0.44317, 0.61621, -0.52752)
 
 

leftHand(-0.38160, 0.44317, 0.61621, -0.52752)
 
 

leftHand(-0.38160, 0.44317, 0.61621, -0.52752)
 
 

leftHand(0.37712, -0.44428, -0.61160, 0.53512)
 
 

leftHand(0.37712, -0.44428, -0.61160, 0.53512)
 
 

leftHand(0.37712, -0.44428, -0.61160, 0.53512)
 
 

leftHand(0.37712, -0.44428, -0.61160, 0.53512)
 
 

leftHand(0.37897, -0.44278, -0.61101, 0.53572)
 
 

leftHand(0.37897, -0.44278, -0.61101, 0.53572)
 
 

leftHand(0.37897, -0.44278, -0.61101, 0.53572)
 
 

leftHand(0.37897, -0.44278, -0.61101, 0.53572)
 
 

leftHand(0.38328, -0.44241, -0.61165, 0.53222)
 
 

leftHand(0.38328, -0.44241, -0.61165, 0.53222)
 
 

leftHand(0.38328, -0.44241, -0.61165, 0.53222)
 
 

leftHand(0.38328, -0.44241, -0.61165, 0.53222)
 
 

leftHand(0.38279, -0.44225, -0.61138, 0.53302)
 
 

leftHand(0.38279, -0.44225, -0.61138, 0.53302)
 
 

leftHand(0.38279, -0.44225, -0.61138, 0.53302)
 
 

leftHand(0.38279, -0.44225, -0.61138, 0.53302)
 
 

leftHand(0.37868, -0.44348, -0.60967, 0.53687)
 
 

leftHand(0.37868, -0.44348, -0.60967, 0.53687)
 
 

leftHand(0.37868, -0.44348, -0.60967, 0.53687)
 
 

leftHand(0.37868, -0.44348, -0.60967, 0.53687)
 
 

leftHand(0.37780, -0.44455, -0.61043, 0.53574)
 
 

leftHand(0.37780, -0.44455, -0.61043, 0.53574)
 
 

leftHand(0.37780, -0.44455, -0.61043, 0.53574)
 
 

leftHand(0.37780, -0.44455, -0.61043, 0.53574)
 
 

leftHand(0.37812, -0.44429, -0.61266, 0.53317)
 
 

leftHand(0.37812, -0.44429, -0.61266, 0.53317)
 
 

leftHand(0.37812, -0.44429, -0.61266, 0.53317)
 
 

leftHand(0.37812, -0.44429, -0.61266, 0.53317)
 
 

leftHand(0.37808, -0.44385, -0.61243, 0.53384)
 
 

leftHand(0.37808, -0.44385, -0.61243, 0.53384)
 
 

leftHand(0.37808, -0.44385, -0.61243, 0.53384)
 
 

leftHand(0.37808, -0.44385, -0.61243, 0.53384)
 
 

leftHand(0.37797, -0.44366, -0.61237, 0.53414)
 
 

leftHand(0.37797, -0.44366, -0.61237, 0.53414)
 
 

leftHand(0.37797, -0.44366, -0.61237, 0.53414)
 
 

leftHand(0.37797, -0.44366, -0.61237, 0.53414)
 
 

leftHand(0.37869, -0.44329, -0.61346, 0.53269)
 
 

leftHand(0.37869, -0.44329, -0.61346, 0.53269)
 
 

leftHand(0.37869, -0.44329, -0.61346, 0.53269)
 
 

leftHand(0.37869, -0.44329, -0.61346, 0.53269)
 
 

leftHand(0.37826, -0.44376, -0.61374, 0.53228)
 
 

leftHand(0.37826, -0.44376, -0.61374, 0.53228)
 
 

leftHand(0.37826, -0.44376, -0.61374, 0.53228)
 
 

leftHand(0.37826, -0.44376, -0.61374, 0.53228)
 
 

leftHand(0.37606, -0.44289, -0.61341, 0.53493)
 
 

leftHand(0.37606, -0.44289, -0.61341, 0.53493)
 
 

leftHand(0.37606, -0.44289, -0.61341, 0.53493)
 
 

leftHand(0.37606, -0.44289, -0.61341, 0.53493)
 
 

leftHand(0.37475, -0.44433, -0.61174, 0.53657)
 
 

leftHand(0.37475, -0.44433, -0.61174, 0.53657)
 
 

leftHand(0.37475, -0.44433, -0.61174, 0.53657)
 
 

leftHand(0.37475, -0.44433, -0.61174, 0.53657)
 
 

leftHand(0.37610, -0.44314, -0.61293, 0.53525)
 
 

leftHand(0.37610, -0.44314, -0.61293, 0.53525)
 
 

leftHand(0.37610, -0.44314, -0.61293, 0.53525)
 
 

leftHand(0.37610, -0.44314, -0.61293, 0.53525)
 
 

leftHand(-0.37965, 0.43933, 0.61634, -0.53196)
 
 

leftHand(-0.37965, 0.43933, 0.61634, -0.53196)
 
 

leftHand(-0.37965, 0.43933, 0.61634, -0.53196)
 
 

leftHand(-0.37965, 0.43933, 0.61634, -0.53196)
 
 

leftHand(0.37986, -0.43924, -0.61524, 0.53315)
 
 

leftHand(0.37986, -0.43924, -0.61524, 0.53315)
 
 

leftHand(0.37986, -0.43924, -0.61524, 0.53315)
 
 

leftHand(0.37986, -0.43924, -0.61524, 0.53315)
 
 

leftHand(0.37601, -0.44151, -0.61281, 0.53679)
 
 

leftHand(0.37601, -0.44151, -0.61281, 0.53679)
 
 

leftHand(0.37601, -0.44151, -0.61281, 0.53679)
 
 

leftHand(0.37601, -0.44151, -0.61281, 0.53679)
 
 

leftHand(0.37479, -0.44273, -0.61142, 0.53823)
 
 

leftHand(0.37479, -0.44273, -0.61142, 0.53823)
 
 

leftHand(0.37479, -0.44273, -0.61142, 0.53823)
 
 

leftHand(0.37479, -0.44273, -0.61142, 0.53823)
 
 

leftHand(0.38149, -0.44024, -0.61342, 0.53326)
 
 

leftHand(0.38149, -0.44024, -0.61342, 0.53326)
 
 

leftHand(0.38149, -0.44024, -0.61342, 0.53326)
 
 

leftHand(0.38149, -0.44024, -0.61342, 0.53326)
 
 

rightHand(0.00000, 0.00000, 0.00000, 1.00000)
 
 

rightHand(0.00000, 0.00000, 0.00000, 1.00000)
 
 

rightHand(0.00000, 0.00000, 0.00000, 1.00000)
 
 

rightHand(0.00000, 0.00000, 0.00000, 1.00000)
 
 

rightHand(0.00000, 0.00000, 0.00000, 1.00000)
 
 

rightHand(0.00000, 0.00000, 0.00000, 1.00000)
 
 

rightHand(-0.50000, -0.50000, -0.50000, 0.50000)
 
 

rightHand(-0.50000, -0.50000, -0.50000, 0.50000)
 
 

rightHand(-0.50000, -0.50000, -0.50000, 0.50000)
 
 

rightHand(-0.50000, -0.50000, -0.50000, 0.50000)
 
 

rightHand(-0.50000, -0.50000, -0.50000, 0.50000)
 
 

rightHand(-0.50000, -0.50000, -0.50000, 0.50000)
 
 

rightHand(-0.50000, -0.50000, -0.50000, 0.50000)
 
 

rightHand(-0.50000, -0.50000, -0.50000, 0.50000)
 
 

rightHand(0.00000, 0.00000, 0.00000, 1.00000)
 
 

rightHand(0.00000, 0.00000, 0.00000, 1.00000)
 
 

rightHand(0.00000, 0.00000, 0.00000, 1.00000)
 
 

rightHand(0.00000, 0.00000, 0.00000, 1.00000)
 
 

rightHand(-0.50000, -0.50000, -0.50000, 0.50000)
 
 

rightHand(-0.50000, -0.50000, -0.50000, 0.50000)
 
 

rightHand(-0.50000, -0.50000, -0.50000, 0.50000)
 
 

rightHand(-0.50000, -0.50000, -0.50000, 0.50000)
 
 

rightHand(-0.50000, -0.50000, -0.50000, 0.50000)
 
 

rightHand(-0.50000, -0.50000, -0.50000, 0.50000)
 
 

rightHand(-0.50000, -0.50000, -0.50000, 0.50000)
 
 

rightHand(-0.50000, -0.50000, -0.50000, 0.50000)
 
 

rightHand(-0.50000, -0.50000, -0.50000, 0.50000)
 
 

rightHand(-0.50000, -0.50000, -0.50000, 0.50000)
 
 

rightHand(-0.50000, -0.50000, -0.50000, 0.50000)
 
 

rightHand(-0.50000, -0.50000, -0.50000, 0.50000)
 
 

rightHand(-0.50000, -0.50000, -0.50000, 0.50000)
 
 

rightHand(-0.50000, -0.50000, -0.50000, 0.50000)
 
 

rightHand(-0.50000, -0.50000, -0.50000, 0.50000)
 
 

rightHand(-0.50000, -0.50000, -0.50000, 0.50000)
 
 

rightHand(0.00000, 0.00000, 0.00000, 1.00000)
 
 

rightHand(0.00000, 0.00000, 0.00000, 1.00000)
 
 

rightHand(0.00000, 0.00000, 0.00000, 1.00000)
 
 

rightHand(0.00000, 0.00000, 0.00000, 1.00000)
 
 

rightHand(-0.50000, -0.50000, -0.50000, 0.50000)
 
 

rightHand(-0.50000, -0.50000, -0.50000, 0.50000)
 
 

rightHand(-0.50000, -0.50000, -0.50000, 0.50000)
 
 

rightHand(-0.50000, -0.50000, -0.50000, 0.50000)
 
 

rightHand(-0.50000, -0.50000, -0.50000, 0.50000)
 
 

rightHand(-0.50000, -0.50000, -0.50000, 0.50000)
 
 

rightHand(-0.50000, -0.50000, -0.50000, 0.50000)
 
 

rightHand(-0.50000, -0.50000, -0.50000, 0.50000)
 
 

rightHand(-0.50000, -0.50000, -0.50000, 0.50000)
 
 

rightHand(-0.50000, -0.50000, -0.50000, 0.50000)
 
 

rightHand(-0.50000, -0.50000, -0.50000, 0.50000)
 
 

rightHand(-0.50000, -0.50000, -0.50000, 0.50000)
 
 

rightHand(-0.50000, -0.50000, -0.50000, 0.50000)
 
 

rightHand(-0.50000, -0.50000, -0.50000, 0.50000)
 
 

rightHand(-0.50000, -0.50000, -0.50000, 0.50000)
 
 

rightHand(-0.50000, -0.50000, -0.50000, 0.50000)
 
 

rightHand(0.00000, 0.00000, 0.00000, 1.00000)
 
 

rightHand(0.00000, 0.00000, 0.00000, 1.00000)
 
 

rightHand(0.00000, 0.00000, 0.00000, 1.00000)
 
 

rightHand(0.00000, 0.00000, 0.00000, 1.00000)
 
 

rightHand(0.00000, 0.00000, 0.00000, 1.00000)
 
 

rightHand(0.00000, 0.00000, 0.00000, 1.00000)
 
 

rightHand(-0.50000, -0.50000, -0.50000, 0.50000)
 
 

rightHand(-0.50000, -0.50000, -0.50000, 0.50000)
 
 

rightHand(-0.50000, -0.50000, -0.50000, 0.50000)
 
 

rightHand(-0.50000, -0.50000, -0.50000, 0.50000)
 
 

rightHand(-0.50000, -0.50000, -0.50000, 0.50000)
 
 

rightHand(-0.50000, -0.50000, -0.50000, 0.50000)
 
 

rightHand(-0.50000, -0.50000, -0.50000, 0.50000)
 
 

rightHand(-0.50000, -0.50000, -0.50000, 0.50000)
 
 

rightHand(-0.50000, -0.50000, -0.50000, 0.50000)
 
 

rightHand(-0.50000, -0.50000, -0.50000, 0.50000)
 
 

rightHand(-0.50000, -0.50000, -0.50000, 0.50000)
 
 

rightHand(-0.50000, -0.50000, -0.50000, 0.50000)
 
 

rightHand(-0.50000, -0.50000, -0.50000, 0.50000)
 
 

rightHand(-0.50000, -0.50000, -0.50000, 0.50000)
 
 

rightHand(-0.50000, -0.50000, -0.50000, 0.50000)
 
 

rightHand(-0.50000, -0.50000, -0.50000, 0.50000)
 
 

rightHand(0.00000, 0.00000, 0.00000, 1.00000)
 
 

rightHand(0.00000, 0.00000, 0.00000, 1.00000)
 
 

rightHand(0.00000, 0.00000, 0.00000, 1.00000)
 
 

rightHand(0.00000, 0.00000, 0.00000, 1.00000)
 
 

rightHand(0.00000, 0.00000, 0.00000, 1.00000)
 
 

rightHand(0.00000, 0.00000, 0.00000, 1.00000)
 
 

rightHand(0.00000, 0.00000, 0.00000, 1.00000)
 
 

rightHand(0.00000, 0.00000, 0.00000, 1.00000)
 
 

rightHand(-0.50000, -0.50000, -0.50000, 0.50000)
 
 

rightHand(-0.50000, -0.50000, -0.50000, 0.50000)
 
 

rightHand(-0.50000, -0.50000, -0.50000, 0.50000)
 
 

rightHand(-0.50000, -0.50000, -0.50000, 0.50000)
 
 

rightHand(-0.50000, -0.50000, -0.50000, 0.50000)
 
 

rightHand(-0.50000, -0.50000, -0.50000, 0.50000)
 
 

rightHand(-0.50000, -0.50000, -0.50000, 0.50000)
 
 

rightHand(-0.50000, -0.50000, -0.50000, 0.50000)
 
 

rightHand(-0.50000, -0.50000, -0.50000, 0.50000)
 
 

rightHand(-0.50000, -0.50000, -0.50000, 0.50000)
 
 

rightHand(-0.50000, -0.50000, -0.50000, 0.50000)
 
 

rightHand(-0.50000, -0.50000, -0.50000, 0.50000)
 
 

rightHand(-0.50000, -0.50000, -0.50000, 0.50000)
 
 

rightHand(-0.50000, -0.50000, -0.50000, 0.50000)
 
 

rightHand(-0.50000, -0.50000, -0.50000, 0.50000)
 
 

rightHand(-0.50000, -0.50000, -0.50000, 0.50000)
 
 

rightHand(0.00000, 0.00000, 0.00000, 1.00000)
 
 

rightHand(0.00000, 0.00000, 0.00000, 1.00000)
 
 

rightHand(0.00000, 0.00000, 0.00000, 1.00000)
 
 

rightHand(0.00000, 0.00000, 0.00000, 1.00000)
 
 

rightHand(0.00000, 0.00000, 0.00000, 1.00000)
 
 

rightHand(0.00000, 0.00000, 0.00000, 1.00000)
 
 

rightHand(0.00000, 0.00000, 0.00000, 1.00000)
 
 

rightHand(0.00000, 0.00000, 0.00000, 1.00000)
 
 

rightHand(-0.50000, -0.50000, -0.50000, 0.50000)
 
 

rightHand(-0.50000, -0.50000, -0.50000, 0.50000)
 
 

rightHand(-0.50000, -0.50000, -0.50000, 0.50000)
 
 

rightHand(-0.50000, -0.50000, -0.50000, 0.50000)
 
 

rightHand(-0.50000, -0.50000, -0.50000, 0.50000)
 
 

rightHand(-0.50000, -0.50000, -0.50000, 0.50000)
 
 

rightHand(-0.50000, -0.50000, -0.50000, 0.50000)
 
 

rightHand(-0.50000, -0.50000, -0.50000, 0.50000)
 
 

rightHand(-0.50000, -0.50000, -0.50000, 0.50000)
 
 

rightHand(-0.50000, -0.50000, -0.50000, 0.50000)
 
 

rightHand(-0.50000, -0.50000, -0.50000, 0.50000)
 
 

rightHand(-0.50000, -0.50000, -0.50000, 0.50000)
 
 

rightHand(-0.50000, -0.50000, -0.50000, 0.50000)
 
 

rightHand(-0.50000, -0.50000, -0.50000, 0.50000)
 
 

rightHand(-0.50000, -0.50000, -0.50000, 0.50000)
 
 

rightHand(-0.50000, -0.50000, -0.50000, 0.50000)
 
 

rightHand(0.00000, 0.00000, 0.00000, 1.00000)
 
 

rightHand(0.00000, 0.00000, 0.00000, 1.00000)
 
 

rightHand(0.00000, 0.00000, 0.00000, 1.00000)
 
 

rightHand(0.00000, 0.00000, 0.00000, 1.00000)
 
 

rightHand(0.00000, 0.00000, 0.00000, 1.00000)
 
 

rightHand(0.00000, 0.00000, 0.00000, 1.00000)
 
 

rightHand(0.00000, 0.00000, 0.00000, 1.00000)
 
 

rightHand(0.00000, 0.00000, 0.00000, 1.00000)
 
 

rightHand(-0.50000, -0.50000, -0.50000, 0.50000)
 
 

rightHand(-0.50000, -0.50000, -0.50000, 0.50000)
 
 

rightHand(-0.50000, -0.50000, -0.50000, 0.50000)
 
 

rightHand(-0.50000, -0.50000, -0.50000, 0.50000)
 
 

rightHand(-0.50000, -0.50000, -0.50000, 0.50000)
 
 

rightHand(-0.50000, -0.50000, -0.50000, 0.50000)
 
 

rightHand(-0.50000, -0.50000, -0.50000, 0.50000)
 
 

rightHand(-0.50000, -0.50000, -0.50000, 0.50000)
 
 

rightHand(-0.50000, -0.50000, -0.50000, 0.50000)
 
 

rightHand(-0.50000, -0.50000, -0.50000, 0.50000)
 
 

rightHand(-0.50000, -0.50000, -0.50000, 0.50000)
 
 

rightHand(-0.50000, -0.50000, -0.50000, 0.50000)
 
 

rightHand(-0.50000, -0.50000, -0.50000, 0.50000)
 
 

rightHand(-0.50000, -0.50000, -0.50000, 0.50000)
 
 

rightHand(-0.50000, -0.50000, -0.50000, 0.50000)
 
 

rightHand(-0.50000, -0.50000, -0.50000, 0.50000)
 
 

rightHand(0.00000, 0.00000, 0.00000, 1.00000)
 
 

rightHand(0.00000, 0.00000, 0.00000, 1.00000)
 
 

rightHand(0.00000, 0.00000, 0.00000, 1.00000)
 
 

rightHand(0.00000, 0.00000, 0.00000, 1.00000)
 
 

rightHand(0.00000, 0.00000, 0.00000, 1.00000)
 
 

rightHand(0.00000, 0.00000, 0.00000, 1.00000)
 
 

rightHand(0.00000, 0.00000, 0.00000, 1.00000)
 
 

rightHand(0.00000, 0.00000, 0.00000, 1.00000)
 
 

rightHand(-0.50000, -0.50000, -0.50000, 0.50000)
 
 

rightHand(-0.50000, -0.50000, -0.50000, 0.50000)
 
 

rightHand(-0.50000, -0.50000, -0.50000, 0.50000)
 
 

rightHand(-0.50000, -0.50000, -0.50000, 0.50000)
 
 

rightHand(-0.50000, -0.50000, -0.50000, 0.50000)
 
 

rightHand(-0.50000, -0.50000, -0.50000, 0.50000)
 
 

rightHand(-0.50000, -0.50000, -0.50000, 0.50000)
 
 

rightHand(-0.50000, -0.50000, -0.50000, 0.50000)
 
 

rightHand(-0.50000, -0.50000, -0.50000, 0.50000)
 
 

rightHand(-0.50000, -0.50000, -0.50000, 0.50000)
 
 

rightHand(-0.50000, -0.50000, -0.50000, 0.50000)
 
 

rightHand(-0.50000, -0.50000, -0.50000, 0.50000)
 
 

rightHand(-0.50000, -0.50000, -0.50000, 0.50000)
 
 

rightHand(-0.50000, -0.50000, -0.50000, 0.50000)
 
 

rightHand(-0.50000, -0.50000, -0.50000, 0.50000)
 
 

rightHand(-0.50000, -0.50000, -0.50000, 0.50000)
 
 

rightHand(0.00000, 0.00000, 0.00000, 1.00000)
 
 

rightHand(0.00000, 0.00000, 0.00000, 1.00000)
 
 

rightHand(0.00000, 0.00000, 0.00000, 1.00000)
 
 

rightHand(0.00000, 0.00000, 0.00000, 1.00000)
 
 

rightHand(0.00000, 0.00000, 0.00000, 1.00000)
 
 

rightHand(0.00000, 0.00000, 0.00000, 1.00000)
 
 

rightHand(0.00000, 0.00000, 0.00000, 1.00000)
 
 

rightHand(0.00000, 0.00000, 0.00000, 1.00000)
 
 

rightHand(-0.50000, -0.50000, -0.50000, 0.50000)
 
 

rightHand(-0.50000, -0.50000, -0.50000, 0.50000)
 
 

rightHand(-0.50000, -0.50000, -0.50000, 0.50000)
 
 

rightHand(-0.50000, -0.50000, -0.50000, 0.50000)
 
 

rightHand(-0.50000, -0.50000, -0.50000, 0.50000)
 
 

rightHand(-0.50000, -0.50000, -0.50000, 0.50000)
 
 

rightHand(-0.50000, -0.50000, -0.50000, 0.50000)
 
 

rightHand(-0.50000, -0.50000, -0.50000, 0.50000)
 
 

rightHand(-0.50000, -0.50000, -0.50000, 0.50000)
 
 

rightHand(-0.50000, -0.50000, -0.50000, 0.50000)
 
 

rightHand(-0.50000, -0.50000, -0.50000, 0.50000)
 
 

rightHand(-0.50000, -0.50000, -0.50000, 0.50000)
 
 

rightHand(-0.50000, -0.50000, -0.50000, 0.50000)
 
 

rightHand(-0.50000, -0.50000, -0.50000, 0.50000)
 
 

rightHand(-0.50000, -0.50000, -0.50000, 0.50000)
 
 

rightHand(-0.50000, -0.50000, -0.50000, 0.50000)
 
 

rightHand(0.00000, 0.00000, 0.00000, 1.00000)
 
 

rightHand(0.00000, 0.00000, 0.00000, 1.00000)
 
 

rightHand(0.00000, 0.00000, 0.00000, 1.00000)
 
 

rightHand(0.00000, 0.00000, 0.00000, 1.00000)
 
 

rightHand(0.00000, 0.00000, 0.00000, 1.00000)
 
 

rightHand(0.00000, 0.00000, 0.00000, 1.00000)
 
 

rightHand(0.00000, 0.00000, 0.00000, 1.00000)
 
 

rightHand(0.00000, 0.00000, 0.00000, 1.00000)
 
 

rightHand(-0.50000, -0.50000, -0.50000, 0.50000)
 
 

rightHand(-0.50000, -0.50000, -0.50000, 0.50000)
 
 

rightHand(-0.50000, -0.50000, -0.50000, 0.50000)
 
 

rightHand(-0.50000, -0.50000, -0.50000, 0.50000)
 
 

rightHand(-0.50000, -0.50000, -0.50000, 0.50000)
 
 

rightHand(-0.50000, -0.50000, -0.50000, 0.50000)
 
 

rightHand(-0.50000, -0.50000, -0.50000, 0.50000)
 
 

rightHand(-0.50000, -0.50000, -0.50000, 0.50000)
 
 

rightHand(-0.50000, -0.50000, -0.50000, 0.50000)
 
 

rightHand(-0.50000, -0.50000, -0.50000, 0.50000)
 
 

rightHand(-0.50000, -0.50000, -0.50000, 0.50000)
 
 

rightHand(-0.50000, -0.50000, -0.50000, 0.50000)
 
 

rightHand(-0.50000, -0.50000, -0.50000, 0.50000)
 
 

rightHand(-0.50000, -0.50000, -0.50000, 0.50000)
 
 

rightHand(-0.50000, -0.50000, -0.50000, 0.50000)
 
 

rightHand(-0.50000, -0.50000, -0.50000, 0.50000)
 
 

rightHand(0.00000, 0.00000, 0.00000, 1.00000)
 
 

rightHand(0.00000, 0.00000, 0.00000, 1.00000)
 
 

rightHand(0.00000, 0.00000, 0.00000, 1.00000)
 
 

rightHand(0.00000, 0.00000, 0.00000, 1.00000)
 
 

rightHand(0.00000, 0.00000, 0.00000, 1.00000)
 
 

rightHand(0.00000, 0.00000, 0.00000, 1.00000)
 
 

rightHand(0.00000, 0.00000, 0.00000, 1.00000)
 
 

rightHand(0.00000, 0.00000, 0.00000, 1.00000)
 
 

rightHand(-0.50000, -0.50000, -0.50000, 0.50000)
 
 

rightHand(-0.50000, -0.50000, -0.50000, 0.50000)
 
 

rightHand(-0.50000, -0.50000, -0.50000, 0.50000)
 
 

rightHand(-0.50000, -0.50000, -0.50000, 0.50000)
 
 

rightHand(-0.50000, -0.50000, -0.50000, 0.50000)
 
 

rightHand(-0.50000, -0.50000, -0.50000, 0.50000)
 
 

rightHand(-0.50000, -0.50000, -0.50000, 0.50000)
 
 

rightHand(-0.50000, -0.50000, -0.50000, 0.50000)
 
 

rightHand(-0.50000, -0.50000, -0.50000, 0.50000)
 
 

rightHand(-0.50000, -0.50000, -0.50000, 0.50000)
 
 

rightHand(-0.50000, -0.50000, -0.50000, 0.50000)
 
 

rightHand(-0.50000, -0.50000, -0.50000, 0.50000)
 
 

rightHand(-0.50000, -0.50000, -0.50000, 0.50000)
 
 

rightHand(-0.50000, -0.50000, -0.50000, 0.50000)
 
 

rightHand(-0.50000, -0.50000, -0.50000, 0.50000)
 
 

rightHand(-0.50000, -0.50000, -0.50000, 0.50000)
 
 

rightHand(0.00000, 0.00000, 0.00000, 1.00000)
 
 

rightHand(0.00000, 0.00000, 0.00000, 1.00000)
 
 

rightHand(0.00000, 0.00000, 0.00000, 1.00000)
 
 

rightHand(0.00000, 0.00000, 0.00000, 1.00000)
 
 

rightHand(0.00000, 0.00000, 0.00000, 1.00000)
 
 

rightHand(0.00000, 0.00000, 0.00000, 1.00000)
 
 

rightHand(0.00000, 0.00000, 0.00000, 1.00000)
 
 

rightHand(0.00000, 0.00000, 0.00000, 1.00000)
 
 

rightHand(-0.50000, -0.50000, -0.50000, 0.50000)
 
 

rightHand(-0.50000, -0.50000, -0.50000, 0.50000)
 
 

rightHand(-0.50000, -0.50000, -0.50000, 0.50000)
 
 

rightHand(-0.50000, -0.50000, -0.50000, 0.50000)
 
 

rightHand(-0.50000, -0.50000, -0.50000, 0.50000)
 
 

rightHand(-0.50000, -0.50000, -0.50000, 0.50000)
 
 

rightHand(-0.50000, -0.50000, -0.50000, 0.50000)
 
 

rightHand(-0.50000, -0.50000, -0.50000, 0.50000)
 
 

rightHand(-0.50000, -0.50000, -0.50000, 0.50000)
 
 

rightHand(-0.50000, -0.50000, -0.50000, 0.50000)
 
 

rightHand(-0.50000, -0.50000, -0.50000, 0.50000)
 
 

rightHand(-0.50000, -0.50000, -0.50000, 0.50000)
 
 

rightHand(-0.50000, -0.50000, -0.50000, 0.50000)
 
 

rightHand(-0.50000, -0.50000, -0.50000, 0.50000)
 
 

rightHand(-0.50000, -0.50000, -0.50000, 0.50000)
 
 

rightHand(-0.50000, -0.50000, -0.50000, 0.50000)
 
 

rightHand(0.00000, 0.00000, 0.00000, 1.00000)
 
 

rightHand(0.00000, 0.00000, 0.00000, 1.00000)
 
 

rightHand(0.00000, 0.00000, 0.00000, 1.00000)
 
 

rightHand(0.00000, 0.00000, 0.00000, 1.00000)
 
 

rightHand(0.00000, 0.00000, 0.00000, 1.00000)
 
 

rightHand(0.00000, 0.00000, 0.00000, 1.00000)
 
 

rightHand(0.00000, 0.00000, 0.00000, 1.00000)
 
 

rightHand(0.00000, 0.00000, 0.00000, 1.00000)
 
 

rightHand(-0.50000, -0.50000, -0.50000, 0.50000)
 
 

rightHand(-0.50000, -0.50000, -0.50000, 0.50000)
 
 

rightHand(-0.50000, -0.50000, -0.50000, 0.50000)
 
 

rightHand(-0.50000, -0.50000, -0.50000, 0.50000)
 
 

rightHand(-0.50000, -0.50000, -0.50000, 0.50000)
 
 

rightHand(-0.50000, -0.50000, -0.50000, 0.50000)
 
 

rightHand(-0.50000, -0.50000, -0.50000, 0.50000)
 
 

rightHand(-0.50000, -0.50000, -0.50000, 0.50000)
 
 

rightHand(-0.50000, -0.50000, -0.50000, 0.50000)
 
 

rightHand(-0.50000, -0.50000, -0.50000, 0.50000)
 
 

rightHand(-0.50000, -0.50000, -0.50000, 0.50000)
 
 

rightHand(-0.50000, -0.50000, -0.50000, 0.50000)
 
 

rightHand(-0.50000, -0.50000, -0.50000, 0.50000)
 
 

rightHand(-0.50000, -0.50000, -0.50000, 0.50000)
 
 

rightHand(-0.50000, -0.50000, -0.50000, 0.50000)
 
 

rightHand(-0.50000, -0.50000, -0.50000, 0.50000)
 
 

rightHand(0.00000, 0.00000, 0.00000, 1.00000)
 
 

rightHand(0.00000, 0.00000, 0.00000, 1.00000)
 
 

rightHand(0.00000, 0.00000, 0.00000, 1.00000)
 
 

rightHand(0.00000, 0.00000, 0.00000, 1.00000)
 
 

rightHand(0.00000, 0.00000, 0.00000, 1.00000)
 
 

rightHand(0.00000, 0.00000, 0.00000, 1.00000)
 
 

rightHand(0.00000, 0.00000, 0.00000, 1.00000)
 
 

rightHand(0.00000, 0.00000, 0.00000, 1.00000)
 
 

rightHand(-0.50000, -0.50000, -0.50000, 0.50000)
 
 

rightHand(-0.50000, -0.50000, -0.50000, 0.50000)
 
 

rightHand(-0.50000, -0.50000, -0.50000, 0.50000)
 
 

rightHand(-0.50000, -0.50000, -0.50000, 0.50000)
 
 

rightHand(-0.50000, -0.50000, -0.50000, 0.50000)
 
 

rightHand(-0.50000, -0.50000, -0.50000, 0.50000)
 
 

rightHand(-0.50000, -0.50000, -0.50000, 0.50000)
 
 

rightHand(-0.50000, -0.50000, -0.50000, 0.50000)
 
 

rightHand(-0.50000, -0.50000, -0.50000, 0.50000)
 
 

rightHand(-0.50000, -0.50000, -0.50000, 0.50000)
 
 

rightHand(-0.50000, -0.50000, -0.50000, 0.50000)
 
 

rightHand(-0.50000, -0.50000, -0.50000, 0.50000)
 
 

rightHand(-0.50000, -0.50000, -0.50000, 0.50000)
 
 

rightHand(-0.50000, -0.50000, -0.50000, 0.50000)
 
 

rightHand(-0.50000, -0.50000, -0.50000, 0.50000)
 
 

rightHand(-0.50000, -0.50000, -0.50000, 0.50000)
 
 

rightHand(0.00028, 0.99687, 0.01267, -0.07802)
 
 

rightHand(0.00028, 0.99687, 0.01267, -0.07802)
 
 

rightHand(0.00028, 0.99687, 0.01267, -0.07802)
 
 

rightHand(0.00028, 0.99687, 0.01267, -0.07802)
 
 

rightHand(0.00028, 0.99687, 0.01267, -0.07802)
 
 

rightHand(0.00028, 0.99687, 0.01267, -0.07802)
 
 

rightHand(0.00028, 0.99687, 0.01267, -0.07802)
 
 

rightHand(0.00028, 0.99687, 0.01267, -0.07802)
 
 

rightHand(-0.50000, -0.50000, -0.50000, 0.50000)
 
 

rightHand(-0.50000, -0.50000, -0.50000, 0.50000)
 
 

rightHand(-0.50000, -0.50000, -0.50000, 0.50000)
 
 

rightHand(-0.50000, -0.50000, -0.50000, 0.50000)
 
 

rightHand(-0.50000, -0.50000, -0.50000, 0.50000)
 
 

rightHand(-0.50000, -0.50000, -0.50000, 0.50000)
 
 

rightHand(-0.50000, -0.50000, -0.50000, 0.50000)
 
 

rightHand(-0.50000, -0.50000, -0.50000, 0.50000)
 
 

rightHand(-0.50000, -0.50000, -0.50000, 0.50000)
 
 

rightHand(-0.50000, -0.50000, -0.50000, 0.50000)
 
 

rightHand(-0.50000, -0.50000, -0.50000, 0.50000)
 
 

rightHand(-0.50000, -0.50000, -0.50000, 0.50000)
 
 

rightHand(-0.50000, -0.50000, -0.50000, 0.50000)
 
 

rightHand(-0.50000, -0.50000, -0.50000, 0.50000)
 
 

rightHand(-0.50000, -0.50000, -0.50000, 0.50000)
 
 

rightHand(-0.50000, -0.50000, -0.50000, 0.50000)
 
 

rightHand(0.00028, 0.99687, 0.01267, -0.07802)
 
 

rightHand(0.00028, 0.99687, 0.01267, -0.07802)
 
 

rightHand(0.00028, 0.99687, 0.01267, -0.07802)
 
 

rightHand(0.00028, 0.99687, 0.01267, -0.07802)
 
 

rightHand(0.00028, 0.99687, 0.01267, -0.07802)
 
 

rightHand(0.00028, 0.99687, 0.01267, -0.07802)
 
 

rightHand(0.00028, 0.99687, 0.01267, -0.07802)
 
 

rightHand(0.00028, 0.99687, 0.01267, -0.07802)
 
 

rightHand(-0.50000, -0.50000, -0.50000, 0.50000)
 
 

rightHand(-0.50000, -0.50000, -0.50000, 0.50000)
 
 

rightHand(-0.50000, -0.50000, -0.50000, 0.50000)
 
 

rightHand(-0.50000, -0.50000, -0.50000, 0.50000)
 
 

rightHand(-0.50000, -0.50000, -0.50000, 0.50000)
 
 

rightHand(-0.50000, -0.50000, -0.50000, 0.50000)
 
 

rightHand(-0.50000, -0.50000, -0.50000, 0.50000)
 
 

rightHand(-0.50000, -0.50000, -0.50000, 0.50000)
 
 

rightHand(-0.50000, -0.50000, -0.50000, 0.50000)
 
 

rightHand(-0.50000, -0.50000, -0.50000, 0.50000)
 
 

rightHand(-0.50000, -0.50000, -0.50000, 0.50000)
 
 

rightHand(-0.50000, -0.50000, -0.50000, 0.50000)
 
 

rightHand(-0.50000, -0.50000, -0.50000, 0.50000)
 
 

rightHand(-0.50000, -0.50000, -0.50000, 0.50000)
 
 

rightHand(-0.50000, -0.50000, -0.50000, 0.50000)
 
 

rightHand(-0.50000, -0.50000, -0.50000, 0.50000)
 
 

rightHand(0.00045, 0.99699, 0.01054, -0.07686)
 
 

rightHand(0.00045, 0.99699, 0.01054, -0.07686)
 
 

rightHand(0.00045, 0.99699, 0.01054, -0.07686)
 
 

rightHand(0.00045, 0.99699, 0.01054, -0.07686)
 
 

rightHand(0.00045, 0.99699, 0.01054, -0.07686)
 
 

rightHand(0.00045, 0.99699, 0.01054, -0.07686)
 
 

rightHand(0.00045, 0.99699, 0.01054, -0.07686)
 
 

rightHand(0.00045, 0.99699, 0.01054, -0.07686)
 
 

rightHand(-0.50000, -0.50000, -0.50000, 0.50000)
 
 

rightHand(-0.50000, -0.50000, -0.50000, 0.50000)
 
 

rightHand(-0.50000, -0.50000, -0.50000, 0.50000)
 
 

rightHand(-0.50000, -0.50000, -0.50000, 0.50000)
 
 

rightHand(-0.50000, -0.50000, -0.50000, 0.50000)
 
 

rightHand(-0.50000, -0.50000, -0.50000, 0.50000)
 
 

rightHand(-0.50000, -0.50000, -0.50000, 0.50000)
 
 

rightHand(-0.50000, -0.50000, -0.50000, 0.50000)
 
 

rightHand(-0.50000, -0.50000, -0.50000, 0.50000)
 
 

rightHand(-0.50000, -0.50000, -0.50000, 0.50000)
 
 

rightHand(-0.50000, -0.50000, -0.50000, 0.50000)
 
 

rightHand(-0.50000, -0.50000, -0.50000, 0.50000)
 
 

rightHand(-0.50000, -0.50000, -0.50000, 0.50000)
 
 

rightHand(-0.50000, -0.50000, -0.50000, 0.50000)
 
 

rightHand(-0.50000, -0.50000, -0.50000, 0.50000)
 
 

rightHand(-0.50000, -0.50000, -0.50000, 0.50000)
 
 

rightHand(0.00371, 0.99691, 0.00903, -0.07797)
 
 

rightHand(0.00371, 0.99691, 0.00903, -0.07797)
 
 

rightHand(0.00371, 0.99691, 0.00903, -0.07797)
 
 

rightHand(0.00371, 0.99691, 0.00903, -0.07797)
 
 

rightHand(0.00371, 0.99691, 0.00903, -0.07797)
 
 

rightHand(0.00371, 0.99691, 0.00903, -0.07797)
 
 

rightHand(0.00371, 0.99691, 0.00903, -0.07797)
 
 

rightHand(0.00371, 0.99691, 0.00903, -0.07797)
 
 

rightHand(-0.50000, -0.50000, -0.50000, 0.50000)
 
 

rightHand(-0.50000, -0.50000, -0.50000, 0.50000)
 
 

rightHand(-0.50000, -0.50000, -0.50000, 0.50000)
 
 

rightHand(-0.50000, -0.50000, -0.50000, 0.50000)
 
 

rightHand(-0.50000, -0.50000, -0.50000, 0.50000)
 
 

rightHand(-0.50000, -0.50000, -0.50000, 0.50000)
 
 

rightHand(-0.50000, -0.50000, -0.50000, 0.50000)
 
 

rightHand(-0.50000, -0.50000, -0.50000, 0.50000)
 
 

rightHand(-0.50000, -0.50000, -0.50000, 0.50000)
 
 

rightHand(-0.50000, -0.50000, -0.50000, 0.50000)
 
 

rightHand(-0.50000, -0.50000, -0.50000, 0.50000)
 
 

rightHand(-0.50000, -0.50000, -0.50000, 0.50000)
 
 

rightHand(-0.50000, -0.50000, -0.50000, 0.50000)
 
 

rightHand(-0.50000, -0.50000, -0.50000, 0.50000)
 
 

rightHand(-0.50000, -0.50000, -0.50000, 0.50000)
 
 

rightHand(-0.50000, -0.50000, -0.50000, 0.50000)
 
 

rightHand(0.00487, 0.99692, 0.00791, -0.07785)
 
 

rightHand(0.00487, 0.99692, 0.00791, -0.07785)
 
 

rightHand(0.00487, 0.99692, 0.00791, -0.07785)
 
 

rightHand(0.00487, 0.99692, 0.00791, -0.07785)
 
 

rightHand(0.00487, 0.99692, 0.00791, -0.07785)
 
 

rightHand(0.00487, 0.99692, 0.00791, -0.07785)
 
 

rightHand(0.00487, 0.99692, 0.00791, -0.07785)
 
 

rightHand(0.00487, 0.99692, 0.00791, -0.07785)
 
 

rightHand(-0.50000, -0.50000, -0.50000, 0.50000)
 
 

rightHand(-0.50000, -0.50000, -0.50000, 0.50000)
 
 

rightHand(-0.50000, -0.50000, -0.50000, 0.50000)
 
 

rightHand(-0.50000, -0.50000, -0.50000, 0.50000)
 
 

rightHand(-0.50000, -0.50000, -0.50000, 0.50000)
 
 

rightHand(-0.50000, -0.50000, -0.50000, 0.50000)
 
 

rightHand(-0.50000, -0.50000, -0.50000, 0.50000)
 
 

rightHand(-0.50000, -0.50000, -0.50000, 0.50000)
 
 

rightHand(-0.50000, -0.50000, -0.50000, 0.50000)
 
 

rightHand(-0.50000, -0.50000, -0.50000, 0.50000)
 
 

rightHand(-0.50000, -0.50000, -0.50000, 0.50000)
 
 

rightHand(-0.50000, -0.50000, -0.50000, 0.50000)
 
 

rightHand(-0.50000, -0.50000, -0.50000, 0.50000)
 
 

rightHand(-0.50000, -0.50000, -0.50000, 0.50000)
 
 

rightHand(-0.50000, -0.50000, -0.50000, 0.50000)
 
 

rightHand(-0.50000, -0.50000, -0.50000, 0.50000)
 
 

rightHand(0.00645, 0.99696, 0.00809, -0.07725)
 
 

rightHand(0.00645, 0.99696, 0.00809, -0.07725)
 
 

rightHand(0.00645, 0.99696, 0.00809, -0.07725)
 
 

rightHand(0.00645, 0.99696, 0.00809, -0.07725)
 
 

rightHand(0.00645, 0.99696, 0.00809, -0.07725)
 
 

rightHand(0.00645, 0.99696, 0.00809, -0.07725)
 
 

rightHand(0.00645, 0.99696, 0.00809, -0.07725)
 
 

rightHand(0.00645, 0.99696, 0.00809, -0.07725)
 
 

rightHand(-0.50000, -0.50000, -0.50000, 0.50000)
 
 

rightHand(-0.50000, -0.50000, -0.50000, 0.50000)
 
 

rightHand(-0.50000, -0.50000, -0.50000, 0.50000)
 
 

rightHand(-0.50000, -0.50000, -0.50000, 0.50000)
 
 

rightHand(-0.50000, -0.50000, -0.50000, 0.50000)
 
 

rightHand(-0.50000, -0.50000, -0.50000, 0.50000)
 
 

rightHand(-0.50000, -0.50000, -0.50000, 0.50000)
 
 

rightHand(-0.50000, -0.50000, -0.50000, 0.50000)
 
 

rightHand(-0.50000, -0.50000, -0.50000, 0.50000)
 
 

rightHand(-0.50000, -0.50000, -0.50000, 0.50000)
 
 

rightHand(-0.50000, -0.50000, -0.50000, 0.50000)
 
 

rightHand(-0.50000, -0.50000, -0.50000, 0.50000)
 
 

rightHand(-0.50000, -0.50000, -0.50000, 0.50000)
 
 

rightHand(-0.50000, -0.50000, -0.50000, 0.50000)
 
 

rightHand(-0.50000, -0.50000, -0.50000, 0.50000)
 
 

rightHand(-0.50000, -0.50000, -0.50000, 0.50000)
 
 

rightHand(0.00378, 0.99693, 0.00910, -0.07773)
 
 

rightHand(0.00378, 0.99693, 0.00910, -0.07773)
 
 

rightHand(0.00378, 0.99693, 0.00910, -0.07773)
 
 

rightHand(0.00378, 0.99693, 0.00910, -0.07773)
 
 

rightHand(0.00378, 0.99693, 0.00910, -0.07773)
 
 

rightHand(0.00378, 0.99693, 0.00910, -0.07773)
 
 

rightHand(0.00378, 0.99693, 0.00910, -0.07773)
 
 

rightHand(0.00378, 0.99693, 0.00910, -0.07773)
 
 

rightHand(-0.50000, -0.50000, -0.50000, 0.50000)
 
 

rightHand(-0.50000, -0.50000, -0.50000, 0.50000)
 
 

rightHand(-0.50000, -0.50000, -0.50000, 0.50000)
 
 

rightHand(-0.50000, -0.50000, -0.50000, 0.50000)
 
 

rightHand(-0.50000, -0.50000, -0.50000, 0.50000)
 
 

rightHand(-0.50000, -0.50000, -0.50000, 0.50000)
 
 

rightHand(-0.50000, -0.50000, -0.50000, 0.50000)
 
 

rightHand(-0.50000, -0.50000, -0.50000, 0.50000)
 
 

rightHand(-0.50000, -0.50000, -0.50000, 0.50000)
 
 

rightHand(-0.50000, -0.50000, -0.50000, 0.50000)
 
 

rightHand(-0.50000, -0.50000, -0.50000, 0.50000)
 
 

rightHand(-0.50000, -0.50000, -0.50000, 0.50000)
 
 

rightHand(-0.50000, -0.50000, -0.50000, 0.50000)
 
 

rightHand(-0.50000, -0.50000, -0.50000, 0.50000)
 
 

rightHand(-0.50000, -0.50000, -0.50000, 0.50000)
 
 

rightHand(-0.50000, -0.50000, -0.50000, 0.50000)
 
 

rightHand(0.00164, 0.99690, 0.00888, -0.07819)
 
 

rightHand(0.00164, 0.99690, 0.00888, -0.07819)
 
 

rightHand(0.00164, 0.99690, 0.00888, -0.07819)
 
 

rightHand(0.00164, 0.99690, 0.00888, -0.07819)
 
 

rightHand(0.00164, 0.99690, 0.00888, -0.07819)
 
 

rightHand(0.00164, 0.99690, 0.00888, -0.07819)
 
 

rightHand(0.00164, 0.99690, 0.00888, -0.07819)
 
 

rightHand(0.00164, 0.99690, 0.00888, -0.07819)
 
 

rightHand(-0.50000, -0.50000, -0.50000, 0.50000)
 
 

rightHand(-0.50000, -0.50000, -0.50000, 0.50000)
 
 

rightHand(-0.50000, -0.50000, -0.50000, 0.50000)
 
 

rightHand(-0.50000, -0.50000, -0.50000, 0.50000)
 
 

rightHand(-0.50000, -0.50000, -0.50000, 0.50000)
 
 

rightHand(-0.50000, -0.50000, -0.50000, 0.50000)
 
 

rightHand(-0.50000, -0.50000, -0.50000, 0.50000)
 
 

rightHand(-0.50000, -0.50000, -0.50000, 0.50000)
 
 

rightHand(-0.50000, -0.50000, -0.50000, 0.50000)
 
 

rightHand(-0.50000, -0.50000, -0.50000, 0.50000)
 
 

rightHand(-0.50000, -0.50000, -0.50000, 0.50000)
 
 

rightHand(-0.50000, -0.50000, -0.50000, 0.50000)
 
 

rightHand(-0.50000, -0.50000, -0.50000, 0.50000)
 
 

rightHand(-0.50000, -0.50000, -0.50000, 0.50000)
 
 

rightHand(-0.50000, -0.50000, -0.50000, 0.50000)
 
 

rightHand(-0.50000, -0.50000, -0.50000, 0.50000)
 
 

rightHand(-0.00060, 0.99681, 0.00902, -0.07935)
 
 

rightHand(-0.00060, 0.99681, 0.00902, -0.07935)
 
 

rightHand(-0.00060, 0.99681, 0.00902, -0.07935)
 
 

rightHand(-0.00060, 0.99681, 0.00902, -0.07935)
 
 

rightHand(-0.00060, 0.99681, 0.00902, -0.07935)
 
 

rightHand(-0.00060, 0.99681, 0.00902, -0.07935)
 
 

rightHand(-0.00060, 0.99681, 0.00902, -0.07935)
 
 

rightHand(-0.00060, 0.99681, 0.00902, -0.07935)
 
 

rightHand(-0.50000, -0.50000, -0.50000, 0.50000)
 
 

rightHand(-0.50000, -0.50000, -0.50000, 0.50000)
 
 

rightHand(-0.50000, -0.50000, -0.50000, 0.50000)
 
 

rightHand(-0.50000, -0.50000, -0.50000, 0.50000)
 
 

rightHand(-0.50000, -0.50000, -0.50000, 0.50000)
 
 

rightHand(-0.50000, -0.50000, -0.50000, 0.50000)
 
 

rightHand(-0.50000, -0.50000, -0.50000, 0.50000)
 
 

rightHand(-0.50000, -0.50000, -0.50000, 0.50000)
 
 

rightHand(-0.50000, -0.50000, -0.50000, 0.50000)
 
 

rightHand(-0.50000, -0.50000, -0.50000, 0.50000)
 
 

rightHand(-0.50000, -0.50000, -0.50000, 0.50000)
 
 

rightHand(-0.50000, -0.50000, -0.50000, 0.50000)
 
 

rightHand(-0.50000, -0.50000, -0.50000, 0.50000)
 
 

rightHand(-0.50000, -0.50000, -0.50000, 0.50000)
 
 

rightHand(-0.50000, -0.50000, -0.50000, 0.50000)
 
 

rightHand(-0.50000, -0.50000, -0.50000, 0.50000)
 
 

rightHand(-0.00047, 0.99678, 0.00976, -0.07959)
 
 

rightHand(-0.00047, 0.99678, 0.00976, -0.07959)
 
 

rightHand(-0.00047, 0.99678, 0.00976, -0.07959)
 
 

rightHand(-0.00047, 0.99678, 0.00976, -0.07959)
 
 

rightHand(-0.00047, 0.99678, 0.00976, -0.07959)
 
 

rightHand(-0.00047, 0.99678, 0.00976, -0.07959)
 
 

rightHand(-0.00047, 0.99678, 0.00976, -0.07959)
 
 

rightHand(-0.00047, 0.99678, 0.00976, -0.07959)
 
 

rightHand(-0.50000, -0.50000, -0.50000, 0.50000)
 
 

rightHand(-0.50000, -0.50000, -0.50000, 0.50000)
 
 

rightHand(-0.50000, -0.50000, -0.50000, 0.50000)
 
 

rightHand(-0.50000, -0.50000, -0.50000, 0.50000)
 
 

rightHand(-0.50000, -0.50000, -0.50000, 0.50000)
 
 

rightHand(-0.50000, -0.50000, -0.50000, 0.50000)
 
 

rightHand(-0.50000, -0.50000, -0.50000, 0.50000)
 
 

rightHand(-0.50000, -0.50000, -0.50000, 0.50000)
 
 

rightHand(-0.50000, -0.50000, -0.50000, 0.50000)
 
 

rightHand(-0.50000, -0.50000, -0.50000, 0.50000)
 
 

rightHand(-0.50000, -0.50000, -0.50000, 0.50000)
 
 

rightHand(-0.50000, -0.50000, -0.50000, 0.50000)
 
 

rightHand(-0.50000, -0.50000, -0.50000, 0.50000)
 
 

rightHand(-0.50000, -0.50000, -0.50000, 0.50000)
 
 

rightHand(-0.50000, -0.50000, -0.50000, 0.50000)
 
 

rightHand(-0.50000, -0.50000, -0.50000, 0.50000)
 
 

rightHand(0.00281, 0.99670, 0.00933, -0.08064)
 
 

rightHand(0.00281, 0.99670, 0.00933, -0.08064)
 
 

rightHand(0.00281, 0.99670, 0.00933, -0.08064)
 
 

rightHand(0.00281, 0.99670, 0.00933, -0.08064)
 
 

rightHand(0.00281, 0.99670, 0.00933, -0.08064)
 
 

rightHand(0.00281, 0.99670, 0.00933, -0.08064)
 
 

rightHand(0.00281, 0.99670, 0.00933, -0.08064)
 
 

rightHand(0.00281, 0.99670, 0.00933, -0.08064)
 
 

rightHand(-0.50000, -0.50000, -0.50000, 0.50000)
 
 

rightHand(-0.50000, -0.50000, -0.50000, 0.50000)
 
 

rightHand(-0.50000, -0.50000, -0.50000, 0.50000)
 
 

rightHand(-0.50000, -0.50000, -0.50000, 0.50000)
 
 

rightHand(-0.50000, -0.50000, -0.50000, 0.50000)
 
 

rightHand(-0.50000, -0.50000, -0.50000, 0.50000)
 
 

rightHand(-0.50000, -0.50000, -0.50000, 0.50000)
 
 

rightHand(-0.50000, -0.50000, -0.50000, 0.50000)
 
 

rightHand(-0.50000, -0.50000, -0.50000, 0.50000)
 
 

rightHand(-0.50000, -0.50000, -0.50000, 0.50000)
 
 

rightHand(-0.50000, -0.50000, -0.50000, 0.50000)
 
 

rightHand(-0.50000, -0.50000, -0.50000, 0.50000)
 
 

rightHand(-0.50000, -0.50000, -0.50000, 0.50000)
 
 

rightHand(-0.50000, -0.50000, -0.50000, 0.50000)
 
 

rightHand(-0.50000, -0.50000, -0.50000, 0.50000)
 
 

rightHand(-0.50000, -0.50000, -0.50000, 0.50000)
 
 

rightHand(0.00786, 0.99670, 0.00887, -0.08036)
 
 

rightHand(0.00786, 0.99670, 0.00887, -0.08036)
 
 

rightHand(0.00786, 0.99670, 0.00887, -0.08036)
 
 

rightHand(0.00786, 0.99670, 0.00887, -0.08036)
 
 

rightHand(0.00786, 0.99670, 0.00887, -0.08036)
 
 

rightHand(0.00786, 0.99670, 0.00887, -0.08036)
 
 

rightHand(0.00786, 0.99670, 0.00887, -0.08036)
 
 

rightHand(0.00786, 0.99670, 0.00887, -0.08036)
 
 

rightHand(-0.50000, -0.50000, -0.50000, 0.50000)
 
 

rightHand(-0.50000, -0.50000, -0.50000, 0.50000)
 
 

rightHand(-0.50000, -0.50000, -0.50000, 0.50000)
 
 

rightHand(-0.50000, -0.50000, -0.50000, 0.50000)
 
 

rightHand(-0.50000, -0.50000, -0.50000, 0.50000)
 
 

rightHand(-0.50000, -0.50000, -0.50000, 0.50000)
 
 

rightHand(-0.50000, -0.50000, -0.50000, 0.50000)
 
 

rightHand(-0.50000, -0.50000, -0.50000, 0.50000)
 
 

rightHand(-0.50000, -0.50000, -0.50000, 0.50000)
 
 

rightHand(-0.50000, -0.50000, -0.50000, 0.50000)
 
 

rightHand(-0.50000, -0.50000, -0.50000, 0.50000)
 
 

rightHand(-0.50000, -0.50000, -0.50000, 0.50000)
 
 

rightHand(-0.50000, -0.50000, -0.50000, 0.50000)
 
 

rightHand(-0.50000, -0.50000, -0.50000, 0.50000)
 
 

rightHand(-0.50000, -0.50000, -0.50000, 0.50000)
 
 

rightHand(-0.50000, -0.50000, -0.50000, 0.50000)
 
 

rightHand(0.00535, 0.99691, 0.00983, -0.07779)
 
 

rightHand(0.00535, 0.99691, 0.00983, -0.07779)
 
 

rightHand(0.00535, 0.99691, 0.00983, -0.07779)
 
 

rightHand(0.00535, 0.99691, 0.00983, -0.07779)
 
 

rightHand(0.00535, 0.99691, 0.00983, -0.07779)
 
 

rightHand(0.00535, 0.99691, 0.00983, -0.07779)
 
 

rightHand(0.00535, 0.99691, 0.00983, -0.07779)
 
 

rightHand(0.00535, 0.99691, 0.00983, -0.07779)
 
 

rightHand(-0.50000, -0.50000, -0.50000, 0.50000)
 
 

rightHand(-0.50000, -0.50000, -0.50000, 0.50000)
 
 

rightHand(-0.50000, -0.50000, -0.50000, 0.50000)
 
 

rightHand(-0.50000, -0.50000, -0.50000, 0.50000)
 
 

rightHand(-0.50000, -0.50000, -0.50000, 0.50000)
 
 

rightHand(-0.50000, -0.50000, -0.50000, 0.50000)
 
 

rightHand(-0.50000, -0.50000, -0.50000, 0.50000)
 
 

rightHand(-0.50000, -0.50000, -0.50000, 0.50000)
 
 

rightHand(-0.50000, -0.50000, -0.50000, 0.50000)
 
 

rightHand(-0.50000, -0.50000, -0.50000, 0.50000)
 
 

rightHand(-0.50000, -0.50000, -0.50000, 0.50000)
 
 

rightHand(-0.50000, -0.50000, -0.50000, 0.50000)
 
 

rightHand(-0.50000, -0.50000, -0.50000, 0.50000)
 
 

rightHand(-0.50000, -0.50000, -0.50000, 0.50000)
 
 

rightHand(-0.50000, -0.50000, -0.50000, 0.50000)
 
 

rightHand(-0.50000, -0.50000, -0.50000, 0.50000)
 
 

rightHand(0.00095, 0.99697, 0.01186, -0.07690)
 
 

rightHand(0.00095, 0.99697, 0.01186, -0.07690)
 
 

rightHand(0.00095, 0.99697, 0.01186, -0.07690)
 
 

rightHand(0.00095, 0.99697, 0.01186, -0.07690)
 
 

rightHand(0.00095, 0.99697, 0.01186, -0.07690)
 
 

rightHand(0.00095, 0.99697, 0.01186, -0.07690)
 
 

rightHand(0.00095, 0.99697, 0.01186, -0.07690)
 
 

rightHand(0.00095, 0.99697, 0.01186, -0.07690)
 
 

rightHand(-0.50000, -0.50000, -0.50000, 0.50000)
 
 

rightHand(-0.50000, -0.50000, -0.50000, 0.50000)
 
 

rightHand(-0.50000, -0.50000, -0.50000, 0.50000)
 
 

rightHand(-0.50000, -0.50000, -0.50000, 0.50000)
 
 

rightHand(-0.50000, -0.50000, -0.50000, 0.50000)
 
 

rightHand(-0.50000, -0.50000, -0.50000, 0.50000)
 
 

rightHand(-0.50000, -0.50000, -0.50000, 0.50000)
 
 

rightHand(-0.50000, -0.50000, -0.50000, 0.50000)
 
 

rightHand(-0.50000, -0.50000, -0.50000, 0.50000)
 
 

rightHand(-0.50000, -0.50000, -0.50000, 0.50000)
 
 

rightHand(-0.50000, -0.50000, -0.50000, 0.50000)
 
 

rightHand(-0.50000, -0.50000, -0.50000, 0.50000)
 
 

rightHand(-0.50000, -0.50000, -0.50000, 0.50000)
 
 

rightHand(-0.50000, -0.50000, -0.50000, 0.50000)
 
 

rightHand(-0.50000, -0.50000, -0.50000, 0.50000)
 
 

rightHand(-0.50000, -0.50000, -0.50000, 0.50000)
 
 

rightHand(0.00289, 0.99688, 0.01258, -0.07786)
 
 

rightHand(0.00289, 0.99688, 0.01258, -0.07786)
 
 

rightHand(0.00289, 0.99688, 0.01258, -0.07786)
 
 

rightHand(0.00289, 0.99688, 0.01258, -0.07786)
 
 

rightHand(0.00289, 0.99688, 0.01258, -0.07786)
 
 

rightHand(0.00289, 0.99688, 0.01258, -0.07786)
 
 

rightHand(0.00289, 0.99688, 0.01258, -0.07786)
 
 

rightHand(0.00289, 0.99688, 0.01258, -0.07786)
 
 

rightHand(-0.50000, -0.50000, -0.50000, 0.50000)
 
 

rightHand(-0.50000, -0.50000, -0.50000, 0.50000)
 
 

rightHand(-0.50000, -0.50000, -0.50000, 0.50000)
 
 

rightHand(-0.50000, -0.50000, -0.50000, 0.50000)
 
 

rightHand(-0.50000, -0.50000, -0.50000, 0.50000)
 
 

rightHand(-0.50000, -0.50000, -0.50000, 0.50000)
 
 

rightHand(-0.50000, -0.50000, -0.50000, 0.50000)
 
 

rightHand(-0.50000, -0.50000, -0.50000, 0.50000)
 
 

rightHand(-0.50000, -0.50000, -0.50000, 0.50000)
 
 

rightHand(-0.50000, -0.50000, -0.50000, 0.50000)
 
 

rightHand(-0.50000, -0.50000, -0.50000, 0.50000)
 
 

rightHand(-0.50000, -0.50000, -0.50000, 0.50000)
 
 

rightHand(-0.50000, -0.50000, -0.50000, 0.50000)
 
 

rightHand(-0.50000, -0.50000, -0.50000, 0.50000)
 
 

rightHand(-0.50000, -0.50000, -0.50000, 0.50000)
 
 

rightHand(-0.50000, -0.50000, -0.50000, 0.50000)
 
 

rightHand(0.00759, 0.99685, 0.01169, -0.07809)
 
 

rightHand(0.00759, 0.99685, 0.01169, -0.07809)
 
 

rightHand(0.00759, 0.99685, 0.01169, -0.07809)
 
 

rightHand(0.00759, 0.99685, 0.01169, -0.07809)
 
 

rightHand(0.00759, 0.99685, 0.01169, -0.07809)
 
 

rightHand(0.00759, 0.99685, 0.01169, -0.07809)
 
 

rightHand(0.00759, 0.99685, 0.01169, -0.07809)
 
 

rightHand(0.00759, 0.99685, 0.01169, -0.07809)
 
 

rightHand(-0.50000, -0.50000, -0.50000, 0.50000)
 
 

rightHand(-0.50000, -0.50000, -0.50000, 0.50000)
 
 

rightHand(-0.50000, -0.50000, -0.50000, 0.50000)
 
 

rightHand(-0.50000, -0.50000, -0.50000, 0.50000)
 
 

rightHand(-0.50000, -0.50000, -0.50000, 0.50000)
 
 

rightHand(-0.50000, -0.50000, -0.50000, 0.50000)
 
 

rightHand(-0.50000, -0.50000, -0.50000, 0.50000)
 
 

rightHand(-0.50000, -0.50000, -0.50000, 0.50000)
 
 

rightHand(-0.50000, -0.50000, -0.50000, 0.50000)
 
 

rightHand(-0.50000, -0.50000, -0.50000, 0.50000)
 
 

rightHand(-0.50000, -0.50000, -0.50000, 0.50000)
 
 

rightHand(-0.50000, -0.50000, -0.50000, 0.50000)
 
 

rightHand(-0.50000, -0.50000, -0.50000, 0.50000)
 
 

rightHand(-0.50000, -0.50000, -0.50000, 0.50000)
 
 

rightHand(-0.50000, -0.50000, -0.50000, 0.50000)
 
 

rightHand(-0.50000, -0.50000, -0.50000, 0.50000)
 
 

rightHand(0.00682, 0.99703, 0.01121, -0.07587)
 
 

rightHand(0.00682, 0.99703, 0.01121, -0.07587)
 
 

rightHand(0.00682, 0.99703, 0.01121, -0.07587)
 
 

rightHand(0.00682, 0.99703, 0.01121, -0.07587)
 
 

rightHand(0.00682, 0.99703, 0.01121, -0.07587)
 
 

rightHand(0.00682, 0.99703, 0.01121, -0.07587)
 
 

rightHand(0.00682, 0.99703, 0.01121, -0.07587)
 
 

rightHand(0.00682, 0.99703, 0.01121, -0.07587)
 
 

rightHand(-0.50000, -0.50000, -0.50000, 0.50000)
 
 

rightHand(-0.50000, -0.50000, -0.50000, 0.50000)
 
 

rightHand(-0.50000, -0.50000, -0.50000, 0.50000)
 
 

rightHand(-0.50000, -0.50000, -0.50000, 0.50000)
 
 

rightHand(-0.50000, -0.50000, -0.50000, 0.50000)
 
 

rightHand(-0.50000, -0.50000, -0.50000, 0.50000)
 
 

rightHand(-0.50000, -0.50000, -0.50000, 0.50000)
 
 

rightHand(-0.50000, -0.50000, -0.50000, 0.50000)
 
 

rightHand(-0.50000, -0.50000, -0.50000, 0.50000)
 
 

rightHand(-0.50000, -0.50000, -0.50000, 0.50000)
 
 

rightHand(-0.50000, -0.50000, -0.50000, 0.50000)
 
 

rightHand(-0.50000, -0.50000, -0.50000, 0.50000)
 
 

rightHand(-0.50000, -0.50000, -0.50000, 0.50000)
 
 

rightHand(-0.50000, -0.50000, -0.50000, 0.50000)
 
 

rightHand(-0.50000, -0.50000, -0.50000, 0.50000)
 
 

rightHand(-0.50000, -0.50000, -0.50000, 0.50000)
 
 

rightHand(0.00588, 0.99713, 0.01114, -0.07471)
 
 

rightHand(0.00588, 0.99713, 0.01114, -0.07471)
 
 

rightHand(0.00588, 0.99713, 0.01114, -0.07471)
 
 

rightHand(0.00588, 0.99713, 0.01114, -0.07471)
 
 

rightHand(0.00588, 0.99713, 0.01114, -0.07471)
 
 

rightHand(0.00588, 0.99713, 0.01114, -0.07471)
 
 

rightHand(0.00588, 0.99713, 0.01114, -0.07471)
 
 

rightHand(0.00588, 0.99713, 0.01114, -0.07471)
 
 

rightHand(-0.50000, -0.50000, -0.50000, 0.50000)
 
 

rightHand(-0.50000, -0.50000, -0.50000, 0.50000)
 
 

rightHand(-0.50000, -0.50000, -0.50000, 0.50000)
 
 

rightHand(-0.50000, -0.50000, -0.50000, 0.50000)
 
 

rightHand(-0.50000, -0.50000, -0.50000, 0.50000)
 
 

rightHand(-0.50000, -0.50000, -0.50000, 0.50000)
 
 

rightHand(-0.50000, -0.50000, -0.50000, 0.50000)
 
 

rightHand(-0.50000, -0.50000, -0.50000, 0.50000)
 
 

rightHand(-0.50000, -0.50000, -0.50000, 0.50000)
 
 

rightHand(-0.50000, -0.50000, -0.50000, 0.50000)
 
 

rightHand(-0.50000, -0.50000, -0.50000, 0.50000)
 
 

rightHand(-0.50000, -0.50000, -0.50000, 0.50000)
 
 

rightHand(-0.50000, -0.50000, -0.50000, 0.50000)
 
 

rightHand(-0.50000, -0.50000, -0.50000, 0.50000)
 
 

rightHand(-0.50000, -0.50000, -0.50000, 0.50000)
 
 

rightHand(-0.50000, -0.50000, -0.50000, 0.50000)
 
 

rightHand(0.00646, 0.99695, 0.01122, -0.07700)
 
 

rightHand(0.00646, 0.99695, 0.01122, -0.07700)
 
 

rightHand(0.00646, 0.99695, 0.01122, -0.07700)
 
 

rightHand(0.00646, 0.99695, 0.01122, -0.07700)
 
 

rightHand(0.00646, 0.99695, 0.01122, -0.07700)
 
 

rightHand(0.00646, 0.99695, 0.01122, -0.07700)
 
 

rightHand(0.00646, 0.99695, 0.01122, -0.07700)
 
 

rightHand(0.00646, 0.99695, 0.01122, -0.07700)
 
 

rightHand(-0.50000, -0.50000, -0.50000, 0.50000)
 
 

rightHand(-0.50000, -0.50000, -0.50000, 0.50000)
 
 

rightHand(-0.50000, -0.50000, -0.50000, 0.50000)
 
 

rightHand(-0.50000, -0.50000, -0.50000, 0.50000)
 
 

rightHand(-0.50000, -0.50000, -0.50000, 0.50000)
 
 

rightHand(-0.50000, -0.50000, -0.50000, 0.50000)
 
 

rightHand(-0.50000, -0.50000, -0.50000, 0.50000)
 
 

rightHand(-0.50000, -0.50000, -0.50000, 0.50000)
 
 

rightHand(-0.50000, -0.50000, -0.50000, 0.50000)
 
 

rightHand(-0.50000, -0.50000, -0.50000, 0.50000)
 
 

rightHand(-0.50000, -0.50000, -0.50000, 0.50000)
 
 

rightHand(-0.50000, -0.50000, -0.50000, 0.50000)
 
 

rightHand(-0.50000, -0.50000, -0.50000, 0.50000)
 
 

rightHand(-0.50000, -0.50000, -0.50000, 0.50000)
 
 

rightHand(-0.50000, -0.50000, -0.50000, 0.50000)
 
 

rightHand(-0.50000, -0.50000, -0.50000, 0.50000)
 
 

rightHand(0.01226, 0.99687, 0.01216, -0.07713)
 
 

rightHand(0.01226, 0.99687, 0.01216, -0.07713)
 
 

rightHand(0.01226, 0.99687, 0.01216, -0.07713)
 
 

rightHand(0.01226, 0.99687, 0.01216, -0.07713)
 
 

rightHand(0.01226, 0.99687, 0.01216, -0.07713)
 
 

rightHand(0.01226, 0.99687, 0.01216, -0.07713)
 
 

rightHand(0.01226, 0.99687, 0.01216, -0.07713)
 
 

rightHand(0.01226, 0.99687, 0.01216, -0.07713)
 
 

rightHand(-0.50000, -0.50000, -0.50000, 0.50000)
 
 

rightHand(-0.50000, -0.50000, -0.50000, 0.50000)
 
 

rightHand(-0.50000, -0.50000, -0.50000, 0.50000)
 
 

rightHand(-0.50000, -0.50000, -0.50000, 0.50000)
 
 

rightHand(-0.50000, -0.50000, -0.50000, 0.50000)
 
 

rightHand(-0.50000, -0.50000, -0.50000, 0.50000)
 
 

rightHand(-0.50000, -0.50000, -0.50000, 0.50000)
 
 

rightHand(-0.50000, -0.50000, -0.50000, 0.50000)
 
 

rightHand(-0.50000, -0.50000, -0.50000, 0.50000)
 
 

rightHand(-0.50000, -0.50000, -0.50000, 0.50000)
 
 

rightHand(-0.50000, -0.50000, -0.50000, 0.50000)
 
 

rightHand(-0.50000, -0.50000, -0.50000, 0.50000)
 
 

rightHand(-0.50000, -0.50000, -0.50000, 0.50000)
 
 

rightHand(-0.50000, -0.50000, -0.50000, 0.50000)
 
 

rightHand(-0.50000, -0.50000, -0.50000, 0.50000)
 
 

rightHand(-0.50000, -0.50000, -0.50000, 0.50000)
 
 

rightHand(0.00885, 0.99708, 0.01421, -0.07454)
 
 

rightHand(0.00885, 0.99708, 0.01421, -0.07454)
 
 

rightHand(0.00885, 0.99708, 0.01421, -0.07454)
 
 

rightHand(0.00885, 0.99708, 0.01421, -0.07454)
 
 

rightHand(0.00885, 0.99708, 0.01421, -0.07454)
 
 

rightHand(0.00885, 0.99708, 0.01421, -0.07454)
 
 

rightHand(0.00885, 0.99708, 0.01421, -0.07454)
 
 

rightHand(0.00885, 0.99708, 0.01421, -0.07454)
 
 

rightHand(-0.50000, -0.50000, -0.50000, 0.50000)
 
 

rightHand(-0.50000, -0.50000, -0.50000, 0.50000)
 
 

rightHand(-0.50000, -0.50000, -0.50000, 0.50000)
 
 

rightHand(-0.50000, -0.50000, -0.50000, 0.50000)
 
 

rightHand(-0.50000, -0.50000, -0.50000, 0.50000)
 
 

rightHand(-0.50000, -0.50000, -0.50000, 0.50000)
 
 

rightHand(-0.50000, -0.50000, -0.50000, 0.50000)
 
 

rightHand(-0.50000, -0.50000, -0.50000, 0.50000)
 
 

rightHand(-0.50000, -0.50000, -0.50000, 0.50000)
 
 

rightHand(-0.50000, -0.50000, -0.50000, 0.50000)
 
 

rightHand(-0.50000, -0.50000, -0.50000, 0.50000)
 
 

rightHand(-0.50000, -0.50000, -0.50000, 0.50000)
 
 

rightHand(-0.50000, -0.50000, -0.50000, 0.50000)
 
 

rightHand(-0.50000, -0.50000, -0.50000, 0.50000)
 
 

rightHand(-0.50000, -0.50000, -0.50000, 0.50000)
 
 

rightHand(-0.50000, -0.50000, -0.50000, 0.50000)
 
 

rightHand(0.00132, 0.99741, 0.01586, -0.07014)
 
 

rightHand(0.00132, 0.99741, 0.01586, -0.07014)
 
 

rightHand(0.00132, 0.99741, 0.01586, -0.07014)
 
 

rightHand(0.00132, 0.99741, 0.01586, -0.07014)
 
 

rightHand(0.00132, 0.99741, 0.01586, -0.07014)
 
 

rightHand(0.00132, 0.99741, 0.01586, -0.07014)
 
 

rightHand(0.00132, 0.99741, 0.01586, -0.07014)
 
 

rightHand(0.00132, 0.99741, 0.01586, -0.07014)
 
 

rightHand(-0.50000, -0.50000, -0.50000, 0.50000)
 
 

rightHand(-0.50000, -0.50000, -0.50000, 0.50000)
 
 

rightHand(-0.50000, -0.50000, -0.50000, 0.50000)
 
 

rightHand(-0.50000, -0.50000, -0.50000, 0.50000)
 
 

rightHand(-0.50000, -0.50000, -0.50000, 0.50000)
 
 

rightHand(-0.50000, -0.50000, -0.50000, 0.50000)
 
 

rightHand(-0.50000, -0.50000, -0.50000, 0.50000)
 
 

rightHand(-0.50000, -0.50000, -0.50000, 0.50000)
 
 

rightHand(-0.50000, -0.50000, -0.50000, 0.50000)
 
 

rightHand(-0.50000, -0.50000, -0.50000, 0.50000)
 
 

rightHand(-0.50000, -0.50000, -0.50000, 0.50000)
 
 

rightHand(-0.50000, -0.50000, -0.50000, 0.50000)
 
 

rightHand(-0.50000, -0.50000, -0.50000, 0.50000)
 
 

rightHand(-0.50000, -0.50000, -0.50000, 0.50000)
 
 

rightHand(-0.50000, -0.50000, -0.50000, 0.50000)
 
 

rightHand(-0.50000, -0.50000, -0.50000, 0.50000)
 
 

rightHand(0.00275, 0.99750, 0.01591, -0.06886)
 
 

rightHand(0.00275, 0.99750, 0.01591, -0.06886)
 
 

rightHand(0.00275, 0.99750, 0.01591, -0.06886)
 
 

rightHand(0.00275, 0.99750, 0.01591, -0.06886)
 
 

rightHand(0.00275, 0.99750, 0.01591, -0.06886)
 
 

rightHand(0.00275, 0.99750, 0.01591, -0.06886)
 
 

rightHand(0.00275, 0.99750, 0.01591, -0.06886)
 
 

rightHand(0.00275, 0.99750, 0.01591, -0.06886)
 
 

rightHand(-0.50000, -0.50000, -0.50000, 0.50000)
 
 

rightHand(-0.50000, -0.50000, -0.50000, 0.50000)
 
 

rightHand(-0.50000, -0.50000, -0.50000, 0.50000)
 
 

rightHand(-0.50000, -0.50000, -0.50000, 0.50000)
 
 

rightHand(-0.50000, -0.50000, -0.50000, 0.50000)
 
 

rightHand(-0.50000, -0.50000, -0.50000, 0.50000)
 
 

rightHand(-0.50000, -0.50000, -0.50000, 0.50000)
 
 

rightHand(-0.50000, -0.50000, -0.50000, 0.50000)
 
 

rightHand(-0.50000, -0.50000, -0.50000, 0.50000)
 
 

rightHand(-0.50000, -0.50000, -0.50000, 0.50000)
 
 

rightHand(-0.50000, -0.50000, -0.50000, 0.50000)
 
 

rightHand(-0.50000, -0.50000, -0.50000, 0.50000)
 
 

rightHand(-0.50000, -0.50000, -0.50000, 0.50000)
 
 

rightHand(-0.50000, -0.50000, -0.50000, 0.50000)
 
 

rightHand(-0.50000, -0.50000, -0.50000, 0.50000)
 
 

rightHand(-0.50000, -0.50000, -0.50000, 0.50000)
 
 

rightHand(0.00860, 0.99761, 0.01363, -0.06714)
 
 

rightHand(0.00860, 0.99761, 0.01363, -0.06714)
 
 

rightHand(0.00860, 0.99761, 0.01363, -0.06714)
 
 

rightHand(0.00860, 0.99761, 0.01363, -0.06714)
 
 

rightHand(0.00860, 0.99761, 0.01363, -0.06714)
 
 

rightHand(0.00860, 0.99761, 0.01363, -0.06714)
 
 

rightHand(0.00860, 0.99761, 0.01363, -0.06714)
 
 

rightHand(0.00860, 0.99761, 0.01363, -0.06714)
 
 

rightHand(-0.50000, -0.50000, -0.50000, 0.50000)
 
 

rightHand(-0.50000, -0.50000, -0.50000, 0.50000)
 
 

rightHand(-0.50000, -0.50000, -0.50000, 0.50000)
 
 

rightHand(-0.50000, -0.50000, -0.50000, 0.50000)
 
 

rightHand(-0.50000, -0.50000, -0.50000, 0.50000)
 
 

rightHand(-0.50000, -0.50000, -0.50000, 0.50000)
 
 

rightHand(-0.50000, -0.50000, -0.50000, 0.50000)
 
 

rightHand(-0.50000, -0.50000, -0.50000, 0.50000)
 
 

rightHand(-0.50000, -0.50000, -0.50000, 0.50000)
 
 

rightHand(-0.50000, -0.50000, -0.50000, 0.50000)
 
 

rightHand(-0.50000, -0.50000, -0.50000, 0.50000)
 
 

rightHand(-0.50000, -0.50000, -0.50000, 0.50000)
 
 

rightHand(-0.50000, -0.50000, -0.50000, 0.50000)
 
 

rightHand(-0.50000, -0.50000, -0.50000, 0.50000)
 
 

rightHand(-0.50000, -0.50000, -0.50000, 0.50000)
 
 

rightHand(-0.50000, -0.50000, -0.50000, 0.50000)
 
 

rightHand(0.01148, 0.99771, 0.01421, -0.06508)
 
 

rightHand(0.01148, 0.99771, 0.01421, -0.06508)
 
 

rightHand(0.01148, 0.99771, 0.01421, -0.06508)
 
 

rightHand(0.01148, 0.99771, 0.01421, -0.06508)
 
 

rightHand(0.01148, 0.99771, 0.01421, -0.06508)
 
 

rightHand(0.01148, 0.99771, 0.01421, -0.06508)
 
 

rightHand(0.01148, 0.99771, 0.01421, -0.06508)
 
 

rightHand(0.01148, 0.99771, 0.01421, -0.06508)
 
 

rightHand(-0.50000, -0.50000, -0.50000, 0.50000)
 
 

rightHand(-0.50000, -0.50000, -0.50000, 0.50000)
 
 

rightHand(-0.50000, -0.50000, -0.50000, 0.50000)
 
 

rightHand(-0.50000, -0.50000, -0.50000, 0.50000)
 
 

rightHand(-0.50000, -0.50000, -0.50000, 0.50000)
 
 

rightHand(-0.50000, -0.50000, -0.50000, 0.50000)
 
 

rightHand(-0.50000, -0.50000, -0.50000, 0.50000)
 
 

rightHand(-0.50000, -0.50000, -0.50000, 0.50000)
 
 

rightHand(-0.50000, -0.50000, -0.50000, 0.50000)
 
 

rightHand(-0.50000, -0.50000, -0.50000, 0.50000)
 
 

rightHand(-0.50000, -0.50000, -0.50000, 0.50000)
 
 

rightHand(-0.50000, -0.50000, -0.50000, 0.50000)
 
 

rightHand(-0.50000, -0.50000, -0.50000, 0.50000)
 
 

rightHand(-0.50000, -0.50000, -0.50000, 0.50000)
 
 

rightHand(-0.50000, -0.50000, -0.50000, 0.50000)
 
 

rightHand(-0.50000, -0.50000, -0.50000, 0.50000)
 
 

rightHand(0.01115, 0.99773, 0.01685, -0.06430)
 
 

rightHand(0.01115, 0.99773, 0.01685, -0.06430)
 
 

rightHand(0.01115, 0.99773, 0.01685, -0.06430)
 
 

rightHand(0.01115, 0.99773, 0.01685, -0.06430)
 
 

rightHand(0.01115, 0.99773, 0.01685, -0.06430)
 
 

rightHand(0.01115, 0.99773, 0.01685, -0.06430)
 
 

rightHand(0.01115, 0.99773, 0.01685, -0.06430)
 
 

rightHand(0.01115, 0.99773, 0.01685, -0.06430)
 
 

rightHand(-0.50000, -0.50000, -0.50000, 0.50000)
 
 

rightHand(-0.50000, -0.50000, -0.50000, 0.50000)
 
 

rightHand(-0.50000, -0.50000, -0.50000, 0.50000)
 
 

rightHand(-0.50000, -0.50000, -0.50000, 0.50000)
 
 

rightHand(-0.50000, -0.50000, -0.50000, 0.50000)
 
 

rightHand(-0.50000, -0.50000, -0.50000, 0.50000)
 
 

rightHand(-0.50000, -0.50000, -0.50000, 0.50000)
 
 

rightHand(-0.50000, -0.50000, -0.50000, 0.50000)
 
 

rightHand(-0.50000, -0.50000, -0.50000, 0.50000)
 
 

rightHand(-0.50000, -0.50000, -0.50000, 0.50000)
 
 

rightHand(-0.50000, -0.50000, -0.50000, 0.50000)
 
 

rightHand(-0.50000, -0.50000, -0.50000, 0.50000)
 
 

rightHand(-0.50000, -0.50000, -0.50000, 0.50000)
 
 

rightHand(-0.50000, -0.50000, -0.50000, 0.50000)
 
 

rightHand(-0.50000, -0.50000, -0.50000, 0.50000)
 
 

rightHand(-0.50000, -0.50000, -0.50000, 0.50000)
 
 

rightHand(0.00478, 0.99776, 0.01655, -0.06465)
 
 

rightHand(0.00478, 0.99776, 0.01655, -0.06465)
 
 

rightHand(0.00478, 0.99776, 0.01655, -0.06465)
 
 

rightHand(0.00478, 0.99776, 0.01655, -0.06465)
 
 

rightHand(0.00478, 0.99776, 0.01655, -0.06465)
 
 

rightHand(0.00478, 0.99776, 0.01655, -0.06465)
 
 

rightHand(-0.50000, -0.50000, -0.50000, 0.50000)
 
 

rightHand(-0.50000, -0.50000, -0.50000, 0.50000)
 
 

rightHand(-0.50000, -0.50000, -0.50000, 0.50000)
 
 

rightHand(-0.50000, -0.50000, -0.50000, 0.50000)
 
 

rightHand(-0.50000, -0.50000, -0.50000, 0.50000)
 
 

rightHand(-0.50000, -0.50000, -0.50000, 0.50000)
 
 

rightHand(-0.50000, -0.50000, -0.50000, 0.50000)
 
 

rightHand(-0.50000, -0.50000, -0.50000, 0.50000)
 
 

rightHand(-0.50000, -0.50000, -0.50000, 0.50000)
 
 

rightHand(-0.50000, -0.50000, -0.50000, 0.50000)
 
 

rightHand(-0.50000, -0.50000, -0.50000, 0.50000)
 
 

rightHand(-0.50000, -0.50000, -0.50000, 0.50000)
 
 

rightHand(-0.50000, -0.50000, -0.50000, 0.50000)
 
 

rightHand(-0.50000, -0.50000, -0.50000, 0.50000)
 
 

rightHand(-0.50000, -0.50000, -0.50000, 0.50000)
 
 

rightHand(-0.50000, -0.50000, -0.50000, 0.50000)
 
 

rightHand(0.00720, 0.99790, 0.01736, -0.06204)
 
 

rightHand(0.00720, 0.99790, 0.01736, -0.06204)
 
 

rightHand(0.00720, 0.99790, 0.01736, -0.06204)
 
 

rightHand(0.00720, 0.99790, 0.01736, -0.06204)
 
 

rightHand(-0.50000, -0.50000, -0.50000, 0.50000)
 
 

rightHand(-0.50000, -0.50000, -0.50000, 0.50000)
 
 

rightHand(-0.50000, -0.50000, -0.50000, 0.50000)
 
 

rightHand(-0.50000, -0.50000, -0.50000, 0.50000)
 
 

rightHand(-0.50000, -0.50000, -0.50000, 0.50000)
 
 

rightHand(-0.50000, -0.50000, -0.50000, 0.50000)
 
 

rightHand(-0.50000, -0.50000, -0.50000, 0.50000)
 
 

rightHand(-0.50000, -0.50000, -0.50000, 0.50000)
 
 

rightHand(-0.50000, -0.50000, -0.50000, 0.50000)
 
 

rightHand(-0.50000, -0.50000, -0.50000, 0.50000)
 
 

rightHand(-0.50000, -0.50000, -0.50000, 0.50000)
 
 

rightHand(-0.50000, -0.50000, -0.50000, 0.50000)
 
 

rightHand(0.00827, 0.99794, 0.01803, -0.06108)
 
 

rightHand(0.00827, 0.99794, 0.01803, -0.06108)
 
 

rightHand(0.00827, 0.99794, 0.01803, -0.06108)
 
 

rightHand(0.00827, 0.99794, 0.01803, -0.06108)
 
 

rightHand(-0.50000, -0.50000, -0.50000, 0.50000)
 
 

rightHand(-0.50000, -0.50000, -0.50000, 0.50000)
 
 

rightHand(-0.50000, -0.50000, -0.50000, 0.50000)
 
 

rightHand(-0.50000, -0.50000, -0.50000, 0.50000)
 
 

rightHand(-0.50000, -0.50000, -0.50000, 0.50000)
 
 

rightHand(-0.50000, -0.50000, -0.50000, 0.50000)
 
 

rightHand(-0.50000, -0.50000, -0.50000, 0.50000)
 
 

rightHand(-0.50000, -0.50000, -0.50000, 0.50000)
 
 

rightHand(0.00787, 0.99801, 0.01802, -0.05985)
 
 

rightHand(0.00787, 0.99801, 0.01802, -0.05985)
 
 

rightHand(0.00787, 0.99801, 0.01802, -0.05985)
 
 

rightHand(0.00787, 0.99801, 0.01802, -0.05985)
 
 

rightHand(0.00946, 0.99820, 0.01670, -0.05675)
 
 

rightHand(0.00946, 0.99820, 0.01670, -0.05675)
 
 

rightHand(0.00946, 0.99820, 0.01670, -0.05675)
 
 

rightHand(0.00946, 0.99820, 0.01670, -0.05675)
 
 

rightHand(0.01375, 0.99834, 0.01588, -0.05361)
 
 

rightHand(0.01375, 0.99834, 0.01588, -0.05361)
 
 

rightHand(0.01986, 0.99959, 0.00594, -0.01973)
 
 

rightHand(0.01986, 0.99959, 0.00594, -0.01973)
 
 

rightHand(0.01854, 0.99962, 0.00431, -0.02006)
 
 

rightHand(0.01854, 0.99962, 0.00431, -0.02006)
 
 

rightHand(0.01854, 0.99962, 0.00431, -0.02006)
 
 

rightHand(0.01854, 0.99962, 0.00431, -0.02006)
 
 

rightHand(0.02332, 0.99954, 0.00243, -0.01947)
 
 

rightHand(0.02332, 0.99954, 0.00243, -0.01947)
 
 

rightHand(0.02332, 0.99954, 0.00243, -0.01947)
 
 

rightHand(0.02332, 0.99954, 0.00243, -0.01947)
 
 

rightHand(-0.50000, -0.50000, -0.50000, 0.50000)
 
 

rightHand(-0.50000, -0.50000, -0.50000, 0.50000)
 
 

rightHand(-0.50000, -0.50000, -0.50000, 0.50000)
 
 

rightHand(-0.50000, -0.50000, -0.50000, 0.50000)
 
 

rightHand(-0.50000, -0.50000, -0.50000, 0.50000)
 
 

rightHand(-0.50000, -0.50000, -0.50000, 0.50000)
 
 

rightHand(-0.50000, -0.50000, -0.50000, 0.50000)
 
 

rightHand(-0.50000, -0.50000, -0.50000, 0.50000)
 
 

rightHand(0.02204, 0.99955, 0.00239, -0.02039)
 
 

rightHand(0.02204, 0.99955, 0.00239, -0.02039)
 
 

rightHand(0.02204, 0.99955, 0.00239, -0.02039)
 
 

rightHand(0.02204, 0.99955, 0.00239, -0.02039)
 
 

rightHand(-0.50000, -0.50000, -0.50000, 0.50000)
 
 

rightHand(-0.50000, -0.50000, -0.50000, 0.50000)
 
 

rightHand(-0.50000, -0.50000, -0.50000, 0.50000)
 
 

rightHand(-0.50000, -0.50000, -0.50000, 0.50000)
 
 

rightHand(-0.50000, -0.50000, -0.50000, 0.50000)
 
 

rightHand(-0.50000, -0.50000, -0.50000, 0.50000)
 
 

rightHand(-0.50000, -0.50000, -0.50000, 0.50000)
 
 

rightHand(-0.50000, -0.50000, -0.50000, 0.50000)
 
 

rightHand(-0.50000, -0.50000, -0.50000, 0.50000)
 
 

rightHand(-0.50000, -0.50000, -0.50000, 0.50000)
 
 

rightHand(-0.50000, -0.50000, -0.50000, 0.50000)
 
 

rightHand(-0.50000, -0.50000, -0.50000, 0.50000)
 
 

rightHand(-0.50000, -0.50000, -0.50000, 0.50000)
 
 

rightHand(-0.50000, -0.50000, -0.50000, 0.50000)
 
 

rightHand(-0.50000, -0.50000, -0.50000, 0.50000)
 
 

rightHand(-0.50000, -0.50000, -0.50000, 0.50000)
 
 

rightHand(0.01852, 0.99960, 0.00268, -0.02131)
 
 

rightHand(0.01852, 0.99960, 0.00268, -0.02131)
 
 

rightHand(0.01852, 0.99960, 0.00268, -0.02131)
 
 

rightHand(0.01852, 0.99960, 0.00268, -0.02131)
 
 

rightHand(-0.50000, -0.50000, -0.50000, 0.50000)
 
 

rightHand(-0.50000, -0.50000, -0.50000, 0.50000)
 
 

rightHand(-0.50000, -0.50000, -0.50000, 0.50000)
 
 

rightHand(-0.50000, -0.50000, -0.50000, 0.50000)
 
 

rightHand(-0.50000, -0.50000, -0.50000, 0.50000)
 
 

rightHand(-0.50000, -0.50000, -0.50000, 0.50000)
 
 

rightHand(-0.50000, -0.50000, -0.50000, 0.50000)
 
 

rightHand(-0.50000, -0.50000, -0.50000, 0.50000)
 
 

rightHand(-0.50000, -0.50000, -0.50000, 0.50000)
 
 

rightHand(-0.50000, -0.50000, -0.50000, 0.50000)
 
 

rightHand(-0.50000, -0.50000, -0.50000, 0.50000)
 
 

rightHand(-0.50000, -0.50000, -0.50000, 0.50000)
 
 

rightHand(-0.50000, -0.50000, -0.50000, 0.50000)
 
 

rightHand(-0.50000, -0.50000, -0.50000, 0.50000)
 
 

rightHand(-0.50000, -0.50000, -0.50000, 0.50000)
 
 

rightHand(-0.50000, -0.50000, -0.50000, 0.50000)
 
 

rightHand(0.01372, 0.99963, 0.00346, -0.02302)
 
 

rightHand(0.01372, 0.99963, 0.00346, -0.02302)
 
 

rightHand(0.01372, 0.99963, 0.00346, -0.02302)
 
 

rightHand(0.01372, 0.99963, 0.00346, -0.02302)
 
 

rightHand(0.01372, 0.99963, 0.00346, -0.02302)
 
 

rightHand(0.01372, 0.99963, 0.00346, -0.02302)
 
 

rightHand(-0.50000, -0.50000, -0.50000, 0.50000)
 
 

rightHand(-0.50000, -0.50000, -0.50000, 0.50000)
 
 

rightHand(-0.50000, -0.50000, -0.50000, 0.50000)
 
 

rightHand(-0.50000, -0.50000, -0.50000, 0.50000)
 
 

rightHand(-0.50000, -0.50000, -0.50000, 0.50000)
 
 

rightHand(-0.50000, -0.50000, -0.50000, 0.50000)
 
 

rightHand(-0.50000, -0.50000, -0.50000, 0.50000)
 
 

rightHand(-0.50000, -0.50000, -0.50000, 0.50000)
 
 

rightHand(-0.50000, -0.50000, -0.50000, 0.50000)
 
 

rightHand(-0.50000, -0.50000, -0.50000, 0.50000)
 
 

rightHand(-0.50000, -0.50000, -0.50000, 0.50000)
 
 

rightHand(-0.50000, -0.50000, -0.50000, 0.50000)
 
 

rightHand(-0.50000, -0.50000, -0.50000, 0.50000)
 
 

rightHand(-0.50000, -0.50000, -0.50000, 0.50000)
 
 

rightHand(-0.50000, -0.50000, -0.50000, 0.50000)
 
 

rightHand(-0.50000, -0.50000, -0.50000, 0.50000)
 
 

rightHand(0.01553, 0.99958, 0.00499, -0.02392)
 
 

rightHand(0.01553, 0.99958, 0.00499, -0.02392)
 
 

rightHand(0.01553, 0.99958, 0.00499, -0.02392)
 
 

rightHand(0.01553, 0.99958, 0.00499, -0.02392)
 
 

rightHand(0.01553, 0.99958, 0.00499, -0.02392)
 
 

rightHand(0.01553, 0.99958, 0.00499, -0.02392)
 
 

rightHand(0.01553, 0.99958, 0.00499, -0.02392)
 
 

rightHand(0.01553, 0.99958, 0.00499, -0.02392)
 
 

rightHand(-0.50000, -0.50000, -0.50000, 0.50000)
 
 

rightHand(-0.50000, -0.50000, -0.50000, 0.50000)
 
 

rightHand(-0.50000, -0.50000, -0.50000, 0.50000)
 
 

rightHand(-0.50000, -0.50000, -0.50000, 0.50000)
 
 

rightHand(-0.50000, -0.50000, -0.50000, 0.50000)
 
 

rightHand(-0.50000, -0.50000, -0.50000, 0.50000)
 
 

rightHand(-0.50000, -0.50000, -0.50000, 0.50000)
 
 

rightHand(-0.50000, -0.50000, -0.50000, 0.50000)
 
 

rightHand(-0.50000, -0.50000, -0.50000, 0.50000)
 
 

rightHand(-0.50000, -0.50000, -0.50000, 0.50000)
 
 

rightHand(-0.50000, -0.50000, -0.50000, 0.50000)
 
 

rightHand(-0.50000, -0.50000, -0.50000, 0.50000)
 
 

rightHand(-0.50000, -0.50000, -0.50000, 0.50000)
 
 

rightHand(-0.50000, -0.50000, -0.50000, 0.50000)
 
 

rightHand(-0.50000, -0.50000, -0.50000, 0.50000)
 
 

rightHand(-0.50000, -0.50000, -0.50000, 0.50000)
 
 

rightHand(0.01842, 0.99954, 0.00684, -0.02310)
 
 

rightHand(0.01842, 0.99954, 0.00684, -0.02310)
 
 

rightHand(0.01842, 0.99954, 0.00684, -0.02310)
 
 

rightHand(0.01842, 0.99954, 0.00684, -0.02310)
 
 

rightHand(0.01842, 0.99954, 0.00684, -0.02310)
 
 

rightHand(0.01842, 0.99954, 0.00684, -0.02310)
 
 

rightHand(0.01842, 0.99954, 0.00684, -0.02310)
 
 

rightHand(0.01842, 0.99954, 0.00684, -0.02310)
 
 

rightHand(-0.50000, -0.50000, -0.50000, 0.50000)
 
 

rightHand(-0.50000, -0.50000, -0.50000, 0.50000)
 
 

rightHand(-0.50000, -0.50000, -0.50000, 0.50000)
 
 

rightHand(-0.50000, -0.50000, -0.50000, 0.50000)
 
 

rightHand(-0.50000, -0.50000, -0.50000, 0.50000)
 
 

rightHand(-0.50000, -0.50000, -0.50000, 0.50000)
 
 

rightHand(-0.50000, -0.50000, -0.50000, 0.50000)
 
 

rightHand(-0.50000, -0.50000, -0.50000, 0.50000)
 
 

rightHand(-0.50000, -0.50000, -0.50000, 0.50000)
 
 

rightHand(-0.50000, -0.50000, -0.50000, 0.50000)
 
 

rightHand(-0.50000, -0.50000, -0.50000, 0.50000)
 
 

rightHand(-0.50000, -0.50000, -0.50000, 0.50000)
 
 

rightHand(-0.50000, -0.50000, -0.50000, 0.50000)
 
 

rightHand(-0.50000, -0.50000, -0.50000, 0.50000)
 
 

rightHand(-0.50000, -0.50000, -0.50000, 0.50000)
 
 

rightHand(-0.50000, -0.50000, -0.50000, 0.50000)
 
 

rightHand(0.01661, 0.99958, 0.00863, -0.02215)
 
 

rightHand(0.01661, 0.99958, 0.00863, -0.02215)
 
 

rightHand(0.01661, 0.99958, 0.00863, -0.02215)
 
 

rightHand(0.01661, 0.99958, 0.00863, -0.02215)
 
 

rightHand(0.01661, 0.99958, 0.00863, -0.02215)
 
 

rightHand(0.01661, 0.99958, 0.00863, -0.02215)
 
 

rightHand(0.01661, 0.99958, 0.00863, -0.02215)
 
 

rightHand(0.01661, 0.99958, 0.00863, -0.02215)
 
 

rightHand(-0.50000, -0.50000, -0.50000, 0.50000)
 
 

rightHand(-0.50000, -0.50000, -0.50000, 0.50000)
 
 

rightHand(-0.50000, -0.50000, -0.50000, 0.50000)
 
 

rightHand(-0.50000, -0.50000, -0.50000, 0.50000)
 
 

rightHand(-0.50000, -0.50000, -0.50000, 0.50000)
 
 

rightHand(-0.50000, -0.50000, -0.50000, 0.50000)
 
 

rightHand(-0.50000, -0.50000, -0.50000, 0.50000)
 
 

rightHand(-0.50000, -0.50000, -0.50000, 0.50000)
 
 

rightHand(-0.50000, -0.50000, -0.50000, 0.50000)
 
 

rightHand(-0.50000, -0.50000, -0.50000, 0.50000)
 
 

rightHand(-0.50000, -0.50000, -0.50000, 0.50000)
 
 

rightHand(-0.50000, -0.50000, -0.50000, 0.50000)
 
 

rightHand(-0.50000, -0.50000, -0.50000, 0.50000)
 
 

rightHand(-0.50000, -0.50000, -0.50000, 0.50000)
 
 

rightHand(-0.50000, -0.50000, -0.50000, 0.50000)
 
 

rightHand(-0.50000, -0.50000, -0.50000, 0.50000)
 
 

rightHand(0.00931, 0.99968, 0.01020, -0.02098)
 
 

rightHand(0.00931, 0.99968, 0.01020, -0.02098)
 
 

rightHand(0.00931, 0.99968, 0.01020, -0.02098)
 
 

rightHand(0.00931, 0.99968, 0.01020, -0.02098)
 
 

rightHand(0.00931, 0.99968, 0.01020, -0.02098)
 
 

rightHand(0.00931, 0.99968, 0.01020, -0.02098)
 
 

rightHand(0.00931, 0.99968, 0.01020, -0.02098)
 
 

rightHand(0.00931, 0.99968, 0.01020, -0.02098)
 
 

rightHand(-0.50000, -0.50000, -0.50000, 0.50000)
 
 

rightHand(-0.50000, -0.50000, -0.50000, 0.50000)
 
 

rightHand(-0.50000, -0.50000, -0.50000, 0.50000)
 
 

rightHand(-0.50000, -0.50000, -0.50000, 0.50000)
 
 

rightHand(-0.50000, -0.50000, -0.50000, 0.50000)
 
 

rightHand(-0.50000, -0.50000, -0.50000, 0.50000)
 
 

rightHand(-0.50000, -0.50000, -0.50000, 0.50000)
 
 

rightHand(-0.50000, -0.50000, -0.50000, 0.50000)
 
 

rightHand(-0.50000, -0.50000, -0.50000, 0.50000)
 
 

rightHand(-0.50000, -0.50000, -0.50000, 0.50000)
 
 

rightHand(-0.50000, -0.50000, -0.50000, 0.50000)
 
 

rightHand(-0.50000, -0.50000, -0.50000, 0.50000)
 
 

rightHand(-0.50000, -0.50000, -0.50000, 0.50000)
 
 

rightHand(-0.50000, -0.50000, -0.50000, 0.50000)
 
 

rightHand(-0.50000, -0.50000, -0.50000, 0.50000)
 
 

rightHand(-0.50000, -0.50000, -0.50000, 0.50000)
 
 

rightHand(0.00518, 0.99979, 0.00606, -0.01884)
 
 

rightHand(0.00518, 0.99979, 0.00606, -0.01884)
 
 

rightHand(0.00518, 0.99979, 0.00606, -0.01884)
 
 

rightHand(0.00518, 0.99979, 0.00606, -0.01884)
 
 

rightHand(0.00518, 0.99979, 0.00606, -0.01884)
 
 

rightHand(0.00518, 0.99979, 0.00606, -0.01884)
 
 

rightHand(0.00518, 0.99979, 0.00606, -0.01884)
 
 

rightHand(0.00518, 0.99979, 0.00606, -0.01884)
 
 

rightHand(-0.50000, -0.50000, -0.50000, 0.50000)
 
 

rightHand(-0.50000, -0.50000, -0.50000, 0.50000)
 
 

rightHand(-0.50000, -0.50000, -0.50000, 0.50000)
 
 

rightHand(-0.50000, -0.50000, -0.50000, 0.50000)
 
 

rightHand(-0.50000, -0.50000, -0.50000, 0.50000)
 
 

rightHand(-0.50000, -0.50000, -0.50000, 0.50000)
 
 

rightHand(-0.50000, -0.50000, -0.50000, 0.50000)
 
 

rightHand(-0.50000, -0.50000, -0.50000, 0.50000)
 
 

rightHand(-0.50000, -0.50000, -0.50000, 0.50000)
 
 

rightHand(-0.50000, -0.50000, -0.50000, 0.50000)
 
 

rightHand(-0.50000, -0.50000, -0.50000, 0.50000)
 
 

rightHand(-0.50000, -0.50000, -0.50000, 0.50000)
 
 

rightHand(-0.50000, -0.50000, -0.50000, 0.50000)
 
 

rightHand(-0.50000, -0.50000, -0.50000, 0.50000)
 
 

rightHand(-0.50000, -0.50000, -0.50000, 0.50000)
 
 

rightHand(-0.50000, -0.50000, -0.50000, 0.50000)
 
 

rightHand(0.00357, 0.99974, 0.00543, -0.02184)
 
 

rightHand(0.00357, 0.99974, 0.00543, -0.02184)
 
 

rightHand(0.00357, 0.99974, 0.00543, -0.02184)
 
 

rightHand(0.00357, 0.99974, 0.00543, -0.02184)
 
 

rightHand(0.00357, 0.99974, 0.00543, -0.02184)
 
 

rightHand(0.00357, 0.99974, 0.00543, -0.02184)
 
 

rightHand(0.00357, 0.99974, 0.00543, -0.02184)
 
 

rightHand(0.00357, 0.99974, 0.00543, -0.02184)
 
 

rightHand(-0.50000, -0.50000, -0.50000, 0.50000)
 
 

rightHand(-0.50000, -0.50000, -0.50000, 0.50000)
 
 

rightHand(-0.50000, -0.50000, -0.50000, 0.50000)
 
 

rightHand(-0.50000, -0.50000, -0.50000, 0.50000)
 
 

rightHand(-0.50000, -0.50000, -0.50000, 0.50000)
 
 

rightHand(-0.50000, -0.50000, -0.50000, 0.50000)
 
 

rightHand(-0.50000, -0.50000, -0.50000, 0.50000)
 
 

rightHand(-0.50000, -0.50000, -0.50000, 0.50000)
 
 

rightHand(-0.50000, -0.50000, -0.50000, 0.50000)
 
 

rightHand(-0.50000, -0.50000, -0.50000, 0.50000)
 
 

rightHand(-0.50000, -0.50000, -0.50000, 0.50000)
 
 

rightHand(-0.50000, -0.50000, -0.50000, 0.50000)
 
 

rightHand(-0.50000, -0.50000, -0.50000, 0.50000)
 
 

rightHand(-0.50000, -0.50000, -0.50000, 0.50000)
 
 

rightHand(-0.50000, -0.50000, -0.50000, 0.50000)
 
 

rightHand(-0.50000, -0.50000, -0.50000, 0.50000)
 
 

rightHand(0.00621, 0.99974, 0.00572, -0.02113)
 
 

rightHand(0.00621, 0.99974, 0.00572, -0.02113)
 
 

rightHand(0.00621, 0.99974, 0.00572, -0.02113)
 
 

rightHand(0.00621, 0.99974, 0.00572, -0.02113)
 
 

rightHand(0.00621, 0.99974, 0.00572, -0.02113)
 
 

rightHand(0.00621, 0.99974, 0.00572, -0.02113)
 
 

rightHand(0.00621, 0.99974, 0.00572, -0.02113)
 
 

rightHand(0.00621, 0.99974, 0.00572, -0.02113)
 
 

rightHand(-0.50000, -0.50000, -0.50000, 0.50000)
 
 

rightHand(-0.50000, -0.50000, -0.50000, 0.50000)
 
 

rightHand(-0.50000, -0.50000, -0.50000, 0.50000)
 
 

rightHand(-0.50000, -0.50000, -0.50000, 0.50000)
 
 

rightHand(-0.50000, -0.50000, -0.50000, 0.50000)
 
 

rightHand(-0.50000, -0.50000, -0.50000, 0.50000)
 
 

rightHand(-0.50000, -0.50000, -0.50000, 0.50000)
 
 

rightHand(-0.50000, -0.50000, -0.50000, 0.50000)
 
 

rightHand(-0.50000, -0.50000, -0.50000, 0.50000)
 
 

rightHand(-0.50000, -0.50000, -0.50000, 0.50000)
 
 

rightHand(-0.50000, -0.50000, -0.50000, 0.50000)
 
 

rightHand(-0.50000, -0.50000, -0.50000, 0.50000)
 
 

rightHand(-0.50000, -0.50000, -0.50000, 0.50000)
 
 

rightHand(-0.50000, -0.50000, -0.50000, 0.50000)
 
 

rightHand(-0.50000, -0.50000, -0.50000, 0.50000)
 
 

rightHand(-0.50000, -0.50000, -0.50000, 0.50000)
 
 

rightHand(0.00719, 0.99974, 0.00625, -0.02071)
 
 

rightHand(0.00719, 0.99974, 0.00625, -0.02071)
 
 

rightHand(0.00719, 0.99974, 0.00625, -0.02071)
 
 

rightHand(0.00719, 0.99974, 0.00625, -0.02071)
 
 

rightHand(0.00719, 0.99974, 0.00625, -0.02071)
 
 

rightHand(0.00719, 0.99974, 0.00625, -0.02071)
 
 

rightHand(0.00719, 0.99974, 0.00625, -0.02071)
 
 

rightHand(0.00719, 0.99974, 0.00625, -0.02071)
 
 

rightHand(-0.50000, -0.50000, -0.50000, 0.50000)
 
 

rightHand(-0.50000, -0.50000, -0.50000, 0.50000)
 
 

rightHand(-0.50000, -0.50000, -0.50000, 0.50000)
 
 

rightHand(-0.50000, -0.50000, -0.50000, 0.50000)
 
 

rightHand(-0.50000, -0.50000, -0.50000, 0.50000)
 
 

rightHand(-0.50000, -0.50000, -0.50000, 0.50000)
 
 

rightHand(-0.50000, -0.50000, -0.50000, 0.50000)
 
 

rightHand(-0.50000, -0.50000, -0.50000, 0.50000)
 
 

rightHand(-0.50000, -0.50000, -0.50000, 0.50000)
 
 

rightHand(-0.50000, -0.50000, -0.50000, 0.50000)
 
 

rightHand(-0.50000, -0.50000, -0.50000, 0.50000)
 
 

rightHand(-0.50000, -0.50000, -0.50000, 0.50000)
 
 

rightHand(-0.50000, -0.50000, -0.50000, 0.50000)
 
 

rightHand(-0.50000, -0.50000, -0.50000, 0.50000)
 
 

rightHand(-0.50000, -0.50000, -0.50000, 0.50000)
 
 

rightHand(-0.50000, -0.50000, -0.50000, 0.50000)
 
 

rightHand(0.00841, 0.99968, 0.00718, -0.02289)
 
 

rightHand(0.00841, 0.99968, 0.00718, -0.02289)
 
 

rightHand(0.00841, 0.99968, 0.00718, -0.02289)
 
 

rightHand(0.00841, 0.99968, 0.00718, -0.02289)
 
 

rightHand(0.00841, 0.99968, 0.00718, -0.02289)
 
 

rightHand(0.00841, 0.99968, 0.00718, -0.02289)
 
 

rightHand(0.00841, 0.99968, 0.00718, -0.02289)
 
 

rightHand(0.00841, 0.99968, 0.00718, -0.02289)
 
 

rightHand(-0.50000, -0.50000, -0.50000, 0.50000)
 
 

rightHand(-0.50000, -0.50000, -0.50000, 0.50000)
 
 

rightHand(-0.50000, -0.50000, -0.50000, 0.50000)
 
 

rightHand(-0.50000, -0.50000, -0.50000, 0.50000)
 
 

rightHand(-0.50000, -0.50000, -0.50000, 0.50000)
 
 

rightHand(-0.50000, -0.50000, -0.50000, 0.50000)
 
 

rightHand(-0.50000, -0.50000, -0.50000, 0.50000)
 
 

rightHand(-0.50000, -0.50000, -0.50000, 0.50000)
 
 

rightHand(-0.50000, -0.50000, -0.50000, 0.50000)
 
 

rightHand(-0.50000, -0.50000, -0.50000, 0.50000)
 
 

rightHand(-0.50000, -0.50000, -0.50000, 0.50000)
 
 

rightHand(-0.50000, -0.50000, -0.50000, 0.50000)
 
 

rightHand(-0.50000, -0.50000, -0.50000, 0.50000)
 
 

rightHand(-0.50000, -0.50000, -0.50000, 0.50000)
 
 

rightHand(-0.50000, -0.50000, -0.50000, 0.50000)
 
 

rightHand(-0.50000, -0.50000, -0.50000, 0.50000)
 
 

rightHand(0.01192, 0.99953, 0.00920, -0.02655)
 
 

rightHand(0.01192, 0.99953, 0.00920, -0.02655)
 
 

rightHand(0.01192, 0.99953, 0.00920, -0.02655)
 
 

rightHand(0.01192, 0.99953, 0.00920, -0.02655)
 
 

rightHand(0.01192, 0.99953, 0.00920, -0.02655)
 
 

rightHand(0.01192, 0.99953, 0.00920, -0.02655)
 
 

rightHand(0.01192, 0.99953, 0.00920, -0.02655)
 
 

rightHand(0.01192, 0.99953, 0.00920, -0.02655)
 
 

rightHand(-0.50000, -0.50000, -0.50000, 0.50000)
 
 

rightHand(-0.50000, -0.50000, -0.50000, 0.50000)
 
 

rightHand(-0.50000, -0.50000, -0.50000, 0.50000)
 
 

rightHand(-0.50000, -0.50000, -0.50000, 0.50000)
 
 

rightHand(-0.50000, -0.50000, -0.50000, 0.50000)
 
 

rightHand(-0.50000, -0.50000, -0.50000, 0.50000)
 
 

rightHand(-0.50000, -0.50000, -0.50000, 0.50000)
 
 

rightHand(-0.50000, -0.50000, -0.50000, 0.50000)
 
 

rightHand(-0.50000, -0.50000, -0.50000, 0.50000)
 
 

rightHand(-0.50000, -0.50000, -0.50000, 0.50000)
 
 

rightHand(-0.50000, -0.50000, -0.50000, 0.50000)
 
 

rightHand(-0.50000, -0.50000, -0.50000, 0.50000)
 
 

rightHand(-0.50000, -0.50000, -0.50000, 0.50000)
 
 

rightHand(-0.50000, -0.50000, -0.50000, 0.50000)
 
 

rightHand(-0.50000, -0.50000, -0.50000, 0.50000)
 
 

rightHand(-0.50000, -0.50000, -0.50000, 0.50000)
 
 

rightHand(0.01346, 0.99955, 0.01062, -0.02444)
 
 

rightHand(0.01346, 0.99955, 0.01062, -0.02444)
 
 

rightHand(0.01346, 0.99955, 0.01062, -0.02444)
 
 

rightHand(0.01346, 0.99955, 0.01062, -0.02444)
 
 

rightHand(0.01346, 0.99955, 0.01062, -0.02444)
 
 

rightHand(0.01346, 0.99955, 0.01062, -0.02444)
 
 

rightHand(0.01346, 0.99955, 0.01062, -0.02444)
 
 

rightHand(0.01346, 0.99955, 0.01062, -0.02444)
 
 

rightHand(-0.50000, -0.50000, -0.50000, 0.50000)
 
 

rightHand(-0.50000, -0.50000, -0.50000, 0.50000)
 
 

rightHand(-0.50000, -0.50000, -0.50000, 0.50000)
 
 

rightHand(-0.50000, -0.50000, -0.50000, 0.50000)
 
 

rightHand(-0.50000, -0.50000, -0.50000, 0.50000)
 
 

rightHand(-0.50000, -0.50000, -0.50000, 0.50000)
 
 

rightHand(-0.50000, -0.50000, -0.50000, 0.50000)
 
 

rightHand(-0.50000, -0.50000, -0.50000, 0.50000)
 
 

rightHand(-0.50000, -0.50000, -0.50000, 0.50000)
 
 

rightHand(-0.50000, -0.50000, -0.50000, 0.50000)
 
 

rightHand(-0.50000, -0.50000, -0.50000, 0.50000)
 
 

rightHand(-0.50000, -0.50000, -0.50000, 0.50000)
 
 

rightHand(-0.50000, -0.50000, -0.50000, 0.50000)
 
 

rightHand(-0.50000, -0.50000, -0.50000, 0.50000)
 
 

rightHand(-0.50000, -0.50000, -0.50000, 0.50000)
 
 

rightHand(-0.50000, -0.50000, -0.50000, 0.50000)
 
 

rightHand(0.01238, 0.99962, 0.01239, -0.02120)
 
 

rightHand(0.01238, 0.99962, 0.01239, -0.02120)
 
 

rightHand(0.01238, 0.99962, 0.01239, -0.02120)
 
 

rightHand(0.01238, 0.99962, 0.01239, -0.02120)
 
 

rightHand(0.01238, 0.99962, 0.01239, -0.02120)
 
 

rightHand(0.01238, 0.99962, 0.01239, -0.02120)
 
 

rightHand(0.01238, 0.99962, 0.01239, -0.02120)
 
 

rightHand(0.01238, 0.99962, 0.01239, -0.02120)
 
 

rightHand(-0.50000, -0.50000, -0.50000, 0.50000)
 
 

rightHand(-0.50000, -0.50000, -0.50000, 0.50000)
 
 

rightHand(-0.50000, -0.50000, -0.50000, 0.50000)
 
 

rightHand(-0.50000, -0.50000, -0.50000, 0.50000)
 
 

rightHand(-0.50000, -0.50000, -0.50000, 0.50000)
 
 

rightHand(-0.50000, -0.50000, -0.50000, 0.50000)
 
 

rightHand(-0.50000, -0.50000, -0.50000, 0.50000)
 
 

rightHand(-0.50000, -0.50000, -0.50000, 0.50000)
 
 

rightHand(-0.50000, -0.50000, -0.50000, 0.50000)
 
 

rightHand(-0.50000, -0.50000, -0.50000, 0.50000)
 
 

rightHand(-0.50000, -0.50000, -0.50000, 0.50000)
 
 

rightHand(-0.50000, -0.50000, -0.50000, 0.50000)
 
 

rightHand(-0.50000, -0.50000, -0.50000, 0.50000)
 
 

rightHand(-0.50000, -0.50000, -0.50000, 0.50000)
 
 

rightHand(-0.50000, -0.50000, -0.50000, 0.50000)
 
 

rightHand(-0.50000, -0.50000, -0.50000, 0.50000)
 
 

rightHand(0.01257, 0.99962, 0.01353, -0.02041)
 
 

rightHand(0.01257, 0.99962, 0.01353, -0.02041)
 
 

rightHand(0.01257, 0.99962, 0.01353, -0.02041)
 
 

rightHand(0.01257, 0.99962, 0.01353, -0.02041)
 
 

rightHand(0.01257, 0.99962, 0.01353, -0.02041)
 
 

rightHand(0.01257, 0.99962, 0.01353, -0.02041)
 
 

rightHand(0.01257, 0.99962, 0.01353, -0.02041)
 
 

rightHand(0.01257, 0.99962, 0.01353, -0.02041)
 
 

rightHand(-0.50000, -0.50000, -0.50000, 0.50000)
 
 

rightHand(-0.50000, -0.50000, -0.50000, 0.50000)
 
 

rightHand(-0.50000, -0.50000, -0.50000, 0.50000)
 
 

rightHand(-0.50000, -0.50000, -0.50000, 0.50000)
 
 

rightHand(-0.50000, -0.50000, -0.50000, 0.50000)
 
 

rightHand(-0.50000, -0.50000, -0.50000, 0.50000)
 
 

rightHand(-0.50000, -0.50000, -0.50000, 0.50000)
 
 

rightHand(-0.50000, -0.50000, -0.50000, 0.50000)
 
 

rightHand(-0.50000, -0.50000, -0.50000, 0.50000)
 
 

rightHand(-0.50000, -0.50000, -0.50000, 0.50000)
 
 

rightHand(-0.50000, -0.50000, -0.50000, 0.50000)
 
 

rightHand(-0.50000, -0.50000, -0.50000, 0.50000)
 
 

rightHand(-0.50000, -0.50000, -0.50000, 0.50000)
 
 

rightHand(-0.50000, -0.50000, -0.50000, 0.50000)
 
 

rightHand(-0.50000, -0.50000, -0.50000, 0.50000)
 
 

rightHand(-0.50000, -0.50000, -0.50000, 0.50000)
 
 

rightHand(0.01451, 0.99959, 0.01404, -0.02031)
 
 

rightHand(0.01451, 0.99959, 0.01404, -0.02031)
 
 

rightHand(0.01451, 0.99959, 0.01404, -0.02031)
 
 

rightHand(0.01451, 0.99959, 0.01404, -0.02031)
 
 

rightHand(0.01451, 0.99959, 0.01404, -0.02031)
 
 

rightHand(0.01451, 0.99959, 0.01404, -0.02031)
 
 

rightHand(0.01451, 0.99959, 0.01404, -0.02031)
 
 

rightHand(0.01451, 0.99959, 0.01404, -0.02031)
 
 

rightHand(-0.50000, -0.50000, -0.50000, 0.50000)
 
 

rightHand(-0.50000, -0.50000, -0.50000, 0.50000)
 
 

rightHand(-0.50000, -0.50000, -0.50000, 0.50000)
 
 

rightHand(-0.50000, -0.50000, -0.50000, 0.50000)
 
 

rightHand(-0.50000, -0.50000, -0.50000, 0.50000)
 
 

rightHand(-0.50000, -0.50000, -0.50000, 0.50000)
 
 

rightHand(-0.50000, -0.50000, -0.50000, 0.50000)
 
 

rightHand(-0.50000, -0.50000, -0.50000, 0.50000)
 
 

rightHand(-0.50000, -0.50000, -0.50000, 0.50000)
 
 

rightHand(-0.50000, -0.50000, -0.50000, 0.50000)
 
 

rightHand(-0.50000, -0.50000, -0.50000, 0.50000)
 
 

rightHand(-0.50000, -0.50000, -0.50000, 0.50000)
 
 

rightHand(-0.50000, -0.50000, -0.50000, 0.50000)
 
 

rightHand(-0.50000, -0.50000, -0.50000, 0.50000)
 
 

rightHand(-0.50000, -0.50000, -0.50000, 0.50000)
 
 

rightHand(-0.50000, -0.50000, -0.50000, 0.50000)
 
 

rightHand(0.01085, 0.99960, 0.01441, -0.02166)
 
 

rightHand(0.01085, 0.99960, 0.01441, -0.02166)
 
 

rightHand(0.01085, 0.99960, 0.01441, -0.02166)
 
 

rightHand(0.01085, 0.99960, 0.01441, -0.02166)
 
 

rightHand(0.01085, 0.99960, 0.01441, -0.02166)
 
 

rightHand(0.01085, 0.99960, 0.01441, -0.02166)
 
 

rightHand(0.01085, 0.99960, 0.01441, -0.02166)
 
 

rightHand(0.01085, 0.99960, 0.01441, -0.02166)
 
 

rightHand(-0.50000, -0.50000, -0.50000, 0.50000)
 
 

rightHand(-0.50000, -0.50000, -0.50000, 0.50000)
 
 

rightHand(-0.50000, -0.50000, -0.50000, 0.50000)
 
 

rightHand(-0.50000, -0.50000, -0.50000, 0.50000)
 
 

rightHand(-0.50000, -0.50000, -0.50000, 0.50000)
 
 

rightHand(-0.50000, -0.50000, -0.50000, 0.50000)
 
 

rightHand(-0.50000, -0.50000, -0.50000, 0.50000)
 
 

rightHand(-0.50000, -0.50000, -0.50000, 0.50000)
 
 

rightHand(-0.50000, -0.50000, -0.50000, 0.50000)
 
 

rightHand(-0.50000, -0.50000, -0.50000, 0.50000)
 
 

rightHand(-0.50000, -0.50000, -0.50000, 0.50000)
 
 

rightHand(-0.50000, -0.50000, -0.50000, 0.50000)
 
 

rightHand(-0.50000, -0.50000, -0.50000, 0.50000)
 
 

rightHand(-0.50000, -0.50000, -0.50000, 0.50000)
 
 

rightHand(-0.50000, -0.50000, -0.50000, 0.50000)
 
 

rightHand(-0.50000, -0.50000, -0.50000, 0.50000)
 
 

rightHand(0.01147, 0.99954, 0.01745, -0.02212)
 
 

rightHand(0.01147, 0.99954, 0.01745, -0.02212)
 
 

rightHand(0.01147, 0.99954, 0.01745, -0.02212)
 
 

rightHand(0.01147, 0.99954, 0.01745, -0.02212)
 
 

rightHand(0.01147, 0.99954, 0.01745, -0.02212)
 
 

rightHand(0.01147, 0.99954, 0.01745, -0.02212)
 
 

rightHand(0.01147, 0.99954, 0.01745, -0.02212)
 
 

rightHand(0.01147, 0.99954, 0.01745, -0.02212)
 
 

rightHand(-0.50000, -0.50000, -0.50000, 0.50000)
 
 

rightHand(-0.50000, -0.50000, -0.50000, 0.50000)
 
 

rightHand(-0.50000, -0.50000, -0.50000, 0.50000)
 
 

rightHand(-0.50000, -0.50000, -0.50000, 0.50000)
 
 

rightHand(-0.50000, -0.50000, -0.50000, 0.50000)
 
 

rightHand(-0.50000, -0.50000, -0.50000, 0.50000)
 
 

rightHand(-0.50000, -0.50000, -0.50000, 0.50000)
 
 

rightHand(-0.50000, -0.50000, -0.50000, 0.50000)
 
 

rightHand(-0.50000, -0.50000, -0.50000, 0.50000)
 
 

rightHand(-0.50000, -0.50000, -0.50000, 0.50000)
 
 

rightHand(-0.50000, -0.50000, -0.50000, 0.50000)
 
 

rightHand(-0.50000, -0.50000, -0.50000, 0.50000)
 
 

rightHand(-0.50000, -0.50000, -0.50000, 0.50000)
 
 

rightHand(-0.50000, -0.50000, -0.50000, 0.50000)
 
 

rightHand(-0.50000, -0.50000, -0.50000, 0.50000)
 
 

rightHand(-0.50000, -0.50000, -0.50000, 0.50000)
 
 

rightHand(0.01393, 0.99944, 0.02168, -0.02147)
 
 

rightHand(0.01393, 0.99944, 0.02168, -0.02147)
 
 

rightHand(0.01393, 0.99944, 0.02168, -0.02147)
 
 

rightHand(0.01393, 0.99944, 0.02168, -0.02147)
 
 

rightHand(0.01393, 0.99944, 0.02168, -0.02147)
 
 

rightHand(0.01393, 0.99944, 0.02168, -0.02147)
 
 

rightHand(0.01393, 0.99944, 0.02168, -0.02147)
 
 

rightHand(0.01393, 0.99944, 0.02168, -0.02147)
 
 

rightHand(-0.50000, -0.50000, -0.50000, 0.50000)
 
 

rightHand(-0.50000, -0.50000, -0.50000, 0.50000)
 
 

rightHand(-0.50000, -0.50000, -0.50000, 0.50000)
 
 

rightHand(-0.50000, -0.50000, -0.50000, 0.50000)
 
 

rightHand(-0.50000, -0.50000, -0.50000, 0.50000)
 
 

rightHand(-0.50000, -0.50000, -0.50000, 0.50000)
 
 

rightHand(-0.50000, -0.50000, -0.50000, 0.50000)
 
 

rightHand(-0.50000, -0.50000, -0.50000, 0.50000)
 
 

rightHand(-0.50000, -0.50000, -0.50000, 0.50000)
 
 

rightHand(-0.50000, -0.50000, -0.50000, 0.50000)
 
 

rightHand(-0.50000, -0.50000, -0.50000, 0.50000)
 
 

rightHand(-0.50000, -0.50000, -0.50000, 0.50000)
 
 

rightHand(-0.50000, -0.50000, -0.50000, 0.50000)
 
 

rightHand(-0.50000, -0.50000, -0.50000, 0.50000)
 
 

rightHand(-0.50000, -0.50000, -0.50000, 0.50000)
 
 

rightHand(-0.50000, -0.50000, -0.50000, 0.50000)
 
 

rightHand(0.01319, 0.99944, 0.02246, -0.02085)
 
 

rightHand(0.01319, 0.99944, 0.02246, -0.02085)
 
 

rightHand(0.01319, 0.99944, 0.02246, -0.02085)
 
 

rightHand(0.01319, 0.99944, 0.02246, -0.02085)
 
 

rightHand(0.01319, 0.99944, 0.02246, -0.02085)
 
 

rightHand(0.01319, 0.99944, 0.02246, -0.02085)
 
 

rightHand(0.01319, 0.99944, 0.02246, -0.02085)
 
 

rightHand(0.01319, 0.99944, 0.02246, -0.02085)
 
 

rightHand(-0.50000, -0.50000, -0.50000, 0.50000)
 
 

rightHand(-0.50000, -0.50000, -0.50000, 0.50000)
 
 

rightHand(-0.50000, -0.50000, -0.50000, 0.50000)
 
 

rightHand(-0.50000, -0.50000, -0.50000, 0.50000)
 
 

rightHand(-0.50000, -0.50000, -0.50000, 0.50000)
 
 

rightHand(-0.50000, -0.50000, -0.50000, 0.50000)
 
 

rightHand(-0.50000, -0.50000, -0.50000, 0.50000)
 
 

rightHand(-0.50000, -0.50000, -0.50000, 0.50000)
 
 

rightHand(-0.50000, -0.50000, -0.50000, 0.50000)
 
 

rightHand(-0.50000, -0.50000, -0.50000, 0.50000)
 
 

rightHand(-0.50000, -0.50000, -0.50000, 0.50000)
 
 

rightHand(-0.50000, -0.50000, -0.50000, 0.50000)
 
 

rightHand(-0.50000, -0.50000, -0.50000, 0.50000)
 
 

rightHand(-0.50000, -0.50000, -0.50000, 0.50000)
 
 

rightHand(-0.50000, -0.50000, -0.50000, 0.50000)
 
 

rightHand(-0.50000, -0.50000, -0.50000, 0.50000)
 
 

rightHand(0.00654, 0.99955, 0.02124, -0.02023)
 
 

rightHand(0.00654, 0.99955, 0.02124, -0.02023)
 
 

rightHand(0.00654, 0.99955, 0.02124, -0.02023)
 
 

rightHand(0.00654, 0.99955, 0.02124, -0.02023)
 
 

rightHand(0.00654, 0.99955, 0.02124, -0.02023)
 
 

rightHand(0.00654, 0.99955, 0.02124, -0.02023)
 
 

rightHand(0.00654, 0.99955, 0.02124, -0.02023)
 
 

rightHand(0.00654, 0.99955, 0.02124, -0.02023)
 
 

rightHand(-0.50000, -0.50000, -0.50000, 0.50000)
 
 

rightHand(-0.50000, -0.50000, -0.50000, 0.50000)
 
 

rightHand(-0.50000, -0.50000, -0.50000, 0.50000)
 
 

rightHand(-0.50000, -0.50000, -0.50000, 0.50000)
 
 

rightHand(-0.50000, -0.50000, -0.50000, 0.50000)
 
 

rightHand(-0.50000, -0.50000, -0.50000, 0.50000)
 
 

rightHand(-0.50000, -0.50000, -0.50000, 0.50000)
 
 

rightHand(-0.50000, -0.50000, -0.50000, 0.50000)
 
 

rightHand(-0.50000, -0.50000, -0.50000, 0.50000)
 
 

rightHand(-0.50000, -0.50000, -0.50000, 0.50000)
 
 

rightHand(-0.50000, -0.50000, -0.50000, 0.50000)
 
 

rightHand(-0.50000, -0.50000, -0.50000, 0.50000)
 
 

rightHand(-0.50000, -0.50000, -0.50000, 0.50000)
 
 

rightHand(-0.50000, -0.50000, -0.50000, 0.50000)
 
 

rightHand(-0.50000, -0.50000, -0.50000, 0.50000)
 
 

rightHand(-0.50000, -0.50000, -0.50000, 0.50000)
 
 

rightHand(0.00982, 0.99954, 0.02160, -0.01913)
 
 

rightHand(0.00982, 0.99954, 0.02160, -0.01913)
 
 

rightHand(0.00982, 0.99954, 0.02160, -0.01913)
 
 

rightHand(0.00982, 0.99954, 0.02160, -0.01913)
 
 

rightHand(0.00982, 0.99954, 0.02160, -0.01913)
 
 

rightHand(0.00982, 0.99954, 0.02160, -0.01913)
 
 

rightHand(0.00982, 0.99954, 0.02160, -0.01913)
 
 

rightHand(0.00982, 0.99954, 0.02160, -0.01913)
 
 

rightHand(-0.50000, -0.50000, -0.50000, 0.50000)
 
 

rightHand(-0.50000, -0.50000, -0.50000, 0.50000)
 
 

rightHand(-0.50000, -0.50000, -0.50000, 0.50000)
 
 

rightHand(-0.50000, -0.50000, -0.50000, 0.50000)
 
 

rightHand(-0.50000, -0.50000, -0.50000, 0.50000)
 
 

rightHand(-0.50000, -0.50000, -0.50000, 0.50000)
 
 

rightHand(-0.50000, -0.50000, -0.50000, 0.50000)
 
 

rightHand(-0.50000, -0.50000, -0.50000, 0.50000)
 
 

rightHand(-0.50000, -0.50000, -0.50000, 0.50000)
 
 

rightHand(-0.50000, -0.50000, -0.50000, 0.50000)
 
 

rightHand(-0.50000, -0.50000, -0.50000, 0.50000)
 
 

rightHand(-0.50000, -0.50000, -0.50000, 0.50000)
 
 

rightHand(-0.50000, -0.50000, -0.50000, 0.50000)
 
 

rightHand(-0.50000, -0.50000, -0.50000, 0.50000)
 
 

rightHand(-0.50000, -0.50000, -0.50000, 0.50000)
 
 

rightHand(-0.50000, -0.50000, -0.50000, 0.50000)
 
 

rightHand(0.01461, 0.99947, 0.02244, -0.01869)
 
 

rightHand(0.01461, 0.99947, 0.02244, -0.01869)
 
 

rightHand(0.01461, 0.99947, 0.02244, -0.01869)
 
 

rightHand(0.01461, 0.99947, 0.02244, -0.01869)
 
 

rightHand(0.01461, 0.99947, 0.02244, -0.01869)
 
 

rightHand(0.01461, 0.99947, 0.02244, -0.01869)
 
 

rightHand(0.01461, 0.99947, 0.02244, -0.01869)
 
 

rightHand(0.01461, 0.99947, 0.02244, -0.01869)
 
 

rightHand(-0.50000, -0.50000, -0.50000, 0.50000)
 
 

rightHand(-0.50000, -0.50000, -0.50000, 0.50000)
 
 

rightHand(-0.50000, -0.50000, -0.50000, 0.50000)
 
 

rightHand(-0.50000, -0.50000, -0.50000, 0.50000)
 
 

rightHand(-0.50000, -0.50000, -0.50000, 0.50000)
 
 

rightHand(-0.50000, -0.50000, -0.50000, 0.50000)
 
 

rightHand(-0.50000, -0.50000, -0.50000, 0.50000)
 
 

rightHand(-0.50000, -0.50000, -0.50000, 0.50000)
 
 

rightHand(-0.50000, -0.50000, -0.50000, 0.50000)
 
 

rightHand(-0.50000, -0.50000, -0.50000, 0.50000)
 
 

rightHand(-0.50000, -0.50000, -0.50000, 0.50000)
 
 

rightHand(-0.50000, -0.50000, -0.50000, 0.50000)
 
 

rightHand(-0.50000, -0.50000, -0.50000, 0.50000)
 
 

rightHand(-0.50000, -0.50000, -0.50000, 0.50000)
 
 

rightHand(-0.50000, -0.50000, -0.50000, 0.50000)
 
 

rightHand(-0.50000, -0.50000, -0.50000, 0.50000)
 
 

rightHand(0.01667, 0.99944, 0.02260, -0.01808)
 
 

rightHand(0.01667, 0.99944, 0.02260, -0.01808)
 
 

rightHand(0.01667, 0.99944, 0.02260, -0.01808)
 
 

rightHand(0.01667, 0.99944, 0.02260, -0.01808)
 
 

rightHand(0.01667, 0.99944, 0.02260, -0.01808)
 
 

rightHand(0.01667, 0.99944, 0.02260, -0.01808)
 
 

rightHand(0.01667, 0.99944, 0.02260, -0.01808)
 
 

rightHand(0.01667, 0.99944, 0.02260, -0.01808)
 
 

rightHand(-0.50000, -0.50000, -0.50000, 0.50000)
 
 

rightHand(-0.50000, -0.50000, -0.50000, 0.50000)
 
 

rightHand(-0.50000, -0.50000, -0.50000, 0.50000)
 
 

rightHand(-0.50000, -0.50000, -0.50000, 0.50000)
 
 

rightHand(-0.50000, -0.50000, -0.50000, 0.50000)
 
 

rightHand(-0.50000, -0.50000, -0.50000, 0.50000)
 
 

rightHand(-0.50000, -0.50000, -0.50000, 0.50000)
 
 

rightHand(-0.50000, -0.50000, -0.50000, 0.50000)
 
 

rightHand(-0.50000, -0.50000, -0.50000, 0.50000)
 
 

rightHand(-0.50000, -0.50000, -0.50000, 0.50000)
 
 

rightHand(-0.50000, -0.50000, -0.50000, 0.50000)
 
 

rightHand(-0.50000, -0.50000, -0.50000, 0.50000)
 
 

rightHand(-0.50000, -0.50000, -0.50000, 0.50000)
 
 

rightHand(-0.50000, -0.50000, -0.50000, 0.50000)
 
 

rightHand(-0.50000, -0.50000, -0.50000, 0.50000)
 
 

rightHand(-0.50000, -0.50000, -0.50000, 0.50000)
 
 

rightHand(0.01794, 0.99943, 0.02273, -0.01739)
 
 

rightHand(0.01794, 0.99943, 0.02273, -0.01739)
 
 

rightHand(0.01794, 0.99943, 0.02273, -0.01739)
 
 

rightHand(0.01794, 0.99943, 0.02273, -0.01739)
 
 

rightHand(0.01794, 0.99943, 0.02273, -0.01739)
 
 

rightHand(0.01794, 0.99943, 0.02273, -0.01739)
 
 

rightHand(0.01794, 0.99943, 0.02273, -0.01739)
 
 

rightHand(0.01794, 0.99943, 0.02273, -0.01739)
 
 

rightHand(-0.50000, -0.50000, -0.50000, 0.50000)
 
 

rightHand(-0.50000, -0.50000, -0.50000, 0.50000)
 
 

rightHand(-0.50000, -0.50000, -0.50000, 0.50000)
 
 

rightHand(-0.50000, -0.50000, -0.50000, 0.50000)
 
 

rightHand(-0.50000, -0.50000, -0.50000, 0.50000)
 
 

rightHand(-0.50000, -0.50000, -0.50000, 0.50000)
 
 

rightHand(-0.50000, -0.50000, -0.50000, 0.50000)
 
 

rightHand(-0.50000, -0.50000, -0.50000, 0.50000)
 
 

rightHand(-0.50000, -0.50000, -0.50000, 0.50000)
 
 

rightHand(-0.50000, -0.50000, -0.50000, 0.50000)
 
 

rightHand(-0.50000, -0.50000, -0.50000, 0.50000)
 
 

rightHand(-0.50000, -0.50000, -0.50000, 0.50000)
 
 

rightHand(-0.50000, -0.50000, -0.50000, 0.50000)
 
 

rightHand(-0.50000, -0.50000, -0.50000, 0.50000)
 
 

rightHand(-0.50000, -0.50000, -0.50000, 0.50000)
 
 

rightHand(-0.50000, -0.50000, -0.50000, 0.50000)
 
 

rightHand(0.02047, 0.99938, 0.02392, -0.01547)
 
 

rightHand(0.02047, 0.99938, 0.02392, -0.01547)
 
 

rightHand(0.02047, 0.99938, 0.02392, -0.01547)
 
 

rightHand(0.02047, 0.99938, 0.02392, -0.01547)
 
 

rightHand(0.02047, 0.99938, 0.02392, -0.01547)
 
 

rightHand(0.02047, 0.99938, 0.02392, -0.01547)
 
 

rightHand(0.02047, 0.99938, 0.02392, -0.01547)
 
 

rightHand(0.02047, 0.99938, 0.02392, -0.01547)
 
 

rightHand(-0.50000, -0.50000, -0.50000, 0.50000)
 
 

rightHand(-0.50000, -0.50000, -0.50000, 0.50000)
 
 

rightHand(-0.50000, -0.50000, -0.50000, 0.50000)
 
 

rightHand(-0.50000, -0.50000, -0.50000, 0.50000)
 
 

rightHand(-0.50000, -0.50000, -0.50000, 0.50000)
 
 

rightHand(-0.50000, -0.50000, -0.50000, 0.50000)
 
 

rightHand(-0.50000, -0.50000, -0.50000, 0.50000)
 
 

rightHand(-0.50000, -0.50000, -0.50000, 0.50000)
 
 

rightHand(-0.50000, -0.50000, -0.50000, 0.50000)
 
 

rightHand(-0.50000, -0.50000, -0.50000, 0.50000)
 
 

rightHand(-0.50000, -0.50000, -0.50000, 0.50000)
 
 

rightHand(-0.50000, -0.50000, -0.50000, 0.50000)
 
 

rightHand(-0.50000, -0.50000, -0.50000, 0.50000)
 
 

rightHand(-0.50000, -0.50000, -0.50000, 0.50000)
 
 

rightHand(-0.50000, -0.50000, -0.50000, 0.50000)
 
 

rightHand(-0.50000, -0.50000, -0.50000, 0.50000)
 
 

rightHand(0.01958, 0.99940, 0.02384, -0.01573)
 
 

rightHand(0.01958, 0.99940, 0.02384, -0.01573)
 
 

rightHand(0.01958, 0.99940, 0.02384, -0.01573)
 
 

rightHand(0.01958, 0.99940, 0.02384, -0.01573)
 
 

rightHand(0.01958, 0.99940, 0.02384, -0.01573)
 
 

rightHand(0.01958, 0.99940, 0.02384, -0.01573)
 
 

rightHand(0.01958, 0.99940, 0.02384, -0.01573)
 
 

rightHand(0.01958, 0.99940, 0.02384, -0.01573)
 
 

rightHand(-0.50000, -0.50000, -0.50000, 0.50000)
 
 

rightHand(-0.50000, -0.50000, -0.50000, 0.50000)
 
 

rightHand(-0.50000, -0.50000, -0.50000, 0.50000)
 
 

rightHand(-0.50000, -0.50000, -0.50000, 0.50000)
 
 

rightHand(-0.50000, -0.50000, -0.50000, 0.50000)
 
 

rightHand(-0.50000, -0.50000, -0.50000, 0.50000)
 
 

rightHand(-0.50000, -0.50000, -0.50000, 0.50000)
 
 

rightHand(-0.50000, -0.50000, -0.50000, 0.50000)
 
 

rightHand(-0.50000, -0.50000, -0.50000, 0.50000)
 
 

rightHand(-0.50000, -0.50000, -0.50000, 0.50000)
 
 

rightHand(-0.50000, -0.50000, -0.50000, 0.50000)
 
 

rightHand(-0.50000, -0.50000, -0.50000, 0.50000)
 
 

rightHand(-0.50000, -0.50000, -0.50000, 0.50000)
 
 

rightHand(-0.50000, -0.50000, -0.50000, 0.50000)
 
 

rightHand(-0.50000, -0.50000, -0.50000, 0.50000)
 
 

rightHand(-0.50000, -0.50000, -0.50000, 0.50000)
 
 

rightHand(0.01147, 0.99946, 0.02453, -0.01864)
 
 

rightHand(0.01147, 0.99946, 0.02453, -0.01864)
 
 

rightHand(0.01147, 0.99946, 0.02453, -0.01864)
 
 

rightHand(0.01147, 0.99946, 0.02453, -0.01864)
 
 

rightHand(0.01147, 0.99946, 0.02453, -0.01864)
 
 

rightHand(0.01147, 0.99946, 0.02453, -0.01864)
 
 

rightHand(0.01147, 0.99946, 0.02453, -0.01864)
 
 

rightHand(0.01147, 0.99946, 0.02453, -0.01864)
 
 

rightHand(-0.50000, -0.50000, -0.50000, 0.50000)
 
 

rightHand(-0.50000, -0.50000, -0.50000, 0.50000)
 
 

rightHand(-0.50000, -0.50000, -0.50000, 0.50000)
 
 

rightHand(-0.50000, -0.50000, -0.50000, 0.50000)
 
 

rightHand(-0.50000, -0.50000, -0.50000, 0.50000)
 
 

rightHand(-0.50000, -0.50000, -0.50000, 0.50000)
 
 

rightHand(-0.50000, -0.50000, -0.50000, 0.50000)
 
 

rightHand(-0.50000, -0.50000, -0.50000, 0.50000)
 
 

rightHand(-0.50000, -0.50000, -0.50000, 0.50000)
 
 

rightHand(-0.50000, -0.50000, -0.50000, 0.50000)
 
 

rightHand(-0.50000, -0.50000, -0.50000, 0.50000)
 
 

rightHand(-0.50000, -0.50000, -0.50000, 0.50000)
 
 

rightHand(-0.50000, -0.50000, -0.50000, 0.50000)
 
 

rightHand(-0.50000, -0.50000, -0.50000, 0.50000)
 
 

rightHand(-0.50000, -0.50000, -0.50000, 0.50000)
 
 

rightHand(-0.50000, -0.50000, -0.50000, 0.50000)
 
 

rightHand(0.01136, 0.99944, 0.02546, -0.01830)
 
 

rightHand(0.01136, 0.99944, 0.02546, -0.01830)
 
 

rightHand(0.01136, 0.99944, 0.02546, -0.01830)
 
 

rightHand(0.01136, 0.99944, 0.02546, -0.01830)
 
 

rightHand(0.01136, 0.99944, 0.02546, -0.01830)
 
 

rightHand(0.01136, 0.99944, 0.02546, -0.01830)
 
 

rightHand(0.01136, 0.99944, 0.02546, -0.01830)
 
 

rightHand(0.01136, 0.99944, 0.02546, -0.01830)
 
 

rightHand(-0.50000, -0.50000, -0.50000, 0.50000)
 
 

rightHand(-0.50000, -0.50000, -0.50000, 0.50000)
 
 

rightHand(-0.50000, -0.50000, -0.50000, 0.50000)
 
 

rightHand(-0.50000, -0.50000, -0.50000, 0.50000)
 
 

rightHand(-0.50000, -0.50000, -0.50000, 0.50000)
 
 

rightHand(-0.50000, -0.50000, -0.50000, 0.50000)
 
 

rightHand(-0.50000, -0.50000, -0.50000, 0.50000)
 
 

rightHand(-0.50000, -0.50000, -0.50000, 0.50000)
 
 

rightHand(-0.50000, -0.50000, -0.50000, 0.50000)
 
 

rightHand(-0.50000, -0.50000, -0.50000, 0.50000)
 
 

rightHand(-0.50000, -0.50000, -0.50000, 0.50000)
 
 

rightHand(-0.50000, -0.50000, -0.50000, 0.50000)
 
 

rightHand(-0.50000, -0.50000, -0.50000, 0.50000)
 
 

rightHand(-0.50000, -0.50000, -0.50000, 0.50000)
 
 

rightHand(-0.50000, -0.50000, -0.50000, 0.50000)
 
 

rightHand(-0.50000, -0.50000, -0.50000, 0.50000)
 
 

rightHand(0.01520, 0.99939, 0.02667, -0.01673)
 
 

rightHand(0.01520, 0.99939, 0.02667, -0.01673)
 
 

rightHand(0.01520, 0.99939, 0.02667, -0.01673)
 
 

rightHand(0.01520, 0.99939, 0.02667, -0.01673)
 
 

rightHand(0.01520, 0.99939, 0.02667, -0.01673)
 
 

rightHand(0.01520, 0.99939, 0.02667, -0.01673)
 
 

rightHand(0.01520, 0.99939, 0.02667, -0.01673)
 
 

rightHand(0.01520, 0.99939, 0.02667, -0.01673)
 
 

rightHand(-0.50000, -0.50000, -0.50000, 0.50000)
 
 

rightHand(-0.50000, -0.50000, -0.50000, 0.50000)
 
 

rightHand(-0.50000, -0.50000, -0.50000, 0.50000)
 
 

rightHand(-0.50000, -0.50000, -0.50000, 0.50000)
 
 

rightHand(-0.50000, -0.50000, -0.50000, 0.50000)
 
 

rightHand(-0.50000, -0.50000, -0.50000, 0.50000)
 
 

rightHand(-0.50000, -0.50000, -0.50000, 0.50000)
 
 

rightHand(-0.50000, -0.50000, -0.50000, 0.50000)
 
 

rightHand(-0.50000, -0.50000, -0.50000, 0.50000)
 
 

rightHand(-0.50000, -0.50000, -0.50000, 0.50000)
 
 

rightHand(-0.50000, -0.50000, -0.50000, 0.50000)
 
 

rightHand(-0.50000, -0.50000, -0.50000, 0.50000)
 
 

rightHand(-0.50000, -0.50000, -0.50000, 0.50000)
 
 

rightHand(-0.50000, -0.50000, -0.50000, 0.50000)
 
 

rightHand(-0.50000, -0.50000, -0.50000, 0.50000)
 
 

rightHand(-0.50000, -0.50000, -0.50000, 0.50000)
 
 

rightHand(0.01857, 0.99935, 0.02689, -0.01497)
 
 

rightHand(0.01857, 0.99935, 0.02689, -0.01497)
 
 

rightHand(0.01857, 0.99935, 0.02689, -0.01497)
 
 

rightHand(0.01857, 0.99935, 0.02689, -0.01497)
 
 

rightHand(0.01857, 0.99935, 0.02689, -0.01497)
 
 

rightHand(0.01857, 0.99935, 0.02689, -0.01497)
 
 

rightHand(-0.50000, -0.50000, -0.50000, 0.50000)
 
 

rightHand(-0.50000, -0.50000, -0.50000, 0.50000)
 
 

rightHand(-0.50000, -0.50000, -0.50000, 0.50000)
 
 

rightHand(-0.50000, -0.50000, -0.50000, 0.50000)
 
 

rightHand(-0.50000, -0.50000, -0.50000, 0.50000)
 
 

rightHand(-0.50000, -0.50000, -0.50000, 0.50000)
 
 

rightHand(-0.50000, -0.50000, -0.50000, 0.50000)
 
 

rightHand(-0.50000, -0.50000, -0.50000, 0.50000)
 
 

rightHand(-0.50000, -0.50000, -0.50000, 0.50000)
 
 

rightHand(-0.50000, -0.50000, -0.50000, 0.50000)
 
 

rightHand(-0.50000, -0.50000, -0.50000, 0.50000)
 
 

rightHand(-0.50000, -0.50000, -0.50000, 0.50000)
 
 

rightHand(-0.50000, -0.50000, -0.50000, 0.50000)
 
 

rightHand(-0.50000, -0.50000, -0.50000, 0.50000)
 
 

rightHand(-0.50000, -0.50000, -0.50000, 0.50000)
 
 

rightHand(-0.50000, -0.50000, -0.50000, 0.50000)
 
 

rightHand(0.01682, 0.99942, 0.02598, -0.01404)
 
 

rightHand(0.01682, 0.99942, 0.02598, -0.01404)
 
 

rightHand(0.01682, 0.99942, 0.02598, -0.01404)
 
 

rightHand(0.01682, 0.99942, 0.02598, -0.01404)
 
 

rightHand(-0.50000, -0.50000, -0.50000, 0.50000)
 
 

rightHand(-0.50000, -0.50000, -0.50000, 0.50000)
 
 

rightHand(-0.50000, -0.50000, -0.50000, 0.50000)
 
 

rightHand(-0.50000, -0.50000, -0.50000, 0.50000)
 
 

rightHand(-0.50000, -0.50000, -0.50000, 0.50000)
 
 

rightHand(-0.50000, -0.50000, -0.50000, 0.50000)
 
 

rightHand(-0.50000, -0.50000, -0.50000, 0.50000)
 
 

rightHand(-0.50000, -0.50000, -0.50000, 0.50000)
 
 

rightHand(-0.50000, -0.50000, -0.50000, 0.50000)
 
 

rightHand(-0.50000, -0.50000, -0.50000, 0.50000)
 
 

rightHand(-0.50000, -0.50000, -0.50000, 0.50000)
 
 

rightHand(-0.50000, -0.50000, -0.50000, 0.50000)
 
 

rightHand(-0.50000, -0.50000, -0.50000, 0.50000)
 
 

rightHand(-0.50000, -0.50000, -0.50000, 0.50000)
 
 

rightHand(-0.50000, -0.50000, -0.50000, 0.50000)
 
 

rightHand(-0.50000, -0.50000, -0.50000, 0.50000)
 
 

rightHand(0.00938, 0.99956, 0.02471, -0.01333)
 
 

rightHand(0.00938, 0.99956, 0.02471, -0.01333)
 
 

rightHand(0.00938, 0.99956, 0.02471, -0.01333)
 
 

rightHand(0.00938, 0.99956, 0.02471, -0.01333)
 
 

rightHand(-0.50000, -0.50000, -0.50000, 0.50000)
 
 

rightHand(-0.50000, -0.50000, -0.50000, 0.50000)
 
 

rightHand(-0.50000, -0.50000, -0.50000, 0.50000)
 
 

rightHand(-0.50000, -0.50000, -0.50000, 0.50000)
 
 

rightHand(-0.50000, -0.50000, -0.50000, 0.50000)
 
 

rightHand(-0.50000, -0.50000, -0.50000, 0.50000)
 
 

rightHand(-0.50000, -0.50000, -0.50000, 0.50000)
 
 

rightHand(-0.50000, -0.50000, -0.50000, 0.50000)
 
 

rightHand(0.00397, 0.99961, 0.02530, -0.01145)
 
 

rightHand(0.00397, 0.99961, 0.02530, -0.01145)
 
 

rightHand(0.00397, 0.99961, 0.02530, -0.01145)
 
 

rightHand(0.00397, 0.99961, 0.02530, -0.01145)
 
 

rightHand(-0.50000, -0.50000, -0.50000, 0.50000)
 
 

rightHand(-0.50000, -0.50000, -0.50000, 0.50000)
 
 

rightHand(-0.50000, -0.50000, -0.50000, 0.50000)
 
 

rightHand(-0.50000, -0.50000, -0.50000, 0.50000)
 
 

rightHand(0.00513, 0.99963, 0.02360, -0.01244)
 
 

rightHand(0.00513, 0.99963, 0.02360, -0.01244)
 
 

rightHand(0.00513, 0.99963, 0.02360, -0.01244)
 
 

rightHand(0.00513, 0.99963, 0.02360, -0.01244)
 
 

rightHand(0.00983, 0.99954, 0.02610, -0.01214)
 
 

rightHand(0.00983, 0.99954, 0.02610, -0.01214)
 
 

rightHand(0.00983, 0.99954, 0.02610, -0.01214)
 
 

rightHand(0.00983, 0.99954, 0.02610, -0.01214)
 
 

rightHand(0.01762, 0.99935, 0.02919, -0.01180)
 
 

rightHand(0.01762, 0.99935, 0.02919, -0.01180)
 
 

rightHand(0.01370, 0.99946, 0.02605, -0.01478)
 
 

rightHand(0.01370, 0.99946, 0.02605, -0.01478)
 
 

rightHand(-0.00791, 0.99970, 0.02033, -0.01103)
 
 

rightHand(-0.00791, 0.99970, 0.02033, -0.01103)
 
 

rightHand(-0.00637, 0.99973, 0.01909, -0.01203)
 
 

rightHand(-0.00637, 0.99973, 0.01909, -0.01203)
 
 

rightHand(-0.00350, 0.99974, 0.01896, -0.01215)
 
 

rightHand(-0.00350, 0.99974, 0.01896, -0.01215)
 
 

rightHand(-0.00350, 0.99974, 0.01896, -0.01215)
 
 

rightHand(-0.00350, 0.99974, 0.01896, -0.01215)
 
 

rightHand(-0.50000, -0.50000, -0.50000, 0.50000)
 
 

rightHand(-0.50000, -0.50000, -0.50000, 0.50000)
 
 

rightHand(-0.50000, -0.50000, -0.50000, 0.50000)
 
 

rightHand(-0.50000, -0.50000, -0.50000, 0.50000)
 
 

rightHand(0.00354, 0.99974, 0.01957, -0.01094)
 
 

rightHand(0.00354, 0.99974, 0.01957, -0.01094)
 
 

rightHand(0.00354, 0.99974, 0.01957, -0.01094)
 
 

rightHand(0.00354, 0.99974, 0.01957, -0.01094)
 
 

rightHand(-0.50000, -0.50000, -0.50000, 0.50000)
 
 

rightHand(-0.50000, -0.50000, -0.50000, 0.50000)
 
 

rightHand(-0.50000, -0.50000, -0.50000, 0.50000)
 
 

rightHand(-0.50000, -0.50000, -0.50000, 0.50000)
 
 

rightHand(-0.50000, -0.50000, -0.50000, 0.50000)
 
 

rightHand(-0.50000, -0.50000, -0.50000, 0.50000)
 
 

rightHand(-0.50000, -0.50000, -0.50000, 0.50000)
 
 

rightHand(-0.50000, -0.50000, -0.50000, 0.50000)
 
 

rightHand(-0.00026, 0.99971, 0.02086, -0.01195)
 
 

rightHand(-0.00026, 0.99971, 0.02086, -0.01195)
 
 

rightHand(-0.00026, 0.99971, 0.02086, -0.01195)
 
 

rightHand(-0.00026, 0.99971, 0.02086, -0.01195)
 
 

rightHand(-0.50000, -0.50000, -0.50000, 0.50000)
 
 

rightHand(-0.50000, -0.50000, -0.50000, 0.50000)
 
 

rightHand(-0.50000, -0.50000, -0.50000, 0.50000)
 
 

rightHand(-0.50000, -0.50000, -0.50000, 0.50000)
 
 

rightHand(-0.50000, -0.50000, -0.50000, 0.50000)
 
 

rightHand(-0.50000, -0.50000, -0.50000, 0.50000)
 
 

rightHand(-0.50000, -0.50000, -0.50000, 0.50000)
 
 

rightHand(-0.50000, -0.50000, -0.50000, 0.50000)
 
 

rightHand(-0.50000, -0.50000, -0.50000, 0.50000)
 
 

rightHand(-0.50000, -0.50000, -0.50000, 0.50000)
 
 

rightHand(-0.50000, -0.50000, -0.50000, 0.50000)
 
 

rightHand(-0.50000, -0.50000, -0.50000, 0.50000)
 
 

rightHand(-0.50000, -0.50000, -0.50000, 0.50000)
 
 

rightHand(-0.50000, -0.50000, -0.50000, 0.50000)
 
 

rightHand(-0.50000, -0.50000, -0.50000, 0.50000)
 
 

rightHand(-0.50000, -0.50000, -0.50000, 0.50000)
 
 

rightHand(-0.00671, 0.99964, 0.02138, -0.01509)
 
 

rightHand(-0.00671, 0.99964, 0.02138, -0.01509)
 
 

rightHand(-0.00671, 0.99964, 0.02138, -0.01509)
 
 

rightHand(-0.00671, 0.99964, 0.02138, -0.01509)
 
 

rightHand(-0.50000, -0.50000, -0.50000, 0.50000)
 
 

rightHand(-0.50000, -0.50000, -0.50000, 0.50000)
 
 

rightHand(-0.50000, -0.50000, -0.50000, 0.50000)
 
 

rightHand(-0.50000, -0.50000, -0.50000, 0.50000)
 
 

rightHand(-0.50000, -0.50000, -0.50000, 0.50000)
 
 

rightHand(-0.50000, -0.50000, -0.50000, 0.50000)
 
 

rightHand(-0.50000, -0.50000, -0.50000, 0.50000)
 
 

rightHand(-0.50000, -0.50000, -0.50000, 0.50000)
 
 

rightHand(-0.50000, -0.50000, -0.50000, 0.50000)
 
 

rightHand(-0.50000, -0.50000, -0.50000, 0.50000)
 
 

rightHand(-0.50000, -0.50000, -0.50000, 0.50000)
 
 

rightHand(-0.50000, -0.50000, -0.50000, 0.50000)
 
 

rightHand(-0.50000, -0.50000, -0.50000, 0.50000)
 
 

rightHand(-0.50000, -0.50000, -0.50000, 0.50000)
 
 

rightHand(-0.50000, -0.50000, -0.50000, 0.50000)
 
 

rightHand(-0.50000, -0.50000, -0.50000, 0.50000)
 
 

rightHand(-0.00761, 0.99960, 0.02255, -0.01553)
 
 

rightHand(-0.00761, 0.99960, 0.02255, -0.01553)
 
 

rightHand(-0.00761, 0.99960, 0.02255, -0.01553)
 
 

rightHand(-0.00761, 0.99960, 0.02255, -0.01553)
 
 

rightHand(-0.50000, -0.50000, -0.50000, 0.50000)
 
 

rightHand(-0.50000, -0.50000, -0.50000, 0.50000)
 
 

rightHand(-0.50000, -0.50000, -0.50000, 0.50000)
 
 

rightHand(-0.50000, -0.50000, -0.50000, 0.50000)
 
 

rightHand(-0.50000, -0.50000, -0.50000, 0.50000)
 
 

rightHand(-0.50000, -0.50000, -0.50000, 0.50000)
 
 

rightHand(-0.50000, -0.50000, -0.50000, 0.50000)
 
 

rightHand(-0.50000, -0.50000, -0.50000, 0.50000)
 
 

rightHand(-0.50000, -0.50000, -0.50000, 0.50000)
 
 

rightHand(-0.50000, -0.50000, -0.50000, 0.50000)
 
 

rightHand(-0.50000, -0.50000, -0.50000, 0.50000)
 
 

rightHand(-0.50000, -0.50000, -0.50000, 0.50000)
 
 

rightHand(-0.50000, -0.50000, -0.50000, 0.50000)
 
 

rightHand(-0.50000, -0.50000, -0.50000, 0.50000)
 
 

rightHand(-0.50000, -0.50000, -0.50000, 0.50000)
 
 

rightHand(-0.50000, -0.50000, -0.50000, 0.50000)
 
 

rightHand(-0.00851, 0.99958, 0.02338, -0.01469)
 
 

rightHand(-0.00851, 0.99958, 0.02338, -0.01469)
 
 

rightHand(-0.00851, 0.99958, 0.02338, -0.01469)
 
 

rightHand(-0.00851, 0.99958, 0.02338, -0.01469)
 
 

rightHand(-0.00851, 0.99958, 0.02338, -0.01469)
 
 

rightHand(-0.00851, 0.99958, 0.02338, -0.01469)
 
 

rightHand(-0.50000, -0.50000, -0.50000, 0.50000)
 
 

rightHand(-0.50000, -0.50000, -0.50000, 0.50000)
 
 

rightHand(-0.50000, -0.50000, -0.50000, 0.50000)
 
 

rightHand(-0.50000, -0.50000, -0.50000, 0.50000)
 
 

rightHand(-0.50000, -0.50000, -0.50000, 0.50000)
 
 

rightHand(-0.50000, -0.50000, -0.50000, 0.50000)
 
 

rightHand(-0.50000, -0.50000, -0.50000, 0.50000)
 
 

rightHand(-0.50000, -0.50000, -0.50000, 0.50000)
 
 

rightHand(-0.50000, -0.50000, -0.50000, 0.50000)
 
 

rightHand(-0.50000, -0.50000, -0.50000, 0.50000)
 
 

rightHand(-0.50000, -0.50000, -0.50000, 0.50000)
 
 

rightHand(-0.50000, -0.50000, -0.50000, 0.50000)
 
 

rightHand(-0.50000, -0.50000, -0.50000, 0.50000)
 
 

rightHand(-0.50000, -0.50000, -0.50000, 0.50000)
 
 

rightHand(-0.50000, -0.50000, -0.50000, 0.50000)
 
 

rightHand(-0.50000, -0.50000, -0.50000, 0.50000)
 
 

rightHand(-0.01466, 0.99951, 0.02386, -0.01409)
 
 

rightHand(-0.01466, 0.99951, 0.02386, -0.01409)
 
 

rightHand(-0.01466, 0.99951, 0.02386, -0.01409)
 
 

rightHand(-0.01466, 0.99951, 0.02386, -0.01409)
 
 

rightHand(-0.01466, 0.99951, 0.02386, -0.01409)
 
 

rightHand(-0.01466, 0.99951, 0.02386, -0.01409)
 
 

rightHand(-0.01466, 0.99951, 0.02386, -0.01409)
 
 

rightHand(-0.01466, 0.99951, 0.02386, -0.01409)
 
 

rightHand(-0.50000, -0.50000, -0.50000, 0.50000)
 
 

rightHand(-0.50000, -0.50000, -0.50000, 0.50000)
 
 

rightHand(-0.50000, -0.50000, -0.50000, 0.50000)
 
 

rightHand(-0.50000, -0.50000, -0.50000, 0.50000)
 
 

rightHand(-0.50000, -0.50000, -0.50000, 0.50000)
 
 

rightHand(-0.50000, -0.50000, -0.50000, 0.50000)
 
 

rightHand(-0.50000, -0.50000, -0.50000, 0.50000)
 
 

rightHand(-0.50000, -0.50000, -0.50000, 0.50000)
 
 

rightHand(-0.50000, -0.50000, -0.50000, 0.50000)
 
 

rightHand(-0.50000, -0.50000, -0.50000, 0.50000)
 
 

rightHand(-0.50000, -0.50000, -0.50000, 0.50000)
 
 

rightHand(-0.50000, -0.50000, -0.50000, 0.50000)
 
 

rightHand(-0.50000, -0.50000, -0.50000, 0.50000)
 
 

rightHand(-0.50000, -0.50000, -0.50000, 0.50000)
 
 

rightHand(-0.50000, -0.50000, -0.50000, 0.50000)
 
 

rightHand(-0.50000, -0.50000, -0.50000, 0.50000)
 
 

rightHand(-0.01613, 0.99948, 0.02348, -0.01495)
 
 

rightHand(-0.01613, 0.99948, 0.02348, -0.01495)
 
 

rightHand(-0.01613, 0.99948, 0.02348, -0.01495)
 
 

rightHand(-0.01613, 0.99948, 0.02348, -0.01495)
 
 

rightHand(-0.01613, 0.99948, 0.02348, -0.01495)
 
 

rightHand(-0.01613, 0.99948, 0.02348, -0.01495)
 
 

rightHand(-0.01613, 0.99948, 0.02348, -0.01495)
 
 

rightHand(-0.01613, 0.99948, 0.02348, -0.01495)
 
 

rightHand(-0.50000, -0.50000, -0.50000, 0.50000)
 
 

rightHand(-0.50000, -0.50000, -0.50000, 0.50000)
 
 

rightHand(-0.50000, -0.50000, -0.50000, 0.50000)
 
 

rightHand(-0.50000, -0.50000, -0.50000, 0.50000)
 
 

rightHand(-0.50000, -0.50000, -0.50000, 0.50000)
 
 

rightHand(-0.50000, -0.50000, -0.50000, 0.50000)
 
 

rightHand(-0.50000, -0.50000, -0.50000, 0.50000)
 
 

rightHand(-0.50000, -0.50000, -0.50000, 0.50000)
 
 

rightHand(-0.50000, -0.50000, -0.50000, 0.50000)
 
 

rightHand(-0.50000, -0.50000, -0.50000, 0.50000)
 
 

rightHand(-0.50000, -0.50000, -0.50000, 0.50000)
 
 

rightHand(-0.50000, -0.50000, -0.50000, 0.50000)
 
 

rightHand(-0.50000, -0.50000, -0.50000, 0.50000)
 
 

rightHand(-0.50000, -0.50000, -0.50000, 0.50000)
 
 

rightHand(-0.50000, -0.50000, -0.50000, 0.50000)
 
 

rightHand(-0.50000, -0.50000, -0.50000, 0.50000)
 
 

rightHand(-0.01282, 0.99954, 0.02325, -0.01442)
 
 

rightHand(-0.01282, 0.99954, 0.02325, -0.01442)
 
 

rightHand(-0.01282, 0.99954, 0.02325, -0.01442)
 
 

rightHand(-0.01282, 0.99954, 0.02325, -0.01442)
 
 

rightHand(-0.01282, 0.99954, 0.02325, -0.01442)
 
 

rightHand(-0.01282, 0.99954, 0.02325, -0.01442)
 
 

rightHand(-0.01282, 0.99954, 0.02325, -0.01442)
 
 

rightHand(-0.01282, 0.99954, 0.02325, -0.01442)
 
 

rightHand(-0.50000, -0.50000, -0.50000, 0.50000)
 
 

rightHand(-0.50000, -0.50000, -0.50000, 0.50000)
 
 

rightHand(-0.50000, -0.50000, -0.50000, 0.50000)
 
 

rightHand(-0.50000, -0.50000, -0.50000, 0.50000)
 
 

rightHand(-0.50000, -0.50000, -0.50000, 0.50000)
 
 

rightHand(-0.50000, -0.50000, -0.50000, 0.50000)
 
 

rightHand(-0.50000, -0.50000, -0.50000, 0.50000)
 
 

rightHand(-0.50000, -0.50000, -0.50000, 0.50000)
 
 

rightHand(-0.50000, -0.50000, -0.50000, 0.50000)
 
 

rightHand(-0.50000, -0.50000, -0.50000, 0.50000)
 
 

rightHand(-0.50000, -0.50000, -0.50000, 0.50000)
 
 

rightHand(-0.50000, -0.50000, -0.50000, 0.50000)
 
 

rightHand(-0.50000, -0.50000, -0.50000, 0.50000)
 
 

rightHand(-0.50000, -0.50000, -0.50000, 0.50000)
 
 

rightHand(-0.50000, -0.50000, -0.50000, 0.50000)
 
 

rightHand(-0.50000, -0.50000, -0.50000, 0.50000)
 
 

rightHand(-0.01477, 0.99951, 0.02402, -0.01335)
 
 

rightHand(-0.01477, 0.99951, 0.02402, -0.01335)
 
 

rightHand(-0.01477, 0.99951, 0.02402, -0.01335)
 
 

rightHand(-0.01477, 0.99951, 0.02402, -0.01335)
 
 

rightHand(-0.01477, 0.99951, 0.02402, -0.01335)
 
 

rightHand(-0.01477, 0.99951, 0.02402, -0.01335)
 
 

rightHand(-0.01477, 0.99951, 0.02402, -0.01335)
 
 

rightHand(-0.01477, 0.99951, 0.02402, -0.01335)
 
 

rightHand(-0.50000, -0.50000, -0.50000, 0.50000)
 
 

rightHand(-0.50000, -0.50000, -0.50000, 0.50000)
 
 

rightHand(-0.50000, -0.50000, -0.50000, 0.50000)
 
 

rightHand(-0.50000, -0.50000, -0.50000, 0.50000)
 
 

rightHand(-0.50000, -0.50000, -0.50000, 0.50000)
 
 

rightHand(-0.50000, -0.50000, -0.50000, 0.50000)
 
 

rightHand(-0.50000, -0.50000, -0.50000, 0.50000)
 
 

rightHand(-0.50000, -0.50000, -0.50000, 0.50000)
 
 

rightHand(-0.50000, -0.50000, -0.50000, 0.50000)
 
 

rightHand(-0.50000, -0.50000, -0.50000, 0.50000)
 
 

rightHand(-0.50000, -0.50000, -0.50000, 0.50000)
 
 

rightHand(-0.50000, -0.50000, -0.50000, 0.50000)
 
 

rightHand(-0.50000, -0.50000, -0.50000, 0.50000)
 
 

rightHand(-0.50000, -0.50000, -0.50000, 0.50000)
 
 

rightHand(-0.50000, -0.50000, -0.50000, 0.50000)
 
 

rightHand(-0.50000, -0.50000, -0.50000, 0.50000)
 
 

rightHand(-0.01708, 0.99944, 0.02552, -0.01294)
 
 

rightHand(-0.01708, 0.99944, 0.02552, -0.01294)
 
 

rightHand(-0.01708, 0.99944, 0.02552, -0.01294)
 
 

rightHand(-0.01708, 0.99944, 0.02552, -0.01294)
 
 

rightHand(-0.01708, 0.99944, 0.02552, -0.01294)
 
 

rightHand(-0.01708, 0.99944, 0.02552, -0.01294)
 
 

rightHand(-0.01708, 0.99944, 0.02552, -0.01294)
 
 

rightHand(-0.01708, 0.99944, 0.02552, -0.01294)
 
 

rightHand(-0.50000, -0.50000, -0.50000, 0.50000)
 
 

rightHand(-0.50000, -0.50000, -0.50000, 0.50000)
 
 

rightHand(-0.50000, -0.50000, -0.50000, 0.50000)
 
 

rightHand(-0.50000, -0.50000, -0.50000, 0.50000)
 
 

rightHand(-0.50000, -0.50000, -0.50000, 0.50000)
 
 

rightHand(-0.50000, -0.50000, -0.50000, 0.50000)
 
 

rightHand(-0.50000, -0.50000, -0.50000, 0.50000)
 
 

rightHand(-0.50000, -0.50000, -0.50000, 0.50000)
 
 

rightHand(-0.50000, -0.50000, -0.50000, 0.50000)
 
 

rightHand(-0.50000, -0.50000, -0.50000, 0.50000)
 
 

rightHand(-0.50000, -0.50000, -0.50000, 0.50000)
 
 

rightHand(-0.50000, -0.50000, -0.50000, 0.50000)
 
 

rightHand(-0.50000, -0.50000, -0.50000, 0.50000)
 
 

rightHand(-0.50000, -0.50000, -0.50000, 0.50000)
 
 

rightHand(-0.50000, -0.50000, -0.50000, 0.50000)
 
 

rightHand(-0.50000, -0.50000, -0.50000, 0.50000)
 
 

rightHand(-0.01488, 0.99944, 0.02656, -0.01374)
 
 

rightHand(-0.01488, 0.99944, 0.02656, -0.01374)
 
 

rightHand(-0.01488, 0.99944, 0.02656, -0.01374)
 
 

rightHand(-0.01488, 0.99944, 0.02656, -0.01374)
 
 

rightHand(-0.01488, 0.99944, 0.02656, -0.01374)
 
 

rightHand(-0.01488, 0.99944, 0.02656, -0.01374)
 
 

rightHand(-0.01488, 0.99944, 0.02656, -0.01374)
 
 

rightHand(-0.01488, 0.99944, 0.02656, -0.01374)
 
 

rightHand(-0.50000, -0.50000, -0.50000, 0.50000)
 
 

rightHand(-0.50000, -0.50000, -0.50000, 0.50000)
 
 

rightHand(-0.50000, -0.50000, -0.50000, 0.50000)
 
 

rightHand(-0.50000, -0.50000, -0.50000, 0.50000)
 
 

rightHand(-0.50000, -0.50000, -0.50000, 0.50000)
 
 

rightHand(-0.50000, -0.50000, -0.50000, 0.50000)
 
 

rightHand(-0.50000, -0.50000, -0.50000, 0.50000)
 
 

rightHand(-0.50000, -0.50000, -0.50000, 0.50000)
 
 

rightHand(-0.50000, -0.50000, -0.50000, 0.50000)
 
 

rightHand(-0.50000, -0.50000, -0.50000, 0.50000)
 
 

rightHand(-0.50000, -0.50000, -0.50000, 0.50000)
 
 

rightHand(-0.50000, -0.50000, -0.50000, 0.50000)
 
 

rightHand(-0.50000, -0.50000, -0.50000, 0.50000)
 
 

rightHand(-0.50000, -0.50000, -0.50000, 0.50000)
 
 

rightHand(-0.50000, -0.50000, -0.50000, 0.50000)
 
 

rightHand(-0.50000, -0.50000, -0.50000, 0.50000)
 
 

rightHand(-0.01043, 0.99939, 0.02898, -0.01651)
 
 

rightHand(-0.01043, 0.99939, 0.02898, -0.01651)
 
 

rightHand(-0.01043, 0.99939, 0.02898, -0.01651)
 
 

rightHand(-0.01043, 0.99939, 0.02898, -0.01651)
 
 

rightHand(-0.01043, 0.99939, 0.02898, -0.01651)
 
 

rightHand(-0.01043, 0.99939, 0.02898, -0.01651)
 
 

rightHand(-0.01043, 0.99939, 0.02898, -0.01651)
 
 

rightHand(-0.01043, 0.99939, 0.02898, -0.01651)
 
 

rightHand(-0.50000, -0.50000, -0.50000, 0.50000)
 
 

rightHand(-0.50000, -0.50000, -0.50000, 0.50000)
 
 

rightHand(-0.50000, -0.50000, -0.50000, 0.50000)
 
 

rightHand(-0.50000, -0.50000, -0.50000, 0.50000)
 
 

rightHand(-0.50000, -0.50000, -0.50000, 0.50000)
 
 

rightHand(-0.50000, -0.50000, -0.50000, 0.50000)
 
 

rightHand(-0.50000, -0.50000, -0.50000, 0.50000)
 
 

rightHand(-0.50000, -0.50000, -0.50000, 0.50000)
 
 

rightHand(-0.50000, -0.50000, -0.50000, 0.50000)
 
 

rightHand(-0.50000, -0.50000, -0.50000, 0.50000)
 
 

rightHand(-0.50000, -0.50000, -0.50000, 0.50000)
 
 

rightHand(-0.50000, -0.50000, -0.50000, 0.50000)
 
 

rightHand(-0.50000, -0.50000, -0.50000, 0.50000)
 
 

rightHand(-0.50000, -0.50000, -0.50000, 0.50000)
 
 

rightHand(-0.50000, -0.50000, -0.50000, 0.50000)
 
 

rightHand(-0.50000, -0.50000, -0.50000, 0.50000)
 
 

rightHand(-0.01572, 0.99924, 0.03059, -0.01852)
 
 

rightHand(-0.01572, 0.99924, 0.03059, -0.01852)
 
 

rightHand(-0.01572, 0.99924, 0.03059, -0.01852)
 
 

rightHand(-0.01572, 0.99924, 0.03059, -0.01852)
 
 

rightHand(-0.01572, 0.99924, 0.03059, -0.01852)
 
 

rightHand(-0.01572, 0.99924, 0.03059, -0.01852)
 
 

rightHand(-0.01572, 0.99924, 0.03059, -0.01852)
 
 

rightHand(-0.01572, 0.99924, 0.03059, -0.01852)
 
 

rightHand(-0.50000, -0.50000, -0.50000, 0.50000)
 
 

rightHand(-0.50000, -0.50000, -0.50000, 0.50000)
 
 

rightHand(-0.50000, -0.50000, -0.50000, 0.50000)
 
 

rightHand(-0.50000, -0.50000, -0.50000, 0.50000)
 
 

rightHand(-0.50000, -0.50000, -0.50000, 0.50000)
 
 

rightHand(-0.50000, -0.50000, -0.50000, 0.50000)
 
 

rightHand(-0.50000, -0.50000, -0.50000, 0.50000)
 
 

rightHand(-0.50000, -0.50000, -0.50000, 0.50000)
 
 

rightHand(-0.50000, -0.50000, -0.50000, 0.50000)
 
 

rightHand(-0.50000, -0.50000, -0.50000, 0.50000)
 
 

rightHand(-0.50000, -0.50000, -0.50000, 0.50000)
 
 

rightHand(-0.50000, -0.50000, -0.50000, 0.50000)
 
 

rightHand(-0.50000, -0.50000, -0.50000, 0.50000)
 
 

rightHand(-0.50000, -0.50000, -0.50000, 0.50000)
 
 

rightHand(-0.50000, -0.50000, -0.50000, 0.50000)
 
 

rightHand(-0.50000, -0.50000, -0.50000, 0.50000)
 
 

rightHand(-0.01543, 0.99915, 0.03255, -0.01982)
 
 

rightHand(-0.01543, 0.99915, 0.03255, -0.01982)
 
 

rightHand(-0.01543, 0.99915, 0.03255, -0.01982)
 
 

rightHand(-0.01543, 0.99915, 0.03255, -0.01982)
 
 

rightHand(-0.01543, 0.99915, 0.03255, -0.01982)
 
 

rightHand(-0.01543, 0.99915, 0.03255, -0.01982)
 
 

rightHand(-0.01543, 0.99915, 0.03255, -0.01982)
 
 

rightHand(-0.01543, 0.99915, 0.03255, -0.01982)
 
 

rightHand(-0.50000, -0.50000, -0.50000, 0.50000)
 
 

rightHand(-0.50000, -0.50000, -0.50000, 0.50000)
 
 

rightHand(-0.50000, -0.50000, -0.50000, 0.50000)
 
 

rightHand(-0.50000, -0.50000, -0.50000, 0.50000)
 
 

rightHand(-0.50000, -0.50000, -0.50000, 0.50000)
 
 

rightHand(-0.50000, -0.50000, -0.50000, 0.50000)
 
 

rightHand(-0.50000, -0.50000, -0.50000, 0.50000)
 
 

rightHand(-0.50000, -0.50000, -0.50000, 0.50000)
 
 

rightHand(-0.50000, -0.50000, -0.50000, 0.50000)
 
 

rightHand(-0.50000, -0.50000, -0.50000, 0.50000)
 
 

rightHand(-0.50000, -0.50000, -0.50000, 0.50000)
 
 

rightHand(-0.50000, -0.50000, -0.50000, 0.50000)
 
 

rightHand(-0.50000, -0.50000, -0.50000, 0.50000)
 
 

rightHand(-0.50000, -0.50000, -0.50000, 0.50000)
 
 

rightHand(-0.50000, -0.50000, -0.50000, 0.50000)
 
 

rightHand(-0.50000, -0.50000, -0.50000, 0.50000)
 
 

rightHand(-0.01151, 0.99922, 0.03232, -0.01945)
 
 

rightHand(-0.01151, 0.99922, 0.03232, -0.01945)
 
 

rightHand(-0.01151, 0.99922, 0.03232, -0.01945)
 
 

rightHand(-0.01151, 0.99922, 0.03232, -0.01945)
 
 

rightHand(-0.01151, 0.99922, 0.03232, -0.01945)
 
 

rightHand(-0.01151, 0.99922, 0.03232, -0.01945)
 
 

rightHand(-0.01151, 0.99922, 0.03232, -0.01945)
 
 

rightHand(-0.01151, 0.99922, 0.03232, -0.01945)
 
 

rightHand(-0.50000, -0.50000, -0.50000, 0.50000)
 
 

rightHand(-0.50000, -0.50000, -0.50000, 0.50000)
 
 

rightHand(-0.50000, -0.50000, -0.50000, 0.50000)
 
 

rightHand(-0.50000, -0.50000, -0.50000, 0.50000)
 
 

rightHand(-0.50000, -0.50000, -0.50000, 0.50000)
 
 

rightHand(-0.50000, -0.50000, -0.50000, 0.50000)
 
 

rightHand(-0.50000, -0.50000, -0.50000, 0.50000)
 
 

rightHand(-0.50000, -0.50000, -0.50000, 0.50000)
 
 

rightHand(-0.50000, -0.50000, -0.50000, 0.50000)
 
 

rightHand(-0.50000, -0.50000, -0.50000, 0.50000)
 
 

rightHand(-0.50000, -0.50000, -0.50000, 0.50000)
 
 

rightHand(-0.50000, -0.50000, -0.50000, 0.50000)
 
 

rightHand(-0.50000, -0.50000, -0.50000, 0.50000)
 
 

rightHand(-0.50000, -0.50000, -0.50000, 0.50000)
 
 

rightHand(-0.50000, -0.50000, -0.50000, 0.50000)
 
 

rightHand(-0.50000, -0.50000, -0.50000, 0.50000)
 
 

rightHand(-0.00983, 0.99920, 0.03316, -0.01994)
 
 

rightHand(-0.00983, 0.99920, 0.03316, -0.01994)
 
 

rightHand(-0.00983, 0.99920, 0.03316, -0.01994)
 
 

rightHand(-0.00983, 0.99920, 0.03316, -0.01994)
 
 

rightHand(-0.00983, 0.99920, 0.03316, -0.01994)
 
 

rightHand(-0.00983, 0.99920, 0.03316, -0.01994)
 
 

rightHand(-0.00983, 0.99920, 0.03316, -0.01994)
 
 

rightHand(-0.00983, 0.99920, 0.03316, -0.01994)
 
 

rightHand(-0.50000, -0.50000, -0.50000, 0.50000)
 
 

rightHand(-0.50000, -0.50000, -0.50000, 0.50000)
 
 

rightHand(-0.50000, -0.50000, -0.50000, 0.50000)
 
 

rightHand(-0.50000, -0.50000, -0.50000, 0.50000)
 
 

rightHand(-0.50000, -0.50000, -0.50000, 0.50000)
 
 

rightHand(-0.50000, -0.50000, -0.50000, 0.50000)
 
 

rightHand(-0.50000, -0.50000, -0.50000, 0.50000)
 
 

rightHand(-0.50000, -0.50000, -0.50000, 0.50000)
 
 

rightHand(-0.50000, -0.50000, -0.50000, 0.50000)
 
 

rightHand(-0.50000, -0.50000, -0.50000, 0.50000)
 
 

rightHand(-0.50000, -0.50000, -0.50000, 0.50000)
 
 

rightHand(-0.50000, -0.50000, -0.50000, 0.50000)
 
 

rightHand(-0.50000, -0.50000, -0.50000, 0.50000)
 
 

rightHand(-0.50000, -0.50000, -0.50000, 0.50000)
 
 

rightHand(-0.50000, -0.50000, -0.50000, 0.50000)
 
 

rightHand(-0.50000, -0.50000, -0.50000, 0.50000)
 
 

rightHand(-0.00930, 0.99920, 0.03396, -0.01885)
 
 

rightHand(-0.00930, 0.99920, 0.03396, -0.01885)
 
 

rightHand(-0.00930, 0.99920, 0.03396, -0.01885)
 
 

rightHand(-0.00930, 0.99920, 0.03396, -0.01885)
 
 

rightHand(-0.00930, 0.99920, 0.03396, -0.01885)
 
 

rightHand(-0.00930, 0.99920, 0.03396, -0.01885)
 
 

rightHand(-0.00930, 0.99920, 0.03396, -0.01885)
 
 

rightHand(-0.00930, 0.99920, 0.03396, -0.01885)
 
 

rightHand(-0.50000, -0.50000, -0.50000, 0.50000)
 
 

rightHand(-0.50000, -0.50000, -0.50000, 0.50000)
 
 

rightHand(-0.50000, -0.50000, -0.50000, 0.50000)
 
 

rightHand(-0.50000, -0.50000, -0.50000, 0.50000)
 
 

rightHand(-0.50000, -0.50000, -0.50000, 0.50000)
 
 

rightHand(-0.50000, -0.50000, -0.50000, 0.50000)
 
 

rightHand(-0.50000, -0.50000, -0.50000, 0.50000)
 
 

rightHand(-0.50000, -0.50000, -0.50000, 0.50000)
 
 

rightHand(-0.50000, -0.50000, -0.50000, 0.50000)
 
 

rightHand(-0.50000, -0.50000, -0.50000, 0.50000)
 
 

rightHand(-0.50000, -0.50000, -0.50000, 0.50000)
 
 

rightHand(-0.50000, -0.50000, -0.50000, 0.50000)
 
 

rightHand(-0.50000, -0.50000, -0.50000, 0.50000)
 
 

rightHand(-0.50000, -0.50000, -0.50000, 0.50000)
 
 

rightHand(-0.50000, -0.50000, -0.50000, 0.50000)
 
 

rightHand(-0.50000, -0.50000, -0.50000, 0.50000)
 
 

rightHand(-0.01031, 0.99921, 0.03384, -0.01791)
 
 

rightHand(-0.01031, 0.99921, 0.03384, -0.01791)
 
 

rightHand(-0.01031, 0.99921, 0.03384, -0.01791)
 
 

rightHand(-0.01031, 0.99921, 0.03384, -0.01791)
 
 

rightHand(-0.01031, 0.99921, 0.03384, -0.01791)
 
 

rightHand(-0.01031, 0.99921, 0.03384, -0.01791)
 
 

rightHand(-0.01031, 0.99921, 0.03384, -0.01791)
 
 

rightHand(-0.01031, 0.99921, 0.03384, -0.01791)
 
 

rightHand(-0.50000, -0.50000, -0.50000, 0.50000)
 
 

rightHand(-0.50000, -0.50000, -0.50000, 0.50000)
 
 

rightHand(-0.50000, -0.50000, -0.50000, 0.50000)
 
 

rightHand(-0.50000, -0.50000, -0.50000, 0.50000)
 
 

rightHand(-0.50000, -0.50000, -0.50000, 0.50000)
 
 

rightHand(-0.50000, -0.50000, -0.50000, 0.50000)
 
 

rightHand(-0.50000, -0.50000, -0.50000, 0.50000)
 
 

rightHand(-0.50000, -0.50000, -0.50000, 0.50000)
 
 

rightHand(-0.50000, -0.50000, -0.50000, 0.50000)
 
 

rightHand(-0.50000, -0.50000, -0.50000, 0.50000)
 
 

rightHand(-0.50000, -0.50000, -0.50000, 0.50000)
 
 

rightHand(-0.50000, -0.50000, -0.50000, 0.50000)
 
 

rightHand(-0.50000, -0.50000, -0.50000, 0.50000)
 
 

rightHand(-0.50000, -0.50000, -0.50000, 0.50000)
 
 

rightHand(-0.50000, -0.50000, -0.50000, 0.50000)
 
 

rightHand(-0.50000, -0.50000, -0.50000, 0.50000)
 
 

rightHand(-0.01236, 0.99927, 0.03111, -0.01820)
 
 

rightHand(-0.01236, 0.99927, 0.03111, -0.01820)
 
 

rightHand(-0.01236, 0.99927, 0.03111, -0.01820)
 
 

rightHand(-0.01236, 0.99927, 0.03111, -0.01820)
 
 

rightHand(-0.01236, 0.99927, 0.03111, -0.01820)
 
 

rightHand(-0.01236, 0.99927, 0.03111, -0.01820)
 
 

rightHand(-0.01236, 0.99927, 0.03111, -0.01820)
 
 

rightHand(-0.01236, 0.99927, 0.03111, -0.01820)
 
 

rightHand(-0.50000, -0.50000, -0.50000, 0.50000)
 
 

rightHand(-0.50000, -0.50000, -0.50000, 0.50000)
 
 

rightHand(-0.50000, -0.50000, -0.50000, 0.50000)
 
 

rightHand(-0.50000, -0.50000, -0.50000, 0.50000)
 
 

rightHand(-0.50000, -0.50000, -0.50000, 0.50000)
 
 

rightHand(-0.50000, -0.50000, -0.50000, 0.50000)
 
 

rightHand(-0.50000, -0.50000, -0.50000, 0.50000)
 
 

rightHand(-0.50000, -0.50000, -0.50000, 0.50000)
 
 

rightHand(-0.50000, -0.50000, -0.50000, 0.50000)
 
 

rightHand(-0.50000, -0.50000, -0.50000, 0.50000)
 
 

rightHand(-0.50000, -0.50000, -0.50000, 0.50000)
 
 

rightHand(-0.50000, -0.50000, -0.50000, 0.50000)
 
 

rightHand(-0.50000, -0.50000, -0.50000, 0.50000)
 
 

rightHand(-0.50000, -0.50000, -0.50000, 0.50000)
 
 

rightHand(-0.50000, -0.50000, -0.50000, 0.50000)
 
 

rightHand(-0.50000, -0.50000, -0.50000, 0.50000)
 
 

rightHand(-0.01152, 0.99932, 0.02999, -0.01803)
 
 

rightHand(-0.01152, 0.99932, 0.02999, -0.01803)
 
 

rightHand(-0.01152, 0.99932, 0.02999, -0.01803)
 
 

rightHand(-0.01152, 0.99932, 0.02999, -0.01803)
 
 

rightHand(-0.01152, 0.99932, 0.02999, -0.01803)
 
 

rightHand(-0.01152, 0.99932, 0.02999, -0.01803)
 
 

rightHand(-0.01152, 0.99932, 0.02999, -0.01803)
 
 

rightHand(-0.01152, 0.99932, 0.02999, -0.01803)
 
 

rightHand(-0.50000, -0.50000, -0.50000, 0.50000)
 
 

rightHand(-0.50000, -0.50000, -0.50000, 0.50000)
 
 

rightHand(-0.50000, -0.50000, -0.50000, 0.50000)
 
 

rightHand(-0.50000, -0.50000, -0.50000, 0.50000)
 
 

rightHand(-0.50000, -0.50000, -0.50000, 0.50000)
 
 

rightHand(-0.50000, -0.50000, -0.50000, 0.50000)
 
 

rightHand(-0.50000, -0.50000, -0.50000, 0.50000)
 
 

rightHand(-0.50000, -0.50000, -0.50000, 0.50000)
 
 

rightHand(-0.50000, -0.50000, -0.50000, 0.50000)
 
 

rightHand(-0.50000, -0.50000, -0.50000, 0.50000)
 
 

rightHand(-0.50000, -0.50000, -0.50000, 0.50000)
 
 

rightHand(-0.50000, -0.50000, -0.50000, 0.50000)
 
 

rightHand(-0.50000, -0.50000, -0.50000, 0.50000)
 
 

rightHand(-0.50000, -0.50000, -0.50000, 0.50000)
 
 

rightHand(-0.50000, -0.50000, -0.50000, 0.50000)
 
 

rightHand(-0.50000, -0.50000, -0.50000, 0.50000)
 
 

rightHand(-0.00791, 0.99941, 0.02965, -0.01556)
 
 

rightHand(-0.00791, 0.99941, 0.02965, -0.01556)
 
 

rightHand(-0.00791, 0.99941, 0.02965, -0.01556)
 
 

rightHand(-0.00791, 0.99941, 0.02965, -0.01556)
 
 

rightHand(-0.00791, 0.99941, 0.02965, -0.01556)
 
 

rightHand(-0.00791, 0.99941, 0.02965, -0.01556)
 
 

rightHand(-0.00791, 0.99941, 0.02965, -0.01556)
 
 

rightHand(-0.00791, 0.99941, 0.02965, -0.01556)
 
 

rightHand(-0.50000, -0.50000, -0.50000, 0.50000)
 
 

rightHand(-0.50000, -0.50000, -0.50000, 0.50000)
 
 

rightHand(-0.50000, -0.50000, -0.50000, 0.50000)
 
 

rightHand(-0.50000, -0.50000, -0.50000, 0.50000)
 
 

rightHand(-0.50000, -0.50000, -0.50000, 0.50000)
 
 

rightHand(-0.50000, -0.50000, -0.50000, 0.50000)
 
 

rightHand(-0.50000, -0.50000, -0.50000, 0.50000)
 
 

rightHand(-0.50000, -0.50000, -0.50000, 0.50000)
 
 

rightHand(-0.50000, -0.50000, -0.50000, 0.50000)
 
 

rightHand(-0.50000, -0.50000, -0.50000, 0.50000)
 
 

rightHand(-0.50000, -0.50000, -0.50000, 0.50000)
 
 

rightHand(-0.50000, -0.50000, -0.50000, 0.50000)
 
 

rightHand(-0.50000, -0.50000, -0.50000, 0.50000)
 
 

rightHand(-0.50000, -0.50000, -0.50000, 0.50000)
 
 

rightHand(-0.50000, -0.50000, -0.50000, 0.50000)
 
 

rightHand(-0.50000, -0.50000, -0.50000, 0.50000)
 
 

rightHand(-0.00496, 0.99944, 0.03002, -0.01420)
 
 

rightHand(-0.00496, 0.99944, 0.03002, -0.01420)
 
 

rightHand(-0.00496, 0.99944, 0.03002, -0.01420)
 
 

rightHand(-0.00496, 0.99944, 0.03002, -0.01420)
 
 

rightHand(-0.00496, 0.99944, 0.03002, -0.01420)
 
 

rightHand(-0.00496, 0.99944, 0.03002, -0.01420)
 
 

rightHand(-0.00496, 0.99944, 0.03002, -0.01420)
 
 

rightHand(-0.00496, 0.99944, 0.03002, -0.01420)
 
 

rightHand(-0.50000, -0.50000, -0.50000, 0.50000)
 
 

rightHand(-0.50000, -0.50000, -0.50000, 0.50000)
 
 

rightHand(-0.50000, -0.50000, -0.50000, 0.50000)
 
 

rightHand(-0.50000, -0.50000, -0.50000, 0.50000)
 
 

rightHand(-0.50000, -0.50000, -0.50000, 0.50000)
 
 

rightHand(-0.50000, -0.50000, -0.50000, 0.50000)
 
 

rightHand(-0.50000, -0.50000, -0.50000, 0.50000)
 
 

rightHand(-0.50000, -0.50000, -0.50000, 0.50000)
 
 

rightHand(-0.50000, -0.50000, -0.50000, 0.50000)
 
 

rightHand(-0.50000, -0.50000, -0.50000, 0.50000)
 
 

rightHand(-0.50000, -0.50000, -0.50000, 0.50000)
 
 

rightHand(-0.50000, -0.50000, -0.50000, 0.50000)
 
 

rightHand(-0.50000, -0.50000, -0.50000, 0.50000)
 
 

rightHand(-0.50000, -0.50000, -0.50000, 0.50000)
 
 

rightHand(-0.50000, -0.50000, -0.50000, 0.50000)
 
 

rightHand(-0.50000, -0.50000, -0.50000, 0.50000)
 
 

rightHand(-0.00464, 0.99940, 0.03139, -0.01368)
 
 

rightHand(-0.00464, 0.99940, 0.03139, -0.01368)
 
 

rightHand(-0.00464, 0.99940, 0.03139, -0.01368)
 
 

rightHand(-0.00464, 0.99940, 0.03139, -0.01368)
 
 

rightHand(-0.00464, 0.99940, 0.03139, -0.01368)
 
 

rightHand(-0.00464, 0.99940, 0.03139, -0.01368)
 
 

rightHand(-0.00464, 0.99940, 0.03139, -0.01368)
 
 

rightHand(-0.00464, 0.99940, 0.03139, -0.01368)
 
 

rightHand(-0.50000, -0.50000, -0.50000, 0.50000)
 
 

rightHand(-0.50000, -0.50000, -0.50000, 0.50000)
 
 

rightHand(-0.50000, -0.50000, -0.50000, 0.50000)
 
 

rightHand(-0.50000, -0.50000, -0.50000, 0.50000)
 
 

rightHand(-0.50000, -0.50000, -0.50000, 0.50000)
 
 

rightHand(-0.50000, -0.50000, -0.50000, 0.50000)
 
 

rightHand(-0.50000, -0.50000, -0.50000, 0.50000)
 
 

rightHand(-0.50000, -0.50000, -0.50000, 0.50000)
 
 

rightHand(-0.50000, -0.50000, -0.50000, 0.50000)
 
 

rightHand(-0.50000, -0.50000, -0.50000, 0.50000)
 
 

rightHand(-0.50000, -0.50000, -0.50000, 0.50000)
 
 

rightHand(-0.50000, -0.50000, -0.50000, 0.50000)
 
 

rightHand(-0.50000, -0.50000, -0.50000, 0.50000)
 
 

rightHand(-0.50000, -0.50000, -0.50000, 0.50000)
 
 

rightHand(-0.50000, -0.50000, -0.50000, 0.50000)
 
 

rightHand(-0.50000, -0.50000, -0.50000, 0.50000)
 
 

rightHand(-0.00658, 0.99936, 0.03261, -0.01341)
 
 

rightHand(-0.00658, 0.99936, 0.03261, -0.01341)
 
 

rightHand(-0.00658, 0.99936, 0.03261, -0.01341)
 
 

rightHand(-0.00658, 0.99936, 0.03261, -0.01341)
 
 

rightHand(-0.00658, 0.99936, 0.03261, -0.01341)
 
 

rightHand(-0.00658, 0.99936, 0.03261, -0.01341)
 
 

rightHand(-0.00658, 0.99936, 0.03261, -0.01341)
 
 

rightHand(-0.00658, 0.99936, 0.03261, -0.01341)
 
 

rightHand(-0.50000, -0.50000, -0.50000, 0.50000)
 
 

rightHand(-0.50000, -0.50000, -0.50000, 0.50000)
 
 

rightHand(-0.50000, -0.50000, -0.50000, 0.50000)
 
 

rightHand(-0.50000, -0.50000, -0.50000, 0.50000)
 
 

rightHand(-0.50000, -0.50000, -0.50000, 0.50000)
 
 

rightHand(-0.50000, -0.50000, -0.50000, 0.50000)
 
 

rightHand(-0.50000, -0.50000, -0.50000, 0.50000)
 
 

rightHand(-0.50000, -0.50000, -0.50000, 0.50000)
 
 

rightHand(-0.50000, -0.50000, -0.50000, 0.50000)
 
 

rightHand(-0.50000, -0.50000, -0.50000, 0.50000)
 
 

rightHand(-0.50000, -0.50000, -0.50000, 0.50000)
 
 

rightHand(-0.50000, -0.50000, -0.50000, 0.50000)
 
 

rightHand(-0.50000, -0.50000, -0.50000, 0.50000)
 
 

rightHand(-0.50000, -0.50000, -0.50000, 0.50000)
 
 

rightHand(-0.50000, -0.50000, -0.50000, 0.50000)
 
 

rightHand(-0.50000, -0.50000, -0.50000, 0.50000)
 
 

rightHand(-0.00825, 0.99932, 0.03288, -0.01468)
 
 

rightHand(-0.00825, 0.99932, 0.03288, -0.01468)
 
 

rightHand(-0.00825, 0.99932, 0.03288, -0.01468)
 
 

rightHand(-0.00825, 0.99932, 0.03288, -0.01468)
 
 

rightHand(-0.00825, 0.99932, 0.03288, -0.01468)
 
 

rightHand(-0.00825, 0.99932, 0.03288, -0.01468)
 
 

rightHand(-0.00825, 0.99932, 0.03288, -0.01468)
 
 

rightHand(-0.00825, 0.99932, 0.03288, -0.01468)
 
 

rightHand(-0.50000, -0.50000, -0.50000, 0.50000)
 
 

rightHand(-0.50000, -0.50000, -0.50000, 0.50000)
 
 

rightHand(-0.50000, -0.50000, -0.50000, 0.50000)
 
 

rightHand(-0.50000, -0.50000, -0.50000, 0.50000)
 
 

rightHand(-0.50000, -0.50000, -0.50000, 0.50000)
 
 

rightHand(-0.50000, -0.50000, -0.50000, 0.50000)
 
 

rightHand(-0.50000, -0.50000, -0.50000, 0.50000)
 
 

rightHand(-0.50000, -0.50000, -0.50000, 0.50000)
 
 

rightHand(-0.50000, -0.50000, -0.50000, 0.50000)
 
 

rightHand(-0.50000, -0.50000, -0.50000, 0.50000)
 
 

rightHand(-0.50000, -0.50000, -0.50000, 0.50000)
 
 

rightHand(-0.50000, -0.50000, -0.50000, 0.50000)
 
 

rightHand(-0.50000, -0.50000, -0.50000, 0.50000)
 
 

rightHand(-0.50000, -0.50000, -0.50000, 0.50000)
 
 

rightHand(-0.50000, -0.50000, -0.50000, 0.50000)
 
 

rightHand(-0.50000, -0.50000, -0.50000, 0.50000)
 
 

rightHand(-0.00641, 0.99932, 0.03241, -0.01661)
 
 

rightHand(-0.00641, 0.99932, 0.03241, -0.01661)
 
 

rightHand(-0.00641, 0.99932, 0.03241, -0.01661)
 
 

rightHand(-0.00641, 0.99932, 0.03241, -0.01661)
 
 

rightHand(-0.00641, 0.99932, 0.03241, -0.01661)
 
 

rightHand(-0.00641, 0.99932, 0.03241, -0.01661)
 
 

rightHand(-0.00641, 0.99932, 0.03241, -0.01661)
 
 

rightHand(-0.00641, 0.99932, 0.03241, -0.01661)
 
 

rightHand(-0.50000, -0.50000, -0.50000, 0.50000)
 
 

rightHand(-0.50000, -0.50000, -0.50000, 0.50000)
 
 

rightHand(-0.50000, -0.50000, -0.50000, 0.50000)
 
 

rightHand(-0.50000, -0.50000, -0.50000, 0.50000)
 
 

rightHand(-0.50000, -0.50000, -0.50000, 0.50000)
 
 

rightHand(-0.50000, -0.50000, -0.50000, 0.50000)
 
 

rightHand(-0.50000, -0.50000, -0.50000, 0.50000)
 
 

rightHand(-0.50000, -0.50000, -0.50000, 0.50000)
 
 

rightHand(-0.50000, -0.50000, -0.50000, 0.50000)
 
 

rightHand(-0.50000, -0.50000, -0.50000, 0.50000)
 
 

rightHand(-0.50000, -0.50000, -0.50000, 0.50000)
 
 

rightHand(-0.50000, -0.50000, -0.50000, 0.50000)
 
 

rightHand(-0.50000, -0.50000, -0.50000, 0.50000)
 
 

rightHand(-0.50000, -0.50000, -0.50000, 0.50000)
 
 

rightHand(-0.50000, -0.50000, -0.50000, 0.50000)
 
 

rightHand(-0.50000, -0.50000, -0.50000, 0.50000)
 
 

rightHand(-0.00366, 0.99929, 0.03227, -0.01886)
 
 

rightHand(-0.00366, 0.99929, 0.03227, -0.01886)
 
 

rightHand(-0.00366, 0.99929, 0.03227, -0.01886)
 
 

rightHand(-0.00366, 0.99929, 0.03227, -0.01886)
 
 

rightHand(-0.00366, 0.99929, 0.03227, -0.01886)
 
 

rightHand(-0.00366, 0.99929, 0.03227, -0.01886)
 
 

rightHand(-0.00366, 0.99929, 0.03227, -0.01886)
 
 

rightHand(-0.00366, 0.99929, 0.03227, -0.01886)
 
 

rightHand(-0.50000, -0.50000, -0.50000, 0.50000)
 
 

rightHand(-0.50000, -0.50000, -0.50000, 0.50000)
 
 

rightHand(-0.50000, -0.50000, -0.50000, 0.50000)
 
 

rightHand(-0.50000, -0.50000, -0.50000, 0.50000)
 
 

rightHand(-0.50000, -0.50000, -0.50000, 0.50000)
 
 

rightHand(-0.50000, -0.50000, -0.50000, 0.50000)
 
 

rightHand(-0.50000, -0.50000, -0.50000, 0.50000)
 
 

rightHand(-0.50000, -0.50000, -0.50000, 0.50000)
 
 

rightHand(-0.50000, -0.50000, -0.50000, 0.50000)
 
 

rightHand(-0.50000, -0.50000, -0.50000, 0.50000)
 
 

rightHand(-0.50000, -0.50000, -0.50000, 0.50000)
 
 

rightHand(-0.50000, -0.50000, -0.50000, 0.50000)
 
 

rightHand(-0.50000, -0.50000, -0.50000, 0.50000)
 
 

rightHand(-0.50000, -0.50000, -0.50000, 0.50000)
 
 

rightHand(-0.50000, -0.50000, -0.50000, 0.50000)
 
 

rightHand(-0.50000, -0.50000, -0.50000, 0.50000)
 
 

rightHand(-0.00194, 0.99929, 0.03286, -0.01834)
 
 

rightHand(-0.00194, 0.99929, 0.03286, -0.01834)
 
 

rightHand(-0.00194, 0.99929, 0.03286, -0.01834)
 
 

rightHand(-0.00194, 0.99929, 0.03286, -0.01834)
 
 

rightHand(-0.00194, 0.99929, 0.03286, -0.01834)
 
 

rightHand(-0.00194, 0.99929, 0.03286, -0.01834)
 
 

rightHand(-0.50000, -0.50000, -0.50000, 0.50000)
 
 

rightHand(-0.50000, -0.50000, -0.50000, 0.50000)
 
 

rightHand(-0.50000, -0.50000, -0.50000, 0.50000)
 
 

rightHand(-0.50000, -0.50000, -0.50000, 0.50000)
 
 

rightHand(-0.50000, -0.50000, -0.50000, 0.50000)
 
 

rightHand(-0.50000, -0.50000, -0.50000, 0.50000)
 
 

rightHand(-0.50000, -0.50000, -0.50000, 0.50000)
 
 

rightHand(-0.50000, -0.50000, -0.50000, 0.50000)
 
 

rightHand(-0.50000, -0.50000, -0.50000, 0.50000)
 
 

rightHand(-0.50000, -0.50000, -0.50000, 0.50000)
 
 

rightHand(-0.50000, -0.50000, -0.50000, 0.50000)
 
 

rightHand(-0.50000, -0.50000, -0.50000, 0.50000)
 
 

rightHand(-0.50000, -0.50000, -0.50000, 0.50000)
 
 

rightHand(-0.50000, -0.50000, -0.50000, 0.50000)
 
 

rightHand(-0.50000, -0.50000, -0.50000, 0.50000)
 
 

rightHand(-0.50000, -0.50000, -0.50000, 0.50000)
 
 

rightHand(-0.00130, 0.99930, 0.03314, -0.01734)
 
 

rightHand(-0.00130, 0.99930, 0.03314, -0.01734)
 
 

rightHand(-0.00130, 0.99930, 0.03314, -0.01734)
 
 

rightHand(-0.00130, 0.99930, 0.03314, -0.01734)
 
 

rightHand(-0.00130, 0.99930, 0.03314, -0.01734)
 
 

rightHand(-0.00130, 0.99930, 0.03314, -0.01734)
 
 

rightHand(-0.50000, -0.50000, -0.50000, 0.50000)
 
 

rightHand(-0.50000, -0.50000, -0.50000, 0.50000)
 
 

rightHand(-0.50000, -0.50000, -0.50000, 0.50000)
 
 

rightHand(-0.50000, -0.50000, -0.50000, 0.50000)
 
 

rightHand(-0.50000, -0.50000, -0.50000, 0.50000)
 
 

rightHand(-0.50000, -0.50000, -0.50000, 0.50000)
 
 

rightHand(-0.50000, -0.50000, -0.50000, 0.50000)
 
 

rightHand(-0.50000, -0.50000, -0.50000, 0.50000)
 
 

rightHand(-0.50000, -0.50000, -0.50000, 0.50000)
 
 

rightHand(-0.50000, -0.50000, -0.50000, 0.50000)
 
 

rightHand(-0.50000, -0.50000, -0.50000, 0.50000)
 
 

rightHand(-0.50000, -0.50000, -0.50000, 0.50000)
 
 

rightHand(-0.50000, -0.50000, -0.50000, 0.50000)
 
 

rightHand(-0.50000, -0.50000, -0.50000, 0.50000)
 
 

rightHand(-0.50000, -0.50000, -0.50000, 0.50000)
 
 

rightHand(-0.50000, -0.50000, -0.50000, 0.50000)
 
 

rightHand(-0.00240, 0.99930, 0.03285, -0.01756)
 
 

rightHand(-0.00240, 0.99930, 0.03285, -0.01756)
 
 

rightHand(-0.00240, 0.99930, 0.03285, -0.01756)
 
 

rightHand(-0.00240, 0.99930, 0.03285, -0.01756)
 
 

rightHand(-0.50000, -0.50000, -0.50000, 0.50000)
 
 

rightHand(-0.50000, -0.50000, -0.50000, 0.50000)
 
 

rightHand(-0.50000, -0.50000, -0.50000, 0.50000)
 
 

rightHand(-0.50000, -0.50000, -0.50000, 0.50000)
 
 

rightHand(-0.50000, -0.50000, -0.50000, 0.50000)
 
 

rightHand(-0.50000, -0.50000, -0.50000, 0.50000)
 
 

rightHand(-0.50000, -0.50000, -0.50000, 0.50000)
 
 

rightHand(-0.50000, -0.50000, -0.50000, 0.50000)
 
 

rightHand(-0.50000, -0.50000, -0.50000, 0.50000)
 
 

rightHand(-0.50000, -0.50000, -0.50000, 0.50000)
 
 

rightHand(-0.50000, -0.50000, -0.50000, 0.50000)
 
 

rightHand(-0.50000, -0.50000, -0.50000, 0.50000)
 
 

rightHand(-0.50000, -0.50000, -0.50000, 0.50000)
 
 

rightHand(-0.50000, -0.50000, -0.50000, 0.50000)
 
 

rightHand(-0.50000, -0.50000, -0.50000, 0.50000)
 
 

rightHand(-0.50000, -0.50000, -0.50000, 0.50000)
 
 

rightHand(-0.00331, 0.99929, 0.03298, -0.01814)
 
 

rightHand(-0.00331, 0.99929, 0.03298, -0.01814)
 
 

rightHand(-0.00331, 0.99929, 0.03298, -0.01814)
 
 

rightHand(-0.00331, 0.99929, 0.03298, -0.01814)
 
 

rightHand(-0.50000, -0.50000, -0.50000, 0.50000)
 
 

rightHand(-0.50000, -0.50000, -0.50000, 0.50000)
 
 

rightHand(-0.50000, -0.50000, -0.50000, 0.50000)
 
 

rightHand(-0.50000, -0.50000, -0.50000, 0.50000)
 
 

rightHand(-0.50000, -0.50000, -0.50000, 0.50000)
 
 

rightHand(-0.50000, -0.50000, -0.50000, 0.50000)
 
 

rightHand(-0.50000, -0.50000, -0.50000, 0.50000)
 
 

rightHand(-0.50000, -0.50000, -0.50000, 0.50000)
 
 

rightHand(-0.00298, 0.99930, 0.03323, -0.01708)
 
 

rightHand(-0.00298, 0.99930, 0.03323, -0.01708)
 
 

rightHand(-0.00298, 0.99930, 0.03323, -0.01708)
 
 

rightHand(-0.00298, 0.99930, 0.03323, -0.01708)
 
 

rightHand(-0.50000, -0.50000, -0.50000, 0.50000)
 
 

rightHand(-0.50000, -0.50000, -0.50000, 0.50000)
 
 

rightHand(-0.50000, -0.50000, -0.50000, 0.50000)
 
 

rightHand(-0.50000, -0.50000, -0.50000, 0.50000)
 
 

rightHand(-0.50000, -0.50000, -0.50000, 0.50000)
 
 

rightHand(-0.50000, -0.50000, -0.50000, 0.50000)
 
 

rightHand(-0.50000, -0.50000, -0.50000, 0.50000)
 
 

rightHand(-0.50000, -0.50000, -0.50000, 0.50000)
 
 

rightHand(-0.00340, 0.99929, 0.03386, -0.01635)
 
 

rightHand(-0.00340, 0.99929, 0.03386, -0.01635)
 
 

rightHand(-0.00340, 0.99929, 0.03386, -0.01635)
 
 

rightHand(-0.00340, 0.99929, 0.03386, -0.01635)
 
 

rightHand(-0.00393, 0.99926, 0.03395, -0.01763)
 
 

rightHand(-0.00393, 0.99926, 0.03395, -0.01763)
 
 

rightHand(-0.00393, 0.99926, 0.03395, -0.01763)
 
 

rightHand(-0.00393, 0.99926, 0.03395, -0.01763)
 
 

rightHand(-0.00410, 0.99925, 0.03405, -0.01820)
 
 

rightHand(-0.00410, 0.99925, 0.03405, -0.01820)
 
 

rightHand(-0.00410, 0.99925, 0.03405, -0.01820)
 
 

rightHand(-0.00410, 0.99925, 0.03405, -0.01820)
 
 

rightHand(-0.00318, 0.99924, 0.03433, -0.01834)
 
 

rightHand(-0.00318, 0.99924, 0.03433, -0.01834)
 
 

rightHand(-0.00152, 0.99922, 0.03466, -0.01900)
 
 

rightHand(-0.00152, 0.99922, 0.03466, -0.01900)
 
 

rightHand(-0.00118, 0.99923, 0.03444, -0.01898)
 
 

rightHand(-0.00118, 0.99923, 0.03444, -0.01898)
 
 

rightHand(-0.00381, 0.99931, 0.03350, -0.01544)
 
 

rightHand(-0.00381, 0.99931, 0.03350, -0.01544)
 
 

rightHand(-0.00360, 0.99932, 0.03326, -0.01542)
 
 

rightHand(-0.00360, 0.99932, 0.03326, -0.01542)
 
 

rightHand(-0.00136, 0.99931, 0.03351, -0.01596)
 
 

rightHand(-0.00136, 0.99931, 0.03351, -0.01596)
 
 

rightHand(-0.00069, 0.99932, 0.03332, -0.01596)
 
 

rightHand(-0.00069, 0.99932, 0.03332, -0.01596)
 
 

rightHand(-0.00069, 0.99932, 0.03332, -0.01596)
 
 

rightHand(-0.00069, 0.99932, 0.03332, -0.01596)
 
 

rightHand(-0.00173, 0.99933, 0.03321, -0.01545)
 
 

rightHand(-0.00173, 0.99933, 0.03321, -0.01545)
 
 

rightHand(-0.00173, 0.99933, 0.03321, -0.01545)
 
 

rightHand(-0.00173, 0.99933, 0.03321, -0.01545)
 
 

rightHand(-0.50000, -0.50000, -0.50000, 0.50000)
 
 

rightHand(-0.50000, -0.50000, -0.50000, 0.50000)
 
 

rightHand(-0.50000, -0.50000, -0.50000, 0.50000)
 
 

rightHand(-0.50000, -0.50000, -0.50000, 0.50000)
 
 

rightHand(-0.50000, -0.50000, -0.50000, 0.50000)
 
 

rightHand(-0.50000, -0.50000, -0.50000, 0.50000)
 
 

rightHand(-0.50000, -0.50000, -0.50000, 0.50000)
 
 

rightHand(-0.50000, -0.50000, -0.50000, 0.50000)
 
 

rightHand(-0.00253, 0.99933, 0.03329, -0.01474)
 
 

rightHand(-0.00253, 0.99933, 0.03329, -0.01474)
 
 

rightHand(-0.00253, 0.99933, 0.03329, -0.01474)
 
 

rightHand(-0.00253, 0.99933, 0.03329, -0.01474)
 
 

rightHand(-0.50000, -0.50000, -0.50000, 0.50000)
 
 

rightHand(-0.50000, -0.50000, -0.50000, 0.50000)
 
 

rightHand(-0.50000, -0.50000, -0.50000, 0.50000)
 
 

rightHand(-0.50000, -0.50000, -0.50000, 0.50000)
 
 

rightHand(-0.50000, -0.50000, -0.50000, 0.50000)
 
 

rightHand(-0.50000, -0.50000, -0.50000, 0.50000)
 
 

rightHand(-0.50000, -0.50000, -0.50000, 0.50000)
 
 

rightHand(-0.50000, -0.50000, -0.50000, 0.50000)
 
 

rightHand(-0.00357, 0.99930, 0.03472, -0.01379)
 
 

rightHand(-0.00357, 0.99930, 0.03472, -0.01379)
 
 

rightHand(-0.00357, 0.99930, 0.03472, -0.01379)
 
 

rightHand(-0.00357, 0.99930, 0.03472, -0.01379)
 
 

rightHand(-0.50000, -0.50000, -0.50000, 0.50000)
 
 

rightHand(-0.50000, -0.50000, -0.50000, 0.50000)
 
 

rightHand(-0.50000, -0.50000, -0.50000, 0.50000)
 
 

rightHand(-0.50000, -0.50000, -0.50000, 0.50000)
 
 

rightHand(-0.50000, -0.50000, -0.50000, 0.50000)
 
 

rightHand(-0.50000, -0.50000, -0.50000, 0.50000)
 
 

rightHand(-0.50000, -0.50000, -0.50000, 0.50000)
 
 

rightHand(-0.50000, -0.50000, -0.50000, 0.50000)
 
 

rightHand(-0.50000, -0.50000, -0.50000, 0.50000)
 
 

rightHand(-0.50000, -0.50000, -0.50000, 0.50000)
 
 

rightHand(-0.50000, -0.50000, -0.50000, 0.50000)
 
 

rightHand(-0.50000, -0.50000, -0.50000, 0.50000)
 
 

rightHand(-0.50000, -0.50000, -0.50000, 0.50000)
 
 

rightHand(-0.50000, -0.50000, -0.50000, 0.50000)
 
 

rightHand(-0.50000, -0.50000, -0.50000, 0.50000)
 
 

rightHand(-0.50000, -0.50000, -0.50000, 0.50000)
 
 

rightHand(-0.00339, 0.99929, 0.03501, -0.01334)
 
 

rightHand(-0.00339, 0.99929, 0.03501, -0.01334)
 
 

rightHand(-0.00339, 0.99929, 0.03501, -0.01334)
 
 

rightHand(-0.00339, 0.99929, 0.03501, -0.01334)
 
 

rightHand(-0.50000, -0.50000, -0.50000, 0.50000)
 
 

rightHand(-0.50000, -0.50000, -0.50000, 0.50000)
 
 

rightHand(-0.50000, -0.50000, -0.50000, 0.50000)
 
 

rightHand(-0.50000, -0.50000, -0.50000, 0.50000)
 
 

rightHand(-0.50000, -0.50000, -0.50000, 0.50000)
 
 

rightHand(-0.50000, -0.50000, -0.50000, 0.50000)
 
 

rightHand(-0.50000, -0.50000, -0.50000, 0.50000)
 
 

rightHand(-0.50000, -0.50000, -0.50000, 0.50000)
 
 

rightHand(-0.50000, -0.50000, -0.50000, 0.50000)
 
 

rightHand(-0.50000, -0.50000, -0.50000, 0.50000)
 
 

rightHand(-0.50000, -0.50000, -0.50000, 0.50000)
 
 

rightHand(-0.50000, -0.50000, -0.50000, 0.50000)
 
 

rightHand(-0.50000, -0.50000, -0.50000, 0.50000)
 
 

rightHand(-0.50000, -0.50000, -0.50000, 0.50000)
 
 

rightHand(-0.50000, -0.50000, -0.50000, 0.50000)
 
 

rightHand(-0.50000, -0.50000, -0.50000, 0.50000)
 
 

rightHand(-0.00089, 0.99931, 0.03453, -0.01359)
 
 

rightHand(-0.00089, 0.99931, 0.03453, -0.01359)
 
 

rightHand(-0.00089, 0.99931, 0.03453, -0.01359)
 
 

rightHand(-0.00089, 0.99931, 0.03453, -0.01359)
 
 

rightHand(-0.50000, -0.50000, -0.50000, 0.50000)
 
 

rightHand(-0.50000, -0.50000, -0.50000, 0.50000)
 
 

rightHand(-0.50000, -0.50000, -0.50000, 0.50000)
 
 

rightHand(-0.50000, -0.50000, -0.50000, 0.50000)
 
 

rightHand(-0.50000, -0.50000, -0.50000, 0.50000)
 
 

rightHand(-0.50000, -0.50000, -0.50000, 0.50000)
 
 

rightHand(-0.50000, -0.50000, -0.50000, 0.50000)
 
 

rightHand(-0.50000, -0.50000, -0.50000, 0.50000)
 
 

rightHand(-0.50000, -0.50000, -0.50000, 0.50000)
 
 

rightHand(-0.50000, -0.50000, -0.50000, 0.50000)
 
 

rightHand(-0.50000, -0.50000, -0.50000, 0.50000)
 
 

rightHand(-0.50000, -0.50000, -0.50000, 0.50000)
 
 

rightHand(-0.50000, -0.50000, -0.50000, 0.50000)
 
 

rightHand(-0.50000, -0.50000, -0.50000, 0.50000)
 
 

rightHand(-0.50000, -0.50000, -0.50000, 0.50000)
 
 

rightHand(-0.50000, -0.50000, -0.50000, 0.50000)
 
 

rightHand(0.00140, 0.99931, 0.03388, -0.01492)
 
 

rightHand(0.00140, 0.99931, 0.03388, -0.01492)
 
 

rightHand(0.00140, 0.99931, 0.03388, -0.01492)
 
 

rightHand(0.00140, 0.99931, 0.03388, -0.01492)
 
 

rightHand(0.00140, 0.99931, 0.03388, -0.01492)
 
 

rightHand(0.00140, 0.99931, 0.03388, -0.01492)
 
 

rightHand(-0.50000, -0.50000, -0.50000, 0.50000)
 
 

rightHand(-0.50000, -0.50000, -0.50000, 0.50000)
 
 

rightHand(-0.50000, -0.50000, -0.50000, 0.50000)
 
 

rightHand(-0.50000, -0.50000, -0.50000, 0.50000)
 
 

rightHand(-0.50000, -0.50000, -0.50000, 0.50000)
 
 

rightHand(-0.50000, -0.50000, -0.50000, 0.50000)
 
 

rightHand(-0.50000, -0.50000, -0.50000, 0.50000)
 
 

rightHand(-0.50000, -0.50000, -0.50000, 0.50000)
 
 

rightHand(-0.50000, -0.50000, -0.50000, 0.50000)
 
 

rightHand(-0.50000, -0.50000, -0.50000, 0.50000)
 
 

rightHand(-0.50000, -0.50000, -0.50000, 0.50000)
 
 

rightHand(-0.50000, -0.50000, -0.50000, 0.50000)
 
 

rightHand(-0.50000, -0.50000, -0.50000, 0.50000)
 
 

rightHand(-0.50000, -0.50000, -0.50000, 0.50000)
 
 

rightHand(-0.50000, -0.50000, -0.50000, 0.50000)
 
 

rightHand(-0.50000, -0.50000, -0.50000, 0.50000)
 
 

rightHand(0.00001, 0.99931, 0.03355, -0.01595)
 
 

rightHand(0.00001, 0.99931, 0.03355, -0.01595)
 
 

rightHand(0.00001, 0.99931, 0.03355, -0.01595)
 
 

rightHand(0.00001, 0.99931, 0.03355, -0.01595)
 
 

rightHand(0.00001, 0.99931, 0.03355, -0.01595)
 
 

rightHand(0.00001, 0.99931, 0.03355, -0.01595)
 
 

rightHand(-0.50000, -0.50000, -0.50000, 0.50000)
 
 

rightHand(-0.50000, -0.50000, -0.50000, 0.50000)
 
 

rightHand(-0.50000, -0.50000, -0.50000, 0.50000)
 
 

rightHand(-0.50000, -0.50000, -0.50000, 0.50000)
 
 

rightHand(-0.50000, -0.50000, -0.50000, 0.50000)
 
 

rightHand(-0.50000, -0.50000, -0.50000, 0.50000)
 
 

rightHand(-0.50000, -0.50000, -0.50000, 0.50000)
 
 

rightHand(-0.50000, -0.50000, -0.50000, 0.50000)
 
 

rightHand(-0.50000, -0.50000, -0.50000, 0.50000)
 
 

rightHand(-0.50000, -0.50000, -0.50000, 0.50000)
 
 

rightHand(-0.50000, -0.50000, -0.50000, 0.50000)
 
 

rightHand(-0.50000, -0.50000, -0.50000, 0.50000)
 
 

rightHand(-0.50000, -0.50000, -0.50000, 0.50000)
 
 

rightHand(-0.50000, -0.50000, -0.50000, 0.50000)
 
 

rightHand(-0.50000, -0.50000, -0.50000, 0.50000)
 
 

rightHand(-0.50000, -0.50000, -0.50000, 0.50000)
 
 

rightHand(-0.00056, 0.99932, 0.03351, -0.01514)
 
 

rightHand(-0.00056, 0.99932, 0.03351, -0.01514)
 
 

rightHand(-0.00056, 0.99932, 0.03351, -0.01514)
 
 

rightHand(-0.00056, 0.99932, 0.03351, -0.01514)
 
 

rightHand(-0.00056, 0.99932, 0.03351, -0.01514)
 
 

rightHand(-0.00056, 0.99932, 0.03351, -0.01514)
 
 

rightHand(-0.00056, 0.99932, 0.03351, -0.01514)
 
 

rightHand(-0.00056, 0.99932, 0.03351, -0.01514)
 
 

rightHand(-0.50000, -0.50000, -0.50000, 0.50000)
 
 

rightHand(-0.50000, -0.50000, -0.50000, 0.50000)
 
 

rightHand(-0.50000, -0.50000, -0.50000, 0.50000)
 
 

rightHand(-0.50000, -0.50000, -0.50000, 0.50000)
 
 

rightHand(-0.50000, -0.50000, -0.50000, 0.50000)
 
 

rightHand(-0.50000, -0.50000, -0.50000, 0.50000)
 
 

rightHand(-0.50000, -0.50000, -0.50000, 0.50000)
 
 

rightHand(-0.50000, -0.50000, -0.50000, 0.50000)
 
 

rightHand(-0.50000, -0.50000, -0.50000, 0.50000)
 
 

rightHand(-0.50000, -0.50000, -0.50000, 0.50000)
 
 

rightHand(-0.50000, -0.50000, -0.50000, 0.50000)
 
 

rightHand(-0.50000, -0.50000, -0.50000, 0.50000)
 
 

rightHand(-0.50000, -0.50000, -0.50000, 0.50000)
 
 

rightHand(-0.50000, -0.50000, -0.50000, 0.50000)
 
 

rightHand(-0.50000, -0.50000, -0.50000, 0.50000)
 
 

rightHand(-0.50000, -0.50000, -0.50000, 0.50000)
 
 

rightHand(0.00110, 0.99934, 0.03359, -0.01371)
 
 

rightHand(0.00110, 0.99934, 0.03359, -0.01371)
 
 

rightHand(0.00110, 0.99934, 0.03359, -0.01371)
 
 

rightHand(0.00110, 0.99934, 0.03359, -0.01371)
 
 

rightHand(0.00110, 0.99934, 0.03359, -0.01371)
 
 

rightHand(0.00110, 0.99934, 0.03359, -0.01371)
 
 

rightHand(0.00110, 0.99934, 0.03359, -0.01371)
 
 

rightHand(0.00110, 0.99934, 0.03359, -0.01371)
 
 

rightHand(-0.50000, -0.50000, -0.50000, 0.50000)
 
 

rightHand(-0.50000, -0.50000, -0.50000, 0.50000)
 
 

rightHand(-0.50000, -0.50000, -0.50000, 0.50000)
 
 

rightHand(-0.50000, -0.50000, -0.50000, 0.50000)
 
 

rightHand(-0.50000, -0.50000, -0.50000, 0.50000)
 
 

rightHand(-0.50000, -0.50000, -0.50000, 0.50000)
 
 

rightHand(-0.50000, -0.50000, -0.50000, 0.50000)
 
 

rightHand(-0.50000, -0.50000, -0.50000, 0.50000)
 
 

rightHand(-0.50000, -0.50000, -0.50000, 0.50000)
 
 

rightHand(-0.50000, -0.50000, -0.50000, 0.50000)
 
 

rightHand(-0.50000, -0.50000, -0.50000, 0.50000)
 
 

rightHand(-0.50000, -0.50000, -0.50000, 0.50000)
 
 

rightHand(-0.50000, -0.50000, -0.50000, 0.50000)
 
 

rightHand(-0.50000, -0.50000, -0.50000, 0.50000)
 
 

rightHand(-0.50000, -0.50000, -0.50000, 0.50000)
 
 

rightHand(-0.50000, -0.50000, -0.50000, 0.50000)
 
 

rightHand(0.00045, 0.99933, 0.03366, -0.01410)
 
 

rightHand(0.00045, 0.99933, 0.03366, -0.01410)
 
 

rightHand(0.00045, 0.99933, 0.03366, -0.01410)
 
 

rightHand(0.00045, 0.99933, 0.03366, -0.01410)
 
 

rightHand(0.00045, 0.99933, 0.03366, -0.01410)
 
 

rightHand(0.00045, 0.99933, 0.03366, -0.01410)
 
 

rightHand(0.00045, 0.99933, 0.03366, -0.01410)
 
 

rightHand(0.00045, 0.99933, 0.03366, -0.01410)
 
 

rightHand(-0.50000, -0.50000, -0.50000, 0.50000)
 
 

rightHand(-0.50000, -0.50000, -0.50000, 0.50000)
 
 

rightHand(-0.50000, -0.50000, -0.50000, 0.50000)
 
 

rightHand(-0.50000, -0.50000, -0.50000, 0.50000)
 
 

rightHand(-0.50000, -0.50000, -0.50000, 0.50000)
 
 

rightHand(-0.50000, -0.50000, -0.50000, 0.50000)
 
 

rightHand(-0.50000, -0.50000, -0.50000, 0.50000)
 
 

rightHand(-0.50000, -0.50000, -0.50000, 0.50000)
 
 

rightHand(-0.50000, -0.50000, -0.50000, 0.50000)
 
 

rightHand(-0.50000, -0.50000, -0.50000, 0.50000)
 
 

rightHand(-0.50000, -0.50000, -0.50000, 0.50000)
 
 

rightHand(-0.50000, -0.50000, -0.50000, 0.50000)
 
 

rightHand(-0.50000, -0.50000, -0.50000, 0.50000)
 
 

rightHand(-0.50000, -0.50000, -0.50000, 0.50000)
 
 

rightHand(-0.50000, -0.50000, -0.50000, 0.50000)
 
 

rightHand(-0.50000, -0.50000, -0.50000, 0.50000)
 
 

rightHand(-0.00108, 0.99933, 0.03379, -0.01419)
 
 

rightHand(-0.00108, 0.99933, 0.03379, -0.01419)
 
 

rightHand(-0.00108, 0.99933, 0.03379, -0.01419)
 
 

rightHand(-0.00108, 0.99933, 0.03379, -0.01419)
 
 

rightHand(-0.00108, 0.99933, 0.03379, -0.01419)
 
 

rightHand(-0.00108, 0.99933, 0.03379, -0.01419)
 
 

rightHand(-0.00108, 0.99933, 0.03379, -0.01419)
 
 

rightHand(-0.00108, 0.99933, 0.03379, -0.01419)
 
 

rightHand(-0.50000, -0.50000, -0.50000, 0.50000)
 
 

rightHand(-0.50000, -0.50000, -0.50000, 0.50000)
 
 

rightHand(-0.50000, -0.50000, -0.50000, 0.50000)
 
 

rightHand(-0.50000, -0.50000, -0.50000, 0.50000)
 
 

rightHand(-0.50000, -0.50000, -0.50000, 0.50000)
 
 

rightHand(-0.50000, -0.50000, -0.50000, 0.50000)
 
 

rightHand(-0.50000, -0.50000, -0.50000, 0.50000)
 
 

rightHand(-0.50000, -0.50000, -0.50000, 0.50000)
 
 

rightHand(-0.50000, -0.50000, -0.50000, 0.50000)
 
 

rightHand(-0.50000, -0.50000, -0.50000, 0.50000)
 
 

rightHand(-0.50000, -0.50000, -0.50000, 0.50000)
 
 

rightHand(-0.50000, -0.50000, -0.50000, 0.50000)
 
 

rightHand(-0.50000, -0.50000, -0.50000, 0.50000)
 
 

rightHand(-0.50000, -0.50000, -0.50000, 0.50000)
 
 

rightHand(-0.50000, -0.50000, -0.50000, 0.50000)
 
 

rightHand(-0.50000, -0.50000, -0.50000, 0.50000)
 
 

rightHand(-0.00095, 0.99933, 0.03392, -0.01383)
 
 

rightHand(-0.00095, 0.99933, 0.03392, -0.01383)
 
 

rightHand(-0.00095, 0.99933, 0.03392, -0.01383)
 
 

rightHand(-0.00095, 0.99933, 0.03392, -0.01383)
 
 

rightHand(-0.00095, 0.99933, 0.03392, -0.01383)
 
 

rightHand(-0.00095, 0.99933, 0.03392, -0.01383)
 
 

rightHand(-0.00095, 0.99933, 0.03392, -0.01383)
 
 

rightHand(-0.00095, 0.99933, 0.03392, -0.01383)
 
 

rightHand(-0.50000, -0.50000, -0.50000, 0.50000)
 
 

rightHand(-0.50000, -0.50000, -0.50000, 0.50000)
 
 

rightHand(-0.50000, -0.50000, -0.50000, 0.50000)
 
 

rightHand(-0.50000, -0.50000, -0.50000, 0.50000)
 
 

rightHand(-0.50000, -0.50000, -0.50000, 0.50000)
 
 

rightHand(-0.50000, -0.50000, -0.50000, 0.50000)
 
 

rightHand(-0.50000, -0.50000, -0.50000, 0.50000)
 
 

rightHand(-0.50000, -0.50000, -0.50000, 0.50000)
 
 

rightHand(-0.50000, -0.50000, -0.50000, 0.50000)
 
 

rightHand(-0.50000, -0.50000, -0.50000, 0.50000)
 
 

rightHand(-0.50000, -0.50000, -0.50000, 0.50000)
 
 

rightHand(-0.50000, -0.50000, -0.50000, 0.50000)
 
 

rightHand(-0.50000, -0.50000, -0.50000, 0.50000)
 
 

rightHand(-0.50000, -0.50000, -0.50000, 0.50000)
 
 

rightHand(-0.50000, -0.50000, -0.50000, 0.50000)
 
 

rightHand(-0.50000, -0.50000, -0.50000, 0.50000)
 
 

rightHand(-0.00043, 0.99933, 0.03393, -0.01395)
 
 

rightHand(-0.00043, 0.99933, 0.03393, -0.01395)
 
 

rightHand(-0.00043, 0.99933, 0.03393, -0.01395)
 
 

rightHand(-0.00043, 0.99933, 0.03393, -0.01395)
 
 

rightHand(-0.00043, 0.99933, 0.03393, -0.01395)
 
 

rightHand(-0.00043, 0.99933, 0.03393, -0.01395)
 
 

rightHand(-0.00043, 0.99933, 0.03393, -0.01395)
 
 

rightHand(-0.00043, 0.99933, 0.03393, -0.01395)
 
 

rightHand(-0.50000, -0.50000, -0.50000, 0.50000)
 
 

rightHand(-0.50000, -0.50000, -0.50000, 0.50000)
 
 

rightHand(-0.50000, -0.50000, -0.50000, 0.50000)
 
 

rightHand(-0.50000, -0.50000, -0.50000, 0.50000)
 
 

rightHand(-0.50000, -0.50000, -0.50000, 0.50000)
 
 

rightHand(-0.50000, -0.50000, -0.50000, 0.50000)
 
 

rightHand(-0.50000, -0.50000, -0.50000, 0.50000)
 
 

rightHand(-0.50000, -0.50000, -0.50000, 0.50000)
 
 

rightHand(-0.50000, -0.50000, -0.50000, 0.50000)
 
 

rightHand(-0.50000, -0.50000, -0.50000, 0.50000)
 
 

rightHand(-0.50000, -0.50000, -0.50000, 0.50000)
 
 

rightHand(-0.50000, -0.50000, -0.50000, 0.50000)
 
 

rightHand(-0.50000, -0.50000, -0.50000, 0.50000)
 
 

rightHand(-0.50000, -0.50000, -0.50000, 0.50000)
 
 

rightHand(-0.50000, -0.50000, -0.50000, 0.50000)
 
 

rightHand(-0.50000, -0.50000, -0.50000, 0.50000)
 
 

rightHand(0.00149, 0.99932, 0.03401, -0.01443)
 
 

rightHand(0.00149, 0.99932, 0.03401, -0.01443)
 
 

rightHand(0.00149, 0.99932, 0.03401, -0.01443)
 
 

rightHand(0.00149, 0.99932, 0.03401, -0.01443)
 
 

rightHand(0.00149, 0.99932, 0.03401, -0.01443)
 
 

rightHand(0.00149, 0.99932, 0.03401, -0.01443)
 
 

rightHand(0.00149, 0.99932, 0.03401, -0.01443)
 
 

rightHand(0.00149, 0.99932, 0.03401, -0.01443)
 
 

rightHand(-0.50000, -0.50000, -0.50000, 0.50000)
 
 

rightHand(-0.50000, -0.50000, -0.50000, 0.50000)
 
 

rightHand(-0.50000, -0.50000, -0.50000, 0.50000)
 
 

rightHand(-0.50000, -0.50000, -0.50000, 0.50000)
 
 

rightHand(-0.50000, -0.50000, -0.50000, 0.50000)
 
 

rightHand(-0.50000, -0.50000, -0.50000, 0.50000)
 
 

rightHand(-0.50000, -0.50000, -0.50000, 0.50000)
 
 

rightHand(-0.50000, -0.50000, -0.50000, 0.50000)
 
 

rightHand(-0.50000, -0.50000, -0.50000, 0.50000)
 
 

rightHand(-0.50000, -0.50000, -0.50000, 0.50000)
 
 

rightHand(-0.50000, -0.50000, -0.50000, 0.50000)
 
 

rightHand(-0.50000, -0.50000, -0.50000, 0.50000)
 
 

rightHand(-0.50000, -0.50000, -0.50000, 0.50000)
 
 

rightHand(-0.50000, -0.50000, -0.50000, 0.50000)
 
 

rightHand(-0.50000, -0.50000, -0.50000, 0.50000)
 
 

rightHand(-0.50000, -0.50000, -0.50000, 0.50000)
 
 

rightHand(0.00129, 0.99929, 0.03479, -0.01446)
 
 

rightHand(0.00129, 0.99929, 0.03479, -0.01446)
 
 

rightHand(0.00129, 0.99929, 0.03479, -0.01446)
 
 

rightHand(0.00129, 0.99929, 0.03479, -0.01446)
 
 

rightHand(0.00129, 0.99929, 0.03479, -0.01446)
 
 

rightHand(0.00129, 0.99929, 0.03479, -0.01446)
 
 

rightHand(0.00129, 0.99929, 0.03479, -0.01446)
 
 

rightHand(0.00129, 0.99929, 0.03479, -0.01446)
 
 

rightHand(-0.50000, -0.50000, -0.50000, 0.50000)
 
 

rightHand(-0.50000, -0.50000, -0.50000, 0.50000)
 
 

rightHand(-0.50000, -0.50000, -0.50000, 0.50000)
 
 

rightHand(-0.50000, -0.50000, -0.50000, 0.50000)
 
 

rightHand(-0.50000, -0.50000, -0.50000, 0.50000)
 
 

rightHand(-0.50000, -0.50000, -0.50000, 0.50000)
 
 

rightHand(-0.50000, -0.50000, -0.50000, 0.50000)
 
 

rightHand(-0.50000, -0.50000, -0.50000, 0.50000)
 
 

rightHand(-0.50000, -0.50000, -0.50000, 0.50000)
 
 

rightHand(-0.50000, -0.50000, -0.50000, 0.50000)
 
 

rightHand(-0.50000, -0.50000, -0.50000, 0.50000)
 
 

rightHand(-0.50000, -0.50000, -0.50000, 0.50000)
 
 

rightHand(-0.50000, -0.50000, -0.50000, 0.50000)
 
 

rightHand(-0.50000, -0.50000, -0.50000, 0.50000)
 
 

rightHand(-0.50000, -0.50000, -0.50000, 0.50000)
 
 

rightHand(-0.50000, -0.50000, -0.50000, 0.50000)
 
 

rightHand(0.00165, 0.99927, 0.03586, -0.01301)
 
 

rightHand(0.00165, 0.99927, 0.03586, -0.01301)
 
 

rightHand(0.00165, 0.99927, 0.03586, -0.01301)
 
 

rightHand(0.00165, 0.99927, 0.03586, -0.01301)
 
 

rightHand(0.00165, 0.99927, 0.03586, -0.01301)
 
 

rightHand(0.00165, 0.99927, 0.03586, -0.01301)
 
 

rightHand(0.00165, 0.99927, 0.03586, -0.01301)
 
 

rightHand(0.00165, 0.99927, 0.03586, -0.01301)
 
 

rightHand(-0.50000, -0.50000, -0.50000, 0.50000)
 
 

rightHand(-0.50000, -0.50000, -0.50000, 0.50000)
 
 

rightHand(-0.50000, -0.50000, -0.50000, 0.50000)
 
 

rightHand(-0.50000, -0.50000, -0.50000, 0.50000)
 
 

rightHand(-0.50000, -0.50000, -0.50000, 0.50000)
 
 

rightHand(-0.50000, -0.50000, -0.50000, 0.50000)
 
 

rightHand(-0.50000, -0.50000, -0.50000, 0.50000)
 
 

rightHand(-0.50000, -0.50000, -0.50000, 0.50000)
 
 

rightHand(-0.50000, -0.50000, -0.50000, 0.50000)
 
 

rightHand(-0.50000, -0.50000, -0.50000, 0.50000)
 
 

rightHand(-0.50000, -0.50000, -0.50000, 0.50000)
 
 

rightHand(-0.50000, -0.50000, -0.50000, 0.50000)
 
 

rightHand(-0.50000, -0.50000, -0.50000, 0.50000)
 
 

rightHand(-0.50000, -0.50000, -0.50000, 0.50000)
 
 

rightHand(-0.50000, -0.50000, -0.50000, 0.50000)
 
 

rightHand(-0.50000, -0.50000, -0.50000, 0.50000)
 
 

rightHand(0.00457, 0.99922, 0.03708, -0.01282)
 
 

rightHand(0.00457, 0.99922, 0.03708, -0.01282)
 
 

rightHand(0.00457, 0.99922, 0.03708, -0.01282)
 
 

rightHand(0.00457, 0.99922, 0.03708, -0.01282)
 
 

rightHand(0.00457, 0.99922, 0.03708, -0.01282)
 
 

rightHand(0.00457, 0.99922, 0.03708, -0.01282)
 
 

rightHand(0.00457, 0.99922, 0.03708, -0.01282)
 
 

rightHand(0.00457, 0.99922, 0.03708, -0.01282)
 
 

rightHand(-0.50000, -0.50000, -0.50000, 0.50000)
 
 

rightHand(-0.50000, -0.50000, -0.50000, 0.50000)
 
 

rightHand(-0.50000, -0.50000, -0.50000, 0.50000)
 
 

rightHand(-0.50000, -0.50000, -0.50000, 0.50000)
 
 

rightHand(-0.50000, -0.50000, -0.50000, 0.50000)
 
 

rightHand(-0.50000, -0.50000, -0.50000, 0.50000)
 
 

rightHand(-0.50000, -0.50000, -0.50000, 0.50000)
 
 

rightHand(-0.50000, -0.50000, -0.50000, 0.50000)
 
 

rightHand(-0.50000, -0.50000, -0.50000, 0.50000)
 
 

rightHand(-0.50000, -0.50000, -0.50000, 0.50000)
 
 

rightHand(-0.50000, -0.50000, -0.50000, 0.50000)
 
 

rightHand(-0.50000, -0.50000, -0.50000, 0.50000)
 
 

rightHand(-0.50000, -0.50000, -0.50000, 0.50000)
 
 

rightHand(-0.50000, -0.50000, -0.50000, 0.50000)
 
 

rightHand(-0.50000, -0.50000, -0.50000, 0.50000)
 
 

rightHand(-0.50000, -0.50000, -0.50000, 0.50000)
 
 

rightHand(0.00854, 0.99911, 0.03855, -0.01477)
 
 

rightHand(0.00854, 0.99911, 0.03855, -0.01477)
 
 

rightHand(0.00854, 0.99911, 0.03855, -0.01477)
 
 

rightHand(0.00854, 0.99911, 0.03855, -0.01477)
 
 

rightHand(0.00854, 0.99911, 0.03855, -0.01477)
 
 

rightHand(0.00854, 0.99911, 0.03855, -0.01477)
 
 

rightHand(0.00854, 0.99911, 0.03855, -0.01477)
 
 

rightHand(0.00854, 0.99911, 0.03855, -0.01477)
 
 

rightHand(-0.50000, -0.50000, -0.50000, 0.50000)
 
 

rightHand(-0.50000, -0.50000, -0.50000, 0.50000)
 
 

rightHand(-0.50000, -0.50000, -0.50000, 0.50000)
 
 

rightHand(-0.50000, -0.50000, -0.50000, 0.50000)
 
 

rightHand(-0.50000, -0.50000, -0.50000, 0.50000)
 
 

rightHand(-0.50000, -0.50000, -0.50000, 0.50000)
 
 

rightHand(-0.50000, -0.50000, -0.50000, 0.50000)
 
 

rightHand(-0.50000, -0.50000, -0.50000, 0.50000)
 
 

rightHand(-0.50000, -0.50000, -0.50000, 0.50000)
 
 

rightHand(-0.50000, -0.50000, -0.50000, 0.50000)
 
 

rightHand(-0.50000, -0.50000, -0.50000, 0.50000)
 
 

rightHand(-0.50000, -0.50000, -0.50000, 0.50000)
 
 

rightHand(-0.50000, -0.50000, -0.50000, 0.50000)
 
 

rightHand(-0.50000, -0.50000, -0.50000, 0.50000)
 
 

rightHand(-0.50000, -0.50000, -0.50000, 0.50000)
 
 

rightHand(-0.50000, -0.50000, -0.50000, 0.50000)
 
 

rightHand(0.00166, 0.99907, 0.04043, -0.01515)
 
 

rightHand(0.00166, 0.99907, 0.04043, -0.01515)
 
 

rightHand(0.00166, 0.99907, 0.04043, -0.01515)
 
 

rightHand(0.00166, 0.99907, 0.04043, -0.01515)
 
 

rightHand(0.00166, 0.99907, 0.04043, -0.01515)
 
 

rightHand(0.00166, 0.99907, 0.04043, -0.01515)
 
 

rightHand(0.00166, 0.99907, 0.04043, -0.01515)
 
 

rightHand(0.00166, 0.99907, 0.04043, -0.01515)
 
 

rightHand(-0.50000, -0.50000, -0.50000, 0.50000)
 
 

rightHand(-0.50000, -0.50000, -0.50000, 0.50000)
 
 

rightHand(-0.50000, -0.50000, -0.50000, 0.50000)
 
 

rightHand(-0.50000, -0.50000, -0.50000, 0.50000)
 
 

rightHand(-0.50000, -0.50000, -0.50000, 0.50000)
 
 

rightHand(-0.50000, -0.50000, -0.50000, 0.50000)
 
 

rightHand(-0.50000, -0.50000, -0.50000, 0.50000)
 
 

rightHand(-0.50000, -0.50000, -0.50000, 0.50000)
 
 

rightHand(-0.50000, -0.50000, -0.50000, 0.50000)
 
 

rightHand(-0.50000, -0.50000, -0.50000, 0.50000)
 
 

rightHand(-0.50000, -0.50000, -0.50000, 0.50000)
 
 

rightHand(-0.50000, -0.50000, -0.50000, 0.50000)
 
 

rightHand(-0.50000, -0.50000, -0.50000, 0.50000)
 
 

rightHand(-0.50000, -0.50000, -0.50000, 0.50000)
 
 

rightHand(-0.50000, -0.50000, -0.50000, 0.50000)
 
 

rightHand(-0.50000, -0.50000, -0.50000, 0.50000)
 
 

rightHand(-0.00263, 0.99912, 0.03915, -0.01485)
 
 

rightHand(-0.00263, 0.99912, 0.03915, -0.01485)
 
 

rightHand(-0.00263, 0.99912, 0.03915, -0.01485)
 
 

rightHand(-0.00263, 0.99912, 0.03915, -0.01485)
 
 

rightHand(-0.00263, 0.99912, 0.03915, -0.01485)
 
 

rightHand(-0.00263, 0.99912, 0.03915, -0.01485)
 
 

rightHand(-0.00263, 0.99912, 0.03915, -0.01485)
 
 

rightHand(-0.00263, 0.99912, 0.03915, -0.01485)
 
 

rightHand(-0.50000, -0.50000, -0.50000, 0.50000)
 
 

rightHand(-0.50000, -0.50000, -0.50000, 0.50000)
 
 

rightHand(-0.50000, -0.50000, -0.50000, 0.50000)
 
 

rightHand(-0.50000, -0.50000, -0.50000, 0.50000)
 
 

rightHand(-0.50000, -0.50000, -0.50000, 0.50000)
 
 

rightHand(-0.50000, -0.50000, -0.50000, 0.50000)
 
 

rightHand(-0.50000, -0.50000, -0.50000, 0.50000)
 
 

rightHand(-0.50000, -0.50000, -0.50000, 0.50000)
 
 

rightHand(-0.50000, -0.50000, -0.50000, 0.50000)
 
 

rightHand(-0.50000, -0.50000, -0.50000, 0.50000)
 
 

rightHand(-0.50000, -0.50000, -0.50000, 0.50000)
 
 

rightHand(-0.50000, -0.50000, -0.50000, 0.50000)
 
 

rightHand(-0.50000, -0.50000, -0.50000, 0.50000)
 
 

rightHand(-0.50000, -0.50000, -0.50000, 0.50000)
 
 

rightHand(-0.50000, -0.50000, -0.50000, 0.50000)
 
 

rightHand(-0.50000, -0.50000, -0.50000, 0.50000)
 
 

rightHand(-0.00574, 0.99914, 0.03872, -0.01350)
 
 

rightHand(-0.00574, 0.99914, 0.03872, -0.01350)
 
 

rightHand(-0.00574, 0.99914, 0.03872, -0.01350)
 
 

rightHand(-0.00574, 0.99914, 0.03872, -0.01350)
 
 

rightHand(-0.00574, 0.99914, 0.03872, -0.01350)
 
 

rightHand(-0.00574, 0.99914, 0.03872, -0.01350)
 
 

rightHand(-0.00574, 0.99914, 0.03872, -0.01350)
 
 

rightHand(-0.00574, 0.99914, 0.03872, -0.01350)
 
 

rightHand(-0.50000, -0.50000, -0.50000, 0.50000)
 
 

rightHand(-0.50000, -0.50000, -0.50000, 0.50000)
 
 

rightHand(-0.50000, -0.50000, -0.50000, 0.50000)
 
 

rightHand(-0.50000, -0.50000, -0.50000, 0.50000)
 
 

rightHand(-0.50000, -0.50000, -0.50000, 0.50000)
 
 

rightHand(-0.50000, -0.50000, -0.50000, 0.50000)
 
 

rightHand(-0.50000, -0.50000, -0.50000, 0.50000)
 
 

rightHand(-0.50000, -0.50000, -0.50000, 0.50000)
 
 

rightHand(-0.50000, -0.50000, -0.50000, 0.50000)
 
 

rightHand(-0.50000, -0.50000, -0.50000, 0.50000)
 
 

rightHand(-0.50000, -0.50000, -0.50000, 0.50000)
 
 

rightHand(-0.50000, -0.50000, -0.50000, 0.50000)
 
 

rightHand(-0.50000, -0.50000, -0.50000, 0.50000)
 
 

rightHand(-0.50000, -0.50000, -0.50000, 0.50000)
 
 

rightHand(-0.50000, -0.50000, -0.50000, 0.50000)
 
 

rightHand(-0.50000, -0.50000, -0.50000, 0.50000)
 
 

rightHand(-0.00378, 0.99916, 0.03846, -0.01394)
 
 

rightHand(-0.00378, 0.99916, 0.03846, -0.01394)
 
 

rightHand(-0.00378, 0.99916, 0.03846, -0.01394)
 
 

rightHand(-0.00378, 0.99916, 0.03846, -0.01394)
 
 

rightHand(-0.00378, 0.99916, 0.03846, -0.01394)
 
 

rightHand(-0.00378, 0.99916, 0.03846, -0.01394)
 
 

rightHand(-0.00378, 0.99916, 0.03846, -0.01394)
 
 

rightHand(-0.00378, 0.99916, 0.03846, -0.01394)
 
 

rightHand(-0.50000, -0.50000, -0.50000, 0.50000)
 
 

rightHand(-0.50000, -0.50000, -0.50000, 0.50000)
 
 

rightHand(-0.50000, -0.50000, -0.50000, 0.50000)
 
 

rightHand(-0.50000, -0.50000, -0.50000, 0.50000)
 
 

rightHand(-0.50000, -0.50000, -0.50000, 0.50000)
 
 

rightHand(-0.50000, -0.50000, -0.50000, 0.50000)
 
 

rightHand(-0.50000, -0.50000, -0.50000, 0.50000)
 
 

rightHand(-0.50000, -0.50000, -0.50000, 0.50000)
 
 

rightHand(-0.50000, -0.50000, -0.50000, 0.50000)
 
 

rightHand(-0.50000, -0.50000, -0.50000, 0.50000)
 
 

rightHand(-0.50000, -0.50000, -0.50000, 0.50000)
 
 

rightHand(-0.50000, -0.50000, -0.50000, 0.50000)
 
 

rightHand(-0.50000, -0.50000, -0.50000, 0.50000)
 
 

rightHand(-0.50000, -0.50000, -0.50000, 0.50000)
 
 

rightHand(-0.50000, -0.50000, -0.50000, 0.50000)
 
 

rightHand(-0.50000, -0.50000, -0.50000, 0.50000)
 
 

rightHand(0.00243, 0.99919, 0.03803, -0.01258)
 
 

rightHand(0.00243, 0.99919, 0.03803, -0.01258)
 
 

rightHand(0.00243, 0.99919, 0.03803, -0.01258)
 
 

rightHand(0.00243, 0.99919, 0.03803, -0.01258)
 
 

rightHand(0.00243, 0.99919, 0.03803, -0.01258)
 
 

rightHand(0.00243, 0.99919, 0.03803, -0.01258)
 
 

rightHand(0.00243, 0.99919, 0.03803, -0.01258)
 
 

rightHand(0.00243, 0.99919, 0.03803, -0.01258)
 
 

rightHand(-0.50000, -0.50000, -0.50000, 0.50000)
 
 

rightHand(-0.50000, -0.50000, -0.50000, 0.50000)
 
 

rightHand(-0.50000, -0.50000, -0.50000, 0.50000)
 
 

rightHand(-0.50000, -0.50000, -0.50000, 0.50000)
 
 

rightHand(-0.50000, -0.50000, -0.50000, 0.50000)
 
 

rightHand(-0.50000, -0.50000, -0.50000, 0.50000)
 
 

rightHand(-0.50000, -0.50000, -0.50000, 0.50000)
 
 

rightHand(-0.50000, -0.50000, -0.50000, 0.50000)
 
 

rightHand(-0.50000, -0.50000, -0.50000, 0.50000)
 
 

rightHand(-0.50000, -0.50000, -0.50000, 0.50000)
 
 

rightHand(-0.50000, -0.50000, -0.50000, 0.50000)
 
 

rightHand(-0.50000, -0.50000, -0.50000, 0.50000)
 
 

rightHand(-0.50000, -0.50000, -0.50000, 0.50000)
 
 

rightHand(-0.50000, -0.50000, -0.50000, 0.50000)
 
 

rightHand(-0.50000, -0.50000, -0.50000, 0.50000)
 
 

rightHand(-0.50000, -0.50000, -0.50000, 0.50000)
 
 

rightHand(0.00178, 0.99922, 0.03773, -0.01160)
 
 

rightHand(0.00178, 0.99922, 0.03773, -0.01160)
 
 

rightHand(0.00178, 0.99922, 0.03773, -0.01160)
 
 

rightHand(0.00178, 0.99922, 0.03773, -0.01160)
 
 

rightHand(0.00178, 0.99922, 0.03773, -0.01160)
 
 

rightHand(0.00178, 0.99922, 0.03773, -0.01160)
 
 

rightHand(0.00178, 0.99922, 0.03773, -0.01160)
 
 

rightHand(0.00178, 0.99922, 0.03773, -0.01160)
 
 

rightHand(-0.50000, -0.50000, -0.50000, 0.50000)
 
 

rightHand(-0.50000, -0.50000, -0.50000, 0.50000)
 
 

rightHand(-0.50000, -0.50000, -0.50000, 0.50000)
 
 

rightHand(-0.50000, -0.50000, -0.50000, 0.50000)
 
 

rightHand(-0.50000, -0.50000, -0.50000, 0.50000)
 
 

rightHand(-0.50000, -0.50000, -0.50000, 0.50000)
 
 

rightHand(-0.50000, -0.50000, -0.50000, 0.50000)
 
 

rightHand(-0.50000, -0.50000, -0.50000, 0.50000)
 
 

rightHand(-0.50000, -0.50000, -0.50000, 0.50000)
 
 

rightHand(-0.50000, -0.50000, -0.50000, 0.50000)
 
 

rightHand(-0.50000, -0.50000, -0.50000, 0.50000)
 
 

rightHand(-0.50000, -0.50000, -0.50000, 0.50000)
 
 

rightHand(-0.50000, -0.50000, -0.50000, 0.50000)
 
 

rightHand(-0.50000, -0.50000, -0.50000, 0.50000)
 
 

rightHand(-0.50000, -0.50000, -0.50000, 0.50000)
 
 

rightHand(-0.50000, -0.50000, -0.50000, 0.50000)
 
 

rightHand(-0.00359, 0.99924, 0.03735, -0.01056)
 
 

rightHand(-0.00359, 0.99924, 0.03735, -0.01056)
 
 

rightHand(-0.00359, 0.99924, 0.03735, -0.01056)
 
 

rightHand(-0.00359, 0.99924, 0.03735, -0.01056)
 
 

rightHand(-0.00359, 0.99924, 0.03735, -0.01056)
 
 

rightHand(-0.00359, 0.99924, 0.03735, -0.01056)
 
 

rightHand(-0.00359, 0.99924, 0.03735, -0.01056)
 
 

rightHand(-0.00359, 0.99924, 0.03735, -0.01056)
 
 

rightHand(-0.50000, -0.50000, -0.50000, 0.50000)
 
 

rightHand(-0.50000, -0.50000, -0.50000, 0.50000)
 
 

rightHand(-0.50000, -0.50000, -0.50000, 0.50000)
 
 

rightHand(-0.50000, -0.50000, -0.50000, 0.50000)
 
 

rightHand(-0.50000, -0.50000, -0.50000, 0.50000)
 
 

rightHand(-0.50000, -0.50000, -0.50000, 0.50000)
 
 

rightHand(-0.50000, -0.50000, -0.50000, 0.50000)
 
 

rightHand(-0.50000, -0.50000, -0.50000, 0.50000)
 
 

rightHand(-0.50000, -0.50000, -0.50000, 0.50000)
 
 

rightHand(-0.50000, -0.50000, -0.50000, 0.50000)
 
 

rightHand(-0.50000, -0.50000, -0.50000, 0.50000)
 
 

rightHand(-0.50000, -0.50000, -0.50000, 0.50000)
 
 

rightHand(-0.50000, -0.50000, -0.50000, 0.50000)
 
 

rightHand(-0.50000, -0.50000, -0.50000, 0.50000)
 
 

rightHand(-0.50000, -0.50000, -0.50000, 0.50000)
 
 

rightHand(-0.50000, -0.50000, -0.50000, 0.50000)
 
 

rightHand(-0.00491, 0.99926, 0.03693, -0.00920)
 
 

rightHand(-0.00491, 0.99926, 0.03693, -0.00920)
 
 

rightHand(-0.00491, 0.99926, 0.03693, -0.00920)
 
 

rightHand(-0.00491, 0.99926, 0.03693, -0.00920)
 
 

rightHand(-0.00491, 0.99926, 0.03693, -0.00920)
 
 

rightHand(-0.00491, 0.99926, 0.03693, -0.00920)
 
 

rightHand(-0.50000, -0.50000, -0.50000, 0.50000)
 
 

rightHand(-0.50000, -0.50000, -0.50000, 0.50000)
 
 

rightHand(-0.50000, -0.50000, -0.50000, 0.50000)
 
 

rightHand(-0.50000, -0.50000, -0.50000, 0.50000)
 
 

rightHand(-0.50000, -0.50000, -0.50000, 0.50000)
 
 

rightHand(-0.50000, -0.50000, -0.50000, 0.50000)
 
 

rightHand(-0.50000, -0.50000, -0.50000, 0.50000)
 
 

rightHand(-0.50000, -0.50000, -0.50000, 0.50000)
 
 

rightHand(-0.50000, -0.50000, -0.50000, 0.50000)
 
 

rightHand(-0.50000, -0.50000, -0.50000, 0.50000)
 
 

rightHand(-0.50000, -0.50000, -0.50000, 0.50000)
 
 

rightHand(-0.50000, -0.50000, -0.50000, 0.50000)
 
 

rightHand(-0.50000, -0.50000, -0.50000, 0.50000)
 
 

rightHand(-0.50000, -0.50000, -0.50000, 0.50000)
 
 

rightHand(-0.50000, -0.50000, -0.50000, 0.50000)
 
 

rightHand(-0.50000, -0.50000, -0.50000, 0.50000)
 
 

rightHand(-0.00377, 0.99930, 0.03665, -0.00697)
 
 

rightHand(-0.00377, 0.99930, 0.03665, -0.00697)
 
 

rightHand(-0.00377, 0.99930, 0.03665, -0.00697)
 
 

rightHand(-0.00377, 0.99930, 0.03665, -0.00697)
 
 

rightHand(-0.00377, 0.99930, 0.03665, -0.00697)
 
 

rightHand(-0.00377, 0.99930, 0.03665, -0.00697)
 
 

rightHand(-0.50000, -0.50000, -0.50000, 0.50000)
 
 

rightHand(-0.50000, -0.50000, -0.50000, 0.50000)
 
 

rightHand(-0.50000, -0.50000, -0.50000, 0.50000)
 
 

rightHand(-0.50000, -0.50000, -0.50000, 0.50000)
 
 

rightHand(-0.50000, -0.50000, -0.50000, 0.50000)
 
 

rightHand(-0.50000, -0.50000, -0.50000, 0.50000)
 
 

rightHand(-0.50000, -0.50000, -0.50000, 0.50000)
 
 

rightHand(-0.50000, -0.50000, -0.50000, 0.50000)
 
 

rightHand(-0.50000, -0.50000, -0.50000, 0.50000)
 
 

rightHand(-0.50000, -0.50000, -0.50000, 0.50000)
 
 

rightHand(-0.50000, -0.50000, -0.50000, 0.50000)
 
 

rightHand(-0.50000, -0.50000, -0.50000, 0.50000)
 
 

rightHand(-0.50000, -0.50000, -0.50000, 0.50000)
 
 

rightHand(-0.50000, -0.50000, -0.50000, 0.50000)
 
 

rightHand(-0.50000, -0.50000, -0.50000, 0.50000)
 
 

rightHand(-0.50000, -0.50000, -0.50000, 0.50000)
 
 

rightHand(-0.00513, 0.99929, 0.03691, -0.00632)
 
 

rightHand(-0.00513, 0.99929, 0.03691, -0.00632)
 
 

rightHand(-0.00513, 0.99929, 0.03691, -0.00632)
 
 

rightHand(-0.00513, 0.99929, 0.03691, -0.00632)
 
 

rightHand(-0.50000, -0.50000, -0.50000, 0.50000)
 
 

rightHand(-0.50000, -0.50000, -0.50000, 0.50000)
 
 

rightHand(-0.50000, -0.50000, -0.50000, 0.50000)
 
 

rightHand(-0.50000, -0.50000, -0.50000, 0.50000)
 
 

rightHand(-0.50000, -0.50000, -0.50000, 0.50000)
 
 

rightHand(-0.50000, -0.50000, -0.50000, 0.50000)
 
 

rightHand(-0.50000, -0.50000, -0.50000, 0.50000)
 
 

rightHand(-0.50000, -0.50000, -0.50000, 0.50000)
 
 

rightHand(-0.50000, -0.50000, -0.50000, 0.50000)
 
 

rightHand(-0.50000, -0.50000, -0.50000, 0.50000)
 
 

rightHand(-0.50000, -0.50000, -0.50000, 0.50000)
 
 

rightHand(-0.50000, -0.50000, -0.50000, 0.50000)
 
 

rightHand(-0.50000, -0.50000, -0.50000, 0.50000)
 
 

rightHand(-0.50000, -0.50000, -0.50000, 0.50000)
 
 

rightHand(-0.50000, -0.50000, -0.50000, 0.50000)
 
 

rightHand(-0.50000, -0.50000, -0.50000, 0.50000)
 
 

rightHand(-0.00502, 0.99930, 0.03649, -0.00692)
 
 

rightHand(-0.00502, 0.99930, 0.03649, -0.00692)
 
 

rightHand(-0.00502, 0.99930, 0.03649, -0.00692)
 
 

rightHand(-0.00502, 0.99930, 0.03649, -0.00692)
 
 

rightHand(-0.50000, -0.50000, -0.50000, 0.50000)
 
 

rightHand(-0.50000, -0.50000, -0.50000, 0.50000)
 
 

rightHand(-0.50000, -0.50000, -0.50000, 0.50000)
 
 

rightHand(-0.50000, -0.50000, -0.50000, 0.50000)
 
 

rightHand(-0.50000, -0.50000, -0.50000, 0.50000)
 
 

rightHand(-0.50000, -0.50000, -0.50000, 0.50000)
 
 

rightHand(-0.50000, -0.50000, -0.50000, 0.50000)
 
 

rightHand(-0.50000, -0.50000, -0.50000, 0.50000)
 
 

rightHand(-0.50000, -0.50000, -0.50000, 0.50000)
 
 

rightHand(-0.50000, -0.50000, -0.50000, 0.50000)
 
 

rightHand(-0.50000, -0.50000, -0.50000, 0.50000)
 
 

rightHand(-0.50000, -0.50000, -0.50000, 0.50000)
 
 

rightHand(-0.00324, 0.99934, 0.03556, -0.00738)
 
 

rightHand(-0.00324, 0.99934, 0.03556, -0.00738)
 
 

rightHand(-0.00324, 0.99934, 0.03556, -0.00738)
 
 

rightHand(-0.00324, 0.99934, 0.03556, -0.00738)
 
 

rightHand(-0.50000, -0.50000, -0.50000, 0.50000)
 
 

rightHand(-0.50000, -0.50000, -0.50000, 0.50000)
 
 

rightHand(-0.50000, -0.50000, -0.50000, 0.50000)
 
 

rightHand(-0.50000, -0.50000, -0.50000, 0.50000)
 
 

rightHand(-0.50000, -0.50000, -0.50000, 0.50000)
 
 

rightHand(-0.50000, -0.50000, -0.50000, 0.50000)
 
 

rightHand(-0.50000, -0.50000, -0.50000, 0.50000)
 
 

rightHand(-0.50000, -0.50000, -0.50000, 0.50000)
 
 

rightHand(-0.00432, 0.99940, 0.03374, -0.00706)
 
 

rightHand(-0.00432, 0.99940, 0.03374, -0.00706)
 
 

rightHand(-0.00432, 0.99940, 0.03374, -0.00706)
 
 

rightHand(-0.00432, 0.99940, 0.03374, -0.00706)
 
 

rightHand(-0.50000, -0.50000, -0.50000, 0.50000)
 
 

rightHand(-0.50000, -0.50000, -0.50000, 0.50000)
 
 

rightHand(-0.50000, -0.50000, -0.50000, 0.50000)
 
 

rightHand(-0.50000, -0.50000, -0.50000, 0.50000)
 
 

rightHand(-0.50000, -0.50000, -0.50000, 0.50000)
 
 

rightHand(-0.50000, -0.50000, -0.50000, 0.50000)
 
 

rightHand(-0.50000, -0.50000, -0.50000, 0.50000)
 
 

rightHand(-0.50000, -0.50000, -0.50000, 0.50000)
 
 

rightHand(-0.00750, 0.99938, 0.03368, -0.00651)
 
 

rightHand(-0.00750, 0.99938, 0.03368, -0.00651)
 
 

rightHand(-0.00750, 0.99938, 0.03368, -0.00651)
 
 

rightHand(-0.00750, 0.99938, 0.03368, -0.00651)
 
 

rightHand(-0.00651, 0.99935, 0.03502, -0.00628)
 
 

rightHand(-0.00651, 0.99935, 0.03502, -0.00628)
 
 

rightHand(-0.00651, 0.99935, 0.03502, -0.00628)
 
 

rightHand(-0.00651, 0.99935, 0.03502, -0.00628)
 
 

rightHand(-0.00520, 0.99940, 0.03390, -0.00472)
 
 

rightHand(-0.00520, 0.99940, 0.03390, -0.00472)
 
 

rightHand(-0.00520, 0.99940, 0.03390, -0.00472)
 
 

rightHand(-0.00520, 0.99940, 0.03390, -0.00472)
 
 

rightHand(-0.00653, 0.99943, 0.03288, -0.00281)
 
 

rightHand(-0.00653, 0.99943, 0.03288, -0.00281)
 
 

rightHand(-0.00653, 0.99943, 0.03288, -0.00281)
 
 

rightHand(-0.00653, 0.99943, 0.03288, -0.00281)
 
 

rightHand(-0.00952, 0.99946, 0.03155, -0.00053)
 
 

rightHand(-0.00952, 0.99946, 0.03155, -0.00053)
 
 

rightHand(-0.00952, 0.99946, 0.03155, -0.00053)
 
 

rightHand(-0.00952, 0.99946, 0.03155, -0.00053)
 
 

rightHand(-0.01345, 0.99946, 0.03006, -0.00112)
 
 

rightHand(-0.01345, 0.99946, 0.03006, -0.00112)
 
 

rightHand(-0.01312, 0.99950, 0.02857, -0.00180)
 
 

rightHand(-0.01312, 0.99950, 0.02857, -0.00180)
 
 

rightHand(-0.00915, 0.99952, 0.02952, -0.00108)
 
 

rightHand(-0.00915, 0.99952, 0.02952, -0.00108)
 
 

rightHand(-0.00702, 0.99950, 0.03081, 0.00040)
 
 

rightHand(-0.00702, 0.99950, 0.03081, 0.00040)
 
 

rightHand(-0.00799, 0.99943, 0.03279, 0.00290)
 
 

rightHand(-0.00799, 0.99943, 0.03279, 0.00290)
 
 

rightHand(-0.00877, 0.99939, 0.03372, 0.00351)
 
 

rightHand(-0.00877, 0.99939, 0.03372, 0.00351)
 
 

rightHand(-0.00046, 0.99934, 0.03606, 0.00487)
 
 

rightHand(-0.00046, 0.99934, 0.03606, 0.00487)
 
 

rightHand(0.00063, 0.99917, 0.04018, 0.00588)
 
 

rightHand(0.00063, 0.99917, 0.04018, 0.00588)
 
 

rightHand(-0.00919, 0.99912, 0.04079, 0.00458)
 
 

rightHand(-0.00919, 0.99912, 0.04079, 0.00458)
 
 

rightHand(-0.02565, 0.99880, 0.04072, 0.00877)
 
 

rightHand(-0.02565, 0.99880, 0.04072, 0.00877)
 
 

rightHand(-0.02565, 0.99880, 0.04072, 0.00877)
 
 

rightHand(-0.02565, 0.99880, 0.04072, 0.00877)
 
 

rightHand(-0.01873, 0.99878, 0.04357, 0.01339)
 
 

rightHand(-0.01873, 0.99878, 0.04357, 0.01339)
 
 

rightHand(-0.01873, 0.99878, 0.04357, 0.01339)
 
 

rightHand(-0.01873, 0.99878, 0.04357, 0.01339)
 
 

rightHand(-0.01805, 0.99842, 0.04938, 0.01997)
 
 

rightHand(-0.01805, 0.99842, 0.04938, 0.01997)
 
 

rightHand(-0.01805, 0.99842, 0.04938, 0.01997)
 
 

rightHand(-0.01805, 0.99842, 0.04938, 0.01997)
 
 

rightHand(-0.01772, 0.99832, 0.05149, 0.01976)
 
 

rightHand(-0.01772, 0.99832, 0.05149, 0.01976)
 
 

rightHand(-0.01772, 0.99832, 0.05149, 0.01976)
 
 

rightHand(-0.01772, 0.99832, 0.05149, 0.01976)
 
 

rightHand(-0.50000, -0.50000, -0.50000, 0.50000)
 
 

rightHand(-0.50000, -0.50000, -0.50000, 0.50000)
 
 

rightHand(-0.50000, -0.50000, -0.50000, 0.50000)
 
 

rightHand(-0.50000, -0.50000, -0.50000, 0.50000)
 
 

rightHand(-0.50000, -0.50000, -0.50000, 0.50000)
 
 

rightHand(-0.50000, -0.50000, -0.50000, 0.50000)
 
 

rightHand(-0.50000, -0.50000, -0.50000, 0.50000)
 
 

rightHand(-0.50000, -0.50000, -0.50000, 0.50000)
 
 

rightHand(-0.01410, 0.99835, 0.05238, 0.01893)
 
 

rightHand(-0.01410, 0.99835, 0.05238, 0.01893)
 
 

rightHand(-0.01410, 0.99835, 0.05238, 0.01893)
 
 

rightHand(-0.01410, 0.99835, 0.05238, 0.01893)
 
 

rightHand(-0.50000, -0.50000, -0.50000, 0.50000)
 
 

rightHand(-0.50000, -0.50000, -0.50000, 0.50000)
 
 

rightHand(-0.50000, -0.50000, -0.50000, 0.50000)
 
 

rightHand(-0.50000, -0.50000, -0.50000, 0.50000)
 
 

rightHand(-0.50000, -0.50000, -0.50000, 0.50000)
 
 

rightHand(-0.50000, -0.50000, -0.50000, 0.50000)
 
 

rightHand(-0.50000, -0.50000, -0.50000, 0.50000)
 
 

rightHand(-0.50000, -0.50000, -0.50000, 0.50000)
 
 

rightHand(-0.00483, 0.99847, 0.05189, 0.01840)
 
 

rightHand(-0.00483, 0.99847, 0.05189, 0.01840)
 
 

rightHand(-0.00483, 0.99847, 0.05189, 0.01840)
 
 

rightHand(-0.00483, 0.99847, 0.05189, 0.01840)
 
 

rightHand(-0.50000, -0.50000, -0.50000, 0.50000)
 
 

rightHand(-0.50000, -0.50000, -0.50000, 0.50000)
 
 

rightHand(-0.50000, -0.50000, -0.50000, 0.50000)
 
 

rightHand(-0.50000, -0.50000, -0.50000, 0.50000)
 
 

rightHand(-0.50000, -0.50000, -0.50000, 0.50000)
 
 

rightHand(-0.50000, -0.50000, -0.50000, 0.50000)
 
 

rightHand(-0.50000, -0.50000, -0.50000, 0.50000)
 
 

rightHand(-0.50000, -0.50000, -0.50000, 0.50000)
 
 

rightHand(-0.50000, -0.50000, -0.50000, 0.50000)
 
 

rightHand(-0.50000, -0.50000, -0.50000, 0.50000)
 
 

rightHand(-0.50000, -0.50000, -0.50000, 0.50000)
 
 

rightHand(-0.50000, -0.50000, -0.50000, 0.50000)
 
 

rightHand(-0.00357, 0.99840, 0.05322, 0.01879)
 
 

rightHand(-0.00357, 0.99840, 0.05322, 0.01879)
 
 

rightHand(-0.00357, 0.99840, 0.05322, 0.01879)
 
 

rightHand(-0.00357, 0.99840, 0.05322, 0.01879)
 
 

rightHand(-0.50000, -0.50000, -0.50000, 0.50000)
 
 

rightHand(-0.50000, -0.50000, -0.50000, 0.50000)
 
 

rightHand(-0.50000, -0.50000, -0.50000, 0.50000)
 
 

rightHand(-0.50000, -0.50000, -0.50000, 0.50000)
 
 

rightHand(-0.50000, -0.50000, -0.50000, 0.50000)
 
 

rightHand(-0.50000, -0.50000, -0.50000, 0.50000)
 
 

rightHand(-0.50000, -0.50000, -0.50000, 0.50000)
 
 

rightHand(-0.50000, -0.50000, -0.50000, 0.50000)
 
 

rightHand(-0.50000, -0.50000, -0.50000, 0.50000)
 
 

rightHand(-0.50000, -0.50000, -0.50000, 0.50000)
 
 

rightHand(-0.50000, -0.50000, -0.50000, 0.50000)
 
 

rightHand(-0.50000, -0.50000, -0.50000, 0.50000)
 
 

rightHand(-0.50000, -0.50000, -0.50000, 0.50000)
 
 

rightHand(-0.50000, -0.50000, -0.50000, 0.50000)
 
 

rightHand(-0.50000, -0.50000, -0.50000, 0.50000)
 
 

rightHand(-0.50000, -0.50000, -0.50000, 0.50000)
 
 

rightHand(-0.00495, 0.99842, 0.05456, 0.01262)
 
 

rightHand(-0.00495, 0.99842, 0.05456, 0.01262)
 
 

rightHand(-0.00495, 0.99842, 0.05456, 0.01262)
 
 

rightHand(-0.00495, 0.99842, 0.05456, 0.01262)
 
 

rightHand(-0.50000, -0.50000, -0.50000, 0.50000)
 
 

rightHand(-0.50000, -0.50000, -0.50000, 0.50000)
 
 

rightHand(-0.50000, -0.50000, -0.50000, 0.50000)
 
 

rightHand(-0.50000, -0.50000, -0.50000, 0.50000)
 
 

rightHand(-0.50000, -0.50000, -0.50000, 0.50000)
 
 

rightHand(-0.50000, -0.50000, -0.50000, 0.50000)
 
 

rightHand(-0.50000, -0.50000, -0.50000, 0.50000)
 
 

rightHand(-0.50000, -0.50000, -0.50000, 0.50000)
 
 

rightHand(-0.50000, -0.50000, -0.50000, 0.50000)
 
 

rightHand(-0.50000, -0.50000, -0.50000, 0.50000)
 
 

rightHand(-0.50000, -0.50000, -0.50000, 0.50000)
 
 

rightHand(-0.50000, -0.50000, -0.50000, 0.50000)
 
 

rightHand(-0.50000, -0.50000, -0.50000, 0.50000)
 
 

rightHand(-0.50000, -0.50000, -0.50000, 0.50000)
 
 

rightHand(-0.50000, -0.50000, -0.50000, 0.50000)
 
 

rightHand(-0.50000, -0.50000, -0.50000, 0.50000)
 
 

rightHand(-0.00459, 0.99848, 0.05397, 0.01032)
 
 

rightHand(-0.00459, 0.99848, 0.05397, 0.01032)
 
 

rightHand(-0.00459, 0.99848, 0.05397, 0.01032)
 
 

rightHand(-0.00459, 0.99848, 0.05397, 0.01032)
 
 

rightHand(-0.50000, -0.50000, -0.50000, 0.50000)
 
 

rightHand(-0.50000, -0.50000, -0.50000, 0.50000)
 
 

rightHand(-0.50000, -0.50000, -0.50000, 0.50000)
 
 

rightHand(-0.50000, -0.50000, -0.50000, 0.50000)
 
 

rightHand(-0.50000, -0.50000, -0.50000, 0.50000)
 
 

rightHand(-0.50000, -0.50000, -0.50000, 0.50000)
 
 

rightHand(-0.50000, -0.50000, -0.50000, 0.50000)
 
 

rightHand(-0.50000, -0.50000, -0.50000, 0.50000)
 
 

rightHand(-0.50000, -0.50000, -0.50000, 0.50000)
 
 

rightHand(-0.50000, -0.50000, -0.50000, 0.50000)
 
 

rightHand(-0.50000, -0.50000, -0.50000, 0.50000)
 
 

rightHand(-0.50000, -0.50000, -0.50000, 0.50000)
 
 

rightHand(-0.50000, -0.50000, -0.50000, 0.50000)
 
 

rightHand(-0.50000, -0.50000, -0.50000, 0.50000)
 
 

rightHand(-0.50000, -0.50000, -0.50000, 0.50000)
 
 

rightHand(-0.50000, -0.50000, -0.50000, 0.50000)
 
 

rightHand(-0.00288, 0.99842, 0.05513, 0.01031)
 
 

rightHand(-0.00288, 0.99842, 0.05513, 0.01031)
 
 

rightHand(-0.00288, 0.99842, 0.05513, 0.01031)
 
 

rightHand(-0.00288, 0.99842, 0.05513, 0.01031)
 
 

rightHand(-0.00288, 0.99842, 0.05513, 0.01031)
 
 

rightHand(-0.00288, 0.99842, 0.05513, 0.01031)
 
 

rightHand(-0.50000, -0.50000, -0.50000, 0.50000)
 
 

rightHand(-0.50000, -0.50000, -0.50000, 0.50000)
 
 

rightHand(-0.50000, -0.50000, -0.50000, 0.50000)
 
 

rightHand(-0.50000, -0.50000, -0.50000, 0.50000)
 
 

rightHand(-0.50000, -0.50000, -0.50000, 0.50000)
 
 

rightHand(-0.50000, -0.50000, -0.50000, 0.50000)
 
 

rightHand(-0.50000, -0.50000, -0.50000, 0.50000)
 
 

rightHand(-0.50000, -0.50000, -0.50000, 0.50000)
 
 

rightHand(-0.50000, -0.50000, -0.50000, 0.50000)
 
 

rightHand(-0.50000, -0.50000, -0.50000, 0.50000)
 
 

rightHand(-0.50000, -0.50000, -0.50000, 0.50000)
 
 

rightHand(-0.50000, -0.50000, -0.50000, 0.50000)
 
 

rightHand(-0.50000, -0.50000, -0.50000, 0.50000)
 
 

rightHand(-0.50000, -0.50000, -0.50000, 0.50000)
 
 

rightHand(-0.50000, -0.50000, -0.50000, 0.50000)
 
 

rightHand(-0.50000, -0.50000, -0.50000, 0.50000)
 
 

rightHand(-0.00788, 0.99828, 0.05779, 0.00640)
 
 

rightHand(-0.00788, 0.99828, 0.05779, 0.00640)
 
 

rightHand(-0.00788, 0.99828, 0.05779, 0.00640)
 
 

rightHand(-0.00788, 0.99828, 0.05779, 0.00640)
 
 

rightHand(-0.00788, 0.99828, 0.05779, 0.00640)
 
 

rightHand(-0.00788, 0.99828, 0.05779, 0.00640)
 
 

rightHand(-0.50000, -0.50000, -0.50000, 0.50000)
 
 

rightHand(-0.50000, -0.50000, -0.50000, 0.50000)
 
 

rightHand(-0.50000, -0.50000, -0.50000, 0.50000)
 
 

rightHand(-0.50000, -0.50000, -0.50000, 0.50000)
 
 

rightHand(-0.50000, -0.50000, -0.50000, 0.50000)
 
 

rightHand(-0.50000, -0.50000, -0.50000, 0.50000)
 
 

rightHand(-0.50000, -0.50000, -0.50000, 0.50000)
 
 

rightHand(-0.50000, -0.50000, -0.50000, 0.50000)
 
 

rightHand(-0.50000, -0.50000, -0.50000, 0.50000)
 
 

rightHand(-0.50000, -0.50000, -0.50000, 0.50000)
 
 

rightHand(-0.50000, -0.50000, -0.50000, 0.50000)
 
 

rightHand(-0.50000, -0.50000, -0.50000, 0.50000)
 
 

rightHand(-0.50000, -0.50000, -0.50000, 0.50000)
 
 

rightHand(-0.50000, -0.50000, -0.50000, 0.50000)
 
 

rightHand(-0.50000, -0.50000, -0.50000, 0.50000)
 
 

rightHand(-0.50000, -0.50000, -0.50000, 0.50000)
 
 

rightHand(-0.01127, 0.99819, 0.05897, 0.00379)
 
 

rightHand(-0.01127, 0.99819, 0.05897, 0.00379)
 
 

rightHand(-0.01127, 0.99819, 0.05897, 0.00379)
 
 

rightHand(-0.01127, 0.99819, 0.05897, 0.00379)
 
 

rightHand(-0.01127, 0.99819, 0.05897, 0.00379)
 
 

rightHand(-0.01127, 0.99819, 0.05897, 0.00379)
 
 

rightHand(-0.50000, -0.50000, -0.50000, 0.50000)
 
 

rightHand(-0.50000, -0.50000, -0.50000, 0.50000)
 
 

rightHand(-0.50000, -0.50000, -0.50000, 0.50000)
 
 

rightHand(-0.50000, -0.50000, -0.50000, 0.50000)
 
 

rightHand(-0.50000, -0.50000, -0.50000, 0.50000)
 
 

rightHand(-0.50000, -0.50000, -0.50000, 0.50000)
 
 

rightHand(-0.50000, -0.50000, -0.50000, 0.50000)
 
 

rightHand(-0.50000, -0.50000, -0.50000, 0.50000)
 
 

rightHand(-0.50000, -0.50000, -0.50000, 0.50000)
 
 

rightHand(-0.50000, -0.50000, -0.50000, 0.50000)
 
 

rightHand(-0.50000, -0.50000, -0.50000, 0.50000)
 
 

rightHand(-0.50000, -0.50000, -0.50000, 0.50000)
 
 

rightHand(-0.50000, -0.50000, -0.50000, 0.50000)
 
 

rightHand(-0.50000, -0.50000, -0.50000, 0.50000)
 
 

rightHand(-0.50000, -0.50000, -0.50000, 0.50000)
 
 

rightHand(-0.50000, -0.50000, -0.50000, 0.50000)
 
 

rightHand(-0.01794, 0.99791, 0.06200, 0.00158)
 
 

rightHand(-0.01794, 0.99791, 0.06200, 0.00158)
 
 

rightHand(-0.01794, 0.99791, 0.06200, 0.00158)
 
 

rightHand(-0.01794, 0.99791, 0.06200, 0.00158)
 
 

rightHand(-0.01794, 0.99791, 0.06200, 0.00158)
 
 

rightHand(-0.01794, 0.99791, 0.06200, 0.00158)
 
 

rightHand(-0.01794, 0.99791, 0.06200, 0.00158)
 
 

rightHand(-0.01794, 0.99791, 0.06200, 0.00158)
 
 

rightHand(-0.50000, -0.50000, -0.50000, 0.50000)
 
 

rightHand(-0.50000, -0.50000, -0.50000, 0.50000)
 
 

rightHand(-0.50000, -0.50000, -0.50000, 0.50000)
 
 

rightHand(-0.50000, -0.50000, -0.50000, 0.50000)
 
 

rightHand(-0.50000, -0.50000, -0.50000, 0.50000)
 
 

rightHand(-0.50000, -0.50000, -0.50000, 0.50000)
 
 

rightHand(-0.50000, -0.50000, -0.50000, 0.50000)
 
 

rightHand(-0.50000, -0.50000, -0.50000, 0.50000)
 
 

rightHand(-0.50000, -0.50000, -0.50000, 0.50000)
 
 

rightHand(-0.50000, -0.50000, -0.50000, 0.50000)
 
 

rightHand(-0.50000, -0.50000, -0.50000, 0.50000)
 
 

rightHand(-0.50000, -0.50000, -0.50000, 0.50000)
 
 

rightHand(-0.50000, -0.50000, -0.50000, 0.50000)
 
 

rightHand(-0.50000, -0.50000, -0.50000, 0.50000)
 
 

rightHand(-0.50000, -0.50000, -0.50000, 0.50000)
 
 

rightHand(-0.50000, -0.50000, -0.50000, 0.50000)
 
 

rightHand(-0.01670, 0.99809, 0.05933, 0.00461)
 
 

rightHand(-0.01670, 0.99809, 0.05933, 0.00461)
 
 

rightHand(-0.01670, 0.99809, 0.05933, 0.00461)
 
 

rightHand(-0.01670, 0.99809, 0.05933, 0.00461)
 
 

rightHand(-0.01670, 0.99809, 0.05933, 0.00461)
 
 

rightHand(-0.01670, 0.99809, 0.05933, 0.00461)
 
 

rightHand(-0.01670, 0.99809, 0.05933, 0.00461)
 
 

rightHand(-0.01670, 0.99809, 0.05933, 0.00461)
 
 

rightHand(-0.50000, -0.50000, -0.50000, 0.50000)
 
 

rightHand(-0.50000, -0.50000, -0.50000, 0.50000)
 
 

rightHand(-0.50000, -0.50000, -0.50000, 0.50000)
 
 

rightHand(-0.50000, -0.50000, -0.50000, 0.50000)
 
 

rightHand(-0.50000, -0.50000, -0.50000, 0.50000)
 
 

rightHand(-0.50000, -0.50000, -0.50000, 0.50000)
 
 

rightHand(-0.50000, -0.50000, -0.50000, 0.50000)
 
 

rightHand(-0.50000, -0.50000, -0.50000, 0.50000)
 
 

rightHand(-0.50000, -0.50000, -0.50000, 0.50000)
 
 

rightHand(-0.50000, -0.50000, -0.50000, 0.50000)
 
 

rightHand(-0.50000, -0.50000, -0.50000, 0.50000)
 
 

rightHand(-0.50000, -0.50000, -0.50000, 0.50000)
 
 

rightHand(-0.50000, -0.50000, -0.50000, 0.50000)
 
 

rightHand(-0.50000, -0.50000, -0.50000, 0.50000)
 
 

rightHand(-0.50000, -0.50000, -0.50000, 0.50000)
 
 

rightHand(-0.50000, -0.50000, -0.50000, 0.50000)
 
 

rightHand(-0.01400, 0.99838, 0.05447, 0.00819)
 
 

rightHand(-0.01400, 0.99838, 0.05447, 0.00819)
 
 

rightHand(-0.01400, 0.99838, 0.05447, 0.00819)
 
 

rightHand(-0.01400, 0.99838, 0.05447, 0.00819)
 
 

rightHand(-0.01400, 0.99838, 0.05447, 0.00819)
 
 

rightHand(-0.01400, 0.99838, 0.05447, 0.00819)
 
 

rightHand(-0.01400, 0.99838, 0.05447, 0.00819)
 
 

rightHand(-0.01400, 0.99838, 0.05447, 0.00819)
 
 

rightHand(-0.50000, -0.50000, -0.50000, 0.50000)
 
 

rightHand(-0.50000, -0.50000, -0.50000, 0.50000)
 
 

rightHand(-0.50000, -0.50000, -0.50000, 0.50000)
 
 

rightHand(-0.50000, -0.50000, -0.50000, 0.50000)
 
 

rightHand(-0.50000, -0.50000, -0.50000, 0.50000)
 
 

rightHand(-0.50000, -0.50000, -0.50000, 0.50000)
 
 

rightHand(-0.50000, -0.50000, -0.50000, 0.50000)
 
 

rightHand(-0.50000, -0.50000, -0.50000, 0.50000)
 
 

rightHand(-0.50000, -0.50000, -0.50000, 0.50000)
 
 

rightHand(-0.50000, -0.50000, -0.50000, 0.50000)
 
 

rightHand(-0.50000, -0.50000, -0.50000, 0.50000)
 
 

rightHand(-0.50000, -0.50000, -0.50000, 0.50000)
 
 

rightHand(-0.50000, -0.50000, -0.50000, 0.50000)
 
 

rightHand(-0.50000, -0.50000, -0.50000, 0.50000)
 
 

rightHand(-0.50000, -0.50000, -0.50000, 0.50000)
 
 

rightHand(-0.50000, -0.50000, -0.50000, 0.50000)
 
 

rightHand(-0.01425, 0.99852, 0.05156, 0.00987)
 
 

rightHand(-0.01425, 0.99852, 0.05156, 0.00987)
 
 

rightHand(-0.01425, 0.99852, 0.05156, 0.00987)
 
 

rightHand(-0.01425, 0.99852, 0.05156, 0.00987)
 
 

rightHand(-0.01425, 0.99852, 0.05156, 0.00987)
 
 

rightHand(-0.01425, 0.99852, 0.05156, 0.00987)
 
 

rightHand(-0.01425, 0.99852, 0.05156, 0.00987)
 
 

rightHand(-0.01425, 0.99852, 0.05156, 0.00987)
 
 

rightHand(-0.50000, -0.50000, -0.50000, 0.50000)
 
 

rightHand(-0.50000, -0.50000, -0.50000, 0.50000)
 
 

rightHand(-0.50000, -0.50000, -0.50000, 0.50000)
 
 

rightHand(-0.50000, -0.50000, -0.50000, 0.50000)
 
 

rightHand(-0.50000, -0.50000, -0.50000, 0.50000)
 
 

rightHand(-0.50000, -0.50000, -0.50000, 0.50000)
 
 

rightHand(-0.50000, -0.50000, -0.50000, 0.50000)
 
 

rightHand(-0.50000, -0.50000, -0.50000, 0.50000)
 
 

rightHand(-0.50000, -0.50000, -0.50000, 0.50000)
 
 

rightHand(-0.50000, -0.50000, -0.50000, 0.50000)
 
 

rightHand(-0.50000, -0.50000, -0.50000, 0.50000)
 
 

rightHand(-0.50000, -0.50000, -0.50000, 0.50000)
 
 

rightHand(-0.50000, -0.50000, -0.50000, 0.50000)
 
 

rightHand(-0.50000, -0.50000, -0.50000, 0.50000)
 
 

rightHand(-0.50000, -0.50000, -0.50000, 0.50000)
 
 

rightHand(-0.50000, -0.50000, -0.50000, 0.50000)
 
 

rightHand(-0.01511, 0.99863, 0.04867, 0.01153)
 
 

rightHand(-0.01511, 0.99863, 0.04867, 0.01153)
 
 

rightHand(-0.01511, 0.99863, 0.04867, 0.01153)
 
 

rightHand(-0.01511, 0.99863, 0.04867, 0.01153)
 
 

rightHand(-0.01511, 0.99863, 0.04867, 0.01153)
 
 

rightHand(-0.01511, 0.99863, 0.04867, 0.01153)
 
 

rightHand(-0.01511, 0.99863, 0.04867, 0.01153)
 
 

rightHand(-0.01511, 0.99863, 0.04867, 0.01153)
 
 

rightHand(-0.50000, -0.50000, -0.50000, 0.50000)
 
 

rightHand(-0.50000, -0.50000, -0.50000, 0.50000)
 
 

rightHand(-0.50000, -0.50000, -0.50000, 0.50000)
 
 

rightHand(-0.50000, -0.50000, -0.50000, 0.50000)
 
 

rightHand(-0.50000, -0.50000, -0.50000, 0.50000)
 
 

rightHand(-0.50000, -0.50000, -0.50000, 0.50000)
 
 

rightHand(-0.50000, -0.50000, -0.50000, 0.50000)
 
 

rightHand(-0.50000, -0.50000, -0.50000, 0.50000)
 
 

rightHand(-0.50000, -0.50000, -0.50000, 0.50000)
 
 

rightHand(-0.50000, -0.50000, -0.50000, 0.50000)
 
 

rightHand(-0.50000, -0.50000, -0.50000, 0.50000)
 
 

rightHand(-0.50000, -0.50000, -0.50000, 0.50000)
 
 

rightHand(-0.50000, -0.50000, -0.50000, 0.50000)
 
 

rightHand(-0.50000, -0.50000, -0.50000, 0.50000)
 
 

rightHand(-0.50000, -0.50000, -0.50000, 0.50000)
 
 

rightHand(-0.50000, -0.50000, -0.50000, 0.50000)
 
 

rightHand(-0.01244, 0.99870, 0.04794, 0.01201)
 
 

rightHand(-0.01244, 0.99870, 0.04794, 0.01201)
 
 

rightHand(-0.01244, 0.99870, 0.04794, 0.01201)
 
 

rightHand(-0.01244, 0.99870, 0.04794, 0.01201)
 
 

rightHand(-0.01244, 0.99870, 0.04794, 0.01201)
 
 

rightHand(-0.01244, 0.99870, 0.04794, 0.01201)
 
 

rightHand(-0.01244, 0.99870, 0.04794, 0.01201)
 
 

rightHand(-0.01244, 0.99870, 0.04794, 0.01201)
 
 

rightHand(-0.50000, -0.50000, -0.50000, 0.50000)
 
 

rightHand(-0.50000, -0.50000, -0.50000, 0.50000)
 
 

rightHand(-0.50000, -0.50000, -0.50000, 0.50000)
 
 

rightHand(-0.50000, -0.50000, -0.50000, 0.50000)
 
 

rightHand(-0.50000, -0.50000, -0.50000, 0.50000)
 
 

rightHand(-0.50000, -0.50000, -0.50000, 0.50000)
 
 

rightHand(-0.50000, -0.50000, -0.50000, 0.50000)
 
 

rightHand(-0.50000, -0.50000, -0.50000, 0.50000)
 
 

rightHand(-0.50000, -0.50000, -0.50000, 0.50000)
 
 

rightHand(-0.50000, -0.50000, -0.50000, 0.50000)
 
 

rightHand(-0.50000, -0.50000, -0.50000, 0.50000)
 
 

rightHand(-0.50000, -0.50000, -0.50000, 0.50000)
 
 

rightHand(-0.50000, -0.50000, -0.50000, 0.50000)
 
 

rightHand(-0.50000, -0.50000, -0.50000, 0.50000)
 
 

rightHand(-0.50000, -0.50000, -0.50000, 0.50000)
 
 

rightHand(-0.50000, -0.50000, -0.50000, 0.50000)
 
 

rightHand(-0.01195, 0.99874, 0.04764, 0.00989)
 
 

rightHand(-0.01195, 0.99874, 0.04764, 0.00989)
 
 

rightHand(-0.01195, 0.99874, 0.04764, 0.00989)
 
 

rightHand(-0.01195, 0.99874, 0.04764, 0.00989)
 
 

rightHand(-0.01195, 0.99874, 0.04764, 0.00989)
 
 

rightHand(-0.01195, 0.99874, 0.04764, 0.00989)
 
 

rightHand(-0.01195, 0.99874, 0.04764, 0.00989)
 
 

rightHand(-0.01195, 0.99874, 0.04764, 0.00989)
 
 

rightHand(-0.50000, -0.50000, -0.50000, 0.50000)
 
 

rightHand(-0.50000, -0.50000, -0.50000, 0.50000)
 
 

rightHand(-0.50000, -0.50000, -0.50000, 0.50000)
 
 

rightHand(-0.50000, -0.50000, -0.50000, 0.50000)
 
 

rightHand(-0.50000, -0.50000, -0.50000, 0.50000)
 
 

rightHand(-0.50000, -0.50000, -0.50000, 0.50000)
 
 

rightHand(-0.50000, -0.50000, -0.50000, 0.50000)
 
 

rightHand(-0.50000, -0.50000, -0.50000, 0.50000)
 
 

rightHand(-0.50000, -0.50000, -0.50000, 0.50000)
 
 

rightHand(-0.50000, -0.50000, -0.50000, 0.50000)
 
 

rightHand(-0.50000, -0.50000, -0.50000, 0.50000)
 
 

rightHand(-0.50000, -0.50000, -0.50000, 0.50000)
 
 

rightHand(-0.50000, -0.50000, -0.50000, 0.50000)
 
 

rightHand(-0.50000, -0.50000, -0.50000, 0.50000)
 
 

rightHand(-0.50000, -0.50000, -0.50000, 0.50000)
 
 

rightHand(-0.50000, -0.50000, -0.50000, 0.50000)
 
 

rightHand(-0.01386, 0.99874, 0.04762, 0.00766)
 
 

rightHand(-0.01386, 0.99874, 0.04762, 0.00766)
 
 

rightHand(-0.01386, 0.99874, 0.04762, 0.00766)
 
 

rightHand(-0.01386, 0.99874, 0.04762, 0.00766)
 
 

rightHand(-0.01386, 0.99874, 0.04762, 0.00766)
 
 

rightHand(-0.01386, 0.99874, 0.04762, 0.00766)
 
 

rightHand(-0.01386, 0.99874, 0.04762, 0.00766)
 
 

rightHand(-0.01386, 0.99874, 0.04762, 0.00766)
 
 

rightHand(-0.50000, -0.50000, -0.50000, 0.50000)
 
 

rightHand(-0.50000, -0.50000, -0.50000, 0.50000)
 
 

rightHand(-0.50000, -0.50000, -0.50000, 0.50000)
 
 

rightHand(-0.50000, -0.50000, -0.50000, 0.50000)
 
 

rightHand(-0.50000, -0.50000, -0.50000, 0.50000)
 
 

rightHand(-0.50000, -0.50000, -0.50000, 0.50000)
 
 

rightHand(-0.50000, -0.50000, -0.50000, 0.50000)
 
 

rightHand(-0.50000, -0.50000, -0.50000, 0.50000)
 
 

rightHand(-0.50000, -0.50000, -0.50000, 0.50000)
 
 

rightHand(-0.50000, -0.50000, -0.50000, 0.50000)
 
 

rightHand(-0.50000, -0.50000, -0.50000, 0.50000)
 
 

rightHand(-0.50000, -0.50000, -0.50000, 0.50000)
 
 

rightHand(-0.50000, -0.50000, -0.50000, 0.50000)
 
 

rightHand(-0.50000, -0.50000, -0.50000, 0.50000)
 
 

rightHand(-0.50000, -0.50000, -0.50000, 0.50000)
 
 

rightHand(-0.50000, -0.50000, -0.50000, 0.50000)
 
 

rightHand(-0.01345, 0.99876, 0.04713, 0.00868)
 
 

rightHand(-0.01345, 0.99876, 0.04713, 0.00868)
 
 

rightHand(-0.01345, 0.99876, 0.04713, 0.00868)
 
 

rightHand(-0.01345, 0.99876, 0.04713, 0.00868)
 
 

rightHand(-0.01345, 0.99876, 0.04713, 0.00868)
 
 

rightHand(-0.01345, 0.99876, 0.04713, 0.00868)
 
 

rightHand(-0.01345, 0.99876, 0.04713, 0.00868)
 
 

rightHand(-0.01345, 0.99876, 0.04713, 0.00868)
 
 

rightHand(-0.50000, -0.50000, -0.50000, 0.50000)
 
 

rightHand(-0.50000, -0.50000, -0.50000, 0.50000)
 
 

rightHand(-0.50000, -0.50000, -0.50000, 0.50000)
 
 

rightHand(-0.50000, -0.50000, -0.50000, 0.50000)
 
 

rightHand(-0.50000, -0.50000, -0.50000, 0.50000)
 
 

rightHand(-0.50000, -0.50000, -0.50000, 0.50000)
 
 

rightHand(-0.50000, -0.50000, -0.50000, 0.50000)
 
 

rightHand(-0.50000, -0.50000, -0.50000, 0.50000)
 
 

rightHand(-0.50000, -0.50000, -0.50000, 0.50000)
 
 

rightHand(-0.50000, -0.50000, -0.50000, 0.50000)
 
 

rightHand(-0.50000, -0.50000, -0.50000, 0.50000)
 
 

rightHand(-0.50000, -0.50000, -0.50000, 0.50000)
 
 

rightHand(-0.50000, -0.50000, -0.50000, 0.50000)
 
 

rightHand(-0.50000, -0.50000, -0.50000, 0.50000)
 
 

rightHand(-0.50000, -0.50000, -0.50000, 0.50000)
 
 

rightHand(-0.50000, -0.50000, -0.50000, 0.50000)
 
 

rightHand(-0.01247, 0.99871, 0.04783, 0.01173)
 
 

rightHand(-0.01247, 0.99871, 0.04783, 0.01173)
 
 

rightHand(-0.01247, 0.99871, 0.04783, 0.01173)
 
 

rightHand(-0.01247, 0.99871, 0.04783, 0.01173)
 
 

rightHand(-0.01247, 0.99871, 0.04783, 0.01173)
 
 

rightHand(-0.01247, 0.99871, 0.04783, 0.01173)
 
 

rightHand(-0.01247, 0.99871, 0.04783, 0.01173)
 
 

rightHand(-0.01247, 0.99871, 0.04783, 0.01173)
 
 

rightHand(-0.50000, -0.50000, -0.50000, 0.50000)
 
 

rightHand(-0.50000, -0.50000, -0.50000, 0.50000)
 
 

rightHand(-0.50000, -0.50000, -0.50000, 0.50000)
 
 

rightHand(-0.50000, -0.50000, -0.50000, 0.50000)
 
 

rightHand(-0.50000, -0.50000, -0.50000, 0.50000)
 
 

rightHand(-0.50000, -0.50000, -0.50000, 0.50000)
 
 

rightHand(-0.50000, -0.50000, -0.50000, 0.50000)
 
 

rightHand(-0.50000, -0.50000, -0.50000, 0.50000)
 
 

rightHand(-0.50000, -0.50000, -0.50000, 0.50000)
 
 

rightHand(-0.50000, -0.50000, -0.50000, 0.50000)
 
 

rightHand(-0.50000, -0.50000, -0.50000, 0.50000)
 
 

rightHand(-0.50000, -0.50000, -0.50000, 0.50000)
 
 

rightHand(-0.50000, -0.50000, -0.50000, 0.50000)
 
 

rightHand(-0.50000, -0.50000, -0.50000, 0.50000)
 
 

rightHand(-0.50000, -0.50000, -0.50000, 0.50000)
 
 

rightHand(-0.50000, -0.50000, -0.50000, 0.50000)
 
 

rightHand(-0.01506, 0.99872, 0.04669, 0.01221)
 
 

rightHand(-0.01506, 0.99872, 0.04669, 0.01221)
 
 

rightHand(-0.01506, 0.99872, 0.04669, 0.01221)
 
 

rightHand(-0.01506, 0.99872, 0.04669, 0.01221)
 
 

rightHand(-0.01506, 0.99872, 0.04669, 0.01221)
 
 

rightHand(-0.01506, 0.99872, 0.04669, 0.01221)
 
 

rightHand(-0.01506, 0.99872, 0.04669, 0.01221)
 
 

rightHand(-0.01506, 0.99872, 0.04669, 0.01221)
 
 

rightHand(-0.50000, -0.50000, -0.50000, 0.50000)
 
 

rightHand(-0.50000, -0.50000, -0.50000, 0.50000)
 
 

rightHand(-0.50000, -0.50000, -0.50000, 0.50000)
 
 

rightHand(-0.50000, -0.50000, -0.50000, 0.50000)
 
 

rightHand(-0.50000, -0.50000, -0.50000, 0.50000)
 
 

rightHand(-0.50000, -0.50000, -0.50000, 0.50000)
 
 

rightHand(-0.50000, -0.50000, -0.50000, 0.50000)
 
 

rightHand(-0.50000, -0.50000, -0.50000, 0.50000)
 
 

rightHand(-0.50000, -0.50000, -0.50000, 0.50000)
 
 

rightHand(-0.50000, -0.50000, -0.50000, 0.50000)
 
 

rightHand(-0.50000, -0.50000, -0.50000, 0.50000)
 
 

rightHand(-0.50000, -0.50000, -0.50000, 0.50000)
 
 

rightHand(-0.50000, -0.50000, -0.50000, 0.50000)
 
 

rightHand(-0.50000, -0.50000, -0.50000, 0.50000)
 
 

rightHand(-0.50000, -0.50000, -0.50000, 0.50000)
 
 

rightHand(-0.50000, -0.50000, -0.50000, 0.50000)
 
 

rightHand(-0.01525, 0.99874, 0.04606, 0.01267)
 
 

rightHand(-0.01525, 0.99874, 0.04606, 0.01267)
 
 

rightHand(-0.01525, 0.99874, 0.04606, 0.01267)
 
 

rightHand(-0.01525, 0.99874, 0.04606, 0.01267)
 
 

rightHand(-0.01525, 0.99874, 0.04606, 0.01267)
 
 

rightHand(-0.01525, 0.99874, 0.04606, 0.01267)
 
 

rightHand(-0.01525, 0.99874, 0.04606, 0.01267)
 
 

rightHand(-0.01525, 0.99874, 0.04606, 0.01267)
 
 

rightHand(-0.50000, -0.50000, -0.50000, 0.50000)
 
 

rightHand(-0.50000, -0.50000, -0.50000, 0.50000)
 
 

rightHand(-0.50000, -0.50000, -0.50000, 0.50000)
 
 

rightHand(-0.50000, -0.50000, -0.50000, 0.50000)
 
 

rightHand(-0.50000, -0.50000, -0.50000, 0.50000)
 
 

rightHand(-0.50000, -0.50000, -0.50000, 0.50000)
 
 

rightHand(-0.50000, -0.50000, -0.50000, 0.50000)
 
 

rightHand(-0.50000, -0.50000, -0.50000, 0.50000)
 
 

rightHand(-0.50000, -0.50000, -0.50000, 0.50000)
 
 

rightHand(-0.50000, -0.50000, -0.50000, 0.50000)
 
 

rightHand(-0.50000, -0.50000, -0.50000, 0.50000)
 
 

rightHand(-0.50000, -0.50000, -0.50000, 0.50000)
 
 

rightHand(-0.50000, -0.50000, -0.50000, 0.50000)
 
 

rightHand(-0.50000, -0.50000, -0.50000, 0.50000)
 
 

rightHand(-0.50000, -0.50000, -0.50000, 0.50000)
 
 

rightHand(-0.50000, -0.50000, -0.50000, 0.50000)
 
 

rightHand(-0.01381, 0.99872, 0.04665, 0.01386)
 
 

rightHand(-0.01381, 0.99872, 0.04665, 0.01386)
 
 

rightHand(-0.01381, 0.99872, 0.04665, 0.01386)
 
 

rightHand(-0.01381, 0.99872, 0.04665, 0.01386)
 
 

rightHand(-0.01381, 0.99872, 0.04665, 0.01386)
 
 

rightHand(-0.01381, 0.99872, 0.04665, 0.01386)
 
 

rightHand(-0.01381, 0.99872, 0.04665, 0.01386)
 
 

rightHand(-0.01381, 0.99872, 0.04665, 0.01386)
 
 

rightHand(-0.50000, -0.50000, -0.50000, 0.50000)
 
 

rightHand(-0.50000, -0.50000, -0.50000, 0.50000)
 
 

rightHand(-0.50000, -0.50000, -0.50000, 0.50000)
 
 

rightHand(-0.50000, -0.50000, -0.50000, 0.50000)
 
 

rightHand(-0.50000, -0.50000, -0.50000, 0.50000)
 
 

rightHand(-0.50000, -0.50000, -0.50000, 0.50000)
 
 

rightHand(-0.50000, -0.50000, -0.50000, 0.50000)
 
 

rightHand(-0.50000, -0.50000, -0.50000, 0.50000)
 
 

rightHand(-0.50000, -0.50000, -0.50000, 0.50000)
 
 

rightHand(-0.50000, -0.50000, -0.50000, 0.50000)
 
 

rightHand(-0.50000, -0.50000, -0.50000, 0.50000)
 
 

rightHand(-0.50000, -0.50000, -0.50000, 0.50000)
 
 

rightHand(-0.50000, -0.50000, -0.50000, 0.50000)
 
 

rightHand(-0.50000, -0.50000, -0.50000, 0.50000)
 
 

rightHand(-0.50000, -0.50000, -0.50000, 0.50000)
 
 

rightHand(-0.50000, -0.50000, -0.50000, 0.50000)
 
 

rightHand(-0.01333, 0.99874, 0.04673, 0.01285)
 
 

rightHand(-0.01333, 0.99874, 0.04673, 0.01285)
 
 

rightHand(-0.01333, 0.99874, 0.04673, 0.01285)
 
 

rightHand(-0.01333, 0.99874, 0.04673, 0.01285)
 
 

rightHand(-0.01333, 0.99874, 0.04673, 0.01285)
 
 

rightHand(-0.01333, 0.99874, 0.04673, 0.01285)
 
 

rightHand(-0.50000, -0.50000, -0.50000, 0.50000)
 
 

rightHand(-0.50000, -0.50000, -0.50000, 0.50000)
 
 

rightHand(-0.50000, -0.50000, -0.50000, 0.50000)
 
 

rightHand(-0.50000, -0.50000, -0.50000, 0.50000)
 
 

rightHand(-0.50000, -0.50000, -0.50000, 0.50000)
 
 

rightHand(-0.50000, -0.50000, -0.50000, 0.50000)
 
 

rightHand(-0.50000, -0.50000, -0.50000, 0.50000)
 
 

rightHand(-0.50000, -0.50000, -0.50000, 0.50000)
 
 

rightHand(-0.50000, -0.50000, -0.50000, 0.50000)
 
 

rightHand(-0.50000, -0.50000, -0.50000, 0.50000)
 
 

rightHand(-0.50000, -0.50000, -0.50000, 0.50000)
 
 

rightHand(-0.50000, -0.50000, -0.50000, 0.50000)
 
 

rightHand(-0.50000, -0.50000, -0.50000, 0.50000)
 
 

rightHand(-0.50000, -0.50000, -0.50000, 0.50000)
 
 

rightHand(-0.50000, -0.50000, -0.50000, 0.50000)
 
 

rightHand(-0.50000, -0.50000, -0.50000, 0.50000)
 
 

rightHand(-0.01445, 0.99876, 0.04654, 0.01030)
 
 

rightHand(-0.01445, 0.99876, 0.04654, 0.01030)
 
 

rightHand(-0.01445, 0.99876, 0.04654, 0.01030)
 
 

rightHand(-0.01445, 0.99876, 0.04654, 0.01030)
 
 

rightHand(-0.01445, 0.99876, 0.04654, 0.01030)
 
 

rightHand(-0.01445, 0.99876, 0.04654, 0.01030)
 
 

rightHand(-0.50000, -0.50000, -0.50000, 0.50000)
 
 

rightHand(-0.50000, -0.50000, -0.50000, 0.50000)
 
 

rightHand(-0.50000, -0.50000, -0.50000, 0.50000)
 
 

rightHand(-0.50000, -0.50000, -0.50000, 0.50000)
 
 

rightHand(-0.50000, -0.50000, -0.50000, 0.50000)
 
 

rightHand(-0.50000, -0.50000, -0.50000, 0.50000)
 
 

rightHand(-0.50000, -0.50000, -0.50000, 0.50000)
 
 

rightHand(-0.50000, -0.50000, -0.50000, 0.50000)
 
 

rightHand(-0.50000, -0.50000, -0.50000, 0.50000)
 
 

rightHand(-0.50000, -0.50000, -0.50000, 0.50000)
 
 

rightHand(-0.50000, -0.50000, -0.50000, 0.50000)
 
 

rightHand(-0.50000, -0.50000, -0.50000, 0.50000)
 
 

rightHand(-0.50000, -0.50000, -0.50000, 0.50000)
 
 

rightHand(-0.50000, -0.50000, -0.50000, 0.50000)
 
 

rightHand(-0.50000, -0.50000, -0.50000, 0.50000)
 
 

rightHand(-0.50000, -0.50000, -0.50000, 0.50000)
 
 

rightHand(-0.01182, 0.99877, 0.04703, 0.01012)
 
 

rightHand(-0.01182, 0.99877, 0.04703, 0.01012)
 
 

rightHand(-0.01182, 0.99877, 0.04703, 0.01012)
 
 

rightHand(-0.01182, 0.99877, 0.04703, 0.01012)
 
 

rightHand(-0.01182, 0.99877, 0.04703, 0.01012)
 
 

rightHand(-0.01182, 0.99877, 0.04703, 0.01012)
 
 

rightHand(-0.50000, -0.50000, -0.50000, 0.50000)
 
 

rightHand(-0.50000, -0.50000, -0.50000, 0.50000)
 
 

rightHand(-0.50000, -0.50000, -0.50000, 0.50000)
 
 

rightHand(-0.50000, -0.50000, -0.50000, 0.50000)
 
 

rightHand(-0.50000, -0.50000, -0.50000, 0.50000)
 
 

rightHand(-0.50000, -0.50000, -0.50000, 0.50000)
 
 

rightHand(-0.50000, -0.50000, -0.50000, 0.50000)
 
 

rightHand(-0.50000, -0.50000, -0.50000, 0.50000)
 
 

rightHand(-0.50000, -0.50000, -0.50000, 0.50000)
 
 

rightHand(-0.50000, -0.50000, -0.50000, 0.50000)
 
 

rightHand(-0.50000, -0.50000, -0.50000, 0.50000)
 
 

rightHand(-0.50000, -0.50000, -0.50000, 0.50000)
 
 

rightHand(-0.50000, -0.50000, -0.50000, 0.50000)
 
 

rightHand(-0.50000, -0.50000, -0.50000, 0.50000)
 
 

rightHand(-0.50000, -0.50000, -0.50000, 0.50000)
 
 

rightHand(-0.50000, -0.50000, -0.50000, 0.50000)
 
 

rightHand(-0.01274, 0.99873, 0.04729, 0.01143)
 
 

rightHand(-0.01274, 0.99873, 0.04729, 0.01143)
 
 

rightHand(-0.01274, 0.99873, 0.04729, 0.01143)
 
 

rightHand(-0.01274, 0.99873, 0.04729, 0.01143)
 
 

rightHand(-0.50000, -0.50000, -0.50000, 0.50000)
 
 

rightHand(-0.50000, -0.50000, -0.50000, 0.50000)
 
 

rightHand(-0.50000, -0.50000, -0.50000, 0.50000)
 
 

rightHand(-0.50000, -0.50000, -0.50000, 0.50000)
 
 

rightHand(-0.50000, -0.50000, -0.50000, 0.50000)
 
 

rightHand(-0.50000, -0.50000, -0.50000, 0.50000)
 
 

rightHand(-0.50000, -0.50000, -0.50000, 0.50000)
 
 

rightHand(-0.50000, -0.50000, -0.50000, 0.50000)
 
 

rightHand(-0.50000, -0.50000, -0.50000, 0.50000)
 
 

rightHand(-0.50000, -0.50000, -0.50000, 0.50000)
 
 

rightHand(-0.50000, -0.50000, -0.50000, 0.50000)
 
 

rightHand(-0.50000, -0.50000, -0.50000, 0.50000)
 
 

rightHand(-0.50000, -0.50000, -0.50000, 0.50000)
 
 

rightHand(-0.50000, -0.50000, -0.50000, 0.50000)
 
 

rightHand(-0.50000, -0.50000, -0.50000, 0.50000)
 
 

rightHand(-0.50000, -0.50000, -0.50000, 0.50000)
 
 

rightHand(-0.01500, 0.99868, 0.04757, 0.01224)
 
 

rightHand(-0.01500, 0.99868, 0.04757, 0.01224)
 
 

rightHand(-0.01500, 0.99868, 0.04757, 0.01224)
 
 

rightHand(-0.01500, 0.99868, 0.04757, 0.01224)
 
 

rightHand(-0.50000, -0.50000, -0.50000, 0.50000)
 
 

rightHand(-0.50000, -0.50000, -0.50000, 0.50000)
 
 

rightHand(-0.50000, -0.50000, -0.50000, 0.50000)
 
 

rightHand(-0.50000, -0.50000, -0.50000, 0.50000)
 
 

rightHand(-0.50000, -0.50000, -0.50000, 0.50000)
 
 

rightHand(-0.50000, -0.50000, -0.50000, 0.50000)
 
 

rightHand(-0.50000, -0.50000, -0.50000, 0.50000)
 
 

rightHand(-0.50000, -0.50000, -0.50000, 0.50000)
 
 

rightHand(-0.50000, -0.50000, -0.50000, 0.50000)
 
 

rightHand(-0.50000, -0.50000, -0.50000, 0.50000)
 
 

rightHand(-0.50000, -0.50000, -0.50000, 0.50000)
 
 

rightHand(-0.50000, -0.50000, -0.50000, 0.50000)
 
 

rightHand(-0.01637, 0.99868, 0.04693, 0.01270)
 
 

rightHand(-0.01637, 0.99868, 0.04693, 0.01270)
 
 

rightHand(-0.01637, 0.99868, 0.04693, 0.01270)
 
 

rightHand(-0.01637, 0.99868, 0.04693, 0.01270)
 
 

rightHand(-0.50000, -0.50000, -0.50000, 0.50000)
 
 

rightHand(-0.50000, -0.50000, -0.50000, 0.50000)
 
 

rightHand(-0.50000, -0.50000, -0.50000, 0.50000)
 
 

rightHand(-0.50000, -0.50000, -0.50000, 0.50000)
 
 

rightHand(-0.50000, -0.50000, -0.50000, 0.50000)
 
 

rightHand(-0.50000, -0.50000, -0.50000, 0.50000)
 
 

rightHand(-0.50000, -0.50000, -0.50000, 0.50000)
 
 

rightHand(-0.50000, -0.50000, -0.50000, 0.50000)
 
 

rightHand(-0.01452, 0.99876, 0.04547, 0.01395)
 
 

rightHand(-0.01452, 0.99876, 0.04547, 0.01395)
 
 

rightHand(-0.01452, 0.99876, 0.04547, 0.01395)
 
 

rightHand(-0.01452, 0.99876, 0.04547, 0.01395)
 
 

rightHand(-0.50000, -0.50000, -0.50000, 0.50000)
 
 

rightHand(-0.50000, -0.50000, -0.50000, 0.50000)
 
 

rightHand(-0.50000, -0.50000, -0.50000, 0.50000)
 
 

rightHand(-0.50000, -0.50000, -0.50000, 0.50000)
 
 

rightHand(-0.50000, -0.50000, -0.50000, 0.50000)
 
 

rightHand(-0.50000, -0.50000, -0.50000, 0.50000)
 
 

rightHand(-0.50000, -0.50000, -0.50000, 0.50000)
 
 

rightHand(-0.50000, -0.50000, -0.50000, 0.50000)
 
 

rightHand(-0.01311, 0.99878, 0.04535, 0.01470)
 
 

rightHand(-0.01311, 0.99878, 0.04535, 0.01470)
 
 

rightHand(-0.01311, 0.99878, 0.04535, 0.01470)
 
 

rightHand(-0.01311, 0.99878, 0.04535, 0.01470)
 
 

rightHand(-0.50000, -0.50000, -0.50000, 0.50000)
 
 

rightHand(-0.50000, -0.50000, -0.50000, 0.50000)
 
 

rightHand(-0.50000, -0.50000, -0.50000, 0.50000)
 
 

rightHand(-0.50000, -0.50000, -0.50000, 0.50000)
 
 

rightHand(-0.01307, 0.99881, 0.04512, 0.01311)
 
 

rightHand(-0.01307, 0.99881, 0.04512, 0.01311)
 
 

rightHand(-0.01307, 0.99881, 0.04512, 0.01311)
 
 

rightHand(-0.01307, 0.99881, 0.04512, 0.01311)
 
 

rightHand(-0.01176, 0.99886, 0.04466, 0.01195)
 
 

rightHand(-0.01176, 0.99886, 0.04466, 0.01195)
 
 

rightHand(-0.01176, 0.99886, 0.04466, 0.01195)
 
 

rightHand(-0.01176, 0.99886, 0.04466, 0.01195)
 
 

rightHand(-0.01242, 0.99883, 0.04499, 0.01284)
 
 

rightHand(-0.01242, 0.99883, 0.04499, 0.01284)
 
 

rightHand(-0.01242, 0.99883, 0.04499, 0.01284)
 
 

rightHand(-0.01242, 0.99883, 0.04499, 0.01284)
 
 

rightHand(-0.01772, 0.99868, 0.04589, 0.01493)
 
 

rightHand(-0.01772, 0.99868, 0.04589, 0.01493)
 
 

rightHand(-0.01772, 0.99868, 0.04589, 0.01493)
 
 

rightHand(-0.01772, 0.99868, 0.04589, 0.01493)
 
 

rightHand(-0.01774, 0.99863, 0.04642, 0.01615)
 
 

rightHand(-0.01774, 0.99863, 0.04642, 0.01615)
 
 

rightHand(-0.01774, 0.99863, 0.04642, 0.01615)
 
 

rightHand(-0.01774, 0.99863, 0.04642, 0.01615)
 
 

rightHand(-0.01511, 0.99862, 0.04697, 0.01787)
 
 

rightHand(-0.01511, 0.99862, 0.04697, 0.01787)
 
 

rightHand(-0.01511, 0.99862, 0.04697, 0.01787)
 
 

rightHand(-0.01511, 0.99862, 0.04697, 0.01787)
 
 

rightHand(-0.01875, 0.99864, 0.04542, 0.01737)
 
 

rightHand(-0.01875, 0.99864, 0.04542, 0.01737)
 
 

rightHand(-0.01875, 0.99864, 0.04542, 0.01737)
 
 

rightHand(-0.01875, 0.99864, 0.04542, 0.01737)
 
 

rightHand(-0.02043, 0.99868, 0.04401, 0.01684)
 
 

rightHand(-0.02043, 0.99868, 0.04401, 0.01684)
 
 

rightHand(-0.02043, 0.99868, 0.04401, 0.01684)
 
 

rightHand(-0.02043, 0.99868, 0.04401, 0.01684)
 
 

rightHand(-0.01650, 0.99878, 0.04353, 0.01619)
 
 

rightHand(-0.01650, 0.99878, 0.04353, 0.01619)
 
 

rightHand(-0.01650, 0.99878, 0.04353, 0.01619)
 
 

rightHand(-0.01650, 0.99878, 0.04353, 0.01619)
 
 

rightHand(-0.01538, 0.99882, 0.04324, 0.01588)
 
 

rightHand(-0.01538, 0.99882, 0.04324, 0.01588)
 
 

rightHand(-0.01538, 0.99882, 0.04324, 0.01588)
 
 

rightHand(-0.01538, 0.99882, 0.04324, 0.01588)
 
 

rightHand(-0.01952, 0.99873, 0.04355, 0.01613)
 
 

rightHand(-0.01952, 0.99873, 0.04355, 0.01613)
 
 

rightHand(-0.01952, 0.99873, 0.04355, 0.01613)
 
 

rightHand(-0.01952, 0.99873, 0.04355, 0.01613)
 
 

rightHand(-0.02530, 0.99858, 0.04381, 0.01672)
 
 

rightHand(-0.02530, 0.99858, 0.04381, 0.01672)
 
 

rightHand(-0.02530, 0.99858, 0.04381, 0.01672)
 
 

rightHand(-0.02530, 0.99858, 0.04381, 0.01672)
 
 

rightHand(-0.02432, 0.99859, 0.04484, 0.01494)
 
 

rightHand(-0.02432, 0.99859, 0.04484, 0.01494)
 
 

rightHand(-0.02432, 0.99859, 0.04484, 0.01494)
 
 

rightHand(-0.02432, 0.99859, 0.04484, 0.01494)
 
 

rightHand(-0.02209, 0.99864, 0.04504, 0.01430)
 
 

rightHand(-0.02209, 0.99864, 0.04504, 0.01430)
 
 

rightHand(-0.02209, 0.99864, 0.04504, 0.01430)
 
 

rightHand(-0.02209, 0.99864, 0.04504, 0.01430)
 
 

rightHand(-0.02054, 0.99863, 0.04548, 0.01560)
 
 

rightHand(-0.02054, 0.99863, 0.04548, 0.01560)
 
 

rightHand(-0.02054, 0.99863, 0.04548, 0.01560)
 
 

rightHand(-0.02054, 0.99863, 0.04548, 0.01560)
 
 

rightHand(-0.50000, -0.50000, -0.50000, 0.50000)
 
 

rightHand(-0.50000, -0.50000, -0.50000, 0.50000)
 
 

rightHand(-0.50000, -0.50000, -0.50000, 0.50000)
 
 

rightHand(-0.50000, -0.50000, -0.50000, 0.50000)
 
 

rightHand(-0.50000, -0.50000, -0.50000, 0.50000)
 
 

rightHand(-0.50000, -0.50000, -0.50000, 0.50000)
 
 

rightHand(-0.50000, -0.50000, -0.50000, 0.50000)
 
 

rightHand(-0.50000, -0.50000, -0.50000, 0.50000)
 
 

rightHand(-0.02187, 0.99852, 0.04661, 0.01743)
 
 

rightHand(-0.02187, 0.99852, 0.04661, 0.01743)
 
 

rightHand(-0.02187, 0.99852, 0.04661, 0.01743)
 
 

rightHand(-0.02187, 0.99852, 0.04661, 0.01743)
 
 

rightHand(-0.50000, -0.50000, -0.50000, 0.50000)
 
 

rightHand(-0.50000, -0.50000, -0.50000, 0.50000)
 
 

rightHand(-0.50000, -0.50000, -0.50000, 0.50000)
 
 

rightHand(-0.50000, -0.50000, -0.50000, 0.50000)
 
 

rightHand(-0.50000, -0.50000, -0.50000, 0.50000)
 
 

rightHand(-0.50000, -0.50000, -0.50000, 0.50000)
 
 

rightHand(-0.50000, -0.50000, -0.50000, 0.50000)
 
 

rightHand(-0.50000, -0.50000, -0.50000, 0.50000)
 
 

rightHand(-0.02857, 0.99848, 0.04475, 0.01488)
 
 

rightHand(-0.02857, 0.99848, 0.04475, 0.01488)
 
 

rightHand(-0.02857, 0.99848, 0.04475, 0.01488)
 
 

rightHand(-0.02857, 0.99848, 0.04475, 0.01488)
 
 

rightHand(-0.50000, -0.50000, -0.50000, 0.50000)
 
 

rightHand(-0.50000, -0.50000, -0.50000, 0.50000)
 
 

rightHand(-0.50000, -0.50000, -0.50000, 0.50000)
 
 

rightHand(-0.50000, -0.50000, -0.50000, 0.50000)
 
 

rightHand(-0.50000, -0.50000, -0.50000, 0.50000)
 
 

rightHand(-0.50000, -0.50000, -0.50000, 0.50000)
 
 

rightHand(-0.50000, -0.50000, -0.50000, 0.50000)
 
 

rightHand(-0.50000, -0.50000, -0.50000, 0.50000)
 
 

rightHand(-0.03258, 0.99833, 0.04513, 0.01528)
 
 

rightHand(-0.03258, 0.99833, 0.04513, 0.01528)
 
 

rightHand(-0.03258, 0.99833, 0.04513, 0.01528)
 
 

rightHand(-0.03258, 0.99833, 0.04513, 0.01528)
 
 

rightHand(-0.50000, -0.50000, -0.50000, 0.50000)
 
 

rightHand(-0.50000, -0.50000, -0.50000, 0.50000)
 
 

rightHand(-0.50000, -0.50000, -0.50000, 0.50000)
 
 

rightHand(-0.50000, -0.50000, -0.50000, 0.50000)
 
 

rightHand(-0.50000, -0.50000, -0.50000, 0.50000)
 
 

rightHand(-0.50000, -0.50000, -0.50000, 0.50000)
 
 

rightHand(-0.50000, -0.50000, -0.50000, 0.50000)
 
 

rightHand(-0.50000, -0.50000, -0.50000, 0.50000)
 
 

rightHand(-0.50000, -0.50000, -0.50000, 0.50000)
 
 

rightHand(-0.50000, -0.50000, -0.50000, 0.50000)
 
 

rightHand(-0.50000, -0.50000, -0.50000, 0.50000)
 
 

rightHand(-0.50000, -0.50000, -0.50000, 0.50000)
 
 

rightHand(-0.02742, 0.99841, 0.04637, 0.01637)
 
 

rightHand(-0.02742, 0.99841, 0.04637, 0.01637)
 
 

rightHand(-0.02742, 0.99841, 0.04637, 0.01637)
 
 

rightHand(-0.02742, 0.99841, 0.04637, 0.01637)
 
 

rightHand(-0.50000, -0.50000, -0.50000, 0.50000)
 
 

rightHand(-0.50000, -0.50000, -0.50000, 0.50000)
 
 

rightHand(-0.50000, -0.50000, -0.50000, 0.50000)
 
 

rightHand(-0.50000, -0.50000, -0.50000, 0.50000)
 
 

rightHand(-0.50000, -0.50000, -0.50000, 0.50000)
 
 

rightHand(-0.50000, -0.50000, -0.50000, 0.50000)
 
 

rightHand(-0.50000, -0.50000, -0.50000, 0.50000)
 
 

rightHand(-0.50000, -0.50000, -0.50000, 0.50000)
 
 

rightHand(-0.50000, -0.50000, -0.50000, 0.50000)
 
 

rightHand(-0.50000, -0.50000, -0.50000, 0.50000)
 
 

rightHand(-0.50000, -0.50000, -0.50000, 0.50000)
 
 

rightHand(-0.50000, -0.50000, -0.50000, 0.50000)
 
 

rightHand(-0.50000, -0.50000, -0.50000, 0.50000)
 
 

rightHand(-0.50000, -0.50000, -0.50000, 0.50000)
 
 

rightHand(-0.50000, -0.50000, -0.50000, 0.50000)
 
 

rightHand(-0.50000, -0.50000, -0.50000, 0.50000)
 
 

rightHand(-0.02404, 0.99841, 0.04787, 0.01759)
 
 

rightHand(-0.02404, 0.99841, 0.04787, 0.01759)
 
 

rightHand(-0.02404, 0.99841, 0.04787, 0.01759)
 
 

rightHand(-0.02404, 0.99841, 0.04787, 0.01759)
 
 

rightHand(-0.50000, -0.50000, -0.50000, 0.50000)
 
 

rightHand(-0.50000, -0.50000, -0.50000, 0.50000)
 
 

rightHand(-0.50000, -0.50000, -0.50000, 0.50000)
 
 

rightHand(-0.50000, -0.50000, -0.50000, 0.50000)
 
 

rightHand(-0.50000, -0.50000, -0.50000, 0.50000)
 
 

rightHand(-0.50000, -0.50000, -0.50000, 0.50000)
 
 

rightHand(-0.50000, -0.50000, -0.50000, 0.50000)
 
 

rightHand(-0.50000, -0.50000, -0.50000, 0.50000)
 
 

rightHand(-0.50000, -0.50000, -0.50000, 0.50000)
 
 

rightHand(-0.50000, -0.50000, -0.50000, 0.50000)
 
 

rightHand(-0.50000, -0.50000, -0.50000, 0.50000)
 
 

rightHand(-0.50000, -0.50000, -0.50000, 0.50000)
 
 

rightHand(-0.50000, -0.50000, -0.50000, 0.50000)
 
 

rightHand(-0.50000, -0.50000, -0.50000, 0.50000)
 
 

rightHand(-0.50000, -0.50000, -0.50000, 0.50000)
 
 

rightHand(-0.50000, -0.50000, -0.50000, 0.50000)
 
 

rightHand(-0.03524, 0.99818, 0.04576, 0.01728)
 
 

rightHand(-0.03524, 0.99818, 0.04576, 0.01728)
 
 

rightHand(-0.03524, 0.99818, 0.04576, 0.01728)
 
 

rightHand(-0.03524, 0.99818, 0.04576, 0.01728)
 
 

rightHand(-0.50000, -0.50000, -0.50000, 0.50000)
 
 

rightHand(-0.50000, -0.50000, -0.50000, 0.50000)
 
 

rightHand(-0.50000, -0.50000, -0.50000, 0.50000)
 
 

rightHand(-0.50000, -0.50000, -0.50000, 0.50000)
 
 

rightHand(-0.50000, -0.50000, -0.50000, 0.50000)
 
 

rightHand(-0.50000, -0.50000, -0.50000, 0.50000)
 
 

rightHand(-0.50000, -0.50000, -0.50000, 0.50000)
 
 

rightHand(-0.50000, -0.50000, -0.50000, 0.50000)
 
 

rightHand(-0.50000, -0.50000, -0.50000, 0.50000)
 
 

rightHand(-0.50000, -0.50000, -0.50000, 0.50000)
 
 

rightHand(-0.50000, -0.50000, -0.50000, 0.50000)
 
 

rightHand(-0.50000, -0.50000, -0.50000, 0.50000)
 
 

rightHand(-0.50000, -0.50000, -0.50000, 0.50000)
 
 

rightHand(-0.50000, -0.50000, -0.50000, 0.50000)
 
 

rightHand(-0.50000, -0.50000, -0.50000, 0.50000)
 
 

rightHand(-0.50000, -0.50000, -0.50000, 0.50000)
 
 

rightHand(-0.04321, 0.99798, 0.04344, 0.01679)
 
 

rightHand(-0.04321, 0.99798, 0.04344, 0.01679)
 
 

rightHand(-0.04321, 0.99798, 0.04344, 0.01679)
 
 

rightHand(-0.04321, 0.99798, 0.04344, 0.01679)
 
 

rightHand(-0.04321, 0.99798, 0.04344, 0.01679)
 
 

rightHand(-0.04321, 0.99798, 0.04344, 0.01679)
 
 

rightHand(-0.50000, -0.50000, -0.50000, 0.50000)
 
 

rightHand(-0.50000, -0.50000, -0.50000, 0.50000)
 
 

rightHand(-0.50000, -0.50000, -0.50000, 0.50000)
 
 

rightHand(-0.50000, -0.50000, -0.50000, 0.50000)
 
 

rightHand(-0.50000, -0.50000, -0.50000, 0.50000)
 
 

rightHand(-0.50000, -0.50000, -0.50000, 0.50000)
 
 

rightHand(-0.50000, -0.50000, -0.50000, 0.50000)
 
 

rightHand(-0.50000, -0.50000, -0.50000, 0.50000)
 
 

rightHand(-0.50000, -0.50000, -0.50000, 0.50000)
 
 

rightHand(-0.50000, -0.50000, -0.50000, 0.50000)
 
 

rightHand(-0.50000, -0.50000, -0.50000, 0.50000)
 
 

rightHand(-0.50000, -0.50000, -0.50000, 0.50000)
 
 

rightHand(-0.50000, -0.50000, -0.50000, 0.50000)
 
 

rightHand(-0.50000, -0.50000, -0.50000, 0.50000)
 
 

rightHand(-0.50000, -0.50000, -0.50000, 0.50000)
 
 

rightHand(-0.50000, -0.50000, -0.50000, 0.50000)
 
 

rightHand(-0.05054, 0.99758, 0.04440, 0.01739)
 
 

rightHand(-0.05054, 0.99758, 0.04440, 0.01739)
 
 

rightHand(-0.05054, 0.99758, 0.04440, 0.01739)
 
 

rightHand(-0.05054, 0.99758, 0.04440, 0.01739)
 
 

rightHand(-0.05054, 0.99758, 0.04440, 0.01739)
 
 

rightHand(-0.05054, 0.99758, 0.04440, 0.01739)
 
 

rightHand(-0.50000, -0.50000, -0.50000, 0.50000)
 
 

rightHand(-0.50000, -0.50000, -0.50000, 0.50000)
 
 

rightHand(-0.50000, -0.50000, -0.50000, 0.50000)
 
 

rightHand(-0.50000, -0.50000, -0.50000, 0.50000)
 
 

rightHand(-0.50000, -0.50000, -0.50000, 0.50000)
 
 

rightHand(-0.50000, -0.50000, -0.50000, 0.50000)
 
 

rightHand(-0.50000, -0.50000, -0.50000, 0.50000)
 
 

rightHand(-0.50000, -0.50000, -0.50000, 0.50000)
 
 

rightHand(-0.50000, -0.50000, -0.50000, 0.50000)
 
 

rightHand(-0.50000, -0.50000, -0.50000, 0.50000)
 
 

rightHand(-0.50000, -0.50000, -0.50000, 0.50000)
 
 

rightHand(-0.50000, -0.50000, -0.50000, 0.50000)
 
 

rightHand(-0.50000, -0.50000, -0.50000, 0.50000)
 
 

rightHand(-0.50000, -0.50000, -0.50000, 0.50000)
 
 

rightHand(-0.50000, -0.50000, -0.50000, 0.50000)
 
 

rightHand(-0.50000, -0.50000, -0.50000, 0.50000)
 
 

rightHand(-0.04504, 0.99774, 0.04593, 0.01916)
 
 

rightHand(-0.04504, 0.99774, 0.04593, 0.01916)
 
 

rightHand(-0.04504, 0.99774, 0.04593, 0.01916)
 
 

rightHand(-0.04504, 0.99774, 0.04593, 0.01916)
 
 

rightHand(-0.04504, 0.99774, 0.04593, 0.01916)
 
 

rightHand(-0.04504, 0.99774, 0.04593, 0.01916)
 
 

rightHand(-0.50000, -0.50000, -0.50000, 0.50000)
 
 

rightHand(-0.50000, -0.50000, -0.50000, 0.50000)
 
 

rightHand(-0.50000, -0.50000, -0.50000, 0.50000)
 
 

rightHand(-0.50000, -0.50000, -0.50000, 0.50000)
 
 

rightHand(-0.50000, -0.50000, -0.50000, 0.50000)
 
 

rightHand(-0.50000, -0.50000, -0.50000, 0.50000)
 
 

rightHand(-0.50000, -0.50000, -0.50000, 0.50000)
 
 

rightHand(-0.50000, -0.50000, -0.50000, 0.50000)
 
 

rightHand(-0.50000, -0.50000, -0.50000, 0.50000)
 
 

rightHand(-0.50000, -0.50000, -0.50000, 0.50000)
 
 

rightHand(-0.50000, -0.50000, -0.50000, 0.50000)
 
 

rightHand(-0.50000, -0.50000, -0.50000, 0.50000)
 
 

rightHand(-0.50000, -0.50000, -0.50000, 0.50000)
 
 

rightHand(-0.50000, -0.50000, -0.50000, 0.50000)
 
 

rightHand(-0.50000, -0.50000, -0.50000, 0.50000)
 
 

rightHand(-0.50000, -0.50000, -0.50000, 0.50000)
 
 

rightHand(-0.04001, 0.99794, 0.04509, 0.02196)
 
 

rightHand(-0.04001, 0.99794, 0.04509, 0.02196)
 
 

rightHand(-0.04001, 0.99794, 0.04509, 0.02196)
 
 

rightHand(-0.04001, 0.99794, 0.04509, 0.02196)
 
 

rightHand(-0.04001, 0.99794, 0.04509, 0.02196)
 
 

rightHand(-0.04001, 0.99794, 0.04509, 0.02196)
 
 

rightHand(-0.50000, -0.50000, -0.50000, 0.50000)
 
 

rightHand(-0.50000, -0.50000, -0.50000, 0.50000)
 
 

rightHand(-0.50000, -0.50000, -0.50000, 0.50000)
 
 

rightHand(-0.50000, -0.50000, -0.50000, 0.50000)
 
 

rightHand(-0.50000, -0.50000, -0.50000, 0.50000)
 
 

rightHand(-0.50000, -0.50000, -0.50000, 0.50000)
 
 

rightHand(-0.50000, -0.50000, -0.50000, 0.50000)
 
 

rightHand(-0.50000, -0.50000, -0.50000, 0.50000)
 
 

rightHand(-0.50000, -0.50000, -0.50000, 0.50000)
 
 

rightHand(-0.50000, -0.50000, -0.50000, 0.50000)
 
 

rightHand(-0.50000, -0.50000, -0.50000, 0.50000)
 
 

rightHand(-0.50000, -0.50000, -0.50000, 0.50000)
 
 

rightHand(-0.50000, -0.50000, -0.50000, 0.50000)
 
 

rightHand(-0.50000, -0.50000, -0.50000, 0.50000)
 
 

rightHand(-0.50000, -0.50000, -0.50000, 0.50000)
 
 

rightHand(-0.50000, -0.50000, -0.50000, 0.50000)
 
 

rightHand(-0.03437, 0.99805, 0.04513, 0.02619)
 
 

rightHand(-0.03437, 0.99805, 0.04513, 0.02619)
 
 

rightHand(-0.03437, 0.99805, 0.04513, 0.02619)
 
 

rightHand(-0.03437, 0.99805, 0.04513, 0.02619)
 
 

rightHand(-0.03437, 0.99805, 0.04513, 0.02619)
 
 

rightHand(-0.03437, 0.99805, 0.04513, 0.02619)
 
 

rightHand(-0.50000, -0.50000, -0.50000, 0.50000)
 
 

rightHand(-0.50000, -0.50000, -0.50000, 0.50000)
 
 

rightHand(-0.50000, -0.50000, -0.50000, 0.50000)
 
 

rightHand(-0.50000, -0.50000, -0.50000, 0.50000)
 
 

rightHand(-0.50000, -0.50000, -0.50000, 0.50000)
 
 

rightHand(-0.50000, -0.50000, -0.50000, 0.50000)
 
 

rightHand(-0.50000, -0.50000, -0.50000, 0.50000)
 
 

rightHand(-0.50000, -0.50000, -0.50000, 0.50000)
 
 

rightHand(-0.50000, -0.50000, -0.50000, 0.50000)
 
 

rightHand(-0.50000, -0.50000, -0.50000, 0.50000)
 
 

rightHand(-0.50000, -0.50000, -0.50000, 0.50000)
 
 

rightHand(-0.50000, -0.50000, -0.50000, 0.50000)
 
 

rightHand(-0.50000, -0.50000, -0.50000, 0.50000)
 
 

rightHand(-0.50000, -0.50000, -0.50000, 0.50000)
 
 

rightHand(-0.50000, -0.50000, -0.50000, 0.50000)
 
 

rightHand(-0.50000, -0.50000, -0.50000, 0.50000)
 
 

rightHand(-0.02884, 0.99800, 0.04898, 0.02768)
 
 

rightHand(-0.02884, 0.99800, 0.04898, 0.02768)
 
 

rightHand(-0.02884, 0.99800, 0.04898, 0.02768)
 
 

rightHand(-0.02884, 0.99800, 0.04898, 0.02768)
 
 

rightHand(-0.02884, 0.99800, 0.04898, 0.02768)
 
 

rightHand(-0.02884, 0.99800, 0.04898, 0.02768)
 
 

rightHand(-0.02884, 0.99800, 0.04898, 0.02768)
 
 

rightHand(-0.02884, 0.99800, 0.04898, 0.02768)
 
 

rightHand(-0.50000, -0.50000, -0.50000, 0.50000)
 
 

rightHand(-0.50000, -0.50000, -0.50000, 0.50000)
 
 

rightHand(-0.50000, -0.50000, -0.50000, 0.50000)
 
 

rightHand(-0.50000, -0.50000, -0.50000, 0.50000)
 
 

rightHand(-0.50000, -0.50000, -0.50000, 0.50000)
 
 

rightHand(-0.50000, -0.50000, -0.50000, 0.50000)
 
 

rightHand(-0.50000, -0.50000, -0.50000, 0.50000)
 
 

rightHand(-0.50000, -0.50000, -0.50000, 0.50000)
 
 

rightHand(-0.50000, -0.50000, -0.50000, 0.50000)
 
 

rightHand(-0.50000, -0.50000, -0.50000, 0.50000)
 
 

rightHand(-0.50000, -0.50000, -0.50000, 0.50000)
 
 

rightHand(-0.50000, -0.50000, -0.50000, 0.50000)
 
 

rightHand(-0.50000, -0.50000, -0.50000, 0.50000)
 
 

rightHand(-0.50000, -0.50000, -0.50000, 0.50000)
 
 

rightHand(-0.50000, -0.50000, -0.50000, 0.50000)
 
 

rightHand(-0.50000, -0.50000, -0.50000, 0.50000)
 
 

rightHand(-0.02700, 0.99797, 0.05104, 0.02702)
 
 

rightHand(-0.02700, 0.99797, 0.05104, 0.02702)
 
 

rightHand(-0.02700, 0.99797, 0.05104, 0.02702)
 
 

rightHand(-0.02700, 0.99797, 0.05104, 0.02702)
 
 

rightHand(-0.02700, 0.99797, 0.05104, 0.02702)
 
 

rightHand(-0.02700, 0.99797, 0.05104, 0.02702)
 
 

rightHand(-0.02700, 0.99797, 0.05104, 0.02702)
 
 

rightHand(-0.02700, 0.99797, 0.05104, 0.02702)
 
 

rightHand(-0.50000, -0.50000, -0.50000, 0.50000)
 
 

rightHand(-0.50000, -0.50000, -0.50000, 0.50000)
 
 

rightHand(-0.50000, -0.50000, -0.50000, 0.50000)
 
 

rightHand(-0.50000, -0.50000, -0.50000, 0.50000)
 
 

rightHand(-0.50000, -0.50000, -0.50000, 0.50000)
 
 

rightHand(-0.50000, -0.50000, -0.50000, 0.50000)
 
 

rightHand(-0.50000, -0.50000, -0.50000, 0.50000)
 
 

rightHand(-0.50000, -0.50000, -0.50000, 0.50000)
 
 

rightHand(-0.50000, -0.50000, -0.50000, 0.50000)
 
 

rightHand(-0.50000, -0.50000, -0.50000, 0.50000)
 
 

rightHand(-0.50000, -0.50000, -0.50000, 0.50000)
 
 

rightHand(-0.50000, -0.50000, -0.50000, 0.50000)
 
 

rightHand(-0.50000, -0.50000, -0.50000, 0.50000)
 
 

rightHand(-0.50000, -0.50000, -0.50000, 0.50000)
 
 

rightHand(-0.50000, -0.50000, -0.50000, 0.50000)
 
 

rightHand(-0.50000, -0.50000, -0.50000, 0.50000)
 
 

rightHand(-0.02623, 0.99798, 0.05153, 0.02646)
 
 

rightHand(-0.02623, 0.99798, 0.05153, 0.02646)
 
 

rightHand(-0.02623, 0.99798, 0.05153, 0.02646)
 
 

rightHand(-0.02623, 0.99798, 0.05153, 0.02646)
 
 

rightHand(-0.02623, 0.99798, 0.05153, 0.02646)
 
 

rightHand(-0.02623, 0.99798, 0.05153, 0.02646)
 
 

rightHand(-0.02623, 0.99798, 0.05153, 0.02646)
 
 

rightHand(-0.02623, 0.99798, 0.05153, 0.02646)
 
 

rightHand(-0.50000, -0.50000, -0.50000, 0.50000)
 
 

rightHand(-0.50000, -0.50000, -0.50000, 0.50000)
 
 

rightHand(-0.50000, -0.50000, -0.50000, 0.50000)
 
 

rightHand(-0.50000, -0.50000, -0.50000, 0.50000)
 
 

rightHand(-0.50000, -0.50000, -0.50000, 0.50000)
 
 

rightHand(-0.50000, -0.50000, -0.50000, 0.50000)
 
 

rightHand(-0.50000, -0.50000, -0.50000, 0.50000)
 
 

rightHand(-0.50000, -0.50000, -0.50000, 0.50000)
 
 

rightHand(-0.50000, -0.50000, -0.50000, 0.50000)
 
 

rightHand(-0.50000, -0.50000, -0.50000, 0.50000)
 
 

rightHand(-0.50000, -0.50000, -0.50000, 0.50000)
 
 

rightHand(-0.50000, -0.50000, -0.50000, 0.50000)
 
 

rightHand(-0.50000, -0.50000, -0.50000, 0.50000)
 
 

rightHand(-0.50000, -0.50000, -0.50000, 0.50000)
 
 

rightHand(-0.50000, -0.50000, -0.50000, 0.50000)
 
 

rightHand(-0.50000, -0.50000, -0.50000, 0.50000)
 
 

rightHand(-0.02978, 0.99814, 0.04868, 0.02144)
 
 

rightHand(-0.02978, 0.99814, 0.04868, 0.02144)
 
 

rightHand(-0.02978, 0.99814, 0.04868, 0.02144)
 
 

rightHand(-0.02978, 0.99814, 0.04868, 0.02144)
 
 

rightHand(-0.02978, 0.99814, 0.04868, 0.02144)
 
 

rightHand(-0.02978, 0.99814, 0.04868, 0.02144)
 
 

rightHand(-0.02978, 0.99814, 0.04868, 0.02144)
 
 

rightHand(-0.02978, 0.99814, 0.04868, 0.02144)
 
 

rightHand(-0.50000, -0.50000, -0.50000, 0.50000)
 
 

rightHand(-0.50000, -0.50000, -0.50000, 0.50000)
 
 

rightHand(-0.50000, -0.50000, -0.50000, 0.50000)
 
 

rightHand(-0.50000, -0.50000, -0.50000, 0.50000)
 
 

rightHand(-0.50000, -0.50000, -0.50000, 0.50000)
 
 

rightHand(-0.50000, -0.50000, -0.50000, 0.50000)
 
 

rightHand(-0.50000, -0.50000, -0.50000, 0.50000)
 
 

rightHand(-0.50000, -0.50000, -0.50000, 0.50000)
 
 

rightHand(-0.50000, -0.50000, -0.50000, 0.50000)
 
 

rightHand(-0.50000, -0.50000, -0.50000, 0.50000)
 
 

rightHand(-0.50000, -0.50000, -0.50000, 0.50000)
 
 

rightHand(-0.50000, -0.50000, -0.50000, 0.50000)
 
 

rightHand(-0.50000, -0.50000, -0.50000, 0.50000)
 
 

rightHand(-0.50000, -0.50000, -0.50000, 0.50000)
 
 

rightHand(-0.50000, -0.50000, -0.50000, 0.50000)
 
 

rightHand(-0.50000, -0.50000, -0.50000, 0.50000)
 
 

rightHand(-0.02798, 0.99820, 0.04861, 0.02106)
 
 

rightHand(-0.02798, 0.99820, 0.04861, 0.02106)
 
 

rightHand(-0.02798, 0.99820, 0.04861, 0.02106)
 
 

rightHand(-0.02798, 0.99820, 0.04861, 0.02106)
 
 

rightHand(-0.02798, 0.99820, 0.04861, 0.02106)
 
 

rightHand(-0.02798, 0.99820, 0.04861, 0.02106)
 
 

rightHand(-0.02798, 0.99820, 0.04861, 0.02106)
 
 

rightHand(-0.02798, 0.99820, 0.04861, 0.02106)
 
 

rightHand(-0.50000, -0.50000, -0.50000, 0.50000)
 
 

rightHand(-0.50000, -0.50000, -0.50000, 0.50000)
 
 

rightHand(-0.50000, -0.50000, -0.50000, 0.50000)
 
 

rightHand(-0.50000, -0.50000, -0.50000, 0.50000)
 
 

rightHand(-0.50000, -0.50000, -0.50000, 0.50000)
 
 

rightHand(-0.50000, -0.50000, -0.50000, 0.50000)
 
 

rightHand(-0.50000, -0.50000, -0.50000, 0.50000)
 
 

rightHand(-0.50000, -0.50000, -0.50000, 0.50000)
 
 

rightHand(-0.50000, -0.50000, -0.50000, 0.50000)
 
 

rightHand(-0.50000, -0.50000, -0.50000, 0.50000)
 
 

rightHand(-0.50000, -0.50000, -0.50000, 0.50000)
 
 

rightHand(-0.50000, -0.50000, -0.50000, 0.50000)
 
 

rightHand(-0.50000, -0.50000, -0.50000, 0.50000)
 
 

rightHand(-0.50000, -0.50000, -0.50000, 0.50000)
 
 

rightHand(-0.50000, -0.50000, -0.50000, 0.50000)
 
 

rightHand(-0.50000, -0.50000, -0.50000, 0.50000)
 
 

rightHand(-0.02171, 0.99828, 0.04944, 0.02275)
 
 

rightHand(-0.02171, 0.99828, 0.04944, 0.02275)
 
 

rightHand(-0.02171, 0.99828, 0.04944, 0.02275)
 
 

rightHand(-0.02171, 0.99828, 0.04944, 0.02275)
 
 

rightHand(-0.02171, 0.99828, 0.04944, 0.02275)
 
 

rightHand(-0.02171, 0.99828, 0.04944, 0.02275)
 
 

rightHand(-0.02171, 0.99828, 0.04944, 0.02275)
 
 

rightHand(-0.02171, 0.99828, 0.04944, 0.02275)
 
 

rightHand(-0.50000, -0.50000, -0.50000, 0.50000)
 
 

rightHand(-0.50000, -0.50000, -0.50000, 0.50000)
 
 

rightHand(-0.50000, -0.50000, -0.50000, 0.50000)
 
 

rightHand(-0.50000, -0.50000, -0.50000, 0.50000)
 
 

rightHand(-0.50000, -0.50000, -0.50000, 0.50000)
 
 

rightHand(-0.50000, -0.50000, -0.50000, 0.50000)
 
 

rightHand(-0.50000, -0.50000, -0.50000, 0.50000)
 
 

rightHand(-0.50000, -0.50000, -0.50000, 0.50000)
 
 

rightHand(-0.50000, -0.50000, -0.50000, 0.50000)
 
 

rightHand(-0.50000, -0.50000, -0.50000, 0.50000)
 
 

rightHand(-0.50000, -0.50000, -0.50000, 0.50000)
 
 

rightHand(-0.50000, -0.50000, -0.50000, 0.50000)
 
 

rightHand(-0.50000, -0.50000, -0.50000, 0.50000)
 
 

rightHand(-0.50000, -0.50000, -0.50000, 0.50000)
 
 

rightHand(-0.50000, -0.50000, -0.50000, 0.50000)
 
 

rightHand(-0.50000, -0.50000, -0.50000, 0.50000)
 
 

rightHand(-0.02261, 0.99823, 0.04955, 0.02373)
 
 

rightHand(-0.02261, 0.99823, 0.04955, 0.02373)
 
 

rightHand(-0.02261, 0.99823, 0.04955, 0.02373)
 
 

rightHand(-0.02261, 0.99823, 0.04955, 0.02373)
 
 

rightHand(-0.02261, 0.99823, 0.04955, 0.02373)
 
 

rightHand(-0.02261, 0.99823, 0.04955, 0.02373)
 
 

rightHand(-0.02261, 0.99823, 0.04955, 0.02373)
 
 

rightHand(-0.02261, 0.99823, 0.04955, 0.02373)
 
 

rightHand(-0.50000, -0.50000, -0.50000, 0.50000)
 
 

rightHand(-0.50000, -0.50000, -0.50000, 0.50000)
 
 

rightHand(-0.50000, -0.50000, -0.50000, 0.50000)
 
 

rightHand(-0.50000, -0.50000, -0.50000, 0.50000)
 
 

rightHand(-0.50000, -0.50000, -0.50000, 0.50000)
 
 

rightHand(-0.50000, -0.50000, -0.50000, 0.50000)
 
 

rightHand(-0.50000, -0.50000, -0.50000, 0.50000)
 
 

rightHand(-0.50000, -0.50000, -0.50000, 0.50000)
 
 

rightHand(-0.50000, -0.50000, -0.50000, 0.50000)
 
 

rightHand(-0.50000, -0.50000, -0.50000, 0.50000)
 
 

rightHand(-0.50000, -0.50000, -0.50000, 0.50000)
 
 

rightHand(-0.50000, -0.50000, -0.50000, 0.50000)
 
 

rightHand(-0.50000, -0.50000, -0.50000, 0.50000)
 
 

rightHand(-0.50000, -0.50000, -0.50000, 0.50000)
 
 

rightHand(-0.50000, -0.50000, -0.50000, 0.50000)
 
 

rightHand(-0.50000, -0.50000, -0.50000, 0.50000)
 
 

rightHand(-0.02570, 0.99811, 0.04925, 0.02617)
 
 

rightHand(-0.02570, 0.99811, 0.04925, 0.02617)
 
 

rightHand(-0.02570, 0.99811, 0.04925, 0.02617)
 
 

rightHand(-0.02570, 0.99811, 0.04925, 0.02617)
 
 

rightHand(-0.02570, 0.99811, 0.04925, 0.02617)
 
 

rightHand(-0.02570, 0.99811, 0.04925, 0.02617)
 
 

rightHand(-0.50000, -0.50000, -0.50000, 0.50000)
 
 

rightHand(-0.50000, -0.50000, -0.50000, 0.50000)
 
 

rightHand(-0.50000, -0.50000, -0.50000, 0.50000)
 
 

rightHand(-0.50000, -0.50000, -0.50000, 0.50000)
 
 

rightHand(-0.50000, -0.50000, -0.50000, 0.50000)
 
 

rightHand(-0.50000, -0.50000, -0.50000, 0.50000)
 
 

rightHand(-0.50000, -0.50000, -0.50000, 0.50000)
 
 

rightHand(-0.50000, -0.50000, -0.50000, 0.50000)
 
 

rightHand(-0.50000, -0.50000, -0.50000, 0.50000)
 
 

rightHand(-0.50000, -0.50000, -0.50000, 0.50000)
 
 

rightHand(-0.50000, -0.50000, -0.50000, 0.50000)
 
 

rightHand(-0.50000, -0.50000, -0.50000, 0.50000)
 
 

rightHand(-0.50000, -0.50000, -0.50000, 0.50000)
 
 

rightHand(-0.50000, -0.50000, -0.50000, 0.50000)
 
 

rightHand(-0.50000, -0.50000, -0.50000, 0.50000)
 
 

rightHand(-0.50000, -0.50000, -0.50000, 0.50000)
 
 

rightHand(-0.02561, 0.99806, 0.04869, 0.02931)
 
 

rightHand(-0.02561, 0.99806, 0.04869, 0.02931)
 
 

rightHand(-0.02561, 0.99806, 0.04869, 0.02931)
 
 

rightHand(-0.02561, 0.99806, 0.04869, 0.02931)
 
 

rightHand(-0.02561, 0.99806, 0.04869, 0.02931)
 
 

rightHand(-0.02561, 0.99806, 0.04869, 0.02931)
 
 

rightHand(-0.50000, -0.50000, -0.50000, 0.50000)
 
 

rightHand(-0.50000, -0.50000, -0.50000, 0.50000)
 
 

rightHand(-0.50000, -0.50000, -0.50000, 0.50000)
 
 

rightHand(-0.50000, -0.50000, -0.50000, 0.50000)
 
 

rightHand(-0.50000, -0.50000, -0.50000, 0.50000)
 
 

rightHand(-0.50000, -0.50000, -0.50000, 0.50000)
 
 

rightHand(-0.50000, -0.50000, -0.50000, 0.50000)
 
 

rightHand(-0.50000, -0.50000, -0.50000, 0.50000)
 
 

rightHand(-0.50000, -0.50000, -0.50000, 0.50000)
 
 

rightHand(-0.50000, -0.50000, -0.50000, 0.50000)
 
 

rightHand(-0.50000, -0.50000, -0.50000, 0.50000)
 
 

rightHand(-0.50000, -0.50000, -0.50000, 0.50000)
 
 

rightHand(-0.50000, -0.50000, -0.50000, 0.50000)
 
 

rightHand(-0.50000, -0.50000, -0.50000, 0.50000)
 
 

rightHand(-0.50000, -0.50000, -0.50000, 0.50000)
 
 

rightHand(-0.50000, -0.50000, -0.50000, 0.50000)
 
 

rightHand(-0.02652, 0.99796, 0.04766, 0.03320)
 
 

rightHand(-0.02652, 0.99796, 0.04766, 0.03320)
 
 

rightHand(-0.02652, 0.99796, 0.04766, 0.03320)
 
 

rightHand(-0.02652, 0.99796, 0.04766, 0.03320)
 
 

rightHand(-0.02652, 0.99796, 0.04766, 0.03320)
 
 

rightHand(-0.02652, 0.99796, 0.04766, 0.03320)
 
 

rightHand(-0.50000, -0.50000, -0.50000, 0.50000)
 
 

rightHand(-0.50000, -0.50000, -0.50000, 0.50000)
 
 

rightHand(-0.50000, -0.50000, -0.50000, 0.50000)
 
 

rightHand(-0.50000, -0.50000, -0.50000, 0.50000)
 
 

rightHand(-0.50000, -0.50000, -0.50000, 0.50000)
 
 

rightHand(-0.50000, -0.50000, -0.50000, 0.50000)
 
 

rightHand(-0.50000, -0.50000, -0.50000, 0.50000)
 
 

rightHand(-0.50000, -0.50000, -0.50000, 0.50000)
 
 

rightHand(-0.50000, -0.50000, -0.50000, 0.50000)
 
 

rightHand(-0.50000, -0.50000, -0.50000, 0.50000)
 
 

rightHand(-0.50000, -0.50000, -0.50000, 0.50000)
 
 

rightHand(-0.50000, -0.50000, -0.50000, 0.50000)
 
 

rightHand(-0.50000, -0.50000, -0.50000, 0.50000)
 
 

rightHand(-0.50000, -0.50000, -0.50000, 0.50000)
 
 

rightHand(-0.50000, -0.50000, -0.50000, 0.50000)
 
 

rightHand(-0.50000, -0.50000, -0.50000, 0.50000)
 
 

rightHand(-0.03363, 0.99779, 0.04515, 0.03527)
 
 

rightHand(-0.03363, 0.99779, 0.04515, 0.03527)
 
 

rightHand(-0.03363, 0.99779, 0.04515, 0.03527)
 
 

rightHand(-0.03363, 0.99779, 0.04515, 0.03527)
 
 

rightHand(-0.03363, 0.99779, 0.04515, 0.03527)
 
 

rightHand(-0.03363, 0.99779, 0.04515, 0.03527)
 
 

rightHand(-0.50000, -0.50000, -0.50000, 0.50000)
 
 

rightHand(-0.50000, -0.50000, -0.50000, 0.50000)
 
 

rightHand(-0.50000, -0.50000, -0.50000, 0.50000)
 
 

rightHand(-0.50000, -0.50000, -0.50000, 0.50000)
 
 

rightHand(-0.50000, -0.50000, -0.50000, 0.50000)
 
 

rightHand(-0.50000, -0.50000, -0.50000, 0.50000)
 
 

rightHand(-0.50000, -0.50000, -0.50000, 0.50000)
 
 

rightHand(-0.50000, -0.50000, -0.50000, 0.50000)
 
 

rightHand(-0.50000, -0.50000, -0.50000, 0.50000)
 
 

rightHand(-0.50000, -0.50000, -0.50000, 0.50000)
 
 

rightHand(-0.50000, -0.50000, -0.50000, 0.50000)
 
 

rightHand(-0.50000, -0.50000, -0.50000, 0.50000)
 
 

rightHand(-0.50000, -0.50000, -0.50000, 0.50000)
 
 

rightHand(-0.50000, -0.50000, -0.50000, 0.50000)
 
 

rightHand(-0.50000, -0.50000, -0.50000, 0.50000)
 
 

rightHand(-0.50000, -0.50000, -0.50000, 0.50000)
 
 

rightHand(-0.03570, 0.99783, 0.04273, 0.03502)
 
 

rightHand(-0.03570, 0.99783, 0.04273, 0.03502)
 
 

rightHand(-0.03570, 0.99783, 0.04273, 0.03502)
 
 

rightHand(-0.03570, 0.99783, 0.04273, 0.03502)
 
 

rightHand(-0.03570, 0.99783, 0.04273, 0.03502)
 
 

rightHand(-0.03570, 0.99783, 0.04273, 0.03502)
 
 

rightHand(-0.50000, -0.50000, -0.50000, 0.50000)
 
 

rightHand(-0.50000, -0.50000, -0.50000, 0.50000)
 
 

rightHand(-0.50000, -0.50000, -0.50000, 0.50000)
 
 

rightHand(-0.50000, -0.50000, -0.50000, 0.50000)
 
 

rightHand(-0.50000, -0.50000, -0.50000, 0.50000)
 
 

rightHand(-0.50000, -0.50000, -0.50000, 0.50000)
 
 

rightHand(-0.50000, -0.50000, -0.50000, 0.50000)
 
 

rightHand(-0.50000, -0.50000, -0.50000, 0.50000)
 
 

rightHand(-0.50000, -0.50000, -0.50000, 0.50000)
 
 

rightHand(-0.50000, -0.50000, -0.50000, 0.50000)
 
 

rightHand(-0.50000, -0.50000, -0.50000, 0.50000)
 
 

rightHand(-0.50000, -0.50000, -0.50000, 0.50000)
 
 

rightHand(-0.50000, -0.50000, -0.50000, 0.50000)
 
 

rightHand(-0.50000, -0.50000, -0.50000, 0.50000)
 
 

rightHand(-0.50000, -0.50000, -0.50000, 0.50000)
 
 

rightHand(-0.50000, -0.50000, -0.50000, 0.50000)
 
 

rightHand(-0.03012, 0.99800, 0.04235, 0.03607)
 
 

rightHand(-0.03012, 0.99800, 0.04235, 0.03607)
 
 

rightHand(-0.03012, 0.99800, 0.04235, 0.03607)
 
 

rightHand(-0.03012, 0.99800, 0.04235, 0.03607)
 
 

rightHand(-0.50000, -0.50000, -0.50000, 0.50000)
 
 

rightHand(-0.50000, -0.50000, -0.50000, 0.50000)
 
 

rightHand(-0.50000, -0.50000, -0.50000, 0.50000)
 
 

rightHand(-0.50000, -0.50000, -0.50000, 0.50000)
 
 

rightHand(-0.50000, -0.50000, -0.50000, 0.50000)
 
 

rightHand(-0.50000, -0.50000, -0.50000, 0.50000)
 
 

rightHand(-0.50000, -0.50000, -0.50000, 0.50000)
 
 

rightHand(-0.50000, -0.50000, -0.50000, 0.50000)
 
 

rightHand(-0.50000, -0.50000, -0.50000, 0.50000)
 
 

rightHand(-0.50000, -0.50000, -0.50000, 0.50000)
 
 

rightHand(-0.50000, -0.50000, -0.50000, 0.50000)
 
 

rightHand(-0.50000, -0.50000, -0.50000, 0.50000)
 
 

rightHand(-0.50000, -0.50000, -0.50000, 0.50000)
 
 

rightHand(-0.50000, -0.50000, -0.50000, 0.50000)
 
 

rightHand(-0.50000, -0.50000, -0.50000, 0.50000)
 
 

rightHand(-0.50000, -0.50000, -0.50000, 0.50000)
 
 

rightHand(-0.02648, 0.99802, 0.04300, 0.03749)
 
 

rightHand(-0.02648, 0.99802, 0.04300, 0.03749)
 
 

rightHand(-0.02648, 0.99802, 0.04300, 0.03749)
 
 

rightHand(-0.02648, 0.99802, 0.04300, 0.03749)
 
 

rightHand(-0.50000, -0.50000, -0.50000, 0.50000)
 
 

rightHand(-0.50000, -0.50000, -0.50000, 0.50000)
 
 

rightHand(-0.50000, -0.50000, -0.50000, 0.50000)
 
 

rightHand(-0.50000, -0.50000, -0.50000, 0.50000)
 
 

rightHand(-0.50000, -0.50000, -0.50000, 0.50000)
 
 

rightHand(-0.50000, -0.50000, -0.50000, 0.50000)
 
 

rightHand(-0.50000, -0.50000, -0.50000, 0.50000)
 
 

rightHand(-0.50000, -0.50000, -0.50000, 0.50000)
 
 

rightHand(-0.50000, -0.50000, -0.50000, 0.50000)
 
 

rightHand(-0.50000, -0.50000, -0.50000, 0.50000)
 
 

rightHand(-0.50000, -0.50000, -0.50000, 0.50000)
 
 

rightHand(-0.50000, -0.50000, -0.50000, 0.50000)
 
 

rightHand(-0.50000, -0.50000, -0.50000, 0.50000)
 
 

rightHand(-0.50000, -0.50000, -0.50000, 0.50000)
 
 

rightHand(-0.50000, -0.50000, -0.50000, 0.50000)
 
 

rightHand(-0.50000, -0.50000, -0.50000, 0.50000)
 
 

rightHand(-0.02634, 0.99781, 0.04537, 0.04020)
 
 

rightHand(-0.02634, 0.99781, 0.04537, 0.04020)
 
 

rightHand(-0.02634, 0.99781, 0.04537, 0.04020)
 
 

rightHand(-0.02634, 0.99781, 0.04537, 0.04020)
 
 

rightHand(-0.50000, -0.50000, -0.50000, 0.50000)
 
 

rightHand(-0.50000, -0.50000, -0.50000, 0.50000)
 
 

rightHand(-0.50000, -0.50000, -0.50000, 0.50000)
 
 

rightHand(-0.50000, -0.50000, -0.50000, 0.50000)
 
 

rightHand(-0.50000, -0.50000, -0.50000, 0.50000)
 
 

rightHand(-0.50000, -0.50000, -0.50000, 0.50000)
 
 

rightHand(-0.50000, -0.50000, -0.50000, 0.50000)
 
 

rightHand(-0.50000, -0.50000, -0.50000, 0.50000)
 
 

rightHand(-0.02758, 0.99768, 0.04611, 0.04175)
 
 

rightHand(-0.02758, 0.99768, 0.04611, 0.04175)
 
 

rightHand(-0.02758, 0.99768, 0.04611, 0.04175)
 
 

rightHand(-0.02758, 0.99768, 0.04611, 0.04175)
 
 

rightHand(-0.50000, -0.50000, -0.50000, 0.50000)
 
 

rightHand(-0.50000, -0.50000, -0.50000, 0.50000)
 
 

rightHand(-0.50000, -0.50000, -0.50000, 0.50000)
 
 

rightHand(-0.50000, -0.50000, -0.50000, 0.50000)
 
 

rightHand(-0.50000, -0.50000, -0.50000, 0.50000)
 
 

rightHand(-0.50000, -0.50000, -0.50000, 0.50000)
 
 

rightHand(-0.50000, -0.50000, -0.50000, 0.50000)
 
 

rightHand(-0.50000, -0.50000, -0.50000, 0.50000)
 
 

rightHand(-0.02739, 0.99765, 0.04601, 0.04270)
 
 

rightHand(-0.02739, 0.99765, 0.04601, 0.04270)
 
 

rightHand(-0.02739, 0.99765, 0.04601, 0.04270)
 
 

rightHand(-0.02739, 0.99765, 0.04601, 0.04270)
 
 

rightHand(-0.50000, -0.50000, -0.50000, 0.50000)
 
 

rightHand(-0.50000, -0.50000, -0.50000, 0.50000)
 
 

rightHand(-0.50000, -0.50000, -0.50000, 0.50000)
 
 

rightHand(-0.50000, -0.50000, -0.50000, 0.50000)
 
 

rightHand(-0.50000, -0.50000, -0.50000, 0.50000)
 
 

rightHand(-0.50000, -0.50000, -0.50000, 0.50000)
 
 

rightHand(-0.50000, -0.50000, -0.50000, 0.50000)
 
 

rightHand(-0.50000, -0.50000, -0.50000, 0.50000)
 
 

rightHand(-0.02788, 0.99759, 0.04637, 0.04347)
 
 

rightHand(-0.02788, 0.99759, 0.04637, 0.04347)
 
 

rightHand(-0.02788, 0.99759, 0.04637, 0.04347)
 
 

rightHand(-0.02788, 0.99759, 0.04637, 0.04347)
 
 

rightHand(-0.50000, -0.50000, -0.50000, 0.50000)
 
 

rightHand(-0.50000, -0.50000, -0.50000, 0.50000)
 
 

rightHand(-0.50000, -0.50000, -0.50000, 0.50000)
 
 

rightHand(-0.50000, -0.50000, -0.50000, 0.50000)
 
 

rightHand(-0.02758, 0.99748, 0.04707, 0.04542)
 
 

rightHand(-0.02758, 0.99748, 0.04707, 0.04542)
 
 

rightHand(-0.02758, 0.99748, 0.04707, 0.04542)
 
 

rightHand(-0.02758, 0.99748, 0.04707, 0.04542)
 
 

rightHand(-0.02503, 0.99745, 0.04768, 0.04685)
 
 

rightHand(-0.02503, 0.99745, 0.04768, 0.04685)
 
 

rightHand(-0.02503, 0.99745, 0.04768, 0.04685)
 
 

rightHand(-0.02503, 0.99745, 0.04768, 0.04685)
 
 

rightHand(-0.02393, 0.99754, 0.04694, 0.04630)
 
 

rightHand(-0.02393, 0.99754, 0.04694, 0.04630)
 
 

rightHand(-0.02393, 0.99754, 0.04694, 0.04630)
 
 

rightHand(-0.02393, 0.99754, 0.04694, 0.04630)
 
 

rightHand(-0.02340, 0.99756, 0.04664, 0.04641)
 
 

rightHand(-0.02340, 0.99756, 0.04664, 0.04641)
 
 

rightHand(-0.02340, 0.99756, 0.04664, 0.04641)
 
 

rightHand(-0.02340, 0.99756, 0.04664, 0.04641)
 
 

rightHand(-0.02417, 0.99753, 0.04677, 0.04653)
 
 

rightHand(-0.02417, 0.99753, 0.04677, 0.04653)
 
 

rightHand(-0.02417, 0.99753, 0.04677, 0.04653)
 
 

rightHand(-0.02417, 0.99753, 0.04677, 0.04653)
 
 

rightHand(-0.02370, 0.99755, 0.04656, 0.04660)
 
 

rightHand(-0.02370, 0.99755, 0.04656, 0.04660)
 
 

rightHand(-0.02370, 0.99755, 0.04656, 0.04660)
 
 

rightHand(-0.02370, 0.99755, 0.04656, 0.04660)
 
 

rightHand(-0.02373, 0.99750, 0.04652, 0.04752)
 
 

rightHand(-0.02373, 0.99750, 0.04652, 0.04752)
 
 

rightHand(-0.02373, 0.99750, 0.04652, 0.04752)
 
 

rightHand(-0.02373, 0.99750, 0.04652, 0.04752)
 
 

rightHand(-0.02580, 0.99735, 0.04716, 0.04913)
 
 

rightHand(-0.02580, 0.99735, 0.04716, 0.04913)
 
 

rightHand(-0.02580, 0.99735, 0.04716, 0.04913)
 
 

rightHand(-0.02580, 0.99735, 0.04716, 0.04913)
 
 

rightHand(-0.02768, 0.99717, 0.04672, 0.05208)
 
 

rightHand(-0.02768, 0.99717, 0.04672, 0.05208)
 
 

rightHand(-0.02768, 0.99717, 0.04672, 0.05208)
 
 

rightHand(-0.02768, 0.99717, 0.04672, 0.05208)
 
 

rightHand(-0.02809, 0.99711, 0.04676, 0.05298)
 
 

rightHand(-0.02809, 0.99711, 0.04676, 0.05298)
 
 

rightHand(-0.02809, 0.99711, 0.04676, 0.05298)
 
 

rightHand(-0.02809, 0.99711, 0.04676, 0.05298)
 
 

rightHand(-0.02845, 0.99696, 0.04714, 0.05509)
 
 

rightHand(-0.02845, 0.99696, 0.04714, 0.05509)
 
 

rightHand(-0.02845, 0.99696, 0.04714, 0.05509)
 
 

rightHand(-0.02845, 0.99696, 0.04714, 0.05509)
 
 

rightHand(-0.02888, 0.99688, 0.04781, 0.05571)
 
 

rightHand(-0.02888, 0.99688, 0.04781, 0.05571)
 
 

rightHand(-0.02888, 0.99688, 0.04781, 0.05571)
 
 

rightHand(-0.02888, 0.99688, 0.04781, 0.05571)
 
 

rightHand(-0.50000, -0.50000, -0.50000, 0.50000)
 
 

rightHand(-0.50000, -0.50000, -0.50000, 0.50000)
 
 

rightHand(-0.50000, -0.50000, -0.50000, 0.50000)
 
 

rightHand(-0.50000, -0.50000, -0.50000, 0.50000)
 
 

rightHand(-0.02564, 0.99690, 0.04795, 0.05686)
 
 

rightHand(-0.02564, 0.99690, 0.04795, 0.05686)
 
 

rightHand(-0.02564, 0.99690, 0.04795, 0.05686)
 
 

rightHand(-0.02564, 0.99690, 0.04795, 0.05686)
 
 

rightHand(-0.50000, -0.50000, -0.50000, 0.50000)
 
 

rightHand(-0.50000, -0.50000, -0.50000, 0.50000)
 
 

rightHand(-0.50000, -0.50000, -0.50000, 0.50000)
 
 

rightHand(-0.50000, -0.50000, -0.50000, 0.50000)
 
 

rightHand(-0.50000, -0.50000, -0.50000, 0.50000)
 
 

rightHand(-0.50000, -0.50000, -0.50000, 0.50000)
 
 

rightHand(-0.50000, -0.50000, -0.50000, 0.50000)
 
 

rightHand(-0.50000, -0.50000, -0.50000, 0.50000)
 
 

rightHand(-0.02384, 0.99677, 0.04901, 0.05890)
 
 

rightHand(-0.02384, 0.99677, 0.04901, 0.05890)
 
 

rightHand(-0.02384, 0.99677, 0.04901, 0.05890)
 
 

rightHand(-0.02384, 0.99677, 0.04901, 0.05890)
 
 

rightHand(-0.50000, -0.50000, -0.50000, 0.50000)
 
 

rightHand(-0.50000, -0.50000, -0.50000, 0.50000)
 
 

rightHand(-0.50000, -0.50000, -0.50000, 0.50000)
 
 

rightHand(-0.50000, -0.50000, -0.50000, 0.50000)
 
 

rightHand(-0.50000, -0.50000, -0.50000, 0.50000)
 
 

rightHand(-0.50000, -0.50000, -0.50000, 0.50000)
 
 

rightHand(-0.50000, -0.50000, -0.50000, 0.50000)
 
 

rightHand(-0.50000, -0.50000, -0.50000, 0.50000)
 
 

rightHand(-0.02430, 0.99669, 0.04932, 0.05994)
 
 

rightHand(-0.02430, 0.99669, 0.04932, 0.05994)
 
 

rightHand(-0.02430, 0.99669, 0.04932, 0.05994)
 
 

rightHand(-0.02430, 0.99669, 0.04932, 0.05994)
 
 

rightHand(-0.50000, -0.50000, -0.50000, 0.50000)
 
 

rightHand(-0.50000, -0.50000, -0.50000, 0.50000)
 
 

rightHand(-0.50000, -0.50000, -0.50000, 0.50000)
 
 

rightHand(-0.50000, -0.50000, -0.50000, 0.50000)
 
 

rightHand(-0.50000, -0.50000, -0.50000, 0.50000)
 
 

rightHand(-0.50000, -0.50000, -0.50000, 0.50000)
 
 

rightHand(-0.50000, -0.50000, -0.50000, 0.50000)
 
 

rightHand(-0.50000, -0.50000, -0.50000, 0.50000)
 
 

rightHand(-0.02513, 0.99650, 0.04970, 0.06230)
 
 

rightHand(-0.02513, 0.99650, 0.04970, 0.06230)
 
 

rightHand(-0.02513, 0.99650, 0.04970, 0.06230)
 
 

rightHand(-0.02513, 0.99650, 0.04970, 0.06230)
 
 

rightHand(-0.50000, -0.50000, -0.50000, 0.50000)
 
 

rightHand(-0.50000, -0.50000, -0.50000, 0.50000)
 
 

rightHand(-0.50000, -0.50000, -0.50000, 0.50000)
 
 

rightHand(-0.50000, -0.50000, -0.50000, 0.50000)
 
 

rightHand(-0.50000, -0.50000, -0.50000, 0.50000)
 
 

rightHand(-0.50000, -0.50000, -0.50000, 0.50000)
 
 

rightHand(-0.50000, -0.50000, -0.50000, 0.50000)
 
 

rightHand(-0.50000, -0.50000, -0.50000, 0.50000)
 
 

rightHand(-0.50000, -0.50000, -0.50000, 0.50000)
 
 

rightHand(-0.50000, -0.50000, -0.50000, 0.50000)
 
 

rightHand(-0.50000, -0.50000, -0.50000, 0.50000)
 
 

rightHand(-0.50000, -0.50000, -0.50000, 0.50000)
 
 

rightHand(-0.02465, 0.99623, 0.05031, 0.06617)
 
 

rightHand(-0.02465, 0.99623, 0.05031, 0.06617)
 
 

rightHand(-0.02465, 0.99623, 0.05031, 0.06617)
 
 

rightHand(-0.02465, 0.99623, 0.05031, 0.06617)
 
 

rightHand(-0.50000, -0.50000, -0.50000, 0.50000)
 
 

rightHand(-0.50000, -0.50000, -0.50000, 0.50000)
 
 

rightHand(-0.50000, -0.50000, -0.50000, 0.50000)
 
 

rightHand(-0.50000, -0.50000, -0.50000, 0.50000)
 
 

rightHand(-0.50000, -0.50000, -0.50000, 0.50000)
 
 

rightHand(-0.50000, -0.50000, -0.50000, 0.50000)
 
 

rightHand(-0.50000, -0.50000, -0.50000, 0.50000)
 
 

rightHand(-0.50000, -0.50000, -0.50000, 0.50000)
 
 

rightHand(-0.50000, -0.50000, -0.50000, 0.50000)
 
 

rightHand(-0.50000, -0.50000, -0.50000, 0.50000)
 
 

rightHand(-0.50000, -0.50000, -0.50000, 0.50000)
 
 

rightHand(-0.50000, -0.50000, -0.50000, 0.50000)
 
 

rightHand(-0.50000, -0.50000, -0.50000, 0.50000)
 
 

rightHand(-0.50000, -0.50000, -0.50000, 0.50000)
 
 

rightHand(-0.50000, -0.50000, -0.50000, 0.50000)
 
 

rightHand(-0.50000, -0.50000, -0.50000, 0.50000)
 
 

rightHand(-0.02643, 0.99576, 0.05234, 0.07091)
 
 

rightHand(-0.02643, 0.99576, 0.05234, 0.07091)
 
 

rightHand(-0.02643, 0.99576, 0.05234, 0.07091)
 
 

rightHand(-0.02643, 0.99576, 0.05234, 0.07091)
 
 

rightHand(-0.50000, -0.50000, -0.50000, 0.50000)
 
 

rightHand(-0.50000, -0.50000, -0.50000, 0.50000)
 
 

rightHand(-0.50000, -0.50000, -0.50000, 0.50000)
 
 

rightHand(-0.50000, -0.50000, -0.50000, 0.50000)
 
 

rightHand(-0.50000, -0.50000, -0.50000, 0.50000)
 
 

rightHand(-0.50000, -0.50000, -0.50000, 0.50000)
 
 

rightHand(-0.50000, -0.50000, -0.50000, 0.50000)
 
 

rightHand(-0.50000, -0.50000, -0.50000, 0.50000)
 
 

rightHand(-0.50000, -0.50000, -0.50000, 0.50000)
 
 

rightHand(-0.50000, -0.50000, -0.50000, 0.50000)
 
 

rightHand(-0.50000, -0.50000, -0.50000, 0.50000)
 
 

rightHand(-0.50000, -0.50000, -0.50000, 0.50000)
 
 

rightHand(-0.50000, -0.50000, -0.50000, 0.50000)
 
 

rightHand(-0.50000, -0.50000, -0.50000, 0.50000)
 
 

rightHand(-0.50000, -0.50000, -0.50000, 0.50000)
 
 

rightHand(-0.50000, -0.50000, -0.50000, 0.50000)
 
 

rightHand(-0.02793, 0.99483, 0.05352, 0.08169)
 
 

rightHand(-0.02793, 0.99483, 0.05352, 0.08169)
 
 

rightHand(-0.02793, 0.99483, 0.05352, 0.08169)
 
 

rightHand(-0.02793, 0.99483, 0.05352, 0.08169)
 
 

rightHand(-0.50000, -0.50000, -0.50000, 0.50000)
 
 

rightHand(-0.50000, -0.50000, -0.50000, 0.50000)
 
 

rightHand(-0.50000, -0.50000, -0.50000, 0.50000)
 
 

rightHand(-0.50000, -0.50000, -0.50000, 0.50000)
 
 

rightHand(-0.50000, -0.50000, -0.50000, 0.50000)
 
 

rightHand(-0.50000, -0.50000, -0.50000, 0.50000)
 
 

rightHand(-0.50000, -0.50000, -0.50000, 0.50000)
 
 

rightHand(-0.50000, -0.50000, -0.50000, 0.50000)
 
 

rightHand(-0.50000, -0.50000, -0.50000, 0.50000)
 
 

rightHand(-0.50000, -0.50000, -0.50000, 0.50000)
 
 

rightHand(-0.50000, -0.50000, -0.50000, 0.50000)
 
 

rightHand(-0.50000, -0.50000, -0.50000, 0.50000)
 
 

rightHand(-0.50000, -0.50000, -0.50000, 0.50000)
 
 

rightHand(-0.50000, -0.50000, -0.50000, 0.50000)
 
 

rightHand(-0.50000, -0.50000, -0.50000, 0.50000)
 
 

rightHand(-0.50000, -0.50000, -0.50000, 0.50000)
 
 

rightHand(-0.02884, 0.99414, 0.05263, 0.08988)
 
 

rightHand(-0.02884, 0.99414, 0.05263, 0.08988)
 
 

rightHand(-0.02884, 0.99414, 0.05263, 0.08988)
 
 

rightHand(-0.02884, 0.99414, 0.05263, 0.08988)
 
 

rightHand(-0.50000, -0.50000, -0.50000, 0.50000)
 
 

rightHand(-0.50000, -0.50000, -0.50000, 0.50000)
 
 

rightHand(-0.50000, -0.50000, -0.50000, 0.50000)
 
 

rightHand(-0.50000, -0.50000, -0.50000, 0.50000)
 
 

rightHand(-0.50000, -0.50000, -0.50000, 0.50000)
 
 

rightHand(-0.50000, -0.50000, -0.50000, 0.50000)
 
 

rightHand(-0.50000, -0.50000, -0.50000, 0.50000)
 
 

rightHand(-0.50000, -0.50000, -0.50000, 0.50000)
 
 

rightHand(-0.50000, -0.50000, -0.50000, 0.50000)
 
 

rightHand(-0.50000, -0.50000, -0.50000, 0.50000)
 
 

rightHand(-0.50000, -0.50000, -0.50000, 0.50000)
 
 

rightHand(-0.50000, -0.50000, -0.50000, 0.50000)
 
 

rightHand(-0.50000, -0.50000, -0.50000, 0.50000)
 
 

rightHand(-0.50000, -0.50000, -0.50000, 0.50000)
 
 

rightHand(-0.50000, -0.50000, -0.50000, 0.50000)
 
 

rightHand(-0.50000, -0.50000, -0.50000, 0.50000)
 
 

rightHand(-0.03518, 0.99210, 0.05002, 0.10955)
 
 

rightHand(-0.03518, 0.99210, 0.05002, 0.10955)
 
 

rightHand(-0.03518, 0.99210, 0.05002, 0.10955)
 
 

rightHand(-0.03518, 0.99210, 0.05002, 0.10955)
 
 

rightHand(-0.03518, 0.99210, 0.05002, 0.10955)
 
 

rightHand(-0.03518, 0.99210, 0.05002, 0.10955)
 
 

rightHand(-0.50000, -0.50000, -0.50000, 0.50000)
 
 

rightHand(-0.50000, -0.50000, -0.50000, 0.50000)
 
 

rightHand(-0.50000, -0.50000, -0.50000, 0.50000)
 
 

rightHand(-0.50000, -0.50000, -0.50000, 0.50000)
 
 

rightHand(-0.50000, -0.50000, -0.50000, 0.50000)
 
 

rightHand(-0.50000, -0.50000, -0.50000, 0.50000)
 
 

rightHand(-0.50000, -0.50000, -0.50000, 0.50000)
 
 

rightHand(-0.50000, -0.50000, -0.50000, 0.50000)
 
 

rightHand(-0.50000, -0.50000, -0.50000, 0.50000)
 
 

rightHand(-0.50000, -0.50000, -0.50000, 0.50000)
 
 

rightHand(-0.50000, -0.50000, -0.50000, 0.50000)
 
 

rightHand(-0.50000, -0.50000, -0.50000, 0.50000)
 
 

rightHand(-0.50000, -0.50000, -0.50000, 0.50000)
 
 

rightHand(-0.50000, -0.50000, -0.50000, 0.50000)
 
 

rightHand(-0.50000, -0.50000, -0.50000, 0.50000)
 
 

rightHand(-0.50000, -0.50000, -0.50000, 0.50000)
 
 

rightHand(-0.04279, 0.98908, 0.04362, 0.13415)
 
 

rightHand(-0.04279, 0.98908, 0.04362, 0.13415)
 
 

rightHand(-0.04279, 0.98908, 0.04362, 0.13415)
 
 

rightHand(-0.04279, 0.98908, 0.04362, 0.13415)
 
 

rightHand(-0.04279, 0.98908, 0.04362, 0.13415)
 
 

rightHand(-0.04279, 0.98908, 0.04362, 0.13415)
 
 

rightHand(-0.50000, -0.50000, -0.50000, 0.50000)
 
 

rightHand(-0.50000, -0.50000, -0.50000, 0.50000)
 
 

rightHand(-0.50000, -0.50000, -0.50000, 0.50000)
 
 

rightHand(-0.50000, -0.50000, -0.50000, 0.50000)
 
 

rightHand(-0.50000, -0.50000, -0.50000, 0.50000)
 
 

rightHand(-0.50000, -0.50000, -0.50000, 0.50000)
 
 

rightHand(-0.50000, -0.50000, -0.50000, 0.50000)
 
 

rightHand(-0.50000, -0.50000, -0.50000, 0.50000)
 
 

rightHand(-0.50000, -0.50000, -0.50000, 0.50000)
 
 

rightHand(-0.50000, -0.50000, -0.50000, 0.50000)
 
 

rightHand(-0.50000, -0.50000, -0.50000, 0.50000)
 
 

rightHand(-0.50000, -0.50000, -0.50000, 0.50000)
 
 

rightHand(-0.50000, -0.50000, -0.50000, 0.50000)
 
 

rightHand(-0.50000, -0.50000, -0.50000, 0.50000)
 
 

rightHand(-0.50000, -0.50000, -0.50000, 0.50000)
 
 

rightHand(-0.50000, -0.50000, -0.50000, 0.50000)
 
 

rightHand(-0.04146, 0.98428, 0.04336, 0.16613)
 
 

rightHand(-0.04146, 0.98428, 0.04336, 0.16613)
 
 

rightHand(-0.04146, 0.98428, 0.04336, 0.16613)
 
 

rightHand(-0.04146, 0.98428, 0.04336, 0.16613)
 
 

rightHand(-0.04146, 0.98428, 0.04336, 0.16613)
 
 

rightHand(-0.04146, 0.98428, 0.04336, 0.16613)
 
 

rightHand(-0.50000, -0.50000, -0.50000, 0.50000)
 
 

rightHand(-0.50000, -0.50000, -0.50000, 0.50000)
 
 

rightHand(-0.50000, -0.50000, -0.50000, 0.50000)
 
 

rightHand(-0.50000, -0.50000, -0.50000, 0.50000)
 
 

rightHand(-0.50000, -0.50000, -0.50000, 0.50000)
 
 

rightHand(-0.50000, -0.50000, -0.50000, 0.50000)
 
 

rightHand(-0.50000, -0.50000, -0.50000, 0.50000)
 
 

rightHand(-0.50000, -0.50000, -0.50000, 0.50000)
 
 

rightHand(-0.50000, -0.50000, -0.50000, 0.50000)
 
 

rightHand(-0.50000, -0.50000, -0.50000, 0.50000)
 
 

rightHand(-0.50000, -0.50000, -0.50000, 0.50000)
 
 

rightHand(-0.50000, -0.50000, -0.50000, 0.50000)
 
 

rightHand(-0.50000, -0.50000, -0.50000, 0.50000)
 
 

rightHand(-0.50000, -0.50000, -0.50000, 0.50000)
 
 

rightHand(-0.50000, -0.50000, -0.50000, 0.50000)
 
 

rightHand(-0.50000, -0.50000, -0.50000, 0.50000)
 
 

rightHand(-0.04168, 0.97703, 0.04373, 0.20434)
 
 

rightHand(-0.04168, 0.97703, 0.04373, 0.20434)
 
 

rightHand(-0.04168, 0.97703, 0.04373, 0.20434)
 
 

rightHand(-0.04168, 0.97703, 0.04373, 0.20434)
 
 

rightHand(-0.04168, 0.97703, 0.04373, 0.20434)
 
 

rightHand(-0.04168, 0.97703, 0.04373, 0.20434)
 
 

rightHand(-0.50000, -0.50000, -0.50000, 0.50000)
 
 

rightHand(-0.50000, -0.50000, -0.50000, 0.50000)
 
 

rightHand(-0.50000, -0.50000, -0.50000, 0.50000)
 
 

rightHand(-0.50000, -0.50000, -0.50000, 0.50000)
 
 

rightHand(-0.50000, -0.50000, -0.50000, 0.50000)
 
 

rightHand(-0.50000, -0.50000, -0.50000, 0.50000)
 
 

rightHand(-0.50000, -0.50000, -0.50000, 0.50000)
 
 

rightHand(-0.50000, -0.50000, -0.50000, 0.50000)
 
 

rightHand(-0.50000, -0.50000, -0.50000, 0.50000)
 
 

rightHand(-0.50000, -0.50000, -0.50000, 0.50000)
 
 

rightHand(-0.50000, -0.50000, -0.50000, 0.50000)
 
 

rightHand(-0.50000, -0.50000, -0.50000, 0.50000)
 
 

rightHand(-0.50000, -0.50000, -0.50000, 0.50000)
 
 

rightHand(-0.50000, -0.50000, -0.50000, 0.50000)
 
 

rightHand(-0.50000, -0.50000, -0.50000, 0.50000)
 
 

rightHand(-0.50000, -0.50000, -0.50000, 0.50000)
 
 

rightHand(-0.05388, 0.96916, 0.03712, 0.23758)
 
 

rightHand(-0.05388, 0.96916, 0.03712, 0.23758)
 
 

rightHand(-0.05388, 0.96916, 0.03712, 0.23758)
 
 

rightHand(-0.05388, 0.96916, 0.03712, 0.23758)
 
 

rightHand(-0.05388, 0.96916, 0.03712, 0.23758)
 
 

rightHand(-0.05388, 0.96916, 0.03712, 0.23758)
 
 

rightHand(-0.50000, -0.50000, -0.50000, 0.50000)
 
 

rightHand(-0.50000, -0.50000, -0.50000, 0.50000)
 
 

rightHand(-0.50000, -0.50000, -0.50000, 0.50000)
 
 

rightHand(-0.50000, -0.50000, -0.50000, 0.50000)
 
 

rightHand(-0.50000, -0.50000, -0.50000, 0.50000)
 
 

rightHand(-0.50000, -0.50000, -0.50000, 0.50000)
 
 

rightHand(-0.50000, -0.50000, -0.50000, 0.50000)
 
 

rightHand(-0.50000, -0.50000, -0.50000, 0.50000)
 
 

rightHand(-0.50000, -0.50000, -0.50000, 0.50000)
 
 

rightHand(-0.50000, -0.50000, -0.50000, 0.50000)
 
 

rightHand(-0.50000, -0.50000, -0.50000, 0.50000)
 
 

rightHand(-0.50000, -0.50000, -0.50000, 0.50000)
 
 

rightHand(-0.50000, -0.50000, -0.50000, 0.50000)
 
 

rightHand(-0.50000, -0.50000, -0.50000, 0.50000)
 
 

rightHand(-0.50000, -0.50000, -0.50000, 0.50000)
 
 

rightHand(-0.50000, -0.50000, -0.50000, 0.50000)
 
 

rightHand(-0.06045, 0.96261, 0.03338, 0.26193)
 
 

rightHand(-0.06045, 0.96261, 0.03338, 0.26193)
 
 

rightHand(-0.06045, 0.96261, 0.03338, 0.26193)
 
 

rightHand(-0.06045, 0.96261, 0.03338, 0.26193)
 
 

rightHand(-0.06045, 0.96261, 0.03338, 0.26193)
 
 

rightHand(-0.06045, 0.96261, 0.03338, 0.26193)
 
 

rightHand(-0.50000, -0.50000, -0.50000, 0.50000)
 
 

rightHand(-0.50000, -0.50000, -0.50000, 0.50000)
 
 

rightHand(-0.50000, -0.50000, -0.50000, 0.50000)
 
 

rightHand(-0.50000, -0.50000, -0.50000, 0.50000)
 
 

rightHand(-0.50000, -0.50000, -0.50000, 0.50000)
 
 

rightHand(-0.50000, -0.50000, -0.50000, 0.50000)
 
 

rightHand(-0.50000, -0.50000, -0.50000, 0.50000)
 
 

rightHand(-0.50000, -0.50000, -0.50000, 0.50000)
 
 

rightHand(-0.50000, -0.50000, -0.50000, 0.50000)
 
 

rightHand(-0.50000, -0.50000, -0.50000, 0.50000)
 
 

rightHand(-0.50000, -0.50000, -0.50000, 0.50000)
 
 

rightHand(-0.50000, -0.50000, -0.50000, 0.50000)
 
 

rightHand(-0.50000, -0.50000, -0.50000, 0.50000)
 
 

rightHand(-0.50000, -0.50000, -0.50000, 0.50000)
 
 

rightHand(-0.50000, -0.50000, -0.50000, 0.50000)
 
 

rightHand(-0.50000, -0.50000, -0.50000, 0.50000)
 
 

rightHand(-0.05014, 0.95077, 0.03936, 0.30327)
 
 

rightHand(-0.05014, 0.95077, 0.03936, 0.30327)
 
 

rightHand(-0.05014, 0.95077, 0.03936, 0.30327)
 
 

rightHand(-0.05014, 0.95077, 0.03936, 0.30327)
 
 

rightHand(-0.05014, 0.95077, 0.03936, 0.30327)
 
 

rightHand(-0.05014, 0.95077, 0.03936, 0.30327)
 
 

rightHand(-0.50000, -0.50000, -0.50000, 0.50000)
 
 

rightHand(-0.50000, -0.50000, -0.50000, 0.50000)
 
 

rightHand(-0.50000, -0.50000, -0.50000, 0.50000)
 
 

rightHand(-0.50000, -0.50000, -0.50000, 0.50000)
 
 

rightHand(-0.50000, -0.50000, -0.50000, 0.50000)
 
 

rightHand(-0.50000, -0.50000, -0.50000, 0.50000)
 
 

rightHand(-0.50000, -0.50000, -0.50000, 0.50000)
 
 

rightHand(-0.50000, -0.50000, -0.50000, 0.50000)
 
 

rightHand(-0.50000, -0.50000, -0.50000, 0.50000)
 
 

rightHand(-0.50000, -0.50000, -0.50000, 0.50000)
 
 

rightHand(-0.50000, -0.50000, -0.50000, 0.50000)
 
 

rightHand(-0.50000, -0.50000, -0.50000, 0.50000)
 
 

rightHand(-0.50000, -0.50000, -0.50000, 0.50000)
 
 

rightHand(-0.50000, -0.50000, -0.50000, 0.50000)
 
 

rightHand(-0.50000, -0.50000, -0.50000, 0.50000)
 
 

rightHand(-0.50000, -0.50000, -0.50000, 0.50000)
 
 

rightHand(-0.02926, 0.93160, 0.05412, 0.35825)
 
 

rightHand(-0.02926, 0.93160, 0.05412, 0.35825)
 
 

rightHand(-0.02926, 0.93160, 0.05412, 0.35825)
 
 

rightHand(-0.02926, 0.93160, 0.05412, 0.35825)
 
 

rightHand(-0.02926, 0.93160, 0.05412, 0.35825)
 
 

rightHand(-0.02926, 0.93160, 0.05412, 0.35825)
 
 

rightHand(-0.50000, -0.50000, -0.50000, 0.50000)
 
 

rightHand(-0.50000, -0.50000, -0.50000, 0.50000)
 
 

rightHand(-0.50000, -0.50000, -0.50000, 0.50000)
 
 

rightHand(-0.50000, -0.50000, -0.50000, 0.50000)
 
 

rightHand(-0.50000, -0.50000, -0.50000, 0.50000)
 
 

rightHand(-0.50000, -0.50000, -0.50000, 0.50000)
 
 

rightHand(-0.50000, -0.50000, -0.50000, 0.50000)
 
 

rightHand(-0.50000, -0.50000, -0.50000, 0.50000)
 
 

rightHand(-0.50000, -0.50000, -0.50000, 0.50000)
 
 

rightHand(-0.50000, -0.50000, -0.50000, 0.50000)
 
 

rightHand(-0.50000, -0.50000, -0.50000, 0.50000)
 
 

rightHand(-0.50000, -0.50000, -0.50000, 0.50000)
 
 

rightHand(-0.50000, -0.50000, -0.50000, 0.50000)
 
 

rightHand(-0.50000, -0.50000, -0.50000, 0.50000)
 
 

rightHand(-0.50000, -0.50000, -0.50000, 0.50000)
 
 

rightHand(-0.50000, -0.50000, -0.50000, 0.50000)
 
 

rightHand(-0.02493, 0.92198, 0.05846, 0.38199)
 
 

rightHand(-0.02493, 0.92198, 0.05846, 0.38199)
 
 

rightHand(-0.02493, 0.92198, 0.05846, 0.38199)
 
 

rightHand(-0.02493, 0.92198, 0.05846, 0.38199)
 
 

rightHand(-0.02493, 0.92198, 0.05846, 0.38199)
 
 

rightHand(-0.02493, 0.92198, 0.05846, 0.38199)
 
 

rightHand(-0.50000, -0.50000, -0.50000, 0.50000)
 
 

rightHand(-0.50000, -0.50000, -0.50000, 0.50000)
 
 

rightHand(-0.50000, -0.50000, -0.50000, 0.50000)
 
 

rightHand(-0.50000, -0.50000, -0.50000, 0.50000)
 
 

rightHand(-0.50000, -0.50000, -0.50000, 0.50000)
 
 

rightHand(-0.50000, -0.50000, -0.50000, 0.50000)
 
 

rightHand(-0.50000, -0.50000, -0.50000, 0.50000)
 
 

rightHand(-0.50000, -0.50000, -0.50000, 0.50000)
 
 

rightHand(-0.50000, -0.50000, -0.50000, 0.50000)
 
 

rightHand(-0.50000, -0.50000, -0.50000, 0.50000)
 
 

rightHand(-0.50000, -0.50000, -0.50000, 0.50000)
 
 

rightHand(-0.50000, -0.50000, -0.50000, 0.50000)
 
 

rightHand(-0.50000, -0.50000, -0.50000, 0.50000)
 
 

rightHand(-0.50000, -0.50000, -0.50000, 0.50000)
 
 

rightHand(-0.50000, -0.50000, -0.50000, 0.50000)
 
 

rightHand(-0.50000, -0.50000, -0.50000, 0.50000)
 
 

rightHand(-0.03980, 0.90296, 0.04799, 0.42518)
 
 

rightHand(-0.03980, 0.90296, 0.04799, 0.42518)
 
 

rightHand(-0.03980, 0.90296, 0.04799, 0.42518)
 
 

rightHand(-0.03980, 0.90296, 0.04799, 0.42518)
 
 

rightHand(-0.03980, 0.90296, 0.04799, 0.42518)
 
 

rightHand(-0.03980, 0.90296, 0.04799, 0.42518)
 
 

rightHand(-0.50000, -0.50000, -0.50000, 0.50000)
 
 

rightHand(-0.50000, -0.50000, -0.50000, 0.50000)
 
 

rightHand(-0.50000, -0.50000, -0.50000, 0.50000)
 
 

rightHand(-0.50000, -0.50000, -0.50000, 0.50000)
 
 

rightHand(-0.50000, -0.50000, -0.50000, 0.50000)
 
 

rightHand(-0.50000, -0.50000, -0.50000, 0.50000)
 
 

rightHand(-0.50000, -0.50000, -0.50000, 0.50000)
 
 

rightHand(-0.50000, -0.50000, -0.50000, 0.50000)
 
 

rightHand(-0.50000, -0.50000, -0.50000, 0.50000)
 
 

rightHand(-0.50000, -0.50000, -0.50000, 0.50000)
 
 

rightHand(-0.50000, -0.50000, -0.50000, 0.50000)
 
 

rightHand(-0.50000, -0.50000, -0.50000, 0.50000)
 
 

rightHand(-0.50000, -0.50000, -0.50000, 0.50000)
 
 

rightHand(-0.50000, -0.50000, -0.50000, 0.50000)
 
 

rightHand(-0.50000, -0.50000, -0.50000, 0.50000)
 
 

rightHand(-0.50000, -0.50000, -0.50000, 0.50000)
 
 

rightHand(-0.08463, 0.88375, 0.01379, 0.46003)
 
 

rightHand(-0.08463, 0.88375, 0.01379, 0.46003)
 
 

rightHand(-0.08463, 0.88375, 0.01379, 0.46003)
 
 

rightHand(-0.08463, 0.88375, 0.01379, 0.46003)
 
 

rightHand(-0.08463, 0.88375, 0.01379, 0.46003)
 
 

rightHand(-0.08463, 0.88375, 0.01379, 0.46003)
 
 

rightHand(-0.50000, -0.50000, -0.50000, 0.50000)
 
 

rightHand(-0.50000, -0.50000, -0.50000, 0.50000)
 
 

rightHand(-0.50000, -0.50000, -0.50000, 0.50000)
 
 

rightHand(-0.50000, -0.50000, -0.50000, 0.50000)
 
 

rightHand(-0.50000, -0.50000, -0.50000, 0.50000)
 
 

rightHand(-0.50000, -0.50000, -0.50000, 0.50000)
 
 

rightHand(-0.50000, -0.50000, -0.50000, 0.50000)
 
 

rightHand(-0.50000, -0.50000, -0.50000, 0.50000)
 
 

rightHand(-0.50000, -0.50000, -0.50000, 0.50000)
 
 

rightHand(-0.50000, -0.50000, -0.50000, 0.50000)
 
 

rightHand(-0.50000, -0.50000, -0.50000, 0.50000)
 
 

rightHand(-0.50000, -0.50000, -0.50000, 0.50000)
 
 

rightHand(-0.50000, -0.50000, -0.50000, 0.50000)
 
 

rightHand(-0.50000, -0.50000, -0.50000, 0.50000)
 
 

rightHand(-0.50000, -0.50000, -0.50000, 0.50000)
 
 

rightHand(-0.50000, -0.50000, -0.50000, 0.50000)
 
 

rightHand(-0.06297, 0.86004, 0.02116, 0.50589)
 
 

rightHand(-0.06297, 0.86004, 0.02116, 0.50589)
 
 

rightHand(-0.06297, 0.86004, 0.02116, 0.50589)
 
 

rightHand(-0.06297, 0.86004, 0.02116, 0.50589)
 
 

rightHand(-0.06297, 0.86004, 0.02116, 0.50589)
 
 

rightHand(-0.06297, 0.86004, 0.02116, 0.50589)
 
 

rightHand(-0.50000, -0.50000, -0.50000, 0.50000)
 
 

rightHand(-0.50000, -0.50000, -0.50000, 0.50000)
 
 

rightHand(-0.50000, -0.50000, -0.50000, 0.50000)
 
 

rightHand(-0.50000, -0.50000, -0.50000, 0.50000)
 
 

rightHand(-0.50000, -0.50000, -0.50000, 0.50000)
 
 

rightHand(-0.50000, -0.50000, -0.50000, 0.50000)
 
 

rightHand(-0.50000, -0.50000, -0.50000, 0.50000)
 
 

rightHand(-0.50000, -0.50000, -0.50000, 0.50000)
 
 

rightHand(-0.50000, -0.50000, -0.50000, 0.50000)
 
 

rightHand(-0.50000, -0.50000, -0.50000, 0.50000)
 
 

rightHand(-0.50000, -0.50000, -0.50000, 0.50000)
 
 

rightHand(-0.50000, -0.50000, -0.50000, 0.50000)
 
 

rightHand(-0.50000, -0.50000, -0.50000, 0.50000)
 
 

rightHand(-0.50000, -0.50000, -0.50000, 0.50000)
 
 

rightHand(-0.50000, -0.50000, -0.50000, 0.50000)
 
 

rightHand(-0.50000, -0.50000, -0.50000, 0.50000)
 
 

rightHand(-0.06538, 0.84358, 0.01845, 0.53269)
 
 

rightHand(-0.06538, 0.84358, 0.01845, 0.53269)
 
 

rightHand(-0.06538, 0.84358, 0.01845, 0.53269)
 
 

rightHand(-0.06538, 0.84358, 0.01845, 0.53269)
 
 

rightHand(-0.06538, 0.84358, 0.01845, 0.53269)
 
 

rightHand(-0.06538, 0.84358, 0.01845, 0.53269)
 
 

rightHand(-0.50000, -0.50000, -0.50000, 0.50000)
 
 

rightHand(-0.50000, -0.50000, -0.50000, 0.50000)
 
 

rightHand(-0.50000, -0.50000, -0.50000, 0.50000)
 
 

rightHand(-0.50000, -0.50000, -0.50000, 0.50000)
 
 

rightHand(-0.50000, -0.50000, -0.50000, 0.50000)
 
 

rightHand(-0.50000, -0.50000, -0.50000, 0.50000)
 
 

rightHand(-0.50000, -0.50000, -0.50000, 0.50000)
 
 

rightHand(-0.50000, -0.50000, -0.50000, 0.50000)
 
 

rightHand(-0.50000, -0.50000, -0.50000, 0.50000)
 
 

rightHand(-0.50000, -0.50000, -0.50000, 0.50000)
 
 

rightHand(-0.50000, -0.50000, -0.50000, 0.50000)
 
 

rightHand(-0.50000, -0.50000, -0.50000, 0.50000)
 
 

rightHand(-0.50000, -0.50000, -0.50000, 0.50000)
 
 

rightHand(-0.50000, -0.50000, -0.50000, 0.50000)
 
 

rightHand(-0.50000, -0.50000, -0.50000, 0.50000)
 
 

rightHand(-0.50000, -0.50000, -0.50000, 0.50000)
 
 

rightHand(-0.06860, 0.83646, 0.01668, 0.54346)
 
 

rightHand(-0.06860, 0.83646, 0.01668, 0.54346)
 
 

rightHand(-0.06860, 0.83646, 0.01668, 0.54346)
 
 

rightHand(-0.06860, 0.83646, 0.01668, 0.54346)
 
 

rightHand(-0.06860, 0.83646, 0.01668, 0.54346)
 
 

rightHand(-0.06860, 0.83646, 0.01668, 0.54346)
 
 

rightHand(-0.50000, -0.50000, -0.50000, 0.50000)
 
 

rightHand(-0.50000, -0.50000, -0.50000, 0.50000)
 
 

rightHand(-0.50000, -0.50000, -0.50000, 0.50000)
 
 

rightHand(-0.50000, -0.50000, -0.50000, 0.50000)
 
 

rightHand(-0.50000, -0.50000, -0.50000, 0.50000)
 
 

rightHand(-0.50000, -0.50000, -0.50000, 0.50000)
 
 

rightHand(-0.50000, -0.50000, -0.50000, 0.50000)
 
 

rightHand(-0.50000, -0.50000, -0.50000, 0.50000)
 
 

rightHand(-0.50000, -0.50000, -0.50000, 0.50000)
 
 

rightHand(-0.50000, -0.50000, -0.50000, 0.50000)
 
 

rightHand(-0.50000, -0.50000, -0.50000, 0.50000)
 
 

rightHand(-0.50000, -0.50000, -0.50000, 0.50000)
 
 

rightHand(-0.50000, -0.50000, -0.50000, 0.50000)
 
 

rightHand(-0.50000, -0.50000, -0.50000, 0.50000)
 
 

rightHand(-0.50000, -0.50000, -0.50000, 0.50000)
 
 

rightHand(-0.50000, -0.50000, -0.50000, 0.50000)
 
 

rightHand(-0.07265, 0.83039, 0.01973, 0.55207)
 
 

rightHand(-0.07265, 0.83039, 0.01973, 0.55207)
 
 

rightHand(-0.07265, 0.83039, 0.01973, 0.55207)
 
 

rightHand(-0.07265, 0.83039, 0.01973, 0.55207)
 
 

rightHand(-0.50000, -0.50000, -0.50000, 0.50000)
 
 

rightHand(-0.50000, -0.50000, -0.50000, 0.50000)
 
 

rightHand(-0.50000, -0.50000, -0.50000, 0.50000)
 
 

rightHand(-0.50000, -0.50000, -0.50000, 0.50000)
 
 

rightHand(-0.50000, -0.50000, -0.50000, 0.50000)
 
 

rightHand(-0.50000, -0.50000, -0.50000, 0.50000)
 
 

rightHand(-0.50000, -0.50000, -0.50000, 0.50000)
 
 

rightHand(-0.50000, -0.50000, -0.50000, 0.50000)
 
 

rightHand(-0.50000, -0.50000, -0.50000, 0.50000)
 
 

rightHand(-0.50000, -0.50000, -0.50000, 0.50000)
 
 

rightHand(-0.50000, -0.50000, -0.50000, 0.50000)
 
 

rightHand(-0.50000, -0.50000, -0.50000, 0.50000)
 
 

rightHand(-0.50000, -0.50000, -0.50000, 0.50000)
 
 

rightHand(-0.50000, -0.50000, -0.50000, 0.50000)
 
 

rightHand(-0.50000, -0.50000, -0.50000, 0.50000)
 
 

rightHand(-0.50000, -0.50000, -0.50000, 0.50000)
 
 

rightHand(-0.07795, 0.82714, 0.01792, 0.55627)
 
 

rightHand(-0.07795, 0.82714, 0.01792, 0.55627)
 
 

rightHand(-0.07795, 0.82714, 0.01792, 0.55627)
 
 

rightHand(-0.07795, 0.82714, 0.01792, 0.55627)
 
 

rightHand(-0.50000, -0.50000, -0.50000, 0.50000)
 
 

rightHand(-0.50000, -0.50000, -0.50000, 0.50000)
 
 

rightHand(-0.50000, -0.50000, -0.50000, 0.50000)
 
 

rightHand(-0.50000, -0.50000, -0.50000, 0.50000)
 
 

rightHand(-0.50000, -0.50000, -0.50000, 0.50000)
 
 

rightHand(-0.50000, -0.50000, -0.50000, 0.50000)
 
 

rightHand(-0.50000, -0.50000, -0.50000, 0.50000)
 
 

rightHand(-0.50000, -0.50000, -0.50000, 0.50000)
 
 

rightHand(-0.50000, -0.50000, -0.50000, 0.50000)
 
 

rightHand(-0.50000, -0.50000, -0.50000, 0.50000)
 
 

rightHand(-0.50000, -0.50000, -0.50000, 0.50000)
 
 

rightHand(-0.50000, -0.50000, -0.50000, 0.50000)
 
 

rightHand(-0.50000, -0.50000, -0.50000, 0.50000)
 
 

rightHand(-0.50000, -0.50000, -0.50000, 0.50000)
 
 

rightHand(-0.50000, -0.50000, -0.50000, 0.50000)
 
 

rightHand(-0.50000, -0.50000, -0.50000, 0.50000)
 
 

rightHand(-0.08238, 0.82577, 0.02126, 0.55756)
 
 

rightHand(-0.08238, 0.82577, 0.02126, 0.55756)
 
 

rightHand(-0.08238, 0.82577, 0.02126, 0.55756)
 
 

rightHand(-0.08238, 0.82577, 0.02126, 0.55756)
 
 

rightHand(-0.50000, -0.50000, -0.50000, 0.50000)
 
 

rightHand(-0.50000, -0.50000, -0.50000, 0.50000)
 
 

rightHand(-0.50000, -0.50000, -0.50000, 0.50000)
 
 

rightHand(-0.50000, -0.50000, -0.50000, 0.50000)
 
 

rightHand(-0.50000, -0.50000, -0.50000, 0.50000)
 
 

rightHand(-0.50000, -0.50000, -0.50000, 0.50000)
 
 

rightHand(-0.50000, -0.50000, -0.50000, 0.50000)
 
 

rightHand(-0.50000, -0.50000, -0.50000, 0.50000)
 
 

rightHand(-0.50000, -0.50000, -0.50000, 0.50000)
 
 

rightHand(-0.50000, -0.50000, -0.50000, 0.50000)
 
 

rightHand(-0.50000, -0.50000, -0.50000, 0.50000)
 
 

rightHand(-0.50000, -0.50000, -0.50000, 0.50000)
 
 

rightHand(-0.08122, 0.82094, 0.02582, 0.56462)
 
 

rightHand(-0.08122, 0.82094, 0.02582, 0.56462)
 
 

rightHand(-0.08122, 0.82094, 0.02582, 0.56462)
 
 

rightHand(-0.08122, 0.82094, 0.02582, 0.56462)
 
 

rightHand(-0.50000, -0.50000, -0.50000, 0.50000)
 
 

rightHand(-0.50000, -0.50000, -0.50000, 0.50000)
 
 

rightHand(-0.50000, -0.50000, -0.50000, 0.50000)
 
 

rightHand(-0.50000, -0.50000, -0.50000, 0.50000)
 
 

rightHand(-0.50000, -0.50000, -0.50000, 0.50000)
 
 

rightHand(-0.50000, -0.50000, -0.50000, 0.50000)
 
 

rightHand(-0.50000, -0.50000, -0.50000, 0.50000)
 
 

rightHand(-0.50000, -0.50000, -0.50000, 0.50000)
 
 

rightHand(-0.07798, 0.81758, 0.02406, 0.57001)
 
 

rightHand(-0.07798, 0.81758, 0.02406, 0.57001)
 
 

rightHand(-0.07798, 0.81758, 0.02406, 0.57001)
 
 

rightHand(-0.07798, 0.81758, 0.02406, 0.57001)
 
 

rightHand(-0.50000, -0.50000, -0.50000, 0.50000)
 
 

rightHand(-0.50000, -0.50000, -0.50000, 0.50000)
 
 

rightHand(-0.50000, -0.50000, -0.50000, 0.50000)
 
 

rightHand(-0.50000, -0.50000, -0.50000, 0.50000)
 
 

rightHand(-0.50000, -0.50000, -0.50000, 0.50000)
 
 

rightHand(-0.50000, -0.50000, -0.50000, 0.50000)
 
 

rightHand(-0.50000, -0.50000, -0.50000, 0.50000)
 
 

rightHand(-0.50000, -0.50000, -0.50000, 0.50000)
 
 

rightHand(-0.07270, 0.80936, 0.01932, 0.58248)
 
 

rightHand(-0.07270, 0.80936, 0.01932, 0.58248)
 
 

rightHand(-0.07270, 0.80936, 0.01932, 0.58248)
 
 

rightHand(-0.07270, 0.80936, 0.01932, 0.58248)
 
 

rightHand(-0.50000, -0.50000, -0.50000, 0.50000)
 
 

rightHand(-0.50000, -0.50000, -0.50000, 0.50000)
 
 

rightHand(-0.50000, -0.50000, -0.50000, 0.50000)
 
 

rightHand(-0.50000, -0.50000, -0.50000, 0.50000)
 
 

rightHand(-0.50000, -0.50000, -0.50000, 0.50000)
 
 

rightHand(-0.50000, -0.50000, -0.50000, 0.50000)
 
 

rightHand(-0.50000, -0.50000, -0.50000, 0.50000)
 
 

rightHand(-0.50000, -0.50000, -0.50000, 0.50000)
 
 

rightHand(-0.07759, 0.80370, 0.02029, 0.58960)
 
 

rightHand(-0.07759, 0.80370, 0.02029, 0.58960)
 
 

rightHand(-0.07759, 0.80370, 0.02029, 0.58960)
 
 

rightHand(-0.07759, 0.80370, 0.02029, 0.58960)
 
 

rightHand(-0.50000, -0.50000, -0.50000, 0.50000)
 
 

rightHand(-0.50000, -0.50000, -0.50000, 0.50000)
 
 

rightHand(-0.50000, -0.50000, -0.50000, 0.50000)
 
 

rightHand(-0.50000, -0.50000, -0.50000, 0.50000)
 
 

rightHand(-0.50000, -0.50000, -0.50000, 0.50000)
 
 

rightHand(-0.50000, -0.50000, -0.50000, 0.50000)
 
 

rightHand(-0.50000, -0.50000, -0.50000, 0.50000)
 
 

rightHand(-0.50000, -0.50000, -0.50000, 0.50000)
 
 

rightHand(-0.07890, 0.80153, 0.02282, 0.59228)
 
 

rightHand(-0.07890, 0.80153, 0.02282, 0.59228)
 
 

rightHand(-0.07890, 0.80153, 0.02282, 0.59228)
 
 

rightHand(-0.07890, 0.80153, 0.02282, 0.59228)
 
 

rightHand(-0.50000, -0.50000, -0.50000, 0.50000)
 
 

rightHand(-0.50000, -0.50000, -0.50000, 0.50000)
 
 

rightHand(-0.50000, -0.50000, -0.50000, 0.50000)
 
 

rightHand(-0.50000, -0.50000, -0.50000, 0.50000)
 
 

rightHand(-0.07884, 0.80365, 0.02590, 0.58929)
 
 

rightHand(-0.07884, 0.80365, 0.02590, 0.58929)
 
 

rightHand(-0.07884, 0.80365, 0.02590, 0.58929)
 
 

rightHand(-0.07884, 0.80365, 0.02590, 0.58929)
 
 

rightHand(-0.07973, 0.80340, 0.02561, 0.58952)
 
 

rightHand(-0.07973, 0.80340, 0.02561, 0.58952)
 
 

rightHand(-0.07973, 0.80340, 0.02561, 0.58952)
 
 

rightHand(-0.07973, 0.80340, 0.02561, 0.58952)
 
 

rightHand(-0.08062, 0.80145, 0.02385, 0.59212)
 
 

rightHand(-0.08062, 0.80145, 0.02385, 0.59212)
 
 

rightHand(-0.08062, 0.80145, 0.02385, 0.59212)
 
 

rightHand(-0.08062, 0.80145, 0.02385, 0.59212)
 
 

rightHand(-0.07622, 0.79989, 0.02571, 0.59473)
 
 

rightHand(-0.07622, 0.79989, 0.02571, 0.59473)
 
 

rightHand(-0.07622, 0.79989, 0.02571, 0.59473)
 
 

rightHand(-0.07622, 0.79989, 0.02571, 0.59473)
 
 

rightHand(-0.07212, 0.80063, 0.02748, 0.59417)
 
 

rightHand(-0.07212, 0.80063, 0.02748, 0.59417)
 
 

rightHand(-0.07212, 0.80063, 0.02748, 0.59417)
 
 

rightHand(-0.07212, 0.80063, 0.02748, 0.59417)
 
 

rightHand(-0.07171, 0.79985, 0.03004, 0.59515)
 
 

rightHand(-0.07171, 0.79985, 0.03004, 0.59515)
 
 

rightHand(-0.07171, 0.79985, 0.03004, 0.59515)
 
 

rightHand(-0.07171, 0.79985, 0.03004, 0.59515)
 
 

rightHand(-0.07490, 0.79767, 0.03349, 0.59748)
 
 

rightHand(-0.07490, 0.79767, 0.03349, 0.59748)
 
 

rightHand(-0.07490, 0.79767, 0.03349, 0.59748)
 
 

rightHand(-0.07490, 0.79767, 0.03349, 0.59748)
 
 

rightHand(-0.07299, 0.79641, 0.03522, 0.59930)
 
 

rightHand(-0.07299, 0.79641, 0.03522, 0.59930)
 
 

rightHand(-0.07299, 0.79641, 0.03522, 0.59930)
 
 

rightHand(-0.07299, 0.79641, 0.03522, 0.59930)
 
 

rightHand(-0.50000, -0.50000, -0.50000, 0.50000)
 
 

rightHand(-0.50000, -0.50000, -0.50000, 0.50000)
 
 

rightHand(-0.50000, -0.50000, -0.50000, 0.50000)
 
 

rightHand(-0.50000, -0.50000, -0.50000, 0.50000)
 
 

rightHand(-0.06968, 0.79601, 0.03582, 0.60019)
 
 

rightHand(-0.06968, 0.79601, 0.03582, 0.60019)
 
 

rightHand(-0.06968, 0.79601, 0.03582, 0.60019)
 
 

rightHand(-0.06968, 0.79601, 0.03582, 0.60019)
 
 

rightHand(-0.50000, -0.50000, -0.50000, 0.50000)
 
 

rightHand(-0.50000, -0.50000, -0.50000, 0.50000)
 
 

rightHand(-0.50000, -0.50000, -0.50000, 0.50000)
 
 

rightHand(-0.50000, -0.50000, -0.50000, 0.50000)
 
 

rightHand(-0.07272, 0.79521, 0.03753, 0.60079)
 
 

rightHand(-0.07272, 0.79521, 0.03753, 0.60079)
 
 

rightHand(-0.07272, 0.79521, 0.03753, 0.60079)
 
 

rightHand(-0.07272, 0.79521, 0.03753, 0.60079)
 
 

rightHand(-0.50000, -0.50000, -0.50000, 0.50000)
 
 

rightHand(-0.50000, -0.50000, -0.50000, 0.50000)
 
 

rightHand(-0.50000, -0.50000, -0.50000, 0.50000)
 
 

rightHand(-0.50000, -0.50000, -0.50000, 0.50000)
 
 

rightHand(-0.50000, -0.50000, -0.50000, 0.50000)
 
 

rightHand(-0.50000, -0.50000, -0.50000, 0.50000)
 
 

rightHand(-0.50000, -0.50000, -0.50000, 0.50000)
 
 

rightHand(-0.50000, -0.50000, -0.50000, 0.50000)
 
 

rightHand(-0.07340, 0.79556, 0.04369, 0.59982)
 
 

rightHand(-0.07340, 0.79556, 0.04369, 0.59982)
 
 

rightHand(-0.07340, 0.79556, 0.04369, 0.59982)
 
 

rightHand(-0.07340, 0.79556, 0.04369, 0.59982)
 
 

rightHand(-0.50000, -0.50000, -0.50000, 0.50000)
 
 

rightHand(-0.50000, -0.50000, -0.50000, 0.50000)
 
 

rightHand(-0.50000, -0.50000, -0.50000, 0.50000)
 
 

rightHand(-0.50000, -0.50000, -0.50000, 0.50000)
 
 

rightHand(-0.50000, -0.50000, -0.50000, 0.50000)
 
 

rightHand(-0.50000, -0.50000, -0.50000, 0.50000)
 
 

rightHand(-0.50000, -0.50000, -0.50000, 0.50000)
 
 

rightHand(-0.50000, -0.50000, -0.50000, 0.50000)
 
 

rightHand(-0.06978, 0.79602, 0.04651, 0.59943)
 
 

rightHand(-0.06978, 0.79602, 0.04651, 0.59943)
 
 

rightHand(-0.06978, 0.79602, 0.04651, 0.59943)
 
 

rightHand(-0.06978, 0.79602, 0.04651, 0.59943)
 
 

rightHand(-0.50000, -0.50000, -0.50000, 0.50000)
 
 

rightHand(-0.50000, -0.50000, -0.50000, 0.50000)
 
 

rightHand(-0.50000, -0.50000, -0.50000, 0.50000)
 
 

rightHand(-0.50000, -0.50000, -0.50000, 0.50000)
 
 

rightHand(-0.50000, -0.50000, -0.50000, 0.50000)
 
 

rightHand(-0.50000, -0.50000, -0.50000, 0.50000)
 
 

rightHand(-0.50000, -0.50000, -0.50000, 0.50000)
 
 

rightHand(-0.50000, -0.50000, -0.50000, 0.50000)
 
 

rightHand(-0.06700, 0.79559, 0.04668, 0.60031)
 
 

rightHand(-0.06700, 0.79559, 0.04668, 0.60031)
 
 

rightHand(-0.06700, 0.79559, 0.04668, 0.60031)
 
 

rightHand(-0.06700, 0.79559, 0.04668, 0.60031)
 
 

rightHand(-0.50000, -0.50000, -0.50000, 0.50000)
 
 

rightHand(-0.50000, -0.50000, -0.50000, 0.50000)
 
 

rightHand(-0.50000, -0.50000, -0.50000, 0.50000)
 
 

rightHand(-0.50000, -0.50000, -0.50000, 0.50000)
 
 

rightHand(-0.50000, -0.50000, -0.50000, 0.50000)
 
 

rightHand(-0.50000, -0.50000, -0.50000, 0.50000)
 
 

rightHand(-0.50000, -0.50000, -0.50000, 0.50000)
 
 

rightHand(-0.50000, -0.50000, -0.50000, 0.50000)
 
 

rightHand(-0.50000, -0.50000, -0.50000, 0.50000)
 
 

rightHand(-0.50000, -0.50000, -0.50000, 0.50000)
 
 

rightHand(-0.50000, -0.50000, -0.50000, 0.50000)
 
 

rightHand(-0.50000, -0.50000, -0.50000, 0.50000)
 
 

rightHand(-0.06808, 0.79456, 0.04875, 0.60139)
 
 

rightHand(-0.06808, 0.79456, 0.04875, 0.60139)
 
 

rightHand(-0.06808, 0.79456, 0.04875, 0.60139)
 
 

rightHand(-0.06808, 0.79456, 0.04875, 0.60139)
 
 

rightHand(-0.50000, -0.50000, -0.50000, 0.50000)
 
 

rightHand(-0.50000, -0.50000, -0.50000, 0.50000)
 
 

rightHand(-0.50000, -0.50000, -0.50000, 0.50000)
 
 

rightHand(-0.50000, -0.50000, -0.50000, 0.50000)
 
 

rightHand(-0.50000, -0.50000, -0.50000, 0.50000)
 
 

rightHand(-0.50000, -0.50000, -0.50000, 0.50000)
 
 

rightHand(-0.50000, -0.50000, -0.50000, 0.50000)
 
 

rightHand(-0.50000, -0.50000, -0.50000, 0.50000)
 
 

rightHand(-0.50000, -0.50000, -0.50000, 0.50000)
 
 

rightHand(-0.50000, -0.50000, -0.50000, 0.50000)
 
 

rightHand(-0.50000, -0.50000, -0.50000, 0.50000)
 
 

rightHand(-0.50000, -0.50000, -0.50000, 0.50000)
 
 

rightHand(-0.50000, -0.50000, -0.50000, 0.50000)
 
 

rightHand(-0.50000, -0.50000, -0.50000, 0.50000)
 
 

rightHand(-0.50000, -0.50000, -0.50000, 0.50000)
 
 

rightHand(-0.50000, -0.50000, -0.50000, 0.50000)
 
 

rightHand(-0.06774, 0.79458, 0.04966, 0.60132)
 
 

rightHand(-0.06774, 0.79458, 0.04966, 0.60132)
 
 

rightHand(-0.06774, 0.79458, 0.04966, 0.60132)
 
 

rightHand(-0.06774, 0.79458, 0.04966, 0.60132)
 
 

rightHand(-0.50000, -0.50000, -0.50000, 0.50000)
 
 

rightHand(-0.50000, -0.50000, -0.50000, 0.50000)
 
 

rightHand(-0.50000, -0.50000, -0.50000, 0.50000)
 
 

rightHand(-0.50000, -0.50000, -0.50000, 0.50000)
 
 

rightHand(-0.50000, -0.50000, -0.50000, 0.50000)
 
 

rightHand(-0.50000, -0.50000, -0.50000, 0.50000)
 
 

rightHand(-0.50000, -0.50000, -0.50000, 0.50000)
 
 

rightHand(-0.50000, -0.50000, -0.50000, 0.50000)
 
 

rightHand(-0.50000, -0.50000, -0.50000, 0.50000)
 
 

rightHand(-0.50000, -0.50000, -0.50000, 0.50000)
 
 

rightHand(-0.50000, -0.50000, -0.50000, 0.50000)
 
 

rightHand(-0.50000, -0.50000, -0.50000, 0.50000)
 
 

rightHand(-0.50000, -0.50000, -0.50000, 0.50000)
 
 

rightHand(-0.50000, -0.50000, -0.50000, 0.50000)
 
 

rightHand(-0.50000, -0.50000, -0.50000, 0.50000)
 
 

rightHand(-0.50000, -0.50000, -0.50000, 0.50000)
 
 

rightHand(-0.06479, 0.79475, 0.04730, 0.60161)
 
 

rightHand(-0.06479, 0.79475, 0.04730, 0.60161)
 
 

rightHand(-0.06479, 0.79475, 0.04730, 0.60161)
 
 

rightHand(-0.06479, 0.79475, 0.04730, 0.60161)
 
 

rightHand(-0.50000, -0.50000, -0.50000, 0.50000)
 
 

rightHand(-0.50000, -0.50000, -0.50000, 0.50000)
 
 

rightHand(-0.50000, -0.50000, -0.50000, 0.50000)
 
 

rightHand(-0.50000, -0.50000, -0.50000, 0.50000)
 
 

rightHand(-0.50000, -0.50000, -0.50000, 0.50000)
 
 

rightHand(-0.50000, -0.50000, -0.50000, 0.50000)
 
 

rightHand(-0.50000, -0.50000, -0.50000, 0.50000)
 
 

rightHand(-0.50000, -0.50000, -0.50000, 0.50000)
 
 

rightHand(-0.50000, -0.50000, -0.50000, 0.50000)
 
 

rightHand(-0.50000, -0.50000, -0.50000, 0.50000)
 
 

rightHand(-0.50000, -0.50000, -0.50000, 0.50000)
 
 

rightHand(-0.50000, -0.50000, -0.50000, 0.50000)
 
 

rightHand(-0.50000, -0.50000, -0.50000, 0.50000)
 
 

rightHand(-0.50000, -0.50000, -0.50000, 0.50000)
 
 

rightHand(-0.50000, -0.50000, -0.50000, 0.50000)
 
 

rightHand(-0.50000, -0.50000, -0.50000, 0.50000)
 
 

rightHand(-0.06348, 0.79430, 0.04728, 0.60234)
 
 

rightHand(-0.06348, 0.79430, 0.04728, 0.60234)
 
 

rightHand(-0.06348, 0.79430, 0.04728, 0.60234)
 
 

rightHand(-0.06348, 0.79430, 0.04728, 0.60234)
 
 

rightHand(-0.50000, -0.50000, -0.50000, 0.50000)
 
 

rightHand(-0.50000, -0.50000, -0.50000, 0.50000)
 
 

rightHand(-0.50000, -0.50000, -0.50000, 0.50000)
 
 

rightHand(-0.50000, -0.50000, -0.50000, 0.50000)
 
 

rightHand(-0.50000, -0.50000, -0.50000, 0.50000)
 
 

rightHand(-0.50000, -0.50000, -0.50000, 0.50000)
 
 

rightHand(-0.50000, -0.50000, -0.50000, 0.50000)
 
 

rightHand(-0.50000, -0.50000, -0.50000, 0.50000)
 
 

rightHand(-0.50000, -0.50000, -0.50000, 0.50000)
 
 

rightHand(-0.50000, -0.50000, -0.50000, 0.50000)
 
 

rightHand(-0.50000, -0.50000, -0.50000, 0.50000)
 
 

rightHand(-0.50000, -0.50000, -0.50000, 0.50000)
 
 

rightHand(-0.50000, -0.50000, -0.50000, 0.50000)
 
 

rightHand(-0.50000, -0.50000, -0.50000, 0.50000)
 
 

rightHand(-0.50000, -0.50000, -0.50000, 0.50000)
 
 

rightHand(-0.50000, -0.50000, -0.50000, 0.50000)
 
 

rightHand(-0.06266, 0.79457, 0.04979, 0.60187)
 
 

rightHand(-0.06266, 0.79457, 0.04979, 0.60187)
 
 

rightHand(-0.06266, 0.79457, 0.04979, 0.60187)
 
 

rightHand(-0.06266, 0.79457, 0.04979, 0.60187)
 
 

rightHand(-0.50000, -0.50000, -0.50000, 0.50000)
 
 

rightHand(-0.50000, -0.50000, -0.50000, 0.50000)
 
 

rightHand(-0.50000, -0.50000, -0.50000, 0.50000)
 
 

rightHand(-0.50000, -0.50000, -0.50000, 0.50000)
 
 

rightHand(-0.50000, -0.50000, -0.50000, 0.50000)
 
 

rightHand(-0.50000, -0.50000, -0.50000, 0.50000)
 
 

rightHand(-0.50000, -0.50000, -0.50000, 0.50000)
 
 

rightHand(-0.50000, -0.50000, -0.50000, 0.50000)
 
 

rightHand(-0.50000, -0.50000, -0.50000, 0.50000)
 
 

rightHand(-0.50000, -0.50000, -0.50000, 0.50000)
 
 

rightHand(-0.50000, -0.50000, -0.50000, 0.50000)
 
 

rightHand(-0.50000, -0.50000, -0.50000, 0.50000)
 
 

rightHand(-0.50000, -0.50000, -0.50000, 0.50000)
 
 

rightHand(-0.50000, -0.50000, -0.50000, 0.50000)
 
 

rightHand(-0.50000, -0.50000, -0.50000, 0.50000)
 
 

rightHand(-0.50000, -0.50000, -0.50000, 0.50000)
 
 

rightHand(-0.06351, 0.79398, 0.05186, 0.60240)
 
 

rightHand(-0.06351, 0.79398, 0.05186, 0.60240)
 
 

rightHand(-0.06351, 0.79398, 0.05186, 0.60240)
 
 

rightHand(-0.06351, 0.79398, 0.05186, 0.60240)
 
 

rightHand(-0.06351, 0.79398, 0.05186, 0.60240)
 
 

rightHand(-0.06351, 0.79398, 0.05186, 0.60240)
 
 

rightHand(-0.50000, -0.50000, -0.50000, 0.50000)
 
 

rightHand(-0.50000, -0.50000, -0.50000, 0.50000)
 
 

rightHand(-0.50000, -0.50000, -0.50000, 0.50000)
 
 

rightHand(-0.50000, -0.50000, -0.50000, 0.50000)
 
 

rightHand(-0.50000, -0.50000, -0.50000, 0.50000)
 
 

rightHand(-0.50000, -0.50000, -0.50000, 0.50000)
 
 

rightHand(-0.50000, -0.50000, -0.50000, 0.50000)
 
 

rightHand(-0.50000, -0.50000, -0.50000, 0.50000)
 
 

rightHand(-0.50000, -0.50000, -0.50000, 0.50000)
 
 

rightHand(-0.50000, -0.50000, -0.50000, 0.50000)
 
 

rightHand(-0.50000, -0.50000, -0.50000, 0.50000)
 
 

rightHand(-0.50000, -0.50000, -0.50000, 0.50000)
 
 

rightHand(-0.50000, -0.50000, -0.50000, 0.50000)
 
 

rightHand(-0.50000, -0.50000, -0.50000, 0.50000)
 
 

rightHand(-0.50000, -0.50000, -0.50000, 0.50000)
 
 

rightHand(-0.50000, -0.50000, -0.50000, 0.50000)
 
 

rightHand(-0.06373, 0.79380, 0.05088, 0.60269)
 
 

rightHand(-0.06373, 0.79380, 0.05088, 0.60269)
 
 

rightHand(-0.06373, 0.79380, 0.05088, 0.60269)
 
 

rightHand(-0.06373, 0.79380, 0.05088, 0.60269)
 
 

rightHand(-0.06373, 0.79380, 0.05088, 0.60269)
 
 

rightHand(-0.06373, 0.79380, 0.05088, 0.60269)
 
 

rightHand(-0.50000, -0.50000, -0.50000, 0.50000)
 
 

rightHand(-0.50000, -0.50000, -0.50000, 0.50000)
 
 

rightHand(-0.50000, -0.50000, -0.50000, 0.50000)
 
 

rightHand(-0.50000, -0.50000, -0.50000, 0.50000)
 
 

rightHand(-0.50000, -0.50000, -0.50000, 0.50000)
 
 

rightHand(-0.50000, -0.50000, -0.50000, 0.50000)
 
 

rightHand(-0.50000, -0.50000, -0.50000, 0.50000)
 
 

rightHand(-0.50000, -0.50000, -0.50000, 0.50000)
 
 

rightHand(-0.50000, -0.50000, -0.50000, 0.50000)
 
 

rightHand(-0.50000, -0.50000, -0.50000, 0.50000)
 
 

rightHand(-0.50000, -0.50000, -0.50000, 0.50000)
 
 

rightHand(-0.50000, -0.50000, -0.50000, 0.50000)
 
 

rightHand(-0.50000, -0.50000, -0.50000, 0.50000)
 
 

rightHand(-0.50000, -0.50000, -0.50000, 0.50000)
 
 

rightHand(-0.50000, -0.50000, -0.50000, 0.50000)
 
 

rightHand(-0.50000, -0.50000, -0.50000, 0.50000)
 
 

rightHand(-0.05662, 0.79649, 0.04868, 0.60002)
 
 

rightHand(-0.05662, 0.79649, 0.04868, 0.60002)
 
 

rightHand(-0.05662, 0.79649, 0.04868, 0.60002)
 
 

rightHand(-0.05662, 0.79649, 0.04868, 0.60002)
 
 

rightHand(-0.05662, 0.79649, 0.04868, 0.60002)
 
 

rightHand(-0.05662, 0.79649, 0.04868, 0.60002)
 
 

rightHand(-0.50000, -0.50000, -0.50000, 0.50000)
 
 

rightHand(-0.50000, -0.50000, -0.50000, 0.50000)
 
 

rightHand(-0.50000, -0.50000, -0.50000, 0.50000)
 
 

rightHand(-0.50000, -0.50000, -0.50000, 0.50000)
 
 

rightHand(-0.50000, -0.50000, -0.50000, 0.50000)
 
 

rightHand(-0.50000, -0.50000, -0.50000, 0.50000)
 
 

rightHand(-0.50000, -0.50000, -0.50000, 0.50000)
 
 

rightHand(-0.50000, -0.50000, -0.50000, 0.50000)
 
 

rightHand(-0.50000, -0.50000, -0.50000, 0.50000)
 
 

rightHand(-0.50000, -0.50000, -0.50000, 0.50000)
 
 

rightHand(-0.50000, -0.50000, -0.50000, 0.50000)
 
 

rightHand(-0.50000, -0.50000, -0.50000, 0.50000)
 
 

rightHand(-0.50000, -0.50000, -0.50000, 0.50000)
 
 

rightHand(-0.50000, -0.50000, -0.50000, 0.50000)
 
 

rightHand(-0.50000, -0.50000, -0.50000, 0.50000)
 
 

rightHand(-0.50000, -0.50000, -0.50000, 0.50000)
 
 

rightHand(-0.05602, 0.79663, 0.04853, 0.59991)
 
 

rightHand(-0.05602, 0.79663, 0.04853, 0.59991)
 
 

rightHand(-0.05602, 0.79663, 0.04853, 0.59991)
 
 

rightHand(-0.05602, 0.79663, 0.04853, 0.59991)
 
 

rightHand(-0.05602, 0.79663, 0.04853, 0.59991)
 
 

rightHand(-0.05602, 0.79663, 0.04853, 0.59991)
 
 

rightHand(-0.50000, -0.50000, -0.50000, 0.50000)
 
 

rightHand(-0.50000, -0.50000, -0.50000, 0.50000)
 
 

rightHand(-0.50000, -0.50000, -0.50000, 0.50000)
 
 

rightHand(-0.50000, -0.50000, -0.50000, 0.50000)
 
 

rightHand(-0.50000, -0.50000, -0.50000, 0.50000)
 
 

rightHand(-0.50000, -0.50000, -0.50000, 0.50000)
 
 

rightHand(-0.50000, -0.50000, -0.50000, 0.50000)
 
 

rightHand(-0.50000, -0.50000, -0.50000, 0.50000)
 
 

rightHand(-0.50000, -0.50000, -0.50000, 0.50000)
 
 

rightHand(-0.50000, -0.50000, -0.50000, 0.50000)
 
 

rightHand(-0.50000, -0.50000, -0.50000, 0.50000)
 
 

rightHand(-0.50000, -0.50000, -0.50000, 0.50000)
 
 

rightHand(-0.50000, -0.50000, -0.50000, 0.50000)
 
 

rightHand(-0.50000, -0.50000, -0.50000, 0.50000)
 
 

rightHand(-0.50000, -0.50000, -0.50000, 0.50000)
 
 

rightHand(-0.50000, -0.50000, -0.50000, 0.50000)
 
 

rightHand(-0.05915, 0.79414, 0.04953, 0.60282)
 
 

rightHand(-0.05915, 0.79414, 0.04953, 0.60282)
 
 

rightHand(-0.05915, 0.79414, 0.04953, 0.60282)
 
 

rightHand(-0.05915, 0.79414, 0.04953, 0.60282)
 
 

rightHand(-0.05915, 0.79414, 0.04953, 0.60282)
 
 

rightHand(-0.05915, 0.79414, 0.04953, 0.60282)
 
 

rightHand(-0.50000, -0.50000, -0.50000, 0.50000)
 
 

rightHand(-0.50000, -0.50000, -0.50000, 0.50000)
 
 

rightHand(-0.50000, -0.50000, -0.50000, 0.50000)
 
 

rightHand(-0.50000, -0.50000, -0.50000, 0.50000)
 
 

rightHand(-0.50000, -0.50000, -0.50000, 0.50000)
 
 

rightHand(-0.50000, -0.50000, -0.50000, 0.50000)
 
 

rightHand(-0.50000, -0.50000, -0.50000, 0.50000)
 
 

rightHand(-0.50000, -0.50000, -0.50000, 0.50000)
 
 

rightHand(-0.50000, -0.50000, -0.50000, 0.50000)
 
 

rightHand(-0.50000, -0.50000, -0.50000, 0.50000)
 
 

rightHand(-0.50000, -0.50000, -0.50000, 0.50000)
 
 

rightHand(-0.50000, -0.50000, -0.50000, 0.50000)
 
 

rightHand(-0.50000, -0.50000, -0.50000, 0.50000)
 
 

rightHand(-0.50000, -0.50000, -0.50000, 0.50000)
 
 

rightHand(-0.50000, -0.50000, -0.50000, 0.50000)
 
 

rightHand(-0.50000, -0.50000, -0.50000, 0.50000)
 
 

rightHand(-0.06267, 0.79184, 0.05222, 0.60526)
 
 

rightHand(-0.06267, 0.79184, 0.05222, 0.60526)
 
 

rightHand(-0.06267, 0.79184, 0.05222, 0.60526)
 
 

rightHand(-0.06267, 0.79184, 0.05222, 0.60526)
 
 

rightHand(-0.06267, 0.79184, 0.05222, 0.60526)
 
 

rightHand(-0.06267, 0.79184, 0.05222, 0.60526)
 
 

rightHand(-0.50000, -0.50000, -0.50000, 0.50000)
 
 

rightHand(-0.50000, -0.50000, -0.50000, 0.50000)
 
 

rightHand(-0.50000, -0.50000, -0.50000, 0.50000)
 
 

rightHand(-0.50000, -0.50000, -0.50000, 0.50000)
 
 

rightHand(-0.50000, -0.50000, -0.50000, 0.50000)
 
 

rightHand(-0.50000, -0.50000, -0.50000, 0.50000)
 
 

rightHand(-0.50000, -0.50000, -0.50000, 0.50000)
 
 

rightHand(-0.50000, -0.50000, -0.50000, 0.50000)
 
 

rightHand(-0.50000, -0.50000, -0.50000, 0.50000)
 
 

rightHand(-0.50000, -0.50000, -0.50000, 0.50000)
 
 

rightHand(-0.50000, -0.50000, -0.50000, 0.50000)
 
 

rightHand(-0.50000, -0.50000, -0.50000, 0.50000)
 
 

rightHand(-0.50000, -0.50000, -0.50000, 0.50000)
 
 

rightHand(-0.50000, -0.50000, -0.50000, 0.50000)
 
 

rightHand(-0.50000, -0.50000, -0.50000, 0.50000)
 
 

rightHand(-0.50000, -0.50000, -0.50000, 0.50000)
 
 

rightHand(-0.06168, 0.79259, 0.05385, 0.60423)
 
 

rightHand(-0.06168, 0.79259, 0.05385, 0.60423)
 
 

rightHand(-0.06168, 0.79259, 0.05385, 0.60423)
 
 

rightHand(-0.06168, 0.79259, 0.05385, 0.60423)
 
 

rightHand(-0.06168, 0.79259, 0.05385, 0.60423)
 
 

rightHand(-0.06168, 0.79259, 0.05385, 0.60423)
 
 

rightHand(-0.50000, -0.50000, -0.50000, 0.50000)
 
 

rightHand(-0.50000, -0.50000, -0.50000, 0.50000)
 
 

rightHand(-0.50000, -0.50000, -0.50000, 0.50000)
 
 

rightHand(-0.50000, -0.50000, -0.50000, 0.50000)
 
 

rightHand(-0.50000, -0.50000, -0.50000, 0.50000)
 
 

rightHand(-0.50000, -0.50000, -0.50000, 0.50000)
 
 

rightHand(-0.50000, -0.50000, -0.50000, 0.50000)
 
 

rightHand(-0.50000, -0.50000, -0.50000, 0.50000)
 
 

rightHand(-0.50000, -0.50000, -0.50000, 0.50000)
 
 

rightHand(-0.50000, -0.50000, -0.50000, 0.50000)
 
 

rightHand(-0.50000, -0.50000, -0.50000, 0.50000)
 
 

rightHand(-0.50000, -0.50000, -0.50000, 0.50000)
 
 

rightHand(-0.50000, -0.50000, -0.50000, 0.50000)
 
 

rightHand(-0.50000, -0.50000, -0.50000, 0.50000)
 
 

rightHand(-0.50000, -0.50000, -0.50000, 0.50000)
 
 

rightHand(-0.50000, -0.50000, -0.50000, 0.50000)
 
 

rightHand(-0.05970, 0.79179, 0.05482, 0.60540)
 
 

rightHand(-0.05970, 0.79179, 0.05482, 0.60540)
 
 

rightHand(-0.05970, 0.79179, 0.05482, 0.60540)
 
 

rightHand(-0.05970, 0.79179, 0.05482, 0.60540)
 
 

rightHand(-0.05970, 0.79179, 0.05482, 0.60540)
 
 

rightHand(-0.05970, 0.79179, 0.05482, 0.60540)
 
 

rightHand(-0.50000, -0.50000, -0.50000, 0.50000)
 
 

rightHand(-0.50000, -0.50000, -0.50000, 0.50000)
 
 

rightHand(-0.50000, -0.50000, -0.50000, 0.50000)
 
 

rightHand(-0.50000, -0.50000, -0.50000, 0.50000)
 
 

rightHand(-0.50000, -0.50000, -0.50000, 0.50000)
 
 

rightHand(-0.50000, -0.50000, -0.50000, 0.50000)
 
 

rightHand(-0.50000, -0.50000, -0.50000, 0.50000)
 
 

rightHand(-0.50000, -0.50000, -0.50000, 0.50000)
 
 

rightHand(-0.50000, -0.50000, -0.50000, 0.50000)
 
 

rightHand(-0.50000, -0.50000, -0.50000, 0.50000)
 
 

rightHand(-0.50000, -0.50000, -0.50000, 0.50000)
 
 

rightHand(-0.50000, -0.50000, -0.50000, 0.50000)
 
 

rightHand(-0.50000, -0.50000, -0.50000, 0.50000)
 
 

rightHand(-0.50000, -0.50000, -0.50000, 0.50000)
 
 

rightHand(-0.50000, -0.50000, -0.50000, 0.50000)
 
 

rightHand(-0.50000, -0.50000, -0.50000, 0.50000)
 
 

rightHand(-0.05923, 0.79066, 0.05511, 0.60688)
 
 

rightHand(-0.05923, 0.79066, 0.05511, 0.60688)
 
 

rightHand(-0.05923, 0.79066, 0.05511, 0.60688)
 
 

rightHand(-0.05923, 0.79066, 0.05511, 0.60688)
 
 

rightHand(-0.05923, 0.79066, 0.05511, 0.60688)
 
 

rightHand(-0.05923, 0.79066, 0.05511, 0.60688)
 
 

rightHand(-0.50000, -0.50000, -0.50000, 0.50000)
 
 

rightHand(-0.50000, -0.50000, -0.50000, 0.50000)
 
 

rightHand(-0.50000, -0.50000, -0.50000, 0.50000)
 
 

rightHand(-0.50000, -0.50000, -0.50000, 0.50000)
 
 

rightHand(-0.50000, -0.50000, -0.50000, 0.50000)
 
 

rightHand(-0.50000, -0.50000, -0.50000, 0.50000)
 
 

rightHand(-0.50000, -0.50000, -0.50000, 0.50000)
 
 

rightHand(-0.50000, -0.50000, -0.50000, 0.50000)
 
 

rightHand(-0.50000, -0.50000, -0.50000, 0.50000)
 
 

rightHand(-0.50000, -0.50000, -0.50000, 0.50000)
 
 

rightHand(-0.50000, -0.50000, -0.50000, 0.50000)
 
 

rightHand(-0.50000, -0.50000, -0.50000, 0.50000)
 
 

rightHand(-0.50000, -0.50000, -0.50000, 0.50000)
 
 

rightHand(-0.50000, -0.50000, -0.50000, 0.50000)
 
 

rightHand(-0.50000, -0.50000, -0.50000, 0.50000)
 
 

rightHand(-0.50000, -0.50000, -0.50000, 0.50000)
 
 

rightHand(-0.05853, 0.79002, 0.05503, 0.60780)
 
 

rightHand(-0.05853, 0.79002, 0.05503, 0.60780)
 
 

rightHand(-0.05853, 0.79002, 0.05503, 0.60780)
 
 

rightHand(-0.05853, 0.79002, 0.05503, 0.60780)
 
 

rightHand(-0.05853, 0.79002, 0.05503, 0.60780)
 
 

rightHand(-0.05853, 0.79002, 0.05503, 0.60780)
 
 

rightHand(-0.50000, -0.50000, -0.50000, 0.50000)
 
 

rightHand(-0.50000, -0.50000, -0.50000, 0.50000)
 
 

rightHand(-0.50000, -0.50000, -0.50000, 0.50000)
 
 

rightHand(-0.50000, -0.50000, -0.50000, 0.50000)
 
 

rightHand(-0.50000, -0.50000, -0.50000, 0.50000)
 
 

rightHand(-0.50000, -0.50000, -0.50000, 0.50000)
 
 

rightHand(-0.50000, -0.50000, -0.50000, 0.50000)
 
 

rightHand(-0.50000, -0.50000, -0.50000, 0.50000)
 
 

rightHand(-0.50000, -0.50000, -0.50000, 0.50000)
 
 

rightHand(-0.50000, -0.50000, -0.50000, 0.50000)
 
 

rightHand(-0.50000, -0.50000, -0.50000, 0.50000)
 
 

rightHand(-0.50000, -0.50000, -0.50000, 0.50000)
 
 

rightHand(-0.50000, -0.50000, -0.50000, 0.50000)
 
 

rightHand(-0.50000, -0.50000, -0.50000, 0.50000)
 
 

rightHand(-0.50000, -0.50000, -0.50000, 0.50000)
 
 

rightHand(-0.50000, -0.50000, -0.50000, 0.50000)
 
 

rightHand(-0.05473, 0.79145, 0.05526, 0.60626)
 
 

rightHand(-0.05473, 0.79145, 0.05526, 0.60626)
 
 

rightHand(-0.05473, 0.79145, 0.05526, 0.60626)
 
 

rightHand(-0.05473, 0.79145, 0.05526, 0.60626)
 
 

rightHand(-0.05473, 0.79145, 0.05526, 0.60626)
 
 

rightHand(-0.05473, 0.79145, 0.05526, 0.60626)
 
 

rightHand(-0.50000, -0.50000, -0.50000, 0.50000)
 
 

rightHand(-0.50000, -0.50000, -0.50000, 0.50000)
 
 

rightHand(-0.50000, -0.50000, -0.50000, 0.50000)
 
 

rightHand(-0.50000, -0.50000, -0.50000, 0.50000)
 
 

rightHand(-0.50000, -0.50000, -0.50000, 0.50000)
 
 

rightHand(-0.50000, -0.50000, -0.50000, 0.50000)
 
 

rightHand(-0.50000, -0.50000, -0.50000, 0.50000)
 
 

rightHand(-0.50000, -0.50000, -0.50000, 0.50000)
 
 

rightHand(-0.50000, -0.50000, -0.50000, 0.50000)
 
 

rightHand(-0.50000, -0.50000, -0.50000, 0.50000)
 
 

rightHand(-0.50000, -0.50000, -0.50000, 0.50000)
 
 

rightHand(-0.50000, -0.50000, -0.50000, 0.50000)
 
 

rightHand(-0.50000, -0.50000, -0.50000, 0.50000)
 
 

rightHand(-0.50000, -0.50000, -0.50000, 0.50000)
 
 

rightHand(-0.50000, -0.50000, -0.50000, 0.50000)
 
 

rightHand(-0.50000, -0.50000, -0.50000, 0.50000)
 
 

rightHand(-0.05597, 0.79080, 0.05604, 0.60693)
 
 

rightHand(-0.05597, 0.79080, 0.05604, 0.60693)
 
 

rightHand(-0.05597, 0.79080, 0.05604, 0.60693)
 
 

rightHand(-0.05597, 0.79080, 0.05604, 0.60693)
 
 

rightHand(-0.50000, -0.50000, -0.50000, 0.50000)
 
 

rightHand(-0.50000, -0.50000, -0.50000, 0.50000)
 
 

rightHand(-0.50000, -0.50000, -0.50000, 0.50000)
 
 

rightHand(-0.50000, -0.50000, -0.50000, 0.50000)
 
 

rightHand(-0.50000, -0.50000, -0.50000, 0.50000)
 
 

rightHand(-0.50000, -0.50000, -0.50000, 0.50000)
 
 

rightHand(-0.50000, -0.50000, -0.50000, 0.50000)
 
 

rightHand(-0.50000, -0.50000, -0.50000, 0.50000)
 
 

rightHand(-0.50000, -0.50000, -0.50000, 0.50000)
 
 

rightHand(-0.50000, -0.50000, -0.50000, 0.50000)
 
 

rightHand(-0.50000, -0.50000, -0.50000, 0.50000)
 
 

rightHand(-0.50000, -0.50000, -0.50000, 0.50000)
 
 

rightHand(-0.50000, -0.50000, -0.50000, 0.50000)
 
 

rightHand(-0.50000, -0.50000, -0.50000, 0.50000)
 
 

rightHand(-0.50000, -0.50000, -0.50000, 0.50000)
 
 

rightHand(-0.50000, -0.50000, -0.50000, 0.50000)
 
 

rightHand(-0.05765, 0.78960, 0.05684, 0.60825)
 
 

rightHand(-0.05765, 0.78960, 0.05684, 0.60825)
 
 

rightHand(-0.05765, 0.78960, 0.05684, 0.60825)
 
 

rightHand(-0.05765, 0.78960, 0.05684, 0.60825)
 
 

rightHand(-0.50000, -0.50000, -0.50000, 0.50000)
 
 

rightHand(-0.50000, -0.50000, -0.50000, 0.50000)
 
 

rightHand(-0.50000, -0.50000, -0.50000, 0.50000)
 
 

rightHand(-0.50000, -0.50000, -0.50000, 0.50000)
 
 

rightHand(-0.50000, -0.50000, -0.50000, 0.50000)
 
 

rightHand(-0.50000, -0.50000, -0.50000, 0.50000)
 
 

rightHand(-0.50000, -0.50000, -0.50000, 0.50000)
 
 

rightHand(-0.50000, -0.50000, -0.50000, 0.50000)
 
 

rightHand(-0.50000, -0.50000, -0.50000, 0.50000)
 
 

rightHand(-0.50000, -0.50000, -0.50000, 0.50000)
 
 

rightHand(-0.50000, -0.50000, -0.50000, 0.50000)
 
 

rightHand(-0.50000, -0.50000, -0.50000, 0.50000)
 
 

rightHand(-0.50000, -0.50000, -0.50000, 0.50000)
 
 

rightHand(-0.50000, -0.50000, -0.50000, 0.50000)
 
 

rightHand(-0.50000, -0.50000, -0.50000, 0.50000)
 
 

rightHand(-0.50000, -0.50000, -0.50000, 0.50000)
 
 

rightHand(-0.05652, 0.78893, 0.05854, 0.60907)
 
 

rightHand(-0.05652, 0.78893, 0.05854, 0.60907)
 
 

rightHand(-0.05652, 0.78893, 0.05854, 0.60907)
 
 

rightHand(-0.05652, 0.78893, 0.05854, 0.60907)
 
 

rightHand(-0.50000, -0.50000, -0.50000, 0.50000)
 
 

rightHand(-0.50000, -0.50000, -0.50000, 0.50000)
 
 

rightHand(-0.50000, -0.50000, -0.50000, 0.50000)
 
 

rightHand(-0.50000, -0.50000, -0.50000, 0.50000)
 
 

rightHand(-0.50000, -0.50000, -0.50000, 0.50000)
 
 

rightHand(-0.50000, -0.50000, -0.50000, 0.50000)
 
 

rightHand(-0.50000, -0.50000, -0.50000, 0.50000)
 
 

rightHand(-0.50000, -0.50000, -0.50000, 0.50000)
 
 

rightHand(-0.50000, -0.50000, -0.50000, 0.50000)
 
 

rightHand(-0.50000, -0.50000, -0.50000, 0.50000)
 
 

rightHand(-0.50000, -0.50000, -0.50000, 0.50000)
 
 

rightHand(-0.50000, -0.50000, -0.50000, 0.50000)
 
 

rightHand(-0.50000, -0.50000, -0.50000, 0.50000)
 
 

rightHand(-0.50000, -0.50000, -0.50000, 0.50000)
 
 

rightHand(-0.50000, -0.50000, -0.50000, 0.50000)
 
 

rightHand(-0.50000, -0.50000, -0.50000, 0.50000)
 
 

rightHand(-0.05495, 0.78992, 0.05906, 0.60788)
 
 

rightHand(-0.05495, 0.78992, 0.05906, 0.60788)
 
 

rightHand(-0.05495, 0.78992, 0.05906, 0.60788)
 
 

rightHand(-0.05495, 0.78992, 0.05906, 0.60788)
 
 

rightHand(-0.50000, -0.50000, -0.50000, 0.50000)
 
 

rightHand(-0.50000, -0.50000, -0.50000, 0.50000)
 
 

rightHand(-0.50000, -0.50000, -0.50000, 0.50000)
 
 

rightHand(-0.50000, -0.50000, -0.50000, 0.50000)
 
 

rightHand(-0.50000, -0.50000, -0.50000, 0.50000)
 
 

rightHand(-0.50000, -0.50000, -0.50000, 0.50000)
 
 

rightHand(-0.50000, -0.50000, -0.50000, 0.50000)
 
 

rightHand(-0.50000, -0.50000, -0.50000, 0.50000)
 
 

rightHand(-0.50000, -0.50000, -0.50000, 0.50000)
 
 

rightHand(-0.50000, -0.50000, -0.50000, 0.50000)
 
 

rightHand(-0.50000, -0.50000, -0.50000, 0.50000)
 
 

rightHand(-0.50000, -0.50000, -0.50000, 0.50000)
 
 

rightHand(-0.05543, 0.79022, 0.05787, 0.60756)
 
 

rightHand(-0.05543, 0.79022, 0.05787, 0.60756)
 
 

rightHand(-0.05543, 0.79022, 0.05787, 0.60756)
 
 

rightHand(-0.05543, 0.79022, 0.05787, 0.60756)
 
 

rightHand(-0.50000, -0.50000, -0.50000, 0.50000)
 
 

rightHand(-0.50000, -0.50000, -0.50000, 0.50000)
 
 

rightHand(-0.50000, -0.50000, -0.50000, 0.50000)
 
 

rightHand(-0.50000, -0.50000, -0.50000, 0.50000)
 
 

rightHand(-0.50000, -0.50000, -0.50000, 0.50000)
 
 

rightHand(-0.50000, -0.50000, -0.50000, 0.50000)
 
 

rightHand(-0.50000, -0.50000, -0.50000, 0.50000)
 
 

rightHand(-0.50000, -0.50000, -0.50000, 0.50000)
 
 

rightHand(-0.50000, -0.50000, -0.50000, 0.50000)
 
 

rightHand(-0.50000, -0.50000, -0.50000, 0.50000)
 
 

rightHand(-0.50000, -0.50000, -0.50000, 0.50000)
 
 

rightHand(-0.50000, -0.50000, -0.50000, 0.50000)
 
 

rightHand(-0.05459, 0.79000, 0.05832, 0.60788)
 
 

rightHand(-0.05459, 0.79000, 0.05832, 0.60788)
 
 

rightHand(-0.05459, 0.79000, 0.05832, 0.60788)
 
 

rightHand(-0.05459, 0.79000, 0.05832, 0.60788)
 
 

rightHand(-0.50000, -0.50000, -0.50000, 0.50000)
 
 

rightHand(-0.50000, -0.50000, -0.50000, 0.50000)
 
 

rightHand(-0.50000, -0.50000, -0.50000, 0.50000)
 
 

rightHand(-0.50000, -0.50000, -0.50000, 0.50000)
 
 

rightHand(-0.50000, -0.50000, -0.50000, 0.50000)
 
 

rightHand(-0.50000, -0.50000, -0.50000, 0.50000)
 
 

rightHand(-0.50000, -0.50000, -0.50000, 0.50000)
 
 

rightHand(-0.50000, -0.50000, -0.50000, 0.50000)
 
 

rightHand(-0.05303, 0.78872, 0.06021, 0.60949)
 
 

rightHand(-0.05303, 0.78872, 0.06021, 0.60949)
 
 

rightHand(-0.05303, 0.78872, 0.06021, 0.60949)
 
 

rightHand(-0.05303, 0.78872, 0.06021, 0.60949)
 
 

rightHand(-0.50000, -0.50000, -0.50000, 0.50000)
 
 

rightHand(-0.50000, -0.50000, -0.50000, 0.50000)
 
 

rightHand(-0.50000, -0.50000, -0.50000, 0.50000)
 
 

rightHand(-0.50000, -0.50000, -0.50000, 0.50000)
 
 

rightHand(-0.50000, -0.50000, -0.50000, 0.50000)
 
 

rightHand(-0.50000, -0.50000, -0.50000, 0.50000)
 
 

rightHand(-0.50000, -0.50000, -0.50000, 0.50000)
 
 

rightHand(-0.50000, -0.50000, -0.50000, 0.50000)
 
 

rightHand(-0.05374, 0.78856, 0.06073, 0.60959)
 
 

rightHand(-0.05374, 0.78856, 0.06073, 0.60959)
 
 

rightHand(-0.05374, 0.78856, 0.06073, 0.60959)
 
 

rightHand(-0.05374, 0.78856, 0.06073, 0.60959)
 
 

rightHand(-0.50000, -0.50000, -0.50000, 0.50000)
 
 

rightHand(-0.50000, -0.50000, -0.50000, 0.50000)
 
 

rightHand(-0.50000, -0.50000, -0.50000, 0.50000)
 
 

rightHand(-0.50000, -0.50000, -0.50000, 0.50000)
 
 

rightHand(-0.50000, -0.50000, -0.50000, 0.50000)
 
 

rightHand(-0.50000, -0.50000, -0.50000, 0.50000)
 
 

rightHand(-0.50000, -0.50000, -0.50000, 0.50000)
 
 

rightHand(-0.50000, -0.50000, -0.50000, 0.50000)
 
 

rightHand(-0.05351, 0.79007, 0.06153, 0.60756)
 
 

rightHand(-0.05351, 0.79007, 0.06153, 0.60756)
 
 

rightHand(-0.05351, 0.79007, 0.06153, 0.60756)
 
 

rightHand(-0.05351, 0.79007, 0.06153, 0.60756)
 
 

rightHand(-0.50000, -0.50000, -0.50000, 0.50000)
 
 

rightHand(-0.50000, -0.50000, -0.50000, 0.50000)
 
 

rightHand(-0.50000, -0.50000, -0.50000, 0.50000)
 
 

rightHand(-0.50000, -0.50000, -0.50000, 0.50000)
 
 

rightHand(-0.50000, -0.50000, -0.50000, 0.50000)
 
 

rightHand(-0.50000, -0.50000, -0.50000, 0.50000)
 
 

rightHand(-0.50000, -0.50000, -0.50000, 0.50000)
 
 

rightHand(-0.50000, -0.50000, -0.50000, 0.50000)
 
 

rightHand(-0.04937, 0.79097, 0.06144, 0.60676)
 
 

rightHand(-0.04937, 0.79097, 0.06144, 0.60676)
 
 

rightHand(-0.04937, 0.79097, 0.06144, 0.60676)
 
 

rightHand(-0.04937, 0.79097, 0.06144, 0.60676)
 
 

rightHand(-0.50000, -0.50000, -0.50000, 0.50000)
 
 

rightHand(-0.50000, -0.50000, -0.50000, 0.50000)
 
 

rightHand(-0.50000, -0.50000, -0.50000, 0.50000)
 
 

rightHand(-0.50000, -0.50000, -0.50000, 0.50000)
 
 

rightHand(-0.04778, 0.79049, 0.05969, 0.60768)
 
 

rightHand(-0.04778, 0.79049, 0.05969, 0.60768)
 
 

rightHand(-0.04778, 0.79049, 0.05969, 0.60768)
 
 

rightHand(-0.04778, 0.79049, 0.05969, 0.60768)
 
 

rightHand(-0.50000, -0.50000, -0.50000, 0.50000)
 
 

rightHand(-0.50000, -0.50000, -0.50000, 0.50000)
 
 

rightHand(-0.50000, -0.50000, -0.50000, 0.50000)
 
 

rightHand(-0.50000, -0.50000, -0.50000, 0.50000)
 
 

rightHand(-0.04783, 0.79010, 0.05954, 0.60820)
 
 

rightHand(-0.04783, 0.79010, 0.05954, 0.60820)
 
 

rightHand(-0.04783, 0.79010, 0.05954, 0.60820)
 
 

rightHand(-0.04783, 0.79010, 0.05954, 0.60820)
 
 

rightHand(-0.50000, -0.50000, -0.50000, 0.50000)
 
 

rightHand(-0.50000, -0.50000, -0.50000, 0.50000)
 
 

rightHand(-0.50000, -0.50000, -0.50000, 0.50000)
 
 

rightHand(-0.50000, -0.50000, -0.50000, 0.50000)
 
 

rightHand(-0.04729, 0.79026, 0.06017, 0.60798)
 
 

rightHand(-0.04729, 0.79026, 0.06017, 0.60798)
 
 

rightHand(-0.04729, 0.79026, 0.06017, 0.60798)
 
 

rightHand(-0.04729, 0.79026, 0.06017, 0.60798)
 
 

rightHand(-0.50000, -0.50000, -0.50000, 0.50000)
 
 

rightHand(-0.50000, -0.50000, -0.50000, 0.50000)
 
 

rightHand(-0.50000, -0.50000, -0.50000, 0.50000)
 
 

rightHand(-0.50000, -0.50000, -0.50000, 0.50000)
 
 

rightHand(-0.04458, 0.79120, 0.06236, 0.60673)
 
 

rightHand(-0.04458, 0.79120, 0.06236, 0.60673)
 
 

rightHand(-0.04458, 0.79120, 0.06236, 0.60673)
 
 

rightHand(-0.04458, 0.79120, 0.06236, 0.60673)
 
 

rightHand(-0.50000, -0.50000, -0.50000, 0.50000)
 
 

rightHand(-0.50000, -0.50000, -0.50000, 0.50000)
 
 

rightHand(-0.50000, -0.50000, -0.50000, 0.50000)
 
 

rightHand(-0.50000, -0.50000, -0.50000, 0.50000)
 
 

rightHand(-0.04348, 0.79144, 0.06252, 0.60649)
 
 

rightHand(-0.04348, 0.79144, 0.06252, 0.60649)
 
 

rightHand(-0.04348, 0.79144, 0.06252, 0.60649)
 
 

rightHand(-0.04348, 0.79144, 0.06252, 0.60649)
 
 

rightHand(-0.50000, -0.50000, -0.50000, 0.50000)
 
 

rightHand(-0.50000, -0.50000, -0.50000, 0.50000)
 
 

rightHand(-0.50000, -0.50000, -0.50000, 0.50000)
 
 

rightHand(-0.50000, -0.50000, -0.50000, 0.50000)
 
 

rightHand(-0.04373, 0.79079, 0.06309, 0.60725)
 
 

rightHand(-0.04373, 0.79079, 0.06309, 0.60725)
 
 

rightHand(-0.04373, 0.79079, 0.06309, 0.60725)
 
 

rightHand(-0.04373, 0.79079, 0.06309, 0.60725)
 
 

rightHand(-0.50000, -0.50000, -0.50000, 0.50000)
 
 

rightHand(-0.50000, -0.50000, -0.50000, 0.50000)
 
 

rightHand(-0.50000, -0.50000, -0.50000, 0.50000)
 
 

rightHand(-0.50000, -0.50000, -0.50000, 0.50000)
 
 

rightHand(-0.04372, 0.78928, 0.06624, 0.60888)
 
 

rightHand(-0.04372, 0.78928, 0.06624, 0.60888)
 
 

rightHand(-0.04372, 0.78928, 0.06624, 0.60888)
 
 

rightHand(-0.04372, 0.78928, 0.06624, 0.60888)
 
 

rightHand(-0.50000, -0.50000, -0.50000, 0.50000)
 
 

rightHand(-0.50000, -0.50000, -0.50000, 0.50000)
 
 

rightHand(-0.50000, -0.50000, -0.50000, 0.50000)
 
 

rightHand(-0.50000, -0.50000, -0.50000, 0.50000)
 
 

rightHand(-0.50000, -0.50000, -0.50000, 0.50000)
 
 

rightHand(-0.50000, -0.50000, -0.50000, 0.50000)
 
 

rightHand(-0.50000, -0.50000, -0.50000, 0.50000)
 
 

rightHand(-0.50000, -0.50000, -0.50000, 0.50000)
 
 

rightHand(-0.04208, 0.78998, 0.06784, 0.60791)
 
 

rightHand(-0.04208, 0.78998, 0.06784, 0.60791)
 
 

rightHand(-0.04208, 0.78998, 0.06784, 0.60791)
 
 

rightHand(-0.04208, 0.78998, 0.06784, 0.60791)
 
 

rightHand(-0.50000, -0.50000, -0.50000, 0.50000)
 
 

rightHand(-0.50000, -0.50000, -0.50000, 0.50000)
 
 

rightHand(-0.50000, -0.50000, -0.50000, 0.50000)
 
 

rightHand(-0.50000, -0.50000, -0.50000, 0.50000)
 
 

rightHand(-0.50000, -0.50000, -0.50000, 0.50000)
 
 

rightHand(-0.50000, -0.50000, -0.50000, 0.50000)
 
 

rightHand(-0.50000, -0.50000, -0.50000, 0.50000)
 
 

rightHand(-0.50000, -0.50000, -0.50000, 0.50000)
 
 

rightHand(-0.03644, 0.79262, 0.06777, 0.60484)
 
 

rightHand(-0.03644, 0.79262, 0.06777, 0.60484)
 
 

rightHand(-0.03644, 0.79262, 0.06777, 0.60484)
 
 

rightHand(-0.03644, 0.79262, 0.06777, 0.60484)
 
 

rightHand(-0.50000, -0.50000, -0.50000, 0.50000)
 
 

rightHand(-0.50000, -0.50000, -0.50000, 0.50000)
 
 

rightHand(-0.50000, -0.50000, -0.50000, 0.50000)
 
 

rightHand(-0.50000, -0.50000, -0.50000, 0.50000)
 
 

rightHand(-0.50000, -0.50000, -0.50000, 0.50000)
 
 

rightHand(-0.50000, -0.50000, -0.50000, 0.50000)
 
 

rightHand(-0.50000, -0.50000, -0.50000, 0.50000)
 
 

rightHand(-0.50000, -0.50000, -0.50000, 0.50000)
 
 

rightHand(-0.03685, 0.79293, 0.06479, 0.60473)
 
 

rightHand(-0.03685, 0.79293, 0.06479, 0.60473)
 
 

rightHand(-0.03685, 0.79293, 0.06479, 0.60473)
 
 

rightHand(-0.03685, 0.79293, 0.06479, 0.60473)
 
 

rightHand(-0.50000, -0.50000, -0.50000, 0.50000)
 
 

rightHand(-0.50000, -0.50000, -0.50000, 0.50000)
 
 

rightHand(-0.50000, -0.50000, -0.50000, 0.50000)
 
 

rightHand(-0.50000, -0.50000, -0.50000, 0.50000)
 
 

rightHand(-0.50000, -0.50000, -0.50000, 0.50000)
 
 

rightHand(-0.50000, -0.50000, -0.50000, 0.50000)
 
 

rightHand(-0.50000, -0.50000, -0.50000, 0.50000)
 
 

rightHand(-0.50000, -0.50000, -0.50000, 0.50000)
 
 

rightHand(-0.03758, 0.79247, 0.06454, 0.60532)
 
 

rightHand(-0.03758, 0.79247, 0.06454, 0.60532)
 
 

rightHand(-0.03758, 0.79247, 0.06454, 0.60532)
 
 

rightHand(-0.03758, 0.79247, 0.06454, 0.60532)
 
 

rightHand(-0.50000, -0.50000, -0.50000, 0.50000)
 
 

rightHand(-0.50000, -0.50000, -0.50000, 0.50000)
 
 

rightHand(-0.50000, -0.50000, -0.50000, 0.50000)
 
 

rightHand(-0.50000, -0.50000, -0.50000, 0.50000)
 
 

rightHand(-0.50000, -0.50000, -0.50000, 0.50000)
 
 

rightHand(-0.50000, -0.50000, -0.50000, 0.50000)
 
 

rightHand(-0.50000, -0.50000, -0.50000, 0.50000)
 
 

rightHand(-0.50000, -0.50000, -0.50000, 0.50000)
 
 

rightHand(-0.03798, 0.79088, 0.06723, 0.60708)
 
 

rightHand(-0.03798, 0.79088, 0.06723, 0.60708)
 
 

rightHand(-0.03798, 0.79088, 0.06723, 0.60708)
 
 

rightHand(-0.03798, 0.79088, 0.06723, 0.60708)
 
 

rightHand(-0.50000, -0.50000, -0.50000, 0.50000)
 
 

rightHand(-0.50000, -0.50000, -0.50000, 0.50000)
 
 

rightHand(-0.50000, -0.50000, -0.50000, 0.50000)
 
 

rightHand(-0.50000, -0.50000, -0.50000, 0.50000)
 
 

rightHand(-0.50000, -0.50000, -0.50000, 0.50000)
 
 

rightHand(-0.50000, -0.50000, -0.50000, 0.50000)
 
 

rightHand(-0.50000, -0.50000, -0.50000, 0.50000)
 
 

rightHand(-0.50000, -0.50000, -0.50000, 0.50000)
 
 

rightHand(-0.50000, -0.50000, -0.50000, 0.50000)
 
 

rightHand(-0.50000, -0.50000, -0.50000, 0.50000)
 
 

rightHand(-0.50000, -0.50000, -0.50000, 0.50000)
 
 

rightHand(-0.50000, -0.50000, -0.50000, 0.50000)
 
 

rightHand(-0.03382, 0.79082, 0.06938, 0.60717)
 
 

rightHand(-0.03382, 0.79082, 0.06938, 0.60717)
 
 

rightHand(-0.03382, 0.79082, 0.06938, 0.60717)
 
 

rightHand(-0.03382, 0.79082, 0.06938, 0.60717)
 
 

rightHand(-0.50000, -0.50000, -0.50000, 0.50000)
 
 

rightHand(-0.50000, -0.50000, -0.50000, 0.50000)
 
 

rightHand(-0.50000, -0.50000, -0.50000, 0.50000)
 
 

rightHand(-0.50000, -0.50000, -0.50000, 0.50000)
 
 

rightHand(-0.50000, -0.50000, -0.50000, 0.50000)
 
 

rightHand(-0.50000, -0.50000, -0.50000, 0.50000)
 
 

rightHand(-0.50000, -0.50000, -0.50000, 0.50000)
 
 

rightHand(-0.50000, -0.50000, -0.50000, 0.50000)
 
 

rightHand(-0.50000, -0.50000, -0.50000, 0.50000)
 
 

rightHand(-0.50000, -0.50000, -0.50000, 0.50000)
 
 

rightHand(-0.50000, -0.50000, -0.50000, 0.50000)
 
 

rightHand(-0.50000, -0.50000, -0.50000, 0.50000)
 
 

rightHand(-0.03181, 0.79099, 0.06999, 0.60698)
 
 

rightHand(-0.03181, 0.79099, 0.06999, 0.60698)
 
 

rightHand(-0.03181, 0.79099, 0.06999, 0.60698)
 
 

rightHand(-0.03181, 0.79099, 0.06999, 0.60698)
 
 

rightHand(-0.50000, -0.50000, -0.50000, 0.50000)
 
 

rightHand(-0.50000, -0.50000, -0.50000, 0.50000)
 
 

rightHand(-0.50000, -0.50000, -0.50000, 0.50000)
 
 

rightHand(-0.50000, -0.50000, -0.50000, 0.50000)
 
 

rightHand(-0.50000, -0.50000, -0.50000, 0.50000)
 
 

rightHand(-0.50000, -0.50000, -0.50000, 0.50000)
 
 

rightHand(-0.50000, -0.50000, -0.50000, 0.50000)
 
 

rightHand(-0.50000, -0.50000, -0.50000, 0.50000)
 
 

rightHand(-0.50000, -0.50000, -0.50000, 0.50000)
 
 

rightHand(-0.50000, -0.50000, -0.50000, 0.50000)
 
 

rightHand(-0.50000, -0.50000, -0.50000, 0.50000)
 
 

rightHand(-0.50000, -0.50000, -0.50000, 0.50000)
 
 

rightHand(-0.50000, -0.50000, -0.50000, 0.50000)
 
 

rightHand(-0.50000, -0.50000, -0.50000, 0.50000)
 
 

rightHand(-0.50000, -0.50000, -0.50000, 0.50000)
 
 

rightHand(-0.50000, -0.50000, -0.50000, 0.50000)
 
 

rightHand(-0.03149, 0.79107, 0.07249, 0.60659)
 
 

rightHand(-0.03149, 0.79107, 0.07249, 0.60659)
 
 

rightHand(-0.03149, 0.79107, 0.07249, 0.60659)
 
 

rightHand(-0.03149, 0.79107, 0.07249, 0.60659)
 
 

rightHand(-0.50000, -0.50000, -0.50000, 0.50000)
 
 

rightHand(-0.50000, -0.50000, -0.50000, 0.50000)
 
 

rightHand(-0.50000, -0.50000, -0.50000, 0.50000)
 
 

rightHand(-0.50000, -0.50000, -0.50000, 0.50000)
 
 

rightHand(-0.50000, -0.50000, -0.50000, 0.50000)
 
 

rightHand(-0.50000, -0.50000, -0.50000, 0.50000)
 
 

rightHand(-0.50000, -0.50000, -0.50000, 0.50000)
 
 

rightHand(-0.50000, -0.50000, -0.50000, 0.50000)
 
 

rightHand(-0.50000, -0.50000, -0.50000, 0.50000)
 
 

rightHand(-0.50000, -0.50000, -0.50000, 0.50000)
 
 

rightHand(-0.50000, -0.50000, -0.50000, 0.50000)
 
 

rightHand(-0.50000, -0.50000, -0.50000, 0.50000)
 
 

rightHand(-0.50000, -0.50000, -0.50000, 0.50000)
 
 

rightHand(-0.50000, -0.50000, -0.50000, 0.50000)
 
 

rightHand(-0.50000, -0.50000, -0.50000, 0.50000)
 
 

rightHand(-0.50000, -0.50000, -0.50000, 0.50000)
 
 

rightHand(-0.03016, 0.79123, 0.07335, 0.60635)
 
 

rightHand(-0.03016, 0.79123, 0.07335, 0.60635)
 
 

rightHand(-0.03016, 0.79123, 0.07335, 0.60635)
 
 

rightHand(-0.03016, 0.79123, 0.07335, 0.60635)
 
 

rightHand(-0.50000, -0.50000, -0.50000, 0.50000)
 
 

rightHand(-0.50000, -0.50000, -0.50000, 0.50000)
 
 

rightHand(-0.50000, -0.50000, -0.50000, 0.50000)
 
 

rightHand(-0.50000, -0.50000, -0.50000, 0.50000)
 
 

rightHand(-0.50000, -0.50000, -0.50000, 0.50000)
 
 

rightHand(-0.50000, -0.50000, -0.50000, 0.50000)
 
 

rightHand(-0.50000, -0.50000, -0.50000, 0.50000)
 
 

rightHand(-0.50000, -0.50000, -0.50000, 0.50000)
 
 

rightHand(-0.50000, -0.50000, -0.50000, 0.50000)
 
 

rightHand(-0.50000, -0.50000, -0.50000, 0.50000)
 
 

rightHand(-0.50000, -0.50000, -0.50000, 0.50000)
 
 

rightHand(-0.50000, -0.50000, -0.50000, 0.50000)
 
 

rightHand(-0.50000, -0.50000, -0.50000, 0.50000)
 
 

rightHand(-0.50000, -0.50000, -0.50000, 0.50000)
 
 

rightHand(-0.50000, -0.50000, -0.50000, 0.50000)
 
 

rightHand(-0.50000, -0.50000, -0.50000, 0.50000)
 
 

rightHand(-0.02602, 0.79099, 0.07409, 0.60676)
 
 

rightHand(-0.02602, 0.79099, 0.07409, 0.60676)
 
 

rightHand(-0.02602, 0.79099, 0.07409, 0.60676)
 
 

rightHand(-0.02602, 0.79099, 0.07409, 0.60676)
 
 

rightHand(-0.50000, -0.50000, -0.50000, 0.50000)
 
 

rightHand(-0.50000, -0.50000, -0.50000, 0.50000)
 
 

rightHand(-0.50000, -0.50000, -0.50000, 0.50000)
 
 

rightHand(-0.50000, -0.50000, -0.50000, 0.50000)
 
 

rightHand(-0.50000, -0.50000, -0.50000, 0.50000)
 
 

rightHand(-0.50000, -0.50000, -0.50000, 0.50000)
 
 

rightHand(-0.50000, -0.50000, -0.50000, 0.50000)
 
 

rightHand(-0.50000, -0.50000, -0.50000, 0.50000)
 
 

rightHand(-0.50000, -0.50000, -0.50000, 0.50000)
 
 

rightHand(-0.50000, -0.50000, -0.50000, 0.50000)
 
 

rightHand(-0.50000, -0.50000, -0.50000, 0.50000)
 
 

rightHand(-0.50000, -0.50000, -0.50000, 0.50000)
 
 

rightHand(-0.50000, -0.50000, -0.50000, 0.50000)
 
 

rightHand(-0.50000, -0.50000, -0.50000, 0.50000)
 
 

rightHand(-0.50000, -0.50000, -0.50000, 0.50000)
 
 

rightHand(-0.50000, -0.50000, -0.50000, 0.50000)
 
 

rightHand(-0.02340, 0.79013, 0.07523, 0.60785)
 
 

rightHand(-0.02340, 0.79013, 0.07523, 0.60785)
 
 

rightHand(-0.02340, 0.79013, 0.07523, 0.60785)
 
 

rightHand(-0.02340, 0.79013, 0.07523, 0.60785)
 
 

rightHand(-0.50000, -0.50000, -0.50000, 0.50000)
 
 

rightHand(-0.50000, -0.50000, -0.50000, 0.50000)
 
 

rightHand(-0.50000, -0.50000, -0.50000, 0.50000)
 
 

rightHand(-0.50000, -0.50000, -0.50000, 0.50000)
 
 

rightHand(-0.50000, -0.50000, -0.50000, 0.50000)
 
 

rightHand(-0.50000, -0.50000, -0.50000, 0.50000)
 
 

rightHand(-0.50000, -0.50000, -0.50000, 0.50000)
 
 

rightHand(-0.50000, -0.50000, -0.50000, 0.50000)
 
 

rightHand(-0.50000, -0.50000, -0.50000, 0.50000)
 
 

rightHand(-0.50000, -0.50000, -0.50000, 0.50000)
 
 

rightHand(-0.50000, -0.50000, -0.50000, 0.50000)
 
 

rightHand(-0.50000, -0.50000, -0.50000, 0.50000)
 
 

rightHand(-0.50000, -0.50000, -0.50000, 0.50000)
 
 

rightHand(-0.50000, -0.50000, -0.50000, 0.50000)
 
 

rightHand(-0.50000, -0.50000, -0.50000, 0.50000)
 
 

rightHand(-0.50000, -0.50000, -0.50000, 0.50000)
 
 

rightHand(-0.01949, 0.78979, 0.07799, 0.60809)
 
 

rightHand(-0.01949, 0.78979, 0.07799, 0.60809)
 
 

rightHand(-0.01949, 0.78979, 0.07799, 0.60809)
 
 

rightHand(-0.01949, 0.78979, 0.07799, 0.60809)
 
 

rightHand(-0.50000, -0.50000, -0.50000, 0.50000)
 
 

rightHand(-0.50000, -0.50000, -0.50000, 0.50000)
 
 

rightHand(-0.50000, -0.50000, -0.50000, 0.50000)
 
 

rightHand(-0.50000, -0.50000, -0.50000, 0.50000)
 
 

rightHand(-0.50000, -0.50000, -0.50000, 0.50000)
 
 

rightHand(-0.50000, -0.50000, -0.50000, 0.50000)
 
 

rightHand(-0.50000, -0.50000, -0.50000, 0.50000)
 
 

rightHand(-0.50000, -0.50000, -0.50000, 0.50000)
 
 

rightHand(-0.50000, -0.50000, -0.50000, 0.50000)
 
 

rightHand(-0.50000, -0.50000, -0.50000, 0.50000)
 
 

rightHand(-0.50000, -0.50000, -0.50000, 0.50000)
 
 

rightHand(-0.50000, -0.50000, -0.50000, 0.50000)
 
 

rightHand(-0.50000, -0.50000, -0.50000, 0.50000)
 
 

rightHand(-0.50000, -0.50000, -0.50000, 0.50000)
 
 

rightHand(-0.50000, -0.50000, -0.50000, 0.50000)
 
 

rightHand(-0.50000, -0.50000, -0.50000, 0.50000)
 
 

rightHand(-0.01607, 0.79007, 0.07772, 0.60785)
 
 

rightHand(-0.01607, 0.79007, 0.07772, 0.60785)
 
 

rightHand(-0.01607, 0.79007, 0.07772, 0.60785)
 
 

rightHand(-0.01607, 0.79007, 0.07772, 0.60785)
 
 

rightHand(-0.01607, 0.79007, 0.07772, 0.60785)
 
 

rightHand(-0.01607, 0.79007, 0.07772, 0.60785)
 
 

rightHand(-0.50000, -0.50000, -0.50000, 0.50000)
 
 

rightHand(-0.50000, -0.50000, -0.50000, 0.50000)
 
 

rightHand(-0.50000, -0.50000, -0.50000, 0.50000)
 
 

rightHand(-0.50000, -0.50000, -0.50000, 0.50000)
 
 

rightHand(-0.50000, -0.50000, -0.50000, 0.50000)
 
 

rightHand(-0.50000, -0.50000, -0.50000, 0.50000)
 
 

rightHand(-0.50000, -0.50000, -0.50000, 0.50000)
 
 

rightHand(-0.50000, -0.50000, -0.50000, 0.50000)
 
 

rightHand(-0.50000, -0.50000, -0.50000, 0.50000)
 
 

rightHand(-0.50000, -0.50000, -0.50000, 0.50000)
 
 

rightHand(-0.50000, -0.50000, -0.50000, 0.50000)
 
 

rightHand(-0.50000, -0.50000, -0.50000, 0.50000)
 
 

rightHand(-0.50000, -0.50000, -0.50000, 0.50000)
 
 

rightHand(-0.50000, -0.50000, -0.50000, 0.50000)
 
 

rightHand(-0.50000, -0.50000, -0.50000, 0.50000)
 
 

rightHand(-0.50000, -0.50000, -0.50000, 0.50000)
 
 

rightHand(-0.01046, 0.79028, 0.07675, 0.60783)
 
 

rightHand(-0.01046, 0.79028, 0.07675, 0.60783)
 
 

rightHand(-0.01046, 0.79028, 0.07675, 0.60783)
 
 

rightHand(-0.01046, 0.79028, 0.07675, 0.60783)
 
 

rightHand(-0.01046, 0.79028, 0.07675, 0.60783)
 
 

rightHand(-0.01046, 0.79028, 0.07675, 0.60783)
 
 

rightHand(-0.50000, -0.50000, -0.50000, 0.50000)
 
 

rightHand(-0.50000, -0.50000, -0.50000, 0.50000)
 
 

rightHand(-0.50000, -0.50000, -0.50000, 0.50000)
 
 

rightHand(-0.50000, -0.50000, -0.50000, 0.50000)
 
 

rightHand(-0.50000, -0.50000, -0.50000, 0.50000)
 
 

rightHand(-0.50000, -0.50000, -0.50000, 0.50000)
 
 

rightHand(-0.50000, -0.50000, -0.50000, 0.50000)
 
 

rightHand(-0.50000, -0.50000, -0.50000, 0.50000)
 
 

rightHand(-0.50000, -0.50000, -0.50000, 0.50000)
 
 

rightHand(-0.50000, -0.50000, -0.50000, 0.50000)
 
 

rightHand(-0.50000, -0.50000, -0.50000, 0.50000)
 
 

rightHand(-0.50000, -0.50000, -0.50000, 0.50000)
 
 

rightHand(-0.50000, -0.50000, -0.50000, 0.50000)
 
 

rightHand(-0.50000, -0.50000, -0.50000, 0.50000)
 
 

rightHand(-0.50000, -0.50000, -0.50000, 0.50000)
 
 

rightHand(-0.50000, -0.50000, -0.50000, 0.50000)
 
 

rightHand(-0.00700, 0.79066, 0.07554, 0.60754)
 
 

rightHand(-0.00700, 0.79066, 0.07554, 0.60754)
 
 

rightHand(-0.00700, 0.79066, 0.07554, 0.60754)
 
 

rightHand(-0.00700, 0.79066, 0.07554, 0.60754)
 
 

rightHand(-0.00700, 0.79066, 0.07554, 0.60754)
 
 

rightHand(-0.00700, 0.79066, 0.07554, 0.60754)
 
 

rightHand(-0.50000, -0.50000, -0.50000, 0.50000)
 
 

rightHand(-0.50000, -0.50000, -0.50000, 0.50000)
 
 

rightHand(-0.50000, -0.50000, -0.50000, 0.50000)
 
 

rightHand(-0.50000, -0.50000, -0.50000, 0.50000)
 
 

rightHand(-0.50000, -0.50000, -0.50000, 0.50000)
 
 

rightHand(-0.50000, -0.50000, -0.50000, 0.50000)
 
 

rightHand(-0.50000, -0.50000, -0.50000, 0.50000)
 
 

rightHand(-0.50000, -0.50000, -0.50000, 0.50000)
 
 

rightHand(-0.50000, -0.50000, -0.50000, 0.50000)
 
 

rightHand(-0.50000, -0.50000, -0.50000, 0.50000)
 
 

rightHand(-0.50000, -0.50000, -0.50000, 0.50000)
 
 

rightHand(-0.50000, -0.50000, -0.50000, 0.50000)
 
 

rightHand(-0.50000, -0.50000, -0.50000, 0.50000)
 
 

rightHand(-0.50000, -0.50000, -0.50000, 0.50000)
 
 

rightHand(-0.50000, -0.50000, -0.50000, 0.50000)
 
 

rightHand(-0.50000, -0.50000, -0.50000, 0.50000)
 
 

rightHand(0.00594, 0.78984, 0.08375, 0.60754)
 
 

rightHand(0.00594, 0.78984, 0.08375, 0.60754)
 
 

rightHand(0.00594, 0.78984, 0.08375, 0.60754)
 
 

rightHand(0.00594, 0.78984, 0.08375, 0.60754)
 
 

rightHand(0.00594, 0.78984, 0.08375, 0.60754)
 
 

rightHand(0.00594, 0.78984, 0.08375, 0.60754)
 
 

rightHand(-0.50000, -0.50000, -0.50000, 0.50000)
 
 

rightHand(-0.50000, -0.50000, -0.50000, 0.50000)
 
 

rightHand(-0.50000, -0.50000, -0.50000, 0.50000)
 
 

rightHand(-0.50000, -0.50000, -0.50000, 0.50000)
 
 

rightHand(-0.50000, -0.50000, -0.50000, 0.50000)
 
 

rightHand(-0.50000, -0.50000, -0.50000, 0.50000)
 
 

rightHand(-0.50000, -0.50000, -0.50000, 0.50000)
 
 

rightHand(-0.50000, -0.50000, -0.50000, 0.50000)
 
 

rightHand(-0.50000, -0.50000, -0.50000, 0.50000)
 
 

rightHand(-0.50000, -0.50000, -0.50000, 0.50000)
 
 

rightHand(-0.50000, -0.50000, -0.50000, 0.50000)
 
 

rightHand(-0.50000, -0.50000, -0.50000, 0.50000)
 
 

rightHand(-0.50000, -0.50000, -0.50000, 0.50000)
 
 

rightHand(-0.50000, -0.50000, -0.50000, 0.50000)
 
 

rightHand(-0.50000, -0.50000, -0.50000, 0.50000)
 
 

rightHand(-0.50000, -0.50000, -0.50000, 0.50000)
 
 

rightHand(0.01715, 0.78940, 0.09493, 0.60626)
 
 

rightHand(0.01715, 0.78940, 0.09493, 0.60626)
 
 

rightHand(0.01715, 0.78940, 0.09493, 0.60626)
 
 

rightHand(0.01715, 0.78940, 0.09493, 0.60626)
 
 

rightHand(0.01715, 0.78940, 0.09493, 0.60626)
 
 

rightHand(0.01715, 0.78940, 0.09493, 0.60626)
 
 

rightHand(-0.50000, -0.50000, -0.50000, 0.50000)
 
 

rightHand(-0.50000, -0.50000, -0.50000, 0.50000)
 
 

rightHand(-0.50000, -0.50000, -0.50000, 0.50000)
 
 

rightHand(-0.50000, -0.50000, -0.50000, 0.50000)
 
 

rightHand(-0.50000, -0.50000, -0.50000, 0.50000)
 
 

rightHand(-0.50000, -0.50000, -0.50000, 0.50000)
 
 

rightHand(-0.50000, -0.50000, -0.50000, 0.50000)
 
 

rightHand(-0.50000, -0.50000, -0.50000, 0.50000)
 
 

rightHand(-0.50000, -0.50000, -0.50000, 0.50000)
 
 

rightHand(-0.50000, -0.50000, -0.50000, 0.50000)
 
 

rightHand(-0.50000, -0.50000, -0.50000, 0.50000)
 
 

rightHand(-0.50000, -0.50000, -0.50000, 0.50000)
 
 

rightHand(-0.50000, -0.50000, -0.50000, 0.50000)
 
 

rightHand(-0.50000, -0.50000, -0.50000, 0.50000)
 
 

rightHand(-0.50000, -0.50000, -0.50000, 0.50000)
 
 

rightHand(-0.50000, -0.50000, -0.50000, 0.50000)
 
 

rightHand(0.03630, 0.78731, 0.11325, 0.60498)
 
 

rightHand(0.03630, 0.78731, 0.11325, 0.60498)
 
 

rightHand(0.03630, 0.78731, 0.11325, 0.60498)
 
 

rightHand(0.03630, 0.78731, 0.11325, 0.60498)
 
 

rightHand(0.03630, 0.78731, 0.11325, 0.60498)
 
 

rightHand(0.03630, 0.78731, 0.11325, 0.60498)
 
 

rightHand(-0.50000, -0.50000, -0.50000, 0.50000)
 
 

rightHand(-0.50000, -0.50000, -0.50000, 0.50000)
 
 

rightHand(-0.50000, -0.50000, -0.50000, 0.50000)
 
 

rightHand(-0.50000, -0.50000, -0.50000, 0.50000)
 
 

rightHand(-0.50000, -0.50000, -0.50000, 0.50000)
 
 

rightHand(-0.50000, -0.50000, -0.50000, 0.50000)
 
 

rightHand(-0.50000, -0.50000, -0.50000, 0.50000)
 
 

rightHand(-0.50000, -0.50000, -0.50000, 0.50000)
 
 

rightHand(-0.50000, -0.50000, -0.50000, 0.50000)
 
 

rightHand(-0.50000, -0.50000, -0.50000, 0.50000)
 
 

rightHand(-0.50000, -0.50000, -0.50000, 0.50000)
 
 

rightHand(-0.50000, -0.50000, -0.50000, 0.50000)
 
 

rightHand(-0.50000, -0.50000, -0.50000, 0.50000)
 
 

rightHand(-0.50000, -0.50000, -0.50000, 0.50000)
 
 

rightHand(-0.50000, -0.50000, -0.50000, 0.50000)
 
 

rightHand(-0.50000, -0.50000, -0.50000, 0.50000)
 
 

rightHand(0.04789, 0.78570, 0.12390, 0.60418)
 
 

rightHand(0.04789, 0.78570, 0.12390, 0.60418)
 
 

rightHand(0.04789, 0.78570, 0.12390, 0.60418)
 
 

rightHand(0.04789, 0.78570, 0.12390, 0.60418)
 
 

rightHand(0.04789, 0.78570, 0.12390, 0.60418)
 
 

rightHand(0.04789, 0.78570, 0.12390, 0.60418)
 
 

rightHand(-0.50000, -0.50000, -0.50000, 0.50000)
 
 

rightHand(-0.50000, -0.50000, -0.50000, 0.50000)
 
 

rightHand(-0.50000, -0.50000, -0.50000, 0.50000)
 
 

rightHand(-0.50000, -0.50000, -0.50000, 0.50000)
 
 

rightHand(-0.50000, -0.50000, -0.50000, 0.50000)
 
 

rightHand(-0.50000, -0.50000, -0.50000, 0.50000)
 
 

rightHand(-0.50000, -0.50000, -0.50000, 0.50000)
 
 

rightHand(-0.50000, -0.50000, -0.50000, 0.50000)
 
 

rightHand(-0.50000, -0.50000, -0.50000, 0.50000)
 
 

rightHand(-0.50000, -0.50000, -0.50000, 0.50000)
 
 

rightHand(-0.50000, -0.50000, -0.50000, 0.50000)
 
 

rightHand(-0.50000, -0.50000, -0.50000, 0.50000)
 
 

rightHand(-0.50000, -0.50000, -0.50000, 0.50000)
 
 

rightHand(-0.50000, -0.50000, -0.50000, 0.50000)
 
 

rightHand(-0.50000, -0.50000, -0.50000, 0.50000)
 
 

rightHand(-0.50000, -0.50000, -0.50000, 0.50000)
 
 

rightHand(0.08276, 0.77812, 0.15641, 0.60267)
 
 

rightHand(0.08276, 0.77812, 0.15641, 0.60267)
 
 

rightHand(0.08276, 0.77812, 0.15641, 0.60267)
 
 

rightHand(0.08276, 0.77812, 0.15641, 0.60267)
 
 

rightHand(-0.50000, -0.50000, -0.50000, 0.50000)
 
 

rightHand(-0.50000, -0.50000, -0.50000, 0.50000)
 
 

rightHand(-0.50000, -0.50000, -0.50000, 0.50000)
 
 

rightHand(-0.50000, -0.50000, -0.50000, 0.50000)
 
 

rightHand(-0.50000, -0.50000, -0.50000, 0.50000)
 
 

rightHand(-0.50000, -0.50000, -0.50000, 0.50000)
 
 

rightHand(-0.50000, -0.50000, -0.50000, 0.50000)
 
 

rightHand(-0.50000, -0.50000, -0.50000, 0.50000)
 
 

rightHand(-0.50000, -0.50000, -0.50000, 0.50000)
 
 

rightHand(-0.50000, -0.50000, -0.50000, 0.50000)
 
 

rightHand(-0.50000, -0.50000, -0.50000, 0.50000)
 
 

rightHand(-0.50000, -0.50000, -0.50000, 0.50000)
 
 

rightHand(-0.50000, -0.50000, -0.50000, 0.50000)
 
 

rightHand(-0.50000, -0.50000, -0.50000, 0.50000)
 
 

rightHand(-0.50000, -0.50000, -0.50000, 0.50000)
 
 

rightHand(-0.50000, -0.50000, -0.50000, 0.50000)
 
 

rightHand(0.11541, 0.76893, 0.18772, 0.60016)
 
 

rightHand(0.11541, 0.76893, 0.18772, 0.60016)
 
 

rightHand(0.11541, 0.76893, 0.18772, 0.60016)
 
 

rightHand(0.11541, 0.76893, 0.18772, 0.60016)
 
 

rightHand(-0.50000, -0.50000, -0.50000, 0.50000)
 
 

rightHand(-0.50000, -0.50000, -0.50000, 0.50000)
 
 

rightHand(-0.50000, -0.50000, -0.50000, 0.50000)
 
 

rightHand(-0.50000, -0.50000, -0.50000, 0.50000)
 
 

rightHand(-0.50000, -0.50000, -0.50000, 0.50000)
 
 

rightHand(-0.50000, -0.50000, -0.50000, 0.50000)
 
 

rightHand(-0.50000, -0.50000, -0.50000, 0.50000)
 
 

rightHand(-0.50000, -0.50000, -0.50000, 0.50000)
 
 

rightHand(-0.50000, -0.50000, -0.50000, 0.50000)
 
 

rightHand(-0.50000, -0.50000, -0.50000, 0.50000)
 
 

rightHand(-0.50000, -0.50000, -0.50000, 0.50000)
 
 

rightHand(-0.50000, -0.50000, -0.50000, 0.50000)
 
 

rightHand(-0.50000, -0.50000, -0.50000, 0.50000)
 
 

rightHand(-0.50000, -0.50000, -0.50000, 0.50000)
 
 

rightHand(-0.50000, -0.50000, -0.50000, 0.50000)
 
 

rightHand(-0.50000, -0.50000, -0.50000, 0.50000)
 
 

rightHand(0.15711, 0.75028, 0.22776, 0.60044)
 
 

rightHand(0.15711, 0.75028, 0.22776, 0.60044)
 
 

rightHand(0.15711, 0.75028, 0.22776, 0.60044)
 
 

rightHand(0.15711, 0.75028, 0.22776, 0.60044)
 
 

rightHand(-0.50000, -0.50000, -0.50000, 0.50000)
 
 

rightHand(-0.50000, -0.50000, -0.50000, 0.50000)
 
 

rightHand(-0.50000, -0.50000, -0.50000, 0.50000)
 
 

rightHand(-0.50000, -0.50000, -0.50000, 0.50000)
 
 

rightHand(-0.50000, -0.50000, -0.50000, 0.50000)
 
 

rightHand(-0.50000, -0.50000, -0.50000, 0.50000)
 
 

rightHand(-0.50000, -0.50000, -0.50000, 0.50000)
 
 

rightHand(-0.50000, -0.50000, -0.50000, 0.50000)
 
 

rightHand(-0.50000, -0.50000, -0.50000, 0.50000)
 
 

rightHand(-0.50000, -0.50000, -0.50000, 0.50000)
 
 

rightHand(-0.50000, -0.50000, -0.50000, 0.50000)
 
 

rightHand(-0.50000, -0.50000, -0.50000, 0.50000)
 
 

rightHand(-0.50000, -0.50000, -0.50000, 0.50000)
 
 

rightHand(-0.50000, -0.50000, -0.50000, 0.50000)
 
 

rightHand(-0.50000, -0.50000, -0.50000, 0.50000)
 
 

rightHand(-0.50000, -0.50000, -0.50000, 0.50000)
 
 

rightHand(0.20511, 0.73685, 0.25715, 0.59065)
 
 

rightHand(0.20511, 0.73685, 0.25715, 0.59065)
 
 

rightHand(0.20511, 0.73685, 0.25715, 0.59065)
 
 

rightHand(0.20511, 0.73685, 0.25715, 0.59065)
 
 

rightHand(-0.50000, -0.50000, -0.50000, 0.50000)
 
 

rightHand(-0.50000, -0.50000, -0.50000, 0.50000)
 
 

rightHand(-0.50000, -0.50000, -0.50000, 0.50000)
 
 

rightHand(-0.50000, -0.50000, -0.50000, 0.50000)
 
 

rightHand(-0.50000, -0.50000, -0.50000, 0.50000)
 
 

rightHand(-0.50000, -0.50000, -0.50000, 0.50000)
 
 

rightHand(-0.50000, -0.50000, -0.50000, 0.50000)
 
 

rightHand(-0.50000, -0.50000, -0.50000, 0.50000)
 
 

rightHand(-0.50000, -0.50000, -0.50000, 0.50000)
 
 

rightHand(-0.50000, -0.50000, -0.50000, 0.50000)
 
 

rightHand(-0.50000, -0.50000, -0.50000, 0.50000)
 
 

rightHand(-0.50000, -0.50000, -0.50000, 0.50000)
 
 

rightHand(-0.50000, -0.50000, -0.50000, 0.50000)
 
 

rightHand(-0.50000, -0.50000, -0.50000, 0.50000)
 
 

rightHand(-0.50000, -0.50000, -0.50000, 0.50000)
 
 

rightHand(-0.50000, -0.50000, -0.50000, 0.50000)
 
 

rightHand(0.22322, 0.73096, 0.26768, 0.58670)
 
 

rightHand(0.22322, 0.73096, 0.26768, 0.58670)
 
 

rightHand(0.22322, 0.73096, 0.26768, 0.58670)
 
 

rightHand(0.22322, 0.73096, 0.26768, 0.58670)
 
 

rightHand(-0.50000, -0.50000, -0.50000, 0.50000)
 
 

rightHand(-0.50000, -0.50000, -0.50000, 0.50000)
 
 

rightHand(-0.50000, -0.50000, -0.50000, 0.50000)
 
 

rightHand(-0.50000, -0.50000, -0.50000, 0.50000)
 
 

rightHand(-0.50000, -0.50000, -0.50000, 0.50000)
 
 

rightHand(-0.50000, -0.50000, -0.50000, 0.50000)
 
 

rightHand(-0.50000, -0.50000, -0.50000, 0.50000)
 
 

rightHand(-0.50000, -0.50000, -0.50000, 0.50000)
 
 

rightHand(-0.50000, -0.50000, -0.50000, 0.50000)
 
 

rightHand(-0.50000, -0.50000, -0.50000, 0.50000)
 
 

rightHand(-0.50000, -0.50000, -0.50000, 0.50000)
 
 

rightHand(-0.50000, -0.50000, -0.50000, 0.50000)
 
 

rightHand(-0.50000, -0.50000, -0.50000, 0.50000)
 
 

rightHand(-0.50000, -0.50000, -0.50000, 0.50000)
 
 

rightHand(-0.50000, -0.50000, -0.50000, 0.50000)
 
 

rightHand(-0.50000, -0.50000, -0.50000, 0.50000)
 
 

rightHand(0.24116, 0.72282, 0.27930, 0.58426)
 
 

rightHand(0.24116, 0.72282, 0.27930, 0.58426)
 
 

rightHand(0.24116, 0.72282, 0.27930, 0.58426)
 
 

rightHand(0.24116, 0.72282, 0.27930, 0.58426)
 
 

rightHand(-0.50000, -0.50000, -0.50000, 0.50000)
 
 

rightHand(-0.50000, -0.50000, -0.50000, 0.50000)
 
 

rightHand(-0.50000, -0.50000, -0.50000, 0.50000)
 
 

rightHand(-0.50000, -0.50000, -0.50000, 0.50000)
 
 

rightHand(-0.50000, -0.50000, -0.50000, 0.50000)
 
 

rightHand(-0.50000, -0.50000, -0.50000, 0.50000)
 
 

rightHand(-0.50000, -0.50000, -0.50000, 0.50000)
 
 

rightHand(-0.50000, -0.50000, -0.50000, 0.50000)
 
 

rightHand(-0.50000, -0.50000, -0.50000, 0.50000)
 
 

rightHand(-0.50000, -0.50000, -0.50000, 0.50000)
 
 

rightHand(-0.50000, -0.50000, -0.50000, 0.50000)
 
 

rightHand(-0.50000, -0.50000, -0.50000, 0.50000)
 
 

rightHand(0.26005, 0.70820, 0.29609, 0.58580)
 
 

rightHand(0.26005, 0.70820, 0.29609, 0.58580)
 
 

rightHand(0.26005, 0.70820, 0.29609, 0.58580)
 
 

rightHand(0.26005, 0.70820, 0.29609, 0.58580)
 
 

rightHand(-0.50000, -0.50000, -0.50000, 0.50000)
 
 

rightHand(-0.50000, -0.50000, -0.50000, 0.50000)
 
 

rightHand(-0.50000, -0.50000, -0.50000, 0.50000)
 
 

rightHand(-0.50000, -0.50000, -0.50000, 0.50000)
 
 

rightHand(-0.50000, -0.50000, -0.50000, 0.50000)
 
 

rightHand(-0.50000, -0.50000, -0.50000, 0.50000)
 
 

rightHand(-0.50000, -0.50000, -0.50000, 0.50000)
 
 

rightHand(-0.50000, -0.50000, -0.50000, 0.50000)
 
 

rightHand(0.27992, 0.68410, 0.32281, 0.59113)
 
 

rightHand(0.27992, 0.68410, 0.32281, 0.59113)
 
 

rightHand(0.27992, 0.68410, 0.32281, 0.59113)
 
 

rightHand(0.27992, 0.68410, 0.32281, 0.59113)
 
 

rightHand(-0.50000, -0.50000, -0.50000, 0.50000)
 
 

rightHand(-0.50000, -0.50000, -0.50000, 0.50000)
 
 

rightHand(-0.50000, -0.50000, -0.50000, 0.50000)
 
 

rightHand(-0.50000, -0.50000, -0.50000, 0.50000)
 
 

rightHand(-0.50000, -0.50000, -0.50000, 0.50000)
 
 

rightHand(-0.50000, -0.50000, -0.50000, 0.50000)
 
 

rightHand(-0.50000, -0.50000, -0.50000, 0.50000)
 
 

rightHand(-0.50000, -0.50000, -0.50000, 0.50000)
 
 

rightHand(0.28975, 0.65752, 0.34349, 0.60475)
 
 

rightHand(0.28975, 0.65752, 0.34349, 0.60475)
 
 

rightHand(0.28975, 0.65752, 0.34349, 0.60475)
 
 

rightHand(0.28975, 0.65752, 0.34349, 0.60475)
 
 

rightHand(-0.50000, -0.50000, -0.50000, 0.50000)
 
 

rightHand(-0.50000, -0.50000, -0.50000, 0.50000)
 
 

rightHand(-0.50000, -0.50000, -0.50000, 0.50000)
 
 

rightHand(-0.50000, -0.50000, -0.50000, 0.50000)
 
 

rightHand(-0.50000, -0.50000, -0.50000, 0.50000)
 
 

rightHand(-0.50000, -0.50000, -0.50000, 0.50000)
 
 

rightHand(-0.50000, -0.50000, -0.50000, 0.50000)
 
 

rightHand(-0.50000, -0.50000, -0.50000, 0.50000)
 
 

rightHand(0.31342, 0.62694, 0.36926, 0.61021)
 
 

rightHand(0.31342, 0.62694, 0.36926, 0.61021)
 
 

rightHand(0.31342, 0.62694, 0.36926, 0.61021)
 
 

rightHand(0.31342, 0.62694, 0.36926, 0.61021)
 
 

rightHand(-0.50000, -0.50000, -0.50000, 0.50000)
 
 

rightHand(-0.50000, -0.50000, -0.50000, 0.50000)
 
 

rightHand(-0.50000, -0.50000, -0.50000, 0.50000)
 
 

rightHand(-0.50000, -0.50000, -0.50000, 0.50000)
 
 

rightHand(-0.50000, -0.50000, -0.50000, 0.50000)
 
 

rightHand(-0.50000, -0.50000, -0.50000, 0.50000)
 
 

rightHand(-0.50000, -0.50000, -0.50000, 0.50000)
 
 

rightHand(-0.50000, -0.50000, -0.50000, 0.50000)
 
 

rightHand(0.33102, 0.60940, 0.38585, 0.60842)
 
 

rightHand(0.33102, 0.60940, 0.38585, 0.60842)
 
 

rightHand(0.33102, 0.60940, 0.38585, 0.60842)
 
 

rightHand(0.33102, 0.60940, 0.38585, 0.60842)
 
 

rightHand(-0.50000, -0.50000, -0.50000, 0.50000)
 
 

rightHand(-0.50000, -0.50000, -0.50000, 0.50000)
 
 

rightHand(-0.50000, -0.50000, -0.50000, 0.50000)
 
 

rightHand(-0.50000, -0.50000, -0.50000, 0.50000)
 
 

rightHand(-0.50000, -0.50000, -0.50000, 0.50000)
 
 

rightHand(-0.50000, -0.50000, -0.50000, 0.50000)
 
 

rightHand(-0.50000, -0.50000, -0.50000, 0.50000)
 
 

rightHand(-0.50000, -0.50000, -0.50000, 0.50000)
 
 

rightHand(0.38087, 0.58897, 0.41312, 0.58084)
 
 

rightHand(0.38087, 0.58897, 0.41312, 0.58084)
 
 

rightHand(0.38087, 0.58897, 0.41312, 0.58084)
 
 

rightHand(0.38087, 0.58897, 0.41312, 0.58084)
 
 

rightHand(-0.50000, -0.50000, -0.50000, 0.50000)
 
 

rightHand(-0.50000, -0.50000, -0.50000, 0.50000)
 
 

rightHand(-0.50000, -0.50000, -0.50000, 0.50000)
 
 

rightHand(-0.50000, -0.50000, -0.50000, 0.50000)
 
 

rightHand(-0.50000, -0.50000, -0.50000, 0.50000)
 
 

rightHand(-0.50000, -0.50000, -0.50000, 0.50000)
 
 

rightHand(-0.50000, -0.50000, -0.50000, 0.50000)
 
 

rightHand(-0.50000, -0.50000, -0.50000, 0.50000)
 
 

rightHand(0.36662, 0.61803, 0.39289, 0.57382)
 
 

rightHand(0.36662, 0.61803, 0.39289, 0.57382)
 
 

rightHand(0.36662, 0.61803, 0.39289, 0.57382)
 
 

rightHand(0.36662, 0.61803, 0.39289, 0.57382)
 
 

rightHand(-0.50000, -0.50000, -0.50000, 0.50000)
 
 

rightHand(-0.50000, -0.50000, -0.50000, 0.50000)
 
 

rightHand(-0.50000, -0.50000, -0.50000, 0.50000)
 
 

rightHand(-0.50000, -0.50000, -0.50000, 0.50000)
 
 

rightHand(-0.50000, -0.50000, -0.50000, 0.50000)
 
 

rightHand(-0.50000, -0.50000, -0.50000, 0.50000)
 
 

rightHand(-0.50000, -0.50000, -0.50000, 0.50000)
 
 

rightHand(-0.50000, -0.50000, -0.50000, 0.50000)
 
 

rightHand(0.38003, 0.60577, 0.40456, 0.57005)
 
 

rightHand(0.38003, 0.60577, 0.40456, 0.57005)
 
 

rightHand(0.38003, 0.60577, 0.40456, 0.57005)
 
 

rightHand(0.38003, 0.60577, 0.40456, 0.57005)
 
 

rightHand(-0.50000, -0.50000, -0.50000, 0.50000)
 
 

rightHand(-0.50000, -0.50000, -0.50000, 0.50000)
 
 

rightHand(-0.50000, -0.50000, -0.50000, 0.50000)
 
 

rightHand(-0.50000, -0.50000, -0.50000, 0.50000)
 
 

rightHand(0.42164, 0.57381, 0.43404, 0.55189)
 
 

rightHand(0.42164, 0.57381, 0.43404, 0.55189)
 
 

rightHand(0.42164, 0.57381, 0.43404, 0.55189)
 
 

rightHand(0.42164, 0.57381, 0.43404, 0.55189)
 
 

rightHand(-0.50000, -0.50000, -0.50000, 0.50000)
 
 

rightHand(-0.50000, -0.50000, -0.50000, 0.50000)
 
 

rightHand(-0.50000, -0.50000, -0.50000, 0.50000)
 
 

rightHand(-0.50000, -0.50000, -0.50000, 0.50000)
 
 

rightHand(0.42912, 0.57104, 0.43674, 0.54683)
 
 

rightHand(0.42912, 0.57104, 0.43674, 0.54683)
 
 

rightHand(0.42912, 0.57104, 0.43674, 0.54683)
 
 

rightHand(0.42912, 0.57104, 0.43674, 0.54683)
 
 

rightHand(-0.50000, -0.50000, -0.50000, 0.50000)
 
 

rightHand(-0.50000, -0.50000, -0.50000, 0.50000)
 
 

rightHand(-0.50000, -0.50000, -0.50000, 0.50000)
 
 

rightHand(-0.50000, -0.50000, -0.50000, 0.50000)
 
 

rightHand(-0.50000, -0.50000, -0.50000, 0.50000)
 
 

rightHand(-0.50000, -0.50000, -0.50000, 0.50000)
 
 

rightHand(-0.50000, -0.50000, -0.50000, 0.50000)
 
 

rightHand(-0.50000, -0.50000, -0.50000, 0.50000)
 
 

rightHand(0.42322, 0.58179, 0.42597, 0.54859)
 
 

rightHand(0.42322, 0.58179, 0.42597, 0.54859)
 
 

rightHand(0.42322, 0.58179, 0.42597, 0.54859)
 
 

rightHand(0.42322, 0.58179, 0.42597, 0.54859)
 
 

rightHand(-0.50000, -0.50000, -0.50000, 0.50000)
 
 

rightHand(-0.50000, -0.50000, -0.50000, 0.50000)
 
 

rightHand(-0.50000, -0.50000, -0.50000, 0.50000)
 
 

rightHand(-0.50000, -0.50000, -0.50000, 0.50000)
 
 

rightHand(-0.50000, -0.50000, -0.50000, 0.50000)
 
 

rightHand(-0.50000, -0.50000, -0.50000, 0.50000)
 
 

rightHand(-0.50000, -0.50000, -0.50000, 0.50000)
 
 

rightHand(-0.50000, -0.50000, -0.50000, 0.50000)
 
 

rightHand(0.44525, 0.55718, 0.44323, 0.54300)
 
 

rightHand(0.44525, 0.55718, 0.44323, 0.54300)
 
 

rightHand(0.44525, 0.55718, 0.44323, 0.54300)
 
 

rightHand(0.44525, 0.55718, 0.44323, 0.54300)
 
 

rightHand(-0.50000, -0.50000, -0.50000, 0.50000)
 
 

rightHand(-0.50000, -0.50000, -0.50000, 0.50000)
 
 

rightHand(-0.50000, -0.50000, -0.50000, 0.50000)
 
 

rightHand(-0.50000, -0.50000, -0.50000, 0.50000)
 
 

rightHand(-0.50000, -0.50000, -0.50000, 0.50000)
 
 

rightHand(-0.50000, -0.50000, -0.50000, 0.50000)
 
 

rightHand(-0.50000, -0.50000, -0.50000, 0.50000)
 
 

rightHand(-0.50000, -0.50000, -0.50000, 0.50000)
 
 

rightHand(0.46449, 0.54366, 0.44879, 0.53598)
 
 

rightHand(0.46449, 0.54366, 0.44879, 0.53598)
 
 

rightHand(0.46449, 0.54366, 0.44879, 0.53598)
 
 

rightHand(0.46449, 0.54366, 0.44879, 0.53598)
 
 

rightHand(-0.50000, -0.50000, -0.50000, 0.50000)
 
 

rightHand(-0.50000, -0.50000, -0.50000, 0.50000)
 
 

rightHand(-0.50000, -0.50000, -0.50000, 0.50000)
 
 

rightHand(-0.50000, -0.50000, -0.50000, 0.50000)
 
 

rightHand(-0.50000, -0.50000, -0.50000, 0.50000)
 
 

rightHand(-0.50000, -0.50000, -0.50000, 0.50000)
 
 

rightHand(-0.50000, -0.50000, -0.50000, 0.50000)
 
 

rightHand(-0.50000, -0.50000, -0.50000, 0.50000)
 
 

rightHand(0.46192, 0.55045, 0.44118, 0.53759)
 
 

rightHand(0.46192, 0.55045, 0.44118, 0.53759)
 
 

rightHand(0.46192, 0.55045, 0.44118, 0.53759)
 
 

rightHand(0.46192, 0.55045, 0.44118, 0.53759)
 
 

rightHand(-0.50000, -0.50000, -0.50000, 0.50000)
 
 

rightHand(-0.50000, -0.50000, -0.50000, 0.50000)
 
 

rightHand(-0.50000, -0.50000, -0.50000, 0.50000)
 
 

rightHand(-0.50000, -0.50000, -0.50000, 0.50000)
 
 

rightHand(-0.50000, -0.50000, -0.50000, 0.50000)
 
 

rightHand(-0.50000, -0.50000, -0.50000, 0.50000)
 
 

rightHand(-0.50000, -0.50000, -0.50000, 0.50000)
 
 

rightHand(-0.50000, -0.50000, -0.50000, 0.50000)
 
 

rightHand(0.45538, 0.54480, 0.44545, 0.54534)
 
 

rightHand(0.45538, 0.54480, 0.44545, 0.54534)
 
 

rightHand(0.45538, 0.54480, 0.44545, 0.54534)
 
 

rightHand(0.45538, 0.54480, 0.44545, 0.54534)
 
 

rightHand(-0.50000, -0.50000, -0.50000, 0.50000)
 
 

rightHand(-0.50000, -0.50000, -0.50000, 0.50000)
 
 

rightHand(-0.50000, -0.50000, -0.50000, 0.50000)
 
 

rightHand(-0.50000, -0.50000, -0.50000, 0.50000)
 
 

rightHand(-0.50000, -0.50000, -0.50000, 0.50000)
 
 

rightHand(-0.50000, -0.50000, -0.50000, 0.50000)
 
 

rightHand(-0.50000, -0.50000, -0.50000, 0.50000)
 
 

rightHand(-0.50000, -0.50000, -0.50000, 0.50000)
 
 

rightHand(0.47582, 0.51699, 0.46988, 0.53434)
 
 

rightHand(0.47582, 0.51699, 0.46988, 0.53434)
 
 

rightHand(0.47582, 0.51699, 0.46988, 0.53434)
 
 

rightHand(0.47582, 0.51699, 0.46988, 0.53434)
 
 

rightHand(-0.50000, -0.50000, -0.50000, 0.50000)
 
 

rightHand(-0.50000, -0.50000, -0.50000, 0.50000)
 
 

rightHand(-0.50000, -0.50000, -0.50000, 0.50000)
 
 

rightHand(-0.50000, -0.50000, -0.50000, 0.50000)
 
 

rightHand(-0.50000, -0.50000, -0.50000, 0.50000)
 
 

rightHand(-0.50000, -0.50000, -0.50000, 0.50000)
 
 

rightHand(-0.50000, -0.50000, -0.50000, 0.50000)
 
 

rightHand(-0.50000, -0.50000, -0.50000, 0.50000)
 
 

rightHand(0.48386, 0.51905, 0.46945, 0.52544)
 
 

rightHand(0.48386, 0.51905, 0.46945, 0.52544)
 
 

rightHand(0.48386, 0.51905, 0.46945, 0.52544)
 
 

rightHand(0.48386, 0.51905, 0.46945, 0.52544)
 
 

rightHand(-0.50000, -0.50000, -0.50000, 0.50000)
 
 

rightHand(-0.50000, -0.50000, -0.50000, 0.50000)
 
 

rightHand(-0.50000, -0.50000, -0.50000, 0.50000)
 
 

rightHand(-0.50000, -0.50000, -0.50000, 0.50000)
 
 

rightHand(-0.50000, -0.50000, -0.50000, 0.50000)
 
 

rightHand(-0.50000, -0.50000, -0.50000, 0.50000)
 
 

rightHand(-0.50000, -0.50000, -0.50000, 0.50000)
 
 

rightHand(-0.50000, -0.50000, -0.50000, 0.50000)
 
 

rightHand(0.48062, 0.52222, 0.46335, 0.53066)
 
 

rightHand(0.48062, 0.52222, 0.46335, 0.53066)
 
 

rightHand(0.48062, 0.52222, 0.46335, 0.53066)
 
 

rightHand(0.48062, 0.52222, 0.46335, 0.53066)
 
 

rightHand(-0.50000, -0.50000, -0.50000, 0.50000)
 
 

rightHand(-0.50000, -0.50000, -0.50000, 0.50000)
 
 

rightHand(-0.50000, -0.50000, -0.50000, 0.50000)
 
 

rightHand(-0.50000, -0.50000, -0.50000, 0.50000)
 
 

rightHand(-0.50000, -0.50000, -0.50000, 0.50000)
 
 

rightHand(-0.50000, -0.50000, -0.50000, 0.50000)
 
 

rightHand(-0.50000, -0.50000, -0.50000, 0.50000)
 
 

rightHand(-0.50000, -0.50000, -0.50000, 0.50000)
 
 

rightHand(-0.50000, -0.50000, -0.50000, 0.50000)
 
 

rightHand(-0.50000, -0.50000, -0.50000, 0.50000)
 
 

rightHand(-0.50000, -0.50000, -0.50000, 0.50000)
 
 

rightHand(-0.50000, -0.50000, -0.50000, 0.50000)
 
 

rightHand(0.48561, 0.50696, 0.47355, 0.53190)
 
 

rightHand(0.48561, 0.50696, 0.47355, 0.53190)
 
 

rightHand(0.48561, 0.50696, 0.47355, 0.53190)
 
 

rightHand(0.48561, 0.50696, 0.47355, 0.53190)
 
 

rightHand(-0.50000, -0.50000, -0.50000, 0.50000)
 
 

rightHand(-0.50000, -0.50000, -0.50000, 0.50000)
 
 

rightHand(-0.50000, -0.50000, -0.50000, 0.50000)
 
 

rightHand(-0.50000, -0.50000, -0.50000, 0.50000)
 
 

rightHand(-0.50000, -0.50000, -0.50000, 0.50000)
 
 

rightHand(-0.50000, -0.50000, -0.50000, 0.50000)
 
 

rightHand(-0.50000, -0.50000, -0.50000, 0.50000)
 
 

rightHand(-0.50000, -0.50000, -0.50000, 0.50000)
 
 

rightHand(-0.50000, -0.50000, -0.50000, 0.50000)
 
 

rightHand(-0.50000, -0.50000, -0.50000, 0.50000)
 
 

rightHand(-0.50000, -0.50000, -0.50000, 0.50000)
 
 

rightHand(-0.50000, -0.50000, -0.50000, 0.50000)
 
 

rightHand(-0.50000, -0.50000, -0.50000, 0.50000)
 
 

rightHand(-0.50000, -0.50000, -0.50000, 0.50000)
 
 

rightHand(-0.50000, -0.50000, -0.50000, 0.50000)
 
 

rightHand(-0.50000, -0.50000, -0.50000, 0.50000)
 
 

rightHand(0.49551, 0.49431, 0.48525, 0.52408)
 
 

rightHand(0.49551, 0.49431, 0.48525, 0.52408)
 
 

rightHand(0.49551, 0.49431, 0.48525, 0.52408)
 
 

rightHand(0.49551, 0.49431, 0.48525, 0.52408)
 
 

rightHand(-0.50000, -0.50000, -0.50000, 0.50000)
 
 

rightHand(-0.50000, -0.50000, -0.50000, 0.50000)
 
 

rightHand(-0.50000, -0.50000, -0.50000, 0.50000)
 
 

rightHand(-0.50000, -0.50000, -0.50000, 0.50000)
 
 

rightHand(-0.50000, -0.50000, -0.50000, 0.50000)
 
 

rightHand(-0.50000, -0.50000, -0.50000, 0.50000)
 
 

rightHand(-0.50000, -0.50000, -0.50000, 0.50000)
 
 

rightHand(-0.50000, -0.50000, -0.50000, 0.50000)
 
 

rightHand(-0.50000, -0.50000, -0.50000, 0.50000)
 
 

rightHand(-0.50000, -0.50000, -0.50000, 0.50000)
 
 

rightHand(-0.50000, -0.50000, -0.50000, 0.50000)
 
 

rightHand(-0.50000, -0.50000, -0.50000, 0.50000)
 
 

rightHand(-0.50000, -0.50000, -0.50000, 0.50000)
 
 

rightHand(-0.50000, -0.50000, -0.50000, 0.50000)
 
 

rightHand(-0.50000, -0.50000, -0.50000, 0.50000)
 
 

rightHand(-0.50000, -0.50000, -0.50000, 0.50000)
 
 

rightHand(0.49052, 0.50568, 0.47897, 0.52370)
 
 

rightHand(0.49052, 0.50568, 0.47897, 0.52370)
 
 

rightHand(0.49052, 0.50568, 0.47897, 0.52370)
 
 

rightHand(0.49052, 0.50568, 0.47897, 0.52370)
 
 

rightHand(-0.50000, -0.50000, -0.50000, 0.50000)
 
 

rightHand(-0.50000, -0.50000, -0.50000, 0.50000)
 
 

rightHand(-0.50000, -0.50000, -0.50000, 0.50000)
 
 

rightHand(-0.50000, -0.50000, -0.50000, 0.50000)
 
 

rightHand(-0.50000, -0.50000, -0.50000, 0.50000)
 
 

rightHand(-0.50000, -0.50000, -0.50000, 0.50000)
 
 

rightHand(-0.50000, -0.50000, -0.50000, 0.50000)
 
 

rightHand(-0.50000, -0.50000, -0.50000, 0.50000)
 
 

rightHand(-0.50000, -0.50000, -0.50000, 0.50000)
 
 

rightHand(-0.50000, -0.50000, -0.50000, 0.50000)
 
 

rightHand(-0.50000, -0.50000, -0.50000, 0.50000)
 
 

rightHand(-0.50000, -0.50000, -0.50000, 0.50000)
 
 

rightHand(-0.50000, -0.50000, -0.50000, 0.50000)
 
 

rightHand(-0.50000, -0.50000, -0.50000, 0.50000)
 
 

rightHand(-0.50000, -0.50000, -0.50000, 0.50000)
 
 

rightHand(-0.50000, -0.50000, -0.50000, 0.50000)
 
 

rightHand(0.48278, 0.50466, 0.47903, 0.53176)
 
 

rightHand(0.48278, 0.50466, 0.47903, 0.53176)
 
 

rightHand(0.48278, 0.50466, 0.47903, 0.53176)
 
 

rightHand(0.48278, 0.50466, 0.47903, 0.53176)
 
 

rightHand(-0.50000, -0.50000, -0.50000, 0.50000)
 
 

rightHand(-0.50000, -0.50000, -0.50000, 0.50000)
 
 

rightHand(-0.50000, -0.50000, -0.50000, 0.50000)
 
 

rightHand(-0.50000, -0.50000, -0.50000, 0.50000)
 
 

rightHand(-0.50000, -0.50000, -0.50000, 0.50000)
 
 

rightHand(-0.50000, -0.50000, -0.50000, 0.50000)
 
 

rightHand(-0.50000, -0.50000, -0.50000, 0.50000)
 
 

rightHand(-0.50000, -0.50000, -0.50000, 0.50000)
 
 

rightHand(-0.50000, -0.50000, -0.50000, 0.50000)
 
 

rightHand(-0.50000, -0.50000, -0.50000, 0.50000)
 
 

rightHand(-0.50000, -0.50000, -0.50000, 0.50000)
 
 

rightHand(-0.50000, -0.50000, -0.50000, 0.50000)
 
 

rightHand(-0.50000, -0.50000, -0.50000, 0.50000)
 
 

rightHand(-0.50000, -0.50000, -0.50000, 0.50000)
 
 

rightHand(-0.50000, -0.50000, -0.50000, 0.50000)
 
 

rightHand(-0.50000, -0.50000, -0.50000, 0.50000)
 
 

rightHand(0.48918, 0.49390, 0.48538, 0.53026)
 
 

rightHand(0.48918, 0.49390, 0.48538, 0.53026)
 
 

rightHand(0.48918, 0.49390, 0.48538, 0.53026)
 
 

rightHand(0.48918, 0.49390, 0.48538, 0.53026)
 
 

rightHand(-0.50000, -0.50000, -0.50000, 0.50000)
 
 

rightHand(-0.50000, -0.50000, -0.50000, 0.50000)
 
 

rightHand(-0.50000, -0.50000, -0.50000, 0.50000)
 
 

rightHand(-0.50000, -0.50000, -0.50000, 0.50000)
 
 

rightHand(-0.50000, -0.50000, -0.50000, 0.50000)
 
 

rightHand(-0.50000, -0.50000, -0.50000, 0.50000)
 
 

rightHand(-0.50000, -0.50000, -0.50000, 0.50000)
 
 

rightHand(-0.50000, -0.50000, -0.50000, 0.50000)
 
 

rightHand(-0.50000, -0.50000, -0.50000, 0.50000)
 
 

rightHand(-0.50000, -0.50000, -0.50000, 0.50000)
 
 

rightHand(-0.50000, -0.50000, -0.50000, 0.50000)
 
 

rightHand(-0.50000, -0.50000, -0.50000, 0.50000)
 
 

rightHand(-0.50000, -0.50000, -0.50000, 0.50000)
 
 

rightHand(-0.50000, -0.50000, -0.50000, 0.50000)
 
 

rightHand(-0.50000, -0.50000, -0.50000, 0.50000)
 
 

rightHand(-0.50000, -0.50000, -0.50000, 0.50000)
 
 

rightHand(0.48962, 0.49766, 0.48186, 0.52955)
 
 

rightHand(0.48962, 0.49766, 0.48186, 0.52955)
 
 

rightHand(0.48962, 0.49766, 0.48186, 0.52955)
 
 

rightHand(0.48962, 0.49766, 0.48186, 0.52955)
 
 

rightHand(-0.50000, -0.50000, -0.50000, 0.50000)
 
 

rightHand(-0.50000, -0.50000, -0.50000, 0.50000)
 
 

rightHand(-0.50000, -0.50000, -0.50000, 0.50000)
 
 

rightHand(-0.50000, -0.50000, -0.50000, 0.50000)
 
 

rightHand(-0.50000, -0.50000, -0.50000, 0.50000)
 
 

rightHand(-0.50000, -0.50000, -0.50000, 0.50000)
 
 

rightHand(-0.50000, -0.50000, -0.50000, 0.50000)
 
 

rightHand(-0.50000, -0.50000, -0.50000, 0.50000)
 
 

rightHand(-0.50000, -0.50000, -0.50000, 0.50000)
 
 

rightHand(-0.50000, -0.50000, -0.50000, 0.50000)
 
 

rightHand(-0.50000, -0.50000, -0.50000, 0.50000)
 
 

rightHand(-0.50000, -0.50000, -0.50000, 0.50000)
 
 

rightHand(-0.50000, -0.50000, -0.50000, 0.50000)
 
 

rightHand(-0.50000, -0.50000, -0.50000, 0.50000)
 
 

rightHand(-0.50000, -0.50000, -0.50000, 0.50000)
 
 

rightHand(-0.50000, -0.50000, -0.50000, 0.50000)
 
 

rightHand(0.48731, 0.50151, 0.47859, 0.53100)
 
 

rightHand(0.48731, 0.50151, 0.47859, 0.53100)
 
 

rightHand(0.48731, 0.50151, 0.47859, 0.53100)
 
 

rightHand(0.48731, 0.50151, 0.47859, 0.53100)
 
 

rightHand(-0.50000, -0.50000, -0.50000, 0.50000)
 
 

rightHand(-0.50000, -0.50000, -0.50000, 0.50000)
 
 

rightHand(-0.50000, -0.50000, -0.50000, 0.50000)
 
 

rightHand(-0.50000, -0.50000, -0.50000, 0.50000)
 
 

rightHand(-0.50000, -0.50000, -0.50000, 0.50000)
 
 

rightHand(-0.50000, -0.50000, -0.50000, 0.50000)
 
 

rightHand(-0.50000, -0.50000, -0.50000, 0.50000)
 
 

rightHand(-0.50000, -0.50000, -0.50000, 0.50000)
 
 

rightHand(-0.50000, -0.50000, -0.50000, 0.50000)
 
 

rightHand(-0.50000, -0.50000, -0.50000, 0.50000)
 
 

rightHand(-0.50000, -0.50000, -0.50000, 0.50000)
 
 

rightHand(-0.50000, -0.50000, -0.50000, 0.50000)
 
 

rightHand(-0.50000, -0.50000, -0.50000, 0.50000)
 
 

rightHand(-0.50000, -0.50000, -0.50000, 0.50000)
 
 

rightHand(-0.50000, -0.50000, -0.50000, 0.50000)
 
 

rightHand(-0.50000, -0.50000, -0.50000, 0.50000)
 
 

rightHand(0.49077, 0.49181, 0.48629, 0.52990)
 
 

rightHand(0.49077, 0.49181, 0.48629, 0.52990)
 
 

rightHand(0.49077, 0.49181, 0.48629, 0.52990)
 
 

rightHand(0.49077, 0.49181, 0.48629, 0.52990)
 
 

rightHand(-0.50000, -0.50000, -0.50000, 0.50000)
 
 

rightHand(-0.50000, -0.50000, -0.50000, 0.50000)
 
 

rightHand(-0.50000, -0.50000, -0.50000, 0.50000)
 
 

rightHand(-0.50000, -0.50000, -0.50000, 0.50000)
 
 

rightHand(-0.50000, -0.50000, -0.50000, 0.50000)
 
 

rightHand(-0.50000, -0.50000, -0.50000, 0.50000)
 
 

rightHand(-0.50000, -0.50000, -0.50000, 0.50000)
 
 

rightHand(-0.50000, -0.50000, -0.50000, 0.50000)
 
 

rightHand(-0.50000, -0.50000, -0.50000, 0.50000)
 
 

rightHand(-0.50000, -0.50000, -0.50000, 0.50000)
 
 

rightHand(-0.50000, -0.50000, -0.50000, 0.50000)
 
 

rightHand(-0.50000, -0.50000, -0.50000, 0.50000)
 
 

rightHand(-0.50000, -0.50000, -0.50000, 0.50000)
 
 

rightHand(-0.50000, -0.50000, -0.50000, 0.50000)
 
 

rightHand(-0.50000, -0.50000, -0.50000, 0.50000)
 
 

rightHand(-0.50000, -0.50000, -0.50000, 0.50000)
 
 

rightHand(0.49426, 0.49410, 0.48858, 0.52236)
 
 

rightHand(0.49426, 0.49410, 0.48858, 0.52236)
 
 

rightHand(0.49426, 0.49410, 0.48858, 0.52236)
 
 

rightHand(0.49426, 0.49410, 0.48858, 0.52236)
 
 

rightHand(-0.50000, -0.50000, -0.50000, 0.50000)
 
 

rightHand(-0.50000, -0.50000, -0.50000, 0.50000)
 
 

rightHand(-0.50000, -0.50000, -0.50000, 0.50000)
 
 

rightHand(-0.50000, -0.50000, -0.50000, 0.50000)
 
 

rightHand(-0.50000, -0.50000, -0.50000, 0.50000)
 
 

rightHand(-0.50000, -0.50000, -0.50000, 0.50000)
 
 

rightHand(-0.50000, -0.50000, -0.50000, 0.50000)
 
 

rightHand(-0.50000, -0.50000, -0.50000, 0.50000)
 
 

rightHand(-0.50000, -0.50000, -0.50000, 0.50000)
 
 

rightHand(-0.50000, -0.50000, -0.50000, 0.50000)
 
 

rightHand(-0.50000, -0.50000, -0.50000, 0.50000)
 
 

rightHand(-0.50000, -0.50000, -0.50000, 0.50000)
 
 

rightHand(-0.50000, -0.50000, -0.50000, 0.50000)
 
 

rightHand(-0.50000, -0.50000, -0.50000, 0.50000)
 
 

rightHand(-0.50000, -0.50000, -0.50000, 0.50000)
 
 

rightHand(-0.50000, -0.50000, -0.50000, 0.50000)
 
 

rightHand(0.49472, 0.49690, 0.48583, 0.52183)
 
 

rightHand(0.49472, 0.49690, 0.48583, 0.52183)
 
 

rightHand(0.49472, 0.49690, 0.48583, 0.52183)
 
 

rightHand(0.49472, 0.49690, 0.48583, 0.52183)
 
 

rightHand(-0.50000, -0.50000, -0.50000, 0.50000)
 
 

rightHand(-0.50000, -0.50000, -0.50000, 0.50000)
 
 

rightHand(-0.50000, -0.50000, -0.50000, 0.50000)
 
 

rightHand(-0.50000, -0.50000, -0.50000, 0.50000)
 
 

rightHand(-0.50000, -0.50000, -0.50000, 0.50000)
 
 

rightHand(-0.50000, -0.50000, -0.50000, 0.50000)
 
 

rightHand(-0.50000, -0.50000, -0.50000, 0.50000)
 
 

rightHand(-0.50000, -0.50000, -0.50000, 0.50000)
 
 

rightHand(-0.50000, -0.50000, -0.50000, 0.50000)
 
 

rightHand(-0.50000, -0.50000, -0.50000, 0.50000)
 
 

rightHand(-0.50000, -0.50000, -0.50000, 0.50000)
 
 

rightHand(-0.50000, -0.50000, -0.50000, 0.50000)
 
 

rightHand(-0.50000, -0.50000, -0.50000, 0.50000)
 
 

rightHand(-0.50000, -0.50000, -0.50000, 0.50000)
 
 

rightHand(-0.50000, -0.50000, -0.50000, 0.50000)
 
 

rightHand(-0.50000, -0.50000, -0.50000, 0.50000)
 
 

rightHand(0.49328, 0.49504, 0.48571, 0.52508)
 
 

rightHand(0.49328, 0.49504, 0.48571, 0.52508)
 
 

rightHand(0.49328, 0.49504, 0.48571, 0.52508)
 
 

rightHand(0.49328, 0.49504, 0.48571, 0.52508)
 
 

rightHand(-0.50000, -0.50000, -0.50000, 0.50000)
 
 

rightHand(-0.50000, -0.50000, -0.50000, 0.50000)
 
 

rightHand(-0.50000, -0.50000, -0.50000, 0.50000)
 
 

rightHand(-0.50000, -0.50000, -0.50000, 0.50000)
 
 

rightHand(-0.50000, -0.50000, -0.50000, 0.50000)
 
 

rightHand(-0.50000, -0.50000, -0.50000, 0.50000)
 
 

rightHand(-0.50000, -0.50000, -0.50000, 0.50000)
 
 

rightHand(-0.50000, -0.50000, -0.50000, 0.50000)
 
 

rightHand(-0.50000, -0.50000, -0.50000, 0.50000)
 
 

rightHand(-0.50000, -0.50000, -0.50000, 0.50000)
 
 

rightHand(-0.50000, -0.50000, -0.50000, 0.50000)
 
 

rightHand(-0.50000, -0.50000, -0.50000, 0.50000)
 
 

rightHand(-0.50000, -0.50000, -0.50000, 0.50000)
 
 

rightHand(-0.50000, -0.50000, -0.50000, 0.50000)
 
 

rightHand(-0.50000, -0.50000, -0.50000, 0.50000)
 
 

rightHand(-0.50000, -0.50000, -0.50000, 0.50000)
 
 

rightHand(0.49545, 0.48789, 0.49080, 0.52498)
 
 

rightHand(0.49545, 0.48789, 0.49080, 0.52498)
 
 

rightHand(0.49545, 0.48789, 0.49080, 0.52498)
 
 

rightHand(0.49545, 0.48789, 0.49080, 0.52498)
 
 

rightHand(-0.50000, -0.50000, -0.50000, 0.50000)
 
 

rightHand(-0.50000, -0.50000, -0.50000, 0.50000)
 
 

rightHand(-0.50000, -0.50000, -0.50000, 0.50000)
 
 

rightHand(-0.50000, -0.50000, -0.50000, 0.50000)
 
 

rightHand(-0.50000, -0.50000, -0.50000, 0.50000)
 
 

rightHand(-0.50000, -0.50000, -0.50000, 0.50000)
 
 

rightHand(-0.50000, -0.50000, -0.50000, 0.50000)
 
 

rightHand(-0.50000, -0.50000, -0.50000, 0.50000)
 
 

rightHand(-0.50000, -0.50000, -0.50000, 0.50000)
 
 

rightHand(-0.50000, -0.50000, -0.50000, 0.50000)
 
 

rightHand(-0.50000, -0.50000, -0.50000, 0.50000)
 
 

rightHand(-0.50000, -0.50000, -0.50000, 0.50000)
 
 

rightHand(-0.50000, -0.50000, -0.50000, 0.50000)
 
 

rightHand(-0.50000, -0.50000, -0.50000, 0.50000)
 
 

rightHand(-0.50000, -0.50000, -0.50000, 0.50000)
 
 

rightHand(-0.50000, -0.50000, -0.50000, 0.50000)
 
 

rightHand(0.49775, 0.48978, 0.49405, 0.51796)
 
 

rightHand(0.49775, 0.48978, 0.49405, 0.51796)
 
 

rightHand(0.49775, 0.48978, 0.49405, 0.51796)
 
 

rightHand(0.49775, 0.48978, 0.49405, 0.51796)
 
 

rightHand(-0.50000, -0.50000, -0.50000, 0.50000)
 
 

rightHand(-0.50000, -0.50000, -0.50000, 0.50000)
 
 

rightHand(-0.50000, -0.50000, -0.50000, 0.50000)
 
 

rightHand(-0.50000, -0.50000, -0.50000, 0.50000)
 
 

rightHand(-0.50000, -0.50000, -0.50000, 0.50000)
 
 

rightHand(-0.50000, -0.50000, -0.50000, 0.50000)
 
 

rightHand(-0.50000, -0.50000, -0.50000, 0.50000)
 
 

rightHand(-0.50000, -0.50000, -0.50000, 0.50000)
 
 

rightHand(-0.50000, -0.50000, -0.50000, 0.50000)
 
 

rightHand(-0.50000, -0.50000, -0.50000, 0.50000)
 
 

rightHand(-0.50000, -0.50000, -0.50000, 0.50000)
 
 

rightHand(-0.50000, -0.50000, -0.50000, 0.50000)
 
 

rightHand(-0.50000, -0.50000, -0.50000, 0.50000)
 
 

rightHand(-0.50000, -0.50000, -0.50000, 0.50000)
 
 

rightHand(-0.50000, -0.50000, -0.50000, 0.50000)
 
 

rightHand(-0.50000, -0.50000, -0.50000, 0.50000)
 
 

rightHand(0.49896, 0.48947, 0.49028, 0.52065)
 
 

rightHand(0.49896, 0.48947, 0.49028, 0.52065)
 
 

rightHand(0.49896, 0.48947, 0.49028, 0.52065)
 
 

rightHand(0.49896, 0.48947, 0.49028, 0.52065)
 
 

rightHand(-0.50000, -0.50000, -0.50000, 0.50000)
 
 

rightHand(-0.50000, -0.50000, -0.50000, 0.50000)
 
 

rightHand(-0.50000, -0.50000, -0.50000, 0.50000)
 
 

rightHand(-0.50000, -0.50000, -0.50000, 0.50000)
 
 

rightHand(-0.50000, -0.50000, -0.50000, 0.50000)
 
 

rightHand(-0.50000, -0.50000, -0.50000, 0.50000)
 
 

rightHand(-0.50000, -0.50000, -0.50000, 0.50000)
 
 

rightHand(-0.50000, -0.50000, -0.50000, 0.50000)
 
 

rightHand(-0.50000, -0.50000, -0.50000, 0.50000)
 
 

rightHand(-0.50000, -0.50000, -0.50000, 0.50000)
 
 

rightHand(-0.50000, -0.50000, -0.50000, 0.50000)
 
 

rightHand(-0.50000, -0.50000, -0.50000, 0.50000)
 
 

rightHand(-0.50000, -0.50000, -0.50000, 0.50000)
 
 

rightHand(-0.50000, -0.50000, -0.50000, 0.50000)
 
 

rightHand(-0.50000, -0.50000, -0.50000, 0.50000)
 
 

rightHand(-0.50000, -0.50000, -0.50000, 0.50000)
 
 

rightHand(0.50514, 0.48337, 0.49330, 0.51754)
 
 

rightHand(0.50514, 0.48337, 0.49330, 0.51754)
 
 

rightHand(0.50514, 0.48337, 0.49330, 0.51754)
 
 

rightHand(0.50514, 0.48337, 0.49330, 0.51754)
 
 

rightHand(-0.50000, -0.50000, -0.50000, 0.50000)
 
 

rightHand(-0.50000, -0.50000, -0.50000, 0.50000)
 
 

rightHand(-0.50000, -0.50000, -0.50000, 0.50000)
 
 

rightHand(-0.50000, -0.50000, -0.50000, 0.50000)
 
 

rightHand(-0.50000, -0.50000, -0.50000, 0.50000)
 
 

rightHand(-0.50000, -0.50000, -0.50000, 0.50000)
 
 

rightHand(-0.50000, -0.50000, -0.50000, 0.50000)
 
 

rightHand(-0.50000, -0.50000, -0.50000, 0.50000)
 
 

rightHand(-0.50000, -0.50000, -0.50000, 0.50000)
 
 

rightHand(-0.50000, -0.50000, -0.50000, 0.50000)
 
 

rightHand(-0.50000, -0.50000, -0.50000, 0.50000)
 
 

rightHand(-0.50000, -0.50000, -0.50000, 0.50000)
 
 

rightHand(-0.50000, -0.50000, -0.50000, 0.50000)
 
 

rightHand(-0.50000, -0.50000, -0.50000, 0.50000)
 
 

rightHand(-0.50000, -0.50000, -0.50000, 0.50000)
 
 

rightHand(-0.50000, -0.50000, -0.50000, 0.50000)
 
 

rightHand(0.50702, 0.48254, 0.49477, 0.51506)
 
 

rightHand(0.50702, 0.48254, 0.49477, 0.51506)
 
 

rightHand(0.50702, 0.48254, 0.49477, 0.51506)
 
 

rightHand(0.50702, 0.48254, 0.49477, 0.51506)
 
 

rightHand(-0.50000, -0.50000, -0.50000, 0.50000)
 
 

rightHand(-0.50000, -0.50000, -0.50000, 0.50000)
 
 

rightHand(-0.50000, -0.50000, -0.50000, 0.50000)
 
 

rightHand(-0.50000, -0.50000, -0.50000, 0.50000)
 
 

rightHand(-0.50000, -0.50000, -0.50000, 0.50000)
 
 

rightHand(-0.50000, -0.50000, -0.50000, 0.50000)
 
 

rightHand(-0.50000, -0.50000, -0.50000, 0.50000)
 
 

rightHand(-0.50000, -0.50000, -0.50000, 0.50000)
 
 

rightHand(-0.50000, -0.50000, -0.50000, 0.50000)
 
 

rightHand(-0.50000, -0.50000, -0.50000, 0.50000)
 
 

rightHand(-0.50000, -0.50000, -0.50000, 0.50000)
 
 

rightHand(-0.50000, -0.50000, -0.50000, 0.50000)
 
 

rightHand(-0.50000, -0.50000, -0.50000, 0.50000)
 
 

rightHand(-0.50000, -0.50000, -0.50000, 0.50000)
 
 

rightHand(-0.50000, -0.50000, -0.50000, 0.50000)
 
 

rightHand(-0.50000, -0.50000, -0.50000, 0.50000)
 
 

rightHand(0.50690, 0.48661, 0.49466, 0.51144)
 
 

rightHand(0.50690, 0.48661, 0.49466, 0.51144)
 
 

rightHand(0.50690, 0.48661, 0.49466, 0.51144)
 
 

rightHand(0.50690, 0.48661, 0.49466, 0.51144)
 
 

rightHand(-0.50000, -0.50000, -0.50000, 0.50000)
 
 

rightHand(-0.50000, -0.50000, -0.50000, 0.50000)
 
 

rightHand(-0.50000, -0.50000, -0.50000, 0.50000)
 
 

rightHand(-0.50000, -0.50000, -0.50000, 0.50000)
 
 

rightHand(-0.50000, -0.50000, -0.50000, 0.50000)
 
 

rightHand(-0.50000, -0.50000, -0.50000, 0.50000)
 
 

rightHand(-0.50000, -0.50000, -0.50000, 0.50000)
 
 

rightHand(-0.50000, -0.50000, -0.50000, 0.50000)
 
 

rightHand(-0.50000, -0.50000, -0.50000, 0.50000)
 
 

rightHand(-0.50000, -0.50000, -0.50000, 0.50000)
 
 

rightHand(-0.50000, -0.50000, -0.50000, 0.50000)
 
 

rightHand(-0.50000, -0.50000, -0.50000, 0.50000)
 
 

rightHand(-0.50000, -0.50000, -0.50000, 0.50000)
 
 

rightHand(-0.50000, -0.50000, -0.50000, 0.50000)
 
 

rightHand(-0.50000, -0.50000, -0.50000, 0.50000)
 
 

rightHand(-0.50000, -0.50000, -0.50000, 0.50000)
 
 

rightHand(0.50850, 0.48361, 0.49510, 0.51227)
 
 

rightHand(0.50850, 0.48361, 0.49510, 0.51227)
 
 

rightHand(0.50850, 0.48361, 0.49510, 0.51227)
 
 

rightHand(0.50850, 0.48361, 0.49510, 0.51227)
 
 

rightHand(-0.50000, -0.50000, -0.50000, 0.50000)
 
 

rightHand(-0.50000, -0.50000, -0.50000, 0.50000)
 
 

rightHand(-0.50000, -0.50000, -0.50000, 0.50000)
 
 

rightHand(-0.50000, -0.50000, -0.50000, 0.50000)
 
 

rightHand(-0.50000, -0.50000, -0.50000, 0.50000)
 
 

rightHand(-0.50000, -0.50000, -0.50000, 0.50000)
 
 

rightHand(-0.50000, -0.50000, -0.50000, 0.50000)
 
 

rightHand(-0.50000, -0.50000, -0.50000, 0.50000)
 
 

rightHand(-0.50000, -0.50000, -0.50000, 0.50000)
 
 

rightHand(-0.50000, -0.50000, -0.50000, 0.50000)
 
 

rightHand(-0.50000, -0.50000, -0.50000, 0.50000)
 
 

rightHand(-0.50000, -0.50000, -0.50000, 0.50000)
 
 

rightHand(-0.50000, -0.50000, -0.50000, 0.50000)
 
 

rightHand(-0.50000, -0.50000, -0.50000, 0.50000)
 
 

rightHand(-0.50000, -0.50000, -0.50000, 0.50000)
 
 

rightHand(-0.50000, -0.50000, -0.50000, 0.50000)
 
 

rightHand(0.51004, 0.47989, 0.49703, 0.51238)
 
 

rightHand(0.51004, 0.47989, 0.49703, 0.51238)
 
 

rightHand(0.51004, 0.47989, 0.49703, 0.51238)
 
 

rightHand(0.51004, 0.47989, 0.49703, 0.51238)
 
 

rightHand(-0.50000, -0.50000, -0.50000, 0.50000)
 
 

rightHand(-0.50000, -0.50000, -0.50000, 0.50000)
 
 

rightHand(-0.50000, -0.50000, -0.50000, 0.50000)
 
 

rightHand(-0.50000, -0.50000, -0.50000, 0.50000)
 
 

rightHand(-0.50000, -0.50000, -0.50000, 0.50000)
 
 

rightHand(-0.50000, -0.50000, -0.50000, 0.50000)
 
 

rightHand(-0.50000, -0.50000, -0.50000, 0.50000)
 
 

rightHand(-0.50000, -0.50000, -0.50000, 0.50000)
 
 

rightHand(-0.50000, -0.50000, -0.50000, 0.50000)
 
 

rightHand(-0.50000, -0.50000, -0.50000, 0.50000)
 
 

rightHand(-0.50000, -0.50000, -0.50000, 0.50000)
 
 

rightHand(-0.50000, -0.50000, -0.50000, 0.50000)
 
 

rightHand(0.51127, 0.48080, 0.50052, 0.50687)
 
 

rightHand(0.51127, 0.48080, 0.50052, 0.50687)
 
 

rightHand(0.51127, 0.48080, 0.50052, 0.50687)
 
 

rightHand(0.51127, 0.48080, 0.50052, 0.50687)
 
 

rightHand(-0.50000, -0.50000, -0.50000, 0.50000)
 
 

rightHand(-0.50000, -0.50000, -0.50000, 0.50000)
 
 

rightHand(-0.50000, -0.50000, -0.50000, 0.50000)
 
 

rightHand(-0.50000, -0.50000, -0.50000, 0.50000)
 
 

rightHand(-0.50000, -0.50000, -0.50000, 0.50000)
 
 

rightHand(-0.50000, -0.50000, -0.50000, 0.50000)
 
 

rightHand(-0.50000, -0.50000, -0.50000, 0.50000)
 
 

rightHand(-0.50000, -0.50000, -0.50000, 0.50000)
 
 

rightHand(0.51406, 0.48044, 0.50013, 0.50477)
 
 

rightHand(0.51406, 0.48044, 0.50013, 0.50477)
 
 

rightHand(0.51406, 0.48044, 0.50013, 0.50477)
 
 

rightHand(0.51406, 0.48044, 0.50013, 0.50477)
 
 

rightHand(-0.50000, -0.50000, -0.50000, 0.50000)
 
 

rightHand(-0.50000, -0.50000, -0.50000, 0.50000)
 
 

rightHand(-0.50000, -0.50000, -0.50000, 0.50000)
 
 

rightHand(-0.50000, -0.50000, -0.50000, 0.50000)
 
 

rightHand(-0.50000, -0.50000, -0.50000, 0.50000)
 
 

rightHand(-0.50000, -0.50000, -0.50000, 0.50000)
 
 

rightHand(-0.50000, -0.50000, -0.50000, 0.50000)
 
 

rightHand(-0.50000, -0.50000, -0.50000, 0.50000)
 
 

rightHand(0.51553, 0.47862, 0.50063, 0.50450)
 
 

rightHand(0.51553, 0.47862, 0.50063, 0.50450)
 
 

rightHand(0.51553, 0.47862, 0.50063, 0.50450)
 
 

rightHand(0.51553, 0.47862, 0.50063, 0.50450)
 
 

rightHand(-0.50000, -0.50000, -0.50000, 0.50000)
 
 

rightHand(-0.50000, -0.50000, -0.50000, 0.50000)
 
 

rightHand(-0.50000, -0.50000, -0.50000, 0.50000)
 
 

rightHand(-0.50000, -0.50000, -0.50000, 0.50000)
 
 

rightHand(-0.50000, -0.50000, -0.50000, 0.50000)
 
 

rightHand(-0.50000, -0.50000, -0.50000, 0.50000)
 
 

rightHand(-0.50000, -0.50000, -0.50000, 0.50000)
 
 

rightHand(-0.50000, -0.50000, -0.50000, 0.50000)
 
 

rightHand(0.52229, 0.46849, 0.50658, 0.50110)
 
 

rightHand(0.52229, 0.46849, 0.50658, 0.50110)
 
 

rightHand(0.52229, 0.46849, 0.50658, 0.50110)
 
 

rightHand(0.52229, 0.46849, 0.50658, 0.50110)
 
 

rightHand(-0.50000, -0.50000, -0.50000, 0.50000)
 
 

rightHand(-0.50000, -0.50000, -0.50000, 0.50000)
 
 

rightHand(-0.50000, -0.50000, -0.50000, 0.50000)
 
 

rightHand(-0.50000, -0.50000, -0.50000, 0.50000)
 
 

rightHand(-0.50000, -0.50000, -0.50000, 0.50000)
 
 

rightHand(-0.50000, -0.50000, -0.50000, 0.50000)
 
 

rightHand(-0.50000, -0.50000, -0.50000, 0.50000)
 
 

rightHand(-0.50000, -0.50000, -0.50000, 0.50000)
 
 

rightHand(0.52814, 0.46595, 0.51097, 0.49281)
 
 

rightHand(0.52814, 0.46595, 0.51097, 0.49281)
 
 

rightHand(0.52814, 0.46595, 0.51097, 0.49281)
 
 

rightHand(0.52814, 0.46595, 0.51097, 0.49281)
 
 

rightHand(-0.50000, -0.50000, -0.50000, 0.50000)
 
 

rightHand(-0.50000, -0.50000, -0.50000, 0.50000)
 
 

rightHand(-0.50000, -0.50000, -0.50000, 0.50000)
 
 

rightHand(-0.50000, -0.50000, -0.50000, 0.50000)
 
 

rightHand(-0.50000, -0.50000, -0.50000, 0.50000)
 
 

rightHand(-0.50000, -0.50000, -0.50000, 0.50000)
 
 

rightHand(-0.50000, -0.50000, -0.50000, 0.50000)
 
 

rightHand(-0.50000, -0.50000, -0.50000, 0.50000)
 
 

rightHand(0.52724, 0.46820, 0.50889, 0.49381)
 
 

rightHand(0.52724, 0.46820, 0.50889, 0.49381)
 
 

rightHand(0.52724, 0.46820, 0.50889, 0.49381)
 
 

rightHand(0.52724, 0.46820, 0.50889, 0.49381)
 
 

rightHand(-0.50000, -0.50000, -0.50000, 0.50000)
 
 

rightHand(-0.50000, -0.50000, -0.50000, 0.50000)
 
 

rightHand(-0.50000, -0.50000, -0.50000, 0.50000)
 
 

rightHand(-0.50000, -0.50000, -0.50000, 0.50000)
 
 

rightHand(-0.50000, -0.50000, -0.50000, 0.50000)
 
 

rightHand(-0.50000, -0.50000, -0.50000, 0.50000)
 
 

rightHand(-0.50000, -0.50000, -0.50000, 0.50000)
 
 

rightHand(-0.50000, -0.50000, -0.50000, 0.50000)
 
 

rightHand(0.52632, 0.46755, 0.50926, 0.49503)
 
 

rightHand(0.52632, 0.46755, 0.50926, 0.49503)
 
 

rightHand(0.52632, 0.46755, 0.50926, 0.49503)
 
 

rightHand(0.52632, 0.46755, 0.50926, 0.49503)
 
 

rightHand(-0.50000, -0.50000, -0.50000, 0.50000)
 
 

rightHand(-0.50000, -0.50000, -0.50000, 0.50000)
 
 

rightHand(-0.50000, -0.50000, -0.50000, 0.50000)
 
 

rightHand(-0.50000, -0.50000, -0.50000, 0.50000)
 
 

rightHand(-0.50000, -0.50000, -0.50000, 0.50000)
 
 

rightHand(-0.50000, -0.50000, -0.50000, 0.50000)
 
 

rightHand(-0.50000, -0.50000, -0.50000, 0.50000)
 
 

rightHand(-0.50000, -0.50000, -0.50000, 0.50000)
 
 

rightHand(0.52630, 0.46007, 0.51722, 0.49379)
 
 

rightHand(0.52630, 0.46007, 0.51722, 0.49379)
 
 

rightHand(0.52630, 0.46007, 0.51722, 0.49379)
 
 

rightHand(0.52630, 0.46007, 0.51722, 0.49379)
 
 

rightHand(-0.50000, -0.50000, -0.50000, 0.50000)
 
 

rightHand(-0.50000, -0.50000, -0.50000, 0.50000)
 
 

rightHand(-0.50000, -0.50000, -0.50000, 0.50000)
 
 

rightHand(-0.50000, -0.50000, -0.50000, 0.50000)
 
 

rightHand(-0.50000, -0.50000, -0.50000, 0.50000)
 
 

rightHand(-0.50000, -0.50000, -0.50000, 0.50000)
 
 

rightHand(-0.50000, -0.50000, -0.50000, 0.50000)
 
 

rightHand(-0.50000, -0.50000, -0.50000, 0.50000)
 
 

rightHand(0.52851, 0.45422, 0.52463, 0.48900)
 
 

rightHand(0.52851, 0.45422, 0.52463, 0.48900)
 
 

rightHand(0.52851, 0.45422, 0.52463, 0.48900)
 
 

rightHand(0.52851, 0.45422, 0.52463, 0.48900)
 
 

rightHand(-0.50000, -0.50000, -0.50000, 0.50000)
 
 

rightHand(-0.50000, -0.50000, -0.50000, 0.50000)
 
 

rightHand(-0.50000, -0.50000, -0.50000, 0.50000)
 
 

rightHand(-0.50000, -0.50000, -0.50000, 0.50000)
 
 

rightHand(-0.50000, -0.50000, -0.50000, 0.50000)
 
 

rightHand(-0.50000, -0.50000, -0.50000, 0.50000)
 
 

rightHand(-0.50000, -0.50000, -0.50000, 0.50000)
 
 

rightHand(-0.50000, -0.50000, -0.50000, 0.50000)
 
 

rightHand(0.52330, 0.45967, 0.52161, 0.49273)
 
 

rightHand(0.52330, 0.45967, 0.52161, 0.49273)
 
 

rightHand(0.52330, 0.45967, 0.52161, 0.49273)
 
 

rightHand(0.52330, 0.45967, 0.52161, 0.49273)
 
 

rightHand(-0.50000, -0.50000, -0.50000, 0.50000)
 
 

rightHand(-0.50000, -0.50000, -0.50000, 0.50000)
 
 

rightHand(-0.50000, -0.50000, -0.50000, 0.50000)
 
 

rightHand(-0.50000, -0.50000, -0.50000, 0.50000)
 
 

rightHand(-0.50000, -0.50000, -0.50000, 0.50000)
 
 

rightHand(-0.50000, -0.50000, -0.50000, 0.50000)
 
 

rightHand(-0.50000, -0.50000, -0.50000, 0.50000)
 
 

rightHand(-0.50000, -0.50000, -0.50000, 0.50000)
 
 

rightHand(0.52217, 0.46010, 0.51932, 0.49593)
 
 

rightHand(0.52217, 0.46010, 0.51932, 0.49593)
 
 

rightHand(0.52217, 0.46010, 0.51932, 0.49593)
 
 

rightHand(0.52217, 0.46010, 0.51932, 0.49593)
 
 

rightHand(-0.50000, -0.50000, -0.50000, 0.50000)
 
 

rightHand(-0.50000, -0.50000, -0.50000, 0.50000)
 
 

rightHand(-0.50000, -0.50000, -0.50000, 0.50000)
 
 

rightHand(-0.50000, -0.50000, -0.50000, 0.50000)
 
 

rightHand(-0.50000, -0.50000, -0.50000, 0.50000)
 
 

rightHand(-0.50000, -0.50000, -0.50000, 0.50000)
 
 

rightHand(-0.50000, -0.50000, -0.50000, 0.50000)
 
 

rightHand(-0.50000, -0.50000, -0.50000, 0.50000)
 
 

rightHand(0.52261, 0.45907, 0.52021, 0.49548)
 
 

rightHand(0.52261, 0.45907, 0.52021, 0.49548)
 
 

rightHand(0.52261, 0.45907, 0.52021, 0.49548)
 
 

rightHand(0.52261, 0.45907, 0.52021, 0.49548)
 
 

rightHand(-0.50000, -0.50000, -0.50000, 0.50000)
 
 

rightHand(-0.50000, -0.50000, -0.50000, 0.50000)
 
 

rightHand(-0.50000, -0.50000, -0.50000, 0.50000)
 
 

rightHand(-0.50000, -0.50000, -0.50000, 0.50000)
 
 

rightHand(-0.50000, -0.50000, -0.50000, 0.50000)
 
 

rightHand(-0.50000, -0.50000, -0.50000, 0.50000)
 
 

rightHand(-0.50000, -0.50000, -0.50000, 0.50000)
 
 

rightHand(-0.50000, -0.50000, -0.50000, 0.50000)
 
 

rightHand(0.52313, 0.46009, 0.52133, 0.49281)
 
 

rightHand(0.52313, 0.46009, 0.52133, 0.49281)
 
 

rightHand(0.52313, 0.46009, 0.52133, 0.49281)
 
 

rightHand(0.52313, 0.46009, 0.52133, 0.49281)
 
 

rightHand(-0.50000, -0.50000, -0.50000, 0.50000)
 
 

rightHand(-0.50000, -0.50000, -0.50000, 0.50000)
 
 

rightHand(-0.50000, -0.50000, -0.50000, 0.50000)
 
 

rightHand(-0.50000, -0.50000, -0.50000, 0.50000)
 
 

rightHand(-0.50000, -0.50000, -0.50000, 0.50000)
 
 

rightHand(-0.50000, -0.50000, -0.50000, 0.50000)
 
 

rightHand(-0.50000, -0.50000, -0.50000, 0.50000)
 
 

rightHand(-0.50000, -0.50000, -0.50000, 0.50000)
 
 

rightHand(0.52111, 0.46499, 0.51638, 0.49556)
 
 

rightHand(0.52111, 0.46499, 0.51638, 0.49556)
 
 

rightHand(0.52111, 0.46499, 0.51638, 0.49556)
 
 

rightHand(0.52111, 0.46499, 0.51638, 0.49556)
 
 

rightHand(-0.50000, -0.50000, -0.50000, 0.50000)
 
 

rightHand(-0.50000, -0.50000, -0.50000, 0.50000)
 
 

rightHand(-0.50000, -0.50000, -0.50000, 0.50000)
 
 

rightHand(-0.50000, -0.50000, -0.50000, 0.50000)
 
 

rightHand(-0.50000, -0.50000, -0.50000, 0.50000)
 
 

rightHand(-0.50000, -0.50000, -0.50000, 0.50000)
 
 

rightHand(-0.50000, -0.50000, -0.50000, 0.50000)
 
 

rightHand(-0.50000, -0.50000, -0.50000, 0.50000)
 
 

rightHand(0.52651, 0.45830, 0.51718, 0.49526)
 
 

rightHand(0.52651, 0.45830, 0.51718, 0.49526)
 
 

rightHand(0.52651, 0.45830, 0.51718, 0.49526)
 
 

rightHand(0.52651, 0.45830, 0.51718, 0.49526)
 
 

rightHand(-0.50000, -0.50000, -0.50000, 0.50000)
 
 

rightHand(-0.50000, -0.50000, -0.50000, 0.50000)
 
 

rightHand(-0.50000, -0.50000, -0.50000, 0.50000)
 
 

rightHand(-0.50000, -0.50000, -0.50000, 0.50000)
 
 

rightHand(-0.50000, -0.50000, -0.50000, 0.50000)
 
 

rightHand(-0.50000, -0.50000, -0.50000, 0.50000)
 
 

rightHand(-0.50000, -0.50000, -0.50000, 0.50000)
 
 

rightHand(-0.50000, -0.50000, -0.50000, 0.50000)
 
 

rightHand(0.52841, 0.45629, 0.51824, 0.49398)
 
 

rightHand(0.52841, 0.45629, 0.51824, 0.49398)
 
 

rightHand(0.52841, 0.45629, 0.51824, 0.49398)
 
 

rightHand(0.52841, 0.45629, 0.51824, 0.49398)
 
 

rightHand(-0.50000, -0.50000, -0.50000, 0.50000)
 
 

rightHand(-0.50000, -0.50000, -0.50000, 0.50000)
 
 

rightHand(-0.50000, -0.50000, -0.50000, 0.50000)
 
 

rightHand(-0.50000, -0.50000, -0.50000, 0.50000)
 
 

rightHand(-0.50000, -0.50000, -0.50000, 0.50000)
 
 

rightHand(-0.50000, -0.50000, -0.50000, 0.50000)
 
 

rightHand(-0.50000, -0.50000, -0.50000, 0.50000)
 
 

rightHand(-0.50000, -0.50000, -0.50000, 0.50000)
 
 

rightHand(0.52640, 0.46349, 0.51457, 0.49325)
 
 

rightHand(0.52640, 0.46349, 0.51457, 0.49325)
 
 

rightHand(0.52640, 0.46349, 0.51457, 0.49325)
 
 

rightHand(0.52640, 0.46349, 0.51457, 0.49325)
 
 

rightHand(-0.50000, -0.50000, -0.50000, 0.50000)
 
 

rightHand(-0.50000, -0.50000, -0.50000, 0.50000)
 
 

rightHand(-0.50000, -0.50000, -0.50000, 0.50000)
 
 

rightHand(-0.50000, -0.50000, -0.50000, 0.50000)
 
 

rightHand(-0.50000, -0.50000, -0.50000, 0.50000)
 
 

rightHand(-0.50000, -0.50000, -0.50000, 0.50000)
 
 

rightHand(-0.50000, -0.50000, -0.50000, 0.50000)
 
 

rightHand(-0.50000, -0.50000, -0.50000, 0.50000)
 
 

rightHand(0.52583, 0.46379, 0.51372, 0.49446)
 
 

rightHand(0.52583, 0.46379, 0.51372, 0.49446)
 
 

rightHand(0.52583, 0.46379, 0.51372, 0.49446)
 
 

rightHand(0.52583, 0.46379, 0.51372, 0.49446)
 
 

rightHand(-0.50000, -0.50000, -0.50000, 0.50000)
 
 

rightHand(-0.50000, -0.50000, -0.50000, 0.50000)
 
 

rightHand(-0.50000, -0.50000, -0.50000, 0.50000)
 
 

rightHand(-0.50000, -0.50000, -0.50000, 0.50000)
 
 

rightHand(-0.50000, -0.50000, -0.50000, 0.50000)
 
 

rightHand(-0.50000, -0.50000, -0.50000, 0.50000)
 
 

rightHand(-0.50000, -0.50000, -0.50000, 0.50000)
 
 

rightHand(-0.50000, -0.50000, -0.50000, 0.50000)
 
 

rightHand(-0.50000, -0.50000, -0.50000, 0.50000)
 
 

rightHand(-0.50000, -0.50000, -0.50000, 0.50000)
 
 

rightHand(-0.50000, -0.50000, -0.50000, 0.50000)
 
 

rightHand(-0.50000, -0.50000, -0.50000, 0.50000)
 
 

rightHand(0.52741, 0.45683, 0.51656, 0.49629)
 
 

rightHand(0.52741, 0.45683, 0.51656, 0.49629)
 
 

rightHand(0.52741, 0.45683, 0.51656, 0.49629)
rightHand(0.52741, 0.45683, 0.51656, 0.49629)
rightHand(0.52718, 0.45629, 0.51968, 0.49377)
rightHand(0.52718, 0.45629, 0.51968, 0.49377)
rightHand(0.52718, 0.45629, 0.51968, 0.49377)
rightHand(0.52718, 0.45629, 0.51968, 0.49377)
rightHand(0.52379, 0.46384, 0.51639, 0.49381)
rightHand(0.52379, 0.46384, 0.51639, 0.49381)
rightHand(0.52379, 0.46384, 0.51639, 0.49381)
rightHand(0.52379, 0.46384, 0.51639, 0.49381)
rightHand(0.52360, 0.46497, 0.51435, 0.49507)
rightHand(0.52360, 0.46497, 0.51435, 0.49507)
rightHand(0.52360, 0.46497, 0.51435, 0.49507)
rightHand(0.52360, 0.46497, 0.51435, 0.49507)
rightHand(0.52844, 0.45773, 0.51697, 0.49394)
rightHand(0.52844, 0.45773, 0.51697, 0.49394)
rightHand(0.52844, 0.45773, 0.51697, 0.49394)
rightHand(0.52844, 0.45773, 0.51697, 0.49394)