{"cameraMode":{"drawMode":0,"name":"Shaded","section":"Shading Mode"},"sceneLighting":true,"audioPlay":false,"sceneViewState":{"m_AlwaysRefresh":false,"showFog":true,"showSkybox":true,"showFlares":true,"showImageEffects":true,"showParticleSystems":true,"showVisualEffectGraphs":true,"m_FxEnabled":true},"in2DMode":false,"pivot":{"x":1.229468822479248,"y":1.7708711624145508,"z":2.4016332626342775},"rotation":{"x":0.010809700936079026,"y":0.002996253315359354,"z":-0.00004133059337618761,"w":0.9999439716339111},"size":1.253848910331726,"orthographic":false}