# Blender v3.0.0 OBJ File: 'aa.blend'
# www.blender.org
mtllib BananaTree_3.mtl
o BananaTree_3
v 0.108404 2.930338 -1.266139
v -0.168928 2.356041 -0.174931
v 0.294019 2.902495 -1.176056
v 0.134316 2.373006 -0.105245
v 0.046956 2.928670 -1.198288
v -0.122987 2.888172 -0.845845
v -0.186891 2.657429 -0.443774
v -0.204444 2.486799 -0.275104
v 0.197766 2.494780 -0.172970
v 0.341651 2.873005 -0.772806
v 0.343642 2.895078 -0.933293
v 0.331642 2.900790 -1.093303
v 0.191635 2.960707 -1.325091
v 0.182838 2.961362 -1.326462
v -0.067537 2.313819 -0.085572
v 0.007089 2.316679 -0.071057
v 0.166816 3.035680 -1.195163
v 0.199036 3.033085 -1.183394
v 0.126377 3.058153 -1.032726
v 0.173846 3.057397 -1.020913
v 0.088091 3.050351 -0.865665
v 0.143290 3.051524 -0.855534
v 0.050370 2.978756 -0.678274
v 0.106650 2.982503 -0.668210
v 0.012772 2.829386 -0.455242
v 0.062147 2.839252 -0.443744
v -0.034431 2.584301 -0.225023
v 0.013503 2.585930 -0.212870
v -0.064278 2.092718 0.022517
v -0.017433 2.093227 0.032279
v 0.269640 2.725852 -0.436094
v -0.173840 2.790743 -0.641927
v 0.304624 2.802598 -0.574234
v -0.053996 2.917564 -1.002214
v 0.113303 2.925323 -1.261733
v -0.157027 2.342238 -0.192237
v 0.288839 2.898375 -1.173786
v 0.132638 2.358559 -0.125960
v 0.054499 2.921172 -1.192647
v -0.107820 2.870043 -0.846010
v -0.179042 2.647521 -0.450945
v -0.192499 2.472937 -0.289596
v 0.194911 2.480515 -0.190821
v 0.330185 2.863426 -0.776395
v 0.332606 2.886468 -0.933321
v 0.322874 2.893954 -1.091338
v 0.195286 2.949844 -1.307507
v 0.177788 2.952935 -1.314881
v -0.060494 2.301625 -0.106664
v 0.010695 2.304036 -0.092865
v 0.171836 3.017778 -1.183259
v 0.186732 3.016252 -1.175005
v 0.132730 3.038747 -1.027001
v 0.163640 3.038445 -1.018259
v 0.100358 3.025156 -0.866285
v 0.135015 3.029975 -0.858482
v 0.058128 2.961408 -0.684595
v 0.099777 2.959932 -0.679019
v 0.021633 2.812129 -0.466764
v 0.060888 2.821914 -0.456009
v -0.024618 2.566847 -0.243515
v 0.013701 2.568233 -0.233573
v -0.055904 2.099207 -0.011822
v -0.009852 2.099926 -0.002275
v 0.262749 2.718941 -0.442612
v -0.169771 2.784951 -0.644631
v 0.286148 2.793529 -0.588373
v -0.047278 2.909188 -0.998906
v 1.107385 3.167363 -0.124255
v 0.027752 2.377386 -0.107850
v 1.082245 3.142964 0.071248
v 0.050783 2.426343 0.197993
v 1.026017 3.150564 -0.170827
v 0.676257 3.058701 -0.219150
v 0.246525 2.727901 -0.180831
v 0.094199 2.513371 -0.157690
v 0.121278 2.571259 0.247296
v 0.704302 3.065765 0.234061
v 0.859689 3.110220 0.190405
v 1.005253 3.133740 0.134617
v 1.189183 3.208931 -0.064345
v 1.187169 3.209476 -0.072954
v -0.024063 2.330639 0.007955
v -0.014665 2.343165 0.084243
v 1.043695 3.263681 -0.040874
v 1.042241 3.262616 -0.008131
v 0.868922 3.262812 -0.030388
v 0.872219 3.263638 0.018973
v 0.695089 3.224867 -0.014692
v 0.701611 3.231075 0.039704
v 0.511045 3.118897 0.000918
v 0.516165 3.130466 0.055082
v 0.295319 2.933794 0.015982
v 0.300432 2.945637 0.068854
v 0.088334 2.636991 0.021409
v 0.091899 2.643177 0.070082
v -0.045268 2.091203 0.006005
v -0.040117 2.096297 0.051513
v 0.326605 2.828111 0.256455
v 0.434298 2.905341 -0.217429
v 0.508073 2.961142 0.255395
v 0.812514 3.111304 -0.203131
v 1.108929 3.156149 -0.120222
v 0.049069 2.365588 -0.104281
v 1.077375 3.137463 0.065139
v 0.075370 2.414929 0.188619
v 1.020732 3.090007 -0.160254
v 0.681157 3.045153 -0.207744
v 0.262376 2.716433 -0.172750
v 0.102192 2.509522 -0.155693
v 0.136696 2.560727 0.238931
v 0.705227 3.057189 0.225746
v 0.857703 3.100926 0.180950
v 1.000791 3.124988 0.125653
v 1.180034 3.201732 -0.060738
v 1.174656 3.200978 -0.078127
v 0.021338 2.309944 -0.003080
v 0.034022 2.319046 0.065337
v 1.035604 3.239977 -0.027388
v 1.033014 3.243849 -0.018564
v 0.868422 3.245016 -0.027093
v 0.869034 3.244095 0.007807
v 0.699989 3.206482 -0.009136
v 0.704958 3.210462 0.029488
v 0.523219 3.101898 0.006495
v 0.526028 3.111633 0.046240
v 0.313028 2.918776 0.020773
v 0.315095 2.928939 0.061369
v 0.109480 2.625420 0.023473
v 0.115210 2.629611 0.063004
v -0.011850 2.073722 -0.001299
v 0.000223 2.078302 0.035816
v 0.333990 2.820364 0.249192
v 0.446692 2.891746 -0.207727
v 0.511606 2.953145 0.248093
v 0.813409 3.092908 -0.192464
v -0.951703 2.514928 -1.231864
v -0.194021 2.073653 -0.017454
v -0.754649 2.476636 -1.315832
v 0.062024 2.036223 -0.223803
v -0.928586 2.517340 -1.109687
v -0.722599 2.451327 -0.652939
v -0.427567 2.266040 -0.208368
v -0.281713 2.160093 -0.052505
v 0.029132 2.133029 -0.381970
v -0.345181 2.388982 -0.968974
v -0.516135 2.442272 -1.147067
v -0.651987 2.466361 -1.269447
v -0.950450 2.525753 -1.359618
v -0.957914 2.527011 -1.351649
v -0.080154 2.035572 -0.051982
v -0.018623 2.024748 -0.106720
v -0.826237 2.568889 -1.197815
v -0.796454 2.563946 -1.215522
v -0.695074 2.561861 -0.998425
v -0.653362 2.555354 -1.030559
v -0.560134 2.523998 -0.804776
v -0.514727 2.521152 -0.843460
v -0.418728 2.447857 -0.599313
v -0.373254 2.443099 -0.639282
v -0.257051 2.337173 -0.371058
v -0.209868 2.337398 -0.402392
v -0.111811 2.188872 -0.144826
v -0.072864 2.182732 -0.178605
v -0.064021 1.868706 0.012427
v -0.038331 1.862814 -0.010131
v -0.037591 2.215104 -0.507628
v -0.563452 2.361421 -0.392247
v -0.200792 2.307334 -0.756704
v -0.816633 2.492446 -0.838660
v -0.944201 2.510936 -1.232745
v -0.204905 2.059468 -0.047413
v -0.757826 2.472437 -1.303672
v 0.055541 2.032785 -0.230019
v -0.916861 2.509136 -1.111950
v -0.719343 2.445784 -0.658965
v -0.428843 2.260129 -0.217874
v -0.290331 2.146737 -0.079910
v 0.016071 2.125707 -0.389387
v -0.361199 2.381027 -0.962424
v -0.524751 2.435071 -1.137983
v -0.661047 2.459668 -1.250950
v -0.937056 2.519546 -1.347872
v -0.950994 2.522565 -1.340151
v -0.097268 2.023980 -0.078476
v -0.030416 2.017674 -0.121068
v -0.815871 2.555628 -1.194329
v -0.800749 2.552069 -1.198005
v -0.687952 2.546696 -1.002600
v -0.660586 2.544095 -1.022087
v -0.558679 2.511705 -0.814999
v -0.527515 2.508386 -0.842141
v -0.422229 2.433191 -0.618692
v -0.387486 2.431849 -0.646213
v -0.264738 2.325001 -0.392739
v -0.229413 2.323597 -0.416559
v -0.125443 2.171923 -0.173140
v -0.090856 2.170089 -0.198629
v -0.078264 1.860518 -0.009070
v -0.051166 1.856850 -0.027312
v -0.056839 2.206964 -0.518336
v -0.563772 2.351490 -0.412613
v -0.209063 2.302274 -0.758221
v -0.804384 2.481597 -0.848119
v -0.458006 3.178171 1.402160
v 0.061225 2.417345 0.231624
v -0.600577 3.159956 1.257978
v -0.195282 2.415688 0.076103
v -0.368111 3.168992 1.297171
v -0.134160 3.076500 0.941586
v 0.020947 2.760018 0.503368
v 0.075636 2.561040 0.333695
v -0.264044 2.544269 0.116231
v -0.532650 3.055211 0.756742
v -0.582667 3.119291 0.946773
v -0.615320 3.152535 1.148260
v -0.537924 3.191684 1.441995
v -0.527442 3.192921 1.446092
v -0.010102 2.360677 0.135329
v -0.074555 2.360200 0.099458
v -0.487913 3.253108 1.274391
v -0.511844 3.253114 1.254704
v -0.402337 3.254325 1.079873
v -0.445045 3.251497 1.053359
v -0.326281 3.206223 0.881377
v -0.372150 3.205782 0.857413
v -0.244439 3.096317 0.672582
v -0.293672 3.099110 0.644749
v -0.157403 2.902285 0.436335
v -0.198605 2.906852 0.409554
v -0.064478 2.621488 0.213428
v -0.104509 2.622323 0.189038
v -0.020973 2.089176 0.026334
v -0.048313 2.088671 0.011041
v -0.369373 2.793369 0.346899
v -0.038614 2.934350 0.718767
v -0.456510 2.937164 0.528733
v -0.241298 3.145945 1.128501
v -0.462558 3.175364 1.394196
v 0.045351 2.414364 0.252213
v -0.590627 3.154738 1.255744
v -0.199567 2.412529 0.103945
v -0.371894 3.164119 1.292778
v -0.148605 3.064871 0.941915
v 0.005013 2.752696 0.517617
v 0.059161 2.556606 0.352202
v -0.267348 2.539647 0.142473
v -0.526543 3.047861 0.764564
v -0.568455 3.109211 0.952999
v -0.603892 3.145543 1.149212
v -0.541688 3.187196 1.412973
v -0.526320 3.188738 1.431057
v -0.021547 2.360246 0.161212
v -0.083454 2.359183 0.127012
v -0.489610 3.241171 1.264295
v -0.499919 3.241314 1.251413
v -0.408904 3.237536 1.075077
v -0.434287 3.234835 1.058113
v -0.334927 3.192026 0.884480
v -0.367214 3.192290 0.866693
v -0.255899 3.084062 0.682784
v -0.291290 3.084929 0.663549
v -0.169891 2.893985 0.452597
v -0.200517 2.897790 0.429461
v -0.077622 2.615784 0.235149
v -0.110380 2.616405 0.215441
v -0.028295 2.090165 0.044538
v -0.054500 2.089370 0.029759
v -0.367459 2.789434 0.356540
v -0.053708 2.924510 0.728321
v -0.449442 2.928857 0.545243
v -0.252751 3.134368 1.121958
v -1.269313 2.798159 0.434130
v -0.088083 2.228358 0.193122
v -1.281197 2.762300 0.255184
v -0.186607 2.193717 -0.064181
v -1.162921 2.783508 0.451972
v -0.701485 2.665707 0.424924
v -0.292308 2.446217 0.307417
v -0.141489 2.324821 0.255966
v -0.259372 2.270930 -0.091801
v -0.880416 2.628253 0.047131
v -1.046883 2.691178 0.112619
v -1.213013 2.741210 0.190135
v -1.370484 2.823612 0.395536
v -1.366019 2.824337 0.403438
v -0.079522 2.183627 0.090818
v -0.105146 2.174102 0.026584
v -1.198073 2.834897 0.350437
v -1.203397 2.831281 0.321186
v -0.996062 2.802410 0.308254
v -1.009667 2.798366 0.266848
v -0.798386 2.750761 0.262743
v -0.817376 2.746144 0.216352
v -0.596465 2.656989 0.211823
v -0.614351 2.653863 0.164972
v -0.371912 2.525246 0.150772
v -0.383788 2.523569 0.107338
v -0.159002 2.349000 0.099012
v -0.173759 2.344818 0.056947
v -0.036926 2.004804 0.017166
v -0.047878 2.001341 -0.010201
v -0.479482 2.434988 -0.052120
v -0.468094 2.549801 0.369398
v -0.670488 2.530547 -0.010184
v -0.913197 2.728571 0.440382
v -1.267916 2.793828 0.427304
v -0.102247 2.224730 0.192725
v -1.274015 2.758501 0.260227
v -0.199491 2.190943 -0.057671
v -1.162388 2.774452 0.437675
v -0.712656 2.658044 0.415369
v -0.304181 2.441885 0.305089
v -0.156641 2.320551 0.254404
v -0.272531 2.268629 -0.085141
v -0.880707 2.623692 0.055439
v -1.042560 2.684825 0.122714
v -1.201455 2.734485 0.201490
v -1.346858 2.810624 0.365779
v -1.357111 2.821162 0.401071
v -0.105834 2.179266 0.095510
v -0.130738 2.170252 0.033856
v -1.192584 2.822884 0.341964
v -1.199900 2.824522 0.324386
v -0.997992 2.791059 0.302340
v -1.005815 2.789231 0.274401
v -0.809231 2.737834 0.257110
v -0.821419 2.736532 0.224911
v -0.612657 2.648645 0.208697
v -0.625787 2.646719 0.173552
v -0.393779 2.517608 0.149961
v -0.401376 2.516155 0.116403
v -0.185582 2.340947 0.101088
v -0.198086 2.337450 0.066677
v -0.055278 2.002794 0.021022
v -0.065879 1.999162 -0.005275
v -0.490718 2.431653 -0.041331
v -0.478125 2.545539 0.366573
v -0.674020 2.526894 -0.002585
v -0.915934 2.722448 0.433617
v 1.054166 2.973692 0.823408
v 0.134825 2.105365 -0.035171
v 0.875179 2.941236 0.916943
v -0.086799 2.133786 0.164985
v 1.010076 2.953917 0.732736
v 0.709015 2.783724 0.384402
v 0.358472 2.431967 0.101436
v 0.229106 2.236021 -0.007029
v -0.077073 2.259466 0.250187
v 0.410598 2.789692 0.709303
v 0.582295 2.865412 0.808354
v 0.765721 2.920038 0.896728
v 1.071659 3.009569 0.924118
v 1.077515 3.009909 0.917251
v 0.023438 2.064640 -0.002085
v -0.028571 2.071018 0.049322
v 0.914803 3.035760 0.820936
v 0.887796 3.033203 0.838601
v 0.748484 3.002131 0.686747
v 0.712546 3.000300 0.718041
v 0.582806 2.928896 0.556596
v 0.545726 2.931970 0.593560
v 0.414420 2.796310 0.415964
v 0.375323 2.801097 0.454010
v 0.228349 2.589066 0.257988
v 0.188353 2.598838 0.289823
v 0.065103 2.309601 0.094328
v 0.030972 2.315129 0.125034
v -0.072025 1.834418 -0.067798
v -0.093909 1.836224 -0.046316
v 0.075773 2.502859 0.420223
v 0.538988 2.622587 0.229832
v 0.228169 2.654380 0.564686
v 0.853891 2.883909 0.540533
v 1.044994 2.966888 0.825363
v 0.144324 2.102694 -0.021753
v 0.876111 2.936250 0.908956
v -0.060669 2.128887 0.176514
v 1.000158 2.945695 0.736551
v 0.706485 2.773350 0.396407
v 0.368328 2.426610 0.119054
v 0.242076 2.232980 0.012116
v -0.052191 2.253745 0.259610
v 0.421856 2.780860 0.704885
v 0.593421 2.853748 0.796354
v 0.769606 2.912957 0.888707
v 1.063205 3.002827 0.918668
v 1.072321 3.004359 0.912248
v 0.045185 2.063340 0.015414
v -0.004348 2.068378 0.065607
v 0.904973 3.020576 0.818314
v 0.889401 3.018908 0.825694
v 0.744334 2.985830 0.689604
v 0.721830 2.982409 0.708019
v 0.584823 2.914158 0.565282
v 0.557936 2.917235 0.590402
v 0.422215 2.785704 0.428038
v 0.395231 2.787035 0.456308
v 0.241740 2.580919 0.274454
v 0.208004 2.590072 0.296966
v 0.083487 2.303332 0.113615
v 0.056016 2.307892 0.138177
v -0.056627 1.833386 -0.055515
v -0.077573 1.835055 -0.034745
v 0.086863 2.498294 0.421314
v 0.543227 2.616365 0.241038
v 0.247371 2.644958 0.561874
v 0.846911 2.872262 0.547783
v 0.009052 2.250725 0.008753
v 0.014818 2.258076 0.047062
v -0.008151 2.265277 0.079380
v -0.048649 2.281010 0.085061
v -0.080541 2.290675 0.060966
v -0.089331 2.237806 0.014091
v -0.057963 2.246016 -0.013380
v -0.021909 2.256655 -0.011793
v -0.172359 0.000000 0.087205
v -0.010359 0.000000 0.175554
v -0.206532 -0.000000 -0.075207
v -0.141713 -0.000000 -0.220081
v 0.027870 -0.000000 -0.275306
v 0.193503 -0.000000 -0.191934
v 0.256589 -0.000000 -0.030575
v 0.175182 0.000000 0.134077
v -0.006753 1.599339 -0.014450
v 0.007196 1.396375 0.006160
v 0.065571 1.098199 0.083976
v 0.066925 0.858693 0.102363
v 0.034236 0.611813 0.069494
v 0.038378 0.472075 0.098498
v 0.066778 0.246715 0.127645
v 0.164068 0.230395 0.068594
v 0.097194 0.446830 0.036586
v 0.059748 0.546024 0.009351
v 0.088139 0.782363 0.013768
v 0.069911 1.034711 -0.011267
v -0.006322 1.367633 -0.063423
v -0.025366 1.579870 -0.084846
v -0.077265 1.550571 -0.117674
v -0.054060 1.337518 -0.104255
v 0.016395 0.975748 -0.091181
v 0.042796 0.709853 -0.078554
v 0.035423 0.495416 -0.063740
v 0.094082 0.415101 -0.050996
v 0.200981 0.204128 -0.030558
v 0.137305 0.188993 -0.130125
v 0.034525 0.400454 -0.112060
v -0.031525 0.496168 -0.101412
v -0.046284 0.701503 -0.118374
v -0.064354 0.959098 -0.109684
v -0.106454 1.320435 -0.094333
v -0.126176 1.526696 -0.100384
v -0.151435 1.523664 -0.042136
v -0.138993 1.325702 -0.037342
v -0.124360 0.984041 -0.060585
v -0.125993 0.747577 -0.081621
v -0.099033 0.541341 -0.080998
v -0.041320 0.412342 -0.116965
v 0.000167 0.199594 -0.169050
v -0.103944 0.223498 -0.109165
v -0.098343 0.438080 -0.059211
v -0.129939 0.595827 -0.014404
v -0.147128 0.807158 0.002943
v -0.136390 1.031473 0.030629
v -0.120153 1.352852 0.033461
v -0.132417 1.543418 0.025593
v -0.083139 1.574383 0.060419
v -0.070268 1.386965 0.073741
v -0.078839 1.082315 0.102623
v -0.101628 0.856134 0.089584
v -0.097419 0.634654 0.055212
v -0.095796 0.464287 0.029143
v -0.119209 0.240719 0.011055
v -0.048088 0.250710 0.109886
v -0.039792 0.477880 0.092324
v -0.030793 0.642510 0.087657
v -0.015630 0.881853 0.138521
v -0.001903 1.113645 0.127361
v -0.020195 1.404942 0.059888
v -0.031794 1.597875 0.045068
v -0.184679 1.841866 0.155524
v -0.152193 2.033116 0.071062
v -0.172169 1.838260 0.150680
v -0.134632 2.028055 0.064262
v -0.178195 1.849543 0.169863
v -0.143091 2.043893 0.091189
v -0.165685 1.845938 0.165018
v -0.125530 2.038832 0.084389
v -0.164682 1.887072 0.122093
v -0.154070 1.957789 0.093040
v -0.131025 1.951146 0.084115
v -0.141636 1.880429 0.113169
v -0.119080 1.965290 0.110530
v -0.129692 1.894573 0.139583
v -0.142126 1.971932 0.119454
v -0.152737 1.901215 0.148507
v -0.148174 2.034002 0.073145
v -0.135832 2.030389 0.068114
v -0.129585 2.037987 0.082508
v -0.141850 2.041524 0.087146
v -0.143678 2.063468 0.061431
v -0.137992 2.070985 0.075068
v -0.146294 2.072778 0.078297
v -0.211813 1.833077 0.114471
v -0.171167 2.031934 0.047241
v -0.200233 1.829003 0.107817
v -0.154908 2.026232 0.037896
v -0.203147 1.835989 0.127463
v -0.159002 2.036022 0.065479
v -0.191567 1.831916 0.120810
v -0.142748 2.030288 0.056144
v -0.191407 1.881587 0.084251
v -0.177536 1.954788 0.061621
v -0.156203 1.947284 0.049364
v -0.170073 1.874083 0.071994
v -0.140238 1.952649 0.073298
v -0.154109 1.879448 0.095928
v -0.161572 1.960152 0.085556
v -0.175442 1.886952 0.108186
v -0.166864 2.031715 0.048674
v -0.155164 2.027686 0.041658
v -0.147373 2.030526 0.055100
v -0.158425 2.034548 0.061329
v -0.159934 2.061568 0.038858
v -0.153174 2.065324 0.052015
v -0.160931 2.067258 0.056402
v -0.231788 1.865307 0.172443
v -0.170209 2.041546 0.079561
v -0.220231 1.857623 0.169440
v -0.153986 2.030759 0.075345
v -0.226274 1.871836 0.184637
v -0.162468 2.050711 0.096678
v -0.214717 1.864152 0.181634
v -0.146245 2.039924 0.092462
v -0.204570 1.902439 0.139506
v -0.183303 1.968158 0.106978
v -0.162013 1.954002 0.101445
v -0.183280 1.888283 0.133973
v -0.151854 1.966030 0.123909
v -0.173121 1.900312 0.156437
v -0.173145 1.980186 0.129442
v -0.194411 1.914468 0.161970
v -0.166627 2.041353 0.081586
v -0.155298 2.033692 0.078422
v -0.149794 2.040178 0.090580
v -0.161194 2.047713 0.093446
v -0.160334 2.070681 0.067936
v -0.152209 2.065773 0.065216
v -0.154523 2.077323 0.080539
v -0.169716 2.063241 0.041553
v -0.176182 2.064217 0.022205
v -0.180461 2.067513 0.027176
v -0.181324 2.032699 0.047580
v -0.172444 2.025954 0.039166
v -0.183168 2.030368 0.025680
v -0.191542 2.036931 0.034206
v -0.226416 1.887585 0.081130
v -0.198844 1.957116 0.064649
v -0.209984 1.875098 0.065644
v -0.182413 1.944629 0.049163
v -0.229729 1.883292 0.040764
v -0.202157 1.952823 0.024282
v -0.218589 1.965309 0.039769
v -0.246161 1.895778 0.056250
v -0.168342 2.023609 0.040231
v -0.253126 1.838883 0.089279
v -0.180863 2.033124 0.052031
v -0.262046 1.845661 0.097685
v -0.183388 2.029853 0.021272
v -0.263844 1.843330 0.075773
v -0.195909 2.039368 0.033073
v -0.254668 1.858173 0.139124
v -0.187388 2.040525 0.058508
v -0.244208 1.849887 0.133979
v -0.172705 2.028893 0.051286
v -0.247298 1.860649 0.150173
v -0.177042 2.044002 0.074018
v -0.236838 1.852363 0.145029
v -0.162360 2.032370 0.066797
v -0.227770 1.897797 0.107617
v -0.204141 1.965526 0.079763
v -0.184873 1.950262 0.070286
v -0.208502 1.882532 0.098139
v -0.171296 1.954824 0.090640
v -0.194925 1.887095 0.118494
v -0.190564 1.970089 0.100118
v -0.214193 1.902360 0.127971
v -0.183706 2.039395 0.059899
v -0.173416 2.031121 0.054574
v -0.166063 2.033589 0.065597
v -0.176317 2.041681 0.070529
v -0.174026 2.068921 0.047429
v -0.168838 2.064601 0.044549
v -0.166001 2.071207 0.058755
v -0.272764 1.850109 0.084179
v -0.164669 2.059443 0.036705
v -0.159946 2.058859 0.031849
v -0.171424 2.063641 0.016195
v -0.165074 2.027467 0.034271
v -0.158762 2.025874 0.027581
v -0.171028 2.031073 0.011570
v -0.177348 2.032584 0.018757
v -0.191567 1.876445 0.052965
v -0.172510 1.950083 0.044261
v -0.172567 1.871843 0.036092
v -0.153511 1.945481 0.027387
v -0.195784 1.881477 0.006836
v -0.176727 1.955115 -0.001868
v -0.195727 1.959717 0.015005
v -0.214783 1.886079 0.023709
v -0.150112 2.023388 0.026653
v -0.212980 1.824221 0.054455
v -0.164589 2.026896 0.039511
v -0.223294 1.826719 0.063615
v -0.167803 2.030730 0.004361
v -0.225583 1.829451 0.038574
v -0.182280 2.034236 0.017218
v -0.235897 1.831949 0.047734
v -0.164953 2.070328 0.012234
v -0.169050 2.048767 0.018906
v -0.181912 2.078221 0.027792
v -0.186032 2.056417 0.034525
v -0.181974 2.067574 -0.004060
v -0.185946 2.046490 0.002536
v -0.198903 2.075623 0.011412
v -0.203081 2.053317 0.018188
v -0.157143 2.088345 0.070694
v -0.140161 2.080654 0.055075
v -0.144267 2.058978 0.061776
v -0.161261 2.066658 0.077404
v -0.143627 2.093914 0.095240
v -0.127488 2.086861 0.078780
v -0.131321 2.065309 0.085980
v -0.147550 2.072354 0.102398
v -0.225845 2.050445 -0.028679
v -0.223781 2.062638 -0.032370
v -0.195890 2.059903 -0.021257
v -0.198243 2.046432 -0.016965
v -0.158665 1.644650 -0.144895
v -0.042166 1.794957 -0.127829
v -0.162770 1.644894 -0.129683
v -0.047928 1.795300 -0.106474
v -0.172210 1.659892 -0.151186
v -0.061180 1.816353 -0.136660
v -0.176315 1.660136 -0.135974
v -0.066941 1.816695 -0.115305
v -0.126521 1.680140 -0.121478
v -0.084525 1.735977 -0.117789
v -0.092086 1.736426 -0.089765
v -0.134082 1.680589 -0.093453
v -0.117038 1.764504 -0.101354
v -0.159034 1.708667 -0.105042
v -0.109477 1.764055 -0.129378
v -0.151473 1.708218 -0.133067
v -0.045962 1.798278 -0.125994
v -0.049782 1.798402 -0.110824
v -0.063311 1.813447 -0.117298
v -0.059159 1.813178 -0.132153
v -0.028882 1.821692 -0.124623
v -0.041340 1.836258 -0.131146
v -0.038861 1.835530 -0.141022
v -0.110727 1.609050 -0.138842
v -0.011251 1.776383 -0.128463
v -0.112896 1.607768 -0.123104
v -0.014264 1.774627 -0.106365
v -0.125900 1.620466 -0.140735
v -0.032542 1.792420 -0.131118
v -0.128069 1.619184 -0.124997
v -0.035602 1.790600 -0.109029
v -0.080509 1.648913 -0.118282
v -0.045093 1.710882 -0.116776
v -0.049089 1.708520 -0.087784
v -0.084505 1.646551 -0.089290
v -0.077041 1.729551 -0.091270
v -0.112457 1.667582 -0.092776
v -0.073045 1.731913 -0.120262
v -0.108461 1.669944 -0.121768
v -0.014965 1.778595 -0.125574
v -0.016866 1.777343 -0.109635
v -0.032059 1.788339 -0.112386
v -0.029775 1.789729 -0.127430
v -0.000898 1.804023 -0.123398
v -0.014599 1.815765 -0.127513
v -0.013469 1.815734 -0.137651
v -0.138862 1.651962 -0.204715
v -0.036515 1.798079 -0.151834
v -0.145338 1.648904 -0.190117
v -0.045605 1.793788 -0.131343
v -0.150381 1.664924 -0.210065
v -0.052685 1.816275 -0.159344
v -0.156857 1.661866 -0.195467
v -0.061775 1.811983 -0.138853
v -0.113871 1.683573 -0.172584
v -0.076559 1.738164 -0.155697
v -0.088487 1.732532 -0.128806
v -0.125799 1.677940 -0.145693
v -0.109708 1.756411 -0.138662
v -0.147020 1.701819 -0.155549
v -0.097779 1.762043 -0.165553
v -0.135091 1.707451 -0.182440
v -0.040364 1.800232 -0.149970
v -0.046553 1.797046 -0.135482
v -0.058068 1.809955 -0.140801
v -0.051596 1.812892 -0.155119
v -0.022627 1.823587 -0.145773
v -0.026504 1.821625 -0.135282
v -0.034645 1.836915 -0.151164
v 0.003018 1.802610 -0.134279
v 0.023657 1.793021 -0.127710
v 0.022907 1.796104 -0.135773
v -0.005517 1.772834 -0.137745
v -0.005476 1.767348 -0.122295
v 0.013691 1.761386 -0.124392
v 0.013151 1.766971 -0.139372
v -0.055980 1.638023 -0.148663
v -0.034840 1.705023 -0.137999
v -0.056028 1.627868 -0.120119
v -0.034888 1.694868 -0.109455
v -0.020706 1.616878 -0.123955
v 0.000435 1.683878 -0.113291
v 0.000483 1.694033 -0.141836
v -0.020658 1.627032 -0.152499
v -0.009511 1.767452 -0.118620
v -0.063658 1.586588 -0.160347
v -0.009474 1.775190 -0.140371
v -0.063632 1.592101 -0.175842
v 0.017404 1.759078 -0.121543
v -0.044484 1.580622 -0.162430
v 0.017441 1.766816 -0.143294
v -0.099468 1.622701 -0.200544
v -0.008944 1.781519 -0.152756
v -0.103671 1.617796 -0.185306
v -0.014843 1.774634 -0.131366
v -0.112373 1.632410 -0.202153
v -0.027058 1.795148 -0.155015
v -0.116575 1.627505 -0.186916
v -0.032957 1.788263 -0.133625
v -0.074717 1.656950 -0.170473
v -0.042122 1.716179 -0.155253
v -0.049863 1.707143 -0.127182
v -0.082458 1.647913 -0.142402
v -0.073635 1.725028 -0.130146
v -0.106230 1.665799 -0.145366
v -0.065894 1.734065 -0.158217
v -0.098489 1.674835 -0.173438
v -0.012606 1.782621 -0.150074
v -0.016539 1.777611 -0.134877
v -0.029439 1.787292 -0.136477
v -0.025217 1.792039 -0.151331
v 0.002252 1.808102 -0.143770
v 0.000373 1.805319 -0.135925
v -0.011336 1.817967 -0.144925
v -0.044458 1.586135 -0.177924
v 0.003088 1.799423 -0.125468
v 0.004443 1.799097 -0.118077
v 0.025910 1.792063 -0.119451
v -0.004980 1.769927 -0.113259
v -0.003331 1.768541 -0.102887
v 0.019169 1.761674 -0.105002
v 0.017021 1.763070 -0.115620
v -0.055127 1.631945 -0.096422
v -0.034516 1.702012 -0.099578
v -0.052876 1.629339 -0.067464
v -0.032265 1.699406 -0.070620
v -0.011342 1.616416 -0.071975
v 0.009269 1.686483 -0.075131
v 0.007018 1.689090 -0.104088
v -0.013593 1.619022 -0.100932
v -0.008248 1.769678 -0.093966
v -0.061221 1.577027 -0.098001
v -0.009955 1.771690 -0.116031
v -0.062443 1.578442 -0.113720
v 0.023412 1.759867 -0.097403
v -0.038675 1.570012 -0.100449
v 0.021694 1.761844 -0.119468
v -0.039897 1.571427 -0.116168
v 0.026692 1.802283 -0.113747
v 0.017313 1.781017 -0.113699
v 0.026993 1.805526 -0.141131
v 0.016186 1.786841 -0.141193
v 0.050735 1.783049 -0.117122
v 0.040155 1.764944 -0.117054
v 0.049584 1.786823 -0.145659
v 0.038998 1.770767 -0.144991
v -0.021449 1.839878 -0.151618
v -0.020556 1.834856 -0.125236
v -0.030174 1.817536 -0.124520
v -0.031556 1.823362 -0.151394
v -0.047933 1.860942 -0.158311
v -0.046226 1.856557 -0.130418
v -0.056432 1.838427 -0.129535
v -0.058343 1.843603 -0.157268
v 0.058120 1.748090 -0.113250
v 0.065395 1.757650 -0.113627
v 0.060425 1.766179 -0.105340
v 0.051523 1.753544 -0.105149
v 0.018093 1.474973 0.013952
v 0.010650 1.648333 0.048809
v 0.005888 1.474271 0.011674
v -0.006483 1.647348 0.045611
v 0.022903 1.481858 -0.000821
v 0.017402 1.657998 0.028072
v 0.010698 1.481156 -0.003099
v 0.000269 1.657012 0.024874
v 0.001089 1.518757 0.026358
v 0.000388 1.582505 0.038278
v -0.022096 1.581212 0.034082
v -0.021395 1.517464 0.022162
v -0.013235 1.593896 0.006868
v -0.012534 1.530147 -0.005052
v 0.009249 1.595189 0.011065
v 0.009950 1.531441 -0.000855
v 0.009105 1.649624 0.045248
v -0.003009 1.648979 0.042978
v 0.001942 1.655713 0.028242
v 0.013803 1.656374 0.030882
v 0.012677 1.676132 0.049957
v 0.017694 1.682859 0.036214
v 0.021907 1.682834 0.037374
v 0.014236 1.465076 0.059586
v 0.011835 1.645389 0.076621
v 0.001651 1.463914 0.059192
v -0.005834 1.643778 0.076072
v 0.015441 1.468333 0.045096
v 0.013526 1.649962 0.056280
v 0.002856 1.467171 0.044701
v -0.004139 1.648313 0.055722
v -0.000491 1.511579 0.069092
v 0.000432 1.577656 0.074285
v -0.022753 1.575516 0.073559
v -0.023675 1.509440 0.068366
v -0.020534 1.581516 0.046864
v -0.021456 1.515440 0.041671
v 0.002651 1.583656 0.047590
v 0.001728 1.517579 0.042397
v 0.009458 1.645843 0.073390
v -0.003338 1.644826 0.073213
v -0.001376 1.647744 0.058815
v 0.010643 1.649028 0.059277
v 0.008618 1.672949 0.075315
v 0.011571 1.676782 0.061603
v 0.019692 1.676798 0.061971
v 0.066335 1.486110 0.022841
v 0.029938 1.652027 0.050692
v 0.054490 1.481665 0.019919
v 0.013312 1.645787 0.046590
v 0.070426 1.491966 0.010278
v 0.035681 1.660246 0.033056
v 0.058581 1.487520 0.007356
v 0.019054 1.654006 0.028955
v 0.042124 1.524196 0.031839
v 0.030775 1.585665 0.041456
v 0.008955 1.577476 0.036074
v 0.020303 1.516007 0.026456
v 0.016490 1.588263 0.012930
v 0.027839 1.526794 0.003312
v 0.038311 1.596452 0.018313
v 0.049660 1.534983 0.008695
v 0.028368 1.652344 0.047376
v 0.016624 1.647917 0.044669
v 0.020689 1.653725 0.032122
v 0.032305 1.658080 0.035125
v 0.025983 1.679229 0.052577
v 0.017509 1.676552 0.050876
v 0.030092 1.685174 0.039539
v 0.017331 1.672723 0.078019
v 0.012610 1.673450 0.096008
v 0.019048 1.675279 0.094107
v 0.019327 1.644284 0.081380
v 0.006977 1.640499 0.083887
v 0.009157 1.643196 0.099273
v 0.021115 1.646909 0.096395
v 0.024235 1.510943 0.088538
v 0.017514 1.575875 0.082440
v 0.001407 1.503892 0.093090
v -0.005314 1.568823 0.086991
v 0.005397 1.508882 0.121430
v -0.001325 1.573813 0.115332
v 0.021504 1.580865 0.110780
v 0.028225 1.515933 0.116879
v 0.003932 1.639135 0.081176
v 0.032443 1.464393 0.099106
v 0.021327 1.644508 0.077708
v 0.044835 1.468221 0.096636
v 0.006972 1.642937 0.102771
v 0.034609 1.467102 0.114490
v 0.024367 1.648310 0.099303
v 0.063803 1.477932 0.060306
v 0.031279 1.649377 0.075475
v 0.051492 1.472902 0.059616
v 0.013998 1.642316 0.074506
v 0.064828 1.480702 0.047983
v 0.032717 1.653265 0.058176
v 0.052517 1.475672 0.047293
v 0.015436 1.646204 0.057207
v 0.041261 1.518015 0.068191
v 0.031161 1.581351 0.072904
v 0.008482 1.572084 0.071632
v 0.018583 1.508749 0.066919
v 0.010369 1.577187 0.048930
v 0.020470 1.513852 0.044217
v 0.033048 1.586453 0.050201
v 0.043149 1.523118 0.045488
v 0.029050 1.648937 0.072657
v 0.016784 1.643932 0.072188
v 0.017796 1.646678 0.059886
v 0.029801 1.651610 0.060647
v 0.024930 1.676524 0.075257
v 0.018593 1.673827 0.075191
v 0.025570 1.679155 0.062429
v 0.047001 1.470930 0.112020
v 0.010295 1.670548 0.079552
v 0.005922 1.671335 0.080732
v 0.006499 1.673834 0.098284
v -0.000153 1.643278 0.083784
v -0.008113 1.643278 0.086005
v -0.006269 1.646697 0.103952
v 0.002309 1.646416 0.101468
v -0.017315 1.508839 0.093512
v -0.013031 1.575420 0.085414
v -0.040277 1.509030 0.097282
v -0.035994 1.575610 0.089183
v -0.035586 1.514897 0.130606
v -0.031302 1.581478 0.122507
v -0.008340 1.581287 0.118737
v -0.012624 1.514707 0.126836
v -0.015567 1.642716 0.082499
v -0.017136 1.460535 0.106788
v 0.001930 1.642614 0.079619
v -0.004671 1.460431 0.104742
v -0.011992 1.647250 0.107881
v -0.014590 1.463720 0.124878
v 0.005505 1.647086 0.105012
v -0.002125 1.463616 0.122831
v 0.004423 1.675620 0.097650
v 0.005811 1.656489 0.096076
v 0.027425 1.676270 0.093407
v 0.027523 1.661332 0.092029
v 0.007705 1.672718 0.118840
v 0.009109 1.652465 0.117266
v 0.029571 1.676104 0.114725
v 0.030448 1.657280 0.113279
v 0.033296 1.689291 0.047895
v 0.009517 1.689610 0.052300
v 0.011534 1.667632 0.050086
v 0.033430 1.672481 0.046151
v 0.045865 1.704186 -0.010458
v 0.024027 1.701525 -0.006162
v 0.025694 1.680919 -0.007528
v 0.046907 1.685740 -0.011636
v 0.028685 1.657040 0.131568
v 0.027955 1.668491 0.132446
v 0.015176 1.665810 0.134889
v 0.015979 1.654186 0.133943
v 0.083148 1.731612 -0.039916
v 0.064064 1.724553 -0.035406
v 0.066578 1.706793 -0.036695
v 0.084756 1.712564 -0.040722
v 0.054533 1.738624 -0.076866
v 0.042251 1.731158 -0.072864
v 0.045600 1.718466 -0.073268
v 0.056686 1.724307 -0.076983
v -0.176516 1.942897 -0.127287
v -0.174113 1.959525 -0.129353
v -0.160476 1.958495 -0.098541
v -0.163496 1.941831 -0.096348
v -0.101400 1.917780 -0.118755
v -0.105520 1.897863 -0.117715
v -0.105322 1.920067 -0.136562
v -0.109857 1.900833 -0.135490
v -0.205077 1.985479 -0.077908
v -0.224967 1.985917 -0.099493
v -0.221289 2.010870 -0.103281
v -0.201747 2.010761 -0.081204
v -0.055165 2.113974 0.052064
v -0.046588 2.103766 0.032365
v -0.048058 2.081901 0.038718
v -0.056422 2.092107 0.058479
v -0.399572 3.173280 1.338419
v -0.403733 3.169926 1.331479
v -0.544455 3.071100 0.807157
v -0.537327 3.064845 0.813566
v -0.056049 2.971463 0.769063
v -0.072159 2.962082 0.776014
v -0.349829 2.771011 0.296042
v -0.350693 2.760859 0.311099
v -1.352832 2.812111 0.367399
v -1.363076 2.821784 0.393628
v -1.070563 2.697484 0.125298
v -1.065627 2.690924 0.136062
v -0.563985 2.597365 0.391508
v -0.570778 2.593327 0.388119
v -0.436505 2.411084 -0.057848
v -0.441947 2.408806 -0.053853
v 0.056268 2.114089 -0.329135
v 0.049268 2.110284 -0.334658
v -0.225518 2.318050 -0.791218
v -0.235805 2.313578 -0.791027
v -0.535984 2.443709 -1.164460
v -0.542964 2.438756 -1.156271
v -0.933089 2.514617 -1.136769
v -0.923558 2.509759 -1.137857
v -0.699308 2.441590 -0.609406
v -0.697563 2.435158 -0.615951
v -0.416937 2.256889 -0.195900
v -0.420195 2.248995 -0.208315
v -0.022965 2.917515 -1.055477
v -0.016559 2.911174 -1.052206
v 0.340278 2.878611 -0.808538
v 0.322512 2.868103 -0.813781
v -0.167531 2.815259 -0.681900
v -0.161526 2.808552 -0.684034
v 0.249353 2.689714 -0.352841
v 0.247128 2.681163 -0.360958
v 0.130209 2.566174 -0.165439
v 0.141701 2.560301 -0.160936
v 0.288291 2.806254 0.258882
v 0.296797 2.798138 0.253249
v 0.820017 2.930084 0.906922
v 0.821810 2.925958 0.900432
v 0.877217 2.893907 0.568065
v 0.870434 2.886308 0.573533
v 0.041344 2.478150 0.390324
v 0.057156 2.471490 0.394912
v 0.444271 2.802679 0.728377
v 0.456214 2.793988 0.721621
v 0.574579 2.659355 0.258606
v 0.576332 2.654048 0.268629
v 0.619146 3.035070 -0.222994
v 0.625227 3.022512 -0.214311
v 1.028870 3.135512 0.116791
v 1.025177 3.130259 0.110051
vt 0.855987 0.704538
vt 0.869635 0.697734
vt 0.869635 0.733470
vt 0.855821 0.737722
vt 0.854430 0.895796
vt 0.854430 0.933926
vt 0.850652 0.918127
vt 0.978171 0.279962
vt 0.981542 0.278411
vt 0.981542 0.289051
vt 0.978293 0.290580
vt 0.795561 0.801761
vt 0.811840 0.761880
vt 0.811840 0.811991
vt 0.509130 0.870361
vt 0.509130 0.905199
vt 0.500170 0.885952
vt 0.745019 0.223635
vt 0.764395 0.212768
vt 0.764395 0.259356
vt 0.745772 0.272939
vt 0.976577 0.409300
vt 0.979757 0.402160
vt 0.979757 0.417181
vt 0.683201 0.930434
vt 0.688579 0.924997
vt 0.688579 0.944459
vt 0.936254 0.678804
vt 0.933435 0.672073
vt 0.936254 0.664328
vt 0.539630 0.330131
vt 0.525190 0.317346
vt 0.539630 0.316322
vt 0.911303 0.954399
vt 0.915493 0.951770
vt 0.915493 0.966208
vt 0.912741 0.967997
vt 0.154403 0.348281
vt 0.154403 0.499006
vt 0.141500 0.493146
vt 0.141084 0.926878
vt 0.146668 0.925144
vt 0.146668 0.940220
vt 0.142267 0.943872
vt 0.868050 0.681818
vt 0.840391 0.680793
vt 0.868050 0.663937
vt 0.463619 0.559538
vt 0.324171 0.558137
vt 0.463619 0.547210
vt 0.907730 0.135253
vt 0.907730 0.179496
vt 0.901591 0.162861
vt 0.337588 0.537366
vt 0.330360 0.539863
vt 0.324171 0.411629
vt 0.337588 0.405827
vt 0.230269 0.428442
vt 0.259216 0.389968
vt 0.259216 0.438910
vt 0.831420 0.761880
vt 0.831420 0.816743
vt 0.819187 0.800320
vt 0.832253 0.003674
vt 0.832253 0.066956
vt 0.823041 0.019117
vt 0.863057 0.542061
vt 0.863057 0.588479
vt 0.851316 0.554727
vt 0.068243 0.774609
vt 0.065939 0.759868
vt 0.106660 0.754774
vt 0.106660 0.778525
vt 0.492618 0.947845
vt 0.492618 0.962970
vt 0.488832 0.961562
vt 0.489490 0.945432
vt 0.805779 0.615072
vt 0.818240 0.625492
vt 0.818240 0.665831
vt 0.802363 0.654988
vt 0.871818 0.898747
vt 0.862307 0.887252
vt 0.871818 0.860618
vt 0.676008 0.156281
vt 0.676008 0.307006
vt 0.668336 0.295525
vt 0.886705 0.741977
vt 0.876982 0.728630
vt 0.886705 0.697734
vt 0.835019 0.484969
vt 0.835019 0.530055
vt 0.819606 0.523345
vt 0.460804 0.566885
vt 0.460804 0.698909
vt 0.453539 0.698224
vt 0.852160 0.530055
vt 0.842367 0.515273
vt 0.852160 0.475192
vt 0.795016 0.678355
vt 0.781956 0.634066
vt 0.795016 0.615072
vt 0.891097 0.354902
vt 0.883745 0.320849
vt 0.891097 0.308485
vt 0.282071 0.979251
vt 0.282071 0.986261
vt 0.279123 0.982900
vt 0.962583 0.238961
vt 0.965205 0.222848
vt 0.965205 0.242838
vt 0.299724 0.978839
vt 0.299724 0.985895
vt 0.296730 0.982254
vt 0.983637 0.967506
vt 0.980622 0.963727
vt 0.983637 0.959080
vt 0.512380 0.409929
vt 0.514076 0.402958
vt 0.514076 0.413598
vt 0.252472 0.979082
vt 0.255936 0.974521
vt 0.255936 0.983466
vt 0.606998 0.081574
vt 0.618285 0.074736
vt 0.618285 0.211174
vt 0.611377 0.213525
vt 0.982627 0.947872
vt 0.980784 0.939660
vt 0.982627 0.937920
vt 0.713017 0.146325
vt 0.711051 0.139185
vt 0.713017 0.135368
vt 0.983810 0.194456
vt 0.986074 0.188652
vt 0.986074 0.196422
vt 0.966533 0.086134
vt 0.963887 0.070506
vt 0.966533 0.066650
vt 0.611600 0.255920
vt 0.621712 0.251402
vt 0.621712 0.391278
vt 0.613539 0.392345
vt 0.219157 0.982769
vt 0.218181 0.974341
vt 0.221625 0.974893
vt 0.221625 0.983396
vt 0.973880 0.068568
vt 0.977858 0.066650
vt 0.977858 0.078442
vt 0.974016 0.080360
vt 0.662033 0.543868
vt 0.626246 0.544165
vt 0.638360 0.494836
vt 0.662033 0.493828
vt 0.339550 0.864155
vt 0.339550 0.886803
vt 0.326291 0.880006
vt 0.323098 0.860823
vt 0.322890 0.978233
vt 0.322593 0.966445
vt 0.326883 0.966771
vt 0.326883 0.978680
vt 0.977090 0.507191
vt 0.972670 0.506513
vt 0.972638 0.503733
vt 0.977090 0.502838
vt 0.890507 0.405255
vt 0.890507 0.442851
vt 0.879951 0.438685
vt 0.880304 0.402160
vt 0.296968 0.969908
vt 0.296730 0.958560
vt 0.301933 0.959796
vt 0.301933 0.971492
vt 0.611775 0.802992
vt 0.615262 0.801800
vt 0.615262 0.805749
vt 0.611782 0.805259
vt 0.818072 0.600919
vt 0.818072 0.606403
vt 0.802956 0.605898
vt 0.802616 0.602319
vt 0.963067 0.211161
vt 0.963067 0.215474
vt 0.959639 0.214499
vt 0.959639 0.211932
vt 0.168912 0.871648
vt 0.186389 0.867895
vt 0.186389 0.889126
vt 0.168420 0.891088
vt 0.112159 0.941472
vt 0.111246 0.924728
vt 0.116997 0.925892
vt 0.116997 0.944474
vt 0.874702 0.654731
vt 0.862224 0.653623
vt 0.862927 0.616033
vt 0.874702 0.615072
vt 0.797395 0.052392
vt 0.779655 0.055712
vt 0.783789 0.008345
vt 0.797395 0.003674
vt 0.556998 0.149530
vt 0.561125 0.148047
vt 0.561125 0.157292
vt 0.556959 0.158758
vt 0.934723 0.798400
vt 0.934723 0.802066
vt 0.931164 0.800872
vt 0.931167 0.798641
vt 0.204355 0.979172
vt 0.200186 0.979551
vt 0.200608 0.967734
vt 0.204355 0.967476
vt 0.982863 0.137671
vt 0.980668 0.129667
vt 0.982863 0.127915
vt 0.630764 0.982725
vt 0.630764 0.987110
vt 0.626546 0.986749
vt 0.626542 0.982436
vt 0.469053 0.728688
vt 0.469053 0.772426
vt 0.452382 0.765962
vt 0.445839 0.723722
vt 0.054688 0.679979
vt 0.054688 0.699441
vt 0.047431 0.698671
vt 0.046734 0.679397
vt 0.765523 0.425650
vt 0.782141 0.420945
vt 0.782141 0.465360
vt 0.760271 0.469709
vt 0.774608 0.615072
vt 0.774608 0.666059
vt 0.752656 0.660878
vt 0.633676 0.406210
vt 0.629059 0.385578
vt 0.674429 0.375370
vt 0.674429 0.410993
vt 0.974021 0.154811
vt 0.973916 0.149462
vt 0.978439 0.150799
vt 0.978439 0.156340
vt 0.427476 0.873028
vt 0.410857 0.871416
vt 0.411356 0.843744
vt 0.427476 0.839843
vt 0.983060 0.253215
vt 0.983060 0.262460
vt 0.979367 0.261919
vt 0.978791 0.252680
vt 0.355073 0.977927
vt 0.355072 0.968120
vt 0.359620 0.969376
vt 0.359620 0.979182
vt 0.796838 0.078333
vt 0.796838 0.125880
vt 0.778639 0.118010
vt 0.782840 0.074736
vt 0.944948 0.103593
vt 0.948543 0.103587
vt 0.948543 0.118295
vt 0.942042 0.118685
vt 0.497639 0.812874
vt 0.477864 0.809414
vt 0.476732 0.772714
vt 0.497639 0.776369
vt 0.978627 0.120244
vt 0.978412 0.116017
vt 0.982352 0.116287
vt 0.982352 0.120483
vt 0.599651 0.204429
vt 0.587125 0.204586
vt 0.591993 0.076294
vt 0.599651 0.074736
vt 0.851557 0.942325
vt 0.857152 0.941273
vt 0.857152 0.954947
vt 0.850652 0.954519
vt 0.579778 0.074736
vt 0.579778 0.220174
vt 0.568619 0.213209
vt 0.571896 0.075955
vt 0.721237 0.015939
vt 0.742338 0.003674
vt 0.742338 0.055554
vt 0.722712 0.065226
vt 0.906817 0.604356
vt 0.910389 0.603201
vt 0.910389 0.607566
vt 0.906758 0.606932
vt 0.890237 0.528974
vt 0.889632 0.517183
vt 0.894062 0.518014
vt 0.894062 0.529365
vt 0.982662 0.656176
vt 0.982662 0.665433
vt 0.978313 0.664138
vt 0.978152 0.654888
vt 0.113268 0.502554
vt 0.114747 0.487550
vt 0.117208 0.488842
vt 0.117208 0.505611
vt 0.732540 0.615214
vt 0.745308 0.615072
vt 0.745308 0.680734
vt 0.726589 0.673480
vt 0.911467 0.975713
vt 0.915205 0.975344
vt 0.915205 0.981955
vt 0.911303 0.982401
vt 0.946020 0.288579
vt 0.948899 0.288160
vt 0.948899 0.297388
vt 0.945650 0.297823
vt 0.744033 0.372731
vt 0.739296 0.314354
vt 0.759144 0.319132
vt 0.759144 0.373879
vt 0.781973 0.686999
vt 0.792010 0.685702
vt 0.792010 0.690295
vt 0.781956 0.689502
vt 0.659588 0.206895
vt 0.643202 0.207138
vt 0.648816 0.136745
vt 0.659588 0.135368
vt 0.717959 0.732832
vt 0.717959 0.788455
vt 0.704104 0.785917
vt 0.701223 0.731246
vt 0.834115 0.467608
vt 0.834115 0.477559
vt 0.831869 0.476358
vt 0.832023 0.468530
vt 0.969711 0.440485
vt 0.969711 0.455192
vt 0.966087 0.453621
vt 0.966668 0.439175
vt 0.522359 0.243126
vt 0.519621 0.227521
vt 0.580425 0.229312
vt 0.580425 0.241126
vt 0.839600 0.007973
vt 0.852409 0.003674
vt 0.852409 0.045320
vt 0.839895 0.049508
vt 0.983443 0.889913
vt 0.983443 0.900033
vt 0.979487 0.895701
vt 0.797967 0.978390
vt 0.797967 0.983853
vt 0.793500 0.983659
vt 0.793499 0.978309
vt 0.052616 0.672050
vt 0.003674 0.671855
vt 0.009954 0.648950
vt 0.052616 0.637460
vt 0.754294 0.974752
vt 0.757027 0.974105
vt 0.757027 0.983270
vt 0.753367 0.983885
vt 0.963502 0.029829
vt 0.958884 0.029916
vt 0.958920 0.025225
vt 0.963502 0.025114
vt 0.978047 0.615456
vt 0.981303 0.615072
vt 0.981303 0.626864
vt 0.977750 0.627384
vt 0.792451 0.066360
vt 0.792509 0.063451
vt 0.796656 0.063188
vt 0.796656 0.066854
vt 0.977056 0.792658
vt 0.981529 0.792576
vt 0.981529 0.798214
vt 0.977058 0.798199
vt 0.799668 0.258382
vt 0.799972 0.221878
vt 0.819761 0.220636
vt 0.819761 0.261993
vt 0.854877 0.619523
vt 0.854877 0.656590
vt 0.841036 0.653548
vt 0.840391 0.615072
vt 0.469275 0.710573
vt 0.469275 0.716060
vt 0.452836 0.714350
vt 0.453133 0.710798
vt 0.970872 0.333697
vt 0.970872 0.347043
vt 0.967027 0.343867
vt 0.968230 0.331700
vt 0.335267 0.986973
vt 0.334255 0.982679
vt 0.338233 0.983526
vt 0.338233 0.987410
vt 0.982715 0.341507
vt 0.978219 0.341636
vt 0.978242 0.331829
vt 0.982715 0.331700
vt 0.964229 0.856681
vt 0.968724 0.856547
vt 0.968724 0.861152
vt 0.964133 0.861299
vt 0.894880 0.059174
vt 0.894876 0.054460
vt 0.899480 0.054562
vt 0.899480 0.059281
vt 0.512533 0.661972
vt 0.512533 0.706154
vt 0.484850 0.704639
vt 0.476732 0.665394
vt 0.976396 0.209945
vt 0.976396 0.215401
vt 0.972343 0.215063
vt 0.971974 0.209067
vt 0.290329 0.734299
vt 0.290329 0.780033
vt 0.273618 0.778453
vt 0.267265 0.732852
vt 0.253616 0.944607
vt 0.253777 0.925762
vt 0.257741 0.927826
vt 0.257741 0.946210
vt 0.371451 0.970630
vt 0.375995 0.969376
vt 0.375995 0.979182
vt 0.371446 0.980437
vt 0.982882 0.098864
vt 0.982882 0.108670
vt 0.978435 0.108533
vt 0.978412 0.098727
vt 0.956540 0.066650
vt 0.956540 0.085496
vt 0.952972 0.082580
vt 0.951913 0.712642
vt 0.956983 0.710968
vt 0.956983 0.717548
vt 0.951770 0.719251
vt 0.326883 0.957048
vt 0.323638 0.959098
vt 0.323098 0.942579
vt 0.326883 0.941528
vt 0.979121 0.731322
vt 0.983116 0.727052
vt 0.983116 0.737138
vt 0.937486 0.529774
vt 0.935677 0.528377
vt 0.937486 0.524940
vt 0.870458 0.461329
vt 0.870458 0.466917
vt 0.864706 0.466697
vt 0.864450 0.461355
vt 0.795269 0.600861
vt 0.772714 0.601111
vt 0.780033 0.557304
vt 0.795269 0.556642
vt 0.977641 0.718277
vt 0.973118 0.719622
vt 0.973214 0.714160
vt 0.977641 0.712639
vt 0.841974 0.402160
vt 0.841974 0.460260
vt 0.831869 0.456858
vt 0.549735 0.966617
vt 0.544565 0.968357
vt 0.544694 0.956551
vt 0.549735 0.954792
vt 0.874431 0.116383
vt 0.863826 0.118717
vt 0.864020 0.078515
vt 0.874431 0.074736
vt 0.778191 0.743909
vt 0.763815 0.754533
vt 0.759208 0.713075
vt 0.778191 0.697734
vt 0.108869 0.786047
vt 0.108869 0.801844
vt 0.065939 0.805385
vt 0.072151 0.785872
vt 0.639644 0.224133
vt 0.639644 0.243126
vt 0.589564 0.241369
vt 0.587772 0.225079
vt 0.727144 0.981517
vt 0.727144 0.986101
vt 0.722791 0.986043
vt 0.722695 0.981443
vt 0.978232 0.467681
vt 0.977058 0.458576
vt 0.980764 0.459322
vt 0.980764 0.467807
vt 0.614855 0.982630
vt 0.618997 0.982288
vt 0.618997 0.986826
vt 0.614803 0.986994
vt 0.037513 0.984114
vt 0.033344 0.984488
vt 0.033783 0.978749
vt 0.037513 0.978652
vt 0.961720 0.801771
vt 0.961712 0.796316
vt 0.967173 0.796410
vt 0.967173 0.801950
vt 0.052773 0.964680
vt 0.052773 0.975282
vt 0.050600 0.971517
vt 0.883565 0.989543
vt 0.881743 0.985526
vt 0.883565 0.983815
vt 0.791497 0.422756
vt 0.807237 0.420945
vt 0.807237 0.466031
vt 0.789488 0.469301
vt 0.980802 0.440271
vt 0.980802 0.451228
vt 0.977058 0.449769
vt 0.977491 0.439175
vt 0.606843 0.932723
vt 0.606843 0.947180
vt 0.603280 0.947272
vt 0.600334 0.932111
vt 0.523791 0.804624
vt 0.521523 0.805684
vt 0.519653 0.788752
vt 0.523791 0.786042
vt 0.186847 0.935651
vt 0.186847 0.950089
vt 0.181202 0.949172
vt 0.180312 0.935855
vt 0.603687 0.738256
vt 0.603687 0.782475
vt 0.587232 0.780397
vt 0.580014 0.737259
vt 0.563629 0.790368
vt 0.603687 0.789822
vt 0.603687 0.808816
vt 0.562132 0.805192
vt 0.426792 0.769748
vt 0.429006 0.769467
vt 0.429006 0.772043
vt 0.426755 0.772315
vt 0.323098 0.760026
vt 0.347661 0.727150
vt 0.347661 0.772885
vt 0.980823 0.916820
vt 0.982584 0.915294
vt 0.982584 0.925050
vt 0.980693 0.360006
vt 0.982345 0.356606
vt 0.982345 0.367225
vt 0.159639 0.975371
vt 0.159639 0.981967
vt 0.154658 0.980435
vt 0.154398 0.973750
vt 0.986641 0.580463
vt 0.986641 0.588292
vt 0.984522 0.586321
vt 0.143829 0.751417
vt 0.158205 0.687348
vt 0.158205 0.757965
vt 0.943889 0.604277
vt 0.939943 0.606379
vt 0.939761 0.586390
vt 0.943889 0.584793
vt 0.818519 0.860608
vt 0.819296 0.824090
vt 0.831420 0.829195
vt 0.831420 0.866262
vt 0.968218 0.824699
vt 0.965195 0.825980
vt 0.964578 0.810548
vt 0.968218 0.809329
vt 0.315321 0.742251
vt 0.315321 0.785728
vt 0.297677 0.773932
vt 0.301521 0.732852
vt 0.774542 0.216036
vt 0.792321 0.212768
vt 0.792321 0.257139
vt 0.771743 0.261993
vt 0.956330 0.255617
vt 0.959887 0.252680
vt 0.959887 0.271063
vt 0.902515 0.982728
vt 0.898873 0.983546
vt 0.900218 0.974702
vt 0.902515 0.974302
vt 0.838937 0.765821
vt 0.853239 0.761880
vt 0.853239 0.803416
vt 0.838767 0.805480
vt 0.860511 0.244038
vt 0.860894 0.205559
vt 0.873214 0.205129
vt 0.873214 0.245332
vt 0.580014 0.614664
vt 0.616853 0.616238
vt 0.616853 0.662742
vt 0.594569 0.663530
vt 0.677368 0.315760
vt 0.701066 0.314354
vt 0.701066 0.362501
vt 0.668981 0.365092
vt 0.974790 0.561164
vt 0.974790 0.573073
vt 0.970497 0.571182
vt 0.970884 0.559256
vt 0.719242 0.682080
vt 0.704678 0.684903
vt 0.699049 0.624334
vt 0.719242 0.615072
vt 0.671620 0.623757
vt 0.691702 0.615072
vt 0.691702 0.686599
vt 0.678732 0.690387
vt 0.625632 0.207100
vt 0.627793 0.077426
vt 0.635854 0.074736
vt 0.635854 0.212030
vt 0.363995 0.686201
vt 0.363995 0.719803
vt 0.324570 0.712607
vt 0.323098 0.689545
vt 0.514798 0.974256
vt 0.517676 0.973952
vt 0.517676 0.982456
vt 0.513736 0.983360
vt 0.982137 0.673439
vt 0.982137 0.680019
vt 0.978346 0.679374
vt 0.978152 0.672781
vt 0.983252 0.876946
vt 0.980916 0.876056
vt 0.983252 0.868646
vt 0.312577 0.793075
vt 0.312577 0.835819
vt 0.297677 0.828701
vt 0.149747 0.994015
vt 0.149102 0.993591
vt 0.149026 0.991232
vt 0.149747 0.990629
vt 0.776355 0.971449
vt 0.773593 0.972838
vt 0.771267 0.962610
vt 0.776355 0.960052
vt 0.592821 0.972925
vt 0.590040 0.974410
vt 0.587697 0.964693
vt 0.592821 0.961956
vt 0.988877 0.793570
vt 0.990323 0.792576
vt 0.990323 0.798276
vt 0.988943 0.797609
vt 0.463186 0.963432
vt 0.463186 0.973726
vt 0.460038 0.973101
vt 0.457386 0.962280
vt 0.852968 0.983606
vt 0.852968 0.989444
vt 0.850652 0.988328
vt 0.851772 0.983011
vt 0.743590 0.978420
vt 0.734542 0.978278
vt 0.734542 0.975820
vt 0.743590 0.973892
vt 0.005999 0.988742
vt 0.004672 0.989347
vt 0.003674 0.983870
vt 0.005999 0.982818
vt 0.990014 0.938520
vt 0.990772 0.937920
vt 0.990772 0.942259
vt 0.989974 0.941642
vt 0.546075 0.993395
vt 0.546085 0.990843
vt 0.546717 0.990333
vt 0.546717 0.993928
vt 0.279123 0.969463
vt 0.281475 0.958903
vt 0.284268 0.960228
vt 0.284268 0.971904
vt 0.985201 0.694789
vt 0.983456 0.695721
vt 0.982741 0.689487
vt 0.985201 0.687835
vt 0.986286 0.204429
vt 0.986286 0.211149
vt 0.983810 0.210126
vt 0.984542 0.203769
vt 0.988520 0.774949
vt 0.990142 0.773799
vt 0.990142 0.780262
vt 0.988582 0.779529
vt 0.986202 0.170699
vt 0.984482 0.171679
vt 0.983694 0.165626
vt 0.986202 0.163995
vt 0.840892 0.979875
vt 0.842666 0.979478
vt 0.842666 0.985523
vt 0.839559 0.986204
vt 0.524217 0.937507
vt 0.524217 0.952440
vt 0.518924 0.950339
vt 0.520180 0.935916
vt 0.945699 0.989442
vt 0.945699 0.993493
vt 0.945237 0.990208
vt 0.992538 0.559256
vt 0.992538 0.563335
vt 0.992048 0.559990
vt 0.992830 0.025017
vt 0.992143 0.021823
vt 0.992830 0.021235
vt 0.994066 0.525865
vt 0.994066 0.529599
vt 0.993498 0.526589
vt 0.990462 0.927362
vt 0.990462 0.930567
vt 0.989932 0.928041
vt 0.995005 0.222848
vt 0.995005 0.226147
vt 0.994487 0.223437
vt 0.991165 0.872971
vt 0.990599 0.869321
vt 0.991165 0.868646
vt 0.180786 0.991349
vt 0.180786 0.994807
vt 0.180312 0.991969
vt 0.127953 0.993714
vt 0.127376 0.990490
vt 0.127953 0.989848
vt 0.993158 0.691701
vt 0.992549 0.688483
vt 0.993158 0.687835
vt 0.994802 0.806448
vt 0.994802 0.809875
vt 0.994338 0.807098
vt 0.715348 0.986291
vt 0.714750 0.982237
vt 0.715348 0.981443
vt 0.891479 0.988663
vt 0.890912 0.984565
vt 0.891479 0.983815
vt 0.604475 0.992277
vt 0.603759 0.989104
vt 0.604475 0.988495
vt 0.994129 0.178914
vt 0.993550 0.175774
vt 0.994129 0.175236
vt 0.915205 0.993642
vt 0.914647 0.990356
vt 0.915205 0.989749
vt 0.683725 0.993994
vt 0.683201 0.990681
vt 0.683725 0.990100
vt 0.994268 0.041176
vt 0.993715 0.038067
vt 0.994268 0.037497
vt 0.925051 0.527343
vt 0.925051 0.529926
vt 0.924491 0.528204
vt 0.398070 0.993097
vt 0.397414 0.990666
vt 0.398070 0.989280
vt 0.468926 0.806893
vt 0.468352 0.802075
vt 0.468926 0.801193
vt 0.989416 0.290235
vt 0.989416 0.295140
vt 0.988889 0.291133
vt 0.192280 0.977963
vt 0.192280 0.982904
vt 0.191728 0.978821
vt 0.323428 0.990317
vt 0.322593 0.986738
vt 0.323428 0.986027
vt 0.991038 0.252680
vt 0.991038 0.257133
vt 0.990407 0.253511
vt 0.928612 0.990164
vt 0.928612 0.993883
vt 0.927984 0.990987
vt 0.991039 0.308485
vt 0.991039 0.312917
vt 0.990512 0.309345
vt 0.504313 0.987071
vt 0.504313 0.991258
vt 0.503769 0.987791
vt 0.990763 0.347813
vt 0.990062 0.344153
vt 0.990763 0.343386
vt 0.990439 0.120444
vt 0.989700 0.116792
vt 0.990439 0.116017
vt 0.991324 0.889913
vt 0.991324 0.894062
vt 0.990790 0.890673
vt 0.990126 0.634731
vt 0.990126 0.639458
vt 0.989541 0.635695
vt 0.817740 0.678675
vt 0.817074 0.674001
vt 0.817740 0.673178
vt 0.989853 0.605231
vt 0.989094 0.601423
vt 0.989853 0.600754
vt 0.745228 0.990057
vt 0.744356 0.986499
vt 0.745228 0.985767
vt 0.936511 0.990196
vt 0.936511 0.993999
vt 0.935959 0.990905
vt 0.990677 0.659394
vt 0.990010 0.655634
vt 0.990677 0.654888
vt 0.990858 0.103232
vt 0.990229 0.099441
vt 0.990858 0.098727
vt 0.994143 0.203769
vt 0.994143 0.207537
vt 0.993633 0.204518
vt 0.469381 0.929197
vt 0.469381 0.932116
vt 0.468745 0.930163
vt 0.363827 0.990839
vt 0.363090 0.988088
vt 0.363827 0.986530
vt 0.239988 0.329385
vt 0.239341 0.323930
vt 0.239988 0.322922
vt 0.994403 0.580463
vt 0.994403 0.584323
vt 0.993988 0.581139
vt 0.993985 0.163995
vt 0.993985 0.167888
vt 0.993550 0.164631
vt 0.218868 0.994129
vt 0.218181 0.991329
vt 0.218868 0.990744
vt 0.807339 0.991276
vt 0.807339 0.994738
vt 0.806831 0.991909
vt 0.532515 0.994517
vt 0.531902 0.991629
vt 0.532515 0.991074
vt 0.797967 0.994643
vt 0.797376 0.991683
vt 0.797967 0.991200
vt 0.994820 0.237067
vt 0.994820 0.240512
vt 0.994400 0.237728
vt 0.995088 0.833327
vt 0.995088 0.836629
vt 0.994655 0.833868
vt 0.248144 0.994348
vt 0.247589 0.991457
vt 0.248144 0.990813
vt 0.313202 0.994183
vt 0.312616 0.991299
vt 0.313202 0.990648
vt 0.995310 0.820836
vt 0.995310 0.824107
vt 0.994883 0.821409
vt 0.522071 0.990707
vt 0.522071 0.994401
vt 0.521602 0.991462
vt 0.991177 0.979146
vt 0.990642 0.975492
vt 0.991177 0.974853
vt 0.141679 0.994224
vt 0.141086 0.991168
vt 0.141679 0.990629
vt 0.996326 0.751754
vt 0.996326 0.754704
vt 0.995882 0.752292
vt 0.514255 0.994332
vt 0.513736 0.991326
vt 0.514255 0.990707
vt 0.899362 0.994518
vt 0.898873 0.991487
vt 0.899362 0.990893
vt 0.996295 0.741484
vt 0.996295 0.744407
vt 0.995882 0.742052
vt 0.877455 0.749325
vt 0.877455 0.751636
vt 0.876982 0.750105
vt 0.907289 0.994332
vt 0.906709 0.992112
vt 0.907289 0.990893
vt 0.469263 0.921850
vt 0.468745 0.917579
vt 0.469263 0.916801
vt 0.103899 0.948546
vt 0.097468 0.949369
vt 0.098998 0.934940
vt 0.103899 0.934312
vt 0.951727 0.529454
vt 0.945114 0.529860
vt 0.945114 0.516826
vt 0.951727 0.516419
vt 0.021785 0.956840
vt 0.015843 0.958085
vt 0.017257 0.944792
vt 0.021785 0.943843
vt 0.985457 0.833625
vt 0.987307 0.833327
vt 0.987307 0.839724
vt 0.984678 0.840371
vt 0.749036 0.478981
vt 0.763497 0.477962
vt 0.763497 0.485175
vt 0.749036 0.484477
vt 0.970043 0.928453
vt 0.968971 0.915294
vt 0.973476 0.915753
vt 0.973476 0.928803
vt 0.052476 0.943842
vt 0.052476 0.957282
vt 0.046649 0.956274
vt 0.046649 0.942834
vt 0.574321 0.943098
vt 0.580106 0.942069
vt 0.580106 0.955851
vt 0.574321 0.956880
vt 0.763440 0.133283
vt 0.763440 0.140496
vt 0.748437 0.139477
vt 0.748437 0.133981
vt 0.600334 0.979353
vt 0.602227 0.969590
vt 0.604475 0.970564
vt 0.604475 0.981147
vt 0.921375 0.594621
vt 0.925435 0.594526
vt 0.925435 0.606151
vt 0.917956 0.606326
vt 0.962515 0.552237
vt 0.957528 0.552642
vt 0.957528 0.537788
vt 0.962515 0.537383
vt 0.984906 0.504386
vt 0.987353 0.504213
vt 0.987353 0.507103
vt 0.984906 0.507276
vt 0.950456 0.224330
vt 0.955235 0.222848
vt 0.955235 0.238504
vt 0.951593 0.239633
vt 0.410010 0.935474
vt 0.414767 0.933607
vt 0.414767 0.949437
vt 0.411142 0.950859
vt 0.937813 0.976193
vt 0.937813 0.982849
vt 0.935959 0.981824
vt 0.936322 0.975439
vt 0.460639 0.981345
vt 0.460639 0.987195
vt 0.457590 0.986908
vt 0.457386 0.981074
vt 0.474810 0.984334
vt 0.477930 0.983873
vt 0.477930 0.987392
vt 0.474810 0.987853
vt 0.357171 0.409636
vt 0.357171 0.406555
vt 0.369746 0.405666
vt 0.369746 0.411342
vt 0.643168 0.984019
vt 0.643168 0.989704
vt 0.640896 0.988686
vt 0.641529 0.983392
vt 0.343564 0.971616
vt 0.343564 0.974675
vt 0.334255 0.975332
vt 0.334255 0.969698
vt 0.956634 0.952775
vt 0.956634 0.937920
vt 0.961622 0.938325
vt 0.961622 0.953180
vt 0.086879 0.963866
vt 0.086879 0.974138
vt 0.083791 0.973500
vt 0.081190 0.962690
vt 0.776559 0.938194
vt 0.776559 0.952704
vt 0.771267 0.950307
vt 0.772527 0.936367
vt 0.615001 0.944877
vt 0.615001 0.930023
vt 0.621267 0.931125
vt 0.621267 0.945980
vt 0.301933 0.936444
vt 0.301933 0.951213
vt 0.296595 0.948670
vt 0.297865 0.934506
vt 0.143182 0.974033
vt 0.145670 0.973649
vt 0.145670 0.982574
vt 0.141086 0.983282
vt 0.560534 0.969706
vt 0.562852 0.959171
vt 0.565605 0.960499
vt 0.565605 0.972153
vt 0.492618 0.980577
vt 0.490361 0.981538
vt 0.488461 0.972089
vt 0.492618 0.970317
vt 0.003674 0.939572
vt 0.008412 0.937759
vt 0.008412 0.953372
vt 0.004801 0.954754
vt 0.925109 0.976223
vt 0.928612 0.975439
vt 0.928612 0.982393
vt 0.924960 0.982816
vt 0.981731 0.024562
vt 0.981515 0.018167
vt 0.984796 0.018659
vt 0.984796 0.025017
vt 0.961590 0.595232
vt 0.960400 0.580463
vt 0.965398 0.580783
vt 0.965398 0.595475
vt 0.990241 0.431066
vt 0.988949 0.431332
vt 0.988506 0.425127
vt 0.990241 0.424611
vt 0.587125 0.215300
vt 0.587125 0.212679
vt 0.598779 0.211933
vt 0.598779 0.216760
vt 0.842666 0.961676
vt 0.842666 0.972131
vt 0.839534 0.971527
vt 0.836896 0.960563
vt 0.133737 0.953442
vt 0.133737 0.965289
vt 0.130284 0.965232
vt 0.127376 0.953337
vt 0.958740 0.439968
vt 0.958740 0.454893
vt 0.953692 0.454100
vt 0.953692 0.439175
vt 0.237760 0.979549
vt 0.237760 0.985295
vt 0.234364 0.984805
vt 0.234160 0.979055
vt 0.524217 0.966605
vt 0.513736 0.966175
vt 0.513736 0.962474
vt 0.524217 0.959787
vt 0.988619 0.150042
vt 0.988619 0.155373
vt 0.985947 0.154801
vt 0.985786 0.149462
vt 0.347608 0.988869
vt 0.346170 0.989517
vt 0.345580 0.983859
vt 0.347608 0.982679
vt 0.268079 0.963328
vt 0.271212 0.962631
vt 0.271212 0.972690
vt 0.265440 0.973973
vt 0.727144 0.974095
vt 0.717353 0.973446
vt 0.717353 0.970388
vt 0.727144 0.968461
vt 0.219442 0.966579
vt 0.218181 0.953310
vt 0.223478 0.953854
vt 0.223478 0.966994
vt 0.956518 0.128346
vt 0.961508 0.127915
vt 0.961508 0.142764
vt 0.956518 0.143194
vt 0.988878 0.408948
vt 0.987557 0.409567
vt 0.987104 0.403197
vt 0.988878 0.402160
vt 0.061208 0.982091
vt 0.060949 0.975933
vt 0.064922 0.976671
vt 0.064922 0.982774
vt 0.238518 0.957272
vt 0.238518 0.943094
vt 0.244141 0.943698
vt 0.244141 0.957876
vt 0.958852 0.164519
vt 0.964457 0.163995
vt 0.964457 0.177564
vt 0.958852 0.178088
vt 0.167652 0.941769
vt 0.172964 0.939417
vt 0.172964 0.953651
vt 0.168917 0.955443
vt 0.422114 0.958499
vt 0.422114 0.954583
vt 0.433251 0.953051
vt 0.433251 0.960264
vt 0.447886 0.980663
vt 0.449396 0.980400
vt 0.449396 0.986237
vt 0.446313 0.986795
vt 0.344560 0.962350
vt 0.334255 0.960819
vt 0.334255 0.956903
vt 0.344560 0.955137
vt 0.990065 0.621242
vt 0.989218 0.621519
vt 0.988650 0.615825
vt 0.990065 0.615072
vt 0.969936 0.604519
vt 0.969936 0.606977
vt 0.960400 0.607350
vt 0.960400 0.602823
vt 0.727034 0.477853
vt 0.741689 0.476694
vt 0.741689 0.485175
vt 0.727034 0.484315
vt 0.991371 0.381814
vt 0.991379 0.379105
vt 0.992092 0.378604
vt 0.992092 0.382417
vt 0.971805 0.164938
vt 0.976347 0.163995
vt 0.976347 0.176260
vt 0.971805 0.177203
vt 0.927867 0.956868
vt 0.931319 0.956773
vt 0.931319 0.967916
vt 0.924960 0.968091
vt 0.655856 0.986202
vt 0.655667 0.980626
vt 0.658765 0.981468
vt 0.658765 0.986981
vt 0.531902 0.934272
vt 0.537218 0.931768
vt 0.537218 0.946786
vt 0.533168 0.948694
vt 0.957231 0.810592
vt 0.957231 0.825980
vt 0.952452 0.824496
vt 0.953589 0.809461
vt 0.825432 0.602434
vt 0.839014 0.600919
vt 0.839014 0.607544
vt 0.825420 0.607482
vt 0.957057 0.881651
vt 0.955640 0.868646
vt 0.961592 0.869847
vt 0.961592 0.882566
vt 0.631190 0.974082
vt 0.628667 0.975089
vt 0.626542 0.963692
vt 0.631190 0.961837
vt 0.986269 0.490161
vt 0.987579 0.489949
vt 0.987579 0.496430
vt 0.984906 0.496866
vt 0.955834 0.323861
vt 0.954663 0.308485
vt 0.959584 0.309130
vt 0.959584 0.324353
vt 0.231993 0.322922
vt 0.231993 0.331404
vt 0.216913 0.330249
vt 0.216920 0.323786
vt 0.965073 0.835456
vt 0.969328 0.833327
vt 0.969328 0.846844
vt 0.966086 0.848466
vt 0.018132 0.965871
vt 0.020851 0.965432
vt 0.020851 0.976411
vt 0.015843 0.977220
vt 0.942820 0.742203
vt 0.941339 0.727052
vt 0.947561 0.727703
vt 0.947561 0.742699
vt 0.968939 0.869743
vt 0.973568 0.868646
vt 0.973568 0.881118
vt 0.968939 0.882216
vt 0.983165 0.308929
vt 0.983165 0.318198
vt 0.980658 0.317957
vt 0.978547 0.308485
vt 0.707294 0.989093
vt 0.706184 0.989625
vt 0.705029 0.984334
vt 0.707294 0.983225
vt 0.944017 0.954426
vt 0.949287 0.953666
vt 0.949287 0.966522
vt 0.944017 0.967282
vt 0.113389 0.972800
vt 0.115934 0.972513
vt 0.115934 0.982018
vt 0.111246 0.982545
vt 0.969261 0.476726
vt 0.969261 0.490446
vt 0.964995 0.488434
vt 0.966010 0.475192
vt 0.945693 0.856471
vt 0.956786 0.857214
vt 0.956786 0.859835
vt 0.945693 0.861299
vt 0.886448 0.059026
vt 0.886448 0.063165
vt 0.875142 0.063823
vt 0.875142 0.056199
vt 0.968875 0.368284
vt 0.970919 0.356606
vt 0.973346 0.357808
vt 0.973346 0.370499
vt 0.008174 0.962436
vt 0.008174 0.975471
vt 0.003674 0.975136
vt 0.003674 0.962101
vt 0.444783 0.960337
vt 0.449396 0.959354
vt 0.449396 0.972070
vt 0.444782 0.973052
vt 0.881752 0.464301
vt 0.879951 0.450199
vt 0.887517 0.451141
vt 0.887517 0.465020
vt 0.952472 0.774403
vt 0.958095 0.773799
vt 0.958095 0.787978
vt 0.952472 0.788581
vt 0.018932 0.988268
vt 0.015843 0.988385
vt 0.015843 0.984684
vt 0.018932 0.984567
vt 0.986751 0.052583
vt 0.986751 0.058975
vt 0.983958 0.058629
vt 0.983788 0.052234
vt 0.987281 0.482061
vt 0.985597 0.482602
vt 0.984906 0.476205
vt 0.987281 0.475192
vt 0.697682 0.983791
vt 0.697682 0.990021
vt 0.695704 0.988673
vt 0.696909 0.983225
vt 0.973436 0.950527
vt 0.971011 0.951732
vt 0.968969 0.940141
vt 0.973436 0.937920
vt 0.579381 0.964939
vt 0.579381 0.976128
vt 0.576634 0.975742
vt 0.574321 0.964227
vt 0.132063 0.973169
vt 0.132063 0.982501
vt 0.129518 0.982212
vt 0.127376 0.972637
vt 0.772786 0.986299
vt 0.771267 0.980186
vt 0.774410 0.980767
vt 0.774410 0.986616
vt 0.850652 0.962629
vt 0.855153 0.962294
vt 0.855153 0.975329
vt 0.850652 0.975664
vt 0.728738 0.956884
vt 0.728738 0.960585
vt 0.717353 0.961114
vt 0.717353 0.954296
vt 0.969585 0.676941
vt 0.969585 0.680151
vt 0.966445 0.679941
vt 0.966445 0.676731
vt 0.772994 0.134193
vt 0.772994 0.140134
vt 0.770787 0.138982
vt 0.771279 0.133283
vt 0.985649 0.243774
vt 0.984329 0.237067
vt 0.987053 0.237520
vt 0.987053 0.244014
vt 0.987102 0.854479
vt 0.985439 0.855062
vt 0.984678 0.848749
vt 0.987102 0.847718
vt 0.966931 0.309966
vt 0.971200 0.308485
vt 0.971200 0.321934
vt 0.967948 0.323066
vt 0.990045 0.464856
vt 0.989327 0.465305
vt 0.988111 0.459928
vt 0.990045 0.458576
vt 0.549735 0.976301
vt 0.549735 0.982986
vt 0.546330 0.982436
vt 0.546075 0.975704
vt 0.671313 0.983766
vt 0.671313 0.989199
vt 0.668938 0.988926
vt 0.668783 0.983513
vt 0.062156 0.967848
vt 0.060949 0.954908
vt 0.066021 0.955877
vt 0.066021 0.968586
vt 0.871818 0.944968
vt 0.871818 0.958814
vt 0.866162 0.958151
vt 0.866162 0.944305
vt 0.973505 0.379701
vt 0.973505 0.392173
vt 0.968876 0.391076
vt 0.968876 0.378604
vt 0.971974 0.201125
vt 0.971974 0.188652
vt 0.976463 0.189247
vt 0.976463 0.201719
vt 0.967234 0.254629
vt 0.971444 0.252680
vt 0.971444 0.265813
vt 0.968236 0.267298
vt 0.917613 0.943611
vt 0.911303 0.944423
vt 0.912805 0.929152
vt 0.917613 0.928533
vt 0.770844 0.484372
vt 0.770844 0.479768
vt 0.782521 0.477962
vt 0.782521 0.486444
vt 0.954312 0.465765
vt 0.954312 0.462962
vt 0.963791 0.462682
vt 0.963791 0.467845
vt 0.820968 0.988754
vt 0.818519 0.988813
vt 0.818519 0.985217
vt 0.820968 0.985158
vt 0.955769 0.378733
vt 0.961528 0.378063
vt 0.961528 0.391503
vt 0.955769 0.392173
vt 0.990045 0.672781
vt 0.990045 0.677547
vt 0.989484 0.676793
vt 0.974265 0.549828
vt 0.971875 0.551072
vt 0.969863 0.539675
vt 0.974265 0.537383
vt 0.990234 0.356606
vt 0.990234 0.361373
vt 0.989693 0.360649
vt 0.837891 0.382187
vt 0.837891 0.394813
vt 0.833832 0.394720
vt 0.830413 0.382015
vt 0.656953 0.774913
vt 0.663343 0.774655
vt 0.663343 0.779148
vt 0.656957 0.779114
vt 0.986368 0.038228
vt 0.986368 0.044887
vt 0.983788 0.043911
vt 0.984365 0.037497
vt 0.099532 0.994709
vt 0.098926 0.994051
vt 0.099532 0.991442
vt 0.402577 0.973008
vt 0.402577 0.981933
vt 0.399774 0.981887
vt 0.397414 0.972923
vt 0.785104 0.063188
vt 0.785104 0.067389
vt 0.778639 0.067191
vt 0.778640 0.063277
vt 0.956878 0.980750
vt 0.960149 0.980668
vt 0.960149 0.986378
vt 0.956634 0.986468
vt 0.397414 0.950606
vt 0.402376 0.950520
vt 0.402376 0.965490
vt 0.397414 0.965576
vt 0.209017 0.986898
vt 0.209017 0.991223
vt 0.208539 0.990602
vt 0.924338 0.675495
vt 0.924338 0.680322
vt 0.908508 0.679253
vt 0.908508 0.675574
vt 0.964262 0.427495
vt 0.964262 0.430383
vt 0.952690 0.430755
vt 0.952690 0.425435
vt 0.457513 0.939831
vt 0.463186 0.939651
vt 0.463186 0.954752
vt 0.457513 0.954933
vt 0.390067 0.950606
vt 0.390067 0.965576
vt 0.385104 0.965490
vt 0.385104 0.950520
vt 0.993190 0.699048
vt 0.993190 0.702850
vt 0.992549 0.702189
vt 0.992989 0.537383
vt 0.992989 0.541184
vt 0.992319 0.540612
vt 0.226675 0.994438
vt 0.226216 0.993709
vt 0.226675 0.990744
vt 0.127471 0.931135
vt 0.133737 0.930033
vt 0.133737 0.944888
vt 0.127471 0.945990
vt 0.908817 0.463415
vt 0.924244 0.462347
vt 0.924244 0.467174
vt 0.908817 0.467093
vt 0.154017 0.931002
vt 0.160207 0.930099
vt 0.160207 0.945068
vt 0.154017 0.945972
vt 0.372021 0.987784
vt 0.372021 0.991838
vt 0.371446 0.991194
vt 0.592986 0.954032
vt 0.587697 0.954609
vt 0.588956 0.938858
vt 0.592986 0.938419
vt 0.444782 0.937381
vt 0.450071 0.935375
vt 0.450071 0.950473
vt 0.446043 0.952007
vt 0.309532 0.977086
vt 0.313202 0.976552
vt 0.313202 0.982728
vt 0.309280 0.983301
vt 0.957746 0.751644
vt 0.957746 0.766452
vt 0.952472 0.765751
vt 0.952472 0.750944
vt 0.930089 0.239521
vt 0.941824 0.240430
vt 0.941824 0.243511
vt 0.930089 0.245197
vt 0.959925 0.727808
vt 0.959925 0.742616
vt 0.954908 0.741860
vt 0.954908 0.727052
vt 0.033867 0.995111
vt 0.033344 0.994507
vt 0.033867 0.991835
vt 0.964629 0.643098
vt 0.964629 0.646618
vt 0.953699 0.647541
vt 0.953699 0.641057
vt 0.954365 0.798365
vt 0.954365 0.801512
vt 0.943414 0.802114
vt 0.943414 0.796316
vt 0.205841 0.959466
vt 0.200186 0.960129
vt 0.200186 0.946283
vt 0.205841 0.945619
vt 0.041700 0.995110
vt 0.041214 0.994499
vt 0.041700 0.991835
vt 0.991563 0.959080
vt 0.991563 0.963133
vt 0.990985 0.962457
vt 0.984588 0.010429
vt 0.981515 0.010820
vt 0.981733 0.004033
vt 0.984588 0.003674
vt 0.953699 0.615865
vt 0.958747 0.615072
vt 0.958747 0.629996
vt 0.953699 0.630789
vt 0.073838 0.993810
vt 0.073408 0.993051
vt 0.073838 0.989712
vt 0.959098 0.670118
vt 0.954153 0.670780
vt 0.955330 0.655397
vt 0.959098 0.654888
vt 0.901161 0.676818
vt 0.901161 0.690387
vt 0.893653 0.689064
vt 0.893653 0.675495
vt 0.370248 0.927027
vt 0.377757 0.925705
vt 0.377757 0.939274
vt 0.370248 0.940597
vt 0.991844 0.393902
vt 0.991371 0.393181
vt 0.991844 0.389764
vt 0.658304 0.962350
vt 0.661436 0.961744
vt 0.661436 0.972163
vt 0.655667 0.973279
vt 0.309280 0.945631
vt 0.309280 0.930661
vt 0.315471 0.931565
vt 0.315471 0.946534
vt 0.850402 0.065337
vt 0.839600 0.063524
vt 0.839600 0.058920
vt 0.850402 0.056856
vt 0.107442 0.994694
vt 0.106879 0.994015
vt 0.107442 0.991442
vt 0.798603 0.969639
vt 0.795832 0.970961
vt 0.793499 0.960260
vt 0.798603 0.957824
vt 0.978171 0.297937
vt 0.980731 0.297928
vt 0.980731 0.300986
vt 0.978171 0.300996
vt 0.995401 0.493142
vt 0.994927 0.492520
vt 0.995401 0.489949
vt 0.145910 0.951378
vt 0.145910 0.966302
vt 0.141086 0.966143
vt 0.141086 0.951219
vt 0.223478 0.945287
vt 0.217258 0.945962
vt 0.218739 0.930613
vt 0.223478 0.930098
vt 0.738765 0.951620
vt 0.743590 0.951462
vt 0.743590 0.966386
vt 0.738765 0.966545
vt 0.995063 0.478526
vt 0.994628 0.477865
vt 0.995063 0.475192
vt 0.994926 0.851073
vt 0.994449 0.850438
vt 0.994926 0.847718
vt 0.995677 0.719255
vt 0.995178 0.718598
vt 0.995677 0.716098
vt 0.977056 0.783558
vt 0.978938 0.773799
vt 0.981173 0.774706
vt 0.981173 0.785229
vt 0.610664 0.962243
vt 0.600334 0.961863
vt 0.600334 0.957725
vt 0.610664 0.954619
vt 0.562066 0.951246
vt 0.560534 0.937333
vt 0.566973 0.938092
vt 0.566973 0.951824
vt 0.802363 0.674500
vt 0.809726 0.673178
vt 0.809726 0.688027
vt 0.802363 0.689348
vt 0.201191 0.986898
vt 0.201191 0.990715
vt 0.200186 0.989277
vt 0.806249 0.956502
vt 0.810564 0.955177
vt 0.810564 0.968843
vt 0.807278 0.969861
vt 0.961624 0.915724
vt 0.961624 0.930573
vt 0.956634 0.930142
vt 0.956634 0.915294
vt 0.897897 0.300915
vt 0.897188 0.300137
vt 0.897897 0.298397
vt 0.968969 0.970537
vt 0.970938 0.959080
vt 0.973275 0.960468
vt 0.973275 0.973094
vt 0.768868 0.688990
vt 0.767366 0.673407
vt 0.773675 0.674227
vt 0.773675 0.689615
vt 0.073831 0.959760
vt 0.073368 0.958844
vt 0.073831 0.954908
vt 0.983203 0.514978
vt 0.986150 0.514699
vt 0.986150 0.521567
vt 0.983088 0.521635
vt 0.789868 0.478843
vt 0.791205 0.477962
vt 0.791205 0.483011
vt 0.790000 0.482402
vt 0.839351 0.196882
vt 0.839350 0.182704
vt 0.847831 0.182797
vt 0.847831 0.196976
vt 0.341468 0.947707
vt 0.334255 0.947790
vt 0.334255 0.934008
vt 0.341468 0.933925
vt 0.590426 0.981780
vt 0.590426 0.988274
vt 0.587876 0.988236
vt 0.587697 0.981758
vt 0.969159 0.986878
vt 0.968969 0.980441
vt 0.971969 0.980495
vt 0.971969 0.986929
vt 0.868430 0.983730
vt 0.868430 0.989670
vt 0.866162 0.988637
vt 0.867190 0.983199
vt 0.717353 0.933102
vt 0.724119 0.932266
vt 0.724119 0.946112
vt 0.717353 0.946949
vt 0.969283 0.752461
vt 0.969283 0.765892
vt 0.965093 0.763901
vt 0.966090 0.750944
vt 0.881845 0.532181
vt 0.874285 0.533174
vt 0.876085 0.518648
vt 0.881845 0.517892
vt 0.457125 0.315876
vt 0.457125 0.321685
vt 0.456491 0.320739
vt 0.603959 0.290716
vt 0.603959 0.296525
vt 0.603342 0.295619
vt 0.184380 0.977968
vt 0.184380 0.983968
vt 0.180573 0.984002
vt 0.180312 0.977963
vt 0.872228 0.966429
vt 0.872228 0.975851
vt 0.868935 0.975706
vt 0.866162 0.966162
vt 0.656145 0.940175
vt 0.661436 0.938068
vt 0.661436 0.952787
vt 0.657406 0.954397
vt 0.692774 0.372848
vt 0.695512 0.372548
vt 0.695512 0.375436
vt 0.692774 0.375736
vt 0.159639 0.992989
vt 0.158899 0.992257
vt 0.159639 0.989314
vt 0.423733 0.945343
vt 0.422114 0.930956
vt 0.428916 0.931426
vt 0.428916 0.945704
vt 0.889095 0.191227
vt 0.882294 0.191706
vt 0.883912 0.176861
vt 0.889095 0.176508
vt 0.086863 0.940241
vt 0.086863 0.955343
vt 0.081190 0.955162
vt 0.081190 0.940061
vt 0.469317 0.904259
vt 0.469317 0.909454
vt 0.468745 0.908675
vt 0.244141 0.971708
vt 0.234160 0.971173
vt 0.234160 0.967653
vt 0.244141 0.965224
vt 0.811007 0.931964
vt 0.811007 0.947830
vt 0.806249 0.945967
vt 0.807382 0.930545
vt 0.422114 0.970699
vt 0.422114 0.967809
vt 0.432371 0.967611
vt 0.432371 0.972935
vt 0.984972 0.543682
vt 0.981612 0.544018
vt 0.981844 0.537692
vt 0.984972 0.537383
vt 0.990835 0.331700
vt 0.990835 0.336039
vt 0.990062 0.335338
vt 0.751522 0.919522
vt 0.751522 0.924717
vt 0.750877 0.923908
vt 0.976440 0.049970
vt 0.971952 0.050564
vt 0.971952 0.038092
vt 0.976440 0.037497
vt 0.945450 0.975465
vt 0.949287 0.974629
vt 0.949287 0.981334
vt 0.945237 0.982095
vt 0.937836 0.176023
vt 0.937836 0.180964
vt 0.937181 0.180159
vt 0.375995 0.948792
vt 0.375995 0.962028
vt 0.370248 0.961180
vt 0.370248 0.947944
vt 0.061586 0.993848
vt 0.060949 0.993173
vt 0.061586 0.990122
vt 0.810564 0.983360
vt 0.806831 0.983928
vt 0.807093 0.977730
vt 0.810564 0.977208
vt 0.763920 0.951803
vt 0.757511 0.952785
vt 0.757511 0.939549
vt 0.763920 0.938567
vt 0.192318 0.993977
vt 0.191728 0.993295
vt 0.192318 0.990251
vt 0.436921 0.930956
vt 0.436921 0.935897
vt 0.436263 0.935053
vt 0.643891 0.940852
vt 0.643891 0.955489
vt 0.638626 0.953495
vt 0.639879 0.939333
vt 0.702600 0.958013
vt 0.701223 0.943859
vt 0.707006 0.944287
vt 0.707006 0.958339
vt 0.818995 0.204822
vt 0.818995 0.210319
vt 0.818364 0.209507
vt 0.433360 0.980705
vt 0.435465 0.980282
vt 0.435465 0.986036
vt 0.432472 0.986844
vt 0.869546 0.196320
vt 0.862117 0.197193
vt 0.863885 0.182292
vt 0.869546 0.181627
vt 0.976772 0.424679
vt 0.981158 0.424528
vt 0.981158 0.431316
vt 0.976577 0.431332
vt 0.551778 0.933663
vt 0.551778 0.947445
vt 0.544565 0.947362
vt 0.544565 0.933580
vt 0.959074 0.514759
vt 0.964063 0.514699
vt 0.964063 0.529800
vt 0.959074 0.529860
vt 0.990487 0.920014
vt 0.989932 0.919168
vt 0.990487 0.915294
vt 0.981037 0.379514
vt 0.984024 0.378604
vt 0.984024 0.384884
vt 0.980853 0.385742
vt 0.824635 0.538074
vt 0.824635 0.549293
vt 0.821905 0.548929
vt 0.819606 0.537402
vt 0.991235 0.324147
vt 0.990512 0.323282
vt 0.991235 0.320265
vt 0.992939 0.548531
vt 0.992939 0.551879
vt 0.992319 0.551102
vt 0.535440 0.983187
vt 0.531902 0.983727
vt 0.532116 0.977276
vt 0.535440 0.976743
vt 0.933948 0.738282
vt 0.933948 0.742886
vt 0.930878 0.742878
vt 0.930878 0.738274
vt 0.413568 0.979252
vt 0.413568 0.985422
vt 0.410010 0.985256
vt 0.410128 0.979338
vt 0.981313 0.993755
vt 0.980622 0.993003
vt 0.981313 0.990092
vt 0.390421 0.928136
vt 0.390421 0.943173
vt 0.385104 0.940671
vt 0.386370 0.926230
vt 0.961572 0.971852
vt 0.958891 0.973321
vt 0.956634 0.963232
vt 0.961572 0.960527
vt 0.355743 0.986530
vt 0.355743 0.990948
vt 0.355072 0.990273
vt 0.961528 0.357276
vt 0.961528 0.370716
vt 0.955769 0.370046
vt 0.955769 0.356606
vt 0.828157 0.977811
vt 0.818519 0.977759
vt 0.818519 0.974869
vt 0.828157 0.972487
vt 0.127274 0.842519
vt 0.125096 0.843556
vt 0.123262 0.834314
vt 0.127274 0.832404
vt 0.474810 0.974548
vt 0.476912 0.963605
vt 0.479407 0.964678
vt 0.479407 0.976525
vt 0.994022 0.518518
vt 0.993498 0.517788
vt 0.994022 0.514699
vt 0.381978 0.993778
vt 0.381402 0.993079
vt 0.381978 0.989935
vt 0.990910 0.127915
vt 0.990910 0.132333
vt 0.990210 0.131618
vt 0.951770 0.689799
vt 0.957047 0.687835
vt 0.957047 0.702124
vt 0.953026 0.703621
vt 0.954707 0.042153
vt 0.954707 0.057954
vt 0.949977 0.056118
vt 0.951103 0.040754
vt 0.060949 0.946724
vt 0.060949 0.932878
vt 0.067715 0.933715
vt 0.067715 0.947561
vt 0.823065 0.394720
vt 0.814584 0.394813
vt 0.814584 0.380635
vt 0.823065 0.380541
vt 0.785538 0.745812
vt 0.800766 0.744676
vt 0.800766 0.750352
vt 0.785538 0.750137
vt 0.859670 0.600919
vt 0.859670 0.607544
vt 0.846361 0.606004
vt 0.846361 0.600955
vt 0.818219 0.686022
vt 0.818219 0.690332
vt 0.817074 0.688707
vt 0.278926 0.937561
vt 0.284268 0.935026
vt 0.284268 0.949624
vt 0.280197 0.951556
vt 0.961329 0.293416
vt 0.956330 0.293724
vt 0.957519 0.278645
vt 0.961329 0.278411
vt 0.419408 0.769730
vt 0.419408 0.772313
vt 0.416964 0.772050
vt 0.416964 0.769467
vt 0.959639 0.203754
vt 0.959639 0.188652
vt 0.964627 0.188712
vt 0.964627 0.203814
vt 0.437157 0.772315
vt 0.436354 0.771427
vt 0.437157 0.769467
vt 0.180312 0.968183
vt 0.182646 0.957436
vt 0.185418 0.958757
vt 0.185418 0.970615
vt 0.033344 0.943892
vt 0.039170 0.942884
vt 0.039170 0.956324
vt 0.033344 0.957332
vt 0.159639 0.953687
vt 0.159639 0.966403
vt 0.154017 0.966035
vt 0.154017 0.953319
vt 0.576573 0.989217
vt 0.574974 0.989803
vt 0.574321 0.984502
vt 0.576573 0.983476
vt 0.984700 0.560364
vt 0.984700 0.566997
vt 0.982137 0.565373
vt 0.982895 0.559256
vt 0.469269 0.896912
vt 0.468745 0.895881
vt 0.469269 0.891419
vt 0.422972 0.986374
vt 0.422114 0.980282
vt 0.425125 0.981090
vt 0.425125 0.986836
vt 0.760019 0.674728
vt 0.760019 0.689577
vt 0.752656 0.688255
vt 0.752656 0.673407
vt 0.233544 0.935117
vt 0.230825 0.935139
vt 0.230825 0.931079
vt 0.233544 0.931056
vt 0.929835 0.053022
vt 0.941409 0.053051
vt 0.941409 0.056447
vt 0.929835 0.059278
vt 0.504313 0.978751
vt 0.502064 0.979723
vt 0.500170 0.969756
vt 0.504313 0.967965
vt 0.934567 0.119944
vt 0.931529 0.120274
vt 0.931529 0.116136
vt 0.934567 0.115805
vt 0.638626 0.975102
vt 0.638626 0.962836
vt 0.643168 0.963779
vt 0.643168 0.976045
vt 0.861276 0.532913
vt 0.859507 0.517892
vt 0.866938 0.518752
vt 0.866938 0.533569
vt 0.951504 0.165517
vt 0.951504 0.180642
vt 0.946214 0.178641
vt 0.947473 0.163995
vt 0.985104 0.813161
vt 0.984346 0.806448
vt 0.986990 0.807097
vt 0.986990 0.813488
vt 0.971774 0.740569
vt 0.967272 0.741053
vt 0.968344 0.727421
vt 0.971774 0.727052
vt 0.990902 0.264480
vt 0.990902 0.269106
vt 0.990407 0.268307
vt 0.990946 0.727052
vt 0.990946 0.731678
vt 0.990463 0.730916
vt 0.309280 0.955881
vt 0.313553 0.953882
vt 0.313553 0.967682
vt 0.310297 0.969205
vt 0.903934 0.965931
vt 0.898873 0.966955
vt 0.900077 0.953578
vt 0.903934 0.952797
vt 0.976982 0.235427
vt 0.972552 0.235776
vt 0.972552 0.223197
vt 0.976981 0.222848
vt 0.410575 0.995652
vt 0.410010 0.995096
vt 0.410575 0.992769
vt 0.843305 0.939980
vt 0.843305 0.953216
vt 0.836896 0.952235
vt 0.836896 0.938999
vt 0.688495 0.965256
vt 0.683201 0.965817
vt 0.684460 0.952227
vt 0.688495 0.951806
vt 0.993863 0.188652
vt 0.993863 0.192709
vt 0.993421 0.192087
vt 0.674564 0.955026
vt 0.668783 0.955475
vt 0.670159 0.940770
vt 0.674564 0.940428
vt 0.961638 0.116823
vt 0.955891 0.117671
vt 0.955891 0.104435
vt 0.961638 0.103587
vt 0.972140 0.890953
vt 0.972140 0.904321
vt 0.967911 0.902956
vt 0.968918 0.889913
vt 0.954312 0.501871
vt 0.965290 0.501990
vt 0.965290 0.504878
vt 0.954312 0.507191
vt 0.266699 0.954868
vt 0.265440 0.939515
vt 0.270732 0.940060
vt 0.270732 0.955284
vt 0.297209 0.996194
vt 0.296730 0.995539
vt 0.297209 0.993243
vt 0.234682 0.995660
vt 0.234160 0.995077
vt 0.234682 0.992642
vt 0.992446 0.003674
vt 0.992446 0.007730
vt 0.991935 0.007080
vt 0.960564 0.904909
vt 0.955640 0.905531
vt 0.956812 0.890387
vt 0.960564 0.889913
vt 0.359620 0.948194
vt 0.359620 0.960773
vt 0.353720 0.959344
vt 0.353720 0.946765
vt 0.887528 0.943503
vt 0.887528 0.957285
vt 0.881743 0.956256
vt 0.881743 0.942474
vt 0.389844 0.989935
vt 0.389844 0.993870
vt 0.389325 0.993197
vt 0.855821 0.748644
vt 0.855821 0.745248
vt 0.868265 0.745069
vt 0.868265 0.751325
vt 0.703999 0.965728
vt 0.707294 0.965686
vt 0.707294 0.975801
vt 0.701223 0.975878
vt 0.995749 0.069595
vt 0.995244 0.069089
vt 0.995749 0.066650
vt 0.685362 0.973457
vt 0.687928 0.973165
vt 0.687928 0.982214
vt 0.683201 0.982753
vt 0.500170 0.948039
vt 0.506071 0.946610
vt 0.506071 0.959189
vt 0.500170 0.960618
vt 0.097468 0.957805
vt 0.102515 0.956717
vt 0.102515 0.968982
vt 0.097468 0.970071
vt 0.561921 0.985815
vt 0.560534 0.979500
vt 0.563567 0.980151
vt 0.563567 0.986150
vt 0.305024 0.996186
vt 0.304556 0.995674
vt 0.305024 0.993243
vt 0.115934 0.989893
vt 0.115934 0.993827
vt 0.115414 0.993123
vt 0.991150 0.986494
vt 0.991150 0.990787
vt 0.990642 0.990153
vt 0.986415 0.087374
vt 0.985205 0.080746
vt 0.987834 0.081027
vt 0.987834 0.087481
vt 0.988436 0.765447
vt 0.985748 0.765625
vt 0.985748 0.762229
vt 0.988436 0.762052
vt 0.414624 0.959189
vt 0.414624 0.971905
vt 0.410010 0.970922
vt 0.410010 0.958207
vt 0.963150 0.572705
vt 0.957528 0.573073
vt 0.957528 0.560358
vt 0.963150 0.559990
vt 0.052773 0.988197
vt 0.049598 0.988300
vt 0.049800 0.982769
vt 0.052773 0.982629
vt 0.255936 0.994506
vt 0.255491 0.993840
vt 0.255936 0.990813
vt 0.995266 0.507326
vt 0.994700 0.506640
vt 0.995266 0.504213
vt 0.884055 0.965022
vt 0.886802 0.964633
vt 0.886802 0.975751
vt 0.881743 0.976468
vt 0.955680 0.092868
vt 0.955680 0.095949
vt 0.952972 0.095924
vt 0.952972 0.092843
vt 0.819859 0.965093
vt 0.818519 0.951359
vt 0.824153 0.951419
vt 0.824153 0.965140
vt 0.830703 0.988454
vt 0.828315 0.988795
vt 0.828315 0.985499
vt 0.830703 0.985158
vt 0.757027 0.991233
vt 0.757027 0.994683
vt 0.756488 0.994133
vt 0.958884 0.017243
vt 0.958884 0.003674
vt 0.964490 0.004198
vt 0.964490 0.017767
vt 0.952452 0.834028
vt 0.957726 0.833327
vt 0.957726 0.848135
vt 0.952452 0.848835
vt 0.988509 0.445545
vt 0.988149 0.439175
vt 0.989986 0.439573
vt 0.989986 0.445749
vt 0.167652 0.963277
vt 0.172144 0.962790
vt 0.172144 0.975646
vt 0.167652 0.976134
vt 0.985093 0.713315
vt 0.987831 0.712639
vt 0.987831 0.718829
vt 0.984988 0.719255
vt 0.084128 0.987171
vt 0.081190 0.987832
vt 0.081400 0.982094
vt 0.084128 0.981486
vt 0.996197 0.765102
vt 0.995784 0.764539
vt 0.996197 0.762052
vt 0.995632 0.083816
vt 0.995182 0.083278
vt 0.995632 0.080746
vt 0.994659 0.055525
vt 0.994659 0.058975
vt 0.994098 0.058393
vt 0.975740 0.527418
vt 0.971410 0.528411
vt 0.972440 0.515456
vt 0.975740 0.514699
vt 0.765119 0.060951
vt 0.765119 0.066627
vt 0.749685 0.065502
vt 0.749692 0.061177
vt 0.116880 0.965102
vt 0.111246 0.965166
vt 0.112587 0.951870
vt 0.116880 0.951821
vt 0.315805 0.634493
vt 0.315805 0.637933
vt 0.314892 0.636617
vt 0.481423 0.943223
vt 0.481423 0.956258
vt 0.474810 0.955851
vt 0.474810 0.942816
vt 0.268708 0.981470
vt 0.268708 0.987393
vt 0.265652 0.987256
vt 0.265440 0.981320
vt 0.736299 0.690375
vt 0.735661 0.689692
vt 0.736299 0.688081
vt 0.753367 0.960132
vt 0.763920 0.960932
vt 0.763920 0.964528
vt 0.753367 0.966757
vt 0.976593 0.087840
vt 0.976593 0.091294
vt 0.973880 0.091161
vt 0.973880 0.087707
vt 0.969708 0.774930
vt 0.969708 0.788579
vt 0.965443 0.787090
vt 0.966457 0.773799
vt 0.991208 0.905711
vt 0.990790 0.904900
vt 0.991208 0.901409
vt 0.985925 0.754328
vt 0.985748 0.748611
vt 0.988534 0.749016
vt 0.988534 0.754704
vt 0.987140 0.229685
vt 0.984329 0.229719
vt 0.984526 0.222880
vt 0.987140 0.222848
vt 0.685054 0.479108
vt 0.688221 0.478559
vt 0.688221 0.485319
vt 0.684878 0.485826
vt 0.969230 0.403794
vt 0.969230 0.417469
vt 0.964983 0.415324
vt 0.965994 0.402160
vt 0.073838 0.976446
vt 0.073838 0.982365
vt 0.072269 0.981628
vt 0.072679 0.975933
vt 0.786151 0.988643
vt 0.783535 0.988972
vt 0.783718 0.983108
vt 0.786151 0.982805
vt 0.531902 0.968308
vt 0.531902 0.956042
vt 0.536950 0.957130
vt 0.536950 0.969396
vt 0.968856 0.139654
vt 0.970897 0.127915
vt 0.973321 0.129092
vt 0.973321 0.141821
vt 0.982194 0.635544
vt 0.982194 0.645472
vt 0.979782 0.645031
vt 0.977750 0.634731
vt 0.970403 0.616093
vt 0.970403 0.629687
vt 0.966094 0.628342
vt 0.967119 0.615072
vt 0.966568 0.156340
vt 0.956518 0.155919
vt 0.956518 0.152771
vt 0.966568 0.150542
vt 0.983295 0.976150
vt 0.983295 0.982744
vt 0.980622 0.981130
vt 0.981211 0.974853
vt 0.988889 0.282222
vt 0.988901 0.279042
vt 0.989712 0.278411
vt 0.989712 0.282888
vt 0.389844 0.973337
vt 0.389844 0.982588
vt 0.387271 0.982363
vt 0.385104 0.972923
vt 0.954663 0.332456
vt 0.959680 0.331700
vt 0.959680 0.346508
vt 0.954663 0.347264
vt 0.673274 0.963309
vt 0.673274 0.976165
vt 0.668783 0.975678
vt 0.668783 0.962822
vt 0.977904 0.607207
vt 0.977750 0.600754
vt 0.981746 0.601344
vt 0.981746 0.607725
vt 0.970805 0.668045
vt 0.968438 0.669384
vt 0.966445 0.657354
vt 0.970805 0.654888
vt 0.953867 0.417590
vt 0.952690 0.402160
vt 0.957636 0.402817
vt 0.957636 0.418087
vt 0.257741 0.954318
vt 0.257741 0.967174
vt 0.252472 0.966413
vt 0.252472 0.953557
vt 0.043252 0.966860
vt 0.043252 0.970456
vt 0.033344 0.971305
vt 0.033344 0.964680
vt 0.977175 0.580812
vt 0.977175 0.593391
vt 0.972746 0.593042
vt 0.972746 0.580463
vt 0.737009 0.988570
vt 0.734542 0.989077
vt 0.734542 0.986274
vt 0.737009 0.985767
vt 0.986362 0.066815
vt 0.987897 0.066650
vt 0.987897 0.073094
vt 0.985205 0.073399
vt 0.099160 0.983718
vt 0.098926 0.977418
vt 0.102515 0.977820
vt 0.102515 0.984094
vt 0.409617 0.769471
vt 0.409617 0.772245
vt 0.406997 0.772241
vt 0.406997 0.769467
vt 0.488461 0.989420
vt 0.489137 0.988885
vt 0.489137 0.992699
vt 0.984346 0.820837
vt 0.987536 0.820836
vt 0.987536 0.824751
vt 0.984346 0.824752
vt 0.580014 0.716638
vt 0.604427 0.670878
vt 0.604427 0.729911
vt 0.738765 0.859314
vt 0.751849 0.830824
vt 0.751849 0.871136
vt 0.732345 0.553197
vt 0.708158 0.506833
vt 0.732345 0.493828
vt 0.391095 0.844367
vt 0.391095 0.871483
vt 0.372119 0.848993
vt 0.771292 0.074736
vt 0.771292 0.125936
vt 0.748437 0.093209
vt 0.874947 0.174280
vt 0.862117 0.146889
vt 0.874947 0.135253
vt 0.714490 0.258796
vt 0.737672 0.212768
vt 0.737672 0.271067
vt 0.519695 0.869256
vt 0.545375 0.864504
vt 0.545375 0.881572
vt 0.665222 0.590027
vt 0.696838 0.553553
vt 0.696838 0.605454
vt 0.502938 0.078088
vt 0.485921 0.077810
vt 0.502938 0.076482
vt 0.945104 0.846303
vt 0.943414 0.813164
vt 0.945104 0.809461
vt 0.695861 0.464303
vt 0.719687 0.420945
vt 0.719687 0.482754
vt 0.278926 0.879228
vt 0.290046 0.852543
vt 0.290046 0.887205
vt 0.707142 0.276110
vt 0.683356 0.223805
vt 0.707142 0.212768
vt 0.786154 0.862502
vt 0.759208 0.856424
vt 0.786154 0.842374
vt 0.605896 0.060278
vt 0.570039 0.024166
vt 0.605896 0.003674
vt 0.468279 0.483727
vt 0.468279 0.536701
vt 0.422241 0.515690
vt 0.663064 0.706162
vt 0.624473 0.670087
vt 0.663064 0.666566
vt 0.040552 0.758478
vt 0.003674 0.726434
vt 0.040552 0.726286
vt 0.364572 0.897875
vt 0.353720 0.872468
vt 0.364572 0.864560
vt 0.720444 0.128256
vt 0.741090 0.074736
vt 0.741090 0.138473
vt 0.129228 0.858248
vt 0.156672 0.852114
vt 0.156672 0.869571
vt 0.941339 0.689272
vt 0.944423 0.687835
vt 0.944423 0.719352
vt 0.941821 0.719705
vt 0.515655 0.114770
vt 0.558171 0.085516
vt 0.558171 0.140700
vt 0.222922 0.389968
vt 0.222922 0.441341
vt 0.168420 0.432692
vt 0.973118 0.704793
vt 0.975394 0.687835
vt 0.975394 0.705292
vt 0.039170 0.935536
vt 0.037973 0.901721
vt 0.039170 0.899683
vt 0.796786 0.372987
vt 0.796786 0.412593
vt 0.772788 0.386747
vt 0.659036 0.840068
vt 0.675786 0.818845
vt 0.675786 0.854237
vt 0.824887 0.556642
vt 0.824887 0.593572
vt 0.802616 0.584027
vt 0.839350 0.157781
vt 0.854770 0.135253
vt 0.854770 0.175357
vt 0.205847 0.788628
vt 0.168420 0.776317
vt 0.205847 0.763344
vt 0.189930 0.833569
vt 0.189930 0.860547
vt 0.168420 0.859990
vt 0.037028 0.827315
vt 0.003674 0.813340
vt 0.037028 0.804523
vt 0.731418 0.869910
vt 0.717353 0.846410
vt 0.731418 0.830824
vt 0.452493 0.078154
vt 0.431498 0.076560
vt 0.452493 0.076497
vt 0.941476 0.577446
vt 0.939761 0.540614
vt 0.941476 0.537383
vt 0.051531 0.234642
vt 0.053286 0.177263
vt 0.053286 0.235381
vt 0.720470 0.723899
vt 0.671620 0.720836
vt 0.720470 0.697734
vt 0.434824 0.859532
vt 0.450166 0.839843
vt 0.450166 0.874621
vt 0.761949 0.547674
vt 0.739693 0.506697
vt 0.761949 0.493828
vt 0.060949 0.877239
vt 0.073843 0.850921
vt 0.073843 0.887031
vt 0.791248 0.493828
vt 0.791248 0.542101
vt 0.769296 0.512659
vt 0.312610 0.876997
vt 0.297677 0.857784
vt 0.312610 0.843166
vt 0.751960 0.188699
vt 0.773085 0.147961
vt 0.773085 0.200688
vt 0.894062 0.509836
vt 0.882260 0.483647
vt 0.894062 0.475192
vt 0.469275 0.703226
vt 0.468151 0.670658
vt 0.469275 0.665026
vt 0.935910 0.299859
vt 0.937998 0.297506
vt 0.937998 0.300541
vt 0.693876 0.811497
vt 0.659036 0.797246
vt 0.693876 0.787540
vt 0.562132 0.877497
vt 0.576601 0.858492
vt 0.576601 0.889389
vt 0.616091 0.819684
vt 0.648191 0.813407
vt 0.648191 0.835126
vt 0.026463 0.876574
vt 0.039291 0.858119
vt 0.039291 0.892336
vt 0.554629 0.834387
vt 0.520028 0.820537
vt 0.554629 0.813031
vt 0.675786 0.861585
vt 0.675786 0.884507
vt 0.657091 0.884468
vt 0.562132 0.842965
vt 0.581285 0.816163
vt 0.581285 0.851144
vt 0.894244 0.169161
vt 0.882294 0.149760
vt 0.894244 0.135253
vt 0.478574 0.078088
vt 0.459840 0.078007
vt 0.478574 0.076497
vt 0.468151 0.609328
vt 0.469378 0.566885
vt 0.469378 0.609963
vt 0.315440 0.720316
vt 0.314632 0.693681
vt 0.315440 0.692748
vt 0.937181 0.168128
vt 0.938867 0.127915
vt 0.938867 0.168676
vt 0.724423 0.410993
vt 0.681776 0.410864
vt 0.724423 0.383084
vt 0.646991 0.237346
vt 0.656452 0.215770
vt 0.656452 0.243126
vt 0.765367 0.556642
vt 0.765367 0.605454
vt 0.741661 0.602578
vt 0.588632 0.841081
vt 0.604595 0.816163
vt 0.604595 0.853176
vt 0.759208 0.792398
vt 0.788214 0.761880
vt 0.788214 0.795127
vt 0.764395 0.306874
vt 0.755134 0.285931
vt 0.764395 0.280286
vt 0.766491 0.358093
vt 0.787216 0.314354
vt 0.787216 0.365191
vt 0.233593 0.873034
vt 0.218906 0.847894
vt 0.233593 0.835682
vt 0.968676 0.296851
vt 0.970824 0.278411
vt 0.970824 0.297512
vt 0.469360 0.657679
vt 0.468151 0.619324
vt 0.469360 0.617310
vt 0.505033 0.413598
vt 0.465021 0.411180
vt 0.465213 0.409811
vt 0.505033 0.409500
vt 0.161072 0.144126
vt 0.120903 0.167327
vt 0.117459 0.116289
vt 0.161072 0.086940
vt 0.827351 0.260290
vt 0.827109 0.205129
vt 0.837768 0.206785
vt 0.837768 0.261993
vt 0.413542 0.273122
vt 0.449144 0.251368
vt 0.449144 0.321943
vt 0.415937 0.328433
vt 0.313665 0.377567
vt 0.267265 0.398479
vt 0.271500 0.343481
vt 0.313665 0.333927
vt 0.831995 0.193937
vt 0.831995 0.197470
vt 0.829430 0.195728
vt 0.829633 0.194021
vt 0.872604 0.453863
vt 0.864450 0.453982
vt 0.864495 0.402561
vt 0.872604 0.402160
vt 0.372119 0.646006
vt 0.399650 0.628099
vt 0.399650 0.676957
vt 0.379337 0.684339
vt 0.103158 0.698525
vt 0.065939 0.702397
vt 0.075627 0.662762
vt 0.103158 0.658622
vt 0.267735 0.931322
vt 0.269287 0.885976
vt 0.270732 0.886889
vt 0.270732 0.932168
vt 0.480470 0.044947
vt 0.483099 0.003674
vt 0.517910 0.017256
vt 0.517910 0.069119
vt 0.617126 0.598133
vt 0.580014 0.607317
vt 0.584847 0.559291
vt 0.617126 0.553553
vt 0.914984 0.616021
vt 0.914984 0.666234
vt 0.910916 0.665256
vt 0.912850 0.615072
vt 0.321793 0.051818
vt 0.324155 0.003674
vt 0.362893 0.017436
vt 0.362893 0.078168
vt 0.926088 0.662795
vt 0.922332 0.662515
vt 0.924056 0.615852
vt 0.926088 0.615072
vt 0.937099 0.357074
vt 0.939514 0.356606
vt 0.939514 0.393384
vt 0.937702 0.393072
vt 0.645105 0.486363
vt 0.614338 0.486145
vt 0.615469 0.484575
vt 0.645105 0.482830
vt 0.168839 0.107384
vt 0.215101 0.086940
vt 0.215101 0.136131
vt 0.168420 0.159167
vt 0.933435 0.656299
vt 0.933966 0.615072
vt 0.936429 0.616405
vt 0.936429 0.656981
vt 0.838767 0.122232
vt 0.831436 0.124314
vt 0.825662 0.078411
vt 0.838767 0.074736
vt 0.862307 0.848449
vt 0.869233 0.812827
vt 0.874395 0.814848
vt 0.874395 0.853270
vt 0.660665 0.458588
vt 0.655592 0.420945
vt 0.688514 0.426527
vt 0.688514 0.471211
vt 0.399407 0.833378
vt 0.400682 0.799378
vt 0.403234 0.801309
vt 0.403234 0.835952
vt 0.532954 0.539861
vt 0.532214 0.494194
vt 0.573590 0.503285
vt 0.573590 0.546206
vt 0.946497 0.253990
vt 0.948982 0.252680
vt 0.948982 0.280718
vt 0.945650 0.280813
vt 0.809429 0.126162
vt 0.804185 0.074736
vt 0.818315 0.076478
vt 0.818315 0.127375
vt 0.446191 0.575374
vt 0.446191 0.616490
vt 0.411078 0.599070
vt 0.406997 0.566885
vt 0.003674 0.294715
vt 0.043605 0.263910
vt 0.043605 0.328858
vt 0.007136 0.340765
vt 0.058592 0.711094
vt 0.058592 0.782346
vt 0.048318 0.779926
vt 0.049147 0.709744
vt 0.969412 0.117557
vt 0.968985 0.098727
vt 0.971065 0.098878
vt 0.971065 0.117671
vt 0.949977 0.033043
vt 0.951537 0.003674
vt 0.951537 0.033407
vt 0.603878 0.283368
vt 0.603342 0.252974
vt 0.603878 0.251368
vt 0.478122 0.863368
vt 0.487608 0.863185
vt 0.487608 0.896460
vt 0.476732 0.895976
vt 0.499934 0.765367
vt 0.476732 0.746836
vt 0.499934 0.713501
vt 0.033149 0.797175
vt 0.003674 0.775075
vt 0.033149 0.765825
vt 0.889512 0.242910
vt 0.883719 0.245332
vt 0.880561 0.203495
vt 0.889512 0.201165
vt 0.396606 0.743980
vt 0.372119 0.713328
vt 0.396606 0.691686
vt 0.117339 0.878036
vt 0.099642 0.876578
vt 0.117339 0.850921
vt 0.161072 0.518612
vt 0.161072 0.562567
vt 0.120508 0.561614
vt 0.114422 0.514303
vt 0.168420 0.194394
vt 0.209566 0.166515
vt 0.209566 0.233655
vt 0.171114 0.246731
vt 0.356149 0.618654
vt 0.324171 0.627855
vt 0.326726 0.583182
vt 0.356149 0.566885
vt 0.525900 0.075319
vt 0.525257 0.068679
vt 0.558014 0.068627
vt 0.558014 0.078115
vt 0.092294 0.851339
vt 0.092294 0.890705
vt 0.081409 0.890508
vt 0.081190 0.850921
vt 0.935677 0.476551
vt 0.937767 0.475192
vt 0.937767 0.516550
vt 0.935848 0.517593
vt 0.572667 0.596042
vt 0.532214 0.603994
vt 0.536265 0.570996
vt 0.572667 0.553553
vt 0.896900 0.068526
vt 0.900860 0.066650
vt 0.900860 0.121622
vt 0.896997 0.122471
vt 0.554542 0.875349
vt 0.552722 0.875588
vt 0.553010 0.864505
vt 0.554542 0.864504
vt 0.708413 0.326941
vt 0.731948 0.314354
vt 0.731948 0.372411
vt 0.195182 0.826222
vt 0.168420 0.815602
vt 0.195182 0.795975
vt 0.657875 0.557964
vt 0.657875 0.607725
vt 0.632331 0.597724
vt 0.624473 0.553553
vt 0.751860 0.749271
vt 0.727818 0.727629
vt 0.751860 0.697734
vt 0.019116 0.858119
vt 0.019116 0.887653
vt 0.003674 0.879180
vt 0.734314 0.562096
vt 0.734314 0.605454
vt 0.704185 0.594954
vt 0.402745 0.898555
vt 0.399825 0.897957
vt 0.398442 0.845729
vt 0.402745 0.844367
vt 0.919139 0.189994
vt 0.922742 0.188652
vt 0.922742 0.239881
vt 0.919181 0.239754
vt 0.976999 0.806448
vt 0.976999 0.825980
vt 0.975565 0.823407
vt 0.889552 0.075529
vt 0.889552 0.122471
vt 0.882449 0.121664
vt 0.881779 0.074736
vt 0.411069 0.782689
vt 0.469053 0.779774
vt 0.469053 0.793845
vt 0.410857 0.790369
vt 0.787857 0.947610
vt 0.784168 0.946945
vt 0.786337 0.920446
vt 0.787857 0.920254
vt 0.948824 0.537418
vt 0.950180 0.537383
vt 0.950180 0.570571
vt 0.572327 0.664517
vt 0.572327 0.702955
vt 0.531138 0.694663
vt 0.531881 0.666332
vt 0.114639 0.753015
vt 0.135523 0.752060
vt 0.135523 0.755344
vt 0.114422 0.754591
vt 0.501526 0.276449
vt 0.501526 0.308528
vt 0.457877 0.302771
vt 0.456491 0.251368
vt 0.816704 0.308651
vt 0.826797 0.308485
vt 0.826797 0.370676
vt 0.816176 0.370751
vt 0.898723 0.458642
vt 0.897855 0.402768
vt 0.901469 0.402160
vt 0.901469 0.459237
vt 0.943777 0.615430
vt 0.946352 0.615072
vt 0.946352 0.647541
vt 0.944033 0.647397
vt 0.911665 0.052722
vt 0.908887 0.053630
vt 0.906827 0.005114
vt 0.911665 0.003674
vt 0.422241 0.391456
vt 0.425118 0.337479
vt 0.457674 0.344226
vt 0.457674 0.413598
vt 0.555930 0.759775
vt 0.531138 0.738475
vt 0.555930 0.710302
vt 0.802327 0.298249
vt 0.771743 0.279540
vt 0.802327 0.269340
vt 0.744613 0.205420
vt 0.722440 0.169489
vt 0.744613 0.147961
vt 0.616091 0.852989
vt 0.631278 0.842473
vt 0.631278 0.876063
vt 0.444163 0.626393
vt 0.444163 0.670687
vt 0.407468 0.654311
vt 0.406997 0.623837
vt 0.653824 0.043623
vt 0.660587 0.003674
vt 0.682294 0.011574
vt 0.682294 0.061216
vt 0.148747 0.621143
vt 0.114422 0.625820
vt 0.122338 0.580621
vt 0.148747 0.569914
vt 0.280626 0.895532
vt 0.284471 0.894552
vt 0.284471 0.927237
vt 0.278926 0.927678
vt 0.273601 0.592685
vt 0.307498 0.590641
vt 0.307498 0.624231
vt 0.267265 0.638132
vt 0.646477 0.010489
vt 0.646477 0.059978
vt 0.616195 0.048261
vt 0.613243 0.003674
vt 0.539929 0.655537
vt 0.532214 0.611341
vt 0.572327 0.618204
vt 0.572327 0.657170
vt 0.554629 0.841734
vt 0.554629 0.857156
vt 0.520257 0.854192
vt 0.519695 0.845870
vt 0.425472 0.056500
vt 0.370240 0.013191
vt 0.425472 0.003674
vt 0.804133 0.412778
vt 0.804422 0.372987
vt 0.807214 0.374325
vt 0.807214 0.413411
vt 0.812259 0.486194
vt 0.812259 0.542101
vt 0.806453 0.541501
vt 0.798595 0.484969
vt 0.689641 0.023519
vt 0.713889 0.003674
vt 0.713889 0.065932
vt 0.244979 0.797566
vt 0.244979 0.828334
vt 0.218906 0.806702
vt 0.726617 0.688827
vt 0.728314 0.688081
vt 0.728314 0.689972
vt 0.726589 0.690352
vt 0.136482 0.744712
vt 0.114422 0.722392
vt 0.136482 0.687348
vt 0.854959 0.812827
vt 0.854959 0.851794
vt 0.838767 0.835818
vt 0.257586 0.635063
vt 0.218906 0.595432
vt 0.257586 0.585440
vt 0.277372 0.029451
vt 0.314446 0.003674
vt 0.314446 0.075836
vt 0.279248 0.087960
vt 0.030625 0.931949
vt 0.027629 0.933156
vt 0.026463 0.901456
vt 0.030625 0.899683
vt 0.364249 0.244021
vt 0.320074 0.243213
vt 0.320786 0.240397
vt 0.364249 0.240260
vt 0.367104 0.274967
vt 0.406195 0.251368
vt 0.406195 0.313560
vt 0.369736 0.325119
vt 0.504851 0.385775
vt 0.465021 0.401578
vt 0.467741 0.351800
vt 0.504851 0.337479
vt 0.406997 0.682057
vt 0.445227 0.678034
vt 0.445227 0.716374
vt 0.977331 0.833327
vt 0.977331 0.853455
vt 0.976675 0.850425
vt 0.908817 0.402992
vt 0.912611 0.402160
vt 0.912611 0.455000
vt 0.910822 0.454855
vt 0.945147 0.308785
vt 0.947316 0.308485
vt 0.947316 0.339625
vt 0.944603 0.339519
vt 0.369746 0.388487
vt 0.321012 0.398319
vt 0.328157 0.348759
vt 0.369746 0.337479
vt 0.945114 0.475286
vt 0.946965 0.475192
vt 0.946965 0.509072
vt 0.168420 0.277794
vt 0.207563 0.254078
vt 0.207563 0.325331
vt 0.170980 0.333695
vt 0.664272 0.617393
vt 0.664272 0.659219
vt 0.628206 0.652019
vt 0.624473 0.615072
vt 0.399250 0.938510
vt 0.398442 0.906077
vt 0.402336 0.905902
vt 0.402336 0.939147
vt 0.922299 0.857561
vt 0.923114 0.809867
vt 0.925886 0.809461
vt 0.925886 0.858443
vt 0.241998 0.935088
vt 0.240940 0.896665
vt 0.244141 0.895825
vt 0.244141 0.935747
vt 0.372119 0.760353
vt 0.395892 0.751327
vt 0.395892 0.792031
vt 0.244855 0.750157
vt 0.244855 0.790219
vt 0.218906 0.757745
vt 0.648191 0.806060
vt 0.624473 0.776479
vt 0.648191 0.769130
vt 0.253616 0.858071
vt 0.271579 0.852543
vt 0.271579 0.878628
vt 0.617101 0.672350
vt 0.617101 0.728258
vt 0.611775 0.726466
vt 0.613569 0.670878
vt 0.344936 0.530022
vt 0.347257 0.473634
vt 0.348726 0.473686
vt 0.348726 0.530872
vt 0.230825 0.880849
vt 0.233101 0.880382
vt 0.233101 0.923709
vt 0.230892 0.923699
vt 0.933378 0.232173
vt 0.930089 0.231741
vt 0.931244 0.189264
vt 0.933378 0.188652
vt 0.108359 0.302931
vt 0.058075 0.310760
vt 0.059000 0.266958
vt 0.108359 0.247723
vt 0.521435 0.406505
vt 0.521539 0.400776
vt 0.572209 0.399886
vt 0.572209 0.413598
vt 0.889322 0.813093
vt 0.889322 0.861299
vt 0.882173 0.860886
vt 0.881743 0.812827
vt 0.085530 0.898052
vt 0.085530 0.932714
vt 0.081190 0.931405
vt 0.083729 0.898187
vt 0.521530 0.705155
vt 0.519880 0.661972
vt 0.523570 0.662135
vt 0.523570 0.705911
vt 0.375452 0.242205
vt 0.374683 0.234201
vt 0.419387 0.234358
vt 0.419387 0.240894
vt 0.158205 0.804712
vt 0.134621 0.791414
vt 0.158205 0.765312
vt 0.725778 0.786672
vt 0.751860 0.756618
vt 0.751860 0.793568
vt 0.780432 0.138679
vt 0.793604 0.135253
vt 0.793604 0.198990
vt 0.786002 0.200688
vt 0.346465 0.816395
vt 0.323098 0.808998
vt 0.346465 0.780232
vt 0.606856 0.860523
vt 0.606856 0.885728
vt 0.588632 0.880968
vt 0.105963 0.647570
vt 0.065939 0.651275
vt 0.077775 0.611953
vt 0.105963 0.605078
vt 0.108869 0.812732
vt 0.108869 0.827487
vt 0.061228 0.824479
vt 0.060949 0.815202
vt 0.808054 0.874024
vt 0.811007 0.873036
vt 0.811007 0.922395
vt 0.809383 0.923197
vt 0.363994 0.635203
vt 0.363994 0.678854
vt 0.331271 0.669372
vt 0.324171 0.640602
vt 0.463423 0.832402
vt 0.410857 0.832496
vt 0.411568 0.822777
vt 0.463423 0.823663
vt 0.914397 0.299059
vt 0.912681 0.252912
vt 0.917202 0.252680
vt 0.917202 0.299336
vt 0.264660 0.226975
vt 0.216913 0.234113
vt 0.219624 0.174716
vt 0.264660 0.166515
vt 0.965770 0.687835
vt 0.965770 0.711216
vt 0.964394 0.708844
vt 0.522209 0.551260
vt 0.524807 0.550934
vt 0.524807 0.605907
vt 0.521365 0.605520
vt 0.682753 0.372747
vt 0.685427 0.373353
vt 0.685427 0.375485
vt 0.681776 0.375736
vt 0.322904 0.136156
vt 0.321793 0.085516
vt 0.364821 0.108583
vt 0.364821 0.155516
vt 0.934658 0.310118
vt 0.937256 0.308485
vt 0.937256 0.347337
vt 0.935023 0.348446
vt 0.512003 0.240402
vt 0.512003 0.242972
vt 0.475133 0.240547
vt 0.832003 0.185183
vt 0.818364 0.186589
vt 0.824860 0.136169
vt 0.832003 0.135253
vt 0.929835 0.004992
vt 0.933462 0.003674
vt 0.933462 0.045674
vt 0.929865 0.045643
vt 0.364572 0.856759
vt 0.353961 0.857213
vt 0.354412 0.807525
vt 0.364572 0.807043
vt 0.941717 0.430948
vt 0.942247 0.402160
vt 0.945343 0.403347
vt 0.945343 0.431828
vt 0.348228 0.405827
vt 0.348228 0.466287
vt 0.344936 0.463140
vt 0.064369 0.021406
vt 0.110112 0.003674
vt 0.110112 0.059034
vt 0.060971 0.082055
vt 0.307284 0.692748
vt 0.307284 0.725505
vt 0.276195 0.723284
vt 0.267265 0.693686
vt 0.693876 0.780192
vt 0.671620 0.761088
vt 0.693876 0.731246
vt 0.531138 0.797246
vt 0.554629 0.767122
vt 0.554629 0.805684
vt 0.099778 0.709744
vt 0.099778 0.747427
vt 0.065939 0.741828
vt 0.853675 0.888449
vt 0.838767 0.880709
vt 0.853675 0.859141
vt 0.151524 0.676073
vt 0.114422 0.680001
vt 0.115872 0.649332
vt 0.151524 0.633167
vt 0.921974 0.587084
vt 0.919649 0.587178
vt 0.917956 0.538323
vt 0.921974 0.537383
vt 0.124969 0.436739
vt 0.132887 0.434913
vt 0.132887 0.504721
vt 0.125202 0.505991
vt 0.895516 0.798472
vt 0.896232 0.754984
vt 0.901156 0.754606
vt 0.901156 0.802590
vt 0.618899 0.534893
vt 0.580937 0.546206
vt 0.584335 0.512546
vt 0.618899 0.493828
vt 0.934370 0.442978
vt 0.932775 0.443594
vt 0.930719 0.402491
vt 0.934370 0.402160
vt 0.900181 0.944569
vt 0.902082 0.917562
vt 0.903934 0.917787
vt 0.903934 0.945450
vt 0.841516 0.895930
vt 0.843305 0.895796
vt 0.843305 0.931651
vt 0.838767 0.931002
vt 0.258526 0.917887
vt 0.253616 0.886051
vt 0.260388 0.885976
vt 0.260388 0.918415
vt 0.469385 0.427942
vt 0.469385 0.476379
vt 0.424944 0.462859
vt 0.422241 0.420945
vt 0.914108 0.871298
vt 0.917613 0.868646
vt 0.917613 0.920702
vt 0.915867 0.921185
vt 0.019098 0.630113
vt 0.003674 0.595689
vt 0.057407 0.598330
vt 0.057407 0.628848
vt 0.117459 0.314181
vt 0.119786 0.257913
vt 0.154403 0.270175
vt 0.154403 0.340934
vt 0.931889 0.688565
vt 0.933992 0.687835
vt 0.933992 0.730926
vt 0.930878 0.730822
vt 0.649606 0.761783
vt 0.624473 0.760184
vt 0.649606 0.713510
vt 0.759208 0.827436
vt 0.782328 0.802475
vt 0.782328 0.835026
vt 0.204721 0.722169
vt 0.204721 0.755997
vt 0.168420 0.750242
vt 0.890257 0.394145
vt 0.875650 0.373536
vt 0.890257 0.365420
vt 0.924182 0.066740
vt 0.924182 0.115018
vt 0.922329 0.114581
vt 0.920416 0.066650
vt 0.595995 0.295668
vt 0.557234 0.305890
vt 0.559756 0.251573
vt 0.595995 0.251368
vt 0.923817 0.751814
vt 0.923817 0.800016
vt 0.920133 0.798940
vt 0.921957 0.750944
vt 0.272008 0.277282
vt 0.313665 0.251368
vt 0.313665 0.320748
vt 0.275120 0.326580
vt 0.818519 0.923176
vt 0.823696 0.922292
vt 0.823696 0.944011
vt 0.820863 0.943870
vt 0.222913 0.137949
vt 0.222449 0.086940
vt 0.267468 0.108507
vt 0.267468 0.157865
vt 0.399650 0.581606
vt 0.399650 0.620752
vt 0.363862 0.599725
vt 0.363496 0.566885
vt 0.907089 0.539387
vt 0.910609 0.537383
vt 0.910609 0.594063
vt 0.908079 0.594738
vt 0.901253 0.615303
vt 0.903569 0.615072
vt 0.903569 0.667478
vt 0.899107 0.667276
vt 0.901409 0.477486
vt 0.905719 0.475192
vt 0.905719 0.527006
vt 0.901544 0.528337
vt 0.901161 0.698603
vt 0.901161 0.740216
vt 0.895657 0.738819
vt 0.894053 0.697734
vt 0.603223 0.483386
vt 0.603223 0.485608
vt 0.570676 0.485037
vt 0.170174 0.983481
vt 0.170174 0.989223
vt 0.167652 0.985361
vt 0.896669 0.816861
vt 0.902353 0.812827
vt 0.902353 0.860563
vt 0.897447 0.860217
vt 0.646866 0.114881
vt 0.643202 0.074736
vt 0.675099 0.079396
vt 0.675099 0.128021
vt 0.562537 0.929082
vt 0.562132 0.896736
vt 0.566973 0.897305
vt 0.566973 0.929986
vt 0.935910 0.289815
vt 0.936083 0.252680
vt 0.938303 0.253740
vt 0.938303 0.290159
vt 0.964604 0.038226
vt 0.964604 0.057954
vt 0.962054 0.057420
vt 0.962478 0.037497
vt 0.392059 0.837020
vt 0.372119 0.829639
vt 0.392059 0.799378
vt 0.276394 0.817628
vt 0.276394 0.845196
vt 0.253616 0.824817
vt 0.156672 0.844767
vt 0.134621 0.822997
vt 0.156672 0.812059
vt 0.889368 0.607723
vt 0.870405 0.598438
vt 0.889368 0.585247
vt 0.514017 0.565918
vt 0.514017 0.606515
vt 0.483237 0.593376
vt 0.476732 0.550934
vt 0.077910 0.427566
vt 0.058075 0.386734
vt 0.128760 0.390452
vt 0.128760 0.427206
vt 0.899721 0.357642
vt 0.904961 0.357374
vt 0.904961 0.392206
vt 0.898444 0.392258
vt 0.272008 0.213058
vt 0.275264 0.166515
vt 0.312726 0.178166
vt 0.312726 0.244021
vt 0.512588 0.380692
vt 0.512198 0.337479
vt 0.558869 0.338952
vt 0.558869 0.387961
vt 0.252649 0.728975
vt 0.259918 0.728474
vt 0.259918 0.780033
vt 0.253245 0.779742
vt 0.169258 0.520044
vt 0.210688 0.514303
vt 0.210688 0.558688
vt 0.168420 0.566300
vt 0.101893 0.885821
vt 0.103899 0.885383
vt 0.103899 0.926965
vt 0.099642 0.926869
vt 0.751860 0.800915
vt 0.751860 0.823477
vt 0.717353 0.814998
vt 0.342880 0.823743
vt 0.342880 0.853476
vt 0.323098 0.835323
vt 0.809674 0.276646
vt 0.833049 0.269340
vt 0.833049 0.299858
vt 0.778121 0.869849
vt 0.778121 0.891462
vt 0.759208 0.882555
vt 0.048942 0.368993
vt 0.048942 0.412003
vt 0.007873 0.402149
vt 0.003674 0.348112
vt 0.898326 0.189744
vt 0.900827 0.189373
vt 0.900827 0.245332
vt 0.896859 0.245330
vt 0.949171 0.127915
vt 0.949171 0.156647
vt 0.946214 0.155900
vt 0.947714 0.128100
vt 0.701573 0.861755
vt 0.709141 0.861154
vt 0.709141 0.900931
vt 0.701223 0.901703
vt 0.411738 0.537646
vt 0.413503 0.537690
vt 0.413503 0.539442
vt 0.411175 0.539755
vt 0.571328 0.779682
vt 0.563277 0.780140
vt 0.564141 0.710773
vt 0.571328 0.710302
vt 0.807123 0.820041
vt 0.807123 0.865689
vt 0.796833 0.865683
vt 0.795561 0.819338
vt 0.514088 0.471716
vt 0.479535 0.486847
vt 0.476732 0.445901
vt 0.514088 0.420945
vt 0.259406 0.322922
vt 0.259406 0.382380
vt 0.247668 0.381409
vt 0.248422 0.323071
vt 0.158220 0.877138
vt 0.158220 0.922751
vt 0.154017 0.922068
vt 0.154701 0.876919
vt 0.908508 0.738904
vt 0.909581 0.687835
vt 0.912481 0.687993
vt 0.912481 0.740216
vt 0.924083 0.357524
vt 0.925474 0.308686
vt 0.927311 0.308485
vt 0.927311 0.358127
vt 0.618997 0.954619
vt 0.618997 0.974941
vt 0.618012 0.973327
vt 0.003674 0.896584
vt 0.008495 0.895000
vt 0.008495 0.929299
vt 0.003742 0.930412
vt 0.146669 0.917622
vt 0.144797 0.917797
vt 0.141084 0.878359
vt 0.146669 0.876919
vt 0.945125 0.781646
vt 0.943635 0.782396
vt 0.942074 0.751959
vt 0.945125 0.750944
vt 0.161058 0.633167
vt 0.161058 0.677467
vt 0.158871 0.675569
vt 0.950456 0.188917
vt 0.952291 0.188652
vt 0.952291 0.215501
vt 0.015843 0.895749
vt 0.018821 0.895000
vt 0.018821 0.935187
vt 0.016933 0.936496
vt 0.746351 0.878483
vt 0.746351 0.912175
vt 0.739607 0.911551
vt 0.738765 0.878807
vt 0.458557 0.841595
vt 0.467639 0.839843
vt 0.467639 0.883103
vt 0.457513 0.884071
vt 0.763920 0.899141
vt 0.763920 0.931220
vt 0.759208 0.930103
vt 0.761668 0.898809
vt 0.905534 0.309404
vt 0.905534 0.350027
vt 0.899750 0.348658
vt 0.898444 0.308485
vt 0.630942 0.883411
vt 0.630942 0.925624
vt 0.628614 0.923592
vt 0.765441 0.383084
vt 0.765441 0.412593
vt 0.731770 0.409257
vt 0.785538 0.731103
vt 0.808259 0.697734
vt 0.808259 0.737329
vt 0.824258 0.875333
vt 0.824258 0.914945
vt 0.818519 0.913397
vt 0.821561 0.873610
vt 0.244812 0.742810
vt 0.218906 0.712303
vt 0.244812 0.693997
vt 0.115438 0.355125
vt 0.134153 0.348281
vt 0.134153 0.378047
vt 0.516360 0.154593
vt 0.515655 0.148272
vt 0.549612 0.148047
vt 0.549612 0.157643
vt 0.611775 0.791912
vt 0.612807 0.735605
vt 0.616320 0.735913
vt 0.616320 0.794452
vt 0.729849 0.923497
vt 0.728498 0.877422
vt 0.731312 0.877258
vt 0.731312 0.923645
vt 0.164594 0.024621
vt 0.164594 0.079593
vt 0.120769 0.065233
vt 0.117459 0.003674
vt 0.887294 0.869153
vt 0.892834 0.868646
vt 0.892834 0.898780
vt 0.881743 0.899992
vt 0.912881 0.310853
vt 0.916735 0.308485
vt 0.916735 0.358648
vt 0.913015 0.360250
vt 0.846114 0.078869
vt 0.856478 0.074736
vt 0.856478 0.123286
vt 0.847911 0.126330
vt 0.749685 0.018094
vt 0.772308 0.003674
vt 0.772308 0.053604
vt 0.290329 0.810280
vt 0.253616 0.799176
vt 0.290329 0.787380
vt 0.752923 0.469347
vt 0.727034 0.450091
vt 0.752923 0.420945
vt 0.868302 0.365420
vt 0.868303 0.393761
vt 0.849534 0.387681
vt 0.562692 0.048409
vt 0.525257 0.061280
vt 0.535998 0.006441
vt 0.562692 0.003674
vt 0.400992 0.479982
vt 0.400992 0.526344
vt 0.362220 0.512419
vt 0.356385 0.471681
vt 0.868374 0.309022
vt 0.876397 0.308485
vt 0.876397 0.357494
vt 0.867804 0.357822
vt 0.508308 0.135588
vt 0.466020 0.144709
vt 0.466097 0.102902
vt 0.508308 0.085516
vt 0.226424 0.537905
vt 0.256476 0.521588
vt 0.256476 0.563333
vt 0.218906 0.578093
vt 0.467786 0.181548
vt 0.467786 0.235735
vt 0.431096 0.221469
vt 0.429117 0.166515
vt 0.003717 0.838106
vt 0.038846 0.834662
vt 0.038846 0.850772
vt 0.003674 0.848175
vt 0.458673 0.104595
vt 0.458673 0.155675
vt 0.419782 0.133576
vt 0.419620 0.085516
vt 0.374902 0.464334
vt 0.356385 0.418915
vt 0.414894 0.420304
vt 0.414894 0.457364
vt 0.372527 0.104815
vt 0.412273 0.085516
vt 0.412273 0.135205
vt 0.372169 0.157037
vt 0.207866 0.714822
vt 0.168420 0.713506
vt 0.177952 0.685537
vt 0.207866 0.679923
vt 0.977559 0.475192
vt 0.977559 0.495220
vt 0.976609 0.493733
vt 0.798603 0.924257
vt 0.798603 0.950477
vt 0.797094 0.949696
vt 0.795561 0.924482
vt 0.940809 0.003903
vt 0.942630 0.003674
vt 0.942630 0.042235
vt 0.899411 0.586210
vt 0.899411 0.607566
vt 0.896715 0.606510
vt 0.896728 0.585247
vt 0.537218 0.924420
vt 0.535460 0.924247
vt 0.531564 0.890252
vt 0.537218 0.888920
vt 0.943442 0.095831
vt 0.942042 0.066851
vt 0.945624 0.066650
vt 0.945624 0.096240
vt 0.216913 0.267624
vt 0.259406 0.241460
vt 0.259406 0.303194
vt 0.219711 0.315575
vt 0.701223 0.796245
vt 0.709812 0.795802
vt 0.709812 0.853807
vt 0.701546 0.853635
vt 0.473123 0.019577
vt 0.473123 0.069065
vt 0.434756 0.054531
vt 0.432819 0.003674
vt 0.600687 0.327309
vt 0.557234 0.325425
vt 0.557432 0.316305
vt 0.600687 0.313237
vt 0.912785 0.802590
vt 0.908503 0.801164
vt 0.908901 0.752349
vt 0.912785 0.750944
vt 0.481423 0.904087
vt 0.481423 0.935469
vt 0.476732 0.934571
vt 0.479681 0.903807
vt 0.971837 0.003818
vt 0.974167 0.003674
vt 0.974167 0.021430
vt 0.972561 0.021417
vt 0.316824 0.437217
vt 0.267265 0.461048
vt 0.271037 0.408823
vt 0.316824 0.405827
vt 0.941717 0.441996
vt 0.946345 0.439175
vt 0.946345 0.463055
vt 0.943214 0.463851
vt 0.509203 0.300104
vt 0.508873 0.251368
vt 0.549887 0.268384
vt 0.549887 0.308850
vt 0.824522 0.402160
vt 0.824522 0.469301
vt 0.814584 0.468042
vt 0.814926 0.402188
vt 0.323098 0.895702
vt 0.326908 0.894151
vt 0.326908 0.934181
vt 0.325053 0.934050
vt 0.355508 0.727867
vt 0.364572 0.727150
vt 0.364572 0.799313
vt 0.355008 0.799696
vt 0.898383 0.252836
vt 0.905334 0.252680
vt 0.905334 0.290663
vt 0.897188 0.291050
vt 0.926499 0.171131
vt 0.926302 0.128600
vt 0.929833 0.127915
vt 0.929833 0.171817
vt 0.914952 0.813278
vt 0.914952 0.858443
vt 0.909700 0.856056
vt 0.911742 0.812827
vt 0.919012 0.054314
vt 0.920116 0.003674
vt 0.922488 0.004000
vt 0.922488 0.055940
vt 0.133737 0.922686
vt 0.131209 0.922651
vt 0.129228 0.877516
vt 0.133737 0.876919
vt 0.921186 0.452749
vt 0.919958 0.402751
vt 0.923372 0.402160
vt 0.923372 0.453168
vt 0.465021 0.320884
vt 0.517843 0.316413
vt 0.517843 0.330131
vt 0.465147 0.328298
vt 0.521971 0.715254
vt 0.521971 0.778597
vt 0.507282 0.775081
vt 0.512593 0.713501
vt 0.172964 0.898436
vt 0.172964 0.932070
vt 0.170811 0.931737
vt 0.168420 0.899039
vt 0.426587 0.880375
vt 0.426587 0.923609
vt 0.422114 0.922790
vt 0.424089 0.880600
vt 0.521808 0.481936
vt 0.562596 0.480858
vt 0.562596 0.484262
vt 0.521435 0.483357
vt 0.621267 0.921833
vt 0.617707 0.922675
vt 0.616091 0.884302
vt 0.621267 0.883411
vt 0.923530 0.737082
vt 0.921663 0.738217
vt 0.919829 0.690204
vt 0.923530 0.687835
vt 0.667377 0.135368
vt 0.703703 0.135730
vt 0.703703 0.139585
vt 0.666935 0.139662
vt 0.202597 0.796027
vt 0.210864 0.795975
vt 0.210864 0.854241
vt 0.202530 0.854553
vt 0.875261 0.542061
vt 0.883944 0.542205
vt 0.883944 0.577826
vt 0.870405 0.577900
vt 0.867817 0.907374
vt 0.871818 0.906095
vt 0.871818 0.936755
vt 0.869530 0.936957
vt 0.783987 0.975126
vt 0.784794 0.957824
vt 0.786151 0.957824
vt 0.786151 0.975458
vt 0.603345 0.923958
vt 0.600334 0.893076
vt 0.606561 0.893260
vt 0.606561 0.924764
vt 0.519695 0.890173
vt 0.524217 0.888920
vt 0.524217 0.928515
vt 0.521566 0.928568
vt 0.313154 0.515338
vt 0.267265 0.522466
vt 0.270079 0.481912
vt 0.313154 0.468395
vt 0.875152 0.048059
vt 0.875142 0.003674
vt 0.884865 0.004558
vt 0.884865 0.048851
vt 0.906761 0.910214
vt 0.904629 0.910173
vt 0.900181 0.870317
vt 0.906761 0.868646
vt 0.461005 0.815429
vt 0.411017 0.815117
vt 0.410857 0.809161
vt 0.461005 0.801193
vt 0.808829 0.364102
vt 0.794564 0.365191
vt 0.802775 0.309007
vt 0.808829 0.308485
vt 0.700811 0.542646
vt 0.669380 0.545072
vt 0.677800 0.498778
vt 0.700811 0.493828
vt 0.878594 0.761086
vt 0.888169 0.759172
vt 0.888169 0.801441
vt 0.878198 0.802590
vt 0.283742 0.843253
vt 0.283855 0.818071
vt 0.289335 0.817628
vt 0.289335 0.843792
vt 0.717409 0.923977
vt 0.717353 0.877538
vt 0.721151 0.877258
vt 0.721151 0.924918
vt 0.209817 0.576643
vt 0.209817 0.620165
vt 0.180839 0.614181
vt 0.168420 0.573648
vt 0.928268 0.868646
vt 0.928268 0.915582
vt 0.925933 0.915052
vt 0.924960 0.868890
vt 0.715093 0.199910
vt 0.683356 0.205420
vt 0.687750 0.168903
vt 0.715093 0.156281
vt 0.356777 0.537552
vt 0.356385 0.534931
vt 0.395117 0.533692
vt 0.395117 0.537797
vt 0.246242 0.837211
vt 0.246242 0.888478
vt 0.240940 0.886429
vt 0.242667 0.835682
vt 0.913686 0.368111
vt 0.916387 0.367843
vt 0.916387 0.392258
vt 0.912308 0.391609
vt 0.891760 0.616080
vt 0.891760 0.655947
vt 0.883276 0.655650
vt 0.882049 0.615072
vt 0.822083 0.194235
vt 0.822083 0.197181
vt 0.820377 0.197475
vt 0.818364 0.193937
vt 0.881743 0.934461
vt 0.881746 0.907771
vt 0.886636 0.907339
vt 0.886636 0.935127
vt 0.258849 0.718506
vt 0.252160 0.719528
vt 0.252745 0.694705
vt 0.258849 0.693997
vt 0.802064 0.205819
vt 0.800951 0.135253
vt 0.811017 0.136013
vt 0.811017 0.206353
vt 0.450071 0.926892
vt 0.448205 0.928028
vt 0.446823 0.883485
vt 0.450071 0.881968
vt 0.058075 0.494012
vt 0.105921 0.487550
vt 0.105921 0.538049
vt 0.058198 0.537788
vt 0.606990 0.435700
vt 0.606990 0.476038
vt 0.577428 0.460628
vt 0.570676 0.420945
vt 0.908175 0.244030
vt 0.908605 0.188652
vt 0.911792 0.188727
vt 0.911792 0.245332
vt 0.885316 0.664672
vt 0.885316 0.687420
vt 0.875397 0.680725
vt 0.883104 0.663937
vt 0.105921 0.552585
vt 0.105921 0.597730
vt 0.066090 0.582815
vt 0.065939 0.545396
vt 0.656077 0.481113
vt 0.655592 0.478589
vt 0.677531 0.478559
vt 0.677531 0.482759
vt 0.075596 0.434913
vt 0.117621 0.441809
vt 0.117621 0.479724
vt 0.058075 0.480202
vt 0.014528 0.547394
vt 0.055233 0.549544
vt 0.055233 0.588334
vt 0.003674 0.588342
vt 0.860456 0.356922
vt 0.849534 0.358073
vt 0.850470 0.309493
vt 0.860456 0.308485
vt 0.932151 0.751332
vt 0.934727 0.750944
vt 0.934727 0.791053
vt 0.931164 0.790626
vt 0.218176 0.061064
vt 0.171942 0.074623
vt 0.172012 0.025376
vt 0.218176 0.003674
vt 0.170241 0.461563
vt 0.211558 0.448689
vt 0.211558 0.506955
vt 0.168420 0.494281
vt 0.825651 0.685853
vt 0.825588 0.615072
vt 0.833044 0.615674
vt 0.833044 0.686433
vt 0.642636 0.892035
vt 0.642636 0.931986
vt 0.638626 0.931144
vt 0.639564 0.892364
vt 0.953053 0.581095
vt 0.953053 0.606379
vt 0.951237 0.605892
vt 0.951298 0.580463
vt 0.867795 0.057812
vt 0.859939 0.059066
vt 0.859756 0.004866
vt 0.867795 0.003674
vt 0.853163 0.205638
vt 0.853163 0.266383
vt 0.845581 0.266225
vt 0.845116 0.205129
vt 0.309186 0.685401
vt 0.267265 0.683663
vt 0.267371 0.653897
vt 0.309186 0.645479
vt 0.505281 0.789564
vt 0.511733 0.788644
vt 0.511733 0.812874
vt 0.504987 0.812354
vt 0.683646 0.296148
vt 0.683356 0.286556
vt 0.742643 0.283457
vt 0.742643 0.298212
vt 0.047830 0.419350
vt 0.047830 0.478424
vt 0.005295 0.463238
vt 0.003674 0.431423
vt 0.203892 0.938272
vt 0.200186 0.938242
vt 0.202106 0.904389
vt 0.203892 0.903889
vt 0.924171 0.366142
vt 0.929752 0.365474
vt 0.929752 0.393384
vt 0.924083 0.392969
vt 0.377757 0.918299
vt 0.372119 0.918357
vt 0.374095 0.879401
vt 0.377757 0.878830
vt 0.459218 0.891771
vt 0.461397 0.891419
vt 0.461397 0.932303
vt 0.457513 0.931988
vt 0.053623 0.026633
vt 0.053623 0.083313
vt 0.006970 0.065688
vt 0.003674 0.003674
vt 0.390491 0.918424
vt 0.388801 0.918883
vt 0.385104 0.882055
vt 0.390491 0.878830
vt 0.492618 0.905316
vt 0.492618 0.938085
vt 0.488770 0.935648
vt 0.489749 0.903807
vt 0.713097 0.121790
vt 0.682446 0.126618
vt 0.685220 0.087689
vt 0.713097 0.074736
vt 0.108359 0.192328
vt 0.108359 0.240376
vt 0.061804 0.229785
vt 0.060971 0.171448
vt 0.945751 0.869083
vt 0.948293 0.868646
vt 0.948293 0.899222
vt 0.945693 0.899198
vt 0.549606 0.889943
vt 0.549606 0.926232
vt 0.544565 0.924900
vt 0.546108 0.888920
vt 0.683134 0.865044
vt 0.685603 0.818845
vt 0.692500 0.821662
vt 0.692500 0.868283
vt 0.868540 0.475357
vt 0.874913 0.475192
vt 0.874913 0.509831
vt 0.859507 0.510544
vt 0.314549 0.530171
vt 0.316729 0.529813
vt 0.316729 0.573452
vt 0.314235 0.573180
vt 0.843969 0.543073
vt 0.843969 0.593572
vt 0.832424 0.592639
vt 0.832234 0.542061
vt 0.297677 0.926056
vt 0.298647 0.884345
vt 0.301933 0.885377
vt 0.301933 0.927159
vt 0.664083 0.713510
vt 0.664083 0.767308
vt 0.657407 0.767088
vt 0.656953 0.713715
vt 0.795561 0.876394
vt 0.800707 0.873036
vt 0.800707 0.915623
vt 0.798083 0.916910
vt 0.521435 0.430405
vt 0.563329 0.420945
vt 0.563329 0.473511
vt 0.523389 0.472573
vt 0.688579 0.877311
vt 0.688579 0.917650
vt 0.683134 0.916038
vt 0.685672 0.875630
vt 0.370240 0.074453
vt 0.370327 0.065360
vt 0.424151 0.063848
vt 0.424151 0.078154
vt 0.661634 0.316376
vt 0.661634 0.368023
vt 0.637934 0.362161
vt 0.629059 0.314354
vt 0.500170 0.860218
vt 0.507684 0.820221
vt 0.511805 0.820448
vt 0.511805 0.863014
vt 0.893938 0.537639
vt 0.899742 0.537383
vt 0.899742 0.577900
vt 0.891291 0.577092
vt 0.185884 0.899169
vt 0.185884 0.928304
vt 0.180618 0.927943
vt 0.180312 0.898436
vt 0.933233 0.810982
vt 0.936066 0.809461
vt 0.936066 0.852399
vt 0.934220 0.852478
vt 0.579556 0.405244
vt 0.614684 0.399886
vt 0.614684 0.412901
vt 0.579707 0.412375
vt 0.003674 0.229202
vt 0.006523 0.177263
vt 0.044184 0.190491
vt 0.044184 0.256563
vt 0.061111 0.834859
vt 0.115486 0.834834
vt 0.115486 0.843573
vt 0.060949 0.843541
vt 0.316729 0.581473
vt 0.316729 0.627146
vt 0.314892 0.627063
vt 0.315089 0.580799
vt 0.377094 0.387652
vt 0.379093 0.337479
vt 0.414894 0.350471
vt 0.414894 0.411568
vt 0.738765 0.941996
vt 0.740750 0.919522
vt 0.743529 0.920157
vt 0.743529 0.944115
vt 0.849718 0.462411
vt 0.849321 0.402160
vt 0.857103 0.402870
vt 0.857103 0.463602
vt 0.604253 0.349269
vt 0.604253 0.392345
vt 0.568880 0.390786
vt 0.566217 0.337479
vt 0.771267 0.927730
vt 0.771479 0.898809
vt 0.776612 0.899689
vt 0.776612 0.929020
vt 0.957648 0.493888
vt 0.955905 0.494524
vt 0.954312 0.475863
vt 0.957648 0.475192
vt 0.313798 0.111557
vt 0.313798 0.157865
vt 0.286000 0.154202
vt 0.274815 0.098231
vt 0.672538 0.933080
vt 0.668783 0.932861
vt 0.669523 0.892765
vt 0.672538 0.891854
vt 0.367336 0.174712
vt 0.367336 0.232832
vt 0.323165 0.224437
vt 0.320074 0.166515
vt 0.577818 0.897413
vt 0.577818 0.934722
vt 0.574321 0.933938
vt 0.576294 0.896736
vt 0.864070 0.759506
vt 0.870850 0.759172
vt 0.870850 0.805480
vt 0.860586 0.804757
vt 0.414767 0.880375
vt 0.414767 0.926260
vt 0.410857 0.924939
vt 0.412563 0.880946
vt 0.701251 0.909949
vt 0.706086 0.909051
vt 0.706086 0.936512
vt 0.701223 0.936179
vt 0.844018 0.277550
vt 0.853163 0.273730
vt 0.853163 0.299953
vt 0.848392 0.300166
vt 0.340173 0.926391
vt 0.338465 0.926577
vt 0.334255 0.896481
vt 0.340173 0.894151
vt 0.048318 0.843727
vt 0.049813 0.789694
vt 0.053182 0.790413
vt 0.053182 0.845776
vt 0.913067 0.475672
vt 0.917144 0.475192
vt 0.917144 0.525798
vt 0.913123 0.525472
vt 0.928261 0.924221
vt 0.928261 0.949426
vt 0.924960 0.948961
vt 0.926623 0.922929
vt 0.913069 0.067488
vt 0.913069 0.115670
vt 0.908207 0.114311
vt 0.911051 0.066650
vt 0.806166 0.004590
vt 0.815694 0.003674
vt 0.815694 0.065407
vt 0.804742 0.066222
vt 0.946806 0.679378
vt 0.944036 0.679991
vt 0.943777 0.655378
vt 0.946806 0.654888
vt 0.660988 0.299699
vt 0.629059 0.307006
vt 0.631373 0.263439
vt 0.660988 0.251402
vt 0.413503 0.528755
vt 0.410019 0.530299
vt 0.408339 0.473543
vt 0.413503 0.471681
vt 0.117227 0.824378
vt 0.116291 0.765312
vt 0.127274 0.765509
vt 0.127274 0.825057
vt 0.218906 0.921695
vt 0.221720 0.880382
vt 0.223478 0.880529
vt 0.223478 0.922751
vt 0.976630 0.765321
vt 0.976772 0.748611
vt 0.978401 0.749095
vt 0.978401 0.765892
vt 0.200186 0.895982
vt 0.201270 0.862074
vt 0.210864 0.861900
vt 0.210864 0.896542
vt 0.466635 0.158709
vt 0.466020 0.152056
vt 0.505048 0.152827
vt 0.505048 0.158465
vt 0.047463 0.494768
vt 0.047463 0.540047
vt 0.009553 0.524917
vt 0.003674 0.485771
vt 0.547034 0.329813
vt 0.546977 0.316385
vt 0.548829 0.316322
vt 0.548829 0.330007
vt 0.314495 0.922906
vt 0.312337 0.923314
vt 0.309280 0.887333
vt 0.314495 0.884345
vt 0.931971 0.465448
vt 0.932517 0.450941
vt 0.934369 0.451116
vt 0.934369 0.467307
vt 0.160981 0.620591
vt 0.157522 0.622226
vt 0.156094 0.572257
vt 0.160981 0.569914
vt 0.929555 0.582171
vt 0.929321 0.537768
vt 0.932413 0.537383
vt 0.932413 0.583034
vt 0.935616 0.942900
vt 0.936087 0.915473
vt 0.939646 0.915294
vt 0.939646 0.943791
vt 0.421770 0.176841
vt 0.421770 0.226853
vt 0.381253 0.214807
vt 0.374683 0.166515
vt 0.592986 0.931058
vt 0.590407 0.931072
vt 0.588632 0.894334
vt 0.592986 0.893076
vt 0.838472 0.750083
vt 0.837367 0.697734
vt 0.848474 0.698062
vt 0.848474 0.750631
vt 0.491054 0.652698
vt 0.476732 0.620332
vt 0.521654 0.613862
vt 0.521654 0.654624
vt 0.434824 0.922110
vt 0.436516 0.882314
vt 0.439476 0.881968
vt 0.439476 0.923456
vt 0.938345 0.869590
vt 0.938345 0.907946
vt 0.935616 0.905991
vt 0.936378 0.868646
vt 0.188371 0.341042
vt 0.240180 0.341756
vt 0.240180 0.379439
vt 0.168420 0.382621
vt 0.512274 0.219354
vt 0.475133 0.233055
vt 0.479694 0.181487
vt 0.512274 0.166515
vt 0.657091 0.892533
vt 0.661436 0.891854
vt 0.661436 0.929939
vt 0.659235 0.930720
vt 0.925411 0.296017
vt 0.924550 0.253085
vt 0.928563 0.252680
vt 0.928563 0.296492
vt 0.614338 0.459778
vt 0.617258 0.421036
vt 0.648244 0.420945
vt 0.648244 0.475483
vt 0.009496 0.687219
vt 0.039387 0.679397
vt 0.039387 0.718939
vt 0.003674 0.718194
vt 0.271547 0.564326
vt 0.267265 0.529813
vt 0.306888 0.540900
vt 0.306888 0.583294
vt 0.524867 0.539842
vt 0.476732 0.543587
vt 0.483646 0.495096
vt 0.524867 0.494194
vt 0.003674 0.141013
vt 0.006493 0.090660
vt 0.046543 0.113480
vt 0.046543 0.169916
vt 0.227221 0.022931
vt 0.270024 0.003674
vt 0.270024 0.052262
vt 0.225524 0.074843
vt 0.064255 0.103938
vt 0.107259 0.089402
vt 0.107259 0.143348
vt 0.060971 0.164101
vt 0.117459 0.224746
vt 0.120490 0.174675
vt 0.160126 0.180226
vt 0.160126 0.250565
vt 0.438491 0.723722
vt 0.438491 0.762120
vt 0.409016 0.753946
vt 0.406997 0.724481
vt 0.047148 0.906104
vt 0.051523 0.905206
vt 0.051523 0.934900
vt 0.046649 0.935486
vt 0.628614 0.954103
vt 0.628981 0.933209
vt 0.631190 0.932971
vt 0.631190 0.954490
vt 0.040968 0.765825
vt 0.040968 0.793939
vt 0.040496 0.792874
vt 0.946862 0.356968
vt 0.948422 0.356606
vt 0.948422 0.390989
vt 0.107181 0.325249
vt 0.107181 0.379387
vt 0.058944 0.361039
vt 0.058075 0.318108
vt 0.050273 0.896798
vt 0.046649 0.853297
vt 0.053182 0.853123
vt 0.053182 0.897858
vt 0.118198 0.885475
vt 0.118198 0.917381
vt 0.111986 0.916899
vt 0.111246 0.885383
vt 0.889841 0.293824
vt 0.884234 0.295988
vt 0.880345 0.254956
vt 0.889841 0.252680
vt 0.321012 0.306895
vt 0.323981 0.251368
vt 0.359756 0.260323
vt 0.359756 0.330131
vt 0.785469 0.911863
vt 0.785651 0.869849
vt 0.787857 0.870252
vt 0.787857 0.912907
vt 0.256448 0.500935
vt 0.218906 0.514241
vt 0.221161 0.462742
vt 0.256448 0.448689
vt 0.505144 0.936837
vt 0.500220 0.939263
vt 0.500170 0.913554
vt 0.505144 0.912547
vt 0.815606 0.743998
vt 0.821365 0.697734
vt 0.830019 0.699964
vt 0.830019 0.748514
vt 0.257193 0.683538
vt 0.218906 0.686650
vt 0.222081 0.650370
vt 0.257193 0.642410
vt 0.940726 0.189059
vt 0.943108 0.188652
vt 0.943108 0.223551
vt 0.940788 0.224780
vt 0.561271 0.212966
vt 0.519621 0.220174
vt 0.519958 0.181364
vt 0.561271 0.166515
vt 0.915077 0.128697
vt 0.918955 0.127915
vt 0.918955 0.179496
vt 0.915147 0.179425
vt 0.860511 0.257912
vt 0.872998 0.252680
vt 0.872998 0.291087
vt 0.867648 0.293211
vt 0.892819 0.004211
vt 0.899480 0.003674
vt 0.899480 0.046595
vt 0.892212 0.047113
vt 0.492823 0.821006
vt 0.492823 0.855837
vt 0.486095 0.855778
vt 0.476732 0.820221
vt 0.649348 0.843660
vt 0.649348 0.884688
vt 0.638693 0.883773
vt 0.638626 0.842473
vt 0.067284 0.925271
vt 0.065572 0.925531
vt 0.060949 0.896471
vt 0.067284 0.894379
vt 0.207039 0.631359
vt 0.207039 0.672575
vt 0.178785 0.667356
vt 0.168420 0.627512
vt 0.931529 0.107493
vt 0.931733 0.067027
vt 0.934694 0.066650
vt 0.934694 0.108458
vt 0.946993 0.945878
vt 0.947430 0.915294
vt 0.949287 0.915403
vt 0.949287 0.946318
vt 0.924491 0.518519
vt 0.926152 0.475192
vt 0.928330 0.475249
vt 0.928330 0.519996
vt 0.357394 0.939418
vt 0.355192 0.939266
vt 0.353720 0.905961
vt 0.357394 0.905222
vt 0.834144 0.309591
vt 0.842187 0.308485
vt 0.842187 0.374557
vt 0.834504 0.374538
vn -0.0763 0.0324 0.9966
vn -0.4420 0.0496 0.8956
vn -0.3847 -0.1644 -0.9083
vn 0.6116 0.0181 0.7910
vn 0.6161 -0.0155 0.7875
vn -0.4181 0.0013 -0.9084
vn 0.9348 0.3551 0.0081
vn 0.9992 0.0087 0.0397
vn 0.9832 0.0869 0.1605
vn 0.9832 0.0870 0.1605
vn 0.3682 0.9281 0.0549
vn 0.2154 0.9525 -0.2152
vn -0.2815 0.9589 -0.0348
vn -0.4248 0.6391 -0.6412
vn -0.5254 -0.0515 -0.8493
vn -0.5181 -0.0313 -0.8547
vn -0.9654 0.0549 0.2551
vn 0.3173 0.7180 -0.6196
vn 0.5471 0.6851 -0.4809
vn -0.9708 -0.2210 0.0935
vn -0.9139 0.1102 -0.3906
vn -0.9183 -0.3783 -0.1166
vn 0.9892 -0.0188 -0.1453
vn 0.9677 -0.0145 -0.2518
vn -0.8597 0.3362 -0.3846
vn -0.9796 -0.1285 -0.1543
vn 0.8186 -0.1810 0.5452
vn 0.7472 0.3396 0.5713
vn 0.1022 0.2553 -0.9614
vn -0.4739 0.1211 -0.8722
vn 0.1752 -0.0508 0.9832
vn 0.2139 0.0067 0.9768
vn -0.3161 -0.0442 -0.9477
vn -0.4662 -0.1061 -0.8783
vn -0.4663 -0.1061 -0.8783
vn 0.1100 0.3123 -0.9436
vn -0.9921 0.0786 0.0974
vn -0.6958 0.0638 -0.7154
vn -0.3293 0.0649 0.9420
vn 0.5623 0.0859 -0.8225
vn -0.9191 -0.0426 -0.3917
vn 0.9376 -0.1187 0.3268
vn 0.2190 -0.1098 0.9695
vn -0.2406 -0.9582 0.1545
vn 0.4548 -0.5622 0.6908
vn 0.0352 0.9018 -0.4307
vn -0.6644 -0.7367 -0.1260
vn -0.1757 0.8215 0.5425
vn 0.8638 0.5029 0.0317
vn 0.4830 0.1167 -0.8678
vn 0.0121 0.1073 -0.9942
vn 0.0121 0.1072 -0.9942
vn 0.2532 -0.8135 -0.5235
vn 0.0599 -0.7870 -0.6141
vn -0.7583 0.5398 0.3655
vn -0.4632 0.5542 -0.6916
vn -0.3996 0.1658 -0.9015
vn -0.6722 0.1280 -0.7292
vn -0.8775 -0.1571 0.4532
vn -0.8566 -0.2406 0.4564
vn 0.1839 -0.9666 -0.1784
vn 0.1822 -0.9670 -0.1782
vn 0.1829 -0.9668 -0.1783
vn 0.1850 -0.9664 -0.1786
vn -0.4729 0.1560 0.8672
vn -0.7796 0.3388 0.5267
vn -0.7796 0.3388 0.5268
vn 0.4527 0.4010 -0.7964
vn 0.6280 0.3482 -0.6960
vn -0.9657 -0.0624 -0.2521
vn -0.9657 -0.0629 -0.2520
vn -0.9657 -0.0616 -0.2522
vn 0.8061 -0.3036 -0.5080
vn 0.8066 -0.3026 -0.5077
vn 0.8043 -0.3066 -0.5090
vn 0.8019 -0.3107 -0.5103
vn 0.2452 0.0881 0.9655
vn 0.2477 0.0890 0.9647
vn 0.2397 0.0860 0.9670
vn 0.2372 0.0851 0.9677
vn 0.5472 0.8305 0.1043
vn 0.5529 0.8218 0.1377
vn -0.9173 -0.0941 0.3870
vn -0.9170 -0.0947 0.3874
vn -0.7757 -0.6279 -0.0638
vn -0.7295 -0.6810 0.0642
vn 0.2214 -0.9752 0.0090
vn 0.2216 -0.9751 0.0086
vn 0.2209 -0.9753 0.0097
vn 0.8747 0.2103 -0.4367
vn 0.8032 0.5504 -0.2279
vn -0.3786 -0.6328 0.6754
vn -0.5958 -0.5973 0.5369
vn 0.9177 0.0850 0.3882
vn 0.8926 0.1058 0.4382
vn 0.3402 -0.2160 0.9152
vn 0.3402 -0.2161 0.9152
vn 0.1972 -0.1550 0.9680
vn 0.1747 -0.9616 -0.2118
vn 0.1768 -0.9612 -0.2119
vn 0.1751 -0.9616 -0.2112
vn 0.9935 0.0381 0.1070
vn 0.9938 0.0559 0.0966
vn 0.1477 -0.0822 -0.9856
vn 0.1491 -0.0880 -0.9849
vn 0.1389 -0.0884 -0.9864
vn 0.9285 0.1369 0.3452
vn 0.1775 -0.9620 -0.2073
vn 0.1762 -0.9620 -0.2085
vn 0.1768 -0.9618 -0.2090
vn 0.1776 -0.9614 -0.2102
vn -0.9945 0.1043 -0.0023
vn -0.9894 0.0570 -0.1338
vn 0.2862 0.9450 -0.1586
vn 0.2862 0.9449 -0.1586
vn 0.3747 0.9184 -0.1275
vn 0.7486 0.1770 0.6390
vn 0.5319 0.2824 0.7983
vn -0.1408 0.2310 0.9627
vn 0.9398 0.1346 0.3142
vn 0.8708 0.2372 0.4306
vn 0.1335 0.9389 -0.3172
vn 0.1251 0.9505 -0.2845
vn -0.8857 -0.0784 0.4575
vn -0.7320 -0.1099 0.6724
vn -0.7319 -0.1099 0.6725
vn -0.9886 -0.0604 -0.1377
vn -0.9879 -0.0771 -0.1347
vn 0.1497 0.9380 -0.3127
vn 0.1456 0.9403 -0.3077
vn 0.1484 0.9417 -0.3020
vn 0.1450 0.9410 -0.3057
vn -0.4523 -0.1579 0.8778
vn -0.4190 -0.1470 0.8960
vn -0.6011 -0.7990 0.0132
vn -0.5081 -0.8412 0.1848
vn -0.9840 0.0675 -0.1649
vn -0.8815 -0.0160 0.4720
vn -0.8815 -0.0161 0.4720
vn -0.9868 -0.0816 0.1402
vn -0.9872 -0.0792 0.1386
vn -0.9865 -0.0829 0.1412
vn -0.9864 -0.0833 0.1414
vn 0.9203 -0.0661 0.3856
vn 0.9203 -0.0661 0.3855
vn 0.8075 -0.0588 0.5870
vn -0.4625 -0.7860 0.4102
vn -0.6471 -0.7211 0.2475
vn -0.6472 -0.7211 0.2475
vn -0.5778 0.0015 0.8162
vn -0.6025 0.0016 0.7981
vn 0.8749 0.0641 -0.4800
vn 0.8294 0.0045 -0.5587
vn 0.8293 0.0045 -0.5587
vn -0.0692 0.9189 0.3885
vn -0.0692 0.9189 0.3884
vn -0.1048 0.8948 0.4340
vn -0.1660 0.0754 0.9832
vn -0.1522 0.1250 0.9804
vn 0.0279 0.9543 0.2975
vn 0.0652 0.9571 0.2822
vn 0.0651 0.9571 0.2822
vn 0.9863 -0.1609 0.0355
vn 0.9916 -0.1284 0.0172
vn -0.8686 -0.0035 -0.4956
vn -0.9930 -0.0349 -0.1128
vn 0.1411 -0.1147 -0.9833
vn 0.1359 -0.1165 -0.9838
vn 0.1360 -0.1407 -0.9807
vn 0.1360 -0.1406 -0.9807
vn 0.9920 -0.0052 0.1265
vn -0.8158 0.1233 0.5650
vn -0.9564 -0.0738 0.2828
vn -0.9563 -0.0738 0.2828
vn -0.8688 0.2856 0.4045
vn -0.8691 0.2722 0.4131
vn 0.2099 0.0659 -0.9755
vn -0.1644 -0.0676 -0.9841
vn -0.1643 -0.0676 -0.9841
vn -0.6266 -0.0039 0.7793
vn -0.5103 0.0228 0.8597
vn -0.3368 0.0645 0.9394
vn -0.3660 0.1776 0.9135
vn -0.8742 -0.2169 -0.4344
vn -0.8286 -0.3196 -0.4596
vn 0.3326 -0.0196 0.9429
vn 0.3585 0.0576 0.9317
vn 0.5627 0.2199 0.7969
vn 0.8735 0.2757 0.4013
vn 0.5798 0.0022 -0.8148
vn 0.6005 -0.0685 -0.7967
vn 0.5483 -0.0351 -0.8355
vn -0.2083 -0.9648 0.1603
vn 0.8740 -0.2867 -0.3923
vn -0.3597 0.4628 -0.8102
vn -0.3598 0.4629 -0.8101
vn -0.2810 0.4203 -0.8628
vn -0.2809 0.4203 -0.8628
vn 0.7958 0.1245 -0.5926
vn 0.8017 0.0927 -0.5906
vn -0.1094 -0.9494 0.2943
vn -0.1561 -0.9435 0.2924
vn 0.9745 -0.0154 0.2237
vn 0.9746 0.0410 0.2204
vn 0.9949 0.0157 -0.1000
vn 0.9905 0.0558 -0.1257
vn -0.8641 0.2930 0.4092
vn -0.8653 0.2907 0.4084
vn -0.8649 0.2914 0.4087
vn -0.8641 0.2931 0.4093
vn -0.5260 0.1755 0.8322
vn -0.7359 -0.1125 0.6677
vn -0.9581 -0.0507 0.2819
vn -0.9577 -0.0499 0.2835
vn -0.9593 -0.0529 0.2775
vn -0.9597 -0.0536 0.2759
vn 0.7276 0.6831 0.0629
vn 0.7276 0.6831 0.0628
vn 0.7336 0.6754 -0.0748
vn 0.4475 0.0574 0.8924
vn 0.4476 0.0574 0.8924
vn 0.4387 0.0386 0.8978
vn -0.4920 0.2906 0.8207
vn -0.4841 0.3533 0.8005
vn -0.4841 0.3532 0.8005
vn -0.8563 0.2935 0.4249
vn -0.6825 0.3284 0.6529
vn -0.6808 0.3305 0.6537
vn -0.6843 0.3263 0.6522
vn 0.1537 0.9370 -0.3136
vn 0.1588 0.9363 -0.3133
vn 0.1606 0.9351 -0.3160
vn 0.1520 0.9367 -0.3153
vn 0.2736 0.4813 -0.8328
vn 0.4137 0.3918 -0.8218
vn 0.1051 -0.0563 0.9929
vn 0.1052 -0.0577 0.9928
vn 0.1045 -0.0448 0.9935
vn 0.1044 -0.0438 0.9936
vn 0.6225 0.3618 -0.6939
vn 0.6225 0.3619 -0.6939
vn 0.7691 0.3371 -0.5431
vn -0.4507 -0.2097 -0.8677
vn -0.4501 -0.2211 -0.8651
vn -0.1425 -0.9410 0.3068
vn -0.1423 -0.9412 0.3065
vn -0.1482 -0.9407 0.3051
vn -0.1289 -0.9432 0.3062
vn 0.8562 -0.2938 -0.4248
vn 0.8561 -0.2942 -0.4249
vn 0.8564 -0.2934 -0.4248
vn 0.4532 -0.6992 0.5530
vn -0.6000 -0.7877 -0.1399
vn -0.5838 -0.8044 -0.1099
vn -0.5837 -0.8045 -0.1099
vn -0.3312 0.0255 -0.9432
vn -0.2801 0.1108 -0.9536
vn 0.2465 0.8820 -0.4016
vn -0.6767 -0.7341 -0.0568
vn 0.6448 0.7607 0.0746
vn 0.6447 0.7607 0.0746
vn 0.6300 0.7703 0.0981
vn 0.6301 0.7703 0.0981
vn -0.1482 0.1084 0.9830
vn -0.1482 0.1085 0.9830
vn -0.0726 0.0795 0.9942
vn -0.1304 -0.9405 0.3136
vn -0.1302 -0.9430 0.3063
vn -0.1245 -0.9504 0.2849
vn -0.1245 -0.9505 0.2849
vn 0.1808 0.2327 0.9556
vn -0.5820 -0.8005 -0.1433
vn -0.5834 -0.7994 -0.1435
vn -0.5819 -0.8003 -0.1446
vn -0.5818 -0.8006 -0.1437
vn -0.1716 -0.0453 -0.9841
vn -0.2918 -0.0917 -0.9521
vn 0.9578 -0.0525 -0.2825
vn 0.9226 -0.1039 -0.3715
vn -0.6128 0.0742 -0.7867
vn -0.6129 0.0742 -0.7867
vn -0.9645 0.0300 -0.2622
vn -0.9646 0.0300 -0.2622
vn 0.4028 0.0591 -0.9134
vn 0.4027 0.0591 -0.9134
vn 0.2279 -0.0236 -0.9734
vn 0.6794 -0.3321 -0.6543
vn 0.6790 -0.3326 -0.6545
vn 0.6797 -0.3317 -0.6542
vn 0.1854 -0.8837 -0.4297
vn 0.2982 -0.8464 -0.4412
vn 0.2981 -0.8464 -0.4412
vn -0.0263 0.9996 0.0104
vn -0.1230 0.9805 0.1533
vn -0.1321 0.0797 -0.9880
vn -0.1324 0.0461 -0.9901
vn -0.5859 -0.7973 -0.1450
vn -0.5836 -0.7992 -0.1437
vn -0.5847 -0.7984 -0.1437
vn -0.5835 -0.7995 -0.1425
vn 0.0345 0.7617 0.6470
vn 0.8658 0.5003 0.0043
vn 0.5422 0.0084 0.8402
vn 0.5422 0.0083 0.8402
vn 0.4170 0.0719 0.9060
vn -0.5835 0.0066 -0.8121
vn -0.5836 0.0066 -0.8120
vn -0.5809 -0.0232 -0.8136
vn 0.5632 0.8261 -0.0180
vn 0.5632 0.8261 -0.0179
vn 0.4749 0.8611 -0.1814
vn -0.9838 0.1265 -0.1272
vn -0.9835 0.1277 -0.1278
vn -0.9837 0.1269 -0.1274
vn 0.5245 0.7159 -0.4608
vn 0.7023 0.6505 -0.2891
vn -0.7543 0.0779 0.6519
vn -0.8129 0.0381 0.5811
vn 0.4112 -0.0456 -0.9104
vn 0.4883 -0.0768 -0.8693
vn 0.1979 -0.0656 0.9780
vn 0.2000 -0.0623 0.9778
vn 0.1996 -0.0628 0.9779
vn 0.1977 -0.0659 0.9780
vn 0.2820 0.2169 -0.9346
vn 0.7392 -0.5762 -0.3486
vn 0.1283 -0.8066 -0.5770
vn 0.6256 0.7700 0.1254
vn 0.6065 0.7903 0.0871
vn -0.3435 0.8151 0.4665
vn -0.6432 -0.0425 -0.7645
vn 0.3816 0.2368 0.8935
vn 0.3822 0.2278 0.8955
vn 0.3820 0.2310 0.8948
vn 0.3813 0.2400 0.8928
vn -0.6583 0.0235 0.7524
vn -0.5844 0.0175 0.8113
vn -0.6249 -0.0080 0.7807
vn -0.5443 0.1802 0.8193
vn -0.1597 -0.0989 -0.9822
vn -0.1597 -0.0990 -0.9822
vn -0.1364 -0.0231 -0.9904
vn -0.1364 -0.0230 -0.9904
vn -0.8584 -0.0946 0.5042
vn -0.8756 -0.1098 0.4703
vn 0.9523 0.2745 -0.1333
vn 0.8658 0.4582 0.2010
vn 0.8658 0.4582 0.2009
vn -0.4641 0.6877 -0.5584
vn 0.5984 -0.4229 -0.6805
vn 0.5733 -0.4629 -0.6761
vn 0.9741 0.0656 -0.2163
vn 0.9633 0.0392 -0.2655
vn -0.9141 -0.0671 -0.3999
vn -0.8681 -0.0973 -0.4867
vn 0.2166 0.1204 0.9688
vn 0.5326 0.2551 0.8070
vn 0.5326 0.2550 0.8070
vn -0.9051 0.3895 -0.1707
vn -0.9420 0.2707 0.1982
vn 0.0523 0.9759 0.2119
vn 0.0523 0.9760 0.2113
vn -0.0726 0.9700 0.2320
vn 0.9628 0.1261 -0.2391
vn 0.9735 0.2081 -0.0944
vn 0.7773 0.1291 -0.6158
vn 0.6891 0.0879 -0.7193
vn 0.7248 0.0671 -0.6857
vn 0.1177 -0.0551 0.9915
vn 0.1176 -0.0551 0.9915
vn 0.3063 -0.0481 0.9507
vn 0.3062 -0.0481 0.9507
vn 0.8659 0.3682 -0.3386
vn 0.8659 0.3682 -0.3385
vn 0.8064 0.2197 -0.5491
vn -0.3893 0.8413 0.3750
vn -0.3892 0.8413 0.3750
vn -0.2470 0.8989 0.3619
vn -0.1083 0.1022 0.9888
vn -0.1085 0.1011 0.9889
vn -0.1077 0.1076 0.9883
vn -0.1076 0.1087 0.9882
vn 0.9142 0.1798 0.3632
vn -0.6560 0.1873 -0.7312
vn -0.1429 0.8974 0.4173
vn -0.1227 0.9192 0.3741
vn 0.7812 -0.6216 0.0570
vn 0.6900 -0.7063 0.1582
vn 0.2901 0.9531 0.0863
vn 0.2839 0.9547 0.0891
vn 0.2855 0.9543 0.0884
vn 0.2923 0.9525 0.0854
vn -0.9138 0.3856 -0.1279
vn 0.0028 -0.1001 0.9950
vn 0.0278 -0.0897 0.9956
vn 0.8725 0.4562 0.1751
vn -0.1636 -0.1244 -0.9787
vn -0.1733 -0.1276 -0.9766
vn -0.1703 -0.1266 -0.9772
vn -0.1610 -0.1235 -0.9792
vn 0.6208 0.7703 0.1458
vn 0.5944 0.7901 0.1498
vn 0.6165 0.7761 0.1326
vn -0.3135 0.9429 -0.1124
vn -0.3119 0.9435 -0.1122
vn -0.3142 0.9419 -0.1187
vn -0.3147 0.9417 -0.1186
vn -0.9262 0.3640 -0.0980
vn -0.8608 0.5014 -0.0872
vn -0.8600 0.5009 -0.0974
vn -0.8602 0.5011 -0.0942
vn -0.8610 0.5016 -0.0844
vn -0.4310 -0.2758 -0.8592
vn -0.4505 -0.2696 -0.8511
vn 0.3001 0.9529 0.0439
vn 0.2968 0.9531 0.0591
vn 0.2951 0.9538 0.0557
vn -0.7660 0.6013 -0.2275
vn -0.7641 0.6003 -0.2361
vn -0.7647 0.6006 -0.2334
vn -0.7664 0.6016 -0.2251
vn -0.9592 0.2652 0.0980
vn -0.9593 0.2630 0.1028
vn -0.9593 0.2636 0.1015
vn -0.9592 0.2657 0.0969
vn 0.8913 -0.4452 0.0864
vn 0.8912 -0.4452 0.0867
vn 0.0616 0.8680 -0.4927
vn 0.0614 0.8672 -0.4941
vn 0.0658 0.8663 -0.4952
vn 0.0402 0.8763 -0.4800
vn 0.0525 0.8612 -0.5055
vn 0.1093 0.9578 -0.2657
vn 0.1665 0.9363 -0.3092
vn 0.1093 0.9297 -0.3517
vn 0.1508 0.9384 -0.3110
vn 0.1508 0.9382 -0.3116
vn 0.1512 0.9382 -0.3112
vn 0.3529 0.7522 -0.5565
vn 0.3460 0.7512 -0.5622
vn 0.3505 0.7512 -0.5594
vn 0.3453 0.7513 -0.5624
vn 0.3556 0.7477 -0.5608
vn 0.3510 0.7480 -0.5633
vn 0.3583 0.7494 -0.5567
vn 0.3534 0.7476 -0.5623
vn 0.3526 0.7501 -0.5595
vn 0.3541 0.7430 -0.5680
vn 0.3565 0.7486 -0.5591
vn 0.3589 0.7481 -0.5582
vn 0.5076 0.8529 -0.1220
vn 0.5226 0.8414 -0.1377
vn 0.5206 0.8444 -0.1265
vn 0.5179 0.8453 -0.1317
vn 0.0605 0.8692 -0.4908
vn 0.0623 0.8670 -0.4944
vn 0.0597 0.8688 -0.4915
vn 0.4073 0.7948 -0.4499
vn 0.4086 0.7940 -0.4501
vn 0.4081 0.7968 -0.4456
vn 0.4162 0.7952 -0.4410
vn 0.4099 0.7934 -0.4500
vn 0.4122 0.7958 -0.4436
vn 0.4044 0.7979 -0.4471
vn 0.4105 0.7914 -0.4530
vn 0.4079 0.7944 -0.4501
vn 0.4135 0.7899 -0.4529
vn 0.4079 0.7927 -0.4530
vn 0.4084 0.7911 -0.4554
vn 0.3168 0.9456 0.0738
vn 0.3134 0.9448 0.0952
vn 0.2905 0.9532 0.0833
vn 0.2985 0.9512 0.0777
vn 0.2940 0.9524 0.0803
vn 0.6975 0.6938 0.1793
vn 0.6989 0.6920 0.1808
vn 0.6963 0.6934 0.1854
vn 0.7032 0.6956 0.1470
vn 0.7113 0.6792 0.1810
vn 0.5778 0.8138 0.0619
vn 0.5697 0.8059 0.1609
vn 0.5722 0.8081 0.1402
vn 0.5877 0.7972 0.1383
vn 0.5708 0.8100 0.1340
vn 0.5899 0.6990 0.4042
vn 0.5980 0.6924 0.4038
vn 0.5934 0.6960 0.4044
vn 0.5992 0.6877 0.4098
vn 0.5900 0.6952 0.4105
vn 0.5947 0.6923 0.4088
vn 0.5859 0.6984 0.4111
vn 0.5940 0.6931 0.4085
vn 0.5919 0.6956 0.4072
vn 0.5918 0.6947 0.4089
vn 0.5857 0.6975 0.4128
vn 0.5891 0.6922 0.4169
vn 0.3095 0.9013 0.3031
vn 0.3133 0.8950 0.3176
vn 0.3148 0.8950 0.3160
vn 0.3111 0.8956 0.3180
vn 0.3045 0.8962 0.3225
vn 0.3176 0.8944 0.3148
vn 0.3122 0.8949 0.3189
vn 0.6971 0.6948 0.1769
vn 0.6979 0.6927 0.1819
vn 0.6983 0.6937 0.1766
vn 0.5178 0.7627 0.3874
vn 0.5240 0.7585 0.3875
vn 0.5227 0.7602 0.3859
vn 0.5124 0.7635 0.3931
vn 0.5200 0.7621 0.3859
vn 0.5090 0.7667 0.3914
vn 0.5248 0.7574 0.3885
vn 0.5228 0.7591 0.3880
vn 0.5214 0.7520 0.4032
vn 0.2927 0.9528 0.0808
vn 0.2920 0.9541 0.0663
vn 0.3000 0.9519 0.0626
vn 0.2866 0.9558 0.0658
vn 0.3034 0.9505 0.0663
vn 0.3020 0.9512 0.0634
vn 0.2988 0.9522 0.0636
vn -0.1329 0.9130 0.3856
vn -0.1287 0.9131 0.3869
vn -0.1257 0.9146 0.3842
vn -0.0782 0.9164 0.3925
vn -0.1263 0.9093 0.3965
vn -0.0179 0.9804 0.1963
vn -0.0974 0.9730 0.2094
vn -0.0991 0.9724 0.2110
vn -0.0958 0.9587 0.2679
vn -0.0983 0.9726 0.2105
vn -0.0989 0.9724 0.2111
vn -0.1013 0.9722 0.2109
vn -0.3904 0.8793 0.2727
vn -0.3963 0.8749 0.2782
vn -0.3905 0.8771 0.2795
vn -0.3974 0.8729 0.2830
vn -0.3932 0.8760 0.2792
vn -0.3977 0.8740 0.2792
vn -0.4021 0.8754 0.2682
vn -0.3925 0.8764 0.2789
vn -0.3956 0.8755 0.2775
vn -0.4078 0.8702 0.2764
vn -0.2914 0.9476 -0.1310
vn -0.3098 0.9433 -0.1192
vn -0.3105 0.9423 -0.1248
vn -0.3135 0.9415 -0.1235
vn -0.3159 0.9402 -0.1278
vn -0.3170 0.9405 -0.1223
vn -0.3167 0.9405 -0.1228
vn -0.3806 0.9090 0.1696
vn -0.3796 0.9086 0.1743
vn -0.3781 0.9097 0.1719
vn -0.3810 0.9106 0.1603
vn -0.3808 0.9079 0.1755
vn -0.3805 0.9085 0.1726
vn -0.3797 0.9079 0.1773
vn -0.3991 0.9000 0.1753
vn -0.0508 0.9820 -0.1818
vn -0.0169 0.9867 -0.1615
vn -0.0164 0.9857 -0.1680
vn -0.0177 0.9862 -0.1645
vn -0.0102 0.9850 -0.1720
vn -0.0160 0.9862 -0.1650
vn -0.0190 0.9854 -0.1690
vn -0.2232 0.1958 0.9549
vn 0.9890 -0.0789 -0.1253
vn -0.9478 0.2567 -0.1890
vn 0.4041 0.2851 0.8692
vn 0.3974 0.2900 0.8706
vn 0.3995 0.2885 0.8702
vn 0.4059 0.2838 0.8687
vn -0.1065 0.0049 -0.9943
vn 0.9966 -0.0048 0.0818
vn 0.8647 -0.4961 0.0788
vn -0.9533 0.2849 0.0998
vn 0.1318 0.0787 0.9881
vn -0.1584 -0.2622 -0.9519
vn -0.5850 0.5086 0.6317
vn 0.6511 -0.0793 0.7548
vn 0.0964 -0.9728 -0.2107
vn 0.6709 -0.0358 0.7407
vn 0.5490 0.1872 0.8146
vn 0.9221 -0.3128 -0.2277
vn 0.9221 -0.3128 -0.2278
vn 0.9056 -0.3152 -0.2837
vn 0.1928 0.1283 -0.9728
vn 0.1851 0.1412 -0.9725
vn -0.5922 -0.6947 -0.4082
vn 0.6699 -0.6818 -0.2940
vn -0.1457 -0.2053 0.9678
vn -0.1319 -0.1995 0.9710
vn -0.1319 -0.1996 0.9710
vn 0.8973 0.3955 -0.1960
vn -0.6511 0.0793 -0.7548
vn -0.8362 0.4767 -0.2711
vn 0.8000 -0.5501 0.2397
vn 0.6446 -0.4087 -0.6461
vn 0.8858 -0.4535 0.0983
vn -0.1207 -0.3003 0.9462
vn -0.8568 0.4571 -0.2385
vn -0.0118 -0.2039 0.9789
vn 0.4342 0.3246 0.8403
vn 0.1000 0.4310 0.8968
vn 0.1221 0.3963 0.9100
vn 0.1221 0.3964 0.9099
vn -0.9089 -0.0113 0.4169
vn -0.6388 0.1378 -0.7569
vn 0.7166 -0.0635 0.6946
vn 0.7117 -0.0623 0.6997
vn 0.7134 -0.0627 0.6980
vn 0.7182 -0.0639 0.6929
vn 0.5537 -0.8114 -0.1874
vn -0.9894 0.1370 0.0471
vn 0.3531 -0.7687 -0.5333
vn -0.5328 -0.1562 -0.8317
vn 0.3343 -0.0852 -0.9386
vn 0.3327 -0.0801 -0.9396
vn 0.3008 0.2471 -0.9211
vn 0.9486 0.0231 0.3156
vn 0.9498 0.0268 0.3116
vn 0.0449 0.0819 -0.9956
vn 0.0295 0.0825 -0.9962
vn 0.7989 -0.6009 0.0269
vn -0.7838 -0.5834 0.2131
vn 0.9849 -0.1673 0.0443
vn -0.9248 0.3300 0.1894
vn -0.9260 0.3296 0.1842
vn -0.9255 0.3297 0.1862
vn -0.9244 0.3302 0.1911
vn 0.0083 -0.3755 -0.9268
vn 0.0084 -0.3759 -0.9266
vn 0.9533 -0.2849 -0.0998
vn -0.7730 0.5958 -0.2181
vn -0.7430 0.6402 -0.1955
vn -0.1329 -0.6790 0.7220
vn -0.8691 0.4855 -0.0944
vn -0.8660 0.4892 -0.1037
vn -0.8669 0.4881 -0.1010
vn -0.8698 0.4846 -0.0924
vn 0.0620 0.5007 -0.8634
vn -0.2683 -0.0466 -0.9622
vn -0.7414 -0.6389 -0.2052
vn -0.1595 -0.1733 -0.9719
vn 0.5111 0.8489 -0.1347
vn 0.5192 0.8450 -0.1279
vn 0.5184 0.8453 -0.1295
vn 0.5170 0.8456 -0.1330
vn 0.1702 0.1829 -0.9683
vn -0.4817 0.6440 0.5943
vn 0.9337 -0.3235 0.1535
vn -0.9324 0.3411 0.1198
vn -0.6294 0.1234 -0.7673
vn -0.9513 0.2975 0.0812
vn 0.9566 -0.1851 0.2252
vn -0.6979 -0.0310 -0.7155
vn 0.5202 0.1514 0.8405
vn 0.5138 0.1568 0.8435
vn 0.5159 0.1550 0.8425
vn 0.5221 0.1497 0.8397
vn -0.4108 -0.2459 -0.8779
vn 0.1819 0.2534 0.9501
vn 0.0072 0.1186 -0.9929
vn -0.4595 -0.3767 -0.8044
vn -0.9275 0.1258 0.3520
vn 0.0240 0.0780 -0.9967
vn 0.2149 0.0679 -0.9743
vn 0.0385 0.0679 -0.9970
vn 0.0487 0.0719 -0.9962
vn 0.0455 0.0706 -0.9965
vn 0.0358 0.0668 -0.9971
vn -0.9967 0.0201 -0.0783
vn 0.2019 -0.0215 0.9792
vn 0.1453 0.1600 0.9764
vn -0.6675 0.6851 0.2917
vn -0.6244 -0.2494 0.7402
vn 0.5101 0.0475 0.8588
vn 0.1619 0.1089 0.9808
vn -0.1619 -0.1089 -0.9808
vn 0.1439 -0.2656 -0.9533
vn -0.5832 -0.7992 -0.1455
vn -0.9157 0.3135 0.2514
vn -0.9138 0.3168 0.2544
vn -0.9138 0.3167 0.2544
vn 0.5165 0.1661 0.8400
vn 0.5164 0.1661 0.8401
vn 0.5285 0.1620 0.8333
vn 0.5286 0.1620 0.8333
vn -0.1743 -0.1494 0.9733
vn -0.1742 -0.1495 0.9733
vn -0.1721 -0.1498 0.9736
vn -0.5486 -0.2635 -0.7935
vn 0.4878 0.0758 0.8697
vn -0.1181 -0.2396 -0.9637
vn 0.8533 -0.5190 0.0497
vn 0.8533 -0.5190 0.0498
vn 0.8608 -0.5083 0.0257
vn -0.4101 -0.4101 0.8147
vn -0.5226 -0.7590 -0.3884
vn -0.0082 -0.0711 0.9974
vn 0.0186 -0.0703 0.9974
vn 0.0185 -0.0703 0.9974
vn -0.5561 -0.1677 -0.8140
vn -0.5734 -0.1520 -0.8051
vn -0.5734 -0.1520 -0.8050
vn 0.4096 0.2996 0.8617
vn 0.4015 0.3019 0.8647
vn 0.4040 0.3012 0.8637
vn 0.4118 0.2990 0.8608
vn 0.0194 0.1268 -0.9917
vn 0.2631 0.1531 -0.9525
vn 0.2056 0.1640 -0.9648
vn 0.7284 -0.2169 -0.6500
vn 0.9860 0.1386 0.0925
vn 0.9861 0.1463 0.0793
vn 0.9544 -0.0293 0.2971
vn -0.0240 -0.0780 0.9967
vn 0.9823 0.1481 0.1149
vn 0.1515 0.2285 -0.9617
vn -0.7068 0.2754 0.6516
vn -0.0603 -0.4960 0.8662
vn -0.6650 -0.5702 -0.4823
vn 0.0198 -0.9851 0.1707
vn -0.2176 -0.1289 0.9675
vn 0.0530 0.8702 -0.4899
vn 0.0568 0.8690 -0.4916
vn 0.0606 0.8707 -0.4880
vn -0.4294 -0.4064 -0.8065
vn 0.0798 0.8633 -0.4983
vn 0.4845 -0.6408 -0.5955
vn -0.2018 -0.3274 -0.9231
vn -0.2014 -0.3278 -0.9230
vn -0.2024 -0.3267 -0.9232
vn -0.5451 -0.1450 -0.8257
vn -0.5661 -0.1359 -0.8131
vn -0.5660 -0.1360 -0.8131
vn 0.0584 0.8732 -0.4838
vn 0.7988 0.4021 0.4475
vn 0.1279 0.0636 0.9897
vn 0.9282 -0.3663 -0.0651
vn 0.9279 -0.3669 -0.0659
vn 0.9281 -0.3666 -0.0655
vn 0.9285 -0.3657 -0.0644
vn -0.4173 -0.2911 -0.8609
vn 0.2050 0.9176 -0.3406
vn 0.8306 -0.2489 -0.4982
vn 0.6815 -0.7273 0.0813
vn 0.8225 -0.3044 -0.4804
vn 0.4173 0.2911 0.8609
vn 0.1267 0.9283 -0.3496
vn 0.1509 0.9386 -0.3102
vn 0.1516 0.9385 -0.3104
vn 0.1521 0.9380 -0.3115
vn 0.1526 0.9379 -0.3117
vn 0.1524 0.9381 -0.3110
vn -0.6446 0.4087 0.6461
vn -0.8201 0.3180 0.4757
vn 0.9250 -0.2546 -0.2820
vn 0.3565 0.7496 -0.5577
vn 0.3554 0.7476 -0.5610
vn 0.3512 0.7506 -0.5597
vn 0.9284 -0.2029 -0.3112
vn -0.9300 0.3524 0.1041
vn -0.7894 -0.0369 0.6128
vn -0.7886 -0.0378 0.6137
vn -0.7888 -0.0376 0.6135
vn -0.7896 -0.0366 0.6125
vn -0.8995 0.3893 0.1983
vn -0.7472 0.5483 0.3755
vn 0.3480 0.7547 -0.5562
vn 0.3498 0.7516 -0.5592
vn 0.3565 0.7495 -0.5578
vn -0.7150 -0.3982 0.5747
vn -0.5075 -0.5669 0.6489
vn -0.8647 0.4961 -0.0788
vn 0.3560 0.7466 -0.5620
vn 0.3523 0.7473 -0.5634
vn 0.3467 0.7472 -0.5670
vn 0.3454 0.7491 -0.5653
vn 0.3448 0.7524 -0.5612
vn 0.3539 0.7517 -0.5565
vn 0.9278 -0.2147 -0.3050
vn 0.5328 0.1562 0.8317
vn 0.5277 0.8389 -0.1332
vn 0.5198 0.8432 -0.1370
vn 0.5244 0.8408 -0.1345
vn 0.5398 0.1982 0.8181
vn 0.2771 -0.1457 -0.9497
vn -0.2771 0.1457 0.9497
vn 0.5140 0.8481 -0.1286
vn 0.5079 0.8523 -0.1250
vn 0.5118 0.8493 -0.1295
vn 0.8922 -0.4260 -0.1500
vn -0.9250 0.2546 0.2819
vn -0.0073 0.3085 -0.9512
vn 0.0562 0.8600 -0.5071
vn 0.8844 -0.4537 -0.1096
vn 0.3150 -0.9413 0.1214
vn 0.4081 0.7943 -0.4500
vn 0.4091 0.7963 -0.4457
vn 0.4075 0.7939 -0.4512
vn -0.7866 0.4488 0.4241
vn 0.9207 -0.0565 -0.3861
vn 0.7866 -0.4488 -0.4241
vn 0.4110 0.7932 -0.4494
vn 0.4073 0.7936 -0.4519
vn 0.4015 0.7942 -0.4561
vn 0.4068 0.7998 -0.4414
vn 0.4145 0.7930 -0.4465
vn 0.4073 0.7981 -0.4441
vn 0.3986 0.7997 -0.4490
vn 0.1807 0.0465 -0.9824
vn 0.5104 0.1012 -0.8539
vn 0.2904 -0.1330 -0.9476
vn -0.7123 0.2613 0.6514
vn 0.2813 0.9580 0.0554
vn -0.1623 -0.0488 -0.9855
vn 0.2993 0.9521 0.0630
vn 0.6144 -0.2304 0.7546
vn 0.7330 -0.2040 -0.6489
vn 0.2966 0.9518 0.0780
vn 0.3005 0.9507 0.0758
vn 0.3009 0.9511 0.0705
vn 0.8724 0.1031 -0.4777
vn 0.8725 0.1031 -0.4777
vn 0.8553 0.0781 -0.5122
vn 0.8553 0.0781 -0.5123
vn 0.0091 0.9842 -0.1771
vn -0.0315 0.9824 -0.1840
vn -0.1116 -0.0119 -0.9937
vn 0.0529 -0.1732 0.9835
vn -0.7780 0.4432 0.4454
vn -0.7690 0.4498 0.4541
vn -0.8338 0.0192 0.5518
vn 0.2092 0.0813 0.9745
vn 0.2566 0.0963 0.9617
vn -0.0994 0.0327 0.9945
vn -0.1882 -0.1377 0.9724
vn -0.0742 0.3234 0.9433
vn 0.7010 0.6928 0.1693
vn 0.6998 0.6928 0.1739
vn 0.6952 0.6973 0.1744
vn 0.6890 0.6959 0.2025
vn -0.0433 0.1368 -0.9897
vn -0.0336 0.1251 -0.9916
vn 0.8878 0.2322 0.3973
vn -0.8347 0.5461 -0.0706
vn -0.3525 -0.7493 0.5606
vn 0.6940 0.6998 0.1691
vn -0.0068 -0.1722 -0.9850
vn 0.0600 0.2409 0.9687
vn 0.0603 0.2405 0.9688
vn 0.0598 0.2411 0.9686
vn -0.8225 0.3044 0.4804
vn 0.5695 0.7954 0.2075
vn 0.6270 0.2531 -0.7367
vn -0.5159 -0.1250 -0.8475
vn -0.8750 -0.4517 -0.1742
vn -0.0654 0.0776 0.9948
vn 0.6288 0.7629 0.1500
vn 0.5720 0.8075 0.1441
vn 0.5837 0.7989 0.1452
vn 0.5837 0.7997 0.1407
vn -0.9823 -0.1481 -0.1149
vn 0.0797 0.4550 0.8869
vn 0.0774 0.4618 0.8836
vn 0.0778 0.4607 0.8842
vn 0.0801 0.4539 0.8874
vn 0.5877 0.6978 0.4095
vn 0.5903 0.6944 0.4114
vn 0.5933 0.6948 0.4064
vn 0.7730 -0.5958 0.2181
vn 0.5913 0.6956 0.4080
vn 0.5878 0.7003 0.4051
vn 0.5867 0.6981 0.4104
vn -0.2350 0.1844 0.9543
vn -0.2352 0.1848 0.9542
vn -0.2349 0.1841 0.9544
vn -0.2349 0.1839 0.9545
vn -0.4174 0.0042 0.9087
vn 0.5907 0.6932 0.4130
vn 0.5943 0.6917 0.4105
vn 0.5994 0.6904 0.4052
vn 0.5993 0.6959 0.3957
vn 0.5980 0.6940 0.4008
vn 0.5894 0.6973 0.4079
vn 0.8089 -0.5423 0.2270
vn 0.1103 -0.0181 -0.9937
vn 0.3129 0.8913 0.3282
vn -0.7778 0.5833 -0.2341
vn -0.7737 0.5857 -0.2416
vn -0.7748 0.5851 -0.2396
vn -0.7787 0.5828 -0.2324
vn -0.7586 0.1179 0.6408
vn 0.1881 0.3984 0.8977
vn 0.2018 0.3837 0.9011
vn -0.0529 0.1732 -0.9835
vn 0.3137 0.8952 0.3166
vn 0.3123 0.8930 0.3240
vn 0.3131 0.8962 0.3142
vn -0.8578 0.5109 -0.0564
vn -0.8556 0.5142 -0.0606
vn -0.8561 0.5134 -0.0595
vn -0.8583 0.5101 -0.0553
vn 0.3712 0.2042 0.9058
vn 0.3173 0.8930 0.3192
vn 0.3247 0.8900 0.3201
vn 0.3251 0.8924 0.3131
vn 0.5111 0.8464 -0.1495
vn -0.6787 0.3891 0.6229
vn -0.6726 0.3808 0.6345
vn -0.3027 -0.9511 -0.0621
vn -0.8938 0.4483 0.0064
vn -0.8939 0.4483 0.0064
vn -0.9068 0.4204 -0.0301
vn 0.7099 0.6792 0.1862
vn 0.9705 -0.2277 -0.0794
vn 0.6619 -0.7250 0.1902
vn 0.5173 0.7617 0.3901
vn 0.5218 0.7583 0.3908
vn 0.5239 0.7577 0.3892
vn 0.2176 0.1289 -0.9675
vn 0.9518 0.2727 0.1404
vn -0.1555 -0.3247 0.9329
vn 0.5912 -0.1932 0.7831
vn 0.5218 0.7561 0.3951
vn 0.5255 0.7557 0.3908
vn 0.5263 0.7581 0.3850
vn 0.5131 0.7669 0.3856
vn 0.5254 0.7613 0.3800
vn 0.5224 0.7603 0.3861
vn 0.5228 0.7602 0.3856
vn -0.7328 0.6478 -0.2081
vn -0.3997 -0.2573 -0.8798
vn 0.0994 -0.0327 -0.9945
vn 0.1116 0.0119 0.9937
vn -0.8371 0.1663 0.5211
vn 0.9697 -0.2243 -0.0970
vn 0.3280 0.9427 0.0606
vn -0.8410 0.5378 -0.0588
vn 0.6609 -0.0218 0.7501
vn 0.3808 -0.9084 -0.1725
vn 0.2983 0.9522 0.0654
vn 0.3037 0.9506 0.0641
vn 0.3024 0.9514 0.0578
vn -0.9904 0.1074 0.0867
vn -0.9842 -0.0874 0.1539
vn 0.2051 0.1737 -0.9632
vn 0.1877 0.1668 -0.9680
vn 0.7854 -0.5848 0.2026
vn 0.7897 -0.5866 0.1799
vn 0.3029 0.9509 0.0631
vn 0.3030 0.9510 0.0614
vn 0.3016 0.9515 0.0615
vn 0.7603 -0.6217 0.1881
vn 0.7700 -0.6152 0.1694
vn 0.7123 -0.2613 -0.6514
vn -0.2984 -0.9514 -0.0765
vn -0.8660 0.4819 0.1336
vn 0.1615 -0.0441 0.9859
vn -0.6982 -0.6936 -0.1773
vn -0.1702 -0.1829 0.9683
vn 0.7763 -0.0398 -0.6291
vn 0.9717 -0.2161 -0.0950
vn -0.4418 -0.3048 -0.8438
vn -0.4577 -0.2926 -0.8396
vn -0.4578 -0.2925 -0.8396
vn -0.9946 0.0808 -0.0645
vn -0.1071 0.9141 0.3911
vn -0.1411 0.9141 0.3801
vn -0.1780 -0.0578 -0.9823
vn -0.9589 0.1019 -0.2647
vn -0.1246 0.9141 0.3860
vn -0.1209 0.9136 0.3883
vn -0.1208 0.9153 0.3843
vn 0.4174 -0.0042 -0.9087
vn -0.9700 0.2415 -0.0266
vn -0.1756 0.9639 0.2002
vn -0.0558 0.0906 0.9943
vn -0.1748 -0.1289 0.9761
vn -0.7923 0.6092 0.0321
vn -0.9237 0.2674 0.2745
vn -0.1126 0.9545 0.2761
vn -0.0803 0.9773 0.1962
vn -0.0930 0.9731 0.2110
vn -0.0961 0.9728 0.2107
vn -0.0965 0.9733 0.2084
vn 0.4228 0.3362 0.8416
vn 0.9558 -0.0439 0.2908
vn -0.3986 0.8763 0.2705
vn -0.4038 0.8731 0.2733
vn -0.4009 0.8715 0.2824
vn 0.7946 -0.6062 -0.0347
vn -0.8015 -0.3979 -0.4464
vn -0.3935 0.8786 0.2705
vn 0.0194 -0.1824 0.9830
vn -0.9558 0.0439 -0.2908
vn -0.9274 -0.1155 -0.3558
vn 0.9384 -0.3113 -0.1500
vn 0.9384 -0.3113 -0.1499
vn 0.9366 -0.2892 -0.1977
vn -0.4043 0.8713 0.2781
vn -0.4001 0.8714 0.2839
vn -0.3932 0.8750 0.2823
vn -0.3899 0.8767 0.2817
vn -0.3861 0.8769 0.2862
vn -0.3971 0.8743 0.2792
vn -0.3246 0.9383 -0.1195
vn -0.6855 0.0671 -0.7249
vn -0.7192 0.1027 -0.6871
vn -0.0598 -0.8685 0.4921
vn 0.9842 0.0874 -0.1539
vn 0.9913 0.0629 -0.1158
vn 0.9904 0.0545 -0.1274
vn -0.3043 0.9453 -0.1178
vn -0.3099 0.9423 -0.1264
vn -0.3092 0.9426 -0.1258
vn -0.3170 0.9431 -0.1002
vn -0.5728 -0.2355 -0.7852
vn -0.1512 -0.9382 0.3112
vn -0.9837 0.1388 0.1140
vn 0.1246 -0.9142 -0.3855
vn -0.3850 0.9073 0.1689
vn -0.3816 0.9080 0.1728
vn -0.3815 0.9078 0.1742
vn 0.8995 -0.3893 -0.1983
vn -0.7391 0.0859 -0.6680
vn -0.7391 0.0859 -0.6681
vn -0.7758 0.0966 -0.6235
vn -0.9075 0.4123 -0.0801
vn -0.9181 0.3937 -0.0454
vn -0.9587 0.0885 -0.2704
vn -0.9588 0.0883 -0.2701
vn -0.3868 0.9050 0.1769
vn -0.3836 0.9064 0.1772
vn -0.3782 0.9123 0.1570
vn -0.3702 0.9125 0.1743
vn 0.1650 0.2378 -0.9572
vn 0.8379 -0.0919 -0.5381
vn 0.9897 -0.0638 -0.1281
vn -0.0151 0.9918 -0.1269
vn -0.9890 0.0789 0.1253
vn -0.9853 0.1250 0.1166
vn -0.9851 0.1258 0.1176
vn -0.9851 0.1257 0.1175
vn -0.0175 0.9857 -0.1676
vn -0.0228 0.9846 -0.1731
vn -0.0196 0.9847 -0.1734
vn -0.8994 -0.3909 0.1954
vn -0.5176 -0.8453 0.1324
vn -0.0285 -0.0297 0.9992
vn -0.0214 0.9851 -0.1704
vn -0.0279 0.9849 -0.1709
vn -0.0227 0.9844 -0.1743
vn 0.9504 -0.3107 0.0094
vn 0.8290 -0.2614 -0.4944
vn 0.8866 0.1211 -0.4464
vn 0.8887 0.1270 -0.4406
vn 0.8882 0.1256 -0.4420
vn 0.8861 0.1198 -0.4477
vn -0.0406 -0.0377 0.9985
vn 0.2796 0.0685 0.9577
vn 0.3515 0.0548 0.9346
vn -0.9955 0.0672 -0.0673
vn 0.9274 0.1155 0.3558
vn 0.3991 0.1754 0.9000
vn 0.0354 -0.0448 -0.9984
vn 0.1610 0.1690 0.9724
vn 0.4127 0.4141 -0.8113
vn 0.8708 -0.4873 0.0655
vn 0.8730 -0.4862 0.0383
vn 0.3173 0.8926 0.3204
vn 0.3218 0.8925 0.3160
vn 0.3150 0.8942 0.3182
vn 0.3151 0.8939 0.3187
vn 0.0661 -0.0249 -0.9975
vn 0.8056 0.1044 -0.5832
vn 0.8162 0.0910 -0.5706
vn 0.8161 0.0910 -0.5707
vn -0.6714 -0.0657 -0.7381
vn -0.5248 -0.1139 -0.8436
vn 0.9967 -0.0201 0.0783
vn 0.9621 0.2112 -0.1726
vn 0.3969 -0.8746 -0.2784
vn 0.6468 -0.0951 0.7567
vn 0.6499 -0.0983 0.7536
vn 0.6489 -0.0973 0.7546
vn 0.6460 -0.0943 0.7575
vn -0.1098 -0.3034 -0.9465
vn -0.1100 -0.3030 -0.9466
vn -0.4079 -0.7944 0.4501
vn 0.5232 0.8431 -0.1246
vn -0.3130 -0.8947 -0.3188
vn 0.0337 0.4696 0.8822
vn 0.0268 0.4637 0.8856
vn 0.0318 0.4652 0.8846
vn 0.7698 0.5409 -0.3389
vn -0.4789 0.4479 0.7550
vn -0.6255 0.6438 -0.4407
vn -0.0153 -0.4634 -0.8860
vn -0.7297 -0.6293 0.2675
vn 0.4770 -0.4531 -0.7531
vn 0.6076 -0.7012 0.3729
vn 0.5668 -0.8149 -0.1214
vn -0.1998 -0.7490 -0.6317
vn -0.1987 -0.7495 -0.6315
vn -0.1994 -0.7494 -0.6313
vn 0.3578 -0.7579 -0.5455
vn 0.3615 -0.7570 -0.5443
vn 0.3595 -0.7587 -0.5433
vn -0.8989 0.3393 0.2773
vn -0.9043 0.3314 0.2691
vn -0.9018 0.3333 0.2751
vn 0.4708 0.5913 0.6547
vn 0.4767 0.5879 0.6536
vn 0.4741 0.5913 0.6524
vn -0.9014 0.3424 -0.2651
vn 0.0992 0.6880 -0.7189
vn -0.4640 0.7325 -0.4982
vn -0.6548 0.5975 -0.4627
vn -0.7728 0.5141 -0.3721
vn -0.7714 0.5149 -0.3740
vn -0.7707 0.5191 -0.3695
vn 0.9225 -0.3076 -0.2331
vn -0.4344 -0.6618 -0.6110
vn 0.9548 -0.2760 0.1099
vn 0.0497 -0.7214 0.6907
vn -0.3609 -0.9160 -0.1752
vn -0.4257 -0.8462 -0.3204
vn -0.4257 -0.8462 -0.3205
vn 0.6574 -0.6003 0.4556
vn 0.7700 -0.5310 0.3537
vn 0.6179 -0.1893 -0.7631
vn 0.6498 -0.7468 0.1412
vn 0.6497 -0.7454 0.1492
vn 0.6466 -0.7488 0.1456
vn 0.6994 0.4808 0.5289
vn 0.3204 0.7784 -0.5399
vn 0.3249 0.7767 -0.5396
vn 0.3224 0.7765 -0.5415
vn 0.4038 0.5335 0.7432
vn -0.4182 0.9013 0.1126
vn -0.6678 -0.6167 -0.4167
vn -0.3596 -0.8096 0.4640
vn -0.3936 -0.5475 -0.7385
vn 0.3590 -0.9252 -0.1229
vn -0.4747 -0.8778 -0.0650
vn -0.1670 -0.9376 -0.3050
vn 0.5012 -0.6467 -0.5750
vn 0.3264 0.3389 -0.8824
vn -0.7223 0.6898 0.0504
vn 0.6494 0.3392 -0.6806
vn 0.4182 0.8229 0.3847
vn -0.2243 -0.3902 0.8930
vn 0.6897 -0.7237 -0.0234
vn -0.6502 -0.3394 0.6798
vn -0.3830 -0.8537 -0.3527
vn 0.0833 -0.9864 0.1417
vn 0.0087 -0.9632 0.2686
vn 0.7251 0.3921 -0.5661
vn -0.2592 0.8070 -0.5305
vn -0.2567 0.8041 -0.5361
vn -0.2604 0.8045 -0.5338
vn 0.8930 0.4349 -0.1154
vn 0.0911 0.8810 0.4643
vn -0.6966 -0.4604 0.5503
vn 0.2051 -0.7908 0.5767
vn -0.8682 -0.4364 0.2361
vn -0.1458 -0.8901 -0.4318
vn -0.3788 -0.8145 0.4393
vn -0.4492 -0.3605 -0.8175
vn -0.1454 -0.9354 0.3224
vn -0.4835 -0.6671 -0.5667
vn -0.4736 -0.6874 -0.5506
vn -0.5290 -0.6825 -0.5044
vn -0.7421 0.3570 -0.5673
vn -0.2583 0.6501 0.7146
vn -0.2658 0.6474 0.7144
vn -0.2609 0.6465 0.7169
vn -0.3911 0.3939 -0.8318
vn 0.3765 0.8290 -0.4136
vn 0.7669 -0.3909 0.5091
vn 0.2385 -0.7080 -0.6648
vn 0.4564 -0.3984 0.7956
vn -0.3379 -0.8209 0.4603
vn 0.6092 -0.7797 0.1446
vn 0.2498 -0.7786 0.5757
vn -0.5624 0.7559 -0.3352
vn -0.5152 0.7750 -0.3659
vn -0.5747 0.6960 0.4304
vn -0.5505 0.7336 0.3985
vn -0.6513 0.7521 -0.1008
vn -0.6511 0.7525 -0.0993
vn -0.6516 0.7515 -0.1035
vn -0.6518 0.7511 -0.1052
vn -0.7246 0.5995 -0.3401
vn -0.7246 0.5995 -0.3400
vn -0.7142 0.6084 -0.3460
vn -0.7142 0.6085 -0.3460
vn -0.5297 0.6582 0.5349
vn -0.5076 0.6965 0.5072
vn 0.5973 -0.7878 -0.1506
vn 0.5973 -0.7878 -0.1505
vn 0.5625 -0.8064 -0.1827
vn 0.5625 -0.8064 -0.1826
vn 0.0395 -0.8527 -0.5209
vn 0.3353 -0.8024 -0.4937
vn -0.1987 -0.9141 -0.3535
vn -0.2245 -0.8962 -0.3827
vn -0.5022 -0.8417 -0.1985
vn -0.4976 -0.8440 -0.2000
vn -0.4979 -0.8439 -0.2000
vn -0.5028 -0.8414 -0.1983
vn 0.7192 -0.2723 0.6392
vn 0.7186 -0.3924 0.5741
vn 0.7186 -0.3925 0.5741
vn 0.5396 0.8295 0.1442
vn 0.5289 0.8373 0.1387
vn 0.5820 -0.8001 -0.1455
vn 0.5820 -0.8001 -0.1454
vn 0.5992 -0.7999 0.0324
vn -0.1679 -0.5801 0.7970
vn -0.2848 -0.4957 0.8204
vn -0.2848 -0.4958 0.8204
vn 0.2038 -0.7430 0.6375
vn 0.2169 -0.7197 0.6595
vn 0.1733 -0.6661 0.7255
vn 0.2729 -0.5955 0.7555
vn -0.4451 -0.8314 -0.3326
vn -0.4028 -0.7953 -0.4531
vn -0.4709 -0.7975 -0.3771
vn -0.1614 -0.9203 0.3564
vn -0.2299 -0.9666 0.1130
vn -0.0339 0.9299 0.3662
vn -0.0340 0.9293 0.3678
vn -0.0339 0.9305 0.3646
vn -0.6874 -0.0915 -0.7205
vn -0.6864 -0.0893 -0.7218
vn -0.6889 -0.0948 -0.7186
vn -0.6900 -0.0971 -0.7173
vn 0.9471 -0.1341 -0.2915
vn 0.9470 -0.1352 -0.2914
vn 0.9792 -0.1171 -0.1659
vn 0.9792 -0.1171 -0.1660
vn -0.8230 -0.4062 0.3972
vn -0.8281 -0.4030 0.3896
vn -0.8268 -0.4027 0.3927
vn -0.8261 -0.4240 0.3711
vn 0.1131 0.7228 0.6818
vn 0.1130 0.7228 0.6818
vn 0.1368 0.7332 0.6661
vn 0.2841 -0.9289 -0.2377
vn 0.3419 -0.9154 -0.2125
vn 0.3419 -0.9154 -0.2126
vn -0.2025 -0.7820 0.5894
vn -0.2017 -0.7832 0.5881
vn -0.2033 -0.7807 0.5909
vn -0.4532 -0.4327 -0.7794
vn -0.3919 -0.5080 -0.7671
vn -0.6279 0.3752 -0.6819
vn -0.6280 0.3752 -0.6818
vn -0.5886 0.3670 -0.7203
vn 0.5443 -0.7707 -0.3314
vn 0.5228 -0.7851 -0.3321
vn 0.4767 -0.6392 -0.6035
vn 0.5071 -0.6057 -0.6131
vn -0.8225 0.5669 -0.0474
vn -0.8203 0.5718 -0.0126
vn -0.8203 0.5717 -0.0126
vn -0.4447 -0.8916 0.0857
vn -0.4600 -0.8837 0.0871
vn -0.4599 -0.8837 0.0871
vn 0.1909 0.4989 0.8454
vn -0.3302 -0.5093 -0.7947
vn 0.0041 0.9989 0.0476
vn -0.0268 0.9992 0.0305
vn 0.0463 0.4700 0.8815
vn 0.0411 0.4692 0.8821
vn 0.0376 0.4657 0.8841
vn 0.7749 0.5456 -0.3192
vn -0.1410 0.9873 -0.0727
vn -0.1259 0.9882 -0.0867
vn -0.4793 0.4480 0.7547
vn -0.5696 0.6526 -0.4998
vn -0.5010 -0.8411 0.2038
vn -0.5012 -0.8410 0.2037
vn -0.4993 -0.8421 0.2040
vn -0.4978 -0.8429 0.2042
vn 0.1580 0.6470 0.7460
vn 0.1565 0.6487 0.7448
vn 0.1566 0.6486 0.7448
vn 0.1583 0.6467 0.7462
vn -0.6224 0.7754 -0.1064
vn -0.6119 0.7813 -0.1231
vn 0.1186 0.9872 -0.1071
vn 0.0506 0.9888 -0.1401
vn -0.0807 0.9403 0.3307
vn -0.1218 0.9351 0.3328
vn 0.0119 -0.4984 0.8668
vn -0.0146 -0.5282 0.8490
vn -0.0147 -0.5282 0.8490
vn -0.5428 0.7716 0.3315
vn -0.5428 0.7717 0.3315
vn -0.5584 0.7607 0.3308
vn 0.7017 -0.4464 0.5553
vn 0.6703 -0.4726 0.5722
vn 0.0732 -0.8421 0.5343
vn 0.0716 -0.8327 0.5491
vn -0.0295 -0.4696 -0.8824
vn -0.7295 -0.6292 0.2682
vn 0.2077 -0.7688 0.6048
vn 0.2377 -0.7530 0.6136
vn 0.4604 -0.4466 -0.7672
vn 0.5537 -0.7141 0.4284
vn 0.5886 -0.8069 0.0503
vn 0.3433 -0.0597 -0.9373
vn 0.3725 -0.0161 -0.9279
vn -0.9543 -0.1829 0.2365
vn -0.9617 -0.1610 0.2220
vn -0.9617 -0.1610 0.2219
vn -0.2009 -0.7483 -0.6322
vn -0.2003 -0.7486 -0.6321
vn -0.1999 -0.7490 -0.6317
vn -0.2249 -0.8932 0.3895
vn -0.2226 -0.8931 0.3908
vn -0.2292 -0.8932 0.3869
vn -0.2314 -0.8932 0.3855
vn 0.1837 -0.4637 -0.8667
vn 0.2375 -0.4706 -0.8498
vn -0.8605 0.2866 -0.4211
vn -0.8601 0.2854 -0.4229
vn -0.8602 0.2859 -0.4222
vn -0.8607 0.2872 -0.4203
vn 0.3606 -0.7578 -0.5438
vn 0.3626 -0.7561 -0.5447
vn 0.3642 -0.7570 -0.5425
vn -0.2217 -0.8461 0.4847
vn -0.2234 -0.8343 0.5040
vn -0.2034 -0.8305 0.5185
vn -0.1995 -0.8454 0.4955
vn -0.3764 -0.7989 -0.4692
vn -0.4058 -0.7438 -0.5311
vn -0.2897 0.7503 -0.5943
vn -0.4066 0.7560 -0.5129
vn -0.5801 -0.7979 0.1640
vn -0.5472 -0.8234 0.1504
vn 0.3716 -0.6999 0.6100
vn 0.3796 -0.6225 0.6844
vn -0.6551 0.7036 -0.2755
vn -0.6171 0.7590 -0.2074
vn -0.6171 0.7591 -0.2074
vn 0.7141 -0.5918 0.3739
vn 0.7149 -0.5911 0.3735
vn 0.7115 -0.5940 0.3754
vn 0.7111 -0.5944 0.3756
vn -0.8940 0.3394 0.2926
vn -0.8964 0.3387 0.2861
vn -0.8993 0.3340 0.2823
vn 0.4666 0.5951 0.6543
vn 0.4674 0.5919 0.6566
vn 0.4712 0.5917 0.6542
vn -0.9010 0.3427 -0.2661
vn 0.2275 0.7190 -0.6568
vn 0.4522 0.8721 0.1872
vn 0.4745 0.8575 0.1988
vn 0.2221 0.8996 0.3761
vn 0.2233 0.8987 0.3775
vn 0.2168 0.9032 0.3705
vn 0.2160 0.9037 0.3696
vn -0.2243 0.7666 -0.6017
vn -0.2220 0.7678 -0.6010
vn -0.2224 0.7676 -0.6012
vn -0.2250 0.7662 -0.6019
vn 0.2074 -0.4040 0.8909
vn 0.2074 -0.4040 0.8910
vn 0.1679 -0.3839 0.9080
vn -0.0416 0.7572 -0.6518
vn -0.0429 0.7565 -0.6526
vn -0.0425 0.7567 -0.6524
vn -0.0409 0.7577 -0.6514
vn -0.0357 0.7610 0.6478
vn -0.0618 0.7460 0.6631
vn -0.1176 -0.7111 0.6932
vn -0.0186 -0.6620 0.7493
vn -0.4895 -0.5342 -0.6892
vn -0.5170 -0.5421 -0.6625
vn -0.7665 0.5262 -0.3682
vn -0.7675 0.5286 -0.3627
vn -0.7710 0.5236 -0.3625
vn -0.1396 -0.9337 0.3296
vn -0.0578 -0.9607 0.2714
vn -0.4429 -0.3500 0.8254
vn -0.4531 -0.3449 0.8220
vn -0.4494 -0.3448 0.8241
vn -0.4629 -0.3632 0.8086
vn 0.9595 -0.2518 -0.1260
vn 0.9566 -0.2647 -0.1218
vn 0.9614 -0.2474 -0.1204
vn -0.3757 -0.6647 -0.6458
vn -0.2942 -0.9427 0.1570
vn -0.1875 -0.9629 0.1943
vn 0.9437 -0.2940 0.1518
vn 0.1660 -0.6631 0.7299
vn 0.4769 -0.7337 0.4841
vn 0.0329 0.6190 -0.7847
vn 0.0447 0.6311 -0.7744
vn 0.0447 0.6310 -0.7745
vn 0.7135 -0.3894 -0.5825
vn 0.7275 -0.4012 -0.5566
vn 0.4969 0.2125 0.8414
vn 0.4872 0.2227 0.8444
vn -0.7191 0.6940 -0.0361
vn -0.6804 0.7312 -0.0492
vn 0.3386 -0.7517 -0.5660
vn 0.3532 -0.7371 -0.5761
vn 0.7586 -0.5613 0.3308
vn 0.6221 -0.6538 -0.4309
vn 0.1821 -0.2637 0.9473
vn 0.1342 -0.1893 0.9727
vn 0.6105 -0.7885 -0.0746
vn 0.6030 -0.7944 -0.0736
vn 0.6059 -0.7921 -0.0740
vn 0.6135 -0.7861 -0.0750
vn -0.0387 0.7498 -0.6605
vn -0.0415 0.7324 -0.6796
vn -0.0415 0.7324 -0.6797
vn 0.6480 -0.7473 0.1473
vn 0.6509 -0.7440 0.1510
vn 0.6476 -0.7460 0.1553
vn -0.7731 0.5332 0.3436
vn -0.7729 0.5342 0.3426
vn -0.7730 0.5335 0.3433
vn -0.7732 0.5326 0.3443
vn 0.0705 0.8084 -0.5844
vn 0.0730 0.8054 -0.5883
vn 0.0681 0.8114 -0.5806
vn 0.0680 0.8115 -0.5804
vn -0.0460 -0.7373 0.6740
vn -0.0995 -0.6923 0.7147
vn 0.2230 -0.8539 -0.4703
vn 0.2206 -0.8553 -0.4688
vn 0.2262 -0.8519 -0.4724
vn 0.2285 -0.8505 -0.4738
vn -0.6597 0.0389 -0.7505
vn -0.6609 0.0369 -0.7496
vn -0.6579 0.0423 -0.7519
vn -0.6567 0.0444 -0.7528
vn 0.7367 0.5624 0.3755
vn 0.3139 0.7768 -0.5459
vn 0.3166 0.7769 -0.5443
vn 0.3195 0.7757 -0.5442
vn 0.2994 0.6034 0.7391
vn -0.4128 0.9070 0.0838
vn -0.9517 0.0085 -0.3070
vn -0.9493 0.0106 -0.3142
vn -0.3198 0.2033 -0.9254
vn -0.3214 0.2058 -0.9243
vn -0.3173 0.1995 -0.9271
vn -0.3157 0.1970 -0.9282
vn 0.4016 -0.6148 0.6788
vn 0.3729 -0.5304 0.7613
vn 0.5096 -0.3532 -0.7845
vn 0.4770 -0.3022 -0.8253
vn -0.5057 0.6989 -0.5058
vn -0.6023 0.6662 -0.4398
vn 0.6049 -0.4670 0.6450
vn 0.6037 -0.4667 0.6463
vn 0.6042 -0.4668 0.6458
vn 0.6055 -0.4672 0.6443
vn 0.3061 -0.8486 0.4316
vn 0.3618 -0.8489 0.3853
vn -0.9179 0.3231 0.2305
vn -0.9117 0.3339 0.2393
vn -0.9117 0.3339 0.2394
vn 0.2179 -0.8433 -0.4913
vn 0.3290 -0.7798 -0.5327
vn -0.1653 -0.9838 -0.0696
vn -0.1525 -0.9848 -0.0827
vn -0.1525 -0.9848 -0.0826
vn -0.6248 -0.5365 -0.5673
vn -0.3317 -0.8132 0.4781
vn 0.9596 -0.2554 -0.1183
vn 0.9562 -0.2551 -0.1433
vn 0.9612 -0.2520 -0.1126
vn 0.9588 -0.2550 -0.1251
vn -0.3257 -0.5931 -0.7363
vn 0.3510 -0.9322 -0.0879
vn 0.4813 -0.8048 0.3475
vn 0.4813 -0.8047 0.3475
vn 0.4840 -0.7968 0.3616
vn -0.1884 0.4291 0.8834
vn -0.8334 0.2917 -0.4693
vn -0.8347 0.2649 -0.4829
vn -0.4392 -0.8426 0.3117
vn -0.4060 -0.8571 0.3170
vn 0.4362 0.8713 -0.2247
vn 0.4664 0.8697 -0.1612
vn 0.4665 0.8697 -0.1611
vn -0.8577 -0.3117 -0.4088
vn -0.8320 -0.3444 -0.4349
vn -0.8320 -0.3443 -0.4349
vn 0.5952 0.8018 -0.0528
vn 0.5549 0.8300 -0.0562
vn -0.4601 -0.8855 -0.0655
vn 0.8178 0.5755 0.0102
vn 0.8097 0.5867 -0.0073
vn -0.3293 -0.9303 -0.1615
vn -0.2940 -0.9419 -0.1624
vn 0.3517 -0.7661 0.5379
vn 0.3520 -0.7652 0.5390
vn 0.3513 -0.7671 0.5367
vn 0.0112 -0.3784 0.9256
vn -0.0275 -0.4136 0.9100
vn -0.1537 -0.9209 -0.3581
vn 0.6403 -0.3762 0.6697
vn 0.5855 -0.3666 0.7230
vn 0.5856 -0.3666 0.7230
vn 0.5800 -0.5523 0.5988
vn 0.5800 -0.5522 0.5988
vn 0.5050 -0.6100 0.6106
vn -0.3077 0.8521 -0.4234
vn -0.3328 0.8518 -0.4046
vn -0.3165 -0.8562 0.4084
vn -0.3144 -0.8566 0.4090
vn -0.3201 -0.8554 0.4073
vn -0.3223 -0.8549 0.4066
vn 0.5697 -0.5757 -0.5865
vn 0.1584 -0.6331 0.7577
vn 0.1593 -0.6783 0.7173
vn -0.6405 0.7232 -0.2584
vn -0.6395 0.7238 -0.2593
vn -0.6397 0.7237 -0.2591
vn -0.6412 0.7228 -0.2577
vn 0.2151 0.3939 -0.8936
vn -0.7162 0.6866 0.1255
vn 0.6918 0.3708 -0.6196
vn 0.4650 0.8069 0.3644
vn -0.4362 -0.8835 -0.1709
vn -0.4359 -0.8837 -0.1707
vn -0.4361 -0.8835 -0.1708
vn -0.4420 -0.8800 -0.1739
vn 0.6466 0.4300 -0.6302
vn 0.6424 0.4110 -0.6469
vn 0.8280 -0.5524 0.0961
vn 0.8199 -0.5695 -0.0585
vn 0.9843 -0.0213 0.1752
vn 0.9771 -0.0089 0.2126
vn 0.5418 -0.8136 0.2112
vn 0.5520 -0.7964 0.2472
vn -0.7192 -0.6596 0.2181
vn -0.6036 -0.7879 0.1222
vn -0.6035 -0.7879 0.1222
vn 0.3494 -0.9253 0.1473
vn 0.3598 -0.9196 0.1577
vn -0.7359 -0.5215 -0.4319
vn -0.7359 -0.5214 -0.4319
vn -0.6886 -0.5721 -0.4455
vn -0.0057 -0.9996 -0.0263
vn -0.0270 -0.9183 0.3950
vn 0.5890 0.7871 -0.1835
vn 0.5889 0.7871 -0.1835
vn 0.6088 0.7695 -0.1929
vn -0.7731 -0.5670 0.2841
vn -0.7973 -0.5487 0.2514
vn -0.7935 -0.5263 0.3056
vn -0.7935 -0.5262 0.3056
vn -0.6468 -0.7626 0.0013
vn -0.6468 -0.7627 0.0013
vn -0.6318 -0.7750 0.0162
vn -0.0603 -0.6189 0.7832
vn -0.0608 -0.6195 0.7826
vn -0.0579 -0.6164 0.7853
vn -0.0576 -0.6161 0.7856
vn 0.7947 -0.4679 -0.3867
vn 0.7876 -0.5386 -0.2994
vn 0.7876 -0.5385 -0.2994
vn -0.3302 -0.3376 0.8815
vn 0.6874 -0.7234 -0.0646
vn -0.6913 -0.3694 0.6210
vn -0.4333 -0.8371 -0.3338
vn -0.1633 0.5185 -0.8393
vn -0.0756 0.5905 -0.8035
vn 0.4316 0.6756 -0.5978
vn 0.4297 0.6855 -0.5878
vn -0.8196 -0.5693 0.0645
vn -0.8196 -0.5692 0.0645
vn -0.8702 -0.4918 -0.0281
vn -0.8702 -0.4919 -0.0281
vn 0.2382 -0.5846 0.7756
vn 0.2384 -0.5850 0.7752
vn 0.2380 -0.5842 0.7759
vn 0.2379 -0.5839 0.7762
vn 0.2167 -0.8874 0.4069
vn 0.2194 -0.8870 0.4062
vn 0.2187 -0.8871 0.4064
vn 0.2159 -0.8875 0.4071
vn -0.0103 -0.9290 -0.3700
vn -0.0104 -0.9271 -0.3746
vn -0.0103 -0.9309 -0.3653
vn -0.0103 -0.9309 -0.3651
vn -0.3206 -0.9070 -0.2729
vn -0.3128 -0.9111 -0.2685
vn -0.3131 -0.9109 -0.2687
vn -0.3211 -0.9068 -0.2732
vn 0.7628 -0.3609 -0.5365
vn 0.7628 -0.3610 -0.5365
vn 0.7715 -0.3858 -0.5060
vn 0.7714 -0.3857 -0.5060
vn 0.9672 -0.2539 0.0023
vn 0.9729 -0.2296 0.0279
vn 0.7470 -0.3004 0.5931
vn 0.7090 -0.3300 0.6233
vn 0.2866 -0.9419 0.1752
vn 0.2866 -0.9419 0.1753
vn 0.1650 -0.9421 0.2920
vn 0.1650 -0.9421 0.2921
vn -0.3891 -0.8707 0.3008
vn -0.0946 -0.9819 0.1641
vn -0.9554 -0.1410 -0.2596
vn -0.9607 -0.1354 -0.2425
vn 0.7052 0.7090 0.0032
vn 0.6980 0.7156 -0.0268
vn -0.8674 -0.4264 -0.2564
vn -0.8520 -0.4440 -0.2775
vn -0.9386 -0.1325 0.3185
vn 0.6063 -0.7864 -0.1184
vn 0.5780 -0.8093 -0.1046
vn 0.6778 0.4239 -0.6007
vn -0.2702 0.8066 -0.5257
vn -0.2667 0.8062 -0.5281
vn -0.2653 0.8042 -0.5318
vn 0.8689 0.4946 -0.0208
vn 0.0504 0.8980 0.4371
vn 0.3066 0.8998 0.3105
vn 0.2916 0.9077 0.3018
vn -0.6579 -0.5839 0.4755
vn -0.6528 -0.5889 0.4764
vn -0.6534 -0.5883 0.4763
vn -0.6590 -0.5829 0.4753
vn -0.8479 0.1176 0.5170
vn -0.8565 0.1141 0.5034
vn -0.5276 0.6240 0.5764
vn -0.5276 0.6240 0.5763
vn -0.5159 0.6372 0.5726
vn -0.5636 -0.8216 0.0852
vn -0.5604 -0.8238 0.0858
vn -0.5607 -0.8236 0.0858
vn -0.5665 -0.8197 0.0847
vn -0.4495 -0.8669 0.2154
vn -0.4495 -0.8669 0.2155
vn -0.4790 -0.8656 0.1459
vn 0.1947 0.7705 -0.6070
vn 0.1955 0.7690 -0.6086
vn 0.1939 0.7718 -0.6056
vn 0.6045 -0.6883 -0.4009
vn 0.6058 -0.7444 -0.2807
vn 0.6058 -0.7445 -0.2807
vn -0.7722 -0.4068 0.4881
vn 0.2318 -0.7992 0.5546
vn -0.8410 -0.5339 0.0877
vn -0.1244 -0.9006 -0.4165
vn 0.5285 -0.7108 -0.4641
vn 0.5499 -0.6756 -0.4911
vn 0.3305 -0.2793 0.9015
vn 0.3129 -0.2660 0.9118
vn -0.4964 -0.5183 0.6964
vn -0.4964 -0.5184 0.6964
vn -0.4463 -0.3827 0.8089
vn -0.4462 -0.3827 0.8089
vn 0.4853 -0.8739 0.0277
vn 0.5129 -0.8415 0.1699
vn 0.4847 -0.7907 0.3741
vn 0.4846 -0.7907 0.3741
vn 0.4103 -0.8264 0.3856
vn 0.4104 -0.8264 0.3856
vn 0.3302 -0.5917 0.7354
vn 0.4591 -0.6266 0.6298
vn 0.1855 0.9817 0.0420
vn 0.1418 0.9854 0.0939
vn -0.5328 -0.8404 -0.0991
vn -0.5352 -0.8388 -0.1002
vn -0.5347 -0.8391 -0.1000
vn -0.5304 -0.8421 -0.0979
vn 0.2885 0.9325 0.2172
vn 0.2884 0.9325 0.2172
vn 0.2006 0.9297 0.3087
vn -0.7453 0.6309 0.2157
vn -0.7453 0.6309 0.2156
vn -0.7563 0.5617 0.3354
vn -0.1709 -0.6018 0.7801
vn -0.1681 -0.6040 0.7791
vn -0.1753 -0.5986 0.7817
vn -0.1780 -0.5964 0.7827
vn -0.1375 -0.7061 0.6947
vn -0.1597 -0.8366 0.5240
vn -0.2995 -0.9440 0.1387
vn 0.7421 -0.4360 0.5090
vn 0.7421 -0.4360 0.5091
vn 0.7192 -0.4450 0.5337
vn 0.7192 -0.4450 0.5336
vn -0.0892 0.8749 -0.4760
vn -0.0945 0.8718 -0.4807
vn -0.0925 0.8730 -0.4789
vn -0.0875 0.8759 -0.4745
vn -0.0782 -0.5604 0.8245
vn -0.0782 -0.5605 0.8245
vn -0.1645 -0.6667 0.7269
vn -0.1645 -0.6667 0.7270
vn -0.3928 -0.2846 -0.8745
vn -0.5066 -0.8589 0.0745
vn 0.7566 0.0115 0.6538
vn 0.7553 0.0086 0.6553
vn 0.7560 0.0102 0.6544
vn 0.7572 0.0128 0.6531
vn 0.2199 -0.9751 -0.0296
vn 0.2096 -0.9750 0.0735
vn -0.2423 0.9443 -0.2229
vn -0.2422 0.9443 -0.2230
vn -0.1879 0.9452 -0.2670
vn -0.1879 0.9452 -0.2671
vn 0.5914 -0.7524 -0.2901
vn 0.7677 -0.6226 -0.1515
vn -0.0412 -0.9753 0.2169
vn -0.1070 -0.9779 0.1798
vn -0.4482 -0.6085 -0.6549
vn -0.7750 0.3946 -0.4936
vn -0.2467 0.6472 0.7213
vn -0.2514 0.6474 0.7195
vn -0.2567 0.6457 0.7192
vn 0.0682 -0.9961 0.0566
vn 0.0682 -0.9961 0.0565
vn -0.0247 -0.9997 0.0087
vn -0.3323 0.4215 -0.8437
vn 0.3833 0.8459 -0.3709
vn -0.0030 0.9995 0.0324
vn 0.0033 0.9999 -0.0170
vn 0.0033 0.9999 -0.0169
vn -0.9575 -0.2106 -0.1970
vn -0.9575 -0.2108 -0.1970
vn -0.9586 -0.2342 -0.1620
vn -0.9586 -0.2342 -0.1619
vn -0.8397 -0.4233 -0.3403
vn -0.8413 -0.4211 -0.3391
vn -0.8380 -0.4256 -0.3416
vn -0.8366 -0.4275 -0.3427
vn 0.6609 0.6622 -0.3532
vn 0.6272 0.6992 -0.3432
vn -0.1169 -0.7684 0.6292
vn -0.1169 -0.7685 0.6291
vn -0.1302 -0.7610 0.6355
vn -0.1302 -0.7610 0.6356
vn 0.7941 -0.2082 -0.5710
vn 0.8146 -0.2393 -0.5285
vn 0.8145 -0.2392 -0.5285
vn 0.2948 -0.1566 0.9427
vn 0.2899 -0.1551 0.9444
vn 0.2917 -0.1557 0.9438
vn 0.2964 -0.1571 0.9420
vn 0.7384 -0.3591 0.5709
vn 0.2839 -0.7027 -0.6523
vn 0.3254 -0.4591 0.8267
vn -0.3478 -0.8571 0.3801
vn 0.2570 -0.9424 -0.2142
vn 0.2539 -0.9449 -0.2069
vn 0.2542 -0.9446 -0.2076
vn 0.2576 -0.9419 -0.2157
vn -0.1545 0.9445 0.2899
vn -0.1547 0.9437 0.2923
vn -0.1543 0.9453 0.2874
vn -0.2609 -0.9477 -0.1837
vn -0.2175 -0.9490 -0.2283
vn -0.2176 -0.9490 -0.2283
vn 0.0996 0.8076 -0.5812
vn 0.0964 0.7947 -0.5993
vn -0.4664 0.7467 0.4742
vn -0.4532 0.7550 0.4740
vn 0.5247 0.7604 0.3828
vn 0.5226 0.7682 0.3698
vn 0.6245 0.4949 0.6042
vn 0.6135 0.4918 0.6179
vn 0.6568 -0.7488 -0.0890
vn 0.6564 -0.7492 -0.0889
vn 0.6658 -0.7407 -0.0897
vn 0.6663 -0.7402 -0.0898
vn -0.1650 -0.8551 -0.4914
vn -0.1650 -0.8551 -0.4915
vn -0.1599 -0.8446 -0.5110
vn -0.1599 -0.8446 -0.5109
vn -0.6666 0.7348 0.1249
vn -0.6667 0.7348 0.1249
vn -0.6525 0.7476 0.1236
vn 0.0055 -0.8067 0.5909
vn 0.0146 -0.8180 0.5750
vn 0.6712 -0.7322 0.1156
vn 0.7309 0.3295 -0.5976
vn 0.7309 0.3296 -0.5976
vn 0.7428 0.3677 -0.5596
vn 0.7428 0.3677 -0.5595
vn 0.2590 -0.8055 0.5331
vn -0.2968 -0.5541 -0.7778
vn -0.2968 -0.5540 -0.7778
vn -0.2808 -0.5468 -0.7888
vn -0.0776 0.9959 -0.0475
vn -0.0924 0.9901 -0.1055
vn -0.0924 0.9901 -0.1056
vn -0.6076 -0.7860 0.1144
vn -0.6887 -0.7225 0.0609
vn -0.2257 0.7085 -0.6687
vn -0.2263 0.7074 -0.6696
vn -0.2260 0.7079 -0.6692
vn -0.2256 0.7087 -0.6685
vn -0.2482 -0.9309 -0.2679
vn -0.2295 -0.9305 -0.2856
vn -0.2295 -0.9305 -0.2855
vn -0.3370 0.7149 0.6127
vn -0.3232 0.7291 0.6033
vn 0.1909 -0.4142 -0.8899
vn 0.1868 -0.4133 -0.8912
vn 0.1867 -0.4133 -0.8912
vn -0.2614 -0.0358 0.9646
vn -0.2585 -0.0328 0.9654
vn -0.2598 -0.0342 0.9651
vn -0.2626 -0.0371 0.9642
vn -0.0237 -0.3285 -0.9442
vn 0.0552 -0.3673 -0.9285
vn 0.0549 -0.3676 -0.9284
vn -0.4539 -0.7803 -0.4302
vn -0.4370 -0.7956 -0.4197
vn -0.4370 -0.7955 -0.4197
vn 0.4053 0.7321 0.5475
vn 0.3946 0.7571 0.5206
vn 0.2307 -0.9092 -0.3466
vn 0.2279 -0.9083 -0.3507
vn 0.2289 -0.9086 -0.3493
vn 0.2317 -0.9095 -0.3451
vn -0.0870 -0.7951 0.6003
vn -0.0870 -0.7951 0.6002
vn -0.0903 -0.8082 0.5819
vn -0.2926 0.6742 0.6781
vn -0.1996 0.6910 0.6947
vn -0.3069 0.1744 0.9356
vn -0.3074 0.1750 0.9354
vn -0.3071 0.1747 0.9355
vn -0.3062 0.1734 0.9360
vn 0.4097 0.6396 -0.6505
vn 0.4096 0.6396 -0.6505
vn 0.4676 0.6393 -0.6104
vn 0.2011 -0.9253 -0.3216
vn 0.0106 -0.9443 -0.3289
vn 0.5296 -0.6422 0.5542
vn 0.4393 -0.7303 0.5231
vn 0.2499 -0.9042 0.3463
vn 0.2875 -0.8847 0.3670
vn -0.7956 -0.6039 0.0477
vn -0.7936 -0.6063 0.0500
vn -0.7988 -0.6000 0.0442
vn -0.8006 -0.5977 0.0421
vn 0.7568 0.5043 0.4159
vn 0.7686 0.4914 0.4095
vn -0.7199 -0.6811 -0.1335
vn -0.7449 -0.6347 -0.2058
vn -0.4517 -0.3320 0.8281
vn -0.4613 -0.3277 0.8245
vn -0.4865 -0.3206 0.8127
vn -0.4896 -0.3398 0.8030
vn -0.9380 0.3415 0.0595
vn -0.9416 0.3357 0.0263
vn -0.6298 -0.6642 -0.4027
vn -0.6965 -0.5789 -0.4240
vn -0.7804 -0.5731 -0.2502
vn -0.7804 -0.5731 -0.2501
vn -0.8040 -0.5462 -0.2349
vn 0.4831 -0.7413 0.4660
vn 0.4609 -0.7643 0.4510
vn 0.2209 -0.3253 0.9195
vn 0.2284 -0.3238 0.9182
vn 0.2255 -0.3243 0.9187
vn 0.2181 -0.3258 0.9199
vn -0.8175 -0.4334 0.3793
vn -0.7760 -0.5504 0.3079
vn -0.8070 -0.5123 0.2938
vn 0.7981 -0.3770 -0.4700
vn 0.8001 -0.3761 -0.4673
vn 0.8001 -0.3761 -0.4674
vn -0.3094 -0.8588 -0.4082
vn -0.3094 -0.8588 -0.4083
vn -0.3320 -0.8595 -0.3886
vn 0.8419 0.4213 -0.3372
vn 0.8283 0.4023 -0.3901
vn 0.0870 -0.9496 -0.3010
vn 0.1646 -0.8998 -0.4040
vn 0.5281 -0.8080 -0.2613
vn 0.5543 -0.7879 -0.2682
vn -0.0473 -0.9900 0.1332
vn -0.1527 -0.9838 0.0938
vn -0.4849 -0.8483 0.2128
vn -0.4850 -0.8482 0.2128
vn -0.5082 -0.8361 0.2065
vn -0.6093 -0.7685 0.1954
vn -0.5925 -0.7835 0.1873
vn 0.3525 0.9060 -0.2344
vn 0.3525 0.9060 -0.2345
vn 0.3702 0.9068 -0.2018
vn -0.0622 0.9752 -0.2122
vn 0.0049 0.9653 -0.2611
vn -0.6100 0.4409 -0.6585
vn -0.6100 0.4409 -0.6584
vn -0.6038 0.4390 -0.6653
vn 0.4595 0.3149 -0.8305
vn 0.4592 0.3149 -0.8306
vn -0.6178 -0.7716 -0.1516
vn -0.6204 -0.7656 -0.1700
vn 0.0664 0.9753 -0.2109
vn 0.0918 0.9768 -0.1937
vn -0.3856 -0.9085 -0.1613
vn -0.3851 -0.9085 -0.1623
vn -0.3863 -0.9084 -0.1597
vn -0.3869 -0.9084 -0.1585
vn -0.0217 -0.6275 -0.7783
vn 0.0078 -0.6040 -0.7970
vn 0.0078 -0.6040 -0.7969
vn -0.4886 0.7748 -0.4012
vn -0.4886 0.7748 -0.4011
vn -0.4822 0.7963 -0.3652
vn -0.6580 0.2198 0.7203
vn -0.6685 0.2397 0.7040
vn -0.1051 -0.7558 -0.6464
vn -0.1182 -0.7614 -0.6374
vn -0.1183 -0.7614 -0.6374
vn 0.2352 -0.2583 -0.9370
vn 0.2691 -0.2778 -0.9222
vn -0.5625 -0.1714 0.8089
vn -0.5779 -0.1647 0.7993
vn -0.5780 -0.1647 0.7993
vn 0.6130 -0.7854 -0.0864
vn 0.6130 -0.7853 -0.0871
vn 0.5258 -0.8463 -0.0856
vn 0.2178 0.9619 -0.1655
vn 0.2093 0.9609 -0.1813
vn 0.0296 -0.8143 -0.5797
vn 0.0772 -0.8410 -0.5355
vn 0.4633 -0.7441 0.4814
vn 0.4594 -0.7334 0.5011
vn -0.7018 -0.5106 0.4967
vn -0.7105 -0.5183 0.4760
vn -0.3935 0.6151 -0.6832
vn -0.4585 0.6331 -0.6237
vn -0.4257 0.5479 0.7201
vn -0.4329 0.5413 0.7209
vn -0.4300 0.5439 0.7206
vn -0.4227 0.5506 0.7198
vn 0.5727 0.8154 -0.0851
vn 0.5726 0.8154 -0.0851
vn 0.5943 0.8002 -0.0807
vn 0.4658 -0.7777 -0.4221
vn 0.4798 -0.7690 -0.4224
vn 0.4799 -0.7689 -0.4224
vn 0.8896 0.1276 -0.4385
vn 0.8973 0.1100 -0.4274
vn 0.5207 -0.1908 -0.8321
vn 0.5207 -0.1907 -0.8321
vn 0.5186 -0.2252 -0.8248
vn -0.5624 -0.8268 -0.0061
vn -0.5624 -0.8269 -0.0062
vn -0.5484 -0.8361 -0.0132
vn 0.0482 -0.9471 -0.3172
vn 0.0474 -0.9479 -0.3150
vn 0.0478 -0.9475 -0.3160
vn 0.0487 -0.9466 -0.3186
vn 0.1135 0.8698 0.4801
vn 0.1093 0.8621 0.4949
vn -0.2799 -0.7712 0.5717
vn -0.2799 -0.7713 0.5717
vn -0.2877 -0.7534 0.5913
vn 0.2531 0.8990 -0.3575
vn 0.1976 0.8972 -0.3948
vn 0.1977 0.8972 -0.3948
vn -0.5244 -0.8497 0.0552
vn -0.5903 -0.8060 0.0426
vn -0.5904 -0.8060 0.0426
vn -0.0549 -0.9166 -0.3961
vn -0.0552 -0.9181 -0.3924
vn -0.0552 -0.9180 -0.3928
vn -0.0545 -0.9149 -0.4001
vn -0.6087 -0.7771 -0.1604
vn -0.6086 -0.7771 -0.1604
vn -0.6112 -0.7781 -0.1447
vn -0.5177 -0.6268 0.5823
vn -0.4083 -0.6319 0.6588
vn 0.4630 -0.8632 0.2012
vn 0.4660 -0.8621 0.1992
vn 0.4582 -0.8651 0.2043
vn 0.4551 -0.8662 0.2062
vn 0.6767 -0.5716 -0.4639
vn 0.6767 -0.5717 -0.4640
vn 0.7126 -0.5450 -0.4418
vn 0.6542 -0.7440 0.1360
vn 0.6551 -0.7401 0.1519
vn 0.4561 -0.7551 0.4709
vn 0.2278 -0.7341 0.6397
vn 0.2277 -0.7341 0.6398
vn 0.2416 0.8280 -0.5060
vn 0.2416 0.8275 -0.5068
vn 0.2411 0.8328 -0.4983
vn 0.2411 0.8330 -0.4981
vn -0.1508 -0.8701 0.4693
vn -0.1465 -0.8680 0.4744
vn -0.1477 -0.8687 0.4728
vn -0.1522 -0.8708 0.4676
vn -0.2321 0.4680 0.8527
vn -0.1864 0.4613 0.8674
vn 0.6374 0.7588 0.1342
vn 0.6339 0.7571 0.1579
vn -0.0156 -0.9970 -0.0757
vn -0.0199 -0.9962 -0.0845
vn -0.0183 -0.9965 -0.0811
vn -0.0139 -0.9973 -0.0722
vn -0.3150 -0.8913 0.3260
vn -0.3116 -0.8921 0.3272
vn -0.3127 -0.8919 0.3269
vn -0.3161 -0.8911 0.3257
vn -0.1400 -0.9847 0.1036
vn -0.1399 -0.9847 0.1036
vn -0.1827 -0.9830 -0.0155
vn -0.1828 -0.9830 -0.0156
vn -0.0792 -0.7660 0.6379
vn -0.0880 -0.7538 0.6512
vn -0.1376 0.6397 -0.7562
vn -0.1376 0.6397 -0.7563
vn -0.1385 0.6760 -0.7237
vn 0.0852 0.9889 0.1215
vn 0.0351 0.9801 0.1955
vn 0.5727 -0.5076 -0.6437
vn 0.6197 -0.4646 -0.6325
vn -0.6704 -0.7420 0.0062
vn 0.0410 0.8990 0.4360
vn 0.0437 0.9107 0.4107
vn 0.3383 -0.7519 0.5658
vn 0.3562 -0.7027 0.6159
vn -0.2868 0.1090 -0.9518
vn -0.2749 0.1122 -0.9549
vn -0.2029 0.0211 -0.9790
vn -0.2241 0.0278 -0.9742
vn -0.5514 -0.3795 -0.7429
vn -0.5225 -0.3781 -0.7642
vn 0.3874 -0.5224 0.7596
vn 0.3409 -0.4492 0.8258
vn 0.2323 0.9513 0.2027
vn 0.2549 0.9507 0.1769
vn 0.2549 0.9507 0.1768
vn 0.0315 0.6167 0.7866
vn 0.0024 0.6350 0.7725
vn 0.0025 0.6350 0.7725
vn -0.6135 -0.7707 0.1723
vn -0.5905 -0.7527 0.2910
vn -0.5905 -0.7527 0.2911
vn -0.7841 -0.4240 0.4532
vn -0.7839 -0.4099 0.4663
vn 0.2684 0.7451 -0.6106
vn 0.2576 0.7707 -0.5828
vn 0.1841 -0.9820 0.0425
vn 0.1456 -0.9857 0.0844
vn 0.4941 0.3423 -0.7992
vn 0.4565 0.3340 -0.8247
vn 0.6391 0.7601 0.1176
vn 0.6434 0.7516 0.1455
vn 0.1268 -0.4930 -0.8608
vn 0.1801 -0.1844 -0.9662
vn 0.1280 0.9819 -0.1399
vn 0.1276 0.9813 -0.1444
vn 0.1278 0.9815 -0.1427
vn 0.1281 0.9821 -0.1381
vn -0.4050 -0.4873 0.7736
vn -0.4276 -0.4843 0.7633
vn -0.4276 -0.4844 0.7633
vn -0.1491 -0.6790 0.7188
vn -0.1589 -0.6992 0.6971
vn -0.8238 -0.4089 0.3925
vn -0.8293 -0.4085 0.3813
vn -0.8438 -0.4034 0.3540
vn -0.8363 -0.4245 0.3470
vn -0.1197 -0.6238 -0.7724
vn -0.1011 -0.6452 -0.7573
vn 0.6079 0.7695 -0.1959
vn 0.5717 0.7721 -0.2774
vn 0.5718 0.7721 -0.2773
vn -0.4410 -0.7777 -0.4479
vn -0.4712 -0.7236 -0.5043
vn -0.5330 -0.6595 -0.5301
vn -0.4555 -0.7308 -0.5083
vn 0.6428 -0.7635 0.0627
vn 0.6427 -0.7635 0.0627
vn 0.7074 -0.7056 0.0411
vn 0.7074 -0.7057 0.0411
vn 0.0694 -0.9605 -0.2695
vn 0.0704 -0.9603 -0.2699
vn 0.0689 -0.9606 -0.2692
vn 0.0684 -0.9607 -0.2689
vn -0.3095 -0.7868 0.5340
vn -0.4378 -0.7774 0.4517
vn -0.4723 -0.6921 0.5458
vn -0.4722 -0.6924 0.5455
vn -0.4727 -0.6904 0.5477
vn -0.4727 -0.6902 0.5478
vn -0.8895 -0.4181 -0.1845
vn -0.8894 -0.4181 -0.1849
vn -0.8895 -0.4181 -0.1844
vn -0.4010 -0.9075 -0.1252
vn -0.3966 -0.9100 -0.1207
vn -0.3984 -0.9090 -0.1224
vn -0.4027 -0.9065 -0.1269
vn -0.2823 0.9341 0.2186
vn -0.2745 0.9406 0.1998
vn -0.5796 -0.3197 -0.7496
vn -0.6188 -0.2798 -0.7340
vn -0.5521 -0.8336 0.0191
vn -0.5809 -0.8138 0.0162
vn -0.5808 -0.8138 0.0162
vn 0.4813 -0.7997 -0.3589
vn 0.6012 -0.7196 -0.3475
vn 0.1330 0.9897 -0.0526
vn 0.1192 0.9918 -0.0461
vn -0.3195 -0.5317 0.7844
vn -0.2993 -0.4795 0.8249
vn -0.5609 -0.7840 0.2660
vn -0.5555 -0.7929 0.2504
vn -0.4568 -0.7352 -0.5008
vn -0.4568 -0.7350 -0.5011
vn -0.3440 -0.7798 -0.5230
vn 0.3490 0.9369 -0.0223
vn 0.3490 0.9369 -0.0222
vn 0.3584 0.9324 0.0463
vn 0.3584 0.9324 0.0462
vn -0.3932 -0.3349 0.8563
vn -0.3904 -0.3365 0.8570
vn -0.3972 -0.3326 0.8553
vn -0.3998 -0.3312 0.8547
vn 0.1849 -0.3824 -0.9053
vn 0.2302 -0.4175 -0.8790
vn 0.2302 -0.4174 -0.8791
vn 0.2662 0.4343 0.8605
vn 0.2661 0.4343 0.8606
vn 0.2987 0.3911 0.8705
vn 0.5677 -0.7873 0.2407
vn 0.6250 -0.6977 0.3500
vn 0.6250 -0.6978 0.3500
vn 0.3980 0.7825 -0.4788
vn 0.3383 0.7845 -0.5197
vn 0.1044 -0.5016 0.8587
vn 0.0576 -0.5170 0.8540
vn 0.0577 -0.5170 0.8540
vn 0.0745 -0.7709 -0.6326
vn 0.0744 -0.7709 -0.6326
vn 0.0452 -0.7873 -0.6149
vn 0.9078 -0.1870 0.3753
vn 0.8986 -0.1927 0.3942
vn 0.8986 -0.1927 0.3941
vn 0.2782 0.8614 0.4250
vn 0.4023 0.8625 0.3071
vn 0.4744 0.7302 -0.4916
vn 0.4535 0.7404 -0.4962
vn 0.2381 -0.9227 0.3033
vn 0.1770 -0.9556 0.2356
vn -0.1879 0.9822 -0.0039
vn -0.2198 0.9719 -0.0845
vn -0.2198 0.9719 -0.0846
vn -0.2401 -0.9620 0.1300
vn 0.1508 -0.9567 -0.2489
vn 0.1541 -0.9467 -0.2828
vn 0.4411 -0.8117 0.3829
vn 0.4402 -0.8129 0.3813
vn 0.4424 -0.8097 0.3855
vn 0.4432 -0.8085 0.3871
vn -0.2243 0.9347 0.2756
vn -0.2189 0.9355 0.2775
vn -0.2209 0.9352 0.2768
vn -0.2261 0.9345 0.2750
vn -0.0042 -0.9424 0.3346
vn -0.0368 -0.9635 0.2653
vn 0.6243 -0.0359 -0.7803
vn 0.6218 -0.0345 -0.7824
vn 0.6228 -0.0350 -0.7816
vn 0.6252 -0.0363 -0.7796
vn 0.7550 -0.5664 -0.3303
vn 0.7336 -0.6170 -0.2848
vn 0.2899 -0.5528 -0.7812
vn 0.2803 -0.4713 -0.8363
vn 0.0407 -0.7508 0.6592
vn 0.0406 -0.7519 0.6581
vn 0.0404 -0.7529 0.6569
vn 0.9238 -0.3700 -0.0985
vn 0.9238 -0.3700 -0.0986
vn 0.9151 -0.3873 -0.1126
vn -0.1477 0.8467 0.5111
vn -0.1478 0.8467 0.5111
vn -0.2803 0.8187 0.5011
vn 0.4451 0.8400 -0.3104
vn 0.4503 0.8376 -0.3094
vn 0.4453 0.8399 -0.3103
vn 0.4450 0.8400 -0.3104
vn 0.6585 -0.7426 -0.1218
vn 0.5450 -0.8171 -0.1881
vn 0.0151 -0.9802 -0.1973
vn 0.0131 -0.9809 -0.1942
vn 0.0181 -0.9793 -0.2018
vn 0.0201 -0.9786 -0.2048
vn 0.6575 0.5860 -0.4737
vn 0.6587 0.5848 -0.4735
vn 0.6515 0.5918 -0.4747
vn 0.6509 0.5923 -0.4748
vn -0.5910 0.7847 0.1872
vn -0.5882 0.7878 0.1826
vn -0.5886 0.7873 0.1834
vn -0.5914 0.7841 0.1880
vn -0.0988 -0.7522 -0.6514
vn -0.0988 -0.7523 -0.6514
vn -0.2152 -0.6885 -0.6926
vn -0.2153 -0.6885 -0.6926
vn 0.2569 -0.3952 -0.8819
vn 0.2878 -0.4465 -0.8472
vn 0.6361 0.7701 0.0477
vn 0.6448 0.7622 0.0569
vn -0.0185 0.8246 -0.5654
vn -0.0119 0.8167 -0.5769
vn -0.5722 0.7963 -0.1962
vn -0.5798 0.7836 -0.2232
vn -0.5798 0.7836 -0.2233
vn 0.5021 0.8364 -0.2196
vn 0.4926 0.8417 -0.2210
vn 0.5025 0.8362 -0.2196
vn 0.5026 0.8361 -0.2196
vn 0.5370 -0.6999 -0.4709
vn 0.5049 -0.7492 -0.4288
vn -0.3848 0.7606 -0.5229
vn -0.3849 0.7603 -0.5232
vn -0.6639 -0.6594 0.3527
vn -0.6639 -0.6595 0.3527
vn -0.6284 -0.6987 0.3421
vn -0.6284 -0.6986 0.3421
vn -0.2237 0.5816 -0.7821
vn -0.2233 0.5808 -0.7828
vn -0.2260 0.5869 -0.7775
vn -0.2261 0.5872 -0.7772
vn 0.6034 -0.7566 0.2520
vn 0.6037 -0.7564 0.2518
vn 0.6031 -0.7567 0.2523
vn 0.9091 -0.3839 0.1614
vn 0.9116 -0.3682 0.1829
vn -0.4372 -0.8898 0.1312
vn -0.4372 -0.8897 0.1312
vn -0.5253 -0.8413 0.1275
vn 0.2828 0.0961 0.9543
vn -0.3221 -0.5361 -0.7803
vn 0.6083 -0.6643 0.4344
vn 0.5261 -0.6934 0.4923
vn -0.0810 -0.9965 0.0193
vn -0.2067 -0.9740 0.0925
vn 0.0134 -0.9966 -0.0816
vn 0.1436 -0.9893 -0.0267
vn -0.0036 1.0000 0.0047
vn -0.0507 0.9984 -0.0248
vn 0.7989 -0.5206 -0.3014
vn 0.7958 -0.5330 -0.2875
vn 0.7958 -0.5330 -0.2874
vn 0.6341 -0.7362 -0.2364
vn 0.5845 -0.7903 -0.1836
vn -0.4926 -0.7732 -0.3993
vn -0.4931 -0.7714 -0.4022
vn -0.4930 -0.7717 -0.4017
vn -0.4925 -0.7736 -0.3986
vn 0.4477 -0.8752 0.1834
vn 0.4312 -0.8786 0.2053
vn 0.4313 -0.8785 0.2054
vn -0.9909 0.0869 0.1024
vn -0.9903 0.0879 0.1077
vn -0.0746 -0.8155 0.5739
vn -0.0771 -0.8125 0.5779
vn -0.0770 -0.8126 0.5777
vn -0.0721 -0.8184 0.5702
vn 0.9075 0.0367 -0.4185
vn 0.9075 0.0367 -0.4184
vn 0.9133 0.0196 -0.4068
vn 0.5566 0.8307 0.0112
vn 0.5561 0.8310 0.0115
vn 0.5570 0.8305 0.0110
vn 0.2074 0.5026 0.8393
vn 0.2055 0.5009 0.8407
vn 0.2063 0.5016 0.8401
vn 0.2082 0.5032 0.8387
vn 0.8476 0.3631 -0.3870
vn 0.8459 0.3626 -0.3912
vn 0.8466 0.3628 -0.3895
vn 0.8482 0.3632 -0.3855
vn -0.3684 -0.9111 0.1846
vn -0.3717 -0.9112 0.1776
vn -0.3705 -0.9112 0.1801
vn -0.3673 -0.9111 0.1871
vn 0.6651 0.3240 0.6728
vn 0.6601 0.3240 0.6777
vn -0.4792 0.8767 -0.0426
vn -0.5030 0.8537 -0.1348
vn 0.1387 0.8690 -0.4750
vn 0.2344 0.8607 -0.4519
vn 0.5276 0.8157 0.2372
vn 0.4869 0.8364 0.2518
vn 0.7763 -0.0801 0.6253
vn 0.7774 -0.0774 0.6242
vn 0.7746 -0.0842 0.6268
vn 0.7735 -0.0869 0.6279
vn -0.5678 -0.7494 -0.3406
vn -0.5678 -0.7494 -0.3407
vn -0.5348 -0.7809 -0.3228
vn 0.0769 -0.3122 -0.9469
vn 0.0466 -0.2686 -0.9621
vn 0.6666 -0.3683 0.6480
vn 0.6859 -0.4437 0.5767
vn 0.3472 -0.6533 -0.6728
vn 0.3472 -0.6540 -0.6722
vn 0.2072 -0.6796 -0.7037
g BananaTree_3_BananaTree_3_Collor_Material
usemtl Collor_Material
s off
f 475/1/1 430/2/1 476/3/2 471/4/2
f 447/5/3 457/6/3 448/7/3
f 958/8/4 955/9/4 947/10/5 950/11/5
f 456/12/6 450/13/6 449/14/6
f 429/15/7 433/16/7 434/17/7
f 436/18/8 427/19/8 428/20/9 435/21/10
f 411/22/11 410/23/11 412/24/11
f 410/25/12 409/26/12 412/27/12
f 416/28/13 415/29/13 414/30/13
f 413/31/14 416/32/14 414/33/14
f 972/34/15 973/35/15 964/36/16 963/37/16
f 413/38/17 453/39/17 466/40/17
f 636/41/18 637/42/18 974/43/19 973/44/19
f 472/45/20 462/46/20 461/47/20
f 453/48/21 414/49/21 452/50/21
f 458/51/22 462/52/22 457/53/22
f 409/54/23 410/55/23 425/56/24 438/57/24
f 419/58/25 460/59/25 420/60/25
f 457/61/26 463/62/26 456/63/26
f 434/64/27 428/65/27 429/66/27
f 433/67/28 476/68/28 430/69/28
f 458/70/29 447/71/29 459/72/30 460/73/30
f 968/74/31 791/75/31 790/76/32 967/77/32
f 448/78/33 457/79/33 456/80/34 449/81/35
f 447/82/36 458/83/36 457/84/36
f 453/85/37 413/86/37 414/87/37
f 458/88/38 461/89/38 462/90/38
f 477/91/39 478/92/39 469/93/39
f 438/94/40 416/95/40 409/96/40
f 457/97/41 462/98/41 463/99/41
f 434/100/42 435/101/42 428/102/42
f 433/103/43 429/104/43 476/105/43
f 626/106/44 638/107/44 624/108/44
f 633/109/45 978/110/45 634/111/45
f 637/112/46 625/113/46 623/114/46
f 793/115/47 782/116/47 784/117/47
f 956/118/48 947/119/48 955/120/48
f 781/121/49 794/122/49 783/123/49
f 438/124/50 439/125/50 415/126/51 416/127/52
f 793/128/53 962/129/53 961/130/53
f 957/131/54 950/132/54 949/133/54
f 796/134/55 959/135/55 795/136/55
f 975/137/56 632/138/56 631/139/56
f 439/140/57 452/141/57 414/142/58 415/143/58
f 961/144/59 957/145/59 956/146/60 960/147/60
f 946/148/61 945/149/62 949/150/63 950/151/64
f 417/152/65 418/153/65 474/154/66 473/155/67
f 447/156/68 448/157/68 443/158/69 444/159/69
f 949/160/70 945/161/71 944/162/70 948/163/72
f 624/164/73 638/165/74 637/166/75 623/167/76
f 479/168/77 480/169/78 467/170/79 468/171/80
f 786/172/81 777/173/81 779/174/82 785/175/82
f 953/176/83 939/177/83 940/178/83 954/179/84
f 792/180/85 791/181/85 968/182/86 970/183/86
f 940/184/87 942/185/88 951/186/87 954/187/89
f 443/188/90 434/189/90 433/190/91 444/191/91
f 971/192/92 638/193/92 635/194/93 972/195/93
f 425/196/94 480/197/94 479/198/95 426/199/95
f 428/200/96 477/201/97 476/202/98 429/203/98
f 938/204/99 936/205/100 945/206/101 946/207/101
f 942/208/102 941/209/102 952/210/103 951/211/103
f 779/212/104 780/213/104 788/214/105 785/215/106
f 794/216/107 959/217/107 962/218/107
f 936/219/108 938/220/109 942/221/110 940/222/111
f 473/223/112 472/224/112 461/225/113 460/226/113
f 412/227/114 409/228/115 416/229/116 413/230/116
f 433/231/117 430/232/117 431/233/118 432/234/118
f 418/235/119 431/236/119 474/237/119
f 445/238/120 432/239/120 424/240/121 423/241/121
f 632/242/122 628/243/122 627/244/123 631/245/123
f 471/246/124 462/247/124 472/248/125 475/249/126
f 945/250/127 936/251/127 935/252/128 944/253/128
f 628/254/129 619/255/130 621/256/131 627/257/132
f 476/258/133 477/259/133 470/260/134 471/261/134
f 970/262/135 968/263/135 966/264/136 963/265/136
f 464/266/137 455/267/137 463/268/138 470/269/139
f 936/270/140 940/271/141 939/272/142 935/273/143
f 480/274/144 425/275/145 410/276/146 411/277/146
f 971/278/147 972/279/147 963/280/148 966/281/149
f 413/282/150 466/283/150 467/284/151 412/285/151
f 435/286/152 442/287/152 441/288/153 436/289/154
f 952/290/155 941/291/156 939/292/157 953/293/157
f 787/294/158 778/295/158 777/296/159 786/297/159
f 944/298/160 935/299/160 937/300/161 943/301/162
f 974/302/163 637/303/163 638/304/164 971/305/164
f 454/306/165 451/307/165 455/308/166 464/309/166
f 785/310/167 788/311/168 792/312/169 789/313/170
f 937/314/171 938/315/171 946/316/171 943/317/171
f 454/318/172 464/319/172 469/320/173 465/321/174
f 635/322/175 626/323/175 625/324/176 636/325/176
f 441/326/177 450/327/177 451/328/178 440/329/179
f 478/330/180 468/331/181 465/332/182 469/333/183
f 793/334/184 961/335/184 960/336/185 796/337/185
f 966/338/186 968/339/186 967/340/187 965/341/187
f 478/342/188 427/343/189 426/344/189 479/345/188
f 437/346/190 440/347/191 439/348/192 438/349/192
f 626/350/193 635/351/193 638/352/193
f 633/353/194 629/354/194 628/355/194 632/356/194
f 420/357/195 460/358/196 459/359/197 421/360/198
f 962/361/199 959/362/199 955/363/200 958/364/200
f 622/365/201 626/366/201 624/367/202 620/368/202
f 943/369/203 946/370/203 950/371/204 947/372/204
f 938/373/205 937/374/205 941/375/206 942/376/206
f 627/377/207 630/378/208 634/379/209 631/380/210
f 464/381/211 470/382/211 477/383/212 469/384/212
f 465/385/213 466/386/214 453/387/215 454/388/216
f 790/389/217 789/390/218 969/391/219 967/392/219
f 965/393/220 974/394/221 971/395/222 966/396/222
f 795/397/223 781/398/223 782/399/224 796/400/225
f 621/401/226 622/402/226 630/403/226 627/404/226
f 622/405/227 621/406/228 625/407/227 626/408/229
f 623/409/230 625/410/231 621/411/232 619/412/233
f 421/413/234 459/414/234 446/415/235 422/416/235
f 778/417/236 782/418/237 781/419/238 777/420/239
f 446/421/240 447/422/241 444/423/242 445/424/242
f 977/425/243 633/426/243 632/427/244 976/428/244
f 622/429/245 620/430/246 629/431/247 630/432/248
f 629/433/249 620/434/249 619/435/250 628/436/251
f 633/437/252 977/438/252 978/439/252
f 788/440/253 787/441/253 791/442/254 792/443/255
f 970/444/256 969/445/256 789/446/257 792/447/257
f 637/448/258 636/449/258 625/450/258
f 793/451/259 796/452/259 782/453/259
f 781/454/260 783/455/261 779/456/262 777/457/263
f 474/458/264 431/459/265 430/460/266 475/461/266
f 630/462/267 629/463/268 633/464/269 634/465/270
f 478/466/271 479/467/271 468/468/271
f 780/469/272 778/470/273 787/471/274 788/472/275
f 440/473/276 451/474/276 452/475/277 439/476/277
f 434/477/278 443/478/278 442/479/279 435/480/279
f 455/481/280 450/482/281 456/483/282 463/484/283
f 442/485/284 449/486/285 450/487/286 441/488/286
f 620/489/287 624/490/288 623/491/287 619/492/289
f 962/493/290 958/494/290 957/495/291 961/496/292
f 941/497/293 937/498/293 935/499/294 939/500/294
f 780/501/295 779/502/295 783/503/296 784/504/296
f 778/505/297 780/506/298 784/507/299 782/508/300
f 956/509/301 948/510/301 947/511/301
f 781/512/302 795/513/302 794/514/302
f 427/515/303 478/516/304 477/517/305 428/518/305
f 957/519/306 949/520/307 948/521/308 956/522/308
f 965/523/309 967/524/310 969/525/311 964/526/311
f 635/527/312 636/528/313 973/529/314 972/530/312
f 964/531/315 973/532/315 974/533/316 965/534/316
f 474/535/317 475/536/317 472/537/318 473/538/318
f 448/539/319 449/540/319 442/541/320 443/542/320
f 951/543/321 952/544/322 953/545/323 954/546/324
f 459/547/325 447/548/325 446/549/325
f 793/550/326 794/551/326 962/552/326
f 957/553/327 958/554/327 950/555/327
f 790/556/328 786/557/328 785/558/329 789/559/329
f 796/560/330 960/561/330 959/562/330
f 455/563/331 451/564/331 450/565/331
f 631/566/332 634/567/333 978/568/334 975/569/335
f 468/570/336 467/571/337 466/572/338 465/573/339
f 963/574/340 964/575/341 969/576/342 970/577/343
f 471/578/344 470/579/344 463/580/345 462/581/345
f 444/582/346 433/583/346 432/584/347 445/585/348
f 975/586/349 976/587/349 632/588/349
f 784/589/350 783/590/350 794/591/351 793/592/351
f 426/593/352 437/594/352 438/595/353 425/596/353
f 454/597/354 453/598/354 452/599/355 451/600/355
f 418/601/356 424/602/357 432/603/358 431/604/356
f 473/605/359 460/606/359 419/607/360 417/608/360
f 948/609/361 944/610/362 943/611/363 947/612/363
f 437/613/364 426/614/364 427/615/365 436/616/365
f 436/617/366 441/618/366 440/619/367 437/620/368
f 480/621/369 411/622/370 412/623/371 467/624/372
f 423/625/373 422/626/374 446/627/375 445/628/375
f 959/629/376 960/630/377 956/631/378 955/632/378
f 791/633/379 787/634/380 786/635/381 790/636/382
f 794/637/383 795/638/383 959/639/383
f 460/640/384 461/641/384 458/642/384
f 804/643/385 815/644/385 816/645/386 802/646/386
f 664/647/387 662/648/387 670/649/387 673/650/387
f 687/651/388 685/652/388 693/653/388 696/654/388
f 600/655/389 611/656/390 615/657/391 601/658/392
f 745/659/393 734/660/393 736/661/393 743/662/393
f 909/663/394 905/664/394 904/665/395 908/666/395
f 896/667/396 888/668/396 892/669/396 903/670/396
f 912/671/397 866/672/398 869/673/399 870/674/400
f 679/675/401 665/676/401 663/677/402 678/678/403
f 870/679/404 869/680/405 883/681/406 881/682/407
f 677/683/408 666/684/408 668/685/408 675/686/408
f 683/687/409 684/688/410 681/689/411 680/690/412
f 501/691/413 498/692/413 497/693/414 548/694/414
f 758/695/415 769/696/415 773/697/416 759/698/417
f 660/699/418 661/700/419 658/701/420 657/702/421
f 754/703/422 708/704/423 711/705/424 712/706/425
f 665/707/426 672/708/426 671/709/427 663/710/426
f 482/711/428 500/712/429 497/713/430
f 488/714/431 498/715/431 499/716/431
f 482/717/432 498/718/432 484/719/432
f 511/720/433 521/721/433 522/722/433
f 509/723/434 522/724/434 523/725/434
f 507/726/435 520/727/435 521/728/435
f 509/729/436 520/730/437 505/731/438
f 534/732/439 544/733/440 545/734/441
f 528/735/442 544/736/443 530/737/444
f 534/738/445 546/739/446 532/740/447
f 528/741/448 546/742/449 543/743/450
f 567/744/451 556/745/451 571/746/451
f 569/747/452 554/748/453 565/749/454
f 488/750/455 500/751/456 486/752/457
f 575/753/458 590/754/459 579/755/460
f 579/756/461 591/757/462 577/758/463
f 573/759/464 589/760/465 575/761/466
f 577/762/467 588/763/468 573/764/469
f 613/765/470 600/766/470 599/767/470
f 617/768/471 601/769/471 615/770/471
f 613/771/472 602/772/473 617/773/474
f 640/774/475 658/775/476 655/776/477
f 646/777/478 656/778/478 657/779/478
f 640/780/479 656/781/479 642/782/479
f 669/783/480 679/784/480 680/785/480
f 667/786/481 680/787/481 681/788/481
f 663/789/482 681/790/483 678/791/484
f 692/792/485 702/793/486 703/794/487
f 686/795/488 702/796/489 688/797/490
f 692/798/491 704/799/492 690/800/493
f 686/801/494 704/802/495 701/803/496
f 729/804/497 711/805/497 714/806/497
f 727/807/498 712/808/499 723/809/500
f 729/810/501 713/811/502 727/812/503
f 646/813/504 658/814/505 644/815/506
f 737/816/507 747/817/508 748/818/509
f 737/819/510 749/820/511 735/821/512
f 731/822/513 747/823/514 733/824/513
f 731/825/515 749/826/515 746/827/515
f 771/828/516 758/829/516 757/830/516
f 775/831/517 759/832/518 773/833/519
f 771/834/520 760/835/521 775/836/522
f 798/837/523 816/838/524 813/839/525
f 804/840/526 814/841/526 815/842/526
f 798/843/527 814/844/527 800/845/527
f 827/846/528 837/847/528 838/848/528
f 827/849/529 839/850/530 825/851/529
f 821/852/531 837/853/531 823/854/531
f 821/855/532 839/856/533 836/857/534
f 850/858/535 860/859/536 861/860/537
f 844/861/538 860/862/539 846/863/540
f 850/864/541 862/865/542 848/866/543
f 844/867/544 862/868/544 859/869/544
f 887/870/545 869/871/545 872/872/545
f 885/873/546 870/874/547 881/875/548
f 887/876/549 871/877/550 885/878/551
f 895/879/552 905/880/553 906/881/554
f 895/882/555 907/883/555 893/884/555
f 889/885/556 905/886/557 891/887/558
f 889/888/559 907/889/559 904/890/559
f 929/891/560 916/892/560 915/893/560
f 933/894/561 917/895/562 931/896/563
f 929/897/564 918/898/565 933/899/566
f 697/900/567 695/901/567 688/902/567 692/903/567
f 926/904/568 919/905/568 920/906/568 925/907/568
f 809/908/569 807/909/569 800/910/569 804/911/569
f 503/912/570 549/913/571 546/914/572 545/915/573
f 729/916/574 721/917/574 716/918/574 725/919/574
f 889/920/575 897/921/575 902/922/575 893/923/575
f 740/924/576 741/925/576 738/926/576 739/927/576
f 715/928/577 717/929/577 718/930/577 716/931/577
f 718/932/578 720/933/578 727/934/578 723/935/578
f 919/936/579 930/937/579 928/938/579 921/939/579
f 618/940/580 614/941/580 603/942/580 610/943/580
f 557/944/581 559/945/581 560/946/581 558/947/581
f 820/948/582 822/949/582 826/950/582 824/951/582
f 558/952/583 560/953/583 565/954/583 567/955/583
f 586/956/584 584/957/584 579/958/584 577/959/584
f 756/960/585 759/961/586 760/962/587 709/963/587
f 750/964/588 746/965/588 749/966/589 752/967/589
f 685/968/590 687/969/590 691/970/590 689/971/590
f 510/972/591 506/973/591 515/974/591 517/975/591
f 864/976/592 860/977/592 859/978/593 863/979/594
f 911/980/595 884/981/595 873/982/595 880/983/595
f 562/984/596 561/985/596 564/986/596 563/987/596
f 700/988/597 689/989/597 691/990/597 698/991/597
f 688/992/598 695/993/598 694/994/598 686/995/598
f 560/996/599 559/997/599 561/998/599 562/999/599
f 733/1000/600 740/1001/600 739/1002/600 731/1003/600
f 845/1004/601 843/1005/601 851/1006/601 854/1007/601
f 654/1008/602 643/1009/602 645/1010/602 652/1011/602
f 822/1012/603 820/1013/603 828/1014/603 831/1015/603
f 541/1016/604 539/1017/604 534/1018/604 532/1019/604
f 682/1020/605 683/1021/605 680/1022/606 679/1023/607
f 548/1024/608 497/1025/608 500/1026/608 503/1027/608
f 615/1028/609 608/1029/609 609/1030/609 617/1031/609
f 597/1032/610 596/1033/611 599/1034/612 600/1035/613
f 578/1036/614 574/1037/614 583/1038/614 585/1039/614
f 715/1040/615 726/1041/615 724/1042/615 717/1043/615
f 559/1044/616 566/1045/616 570/1046/616 561/1047/616
f 582/1048/617 583/1049/617 580/1050/617 581/1051/617
f 705/1052/618 701/1053/618 704/1054/619 707/1055/619
f 670/1056/620 662/1057/620 666/1058/620 677/1059/620
f 863/1060/621 859/1061/621 862/1062/622 865/1063/622
f 841/1064/623 842/1065/623 839/1066/624 838/1067/624
f 732/1068/625 730/1069/625 738/1070/625 741/1071/625
f 875/1072/626 882/1073/626 886/1074/626 877/1075/626
f 821/1076/627 829/1077/627 834/1078/627 825/1079/627
f 607/1080/596 610/1081/596 609/1082/596 608/1083/596
f 755/1084/628 754/1085/629 757/1086/630 758/1087/631
f 706/1088/632 655/1089/633 658/1090/632 661/1091/632
f 766/1092/634 765/1093/634 768/1094/634 767/1095/634
f 654/1096/635 652/1097/635 651/1098/635 653/1099/635
f 699/1100/636 697/1101/636 692/1102/636 690/1103/636
f 724/1104/637 728/1105/637 719/1106/637 717/1107/637
f 684/1108/638 752/1109/639 749/1110/640 748/1111/641
f 722/1112/642 753/1113/642 726/1114/642 715/1115/642
f 913/1116/643 912/1117/643 915/1118/643 916/1119/643
f 894/1120/644 890/1121/644 899/1122/644 901/1123/644
f 775/1124/645 767/1125/645 762/1126/645 771/1127/645
f 554/1128/646 553/1129/647 567/1130/648 565/1131/649
f 858/1132/650 856/1133/650 855/1134/650 857/1135/650
f 595/1136/651 568/1137/651 557/1138/651 564/1139/651
f 864/1140/652 813/1141/652 816/1142/652 819/1143/652
f 716/1144/653 718/1145/653 723/1146/653 725/1147/653
f 569/1148/654 562/1149/654 563/1150/654 571/1151/654
f 927/1152/655 922/1153/655 924/1154/655 931/1155/655
f 798/1156/656 806/1157/656 811/1158/656 802/1159/656
f 570/1160/657 595/1161/657 564/1162/657 561/1163/657
f 526/1164/658 594/1165/659 591/1166/660 590/1167/661
f 484/1168/662 491/1169/662 490/1170/662 482/1171/662
f 764/1172/663 766/1173/663 773/1174/663 769/1175/663
f 902/1176/664 900/1177/664 895/1178/664 893/1179/664
f 529/1180/665 527/1181/665 535/1182/665 538/1183/665
f 482/1184/666 490/1185/666 495/1186/666 486/1187/666
f 903/1188/667 901/1189/667 900/1190/667 902/1191/667
f 858/1192/668 847/1193/668 849/1194/668 856/1195/668
f 842/1196/669 910/1197/670 907/1198/671 906/1199/672
f 833/1200/673 831/1201/673 830/1202/673 832/1203/673
f 886/1204/674 911/1205/674 880/1206/674 877/1207/674
f 885/1208/675 878/1209/675 879/1210/675 887/1211/675
f 580/1212/676 572/1213/676 576/1214/676 587/1215/676
f 645/1216/677 641/1217/677 650/1218/677 652/1219/677
f 519/1220/678 508/1221/678 510/1222/678 517/1223/678
f 924/1224/679 923/1225/679 926/1226/679 925/1227/679
f 873/1228/680 875/1229/680 876/1230/680 874/1231/680
f 640/1232/681 648/1233/681 653/1234/681 644/1235/681
f 761/1236/577 763/1237/577 764/1238/577 762/1239/577
f 662/1240/682 664/1241/682 668/1242/682 666/1243/682
f 547/1244/683 543/1245/683 546/1246/684 549/1247/685
f 525/1248/686 526/1249/687 523/1250/688 522/1251/689
f 817/1252/690 814/1253/691 813/1254/692 864/1255/692
f 506/1256/693 504/1257/693 512/1258/693 515/1259/693
f 587/1260/694 576/1261/694 578/1262/694 585/1263/694
f 873/1264/695 884/1265/695 882/1266/695 875/1267/695
f 751/1268/696 747/1269/697 746/1270/698 750/1271/698
f 919/1272/680 921/1273/680 922/1274/680 920/1275/680
f 668/1276/699 664/1277/699 673/1278/699 675/1279/699
f 730/1280/700 732/1281/700 736/1282/700 734/1283/700
f 840/1284/701 837/1285/701 836/1286/702 909/1287/703
f 593/1288/704 589/1289/704 588/1290/705 592/1291/706
f 502/1292/707 503/1293/708 500/1294/709 499/1295/710
f 834/1296/711 832/1297/711 827/1298/711 825/1299/711
f 818/1300/712 819/1301/712 816/1302/713 815/1303/713
f 596/1304/714 554/1305/714 555/1306/714 551/1307/714
f 908/1308/715 904/1309/715 907/1310/716 910/1311/716
f 844/1312/717 852/1313/717 857/1314/717 848/1315/717
f 672/1316/576 673/1317/576 670/1318/576 671/1319/576
f 898/1320/718 899/1321/718 896/1322/718 897/1323/718
f 897/1324/719 896/1325/719 903/1326/719 902/1327/719
f 857/1328/720 855/1329/720 850/1330/720 848/1331/720
f 563/1332/721 558/1333/721 567/1334/721 571/1335/721
f 770/1336/722 774/1337/722 765/1338/722 763/1339/722
f 849/1340/723 845/1341/723 854/1342/723 856/1343/723
f 934/1344/724 932/1345/724 928/1346/724 930/1347/724
f 743/1348/725 741/1349/725 740/1350/725 742/1351/725
f 482/1352/726 486/1353/727 500/1354/728
f 483/1355/729 481/1356/729 489/1357/729 492/1358/729
f 488/1359/730 484/1360/730 498/1361/730
f 605/1362/731 612/1363/731 616/1364/731 607/1365/731
f 709/1366/732 760/1367/733 757/1368/732 754/1369/734
f 524/1370/735 521/1371/735 520/1372/736 593/1373/737
f 482/1374/738 497/1375/738 498/1376/738
f 851/1377/739 843/1378/739 847/1379/739 858/1380/739
f 709/1381/740 754/1382/740 712/1383/740 713/1384/740
f 912/1385/741 867/1386/742 918/1387/743 915/1388/744
f 492/1389/745 489/1390/745 490/1391/745 491/1392/745
f 511/1393/746 507/1394/746 521/1395/746
f 584/1396/747 582/1397/747 575/1398/747 579/1399/747
f 533/1400/748 529/1401/748 538/1402/748 540/1403/748
f 517/1404/749 515/1405/749 514/1406/749 516/1407/749
f 495/1408/750 496/1409/750 494/1410/750 493/1411/750
f 509/1412/751 511/1413/751 522/1414/751
f 507/1415/752 505/1416/752 520/1417/753
f 509/1418/754 523/1419/755 520/1420/756
f 564/1421/757 557/1422/757 558/1423/757 563/1424/757
f 573/1425/758 581/1426/758 586/1427/758 577/1428/758
f 494/1429/759 492/1430/759 491/1431/759 493/1432/759
f 534/1433/760 530/1434/761 544/1435/762
f 539/1436/763 537/1437/763 530/1438/763 534/1439/763
f 762/1440/764 764/1441/764 769/1442/764 771/1443/764
f 596/1444/765 551/1445/766 602/1446/767 599/1447/768
f 536/1448/769 535/1449/769 542/1450/769 541/1451/769
f 512/1452/770 504/1453/770 508/1454/770 519/1455/770
f 537/1456/745 538/1457/745 535/1458/745 536/1459/745
f 528/1460/771 543/1461/772 544/1462/773
f 691/1463/774 687/1464/774 696/1465/774 698/1466/774
f 736/1467/775 732/1468/775 741/1469/775 743/1470/775
f 677/1471/776 675/1472/776 674/1473/776 676/1474/776
f 534/1475/777 545/1476/778 546/1477/779
f 528/1478/780 532/1479/781 546/1480/782
f 548/1481/783 503/1482/783 545/1483/783 544/1484/783
f 587/1485/784 585/1486/784 584/1487/784 586/1488/784
f 567/1489/785 553/1490/786 556/1491/787
f 518/1492/788 516/1493/788 511/1494/788 509/1495/788
f 648/1496/789 647/1497/789 654/1498/789 653/1499/789
f 652/1500/790 650/1501/790 649/1502/790 651/1503/790
f 569/1504/791 555/1505/792 554/1506/793
f 728/1507/794 753/1508/794 722/1509/794 719/1510/794
f 490/1511/795 489/1512/795 496/1513/795 495/1514/795
f 768/1515/796 776/1516/796 772/1517/796 761/1518/796
f 488/1519/797 499/1520/797 500/1521/797
f 774/1522/798 776/1523/798 768/1524/798 765/1525/798
f 911/1526/799 886/1527/799 882/1528/799 884/1529/799
f 575/1530/800 589/1531/801 590/1532/802
f 581/1533/803 580/1534/803 587/1535/803 586/1536/803
f 493/1537/804 491/1538/804 484/1539/804 488/1540/804
f 585/1541/805 583/1542/805 582/1543/805 584/1544/805
f 579/1545/806 590/1546/807 591/1547/808
f 573/1548/809 588/1549/810 589/1550/811
f 577/1551/812 591/1552/812 588/1553/812
f 812/1554/813 801/1555/813 803/1556/813 810/1557/813
f 647/1558/814 639/1559/814 643/1560/814 654/1561/814
f 686/1562/815 694/1563/815 699/1564/815 690/1565/815
f 610/1566/816 603/1567/816 604/1568/816 609/1569/816
f 613/1570/817 611/1571/817 600/1572/817
f 920/1573/818 922/1574/818 927/1575/818 929/1576/818
f 604/1577/581 603/1578/581 605/1579/581 606/1580/581
f 617/1581/819 602/1582/819 601/1583/819
f 603/1584/820 614/1585/820 612/1586/820 605/1587/820
f 565/1588/821 560/1589/821 562/1590/821 569/1591/821
f 613/1592/822 599/1593/823 602/1594/824
f 524/1595/825 525/1596/826 522/1597/827 521/1598/828
f 916/1599/829 927/1600/829 931/1601/830 917/1602/830
f 767/1603/831 768/1604/831 761/1605/831 762/1606/831
f 717/1607/832 719/1608/832 720/1609/832 718/1610/832
f 592/1611/833 588/1612/833 591/1613/834 594/1614/834
f 593/1615/835 520/1616/835 523/1617/835 526/1618/835
f 867/1619/836 871/1620/836 872/1621/837 868/1622/837
f 675/1623/838 673/1624/838 672/1625/838 674/1626/838
f 846/1627/839 853/1628/839 852/1629/839 844/1630/839
f 651/1631/840 649/1632/840 642/1633/840 646/1634/840
f 640/1635/841 644/1636/842 658/1637/843
f 646/1638/844 642/1639/844 656/1640/844
f 710/1641/845 714/1642/845 711/1643/846 708/1644/846
f 805/1645/847 797/1646/847 801/1647/847 812/1648/847
f 676/1649/848 674/1650/848 669/1651/848 667/1652/848
f 527/1653/849 529/1654/849 533/1655/849 531/1656/849
f 640/1657/850 655/1658/850 656/1659/850
f 663/1660/851 671/1661/851 676/1662/851 667/1663/851
f 674/1664/852 672/1665/853 665/1666/852 669/1667/854
f 513/1668/855 512/1669/855 519/1670/855 518/1671/855
f 669/1672/856 665/1673/856 679/1674/856
f 693/1675/857 685/1676/857 689/1677/857 700/1678/857
f 575/1679/858 582/1680/858 581/1681/858 573/1682/858
f 826/1683/859 822/1684/859 831/1685/859 833/1686/859
f 751/1687/860 684/1688/860 748/1689/860 747/1690/860
f 667/1691/861 669/1692/861 680/1693/861
f 663/1694/862 667/1695/863 681/1696/864
f 901/1697/865 899/1698/865 898/1699/865 900/1700/865
f 659/1701/866 660/1702/867 657/1703/868 656/1704/869
f 692/1705/870 688/1706/871 702/1707/872
f 695/1708/873 696/1709/873 693/1710/873 694/1711/873
f 686/1712/874 701/1713/875 702/1714/876
f 706/1715/877 661/1716/878 703/1717/879 702/1718/880
f 698/1719/881 696/1720/881 695/1721/881 697/1722/881
f 692/1723/882 703/1724/883 704/1725/884
f 686/1726/885 690/1727/886 704/1728/887
f 642/1729/888 649/1730/888 648/1731/888 640/1732/888
f 731/1733/889 739/1734/889 744/1735/889 735/1736/889
f 729/1737/890 725/1738/890 711/1739/890
f 661/1740/891 707/1741/892 704/1742/893 703/1743/894
f 609/1744/895 604/1745/895 613/1746/895 617/1747/895
f 756/1748/896 755/1749/896 758/1750/897 759/1751/897
f 721/1752/898 722/1753/898 715/1754/898 716/1755/898
f 515/1756/617 512/1757/617 513/1758/617 514/1759/617
f 727/1760/899 713/1761/900 712/1762/901
f 817/1763/902 818/1764/903 815/1765/904 814/1766/905
f 542/1767/906 531/1768/906 533/1769/906 540/1770/906
f 729/1771/907 714/1772/908 713/1773/909
f 555/1774/910 571/1775/910 556/1776/910
f 550/1777/911 552/1778/911 556/1779/912 553/1780/912
f 772/1781/913 776/1782/913 774/1783/913 770/1784/913
f 913/1785/914 916/1786/915 917/1787/916 914/1788/916
f 646/1789/917 657/1790/917 658/1791/917
f 727/1792/918 720/1793/918 721/1794/918 729/1795/918
f 641/1796/919 639/1797/919 647/1798/919 650/1799/919
f 737/1800/920 733/1801/921 747/1802/922
f 739/1803/923 738/1804/923 745/1805/923 744/1806/923
f 828/1807/924 820/1808/924 824/1809/924 835/1810/924
f 799/1811/925 797/1812/925 805/1813/925 808/1814/925
f 557/1815/926 568/1816/926 566/1817/926 559/1818/926
f 737/1819/927 748/1820/928 749/1821/929
f 731/1822/930 746/1823/930 747/1824/930
f 731/1825/931 735/1826/932 749/1827/933
f 653/1828/934 651/1829/934 646/1830/934 644/1831/934
f 530/1832/935 537/1833/935 536/1834/935 528/1835/935
f 671/1836/936 670/1837/936 677/1838/936 676/1839/936
f 763/1840/937 765/1841/937 766/1842/937 764/1843/937
f 505/1844/938 513/1845/938 518/1846/938 509/1847/938
f 925/1848/939 920/1849/939 929/1850/939 933/1851/939
f 771/1852/940 769/1853/940 758/1854/940
f 744/1855/941 742/1856/941 737/1857/941 735/1858/941
f 604/1859/942 606/1860/942 611/1861/942 613/1862/942
f 888/1863/943 890/1864/943 894/1865/943 892/1866/943
f 518/1867/784 519/1868/784 517/1869/784 516/1870/784
f 775/1871/944 760/1872/945 759/1873/946
f 761/1874/947 772/1875/947 770/1876/947 763/1877/947
f 745/1878/776 743/1879/776 742/1880/776 744/1881/776
f 876/1882/948 875/1883/948 877/1884/948 878/1885/948
f 819/1886/949 865/1887/949 862/1888/950 861/1889/950
f 659/1890/951 656/1891/951 655/1892/952 706/1893/952
f 771/1894/953 757/1895/954 760/1896/955
f 706/1897/956 702/1898/956 701/1899/957 705/1900/957
f 606/1901/958 605/1902/958 607/1903/958 608/1904/958
f 618/1905/959 616/1906/959 612/1907/959 614/1908/959
f 489/1909/960 481/1910/960 485/1911/960 496/1912/960
f 932/1913/961 934/1914/961 926/1915/961 923/1916/961
f 639/1917/962 641/1918/962 645/1919/962 643/1920/962
f 853/1921/963 854/1922/963 851/1923/963 852/1924/963
f 611/1925/964 606/1926/964 608/1927/964 615/1928/964
f 773/1929/965 766/1930/965 767/1931/965 775/1932/965
f 548/1933/966 544/1934/966 543/1935/967 547/1936/968
f 900/1937/969 898/1938/969 891/1939/969 895/1940/969
f 798/1941/970 802/1942/970 816/1943/970
f 804/1944/971 800/1945/971 814/1946/971
f 874/1947/972 876/1948/972 881/1949/972 883/1950/972
f 855/1951/973 853/1952/973 846/1953/973 850/1954/973
f 812/1955/650 810/1956/650 809/1957/650 811/1958/650
f 798/1959/974 813/1960/975 814/1961/976
f 694/1962/977 693/1963/977 700/1964/977 699/1965/977
f 832/1966/978 830/1967/978 823/1968/978 827/1969/978
f 827/1970/979 823/1971/979 837/1972/979
f 742/1973/980 740/1974/980 733/1975/980 737/1976/980
f 700/1977/635 698/1978/635 697/1979/635 699/1980/635
f 800/1981/981 807/1982/981 806/1983/981 798/1984/981
f 535/1985/982 527/1986/982 531/1987/982 542/1988/982
f 528/1989/983 536/1990/983 541/1991/983 532/1992/983
f 827/1993/984 838/1994/984 839/1995/984
f 821/1996/985 836/1997/985 837/1998/985
f 821/1999/986 825/2000/987 839/2001/988
f 495/2002/989 493/2003/989 488/2004/989 486/2005/989
f 806/2006/990 805/2007/990 812/2008/990 811/2009/990
f 720/2010/634 719/2011/634 722/2012/634 721/2013/634
f 850/2014/991 846/2015/992 860/2016/993
f 487/2017/994 483/2018/994 492/2019/994 494/2020/994
f 803/2021/995 799/2022/995 808/2023/995 810/2024/995
f 844/2025/996 859/2026/996 860/2027/996
f 890/2028/997 888/2029/997 896/2030/997 899/2031/997
f 810/2032/998 808/2033/998 807/2034/998 809/2035/998
f 856/2036/999 854/2037/999 853/2038/999 855/2039/999
f 709/2040/1000 713/2041/1001 714/2042/1002 710/2043/1002
f 850/2044/1003 861/2045/1004 862/2046/1005
f 844/2047/1006 848/2048/1007 862/2049/1008
f 887/2050/1009 883/2051/1009 869/2052/1009
f 551/2053/1010 555/2054/1010 556/2055/1011 552/2056/1011
f 481/2057/1012 483/2058/1012 487/2059/1012 485/2060/1012
f 878/2061/679 877/2062/679 880/2063/679 879/2064/679
f 880/2065/1013 873/2066/1013 874/2067/1013 879/2068/1013
f 866/2069/1014 868/2070/1014 872/2071/1015 869/2072/1015
f 885/2073/1016 871/2074/1017 870/2075/1018
f 887/2076/1019 872/2077/1019 871/2078/1019
f 574/2079/1020 572/2080/1020 580/2081/1020 583/2082/1020
f 508/2083/1021 504/2084/1021 506/2085/1021 510/2086/1021
f 881/2087/1022 876/2088/1022 878/2089/1022 885/2090/1022
f 797/2091/1023 799/2092/1023 803/2093/1023 801/2094/1023
f 895/2095/1024 891/2096/1025 905/2097/1026
f 649/2098/873 650/2099/873 647/2100/873 648/2101/873
f 540/2102/1027 538/2103/1027 537/2104/1027 539/2105/1027
f 598/2106/1028 601/2107/1029 602/2108/1030 551/2109/1030
f 835/2110/667 833/2111/667 832/2112/667 834/2113/667
f 840/2114/1031 841/2115/1031 838/2116/1032 837/2117/1032
f 864/2118/1033 819/2119/1033 861/2120/1033 860/2121/1034
f 895/2122/1035 906/2123/1036 907/2124/1036
f 889/2125/1037 904/2126/1037 905/2127/1037
f 889/2128/1038 893/2129/1038 907/2130/1038
f 811/2131/1039 809/2132/1039 804/2133/1039 802/2134/1039
f 516/2135/1040 514/2136/1040 507/2137/1040 511/2138/1040
f 879/2139/1041 874/2140/1041 883/2141/1041 887/2142/1041
f 929/2143/1042 927/2144/1042 916/2145/1042
f 922/2146/1043 921/2147/1043 923/2148/1043 924/2149/1043
f 912/2150/1044 870/2151/1045 871/2152/1046 867/2153/1044
f 933/2154/1047 918/2155/1048 917/2156/1049
f 921/2157/1050 928/2158/1050 932/2159/1050 923/2160/1050
f 568/2161/1051 595/2162/1051 570/2163/1051 566/2164/1051
f 823/2165/1052 830/2166/1052 829/2167/1052 821/2168/1052
f 929/2169/1053 915/2170/1054 918/2171/1055
f 909/2172/1056 836/2173/1056 839/2174/1056 842/2175/1056
f 593/2176/1057 526/2177/1057 590/2178/1057 589/2179/1057
f 501/2180/1058 502/2181/1059 499/2182/1060 498/2183/1061
f 891/2184/1062 898/2185/1062 897/2186/1062 889/2187/1062
f 914/2188/1063 917/2189/1063 918/2190/1064 867/2191/1064
f 909/2192/1065 842/2193/1065 906/2194/1065 905/2195/1065
f 852/2196/1066 851/2197/1066 858/2198/1066 857/2199/1066
f 496/2200/1067 485/2201/1067 487/2202/1067 494/2203/1067
f 835/2204/1068 824/2205/1068 826/2206/1068 833/2207/1068
f 931/2208/1069 924/2209/1069 925/2210/1069 933/2211/1069
f 738/2212/1070 730/2213/1070 734/2214/1070 745/2215/1070
f 682/2216/1071 679/2217/1071 678/2218/1072 751/2219/1072
f 712/2220/1073 711/2221/1074 725/2222/1075 723/2223/1076
f 903/2224/1077 892/2225/1077 894/2226/1077 901/2227/1077
f 542/2228/750 540/2229/750 539/2230/750 541/2231/750
f 830/2232/718 831/2233/718 828/2234/718 829/2235/718
f 597/2236/1078 600/2237/1078 601/2238/1079 598/2239/1080
f 616/2240/1081 618/2241/1081 610/2242/1081 607/2243/1081
f 507/2244/1082 514/2245/1082 513/2246/1082 505/2247/1082
f 829/2248/1083 828/2249/1083 835/2250/1083 834/2251/1083
f 934/2252/1084 930/2253/1084 919/2254/1084 926/2255/1084
f 807/2256/963 808/2257/963 805/2258/963 806/2259/963
f 843/2260/1085 845/2261/1085 849/2262/1085 847/2263/1085
f 596/2264/1086 550/2265/1087 553/2266/1088 554/2267/1089
f 751/2268/1090 678/2269/1090 681/2270/1090 684/2271/1091
f 572/2272/1092 574/2273/1092 578/2274/1092 576/2275/1092
f 555/2276/1093 569/2277/1093 571/2278/1093
f 753/2279/1094 728/2280/1094 724/2281/1094 726/2282/1094
f 4/2283/1095 28/2284/1096 16/2285/1097
f 3/2286/1098 18/2287/1098 12/2288/1098
f 27/2289/1099 2/2290/1099 15/2291/1099
f 1/2292/1100 17/2293/1100 14/2294/1100
f 38/2295/1101 62/2296/1101 43/2297/1101
f 52/2298/1102 37/2299/1102 46/2300/1102
f 36/2301/1103 61/2302/1103 49/2303/1103
f 51/2304/1104 35/2305/1104 48/2306/1104
f 40/2307/1105 57/2308/1105 1012/2309/1105
f 1/2310/1106 48/2311/1107 35/2312/1108
f 3/2313/1109 47/2314/1110 13/2315/1111
f 72/2316/1112 96/2317/1113 84/2318/1114
f 71/2319/1115 86/2320/1116 1031/2321/1117
f 95/2322/1118 70/2323/1118 83/2324/1118
f 69/2325/1119 85/2326/1119 82/2327/1119
f 1029/2328/1120 91/2329/1120 89/2330/1120
f 93/2331/1121 100/2332/1121 75/2333/1121
f 95/2334/1122 75/2335/1123 1015/2336/1124
f 106/2337/1125 130/2338/1125 111/2339/1125
f 120/2340/1126 105/2341/1126 1032/2342/1126
f 104/2343/1127 129/2344/1127 117/2345/1127
f 119/2346/1128 103/2347/1128 116/2348/1128
f 318/2349/1129 284/2350/1129 989/2351/1130 990/2352/1131
f 134/2353/1132 127/2354/1132 109/2355/1132
f 129/2356/1133 109/2357/1133 127/2358/1133
f 69/2359/1134 116/2360/1134 103/2361/1134
f 71/2362/1135 115/2363/1136 81/2364/1137
f 140/2365/1138 164/2366/1138 152/2367/1138
f 139/2368/1139 154/2369/1140 148/2370/1141
f 163/2371/1142 138/2372/1142 151/2373/1142
f 137/2374/1143 153/2375/1143 150/2376/1143
f 174/2377/1144 198/2378/1144 996/2379/1144
f 188/2380/1145 173/2381/1145 182/2382/1145
f 172/2383/1146 197/2384/1146 185/2385/1146
f 187/2386/1147 171/2387/1147 184/2388/1147
f 137/2389/1148 184/2390/1148 171/2391/1148
f 139/2392/1149 183/2393/1149 149/2394/1149
f 169/2395/1150 201/2396/1150 203/2397/1150
f 208/2398/1151 232/2399/1151 220/2400/1151
f 207/2401/1152 222/2402/1152 216/2403/1152
f 231/2404/1153 206/2405/1153 219/2406/1153
f 205/2407/1154 221/2408/1154 218/2409/1154
f 242/2410/1155 266/2411/1155 247/2412/1155
f 256/2413/1156 241/2414/1156 250/2415/1156
f 240/2416/1157 265/2417/1157 253/2418/1157
f 255/2419/1158 239/2420/1158 252/2421/1158
f 207/2422/1159 251/2423/1159 217/2424/1159
f 217/2425/1160 252/2426/1160 218/2427/1160
f 276/2428/1161 300/2429/1161 288/2430/1161
f 275/2431/1162 290/2432/1163 284/2433/1164
f 299/2434/1165 274/2435/1165 287/2436/1165
f 273/2437/1166 289/2438/1166 286/2439/1166
f 310/2440/1167 334/2441/1167 315/2442/1167
f 324/2443/1168 309/2444/1168 318/2445/1168
f 308/2446/1169 333/2447/1169 321/2448/1169
f 323/2449/1170 307/2450/1170 320/2451/1170
f 273/2452/1171 320/2453/1171 307/2454/1171
f 993/2455/1172 315/2456/1172 994/2457/1172
f 275/2458/1173 319/2459/1173 987/2460/1173
f 305/2461/1174 337/2462/1175 339/2463/1176
f 344/2464/1177 368/2465/1177 356/2466/1177
f 343/2467/1178 358/2468/1179 1019/2469/1180
f 367/2470/1181 342/2471/1181 355/2472/1181
f 341/2473/1182 357/2474/1182 354/2475/1182
f 378/2476/1183 402/2477/1183 383/2478/1183
f 392/2479/1184 377/2480/1184 1020/2481/1184
f 376/2482/1185 401/2483/1185 389/2484/1185
f 391/2485/1186 375/2486/1186 388/2487/1186
f 341/2488/1187 388/2489/1187 375/2490/1187
f 343/2491/1188 387/2492/1188 353/2493/1188
f 298/2494/1189 993/2495/1189 994/2496/1190 332/2497/1190
f 32/2498/1191 7/2499/1191 25/2500/1192 23/2501/1192
f 94/2502/1193 92/2503/1194 91/2504/1195 93/2505/1196
f 1023/2506/1197 366/2507/1198 368/2508/1199 349/2509/1200
f 101/2510/1201 92/2511/1201 94/2512/1202 99/2513/1202
f 115/2514/1203 116/2515/1204 82/2516/1205 81/2517/1206
f 57/2518/1207 58/2519/1207 60/2520/1208 59/2521/1208
f 325/2522/1209 340/2523/1209 311/2524/1210 323/2525/1210
f 257/2526/1211 272/2527/1212 243/2528/1213 255/2529/1214
f 157/2530/1215 142/2531/1215 176/2532/1216 191/2533/1217
f 304/2534/1218 279/2535/1218 297/2536/1219 295/2537/1219
f 55/2538/1220 57/2539/1221 40/2540/1222 68/2541/1222
f 405/2542/1223 407/2543/1223 373/2544/1224 371/2545/1225
f 271/2546/1226 269/2547/1226 264/2548/1227 262/2549/1227
f 160/2550/1228 194/2551/1228 998/2552/1229 997/2553/1229
f 317/2554/1230 283/2555/1230 282/2556/1231 316/2557/1232
f 115/2558/1233 120/2559/1233 119/2560/1234 116/2561/1234
f 159/2562/1235 157/2563/1236 1003/2564/1235 168/2565/1237
f 156/2566/1238 147/2567/1239 181/2568/1240 190/2569/1241
f 132/2570/1242 131/2571/1243 117/2572/1244 118/2573/1245
f 322/2574/1246 336/2575/1247 335/2576/1248 321/2577/1249
f 80/2578/1250 86/2579/1251 88/2580/1252 79/2581/1252
f 251/2582/1253 256/2583/1253 255/2584/1254 252/2585/1255
f 316/2586/1256 339/2587/1257 330/2588/1256 328/2589/1258
f 175/2590/1259 141/2591/1259 153/2592/1260 187/2593/1260
f 367/2594/1261 355/2595/1262 356/2596/1263 368/2597/1263
f 396/2598/1264 394/2599/1264 385/2600/1265 1026/2601/1265
f 41/2602/1266 59/2603/1266 61/2604/1267 42/2605/1267
f 96/2606/1268 94/2607/1268 93/2608/1269 95/2609/1270
f 171/2610/1271 1002/2611/1271 1001/2612/1272 137/2613/1273
f 290/2614/1274 319/2615/1274 324/2616/1274
f 290/2617/1275 988/2618/1275 285/2619/1275
f 20/2620/1276 19/2621/1276 21/2622/1277 22/2623/1277
f 4/2624/1278 9/2625/1279 28/2626/1280
f 3/2627/1281 13/2628/1281 18/2629/1281
f 358/2630/1282 357/2631/1282 359/2632/1283 360/2633/1283
f 27/2634/1284 8/2635/1284 2/2636/1284
f 1/2637/1285 5/2638/1285 17/2639/1285
f 192/2640/1286 190/2641/1287 181/2642/1288 180/2643/1289
f 1013/2644/1290 26/2645/1291 28/2646/1292 9/2647/1293
f 21/2648/1294 19/2649/1294 34/2650/1295 6/2651/1295
f 18/2652/1296 17/2653/1296 19/2654/1297 20/2655/1297
f 24/2656/1298 22/2657/1298 21/2658/1299 23/2659/1299
f 313/2660/1300 279/2661/1300 304/2662/1301 338/2663/1302
f 362/2664/1303 1025/2665/1304 351/2666/1305 360/2667/1305
f 245/2668/1306 211/2669/1306 236/2670/1307 270/2671/1307
f 377/2672/1308 343/2673/1308 1019/2674/1309 1020/2675/1309
f 38/2676/1310 50/2677/1310 62/2678/1310
f 52/2679/1311 47/2680/1311 37/2681/1311
f 123/2682/1312 108/2683/1312 136/2684/1313 121/2685/1313
f 36/2686/1314 42/2687/1314 61/2688/1314
f 51/2689/1315 39/2690/1315 35/2691/1315
f 68/2692/1316 53/2693/1316 55/2694/1316
f 10/2695/1317 44/2696/1317 56/2697/1318 22/2698/1318
f 123/2699/1319 89/2700/1319 74/2701/1320 108/2702/1321
f 1/2703/1322 14/2704/1323 48/2705/1324
f 261/2706/1325 259/2707/1326 260/2708/1327 262/2709/1328
f 62/2710/1329 50/2711/1329 49/2712/1330 61/2713/1330
f 358/2714/1331 392/2715/1332 1020/2716/1333 1019/2717/1334
f 3/2718/1335 37/2719/1336 47/2720/1337
f 393/2721/1338 1022/2722/1338 379/2723/1339 391/2724/1339
f 307/2725/1340 311/2726/1340 277/2727/1341 273/2728/1341
f 67/2729/1342 65/2730/1342 60/2731/1343 58/2732/1343
f 365/2733/1344 366/2734/1344 364/2735/1345 363/2736/1345
f 175/2737/1346 204/2738/1346 170/2739/1347 141/2740/1347
f 113/2741/1348 79/2742/1348 78/2743/1349 112/2744/1349
f 1006/2745/1350 1005/2746/1350 161/2747/1351 195/2748/1352
f 1024/2749/1353 383/2750/1354 402/2751/1355 400/2752/1356
f 72/2753/1357 77/2754/1358 96/2755/1359
f 71/2756/1360 81/2757/1361 86/2758/1362
f 95/2759/1363 76/2760/1363 70/2761/1363
f 69/2762/1364 73/2763/1364 85/2764/1364
f 295/2765/1365 293/2766/1365 278/2767/1366 991/2768/1366
f 291/2769/1367 289/2770/1368 277/2771/1369 306/2772/1370
f 89/2773/1371 87/2774/1372 102/2775/1373 74/2776/1374
f 111/2777/1375 77/2778/1376 72/2779/1377 106/2780/1377
f 87/2781/1378 85/2782/1379 73/2783/1380 102/2784/1381
f 90/2785/1382 78/2786/1382 79/2787/1383 88/2788/1383
f 121/2789/1384 136/2790/1384 107/2791/1385 119/2792/1385
f 186/2793/1386 185/2794/1386 197/2795/1387 198/2796/1387
f 95/2797/1388 93/2798/1389 75/2799/1390
f 183/2800/1391 188/2801/1391 187/2802/1392 184/2803/1392
f 254/2804/1393 268/2805/1394 267/2806/1395 253/2807/1396
f 106/2808/1397 118/2809/1398 130/2810/1399
f 120/2811/1400 115/2812/1400 105/2813/1400
f 988/2814/1401 320/2815/1401 286/2816/1402 285/2817/1402
f 104/2818/1403 110/2819/1403 129/2820/1403
f 119/2821/1404 107/2822/1404 103/2823/1404
f 1030/2824/1405 123/2825/1405 125/2826/1405
f 985/2827/1406 230/2828/1406 232/2829/1407 213/2830/1408
f 376/2831/1409 342/2832/1409 348/2833/1410 382/2834/1410
f 362/2835/1411 350/2836/1411 384/2837/1412 396/2838/1412
f 373/2839/1413 364/2840/1413 366/2841/1414 371/2842/1414
f 112/2843/1415 135/2844/1415 126/2845/1416 124/2846/1416
f 129/2847/1417 1016/2848/1417 109/2849/1417
f 69/2850/1418 82/2851/1418 116/2852/1418
f 57/2853/1419 23/2854/1419 1011/2855/1420 1012/2856/1420
f 46/2857/1421 12/2858/1422 11/2859/1423 45/2860/1424
f 363/2861/1425 361/2862/1425 346/2863/1426 1027/2864/1427
f 71/2865/1428 105/2866/1429 115/2867/1430
f 1017/2868/1431 94/2869/1432 96/2870/1433 77/2871/1434
f 294/2872/1435 282/2873/1436 283/2874/1437 292/2875/1438
f 1026/2876/1439 385/2877/1439 351/2878/1440 1025/2879/1440
f 180/2880/1441 181/2881/1442 147/2882/1443 146/2883/1444
f 1022/2884/1445 393/2885/1446 359/2886/1447 1021/2887/1448
f 140/2888/1449 995/2889/1449 164/2890/1449
f 139/2891/1450 149/2892/1451 154/2893/1452
f 163/2894/1453 144/2895/1453 138/2896/1453
f 137/2897/1454 1001/2898/1454 153/2899/1454
f 268/2900/1455 254/2901/1455 220/2902/1456 234/2903/1456
f 57/2904/1457 66/2905/1458 32/2906/1459 23/2907/1460
f 112/2908/1461 78/2909/1461 101/2910/1462 135/2911/1462
f 226/2912/1463 260/2913/1463 982/2914/1464 981/2915/1464
f 91/2916/1465 1029/2917/1465 100/2918/1466 93/2919/1466
f 404/2920/1467 403/2921/1468 389/2922/1469 390/2923/1470
f 397/2924/1471 395/2925/1471 396/2926/1472 398/2927/1472
f 1031/2928/1473 86/2929/1473 120/2930/1474 1032/2931/1475
f 998/2932/1476 180/2933/1476 146/2934/1477 997/2935/1477
f 192/2936/1478 191/2937/1478 189/2938/1479 190/2939/1480
f 174/2940/1481 186/2941/1481 198/2942/1481
f 188/2943/1482 183/2944/1482 173/2945/1482
f 118/2946/1483 117/2947/1484 129/2948/1485 130/2949/1486
f 172/2950/1487 178/2951/1487 197/2952/1487
f 187/2953/1488 1002/2954/1488 171/2955/1488
f 260/2956/1489 258/2957/1490 249/2958/1491 982/2959/1491
f 16/2960/1492 15/2961/1492 29/2962/1492 30/2963/1492
f 157/2964/1493 191/2965/1493 1004/2966/1494 1003/2967/1494
f 190/2968/1495 188/2969/1495 182/2970/1496 1000/2971/1496
f 298/2972/1497 296/2973/1497 295/2974/1498 297/2975/1499
f 41/2976/1500 42/2977/1500 8/2978/1501 7/2979/1502
f 169/2980/1503 160/2981/1503 162/2982/1504 167/2983/1504
f 137/2984/1505 150/2985/1505 184/2986/1505
f 406/2987/1506 372/2988/1506 363/2989/1507 397/2990/1507
f 184/2991/1508 150/2992/1508 149/2993/1509 183/2994/1509
f 248/2995/1510 271/2996/1511 262/2997/1510 260/2998/1512
f 314/2999/1513 280/3000/1513 279/3001/1514 313/3002/1514
f 139/3003/1515 173/3004/1515 183/3005/1515
f 390/3006/1516 389/3007/1516 401/3008/1517 402/3009/1518
f 984/3010/1519 983/3011/1520 210/3012/1521 244/3013/1521
f 363/3014/1522 364/3015/1522 362/3016/1523 361/3017/1523
f 47/3018/1524 52/3019/1525 51/3020/1526 48/3021/1527
f 169/3022/1528 167/3023/1528 201/3024/1528
f 399/3025/1529 381/3026/1529 406/3027/1530 397/3028/1530
f 19/3029/1531 17/3030/1532 5/3031/1533 1007/3032/1534
f 208/3033/1535 213/3034/1535 232/3035/1535
f 207/3036/1536 217/3037/1536 222/3038/1536
f 231/3039/1537 212/3040/1537 206/3041/1537
f 205/3042/1538 979/3043/1538 221/3044/1538
f 329/3045/1539 992/3046/1540 312/3047/1541 327/3048/1542
f 1013/3049/1543 1014/3050/1543 60/3051/1544 26/3052/1544
f 127/3053/1545 128/3054/1545 130/3055/1546 129/3056/1546
f 64/3057/1547 50/3058/1547 16/3059/1548 30/3060/1548
f 258/3061/1549 256/3062/1549 250/3063/1550 249/3064/1550
f 176/3065/1551 142/3066/1551 170/3067/1552 204/3068/1553
f 186/3069/1554 174/3070/1554 140/3071/1555 152/3072/1555
f 1012/3073/1556 1011/3074/1557 6/3075/1558 40/3076/1558
f 120/3077/1559 122/3078/1559 121/3079/1560 119/3080/1560
f 227/3081/1561 225/3082/1562 210/3083/1563 983/3084/1563
f 202/3085/1564 168/3086/1565 1003/3087/1566 1004/3088/1567
f 313/3089/1568 331/3090/1569 333/3091/1570 314/3092/1570
f 986/3093/1571 247/3094/1572 266/3095/1573 264/3096/1574
f 1028/3097/1575 1027/3098/1575 346/3099/1576 380/3100/1577
f 242/3101/1578 254/3102/1578 266/3103/1578
f 256/3104/1579 251/3105/1579 241/3106/1579
f 240/3107/1580 246/3108/1580 265/3109/1580
f 255/3110/1581 980/3111/1581 239/3112/1581
f 160/3113/1582 169/3114/1582 203/3115/1583 194/3116/1583
f 993/3117/1584 298/3118/1584 300/3119/1585 281/3120/1585
f 269/3121/1586 271/3122/1587 237/3123/1588 235/3124/1589
f 381/3125/1590 399/3126/1591 401/3127/1592 382/3128/1593
f 321/3129/1594 287/3130/1595 274/3131/1596 308/3132/1597
f 193/3133/1598 202/3134/1599 1004/3135/1600 191/3136/1601
f 327/3137/1602 312/3138/1603 340/3139/1604 325/3140/1605
f 381/3141/1606 347/3142/1607 372/3143/1608 406/3144/1609
f 1014/3145/1610 1013/3146/1610 9/3147/1611 43/3148/1611
f 246/3149/1612 212/3150/1612 211/3151/1613 245/3152/1613
f 395/3153/1614 393/3154/1615 394/3155/1616 396/3156/1617
f 207/3157/1618 241/3158/1618 251/3159/1618
f 217/3160/1619 251/3161/1619 252/3162/1619
f 63/3163/1620 29/3164/1620 15/3165/1621 49/3166/1621
f 12/3167/1622 18/3168/1622 20/3169/1623 11/3170/1623
f 42/3171/1624 36/3172/1624 2/3173/1625 8/3174/1625
f 292/3175/1626 283/3176/1626 317/3177/1626 326/3178/1626
f 375/3179/1627 379/3180/1627 345/3181/1628 341/3182/1628
f 276/3183/1629 281/3184/1629 300/3185/1629
f 275/3186/1630 987/3187/1631 290/3188/1632
f 299/3189/1633 280/3190/1633 274/3191/1633
f 273/3192/1634 277/3193/1634 289/3194/1634
f 293/3195/1635 291/3196/1635 306/3197/1636 278/3198/1636
f 245/3199/1637 263/3200/1638 265/3201/1639 246/3202/1640
f 199/3203/1641 165/3204/1641 151/3205/1642 185/3206/1642
f 7/3207/1643 8/3208/1644 27/3209/1645 25/3210/1645
f 180/3211/1646 998/3212/1647 194/3213/1648 192/3214/1649
f 329/3215/1650 330/3216/1651 332/3217/1652 331/3218/1652
f 282/3219/1653 294/3220/1654 296/3221/1653 305/3222/1655
f 269/3223/1656 235/3224/1656 230/3225/1657 264/3226/1658
f 310/3227/1659 322/3228/1659 334/3229/1659
f 324/3230/1660 319/3231/1660 309/3232/1660
f 308/3233/1661 314/3234/1661 333/3235/1661
f 323/3236/1662 311/3237/1662 307/3238/1662
f 135/3239/1663 133/3240/1663 128/3241/1664 126/3242/1664
f 1018/3243/1665 1017/3244/1665 77/3245/1666 111/3246/1666
f 209/3247/1667 221/3248/1668 255/3249/1669 243/3250/1670
f 123/3251/1671 124/3252/1671 126/3253/1672 125/3254/1672
f 388/3255/1673 354/3256/1674 353/3257/1675 387/3258/1676
f 399/3259/1677 400/3260/1677 402/3261/1678 401/3262/1678
f 158/3263/1679 156/3264/1679 155/3265/1680 157/3266/1680
f 331/3267/1681 313/3268/1682 338/3269/1683 329/3270/1684
f 162/3271/1685 160/3272/1686 159/3273/1687 161/3274/1687
f 986/3275/1688 264/3276/1689 230/3277/1690 985/3278/1690
f 407/3279/1691 384/3280/1692 350/3281/1693 373/3282/1694
f 311/3283/1695 340/3284/1695 306/3285/1696 277/3286/1696
f 273/3287/1697 286/3288/1697 320/3289/1697
f 240/3290/1698 206/3291/1699 212/3292/1700 246/3293/1701
f 995/3294/1702 996/3295/1703 198/3296/1704 164/3297/1705
f 992/3298/1706 991/3299/1707 278/3300/1708 312/3301/1709
f 993/3302/1710 281/3303/1710 315/3304/1710
f 275/3305/1711 309/3306/1711 319/3307/1711
f 156/3308/1712 190/3309/1713 1000/3310/1714 999/3311/1715
f 123/3312/1716 121/3313/1716 122/3314/1717 124/3315/1717
f 360/3316/1718 359/3317/1719 361/3318/1720 362/3319/1721
f 65/3320/1722 67/3321/1722 33/3322/1723 31/3323/1723
f 259/3324/1724 257/3325/1724 258/3326/1725 260/3327/1725
f 305/3328/1726 303/3329/1726 337/3330/1726
f 344/3331/1727 349/3332/1727 368/3333/1727
f 343/3334/1728 353/3335/1729 358/3336/1730
f 256/3337/1731 258/3338/1732 257/3339/1733 255/3340/1733
f 367/3341/1734 348/3342/1734 342/3343/1734
f 341/3344/1735 345/3345/1735 357/3346/1735
f 86/3347/1736 85/3348/1736 87/3349/1737 88/3350/1738
f 247/3351/1739 986/3352/1740 985/3353/1741 213/3354/1742
f 66/3355/1743 41/3356/1744 7/3357/1745 32/3358/1746
f 236/3359/1747 211/3360/1747 229/3361/1748 227/3362/1748
f 106/3363/1749 72/3364/1750 84/3365/1751 118/3366/1752
f 382/3367/1753 348/3368/1753 347/3369/1754 381/3370/1755
f 118/3371/1756 84/3372/1757 98/3373/1758 132/3374/1759
f 378/3375/1760 390/3376/1760 402/3377/1760
f 392/3378/1761 387/3379/1761 377/3380/1761
f 376/3381/1762 382/3382/1762 401/3383/1762
f 391/3384/1763 379/3385/1763 375/3386/1763
f 189/3387/1764 204/3388/1765 175/3389/1766 187/3390/1767
f 157/3391/1768 155/3392/1769 170/3393/1768 142/3394/1770
f 191/3395/1771 192/3396/1771 194/3397/1772 193/3398/1773
f 361/3399/1774 359/3400/1774 374/3401/1775 346/3402/1775
f 352/3403/1776 358/3404/1776 360/3405/1777 351/3406/1777
f 10/3407/1778 22/3408/1778 24/3409/1779 33/3410/1779
f 163/3411/1780 151/3412/1780 152/3413/1781 164/3414/1781
f 384/3415/1782 407/3416/1783 398/3417/1784 396/3418/1785
f 1006/3419/1786 195/3420/1787 197/3421/1788 178/3422/1789
f 350/3423/1790 362/3424/1791 364/3425/1792 373/3426/1792
f 326/3427/1793 324/3428/1793 318/3429/1794 990/3430/1794
f 341/3431/1795 354/3432/1795 388/3433/1795
f 221/3434/1796 979/3435/1797 980/3436/1798 255/3437/1799
f 343/3438/1800 377/3439/1800 387/3440/1800
f 310/3441/1801 315/3442/1802 281/3443/1803 276/3444/1803
f 285/3445/1804 286/3446/1804 289/3447/1805 290/3448/1806
f 982/3449/1807 249/3450/1807 215/3451/1808 981/3452/1808
f 237/3453/1809 228/3454/1810 230/3455/1811 235/3456/1812
f 193/3457/1813 194/3458/1813 196/3459/1814 195/3460/1815
f 78/3461/1816 90/3462/1816 92/3463/1817 101/3464/1817
f 50/3465/1818 64/3466/1818 63/3467/1819 49/3468/1820
f 22/3469/1821 56/3470/1822 1010/3471/1823 1009/3472/1824
f 110/3473/1825 104/3474/1825 70/3475/1826 76/3476/1827
f 39/3477/1828 5/3478/1828 1/3479/1829 35/3480/1830
f 33/3481/1831 24/3482/1831 26/3483/1832 31/3484/1832
f 389/3485/1833 355/3486/1834 342/3487/1835 376/3488/1836
f 395/3489/1837 380/3490/1838 408/3491/1839 393/3492/1839
f 28/3493/1840 26/3494/1840 25/3495/1841 27/3496/1841
f 53/3497/1842 19/3498/1843 1007/3499/1844 1008/3500/1845
f 231/3501/1846 232/3502/1847 230/3503/1848 229/3504/1848
f 55/3505/1849 56/3506/1849 58/3507/1850 57/3508/1850
f 272/3509/1851 244/3510/1851 210/3511/1852 238/3512/1852
f 145/3513/1853 164/3514/1853 198/3515/1854 179/3516/1854
f 271/3517/1855 248/3518/1856 214/3519/1857 237/3520/1858
f 1017/3521/1859 1018/3522/1859 128/3523/1860 94/3524/1860
f 1028/3525/1861 397/3526/1861 363/3527/1862 1027/3528/1862
f 266/3529/1863 254/3530/1864 253/3531/1865 265/3532/1866
f 95/3533/1867 83/3534/1867 84/3535/1868 96/3536/1868
f 6/3537/1869 34/3538/1869 68/3539/1870 40/3540/1870
f 99/3541/1871 94/3542/1872 128/3543/1873 133/3544/1873
f 243/3545/1874 272/3546/1874 238/3547/1875 209/3548/1875
f 335/3549/1876 301/3550/1877 287/3551/1878 321/3552/1879
f 177/3553/1880 143/3554/1880 168/3555/1881 202/3556/1882
f 200/3557/1883 186/3558/1883 152/3559/1884 166/3560/1885
f 195/3561/1886 196/3562/1887 198/3563/1888 197/3564/1888
f 300/3565/1889 299/3566/1889 287/3567/1890 288/3568/1890
f 182/3569/1891 148/3570/1891 999/3571/1892 1000/3572/1892
f 46/3573/1893 37/3574/1893 3/3575/1894 12/3576/1894
f 52/3577/1895 54/3578/1895 53/3579/1896 51/3580/1896
f 129/3581/1897 95/3582/1898 1015/3583/1899 1016/3584/1899
f 261/3585/1900 984/3586/1900 244/3587/1901 259/3588/1901
f 296/3589/1902 294/3590/1903 293/3591/1904 295/3592/1904
f 149/3593/1905 150/3594/1905 153/3595/1906 154/3596/1906
f 355/3597/1907 369/3598/1908 370/3599/1909 356/3600/1909
f 220/3601/1910 219/3602/1910 233/3603/1911 234/3604/1910
f 56/3605/1912 54/3606/1912 45/3607/1913 1010/3608/1913
f 224/3609/1914 223/3610/1914 225/3611/1915 226/3612/1915
f 254/3613/1916 242/3614/1917 208/3615/1918 220/3616/1919
f 984/3617/1920 261/3618/1920 227/3619/1921 983/3620/1922
f 226/3621/1923 981/3622/1924 215/3623/1925 224/3624/1925
f 226/3625/1926 214/3626/1926 248/3627/1927 260/3628/1927
f 122/3629/1928 120/3630/1928 114/3631/1929 113/3632/1930
f 1016/3633/1931 1015/3634/1931 75/3635/1932 109/3636/1932
f 404/3637/1933 390/3638/1933 356/3639/1934 370/3640/1935
f 45/3641/1936 11/3642/1937 1009/3643/1938 1010/3644/1938
f 294/3645/1939 292/3646/1939 291/3647/1940 293/3648/1940
f 48/3649/1941 14/3650/1941 13/3651/1942 47/3652/1942
f 50/3653/1943 38/3654/1943 4/3655/1944 16/3656/1944
f 172/3657/1945 138/3658/1945 144/3659/1946 178/3660/1946
f 368/3661/1947 366/3662/1947 365/3663/1948 367/3664/1948
f 338/3665/1949 304/3666/1950 295/3667/1951 329/3668/1952
f 146/3669/1953 158/3670/1954 160/3671/1955 997/3672/1955
f 394/3673/1956 392/3674/1956 386/3675/1957 385/3676/1958
f 123/3677/1959 1030/3678/1959 1029/3679/1960 89/3680/1960
f 103/3681/1961 107/3682/1962 73/3683/1963 69/3684/1963
f 259/3685/1964 244/3686/1965 272/3687/1966 257/3688/1966
f 173/3689/1967 139/3690/1968 148/3691/1969 182/3692/1970
f 1005/3693/1971 144/3694/1971 163/3695/1972 161/3696/1972
f 339/3697/1973 337/3698/1974 332/3699/1975 330/3700/1975
f 227/3701/1976 228/3702/1976 226/3703/1977 225/3704/1978
f 250/3705/1979 216/3706/1979 215/3707/1980 249/3708/1981
f 195/3709/1982 177/3710/1983 202/3711/1984 193/3712/1985
f 179/3713/1986 198/3714/1987 196/3715/1988 201/3716/1988
f 265/3717/1989 263/3718/1989 264/3719/1990 266/3720/1990
f 303/3721/1991 298/3722/1992 332/3723/1993 337/3724/1994
f 174/3725/1995 996/3726/1996 995/3727/1997 140/3728/1997
f 125/3729/1998 126/3730/1998 128/3731/1999 127/3732/1999
f 399/3733/2000 397/3734/2000 398/3735/2001 400/3736/2002
f 359/3737/2003 357/3738/2004 345/3739/2005 1021/3740/2006
f 185/3741/2007 151/3742/2008 138/3743/2009 172/3744/2010
f 28/3745/2011 27/3746/2011 15/3747/2012 16/3748/2012
f 162/3749/2013 164/3750/2013 145/3751/2014 167/3752/2014
f 324/3753/2015 323/3754/2016 320/3755/2017 988/3756/2018
f 378/3757/2019 344/3758/2020 356/3759/2021 390/3760/2022
f 326/3761/2023 325/3762/2024 323/3763/2025 324/3764/2026
f 386/3765/2027 352/3766/2027 351/3767/2028 385/3768/2028
f 372/3769/2029 347/3770/2030 365/3771/2031 363/3772/2031
f 353/3773/2032 354/3774/2032 357/3775/2033 358/3776/2033
f 179/3777/2034 201/3778/2034 167/3779/2035 145/3780/2035
f 54/3781/2036 52/3782/2036 46/3783/2036 45/3784/2036
f 168/3785/2037 143/3786/2037 161/3787/2038 159/3788/2038
f 114/3789/2039 80/3790/2039 79/3791/2040 113/3792/2040
f 336/3793/2041 322/3794/2041 288/3795/2042 302/3796/2042
f 117/3797/2043 131/3798/2043 97/3799/2044 83/3800/2044
f 200/3801/2045 199/3802/2045 185/3803/2046 186/3804/2046
f 135/3805/2047 101/3806/2047 99/3807/2048 133/3808/2048
f 160/3809/2049 158/3810/2049 157/3811/2050 159/3812/2051
f 366/3813/2052 1023/3814/2052 1024/3815/2053 400/3816/2054
f 333/3817/2055 331/3818/2055 332/3819/2056 334/3820/2057
f 178/3821/2058 144/3822/2058 1005/3823/2059 1006/3824/2059
f 305/3825/2060 296/3826/2060 298/3827/2061 303/3828/2061
f 392/3829/2062 394/3830/2062 393/3831/2063 391/3832/2063
f 232/3833/2064 231/3834/2064 219/3835/2065 220/3836/2065
f 22/3837/2066 1009/3838/2066 11/3839/2067 20/3840/2067
f 107/3841/2068 136/3842/2068 102/3843/2069 73/3844/2069
f 290/3845/2070 289/3846/2071 291/3847/2072 292/3848/2073
f 378/3849/2074 383/3850/2074 349/3851/2075 344/3852/2076
f 312/3853/2077 278/3854/2077 306/3855/2078 340/3856/2078
f 334/3857/2079 322/3858/2080 321/3859/2081 333/3860/2082
f 1014/3861/2083 43/3862/2083 62/3863/2084 60/3864/2084
f 300/3865/2085 298/3866/2085 297/3867/2086 299/3868/2087
f 339/3869/2088 316/3870/2089 282/3871/2090 305/3872/2091
f 407/3873/2092 405/3874/2093 400/3875/2094 398/3876/2095
f 322/3877/2096 310/3878/2097 276/3879/2098 288/3880/2099
f 263/3881/2100 261/3882/2100 262/3883/2101 264/3884/2101
f 994/3885/2102 315/3886/2103 334/3887/2104 332/3888/2105
f 242/3889/2106 247/3890/2107 213/3891/2107 208/3892/2108
f 309/3893/2109 275/3894/2110 284/3895/2111 318/3896/2112
f 155/3897/2113 153/3898/2113 141/3899/2114 170/3900/2114
f 362/3901/2115 396/3902/2115 1026/3903/2116 1025/3904/2116
f 203/3905/2117 201/3906/2117 196/3907/2118 194/3908/2119
f 992/3909/2120 329/3910/2120 295/3911/2121 991/3912/2121
f 154/3913/2122 153/3914/2122 155/3915/2123 156/3916/2123
f 31/3917/2124 26/3918/2124 60/3919/2125 65/3920/2125
f 49/3921/2126 15/3922/2126 2/3923/2127 36/3924/2127
f 117/3925/2128 83/3926/2129 70/3927/2130 104/3928/2130
f 81/3929/2131 82/3930/2132 85/3931/2133 86/3932/2134
f 383/3933/2135 1024/3934/2136 1023/3935/2137 349/3936/2138
f 109/3937/2139 75/3938/2139 100/3939/2140 134/3940/2141
f 1002/3941/2142 187/3942/2143 153/3943/2144 1001/3944/2144
f 177/3945/2145 195/3946/2145 161/3947/2146 143/3948/2147
f 229/3949/2148 230/3950/2148 228/3951/2149 227/3952/2149
f 308/3953/2150 274/3954/2150 280/3955/2151 314/3956/2152
f 124/3957/2153 122/3958/2154 113/3959/2155 112/3960/2155
f 267/3961/2156 233/3962/2156 219/3963/2157 253/3964/2158
f 164/3965/2159 162/3966/2159 161/3967/2160 163/3968/2160
f 129/3969/2161 110/3970/2161 76/3971/2162 95/3972/2162
f 239/3973/2163 980/3974/2163 979/3975/2164 205/3976/2164
f 90/3977/2165 88/3978/2165 87/3979/2166 89/3980/2167
f 328/3981/2168 327/3982/2168 325/3983/2168 326/3984/2168
f 191/3985/2169 176/3986/2169 204/3987/2170 189/3988/2170
f 1032/3989/2171 105/3990/2172 71/3991/2173 1031/3992/2174
f 217/3993/2175 218/3994/2176 221/3995/2177 222/3996/2178
f 252/3997/2179 239/3998/2179 205/3999/2180 218/4000/2180
f 403/4001/2181 369/4002/2182 355/4003/2183 389/4004/2184
f 408/4005/2185 380/4006/2185 346/4007/2186 374/4008/2186
f 136/4009/2187 108/4010/2187 74/4011/2188 102/4012/2188
f 397/4013/2189 1028/4014/2189 380/4015/2190 395/4016/2191
f 80/4017/2192 114/4018/2193 120/4019/2194 86/4020/2194
f 26/4021/2195 24/4022/2196 23/4023/2197 25/4024/2197
f 148/4025/2198 154/4026/2199 156/4027/2200 999/4028/2201
f 67/4029/2202 44/4030/2202 10/4031/2203 33/4032/2203
f 387/4033/2204 392/4034/2205 391/4035/2206 388/4036/2207
f 211/4037/2208 212/4038/2209 231/4039/2210 229/4040/2211
f 23/4041/2212 21/4042/2213 6/4043/2214 1011/4044/2215
f 366/4045/2216 400/4046/2217 405/4047/2218 371/4048/2219
f 1030/4049/2220 134/4050/2220 100/4051/2221 1029/4052/2221
f 279/4053/2222 280/4054/2222 299/4055/2223 297/4056/2223
f 284/4057/2224 290/4058/2224 292/4059/2225 989/4060/2225
f 216/4061/2226 222/4062/2226 224/4063/2227 215/4064/2228
f 158/4065/2229 146/4066/2230 147/4067/2231 156/4068/2232
f 59/4069/2233 41/4070/2233 66/4071/2234 57/4072/2234
f 214/4073/2235 226/4074/2236 228/4075/2235 237/4076/2235
f 263/4077/2237 245/4078/2238 270/4079/2239 261/4080/2240
f 347/4081/2241 348/4082/2242 367/4083/2243 365/4084/2244
f 53/4085/2245 1008/4086/2246 39/4087/2245 51/4088/2247
f 43/4089/2248 9/4090/2248 4/4091/2249 38/4092/2249
f 250/4093/2250 241/4094/2251 207/4095/2252 216/4096/2252
f 290/4097/2253 987/4098/2253 319/4099/2253
f 290/4100/2254 324/4101/2254 988/4102/2254
f 125/4103/2255 127/4104/2255 134/4105/2256 1030/4106/2256
f 188/4107/2257 190/4108/2257 189/4109/2258 187/4110/2258
f 55/4111/2259 53/4112/2259 54/4113/2260 56/4114/2260
f 222/4115/2261 221/4116/2261 223/4117/2262 224/4118/2262
f 1018/4119/2263 111/4120/2263 130/4121/2264 128/4122/2265
f 379/4123/2266 1022/4124/2266 1021/4125/2267 345/4126/2267
f 44/4127/2268 67/4128/2269 58/4129/2270 56/4130/2271
f 253/4131/2272 219/4132/2272 206/4133/2273 240/4134/2274
f 83/4135/2275 97/4136/2275 98/4137/2276 84/4138/2276
f 328/4139/2277 326/4140/2278 317/4141/2279 316/4142/2280
f 292/4143/2281 326/4144/2282 990/4145/2283 989/4146/2283
f 225/4147/2284 223/4148/2285 238/4149/2284 210/4150/2286
f 270/4151/2287 236/4152/2288 227/4153/2289 261/4154/2290
f 288/4155/2291 287/4156/2292 301/4157/2293 302/4158/2294
f 327/4159/2295 328/4160/2296 330/4161/2297 329/4162/2298
f 151/4163/2299 165/4164/2299 166/4165/2300 152/4166/2300
f 92/4167/2301 90/4168/2301 89/4169/2302 91/4170/2302
f 13/4171/2303 14/4172/2303 17/4173/2304 18/4174/2304
f 223/4175/2305 221/4176/2305 209/4177/2306 238/4178/2306
f 393/4179/2307 408/4180/2308 374/4181/2309 359/4182/2310
f 39/4183/2311 1008/4184/2312 1007/4185/2313 5/4186/2313
f 53/4187/2314 68/4188/2314 34/4189/2315 19/4190/2315
f 352/4191/2316 386/4192/2316 392/4193/2317 358/4194/2317
f 59/4195/2318 60/4196/2319 62/4197/2320 61/4198/2320
