# Blender v3.0.0 OBJ File: 'aa.blend'
# www.blender.org
mtllib Barrel_3.mtl
o Barrel_3
v 0.325853 0.024135 -0.055449
v 0.234914 0.017354 -0.231961
v 0.106620 0.017354 -0.315456
v -0.065393 0.017354 -0.326502
v -0.228367 0.026909 -0.238651
v -0.325394 0.024148 -0.094268
v -0.326316 0.026919 0.066324
v -0.250063 0.026919 0.219883
v -0.106620 0.026919 0.315456
v 0.065392 0.026919 0.326502
v 0.225548 0.026919 0.240208
v 0.315699 0.024141 0.099961
v -0.254969 0.026919 0.209348
v 0.219883 0.026919 0.250063
v 0.315642 0.026919 0.107551
v -0.326601 0.024141 0.058821
v 0.319137 0.026927 -0.081997
v -0.316521 0.026911 -0.119912
v 0.256127 0.026928 -0.207760
v -0.204520 0.017354 -0.260182
v 0.250064 0.045602 -0.219898
v 0.325872 0.045603 -0.068525
v 0.106620 0.036046 -0.315456
v 0.249552 0.036046 -0.222435
v -0.065393 0.036046 -0.326502
v -0.220394 0.036046 -0.252615
v -0.325315 0.042827 -0.104099
v -0.219884 0.045620 -0.250048
v -0.326567 0.042834 0.054541
v -0.250948 0.045611 0.217410
v -0.326316 0.045611 0.066324
v -0.106620 0.045611 0.315456
v -0.250063 0.045611 0.219883
v 0.065392 0.045611 0.326502
v 0.219883 0.045611 0.250063
v 0.315642 0.045611 0.107551
v 0.220470 0.045611 0.247685
v 0.315982 0.042834 0.095616
v 0.326502 0.809439 -0.065383
v 0.249552 0.809443 -0.222435
v 0.106620 0.809443 -0.315456
v -0.065393 0.809443 -0.326503
v -0.219883 0.809443 -0.250064
v -0.325315 0.809447 -0.104098
v -0.133663 -0.000000 -0.594041
v 0.515426 -0.000000 -0.528357
v 0.464281 -0.000000 -0.363753
v 0.502289 -0.000000 -0.195630
v -0.625858 -0.000000 -0.294690
v 0.315311 0.809443 0.105896
v -0.297609 -0.000000 -0.634402
v 0.619267 -0.000000 -0.069035
v -0.580659 -0.000000 -0.131435
v -0.326647 0.809443 0.064669
v 0.325873 0.809443 -0.068537
v -0.325946 0.809443 -0.107232
v 0.250063 0.809443 -0.219883
v -0.220394 0.809443 -0.252615
v 0.250063 0.828135 -0.219883
v 0.325873 0.828135 -0.068537
v 0.106620 0.828135 -0.315456
v 0.244364 0.828135 -0.225811
v -0.065393 0.828135 -0.326503
v -0.214768 0.828135 -0.255297
v -0.325946 0.828135 -0.107232
v -0.219883 0.828135 -0.250064
v -0.326647 0.828135 0.064669
v -0.325373 0.828132 -0.096871
v -0.133663 0.025218 -0.594041
v 0.464281 0.025218 -0.363753
v 0.502289 0.025218 -0.195630
v 0.619267 0.025218 -0.069035
v -0.580659 0.025218 -0.131435
v 0.326025 0.828139 -0.058087
v 0.315311 0.828136 0.105896
v 0.318726 -0.000000 -0.063808
v 0.244070 -0.000000 -0.214682
v 0.104081 -0.000000 -0.307944
v -0.063835 -0.000000 -0.318728
v -0.214647 -0.000000 -0.244109
v -0.307945 -0.000000 -0.104056
v -0.318717 0.000000 0.063855
v 0.156690 0.000000 0.464575
v 0.204667 0.045588 0.371639
v 0.307956 0.000000 0.104030
v 0.243945 0.862618 -0.214462
v 0.318726 0.862737 -0.063808
v 0.104055 0.861985 -0.307885
v -0.063835 0.862738 -0.318728
v -0.214647 0.862738 -0.244109
v -0.312053 0.877720 -0.101831
v -0.316972 0.886325 0.063966
v 0.941791 0.000000 0.100766
v 1.053490 0.000000 0.537377
v 0.307956 0.862738 0.104030
v -0.368019 0.430047 0.073693
v -0.353591 0.670049 0.070789
v -0.341632 0.670049 -0.115430
v -0.355569 0.430047 -0.120154
v -0.070824 0.190137 -0.352587
v -0.073740 0.430047 -0.370000
v -0.070797 0.670048 -0.353590
v 0.115412 0.670072 -0.341597
v 0.104016 0.430047 -0.368840
v 0.116904 0.189999 -0.343279
v 0.405123 0.029228 0.543401
v 0.624089 0.046012 0.445473
v 0.867370 0.056514 0.492007
v 0.070855 0.670049 0.353573
v 0.542533 0.038428 0.269299
v 0.326734 0.021938 0.374068
v -0.281867 0.430047 0.247831
v -0.270825 0.670049 0.238099
v -0.238146 0.190044 -0.270782
v -0.238106 0.670049 -0.270820
v 0.360647 0.069887 0.583476
v 0.595777 0.075647 0.633458
v 0.341605 0.670049 0.115500
v 0.270658 0.190121 -0.238580
v 0.300711 0.430047 -0.209388
v 0.270868 0.670076 -0.238157
v 0.368135 0.430047 -0.073500
v 0.353524 0.190047 -0.070912
v -0.115435 0.190044 0.341631
v -0.120195 0.430047 0.355555
v -0.115496 0.670049 0.341609
v -0.341632 0.190044 -0.115430
v -0.070825 0.669956 -0.352588
v -0.063777 0.863490 -0.318787
v 0.115332 0.190057 -0.341482
v 0.840590 0.033800 0.341644
v 0.070855 0.190045 0.353573
v 0.063783 0.000000 0.318733
v -0.244128 0.862737 0.214613
v 0.831458 0.053085 0.675456
v 1.021246 0.000000 0.702084
v 0.270658 0.669972 -0.238580
v 0.244115 0.862738 -0.214632
v -0.104103 0.862738 0.307929
v -0.353591 0.190044 0.070789
v -0.070797 0.190045 -0.353590
v -0.073740 0.430047 -0.367997
v 0.103972 0.862617 -0.307722
v 0.116900 0.670093 -0.343280
v 0.118243 0.329568 -0.349975
v 0.227279 0.000000 0.617060
v 0.396516 0.073310 0.400246
v 0.633096 0.079209 0.442826
v 0.063783 0.862738 0.318732
v 0.762265 0.027025 0.172233
v 0.073707 0.430047 0.368019
v -0.244128 0.000000 0.214614
v -0.270825 0.190044 0.238099
v -0.247859 0.430047 -0.281827
v 0.172367 0.042506 0.536638
v 0.341605 0.190045 0.115500
v 0.355567 0.430047 0.120177
v 0.270730 0.190057 -0.237945
v 0.274514 0.592005 -0.241392
v 0.353524 0.670046 -0.070912
v 0.368018 0.430047 -0.073687
v -0.104103 0.000000 0.307929
v 0.272610 -0.000000 -0.226704
v 0.345178 -0.000000 -0.080038
v 0.117225 -0.000000 -0.336296
v 0.265212 -0.000000 -0.237696
v -0.062971 -0.000000 -0.349626
v 0.102193 -0.000000 -0.339020
v -0.230132 -0.000000 -0.270909
v -0.081502 -0.000000 -0.344452
v -0.325834 -0.000000 -0.132937
v -0.242503 -0.000000 -0.258012
v -0.349676 0.000000 0.063779
v -0.339495 -0.000000 -0.094799
v -0.270825 0.000000 0.230301
v -0.346045 0.000000 0.078285
v -0.121188 0.000000 0.333665
v -0.247737 0.000000 0.249350
v 0.066628 0.000000 0.349853
v -0.108250 0.000000 0.338628
v 0.226442 0.023653 0.621443
v 0.151795 0.016711 0.460192
v 0.197623 0.066049 0.549517
v 0.204301 0.076607 0.367221
v 0.349570 -0.000000 -0.062087
v 0.338457 0.000000 0.110832
v 0.117081 0.865047 -0.336064
v -0.062984 0.864072 -0.349604
v 0.102819 0.856396 -0.340787
v -0.230132 0.865028 -0.270910
v -0.334874 0.865028 -0.119370
v -0.248356 0.856422 -0.255900
v -0.347931 0.888615 0.063891
v -0.337049 0.888615 -0.105608
v -0.270825 0.865028 0.230301
v -0.346045 0.865028 0.078284
v -0.121188 0.865028 0.333665
v -0.250816 0.865028 0.247298
v 0.066628 0.865028 0.349853
v -0.108250 0.865028 0.338627
v 0.941065 0.025468 0.094440
v 0.987483 0.046828 0.676219
v 0.349570 0.865028 -0.062087
v -0.386455 0.669962 0.071231
v -0.370468 0.190132 -0.131281
v -0.070381 0.669962 -0.386397
v 0.128816 0.190144 -0.371900
v 0.842055 0.067049 0.345695
v 0.074385 0.190132 0.386662
v -0.298939 0.669962 0.255168
v -0.254981 0.669962 -0.299032
v 0.831344 0.085788 0.681543
v 0.301036 0.670039 -0.250746
v 0.386333 0.190132 -0.069358
v -0.144121 0.654393 0.363043
v -0.382720 0.190132 0.085833
v -0.382720 0.669962 0.085833
v -0.375142 0.669962 -0.104889
v -0.370468 0.669962 -0.131281
v -0.384658 0.430047 -0.136190
v -0.089390 0.190131 -0.380958
v -0.107702 0.430047 -0.388122
v -0.089390 0.669962 -0.380958
v 0.112281 0.670010 -0.373902
v 0.128899 0.669988 -0.372020
v 0.131915 0.329842 -0.380507
v 0.398695 0.106179 0.395535
v 0.074385 0.669963 0.386661
v -0.289070 0.190132 0.265333
v -0.267552 0.190131 -0.285735
v -0.282272 0.430047 -0.289868
v -0.267552 0.669962 -0.285736
v 0.373970 0.190131 0.123234
v 0.373970 0.669962 0.123233
v 0.293609 0.190144 -0.262103
v 0.297469 0.591709 -0.265619
v 0.293752 0.669992 -0.262323
v 0.381826 0.669965 -0.087655
v 0.386333 0.669962 -0.069358
v 0.401073 0.430047 -0.072121
v -0.120374 0.190132 0.374150
v -0.099449 0.430047 0.390054
v -0.120374 0.669962 0.374150
v -0.133290 0.190132 0.369126
v 0.301036 0.190054 -0.250746
v 0.381826 0.190128 -0.087655
v 0.334043 0.430047 -0.217344
v 0.606371 0.109624 0.585366
v -0.254981 0.190131 -0.299032
v -0.255717 0.430047 -0.314880
v -0.298939 0.190132 0.255169
v -0.308039 0.477559 0.263054
v 0.406733 0.062216 0.547459
v 0.323606 0.054486 0.367892
v 0.625660 0.079299 0.449660
v 0.539272 0.071265 0.263047
v -0.070382 0.190131 -0.386397
v 0.112278 0.190084 -0.373902
v -0.057816 0.430047 -0.400311
v 0.086834 0.430047 -0.392396
v -0.386455 0.190132 0.071231
v -0.374327 0.190132 -0.117573
v -0.401198 0.430047 0.074063
v 0.117022 0.549272 -0.346495
v 0.277408 0.329503 -0.243939
v 0.130766 0.548766 -0.376889
v 0.300382 0.329907 -0.268248
v 0.174306 0.846509 -0.261613
v 0.193104 0.669997 -0.289833
v 0.211276 0.669906 -0.317106
v 0.195597 0.617822 -0.293390
v 0.213652 0.618280 -0.320833
v 0.140092 -0.000000 -0.283950
v 0.155601 0.190021 -0.315291
v 0.158946 0.289087 -0.322182
v 0.155309 -0.000000 -0.310932
v 0.171469 0.190105 -0.344119
v 0.174829 0.288668 -0.351170
v 0.128117 0.809443 -0.227715
v 0.156733 0.809443 -0.078578
v 0.076188 0.809442 -0.080251
v -0.096507 0.809443 -0.242140
v 0.287968 0.828135 -0.144210
v 0.287968 0.809443 -0.144210
v -0.096507 0.828135 -0.242140
v 0.387201 0.412911 0.127698
v 0.389320 0.430047 0.110907
v 0.371527 0.430047 0.124021
v -0.289328 0.415638 0.279577
v -0.264542 0.443058 0.298194
v -0.289070 0.669962 0.265333
v -0.283409 0.433250 0.254751
v -0.386258 0.450876 0.102527
v -0.344505 0.477559 0.189353
v -0.386081 0.504172 0.101690
v -0.378256 0.456194 0.090502
v -0.387408 0.450014 -0.121792
v -0.368627 0.430047 -0.120953
v -0.389878 0.430047 -0.102210
v -0.071864 0.863778 -0.330419
v -0.082180 0.848261 -0.347590
v -0.096802 0.865027 -0.336882
v 0.380243 0.430047 -0.080078
v 0.395975 0.410778 -0.089163
v 0.388668 0.430047 -0.106611
v 0.076458 0.501166 0.397037
v 0.002359 0.430047 0.396593
v 0.075335 0.267500 0.391417
v 0.075472 0.430047 0.384278
v -0.155873 0.431860 0.371412
v -0.137834 0.408792 0.382016
v -0.126639 0.430047 0.365433
v 0.193069 0.834000 -0.289774
v 0.179214 0.851295 -0.295361
v 0.183220 0.847589 -0.274992
v 0.265053 0.865048 -0.237474
v 0.347464 0.848419 -0.077538
v 0.274876 0.849485 -0.228621
v -0.581608 0.016082 -0.328970
v -0.615304 0.005771 -0.301109
v -0.595244 0.016805 -0.288983
v 0.364319 0.102898 0.571138
v 0.342577 0.098501 0.585368
v 0.360651 0.083841 0.586195
v 0.379293 0.103029 0.593811
v 0.635221 0.112377 0.437995
v 0.865174 0.089014 0.508735
v 1.057669 0.038852 0.533576
v 0.868056 0.067970 0.490423
v 0.761089 0.038451 0.170082
v 0.767899 0.060149 0.185505
v 0.778507 0.055679 0.158451
v 0.979726 0.029058 0.177903
v 0.940737 0.047368 0.294576
v 1.012433 0.000050 0.253167
v 0.490921 0.025218 -0.449489
v 0.533638 0.025218 -0.447802
v -0.285133 0.025218 -0.631330
v -0.297609 0.012368 -0.634402
v -0.306357 0.024936 -0.624994
v 0.156733 0.810566 -0.078578
v 0.174271 0.828135 -0.077537
v -0.058667 0.809443 0.081879
v 0.075084 0.828136 -0.054865
v 0.093973 0.828137 -0.071904
v 0.076157 0.811238 -0.079552
v 0.057770 0.828136 -0.074059
v -0.058667 0.815235 0.081879
v 0.097644 0.828135 0.084990
v -0.049647 0.828136 0.072657
v -0.221687 0.828135 -0.101043
v -0.154823 0.809493 -0.097073
v -0.129840 0.828135 -0.159222
v 0.128117 0.828135 -0.227715
v 0.191647 0.811851 -0.152457
v 0.164240 0.828135 -0.094463
v 0.207872 0.828135 -0.151068
v 0.323553 0.863909 0.107508
v 0.341194 0.849995 0.111788
v 0.339439 0.865028 0.095553
v 0.066939 0.049401 -0.380300
v -0.117984 0.049401 -0.367879
v -0.275953 0.049401 -0.270943
v -0.369965 0.035168 -0.111496
v -0.380739 0.049401 0.073373
v -0.303551 0.030969 0.241874
v 0.386343 0.049401 0.021851
v 0.351723 0.049401 -0.160227
v -0.106542 0.049401 -0.334300
v 0.074841 0.428332 -0.420029
v -0.129497 0.428332 -0.406304
v -0.304051 0.428332 -0.299191
v -0.405170 0.411303 -0.122099
v -0.419839 0.428332 0.081275
v -0.334547 0.428332 0.267468
v -0.172497 0.428332 0.392696
v 0.029188 0.428332 0.428272
v 0.361696 0.428332 -0.199872
v 0.262152 0.428332 -0.337221
v 0.067883 0.783596 -0.384615
v -0.119167 0.783596 -0.372051
v -0.278953 0.783596 -0.274000
v -0.374870 0.783596 -0.112924
v -0.382219 0.771330 0.073749
v -0.306869 0.783597 0.244716
v -0.158529 0.783597 0.359350
v 0.026093 0.783597 0.391915
v 0.204701 0.762587 0.334953
v 0.336379 0.783597 0.201512
v 0.390961 0.783596 0.022162
v 0.354331 0.785390 -0.161270
v 0.239346 0.783596 -0.308813
v 0.066313 0.825240 -0.376405
v -0.116739 0.825240 -0.364110
v -0.273109 0.825240 -0.268155
v -0.366976 0.825240 -0.110522
v -0.375176 0.807495 0.072360
v -0.300428 0.825240 0.239473
v -0.155259 0.825240 0.351656
v 0.025416 0.825240 0.383526
v 0.200206 0.804231 0.327781
v 0.329069 0.825240 0.197193
v 0.382484 0.825240 0.021676
v 0.347269 0.823446 -0.158116
v 0.234111 0.825240 -0.302223
v 0.073782 0.374790 -0.414493
v -0.127860 0.374790 -0.400950
v -0.300111 0.374790 -0.295250
v -0.400706 0.366397 -0.120740
v -0.414372 0.374790 0.080197
v -0.330205 0.374790 0.263933
v -0.170292 0.374791 0.387509
v 0.028732 0.374791 0.422615
v 0.356486 0.374790 -0.197545
v 0.258622 0.374790 -0.332778
v 0.068789 0.095140 -0.390280
v -0.120982 0.095140 -0.377533
v -0.283092 0.095140 -0.278057
v -0.378980 0.078012 -0.114249
v -0.390625 0.095141 0.075285
v -0.309603 0.066175 0.246746
v 0.396565 0.095141 0.022413
v 0.361037 0.095141 -0.164438
v 0.060888 0.049401 -0.345546
v -0.106009 0.783596 -0.332517
v 0.062347 0.783596 -0.351097
v -0.248789 0.783596 -0.244902
v -0.334497 0.783596 -0.100970
v -0.346226 0.771330 0.066828
v -0.273734 0.783597 0.218606
v -0.141182 0.783597 0.321038
v 0.023790 0.783597 0.350138
v 0.183388 0.762587 0.299238
v 0.301051 0.783596 0.180000
v 0.349824 0.783596 0.019739
v 0.320143 0.785390 -0.145571
v 0.214346 0.783596 -0.276009
v -0.106217 0.816322 -0.332754
v 0.061004 0.816322 -0.343985
v -0.249065 0.816322 -0.245097
v -0.334814 0.816322 -0.101096
v -0.346505 0.799751 0.066787
v -0.274022 0.816323 0.218632
v -0.141407 0.816323 0.321114
v 0.023644 0.816323 0.350227
v 0.183318 0.795313 0.299303
v 0.301037 0.816322 0.180008
v 0.349833 0.816322 0.019670
v 0.320138 0.815297 -0.145705
v 0.214291 0.816322 -0.276219
v 0.082352 0.428332 -0.391623
v -0.116359 0.428332 -0.365903
v -0.273731 0.428332 -0.269334
v -0.371089 0.411303 -0.111585
v -0.378121 0.428332 0.073680
v -0.301225 0.428332 0.241545
v -0.155126 0.428332 0.354446
v 0.026706 0.428332 0.386520
v 0.346744 0.428332 -0.186884
v 0.252687 0.428332 -0.316751
v 0.081397 0.374790 -0.386633
v -0.114883 0.374790 -0.361076
v -0.286867 0.374790 -0.282210
v -0.367064 0.366397 -0.110360
v -0.373192 0.374790 0.072708
v -0.297310 0.374790 0.238358
v -0.153139 0.374791 0.349770
v 0.026294 0.374791 0.381420
v 0.342047 0.374790 -0.184786
v 0.249504 0.374790 -0.312745
v 0.219551 0.323176 0.390246
v 0.222013 0.366670 0.394174
v 0.202174 0.323176 0.361691
v 0.204394 0.366670 0.365233
v 0.236452 0.049401 -0.305360
v 0.242745 0.095140 -0.313375
v -0.156898 0.049402 0.355204
v -0.160916 0.095141 0.364504
v -0.249569 0.049401 -0.246533
v -0.336849 0.035168 -0.102741
v -0.344444 0.049401 0.065213
v -0.274557 0.030969 0.217776
v 0.350079 0.049401 0.018565
v 0.318734 0.049401 -0.146290
v 0.062563 0.095140 -0.354582
v -0.109257 0.095140 -0.343041
v -0.256033 0.095140 -0.252974
v -0.345012 0.078012 -0.105234
v -0.353394 0.095141 0.066945
v -0.281675 0.076709 0.223507
v 0.359334 0.095141 0.019074
v 0.327167 0.095141 -0.150102
v 0.214367 0.049401 -0.277694
v 0.220065 0.095140 -0.284951
v -0.141776 0.049402 0.320386
v -0.145414 0.095141 0.328806
v 0.156053 0.822849 -0.062438
v 0.126412 0.822849 -0.054496
v 0.104714 0.822849 -0.032797
v 0.096772 0.822849 -0.003157
v 0.104714 0.822849 0.026483
v 0.126412 0.822849 0.048182
v 0.156053 0.822849 0.056124
v 0.185693 0.822849 0.048182
v 0.207391 0.822849 0.026483
v 0.215333 0.822849 -0.003157
v 0.207391 0.822849 -0.032797
v 0.185693 0.822849 -0.054496
v 0.126157 0.837618 -0.048570
v 0.156053 0.837618 -0.058286
v 0.108309 0.837618 -0.030722
v 0.100923 0.837618 -0.003157
v 0.108309 0.837618 0.024408
v 0.131006 0.837618 0.040225
v 0.156053 0.837618 0.051972
v 0.183617 0.837618 0.044587
v 0.203796 0.837618 0.024408
v 0.211182 0.837618 -0.003157
v 0.203796 0.837618 -0.030722
v 0.183617 0.837618 -0.050901
v 0.138560 0.837618 -0.033456
v 0.156053 0.837618 -0.038143
v 0.125754 0.837618 -0.020650
v 0.112075 0.837618 -0.003157
v 0.125754 0.837618 0.014336
v 0.138560 0.837618 0.027142
v 0.156053 0.837618 0.031829
v 0.173546 0.837618 0.027142
v 0.186352 0.837618 0.014336
v 0.194197 0.837618 -0.004154
v 0.186352 0.837618 -0.020650
v 0.173546 0.837618 -0.033456
v 0.138560 0.829631 -0.033456
v 0.156053 0.829631 -0.038143
v 0.125754 0.829631 -0.020650
v 0.121067 0.829631 -0.003157
v 0.125754 0.829631 0.014336
v 0.138560 0.829631 0.027142
v 0.156053 0.829631 0.031829
v 0.173546 0.829631 0.027142
v 0.186352 0.829631 0.014336
v 0.191039 0.829631 -0.003157
v 0.186352 0.829631 -0.020650
v 0.173546 0.829631 -0.033456
vt 0.657197 0.298636
vt 0.652052 0.296367
vt 0.657197 0.296367
vt 0.853669 0.561549
vt 0.853669 0.567173
vt 0.850266 0.566862
vt 0.890743 0.470941
vt 0.890744 0.417345
vt 0.902255 0.420310
vt 0.902255 0.468276
vt 0.787806 0.329994
vt 0.776964 0.332168
vt 0.777231 0.318861
vt 0.787806 0.316741
vt 0.911255 0.486212
vt 0.911255 0.540723
vt 0.900562 0.537911
vt 0.900802 0.488708
vt 0.949678 0.344196
vt 0.959015 0.341829
vt 0.959015 0.393883
vt 0.950449 0.391927
vt 0.633997 0.296367
vt 0.633997 0.298636
vt 0.628852 0.298636
vt 0.628852 0.296367
vt 0.954403 0.833493
vt 0.954403 0.785900
vt 0.963701 0.785896
vt 0.963701 0.833512
vt 0.604164 0.853962
vt 0.613509 0.851550
vt 0.613509 0.904812
vt 0.602113 0.902084
vt 0.529480 0.953972
vt 0.529480 0.959117
vt 0.527211 0.959117
vt 0.527211 0.953972
vt 0.876550 0.276053
vt 0.888611 0.275484
vt 0.888611 0.328746
vt 0.876550 0.328176
vt 0.886828 0.715295
vt 0.898881 0.714574
vt 0.898881 0.767720
vt 0.887854 0.767338
vt 0.878198 0.216800
vt 0.888613 0.215682
vt 0.888613 0.268878
vt 0.876550 0.269029
vt 0.684545 0.974508
vt 0.680197 0.975750
vt 0.680197 0.967032
vt 0.684545 0.967337
vt 0.824579 0.207285
vt 0.809303 0.207655
vt 0.809302 0.154793
vt 0.824579 0.155115
vt 0.945348 0.196252
vt 0.945348 0.144128
vt 0.954783 0.146514
vt 0.954783 0.194130
vt 0.086886 0.811921
vt 0.092321 0.808829
vt 0.092321 0.856255
vt 0.086873 0.856786
vt 0.813954 0.882557
vt 0.812306 0.830329
vt 0.824366 0.830512
vt 0.824366 0.883702
vt 0.825674 0.656127
vt 0.825404 0.650989
vt 0.830847 0.649220
vt 0.830847 0.658151
vt 0.980725 0.280104
vt 0.980725 0.328296
vt 0.975134 0.325165
vt 0.975119 0.279609
vt 0.842359 0.209177
vt 0.842359 0.155140
vt 0.855657 0.155840
vt 0.855657 0.208496
vt 0.799838 0.564847
vt 0.798254 0.562103
vt 0.806086 0.560004
vt 0.806086 0.565727
vt 0.592927 0.567646
vt 0.592927 0.625830
vt 0.581224 0.622875
vt 0.584732 0.566058
vt 0.511530 0.959447
vt 0.511527 0.911481
vt 0.520756 0.912611
vt 0.520756 0.960599
vt 0.303299 0.789676
vt 0.313531 0.789198
vt 0.313531 0.842114
vt 0.300371 0.844109
vt 0.580571 0.189128
vt 0.580571 0.246404
vt 0.567747 0.246172
vt 0.565313 0.188084
vt 0.223279 0.900357
vt 0.232892 0.898042
vt 0.232892 0.950165
vt 0.223279 0.947973
vt 0.745545 0.691761
vt 0.750133 0.690238
vt 0.750133 0.698346
vt 0.744605 0.696865
vt 0.900562 0.552868
vt 0.900562 0.547723
vt 0.906090 0.547178
vt 0.906090 0.554349
vt 0.777399 0.980518
vt 0.777248 0.965221
vt 0.782851 0.965736
vt 0.782851 0.981018
vt 0.862236 0.207265
vt 0.862111 0.154801
vt 0.874157 0.155582
vt 0.874157 0.209177
vt 0.835701 0.417648
vt 0.848160 0.417345
vt 0.848160 0.470112
vt 0.834963 0.471812
vt 0.949678 0.400643
vt 0.954026 0.400338
vt 0.954026 0.409056
vt 0.949678 0.408750
vt 0.886972 0.774480
vt 0.891320 0.774175
vt 0.891320 0.782893
vt 0.886828 0.783410
vt 0.793728 0.816485
vt 0.805279 0.813566
vt 0.805279 0.870983
vt 0.797236 0.872611
vt 0.903275 0.079789
vt 0.903275 0.132984
vt 0.893123 0.130666
vt 0.891667 0.082774
vt 0.356607 0.832054
vt 0.368535 0.830186
vt 0.368535 0.883781
vt 0.356483 0.884517
vt 0.529480 0.942372
vt 0.529480 0.947517
vt 0.527211 0.947517
vt 0.527211 0.942372
vt 0.920702 0.405710
vt 0.920702 0.410855
vt 0.918433 0.410855
vt 0.918433 0.405710
vt 0.024974 0.809163
vt 0.024974 0.751747
vt 0.040265 0.751386
vt 0.040265 0.809570
vt 0.777248 0.958766
vt 0.777248 0.906643
vt 0.786630 0.908988
vt 0.786630 0.956603
vt 0.075338 0.914605
vt 0.065124 0.917513
vt 0.065124 0.863476
vt 0.075338 0.865680
vt 0.948967 0.488564
vt 0.958356 0.486212
vt 0.958356 0.538335
vt 0.948967 0.536180
vt 0.866428 0.417345
vt 0.866428 0.475671
vt 0.857399 0.472335
vt 0.854615 0.418631
vt 0.894107 0.538872
vt 0.882055 0.539474
vt 0.882055 0.486212
vt 0.894107 0.486749
vt 0.894930 0.394499
vt 0.882880 0.395091
vt 0.882880 0.341829
vt 0.894930 0.342376
vt 0.750059 0.891840
vt 0.738003 0.892443
vt 0.738003 0.839181
vt 0.750059 0.839716
vt 0.880611 0.207462
vt 0.880611 0.155338
vt 0.892664 0.154801
vt 0.892664 0.208063
vt 0.898555 0.842609
vt 0.886507 0.843187
vt 0.886507 0.789925
vt 0.898555 0.790486
vt 0.876776 0.702594
vt 0.876776 0.650470
vt 0.888831 0.649935
vt 0.888831 0.703197
vt 0.889843 0.573505
vt 0.900868 0.573082
vt 0.900868 0.626228
vt 0.888817 0.625553
vt 0.065127 0.809262
vt 0.080418 0.808829
vt 0.080418 0.857022
vt 0.065124 0.856688
vt 0.350495 0.805516
vt 0.335237 0.806560
vt 0.337670 0.748479
vt 0.350495 0.748247
vt 0.561668 0.755659
vt 0.561668 0.813076
vt 0.546379 0.813444
vt 0.546379 0.755260
vt 0.018519 0.809163
vt 0.003227 0.809570
vt 0.003227 0.751386
vt 0.018519 0.751747
vt 0.650536 0.810292
vt 0.650536 0.752875
vt 0.665826 0.752513
vt 0.665826 0.810697
vt 0.644081 0.810292
vt 0.628791 0.810697
vt 0.628791 0.752513
vt 0.644081 0.752875
vt 0.522969 0.851431
vt 0.522969 0.905027
vt 0.511527 0.902076
vt 0.511527 0.854110
vt 0.524635 0.755659
vt 0.539924 0.755260
vt 0.539924 0.813444
vt 0.524635 0.813076
vt 0.126761 0.861819
vt 0.126761 0.807782
vt 0.140050 0.808491
vt 0.140050 0.861147
vt 0.473332 0.856341
vt 0.473332 0.802305
vt 0.486628 0.803014
vt 0.486628 0.855670
vt 0.839671 0.707812
vt 0.838934 0.653672
vt 0.852131 0.655377
vt 0.852131 0.708120
vt 0.216546 0.807484
vt 0.216546 0.861521
vt 0.203252 0.860806
vt 0.203252 0.808150
vt 0.267419 0.861806
vt 0.267419 0.807769
vt 0.280711 0.808483
vt 0.280711 0.861140
vt 0.593499 0.959420
vt 0.584277 0.960601
vt 0.584280 0.912635
vt 0.593499 0.911432
vt 0.838934 0.867898
vt 0.849392 0.865262
vt 0.849392 0.918178
vt 0.838934 0.915860
vt 0.942166 0.218051
vt 0.951736 0.215682
vt 0.951736 0.267806
vt 0.942166 0.265667
vt 0.906612 0.649935
vt 0.906612 0.703081
vt 0.895286 0.700117
vt 0.896214 0.652407
vt 0.494930 0.853792
vt 0.505072 0.851431
vt 0.505072 0.904622
vt 0.493476 0.901686
vt 0.943870 0.331732
vt 0.943870 0.279609
vt 0.953433 0.281983
vt 0.953433 0.329598
vt 0.584277 0.904977
vt 0.584277 0.851715
vt 0.595658 0.854640
vt 0.595658 0.902233
vt 0.653263 0.818422
vt 0.658388 0.817152
vt 0.658388 0.874569
vt 0.646805 0.871786
vt 0.927253 0.282514
vt 0.937415 0.279609
vt 0.937415 0.332375
vt 0.927877 0.330447
vt 0.461416 0.817176
vt 0.461416 0.874593
vt 0.449893 0.871655
vt 0.449893 0.819890
vt 0.126761 0.934587
vt 0.131942 0.932157
vt 0.131942 0.940017
vt 0.127665 0.939652
vt 0.180015 0.803409
vt 0.182571 0.746558
vt 0.194568 0.749798
vt 0.194568 0.808123
vt 0.628791 0.820124
vt 0.640350 0.817152
vt 0.640350 0.875336
vt 0.628791 0.872581
vt 0.882848 0.553061
vt 0.882055 0.547410
vt 0.887583 0.545928
vt 0.887583 0.554036
vt 0.961323 0.849641
vt 0.961323 0.901699
vt 0.951987 0.899342
vt 0.952758 0.851606
vt 0.730214 0.826238
vt 0.730214 0.883655
vt 0.718750 0.880703
vt 0.718750 0.828938
vt 0.890170 0.056489
vt 0.890170 0.003227
vt 0.901796 0.006140
vt 0.901796 0.053733
vt 0.300371 0.903825
vt 0.300371 0.850564
vt 0.311946 0.853526
vt 0.311946 0.901119
vt 0.567964 0.903587
vt 0.577495 0.901087
vt 0.577495 0.953340
vt 0.569084 0.951617
vt 0.920799 0.279609
vt 0.920799 0.333645
vt 0.910704 0.330820
vt 0.910704 0.281895
vt 0.760285 0.845720
vt 0.757357 0.791296
vt 0.770518 0.793255
vt 0.770518 0.846170
vt 0.683480 0.827888
vt 0.683480 0.873445
vt 0.668204 0.873054
vt 0.668201 0.828189
vt 0.783500 0.203172
vt 0.783500 0.208318
vt 0.781231 0.208318
vt 0.781108 0.202613
vt 0.921202 0.788676
vt 0.931547 0.785896
vt 0.931547 0.838812
vt 0.921203 0.836638
vt 0.793728 0.933102
vt 0.793728 0.879066
vt 0.803729 0.881732
vt 0.803729 0.930657
vt 0.248863 0.898042
vt 0.248863 0.950506
vt 0.239485 0.948112
vt 0.239347 0.900124
vt 0.695283 0.898759
vt 0.705020 0.896155
vt 0.705020 0.948811
vt 0.695283 0.946434
vt 0.159365 0.824771
vt 0.168235 0.821379
vt 0.168235 0.878288
vt 0.156574 0.877073
vt 0.529424 0.854412
vt 0.540952 0.851431
vt 0.540952 0.904693
vt 0.529424 0.902005
vt 0.191690 0.869788
vt 0.180015 0.872763
vt 0.180015 0.814578
vt 0.191690 0.817331
vt 0.965483 0.070490
vt 0.971848 0.065311
vt 0.971848 0.122727
vt 0.965595 0.122660
vt 0.558864 0.851431
vt 0.558864 0.904693
vt 0.549468 0.902486
vt 0.547407 0.854408
vt 0.024974 0.819013
vt 0.036590 0.816025
vt 0.036590 0.874210
vt 0.024974 0.871470
vt 0.884289 0.417345
vt 0.884289 0.474762
vt 0.872883 0.471825
vt 0.872883 0.420060
vt 0.886507 0.852592
vt 0.898100 0.849641
vt 0.898100 0.902903
vt 0.886507 0.900185
vt 0.870321 0.649935
vt 0.870321 0.708120
vt 0.858586 0.705214
vt 0.858586 0.652757
vt 0.977885 0.409970
vt 0.968303 0.410891
vt 0.968432 0.398464
vt 0.977885 0.397556
vt 0.949634 0.003227
vt 0.949634 0.055884
vt 0.939908 0.053323
vt 0.939908 0.005647
vt 0.679026 0.948811
vt 0.679026 0.896155
vt 0.688828 0.898884
vt 0.688828 0.946559
vt 0.428608 0.823379
vt 0.428608 0.880648
vt 0.418872 0.878356
vt 0.417079 0.826293
vt 0.005022 0.818298
vt 0.014897 0.816025
vt 0.014897 0.874157
vt 0.003227 0.871162
vt 0.351552 0.821531
vt 0.351010 0.813690
vt 0.355906 0.813015
vt 0.355906 0.821733
vt 0.628791 0.898917
vt 0.638622 0.896155
vt 0.638622 0.948811
vt 0.628791 0.946592
vt 0.757357 0.855610
vt 0.768688 0.852625
vt 0.768688 0.905772
vt 0.758285 0.903319
vt 0.794530 0.330054
vt 0.794260 0.316741
vt 0.804669 0.318849
vt 0.804669 0.332108
vt 0.914309 0.849641
vt 0.914309 0.906918
vt 0.909198 0.905589
vt 0.904555 0.851858
vt 0.357093 0.893600
vt 0.366463 0.890972
vt 0.366463 0.943715
vt 0.356483 0.941556
vt 0.933209 0.624490
vt 0.923218 0.627118
vt 0.923218 0.573082
vt 0.933209 0.575565
vt 0.277487 0.919501
vt 0.267419 0.922297
vt 0.267419 0.868260
vt 0.277487 0.870576
vt 0.911978 0.341829
vt 0.911978 0.396332
vt 0.901659 0.393330
vt 0.901385 0.344127
vt 0.483569 0.862796
vt 0.483569 0.916941
vt 0.473943 0.914287
vt 0.473332 0.865051
vt 0.747550 0.898898
vt 0.747550 0.951153
vt 0.738003 0.948577
vt 0.739126 0.900556
vt 0.938001 0.838552
vt 0.938001 0.785896
vt 0.947949 0.788738
vt 0.947949 0.836413
vt 0.690876 0.817098
vt 0.702565 0.814014
vt 0.702565 0.872153
vt 0.692674 0.869955
vt 0.974763 0.631835
vt 0.974763 0.639942
vt 0.970415 0.640248
vt 0.970415 0.631529
vt 0.207388 0.900709
vt 0.216824 0.898042
vt 0.216824 0.950505
vt 0.207252 0.948697
vt 0.695348 0.967337
vt 0.695348 0.975445
vt 0.691000 0.975750
vt 0.691000 0.967032
vt 0.883422 0.401748
vt 0.887776 0.401546
vt 0.887776 0.410264
vt 0.882880 0.409589
vt 0.967374 0.967216
vt 0.971722 0.966911
vt 0.971722 0.975629
vt 0.967374 0.975324
vt 0.701802 0.975445
vt 0.701802 0.967337
vt 0.706150 0.967032
vt 0.706150 0.975750
vt 0.955184 0.629071
vt 0.959531 0.628765
vt 0.959531 0.637483
vt 0.955184 0.637178
vt 0.971222 0.776765
vt 0.966874 0.777070
vt 0.966874 0.768352
vt 0.971222 0.768657
vt 0.965586 0.207340
vt 0.961238 0.207646
vt 0.961238 0.198928
vt 0.965586 0.199233
vt 0.503590 0.760751
vt 0.518026 0.755743
vt 0.518026 0.809519
vt 0.506130 0.813066
vt 0.852471 0.325535
vt 0.857999 0.324054
vt 0.857999 0.332161
vt 0.852471 0.330680
vt 0.835424 0.561861
vt 0.841671 0.560981
vt 0.841671 0.566704
vt 0.833840 0.564605
vt 0.203252 0.869457
vt 0.208780 0.867975
vt 0.208780 0.876083
vt 0.203252 0.874602
vt 0.961848 0.417345
vt 0.961848 0.475530
vt 0.955330 0.470315
vt 0.955442 0.417453
vt 0.840488 0.330680
vt 0.840488 0.325535
vt 0.846016 0.324054
vt 0.846016 0.332161
vt 0.834034 0.330680
vt 0.828506 0.332161
vt 0.828506 0.324054
vt 0.834034 0.325535
vt 0.126267 0.336844
vt 0.136207 0.336844
vt 0.136207 0.354060
vt 0.121297 0.345452
vt 0.359843 0.562542
vt 0.359802 0.560086
vt 0.364988 0.560273
vt 0.364988 0.562542
vt 0.385549 0.860493
vt 0.385549 0.914662
vt 0.375133 0.911660
vt 0.375757 0.862448
vt 0.832153 0.856853
vt 0.830821 0.851883
vt 0.832153 0.846913
vt 0.409444 0.936231
vt 0.408112 0.931261
vt 0.409444 0.926291
vt 0.760995 0.983924
vt 0.757357 0.980286
vt 0.760995 0.966708
vt 0.783681 0.196158
vt 0.781108 0.191702
vt 0.783681 0.182101
vt 0.528542 0.921421
vt 0.527211 0.916451
vt 0.528542 0.911481
vt 0.621614 0.932993
vt 0.620282 0.928024
vt 0.621614 0.923054
vt 0.832153 0.873248
vt 0.830821 0.868278
vt 0.832153 0.863308
vt 0.942512 0.566539
vt 0.937543 0.557931
vt 0.942512 0.549323
vt 0.901385 0.408217
vt 0.902290 0.403152
vt 0.906566 0.402787
vt 0.906566 0.410647
vt 0.210161 0.960565
vt 0.210161 0.966874
vt 0.207129 0.965301
vt 0.953944 0.649935
vt 0.953944 0.702058
vt 0.944443 0.699662
vt 0.944443 0.652047
vt 0.910520 0.067066
vt 0.910520 0.072211
vt 0.908251 0.072211
vt 0.908251 0.067066
vt 0.645597 0.296367
vt 0.645597 0.298636
vt 0.640452 0.298636
vt 0.617252 0.298636
vt 0.617252 0.296367
vt 0.622397 0.296367
vt 0.622397 0.298636
vt 0.927157 0.405710
vt 0.929426 0.405710
vt 0.929426 0.410855
vt 0.927157 0.410855
vt 0.938150 0.410855
vt 0.935881 0.410855
vt 0.935881 0.405710
vt 0.938150 0.405710
vt 0.960419 0.714574
vt 0.960419 0.771529
vt 0.952622 0.716212
vt 0.569271 0.435442
vt 0.576879 0.430924
vt 0.576879 0.439217
vt 0.788952 0.003227
vt 0.788952 0.097831
vt 0.776277 0.050529
vt 0.690876 0.660776
vt 0.712212 0.573911
vt 0.712212 0.699014
vt 0.789639 0.215682
vt 0.789639 0.310286
vt 0.776964 0.262984
vt 0.808446 0.215682
vt 0.808446 0.309918
vt 0.796094 0.263069
vt 0.216616 0.965876
vt 0.260404 0.960565
vt 0.260404 0.965876
vt 0.994886 0.065311
vt 0.994886 0.111668
vt 0.990068 0.107049
vt 0.983208 0.616570
vt 0.988519 0.573082
vt 0.988519 0.621532
vt 0.802848 0.113052
vt 0.802848 0.207655
vt 0.790173 0.160353
vt 0.599426 0.396608
vt 0.623197 0.305419
vt 0.623197 0.439209
vt 0.286752 0.423491
vt 0.293916 0.313167
vt 0.293916 0.446955
vt 0.805852 0.714574
vt 0.805852 0.807111
vt 0.793728 0.762020
vt 0.769633 0.325663
vt 0.749215 0.315430
vt 0.769633 0.302730
vt 0.442361 0.950255
vt 0.442361 0.981214
vt 0.432696 0.973859
vt 0.384711 0.185643
vt 0.379233 0.180929
vt 0.384711 0.141056
vt 0.442611 0.759474
vt 0.438265 0.743509
vt 0.442611 0.628723
vt 0.793728 0.577560
vt 0.800813 0.573911
vt 0.800813 0.708120
vt 0.817984 0.823874
vt 0.812306 0.823473
vt 0.817984 0.714574
vt 0.142392 0.936375
vt 0.148671 0.868273
vt 0.148671 0.936439
vt 0.037310 0.943807
vt 0.037310 0.975035
vt 0.024974 0.969198
vt 0.622130 0.883762
vt 0.620282 0.876804
vt 0.622130 0.873211
vt 0.149838 0.834556
vt 0.146505 0.813355
vt 0.149838 0.807782
vt 0.577286 0.101138
vt 0.531062 0.080449
vt 0.577286 0.080073
vt 0.718667 0.692516
vt 0.725526 0.690238
vt 0.725526 0.697545
vt 0.017290 0.943793
vt 0.017290 0.972376
vt 0.003227 0.970621
vt 0.746476 0.982132
vt 0.738003 0.961803
vt 0.746476 0.957607
vt 0.247226 0.891587
vt 0.178576 0.885019
vt 0.247226 0.883780
vt 0.409923 0.888011
vt 0.408022 0.881797
vt 0.409923 0.877660
vt 0.710970 0.848211
vt 0.709020 0.840552
vt 0.710970 0.837015
vt 0.929775 0.962312
vt 0.920764 0.915851
vt 0.929775 0.913494
vt 0.622260 0.916599
vt 0.620282 0.912470
vt 0.622260 0.906815
vt 0.587246 0.635429
vt 0.592927 0.632285
vt 0.592927 0.638276
vt 0.223001 0.875199
vt 0.231018 0.807484
vt 0.231018 0.875928
vt 0.974121 0.473013
vt 0.968303 0.426050
vt 0.974121 0.417345
vt 0.691472 0.795535
vt 0.690876 0.772704
vt 0.712295 0.764412
vt 0.712295 0.807559
vt 0.832307 0.947271
vt 0.827857 0.895355
vt 0.832307 0.890157
vt 0.287343 0.620842
vt 0.280857 0.617029
vt 0.287343 0.612933
vt 0.996773 0.389412
vt 0.992470 0.347369
vt 0.996773 0.341829
vt 0.344556 0.813015
vt 0.344556 0.881380
vt 0.335237 0.880690
vt 0.621978 0.769744
vt 0.585957 0.737942
vt 0.621978 0.695790
vt 0.975642 0.960456
vt 0.967374 0.936038
vt 0.975642 0.912732
vt 0.173561 0.746558
vt 0.173561 0.814924
vt 0.156574 0.747181
vt 0.443438 0.879526
vt 0.435338 0.824643
vt 0.443438 0.817176
vt 0.983775 0.790888
vt 0.989086 0.785896
vt 0.989086 0.834034
vt 0.822846 0.386204
vt 0.828508 0.341829
vt 0.828508 0.448298
vt 0.798254 0.550344
vt 0.811616 0.486212
vt 0.811616 0.553550
vt 0.890170 0.066808
vt 0.896583 0.062944
vt 0.896583 0.069560
vt 0.964505 0.003227
vt 0.964505 0.053157
vt 0.956089 0.050255
vt 0.996269 0.466986
vt 0.992341 0.422279
vt 0.996269 0.417345
vt 0.081914 0.970802
vt 0.091071 0.927393
vt 0.091071 0.973138
vt 0.108604 0.878956
vt 0.099206 0.823598
vt 0.108604 0.810641
vt 0.975263 0.761897
vt 0.966874 0.757170
vt 0.975263 0.714574
vt 0.561659 0.844977
vt 0.493486 0.843605
vt 0.493476 0.839888
vt 0.561659 0.835668
vt 0.583741 0.083802
vt 0.629246 0.080073
vt 0.629246 0.098046
vt 0.290826 0.978399
vt 0.283942 0.941676
vt 0.290826 0.932144
vt 0.607275 0.986605
vt 0.602113 0.981459
vt 0.607275 0.963379
vt 0.856153 0.292244
vt 0.856153 0.317599
vt 0.828506 0.313241
vt 0.114842 0.477088
vt 0.114842 0.610878
vt 0.090357 0.568468
vt 0.818950 0.663358
vt 0.807268 0.615802
vt 0.818950 0.573911
vt 0.090357 0.379254
vt 0.114842 0.336844
vt 0.114842 0.470634
vt 0.587026 0.155653
vt 0.610797 0.113052
vt 0.610797 0.246841
vt 0.980704 0.346826
vt 0.986015 0.341829
vt 0.986015 0.390614
vt 0.831034 0.159827
vt 0.835674 0.154793
vt 0.835674 0.205952
vt 0.442611 0.765929
vt 0.442611 0.809417
vt 0.437300 0.809417
vt 0.262858 0.515098
vt 0.287343 0.472689
vt 0.287343 0.606478
vt 0.807759 0.097463
vt 0.795406 0.050077
vt 0.807759 0.003227
vt 0.770518 0.784841
vt 0.757844 0.737540
vt 0.770518 0.690238
vt 0.599428 0.548641
vt 0.622336 0.507586
vt 0.622336 0.638297
vt 0.046720 0.891633
vt 0.055875 0.889919
vt 0.055875 0.946350
vt 0.491249 0.922793
vt 0.505072 0.911077
vt 0.505072 0.950795
vt 0.645077 0.899157
vt 0.655107 0.896155
vt 0.655107 0.948068
vt 0.528806 0.935917
vt 0.527211 0.932786
vt 0.528806 0.927876
vt 0.149231 0.096578
vt 0.188508 0.056407
vt 0.188508 0.239167
vt 0.936388 0.916616
vt 0.945661 0.912732
vt 0.945661 0.960859
vt 0.159726 0.961550
vt 0.159726 0.987489
vt 0.154528 0.986402
vt 0.827385 0.561025
vt 0.818071 0.554526
vt 0.818089 0.486212
vt 0.827385 0.486787
vt 0.558864 0.936503
vt 0.536646 0.927309
vt 0.558864 0.911148
vt 0.410624 0.778687
vt 0.375133 0.770887
vt 0.410624 0.747798
vt 0.929676 0.073301
vt 0.924182 0.070259
vt 0.929676 0.066458
vt 0.293916 0.465168
vt 0.285182 0.454559
vt 0.293916 0.453410
vt 0.832307 0.953726
vt 0.832307 0.984016
vt 0.828496 0.981871
vt 0.469029 0.069708
vt 0.475869 0.065463
vt 0.475869 0.073439
vt 0.703408 0.885165
vt 0.709767 0.881791
vt 0.709767 0.888806
vt 0.409833 0.871205
vt 0.408022 0.867594
vt 0.409833 0.860493
vt 0.696953 0.881791
vt 0.696953 0.889700
vt 0.628791 0.883979
vt 0.199677 0.235847
vt 0.194963 0.201086
vt 0.199677 0.195034
vt 0.536646 0.943292
vt 0.557707 0.942958
vt 0.557707 0.963488
vt 0.904213 0.333164
vt 0.895068 0.330766
vt 0.904213 0.283594
vt 0.899118 0.145269
vt 0.907535 0.144128
vt 0.907535 0.208063
vt 0.148073 0.988324
vt 0.141890 0.986858
vt 0.148073 0.961550
vt 0.071195 0.566030
vt 0.059434 0.563625
vt 0.071195 0.558670
vt 0.673742 0.955266
vt 0.673742 0.962431
vt 0.628791 0.960041
vt 0.731981 0.693500
vt 0.738150 0.690238
vt 0.738150 0.698141
vt 0.434311 0.494397
vt 0.442243 0.493641
vt 0.442243 0.562611
vt 0.590418 0.439217
vt 0.583334 0.435938
vt 0.590418 0.431512
vt 0.356483 0.980431
vt 0.365835 0.950170
vt 0.365835 0.982236
vt 0.807268 0.695116
vt 0.831932 0.669813
vt 0.831932 0.696906
vt 0.414473 0.953265
vt 0.426241 0.950258
vt 0.426241 0.974791
vt 0.879952 0.977572
vt 0.872788 0.952066
vt 0.879952 0.928602
vt 0.948299 0.642786
vt 0.944242 0.639593
vt 0.948299 0.636493
vt 0.239209 0.342932
vt 0.206649 0.305191
vt 0.239209 0.195034
vt 0.965483 0.134028
vt 0.970616 0.129182
vt 0.970616 0.136241
vt 0.368677 0.501346
vt 0.368311 0.500939
vt 0.368677 0.493641
vt 0.119419 0.895826
vt 0.119419 0.940395
vt 0.115059 0.898629
vt 0.274402 0.612933
vt 0.274402 0.621438
vt 0.268463 0.617254
vt 0.115059 0.813128
vt 0.119607 0.810641
vt 0.119607 0.889372
vt 0.462208 0.975022
vt 0.449893 0.959578
vt 0.462208 0.944133
vt 0.981718 0.744249
vt 0.987020 0.714574
vt 0.987020 0.763277
vt 0.746543 0.544510
vt 0.777242 0.537789
vt 0.777242 0.560722
vt 0.824439 0.820564
vt 0.830484 0.802761
vt 0.830484 0.823066
vt 0.950345 0.202706
vt 0.950345 0.209204
vt 0.945348 0.205358
vt 0.328666 0.972852
vt 0.319307 0.972076
vt 0.319300 0.930139
vt 0.328666 0.928527
vt 0.300371 0.312586
vt 0.368658 0.305419
vt 0.368658 0.363887
vt 0.300372 0.362775
vt 0.205663 0.752136
vt 0.231346 0.744573
vt 0.231346 0.801030
vt 0.203252 0.799620
vt 0.858086 0.071522
vt 0.858015 0.003227
vt 0.867400 0.003788
vt 0.867400 0.072102
vt 0.816391 0.474073
vt 0.811011 0.475619
vt 0.811011 0.341829
vt 0.816391 0.343362
vt 0.939664 0.623961
vt 0.941290 0.573615
vt 0.948729 0.573082
vt 0.948729 0.628513
vt 0.772474 0.425141
vt 0.772474 0.434483
vt 0.704283 0.430369
vt 0.704289 0.426454
vt 0.678742 0.564541
vt 0.628791 0.567457
vt 0.635973 0.522279
vt 0.678742 0.507586
vt 0.905010 0.789264
vt 0.914748 0.785896
vt 0.914748 0.841564
vt 0.905511 0.843187
vt 0.151643 0.273608
vt 0.195066 0.245622
vt 0.195066 0.354668
vt 0.149231 0.352301
vt 0.100644 0.214735
vt 0.100644 0.080527
vt 0.142108 0.056407
vt 0.142108 0.239167
vt 0.245664 0.162859
vt 0.245664 0.026060
vt 0.284916 0.003227
vt 0.284916 0.185987
vt 0.917710 0.488017
vt 0.926877 0.486212
vt 0.926877 0.537923
vt 0.918792 0.543673
vt 0.990518 0.215682
vt 0.990518 0.263780
vt 0.985212 0.259501
vt 0.985212 0.219537
vt 0.790791 0.564995
vt 0.785483 0.565154
vt 0.785326 0.537165
vt 0.790791 0.533568
vt 0.328733 0.790145
vt 0.328733 0.858902
vt 0.320513 0.857878
vt 0.319986 0.789198
vt 0.915183 0.715789
vt 0.915183 0.771255
vt 0.906036 0.769499
vt 0.905336 0.714574
vt 0.787274 0.573911
vt 0.787274 0.756671
vt 0.780109 0.756671
vt 0.780109 0.573911
vt 0.985357 0.535182
vt 0.980046 0.535182
vt 0.980046 0.486212
vt 0.985357 0.486212
vt 0.960919 0.912732
vt 0.960919 0.962519
vt 0.952124 0.961146
vt 0.952116 0.913350
vt 0.449893 0.371428
vt 0.518199 0.370342
vt 0.518199 0.425528
vt 0.449893 0.424443
vt 0.973446 0.215683
vt 0.978757 0.215682
vt 0.978757 0.266226
vt 0.973446 0.266226
vt 0.561668 0.829213
vt 0.493476 0.825118
vt 0.494406 0.823113
vt 0.561668 0.819899
vt 0.814214 0.003227
vt 0.819525 0.003227
vt 0.819525 0.137015
vt 0.814214 0.137015
vt 0.989890 0.003227
vt 0.989890 0.051354
vt 0.984579 0.048786
vt 0.984579 0.003227
vt 0.977320 0.785896
vt 0.977320 0.834866
vt 0.970156 0.834866
vt 0.970156 0.785896
vt 0.937787 0.637476
vt 0.937787 0.642786
vt 0.888817 0.642786
vt 0.888817 0.637476
vt 0.410592 0.254099
vt 0.410592 0.295897
vt 0.355607 0.293051
vt 0.355592 0.255529
vt 0.471924 0.293504
vt 0.417046 0.292210
vt 0.417062 0.256715
vt 0.471924 0.254099
vt 0.052725 0.080839
vt 0.094189 0.056407
vt 0.094189 0.239167
vt 0.052725 0.215047
vt 0.822051 0.326240
vt 0.814901 0.216147
vt 0.822051 0.215682
vt 0.326536 0.003227
vt 0.326536 0.184143
vt 0.291370 0.161150
vt 0.291935 0.023225
vt 0.526519 0.566744
vt 0.574769 0.566058
vt 0.574769 0.629114
vt 0.524635 0.629828
vt 0.786518 0.839416
vt 0.786518 0.900188
vt 0.777248 0.894100
vt 0.777773 0.838434
vt 0.874290 0.082051
vt 0.885212 0.079789
vt 0.885212 0.136534
vt 0.882031 0.137376
vt 0.942512 0.487815
vt 0.942512 0.542868
vt 0.933332 0.541138
vt 0.933842 0.486212
vt 0.269431 0.720270
vt 0.293916 0.628891
vt 0.293916 0.739217
vt 0.344384 0.889464
vt 0.344384 0.944519
vt 0.335237 0.942762
vt 0.335756 0.887835
vt 0.449893 0.511347
vt 0.518180 0.507586
vt 0.518180 0.560075
vt 0.449894 0.558266
vt 0.571737 0.285586
vt 0.610797 0.253296
vt 0.610797 0.295289
vt 0.375374 0.631380
vt 0.431810 0.628723
vt 0.431810 0.681840
vt 0.375133 0.679062
vt 0.491249 0.957249
vt 0.496560 0.957249
vt 0.496560 0.991966
vt 0.491249 0.991966
vt 0.709749 0.830560
vt 0.709020 0.826756
vt 0.709749 0.814014
vt 0.012507 0.880898
vt 0.012507 0.937338
vt 0.003227 0.935533
vt 0.007414 0.880612
vt 0.621892 0.947418
vt 0.620282 0.942572
vt 0.621892 0.939448
vt 0.368311 0.508206
vt 0.368679 0.507801
vt 0.368679 0.515461
vt 0.368535 0.709463
vt 0.368535 0.823731
vt 0.362836 0.714582
vt 0.108374 0.940470
vt 0.099740 0.942139
vt 0.099206 0.887213
vt 0.108374 0.885410
vt 0.065124 0.730487
vt 0.065124 0.687284
vt 0.120113 0.684560
vt 0.120113 0.737742
vt 0.579503 0.748805
vt 0.524635 0.746204
vt 0.524635 0.698402
vt 0.579503 0.695790
vt 0.136798 0.485178
vt 0.179889 0.484429
vt 0.179889 0.552744
vt 0.126761 0.553641
vt 0.674096 0.820879
vt 0.672281 0.752513
vt 0.683480 0.753120
vt 0.683480 0.821434
vt 0.129047 0.690112
vt 0.182859 0.688086
vt 0.182859 0.740103
vt 0.126761 0.737279
vt 0.687699 0.448312
vt 0.687699 0.496087
vt 0.632093 0.498726
vt 0.632093 0.445672
vt 0.851320 0.642875
vt 0.848039 0.643385
vt 0.841885 0.575339
vt 0.851320 0.573911
vt 0.300372 0.739169
vt 0.300371 0.691365
vt 0.355238 0.688745
vt 0.355238 0.741792
vt 0.914309 0.963159
vt 0.905529 0.962542
vt 0.905537 0.914746
vt 0.914309 0.913373
vt 0.206668 0.350451
vt 0.274965 0.349387
vt 0.274965 0.404585
vt 0.206649 0.403512
vt 0.678696 0.176948
vt 0.734303 0.174336
vt 0.734303 0.227366
vt 0.678696 0.224755
vt 0.882362 0.641840
vt 0.873615 0.642786
vt 0.874142 0.574107
vt 0.882362 0.573082
vt 0.617252 0.287122
vt 0.617252 0.238935
vt 0.673619 0.236237
vt 0.673619 0.289912
vt 0.206650 0.465153
vt 0.206649 0.412106
vt 0.274955 0.411039
vt 0.274955 0.466234
vt 0.195066 0.361123
vt 0.195066 0.416325
vt 0.126761 0.415247
vt 0.126761 0.362194
vt 0.930789 0.720006
vt 0.930789 0.771909
vt 0.921637 0.770273
vt 0.922023 0.714574
vt 0.375133 0.424452
vt 0.375133 0.371420
vt 0.443438 0.370342
vt 0.443438 0.425539
vt 0.462574 0.182309
vt 0.394268 0.181241
vt 0.394268 0.128192
vt 0.462574 0.127114
vt 0.769822 0.055244
vt 0.714885 0.053076
vt 0.714836 0.006055
vt 0.769822 0.003227
vt 0.368677 0.487186
vt 0.300371 0.486108
vt 0.300372 0.433075
vt 0.368677 0.431994
vt 0.394268 0.066549
vt 0.462574 0.065463
vt 0.462574 0.120660
vt 0.394268 0.119581
vt 0.968665 0.327795
vt 0.959888 0.328027
vt 0.959890 0.280239
vt 0.968665 0.279609
vt 0.682250 0.960576
vt 0.680197 0.955267
vt 0.728146 0.955266
vt 0.728146 0.960577
vt 0.628792 0.636148
vt 0.684396 0.633502
vt 0.684396 0.686571
vt 0.628791 0.683930
vt 0.498658 0.192442
vt 0.498658 0.247633
vt 0.430352 0.246562
vt 0.430352 0.193493
vt 0.003229 0.742293
vt 0.003227 0.694496
vt 0.058095 0.691896
vt 0.058095 0.744931
vt 0.188508 0.049952
vt 0.003227 0.048908
vt 0.005585 0.003897
vt 0.188508 0.003227
vt 0.628791 0.576691
vt 0.684421 0.573911
vt 0.684421 0.627047
vt 0.628812 0.624498
vt 0.518179 0.306505
vt 0.518179 0.359520
vt 0.449873 0.360606
vt 0.449873 0.305419
vt 0.407732 0.004324
vt 0.476037 0.003227
vt 0.476037 0.058422
vt 0.407732 0.057356
vt 0.003227 0.438080
vt 0.071533 0.439131
vt 0.071533 0.492200
vt 0.003228 0.493272
vt 0.880052 0.858240
vt 0.870727 0.857678
vt 0.870673 0.794860
vt 0.880052 0.789925
vt 0.126761 0.746925
vt 0.150119 0.746558
vt 0.150119 0.801327
vt 0.773654 0.573911
vt 0.773654 0.625620
vt 0.718667 0.622915
vt 0.718690 0.576425
vt 0.423897 0.247644
vt 0.355592 0.246573
vt 0.355592 0.193538
vt 0.423897 0.192442
vt 0.870095 0.215682
vt 0.870095 0.283997
vt 0.860632 0.238308
vt 0.996411 0.532871
vt 0.991812 0.532207
vt 0.996411 0.486212
vt 0.058217 0.685441
vt 0.003228 0.682743
vt 0.003227 0.634556
vt 0.058217 0.631766
vt 0.401567 0.915981
vt 0.392003 0.917279
vt 0.392405 0.862352
vt 0.401567 0.860493
vt 0.708382 0.003227
vt 0.708382 0.056259
vt 0.652775 0.053640
vt 0.652774 0.005836
vt 0.746655 0.418657
vt 0.691788 0.416039
vt 0.691788 0.368252
vt 0.746655 0.365625
vt 0.913067 0.651598
vt 0.922319 0.649935
vt 0.922319 0.701511
vt 0.913475 0.707265
vt 0.770518 0.632075
vt 0.770518 0.683783
vt 0.718667 0.681470
vt 0.718838 0.633849
vt 0.449895 0.738611
vt 0.449893 0.690829
vt 0.504759 0.688188
vt 0.504759 0.741257
vt 0.099040 0.948612
vt 0.108374 0.948594
vt 0.108374 0.981839
vt 0.098998 0.983227
vt 0.258241 0.623781
vt 0.258241 0.678610
vt 0.203252 0.675740
vt 0.203252 0.626512
vt 0.876426 0.341829
vt 0.876426 0.410144
vt 0.866984 0.347846
vt 0.466877 0.810721
vt 0.449893 0.810025
vt 0.466877 0.747712
vt 0.003227 0.305510
vt 0.003227 0.249249
vt 0.071514 0.248146
vt 0.071514 0.306613
vt 0.940171 0.472326
vt 0.940210 0.417345
vt 0.948875 0.418875
vt 0.948875 0.473901
vt 0.904249 0.220703
vt 0.904249 0.277139
vt 0.895068 0.275377
vt 0.896856 0.215682
vt 0.988237 0.189201
vt 0.988241 0.144128
vt 0.993548 0.146922
vt 0.993548 0.190417
vt 0.126761 0.423866
vt 0.195066 0.422780
vt 0.195066 0.477974
vt 0.126761 0.476897
vt 0.854773 0.975101
vt 0.854756 0.940629
vt 0.864218 0.941175
vt 0.864218 0.975526
vt 0.749143 0.498403
vt 0.694154 0.495794
vt 0.694153 0.453095
vt 0.749143 0.445672
vt 0.929933 0.850606
vt 0.929933 0.907039
vt 0.920764 0.905307
vt 0.921186 0.849641
vt 0.750059 0.764412
vt 0.750059 0.832727
vt 0.739662 0.812111
vt 0.748601 0.530675
vt 0.746543 0.521608
vt 0.748601 0.507586
vt 0.569271 0.498249
vt 0.569271 0.448463
vt 0.625638 0.445672
vt 0.625638 0.501118
vt 0.146505 0.849653
vt 0.149934 0.841011
vt 0.149934 0.852368
vt 0.362836 0.703008
vt 0.362836 0.569220
vt 0.368678 0.573583
vt 0.368678 0.698684
vt 0.745865 0.757958
vt 0.690876 0.755367
vt 0.690876 0.708254
vt 0.745865 0.705469
vt 0.375134 0.738714
vt 0.375133 0.690907
vt 0.430000 0.688295
vt 0.430000 0.741343
vt 0.300714 0.263682
vt 0.300371 0.192442
vt 0.349137 0.192496
vt 0.349137 0.298964
vt 0.672241 0.229782
vt 0.617252 0.226991
vt 0.617252 0.177205
vt 0.672241 0.174336
vt 0.269828 0.797914
vt 0.267419 0.746906
vt 0.293916 0.745671
vt 0.293916 0.801314
vt 0.622144 0.866756
vt 0.620282 0.863970
vt 0.622144 0.855889
vt 0.003227 0.431626
vt 0.003227 0.376428
vt 0.071533 0.377500
vt 0.071533 0.430554
vt 0.510360 0.500293
vt 0.510092 0.431994
vt 0.562816 0.432824
vt 0.562816 0.501118
vt 0.071514 0.368922
vt 0.003227 0.369974
vt 0.008105 0.313068
vt 0.071514 0.314093
vt 0.494886 0.795850
vt 0.473332 0.787200
vt 0.474063 0.759736
vt 0.494886 0.747712
vt 0.710993 0.865353
vt 0.709020 0.862203
vt 0.710993 0.854665
vt 0.300371 0.958131
vt 0.300760 0.910326
vt 0.310681 0.910280
vt 0.310681 0.957902
vt 0.356167 0.628891
vt 0.356167 0.682290
vt 0.300697 0.679183
vt 0.300371 0.631400
vt 0.974249 0.341829
vt 0.974249 0.389640
vt 0.965470 0.385629
vt 0.965473 0.342930
vt 0.427857 0.561936
vt 0.375133 0.562766
vt 0.375400 0.494466
vt 0.427857 0.493641
vt 0.179730 0.622446
vt 0.126761 0.620248
vt 0.132547 0.560808
vt 0.179730 0.560096
vt 0.506260 0.681733
vt 0.449893 0.678948
vt 0.454739 0.631613
vt 0.506260 0.629245
vt 0.735012 0.289637
vt 0.680164 0.287143
vt 0.680074 0.239339
vt 0.735012 0.236237
vt 0.443438 0.486108
vt 0.375133 0.487186
vt 0.375133 0.431994
vt 0.443438 0.433060
vt 0.443418 0.305419
vt 0.443418 0.360616
vt 0.375112 0.359545
vt 0.375112 0.306491
vt 0.839247 0.782884
vt 0.838934 0.714574
vt 0.848569 0.715156
vt 0.848569 0.783470
vt 0.934736 0.081493
vt 0.934736 0.136551
vt 0.925465 0.134710
vt 0.926023 0.079789
vt 0.570119 0.755815
vt 0.579503 0.755260
vt 0.579503 0.823574
vt 0.568303 0.824181
vt 0.622230 0.900360
vt 0.620282 0.897671
vt 0.622230 0.890216
vt 0.070593 0.677526
vt 0.065124 0.621084
vt 0.114842 0.617333
vt 0.114842 0.678105
vt 0.943223 0.396889
vt 0.934587 0.398558
vt 0.934061 0.343631
vt 0.943223 0.341829
vt 0.857846 0.574492
vt 0.867160 0.573911
vt 0.867160 0.642225
vt 0.857775 0.642786
vt 0.142108 0.245622
vt 0.142108 0.330389
vt 0.113705 0.330339
vt 0.090357 0.259869
vt 0.842448 0.148084
vt 0.842359 0.079789
vt 0.851883 0.080371
vt 0.851883 0.148685
vt 0.592972 0.305419
vt 0.592972 0.357436
vt 0.524633 0.349847
vt 0.524681 0.308689
vt 0.697828 0.425141
vt 0.697828 0.434595
vt 0.629652 0.430250
vt 0.629664 0.425586
vt 0.673619 0.167881
vt 0.617252 0.165150
vt 0.621595 0.115700
vt 0.673619 0.113052
vt 0.963960 0.573082
vt 0.963960 0.622310
vt 0.955188 0.620938
vt 0.955184 0.573156
vt 0.280013 0.339732
vt 0.245664 0.340111
vt 0.265139 0.313167
vt 0.280013 0.313208
vt 0.506261 0.622790
vt 0.449893 0.619920
vt 0.449893 0.569399
vt 0.506261 0.566530
vt 0.839023 0.790513
vt 0.848354 0.789925
vt 0.848354 0.858239
vt 0.838934 0.858807
vt 0.434837 0.569220
vt 0.434837 0.622268
vt 0.379230 0.619648
vt 0.375133 0.570647
vt 0.876113 0.064450
vt 0.873855 0.004772
vt 0.883715 0.003227
vt 0.883715 0.066284
vt 0.733208 0.764765
vt 0.733208 0.819783
vt 0.720212 0.819451
vt 0.718750 0.764412
vt 0.258510 0.738119
vt 0.203252 0.735597
vt 0.203499 0.687859
vt 0.258510 0.685065
vt 0.834435 0.549397
vt 0.833840 0.486631
vt 0.843812 0.486212
vt 0.843812 0.554526
vt 0.071514 0.499727
vt 0.071514 0.552215
vt 0.003227 0.548454
vt 0.003228 0.501536
vt 0.798254 0.477558
vt 0.798291 0.343768
vt 0.804556 0.341829
vt 0.804556 0.479757
vt 0.981423 0.896330
vt 0.981425 0.849641
vt 0.986735 0.849642
vt 0.986735 0.898407
vt 0.459137 0.882629
vt 0.459137 0.937678
vt 0.449893 0.935974
vt 0.450414 0.881048
vt 0.824439 0.728415
vt 0.832479 0.714574
vt 0.832479 0.796306
vt 0.522421 0.181396
vt 0.469029 0.182309
vt 0.471923 0.113688
vt 0.522421 0.113052
vt 0.368678 0.370342
vt 0.368678 0.425539
vt 0.300371 0.424495
vt 0.300371 0.371378
vt 0.165743 0.939803
vt 0.157106 0.941476
vt 0.156574 0.886548
vt 0.165743 0.884743
vt 0.691096 0.354092
vt 0.691975 0.305209
vt 0.742760 0.302730
vt 0.742760 0.359170
vt 0.391201 0.853437
vt 0.391112 0.785142
vt 0.400636 0.785724
vt 0.400636 0.854038
vt 0.875600 0.554526
vt 0.866300 0.554031
vt 0.866141 0.489835
vt 0.875600 0.486212
vt 0.293916 0.192442
vt 0.293916 0.306712
vt 0.245664 0.271198
vt 0.246031 0.194907
vt 0.970437 0.544342
vt 0.979873 0.543731
vt 0.979873 0.565954
vt 0.970415 0.566627
vt 0.879952 0.865696
vt 0.879952 0.922147
vt 0.870673 0.920332
vt 0.871110 0.864695
vt 0.550512 0.003917
vt 0.593177 0.003227
vt 0.593177 0.071523
vt 0.542339 0.072344
vt 0.778871 0.418657
vt 0.753110 0.355111
vt 0.778871 0.341829
vt 0.741467 0.218510
vt 0.770510 0.215682
vt 0.770510 0.289637
vt 0.580571 0.180455
vt 0.528876 0.181629
vt 0.540016 0.113052
vt 0.580571 0.117637
vt 0.933716 0.419057
vt 0.933716 0.474121
vt 0.924445 0.472272
vt 0.925004 0.417345
vt 0.620122 0.842187
vt 0.622144 0.838836
vt 0.622144 0.849434
vt 0.825980 0.143384
vt 0.832561 0.079789
vt 0.835904 0.080022
vt 0.835904 0.148336
vt 0.835083 0.342521
vt 0.844664 0.341829
vt 0.844664 0.410173
vt 0.834963 0.410891
vt 0.178624 0.931991
vt 0.188056 0.931361
vt 0.188056 0.971079
vt 0.178576 0.971765
vt 0.575389 0.985575
vt 0.567964 0.984872
vt 0.575389 0.959795
vt 0.247226 0.877325
vt 0.237801 0.809664
vt 0.247226 0.808958
vt 0.338674 0.059008
vt 0.332991 0.003227
vt 0.401277 0.004299
vt 0.401277 0.054439
vt 0.937988 0.651523
vt 0.937988 0.706574
vt 0.928774 0.704862
vt 0.929287 0.649935
vt 0.535884 0.004140
vt 0.535884 0.072484
vt 0.485385 0.071848
vt 0.482492 0.003227
vt 0.187697 0.484714
vt 0.199988 0.484429
vt 0.199988 0.539322
vt 0.186343 0.539620
vt 0.046270 0.241691
vt 0.004502 0.217841
vt 0.003227 0.084057
vt 0.046270 0.056407
vt 0.933453 0.058292
vt 0.924741 0.060004
vt 0.924182 0.005077
vt 0.933453 0.003227
vt 0.515150 0.260906
vt 0.505113 0.192442
vt 0.558241 0.193339
vt 0.558241 0.261654
vt 0.870095 0.333924
vt 0.864825 0.333275
vt 0.870095 0.290452
vt 0.368527 0.529204
vt 0.368309 0.522148
vt 0.368527 0.521916
vt 0.375222 0.785743
vt 0.384657 0.785142
vt 0.384657 0.853456
vt 0.375133 0.854038
vt 0.928266 0.560981
vt 0.928266 0.566292
vt 0.866141 0.566292
vt 0.442926 0.613955
vt 0.441292 0.569416
vt 0.442926 0.569220
vt 0.854899 0.858219
vt 0.854809 0.789925
vt 0.864218 0.790492
vt 0.864218 0.858806
vt 0.945533 0.904663
vt 0.936884 0.906278
vt 0.936388 0.851319
vt 0.945533 0.849641
vt 0.766811 0.913031
vt 0.766811 0.960253
vt 0.758055 0.960006
vt 0.757357 0.912227
vt 0.267463 0.968544
vt 0.267419 0.928752
vt 0.276895 0.929474
vt 0.276895 0.969174
vt 0.917990 0.418377
vt 0.917990 0.474817
vt 0.908710 0.473012
vt 0.909148 0.417345
vt 0.919984 0.216714
vt 0.919984 0.273154
vt 0.910704 0.271349
vt 0.911142 0.215682
vt 0.938893 0.145801
vt 0.938893 0.200861
vt 0.929724 0.199055
vt 0.930252 0.144128
vt 0.328733 0.920416
vt 0.320109 0.922072
vt 0.319300 0.867173
vt 0.328733 0.865357
vt 0.826074 0.642208
vt 0.825404 0.573911
vt 0.835430 0.574451
vt 0.835430 0.642765
vt 0.961240 0.147327
vt 0.970017 0.144128
vt 0.970017 0.191931
vt 0.961238 0.192473
vt 0.727370 0.062714
vt 0.755598 0.063010
vt 0.755598 0.102415
vt 0.715903 0.103053
vt 0.392008 0.968613
vt 0.392003 0.923734
vt 0.400804 0.923808
vt 0.400804 0.971589
vt 0.791799 0.341829
vt 0.791799 0.527114
vt 0.785326 0.524883
vt 0.785327 0.343967
vt 0.058364 0.826966
vt 0.058364 0.883464
vt 0.046720 0.869774
vt 0.935711 0.270741
vt 0.926997 0.272444
vt 0.926439 0.217524
vt 0.935711 0.215682
vt 0.821402 0.946307
vt 0.812306 0.944166
vt 0.821402 0.890157
vt 0.410219 0.904095
vt 0.408022 0.900706
vt 0.410219 0.894466
vt 0.992490 0.327577
vt 0.987179 0.327577
vt 0.987179 0.282168
vt 0.992490 0.279609
vt 0.851210 0.342416
vt 0.860529 0.341829
vt 0.860529 0.410144
vt 0.851119 0.410710
vt 0.135937 0.869266
vt 0.135937 0.925702
vt 0.126761 0.923940
vt 0.127172 0.868273
vt 0.200551 0.978086
vt 0.195262 0.979413
vt 0.194511 0.935172
vt 0.200551 0.931361
vt 0.129354 0.632931
vt 0.183128 0.628901
vt 0.183128 0.681631
vt 0.126761 0.678844
vt 0.091071 0.919932
vt 0.082229 0.920939
vt 0.081793 0.865297
vt 0.091071 0.863476
vt 0.441840 0.942159
vt 0.433218 0.943800
vt 0.432696 0.888873
vt 0.441840 0.887103
vt 0.909730 0.081594
vt 0.919010 0.079789
vt 0.919010 0.131880
vt 0.910168 0.137260
vt 0.850356 0.554507
vt 0.850266 0.486212
vt 0.859686 0.486780
vt 0.859686 0.555095
vt 0.613122 0.956924
vt 0.602113 0.955129
vt 0.613122 0.911267
vt 0.048802 0.819923
vt 0.046720 0.751386
vt 0.058128 0.752197
vt 0.058128 0.820511
vt 0.119559 0.804187
vt 0.099206 0.752611
vt 0.119559 0.744196
vt 0.344690 0.183809
vt 0.332991 0.141056
vt 0.372778 0.141694
vt 0.372778 0.183492
vt 0.256403 0.478002
vt 0.256403 0.546676
vt 0.213973 0.542145
vt 0.206649 0.472689
vt 0.083902 0.436307
vt 0.083902 0.570522
vt 0.078150 0.571809
vt 0.078150 0.435004
vt 0.969175 0.697048
vt 0.960399 0.698306
vt 0.960399 0.650501
vt 0.969175 0.649935
vt 0.309148 0.977585
vt 0.300371 0.978236
vt 0.300374 0.965943
vt 0.309148 0.964586
vt 0.927606 0.342819
vt 0.927606 0.399255
vt 0.918433 0.397496
vt 0.918844 0.341829
vt 0.524608 0.080073
vt 0.524608 0.106597
vt 0.473543 0.106557
vt 0.469029 0.082652
vt 0.826397 0.072702
vt 0.825980 0.003227
vt 0.835673 0.004139
vt 0.835673 0.073334
vt 0.083902 0.606430
vt 0.061620 0.606775
vt 0.069182 0.578264
vt 0.083902 0.578300
vt 0.577495 0.831520
vt 0.577495 0.894632
vt 0.568303 0.892984
vt 0.568719 0.830636
vt 0.293123 0.924697
vt 0.284354 0.925689
vt 0.283942 0.870023
vt 0.293123 0.868260
vt 0.335713 0.066265
vt 0.387814 0.065463
vt 0.387814 0.133757
vt 0.332991 0.134601
vt 0.828923 0.216314
vt 0.838199 0.215682
vt 0.838199 0.284878
vt 0.828506 0.285789
vt 0.453461 0.500344
vt 0.449893 0.431994
vt 0.503638 0.432837
vt 0.503638 0.501132
vt 0.046720 0.987928
vt 0.046720 0.952805
vt 0.052030 0.952805
vt 0.052030 0.987928
vt 0.975630 0.649935
vt 0.980941 0.649935
vt 0.980941 0.698905
vt 0.975630 0.698905
vt 0.982097 0.914491
vt 0.987407 0.912732
vt 0.987407 0.961183
vt 0.982097 0.961183
vt 0.976753 0.625075
vt 0.970415 0.618901
vt 0.976753 0.573082
vt 0.368527 0.542947
vt 0.368309 0.542715
vt 0.368527 0.535659
vt 0.618320 0.986348
vt 0.613729 0.966568
vt 0.618320 0.963379
vt 0.741527 0.161754
vt 0.741291 0.113052
vt 0.783718 0.140522
vt 0.783718 0.175646
vt 0.976472 0.144128
vt 0.981782 0.144128
vt 0.981782 0.193099
vt 0.976472 0.193099
vt 0.838935 0.925433
vt 0.847716 0.924633
vt 0.847716 0.972458
vt 0.838934 0.971923
vt 0.864218 0.934174
vt 0.858037 0.929550
vt 0.864218 0.865261
vt 0.622144 0.832381
vt 0.618203 0.821042
vt 0.622144 0.776199
vt 0.409442 0.851496
vt 0.407091 0.844521
vt 0.409442 0.841442
vt 0.764520 0.080727
vt 0.769822 0.061698
vt 0.769822 0.106118
vt 0.774653 0.207491
vt 0.741291 0.196506
vt 0.774653 0.182101
vt 0.622336 0.687093
vt 0.592696 0.646152
vt 0.622336 0.644752
vt 0.493083 0.806431
vt 0.495257 0.802305
vt 0.495257 0.812747
vt 0.830821 0.831804
vt 0.832468 0.830329
vt 0.832468 0.840458
vt 0.672572 0.896559
vt 0.672572 0.944746
vt 0.663773 0.944115
vt 0.661562 0.896155
vt 0.985887 0.419116
vt 0.985887 0.466130
vt 0.980576 0.466130
vt 0.980576 0.417345
vt 0.778121 0.530440
vt 0.755597 0.451873
vt 0.778121 0.445672
vt 0.646320 0.003227
vt 0.646320 0.069271
vt 0.601886 0.065581
vt 0.599632 0.003497
vt 0.260404 0.954111
vt 0.255318 0.947966
vt 0.260404 0.898042
vt 0.300655 0.748272
vt 0.328782 0.748247
vt 0.328782 0.762968
vt 0.300371 0.782743
vt 0.636978 0.103598
vt 0.636986 0.075764
vt 0.646320 0.075726
vt 0.646320 0.105224
vt 0.886507 0.966747
vt 0.890807 0.964985
vt 0.890807 0.986821
vt 0.867835 0.079789
vt 0.867835 0.148103
vt 0.858338 0.099452
vt 0.419158 0.748386
vt 0.428488 0.747798
vt 0.428488 0.816112
vt 0.417079 0.816924
vt 0.561494 0.296236
vt 0.505113 0.293418
vt 0.513949 0.268145
vt 0.561494 0.268109
vt 0.685197 0.557961
vt 0.685219 0.510136
vt 0.740088 0.507586
vt 0.740088 0.560722
vt 0.592960 0.422050
vt 0.524671 0.418115
vt 0.524654 0.383035
vt 0.592960 0.370342
vt 0.992199 0.698825
vt 0.987395 0.655678
vt 0.992199 0.649935
vt 0.052979 0.622025
vt 0.003227 0.625311
vt 0.015689 0.560998
vt 0.052979 0.558670
vt 0.728022 0.890110
vt 0.728022 0.945853
vt 0.718750 0.920396
vt 0.092751 0.802374
vt 0.065124 0.760473
vt 0.092751 0.744196
vt 0.260512 0.802503
vt 0.237801 0.789535
vt 0.260512 0.744573
vt 0.123670 0.988044
vt 0.116772 0.986106
vt 0.123670 0.961550
vt 0.409927 0.834988
vt 0.407091 0.790760
vt 0.409927 0.785142
vt 0.917727 0.059934
vt 0.908251 0.060611
vt 0.908574 0.004944
vt 0.917727 0.003227
vt 0.953346 0.065813
vt 0.959028 0.065311
vt 0.959028 0.131612
vt 0.946891 0.065311
vt 0.946891 0.136551
vt 0.941191 0.131367
vt 0.203252 0.615518
vt 0.204410 0.553285
vt 0.256403 0.553131
vt 0.256403 0.617326
vt 0.974968 0.901302
vt 0.967778 0.851136
vt 0.974968 0.849641
vt 0.135435 0.961550
vt 0.135435 0.991222
vt 0.130125 0.991222
vt 0.816515 0.952786
vt 0.821093 0.952762
vt 0.821093 0.977089
vt 0.812306 0.978496
vt 0.410219 0.919836
vt 0.408112 0.915801
vt 0.410219 0.910550
vt 0.482108 0.970416
vt 0.473332 0.971517
vt 0.473332 0.923713
vt 0.482108 0.923396
vt 0.628791 0.743441
vt 0.628791 0.695631
vt 0.683658 0.693026
vt 0.683658 0.746058
vt 0.629652 0.353348
vt 0.629652 0.308202
vt 0.684641 0.305419
vt 0.684641 0.359170
vt 0.802505 0.939557
vt 0.802505 0.977078
vt 0.793733 0.975706
vt 0.793728 0.940210
vt 0.851560 0.072197
vt 0.848308 0.072703
vt 0.842128 0.004669
vt 0.851560 0.003227
vt 0.524636 0.638922
vt 0.580241 0.636283
vt 0.580241 0.689335
vt 0.524635 0.686718
vt 0.844671 0.283978
vt 0.844653 0.215682
vt 0.854177 0.216275
vt 0.854177 0.284580
vt 0.195772 0.005473
vt 0.239209 0.003227
vt 0.239209 0.188579
vt 0.194963 0.188326
vt 0.196797 0.738408
vt 0.189658 0.738579
vt 0.190800 0.553238
vt 0.196797 0.553131
vt 0.524635 0.515175
vt 0.592973 0.507586
vt 0.592973 0.559603
vt 0.524682 0.556332
vt 0.958375 0.546143
vt 0.958375 0.564264
vt 0.949005 0.563630
vt 0.948967 0.544790
vt 0.383940 0.969371
vt 0.375133 0.968910
vt 0.376144 0.921732
vt 0.383940 0.921116
vt 0.653199 0.084198
vt 0.652774 0.075856
vt 0.709448 0.062714
vt 0.709448 0.098049
vt 0.680073 0.135552
vt 0.734836 0.113052
vt 0.734836 0.166727
vt 0.687648 0.163113
vt 0.970960 0.051196
vt 0.970960 0.003227
vt 0.978124 0.006878
vt 0.978124 0.051196
vt 0.886507 0.956049
vt 0.887600 0.910076
vt 0.896508 0.909358
vt 0.896508 0.958530
vt 0.300371 0.524495
vt 0.361606 0.493641
vt 0.361606 0.553631
vt 0.311011 0.551456
vt 0.864541 0.782889
vt 0.855107 0.782288
vt 0.855024 0.718870
vt 0.864541 0.714574
vt 0.923269 0.200569
vt 0.916460 0.201194
vt 0.913989 0.145934
vt 0.923269 0.144128
vt 0.078450 0.428549
vt 0.078455 0.245622
vt 0.083902 0.245690
vt 0.083902 0.428547
vt 0.353347 0.560086
vt 0.353347 0.622436
vt 0.305546 0.617954
vt 0.300371 0.562527
vt 0.258991 0.808958
vt 0.258991 0.885249
vt 0.257345 0.885249
vt 0.253681 0.808958
vt 0.937244 0.717801
vt 0.946167 0.714574
vt 0.946167 0.770132
vt 0.937500 0.771651
vt 0.034211 0.882055
vt 0.034211 0.937352
vt 0.025069 0.935594
vt 0.024974 0.880664
vt 0.964811 0.490832
vt 0.973592 0.486212
vt 0.973592 0.534018
vt 0.964815 0.534034
vt 0.344038 0.952381
vt 0.344038 0.976709
vt 0.335237 0.972435
vt 0.335251 0.950974
vt 0.586077 0.844568
vt 0.585957 0.776199
vt 0.595658 0.776916
vt 0.595658 0.845260
vt 0.426241 0.942159
vt 0.417620 0.943803
vt 0.417079 0.888878
vt 0.426241 0.887103
vt 0.065124 0.968221
vt 0.065128 0.923967
vt 0.073929 0.923983
vt 0.073929 0.971790
vt 0.293916 0.807769
vt 0.293916 0.858291
vt 0.289049 0.856763
vt 0.287201 0.809060
vt 0.478379 0.282189
vt 0.478512 0.254099
vt 0.492972 0.254330
vt 0.492972 0.294104
vt 0.602423 0.776786
vt 0.611748 0.776199
vt 0.611748 0.844513
vt 0.602113 0.845095
vt 0.966991 0.216249
vt 0.966991 0.264053
vt 0.958191 0.257946
vt 0.958192 0.215682
vt 0.685333 0.365625
vt 0.685333 0.418686
vt 0.629967 0.415992
vt 0.629652 0.368269
vt 0.916763 0.574541
vt 0.916763 0.630710
vt 0.907323 0.628928
vt 0.908126 0.573082
vt 0.185923 0.924888
vt 0.178576 0.898042
vt 0.200797 0.898380
vt 0.200797 0.924906
vt 0.165743 0.947930
vt 0.165743 0.955095
vt 0.116772 0.955095
vt 0.116772 0.947930
vt 0.777912 0.763683
vt 0.787274 0.763125
vt 0.787274 0.831439
vt 0.777248 0.831980
vt 0.983613 0.114281
vt 0.978302 0.114281
vt 0.978303 0.065311
vt 0.983613 0.065311
vt 0.171492 0.961550
vt 0.171492 0.985595
vt 0.166181 0.985595
vt 0.166181 0.961550
vt 0.822846 0.478798
vt 0.822846 0.454753
vt 0.828157 0.454753
vt 0.828157 0.478798
vt 0.870996 0.777396
vt 0.871077 0.715152
vt 0.880373 0.714574
vt 0.880373 0.782889
vt 0.512716 0.566530
vt 0.518026 0.566530
vt 0.518026 0.749288
vt 0.512715 0.749288
vn 0.9006 0.1540 0.4064
vn 0.9572 -0.1219 0.2625
vn 0.7924 0.4461 0.4160
vn 0.4285 0.8076 -0.4052
vn 0.6835 0.5959 -0.4216
vn 0.7924 0.4461 -0.4160
vn -0.1124 -0.9931 0.0343
vn 0.9172 -0.0004 0.3983
vn -0.1905 0.9811 0.0349
vn -0.2674 0.9626 0.0424
vn -0.7071 -0.0000 0.7071
vn -0.9567 -0.0003 -0.2911
vn -0.0000 -1.0000 0.0000
vn 0.2588 0.0000 0.9659
vn 0.9384 0.1943 0.2856
vn 0.9624 0.1940 -0.1904
vn -0.9036 0.1893 0.3843
vn -0.6824 0.2620 -0.6824
vn -0.4007 0.0921 0.9116
vn 0.0180 0.9633 0.2679
vn -0.9817 0.1888 -0.0260
vn 0.0000 1.0000 -0.0000
vn 0.9600 -0.2123 -0.1825
vn -0.7118 -0.0001 -0.7024
vn -0.5814 -0.2100 0.7861
vn -0.8599 -0.1003 -0.5006
vn 0.1612 0.9646 -0.2086
vn 0.6586 -0.0299 0.7519
vn 0.3189 0.1932 0.9279
vn -0.9772 -0.2085 -0.0410
vn -0.9771 -0.2089 -0.0410
vn 0.9322 0.2620 -0.2498
vn -0.2705 0.3088 -0.9119
vn 0.0297 -0.9976 0.0622
vn 0.6827 0.1940 0.7045
vn -0.2588 0.0000 0.9659
vn -0.2588 -0.0000 -0.9659
vn 0.4022 -0.1020 -0.9098
vn -0.1092 0.9629 0.2470
vn -0.2582 0.9629 -0.0786
vn 0.3030 0.9491 -0.0862
vn -0.0658 0.1906 -0.9795
vn -0.5135 0.1895 -0.8369
vn 0.3968 0.1919 -0.8976
vn -0.6003 0.1906 0.7768
vn -0.8437 0.1889 -0.5024
vn -0.1705 0.1919 0.9665
vn 0.7728 0.1931 -0.6045
vn 0.8056 -0.1026 -0.5835
vn -0.9929 -0.1003 -0.0633
vn -0.5204 -0.1007 -0.8480
vn -0.1728 -0.1020 0.9797
vn -0.0667 -0.1013 -0.9926
vn -0.6083 -0.1013 0.7872
vn 0.0835 -0.9931 -0.0827
vn -0.9045 -0.1007 0.4144
vn -0.5114 -0.2094 -0.8334
vn 0.7653 -0.2118 -0.6078
vn -0.8342 -0.2090 -0.5103
vn 0.3952 -0.2110 -0.8940
vn -0.0655 -0.2102 -0.9755
vn -0.3037 0.0012 -0.9528
vn 0.0831 -0.9946 0.0622
vn 0.0460 0.9643 -0.2607
vn -0.0018 -0.9999 -0.0100
vn 0.0045 -0.9976 -0.0688
vn 0.2276 0.9643 0.1355
vn -0.0007 -0.9968 0.0804
vn 0.1407 -0.1015 0.9848
vn -0.2069 0.9626 0.1748
vn 0.2562 0.9605 0.1085
vn -0.8974 -0.2092 0.3885
vn -0.8066 0.0926 0.5838
vn -0.9316 0.1640 -0.3245
vn -0.0460 -0.9946 -0.0931
vn -0.2712 0.9566 -0.1068
vn -0.2605 -0.9626 0.0740
vn 0.8542 -0.0013 -0.5199
vn -0.0017 -0.9990 0.0436
vn 0.0034 0.9962 -0.0871
vn -0.3103 0.4015 0.8617
vn 0.0064 -0.9999 0.0078
vn -0.0898 0.0075 0.9959
vn 0.0192 -0.9991 -0.0384
vn 0.0391 -0.9968 -0.0702
vn -0.0734 0.9816 0.1760
vn -0.0459 0.9956 0.0822
vn 0.1974 0.9608 -0.1945
vn -0.0463 0.9962 0.0739
vn -0.9322 0.2620 -0.2498
vn 0.0293 0.9580 -0.2854
vn -0.9322 0.2620 0.2498
vn -0.5912 0.4015 0.6995
vn 0.2498 0.2620 0.9322
vn 0.9322 0.2620 0.2498
vn 0.2498 0.2620 -0.9322
vn 0.6824 0.2620 -0.6824
vn 0.6824 0.2620 0.6824
vn -0.0860 0.0907 -0.9922
vn -0.9188 0.2028 0.3388
vn 0.0009 0.9955 -0.0942
vn 0.4285 0.8076 0.4052
vn 0.6835 0.5959 0.4216
vn 0.1395 0.9638 0.2273
vn 0.2588 -0.0000 -0.9659
vn 0.9006 0.1540 -0.4064
vn 0.9572 -0.1219 -0.2625
vn 0.7071 0.0000 0.7071
vn 0.7071 0.0000 -0.7071
vn -0.7071 -0.0000 -0.7071
vn 0.2620 0.6537 -0.7100
vn 0.2011 0.5346 0.8209
vn -0.4303 0.0000 -0.9027
vn -0.8029 0.0009 -0.5961
vn 0.5455 -0.0000 -0.8381
vn 0.9754 0.0000 -0.2205
vn -0.6331 0.5203 -0.5731
vn -0.7173 0.0106 -0.6967
vn -0.7161 0.0146 -0.6978
vn -0.7191 0.0099 -0.6948
vn 0.0554 0.3613 -0.9308
vn 0.0554 0.3614 -0.9308
vn 0.0545 0.3603 -0.9313
vn 0.5933 -0.0034 0.8050
vn -0.5436 0.0765 0.8359
vn 0.8252 0.0715 -0.5603
vn 0.8249 0.0717 -0.5607
vn 0.5673 0.1949 -0.8001
vn 0.5553 0.1894 -0.8098
vn 0.5649 0.1980 -0.8010
vn 0.1660 0.0431 0.9852
vn -0.4637 0.7216 -0.5141
vn -0.9044 -0.2312 0.3587
vn 0.9943 -0.0057 -0.1061
vn 0.9943 -0.0055 -0.1067
vn -0.2276 0.6106 -0.7585
vn -0.2197 0.0224 0.9753
vn -0.2260 0.0196 0.9739
vn -0.2202 0.0203 0.9753
vn 0.3710 -0.0995 0.9233
vn -0.0922 0.5094 0.8556
vn -0.1301 0.5131 0.8484
vn -0.4359 0.0590 -0.8981
vn -0.6868 -0.0053 -0.7268
vn -0.6471 -0.0173 -0.7622
vn 0.1170 0.9810 0.1546
vn 0.1227 0.9810 0.1500
vn 0.1149 0.9812 0.1550
vn 0.7864 0.6162 -0.0425
vn -0.6615 0.0052 -0.7500
vn -0.1869 -0.3095 0.9324
vn 0.9961 -0.0604 0.0640
vn 0.8044 0.5363 0.2554
vn -0.4360 0.1826 -0.8812
vn 0.5263 0.0003 0.8503
vn 0.5071 -0.0086 0.8618
vn 0.5050 -0.0095 0.8630
vn -0.0640 0.0604 0.9961
vn 0.9072 -0.0658 -0.4155
vn 0.9054 -0.0700 -0.4187
vn 0.9054 -0.0711 -0.4185
vn -0.1694 0.6199 0.7662
vn 0.2165 0.9666 0.1370
vn -0.1902 0.5445 0.8169
vn -0.4717 0.0521 -0.8802
vn -0.0593 0.0000 0.9982
vn -0.0719 0.2239 0.9720
vn 0.1153 0.4198 0.9003
vn -0.2466 0.3838 0.8899
vn -0.9132 -0.0400 0.4056
vn 0.3900 0.5235 0.7576
vn -0.9805 -0.0390 -0.1927
vn 0.9812 0.1826 0.0631
vn 0.0003 0.1696 0.9855
vn -0.2286 -0.1585 0.9605
vn 0.0050 0.2433 0.9699
vn 0.5172 0.0104 0.8558
vn 0.5181 0.0107 0.8553
vn 0.5179 0.0108 0.8554
vn -0.1961 -0.1875 0.9625
vn 0.0641 -0.0157 -0.9978
vn 0.5378 0.7433 0.3979
vn 0.8449 0.4774 0.2415
vn 0.8731 0.3986 0.2807
vn -0.5596 -0.0568 0.8268
vn -0.5576 -0.0566 0.8282
vn -0.5607 -0.0523 0.8264
vn -0.9041 -0.0000 -0.4273
vn -0.0022 -0.9994 0.0338
vn -0.8049 0.1305 -0.5789
vn -0.4584 0.0518 -0.8872
vn -0.5195 0.0627 0.8522
vn -0.6864 0.7270 0.0170
vn 0.2390 0.0000 -0.9710
vn -0.0439 0.9980 -0.0462
vn -0.0452 0.9979 -0.0459
vn -0.0483 0.9978 -0.0459
vn -0.4968 0.8545 0.1519
vn -0.5010 0.8469 0.1784
vn -0.4957 0.8587 0.1304
vn 0.9278 0.0000 0.3730
vn -0.6181 -0.0726 -0.7827
vn -0.6297 0.0218 -0.7765
vn -0.6838 0.0050 -0.7297
vn -0.0261 -0.9996 0.0131
vn 0.4825 0.5819 0.6547
vn -0.7927 0.5702 0.2155
vn -0.5473 0.8369 0.0060
vn -0.5537 -0.5472 -0.6277
vn 0.2203 0.6542 -0.7235
vn 0.0328 0.9973 0.0662
vn 0.9531 0.0033 0.3026
vn 0.8952 -0.0604 -0.4416
vn 0.8949 -0.0608 -0.4422
vn 0.1635 -0.1764 0.9706
vn 0.9943 0.0055 -0.1065
vn 0.9943 0.0055 -0.1067
vn 0.9943 0.0057 -0.1061
vn 0.2019 0.0262 0.9791
vn 0.1228 0.7700 -0.6261
vn -0.4032 0.9021 -0.1538
vn -0.9957 0.0000 0.0922
vn -0.7186 0.5110 0.4717
vn 0.2828 0.6514 -0.7041
vn -0.7661 0.5144 -0.3854
vn 0.4358 -0.1245 0.8914
vn 0.4344 -0.1278 0.8916
vn 0.4357 -0.1233 0.8916
vn 0.5753 0.8154 0.0643
vn 0.0119 0.9535 -0.3012
vn -0.9550 -0.0000 -0.2967
vn -0.2601 0.4560 -0.8511
vn -0.0060 0.9997 0.0243
vn -0.6624 0.6380 0.3926
vn 0.0554 0.3627 -0.9303
vn -0.0661 0.6105 0.7893
vn 0.5184 0.7160 -0.4676
vn -0.0232 0.5921 0.8055
vn 0.2301 0.9028 0.3633
vn -0.6061 0.6437 -0.4672
vn 0.4016 0.6932 0.5985
vn -0.2174 0.9631 -0.1588
vn 0.0293 0.9980 -0.0566
vn 0.5334 0.1894 -0.8244
vn 0.0473 0.0144 -0.9988
vn -0.0633 0.1604 0.9850
vn -0.3906 -0.2209 -0.8937
vn -0.3908 -0.2200 -0.8938
vn -0.3912 -0.2237 -0.8927
vn 0.4997 0.0226 0.8659
vn 0.2437 0.9676 0.0658
vn 0.3796 0.0946 -0.9203
vn 0.3796 0.0949 -0.9203
vn 0.5087 0.0488 0.8596
vn 0.5087 0.0492 0.8596
vn 0.4501 0.0484 0.8916
vn 0.4501 0.0484 0.8917
vn 0.8941 -0.0004 -0.4479
vn 0.8941 -0.0001 -0.4479
vn 0.8941 0.0005 -0.4478
vn -0.7641 0.0000 0.6451
vn -0.5866 0.5324 0.6103
vn -0.5866 0.5324 0.6104
vn 0.9270 0.0398 -0.3731
vn 0.9270 0.0390 -0.3731
vn 0.9271 0.0368 -0.3731
vn -0.9347 -0.1331 -0.3295
vn 0.7191 -0.0000 0.6949
vn -0.5545 0.0000 0.8322
vn 0.0047 0.9973 -0.0738
vn 0.9962 -0.0591 0.0640
vn -0.8029 -0.0000 -0.5962
vn -0.8648 0.0107 -0.5020
vn 0.0641 0.0000 -0.9979
vn 0.8273 0.0000 0.5618
vn -0.7345 0.0000 0.6787
vn 0.5462 -0.1877 -0.8164
vn -0.5472 0.1782 0.8178
vn -0.9832 0.1711 -0.0631
vn 0.7102 0.0493 0.7022
vn 0.2008 -0.1235 -0.9718
vn 0.5149 -0.0637 0.8549
vn -0.4622 -0.0533 -0.8852
vn -0.4427 -0.0605 -0.8946
vn -0.2684 -0.9613 -0.0620
vn -0.4209 -0.2552 -0.8705
vn -0.7315 0.0024 -0.6818
vn -0.7193 0.0097 -0.6946
vn -0.7281 0.0014 -0.6854
vn 0.0559 0.3621 -0.9304
vn 0.0553 0.3626 -0.9303
vn 0.0563 0.3627 -0.9302
vn 0.0553 0.3617 -0.9306
vn -0.8618 -0.0367 0.5059
vn -0.5447 -0.1871 0.8175
vn 0.9820 0.1779 0.0630
vn -0.8946 -0.0587 0.4429
vn 0.6705 -0.0037 -0.7419
vn 0.0640 0.1807 -0.9815
vn 0.1417 -0.9899 0.0092
vn -0.4042 -0.2095 -0.8904
vn -0.4044 -0.2097 -0.8902
vn -0.3991 -0.2097 -0.8926
vn 0.4364 0.1778 0.8820
vn -0.0288 -0.9981 0.0548
vn 0.5459 -0.1755 -0.8192
vn 0.9270 -0.0398 -0.3730
vn -0.8812 0.1826 0.4360
vn 0.4427 0.0591 0.8947
vn 0.0640 -0.0592 -0.9962
vn -0.3816 0.0601 -0.9224
vn 0.8947 0.0591 -0.4426
vn 0.5535 0.0592 -0.8307
vn 0.0651 -0.1852 -0.9805
vn 0.8308 0.0591 0.5535
vn 0.8947 -0.0591 -0.4426
vn -1.0000 -0.0000 -0.0079
vn -0.9825 -0.1752 -0.0629
vn -0.9962 -0.0593 -0.0638
vn 0.0631 0.1778 -0.9820
vn -0.0026 1.0000 0.0085
vn -0.8825 -0.1756 0.4364
vn 0.9962 0.0591 0.0640
vn 0.4427 -0.0591 0.8947
vn -0.9962 0.0593 -0.0638
vn 0.4936 -0.0231 0.8694
vn 0.4938 -0.0231 0.8692
vn 0.4954 -0.0227 0.8684
vn 0.4985 -0.0257 0.8665
vn -0.8946 0.0605 0.4427
vn 0.8804 -0.1870 -0.4358
vn 0.0639 0.0591 -0.9962
vn 0.9943 -0.0054 -0.1067
vn 0.9943 -0.0059 -0.1066
vn 0.9942 -0.0059 -0.1075
vn 0.9943 -0.0109 -0.1063
vn 0.9941 -0.0056 -0.1079
vn -0.8805 -0.1871 0.4356
vn -0.6864 -0.1231 0.7167
vn 0.4366 -0.1754 0.8824
vn 0.8820 0.1778 -0.4364
vn 0.8250 0.0716 -0.5605
vn 0.8829 0.1881 -0.4303
vn -0.9821 0.1776 -0.0629
vn 0.5076 -0.8149 0.2798
vn 0.9803 -0.1872 0.0630
vn 0.1987 0.4000 0.8947
vn -0.0510 -0.4657 0.8835
vn -0.1233 0.3846 0.9148
vn -0.0872 0.5953 0.7988
vn -0.0923 0.5094 0.8556
vn -0.3537 0.9263 0.1296
vn -0.0803 0.9968 -0.0057
vn 0.9913 -0.0791 -0.1048
vn 0.9913 -0.0796 -0.1047
vn -0.5487 0.0359 0.8352
vn 0.5536 -0.0591 -0.8307
vn -0.9127 0.0034 -0.4087
vn -0.8175 -0.1871 -0.5447
vn 0.0497 0.0462 -0.9977
vn -0.8490 -0.1575 -0.5044
vn -0.7957 -0.0206 -0.6054
vn -0.7000 0.0087 -0.7141
vn -0.8656 -0.0898 -0.4926
vn -0.7442 0.1672 -0.6467
vn -0.8401 -0.1576 -0.5191
vn -0.0630 0.1826 0.9812
vn -0.8213 -0.2573 -0.5092
vn -0.8219 -0.0318 -0.5688
vn -0.7668 0.0405 -0.6406
vn -0.0583 -0.4167 0.9072
vn -0.4356 -0.1871 -0.8805
vn 0.5457 0.1778 -0.8189
vn -0.0630 -0.1872 0.9803
vn -0.5337 -0.1823 0.8258
vn 0.8374 -0.0148 0.5463
vn 0.8380 -0.0149 0.5454
vn 0.0273 -0.9995 -0.0133
vn -0.8307 -0.0605 -0.5535
vn 0.9961 -0.0605 0.0640
vn -0.0080 -0.9998 -0.0159
vn -0.0022 0.0201 -0.9998
vn -0.1159 0.0528 -0.9919
vn 0.0606 0.0315 -0.9977
vn 0.3676 0.9121 -0.1818
vn 0.3316 0.9310 -0.1528
vn -0.0565 -0.1772 0.9825
vn -0.8307 0.0605 -0.5535
vn 0.9866 -0.1549 0.0511
vn -0.0554 0.1796 0.9822
vn 0.8308 -0.0591 0.5535
vn 0.0792 -0.9968 0.0062
vn -0.9273 -0.0007 0.3744
vn 0.7310 -0.0203 0.6821
vn 0.6705 0.0037 -0.7419
vn -0.3891 -0.2117 -0.8965
vn -0.3908 -0.2198 -0.8938
vn -0.3922 -0.2097 -0.8957
vn -0.5410 0.1777 0.8220
vn 0.0057 -0.0367 0.9993
vn 0.0473 -0.0144 -0.9988
vn -0.8956 -0.0405 0.4431
vn -0.4143 -0.2089 -0.8859
vn -0.4132 -0.2142 -0.8851
vn -0.4140 -0.2091 -0.8859
vn 0.0621 0.0656 -0.9959
vn -0.2330 0.0055 0.9725
vn -0.2317 0.0110 0.9727
vn 0.9812 0.1826 0.0630
vn -0.5400 -0.0539 0.8399
vn -0.1908 0.9805 0.0461
vn -0.4822 -0.0107 0.8760
vn 0.8138 -0.1639 0.5576
vn -0.1062 0.0469 -0.9932
vn -0.1080 0.0510 -0.9928
vn -0.1001 0.0504 -0.9937
vn 0.5400 -0.1878 -0.8205
vn 0.1283 -0.9910 -0.0370
vn -0.1356 0.0553 -0.9892
vn -0.1151 0.0474 -0.9922
vn -0.1228 0.0513 -0.9911
vn -0.1636 0.0914 -0.9823
vn -0.4427 0.0605 -0.8946
vn 0.0539 -0.5345 -0.8435
vn 0.9979 -0.0000 0.0652
vn 0.8235 -0.0734 -0.5625
vn 0.5035 -0.0106 0.8640
vn 0.5050 -0.0095 0.8631
vn 0.4802 -0.0136 0.8771
vn -0.0285 0.0882 0.9957
vn -0.0889 -0.9954 -0.0360
vn 0.5126 -0.0352 0.8579
vn -0.1825 0.9830 0.0177
vn -0.1801 0.9832 0.0298
vn -0.1844 0.9827 0.0153
vn 0.1786 -0.1521 -0.9721
vn 0.1802 -0.1572 -0.9710
vn -0.9175 -0.0015 -0.3977
vn -0.9176 -0.0015 -0.3976
vn -0.9109 -0.0045 -0.4125
vn -0.8847 0.0141 -0.4659
vn 0.7260 0.0055 0.6877
vn -0.9112 0.0195 -0.4116
vn -0.0285 0.9995 0.0131
vn -0.0640 0.0605 0.9961
vn 0.8947 -0.0610 -0.4424
vn -0.2252 -0.0202 0.9741
vn 0.4825 -0.0240 0.8756
vn 0.4779 -0.0262 0.8780
vn 0.6542 0.0446 0.7550
vn -0.9689 0.0033 -0.2473
vn -0.9134 -0.0053 -0.4070
vn 0.9056 -0.0729 -0.4179
vn 0.9050 -0.0781 -0.4182
vn -0.3102 -0.4270 0.8494
vn -0.2492 0.3797 0.8909
vn -0.9961 0.0605 -0.0640
vn 0.4488 -0.0701 -0.8909
vn -0.0285 -0.0882 0.9957
vn -0.5407 0.1784 0.8221
vn -0.0030 1.0000 0.0091
vn 0.9949 -0.0202 -0.0987
vn -0.8946 0.0587 0.4429
vn 0.4130 -0.1319 0.9011
vn -0.0713 0.1934 0.9785
vn -0.0699 0.2111 0.9750
vn 0.0329 -0.0058 0.9994
vn -0.1475 -0.0128 0.9890
vn -0.0686 0.1860 0.9801
vn 0.0123 0.0112 0.9999
vn -0.3791 -0.0616 -0.9233
vn 0.0321 0.9964 -0.0785
vn 0.7264 -0.0051 0.6872
vn 0.1652 -0.1441 -0.9757
vn 0.9948 0.0197 -0.0994
vn -0.9892 -0.0352 -0.1421
vn -0.9989 -0.0416 -0.0201
vn 0.3389 -0.0125 -0.9407
vn -0.5612 0.0681 0.8249
vn -0.0738 0.9973 -0.0047
vn -0.0421 -0.6470 0.7613
vn 0.3615 0.4456 0.8190
vn 0.0050 0.2434 0.9699
vn 0.0162 0.2907 0.9567
vn -0.9107 -0.0203 -0.4126
vn 0.5186 0.0106 0.8549
vn 0.5182 0.0107 0.8552
vn 0.5190 0.0110 0.8547
vn -0.8948 0.0000 0.4464
vn 0.0123 -0.0112 0.9999
vn 0.5137 0.0343 0.8573
vn 0.9978 0.0197 0.0628
vn -0.8224 0.1773 -0.5406
vn 0.7308 0.0194 0.6824
vn 0.8350 -0.0483 0.5482
vn -0.2257 0.0197 0.9740
vn -0.2258 0.0197 0.9740
vn -0.2264 0.0194 0.9738
vn -0.2281 0.0191 0.9734
vn -0.4822 0.0107 0.8760
vn 0.9018 0.2807 0.3287
vn 0.9540 -0.1292 0.2704
vn -0.9731 0.0185 0.2295
vn -0.0640 -0.0604 0.9961
vn 0.5609 -0.0695 -0.8249
vn 0.0900 0.9953 0.0362
vn -0.0592 -0.3846 0.9212
vn -0.8608 0.0354 0.5077
vn -0.5561 -0.1820 0.8109
vn -0.2970 -0.1618 -0.9411
vn 0.5581 0.0709 -0.8267
vn 0.0068 0.0314 0.9995
vn -0.9892 0.0346 -0.1424
vn 0.9961 0.0605 0.0640
vn -0.2970 0.1618 -0.9411
vn -0.9961 -0.0605 -0.0640
vn -0.0641 0.0000 0.9979
vn -0.5598 -0.0591 0.8265
vn -0.5577 -0.0568 0.8281
vn -0.5599 -0.0591 0.8265
vn 0.0002 -1.0000 0.0003
vn -0.0814 0.9958 -0.0421
vn -0.0485 0.9978 -0.0459
vn -0.0792 0.9957 -0.0471
vn -0.4935 0.8697 -0.0051
vn -0.4510 0.8922 0.0239
vn -0.2396 -0.0045 0.9709
vn -0.2342 -0.0056 0.9722
vn -0.9628 -0.0413 -0.2669
vn -0.9716 0.0208 -0.2357
vn -0.2263 0.9563 0.1852
vn 0.5406 0.0550 -0.8395
vn -0.2028 -0.9654 -0.1640
vn 0.9936 0.0043 -0.1133
vn 0.9942 0.0058 -0.1076
vn 0.9941 0.0056 -0.1079
vn 0.9942 0.0059 -0.1073
vn 0.9942 0.0054 -0.1078
vn 0.9942 0.0054 -0.1073
vn -0.9729 -0.0186 0.2303
vn 0.5551 0.1893 -0.8099
vn 0.5540 0.1887 -0.8109
vn 0.5530 0.1872 -0.8119
vn 0.5552 0.1894 -0.8099
vn -0.8821 0.1780 0.4362
vn 0.8947 0.0610 -0.4424
vn -0.2125 0.9769 -0.0225
vn -0.2007 0.9794 -0.0203
vn -0.5535 0.0605 0.8307
vn 0.4385 -0.1198 0.8907
vn 0.4357 -0.1232 0.8916
vn 0.4359 -0.1224 0.8916
vn 0.1406 0.9842 -0.1075
vn -0.9160 0.1122 -0.3853
vn 0.0553 0.3635 -0.9299
vn 0.0553 0.3641 -0.9297
vn 0.0555 0.3623 -0.9304
vn 0.0553 0.3628 -0.9302
vn -0.5573 -0.0566 0.8284
vn -0.5568 -0.0554 0.8288
vn -0.5565 -0.0577 0.8288
vn -0.1850 0.9810 -0.0580
vn 0.8190 0.1778 0.5456
vn -0.9803 -0.1871 -0.0630
vn 0.1893 -0.1514 -0.9702
vn 0.1946 -0.1504 -0.9693
vn 0.0631 -0.1754 -0.9825
vn 0.4231 -0.1303 0.8967
vn 0.0506 -0.4950 -0.8674
vn 0.0621 -0.0656 -0.9959
vn 0.5663 0.7754 0.2793
vn 0.2303 0.9730 -0.0141
vn -0.8947 0.0605 0.4426
vn -0.2077 0.9537 -0.2177
vn -0.2332 -0.0055 0.9724
vn 0.4000 -0.1404 0.9057
vn -0.0622 0.2249 0.9724
vn 0.8802 -0.1691 -0.4433
vn 0.9922 0.0763 -0.0983
vn -0.1096 -0.1085 -0.9880
vn 0.1226 0.9811 0.1500
vn 0.1242 0.9812 0.1477
vn 0.1238 0.9810 0.1493
vn 0.1230 0.9810 0.1497
vn -0.9689 -0.0033 -0.2473
vn 0.0514 -0.0474 -0.9976
vn 0.0410 0.9973 -0.0615
vn -0.8990 -0.1277 0.4190
vn 0.5303 -0.0699 -0.8449
vn -0.9276 0.0007 0.3736
vn -0.1332 -0.9876 0.0826
vn -0.9990 0.0406 -0.0187
vn -0.5584 -0.0694 0.8267
vn -0.9754 -0.0000 0.2205
vn 0.3382 0.0124 -0.9410
vn 0.4435 0.0000 0.8963
vn 0.8941 0.0000 -0.4479
g Barrel_3_Barrel_3_Collor_Material
usemtl Collor_Material
s off
f 523/1/1 536/2/2 535/3/3
f 525/4/4 536/5/5 524/6/6
f 388/7/7 387/8/7 432/9/7 433/10/7
f 496/11/8 478/12/8 477/13/8 495/14/8
f 421/15/9 478/16/9 496/17/9 490/18/9
f 448/19/10 403/20/10 404/21/10 449/22/10
f 543/23/11 531/24/11 532/25/11 544/26/11
f 435/27/12 434/28/12 447/29/12 448/30/12
f 426/31/13 380/32/13 392/33/13 437/34/13
f 533/35/14 534/36/14 522/37/14 521/38/14
f 402/39/15 389/40/15 390/41/15 403/42/15
f 403/43/16 390/44/16 391/45/16 404/46/16
f 397/47/17 384/48/17 385/49/17 398/50/17
f 509/51/18 498/52/18 499/53/18 511/54/18
f 470/55/19 460/56/19 451/57/19 461/58/19
f 393/59/20 394/60/20 438/61/20 439/62/20
f 470/63/13 415/64/13 414/65/13 469/66/13
f 397/67/21 396/68/21 383/69/21 384/70/21
f 521/71/22 522/72/22 510/73/22 509/74/22
f 378/75/22 379/76/22 460/77/22 459/78/22
f 423/79/23 422/80/23 367/81/23 368/82/23
f 524/83/22 512/84/22 513/85/22 525/86/22
f 370/87/22 371/88/22 452/89/22 451/90/22
f 434/91/24 433/92/24 446/93/24 447/94/24
f 421/95/25 366/96/25 477/97/25 478/98/25
f 408/99/26 409/100/26 373/101/26 372/102/26
f 443/103/27 398/104/27 399/105/27 444/106/27
f 530/107/22 518/108/22 519/109/22 531/110/22
f 523/111/22 521/112/22 509/113/22 511/114/22
f 414/115/28 378/116/28 459/117/28 469/118/28
f 401/119/29 400/120/29 387/121/29 388/122/29
f 419/123/30 364/124/31 365/125/31 420/126/31
f 518/127/32 506/128/32 507/129/32 519/130/32
f 510/131/33 497/132/33 498/133/33 509/134/33
f 462/135/13 407/136/13 406/137/13 461/138/13
f 385/139/34 384/140/34 429/141/34 430/142/34
f 401/143/35 388/144/35 389/145/35 402/146/35
f 534/147/36 544/148/36 532/149/36 522/150/36
f 540/151/37 539/152/37 527/153/37 528/154/37
f 415/155/38 406/156/38 370/157/38 379/158/38
f 405/159/39 393/160/39 439/161/39 450/162/39
f 491/163/22 422/164/22 423/165/22 492/166/22
f 447/167/40 402/168/40 403/169/40 448/170/40
f 377/171/41 472/172/41 474/173/41 458/174/41
f 393/175/42 380/176/42 381/177/42 394/178/42
f 394/179/43 381/180/43 382/181/43 395/182/43
f 405/183/44 392/184/44 380/185/44 393/186/44
f 399/187/45 398/188/45 385/189/45 386/190/45
f 395/191/46 382/192/46 383/193/46 396/194/46
f 400/195/47 399/196/47 386/197/47 387/198/47
f 404/199/48 391/200/48 392/201/48 405/202/48
f 415/203/49 379/204/49 378/205/49 414/206/49
f 410/207/50 374/208/50 373/209/50 409/210/50
f 407/211/51 408/212/51 372/213/51 371/214/51
f 413/215/52 377/216/52 376/217/52 412/218/52
f 406/219/53 407/220/53 371/221/53 370/222/53
f 412/223/54 376/224/54 375/225/54 411/226/54
f 389/227/55 388/228/55 433/229/55 434/230/55
f 411/231/56 375/232/56 374/233/56 410/234/56
f 418/235/57 417/236/57 362/237/57 363/238/57
f 476/239/58 423/240/58 368/241/58 475/242/58
f 419/243/59 418/244/59 363/245/59 364/246/59
f 416/247/60 476/248/60 475/249/60 361/250/60
f 417/251/61 416/252/61 361/253/61 362/254/61
f 446/255/62 433/256/62 432/257/62 445/258/62
f 495/259/63 477/260/63 366/261/63 482/262/63
f 444/263/64 399/264/64 400/265/64 445/266/64
f 391/267/65 390/268/65 435/269/65 436/270/65
f 429/271/66 384/272/66 383/273/66 428/274/66
f 395/275/67 396/276/67 441/277/67 440/278/67
f 390/279/13 389/280/13 434/281/13 435/282/13
f 463/283/13 408/284/13 407/285/13 462/286/13
f 481/287/68 365/288/68 364/289/68 480/290/68
f 411/291/13 410/292/13 465/293/13 466/294/13
f 525/295/22 513/296/22 514/297/22 526/298/22
f 413/299/69 471/300/69 472/301/69 377/302/69
f 457/303/22 376/304/22 377/305/22 458/306/22
f 530/307/22 529/308/22 517/309/22 518/310/22
f 404/311/70 405/312/70 450/313/70 449/314/70
f 412/315/13 411/316/13 466/317/13 467/318/13
f 386/319/13 385/320/13 430/321/13 431/322/13
f 387/323/13 386/324/13 431/325/13 432/326/13
f 441/327/71 396/328/71 397/329/71 442/330/71
f 417/331/22 418/332/22 487/333/22 486/334/22
f 421/335/72 420/336/72 365/337/72 366/338/72
f 459/339/73 460/340/73 470/341/73 469/342/73
f 542/343/74 541/344/74 529/345/74 530/346/74
f 482/347/75 366/348/75 365/349/75 481/350/75
f 416/351/22 417/352/22 486/353/22 485/354/22
f 401/355/76 402/356/76 447/357/76 446/358/76
f 369/359/13 362/360/13 361/361/13 424/362/13
f 473/363/77 471/364/77 413/365/77 468/366/77
f 427/367/13 382/368/13 381/369/13 425/370/13
f 455/371/22 374/372/22 375/373/22 456/374/22
f 461/375/13 406/376/13 415/377/13 470/378/13
f 381/379/13 380/380/13 426/381/13 425/382/13
f 456/383/22 375/384/22 376/385/22 457/386/22
f 413/387/13 412/388/13 467/389/13 468/390/13
f 428/391/13 383/392/13 382/393/13 427/394/13
f 371/395/22 372/396/22 453/397/22 452/398/22
f 474/399/78 472/400/78 471/401/78 473/402/78
f 361/403/13 475/404/13 493/405/13 424/406/13
f 475/407/13 368/408/13 484/409/13 493/410/13
f 410/411/79 409/412/79 464/413/79 465/414/79
f 454/415/80 373/416/80 374/417/80 455/418/80
f 515/419/81 514/420/81 502/421/81 503/422/81
f 479/423/13 363/424/13 362/425/13 369/426/13
f 437/427/82 392/428/82 391/429/82 436/430/82
f 367/431/83 422/432/83 491/433/83 483/434/83
f 409/435/84 408/436/84 463/437/84 464/438/84
f 480/439/85 364/440/85 363/441/85 479/442/85
f 494/443/22 476/444/22 416/445/22 485/446/22
f 492/447/22 423/448/22 476/449/22 494/450/22
f 420/451/86 421/452/86 490/453/86 489/454/86
f 418/455/87 419/456/87 488/457/87 487/458/87
f 397/459/88 398/460/88 443/461/88 442/462/88
f 368/463/13 367/464/13 483/465/13 484/466/13
f 453/467/89 372/468/89 373/469/89 454/470/89
f 512/471/90 511/472/90 499/473/90 500/474/90
f 445/475/91 400/476/91 401/477/91 446/478/91
f 513/479/92 512/480/92 500/481/92 501/482/92
f 513/483/93 501/484/93 502/485/93 514/486/93
f 515/487/94 503/488/94 504/489/94 516/490/94
f 518/491/95 517/492/95 505/493/95 506/494/95
f 520/495/96 508/496/96 497/497/96 510/498/96
f 519/499/97 507/500/97 508/501/97 520/502/97
f 516/503/98 504/504/98 505/505/98 517/506/98
f 468/507/99 458/508/99 474/509/99 473/510/99
f 532/511/22 520/512/22 510/513/22 522/514/22
f 524/515/22 523/516/22 511/517/22 512/518/22
f 527/519/22 515/520/22 516/521/22 528/522/22
f 379/523/22 370/524/22 451/525/22 460/526/22
f 532/527/22 531/528/22 519/529/22 520/530/22
f 528/531/22 516/532/22 517/533/22 529/534/22
f 543/535/22 534/536/22 537/537/22 541/538/22
f 542/539/100 530/540/100 531/541/100 543/542/100
f 419/543/101 420/544/101 489/545/101 488/546/101
f 534/547/22 533/548/22 535/549/22
f 535/550/22 536/551/22 537/552/22
f 537/553/22 538/554/22 541/555/22
f 538/556/22 539/557/22 541/558/22
f 539/559/22 540/560/22 541/561/22
f 541/562/22 542/563/22 543/564/22
f 543/565/22 544/566/22 534/567/22
f 534/568/22 535/569/22 537/570/22
f 527/571/22 526/572/22 514/573/22 515/574/22
f 523/575/102 524/576/3 536/577/103
f 394/578/104 395/579/104 440/580/104 438/581/104
f 539/582/105 538/583/105 526/584/105 527/585/105
f 525/586/106 537/587/6 536/588/107
f 533/589/108 521/590/108 523/591/108 535/592/108
f 537/593/109 525/594/109 526/595/109 538/596/109
f 540/597/110 528/598/110 529/599/110 541/600/110
f 327/601/111 328/602/111 329/603/111
f 310/604/112 311/605/112 312/606/112
f 8/607/13 10/608/13 9/609/13
f 4/610/13 2/611/13 20/612/13
f 34/613/22 33/614/22 32/615/22
f 25/616/22 24/617/22 23/618/22
f 20/619/113 25/620/113 4/621/113
f 18/622/114 28/623/114 5/624/114
f 2/625/115 23/626/115 24/627/115
f 47/628/13 52/629/13 48/630/13
f 42/631/13 40/632/13 58/633/13
f 337/634/116 52/635/116 46/636/116
f 63/637/22 62/638/22 61/639/22
f 357/640/22 283/641/22 59/642/22
f 70/643/22 337/644/22 336/645/22
f 345/646/22 344/647/22 349/648/22
f 49/649/117 319/650/117 340/651/117
f 340/652/118 51/653/119 49/654/120
f 44/655/121 68/656/122 347/657/123
f 287/658/124 234/659/124 288/660/124
f 275/661/125 130/662/125 274/663/125
f 301/664/126 300/665/127 89/666/126
f 187/667/128 314/668/129 313/669/130
f 307/670/131 308/671/131 309/672/131
f 344/673/132 345/674/132 346/675/132
f 294/676/133 295/677/133 296/678/133
f 308/679/134 209/680/135 132/681/134
f 330/682/136 256/683/136 331/684/136
f 359/685/137 358/686/138 95/687/139
f 325/688/140 324/689/141 116/690/142
f 295/691/143 217/692/144 97/693/145
f 268/694/146 315/695/147 314/696/148
f 313/697/149 314/698/149 315/699/149
f 298/700/150 262/701/150 299/702/150
f 116/703/151 183/704/151 155/705/151
f 283/706/22 357/707/22 342/708/22 60/709/22
f 240/710/152 287/711/152 286/712/152
f 303/713/153 304/714/153 305/715/153
f 190/716/154 302/717/154 301/718/154
f 112/719/155 251/720/156 153/721/157
f 306/722/158 228/723/158 243/724/158
f 93/725/159 333/726/160 335/727/161
f 117/728/162 212/729/163 248/730/164
f 97/731/165 196/732/165 92/733/165
f 342/734/166 280/735/166 55/736/166
f 349/737/167 343/738/168 50/739/169
f 290/740/170 291/741/170 292/742/170
f 322/743/171 323/744/171 324/745/171
f 155/746/172 184/747/172 84/748/172
f 203/749/173 360/750/173 359/751/173
f 135/752/174 202/753/175 212/754/176
f 113/755/177 252/756/178 112/757/179
f 116/758/180 323/759/180 183/760/180
f 262/761/181 298/762/181 99/763/181 127/764/181
f 94/765/182 202/766/183 136/767/184
f 310/768/185 290/769/186 289/770/187
f 280/771/188 356/772/188 355/773/188
f 57/774/189 355/775/189 279/776/189
f 8/777/13 14/778/13 10/779/13
f 4/780/13 3/781/13 2/782/13
f 34/783/22 35/784/22 33/785/22
f 25/786/22 26/787/22 24/788/22
f 20/789/113 26/790/113 25/791/113
f 18/792/190 27/793/190 28/794/190
f 2/795/115 3/796/115 23/797/115
f 47/798/13 46/799/13 52/800/13
f 42/801/13 41/802/13 40/803/13
f 70/804/22 71/805/22 72/806/22
f 63/807/22 64/808/22 62/809/22
f 97/810/191 217/811/191 196/812/191
f 275/813/192 145/814/192 130/815/192
f 155/816/193 183/817/193 184/818/193
f 51/819/194 339/820/194 338/821/194
f 319/822/195 73/823/196 69/824/197
f 321/825/198 49/826/199 53/827/200
f 353/828/201 282/829/201 285/830/201
f 293/831/202 96/832/203 140/833/204 216/834/204
f 57/835/205 284/836/205 355/837/205
f 353/838/22 66/839/22 351/840/22
f 287/841/206 288/842/206 286/843/206
f 290/844/207 292/845/207 289/846/207
f 294/847/208 296/848/208 293/849/208
f 298/850/209 299/851/209 297/852/209
f 300/853/210 301/854/210 302/855/210
f 89/856/211 300/857/211 302/858/211
f 303/859/212 305/860/212 238/861/212
f 247/862/213 305/863/214 304/864/213
f 307/865/215 309/866/215 306/867/215
f 109/868/216 228/869/217 306/870/218
f 310/871/219 312/872/219 215/873/219
f 313/874/220 315/875/220 316/876/220
f 321/877/221 319/878/221 320/879/221
f 53/880/222 73/881/222 321/882/222
f 322/883/223 324/884/223 325/885/223
f 327/886/224 329/887/224 326/888/224
f 330/889/225 331/890/225 332/891/225
f 131/892/226 334/893/227 208/894/228
f 333/895/229 334/896/229 335/897/229
f 336/898/230 337/899/230 46/900/230
f 47/901/231 336/902/231 46/903/231
f 338/904/232 339/905/232 340/906/232
f 69/907/233 340/908/233 319/909/233
f 356/910/234 341/911/234 342/912/234
f 281/913/235 346/914/235 345/915/235
f 348/916/236 349/917/236 350/918/236
f 344/919/237 346/920/237 347/921/237
f 348/922/238 350/923/238 67/924/238
f 351/925/239 352/926/239 353/927/239
f 351/928/166 56/929/166 352/930/166
f 354/931/22 357/932/22 59/933/22
f 355/934/240 356/935/240 357/936/240
f 358/937/241 359/938/241 360/939/241
f 278/940/242 275/941/242 265/942/242 267/943/242
f 331/944/243 256/945/243 255/946/243 208/947/243
f 313/948/244 316/949/244 237/950/244 270/951/244
f 239/952/245 240/953/245 161/954/245 160/955/245
f 64/956/246 58/957/246 40/958/246 62/959/246
f 332/960/247 201/961/248 93/962/248 150/963/249
f 238/964/250 160/965/250 122/966/250 303/967/250
f 327/968/251 212/969/251 202/970/251 328/971/251
f 192/972/252 90/973/252 115/974/253 232/975/252
f 350/976/22 347/977/22 68/978/22 67/979/22
f 49/980/13 51/981/13 45/982/13 53/983/13
f 11/984/13 13/985/13 7/986/13 15/987/13
f 160/988/254 238/989/255 317/990/256 87/991/257
f 21/992/258 22/993/259 17/994/260 19/995/258
f 354/996/261 279/997/261 355/998/262 357/999/263
f 258/1000/264 260/1001/265 104/1002/264 105/1003/266
f 178/1004/267 229/1005/267 153/1006/267 152/1007/267
f 53/1008/268 45/1009/268 69/1010/268 73/1011/268
f 9/1012/269 32/1013/269 33/1014/269 8/1015/269
f 200/1016/270 199/1017/270 149/1018/270 139/1019/270
f 97/1020/271 96/1021/271 99/1022/271 98/1023/271
f 56/1024/272 65/1025/272 66/1026/272 43/1027/272
f 113/1028/273 112/1029/273 292/1030/273 291/1031/273
f 8/1032/274 33/1033/274 35/1034/274 14/1035/274
f 36/1036/275 37/1037/275 11/1038/275 15/1039/275
f 72/1040/276 71/1041/276 48/1042/276 52/1043/276
f 42/1044/274 63/1045/274 61/1046/274 41/1047/274
f 277/1048/277 235/1049/277 166/1050/277 276/1051/277
f 274/1052/278 273/1053/278 77/1054/278 158/1055/278
f 37/1056/22 36/1057/22 31/1058/22 30/1059/22
f 337/1060/116 72/1061/116 52/1062/116
f 17/1063/13 18/1064/13 5/1065/13 19/1066/13
f 193/1067/279 194/1068/279 218/1069/279 204/1070/279
f 197/1071/280 215/1072/280 126/1073/280 139/1074/280
f 328/1075/281 94/1076/281 108/1077/281 329/1078/281
f 164/1079/282 246/1080/282 123/1081/282 76/1082/282
f 70/1083/22 72/1084/22 337/1085/22
f 176/1086/283 216/1087/283 140/1088/283 82/1089/283
f 222/1090/284 221/1091/284 249/1092/284 250/1093/284
f 344/1094/22 350/1095/22 349/1096/22
f 136/1097/285 135/1098/285 108/1099/285 94/1100/285
f 279/1101/274 354/1102/274 59/1103/274 57/1104/274
f 49/1105/117 320/1106/117 319/1107/117
f 182/1108/286 254/1109/286 111/1110/286 83/1111/286
f 340/1112/287 339/1113/288 51/1114/289
f 346/1115/235 281/1116/235 347/1117/290
f 281/1118/291 44/1119/292 347/1120/293
f 169/1121/294 80/1122/294 114/1123/294 249/1124/294
f 178/1125/295 177/1126/295 244/1127/295 229/1128/295
f 140/1129/296 82/1130/296 81/1131/296 127/1132/296
f 120/1133/297 122/1134/297 160/1135/297 137/1136/297
f 221/1137/298 222/1138/298 142/1139/298 141/1140/298
f 189/1141/299 224/1142/299 206/1143/299 188/1144/299
f 155/1145/300 84/1146/300 147/1147/300 116/1148/300
f 330/1149/301 150/1150/301 110/1151/302 256/1152/303
f 80/1153/304 79/1154/304 141/1155/304 114/1156/304
f 180/1157/13 162/1158/13 133/1159/13 179/1160/13
f 131/1161/305 107/1162/305 110/1163/305 150/1164/305
f 139/1165/306 126/1166/306 113/1167/306 134/1168/306
f 224/1169/307 144/1170/307 104/1171/307 260/1172/307
f 195/1173/308 196/1174/308 217/1175/308 210/1176/308
f 114/1177/309 141/1178/309 142/1179/309 154/1180/309
f 151/1181/310 125/1182/310 126/1183/310 109/1184/310
f 318/1185/311 213/1186/311 137/1187/311 138/1188/311
f 153/1189/312 140/1190/312 96/1191/312 112/1192/312
f 125/1193/313 124/1194/313 153/1195/313 112/1196/313
f 258/1197/314 168/1198/314 167/1199/314 257/1200/314
f 99/1201/315 127/1202/315 114/1203/315 154/1204/315
f 113/1205/316 112/1206/316 96/1207/316 97/1208/316
f 176/1209/13 82/1210/13 152/1211/13 175/1212/13
f 68/1213/317 44/1214/317 54/1215/317 67/1216/317
f 87/1217/318 160/1218/318 118/1219/318 95/1220/318
f 161/1221/319 157/1222/319 118/1223/319 160/1224/319
f 133/1225/320 162/1226/320 124/1227/320 132/1228/320
f 22/1229/321 27/1230/321 29/1231/321 38/1232/321
f 138/1233/322 137/1234/322 160/1235/322 87/1236/322
f 140/1237/323 127/1238/323 99/1239/323 96/1240/323
f 115/1241/324 154/1242/324 142/1243/324 102/1244/324
f 161/1245/325 123/1246/325 156/1247/325 157/1248/325
f 123/1249/326 246/1250/327 304/1251/328 122/1252/329
f 294/1253/330 252/1254/330 210/1255/330
f 245/1256/331 246/1257/331 164/1258/331 163/1259/331
f 151/1260/332 132/1261/332 124/1262/332 125/1263/332
f 132/1264/333 151/1265/334 308/1266/333
f 151/1267/335 309/1268/336 308/1269/337
f 216/1270/338 176/1271/338 175/1272/338 251/1273/338
f 171/1274/339 81/1275/339 127/1276/339 205/1277/339
f 115/1278/340 102/1279/340 89/1280/340 90/1281/340
f 153/1282/341 152/1283/341 82/1284/341 140/1285/341
f 102/1286/342 223/1287/342 301/1288/342 89/1289/342
f 238/1290/343 213/1291/343 318/1292/343 317/1293/343
f 76/1294/344 85/1295/344 156/1296/344 123/1297/344
f 272/1298/345 271/1299/345 264/1300/345 266/1301/345
f 214/1302/346 233/1303/346 186/1304/346 185/1305/346
f 116/1306/347 117/1307/348 325/1308/349
f 117/1309/350 248/1310/351 325/1311/352
f 254/1312/353 253/1313/353 255/1314/353 256/1315/353
f 168/1316/354 258/1317/355 105/1318/354 78/1319/354
f 191/1320/356 219/1321/356 98/1322/356 91/1323/356
f 29/1324/317 27/1325/317 6/1326/317 16/1327/317
f 126/1328/357 125/1329/357 112/1330/357 113/1331/357
f 225/1332/358 266/1333/358 264/1334/358 103/1335/358
f 230/1336/359 172/1337/359 171/1338/359 205/1339/359
f 203/1340/360 239/1341/360 160/1342/360 87/1343/360
f 97/1344/361 96/1345/362 295/1346/363
f 96/1347/364 296/1348/365 295/1349/366
f 199/1350/367 200/1351/367 243/1352/367 228/1353/367
f 296/1354/368 96/1355/369 293/1356/370
f 24/1357/371 26/1358/371 20/1359/371 2/1360/371
f 221/1361/372 170/1362/372 169/1363/372 249/1364/372
f 162/1365/373 152/1366/373 153/1367/373 124/1368/373
f 281/1369/13 39/1370/13 50/1371/13 343/1372/13
f 241/1373/374 180/1374/374 179/1375/374 209/1376/374
f 268/1377/375 269/1378/375 121/1379/375 86/1380/375
f 125/1381/376 312/1382/377 311/1383/376
f 148/1384/378 117/1385/378 116/1386/378 147/1387/378
f 231/1388/379 230/1389/379 205/1390/379 220/1391/379
f 214/1392/380 240/1393/380 286/1394/380 233/1395/380
f 280/1396/381 355/1397/381 284/1398/381 55/1399/381
f 99/1400/382 298/1401/383 297/1402/384
f 138/1403/385 87/1404/385 317/1405/386 318/1406/386
f 128/1407/387 144/1408/387 88/1409/387 129/1410/387
f 80/1411/13 81/1412/13 171/1413/13 172/1414/13
f 219/1415/388 232/1416/388 231/1417/388 220/1418/388
f 97/1419/389 98/1420/389 91/1421/389 92/1422/389
f 211/1423/154 190/1424/154 301/1425/154 223/1426/154
f 100/1427/390 79/1428/390 78/1429/390 105/1430/390
f 98/1431/391 99/1432/391 154/1433/391 115/1434/391
f 110/1435/392 107/1436/392 106/1437/392 111/1438/392
f 211/1439/393 250/1440/393 154/1441/393 115/1442/393
f 166/1443/394 235/1444/394 158/1445/394 77/1446/394
f 223/1447/395 102/1448/395 142/1449/395 222/1450/395
f 150/1451/396 330/1452/397 332/1453/398
f 198/1454/399 291/1455/399 215/1456/399 197/1457/399
f 173/1458/400 82/1459/400 140/1460/400 261/1461/400
f 214/1462/401 123/1463/401 161/1464/401 240/1465/401
f 251/1466/402 294/1467/402 293/1468/402 216/1469/402
f 254/1470/403 256/1471/404 110/1472/405 111/1473/403
f 206/1474/406 224/1475/406 260/1476/406 259/1477/406
f 234/1478/407 118/1479/407 157/1480/407 288/1481/408
f 239/1482/409 203/1483/409 359/1484/409 234/1485/409
f 185/1486/13 186/1487/13 85/1488/13 76/1489/13
f 103/1490/410 264/1491/410 271/1492/410 269/1493/410
f 254/1494/411 182/1495/411 181/1496/411 253/1497/411
f 205/1498/412 127/1499/412 99/1500/412 220/1501/412
f 98/1502/413 115/1503/413 90/1504/413 91/1505/413
f 91/1506/414 98/1507/415 218/1508/416 194/1509/414
f 277/1510/417 276/1511/417 165/1512/417 207/1513/417
f 106/1514/418 146/1515/418 83/1516/418 111/1517/418
f 297/1518/419 218/1519/420 98/1520/421 99/1521/422
f 211/1522/423 223/1523/423 222/1524/423 250/1525/423
f 28/1526/424 21/1527/424 19/1528/424 5/1529/424
f 74/1530/425 75/1531/425 50/1532/425 39/1533/425
f 170/1534/426 221/1535/426 141/1536/426 79/1537/426
f 112/1538/427 252/1539/428 251/1540/429
f 100/1541/430 105/1542/430 104/1543/430 101/1544/430
f 117/1545/431 148/1546/431 108/1547/431 135/1548/431
f 175/1549/432 152/1550/432 153/1551/432 251/1552/432
f 183/1553/433 322/1554/434 227/1555/435 184/1556/435
f 227/1557/436 326/1558/437 148/1559/436 147/1560/436
f 153/1561/438 229/1562/439 289/1563/440 112/1564/441
f 44/1565/13 281/1566/13 343/1567/13 54/1568/13
f 237/1569/442 121/1570/442 159/1571/442 236/1572/442
f 187/1573/443 225/1574/443 103/1575/443 143/1576/443
f 248/1577/444 326/1578/444 227/1579/444 322/1580/444
f 243/1581/445 242/1582/445 307/1583/445
f 307/1584/445 306/1585/445 243/1586/445
f 246/1587/446 245/1588/446 247/1589/446 304/1590/446
f 186/1591/447 233/1592/447 156/1593/447 85/1594/447
f 303/1595/326 122/1596/448 304/1597/449
f 215/1598/450 312/1599/450 125/1600/450 126/1601/450
f 257/1602/451 100/1603/451 101/1604/451 259/1605/451
f 207/1606/452 130/1607/452 145/1608/452 226/1609/452
f 93/1610/453 201/1611/161 333/1612/454
f 117/1613/455 135/1614/164 212/1615/456
f 297/1616/457 263/1617/457 204/1618/457 218/1619/457
f 172/1620/458 230/1621/458 114/1622/458 80/1623/458
f 128/1624/459 101/1625/459 104/1626/459 144/1627/459
f 78/1628/460 273/1629/460 274/1630/460 130/1631/460
f 22/1632/461 21/1633/461 28/1634/461 27/1635/461
f 179/1636/462 133/1637/462 132/1638/462 209/1639/462
f 120/1640/463 119/1641/463 123/1642/463 122/1643/463
f 55/1644/166 60/1645/166 342/1646/166
f 342/1647/166 341/1648/166 280/1649/166
f 253/1650/464 106/1651/464 107/1652/464 255/1653/464
f 50/1654/465 75/1655/466 349/1656/467
f 349/1657/468 348/1658/466 343/1659/469
f 204/1660/470 263/1661/470 96/1662/470 97/1663/470
f 163/1664/471 77/1665/471 119/1666/471 245/1667/471
f 189/1668/472 188/1669/472 129/1670/472 88/1671/472
f 235/1672/473 267/1673/473 265/1674/473 158/1675/473
f 184/1676/474 227/1677/474 147/1678/474 84/1679/474
f 199/1680/475 228/1681/475 109/1682/475 149/1683/475
f 180/1684/476 241/1685/476 124/1686/476 162/1687/476
f 167/1688/477 79/1689/477 100/1690/477 257/1691/477
f 230/1692/478 231/1693/478 154/1694/478 114/1695/478
f 174/1696/13 81/1697/13 82/1698/13 173/1699/13
f 275/1700/479 274/1701/479 158/1702/479 265/1703/479
f 360/1704/480 203/1705/480 87/1706/480 95/1707/480
f 22/1708/481 27/1709/481 18/1710/481 17/1711/481
f 135/1712/482 136/1713/483 202/1714/484
f 165/1715/485 78/1716/485 130/1717/485 207/1718/485
f 113/1719/486 210/1720/487 252/1721/488
f 116/1722/180 324/1723/180 323/1724/180
f 31/1725/489 7/1726/489 13/1727/489 30/1728/489
f 261/1729/490 140/1730/490 96/1731/490 263/1732/490
f 195/1733/491 210/1734/491 113/1735/491 134/1736/491
f 38/1737/492 12/1738/492 1/1739/492 22/1740/492
f 192/1741/493 232/1742/493 219/1743/493 191/1744/493
f 316/1745/494 86/1746/494 121/1747/494 237/1748/494
f 177/1749/495 162/1750/495 124/1751/495 244/1752/495
f 118/1753/496 234/1754/497 359/1755/498 95/1756/499
f 219/1757/500 220/1758/500 99/1759/500 98/1760/500
f 94/1761/501 328/1762/184 202/1763/502
f 241/1764/503 242/1765/503 125/1766/503 124/1767/503
f 241/1768/504 209/1769/504 308/1770/504
f 278/1771/505 267/1772/505 235/1773/505 277/1774/505
f 327/1775/506 326/1776/506 248/1777/506 212/1778/506
f 37/1779/507 30/1780/507 13/1781/507 11/1782/507
f 170/1783/13 79/1784/13 80/1785/13 169/1786/13
f 276/1787/13 273/1788/13 78/1789/13 165/1790/13
f 190/1791/508 211/1792/508 115/1793/508 90/1794/508
f 103/1795/509 269/1796/509 268/1797/509 143/1798/509
f 213/1799/510 247/1800/510 120/1801/510 137/1802/510
f 237/1803/511 236/1804/511 272/1805/511 270/1806/511
f 193/1807/512 204/1808/512 97/1809/512 92/1810/512
f 200/1811/513 139/1812/513 126/1813/513 243/1814/513
f 287/1815/514 240/1816/514 239/1817/514 234/1818/514
f 245/1819/515 119/1820/515 120/1821/515 247/1822/515
f 299/1823/516 262/1824/516 261/1825/516 263/1826/516
f 282/1827/274 43/1828/274 66/1829/274 285/1830/274
f 10/1831/517 34/1832/517 32/1833/517 9/1834/517
f 62/1835/115 40/1836/115 41/1837/115 61/1838/115
f 311/1839/518 310/1840/519 289/1841/520
f 280/1842/188 341/1843/188 356/1844/188
f 357/1845/22 356/1846/22 342/1847/22
f 352/1848/521 56/1849/521 43/1850/521 282/1851/521
f 4/1852/274 25/1853/274 23/1854/274 3/1855/274
f 164/1856/13 76/1857/13 77/1858/13 163/1859/13
f 322/1860/444 325/1861/444 248/1862/444
f 319/1863/522 321/1864/523 73/1865/524
f 321/1866/525 320/1867/200 49/1868/526
f 353/1869/201 352/1870/201 282/1871/201
f 285/1872/22 66/1873/22 353/1874/22
f 66/1875/22 65/1876/22 351/1877/22
f 288/1878/527 157/1879/528 286/1880/528
f 292/1881/439 112/1882/529 289/1883/530
f 196/1884/531 195/1885/531 134/1886/531 92/1887/531
f 64/1888/113 63/1889/113 42/1890/113 58/1891/113
f 251/1892/402 252/1893/402 294/1894/402
f 74/1895/22 345/1896/22 349/1897/22 75/1898/22
f 297/1899/457 299/1900/457 263/1901/457
f 225/1902/532 270/1903/532 272/1904/532 266/1905/532
f 159/1906/533 271/1907/533 272/1908/533 236/1909/533
f 309/1910/534 151/1911/535 306/1912/536
f 151/1913/537 109/1914/538 306/1915/539
f 243/1916/540 126/1917/540 125/1918/540 242/1919/540
f 225/1920/541 187/1921/542 313/1922/543 270/1923/544
f 77/1924/545 76/1925/545 123/1926/545 119/1927/545
f 238/1928/546 305/1929/546 247/1930/546 213/1931/546
f 183/1932/547 323/1933/435 322/1934/548
f 215/1935/549 291/1936/549 290/1937/549 310/1938/549
f 131/1939/550 335/1940/551 334/1941/552
f 331/1942/553 208/1943/553 334/1944/553
f 333/1945/553 201/1946/553 332/1947/553
f 47/1948/231 70/1949/231 336/1950/231
f 69/1951/233 338/1952/233 340/1953/233
f 198/1954/554 134/1955/554 113/1956/554 291/1957/554
f 74/1958/555 39/1959/555 345/1960/556
f 39/1961/557 281/1962/558 345/1963/558
f 244/1964/559 311/1965/560 289/1966/561 229/1967/559
f 350/1968/22 344/1969/22 347/1970/22
f 351/1971/166 65/1972/166 56/1973/166
f 315/1974/562 268/1975/562 86/1976/562 316/1977/562
f 95/1978/480 358/1979/480 360/1980/480
f 168/1981/13 78/1982/13 79/1983/13 167/1984/13
f 81/1985/563 80/1986/563 114/1987/563 127/1988/563
f 174/1989/564 173/1990/564 261/1991/564 262/1992/564
f 276/1993/13 166/1994/13 77/1995/13 273/1996/13
f 329/1997/565 108/1998/565 148/1999/565 326/2000/566
f 149/2001/567 109/2002/567 126/2003/567 139/2004/567
f 208/2005/568 255/2006/568 107/2007/568 131/2008/568
f 16/2009/13 6/2010/13 1/2011/13 12/2012/13
f 22/2013/569 1/2014/569 6/2015/569 27/2016/569
f 260/2017/570 258/2018/570 257/2019/570 259/2020/570
f 145/2021/571 275/2022/571 278/2023/571 226/2024/571
f 193/2025/572 92/2026/572 91/2027/572 194/2028/572
f 332/2029/553 331/2030/553 334/2031/553 333/2032/553
f 294/2033/573 210/2034/573 217/2035/573 295/2036/573
f 45/2037/194 51/2038/194 338/2039/194 69/2040/194
f 192/2041/574 191/2042/574 91/2043/574 90/2044/574
f 242/2045/504 241/2046/504 308/2047/504 307/2048/504
f 156/2049/575 233/2050/575 286/2051/575 157/2052/575
f 181/2053/576 146/2054/576 106/2055/576 253/2056/576
f 38/2057/577 29/2058/577 16/2059/577 12/2060/577
f 97/2061/578 92/2062/578 134/2063/578 113/2064/578
f 54/2065/517 343/2066/517 348/2067/517 67/2068/517
f 189/2069/579 88/2070/579 144/2071/579 224/2072/579
f 174/2073/580 262/2074/580 127/2075/580 81/2076/580
f 178/2077/13 152/2078/13 162/2079/13 177/2080/13
f 143/2081/581 268/2082/582 314/2083/583 187/2084/584
f 206/2085/585 259/2086/585 101/2087/585 128/2088/585
f 185/2089/586 76/2090/586 123/2091/586 214/2092/586
f 198/2093/587 197/2094/587 139/2095/587 134/2096/587
f 181/2097/588 182/2098/588 83/2099/588 146/2100/588
f 278/2101/589 277/2102/589 207/2103/589 226/2104/589
f 249/2105/590 114/2106/590 154/2107/590 250/2108/590
f 90/2109/211 89/2110/211 302/2111/211 190/2112/211
f 131/2113/591 150/2114/591 93/2115/591 335/2116/591
f 188/2117/592 206/2118/592 128/2119/592 129/2120/592
f 271/2121/593 159/2122/593 121/2123/593 269/2124/593
f 48/2125/594 71/2126/594 70/2127/594 47/2128/594
f 232/2129/595 115/2130/595 154/2131/595 231/2132/595
f 14/2133/596 35/2134/596 34/2135/596 10/2136/596
f 55/2137/597 284/2138/597 283/2139/597 60/2140/597
f 284/2141/597 57/2142/597 59/2143/597 283/2144/597
f 311/2145/377 244/2146/377 124/2147/377 125/2148/377
f 7/2149/274 31/2150/274 36/2151/274 15/2152/274
