# Blender v3.0.0 OBJ File: 'aa.blend'
# www.blender.org
mtllib Bones_Head.mtl
o Bones_Head
v 0.348596 0.274102 -0.201803
v -0.255026 0.634011 -0.358964
v 0.349555 0.163764 -0.257081
v -0.414313 0.442855 -0.347284
v 0.592327 0.101078 -0.157109
v 0.454559 0.216269 -0.188287
v 0.455197 0.204026 -0.187521
v 0.364506 0.351200 -0.181610
v 0.346304 0.166035 -0.210622
v 0.594992 0.097921 -0.123512
v -0.043465 0.241081 -0.342890
v 0.073276 0.470646 -0.242132
v -0.031787 0.278948 -0.170310
v 0.008568 0.194504 -0.323360
v 0.282452 0.122290 -0.268514
v 0.280879 0.124443 -0.181982
v 0.006010 0.200681 -0.249926
v -0.211550 0.342769 -0.321786
v -0.111778 0.607027 -0.146234
v -0.421405 0.483550 -0.317325
v 0.387298 0.180032 -0.246048
v 0.052091 0.331004 -0.304647
v -0.190663 0.354212 -0.327370
v 0.385327 0.179757 -0.217287
v -0.153645 0.550043 -0.393517
v 0.077978 0.469329 -0.319913
v 0.010861 0.318079 -0.390657
v -0.177325 0.371180 -0.466988
v -0.237363 0.649915 -0.156287
v 0.366403 0.359073 -0.152171
v 0.083867 0.507739 -0.212273
v -0.392329 0.555234 -0.161113
v 0.503493 0.133425 -0.202450
v 0.503153 0.133405 -0.160687
v -0.346696 0.537673 -0.360225
v 0.596318 0.107299 -0.148115
v 0.347068 0.245262 -0.256539
v 0.632155 0.108966 -0.122923
v 0.046799 0.345509 -0.319946
v -0.262262 0.475749 -0.363078
v 0.083899 0.376869 -0.327032
v -0.187463 0.429333 -0.438039
v 0.506365 0.152674 -0.189882
v 0.172894 0.203026 -0.295956
v 0.232848 0.344047 -0.206238
v 0.245675 0.422793 -0.155417
v 0.173744 0.213532 -0.239736
v 0.156449 0.143330 -0.348546
v 0.156396 0.146397 -0.301785
v 0.208135 0.291346 -0.251822
v 0.208217 0.290414 -0.265760
v 0.416291 0.319821 -0.197967
v 0.405544 0.241731 -0.192147
v 0.411391 0.166492 -0.239303
v 0.410344 0.167581 -0.194467
v 0.401457 0.214305 -0.219113
v -0.135847 0.293045 -0.325342
v -0.029606 0.524945 -0.267448
v -0.038287 0.573544 -0.171075
v -0.096633 0.336855 -0.340956
v -0.031067 0.533290 -0.364043
v -0.084072 0.339980 -0.429166
v -0.028680 0.515146 -0.161586
v -0.034770 0.517559 -0.376781
v 0.046504 0.456867 -0.343187
v 0.044034 0.387232 -0.340566
v -0.010743 0.348315 -0.384568
v -0.167612 0.434048 -0.425993
v -0.156101 0.383572 -0.444803
v -0.080225 0.356511 -0.416872
v -0.141340 0.526922 -0.399472
v 0.034552 0.471119 -0.157974
v 0.025439 0.403451 -0.155090
v -0.051327 0.375450 -0.148325
v -0.150662 0.476253 -0.160225
v -0.148898 0.418493 -0.161943
v -0.099870 0.394618 -0.154845
v -0.100866 0.521871 -0.165382
v -0.062846 0.447513 -0.158503
v -0.030880 0.510545 -0.280437
v -0.167223 0.529724 -0.287868
v -0.187834 0.409452 -0.286346
v -0.097244 0.374259 -0.272476
v -0.221637 0.482804 -0.289522
v 0.056738 0.457862 -0.264349
v 0.055508 0.388046 -0.263308
v -0.015654 0.351632 -0.258168
v -0.158341 0.525175 -0.377331
v -0.084352 0.357512 -0.388055
v -0.185390 0.468916 -0.389928
v 0.046976 0.454729 -0.326988
v -0.016343 0.347085 -0.362961
v -0.036053 0.512692 -0.357692
v -0.159528 0.385847 -0.408182
v 0.043938 0.384109 -0.321375
v -0.397029 0.641724 -0.366029
v -0.353057 0.698345 -0.363293
v -0.372839 0.719488 -0.251491
v -0.439617 0.652795 -0.255938
v -0.298045 0.368853 -0.333607
v -0.235694 0.607093 -0.334862
v -0.293037 0.423061 -0.327227
v -0.308703 0.524813 -0.362290
v -0.003882 0.324445 -0.366957
v -0.186938 0.380380 -0.378369
v -0.206305 0.583130 -0.317908
v 0.070462 0.468754 -0.297317
v 0.057843 0.379719 -0.304680
v -0.220227 0.434601 -0.391532
v -0.092283 0.345694 -0.377947
v -0.313816 0.417120 -0.400446
v -0.281378 0.342445 -0.381188
v -0.272200 0.351454 -0.340407
v -0.306508 0.419051 -0.367808
v -0.210884 0.387113 -0.385393
v -0.230764 0.420576 -0.392535
v -0.214686 0.417584 -0.412624
v -0.205918 0.382608 -0.424052
v -0.395424 0.426301 -0.350146
v -0.390280 0.388032 -0.331391
v -0.364813 0.395115 -0.315953
v -0.372250 0.428777 -0.336407
v -0.407155 0.372173 -0.266990
v -0.332850 0.328139 -0.272021
v 0.373382 0.345066 -0.170130
v 0.624646 0.114941 -0.114788
v 0.438154 0.310173 -0.140118
v 0.421670 0.316083 -0.167584
v 0.456506 0.217733 -0.167380
v 0.322742 0.369320 -0.163740
v 0.323183 0.376975 -0.132205
v 0.368844 0.339170 -0.181999
v 0.091784 0.407975 -0.189864
v 0.043415 0.305044 -0.147661
v 0.093563 0.450173 -0.154262
v 0.266760 0.347124 -0.168653
v 0.277624 0.385909 -0.130793
v 0.428843 0.181328 -0.143820
v 0.018727 0.360077 -0.154378
v 0.047483 0.392340 -0.168128
v 0.140001 0.391105 -0.185384
v 0.143920 0.433993 -0.151353
v 0.139328 0.274573 -0.147437
v -0.031705 0.239085 -0.251919
v -0.028793 0.230825 -0.333441
v 0.315402 0.132424 -0.189373
v 0.317813 0.129950 -0.268216
v 0.158855 0.156030 -0.345322
v 0.159851 0.162179 -0.294843
v -0.417513 0.619731 -0.397351
v -0.323475 0.693498 -0.398101
v -0.345954 0.735359 -0.218457
v -0.475807 0.651299 -0.217570
v -0.683179 0.674658 -0.346177
v -0.642313 0.679909 -0.456493
v -0.640159 0.751241 -0.457826
v -0.668631 0.764268 -0.346033
v -0.858676 0.639082 -0.499742
v -0.882704 0.680868 -0.500445
v -0.902314 0.681634 -0.431655
v -0.878789 0.626474 -0.430375
v -1.012444 0.507488 -0.509683
v -1.025439 0.521187 -0.509602
v -1.032825 0.519584 -0.484082
v -1.017977 0.501254 -0.483610
v 0.348596 0.274102 0.040695
v -0.255026 0.634011 0.197855
v 0.349555 0.163764 0.095972
v -0.414313 0.442855 0.186175
v 0.592327 0.101078 -0.004000
v 0.454559 0.216269 0.027178
v 0.455197 0.204026 0.026413
v -0.490993 0.475769 -0.080554
v 0.364506 0.351200 0.020501
v 0.346304 0.166035 0.049513
v 0.594992 0.097921 -0.037597
v -0.043465 0.241081 0.181782
v 0.073276 0.470646 0.081023
v -0.031787 0.278948 0.009201
v 0.008568 0.194504 0.162251
v 0.282452 0.122290 0.107405
v 0.280879 0.124443 0.020874
v 0.006010 0.200682 0.088818
v -0.211550 0.342769 0.160678
v -0.111778 0.607027 -0.014875
v -0.421405 0.483550 0.156216
v 0.387298 0.180032 0.084940
v 0.052091 0.331004 0.143538
v -0.190663 0.354212 0.166261
v 0.385327 0.179757 0.056178
v -0.153645 0.550043 0.232408
v 0.077978 0.469329 0.158804
v 0.010861 0.318079 0.229548
v -0.177325 0.371180 0.305880
v -0.237363 0.649915 -0.004822
v 0.591258 0.102416 -0.080554
v 0.366403 0.359073 -0.008938
v 0.595803 0.115238 -0.080554
v 0.083867 0.507739 0.051164
v -0.392329 0.555234 0.000004
v 0.503493 0.133425 0.041341
v 0.503153 0.133405 -0.000421
v 0.507769 0.131988 -0.080554
v -0.346696 0.537673 0.199116
v 0.596318 0.107299 -0.012994
v 0.347068 0.245262 0.095430
v 0.632155 0.108966 -0.038186
v 0.046799 0.345509 0.158838
v -0.262262 0.475749 0.201969
v 0.083899 0.376869 0.165923
v -0.187463 0.429333 0.276931
v 0.506365 0.152674 0.028773
v 0.172894 0.203026 0.134848
v 0.232848 0.344047 0.045129
v 0.245675 0.422793 -0.005692
v 0.173744 0.213532 0.078627
v 0.156449 0.143330 0.187437
v 0.156396 0.146397 0.140677
v 0.208135 0.291346 0.090713
v 0.182016 0.212201 -0.080554
v 0.208217 0.290414 0.104651
v 0.416291 0.319821 0.036858
v 0.405544 0.241731 0.031038
v 0.411391 0.166492 0.078195
v 0.410344 0.167581 0.033358
v 0.401457 0.214305 0.058004
v -0.135847 0.293045 0.164234
v -0.029606 0.524945 0.106339
v -0.038287 0.573544 0.009966
v -0.096633 0.336855 0.179847
v -0.031067 0.533290 0.202935
v -0.084072 0.339980 0.268057
v -0.028680 0.515146 0.000477
v -0.034770 0.517559 0.215672
v 0.046504 0.456867 0.182078
v 0.044034 0.387232 0.179457
v -0.010743 0.348315 0.223459
v -0.167611 0.434048 0.264885
v -0.156101 0.383572 0.283695
v -0.080225 0.356511 0.255764
v -0.141339 0.526922 0.238364
v 0.034552 0.471119 -0.003134
v 0.025439 0.403451 -0.006019
v -0.051327 0.375450 -0.012784
v -0.150662 0.476253 -0.000884
v -0.148898 0.418493 0.000834
v -0.099870 0.394618 -0.006263
v -0.100866 0.521871 0.004274
v -0.062846 0.447513 -0.002606
v -0.030880 0.510545 0.119328
v -0.167223 0.529724 0.126760
v -0.187834 0.409452 0.125238
v -0.097244 0.374259 0.111368
v -0.221637 0.482804 0.128413
v 0.056738 0.457863 0.103240
v 0.055508 0.388046 0.102199
v -0.015654 0.351632 0.097059
v -0.158341 0.525175 0.216222
v -0.084352 0.357512 0.226946
v -0.185390 0.468916 0.228819
v 0.046976 0.454729 0.165879
v -0.016343 0.347085 0.201852
v -0.036052 0.512692 0.196583
v -0.159528 0.385847 0.247073
v 0.043938 0.384109 0.160267
v -0.397029 0.641724 0.204920
v -0.353057 0.698345 0.202184
v -0.372839 0.719488 0.090383
v -0.439617 0.652795 0.094829
v -0.298045 0.368853 0.172498
v -0.235694 0.607093 0.173753
v -0.293037 0.423061 0.166118
v -0.273690 0.369446 -0.080554
v -0.308703 0.524813 0.201181
v -0.003882 0.324445 0.205848
v -0.186938 0.380380 0.217260
v -0.206305 0.583130 0.156799
v 0.070462 0.468754 0.136209
v 0.057843 0.379719 0.143571
v -0.220227 0.434601 0.230423
v -0.092283 0.345694 0.216839
v -0.313816 0.417120 0.239337
v -0.281378 0.342445 0.220080
v -0.272200 0.351454 0.179299
v -0.306508 0.419051 0.206699
v -0.210884 0.387113 0.224284
v -0.230764 0.420576 0.231427
v -0.214686 0.417584 0.251516
v -0.205918 0.382608 0.262943
v -0.395424 0.426301 0.189037
v -0.390280 0.388032 0.170282
v -0.364813 0.395115 0.154845
v -0.372250 0.428777 0.175298
v -0.473442 0.376902 -0.080554
v -0.407155 0.372174 0.105881
v -0.332850 0.328139 0.110912
v -0.368241 0.302952 -0.080554
v 0.373382 0.345066 0.009022
v 0.624646 0.114941 -0.046321
v 0.438154 0.310173 -0.020990
v 0.586622 0.125888 -0.080554
v 0.421670 0.316083 0.006476
v 0.456506 0.217733 0.006271
v 0.322742 0.369320 0.002631
v 0.323183 0.376975 -0.028903
v 0.533607 0.148823 -0.080554
v 0.368844 0.339171 0.020891
v 0.091784 0.407975 0.028756
v 0.043415 0.305044 -0.013447
v 0.093563 0.450173 -0.006846
v 0.266760 0.347124 0.007544
v 0.277624 0.385909 -0.030315
v 0.426868 0.184204 -0.080554
v 0.428843 0.181328 -0.017289
v 0.018727 0.360077 -0.006730
v 0.006262 0.429020 -0.080554
v -0.013685 0.374121 -0.080554
v 0.047483 0.392340 0.007020
v 0.140001 0.391105 0.024276
v 0.115029 0.281315 -0.080554
v 0.143920 0.433993 -0.009756
v 0.139328 0.274573 -0.013671
v -0.031705 0.239085 0.090810
v -0.028793 0.230825 0.172332
v 0.315402 0.132424 0.028265
v 0.317813 0.129950 0.107108
v 0.158855 0.156030 0.184214
v 0.159851 0.162179 0.133734
v -0.129751 0.317587 -0.080554
v -0.095392 0.599742 -0.080554
v 0.402653 0.170630 -0.080554
v -0.043771 0.566320 -0.080554
v 0.392529 0.338276 -0.080554
v 0.074840 0.471903 -0.080554
v 0.158278 0.437764 -0.080554
v 0.319659 0.173543 -0.080554
v 0.370292 0.371255 -0.080554
v 0.242295 0.435966 -0.080554
v 0.372987 0.186029 -0.080554
v -0.288649 0.607117 -0.080554
v -0.147838 0.627572 -0.080554
v 0.532606 0.292003 -0.080554
v 0.528770 0.276097 -0.080554
v 0.026020 0.308296 -0.080554
v 0.062723 0.525719 -0.080554
v 0.477110 0.313573 -0.080554
v -0.417513 0.619731 0.236242
v -0.323475 0.693498 0.236992
v -0.345954 0.735359 0.057348
v -0.475808 0.651299 0.056462
v -0.683179 0.674658 0.185068
v -0.642313 0.679909 0.295384
v -0.640159 0.751241 0.296717
v -0.668631 0.764268 0.184925
v -0.858676 0.639082 0.338634
v -0.882704 0.680868 0.339337
v -0.902314 0.681635 0.270546
v -0.878789 0.626474 0.269267
v -1.012444 0.507488 0.348574
v -1.025439 0.521187 0.348494
v -1.032825 0.519584 0.322973
v -1.017977 0.501254 0.322501
v 0.557813 0.007684 -0.206465
v -0.438020 0.200447 -0.386969
v 0.553033 0.069756 -0.240172
v -0.376614 0.297418 -0.397104
v 0.125642 -0.000000 -0.312828
v 0.113476 0.093525 -0.366733
v -0.117876 -0.000000 -0.372284
v -0.114347 0.177758 -0.413246
v -0.274786 0.065971 -0.416432
v -0.178152 0.279966 -0.421319
v -0.376480 0.400312 -0.408623
v -0.209632 0.406029 -0.436587
v -0.374138 0.125830 -0.403855
v -0.283525 0.295819 -0.408685
v -0.286901 0.403905 -0.425775
v -0.329104 0.519544 -0.425306
v -0.362716 0.485897 -0.419229
v -0.254622 0.469868 -0.432605
v -0.298791 0.445730 -0.426737
v 0.265708 0.081850 -0.292441
v 0.272995 0.037676 -0.272890
v 0.483960 0.086115 -0.250918
v 0.481761 0.024358 -0.225563
v 0.576552 -0.000000 -0.139205
v -0.427244 0.200497 -0.346025
v 0.577311 0.067964 -0.151498
v -0.370308 0.297207 -0.342922
v 0.129204 -0.000000 -0.238751
v 0.119548 0.112887 -0.275742
v -0.115039 -0.000000 -0.312236
v -0.110586 0.199078 -0.339642
v -0.273548 0.068436 -0.347033
v -0.176890 0.280952 -0.346098
v -0.375752 0.399958 -0.345553
v -0.209988 0.406105 -0.397009
v -0.360091 0.124169 -0.353396
v -0.284176 0.295614 -0.340437
v -0.286845 0.404352 -0.384242
v -0.314565 0.515261 -0.403032
v -0.347613 0.481833 -0.397118
v -0.254546 0.470289 -0.393984
v -0.298156 0.446284 -0.388836
v 0.265498 0.090204 -0.227142
v 0.273544 0.036369 -0.202612
v 0.494067 0.086106 -0.137471
v 0.494691 0.021074 -0.125150
v 0.401326 0.030400 -0.244018
v 0.406608 0.084572 -0.257609
v 0.402929 0.029048 -0.145162
v 0.399955 0.086219 -0.163478
v -0.339249 0.483426 -0.422145
v -0.318009 0.503380 -0.424375
v -0.328284 0.479577 -0.397072
v -0.306166 0.499866 -0.399856
v 0.557813 0.007684 0.045356
v -0.438020 0.200447 0.225860
v 0.553034 0.069756 0.079063
v -0.376613 0.297418 0.235996
v 0.125642 0.000000 0.151573
v 0.113476 0.093525 0.205624
v -0.117876 0.000000 0.211029
v -0.114347 0.177758 0.252138
v -0.274786 0.065971 0.255324
v -0.178152 0.279966 0.260210
v -0.376480 0.400312 0.247514
v -0.209632 0.406029 0.275479
v -0.374138 0.125830 0.242747
v -0.283525 0.295819 0.247576
v -0.286901 0.403905 0.264666
v -0.329104 0.519544 0.264197
v -0.362716 0.485897 0.258121
v -0.254622 0.469868 0.271496
v -0.298790 0.445730 0.265629
v 0.265708 0.081850 0.131333
v 0.272995 0.037676 0.111782
v 0.483960 0.086115 0.089809
v 0.481761 0.024358 0.064454
v 0.576552 -0.000000 -0.021903
v -0.427244 0.200497 0.184917
v 0.577311 0.067964 -0.009611
v -0.370308 0.297207 0.181814
v 0.129204 0.000000 0.077496
v 0.119548 0.112887 0.114634
v -0.115039 0.000000 0.150981
v -0.110586 0.199078 0.178533
v -0.273548 0.068436 0.185925
v -0.176890 0.280952 0.184989
v -0.375752 0.399958 0.184444
v -0.209988 0.406105 0.235900
v -0.360091 0.124169 0.192288
v -0.284175 0.295614 0.179328
v -0.286845 0.404352 0.223134
v -0.314565 0.515261 0.241924
v -0.347613 0.481833 0.236010
v -0.254546 0.470289 0.232876
v -0.298156 0.446284 0.227727
v 0.265498 0.090204 0.066034
v 0.273544 0.036369 0.041503
v 0.494067 0.086106 -0.023637
v 0.494691 0.021074 -0.035959
v 0.401326 0.030400 0.082909
v 0.406608 0.084572 0.096500
v 0.402929 0.029048 -0.015946
v 0.399955 0.086219 0.002370
v -0.339249 0.483426 0.261036
v -0.318009 0.503380 0.263266
v -0.328284 0.479577 0.235963
v -0.306166 0.499866 0.238747
vt 0.076416 0.356596
vt 0.076663 0.271058
vt 0.115307 0.271023
vt 0.115307 0.357726
vt 0.538707 0.726730
vt 0.583042 0.724239
vt 0.583042 0.751746
vt 0.535293 0.746750
vt 0.053423 0.868821
vt 0.053423 0.904775
vt 0.034458 0.875053
vt 0.526571 0.944563
vt 0.508927 0.943505
vt 0.509233 0.919309
vt 0.526571 0.917656
vt 0.327890 0.076434
vt 0.327890 0.085086
vt 0.315283 0.078157
vt 0.263514 0.891605
vt 0.241836 0.892985
vt 0.243957 0.862127
vt 0.263514 0.859563
vt 0.657282 0.127472
vt 0.628914 0.109864
vt 0.657282 0.060189
vt 0.968805 0.553901
vt 0.968805 0.614040
vt 0.965730 0.556507
vt 0.692377 0.985462
vt 0.681984 0.974367
vt 0.692377 0.967026
vt 0.415744 0.719726
vt 0.380541 0.724565
vt 0.399743 0.681122
vt 0.415744 0.680657
vt 0.496438 0.060189
vt 0.496438 0.141215
vt 0.462068 0.105917
vt 0.933995 0.874748
vt 0.933995 0.912332
vt 0.919922 0.885951
vt 0.123206 0.437780
vt 0.130740 0.391472
vt 0.174328 0.389359
vt 0.174328 0.448865
vt 0.373564 0.685496
vt 0.373564 0.724565
vt 0.357563 0.724101
vt 0.338361 0.680657
vt 0.564413 0.972528
vt 0.553134 0.973290
vt 0.556596 0.942994
vt 0.564413 0.942920
vt 0.662125 0.703849
vt 0.687734 0.704309
vt 0.687734 0.740236
vt 0.652961 0.745793
vt 0.534571 0.476839
vt 0.500281 0.425848
vt 0.534571 0.396081
vt 0.778766 0.453233
vt 0.757713 0.415157
vt 0.778766 0.396081
vt 0.955616 0.688392
vt 0.961223 0.634594
vt 0.961223 0.689753
vt 0.980074 0.670085
vt 0.980074 0.698495
vt 0.968476 0.695929
vt 0.968200 0.670033
vt 0.972370 0.544211
vt 0.976695 0.495381
vt 0.976695 0.544850
vt 0.529452 0.483816
vt 0.529452 0.567243
vt 0.500281 0.560682
vt 0.006288 0.873030
vt 0.003499 0.843622
vt 0.026932 0.840953
vt 0.026932 0.876279
vt 0.028749 0.833976
vt 0.003499 0.830438
vt 0.028749 0.794803
vt 0.589097 0.859104
vt 0.575920 0.802327
vt 0.589097 0.798838
vt 0.657874 0.470340
vt 0.657874 0.499925
vt 0.633311 0.491538
vt 0.634450 0.474192
vt 0.709166 0.902534
vt 0.716612 0.879927
vt 0.716612 0.937542
vt 0.770594 0.812455
vt 0.765896 0.778355
vt 0.794066 0.779062
vt 0.794066 0.817619
vt 0.009899 0.383480
vt 0.003488 0.356730
vt 0.068549 0.337389
vt 0.068549 0.386521
vt 0.969241 0.752532
vt 0.962640 0.751109
vt 0.961625 0.715235
vt 0.969241 0.710797
vt 0.651423 0.385610
vt 0.651232 0.376151
vt 0.664873 0.373161
vt 0.664873 0.388463
vt 0.170910 0.950148
vt 0.170029 0.927283
vt 0.183786 0.923651
vt 0.183786 0.954145
vt 0.925204 0.109285
vt 0.928153 0.074876
vt 0.937605 0.080711
vt 0.937605 0.115119
vt 0.931190 0.919309
vt 0.931190 0.956493
vt 0.922090 0.954160
vt 0.919922 0.920215
vt 0.957631 0.911322
vt 0.959315 0.875473
vt 0.965752 0.874748
vt 0.965752 0.915599
vt 0.242076 0.805462
vt 0.241836 0.766765
vt 0.267626 0.774439
vt 0.267626 0.811642
vt 0.950654 0.921079
vt 0.940972 0.877327
vt 0.950654 0.874748
vt 0.965390 0.819419
vt 0.956796 0.800551
vt 0.965390 0.778355
vt 0.234483 0.799641
vt 0.231409 0.781733
vt 0.234483 0.779125
vt 0.976531 0.167616
vt 0.986396 0.151709
vt 0.986396 0.170209
vt 0.739508 0.176618
vt 0.738549 0.125035
vt 0.761913 0.131851
vt 0.761913 0.182106
vt 0.483525 0.973434
vt 0.480063 0.943138
vt 0.491341 0.943899
vt 0.491341 0.973508
vt 0.912945 0.908716
vt 0.894129 0.905061
vt 0.898562 0.878572
vt 0.912945 0.874748
vt 0.988876 0.106251
vt 0.988876 0.143866
vt 0.983158 0.111520
vt 0.785982 0.939457
vt 0.789552 0.938096
vt 0.789552 0.973887
vt 0.781954 0.973629
vt 0.720142 0.455697
vt 0.694520 0.417098
vt 0.720142 0.396081
vt 0.841910 0.653574
vt 0.841910 0.701325
vt 0.822247 0.688965
vt 0.833890 0.653230
vt 0.417493 0.074402
vt 0.455091 0.074477
vt 0.455091 0.137358
vt 0.409565 0.141215
vt 0.842376 0.847599
vt 0.830810 0.800951
vt 0.842376 0.778355
vt 0.526175 0.721389
vt 0.503840 0.712959
vt 0.526175 0.658052
vt 0.963042 0.074393
vt 0.958655 0.020116
vt 0.963042 0.018786
vt 0.373986 0.315314
vt 0.344481 0.280798
vt 0.373986 0.207316
vt 0.111593 0.438421
vt 0.078578 0.448093
vt 0.076416 0.392528
vt 0.111593 0.364703
vt 0.300739 0.350799
vt 0.292956 0.299974
vt 0.300739 0.284393
vt 0.891053 0.453281
vt 0.881848 0.398346
vt 0.891053 0.390839
vt 0.037581 0.542474
vt 0.004072 0.537723
vt 0.003488 0.476048
vt 0.037581 0.465859
vt 0.128115 0.195923
vt 0.128115 0.263981
vt 0.098309 0.264046
vt 0.076416 0.187949
vt 0.636841 0.918626
vt 0.645941 0.916294
vt 0.645941 0.953478
vt 0.634673 0.952572
vt 0.444245 0.396081
vt 0.444245 0.473151
vt 0.410358 0.463577
vt 0.406212 0.400479
vt 0.893839 0.213325
vt 0.901234 0.179816
vt 0.908714 0.181174
vt 0.908714 0.222238
vt 0.360430 0.200340
vt 0.345405 0.199662
vt 0.360430 0.191004
vt 0.500633 0.895222
vt 0.480063 0.902222
vt 0.481576 0.876328
vt 0.500633 0.868552
vt 0.003499 0.934300
vt 0.004809 0.921675
vt 0.026509 0.920560
vt 0.026509 0.940869
vt 0.866056 0.978749
vt 0.875419 0.971553
vt 0.875419 0.986275
vt 0.866286 0.988207
vt 0.936117 0.067899
vt 0.925204 0.066795
vt 0.926279 0.029330
vt 0.936117 0.022799
vt 0.959193 0.481988
vt 0.960207 0.446115
vt 0.966808 0.444691
vt 0.966808 0.486427
vt 0.003488 0.393498
vt 0.048921 0.412553
vt 0.048921 0.458882
vt 0.005501 0.442724
vt 0.060400 0.993097
vt 0.067239 0.965841
vt 0.067239 0.993821
vt 0.199535 0.004513
vt 0.199535 0.085271
vt 0.169869 0.083099
vt 0.149338 0.003488
vt 0.613769 0.907529
vt 0.610052 0.898900
vt 0.643770 0.892191
vt 0.643770 0.909317
vt 0.621935 0.386336
vt 0.613658 0.359873
vt 0.643508 0.360342
vt 0.643508 0.380523
vt 0.933160 0.778355
vt 0.933160 0.823455
vt 0.923322 0.816924
vt 0.922247 0.779459
vt 0.292956 0.383784
vt 0.300061 0.357775
vt 0.300061 0.387521
vt 0.788683 0.827037
vt 0.788683 0.862961
vt 0.766286 0.861798
vt 0.765896 0.824596
vt 0.766496 0.722931
vt 0.788045 0.717488
vt 0.788045 0.763276
vt 0.765896 0.771378
vt 0.415971 0.773257
vt 0.415971 0.801539
vt 0.382281 0.803972
vt 0.377498 0.772482
vt 0.133826 0.729283
vt 0.133826 0.768468
vt 0.115790 0.767864
vt 0.101667 0.727376
vt 0.101481 0.172886
vt 0.076416 0.095695
vt 0.136225 0.098711
vt 0.136225 0.180972
vt 0.783748 0.665540
vt 0.783748 0.700866
vt 0.757880 0.694997
vt 0.757300 0.653230
vt 0.388383 0.959096
vt 0.377498 0.931074
vt 0.388383 0.921912
vt 0.987771 0.018786
vt 0.987771 0.055170
vt 0.981298 0.020708
vt 0.867043 0.003488
vt 0.867043 0.035888
vt 0.845827 0.028619
vt 0.842156 0.003574
vt 0.667727 0.947635
vt 0.667727 0.971816
vt 0.652961 0.962878
vt 0.006002 0.907149
vt 0.003499 0.889277
vt 0.023849 0.883256
vt 0.023849 0.913583
vt 0.275568 0.910735
vt 0.294970 0.891249
vt 0.294970 0.921577
vt 0.474111 0.192366
vt 0.411600 0.186269
vt 0.409565 0.161383
vt 0.474111 0.148192
vt 0.626334 0.396081
vt 0.626334 0.480130
vt 0.610957 0.476415
vt 0.603990 0.403110
vt 0.813190 0.081249
vt 0.787400 0.088922
vt 0.787640 0.050225
vt 0.813190 0.044045
vt 0.234859 0.772148
vt 0.196262 0.766295
vt 0.199057 0.741137
vt 0.234859 0.738185
vt 0.011421 0.230897
vt 0.003488 0.187950
vt 0.061735 0.190080
vt 0.061735 0.253335
vt 0.801327 0.471572
vt 0.801327 0.502006
vt 0.784675 0.481667
vt 0.060980 0.741292
vt 0.086848 0.735423
vt 0.086848 0.770749
vt 0.060400 0.783059
vt 0.177638 0.914712
vt 0.170029 0.885638
vt 0.186825 0.882295
vt 0.186825 0.916674
vt 0.369138 0.815539
vt 0.338361 0.814714
vt 0.339207 0.780747
vt 0.369138 0.779611
vt 0.101667 0.900504
vt 0.128624 0.897241
vt 0.128624 0.919161
vt 0.103142 0.918855
vt 0.872786 0.867771
vt 0.849352 0.865102
vt 0.852142 0.835694
vt 0.872786 0.832445
vt 0.810664 0.095899
vt 0.810664 0.116728
vt 0.787762 0.115872
vt 0.787400 0.096402
vt 0.962129 0.992661
vt 0.961163 0.969411
vt 0.967418 0.970673
vt 0.967418 0.993556
vt 0.114144 0.958986
vt 0.101667 0.938359
vt 0.114144 0.926138
vt 0.957272 0.499658
vt 0.965393 0.495381
vt 0.965393 0.536231
vt 0.958956 0.535506
vt 0.429617 0.945090
vt 0.439128 0.944134
vt 0.439128 0.971313
vt 0.427147 0.972961
vt 0.250494 0.587561
vt 0.250494 0.626689
vt 0.202006 0.610795
vt 0.200376 0.591270
vt 0.694130 0.355774
vt 0.710573 0.351189
vt 0.710573 0.363282
vt 0.926842 0.989828
vt 0.921198 0.992804
vt 0.919922 0.965905
vt 0.926842 0.963470
vt 0.991905 0.963121
vt 0.985952 0.930613
vt 0.991905 0.928056
vt 0.377325 0.159821
vt 0.372799 0.074402
vt 0.402588 0.074837
vt 0.402588 0.177797
vt 0.383178 0.213075
vt 0.428503 0.207316
vt 0.428503 0.258080
vt 0.380963 0.272650
vt 0.602781 0.866080
vt 0.602781 0.892532
vt 0.577698 0.885130
vt 0.575920 0.872267
vt 0.428168 0.700231
vt 0.423093 0.661338
vt 0.460548 0.658052
vt 0.460548 0.701694
vt 0.060916 0.845947
vt 0.091586 0.834389
vt 0.091586 0.861844
vt 0.060400 0.858349
vt 0.331385 0.680657
vt 0.331385 0.747624
vt 0.320371 0.688374
vt 0.748880 0.600177
vt 0.776256 0.581502
vt 0.776256 0.628197
vt 0.927655 0.222238
vt 0.915691 0.184127
vt 0.927655 0.178596
vt 0.687543 0.479508
vt 0.668655 0.415073
vt 0.687543 0.396081
vt 0.845312 0.568786
vt 0.845312 0.614236
vt 0.829161 0.606317
vt 0.831257 0.559683
vt 0.869839 0.446357
vt 0.854040 0.418676
vt 0.869839 0.396081
vt 0.875784 0.929456
vt 0.875784 0.964576
vt 0.866056 0.945603
vt 0.931713 0.512413
vt 0.931713 0.548982
vt 0.917133 0.523212
vt 0.289579 0.443180
vt 0.271899 0.408341
vt 0.289579 0.404264
vt 0.983672 0.518240
vt 0.989983 0.495381
vt 0.989983 0.529395
vt 0.628480 0.836274
vt 0.643770 0.796715
vt 0.643770 0.851308
vt 0.150493 0.882587
vt 0.163052 0.882295
vt 0.163052 0.915378
vt 0.144280 0.913666
vt 0.091197 0.728446
vt 0.060400 0.710409
vt 0.061638 0.697287
vt 0.091197 0.681765
vt 0.570474 0.497653
vt 0.596511 0.489114
vt 0.596511 0.500108
vt 0.412635 0.668086
vt 0.382309 0.653972
vt 0.386566 0.617377
vt 0.412635 0.606409
vt 0.685458 0.335817
vt 0.681434 0.289661
vt 0.710772 0.299807
vt 0.710772 0.344212
vt 0.369283 0.965035
vt 0.369283 0.991393
vt 0.362363 0.988958
vt 0.363639 0.962059
vt 0.283677 0.990836
vt 0.275568 0.976754
vt 0.283677 0.961429
vt 0.726010 0.364846
vt 0.717749 0.361083
vt 0.726010 0.359080
vt 0.183285 0.608883
vt 0.177647 0.593899
vt 0.183285 0.587561
vt 0.977904 0.415010
vt 0.977904 0.429097
vt 0.969292 0.426940
vt 0.967924 0.413857
vt 0.874451 0.795883
vt 0.894702 0.778355
vt 0.894702 0.812900
vt 0.787820 0.204731
vt 0.787820 0.250518
vt 0.766271 0.245075
vt 0.765671 0.196628
vt 0.908072 0.091344
vt 0.908072 0.114119
vt 0.888169 0.113373
vt 0.883226 0.086975
vt 0.430037 0.835243
vt 0.452007 0.827023
vt 0.452007 0.860048
vt 0.429961 0.865765
vt 0.372845 0.542876
vt 0.372845 0.618081
vt 0.344481 0.559650
vt 0.246409 0.981544
vt 0.248167 0.963553
vt 0.255641 0.965697
vt 0.255641 0.987272
vt 0.395360 0.936161
vt 0.398932 0.921912
vt 0.398932 0.939082
vt 0.752864 0.645193
vt 0.748880 0.638468
vt 0.752864 0.635174
vt 0.690416 0.696872
vt 0.652961 0.693587
vt 0.658036 0.654694
vt 0.690416 0.653230
vt 0.882812 0.963727
vt 0.887152 0.962210
vt 0.887152 0.981711
vt 0.765671 0.266744
vt 0.810501 0.257495
vt 0.810501 0.281234
vt 0.985093 0.890693
vt 0.991462 0.874748
vt 0.991462 0.908547
vt 0.981168 0.553901
vt 0.981168 0.597159
vt 0.975782 0.579414
vt 0.924192 0.363798
vt 0.914075 0.331087
vt 0.924192 0.314415
vt 0.894129 0.935792
vt 0.906077 0.915692
vt 0.906077 0.952994
vt 0.886862 0.243153
vt 0.877853 0.207136
vt 0.886862 0.179816
vt 0.653038 0.857245
vt 0.652961 0.826724
vt 0.675007 0.832441
vt 0.675007 0.865466
vt 0.116566 0.609297
vt 0.101667 0.543078
vt 0.132568 0.546043
vt 0.132568 0.608851
vt 0.561588 0.836832
vt 0.561588 0.865898
vt 0.547457 0.867545
vt 0.535293 0.835223
vt 0.865959 0.265977
vt 0.865959 0.322790
vt 0.851974 0.313339
vt 0.435480 0.262881
vt 0.437641 0.207316
vt 0.470656 0.216989
vt 0.470656 0.290707
vt 0.275568 0.882654
vt 0.312434 0.863479
vt 0.312434 0.884272
vt 0.429961 0.770115
vt 0.496863 0.768010
vt 0.496863 0.784890
vt 0.101667 0.869066
vt 0.126230 0.860679
vt 0.126230 0.890264
vt 0.102805 0.886413
vt 0.976181 0.140137
vt 0.966660 0.123644
vt 0.976181 0.106251
vt 0.962481 0.344764
vt 0.969217 0.314415
vt 0.969217 0.358437
vt 0.346404 0.903073
vt 0.321558 0.907441
vt 0.326501 0.881044
vt 0.346404 0.880298
vt 0.842677 0.115424
vt 0.860803 0.098660
vt 0.860803 0.115647
vt 0.985661 0.177186
vt 0.985661 0.206640
vt 0.976531 0.194886
vt 0.513360 0.906855
vt 0.508927 0.880367
vt 0.527744 0.876712
vt 0.527744 0.910679
vt 0.245413 0.239737
vt 0.281648 0.207316
vt 0.281648 0.307138
vt 0.414140 0.389104
vt 0.406212 0.322291
vt 0.451738 0.326148
vt 0.451738 0.389029
vt 0.127376 0.992736
vt 0.121121 0.993997
vt 0.122086 0.970748
vt 0.127376 0.969853
vt 0.268141 0.818619
vt 0.268141 0.852587
vt 0.241836 0.849047
vt 0.243876 0.823173
vt 0.835700 0.103551
vt 0.820167 0.049687
vt 0.835700 0.044045
vt 0.193399 0.661279
vt 0.190262 0.593417
vt 0.193399 0.587561
vt 0.329601 0.786758
vt 0.275568 0.786615
vt 0.329601 0.763921
vt 0.681064 0.182351
vt 0.671551 0.134449
vt 0.702051 0.139839
vt 0.702051 0.187477
vt 0.028379 0.618984
vt 0.028379 0.687042
vt 0.003488 0.622487
vt 0.937612 0.768905
vt 0.930312 0.739694
vt 0.937612 0.710797
vt 0.970394 0.379289
vt 0.978314 0.375277
vt 0.978314 0.406880
vt 0.967924 0.403283
vt 0.681984 0.950371
vt 0.692436 0.920827
vt 0.692436 0.960049
vt 0.903309 0.675183
vt 0.914216 0.634594
vt 0.914216 0.685357
vt 0.900914 0.608087
vt 0.909227 0.559683
vt 0.909227 0.620663
vt 0.899078 0.361950
vt 0.907098 0.314415
vt 0.907098 0.377295
vt 0.583739 0.269148
vt 0.590631 0.197827
vt 0.610278 0.196628
vt 0.610278 0.282684
vt 0.397959 0.535505
vt 0.397959 0.553715
vt 0.389333 0.550914
vt 0.385551 0.536418
vt 0.329341 0.182399
vt 0.290697 0.182364
vt 0.290451 0.096825
vt 0.329341 0.095695
vt 0.283474 0.198655
vt 0.245413 0.200340
vt 0.245780 0.099641
vt 0.283474 0.095695
vt 0.493304 0.651076
vt 0.423093 0.645710
vt 0.423584 0.636990
vt 0.493304 0.627600
vt 0.052368 0.269432
vt 0.052368 0.330412
vt 0.020391 0.325111
vt 0.003488 0.260312
vt 0.940987 0.973195
vt 0.949712 0.971771
vt 0.949712 0.987319
vt 0.940972 0.988930
vt 0.200376 0.340920
vt 0.201707 0.317482
vt 0.285688 0.314115
vt 0.285688 0.352212
vt 0.599873 0.152164
vt 0.608556 0.151215
vt 0.608556 0.158958
vt 0.599594 0.158354
vt 0.865702 0.627269
vt 0.865702 0.642250
vt 0.855813 0.642480
vt 0.849637 0.623859
vt 0.200376 0.482118
vt 0.201434 0.458082
vt 0.273037 0.455415
vt 0.273037 0.494059
vt 0.133075 0.806417
vt 0.101667 0.812758
vt 0.107594 0.775855
vt 0.133075 0.775445
vt 0.627696 0.916294
vt 0.627696 0.943200
vt 0.610358 0.941547
vt 0.610052 0.917351
vt 0.747271 0.352752
vt 0.757255 0.289661
vt 0.764841 0.291209
vt 0.764841 0.361624
vt 0.902192 0.044045
vt 0.902192 0.079999
vt 0.883226 0.073766
vt 0.793741 0.169846
vt 0.768890 0.172270
vt 0.769868 0.125214
vt 0.793741 0.125035
vt 0.181305 0.489222
vt 0.189877 0.488051
vt 0.189877 0.500775
vt 0.731175 0.462674
vt 0.731175 0.500154
vt 0.698002 0.491448
vt 0.694520 0.465335
vt 0.661679 0.396081
vt 0.661679 0.463364
vt 0.633311 0.413689
vt 0.969554 0.177186
vt 0.969554 0.237325
vt 0.966479 0.234719
vt 0.668464 0.978793
vt 0.668464 0.993995
vt 0.664296 0.980392
vt 0.471548 0.666447
vt 0.496863 0.658052
vt 0.496863 0.702457
vt 0.467525 0.712603
vt 0.181305 0.469480
vt 0.193388 0.389359
vt 0.193388 0.481074
vt 0.935266 0.634594
vt 0.935266 0.672178
vt 0.921193 0.660975
vt 0.876048 0.560316
vt 0.893937 0.559683
vt 0.893937 0.593460
vt 0.873251 0.594178
vt 0.484967 0.313741
vt 0.477633 0.295319
vt 0.495597 0.297843
vt 0.495597 0.313085
vt 0.548698 0.583387
vt 0.578540 0.582550
vt 0.578540 0.619951
vt 0.535293 0.628954
vt 0.835180 0.003488
vt 0.835180 0.032896
vt 0.801529 0.024956
vt 0.802386 0.007852
vt 0.060400 0.506833
vt 0.094690 0.455842
vt 0.094690 0.536600
vt 0.458983 0.868500
vt 0.472122 0.827023
vt 0.472122 0.876492
vt 0.881039 0.335165
vt 0.872936 0.281686
vt 0.881039 0.265977
vt 0.690403 0.124221
vt 0.690123 0.118031
vt 0.699085 0.117427
vt 0.699085 0.125170
vt 0.192938 0.729723
vt 0.186542 0.681122
vt 0.192938 0.671118
vt 0.445177 0.015083
vt 0.526571 0.003488
vt 0.526571 0.033388
vt 0.574907 0.167866
vt 0.611766 0.172914
vt 0.611766 0.186545
vt 0.569449 0.189355
vt 0.808304 0.463795
vt 0.833553 0.460258
vt 0.833553 0.499431
vt 0.850141 0.181812
vt 0.863318 0.125035
vt 0.863318 0.185301
vt 0.036009 0.611978
vt 0.020357 0.612007
vt 0.003488 0.560674
vt 0.036009 0.549451
vt 0.927287 0.479698
vt 0.934734 0.444691
vt 0.934734 0.502306
vt 0.682297 0.501786
vt 0.668655 0.498796
vt 0.668846 0.489337
vt 0.682297 0.486485
vt 0.514353 0.826331
vt 0.527744 0.823211
vt 0.527744 0.868311
vt 0.509826 0.869735
vt 0.934632 0.184430
vt 0.947033 0.178596
vt 0.947033 0.213004
vt 0.937581 0.218840
vt 0.823833 0.861605
vt 0.797538 0.863215
vt 0.809702 0.830892
vt 0.823833 0.832539
vt 0.679946 0.637076
vt 0.660389 0.646253
vt 0.652961 0.595770
vt 0.679946 0.581355
vt 0.583646 0.022238
vt 0.533548 0.043929
vt 0.540967 0.012670
vt 0.583646 0.003488
vt 0.707101 0.972389
vt 0.704632 0.944519
vt 0.716612 0.946167
vt 0.716612 0.973346
vt 0.749738 0.533675
vt 0.747286 0.526253
vt 0.787900 0.509481
vt 0.787900 0.541301
vt 0.927718 0.159332
vt 0.913649 0.163666
vt 0.914716 0.129368
vt 0.927718 0.125035
vt 0.949819 0.778355
vt 0.949819 0.824686
vt 0.940137 0.822107
vt 0.560143 0.187945
vt 0.540522 0.181245
vt 0.560143 0.175252
vt 0.742758 0.931848
vt 0.754950 0.918375
vt 0.754950 0.954743
vt 0.450668 0.964717
vt 0.446105 0.946563
vt 0.450668 0.944134
vt 0.891797 0.133949
vt 0.906672 0.125035
vt 0.906672 0.166100
vt 0.899192 0.167458
vt 0.570474 0.409617
vt 0.597014 0.396081
vt 0.597014 0.482137
vt 0.577366 0.480938
vt 0.062178 0.876223
vt 0.087261 0.868821
vt 0.087261 0.895273
vt 0.060400 0.889087
vt 0.268558 0.973381
vt 0.262618 0.936238
vt 0.268558 0.929726
vt 0.183247 0.640317
vt 0.183247 0.664141
vt 0.144297 0.661523
vt 0.144280 0.616274
vt 0.686972 0.620102
vt 0.712593 0.581502
vt 0.712593 0.641118
vt 0.048478 0.947442
vt 0.034458 0.928927
vt 0.048478 0.911752
vt 0.200743 0.196394
vt 0.200376 0.095695
vt 0.238436 0.097380
vt 0.238436 0.200339
vt 0.338428 0.200340
vt 0.290451 0.197519
vt 0.338428 0.195755
vt 0.719729 0.653230
vt 0.719729 0.716567
vt 0.697393 0.661661
vt 0.954191 0.160428
vt 0.959683 0.106251
vt 0.959683 0.164980
vt 0.365823 0.074402
vt 0.365823 0.182399
vt 0.336318 0.108917
vt 0.710680 0.277491
vt 0.705782 0.280688
vt 0.705012 0.271711
vt 0.710680 0.268650
vt 0.415202 0.877847
vt 0.422984 0.827023
vt 0.422984 0.893428
vt 0.042986 0.604385
vt 0.052191 0.549451
vt 0.052191 0.611893
vt 0.750323 0.658497
vt 0.750323 0.710511
vt 0.735199 0.707731
vt 0.726706 0.653230
vt 0.525881 0.049434
vt 0.518426 0.051735
vt 0.520064 0.042999
vt 0.525881 0.040365
vt 0.154443 0.543078
vt 0.170445 0.543525
vt 0.170445 0.606332
vt 0.139545 0.609297
vt 0.264922 0.404264
vt 0.264922 0.448438
vt 0.200376 0.435248
vt 0.202411 0.410362
vt 0.188267 0.382382
vt 0.123206 0.363041
vt 0.129617 0.336291
vt 0.188267 0.333250
vt 0.508927 0.954767
vt 0.523617 0.951539
vt 0.523617 0.975469
vt 0.843165 0.170485
vt 0.829109 0.179588
vt 0.827014 0.132954
vt 0.843165 0.125035
vt 0.149738 0.843455
vt 0.144280 0.821966
vt 0.186598 0.824776
vt 0.186598 0.838407
vt 0.644255 0.289661
vt 0.644255 0.352896
vt 0.616833 0.338898
vt 0.613658 0.301219
vt 0.693576 0.784590
vt 0.652961 0.767818
vt 0.655414 0.760396
vt 0.693576 0.752770
vt 0.157709 0.981401
vt 0.145018 0.983184
vt 0.144280 0.970793
vt 0.157709 0.959825
vt 0.645985 0.644610
vt 0.615436 0.635703
vt 0.616441 0.593979
vt 0.645985 0.581355
vt 0.984007 0.745371
vt 0.976218 0.718371
vt 0.984007 0.710797
vt 0.775564 0.376903
vt 0.771818 0.343873
vt 0.801926 0.350964
vt 0.801926 0.383412
vt 0.725653 0.962500
vt 0.732947 0.961720
vt 0.732947 0.985753
vt 0.723589 0.987704
vt 0.749103 0.036514
vt 0.709588 0.031686
vt 0.710532 0.014884
vt 0.749103 0.003488
vt 0.135091 0.253334
vt 0.143024 0.210386
vt 0.193338 0.187949
vt 0.193338 0.251204
vt 0.464942 0.991698
vt 0.457837 0.965689
vt 0.464942 0.961952
vt 0.644939 0.711593
vt 0.644939 0.756842
vt 0.619715 0.753699
vt 0.615436 0.713073
vt 0.585517 0.519267
vt 0.608459 0.511144
vt 0.608459 0.594844
vt 0.589857 0.601413
vt 0.590640 0.006106
vt 0.629590 0.003488
vt 0.629590 0.027312
vt 0.590623 0.051355
vt 0.721161 0.567111
vt 0.717980 0.509481
vt 0.740309 0.514051
vt 0.740309 0.571858
vt 0.967418 0.962435
vt 0.960704 0.960942
vt 0.957804 0.935820
vt 0.967418 0.928056
vt 0.985763 0.235193
vt 0.978289 0.237336
vt 0.976531 0.219346
vt 0.985763 0.213617
vt 0.257471 0.615583
vt 0.268356 0.587561
vt 0.268356 0.624745
vt 0.954648 0.754738
vt 0.944589 0.719772
vt 0.954648 0.710797
vt 0.346696 0.446548
vt 0.344481 0.386974
vt 0.392022 0.401544
vt 0.392022 0.452307
vt 0.610872 0.967545
vt 0.627696 0.950177
vt 0.627696 0.971399
vt 0.888358 0.715057
vt 0.888358 0.745233
vt 0.868159 0.733755
vt 0.866095 0.710797
vt 0.893839 0.236649
vt 0.920314 0.229215
vt 0.920314 0.251441
vt 0.691965 0.819747
vt 0.652961 0.815976
vt 0.653939 0.798744
vt 0.691965 0.791567
vt 0.602226 0.789739
vt 0.596592 0.763819
vt 0.644939 0.766979
vt 0.644939 0.785951
vt 0.480947 0.047968
vt 0.445177 0.046752
vt 0.446659 0.043230
vt 0.480947 0.040365
vt 0.719729 0.793893
vt 0.713553 0.794404
vt 0.704705 0.728498
vt 0.719729 0.723544
vt 0.723733 0.865916
vt 0.723589 0.860554
vt 0.756025 0.847531
vt 0.756025 0.872950
vt 0.225438 0.882065
vt 0.196262 0.873402
vt 0.225438 0.855136
vt 0.945299 0.863826
vt 0.931475 0.866235
vt 0.934099 0.838797
vt 0.945299 0.832445
vt 0.200960 0.784290
vt 0.224432 0.779125
vt 0.224432 0.817683
vt 0.196262 0.818390
vt 0.731852 0.758941
vt 0.726706 0.717488
vt 0.758919 0.717918
vt 0.758919 0.756476
vt 0.385366 0.306929
vt 0.380963 0.281895
vt 0.426155 0.279627
vt 0.426155 0.309167
vt 0.103798 0.082187
vt 0.076416 0.003488
vt 0.142361 0.005018
vt 0.142361 0.088719
vt 0.034772 0.980079
vt 0.034458 0.954419
vt 0.047433 0.955009
vt 0.047433 0.980669
vt 0.282817 0.796813
vt 0.312836 0.793735
vt 0.312836 0.822071
vt 0.275568 0.819229
vt 0.797538 0.944836
vt 0.810015 0.924210
vt 0.810015 0.957057
vt 0.463461 0.619786
vt 0.450057 0.574219
vt 0.493304 0.583222
vt 0.493304 0.620623
vt 0.535293 0.806778
vt 0.568943 0.798838
vt 0.568943 0.828246
vt 0.536150 0.823882
vt 0.747655 0.986924
vt 0.745592 0.961720
vt 0.754950 0.963671
vt 0.754950 0.987704
vt 0.319813 0.806789
vt 0.330814 0.793735
vt 0.330814 0.811812
vt 0.618260 0.247259
vt 0.617255 0.205536
vt 0.647804 0.196628
vt 0.647804 0.259883
vt 0.985290 0.407786
vt 0.991243 0.375277
vt 0.991243 0.410343
vt 0.158036 0.952849
vt 0.144280 0.949216
vt 0.145161 0.926351
vt 0.158036 0.922355
vt 0.385775 0.851168
vt 0.407348 0.856981
vt 0.407348 0.877162
vt 0.377498 0.877631
vt 0.305528 0.212618
vt 0.337505 0.207316
vt 0.337505 0.268296
vt 0.288625 0.277416
vt 0.885867 0.497354
vt 0.881848 0.460731
vt 0.899743 0.460258
vt 0.899743 0.498070
vt 0.721050 0.075204
vt 0.719812 0.062082
vt 0.750609 0.044045
vt 0.750609 0.090726
vt 0.715718 0.868347
vt 0.704705 0.860631
vt 0.715718 0.801380
vt 0.573867 0.791861
vt 0.535293 0.785036
vt 0.573867 0.758722
vt 0.916204 0.597794
vt 0.928167 0.559683
vt 0.928167 0.603325
vt 0.664259 0.108480
vt 0.683146 0.044045
vt 0.683146 0.127472
vt 0.859073 0.487938
vt 0.874871 0.460258
vt 0.874871 0.510534
vt 0.696508 0.874474
vt 0.681984 0.842498
vt 0.696508 0.826724
vt 0.990336 0.603032
vt 0.988145 0.566529
vt 0.990336 0.553901
vt 0.797538 0.878935
vt 0.835459 0.870192
vt 0.835459 0.888336
vt 0.990961 0.337476
vt 0.996488 0.314415
vt 0.996488 0.341985
vt 0.843828 0.725831
vt 0.859118 0.710797
vt 0.859118 0.765389
vt 0.176679 0.850432
vt 0.176679 0.875318
vt 0.151621 0.871734
vt 0.144280 0.850543
vt 0.920311 0.502306
vt 0.906719 0.498814
vt 0.911235 0.464565
vt 0.920311 0.460258
vt 0.562643 0.901262
vt 0.568628 0.874522
vt 0.568628 0.907298
vt 0.198886 0.942307
vt 0.196262 0.914869
vt 0.210086 0.917278
vt 0.210086 0.948659
vt 0.276083 0.844945
vt 0.275568 0.832543
vt 0.306753 0.829047
vt 0.306753 0.856502
vt 0.907558 0.961754
vt 0.907558 0.983330
vt 0.894129 0.972362
vt 0.894867 0.959971
vt 0.817478 0.265908
vt 0.825588 0.251826
vt 0.825588 0.281234
vt 0.991491 0.988847
vt 0.985952 0.981655
vt 0.991491 0.970098
vt 0.913028 0.445649
vt 0.918666 0.430664
vt 0.918666 0.451986
vt 0.137303 0.667878
vt 0.101667 0.668828
vt 0.121276 0.616671
vt 0.137303 0.616274
vt 0.764113 0.874420
vt 0.790561 0.870192
vt 0.790561 0.896643
vt 0.803646 0.304971
vt 0.826436 0.289661
vt 0.826436 0.331709
vt 0.812794 0.335221
vt 0.472709 0.325678
vt 0.500797 0.321526
vt 0.500797 0.385955
vt 0.458715 0.389104
vt 0.453914 0.754121
vt 0.427132 0.753743
vt 0.423093 0.725639
vt 0.453914 0.708671
vt 0.478860 0.562351
vt 0.451222 0.492408
vt 0.478860 0.470636
vt 0.493304 0.542027
vt 0.486807 0.539681
vt 0.489796 0.472813
vt 0.493304 0.470636
vt 0.482637 0.192040
vt 0.481088 0.177431
vt 0.482637 0.173604
vt 0.759841 0.641899
vt 0.763826 0.635174
vt 0.763826 0.645193
vt 0.130976 0.926509
vt 0.130976 0.962876
vt 0.121121 0.960250
vt 0.124079 0.926138
vt 0.980121 0.623637
vt 0.975782 0.622120
vt 0.980121 0.604136
vt 0.035356 0.661685
vt 0.051847 0.618984
vt 0.051847 0.702503
vt 0.985086 0.454811
vt 0.991455 0.436957
vt 0.991455 0.470756
vt 0.978116 0.874748
vt 0.978116 0.918006
vt 0.972729 0.892493
vt 0.923336 0.710797
vt 0.923336 0.760180
vt 0.913219 0.743508
vt 0.229011 0.952170
vt 0.217063 0.932071
vt 0.229011 0.914869
vt 0.687366 0.277854
vt 0.650269 0.276385
vt 0.687366 0.272485
vt 0.009134 0.761906
vt 0.051847 0.765694
vt 0.051847 0.784666
vt 0.003499 0.787826
vt 0.420170 0.974013
vt 0.402951 0.976404
vt 0.403498 0.958285
vt 0.420170 0.956001
vt 0.739097 0.484304
vt 0.738152 0.467502
vt 0.777667 0.462674
vt 0.777667 0.495699
vt 0.866274 0.559683
vt 0.866274 0.616496
vt 0.852288 0.569134
vt 0.643901 0.033302
vt 0.654531 0.033958
vt 0.654531 0.049200
vt 0.636567 0.051724
vt 0.783233 0.598205
vt 0.798817 0.559683
vt 0.798817 0.628197
vt 0.694520 0.386999
vt 0.761422 0.372225
vt 0.761422 0.389104
vt 0.151371 0.724002
vt 0.171638 0.722690
vt 0.171638 0.770699
vt 0.144280 0.767837
vt 0.976925 0.245395
vt 0.976925 0.279280
vt 0.967403 0.261888
vt 0.918227 0.079999
vt 0.909169 0.050260
vt 0.918227 0.022799
vt 0.722751 0.586234
vt 0.741903 0.581502
vt 0.741903 0.639300
vt 0.719570 0.643852
vt 0.622117 0.504093
vt 0.603990 0.487330
vt 0.622117 0.487107
vt 0.351249 0.954227
vt 0.339892 0.927050
vt 0.351249 0.914418
vt 0.182618 0.984806
vt 0.170029 0.983337
vt 0.174134 0.964153
vt 0.182618 0.961122
vt 0.236611 0.307138
vt 0.200376 0.274717
vt 0.236611 0.207316
vt 0.867008 0.653230
vt 0.867008 0.700344
vt 0.849098 0.698427
vt 0.848887 0.654056
vt 0.562472 0.167371
vt 0.541698 0.168275
vt 0.540522 0.068461
vt 0.562472 0.060189
vt 0.450334 0.902696
vt 0.429961 0.906356
vt 0.436942 0.875279
vt 0.450334 0.872742
vt 0.821318 0.764661
vt 0.836852 0.710797
vt 0.836852 0.770303
vt 0.955616 0.621762
vt 0.958753 0.553901
vt 0.958753 0.627617
vt 0.275781 0.935484
vt 0.290784 0.928553
vt 0.290784 0.954452
vt 0.275568 0.950784
vt 0.931169 0.343625
vt 0.938468 0.314415
vt 0.938468 0.372523
vt 0.267574 0.688258
vt 0.250368 0.695708
vt 0.241836 0.652894
vt 0.267574 0.633665
vt 0.774977 0.938096
vt 0.774977 0.969434
vt 0.764113 0.958983
vt 0.948464 0.390400
vt 0.948464 0.432429
vt 0.937193 0.419285
vt 0.951678 0.018786
vt 0.951678 0.067899
vt 0.943094 0.055701
vt 0.311566 0.891249
vt 0.311566 0.939456
vt 0.301947 0.928948
vt 0.473053 0.929077
vt 0.473053 0.954975
vt 0.458050 0.948045
vt 0.457837 0.932745
vt 0.571582 0.150314
vt 0.569449 0.063637
vt 0.592617 0.060189
vt 0.592617 0.160889
vt 0.849563 0.780272
vt 0.867474 0.778355
vt 0.867474 0.825468
vt 0.849352 0.824642
vt 0.605504 0.635930
vt 0.605504 0.659406
vt 0.535784 0.650016
vt 0.535293 0.641296
vt 0.968476 0.637159
vt 0.980074 0.634594
vt 0.980074 0.663004
vt 0.968200 0.663056
vt 0.621938 0.144238
vt 0.599594 0.137210
vt 0.606560 0.063904
vt 0.621938 0.060189
vt 0.174328 0.494486
vt 0.102725 0.491820
vt 0.101667 0.467784
vt 0.174328 0.455842
vt 0.387079 0.014573
vt 0.438200 0.003488
vt 0.438200 0.062994
vt 0.394612 0.060882
vt 0.285688 0.397287
vt 0.201707 0.393920
vt 0.200376 0.370482
vt 0.285688 0.359189
vt 0.741124 0.205501
vt 0.758694 0.196628
vt 0.758694 0.267043
vt 0.751108 0.268591
vt 0.178375 0.575630
vt 0.187224 0.509725
vt 0.193399 0.510236
vt 0.193399 0.580585
vt 0.710680 0.197798
vt 0.710680 0.261673
vt 0.701701 0.261399
vt 0.686648 0.196628
vt 0.875021 0.007513
vt 0.896367 0.003488
vt 0.896367 0.031824
vt 0.874020 0.035616
vt 0.311566 0.946433
vt 0.311566 0.978036
vt 0.303646 0.974024
vt 0.301177 0.950030
vt 0.648547 0.186596
vt 0.628914 0.134449
vt 0.664575 0.135396
vt 0.664575 0.186987
vt 0.081182 0.958628
vt 0.084082 0.933506
vt 0.090796 0.932013
vt 0.090796 0.966392
vt 0.825654 0.509481
vt 0.825654 0.545408
vt 0.795722 0.544272
vt 0.794877 0.510305
vt 0.312949 0.720192
vt 0.312949 0.756945
vt 0.286653 0.755362
vt 0.275568 0.722906
vt 0.399235 0.379997
vt 0.344481 0.346517
vt 0.399235 0.322291
vt 0.779300 0.105658
vt 0.779300 0.118012
vt 0.774360 0.113879
vt 0.814341 0.766325
vt 0.795022 0.770303
vt 0.795790 0.723790
vt 0.814341 0.717488
vt 0.416095 0.731542
vt 0.416095 0.765505
vt 0.380293 0.762554
vt 0.377498 0.737396
vt 0.887152 0.874748
vt 0.887152 0.892649
vt 0.850436 0.889601
vt 0.849352 0.875749
vt 0.228405 0.003488
vt 0.258210 0.003554
vt 0.258210 0.071611
vt 0.206512 0.079586
vt 0.806437 0.240769
vt 0.794797 0.196628
vt 0.819343 0.199300
vt 0.819343 0.242233
vt 0.069439 0.087189
vt 0.003488 0.088735
vt 0.030864 0.010034
vt 0.069439 0.003488
vt 0.255641 0.953410
vt 0.246587 0.956577
vt 0.241836 0.938998
vt 0.255641 0.929726
vt 0.179565 0.675708
vt 0.179565 0.714189
vt 0.154037 0.715713
vt 0.144280 0.671118
vt 0.188267 0.326273
vt 0.135091 0.282958
vt 0.188267 0.260311
vt 0.431556 0.979938
vt 0.431556 0.992635
vt 0.427147 0.983781
vt 0.253445 0.899962
vt 0.267338 0.903483
vt 0.267338 0.919906
vt 0.241836 0.922749
vt 0.645935 0.699226
vt 0.615436 0.704616
vt 0.624949 0.656714
vt 0.645935 0.651587
vt 0.111424 0.675804
vt 0.136952 0.677329
vt 0.136952 0.715809
vt 0.101667 0.720399
vt 0.730451 0.772428
vt 0.756814 0.765918
vt 0.756814 0.798366
vt 0.726706 0.805457
vt 0.735611 0.398861
vt 0.750736 0.396081
vt 0.750736 0.448095
vt 0.727118 0.453362
vt 0.284640 0.707962
vt 0.275568 0.662336
vt 0.307102 0.669983
vt 0.307102 0.713216
vt 0.749799 0.114952
vt 0.750569 0.105975
vt 0.755467 0.109171
vt 0.755467 0.118012
vt 0.845982 0.244379
vt 0.837962 0.244723
vt 0.826320 0.208987
vt 0.845982 0.196628
vt 0.967820 0.099108
vt 0.954191 0.099275
vt 0.955380 0.084992
vt 0.967820 0.084835
vt 0.163733 0.097868
vt 0.193399 0.095695
vt 0.193399 0.176453
vt 0.143202 0.177478
vt 0.583739 0.371808
vt 0.588079 0.289661
vt 0.606681 0.296230
vt 0.606681 0.379931
vt 0.555666 0.878183
vt 0.555666 0.908137
vt 0.542274 0.905599
vt 0.535293 0.874522
vt 0.185777 0.807398
vt 0.182789 0.740531
vt 0.189285 0.738185
vt 0.189285 0.809575
vt 0.563498 0.396985
vt 0.563498 0.504167
vt 0.541547 0.495896
vt 0.542724 0.396081
vt 0.702024 0.509755
vt 0.711003 0.509481
vt 0.711003 0.573356
vt 0.686972 0.574526
vt 0.852096 0.536645
vt 0.852096 0.550918
vt 0.839656 0.550761
vt 0.838466 0.536479
vt 0.197693 0.892406
vt 0.229208 0.889042
vt 0.229208 0.907892
vt 0.196262 0.904887
vt 0.815271 0.696163
vt 0.790725 0.698835
vt 0.802365 0.654694
vt 0.815271 0.653230
vt 0.544366 0.671636
vt 0.566827 0.666383
vt 0.566827 0.709615
vt 0.535293 0.717262
vt 0.380000 0.891042
vt 0.397848 0.884608
vt 0.397848 0.914935
vt 0.377498 0.908914
vt 0.370521 0.770728
vt 0.338361 0.772634
vt 0.352485 0.732147
vt 0.370521 0.731542
vt 0.021026 0.737962
vt 0.025064 0.709858
vt 0.051847 0.709479
vt 0.051847 0.754929
vt 0.150207 0.814580
vt 0.144280 0.777676
vt 0.175688 0.784017
vt 0.175688 0.814989
vt 0.060400 0.594910
vt 0.077269 0.543577
vt 0.092921 0.543606
vt 0.092921 0.606133
vt 0.234319 0.848159
vt 0.196262 0.843969
vt 0.200531 0.827310
vt 0.234319 0.825366
vt 0.876048 0.635016
vt 0.873251 0.601155
vt 0.893937 0.601872
vt 0.893937 0.635649
vt 0.930216 0.390958
vt 0.930216 0.423665
vt 0.916322 0.423687
vt 0.913028 0.390400
vt 0.733942 0.837680
vt 0.723589 0.813495
vt 0.756814 0.812434
vt 0.756814 0.840554
vt 0.742822 0.118012
vt 0.721122 0.116898
vt 0.719812 0.104273
vt 0.742822 0.097703
vt 0.217610 0.977266
vt 0.217063 0.959147
vt 0.234282 0.961538
vt 0.234282 0.979551
vt 0.063287 0.177973
vt 0.003488 0.180973
vt 0.028565 0.103786
vt 0.063287 0.095712
vt 0.833814 0.343873
vt 0.833814 0.383501
vt 0.808903 0.379847
vt 0.809159 0.345209
vt 0.537903 0.383799
vt 0.507774 0.389104
vt 0.512943 0.305939
vt 0.537903 0.302642
vt 0.745433 0.887839
vt 0.745433 0.911399
vt 0.724131 0.906229
vt 0.723589 0.879927
vt 0.845439 0.088095
vt 0.842677 0.044951
vt 0.861065 0.044045
vt 0.861065 0.091684
vt 0.646033 0.574378
vt 0.615436 0.562820
vt 0.618611 0.525141
vt 0.646033 0.511144
vt 0.870876 0.198053
vt 0.870876 0.243153
vt 0.857485 0.240032
vt 0.852959 0.196628
vt 0.916204 0.619760
vt 0.916433 0.610302
vt 0.925567 0.612234
vt 0.925567 0.626956
vt 0.924498 0.865175
vt 0.907310 0.865733
vt 0.910604 0.832445
vt 0.924498 0.832467
vt 0.234859 0.694821
vt 0.234859 0.730748
vt 0.209250 0.731208
vt 0.200086 0.689264
vt 0.325344 0.036962
vt 0.380102 0.003488
vt 0.380102 0.061207
vt 0.767383 0.105658
vt 0.767383 0.118012
vt 0.762444 0.109791
vt 0.587485 0.899509
vt 0.601401 0.902683
vt 0.601401 0.919312
vt 0.575920 0.922363
vt 0.797538 0.913969
vt 0.799013 0.895619
vt 0.824495 0.895313
vt 0.824495 0.917233
vt 0.502850 0.859134
vt 0.480063 0.861575
vt 0.480453 0.824374
vt 0.502850 0.823211
vt 0.090726 0.613110
vt 0.090726 0.674788
vt 0.064657 0.663820
vt 0.060400 0.627225
vt 0.294981 0.655167
vt 0.275568 0.607977
vt 0.314573 0.605093
vt 0.314573 0.655360
vt 0.085902 0.905092
vt 0.085902 0.921516
vt 0.072010 0.925036
vt 0.060400 0.902250
vt 0.794553 0.034204
vt 0.756080 0.034979
vt 0.760863 0.003488
vt 0.794553 0.005922
vt 0.430939 0.812869
vt 0.429961 0.795637
vt 0.468965 0.791866
vt 0.468965 0.820046
vt 0.265187 0.046797
vt 0.318367 0.003488
vt 0.318367 0.069457
vt 0.601401 0.979972
vt 0.601401 0.992669
vt 0.596992 0.988827
vt 0.321558 0.860299
vt 0.321701 0.854936
vt 0.353993 0.847902
vt 0.353993 0.873321
vt 0.888854 0.522680
vt 0.910156 0.517510
vt 0.910156 0.541070
vt 0.888312 0.548982
vt 0.892101 0.345253
vt 0.892101 0.377295
vt 0.872543 0.374732
vt 0.870423 0.343873
vt 0.127972 0.819735
vt 0.127972 0.853702
vt 0.103707 0.849149
vt 0.101667 0.823274
vt 0.242793 0.708194
vt 0.265193 0.702685
vt 0.265193 0.752952
vt 0.241836 0.759789
vt 0.473053 0.887803
vt 0.473053 0.922100
vt 0.460050 0.917768
vt 0.458983 0.883469
vt 0.900333 0.839445
vt 0.900333 0.866115
vt 0.881275 0.858339
vt 0.879762 0.832445
vt 0.861136 0.528988
vt 0.881335 0.517510
vt 0.881335 0.547687
vt 0.859073 0.551947
vt 0.196576 0.956225
vt 0.209237 0.955636
vt 0.209237 0.981295
vt 0.196262 0.981886
vt 0.381101 0.834615
vt 0.377498 0.811847
vt 0.405604 0.810949
vt 0.405604 0.844191
vt 0.874833 0.902676
vt 0.874833 0.919306
vt 0.860918 0.922479
vt 0.849352 0.899626
vt 0.801043 0.808605
vt 0.810191 0.778355
vt 0.823833 0.781867
vt 0.823833 0.823915
vt 0.653010 0.559964
vt 0.660438 0.509481
vt 0.679995 0.518658
vt 0.679995 0.574378
vt 0.508584 0.143355
vt 0.503415 0.060189
vt 0.533545 0.065494
vt 0.533545 0.146652
vt 0.863446 0.382160
vt 0.840791 0.379666
vt 0.846420 0.346293
vt 0.863446 0.343873
vt 0.496863 0.760603
vt 0.464650 0.761033
vt 0.469796 0.719580
vt 0.496863 0.722045
vt 0.088653 0.827412
vt 0.060400 0.825259
vt 0.065750 0.795560
vt 0.088653 0.790036
vt 0.493304 0.399230
vt 0.493304 0.463659
vt 0.465217 0.459508
vt 0.451222 0.396081
vt 0.491918 0.042219
vt 0.511449 0.040365
vt 0.511449 0.053040
vt 0.487924 0.050295
vt 0.938926 0.609406
vt 0.947552 0.606605
vt 0.947552 0.624814
vt 0.935144 0.623901
vt 0.597959 0.845477
vt 0.606571 0.843321
vt 0.606571 0.857408
vt 0.596592 0.858560
vt 0.820037 0.129013
vt 0.820037 0.177850
vt 0.801486 0.171548
vt 0.800718 0.125035
vt 0.896332 0.657022
vt 0.896332 0.685357
vt 0.874986 0.681333
vt 0.873985 0.653230
vt 0.378574 0.459284
vt 0.378574 0.535899
vt 0.344481 0.525710
vt 0.345065 0.464035
vt 0.337505 0.471835
vt 0.299471 0.467438
vt 0.303617 0.404339
vt 0.337505 0.394765
vt 0.950827 0.964423
vt 0.943930 0.964794
vt 0.940972 0.930683
vt 0.950827 0.928056
vt 0.796669 0.292085
vt 0.796669 0.336896
vt 0.772796 0.336718
vt 0.771818 0.289661
vt 0.872271 0.752210
vt 0.882160 0.752440
vt 0.882160 0.767421
vt 0.866095 0.770831
vt 0.060400 0.949592
vt 0.065151 0.932013
vt 0.074205 0.935180
vt 0.074205 0.958864
vt 0.859079 0.973164
vt 0.859079 0.988711
vt 0.850354 0.987287
vt 0.850339 0.971553
vt 0.452633 0.057245
vt 0.452633 0.066314
vt 0.446815 0.063680
vt 0.445177 0.054945
vt 0.325911 0.840289
vt 0.321558 0.824860
vt 0.369139 0.822516
vt 0.369139 0.840926
vt 0.621503 0.836344
vt 0.596849 0.835008
vt 0.596592 0.800370
vt 0.621503 0.796715
vt 0.576762 0.297328
vt 0.553594 0.293880
vt 0.555727 0.207203
vt 0.576762 0.196628
vt 0.604934 0.666383
vt 0.604934 0.716659
vt 0.573804 0.684370
vt 0.272738 0.542652
vt 0.272738 0.553760
vt 0.270185 0.550918
vt 0.876249 0.044045
vt 0.876249 0.115436
vt 0.868042 0.103621
vt 0.995129 0.364164
vt 0.990961 0.362565
vt 0.995129 0.348962
vt 0.280014 0.467009
vt 0.292097 0.455415
vt 0.292097 0.547130
vt 0.332431 0.562859
vt 0.332431 0.598116
vt 0.275568 0.586151
vt 0.055898 0.401489
vt 0.069036 0.393498
vt 0.069036 0.442967
vt 0.067448 0.260312
vt 0.067448 0.329500
vt 0.059345 0.313791
vt 0.948639 0.634594
vt 0.948639 0.693199
vt 0.942243 0.683196
vt 0.607075 0.608390
vt 0.607075 0.627874
vt 0.585517 0.622003
vt 0.397135 0.459284
vt 0.397135 0.528528
vt 0.385551 0.520729
vt 0.439233 0.606409
vt 0.439233 0.619102
vt 0.419612 0.613108
vt 0.723589 0.941270
vt 0.735781 0.918375
vt 0.735781 0.954743
vt 0.756973 0.879927
vt 0.756973 0.900510
vt 0.752410 0.898080
vt 0.601401 0.929340
vt 0.601401 0.972995
vt 0.595461 0.966482
vt 0.915270 0.778355
vt 0.915270 0.820403
vt 0.906195 0.816096
vt 0.901679 0.781847
vt 0.420170 0.913333
vt 0.420170 0.949024
vt 0.406150 0.931848
vt 0.974395 0.928224
vt 0.978976 0.928056
vt 0.978976 0.976066
vt 0.954010 0.183148
vt 0.959502 0.178596
vt 0.959502 0.237325
vt 0.972367 0.779132
vt 0.976669 0.778355
vt 0.976669 0.830368
vt 0.954920 0.247119
vt 0.960426 0.245395
vt 0.960426 0.302546
vt 0.017348 0.947846
vt 0.017348 0.973231
vt 0.003499 0.953715
vt 0.983984 0.314415
vt 0.983984 0.348989
vt 0.976194 0.341415
vt 0.051117 0.849894
vt 0.035726 0.826830
vt 0.051117 0.794803
vt 0.499900 0.936161
vt 0.480063 0.911443
vt 0.499900 0.909199
vt 0.983162 0.867407
vt 0.972367 0.861391
vt 0.983162 0.837345
vt 0.955504 0.314415
vt 0.955504 0.358356
vt 0.945445 0.349380
vt 0.701664 0.881451
vt 0.701664 0.913850
vt 0.681984 0.895501
vt 0.450334 0.913333
vt 0.450334 0.937157
vt 0.427147 0.928117
vt 0.672514 0.907395
vt 0.652961 0.900214
vt 0.672514 0.872443
vt 0.643770 0.858285
vt 0.643770 0.885214
vt 0.614594 0.866948
vt 0.588460 0.990476
vt 0.580601 0.985734
vt 0.588460 0.966370
vt 0.339892 0.976024
vt 0.349134 0.961204
vt 0.349134 0.990376
vt 0.947663 0.599628
vt 0.935144 0.594717
vt 0.947663 0.559683
vt 0.263208 0.542652
vt 0.263208 0.580585
vt 0.200376 0.566330
vt 0.575920 0.930091
vt 0.588460 0.929340
vt 0.588460 0.959393
vt 0.884820 0.125035
vt 0.884820 0.172786
vt 0.870295 0.157011
vt 0.137140 0.819735
vt 0.137140 0.868868
vt 0.134949 0.856239
vt 0.990984 0.715306
vt 0.996512 0.710797
vt 0.996512 0.738367
vt 0.987050 0.640630
vt 0.993036 0.634594
vt 0.993036 0.667370
vt 0.493304 0.565254
vt 0.486632 0.560016
vt 0.493304 0.549004
vt 0.189194 0.850432
vt 0.189194 0.869181
vt 0.183656 0.857624
vt 0.627263 0.994385
vt 0.622906 0.990609
vt 0.627263 0.978376
vt 0.372799 0.186199
vt 0.396878 0.184773
vt 0.396878 0.197928
vt 0.546617 0.196628
vt 0.546617 0.288342
vt 0.518979 0.266571
vt 0.482637 0.148192
vt 0.482637 0.166628
vt 0.481088 0.162801
vt 0.587768 0.763093
vt 0.587768 0.791861
vt 0.580844 0.766722
vt 0.446105 0.989690
vt 0.450581 0.971694
vt 0.450581 0.990738
vt 0.717656 0.237446
vt 0.734147 0.196628
vt 0.734147 0.280146
vt 0.265187 0.083616
vt 0.308306 0.076434
vt 0.308306 0.087084
vt 0.824695 0.396081
vt 0.824695 0.453281
vt 0.808304 0.412757
vt 0.983646 0.778916
vt 0.988986 0.778355
vt 0.988986 0.815656
vt 0.500281 0.598894
vt 0.523506 0.574219
vt 0.523506 0.650743
vt 0.785743 0.426073
vt 0.801327 0.396081
vt 0.801327 0.464595
vt 0.012547 0.694019
vt 0.012547 0.751218
vt 0.003488 0.723758
vt 0.332915 0.914418
vt 0.332915 0.954227
vt 0.321558 0.941595
vt 0.372845 0.673680
vt 0.338361 0.645757
vt 0.372845 0.625058
vt 0.717749 0.300777
vt 0.740294 0.289661
vt 0.740294 0.352103
vt 0.690123 0.046425
vt 0.712835 0.044045
vt 0.712835 0.110450
vt 0.114144 0.996071
vt 0.108671 0.992306
vt 0.114144 0.965963
vt 0.546157 0.974258
vt 0.535293 0.953371
vt 0.546157 0.942920
vt 0.947943 0.302546
vt 0.936672 0.273662
vt 0.947943 0.260517
vt 0.950295 0.544494
vt 0.941711 0.507579
vt 0.950295 0.495381
vt 0.841090 0.943520
vt 0.831472 0.905820
vt 0.841090 0.895313
vt 0.533545 0.189582
vt 0.490013 0.178782
vt 0.533545 0.153629
vt 0.671850 0.376003
vt 0.674403 0.373161
vt 0.674403 0.384269
vt 0.044558 0.477674
vt 0.052765 0.465859
vt 0.052765 0.537250
vt 0.980007 0.302546
vt 0.967403 0.289093
vt 0.980007 0.287345
vt 0.512003 0.288342
vt 0.477633 0.242615
vt 0.512003 0.207316
vt 0.312241 0.302369
vt 0.337505 0.284393
vt 0.337505 0.387353
vt 0.307716 0.387788
vt 0.382309 0.576140
vt 0.439172 0.564175
vt 0.439172 0.599432
vt 0.524893 0.728366
vt 0.524893 0.785518
vt 0.503840 0.766442
vt 0.122284 0.272384
vt 0.127891 0.271023
vt 0.127891 0.326182
vt 0.973785 0.437597
vt 0.978109 0.436957
vt 0.978109 0.486427
vt 0.946090 0.229215
vt 0.946090 0.251557
vt 0.927291 0.246438
vt 0.833413 0.273776
vt 0.844997 0.265977
vt 0.844997 0.335221
vt 0.965390 0.826396
vt 0.965390 0.867461
vt 0.956796 0.845264
vt 0.621817 0.167866
vt 0.621817 0.188382
vt 0.618743 0.185774
vt 0.985967 0.771066
vt 0.976218 0.768071
vt 0.985967 0.752348
vt 0.687153 0.388804
vt 0.681434 0.383535
vt 0.687153 0.351189
vt 0.852096 0.460258
vt 0.852096 0.529502
vt 0.840530 0.506905
vt 0.887152 0.899626
vt 0.887152 0.955233
vt 0.882765 0.953903
vt 0.974321 0.018786
vt 0.974321 0.070800
vt 0.970019 0.070023
vt 0.960948 0.375277
vt 0.960948 0.432429
vt 0.955441 0.430704
vt 0.081182 0.978030
vt 0.089271 0.973369
vt 0.089271 0.990710
vt 0.993860 0.702448
vt 0.987050 0.701485
vt 0.993860 0.674346
vt 0.847063 0.451172
vt 0.831672 0.419145
vt 0.847063 0.396081
vt 0.590019 0.734904
vt 0.606895 0.724239
vt 0.606895 0.755932
vt 0.842266 0.980558
vt 0.831472 0.956512
vt 0.842266 0.950496
vt 0.987771 0.098531
vt 0.981298 0.096609
vt 0.987771 0.062147
vt 0.773655 0.572459
vt 0.747286 0.567104
vt 0.773655 0.548278
vt 0.784201 0.931119
vt 0.764113 0.916429
vt 0.784201 0.903620
vt 0.908138 0.265977
vt 0.908138 0.299940
vt 0.888016 0.294556
vt 0.652961 0.917110
vt 0.672241 0.914372
vt 0.672241 0.940659
vt 0.388383 0.990179
vt 0.380524 0.970815
vt 0.388383 0.966073
vt 0.330800 0.961204
vt 0.330800 0.990376
vt 0.321558 0.975556
vt 0.947214 0.164980
vt 0.934695 0.129946
vt 0.947214 0.125035
vt 0.578540 0.511144
vt 0.578540 0.575573
vt 0.541547 0.567180
vt 0.435480 0.299482
vt 0.465479 0.297684
vt 0.465479 0.310246
vt 0.859080 0.964576
vt 0.849352 0.948430
vt 0.859080 0.929456
vt 0.929695 0.302546
vt 0.915115 0.291747
vt 0.929695 0.265977
vt 0.983901 0.256550
vt 0.990213 0.245395
vt 0.990213 0.279409
vt 0.617255 0.269315
vt 0.643292 0.266860
vt 0.643292 0.277854
vt 0.823664 0.991460
vt 0.816992 0.980447
vt 0.823664 0.975209
vt 0.027785 0.694019
vt 0.027785 0.699785
vt 0.019524 0.697781
vt 0.657319 0.994802
vt 0.652961 0.982569
vt 0.657319 0.978793
vt 0.921193 0.679932
vt 0.934325 0.679155
vt 0.934325 0.703276
vt 0.573244 0.389104
vt 0.544880 0.372331
vt 0.573244 0.313899
vt 0.888016 0.309838
vt 0.891588 0.306917
vt 0.891588 0.324087
vt 0.797538 0.989174
vt 0.804462 0.964034
vt 0.804462 0.992802
vt 0.096248 0.991850
vt 0.100844 0.973369
vt 0.100844 0.991914
vt 0.480063 0.806984
vt 0.524893 0.792495
vt 0.524893 0.816234
vt 0.941711 0.446441
vt 0.952216 0.444691
vt 0.952216 0.488404
vt 0.805793 0.600207
vt 0.822184 0.559683
vt 0.822184 0.616882
vt 0.330559 0.605093
vt 0.330559 0.668430
vt 0.321550 0.641109
vt 0.674457 0.289661
vt 0.674457 0.366184
vt 0.651232 0.341510
vt 0.805793 0.625478
vt 0.842660 0.623859
vt 0.842660 0.644652
vt 0.816992 0.937883
vt 0.823728 0.924210
vt 0.823728 0.968232
vt 0.645941 0.989909
vt 0.636812 0.972209
vt 0.645941 0.960455
vt 0.234859 0.682288
vt 0.200376 0.661589
vt 0.234859 0.633665
vt 0.731572 0.125035
vt 0.731572 0.187477
vt 0.709028 0.176361
vt 0.636567 0.010407
vt 0.702611 0.003488
vt 0.702611 0.026325
vt 0.780423 0.098079
vt 0.757586 0.098018
vt 0.780423 0.044045
vt 0.679671 0.264686
vt 0.654781 0.261183
vt 0.679671 0.196628
vt 0.995611 0.867454
vt 0.990138 0.841110
vt 0.995611 0.837345
vt 0.358831 0.925538
vt 0.369283 0.915859
vt 0.369283 0.955082
vt 0.895335 0.720971
vt 0.906242 0.710797
vt 0.906242 0.761560
vt 0.360970 0.860478
vt 0.369283 0.847902
vt 0.369283 0.908882
vt 0.898030 0.405746
vt 0.906051 0.390400
vt 0.906051 0.453281
vt 0.439172 0.480128
vt 0.439172 0.557198
vt 0.406212 0.535197
vt 0.764113 0.981362
vt 0.770144 0.976411
vt 0.770144 0.992145
vt 0.268958 0.501036
vt 0.268958 0.535675
vt 0.200376 0.501524
vt 0.615929 0.978376
vt 0.615929 0.993923
vt 0.610872 0.990023
vt 0.299471 0.500814
vt 0.332431 0.478812
vt 0.332431 0.555882
vt 0.993014 0.287345
vt 0.993014 0.303079
vt 0.986984 0.298128
vt 0.101667 0.535614
vt 0.170249 0.501463
vt 0.170249 0.536102
vt 0.988145 0.613910
vt 0.993202 0.610009
vt 0.993202 0.625557
vt 0.558557 0.935943
vt 0.535293 0.935439
vt 0.535656 0.915970
vt 0.558557 0.915114
vn -0.0631 -0.9955 -0.0708
vn -0.1662 -0.9855 0.0348
vn -0.1663 -0.9855 0.0348
vn 0.3886 0.5987 0.7003
vn 0.3030 0.8396 0.4509
vn -0.2495 -0.1191 -0.9610
vn -0.7139 -0.6994 -0.0340
vn -0.7027 -0.7099 -0.0468
vn 0.2738 -0.9035 -0.3297
vn -0.1945 0.1808 -0.9641
vn -0.2552 0.2829 -0.9246
vn -0.2552 0.2830 -0.9246
vn -0.6506 0.7289 -0.2134
vn 0.2378 -0.0483 -0.9701
vn 0.2609 -0.8970 0.3567
vn 0.3253 0.8558 -0.4022
vn 0.3254 0.8558 -0.4023
vn 0.4411 0.4830 -0.7564
vn -0.7033 0.6866 -0.1842
vn 0.2400 -0.0488 -0.9695
vn 0.1644 0.1003 -0.9813
vn 0.1114 0.0089 -0.9937
vn -0.2710 -0.9626 -0.0069
vn -0.2694 -0.9630 -0.0016
vn -0.2702 -0.9628 -0.0005
vn -0.2663 -0.9639 -0.0058
vn 0.4411 0.4830 0.7564
vn 0.3254 0.8558 0.4022
vn 0.3253 0.8558 0.4022
vn 0.6499 -0.0169 0.7598
vn 0.9381 -0.1584 0.3080
vn -0.1401 -0.1537 0.9781
vn -0.1326 -0.1588 0.9784
vn -0.1335 -0.1582 0.9783
vn -0.1403 -0.1536 0.9781
vn -0.2822 -0.9539 0.1027
vn -0.1931 -0.9810 0.0209
vn 0.1537 -0.4259 0.8916
vn 0.2309 -0.9726 -0.0284
vn 0.2112 -0.9767 -0.0371
vn 0.2113 -0.9767 -0.0371
vn 0.5458 0.1075 -0.8310
vn -0.2924 -0.9558 0.0304
vn 0.6478 -0.7549 0.1027
vn 0.8083 -0.4685 0.3566
vn 0.3292 0.9375 -0.1125
vn 0.6787 0.7155 -0.1652
vn -0.3729 -0.9114 0.1740
vn -0.3099 -0.9440 0.1131
vn 0.5653 0.5898 -0.5767
vn 0.2741 0.9607 0.0435
vn 0.1934 0.9738 0.1196
vn 0.1934 0.9738 0.1195
vn 0.5462 0.4973 0.6741
vn 0.4138 0.4160 0.8098
vn 0.2179 0.5827 -0.7830
vn 0.2179 0.5826 -0.7830
vn 0.2647 0.3702 -0.8904
vn 0.4179 -0.9073 -0.0461
vn 0.3913 -0.9201 -0.0180
vn 0.3415 -0.9373 -0.0697
vn 0.3707 -0.9215 -0.1158
vn 0.3102 -0.0467 0.9495
vn 0.5659 0.0992 0.8185
vn 0.5659 0.0993 0.8185
vn -0.3118 -0.9493 0.0409
vn -0.3380 -0.9391 0.0615
vn -0.3407 -0.9402 0.0032
vn -0.3299 -0.9438 0.0172
vn 0.3145 -0.8494 -0.4238
vn 0.2964 -0.8410 -0.4527
vn -0.0320 -0.9680 -0.2490
vn -0.0786 -0.9873 -0.1382
vn -0.3499 0.8855 -0.3057
vn -0.4554 0.8550 -0.2483
vn -0.4554 0.8550 -0.2482
vn 0.4565 0.8517 -0.2572
vn 0.5024 0.5320 -0.6816
vn 0.0474 -0.0599 -0.9971
vn 0.5140 0.8577 0.0145
vn 0.2504 -0.9680 0.0136
vn 0.2507 -0.9680 0.0121
vn 0.2493 -0.9683 0.0184
vn 0.2490 -0.9683 0.0199
vn 0.6499 -0.0169 -0.7598
vn 0.9381 -0.1584 -0.3080
vn 0.8481 -0.3082 0.4310
vn 0.7339 -0.4302 0.5256
vn 0.4975 0.1051 -0.8610
vn 0.5630 0.5415 0.6243
vn 0.5630 0.5414 0.6244
vn 0.5285 0.4074 0.7448
vn -0.5201 0.8449 0.1252
vn -0.2840 -0.4205 0.8617
vn -0.1431 -0.2107 0.9670
vn -0.7254 -0.6785 0.1161
vn -0.7254 -0.6785 0.1160
vn -0.7195 -0.6866 0.1044
vn -0.1064 -0.2215 -0.9693
vn 0.4321 0.8849 -0.1740
vn -0.2657 -0.9620 0.0627
vn -0.3197 -0.9457 0.0582
vn 0.3724 0.2917 0.8811
vn 0.3724 0.2917 0.8810
vn 0.2837 0.1525 0.9467
vn 0.2616 0.2184 0.9401
vn -0.2470 -0.4867 -0.8379
vn -0.1165 0.8976 0.4251
vn -0.0946 -0.0333 -0.9950
vn 0.0490 -0.0267 -0.9984
vn -0.1365 -0.8902 -0.4347
vn -0.3009 -0.9536 -0.0077
vn 0.3146 -0.8494 0.4238
vn 0.3145 -0.8494 0.4238
vn 0.2963 -0.8410 0.4527
vn 0.2964 -0.8410 0.4527
vn -0.1136 0.0292 0.9931
vn -0.1147 0.0291 0.9930
vn -0.1093 0.0293 0.9936
vn -0.1082 0.0294 0.9937
vn 0.4680 0.4335 0.7701
vn 0.4647 0.4344 0.7716
vn 0.4658 0.4247 0.7764
vn 0.4632 0.4238 0.7784
vn 0.4575 0.4249 -0.7811
vn 0.4530 0.4238 -0.7843
vn 0.4534 0.4296 -0.7809
vn 0.1167 -0.0898 0.9891
vn -0.1329 0.2767 0.9517
vn 0.4496 0.5913 0.6695
vn 0.6392 0.6729 0.3724
vn -0.4407 -0.8976 0.0123
vn -0.4736 -0.8808 0.0038
vn -0.4807 -0.8759 0.0413
vn -0.4607 -0.8875 0.0073
vn -0.4397 -0.8981 -0.0102
vn -0.4442 -0.8958 -0.0177
vn 0.2179 0.5827 0.7830
vn 0.2179 0.5827 0.7829
vn 0.2647 0.3702 0.8904
vn -0.5376 0.8282 -0.1585
vn -0.5376 0.8282 0.1585
vn 0.4471 0.4645 -0.7645
vn -0.5432 -0.8340 -0.0971
vn -0.3389 -0.9407 -0.0167
vn -0.2605 -0.9607 -0.0960
vn -0.2606 -0.9607 -0.0960
vn -0.2413 -0.9680 -0.0693
vn 0.4398 0.8927 -0.0979
vn 0.5430 0.8387 0.0424
vn -0.4389 -0.8986 0.0016
vn -0.4184 -0.9083 -0.0022
vn -0.4502 -0.8928 0.0110
vn -0.4607 -0.8875 -0.0073
vn -0.1622 -0.1775 -0.9707
vn -0.9686 0.1212 0.2171
vn -0.9629 0.0130 0.2694
vn -0.9629 0.0129 0.2694
vn 0.6115 -0.6984 0.3719
vn 0.6054 -0.7030 0.3731
vn 0.6068 -0.7020 0.3728
vn 0.6127 -0.6975 0.3717
vn -0.0284 0.0241 -0.9993
vn 0.3579 0.3564 -0.8630
vn 0.3580 0.3565 -0.8630
vn 0.4499 0.8816 0.1426
vn 0.4499 0.8816 0.1425
vn 0.3803 0.9062 0.1849
vn 0.3804 0.9062 0.1849
vn 0.1140 -0.2260 0.9674
vn 0.2095 -0.4687 0.8582
vn 0.2095 -0.4687 0.8581
vn 0.8732 0.4136 0.2580
vn 0.9508 0.2585 0.1708
vn 0.3871 0.4118 -0.8249
vn 0.5951 0.4164 -0.6873
vn 0.0164 -0.0453 0.9988
vn 0.0163 -0.0448 0.9989
vn 0.0185 -0.0541 0.9984
vn 0.0187 -0.0549 0.9983
vn 0.1039 -0.1804 -0.9781
vn 0.0829 -0.1264 -0.9885
vn 0.0747 -0.1802 -0.9808
vn 0.0819 -0.1257 0.9887
vn 0.1021 -0.0476 0.9936
vn 0.0378 0.0507 0.9980
vn 0.0296 0.0306 0.9991
vn -0.0127 -0.0986 -0.9950
vn 0.4960 0.8587 0.1287
vn 0.4465 0.8934 0.0503
vn 0.1526 0.0711 0.9857
vn 0.2004 -0.0244 0.9794
vn -0.3499 0.8855 0.3057
vn -0.4554 0.8550 0.2483
vn -0.4554 0.8550 0.2482
vn -0.5725 -0.8188 -0.0423
vn -0.5152 -0.8571 0.0006
vn 0.3295 0.8932 0.3058
vn 0.3295 0.8933 0.3058
vn 0.3788 0.8650 0.3290
vn -0.4536 0.8907 0.0300
vn 0.8732 0.4135 -0.2580
vn 0.8732 0.4136 -0.2580
vn 0.9508 0.2585 -0.1708
vn -0.2413 -0.9680 0.0693
vn -0.2606 -0.9607 0.0960
vn -0.1246 -0.1102 -0.9861
vn -0.1795 -0.1591 -0.9708
vn 0.1798 -0.3791 0.9077
vn 0.0884 -0.2505 0.9641
vn 0.6478 -0.7549 -0.1027
vn 0.8083 -0.4685 -0.3566
vn -0.9880 0.0197 -0.1530
vn -0.9798 0.0574 -0.1913
vn -0.9798 0.0573 -0.1913
vn -0.9991 0.0431 -0.0020
vn -0.9987 0.0367 -0.0340
vn 0.6371 -0.3729 0.6746
vn -0.0786 -0.9873 0.1382
vn -0.0320 -0.9680 0.2490
vn 0.3486 0.9371 -0.0174
vn 0.3443 0.9385 0.0261
vn -0.2626 0.3308 -0.9065
vn -0.3269 0.2920 -0.8988
vn -0.3095 0.3556 -0.8819
vn 0.9779 0.1934 0.0795
vn -0.5816 0.8034 -0.1278
vn -0.5284 0.8443 0.0889
vn -0.5134 -0.8227 -0.2443
vn -0.3426 0.0541 -0.9379
vn -0.2693 0.2069 -0.9406
vn -0.2182 0.3466 -0.9123
vn -0.2181 0.3466 -0.9123
vn -0.2423 0.3504 -0.9047
vn 0.2645 0.4746 -0.8395
vn 0.3778 0.4024 -0.8339
vn 0.1957 -0.2591 0.9458
vn 0.2931 -0.2668 0.9181
vn -0.1152 -0.2947 0.9486
vn -0.1152 -0.2946 0.9486
vn -0.5427 0.1348 0.8290
vn 0.8526 0.5100 -0.1143
vn -0.1305 0.8984 0.4193
vn -0.0377 0.0489 -0.9981
vn 0.7066 -0.7045 -0.0664
vn 0.1781 0.0988 0.9790
vn 0.2865 0.3015 0.9094
vn 0.3116 0.5854 0.7485
vn 0.2250 0.6028 0.7655
vn -0.0817 -0.9809 0.1766
vn -0.7642 -0.5497 -0.3375
vn -0.7625 -0.5505 -0.3400
vn -0.7631 -0.5506 -0.3383
vn 0.9896 -0.1365 -0.0458
vn 0.4765 0.8775 -0.0544
vn 0.6454 0.1277 -0.7531
vn -0.1544 0.4504 -0.8794
vn -0.3316 -0.9080 0.2560
vn -0.2249 -0.8602 0.4578
vn -0.2249 -0.8601 0.4578
vn -0.1667 -0.3441 0.9240
vn -0.2445 -0.3722 0.8954
vn -0.0367 0.9980 -0.0508
vn 0.0438 -0.0578 -0.9974
vn -0.0299 -0.0622 -0.9976
vn 0.1292 0.5228 0.8426
vn 0.1681 0.2172 0.9616
vn -0.5284 0.8443 -0.0889
vn -0.5816 0.8034 0.1278
vn -0.2728 -0.9597 0.0679
vn -0.2838 -0.9560 0.0743
vn -0.2789 -0.9578 0.0692
vn -0.6302 0.5150 -0.5810
vn -0.2618 0.0729 0.9624
vn -0.5079 0.3231 -0.7985
vn -0.5548 0.3390 -0.7598
vn -0.5548 0.3390 -0.7597
vn 0.4386 0.5198 0.7331
vn 0.6068 -0.7020 -0.3728
vn 0.6054 -0.7030 -0.3731
vn 0.6113 -0.6985 -0.3719
vn 0.6127 -0.6975 -0.3717
vn 0.8826 0.4214 0.2084
vn 0.8251 0.4977 0.2676
vn 0.2999 0.9537 0.0227
vn 0.2880 0.9572 0.0285
vn 0.2900 0.9566 0.0288
vn -0.9306 -0.1652 -0.3267
vn 0.4046 0.3989 0.8229
vn 0.5036 0.4538 0.7352
vn 0.5035 0.4538 0.7352
vn 0.6401 0.5518 0.5345
vn 0.7309 0.6461 -0.2199
vn 0.1957 -0.2591 -0.9458
vn 0.2931 -0.2668 -0.9181
vn -0.4569 -0.7146 0.5297
vn -0.3523 -0.9280 0.1209
vn 0.3928 0.9080 0.1460
vn -0.4395 -0.8937 -0.0906
vn -0.3046 -0.1059 0.9466
vn -0.5394 -0.7435 0.3952
vn 0.5084 0.5917 -0.6256
vn 0.2990 0.9536 -0.0364
vn 0.2900 0.9566 -0.0288
vn 0.3027 0.9530 -0.0139
vn 0.3224 0.9464 -0.0213
vn 0.4981 0.4114 0.7633
vn 0.4981 0.4115 0.7633
vn 0.4978 0.4532 0.7395
vn -0.3331 -0.9403 -0.0694
vn -0.3619 -0.9322 -0.0044
vn 0.3156 0.3347 0.8879
vn 0.3511 0.3002 -0.8869
vn 0.3724 0.2917 -0.8810
vn 0.2357 0.1574 -0.9590
vn 0.2616 0.2184 -0.9401
vn 0.3145 0.9487 -0.0333
vn 0.3112 0.9491 -0.0488
vn 0.3226 0.9456 -0.0423
vn 0.0484 0.5165 0.8549
vn -0.3729 -0.9114 -0.1740
vn -0.3099 -0.9440 -0.1131
vn 0.0858 -0.4168 0.9049
vn -0.1874 -0.8902 -0.4153
vn 0.8251 0.4977 -0.2676
vn 0.8826 0.4214 -0.2084
vn 0.5155 -0.5652 0.6441
vn 0.2162 0.2133 0.9528
vn 0.8481 -0.3082 -0.4310
vn 0.7340 -0.4302 -0.5256
vn 0.7339 -0.4302 -0.5256
vn 0.0511 0.1966 0.9792
vn -0.7195 -0.6866 -0.1044
vn -0.7254 -0.6785 -0.1161
vn -0.7254 -0.6785 -0.1160
vn -0.9991 0.0431 0.0020
vn -0.9987 0.0367 0.0339
vn -0.9987 0.0367 0.0340
vn 0.5953 -0.6019 -0.5323
vn 0.4949 -0.7913 -0.3590
vn 0.4949 -0.7914 -0.3590
vn 0.0036 0.5320 0.8467
vn 0.0567 -0.6314 -0.7734
vn 0.4286 0.5904 -0.6839
vn 0.0367 0.9992 -0.0149
vn 0.0122 0.9918 -0.1269
vn 0.0122 0.9918 -0.1268
vn -0.1293 -0.7090 0.6933
vn -0.9621 -0.2455 0.1190
vn 0.0007 0.9839 0.1785
vn 0.1071 0.9908 0.0826
vn -0.6113 0.7778 -0.1463
vn -0.5428 0.8390 0.0387
vn -0.1246 0.9628 -0.2399
vn -0.3160 0.9117 -0.2626
vn -0.3638 -0.1338 -0.9218
vn -0.3612 0.0572 -0.9307
vn -0.6602 -0.7301 -0.1767
vn -0.6601 -0.7301 -0.1767
vn -0.7440 -0.6678 -0.0222
vn -0.0631 -0.9955 0.0708
vn -0.1662 -0.9855 -0.0348
vn -0.1663 -0.9855 -0.0348
vn 0.2008 0.9776 0.0628
vn 0.1944 0.9696 0.1489
vn 0.1944 0.9695 0.1490
vn -0.7390 0.6511 0.1730
vn -0.7223 0.6579 0.2133
vn 0.6807 0.7277 0.0844
vn 0.6543 0.7474 0.1157
vn -0.5644 0.6538 -0.5040
vn -0.5709 0.6526 -0.4982
vn -0.5698 0.6528 -0.4992
vn -0.5633 0.6539 -0.5050
vn -0.2637 0.9608 0.0859
vn -0.2691 0.9464 0.1788
vn -0.7481 -0.6126 0.2550
vn -0.6922 -0.6548 0.3034
vn -0.6922 -0.6548 0.3035
vn -0.0541 0.1934 -0.9796
vn 0.0044 0.2021 -0.9794
vn 0.2760 -0.9566 0.0938
vn 0.1814 -0.9832 -0.0204
vn 0.1815 -0.9832 -0.0204
vn 0.0012 1.0000 -0.0000
vn -0.0183 0.9997 -0.0188
vn -0.7027 -0.7099 0.0468
vn -0.7139 -0.6994 0.0340
vn -0.2256 -0.1580 -0.9613
vn -0.2698 -0.0928 -0.9584
vn -0.2495 -0.1191 0.9610
vn 0.4470 0.8842 -0.1354
vn 0.4634 0.8691 -0.1730
vn 0.2738 -0.9035 0.3297
vn -0.3456 -0.9384 0.0024
vn -0.3448 -0.9386 0.0111
vn -0.3464 -0.9380 0.0133
vn -0.3452 -0.9385 0.0028
vn -0.6506 0.7289 0.2134
vn 0.2378 -0.0483 0.9701
vn 0.9362 -0.3318 -0.1161
vn 0.1681 0.2172 -0.9616
vn 0.1292 0.5227 -0.8426
vn 0.1292 0.5228 -0.8426
vn -0.9590 0.0394 0.2806
vn 0.1644 0.1003 0.9813
vn -0.0816 0.2121 0.9738
vn 0.1113 0.0089 0.9937
vn -0.9921 -0.0496 0.1153
vn -0.9999 0.0026 0.0116
vn 0.2240 -0.7122 -0.6653
vn -0.1800 -0.9553 -0.2344
vn 0.3546 0.9301 0.0957
vn 0.4615 0.8859 -0.0469
vn 0.4614 0.8859 -0.0469
vn -0.3430 -0.9379 0.0513
vn -0.3388 -0.9389 0.0607
vn -0.3390 -0.9389 0.0602
vn -0.3438 -0.9377 0.0495
vn -0.2822 -0.9539 -0.1027
vn -0.2037 -0.9770 -0.0638
vn 0.3461 0.3843 -0.8559
vn -0.6922 -0.6548 -0.3035
vn -0.7481 -0.6126 -0.2550
vn 0.1719 -0.7698 0.6147
vn -0.2924 -0.9558 -0.0304
vn 0.4399 -0.0925 -0.8933
vn 0.2568 0.2580 -0.9314
vn 0.3292 0.9375 0.1125
vn 0.6787 0.7155 0.1652
vn 0.2347 0.0982 -0.9671
vn 0.2346 0.0982 -0.9671
vn 0.2736 0.3404 -0.8996
vn 0.5653 0.5898 0.5767
vn 0.3913 -0.9201 0.0180
vn 0.3706 -0.9266 0.0632
vn 0.3782 -0.9253 0.0265
vn 0.2998 -0.9476 0.1099
vn 0.2907 -0.9535 0.0802
vn 0.2268 -0.9686 0.1024
vn -0.3381 -0.9403 -0.0398
vn -0.3368 -0.9412 -0.0265
vn -0.3380 -0.9391 -0.0614
vn -0.3380 -0.9391 -0.0615
vn -0.3619 -0.9322 0.0044
vn -0.3331 -0.9403 0.0694
vn 0.1925 0.9734 0.1239
vn 0.1791 0.9598 0.2162
vn -0.6740 0.3778 -0.6348
vn -0.6742 0.3774 -0.6348
vn -0.7240 0.4080 -0.5563
vn 0.3443 0.9385 -0.0261
vn 0.3486 0.9371 0.0174
vn 0.4462 0.8785 0.1708
vn 0.5036 0.8613 0.0668
vn -0.3356 -0.9420 0.0069
vn -0.3431 -0.9392 0.0148
vn -0.3455 -0.9384 0.0095
vn -0.3532 -0.9355 0.0017
vn 0.4565 0.8517 0.2572
vn 0.4945 0.5708 0.6555
vn 0.0372 -0.0794 0.9962
vn 0.5280 0.8480 -0.0448
vn 0.4685 0.4313 -0.7710
vn 0.4632 0.4238 -0.7784
vn 0.4656 0.4266 -0.7754
vn 0.4647 0.4344 -0.7716
vn -0.3612 0.0571 0.9307
vn -0.3612 0.0572 0.9307
vn -0.3638 -0.1338 0.9218
vn 0.2645 0.4746 0.8395
vn 0.3778 0.4024 0.8339
vn 0.1290 0.3112 0.9416
vn -0.0948 -0.9947 -0.0403
vn -0.1399 -0.9901 -0.0123
vn -0.5201 0.8449 -0.1252
vn -0.3875 -0.3531 0.8516
vn 0.2008 0.9776 -0.0628
vn 0.1944 0.9696 -0.1489
vn 0.1944 0.9695 -0.1490
vn -0.3124 -0.9480 -0.0615
vn 0.4321 0.8849 0.1740
vn -0.0190 -0.7288 0.6844
vn -0.3197 -0.9457 -0.0582
vn 0.8497 0.3904 -0.3545
vn 0.7652 0.5020 -0.4030
vn -0.2470 -0.4867 0.8379
vn -0.1165 0.8976 -0.4251
vn -0.3172 -0.9463 0.0632
vn -0.3170 -0.9464 0.0617
vn -0.3176 -0.9459 0.0669
vn -0.3177 -0.9457 0.0685
vn -0.1160 -0.9880 0.1016
vn -0.1165 -0.9880 0.1018
vn -0.1166 -0.9879 0.1018
vn -0.1151 -0.9882 0.1014
vn 0.4978 0.4532 -0.7395
vn 0.4981 0.4115 -0.7633
vn 0.4465 0.8934 -0.0503
vn 0.4960 0.8587 -0.1287
vn 0.5462 0.4973 -0.6741
vn 0.4138 0.4160 -0.8098
vn 0.6484 0.2865 0.7053
vn 0.2250 0.6028 -0.7655
vn 0.0840 0.2268 -0.9703
vn 0.2865 0.3015 -0.9094
vn 0.2568 0.2580 0.9314
vn 0.4399 -0.0925 0.8933
vn -0.1227 0.0373 0.9917
vn -0.2167 0.0353 0.9756
vn 0.4462 0.8785 -0.1708
vn 0.5036 0.8613 -0.0668
vn -0.6949 0.0600 0.7166
vn -0.6949 0.0599 0.7166
vn -0.8051 0.1459 0.5750
vn 0.1152 0.9898 0.0838
vn 0.3497 0.9230 -0.1603
vn 0.3497 0.9230 -0.1604
vn 0.4642 0.5062 0.7268
vn -0.0815 -0.9964 -0.0218
vn -0.0818 -0.9964 -0.0221
vn -0.0726 -0.9973 -0.0130
vn -0.0721 -0.9973 -0.0125
vn 0.1194 0.9890 -0.0872
vn 0.1247 0.9921 0.0166
vn 0.0404 0.3628 -0.9310
vn 0.0404 0.3627 -0.9310
vn 0.0956 0.3077 -0.9467
vn 0.0955 0.3077 -0.9467
vn 0.3295 0.8933 -0.3058
vn 0.3788 0.8650 -0.3290
vn -0.1622 -0.1775 0.9707
vn -0.1383 -0.9902 0.0183
vn -0.1078 -0.9934 -0.0398
vn 0.0000 -1.0000 0.0000
vn -0.0948 -0.9947 0.0403
vn -0.1400 -0.9901 0.0123
vn -0.1399 -0.9901 0.0123
vn -0.3968 -0.9171 -0.0397
vn -0.3998 -0.9164 -0.0189
vn 0.4160 0.4783 -0.7734
vn 0.4228 0.4595 -0.7811
vn 0.4046 0.3989 -0.8229
vn 0.5035 0.4538 -0.7352
vn 0.3871 0.4118 0.8249
vn 0.4967 0.2799 0.8216
vn -0.2423 0.3504 0.9047
vn -0.2182 0.3466 0.9123
vn 0.0829 -0.1264 0.9885
vn 0.0026 -0.1064 0.9943
vn 0.0747 -0.1802 0.9808
vn 0.9617 -0.0694 0.2650
vn 0.9618 -0.0697 0.2647
vn 0.9599 -0.0610 0.2736
vn 0.9598 -0.0603 0.2743
vn -0.0127 -0.0986 0.9950
vn 0.3805 0.9126 -0.1495
vn 0.3804 0.9126 -0.1495
vn 0.2840 0.9520 -0.1142
vn 0.2841 0.9520 -0.1142
vn 0.8250 0.3614 -0.4346
vn 0.8250 0.3614 -0.4345
vn 0.9529 0.0381 -0.3010
vn 0.5630 0.5415 -0.6243
vn 0.5630 0.5414 -0.6244
vn 0.5285 0.4074 -0.7448
vn 0.0328 0.0371 0.9988
vn 0.0504 0.0122 0.9987
vn -0.5463 -0.8323 -0.0940
vn -0.5763 -0.8171 0.0159
vn -0.5463 -0.8323 -0.0939
vn -0.5059 0.8619 0.0341
vn 0.5369 -0.8412 -0.0650
vn 0.5349 -0.8286 -0.1653
vn 0.1934 0.9738 -0.1195
vn 0.2741 0.9607 -0.0435
vn 0.3728 0.9233 -0.0922
vn -0.1383 -0.9902 -0.0183
vn -0.1078 -0.9934 0.0398
vn -0.2774 0.1177 0.9535
vn -0.2167 0.1379 0.9665
vn -0.2768 0.2777 0.9199
vn -0.3152 0.2403 0.9181
vn 0.8176 0.5758 -0.0062
vn 0.8176 0.5758 -0.0063
vn 0.8213 0.5705 0.0078
vn 0.2068 0.9777 0.0369
vn 0.2069 0.9777 0.0369
vn 0.2335 0.9721 0.0207
vn 0.6371 -0.3729 -0.6746
vn 0.4615 0.8859 0.0469
vn 0.4614 0.8859 0.0469
vn 0.3546 0.9301 -0.0957
vn -0.3390 -0.9389 -0.0602
vn -0.3388 -0.9389 -0.0606
vn -0.3430 -0.9379 -0.0513
vn -0.3438 -0.9377 -0.0495
vn 0.1247 0.9921 -0.0166
vn 0.1194 0.9890 0.0872
vn 0.9779 0.1934 -0.0795
vn 0.1152 0.9898 -0.0838
vn 0.3497 0.9230 0.1603
vn 0.3497 0.9230 0.1604
vn -0.5134 -0.8227 0.2443
vn 0.3102 -0.0467 -0.9495
vn 0.5659 0.0993 -0.8185
vn 0.5430 0.8387 -0.0424
vn 0.4398 0.8927 0.0979
vn 0.6807 0.7277 -0.0844
vn 0.6543 0.7474 -0.1157
vn -0.8587 0.5023 0.1019
vn -0.8151 0.5385 0.2138
vn -0.8151 0.5385 0.2139
vn -0.1667 -0.3441 -0.9240
vn -0.2445 -0.3722 -0.8954
vn 0.8526 0.5099 0.1143
vn -0.1305 0.8984 -0.4193
vn -0.0377 0.0489 0.9981
vn 0.7066 -0.7045 0.0664
vn -0.0817 -0.9809 -0.1766
vn -0.7660 -0.5489 0.3345
vn -0.7640 -0.5505 0.3367
vn -0.7651 -0.5494 0.3358
vn 0.7520 -0.4554 -0.4765
vn 0.4765 0.8775 0.0544
vn 0.7096 -0.3721 0.5983
vn -0.1544 0.4504 0.8794
vn 0.0164 -0.0453 -0.9988
vn 0.0187 -0.0550 -0.9983
vn 0.0185 -0.0541 -0.9984
vn 0.0163 -0.0448 -0.9989
vn -0.3491 -0.8954 0.2764
vn -0.0990 -0.8323 0.5453
vn -0.0991 -0.8324 0.5453
vn -0.0251 0.9857 0.1669
vn 0.5369 -0.8412 0.0650
vn 0.5349 -0.8286 0.1653
vn -0.5427 0.1349 -0.8290
vn -0.5427 0.1348 -0.8290
vn -0.1151 -0.2947 -0.9486
vn -0.1152 -0.2946 -0.9486
vn -0.8051 0.1459 -0.5750
vn -0.6949 0.0599 -0.7166
vn -0.2838 -0.9560 -0.0743
vn -0.2728 -0.9597 -0.0679
vn -0.2789 -0.9578 -0.0692
vn -0.7055 0.4495 0.5479
vn -0.2618 0.0729 -0.9624
vn 0.3698 -0.4274 -0.8250
vn 0.3256 -0.3372 -0.8833
vn 0.4386 0.5198 -0.7331
vn -0.5166 -0.4172 -0.7477
vn -0.5077 -0.4332 -0.7447
vn -0.5093 -0.8361 -0.2041
vn -0.5093 -0.8360 -0.2041
vn -0.5656 -0.8046 -0.1807
vn -0.4182 -0.6310 -0.6534
vn -0.4182 -0.6310 -0.6535
vn -0.3825 -0.7102 -0.5911
vn -0.3825 -0.7102 -0.5910
vn -0.9133 -0.3427 0.2203
vn 0.5432 0.8325 -0.1092
vn 0.5432 0.8324 -0.1095
vn 0.7624 0.0846 -0.6416
vn 0.7309 0.6461 0.2199
vn 0.9344 0.3337 -0.1244
vn 0.9344 0.3337 -0.1243
vn 0.9369 0.3316 -0.1105
vn -0.4569 -0.7146 -0.5297
vn -0.3908 -0.9202 -0.0214
vn 0.3928 0.9080 -0.1460
vn -0.4395 -0.8937 0.0906
vn -0.3046 -0.1059 -0.9466
vn -0.5394 -0.7435 -0.3952
vn 0.5122 -0.1235 0.8499
vn 0.9529 0.0380 0.3010
vn 0.9529 0.0381 0.3010
vn 0.8250 0.3614 0.4345
vn -0.2422 -0.6196 0.7466
vn -0.2748 -0.5821 0.7653
vn 0.0404 0.3627 0.9310
vn 0.0956 0.3077 0.9467
vn 0.0955 0.3077 0.9467
vn 0.3157 0.3347 -0.8879
vn -0.1800 -0.9553 0.2344
vn 0.2240 -0.7122 0.6653
vn 0.3284 0.9426 0.0596
vn 0.0484 0.5165 -0.8549
vn 0.3030 0.8396 -0.4509
vn 0.3886 0.5988 -0.7003
vn 0.3886 0.5987 -0.7003
vn 0.0858 -0.4168 -0.9049
vn -0.2652 -0.9080 0.3243
vn -0.3998 -0.9164 0.0189
vn -0.3967 -0.9171 0.0397
vn 0.5155 -0.5652 -0.6441
vn 0.3757 0.1949 -0.9060
vn 0.4980 0.8671 0.0104
vn 0.4558 0.8852 0.0934
vn 0.4558 0.8852 0.0933
vn 0.0511 0.1966 -0.9792
vn -0.3214 -0.5704 0.7559
vn -0.3099 -0.6183 0.7223
vn 0.2931 0.9559 -0.0183
vn 0.3149 0.9490 -0.0168
vn 0.3094 0.9509 -0.0008
vn 0.3006 0.9537 -0.0059
vn -0.0467 0.9989 0.0061
vn -0.0421 0.9991 -0.0107
vn 0.0036 0.5320 -0.8467
vn 0.0567 -0.6314 0.7734
vn 0.7490 -0.6611 0.0437
vn 0.7126 -0.6965 0.0839
vn 0.7126 -0.6966 0.0839
vn -0.9621 -0.2455 -0.1190
vn -0.7240 0.4080 0.5562
vn -0.7240 0.4080 0.5563
vn -0.6740 0.3778 0.6348
vn -0.6192 0.5098 0.5972
vn -0.5832 0.6190 0.5260
vn -0.2748 0.9347 0.2254
vn -0.4818 0.8336 0.2702
vn 0.7490 -0.6611 -0.0437
vn 0.7126 -0.6966 -0.0839
vn 0.3421 -0.0279 -0.9393
vn 0.2795 -0.1714 -0.9447
vn -0.3214 -0.5704 -0.7559
vn -0.3099 -0.6183 -0.7223
vn -0.7223 0.6579 -0.2132
vn -0.7390 0.6511 -0.1730
vn 0.2309 -0.9726 0.0284
vn 0.2112 -0.9767 0.0371
vn 0.2113 -0.9767 0.0371
vn 0.2004 -0.0243 -0.9794
vn 0.2004 -0.0244 -0.9794
vn 0.1526 0.0712 -0.9857
vn 0.1526 0.0711 -0.9857
vn 0.2760 -0.9566 -0.0938
vn 0.1814 -0.9832 0.0204
vn 0.1815 -0.9832 0.0204
vn -0.2710 -0.9626 0.0069
vn -0.2663 -0.9639 0.0058
vn -0.2702 -0.9628 0.0004
vn -0.2694 -0.9630 0.0016
vn -0.2637 0.9608 -0.0859
vn -0.2691 0.9464 -0.1788
vn -0.2698 -0.0928 0.9584
vn -0.2256 -0.1580 0.9613
vn 0.0328 0.0371 -0.9988
vn 0.0504 0.0122 -0.9987
vn 0.6754 -0.7367 -0.0328
vn 0.6754 -0.7367 -0.0329
vn 0.6475 -0.7604 0.0496
vn 0.6476 -0.7604 0.0495
vn 0.2022 0.1842 -0.9619
vn 0.2095 0.1718 -0.9626
vn 0.0007 0.9839 -0.1785
vn 0.1071 0.9908 -0.0826
vn 0.3695 -0.4284 0.8246
vn 0.3695 -0.4285 0.8245
vn 0.3249 -0.3375 0.8835
vn 0.3249 -0.3374 0.8835
vn 0.4160 0.4783 0.7734
vn 0.4228 0.4595 0.7811
vn -0.1795 -0.1591 0.9708
vn -0.1246 -0.1102 0.9861
vn -0.3456 -0.9384 -0.0024
vn -0.3454 -0.9384 -0.0026
vn -0.3728 -0.9278 -0.0156
vn -0.3394 -0.9406 -0.0038
vn 0.1754 -0.2244 -0.9586
vn -0.0308 -0.0786 -0.9964
vn -0.3788 0.2644 -0.8869
vn -0.3958 0.3311 -0.8566
vn -0.5152 -0.8571 -0.0006
vn -0.5725 -0.8188 0.0423
vn -0.8587 0.5023 -0.1019
vn -0.8150 0.5385 -0.2139
vn -0.8151 0.5385 -0.2139
vn -0.1365 -0.8902 0.4347
vn -0.3009 -0.9536 0.0077
vn 0.9685 0.2482 -0.0195
vn 0.9699 0.2432 0.0083
vn -0.2164 0.1386 -0.9664
vn -0.2389 0.2399 -0.9410
vn -0.2630 0.2125 -0.9411
vn -0.1086 0.0045 0.9941
vn -0.1302 -0.0028 0.9915
vn 0.1438 0.3728 -0.9167
vn 0.1437 0.3728 -0.9167
vn 0.1025 0.3980 -0.9117
vn -0.1551 0.1381 0.9782
vn -0.0415 0.1801 0.9828
vn 0.0499 0.1220 -0.9913
vn 0.1620 0.0661 -0.9846
vn 0.0367 0.9992 0.0149
vn 0.0122 0.9918 0.1269
vn 0.1438 0.3728 0.9167
vn 0.1437 0.3728 0.9167
vn 0.1025 0.3980 0.9117
vn -0.0815 -0.9964 0.0218
vn -0.0721 -0.9973 0.0125
vn -0.0726 -0.9973 0.0130
vn -0.0818 -0.9964 0.0221
vn -0.3176 -0.9459 -0.0670
vn -0.3170 -0.9464 -0.0617
vn -0.3172 -0.9462 -0.0634
vn -0.3177 -0.9457 -0.0685
vn -0.0510 -0.9986 0.0135
vn -0.0508 -0.9986 0.0129
vn -0.0522 -0.9985 0.0172
vn -0.0525 -0.9985 0.0181
vn 0.8497 0.3904 0.3545
vn 0.7652 0.5020 0.4030
vn -0.1430 -0.2107 -0.9670
vn -0.1431 -0.2107 -0.9670
vn -0.2840 -0.4205 -0.8617
vn -0.9656 -0.2600 0.0041
vn -0.9618 -0.2729 0.0201
vn -0.5432 -0.8340 0.0971
vn -0.3389 -0.9407 0.0167
vn -0.0421 0.9991 0.0107
vn -0.0467 0.9989 -0.0061
vn 0.5432 0.8325 0.1092
vn 0.5431 0.8326 0.1089
vn 0.5433 0.8323 0.1098
vn 0.3008 0.9535 -0.0167
vn 0.2873 0.9578 0.0081
vn 0.2998 0.9533 0.0369
vn 0.3149 0.9490 0.0168
vn 0.6754 -0.7367 0.0328
vn 0.6754 -0.7367 0.0329
vn 0.6475 -0.7604 -0.0496
vn 0.6476 -0.7604 -0.0495
vn -0.9618 -0.2729 -0.0201
vn -0.9656 -0.2600 -0.0041
vn -0.2249 -0.8601 -0.4578
vn -0.3316 -0.9080 -0.2560
vn 0.9685 0.2482 0.0195
vn 0.9699 0.2432 -0.0083
vn -0.0510 -0.9986 -0.0135
vn -0.0525 -0.9985 -0.0181
vn -0.0522 -0.9985 -0.0173
vn -0.0508 -0.9986 -0.0129
vn 0.0296 0.0306 -0.9991
vn 0.0267 -0.0893 -0.9956
vn 0.1021 -0.0476 -0.9936
vn 0.3803 0.9062 -0.1849
vn 0.3804 0.9062 -0.1849
vn 0.4499 0.8816 -0.1425
vn -0.4182 -0.6310 0.6535
vn -0.3825 -0.7102 0.5911
vn -0.3825 -0.7102 0.5910
vn -0.0183 0.9997 0.0188
vn 0.2347 0.0982 0.9671
vn 0.2346 0.0982 0.9671
vn 0.2736 0.3404 0.8996
vn -0.5024 -0.8574 -0.1116
vn -0.5430 -0.8388 -0.0395
vn -0.5431 -0.8388 -0.0395
vn -0.9999 0.0026 -0.0115
vn -0.9999 0.0026 -0.0116
vn -0.9921 -0.0496 -0.1153
vn -0.7249 -0.6623 -0.1894
vn -0.7238 -0.6630 -0.1913
vn -0.7287 -0.6600 -0.1830
vn -0.7296 -0.6594 -0.1814
vn -0.2131 -0.9770 0.0045
vn -0.2554 -0.9660 0.0392
vn 0.4496 0.5913 -0.6695
vn 0.6392 0.6729 -0.3724
vn -0.2422 -0.6196 -0.7466
vn -0.2748 -0.5821 -0.7653
vn 0.1143 -0.2252 -0.9676
vn 0.1143 -0.2253 -0.9676
vn 0.2097 -0.4676 -0.8587
vn 0.8395 0.5090 0.1903
vn 0.7778 0.6282 0.0213
vn 0.3945 0.8930 0.2164
vn 0.3945 0.8930 0.2163
vn 0.3823 0.8821 0.2750
vn 0.0534 -0.3809 0.9231
vn 0.1177 -0.4669 0.8765
vn 0.1177 -0.4669 0.8764
vn 0.1983 -0.2566 0.9460
vn 0.1983 -0.2567 0.9459
vn 0.2303 -0.3618 0.9033
vn -0.2167 0.0353 -0.9756
vn -0.1227 0.0372 -0.9917
vn -0.1227 0.0373 -0.9917
vn 0.3420 -0.9368 -0.0738
vn 0.2714 -0.9619 -0.0316
vn 0.2097 -0.9735 -0.0911
vn 0.2268 -0.9686 -0.1024
vn -0.4730 -0.8802 -0.0402
vn -0.4807 -0.8759 -0.0413
vn -0.4459 -0.8950 0.0113
vn -0.4688 -0.8831 -0.0176
vn -0.7249 -0.6623 0.1894
vn -0.7296 -0.6594 0.1814
vn -0.7286 -0.6600 0.1830
vn -0.7238 -0.6630 0.1913
vn -0.1335 -0.1582 -0.9783
vn -0.1325 -0.1588 -0.9784
vn -0.1401 -0.1537 -0.9781
vn -0.1404 -0.1535 -0.9781
vn 0.1759 -0.2251 0.9583
vn -0.0308 -0.0786 0.9964
vn -0.1034 -0.0522 -0.9933
vn -0.1376 -0.0352 -0.9899
vn -0.1375 -0.0352 -0.9899
vn 0.0884 -0.2505 -0.9641
vn 0.1798 -0.3791 -0.9077
vn -0.9629 0.0130 -0.2694
vn -0.9629 0.0129 -0.2694
vn -0.9686 0.1212 -0.2171
vn -0.0299 -0.0622 0.9976
vn 0.0438 -0.0578 0.9974
vn -0.2639 0.2799 0.9231
vn -0.2088 0.2640 0.9416
vn -0.2376 0.3826 0.8928
vn -0.3103 0.3554 0.8817
vn 0.0499 0.1220 0.9913
vn 0.1620 0.0661 0.9846
vn 0.3580 0.3565 0.8630
vn -0.0284 0.0241 0.9993
vn 0.3805 0.9126 0.1495
vn 0.3804 0.9126 0.1495
vn 0.2840 0.9520 0.1142
vn 0.2841 0.9520 0.1142
vn -0.1557 0.1388 -0.9780
vn -0.0415 0.1801 -0.9828
vn -0.5463 -0.8323 0.0940
vn -0.5463 -0.8323 0.0939
vn -0.5763 -0.8171 -0.0159
vn 0.0534 -0.3809 -0.9231
vn 0.1177 -0.4669 -0.8765
vn 0.1177 -0.4669 -0.8764
vn -0.2551 0.2829 0.9246
vn -0.2552 0.2829 0.9246
vn -0.1946 0.1808 0.9641
vn -0.1945 0.1808 0.9641
vn 0.5953 -0.6019 0.5323
vn 0.4949 -0.7913 0.3590
vn 0.4949 -0.7914 0.3590
vn 0.2504 -0.9680 -0.0135
vn 0.2490 -0.9683 -0.0199
vn 0.2493 -0.9682 -0.0183
vn 0.2508 -0.9680 -0.0121
vn -0.3443 -0.9389 0.0007
vn -0.3574 -0.9337 0.0225
vn -0.3532 -0.9354 -0.0180
vn -0.3431 -0.9392 -0.0148
vn -0.1329 0.2767 -0.9517
vn 0.1167 -0.0898 -0.9891
vn 0.9599 -0.0610 -0.2736
vn 0.9618 -0.0697 -0.2647
vn 0.9617 -0.0694 -0.2650
vn 0.9598 -0.0603 -0.2743
vn 0.8213 0.5705 -0.0078
vn 0.8212 0.5705 -0.0077
vn 0.8176 0.5758 0.0062
vn -0.2554 -0.9660 -0.0392
vn -0.2131 -0.9770 -0.0045
vn -0.1034 -0.0522 0.9933
vn -0.1376 -0.0352 0.9899
vn -0.1375 -0.0352 0.9899
vn -0.5077 -0.4332 0.7447
vn -0.5166 -0.4172 0.7477
vn 0.1925 0.9734 -0.1239
vn 0.1791 0.9598 -0.2162
vn 0.3945 0.8930 -0.2164
vn 0.3823 0.8821 -0.2750
vn -0.5431 -0.8388 0.0395
vn -0.5024 -0.8574 0.1117
vn -0.5024 -0.8574 0.1116
vn 0.3728 0.9233 0.0922
vn 0.2069 0.9777 -0.0369
vn 0.2335 0.9721 -0.0207
vn -0.5093 -0.8360 0.2041
vn -0.5656 -0.8046 0.1807
vn 0.4980 0.8671 -0.0104
vn 0.4558 0.8852 -0.0933
vn -0.6602 -0.7301 0.1766
vn -0.6601 -0.7301 0.1767
vn -0.7440 -0.6678 0.0222
vn -0.5080 0.3231 0.7985
vn -0.5079 0.3231 0.7985
vn -0.5548 0.3390 0.7598
vn -0.5548 0.3390 0.7597
vn -0.3958 0.3311 0.8566
vn -0.3788 0.2644 0.8869
vn 0.2022 0.1842 0.9619
vn 0.2095 0.1718 0.9626
vn 0.0490 -0.0267 0.9984
vn -0.0946 -0.0333 0.9950
vn -0.1136 0.0292 -0.9931
vn -0.1081 0.0294 -0.9937
vn -0.1093 0.0293 -0.9936
vn -0.1147 0.0291 -0.9930
vn 0.9369 0.3316 0.1105
vn 0.9344 0.3337 0.1244
vn 0.4634 0.8691 0.1730
vn 0.4470 0.8842 0.1354
vn -0.0541 0.1934 0.9796
vn 0.0044 0.2021 0.9794
vn -0.1086 0.0045 -0.9941
vn -0.1302 -0.0028 -0.9915
vn -0.5698 0.6528 0.4992
vn -0.5709 0.6526 0.4982
vn -0.5645 0.6537 0.5039
vn -0.5633 0.6540 0.5050
vn -0.1152 -0.9881 -0.1014
vn -0.1151 -0.9882 -0.1014
vn -0.1164 -0.9880 -0.1018
vn -0.1168 -0.9879 -0.1019
vn 0.2303 -0.3618 -0.9034
vn 0.2303 -0.3618 -0.9033
vn 0.1983 -0.2566 -0.9460
vn 0.1983 -0.2567 -0.9459
vn 0.7778 0.6282 -0.0213
vn 0.8395 0.5090 -0.1903
vn 0.3421 -0.0279 0.9393
vn 0.2795 -0.1714 0.9447
vn 0.2401 0.1526 -0.9587
vn 0.3089 0.0718 -0.9484
vn 0.2235 0.1223 -0.9670
vn 0.9016 -0.4182 -0.1108
vn 0.5169 0.3918 -0.7612
vn 0.9362 -0.3318 0.1161
vn -0.9590 0.0394 -0.2806
vn -0.4460 -0.8674 0.2205
vn -0.2037 -0.9770 0.0638
vn 0.3461 0.3843 0.8559
vn 0.1719 -0.7698 -0.6147
vn 0.4687 0.8832 -0.0190
vn 0.1775 0.2361 -0.9554
vn 0.4945 0.5708 -0.6555
vn 0.0372 -0.0794 -0.9962
vn 0.5280 0.8480 0.0448
vn 0.1290 0.3112 -0.9416
vn -0.0990 -0.8323 -0.5453
vn -0.0991 -0.8324 -0.5453
vn -0.3491 -0.8954 -0.2764
vn -0.3875 -0.3531 -0.8516
vn -0.3124 -0.9480 0.0615
vn -0.0190 -0.7288 -0.6844
vn -0.0746 0.2586 -0.9631
vn -0.6991 -0.1541 0.6982
vn 0.6484 0.2865 -0.7053
vn 0.4642 0.5062 -0.7268
vn 0.2565 0.8721 -0.4167
vn -0.1744 -0.1883 -0.9665
vn 0.3629 0.4262 -0.8287
vn 0.4967 0.2799 -0.8216
vn -0.0342 -0.1451 -0.9888
vn 0.0460 -0.0687 -0.9966
vn -0.5280 -0.8401 0.1243
vn -0.5059 0.8619 -0.0341
vn 0.7206 -0.4622 0.5168
vn 0.9425 0.2429 0.2297
vn 0.5861 -0.2648 -0.7658
vn 0.5752 -0.8180 -0.0013
vn -0.1968 -0.9481 -0.2497
vn -0.7661 -0.5489 -0.3344
vn -0.7651 -0.5494 -0.3358
vn -0.7639 -0.5506 -0.3367
vn 0.7520 -0.4554 0.4765
vn 0.7096 -0.3722 -0.5983
vn -0.0251 0.9857 -0.1669
vn -0.2857 -0.9558 0.0693
vn -0.2900 -0.9542 0.0740
vn -0.2968 -0.9522 0.0724
vn -0.7055 0.4495 -0.5479
vn -0.2065 0.0854 0.9747
vn 0.4270 0.5366 0.7278
vn -0.9133 -0.3427 -0.2203
vn 0.7624 0.0846 0.6416
vn 0.5661 0.7421 -0.3589
vn -0.3161 -0.7960 0.5162
vn -0.3908 -0.9202 0.0214
vn -0.4798 -0.8510 0.2133
vn -0.4540 -0.8220 0.3438
vn 0.5122 -0.1235 -0.8499
vn 0.1460 0.2847 0.9474
vn 0.3284 0.9426 -0.0596
vn -0.2652 -0.9080 -0.3243
vn 0.3757 0.1949 0.9060
vn -0.0180 0.3097 0.9507
vn -0.5398 -0.5437 0.6427
vn 0.2238 0.6733 -0.7047
vn -0.5975 -0.7997 0.0597
vn -0.6192 0.5098 -0.5972
vn -0.5832 0.6190 -0.5260
vn -0.2748 0.9347 -0.2254
vn -0.4818 0.8336 -0.2702
vn 0.2235 0.1223 0.9670
vn 0.1812 0.1415 0.9732
vn 0.2401 0.1526 0.9587
vn 0.9016 -0.4182 0.1108
vn 0.5169 0.3918 0.7612
vn 0.2609 -0.8970 -0.3567
vn -0.7033 0.6866 0.1842
vn -0.2693 0.2069 0.9406
vn -0.3426 0.0541 0.9379
vn -0.4460 -0.8674 -0.2205
vn -0.1931 -0.9810 -0.0209
vn 0.1537 -0.4259 -0.8916
vn 0.5458 0.1075 0.8310
vn 0.4687 0.8832 0.0190
vn 0.1775 0.2361 0.9554
vn 0.5024 0.5320 0.6816
vn 0.0474 -0.0599 0.9971
vn 0.5140 0.8577 -0.0145
vn 0.4975 0.1051 0.8610
vn -0.1064 -0.2215 0.9693
vn -0.2657 -0.9620 -0.0627
vn -0.0746 0.2586 0.9631
vn -0.6991 -0.1541 -0.6982
vn 0.4575 0.4249 0.7811
vn 0.4517 0.4305 0.7815
vn 0.4530 0.4238 0.7843
vn 0.4471 0.4645 0.7645
vn 0.2565 0.8721 0.4167
vn -0.1744 -0.1883 0.9665
vn 0.3629 0.4262 0.8287
vn 0.5951 0.4164 0.6873
vn -0.0342 -0.1451 0.9888
vn 0.0460 -0.0687 0.9966
vn -0.5280 -0.8401 -0.1243
vn -0.4536 0.8907 -0.0300
vn 0.7206 -0.4622 -0.5168
vn 0.9425 0.2429 -0.2297
vn 0.5861 -0.2648 0.7658
vn 0.5752 -0.8180 0.0013
vn -0.1968 -0.9481 0.2497
vn -0.7642 -0.5497 0.3375
vn -0.7631 -0.5506 0.3383
vn -0.7625 -0.5505 0.3398
vn 0.9896 -0.1365 0.0458
vn 0.6454 0.1277 0.7531
vn -0.0367 0.9980 0.0508
vn -0.2969 -0.9522 -0.0724
vn -0.2900 -0.9542 -0.0740
vn -0.2857 -0.9558 -0.0693
vn -0.6302 0.5150 0.5810
vn -0.2065 0.0854 -0.9747
vn 0.4270 0.5366 -0.7278
vn -0.9306 -0.1652 0.3267
vn 0.6401 0.5518 -0.5345
vn 0.5661 0.7421 0.3589
vn -0.3161 -0.7960 -0.5162
vn -0.3523 -0.9280 -0.1209
vn -0.4798 -0.8510 -0.2133
vn -0.4540 -0.8220 -0.3438
vn 0.5084 0.5917 0.6256
vn 0.1460 0.2847 -0.9474
vn 0.3145 0.9487 0.0333
vn 0.2897 0.9565 0.0348
vn 0.3112 0.9491 0.0488
vn -0.1874 -0.8902 0.4153
vn 0.2162 0.2133 -0.9528
vn -0.0180 0.3097 -0.9507
vn -0.5398 -0.5437 -0.6427
vn 0.2238 0.6733 0.7047
vn 0.4286 0.5904 0.6839
vn -0.1293 -0.7090 -0.6933
vn -0.5975 -0.7997 -0.0597
vn -0.6113 0.7778 0.1463
vn -0.5428 0.8390 -0.0387
vn -0.1246 0.9628 0.2399
vn -0.3160 0.9117 0.2626
vn 0.0521 -0.0463 -0.9976
vn -0.1284 -0.0506 -0.9904
vn -0.0657 0.0255 0.9975
vn 0.0162 0.1587 0.9872
vn 0.0521 -0.0463 0.9976
vn -0.1284 -0.0506 0.9904
vn -0.0657 0.0255 -0.9975
vn 0.0162 0.1587 -0.9872
vn -0.9798 0.0574 0.1914
vn -0.9880 0.0197 0.1530
g Bones_Head_Bones_Head_Collor_Material
usemtl Collor_Material
s off
f 99/1/1 154/2/1 155/3/2 96/4/3
f 166/5/4 214/6/4 221/7/5 206/8/5
f 60/9/6 11/10/6 57/11/6
f 323/12/7 183/13/7 180/14/8 324/15/8
f 10/16/9 36/17/9 38/18/9
f 461/19/10 462/20/10 465/21/11 466/22/12
f 35/23/13 20/24/13 32/25/13
f 6/26/14 36/27/14 7/28/14
f 198/29/15 10/30/15 38/31/15
f 58/32/16 59/33/17 31/34/18 12/35/18
f 20/36/19 173/37/19 32/38/19
f 102/39/20 18/40/21 100/41/22
f 220/42/23 336/43/24 175/44/25 216/45/26
f 228/46/27 178/47/27 199/48/28 229/49/29
f 108/50/30 41/51/30 26/52/31 107/53/31
f 428/54/32 431/55/33 430/56/34 426/57/35
f 57/58/36 13/59/36 329/60/36
f 49/61/37 15/62/37 16/63/37
f 149/64/38 17/65/38 49/66/38
f 181/67/39 182/68/39 325/69/40 326/70/41
f 148/71/42 15/72/42 48/73/42
f 273/74/43 100/75/43 18/76/43
f 88/77/44 81/78/44 84/79/45 90/80/45
f 341/81/46 19/82/46 29/83/46
f 29/84/47 106/85/47 101/86/47
f 335/87/48 334/88/48 135/89/49 142/90/49
f 43/91/50 7/92/50 36/93/50
f 262/94/51 257/95/51 253/96/52 259/97/53
f 221/98/54 214/99/54 178/100/55 208/101/55
f 61/102/56 64/103/57 71/104/58 25/105/58
f 190/106/59 187/107/60 168/108/61 175/109/62
f 235/110/63 236/111/63 210/112/64 192/113/65
f 202/114/66 176/115/67 170/116/68 201/117/69
f 210/118/70 193/119/70 275/120/71 279/121/71
f 71/122/72 64/123/72 93/124/73 88/125/73
f 87/126/74 74/127/74 73/128/75 86/129/76
f 46/130/77 30/131/77 8/132/77
f 56/133/78 7/134/78 43/135/78
f 53/136/79 6/137/79 7/138/79
f 52/139/80 125/140/80 128/141/80
f 437/142/81 421/143/82 444/144/83 460/145/84
f 192/146/85 210/147/85 279/148/86 278/149/86
f 316/150/87 317/151/87 139/152/88 140/153/88
f 42/154/89 71/155/89 68/156/89
f 170/157/90 205/158/91 212/159/92 201/160/92
f 32/161/93 340/162/93 29/163/93
f 189/164/94 209/165/94 272/166/95 184/167/95
f 204/168/96 347/169/97 350/170/98 200/171/98
f 50/172/99 37/173/99 21/174/99
f 30/175/100 337/176/100 342/177/100
f 22/178/101 51/179/101 50/180/101
f 329/181/102 13/182/102 220/183/102
f 213/184/103 219/185/104 188/186/105 177/187/106
f 148/188/107 14/189/107 145/190/107
f 149/191/108 16/192/108 146/193/108
f 448/194/109 452/195/109 453/196/110 449/197/110
f 216/198/111 323/199/111 179/200/112 220/201/112
f 104/202/113 27/203/114 41/204/115 108/205/116
f 425/206/117 426/207/118 430/208/119 429/209/120
f 224/210/121 201/211/122 212/212/123 226/213/124
f 21/214/125 56/215/126 54/216/127
f 166/217/128 223/218/128 222/219/129 174/220/129
f 226/221/130 223/222/130 166/223/131 206/224/131
f 190/225/132 225/226/133 224/227/134 187/228/134
f 339/229/135 331/230/135 225/231/136 190/232/137
f 241/233/138 234/234/139 231/235/140 191/236/140
f 173/237/141 200/238/141 340/239/142 32/240/142
f 62/241/143 69/242/143 70/243/143
f 329/244/144 227/245/144 184/246/145 273/247/145
f 275/248/146 193/249/147 232/250/148 281/251/148
f 185/252/149 229/253/149 332/254/150 330/255/150
f 339/256/151 24/257/152 55/258/153 331/259/154
f 23/260/155 57/261/155 18/262/155
f 255/263/156 242/264/156 243/265/157 256/266/158
f 245/267/159 248/268/160 251/269/161 254/270/162
f 453/271/163 443/272/163 450/273/164 454/274/165
f 253/275/166 247/276/167 246/277/168 252/278/169
f 422/279/170 424/280/170 423/281/171 421/282/172
f 90/283/173 84/284/173 82/285/174 94/286/174
f 27/287/175 66/288/175 41/289/175
f 61/290/176 65/291/176 64/292/176
f 249/293/177 243/294/178 242/295/179 233/296/180
f 79/297/181 74/298/182 77/299/183
f 246/300/184 247/301/185 249/302/186 245/303/187
f 78/304/188 79/305/188 75/306/188
f 199/307/189 215/308/189 338/309/190 345/310/190
f 353/311/191 356/312/191 355/313/192 352/314/192
f 243/315/193 244/316/193 257/317/194 256/318/195
f 250/319/196 233/320/196 242/321/197 255/322/197
f 185/323/198 195/324/199 277/325/200 228/326/200
f 95/327/201 87/328/201 86/329/201
f 252/330/202 254/331/203 260/332/204 264/333/204
f 104/334/205 110/335/205 62/336/206 27/337/206
f 376/338/207 366/339/207 373/340/208 377/341/208
f 463/342/209 439/343/209 438/344/210 464/345/210
f 254/346/211 251/347/211 258/348/212 260/349/212
f 261/350/213 255/351/213 256/352/214 265/353/215
f 261/354/216 265/355/216 236/356/217 235/357/217
f 71/358/218 90/359/218 68/360/218
f 241/361/219 258/362/219 263/363/220 234/364/220
f 240/365/221 259/366/221 264/367/222 239/368/222
f 444/369/223 445/370/224 459/371/225 460/372/225
f 68/373/226 94/374/226 69/375/226
f 236/376/227 265/377/227 262/378/228 237/379/228
f 65/380/229 93/381/229 64/382/229
f 269/383/230 351/384/230 354/385/231 268/386/231
f 200/387/232 350/388/233 349/389/234 195/390/234
f 284/391/235 285/392/235 287/393/236 286/394/236
f 348/395/237 347/396/237 204/397/238 167/398/238
f 288/399/239 282/400/240 283/401/241 289/402/241
f 2/403/242 29/404/242 101/405/242
f 29/406/243 340/407/243 341/408/243
f 2/409/244 103/410/244 35/411/244
f 273/412/245 124/413/245 100/414/245
f 169/415/246 270/416/247 272/417/248 186/418/249
f 60/419/250 104/420/250 22/421/250
f 23/422/251 109/423/252 105/424/253
f 12/425/254 108/426/254 107/427/254
f 58/428/255 12/429/255 107/430/255
f 39/431/256 104/432/256 108/433/256
f 40/434/257 106/435/257 109/436/257
f 230/437/258 281/438/258 276/439/259 189/440/260
f 272/441/261 274/442/261 204/443/262 186/444/262
f 116/445/263 111/446/263 114/447/263
f 452/448/264 441/449/264 443/450/265 453/451/265
f 174/452/266 215/453/266 214/454/267 166/455/267
f 66/456/268 67/457/268 92/458/269 95/459/269
f 105/460/270 118/461/271 28/462/272
f 109/463/273 117/464/273 116/465/273
f 109/466/274 115/467/274 105/468/274
f 291/469/275 290/470/275 293/471/276 292/472/277
f 114/473/278 121/474/278 113/475/278
f 81/476/279 78/477/280 75/478/281 84/479/282
f 344/480/283 134/481/283 139/482/284 317/483/284
f 320/484/285 143/485/286 134/486/287 344/487/287
f 173/488/288 123/489/288 294/490/288
f 239/491/289 238/492/289 211/493/290 194/494/291
f 198/495/292 126/496/292 301/497/292
f 30/498/293 125/499/293 8/500/293
f 35/501/294 150/502/294 151/503/295 2/504/295
f 125/505/296 132/506/296 128/507/296
f 137/508/297 335/509/297 142/510/297
f 301/511/298 126/512/298 306/513/298
f 127/514/299 130/515/299 125/516/299
f 129/517/300 128/518/300 132/519/300
f 346/520/301 127/521/301 343/522/301
f 342/523/302 127/524/302 30/525/302
f 320/526/303 344/527/304 309/528/305 322/529/306
f 178/530/307 214/531/308 215/532/309 199/533/309
f 203/534/310 196/535/310 176/536/311 202/537/311
f 132/538/312 138/539/312 129/540/312
f 22/541/313 50/542/314 44/543/315 11/544/316
f 306/545/317 138/546/318 313/547/319
f 126/548/320 129/549/320 138/550/320
f 310/551/321 334/552/321 335/553/322 321/554/322
f 132/555/323 130/556/323 136/557/323
f 131/558/324 333/559/324 137/560/324
f 344/561/325 317/562/325 315/563/326 309/564/326
f 135/565/327 140/566/327 133/567/327
f 134/568/328 140/569/328 139/570/328
f 315/571/329 317/572/329 316/573/330 318/574/331
f 136/575/332 143/576/332 138/577/332
f 35/578/333 32/579/333 153/580/334 150/581/335
f 66/582/336 95/583/336 91/584/337 65/585/338
f 318/586/339 316/587/340 334/588/341 310/589/339
f 47/590/342 146/591/342 9/592/342
f 44/593/343 145/594/343 11/595/343
f 44/596/344 147/597/344 148/598/344
f 405/599/345 412/600/345 410/601/346 382/602/347
f 47/603/348 144/604/348 149/605/348
f 11/606/349 144/607/349 13/608/349
f 293/609/350 290/610/350 282/611/351 285/612/351
f 96/613/352 151/614/352 150/615/352
f 98/616/353 153/617/353 152/618/353
f 97/619/354 152/620/354 151/621/354
f 99/622/355 150/623/355 153/624/355
f 351/625/356 358/626/356 357/627/357 354/628/357
f 435/629/358 467/630/359 469/631/360 458/632/360
f 352/633/361 351/634/361 269/635/362 266/636/363
f 354/637/364 353/638/364 267/639/365 268/640/366
f 357/641/367 361/642/367 360/643/368 356/644/368
f 349/645/369 348/646/369 167/647/370 195/648/370
f 432/649/371 455/650/372 456/651/373 433/652/374
f 357/653/375 356/654/375 353/655/376 354/656/376
f 360/657/377 361/658/377 362/659/378 359/660/379
f 458/661/380 469/662/380 470/663/381 457/664/381
f 355/665/382 358/666/382 351/667/383 352/668/384
f 412/669/385 407/670/385 384/671/386 410/672/386
f 144/673/387 145/674/387 14/675/388 17/676/388
f 358/677/389 362/678/389 361/679/390 357/680/390
f 177/681/391 230/682/391 227/683/391
f 46/684/392 338/685/392 337/686/393 30/687/393
f 205/688/394 176/689/394 207/690/394
f 331/691/395 55/692/396 34/693/397 203/694/398
f 204/695/399 200/696/399 186/697/399
f 205/698/400 171/699/400 172/700/400
f 198/701/401 176/702/401 196/703/401
f 8/704/402 1/705/402 45/706/403 46/707/404
f 186/708/405 173/709/405 169/710/405
f 184/711/406 272/712/407 270/713/408
f 366/714/409 389/715/409 396/716/410 373/717/410
f 304/718/411 311/719/411 312/720/412 305/721/412
f 59/722/413 332/723/413 345/724/414 31/725/415
f 105/726/416 28/727/417 62/728/418 110/729/419
f 179/730/420 227/731/420 329/732/420
f 218/733/421 181/734/421 217/735/421
f 328/736/422 183/737/422 323/738/422
f 163/739/423 162/740/423 165/741/424 164/742/424
f 327/743/425 181/744/425 326/745/425
f 273/746/426 184/747/426 270/748/426
f 103/749/427 101/750/427 106/751/428 40/752/428
f 185/753/429 341/754/429 195/755/429
f 277/756/430 195/757/430 271/758/430
f 3/759/431 147/760/432 44/761/433 50/762/433
f 212/763/434 205/764/434 172/765/434
f 3/766/435 21/767/435 24/768/436 9/769/437
f 9/770/438 24/771/439 339/772/440 336/773/440
f 34/774/441 33/775/442 5/776/443 10/777/444
f 203/778/445 34/779/445 10/780/446 196/781/446
f 436/782/447 459/783/447 445/784/448 422/785/448
f 109/786/449 106/787/450 25/788/451 42/789/451
f 70/790/452 69/791/452 94/792/453 89/793/453
f 107/794/454 26/795/454 61/796/455 58/797/455
f 55/798/456 54/799/457 33/800/458 34/801/459
f 215/802/460 174/803/460 197/804/460
f 226/805/461 172/806/461 223/807/461
f 223/808/462 171/809/462 222/810/462
f 222/811/463 298/812/463 174/813/463
f 54/814/464 56/815/465 43/816/466 33/817/467
f 154/818/468 157/819/469 160/820/470 161/821/470
f 116/822/471 114/823/471 113/824/472 115/825/472
f 211/826/473 241/827/473 191/828/473
f 248/829/474 233/830/474 250/831/475 251/832/475
f 340/833/476 200/834/476 195/835/476
f 272/836/477 209/837/477 274/838/477
f 97/839/478 156/840/478 157/841/479 98/842/480
f 219/843/481 206/844/481 221/845/481
f 197/846/482 342/847/482 337/848/482
f 188/849/483 221/850/483 208/851/483
f 329/852/484 220/853/484 179/854/484
f 401/855/485 416/856/485 414/857/486 378/858/486
f 180/859/487 327/860/487 324/861/487
f 182/862/488 328/863/488 325/864/488
f 14/865/489 48/866/490 49/867/491 17/868/492
f 467/869/493 433/870/494 456/871/495 469/872/496
f 12/873/497 31/874/497 46/875/498 45/876/498
f 31/877/499 345/878/499 338/879/500 46/880/500
f 12/881/501 45/882/501 51/883/502 39/884/502
f 187/885/503 226/886/503 206/887/503
f 4/888/504 20/889/504 102/890/505 100/891/506
f 274/892/507 209/893/507 277/894/508 271/895/508
f 429/896/509 430/897/509 420/898/510 418/899/510
f 231/900/511 192/901/511 278/902/512 228/903/512
f 211/904/513 288/905/514 289/906/515 194/907/515
f 58/908/516 61/909/516 25/910/517 106/911/518
f 232/912/519 239/913/519 194/914/519
f 385/915/520 408/916/521 411/917/522 409/918/523
f 237/919/524 262/920/524 259/921/525 240/922/525
f 309/923/526 308/924/527 319/925/528 322/926/529
f 29/927/530 19/928/531 58/929/531 106/930/530
f 227/931/532 189/932/532 184/933/532
f 251/934/533 250/935/533 263/936/534 258/937/534
f 367/938/535 390/939/535 392/940/535 369/941/535
f 80/942/536 63/943/536 78/944/537 81/945/538
f 423/946/539 425/947/539 448/948/540 446/949/540
f 62/950/541 70/951/541 67/952/542 27/953/542
f 42/954/543 68/955/543 69/956/544 28/957/544
f 236/958/545 193/959/545 210/960/545
f 231/961/546 235/962/546 192/963/546
f 32/964/547 29/965/547 152/966/548 153/967/548
f 244/968/549 249/969/550 247/970/551
f 442/971/552 419/972/553 417/973/554 440/974/555
f 249/975/556 248/976/556 245/977/556
f 83/978/557 77/979/558 74/980/559 87/981/560
f 82/982/561 84/983/562 75/984/563 76/985/563
f 43/986/564 36/987/565 5/988/566 33/989/566
f 360/990/567 359/991/567 355/992/568 356/993/568
f 65/994/569 91/995/570 80/996/570 93/997/571
f 265/998/572 257/999/572 262/1000/572
f 283/1001/573 284/1002/573 286/1003/574 289/1004/574
f 92/1005/575 89/1006/575 83/1007/576 87/1008/576
f 94/1009/577 82/1010/577 83/1011/577 89/1012/577
f 93/1013/578 80/1014/578 81/1015/579 88/1016/579
f 391/1017/580 393/1018/581 392/1019/582 390/1020/583
f 434/1021/584 428/1022/585 451/1023/586 457/1024/586
f 419/1025/587 442/1026/588 461/1027/589 438/1028/589
f 260/1029/590 241/1030/590 238/1031/590
f 229/1032/591 199/1033/592 345/1034/593 332/1035/593
f 232/1036/594 194/1037/595 276/1038/596 281/1039/597
f 67/1040/598 70/1041/598 89/1042/599 92/1043/599
f 264/1044/600 238/1045/600 239/1046/600
f 191/1047/601 231/1048/601 228/1049/602 277/1050/603
f 263/1051/604 235/1052/604 234/1053/604
f 41/1054/605 66/1055/605 65/1056/606 26/1057/606
f 19/1058/607 330/1059/607 332/1060/608 59/1061/608
f 2/1062/609 151/1063/609 152/1064/610 29/1065/610
f 387/1066/611 389/1067/611 366/1068/612 364/1069/613
f 35/1070/614 103/1071/614 102/1072/615 20/1073/615
f 167/1074/616 271/1075/616 195/1076/616
f 195/1077/617 341/1078/617 340/1079/617
f 274/1080/618 167/1081/618 204/1082/618
f 296/1083/619 273/1084/619 270/1085/619
f 275/1086/620 230/1087/620 188/1088/620
f 189/1089/621 280/1090/622 209/1091/623
f 178/1092/624 279/1093/624 208/1094/624
f 228/1095/625 278/1096/625 178/1097/625
f 208/1098/626 275/1099/626 188/1100/626
f 209/1101/627 280/1102/627 277/1103/627
f 79/1104/628 63/1105/629 72/1106/630 73/1107/631
f 112/1108/632 113/1109/632 121/1110/633 120/1111/634
f 287/1112/635 282/1113/635 288/1114/635
f 115/1115/636 113/1116/636 112/1117/637 118/1118/637
f 117/1119/638 118/1120/639 112/1121/640 111/1122/641
f 42/1123/642 28/1124/642 118/1125/643 117/1126/643
f 289/1127/644 276/1128/645 194/1129/646
f 280/1130/647 288/1131/647 211/1132/647
f 286/1133/648 280/1134/648 276/1135/648
f 367/1136/649 368/1137/649 382/1138/650 383/1139/650
f 292/1140/651 285/1141/651 284/1142/651
f 111/1143/652 112/1144/652 120/1145/653 119/1146/653
f 123/1147/654 124/1148/655 297/1149/656 294/1150/656
f 100/1151/657 124/1152/658 123/1153/659 4/1154/660
f 173/1155/661 295/1156/661 169/1157/661
f 6/1158/662 129/1159/662 126/1160/663 38/1161/663
f 198/1162/664 299/1163/664 207/1164/664
f 298/1165/665 197/1166/665 174/1167/665
f 6/1168/666 52/1169/667 128/1170/668 129/1171/668
f 307/1172/669 298/1173/669 302/1174/669
f 312/1175/670 335/1176/670 333/1177/670
f 301/1178/671 306/1179/671 299/1180/671
f 304/1181/672 300/1182/672 298/1183/672
f 303/1184/673 307/1185/673 302/1186/673
f 300/1187/674 346/1188/674 343/1189/674
f 342/1190/675 300/1191/675 343/1192/675
f 252/1193/676 246/1194/677 245/1195/678 254/1196/678
f 142/1197/679 135/1198/679 133/1199/680 141/1200/680
f 141/1201/681 133/1202/681 134/1203/682 143/1204/683
f 314/1205/684 307/1206/684 303/1207/684
f 130/1208/685 131/1209/685 137/1210/686 136/1211/686
f 306/1212/687 314/1213/687 299/1214/687
f 299/1215/688 314/1216/688 303/1217/688
f 1/1218/689 37/1219/689 51/1220/690 45/1221/691
f 307/1222/692 311/1223/692 304/1224/692
f 305/1225/693 333/1226/693 346/1227/693
f 369/1228/694 392/1229/694 394/1230/695 371/1231/695
f 318/1232/696 310/1233/696 308/1234/696
f 309/1235/697 318/1236/697 308/1237/697
f 434/1238/698 457/1239/698 470/1240/699 468/1241/700
f 322/1242/701 311/1243/701 314/1244/701
f 137/1245/702 142/1246/702 141/1247/703 136/1248/703
f 313/1249/704 138/1250/705 143/1251/706 320/1252/707
f 373/1253/708 396/1254/708 400/1255/709 377/1256/709
f 325/1257/710 216/1258/710 175/1259/710
f 324/1260/711 213/1261/711 177/1262/711
f 9/1263/712 146/1264/712 147/1265/713 3/1266/714
f 323/1267/715 177/1268/715 179/1269/715
f 280/1270/716 211/1271/717 191/1272/718 277/1273/718
f 266/1274/719 348/1275/719 267/1276/719
f 268/1277/720 350/1278/720 269/1279/720
f 267/1280/721 349/1281/721 268/1282/721
f 269/1283/722 347/1284/722 266/1285/722
f 326/1286/723 325/1287/723 175/1288/724 168/1289/724
f 96/1290/725 155/1291/725 156/1292/726 97/1293/726
f 319/1294/727 321/1295/727 312/1296/728 311/1297/728
f 160/1298/729 159/1299/729 163/1300/730 164/1301/730
f 146/1302/731 16/1303/731 15/1304/732 147/1305/733
f 156/1306/734 155/1307/735 158/1308/736 159/1309/737
f 154/1310/738 161/1311/738 158/1312/739 155/1313/740
f 220/1314/741 47/1315/742 9/1316/743 336/1317/744
f 156/1318/745 159/1319/745 160/1320/746 157/1321/746
f 161/1322/747 160/1323/747 164/1324/748 165/1325/748
f 158/1326/749 162/1327/749 163/1328/750 159/1329/750
f 161/1330/751 165/1331/752 162/1332/753 158/1333/754
f 462/1334/755 461/1335/755 442/1336/756 440/1337/756
f 111/1338/757 119/1339/757 122/1340/758 114/1341/758
f 436/1342/759 422/1343/760 421/1344/761 437/1345/762
f 237/1346/763 240/1347/763 232/1348/764 193/1349/764
f 430/1350/765 431/1351/765 427/1352/766 420/1353/766
f 331/1354/767 203/1355/768 202/1356/769 225/1357/770
f 371/1358/771 370/1359/771 369/1360/771
f 413/1361/772 378/1362/772 414/1363/772
f 466/1364/773 465/1365/773 460/1366/774 459/1367/774
f 80/1368/775 85/1369/775 72/1370/776 63/1371/776
f 420/1372/777 443/1373/777 441/1374/778 418/1375/779
f 13/1376/780 144/1377/780 47/1378/781 220/1379/781
f 397/1380/782 395/1381/782 372/1382/783 374/1383/783
f 446/1384/784 447/1385/784 445/1386/785 444/1387/786
f 468/1388/787 467/1389/787 435/1390/788 434/1391/788
f 453/1392/789 454/1393/790 451/1394/791 449/1395/791
f 393/1396/792 394/1397/792 392/1398/792
f 401/1399/793 415/1400/793 416/1401/793
f 454/1402/794 458/1403/794 457/1404/795 451/1405/795
f 464/1406/796 466/1407/796 459/1408/797 436/1409/797
f 397/1410/798 400/1411/799 399/1412/800 395/1413/800
f 439/1414/801 463/1415/802 465/1416/803 462/1417/804
f 218/1418/805 217/1419/806 180/1420/807 183/1421/808
f 460/1422/809 465/1423/810 463/1424/811 437/1425/812
f 468/1426/813 470/1427/813 455/1428/814 432/1429/814
f 23/1430/815 18/1431/816 102/1432/817 40/1433/817
f 377/1434/818 400/1435/818 404/1436/819 381/1437/819
f 18/1438/820 57/1439/820 329/1440/821 273/1441/821
f 421/1442/535 423/1443/535 446/1444/535 444/1445/535
f 427/1446/822 431/1447/822 454/1448/823 450/1449/823
f 299/1450/824 303/1451/825 171/1452/824 207/1453/826
f 313/1454/827 320/1455/828 322/1456/829 314/1457/830
f 359/1458/831 362/1459/832 358/1460/833 355/1461/834
f 431/1462/835 435/1463/835 458/1464/836 454/1465/836
f 60/1466/837 23/1467/837 105/1468/838 110/1469/838
f 426/1470/839 449/1471/839 451/1472/840 428/1473/840
f 406/1474/841 383/1475/842 409/1476/843 411/1477/844
f 76/1478/845 75/1479/845 79/1480/846 77/1481/847
f 83/1482/848 82/1483/849 76/1484/850 77/1485/850
f 295/1486/851 296/1487/851 270/1488/852 169/1489/853
f 438/1490/385 461/1491/385 466/1492/854 464/1493/854
f 213/1494/855 326/1495/856 168/1496/857 219/1497/857
f 425/1498/858 429/1499/858 452/1500/859 448/1501/860
f 420/1502/861 427/1503/862 450/1504/863 443/1505/863
f 429/1506/864 418/1507/865 441/1508/866 452/1509/867
f 417/1510/868 439/1511/868 462/1512/869 440/1513/869
f 1/1514/870 53/1515/870 56/1516/871 37/1517/871
f 308/1518/872 310/1519/872 321/1520/873 319/1521/873
f 369/1522/874 370/1523/875 368/1524/876 367/1525/876
f 426/1526/877 424/1527/877 447/1528/878 449/1529/878
f 422/1530/879 445/1531/880 447/1532/881 424/1533/881
f 419/1534/882 438/1535/882 439/1536/883 417/1537/884
f 437/1538/885 463/1539/886 464/1540/887 436/1541/887
f 375/1542/888 364/1543/888 366/1544/889 376/1545/890
f 339/1546/891 190/1547/892 175/1548/893 336/1549/894
f 24/1550/895 21/1551/896 54/1552/897 55/1553/898
f 375/1554/899 398/1555/900 387/1556/901 364/1557/902
f 376/1558/903 377/1559/904 374/1560/905 372/1561/906
f 424/1562/907 425/1563/907 423/1564/907
f 432/1565/908 467/1566/908 468/1567/908
f 377/1568/909 381/1569/909 380/1570/910 374/1571/911
f 409/1572/912 410/1573/912 384/1574/913 385/1575/913
f 85/1576/914 86/1577/915 73/1578/916 72/1579/916
f 398/1580/917 399/1581/917 389/1582/918 387/1583/918
f 405/1584/919 391/1585/920 390/1586/921 406/1587/922
f 403/1588/923 404/1589/923 400/1590/924 397/1591/924
f 399/1592/925 400/1593/925 396/1594/926 389/1595/926
f 244/1596/927 247/1597/928 253/1598/929 257/1599/930
f 448/1600/931 447/1601/931 446/1602/931
f 469/1603/932 455/1604/932 470/1605/932
f 261/1606/933 235/1607/934 263/1608/935 250/1609/935
f 385/1610/936 384/1611/936 365/1612/937 363/1613/938
f 407/1614/939 412/1615/940 411/1616/941 408/1617/942
f 316/1618/943 140/1619/943 135/1620/944 334/1621/945
f 383/1622/946 406/1623/947 390/1624/948 367/1625/949
f 225/1626/950 202/1627/951 201/1628/952 224/1629/953
f 1/1630/954 8/1631/954 52/1632/955 53/1633/955
f 363/1634/956 365/1635/957 388/1636/958 386/1637/959
f 380/1638/960 403/1639/961 397/1640/962 374/1641/962
f 363/1642/963 386/1643/963 408/1644/964 385/1645/964
f 434/1646/965 435/1647/965 431/1648/966 428/1649/967
f 282/1650/968 290/1651/968 291/1652/969 283/1653/969
f 391/1654/970 405/1655/970 382/1656/971 368/1657/971
f 393/1658/972 391/1659/972 368/1660/973 370/1661/973
f 371/1662/974 394/1663/974 398/1664/975 375/1665/976
f 253/1666/977 252/1667/977 264/1668/977 259/1669/977
f 407/1670/978 388/1671/978 365/1672/979 384/1673/979
f 297/1674/980 296/1675/980 295/1676/981 294/1677/981
f 416/1678/982 403/1679/982 380/1680/983 414/1681/983
f 415/1682/984 413/1683/985 381/1684/986 404/1685/986
f 122/1686/987 119/1687/988 120/1688/989 121/1689/990
f 412/1690/991 405/1691/991 406/1692/992 411/1693/992
f 388/1694/993 407/1695/993 408/1696/994 386/1697/994
f 394/1698/995 395/1699/995 399/1700/996 398/1701/996
f 371/1702/997 375/1703/998 376/1704/999 372/1705/1000
f 171/1706/1001 303/1707/1001 302/1708/1002 222/1709/1002
f 215/1710/1003 197/1711/1003 337/1712/1004 338/1713/1004
f 416/1714/1005 415/1715/1005 404/1716/1006 403/1717/1006
f 381/1718/1007 413/1719/1007 414/1720/1008 380/1721/1008
f 402/1722/1009 401/1723/1010 378/1724/1011 379/1725/1012
f 413/1726/1013 415/1727/1014 402/1728/1015 379/1729/1016
f 383/1730/1017 382/1731/1018 410/1732/1019 409/1733/1020
f 372/1734/1021 395/1735/1021 393/1736/1022 370/1737/1022
f 353/1738/1023 352/1739/1023 266/1740/1024 267/1741/1024
f 60/1742/1025 22/1743/1026 11/1744/1027
f 10/1745/1028 5/1746/1028 36/1747/1028
f 6/1748/1029 38/1749/1029 36/1750/1029
f 198/1751/1030 196/1752/1030 10/1753/1030
f 20/1754/1031 4/1755/1031 173/1756/1031
f 57/1757/1032 11/1758/1032 13/1759/1032
f 49/1760/1033 48/1761/1033 15/1762/1033
f 149/1763/1034 144/1764/1034 17/1765/1034
f 148/1766/1035 147/1767/1035 15/1768/1035
f 341/1769/1036 330/1770/1036 19/1771/1036
f 50/1772/1037 21/1773/1037 3/1774/1037
f 56/1775/1038 53/1776/1038 7/1777/1038
f 53/1778/1039 52/1779/1039 6/1780/1039
f 52/1781/1040 8/1782/1040 125/1783/1040
f 42/1784/1041 25/1785/1041 71/1786/1041
f 283/1787/1042 291/1788/1043 292/1789/1044 284/1790/1044
f 102/1791/1045 103/1792/1045 40/1793/1045
f 50/1794/1046 51/1795/1046 37/1796/1046
f 22/1797/1047 39/1798/1047 51/1799/1047
f 148/1800/1048 48/1801/1048 14/1802/1048
f 149/1803/1049 49/1804/1049 16/1805/1049
f 21/1806/1050 37/1807/1050 56/1808/1050
f 62/1809/1051 28/1810/1051 69/1811/1051
f 19/1812/1052 59/1813/1052 58/1814/1052
f 23/1815/1053 60/1816/1053 57/1817/1053
f 27/1818/1054 67/1819/1054 66/1820/1054
f 61/1821/1055 26/1822/1055 65/1823/1055
f 79/1824/1056 73/1825/1056 74/1826/1056
f 78/1827/1057 63/1828/1057 79/1829/1057
f 91/1830/1058 85/1831/1058 80/1832/1058
f 95/1833/1059 92/1834/1059 87/1835/1059
f 71/1836/1060 88/1837/1060 90/1838/1060
f 68/1839/1061 90/1840/1061 94/1841/1061
f 2/1842/1062 101/1843/1062 103/1844/1062
f 273/1845/1063 297/1846/1063 124/1847/1063
f 60/1848/1064 110/1849/1064 104/1850/1064
f 23/1851/1065 40/1852/1066 109/1853/1067
f 12/1854/1068 39/1855/1068 108/1856/1068
f 39/1857/1069 22/1858/1069 104/1859/1069
f 116/1860/1070 117/1861/1070 111/1862/1070
f 105/1863/1071 115/1864/1072 118/1865/1073
f 109/1866/1074 42/1867/1074 117/1868/1074
f 109/1869/1075 116/1870/1075 115/1871/1075
f 114/1872/1076 122/1873/1076 121/1874/1076
f 173/1875/1077 4/1876/1077 123/1877/1077
f 198/1878/1078 38/1879/1078 126/1880/1078
f 30/1881/1079 127/1882/1079 125/1883/1079
f 125/1884/1080 130/1885/1080 132/1886/1080
f 137/1887/1081 333/1888/1081 335/1889/1081
f 127/1890/1082 131/1891/1082 130/1892/1082
f 346/1893/1083 131/1894/1083 127/1895/1083
f 342/1896/1084 343/1897/1084 127/1898/1084
f 132/1899/1085 136/1900/1085 138/1901/1085
f 306/1902/1086 126/1903/1086 138/1904/1086
f 131/1905/1087 346/1906/1087 333/1907/1087
f 134/1908/1088 133/1909/1088 140/1910/1088
f 136/1911/1089 141/1912/1089 143/1913/1089
f 47/1914/1090 149/1915/1090 146/1916/1090
f 44/1917/1091 148/1918/1091 145/1919/1091
f 11/1920/1092 145/1921/1092 144/1922/1092
f 96/1923/1093 97/1924/1093 151/1925/1093
f 98/1926/1094 99/1927/1094 153/1928/1094
f 97/1929/1095 98/1930/1095 152/1931/1095
f 99/1932/1096 96/1933/1096 150/1934/1096
f 177/1935/1097 188/1936/1098 230/1937/1099
f 205/1938/1100 170/1939/1100 176/1940/1100
f 205/1941/1101 207/1942/1101 171/1943/1101
f 198/1944/1102 207/1945/1102 176/1946/1102
f 186/1947/1103 200/1948/1103 173/1949/1103
f 99/1950/1104 98/1951/1104 157/1952/1105 154/1953/1105
f 179/1954/1106 177/1955/1106 227/1956/1106
f 218/1957/1107 182/1958/1107 181/1959/1107
f 328/1960/1108 218/1961/1108 183/1962/1108
f 327/1963/1109 217/1964/1109 181/1965/1109
f 185/1966/1110 330/1967/1110 341/1968/1110
f 168/1969/1111 187/1970/1111 219/1971/1111
f 226/1972/1112 212/1973/1112 172/1974/1112
f 223/1975/1113 172/1976/1113 171/1977/1113
f 222/1978/1114 302/1979/1114 298/1980/1114
f 211/1981/1115 238/1982/1115 241/1983/1115
f 219/1984/1116 187/1985/1116 206/1986/1116
f 188/1987/1117 219/1988/1117 221/1989/1117
f 180/1990/1118 217/1991/1118 327/1992/1118
f 182/1993/1119 218/1994/1119 328/1995/1119
f 187/1996/1120 224/1997/1121 226/1998/1122
f 232/1999/1123 240/2000/1123 239/2001/1123
f 228/2002/1124 229/2003/1124 185/2004/1124
f 227/2005/1125 230/2006/1125 189/2007/1125
f 236/2008/1126 237/2009/1126 193/2010/1126
f 231/2011/1127 234/2012/1127 235/2013/1127
f 244/2014/1128 243/2015/1128 249/2016/1128
f 249/2017/1129 233/2018/1129 248/2019/1129
f 250/2020/1130 255/2021/1130 261/2022/1130
f 265/2023/1131 256/2024/1131 257/2025/1131
f 260/2026/1132 258/2027/1132 241/2028/1132
f 264/2029/1133 260/2030/1133 238/2031/1133
f 274/2032/1134 271/2033/1134 167/2034/1134
f 296/2035/1135 297/2036/1135 273/2037/1135
f 275/2038/1136 281/2039/1136 230/2040/1136
f 189/2041/1137 276/2042/1138 280/2043/1139
f 178/2044/1140 278/2045/1140 279/2046/1140
f 208/2047/1141 279/2048/1141 275/2049/1141
f 287/2050/1142 285/2051/1142 282/2052/1142
f 289/2053/1143 286/2054/1144 276/2055/1145
f 280/2056/1146 287/2057/1146 288/2058/1146
f 286/2059/1147 287/2060/1147 280/2061/1147
f 292/2062/1148 293/2063/1148 285/2064/1148
f 173/2065/1149 294/2066/1149 295/2067/1149
f 198/2068/1150 301/2069/1150 299/2070/1150
f 298/2071/1151 300/2072/1151 197/2073/1151
f 307/2074/1152 304/2075/1152 298/2076/1152
f 312/2077/1153 321/2078/1153 335/2079/1153
f 304/2080/1154 305/2081/1154 300/2082/1154
f 300/2083/1155 305/2084/1155 346/2085/1155
f 342/2086/1156 197/2087/1156 300/2088/1156
f 314/2089/1157 311/2090/1157 307/2091/1157
f 306/2092/1158 313/2093/1159 314/2094/1160
f 305/2095/1161 312/2096/1161 333/2097/1161
f 309/2098/1162 315/2099/1162 318/2100/1162
f 322/2101/1163 319/2102/1163 311/2103/1163
f 325/2104/1164 328/2105/1164 216/2106/1164
f 324/2107/1165 327/2108/1165 213/2109/1165
f 213/2110/1166 327/2111/1166 326/2112/1166
f 216/2113/1167 328/2114/1167 323/2115/1167
f 323/2116/1168 324/2117/1168 177/2118/1168
f 266/2119/1169 347/2120/1169 348/2121/1169
f 268/2122/1170 349/2123/1170 350/2124/1170
f 267/2125/1171 348/2126/1171 349/2127/1171
f 269/2128/1172 350/2129/1172 347/2130/1172
f 371/2131/1173 372/2132/1173 370/2133/1173
f 413/2134/1174 379/2135/1174 378/2136/1174
f 393/2137/1175 395/2138/1175 394/2139/1175
f 401/2140/1176 402/2141/1176 415/2142/1176
f 424/2143/1177 426/2144/1177 425/2145/1177
f 432/2146/1178 433/2147/1178 467/2148/1178
f 448/2149/1179 449/2150/1179 447/2151/1179
f 469/2152/1180 456/2153/1180 455/2154/1180
f 91/2155/1181 95/2156/1181 86/2157/1182 85/2158/1182
