# Blender v3.0.0 OBJ File: 'aa.blend'
# www.blender.org
mtllib Canon.mtl
o Canon
v 0.000000 0.856577 1.283153
v 0.000000 0.856577 1.316652
v 0.145062 0.817708 1.283153
v 0.145062 0.817708 1.316652
v 0.251255 0.711515 1.283153
v 0.251255 0.711515 1.316652
v 0.290124 0.566453 1.283153
v 0.290124 0.566453 1.316652
v 0.251255 0.421391 1.283153
v 0.251255 0.421391 1.316652
v 0.145062 0.315198 1.283154
v 0.145062 0.315198 1.316652
v 0.000000 0.276329 1.283154
v 0.000000 0.276329 1.316652
v -0.145062 0.315198 1.283154
v -0.145062 0.315198 1.316652
v -0.251255 0.421391 1.283153
v -0.251255 0.421391 1.316652
v -0.290124 0.566453 1.283153
v -0.290124 0.566453 1.316652
v -0.251255 0.711515 1.283153
v -0.251255 0.711515 1.316652
v -0.145062 0.817708 1.283153
v -0.145062 0.817708 1.316652
v 0.000000 0.893035 1.283153
v 0.163291 0.849281 1.283153
v 0.282828 0.729744 1.283153
v 0.326582 0.566453 1.283153
v 0.282828 0.403162 1.283153
v 0.163291 0.283625 1.283154
v 0.000000 0.239871 1.283154
v -0.163291 0.283625 1.283154
v -0.282828 0.403162 1.283153
v -0.326582 0.566453 1.283153
v -0.282828 0.729744 1.283153
v -0.163291 0.849281 1.283153
v 0.000000 0.893034 1.231944
v 0.163291 0.849281 1.231944
v 0.282828 0.729743 1.231944
v 0.326582 0.566453 1.231944
v 0.282828 0.403162 1.231944
v 0.163291 0.283625 1.231944
v 0.000000 0.239871 1.231944
v -0.163291 0.283625 1.231944
v -0.282828 0.403162 1.231944
v -0.326582 0.566453 1.231944
v -0.282828 0.729743 1.231944
v -0.163291 0.849281 1.231944
v 0.000000 0.769096 1.123668
v 0.101322 0.741947 1.123668
v 0.175495 0.667775 1.123668
v 0.202644 0.566453 1.123668
v 0.175495 0.465131 1.123668
v 0.101322 0.390958 1.123668
v 0.000000 0.363809 1.123668
v -0.101322 0.390958 1.123668
v -0.175495 0.465131 1.123668
v -0.202644 0.566453 1.123668
v -0.175495 0.667774 1.123668
v -0.101322 0.741947 1.123668
v 0.000000 0.765441 1.002246
v 0.099494 0.738782 1.002246
v 0.172329 0.665947 1.002246
v 0.198989 0.566453 1.002246
v 0.172329 0.466958 1.002246
v 0.099494 0.394123 1.002246
v 0.000000 0.367464 1.002246
v -0.099494 0.394123 1.002246
v -0.172329 0.466958 1.002246
v -0.198989 0.566453 1.002246
v -0.172329 0.665947 1.002246
v -0.099495 0.738782 1.002246
v 0.000000 0.789198 1.002246
v 0.111373 0.759356 1.002246
v 0.192904 0.677826 1.002246
v 0.222746 0.566453 1.002246
v 0.192904 0.455080 1.002246
v 0.111373 0.373549 1.002246
v 0.000000 0.343707 1.002246
v -0.111373 0.373549 1.002246
v -0.192904 0.455080 1.002246
v -0.222746 0.566452 1.002246
v -0.192904 0.677825 1.002246
v -0.111373 0.759356 1.002246
v 0.000000 0.789199 0.971761
v 0.111373 0.759356 0.971761
v 0.192904 0.677826 0.971761
v 0.222746 0.566453 0.971761
v 0.192904 0.455080 0.971761
v 0.111373 0.373549 0.971761
v 0.000000 0.343707 0.971761
v -0.111373 0.373549 0.971761
v -0.192904 0.455080 0.971761
v -0.222746 0.566453 0.971761
v -0.192904 0.677825 0.971761
v -0.111373 0.759356 0.971761
v 0.000000 0.767807 0.971761
v 0.100677 0.740831 0.971761
v 0.174378 0.667130 0.971761
v 0.201354 0.566453 0.971761
v 0.174378 0.465775 0.971761
v 0.100677 0.392075 0.971761
v 0.000000 0.365098 0.971761
v -0.100677 0.392075 0.971761
v -0.174378 0.465775 0.971761
v -0.201354 0.566453 0.971761
v -0.174378 0.667130 0.971761
v -0.100677 0.740830 0.971761
v 0.000000 0.767807 0.788288
v 0.100677 0.740830 0.788288
v 0.174378 0.667130 0.788288
v 0.201354 0.566452 0.788288
v 0.174378 0.465775 0.788289
v 0.100677 0.392075 0.788289
v 0.000000 0.365098 0.788289
v -0.100677 0.392075 0.788289
v -0.174378 0.465775 0.788289
v -0.201354 0.566452 0.788288
v -0.174378 0.667129 0.788288
v -0.100677 0.740830 0.788288
v 0.000000 0.799836 0.788288
v 0.116692 0.768568 0.788288
v 0.202116 0.683144 0.788288
v 0.233384 0.566452 0.788288
v 0.202116 0.449761 0.788289
v 0.116692 0.364336 0.788289
v 0.000000 0.333069 0.788289
v -0.116692 0.364336 0.788289
v -0.202116 0.449761 0.788289
v -0.233384 0.566452 0.788288
v -0.202116 0.683144 0.788288
v -0.116692 0.768568 0.788288
v 0.000000 0.799836 0.752727
v 0.116692 0.768568 0.752727
v 0.202116 0.683144 0.752727
v 0.233384 0.566452 0.752727
v 0.202116 0.449761 0.752727
v 0.116692 0.364336 0.752727
v 0.000000 0.333069 0.752727
v -0.116692 0.364336 0.752727
v -0.202116 0.449761 0.752727
v -0.233384 0.566452 0.752727
v -0.202116 0.683144 0.752727
v -0.116692 0.768568 0.752727
v 0.000000 0.776752 0.752727
v 0.105150 0.748577 0.752727
v 0.182125 0.671602 0.752727
v 0.210299 0.566452 0.752727
v 0.182125 0.461303 0.752727
v 0.105150 0.384328 0.752727
v 0.000000 0.356153 0.752727
v -0.105150 0.384328 0.752727
v -0.182125 0.461303 0.752727
v -0.210299 0.566452 0.752727
v -0.182125 0.671602 0.752727
v -0.105150 0.748577 0.752727
v 0.000000 0.787673 0.665344
v 0.110610 0.758035 0.665344
v 0.191582 0.677063 0.665344
v 0.221220 0.566452 0.665344
v 0.191582 0.455842 0.665344
v 0.110610 0.374870 0.665344
v 0.000000 0.345232 0.665344
v -0.110610 0.374870 0.665344
v -0.191582 0.455842 0.665344
v -0.221220 0.566452 0.665344
v -0.191582 0.677062 0.665344
v -0.110610 0.758035 0.665344
v 0.000000 0.865589 0.536680
v 0.149568 0.825512 0.536680
v 0.259060 0.716021 0.536680
v 0.299136 0.566452 0.536680
v 0.259060 0.416884 0.536680
v 0.149568 0.307393 0.536680
v 0.000000 0.267316 0.536680
v -0.149568 0.307393 0.536680
v -0.259060 0.416884 0.536680
v -0.299136 0.566452 0.536680
v -0.259060 0.716020 0.536680
v -0.149568 0.825512 0.536680
v 0.000000 0.875354 0.448220
v 0.154451 0.833969 0.448220
v 0.267516 0.720903 0.448220
v 0.308901 0.566452 0.448220
v 0.267516 0.412002 0.448220
v 0.154451 0.298936 0.448220
v 0.000000 0.257551 0.448220
v -0.154451 0.298936 0.448220
v -0.267516 0.412001 0.448220
v -0.308901 0.566452 0.448220
v -0.267517 0.720903 0.448220
v -0.154451 0.833969 0.448220
v 0.000000 0.875353 -0.505592
v 0.154451 0.833968 -0.505592
v 0.267516 0.720902 -0.505592
v 0.308901 0.566452 -0.505592
v 0.267516 0.412001 -0.505592
v 0.154451 0.298935 -0.505592
v 0.000000 0.257550 -0.505592
v -0.154451 0.298935 -0.505592
v -0.267516 0.412001 -0.505592
v -0.308901 0.566451 -0.505592
v -0.267517 0.720902 -0.505592
v -0.154451 0.833968 -0.505592
v 0.000000 0.829086 -0.574949
v 0.131317 0.793900 -0.574949
v 0.227448 0.697769 -0.574949
v 0.262635 0.566451 -0.574949
v 0.227448 0.435134 -0.574949
v 0.131317 0.339003 -0.574949
v 0.000000 0.303817 -0.574949
v -0.131317 0.339003 -0.574949
v -0.227448 0.435134 -0.574949
v -0.262635 0.566451 -0.574949
v -0.227448 0.697769 -0.574949
v -0.131317 0.793900 -0.574949
v 0.000000 0.738050 -0.634583
v 0.085799 0.715060 -0.634583
v 0.148609 0.652251 -0.634583
v 0.171599 0.566452 -0.634583
v 0.148609 0.480652 -0.634583
v 0.085799 0.417843 -0.634582
v 0.000000 0.394853 -0.634582
v -0.085799 0.417843 -0.634582
v -0.148609 0.480652 -0.634583
v -0.171599 0.566451 -0.634583
v -0.148609 0.652251 -0.634583
v -0.085799 0.715060 -0.634583
v 0.098094 0.736357 1.316652
v 0.000000 0.762641 1.316652
v 0.169904 0.664547 1.316652
v 0.196188 0.566453 1.316652
v 0.169904 0.468359 1.316652
v 0.098094 0.396549 1.316652
v 0.000000 0.370264 1.316652
v -0.098094 0.396549 1.316652
v -0.169904 0.468359 1.316652
v -0.196188 0.566453 1.316652
v -0.169904 0.664547 1.316652
v -0.098094 0.736357 1.316652
v 0.088446 0.719645 -0.426152
v 0.000000 0.743344 -0.426152
v 0.153194 0.654898 -0.426152
v 0.176893 0.566452 -0.426152
v 0.153194 0.478005 -0.426152
v 0.088446 0.413258 -0.426152
v 0.000000 0.389559 -0.426152
v -0.088446 0.413258 -0.426152
v -0.153194 0.478005 -0.426152
v -0.176893 0.566452 -0.426152
v -0.153194 0.654898 -0.426152
v -0.088446 0.719645 -0.426152
v 0.000000 0.817612 -0.098950
v 0.119643 0.817612 -0.168025
v 0.119643 0.817612 -0.306177
v 0.000000 0.817612 -0.375253
v -0.119643 0.817612 -0.306177
v -0.119643 0.817612 -0.168025
v 0.000000 0.904696 -0.098950
v 0.119643 0.904696 -0.168026
v 0.119643 0.904696 -0.306177
v 0.000000 0.904696 -0.375253
v -0.119643 0.904696 -0.306177
v -0.119643 0.904696 -0.168026
v 0.000000 0.933442 -0.145065
v 0.079706 0.933442 -0.191083
v 0.079706 0.933442 -0.283119
v 0.000000 0.933442 -0.329138
v -0.079706 0.933442 -0.283119
v -0.079706 0.933442 -0.191083
v 0.000000 0.933442 -0.180346
v 0.049152 0.933442 -0.208723
v 0.049152 0.933442 -0.265479
v 0.000000 0.933442 -0.293857
v -0.049152 0.933442 -0.265479
v -0.049152 0.933442 -0.208723
v 0.000000 0.903779 -0.180346
v 0.049152 0.903779 -0.208723
v 0.049152 0.903779 -0.265479
v 0.000000 0.903779 -0.293857
v -0.049152 0.903779 -0.265479
v -0.049152 0.903779 -0.208723
v 0.000000 0.903779 -0.200200
v 0.031957 0.903779 -0.218651
v 0.031957 0.903779 -0.255552
v 0.000000 0.903779 -0.274003
v -0.031957 0.903779 -0.255552
v -0.031957 0.903779 -0.218651
v 0.000000 0.939298 -0.200200
v 0.031957 0.939298 -0.218651
v 0.031957 0.939298 -0.255552
v 0.000000 0.939298 -0.274003
v -0.031957 0.939298 -0.255552
v -0.031957 0.939298 -0.218651
v 0.291359 0.093820 0.380047
v 0.247779 0.566452 0.358950
v 0.291359 0.093820 0.140614
v 0.247779 0.566452 0.161711
v 0.247779 0.720903 0.358950
v 0.247779 0.720903 0.161711
v 0.247779 0.374762 0.455917
v 0.247779 0.374761 0.064744
v 0.380662 0.093820 0.366625
v 0.359070 0.093820 0.380047
v 0.359009 0.566452 0.358950
v 0.380662 0.566452 0.336994
v 0.359070 0.093820 0.140614
v 0.380662 0.093820 0.154036
v 0.380662 0.566452 0.183667
v 0.359009 0.566452 0.161711
v 0.324592 0.720903 0.183638
v 0.302904 0.720903 0.161711
v 0.302904 0.720903 0.358950
v 0.324592 0.720903 0.337022
v 0.359055 0.374761 0.064744
v 0.380662 0.374761 0.086700
v 0.380662 0.374762 0.433961
v 0.359055 0.374762 0.455917
v 0.383187 0.140474 0.227205
v 0.383187 0.174683 0.213035
v 0.383187 0.174683 0.085552
v 0.460439 0.174683 0.085552
v 0.383187 0.050330 0.137061
v 0.460439 0.050330 0.137061
v 0.383187 -0.001179 0.261415
v 0.460439 -0.001179 0.261415
v 0.383187 0.050330 0.385768
v 0.460439 0.050330 0.385768
v 0.383187 0.174683 0.437277
v 0.460439 0.174683 0.437277
v 0.383187 0.299037 0.385768
v 0.460439 0.299037 0.385768
v 0.383187 0.350546 0.261414
v 0.460439 0.350546 0.261414
v 0.383187 0.299037 0.137061
v 0.460439 0.299037 0.137061
v 0.383187 0.126304 0.261414
v 0.383187 0.140474 0.295624
v 0.383187 0.174683 0.309794
v 0.383187 0.208893 0.295624
v 0.383187 0.223063 0.261414
v 0.383187 0.208893 0.227205
v 0.460439 0.078848 0.165580
v 0.460439 0.174683 0.125884
v 0.460439 0.039152 0.261415
v 0.460439 0.078848 0.357249
v 0.460439 0.174683 0.396945
v 0.460439 0.270518 0.357249
v 0.460439 0.310214 0.261414
v 0.460439 0.270518 0.165580
v 0.446185 0.078848 0.165580
v 0.446186 0.174683 0.125884
v 0.446185 0.039152 0.261415
v 0.446185 0.078848 0.357249
v 0.446186 0.174683 0.396945
v 0.446185 0.270518 0.357249
v 0.446186 0.310214 0.261414
v 0.446185 0.270518 0.165580
v 0.446185 0.118050 0.204782
v 0.446186 0.174683 0.181324
v 0.446185 0.094592 0.261414
v 0.446185 0.118050 0.318047
v 0.446186 0.174683 0.341505
v 0.446185 0.231316 0.318047
v 0.446186 0.254774 0.261414
v 0.446185 0.231316 0.204782
v 0.457620 0.118050 0.204782
v 0.457621 0.174683 0.181324
v 0.457620 0.094592 0.261414
v 0.457620 0.118050 0.318047
v 0.457621 0.174683 0.341505
v 0.457620 0.231316 0.318047
v 0.457621 0.254774 0.261414
v 0.457620 0.231316 0.204782
v 0.291359 0.093819 -0.135962
v 0.247779 0.566452 -0.171543
v 0.291359 0.093819 -0.404362
v 0.247779 0.566452 -0.368782
v 0.247779 0.720903 -0.171543
v 0.247779 0.720902 -0.368782
v 0.247779 0.374761 -0.074576
v 0.247779 0.374761 -0.465749
v 0.380662 0.093819 -0.151007
v 0.359070 0.093819 -0.135962
v 0.359009 0.566452 -0.171543
v 0.380662 0.566452 -0.193499
v 0.359070 0.093819 -0.404362
v 0.380662 0.093819 -0.389317
v 0.380662 0.566452 -0.346826
v 0.359009 0.566452 -0.368782
v 0.324592 0.720902 -0.346854
v 0.302904 0.720902 -0.368782
v 0.302904 0.720903 -0.171543
v 0.324592 0.720902 -0.193471
v 0.359055 0.374761 -0.465749
v 0.380662 0.374761 -0.443793
v 0.380662 0.374761 -0.096532
v 0.359055 0.374761 -0.074576
v 0.383187 0.139441 -0.304319
v 0.383187 0.174683 -0.318917
v 0.383187 0.174683 -0.444940
v 0.460439 0.174683 -0.444940
v 0.383187 0.050329 -0.393431
v 0.460439 0.050329 -0.393431
v 0.383187 -0.001180 -0.269078
v 0.460439 -0.001180 -0.269078
v 0.383187 0.050329 -0.144725
v 0.460439 0.050329 -0.144725
v 0.383187 0.174683 -0.093216
v 0.460439 0.174683 -0.093216
v 0.383187 0.299037 -0.144725
v 0.460439 0.299037 -0.144725
v 0.383187 0.350545 -0.269078
v 0.460439 0.350545 -0.269078
v 0.383187 0.299036 -0.393432
v 0.460439 0.299036 -0.393432
v 0.383187 0.124844 -0.269078
v 0.383187 0.139441 -0.233837
v 0.383187 0.174683 -0.219239
v 0.383187 0.209924 -0.233837
v 0.383187 0.224522 -0.269078
v 0.383187 0.209924 -0.304319
v 0.460439 0.078848 -0.364913
v 0.460439 0.174683 -0.404609
v 0.460439 0.039152 -0.269078
v 0.460439 0.078848 -0.173243
v 0.460439 0.174683 -0.133547
v 0.460439 0.270518 -0.173243
v 0.460439 0.310214 -0.269078
v 0.460439 0.270518 -0.364913
v 0.446185 0.078848 -0.364913
v 0.446186 0.174683 -0.404609
v 0.446185 0.039152 -0.269078
v 0.446185 0.078848 -0.173243
v 0.446186 0.174683 -0.133547
v 0.446185 0.270518 -0.173243
v 0.446186 0.310214 -0.269078
v 0.446185 0.270518 -0.364913
v 0.446185 0.118050 -0.325711
v 0.446186 0.174683 -0.349169
v 0.446185 0.094592 -0.269078
v 0.446185 0.118050 -0.212445
v 0.446186 0.174683 -0.188987
v 0.446185 0.231316 -0.212445
v 0.446186 0.254774 -0.269078
v 0.446185 0.231316 -0.325711
v 0.457620 0.118050 -0.325711
v 0.457621 0.174683 -0.349169
v 0.457620 0.094592 -0.269078
v 0.457620 0.118050 -0.212445
v 0.457621 0.174683 -0.188987
v 0.457620 0.231316 -0.212445
v 0.457621 0.254774 -0.269078
v 0.457620 0.231316 -0.325711
v -0.291359 0.093820 0.380047
v -0.247779 0.566452 0.358950
v -0.291359 0.093820 0.140614
v -0.247779 0.566452 0.161711
v -0.247779 0.720903 0.358950
v -0.247779 0.720903 0.161711
v -0.247779 0.374762 0.455917
v -0.247779 0.374761 0.064744
v -0.380662 0.093820 0.366625
v -0.359070 0.093820 0.380047
v -0.359009 0.566452 0.358950
v -0.380662 0.566452 0.336994
v -0.359070 0.093820 0.140614
v -0.380662 0.093820 0.154036
v -0.380662 0.566452 0.183667
v -0.359009 0.566452 0.161711
v -0.324592 0.720903 0.183638
v -0.302904 0.720903 0.161711
v -0.302904 0.720903 0.358950
v -0.324592 0.720903 0.337022
v -0.359055 0.374761 0.064744
v -0.380662 0.374761 0.086700
v -0.380662 0.374762 0.433961
v -0.359055 0.374762 0.455917
v -0.383187 0.140474 0.227205
v -0.383187 0.174683 0.213035
v -0.383187 0.174683 0.085552
v -0.460439 0.174683 0.085552
v -0.383187 0.050330 0.137061
v -0.460439 0.050330 0.137061
v -0.383187 -0.001179 0.261415
v -0.460439 -0.001179 0.261415
v -0.383187 0.050330 0.385768
v -0.460439 0.050330 0.385768
v -0.383187 0.174683 0.437277
v -0.460439 0.174683 0.437277
v -0.383187 0.299037 0.385768
v -0.460439 0.299037 0.385768
v -0.383187 0.350546 0.261414
v -0.460439 0.350546 0.261414
v -0.383187 0.299037 0.137061
v -0.460439 0.299037 0.137061
v -0.383187 0.126304 0.261414
v -0.383187 0.140474 0.295624
v -0.383187 0.174683 0.309794
v -0.383187 0.208893 0.295624
v -0.383187 0.223063 0.261414
v -0.383187 0.208893 0.227205
v -0.460439 0.078848 0.165580
v -0.460439 0.174683 0.125884
v -0.460439 0.039152 0.261415
v -0.460439 0.078848 0.357249
v -0.460439 0.174683 0.396945
v -0.460439 0.270518 0.357249
v -0.460439 0.310214 0.261414
v -0.460439 0.270518 0.165580
v -0.446185 0.078848 0.165580
v -0.446186 0.174683 0.125884
v -0.446185 0.039152 0.261415
v -0.446185 0.078848 0.357249
v -0.446186 0.174683 0.396945
v -0.446185 0.270518 0.357249
v -0.446186 0.310214 0.261414
v -0.446185 0.270518 0.165580
v -0.446185 0.118050 0.204782
v -0.446186 0.174683 0.181324
v -0.446185 0.094592 0.261414
v -0.446185 0.118050 0.318047
v -0.446186 0.174683 0.341505
v -0.446185 0.231316 0.318047
v -0.446186 0.254774 0.261414
v -0.446185 0.231316 0.204782
v -0.457620 0.118050 0.204782
v -0.457621 0.174683 0.181324
v -0.457620 0.094592 0.261414
v -0.457620 0.118050 0.318047
v -0.457621 0.174683 0.341505
v -0.457620 0.231316 0.318047
v -0.457621 0.254774 0.261414
v -0.457620 0.231316 0.204782
v -0.291359 0.093819 -0.135962
v -0.247779 0.566452 -0.171543
v -0.291359 0.093819 -0.404362
v -0.247779 0.566452 -0.368782
v -0.247779 0.720903 -0.171543
v -0.247779 0.720902 -0.368782
v -0.247779 0.374761 -0.074576
v -0.247779 0.374761 -0.465749
v -0.380662 0.093819 -0.151007
v -0.359070 0.093819 -0.135962
v -0.359009 0.566452 -0.171543
v -0.380662 0.566452 -0.193499
v -0.359070 0.093819 -0.404362
v -0.380662 0.093819 -0.389317
v -0.380662 0.566452 -0.346826
v -0.359009 0.566452 -0.368782
v -0.324592 0.720902 -0.346854
v -0.302904 0.720902 -0.368782
v -0.302904 0.720903 -0.171543
v -0.324592 0.720902 -0.193471
v -0.359055 0.374761 -0.465749
v -0.380662 0.374761 -0.443793
v -0.380662 0.374761 -0.096532
v -0.359055 0.374761 -0.074576
v -0.383187 0.139441 -0.304319
v -0.383187 0.174683 -0.318917
v -0.383187 0.174683 -0.444940
v -0.460439 0.174683 -0.444940
v -0.383187 0.050329 -0.393431
v -0.460439 0.050329 -0.393431
v -0.383187 -0.001180 -0.269078
v -0.460439 -0.001180 -0.269078
v -0.383187 0.050329 -0.144725
v -0.460439 0.050329 -0.144725
v -0.383187 0.174683 -0.093216
v -0.460439 0.174683 -0.093216
v -0.383187 0.299037 -0.144725
v -0.460439 0.299037 -0.144725
v -0.383187 0.350545 -0.269078
v -0.460439 0.350545 -0.269078
v -0.383187 0.299036 -0.393432
v -0.460439 0.299036 -0.393432
v -0.383187 0.124844 -0.269078
v -0.383187 0.139441 -0.233837
v -0.383187 0.174683 -0.219239
v -0.383187 0.209924 -0.233837
v -0.383187 0.224522 -0.269078
v -0.383187 0.209924 -0.304319
v -0.460439 0.078848 -0.364913
v -0.460439 0.174683 -0.404609
v -0.460439 0.039152 -0.269078
v -0.460439 0.078848 -0.173243
v -0.460439 0.174683 -0.133547
v -0.460439 0.270518 -0.173243
v -0.460439 0.310214 -0.269078
v -0.460439 0.270518 -0.364913
v -0.446185 0.078848 -0.364913
v -0.446186 0.174683 -0.404609
v -0.446185 0.039152 -0.269078
v -0.446185 0.078848 -0.173243
v -0.446186 0.174683 -0.133547
v -0.446185 0.270518 -0.173243
v -0.446186 0.310214 -0.269078
v -0.446185 0.270518 -0.364913
v -0.446185 0.118050 -0.325711
v -0.446186 0.174683 -0.349169
v -0.446185 0.094592 -0.269078
v -0.446185 0.118050 -0.212445
v -0.446186 0.174683 -0.188987
v -0.446185 0.231316 -0.212445
v -0.446186 0.254774 -0.269078
v -0.446185 0.231316 -0.325711
v -0.457620 0.118050 -0.325711
v -0.457621 0.174683 -0.349169
v -0.457620 0.094592 -0.269078
v -0.457620 0.118050 -0.212445
v -0.457621 0.174683 -0.188987
v -0.457620 0.231316 -0.212445
v -0.457621 0.254774 -0.269078
v -0.457620 0.231316 -0.325711
vt 0.770634 0.386459
vt 0.795808 0.386459
vt 0.795808 0.430772
vt 0.770634 0.430772
vt 0.667535 0.010960
vt 0.706521 0.003213
vt 0.706521 0.044043
vt 0.667535 0.036295
vt 0.929487 0.776967
vt 0.941855 0.776967
vt 0.941855 0.817797
vt 0.929487 0.817797
vt 0.928743 0.762500
vt 0.916375 0.762500
vt 0.916375 0.721670
vt 0.928743 0.721670
vt 0.385554 0.667552
vt 0.385554 0.655183
vt 0.426384 0.655183
vt 0.426384 0.667552
vt 0.937611 0.194142
vt 0.937611 0.234972
vt 0.925242 0.234972
vt 0.925242 0.194142
vt 0.424386 0.733570
vt 0.424386 0.692740
vt 0.436755 0.692740
vt 0.436755 0.733570
vt 0.938533 0.473387
vt 0.926165 0.473387
vt 0.926165 0.432557
vt 0.938533 0.432557
vt 0.777528 0.663205
vt 0.777528 0.618892
vt 0.802702 0.618892
vt 0.802702 0.663205
vt 0.858593 0.323600
vt 0.837107 0.322990
vt 0.837107 0.285591
vt 0.858593 0.284981
vt 0.445595 0.718805
vt 0.445595 0.693470
vt 0.484581 0.685723
vt 0.484581 0.726553
vt 0.536419 0.693470
vt 0.575405 0.685723
vt 0.575405 0.726553
vt 0.536419 0.718805
vt 0.288150 0.700487
vt 0.327137 0.692740
vt 0.327137 0.733570
vt 0.288150 0.725822
vt 0.281725 0.725822
vt 0.242739 0.733570
vt 0.242739 0.692740
vt 0.281725 0.700487
vt 0.581831 0.693470
vt 0.620817 0.685723
vt 0.620817 0.726553
vt 0.581831 0.718805
vt 0.378974 0.725822
vt 0.378974 0.700487
vt 0.417960 0.692740
vt 0.417960 0.733570
vt 0.491007 0.718805
vt 0.491007 0.693470
vt 0.529993 0.685723
vt 0.529993 0.726553
vt 0.048625 0.734080
vt 0.048625 0.708745
vt 0.087611 0.700997
vt 0.087611 0.741827
vt 0.333562 0.725822
vt 0.333562 0.700487
vt 0.372548 0.692740
vt 0.372548 0.733570
vt 0.622123 0.036295
vt 0.622123 0.010960
vt 0.661109 0.003213
vt 0.661109 0.044043
vt 0.897977 0.802073
vt 0.868638 0.802302
vt 0.868638 0.776967
vt 0.897977 0.777195
vt 0.226334 0.892849
vt 0.196995 0.893078
vt 0.196995 0.867743
vt 0.226334 0.867971
vt 0.675778 0.900486
vt 0.675778 0.875608
vt 0.705117 0.875380
vt 0.705117 0.900715
vt 0.842414 0.864939
vt 0.871753 0.864710
vt 0.871753 0.890045
vt 0.842414 0.889817
vt 0.843944 0.193733
vt 0.873283 0.193505
vt 0.873283 0.218840
vt 0.843944 0.218611
vt 0.806649 0.859154
vt 0.835988 0.858926
vt 0.835988 0.884261
vt 0.806649 0.884032
vt 0.640013 0.900486
vt 0.640013 0.875608
vt 0.669352 0.875380
vt 0.669352 0.900715
vt 0.859832 0.108047
vt 0.889171 0.107819
vt 0.889171 0.133154
vt 0.859832 0.132926
vt 0.321341 0.879508
vt 0.321341 0.854630
vt 0.350679 0.854401
vt 0.350679 0.879736
vt 0.359359 0.862245
vt 0.388698 0.862016
vt 0.388698 0.887352
vt 0.359359 0.887123
vt 0.153397 0.891597
vt 0.153397 0.866718
vt 0.182735 0.866490
vt 0.182735 0.891825
vt 0.935393 0.618892
vt 0.935393 0.659722
vt 0.923024 0.659722
vt 0.923024 0.618892
vt 0.950324 0.659722
vt 0.941819 0.657443
vt 0.941819 0.621171
vt 0.950324 0.618892
vt 0.925093 0.363177
vt 0.925093 0.404007
vt 0.912724 0.404007
vt 0.912724 0.363177
vt 0.224679 0.899504
vt 0.233185 0.901783
vt 0.233185 0.938055
vt 0.224679 0.940334
vt 0.648518 0.947971
vt 0.640013 0.945692
vt 0.640013 0.909419
vt 0.648518 0.907141
vt 0.696611 0.907140
vt 0.705117 0.909419
vt 0.705117 0.945691
vt 0.696611 0.947971
vt 0.469216 0.065121
vt 0.469216 0.295490
vt 0.430596 0.295490
vt 0.430596 0.065121
vt 0.003213 0.464750
vt 0.233582 0.464750
vt 0.233582 0.503370
vt 0.003213 0.503370
vt 0.684326 0.759800
vt 0.684326 0.784973
vt 0.640013 0.784973
vt 0.640013 0.759800
vt 0.796052 0.774304
vt 0.770878 0.774304
vt 0.770878 0.729991
vt 0.796052 0.729991
vt 0.777798 0.192772
vt 0.777798 0.148459
vt 0.802972 0.148459
vt 0.802972 0.192772
vt 0.610778 0.271738
vt 0.672946 0.235845
vt 0.672946 0.307631
vt 0.631501 0.307631
vt 0.941827 0.897219
vt 0.933322 0.894940
vt 0.933322 0.858668
vt 0.941827 0.856389
vt 0.684283 0.947971
vt 0.675778 0.945692
vt 0.675778 0.909420
vt 0.684283 0.907141
vt 0.589666 0.947118
vt 0.581161 0.944839
vt 0.581161 0.908567
vt 0.589666 0.906288
vt 0.663450 0.947971
vt 0.654944 0.945692
vt 0.654944 0.909419
vt 0.663450 0.907141
vt 0.909421 0.577401
vt 0.930680 0.578084
vt 0.930680 0.604376
vt 0.909421 0.605058
vt 0.948179 0.157666
vt 0.939674 0.155387
vt 0.939674 0.119115
vt 0.948179 0.116836
vt 0.764208 0.478417
vt 0.764208 0.515815
vt 0.728207 0.510945
vt 0.728207 0.483287
vt 0.097568 0.931175
vt 0.076309 0.930492
vt 0.076309 0.904200
vt 0.097568 0.903517
vt 0.933248 0.116836
vt 0.933248 0.144494
vt 0.911989 0.143811
vt 0.911989 0.117519
vt 0.218253 0.927161
vt 0.196995 0.926479
vt 0.196995 0.900186
vt 0.218253 0.899504
vt 0.926896 0.903645
vt 0.926896 0.931303
vt 0.905638 0.930620
vt 0.905638 0.904328
vt 0.733827 0.933306
vt 0.712568 0.932623
vt 0.712568 0.906331
vt 0.733827 0.905648
vt 0.286468 0.896213
vt 0.307727 0.896896
vt 0.307727 0.923188
vt 0.286468 0.923870
vt 0.933248 0.178577
vt 0.911989 0.177894
vt 0.911989 0.151602
vt 0.933248 0.150920
vt 0.827212 0.469030
vt 0.827212 0.441373
vt 0.848471 0.442055
vt 0.848471 0.468348
vt 0.024471 0.903517
vt 0.024471 0.931175
vt 0.003213 0.930492
vt 0.003213 0.904200
vt 0.466854 0.933946
vt 0.445595 0.933263
vt 0.445595 0.906971
vt 0.466854 0.906288
vt 0.842414 0.858284
vt 0.842414 0.819665
vt 0.863900 0.820275
vt 0.863900 0.857674
vt 0.764208 0.390767
vt 0.764208 0.428166
vt 0.728207 0.423295
vt 0.728207 0.395638
vt 0.728207 0.346943
vt 0.764208 0.351813
vt 0.764208 0.379471
vt 0.728207 0.384341
vt 0.395361 0.777394
vt 0.359359 0.772524
vt 0.359359 0.744866
vt 0.395361 0.739996
vt 0.437788 0.777394
vt 0.401787 0.772524
vt 0.401787 0.744866
vt 0.437788 0.739996
vt 0.048625 0.748253
vt 0.084626 0.753124
vt 0.084626 0.780781
vt 0.048625 0.785652
vt 0.469216 0.530839
vt 0.433214 0.525968
vt 0.433214 0.498310
vt 0.469216 0.493440
vt 0.764209 0.284981
vt 0.764209 0.322380
vt 0.728207 0.317509
vt 0.728207 0.289851
vt 0.039214 0.748253
vt 0.039214 0.785652
vt 0.003213 0.780781
vt 0.003213 0.753124
vt 0.880918 0.468284
vt 0.860991 0.471176
vt 0.860991 0.432557
vt 0.880918 0.435449
vt 0.189398 0.781868
vt 0.153397 0.776998
vt 0.153397 0.749340
vt 0.189398 0.744469
vt 0.764208 0.471991
vt 0.728207 0.467120
vt 0.728207 0.439463
vt 0.764208 0.434592
vt 0.841376 0.538466
vt 0.862862 0.539077
vt 0.862862 0.576475
vt 0.841376 0.577086
vt 0.846514 0.680151
vt 0.868000 0.680761
vt 0.868000 0.718160
vt 0.846514 0.718770
vt 0.865431 0.148459
vt 0.865431 0.187079
vt 0.843944 0.186468
vt 0.843944 0.149070
vt 0.070111 0.869632
vt 0.048625 0.869022
vt 0.048625 0.831623
vt 0.070111 0.831013
vt 0.661499 0.868954
vt 0.640013 0.868343
vt 0.640013 0.830945
vt 0.661499 0.830334
vt 0.837025 0.729991
vt 0.858511 0.730601
vt 0.858511 0.768000
vt 0.837025 0.768611
vt 0.674885 0.868954
vt 0.674885 0.830334
vt 0.696372 0.830945
vt 0.696372 0.868343
vt 0.734054 0.874138
vt 0.712568 0.873528
vt 0.712568 0.836129
vt 0.734054 0.835518
vt 0.069883 0.903517
vt 0.069883 0.931175
vt 0.048625 0.930492
vt 0.048625 0.904200
vt 0.024699 0.869632
vt 0.003213 0.869022
vt 0.003213 0.831623
vt 0.024699 0.831013
vt 0.865161 0.657512
vt 0.843674 0.656901
vt 0.843674 0.619502
vt 0.865161 0.618892
vt 0.891514 0.654620
vt 0.871587 0.657512
vt 0.871587 0.618892
vt 0.891514 0.621784
vt 0.295463 0.374659
vt 0.334082 0.374659
vt 0.334082 0.605028
vt 0.295463 0.605028
vt 0.514261 0.065121
vt 0.514261 0.295490
vt 0.475642 0.295490
vt 0.475642 0.065121
vt 0.520687 0.532285
vt 0.520687 0.301916
vt 0.559307 0.301916
vt 0.559307 0.532285
vt 0.233582 0.413278
vt 0.003213 0.413278
vt 0.003213 0.374659
vt 0.233582 0.374659
vt 0.385554 0.605028
vt 0.385554 0.374659
vt 0.424173 0.374659
vt 0.424173 0.605028
vt 0.853406 0.131527
vt 0.827745 0.137217
vt 0.827745 0.104382
vt 0.853406 0.110073
vt 0.891784 0.151351
vt 0.891784 0.184187
vt 0.871857 0.187079
vt 0.871857 0.148459
vt 0.860068 0.229563
vt 0.879996 0.226670
vt 0.879996 0.265290
vt 0.860068 0.262398
vt 0.865019 0.320708
vt 0.865019 0.287873
vt 0.884946 0.284981
vt 0.884946 0.323600
vt 0.890254 0.855392
vt 0.870326 0.858284
vt 0.870326 0.819665
vt 0.890254 0.822557
vt 0.262666 0.881251
vt 0.242739 0.884143
vt 0.242739 0.845523
vt 0.262666 0.848415
vt 0.864937 0.765718
vt 0.864937 0.732883
vt 0.884865 0.729991
vt 0.884865 0.768611
vt 0.125261 0.843367
vt 0.145189 0.840475
vt 0.145189 0.879095
vt 0.125261 0.876203
vt 0.860991 0.513330
vt 0.860991 0.480494
vt 0.880918 0.477602
vt 0.880918 0.516222
vt 0.889216 0.541358
vt 0.889216 0.574194
vt 0.869288 0.577086
vt 0.869288 0.538466
vt 0.286468 0.886895
vt 0.286468 0.854060
vt 0.306396 0.851168
vt 0.306396 0.889787
vt 0.771102 0.690678
vt 0.755932 0.675507
vt 0.771102 0.618892
vt 0.631253 0.791591
vt 0.620527 0.773012
vt 0.631253 0.732978
vt 0.189800 0.964780
vt 0.184248 0.944058
vt 0.189800 0.923335
vt 0.976319 0.520652
vt 0.970766 0.499930
vt 0.976319 0.479207
vt 0.977728 0.660337
vt 0.972175 0.639615
vt 0.977728 0.618892
vt 0.771372 0.220245
vt 0.756202 0.205075
vt 0.771372 0.148459
vt 0.145860 0.813957
vt 0.135133 0.795378
vt 0.145860 0.755345
vt 0.975583 0.149345
vt 0.970030 0.128623
vt 0.975583 0.107900
vt 0.827981 0.232361
vt 0.853642 0.226670
vt 0.853642 0.259506
vt 0.827981 0.253815
vt 0.427448 0.828446
vt 0.427448 0.849900
vt 0.401787 0.855591
vt 0.401787 0.822755
vt 0.179058 0.832920
vt 0.179058 0.854373
vt 0.153397 0.860064
vt 0.153397 0.827229
vt 0.853406 0.092266
vt 0.827745 0.097956
vt 0.827745 0.065121
vt 0.853406 0.070812
vt 0.828903 0.483293
vt 0.854565 0.477602
vt 0.854565 0.510437
vt 0.828903 0.504747
vt 0.359359 0.849900
vt 0.359359 0.828446
vt 0.385021 0.822755
vt 0.385021 0.855591
vt 0.852874 0.407803
vt 0.852874 0.429256
vt 0.827212 0.434947
vt 0.827212 0.402112
vt 0.851192 0.030357
vt 0.825531 0.036048
vt 0.825531 0.003213
vt 0.851192 0.008904
vt 0.852874 0.368541
vt 0.852874 0.389995
vt 0.827212 0.395686
vt 0.827212 0.362851
vt 0.835988 0.825356
vt 0.835988 0.846809
vt 0.810327 0.852500
vt 0.810327 0.819665
vt 0.039403 0.903517
vt 0.039403 0.944347
vt 0.030897 0.942068
vt 0.030897 0.905796
vt 0.941827 0.944475
vt 0.933322 0.942196
vt 0.933322 0.905924
vt 0.941827 0.903645
vt 0.943675 0.762500
vt 0.935169 0.760221
vt 0.935169 0.723949
vt 0.943675 0.721670
vt 0.401787 0.862245
vt 0.431126 0.862016
vt 0.431126 0.887351
vt 0.401787 0.887123
vt 0.340508 0.605028
vt 0.340508 0.374659
vt 0.379128 0.374659
vt 0.379128 0.605028
vt 0.770634 0.481511
vt 0.770634 0.437198
vt 0.795808 0.437198
vt 0.795808 0.481511
vt 0.770634 0.284981
vt 0.795808 0.284981
vt 0.795808 0.329294
vt 0.770634 0.329294
vt 0.786683 0.270984
vt 0.761509 0.270984
vt 0.761509 0.226670
vt 0.786683 0.226670
vt 0.520687 0.295490
vt 0.520687 0.065121
vt 0.559307 0.065121
vt 0.559307 0.295490
vt 0.096920 0.795114
vt 0.096920 0.750801
vt 0.122094 0.750801
vt 0.122094 0.795114
vt 0.795808 0.380033
vt 0.770634 0.380033
vt 0.770634 0.335720
vt 0.795808 0.335720
vt 0.232996 0.745722
vt 0.232996 0.783121
vt 0.196995 0.778250
vt 0.196995 0.750593
vt 0.475642 0.532285
vt 0.475642 0.301916
vt 0.514261 0.301916
vt 0.514261 0.532285
vt 0.196995 0.834173
vt 0.222656 0.828482
vt 0.222656 0.861317
vt 0.196995 0.855626
vt 0.042199 0.734080
vt 0.003213 0.741827
vt 0.003213 0.700997
vt 0.042199 0.708745
vt 0.727937 0.698391
vt 0.772250 0.698391
vt 0.772250 0.723565
vt 0.727937 0.723565
vt 0.792492 0.129376
vt 0.792492 0.141744
vt 0.751662 0.141744
vt 0.751662 0.129376
vt 0.938533 0.520643
vt 0.926165 0.520643
vt 0.926165 0.479813
vt 0.938533 0.479813
vt 0.784232 0.003213
vt 0.784232 0.047526
vt 0.759059 0.047526
vt 0.759059 0.003213
vt 0.939405 0.071980
vt 0.927036 0.071980
vt 0.927036 0.031150
vt 0.939405 0.031150
vt 0.604352 0.295490
vt 0.565733 0.295490
vt 0.565733 0.065121
vt 0.604352 0.065121
vt 0.003213 0.419704
vt 0.233582 0.419704
vt 0.233582 0.458324
vt 0.003213 0.458324
vt 0.939337 0.671830
vt 0.939337 0.712660
vt 0.926969 0.712660
vt 0.926969 0.671830
vt 0.890999 0.529424
vt 0.887344 0.516622
vt 0.890999 0.510131
vt 0.904438 0.424391
vt 0.900784 0.411589
vt 0.904438 0.405098
vt 0.439090 0.805632
vt 0.436659 0.799993
vt 0.439090 0.783820
vt 0.705515 0.852207
vt 0.702798 0.846461
vt 0.705515 0.830334
vt 0.385554 0.611454
vt 0.433192 0.611454
vt 0.433192 0.648757
vt 0.385554 0.648757
vt 0.232997 0.739296
vt 0.206120 0.739296
vt 0.206132 0.687412
vt 0.232997 0.687412
vt 0.430599 0.345089
vt 0.437910 0.343706
vt 0.437910 0.413991
vt 0.431830 0.414854
vt 0.376496 0.611454
vt 0.376496 0.659092
vt 0.339192 0.659092
vt 0.339192 0.611454
vt 0.295463 0.611454
vt 0.332766 0.611454
vt 0.332766 0.659092
vt 0.295463 0.659092
vt 0.232996 0.610701
vt 0.232996 0.680986
vt 0.216642 0.680985
vt 0.206120 0.610699
vt 0.751662 0.119708
vt 0.751662 0.068363
vt 0.773231 0.065121
vt 0.773231 0.122950
vt 0.895526 0.031938
vt 0.895526 0.101393
vt 0.888173 0.100261
vt 0.889219 0.031150
vt 0.640013 0.519471
vt 0.640013 0.482439
vt 0.686311 0.459019
vt 0.686311 0.542891
vt 0.565733 0.351689
vt 0.565733 0.314386
vt 0.613371 0.314386
vt 0.613371 0.351689
vt 0.153397 0.671152
vt 0.153397 0.634119
vt 0.199695 0.610699
vt 0.199695 0.694572
vt 0.821319 0.065121
vt 0.821319 0.112759
vt 0.802767 0.107463
vt 0.802767 0.070417
vt 0.914816 0.529720
vt 0.911161 0.523229
vt 0.914816 0.510427
vt 0.559307 0.608997
vt 0.532431 0.608998
vt 0.542953 0.538712
vt 0.559307 0.538711
vt 0.749872 0.763293
vt 0.749872 0.790158
vt 0.712568 0.776607
vt 0.712568 0.763293
vt 0.659482 0.314392
vt 0.659482 0.351425
vt 0.619797 0.351432
vt 0.619797 0.314386
vt 0.289037 0.475563
vt 0.289037 0.570041
vt 0.242739 0.546621
vt 0.242739 0.498983
vt 0.242739 0.766861
vt 0.242739 0.739996
vt 0.294623 0.739996
vt 0.294623 0.766872
vt 0.193082 0.738043
vt 0.153397 0.738037
vt 0.153397 0.701004
vt 0.193082 0.700997
vt 0.666889 0.639617
vt 0.666889 0.709902
vt 0.650535 0.709901
vt 0.640013 0.639615
vt 0.784185 0.487937
vt 0.797499 0.487937
vt 0.797499 0.525240
vt 0.770634 0.525240
vt 0.222063 0.509795
vt 0.222063 0.604273
vt 0.153397 0.585949
vt 0.153397 0.528120
vt 0.803925 0.525240
vt 0.803925 0.477602
vt 0.822478 0.482898
vt 0.822478 0.519944
vt 0.235799 0.510658
vt 0.235799 0.580944
vt 0.228488 0.579561
vt 0.229720 0.509795
vt 0.133568 0.950293
vt 0.126337 0.952079
vt 0.126337 0.912393
vt 0.133568 0.910605
vt 0.952190 0.472245
vt 0.944960 0.474031
vt 0.944959 0.434345
vt 0.952190 0.432557
vt 0.944158 0.553174
vt 0.944158 0.605059
vt 0.937106 0.602665
vt 0.937114 0.550780
vt 0.758556 0.932448
vt 0.751511 0.934842
vt 0.751503 0.882958
vt 0.758556 0.880564
vt 0.325402 0.950935
vt 0.318171 0.952721
vt 0.318170 0.913035
vt 0.325402 0.911246
vt 0.079792 0.957530
vt 0.067422 0.962654
vt 0.067422 0.937601
vt 0.079792 0.942725
vt 0.973627 0.070085
vt 0.973627 0.095139
vt 0.961256 0.090015
vt 0.961256 0.075210
vt 0.963679 0.900448
vt 0.976049 0.895324
vt 0.976049 0.920378
vt 0.963679 0.915254
vt 0.743736 0.939731
vt 0.743736 0.964785
vt 0.731365 0.959661
vt 0.731365 0.944856
vt 0.963707 0.813570
vt 0.976078 0.808446
vt 0.976078 0.833500
vt 0.963707 0.828376
vt 0.504296 0.947032
vt 0.516667 0.941908
vt 0.516667 0.966962
vt 0.504296 0.961837
vt 0.048625 0.962654
vt 0.048625 0.937601
vt 0.060996 0.942725
vt 0.060996 0.957530
vt 0.976078 0.776967
vt 0.976078 0.802020
vt 0.963707 0.796896
vt 0.963707 0.782091
vt 0.929456 0.956025
vt 0.941827 0.950901
vt 0.941827 0.975955
vt 0.929456 0.970830
vt 0.242739 0.398079
vt 0.289037 0.374659
vt 0.289037 0.469137
vt 0.242739 0.445717
vt 0.439170 0.590596
vt 0.432125 0.592989
vt 0.432117 0.541105
vt 0.439170 0.538711
vt 0.820227 0.138479
vt 0.816572 0.131988
vt 0.820227 0.119185
vt 0.280042 0.786612
vt 0.242739 0.800162
vt 0.242739 0.773298
vt 0.280042 0.773298
vt 0.301049 0.766861
vt 0.301049 0.739996
vt 0.352934 0.739996
vt 0.352934 0.766872
vt 0.764453 0.756856
vt 0.712568 0.756867
vt 0.712568 0.729991
vt 0.764453 0.729991
vt 0.123796 0.674920
vt 0.123796 0.744375
vt 0.107442 0.744375
vt 0.096920 0.674919
vt 0.489325 0.779831
vt 0.526629 0.766280
vt 0.526629 0.793145
vt 0.489325 0.793145
vt 0.905563 0.186291
vt 0.899256 0.187079
vt 0.898210 0.117968
vt 0.905563 0.116836
vt 0.633587 0.532285
vt 0.565733 0.516022
vt 0.565733 0.464676
vt 0.633587 0.448413
vt 0.944997 0.402863
vt 0.944998 0.363177
vt 0.952228 0.364962
vt 0.952228 0.404651
vt 0.943714 0.324667
vt 0.943715 0.284981
vt 0.950946 0.286766
vt 0.950946 0.326455
vt 0.930236 0.287375
vt 0.937289 0.284981
vt 0.937289 0.336865
vt 0.930244 0.339259
vt 0.516667 0.883598
vt 0.516667 0.935482
vt 0.509615 0.933088
vt 0.509623 0.881204
vt 0.973627 0.031150
vt 0.973627 0.056204
vt 0.961256 0.051080
vt 0.961256 0.036275
vt 0.929456 0.830034
vt 0.941827 0.824910
vt 0.941827 0.849963
vt 0.929456 0.844839
vt 0.692412 0.760387
vt 0.704783 0.755263
vt 0.704783 0.780316
vt 0.692412 0.775192
vt 0.960624 0.942580
vt 0.960624 0.967634
vt 0.948253 0.962510
vt 0.948253 0.947704
vt 0.457966 0.940371
vt 0.457966 0.965425
vt 0.445595 0.960301
vt 0.445595 0.945496
vt 0.890549 0.944296
vt 0.890549 0.969350
vt 0.878179 0.964225
vt 0.878179 0.949420
vt 0.003213 0.634119
vt 0.049511 0.610699
vt 0.049511 0.694572
vt 0.003213 0.671152
vt 0.906120 0.009704
vt 0.909774 0.003213
vt 0.909774 0.022506
vt 0.820786 0.416915
vt 0.820786 0.464553
vt 0.802234 0.459257
vt 0.802234 0.422211
vt 0.899694 0.022506
vt 0.896039 0.016016
vt 0.899694 0.003213
vt 0.695580 0.065122
vt 0.711935 0.065121
vt 0.711935 0.134576
vt 0.685059 0.134578
vt 0.533055 0.779831
vt 0.570358 0.766280
vt 0.570358 0.793145
vt 0.533055 0.793145
vt 0.679699 0.716335
vt 0.679699 0.753367
vt 0.640013 0.753374
vt 0.640013 0.716328
vt 0.640013 0.572737
vt 0.686311 0.549317
vt 0.686311 0.633189
vt 0.640013 0.609769
vt 0.445595 0.732990
vt 0.497480 0.732978
vt 0.497480 0.759854
vt 0.445595 0.759854
vt 0.728218 0.278555
vt 0.728207 0.226670
vt 0.755083 0.226670
vt 0.755083 0.278555
vt 0.074140 0.610700
vt 0.090494 0.610699
vt 0.090494 0.680985
vt 0.063618 0.680986
vt 0.610778 0.065121
vt 0.678633 0.078278
vt 0.678633 0.135836
vt 0.610778 0.148993
vt 0.893732 0.195005
vt 0.893732 0.265290
vt 0.886422 0.263907
vt 0.887653 0.194142
vt 0.894655 0.502842
vt 0.888575 0.503705
vt 0.887344 0.433940
vt 0.894655 0.432557
vt 0.119911 0.950293
vt 0.112680 0.952079
vt 0.112679 0.912393
vt 0.119911 0.910605
vt 0.951268 0.195927
vt 0.951268 0.235616
vt 0.944037 0.233827
vt 0.944037 0.194142
vt 0.220814 0.951884
vt 0.233185 0.946760
vt 0.233185 0.971813
vt 0.220814 0.966689
vt 0.938571 0.365570
vt 0.938571 0.417455
vt 0.931519 0.415061
vt 0.931527 0.363177
vt 0.565733 0.606320
vt 0.565733 0.554975
vt 0.633587 0.538711
vt 0.633587 0.622584
vt 0.954605 0.180825
vt 0.954605 0.155771
vt 0.966976 0.160895
vt 0.966976 0.175701
vt 0.961189 0.676954
vt 0.973559 0.671830
vt 0.973559 0.696883
vt 0.961189 0.691759
vt 0.526229 0.966010
vt 0.526229 0.951205
vt 0.538600 0.946081
vt 0.538600 0.971135
vt 0.712568 0.944856
vt 0.724939 0.939731
vt 0.724939 0.964785
vt 0.712568 0.959661
vt 0.003213 0.957530
vt 0.003213 0.942725
vt 0.015584 0.937601
vt 0.015584 0.962654
vt 0.905638 0.942853
vt 0.918008 0.937729
vt 0.918008 0.962782
vt 0.905638 0.957658
vt 0.640013 0.381535
vt 0.686311 0.358115
vt 0.686311 0.452593
vt 0.640013 0.429173
vt 0.885959 0.009704
vt 0.889613 0.003213
vt 0.889613 0.022506
vt 0.802234 0.410489
vt 0.802234 0.362851
vt 0.820786 0.368147
vt 0.820786 0.405193
vt 0.904735 0.529720
vt 0.901081 0.523229
vt 0.904735 0.510427
vt 0.700191 0.639617
vt 0.700191 0.709072
vt 0.683837 0.709071
vt 0.673315 0.639615
vt 0.482899 0.766280
vt 0.482899 0.793145
vt 0.445595 0.779594
vt 0.445595 0.766280
vt 0.712947 0.003213
vt 0.752633 0.003220
vt 0.752633 0.040252
vt 0.712947 0.040259
vt 0.242739 0.647525
vt 0.242739 0.599887
vt 0.289037 0.576467
vt 0.289037 0.670945
vt 0.503906 0.759854
vt 0.503906 0.732978
vt 0.555790 0.732990
vt 0.555790 0.759854
vt 0.562216 0.732990
vt 0.614101 0.732978
vt 0.614101 0.759854
vt 0.562216 0.759854
vt 0.745236 0.134576
vt 0.718360 0.134578
vt 0.728882 0.065122
vt 0.745236 0.065121
vt 0.792227 0.686261
vt 0.805541 0.686261
vt 0.805541 0.723565
vt 0.778676 0.723565
vt 0.514261 0.633189
vt 0.445595 0.618363
vt 0.445595 0.553537
vt 0.514261 0.538711
vt 0.902995 0.539253
vt 0.902995 0.608709
vt 0.895642 0.607577
vt 0.896688 0.538466
vt 0.891372 0.286113
vt 0.898726 0.284981
vt 0.898726 0.354436
vt 0.892419 0.355224
vt 0.146971 0.604273
vt 0.078305 0.585949
vt 0.078305 0.528120
vt 0.146971 0.509795
vt 0.944960 0.520146
vt 0.944959 0.480457
vt 0.952190 0.482245
vt 0.952190 0.521931
vt 0.757400 0.765686
vt 0.764453 0.763293
vt 0.764453 0.815177
vt 0.757408 0.817571
vt 0.437652 0.423674
vt 0.437652 0.475558
vt 0.430599 0.473165
vt 0.430607 0.421280
vt 0.565733 0.428830
vt 0.565733 0.371272
vt 0.633587 0.358115
vt 0.633587 0.441987
vt 0.086218 0.942725
vt 0.098589 0.937601
vt 0.098589 0.962654
vt 0.086218 0.957530
vt 0.966010 0.555904
vt 0.978380 0.550780
vt 0.978380 0.575834
vt 0.966010 0.570710
vt 0.545026 0.966010
vt 0.545026 0.951205
vt 0.557397 0.946081
vt 0.557397 0.971135
vt 0.027032 0.955897
vt 0.039403 0.950773
vt 0.039403 0.975827
vt 0.027032 0.970702
vt 0.464392 0.945496
vt 0.476763 0.940371
vt 0.476763 0.965425
vt 0.464392 0.960301
vt 0.971025 0.414586
vt 0.958654 0.419710
vt 0.958654 0.394656
vt 0.971025 0.399780
vt 0.887529 0.583512
vt 0.887529 0.608565
vt 0.875158 0.603441
vt 0.875158 0.588636
vt 0.965526 0.741599
vt 0.965526 0.726794
vt 0.977897 0.721670
vt 0.977897 0.746724
vt 0.958654 0.383106
vt 0.958654 0.368301
vt 0.971025 0.363177
vt 0.971025 0.388230
vt 0.963679 0.876319
vt 0.963679 0.861513
vt 0.976049 0.856389
vt 0.976049 0.881443
vt 0.003213 0.604273
vt 0.003213 0.509795
vt 0.071879 0.524622
vt 0.071879 0.589447
vt 0.595059 0.969716
vt 0.597489 0.953544
vt 0.597489 0.975355
vt 0.749776 0.159053
vt 0.749776 0.216611
vt 0.728207 0.220245
vt 0.728207 0.155419
vt 0.714999 0.993022
vt 0.712568 0.976850
vt 0.714999 0.971211
vt 0.777294 0.541708
vt 0.777294 0.593053
vt 0.755725 0.596295
vt 0.755725 0.538466
vt 0.946145 0.354692
vt 0.943714 0.338520
vt 0.946145 0.332881
vt 0.480182 0.815698
vt 0.482899 0.799571
vt 0.482899 0.821444
vt 0.727937 0.680084
vt 0.727937 0.622526
vt 0.749506 0.618892
vt 0.749506 0.683717
vt 0.899206 0.926376
vt 0.896489 0.910249
vt 0.899206 0.904503
vt 0.576784 0.779831
vt 0.614088 0.766280
vt 0.614088 0.793145
vt 0.576784 0.793145
vt 0.280042 0.828461
vt 0.277325 0.812334
vt 0.280042 0.806588
vt 0.749299 0.612466
vt 0.727937 0.575466
vt 0.749299 0.538466
vt 0.966010 0.582260
vt 0.974599 0.582260
vt 0.974599 0.611438
vt 0.966010 0.611438
vt 0.841376 0.583512
vt 0.868732 0.583512
vt 0.868732 0.610868
vt 0.841376 0.610868
vt 0.743787 0.058695
vt 0.707515 0.058695
vt 0.707515 0.050604
vt 0.743787 0.050604
vt 0.383784 0.985645
vt 0.376422 0.985645
vt 0.376421 0.957796
vt 0.383784 0.957796
vt 0.775267 0.055253
vt 0.775267 0.058695
vt 0.750213 0.058695
vt 0.750213 0.055253
vt 0.780243 0.912314
vt 0.788333 0.912314
vt 0.788333 0.948586
vt 0.780243 0.948586
vt 0.919739 0.504001
vt 0.901081 0.504001
vt 0.901081 0.471492
vt 0.919739 0.471492
vt 0.339918 0.911246
vt 0.339918 0.947518
vt 0.331827 0.947518
vt 0.331827 0.911246
vt 0.857618 0.009085
vt 0.879533 0.003213
vt 0.879533 0.039485
vt 0.857618 0.033613
vt 0.559307 0.623515
vt 0.523035 0.623515
vt 0.523035 0.615424
vt 0.559307 0.615424
vt 0.987084 0.770257
vt 0.984322 0.770257
vt 0.984322 0.755452
vt 0.987084 0.755452
vt 0.991349 0.398788
vt 0.996340 0.397451
vt 0.996340 0.425299
vt 0.991349 0.423962
vt 0.939867 0.544354
vt 0.937106 0.544354
vt 0.937106 0.529549
vt 0.939867 0.529549
vt 0.558738 0.844378
vt 0.558738 0.868906
vt 0.536823 0.874778
vt 0.536823 0.838506
vt 0.988018 0.895324
vt 0.988018 0.923172
vt 0.982475 0.921687
vt 0.982475 0.896809
vt 0.985371 0.673273
vt 0.985371 0.699565
vt 0.979985 0.701008
vt 0.979985 0.671830
vt 0.840298 0.782839
vt 0.862212 0.776967
vt 0.862212 0.813239
vt 0.840298 0.807367
vt 0.683774 0.955839
vt 0.689159 0.954396
vt 0.689159 0.983575
vt 0.683774 0.982132
vt 0.663449 0.954396
vt 0.663449 0.983575
vt 0.655977 0.981572
vt 0.655977 0.956399
vt 0.981024 0.583703
vt 0.986410 0.582260
vt 0.986410 0.611438
vt 0.981024 0.609995
vt 0.677348 0.983575
vt 0.669875 0.981572
vt 0.669875 0.956399
vt 0.677348 0.954396
vt 0.984923 0.392355
vt 0.977451 0.390353
vt 0.977451 0.365179
vt 0.984923 0.363177
vt 0.627243 0.687166
vt 0.632629 0.685723
vt 0.632629 0.714901
vt 0.627243 0.713458
vt 0.366832 0.957796
vt 0.366832 0.986975
vt 0.359359 0.984972
vt 0.359359 0.959799
vt 0.401787 0.893777
vt 0.434296 0.893777
vt 0.434296 0.912436
vt 0.401787 0.912436
vt 0.909421 0.538466
vt 0.928079 0.538466
vt 0.928079 0.570975
vt 0.909421 0.570975
vt 0.946546 0.018018
vt 0.946546 0.003213
vt 0.949307 0.003213
vt 0.949307 0.018018
vt 0.776544 0.819665
vt 0.803901 0.819665
vt 0.803901 0.847021
vt 0.770878 0.833343
vt 0.980053 0.097821
vt 0.980053 0.071528
vt 0.985438 0.070085
vt 0.985438 0.099264
vt 0.996787 0.698341
vt 0.991796 0.699678
vt 0.991796 0.671830
vt 0.996787 0.673167
vt 0.508483 0.844378
vt 0.530398 0.838506
vt 0.530398 0.874778
vt 0.508483 0.868906
vt 0.432638 0.969348
vt 0.437628 0.968011
vt 0.437628 0.995860
vt 0.432638 0.994522
vt 0.981514 0.461735
vt 0.974042 0.459733
vt 0.974042 0.434559
vt 0.981514 0.432557
vt 0.185484 0.828566
vt 0.190474 0.827229
vt 0.190474 0.855077
vt 0.185484 0.853740
vt 0.430592 0.309545
vt 0.435977 0.308102
vt 0.435977 0.337280
vt 0.430592 0.335837
vt 0.113604 0.610699
vt 0.146971 0.610699
vt 0.146971 0.668493
vt 0.096920 0.639596
vt 0.988287 0.541329
vt 0.982744 0.539844
vt 0.982744 0.514966
vt 0.988287 0.513481
vt 0.083497 0.793521
vt 0.088883 0.792078
vt 0.088883 0.821256
vt 0.083497 0.819813
vt 0.773198 0.984190
vt 0.765726 0.982188
vt 0.765726 0.957014
vt 0.773198 0.955012
vt 0.949055 0.544354
vt 0.946293 0.544354
vt 0.946293 0.529549
vt 0.949055 0.529549
vt 0.894358 0.426131
vt 0.860991 0.426131
vt 0.860991 0.405098
vt 0.894358 0.405098
vt 0.626887 0.959074
vt 0.626887 0.986922
vt 0.619524 0.986922
vt 0.619524 0.959074
vt 0.048625 0.897091
vt 0.048625 0.876058
vt 0.081992 0.876058
vt 0.081992 0.897091
vt 0.958495 0.003213
vt 0.958495 0.018018
vt 0.955733 0.018018
vt 0.955733 0.003213
vt 0.242739 0.986199
vt 0.242739 0.958351
vt 0.250102 0.958351
vt 0.250102 0.986199
vt 0.825392 0.676994
vt 0.825392 0.663286
vt 0.832557 0.663286
vt 0.832557 0.676994
vt 0.409150 0.985645
vt 0.401787 0.985645
vt 0.401787 0.957796
vt 0.409150 0.957796
vt 0.805376 0.676994
vt 0.777528 0.676994
vt 0.777528 0.669631
vt 0.805376 0.669631
vt 0.965526 0.767955
vt 0.965526 0.753149
vt 0.968288 0.753149
vt 0.968288 0.767955
vt 0.988287 0.479207
vt 0.988287 0.507055
vt 0.982744 0.505570
vt 0.982744 0.480692
vt 0.980053 0.032593
vt 0.985438 0.031150
vt 0.985438 0.060329
vt 0.980053 0.058886
vt 0.627512 0.801014
vt 0.632897 0.799571
vt 0.632897 0.828749
vt 0.627512 0.827306
vt 0.706106 0.616164
vt 0.706106 0.631601
vt 0.692737 0.623882
vt 0.697193 0.616164
vt 0.794759 0.949361
vt 0.800145 0.947918
vt 0.800145 0.977096
vt 0.794759 0.975653
vt 0.480142 0.868906
vt 0.480142 0.844378
vt 0.502057 0.838506
vt 0.502057 0.874778
vt 0.988018 0.884238
vt 0.982475 0.882752
vt 0.982475 0.857874
vt 0.988018 0.856389
vt 0.640013 0.954396
vt 0.647485 0.956399
vt 0.647485 0.981573
vt 0.640013 0.983575
vt 0.740480 0.841390
vt 0.762395 0.835518
vt 0.762395 0.871790
vt 0.740480 0.865918
vt 0.484530 0.959074
vt 0.491893 0.959074
vt 0.491893 0.986922
vt 0.484530 0.986922
vt 0.793109 0.272770
vt 0.793109 0.265605
vt 0.806816 0.265605
vt 0.806816 0.272770
vt 0.235653 0.601078
vt 0.228488 0.601078
vt 0.228488 0.587370
vt 0.235653 0.587370
vt 0.832695 0.042474
vt 0.832695 0.056182
vt 0.825531 0.056182
vt 0.825531 0.042474
vt 0.919739 0.432557
vt 0.919739 0.465066
vt 0.901081 0.465066
vt 0.901081 0.432557
vt 0.918816 0.226651
vt 0.900158 0.226651
vt 0.900158 0.194142
vt 0.918816 0.194142
vt 0.712568 0.880564
vt 0.745077 0.880564
vt 0.745077 0.899222
vt 0.712568 0.899222
vt 0.133568 0.986353
vt 0.128025 0.984868
vt 0.128025 0.959990
vt 0.133568 0.958505
vt 0.565164 0.868906
vt 0.565164 0.844378
vt 0.587079 0.838506
vt 0.587079 0.874778
vt 0.982009 0.107900
vt 0.987551 0.109385
vt 0.987551 0.134263
vt 0.982009 0.135748
vt 0.632140 0.155419
vt 0.674864 0.155419
vt 0.674864 0.229419
vt 0.610778 0.192419
vt 0.229082 0.829925
vt 0.234468 0.828482
vt 0.234468 0.857660
vt 0.229082 0.856217
vt 0.751084 0.970446
vt 0.751084 0.941268
vt 0.758556 0.943270
vt 0.758556 0.968444
vt 0.521014 0.540048
vt 0.526005 0.538711
vt 0.526005 0.566560
vt 0.521014 0.565222
vt 0.430596 0.058695
vt 0.430596 0.049482
vt 0.615694 0.049482
vt 0.615694 0.058695
vt 0.265346 0.951925
vt 0.257255 0.951925
vt 0.257255 0.915653
vt 0.265346 0.915653
vt 0.728207 0.337394
vt 0.728207 0.328805
vt 0.757385 0.328805
vt 0.757385 0.337394
vt 0.837816 0.525442
vt 0.828903 0.525442
vt 0.828903 0.516863
vt 0.837816 0.516863
vt 0.852587 0.663938
vt 0.852587 0.672516
vt 0.843674 0.672516
vt 0.843674 0.663938
vt 0.836894 0.274510
vt 0.827981 0.274510
vt 0.827981 0.265932
vt 0.836894 0.265932
vt 0.755725 0.611310
vt 0.755725 0.602721
vt 0.784903 0.602721
vt 0.784903 0.611310
vt 0.242739 0.951925
vt 0.242739 0.915653
vt 0.250829 0.915653
vt 0.250829 0.951925
vt 0.927036 0.078406
vt 0.935625 0.078406
vt 0.935625 0.107585
vt 0.927036 0.107585
vt 0.791329 0.602721
vt 0.799908 0.602721
vt 0.799908 0.611633
vt 0.791329 0.611633
vt 0.704083 0.954396
vt 0.704083 0.983575
vt 0.696611 0.981572
vt 0.696611 0.956398
vt 0.346526 0.960396
vt 0.352068 0.961881
vt 0.352068 0.986759
vt 0.346526 0.988244
vt 0.395201 0.979647
vt 0.390210 0.980984
vt 0.390210 0.953136
vt 0.395201 0.954473
vt 0.140175 0.959755
vt 0.145717 0.961240
vt 0.145717 0.986118
vt 0.140175 0.987603
vt 0.581161 0.982722
vt 0.581161 0.953544
vt 0.588633 0.955546
vt 0.588633 0.980720
vt 0.988046 0.776967
vt 0.988046 0.804815
vt 0.982503 0.803330
vt 0.982503 0.778452
vt 0.991349 0.364514
vt 0.996340 0.363177
vt 0.996340 0.391025
vt 0.991349 0.389688
vt 0.526005 0.599496
vt 0.521014 0.600834
vt 0.521014 0.572985
vt 0.526005 0.574323
vt 0.866761 0.987001
vt 0.866761 0.961827
vt 0.871751 0.960490
vt 0.871751 0.988338
vt 0.331827 0.983122
vt 0.331827 0.953944
vt 0.339300 0.955947
vt 0.339300 0.981120
vt 0.565733 0.629009
vt 0.590786 0.629009
vt 0.590786 0.632452
vt 0.565733 0.632452
vt 0.899212 0.864710
vt 0.899212 0.898077
vt 0.878179 0.898077
vt 0.878179 0.864710
vt 0.526229 0.881204
vt 0.558738 0.881204
vt 0.558738 0.899862
vt 0.526229 0.899862
vt 0.777798 0.202641
vt 0.777798 0.199198
vt 0.802851 0.199198
vt 0.802851 0.202641
vt 0.923061 0.776967
vt 0.923061 0.809476
vt 0.904403 0.809476
vt 0.904403 0.776967
vt 0.837107 0.330026
vt 0.870474 0.330026
vt 0.870474 0.351059
vt 0.837107 0.351059
vt 0.791506 0.216231
vt 0.777798 0.216231
vt 0.777798 0.209066
vt 0.791506 0.209066
vt 0.859300 0.365286
vt 0.881214 0.359414
vt 0.881214 0.395686
vt 0.859300 0.389814
vt 0.003213 0.367028
vt 0.003213 0.344912
vt 0.424173 0.343706
vt 0.424173 0.368233
vt 0.859832 0.070993
vt 0.881747 0.065121
vt 0.881747 0.101393
vt 0.859832 0.095521
vt 0.433874 0.824093
vt 0.438865 0.822755
vt 0.438865 0.850604
vt 0.433874 0.849266
vt 0.593505 0.844378
vt 0.615419 0.838506
vt 0.615419 0.874778
vt 0.593505 0.868906
vt 0.820454 0.969894
vt 0.825445 0.968557
vt 0.825445 0.996405
vt 0.820454 0.995068
vt 0.467510 0.844378
vt 0.467510 0.868906
vt 0.445595 0.874778
vt 0.445595 0.838506
vt 0.988046 0.811241
vt 0.988046 0.839089
vt 0.982503 0.837604
vt 0.982503 0.812726
vt 0.390210 0.920199
vt 0.395201 0.918862
vt 0.395201 0.946710
vt 0.390210 0.945372
vt 0.096920 0.870875
vt 0.096920 0.846347
vt 0.118835 0.840475
vt 0.118835 0.876747
vt 0.277496 0.958377
vt 0.271772 0.937015
vt 0.277496 0.915653
vt 0.145717 0.953329
vt 0.139994 0.931967
vt 0.145717 0.910605
vt 0.145860 0.748919
vt 0.130222 0.733281
vt 0.145860 0.674919
vt 0.703795 0.609738
vt 0.692737 0.590585
vt 0.703795 0.549317
vt 0.352068 0.953970
vt 0.346344 0.932608
vt 0.352068 0.911246
vt 0.438362 0.961585
vt 0.432638 0.940223
vt 0.438362 0.918861
vt 0.964340 0.521931
vt 0.958616 0.500569
vt 0.964340 0.479207
vt 0.780861 0.984190
vt 0.780861 0.955011
vt 0.788333 0.957014
vt 0.788333 0.982188
vt 0.424168 0.243213
vt 0.003213 0.244419
vt 0.003213 0.219891
vt 0.424168 0.221097
vt 0.424170 0.057489
vt 0.003213 0.058695
vt 0.003213 0.034167
vt 0.424170 0.035374
vt 0.003213 0.004420
vt 0.424172 0.003213
vt 0.424172 0.027741
vt 0.003213 0.026535
vt 0.424168 0.212259
vt 0.003213 0.213465
vt 0.003213 0.188937
vt 0.424168 0.190143
vt 0.424170 0.119397
vt 0.003213 0.120603
vt 0.003213 0.096075
vt 0.424170 0.097282
vt 0.003213 0.252050
vt 0.424166 0.250845
vt 0.424166 0.275373
vt 0.003213 0.274166
vt 0.003213 0.159190
vt 0.424168 0.157983
vt 0.424168 0.182511
vt 0.003213 0.181305
vt 0.003213 0.313957
vt 0.424166 0.312752
vt 0.424166 0.337280
vt 0.003213 0.336073
vt 0.424170 0.088443
vt 0.003213 0.089649
vt 0.003213 0.065121
vt 0.424170 0.066328
vt 0.003213 0.128236
vt 0.424168 0.127029
vt 0.424168 0.151557
vt 0.003213 0.150351
vt 0.796341 0.122914
vt 0.779657 0.094018
vt 0.796341 0.065121
vt 0.800403 0.596259
vt 0.783720 0.567363
vt 0.800403 0.538466
vt 0.323713 0.986995
vt 0.318170 0.985510
vt 0.318170 0.960632
vt 0.323713 0.959146
vt 0.890063 0.910072
vt 0.890063 0.932301
vt 0.878179 0.937870
vt 0.878179 0.904503
vt 0.895459 0.680151
vt 0.895459 0.713518
vt 0.874426 0.713518
vt 0.874426 0.680151
vt 0.350679 0.886162
vt 0.350679 0.904821
vt 0.318170 0.904821
vt 0.318170 0.886162
vt 0.790658 0.049511
vt 0.790658 0.042148
vt 0.818506 0.042148
vt 0.818506 0.049511
vt 0.526229 0.934086
vt 0.526229 0.911857
vt 0.538114 0.906288
vt 0.538114 0.939655
vt 0.101073 0.883173
vt 0.101073 0.896881
vt 0.096920 0.894483
vt 0.096920 0.885571
vt 0.925242 0.246967
vt 0.937127 0.241398
vt 0.937127 0.274765
vt 0.925242 0.269196
vt 0.556424 0.934086
vt 0.544540 0.939655
vt 0.544540 0.906288
vt 0.556424 0.911857
vt 0.088422 0.831013
vt 0.088422 0.864380
vt 0.076537 0.858811
vt 0.076537 0.836582
vt 0.802767 0.123446
vt 0.810146 0.119185
vt 0.810146 0.141414
vt 0.802767 0.137154
vt 0.973402 0.184949
vt 0.973402 0.155771
vt 0.981991 0.155771
vt 0.981991 0.184949
vt 0.806649 0.986525
vt 0.806649 0.972817
vt 0.814029 0.968557
vt 0.814029 0.990786
vt 0.916200 0.005611
vt 0.920353 0.003213
vt 0.920353 0.016921
vt 0.916200 0.014523
vt 0.950584 0.593976
vt 0.957964 0.589715
vt 0.957964 0.611944
vt 0.950584 0.607684
vt 0.884279 0.330026
vt 0.884279 0.352255
vt 0.876899 0.347995
vt 0.876899 0.334287
vt 0.818967 0.676994
vt 0.811802 0.676994
vt 0.811802 0.663286
vt 0.818967 0.663286
vt 0.984831 0.416749
vt 0.977451 0.421010
vt 0.977451 0.398781
vt 0.984831 0.403041
vt 0.915338 0.852174
vt 0.896680 0.852174
vt 0.896680 0.819665
vt 0.915338 0.819665
vt 0.478104 0.881204
vt 0.478104 0.899862
vt 0.445595 0.899862
vt 0.445595 0.881204
vt 0.135133 0.829296
vt 0.135133 0.820383
vt 0.143712 0.820383
vt 0.143712 0.829296
vt 0.930932 0.003213
vt 0.930932 0.016921
vt 0.926779 0.014523
vt 0.926779 0.005611
vt 0.939674 0.186321
vt 0.939674 0.164092
vt 0.947053 0.168353
vt 0.947053 0.182061
vt 0.908822 0.660225
vt 0.912975 0.657827
vt 0.912975 0.671535
vt 0.908822 0.669137
vt 0.844242 0.519261
vt 0.848395 0.516863
vt 0.848395 0.530571
vt 0.844242 0.528174
vt 0.981386 0.314159
vt 0.972797 0.314159
vt 0.972797 0.284981
vt 0.981386 0.284981
vt 0.902396 0.673264
vt 0.897940 0.665546
vt 0.902396 0.657827
vt 0.987607 0.970428
vt 0.982065 0.968943
vt 0.982065 0.944065
vt 0.987607 0.942580
vt 0.843577 0.057911
vt 0.839121 0.050193
vt 0.843577 0.042474
vt 0.852232 0.274510
vt 0.843319 0.274510
vt 0.843319 0.265932
vt 0.852232 0.265932
vt 0.973119 0.194142
vt 0.981708 0.194142
vt 0.981708 0.223320
vt 0.973119 0.223320
vt 0.712568 0.538466
vt 0.721511 0.538466
vt 0.721511 0.723565
vt 0.712568 0.723565
vt 0.972797 0.323916
vt 0.981386 0.323916
vt 0.981386 0.353094
vt 0.972797 0.353094
vt 0.630694 0.639615
vt 0.630694 0.648558
vt 0.445595 0.648558
vt 0.445595 0.639615
vt 0.031659 0.792078
vt 0.031659 0.824587
vt 0.003213 0.812804
vt 0.003213 0.803861
vt 0.943714 0.242283
vt 0.951805 0.242283
vt 0.951805 0.278555
vt 0.943714 0.278555
vt 0.077290 0.994134
vt 0.077290 0.969080
vt 0.080733 0.969080
vt 0.080733 0.994134
vt 0.153397 0.927063
vt 0.162396 0.923335
vt 0.162396 0.955844
vt 0.153397 0.952116
vt 0.326942 0.665518
vt 0.351996 0.665518
vt 0.351996 0.668960
vt 0.326942 0.668960
vt 0.387806 0.783820
vt 0.387806 0.816329
vt 0.359359 0.804547
vt 0.359359 0.795603
vt 0.622757 0.881204
vt 0.622757 0.913713
vt 0.604099 0.913713
vt 0.604099 0.881204
vt 0.503189 0.881204
vt 0.503189 0.913713
vt 0.484530 0.913713
vt 0.484530 0.881204
vt 0.615697 0.018582
vt 0.615697 0.027525
vt 0.430598 0.027525
vt 0.430598 0.018582
vt 0.003213 0.897091
vt 0.003213 0.876058
vt 0.036580 0.876058
vt 0.036580 0.897091
vt 0.275248 0.890569
vt 0.275248 0.909227
vt 0.242739 0.909227
vt 0.242739 0.890569
vt 0.839244 0.925283
vt 0.848243 0.921555
vt 0.848243 0.954064
vt 0.839244 0.950337
vt 0.427837 0.677371
vt 0.427837 0.686314
vt 0.242739 0.686314
vt 0.242739 0.677371
vt 0.236202 0.892796
vt 0.232760 0.892796
vt 0.232760 0.867743
vt 0.236202 0.867743
vt 0.630694 0.654984
vt 0.630694 0.663928
vt 0.445595 0.663927
vt 0.445595 0.654984
vt 0.819105 0.023939
vt 0.790658 0.035722
vt 0.790658 0.003213
vt 0.819105 0.014996
vt 0.391447 0.822755
vt 0.394889 0.822755
vt 0.394889 0.847809
vt 0.391447 0.847809
vt 0.743695 0.930702
vt 0.740252 0.930702
vt 0.740252 0.905648
vt 0.743695 0.905648
vt 0.473280 0.906288
vt 0.476722 0.906288
vt 0.476722 0.931342
vt 0.473280 0.931342
vt 0.834950 0.577401
vt 0.834950 0.609910
vt 0.806829 0.598262
vt 0.806829 0.589049
vt 0.966371 0.313762
vt 0.957372 0.317490
vt 0.957372 0.284981
vt 0.966371 0.288709
vt 0.799325 0.801456
vt 0.770878 0.813239
vt 0.770878 0.780730
vt 0.799325 0.792513
vt 0.957281 0.776967
vt 0.957281 0.809476
vt 0.948281 0.805748
vt 0.948281 0.780695
vt 0.954830 0.070085
vt 0.954830 0.102595
vt 0.945831 0.098867
vt 0.945831 0.073813
vt 0.967231 0.242283
vt 0.967231 0.274792
vt 0.958231 0.271064
vt 0.958231 0.246011
vt 0.793109 0.238453
vt 0.821555 0.226670
vt 0.821555 0.259180
vt 0.793109 0.247397
vt 0.225441 0.789547
vt 0.225441 0.822056
vt 0.196995 0.810273
vt 0.196995 0.801330
vt 0.095147 0.994134
vt 0.095147 0.969080
vt 0.098589 0.969080
vt 0.098589 0.994134
vt 0.003213 0.969080
vt 0.006655 0.969080
vt 0.006655 0.994134
vt 0.003213 0.994134
vt 0.295463 0.668960
vt 0.295463 0.665518
vt 0.320516 0.665518
vt 0.320516 0.668960
vt 0.891291 0.729991
vt 0.909949 0.729991
vt 0.909949 0.762500
vt 0.891291 0.762500
vt 0.944997 0.411077
vt 0.947759 0.411077
vt 0.947759 0.425882
vt 0.944997 0.425882
vt 0.434263 0.686314
vt 0.434263 0.661260
vt 0.437706 0.661260
vt 0.437706 0.686314
vt 0.070864 0.969080
vt 0.070864 0.994134
vt 0.067422 0.994134
vt 0.067422 0.969080
vt 0.373227 0.668280
vt 0.358421 0.668280
vt 0.358421 0.665518
vt 0.373227 0.665518
vt 0.286468 0.785080
vt 0.314915 0.773298
vt 0.314915 0.805807
vt 0.286468 0.794024
vt 0.604099 0.948920
vt 0.604099 0.923867
vt 0.613099 0.920139
vt 0.613099 0.952648
vt 0.994082 0.183128
vt 0.988416 0.169449
vt 0.994082 0.155771
vt 0.990472 0.575834
vt 0.984806 0.562156
vt 0.990472 0.548477
vt 0.989988 0.749026
vt 0.984322 0.735348
vt 0.989988 0.721670
vt 0.159062 0.989626
vt 0.153397 0.975948
vt 0.159062 0.962270
vt 0.516667 0.973387
vt 0.516667 0.988193
vt 0.513905 0.988193
vt 0.513905 0.973387
vt 0.454783 0.971851
vt 0.457545 0.971851
vt 0.457545 0.986656
vt 0.454783 0.986656
vt 0.426212 0.985645
vt 0.418849 0.985645
vt 0.418849 0.957796
vt 0.426212 0.957796
vt 0.466733 0.986656
vt 0.463971 0.986656
vt 0.463971 0.971851
vt 0.466733 0.971851
vt 0.199757 0.987327
vt 0.196995 0.987327
vt 0.196995 0.972522
vt 0.199757 0.972522
vt 0.559071 0.632702
vt 0.544266 0.632702
vt 0.544266 0.629940
vt 0.559071 0.629940
vt 0.696929 0.155419
vt 0.706142 0.155419
vt 0.706142 0.340517
vt 0.696929 0.340517
vt 0.003213 0.283005
vt 0.424166 0.281798
vt 0.424166 0.306326
vt 0.003213 0.305121
vt 0.915017 0.410684
vt 0.915017 0.424391
vt 0.910864 0.421994
vt 0.910864 0.413081
vt 0.453577 0.487014
vt 0.444364 0.487014
vt 0.444364 0.301916
vt 0.453577 0.301916
vt 0.401787 0.922589
vt 0.410786 0.918861
vt 0.410786 0.951370
vt 0.401787 0.947643
vt 0.704783 0.748837
vt 0.686125 0.748837
vt 0.686125 0.716328
vt 0.704783 0.716328
vt 0.757385 0.523451
vt 0.757385 0.532040
vt 0.728207 0.532040
vt 0.728207 0.523451
vt 0.948281 0.819630
vt 0.957281 0.815902
vt 0.957281 0.848411
vt 0.948281 0.844683
vt 0.920543 0.712660
vt 0.901885 0.712660
vt 0.901885 0.680151
vt 0.920543 0.680151
vt 0.460003 0.301916
vt 0.469216 0.301916
vt 0.469216 0.487014
vt 0.460003 0.487014
vt 0.806649 0.923196
vt 0.806649 0.890687
vt 0.825307 0.890687
vt 0.825307 0.923196
vt 0.811967 0.697909
vt 0.840088 0.686261
vt 0.840088 0.718770
vt 0.811967 0.707122
vt 0.916598 0.618892
vt 0.916598 0.651401
vt 0.897940 0.651401
vt 0.897940 0.618892
vt 0.712568 0.346943
vt 0.721781 0.346943
vt 0.721781 0.532040
vt 0.712568 0.532040
vt 0.321341 0.794024
vt 0.321341 0.785080
vt 0.349787 0.773298
vt 0.349787 0.805807
vt 0.391868 0.893777
vt 0.391868 0.912436
vt 0.359359 0.912436
vt 0.359359 0.893777
vt 0.957253 0.860117
vt 0.957253 0.885171
vt 0.948253 0.888898
vt 0.948253 0.856389
vt 0.401787 0.804547
vt 0.401787 0.795603
vt 0.430233 0.783820
vt 0.430233 0.816329
vt 0.681290 0.155419
vt 0.690503 0.155419
vt 0.690503 0.340517
vt 0.681290 0.340517
vt 0.721781 0.340517
vt 0.712568 0.340517
vt 0.712568 0.155419
vt 0.721781 0.155419
vt 0.314589 0.812233
vt 0.314589 0.844742
vt 0.286468 0.833094
vt 0.286468 0.823881
vt 0.597673 0.899862
vt 0.565164 0.899862
vt 0.565164 0.881204
vt 0.597673 0.881204
vt 0.950584 0.554508
vt 0.959584 0.550780
vt 0.959584 0.583289
vt 0.950584 0.579562
vt 0.750883 0.821637
vt 0.747440 0.821637
vt 0.747440 0.796583
vt 0.750883 0.796583
vt 0.047685 0.969080
vt 0.051127 0.969080
vt 0.051127 0.994134
vt 0.047685 0.994134
vt 0.295468 0.930296
vt 0.295468 0.962805
vt 0.286468 0.959078
vt 0.286468 0.934024
vt 0.815649 0.929622
vt 0.815649 0.962131
vt 0.806649 0.958403
vt 0.806649 0.933349
vt 0.954605 0.149345
vt 0.954605 0.116836
vt 0.963604 0.120564
vt 0.963604 0.145617
vt 0.854669 0.925283
vt 0.863669 0.921555
vt 0.863669 0.954064
vt 0.854669 0.950337
vt 0.805751 0.792378
vt 0.833872 0.780730
vt 0.833872 0.813239
vt 0.805751 0.801591
vt 0.484530 0.923867
vt 0.493530 0.920139
vt 0.493530 0.952648
vt 0.484530 0.948920
vt 0.945831 0.034878
vt 0.954830 0.031150
vt 0.954830 0.063660
vt 0.945831 0.059932
vt 0.924296 0.864710
vt 0.924296 0.897219
vt 0.905638 0.897219
vt 0.905638 0.864710
vt 0.905638 0.969208
vt 0.909080 0.969208
vt 0.909080 0.994262
vt 0.905638 0.994262
vt 0.269092 0.881795
vt 0.269092 0.845523
vt 0.277183 0.845523
vt 0.277183 0.881795
vt 0.597212 0.629009
vt 0.622266 0.629009
vt 0.622266 0.632452
vt 0.597212 0.632452
vt 0.499956 0.920139
vt 0.502718 0.920139
vt 0.502718 0.934944
vt 0.499956 0.934944
vt 0.063618 0.690854
vt 0.063618 0.687412
vt 0.088672 0.687412
vt 0.088672 0.690854
vt 0.991864 0.066754
vt 0.995306 0.066754
vt 0.995306 0.091808
vt 0.991864 0.091808
vt 0.976870 0.018018
vt 0.974109 0.018018
vt 0.974109 0.003213
vt 0.976870 0.003213
vt 0.674885 0.803182
vt 0.703332 0.791399
vt 0.703332 0.823908
vt 0.674885 0.812125
vt 0.562850 0.911857
vt 0.574735 0.906288
vt 0.574735 0.939655
vt 0.562850 0.934086
vt 0.966371 0.327643
vt 0.966371 0.352697
vt 0.957372 0.356425
vt 0.957372 0.323916
vt 0.993800 0.221498
vt 0.988134 0.207820
vt 0.993800 0.194142
vt 0.993605 0.459913
vt 0.987940 0.446235
vt 0.993605 0.432557
vt 0.989819 0.646249
vt 0.984154 0.632570
vt 0.989819 0.618892
vt 0.860335 0.987847
vt 0.854669 0.974168
vt 0.860335 0.960490
vt 0.973657 0.242283
vt 0.982246 0.242283
vt 0.982246 0.271461
vt 0.973657 0.271461
vt 0.734127 0.971211
vt 0.734127 0.986016
vt 0.731365 0.986016
vt 0.731365 0.971211
vt 0.664817 0.050604
vt 0.701089 0.050604
vt 0.701089 0.058695
vt 0.664817 0.058695
vt 0.504296 0.988193
vt 0.504296 0.973387
vt 0.507058 0.973387
vt 0.507058 0.988193
vt 0.740553 0.971211
vt 0.743314 0.971211
vt 0.743314 0.986016
vt 0.740553 0.986016
vt 0.937358 0.018018
vt 0.937358 0.003213
vt 0.940120 0.003213
vt 0.940120 0.018018
vt 0.013081 0.994134
vt 0.013081 0.969080
vt 0.016524 0.969080
vt 0.016524 0.994134
vt 0.622120 0.050604
vt 0.658392 0.050604
vt 0.658392 0.058695
vt 0.622120 0.058695
vt 0.800145 0.940049
vt 0.794759 0.941492
vt 0.794759 0.912314
vt 0.800145 0.913757
vt 0.242739 0.827449
vt 0.242739 0.818236
vt 0.270859 0.806588
vt 0.270859 0.839097
vt 0.900158 0.265586
vt 0.900158 0.233077
vt 0.918816 0.233077
vt 0.918816 0.265586
vt 0.153397 0.800077
vt 0.181843 0.788294
vt 0.181843 0.820803
vt 0.153397 0.809020
vt 0.871753 0.915129
vt 0.839244 0.915129
vt 0.839244 0.896471
vt 0.871753 0.896471
vt 0.834950 0.538466
vt 0.834950 0.570975
vt 0.806829 0.559327
vt 0.806829 0.550114
vt 0.905152 0.284981
vt 0.923810 0.284981
vt 0.923810 0.317490
vt 0.905152 0.317490
vt 0.558418 0.811219
vt 0.586539 0.799571
vt 0.586539 0.832080
vt 0.558418 0.820432
vt 0.048625 0.812804
vt 0.048625 0.803861
vt 0.077071 0.792078
vt 0.077071 0.824587
vt 0.802234 0.335699
vt 0.830681 0.323916
vt 0.830681 0.356425
vt 0.802234 0.344642
vt 0.185906 0.916909
vt 0.153397 0.916909
vt 0.153397 0.898251
vt 0.185906 0.898251
vt 0.950100 0.750451
vt 0.950100 0.725398
vt 0.959100 0.721670
vt 0.959100 0.754179
vt 0.057553 0.994134
vt 0.057553 0.969080
vt 0.060996 0.969080
vt 0.060996 0.994134
vt 0.967616 0.461338
vt 0.958616 0.465066
vt 0.958616 0.432557
vt 0.967616 0.436285
vt 0.112679 0.885521
vt 0.145189 0.885521
vt 0.145189 0.904179
vt 0.112679 0.904179
vt 0.383784 0.918862
vt 0.383784 0.951371
vt 0.374785 0.947643
vt 0.374785 0.922589
vt 0.918948 0.994262
vt 0.915506 0.994262
vt 0.915506 0.969208
vt 0.918948 0.969208
vt 0.445595 0.811219
vt 0.473716 0.799571
vt 0.473716 0.832080
vt 0.445595 0.820432
vt 0.965749 0.647673
vt 0.956750 0.651401
vt 0.956750 0.618892
vt 0.965749 0.622620
vt 0.837518 0.148459
vt 0.837518 0.180968
vt 0.809398 0.169320
vt 0.809398 0.160107
vt 0.489325 0.820432
vt 0.489325 0.811219
vt 0.517446 0.799571
vt 0.517446 0.832080
vt 0.822075 0.933349
vt 0.831074 0.929622
vt 0.831074 0.962131
vt 0.822075 0.958403
vt 0.359359 0.922589
vt 0.368359 0.918862
vt 0.368359 0.951371
vt 0.359359 0.947643
vt 0.038085 0.817131
vt 0.038085 0.792078
vt 0.041528 0.792078
vt 0.041528 0.817131
vt 0.187690 0.971206
vt 0.187690 0.996260
vt 0.184248 0.996260
vt 0.184248 0.971206
vt 0.629183 0.881204
vt 0.632626 0.881204
vt 0.632626 0.906258
vt 0.629183 0.906258
vt 0.850003 0.055149
vt 0.864808 0.055149
vt 0.864808 0.057911
vt 0.850003 0.057911
vt 0.765726 0.887230
vt 0.798235 0.887230
vt 0.798235 0.905888
vt 0.765726 0.905888
vt 0.719333 0.145073
vt 0.719333 0.141630
vt 0.744386 0.141630
vt 0.744386 0.145073
vt 0.445595 0.986656
vt 0.445595 0.971851
vt 0.448357 0.971851
vt 0.448357 0.986656
vt 0.948253 0.932427
vt 0.948253 0.907373
vt 0.957253 0.903645
vt 0.957253 0.936154
vt 0.668459 0.803182
vt 0.668459 0.812125
vt 0.640013 0.823908
vt 0.640013 0.791399
vt 0.945763 0.700611
vt 0.945763 0.675558
vt 0.954763 0.671830
vt 0.954763 0.704339
vt 0.993478 0.351272
vt 0.987812 0.337594
vt 0.993478 0.323916
vt 0.621845 0.848975
vt 0.632314 0.838506
vt 0.632314 0.874249
vt 0.331809 0.847975
vt 0.321341 0.822701
vt 0.346615 0.812233
vt 0.346615 0.847975
vt 0.277438 0.992159
vt 0.271772 0.978481
vt 0.277438 0.964803
vt 0.993478 0.312337
vt 0.987812 0.298659
vt 0.993478 0.284981
vt 0.986058 0.003213
vt 0.986058 0.018018
vt 0.983296 0.018018
vt 0.983296 0.003213
vt 0.773817 0.912314
vt 0.773817 0.948586
vt 0.765726 0.948586
vt 0.765726 0.912314
vt 0.206183 0.972522
vt 0.208944 0.972522
vt 0.208944 0.987327
vt 0.206183 0.987327
vt 0.958243 0.544354
vt 0.955481 0.544354
vt 0.955481 0.529549
vt 0.958243 0.529549
vt 0.112548 0.986353
vt 0.112548 0.958505
vt 0.119911 0.958505
vt 0.119911 0.986353
vt 0.537840 0.629940
vt 0.537840 0.632702
vt 0.523035 0.632702
vt 0.523035 0.629940
vt 0.964669 0.544354
vt 0.964669 0.529549
vt 0.967431 0.529549
vt 0.967431 0.544354
vt 0.975639 0.971758
vt 0.967050 0.971758
vt 0.967050 0.942580
vt 0.975639 0.942580
vt 0.802478 0.741639
vt 0.830599 0.729991
vt 0.830599 0.762500
vt 0.802478 0.750852
vt 0.685059 0.141630
vt 0.712907 0.141630
vt 0.712907 0.148993
vt 0.685059 0.148993
vt 0.802234 0.296764
vt 0.830681 0.284981
vt 0.830681 0.317490
vt 0.802234 0.305707
vt 0.665908 0.350658
vt 0.665908 0.314386
vt 0.673999 0.314386
vt 0.673999 0.350658
vt 0.619524 0.923867
vt 0.628524 0.920139
vt 0.628524 0.952648
vt 0.619524 0.948920
vt 0.901952 0.031150
vt 0.920610 0.031150
vt 0.920610 0.063660
vt 0.901952 0.063660
vt 0.809398 0.199042
vt 0.837518 0.187394
vt 0.837518 0.219903
vt 0.809398 0.208255
vt 0.611462 0.986922
vt 0.604099 0.986922
vt 0.604099 0.959074
vt 0.611462 0.959074
vt 0.592965 0.820432
vt 0.592965 0.811219
vt 0.621086 0.799571
vt 0.621086 0.832080
vt 0.096920 0.813188
vt 0.125041 0.801540
vt 0.125041 0.834049
vt 0.096920 0.822401
vt 0.905152 0.356425
vt 0.905152 0.323916
vt 0.923810 0.323916
vt 0.923810 0.356425
vt 0.906299 0.395686
vt 0.887640 0.395686
vt 0.887640 0.363177
vt 0.906299 0.363177
vt 0.712568 0.808366
vt 0.741015 0.796583
vt 0.741015 0.829093
vt 0.712568 0.817310
vt 0.995306 0.031150
vt 0.995306 0.056204
vt 0.991864 0.056204
vt 0.991864 0.031150
vt 0.809128 0.630540
vt 0.837249 0.618892
vt 0.837249 0.651401
vt 0.809128 0.639753
vt 0.305336 0.969231
vt 0.305336 0.994285
vt 0.301894 0.994285
vt 0.301894 0.969231
vt 0.426212 0.922589
vt 0.426212 0.947643
vt 0.417212 0.951370
vt 0.417212 0.918861
vt 0.957694 0.222923
vt 0.957694 0.197869
vt 0.966693 0.194142
vt 0.966693 0.226651
vt 0.205995 0.962368
vt 0.196995 0.966096
vt 0.196995 0.933587
vt 0.205995 0.937315
vt 0.565733 0.307960
vt 0.565733 0.304517
vt 0.590786 0.304517
vt 0.590786 0.307960
vt 0.615697 0.003213
vt 0.615697 0.012156
vt 0.430598 0.012156
vt 0.430598 0.003213
vt 0.901952 0.070085
vt 0.920610 0.070085
vt 0.920610 0.102594
vt 0.901952 0.102594
vt 0.231867 0.789547
vt 0.235310 0.789547
vt 0.235310 0.814601
vt 0.231867 0.814601
vt 0.474001 0.986656
vt 0.474001 0.971851
vt 0.476763 0.971851
vt 0.476763 0.986656
vt 0.286468 0.994285
vt 0.286468 0.969231
vt 0.289911 0.969231
vt 0.289911 0.994285
vt 0.264618 0.986199
vt 0.257255 0.986199
vt 0.257255 0.958351
vt 0.264618 0.958351
vt 0.724186 0.971211
vt 0.724186 0.986016
vt 0.721425 0.986016
vt 0.721425 0.971211
vt 0.177822 0.923335
vt 0.177822 0.955844
vt 0.168822 0.952116
vt 0.168822 0.927063
vt 0.523872 0.811219
vt 0.551993 0.799571
vt 0.551993 0.832080
vt 0.523872 0.820432
vt 0.301894 0.934024
vt 0.310893 0.930296
vt 0.310893 0.962805
vt 0.301894 0.959078
vt 0.994337 0.269639
vt 0.988671 0.255961
vt 0.994337 0.242283
vt 0.844909 0.987847
vt 0.839244 0.974168
vt 0.844909 0.960490
vt 0.174488 0.989626
vt 0.168822 0.975948
vt 0.174488 0.962270
vt 0.031125 0.841482
vt 0.041594 0.831013
vt 0.041594 0.866756
vt 0.974714 0.753149
vt 0.977475 0.753149
vt 0.977475 0.767955
vt 0.974714 0.767955
vt 0.630694 0.670353
vt 0.630694 0.679297
vt 0.445595 0.679296
vt 0.445595 0.670353
vt 0.817283 0.768926
vt 0.817283 0.771688
vt 0.802478 0.771688
vt 0.802478 0.768926
vt 0.770878 0.880804
vt 0.770878 0.853447
vt 0.798235 0.853447
vt 0.798235 0.880804
vt 0.964921 0.003213
vt 0.967683 0.003213
vt 0.967683 0.018018
vt 0.964921 0.018018
vt 0.615697 0.033951
vt 0.615697 0.042894
vt 0.430598 0.042894
vt 0.430598 0.033951
vt 0.921443 0.425489
vt 0.921443 0.410684
vt 0.924205 0.410684
vt 0.924205 0.425489
vt 0.696929 0.346943
vt 0.706142 0.346943
vt 0.706142 0.532040
vt 0.696929 0.532040
vt 0.563823 0.946081
vt 0.572411 0.946081
vt 0.572411 0.975259
vt 0.563823 0.975259
vn 0.9659 -0.2588 0.0000
vn -0.1736 -0.6479 -0.7417
vn 0.2588 0.9659 -0.0000
vn 0.9659 0.2588 -0.0000
vn -0.9659 0.2588 -0.0000
vn -0.7071 0.7071 -0.0000
vn 0.7071 0.7071 -0.0000
vn 0.7031 0.7031 0.1060
vn -0.4743 -0.4743 -0.7417
vn 0.4743 -0.4743 -0.7417
vn 0.1736 0.6479 -0.7417
vn -0.6479 0.1736 -0.7417
vn -0.4743 0.4743 -0.7417
vn 0.6479 0.1736 -0.7417
vn 0.1736 -0.6479 -0.7417
vn -0.6479 -0.1736 -0.7417
vn 0.4743 0.4743 -0.7417
vn -0.1736 0.6479 -0.7417
vn 0.2587 0.9655 -0.0291
vn -0.7068 0.7068 -0.0291
vn 0.9655 0.2587 -0.0291
vn -0.9655 0.2587 -0.0291
vn -0.2587 -0.9655 -0.0291
vn 0.7068 0.7068 -0.0291
vn -0.7068 -0.7068 -0.0291
vn 0.9655 -0.2587 -0.0291
vn 0.2587 -0.9655 -0.0291
vn -0.2587 0.9655 -0.0291
vn -0.9655 -0.2587 -0.0291
vn -0.9659 -0.2588 0.0000
vn -0.0000 0.0000 1.0000
vn -0.2588 0.9659 -0.0000
vn -0.7071 -0.7071 0.0000
vn -0.2588 -0.9659 0.0000
vn 0.2588 -0.9659 0.0000
vn -0.0000 -0.0000 -1.0000
vn 0.2570 0.9590 0.1198
vn -0.6104 0.6104 0.5049
vn 0.7020 -0.7020 0.1198
vn -0.2570 -0.9590 0.1198
vn 0.9590 0.2570 0.1198
vn 0.9590 -0.2570 0.1198
vn -0.9590 -0.2570 0.1198
vn 0.7020 0.7020 0.1198
vn 0.2570 -0.9590 0.1198
vn -0.2570 0.9590 0.1198
vn -0.7020 0.7020 0.1198
vn -0.7020 -0.7020 0.1198
vn -0.7031 0.7031 0.1060
vn 0.2234 -0.8338 0.5049
vn 0.6104 0.6104 0.5049
vn 0.8338 0.2234 0.5049
vn 0.6104 -0.6104 0.5049
vn 0.2234 0.8338 0.5049
vn -0.2234 0.8338 0.5049
vn 0.8338 -0.2234 0.5049
vn -0.8338 0.2234 0.5049
vn 0.5944 0.5944 -0.5416
vn -0.8338 -0.2234 0.5049
vn -0.2234 -0.8338 0.5049
vn 0.2574 0.9605 0.1060
vn -0.2574 -0.9605 0.1060
vn -0.7031 -0.7031 0.1060
vn -0.9605 -0.2574 0.1060
vn -0.9605 0.2574 0.1060
vn -0.2574 0.9605 0.1060
vn 0.9605 -0.2574 0.1060
vn 0.2574 -0.9605 0.1060
vn -0.9590 0.2570 0.1198
vn 0.7031 -0.7031 0.1060
vn 0.9605 0.2574 0.1060
vn 0.5944 -0.5944 -0.5416
vn -0.5421 0.1453 -0.8276
vn 0.8120 -0.2176 -0.5416
vn 0.2176 0.8120 -0.5416
vn 0.2176 -0.8120 -0.5416
vn -0.5944 -0.5944 -0.5416
vn 0.8120 0.2176 -0.5416
vn -0.2176 -0.8120 -0.5416
vn -0.2176 0.8120 -0.5416
vn -0.5944 0.5944 -0.5416
vn -0.8120 0.2176 -0.5416
vn -0.8120 -0.2176 -0.5416
vn -0.3969 0.3969 -0.8276
vn 0.5421 -0.1453 -0.8276
vn 0.1453 0.5421 -0.8276
vn 0.3969 -0.3969 -0.8276
vn -0.3969 -0.3969 -0.8276
vn 0.1453 -0.5421 -0.8276
vn -0.1453 -0.5421 -0.8276
vn -0.1453 0.5421 -0.8276
vn 0.5421 0.1453 -0.8276
vn 0.3969 0.3969 -0.8276
vn 0.7068 -0.7068 -0.0291
vn 0.7071 -0.7071 0.0000
vn -0.6104 -0.6104 0.5049
vn -0.5421 -0.1453 -0.8276
vn 0.6479 -0.1736 -0.7417
vn 0.0000 1.0000 -0.0000
vn 0.0000 -1.0000 0.0000
vn 1.0000 0.0000 0.0000
vn 0.0000 0.4514 0.8923
vn 0.6216 -0.1934 0.7591
vn -1.0000 -0.0000 0.0000
vn 0.0000 -0.2607 0.9654
vn 0.6427 -0.1547 -0.7503
vn 0.0000 -0.2607 -0.9654
vn -0.9400 0.3412 0.0000
vn 0.0000 0.4514 -0.8923
vn 0.9400 0.3412 0.0000
vn 0.9882 -0.1533 0.0000
vn -0.6216 -0.1934 0.7591
vn 0.6889 0.2501 0.6804
vn -0.6889 0.2501 -0.6804
vn -0.6713 0.3346 -0.6613
vn -0.6713 0.3346 0.6613
vn -0.6717 0.3345 0.6610
vn 0.0000 -0.2135 0.9770
vn -0.6427 -0.1547 -0.7503
vn -0.6889 0.2501 0.6804
vn 0.6713 0.3346 -0.6613
vn 0.6713 0.3346 0.6613
vn 0.6216 -0.1934 -0.7591
vn -0.6216 -0.1934 -0.7591
vn 0.6889 0.2501 -0.6804
vn 0.0000 -0.2135 -0.9770
vn -0.9882 -0.1533 0.0000
vn -0.6427 -0.1547 0.7503
vn 0.6427 -0.1547 0.7503
vn 0.6710 0.3347 0.6617
vn 0.6717 0.3345 0.6610
vn 0.0000 -0.3827 0.9239
vn 0.0000 -0.9239 -0.3827
vn 0.0000 0.9239 -0.3827
vn 0.0000 0.3827 0.9239
vn -0.5000 -0.0000 -0.8660
vn 0.5000 -0.0000 -0.8660
vn -0.5000 0.0000 0.8660
vn 0.5000 0.0000 0.8660
vn -0.0000 -0.3827 -0.9239
vn 0.0000 -0.9239 0.3827
vn 0.0000 0.9239 0.3827
vn -0.9659 0.2588 0.0107
vn 0.7071 0.7071 0.0107
vn -0.7071 0.7071 0.0107
vn -0.2588 -0.9659 0.0107
vn -0.2588 0.9659 0.0107
vn 0.7071 -0.7071 0.0107
vn -0.7071 -0.7071 0.0107
vn -0.9659 -0.2588 0.0107
vn 0.9659 -0.2588 0.0107
vn 0.9659 0.2588 0.0107
vn 0.2588 -0.9659 0.0107
vn -0.2921 0.8116 -0.5059
vn 0.2921 0.8116 0.5059
vn -0.2921 0.8116 0.5059
vn 0.2921 0.8116 -0.5059
vn -0.5842 0.8116 -0.0000
vn 0.0000 0.3827 -0.9239
vn 0.2588 0.9659 0.0107
vn 0.5842 0.8116 -0.0000
g Canon_Canon_Collor_Material
usemtl Collor_Material
s off
f 113/1/1 112/2/1 100/3/1 101/4/1
f 55/5/2 43/6/2 44/7/2 56/8/2
f 37/9/3 25/10/3 26/11/3 38/12/3
f 39/13/4 27/14/4 28/15/4 40/16/4
f 40/17/1 28/18/1 29/19/1 41/20/1
f 47/21/5 46/22/5 34/23/5 35/24/5
f 48/25/6 47/26/6 35/27/6 36/28/6
f 38/29/7 26/30/7 27/31/7 39/32/7
f 111/33/4 99/34/4 100/35/4 112/36/4
f 182/37/8 170/38/8 171/39/8 183/40/8
f 57/41/9 56/42/9 44/43/9 45/44/9
f 53/45/10 41/46/10 42/47/10 54/48/10
f 49/49/11 37/50/11 38/51/11 50/52/11
f 58/53/12 46/54/12 47/55/12 59/56/12
f 59/57/13 47/58/13 48/59/13 60/60/13
f 52/61/14 51/62/14 39/63/14 40/64/14
f 55/65/15 54/66/15 42/67/15 43/68/15
f 58/69/16 57/70/16 45/71/16 46/72/16
f 51/73/17 50/74/17 38/75/17 39/76/17
f 49/77/18 60/78/18 48/79/18 37/80/18
f 61/81/19 49/82/19 50/83/19 62/84/19
f 71/85/20 59/86/20 60/87/20 72/88/20
f 64/89/21 63/90/21 51/91/21 52/92/21
f 70/93/22 58/94/22 59/95/22 71/96/22
f 67/97/23 55/98/23 56/99/23 68/100/23
f 62/101/24 50/102/24 51/103/24 63/104/24
f 69/105/25 68/106/25 56/107/25 57/108/25
f 64/109/26 52/110/26 53/111/26 65/112/26
f 67/113/27 66/114/27 54/115/27 55/116/27
f 72/117/28 60/118/28 49/119/28 61/120/28
f 70/121/29 69/122/29 57/123/29 58/124/29
f 46/125/30 45/126/30 33/127/30 34/128/30
f 34/129/31 19/130/31 21/131/31 35/132/31
f 37/133/32 48/134/32 36/135/32 25/136/32
f 36/137/31 23/138/31 1/139/31 25/140/31
f 25/141/31 1/142/31 3/143/31 26/144/31
f 26/145/31 3/146/31 5/147/31 27/148/31
f 195/149/4 183/150/4 184/151/4 196/152/4
f 201/153/30 189/154/30 190/155/30 202/156/30
f 117/157/33 116/158/33 104/159/33 105/160/33
f 116/161/34 115/162/34 103/163/34 104/164/34
f 114/165/35 102/166/35 103/167/35 115/168/35
f 224/169/36 228/170/36 220/171/36 222/172/36
f 30/173/31 11/174/31 13/175/31 31/176/31
f 33/177/31 17/178/31 19/179/31 34/180/31
f 28/181/31 7/182/31 9/183/31 29/184/31
f 29/185/31 9/186/31 11/187/31 30/188/31
f 157/189/37 145/190/37 146/191/37 158/192/37
f 27/193/31 5/194/31 7/195/31 28/196/31
f 180/197/38 179/198/38 167/199/38 168/200/38
f 161/201/39 149/202/39 150/203/39 162/204/39
f 164/205/40 163/206/40 151/207/40 152/208/40
f 159/209/41 147/210/41 148/211/41 160/212/41
f 161/213/42 160/214/42 148/215/42 149/216/42
f 165/217/43 153/218/43 154/219/43 166/220/43
f 158/221/44 146/222/44 147/223/44 159/224/44
f 162/225/45 150/226/45 151/227/45 163/228/45
f 157/229/46 168/230/46 156/231/46 145/232/46
f 168/233/47 167/234/47 155/235/47 156/236/47
f 164/237/48 152/238/48 153/239/48 165/240/48
f 192/241/49 191/242/49 179/243/49 180/244/49
f 175/245/50 174/246/50 162/247/50 163/248/50
f 170/249/51 158/250/51 159/251/51 171/252/51
f 171/253/52 159/254/52 160/255/52 172/256/52
f 173/257/53 161/258/53 162/259/53 174/260/53
f 169/261/54 157/262/54 158/263/54 170/264/54
f 180/265/55 168/266/55 157/267/55 169/268/55
f 173/269/56 172/270/56 160/271/56 161/272/56
f 179/273/57 178/274/57 166/275/57 167/276/57
f 206/277/58 194/278/58 195/279/58 207/280/58
f 177/281/59 165/282/59 166/283/59 178/284/59
f 175/285/60 163/286/60 164/287/60 176/288/60
f 181/289/61 169/290/61 170/291/61 182/292/61
f 187/293/62 175/294/62 176/295/62 188/296/62
f 189/297/63 188/298/63 176/299/63 177/300/63
f 189/301/64 177/302/64 178/303/64 190/304/64
f 190/305/65 178/306/65 179/307/65 191/308/65
f 192/309/66 180/310/66 169/311/66 181/312/66
f 185/313/67 184/314/67 172/315/67 173/316/67
f 186/317/68 174/318/68 175/319/68 187/320/68
f 167/321/69 166/322/69 154/323/69 155/324/69
f 185/325/70 173/326/70 174/327/70 186/328/70
f 183/329/71 171/330/71 172/331/71 184/332/71
f 209/333/72 197/334/72 198/335/72 210/336/72
f 203/337/5 202/338/5 190/339/5 191/340/5
f 198/341/35 186/342/35 187/343/35 199/344/35
f 199/345/34 187/346/34 188/347/34 200/348/34
f 193/349/3 181/350/3 182/351/3 194/352/3
f 200/353/33 188/354/33 189/355/33 201/356/33
f 226/357/73 214/358/73 215/359/73 227/360/73
f 209/361/74 208/362/74 196/363/74 197/364/74
f 205/365/75 193/366/75 194/367/75 206/368/75
f 211/369/76 210/370/76 198/371/76 199/372/76
f 212/373/77 200/374/77 201/375/77 213/376/77
f 207/377/78 195/378/78 196/379/78 208/380/78
f 212/381/79 211/382/79 199/383/79 200/384/79
f 216/385/80 204/386/80 193/387/80 205/388/80
f 216/389/81 215/390/81 203/391/81 204/392/81
f 215/393/82 214/394/82 202/395/82 203/396/82
f 214/397/83 213/398/83 201/399/83 202/400/83
f 228/401/36 217/402/36 220/403/36
f 217/404/36 218/405/36 220/406/36
f 218/407/36 219/408/36 220/409/36
f 220/410/36 221/411/36 222/412/36
f 222/413/36 223/414/36 224/415/36
f 224/416/36 225/417/36 228/418/36
f 225/419/36 226/420/36 228/421/36
f 226/422/36 227/423/36 228/424/36
f 227/425/84 215/426/84 216/427/84 228/428/84
f 221/429/85 220/430/85 208/431/85 209/432/85
f 218/433/86 217/434/86 205/435/86 206/436/86
f 221/437/87 209/438/87 210/439/87 222/440/87
f 224/441/88 212/442/88 213/443/88 225/444/88
f 223/445/89 222/446/89 210/447/89 211/448/89
f 224/449/90 223/450/90 211/451/90 212/452/90
f 228/453/91 216/454/91 205/455/91 217/456/91
f 220/457/92 219/458/92 207/459/92 208/460/92
f 219/461/93 218/462/93 206/463/93 207/464/93
f 36/465/31 35/466/31 21/467/31 23/468/31
f 31/469/31 13/470/31 15/471/31 32/472/31
f 32/473/31 15/474/31 17/475/31 33/476/31
f 65/477/94 53/478/94 54/479/94 66/480/94
f 197/481/95 185/482/95 186/483/95 198/484/95
f 109/485/3 97/486/3 98/487/3 110/488/3
f 120/489/6 119/490/6 107/491/6 108/492/6
f 109/493/32 120/494/32 108/495/32 97/496/32
f 194/497/7 182/498/7 183/499/7 195/500/7
f 110/501/7 98/502/7 99/503/7 111/504/7
f 119/505/5 118/506/5 106/507/5 107/508/5
f 177/509/96 176/510/96 164/511/96 165/512/96
f 204/513/32 192/514/32 181/515/32 193/516/32
f 225/517/97 213/518/97 214/519/97 226/520/97
f 52/521/98 40/522/98 41/523/98 53/524/98
f 113/525/95 101/526/95 102/527/95 114/528/95
f 43/529/34 31/530/34 32/531/34 44/532/34
f 44/533/33 32/534/33 33/535/33 45/536/33
f 117/537/30 105/538/30 106/539/30 118/540/30
f 42/541/35 30/542/35 31/543/35 43/544/35
f 197/545/1 196/546/1 184/547/1 185/548/1
f 203/549/6 191/550/6 192/551/6 204/552/6
f 42/553/95 41/554/95 29/555/95 30/556/95
f 299/557/99 313/558/99 314/559/99
f 379/560/99 393/561/99 394/562/99
f 303/563/100 304/564/100 295/565/100
f 383/566/100 384/567/100 375/568/100
f 536/569/101 538/570/101 540/571/101 539/572/101
f 381/573/102 398/574/102 385/575/102 376/576/102
f 317/577/103 318/578/103 304/579/103 303/580/103
f 456/581/101 458/582/101 460/583/101 459/584/101
f 380/585/104 378/586/104 376/587/104 379/588/104
f 478/589/105 464/590/105 455/591/105 461/592/105
f 308/593/100 303/594/100 295/595/100 297/596/100
f 387/597/106 395/598/106 396/599/106 388/600/106
f 466/601/104 469/602/104 476/603/104 477/604/104
f 300/605/104 298/606/104 296/607/104 299/608/104
f 546/609/104 549/610/104 556/611/104 557/612/104
f 459/613/99 460/614/99 471/615/99 474/616/99
f 311/617/99 312/618/99 300/619/99
f 475/620/107 462/621/107 457/622/107 467/623/107
f 458/624/36 470/625/36 472/626/36 460/627/36
f 469/628/108 466/629/108 474/630/108 471/631/108
f 382/632/104 381/633/104 376/634/104 378/635/104
f 550/636/109 538/637/109 542/638/109 555/639/109
f 314/640/110 306/641/110 309/642/110 311/643/110
f 315/644/107 307/645/107 297/646/107 302/647/107
f 393/648/31 379/649/31 376/650/31 385/651/31
f 462/652/111 461/653/111 455/654/111 457/655/111
f 300/656/99 299/657/99 314/658/99 311/659/99
f 464/660/112 478/661/112 477/662/112 463/663/112
f 385/664/113 386/665/113 394/666/113 393/667/113
f 550/668/114 549/669/114 551/670/114 552/671/114
f 476/672/115 469/673/115 470/674/115 475/675/115
f 477/676/116 478/677/116 465/678/116 466/679/116
f 470/680/114 469/681/114 471/682/114 472/683/114
f 365/684/101 357/685/101 356/686/101 364/687/101
f 596/688/104 597/689/104 605/690/104 604/691/104
f 445/692/101 437/693/101 436/694/101 444/695/101
f 516/696/104 517/697/104 525/698/104 524/699/104
f 602/700/104 594/701/104 595/702/104 603/703/104
f 364/704/101 356/705/101 355/706/101 363/707/101
f 513/708/104 514/709/104 522/710/104 521/711/104
f 595/712/104 596/713/104 604/714/104 603/715/104
f 525/716/104 517/717/104 518/718/104 526/719/104
f 536/720/101 541/721/101 542/722/101 538/723/101
f 557/724/116 558/725/117 545/726/116 546/727/116
f 391/728/99 392/729/99 380/730/99
f 473/731/31 465/732/31 456/733/31 459/734/31
f 470/735/109 458/736/109 462/737/109 475/738/109
f 390/739/109 395/740/109 382/741/109 378/742/109
f 558/743/118 544/744/118 535/745/118 541/746/118
f 312/747/36 310/748/36 298/749/36 300/750/36
f 547/751/119 548/752/119 556/753/119 555/754/119
f 476/755/104 468/756/104 463/757/104 477/758/104
f 554/759/120 546/760/120 545/761/120 553/762/120
f 474/763/120 466/764/120 465/765/120 473/766/120
f 310/767/121 309/768/121 316/769/121 315/770/121
f 317/771/122 306/772/122 305/773/122 318/774/122
f 512/775/104 511/776/104 519/777/104 520/778/104
f 606/779/104 598/780/104 592/781/104 600/782/104
f 439/783/101 431/784/101 432/785/101 440/786/101
f 591/787/104 593/788/104 601/789/104 599/790/104
f 514/791/104 515/792/104 523/793/104 522/794/104
f 515/795/104 516/796/104 524/797/104 523/798/104
f 386/799/101 397/800/101 396/801/101 389/802/101
f 472/803/99 471/804/99 460/805/99
f 539/806/99 540/807/99 551/808/99 554/809/99
f 474/810/99 473/811/99 459/812/99
f 375/813/118 384/814/118 398/815/118 381/816/118
f 553/817/31 545/818/31 536/819/31 539/820/31
f 549/821/108 546/822/108 554/823/108 551/824/108
f 306/825/101 317/826/101 316/827/101 309/828/101
f 465/829/102 478/830/102 461/831/102 456/832/102
f 545/833/102 558/834/102 541/835/102 536/836/102
f 295/837/105 304/838/105 318/839/105 301/840/105
f 556/841/104 548/842/104 543/843/104 557/844/104
f 307/845/123 315/846/123 316/847/123 308/848/123
f 467/849/124 468/850/124 476/851/124 475/852/124
f 305/853/113 306/854/113 314/855/113 313/856/113
f 310/857/125 312/858/125 311/859/125 309/860/125
f 601/861/104 593/862/104 594/863/104 602/864/104
f 556/865/115 549/866/115 550/867/115 555/868/115
f 303/869/101 308/870/101 316/871/101 317/872/101
f 511/873/104 513/874/104 521/875/104 519/876/104
f 359/877/101 351/878/101 352/879/101 360/880/101
f 366/881/101 360/882/101 352/883/101 358/884/101
f 363/885/101 355/886/101 354/887/101 362/888/101
f 446/889/101 440/890/101 432/891/101 438/892/101
f 362/893/101 354/894/101 353/895/101 361/896/101
f 298/897/104 302/898/104 301/899/104 296/900/104
f 552/901/99 551/902/99 540/903/99
f 380/904/99 379/905/99 394/906/99 391/907/99
f 554/908/99 553/909/99 539/910/99
f 395/911/126 387/912/126 377/913/126 382/914/126
f 538/915/36 550/916/36 552/917/36 540/918/36
f 394/919/110 386/920/110 389/921/110 391/922/110
f 458/923/101 456/924/101 461/925/101 462/926/101
f 301/927/102 318/928/102 305/929/102 296/930/102
f 310/931/109 315/932/109 302/933/109 298/934/109
f 555/935/126 542/936/126 537/937/126 547/938/126
f 313/939/31 299/940/31 296/941/31 305/942/31
f 382/943/127 377/944/127 375/945/127 381/946/127
f 544/947/128 558/948/128 557/949/128 543/950/128
f 397/951/129 398/952/129 384/953/129 383/954/129
f 302/955/127 297/956/127 295/957/127 301/958/127
f 390/959/125 392/960/125 391/961/125 389/962/125
f 390/963/121 389/964/121 396/965/121 395/966/121
f 397/967/122 386/968/130 385/969/130 398/970/131
f 383/971/101 388/972/101 396/973/101 397/974/101
f 605/975/104 597/976/104 598/977/104 606/978/104
f 444/979/101 436/980/101 435/981/101 443/982/101
f 365/983/101 366/984/101 358/985/101 357/986/101
f 526/987/104 518/988/104 512/989/104 520/990/104
f 441/991/101 433/992/101 431/993/101 439/994/101
f 361/995/101 353/996/101 351/997/101 359/998/101
f 592/999/104 591/1000/104 599/1001/104 600/1002/104
f 442/1003/101 443/1004/101 435/1005/101 434/1006/101
f 445/1007/101 446/1008/101 438/1009/101 437/1010/101
f 441/1011/101 442/1012/101 434/1013/101 433/1014/101
f 542/1015/111 541/1016/111 535/1017/111 537/1018/111
f 467/1019/100 457/1020/100 468/1021/100
f 543/1022/100 548/1023/100 537/1024/100 535/1025/100
f 455/1026/100 464/1027/100 463/1028/100
f 463/1029/100 468/1030/100 457/1031/100 455/1032/100
f 297/1033/100 307/1034/100 308/1035/100
f 547/1036/100 537/1037/100 548/1038/100
f 388/1039/100 383/1040/100 375/1041/100 377/1042/100
f 535/1043/100 544/1044/100 543/1045/100
f 392/1046/36 390/1047/36 378/1048/36 380/1049/36
f 377/1050/100 387/1051/100 388/1052/100
f 247/1053/31 245/1054/31 243/1055/31
f 135/1056/4 123/1057/4 124/1058/4 136/1059/4
f 448/1060/101 453/1061/101 451/1062/101 449/1063/101
f 13/1064/35 11/1065/35 12/1066/35 14/1067/35
f 93/1068/30 81/1069/30 82/1070/30 94/1071/30
f 432/1072/132 424/1073/132 430/1074/132 438/1075/132
f 22/1076/5 21/1077/5 19/1078/5 20/1079/5
f 410/1080/132 409/1081/132 407/1082/132 408/1083/132
f 7/1084/4 5/1085/4 6/1086/4 8/1087/4
f 237/1088/31 18/1089/31 16/1090/31 236/1091/31
f 1/1092/32 23/1093/32 24/1094/32 2/1095/32
f 449/1096/133 441/1097/133 439/1098/133 447/1099/133
f 103/1100/36 91/1101/36 92/1102/36 104/1103/36
f 454/1104/134 446/1105/134 445/1106/134 453/1107/134
f 240/1108/31 230/1109/31 2/1110/31 24/1111/31
f 81/1112/31 80/1113/31 68/1114/31 69/1115/31
f 152/1116/36 151/1117/36 139/1118/36 140/1119/36
f 233/1120/31 10/1121/31 8/1122/31 232/1123/31
f 155/1124/36 143/1125/36 144/1126/36 156/1127/36
f 132/1128/31 131/1129/31 119/1130/31 120/1131/31
f 145/1132/36 133/1133/36 134/1134/36 146/1135/36
f 127/1136/31 115/1137/31 116/1138/31 128/1139/31
f 128/1140/31 116/1141/31 117/1142/31 129/1143/31
f 148/1144/36 136/1145/36 137/1146/36 149/1147/36
f 130/1148/31 129/1149/31 117/1150/31 118/1151/31
f 415/1152/134 413/1153/134 414/1154/134 416/1155/134
f 494/1156/134 493/1157/134 495/1158/134 496/1159/134
f 523/1160/135 524/1161/135 532/1162/135 531/1163/135
f 531/1164/104 533/1165/104 528/1166/104 530/1167/104
f 154/1168/36 153/1169/36 141/1170/36 142/1171/36
f 102/1172/36 90/1173/36 91/1174/36 103/1175/36
f 232/1176/31 8/1177/31 6/1178/31 231/1179/31
f 97/1180/36 85/1181/36 86/1182/36 98/1183/36
f 121/1184/31 109/1185/31 110/1186/31 122/1187/31
f 105/1188/36 93/1189/36 94/1190/36 106/1191/36
f 156/1192/36 144/1193/36 133/1194/36 145/1195/36
f 255/1196/100 254/1197/100 258/1198/100 256/1199/100
f 78/1200/31 66/1201/31 67/1202/31 79/1203/31
f 150/1204/36 138/1205/36 139/1206/36 151/1207/36
f 124/1208/31 112/1209/31 113/1210/31 125/1211/31
f 530/1212/132 522/1213/132 523/1214/132 531/1215/132
f 256/1216/136 257/1217/136 263/1218/136 262/1219/136
f 93/1220/33 92/1221/33 80/1222/33 81/1223/33
f 261/1224/137 255/1225/137 256/1226/137 262/1227/137
f 605/1228/134 606/1229/134 614/1230/134 613/1231/134
f 88/1232/4 87/1233/4 75/1234/4 76/1235/4
f 276/1236/137 271/1237/137 277/1238/137 282/1239/137
f 94/1240/5 82/1241/5 83/1242/5 95/1243/5
f 89/1244/1 88/1245/1 76/1246/1 77/1247/1
f 603/1248/135 604/1249/135 612/1250/135 611/1251/135
f 83/1252/31 82/1253/31 70/1254/31 71/1255/31
f 152/1256/36 140/1257/36 141/1258/36 153/1259/36
f 147/1260/36 135/1261/36 136/1262/36 148/1263/36
f 293/1264/99 289/1265/99 291/1266/99 292/1267/99
f 154/1268/36 142/1269/36 143/1270/36 155/1271/36
f 229/1272/31 231/1273/31 6/1274/31 4/1275/31
f 76/1276/31 64/1277/31 65/1278/31 77/1279/31
f 132/1280/31 120/1281/31 109/1282/31 121/1283/31
f 240/1284/31 24/1285/31 22/1286/31 239/1287/31
f 95/1288/6 83/1289/6 84/1290/6 96/1291/6
f 279/1292/138 273/1293/138 274/1294/138 280/1295/138
f 281/1296/101 275/1297/101 276/1298/101 282/1299/101
f 281/1300/139 280/1301/139 274/1302/139 275/1303/139
f 405/1304/133 403/1305/133 404/1306/133 406/1307/133
f 330/1308/132 329/1309/132 327/1310/132 328/1311/132
f 403/1312/140 401/1313/140 402/1314/140 404/1315/140
f 84/1316/31 72/1317/31 61/1318/31 73/1319/31
f 237/1320/31 238/1321/31 20/1322/31 18/1323/31
f 74/1324/31 62/1325/31 63/1326/31 75/1327/31
f 242/1328/31 251/1329/31 247/1330/31 243/1331/31
f 146/1332/36 134/1333/36 135/1334/36 147/1335/36
f 127/1336/31 126/1337/31 114/1338/31 115/1339/31
f 108/1340/36 96/1341/36 85/1342/36 97/1343/36
f 578/1344/141 577/1345/141 417/1346/141 418/1347/141
f 18/1348/33 17/1349/33 15/1350/33 16/1351/33
f 139/1352/34 127/1353/34 128/1354/34 140/1355/34
f 283/1356/139 284/1357/139 290/1358/139 289/1359/139
f 290/1360/101 284/1361/101 285/1362/101 291/1363/101
f 285/1364/137 286/1365/137 292/1366/137 291/1367/137
f 140/1368/33 128/1369/33 129/1370/33 141/1371/33
f 11/1372/95 9/1373/95 10/1374/95 12/1375/95
f 144/1376/32 132/1377/32 121/1378/32 133/1379/32
f 292/1380/136 286/1381/136 287/1382/136 293/1383/136
f 126/1384/31 125/1385/31 113/1386/31 114/1387/31
f 79/1388/31 67/1389/31 68/1390/31 80/1391/31
f 104/1392/36 92/1393/36 93/1394/36 105/1395/36
f 73/1396/31 61/1397/31 62/1398/31 74/1399/31
f 123/1400/31 122/1401/31 110/1402/31 111/1403/31
f 82/1404/31 81/1405/31 69/1406/31 70/1407/31
f 107/1408/36 95/1409/36 96/1410/36 108/1411/36
f 101/1412/36 89/1413/36 90/1414/36 102/1415/36
f 101/1416/36 100/1417/36 88/1418/36 89/1419/36
f 124/1420/31 123/1421/31 111/1422/31 112/1423/31
f 590/1424/132 584/1425/132 592/1426/132 598/1427/132
f 253/1428/139 254/1429/139 260/1430/139 259/1431/139
f 331/1432/135 329/1433/135 330/1434/135 332/1435/135
f 437/1436/133 429/1437/133 428/1438/133 436/1439/133
f 333/1440/142 331/1441/142 332/1442/142 334/1443/142
f 258/1444/138 253/1445/138 259/1446/138 264/1447/138
f 272/1448/104 273/1449/104 279/1450/104 278/1451/104
f 234/1452/31 12/1453/31 10/1454/31 233/1455/31
f 244/1456/143 245/1457/143 233/1458/143 232/1459/143
f 236/1460/31 16/1461/31 14/1462/31 235/1463/31
f 99/1464/36 87/1465/36 88/1466/36 100/1467/36
f 239/1468/31 22/1469/31 20/1470/31 238/1471/31
f 106/1472/36 94/1473/36 95/1474/36 107/1475/36
f 230/1476/31 229/1477/31 4/1478/31 2/1479/31
f 76/1480/31 75/1481/31 63/1482/31 64/1483/31
f 98/1484/36 86/1485/36 87/1486/36 99/1487/36
f 234/1488/31 235/1489/31 14/1490/31 12/1491/31
f 243/1492/31 241/1493/31 242/1494/31
f 242/1495/31 252/1496/31 251/1497/31
f 251/1498/31 250/1499/31 247/1500/31
f 250/1501/31 249/1502/31 247/1503/31
f 249/1504/31 248/1505/31 247/1506/31
f 247/1507/31 246/1508/31 245/1509/31
f 245/1510/31 244/1511/31 243/1512/31
f 131/1513/31 130/1514/31 118/1515/31 119/1516/31
f 249/1517/144 237/1518/144 236/1519/144 248/1520/144
f 246/1521/145 234/1522/145 233/1523/145 245/1524/145
f 241/1525/146 229/1526/146 230/1527/146 242/1528/146
f 247/1529/147 235/1530/147 234/1531/147 246/1532/147
f 252/1533/148 240/1534/148 239/1535/148 251/1536/148
f 243/1537/149 231/1538/149 229/1539/149 241/1540/149
f 244/1541/150 232/1542/150 231/1543/150 243/1544/150
f 251/1545/151 239/1546/151 238/1547/151 250/1548/151
f 250/1549/152 238/1550/152 237/1551/152 249/1552/152
f 242/1553/153 230/1554/153 240/1555/153 252/1556/153
f 254/1557/100 253/1558/100 258/1559/100
f 258/1560/100 257/1561/100 256/1562/100
f 83/1563/31 71/1564/31 72/1565/31 84/1566/31
f 269/1567/154 268/1568/154 262/1569/154 263/1570/154
f 254/1571/101 255/1572/101 261/1573/101 260/1574/101
f 490/1575/135 489/1576/135 491/1577/135 492/1578/135
f 85/1579/3 73/1580/3 74/1581/3 86/1582/3
f 266/1583/155 265/1584/155 259/1585/155 260/1586/155
f 281/1587/99 282/1588/99 288/1589/99 287/1590/99
f 270/1591/156 264/1592/156 259/1593/156 265/1594/156
f 267/1595/157 261/1596/157 262/1597/157 268/1598/157
f 263/1599/158 264/1600/158 270/1601/158 269/1602/158
f 276/1603/99 270/1604/99 265/1605/99 271/1606/99
f 137/1607/1 136/1608/1 124/1609/1 125/1610/1
f 275/1611/99 274/1612/99 268/1613/99 269/1614/99
f 283/1615/99 277/1616/99 278/1617/99 284/1618/99
f 272/1619/99 266/1620/99 267/1621/99 273/1622/99
f 265/1623/99 266/1624/99 272/1625/99 271/1626/99
f 277/1627/136 271/1628/136 272/1629/136 278/1630/136
f 273/1631/99 267/1632/99 268/1633/99 274/1634/99
f 482/1635/140 481/1636/140 483/1637/140 484/1638/140
f 402/1639/159 401/1640/159 415/1641/159 416/1642/159
f 287/1643/104 288/1644/104 294/1645/104 293/1646/104
f 282/1647/99 277/1648/99 283/1649/99 288/1650/99
f 269/1651/99 270/1652/99 276/1653/99 275/1654/99
f 286/1655/99 280/1656/99 281/1657/99 287/1658/99
f 284/1659/99 278/1660/99 279/1661/99 285/1662/99
f 143/1663/6 131/1664/6 132/1665/6 144/1666/6
f 289/1667/99 290/1668/99 291/1669/99
f 77/1670/31 65/1671/31 66/1672/31 78/1673/31
f 293/1674/99 294/1675/99 289/1676/99
f 288/1677/138 283/1678/138 289/1679/138 294/1680/138
f 137/1681/95 125/1682/95 126/1683/95 138/1684/95
f 480/1685/159 502/1686/159 342/1687/159 320/1688/159
f 134/1689/7 122/1690/7 123/1691/7 135/1692/7
f 500/1693/135 499/1694/135 339/1695/135 340/1696/135
f 495/1697/101 493/1698/101 501/1699/101 502/1700/101
f 20/1701/30 19/1702/30 17/1703/30 18/1704/30
f 585/1705/134 586/1706/134 594/1707/134 593/1708/134
f 590/1709/104 576/1710/104 562/1711/104 584/1712/104
f 583/1713/142 585/1714/142 593/1715/142 591/1716/142
f 481/1717/101 495/1718/101 502/1719/101 480/1720/101
f 488/1721/141 486/1722/141 485/1723/141 487/1724/141
f 490/1725/132 488/1726/132 487/1727/132 489/1728/132
f 501/1729/142 500/1730/142 340/1731/142 341/1732/142
f 263/1733/104 257/1734/104 258/1735/104 264/1736/104
f 492/1737/142 491/1738/142 493/1739/142 494/1740/142
f 510/1741/104 496/1742/104 482/1743/104 504/1744/104
f 497/1745/133 479/1746/133 319/1747/133 337/1748/133
f 592/1749/135 584/1750/135 583/1751/135 591/1752/135
f 479/1753/140 480/1754/140 320/1755/140 319/1756/140
f 499/1757/101 489/1758/101 487/1759/101 498/1760/101
f 515/1761/140 507/1762/140 508/1763/140 516/1764/140
f 353/1765/142 345/1766/142 343/1767/142 351/1768/142
f 436/1769/140 428/1770/140 427/1771/140 435/1772/140
f 567/1773/101 565/1774/101 577/1775/101 578/1776/101
f 509/1777/104 494/1778/104 496/1779/104 510/1780/104
f 501/1781/101 493/1782/101 491/1783/101 500/1784/101
f 482/1785/104 484/1786/104 503/1787/104 504/1788/104
f 486/1789/104 488/1790/104 506/1791/104 505/1792/104
f 484/1793/104 486/1794/104 505/1795/104 503/1796/104
f 342/1797/104 335/1798/104 321/1799/104 320/1800/104
f 491/1801/101 489/1802/101 499/1803/101 500/1804/101
f 588/1805/133 589/1806/133 597/1807/133 596/1808/133
f 354/1809/134 346/1810/134 345/1811/134 353/1812/134
f 597/1813/141 589/1814/141 590/1815/141 598/1816/141
f 496/1817/159 495/1818/159 481/1819/159 482/1820/159
f 370/1821/141 362/1822/141 361/1823/141 369/1824/141
f 506/1825/159 507/1826/159 515/1827/159 514/1828/159
f 510/1829/132 504/1830/132 512/1831/132 518/1832/132
f 452/1833/142 453/1834/142 445/1835/142 444/1836/142
f 498/1837/101 487/1838/101 485/1839/101 497/1840/101
f 430/1841/101 424/1842/101 402/1843/101 416/1844/101
f 369/1845/101 367/1846/101 368/1847/101
f 368/1848/101 374/1849/101 373/1850/101
f 373/1851/101 372/1852/101 371/1853/101
f 371/1854/101 370/1855/101 369/1856/101
f 374/1857/159 368/1858/159 360/1859/159 366/1860/159
f 369/1861/133 361/1862/133 359/1863/133 367/1864/133
f 91/1865/34 79/1866/34 80/1867/34 92/1868/34
f 610/1869/132 602/1870/132 603/1871/132 611/1872/132
f 372/1873/135 364/1874/135 363/1875/135 371/1876/135
f 372/1877/142 373/1878/142 365/1879/142 364/1880/142
f 582/1881/134 581/1882/134 421/1883/134 422/1884/134
f 248/1885/160 236/1886/160 235/1887/160 247/1888/160
f 279/1889/99 280/1890/99 286/1891/99 285/1892/99
f 580/1893/135 579/1894/135 419/1895/135 420/1896/135
f 508/1897/104 492/1898/104 494/1899/104 509/1900/104
f 562/1901/140 561/1902/140 563/1903/140 564/1904/140
f 138/1905/35 126/1906/35 127/1907/35 139/1908/35
f 348/1909/101 332/1910/101 330/1911/101 347/1912/101
f 564/1913/133 563/1914/133 565/1915/133 566/1916/133
f 579/1917/132 578/1918/132 418/1919/132 419/1920/132
f 568/1921/141 566/1922/141 565/1923/141 567/1924/141
f 581/1925/101 573/1926/101 571/1927/101 580/1928/101
f 570/1929/132 568/1930/132 567/1931/132 569/1932/132
f 581/1933/142 580/1934/142 420/1935/142 421/1936/142
f 338/1937/104 337/1938/104 325/1939/104 327/1940/104
f 570/1941/135 569/1942/135 571/1943/135 572/1944/135
f 348/1945/101 349/1946/101 334/1947/101 332/1948/101
f 341/1949/104 340/1950/104 331/1951/104 333/1952/104
f 577/1953/133 559/1954/133 399/1955/133 417/1956/133
f 559/1957/140 560/1958/140 400/1959/140 399/1960/140
f 569/1961/101 567/1962/101 578/1963/101 579/1964/101
f 562/1965/159 576/1966/159 575/1967/159 561/1968/159
f 343/1969/101 324/1970/101 322/1971/101 344/1972/101
f 433/1973/142 425/1974/142 423/1975/142 431/1976/142
f 512/1977/135 504/1978/135 503/1979/135 511/1980/135
f 570/1981/104 572/1982/104 588/1983/104 587/1984/104
f 564/1985/104 566/1986/104 585/1987/104 583/1988/104
f 572/1989/104 574/1990/104 589/1991/104 588/1992/104
f 584/1993/104 562/1994/104 564/1995/104 583/1996/104
f 417/1997/104 405/1998/104 407/1999/104 418/2000/104
f 589/2001/104 574/2002/104 576/2003/104 590/2004/104
f 586/2005/104 568/2006/104 570/2007/104 587/2008/104
f 335/2009/134 333/2010/134 334/2011/134 336/2012/134
f 434/2013/134 426/2014/134 425/2015/134 433/2016/134
f 9/2017/1 7/2018/1 8/2019/1 10/2020/1
f 508/2021/133 509/2022/133 517/2023/133 516/2024/133
f 450/2025/141 442/2026/141 441/2027/141 449/2028/141
f 352/2029/132 344/2030/132 350/2031/132 358/2032/132
f 517/2033/141 509/2034/141 510/2035/141 518/2036/141
f 374/2037/134 366/2038/134 365/2039/134 373/2040/134
f 497/2041/101 485/2042/101 483/2043/101 479/2044/101
f 266/2045/161 260/2046/161 261/2047/161 267/2048/161
f 349/2049/101 350/2050/101 336/2051/101 334/2052/101
f 449/2053/101 447/2054/101 448/2055/101
f 448/2056/101 454/2057/101 453/2058/101
f 453/2059/101 452/2060/101 451/2061/101
f 451/2062/101 450/2063/101 449/2064/101
f 141/2065/30 129/2066/30 130/2067/30 142/2068/30
f 454/2069/159 448/2070/159 440/2071/159 446/2072/159
f 23/2073/6 21/2074/6 22/2075/6 24/2076/6
f 600/2077/140 599/2078/140 607/2079/140 608/2080/140
f 447/2081/140 439/2082/140 440/2083/140 448/2084/140
f 370/2085/132 371/2086/132 363/2087/132 362/2088/132
f 503/2089/142 505/2090/142 513/2091/142 511/2092/142
f 3/2093/3 1/2094/3 2/2095/3 4/2096/3
f 149/2097/36 137/2098/36 138/2099/36 150/2100/36
f 421/2101/104 420/2102/104 411/2103/104 413/2104/104
f 323/2105/140 321/2106/140 322/2107/140 324/2108/140
f 339/2109/104 329/2110/104 331/2111/104 340/2112/104
f 325/2113/133 323/2114/133 324/2115/133 326/2116/133
f 571/2117/101 569/2118/101 579/2119/101 580/2120/101
f 408/2121/141 407/2122/141 405/2123/141 406/2124/141
f 577/2125/101 565/2126/101 563/2127/101 559/2128/101
f 337/2129/104 319/2130/104 323/2131/104 325/2132/104
f 320/2133/104 321/2134/104 323/2135/104 319/2136/104
f 574/2137/142 572/2138/142 571/2139/142 573/2140/142
f 424/2141/101 423/2142/101 404/2143/101 402/2144/101
f 586/2145/159 587/2146/159 595/2147/159 594/2148/159
f 585/2149/104 566/2150/104 568/2151/104 586/2152/104
f 321/2153/159 335/2154/159 336/2155/159 322/2156/159
f 488/2157/104 490/2158/104 507/2159/104 506/2160/104
f 595/2161/140 587/2162/140 588/2163/140 596/2164/140
f 582/2165/101 575/2166/101 573/2167/101 581/2168/101
f 345/2169/101 326/2170/101 324/2171/101 343/2172/101
f 563/2173/101 561/2174/101 560/2175/101 559/2176/101
f 400/2177/104 422/2178/104 415/2179/104 401/2180/104
f 425/2181/101 406/2182/101 404/2183/101 423/2184/101
f 347/2185/101 330/2186/101 328/2187/101 346/2188/101
f 505/2189/134 506/2190/134 514/2191/134 513/2192/134
f 357/2193/141 358/2194/141 350/2195/141 349/2196/141
f 355/2197/159 347/2198/159 346/2199/159 354/2200/159
f 519/2201/133 521/2202/133 529/2203/133 527/2204/133
f 411/2205/135 409/2206/135 410/2207/135 412/2208/135
f 438/2209/141 430/2210/141 429/2211/141 437/2212/141
f 450/2213/132 451/2214/132 443/2215/132 442/2216/132
f 426/2217/101 427/2218/101 410/2219/101 408/2220/101
f 339/2221/104 338/2222/104 327/2223/104 329/2224/104
f 350/2225/101 344/2226/101 322/2227/101 336/2228/101
f 528/2229/104 527/2230/104 529/2231/104
f 529/2232/104 530/2233/104 528/2234/104
f 608/2235/104 609/2236/104 611/2237/104 614/2238/104
f 531/2239/104 532/2240/104 533/2241/104
f 533/2242/104 534/2243/104 528/2244/104
f 520/2245/140 519/2246/140 527/2247/140 528/2248/140
f 15/2249/34 13/2250/34 14/2251/34 16/2252/34
f 534/2253/159 526/2254/159 520/2255/159 528/2256/159
f 612/2257/142 604/2258/142 605/2259/142 613/2260/142
f 87/2261/7 86/2262/7 74/2263/7 75/2264/7
f 532/2265/142 524/2266/142 525/2267/142 533/2268/142
f 521/2269/141 522/2270/141 530/2271/141 529/2272/141
f 142/2273/5 130/2274/5 131/2275/5 143/2276/5
f 421/2277/104 413/2278/104 415/2279/104 422/2280/104
f 91/2281/35 90/2282/35 78/2283/35 79/2284/35
f 341/2285/104 333/2286/104 335/2287/104 342/2288/104
f 5/2289/7 3/2290/7 4/2291/7 6/2292/7
f 346/2293/101 328/2294/101 326/2295/101 345/2296/101
f 484/2297/133 483/2298/133 485/2299/133 486/2300/133
f 418/2301/104 407/2302/104 409/2303/104 419/2304/104
f 89/2305/95 77/2306/95 78/2307/95 90/2308/95
f 417/2309/104 399/2310/104 403/2311/104 405/2312/104
f 400/2313/104 401/2314/104 403/2315/104 399/2316/104
f 413/2317/142 411/2318/142 412/2319/142 414/2320/142
f 328/2321/141 327/2322/141 325/2323/141 326/2324/141
f 479/2325/101 483/2326/101 481/2327/101 480/2328/101
f 355/2329/140 356/2330/140 348/2331/140 347/2332/140
f 419/2333/104 409/2334/104 411/2335/104 420/2336/104
f 352/2337/135 351/2338/135 343/2339/135 344/2340/135
f 429/2341/101 430/2342/101 416/2343/101 414/2344/101
f 425/2345/101 426/2346/101 408/2347/101 406/2348/101
f 429/2349/101 414/2350/101 412/2351/101 428/2352/101
f 357/2353/133 349/2354/133 348/2355/133 356/2356/133
f 499/2357/132 498/2358/132 338/2359/132 339/2360/132
f 574/2361/134 573/2362/134 575/2363/134 576/2364/134
f 435/2365/159 427/2366/159 426/2367/159 434/2368/159
f 599/2369/133 601/2370/133 609/2371/133 607/2372/133
f 432/2373/135 431/2374/135 423/2375/135 424/2376/135
f 96/2377/32 84/2378/32 73/2379/32 85/2380/32
f 525/2381/134 526/2382/134 534/2383/134 533/2384/134
f 490/2385/104 492/2386/104 508/2387/104 507/2388/104
f 560/2389/101 561/2390/101 575/2391/101 582/2392/101
f 428/2393/101 412/2394/101 410/2395/101 427/2396/101
f 608/2397/104 607/2398/104 609/2399/104
f 609/2400/104 610/2401/104 611/2402/104
f 611/2403/104 612/2404/104 613/2405/104
f 613/2406/104 614/2407/104 611/2408/104
f 452/2409/135 444/2410/135 443/2411/135 451/2412/135
f 502/2413/134 501/2414/134 341/2415/134 342/2416/134
f 614/2417/159 606/2418/159 600/2419/159 608/2420/159
f 368/2421/101 373/2422/101 371/2423/101 369/2424/101
f 367/2425/140 359/2426/140 360/2427/140 368/2428/140
f 498/2429/141 497/2430/141 337/2431/141 338/2432/141
f 601/2433/141 602/2434/141 610/2435/141 609/2436/141
f 560/2437/159 582/2438/159 422/2439/159 400/2440/159
f 133/2441/3 121/2442/3 122/2443/3 134/2444/3
