# Blender v3.0.0 OBJ File: 'aa.blend'
# www.blender.org
mtllib Cart_Broken.mtl
o Cart_Broken
v 0.938168 0.260125 0.490419
v 0.981104 0.443700 0.407490
v 1.009033 0.583511 0.258853
v 1.017704 0.658274 0.067135
v 1.005795 0.656606 -0.138476
v 0.975121 0.578761 -0.326678
v 0.930351 0.436591 -0.468817
v 0.878301 0.251739 -0.543256
v 0.945946 0.274648 0.562348
v 0.994884 0.483885 0.467826
v 1.026717 0.643241 0.298410
v 1.036600 0.728454 0.079891
v 1.023027 0.726553 -0.154462
v 0.988065 0.637827 -0.368973
v 0.937036 0.475782 -0.530982
v 0.877710 0.265090 -0.615827
v 1.016268 0.256427 0.558423
v 1.065206 0.465664 0.463901
v 1.097039 0.625020 0.294485
v 1.106922 0.710234 0.075966
v 1.093349 0.708333 -0.158387
v 1.058387 0.619606 -0.372898
v 1.007358 0.457562 -0.534907
v 0.948032 0.246869 -0.619752
v 1.008490 0.241905 0.486494
v 1.051426 0.425479 0.403565
v 1.079355 0.565291 0.254928
v 1.088026 0.640053 0.063210
v 1.076118 0.638385 -0.142401
v 1.045444 0.560541 -0.330603
v 1.000674 0.418370 -0.472742
v 0.948623 0.233519 -0.547181
v 0.933333 0.277916 0.563052
v 0.982271 0.487153 0.468530
v 1.014105 0.646509 0.299114
v 1.023987 0.731722 0.080595
v 1.010414 0.729821 -0.153758
v 0.975452 0.641094 -0.368269
v 0.924424 0.479050 -0.530278
v 0.865097 0.268358 -0.615123
v 0.936066 0.283018 0.588324
v 0.987113 0.501272 0.489729
v 1.020318 0.667494 0.313012
v 1.030626 0.756380 0.085077
v 1.016468 0.754397 -0.159375
v 0.980000 0.661847 -0.383129
v 0.926772 0.492820 -0.552120
v 0.864890 0.273048 -0.640621
v 1.028881 0.253159 0.557719
v 1.077819 0.462396 0.463197
v 1.109652 0.621752 0.293781
v 1.119535 0.706966 0.075262
v 1.105962 0.705065 -0.159091
v 1.071000 0.616338 -0.373602
v 1.019971 0.454294 -0.535611
v 0.960645 0.243601 -0.620456
v 1.031613 0.258262 0.582991
v 1.082660 0.476515 0.484396
v 1.115865 0.642738 0.307679
v 1.126174 0.731624 0.079744
v 1.112016 0.729641 -0.164708
v 1.075547 0.637090 -0.388462
v 1.022320 0.468063 -0.557453
v 0.960437 0.248292 -0.645954
v -0.962947 0.516101 -0.438762
v -1.005883 0.332526 -0.355833
v -1.033812 0.192715 -0.207195
v -1.042482 0.117952 -0.015477
v -1.030574 0.119620 0.190134
v -0.999900 0.197465 0.378335
v -0.955130 0.339635 0.520475
v -0.903080 0.524486 0.594913
v -0.851674 0.723877 0.590319
v -0.808738 0.907452 0.507390
v -0.780809 1.047263 0.358752
v -0.772138 1.122025 0.167034
v -0.784046 1.120357 -0.038577
v -0.814720 1.042513 -0.226778
v -0.859491 0.900343 -0.368918
v -0.911541 0.715491 -0.443357
v -0.970724 0.501578 -0.510691
v -1.019662 0.292341 -0.416169
v -1.051496 0.132985 -0.246753
v -1.061378 0.047771 -0.028234
v -1.047805 0.049672 0.206120
v -1.012843 0.138399 0.420630
v -0.961815 0.300443 0.582639
v -0.902488 0.511136 0.667484
v -0.843896 0.738400 0.662247
v -0.794958 0.947637 0.567725
v -0.763125 1.106992 0.398309
v -0.753242 1.192206 0.179791
v -0.766815 1.190305 -0.054563
v -0.801777 1.101578 -0.269073
v -0.852806 0.939534 -0.431083
v -0.912132 0.728842 -0.515928
v -1.041046 0.519798 -0.506766
v -1.089985 0.310561 -0.412244
v -1.121818 0.151206 -0.242828
v -1.131700 0.065992 -0.024309
v -1.118127 0.067893 0.210045
v -1.083165 0.156620 0.424555
v -1.032137 0.318664 0.586564
v -0.972811 0.529356 0.671409
v -0.914218 0.756620 0.666172
v -0.865280 0.965857 0.571651
v -0.833447 1.125213 0.402234
v -0.823564 1.210427 0.183716
v -0.837137 1.208526 -0.050638
v -0.872099 1.119799 -0.265148
v -0.923128 0.957754 -0.427158
v -0.982454 0.747062 -0.512003
v -1.033269 0.534321 -0.434837
v -1.076205 0.350746 -0.351908
v -1.104134 0.210935 -0.203270
v -1.112804 0.136173 -0.011552
v -1.100896 0.137841 0.194059
v -1.070222 0.215685 0.382260
v -1.025452 0.357855 0.524400
v -0.973402 0.542707 0.598838
v -0.921996 0.742097 0.594244
v -0.879060 0.925672 0.511315
v -0.851131 1.065483 0.362677
v -0.842460 1.140246 0.170959
v -0.854369 1.138578 -0.034652
v -0.885043 1.060734 -0.222853
v -0.929813 0.918563 -0.364993
v -0.981863 0.733712 -0.439432
v -0.958112 0.498310 -0.511395
v -1.007050 0.289073 -0.416873
v -1.039098 0.129757 -0.247449
v -1.048551 0.044463 -0.028946
v -1.034979 0.046364 0.205399
v -1.000445 0.135172 0.419942
v -0.949202 0.297175 0.581936
v -0.889876 0.507868 0.666780
v -0.831284 0.735132 0.661543
v -0.782346 0.944369 0.567022
v -0.750512 1.103724 0.397606
v -0.740630 1.188938 0.179087
v -0.754203 1.187037 -0.055267
v -0.789165 1.098310 -0.269777
v -0.840193 0.936266 -0.431787
v -0.899520 0.725574 -0.516632
v -0.960844 0.493207 -0.536666
v -1.011891 0.274954 -0.438072
v -1.044882 0.108691 -0.261363
v -1.055619 0.000496 -0.033412
v -1.041461 0.002479 0.211049
v -1.004564 0.114339 0.434770
v -0.951551 0.283406 0.603777
v -0.889668 0.503177 0.692278
v -0.828551 0.740234 0.686815
v -0.777504 0.958488 0.588220
v -0.744299 1.124710 0.411504
v -0.733991 1.213596 0.183569
v -0.748148 1.211613 -0.060883
v -0.784617 1.119063 -0.284637
v -0.837844 0.950036 -0.453628
v -0.899727 0.730264 -0.542129
v -1.053659 0.523066 -0.506062
v -1.102597 0.313829 -0.411540
v -1.134645 0.154514 -0.242116
v -1.144099 0.069220 -0.023613
v -1.130526 0.071121 0.210732
v -1.095993 0.159928 0.425275
v -1.044750 0.321932 0.587268
v -0.985424 0.532624 0.672113
v -0.926831 0.759888 0.666876
v -0.877893 0.969125 0.572354
v -0.846060 1.128481 0.402938
v -0.836177 1.213695 0.184420
v -0.849750 1.211794 -0.049934
v -0.884712 1.123067 -0.264444
v -0.935741 0.961022 -0.426454
v -0.995067 0.750330 -0.511299
v -1.056392 0.517964 -0.531333
v -1.107439 0.299711 -0.432739
v -1.140429 0.133448 -0.256030
v -1.151167 0.025252 -0.028079
v -1.137009 0.027236 0.216382
v -1.100111 0.139095 0.440102
v -1.047099 0.308162 0.609110
v -0.985216 0.527934 0.697611
v -0.924098 0.764991 0.692148
v -0.873052 0.983244 0.593553
v -0.839846 1.149467 0.416837
v -0.829538 1.238352 0.188902
v -0.843696 1.236369 -0.055550
v -0.880164 1.143819 -0.279304
v -0.933392 0.974792 -0.448295
v -0.995275 0.755021 -0.536796
v -0.459295 0.868926 1.143463
v -0.445982 0.922967 1.131112
v -0.699789 0.419860 -1.080685
v -0.686476 0.473900 -1.093036
v -0.200100 0.801768 1.128996
v -0.186788 0.855809 1.116645
v -0.440594 0.352702 -1.095152
v -0.427282 0.406742 -1.107503
v -0.150853 0.789008 1.126247
v -0.137541 0.843049 1.113897
v -0.392850 0.337135 -1.111802
v -0.379538 0.391176 -1.124152
v 0.110228 0.725373 1.129229
v 0.123541 0.779414 1.116879
v -0.130698 0.275500 -1.098913
v -0.117385 0.329541 -1.111263
v 0.158855 0.711455 1.120745
v 0.172168 0.765496 1.108395
v -0.087485 0.251472 -1.157470
v -0.074173 0.305513 -1.169821
v 0.418050 0.644298 1.106279
v 0.431362 0.698338 1.093928
v 0.171709 0.184315 -1.171937
v 0.185022 0.238355 -1.184287
v 0.466030 0.629172 1.091816
v 0.479343 0.683213 1.079466
v 0.225301 0.179667 -1.134507
v 0.238614 0.233707 -1.146857
v 0.725225 0.562015 1.077349
v 0.738537 0.616055 1.064999
v 0.484495 0.112509 -1.148973
v 0.497808 0.166550 -1.161324
v -0.581339 0.852905 1.189818
v -0.555480 0.957875 1.165828
v -0.842499 0.365249 -1.225458
v -0.816640 0.470219 -1.249448
v -0.485790 0.828148 1.184485
v -0.459931 0.933118 1.160495
v -0.746950 0.340492 -1.230791
v -0.721091 0.445462 -1.254781
v -0.294689 1.005316 2.719805
v -0.276259 1.080131 2.702707
v -0.592260 0.544167 0.091214
v -0.566401 0.649136 0.067224
v -0.226588 0.987671 2.716004
v -0.208158 1.062486 2.698906
v -0.496711 0.519410 0.085881
v -0.470852 0.624379 0.061891
v 0.826432 0.484124 1.093634
v 0.852291 0.589094 1.069644
v 0.567165 0.000002 -1.304138
v 0.593023 0.104972 -1.328128
v 0.730883 0.508881 1.098968
v 0.756742 0.613851 1.074977
v 0.471616 0.024759 -1.298805
v 0.497474 0.129729 -1.322795
v 0.851043 0.759858 2.590723
v 0.876902 0.864827 2.566733
v 0.573737 0.242054 0.026134
v 0.599596 0.347024 0.002145
v 0.755494 0.784615 2.596056
v 0.781353 0.889584 2.572066
v 0.478189 0.266811 0.031467
v 0.504048 0.371781 0.007478
v 0.906846 0.554171 0.975641
v 0.969998 0.518601 0.888074
v 0.974763 0.537945 0.883653
v 0.916469 0.593234 0.966713
v -0.631480 0.952754 1.061502
v -0.707932 0.973935 0.977572
v -0.712697 0.954591 0.981993
v -0.621857 0.991817 1.052574
v 0.897813 0.537304 0.892103
v -0.703665 0.971458 1.065531
v -0.698899 0.990801 1.061110
v 0.907436 0.576367 0.883175
v -0.640512 0.935888 0.977964
v 0.979031 0.535468 0.971612
v 0.983796 0.554811 0.967191
v -0.630889 0.974950 0.969036
v 0.684996 0.139918 -1.076084
v 0.766213 0.138081 -0.996575
v 0.770979 0.157425 -1.000996
v 0.694618 0.178980 -1.085011
v -0.853330 0.538501 -0.990223
v -0.911717 0.593415 -0.907077
v -0.916482 0.574071 -0.902656
v -0.843707 0.577564 -0.999150
v 0.694028 0.156784 -0.992546
v -0.925515 0.557204 -0.986194
v -0.920750 0.576548 -0.990614
v 0.703651 0.195847 -1.001473
v -0.844297 0.555368 -0.906685
v 0.757180 0.121214 -1.080113
v 0.761946 0.140558 -1.084534
v -0.834674 0.594430 -0.915612
v -0.550384 1.594315 1.018355
v -0.809652 1.110193 -1.379418
v -0.451001 1.568565 1.012808
v -0.710269 1.084443 -1.384965
v -0.536941 1.648888 1.005883
v -0.796208 1.164766 -1.391890
v -0.696825 1.139015 -1.397437
v -0.437557 1.623137 1.000336
v 1.142534 1.155676 0.923865
v 0.897030 0.697255 -1.346616
v 1.043150 1.181427 0.929412
v 0.797646 0.723005 -1.341069
v 1.155977 1.210249 0.911393
v 0.910473 0.751827 -1.359089
v 0.811090 0.777578 -1.353541
v 1.056594 1.235999 0.916940
v -0.566608 0.889453 0.924603
v -0.511808 0.875254 0.921544
v -0.556485 1.582454 0.783588
v -0.501685 1.568256 0.780529
v -0.571722 0.879905 0.877312
v -0.516922 0.865706 0.874254
v -0.561598 1.572906 0.736297
v -0.506798 1.558707 0.733239
v 0.805562 0.533921 0.848016
v 0.750762 0.548119 0.851074
v 1.117603 1.148695 0.690149
v 1.062804 1.162893 0.693208
v 0.800448 0.524373 0.800725
v 0.745648 0.538571 0.803784
v 1.112490 1.139146 0.642859
v 1.057690 1.153345 0.645918
v -0.599846 0.827390 0.617216
v -0.545046 0.813191 0.614157
v -0.589722 1.520391 0.476201
v -0.534922 1.506192 0.473142
v -0.604959 0.817842 0.569925
v -0.550159 0.803643 0.566867
v -0.594835 1.510843 0.428910
v -0.540035 1.496644 0.425851
v 0.772324 0.471858 0.540628
v 0.717524 0.486057 0.543687
v 1.084366 1.086632 0.382762
v 1.029566 1.100830 0.385821
v 0.767211 0.462310 0.493338
v 0.712411 0.476508 0.496397
v 1.079253 1.077083 0.335472
v 1.024453 1.091282 0.338530
v -0.633083 0.765327 0.309828
v -0.578283 0.751128 0.306770
v -0.622959 1.458328 0.168813
v -0.568159 1.444129 0.165755
v -0.638196 0.755779 0.262538
v -0.583396 0.741580 0.259479
v -0.628073 1.448780 0.121523
v -0.573273 1.434581 0.118464
v 0.739087 0.409795 0.233241
v 0.684287 0.423994 0.236300
v 1.051129 1.024568 0.075375
v 0.996329 1.038767 0.078433
v 0.733974 0.400247 0.185951
v 0.679174 0.414445 0.189009
v 1.046015 1.015020 0.028084
v 0.991215 1.029219 0.031143
v -0.666320 0.703264 0.002441
v -0.611520 0.689065 -0.000618
v -0.656197 1.396265 -0.138574
v -0.601397 1.382067 -0.141633
v -0.671434 0.693716 -0.044849
v -0.616634 0.679517 -0.047908
v -0.661310 1.386717 -0.185864
v -0.606510 1.372518 -0.188923
v 0.705850 0.347732 -0.074146
v 0.651050 0.361931 -0.071088
v 1.017891 0.962506 -0.232013
v 0.963091 0.976704 -0.228954
v 0.700736 0.338184 -0.121437
v 0.645936 0.352382 -0.118378
v 1.012778 0.952957 -0.279303
v 0.957978 0.967156 -0.276244
v -0.699558 0.641201 -0.304947
v -0.644758 0.627002 -0.308005
v -0.689434 1.334202 -0.445961
v -0.634634 1.320003 -0.449020
v -0.704671 0.631653 -0.352237
v -0.649871 0.617454 -0.355295
v -0.694548 1.324654 -0.493252
v -0.639748 1.310455 -0.496310
v 0.672612 0.285669 -0.381534
v 0.617812 0.299868 -0.378475
v 0.984654 0.900442 -0.539400
v 0.929854 0.914641 -0.536341
v 0.667499 0.276121 -0.428824
v 0.612699 0.290319 -0.425765
v 0.979540 0.890894 -0.586690
v 0.924741 0.905093 -0.583632
v -0.732795 0.579138 -0.612334
v -0.677995 0.564939 -0.615392
v -0.722671 1.272139 -0.753349
v -0.667871 1.257940 -0.756407
v -0.737908 0.569590 -0.659624
v -0.683108 0.555391 -0.662683
v -0.727785 1.262591 -0.800639
v -0.672985 1.248392 -0.803698
v 0.639375 0.223606 -0.688921
v 0.584575 0.237805 -0.685862
v 0.951417 0.838380 -0.846787
v 0.896617 0.852578 -0.843729
v 0.634261 0.214058 -0.736211
v 0.579462 0.228256 -0.733153
v 0.946303 0.828832 -0.894078
v 0.891503 0.843030 -0.891019
v -0.766032 0.517075 -0.919721
v -0.711232 0.502876 -0.922780
v -0.755909 1.210076 -1.060736
v -0.701109 1.195877 -1.063795
v -0.771146 0.507527 -0.967011
v -0.716346 0.493328 -0.970070
v -0.761022 1.200528 -1.108027
v -0.706222 1.186329 -1.111085
v 0.606138 0.161543 -0.996308
v 0.551338 0.175742 -0.993250
v 0.918179 0.776316 -1.154175
v 0.863379 0.790515 -1.151116
v 0.601024 0.151995 -1.043599
v 0.546224 0.166193 -1.040540
v 0.913066 0.766768 -1.201465
v 0.858266 0.780967 -1.198406
v -0.513295 1.119696 0.940627
v -0.511005 1.276434 0.908733
v -0.734517 0.706615 -1.105289
v -0.732227 0.863353 -1.137183
v -0.489316 1.118852 0.938205
v -0.487026 1.275590 0.906311
v -0.708248 0.862510 -1.139605
v -0.710538 0.705772 -1.107712
v 0.872400 0.760659 0.863285
v 0.942975 0.899704 0.827580
v 0.651178 0.347579 -1.182631
v 0.721753 0.486624 -1.218336
v 0.850908 0.771598 0.863400
v 0.921483 0.910643 0.827695
v 0.700261 0.497562 -1.218221
v 0.629686 0.358517 -1.182516
v 1.009913 0.314331 0.507132
v 0.998378 0.267504 0.517834
v 0.962162 0.326703 0.509797
v 0.950627 0.279877 0.520499
v 0.997399 0.450412 -0.474535
v 0.985560 0.410426 -0.501017
v 0.949648 0.462785 -0.471870
v 0.937809 0.422799 -0.498352
v 1.072809 0.664864 -0.118991
v 1.067602 0.655142 -0.167144
v 1.025057 0.677237 -0.116326
v 1.019851 0.667515 -0.164479
v 1.071346 0.570611 0.292351
v 1.075821 0.596848 0.250735
v 1.023595 0.582983 0.295016
v 1.028070 0.609220 0.253400
v -1.019748 0.547514 -0.459457
v -1.031283 0.500687 -0.448755
v -0.903635 0.764327 0.614383
v -0.915171 0.717501 0.625084
v -0.971997 0.535142 -0.462122
v -0.983533 0.488315 -0.451420
v -0.855884 0.751955 0.611717
v -0.867420 0.705128 0.622419
v -0.911641 0.945048 -0.367983
v -0.923479 0.905062 -0.394465
v -1.011440 0.359953 0.560093
v -1.023278 0.319967 0.533611
v -0.863890 0.932676 -0.370648
v -0.875728 0.892690 -0.397130
v -0.963689 0.347580 0.557427
v -0.975527 0.307594 0.530946
v -0.836231 1.159500 -0.012439
v -0.841438 1.149778 -0.060592
v -1.093481 0.115237 0.226219
v -1.098688 0.105514 0.178066
v -0.788480 1.147128 -0.015104
v -0.793687 1.137406 -0.063257
v -1.045730 0.102864 0.223554
v -1.050937 0.093142 0.175401
v -0.837693 1.065247 0.398903
v -0.833218 1.091484 0.357287
v -1.101701 0.173531 -0.191659
v -1.097225 0.199768 -0.233276
v -0.789942 1.052875 0.396238
v -0.785467 1.079111 0.354622
v -1.053950 0.161159 -0.194324
v -1.049475 0.187395 -0.235941
v -0.977521 0.605787 0.113356
v -0.966803 0.641986 0.137329
v -0.955851 0.686446 0.127168
v -0.951800 0.710198 0.089493
v -0.978413 0.620308 0.029961
v -0.982464 0.596556 0.067636
v -0.956743 0.700967 0.043774
v -0.967460 0.664768 0.019800
v 0.951286 0.145005 0.030272
v 0.940568 0.108806 0.006298
v 0.966290 0.213217 -0.017564
v 0.962238 0.189465 0.020111
v 0.935625 0.099575 -0.039421
v 0.939676 0.123327 -0.077096
v 0.950629 0.167787 -0.087257
v 0.961346 0.203986 -0.063283
v 0.756144 0.412277 0.455489
v -0.623518 0.769750 0.532494
v 0.776559 0.450397 0.644292
v -0.603103 0.807870 0.721298
v 0.735875 0.330001 0.474292
v -0.643786 0.687474 0.551297
v -0.623371 0.725595 0.740101
v 0.756290 0.368122 0.663096
v 0.639374 0.194238 -0.624421
v -0.740287 0.551711 -0.547415
v 0.618959 0.156117 -0.813224
v -0.760702 0.513590 -0.736219
v 0.619106 0.111962 -0.605617
v -0.760555 0.469435 -0.528612
v -0.780970 0.431315 -0.717416
v 0.598691 0.073842 -0.794421
v -0.329540 0.768474 0.650472
v -0.336104 0.756218 0.589768
v -0.278540 0.741303 0.586555
v -0.271976 0.753559 0.647259
v -0.021098 0.688556 0.633256
v -0.027662 0.676300 0.572552
v 0.029902 0.661385 0.569339
v 0.036466 0.673641 0.630043
v 0.287344 0.608638 0.616041
v 0.280780 0.596382 0.555336
v 0.338343 0.581467 0.552123
v 0.344907 0.593723 0.612828
v 0.595785 0.528721 0.598825
v 0.589221 0.516464 0.538121
v 0.646785 0.501549 0.534908
v 0.653349 0.513806 0.595612
v -0.315269 0.787686 0.632864
v -0.319329 0.780105 0.595316
v -0.280968 0.770165 0.593175
v -0.276908 0.777746 0.630723
v -0.006827 0.707768 0.615648
v -0.010887 0.700187 0.578101
v 0.027474 0.690248 0.575960
v 0.031534 0.697829 0.613507
v 0.301615 0.627850 0.598433
v 0.297555 0.620269 0.560885
v 0.335915 0.610330 0.558744
v 0.339975 0.617911 0.596292
v 0.610056 0.547932 0.581217
v 0.605996 0.540351 0.543670
v 0.644357 0.530412 0.541529
v 0.648417 0.537993 0.579076
v -0.473770 0.805845 0.658522
v -0.480334 0.793588 0.597818
v -0.422770 0.778673 0.594605
v -0.416207 0.790930 0.655309
v -0.165329 0.725927 0.641306
v -0.171893 0.713670 0.580602
v -0.114329 0.698755 0.577389
v -0.107765 0.711012 0.638093
v 0.143113 0.646009 0.624091
v 0.136549 0.633752 0.563386
v 0.194113 0.618838 0.560174
v 0.200677 0.631094 0.620878
v 0.451554 0.566091 0.606875
v 0.444991 0.553834 0.546171
v 0.502554 0.538920 0.542958
v 0.509118 0.551176 0.603662
v -0.459499 0.825056 0.640914
v -0.463559 0.817475 0.603367
v -0.425199 0.807536 0.601225
v -0.421139 0.815117 0.638773
v -0.151058 0.745138 0.623699
v -0.155118 0.737557 0.586151
v -0.116757 0.727618 0.584010
v -0.112697 0.735199 0.621557
v 0.157384 0.665220 0.606483
v 0.153324 0.657639 0.568935
v 0.191684 0.647700 0.566794
v 0.195744 0.655281 0.604342
v 0.465825 0.585303 0.589267
v 0.461765 0.577722 0.551720
v 0.500126 0.567782 0.549579
v 0.504186 0.575363 0.587126
v -0.468137 0.509676 -0.631311
v -0.474701 0.497419 -0.692015
v -0.417137 0.482504 -0.695228
v -0.410573 0.494761 -0.634524
v -0.159695 0.429758 -0.648527
v -0.166259 0.417502 -0.709231
v -0.108696 0.402587 -0.712444
v -0.102132 0.414843 -0.651740
v 0.148746 0.349840 -0.665742
v 0.142182 0.337584 -0.726447
v 0.199746 0.322669 -0.729659
v 0.206310 0.334925 -0.668955
v 0.457188 0.269922 -0.682958
v 0.450624 0.257666 -0.743662
v 0.508188 0.242751 -0.746875
v 0.514751 0.255007 -0.686171
v -0.453866 0.528887 -0.648919
v -0.457926 0.521306 -0.686467
v -0.419565 0.511367 -0.688608
v -0.415505 0.518948 -0.651060
v -0.145424 0.448970 -0.666134
v -0.149484 0.441389 -0.703682
v -0.111124 0.431449 -0.705823
v -0.107064 0.439030 -0.668276
v 0.163017 0.369052 -0.683350
v 0.158957 0.361471 -0.720898
v 0.197318 0.351531 -0.723039
v 0.201378 0.359112 -0.685491
v 0.471459 0.289134 -0.700566
v 0.467399 0.281553 -0.738113
v 0.505759 0.271614 -0.740254
v 0.509819 0.279195 -0.702707
v -0.612368 0.547046 -0.623261
v -0.618932 0.534790 -0.683965
v -0.561368 0.519875 -0.687178
v -0.554804 0.532131 -0.626474
v -0.303926 0.467128 -0.640476
v -0.310490 0.454872 -0.701181
v -0.252926 0.439957 -0.704394
v -0.246362 0.452214 -0.643689
v 0.004515 0.387211 -0.657692
v -0.002048 0.374954 -0.718396
v 0.055515 0.360039 -0.721609
v 0.062079 0.372296 -0.660905
v 0.312957 0.307293 -0.674908
v 0.306393 0.295036 -0.735612
v 0.363957 0.280121 -0.738825
v 0.370521 0.292378 -0.678121
v -0.598097 0.566258 -0.640869
v -0.602157 0.558677 -0.678416
v -0.563796 0.548738 -0.680557
v -0.559736 0.556319 -0.643010
v -0.289655 0.486340 -0.658084
v -0.293715 0.478759 -0.695632
v -0.255354 0.468820 -0.697773
v -0.251294 0.476401 -0.660225
v 0.018786 0.406422 -0.675300
v 0.014726 0.398841 -0.712847
v 0.053087 0.388902 -0.714989
v 0.057147 0.396483 -0.677441
v 0.327228 0.326504 -0.692515
v 0.323168 0.318923 -0.730063
v 0.361529 0.308984 -0.732204
v 0.365589 0.316565 -0.694657
v 0.928125 0.114644 -0.156968
v 0.917318 0.068435 -0.136093
v 0.910287 0.033241 -0.098678
v 0.908105 0.014422 -0.050418
v 0.911102 0.014842 0.001338
v 0.918824 0.034437 0.048712
v 0.930093 0.070224 0.084492
v 0.943195 0.116755 0.103229
v 0.956135 0.166946 0.102073
v 0.966943 0.213155 0.081198
v 0.973973 0.248349 0.043783
v 0.976156 0.267168 -0.004477
v 0.973158 0.266748 -0.056233
v 0.965437 0.247153 -0.103607
v 0.954168 0.211366 -0.139387
v 0.941065 0.164835 -0.158125
v 0.992349 0.109243 -0.111376
v 0.985620 0.080473 -0.098379
v 0.981243 0.058562 -0.075085
v 0.979884 0.046845 -0.045039
v 0.981751 0.047106 -0.012815
v 0.986558 0.059306 0.016679
v 0.993574 0.081587 0.038955
v 1.001731 0.110557 0.050621
v 1.009788 0.141805 0.049901
v 1.016517 0.170575 0.036905
v 1.020894 0.192486 0.013610
v 1.022253 0.204203 -0.016436
v 1.020386 0.203941 -0.048659
v 1.015579 0.191742 -0.078154
v 1.008563 0.169461 -0.100430
v 1.000405 0.140491 -0.112096
v 0.942130 0.140795 -0.027447
v -0.980914 0.609280 -0.050416
v -0.991722 0.563070 -0.029541
v -0.998752 0.527877 0.007875
v -1.000934 0.509058 0.056134
v -0.997937 0.509478 0.107890
v -0.990216 0.529073 0.155265
v -0.978946 0.564860 0.191044
v -0.965844 0.611391 0.209782
v -0.952904 0.661582 0.208625
v -0.942096 0.707791 0.187750
v -0.935066 0.742984 0.150335
v -0.932883 0.761804 0.102076
v -0.935881 0.761384 0.050319
v -0.943602 0.741789 0.002945
v -0.954872 0.706002 -0.032834
v -0.967974 0.659471 -0.051572
v -1.034566 0.634420 0.001756
v -1.041295 0.605651 0.014752
v -1.045672 0.583740 0.038047
v -1.047031 0.572023 0.068093
v -1.045165 0.572284 0.100316
v -1.040358 0.584484 0.129811
v -1.033341 0.606765 0.152087
v -1.025184 0.635735 0.163753
v -1.017128 0.666983 0.163033
v -1.010399 0.695753 0.150036
v -1.006022 0.717664 0.126742
v -1.004663 0.729381 0.096696
v -1.006529 0.729119 0.064473
v -1.011336 0.716920 0.034978
v -1.018353 0.694639 0.012702
v -1.026510 0.665669 0.001036
v -0.966909 0.635431 0.079105
v 0.873302 0.124557 -0.269608
v 0.861766 0.077730 -0.258906
v 0.906116 0.012527 -0.077255
v 0.910591 0.038764 -0.118871
v 0.917293 0.033577 0.025284
v 0.912087 0.023855 -0.022868
v 0.928783 0.048137 0.163551
v 0.916945 0.008151 0.137069
v 0.909517 0.065358 -0.261571
v 0.921053 0.112185 -0.272273
v 0.862840 0.051136 -0.116206
v 0.858365 0.024900 -0.074590
v 0.864336 0.036227 -0.020203
v 0.869542 0.045950 0.027950
v 0.869194 0.020524 0.139735
v 0.881032 0.060510 0.166216
v 0.858401 0.655124 -0.799729
v 0.803601 0.669323 -0.796671
v 0.898690 0.735026 -0.869990
v 0.843890 0.749225 -0.866931
v 0.798488 0.659774 -0.843961
v 0.849004 0.758773 -0.819641
v 0.903804 0.744574 -0.822699
v 0.853288 0.645576 -0.847020
v -0.285630 0.535903 -0.128712
v -0.227195 0.676869 0.290722
v 0.018543 0.555589 0.287109
v -0.014060 0.521112 -0.159214
v -0.274527 0.588698 -0.144485
v 0.033232 0.609366 0.275870
v -0.027709 0.469173 -0.142917
v -0.239420 0.622402 0.301191
v 0.011531 0.750946 1.134738
v 0.024844 0.804987 1.122388
v -0.053177 0.659442 0.400713
v -0.067992 0.602312 0.399402
v -0.297054 0.312314 -1.117148
v -0.283741 0.366355 -1.129499
v -0.182917 0.554564 -0.200783
v -0.194625 0.503632 -0.166130
v 0.905404 0.734046 0.473302
v 0.850604 0.748245 0.476360
v 1.010525 0.846872 0.425316
v 0.955725 0.861071 0.428374
v 0.845491 0.738697 0.429070
v 0.960838 0.870619 0.475665
v 1.015638 0.856420 0.472606
v 0.900290 0.724498 0.426011
v -0.423837 0.858656 1.648825
v -0.397979 0.963626 1.624835
v -0.328289 0.833899 1.643492
v -0.302430 0.938869 1.619502
v -0.652504 1.012218 -0.399883
v -0.661004 0.843883 -0.425426
v -0.628525 1.011374 -0.402305
v -0.637025 0.843040 -0.427848
v -0.614279 1.083594 -0.046368
v -0.590300 1.082751 -0.048791
v -0.616569 0.926856 -0.014474
v -0.592590 0.926013 -0.016897
v -0.735622 0.755081 -1.133094
v -0.711643 0.754238 -1.135517
v -0.657249 0.901424 -0.408280
v -0.633270 0.900581 -0.410703
v -0.511660 1.231642 0.917848
v -0.487681 1.230799 0.915425
v -0.580000 1.058413 0.061629
v -0.603980 1.059256 0.064052
v 1.022438 0.931426 -0.186805
v 0.923055 0.957177 -0.181258
v 1.035882 0.985999 -0.199277
v 0.936499 1.011750 -0.193730
v 1.104845 1.020835 -0.008293
v 1.093903 0.976418 0.001858
v 1.023955 1.041794 -0.003778
v 1.013013 0.997376 0.006373
v 1.274634 -0.007648 0.732746
v 1.249755 0.026300 0.770728
v 1.824794 0.104191 0.806531
v 1.799915 0.138139 0.844513
v 1.271933 0.027576 0.699494
v 1.247055 0.061523 0.737476
v 1.822093 0.139415 0.773279
v 1.797215 0.173362 0.811261
v 1.285799 0.085799 0.483502
v 1.433948 0.085799 0.340420
v 1.516065 0.085799 0.151536
v 1.519648 0.085798 -0.054395
v 1.444152 0.085798 -0.246021
v 1.301070 0.085798 -0.394170
v 1.112186 0.085798 -0.476287
v 0.906255 0.085798 -0.479870
v 0.714629 0.085798 -0.404374
v 1.094173 0.085799 0.558998
v 1.325722 0.085799 0.545561
v 1.494581 0.085799 0.382478
v 1.588177 0.085799 0.167189
v 1.592261 0.085798 -0.067529
v 1.506211 0.085798 -0.285944
v 1.343128 0.085798 -0.454803
v 1.127839 0.085798 -0.548399
v 0.893121 0.085798 -0.552482
v 0.674706 0.085798 -0.466433
v 1.107308 0.085799 0.631611
v 1.325722 0.013049 0.545561
v 1.494581 0.013048 0.382478
v 1.588176 0.013048 0.167189
v 1.592261 0.013048 -0.067529
v 1.506211 0.013048 -0.285944
v 1.343128 0.013048 -0.454803
v 1.127839 0.013048 -0.548398
v 0.893121 0.013048 -0.552482
v 0.674706 0.013048 -0.466433
v 1.107308 0.013049 0.631611
v 1.285800 0.013049 0.483502
v 1.433948 0.013048 0.340420
v 1.516065 0.013048 0.151536
v 1.519648 0.013048 -0.054395
v 1.444152 0.013048 -0.246021
v 1.301070 0.013048 -0.394170
v 1.112186 0.013048 -0.476287
v 0.906256 0.013048 -0.479870
v 0.714629 0.013048 -0.404374
v 1.094173 0.013049 0.558998
v 1.325722 0.098847 0.545561
v 1.494581 0.098847 0.382478
v 1.588177 0.098847 0.167189
v 1.592261 0.098846 -0.067529
v 1.506211 0.098846 -0.285944
v 1.343128 0.098846 -0.454803
v 1.127839 0.098846 -0.548399
v 0.893121 0.098846 -0.552483
v 0.674706 0.098846 -0.466433
v 1.107308 0.098847 0.631610
v 1.339749 0.098847 0.567365
v 1.515884 0.098847 0.397254
v 1.613513 0.098847 0.172689
v 1.617773 0.098846 -0.072144
v 1.528015 0.098846 -0.299970
v 1.357905 0.098846 -0.476106
v 1.133339 0.098846 -0.573735
v 0.888506 0.098846 -0.577995
v 0.660680 0.098846 -0.488237
v 1.111923 0.098847 0.657123
v 1.325722 0.000000 0.545561
v 1.494581 0.000000 0.382478
v 1.588177 -0.000000 0.167189
v 1.592261 -0.000000 -0.067529
v 1.506211 -0.000000 -0.285944
v 1.343128 -0.000001 -0.454803
v 1.127839 -0.000001 -0.548398
v 0.893121 -0.000001 -0.552482
v 0.674706 -0.000000 -0.466433
v 1.107308 0.000000 0.631611
v 1.339748 0.000000 0.567365
v 1.515884 0.000000 0.397254
v 1.613513 -0.000000 0.172689
v 1.617773 -0.000000 -0.072144
v 1.528015 -0.000000 -0.299970
v 1.357904 -0.000001 -0.476106
v 1.133339 -0.000001 -0.573735
v 0.888506 -0.000001 -0.577995
v 0.660680 -0.000000 -0.488237
v 1.111922 0.000000 0.657123
v 1.278949 0.024142 0.511662
v 1.320495 0.024142 0.484936
v 1.278949 0.073542 0.511662
v 1.320495 0.073542 0.484936
v 1.094420 0.024142 -0.508474
v 1.142695 0.024142 -0.497995
v 1.094420 0.073541 -0.508474
v 1.142695 0.073541 -0.497995
v 1.451599 0.028740 -0.283727
v 1.478325 0.028740 -0.242181
v 1.451599 0.078140 -0.283727
v 1.478325 0.078140 -0.242181
v 1.545242 0.024142 0.127757
v 1.534763 0.024142 0.176033
v 1.545242 0.073542 0.127757
v 1.534763 0.073542 0.176032
v 1.115917 0.024142 0.258231
v 1.157462 0.024142 0.231505
v 1.142446 0.073542 0.040325
v 1.131967 0.073542 0.088600
v 1.195526 0.049399 -0.118995
v 1.222252 0.049400 -0.077450
v 1.021402 0.073541 -0.172085
v 1.069678 0.073541 -0.161606
v 1.157462 0.073542 0.231505
v 1.115917 0.073542 0.258231
v 1.131967 0.024142 0.088600
v 1.142446 0.024142 0.040325
v 1.222252 -0.000000 -0.077450
v 1.195526 -0.000000 -0.118995
v 1.069678 0.024142 -0.161606
v 1.021402 0.024142 -0.172085
v 1.725662 0.000000 0.716695
v 1.683932 0.000000 0.673862
v 1.725662 0.067952 0.716695
v 1.683932 0.067952 0.673862
v 1.464373 0.000001 0.971251
v 1.422644 0.000001 0.928417
v 1.422644 0.067952 0.928417
v 1.464373 0.067952 0.971251
v -0.359312 0.250217 0.032855
v -0.355261 0.273969 -0.004820
v -0.333591 0.354628 0.008993
v -0.344308 0.318429 -0.014981
v -0.354368 0.259448 0.078575
v -0.343651 0.295647 0.102548
v -0.328647 0.363859 0.054712
v -0.332698 0.340108 0.092387
v 0.987064 0.099373 -0.160257
v 0.976256 0.053164 -0.139383
v 0.969225 0.017970 -0.101967
v 0.967043 -0.000849 -0.053708
v 0.970040 -0.000429 -0.001952
v 0.977762 0.019166 0.045423
v 0.989031 0.054953 0.081202
v 1.002133 0.101484 0.099940
v 1.015073 0.151675 0.098783
v 1.025881 0.197884 0.077908
v 1.032912 0.233078 0.040493
v 1.035094 0.251897 -0.007766
v 1.032096 0.251477 -0.059523
v 1.024375 0.231882 -0.106897
v 1.013106 0.196095 -0.142676
v 1.000003 0.149564 -0.161414
v -1.039852 0.624551 -0.047126
v -1.050660 0.578341 -0.026251
v -1.057690 0.543148 0.011164
v -1.059873 0.524329 0.059424
v -1.056875 0.524749 0.111180
v -1.049154 0.544344 0.158554
v -1.037884 0.580131 0.194334
v -1.024782 0.626662 0.213071
v -1.011842 0.676853 0.211915
v -1.001034 0.723062 0.191040
v -0.994004 0.758255 0.153625
v -0.991821 0.777075 0.105365
v -0.994819 0.776655 0.053609
v -1.002540 0.757060 0.006235
v -1.013810 0.721273 -0.029545
v -1.026912 0.674742 -0.048283
v 0.968103 0.095203 -0.053398
v 0.970968 0.095604 -0.003935
v 0.968377 0.089028 -0.019834
v 0.986611 0.166989 -0.055052
v 0.989202 0.173565 -0.039154
v 0.974750 0.107614 0.008072
v 0.982829 0.154979 -0.067059
v 0.979147 0.123229 0.014360
v 0.978432 0.139364 -0.073347
v 0.983489 0.140072 0.013972
v 0.970463 0.107013 -0.065954
v 0.974090 0.122521 -0.072959
v 0.987116 0.155580 0.006966
v 0.989476 0.167390 -0.005590
v 0.967371 0.088887 -0.037202
v 0.990208 0.173706 -0.021785
v -1.014254 0.608835 0.057247
v -1.011389 0.609237 0.106709
v -1.013980 0.602661 0.090811
v -0.995746 0.680622 0.055593
v -0.993155 0.687198 0.071491
v -1.007608 0.621246 0.118716
v -0.999528 0.668612 0.043585
v -1.003211 0.636862 0.125005
v -1.003925 0.652997 0.037297
v -0.998868 0.653705 0.124616
v -1.011895 0.620646 0.044691
v -1.008268 0.636153 0.037685
v -0.995241 0.669212 0.117611
v -0.992882 0.681023 0.105055
v -1.014987 0.602520 0.073442
v -0.992149 0.687338 0.088860
v 0.970070 0.115015 -0.110132
v 0.963341 0.086245 -0.097135
v 0.958964 0.064334 -0.073841
v 0.957605 0.052618 -0.043795
v 0.959472 0.052879 -0.011572
v 0.964279 0.065079 0.017923
v 0.971295 0.087360 0.040199
v 0.979452 0.116329 0.051865
v 0.987509 0.147578 0.051145
v 0.994238 0.176348 0.038148
v 0.998615 0.198259 0.014854
v 0.999974 0.209975 -0.015192
v 0.998107 0.209714 -0.047415
v 0.993300 0.197514 -0.076910
v 0.986284 0.175233 -0.099186
v 0.978126 0.146264 -0.110852
v -1.012287 0.628648 0.000512
v -1.019016 0.599878 0.013509
v -1.023393 0.577967 0.036804
v -1.024752 0.566250 0.066849
v -1.022886 0.566512 0.099073
v -1.018078 0.578711 0.128568
v -1.011062 0.600992 0.150844
v -1.002905 0.629962 0.162510
v -0.994849 0.661210 0.161789
v -0.988120 0.689980 0.148793
v -0.983743 0.711891 0.125498
v -0.982384 0.723608 0.095452
v -0.984250 0.723347 0.063229
v -0.989057 0.711147 0.033734
v -0.996074 0.688866 0.011458
v -1.004231 0.659896 -0.000208
v 0.984813 0.090873 -0.054330
v 0.995499 0.126967 -0.030426
v 0.987677 0.091275 -0.004868
v 0.985086 0.084699 -0.020766
v 1.003320 0.162659 -0.055984
v 1.005911 0.169235 -0.040086
v 0.991459 0.103284 0.007139
v 0.999538 0.150650 -0.067992
v 0.995856 0.118899 0.013427
v 0.995141 0.135035 -0.074280
v 1.000199 0.135743 0.013039
v 0.987172 0.102684 -0.066886
v 0.990799 0.118191 -0.073892
v 1.003826 0.151250 0.006034
v 1.006185 0.163061 -0.006522
v 0.984080 0.084558 -0.038135
v 1.006917 0.169376 -0.022717
v -1.030964 0.613165 0.058180
v -1.020277 0.649259 0.082084
v -1.028099 0.613566 0.107642
v -1.030690 0.606990 0.091744
v -1.012456 0.684951 0.056525
v -1.009865 0.691527 0.072423
v -1.024317 0.625576 0.119649
v -1.016238 0.672941 0.044518
v -1.019920 0.641191 0.125937
v -1.020635 0.657326 0.038230
v -1.015578 0.658035 0.125549
v -1.028604 0.624975 0.045623
v -1.024977 0.640483 0.038618
v -1.011950 0.673542 0.118544
v -1.009591 0.685352 0.105988
v -1.031696 0.606849 0.074375
v -1.008859 0.691668 0.089792
vt 0.996797 0.639784
vt 0.996797 0.642395
vt 0.994203 0.642395
vt 0.994203 0.639784
vt 0.065508 0.926862
vt 0.065508 0.891641
vt 0.069323 0.890882
vt 0.069323 0.927621
vt 0.977489 0.333662
vt 0.977489 0.328820
vt 0.984868 0.327352
vt 0.984868 0.335130
vt 0.037940 0.927621
vt 0.037940 0.890882
vt 0.041755 0.891641
vt 0.041755 0.926863
vt 0.224174 0.910167
vt 0.227989 0.910926
vt 0.227989 0.946147
vt 0.224174 0.946906
vt 0.985218 0.803601
vt 0.990830 0.802485
vt 0.990830 0.807328
vt 0.985218 0.806212
vt 0.773941 0.917428
vt 0.773941 0.954167
vt 0.770126 0.953408
vt 0.770126 0.918187
vt 0.975500 0.516415
vt 0.983279 0.516415
vt 0.983279 0.525563
vt 0.975500 0.525563
vt 0.892893 0.427567
vt 0.892893 0.464306
vt 0.878063 0.464306
vt 0.878063 0.427567
vt 0.984084 0.373018
vt 0.976705 0.374486
vt 0.976705 0.366708
vt 0.984084 0.368175
vt 0.075695 0.928909
vt 0.079510 0.928150
vt 0.079510 0.964889
vt 0.075695 0.964130
vt 0.419075 0.928696
vt 0.422890 0.927937
vt 0.422890 0.964676
vt 0.419075 0.963917
vt 0.426068 0.645339
vt 0.422253 0.646098
vt 0.422253 0.609359
vt 0.426068 0.610117
vt 0.975749 0.493349
vt 0.983128 0.491881
vt 0.983128 0.499660
vt 0.975749 0.498192
vt 0.947043 0.506658
vt 0.947043 0.471437
vt 0.950858 0.470678
vt 0.950858 0.507417
vt 0.976705 0.359219
vt 0.976705 0.356608
vt 0.982317 0.355492
vt 0.982317 0.360335
vt 0.950948 0.756438
vt 0.950948 0.793177
vt 0.947133 0.792418
vt 0.947133 0.757197
vt 0.099885 0.928909
vt 0.099885 0.964130
vt 0.096070 0.964889
vt 0.096070 0.928150
vt 0.947733 0.867962
vt 0.951548 0.868721
vt 0.951548 0.903942
vt 0.947733 0.904701
vt 0.976980 0.834917
vt 0.976980 0.830074
vt 0.984360 0.828607
vt 0.984360 0.836385
vt 0.952499 0.991017
vt 0.946545 0.991017
vt 0.946545 0.985238
vt 0.952499 0.985238
vt 0.756801 0.989647
vt 0.760259 0.989647
vt 0.760259 0.994490
vt 0.756801 0.994490
vt 0.994203 0.682776
vt 0.994203 0.680165
vt 0.996797 0.680165
vt 0.996797 0.682776
vt 0.993648 0.896264
vt 0.993648 0.901107
vt 0.990190 0.901107
vt 0.990190 0.896264
vt 0.332897 0.835734
vt 0.318066 0.835734
vt 0.318066 0.798996
vt 0.332897 0.798995
vt 0.445404 0.990979
vt 0.439450 0.990979
vt 0.439450 0.985200
vt 0.445404 0.985200
vt 0.949508 0.175351
vt 0.952101 0.175351
vt 0.952101 0.177961
vt 0.949508 0.177961
vt 0.983772 0.457480
vt 0.989726 0.457480
vt 0.989726 0.463259
vt 0.983772 0.463259
vt 0.993580 0.962520
vt 0.990122 0.962520
vt 0.990122 0.957677
vt 0.993580 0.957677
vt 0.065973 0.991303
vt 0.065973 0.993913
vt 0.063379 0.993913
vt 0.063379 0.991303
vt 0.675885 0.992475
vt 0.675885 0.989864
vt 0.681497 0.988748
vt 0.681497 0.993591
vt 0.477941 0.989534
vt 0.477941 0.992145
vt 0.472330 0.993261
vt 0.472330 0.988418
vt 0.956957 0.462028
vt 0.956957 0.426807
vt 0.960772 0.426048
vt 0.960772 0.462787
vt 0.961046 0.470678
vt 0.961046 0.507417
vt 0.957231 0.506658
vt 0.957231 0.471437
vt 0.900614 0.355911
vt 0.906226 0.354794
vt 0.906226 0.359637
vt 0.900614 0.358521
vt 0.975993 0.106566
vt 0.983372 0.105098
vt 0.983372 0.112877
vt 0.975993 0.111409
vt 0.401687 0.931157
vt 0.401687 0.967896
vt 0.397872 0.967137
vt 0.397872 0.931916
vt 0.564807 0.993116
vt 0.564807 0.990506
vt 0.570419 0.989390
vt 0.570419 0.994232
vt 0.375086 0.989282
vt 0.375086 0.991893
vt 0.369474 0.993009
vt 0.369474 0.988166
vt 0.952090 0.814456
vt 0.952090 0.851194
vt 0.948275 0.850436
vt 0.948275 0.815215
vt 0.143765 0.781079
vt 0.158595 0.781066
vt 0.158595 0.817803
vt 0.143765 0.817816
vt 0.571466 0.275180
vt 0.571466 0.311918
vt 0.556636 0.311905
vt 0.556636 0.275167
vt 0.811628 0.964690
vt 0.819407 0.964690
vt 0.819407 0.973838
vt 0.811628 0.973838
vt 0.822346 0.163295
vt 0.859085 0.163295
vt 0.859085 0.178125
vt 0.822346 0.178125
vt 0.976370 0.973296
vt 0.983749 0.971828
vt 0.983749 0.979607
vt 0.976370 0.978139
vt 0.397872 0.992873
vt 0.397872 0.990263
vt 0.403484 0.989146
vt 0.403484 0.993989
vt 0.976370 0.959145
vt 0.983749 0.957677
vt 0.983749 0.965456
vt 0.976370 0.963988
vt 0.950525 0.630801
vt 0.950525 0.667540
vt 0.946710 0.666781
vt 0.946709 0.631560
vt 0.960712 0.673913
vt 0.960712 0.710652
vt 0.956897 0.709893
vt 0.956897 0.674672
vt 0.975993 0.068956
vt 0.975993 0.064113
vt 0.983372 0.062645
vt 0.983372 0.070424
vt 0.744817 0.993374
vt 0.744817 0.990764
vt 0.750429 0.989647
vt 0.750429 0.994490
vt 0.976439 0.874273
vt 0.976439 0.869430
vt 0.983818 0.867962
vt 0.983818 0.875741
vt 0.975993 0.083107
vt 0.975993 0.078264
vt 0.983372 0.076796
vt 0.983372 0.084575
vt 0.976090 0.940845
vt 0.983470 0.939377
vt 0.983470 0.947156
vt 0.976090 0.945688
vt 0.440278 0.889351
vt 0.440278 0.852613
vt 0.455108 0.852613
vt 0.455108 0.889351
vt 0.476311 0.889351
vt 0.461481 0.889351
vt 0.461481 0.852613
vt 0.476311 0.852613
vt 0.335297 0.932580
vt 0.339112 0.931821
vt 0.339112 0.968559
vt 0.335301 0.967803
vt 0.944946 0.186803
vt 0.951247 0.184498
vt 0.951247 0.222432
vt 0.947393 0.221938
vt 0.693386 0.981244
vt 0.693386 0.990179
vt 0.689185 0.988689
vt 0.689185 0.982734
vt 0.960797 0.560285
vt 0.960797 0.595507
vt 0.956982 0.596266
vt 0.956982 0.559527
vt 0.558530 0.767899
vt 0.562345 0.767140
vt 0.562345 0.803879
vt 0.558530 0.803120
vt 0.744817 0.976964
vt 0.752196 0.975496
vt 0.752196 0.983275
vt 0.744817 0.981807
vt 0.957921 0.904701
vt 0.957921 0.867962
vt 0.961736 0.868721
vt 0.961736 0.903942
vt 0.975993 0.049962
vt 0.983372 0.048494
vt 0.983372 0.056273
vt 0.975993 0.054805
vt 0.976439 0.883581
vt 0.983818 0.882113
vt 0.983818 0.889892
vt 0.976439 0.888424
vt 0.955074 0.003945
vt 0.958889 0.003186
vt 0.958889 0.039925
vt 0.955074 0.039166
vt 0.919766 0.915325
vt 0.923581 0.914566
vt 0.923581 0.951305
vt 0.919766 0.950546
vt 0.988319 0.120365
vt 0.993931 0.119249
vt 0.993931 0.124092
vt 0.988319 0.122976
vt 0.408060 0.967136
vt 0.408063 0.931913
vt 0.411875 0.931157
vt 0.411875 0.967895
vt 0.951103 0.048494
vt 0.951103 0.086428
vt 0.944802 0.084123
vt 0.947248 0.048988
vt 0.112255 0.981098
vt 0.112255 0.990033
vt 0.108053 0.988542
vt 0.108053 0.982588
vt 0.958971 0.313960
vt 0.962786 0.313201
vt 0.962786 0.349940
vt 0.958971 0.349181
vt 0.469493 0.931157
vt 0.469493 0.967895
vt 0.465678 0.967136
vt 0.465682 0.931913
vt 0.977489 0.319511
vt 0.977489 0.314669
vt 0.984869 0.313201
vt 0.984869 0.320979
vt 0.976980 0.820766
vt 0.976980 0.815924
vt 0.984359 0.814456
vt 0.984359 0.822234
vt 0.975839 0.791051
vt 0.975839 0.786208
vt 0.983218 0.784740
vt 0.983218 0.792518
vt 0.192597 0.944861
vt 0.192597 0.942250
vt 0.198209 0.941134
vt 0.198209 0.945977
vt 0.957573 0.947814
vt 0.957573 0.911075
vt 0.961388 0.911834
vt 0.961388 0.947055
vt 0.985941 0.177291
vt 0.981098 0.177291
vt 0.981098 0.173833
vt 0.985941 0.173833
vt 0.994203 0.648767
vt 0.996814 0.648767
vt 0.996814 0.651361
vt 0.994203 0.651361
vt 0.729834 0.993545
vt 0.727240 0.993545
vt 0.727240 0.990934
vt 0.729834 0.990934
vt 0.089846 0.979040
vt 0.089846 0.971261
vt 0.098994 0.971261
vt 0.098994 0.979040
vt 0.990732 0.833450
vt 0.990732 0.828607
vt 0.994190 0.828607
vt 0.994190 0.833450
vt 0.994203 0.662233
vt 0.996814 0.662233
vt 0.996814 0.664827
vt 0.994203 0.664827
vt 0.095800 0.991192
vt 0.089846 0.991192
vt 0.089846 0.985412
vt 0.095800 0.985412
vt 0.987831 0.723332
vt 0.983745 0.721550
vt 0.983745 0.715771
vt 0.987831 0.713988
vt 0.981947 0.119249
vt 0.981947 0.125029
vt 0.975993 0.125029
vt 0.975993 0.119249
vt 0.995033 0.231414
vt 0.992440 0.231414
vt 0.992440 0.228804
vt 0.995033 0.228804
vt 0.492852 0.965474
vt 0.492852 0.974622
vt 0.485073 0.974622
vt 0.485073 0.965474
vt 0.318066 0.985444
vt 0.323846 0.985444
vt 0.323846 0.991398
vt 0.318066 0.991398
vt 0.866351 0.141387
vt 0.881182 0.141387
vt 0.881182 0.178125
vt 0.866351 0.178125
vt 0.906097 0.990425
vt 0.909555 0.990425
vt 0.909555 0.995268
vt 0.906097 0.995268
vt 0.419075 0.809501
vt 0.433905 0.809501
vt 0.433905 0.846240
vt 0.419075 0.846240
vt 0.477612 0.275034
vt 0.492440 0.274775
vt 0.492440 0.312709
vt 0.477612 0.312968
vt 0.994203 0.722971
vt 0.996797 0.722971
vt 0.996797 0.725582
vt 0.994203 0.725582
vt 0.535435 0.313058
vt 0.535435 0.275167
vt 0.550263 0.275426
vt 0.550263 0.313318
vt 0.843580 0.154292
vt 0.843580 0.117553
vt 0.858411 0.117553
vt 0.858411 0.154292
vt 0.992440 0.240380
vt 0.992440 0.237787
vt 0.995050 0.237787
vt 0.995050 0.240380
vt 0.993197 0.263694
vt 0.993197 0.261101
vt 0.995807 0.261101
vt 0.995807 0.263694
vt 0.951962 0.300639
vt 0.957916 0.300639
vt 0.957916 0.306419
vt 0.951962 0.306419
vt 0.545378 0.973965
vt 0.545378 0.964817
vt 0.553157 0.964817
vt 0.553157 0.973965
vt 0.964058 0.360335
vt 0.959215 0.360335
vt 0.959215 0.356877
vt 0.964058 0.356877
vt 0.994731 0.341503
vt 0.994731 0.346346
vt 0.991273 0.346346
vt 0.991273 0.341503
vt 0.990122 0.968892
vt 0.993580 0.968892
vt 0.993580 0.973735
vt 0.990122 0.973735
vt 0.958949 0.861590
vt 0.958949 0.858132
vt 0.963791 0.858132
vt 0.963791 0.861590
vt 0.991389 0.408301
vt 0.994847 0.408301
vt 0.994847 0.413144
vt 0.991389 0.413144
vt 0.837208 0.154292
vt 0.822378 0.154292
vt 0.822378 0.117553
vt 0.837208 0.117553
vt 0.985762 0.590354
vt 0.988356 0.590354
vt 0.988356 0.592965
vt 0.985762 0.592965
vt 0.460345 0.982046
vt 0.460345 0.974267
vt 0.469493 0.974267
vt 0.469493 0.982046
vt 0.448598 0.971049
vt 0.448598 0.978827
vt 0.439450 0.978827
vt 0.439450 0.971049
vt 0.990457 0.383794
vt 0.993915 0.383794
vt 0.993915 0.388637
vt 0.990457 0.388637
vt 0.295752 0.950516
vt 0.295752 0.944562
vt 0.301532 0.944562
vt 0.301532 0.950516
vt 0.272260 0.837687
vt 0.235522 0.837687
vt 0.235522 0.822857
vt 0.272260 0.822857
vt 0.980591 0.506032
vt 0.980591 0.509490
vt 0.975749 0.509490
vt 0.975749 0.506032
vt 0.143765 0.824189
vt 0.158595 0.824189
vt 0.158595 0.860928
vt 0.143765 0.860928
vt 0.947733 0.858132
vt 0.952576 0.858132
vt 0.952576 0.861590
vt 0.947733 0.861590
vt 0.504164 0.975536
vt 0.504164 0.966388
vt 0.511942 0.966388
vt 0.511942 0.975536
vt 0.433078 0.980197
vt 0.425299 0.980197
vt 0.425299 0.971049
vt 0.433078 0.971049
vt 0.607403 0.965959
vt 0.615182 0.965959
vt 0.615182 0.975107
vt 0.607403 0.975107
vt 0.797045 0.484859
vt 0.797045 0.499689
vt 0.760306 0.499689
vt 0.760306 0.484859
vt 0.899725 0.995268
vt 0.896267 0.995268
vt 0.896267 0.990425
vt 0.899725 0.990425
vt 0.995772 0.177291
vt 0.992314 0.177291
vt 0.992314 0.172448
vt 0.995772 0.172448
vt 0.934692 0.946700
vt 0.937158 0.911566
vt 0.941013 0.911075
vt 0.941013 0.948967
vt 0.518994 0.861917
vt 0.504164 0.861917
vt 0.504164 0.825178
vt 0.518994 0.825178
vt 0.531227 0.964817
vt 0.539006 0.964817
vt 0.539006 0.973965
vt 0.531227 0.973965
vt 0.990732 0.851037
vt 0.994190 0.851037
vt 0.994190 0.855880
vt 0.990732 0.855880
vt 0.482684 0.846240
vt 0.482684 0.809501
vt 0.497514 0.809501
vt 0.497514 0.846240
vt 0.785453 0.816047
vt 0.800284 0.816047
vt 0.800284 0.852785
vt 0.785453 0.852785
vt 0.993915 0.371550
vt 0.990457 0.371550
vt 0.990457 0.366708
vt 0.993915 0.366708
vt 0.990190 0.872805
vt 0.990190 0.867962
vt 0.993648 0.867962
vt 0.993648 0.872805
vt 0.996576 0.304424
vt 0.993966 0.304424
vt 0.993966 0.301830
vt 0.996576 0.301830
vt 0.671038 0.973032
vt 0.671038 0.982180
vt 0.663260 0.982180
vt 0.663260 0.973032
vt 0.601031 0.965959
vt 0.601031 0.975107
vt 0.593252 0.975107
vt 0.593252 0.965959
vt 0.083474 0.971261
vt 0.083474 0.980409
vt 0.075695 0.980409
vt 0.075695 0.971261
vt 0.412341 0.353231
vt 0.406387 0.353231
vt 0.406387 0.347452
vt 0.412341 0.347452
vt 0.995455 0.146024
vt 0.995455 0.150866
vt 0.991997 0.150866
vt 0.991997 0.146024
vt 0.989964 0.575047
vt 0.989964 0.583982
vt 0.985762 0.582492
vt 0.985762 0.576537
vt 0.831659 0.988759
vt 0.827573 0.986977
vt 0.827573 0.981198
vt 0.831659 0.979416
vt 0.987858 0.441764
vt 0.987858 0.451107
vt 0.983772 0.449325
vt 0.983772 0.443546
vt 0.020559 0.987920
vt 0.020559 0.981966
vt 0.024760 0.980476
vt 0.024760 0.989411
vt 0.987831 0.655861
vt 0.983745 0.654079
vt 0.983745 0.648300
vt 0.987831 0.646517
vt 0.989500 0.500816
vt 0.989500 0.491881
vt 0.993702 0.493371
vt 0.993702 0.499326
vt 0.965446 0.979475
vt 0.965446 0.988819
vt 0.961360 0.987037
vt 0.961360 0.981257
vt 0.489275 0.989930
vt 0.485073 0.988439
vt 0.485073 0.982485
vt 0.489275 0.980995
vt 0.923967 0.990462
vt 0.919766 0.988972
vt 0.919766 0.983018
vt 0.923967 0.981528
vt 0.196854 0.988239
vt 0.192768 0.986457
vt 0.192768 0.980678
vt 0.196854 0.978896
vt 0.803541 0.987122
vt 0.799455 0.985340
vt 0.799455 0.979560
vt 0.803541 0.977778
vt 0.986011 0.470678
vt 0.990212 0.472169
vt 0.990212 0.478123
vt 0.986011 0.479613
vt 0.847003 0.978133
vt 0.847003 0.987477
vt 0.842917 0.985695
vt 0.842917 0.979916
vt 0.983772 0.435391
vt 0.983772 0.426048
vt 0.987858 0.427830
vt 0.987858 0.433609
vt 0.621554 0.980837
vt 0.625756 0.982327
vt 0.625756 0.988281
vt 0.621554 0.989772
vt 0.681497 0.973032
vt 0.681497 0.982376
vt 0.677411 0.980594
vt 0.677411 0.974814
vt 0.287680 0.989603
vt 0.283594 0.987821
vt 0.283594 0.982042
vt 0.287680 0.980259
vt 0.535429 0.989273
vt 0.531227 0.987782
vt 0.531227 0.981828
vt 0.535429 0.980338
vt 0.141942 0.978641
vt 0.138052 0.976683
vt 0.138052 0.965768
vt 0.141942 0.963810
vt 0.993792 0.780680
vt 0.989590 0.779190
vt 0.989590 0.773236
vt 0.993792 0.771745
vt 0.987831 0.739048
vt 0.983745 0.737266
vt 0.983745 0.731487
vt 0.987831 0.729704
vt 0.153848 0.982923
vt 0.153848 0.991857
vt 0.149647 0.990367
vt 0.149647 0.984413
vt 0.048127 0.988027
vt 0.048127 0.982073
vt 0.052328 0.980582
vt 0.052328 0.989517
vt 0.987865 0.012530
vt 0.983779 0.010748
vt 0.983779 0.004968
vt 0.987865 0.003186
vt 0.268073 0.987821
vt 0.268073 0.982042
vt 0.272159 0.980259
vt 0.272159 0.989603
vt 0.882975 0.984605
vt 0.887176 0.986095
vt 0.887176 0.992049
vt 0.882975 0.993539
vt 0.854673 0.980895
vt 0.858874 0.982385
vt 0.858874 0.988339
vt 0.854673 0.989829
vt 0.975500 0.587920
vt 0.975500 0.577005
vt 0.979390 0.575047
vt 0.979390 0.589877
vt 0.986067 0.253864
vt 0.981981 0.252082
vt 0.981981 0.246302
vt 0.986067 0.244520
vt 0.608027 0.990414
vt 0.603826 0.988924
vt 0.603826 0.982970
vt 0.608027 0.981479
vt 0.931496 0.350475
vt 0.940645 0.350475
vt 0.940645 0.358253
vt 0.931496 0.358253
vt 0.932220 0.177292
vt 0.932220 0.169513
vt 0.941369 0.169513
vt 0.941369 0.177292
vt 0.789655 0.990355
vt 0.785453 0.988865
vt 0.785453 0.982911
vt 0.789655 0.981420
vt 0.987831 0.687293
vt 0.983745 0.685511
vt 0.983745 0.679732
vt 0.987831 0.677949
vt 0.384995 0.983359
vt 0.384995 0.974015
vt 0.389081 0.975797
vt 0.389081 0.981577
vt 0.252278 0.983303
vt 0.252278 0.989257
vt 0.248077 0.990748
vt 0.248077 0.981813
vt 0.987831 0.671577
vt 0.983745 0.669795
vt 0.983745 0.664016
vt 0.987831 0.662233
vt 0.719479 0.980704
vt 0.719479 0.989639
vt 0.715278 0.988148
vt 0.715278 0.982194
vt 0.987831 0.630801
vt 0.987831 0.640145
vt 0.983745 0.638363
vt 0.983745 0.632584
vt 0.876602 0.980895
vt 0.876602 0.989829
vt 0.872401 0.988339
vt 0.872401 0.982385
vt 0.545378 0.980338
vt 0.549580 0.981828
vt 0.549580 0.987782
vt 0.545378 0.989273
vt 0.221283 0.978896
vt 0.221283 0.988239
vt 0.217197 0.986457
vt 0.217197 0.980678
vt 0.207313 0.988239
vt 0.203227 0.986457
vt 0.203227 0.980678
vt 0.207313 0.978896
vt 0.593252 0.981479
vt 0.597454 0.982970
vt 0.597454 0.988924
vt 0.593252 0.990414
vt 0.303316 0.981629
vt 0.303316 0.990564
vt 0.299114 0.989073
vt 0.299114 0.983119
vt 0.815714 0.989554
vt 0.811628 0.987772
vt 0.811628 0.981993
vt 0.815714 0.980210
vt 0.981981 0.286114
vt 0.986067 0.287896
vt 0.986067 0.293675
vt 0.981981 0.295458
vt 0.700352 0.980742
vt 0.704553 0.982233
vt 0.704553 0.988187
vt 0.700352 0.989677
vt 0.007387 0.990821
vt 0.003186 0.989330
vt 0.003186 0.983376
vt 0.007387 0.981886
vt 0.981981 0.270398
vt 0.986067 0.272180
vt 0.986067 0.277959
vt 0.981981 0.279742
vt 0.983779 0.028246
vt 0.983779 0.018902
vt 0.987865 0.020684
vt 0.987865 0.026464
vt 0.993792 0.765373
vt 0.989590 0.763882
vt 0.989590 0.757928
vt 0.993792 0.756438
vt 0.938003 0.980158
vt 0.938003 0.989502
vt 0.933917 0.987720
vt 0.933917 0.981940
vt 0.653609 0.989772
vt 0.649408 0.988281
vt 0.649408 0.982327
vt 0.653609 0.980837
vt 0.772096 0.979780
vt 0.772096 0.989124
vt 0.768010 0.987342
vt 0.768010 0.981562
vt 0.989558 0.610417
vt 0.989558 0.601482
vt 0.993759 0.602972
vt 0.993759 0.608926
vt 0.504164 0.981908
vt 0.508365 0.983398
vt 0.508365 0.989353
vt 0.504164 0.990843
vt 0.039897 0.984931
vt 0.035811 0.983149
vt 0.035811 0.977369
vt 0.039897 0.975587
vt 0.986067 0.238148
vt 0.981981 0.236366
vt 0.981981 0.230586
vt 0.986067 0.228804
vt 0.129698 0.990322
vt 0.125497 0.988831
vt 0.125497 0.982877
vt 0.129698 0.981387
vt 0.239723 0.990748
vt 0.235522 0.989257
vt 0.235522 0.983303
vt 0.239723 0.981813
vt 0.983745 0.693665
vt 0.987831 0.695448
vt 0.987831 0.701227
vt 0.983745 0.703009
vt 0.067465 0.984931
vt 0.063379 0.983148
vt 0.063379 0.977369
vt 0.067465 0.975587
vt 0.639458 0.990414
vt 0.635257 0.988924
vt 0.635257 0.982970
vt 0.639458 0.981479
vt 0.682812 0.947429
vt 0.663260 0.943540
vt 0.682812 0.939651
vt 0.927658 0.306593
vt 0.927658 0.300639
vt 0.933438 0.300639
vt 0.933438 0.306593
vt 0.994190 0.839822
vt 0.994190 0.844665
vt 0.990732 0.844665
vt 0.990732 0.839822
vt 0.268073 0.973887
vt 0.268073 0.966109
vt 0.277221 0.966109
vt 0.277221 0.973887
vt 0.948000 0.360335
vt 0.948000 0.356877
vt 0.952843 0.356877
vt 0.952843 0.360335
vt 0.975007 0.861590
vt 0.970164 0.861590
vt 0.970164 0.858132
vt 0.975007 0.858132
vt 0.919766 0.975155
vt 0.919766 0.966007
vt 0.927545 0.966007
vt 0.927545 0.975155
vt 0.995455 0.132240
vt 0.995455 0.137082
vt 0.991997 0.137082
vt 0.991997 0.132240
vt 0.543751 0.722882
vt 0.543751 0.730660
vt 0.534603 0.730660
vt 0.534603 0.722882
vt 0.455108 0.846240
vt 0.440278 0.846240
vt 0.440278 0.809501
vt 0.455108 0.809501
vt 0.943065 0.973786
vt 0.933917 0.973786
vt 0.933917 0.966007
vt 0.943065 0.966007
vt 0.993648 0.882113
vt 0.993648 0.886956
vt 0.990190 0.886956
vt 0.990190 0.882113
vt 0.332897 0.842107
vt 0.332897 0.878846
vt 0.318066 0.878846
vt 0.318066 0.842107
vt 0.995455 0.164651
vt 0.991997 0.164651
vt 0.991997 0.159808
vt 0.995455 0.159808
vt 0.876602 0.965374
vt 0.876602 0.974522
vt 0.868824 0.974522
vt 0.868824 0.965374
vt 0.994203 0.630801
vt 0.996797 0.630801
vt 0.996797 0.633412
vt 0.994203 0.633412
vt 0.287626 0.951406
vt 0.268073 0.947517
vt 0.287626 0.943627
vt 0.143274 0.949108
vt 0.123722 0.945218
vt 0.143274 0.941329
vt 0.785453 0.954603
vt 0.793082 0.936184
vt 0.793082 0.956120
vt 0.249523 0.956346
vt 0.257152 0.937928
vt 0.257152 0.957864
vt 0.545229 0.956927
vt 0.552858 0.938509
vt 0.552858 0.958445
vt 0.365899 0.951115
vt 0.373528 0.932697
vt 0.373528 0.952633
vt 0.531227 0.956927
vt 0.538856 0.938509
vt 0.538856 0.958445
vt 0.954338 0.720634
vt 0.954338 0.740570
vt 0.946709 0.722152
vt 0.874225 0.950671
vt 0.854673 0.946782
vt 0.874225 0.942893
vt 0.501345 0.712254
vt 0.481792 0.708365
vt 0.501345 0.704476
vt 0.952431 0.092801
vt 0.952431 0.112736
vt 0.944802 0.094318
vt 0.867824 0.306643
vt 0.848271 0.302754
vt 0.867824 0.298865
vt 0.953280 0.419675
vt 0.933728 0.415786
vt 0.953280 0.411897
vt 0.600881 0.939651
vt 0.600881 0.959586
vt 0.593252 0.941168
vt 0.387530 0.932697
vt 0.387530 0.952633
vt 0.379901 0.934214
vt 0.819257 0.958317
vt 0.811628 0.956800
vt 0.819257 0.938382
vt 0.643035 0.975107
vt 0.635257 0.975107
vt 0.635257 0.965959
vt 0.643035 0.965959
vt 0.482684 0.889351
vt 0.482684 0.852613
vt 0.497514 0.852613
vt 0.497514 0.889351
vt 0.930987 0.851730
vt 0.938766 0.851730
vt 0.938766 0.860878
vt 0.930987 0.860878
vt 0.378622 0.974015
vt 0.378622 0.981794
vt 0.369474 0.981794
vt 0.369474 0.974015
vt 0.412703 0.889351
vt 0.397872 0.889352
vt 0.397872 0.852613
vt 0.412703 0.852613
vt 0.136163 0.985013
vt 0.141942 0.985013
vt 0.141942 0.990967
vt 0.136163 0.990967
vt 0.504164 0.782066
vt 0.518994 0.782066
vt 0.518994 0.818806
vt 0.504164 0.818806
vt 0.461481 0.809501
vt 0.476311 0.809501
vt 0.476311 0.846240
vt 0.461481 0.846240
vt 0.975500 0.559527
vt 0.983278 0.559527
vt 0.983278 0.568675
vt 0.975500 0.568675
vt 0.283594 0.966109
vt 0.292742 0.966109
vt 0.292742 0.973887
vt 0.283594 0.973887
vt 0.038405 0.991303
vt 0.038405 0.993914
vt 0.035811 0.993914
vt 0.035811 0.991303
vt 0.325845 0.979071
vt 0.318066 0.979071
vt 0.318066 0.969923
vt 0.325845 0.969923
vt 0.621255 0.941168
vt 0.628884 0.939651
vt 0.628884 0.959586
vt 0.944946 0.275849
vt 0.952575 0.274331
vt 0.952575 0.294267
vt 0.584360 0.945350
vt 0.584360 0.953129
vt 0.564807 0.949239
vt 0.184307 0.941425
vt 0.184307 0.949203
vt 0.164755 0.945314
vt 0.243151 0.957864
vt 0.235522 0.956346
vt 0.243151 0.937928
vt 0.048127 0.933994
vt 0.055756 0.932476
vt 0.055756 0.952412
vt 0.836545 0.956476
vt 0.828916 0.954958
vt 0.836545 0.936540
vt 0.719904 0.945350
vt 0.719904 0.953129
vt 0.700352 0.949239
vt 0.614883 0.959586
vt 0.607254 0.958069
vt 0.614883 0.939651
vt 0.020559 0.933994
vt 0.028188 0.932476
vt 0.028188 0.952412
vt 0.649258 0.941168
vt 0.656887 0.939651
vt 0.656887 0.959586
vt 0.359527 0.952633
vt 0.351898 0.951115
vt 0.359527 0.932697
vt 0.642886 0.959586
vt 0.635257 0.958069
vt 0.642886 0.939651
vt 0.841899 0.298865
vt 0.841899 0.306643
vt 0.822346 0.302754
vt 0.946795 0.604156
vt 0.954424 0.602638
vt 0.954424 0.622574
vt 0.994203 0.693665
vt 0.996797 0.693665
vt 0.996797 0.696276
vt 0.994203 0.696276
vt 0.272260 0.858890
vt 0.235522 0.858890
vt 0.235522 0.844060
vt 0.272260 0.844060
vt 0.994203 0.673793
vt 0.994203 0.671199
vt 0.996814 0.671199
vt 0.996814 0.673793
vt 0.221028 0.902186
vt 0.221028 0.893038
vt 0.228807 0.893038
vt 0.228807 0.902186
vt 0.942380 0.005452
vt 0.948701 0.003186
vt 0.948701 0.041078
vt 0.944846 0.040587
vt 0.558530 0.811010
vt 0.562345 0.810251
vt 0.562345 0.846990
vt 0.558530 0.846231
vt 0.443265 0.963917
vt 0.439450 0.964676
vt 0.439450 0.927937
vt 0.443265 0.928696
vt 0.985016 0.417645
vt 0.980930 0.415863
vt 0.980930 0.410083
vt 0.985016 0.408301
vt 0.842917 0.996460
vt 0.842917 0.993850
vt 0.845511 0.993850
vt 0.845511 0.996460
vt 0.994699 0.329259
vt 0.991241 0.329259
vt 0.991241 0.324416
vt 0.994699 0.324416
vt 0.939810 0.306593
vt 0.939810 0.300639
vt 0.945590 0.300639
vt 0.945590 0.306593
vt 0.856860 0.427567
vt 0.871691 0.427567
vt 0.871691 0.464306
vt 0.856860 0.464306
vt 0.862451 0.965374
vt 0.862451 0.974522
vt 0.854673 0.974522
vt 0.854673 0.965374
vt 0.958474 0.175351
vt 0.961067 0.175351
vt 0.961067 0.177961
vt 0.958474 0.177961
vt 0.181558 0.994607
vt 0.178964 0.994607
vt 0.178964 0.991996
vt 0.181558 0.991996
vt 0.976439 0.897732
vt 0.983818 0.896264
vt 0.983818 0.904043
vt 0.976439 0.902575
vt 0.946769 0.426807
vt 0.950584 0.426048
vt 0.950584 0.462787
vt 0.946769 0.462028
vt 0.988689 0.359219
vt 0.988689 0.356608
vt 0.994301 0.355492
vt 0.994301 0.360335
vt 0.976090 0.926694
vt 0.983470 0.925226
vt 0.983470 0.933005
vt 0.976090 0.931537
vt 0.948761 0.265543
vt 0.944946 0.264784
vt 0.944946 0.229563
vt 0.948761 0.228804
vt 0.994203 0.705259
vt 0.994203 0.702648
vt 0.996797 0.702648
vt 0.996797 0.705259
vt 0.983973 0.860742
vt 0.981379 0.860742
vt 0.981379 0.858132
vt 0.983973 0.858132
vt 0.957475 0.085233
vt 0.957475 0.048494
vt 0.961290 0.049253
vt 0.961290 0.084474
vt 0.411524 0.992873
vt 0.411524 0.990263
vt 0.417135 0.989146
vt 0.417135 0.993989
vt 0.063400 0.730863
vt 0.063400 0.728252
vt 0.069012 0.727136
vt 0.069012 0.731979
vt 0.975839 0.762749
vt 0.975839 0.757906
vt 0.983218 0.756438
vt 0.983218 0.764217
vt 0.335297 0.981242
vt 0.335297 0.976399
vt 0.342677 0.974932
vt 0.342677 0.982710
vt 0.981981 0.260236
vt 0.986824 0.260236
vt 0.986824 0.263694
vt 0.981981 0.263694
vt 0.434752 0.711336
vt 0.434752 0.696506
vt 0.471491 0.696506
vt 0.471491 0.711336
vt 0.871691 0.507417
vt 0.856860 0.507417
vt 0.856860 0.470678
vt 0.871691 0.470678
vt 0.892291 0.945536
vt 0.892291 0.910315
vt 0.896106 0.909556
vt 0.896106 0.946295
vt 0.975806 0.608949
vt 0.975806 0.604106
vt 0.983186 0.602638
vt 0.983186 0.610417
vt 0.975500 0.548572
vt 0.981112 0.547456
vt 0.981112 0.552299
vt 0.975500 0.551183
vt 0.981981 0.305557
vt 0.981981 0.302946
vt 0.987593 0.301830
vt 0.987593 0.306673
vt 0.965261 0.003945
vt 0.969076 0.003186
vt 0.969076 0.039924
vt 0.965264 0.039168
vt 0.947385 0.947814
vt 0.947385 0.911075
vt 0.951200 0.911834
vt 0.951200 0.947055
vt 0.449638 0.964676
vt 0.449638 0.927937
vt 0.453453 0.928696
vt 0.453453 0.963917
vt 0.075695 0.987898
vt 0.081307 0.986782
vt 0.081307 0.991625
vt 0.075695 0.990508
vt 0.975993 0.092415
vt 0.983372 0.090947
vt 0.983372 0.098726
vt 0.975993 0.097258
vt 0.946709 0.709893
vt 0.946710 0.674672
vt 0.950525 0.673913
vt 0.950525 0.710651
vt 0.962278 0.814456
vt 0.962278 0.851194
vt 0.958462 0.850436
vt 0.958462 0.815215
vt 0.994468 0.396126
vt 0.994468 0.398736
vt 0.988857 0.399852
vt 0.988857 0.395009
vt 0.521395 0.873133
vt 0.521395 0.868290
vt 0.524853 0.868290
vt 0.524853 0.873133
vt 0.992440 0.281974
vt 0.992440 0.279364
vt 0.995033 0.279364
vt 0.995033 0.281974
vt 0.995033 0.249363
vt 0.992440 0.249363
vt 0.992440 0.246753
vt 0.995033 0.246753
vt 0.975500 0.541084
vt 0.975500 0.531936
vt 0.983279 0.531936
vt 0.983279 0.541084
vt 0.299114 0.966109
vt 0.306893 0.966109
vt 0.306893 0.975257
vt 0.299114 0.975257
vt 0.990732 0.814456
vt 0.994190 0.814456
vt 0.994190 0.819299
vt 0.990732 0.819299
vt 0.934692 0.868746
vt 0.941361 0.867962
vt 0.941361 0.904703
vt 0.934692 0.903966
vt 0.933728 0.462788
vt 0.933728 0.426048
vt 0.940397 0.426832
vt 0.940397 0.462051
vt 0.412703 0.846240
vt 0.397872 0.846240
vt 0.397872 0.809501
vt 0.412703 0.809501
vt 0.976705 0.400964
vt 0.976705 0.395009
vt 0.982484 0.395009
vt 0.982484 0.400964
vt 0.992440 0.272991
vt 0.992440 0.270398
vt 0.995050 0.270398
vt 0.995050 0.272991
vt 0.995304 0.748031
vt 0.992711 0.748031
vt 0.992711 0.745421
vt 0.995304 0.745421
vt 0.989558 0.034618
vt 0.989558 0.040572
vt 0.983779 0.040572
vt 0.983779 0.034618
vt 0.960761 0.096690
vt 0.958803 0.096690
vt 0.960761 0.092801
vt 0.651221 0.555542
vt 0.652970 0.552068
vt 0.652970 0.556422
vt 0.685617 0.730820
vt 0.687366 0.727345
vt 0.687366 0.731700
vt 0.651221 0.574402
vt 0.652970 0.573522
vt 0.652970 0.577877
vt 0.969883 0.177291
vt 0.969883 0.173833
vt 0.974726 0.173833
vt 0.974726 0.177291
vt 0.272676 0.692202
vt 0.274425 0.688727
vt 0.274425 0.693082
vt 0.161205 0.909774
vt 0.162953 0.908894
vt 0.162953 0.913249
vt 0.975749 0.470678
vt 0.979638 0.472636
vt 0.979638 0.483551
vt 0.975749 0.485509
vt 0.433905 0.852613
vt 0.433905 0.889351
vt 0.419075 0.889352
vt 0.419075 0.852613
vt 0.715278 0.972374
vt 0.715278 0.961459
vt 0.719167 0.959501
vt 0.719167 0.974331
vt 0.651221 0.563675
vt 0.652970 0.562795
vt 0.652970 0.567150
vt 0.389751 0.918884
vt 0.391500 0.915409
vt 0.391500 0.919764
vt 0.899972 0.857166
vt 0.905584 0.856049
vt 0.905584 0.860892
vt 0.899972 0.859776
vt 0.903646 0.982585
vt 0.896267 0.984053
vt 0.896267 0.976274
vt 0.903646 0.977742
vt 0.164755 0.976274
vt 0.172134 0.974806
vt 0.172134 0.982585
vt 0.164755 0.981117
vt 0.460345 0.989534
vt 0.465957 0.988418
vt 0.465957 0.993261
vt 0.460345 0.992145
vt 0.976137 0.185966
vt 0.983517 0.184498
vt 0.983517 0.192276
vt 0.976137 0.190809
vt 0.975839 0.772057
vt 0.983218 0.770589
vt 0.983218 0.778368
vt 0.975839 0.776900
vt 0.955134 0.229563
vt 0.958949 0.228804
vt 0.958949 0.265543
vt 0.955134 0.264784
vt 0.956982 0.516415
vt 0.960797 0.517174
vt 0.960797 0.552395
vt 0.956982 0.553154
vt 0.584070 0.993116
vt 0.578458 0.994232
vt 0.578458 0.989390
vt 0.584070 0.990506
vt 0.339342 0.841326
vt 0.339342 0.806105
vt 0.343157 0.805346
vt 0.343157 0.842085
vt 0.946795 0.595507
vt 0.946795 0.560285
vt 0.950610 0.559527
vt 0.950610 0.596266
vt 0.422253 0.653229
vt 0.426068 0.652470
vt 0.426068 0.689209
vt 0.422253 0.688450
vt 0.957620 0.220478
vt 0.957620 0.185257
vt 0.961435 0.184498
vt 0.961435 0.221237
vt 0.384995 0.993458
vt 0.384995 0.990848
vt 0.390607 0.989731
vt 0.390607 0.994574
vt 0.948000 0.403446
vt 0.948000 0.366708
vt 0.951815 0.367466
vt 0.951815 0.402687
vt 0.976137 0.204960
vt 0.976137 0.200117
vt 0.983517 0.198649
vt 0.983517 0.206427
vt 0.335297 0.990199
vt 0.340909 0.989083
vt 0.340909 0.993925
vt 0.335297 0.992809
vt 0.321881 0.962792
vt 0.318066 0.963551
vt 0.318066 0.926812
vt 0.321881 0.927571
vt 0.987484 0.548572
vt 0.993096 0.547456
vt 0.993096 0.552299
vt 0.987484 0.551183
vt 0.991241 0.318044
vt 0.991241 0.313201
vt 0.994699 0.313201
vt 0.994699 0.318044
vt 0.802065 0.996088
vt 0.799455 0.996088
vt 0.799455 0.993494
vt 0.802065 0.993494
vt 0.983745 0.748031
vt 0.983745 0.745421
vt 0.986338 0.745421
vt 0.986338 0.748031
vt 0.995050 0.290940
vt 0.992440 0.290940
vt 0.992440 0.288347
vt 0.995050 0.288347
vt 0.354491 0.992020
vt 0.354491 0.994630
vt 0.351898 0.994630
vt 0.351898 0.992020
vt 0.950581 0.119109
vt 0.950581 0.125063
vt 0.944802 0.125063
vt 0.944802 0.119109
vt 0.994203 0.716599
vt 0.994203 0.713988
vt 0.996797 0.713988
vt 0.996797 0.716599
vt 0.989500 0.509782
vt 0.989500 0.507188
vt 0.992111 0.507188
vt 0.992111 0.509782
vt 0.978845 0.807328
vt 0.969697 0.807328
vt 0.969697 0.799549
vt 0.978845 0.799549
vt 0.102412 0.849279
vt 0.117243 0.849279
vt 0.117243 0.886017
vt 0.102412 0.886017
vt 0.936942 0.802304
vt 0.936942 0.808083
vt 0.930987 0.808083
vt 0.930987 0.802304
vt 0.976137 0.214268
vt 0.983517 0.212800
vt 0.983517 0.220578
vt 0.976137 0.219111
vt 0.164755 0.990073
vt 0.170366 0.988957
vt 0.170366 0.993800
vt 0.164755 0.992684
vt 0.960712 0.630801
vt 0.960712 0.667540
vt 0.956897 0.666781
vt 0.956897 0.631560
vt 0.976980 0.849068
vt 0.976980 0.844226
vt 0.984360 0.842758
vt 0.984360 0.850536
vt 0.983470 0.917386
vt 0.976090 0.918854
vt 0.976090 0.911075
vt 0.983470 0.912543
vt 0.668871 0.992279
vt 0.663260 0.993395
vt 0.663260 0.988553
vt 0.668871 0.989669
vt 0.989651 0.535662
vt 0.989651 0.533052
vt 0.995263 0.531936
vt 0.995263 0.536779
vt 0.306090 0.834973
vt 0.306090 0.799752
vt 0.309905 0.798993
vt 0.309905 0.835732
vt 0.958187 0.366708
vt 0.962002 0.367466
vt 0.962002 0.402687
vt 0.958187 0.403446
vt 0.804060 0.473304
vt 0.807875 0.474063
vt 0.807875 0.509284
vt 0.804060 0.510043
vt 0.518315 0.986734
vt 0.523926 0.985618
vt 0.523926 0.990461
vt 0.518315 0.989345
vt 0.989591 0.617905
vt 0.995202 0.616789
vt 0.995202 0.621632
vt 0.989591 0.620516
vt 0.116784 0.910863
vt 0.116784 0.947601
vt 0.112969 0.946843
vt 0.112969 0.911621
vt 0.976705 0.387169
vt 0.976705 0.382326
vt 0.984084 0.380858
vt 0.984084 0.388637
vt 0.957321 0.757197
vt 0.961136 0.756438
vt 0.961136 0.793177
vt 0.957321 0.792418
vt 0.953323 0.132240
vt 0.953323 0.168978
vt 0.949508 0.168220
vt 0.949508 0.132998
vt 0.963510 0.168220
vt 0.959695 0.168978
vt 0.959695 0.132240
vt 0.963510 0.132998
vt 0.976370 0.987095
vt 0.981982 0.985979
vt 0.981982 0.990822
vt 0.976370 0.989706
vt 0.089698 0.964889
vt 0.085883 0.964130
vt 0.085883 0.928909
vt 0.089698 0.928150
vt 0.429263 0.964676
vt 0.429263 0.927937
vt 0.433078 0.928696
vt 0.433078 0.963917
vt 0.988354 0.989706
vt 0.988354 0.987095
vt 0.993966 0.985979
vt 0.993966 0.990822
vt 0.948784 0.313201
vt 0.952599 0.313960
vt 0.952599 0.349181
vt 0.948784 0.349940
vt 0.946795 0.516415
vt 0.950610 0.517174
vt 0.950610 0.552395
vt 0.946795 0.553154
vt 0.425299 0.987685
vt 0.430911 0.986569
vt 0.430911 0.991412
vt 0.425299 0.990296
vt 0.261211 0.981813
vt 0.261211 0.988503
vt 0.258651 0.982322
vt 0.992305 0.062645
vt 0.992305 0.069336
vt 0.989745 0.063155
vt 0.948918 0.749553
vt 0.942356 0.748248
vt 0.948918 0.746943
vt 0.992305 0.090947
vt 0.992305 0.097637
vt 0.989745 0.091457
vt 0.923490 0.420902
vt 0.916928 0.419597
vt 0.923490 0.418292
vt 0.468609 0.282107
vt 0.471169 0.275926
vt 0.471169 0.282616
vt 0.883158 0.942893
vt 0.883158 0.949583
vt 0.880598 0.943402
vt 0.478426 0.972751
vt 0.478426 0.979441
vt 0.475866 0.973260
vt 0.989889 0.204830
vt 0.992449 0.198649
vt 0.992449 0.205339
vt 0.907900 0.176444
vt 0.901338 0.175138
vt 0.907900 0.173833
vt 0.935984 0.749553
vt 0.929422 0.748248
vt 0.935984 0.746943
vt 0.912579 0.976274
vt 0.912579 0.982965
vt 0.910018 0.976784
vt 0.992402 0.925226
vt 0.992402 0.931916
vt 0.989842 0.925735
vt 0.989842 0.917256
vt 0.992402 0.911075
vt 0.992402 0.917765
vt 0.992305 0.048494
vt 0.992305 0.055185
vt 0.989745 0.049004
vt 0.956953 0.125290
vt 0.959514 0.119109
vt 0.959514 0.125799
vt 0.468609 0.289498
vt 0.471169 0.288989
vt 0.471169 0.295679
vt 0.307904 0.945071
vt 0.310464 0.944562
vt 0.310464 0.951252
vt 0.758569 0.976006
vt 0.761129 0.975496
vt 0.761129 0.982187
vt 0.888589 0.745672
vt 0.888589 0.748283
vt 0.882027 0.746977
vt 0.024968 0.710354
vt 0.027529 0.709845
vt 0.027529 0.716535
vt 0.992305 0.082398
vt 0.989745 0.081889
vt 0.992305 0.075708
vt 0.989842 0.939886
vt 0.992402 0.939377
vt 0.992402 0.946067
vt 0.992449 0.191188
vt 0.989889 0.190679
vt 0.992449 0.184498
vt 0.458909 0.917340
vt 0.456349 0.916831
vt 0.458909 0.910650
vt 0.992449 0.219490
vt 0.989889 0.218981
vt 0.992449 0.212800
vt 0.800511 0.175515
vt 0.800511 0.178126
vt 0.793950 0.176820
vt 0.992211 0.566217
vt 0.989651 0.565708
vt 0.992211 0.559527
vt 0.909040 0.946830
vt 0.909040 0.949440
vt 0.902479 0.948135
vt 0.878465 0.900634
vt 0.878465 0.903244
vt 0.871904 0.901939
vt 0.787577 0.175515
vt 0.787577 0.178125
vt 0.781016 0.176820
vt 0.989745 0.105608
vt 0.992305 0.105098
vt 0.992305 0.111788
vt 0.925848 0.132240
vt 0.925848 0.177496
vt 0.918569 0.177496
vt 0.918569 0.132240
vt 0.020559 0.974104
vt 0.020559 0.958784
vt 0.029112 0.958784
vt 0.029112 0.974104
vt 0.968108 0.903184
vt 0.968108 0.867962
vt 0.970066 0.867962
vt 0.970066 0.903184
vt 0.718887 0.331526
vt 0.727524 0.331526
vt 0.727524 0.510043
vt 0.718887 0.510043
vt 0.989590 0.796078
vt 0.989590 0.787052
vt 0.993209 0.787053
vt 0.993209 0.796078
vt 0.899697 0.368867
vt 0.910556 0.366708
vt 0.910556 0.401929
vt 0.899697 0.399769
vt 0.031417 0.893043
vt 0.031417 0.923944
vt 0.020559 0.926104
vt 0.020559 0.890883
vt 0.905819 0.713989
vt 0.905819 0.749210
vt 0.894960 0.747050
vt 0.894960 0.716148
vt 0.866351 0.290614
vt 0.866351 0.184498
vt 0.873630 0.184498
vt 0.873630 0.290614
vt 0.039897 0.933994
vt 0.039897 0.969215
vt 0.037940 0.969215
vt 0.037940 0.933994
vt 0.055539 0.884510
vt 0.048127 0.884510
vt 0.048127 0.781066
vt 0.055539 0.781066
vt 0.630526 0.933278
vt 0.630526 0.922363
vt 0.661427 0.922363
vt 0.661427 0.933278
vt 0.899266 0.460628
vt 0.899266 0.429727
vt 0.910124 0.427567
vt 0.910124 0.462788
vt 0.593252 0.915991
vt 0.593252 0.880769
vt 0.604111 0.882929
vt 0.604111 0.913831
vt 0.893197 0.184498
vt 0.904055 0.186658
vt 0.904055 0.217559
vt 0.893197 0.219719
vt 0.910428 0.217559
vt 0.910428 0.186658
vt 0.921286 0.184498
vt 0.921286 0.219719
vt 0.655017 0.882929
vt 0.665875 0.880769
vt 0.665875 0.915991
vt 0.655017 0.913831
vt 0.766946 0.738345
vt 0.766946 0.746983
vt 0.397872 0.746983
vt 0.397872 0.738346
vt 0.785453 0.929812
vt 0.785453 0.900751
vt 0.798476 0.900751
vt 0.798476 0.929812
vt 0.119125 0.974725
vt 0.108053 0.974725
vt 0.108053 0.963810
vt 0.119125 0.963810
vt 0.123722 0.919809
vt 0.123722 0.908894
vt 0.154623 0.908894
vt 0.154623 0.919809
vt 0.294107 0.406823
vt 0.294107 0.620965
vt 0.281084 0.620965
vt 0.281084 0.406823
vt 0.531227 0.914849
vt 0.531227 0.879628
vt 0.542086 0.881788
vt 0.542086 0.912689
vt 0.885304 0.903184
vt 0.885304 0.867962
vt 0.896163 0.870122
vt 0.896163 0.901024
vt 0.905904 0.558009
vt 0.905904 0.593230
vt 0.895045 0.591070
vt 0.895046 0.560169
vt 0.069323 0.781066
vt 0.069323 0.884510
vt 0.061911 0.884510
vt 0.061911 0.781066
vt 0.727240 0.957920
vt 0.738445 0.957920
vt 0.738445 0.970778
vt 0.727240 0.970778
vt 0.656687 0.974464
vt 0.649408 0.974464
vt 0.649408 0.965959
vt 0.656687 0.965959
vt 0.518315 0.966388
vt 0.521376 0.966388
vt 0.521376 0.979246
vt 0.518315 0.979246
vt 0.108799 0.726956
vt 0.101028 0.619646
vt 0.117290 0.619931
vt 0.117290 0.730017
vt 0.217802 0.910167
vt 0.217802 0.941068
vt 0.206887 0.941068
vt 0.206887 0.910167
vt 0.952499 0.978865
vt 0.949437 0.978865
vt 0.949437 0.966007
vt 0.952499 0.966007
vt 0.801412 0.936184
vt 0.801412 0.971406
vt 0.799455 0.971406
vt 0.799455 0.936184
vt 0.971117 0.313201
vt 0.971117 0.348422
vt 0.969159 0.348422
vt 0.969159 0.313201
vt 0.241955 0.687810
vt 0.235772 0.687810
vt 0.235772 0.449040
vt 0.241955 0.449040
vt 0.274666 0.640761
vt 0.272676 0.640761
vt 0.272741 0.605540
vt 0.274666 0.605540
vt 0.968375 0.366708
vt 0.970332 0.366708
vt 0.970332 0.401929
vt 0.968375 0.401929
vt 0.815974 0.306038
vt 0.808563 0.306100
vt 0.808563 0.184560
vt 0.815974 0.184498
vt 0.034472 0.627558
vt 0.034472 0.449040
vt 0.049898 0.449040
vt 0.049898 0.627558
vt 0.274666 0.599166
vt 0.272676 0.599167
vt 0.272709 0.563945
vt 0.274666 0.563945
vt 0.504164 0.901351
vt 0.504164 0.870450
vt 0.515022 0.868290
vt 0.515022 0.903511
vt 0.048127 0.923944
vt 0.048127 0.893042
vt 0.058986 0.890882
vt 0.058986 0.926104
vt 0.280842 0.879047
vt 0.280842 0.914268
vt 0.269983 0.912108
vt 0.269983 0.881207
vt 0.854673 0.901988
vt 0.854673 0.871086
vt 0.865531 0.868926
vt 0.865531 0.904147
vt 0.154623 0.900362
vt 0.143765 0.902521
vt 0.143765 0.867300
vt 0.154623 0.869460
vt 0.709622 0.913831
vt 0.709622 0.882929
vt 0.720481 0.880769
vt 0.720481 0.915991
vt 0.166925 0.857882
vt 0.164968 0.857882
vt 0.164968 0.822660
vt 0.166925 0.822660
vt 0.792865 0.688134
vt 0.792865 0.809674
vt 0.785453 0.809612
vt 0.785453 0.688072
vt 0.382438 0.349442
vt 0.347217 0.349438
vt 0.347217 0.347513
vt 0.382438 0.347452
vt 0.624154 0.922363
vt 0.624154 0.933278
vt 0.593252 0.933278
vt 0.593252 0.922363
vt 0.606548 0.725575
vt 0.606548 0.727566
vt 0.571328 0.727505
vt 0.571327 0.725580
vt 0.300480 0.406823
vt 0.313502 0.406823
vt 0.313502 0.620965
vt 0.300479 0.620965
vt 0.653211 0.468880
vt 0.653211 0.504101
vt 0.651286 0.504101
vt 0.651221 0.468880
vt 0.026959 0.585064
vt 0.026959 0.620285
vt 0.025001 0.620285
vt 0.024968 0.585063
vt 0.910428 0.259153
vt 0.910428 0.228251
vt 0.921286 0.226092
vt 0.921286 0.261313
vt 0.903911 0.003186
vt 0.903911 0.038407
vt 0.893052 0.036247
vt 0.893052 0.005346
vt 0.912197 0.165301
vt 0.901338 0.167461
vt 0.901338 0.132240
vt 0.912197 0.134399
vt 0.610483 0.915991
vt 0.610483 0.880769
vt 0.621342 0.882929
vt 0.621342 0.913831
vt 0.752895 0.900381
vt 0.752895 0.869480
vt 0.763754 0.867320
vt 0.763754 0.902541
vt 0.912191 0.666022
vt 0.912191 0.630801
vt 0.923050 0.632961
vt 0.923050 0.663863
vt 0.941902 0.845357
vt 0.930987 0.845357
vt 0.930987 0.814456
vt 0.941902 0.814456
vt 0.700352 0.974370
vt 0.700352 0.959501
vt 0.708905 0.959501
vt 0.708905 0.974370
vt 0.865664 0.516415
vt 0.865664 0.630054
vt 0.858252 0.630054
vt 0.858252 0.516415
vt 0.969102 0.426048
vt 0.969102 0.461269
vt 0.967144 0.461269
vt 0.967144 0.426048
vt 0.414487 0.360219
vt 0.414487 0.731973
vt 0.397873 0.731973
vt 0.397872 0.360219
vt 0.586159 0.719203
vt 0.571328 0.719203
vt 0.571327 0.347452
vt 0.586159 0.347452
vt 0.666013 0.026173
vt 0.666013 0.420914
vt 0.651183 0.420914
vt 0.651183 0.026173
vt 0.811628 0.901108
vt 0.822543 0.901108
vt 0.822543 0.932009
vt 0.811628 0.932009
vt 0.136624 0.345859
vt 0.096393 0.345859
vt 0.096393 0.003186
vt 0.136624 0.003186
vt 0.339342 0.406823
vt 0.345525 0.406823
vt 0.345525 0.645592
vt 0.339342 0.645592
vt 0.326010 0.026173
vt 0.326010 0.240317
vt 0.296949 0.240317
vt 0.296949 0.026173
vt 0.940337 0.630801
vt 0.940337 0.661703
vt 0.929422 0.661703
vt 0.929422 0.630801
vt 0.319874 0.406823
vt 0.332897 0.406823
vt 0.332897 0.620966
vt 0.319874 0.620966
vt 0.865664 0.636427
vt 0.865664 0.750066
vt 0.858252 0.750066
vt 0.858252 0.636427
vt 0.894966 0.132240
vt 0.894966 0.178125
vt 0.887554 0.178125
vt 0.887554 0.132240
vt 0.893052 0.080001
vt 0.893052 0.044780
vt 0.903911 0.046940
vt 0.903911 0.077841
vt 0.974558 0.408301
vt 0.974558 0.419505
vt 0.971496 0.419505
vt 0.968375 0.408301
vt 0.882027 0.632208
vt 0.888588 0.630801
vt 0.888588 0.737893
vt 0.882027 0.739300
vt 0.910428 0.302906
vt 0.910428 0.267685
vt 0.921286 0.269845
vt 0.921286 0.300746
vt 0.878063 0.503740
vt 0.878063 0.472838
vt 0.888921 0.470678
vt 0.888921 0.505899
vt 0.761421 0.199084
vt 0.754756 0.199853
vt 0.754756 0.003955
vt 0.761421 0.003186
vt 0.094330 0.729795
vt 0.078069 0.730080
vt 0.085839 0.622770
vt 0.094330 0.619709
vt 0.895294 0.503740
vt 0.895294 0.472838
vt 0.906152 0.470678
vt 0.906152 0.505899
vt 0.380641 0.909037
vt 0.380641 0.873816
vt 0.391500 0.875976
vt 0.391500 0.906877
vt 0.895045 0.549476
vt 0.895045 0.518575
vt 0.905904 0.516415
vt 0.905904 0.551636
vt 0.363102 0.971863
vt 0.351898 0.971863
vt 0.351898 0.959005
vt 0.363102 0.959005
vt 0.975415 0.749209
vt 0.975415 0.713988
vt 0.977372 0.713989
vt 0.977372 0.749209
vt 0.854673 0.957044
vt 0.889894 0.957044
vt 0.889894 0.959002
vt 0.854673 0.959002
vt 0.096040 0.781066
vt 0.096040 0.880984
vt 0.088628 0.880984
vt 0.088628 0.781066
vt 0.192768 0.955236
vt 0.192768 0.953278
vt 0.227989 0.953278
vt 0.227989 0.955236
vt 0.590459 0.874397
vt 0.583181 0.874397
vt 0.583180 0.768282
vt 0.590459 0.768282
vt 0.899697 0.408301
vt 0.910267 0.408301
vt 0.910267 0.420143
vt 0.899697 0.420143
vt 0.340844 0.351070
vt 0.236203 0.351070
vt 0.236203 0.347452
vt 0.340844 0.347452
vt 0.057028 0.729094
vt 0.021806 0.729094
vt 0.021805 0.727169
vt 0.057028 0.727136
vt 0.524855 0.767140
vt 0.524855 0.775693
vt 0.398143 0.775674
vt 0.397872 0.767157
vt 0.985625 0.139651
vt 0.978213 0.139651
vt 0.978213 0.132240
vt 0.985625 0.132240
vt 0.297126 0.260292
vt 0.426571 0.260279
vt 0.426571 0.268832
vt 0.296949 0.268822
vt 0.166925 0.816287
vt 0.164968 0.816288
vt 0.165000 0.781066
vt 0.166925 0.781067
vt 0.828916 0.901107
vt 0.841938 0.901107
vt 0.841938 0.930168
vt 0.828916 0.930168
vt 0.770126 0.911056
vt 0.770126 0.865844
vt 0.777538 0.865844
vt 0.777538 0.911056
vt 0.160996 0.902522
vt 0.160996 0.867300
vt 0.162953 0.867300
vt 0.162953 0.902522
vt 0.075695 0.910863
vt 0.106597 0.910863
vt 0.106597 0.921778
vt 0.075695 0.921778
vt 0.578458 0.983017
vt 0.578458 0.974511
vt 0.585737 0.974511
vt 0.585737 0.983017
vt 0.181369 0.935052
vt 0.164755 0.935052
vt 0.164755 0.920221
vt 0.181369 0.920221
vt 0.420860 0.731973
vt 0.420860 0.724694
vt 0.526975 0.724694
vt 0.526975 0.731973
vt 0.940422 0.584590
vt 0.929507 0.584590
vt 0.929507 0.553689
vt 0.940422 0.553689
vt 0.885304 0.808083
vt 0.885304 0.756438
vt 0.892716 0.756438
vt 0.892716 0.808083
vt 0.794789 0.184896
vt 0.802190 0.184498
vt 0.802190 0.306039
vt 0.794789 0.306437
vt 0.739195 0.516611
vt 0.739195 0.712515
vt 0.732161 0.712319
vt 0.732161 0.516415
vt 0.296949 0.318088
vt 0.410137 0.302773
vt 0.410137 0.318092
vt 0.296949 0.275205
vt 0.462236 0.275204
vt 0.462236 0.282616
vt 0.296949 0.282616
vt 0.332897 0.792623
vt 0.325485 0.792623
vt 0.325485 0.627338
vt 0.332897 0.627338
vt 0.477865 0.347452
vt 0.486418 0.347452
vt 0.486418 0.698102
vt 0.477864 0.698102
vt 0.391500 0.754955
vt 0.374885 0.754955
vt 0.374885 0.360219
vt 0.391500 0.360219
vt 0.504164 0.960015
vt 0.504164 0.947157
vt 0.515795 0.947157
vt 0.515795 0.960015
vt 0.564955 0.719206
vt 0.550124 0.719206
vt 0.550124 0.347452
vt 0.564955 0.347452
vt 0.020559 0.759767
vt 0.020559 0.752355
vt 0.185845 0.752356
vt 0.185845 0.759767
vt 0.666013 0.003186
vt 0.666013 0.019801
vt 0.296949 0.019800
vt 0.296949 0.003186
vt 0.748383 0.004131
vt 0.748383 0.200026
vt 0.741410 0.199082
vt 0.741410 0.003186
vt 0.629979 0.026173
vt 0.644810 0.026173
vt 0.644810 0.420914
vt 0.629980 0.420914
vt 0.943135 0.163141
vt 0.932220 0.163141
vt 0.932220 0.132240
vt 0.943135 0.132240
vt 0.866173 0.419317
vt 0.858894 0.419317
vt 0.858894 0.313201
vt 0.866173 0.313201
vt 0.927658 0.294267
vt 0.927658 0.263365
vt 0.938574 0.263365
vt 0.938574 0.294267
vt 0.587131 0.272011
vt 0.587131 0.317897
vt 0.579752 0.317201
vt 0.579752 0.271315
vt 0.916928 0.366708
vt 0.924340 0.366708
vt 0.924340 0.411919
vt 0.916928 0.411919
vt 0.576808 0.874397
vt 0.569529 0.874397
vt 0.569529 0.768282
vt 0.576808 0.768282
vt 0.978213 0.153435
vt 0.978213 0.146024
vt 0.985625 0.146024
vt 0.985625 0.153435
vt 0.090021 0.353847
vt 0.049790 0.353847
vt 0.049790 0.003186
vt 0.090021 0.003186
vt 0.372828 0.867443
vt 0.365549 0.867443
vt 0.365549 0.761328
vt 0.372828 0.761328
vt 0.332382 0.240317
vt 0.332382 0.026173
vt 0.361443 0.026173
vt 0.361443 0.240317
vt 0.885401 0.306643
vt 0.874197 0.306643
vt 0.874197 0.303581
vt 0.885401 0.300460
vt 0.927514 0.048494
vt 0.938429 0.048494
vt 0.938429 0.079396
vt 0.927514 0.079396
vt 0.009369 0.975514
vt 0.003186 0.975514
vt 0.006307 0.964309
vt 0.009369 0.964309
vt 0.210212 0.961608
vt 0.221283 0.961608
vt 0.221283 0.972523
vt 0.210212 0.972523
vt 0.020559 0.745983
vt 0.020559 0.738571
vt 0.185846 0.738571
vt 0.185846 0.745983
vt 0.773319 0.746983
vt 0.773318 0.734125
vt 0.776380 0.734125
vt 0.776380 0.746983
vt 0.680939 0.378623
vt 0.680939 0.720973
vt 0.672386 0.720973
vt 0.672387 0.378623
vt 0.561328 0.731761
vt 0.550124 0.731761
vt 0.550124 0.728700
vt 0.561328 0.725579
vt 0.712931 0.712935
vt 0.712931 0.701304
vt 0.725789 0.701304
vt 0.725789 0.712935
vt 0.238643 0.964236
vt 0.241704 0.964236
vt 0.241704 0.975440
vt 0.235522 0.975440
vt 0.345525 0.360219
vt 0.345525 0.400450
vt 0.003186 0.400450
vt 0.003186 0.360219
vt 0.251198 0.964236
vt 0.254260 0.964236
vt 0.254260 0.975440
vt 0.248077 0.975440
vt 0.617425 0.640380
vt 0.617424 0.401599
vt 0.623607 0.401599
vt 0.623607 0.640380
vt 0.771669 0.689064
vt 0.778880 0.688070
vt 0.778880 0.726554
vt 0.771669 0.727548
vt 0.940422 0.590963
vt 0.940422 0.621864
vt 0.929507 0.621864
vt 0.929507 0.590963
vt 0.459306 0.895724
vt 0.459306 0.904277
vt 0.419075 0.904277
vt 0.419075 0.895724
vt 0.967085 0.709134
vt 0.967085 0.673913
vt 0.969042 0.673913
vt 0.969042 0.709134
vt 0.940761 0.757432
vt 0.940761 0.795916
vt 0.933550 0.794922
vt 0.933550 0.756438
vt 0.628833 0.965959
vt 0.628833 0.974464
vt 0.621554 0.974464
vt 0.621554 0.965959
vt 0.131680 0.963810
vt 0.131680 0.975014
vt 0.128618 0.975015
vt 0.125497 0.963810
vt 0.295753 0.938189
vt 0.295752 0.907288
vt 0.306668 0.907288
vt 0.306668 0.938189
vt 0.763274 0.926603
vt 0.763274 0.943217
vt 0.748443 0.943217
vt 0.748443 0.926603
vt 0.710799 0.372254
vt 0.695373 0.372254
vt 0.695373 0.003186
vt 0.710799 0.003186
vt 0.359177 0.867443
vt 0.351898 0.867443
vt 0.351898 0.761328
vt 0.359177 0.761328
vt 0.678740 0.768282
vt 0.686019 0.768282
vt 0.686019 0.874397
vt 0.678740 0.874397
vt 0.975806 0.616789
vt 0.983218 0.616789
vt 0.983218 0.624201
vt 0.975806 0.624201
vt 0.082834 0.612653
vt 0.078069 0.449040
vt 0.094655 0.449999
vt 0.094655 0.613336
vt 0.105793 0.449724
vt 0.117615 0.449040
vt 0.117615 0.612314
vt 0.101028 0.613273
vt 0.476499 0.265918
vt 0.461668 0.265918
vt 0.461668 0.026173
vt 0.476499 0.026173
vt 0.207049 0.449067
vt 0.207049 0.612342
vt 0.196479 0.612323
vt 0.192218 0.449040
vt 0.930712 0.366708
vt 0.941627 0.366708
vt 0.941627 0.397609
vt 0.930712 0.397609
vt 0.885946 0.315079
vt 0.894242 0.313201
vt 0.894242 0.358457
vt 0.885946 0.360335
vt 0.860010 0.005064
vt 0.860010 0.111180
vt 0.851714 0.109302
vt 0.851714 0.003186
vt 0.075695 0.904490
vt 0.075695 0.895937
vt 0.115926 0.895937
vt 0.115926 0.904490
vt 0.760306 0.508020
vt 0.760306 0.506062
vt 0.795528 0.506062
vt 0.795528 0.508020
vt 0.003186 0.722758
vt 0.011482 0.720880
vt 0.011482 0.826996
vt 0.003186 0.828874
vt 0.814247 0.518293
vt 0.822543 0.516415
vt 0.822543 0.622531
vt 0.814247 0.624409
vt 0.787874 0.478484
vt 0.787874 0.313201
vt 0.795286 0.313201
vt 0.795286 0.478484
vt 0.189656 0.894531
vt 0.198209 0.894531
vt 0.198209 0.934762
vt 0.189656 0.934762
vt 0.837046 0.005064
vt 0.845342 0.003186
vt 0.845342 0.109302
vt 0.837046 0.111180
vt 0.859979 0.186376
vt 0.859979 0.292492
vt 0.851683 0.290614
vt 0.851683 0.184498
vt 0.657041 0.672429
vt 0.666013 0.672429
vt 0.666013 0.727159
vt 0.657041 0.727159
vt 0.788417 0.184896
vt 0.788417 0.306437
vt 0.781016 0.306039
vt 0.781016 0.184498
vt 0.822543 0.632660
vt 0.822543 0.738776
vt 0.814247 0.736898
vt 0.814247 0.630782
vt 0.397872 0.789477
vt 0.397872 0.782066
vt 0.497791 0.782066
vt 0.497791 0.789477
vt 0.837211 0.851263
vt 0.828916 0.853141
vt 0.828916 0.747026
vt 0.837211 0.745147
vt 0.837015 0.290613
vt 0.837015 0.184498
vt 0.845311 0.186376
vt 0.845311 0.292492
vt 0.109824 0.842906
vt 0.102412 0.842906
vt 0.102412 0.781066
vt 0.109824 0.781066
vt 0.917203 0.814456
vt 0.924615 0.814456
vt 0.924615 0.859667
vt 0.917203 0.859667
vt 0.823185 0.429445
vt 0.823185 0.503929
vt 0.814889 0.502051
vt 0.814889 0.427567
vt 0.851880 0.632660
vt 0.851880 0.738776
vt 0.843584 0.736897
vt 0.843584 0.630782
vt 0.919766 0.959635
vt 0.919766 0.957677
vt 0.954987 0.957677
vt 0.954987 0.959635
vt 0.837853 0.419316
vt 0.829557 0.421195
vt 0.829558 0.315079
vt 0.837853 0.313201
vt 0.823185 0.419316
vt 0.814889 0.421195
vt 0.814889 0.315079
vt 0.823185 0.313201
vt 0.968650 0.814456
vt 0.970608 0.814456
vt 0.970608 0.849677
vt 0.968650 0.849677
vt 0.919766 0.867962
vt 0.928319 0.867962
vt 0.928319 0.908193
vt 0.919766 0.908193
vt 0.844226 0.419316
vt 0.844226 0.313201
vt 0.852522 0.315079
vt 0.852522 0.421194
vt 0.828916 0.632660
vt 0.837212 0.630782
vt 0.837212 0.736897
vt 0.828916 0.738775
vt 0.885946 0.367404
vt 0.893325 0.366708
vt 0.893325 0.412593
vt 0.885946 0.413290
vt 0.843584 0.622531
vt 0.843584 0.516415
vt 0.851880 0.518293
vt 0.851880 0.624409
vt 0.149109 0.731584
vt 0.147727 0.722278
vt 0.164643 0.722876
vt 0.164643 0.731309
vt 0.762462 0.949590
vt 0.762462 0.951547
vt 0.727240 0.951547
vt 0.727240 0.949590
vt 0.885304 0.859712
vt 0.885304 0.814456
vt 0.893600 0.816334
vt 0.893600 0.861590
vt 0.830673 0.005064
vt 0.830673 0.111181
vt 0.822378 0.109302
vt 0.822378 0.003186
vt 0.967807 0.184498
vt 0.969765 0.184498
vt 0.969765 0.219719
vt 0.967807 0.219719
vt 0.848104 0.894735
vt 0.846147 0.894735
vt 0.846147 0.859513
vt 0.848104 0.859513
vt 0.003186 0.941745
vt 0.011482 0.939867
vt 0.011482 0.956059
vt 0.003186 0.957937
vt 0.727240 0.859471
vt 0.727240 0.753356
vt 0.735536 0.755234
vt 0.735536 0.861349
vt 0.186376 0.955575
vt 0.186376 0.971840
vt 0.182758 0.971840
vt 0.182758 0.955575
vt 0.351898 0.926324
vt 0.351898 0.915409
vt 0.382799 0.915410
vt 0.382799 0.926324
vt 0.822346 0.290614
vt 0.822346 0.184498
vt 0.830642 0.186376
vt 0.830642 0.292492
vt 0.822543 0.851264
vt 0.814247 0.853142
vt 0.814247 0.747027
vt 0.822543 0.745148
vt 0.593503 0.307791
vt 0.602475 0.307790
vt 0.602475 0.317986
vt 0.593503 0.317986
vt 0.289380 0.851952
vt 0.281084 0.853830
vt 0.281084 0.747715
vt 0.289380 0.745837
vt 0.272270 0.704725
vt 0.272270 0.810840
vt 0.263974 0.808962
vt 0.263974 0.702846
vt 0.303294 0.957778
vt 0.303294 0.959736
vt 0.268073 0.959736
vt 0.268073 0.957778
vt 0.071696 0.635808
vt 0.071696 0.720764
vt 0.063400 0.718885
vt 0.063400 0.633930
vt 0.249306 0.704725
vt 0.257602 0.702846
vt 0.257602 0.808962
vt 0.249306 0.810840
vt 0.792865 0.516415
vt 0.792865 0.681700
vt 0.785453 0.681700
vt 0.785453 0.516415
vt 0.733897 0.314145
vt 0.740870 0.313201
vt 0.740870 0.509098
vt 0.733897 0.510043
vt 0.712514 0.510043
vt 0.695373 0.378627
vt 0.712514 0.378627
vt 0.147501 0.580456
vt 0.164643 0.449040
vt 0.164643 0.596049
vt 0.899088 0.798032
vt 0.924144 0.798032
vt 0.924144 0.806585
vt 0.899088 0.806585
vt 0.960796 0.602638
vt 0.969434 0.602638
vt 0.969434 0.618064
vt 0.960796 0.618064
vt 0.629672 0.915991
vt 0.627714 0.915991
vt 0.627714 0.880769
vt 0.629672 0.880769
vt 0.419075 0.921565
vt 0.419075 0.910650
vt 0.449977 0.910650
vt 0.449977 0.921565
vt 0.339342 0.848457
vt 0.342961 0.848457
vt 0.342961 0.872458
vt 0.339342 0.872458
vt 0.024968 0.668251
vt 0.026926 0.668251
vt 0.026926 0.703472
vt 0.024968 0.703472
vt 0.632846 0.726232
vt 0.629979 0.584998
vt 0.645385 0.585779
vt 0.645385 0.726868
vt 0.482827 0.803129
vt 0.397872 0.803129
vt 0.397872 0.795850
vt 0.482827 0.795850
vt 0.977489 0.341503
vt 0.984901 0.341503
vt 0.984901 0.348914
vt 0.977489 0.348914
vt 0.735037 0.199086
vt 0.728003 0.199282
vt 0.728004 0.003382
vt 0.735037 0.003186
vt 0.567900 0.026173
vt 0.567900 0.264945
vt 0.555042 0.264945
vt 0.555042 0.026173
vt 0.767794 0.003186
vt 0.775206 0.003186
vt 0.775206 0.168468
vt 0.767794 0.168468
vt 0.929422 0.709669
vt 0.940337 0.709669
vt 0.940337 0.740570
vt 0.929422 0.740570
vt 0.942411 0.344102
vt 0.931496 0.344102
vt 0.931496 0.313201
vt 0.942411 0.313201
vt 0.027971 0.781066
vt 0.027971 0.884510
vt 0.020559 0.884510
vt 0.020559 0.781066
vt 0.760306 0.478487
vt 0.760306 0.313201
vt 0.767717 0.313201
vt 0.767717 0.478487
vt 0.492791 0.347452
vt 0.501344 0.347452
vt 0.501345 0.698103
vt 0.492790 0.698103
vt 0.978213 0.167219
vt 0.978213 0.159808
vt 0.985625 0.159808
vt 0.985625 0.167219
vt 0.938574 0.256993
vt 0.927658 0.256993
vt 0.927658 0.226092
vt 0.938574 0.226092
vt 0.967663 0.048494
vt 0.969620 0.048494
vt 0.969620 0.083716
vt 0.967663 0.083716
vt 0.747681 0.206909
vt 0.755093 0.206909
vt 0.755093 0.306828
vt 0.747681 0.306828
vt 0.176385 0.955576
vt 0.176385 0.968434
vt 0.164755 0.968434
vt 0.164755 0.955575
vt 0.969127 0.594748
vt 0.967170 0.594748
vt 0.967170 0.559527
vt 0.969127 0.559527
vt 0.774090 0.313201
vt 0.781502 0.313201
vt 0.781502 0.478485
vt 0.774090 0.478485
vt 0.679244 0.730963
vt 0.672386 0.730963
vt 0.672386 0.727345
vt 0.679244 0.727345
vt 0.607957 0.341079
vt 0.236203 0.341079
vt 0.236203 0.324465
vt 0.607957 0.324464
vt 0.548669 0.026173
vt 0.548669 0.264946
vt 0.535811 0.264946
vt 0.535812 0.026173
vt 0.003186 0.003186
vt 0.043417 0.003186
vt 0.043417 0.353847
vt 0.003186 0.353847
vt 0.438681 0.265918
vt 0.438681 0.026173
vt 0.455296 0.026173
vt 0.455296 0.265918
vt 0.183227 0.345860
vt 0.142997 0.345860
vt 0.142996 0.003186
vt 0.183227 0.003186
vt 0.742071 0.926603
vt 0.742071 0.943217
vt 0.727240 0.943217
vt 0.727240 0.926603
vt 0.266423 0.920641
vt 0.266423 0.931556
vt 0.235522 0.931556
vt 0.235522 0.920641
vt 0.593503 0.240315
vt 0.593504 0.026173
vt 0.606526 0.026173
vt 0.606526 0.240315
vt 0.465678 0.924784
vt 0.465678 0.895724
vt 0.478701 0.895724
vt 0.478701 0.924784
vt 0.927514 0.117275
vt 0.927514 0.086373
vt 0.938429 0.086373
vt 0.938429 0.117275
vt 0.167718 0.766140
vt 0.167718 0.774693
vt 0.021193 0.774614
vt 0.020559 0.766218
vt 0.719904 0.922363
vt 0.719904 0.938978
vt 0.705074 0.938978
vt 0.705074 0.922363
vt 0.881181 0.135014
vt 0.866351 0.135014
vt 0.866351 0.118400
vt 0.881181 0.118400
vt 0.397872 0.895724
vt 0.410895 0.895724
vt 0.410895 0.924785
vt 0.397872 0.924785
vt 0.154719 0.934773
vt 0.123722 0.934957
vt 0.124924 0.926181
vt 0.154719 0.926252
vt 0.850488 0.427567
vt 0.850488 0.502051
vt 0.843209 0.502051
vt 0.843209 0.427567
vt 0.552158 0.873256
vt 0.544879 0.873256
vt 0.544879 0.767140
vt 0.552158 0.767140
vt 0.658716 0.768282
vt 0.658716 0.874397
vt 0.651437 0.874397
vt 0.651437 0.768282
vt 0.969883 0.132240
vt 0.971841 0.132240
vt 0.971841 0.167461
vt 0.969883 0.167461
vt 0.433086 0.689801
vt 0.433085 0.347452
vt 0.441639 0.347452
vt 0.441639 0.689801
vt 0.428380 0.696506
vt 0.428380 0.712698
vt 0.421101 0.712698
vt 0.421101 0.696506
vt 0.003266 0.562228
vt 0.003186 0.449040
vt 0.028100 0.451708
vt 0.028100 0.578690
vt 0.504075 0.202244
vt 0.529063 0.183902
vt 0.529063 0.310614
vt 0.504153 0.313318
vt 0.746523 0.902541
vt 0.744565 0.902541
vt 0.744565 0.867320
vt 0.746523 0.867320
vt 0.504164 0.909883
vt 0.515079 0.909883
vt 0.515079 0.940785
vt 0.504164 0.940785
vt 0.339342 0.798974
vt 0.339342 0.651965
vt 0.342961 0.651965
vt 0.342961 0.798974
vt 0.131027 0.895164
vt 0.123615 0.895164
vt 0.123615 0.849279
vt 0.131027 0.849279
vt 0.659830 0.427286
vt 0.666013 0.427286
vt 0.666013 0.666056
vt 0.659830 0.666056
vt 0.623607 0.026173
vt 0.623607 0.395227
vt 0.614970 0.395227
vt 0.614969 0.026173
vt 0.938574 0.215399
vt 0.927658 0.215399
vt 0.927658 0.184498
vt 0.938574 0.184498
vt 0.726143 0.265084
vt 0.726143 0.319815
vt 0.717171 0.319815
vt 0.717171 0.265084
vt 0.584360 0.938978
vt 0.569529 0.938978
vt 0.569529 0.922363
vt 0.584360 0.922363
vt 0.672368 0.768282
vt 0.672368 0.874397
vt 0.665089 0.874397
vt 0.665089 0.768282
vt 0.592531 0.716517
vt 0.592531 0.347452
vt 0.607957 0.347452
vt 0.607957 0.716517
vt 0.699670 0.768282
vt 0.699670 0.874397
vt 0.692391 0.874397
vt 0.692391 0.768282
vt 0.351898 0.754955
vt 0.351898 0.360219
vt 0.368513 0.360219
vt 0.368513 0.754955
vt 0.858252 0.756438
vt 0.865531 0.756438
vt 0.865531 0.862554
vt 0.858252 0.862554
vt 0.384900 0.967643
vt 0.369474 0.967643
vt 0.369474 0.959005
vt 0.384900 0.959005
vt 0.214298 0.738571
vt 0.214298 0.852210
vt 0.206887 0.852210
vt 0.206887 0.738571
vt 0.967279 0.270398
vt 0.967279 0.305619
vt 0.965321 0.305619
vt 0.965321 0.270398
vt 0.925124 0.358457
vt 0.917845 0.358457
vt 0.917845 0.313201
vt 0.925124 0.313201
vt 0.610483 0.874397
vt 0.610483 0.768282
vt 0.617762 0.768282
vt 0.617762 0.874397
vt 0.902479 0.940457
vt 0.902479 0.909556
vt 0.913394 0.909556
vt 0.913394 0.940457
vt 0.287214 0.914268
vt 0.287214 0.879047
vt 0.289172 0.879047
vt 0.289172 0.914268
vt 0.907471 0.957044
vt 0.907471 0.969902
vt 0.896267 0.969902
vt 0.896267 0.957044
vt 0.886036 0.978232
vt 0.882975 0.978232
vt 0.882975 0.965374
vt 0.886036 0.965374
vt 0.067465 0.933993
vt 0.067465 0.969215
vt 0.065508 0.969215
vt 0.065508 0.933993
vt 0.397872 0.974268
vt 0.405151 0.974268
vt 0.405151 0.982774
vt 0.397872 0.982774
vt 0.528920 0.716509
vt 0.528921 0.347452
vt 0.543751 0.347452
vt 0.543751 0.716509
vt 0.129981 0.842906
vt 0.129981 0.781066
vt 0.137392 0.781066
vt 0.137392 0.842906
vt 0.993269 0.524800
vt 0.989651 0.524800
vt 0.989651 0.516415
vt 0.993269 0.516415
vt 0.975449 0.003186
vt 0.977406 0.003186
vt 0.977406 0.038407
vt 0.975449 0.038407
vt 0.809146 0.156568
vt 0.812765 0.156568
vt 0.812765 0.173709
vt 0.809146 0.173709
vt 0.489200 0.803129
vt 0.489200 0.795850
vt 0.497706 0.795850
vt 0.497706 0.803129
vt 0.663260 0.966660
vt 0.663260 0.953802
vt 0.674890 0.953802
vt 0.674890 0.966660
vt 0.779081 0.681697
vt 0.771669 0.681697
vt 0.771669 0.516415
vt 0.779081 0.516415
vt 0.242933 0.816485
vt 0.235522 0.816485
vt 0.235522 0.702846
vt 0.242933 0.702846
vt 0.777405 0.753356
vt 0.777405 0.859472
vt 0.770126 0.859472
vt 0.770126 0.753356
vt 0.351898 0.978236
vt 0.359309 0.978236
vt 0.359309 0.985647
vt 0.351898 0.985647
vt 0.757675 0.957920
vt 0.757675 0.969124
vt 0.744817 0.969124
vt 0.744817 0.957920
vt 0.802774 0.003186
vt 0.802774 0.168471
vt 0.795362 0.168471
vt 0.795362 0.003186
vt 0.538506 0.873256
vt 0.531227 0.873256
vt 0.531227 0.767140
vt 0.538506 0.767140
vt 0.056270 0.627558
vt 0.056270 0.449040
vt 0.071696 0.449040
vt 0.071696 0.627558
vt 0.975415 0.672395
vt 0.977372 0.672395
vt 0.977372 0.707616
vt 0.975415 0.707616
vt 0.596832 0.874397
vt 0.596832 0.768282
vt 0.604111 0.768282
vt 0.604111 0.874397
vt 0.471240 0.312968
vt 0.416509 0.312968
vt 0.416509 0.302773
vt 0.471240 0.302773
vt 0.800845 0.664179
vt 0.807875 0.664121
vt 0.807875 0.805210
vt 0.799237 0.805281
vt 0.807875 0.516486
vt 0.807875 0.657748
vt 0.800845 0.657690
vt 0.799237 0.516415
vt 0.698240 0.517051
vt 0.710779 0.516415
vt 0.710779 0.657526
vt 0.695373 0.658308
vt 0.947133 0.799549
vt 0.963325 0.799549
vt 0.963325 0.806828
vt 0.947133 0.806828
vt 0.228440 0.771474
vt 0.221029 0.771474
vt 0.221028 0.606192
vt 0.228440 0.606192
vt 0.967760 0.911075
vt 0.969718 0.911075
vt 0.969718 0.946296
vt 0.967760 0.946296
vt 0.274712 0.553348
vt 0.249352 0.557572
vt 0.249306 0.414598
vt 0.274712 0.406823
vt 0.200514 0.740449
vt 0.200514 0.846565
vt 0.192218 0.844687
vt 0.192218 0.738571
vt 0.049749 0.633930
vt 0.057028 0.633930
vt 0.057028 0.718885
vt 0.049749 0.718885
vt 0.011740 0.933495
vt 0.003186 0.933495
vt 0.003186 0.893264
vt 0.011740 0.893264
vt 0.497702 0.026173
vt 0.497702 0.265918
vt 0.482872 0.265918
vt 0.482871 0.026173
vt 0.879573 0.313560
vt 0.879573 0.420651
vt 0.872546 0.420293
vt 0.872546 0.313201
vt 0.570101 0.753428
vt 0.720868 0.753356
vt 0.720868 0.761909
vt 0.569529 0.761842
vt 0.529439 0.030370
vt 0.529439 0.177529
vt 0.504121 0.172526
vt 0.504075 0.026173
vt 0.644848 0.578625
vt 0.629979 0.578613
vt 0.630130 0.432261
vt 0.644848 0.427286
vt 0.003186 0.696126
vt 0.018596 0.585063
vt 0.018596 0.714508
vt 0.274634 0.647133
vt 0.274634 0.682355
vt 0.272676 0.682355
vt 0.272676 0.647133
vt 0.228440 0.449053
vt 0.228440 0.599819
vt 0.213421 0.592014
vt 0.213571 0.449040
vt 0.895801 0.599602
vt 0.921606 0.599897
vt 0.921606 0.608317
vt 0.895045 0.608980
vt 0.227850 0.884938
vt 0.221028 0.886666
vt 0.221028 0.779574
vt 0.227850 0.777847
vt 0.522548 0.347452
vt 0.522548 0.716513
vt 0.507717 0.716513
vt 0.507717 0.347452
vt 0.880034 0.110277
vt 0.880034 0.003186
vt 0.886680 0.004109
vt 0.886680 0.111200
vt 0.878659 0.927934
vt 0.878659 0.936466
vt 0.856264 0.936520
vt 0.854673 0.927807
vt 0.493567 0.934208
vt 0.485073 0.934660
vt 0.485073 0.896176
vt 0.493567 0.895724
vt 0.485073 0.957224
vt 0.485073 0.941032
vt 0.493369 0.942910
vt 0.493369 0.959102
vt 0.969376 0.505899
vt 0.967418 0.505899
vt 0.967418 0.470678
vt 0.969376 0.470678
vt 0.456565 0.690118
vt 0.448012 0.690117
vt 0.448011 0.347452
vt 0.456565 0.347452
vt 0.384221 0.867443
vt 0.384221 0.761327
vt 0.391500 0.761327
vt 0.391500 0.867443
vt 0.689000 0.372251
vt 0.672386 0.372251
vt 0.672386 0.003186
vt 0.689000 0.003186
vt 0.747243 0.509103
vt 0.747243 0.313201
vt 0.753933 0.313705
vt 0.753933 0.509607
vt 0.562129 0.932137
vt 0.531227 0.932137
vt 0.531227 0.921222
vt 0.562129 0.921222
vt 0.779081 0.973408
vt 0.768010 0.973408
vt 0.768010 0.962493
vt 0.779081 0.962493
vt 0.929422 0.672395
vt 0.940337 0.672395
vt 0.940337 0.703296
vt 0.929422 0.703296
vt 0.763754 0.753356
vt 0.763754 0.860947
vt 0.756017 0.756589
vt 0.179311 0.725173
vt 0.171015 0.727051
vt 0.171016 0.620935
vt 0.179311 0.619057
vt 0.369129 0.873816
vt 0.371086 0.873816
vt 0.371086 0.909037
vt 0.369129 0.909037
vt 0.164643 0.715906
vt 0.148597 0.606996
vt 0.164643 0.602421
vt 0.034472 0.635808
vt 0.042768 0.633930
vt 0.042768 0.718885
vt 0.034472 0.720763
vt 0.558530 0.870048
vt 0.558530 0.853363
vt 0.562148 0.853363
vt 0.562148 0.870048
vt 0.975609 0.264025
vt 0.973651 0.264025
vt 0.973651 0.228804
vt 0.975609 0.228804
vt 0.306090 0.859139
vt 0.306090 0.842105
vt 0.309708 0.842105
vt 0.309708 0.859139
vt 0.816005 0.150195
vt 0.809146 0.018779
vt 0.816005 0.003186
vt 0.801658 0.444620
vt 0.808517 0.313201
vt 0.808517 0.460212
vt 0.871904 0.870261
vt 0.875522 0.870261
vt 0.875522 0.894261
vt 0.871904 0.894261
vt 0.185846 0.612658
vt 0.171015 0.612685
vt 0.175276 0.449059
vt 0.185846 0.449040
vt 0.411524 0.974268
vt 0.418802 0.974268
vt 0.418802 0.982774
vt 0.411524 0.982774
vt 0.929756 0.470678
vt 0.940671 0.470678
vt 0.940671 0.501580
vt 0.929756 0.501580
vt 0.272795 0.920641
vt 0.287626 0.920641
vt 0.287626 0.937255
vt 0.272795 0.937255
vt 0.872036 0.516415
vt 0.875655 0.516415
vt 0.875655 0.663424
vt 0.872036 0.663424
vt 0.623607 0.721236
vt 0.615311 0.723114
vt 0.615311 0.648630
vt 0.623607 0.646752
vt 0.837211 0.622531
vt 0.828916 0.624409
vt 0.828916 0.518293
vt 0.837211 0.516415
vt 0.969042 0.666023
vt 0.967085 0.666023
vt 0.967085 0.630801
vt 0.969042 0.630801
vt 0.969128 0.551636
vt 0.967170 0.551636
vt 0.967170 0.516415
vt 0.969128 0.516415
vt 0.804642 0.859158
vt 0.804642 0.894379
vt 0.802684 0.894379
vt 0.802684 0.859158
vt 0.973651 0.270398
vt 0.975609 0.270398
vt 0.975609 0.305619
vt 0.973651 0.305619
vt 0.872036 0.705018
vt 0.872036 0.669797
vt 0.873994 0.669797
vt 0.873994 0.705018
vt 0.895045 0.623906
vt 0.895045 0.615352
vt 0.920754 0.615352
vt 0.920754 0.623906
vt 0.522897 0.956443
vt 0.522897 0.921222
vt 0.524855 0.921222
vt 0.524855 0.956443
vt 0.426712 0.602986
vt 0.422253 0.602960
vt 0.422253 0.347452
vt 0.426712 0.347478
vt 0.811685 0.894736
vt 0.811685 0.859514
vt 0.822543 0.861674
vt 0.822543 0.892576
vt 0.648645 0.880769
vt 0.648645 0.915991
vt 0.637786 0.913831
vt 0.637786 0.882929
vt 0.923383 0.470678
vt 0.923383 0.505899
vt 0.912525 0.503740
vt 0.912525 0.472838
vt 0.246380 0.914268
vt 0.235522 0.912108
vt 0.235522 0.881207
vt 0.246380 0.879047
vt 0.335297 0.885218
vt 0.343851 0.885218
vt 0.343851 0.925449
vt 0.335297 0.925449
vt 0.653211 0.427287
vt 0.653211 0.462507
vt 0.651221 0.462508
vt 0.651221 0.427286
vt 0.975474 0.461268
vt 0.975474 0.426049
vt 0.977399 0.426048
vt 0.977399 0.461269
vt 0.977372 0.630801
vt 0.977372 0.666022
vt 0.975415 0.666022
vt 0.975415 0.630801
vt 0.689185 0.939651
vt 0.691142 0.939651
vt 0.691142 0.974872
vt 0.689185 0.974872
vt 0.734652 0.984562
vt 0.727240 0.984562
vt 0.727240 0.977150
vt 0.734652 0.977150
vt 0.916319 0.758598
vt 0.927178 0.756438
vt 0.927178 0.791659
vt 0.916319 0.789499
vt 0.910283 0.005346
vt 0.921142 0.003186
vt 0.921142 0.038407
vt 0.910283 0.036247
vt 0.912276 0.560169
vt 0.923135 0.558009
vt 0.923135 0.593230
vt 0.912276 0.591070
vt 0.904055 0.259153
vt 0.893197 0.261313
vt 0.893197 0.226092
vt 0.904055 0.228251
vt 0.034343 0.884510
vt 0.034343 0.781066
vt 0.041755 0.781066
vt 0.041755 0.884510
vt 0.189600 0.003186
vt 0.229831 0.003186
vt 0.229831 0.345525
vt 0.189600 0.345525
vt 0.961360 0.957677
vt 0.969997 0.957677
vt 0.969997 0.973103
vt 0.961360 0.973103
vt 0.717151 0.516415
vt 0.725789 0.516415
vt 0.725789 0.694932
vt 0.717151 0.694932
vt 0.563157 0.753356
vt 0.563157 0.760767
vt 0.397872 0.760767
vt 0.397872 0.753356
vt 0.844601 0.745148
vt 0.851880 0.745148
vt 0.851880 0.851264
vt 0.844601 0.851264
vt 0.003186 0.835246
vt 0.010598 0.835246
vt 0.010598 0.886892
vt 0.003186 0.886892
vt 0.912191 0.674555
vt 0.923050 0.672395
vt 0.923050 0.707616
vt 0.912191 0.705456
vt 0.328925 0.920439
vt 0.318066 0.918279
vt 0.318066 0.887378
vt 0.328925 0.885218
vt 0.785453 0.892219
vt 0.785453 0.861318
vt 0.796312 0.859158
vt 0.796312 0.894379
vt 0.569529 0.915991
vt 0.569529 0.880770
vt 0.580388 0.882930
vt 0.580388 0.913831
vt 0.902535 0.903184
vt 0.902535 0.867962
vt 0.913394 0.870122
vt 0.913394 0.901024
vt 0.672248 0.913831
vt 0.672248 0.882929
vt 0.683106 0.880769
vt 0.683106 0.915991
vt 0.829558 0.427567
vt 0.836836 0.427567
vt 0.836836 0.502051
vt 0.829557 0.502051
vt 0.713651 0.719452
vt 0.765296 0.719452
vt 0.765296 0.726863
vt 0.713651 0.726863
vt 0.403248 0.026173
vt 0.432309 0.026173
vt 0.432309 0.240317
vt 0.403248 0.240317
vt 0.603698 0.301418
vt 0.593503 0.301418
vt 0.593503 0.246687
vt 0.603698 0.246687
vt 0.236203 0.318092
vt 0.236203 0.003186
vt 0.260204 0.003186
vt 0.260204 0.318092
vt 0.214298 0.858583
vt 0.214298 0.903794
vt 0.206887 0.903794
vt 0.206887 0.858583
vt 0.290576 0.003186
vt 0.290576 0.318092
vt 0.266576 0.318092
vt 0.266576 0.003186
vt 0.695373 0.726521
vt 0.695373 0.664680
vt 0.702784 0.664680
vt 0.702784 0.726521
vt 0.056765 0.958784
vt 0.056765 0.974210
vt 0.048127 0.974210
vt 0.048127 0.958784
vt 0.788990 0.168471
vt 0.781578 0.168471
vt 0.781578 0.003186
vt 0.788990 0.003186
vt 0.123608 0.842906
vt 0.116197 0.842906
vt 0.116197 0.781066
vt 0.123608 0.781066
vt 0.727240 0.920230
vt 0.727240 0.909315
vt 0.758142 0.909315
vt 0.758142 0.920230
vt 0.885574 0.910520
vt 0.885574 0.921435
vt 0.854673 0.921435
vt 0.854673 0.910520
vt 0.733897 0.206909
vt 0.741309 0.206909
vt 0.741309 0.306828
vt 0.733897 0.306828
vt 0.367815 0.026173
vt 0.396876 0.026173
vt 0.396876 0.240317
vt 0.367815 0.240317
vt 0.462938 0.347452
vt 0.471491 0.347452
vt 0.471491 0.690134
vt 0.462938 0.690134
vt 0.698701 0.922363
vt 0.698701 0.933278
vt 0.667800 0.933278
vt 0.667800 0.922363
vt 0.564807 0.959501
vt 0.580233 0.959501
vt 0.580233 0.968139
vt 0.564807 0.968139
vt 0.827573 0.962848
vt 0.836545 0.962848
vt 0.836545 0.973043
vt 0.827573 0.973043
vt 0.706043 0.768282
vt 0.713322 0.768282
vt 0.713322 0.874397
vt 0.706043 0.874397
vt 0.174090 0.872255
vt 0.174090 0.766140
vt 0.181369 0.766140
vt 0.181369 0.872255
vt 0.587131 0.026173
vt 0.587131 0.264942
vt 0.574273 0.264942
vt 0.574272 0.026173
vt 0.645065 0.768282
vt 0.645065 0.874397
vt 0.637786 0.874397
vt 0.637786 0.768282
vt 0.242933 0.406823
vt 0.242933 0.423437
vt 0.003186 0.423437
vt 0.003186 0.406823
vt 0.203839 0.972523
vt 0.192768 0.972523
vt 0.192768 0.961608
vt 0.203839 0.961608
vt 0.462236 0.288989
vt 0.462236 0.296400
vt 0.296949 0.296400
vt 0.296949 0.288989
vt 0.123987 0.618843
vt 0.139214 0.602421
vt 0.139214 0.732042
vt 0.123987 0.464633
vt 0.141129 0.449040
vt 0.141129 0.596049
vt 0.266304 0.696474
vt 0.249306 0.566162
vt 0.266304 0.563945
vt 0.296260 0.739464
vt 0.281084 0.629431
vt 0.296260 0.627338
vt 0.749645 0.860947
vt 0.741909 0.857714
vt 0.749645 0.753356
vt 0.208265 0.618714
vt 0.208265 0.732199
vt 0.192218 0.727624
vt 0.428364 0.247047
vt 0.428364 0.253906
vt 0.296949 0.253906
vt 0.774643 0.306437
vt 0.767794 0.175198
vt 0.774643 0.174841
vt 0.287167 0.872674
vt 0.235522 0.872674
vt 0.235522 0.865263
vt 0.287167 0.865263
vt 0.752259 0.712314
vt 0.745568 0.712818
vt 0.745568 0.516920
vt 0.752259 0.516415
vt 0.871904 0.756797
vt 0.878932 0.756438
vt 0.878932 0.863530
vt 0.871904 0.863888
vt 0.936008 0.003638
vt 0.936008 0.042122
vt 0.927514 0.041670
vt 0.927514 0.003186
vt 0.400014 0.347452
vt 0.400014 0.353635
vt 0.388810 0.350514
vt 0.388810 0.347452
vt 0.880002 0.291590
vt 0.880002 0.184498
vt 0.886824 0.186226
vt 0.886824 0.293317
vt 0.888673 0.623506
vt 0.882027 0.624429
vt 0.882027 0.517338
vt 0.888673 0.516415
vt 0.082256 0.782472
vt 0.082256 0.889564
vt 0.075695 0.888157
vt 0.075695 0.781066
vt 0.765297 0.517184
vt 0.765297 0.713079
vt 0.758631 0.712310
vt 0.758631 0.516415
vt 0.923135 0.516415
vt 0.923135 0.551636
vt 0.912276 0.549476
vt 0.912276 0.518575
vt 0.894960 0.666023
vt 0.894960 0.630801
vt 0.905819 0.632961
vt 0.905819 0.663863
vt 0.904055 0.267685
vt 0.904055 0.302906
vt 0.893197 0.300746
vt 0.893197 0.269845
vt 0.916497 0.429727
vt 0.927355 0.427567
vt 0.927355 0.462788
vt 0.916497 0.460628
vt 0.306611 0.865694
vt 0.306611 0.900916
vt 0.295753 0.898756
vt 0.295752 0.867854
vt 0.181369 0.913849
vt 0.170511 0.911689
vt 0.170511 0.880788
vt 0.181369 0.878628
vt 0.727240 0.869881
vt 0.738099 0.867722
vt 0.738099 0.902943
vt 0.727241 0.900783
vt 0.900614 0.315361
vt 0.911473 0.313201
vt 0.911473 0.348422
vt 0.900614 0.346262
vt 0.263611 0.879047
vt 0.263611 0.914268
vt 0.252753 0.912108
vt 0.252753 0.881207
vt 0.899972 0.816616
vt 0.910831 0.814456
vt 0.910831 0.849677
vt 0.899972 0.847517
vt 0.921142 0.044780
vt 0.921142 0.080001
vt 0.910283 0.077841
vt 0.910283 0.046940
vt 0.909947 0.756438
vt 0.909947 0.791659
vt 0.899088 0.789499
vt 0.899088 0.758598
vt 0.200514 0.852937
vt 0.200514 0.888159
vt 0.189656 0.885999
vt 0.189656 0.855097
vt 0.785453 0.962493
vt 0.792484 0.962493
vt 0.792484 0.975048
vt 0.785453 0.975048
vt 0.026926 0.661879
vt 0.024968 0.661879
vt 0.024968 0.626657
vt 0.026926 0.626657
vt 0.967279 0.228804
vt 0.967279 0.264026
vt 0.965321 0.264025
vt 0.965321 0.228804
vt 0.522897 0.914849
vt 0.522897 0.879628
vt 0.524855 0.879628
vt 0.524855 0.914849
vt 0.717171 0.258712
vt 0.717171 0.003208
vt 0.721631 0.003186
vt 0.721631 0.258690
vt 0.873661 0.109302
vt 0.866382 0.109302
vt 0.866382 0.003186
vt 0.873661 0.003186
vt 0.241955 0.429810
vt 0.241955 0.442668
vt 0.003186 0.442668
vt 0.003186 0.429809
vt 0.149647 0.941329
vt 0.151605 0.941329
vt 0.151605 0.976550
vt 0.149647 0.976550
vt 0.940422 0.547317
vt 0.929507 0.547317
vt 0.929507 0.516415
vt 0.940422 0.516415
vt 0.964329 0.720635
vt 0.964329 0.743807
vt 0.960711 0.743807
vt 0.960711 0.720634
vt 0.572086 0.974511
vt 0.572086 0.983017
vt 0.564807 0.983017
vt 0.564807 0.974511
vt 0.306090 0.627337
vt 0.313502 0.627337
vt 0.313502 0.792621
vt 0.306090 0.792621
vt 0.873994 0.746612
vt 0.872036 0.746612
vt 0.872036 0.711391
vt 0.873994 0.711391
vt 0.143274 0.957438
vt 0.108053 0.957438
vt 0.108053 0.955480
vt 0.143274 0.955480
vt 0.969466 0.756438
vt 0.969466 0.791659
vt 0.967508 0.791659
vt 0.967508 0.756438
vt 0.477824 0.966378
vt 0.475866 0.966378
vt 0.475866 0.931157
vt 0.477824 0.931157
vt 0.295753 0.859322
vt 0.295752 0.745837
vt 0.299371 0.745837
vt 0.299371 0.859322
vt 0.653179 0.510474
vt 0.653179 0.545695
vt 0.651221 0.545695
vt 0.651221 0.510474
vt 0.624135 0.768282
vt 0.631414 0.768282
vt 0.631414 0.874397
vt 0.624135 0.874397
vt 0.969620 0.125309
vt 0.967663 0.125309
vt 0.967663 0.090088
vt 0.969620 0.090088
vt 0.844875 0.971761
vt 0.842917 0.971761
vt 0.842917 0.936540
vt 0.844875 0.936540
vt 0.903911 0.088533
vt 0.903911 0.119435
vt 0.893052 0.121595
vt 0.893052 0.086373
vt 0.910283 0.119435
vt 0.910283 0.088533
vt 0.921142 0.086373
vt 0.921142 0.121595
vt 0.828916 0.859513
vt 0.839774 0.861673
vt 0.839774 0.892575
vt 0.828916 0.894735
vt 0.559317 0.879628
vt 0.559317 0.914849
vt 0.548458 0.912689
vt 0.548458 0.881788
vt 0.692391 0.913831
vt 0.692391 0.882929
vt 0.703250 0.880769
vt 0.703250 0.915991
vt 0.362756 0.909037
vt 0.351898 0.906877
vt 0.351898 0.875976
vt 0.362756 0.873816
vt 0.894960 0.672395
vt 0.905819 0.674555
vt 0.905819 0.705456
vt 0.894960 0.707616
vt 0.912191 0.747050
vt 0.912191 0.716148
vt 0.923049 0.713989
vt 0.923049 0.749210
vt 0.186376 0.985624
vt 0.178964 0.985624
vt 0.178964 0.978212
vt 0.186376 0.978212
vn -0.1489 -0.3780 -0.9138
vn -0.9666 0.2505 0.0540
vn 0.9666 -0.2505 -0.0540
vn 0.9666 -0.2505 -0.0539
vn -0.9666 0.2504 0.0540
vn -0.2527 -0.8975 -0.3614
vn -0.0578 -0.0081 -0.9983
vn -0.9666 0.2505 0.0539
vn 0.2335 0.9479 -0.2166
vn -0.1356 -0.6788 0.7217
vn 0.0174 -0.0000 -0.9998
vn -0.2085 -0.8913 0.4026
vn 0.1489 0.3780 0.9138
vn 0.0578 0.0081 0.9983
vn 0.9666 -0.2504 -0.0539
vn -0.9655 0.2544 0.0549
vn -0.9665 0.2499 0.0581
vn -0.1356 -0.6789 0.7216
vn -0.2174 -0.6903 -0.6901
vn 0.1356 0.6788 -0.7217
vn 0.9655 -0.2545 -0.0546
vn 0.9670 -0.2510 -0.0442
vn 0.2527 0.8975 0.3614
vn 0.2085 0.8913 -0.4026
vn 0.9667 -0.2487 -0.0598
vn 0.9680 -0.2447 -0.0559
vn 0.9785 -0.2004 -0.0493
vn 0.9672 -0.2511 -0.0381
vn -0.9841 0.1562 0.0842
vn -0.9792 0.1976 0.0453
vn -0.9759 0.1970 0.0937
vn 0.1945 0.5803 0.7908
vn -0.0000 -1.0000 0.0000
vn 0.0000 1.0000 -0.0000
vn -0.9701 0.2352 0.0606
vn -0.9646 0.2601 0.0432
vn -0.9592 0.2746 0.0677
vn -0.9681 0.2444 0.0560
vn 0.9792 -0.1658 -0.1171
vn 0.9841 -0.1562 -0.0842
vn 0.9704 -0.2341 -0.0593
vn 0.9750 -0.2046 -0.0861
vn 0.9621 -0.2711 -0.0296
vn 0.9682 -0.2447 -0.0522
vn 0.9707 -0.2351 -0.0495
vn 0.9654 -0.2513 -0.0697
vn -0.2496 -0.9681 0.0223
vn 0.2496 0.9681 -0.0223
vn 0.0421 0.3630 -0.9308
vn 0.9852 0.1125 -0.1292
vn -0.0421 -0.3630 0.9308
vn -0.1978 -0.8633 0.4643
vn -0.2492 -0.8703 -0.4248
vn 0.9304 0.0000 -0.3666
vn 0.6947 -0.0000 0.7193
vn -0.9710 0.2340 0.0493
vn -0.9804 0.1965 0.0165
vn -0.9881 0.1539 0.0008
vn -0.9874 0.1559 0.0275
vn 0.9171 0.0000 0.3987
vn 0.2174 0.6903 0.6901
vn -0.8149 0.5789 -0.0288
vn 0.0036 0.2239 -0.9746
vn 0.9852 0.1125 -0.1293
vn -0.9840 0.0000 0.1780
vn -0.2561 -0.9511 -0.1729
vn 0.7193 -0.0000 -0.6947
vn 0.9666 -0.2504 -0.0540
vn 0.3666 0.0000 0.9304
vn 0.3987 -0.0000 -0.9171
vn 0.9998 -0.0000 0.0174
vn 0.9874 -0.1559 -0.0275
vn 0.9769 -0.2054 -0.0591
vn 0.9787 -0.2041 -0.0238
vn -0.3666 -0.0000 -0.9304
vn -0.9655 0.2526 0.0634
vn -0.9657 0.2543 0.0528
vn -0.9674 0.2485 0.0477
vn -0.9683 0.2443 0.0523
vn -0.9756 0.2071 0.0726
vn -0.9634 0.2603 0.0642
vn -0.9867 0.1529 0.0559
vn 0.9867 -0.1529 -0.0559
vn -0.8410 0.0000 0.5410
vn -0.2335 -0.9479 0.2166
vn -0.9666 0.2504 0.0539
vn 0.9656 -0.2545 -0.0532
vn 0.9671 -0.2494 -0.0499
vn -0.8912 0.4536 0.0048
vn 0.1054 0.1968 0.9748
vn 0.0861 -0.2897 0.9532
vn 0.8912 -0.4536 -0.0048
vn 0.0906 0.5311 -0.8424
vn 0.9943 -0.0350 -0.1005
vn -0.0174 0.0000 0.9998
vn 0.2517 0.8978 0.3614
vn 0.2539 0.8972 0.3614
vn -0.2275 -0.9360 0.2687
vn 0.1351 0.6789 -0.7217
vn 0.1346 0.6790 -0.7217
vn -0.6947 -0.0000 -0.7193
vn 0.2275 0.9360 -0.2687
vn 0.2088 0.8912 -0.4026
vn 0.2095 0.8910 -0.4027
vn 0.2082 0.8914 -0.4025
vn 0.2073 0.8917 -0.4025
vn -0.3987 0.0000 0.9171
vn 0.2536 0.8973 0.3614
vn -0.1054 -0.1968 -0.9748
vn 0.2089 0.8912 -0.4026
vn 0.2096 0.8910 -0.4027
vn 0.2075 0.8916 -0.4025
vn 0.2163 0.6905 0.6902
vn 0.2169 0.6904 0.6902
vn 0.2396 0.8094 0.5361
vn -0.0790 0.9956 0.0508
vn 0.2257 0.4906 -0.8417
vn -0.0172 -0.5485 0.8359
vn -0.9943 0.0350 0.1005
vn -0.9998 -0.0000 -0.0174
vn -0.0143 -0.9798 0.1994
vn 0.2182 0.6900 0.6901
vn 0.2179 0.6901 0.6901
vn -0.9665 0.2506 0.0547
vn -0.9716 0.2292 0.0580
vn -0.2396 -0.8094 -0.5361
vn 0.9667 -0.2503 -0.0532
vn 0.9608 -0.2728 -0.0496
vn 0.1361 0.6787 -0.7217
vn -0.9304 0.0000 0.3666
vn -0.9675 0.2488 0.0458
vn 0.1016 0.9730 -0.2074
vn -0.2333 -0.9476 0.2185
vn -0.2321 -0.9483 0.2164
vn -0.2335 -0.9479 0.2168
vn -0.0344 0.9804 -0.1942
vn -0.0906 -0.5311 0.8424
vn -0.0782 -0.2038 -0.9759
vn -0.5410 -0.0000 -0.8410
vn 0.8410 0.0000 -0.5410
vn 0.4843 0.8459 -0.2232
vn -0.9527 0.3009 0.0423
vn 0.9527 -0.3009 -0.0423
vn -0.9633 0.2558 0.0811
vn 0.9664 -0.2508 -0.0557
vn -0.2392 -0.9577 0.1600
vn 0.9675 -0.2488 -0.0458
vn -0.2121 0.0000 0.9772
vn 0.5410 0.0000 0.8410
vn 0.5822 0.3616 0.7282
vn 0.4269 0.1753 0.8871
vn -0.1017 -0.0344 -0.9942
vn -0.9171 -0.0000 -0.3987
vn 0.7163 -0.0000 -0.6978
vn 0.0557 -0.7260 0.6854
vn 0.0782 0.2038 0.9759
vn 0.0012 0.2225 0.9749
vn 0.2344 0.9495 -0.2086
vn 0.2300 -0.6587 -0.7164
vn -0.1016 -0.9730 0.2074
vn -0.7193 -0.0000 0.6947
vn -0.9772 0.0000 -0.2121
vn 0.9666 -0.2506 -0.0545
vn 0.9621 -0.2683 -0.0493
vn 0.5223 -0.1161 -0.8448
vn 0.5224 -0.1161 -0.8448
vn 0.4556 -0.2656 -0.8496
vn -0.2359 -0.9473 0.2166
vn -0.2344 -0.9477 0.2167
vn -0.2350 -0.9476 0.2166
vn 0.2312 0.9485 -0.2167
vn 0.2323 0.9482 -0.2166
vn 0.2327 0.9481 -0.2166
vn 0.0790 -0.9956 -0.0508
vn -0.1045 -0.4967 -0.8616
vn 0.8968 0.3381 0.2853
vn -0.6978 0.0000 -0.7163
vn 0.9707 -0.2402 -0.0045
vn -0.9717 0.2359 -0.0153
vn -0.2355 -0.9516 0.1974
vn 0.2388 0.9466 -0.2168
vn 0.2383 0.9464 -0.2180
vn 0.2409 0.9460 -0.2169
vn 0.2407 0.9461 -0.2165
vn -0.2300 0.6587 0.7164
vn -0.4640 -0.8572 0.2233
vn -0.9667 0.2503 0.0532
vn -0.9729 0.2229 0.0611
vn -0.2283 -0.9492 0.2165
vn -0.2262 -0.9497 0.2168
vn -0.2259 -0.9503 0.2144
vn -0.2287 -0.9494 0.2152
vn -0.2421 -0.9456 0.2172
vn -0.2383 -0.9464 0.2179
vn -0.2426 -0.9464 0.2133
vn -0.2454 -0.9446 0.2178
vn 0.2367 0.9473 -0.2157
vn 0.2371 0.9471 -0.2165
vn 0.2357 0.9473 -0.2169
vn 0.2251 0.9501 -0.2160
vn 0.2219 0.9510 -0.2155
vn 0.2262 0.9489 -0.2199
vn 0.2287 0.9494 -0.2155
vn -0.0667 0.3146 0.9469
vn -0.0868 0.5740 0.8143
vn -0.1561 -0.1834 -0.9706
vn 0.4388 0.7381 0.5125
vn -0.7733 0.0797 -0.6291
vn -0.7733 0.0798 -0.6291
vn -0.7619 0.2116 -0.6122
vn -0.1363 -0.3246 -0.9360
vn -0.1270 -0.8329 -0.5387
vn -0.0557 0.7260 -0.6854
vn 0.0974 -0.0794 0.9921
vn -0.0555 -0.9761 -0.2100
vn 0.2418 0.9614 -0.1312
vn 0.0143 0.9798 -0.1994
vn 0.0543 -0.2352 -0.9704
vn -0.4412 -0.8692 0.2232
vn 0.2485 0.9684 -0.0222
vn 0.2507 0.9678 -0.0224
vn 0.6978 0.0000 0.7163
vn 0.2121 -0.0000 -0.9772
vn -0.7163 -0.0000 0.6978
vn -0.2302 -0.9485 0.2177
vn -0.2313 -0.9485 0.2164
vn -0.2299 -0.9488 0.2168
vn 0.2337 0.9482 -0.2150
vn 0.2335 0.9480 -0.2164
vn 0.2349 0.9475 -0.2168
vn 0.9772 -0.0000 0.2121
vn 0.1270 0.8329 0.5387
vn 0.4640 0.8572 -0.2233
vn 0.1363 0.3246 0.9360
vn 0.1561 0.1834 0.9706
vn -0.4388 -0.7381 -0.5125
vn -0.2257 -0.4906 0.8417
vn 0.0172 0.5485 -0.8359
vn 0.4412 0.8692 -0.2232
vn -0.0683 0.5137 -0.8552
vn -0.8968 -0.3381 -0.2853
g Cart_Broken_Cart_Broken_Collor_Material
usemtl Collor_Material
s off
f 961/1/1 962/2/1 1027/3/1 1026/4/1
f 37/5/2 36/6/2 44/7/2 45/8/2
f 672/9/3 657/10/3 919/11/3 934/12/3
f 41/13/2 42/14/2 34/15/2 33/16/2
f 60/17/3 52/18/3 53/19/3 61/20/3
f 960/21/4 991/22/4 990/23/4 958/24/4
f 45/25/5 46/26/5 38/27/5 37/28/5
f 921/29/6 922/30/6 644/31/6 643/32/6
f 160/33/7 145/34/7 177/35/7 192/36/7
f 692/37/2 937/38/2 938/39/2 693/40/2
f 129/41/3 145/42/3 160/43/3 144/44/3
f 171/45/2 187/46/2 188/47/2 172/48/2
f 141/49/3 157/50/3 156/51/3 140/52/3
f 703/53/2 948/54/2 949/55/2 704/56/2
f 170/57/2 169/58/2 185/59/2 186/60/2
f 967/61/8 977/62/8 1000/63/8 1001/64/8
f 58/65/3 57/66/3 49/67/3 50/68/3
f 161/69/2 176/70/2 192/71/2 177/72/2
f 62/73/3 54/74/3 55/75/3 63/76/3
f 699/77/2 698/78/2 943/79/2 944/80/2
f 629/81/9 632/82/9 631/83/9 630/84/9
f 670/85/10 996/86/10 997/87/10 671/88/10
f 962/89/7 959/90/7 1024/91/7 1027/92/7
f 697/93/7 698/94/7 1007/95/7 1006/96/7
f 868/97/11 848/98/11 847/99/11 867/100/11
f 573/101/9 576/102/9 575/103/9 574/104/9
f 968/105/12 1034/106/12 1035/107/12 969/108/12
f 535/109/9 534/110/9 533/111/9 536/112/9
f 691/113/13 1000/114/13 999/115/13 690/116/13
f 960/117/14 958/118/14 1023/119/14 1025/120/14
f 976/121/5 974/122/5 1006/123/5 1007/124/5
f 961/125/3 951/126/3 985/127/3 984/128/3
f 176/129/2 175/130/2 191/131/2 192/132/2
f 153/133/4 152/134/4 136/135/4 137/136/4
f 954/137/15 996/138/15 995/139/15 955/140/15
f 672/141/3 934/142/3 933/143/3 671/144/3
f 154/145/3 153/146/3 137/147/3 138/148/3
f 960/149/3 963/150/3 992/151/3 991/152/3
f 966/153/3 955/154/3 995/155/3 994/156/3
f 177/157/2 178/158/16 162/159/17 161/160/2
f 182/161/18 150/162/18 151/163/18 183/164/18
f 146/165/19 147/166/19 179/167/19 178/168/19
f 687/169/20 688/170/20 949/171/20 948/172/20
f 42/173/13 41/174/13 57/175/13 58/176/13
f 666/177/3 928/178/3 927/179/3 665/180/3
f 978/181/2 975/182/2 1014/183/2 999/184/2
f 664/185/3 926/186/3 925/187/3 663/188/3
f 190/189/2 191/190/2 175/191/2 174/192/2
f 146/193/21 145/194/3 129/195/3 130/196/22
f 660/197/3 661/198/3 923/199/3 922/200/3
f 959/201/3 962/202/3 983/203/3 998/204/3
f 662/205/4 663/206/4 925/207/4 924/208/4
f 698/209/2 697/210/2 942/211/2 943/212/2
f 660/213/3 922/214/3 921/215/3 659/216/3
f 155/217/23 156/218/23 188/219/23 187/220/23
f 158/221/24 190/222/24 189/223/24 157/224/24
f 135/225/25 151/226/26 150/227/27 134/228/28
f 165/229/29 181/230/29 182/231/30 166/232/31
f 589/233/32 592/234/32 608/235/32 605/236/32
f 40/237/2 39/238/2 47/239/2 48/240/2
f 853/241/33 863/242/33 862/243/33 852/244/33
f 701/245/2 946/246/2 947/247/2 702/248/2
f 155/249/3 154/250/3 138/251/3 139/252/3
f 695/253/2 940/254/2 941/255/2 696/256/2
f 662/257/3 924/258/3 923/259/3 661/260/3
f 836/261/34 846/262/34 847/263/34 837/264/34
f 832/265/34 842/266/34 843/267/34 833/268/34
f 961/269/3 984/270/3 983/271/3 962/272/3
f 167/273/35 166/274/36 182/275/37 183/276/38
f 150/277/39 149/278/40 133/279/41 134/280/42
f 613/281/32 616/282/32 632/283/32 629/284/32
f 168/285/2 184/286/2 185/287/2 169/288/2
f 147/289/43 146/290/44 130/291/45 131/292/46
f 700/293/2 699/294/2 944/295/2 945/296/2
f 691/297/5 690/298/5 935/299/5 936/300/5
f 670/301/3 671/302/3 933/303/3 932/304/3
f 971/305/2 982/306/2 1010/307/2 1011/308/2
f 864/309/33 863/310/33 853/311/33 854/312/33
f 701/313/47 702/314/47 1011/315/47 1010/316/47
f 982/317/48 971/318/48 1037/319/48 1048/320/48
f 957/321/49 1022/322/49 1024/323/49 959/324/49
f 681/325/14 682/326/14 943/327/14 942/328/14
f 695/329/20 696/330/20 1005/331/20 1004/332/20
f 957/333/20 954/334/20 1019/335/20 1022/336/20
f 597/337/9 600/338/9 599/339/9 598/340/9
f 623/341/50 639/342/50 640/343/50 624/344/50
f 566/345/9 565/346/9 568/347/9 567/348/9
f 956/349/51 1021/350/51 1023/351/51 958/352/51
f 934/353/49 656/354/49 655/355/49 933/356/49
f 606/357/9 605/358/9 608/359/9 607/360/9
f 188/361/48 156/362/48 157/363/48 189/364/48
f 666/365/19 992/366/19 993/367/19 667/368/19
f 177/369/1 145/370/1 146/371/1 178/372/1
f 181/373/52 149/374/52 150/375/52 182/376/52
f 972/377/10 1038/378/10 1034/379/10 968/380/10
f 147/381/53 148/382/53 180/383/53 179/384/53
f 845/385/54 844/386/54 864/387/54 865/388/54
f 975/389/49 1041/390/49 1039/391/49 973/392/49
f 961/393/19 1026/394/19 1015/395/19 951/396/19
f 603/397/9 602/398/9 601/399/9 604/400/9
f 683/401/13 944/402/13 943/403/13 682/404/13
f 663/405/20 662/406/20 988/407/20 989/408/20
f 704/409/51 705/410/51 1014/411/51 1013/412/51
f 669/413/12 995/414/12 996/415/12 670/416/12
f 704/417/10 1013/418/10 1012/419/10 703/420/10
f 659/421/23 985/422/23 986/423/23 660/424/23
f 862/425/55 842/426/55 841/427/55 861/428/55
f 973/429/20 1039/430/20 1036/431/20 970/432/20
f 931/433/24 932/434/24 654/435/24 653/436/24
f 922/437/47 923/438/47 645/439/47 644/440/47
f 697/441/49 1006/442/49 1005/443/49 696/444/49
f 543/445/9 542/446/9 541/447/9 544/448/9
f 59/449/23 60/450/23 44/451/23 43/452/23
f 667/453/6 993/454/6 994/455/6 668/456/6
f 190/457/20 158/458/20 159/459/20 191/460/20
f 694/461/24 695/462/24 1004/463/24 1003/464/24
f 642/465/19 920/466/19 921/467/19 643/468/19
f 674/469/1 675/470/1 936/471/1 935/472/1
f 685/473/48 686/474/48 947/475/48 946/476/48
f 183/477/51 151/478/51 152/479/51 184/480/51
f 660/481/48 986/482/48 987/483/48 661/484/48
f 703/485/12 1012/486/12 1011/487/12 702/488/12
f 164/489/56 163/490/57 179/491/58 180/492/59
f 160/493/49 192/494/49 191/495/49 159/496/49
f 676/497/6 677/498/6 938/499/6 937/500/6
f 699/501/1 1008/502/1 1007/503/1 698/504/1
f 843/505/60 842/506/60 862/507/60 863/508/60
f 63/509/20 47/510/20 46/511/20 62/512/20
f 663/513/49 989/514/49 990/515/49 664/516/49
f 699/517/19 700/518/19 1009/519/19 1008/520/19
f 953/521/47 965/522/47 1030/523/47 1018/524/47
f 919/525/7 641/526/7 656/527/7 934/528/7
f 929/529/61 651/530/61 650/531/61 928/532/61
f 649/533/13 927/534/13 928/535/13 650/536/13
f 563/537/9 562/538/9 561/539/9 564/540/9
f 666/541/1 665/542/1 991/543/1 992/544/1
f 581/545/32 584/546/32 600/547/32 597/548/32
f 525/549/62 541/550/62 542/551/62 526/552/62
f 528/553/50 527/554/50 543/555/50 544/556/50
f 572/557/32 569/558/32 553/559/32 556/560/32
f 589/561/62 605/562/62 606/563/62 590/564/62
f 519/565/63 518/566/63 534/567/63 535/568/63
f 552/569/50 551/570/50 567/571/50 568/572/50
f 560/573/32 576/574/32 573/575/32 557/576/32
f 588/577/32 604/578/32 601/579/32 585/580/32
f 619/581/64 635/582/64 636/583/64 620/584/64
f 555/585/64 571/586/64 572/587/64 556/588/64
f 590/589/63 606/590/63 607/591/63 591/592/63
f 584/593/50 583/594/50 599/595/50 600/596/50
f 522/597/62 521/598/62 537/599/62 538/600/62
f 578/601/63 594/602/63 595/603/63 579/604/63
f 514/605/62 513/606/62 529/607/62 530/608/62
f 523/609/64 539/610/64 540/611/64 524/612/64
f 514/613/63 530/614/63 531/615/63 515/616/63
f 850/617/65 810/618/65 820/619/65 870/620/65
f 548/621/32 564/622/32 561/623/32 545/624/32
f 617/625/62 633/626/62 634/627/62 618/628/62
f 555/629/63 554/630/63 570/631/63 571/632/63
f 568/633/32 565/634/32 549/635/32 552/636/32
f 587/637/64 603/638/64 604/639/64 588/640/64
f 535/641/50 536/642/50 520/643/50 519/644/50
f 610/645/63 626/646/63 627/647/63 611/648/63
f 622/649/63 638/650/63 639/651/63 623/652/63
f 24/653/66 16/654/66 48/655/66 64/656/66
f 611/657/64 627/658/64 628/659/64 612/660/64
f 550/661/63 566/662/63 567/663/63 551/664/63
f 689/665/49 950/666/49 949/667/49 688/668/49
f 689/669/7 674/670/7 935/671/7 950/672/7
f 516/673/32 532/674/32 529/675/32 513/676/32
f 591/677/50 607/678/50 608/679/50 592/680/50
f 546/681/62 545/682/62 561/683/62 562/684/62
f 636/685/32 633/686/32 617/687/32 620/688/32
f 547/689/50 563/690/50 564/691/50 548/692/50
f 609/693/32 612/694/32 628/695/32 625/696/32
f 616/697/50 615/698/50 631/699/50 632/700/50
f 577/701/32 580/702/32 596/703/32 593/704/32
f 614/705/63 630/706/63 631/707/63 615/708/63
f 516/709/64 515/710/64 531/711/64 532/712/64
f 581/713/62 597/714/62 598/715/62 582/716/62
f 558/717/63 574/718/63 575/719/63 559/720/63
f 521/721/32 524/722/32 540/723/32 537/724/32
f 553/725/62 569/726/62 570/727/62 554/728/62
f 585/729/62 601/730/62 602/731/62 586/732/62
f 582/733/63 598/734/63 599/735/63 583/736/63
f 520/737/32 536/738/32 533/739/32 517/740/32
f 557/741/62 573/742/62 574/743/62 558/744/62
f 578/745/62 577/746/62 593/747/62 594/748/62
f 522/749/63 538/750/63 539/751/63 523/752/63
f 610/753/62 609/754/62 625/755/62 626/756/62
f 546/757/63 562/758/63 563/759/63 547/760/63
f 518/761/62 517/762/62 533/763/62 534/764/62
f 525/765/32 528/766/32 544/767/32 541/768/32
f 618/769/63 634/770/63 635/771/63 619/772/63
f 613/773/62 629/774/62 630/775/62 614/776/62
f 579/777/64 595/778/64 596/779/64 580/780/64
f 624/781/32 640/782/32 637/783/32 621/784/32
f 586/785/63 602/786/63 603/787/63 587/788/63
f 549/789/62 565/790/62 566/791/62 550/792/62
f 621/793/62 637/794/62 638/795/62 622/796/62
f 526/797/63 542/798/63 543/799/63 527/800/63
f 655/801/2 673/802/2 654/803/2
f 531/804/9 530/805/9 529/806/9 532/807/9
f 659/808/61 658/809/61 984/810/61 985/811/61
f 680/812/51 681/813/51 942/814/51 941/815/51
f 671/816/51 997/817/51 998/818/51 672/819/51
f 665/820/7 664/821/7 990/822/7 991/823/7
f 685/824/23 946/825/23 945/826/23 684/827/23
f 662/828/24 661/829/24 987/830/24 988/831/24
f 677/832/47 678/833/47 939/834/47 938/835/47
f 61/836/48 45/837/48 44/838/48 60/839/48
f 654/840/20 932/841/20 933/842/20 655/843/20
f 705/844/14 690/845/14 999/846/14 1014/847/14
f 865/848/67 866/849/67 846/850/67 845/851/67
f 657/852/13 983/853/13 984/854/13 658/855/13
f 652/856/48 930/857/48 931/858/48 653/859/48
f 953/860/12 1018/861/12 1017/862/12 952/863/12
f 648/864/2 673/865/2 647/866/2
f 656/867/2 673/868/2 655/869/2
f 649/870/2 673/871/2 648/872/2
f 642/873/5 673/874/5 641/875/5
f 641/876/2 673/877/2 656/878/2
f 650/879/2 673/880/2 649/881/2
f 643/882/8 673/883/8 642/884/8
f 651/885/2 673/886/2 650/887/2
f 644/888/2 673/889/2 643/890/2
f 652/891/2 673/892/2 651/893/2
f 645/894/2 673/895/2 644/896/2
f 653/897/2 673/898/2 652/899/2
f 646/900/2 673/901/2 645/902/2
f 654/903/2 673/904/2 653/905/2
f 647/906/2 673/907/2 646/908/2
f 688/909/68 687/910/68 706/911/68
f 919/912/1 920/913/1 642/914/1 641/915/1
f 48/916/49 47/917/49 63/918/49 64/919/49
f 948/920/24 947/921/24 686/922/24 687/923/24
f 945/924/61 944/925/61 683/926/61 684/927/61
f 861/928/69 841/929/69 850/930/69 870/931/69
f 626/932/9 625/933/9 628/934/9 627/935/9
f 180/936/47 148/937/47 149/938/47 181/939/47
f 867/940/70 847/941/70 846/942/70 866/943/70
f 940/944/12 939/945/12 678/946/12 679/947/12
f 645/948/12 923/949/12 924/950/12 646/951/12
f 980/952/23 982/953/23 1048/954/23 1046/955/23
f 924/956/10 925/957/10 647/958/10 646/959/10
f 681/960/3 680/961/3 706/962/3
f 689/963/3 688/964/3 706/965/3
f 682/966/3 681/967/3 706/968/3
f 675/969/3 674/970/3 706/971/3
f 674/972/3 689/973/3 706/974/3
f 683/975/3 682/976/3 706/977/3
f 676/978/3 675/979/3 706/980/3
f 684/981/3 683/982/3 706/983/3
f 677/984/3 676/985/3 706/986/3
f 685/987/3 684/988/3 706/989/3
f 678/990/3 677/991/3 706/992/3
f 686/993/4 685/994/4 706/995/4
f 679/996/3 678/997/3 706/998/3
f 687/999/3 686/1000/3 706/1001/3
f 680/1002/3 679/1003/3 706/1004/3
f 952/1005/10 1017/1006/10 1021/1007/10 956/1008/10
f 844/1009/71 843/1010/71 863/1011/71 864/1012/71
f 978/1013/7 1044/1014/7 1041/1015/7 975/1016/7
f 930/1017/23 652/1018/23 651/1019/23 929/1020/23
f 132/1021/72 148/1022/72 147/1023/73 131/1024/74
f 835/1025/34 845/1026/34 846/1027/34 836/1028/34
f 837/1029/34 847/1030/34 848/1031/34 838/1032/34
f 559/1033/50 575/1034/50 576/1035/50 560/1036/50
f 966/1037/23 964/1038/23 1029/1039/23 1031/1040/23
f 693/1041/23 1002/1042/23 1001/1043/23 692/1044/23
f 635/1045/9 634/1046/9 633/1047/9 636/1048/9
f 59/1049/61 43/1050/61 42/1051/61 58/1052/61
f 676/1053/19 937/1054/19 936/1055/19 675/1056/19
f 967/1057/19 1032/1058/19 1043/1059/19 977/1060/19
f 976/1061/14 1042/1062/14 1040/1063/14 974/1064/14
f 658/1065/3 920/1066/3 919/1067/3 657/1068/3
f 34/1069/2 42/1070/2 43/1071/2 35/1072/2
f 953/1073/3 952/1074/3 988/1075/3 987/1076/3
f 665/1077/3 927/1078/3 926/1079/3 664/1080/3
f 864/1081/33 854/1082/33 855/1083/33 865/1084/33
f 967/1085/6 981/1086/6 1047/1087/6 1032/1088/6
f 966/1089/48 1031/1090/48 1020/1091/48 955/1092/48
f 60/1093/3 59/1094/3 51/1095/3 52/1096/3
f 954/1097/68 957/1098/68 997/1099/68 996/1100/68
f 951/1101/3 965/1102/3 986/1103/3 985/1104/3
f 695/1105/8 694/1106/8 939/1107/8 940/1108/8
f 701/1109/2 700/1110/2 945/1111/2 946/1112/2
f 657/1113/14 672/1114/14 998/1115/14 983/1116/14
f 62/1117/24 46/1118/24 45/1119/24 61/1120/24
f 869/1121/75 849/1122/75 848/1123/75 868/1124/75
f 168/1125/2 167/1126/76 183/1127/77 184/1128/2
f 668/1129/3 669/1130/3 931/1131/3 930/1132/3
f 979/1133/2 1008/1134/2 1009/1135/2 980/1136/2
f 968/1137/8 969/1138/8 1003/1139/8 1004/1140/8
f 162/1141/78 178/1142/79 179/1143/80 163/1144/81
f 867/1145/33 866/1146/33 856/1147/33 857/1148/33
f 59/1149/3 58/1150/3 50/1151/3 51/1152/3
f 981/1153/2 1002/1154/2 1003/1155/2 969/1156/2
f 667/1157/3 929/1158/3 928/1159/3 666/1160/3
f 171/1161/2 170/1162/2 186/1163/2 187/1164/2
f 868/1165/33 867/1166/33 857/1167/33 858/1168/33
f 970/1169/2 971/1170/2 1011/1171/2 1012/1172/2
f 691/1173/61 692/1174/61 1001/1175/61 1000/1176/61
f 972/1177/51 974/1178/51 1040/1179/51 1038/1180/51
f 951/1181/6 1015/1182/6 1030/1183/6 965/1184/6
f 648/1185/14 926/1186/14 927/1187/14 649/1188/14
f 679/1189/10 680/1190/10 941/1191/10 940/1192/10
f 701/1193/6 1010/1194/6 1009/1195/6 700/1196/6
f 164/1197/82 180/1198/82 181/1199/82 165/1200/82
f 149/1201/83 148/1202/83 132/1203/83 133/1204/83
f 185/1205/13 153/1206/13 154/1207/13 186/1208/13
f 595/1209/9 594/1210/9 593/1211/9 596/1212/9
f 960/1213/13 1025/1214/13 1028/1215/13 963/1216/13
f 963/1217/61 1028/1218/61 1029/1219/61 964/1220/61
f 571/1221/9 570/1222/9 569/1223/9 572/1224/9
f 840/1225/65 810/1226/65 850/1227/65
f 860/1228/65 870/1229/65 820/1230/65
f 839/1231/84 849/1232/84 809/1233/84
f 859/1234/84 819/1235/84 869/1236/84
f 694/1237/48 1003/1238/48 1002/1239/48 693/1240/48
f 49/1241/85 57/1242/85 17/1243/85
f 33/1244/85 9/1245/85 41/1246/85
f 41/1247/85 9/1248/85 17/1249/85 57/1250/85
f 152/1251/14 153/1252/14 185/1253/14 184/1254/14
f 819/1255/84 809/1256/84 849/1257/84 869/1258/84
f 56/1259/66 24/1260/66 64/1261/66
f 40/1262/66 48/1263/66 16/1264/66
f 970/1265/2 1012/1266/2 1013/1267/2 973/1268/2
f 670/1269/68 932/1270/68 931/1271/68 669/1272/68
f 693/1273/2 938/1274/2 939/1275/2 694/1276/2
f 973/1277/2 1013/1278/2 1014/1279/2 975/1280/2
f 702/1281/2 947/1282/2 948/1283/2 703/1284/2
f 668/1285/3 930/1286/3 929/1287/3 667/1288/3
f 859/1289/33 869/1290/33 868/1291/33 858/1292/33
f 157/1293/3 141/1294/3 142/1295/3 158/1296/3
f 966/1297/4 994/1298/4 993/1299/4 964/1300/4
f 834/1301/34 833/1302/34 843/1303/34 844/1304/34
f 835/1305/34 834/1306/34 844/1307/34 845/1308/34
f 56/1309/3 64/1310/3 63/1311/3 55/1312/3
f 174/1313/2 173/1314/2 189/1315/2 190/1316/2
f 979/1317/2 976/1318/2 1007/1319/2 1008/1320/2
f 46/1321/2 47/1322/2 39/1323/2 38/1324/2
f 658/1325/3 659/1326/3 921/1327/3 920/1328/3
f 956/1329/4 989/1330/4 988/1331/4 952/1332/4
f 172/1333/2 188/1334/2 189/1335/2 173/1336/2
f 978/1337/5 999/1338/5 1000/1339/5 977/1340/5
f 669/1341/47 668/1342/47 994/1343/47 995/1344/47
f 981/1345/47 969/1346/47 1035/1347/47 1047/1348/47
f 978/1349/1 977/1350/1 1043/1351/1 1044/1352/1
f 954/1353/24 955/1354/24 1020/1355/24 1019/1356/24
f 976/1357/13 979/1358/13 1045/1359/13 1042/1360/13
f 539/1361/9 538/1362/9 537/1363/9 540/1364/9
f 971/1365/24 970/1366/24 1036/1367/24 1037/1368/24
f 980/1369/61 1046/1370/61 1045/1371/61 979/1372/61
f 647/1373/51 925/1374/51 926/1375/51 648/1376/51
f 186/1377/61 154/1378/61 155/1379/61 187/1380/61
f 638/1381/9 637/1382/9 640/1383/9 639/1384/9
f 705/1385/2 950/1386/2 935/1387/2 690/1388/2
f 958/1389/4 990/1390/4 989/1391/4 956/1392/4
f 62/1393/68 61/1394/68 53/1395/68 54/1396/68
f 705/1397/2 704/1398/2 949/1399/2 950/1400/2
f 696/1401/2 941/1402/2 942/1403/2 697/1404/2
f 964/1405/4 993/1406/4 992/1407/4 963/1408/4
f 972/1409/86 968/1410/86 1004/1411/86 1005/1412/86
f 832/1413/34 831/1414/34 841/1415/34 842/1416/34
f 155/1417/3 139/1418/3 140/1419/3 156/1420/3
f 158/1421/4 142/1422/4 143/1423/4 159/1424/4
f 959/1425/3 998/1426/3 997/1427/3 957/1428/3
f 967/1429/2 1001/1430/2 1002/1431/2 981/1432/2
f 850/1433/34 841/1434/34 831/1435/34 840/1436/34
f 692/1437/8 691/1438/8 936/1439/8 937/1440/8
f 144/1441/3 160/1442/3 159/1443/3 143/1444/3
f 43/1445/2 44/1446/2 36/1447/2 35/1448/2
f 838/1449/34 848/1450/34 849/1451/34 839/1452/34
f 972/1453/2 1005/1454/2 1006/1455/2 974/1456/2
f 861/1457/33 851/1458/33 852/1459/33 862/1460/33
f 861/1461/33 870/1462/33 860/1463/33 851/1464/33
f 965/1465/3 953/1466/3 987/1467/3 986/1468/3
f 151/1469/87 135/1470/88 136/1471/3 152/1472/3
f 865/1473/33 855/1474/33 856/1475/33 866/1476/33
f 980/1477/2 1009/1478/2 1010/1479/2 982/1480/2
f 1018/1481/4 1016/1482/4 1017/1483/4
f 1020/1484/4 1016/1485/4 1019/1486/4
f 1017/1487/4 1016/1488/4 1021/1489/4
f 1019/1490/3 1016/1491/3 1022/1492/3
f 1021/1493/3 1016/1494/3 1023/1495/3
f 1022/1496/3 1016/1497/3 1024/1498/3
f 1023/1499/3 1016/1500/3 1025/1501/3
f 1027/1502/3 1016/1503/3 1026/1504/3
f 1024/1505/3 1016/1506/3 1027/1507/3
f 1025/1508/3 1016/1509/3 1028/1510/3
f 1026/1511/3 1016/1512/3 1015/1513/3
f 1028/1514/68 1016/1515/68 1029/1516/68
f 1015/1517/3 1016/1518/3 1030/1519/3
f 1029/1520/4 1016/1521/4 1031/1522/4
f 1030/1523/3 1016/1524/3 1018/1525/3
f 1031/1526/3 1016/1527/3 1020/1528/3
f 1035/1529/86 1034/1530/86 1033/1531/86
f 1037/1532/86 1036/1533/86 1033/1534/86
f 1034/1535/8 1038/1536/8 1033/1537/8
f 1036/1538/2 1039/1539/2 1033/1540/2
f 1038/1541/2 1040/1542/2 1033/1543/2
f 1039/1544/2 1041/1545/2 1033/1546/2
f 1040/1547/5 1042/1548/5 1033/1549/5
f 1044/1550/5 1043/1551/5 1033/1552/5
f 1041/1553/5 1044/1554/5 1033/1555/5
f 1042/1556/8 1045/1557/8 1033/1558/8
f 1043/1559/8 1032/1560/8 1033/1561/8
f 1045/1562/5 1046/1563/5 1033/1564/5
f 1032/1565/5 1047/1566/5 1033/1567/5
f 1046/1568/8 1048/1569/8 1033/1570/8
f 1047/1571/5 1035/1572/5 1033/1573/5
f 1048/1574/5 1037/1575/5 1033/1576/5
f 751/1577/89 334/1578/89 330/1579/89 748/1580/89
f 206/1581/90 740/1582/90 739/1583/90 205/1584/90
f 106/1585/1 105/1586/1 169/1587/1 170/1588/1
f 777/1589/3 775/1590/3 298/1591/3 302/1592/3
f 762/1593/91 770/1594/91 769/1595/91 760/1596/91
f 69/1597/3 85/1598/3 84/1599/3 68/1600/3
f 117/1601/2 116/1602/2 100/1603/2 101/1604/2
f 20/1605/3 19/1606/3 27/1607/3 28/1608/3
f 413/1609/92 415/1610/92 411/1611/92 409/1612/92
f 171/1613/6 172/1614/6 108/1615/6 107/1616/6
f 448/1617/93 446/1618/93 710/1619/93 717/1620/93
f 67/1621/23 115/1622/23 116/1623/23 68/1624/23
f 7/1625/2 6/1626/2 14/1627/2 15/1628/2
f 19/1629/3 18/1630/3 26/1631/3 27/1632/3
f 813/1633/33 823/1634/33 824/1635/33 814/1636/33
f 126/1637/2 125/1638/2 109/1639/2 110/1640/2
f 74/1641/3 90/1642/3 89/1643/3 73/1644/3
f 289/1645/2 293/1646/2 294/1647/2 290/1648/2
f 497/1649/3 499/1650/3 504/1651/3 501/1652/3
f 819/1653/84 829/1654/84 799/1655/84 809/1656/84
f 68/1657/48 116/1658/48 117/1659/48 69/1660/48
f 503/1661/90 504/1662/90 499/1663/90 500/1664/90
f 812/1665/33 811/1666/33 821/1667/33 822/1668/33
f 13/1669/2 14/1670/2 6/1671/2 5/1672/2
f 813/1673/33 812/1674/33 822/1675/33 823/1676/33
f 445/1677/3 709/1678/3 710/1679/3 446/1680/3
f 261/1681/85 266/1682/85 263/1683/85 269/1684/85
f 728/1685/85 726/1686/85 725/1687/85 729/1688/85
f 271/1689/3 270/1690/3 258/1691/3 259/1692/3
f 762/1693/94 768/1694/94 423/1695/94 770/1696/94
f 828/1697/95 827/1698/95 797/1699/95 798/1700/95
f 283/1701/2 282/1702/2 279/1703/2 278/1704/2
f 129/1705/14 144/1706/14 96/1707/14 81/1708/14
f 139/1709/19 138/1710/19 90/1711/19 91/1712/19
f 281/1713/90 284/1714/90 288/1715/90 285/1716/90
f 99/1717/23 163/1718/96 164/1719/23 100/1720/97
f 112/1721/14 176/1722/14 161/1723/14 97/1724/14
f 708/1725/98 715/1726/98 434/1727/98 436/1728/98
f 303/1729/9 778/1730/9 777/1731/9 302/1732/9
f 102/1733/99 166/1734/100 167/1735/99 103/1736/99
f 794/1737/34 793/1738/34 803/1739/34 804/1740/34
f 797/1741/34 796/1742/34 806/1743/34 807/1744/34
f 110/1745/2 111/1746/2 127/1747/2 126/1748/2
f 8/1749/2 7/1750/2 15/1751/2 16/1752/2
f 75/1753/3 91/1754/3 90/1755/3 74/1756/3
f 2/1757/2 1/1758/2 9/1759/2 10/1760/2
f 832/1761/101 802/1762/101 801/1763/101 831/1764/101
f 433/1765/102 716/1766/102 707/1767/102 435/1768/102
f 102/1769/103 101/1770/104 165/1771/105 166/1772/106
f 797/1773/107 827/1774/107 826/1775/107 796/1776/107
f 84/1777/23 132/1778/96 131/1779/23 83/1780/108
f 511/1781/109 508/1782/109 507/1783/109 512/1784/109
f 85/1785/110 86/1786/111 134/1787/24 133/1788/112
f 99/1789/113 98/1790/114 162/1791/114 163/1792/113
f 121/1793/2 120/1794/2 104/1795/2 105/1796/2
f 92/1797/3 91/1798/3 75/1799/3 76/1800/3
f 114/1801/2 98/1802/2 99/1803/2 115/1804/2
f 815/1805/33 814/1806/33 824/1807/33 825/1808/33
f 4/1809/2 3/1810/2 11/1811/2 12/1812/2
f 87/1813/3 86/1814/3 70/1815/3 71/1816/3
f 3/1817/19 27/1818/19 26/1819/19 2/1820/19
f 204/1821/109 744/1822/109 743/1823/109 203/1824/109
f 439/1825/115 722/1826/115 713/1827/115 437/1828/115
f 107/1829/19 106/1830/19 170/1831/19 171/1832/19
f 229/1833/3 231/1834/3 232/1835/3 230/1836/3
f 227/1837/85 231/1838/85 229/1839/85 225/1840/85
f 251/1841/85 249/1842/85 253/1843/85 255/1844/85
f 75/1845/6 123/1846/6 124/1847/6 76/1848/6
f 221/1849/85 217/1850/85 219/1851/85 223/1852/85
f 264/1853/90 261/1854/90 257/1855/90 260/1856/90
f 511/1857/85 512/1858/85 509/1859/85 510/1860/85
f 124/1861/47 125/1862/47 77/1863/47 76/1864/47
f 506/1865/90 510/1866/90 509/1867/90 505/1868/90
f 437/1869/3 713/1870/3 714/1871/3 438/1872/3
f 892/1873/116 882/1874/116 881/1875/116 891/1876/116
f 802/1877/34 803/1878/34 793/1879/34 792/1880/34
f 257/1881/90 270/1882/90 271/1883/90 260/1884/90
f 913/1885/117 914/1886/117 488/1887/117 487/1888/117
f 89/1889/3 88/1890/3 72/1891/3 73/1892/3
f 123/1893/2 122/1894/2 106/1895/2 107/1896/2
f 490/1897/118 489/1898/118 916/1899/118 915/1900/118
f 420/1901/119 767/1902/119 760/1903/119 769/1904/119
f 122/1905/2 121/1906/2 105/1907/2 106/1908/2
f 23/1909/3 22/1910/3 30/1911/3 31/1912/3
f 3/1913/2 2/1914/2 10/1915/2 11/1916/2
f 265/1917/85 258/1918/85 270/1919/85 257/1920/85
f 837/1921/95 838/1922/95 808/1923/95 807/1924/95
f 840/1925/75 831/1926/75 801/1927/75 810/1928/75
f 442/1929/109 712/1930/109 719/1931/109 444/1932/109
f 853/1933/120 813/1934/120 814/1935/120 854/1936/120
f 350/1937/89 346/1938/89 348/1939/89 352/1940/89
f 238/1941/90 234/1942/90 233/1943/90 237/1944/90
f 760/1945/121 419/1946/121 424/1947/121 762/1948/121
f 82/1949/122 83/1950/122 131/1951/123 130/1952/123
f 201/1953/124 202/1954/124 732/1955/125 738/1956/125
f 717/1957/126 710/1958/126 709/1959/126 718/1960/126
f 736/1961/127 206/1962/127 205/1963/128 733/1964/128
f 87/1965/129 135/1966/129 134/1967/129 86/1968/129
f 505/1969/3 509/1970/3 512/1971/3 507/1972/3
f 887/1973/84 871/1974/84 873/1975/84 896/1976/84
f 172/1977/47 173/1978/47 109/1979/47 108/1980/47
f 825/1981/130 824/1982/130 794/1983/130 795/1984/130
f 351/1985/9 352/1986/9 348/1987/9 347/1988/9
f 244/1989/109 243/1990/109 247/1991/109 248/1992/109
f 366/1993/89 362/1994/89 364/1995/89 368/1996/89
f 8/1997/51 32/1998/51 31/1999/51 7/2000/51
f 876/2001/33 901/2002/33 902/2003/33 875/2004/33
f 707/2005/131 708/2006/131 436/2007/131 435/2008/131
f 917/2009/132 491/2010/132 496/2011/132 913/2012/132
f 742/2013/133 205/2014/134 739/2015/135
f 460/2016/126 458/2017/126 462/2018/126 464/2019/126
f 469/2020/90 465/2021/90 467/2022/90 471/2023/90
f 209/2024/2 210/2025/2 212/2026/2 211/2027/2
f 251/2028/3 252/2029/3 250/2030/3 249/2031/3
f 264/2032/136 272/2033/136 262/2034/136 267/2035/136
f 232/2036/9 228/2037/9 226/2038/9 230/2039/9
f 477/2040/137 473/2041/137 475/2042/137 479/2043/137
f 243/2044/3 244/2045/3 242/2046/3 241/2047/3
f 914/2048/138 495/2049/138 494/2050/138 912/2051/138
f 254/2052/9 250/2053/9 252/2054/9 256/2055/9
f 80/2056/14 128/2057/14 113/2058/14 65/2059/14
f 344/2060/94 340/2061/94 338/2062/94 342/2063/94
f 118/2064/20 119/2065/20 71/2066/20 70/2067/20
f 879/2068/139 900/2069/139 891/2070/139 881/2071/139
f 874/2072/140 872/2073/140 888/2074/140 895/2075/140
f 382/2076/89 378/2077/89 380/2078/89 384/2079/89
f 892/2080/84 891/2081/84 900/2082/84 899/2083/84
f 216/2084/9 212/2085/9 210/2086/9 214/2087/9
f 392/2088/94 388/2089/94 386/2090/94 390/2091/94
f 497/2092/9 498/2093/9 500/2094/9 499/2095/9
f 281/2096/90 274/2097/90 275/2098/90 284/2099/90
f 69/2100/24 117/2101/24 118/2102/24 70/2103/24
f 261/2104/90 264/2105/90 267/2106/90 266/2107/90
f 830/2108/65 820/2109/65 810/2110/65 800/2111/65
f 457/2112/2 458/2113/2 460/2114/2 459/2115/2
f 267/2116/2 262/2117/2 263/2118/2 266/2119/2
f 194/2120/2 196/2121/2 195/2122/2 193/2123/2
f 277/2124/109 282/2125/109 283/2126/109 280/2127/109
f 284/2128/141 275/2129/141 287/2130/141 276/2131/141
f 287/2132/109 286/2133/109 273/2134/109 276/2135/109
f 194/2136/9 198/2137/9 200/2138/9 196/2139/9
f 278/2140/90 279/2141/90 285/2142/90 288/2143/90
f 265/2144/109 269/2145/109 272/2146/109 268/2147/109
f 750/2148/142 752/2149/142 332/2150/142 336/2151/142
f 829/2152/69 828/2153/69 798/2154/69 799/2155/69
f 218/2156/90 217/2157/90 221/2158/90 222/2159/90
f 838/2160/69 839/2161/69 809/2162/69 808/2163/69
f 331/2164/143 753/2165/143 749/2166/143 335/2167/143
f 724/2168/9 723/2169/9 730/2170/9 727/2171/9
f 269/2172/109 263/2173/109 262/2174/109 272/2175/109
f 29/2176/47 28/2177/47 4/2178/47 5/2179/47
f 226/2180/90 225/2181/90 229/2182/90 230/2183/90
f 295/2184/9 294/2185/9 293/2186/9 296/2187/9
f 307/2188/119 311/2189/119 309/2190/119 305/2191/119
f 354/2192/94 358/2193/94 360/2194/94 356/2195/94
f 887/2196/139 896/2197/139 895/2198/139 888/2199/139
f 234/2200/144 756/2201/144 755/2202/144 233/2203/144
f 238/2204/145 237/2205/145 757/2206/145 758/2207/145
f 235/2208/85 239/2209/85 757/2210/85 755/2211/85
f 757/2212/146 237/2213/146 233/2214/146 755/2215/146
f 65/2216/13 113/2217/13 114/2218/13 66/2219/13
f 333/2220/109 334/2221/109 751/2222/109 754/2223/109
f 376/2224/109 374/2225/109 373/2226/109 375/2227/109
f 211/2228/109 212/2229/109 216/2230/109 215/2231/109
f 834/2232/120 804/2233/120 803/2234/120 833/2235/120
f 349/2236/109 350/2237/109 352/2238/109 351/2239/109
f 317/2240/109 318/2241/109 320/2242/109 319/2243/109
f 476/2244/93 474/2245/93 478/2246/93 480/2247/93
f 210/2248/90 209/2249/90 213/2250/90 214/2251/90
f 413/2252/109 414/2253/109 416/2254/109 415/2255/109
f 345/2256/90 347/2257/90 348/2258/90 346/2259/90
f 907/2260/33 908/2261/33 904/2262/33 903/2263/33
f 716/2264/147 433/2265/147 434/2266/147 715/2267/147
f 328/2268/109 326/2269/109 325/2270/109 327/2271/109
f 443/2272/2 444/2273/2 719/2274/2 720/2275/2
f 337/2276/90 338/2277/90 340/2278/90 339/2279/90
f 392/2280/109 390/2281/109 389/2282/109 391/2283/109
f 890/2284/148 897/2285/148 884/2286/148 886/2287/148
f 873/2288/34 874/2289/34 895/2290/34 896/2291/34
f 393/2292/90 723/2293/90 724/2294/90 394/2295/90
f 360/2296/109 358/2297/109 357/2298/109 359/2299/109
f 38/2300/12 14/2301/12 13/2302/12 37/2303/12
f 401/2304/90 402/2305/90 404/2306/90 403/2307/90
f 305/2308/90 306/2309/90 308/2310/90 307/2311/90
f 11/2312/6 35/2313/6 36/2314/6 12/2315/6
f 194/2316/90 193/2317/90 197/2318/90 198/2319/90
f 361/2320/90 363/2321/90 364/2322/90 362/2323/90
f 365/2324/109 366/2325/109 368/2326/109 367/2327/109
f 892/2328/149 899/2329/149 880/2330/149 882/2331/149
f 313/2332/90 315/2333/90 316/2334/90 314/2335/90
f 746/2336/150 745/2337/150 735/2338/151 731/2339/151
f 21/2340/47 53/2341/47 52/2342/47 20/2343/47
f 329/2344/90 747/2345/90 748/2346/90 330/2347/90
f 344/2348/109 342/2349/109 341/2350/109 343/2351/109
f 111/2352/51 175/2353/51 176/2354/51 112/2355/51
f 37/2356/47 13/2357/47 12/2358/47 36/2359/47
f 725/2360/109 726/2361/109 400/2362/109 399/2363/109
f 377/2364/90 379/2365/90 380/2366/90 378/2367/90
f 767/2368/152 420/2369/152 423/2370/152 768/2371/152
f 793/2372/153 823/2373/153 822/2374/153 792/2375/153
f 312/2376/109 310/2377/109 309/2378/109 311/2379/109
f 385/2380/90 386/2381/90 388/2382/90 387/2383/90
f 906/2384/154 905/2385/154 903/2386/154 904/2387/154
f 321/2388/90 322/2389/90 324/2390/90 323/2391/90
f 408/2392/109 406/2393/109 405/2394/109 407/2395/109
f 833/2396/153 803/2397/153 802/2398/153 832/2399/153
f 783/2400/155 785/2401/155 786/2402/155 784/2403/155
f 369/2404/90 370/2405/90 372/2406/90 371/2407/90
f 474/2408/2 476/2409/2 475/2410/2 473/2411/2
f 918/2412/156 916/2413/156 489/2414/156 492/2415/156
f 774/2416/119 417/2417/119 771/2418/119
f 773/2419/94 421/2420/94 766/2421/94
f 740/2422/157 202/2423/157 201/2424/157 739/2425/157
f 300/2426/109 303/2427/109 302/2428/109 298/2429/109
f 104/2430/7 168/2431/7 169/2432/7 105/2433/7
f 27/2434/6 3/2435/6 4/2436/6 28/2437/6
f 426/2438/90 430/2439/90 429/2440/90 425/2441/90
f 817/2442/107 857/2443/107 856/2444/107 816/2445/107
f 781/2446/158 304/2447/158 301/2448/158 779/2449/158
f 787/2450/159 789/2451/159 785/2452/159 783/2453/159
f 708/2454/109 707/2455/109 716/2456/109 715/2457/109
f 493/2458/160 490/2459/160 915/2460/160 911/2461/160
f 277/2462/85 273/2463/85 281/2464/85 285/2465/85
f 456/2466/85 452/2467/85 450/2468/85 454/2469/85
f 71/2470/49 119/2471/49 120/2472/49 72/2473/49
f 796/2474/161 826/2475/161 825/2476/161 795/2477/161
f 447/2478/137 718/2479/137 709/2480/137 445/2481/137
f 450/2482/2 452/2483/2 451/2484/2 449/2485/2
f 214/2486/3 213/2487/3 215/2488/3 216/2489/3
f 898/2490/162 897/2491/162 890/2492/162 889/2493/162
f 79/2494/51 127/2495/51 128/2496/51 80/2497/51
f 50/2498/19 18/2499/19 19/2500/19 51/2501/19
f 441/2502/90 443/2503/90 720/2504/90 711/2505/90
f 283/2506/136 278/2507/136 288/2508/136 280/2509/136
f 18/2510/1 50/2511/1 49/2512/1 17/2513/1
f 455/2514/3 456/2515/3 454/2516/3 453/2517/3
f 772/2518/90 422/2519/90 418/2520/90 771/2521/90
f 226/2522/2 228/2523/2 227/2524/2 225/2525/2
f 269/2526/85 265/2527/85 257/2528/85 261/2529/85
f 211/2530/85 215/2531/85 213/2532/85 209/2533/85
f 757/2534/3 239/2535/3 240/2536/3 758/2537/3
f 224/2538/9 220/2539/9 218/2540/9 222/2541/9
f 240/2542/109 239/2543/109 235/2544/109 236/2545/109
f 25/2546/1 1/2547/1 2/2548/1 26/2549/1
f 501/2550/109 502/2551/109 498/2552/109 497/2553/109
f 502/2554/2 503/2555/2 500/2556/2 498/2557/2
f 78/2558/12 77/2559/12 125/2560/12 126/2561/12
f 207/2562/163 208/2563/163 734/2564/164 737/2565/164
f 252/2566/109 251/2567/109 255/2568/109 256/2569/109
f 231/2570/109 227/2571/109 228/2572/109 232/2573/109
f 510/2574/2 506/2575/2 508/2576/2 511/2577/2
f 732/2578/165 741/2579/166 742/2580/167 738/2581/167
f 394/2582/89 724/2583/89 727/2584/89 398/2585/89
f 376/2586/94 372/2587/94 370/2588/94 374/2589/94
f 416/2590/89 414/2591/89 410/2592/89 412/2593/89
f 806/2594/107 836/2595/107 837/2596/107 807/2597/107
f 200/2598/3 198/2599/3 197/2600/3 199/2601/3
f 400/2602/89 726/2603/89 728/2604/89 396/2605/89
f 742/2606/168 739/2607/169 201/2608/169 738/2609/170
f 741/2610/171 732/2611/172 202/2612/173 740/2613/173
f 20/2614/6 52/2615/6 51/2616/6 19/2617/6
f 794/2618/120 824/2619/120 823/2620/120 793/2621/120
f 417/2622/121 765/2623/121 766/2624/121 421/2625/121
f 879/2626/174 880/2627/174 899/2628/174 900/2629/174
f 277/2630/109 280/2631/109 276/2632/109 273/2633/109
f 291/2634/3 292/2635/3 295/2636/3 296/2637/3
f 78/2638/10 126/2639/10 127/2640/10 79/2641/10
f 910/2642/34 905/2643/34 906/2644/34 909/2645/34
f 245/2646/90 241/2647/90 242/2648/90 246/2649/90
f 347/2650/92 345/2651/92 349/2652/92 351/2653/92
f 292/2654/85 291/2655/85 289/2656/85 290/2657/85
f 379/2658/92 377/2659/92 381/2660/92 383/2661/92
f 255/2662/2 253/2663/2 254/2664/2 256/2665/2
f 339/2666/119 343/2667/119 341/2668/119 337/2669/119
f 301/2670/90 304/2671/90 299/2672/90 297/2673/90
f 722/2674/2 439/2675/2 440/2676/2 721/2677/2
f 34/2678/19 35/2679/19 11/2680/19 10/2681/19
f 329/2682/92 333/2683/92 754/2684/92 747/2685/92
f 365/2686/92 367/2687/92 363/2688/92 361/2689/92
f 122/2690/19 123/2691/19 75/2692/19 74/2693/19
f 852/2694/101 851/2695/101 811/2696/101 812/2697/101
f 279/2698/85 282/2699/85 277/2700/85 285/2701/85
f 286/2702/3 287/2703/3 275/2704/3 274/2705/3
f 56/2706/51 55/2707/51 23/2708/51 24/2709/51
f 751/2710/9 748/2711/9 747/2712/9 754/2713/9
f 243/2714/85 241/2715/85 245/2716/85 247/2717/85
f 885/2718/34 889/2719/34 890/2720/34 886/2721/34
f 767/2722/175 768/2723/175 424/2724/175 419/2725/175
f 88/2726/49 136/2727/49 135/2728/49 87/2729/49
f 417/2730/90 421/2731/90 772/2732/90 771/2733/90
f 785/2734/176 789/2735/176 790/2736/176 786/2737/176
f 268/2738/141 260/2739/141 271/2740/141 259/2741/141
f 479/2742/3 480/2743/3 478/2744/3 477/2745/3
f 440/2746/126 438/2747/126 714/2748/126 721/2749/126
f 404/2750/94 402/2751/94 406/2752/94 408/2753/94
f 713/2754/137 722/2755/137 721/2756/137 714/2757/137
f 273/2758/85 286/2759/85 274/2760/85 281/2761/85
f 464/2762/3 462/2763/3 461/2764/3 463/2765/3
f 323/2766/119 327/2767/119 325/2768/119 321/2769/119
f 298/2770/85 775/2771/85 776/2772/85 300/2773/85
f 89/2774/7 137/2775/7 136/2776/7 88/2777/7
f 314/2778/89 316/2779/89 320/2780/89 318/2781/89
f 909/2782/177 906/2783/177 904/2784/177 908/2785/177
f 780/2786/178 779/2787/178 301/2788/178 297/2789/178
f 304/2790/179 781/2791/179 782/2792/179 299/2793/179
f 782/2794/180 780/2795/180 297/2796/180 299/2797/180
f 395/2798/92 729/2799/92 725/2800/92 399/2801/92
f 453/2802/9 449/2803/9 451/2804/9 455/2805/9
f 82/2806/13 130/2807/13 129/2808/13 81/2809/13
f 208/2810/181 744/2811/182 745/2812/183 734/2813/184
f 409/2814/90 411/2815/90 412/2816/90 410/2817/90
f 788/2818/185 784/2819/185 786/2820/185 790/2821/185
f 219/2822/109 220/2823/109 224/2824/109 223/2825/109
f 236/2826/9 756/2827/9 758/2828/9 240/2829/9
f 486/2830/186 911/2831/186 915/2832/186 481/2833/186
f 735/2834/187 204/2835/187 203/2836/188 731/2837/188
f 207/2838/189 737/2839/190 746/2840/191 743/2841/192
f 203/2842/193 743/2843/194 746/2844/195 731/2845/196
f 741/2846/197 206/2847/198 736/2848/199
f 54/2849/12 53/2850/12 21/2851/12 22/2852/12
f 204/2853/200 735/2854/201 745/2855/202 744/2856/203
f 746/2857/204 737/2858/204 734/2859/205 745/2860/205
f 485/2861/206 488/2862/206 914/2863/206 912/2864/206
f 242/2865/9 244/2866/9 248/2867/9 246/2868/9
f 483/2869/207 918/2870/207 917/2871/207 484/2872/207
f 736/2873/208 733/2874/209 742/2875/210 741/2876/210
f 749/2877/211 750/2878/211 336/2879/211 335/2880/211
f 729/2881/90 395/2882/90 396/2883/90 728/2884/90
f 110/2885/10 174/2886/10 175/2887/10 111/2888/10
f 223/2889/3 224/2890/3 222/2891/3 221/2892/3
f 391/2893/119 389/2894/119 385/2895/119 387/2896/119
f 248/2897/2 247/2898/2 245/2899/2 246/2900/2
f 493/2901/212 911/2902/212 912/2903/212 494/2904/212
f 114/2905/61 115/2906/61 67/2907/61 66/2908/61
f 25/2909/85 17/2910/85 9/2911/85 1/2912/85
f 73/2913/1 121/2914/1 122/2915/1 74/2916/1
f 768/2917/94 762/2918/94 424/2919/94
f 381/2920/109 382/2921/109 384/2922/109 383/2923/109
f 855/2924/161 815/2925/161 816/2926/161 856/2927/161
f 420/2928/119 769/2929/119 759/2930/119
f 787/2931/213 788/2932/213 790/2933/213 789/2934/213
f 770/2935/214 761/2936/214 759/2937/214 769/2938/214
f 92/2939/6 140/2940/6 139/2941/6 91/2942/6
f 764/2943/215 773/2944/215 774/2945/215 763/2946/215
f 422/2947/94 773/2948/94 764/2949/94
f 774/2950/119 418/2951/119 763/2952/119
f 427/2953/109 432/2954/109 431/2955/109 428/2956/109
f 758/2957/216 756/2958/216 234/2959/216 238/2960/216
f 752/2961/85 750/2962/85 749/2963/85 753/2964/85
f 72/2965/7 120/2966/7 121/2967/7 73/2968/7
f 253/2969/90 249/2970/90 250/2971/90 254/2972/90
f 418/2973/217 422/2974/217 764/2975/217 763/2976/217
f 397/2977/109 398/2978/109 727/2979/109 730/2980/109
f 353/2981/90 354/2982/90 356/2983/90 355/2984/90
f 54/2985/10 22/2986/10 23/2987/10 55/2988/10
f 815/2989/130 855/2990/130 854/2991/130 814/2992/130
f 859/2993/69 858/2994/69 818/2995/69 819/2996/69
f 90/2997/1 138/2998/1 137/2999/1 89/3000/1
f 93/3001/12 94/3002/12 142/3003/12 141/3004/12
f 743/3005/218 744/3006/218 208/3007/218 207/3008/218
f 851/3009/75 860/3010/75 820/3011/75 811/3012/75
f 432/3013/219 427/3014/219 425/3015/219 429/3016/219
f 816/3017/33 815/3018/33 825/3019/33 826/3020/33
f 88/3021/3 87/3022/3 71/3023/3 72/3024/3
f 102/3025/2 103/3026/2 119/3027/2 118/3028/2
f 83/3029/3 67/3030/3 68/3031/3 84/3032/3
f 195/3033/109 196/3034/109 200/3035/109 199/3036/109
f 133/3037/220 132/3038/220 84/3039/220 85/3040/220
f 164/3041/221 165/3042/221 101/3043/221 100/3044/221
f 38/3045/10 39/3046/10 15/3047/10 14/3048/10
f 805/3049/161 835/3050/161 836/3051/161 806/3052/161
f 712/3053/85 711/3054/85 720/3055/85 719/3056/85
f 821/3057/33 811/3058/33 820/3059/33 830/3060/33
f 798/3061/34 808/3062/34 809/3063/34 799/3064/34
f 797/3065/34 807/3066/34 808/3067/34 798/3068/34
f 794/3069/34 804/3070/34 805/3071/34 795/3072/34
f 718/3073/2 447/3074/2 448/3075/2 717/3076/2
f 197/3077/85 193/3078/85 195/3079/85 199/3080/85
f 290/3081/109 294/3082/109 295/3083/109 292/3084/109
f 776/3085/2 778/3086/2 303/3087/2 300/3088/2
f 466/3089/109 470/3090/109 472/3091/109 468/3092/109
f 312/3093/94 308/3094/94 306/3095/94 310/3096/94
f 893/3097/34 894/3098/34 878/3099/34 877/3100/34
f 829/3101/33 819/3102/33 818/3103/33 828/3104/33
f 817/3105/33 827/3106/33 828/3107/33 818/3108/33
f 124/3109/2 123/3110/2 107/3111/2 108/3112/2
f 99/3113/2 100/3114/2 116/3115/2 115/3116/2
f 95/3117/3 94/3118/3 78/3119/3 79/3120/3
f 113/3121/2 128/3122/2 112/3123/2 97/3124/2
f 393/3125/92 397/3126/92 730/3127/92 723/3128/92
f 875/3129/162 902/3130/162 893/3131/162 877/3132/162
f 508/3133/9 506/3134/9 505/3135/9 507/3136/9
f 903/3137/222 905/3138/222 910/3139/222 907/3140/222
f 432/3141/89 429/3142/89 430/3143/89 431/3144/89
f 871/3145/33 887/3146/33 888/3147/33 872/3148/33
f 425/3149/92 427/3150/92 428/3151/92 426/3152/92
f 883/3153/223 898/3154/223 889/3155/223 885/3156/223
f 289/3157/90 291/3158/90 296/3159/90 293/3160/90
f 468/3161/2 467/3162/2 465/3163/2 466/3164/2
f 883/3165/33 884/3166/33 897/3167/33 898/3168/33
f 29/3169/12 5/3170/12 6/3171/12 30/3172/12
f 821/3173/101 791/3174/101 792/3175/101 822/3176/101
f 711/3177/3 712/3178/3 442/3179/3 441/3180/3
f 503/3181/85 502/3182/85 501/3183/85 504/3184/85
f 217/3185/2 218/3186/2 220/3187/2 219/3188/2
f 830/3189/75 800/3190/75 791/3191/75 821/3192/75
f 777/3193/90 778/3194/90 776/3195/90 775/3196/90
f 908/3197/224 907/3198/224 910/3199/224 909/3200/224
f 403/3201/119 407/3202/119 405/3203/119 401/3204/119
f 317/3205/92 319/3206/92 315/3207/92 313/3208/92
f 288/3209/9 284/3210/9 276/3211/9 280/3212/9
f 359/3213/119 357/3214/119 353/3215/119 355/3216/119
f 236/3217/2 235/3218/2 755/3219/2 756/3220/2
f 8/3221/66 16/3222/66 24/3223/66 32/3224/66
f 459/3225/115 463/3226/115 461/3227/115 457/3228/115
f 742/3229/225 733/3230/226 205/3231/227
f 774/3232/119 765/3233/119 417/3234/119
f 773/3235/94 772/3236/94 421/3237/94
f 741/3238/228 740/3239/229 206/3240/230
f 767/3241/119 419/3242/119 760/3243/119
f 423/3244/94 761/3245/94 770/3246/94
f 422/3247/94 772/3248/94 773/3249/94
f 774/3250/119 771/3251/119 418/3252/119
f 901/3253/231 876/3254/231 878/3255/231 894/3256/231
f 917/3257/232 918/3258/232 492/3259/232 491/3260/232
f 487/3261/233 484/3262/233 917/3263/233 913/3264/233
f 753/3265/234 331/3266/234 332/3267/234 752/3268/234
f 265/3269/109 268/3270/109 259/3271/109 258/3272/109
f 918/3273/235 483/3274/235 482/3275/235 916/3276/235
f 486/3277/236 485/3278/236 912/3279/236 911/3280/236
f 916/3281/237 482/3282/237 481/3283/237 915/3284/237
f 913/3285/238 496/3286/238 495/3287/238 914/3288/238
f 81/3289/3 96/3290/3 80/3291/3 65/3292/3
f 93/3293/3 92/3294/3 76/3295/3 77/3296/3
f 96/3297/3 95/3298/3 79/3299/3 80/3300/3
f 800/3301/34 810/3302/34 801/3303/34 791/3304/34
f 111/3305/2 112/3306/2 128/3307/2 127/3308/2
f 85/3309/3 69/3310/3 70/3311/3 86/3312/3
f 32/3313/3 24/3314/3 23/3315/3 31/3316/3
f 30/3317/3 22/3318/3 21/3319/3 29/3320/3
f 801/3321/34 802/3322/34 792/3323/34 791/3324/34
f 124/3325/2 108/3326/2 109/3327/2 125/3328/2
f 82/3329/3 81/3330/3 65/3331/3 66/3332/3
f 817/3333/33 816/3334/33 826/3335/33 827/3336/33
f 12/3337/2 13/3338/2 5/3339/2 4/3340/2
f 782/3341/109 781/3342/109 779/3343/109 780/3344/109
f 857/3345/95 817/3346/95 818/3347/95 858/3348/95
f 94/3349/10 95/3350/10 143/3351/10 142/3352/10
f 92/3353/47 93/3354/47 141/3355/47 140/3356/47
f 431/3357/239 430/3358/239 426/3359/239 428/3360/239
f 371/3361/119 375/3362/119 373/3363/119 369/3364/119
f 272/3365/9 264/3366/9 260/3367/9 268/3368/9
f 804/3369/130 834/3370/130 835/3371/130 805/3372/130
f 7/3373/10 31/3374/10 30/3375/10 6/3376/10
f 773/3377/240 766/3378/240 765/3379/240 774/3380/240
f 783/3381/241 784/3382/241 788/3383/241 787/3384/241
f 471/3385/3 472/3386/3 470/3387/3 469/3388/3
f 813/3389/153 853/3390/153 852/3391/153 812/3392/153
f 173/3393/12 174/3394/12 110/3395/12 109/3396/12
f 95/3397/51 96/3398/51 144/3399/51 143/3400/51
f 97/3401/13 161/3402/13 162/3403/13 98/3404/13
f 420/3405/217 759/3406/217 761/3407/217 423/3408/217
f 104/3409/49 103/3410/49 167/3411/49 168/3412/49
f 322/3413/94 326/3414/94 328/3415/94 324/3416/94
f 40/3417/51 16/3418/51 15/3419/51 39/3420/51
f 9/3421/1 33/3422/1 34/3423/1 10/3424/1
f 796/3425/34 795/3426/34 805/3427/34 806/3428/34
f 118/3429/2 117/3430/2 101/3431/2 102/3432/2
f 93/3433/3 77/3434/3 78/3435/3 94/3436/3
f 18/3437/3 17/3438/3 25/3439/3 26/3440/3
f 120/3441/2 119/3442/2 103/3443/2 104/3444/2
f 82/3445/3 66/3446/3 67/3447/3 83/3448/3
f 20/3449/3 28/3450/3 29/3451/3 21/3452/3
f 114/3453/2 113/3454/2 97/3455/2 98/3456/2
f 894/3457/148 893/3458/148 902/3459/148 901/3460/148
