# Blender v3.0.0 OBJ File: 'aa.blend'
# www.blender.org
mtllib Palm_8.mtl
o Palm_8
v -0.011421 -0.000000 -0.117747
v 0.624004 2.234150 -0.273103
v 0.114260 -0.000000 -0.043139
v 0.699863 2.223255 -0.225041
v 0.113111 0.000000 0.103473
v 0.695476 2.213334 -0.135234
v -0.013719 0.000000 0.175477
v 0.615230 2.214308 -0.093488
v -0.139400 0.000000 0.100870
v 0.539372 2.225203 -0.141549
v -0.138251 -0.000000 -0.045743
v 0.543758 2.235124 -0.231357
v 0.008870 0.184093 -0.186665
v 0.047862 0.363992 -0.194191
v 0.101958 0.543415 -0.208507
v 0.171733 0.724536 -0.231318
v 0.255681 0.911044 -0.262556
v 0.346795 1.107050 -0.294209
v 0.437031 1.317707 -0.320294
v 0.515518 1.543234 -0.330359
v 0.574273 1.776624 -0.323528
v 0.607487 2.008356 -0.301032
v 0.688573 1.994085 -0.249729
v 0.665124 1.756357 -0.265751
v 0.617739 1.514659 -0.264242
v 0.549744 1.280922 -0.245721
v 0.467753 1.064735 -0.213013
v 0.386281 0.866086 -0.175242
v 0.312905 0.680043 -0.138864
v 0.256716 0.502169 -0.110321
v 0.216622 0.328725 -0.090401
v 0.189500 0.156928 -0.078099
v 0.684319 1.987880 -0.153013
v 0.661539 1.756334 -0.156252
v 0.616233 1.524137 -0.139563
v 0.551552 1.300839 -0.107090
v 0.472765 1.092975 -0.064044
v 0.393049 0.899256 -0.015383
v 0.319631 0.714387 0.032110
v 0.261704 0.533743 0.074800
v 0.219059 0.353820 0.109251
v 0.189489 0.172682 0.133806
v 0.598977 1.995944 -0.107600
v 0.567104 1.776576 -0.104532
v 0.512505 1.562189 -0.081000
v 0.440646 1.357540 -0.043033
v 0.356819 1.163528 0.003728
v 0.269218 0.977383 0.057163
v 0.185184 0.793225 0.110631
v 0.111933 0.606562 0.161736
v 0.052736 0.414182 0.205112
v 0.008849 0.215603 0.237145
v 0.517891 2.010215 -0.158902
v 0.476255 1.796842 -0.162309
v 0.410283 1.590764 -0.147116
v 0.327932 1.394325 -0.117605
v 0.235861 1.205842 -0.077469
v 0.138618 1.022341 -0.030149
v 0.044011 0.837718 0.018177
v -0.042825 0.647807 0.063551
v -0.116024 0.449450 0.101321
v -0.171781 0.242768 0.128577
v 0.522145 2.016421 -0.255618
v 0.479839 1.796866 -0.271807
v 0.411790 1.581286 -0.271796
v 0.326125 1.374408 -0.256236
v 0.230849 1.177603 -0.226438
v 0.131849 0.989171 -0.190009
v 0.037286 0.803374 -0.152797
v -0.047812 0.616234 -0.121571
v -0.118462 0.424355 -0.098330
v -0.171770 0.227014 -0.083327
v 0.012648 0.208841 -0.117388
v 0.132586 0.190065 -0.045157
v 0.132734 0.201318 0.095656
v 0.012944 0.231347 0.164238
v -0.106994 0.250123 0.092009
v -0.107142 0.238871 -0.048805
v 0.053859 0.391670 -0.129646
v 0.165666 0.367600 -0.060676
v 0.167482 0.384934 0.071738
v 0.057491 0.426337 0.135181
v -0.054316 0.450406 0.066211
v -0.056132 0.433073 -0.066203
v 0.110045 0.573231 -0.149448
v 0.212449 0.545325 -0.084239
v 0.215958 0.566782 0.038419
v 0.117061 0.616146 0.095868
v 0.014656 0.644052 0.030659
v 0.011148 0.622595 -0.091999
v 0.182651 0.755549 -0.178163
v 0.276146 0.725735 -0.116775
v 0.280677 0.748666 -0.003406
v 0.191711 0.801411 0.048574
v 0.098215 0.831225 -0.012814
v 0.093685 0.808294 -0.126183
v 0.267350 0.942221 -0.213379
v 0.353919 0.912256 -0.155424
v 0.358378 0.934200 -0.049361
v 0.276271 0.986110 -0.001253
v 0.189702 1.016075 -0.059208
v 0.185242 0.994131 -0.165271
v 0.358210 1.137395 -0.248558
v 0.438436 1.109347 -0.194712
v 0.441634 1.127816 -0.095862
v 0.364605 1.174334 -0.050860
v 0.284379 1.202382 -0.104708
v 0.281181 1.183912 -0.203556
v 0.446489 1.347539 -0.276535
v 0.521157 1.323498 -0.227255
v 0.522101 1.336075 -0.135480
v 0.448379 1.372692 -0.092984
v 0.373711 1.396733 -0.142265
v 0.372767 1.384156 -0.234039
v 0.522442 1.570530 -0.289804
v 0.589970 1.552041 -0.246226
v 0.588767 1.557641 -0.163957
v 0.520038 1.581730 -0.125267
v 0.452511 1.600219 -0.168847
v 0.453713 1.594619 -0.251114
v 0.577270 1.801230 -0.285638
v 0.637234 1.788182 -0.247543
v 0.634758 1.787638 -0.175357
v 0.572317 1.800141 -0.141267
v 0.512353 1.813189 -0.179363
v 0.514830 1.813733 -0.251548
v 0.608435 2.030421 -0.266457
v 0.662111 2.021190 -0.232498
v 0.659250 2.016728 -0.168532
v 0.602713 2.021497 -0.138526
v 0.549035 2.030729 -0.172485
v 0.551896 2.035191 -0.236451
v 0.617637 2.874408 -0.151193
v 0.675170 2.868870 -0.114380
v 0.671730 2.856089 -0.047143
v 0.610755 2.848847 -0.016719
v 0.553222 2.854386 -0.053531
v 0.556662 2.867166 -0.120767
v 0.629314 2.443918 -0.240931
v 0.626096 2.660234 -0.195217
v 0.688470 2.653594 -0.155427
v 0.701142 2.435154 -0.195274
v 0.684720 2.641190 -0.082284
v 0.696854 2.423024 -0.110686
v 0.618598 2.635428 -0.048931
v 0.620738 2.419658 -0.071755
v 0.556225 2.642068 -0.088721
v 0.548909 2.428421 -0.117412
v 0.559974 2.654471 -0.161864
v 0.553198 2.440551 -0.202000
v 0.623448 2.243658 -0.247408
v 0.678752 2.235799 -0.212364
v 0.675544 2.228423 -0.146915
v 0.617032 2.228906 -0.116510
v 0.561729 2.236765 -0.151553
v 0.564937 2.244141 -0.217003
v 0.627717 2.462989 -0.208402
v 0.674954 2.457310 -0.178365
v 0.672130 2.449174 -0.122764
v 0.622068 2.446717 -0.097198
v 0.574832 2.452395 -0.127235
v 0.577657 2.460531 -0.182836
v 0.624188 2.679004 -0.166477
v 0.665389 2.674673 -0.140183
v 0.662912 2.666365 -0.091887
v 0.619235 2.662389 -0.069885
v 0.578034 2.666720 -0.096178
v 0.580510 2.675028 -0.144474
v 0.582046 3.282429 -0.031740
v 0.612000 3.279161 -0.012663
v 0.610229 3.271967 0.022222
v 0.578502 3.268041 0.038030
v 0.548548 3.271309 0.018954
v 0.550319 3.278503 -0.015931
v 0.605493 3.081805 -0.111258
v 0.663429 3.076406 -0.074150
v 0.659993 3.062614 -0.006618
v 0.598621 3.054220 0.023807
v 0.540686 3.059618 -0.013300
v 0.544121 3.073411 -0.080833
v 0.615980 2.889012 -0.131472
v 0.659436 2.884859 -0.103660
v 0.656839 2.875128 -0.052888
v 0.610786 2.869552 -0.029927
v 0.567329 2.873705 -0.057739
v 0.569926 2.883435 -0.108511
v 0.602784 3.099417 -0.083784
v 0.641061 3.095825 -0.059274
v 0.638793 3.086676 -0.014665
v 0.598247 3.081119 0.005433
v 0.559970 3.084709 -0.019077
v 0.562238 3.093859 -0.063686
v 0.318301 3.130631 -0.168616
v 0.281017 3.143441 -0.158850
v 0.272732 3.128807 -0.120477
v 0.305054 3.106905 -0.106621
v 0.333276 3.107989 -0.136326
v 0.303716 3.173819 -0.192055
v 0.249178 3.171461 -0.135317
v 0.277865 3.127840 -0.073390
v 0.349833 3.103105 -0.092186
v 0.365808 3.131423 -0.165820
v 0.365336 3.191274 -0.202332
v 0.264874 3.225788 -0.176096
v 0.242696 3.186270 -0.073362
v 0.329451 3.127428 -0.036295
v 0.405324 3.130406 -0.115892
v 0.328266 3.265139 -0.205873
v 0.238914 3.261643 -0.112092
v 0.286121 3.190052 -0.010341
v 0.404280 3.149412 -0.041176
v 0.430447 3.195837 -0.162211
v 0.409589 3.280558 -0.191292
v 0.285317 3.323299 -0.158861
v 0.257830 3.274481 -0.031544
v 0.365271 3.201654 0.014339
v 0.459237 3.205271 -0.084257
v 0.363964 3.354373 -0.173814
v 0.274618 3.350934 -0.080080
v 0.321780 3.279315 0.021712
v 0.440003 3.238671 -0.009150
v 0.466119 3.285131 -0.130189
v 0.433123 3.360904 -0.141362
v 0.332743 3.395413 -0.115159
v 0.310497 3.355938 -0.012433
v 0.397287 3.297026 0.024685
v 0.473167 3.300070 -0.054979
v 0.395981 3.404746 -0.109404
v 0.341602 3.402586 -0.052330
v 0.370268 3.358710 0.009264
v 0.441960 3.334106 -0.009477
v 0.458165 3.362552 -0.082810
v 0.425111 3.397592 -0.072900
v 0.387714 3.410457 -0.063113
v 0.379947 3.396896 -0.023867
v 0.411251 3.372822 -0.011836
v 0.440640 3.376036 -0.039758
v 0.297410 3.111850 -0.142491
v 0.413074 3.401445 -0.038838
v 0.600955 3.162007 0.208028
v 0.566500 3.156787 0.230059
v 0.574286 3.172327 0.267709
v 0.613665 3.187179 0.268945
v 0.630111 3.180827 0.232180
v 0.560833 3.161205 0.183123
v 0.529206 3.173410 0.254002
v 0.585039 3.209716 0.300275
v 0.650945 3.220136 0.257680
v 0.636356 3.189953 0.185398
v 0.594915 3.197012 0.137671
v 0.502640 3.182851 0.196861
v 0.523397 3.224594 0.297806
v 0.628713 3.264692 0.301120
v 0.672911 3.247654 0.202176
v 0.521854 3.217327 0.128233
v 0.469887 3.237412 0.244624
v 0.561683 3.296936 0.320697
v 0.670446 3.313585 0.251019
v 0.645969 3.264402 0.132052
v 0.575196 3.280633 0.091389
v 0.460845 3.263193 0.164683
v 0.486557 3.314868 0.289773
v 0.617111 3.364355 0.293836
v 0.671791 3.343223 0.171405
v 0.498538 3.311962 0.101974
v 0.446514 3.332048 0.218439
v 0.538381 3.391605 0.294478
v 0.647078 3.408194 0.224778
v 0.622642 3.359071 0.105871
v 0.550537 3.376831 0.087850
v 0.458165 3.362598 0.147009
v 0.478980 3.404415 0.248035
v 0.584310 3.444468 0.251245
v 0.628432 3.427435 0.152397
v 0.500609 3.405849 0.115571
v 0.469042 3.417993 0.186206
v 0.524608 3.454557 0.232435
v 0.590767 3.464733 0.189996
v 0.575865 3.434799 0.117633
v 0.530638 3.446033 0.129118
v 0.497684 3.438459 0.152239
v 0.503894 3.456370 0.188948
v 0.544033 3.470044 0.190650
v 0.560498 3.463667 0.153787
v 0.600355 3.159413 0.244832
v 0.524829 3.466212 0.159994
v 0.864922 3.215935 -0.119254
v 0.835494 3.192148 -0.115112
v 0.835987 3.175785 -0.082524
v 0.865644 3.189390 -0.066540
v 0.883499 3.214240 -0.089338
v 0.833024 3.226975 -0.142753
v 0.798914 3.179252 -0.099107
v 0.834633 3.175999 -0.041516
v 0.890970 3.221714 -0.049362
v 0.889589 3.253288 -0.111760
v 0.857018 3.284531 -0.145454
v 0.778489 3.220755 -0.134463
v 0.780047 3.176991 -0.047261
v 0.859267 3.213406 -0.004269
v 0.906873 3.280003 -0.065112
v 0.792030 3.291811 -0.155119
v 0.735946 3.213430 -0.083284
v 0.794587 3.208080 0.011224
v 0.887265 3.283131 -0.001665
v 0.885397 3.334719 -0.104451
v 0.825586 3.362036 -0.134531
v 0.728060 3.283089 -0.120950
v 0.730046 3.228899 -0.012842
v 0.828244 3.273946 0.040471
v 0.887279 3.356408 -0.035123
v 0.753628 3.361116 -0.126981
v 0.697508 3.282692 -0.055177
v 0.756195 3.277347 0.039386
v 0.848846 3.352434 0.026454
v 0.846973 3.403941 -0.076305
v 0.784053 3.415994 -0.091979
v 0.705490 3.352271 -0.081055
v 0.707035 3.308400 0.006192
v 0.786296 3.344924 0.049172
v 0.833843 3.411460 -0.011713
v 0.733753 3.405901 -0.070046
v 0.699946 3.358025 -0.026488
v 0.735562 3.354798 0.030899
v 0.791654 3.400635 0.023290
v 0.790598 3.432049 -0.039252
v 0.750355 3.422676 -0.035371
v 0.720092 3.399655 -0.030703
v 0.722315 3.381770 0.000829
v 0.750316 3.396895 0.017982
v 0.768973 3.420970 -0.005371
v 0.862291 3.188429 -0.098293
v 0.738021 3.412755 -0.007315
v 0.561283 3.609997 -0.007046
v 0.755565 3.676481 -0.055353
v 0.674408 3.692662 0.148825
v 0.940795 3.723447 0.371957
v 1.383337 3.646000 0.077938
v 1.511402 3.543912 0.549866
v 1.796887 3.263601 0.445703
v 1.745250 3.271869 0.569477
v 1.859010 3.120030 0.557127
v 1.781323 3.275986 0.511862
v 1.599524 3.566765 0.410117
v 1.024143 3.796550 0.160000
v 0.704141 3.722079 0.039417
v 1.334140 3.747013 0.287058
v 1.107982 3.697018 -0.037089
v 1.147902 3.681068 -0.022692
v 1.641118 3.499582 0.268281
v 1.671521 3.479493 0.295046
v 1.290419 3.659799 0.505941
v 1.251740 3.667840 0.496678
v 0.571900 3.559623 0.004858
v 0.393238 3.626938 -0.111161
v 0.611613 3.614654 -0.212029
v 0.253780 3.639880 -0.251342
v 0.598203 3.620382 -0.410454
v 0.567140 3.578425 -0.590280
v -0.009464 3.508780 -0.679062
v 0.222355 3.302654 -1.125638
v -0.120709 2.994587 -1.216362
v 0.012366 2.985507 -1.275195
v -0.109003 2.814328 -1.327996
v -0.058211 2.997361 -1.257811
v 0.053020 3.344673 -1.086277
v 0.509102 3.654317 -0.153101
v 0.434621 3.693614 -0.325914
v 0.129156 3.606554 -0.395164
v 0.107385 3.586632 -0.430738
v 0.356886 3.688729 -0.497451
v -0.093759 3.294061 -0.997520
v -0.101108 3.265621 -1.037395
v 0.381210 3.455095 -0.944121
v 0.405757 3.467836 -0.909336
v 0.195191 3.580556 -0.825254
v 0.574373 3.566484 -0.004011
v 0.494432 3.601995 0.184346
v 0.373633 3.612174 -0.000623
v 0.032498 3.571069 0.087894
v 0.022173 3.442613 0.617797
v -0.426658 3.269651 0.443553
v -0.480659 2.948776 0.728595
v -0.552311 2.953743 0.614561
v -0.593598 2.783084 0.709944
v -0.526612 2.957412 0.677689
v -0.366467 3.290333 0.597646
v 0.441447 3.647167 0.089284
v 0.270915 3.555677 0.462686
v 0.238127 3.531109 0.485670
v 0.150160 3.650208 0.281467
v -0.268506 3.230180 0.712371
v -0.305804 3.202403 0.720711
v -0.273636 3.429889 0.292710
v -0.244751 3.445733 0.266951
v -0.129248 3.531013 0.458571
v 0.567107 3.619363 -0.010659
v 0.700323 3.679063 0.139631
v 0.480951 3.673311 0.169763
v 0.413021 3.655991 0.514657
v 0.890336 3.588561 0.752621
v 0.544973 3.414866 1.088920
v 0.790994 3.130143 1.269539
v 0.656992 3.125225 1.285547
v 0.731719 2.967871 1.369207
v 0.724756 3.134767 1.289071
v 0.708909 3.450425 1.099096
v 0.589399 3.715356 0.144779
v 0.677488 3.664531 0.818304
v 0.854365 3.673558 0.458994
v 0.862153 3.652938 0.499527
v 0.635300 3.751840 0.488078
v 0.857339 3.399661 1.061639
v 0.849778 3.374223 1.099902
v 0.469386 3.551079 0.881693
v 0.458169 3.562836 0.844052
v 0.563931 3.559963 0.002366
v 0.705674 3.638655 -0.373453
v 0.949245 3.667793 -0.098620
v 1.112511 3.652702 -0.175483
v 1.043095 3.552178 -0.733852
v 1.544136 3.430390 -0.630349
v 1.565564 3.118519 -0.951321
v 1.657997 3.128212 -0.843430
v 1.691340 2.960812 -0.957730
v 1.456251 3.451977 -0.780357
v 0.816719 3.724771 -0.230796
v 1.621202 3.131536 -0.905165
v 0.807171 3.619381 -0.529520
v 0.836550 3.603594 -0.558853
v 0.956966 3.731914 -0.354278
v 1.338399 3.380269 -0.887536
v 1.376604 3.357084 -0.903633
v 1.403217 3.566090 -0.441736
v 1.376397 3.576512 -0.409599
v 1.223686 3.659665 -0.587015
v 0.556148 3.452088 0.017221
v 0.495652 3.515106 -0.151350
v 0.691916 3.527838 -0.099764
v 0.473652 3.536918 -0.317977
v 0.793635 3.557536 -0.233932
v 0.867818 3.545590 -0.369725
v 0.549343 3.474673 -0.739346
v 0.957383 3.372956 -0.911965
v 0.814282 3.115098 -1.166642
v 0.932846 3.121203 -1.133497
v 0.899236 2.981406 -1.239350
v 0.876655 3.125561 -1.159774
v 0.590214 3.548374 -0.114801
v 0.630136 3.601351 -0.265185
v 0.751192 3.564792 -0.715802
v 0.478348 3.524298 -0.477307
v 0.485253 3.510985 -0.513097
v 0.671796 3.615657 -0.418505
v 0.685403 3.335385 -0.998888
v 0.705199 3.316110 -1.030223
v 0.822805 3.394989 -0.975694
v 0.948160 3.482038 -0.703409
v 0.944471 3.489845 -0.666546
v 0.563166 3.420779 0.016104
v 0.363217 3.490219 0.005832
v 0.494425 3.471358 -0.180251
v 0.279427 3.450652 -0.471422
v -0.243731 3.408585 -0.272113
v -0.273195 3.210777 -0.753987
v -0.614336 2.932294 -0.671018
v -0.532597 2.919384 -0.783018
v -0.666033 2.761992 -0.771831
v -0.582105 2.933234 -0.734887
v 0.440291 3.521166 -0.083813
v 0.011663 3.493366 -0.100451
v -0.025689 3.472904 -0.121615
v 0.153948 3.561702 -0.293283
v -0.474285 3.212994 -0.498062
v -0.500508 3.186684 -0.528120
v -0.392461 3.256753 -0.640267
v -0.048840 3.346302 -0.677220
v -0.011302 3.357681 -0.660436
v -0.134571 3.474800 -0.485451
v 0.457031 3.391307 0.000081
v 0.325171 3.431154 0.141500
v 0.279721 3.446642 -0.065744
v -0.054851 3.426633 -0.102890
v -0.246367 3.306177 0.368502
v -0.595895 3.163521 0.058941
v -0.754504 2.858775 0.296054
v -0.780064 2.866942 0.169281
v -0.856939 2.705224 0.240826
v -0.778041 2.869319 0.234748
v -0.592536 3.180948 0.217583
v 0.311903 3.477116 0.038268
v 0.031921 3.400453 0.314612
v -0.006246 3.378757 0.323908
v -0.010541 3.497425 0.110699
v -0.546444 3.118233 0.353901
v -0.583938 3.093412 0.348595
v -0.401998 3.308608 -0.023872
v -0.366783 3.322255 -0.037219
v -0.323507 3.399086 0.173914
v 0.554329 3.323739 0.010819
v 0.615759 3.430479 0.175373
v 0.412457 3.428804 0.106773
v 0.212629 3.521053 0.366642
v 0.524050 3.547394 0.788230
v 0.070458 3.484686 0.964510
v 0.181173 3.285836 1.300065
v 0.057865 3.282750 1.256623
v 0.072412 3.166036 1.402271
v 0.116243 3.294518 1.286177
v 0.212412 3.525235 1.033872
v 0.426540 3.607095 0.413715
v 0.521165 3.462790 0.121666
v 0.620336 3.531377 0.506933
v 0.608387 3.525497 0.549392
v 0.351118 3.470417 1.081500
v 0.326217 3.458935 1.116936
v 0.102668 3.542455 0.722930
v 0.109345 3.541071 0.683688
v 0.320936 3.632801 0.728570
v 0.538671 3.350951 0.020351
v 0.667781 3.424778 -0.114129
v 0.695386 3.458333 0.090581
v 1.015588 3.540142 0.143425
v 1.249687 3.471240 -0.304800
v 1.589117 3.448001 0.021713
v 1.807370 3.199625 -0.189995
v 1.822319 3.218304 -0.064646
v 1.927628 3.085682 -0.124026
v 1.824269 3.218203 -0.129108
v 1.593017 3.459621 -0.135017
v 0.975736 3.588967 -0.071330
v 0.664836 3.474614 -0.014136
v 1.296028 3.587565 -0.114465
v 0.963485 3.478698 -0.268574
v 1.004951 3.469400 -0.275303
v 1.568238 3.382762 -0.268053
v 1.608274 3.370160 -0.260075
v 1.373342 3.530114 0.087482
v 1.336133 3.532873 0.098241
v 0.541858 3.295080 0.017068
v 0.746512 3.379808 0.014220
v 0.606580 3.407594 0.194525
v 0.810462 3.489424 0.488585
v 1.343858 3.428380 0.325181
v 1.347609 3.382171 0.846098
v 1.683391 3.112988 0.854194
v 1.596241 3.127940 0.963010
v 1.724538 2.982015 1.000369
v 1.648319 3.130556 0.914727
v 1.473981 3.401714 0.727562
v 0.665248 3.430686 0.089830
v 1.228909 3.547661 0.509166
v 1.095353 3.440622 0.127687
v 1.132411 3.429703 0.154872
v 0.948810 3.553417 0.290080
v 1.560241 3.322976 0.604930
v 1.584571 3.308245 0.642364
v 1.129338 3.474006 0.727111
v 1.092687 3.477231 0.706317
v 0.523719 3.546558 -0.063665
v 0.494917 3.677815 0.127424
v 0.397082 3.625093 -0.101287
v 0.094719 3.677587 -0.130312
v 0.054024 3.808010 0.411171
v -0.354891 3.640494 0.137561
v -0.458297 3.488302 0.501800
v -0.516890 3.453046 0.365424
v -0.590334 3.341404 0.478058
v -0.499517 3.470869 0.419375
v 0.197941 3.791044 0.054031
v 0.443193 3.665960 -0.033842
v -0.058636 3.809825 0.170983
v 0.290767 3.799459 0.318162
v 0.257045 3.793465 0.338213
v -0.230484 3.704962 0.465676
v -0.268038 3.687053 0.469926
v -0.300524 3.704006 0.297286
v -0.195792 3.693205 -0.003492
v -0.166286 3.689763 -0.022877
v 0.569183 3.630821 -0.018747
v 0.619297 3.741463 0.041206
v 0.484495 3.705979 0.041852
v 0.391969 3.818099 0.206150
v 0.644727 3.964137 0.380651
v 0.404792 3.948568 0.577730
v 0.553198 3.931151 0.786667
v 0.470605 3.907866 0.786355
v 0.518447 3.881159 0.888854
v 0.510020 3.926675 0.789389
v 0.525681 3.887278 0.188872
v 0.553111 3.736027 0.030228
v 0.504574 3.962729 0.370671
v 0.660661 3.891227 0.204968
v 0.661160 3.902822 0.233009
v 0.597394 3.997766 0.591299
v 0.589479 3.992101 0.621714
v 0.498492 3.996322 0.582241
v 0.382094 3.911728 0.424538
v 0.379786 3.902474 0.402127
v 0.559413 3.591912 -0.001221
v 0.672887 3.753008 -0.157253
v 0.730798 3.769869 0.054731
v 0.828323 3.824775 0.055099
v 0.927436 3.885703 -0.266392
v 1.185647 3.939306 -0.090489
v 1.348089 3.870292 -0.279761
v 1.369980 3.875199 -0.196864
v 1.456568 3.830975 -0.262260
v 1.362480 3.881051 -0.239293
v 1.164684 3.960093 -0.191152
v 0.674295 3.791378 -0.045515
v 0.756268 3.807202 -0.214394
v 0.781068 3.814651 -0.223801
v 0.762622 3.861162 -0.073839
v 1.148193 3.918525 -0.284734
v 1.178321 3.921561 -0.284645
v 1.042920 3.922800 -0.017245
v 1.019843 3.912725 -0.005598
v 0.954953 3.951827 -0.133248
v 0.571634 3.589852 0.015188
v 0.473269 3.686971 0.021099
v 0.573091 3.687547 -0.088359
v 0.491029 3.811670 -0.267869
v 0.155021 3.885394 -0.179519
v 0.170588 3.910561 -0.509804
v -0.093100 3.835442 -0.543392
v -0.031774 3.834168 -0.609426
v -0.141862 3.784250 -0.646926
v 0.095193 3.939753 -0.435947
v 0.538022 3.704549 -0.020610
v 0.263259 3.944957 -0.282298
v -0.064802 3.843203 -0.579420
v 0.292166 3.814490 -0.050166
v 0.268821 3.820278 -0.069636
v 0.415751 3.861184 -0.140201
v 0.018507 3.902748 -0.366495
v 0.001881 3.903450 -0.393198
v 0.313648 3.900915 -0.423816
v 0.336343 3.891681 -0.409283
v 0.569249 3.597145 -0.003040
v 0.757834 3.662319 -0.048715
v 0.679812 3.677830 0.147257
v 0.942567 3.707984 0.367807
v 1.377043 3.632055 0.082276
v 1.504224 3.531513 0.543504
v 1.784722 3.254527 0.443806
v 1.735207 3.262342 0.562947
v 1.847027 3.111988 0.552530
v 1.769832 3.266766 0.507462
v 1.590463 3.554350 0.407276
v 1.024394 3.780532 0.160977
v 0.709181 3.707042 0.042434
v 1.329495 3.731748 0.286634
v 1.108058 3.682429 -0.030665
v 1.143979 3.666635 -0.017389
v 1.632142 3.487199 0.271057
v 1.659572 3.469929 0.293847
v 1.285365 3.645946 0.500224
v 1.251060 3.652752 0.491630
v 0.568370 3.545547 -0.001413
v 0.394342 3.611683 -0.115743
v 0.606106 3.599818 -0.213652
v 0.257141 3.624304 -0.253442
v 0.593055 3.605366 -0.408601
v 0.562681 3.563897 -0.585417
v -0.002824 3.494703 -0.675757
v 0.222567 3.291933 -1.114454
v -0.113816 2.986334 -1.205583
v 0.014692 2.977654 -1.262424
v -0.103883 2.807550 -1.315564
v -0.053446 2.989429 -1.245659
v 0.056913 3.333370 -1.076397
v 0.506459 3.638923 -0.157111
v 0.433511 3.677552 -0.326395
v 0.133349 3.591094 -0.395932
v 0.113051 3.571796 -0.429380
v 0.356886 3.672845 -0.495018
v -0.086187 3.281850 -0.991645
v -0.093946 3.256777 -1.027173
v 0.380294 3.442790 -0.934530
v 0.402003 3.453933 -0.902903
v 0.197393 3.565943 -0.819438
v 0.568505 3.552128 -0.000819
v 0.489998 3.587060 0.181153
v 0.374196 3.596826 0.003613
v 0.037300 3.555985 0.090574
v 0.024460 3.429477 0.609321
v -0.415860 3.258921 0.440654
v -0.471076 2.941334 0.719494
v -0.540214 2.945989 0.609715
v -0.582131 2.776776 0.702556
v -0.515430 2.949941 0.670522
v -0.357413 3.279524 0.591307
v 0.438451 3.631212 0.090504
v 0.268041 3.540715 0.457823
v 0.238434 3.517061 0.478400
v 0.151708 3.634328 0.279939
v -0.263805 3.218986 0.702856
v -0.296806 3.194448 0.711356
v -0.264250 3.417498 0.290968
v -0.237988 3.431489 0.268197
v -0.124021 3.516759 0.454092
v 0.568489 3.605645 -0.003042
v 0.696637 3.664031 0.143348
v 0.486044 3.658481 0.172171
v 0.418556 3.641089 0.512591
v 0.884518 3.574575 0.747773
v 0.547772 3.403651 1.078526
v 0.787372 3.121841 1.257293
v 0.658375 3.116874 1.272913
v 0.730434 2.960823 1.355942
v 0.723601 3.126549 1.276225
v 0.707826 3.438884 1.088753
v 0.590314 3.699746 0.149117
v 0.676659 3.649724 0.812573
v 0.849827 3.658259 0.460604
v 0.856656 3.638209 0.497105
v 0.635675 3.735823 0.487128
v 0.851479 3.387525 1.053930
v 0.845698 3.365380 1.088113
v 0.472761 3.538283 0.873267
v 0.463221 3.548553 0.839513
v 0.569535 3.545717 -0.001291
v 0.711034 3.623953 -0.370747
v 0.948460 3.652404 -0.102751
v 1.108460 3.637366 -0.178055
v 1.043693 3.538453 -0.725909
v 1.534793 3.418492 -0.626461
v 1.558152 3.109990 -0.941083
v 1.647314 3.119348 -0.837119
v 1.681625 2.953429 -0.948842
v 1.449251 3.440040 -0.773210
v 0.819809 3.708969 -0.232202
v 1.611809 3.122945 -0.896631
v 0.811437 3.604714 -0.524974
v 0.838911 3.589264 -0.552454
v 0.956760 3.715881 -0.353004
v 1.336491 3.368208 -0.877985
v 1.369899 3.348024 -0.893269
v 1.395347 3.552635 -0.439382
v 1.371026 3.561606 -0.410905
v 1.220689 3.644634 -0.582661
v 0.559026 3.438878 0.009243
v 0.501133 3.500764 -0.155255
v 0.690533 3.513111 -0.105572
v 0.479389 3.522014 -0.318570
v 0.790324 3.542128 -0.236903
v 0.863108 3.530232 -0.369973
v 0.554094 3.460626 -0.733583
v 0.951768 3.360697 -0.904005
v 0.813793 3.105854 -1.154450
v 0.927498 3.111773 -1.122704
v 0.896133 2.973309 -1.226927
v 0.873597 3.116307 -1.147876
v 0.592531 3.533613 -0.120640
v 0.631505 3.585491 -0.267421
v 0.750995 3.549542 -0.711082
v 0.483852 3.509342 -0.476306
v 0.490604 3.496435 -0.509560
v 0.672173 3.599577 -0.417790
v 0.689002 3.322852 -0.990399
v 0.705349 3.306359 -1.018338
v 0.820912 3.382585 -0.966379
v 0.942891 3.468351 -0.697551
v 0.939210 3.474904 -0.665129
v 0.556119 3.407249 0.012263
v 0.362479 3.474996 0.001161
v 0.488541 3.456927 -0.177593
v 0.276623 3.436163 -0.465309
v -0.236909 3.394161 -0.272494
v -0.267919 3.199695 -0.744472
v -0.603437 2.923361 -0.665107
v -0.524627 2.910960 -0.773168
v -0.655788 2.754514 -0.763625
v -0.572349 2.924654 -0.726764
v 0.435820 3.505669 -0.085510
v 0.013037 3.477808 -0.104264
v -0.020841 3.457799 -0.123374
v 0.153716 3.545745 -0.291682
v -0.465361 3.200292 -0.496671
v -0.489675 3.177182 -0.522820
v -0.384714 3.244985 -0.633668
v -0.045364 3.333768 -0.668507
v -0.011892 3.343773 -0.653015
v -0.130469 3.459933 -0.481548
v 0.449632 3.377388 0.000827
v 0.321403 3.416493 0.136751
v 0.277977 3.431329 -0.061728
v -0.051993 3.411327 -0.098855
v -0.241813 3.292895 0.361223
v -0.585243 3.152225 0.059861
v -0.742692 2.850737 0.290834
v -0.767400 2.858515 0.168872
v -0.843924 2.698225 0.237849
v -0.765417 2.861194 0.231875
v -0.582327 3.169631 0.214695
v 0.307847 3.461378 0.038183
v 0.030232 3.385654 0.308847
v -0.004029 3.364675 0.317039
v -0.009298 3.481471 0.109629
v -0.539187 3.106745 0.346533
v -0.572602 3.084893 0.342930
v -0.393130 3.295743 -0.022381
v -0.361519 3.307678 -0.033845
v -0.317675 3.384547 0.171397
v 0.550823 3.313387 0.021639
v 0.609181 3.417375 0.180899
v 0.414476 3.415669 0.115024
v 0.216977 3.506341 0.371209
v 0.519454 3.532313 0.785238
v 0.076225 3.470630 0.959910
v 0.182318 3.273632 1.290406
v 0.063609 3.270554 1.248812
v 0.076179 3.154732 1.392443
v 0.119835 3.282280 1.277065
v 0.214634 3.510747 1.027744
v 0.425592 3.591558 0.417324
v 0.518449 3.449452 0.129958
v 0.613888 3.517275 0.510346
v 0.602938 3.510527 0.548801
v 0.347904 3.456115 1.075631
v 0.326707 3.446369 1.107597
v 0.107970 3.527596 0.720602
v 0.114369 3.526117 0.685753
v 0.321102 3.616789 0.727250
v 0.549056 3.339465 0.020560
v 0.674743 3.411819 -0.108781
v 0.701121 3.443962 0.087359
v 1.017056 3.524479 0.139842
v 1.248296 3.457378 -0.297153
v 1.581474 3.434168 0.020546
v 1.797255 3.189132 -0.184949
v 1.811743 3.207003 -0.064657
v 1.916162 3.075898 -0.121442
v 1.813480 3.207322 -0.126562
v 1.585514 3.446041 -0.132197
v 0.978477 3.573280 -0.069740
v 0.672511 3.460593 -0.013237
v 1.293849 3.571955 -0.111656
v 0.968536 3.465090 -0.262290
v 1.006084 3.455424 -0.267996
v 1.563615 3.369951 -0.260462
v 1.598759 3.359292 -0.254518
v 1.368014 3.515154 0.085891
v 1.335027 3.517220 0.095092
v 0.549252 3.283525 0.024272
v 0.747776 3.366623 0.022612
v 0.613114 3.393281 0.195903
v 0.814241 3.473877 0.486617
v 1.337531 3.414308 0.329094
v 1.343272 3.368486 0.839432
v 1.672860 3.102465 0.850147
v 1.589040 3.116732 0.955148
v 1.714857 2.972247 0.993684
v 1.639129 3.119705 0.908487
v 1.466893 3.388150 0.723763
v 0.670215 3.416567 0.095557
v 1.225549 3.532001 0.509106
v 1.094592 3.426765 0.135338
v 1.128111 3.415484 0.160375
v 0.949789 3.537652 0.292704
v 1.551683 3.310010 0.606499
v 1.574086 3.297338 0.639085
v 1.126943 3.459184 0.721753
v 1.094345 3.461722 0.702831
v 0.514452 3.536725 -0.056395
v 0.487712 3.664113 0.130295
v 0.392486 3.612965 -0.092738
v 0.094855 3.663698 -0.122641
v 0.055543 3.791933 0.410309
v -0.346329 3.627378 0.139218
v -0.448055 3.476976 0.498869
v -0.505899 3.442188 0.364646
v -0.579058 3.331146 0.475771
v -0.488675 3.459969 0.417516
v 0.196022 3.775957 0.058737
v 0.436039 3.653469 -0.027335
v -0.055696 3.794213 0.172965
v 0.285640 3.784495 0.320381
v 0.255820 3.777433 0.338498
v -0.225567 3.690003 0.463549
v -0.258470 3.675116 0.467115
v -0.292494 3.690456 0.296843
v -0.189396 3.679065 -0.000397
v -0.163757 3.675450 -0.016608
v 0.570781 3.624043 -0.005305
v 0.618427 3.730716 0.052276
v 0.489652 3.696592 0.052777
v 0.398536 3.805973 0.213562
v 0.644490 3.948493 0.384517
v 0.411204 3.933996 0.577116
v 0.554595 3.916018 0.781712
v 0.476275 3.893911 0.781583
v 0.521906 3.867071 0.882619
v 0.513640 3.912052 0.784164
v 0.528710 3.874077 0.196813
v 0.555164 3.726360 0.042117
v 0.507796 3.947668 0.374797
v 0.659730 3.878800 0.214423
v 0.660736 3.887902 0.238576
v 0.597408 3.981836 0.592903
v 0.590454 3.976690 0.617510
v 0.502135 3.980735 0.581446
v 0.388447 3.897331 0.426735
v 0.386480 3.889148 0.407141
v 0.571800 3.583737 -0.004041
v 0.683379 3.741977 -0.154636
v 0.738817 3.758103 0.048594
v 0.833358 3.811057 0.048947
v 0.932257 3.871418 -0.261223
v 1.183242 3.923572 -0.092899
v 1.343686 3.855666 -0.275343
v 1.364395 3.860308 -0.197361
v 1.450219 3.816712 -0.259878
v 1.357095 3.866114 -0.237239
v 1.163125 3.944144 -0.189743
v 0.684779 3.779999 -0.047637
v 0.765332 3.795027 -0.210665
v 0.787949 3.801218 -0.219270
v 0.769854 3.847157 -0.075088
v 1.149871 3.903852 -0.279027
v 1.174667 3.906795 -0.279886
v 1.042810 3.907075 -0.020539
v 1.023317 3.898311 -0.011165
v 0.958711 3.936267 -0.132918
v 0.561593 3.583584 0.005873
v 0.468608 3.676671 0.010700
v 0.562298 3.677318 -0.092088
v 0.482266 3.798521 -0.268290
v 0.156750 3.870510 -0.185191
v 0.169797 3.895195 -0.505242
v -0.087218 3.820891 -0.540893
v -0.029287 3.819733 -0.603363
v -0.136633 3.770287 -0.641830
v 0.097089 3.923895 -0.434139
v 0.529171 3.694541 -0.028636
v 0.261316 3.929186 -0.284427
v -0.060350 3.828559 -0.574866
v 0.289167 3.802554 -0.059798
v 0.268796 3.806282 -0.076988
v 0.409934 3.847420 -0.145156
v 0.022366 3.887666 -0.369697
v 0.007660 3.888696 -0.391476
v 0.310847 3.885446 -0.420687
v 0.329536 3.877459 -0.408142
v 0.485007 3.487597 0.073800
v 0.474254 3.397494 0.094839
v 0.493468 3.300015 0.081312
v 0.535311 3.232392 0.038388
v 0.464578 3.495556 -0.004321
v 0.441197 3.410372 -0.031562
v 0.460411 3.312893 -0.045088
v 0.514880 3.240351 -0.039732
v 0.531186 3.517649 -0.045994
v 0.548972 3.446120 -0.098992
v 0.568186 3.348640 -0.112519
v 0.581489 3.262445 -0.081406
v 0.583799 3.220456 -0.017539
v 0.521622 3.535907 0.026232
v 0.592782 3.523345 0.006369
v 0.648637 3.455335 -0.014266
v 0.667852 3.357856 -0.027791
v 0.643086 3.268140 -0.029043
v 0.564242 3.504771 0.080407
v 0.602459 3.425283 0.105528
v 0.621674 3.327804 0.092003
v 0.614546 3.249567 0.044995
v 0.500581 3.186460 0.043565
v 0.458737 3.254083 0.086489
v 0.425681 3.266961 -0.039912
v 0.480150 3.194420 -0.034555
v 0.425830 3.421037 0.109655
v 0.436584 3.511140 0.088617
v 0.416153 3.519099 0.010497
v 0.392773 3.433915 -0.016745
v 0.578364 3.152004 -0.022044
v 0.529876 3.163940 0.033883
v 0.509445 3.171899 -0.044237
v 0.445240 3.287030 0.092909
v 0.426026 3.384509 0.106434
v 0.392969 3.397387 -0.019967
v 0.412183 3.299908 -0.033492
v 0.454495 3.546370 0.086948
v 0.491109 3.594680 0.039380
v 0.434065 3.554329 0.008828
v 0.441930 3.559447 -0.011575
v 0.498974 3.599798 0.018977
v 0.508538 3.581541 -0.053249
v 0.498343 3.206259 -0.081751
v 0.443873 3.278801 -0.087107
v 0.551648 3.314548 -0.154537
v 0.564952 3.228352 -0.123425
v 0.410965 3.445754 -0.063941
v 0.434345 3.530938 -0.036699
v 0.500955 3.553032 -0.078374
v 0.518740 3.481503 -0.131371
v 0.586229 3.157123 -0.042446
v 0.517310 3.177018 -0.064640
v 0.583919 3.199111 -0.106314
v 0.433286 3.313641 -0.088237
v 0.414072 3.411121 -0.074711
v 0.521847 3.446868 -0.142141
v 0.541061 3.349389 -0.155667
v 0.530374 3.586273 -0.051428
v 0.520809 3.604531 0.020798
v 0.591970 3.591969 0.000936
v 0.615461 3.239300 -0.119212
v 0.602158 3.325496 -0.150325
v 0.701823 3.334712 -0.065599
v 0.677057 3.244997 -0.066849
v 0.569250 3.492450 -0.127160
v 0.551464 3.563980 -0.074161
v 0.613060 3.569675 -0.021798
v 0.668915 3.501666 -0.042432
v 0.608065 3.161855 -0.040626
v 0.605754 3.203844 -0.104493
v 0.667350 3.209539 -0.052129
v 0.599649 3.362088 -0.150781
v 0.580436 3.459568 -0.137255
v 0.680101 3.468783 -0.052529
v 0.699315 3.371304 -0.066055
v 0.597600 3.589776 0.022464
v 0.526439 3.602338 0.042326
v 0.569060 3.571203 0.096501
v 0.690082 3.239923 -0.017050
v 0.714847 3.329639 -0.015800
v 0.668669 3.299586 0.103994
v 0.661542 3.221350 0.056987
v 0.681939 3.496592 0.007366
v 0.626084 3.564602 0.028001
v 0.597545 3.546028 0.102038
v 0.635760 3.466540 0.127160
v 0.613694 3.159662 -0.019098
v 0.672980 3.207346 -0.030601
v 0.644441 3.188773 0.043436
v 0.714421 3.365418 -0.008291
v 0.695208 3.462898 0.005235
v 0.649030 3.432846 0.125029
v 0.668243 3.335366 0.111503
v 0.550704 3.565114 0.107985
v 0.508083 3.596249 0.053810
v 0.471469 3.547940 0.101378
v 0.619081 3.207266 0.083552
v 0.626208 3.285503 0.130560
v 0.498003 3.257714 0.119869
v 0.539846 3.190092 0.076945
v 0.593300 3.452456 0.153725
v 0.555083 3.531945 0.128603
v 0.475848 3.514770 0.121996
v 0.465095 3.424668 0.143035
v 0.595339 3.153574 -0.007614
v 0.626085 3.182685 0.054920
v 0.546850 3.165510 0.048313
v 0.618992 3.319030 0.142317
v 0.599777 3.416509 0.155844
v 0.471572 3.388721 0.145154
v 0.490787 3.291241 0.131628
vt 0.053914 0.783028
vt 0.085545 0.779825
vt 0.085545 0.795761
vt 0.054755 0.794994
vt 0.472448 0.806807
vt 0.501513 0.805101
vt 0.501513 0.818260
vt 0.471854 0.816124
vt 0.145344 0.808437
vt 0.145344 0.821596
vt 0.116536 0.819885
vt 0.115941 0.810568
vt 0.781206 0.646632
vt 0.781206 0.668699
vt 0.752924 0.664932
vt 0.752968 0.649164
vt 0.033524 0.787832
vt 0.033524 0.803768
vt 0.003875 0.800629
vt 0.004712 0.788663
vt 0.733147 0.244267
vt 0.733147 0.271593
vt 0.704843 0.266463
vt 0.705631 0.247053
vt 0.780555 0.362789
vt 0.780555 0.384856
vt 0.752404 0.381485
vt 0.752161 0.365719
vt 0.083737 0.803510
vt 0.083737 0.816669
vt 0.054290 0.815252
vt 0.053914 0.805923
vt 0.375588 0.781416
vt 0.406830 0.779536
vt 0.406830 0.795472
vt 0.375104 0.793402
vt 0.471854 0.716588
vt 0.499137 0.710952
vt 0.499137 0.738278
vt 0.473401 0.735953
vt 0.434610 0.769066
vt 0.463217 0.766872
vt 0.463217 0.787246
vt 0.433949 0.783686
vt 0.714408 0.757729
vt 0.714408 0.779796
vt 0.685724 0.776246
vt 0.686009 0.760481
vt 0.747111 0.462087
vt 0.772593 0.458723
vt 0.772593 0.484108
vt 0.746632 0.480201
vt 0.402777 0.748017
vt 0.402777 0.771786
vt 0.375104 0.767537
vt 0.375522 0.750705
vt 0.722088 0.565601
vt 0.751744 0.563417
vt 0.751744 0.576575
vt 0.721869 0.574934
vt 0.604201 0.794894
vt 0.604201 0.809005
vt 0.574038 0.807944
vt 0.573438 0.797455
vt 0.824071 0.489631
vt 0.814677 0.484476
vt 0.814709 0.463928
vt 0.824071 0.458723
vt 0.224436 0.842374
vt 0.215393 0.837488
vt 0.215462 0.818061
vt 0.224436 0.813102
vt 0.471915 0.866404
vt 0.471854 0.848284
vt 0.480465 0.843797
vt 0.480465 0.871123
vt 0.140752 0.874388
vt 0.132222 0.869901
vt 0.132283 0.851781
vt 0.140752 0.847062
vt 0.811403 0.672315
vt 0.811442 0.651767
vt 0.820939 0.646632
vt 0.820939 0.677541
vt 0.823691 0.753092
vt 0.814291 0.747956
vt 0.814257 0.727408
vt 0.823691 0.722183
vt 0.651197 0.874969
vt 0.642707 0.870385
vt 0.642738 0.852265
vt 0.651197 0.847643
vt 0.832868 0.542808
vt 0.832836 0.523381
vt 0.841899 0.518441
vt 0.841899 0.547713
vt 0.115974 0.869689
vt 0.115941 0.851569
vt 0.124472 0.847062
vt 0.124472 0.874388
vt 0.496799 0.871123
vt 0.488215 0.866616
vt 0.488245 0.848497
vt 0.496799 0.843797
vt 0.840890 0.487994
vt 0.831820 0.483053
vt 0.831857 0.463626
vt 0.840890 0.458723
vt 0.829253 0.097779
vt 0.829217 0.078352
vt 0.838326 0.073483
vt 0.838326 0.102755
vt 0.416265 0.743906
vt 0.416229 0.723358
vt 0.425804 0.718202
vt 0.425804 0.749111
vt 0.828758 0.670945
vt 0.828689 0.651518
vt 0.837810 0.646632
vt 0.837810 0.675904
vt 0.305878 0.879077
vt 0.305888 0.862239
vt 0.313935 0.857990
vt 0.313935 0.883375
vt 0.329731 0.883375
vt 0.321684 0.879145
vt 0.321703 0.862307
vt 0.329731 0.857990
vt 0.277084 0.876831
vt 0.277055 0.859994
vt 0.285160 0.855739
vt 0.285160 0.881124
vt 0.239775 0.878944
vt 0.239755 0.862106
vt 0.247847 0.857876
vt 0.247847 0.883261
vt 0.861650 0.865634
vt 0.861622 0.847514
vt 0.870246 0.842930
vt 0.870246 0.870256
vt 0.456976 0.895429
vt 0.449344 0.891486
vt 0.449350 0.875718
vt 0.456976 0.871660
vt 0.915689 0.416544
vt 0.908480 0.412863
vt 0.908459 0.398228
vt 0.915689 0.394478
vt 0.581130 0.895193
vt 0.573438 0.891262
vt 0.573448 0.875494
vt 0.581130 0.871424
vt 0.513437 0.894194
vt 0.513432 0.878426
vt 0.521040 0.874437
vt 0.521040 0.898206
vt 0.263670 0.883261
vt 0.255606 0.879011
vt 0.255596 0.862174
vt 0.263670 0.857876
vt 0.433959 0.891359
vt 0.433949 0.875591
vt 0.441595 0.871660
vt 0.441595 0.895429
vt 0.551654 0.918644
vt 0.551725 0.905169
vt 0.558645 0.901849
vt 0.558645 0.922222
vt 0.195369 0.918873
vt 0.195392 0.905398
vt 0.202179 0.902041
vt 0.202179 0.922415
vt 0.260008 0.909292
vt 0.260009 0.894657
vt 0.267252 0.891010
vt 0.267252 0.913077
vt 0.195375 0.890234
vt 0.195369 0.874466
vt 0.203071 0.870523
vt 0.203071 0.894292
vt 0.908478 0.442609
vt 0.908459 0.427975
vt 0.915668 0.424294
vt 0.915668 0.446361
vt 0.346900 0.944712
vt 0.346929 0.932716
vt 0.353285 0.929680
vt 0.353285 0.947870
vt 0.762322 0.943547
vt 0.762236 0.931552
vt 0.768697 0.928416
vt 0.768697 0.946606
vt 0.146048 0.977484
vt 0.146048 0.990642
vt 0.142537 0.988855
vt 0.142527 0.979263
vt 0.732524 0.922238
vt 0.725637 0.918917
vt 0.725565 0.905442
vt 0.732524 0.901864
vt 0.053533 0.609183
vt 0.045808 0.605194
vt 0.045812 0.589426
vt 0.053533 0.585414
vt 0.745981 0.902606
vt 0.746001 0.887972
vt 0.753298 0.884290
vt 0.753298 0.906357
vt 0.266589 0.939016
vt 0.260008 0.935943
vt 0.260065 0.923947
vt 0.266589 0.920827
vt 0.977686 0.852984
vt 0.971998 0.850333
vt 0.971951 0.839826
vt 0.977686 0.837048
vt 0.913573 0.320013
vt 0.913622 0.306538
vt 0.920695 0.303124
vt 0.920695 0.323498
vt 0.096166 0.940731
vt 0.089649 0.937596
vt 0.089732 0.925600
vt 0.096166 0.922541
vt 0.350487 0.988359
vt 0.346906 0.986608
vt 0.346900 0.977016
vt 0.350487 0.975201
vt 0.495137 0.988084
vt 0.491532 0.986305
vt 0.491543 0.976713
vt 0.495137 0.974926
vt 0.980699 0.048180
vt 0.980718 0.038844
vt 0.986013 0.036541
vt 0.986013 0.050651
vt 0.939001 0.174204
vt 0.932492 0.171169
vt 0.932461 0.159174
vt 0.939001 0.156015
vt 0.311920 0.972496
vt 0.305871 0.969890
vt 0.305843 0.959384
vt 0.311920 0.956560
vt 0.041822 0.986924
vt 0.036921 0.984828
vt 0.036904 0.976643
vt 0.041822 0.974478
vt 0.033104 0.811517
vt 0.033104 0.823963
vt 0.004164 0.822922
vt 0.003875 0.813334
vt 0.790451 0.833127
vt 0.790451 0.843095
vt 0.762290 0.841190
vt 0.762236 0.834053
vt 0.054091 0.826082
vt 0.082416 0.824418
vt 0.082416 0.834386
vt 0.053914 0.833217
vt 0.685848 0.831925
vt 0.714049 0.830748
vt 0.714049 0.840716
vt 0.685724 0.839061
vt 0.144300 0.829345
vt 0.144300 0.839313
vt 0.116119 0.837648
vt 0.115941 0.830513
vt 0.601923 0.816755
vt 0.601923 0.829200
vt 0.573600 0.827429
vt 0.573438 0.817839
vt 0.685886 0.812318
vt 0.714990 0.810553
vt 0.714990 0.822999
vt 0.685724 0.821909
vt 0.531422 0.813999
vt 0.560092 0.812611
vt 0.560092 0.825056
vt 0.530972 0.823580
vt 0.353195 0.160124
vt 0.381648 0.158654
vt 0.381648 0.169459
vt 0.352915 0.168304
vt 0.754487 0.812932
vt 0.754487 0.825377
vt 0.726015 0.823986
vt 0.725565 0.814405
vt 0.532643 0.403897
vt 0.532643 0.414702
vt 0.504344 0.413230
vt 0.504063 0.405051
vt 0.176568 0.816660
vt 0.204927 0.815609
vt 0.204927 0.828054
vt 0.176280 0.826247
vt 0.699350 0.628291
vt 0.727613 0.627245
vt 0.727613 0.638049
vt 0.699165 0.636473
vt 0.403587 0.825081
vt 0.403587 0.835049
vt 0.375228 0.833874
vt 0.375104 0.826738
vt 0.462273 0.819121
vt 0.462273 0.829926
vt 0.434044 0.828188
vt 0.433949 0.820004
vt 0.239809 0.824637
vt 0.268271 0.822735
vt 0.268271 0.832702
vt 0.239755 0.831775
vt 0.345166 0.158654
vt 0.345166 0.169459
vt 0.316582 0.168417
vt 0.316397 0.160235
vt 0.476956 0.986478
vt 0.471862 0.984432
vt 0.471854 0.976248
vt 0.476956 0.974032
vt 0.803207 0.986785
vt 0.798224 0.984774
vt 0.798200 0.976590
vt 0.803207 0.974339
vt 0.975237 0.443046
vt 0.975271 0.433710
vt 0.980787 0.431350
vt 0.980787 0.445461
vt 0.024224 0.984708
vt 0.024232 0.976524
vt 0.029155 0.974478
vt 0.029155 0.986924
vt 0.983405 0.992435
vt 0.983411 0.985297
vt 0.987993 0.983535
vt 0.987993 0.994340
vt 0.055063 0.994323
vt 0.050461 0.992568
vt 0.050443 0.985430
vt 0.055063 0.983518
vt 0.993734 0.713982
vt 0.989054 0.712220
vt 0.989048 0.705083
vt 0.993734 0.703177
vt 0.989194 0.869626
vt 0.989212 0.862489
vt 0.993859 0.860733
vt 0.993859 0.871538
vt 0.693061 0.902739
vt 0.685724 0.899058
vt 0.685744 0.884423
vt 0.693061 0.880672
vt 0.790073 0.908773
vt 0.782790 0.905127
vt 0.782789 0.890492
vt 0.790073 0.886707
vt 0.612040 0.975256
vt 0.612040 0.988414
vt 0.608459 0.986603
vt 0.608475 0.977011
vt 0.573492 0.944983
vt 0.573438 0.932988
vt 0.579807 0.929915
vt 0.579807 0.948105
vt 0.744499 0.976118
vt 0.744499 0.989276
vt 0.740964 0.987461
vt 0.740970 0.977869
vt 0.129945 0.988511
vt 0.126411 0.986755
vt 0.126395 0.977164
vt 0.129945 0.975352
vt 0.889057 0.003886
vt 0.889057 0.031637
vt 0.883869 0.031633
vt 0.882425 0.003875
vt 0.098117 0.859500
vt 0.098117 0.887340
vt 0.092932 0.887168
vt 0.091486 0.859366
vt 0.559056 0.832806
vt 0.559056 0.842844
vt 0.531079 0.841092
vt 0.530972 0.833564
vt 0.279944 0.160389
vt 0.308647 0.158654
vt 0.308647 0.169459
vt 0.279848 0.168573
vt 0.032037 0.831712
vt 0.032037 0.841751
vt 0.003966 0.840638
vt 0.003875 0.833109
vt 0.814768 0.498494
vt 0.842819 0.497380
vt 0.842819 0.507419
vt 0.814677 0.506022
vt 0.471960 0.827761
vt 0.500082 0.826009
vt 0.500082 0.836048
vt 0.471854 0.835289
vt 0.826225 0.833127
vt 0.826225 0.843165
vt 0.798215 0.841272
vt 0.798200 0.833743
vt 0.991736 0.301356
vt 0.991734 0.294724
vt 0.996124 0.293106
vt 0.996124 0.303145
vt 0.330299 0.990886
vt 0.325588 0.989045
vt 0.325600 0.981908
vt 0.330299 0.980081
vt 0.996101 0.320933
vt 0.991738 0.319241
vt 0.991734 0.312609
vt 0.996101 0.310894
vt 0.996079 0.344145
vt 0.991671 0.342540
vt 0.991670 0.335908
vt 0.996079 0.334107
vt 0.995039 0.518581
vt 0.990559 0.516963
vt 0.990561 0.510331
vt 0.995039 0.508542
vt 0.991666 0.372818
vt 0.991667 0.366186
vt 0.996125 0.364581
vt 0.996125 0.374619
vt 0.992127 0.889850
vt 0.992130 0.882321
vt 0.995465 0.881154
vt 0.995465 0.891122
vt 0.991961 0.753560
vt 0.995347 0.752288
vt 0.995347 0.762256
vt 0.991965 0.761089
vt 0.991956 0.730888
vt 0.991968 0.723359
vt 0.995342 0.722183
vt 0.995342 0.732152
vt 0.992136 0.907612
vt 0.992127 0.900082
vt 0.995449 0.898871
vt 0.995449 0.908839
vt 0.990555 0.487123
vt 0.990559 0.480491
vt 0.995061 0.478800
vt 0.995061 0.488838
vt 0.228550 0.986759
vt 0.231897 0.985496
vt 0.231897 0.995464
vt 0.228563 0.994289
vt 0.530972 0.984514
vt 0.530997 0.976329
vt 0.536015 0.974318
vt 0.536015 0.986764
vt 0.102672 0.520899
vt 0.102726 0.511563
vt 0.108127 0.509288
vt 0.108127 0.523399
vt 0.883914 0.983163
vt 0.878409 0.980860
vt 0.878389 0.971524
vt 0.883914 0.969052
vt 0.167021 0.844898
vt 0.157997 0.840030
vt 0.158029 0.820603
vt 0.167021 0.815626
vt 0.822374 0.611980
vt 0.812913 0.606778
vt 0.812983 0.586231
vt 0.822374 0.581071
vt 0.884251 0.712428
vt 0.876207 0.708173
vt 0.876237 0.691336
vt 0.884251 0.687042
vt 0.977125 0.470994
vt 0.971281 0.468452
vt 0.971206 0.457945
vt 0.977125 0.455058
vt 0.984760 0.828820
vt 0.979396 0.826545
vt 0.979342 0.817209
vt 0.984760 0.814709
vt 0.868715 0.922000
vt 0.861646 0.918644
vt 0.861622 0.905169
vt 0.868715 0.901627
vt 0.632718 0.986847
vt 0.627448 0.984487
vt 0.627415 0.975151
vt 0.632718 0.972736
vt 0.882425 0.049666
vt 0.882441 0.041482
vt 0.887549 0.039386
vt 0.887549 0.051832
vt 0.325588 0.969553
vt 0.325635 0.959046
vt 0.331685 0.956395
vt 0.331685 0.972331
vt 0.082022 0.679420
vt 0.082022 0.710328
vt 0.056481 0.706541
vt 0.053914 0.685437
vt 0.969715 0.968126
vt 0.969790 0.957620
vt 0.975656 0.955077
vt 0.975656 0.971013
vt 0.478660 0.922768
vt 0.471901 0.919354
vt 0.471854 0.905879
vt 0.478660 0.902394
vt 0.811091 0.444713
vt 0.811021 0.424165
vt 0.820561 0.418964
vt 0.820561 0.449872
vt 0.971892 0.797520
vt 0.971920 0.787013
vt 0.977629 0.784407
vt 0.977629 0.800343
vt 0.588892 0.992955
vt 0.588879 0.985818
vt 0.593448 0.983977
vt 0.593448 0.994782
vt 0.309963 0.678632
vt 0.337695 0.676447
vt 0.337695 0.707355
vt 0.305878 0.699449
vt 0.500919 0.779163
vt 0.500919 0.797352
vt 0.472296 0.794878
vt 0.471854 0.781410
vt 0.573438 0.668671
vt 0.608671 0.662033
vt 0.608671 0.692942
vt 0.574981 0.689942
vt 0.788260 0.556071
vt 0.788260 0.576445
vt 0.759752 0.573212
vt 0.759493 0.558579
vt 0.695331 0.188318
vt 0.722649 0.182296
vt 0.722649 0.211568
vt 0.697102 0.208790
vt 0.032432 0.675674
vt 0.035831 0.674446
vt 0.035831 0.684414
vt 0.032423 0.683203
vt 0.402207 0.679653
vt 0.402207 0.710562
vt 0.375104 0.704300
vt 0.376608 0.683027
vt 0.642949 0.758813
vt 0.671655 0.755446
vt 0.671655 0.777513
vt 0.642707 0.774579
vt 0.629450 0.855993
vt 0.634628 0.855682
vt 0.634628 0.883431
vt 0.628003 0.883749
vt 0.752161 0.396031
vt 0.783589 0.392605
vt 0.783589 0.410794
vt 0.753021 0.409479
vt 0.053914 0.752599
vt 0.081422 0.748307
vt 0.081422 0.772076
vt 0.054241 0.769433
vt 0.740896 0.248518
vt 0.769024 0.244267
vt 0.769024 0.268036
vt 0.741313 0.265350
vt 0.642722 0.831749
vt 0.670897 0.829856
vt 0.670897 0.839894
vt 0.642707 0.839278
vt 0.531893 0.764389
vt 0.561268 0.761853
vt 0.561268 0.782227
vt 0.530972 0.778995
vt 0.603126 0.766771
vt 0.603126 0.787145
vt 0.574363 0.784594
vt 0.573438 0.769989
vt 0.562050 0.695040
vt 0.562050 0.724312
vt 0.534849 0.718286
vt 0.536634 0.697816
vt 0.335964 0.800690
vt 0.335964 0.814801
vt 0.306833 0.813552
vt 0.305878 0.803089
vt 0.176637 0.795691
vt 0.207104 0.793749
vt 0.207104 0.807859
vt 0.176280 0.806192
vt 0.144103 0.722425
vt 0.144103 0.747811
vt 0.115941 0.743121
vt 0.116543 0.725011
vt 0.240351 0.801973
vt 0.269155 0.800874
vt 0.269155 0.814985
vt 0.239755 0.812462
vt 0.055360 0.859732
vt 0.060544 0.859559
vt 0.060544 0.887310
vt 0.053914 0.887443
vt 0.512407 0.794017
vt 0.508846 0.764725
vt 0.522913 0.763611
vt 0.522913 0.794141
vt 0.269306 0.774936
vt 0.269306 0.793125
vt 0.239755 0.789754
vt 0.240609 0.776306
vt 0.768342 0.301673
vt 0.768342 0.325442
vt 0.740142 0.321143
vt 0.740469 0.304309
vt 0.404216 0.803221
vt 0.404216 0.817332
vt 0.375458 0.815363
vt 0.375104 0.804862
vt 0.645364 0.649997
vt 0.677975 0.646632
vt 0.677975 0.677541
vt 0.642707 0.671090
vt 0.269306 0.743418
vt 0.269306 0.767186
vt 0.241076 0.763674
vt 0.240986 0.746837
vt 0.336295 0.774751
vt 0.336295 0.792941
vt 0.307180 0.791474
vt 0.305878 0.778062
vt 0.209106 0.667962
vt 0.209106 0.698871
vt 0.180427 0.696923
vt 0.176280 0.676118
vt 0.730842 0.158794
vt 0.761930 0.156357
vt 0.761930 0.174547
vt 0.730398 0.172261
vt 0.671338 0.685290
vt 0.671338 0.714562
vt 0.643624 0.710762
vt 0.642707 0.690234
vt 0.434718 0.735270
vt 0.459185 0.731796
vt 0.459185 0.759122
vt 0.433949 0.754682
vt 0.746966 0.086748
vt 0.774048 0.083235
vt 0.774048 0.107004
vt 0.746875 0.103585
vt 0.720056 0.652054
vt 0.745175 0.646632
vt 0.745175 0.675904
vt 0.720915 0.672584
vt 0.115941 0.759327
vt 0.144793 0.755560
vt 0.144793 0.777627
vt 0.115986 0.775095
vt 0.643081 0.810381
vt 0.671724 0.808948
vt 0.671724 0.822106
vt 0.642707 0.819710
vt 0.756015 0.761123
vt 0.756015 0.781497
vt 0.726232 0.779329
vt 0.725565 0.764709
vt 0.670985 0.722311
vt 0.670985 0.747697
vt 0.643183 0.744354
vt 0.642707 0.726241
vt 0.823665 0.761123
vt 0.823665 0.774282
vt 0.795071 0.772087
vt 0.794853 0.762753
vt 0.644027 0.786002
vt 0.673834 0.785263
vt 0.673834 0.801198
vt 0.642707 0.797924
vt 0.761126 0.215399
vt 0.790833 0.213954
vt 0.790833 0.232143
vt 0.759828 0.228811
vt 0.789414 0.851161
vt 0.789414 0.878957
vt 0.784235 0.878647
vt 0.782789 0.850844
vt 0.425804 0.710453
vt 0.409957 0.708769
vt 0.413808 0.679710
vt 0.425804 0.679653
vt 0.633756 0.731696
vt 0.633756 0.757081
vt 0.606524 0.752113
vt 0.607607 0.734026
vt 0.573438 0.736774
vt 0.598775 0.731696
vt 0.598775 0.759022
vt 0.574226 0.756185
vt 0.754808 0.789247
vt 0.754808 0.805183
vt 0.726048 0.803257
vt 0.725565 0.791271
vt 0.471854 0.750689
vt 0.498026 0.746028
vt 0.498026 0.771413
vt 0.472456 0.768799
vt 0.732393 0.301673
vt 0.732393 0.328999
vt 0.704745 0.325574
vt 0.703980 0.306162
vt 0.714257 0.690967
vt 0.714257 0.720239
vt 0.685724 0.714755
vt 0.686589 0.694225
vt 0.750998 0.495720
vt 0.779698 0.492170
vt 0.779698 0.514237
vt 0.751286 0.511486
vt 0.740402 0.336409
vt 0.770698 0.333191
vt 0.770698 0.353565
vt 0.740142 0.351041
vt 0.725565 0.732959
vt 0.753123 0.727988
vt 0.753123 0.753374
vt 0.726640 0.751047
vt 0.738882 0.458723
vt 0.738882 0.486049
vt 0.711806 0.480413
vt 0.713365 0.461048
vt 0.722924 0.694831
vt 0.747103 0.690967
vt 0.747103 0.720239
vt 0.722006 0.715359
vt 0.069738 0.859563
vt 0.074926 0.859559
vt 0.074926 0.887353
vt 0.068294 0.887364
vt 0.883938 0.829124
vt 0.881731 0.829299
vt 0.881733 0.784473
vt 0.883938 0.784407
vt 0.987761 0.149937
vt 0.990002 0.149775
vt 0.990002 0.166458
vt 0.987733 0.166310
vt 0.098000 0.605050
vt 0.061906 0.606823
vt 0.063689 0.566170
vt 0.098000 0.564754
vt 0.574469 0.714838
vt 0.573438 0.703393
vt 0.607065 0.700691
vt 0.607065 0.723947
vt 0.151017 0.003875
vt 0.151017 0.058710
vt 0.113002 0.047753
vt 0.113802 0.006600
vt 0.871659 0.770552
vt 0.871613 0.722183
vt 0.873863 0.722217
vt 0.873863 0.771178
vt 0.964201 0.837048
vt 0.964201 0.863151
vt 0.961972 0.862839
vt 0.961977 0.837098
vt 0.860203 0.557541
vt 0.862447 0.557034
vt 0.862447 0.608581
vt 0.860199 0.608618
vt 0.881645 0.722351
vt 0.883930 0.722183
vt 0.883930 0.766509
vt 0.881612 0.766342
vt 0.934187 0.837048
vt 0.934187 0.869884
vt 0.931923 0.869658
vt 0.931942 0.837156
vt 0.675501 0.888884
vt 0.675484 0.847723
vt 0.677801 0.847643
vt 0.677801 0.889139
vt 0.845845 0.302761
vt 0.845816 0.250047
vt 0.848029 0.250095
vt 0.848029 0.303353
vt 0.716620 0.142178
vt 0.717022 0.117673
vt 0.739569 0.115633
vt 0.739569 0.147558
vt 0.955860 0.622656
vt 0.958070 0.622401
vt 0.958070 0.650339
vt 0.955868 0.650262
vt 0.230910 0.596625
vt 0.230875 0.564846
vt 0.233190 0.564831
vt 0.233190 0.597162
vt 0.881677 0.958755
vt 0.881655 0.931971
vt 0.883974 0.931873
vt 0.883974 0.959110
vt 0.895946 0.250248
vt 0.898191 0.250047
vt 0.898191 0.289035
vt 0.895921 0.288880
vt 0.553309 0.425614
vt 0.584931 0.423694
vt 0.584931 0.470414
vt 0.553165 0.471891
vt 0.626157 0.654284
vt 0.573438 0.648481
vt 0.573943 0.638891
vt 0.626157 0.630399
vt 0.848264 0.394829
vt 0.850560 0.394478
vt 0.850560 0.447213
vt 0.848283 0.446896
vt 0.933756 0.214083
vt 0.933702 0.182332
vt 0.936000 0.182296
vt 0.936000 0.214663
vt 0.946077 0.250297
vt 0.948281 0.250047
vt 0.948281 0.279404
vt 0.946086 0.279322
vt 0.953480 0.394744
vt 0.955734 0.394478
vt 0.955734 0.422316
vt 0.953488 0.422272
vt 0.861628 0.784857
vt 0.863919 0.784407
vt 0.863919 0.835181
vt 0.861622 0.835154
vt 0.890272 0.597809
vt 0.890257 0.557116
vt 0.892558 0.557034
vt 0.892558 0.598128
vt 0.068479 0.059321
vt 0.068298 0.003875
vt 0.105253 0.006946
vt 0.105253 0.061385
vt 0.884500 0.159594
vt 0.882284 0.159785
vt 0.882286 0.115711
vt 0.884500 0.115633
vt 0.003875 0.060933
vt 0.042669 0.049669
vt 0.042669 0.105116
vt 0.004720 0.102420
vt 0.959133 0.003875
vt 0.959133 0.031530
vt 0.956927 0.031236
vt 0.956931 0.003939
vt 0.220305 0.077375
vt 0.273349 0.069135
vt 0.273349 0.105146
vt 0.221189 0.101992
vt 0.143744 0.969432
vt 0.143752 0.945268
vt 0.146048 0.945082
vt 0.146048 0.969735
vt 0.871673 0.832690
vt 0.871668 0.784478
vt 0.873981 0.784407
vt 0.873981 0.832997
vt 0.878388 0.394676
vt 0.880613 0.394478
vt 0.880613 0.440036
vt 0.878392 0.440122
vt 0.877885 0.669616
vt 0.875668 0.669807
vt 0.875672 0.622478
vt 0.877885 0.622401
vt 0.121780 0.218794
vt 0.121780 0.254593
vt 0.069893 0.239324
vt 0.068298 0.221635
vt 0.035771 0.752399
vt 0.003875 0.748510
vt 0.004673 0.737512
vt 0.035771 0.730357
vt 0.290212 0.044731
vt 0.290856 0.005443
vt 0.326261 0.003875
vt 0.326261 0.055132
vt 0.043938 0.800763
vt 0.043906 0.744409
vt 0.046119 0.744447
vt 0.046119 0.801352
vt 0.830126 0.557548
vt 0.832390 0.557034
vt 0.832390 0.611936
vt 0.830123 0.611980
vt 0.971982 0.881539
vt 0.974292 0.881154
vt 0.974292 0.904613
vt 0.971955 0.904643
vt 0.895667 0.661167
vt 0.895654 0.622519
vt 0.897952 0.622401
vt 0.897952 0.661412
vt 0.520400 0.225204
vt 0.520315 0.178193
vt 0.552834 0.179741
vt 0.552834 0.226840
vt 0.875876 0.295110
vt 0.875884 0.250047
vt 0.878197 0.250051
vt 0.878197 0.295375
vt 0.054598 0.727495
vt 0.086738 0.718078
vt 0.086738 0.740557
vt 0.053914 0.738294
vt 0.699173 0.528332
vt 0.722920 0.522536
vt 0.722920 0.555212
vt 0.699630 0.553212
vt 0.562989 0.686861
vt 0.562984 0.635881
vt 0.565284 0.635936
vt 0.565284 0.687289
vt 0.711806 0.498440
vt 0.743249 0.493798
vt 0.743249 0.514237
vt 0.712105 0.512885
vt 0.840173 0.557265
vt 0.842442 0.557034
vt 0.842442 0.611121
vt 0.840139 0.611027
vt 0.954522 0.700505
vt 0.952208 0.700654
vt 0.952211 0.672977
vt 0.954522 0.672935
vt 0.961585 0.334277
vt 0.963907 0.334107
vt 0.963907 0.360225
vt 0.961582 0.360269
vt 0.247012 0.006336
vt 0.282463 0.003875
vt 0.282463 0.055375
vt 0.246874 0.057330
vt 0.841527 0.784688
vt 0.843829 0.784407
vt 0.843829 0.837832
vt 0.841491 0.837781
vt 0.695167 0.373766
vt 0.714317 0.362789
vt 0.714317 0.410895
vt 0.705069 0.411214
vt 0.787104 0.761123
vt 0.787104 0.785479
vt 0.764544 0.776285
vt 0.763764 0.761578
vt 0.227033 0.396274
vt 0.176280 0.392296
vt 0.178227 0.375370
vt 0.227033 0.361480
vt 0.940505 0.509118
vt 0.942731 0.508542
vt 0.942731 0.539685
vt 0.940474 0.539309
vt 0.274684 0.735668
vt 0.240986 0.734101
vt 0.242234 0.722800
vt 0.274684 0.712938
vt 0.596317 0.276527
vt 0.603838 0.242428
vt 0.626669 0.241138
vt 0.626669 0.288271
vt 0.588567 0.289273
vt 0.556860 0.286844
vt 0.573172 0.241664
vt 0.588567 0.241138
vt 0.540311 0.040036
vt 0.548201 0.004467
vt 0.571920 0.003875
vt 0.571920 0.053535
vt 0.470510 0.228332
vt 0.436592 0.225550
vt 0.454121 0.178625
vt 0.470510 0.178193
vt 0.296610 0.774300
vt 0.281953 0.773242
vt 0.277055 0.750663
vt 0.296610 0.743418
vt 0.095122 0.740275
vt 0.101831 0.715473
vt 0.107900 0.715489
vt 0.107900 0.746676
vt 0.971720 0.334806
vt 0.973904 0.334107
vt 0.973904 0.358545
vt 0.971656 0.358667
vt 0.315789 0.337247
vt 0.263880 0.335405
vt 0.265596 0.317846
vt 0.315789 0.301673
vt 0.163319 0.566676
vt 0.115941 0.566529
vt 0.116812 0.550676
vt 0.163319 0.534011
vt 0.751744 0.522536
vt 0.751744 0.555668
vt 0.730670 0.547044
vt 0.735833 0.523278
vt 0.922544 0.149254
vt 0.922395 0.115633
vt 0.924712 0.115756
vt 0.924712 0.150127
vt 0.229669 0.170444
vt 0.176280 0.166192
vt 0.178280 0.148527
vt 0.229669 0.134039
vt 0.380358 0.178193
vt 0.380358 0.230449
vt 0.346585 0.216704
vt 0.355011 0.179087
vt 0.910445 0.544523
vt 0.910391 0.508542
vt 0.912689 0.508678
vt 0.912689 0.545145
vt 0.525761 0.666347
vt 0.525761 0.713843
vt 0.507006 0.703313
vt 0.516886 0.665979
vt 0.591567 0.227063
vt 0.568407 0.226468
vt 0.560583 0.191248
vt 0.591567 0.178193
vt 0.799121 0.689066
vt 0.799121 0.716330
vt 0.782191 0.690976
vt 0.854609 0.003875
vt 0.854609 0.031531
vt 0.845236 0.007080
vt 0.843568 0.359297
vt 0.853616 0.359179
vt 0.853616 0.385365
vt 0.797033 0.306469
vt 0.781977 0.283741
vt 0.797033 0.275785
vt 0.107900 0.679420
vt 0.107900 0.707723
vt 0.089771 0.680081
vt 0.060548 0.049669
vt 0.060548 0.081143
vt 0.050524 0.053446
vt 0.415298 0.767427
vt 0.426200 0.766872
vt 0.426200 0.796327
vt 0.768546 0.006112
vt 0.796761 0.003875
vt 0.796761 0.022235
vt 0.788244 0.440642
vt 0.803271 0.418964
vt 0.803271 0.448914
vt 0.835090 0.236655
vt 0.835090 0.265720
vt 0.825676 0.239810
vt 0.828012 0.275838
vt 0.838066 0.275785
vt 0.838066 0.303353
vt 0.802359 0.514237
vt 0.787447 0.492479
vt 0.802359 0.484029
vt 0.806928 0.476027
vt 0.780342 0.472885
vt 0.806928 0.458723
vt 0.600328 0.846917
vt 0.573438 0.838729
vt 0.600328 0.836950
vt 0.837486 0.032886
vt 0.828138 0.029150
vt 0.837486 0.003875
vt 0.695331 0.221573
vt 0.722007 0.219317
vt 0.722007 0.236310
vt 0.167361 0.679110
vt 0.167361 0.713206
vt 0.150267 0.711428
vt 0.825086 0.518441
vt 0.825086 0.548322
vt 0.815310 0.522175
vt 0.732719 0.279342
vt 0.732719 0.290027
vt 0.704843 0.288550
vt 0.527100 0.522536
vt 0.527100 0.550995
vt 0.471854 0.546008
vt 0.830251 0.171607
vt 0.805982 0.170916
vt 0.830251 0.156357
vt 0.874907 0.518441
vt 0.874907 0.544412
vt 0.866488 0.521749
vt 0.200411 0.853520
vt 0.200411 0.862773
vt 0.176280 0.861295
vt 0.801493 0.623995
vt 0.825674 0.621815
vt 0.825674 0.637335
vt 0.618366 0.787348
vt 0.633756 0.764831
vt 0.633756 0.795973
vt 0.831763 0.793228
vt 0.831763 0.823286
vt 0.822134 0.796723
vt 0.334115 0.822550
vt 0.334115 0.832958
vt 0.305878 0.831928
vt 0.794076 0.353565
vt 0.778448 0.331212
vt 0.794076 0.322741
vt 0.814385 0.793228
vt 0.814385 0.818373
vt 0.798019 0.794840
vt 0.332376 0.850240
vt 0.305878 0.841044
vt 0.332376 0.840707
vt 0.266249 0.840452
vt 0.266249 0.850126
vt 0.239755 0.849588
vt 0.791339 0.395069
vt 0.816363 0.392605
vt 0.816363 0.409155
vt 0.231952 0.779040
vt 0.231952 0.805353
vt 0.215393 0.781269
vt 0.424512 0.839120
vt 0.424512 0.866351
vt 0.415298 0.842057
vt 0.858739 0.546279
vt 0.849648 0.542781
vt 0.858739 0.518441
vt 0.807561 0.522009
vt 0.807561 0.548322
vt 0.791110 0.546973
vt 0.277055 0.804047
vt 0.291255 0.782050
vt 0.291255 0.811511
vt 0.667735 0.847643
vt 0.667735 0.873747
vt 0.658946 0.850923
vt 0.685724 0.848817
vt 0.695298 0.848466
vt 0.695298 0.872923
vt 0.816334 0.115633
vt 0.816334 0.141816
vt 0.800188 0.139923
vt 0.801667 0.062566
vt 0.773162 0.059290
vt 0.801667 0.044789
vt 0.824084 0.142498
vt 0.834412 0.115633
vt 0.834412 0.142927
vt 0.415298 0.804153
vt 0.425790 0.804077
vt 0.425790 0.831371
vt 0.769680 0.159185
vt 0.798232 0.156357
vt 0.798232 0.174118
vt 0.858986 0.073483
vt 0.858986 0.094876
vt 0.846075 0.076626
vt 0.157997 0.876563
vt 0.166618 0.852647
vt 0.166618 0.877183
vt 0.168379 0.505856
vt 0.156842 0.498573
vt 0.168379 0.476919
vt 0.233236 0.702771
vt 0.217742 0.688019
vt 0.233236 0.668790
vt 0.616421 0.692298
vt 0.632125 0.662033
vt 0.632125 0.698881
vt 0.752162 0.638271
vt 0.735362 0.635414
vt 0.752162 0.627245
vt 0.961126 0.447014
vt 0.967488 0.431350
vt 0.967488 0.447309
vt 0.722454 0.172610
vt 0.716620 0.170161
vt 0.722454 0.155307
vt 0.098117 0.914792
vt 0.089649 0.900004
vt 0.098117 0.895089
vt 0.961582 0.383846
vt 0.967907 0.368019
vt 0.967907 0.383878
vt 0.861366 0.310651
vt 0.867805 0.310498
vt 0.867805 0.326358
vt 0.187620 0.870523
vt 0.187620 0.888671
vt 0.176280 0.871343
vt 0.739259 0.409274
vt 0.722066 0.402693
vt 0.739259 0.402652
vt 0.085479 0.447599
vt 0.085479 0.454358
vt 0.068298 0.453713
vt 0.886143 0.323250
vt 0.875876 0.308285
vt 0.886143 0.303124
vt 0.296070 0.487548
vt 0.296070 0.516675
vt 0.240986 0.494086
vt 0.788956 0.653896
vt 0.803654 0.646632
vt 0.803654 0.676202
vt 0.858932 0.687459
vt 0.868458 0.687042
vt 0.868458 0.713041
vt 0.079909 0.851810
vt 0.053914 0.842518
vt 0.079909 0.842135
vt 0.433949 0.808463
vt 0.460503 0.794995
vt 0.460503 0.811372
vt 0.792439 0.143535
vt 0.774846 0.142764
vt 0.792439 0.115633
vt 0.123742 0.145335
vt 0.114011 0.141811
vt 0.123742 0.114198
vt 0.157997 0.807294
vt 0.168531 0.778600
vt 0.168531 0.807877
vt 0.703980 0.352153
vt 0.731776 0.336749
vt 0.731776 0.354578
vt 0.791921 0.731787
vt 0.806507 0.724083
vt 0.806507 0.753092
vt 0.286173 0.847990
vt 0.277055 0.845090
vt 0.286173 0.819260
vt 0.841491 0.714356
vt 0.851183 0.687042
vt 0.851183 0.714434
vt 0.817926 0.265720
vt 0.801529 0.241471
vt 0.817926 0.239900
vt 0.814303 0.362789
vt 0.814303 0.379442
vt 0.788304 0.366157
vt 0.460645 0.837675
vt 0.460645 0.847279
vt 0.433949 0.845310
vt 0.852617 0.322741
vt 0.852617 0.351430
vt 0.843568 0.326237
vt 0.814845 0.232143
vt 0.798582 0.207475
vt 0.814845 0.205927
vt 0.740896 0.288518
vt 0.774227 0.275785
vt 0.774227 0.292304
vt 0.522913 0.831411
vt 0.513432 0.827946
vt 0.522913 0.801890
vt 0.303819 0.455372
vt 0.314111 0.428233
vt 0.314111 0.455960
vt 0.360555 0.573047
vt 0.305878 0.550529
vt 0.360555 0.545254
vt 0.830741 0.689066
vt 0.830741 0.703794
vt 0.806870 0.689951
vt 0.754107 0.876540
vt 0.745981 0.873496
vt 0.754107 0.850922
vt 0.457889 0.863911
vt 0.433949 0.856617
vt 0.457889 0.855028
vt 0.821468 0.102755
vt 0.806544 0.080355
vt 0.821468 0.078868
vt 0.805163 0.611980
vt 0.788263 0.610287
vt 0.805163 0.585270
vt 0.825864 0.182340
vt 0.835749 0.182296
vt 0.835749 0.210377
vt 0.753623 0.843173
vt 0.725565 0.834267
vt 0.753623 0.833127
vt 0.763764 0.807033
vt 0.790269 0.793228
vt 0.790269 0.810335
vt 0.298123 0.735668
vt 0.282434 0.733928
vt 0.298123 0.711089
vt 0.392167 0.842972
vt 0.401342 0.842799
vt 0.401342 0.869125
vt 0.375104 0.868906
vt 0.384417 0.842799
vt 0.384417 0.869125
vt 0.796009 0.569270
vt 0.820442 0.556071
vt 0.820442 0.571948
vt 0.820388 0.029607
vt 0.804510 0.027265
vt 0.820388 0.003875
vt 0.841491 0.846147
vt 0.850784 0.845581
vt 0.850784 0.871392
vt 0.522225 0.839160
vt 0.522225 0.866688
vt 0.513432 0.842421
vt 0.815848 0.322741
vt 0.815848 0.351681
vt 0.801825 0.344317
vt 0.818115 0.182296
vt 0.818115 0.197700
vt 0.792612 0.184881
vt 0.597706 0.854666
vt 0.597706 0.863675
vt 0.573438 0.863251
vt 0.033343 0.849500
vt 0.033343 0.875109
vt 0.024627 0.852456
vt 0.820263 0.301419
vt 0.804782 0.277769
vt 0.820263 0.275785
vt 0.798794 0.107004
vt 0.781797 0.104859
vt 0.798794 0.078868
vt 0.203359 0.835804
vt 0.203359 0.845771
vt 0.176280 0.844453
vt 0.703966 0.513906
vt 0.676857 0.504052
vt 0.703966 0.503788
vt 0.793780 0.268036
vt 0.776774 0.241752
vt 0.793780 0.239900
vt 0.749964 0.223451
vt 0.749964 0.236310
vt 0.729756 0.228740
vt 0.620254 0.880889
vt 0.612057 0.878673
vt 0.620254 0.855682
vt 0.633625 0.588309
vt 0.633625 0.617021
vt 0.622216 0.595443
vt 0.168531 0.737746
vt 0.168531 0.770850
vt 0.153317 0.752059
vt 0.231952 0.771291
vt 0.215655 0.769785
vt 0.231952 0.737746
vt 0.078696 0.911674
vt 0.068294 0.909736
vt 0.078696 0.895114
vt 0.969939 0.172607
vt 0.964186 0.170721
vt 0.969939 0.156015
vt 0.969216 0.594386
vt 0.969216 0.611378
vt 0.963645 0.596602
vt 0.384445 0.918196
vt 0.375104 0.901713
vt 0.384445 0.901636
vt 0.068294 0.961593
vt 0.074250 0.961507
vt 0.074250 0.977190
vt 0.966883 0.052049
vt 0.972949 0.036541
vt 0.972949 0.052224
vt 0.251311 0.468171
vt 0.251311 0.478880
vt 0.233834 0.469743
vt 0.785570 0.029985
vt 0.785570 0.036249
vt 0.768546 0.036071
vt 0.955907 0.240567
vt 0.962299 0.223817
vt 0.962299 0.240842
vt 0.405149 0.894423
vt 0.394455 0.878535
vt 0.405149 0.876875
vt 0.230791 0.557082
vt 0.176280 0.550306
vt 0.230791 0.528632
vt 0.922067 0.707246
vt 0.922049 0.672978
vt 0.924362 0.672935
vt 0.924362 0.707545
vt 0.911955 0.872529
vt 0.911811 0.837048
vt 0.914101 0.837158
vt 0.914101 0.873405
vt 0.873604 0.182792
vt 0.875864 0.182296
vt 0.875864 0.229492
vt 0.873601 0.229506
vt 0.237567 0.119187
vt 0.272099 0.115633
vt 0.272099 0.167473
vt 0.237419 0.170444
vt 0.970344 0.581161
vt 0.970328 0.557034
vt 0.972616 0.557155
vt 0.972616 0.581619
vt 0.295122 0.596358
vt 0.295100 0.565338
vt 0.297439 0.565314
vt 0.297439 0.596765
vt 0.223126 0.564831
vt 0.223126 0.597167
vt 0.177007 0.592609
vt 0.176280 0.570575
vt 0.299400 0.293924
vt 0.263880 0.290968
vt 0.282272 0.241539
vt 0.299400 0.241138
vt 0.986203 0.091107
vt 0.988505 0.090889
vt 0.988505 0.107865
vt 0.986211 0.107759
vt 0.921896 0.915257
vt 0.921862 0.881157
vt 0.924168 0.881154
vt 0.924168 0.915794
vt 0.730217 0.591664
vt 0.752339 0.585270
vt 0.752339 0.616815
vt 0.729589 0.616760
vt 0.534849 0.559892
vt 0.542487 0.523455
vt 0.565689 0.522536
vt 0.565689 0.573315
vt 0.954228 0.881154
vt 0.954228 0.909935
vt 0.951998 0.909628
vt 0.952004 0.881202
vt 0.576054 0.513487
vt 0.528004 0.510624
vt 0.529189 0.495062
vt 0.576054 0.481328
vt 0.003875 0.372889
vt 0.038692 0.363597
vt 0.038692 0.413659
vt 0.004555 0.411091
vt 0.942506 0.145692
vt 0.942504 0.115633
vt 0.944702 0.115896
vt 0.944702 0.145624
vt 0.745360 0.046758
vt 0.765413 0.044789
vt 0.765413 0.075486
vt 0.743912 0.074900
vt 0.458498 0.044322
vt 0.459127 0.006491
vt 0.492528 0.003875
vt 0.492528 0.053204
vt 0.942618 0.557034
vt 0.942618 0.588508
vt 0.940427 0.588248
vt 0.940429 0.557111
vt 0.576866 0.310364
vt 0.609757 0.301673
vt 0.609757 0.347041
vt 0.577488 0.344969
vt 0.858341 0.445627
vt 0.858310 0.394478
vt 0.860575 0.394522
vt 0.860575 0.446209
vt 0.902301 0.152435
vt 0.902287 0.115738
vt 0.904587 0.115633
vt 0.904587 0.152695
vt 0.850199 0.557568
vt 0.852450 0.557034
vt 0.852450 0.609935
vt 0.850192 0.609977
vt 0.393109 0.243534
vt 0.426956 0.241138
vt 0.426956 0.290154
vt 0.392977 0.292051
vt 0.962578 0.557034
vt 0.962578 0.584265
vt 0.960330 0.583978
vt 0.960332 0.557077
vt 0.500277 0.040709
vt 0.508316 0.004742
vt 0.532561 0.003875
vt 0.532561 0.053855
vt 0.851585 0.836246
vt 0.851578 0.784407
vt 0.853873 0.784432
vt 0.853873 0.836654
vt 0.860645 0.455401
vt 0.862951 0.455058
vt 0.862951 0.506253
vt 0.860664 0.505946
vt 0.833568 0.323251
vt 0.835819 0.322741
vt 0.835819 0.377239
vt 0.833564 0.377255
vt 0.929227 0.003875
vt 0.929227 0.037720
vt 0.926961 0.037537
vt 0.926999 0.004045
vt 0.867919 0.622784
vt 0.867919 0.671800
vt 0.865603 0.671801
vt 0.865607 0.622401
vt 0.914113 0.953764
vt 0.911871 0.953817
vt 0.911868 0.925105
vt 0.914113 0.924827
vt 0.901424 0.371384
vt 0.901409 0.334172
vt 0.903716 0.334107
vt 0.903716 0.371697
vt 0.115954 0.926007
vt 0.118272 0.925704
vt 0.118272 0.953807
vt 0.115941 0.953884
vt 0.883651 0.378795
vt 0.881432 0.378984
vt 0.881434 0.334176
vt 0.883651 0.334107
vt 0.883974 0.881234
vt 0.881731 0.881425
vt 0.881732 0.837123
vt 0.883974 0.837048
vt 0.665450 0.917004
vt 0.665435 0.881518
vt 0.667735 0.881496
vt 0.667735 0.917353
vt 0.108171 0.937390
vt 0.105874 0.937566
vt 0.105866 0.905665
vt 0.108171 0.905751
vt 0.972019 0.942133
vt 0.972022 0.919026
vt 0.974338 0.919104
vt 0.974338 0.942481
vt 0.885947 0.250239
vt 0.888172 0.250047
vt 0.888172 0.292461
vt 0.885948 0.292535
vt 0.306427 0.627588
vt 0.305878 0.617675
vt 0.360742 0.614029
vt 0.360742 0.638280
vt 0.966048 0.250383
vt 0.968356 0.250047
vt 0.968356 0.274915
vt 0.966051 0.274744
vt 0.003875 0.469992
vt 0.054157 0.462948
vt 0.054157 0.496152
vt 0.004613 0.492754
vt 0.105429 0.501539
vt 0.062894 0.499751
vt 0.061906 0.473241
vt 0.105429 0.462948
vt 0.987174 0.453950
vt 0.987174 0.470994
vt 0.984874 0.470736
vt 0.984879 0.454040
vt 0.951627 0.362709
vt 0.951605 0.334443
vt 0.953833 0.334107
vt 0.953833 0.363273
vt 0.884699 0.102785
vt 0.882485 0.102964
vt 0.882487 0.060082
vt 0.884699 0.060010
vt 0.614466 0.588309
vt 0.614466 0.622650
vt 0.574346 0.604265
vt 0.573438 0.591438
vt 0.225488 0.480659
vt 0.176280 0.477007
vt 0.177958 0.460383
vt 0.225488 0.446429
vt 0.368125 0.242263
vt 0.385228 0.241138
vt 0.385228 0.291901
vt 0.350697 0.291638
vt 0.399312 0.470568
vt 0.381974 0.421509
vt 0.415756 0.421530
vt 0.415756 0.471522
vt 0.970164 0.240140
vt 0.970049 0.216120
vt 0.972316 0.216143
vt 0.972316 0.240842
vt 0.966938 0.004494
vt 0.969115 0.003875
vt 0.969115 0.028714
vt 0.966883 0.028791
vt 0.739126 0.083235
vt 0.739126 0.106439
vt 0.714120 0.105169
vt 0.708026 0.083433
vt 0.407899 0.056403
vt 0.383044 0.054801
vt 0.374755 0.016539
vt 0.407899 0.003875
vt 0.142518 0.679110
vt 0.142518 0.714676
vt 0.117758 0.707371
vt 0.115941 0.679638
vt 0.165599 0.310526
vt 0.140195 0.309037
vt 0.131703 0.268778
vt 0.165599 0.256129
vt 0.757318 0.116126
vt 0.767097 0.115633
vt 0.767097 0.147766
vt 0.747319 0.147402
vt 0.176375 0.291362
vt 0.176280 0.240214
vt 0.211032 0.243470
vt 0.211032 0.294823
vt 0.870706 0.503471
vt 0.870700 0.455058
vt 0.873007 0.455102
vt 0.873007 0.503892
vt 0.460523 0.531242
vt 0.460523 0.572348
vt 0.425670 0.570910
vt 0.423870 0.529855
vt 0.060548 0.003875
vt 0.060548 0.041919
vt 0.005525 0.037562
vt 0.003875 0.011601
vt 0.935855 0.622692
vt 0.938128 0.622401
vt 0.938128 0.654266
vt 0.935828 0.654157
vt 0.982044 0.722838
vt 0.984207 0.722183
vt 0.984207 0.744539
vt 0.981978 0.744418
vt 0.835652 0.620746
vt 0.837810 0.620203
vt 0.837810 0.638883
vt 0.835617 0.638691
vt 0.358025 0.668697
vt 0.305878 0.665681
vt 0.306365 0.656517
vt 0.358025 0.646030
vt 0.032698 0.694645
vt 0.032698 0.722608
vt 0.014572 0.721859
vt 0.003875 0.694968
vt 0.686655 0.654783
vt 0.712306 0.646632
vt 0.712306 0.683157
vt 0.685724 0.683218
vt 0.825674 0.044789
vt 0.825674 0.065727
vt 0.810476 0.061548
vt 0.809416 0.045216
vt 0.468816 0.291130
vt 0.434705 0.289734
vt 0.452339 0.241924
vt 0.468816 0.241138
vt 0.913738 0.218281
vt 0.913734 0.182601
vt 0.915910 0.182296
vt 0.915910 0.218856
vt 0.689468 0.153642
vt 0.699669 0.115633
vt 0.708871 0.115772
vt 0.708871 0.163793
vt 0.911977 0.785401
vt 0.914089 0.784407
vt 0.914089 0.820634
vt 0.911784 0.820759
vt 0.176535 0.180531
vt 0.211788 0.178193
vt 0.211788 0.230417
vt 0.176280 0.232465
vt 0.895945 0.221649
vt 0.893702 0.221836
vt 0.893703 0.182365
vt 0.895945 0.182296
vt 0.921562 0.334371
vt 0.923852 0.334107
vt 0.923852 0.369025
vt 0.921534 0.368914
vt 0.891749 0.837268
vt 0.893997 0.837048
vt 0.893997 0.876775
vt 0.891724 0.876642
vt 0.985435 0.837048
vt 0.987715 0.836704
vt 0.987715 0.852984
vt 0.985467 0.852810
vt 0.963656 0.182553
vt 0.965867 0.182296
vt 0.965867 0.207648
vt 0.963665 0.207579
vt 0.132495 0.071455
vt 0.168457 0.069135
vt 0.168457 0.123309
vt 0.132246 0.126289
vt 0.855556 0.622689
vt 0.857853 0.622401
vt 0.857853 0.673984
vt 0.855521 0.673943
vt 0.954314 0.947328
vt 0.952043 0.947087
vt 0.952050 0.919493
vt 0.954314 0.919026
vt 0.533263 0.732775
vt 0.562049 0.732061
vt 0.562049 0.754104
vt 0.530972 0.753318
vt 0.356672 0.456500
vt 0.331897 0.455614
vt 0.323538 0.418367
vt 0.356672 0.405069
vt 0.983433 0.955720
vt 0.985569 0.955077
vt 0.985569 0.975786
vt 0.983405 0.975442
vt 0.661288 0.159154
vt 0.672027 0.115747
vt 0.681719 0.115633
vt 0.681719 0.170034
vt 0.941948 0.752084
vt 0.941927 0.722537
vt 0.944191 0.722183
vt 0.944191 0.752660
vt 0.972402 0.695874
vt 0.972287 0.672935
vt 0.974530 0.672975
vt 0.974530 0.696599
vt 0.116082 0.917071
vt 0.115941 0.882138
vt 0.118219 0.882266
vt 0.118219 0.917954
vt 0.642707 0.628149
vt 0.653899 0.585403
vt 0.664017 0.585270
vt 0.664017 0.638883
vt 0.670770 0.253445
vt 0.697094 0.244267
vt 0.697094 0.281769
vt 0.670148 0.282262
vt 0.671766 0.626777
vt 0.682100 0.585270
vt 0.691416 0.585301
vt 0.691416 0.637535
vt 0.038059 0.627114
vt 0.012152 0.627000
vt 0.003875 0.596643
vt 0.038059 0.585414
vt 0.951963 0.750341
vt 0.951940 0.722571
vt 0.954202 0.722183
vt 0.954202 0.750900
vt 0.920526 0.557955
vt 0.922647 0.557034
vt 0.922647 0.592397
vt 0.920351 0.592535
vt 0.923601 0.395402
vt 0.925748 0.394478
vt 0.925748 0.428653
vt 0.923438 0.428788
vt 0.919211 0.038589
vt 0.917098 0.039531
vt 0.916923 0.004041
vt 0.919211 0.003875
vt 0.032423 0.641190
vt 0.045403 0.634863
vt 0.045403 0.666697
vt 0.039081 0.666446
vt 0.905984 0.218333
vt 0.903875 0.219275
vt 0.903695 0.182444
vt 0.905984 0.182296
vt 0.961653 0.293734
vt 0.963820 0.293106
vt 0.963820 0.319287
vt 0.961597 0.319364
vt 0.676492 0.342822
vt 0.686856 0.301931
vt 0.696231 0.301673
vt 0.696231 0.352759
vt 0.628033 0.933762
vt 0.630322 0.933447
vt 0.630322 0.960672
vt 0.628003 0.960676
vt 0.662399 0.244267
vt 0.662399 0.292259
vt 0.648790 0.291288
vt 0.638067 0.252452
vt 0.132455 0.186590
vt 0.132246 0.134039
vt 0.168531 0.136148
vt 0.168531 0.188645
vt 0.407963 0.718311
vt 0.407963 0.740268
vt 0.376171 0.730650
vt 0.375104 0.719994
vt 0.166030 0.469169
vt 0.115941 0.466931
vt 0.117196 0.450603
vt 0.166030 0.435571
vt 0.428843 0.220230
vt 0.388108 0.220990
vt 0.404193 0.179688
vt 0.428843 0.178193
vt 0.157865 0.609308
vt 0.115941 0.606231
vt 0.117049 0.592989
vt 0.157865 0.574426
vt 0.941680 0.323224
vt 0.941659 0.293450
vt 0.943908 0.293106
vt 0.943908 0.323790
vt 0.448093 0.310998
vt 0.489273 0.301673
vt 0.489273 0.342780
vt 0.450685 0.342343
vt 0.263499 0.353013
vt 0.315789 0.344996
vt 0.315789 0.379230
vt 0.264298 0.376459
vt 0.261893 0.228256
vt 0.261819 0.178193
vt 0.297094 0.181424
vt 0.297094 0.231648
vt 0.900344 0.546477
vt 0.900330 0.508642
vt 0.902642 0.508542
vt 0.902642 0.546749
vt 0.946948 0.004131
vt 0.949177 0.003875
vt 0.949177 0.033044
vt 0.946954 0.032976
vt 0.240986 0.531744
vt 0.288815 0.524425
vt 0.288815 0.557565
vt 0.241791 0.554367
vt 0.347032 0.783066
vt 0.346900 0.759960
vt 0.366818 0.759158
vt 0.366818 0.787337
vt 0.106019 0.592896
vt 0.105985 0.534011
vt 0.108192 0.534043
vt 0.108192 0.593495
vt 0.970689 0.509467
vt 0.972784 0.508542
vt 0.972784 0.532987
vt 0.970485 0.533037
vt 0.439053 0.629936
vt 0.450806 0.584207
vt 0.461350 0.584551
vt 0.461350 0.642575
vt 0.753608 0.418964
vt 0.753608 0.449320
vt 0.732259 0.443493
vt 0.730858 0.419178
vt 0.508188 0.293499
vt 0.484508 0.292641
vt 0.476566 0.254834
vt 0.508188 0.241138
vt 0.528968 0.352418
vt 0.505084 0.352266
vt 0.497023 0.315810
vt 0.528968 0.301673
vt 0.906011 0.250724
vt 0.908239 0.250047
vt 0.908239 0.286726
vt 0.905940 0.286861
vt 0.922042 0.723180
vt 0.924146 0.722183
vt 0.924146 0.756836
vt 0.921850 0.756967
vt 0.553294 0.349500
vt 0.536718 0.302243
vt 0.569116 0.301673
vt 0.569116 0.350222
vt 0.333830 0.104174
vt 0.281098 0.101780
vt 0.282377 0.084721
vt 0.333830 0.069135
vt 0.865841 0.250491
vt 0.868126 0.250047
vt 0.868126 0.299583
vt 0.865862 0.299357
vt 0.932649 0.060336
vt 0.934944 0.060010
vt 0.934944 0.092584
vt 0.932645 0.092444
vt 0.521967 0.123881
vt 0.555625 0.115633
vt 0.555625 0.162644
vt 0.522613 0.159732
vt 0.880222 0.557591
vt 0.882508 0.557034
vt 0.882508 0.601757
vt 0.880197 0.601770
vt 0.861553 0.722571
vt 0.863864 0.722183
vt 0.863864 0.772927
vt 0.861571 0.772663
vt 0.890939 0.455992
vt 0.893082 0.455058
vt 0.893082 0.495454
vt 0.890766 0.495554
vt 0.365202 0.970161
vt 0.365084 0.946239
vt 0.367354 0.946319
vt 0.367354 0.970953
vt 0.143766 0.936753
vt 0.143744 0.905447
vt 0.145972 0.905111
vt 0.145972 0.937332
vt 0.043909 0.679941
vt 0.046164 0.679420
vt 0.046164 0.736618
vt 0.043906 0.736660
vt 0.464001 0.366371
vt 0.496314 0.362789
vt 0.496314 0.411202
vt 0.463862 0.414241
vt 0.515937 0.279061
vt 0.516547 0.242369
vt 0.549111 0.241138
vt 0.549111 0.289008
vt 0.852186 0.167176
vt 0.852181 0.115675
vt 0.854506 0.115633
vt 0.854506 0.167513
vt 0.306943 0.469340
vt 0.356672 0.464250
vt 0.356672 0.496837
vt 0.305878 0.491469
vt 0.464104 0.424759
vt 0.464104 0.465906
vt 0.439959 0.464636
vt 0.423870 0.423694
vt 0.942717 0.089275
vt 0.942693 0.060335
vt 0.944907 0.060010
vt 0.944907 0.089908
vt 0.304983 0.181917
vt 0.338835 0.178193
vt 0.338835 0.229173
vt 0.304843 0.232342
vt 0.841495 0.722701
vt 0.843734 0.722183
vt 0.843734 0.776330
vt 0.841491 0.776373
vt 0.472292 0.645576
vt 0.471854 0.636944
vt 0.519591 0.632005
vt 0.519591 0.658229
vt 0.046441 0.371192
vt 0.060337 0.363597
vt 0.060337 0.397866
vt 0.053579 0.397933
vt 0.499257 0.703061
vt 0.471854 0.703203
vt 0.473360 0.674417
vt 0.499257 0.665979
vt 0.559946 0.401215
vt 0.560545 0.365733
vt 0.592810 0.362789
vt 0.592810 0.409067
vt 0.505197 0.423694
vt 0.505197 0.473579
vt 0.488874 0.472906
vt 0.471854 0.424562
vt 0.962003 0.809733
vt 0.961885 0.784407
vt 0.964143 0.784433
vt 0.964143 0.810447
vt 0.891698 0.761969
vt 0.891679 0.722239
vt 0.893987 0.722183
vt 0.893987 0.762265
vt 0.621969 0.060545
vt 0.644132 0.048091
vt 0.644132 0.103569
vt 0.633451 0.103857
vt 0.307149 0.283325
vt 0.307811 0.244212
vt 0.342947 0.241138
vt 0.342947 0.292133
vt 0.920637 0.509498
vt 0.922755 0.508542
vt 0.922755 0.543614
vt 0.920438 0.543705
vt 0.983460 0.413968
vt 0.983438 0.394817
vt 0.985602 0.394478
vt 0.985602 0.414603
vt 0.982659 0.060661
vt 0.984886 0.060010
vt 0.984886 0.080680
vt 0.982601 0.080810
vt 0.973520 0.395161
vt 0.975689 0.394478
vt 0.975689 0.417951
vt 0.973458 0.418053
vt 0.675484 0.897411
vt 0.677723 0.896888
vt 0.677723 0.930804
vt 0.675501 0.930626
vt 0.158871 0.055859
vt 0.158766 0.003875
vt 0.194208 0.006929
vt 0.194208 0.059152
vt 0.980670 0.499938
vt 0.980533 0.478800
vt 0.982806 0.478873
vt 0.982806 0.500793
vt 0.972074 0.722826
vt 0.974229 0.722183
vt 0.974229 0.745888
vt 0.972016 0.745973
vt 0.918020 0.623304
vt 0.918020 0.658369
vt 0.915747 0.658220
vt 0.915889 0.622401
vt 0.971597 0.293478
vt 0.973901 0.293106
vt 0.973901 0.317426
vt 0.971570 0.317441
vt 0.163890 0.671360
vt 0.115941 0.668738
vt 0.116420 0.659743
vt 0.163890 0.649068
vt 0.961977 0.881409
vt 0.964206 0.881154
vt 0.964206 0.907092
vt 0.961983 0.907017
vt 0.911958 0.916193
vt 0.911811 0.881154
vt 0.914113 0.881279
vt 0.914113 0.917077
vt 0.108192 0.755560
vt 0.108192 0.786747
vt 0.102235 0.786730
vt 0.093509 0.756172
vt 0.921986 0.818499
vt 0.921838 0.784407
vt 0.924136 0.784516
vt 0.924136 0.819374
vt 0.904770 0.060907
vt 0.904770 0.097086
vt 0.902502 0.096944
vt 0.902641 0.060010
vt 0.982038 0.752953
vt 0.984212 0.752288
vt 0.984212 0.774361
vt 0.981978 0.774461
vt 0.831440 0.776357
vt 0.831447 0.722183
vt 0.833741 0.722219
vt 0.833741 0.776658
vt 0.263499 0.465211
vt 0.271625 0.428387
vt 0.296070 0.428233
vt 0.296070 0.479798
vt 0.579670 0.092187
vt 0.587996 0.061430
vt 0.614220 0.061285
vt 0.614220 0.103857
vt 0.229006 0.636993
vt 0.229006 0.660213
vt 0.176830 0.649535
vt 0.176280 0.640018
vt 0.091996 0.807975
vt 0.107749 0.803510
vt 0.107749 0.824649
vt 0.091486 0.824485
vt 0.415648 0.012840
vt 0.450749 0.003875
vt 0.450749 0.053137
vt 0.416324 0.050425
vt 0.953847 0.293106
vt 0.953847 0.322172
vt 0.951657 0.321908
vt 0.951662 0.293179
vt 0.960475 0.534692
vt 0.960424 0.508562
vt 0.962735 0.508542
vt 0.962735 0.535070
vt 0.981770 0.356033
vt 0.981654 0.334107
vt 0.983920 0.334194
vt 0.983920 0.356831
vt 0.942012 0.881719
vt 0.944249 0.881154
vt 0.944249 0.911277
vt 0.941987 0.910916
vt 0.306515 0.593465
vt 0.305878 0.583019
vt 0.361313 0.580797
vt 0.361313 0.606280
vt 0.910435 0.592736
vt 0.910285 0.557034
vt 0.912602 0.557128
vt 0.912602 0.593592
vt 0.950481 0.508773
vt 0.952675 0.508542
vt 0.952675 0.537836
vt 0.950490 0.537756
vt 0.104764 0.671670
vt 0.053914 0.666773
vt 0.054407 0.657475
vt 0.104764 0.648503
vt 0.932031 0.816566
vt 0.931886 0.784407
vt 0.934183 0.784536
vt 0.934183 0.817454
vt 0.858091 0.250047
vt 0.858091 0.301659
vt 0.855798 0.301325
vt 0.855778 0.250367
vt 0.754852 0.713161
vt 0.759189 0.690416
vt 0.774441 0.689066
vt 0.774441 0.720239
vt 0.242058 0.569883
vt 0.287350 0.565314
vt 0.287350 0.596910
vt 0.240986 0.591207
vt 0.347694 0.812588
vt 0.346900 0.795420
vt 0.363781 0.795087
vt 0.363781 0.817006
vt 0.367006 0.003875
vt 0.367006 0.057914
vt 0.334010 0.043976
vt 0.342149 0.005091
vt 0.962609 0.085218
vt 0.962602 0.060010
vt 0.964844 0.060060
vt 0.964844 0.085482
vt 0.364406 0.903629
vt 0.364406 0.935174
vt 0.362089 0.935004
vt 0.362243 0.902731
vt 0.176280 0.513878
vt 0.177337 0.491824
vt 0.226087 0.488408
vt 0.226087 0.520882
vt 0.736163 0.075486
vt 0.708026 0.075109
vt 0.718564 0.048702
vt 0.736163 0.048091
vt 0.942159 0.956611
vt 0.944278 0.955716
vt 0.944278 0.978711
vt 0.941987 0.978778
vt 0.893659 0.374263
vt 0.891410 0.374506
vt 0.891400 0.334217
vt 0.893659 0.334107
vt 0.898536 0.431979
vt 0.898380 0.394478
vt 0.900709 0.394609
vt 0.900709 0.432839
vt 0.983728 0.201559
vt 0.983677 0.182318
vt 0.985952 0.182296
vt 0.985952 0.202078
vt 0.962271 0.673276
vt 0.964538 0.672935
vt 0.964538 0.698606
vt 0.962275 0.698631
vt 0.941655 0.334357
vt 0.943856 0.334107
vt 0.943856 0.364995
vt 0.941667 0.364924
vt 0.234932 0.362578
vt 0.255698 0.361480
vt 0.255698 0.393119
vt 0.234782 0.394097
vt 0.176280 0.711576
vt 0.209684 0.706620
vt 0.209684 0.729996
vt 0.176643 0.727555
vt 0.168531 0.248379
vt 0.132399 0.246854
vt 0.131703 0.207203
vt 0.168531 0.196394
vt 0.618849 0.016338
vt 0.665586 0.003875
vt 0.665586 0.029782
vt 0.618449 0.024821
vt 0.176660 0.776617
vt 0.207631 0.766758
vt 0.207631 0.785999
vt 0.176280 0.785951
vt 0.003875 0.447679
vt 0.005035 0.424801
vt 0.054058 0.421409
vt 0.054058 0.455198
vt 0.293957 0.819490
vt 0.296222 0.819260
vt 0.296222 0.868417
vt 0.293923 0.868326
vt 0.201958 0.046145
vt 0.202668 0.006421
vt 0.239124 0.003875
vt 0.239124 0.055809
vt 0.977016 0.025902
vt 0.976864 0.003875
vt 0.979194 0.003966
vt 0.979194 0.026737
vt 0.392307 0.104038
vt 0.341579 0.102127
vt 0.343210 0.085052
vt 0.392307 0.069135
vt 0.863565 0.182608
vt 0.865851 0.182296
vt 0.865851 0.232031
vt 0.863528 0.232010
vt 0.406745 0.576457
vt 0.383074 0.575597
vt 0.375104 0.540007
vt 0.406745 0.527317
vt 0.845591 0.675303
vt 0.845560 0.622401
vt 0.847771 0.622437
vt 0.847771 0.675904
vt 0.003875 0.775431
vt 0.004558 0.761488
vt 0.034981 0.760149
vt 0.034981 0.780083
vt 0.167802 0.617058
vt 0.167802 0.641318
vt 0.116540 0.631159
vt 0.115941 0.621271
vt 0.241546 0.651868
vt 0.240986 0.642214
vt 0.292414 0.637314
vt 0.292414 0.661041
vt 0.552197 0.396148
vt 0.504063 0.394496
vt 0.505603 0.378122
vt 0.552197 0.362789
vt 0.985986 0.663850
vt 0.985889 0.648560
vt 0.988200 0.648617
vt 0.988200 0.664600
vt 0.844432 0.168837
vt 0.842166 0.169314
vt 0.842161 0.115633
vt 0.844432 0.115651
vt 0.853589 0.233967
vt 0.853553 0.182296
vt 0.855779 0.182343
vt 0.855779 0.234602
vt 0.958299 0.250047
vt 0.958299 0.277664
vt 0.956037 0.277222
vt 0.956030 0.250305
vt 0.399382 0.352581
vt 0.365075 0.350775
vt 0.382367 0.302352
vt 0.399382 0.301673
vt 0.901026 0.456054
vt 0.903132 0.455058
vt 0.903132 0.492792
vt 0.900831 0.492919
vt 0.638019 0.406837
vt 0.649205 0.362789
vt 0.659249 0.362982
vt 0.659249 0.418654
vt 0.901765 0.722416
vt 0.904014 0.722183
vt 0.904014 0.759894
vt 0.901736 0.759752
vt 0.516290 0.721659
vt 0.522913 0.721593
vt 0.522913 0.755862
vt 0.507006 0.755031
vt 0.628159 0.924852
vt 0.628003 0.891498
vt 0.630334 0.891596
vt 0.630334 0.925698
vt 0.423870 0.401805
vt 0.431877 0.363647
vt 0.456113 0.362789
vt 0.456113 0.415945
vt 0.744412 0.394902
vt 0.722533 0.392677
vt 0.722066 0.368218
vt 0.744412 0.362789
vt 0.593596 0.165622
vt 0.570947 0.164702
vt 0.563374 0.128613
vt 0.593596 0.115633
vt 0.431387 0.168877
vt 0.407091 0.167652
vt 0.399016 0.129114
vt 0.431387 0.115633
vt 0.980594 0.509200
vt 0.982809 0.508542
vt 0.982809 0.531192
vt 0.980533 0.531299
vt 0.024674 0.686895
vt 0.014625 0.686773
vt 0.003875 0.645744
vt 0.024674 0.634863
vt 0.761625 0.736680
vt 0.784172 0.727988
vt 0.784172 0.753092
vt 0.760872 0.751659
vt 0.472459 0.613750
vt 0.471854 0.603431
vt 0.525885 0.598893
vt 0.525885 0.624256
vt 0.005046 0.207431
vt 0.057993 0.201820
vt 0.057993 0.237259
vt 0.003875 0.231423
vt 0.068298 0.124169
vt 0.106262 0.114198
vt 0.106262 0.166750
vt 0.069054 0.164244
vt 0.990471 0.557570
vt 0.992740 0.557034
vt 0.992740 0.571473
vt 0.990412 0.571459
vt 0.267936 0.668855
vt 0.267936 0.705189
vt 0.242470 0.696890
vt 0.240986 0.668790
vt 0.963545 0.395151
vt 0.965708 0.394478
vt 0.965708 0.419900
vt 0.963483 0.419998
vt 0.069453 0.309156
vt 0.121611 0.304543
vt 0.121611 0.338270
vt 0.068298 0.332066
vt 0.391267 0.115633
vt 0.391267 0.150441
vt 0.341694 0.134524
vt 0.340146 0.117610
vt 0.514218 0.164230
vt 0.480926 0.163052
vt 0.480265 0.125997
vt 0.514218 0.115633
vt 0.367354 0.711987
vt 0.352002 0.711245
vt 0.346900 0.687831
vt 0.367354 0.679653
vt 0.022353 0.245839
vt 0.040109 0.245009
vt 0.040109 0.296951
vt 0.003875 0.295966
vt 0.980122 0.216765
vt 0.982284 0.216120
vt 0.982284 0.239073
vt 0.980065 0.239167
vt 0.861371 0.334621
vt 0.863627 0.334107
vt 0.863627 0.385353
vt 0.861366 0.385365
vt 0.624780 0.423694
vt 0.624780 0.468465
vt 0.592681 0.460070
vt 0.593255 0.425807
vt 0.717815 0.749980
vt 0.686172 0.748652
vt 0.685724 0.733572
vt 0.717815 0.727988
vt 0.976165 0.250699
vt 0.978328 0.250047
vt 0.978328 0.273344
vt 0.976106 0.273426
vt 0.930529 0.541873
vt 0.930505 0.508769
vt 0.932725 0.508542
vt 0.932725 0.542522
vt 0.942212 0.673500
vt 0.944459 0.672935
vt 0.944459 0.702885
vt 0.942187 0.702509
vt 0.601345 0.217254
vt 0.608470 0.183742
vt 0.630318 0.182296
vt 0.630318 0.228639
vt 0.534849 0.676874
vt 0.545561 0.635958
vt 0.555235 0.635881
vt 0.555235 0.687291
vt 0.986078 0.250278
vt 0.988378 0.250047
vt 0.988378 0.268283
vt 0.986087 0.268206
vt 0.354665 0.504586
vt 0.354665 0.537505
vt 0.307379 0.524074
vt 0.305878 0.507887
vt 0.911929 0.962270
vt 0.914113 0.961566
vt 0.914113 0.984042
vt 0.911865 0.984168
vt 0.872347 0.163960
vt 0.872310 0.115633
vt 0.874535 0.115683
vt 0.874535 0.164592
vt 0.287133 0.942255
vt 0.287115 0.911557
vt 0.289398 0.911405
vt 0.289398 0.942492
vt 0.925943 0.623362
vt 0.928079 0.622401
vt 0.928079 0.656422
vt 0.925769 0.656540
vt 0.941956 0.785004
vt 0.944185 0.784407
vt 0.944185 0.814894
vt 0.941932 0.814573
vt 0.428430 0.616842
vt 0.428430 0.641287
vt 0.375679 0.632575
vt 0.375104 0.622625
vt 0.921089 0.489519
vt 0.920953 0.455058
vt 0.923226 0.455170
vt 0.923226 0.490378
vt 0.951055 0.483606
vt 0.951064 0.455272
vt 0.953377 0.455058
vt 0.953377 0.483882
vt 0.510443 0.081858
vt 0.509801 0.071164
vt 0.568388 0.069135
vt 0.568388 0.095151
vt 0.961161 0.481060
vt 0.961126 0.455244
vt 0.963456 0.455058
vt 0.963456 0.481398
vt 0.685496 0.447729
vt 0.638019 0.446348
vt 0.638503 0.437684
vt 0.685496 0.426404
vt 0.965833 0.646909
vt 0.965819 0.622401
vt 0.968117 0.622487
vt 0.968117 0.647371
vt 0.634957 0.568058
vt 0.613681 0.566616
vt 0.606620 0.533467
vt 0.634957 0.522536
vt 0.663535 0.577520
vt 0.653482 0.577363
vt 0.642707 0.533853
vt 0.663535 0.522536
vt 0.988603 0.430166
vt 0.990853 0.429530
vt 0.990853 0.445366
vt 0.988537 0.445461
vt 0.471854 0.583860
vt 0.472997 0.561964
vt 0.519191 0.558745
vt 0.519191 0.591144
vt 0.131703 0.417568
vt 0.132338 0.378925
vt 0.166030 0.377396
vt 0.166030 0.427822
vt 0.892278 0.115866
vt 0.894538 0.115633
vt 0.894538 0.155162
vt 0.892250 0.155016
vt 0.953706 0.182532
vt 0.955906 0.182296
vt 0.955906 0.210321
vt 0.953715 0.210252
vt 0.843498 0.182724
vt 0.845804 0.182296
vt 0.845804 0.235689
vt 0.843517 0.235464
vt 0.982575 0.116197
vt 0.984788 0.115633
vt 0.984788 0.136483
vt 0.982471 0.136440
vt 0.346900 0.743730
vt 0.351861 0.720803
vt 0.367083 0.719737
vt 0.367083 0.751408
vt 0.823635 0.378420
vt 0.823597 0.322741
vt 0.825815 0.322785
vt 0.825815 0.379060
vt 0.678070 0.487922
vt 0.676857 0.458820
vt 0.704057 0.458723
vt 0.704057 0.496038
vt 0.094923 0.509288
vt 0.094923 0.557004
vt 0.061906 0.548059
vt 0.062521 0.511454
vt 0.279848 0.142698
vt 0.281064 0.118807
vt 0.332397 0.115633
vt 0.332397 0.150904
vt 0.851483 0.774408
vt 0.851491 0.722183
vt 0.853804 0.722193
vt 0.853804 0.774690
vt 0.668743 0.325360
vt 0.617507 0.321130
vt 0.618037 0.311610
vt 0.668743 0.301673
vt 0.375701 0.596986
vt 0.375104 0.586760
vt 0.431303 0.584207
vt 0.431303 0.609093
vt 0.123310 0.420955
vt 0.116870 0.420924
vt 0.110129 0.396014
vt 0.123310 0.389191
vt 0.176289 0.120867
vt 0.176207 0.069135
vt 0.212555 0.071166
vt 0.212555 0.123045
vt 0.850604 0.455379
vt 0.852895 0.455058
vt 0.852895 0.507419
vt 0.850569 0.507412
vt 0.828339 0.449285
vt 0.828310 0.394478
vt 0.830515 0.394516
vt 0.830515 0.449872
vt 0.982192 0.902008
vt 0.982041 0.881154
vt 0.984378 0.881218
vt 0.984378 0.902812
vt 0.892015 0.712078
vt 0.892000 0.672960
vt 0.894304 0.672935
vt 0.894304 0.712428
vt 0.902069 0.709545
vt 0.902054 0.672935
vt 0.904372 0.672940
vt 0.904372 0.709921
vt 0.988181 0.622401
vt 0.988181 0.640811
vt 0.985889 0.640558
vt 0.985890 0.622480
vt 0.305878 0.732825
vt 0.306567 0.717550
vt 0.338809 0.715105
vt 0.338809 0.737744
vt 0.323538 0.370345
vt 0.374224 0.362789
vt 0.374224 0.397320
vt 0.324358 0.393948
vt 0.900307 0.557228
vt 0.902535 0.557034
vt 0.902535 0.595769
vt 0.900310 0.595847
vt 0.901781 0.784606
vt 0.904035 0.784407
vt 0.904035 0.821636
vt 0.901757 0.821482
vt 0.323538 0.341917
vt 0.331893 0.303282
vt 0.357326 0.301673
vt 0.357326 0.355040
vt 0.972714 0.082772
vt 0.972593 0.060010
vt 0.974851 0.060045
vt 0.974851 0.083504
vt 0.669107 0.506119
vt 0.644972 0.498348
vt 0.655683 0.459647
vt 0.669107 0.458723
vt 0.923686 0.182527
vt 0.925952 0.182296
vt 0.925952 0.216558
vt 0.923659 0.216420
vt 0.407227 0.350269
vt 0.407131 0.301673
vt 0.440344 0.304798
vt 0.440344 0.353588
vt 0.989237 0.003875
vt 0.989237 0.020781
vt 0.986947 0.020587
vt 0.986943 0.003995
vt 0.624029 0.174256
vt 0.613117 0.174547
vt 0.601345 0.128704
vt 0.624029 0.115633
vt 0.980513 0.557937
vt 0.982663 0.557034
vt 0.982663 0.579711
vt 0.980366 0.579821
vt 0.696109 0.438382
vt 0.695167 0.420046
vt 0.723109 0.418964
vt 0.723109 0.448471
vt 0.108192 0.640753
vt 0.053914 0.637110
vt 0.054398 0.627554
vt 0.108192 0.617058
vt 0.871376 0.334542
vt 0.873682 0.334107
vt 0.873682 0.382790
vt 0.871393 0.382577
vt 0.122082 0.262343
vt 0.122082 0.296794
vt 0.069125 0.292202
vt 0.068298 0.268593
vt 0.579774 0.049242
vt 0.579670 0.003875
vt 0.610700 0.005961
vt 0.610700 0.051284
vt 0.459069 0.097052
vt 0.460391 0.070956
vt 0.502052 0.069135
vt 0.502052 0.107264
vt 0.535026 0.583360
vt 0.565139 0.581064
vt 0.565139 0.626126
vt 0.534849 0.628131
vt 0.905731 0.622648
vt 0.907998 0.622401
vt 0.907998 0.659255
vt 0.905702 0.659119
vt 0.118884 0.381441
vt 0.068298 0.378718
vt 0.070088 0.361506
vt 0.118884 0.346019
vt 0.165794 0.575341
vt 0.167927 0.574426
vt 0.167927 0.609153
vt 0.165614 0.609272
vt 0.004788 0.145230
vt 0.003875 0.119835
vt 0.057926 0.112865
vt 0.057926 0.150157
vt 0.941064 0.485291
vt 0.941045 0.455407
vt 0.943306 0.455058
vt 0.943306 0.485883
vt 0.691424 0.574197
vt 0.681688 0.573895
vt 0.671285 0.532902
vt 0.691424 0.522536
vt 0.637222 0.506119
vt 0.583803 0.501562
vt 0.584339 0.491609
vt 0.637222 0.481328
vt 0.630270 0.409095
vt 0.608014 0.407815
vt 0.600559 0.374087
vt 0.630270 0.362789
vt 0.598871 0.522536
vt 0.598871 0.580560
vt 0.588524 0.580330
vt 0.573438 0.523410
vt 0.364429 0.405614
vt 0.366684 0.405069
vt 0.366684 0.465094
vt 0.364422 0.464745
vt 0.990434 0.590026
vt 0.992679 0.589368
vt 0.992679 0.604211
vt 0.990363 0.604318
vt 0.941958 0.866712
vt 0.941937 0.837440
vt 0.944206 0.837048
vt 0.944206 0.867256
vt 0.263499 0.412495
vt 0.264627 0.389761
vt 0.315295 0.386980
vt 0.315295 0.420483
vt 0.936976 0.004372
vt 0.939199 0.003875
vt 0.939199 0.035785
vt 0.936980 0.035609
vt 0.047859 0.270348
vt 0.054468 0.245211
vt 0.060461 0.245009
vt 0.060461 0.276188
vt 0.226084 0.404024
vt 0.226084 0.438679
vt 0.177894 0.423436
vt 0.176280 0.406861
vt 0.888388 0.394696
vt 0.890631 0.394478
vt 0.890631 0.435984
vt 0.888362 0.435841
vt 0.945730 0.394478
vt 0.945730 0.424359
vt 0.943531 0.424071
vt 0.943536 0.394550
vt 0.981674 0.315360
vt 0.981651 0.293230
vt 0.983984 0.293106
vt 0.983984 0.315681
vt 0.667541 0.193487
vt 0.687581 0.182296
vt 0.687581 0.235108
vt 0.677907 0.235097
vt 0.739233 0.030250
vt 0.739654 0.006126
vt 0.760797 0.003875
vt 0.760797 0.035393
vt 0.883714 0.182891
vt 0.885952 0.182296
vt 0.885952 0.224519
vt 0.883613 0.224504
vt 0.275782 0.670627
vt 0.297589 0.668790
vt 0.297589 0.701027
vt 0.275685 0.702552
vt 0.147723 0.785376
vt 0.147723 0.800688
vt 0.116153 0.793552
vt 0.115941 0.787187
vt 0.972414 0.115915
vt 0.974722 0.115633
vt 0.974722 0.138892
vt 0.972400 0.138942
vt 0.375104 0.510677
vt 0.377631 0.479760
vt 0.415756 0.479272
vt 0.415756 0.519567
vt 0.651881 0.058520
vt 0.672713 0.048091
vt 0.672713 0.101730
vt 0.662657 0.101256
vt 0.890316 0.548797
vt 0.890257 0.508549
vt 0.892581 0.508542
vt 0.892581 0.549284
vt 0.255447 0.460281
vt 0.245041 0.460422
vt 0.233834 0.416265
vt 0.255447 0.404024
vt 0.780495 0.449416
vt 0.765670 0.448079
vt 0.761358 0.425734
vt 0.780495 0.418964
vt 0.881852 0.890067
vt 0.883974 0.889174
vt 0.883974 0.924003
vt 0.881677 0.924123
vt 0.700531 0.040221
vt 0.673335 0.039747
vt 0.675275 0.011354
vt 0.700531 0.003875
vt 0.043835 0.809361
vt 0.046119 0.809101
vt 0.046119 0.860520
vt 0.043801 0.860456
vt 0.862362 0.053723
vt 0.862358 0.003875
vt 0.864658 0.003902
vt 0.864658 0.054126
vt 0.069565 0.179458
vt 0.121858 0.174500
vt 0.121858 0.211045
vt 0.068298 0.204134
vt 0.070279 0.073543
vt 0.124497 0.069135
vt 0.124497 0.106449
vt 0.068298 0.098792
vt 0.926041 0.250401
vt 0.928344 0.250047
vt 0.928344 0.283816
vt 0.926036 0.283697
vt 0.901908 0.873572
vt 0.901746 0.837048
vt 0.904061 0.837170
vt 0.904061 0.874486
vt 0.666998 0.405848
vt 0.677727 0.363217
vt 0.687418 0.362789
vt 0.687418 0.415826
vt 0.699215 0.617946
vt 0.699165 0.585270
vt 0.721839 0.586863
vt 0.721839 0.619495
vt 0.176280 0.753460
vt 0.177053 0.739102
vt 0.207906 0.737746
vt 0.207906 0.759008
vt 0.964270 0.919026
vt 0.964270 0.944997
vt 0.962063 0.944707
vt 0.962067 0.919089
vt 0.941987 0.919307
vt 0.944294 0.919026
vt 0.944294 0.947967
vt 0.941991 0.947739
vt 0.912517 0.116550
vt 0.914646 0.115633
vt 0.914646 0.151768
vt 0.912336 0.151880
vt 0.862290 0.115835
vt 0.864561 0.115633
vt 0.864561 0.166050
vt 0.862255 0.165916
vt 0.717462 0.787545
vt 0.717462 0.802804
vt 0.686047 0.795162
vt 0.685724 0.788845
vt 0.932468 0.148030
vt 0.932461 0.115793
vt 0.934755 0.115633
vt 0.934755 0.148265
vt 0.885634 0.622598
vt 0.887904 0.622401
vt 0.887904 0.664694
vt 0.885636 0.664783
vt 0.439247 0.118427
vt 0.472516 0.115633
vt 0.472516 0.163846
vt 0.439137 0.166143
vt 0.780514 0.614065
vt 0.760089 0.613303
vt 0.760191 0.589926
vt 0.780514 0.585270
vt 0.039843 0.905850
vt 0.042179 0.905651
vt 0.042179 0.937434
vt 0.039854 0.937302
vt 0.219664 0.304286
vt 0.254050 0.300620
vt 0.254050 0.350467
vt 0.219537 0.353615
vt 0.912129 0.673545
vt 0.914300 0.672935
vt 0.914300 0.709782
vt 0.912122 0.709491
vt 0.950395 0.557667
vt 0.952581 0.557034
vt 0.952581 0.586261
vt 0.950367 0.585937
vt 0.388597 0.228760
vt 0.402556 0.228740
vt 0.402556 0.231069
vt 0.388108 0.231039
vt 0.562097 0.804861
vt 0.530972 0.803034
vt 0.531129 0.796982
vt 0.562097 0.789976
vt 0.911056 0.455960
vt 0.913204 0.455058
vt 0.913204 0.491390
vt 0.910881 0.491496
vt 0.931745 0.325510
vt 0.931602 0.293106
vt 0.933909 0.293195
vt 0.933909 0.326358
vt 0.951934 0.784656
vt 0.954136 0.784407
vt 0.954136 0.813419
vt 0.951944 0.813345
vt 0.375648 0.661009
vt 0.375104 0.651644
vt 0.423669 0.649037
vt 0.423669 0.671904
vt 0.932285 0.673823
vt 0.934437 0.672935
vt 0.934437 0.705409
vt 0.932111 0.705504
vt 0.872411 0.004340
vt 0.874676 0.003875
vt 0.874676 0.052261
vt 0.872408 0.052235
vt 0.911923 0.757674
vt 0.911763 0.722183
vt 0.914101 0.722262
vt 0.914101 0.758510
vt 0.478259 0.218151
vt 0.478888 0.180944
vt 0.512566 0.178193
vt 0.512566 0.226711
vt 0.990130 0.230498
vt 0.990034 0.216120
vt 0.992335 0.216192
vt 0.992335 0.231279
vt 0.982232 0.919903
vt 0.984389 0.919026
vt 0.984389 0.940618
vt 0.982087 0.940698
vt 0.277230 0.912318
vt 0.279365 0.911405
vt 0.279365 0.942399
vt 0.277055 0.942518
vt 0.784862 0.182296
vt 0.784862 0.206204
vt 0.769626 0.205575
vt 0.759828 0.182718
vt 0.943749 0.182553
vt 0.945957 0.182296
vt 0.945957 0.212049
vt 0.943760 0.211991
vt 0.709096 0.029845
vt 0.708281 0.004072
vt 0.731484 0.003875
vt 0.731484 0.036148
vt 0.931776 0.334994
vt 0.933906 0.334107
vt 0.933906 0.367389
vt 0.931602 0.367505
vt 0.051219 0.545071
vt 0.051219 0.577665
vt 0.005242 0.562584
vt 0.003875 0.546857
vt 0.932066 0.912940
vt 0.931917 0.881154
vt 0.934237 0.881237
vt 0.934237 0.913782
vt 0.058461 0.157906
vt 0.058461 0.194071
vt 0.004712 0.188477
vt 0.003875 0.163792
vt 0.868325 0.394822
vt 0.870639 0.394478
vt 0.870639 0.443530
vt 0.868345 0.443211
vt 0.985412 0.803499
vt 0.985378 0.784553
vt 0.987575 0.784407
vt 0.987575 0.804110
vt 0.872413 0.106774
vt 0.872408 0.060055
vt 0.874735 0.060010
vt 0.874735 0.107109
vt 0.931905 0.722621
vt 0.934177 0.722183
vt 0.934177 0.755240
vt 0.931896 0.754955
vt 0.131778 0.367537
vt 0.131703 0.318275
vt 0.166441 0.320248
vt 0.166441 0.369647
vt 0.382039 0.411239
vt 0.381974 0.362789
vt 0.416121 0.365170
vt 0.416121 0.413760
vt 0.256130 0.292871
vt 0.220247 0.289834
vt 0.219537 0.250347
vt 0.256130 0.241138
vt 0.954853 0.060010
vt 0.954853 0.088059
vt 0.952656 0.087787
vt 0.952661 0.060071
vt 0.951983 0.837640
vt 0.954222 0.837048
vt 0.954222 0.865712
vt 0.951956 0.865349
vt 0.665593 0.333109
vt 0.665593 0.355005
vt 0.618049 0.343531
vt 0.617507 0.334502
vt 0.954647 0.115633
vt 0.954647 0.143743
vt 0.952452 0.143471
vt 0.952455 0.115705
vt 0.730502 0.214409
vt 0.730398 0.182296
vt 0.752079 0.183331
vt 0.752079 0.215232
vt 0.254070 0.178193
vt 0.254070 0.233389
vt 0.219537 0.220288
vt 0.228096 0.179674
vt 0.936116 0.250670
vt 0.938327 0.250047
vt 0.938327 0.282027
vt 0.936094 0.281726
vt 0.980478 0.611522
vt 0.980366 0.589368
vt 0.982614 0.589418
vt 0.982614 0.612251
vt 0.434755 0.679821
vt 0.433949 0.650324
vt 0.461350 0.650672
vt 0.461350 0.688902
vt 0.891701 0.823796
vt 0.891688 0.784503
vt 0.894007 0.784407
vt 0.894007 0.824064
vt 0.911492 0.334389
vt 0.913784 0.334107
vt 0.913784 0.370540
vt 0.911466 0.370467
vt 0.973653 0.182740
vt 0.975928 0.182296
vt 0.975928 0.205451
vt 0.973617 0.205497
vt 0.760366 0.539432
vt 0.759493 0.523937
vt 0.783361 0.522536
vt 0.783361 0.548322
vt 0.105895 0.859631
vt 0.108182 0.859366
vt 0.108182 0.897915
vt 0.105866 0.897805
vt 0.194670 0.353073
vt 0.176280 0.303265
vt 0.211764 0.302573
vt 0.211764 0.353731
vt 0.760443 0.629155
vt 0.793743 0.621815
vt 0.793743 0.637185
vt 0.760089 0.635410
vt 0.634911 0.456523
vt 0.637222 0.456276
vt 0.637222 0.473579
vt 0.634927 0.473515
vt 0.444919 0.723951
vt 0.433949 0.697827
vt 0.462748 0.696652
vt 0.462748 0.724047
vt 0.451319 0.069135
vt 0.451319 0.102447
vt 0.400796 0.097358
vt 0.400056 0.074537
vt 0.038980 0.355848
vt 0.004560 0.354370
vt 0.003875 0.315366
vt 0.038980 0.304700
vt 0.945898 0.623027
vt 0.948110 0.622401
vt 0.948110 0.651863
vt 0.945877 0.651570
vt 0.364426 0.531876
vt 0.364422 0.473215
vt 0.366681 0.472844
vt 0.366681 0.532379
vt 0.277176 0.973175
vt 0.277055 0.950268
vt 0.279315 0.950329
vt 0.279315 0.973946
vt 0.931132 0.487723
vt 0.930975 0.455058
vt 0.933295 0.455178
vt 0.933295 0.488598
vt 0.981771 0.385931
vt 0.981654 0.364581
vt 0.983916 0.364637
vt 0.983916 0.386683
vt 0.638067 0.193487
vt 0.659792 0.182296
vt 0.659792 0.236518
vt 0.649301 0.236342
vt 0.700277 0.096726
vt 0.690697 0.096821
vt 0.680463 0.058700
vt 0.700277 0.048091
vt 0.838300 0.448350
vt 0.838265 0.394478
vt 0.840514 0.394532
vt 0.840514 0.448981
vt 0.982351 0.693234
vt 0.982280 0.672935
vt 0.984590 0.673011
vt 0.984590 0.693839
vt 0.102380 0.439850
vt 0.068298 0.438688
vt 0.085407 0.390026
vt 0.102380 0.389191
vt 0.520255 0.481328
vt 0.520255 0.514786
vt 0.473348 0.501089
vt 0.471854 0.485109
vt 0.295794 0.629565
vt 0.240986 0.627346
vt 0.241561 0.617268
vt 0.295794 0.604659
vt 0.962517 0.140341
vt 0.962396 0.115633
vt 0.964650 0.115692
vt 0.964650 0.141103
vt 0.896998 0.004830
vt 0.899126 0.003875
vt 0.899126 0.042256
vt 0.896806 0.042349
vt 0.907062 0.004864
vt 0.909173 0.003875
vt 0.909173 0.040564
vt 0.906876 0.040689
vt 0.912709 0.060984
vt 0.914831 0.060010
vt 0.914831 0.096046
vt 0.912520 0.096154
vt 0.976006 0.644881
vt 0.975867 0.622401
vt 0.978139 0.622458
vt 0.978139 0.645713
vt 0.880756 0.455526
vt 0.883016 0.455058
vt 0.883016 0.499896
vt 0.880769 0.499659
vt 0.964266 0.747877
vt 0.961952 0.748009
vt 0.961954 0.722203
vt 0.964266 0.722183
vt 0.423870 0.483008
vt 0.457672 0.473655
vt 0.457672 0.522106
vt 0.424535 0.519983
vt 0.870233 0.605689
vt 0.870196 0.557034
vt 0.872447 0.557090
vt 0.872447 0.606331
vt 0.060236 0.304813
vt 0.060236 0.338515
vt 0.046729 0.331338
vt 0.053839 0.304700
vt 0.930533 0.589924
vt 0.930397 0.557034
vt 0.932677 0.557143
vt 0.932677 0.590777
vt 0.922732 0.093608
vt 0.922580 0.060010
vt 0.924896 0.060130
vt 0.924896 0.094485
vt 0.132611 0.477807
vt 0.149093 0.476919
vt 0.149093 0.526261
vt 0.115941 0.525388
vt 0.052033 0.503902
vt 0.052033 0.537322
vt 0.005063 0.520972
vt 0.003875 0.504464
vt 0.176822 0.616854
vt 0.231896 0.604917
vt 0.231896 0.629243
vt 0.176280 0.626725
vt 0.935782 0.394478
vt 0.935782 0.426974
vt 0.933503 0.426523
vt 0.933498 0.394745
vt 0.977799 0.171854
vt 0.977688 0.149775
vt 0.979984 0.149833
vt 0.979984 0.172607
vt 0.894752 0.098413
vt 0.892633 0.099405
vt 0.892448 0.060154
vt 0.894752 0.060010
vt 0.922009 0.870830
vt 0.921850 0.837048
vt 0.924174 0.837163
vt 0.924174 0.871695
vt 0.916177 0.251042
vt 0.918286 0.250047
vt 0.918286 0.285545
vt 0.915988 0.285674
vt 0.336978 0.745494
vt 0.336978 0.767002
vt 0.306532 0.760013
vt 0.305878 0.749452
vt 0.633756 0.803723
vt 0.633756 0.820607
vt 0.616748 0.819792
vt 0.612057 0.804203
vt 0.545416 0.423694
vt 0.545416 0.472592
vt 0.529389 0.471880
vt 0.512946 0.426057
vt 0.631778 0.158828
vt 0.643235 0.115633
vt 0.653538 0.115970
vt 0.653538 0.170823
vt 0.685866 0.940860
vt 0.685724 0.910489
vt 0.688018 0.910603
vt 0.688018 0.941731
vt 0.953152 0.434078
vt 0.953152 0.445171
vt 0.943531 0.443201
vt 0.943531 0.432108
vt 0.161397 0.720956
vt 0.167361 0.722587
vt 0.167361 0.728776
vt 0.158668 0.729216
vt 0.963929 0.820601
vt 0.971592 0.818196
vt 0.971592 0.828030
vt 0.961885 0.828820
vt 0.110643 0.969855
vt 0.108593 0.961634
vt 0.118272 0.962349
vt 0.118272 0.972212
vt 0.901414 0.954348
vt 0.901414 0.964803
vt 0.893753 0.962087
vt 0.891724 0.953350
vt 0.441364 0.963987
vt 0.431646 0.964926
vt 0.433698 0.956201
vt 0.441364 0.953536
vt 0.828252 0.977419
vt 0.818673 0.977936
vt 0.820556 0.970085
vt 0.828252 0.967769
vt 0.642445 0.962376
vt 0.640467 0.953512
vt 0.650122 0.954051
vt 0.650122 0.964987
vt 0.933061 0.923713
vt 0.933061 0.935844
vt 0.924102 0.933480
vt 0.921862 0.923543
vt 0.872771 0.930053
vt 0.872771 0.941413
vt 0.863732 0.939078
vt 0.861622 0.929750
vt 0.924029 0.767132
vt 0.932958 0.764717
vt 0.932958 0.776232
vt 0.921850 0.776654
vt 0.226512 0.925951
vt 0.226512 0.937922
vt 0.217625 0.935456
vt 0.215393 0.925586
vt 0.705249 0.930037
vt 0.714189 0.927689
vt 0.714189 0.939392
vt 0.703047 0.939709
vt 0.591076 0.933630
vt 0.588879 0.923672
vt 0.600023 0.923811
vt 0.600023 0.936031
vt 0.923589 0.229379
vt 0.932535 0.227024
vt 0.932535 0.239349
vt 0.921340 0.239360
vt 0.070671 0.921576
vt 0.080656 0.919423
vt 0.080656 0.930611
vt 0.068294 0.930495
vt 0.904548 0.174338
vt 0.892250 0.173715
vt 0.894717 0.164727
vt 0.904548 0.162911
vt 0.743356 0.923426
vt 0.740964 0.914425
vt 0.753298 0.914106
vt 0.753298 0.925426
vt 0.050264 0.285622
vt 0.059676 0.283937
vt 0.059676 0.295878
vt 0.047859 0.294928
vt 0.308255 0.915617
vt 0.317838 0.914001
vt 0.317838 0.925687
vt 0.305843 0.924739
vt 0.871475 0.961016
vt 0.861622 0.961303
vt 0.861622 0.949449
vt 0.871475 0.949163
vt 0.098681 0.455020
vt 0.093228 0.452688
vt 0.098681 0.447599
vt 0.708417 0.994711
vt 0.703047 0.992248
vt 0.708417 0.987256
vt 0.907042 0.386459
vt 0.901409 0.384379
vt 0.907042 0.379447
vt 0.783775 0.818084
vt 0.783775 0.824094
vt 0.777103 0.821621
vt 0.769354 0.825235
vt 0.763764 0.823172
vt 0.769354 0.818084
vt 0.264582 0.995353
vt 0.259292 0.992706
vt 0.264582 0.987827
vt 0.931684 0.052078
vt 0.926961 0.050081
vt 0.931684 0.045469
vt 0.810657 0.309168
vt 0.810657 0.314451
vt 0.804782 0.311116
vt 0.945619 0.500387
vt 0.941045 0.497793
vt 0.945619 0.493632
vt 0.946759 0.828574
vt 0.941932 0.825563
vt 0.946759 0.822643
vt 0.850411 0.107754
vt 0.846075 0.105204
vt 0.850411 0.102626
vt 0.424221 0.938049
vt 0.413066 0.938464
vt 0.415263 0.928698
vt 0.424221 0.926243
vt 0.922528 0.601341
vt 0.922528 0.612815
vt 0.912750 0.611083
vt 0.910285 0.602097
vt 0.963312 0.497905
vt 0.961126 0.490009
vt 0.971381 0.489148
vt 0.971381 0.499436
vt 0.682703 0.989475
vt 0.682703 0.995589
vt 0.678010 0.991903
vt 0.678694 0.987127
vt 0.921862 0.987894
vt 0.927376 0.983610
vt 0.927376 0.990605
vt 0.922669 0.993104
vt 0.386025 0.927451
vt 0.386025 0.938490
vt 0.376729 0.935586
vt 0.375104 0.925945
vt 0.790073 0.928835
vt 0.778792 0.928382
vt 0.781048 0.918590
vt 0.790073 0.916523
vt 0.788524 0.959734
vt 0.788524 0.970588
vt 0.780811 0.968564
vt 0.778792 0.960102
vt 0.542577 0.413488
vt 0.540393 0.403897
vt 0.551514 0.404371
vt 0.551514 0.415945
vt 0.358698 0.892272
vt 0.346900 0.894982
vt 0.348193 0.882725
vt 0.358698 0.879091
vt 0.326644 0.894592
vt 0.337469 0.891125
vt 0.337469 0.903581
vt 0.325588 0.906247
vt 0.616582 0.710754
vt 0.628043 0.706631
vt 0.628043 0.720028
vt 0.616421 0.723878
vt 0.326735 0.917403
vt 0.335704 0.913997
vt 0.335704 0.924886
vt 0.325588 0.927791
vt 0.894467 0.232268
vt 0.894467 0.242045
vt 0.885936 0.240320
vt 0.883613 0.232641
vt 0.695097 0.989558
vt 0.695097 0.995623
vt 0.690453 0.991765
vt 0.691113 0.987127
vt 0.108593 0.984292
vt 0.113996 0.979962
vt 0.113996 0.987202
vt 0.109360 0.989819
vt 0.725947 0.890307
vt 0.725565 0.877768
vt 0.737564 0.881238
vt 0.737564 0.894115
vt 0.424512 0.878223
vt 0.424512 0.891601
vt 0.413086 0.887539
vt 0.413066 0.874101
vt 0.250106 0.925040
vt 0.239755 0.926908
vt 0.241102 0.916705
vt 0.250106 0.913329
vt 0.473263 0.882460
vt 0.483783 0.878872
vt 0.483783 0.892372
vt 0.471854 0.894645
vt 0.969715 0.983135
vt 0.975232 0.978763
vt 0.975232 0.985916
vt 0.970629 0.988513
vt 0.774160 0.880180
vt 0.774160 0.893666
vt 0.763644 0.890036
vt 0.762236 0.877803
vt 0.168426 0.513605
vt 0.168426 0.525749
vt 0.159169 0.523954
vt 0.156842 0.514436
vt 0.095011 0.987937
vt 0.095011 0.994831
vt 0.089649 0.990543
vt 0.090434 0.985218
vt 0.503631 0.880975
vt 0.503631 0.894413
vt 0.492986 0.890929
vt 0.491532 0.878872
vt 0.187390 0.935574
vt 0.176280 0.935930
vt 0.178502 0.926005
vt 0.187390 0.923516
vt 0.155297 0.911921
vt 0.165156 0.908256
vt 0.165156 0.919145
vt 0.154815 0.922480
vt 0.130081 0.885521
vt 0.140752 0.882138
vt 0.140752 0.895492
vt 0.128536 0.897361
vt 0.873493 0.891403
vt 0.861622 0.893877
vt 0.862938 0.881635
vt 0.873493 0.878006
vt 0.818673 0.990009
vt 0.824014 0.985685
vt 0.824014 0.992575
vt 0.819462 0.995235
vt 0.563597 0.881092
vt 0.563597 0.894099
vt 0.551969 0.890151
vt 0.551654 0.877552
vt 0.015597 0.880013
vt 0.015597 0.893278
vt 0.004143 0.889198
vt 0.003875 0.876325
vt 0.003875 0.990860
vt 0.008566 0.987234
vt 0.008566 0.993337
vt 0.004544 0.995638
vt 0.386706 0.890189
vt 0.375104 0.893886
vt 0.375266 0.880896
vt 0.386706 0.876875
vt 0.933600 0.106345
vt 0.932645 0.100334
vt 0.938096 0.103036
vt 0.938096 0.107703
vt 0.375104 0.990449
vt 0.380451 0.986181
vt 0.380451 0.993048
vt 0.375877 0.995684
vt 0.905824 0.315616
vt 0.893893 0.318362
vt 0.895012 0.306609
vt 0.905824 0.303124
vt 0.991726 0.542169
vt 0.991726 0.549260
vt 0.986211 0.544980
vt 0.987102 0.539622
vt 0.367354 0.981376
vt 0.367354 0.988716
vt 0.361939 0.984292
vt 0.362700 0.978702
vt 0.227154 0.890233
vt 0.215393 0.893846
vt 0.215690 0.881059
vt 0.227154 0.877053
vt 0.305843 0.984563
vt 0.311368 0.980246
vt 0.311368 0.987317
vt 0.306738 0.989879
vt 0.051437 0.092908
vt 0.060312 0.088893
vt 0.060312 0.100952
vt 0.050524 0.105104
vt 0.588965 0.875614
vt 0.600322 0.871424
vt 0.600322 0.884924
vt 0.588879 0.888968
vt 0.892954 0.896593
vt 0.891724 0.884525
vt 0.903556 0.887178
vt 0.903556 0.900054
vt 0.531415 0.881399
vt 0.543138 0.877488
vt 0.543138 0.890236
vt 0.530972 0.893782
vt 0.654776 0.884668
vt 0.654776 0.898046
vt 0.644157 0.894664
vt 0.642707 0.882719
vt 0.306899 0.902653
vt 0.305878 0.891125
vt 0.317838 0.893948
vt 0.317838 0.906252
vt 0.799488 0.890139
vt 0.798200 0.877844
vt 0.809997 0.880544
vt 0.809997 0.893808
vt 0.166618 0.897680
vt 0.154815 0.900507
vt 0.155975 0.888505
vt 0.166618 0.884933
vt 0.778792 0.982796
vt 0.784175 0.978338
vt 0.784175 0.985718
vt 0.779529 0.988437
vt 0.006035 0.937559
vt 0.003875 0.928171
vt 0.015084 0.928544
vt 0.015084 0.939911
vt 0.620254 0.891421
vt 0.620254 0.904093
vt 0.609600 0.900555
vt 0.608459 0.888639
vt 0.820029 0.881377
vt 0.830589 0.877809
vt 0.830589 0.891123
vt 0.818673 0.893641
vt 0.073678 0.987619
vt 0.073678 0.994526
vt 0.068294 0.990259
vt 0.069005 0.984939
vt 0.215393 0.989709
vt 0.220801 0.985496
vt 0.220801 0.992381
vt 0.216118 0.995043
vt 0.278633 0.892078
vt 0.289489 0.888874
vt 0.289489 0.901999
vt 0.277055 0.903656
vt 0.829890 0.928869
vt 0.829890 0.940096
vt 0.820761 0.937643
vt 0.818673 0.928446
vt 0.521040 0.909506
vt 0.521040 0.921075
vt 0.511374 0.916992
vt 0.511193 0.905955
vt 0.892965 0.918668
vt 0.891724 0.907803
vt 0.901898 0.910893
vt 0.901898 0.922462
vt 0.418677 0.988246
vt 0.418677 0.994255
vt 0.413990 0.991592
vt 0.413066 0.986239
vt 0.939499 0.990179
vt 0.944278 0.986527
vt 0.944278 0.993002
vt 0.940166 0.995166
vt 0.181683 0.986399
vt 0.181683 0.993347
vt 0.176280 0.989069
vt 0.177017 0.983714
vt 0.866374 0.989148
vt 0.866374 0.995625
vt 0.861622 0.991990
vt 0.862274 0.986988
vt 0.115363 0.163283
vt 0.114011 0.153084
vt 0.124409 0.154985
vt 0.124409 0.166703
vt 0.703138 0.888594
vt 0.703047 0.875312
vt 0.714496 0.879286
vt 0.714496 0.892772
vt 0.608459 0.963707
vt 0.618240 0.956652
vt 0.618240 0.967507
vt 0.913537 0.163472
vt 0.922486 0.159629
vt 0.922486 0.171205
vt 0.912336 0.174348
vt 0.051892 0.410368
vt 0.046441 0.413109
vt 0.047408 0.407060
vt 0.051892 0.405682
vt 0.913591 0.238600
vt 0.903695 0.242186
vt 0.903887 0.231163
vt 0.913591 0.227024
vt 0.046131 0.873604
vt 0.041092 0.875109
vt 0.041975 0.870495
vt 0.046131 0.868321
vt 0.761057 0.956969
vt 0.768697 0.954355
vt 0.768697 0.965298
vt 0.759097 0.965834
vt 0.618604 0.914823
vt 0.618604 0.925688
vt 0.609593 0.922235
vt 0.608459 0.911842
vt 0.665212 0.992360
vt 0.659646 0.994363
vt 0.660579 0.988988
vt 0.665212 0.986355
vt 0.026199 0.894608
vt 0.024627 0.882858
vt 0.036892 0.884618
vt 0.036892 0.897901
vt 0.215393 0.901595
vt 0.225166 0.905765
vt 0.225166 0.917836
vt 0.216280 0.913793
vt 0.923438 0.442391
vt 0.934176 0.436537
vt 0.934176 0.447063
vt 0.051334 0.932151
vt 0.050443 0.922327
vt 0.060544 0.925070
vt 0.060544 0.935596
vt 0.842720 0.891299
vt 0.841491 0.879141
vt 0.853341 0.881894
vt 0.853341 0.894902
vt 0.252259 0.904002
vt 0.239755 0.905580
vt 0.241395 0.894083
vt 0.252259 0.891010
vt 0.711863 0.564560
vt 0.711863 0.577436
vt 0.700872 0.574309
vt 0.699173 0.562961
vt 0.761221 0.982417
vt 0.759097 0.975888
vt 0.768157 0.973583
vt 0.768157 0.982825
vt 0.296096 0.970084
vt 0.296096 0.980203
vt 0.289093 0.979864
vt 0.287115 0.972576
vt 0.449518 0.941260
vt 0.449518 0.930067
vt 0.459149 0.932163
vt 0.459149 0.943356
vt 0.850476 0.982041
vt 0.841491 0.979932
vt 0.843634 0.973173
vt 0.850476 0.972588
vt 0.553857 0.981116
vt 0.551654 0.974586
vt 0.561260 0.972109
vt 0.561260 0.981423
vt 0.571716 0.982009
vt 0.569897 0.976252
vt 0.577784 0.974529
vt 0.577784 0.982644
vt 0.056720 0.346609
vt 0.056720 0.353724
vt 0.049846 0.355693
vt 0.046729 0.346264
vt 0.991560 0.276032
vt 0.991560 0.282126
vt 0.986078 0.284329
vt 0.986924 0.278814
vt 0.909516 0.767643
vt 0.909516 0.776612
vt 0.903468 0.775922
vt 0.901736 0.769393
vt 0.197563 0.972690
vt 0.204930 0.972261
vt 0.204930 0.981492
vt 0.195369 0.979185
vt 0.893863 0.981609
vt 0.891724 0.974783
vt 0.900717 0.972552
vt 0.900717 0.982116
vt 0.686993 0.979377
vt 0.680071 0.979230
vt 0.678010 0.972065
vt 0.686993 0.969179
vt 0.972403 0.548429
vt 0.970485 0.542245
vt 0.978461 0.540786
vt 0.978461 0.549260
vt 0.738231 0.850922
vt 0.738231 0.870019
vt 0.725565 0.866238
vt 0.725565 0.854436
vt 0.402321 0.982961
vt 0.394455 0.981311
vt 0.396277 0.975526
vt 0.402321 0.974832
vt 0.543905 0.869738
vt 0.530972 0.866468
vt 0.530972 0.854636
vt 0.543905 0.850594
vt 0.313786 0.935593
vt 0.313786 0.948811
vt 0.305843 0.946654
vt 0.305843 0.933436
vt 0.762236 0.865947
vt 0.762236 0.854075
vt 0.775040 0.850844
vt 0.775040 0.870053
vt 0.650173 0.943732
vt 0.640467 0.945762
vt 0.640467 0.934669
vt 0.650173 0.932639
vt 0.076186 0.951678
vt 0.068294 0.953757
vt 0.068294 0.940440
vt 0.076186 0.938361
vt 0.668718 0.968374
vt 0.668718 0.978605
vt 0.659646 0.975587
vt 0.661726 0.968424
vt 0.092730 0.977468
vt 0.089649 0.968364
vt 0.099862 0.968428
vt 0.099862 0.975418
vt 0.335203 0.937523
vt 0.335203 0.948646
vt 0.325588 0.946664
vt 0.325588 0.935541
vt 0.135994 0.943192
vt 0.126395 0.945253
vt 0.126395 0.934060
vt 0.135994 0.931999
vt 0.598639 0.945475
vt 0.598639 0.956397
vt 0.588879 0.954702
vt 0.588879 0.943780
vt 0.195369 0.932410
vt 0.203413 0.930164
vt 0.203413 0.943309
vt 0.195369 0.945555
vt 0.384959 0.957145
vt 0.375104 0.958702
vt 0.375104 0.947796
vt 0.384959 0.946239
vt 0.608459 0.946907
vt 0.608459 0.933438
vt 0.616333 0.935434
vt 0.616333 0.948903
vt 0.440813 0.981898
vt 0.431646 0.979682
vt 0.433760 0.973174
vt 0.440813 0.972675
vt 0.024224 0.934507
vt 0.032094 0.932495
vt 0.032094 0.946044
vt 0.024224 0.948057
vt 0.831384 0.866091
vt 0.818673 0.870059
vt 0.818673 0.850915
vt 0.831384 0.854259
vt 0.551654 0.943511
vt 0.551654 0.929972
vt 0.559538 0.932086
vt 0.559538 0.945625
vt 0.649530 0.972736
vt 0.649530 0.982024
vt 0.642564 0.981540
vt 0.640467 0.974977
vt 0.931734 0.954519
vt 0.921862 0.956200
vt 0.921862 0.945275
vt 0.931734 0.943594
vt 0.471854 0.932561
vt 0.481546 0.930518
vt 0.481546 0.941641
vt 0.471854 0.943684
vt 0.261268 0.970196
vt 0.268244 0.969907
vt 0.268244 0.980078
vt 0.259292 0.977491
vt 0.241595 0.982507
vt 0.239755 0.976829
vt 0.247508 0.974918
vt 0.247508 0.982950
vt 0.981445 0.860733
vt 0.981445 0.869985
vt 0.974117 0.869551
vt 0.971951 0.863031
vt 0.956437 0.167000
vt 0.946751 0.168826
vt 0.946751 0.157841
vt 0.956437 0.156015
vt 0.740964 0.946380
vt 0.740964 0.933175
vt 0.748920 0.935342
vt 0.748920 0.948547
vt 0.930397 0.600876
vt 0.938472 0.598526
vt 0.938472 0.611744
vt 0.930397 0.614094
vt 0.451637 0.974217
vt 0.458504 0.973714
vt 0.458504 0.982982
vt 0.449518 0.980790
vt 0.164415 0.941437
vt 0.154815 0.943507
vt 0.154815 0.932299
vt 0.164415 0.930229
vt 0.941655 0.383730
vt 0.941655 0.372745
vt 0.951456 0.374616
vt 0.951456 0.385601
vt 0.154815 0.976412
vt 0.162620 0.973856
vt 0.162620 0.982938
vt 0.156608 0.982774
vt 0.731848 0.980669
vt 0.722899 0.978296
vt 0.724865 0.971071
vt 0.731848 0.970660
vt 0.413066 0.957139
vt 0.413066 0.946213
vt 0.422842 0.947877
vt 0.422842 0.958802
vt 0.974428 0.713409
vt 0.972287 0.706493
vt 0.981299 0.704348
vt 0.981299 0.713982
vt 0.899002 0.605877
vt 0.899002 0.613899
vt 0.892253 0.613630
vt 0.890257 0.607838
vt 0.712889 0.958359
vt 0.703047 0.959934
vt 0.703047 0.949033
vt 0.712889 0.947458
vt 0.538993 0.930739
vt 0.538993 0.944055
vt 0.530972 0.941728
vt 0.530972 0.928411
vt 0.519290 0.931137
vt 0.519290 0.944286
vt 0.511194 0.941973
vt 0.511193 0.928825
vt 0.513109 0.981783
vt 0.511193 0.975988
vt 0.519535 0.974524
vt 0.519535 0.982599
vt 0.941927 0.773855
vt 0.941927 0.760409
vt 0.949798 0.762418
vt 0.949798 0.775864
vt 0.176281 0.954580
vt 0.176280 0.943679
vt 0.186170 0.945255
vt 0.186170 0.956156
vt 0.870639 0.979238
vt 0.863601 0.979073
vt 0.861622 0.971812
vt 0.870639 0.969052
vt 0.968952 0.655120
vt 0.975865 0.657119
vt 0.975865 0.664131
vt 0.965819 0.664404
vt 0.215393 0.854194
vt 0.228306 0.850123
vt 0.228306 0.869303
vt 0.215393 0.866048
vt 0.722899 0.941195
vt 0.722899 0.929987
vt 0.732524 0.932078
vt 0.732524 0.943286
vt 0.441364 0.932237
vt 0.441364 0.945787
vt 0.433477 0.943701
vt 0.433477 0.930151
vt 0.249538 0.936563
vt 0.249538 0.947565
vt 0.239755 0.945659
vt 0.239755 0.934657
vt 0.786685 0.949924
vt 0.778792 0.951984
vt 0.778792 0.938645
vt 0.786685 0.936584
vt 0.940285 0.225821
vt 0.948158 0.223817
vt 0.948158 0.237356
vt 0.940285 0.239360
vt 0.659646 0.927443
vt 0.667735 0.925103
vt 0.667735 0.938308
vt 0.659646 0.940648
vt 0.762236 0.901522
vt 0.770393 0.901416
vt 0.770393 0.920561
vt 0.762236 0.920667
vt 0.588879 0.915814
vt 0.588879 0.896717
vt 0.597289 0.896826
vt 0.597289 0.915922
vt 0.530972 0.920628
vt 0.530972 0.901531
vt 0.539095 0.901565
vt 0.539095 0.920662
vt 0.128536 0.924207
vt 0.128536 0.905111
vt 0.135994 0.905153
vt 0.135994 0.924250
vt 0.034145 0.966729
vt 0.024224 0.962199
vt 0.034145 0.955806
vt 0.383265 0.966578
vt 0.383265 0.978432
vt 0.375104 0.978306
vt 0.375104 0.966452
vt 0.688018 0.949627
vt 0.688018 0.961430
vt 0.678010 0.961283
vt 0.678010 0.949481
vt 0.669545 0.948753
vt 0.669545 0.960625
vt 0.659646 0.960270
vt 0.659646 0.948398
vt 0.456976 0.922275
vt 0.449518 0.922318
vt 0.449518 0.903221
vt 0.456976 0.903178
vt 0.154815 0.965842
vt 0.154815 0.951257
vt 0.162268 0.951521
vt 0.162268 0.966106
vt 0.401881 0.921352
vt 0.394455 0.921398
vt 0.394455 0.902218
vt 0.401881 0.902172
vt 0.850951 0.964839
vt 0.841491 0.958829
vt 0.850951 0.953036
vt 0.931673 0.385788
vt 0.921534 0.385995
vt 0.924607 0.376775
vt 0.931673 0.378733
vt 0.921862 0.964058
vt 0.930271 0.963950
vt 0.930271 0.975752
vt 0.921862 0.975861
vt 0.961965 0.955077
vt 0.961965 0.966170
vt 0.952043 0.961596
vt 0.346900 0.843965
vt 0.346900 0.824755
vt 0.361475 0.825308
vt 0.361475 0.844518
vt 0.970225 0.095993
vt 0.978453 0.095808
vt 0.978453 0.107680
vt 0.970225 0.107865
vt 0.016878 0.849500
vt 0.016878 0.868575
vt 0.003875 0.864803
vt 0.003875 0.853014
vt 0.538410 0.951983
vt 0.538410 0.966569
vt 0.530972 0.966390
vt 0.530972 0.951805
vt 0.703047 0.919731
vt 0.703047 0.900521
vt 0.711291 0.900730
vt 0.711291 0.919940
vt 0.296961 0.962074
vt 0.287115 0.962335
vt 0.287115 0.950503
vt 0.296961 0.950242
vt 0.220305 0.118645
vt 0.229591 0.112896
vt 0.229591 0.124768
vt 0.050443 0.945064
vt 0.060304 0.943345
vt 0.060304 0.954267
vt 0.050443 0.955986
vt 0.449518 0.965690
vt 0.449518 0.951105
vt 0.456979 0.951379
vt 0.456979 0.965964
vt 0.650173 0.924870
vt 0.642707 0.924890
vt 0.642707 0.905815
vt 0.650173 0.905795
vt 0.126395 0.967588
vt 0.126395 0.953002
vt 0.133809 0.953017
vt 0.133809 0.967603
vt 0.498947 0.967161
vt 0.491532 0.967177
vt 0.491532 0.952591
vt 0.498947 0.952576
vt 0.580853 0.922152
vt 0.573438 0.922166
vt 0.573438 0.902956
vt 0.580853 0.902942
vt 0.579807 0.955854
vt 0.579807 0.966779
vt 0.569897 0.962239
vt 0.952656 0.107610
vt 0.952656 0.095808
vt 0.962476 0.095923
vt 0.962476 0.107725
vt 0.716042 0.852304
vt 0.716042 0.864106
vt 0.703047 0.867562
vt 0.703047 0.848466
vt 0.011998 0.979450
vt 0.003875 0.979484
vt 0.003875 0.967682
vt 0.011998 0.967647
vt 0.806324 0.901592
vt 0.806324 0.920667
vt 0.798200 0.920633
vt 0.798200 0.901558
vt 0.810923 0.870094
vt 0.798200 0.866777
vt 0.798200 0.854923
vt 0.810923 0.850915
vt 0.722899 0.962824
vt 0.722899 0.951035
vt 0.732717 0.951122
vt 0.732717 0.962911
vt 0.564476 0.850594
vt 0.564476 0.869803
vt 0.551654 0.865678
vt 0.551654 0.853805
vt 0.223813 0.977678
vt 0.215393 0.977746
vt 0.215393 0.965958
vt 0.223813 0.965889
vt 0.956926 0.051986
vt 0.946948 0.047072
vt 0.956926 0.040794
vt 0.106071 0.832542
vt 0.106071 0.851617
vt 0.091486 0.851473
vt 0.091486 0.832398
vt 0.259292 0.962057
vt 0.259292 0.950268
vt 0.269306 0.950369
vt 0.269306 0.962158
vt 0.003875 0.959532
vt 0.003875 0.947660
vt 0.013784 0.948026
vt 0.013784 0.959898
vt 0.024627 0.924726
vt 0.024627 0.905651
vt 0.032094 0.905671
vt 0.032094 0.924746
vt 0.965009 0.774994
vt 0.957547 0.775268
vt 0.957547 0.760683
vt 0.965009 0.760409
vt 0.711171 0.979472
vt 0.703047 0.979506
vt 0.703047 0.967717
vt 0.711171 0.967683
vt 0.248964 0.967168
vt 0.239755 0.961335
vt 0.248964 0.955315
vt 0.479307 0.966019
vt 0.471854 0.966283
vt 0.471854 0.951698
vt 0.479307 0.951433
vt 0.402544 0.931450
vt 0.402544 0.944595
vt 0.394455 0.942292
vt 0.394455 0.929147
vt 0.401880 0.966929
vt 0.394455 0.967083
vt 0.394455 0.952498
vt 0.401880 0.952344
vt 0.818673 0.901517
vt 0.826834 0.901391
vt 0.826834 0.920570
vt 0.818673 0.920697
vt 0.841491 0.931817
vt 0.849417 0.929600
vt 0.849417 0.943070
vt 0.841491 0.945287
vt 0.060544 0.914372
vt 0.052217 0.914578
vt 0.052217 0.895398
vt 0.060544 0.895193
vt 0.588879 0.964355
vt 0.597123 0.964146
vt 0.597123 0.976019
vt 0.588879 0.976228
vt 0.561766 0.964360
vt 0.551654 0.959560
vt 0.561766 0.953374
vt 0.952043 0.980417
vt 0.953838 0.974063
vt 0.959819 0.973919
vt 0.959819 0.982998
vt 0.626636 0.847502
vt 0.612057 0.847933
vt 0.612057 0.828788
vt 0.626636 0.828357
vt 0.828635 0.959699
vt 0.818673 0.960020
vt 0.818673 0.948166
vt 0.828635 0.947845
vt 0.511194 0.966621
vt 0.511193 0.952035
vt 0.518618 0.952189
vt 0.518618 0.966775
vt 0.346901 0.902786
vt 0.354340 0.902731
vt 0.354340 0.921876
vt 0.346900 0.921931
vt 0.003875 0.920236
vt 0.003875 0.901027
vt 0.012103 0.901212
vt 0.012103 0.920421
vt 0.498958 0.902209
vt 0.498958 0.921389
vt 0.491532 0.921343
vt 0.491532 0.902163
vt 0.195369 0.958062
vt 0.205289 0.953304
vt 0.205289 0.964512
vt 0.346900 0.867596
vt 0.346900 0.855807
vt 0.359563 0.852267
vt 0.359563 0.871342
vt 0.798200 0.941755
vt 0.798200 0.928416
vt 0.806200 0.930737
vt 0.806200 0.944076
vt 0.184607 0.964111
vt 0.184607 0.975964
vt 0.176280 0.975759
vt 0.176280 0.963905
vt 0.899746 0.943360
vt 0.891724 0.945600
vt 0.891724 0.932452
vt 0.899746 0.930212
vt 0.184630 0.915565
vt 0.176280 0.915766
vt 0.176281 0.896622
vt 0.184630 0.896420
vt 0.499468 0.942584
vt 0.491532 0.944827
vt 0.491533 0.931381
vt 0.499468 0.929138
vt 0.232326 0.710720
vt 0.232326 0.729817
vt 0.217742 0.729617
vt 0.217742 0.710520
vt 0.413066 0.978384
vt 0.413066 0.966552
vt 0.421223 0.966658
vt 0.421223 0.978490
vt 0.346900 0.961609
vt 0.356109 0.955619
vt 0.356109 0.967452
vt 0.955895 0.609528
vt 0.946221 0.611378
vt 0.946221 0.600376
vt 0.955895 0.598526
vt 0.833424 0.045254
vt 0.848002 0.044789
vt 0.848002 0.063969
vt 0.833424 0.064434
vt 0.215393 0.956577
vt 0.215393 0.945671
vt 0.225280 0.947234
vt 0.225280 0.958140
vt 0.089649 0.948782
vt 0.099621 0.948480
vt 0.099621 0.960312
vt 0.089649 0.960614
vt 0.805637 0.966411
vt 0.798200 0.966590
vt 0.798200 0.952005
vt 0.805637 0.951826
vt 0.841491 0.921796
vt 0.841491 0.902651
vt 0.848930 0.902706
vt 0.848930 0.921851
vt 0.058792 0.963936
vt 0.058792 0.975769
vt 0.050443 0.975568
vt 0.050443 0.963735
vt 0.421486 0.899419
vt 0.421486 0.918494
vt 0.413066 0.918425
vt 0.413066 0.899351
vt 0.749802 0.968368
vt 0.740964 0.962608
vt 0.749802 0.956297
vt 0.277717 0.987827
vt 0.277717 0.995236
vt 0.272331 0.990678
vt 0.824359 0.223037
vt 0.835089 0.218331
vt 0.835089 0.228905
vt 0.441363 0.903192
vt 0.441363 0.922402
vt 0.433949 0.922388
vt 0.433949 0.903178
vn 0.9386 -0.3435 0.0334
vn 0.9386 -0.3434 0.0330
vn -0.4644 0.0051 -0.8856
vn 0.4445 -0.2298 0.8658
vn 0.4443 -0.2297 0.8660
vn -0.4960 0.2017 0.8445
vn -0.4963 0.2021 0.8443
vn -0.9920 0.1232 -0.0288
vn -0.9920 0.1230 -0.0283
vn -0.5242 0.0377 0.8507
vn 0.3971 -0.2044 0.8947
vn 0.9823 -0.1852 0.0290
vn 0.4757 -0.2564 -0.8414
vn 0.4762 -0.2568 -0.8410
vn -0.5604 -0.2251 -0.7971
vn -0.9747 0.2229 -0.0155
vn -0.9715 0.2366 -0.0105
vn -0.9716 0.2364 -0.0099
vn 0.8159 -0.5726 0.0804
vn 0.8158 -0.5727 0.0807
vn 0.3899 -0.2174 0.8948
vn 0.3902 -0.2182 0.8945
vn 0.5262 -0.0675 -0.8477
vn 0.5269 -0.0679 -0.8472
vn 0.9697 -0.2427 0.0281
vn 0.9698 -0.2424 0.0290
vn 0.3324 0.8843 -0.3279
vn 0.0974 0.9068 -0.4102
vn 0.5059 0.8489 0.1529
vn 0.1535 0.8688 -0.4708
vn -0.1476 0.9862 -0.0755
vn 0.4788 0.8754 -0.0672
vn -0.0272 0.9852 -0.1691
vn -0.0269 0.9852 -0.1690
vn 0.5660 0.8168 -0.1116
vn 0.1607 0.9741 0.1594
vn 0.4839 0.7554 -0.4418
vn -0.0801 0.9889 -0.1253
vn 0.0948 0.9787 0.1822
vn 0.0184 0.9759 0.2175
vn 0.4262 0.8881 0.1719
vn 0.0058 0.9803 -0.1976
vn 0.0061 0.9802 -0.1977
vn 0.0057 0.9803 -0.1975
vn 0.5422 0.6744 -0.5013
vn 0.5692 0.8061 0.1617
vn 0.2063 0.9666 0.1522
vn 0.6488 0.7467 -0.1466
vn 0.1841 0.8090 -0.5582
vn 0.1842 0.8093 -0.5578
vn 0.1553 0.8061 -0.5711
vn 0.5711 0.6262 -0.5308
vn 0.0038 0.9792 -0.2031
vn 0.0034 0.9792 -0.2029
vn 0.0044 0.9791 -0.2033
vn 0.7300 0.6638 -0.1626
vn 0.2172 0.9611 0.1706
vn 0.2169 0.9610 0.1716
vn 0.2168 0.9609 0.1723
vn 0.2171 0.9611 0.1708
vn 0.5698 0.7540 0.3270
vn 0.1087 0.9474 0.3009
vn 0.1896 0.9577 0.2165
vn 0.6005 0.7773 0.1875
vn 0.6011 0.7767 0.1883
vn 0.6007 0.7771 0.1878
vn 0.6003 0.7776 0.1872
vn -0.0364 0.9823 -0.1839
vn -0.0041 0.9167 0.3997
vn -0.0080 0.8362 -0.5484
vn -0.4325 0.8982 0.0789
vn 0.0875 0.8196 -0.5662
vn 0.7745 0.6122 -0.1596
vn 0.6021 0.7616 0.2397
vn 0.7898 0.6124 -0.0343
vn -0.4228 0.9061 -0.0113
vn 0.8038 0.5877 -0.0925
vn 0.5102 0.7459 0.4281
vn 0.3309 0.8869 -0.3223
vn 0.3312 0.8867 -0.3226
vn 0.5565 0.8223 0.1188
vn -0.2451 0.7632 0.5978
vn 0.5292 0.6569 -0.5371
vn 0.4803 0.7158 -0.5069
vn -0.6637 0.7444 0.0737
vn -0.6634 0.7446 0.0740
vn -0.6638 0.7443 0.0736
vn 0.9928 -0.1148 0.0347
vn -0.5388 -0.2537 0.8033
vn -0.4526 0.0543 -0.8901
vn -0.4519 0.0541 -0.8904
vn -0.4515 0.0541 -0.8906
vn -0.9909 -0.1144 -0.0709
vn -0.9908 -0.1145 -0.0720
vn -0.9908 -0.1145 -0.0721
vn -0.9908 -0.1144 -0.0716
vn 0.4556 -0.2246 0.8614
vn 0.4562 -0.2247 0.8611
vn -0.5438 -0.1820 0.8192
vn -0.5431 -0.1824 0.8196
vn -0.5441 -0.1818 0.8191
vn -0.5447 -0.1815 0.8188
vn 0.5370 0.0118 -0.8435
vn 0.5374 0.0116 -0.8433
vn 0.5365 0.0120 -0.8438
vn -0.4582 0.0413 -0.8879
vn -0.4575 0.0410 -0.8883
vn -0.4547 0.0552 -0.8889
vn -0.4540 0.0550 -0.8893
vn 0.4515 -0.2117 0.8668
vn 0.4511 -0.2115 0.8671
vn 0.4539 -0.2126 0.8653
vn 0.4536 -0.2125 0.8655
vn -0.9968 -0.0558 -0.0567
vn -0.9968 -0.0559 -0.0574
vn -0.9967 -0.0561 -0.0580
vn -0.9968 -0.0559 -0.0571
vn -0.9945 -0.0840 -0.0633
vn -0.9943 -0.0843 -0.0653
vn -0.9943 -0.0842 -0.0647
vn -0.9944 -0.0841 -0.0642
vn 0.9976 -0.0558 0.0409
vn 0.9976 -0.0559 0.0404
vn 0.9976 -0.0558 0.0416
vn -0.5417 -0.2178 0.8119
vn -0.5422 -0.2175 0.8116
vn 0.5426 0.0836 -0.8358
vn 0.9965 -0.0734 0.0392
vn 0.9965 -0.0735 0.0388
vn 0.9965 -0.0733 0.0397
vn 0.3853 0.8038 -0.4532
vn 0.3854 0.8038 -0.4532
vn 0.3857 0.8036 -0.4534
vn -0.2895 0.8211 -0.4919
vn -0.2895 0.8210 -0.4922
vn -0.2894 0.8206 -0.4928
vn 0.7346 0.6741 0.0773
vn -0.3490 0.6517 0.6734
vn -0.3490 0.6522 0.6729
vn -0.3985 0.5692 0.7192
vn -0.3985 0.5687 0.7195
vn -0.3359 0.7797 -0.5284
vn -0.3358 0.7794 -0.5289
vn -0.3357 0.7790 -0.5296
vn 0.3923 0.7815 -0.4851
vn 0.3921 0.7817 -0.4850
vn 0.3926 0.7813 -0.4853
vn 0.3927 0.7812 -0.4853
vn 0.3282 0.5728 0.7511
vn 0.3278 0.5732 0.7510
vn 0.7995 0.5850 -0.1367
vn 0.7990 0.5855 -0.1372
vn 0.5787 0.6049 -0.5470
vn 0.2853 0.7968 0.5326
vn -0.2615 0.9624 -0.0735
vn -0.2047 0.8346 0.5114
vn -0.1678 0.9248 -0.3414
vn -0.9970 -0.0487 -0.0607
vn 0.5356 0.2868 -0.7942
vn 0.5368 0.2865 -0.7936
vn 0.5365 0.2866 -0.7938
vn 0.4569 -0.2205 0.8617
vn 0.5411 0.0606 -0.8387
vn 0.9986 -0.0279 0.0454
vn 0.9986 -0.0279 0.0457
vn -0.9895 -0.1236 -0.0747
vn -0.9894 -0.1237 -0.0755
vn -0.9895 -0.1237 -0.0750
vn -0.4515 0.0686 -0.8896
vn -0.4507 0.0685 -0.8900
vn -0.4519 0.0687 -0.8894
vn -0.5373 -0.2681 0.7997
vn -0.4318 0.5044 0.7478
vn 0.7189 0.6782 0.1528
vn 0.7185 0.6786 0.1526
vn 0.7182 0.6790 0.1524
vn -0.7804 0.6192 0.0870
vn -0.3664 0.7666 -0.5274
vn 0.3773 0.7963 -0.4729
vn 0.3775 0.7961 -0.4730
vn 0.3140 0.5384 0.7820
vn -0.4381 0.4843 0.7573
vn 0.4060 0.7502 -0.5220
vn 0.3361 0.5048 0.7951
vn 0.3357 0.5054 0.7949
vn -0.7985 0.5976 0.0731
vn 0.7093 0.6827 0.1756
vn 0.7086 0.6832 0.1761
vn 0.7088 0.6831 0.1760
vn 0.7095 0.6825 0.1754
vn -0.3724 0.7312 -0.5715
vn -0.3725 0.7315 -0.5711
vn 0.3276 0.6364 0.6983
vn 0.3273 0.6368 0.6982
vn 0.3906 0.6815 0.6188
vn 0.4426 0.7491 -0.4930
vn 0.4122 0.8253 -0.3860
vn 0.0279 0.9368 -0.3487
vn 0.1812 0.8303 -0.5270
vn -0.1126 0.8423 -0.5272
vn -0.2000 0.8321 -0.5173
vn -0.2000 0.8318 -0.5178
vn 0.5629 0.6192 -0.5475
vn -0.5439 0.8386 0.0316
vn 0.6892 0.7114 0.1374
vn 0.6886 0.7119 0.1379
vn 0.6883 0.7122 0.1381
vn 0.7555 0.6546 0.0272
vn 0.4515 -0.3733 -0.8104
vn 0.4430 0.7191 0.5355
vn -0.1323 0.9817 -0.1367
vn -0.1328 0.9817 -0.1369
vn 0.3403 0.9176 0.2053
vn -0.1423 0.8438 0.5174
vn -0.1422 0.8441 0.5170
vn -0.7358 0.6729 0.0768
vn -0.7366 0.6719 0.0772
vn -0.7361 0.6725 0.0770
vn 0.4376 -0.3114 0.8435
vn -0.5169 0.1197 0.8477
vn -0.5171 0.1200 0.8474
vn -0.9903 -0.1389 0.0029
vn -0.5050 0.1724 0.8457
vn -0.5052 0.1728 0.8455
vn -0.5415 -0.2587 -0.7999
vn 0.7543 0.6367 0.1600
vn 0.7547 0.6362 0.1602
vn 0.9081 -0.4182 0.0206
vn 0.9084 -0.4176 0.0213
vn -0.5604 -0.1319 -0.8177
vn -0.5602 -0.1322 -0.8177
vn 0.4536 -0.1063 0.8849
vn 0.8944 -0.4447 0.0476
vn 0.3176 -0.5650 -0.7615
vn 0.3172 -0.5641 -0.7623
vn 0.3171 -0.5641 -0.7624
vn 0.3173 -0.5644 -0.7620
vn -0.5718 -0.1651 -0.8036
vn -0.5719 -0.1648 -0.8036
vn 0.5433 0.1167 -0.8314
vn -0.5400 -0.1002 -0.8357
vn 0.4057 -0.2035 0.8911
vn 0.4056 -0.2032 0.8912
vn 0.4053 -0.2934 0.8658
vn 0.4052 -0.2930 0.8660
vn 0.4407 -0.2083 0.8731
vn 0.5107 -0.1367 -0.8488
vn 0.5112 -0.1371 -0.8485
vn 0.5116 -0.1373 -0.8482
vn -0.5115 0.1292 0.8495
vn -0.9987 0.0337 -0.0385
vn -0.5417 -0.1996 0.8165
vn -0.4736 0.0015 -0.8807
vn -0.9820 0.1874 -0.0216
vn -0.9820 0.1876 -0.0220
vn -0.5011 0.1811 0.8462
vn -0.5431 -0.0711 0.8367
vn -0.5435 -0.0708 0.8364
vn -0.5437 -0.0707 0.8363
vn -0.5167 -0.1745 0.8382
vn -0.9785 0.2063 -0.0019
vn -0.9785 0.2060 -0.0014
vn -0.9784 0.2065 -0.0025
vn 0.4220 -0.1954 0.8853
vn -0.5061 -0.2315 -0.8308
vn 0.4255 -0.3754 -0.8234
vn 0.4259 -0.3758 -0.8230
vn -0.9986 -0.0514 0.0131
vn -0.9986 -0.0512 0.0128
vn 0.8401 -0.5386 0.0649
vn 0.8014 -0.5915 0.0883
vn 0.8013 -0.5917 0.0887
vn 0.3881 -0.4837 -0.7845
vn 0.3880 -0.4834 -0.7847
vn 0.3881 -0.4838 -0.7844
vn 0.3312 -0.5394 -0.7741
vn 0.3314 -0.5398 -0.7738
vn -0.9979 -0.0404 -0.0508
vn 0.8448 -0.5309 0.0670
vn 0.8451 -0.5303 0.0679
vn 0.8452 -0.5301 0.0682
vn -0.9890 0.1476 0.0069
vn -0.9890 0.1478 0.0064
vn -0.9890 0.1480 0.0060
vn -0.5456 -0.1574 0.8231
vn -0.5464 -0.1570 0.8227
vn -0.4893 -0.0228 -0.8718
vn -0.5126 -0.0587 -0.8566
vn -0.4568 0.1950 -0.8679
vn 0.4344 -0.1960 0.8791
vn 0.4341 -0.1957 0.8794
vn 0.3920 -0.2303 0.8907
vn 0.3922 -0.2307 0.8905
vn 0.3923 -0.2312 0.8903
vn 0.3579 -0.5216 -0.7745
vn -0.5318 0.0370 0.8461
vn -0.5322 0.0373 0.8458
vn 0.3309 -0.5526 -0.7649
vn 0.3307 -0.5522 -0.7654
vn -0.9985 0.0538 0.0134
vn -0.9985 0.0540 0.0131
vn -0.9984 0.0542 0.0127
vn -0.5287 -0.0686 0.8461
vn 0.8128 -0.5766 0.0833
vn 0.3696 -0.4775 -0.7971
vn 0.3698 -0.4778 -0.7968
vn -0.5707 -0.1921 -0.7984
vn 0.3964 -0.2584 0.8810
vn 0.8644 -0.5007 0.0469
vn 0.8646 -0.5003 0.0464
vn 0.9875 0.1366 0.0783
vn 0.5141 -0.3291 0.7921
vn -0.2761 -0.4630 -0.8422
vn -0.2765 -0.4627 -0.8423
vn 0.1477 -0.8748 0.4615
vn 0.2324 0.7010 0.6742
vn 0.4001 -0.9110 0.1002
vn 0.4006 -0.9107 0.1003
vn -0.5145 -0.4465 -0.7321
vn 0.2872 -0.1855 0.9397
vn 0.2182 -0.4175 0.8821
vn 0.6328 -0.1369 0.7621
vn 0.9815 -0.1640 -0.0991
vn -0.8330 -0.2774 0.4787
vn -0.1828 -0.2408 -0.9532
vn 0.0022 -0.8603 -0.5098
vn 0.4866 -0.3899 -0.7818
vn 0.4373 -0.1974 0.8774
vn 0.9416 -0.3257 -0.0860
vn -0.5088 -0.2809 -0.8138
vn -0.0450 -0.9714 -0.2330
vn 0.1522 -0.5082 -0.8477
vn 0.7550 -0.3873 -0.5291
vn -0.8880 -0.4139 0.2004
vn -0.5148 -0.3735 -0.7717
vn 0.8040 -0.2709 0.5294
vn 0.8446 -0.3474 0.4073
vn -0.3584 -0.4407 -0.8230
vn 0.2757 0.8603 -0.4287
vn 0.9510 -0.2943 -0.0948
vn -0.3975 0.9119 -0.1025
vn -0.3972 0.9120 -0.1024
vn -0.3966 0.9123 -0.1023
vn -0.2592 -0.2635 0.9292
vn 0.5826 0.8014 -0.1353
vn -0.9271 -0.3672 0.0750
vn -0.8987 -0.3445 -0.2713
vn -0.5730 -0.1907 0.7971
vn -0.8831 -0.2119 0.4186
vn 0.0289 0.8363 -0.5475
vn -0.4037 0.6298 -0.6636
vn 0.3545 -0.9281 -0.1140
vn 0.5255 -0.3924 -0.7548
vn -0.5384 -0.2829 0.7938
vn 0.4664 -0.1938 0.8631
vn 0.5899 -0.3618 0.7219
vn 0.5898 -0.3609 0.7225
vn 0.5898 -0.3609 0.7224
vn 0.0445 0.9728 0.2273
vn 0.9124 -0.2891 0.2897
vn -0.2259 -0.6979 -0.6796
vn 0.0038 0.8627 0.5057
vn 0.0043 0.8627 0.5057
vn -0.4265 -0.2831 -0.8590
vn 0.0007 0.9876 -0.1571
vn 0.0013 0.9875 -0.1574
vn 0.0001 0.9876 -0.1569
vn 0.3457 -0.4740 -0.8098
vn -0.7746 -0.2230 0.5919
vn 0.9759 0.0105 0.2178
vn 0.1485 -0.9617 -0.2304
vn -0.2812 -0.2604 0.9237
vn 0.0021 0.5635 -0.8261
vn -0.1675 -0.9213 -0.3509
vn -0.1668 -0.9213 -0.3512
vn -0.2849 0.9377 0.1989
vn 0.8407 -0.3722 -0.3934
vn 0.7061 0.6888 0.1642
vn 0.3911 0.9153 0.0962
vn 0.2852 -0.9235 -0.2566
vn -0.3689 0.9117 0.1807
vn 0.2871 -0.9361 -0.2032
vn -0.0151 -0.9744 -0.2242
vn -0.2795 -0.8983 0.3389
vn -0.2795 -0.8985 0.3386
vn -0.2824 0.4481 -0.8482
vn 0.3369 0.8918 -0.3021
vn -0.1448 -0.9043 -0.4015
vn 0.1826 0.9584 -0.2193
vn -0.0191 0.1140 -0.9933
vn -0.3939 0.9191 0.0081
vn 0.1896 0.9061 0.3783
vn 0.7427 0.1206 -0.6587
vn 0.0018 -0.5621 0.8270
vn 0.3729 -0.9104 -0.1794
vn -0.6248 0.7798 0.0399
vn 0.7182 0.4986 0.4853
vn 0.8748 0.4700 0.1178
vn -0.3894 0.7295 -0.5623
vn 0.4884 0.8203 0.2976
vn -0.1576 0.3914 -0.9066
vn -0.5127 0.4277 -0.7444
vn -0.0144 0.8551 0.5183
vn 0.1875 0.8593 -0.4759
vn -0.8601 0.3911 0.3274
vn -0.6562 0.3735 0.6557
vn 0.5582 0.8257 0.0812
vn -0.4109 0.8009 -0.4357
vn -0.1068 0.4267 0.8980
vn 0.2832 0.4247 0.8599
vn 0.2402 0.8101 -0.5348
vn -0.8708 0.4683 -0.1498
vn 0.7760 0.4537 -0.4381
vn 0.5112 0.4377 -0.7396
vn -0.1144 0.8655 0.4878
vn 0.0722 0.7969 0.5998
vn 0.4001 0.4901 -0.7744
vn 0.0149 0.4850 -0.8744
vn -0.4460 0.7740 0.4494
vn 0.6470 0.7619 -0.0303
vn -0.5651 0.4290 -0.7047
vn -0.7900 0.4717 -0.3917
vn 0.2595 0.8221 0.5069
vn 0.3990 0.8393 -0.3694
vn -0.9010 0.4337 0.0121
vn -0.8251 0.4111 0.3875
vn 0.5422 0.7913 0.2826
vn -0.0824 0.6091 -0.7888
vn -0.4354 0.6808 0.5890
vn -0.0649 0.6811 0.7293
vn 0.5401 0.5996 -0.5906
vn -0.6265 0.7214 0.2949
vn 0.7879 0.6154 0.0229
vn 0.7376 0.5609 -0.3759
vn -0.7049 0.6263 -0.3329
vn -0.6630 0.7176 -0.2132
vn 0.5215 0.6110 0.5956
vn 0.7755 0.5628 0.2860
vn -0.2733 0.6360 -0.7217
vn 0.5235 0.5214 -0.6738
vn -0.8034 0.5921 0.0631
vn -0.7412 0.6277 0.2379
vn 0.7596 0.5839 -0.2866
vn -0.6963 0.5126 0.5024
vn -0.3078 0.3625 -0.8797
vn -0.4187 0.8118 0.4070
vn -0.0673 0.9051 0.4199
vn 0.1127 0.4334 -0.8941
vn 0.4765 0.8784 0.0369
vn 0.3687 0.8574 -0.3590
vn 0.8615 0.3632 0.3548
vn -0.2154 0.8440 -0.4912
vn -0.4825 0.8539 -0.1950
vn 0.4254 0.3809 0.8210
vn -0.5748 0.8170 -0.0457
vn 0.6255 -0.7791 -0.0419
vn -0.7166 -0.4992 -0.4870
vn -0.8753 -0.4699 -0.1144
vn 0.3884 -0.7282 0.5646
vn -0.4900 -0.8197 -0.2967
vn 0.1555 -0.3917 0.9069
vn 0.5149 -0.4282 0.7426
vn 0.0162 -0.8546 -0.5190
vn -0.1866 -0.8585 0.4777
vn 0.8607 -0.3917 -0.3253
vn 0.6539 -0.3736 -0.6579
vn -0.5598 -0.8244 -0.0832
vn 0.4129 -0.7999 0.4355
vn 0.1090 -0.4272 -0.8975
vn -0.2863 -0.4249 -0.8588
vn -0.2427 -0.8091 0.5352
vn 0.8707 -0.4669 0.1545
vn -0.7769 -0.4543 0.4360
vn -0.5085 -0.4378 0.7414
vn 0.1124 -0.8647 -0.4895
vn -0.0744 -0.7965 -0.6001
vn -0.4023 -0.4907 0.7729
vn -0.0113 -0.4851 0.8744
vn 0.4479 -0.7734 -0.4486
vn -0.6482 -0.7608 0.0316
vn 0.5633 -0.4292 0.7060
vn 0.7910 -0.4722 0.3889
vn -0.2581 -0.8212 -0.5090
vn -0.3988 -0.8384 0.3714
vn 0.9007 -0.4343 -0.0099
vn 0.8237 -0.4111 -0.3904
vn -0.5430 -0.7899 -0.2850
vn 0.0843 -0.6083 0.7893
vn 0.4372 -0.6810 -0.5874
vn 0.0615 -0.6811 -0.7296
vn -0.5426 -0.5984 0.5895
vn 0.6260 -0.7210 -0.2972
vn -0.7873 -0.6161 -0.0253
vn -0.7363 -0.5605 0.3792
vn 0.7050 -0.6249 0.3355
vn 0.6641 -0.7171 0.2115
vn -0.5196 -0.6116 -0.5967
vn -0.7769 -0.5625 -0.2830
vn 0.2717 -0.6347 0.7234
vn -0.5259 -0.5206 0.6726
vn 0.8035 -0.5920 -0.0627
vn 0.7409 -0.6278 -0.2387
vn -0.7601 -0.5823 0.2885
vn 0.6940 -0.5120 -0.5062
vn 0.3074 -0.3611 0.8804
vn 0.4217 -0.8108 -0.4059
vn 0.0626 -0.9058 -0.4191
vn -0.1139 -0.4320 0.8946
vn -0.4760 -0.8785 -0.0408
vn -0.3660 -0.8566 0.3637
vn -0.8631 -0.3618 -0.3524
vn 0.2122 -0.8439 0.4927
vn 0.4847 -0.8536 0.1907
vn -0.4226 -0.3795 -0.8231
vn 0.5764 -0.8157 0.0480
vn -0.9031 -0.3829 -0.1945
vn -0.9033 -0.3824 -0.1947
vn -0.4644 0.3670 0.8060
vn -0.8803 -0.4071 -0.2435
vn -0.0704 -0.8566 0.5111
vn -0.0929 -0.3636 -0.9269
vn 0.3369 -0.0138 0.9414
vn -0.2651 0.7783 -0.5691
vn 0.3969 -0.9178 -0.0117
vn 0.0576 -0.2490 -0.9668
vn 0.5048 -0.2643 -0.8218
vn 0.3965 -0.9165 0.0539
vn -0.6298 0.7717 -0.0890
vn -0.4841 -0.2010 0.8516
vn 0.3783 -0.8169 0.4353
vn 0.3784 -0.8170 0.4350
vn 0.3829 0.9042 0.1889
vn 0.4307 -0.4160 -0.8009
vn 0.4742 -0.7953 0.3776
vn -0.3876 -0.9024 -0.1882
vn 0.7848 -0.4065 -0.4678
vn -0.3720 0.8937 -0.2508
vn -0.9255 -0.2915 -0.2419
vn 0.2799 -0.3858 0.8791
vn 0.2798 -0.3854 0.8793
vn 0.2798 -0.3857 0.8792
vn 0.9265 -0.3571 -0.1188
vn -0.0161 -0.9363 -0.3508
vn -0.9497 -0.2814 -0.1372
vn 0.3749 0.8386 0.3952
vn 0.5860 -0.4046 -0.7020
vn -0.9221 -0.3319 -0.1990
vn -0.6003 -0.4279 -0.6757
vn -0.5754 -0.4291 0.6963
vn -0.4001 -0.2773 0.8735
vn 0.0423 -0.1948 0.9799
vn 0.3083 -0.4036 -0.8614
vn -0.7069 -0.2338 0.6676
vn -0.6128 -0.3423 -0.7122
vn 0.6353 -0.3965 -0.6627
vn -0.1019 -0.4700 -0.8767
vn 0.3945 -0.2491 0.8845
vn 0.3946 -0.2494 0.8844
vn 0.9943 0.0112 0.1060
vn 0.3896 -0.3635 -0.8462
vn -0.8352 0.4751 0.2770
vn 0.7934 -0.2809 0.5400
vn 0.2428 0.8890 0.3883
vn -0.3213 0.9357 0.1456
vn 0.5324 -0.1642 0.8304
vn -0.4689 -0.4985 -0.7291
vn 0.1881 -0.3422 0.9206
vn -0.1896 -0.7812 0.5948
vn -0.2227 0.8474 -0.4820
vn 0.2207 0.9192 0.3260
vn -0.2245 -0.9169 -0.3300
vn -0.6046 -0.5875 -0.5379
vn 0.3035 0.6532 0.6937
vn 0.2758 0.9539 0.1183
vn -0.5575 -0.8098 0.1831
vn -0.1893 -0.9503 -0.2473
vn -0.0489 -0.7339 0.6775
vn 0.0579 0.7285 -0.6826
vn 0.0585 0.7286 -0.6824
vn -0.4544 0.8849 -0.1027
vn -0.1117 -0.2676 -0.9570
vn -0.1470 0.8760 -0.4593
vn -0.1467 0.8761 -0.4592
vn -0.5229 0.7598 -0.3864
vn -0.5229 -0.4166 -0.7437
vn -0.0904 -0.5439 -0.8343
vn -0.7326 -0.6429 -0.2235
vn 0.8573 -0.5141 0.0281
vn 0.3982 0.9171 0.0169
vn 0.3132 -0.8973 0.3111
vn 0.3133 -0.8974 0.3106
vn 0.3134 -0.8977 0.3098
vn 0.4507 -0.7742 -0.4444
vn 0.1774 -0.9460 0.2713
vn -0.4021 -0.4707 -0.7853
vn -0.6744 -0.6336 0.3791
vn -0.8331 -0.0136 -0.5529
vn -0.3609 -0.9253 -0.1167
vn -0.0377 -0.4163 -0.9084
vn 0.2198 -0.1906 0.9567
vn 0.5041 -0.4028 -0.7639
vn 0.1906 -0.3455 0.9189
vn 0.1907 -0.3458 0.9187
vn -0.8645 -0.3427 -0.3676
vn -0.2801 -0.8584 0.4297
vn 0.8554 -0.3054 -0.4182
vn 0.7137 -0.2789 0.6425
vn -0.4705 0.7970 -0.3787
vn -0.1869 -0.9053 -0.3815
vn 0.7092 -0.5149 -0.4815
vn 0.6240 -0.4515 -0.6378
vn 0.7726 -0.2855 -0.5670
vn -0.7191 -0.6417 0.2666
vn -0.4489 0.3747 -0.8112
vn -0.7331 -0.6356 -0.2421
vn 0.2913 -0.9540 -0.0714
vn 0.7851 -0.4864 -0.3834
vn 0.4709 -0.8601 0.1963
vn 0.6338 -0.3446 0.6925
vn 0.2485 -0.2902 0.9241
vn -0.1982 -0.0096 0.9801
vn -0.8654 -0.2714 -0.4213
vn -0.8652 -0.2716 -0.4215
vn -0.0907 0.9416 0.3244
vn -0.4981 -0.3192 -0.8062
vn -0.1073 0.6721 0.7327
vn 0.0444 -0.7443 -0.6664
vn -0.7969 -0.3776 -0.4716
vn -0.6918 0.6943 0.1986
vn -0.6916 0.6944 0.1989
vn 0.3585 0.9267 0.1125
vn 0.3582 0.9268 0.1125
vn -0.7104 -0.6857 -0.1585
vn 0.0299 -0.8865 0.4617
vn 0.3882 0.9049 -0.1747
vn 0.3882 0.9048 -0.1750
vn 0.1905 0.7829 -0.5923
vn 0.1902 0.7828 -0.5925
vn -0.0890 -0.3942 -0.9147
vn 0.0633 0.9978 -0.0219
vn 0.0631 0.9978 -0.0216
vn 0.0635 0.9977 -0.0223
vn 0.4109 0.7522 0.5151
vn -0.3622 0.8857 0.2906
vn -0.3619 0.8859 0.2903
vn 0.9293 -0.3199 -0.1847
vn 0.9294 -0.3195 -0.1846
vn 0.7123 -0.4073 -0.5716
vn 0.2923 0.7913 -0.5370
vn -0.0225 -0.9245 0.3804
vn 0.8432 -0.3779 -0.3823
vn 0.8432 -0.3777 -0.3826
vn 0.4883 -0.4375 0.7551
vn 0.4907 -0.5056 0.7096
vn -0.2802 -0.9525 -0.1195
vn 0.6595 -0.7394 -0.1351
vn 0.2259 -0.7672 -0.6003
vn 0.2263 -0.7669 -0.6006
vn -0.8659 -0.0204 0.4998
vn -0.8657 -0.0202 0.5002
vn -0.9879 -0.1452 -0.0539
vn -0.9880 -0.1449 -0.0533
vn -0.4603 -0.8468 0.2665
vn -0.0321 -0.8334 0.5517
vn -0.0317 -0.8336 0.5515
vn -0.7901 -0.3960 -0.4679
vn -0.0240 -0.3562 -0.9341
vn -0.0661 0.8574 -0.5104
vn -0.0662 0.8575 -0.5101
vn 0.2049 -0.0516 0.9774
vn -0.5969 -0.2831 0.7507
vn 0.1957 0.1556 0.9682
vn 0.5951 -0.4090 0.6918
vn 0.1884 -0.4757 -0.8592
vn -0.8480 -0.3077 0.4316
vn 0.3449 -0.9049 0.2494
vn 0.1709 -0.8577 -0.4850
vn -0.5997 -0.2391 0.7637
vn -0.5997 -0.2388 0.7637
vn 0.4793 -0.7086 -0.5178
vn -0.3893 -0.9048 0.1726
vn 0.9025 -0.4270 -0.0560
vn 0.4565 -0.8832 0.1073
vn 0.5335 -0.3985 0.7461
vn -0.7567 0.6538 0.0052
vn -0.4168 0.8979 -0.1412
vn 0.3403 0.9125 -0.2270
vn 0.0666 -0.8548 0.5146
vn 0.0667 -0.8550 0.5144
vn -0.3175 -0.9379 0.1396
vn -0.2326 -0.6171 -0.7518
vn -0.6483 -0.3997 -0.6480
vn 0.4750 0.5199 -0.7099
vn 0.4748 0.5198 -0.7102
vn -0.3127 -0.8712 0.3784
vn -0.3122 -0.8714 0.3784
vn 0.5280 -0.1926 -0.8271
vn -0.4472 -0.4920 0.7470
vn 0.0835 0.3317 0.9397
vn -0.4498 0.5582 -0.6972
vn 0.6595 -0.4439 -0.6067
vn 0.0673 0.8590 -0.5076
vn 0.8366 0.4995 -0.2249
vn 0.7535 0.6515 0.0878
vn 0.9215 0.3407 0.1865
vn 0.4830 -0.2644 -0.8347
vn -0.7167 -0.6949 -0.0588
vn 0.0824 -0.4266 -0.9007
vn 0.7907 0.2058 0.5765
vn -0.3858 -0.9172 -0.0996
vn -0.9431 0.3269 -0.0608
vn 0.6667 0.3940 0.6327
vn -0.6230 0.5658 0.5401
vn 0.8728 -0.3758 -0.3114
vn -0.2219 0.7684 0.6003
vn -0.4701 0.8609 -0.1946
vn -0.8566 0.5154 -0.0250
vn 0.6451 -0.7212 0.2523
vn 0.6455 -0.7211 0.2517
vn 0.2887 0.8862 -0.3623
vn -0.5706 -0.2865 -0.7696
vn -0.8425 -0.4137 0.3450
vn 0.9164 -0.3945 0.0672
vn -0.8904 -0.3168 -0.3270
vn 0.7507 0.5415 -0.3783
vn -0.9111 0.2325 -0.3402
vn 0.4117 -0.3690 0.8333
vn 0.4452 -0.7417 -0.5017
vn 0.9625 0.2097 -0.1723
vn -0.2138 -0.2522 -0.9438
vn -0.4387 0.8858 -0.1514
vn -0.4391 0.8857 -0.1510
vn -0.4393 0.8856 -0.1508
vn 0.2702 -0.7760 0.5699
vn -0.6445 0.7241 -0.2455
vn -0.6448 0.7240 -0.2451
vn -0.6450 0.7239 -0.2447
vn -0.2611 0.7523 -0.6049
vn -0.2611 0.7520 -0.6052
vn -0.5050 -0.4234 -0.7522
vn 0.2926 0.0026 -0.9562
vn -0.2475 -0.8869 -0.3900
vn -0.4020 -0.9155 -0.0158
vn -0.4018 -0.9156 -0.0162
vn -0.8904 -0.4541 0.0321
vn 0.2193 -0.0537 0.9742
vn -0.3752 -0.0992 -0.9216
vn -0.1226 0.5505 0.8258
vn 0.8123 0.5740 -0.1035
vn -0.9165 -0.2486 0.3133
vn 0.2783 -0.8699 -0.4071
vn -0.2492 0.9340 0.2561
vn -0.3520 0.9295 0.1102
vn -0.3524 0.9293 0.1103
vn 0.7576 -0.6526 -0.0051
vn -0.0636 -0.7280 0.6826
vn -0.6070 -0.7649 0.2157
vn -0.3281 -0.4994 -0.8018
vn 0.1630 -0.8756 0.4546
vn 0.9197 -0.1278 0.3712
vn -0.1754 0.9477 -0.2668
vn 0.5008 -0.3717 0.7816
vn -0.3731 -0.8376 -0.3991
vn -0.9478 -0.3063 0.0881
vn -0.0067 -0.9875 0.1574
vn -0.0062 -0.9875 0.1572
vn -0.0054 -0.9876 0.1569
vn 0.6486 0.5842 0.4880
vn -0.4421 0.7432 0.5023
vn -0.0157 0.9537 -0.3003
vn -0.6370 -0.0840 -0.7663
vn 0.6073 -0.4649 -0.6442
vn -0.3612 -0.2453 0.8997
vn -0.9137 -0.3592 0.1901
vn -0.0309 0.8889 -0.4570
vn -0.0313 0.8891 -0.4566
vn -0.6458 -0.1323 -0.7520
vn 0.7500 -0.5465 0.3726
vn -0.9344 -0.3352 0.1211
vn -0.1198 0.8846 -0.4507
vn 0.1287 0.0038 0.9917
vn -0.6577 0.7404 0.1386
vn -0.4843 0.8183 -0.3095
vn -0.4841 0.8183 -0.3100
vn 0.6304 -0.7707 0.0931
vn 0.2588 -0.7507 0.6078
vn 0.6778 0.4150 -0.6069
vn 0.8288 0.5510 0.0974
vn 0.4175 -0.8893 -0.1865
vn 0.4470 0.6896 0.5698
vn 0.6087 -0.7896 0.0770
vn -0.1600 0.8775 -0.4522
vn -0.1600 0.8776 -0.4519
vn -0.1600 0.8780 -0.4511
vn 0.3881 0.2028 -0.8990
vn -0.3438 -0.9109 0.2282
vn -0.8054 0.5880 0.0746
vn 0.3022 -0.6907 -0.6570
vn -0.3400 -0.8895 0.3053
vn -0.1721 0.8599 0.4805
vn -0.1862 -0.9565 0.2244
vn -0.0729 0.9573 0.2798
vn 0.7055 0.6123 0.3570
vn 0.3634 -0.4335 -0.8246
vn 0.3765 -0.8916 0.2515
vn -0.1569 0.9036 -0.3987
vn 0.3482 0.6476 -0.6777
vn 0.8233 -0.4047 0.3981
vn -0.0718 -0.2299 -0.9706
vn 0.3604 0.8275 -0.4305
vn -0.8303 -0.5494 -0.0940
vn -0.8428 -0.1948 0.5017
vn -0.3775 0.8201 -0.4299
vn -0.8112 0.4281 -0.3984
vn 0.9339 -0.2831 0.2185
vn -0.9033 -0.4117 0.1209
vn -0.4672 0.0353 0.8835
vn -0.6983 -0.2792 0.6591
vn -0.1493 0.5096 0.8473
vn 0.5185 0.4536 -0.7249
vn -0.6980 -0.2468 0.6722
vn -0.1011 0.4721 -0.8757
vn 0.3923 -0.2545 0.8839
vn -0.4166 -0.5719 0.7067
vn -0.7463 -0.3097 0.5892
vn -0.3648 -0.8263 0.4292
vn -0.6260 0.4527 0.6349
vn 0.3521 0.1939 0.9157
vn -0.2915 -0.7884 0.5417
vn 0.0354 -0.8547 -0.5179
vn 0.0354 -0.8550 -0.5175
vn 0.6628 -0.2789 0.6949
vn 0.0764 -0.3771 0.9230
vn -0.7540 -0.2723 0.5978
vn 0.3202 -0.3859 -0.8652
vn 0.0125 0.9759 0.2181
vn 0.6417 -0.2655 0.7196
vn -0.3104 0.8995 -0.3074
vn -0.3804 -0.9234 -0.0509
vn -0.3807 -0.9232 -0.0515
vn -0.5852 -0.7989 0.1389
vn 0.5902 -0.2809 0.7568
vn -0.6475 -0.5827 -0.4911
vn -0.4974 0.5051 -0.7053
vn 0.2800 0.9004 -0.3329
vn -0.1452 0.9631 0.2265
vn -0.1452 0.9632 0.2261
vn 0.7612 -0.3356 0.5549
vn -0.4891 -0.2564 -0.8337
vn -0.8077 -0.1482 0.5707
vn 0.5607 -0.4434 -0.6993
vn 0.8786 -0.3343 0.3410
vn 0.8789 -0.3334 0.3411
vn 0.8789 -0.3336 0.3411
vn 0.8784 -0.3348 0.3409
vn 0.4140 -0.2333 -0.8799
vn 0.2548 -0.9312 -0.2608
vn 0.6056 0.7673 -0.2111
vn -0.9118 -0.3160 -0.2622
vn -0.2074 -0.2616 -0.9426
vn 0.5549 0.8108 -0.1863
vn -0.0138 -0.6037 0.7971
vn 0.6917 -0.6938 -0.2006
vn 0.6918 -0.6937 -0.2003
vn 0.9373 -0.2906 0.1926
vn -0.3444 0.9065 -0.2441
vn -0.8688 -0.3983 0.2942
vn -0.4878 0.5063 -0.7111
vn -0.7949 0.2501 -0.5528
vn -0.1559 0.9515 0.2654
vn -0.1564 0.9514 0.2653
vn 0.8368 -0.4738 -0.2744
vn -0.0980 -0.2422 0.9653
vn -0.3053 0.6926 0.6535
vn 0.3639 0.9287 -0.0711
vn 0.3210 -0.9355 -0.1479
vn -0.3690 -0.9269 0.0688
vn -0.3686 -0.9271 0.0687
vn -0.3207 -0.2685 0.9083
vn -0.3896 0.9202 -0.0381
vn 0.9354 -0.2147 0.2809
vn 0.9356 -0.2145 0.2804
vn 0.1078 0.7483 -0.6545
vn -0.1380 -0.2466 0.9592
vn -0.0479 0.7455 0.6648
vn -0.4453 -0.6885 -0.5725
vn -0.3917 -0.9145 -0.1009
vn 0.0986 -0.4703 0.8770
vn 0.3021 -0.1960 0.9329
vn -0.9741 0.1279 -0.1864
vn 0.8548 -0.3007 0.4229
vn -0.4157 -0.7503 -0.5140
vn -0.8343 -0.5418 -0.1022
vn 0.0843 -0.9415 -0.3263
vn 0.3943 -0.9182 0.0381
vn 0.8298 -0.3877 -0.4015
vn 0.7098 -0.2910 0.6415
vn 0.8352 -0.2680 0.4803
vn -0.7860 0.4877 0.3800
vn 0.4844 -0.8153 0.3171
vn 0.4847 -0.8153 0.3166
vn 0.4853 -0.8154 0.3156
vn 0.9703 -0.1307 -0.2037
vn -0.5113 -0.8574 0.0584
vn -0.4396 0.8445 0.3059
vn -0.9359 -0.3523 0.0011
vn -0.0642 -0.9977 0.0197
vn 0.2713 0.5054 0.8191
vn -0.9087 0.2836 0.3062
vn -0.7481 0.5472 -0.3755
vn 0.4424 -0.8840 0.1515
vn 0.4420 -0.8841 0.1518
vn -0.7118 -0.3674 0.5986
vn -0.7114 -0.3671 0.5993
vn 0.1862 0.9517 0.2443
vn 0.0706 -0.4078 -0.9103
vn -0.9374 -0.3469 0.0301
vn -0.1044 -0.7462 0.6575
vn 0.5267 -0.7584 0.3839
vn -0.7824 -0.3064 0.5421
vn 0.7681 -0.0198 -0.6401
vn -0.2747 -0.5043 -0.8186
vn -0.2750 -0.5042 -0.8186
vn 0.5068 0.8605 -0.0520
vn 0.1578 -0.9001 0.4061
vn 0.9453 -0.3061 0.1130
vn 0.9391 -0.3358 -0.0728
vn 0.6658 -0.2574 -0.7003
vn 0.6654 -0.2572 -0.7008
vn 0.9100 -0.4000 0.1087
vn 0.3827 0.9190 0.0950
vn 0.5400 -0.3275 -0.7753
vn 0.8629 -0.2705 0.4269
vn 0.3505 -0.9186 0.1825
vn 0.0181 0.9242 -0.3816
vn 0.9761 0.0304 0.2151
vn 0.3668 -0.8839 -0.2902
vn 0.0664 -0.3516 0.9338
vn -0.7034 -0.4207 -0.5729
vn -0.1052 0.0133 0.9944
vn 0.4425 -0.8422 -0.3082
vn 0.8381 -0.1066 0.5350
vn -0.3231 0.2938 0.8996
vn 0.9441 -0.3292 0.0165
vn 0.7157 0.6962 0.0552
vn 0.9717 -0.0998 -0.2143
vn -0.0350 -0.4898 -0.8711
vn -0.8043 0.0125 -0.5941
vn -0.2904 -0.8839 0.3665
vn -0.2898 -0.8842 0.3662
vn 0.9886 -0.0304 -0.1472
vn 0.8848 0.2787 -0.3733
vn 0.1527 -0.2233 -0.9627
vn 0.1634 0.9228 0.3490
vn 0.1630 0.9228 0.3492
vn -0.6552 -0.2232 0.7217
vn -0.3919 0.9185 -0.0532
vn -0.8918 -0.3308 0.3087
vn 0.0161 -0.9520 0.3055
vn -0.8852 0.2334 0.4024
vn -0.6065 0.7909 -0.0812
vn 0.1223 -0.2482 -0.9609
vn 0.9277 -0.2902 -0.2350
vn 0.1318 -0.2072 0.9694
vn 0.1318 -0.2069 0.9694
vn 0.9435 -0.3192 0.0890
vn 0.0185 0.9380 0.3461
vn -0.3456 0.9208 -0.1809
vn 0.3098 0.8736 -0.3752
vn -0.2822 -0.2676 -0.9213
vn 0.2694 -0.2364 -0.9336
vn 0.4131 0.5737 -0.7073
vn -0.9240 -0.3302 0.1928
vn -0.2805 0.8725 0.4000
vn -0.2809 0.8725 0.3997
vn 0.0455 0.7353 -0.6762
vn -0.8268 -0.2841 0.4854
vn -0.7975 -0.6031 -0.0171
vn -0.2879 0.9552 0.0690
vn -0.4966 -0.2567 0.8292
vn -0.4967 -0.2564 0.8292
vn -0.9304 -0.3089 -0.1974
vn -0.8958 -0.3823 0.2267
vn -0.4133 0.8912 0.1869
vn -0.4135 0.8912 0.1866
vn -0.5357 -0.2176 0.8159
vn 0.0753 -0.9557 -0.2846
vn 0.0756 -0.9556 -0.2848
vn 0.0759 -0.9555 -0.2849
vn 0.1178 -0.8825 0.4553
vn 0.9440 0.0311 0.3286
vn 0.1591 -0.9503 -0.2676
vn 0.1596 -0.9503 -0.2675
vn -0.4809 0.7107 0.5134
vn -0.0382 0.8568 0.5143
vn -0.2386 -0.2579 0.9363
vn -0.8636 -0.3141 -0.3944
vn 0.7150 -0.5213 0.4660
vn -0.9820 -0.0272 0.1867
vn 0.3669 -0.5238 -0.7688
vn 0.7307 0.6373 0.2448
vn 0.6747 0.6356 -0.3753
vn -0.5751 -0.1969 0.7940
vn -0.2802 -0.2876 -0.9158
vn 0.3120 0.9400 -0.1381
vn 0.2274 -0.8453 0.4835
vn -0.7530 -0.5400 0.3761
vn 0.7233 -0.5547 -0.4113
vn 0.6643 0.0950 0.7414
vn 0.9362 0.1513 -0.3173
vn 0.9360 0.1515 -0.3178
vn 0.0887 0.0940 -0.9916
vn -0.6152 0.5381 -0.5762
vn -0.0075 -0.5281 -0.8492
vn -0.0588 -0.2828 -0.9574
vn 0.3762 0.9252 0.0495
vn 0.1827 -0.1778 0.9670
vn 0.4212 -0.8964 0.1378
vn 0.4206 -0.8967 0.1380
vn 0.7588 0.4255 -0.4931
vn 0.9309 0.0952 0.3527
vn 0.4548 0.8492 -0.2683
vn 0.1427 0.9070 0.3962
vn 0.4958 -0.5033 0.7077
vn -0.5924 -0.2360 0.7703
vn -0.4293 -0.3348 0.8388
vn -0.8757 0.0589 0.4792
vn -0.8493 -0.0718 0.5231
vn 0.9938 0.1049 0.0361
vn 0.4070 -0.6279 0.6634
vn -0.4544 0.7755 0.4382
vn -0.4534 0.7759 0.4387
vn -0.2857 0.9248 0.2514
vn -0.4724 -0.5184 0.7128
vn -0.4727 -0.5187 0.7124
vn 0.0762 0.3296 0.9410
vn 0.2508 0.3335 -0.9088
vn -0.8253 0.2102 0.5241
vn -0.5132 -0.7707 -0.3776
vn 0.0757 -0.8253 0.5595
vn 0.3584 0.4778 0.8020
vn -0.5408 0.5590 -0.6285
vn 0.3508 0.9217 -0.1655
vn 0.8778 -0.2597 0.4026
vn 0.9335 0.2521 -0.2552
vn 0.0941 0.7610 -0.6419
vn -0.2629 -0.7617 -0.5921
vn -0.2675 0.6461 0.7149
vn -0.6094 -0.5230 0.5959
vn 0.5635 -0.5299 -0.6338
vn 0.7239 -0.4612 -0.5132
vn 0.0510 -0.2147 0.9753
vn -0.9563 0.2809 0.0807
vn -0.9719 -0.0515 -0.2296
vn 0.8918 -0.1558 0.4248
vn 0.8916 -0.1558 0.4251
vn 0.8914 -0.1557 0.4257
vn -0.2749 -0.0712 -0.9588
vn 0.8207 0.3929 0.4149
vn 0.6709 -0.6197 0.4072
vn -0.3816 -0.5371 -0.7523
vn 0.1811 0.6179 0.7651
vn -0.7175 0.6661 -0.2037
vn -0.5461 0.6039 -0.5806
vn 0.5705 0.4926 0.6572
vn 0.7660 -0.4058 -0.4986
vn -0.8435 0.4395 0.3087
vn -0.6282 0.4209 0.6543
vn 0.6413 -0.6548 0.4000
vn 0.7491 -0.4454 -0.4904
vn -0.6419 0.7519 0.1499
vn -0.5489 0.1316 -0.8254
vn 0.8485 0.0905 -0.5214
vn 0.4155 -0.9096 0.0033
vn -0.0450 0.9469 0.3183
vn -0.8052 -0.3480 0.4801
vn -0.2128 0.2769 0.9370
vn -0.4667 -0.0275 0.8840
vn -0.7031 -0.5944 0.3904
vn 0.1938 -0.4397 -0.8770
vn 0.0186 -0.5695 0.8218
vn -0.9209 0.3864 -0.0507
vn 0.0994 0.6622 -0.7427
vn -0.9994 0.0215 0.0285
vn -0.2301 0.9530 0.1970
vn 0.0329 -0.8111 -0.5840
vn -0.1112 0.3751 -0.9203
vn 0.8487 -0.1580 -0.5048
vn 0.3596 0.2716 -0.8927
vn 0.0413 -0.0262 -0.9988
vn 0.7117 0.6927 0.1171
vn -0.7081 0.2482 0.6611
vn 0.7243 -0.0125 0.6894
vn -0.0688 -0.9924 -0.1016
vn -0.0684 -0.9925 -0.1012
vn 0.9728 -0.1857 0.1386
vn 0.4245 0.3892 -0.8175
vn 0.7150 0.5646 -0.4123
vn 0.7153 0.5645 -0.4119
vn 0.9821 -0.0473 -0.1825
vn -0.7384 0.3409 0.5819
vn 0.3175 0.9477 -0.0326
vn 0.6463 -0.4734 0.5985
vn -0.9512 -0.1623 0.2625
vn 0.1339 -0.8848 -0.4463
vn -0.4627 -0.1301 0.8769
vn -0.1879 0.7550 0.6282
vn 0.0830 0.9875 -0.1338
vn -0.5516 0.6666 -0.5013
vn 0.0090 0.8083 -0.5886
vn 0.5794 -0.8123 -0.0664
vn -0.4697 -0.3416 -0.8141
vn -0.3245 0.9340 0.1493
vn 0.1455 -0.0586 0.9876
vn 0.3962 -0.0023 0.9182
vn 0.7248 0.1401 0.6746
vn 0.5289 0.0682 0.8459
vn 0.6551 -0.0471 -0.7540
vn 0.5473 0.3202 -0.7733
vn 0.8862 0.3135 0.3411
vn 0.8860 0.3136 0.3416
vn 0.8857 0.3137 0.3423
vn 0.3566 -0.0615 -0.9322
vn -0.8059 -0.5272 -0.2694
vn -0.8061 -0.5271 -0.2690
vn -0.5666 -0.1593 0.8084
vn 0.8671 0.3716 -0.3317
vn 0.2373 -0.6863 0.6875
vn 0.2371 -0.6860 0.6879
vn 0.3974 -0.8495 0.3470
vn 0.3890 0.5516 0.7379
vn -0.9153 -0.0332 0.4013
vn 0.0935 -0.9917 -0.0887
vn 0.0937 -0.9917 -0.0884
vn -0.1269 -0.9074 0.4007
vn -0.7032 0.2641 -0.6601
vn 0.6480 0.7444 0.1610
vn 0.6478 0.7445 0.1614
vn -0.2402 -0.4769 0.8455
vn 0.4264 -0.3860 0.8180
vn -0.6017 0.6973 -0.3894
vn 0.7899 -0.6114 -0.0478
vn 0.7901 -0.6112 -0.0473
vn -0.5693 -0.8216 0.0291
vn -0.5692 -0.8217 0.0288
vn 0.3606 -0.5741 -0.7351
vn 0.9727 0.2142 0.0898
vn -0.1200 0.2374 0.9640
vn -0.2069 0.1303 0.9696
vn -0.1012 -0.0835 0.9913
vn 0.1594 -0.0268 0.9868
vn -0.5700 -0.2949 -0.7669
vn -0.6092 0.7917 -0.0451
vn -0.8891 -0.4155 -0.1919
vn -0.7258 0.4938 0.4790
vn -0.7260 0.4938 0.4787
vn -0.7262 0.4938 0.4784
vn 0.0097 -0.1814 -0.9834
vn 0.7455 0.6012 0.2878
vn 0.3910 0.6183 0.6818
vn 0.5220 0.1225 0.8441
vn -0.5268 0.1646 -0.8339
vn -0.6429 0.2472 -0.7250
vn -0.6527 0.0937 -0.7518
vn -0.5327 0.0175 -0.8462
vn -0.0348 0.2747 -0.9609
vn 0.0239 0.3238 -0.9458
vn -0.3005 0.2111 -0.9301
vn -0.5726 -0.7583 0.3117
vn -0.5723 -0.7583 0.3122
vn -0.5719 -0.7583 0.3128
vn 0.8191 -0.5720 -0.0423
vn 0.1938 -0.1699 0.9662
vn -0.9146 -0.0946 -0.3932
vn -0.9149 -0.0944 -0.3924
vn -0.9151 -0.0944 -0.3920
vn -0.2237 -0.9120 0.3438
vn -0.6848 0.6657 0.2966
vn -0.1518 -0.0494 -0.9872
vn 0.4205 0.8045 -0.4194
vn 0.4206 0.8047 -0.4190
vn -0.8668 -0.4959 0.0522
vn -0.2760 0.9216 -0.2731
vn -0.7890 0.4405 -0.4283
vn -0.6584 -0.5297 -0.5347
vn -0.3898 -0.5280 -0.7545
vn -0.3864 -0.5742 -0.7218
vn -0.7429 -0.5562 -0.3725
vn -0.2033 0.3965 0.8952
vn -0.2028 0.3968 0.8952
vn -0.2077 -0.6321 0.7465
vn 0.6209 0.7189 -0.3126
vn 0.6212 0.7187 -0.3124
vn 0.0243 -0.5001 -0.8656
vn 0.6212 -0.7077 0.3366
vn -0.7960 -0.5868 0.1484
vn 0.1722 0.8814 0.4398
vn -0.1323 0.2403 0.9616
vn -0.6511 -0.4434 0.6160
vn -0.5779 0.3882 -0.7179
vn -0.4411 -0.0547 0.8958
vn -0.4559 -0.4275 0.7806
vn 0.8506 -0.5237 0.0470
vn 0.5399 -0.4100 0.7351
vn -0.9321 -0.3171 -0.1748
vn 0.3495 -0.2146 0.9120
vn -0.3774 -0.3514 0.8568
vn -0.8851 -0.3618 -0.2928
vn -0.7597 -0.2218 -0.6113
vn -0.7937 -0.3112 -0.5227
vn 0.0762 0.9358 0.3443
vn 0.0767 0.9358 0.3440
vn 0.0774 0.9359 0.3436
vn 0.3632 0.1705 0.9160
vn 0.0409 -0.5173 0.8548
vn 0.2203 -0.0472 -0.9743
vn -0.1595 0.9805 -0.1149
vn -0.9918 -0.0217 -0.1259
vn 0.9991 0.0418 -0.0087
vn -0.1578 0.4719 -0.8674
vn -0.0410 -0.9987 -0.0310
vn 0.3306 -0.8334 -0.4430
vn -0.7469 -0.3813 0.5447
vn 0.8440 0.4386 -0.3087
vn -0.0257 -0.0928 -0.9954
vn -0.3745 -0.9272 -0.0075
vn 0.6747 0.1907 0.7130
vn 0.8788 0.0818 -0.4702
vn 0.9472 -0.2772 -0.1612
vn -0.3078 0.7014 0.6429
vn 0.9404 0.3378 0.0391
vn 0.3546 -0.8959 -0.2676
vn -0.8724 0.4559 -0.1760
vn -0.2204 0.2447 -0.9442
vn 0.9914 -0.0122 -0.1300
vn 0.5707 0.2295 0.7884
vn -0.0668 -0.6469 -0.7596
vn -0.1241 0.3330 -0.9347
vn 0.2809 0.0791 0.9565
vn 0.8923 0.3179 0.3205
vn 0.3484 0.3540 0.8679
vn 0.9214 -0.2584 0.2904
vn -0.8243 0.0717 -0.5616
vn -0.9731 0.0645 -0.2213
vn -0.8059 -0.0835 0.5861
vn 0.9070 0.4164 -0.0624
vn 0.6675 -0.1943 0.7188
vn -0.8855 0.1136 -0.4505
vn 0.1421 -0.8505 0.5065
vn -0.7562 0.6010 0.2590
vn -0.4319 -0.9017 0.0211
vn -0.2216 0.9626 0.1560
vn -0.2690 -0.9627 -0.0277
vn -0.4082 -0.8359 -0.3670
vn -0.9642 0.0596 0.2582
vn -0.5742 0.2805 -0.7691
vn 0.2216 -0.9626 -0.1560
vn 0.2542 -0.0836 0.9635
vn -0.6434 0.7262 0.2422
vn -0.6873 -0.2755 -0.6721
vn 0.7562 -0.6009 -0.2590
vn -0.4530 0.8482 -0.2744
vn -0.5333 0.0123 -0.8459
vn 0.5088 -0.7555 0.4127
vn 0.6474 -0.1684 -0.7433
vn 0.9798 0.1815 0.0839
vn -0.1641 -0.7386 -0.6539
vn 0.0136 -0.4131 0.9106
vn -0.0650 -0.8349 -0.5465
vn 0.3160 0.0373 -0.9480
vn 0.7605 0.0602 0.6465
vn 0.8249 0.2340 -0.5145
vn -0.8249 -0.2340 0.5145
vn 0.1064 0.9673 -0.2304
vn -0.8573 -0.4842 0.1749
vn -0.9480 0.1752 0.2658
vn 0.4319 0.9017 -0.0211
vn 0.2202 0.9075 -0.3577
vn 0.7602 0.4975 0.4178
vn 0.5369 0.4922 -0.6851
vn -0.4037 -0.3651 -0.8389
vn -0.5513 0.5961 0.5837
vn 0.4855 -0.7224 -0.4925
vn 0.6187 0.2263 -0.7524
vn 0.6496 -0.0524 -0.7585
vn -0.4500 -0.2566 -0.8553
vn -0.7605 -0.0602 -0.6465
vn -0.2202 -0.9075 0.3577
vn 0.2518 0.9113 0.3257
vn -0.2542 0.0836 -0.9635
vn 0.4620 -0.2536 0.8498
vn 0.3514 0.1963 -0.9154
vn 0.4082 0.8358 0.3670
vn 0.9280 0.0088 -0.3724
vn 0.7409 -0.6609 0.1198
vn 0.1641 0.7386 0.6539
vn 0.6318 -0.7736 0.0495
vn 0.5503 -0.2418 -0.7992
vn -0.0505 -0.1470 0.9878
vn 0.9348 -0.1462 0.3237
vn -0.3514 -0.1963 0.9154
vn -0.5088 0.7555 -0.4127
vn -0.2162 0.7633 0.6088
vn 0.4881 0.5947 -0.6388
vn -0.5464 0.0020 0.8375
vn -0.7409 0.6609 -0.1198
vn 0.1243 0.3802 -0.9165
vn -0.2017 0.6479 0.7345
vn -0.7380 -0.0132 0.6747
vn -0.9493 -0.2185 0.2260
vn -0.1421 0.8505 -0.5065
vn 0.1712 -0.9227 0.3454
vn 0.8205 0.3795 -0.4275
vn 0.9144 0.1269 0.3843
vn 0.7407 -0.1025 0.6640
vn -0.1098 0.1273 0.9858
vn -0.9798 -0.1815 -0.0839
vn 0.2017 -0.6479 -0.7345
vn 0.5513 -0.5961 -0.5837
vn -0.9530 -0.0684 -0.2950
vn -0.8183 0.0625 -0.5713
vn -0.9382 -0.0069 -0.3461
vn -0.7925 -0.5557 -0.2514
vn -0.6417 -0.7235 -0.2545
vn 0.8621 0.1917 0.4691
vn 0.7162 0.1179 0.6879
vn 0.9288 -0.0223 0.3698
g Palm_8_Palm_8_Collor_Material
usemtl Collor_Material
s off
f 116/1/1 24/2/1 34/3/2 117/4/1
f 132/5/3 12/6/3 2/7/3 127/8/3
f 6/9/4 8/10/4 130/11/5 129/12/4
f 47/13/6 57/14/7 101/15/6 100/16/6
f 54/17/8 64/18/9 120/19/9 119/20/9
f 50/21/10 60/22/10 83/23/10 82/24/10
f 37/25/11 47/26/11 100/27/11 99/28/11
f 4/29/12 6/30/12 129/31/12 128/32/12
f 115/33/13 21/34/13 24/35/14 116/36/13
f 84/37/15 70/38/15 15/39/15 79/40/15
f 107/41/16 56/42/16 66/43/16 108/44/16
f 57/45/17 67/46/17 102/47/18 101/48/17
f 86/49/19 29/50/19 39/51/20 87/52/19
f 38/53/21 48/54/21 94/55/22 93/56/21
f 127/57/23 2/58/24 4/59/23 128/60/23
f 23/61/25 33/62/26 123/63/26 122/64/26
f 13/65/27 73/66/27 74/67/27 32/68/27
f 71/69/28 84/70/28 79/71/28 14/72/28
f 87/73/29 88/74/29 50/75/29 40/76/29
f 70/77/30 90/78/30 85/79/30 15/80/30
f 77/81/31 78/82/31 72/83/31 62/84/31
f 32/85/32 74/86/32 75/87/32 42/88/32
f 60/89/33 89/90/34 90/91/34 70/92/34
f 80/93/35 81/94/35 41/95/35 31/96/35
f 88/97/36 89/98/36 60/99/36 50/100/36
f 15/101/37 85/102/37 86/103/37 30/104/37
f 61/105/38 83/106/38 84/107/38 71/108/38
f 82/109/39 83/110/39 61/111/39 51/112/39
f 76/113/40 77/114/40 62/115/40 52/116/40
f 81/117/41 82/118/41 51/119/41 41/120/41
f 95/121/42 96/122/43 69/123/43 59/124/44
f 16/125/45 91/126/45 92/127/45 29/128/45
f 93/129/46 94/130/46 49/131/46 39/132/46
f 94/133/47 95/134/47 59/135/47 49/136/47
f 86/137/48 87/138/48 40/139/48 30/140/48
f 68/141/49 102/142/50 97/143/50 17/144/50
f 67/145/51 108/146/51 103/147/51 18/148/51
f 17/149/52 97/150/52 98/151/52 28/152/52
f 101/153/53 102/154/53 68/155/54 58/156/55
f 29/157/56 92/158/56 93/159/56 39/160/56
f 100/161/57 101/162/58 58/163/59 48/164/60
f 111/165/61 112/166/61 46/167/61 36/168/61
f 112/169/62 113/170/62 56/171/62 46/172/62
f 106/173/63 107/174/63 57/175/63 47/176/63
f 99/177/64 100/178/65 48/179/66 38/180/67
f 107/181/68 108/182/68 67/183/68 57/184/68
f 118/185/69 119/186/69 55/187/69 45/188/69
f 120/189/70 115/190/70 20/191/70 65/192/70
f 12/193/71 10/194/71 155/195/71 156/196/71
f 66/197/72 114/198/72 109/199/72 19/200/72
f 28/201/73 98/202/73 99/203/73 38/204/73
f 105/205/74 106/206/74 47/207/74 37/208/74
f 25/209/75 116/210/75 117/211/75 35/212/75
f 54/213/76 125/214/76 126/215/76 64/216/76
f 110/217/77 111/218/77 36/219/77 26/220/77
f 35/221/78 117/222/78 118/223/78 45/224/78
f 2/225/79 151/226/80 152/227/80 4/228/80
f 4/229/81 152/230/81 153/231/81 6/232/81
f 130/233/82 131/234/82 53/235/82 43/236/82
f 20/237/83 115/238/83 116/239/83 25/240/83
f 21/241/84 121/242/84 122/243/84 24/244/84
f 148/245/85 161/246/86 162/247/87 150/248/86
f 142/249/88 144/250/88 153/251/88 152/252/88
f 136/253/89 137/254/89 167/255/89 166/256/89
f 168/257/90 138/258/91 133/259/92 163/260/91
f 167/261/93 137/262/94 138/263/95 168/264/96
f 135/265/97 136/266/98 166/267/97 165/268/97
f 146/269/99 148/270/100 155/271/101 154/272/102
f 151/273/103 139/274/104 142/275/103 152/276/105
f 156/277/106 150/278/106 139/279/107 151/280/106
f 162/281/108 149/282/108 140/283/109 157/284/108
f 144/285/110 146/286/111 154/287/111 153/288/111
f 143/289/112 145/290/112 160/291/113 159/292/112
f 155/293/114 148/294/115 150/295/116 156/296/117
f 161/297/118 147/298/119 149/299/120 162/300/121
f 134/301/122 135/302/123 165/303/122 164/304/124
f 145/305/125 147/306/125 161/307/125 160/308/126
f 163/309/127 133/310/127 134/311/127 164/312/127
f 141/313/128 143/314/128 159/315/129 158/316/130
f 139/317/131 157/318/132 158/319/133 142/320/133
f 150/321/134 162/322/135 157/323/136 139/324/135
f 128/325/137 129/326/137 33/327/137 23/328/137
f 160/329/138 161/330/138 148/331/139 146/332/138
f 166/333/140 167/334/140 147/335/140 145/336/141
f 149/337/142 168/338/143 163/339/144 140/340/143
f 140/341/145 163/342/146 164/343/147 141/344/148
f 165/345/149 166/346/150 145/347/150 143/348/150
f 27/349/151 104/350/151 105/351/152 37/352/151
f 18/353/153 103/354/153 104/355/153 27/356/153
f 8/357/154 6/358/154 153/359/154 154/360/154
f 119/361/155 120/362/155 65/363/155 55/364/155
f 10/365/156 8/366/156 154/367/156 155/368/156
f 12/369/157 156/370/157 151/371/157 2/372/157
f 191/373/158 173/374/158 174/375/158 192/376/158
f 187/377/159 169/378/160 170/379/161 188/380/159
f 177/381/162 178/382/162 184/383/162 183/384/162
f 157/385/163 140/386/163 141/387/163 158/388/163
f 176/389/164 177/390/164 183/391/164 182/392/165
f 185/393/166 179/394/167 180/395/168 186/396/168
f 186/397/169 180/398/170 175/399/170 181/400/171
f 178/401/172 179/402/172 185/403/172 184/404/172
f 190/405/173 191/406/173 179/407/173 178/408/173
f 141/409/174 164/410/175 165/411/176 143/412/175
f 179/413/177 191/414/177 192/415/177 180/416/177
f 180/417/178 192/418/178 187/419/178 175/420/178
f 175/421/179 187/422/180 188/423/179 176/424/179
f 189/425/181 190/426/181 178/427/181 177/428/181
f 184/429/182 185/430/182 137/431/182 136/432/182
f 182/433/183 134/434/183 133/435/183 181/436/183
f 183/437/184 184/438/184 136/439/185 135/440/184
f 185/441/186 186/442/186 138/443/186 137/444/186
f 188/445/187 189/446/188 177/447/189 176/448/190
f 181/449/191 133/450/192 138/451/192 186/452/192
f 159/453/193 160/454/193 146/455/194 144/456/193
f 129/457/195 130/458/195 43/459/195 33/460/195
f 22/461/196 127/462/196 128/463/196 23/464/196
f 14/465/197 79/466/197 80/467/197 31/468/197
f 72/469/198 78/470/198 73/471/198 13/472/198
f 69/473/199 96/474/199 91/475/199 16/476/199
f 64/477/200 126/478/200 121/479/200 21/480/200
f 63/481/201 132/482/202 127/483/202 22/484/202
f 19/485/203 109/486/203 110/487/203 26/488/203
f 53/489/204 131/490/204 132/491/204 63/492/204
f 158/493/205 159/494/206 144/495/207 142/496/206
f 122/497/208 123/498/208 34/499/208 24/500/208
f 13/501/209 32/502/209 3/503/209 1/504/209
f 123/505/210 124/506/210 44/507/210 34/508/210
f 56/509/211 113/510/212 114/511/212 66/512/212
f 75/513/213 76/514/213 52/515/213 42/516/213
f 124/517/214 125/518/215 54/519/215 44/520/215
f 167/521/216 168/522/216 149/523/217 147/524/218
f 5/525/219 42/526/219 52/527/219 7/528/219
f 45/529/220 55/530/221 113/531/221 112/532/221
f 9/533/222 62/534/222 72/535/222 11/536/222
f 46/537/223 56/538/223 107/539/224 106/540/223
f 78/541/225 71/542/225 14/543/225 73/544/225
f 183/545/226 135/546/226 134/547/227 182/548/226
f 32/549/228 42/550/229 5/551/229 3/552/229
f 102/553/230 67/554/231 18/555/231 97/556/231
f 171/557/232 172/558/232 190/559/232 189/560/232
f 110/561/233 25/562/233 35/563/233 111/564/233
f 91/565/234 17/566/235 28/567/236 92/568/237
f 96/569/238 68/570/238 17/571/239 91/572/238
f 181/573/240 175/574/240 176/575/240 182/576/240
f 108/577/241 66/578/241 19/579/241 103/580/241
f 36/581/242 46/582/243 106/583/243 105/584/243
f 41/585/244 51/586/245 76/587/245 75/588/245
f 33/589/246 43/590/246 124/591/246 123/592/246
f 121/593/247 22/594/248 23/595/249 122/596/248
f 49/597/250 59/598/250 89/599/250 88/600/250
f 125/601/251 53/602/251 63/603/251 126/604/251
f 172/605/252 173/606/252 191/607/252 190/608/252
f 126/609/253 63/610/253 22/611/253 121/612/253
f 55/613/254 65/614/255 114/615/254 113/616/254
f 48/617/256 58/618/256 95/619/256 94/620/256
f 43/621/257 53/622/258 125/623/259 124/624/259
f 7/625/260 52/626/260 62/627/260 9/628/260
f 58/629/261 68/630/262 96/631/261 95/632/263
f 35/633/264 45/634/264 112/635/264 111/636/264
f 72/637/265 13/638/265 1/639/265 11/640/265
f 109/641/266 20/642/266 25/643/267 110/644/266
f 61/645/268 71/646/268 78/647/269 77/648/268
f 80/649/270 30/650/270 40/651/270 81/652/270
f 92/653/271 28/654/272 38/655/271 93/656/271
f 73/657/273 14/658/274 31/659/275 74/660/274
f 97/661/276 18/662/276 27/663/276 98/664/277
f 131/665/278 10/666/278 12/667/278 132/668/278
f 26/669/279 36/670/280 105/671/280 104/672/281
f 59/673/282 69/674/283 90/675/284 89/676/283
f 8/677/285 10/678/285 131/679/286 130/680/285
f 120/681/287 64/682/287 21/683/287 115/684/287
f 114/685/288 65/686/288 20/687/288 109/688/288
f 192/689/289 174/690/289 169/691/289 187/692/289
f 34/693/290 44/694/291 118/695/291 117/696/291
f 39/697/292 49/698/293 88/699/294 87/700/293
f 79/701/295 15/702/295 30/703/295 80/704/295
f 44/705/296 54/706/297 119/707/297 118/708/297
f 85/709/298 16/710/298 29/711/299 86/712/298
f 60/713/300 70/714/301 84/715/302 83/716/301
f 51/717/303 61/718/303 77/719/303 76/720/303
f 98/721/304 27/722/304 37/723/304 99/724/304
f 103/725/305 19/726/306 26/727/306 104/728/306
f 90/729/307 69/730/307 16/731/307 85/732/307
f 40/733/308 50/734/308 82/735/308 81/736/308
f 74/737/309 31/738/309 41/739/310 75/740/309
f 170/741/311 171/742/311 189/743/311 188/744/311
f 699/745/312 393/746/312 383/747/312 689/748/312
f 907/749/313 601/750/314 612/751/313 918/752/313
f 878/753/315 885/754/315 869/755/315 876/756/315
f 621/757/316 630/758/316 635/759/316 633/760/316
f 682/761/317 677/762/318 676/763/318 666/764/318
f 871/765/319 873/766/319 567/767/319 565/768/319
f 528/769/320 527/770/320 833/771/320 834/772/320
f 790/773/321 484/774/321 495/775/321 801/776/321
f 867/777/322 561/778/322 573/779/322 879/780/322
f 581/781/323 593/782/323 899/783/323 887/784/323
f 666/785/324 676/786/324 370/787/324 360/788/324
f 791/789/325 793/790/325 487/791/325 485/792/325
f 940/793/326 930/794/326 937/795/326 941/796/326
f 646/797/327 340/798/327 342/799/327 648/800/327
f 911/801/328 913/802/328 607/803/328 605/804/328
f 664/805/329 665/806/329 359/807/329 358/808/329
f 688/809/330 382/810/330 394/811/330 700/812/330
f 839/813/331 845/814/331 829/815/331 837/816/331
f 713/817/332 712/818/332 710/819/332 708/820/332
f 769/821/333 463/822/333 462/823/333 768/824/333
f 891/825/334 893/826/334 587/827/334 585/828/334
f 729/829/335 423/830/335 425/831/335 731/832/335
f 812/833/336 506/834/336 508/835/336 814/836/336
f 810/837/337 504/838/337 515/839/337 821/840/337
f 869/841/338 885/842/338 579/843/338 563/844/338
f 376/845/339 371/846/339 359/847/339 375/848/339
f 720/849/340 414/850/340 403/851/340 709/852/340
f 370/853/341 371/854/342 376/855/343 360/856/342
f 342/857/344 341/858/344 647/859/344 648/860/344
f 556/861/345 544/862/345 552/863/345 550/864/345
f 746/865/346 744/866/346 438/867/346 440/868/346
f 809/869/347 824/870/347 518/871/347 503/872/347
f 781/873/348 475/874/348 466/875/348 772/876/348
f 679/877/349 373/878/349 362/879/349 668/880/349
f 555/881/350 553/882/350 541/883/350 551/884/350
f 590/885/351 591/886/351 582/887/351 583/888/351
f 778/889/352 770/890/352 785/891/352 779/892/352
f 771/893/353 773/894/353 467/895/353 465/896/353
f 770/897/354 464/898/354 474/899/354 780/900/354
f 911/901/355 605/902/355 617/903/355 923/904/355
f 687/905/356 696/906/357 390/907/358 381/908/356
f 533/909/359 531/910/359 523/911/359 539/912/359
f 748/913/360 765/914/360 459/915/360 442/916/360
f 927/917/361 939/918/361 941/919/361 936/920/361
f 634/921/362 635/922/362 631/923/362 624/924/363
f 686/925/364 701/926/364 395/927/364 380/928/364
f 595/929/365 584/930/366 592/931/365 597/932/367
f 847/933/368 541/934/368 553/935/368 859/936/368
f 943/937/369 637/938/369 626/939/369 932/940/369
f 902/941/370 596/942/370 586/943/370 892/944/370
f 858/945/371 865/946/371 849/947/371 861/948/371
f 767/949/372 461/950/372 471/951/372 777/952/372
f 456/953/373 457/954/373 448/955/373 445/956/373
f 756/957/374 747/958/375 745/959/375 755/960/375
f 345/961/376 346/962/376 336/963/376 337/964/376
f 768/965/377 462/966/377 460/967/377 766/968/377
f 635/969/378 630/970/378 622/971/378 623/972/378
f 538/973/379 525/974/379 530/975/379 533/976/379
f 837/977/380 829/978/380 828/979/380 838/980/380
f 517/981/381 505/982/381 510/983/381 519/984/381
f 651/985/382 643/986/382 642/987/382 652/988/382
f 916/989/383 911/990/383 923/991/383 925/992/383
f 922/993/384 912/994/384 915/995/384 916/996/385
f 856/997/386 550/998/386 557/999/386 863/1000/386
f 473/1001/387 470/1002/387 462/1003/387 463/1004/387
f 800/1005/388 797/1006/388 787/1007/388 798/1008/388
f 629/1009/389 631/1010/389 638/1011/389 625/1012/389
f 825/1013/390 823/1014/390 517/1015/390 519/1016/390
f 555/1017/391 551/1018/391 542/1019/391 543/1020/391
f 550/1021/392 552/1022/392 558/1023/392 545/1024/392
f 878/1025/393 884/1026/393 578/1027/393 572/1028/393
f 754/1029/394 763/1030/394 762/1031/394 751/1032/394
f 816/1033/395 811/1034/395 823/1035/395 825/1036/395
f 346/1037/396 334/1038/396 336/1039/396
f 341/1040/397 342/1041/397 343/1042/397
f 340/1043/398 343/1044/398 342/1045/398
f 334/1046/399 346/1047/399 335/1048/399
f 367/1049/400 354/1050/400 356/1051/400
f 363/1052/401 364/1053/401 365/1054/401
f 362/1055/402 365/1056/402 364/1057/402
f 354/1058/403 367/1059/403 355/1060/403
f 388/1061/404 377/1062/404 379/1063/404
f 384/1064/405 385/1065/405 386/1066/405
f 383/1067/406 386/1068/406 385/1069/406
f 377/1070/407 388/1071/407 378/1072/407
f 408/1073/408 397/1074/408 399/1075/408
f 404/1076/409 405/1077/409 406/1078/409
f 403/1079/410 406/1080/410 405/1081/410
f 397/1082/411 408/1083/411 398/1084/411
f 600/1085/412 611/1086/412 601/1087/412
f 424/1088/413 425/1089/413 428/1090/413
f 423/1091/414 428/1092/414 425/1093/414
f 419/1094/415 427/1095/415 417/1096/415
f 449/1097/416 437/1098/416 439/1099/416
f 446/1100/417 447/1101/417 448/1102/417
f 445/1103/418 448/1104/418 447/1105/418
f 437/1106/419 449/1107/419 438/1108/419
f 470/1109/420 460/1110/420 462/1111/420
f 467/1112/421 468/1113/421 469/1114/421
f 466/1115/422 469/1116/422 468/1117/422
f 460/1118/423 470/1119/423 461/1120/423
f 491/1121/424 480/1122/424 482/1123/424
f 487/1124/425 488/1125/425 489/1126/425
f 486/1127/426 489/1128/426 488/1129/426
f 480/1130/427 491/1131/427 481/1132/427
f 512/1133/428 500/1134/428 502/1135/428
f 507/1136/429 508/1137/429 509/1138/429
f 506/1139/430 509/1140/430 508/1141/430
f 500/1142/431 512/1143/431 501/1144/431
f 532/1145/432 520/1146/432 522/1147/432
f 527/1148/433 528/1149/433 529/1150/433
f 526/1151/434 529/1152/434 528/1153/434
f 520/1154/435 532/1155/435 521/1156/435
f 551/1157/436 540/1158/436 542/1159/436
f 547/1160/437 548/1161/437 549/1162/437
f 546/1163/438 549/1164/438 548/1165/438
f 540/1166/439 551/1167/439 541/1168/439
f 571/1169/440 560/1170/440 562/1171/440
f 567/1172/441 568/1173/441 569/1174/441
f 566/1175/442 569/1176/442 568/1177/442
f 560/1178/443 571/1179/443 561/1180/443
f 611/1181/444 600/1182/444 602/1183/444
f 591/1184/445 580/1185/445 582/1186/445
f 587/1187/446 588/1188/446 589/1189/446
f 586/1190/447 589/1191/447 588/1192/447
f 580/1193/448 591/1194/448 581/1195/448
f 607/1196/449 608/1197/449 609/1198/449
f 606/1199/450 609/1200/450 608/1201/450
f 630/1202/451 620/1203/451 622/1204/451
f 627/1205/452 628/1206/452 632/1207/452
f 626/1208/453 632/1209/453 628/1210/453
f 620/1211/454 630/1212/454 621/1213/454
f 427/1214/455 418/1215/455 417/1216/455
f 652/1217/456 642/1218/456 640/1219/456
f 647/1220/457 649/1221/457 648/1222/457
f 646/1223/458 648/1224/458 649/1225/458
f 640/1226/459 641/1227/459 652/1228/459
f 673/1229/460 662/1230/460 660/1231/460
f 669/1232/461 671/1233/461 670/1234/461
f 668/1235/462 670/1236/462 671/1237/462
f 660/1238/463 661/1239/463 673/1240/463
f 694/1241/464 685/1242/464 683/1243/464
f 690/1244/465 692/1245/465 691/1246/465
f 689/1247/466 691/1248/466 692/1249/466
f 683/1250/467 684/1251/467 694/1252/467
f 714/1253/468 705/1254/468 703/1255/468
f 710/1256/469 712/1257/469 711/1258/469
f 709/1259/470 711/1260/470 712/1261/470
f 703/1262/471 704/1263/471 714/1264/471
f 906/1265/472 907/1266/472 917/1267/472
f 730/1268/473 734/1269/473 731/1270/473
f 729/1271/474 731/1272/474 734/1273/474
f 725/1274/475 723/1275/475 733/1276/475
f 755/1277/476 745/1278/476 743/1279/476
f 752/1280/477 754/1281/477 753/1282/477
f 751/1283/478 753/1284/478 754/1285/478
f 743/1286/479 744/1287/479 755/1288/479
f 776/1289/480 768/1290/480 766/1291/480
f 773/1292/481 775/1293/481 774/1294/481
f 772/1295/482 774/1296/482 775/1297/482
f 766/1298/483 767/1299/483 776/1300/483
f 797/1301/484 788/1302/484 786/1303/484
f 793/1304/485 795/1305/485 794/1306/485
f 792/1307/486 794/1308/486 795/1309/486
f 786/1310/487 787/1311/487 797/1312/487
f 818/1313/488 808/1314/488 806/1315/488
f 813/1316/489 815/1317/489 814/1318/489
f 812/1319/490 814/1320/490 815/1321/490
f 806/1322/491 807/1323/491 818/1324/491
f 838/1325/492 828/1326/492 826/1327/492
f 833/1328/493 835/1329/493 834/1330/493
f 832/1331/494 834/1332/494 835/1333/494
f 826/1334/495 827/1335/495 838/1336/495
f 857/1337/496 848/1338/496 846/1339/496
f 853/1340/497 855/1341/497 854/1342/497
f 852/1343/498 854/1344/498 855/1345/498
f 846/1346/499 847/1347/499 857/1348/499
f 877/1349/500 868/1350/500 866/1351/500
f 873/1352/501 875/1353/501 874/1354/501
f 872/1355/502 874/1356/502 875/1357/502
f 866/1358/503 867/1359/503 877/1360/503
f 917/1361/504 908/1362/504 906/1363/504
f 897/1364/505 888/1365/505 886/1366/505
f 893/1367/506 895/1368/506 894/1369/506
f 892/1370/507 894/1371/507 895/1372/507
f 886/1373/508 887/1374/508 897/1375/508
f 913/1376/509 915/1377/509 914/1378/509
f 912/1379/510 914/1380/510 915/1381/510
f 936/1382/511 928/1383/511 926/1384/511
f 933/1385/512 938/1386/512 934/1387/512
f 932/1388/513 934/1389/513 938/1390/513
f 926/1391/514 927/1392/514 936/1393/514
f 733/1394/515 723/1395/515 724/1396/515
f 749/1397/516 759/1398/517 453/1399/517 443/1400/517
f 742/1401/518 740/1402/518 434/1403/518 436/1404/518
f 749/1405/519 443/1406/519 455/1407/519 761/1408/519
f 785/1409/520 784/1410/520 769/1411/520 779/1412/520
f 910/1413/521 919/1414/521 613/1415/521 604/1416/521
f 870/1417/522 880/1418/522 574/1419/522 564/1420/522
f 443/1421/523 451/1422/523 457/1423/523 455/1424/523
f 861/1425/524 849/1426/524 848/1427/524 857/1428/524
f 912/1429/525 606/1430/525 608/1431/525 914/1432/525
f 931/1433/526 933/1434/526 627/1435/526 625/1436/526
f 746/1437/527 758/1438/527 760/1439/527 756/1440/527
f 497/1441/528 485/1442/528 490/1443/528 499/1444/528
f 548/1445/529 547/1446/529 853/1447/529 854/1448/529
f 837/1449/530 838/1450/531 827/1451/531 840/1452/531
f 411/1453/532 412/1454/532 409/1455/532 401/1456/532
f 468/1457/533 467/1458/533 773/1459/533 774/1460/533
f 898/1461/534 905/1462/534 889/1463/534 896/1464/534
f 717/1465/535 707/1466/535 715/1467/535 718/1468/535
f 364/1469/536 363/1470/536 669/1471/536 670/1472/536
f 453/1473/537 454/1474/537 451/1475/537 443/1476/537
f 811/1477/538 813/1478/538 507/1479/538 505/1480/538
f 790/1481/539 799/1482/540 493/1483/540 484/1484/541
f 707/1485/542 401/1486/542 413/1487/542 719/1488/542
f 653/1489/543 659/1490/543 643/1491/543 651/1492/543
f 508/1493/544 507/1494/544 813/1495/544 814/1496/544
f 352/1497/545 339/1498/545 344/1499/545 347/1500/545
f 769/1501/546 784/1502/546 478/1503/546 463/1504/546
f 706/1505/547 400/1506/547 399/1507/547 705/1508/547
f 727/1509/548 421/1510/548 432/1511/548 738/1512/548
f 621/1513/549 633/1514/549 939/1515/549 927/1516/549
f 643/1517/550 659/1518/550 353/1519/550 337/1520/550
f 568/1521/551 874/1522/551 872/1523/551 566/1524/551
f 644/1525/552 655/1526/552 349/1527/552 338/1528/552
f 663/1529/553 357/1530/553 369/1531/553 675/1532/553
f 739/1533/554 433/1534/554 423/1535/554 729/1536/554
f 863/1537/555 557/1538/555 546/1539/555 852/1540/555
f 830/1541/556 841/1542/556 535/1543/556 524/1544/556
f 924/1545/557 618/1546/557 603/1547/558 909/1548/557
f 890/1549/559 900/1550/559 594/1551/559 584/1552/559
f 657/1553/560 351/1554/560 340/1555/560 646/1556/560
f 384/1557/561 386/1558/561 387/1559/561 382/1560/561
f 747/1561/562 441/1562/562 439/1563/562 745/1564/562
f 515/1565/563 504/1566/563 519/1567/563 510/1568/563
f 572/1569/564 577/1570/564 575/1571/564 564/1572/564
f 608/1573/565 607/1574/565 913/1575/565 914/1576/565
f 827/1577/566 826/1578/566 520/1579/566 521/1580/566
f 802/1581/567 496/1582/567 486/1583/567 792/1584/567
f 876/1585/568 869/1586/568 868/1587/568 877/1588/568
f 511/1589/569 512/1590/569 502/1591/569 503/1592/569
f 378/1593/570 388/1594/570 391/1595/570 389/1596/570
f 684/1597/571 695/1598/571 697/1599/571 694/1600/571
f 782/1601/572 780/1602/572 474/1603/572 476/1604/572
f 782/1605/573 476/1606/573 475/1607/573 781/1608/573
f 454/1609/574 450/1610/574 441/1611/574 442/1612/574
f 732/1613/575 728/1614/575 740/1615/575 742/1616/575
f 737/1617/576 726/1618/576 725/1619/576 733/1620/576
f 672/1621/577 667/1622/577 680/1623/577 682/1624/577
f 581/1625/578 591/1626/578 590/1627/579 593/1628/578
f 396/1629/580 391/1630/580 380/1631/580 395/1632/580
f 789/1633/581 804/1634/581 498/1635/581 483/1636/581
f 572/1637/582 570/1638/583 563/1639/583 579/1640/583
f 360/1641/584 376/1642/584 366/1643/584 372/1644/584
f 871/1645/585 565/1646/585 578/1647/585 884/1648/585
f 868/1649/586 562/1650/586 560/1651/586 866/1652/586
f 888/1653/587 582/1654/587 580/1655/587 886/1656/587
f 796/1657/588 795/1658/588 793/1659/588 791/1660/588
f 368/1661/589 367/1662/589 356/1663/589 358/1664/589
f 724/1665/590 735/1666/591 737/1667/592 733/1668/591
f 920/1669/593 909/1670/593 908/1671/593 917/1672/593
f 697/1673/594 686/1674/594 685/1675/594 694/1676/594
f 907/1677/595 906/1678/595 600/1679/595 601/1680/595
f 843/1681/596 832/1682/596 835/1683/596 836/1684/596
f 651/1685/597 345/1686/597 349/1687/597 655/1688/597
f 742/1689/598 741/1690/598 726/1691/598 737/1692/598
f 843/1693/599 537/1694/599 526/1695/599 832/1696/599
f 831/1697/600 525/1698/600 538/1699/600 844/1700/600
f 771/1701/601 465/1702/601 477/1703/601 783/1704/601
f 909/1705/602 603/1706/602 602/1707/603 908/1708/602
f 751/1709/604 445/1710/604 447/1711/604 753/1712/604
f 682/1713/605 681/1714/605 665/1715/605 677/1716/605
f 704/1717/606 398/1718/606 410/1719/606 716/1720/606
f 437/1721/607 743/1722/607 745/1723/607 439/1724/607
f 592/1725/608 590/1726/608 583/1727/608 599/1728/608
f 856/1729/609 851/1730/609 864/1731/609 858/1732/609
f 928/1733/610 622/1734/610 620/1735/610 926/1736/610
f 699/1737/611 689/1738/611 692/1739/611 693/1740/611
f 704/1741/612 703/1742/612 397/1743/612 398/1744/612
f 693/1745/613 698/1746/613 392/1747/613 387/1748/613
f 715/1749/614 721/1750/614 415/1751/614 409/1752/614
f 863/1753/615 852/1754/615 855/1755/615 856/1756/615
f 663/1757/616 675/1758/616 677/1759/616 674/1760/616
f 802/1761/617 792/1762/617 795/1763/617 796/1764/617
f 883/1765/618 871/1766/618 884/1767/618 878/1768/618
f 787/1769/619 786/1770/619 480/1771/619 481/1772/619
f 715/1773/620 409/1774/620 416/1775/620 722/1776/620
f 825/1777/621 519/1778/621 518/1779/621 824/1780/621
f 785/1781/622 479/1782/622 478/1783/623 784/1784/622
f 596/1785/624 597/1786/624 589/1787/624 586/1788/624
f 682/1789/625 376/1790/625 375/1791/625 681/1792/625
f 672/1793/626 366/1794/626 373/1795/626 679/1796/626
f 822/1797/627 812/1798/627 815/1799/627 816/1800/627
f 724/1801/628 418/1802/628 429/1803/628 735/1804/628
f 577/1805/629 569/1806/630 566/1807/629 576/1808/629
f 436/1809/631 431/1810/632 420/1811/632 435/1812/632
f 941/1813/633 929/1814/633 928/1815/633 936/1816/633
f 651/1817/634 652/1818/634 641/1819/634 654/1820/634
f 570/1821/635 573/1822/636 561/1823/636 571/1824/636
f 570/1825/637 571/1826/638 562/1827/638 563/1828/638
f 641/1829/639 640/1830/639 334/1831/639 335/1832/639
f 574/1833/640 570/1834/641 572/1835/640 564/1836/642
f 413/1837/643 401/1838/643 409/1839/643 407/1840/643
f 409/1841/644 412/1842/645 400/1843/645 416/1844/645
f 707/1845/646 717/1846/647 411/1847/647 401/1848/647
f 852/1849/648 546/1850/648 548/1851/648 854/1852/648
f 536/1853/649 524/1854/649 533/1855/649 530/1856/649
f 900/1857/650 890/1858/650 898/1859/650 896/1860/650
f 667/1861/651 669/1862/652 363/1863/651 361/1864/651
f 941/1865/653 635/1866/653 634/1867/653 940/1868/653
f 679/1869/654 668/1870/654 671/1871/654 672/1872/654
f 760/1873/655 748/1874/655 747/1875/655 756/1876/655
f 693/1877/656 688/1878/656 700/1879/656 702/1880/656
f 713/1881/657 708/1882/657 721/1883/658 715/1884/657
f 878/1885/659 572/1886/659 579/1887/660 885/1888/659
f 837/1889/661 531/1890/661 535/1891/662 841/1892/661
f 807/1893/663 819/1894/663 817/1895/663 818/1896/663
f 861/1897/664 857/1898/665 847/1899/665 859/1900/665
f 809/1901/666 503/1902/666 502/1903/666 808/1904/666
f 910/1905/667 604/1906/667 615/1907/667 921/1908/667
f 535/1909/668 531/1910/669 533/1911/669 524/1912/669
f 870/1913/670 564/1914/670 575/1915/670 881/1916/670
f 643/1917/671 337/1918/671 336/1919/671 642/1920/671
f 677/1921/672 371/1922/672 370/1923/672 676/1924/672
f 856/1925/673 862/1926/673 556/1927/673 550/1928/673
f 847/1929/674 846/1930/674 540/1931/674 541/1932/674
f 666/1933/675 360/1934/675 372/1935/675 678/1936/675
f 805/1937/676 804/1938/676 789/1939/676 800/1940/676
f 799/1941/677 790/1942/677 805/1943/677 800/1944/677
f 849/1945/678 865/1946/678 559/1947/679 543/1948/678
f 796/1949/680 805/1950/680 790/1951/680 801/1952/680
f 876/1953/681 877/1954/681 867/1955/681 879/1956/681
f 807/1957/682 806/1958/682 500/1959/682 501/1960/682
f 702/1961/683 701/1962/683 686/1963/683 697/1964/683
f 687/1965/684 381/1966/684 392/1967/684 698/1968/684
f 567/1969/685 569/1970/685 577/1971/685 565/1972/685
f 637/1973/686 629/1974/686 632/1975/686 626/1976/686
f 371/1977/687 368/1978/687 358/1979/687 359/1980/687
f 841/1981/688 830/1982/688 839/1983/689 837/1984/688
f 718/1985/690 714/1986/690 704/1987/690 716/1988/690
f 672/1989/691 678/1990/691 372/1991/691 366/1992/691
f 727/1993/692 736/1994/692 430/1995/692 421/1996/692
f 433/1997/693 426/1998/694 428/1999/694 423/2000/694
f 860/2001/695 850/2002/695 858/2003/696 861/2004/695
f 817/2005/697 511/2006/697 514/2007/697 820/2008/697
f 927/2009/698 926/2010/698 620/2011/698 621/2012/698
f 898/2013/699 592/2014/699 599/2015/699 905/2016/699
f 650/2017/700 344/2018/700 351/2019/700 657/2020/700
f 929/2021/701 623/2022/701 622/2023/701 928/2024/701
f 479/2025/702 473/2026/702 463/2027/702 478/2028/702
f 920/2029/703 918/2030/703 612/2031/703 614/2032/703
f 693/2033/704 387/2034/704 393/2035/704 699/2036/704
f 785/2037/705 783/2038/705 477/2039/705 479/2040/705
f 931/2041/706 625/2042/706 638/2043/706 944/2044/706
f 836/2045/707 835/2046/707 833/2047/707 831/2048/707
f 832/2049/708 526/2050/708 528/2051/708 834/2052/708
f 861/2053/709 859/2054/709 553/2055/709 555/2056/709
f 916/2057/710 915/2058/710 913/2059/710 911/2060/710
f 653/2061/711 658/2062/711 352/2063/711 347/2064/711
f 682/2065/712 680/2066/712 374/2067/712 376/2068/712
f 763/2069/713 457/2070/713 456/2071/713 762/2072/713
f 665/2073/714 681/2074/714 375/2075/714 359/2076/714
f 415/2077/715 402/2078/715 407/2079/715 409/2080/715
f 578/2081/716 565/2082/716 577/2083/716 572/2084/716
f 490/2085/717 485/2086/717 487/2087/717 489/2088/717
f 907/2089/718 918/2090/718 920/2091/719 917/2092/718
f 349/2093/720 345/2094/720 347/2095/720 338/2096/720
f 385/2097/721 384/2098/721 690/2099/721 691/2100/721
f 883/2101/722 881/2102/722 575/2103/722 577/2104/722
f 836/2105/723 842/2106/723 536/2107/723 530/2108/723
f 705/2109/724 399/2110/724 397/2111/724 703/2112/724
f 424/2113/725 428/2114/725 426/2115/725 422/2116/725
f 858/2117/726 864/2118/726 558/2119/726 552/2120/726
f 689/2121/727 383/2122/727 385/2123/727 691/2124/727
f 816/2125/728 815/2126/728 813/2127/728 811/2128/728
f 837/2129/729 840/2130/729 534/2131/729 531/2132/729
f 380/2133/730 379/2134/730 685/2135/730 686/2136/730
f 598/2137/731 585/2138/732 597/2139/733 592/2140/732
f 763/2141/734 757/2142/734 749/2143/734 761/2144/734
f 601/2145/735 611/2146/736 614/2147/737 612/2148/736
f 476/2149/738 479/2150/738 477/2151/739 465/2152/738
f 873/2153/740 874/2154/740 568/2155/740 567/2156/740
f 760/2157/741 758/2158/741 452/2159/741 454/2160/741
f 821/2161/742 816/2162/742 825/2163/742 810/2164/742
f 674/2165/743 664/2166/744 662/2167/744 673/2168/744
f 920/2169/745 614/2170/745 613/2171/745 919/2172/745
f 882/2173/746 576/2174/746 566/2175/746 872/2176/746
f 677/2177/747 675/2178/747 369/2179/747 371/2180/747
f 896/2181/748 899/2182/748 593/2183/748 590/2184/748
f 883/2185/749 577/2186/749 576/2187/749 882/2188/749
f 668/2189/750 362/2190/750 364/2191/750 670/2192/750
f 925/2193/751 924/2194/751 909/2195/751 920/2196/751
f 636/2197/752 624/2198/752 631/2199/752 629/2200/752
f 479/2201/753 464/2202/753 472/2203/753 473/2204/754
f 873/2205/755 871/2206/755 883/2207/755 875/2208/755
f 887/2209/756 899/2210/756 896/2211/756 897/2212/756
f 656/2213/757 650/2214/757 653/2215/757 644/2216/757
f 827/2217/758 521/2218/758 534/2219/758 840/2220/758
f 736/2221/759 727/2222/759 742/2223/759 737/2224/759
f 937/2225/760 944/2226/760 638/2227/760 631/2228/760
f 391/2229/761 388/2230/761 379/2231/761 380/2232/761
f 787/2233/762 481/2234/762 492/2235/762 798/2236/762
f 650/2237/763 645/2238/763 658/2239/763 653/2240/763
f 708/2241/764 710/2242/764 404/2243/764 402/2244/764
f 901/2245/765 903/2246/766 898/2247/766 890/2248/767
f 344/2249/768 339/2250/768 341/2251/768 343/2252/768
f 507/2253/769 509/2254/769 510/2255/769 505/2256/769
f 494/2257/770 491/2258/770 482/2259/770 483/2260/770
f 935/2261/771 942/2262/771 636/2263/771 629/2264/771
f 850/2265/772 544/2266/772 556/2267/772 862/2268/772
f 645/2269/773 647/2270/773 341/2271/773 339/2272/773
f 437/2273/774 438/2274/774 744/2275/774 743/2276/774
f 345/2277/775 348/2278/776 335/2279/776 346/2280/776
f 861/2281/777 555/2282/777 554/2283/777 860/2284/777
f 781/2285/778 772/2286/778 775/2287/778 782/2288/778
f 708/2289/779 402/2290/779 415/2291/779 721/2292/779
f 627/2293/780 632/2294/780 629/2295/780 625/2296/780
f 718/2297/781 716/2298/781 410/2299/781 412/2300/781
f 394/2301/782 382/2302/782 387/2303/782 396/2304/782
f 619/2305/783 604/2306/784 613/2307/784 614/2308/784
f 796/2309/785 791/2310/785 803/2311/785 805/2312/785
f 782/2313/786 771/2314/786 783/2315/786 785/2316/786
f 816/2317/787 510/2318/787 516/2319/787 822/2320/787
f 343/2321/788 340/2322/788 351/2323/788 344/2324/788
f 744/2325/789 746/2326/789 756/2327/789 755/2328/789
f 547/2329/790 549/2330/790 550/2331/790 545/2332/790
f 782/2333/791 785/2334/791 770/2335/791 780/2336/791
f 430/2337/792 431/2338/793 436/2339/794 421/2340/793
f 903/2341/795 597/2342/795 596/2343/795 902/2344/795
f 677/2345/796 665/2346/796 664/2347/796 674/2348/796
f 732/2349/797 426/2350/797 433/2351/797 739/2352/797
f 693/2353/798 702/2354/798 687/2355/798 698/2356/798
f 779/2357/799 769/2358/799 768/2359/799 776/2360/799
f 499/2361/800 484/2362/800 493/2363/800 494/2364/800
f 935/2365/801 931/2366/801 944/2367/801 937/2368/801
f 461/2369/802 470/2370/802 473/2371/802 471/2372/802
f 796/2373/803 490/2374/803 496/2375/803 802/2376/803
f 644/2377/804 338/2378/804 350/2379/804 656/2380/804
f 757/2381/805 760/2382/805 759/2383/805 749/2384/805
f 619/2385/806 610/2386/806 615/2387/806 604/2388/806
f 713/2389/807 407/2390/807 414/2391/807 720/2392/807
f 867/2393/808 866/2394/808 560/2395/808 561/2396/808
f 685/2397/809 379/2398/809 377/2399/809 683/2400/809
f 458/2401/810 444/2402/810 457/2403/810 451/2404/810
f 657/2405/811 646/2406/811 649/2407/811 650/2408/811
f 932/2409/812 626/2410/812 628/2411/812 934/2412/812
f 531/2413/813 534/2414/813 521/2415/813 532/2416/813
f 836/2417/814 530/2418/814 537/2419/814 843/2420/814
f 750/2421/815 752/2422/815 446/2423/815 444/2424/815
f 889/2425/816 905/2426/816 599/2427/816 583/2428/816
f 760/2429/817 454/2430/817 453/2431/817 759/2432/817
f 642/2433/818 336/2434/818 334/2435/818 640/2436/818
f 407/2437/819 402/2438/819 404/2439/819 406/2440/819
f 702/2441/820 700/2442/820 394/2443/820 396/2444/820
f 663/2445/821 661/2446/821 355/2447/821 357/2448/821
f 363/2449/822 365/2450/822 366/2451/822 361/2452/822
f 725/2453/823 726/2454/823 420/2455/823 419/2456/823
f 763/2457/824 754/2458/824 752/2459/824 750/2460/824
f 930/2461/825 940/2462/825 634/2463/825 624/2464/825
f 763/2465/826 750/2466/826 764/2467/826 757/2468/826
f 386/2469/827 383/2470/827 393/2471/827 387/2472/827
f 935/2473/828 629/2474/828 637/2475/828 943/2476/828
f 842/2477/829 836/2478/829 839/2479/829 830/2480/829
f 696/2481/830 687/2482/830 702/2483/831 697/2484/830
f 728/2485/832 422/2486/832 434/2487/832 740/2488/832
f 792/2489/833 486/2490/833 488/2491/833 794/2492/833
f 849/2493/834 543/2494/834 542/2495/834 848/2496/834
f 896/2497/835 590/2498/835 594/2499/835 900/2500/835
f 617/2501/836 605/2502/836 610/2503/836 619/2504/836
f 728/2505/837 730/2506/837 424/2507/837 422/2508/837
f 418/2509/838 427/2510/838 431/2511/838 429/2512/838
f 825/2513/839 817/2514/840 820/2515/840 810/2516/840
f 862/2517/841 856/2518/841 858/2519/841 850/2520/841
f 726/2521/842 741/2522/842 435/2523/842 420/2524/842
f 650/2525/843 649/2526/843 647/2527/843 645/2528/843
f 467/2529/844 469/2530/844 476/2531/844 465/2532/844
f 609/2533/845 606/2534/845 616/2535/845 610/2536/845
f 552/2537/846 555/2538/846 543/2539/847 559/2540/846
f 684/2541/848 378/2542/848 389/2543/848 695/2544/848
f 688/2545/849 690/2546/849 384/2547/849 382/2548/849
f 925/2549/850 923/2550/850 617/2551/850 619/2552/850
f 850/2553/851 860/2554/851 554/2555/851 544/2556/851
f 810/2557/852 820/2558/853 514/2559/854 504/2560/855
f 628/2561/856 627/2562/856 933/2563/856 934/2564/856
f 942/2565/857 935/2566/857 937/2567/857 930/2568/857
f 350/2569/858 338/2570/858 347/2571/858 344/2572/858
f 762/2573/859 456/2574/859 445/2575/859 751/2576/859
f 791/2577/860 485/2578/860 497/2579/860 803/2580/860
f 434/2581/861 422/2582/861 426/2583/861 436/2584/861
f 713/2585/862 719/2586/862 413/2587/862 407/2588/862
f 883/2589/863 882/2590/863 872/2591/863 875/2592/864
f 750/2593/865 444/2594/865 458/2595/865 764/2596/865
f 499/2597/866 494/2598/866 483/2599/866 498/2600/866
f 588/2601/867 587/2602/867 893/2603/867 894/2604/867
f 365/2605/868 362/2606/868 373/2607/868 366/2608/868
f 937/2609/869 631/2610/869 639/2611/869 945/2612/869
f 355/2613/870 367/2614/870 368/2615/871 357/2616/870
f 693/2617/872 692/2618/872 690/2619/872 688/2620/872
f 829/2621/873 523/2622/873 522/2623/873 828/2624/873
f 381/2625/874 396/2626/874 387/2627/874 392/2628/874
f 451/2629/875 454/2630/875 442/2631/875 459/2632/875
f 881/2633/876 883/2634/876 878/2635/876 870/2636/876
f 757/2637/877 765/2638/877 748/2639/878 760/2640/877
f 645/2641/879 339/2642/879 352/2643/879 658/2644/879
f 412/2645/880 408/2646/880 399/2647/880 400/2648/880
f 653/2649/881 347/2650/881 353/2651/882 659/2652/881
f 426/2653/883 432/2654/883 421/2655/883 436/2656/883
f 767/2657/884 766/2658/884 460/2659/884 461/2660/884
f 509/2661/885 506/2662/885 516/2663/885 510/2664/885
f 856/2665/886 855/2666/886 853/2667/886 851/2668/886
f 836/2669/887 831/2670/887 844/2671/887 839/2672/887
f 672/2673/888 671/2674/888 669/2675/888 667/2676/888
f 725/2677/889 419/2678/889 417/2679/889 723/2680/889
f 916/2681/890 610/2682/890 616/2683/890 922/2684/890
f 684/2685/891 683/2686/891 377/2687/891 378/2688/891
f 719/2689/892 713/2690/892 715/2691/892 707/2692/892
f 889/2693/893 583/2694/893 582/2695/893 888/2696/893
f 902/2697/894 892/2698/894 895/2699/894 903/2700/894
f 718/2701/895 706/2702/895 705/2703/895 714/2704/895
f 667/2705/896 361/2706/896 374/2707/896 680/2708/896
f 425/2709/897 424/2710/897 730/2711/897 731/2712/897
f 747/2713/898 748/2714/898 442/2715/898 441/2716/898
f 496/2717/899 490/2718/899 489/2719/899 486/2720/899
f 919/2721/900 910/2722/901 925/2723/902 920/2724/901
f 876/2725/903 570/2726/903 574/2727/903 880/2728/903
f 937/2729/904 945/2730/904 929/2731/904 941/2732/904
f 597/2733/905 585/2734/905 587/2735/905 589/2736/905
f 746/2737/906 440/2738/906 452/2739/906 758/2740/906
f 880/2741/907 870/2742/907 878/2743/907 876/2744/907
f 414/2745/908 407/2746/908 406/2747/908 403/2748/908
f 876/2749/909 879/2750/909 573/2751/909 570/2752/909
f 469/2753/910 466/2754/910 475/2755/910 476/2756/910
f 903/2757/911 891/2758/911 904/2759/912 898/2760/911
f 702/2761/913 396/2762/913 395/2763/914 701/2764/913
f 431/2765/915 427/2766/915 419/2767/915 420/2768/915
f 641/2769/916 335/2770/916 348/2771/916 654/2772/916
f 706/2773/917 722/2774/917 416/2775/917 400/2776/917
f 732/2777/918 742/2778/918 727/2779/918 738/2780/918
f 672/2781/919 682/2782/919 666/2783/919 678/2784/919
f 930/2785/920 624/2786/920 636/2787/920 942/2788/920
f 737/2789/921 735/2790/921 429/2791/921 431/2792/921
f 720/2793/922 709/2794/923 712/2795/923 713/2796/923
f 631/2797/924 635/2798/924 623/2799/924 639/2800/924
f 921/2801/925 916/2802/925 925/2803/925 910/2804/925
f 447/2805/926 446/2806/926 752/2807/926 753/2808/926
f 664/2809/927 358/2810/927 356/2811/927 662/2812/927
f 742/2813/928 436/2814/928 435/2815/929 741/2816/928
f 807/2817/930 501/2818/930 513/2819/930 819/2820/930
f 610/2821/931 605/2822/931 607/2823/931 609/2824/931
f 929/2825/932 945/2826/932 639/2827/932 623/2828/932
f 822/2829/933 516/2830/933 506/2831/933 812/2832/933
f 825/2833/934 824/2834/934 809/2835/934 817/2836/934
f 592/2837/935 584/2838/935 594/2839/935 590/2840/935
f 890/2841/936 584/2842/936 595/2843/936 901/2844/936
f 715/2845/937 722/2846/937 706/2847/937 718/2848/937
f 908/2849/938 602/2850/938 600/2851/938 906/2852/938
f 808/2853/939 502/2854/939 500/2855/939 806/2856/939
f 903/2857/940 901/2858/940 595/2859/940 597/2860/940
f 903/2861/941 895/2862/941 893/2863/941 891/2864/941
f 858/2865/942 552/2866/942 559/2867/942 865/2868/942
f 817/2869/943 819/2870/943 513/2871/943 511/2872/943
f 709/2873/944 403/2874/944 405/2875/944 711/2876/944
f 527/2877/945 529/2878/945 530/2879/945 525/2880/945
f 839/2881/946 533/2882/946 539/2883/946 845/2884/946
f 830/2885/947 524/2886/947 536/2887/947 842/2888/947
f 779/2889/948 777/2890/948 471/2891/948 473/2892/948
f 655/2893/949 644/2894/949 653/2895/950 651/2896/949
f 916/2897/951 921/2898/951 615/2899/951 610/2900/951
f 925/2901/952 619/2902/952 618/2903/952 924/2904/952
f 757/2905/953 451/2906/953 459/2907/953 765/2908/953
f 450/2909/954 449/2910/955 439/2911/955 441/2912/955
f 772/2913/956 466/2914/956 468/2915/956 774/2916/956
f 440/2917/957 450/2918/957 454/2919/957 452/2920/957
f 805/2921/958 499/2922/958 498/2923/958 804/2924/958
f 800/2925/959 789/2926/959 788/2927/959 797/2928/959
f 839/2929/960 844/2930/960 538/2931/960 533/2932/960
f 464/2933/961 479/2934/961 476/2935/961 474/2936/961
f 789/2937/962 483/2938/962 482/2939/962 788/2940/962
f 887/2941/963 886/2942/963 580/2943/963 581/2944/963
f 829/2945/964 845/2946/965 539/2947/965 523/2948/965
f 662/2949/966 356/2950/966 354/2951/966 660/2952/966
f 347/2953/967 345/2954/967 337/2955/967 353/2956/967
f 519/2957/968 511/2958/968 503/2959/968 518/2960/968
f 552/2961/969 544/2962/969 554/2963/969 555/2964/969
f 488/2965/970 487/2966/970 793/2967/970 794/2968/970
f 788/2969/971 482/2970/971 480/2971/971 786/2972/971
f 457/2973/972 444/2974/972 446/2975/972 448/2976/972
f 405/2977/973 404/2978/973 710/2979/973 711/2980/973
f 619/2981/974 614/2982/975 603/2983/975 618/2984/975
f 366/2985/976 376/2986/976 374/2987/976 361/2988/976
f 848/2989/977 542/2990/977 540/2991/977 846/2992/977
f 796/2993/978 801/2994/978 495/2995/978 490/2996/978
f 357/2997/979 368/2998/979 371/2999/979 369/3000/979
f 770/3001/980 778/3002/981 472/3003/981 464/3004/981
f 811/3005/982 505/3006/982 517/3007/982 823/3008/982
f 891/3009/983 585/3010/983 598/3011/983 904/3012/983
f 438/3013/984 449/3014/984 450/3015/985 440/3016/984
f 851/3017/986 545/3018/986 558/3019/986 864/3020/986
f 767/3021/987 777/3022/988 779/3023/989 776/3024/988
f 933/3025/990 931/3026/990 935/3027/990 938/3028/990
f 892/3029/991 586/3030/991 588/3031/991 894/3032/991
f 661/3033/992 663/3034/992 674/3035/993 673/3036/992
f 484/3037/994 499/3038/994 490/3039/994 495/3040/994
f 396/3041/995 381/3042/995 390/3043/995 391/3044/995
f 828/3045/996 522/3046/996 520/3047/996 826/3048/996
f 724/3049/997 723/3050/997 417/3051/997 418/3052/997
f 650/3053/998 656/3054/998 350/3055/998 344/3056/998
f 800/3057/999 798/3058/999 492/3059/999 494/3060/999
f 763/3061/1000 761/3062/1000 455/3063/1000 457/3064/1000
f 557/3065/1001 550/3066/1001 549/3067/1001 546/3068/1001
f 529/3069/1002 526/3070/1002 537/3071/1002 530/3072/1002
f 851/3073/1003 853/3074/1003 547/3075/1003 545/3076/1003
f 898/3077/1004 904/3078/1004 598/3079/1004 592/3080/1004
f 412/3081/1005 410/3082/1005 398/3083/1005 408/3084/1005
f 817/3085/1006 809/3086/1006 808/3087/1006 818/3088/1006
f 732/3089/1007 734/3090/1007 730/3091/1007 728/3092/1007
f 732/3093/1008 738/3094/1008 432/3095/1008 426/3096/1008
f 779/3097/1009 473/3098/1009 472/3099/1009 778/3100/1009
f 697/3101/1010 391/3102/1010 390/3103/1011 696/3104/1010
f 718/3105/1012 412/3106/1012 411/3107/1012 717/3108/1012
f 941/3109/1013 939/3110/1013 633/3111/1013 635/3112/1013
f 869/3113/1014 563/3114/1014 562/3115/1014 868/3116/1014
f 922/3117/1015 616/3118/1015 606/3119/1015 912/3120/1015
f 514/3121/1016 511/3122/1016 519/3123/1016 504/3124/1016
f 831/3125/1017 833/3126/1017 527/3127/1017 525/3128/1017
f 938/3129/1018 935/3130/1019 943/3131/1018 932/3132/1018
f 805/3133/1020 803/3134/1020 497/3135/1020 499/3136/1020
f 651/3137/1021 654/3138/1021 348/3139/1021 345/3140/1021
f 501/3141/1022 512/3142/1022 511/3143/1022 513/3144/1022
f 494/3145/1023 492/3146/1023 481/3147/1023 491/3148/1023
f 773/3149/1024 771/3150/1024 782/3151/1024 775/3152/1024
f 354/3153/1025 355/3154/1025 661/3155/1025 660/3156/1025
f 816/3157/1026 821/3158/1026 515/3159/1026 510/3160/1026
f 737/3161/1027 431/3162/1027 430/3163/1027 736/3164/1027
f 697/3165/1028 695/3166/1028 389/3167/1028 391/3168/1028
f 800/3169/1029 494/3170/1029 493/3171/1029 799/3172/1029
f 896/3173/1030 889/3174/1030 888/3175/1030 897/3176/1030
f 614/3177/1031 611/3178/1031 602/3179/1032 603/3180/1031
f 531/3181/1033 532/3182/1033 522/3183/1033 523/3184/1033
f 739/3185/1034 729/3186/1034 734/3187/1034 732/3188/1035
f 757/3189/1036 764/3190/1036 458/3191/1036 451/3192/1036
f 985/3193/1037 984/3194/1037 959/3195/1037 950/3196/1037
f 324/3197/1038 329/3198/1038 323/3199/1038 319/3200/1038
f 293/3201/1039 299/3202/1039 303/3203/1039 298/3204/1039
f 294/3205/1040 300/3206/1040 304/3207/1040 299/3208/1040
f 315/3209/1041 321/3210/1041 325/3211/1041 320/3212/1041
f 312/3213/1042 318/3214/1042 322/3215/1042 317/3216/1042
f 316/3217/1043 317/3218/1043 326/3219/1043 321/3220/1043
f 295/3221/1044 301/3222/1044 305/3223/1044 300/3224/1044
f 222/3225/1045 223/3226/1045 232/3227/1045 227/3228/1045
f 218/3229/1046 224/3230/1046 228/3231/1046 223/3232/1046
f 245/3233/1047 251/3234/1047 255/3235/1047 250/3236/1047
f 267/3237/1048 273/3238/1048 277/3239/1048 272/3240/1048
f 200/3241/1049 206/3242/1049 210/3243/1049 205/3244/1049
f 202/3245/1050 203/3246/1050 212/3247/1050 207/3248/1050
f 249/3249/1051 250/3250/1051 259/3251/1051 254/3252/1051
f 247/3253/1052 253/3254/1052 257/3255/1052 252/3256/1052
f 266/3257/1053 272/3258/1053 276/3259/1053 271/3260/1053
f 199/3261/1054 205/3262/1054 209/3263/1054 204/3264/1054
f 248/3265/1055 254/3266/1056 258/3267/1057 253/3268/1056
f 198/3269/1058 204/3270/1058 208/3271/1058 203/3272/1058
f 967/3273/1059 1035/3274/1059 1034/3275/1059 963/3276/1059
f 243/3277/1060 244/3278/1060 248/3279/1060
f 193/3280/1061 194/3281/1061 198/3282/1061
f 236/3283/1062 235/3284/1062 230/3285/1062
f 282/3286/1063 281/3287/1063 276/3288/1063
f 281/3289/1064 280/3290/1064 275/3291/1064
f 237/3292/1065 236/3293/1065 231/3294/1065
f 291/3295/1066 287/3296/1066 296/3297/1066
f 329/3298/1067 328/3299/1067 323/3300/1067
f 330/3301/1068 329/3302/1068 324/3303/1068
f 243/3304/1069 285/3305/1069 244/3306/1069
f 291/3307/1070 332/3308/1070 287/3309/1070
f 219/3310/1071 225/3311/1071 229/3312/1071 224/3313/1071
f 265/3314/1072 271/3315/1072 275/3316/1072 270/3317/1072
f 296/3318/1073 297/3319/1073 306/3320/1073 301/3321/1073
f 290/3322/1074 294/3323/1074 289/3324/1074 332/3325/1074
f 234/3326/1075 229/3327/1075 235/3328/1075 239/3329/1075
f 309/3330/1076 314/3331/1076 319/3332/1076 313/3333/1076
f 220/3334/1077 226/3335/1077 230/3336/1077 225/3337/1077
f 314/3338/1078 320/3339/1078 324/3340/1078 319/3341/1078
f 246/3342/1079 252/3343/1079 256/3344/1079 251/3345/1079
f 260/3346/1080 259/3347/1080 250/3348/1080 255/3349/1080
f 206/3350/1081 211/3351/1081 216/3352/1081 210/3353/1081
f 209/3354/1082 215/3355/1082 219/3356/1082 214/3357/1082
f 317/3358/1083 316/3359/1083 307/3360/1083 312/3361/1083
f 313/3362/1084 319/3363/1084 323/3364/1084 318/3365/1084
f 331/3366/1085 326/3367/1085 327/3368/1085 333/3369/1085
f 193/3370/1086 202/3371/1086 197/3372/1086 238/3373/1086
f 208/3374/1087 214/3375/1087 218/3376/1087 213/3377/1087
f 212/3378/1088 213/3379/1088 222/3380/1088 217/3381/1088
f 307/3382/1089 306/3383/1089 297/3384/1089 302/3385/1089
f 270/3386/1090 269/3387/1090 260/3388/1090 265/3389/1090
f 237/3390/1091 232/3391/1091 233/3392/1091 239/3393/1091
f 262/3394/1092 267/3395/1092 272/3396/1092 266/3397/1092
f 221/3398/1093 227/3399/1093 231/3400/1093 226/3401/1093
f 197/3402/1094 201/3403/1095 196/3404/1094 238/3405/1095
f 217/3406/1096 222/3407/1096 227/3408/1096 221/3409/1096
f 269/3410/1097 270/3411/1097 279/3412/1097 274/3413/1097
f 306/3414/1098 307/3415/1099 316/3416/1099 311/3417/1099
f 254/3418/1100 259/3419/1100 264/3420/1100 258/3421/1100
f 215/3422/1101 220/3423/1101 225/3424/1101 219/3425/1101
f 233/3426/1102 228/3427/1102 234/3428/1102 239/3429/1102
f 211/3430/1103 217/3431/1103 221/3432/1103 216/3433/1103
f 256/3434/1104 262/3435/1104 266/3436/1104 261/3437/1104
f 289/3438/1105 293/3439/1105 288/3440/1105 332/3441/1105
f 210/3442/1106 216/3443/1106 220/3444/1106 215/3445/1106
f 330/3446/1107 325/3447/1107 331/3448/1107 333/3449/1107
f 283/3450/1108 278/3451/1108 284/3452/1108 286/3453/1108
f 214/3454/1109 219/3455/1109 224/3456/1109 218/3457/1109
f 284/3458/1110 279/3459/1110 280/3460/1110 286/3461/1110
f 240/3462/1111 249/3463/1111 244/3464/1111 285/3465/1111
f 255/3466/1112 261/3467/1112 265/3468/1112 260/3469/1112
f 282/3470/1113 277/3471/1113 283/3472/1113 286/3473/1113
f 315/3474/1114 320/3475/1115 310/3476/1116 305/3477/1117
f 259/3478/1118 260/3479/1118 269/3480/1118 264/3481/1118
f 223/3482/1119 222/3483/1119 213/3484/1119 218/3485/1119
f 258/3486/1120 264/3487/1121 268/3488/1122 263/3489/1121
f 213/3490/1123 212/3491/1123 203/3492/1123 208/3493/1123
f 251/3494/1124 256/3495/1125 261/3496/1125 255/3497/1125
f 252/3498/1126 257/3499/1126 262/3500/1126 256/3501/1126
f 264/3502/1127 269/3503/1127 274/3504/1127 268/3505/1127
f 243/3506/1128 247/3507/1129 242/3508/1129 285/3509/1129
f 201/3510/1130 207/3511/1130 211/3512/1130 206/3513/1130
f 263/3514/1131 268/3515/1131 273/3516/1131 267/3517/1131
f 205/3518/1132 210/3519/1132 215/3520/1132 209/3521/1132
f 241/3522/1133 245/3523/1133 240/3524/1134 285/3525/1133
f 242/3526/1135 246/3527/1135 241/3528/1135 285/3529/1135
f 204/3530/1136 209/3531/1136 214/3532/1136 208/3533/1136
f 268/3534/1137 274/3535/1137 278/3536/1138 273/3537/1137
f 304/3538/1139 310/3539/1139 314/3540/1139 309/3541/1139
f 300/3542/1140 305/3543/1140 310/3544/1140 304/3545/1140
f 281/3546/1141 282/3547/1141 286/3548/1141 280/3549/1141
f 291/3550/1142 295/3551/1143 290/3552/1143 332/3553/1143
f 196/3554/1144 200/3555/1144 195/3556/1145 238/3557/1144
f 288/3558/1146 292/3559/1146 287/3560/1146 332/3561/1146
f 301/3562/1147 306/3563/1147 311/3564/1147 305/3565/1147
f 257/3566/1148 263/3567/1148 267/3568/1148 262/3569/1148
f 310/3570/1149 320/3571/1150 314/3572/1151
f 298/3573/1152 303/3574/1152 308/3575/1152 302/3576/1152
f 327/3577/1153 322/3578/1153 328/3579/1153 333/3580/1153
f 303/3581/1154 309/3582/1154 313/3583/1154 308/3584/1154
f 329/3585/1155 330/3586/1156 333/3587/1157 328/3588/1156
f 292/3589/1158 298/3590/1158 302/3591/1158 297/3592/1158
f 311/3593/1159 316/3594/1159 321/3595/1159 315/3596/1159
f 236/3597/1160 237/3598/1160 239/3599/1160 235/3600/1160
f 253/3601/1161 258/3602/1161 263/3603/1161 257/3604/1161
f 302/3605/1162 308/3606/1163 318/3607/1164 312/3608/1165
f 302/3609/1166 312/3610/1167 307/3611/1168
f 299/3612/1169 304/3613/1170 309/3614/1171 303/3615/1170
f 207/3616/1172 212/3617/1172 217/3618/1172 211/3619/1172
f 216/3620/1173 221/3621/1173 226/3622/1173 220/3623/1173
f 261/3624/1174 266/3625/1175 271/3626/1176 265/3627/1175
f 196/3628/1177 201/3629/1177 206/3630/1177 200/3631/1177
f 272/3632/1178 277/3633/1178 282/3634/1178 276/3635/1178
f 1034/3636/1179 1033/3637/1179 958/3638/1179 963/3639/1179
f 274/3640/1180 279/3641/1180 284/3642/1181 278/3643/1180
f 195/3644/1182 200/3645/1182 205/3646/1182 199/3647/1182
f 327/3648/1183 326/3649/1183 317/3650/1183 322/3651/1183
f 276/3652/1184 281/3653/1184 275/3654/1184 271/3655/1184
f 195/3656/1185 194/3657/1186 193/3658/1187 238/3659/1188
f 320/3660/1189 325/3661/1190 330/3662/1190 324/3663/1190
f 242/3664/1191 247/3665/1191 252/3666/1191 246/3667/1191
f 233/3668/1192 232/3669/1193 223/3670/1193 228/3671/1193
f 202/3672/1194 193/3673/1194 198/3674/1194 203/3675/1194
f 290/3676/1195 295/3677/1195 300/3678/1195 294/3679/1195
f 969/3680/1196 970/3681/1196 971/3682/1196 968/3683/1196
f 321/3684/1197 326/3685/1197 331/3686/1197 325/3687/1197
f 1047/3688/1198 1048/3689/1198 1049/3690/1198 1050/3691/1198
f 990/3692/1199 989/3693/1199 953/3694/1199 952/3695/1199
f 994/3696/1200 995/3697/1200 996/3698/1200 993/3699/1200
f 959/3700/1201 987/3701/1201 986/3702/1201 950/3703/1201
f 967/3704/1202 1028/3705/1202 1027/3706/1202 966/3707/1202
f 249/3708/1203 254/3709/1203 248/3710/1203 244/3711/1203
f 248/3712/1204 253/3713/1204 247/3714/1204 243/3715/1204
f 1016/3716/1205 1015/3717/1205 958/3718/1205 957/3719/1205
f 958/3720/1206 1015/3721/1206 1017/3722/1206 963/3723/1206
f 998/3724/1207 997/3725/1207 958/3726/1207 953/3727/1207
f 949/3728/1208 1046/3729/1208 1045/3730/1208 948/3731/1208
f 958/3732/1209 1051/3733/1209 1053/3734/1209 949/3735/1209
f 1008/3736/1210 1007/3737/1210 957/3738/1210 956/3739/1210
f 273/3740/1211 278/3741/1212 283/3742/1213 277/3743/1212
f 946/3744/1214 973/3745/1214 972/3746/1214 947/3747/1214
f 1043/3748/1215 1044/3749/1215 1045/3750/1215 1046/3751/1215
f 1026/3752/1216 1025/3753/1216 963/3754/1216 962/3755/1216
f 224/3756/1217 229/3757/1217 234/3758/1217 228/3759/1217
f 959/3760/1218 1005/3761/1218 1004/3762/1218 954/3763/1218
f 958/3764/1219 997/3765/1219 999/3766/1219 957/3767/1219
f 280/3768/1220 279/3769/1220 270/3770/1220 275/3771/1220
f 289/3772/1221 294/3773/1221 299/3774/1221 293/3775/1221
f 250/3776/1222 249/3777/1222 240/3778/1222 245/3779/1222
f 958/3780/1223 1033/3781/1223 1035/3782/1223 967/3783/1223
f 996/3784/1224 995/3785/1224 954/3786/1224 955/3787/1224
f 953/3788/1225 971/3789/1225 970/3790/1225 952/3791/1225
f 241/3792/1226 246/3793/1226 251/3794/1226 245/3795/1226
f 959/3796/1227 984/3797/1227 983/3798/1227 946/3799/1227
f 1052/3800/1228 1051/3801/1228 958/3802/1228 967/3803/1228
f 296/3804/1229 301/3805/1229 295/3806/1229 291/3807/1229
f 225/3808/1230 230/3809/1230 235/3810/1230 229/3811/1230
f 988/3812/1231 987/3813/1231 959/3814/1231 954/3815/1231
f 197/3816/1232 202/3817/1232 207/3818/1232 201/3819/1232
f 318/3820/1233 323/3821/1233 328/3822/1233 322/3823/1233
f 959/3824/1234 1023/3825/1234 1022/3826/1234 960/3827/1234
f 1044/3828/1235 1043/3829/1235 967/3830/1235 966/3831/1235
f 1014/3832/1236 1013/3833/1236 960/3834/1236 961/3835/1236
f 288/3836/1237 293/3837/1237 298/3838/1237 292/3839/1237
f 975/3840/1238 974/3841/1238 950/3842/1238 951/3843/1238
f 1006/3844/1239 1005/3845/1239 959/3846/1239 960/3847/1239
f 232/3848/1240 237/3849/1240 231/3850/1240 227/3851/1240
f 231/3852/1241 236/3853/1241 230/3854/1241 226/3855/1241
f 1025/3856/1242 1026/3857/1242 1027/3858/1242 1028/3859/1242
f 1042/3860/1243 1041/3861/1243 959/3862/1243 946/3863/1243
f 1050/3864/1244 1049/3865/1244 946/3866/1244 947/3867/1244
f 1024/3868/1245 1023/3869/1245 959/3870/1245 964/3871/1245
f 964/3872/1246 1048/3873/1246 1047/3874/1246 965/3875/1246
f 963/3876/1247 1010/3877/1247 1009/3878/1247 962/3879/1247
f 954/3880/1248 1012/3881/1248 1011/3882/1248 955/3883/1248
f 965/3884/1249 1047/3885/1249 1050/3886/1249 947/3887/1249
f 970/3888/1250 969/3889/1250 948/3890/1250 952/3891/1250
f 972/3892/1251 975/3893/1251 951/3894/1251 947/3895/1251
f 981/3896/1252 980/3897/1252 947/3898/1252 951/3899/1252
f 976/3900/1253 977/3901/1253 978/3902/1253
f 1025/3903/1254 1028/3904/1254 967/3905/1254 963/3906/1254
f 978/3907/1255 977/3908/1255 949/3909/1255 953/3910/1255
f 999/3911/1256 998/3912/1256 953/3913/1256 957/3914/1256
f 948/3915/1257 979/3916/1257 982/3917/1257 952/3918/1257
f 980/3919/1258 979/3920/1258 948/3921/1258 947/3922/1258
f 962/3923/1257 1036/3924/1257 1039/3925/1257 966/3926/1257
f 983/3927/1259 984/3928/1259 985/3929/1259
f 199/3930/1260 204/3931/1260 198/3932/1260 194/3933/1260
f 949/3934/1261 968/3935/1261 971/3936/1261 953/3937/1261
f 986/3938/1262 987/3939/1262 988/3940/1262
f 1001/3941/1263 1002/3942/1263 1003/3943/1263 1000/3944/1263
f 953/3945/1264 989/3946/1264 992/3947/1264 957/3948/1264
f 1008/3949/1265 1009/3950/1265 1010/3951/1265 1007/3952/1265
f 1055/3953/1266 1054/3954/1266 966/3955/1266 965/3956/1266
f 993/3957/1267 996/3958/1267 955/3959/1267 951/3960/1267
f 964/3961/1268 1040/3962/1268 1042/3963/1268 946/3964/1268
f 997/3965/1269 998/3966/1269 999/3967/1269
f 958/3968/1270 976/3969/1270 978/3970/1270 953/3971/1270
f 1021/3972/1271 1020/3973/1271 961/3974/1271 962/3975/1271
f 961/3976/1252 1020/3977/1252 1019/3978/1252 955/3979/1252
f 1003/3980/1272 1002/3981/1272 955/3982/1272 956/3983/1272
f 951/3984/1273 1001/3985/1273 1000/3986/1273 952/3987/1273
f 955/3988/1252 1002/3989/1252 1001/3990/1252 951/3991/1252
f 1004/3992/1274 1005/3993/1274 1006/3994/1274
f 983/3995/1275 985/3996/1275 950/3997/1275 946/3998/1275
f 973/3999/1276 974/4000/1276 975/4001/1276 972/4002/1276
f 950/4003/1277 974/4004/1277 973/4005/1277 946/4006/1277
f 1009/4007/1278 1008/4008/1278 956/4009/1278 962/4010/1278
f 1029/4011/1279 1030/4012/1279 1031/4013/1279 1032/4014/1279
f 1017/4015/1280 1016/4016/1280 957/4017/1280 963/4018/1280
f 990/4019/1281 991/4020/1281 992/4021/1281 989/4022/1281
f 960/4023/1282 1013/4024/1282 1012/4025/1282 954/4026/1282
f 1015/4027/1283 1016/4028/1283 1017/4029/1283
f 1019/4030/1284 1020/4031/1284 1021/4032/1284 1018/4033/1284
f 1004/4034/1285 1006/4035/1285 960/4036/1285 954/4037/1285
f 986/4038/1286 988/4039/1286 954/4040/1286 950/4041/1286
f 1018/4042/1257 1021/4043/1257 962/4044/1257 956/4045/1257
f 955/4046/1287 1019/4047/1287 1018/4048/1287 956/4049/1287
f 957/4050/1288 1007/4051/1288 1010/4052/1288 963/4053/1288
f 1022/4054/1289 1023/4055/1289 1024/4056/1289
f 952/4057/1290 982/4058/1290 981/4059/1290 951/4060/1290
f 969/4061/1291 968/4062/1291 949/4063/1291 948/4064/1291
f 961/4065/1292 1037/4066/1292 1036/4067/1292 962/4068/1292
f 966/4069/1293 1027/4070/1293 1026/4071/1293 962/4072/1293
f 957/4073/1294 992/4074/1294 991/4075/1294 956/4076/1294
f 961/4077/1295 1029/4078/1295 1032/4079/1295 965/4080/1295
f 954/4081/1296 995/4082/1296 994/4083/1296 950/4084/1296
f 1033/4085/1297 1034/4086/1297 1035/4087/1297
f 296/4088/1298 287/4089/1298 292/4090/1298 297/4091/1298
f 1054/4092/1299 1055/4093/1299 1056/4094/1299 1057/4095/1299
f 960/4096/1300 1022/4097/1300 1024/4098/1300 964/4099/1300
f 1039/4100/1301 1038/4101/1301 965/4102/1301 966/4103/1301
f 947/4104/1252 1056/4105/1252 1055/4106/1252 965/4107/1252
f 991/4108/1302 990/4109/1302 952/4110/1302 956/4111/1302
f 1038/4112/1252 1037/4113/1252 961/4114/1252 965/4115/1252
f 1040/4116/1303 1041/4117/1303 1042/4118/1303
f 1012/4119/1304 1013/4120/1304 1014/4121/1304 1011/4122/1304
f 1032/4123/1305 1031/4124/1305 964/4125/1305 965/4126/1305
f 1031/4127/1306 1030/4128/1306 960/4129/1306 964/4130/1306
f 960/4131/1307 1030/4132/1307 1029/4133/1307 961/4134/1307
f 948/4135/1308 1045/4136/1308 1044/4137/1308 966/4138/1308
f 950/4139/1309 994/4140/1309 993/4141/1309 951/4142/1309
f 980/4143/1310 981/4144/1310 982/4145/1310 979/4146/1310
f 1049/4147/1311 1048/4148/1311 964/4149/1311 946/4150/1311
f 1051/4151/1312 1052/4152/1312 1053/4153/1312
f 959/4154/1313 1041/4155/1313 1040/4156/1313 964/4157/1313
f 1036/4158/1314 1037/4159/1314 1038/4160/1314 1039/4161/1314
f 977/4162/1315 976/4163/1315 958/4164/1315 949/4165/1315
f 949/4166/1316 1053/4167/1316 1052/4168/1316 967/4169/1316
f 948/4170/1317 1057/4171/1317 1056/4172/1317 947/4173/1317
f 1054/4174/1257 1057/4175/1257 948/4176/1257 966/4177/1257
f 1043/4178/1318 1046/4179/1318 949/4180/1318 967/4181/1318
f 1011/4182/1319 1014/4183/1319 961/4184/1319 955/4185/1319
f 308/4186/1320 313/4187/1321 318/4188/1322
f 195/4189/1323 199/4190/1188 194/4191/1324
f 305/4192/1325 311/4193/1326 315/4194/1327
f 1000/4195/1257 1003/4196/1257 956/4197/1257 952/4198/1257
