# Blender v3.0.0 OBJ File: 'aa.blend'
# www.blender.org
mtllib Palm_2.mtl
o Palm_2
v 0.015523 -0.000000 -0.187848
v -0.240470 4.451093 -0.017028
v 0.137035 -0.000000 -0.132169
v -0.195450 4.430961 0.009736
v 0.172216 0.000000 0.029319
v -0.199599 4.414651 0.063265
v 0.020896 0.000000 0.135127
v -0.248767 4.418475 0.090030
v -0.147747 0.000000 0.079448
v -0.293787 4.438608 0.063265
v -0.126869 -0.000000 -0.082040
v -0.289640 4.454917 0.009736
v 0.156966 0.422635 -0.210764
v 0.244921 0.685347 -0.176470
v 0.278578 1.030513 -0.199223
v 0.220844 1.404543 -0.230430
v 0.077581 1.771157 -0.235427
v -0.144280 2.115905 -0.200568
v -0.381832 2.513064 -0.165598
v -0.488885 3.000509 -0.192676
v -0.448013 3.493433 -0.219822
v -0.332572 3.951444 -0.162886
v -0.240391 3.914802 -0.107538
v -0.344532 3.476944 -0.158419
v -0.376655 3.015866 -0.129472
v -0.271303 2.563749 -0.100909
v -0.036921 2.183732 -0.132140
v 0.200332 1.836197 -0.160998
v 0.371663 1.457343 -0.142456
v 0.459689 1.054355 -0.090514
v 0.444314 0.651332 -0.043911
v 0.340821 0.291623 -0.073964
v -0.246897 3.889264 0.002955
v -0.345179 3.477857 -0.036974
v -0.376118 3.028436 -0.000367
v -0.267341 2.566571 0.036739
v -0.026952 2.176360 0.011579
v 0.203900 1.840159 -0.003489
v 0.368470 1.480033 0.038511
v 0.453972 1.091322 0.118740
v 0.434704 0.673167 0.196749
v 0.299089 0.232100 0.179799
v -0.345583 3.900367 0.058101
v -0.449306 3.495258 0.023070
v -0.487812 3.025650 0.065533
v -0.373909 2.518708 0.109697
v -0.124343 2.101160 0.086871
v 0.084715 1.779084 0.079592
v 0.214458 1.449923 0.131502
v 0.267143 1.104448 0.219287
v 0.225704 0.729017 0.304850
v 0.073502 0.303588 0.296763
v -0.437764 3.937009 0.002753
v -0.552786 3.511747 -0.038334
v -0.600044 3.010293 0.002330
v -0.484439 2.468023 0.045008
v -0.231703 2.033332 0.018444
v -0.038036 1.714044 0.005163
v 0.063639 1.397123 0.043527
v 0.086033 1.080606 0.110579
v 0.026312 0.763032 0.172290
v -0.110353 0.434599 0.159964
v -0.431258 3.962548 -0.107741
v -0.552139 3.510834 -0.159778
v -0.600580 2.997722 -0.126775
v -0.488401 2.465201 -0.092640
v -0.241672 2.040704 -0.125276
v -0.041602 1.710081 -0.152346
v 0.066832 1.374434 -0.137438
v 0.091750 1.043639 -0.098676
v 0.035920 0.741197 -0.068370
v -0.068621 0.494122 -0.093799
v 0.155158 0.430147 -0.119864
v 0.280562 0.350383 -0.027055
v 0.256511 0.318661 0.143582
v 0.107058 0.366703 0.221411
v -0.018346 0.446467 0.128603
v 0.005705 0.478189 -0.042034
v 0.250411 0.727132 -0.097131
v 0.383223 0.709968 -0.010100
v 0.377619 0.727799 0.148515
v 0.239202 0.762795 0.220100
v 0.106389 0.779959 0.133068
v 0.111993 0.762127 -0.025548
v 0.274488 1.081920 -0.134789
v 0.393553 1.100612 -0.063788
v 0.389801 1.124733 0.073950
v 0.266983 1.130162 0.140684
v 0.147917 1.111470 0.069681
v 0.151670 1.087349 -0.068055
v 0.209201 1.451298 -0.173717
v 0.307789 1.487905 -0.116132
v 0.306003 1.501742 0.002953
v 0.205628 1.478972 0.064454
v 0.107039 1.442365 0.006868
v 0.108825 1.428528 -0.112217
v 0.057871 1.809120 -0.181306
v 0.138292 1.853007 -0.132227
v 0.141279 1.854433 -0.028344
v 0.063844 1.811972 0.026459
v -0.016578 1.768085 -0.022620
v -0.019565 1.766659 -0.126503
v -0.166951 2.149669 -0.148449
v -0.095639 2.195055 -0.102871
v -0.088698 2.189712 -0.007237
v -0.153067 2.138983 0.042819
v -0.224379 2.093597 -0.002758
v -0.231321 2.098939 -0.098393
v -0.398146 2.564899 -0.121360
v -0.323800 2.596384 -0.078358
v -0.321658 2.599372 0.013044
v -0.393860 2.570876 0.061443
v -0.468206 2.539391 0.018441
v -0.470349 2.536402 -0.072961
v -0.491237 3.058043 -0.154723
v -0.416601 3.065739 -0.112532
v -0.416253 3.074106 -0.026859
v -0.490544 3.074775 0.016623
v -0.565180 3.067078 -0.025569
v -0.565527 3.058712 -0.111243
v -0.437697 3.543452 -0.178268
v -0.369369 3.530648 -0.137531
v -0.370090 3.529599 -0.056968
v -0.439140 3.541354 -0.017141
v -0.507468 3.554158 -0.057877
v -0.506746 3.555207 -0.138441
v -0.321816 3.988168 -0.114113
v -0.260949 3.962692 -0.077695
v -0.265799 3.943630 -0.004940
v -0.331514 3.950046 0.031396
v -0.392381 3.975522 -0.005022
v -0.387532 3.994583 -0.077776
v -0.527198 4.275444 -0.240953
v -0.565096 4.296490 -0.227034
v -0.578057 4.274899 -0.187780
v -0.548005 4.240436 -0.177551
v -0.516520 4.240701 -0.210373
v -0.533095 4.331848 -0.257763
v -0.593982 4.331154 -0.195118
v -0.573580 4.264308 -0.136509
v -0.500431 4.223663 -0.163315
v -0.475427 4.265346 -0.238597
v -0.462057 4.339864 -0.266661
v -0.564172 4.396587 -0.229248
v -0.598939 4.338395 -0.124218
v -0.518289 4.245852 -0.096911
v -0.433634 4.246593 -0.184849
v -0.486014 4.432524 -0.255175
v -0.585706 4.431658 -0.151566
v -0.552086 4.321901 -0.055252
v -0.431995 4.255132 -0.099243
v -0.391021 4.323529 -0.223007
v -0.394475 4.429461 -0.237621
v -0.520779 4.499685 -0.191355
v -0.563836 4.427748 -0.061163
v -0.463943 4.313193 -0.027359
v -0.359117 4.314032 -0.136300
v -0.428143 4.520225 -0.202974
v -0.527813 4.519429 -0.099404
v -0.494250 4.409643 -0.003051
v -0.374089 4.342860 -0.047074
v -0.333165 4.411309 -0.170835
v -0.352126 4.506589 -0.167399
v -0.454152 4.563294 -0.130024
v -0.488983 4.505169 -0.024994
v -0.408309 4.412528 0.002355
v -0.323632 4.413353 -0.085642
v -0.383450 4.558887 -0.123012
v -0.444128 4.558323 -0.059964
v -0.423799 4.491251 -0.001770
v -0.350921 4.450806 -0.028485
v -0.325644 4.492530 -0.103415
v -0.354048 4.537848 -0.084996
v -0.392055 4.558979 -0.071041
v -0.404232 4.538336 -0.030628
v -0.375731 4.501956 -0.022813
v -0.342542 4.504064 -0.053278
v -0.554546 4.254106 -0.215706
v -0.366930 4.538835 -0.046715
v -0.220107 4.181710 0.172549
v -0.259137 4.179492 0.196260
v -0.247959 4.188724 0.240432
v -0.201894 4.196657 0.244025
v -0.184718 4.192340 0.202208
v -0.263434 4.194090 0.145851
v -0.296472 4.202351 0.226458
v -0.228644 4.223002 0.283331
v -0.153886 4.227824 0.237568
v -0.175031 4.209623 0.152688
v -0.217627 4.235269 0.102587
v -0.322192 4.229084 0.166254
v -0.292337 4.253953 0.284704
v -0.169060 4.275598 0.294398
v -0.122889 4.264056 0.181869
v -0.292405 4.276151 0.097618
v -0.346682 4.289772 0.229996
v -0.235200 4.323536 0.323463
v -0.111962 4.330762 0.248506
v -0.147161 4.301470 0.108910
v -0.219759 4.342755 0.068900
v -0.349316 4.335224 0.147760
v -0.312341 4.365985 0.294533
v -0.159569 4.392575 0.306454
v -0.102459 4.378239 0.167206
v -0.296399 4.393379 0.088114
v -0.350740 4.407001 0.220573
v -0.239172 4.440793 0.314005
v -0.116020 4.447970 0.239015
v -0.151163 4.418725 0.099497
v -0.225301 4.458020 0.084606
v -0.329986 4.451780 0.148228
v -0.300052 4.476707 0.266782
v -0.176769 4.498316 0.276348
v -0.130680 4.486779 0.163929
v -0.273713 4.497071 0.121636
v -0.306694 4.505293 0.201965
v -0.239098 4.526303 0.258843
v -0.164123 4.530765 0.213201
v -0.185551 4.512929 0.128286
v -0.232465 4.533638 0.143917
v -0.270400 4.528220 0.168324
v -0.260396 4.540661 0.211967
v -0.213774 4.547006 0.215821
v -0.196580 4.542674 0.173892
v -0.222028 4.172365 0.212342
v -0.234917 4.552345 0.181841
v 0.084964 4.242678 -0.179865
v 0.047650 4.221449 -0.179526
v 0.043963 4.196982 -0.147110
v 0.078902 4.203031 -0.127441
v 0.104223 4.231336 -0.147784
v 0.053163 4.266432 -0.202819
v 0.004734 4.212055 -0.163903
v 0.041762 4.190244 -0.102141
v 0.113237 4.231071 -0.102664
v 0.119876 4.278292 -0.164680
v 0.091986 4.326935 -0.194765
v -0.007656 4.269954 -0.193987
v -0.017258 4.204456 -0.107243
v 0.076084 4.220644 -0.054367
v 0.143672 4.296511 -0.108605
v 0.023119 4.351278 -0.202721
v -0.056494 4.261957 -0.138636
v 0.004294 4.226144 -0.037288
v 0.121841 4.293132 -0.038156
v 0.133127 4.370347 -0.140404
v 0.074690 4.419912 -0.166821
v -0.049001 4.349452 -0.165882
v -0.060831 4.268312 -0.058325
v 0.054850 4.288272 0.007223
v 0.138639 4.382239 -0.060216
v -0.003891 4.433433 -0.157430
v -0.083551 4.344078 -0.093388
v -0.022713 4.308250 0.008023
v 0.094813 4.375292 0.007113
v 0.106073 4.452412 -0.095120
v 0.040619 4.482781 -0.108744
v -0.059047 4.425880 -0.108030
v -0.068688 4.360256 -0.021255
v 0.024722 4.376561 0.031630
v 0.092233 4.452379 -0.022665
v -0.016708 4.478549 -0.085822
v -0.064839 4.423950 -0.047038
v -0.027914 4.402226 0.014507
v 0.043316 4.443205 0.014274
v 0.050276 4.490197 -0.047938
v 0.004383 4.487765 -0.044822
v -0.033681 4.467496 -0.043739
v -0.035803 4.441107 -0.012811
v -0.002352 4.449039 0.008469
v 0.023680 4.476387 -0.012649
v 0.075646 4.208319 -0.162338
v -0.011744 4.474249 -0.015852
v -0.139972 4.722112 0.045092
v 0.115878 4.742698 0.170860
v -0.143683 4.774568 0.324048
v -0.051292 4.730886 0.792306
v 0.658044 4.543730 0.833490
v 0.371050 4.389400 1.422651
v 0.722265 4.024973 1.491141
v 0.562131 4.043314 1.581627
v 0.671234 3.855201 1.631435
v 0.650480 4.039989 1.551317
v 0.587825 4.394641 1.352405
v 0.229909 4.792140 0.651770
v -0.013715 4.800931 0.238570
v 0.439879 4.655947 1.036935
v 0.474400 4.672112 0.490555
v 0.501784 4.644616 0.536010
v 0.744651 4.317784 1.221609
v 0.750742 4.288053 1.271384
v 0.192467 4.569423 1.215101
v 0.160842 4.588163 1.174473
v -0.146179 4.666268 0.055921
v -0.224764 4.786625 -0.203420
v 0.090740 4.720085 -0.130370
v -0.248850 4.840615 -0.467272
v 0.248766 4.735538 -0.352106
v 0.365393 4.705103 -0.579024
v -0.175428 4.784634 -1.172650
v 0.425400 4.522105 -1.498656
v 0.098695 4.291473 -1.949360
v 0.288459 4.249175 -1.902372
v 0.181972 4.103107 -2.097226
v 0.200743 4.279391 -1.940529
v 0.218890 4.608885 -1.589800
v -0.062578 4.786454 -0.145051
v 0.013714 4.852136 -0.383539
v -0.260695 4.842428 -0.732462
v -0.255732 4.828300 -0.792956
v 0.079234 4.872375 -0.632852
v -0.019586 4.591358 -1.629142
v 0.003087 4.564697 -1.683942
v 0.457593 4.634950 -1.139015
v 0.455222 4.640863 -1.078572
v 0.176630 4.811012 -1.141477
v -0.134944 4.673073 0.050004
v -0.376831 4.725338 0.191469
v -0.342965 4.772936 -0.105099
v -0.784715 4.815845 -0.305798
v -1.271339 4.668113 0.223409
v -1.618298 4.608886 -0.376263
v -1.966679 4.278455 -0.186155
v -1.943013 4.305697 -0.366902
v -2.092996 4.134912 -0.336322
v -1.969926 4.300963 -0.277194
v -1.685014 4.610263 -0.156904
v -0.344198 4.789244 0.055239
v -0.859286 4.726529 0.290908
v -0.917158 4.708635 0.282650
v -0.816698 4.862298 0.016434
v -1.689344 4.518399 0.034848
v -1.739777 4.498763 0.006495
v -1.304144 4.741412 -0.374458
v -1.249220 4.751271 -0.374306
v -1.280927 4.804769 -0.054651
v -0.129391 4.730512 0.048131
v -0.110354 4.753879 0.333081
v -0.368371 4.803926 0.179860
v -0.740239 4.793058 0.487113
v -0.452241 4.591339 1.127222
v -1.131145 4.489100 1.158959
v -1.068068 4.121732 1.497224
v -1.223803 4.150905 1.400773
v -1.239522 3.964269 1.519076
v -1.154085 4.143188 1.463454
v -0.962146 4.483437 1.315031
v -0.226570 4.820523 0.253234
v -0.722539 4.724166 1.034902
v -0.224581 4.698493 0.801942
v -0.254289 4.673666 0.847312
v -0.469501 4.836456 0.665849
v -0.780549 4.392876 1.388792
v -0.825151 4.367060 1.417822
v -1.012611 4.657552 0.903572
v -0.990267 4.673905 0.856512
v -0.152377 4.668769 0.046646
v 0.332652 4.725638 -0.218506
v 0.356122 4.684604 0.285409
v 0.592422 4.628716 0.337213
v 0.987251 4.558332 -0.338316
v 1.408689 4.297600 0.166611
v 1.664397 3.975249 -0.224619
v 1.670007 3.958139 -0.029845
v 1.780205 3.777694 -0.159641
v 1.448661 4.347539 -0.062586
v 0.338648 4.782645 0.045343
v 1.685012 3.973032 -0.125884
v 0.571664 4.683801 -0.303950
v 0.625725 4.660528 -0.313967
v 0.594090 4.757412 0.032845
v 1.406889 4.306315 -0.291213
v 1.457777 4.272608 -0.281281
v 1.116473 4.470565 0.278612
v 1.061929 4.487473 0.292619
v 1.065947 4.619519 -0.007056
v -0.188645 4.557424 0.032872
v -0.097927 4.644177 -0.184271
v 0.066156 4.604975 0.038231
v 0.025859 4.677737 -0.375851
v 0.293409 4.613680 -0.013178
v 0.487162 4.585998 -0.098350
v 0.460710 4.605610 -0.775214
v 1.025419 4.398356 -0.638660
v 1.058118 4.173278 -1.085698
v 1.155307 4.147876 -0.949509
v 1.191549 4.013460 -1.120585
v 1.119396 4.167824 -1.023777
v -0.025136 4.653338 -0.058783
v 0.154281 4.702951 -0.174383
v 0.665825 4.646807 -0.561375
v 0.166617 4.668107 -0.544606
v 0.202921 4.653454 -0.579845
v 0.332606 4.711721 -0.299935
v 0.808551 4.432285 -0.967741
v 0.853749 4.407911 -0.988681
v 0.941740 4.458290 -0.814901
v 0.851008 4.508652 -0.400535
v 0.816392 4.516672 -0.362631
v -0.184707 4.522862 0.030869
v -0.376743 4.647791 -0.133060
v -0.080442 4.599571 -0.225505
v -0.058502 4.642506 -0.721061
v -0.787883 4.728348 -0.956548
v -0.430751 4.543452 -1.537751
v -0.901243 4.338055 -1.795188
v -0.720209 4.306686 -1.848838
v -0.892721 4.176256 -1.982597
v -0.811989 4.332593 -1.836077
v -0.213735 4.662866 -0.157388
v -0.655001 4.745594 -0.540875
v -0.678979 4.734513 -0.599185
v -0.328883 4.785974 -0.612553
v -0.863359 4.590299 -1.433011
v -0.868754 4.570473 -1.492727
v -0.648148 4.619132 -1.506686
v -0.241466 4.624732 -1.238514
v -0.214792 4.626388 -1.186662
v -0.479265 4.775729 -1.078366
v -0.286882 4.520062 -0.081623
v -0.542336 4.591763 -0.032891
v -0.409079 4.626019 -0.288841
v -0.732416 4.693090 -0.613591
v -1.358332 4.602552 -0.297185
v -1.479506 4.553329 -0.951392
v -1.894459 4.268394 -0.896777
v -1.810766 4.287397 -1.051740
v -1.976407 4.135931 -1.074551
v -1.864833 4.287390 -0.979685
v -1.610501 4.565922 -0.775580
v -0.460679 4.646426 -0.144331
v -1.005203 4.630579 -0.100912
v -1.056519 4.617503 -0.127673
v -0.860166 4.749251 -0.333359
v -1.688503 4.484200 -0.604875
v -1.726938 4.468117 -0.647321
v -1.183162 4.657331 -0.845937
v -1.132598 4.662871 -0.827699
v -1.258464 4.725698 -0.549663
v -0.203162 4.423741 -0.002960
v -0.265448 4.514561 0.247019
v -0.420693 4.567677 0.002820
v -0.842663 4.708314 0.132102
v -0.874815 4.642310 0.848948
v -1.513915 4.689173 0.642866
v -1.715093 4.442171 1.051248
v -1.807964 4.472275 0.900735
v -1.934893 4.341941 1.043359
v -1.770300 4.468541 0.983788
v -1.418488 4.692662 0.844705
v -0.645729 4.741404 0.380296
v -0.314193 4.574569 0.117233
v -0.532692 4.609005 0.626213
v -0.582780 4.604676 0.660225
v -1.321186 4.597821 1.000214
v -1.379649 4.591204 1.014662
v -1.263195 4.748551 0.424518
v -1.222466 4.746550 0.387958
v -1.025281 4.786261 0.633086
v -0.224050 4.456005 -0.000109
v 0.038570 4.503798 -0.019415
v -0.104376 4.525589 0.229352
v 0.198988 4.526466 0.572018
v 0.823027 4.407035 0.275540
v 0.895490 4.284722 0.903844
v 1.273235 3.974422 0.807997
v 1.183382 3.986319 0.958283
v 1.326906 3.821931 0.954932
v 1.241090 3.987646 0.891120
v 1.036587 4.300590 0.742385
v 0.349338 4.594389 0.319888
v -0.043844 4.553719 0.095468
v 0.723930 4.511032 0.542413
v 0.491185 4.488086 0.075553
v 0.539382 4.467785 0.101190
v 1.114502 4.230578 0.563194
v 1.148022 4.206749 0.602612
v 0.622899 4.424736 0.810476
v 0.574786 4.436964 0.791314
v -0.225747 4.396794 -0.012895
v 0.004354 4.432414 0.173987
v -0.294892 4.492414 0.254850
v -0.322409 4.516262 0.757245
v 0.372193 4.318748 1.017560
v -0.080220 4.253722 1.566602
v 0.228630 3.884498 1.799469
v 0.044933 3.919510 1.845616
v 0.127265 3.732315 1.961930
v 0.141880 3.910175 1.838375
v 0.158079 4.244925 1.550390
v -0.139394 4.504500 0.197336
v 0.109024 4.467921 1.142908
v 0.282584 4.402050 0.600877
v 0.296619 4.380177 0.658649
v 0.003846 4.553291 0.675279
v 0.343762 4.143795 1.475100
v 0.334995 4.120928 1.532308
v -0.194520 4.410123 1.276098
v -0.214734 4.423645 1.223837
v -0.145136 4.621108 -0.062243
v -0.316455 4.806290 0.147375
v -0.229501 4.783400 -0.190053
v -0.515666 4.917752 -0.463583
v -1.007731 5.048540 0.107904
v -1.226047 4.987638 -0.563114
v -1.671056 4.844223 -0.293868
v -1.620016 4.826643 -0.496105
v -1.810450 4.725466 -0.461476
v -1.645781 4.839162 -0.420143
v -0.550050 5.004155 -0.155970
v -0.233379 4.812170 -0.070641
v -0.918785 5.086932 -0.242535
v -0.679129 4.980901 0.205557
v -0.732828 4.982781 0.197363
v -1.369180 5.012929 -0.094811
v -1.414956 5.003808 -0.125631
v -1.297713 5.035190 -0.333467
v -0.929129 5.005737 -0.568783
v -0.881782 4.995054 -0.565432
v -0.118601 4.742209 0.043697
v -0.101934 4.843204 0.173410
v -0.249565 4.841054 0.053355
v -0.473116 4.977499 0.174985
v -0.336811 5.059464 0.604589
v -0.762055 5.099551 0.610131
v -0.788544 5.036484 0.953895
v -0.878603 5.033571 0.879250
v -0.920471 4.990104 1.023049
v -0.837030 5.042931 0.919597
v -0.307513 5.015703 0.283596
v -0.162971 4.855033 0.104980
v -0.476092 5.094692 0.475997
v -0.178606 4.984295 0.414915
v -0.200657 4.995458 0.447733
v -0.563848 5.100617 0.796805
v -0.599255 5.095828 0.821399
v -0.660457 5.125065 0.703815
v -0.658885 5.071496 0.419746
v -0.643275 5.063085 0.391915
v -0.149528 4.703492 0.045864
v 0.127552 4.847344 0.009124
v 0.007904 4.843570 0.287515
v 0.118119 4.875702 0.381521
v 0.508797 4.923414 0.134747
v 0.636583 4.907163 0.550635
v 0.961469 4.798429 0.470273
v 0.913646 4.795386 0.578144
v 1.055123 4.728573 0.571584
v 0.943208 4.804735 0.527834
v 0.704354 4.937397 0.430089
v 0.037965 4.883778 0.137735
v 0.272421 4.884136 0.029748
v 0.307732 4.885775 0.042122
v 0.165363 4.934737 0.196594
v 0.761917 4.900986 0.307503
v 0.794019 4.896337 0.333535
v 0.420588 4.924750 0.505447
v 0.384787 4.919847 0.496346
v 0.432160 4.981474 0.314055
v -0.151109 4.697667 0.073190
v -0.246161 4.824697 0.017721
v -0.046358 4.802670 -0.015152
v 0.039710 4.959312 -0.248988
v -0.380271 5.121094 -0.420984
v -0.075095 5.153338 -0.754923
v -0.334586 5.144205 -1.028175
v -0.213113 5.128931 -1.047425
v -0.303798 5.106400 -1.190525
v -0.214205 5.201253 -0.733159
v -0.139419 4.827535 0.031337
v -0.169038 5.158423 -0.427038
v -0.272557 5.146065 -1.041199
v -0.357461 5.007361 -0.183032
v -0.364431 5.020069 -0.222164
v -0.142876 5.026849 -0.165364
v -0.360222 5.180344 -0.731349
v -0.354585 5.186201 -0.773644
v 0.000050 5.103497 -0.545161
v 0.010113 5.087499 -0.512581
v -0.136853 4.706470 0.053302
v 0.110536 4.727085 0.176814
v -0.138729 4.757685 0.323737
v -0.048024 4.714366 0.786054
v 0.645695 4.530638 0.829848
v 0.367228 4.378476 1.407183
v 0.709801 4.018692 1.476966
v 0.555839 4.036147 1.564191
v 0.661439 3.850032 1.614752
v 0.640867 4.033454 1.535002
v 0.578977 4.384085 1.339110
v 0.227066 4.775278 0.649596
v -0.013131 4.783791 0.242801
v 0.433196 4.641188 1.029316
v 0.466871 4.656629 0.494350
v 0.491030 4.630368 0.535287
v 0.731048 4.307070 1.214385
v 0.737836 4.281182 1.258027
v 0.190122 4.556406 1.201795
v 0.162353 4.572699 1.165287
v -0.146471 4.652638 0.043253
v -0.221800 4.770509 -0.210648
v 0.084242 4.706036 -0.139899
v -0.245695 4.823500 -0.470026
v 0.239620 4.721103 -0.357664
v 0.354443 4.690907 -0.580688
v -0.173273 4.768075 -1.166561
v 0.414451 4.510492 -1.488840
v 0.095485 4.280719 -1.933839
v 0.278774 4.239968 -1.888475
v 0.175676 4.094307 -2.081115
v 0.194151 4.269486 -1.925261
v 0.212866 4.595746 -1.578412
v -0.064074 4.771148 -0.154844
v 0.010691 4.835625 -0.388422
v -0.257796 4.825180 -0.733071
v -0.253027 4.811259 -0.789927
v 0.074890 4.855678 -0.633657
v -0.018404 4.576431 -1.619131
v 0.000558 4.553272 -1.668918
v 0.446607 4.622020 -1.132187
v 0.443746 4.627091 -1.077835
v 0.171863 4.794968 -1.136551
v -0.145912 4.659474 0.045411
v -0.380856 4.710952 0.181144
v -0.348196 4.756597 -0.103393
v -0.784098 4.798729 -0.302138
v -1.263464 4.654024 0.213474
v -1.605932 4.594938 -0.372591
v -1.949772 4.268451 -0.189415
v -1.927176 4.294585 -0.363578
v -2.075423 4.125553 -0.335930
v -1.953008 4.290454 -0.277054
v -1.671523 4.596788 -0.158382
v -0.350663 4.773285 0.050611
v -0.860230 4.711759 0.280104
v -0.912540 4.694069 0.272144
v -0.815992 4.845320 0.012706
v -1.677755 4.505749 0.026248
v -1.723338 4.488378 0.002363
v -1.294499 4.726058 -0.371089
v -1.245182 4.734567 -0.370348
v -1.273564 4.788626 -0.058093
v -0.136451 4.715566 0.054480
v -0.119571 4.738989 0.330734
v -0.367178 4.787010 0.183531
v -0.734726 4.776084 0.486366
v -0.456161 4.578357 1.114170
v -1.120804 4.476947 1.147816
v -1.062481 4.114352 1.479341
v -1.212615 4.142184 1.386667
v -1.230417 3.957624 1.502336
v -1.145369 4.135272 1.447020
v -0.955987 4.471949 1.300617
v -0.231556 4.803817 0.255287
v -0.720557 4.709055 1.024922
v -0.232915 4.683609 0.796575
v -0.260070 4.659749 0.836958
v -0.470547 4.819621 0.661725
v -0.781783 4.381926 1.373048
v -0.820520 4.359220 1.399928
v -1.003585 4.643535 0.894674
v -0.983042 4.657779 0.852853
v -0.145325 4.652512 0.044399
v 0.333889 4.708776 -0.214269
v 0.356687 4.668823 0.277049
v 0.588209 4.613791 0.327787
v 0.979083 4.543571 -0.332277
v 1.393806 4.287456 0.160369
v 1.646540 3.967937 -0.221742
v 1.652047 3.951445 -0.033976
v 1.761248 3.772221 -0.159894
v 1.433427 4.336647 -0.063390
v 0.340888 4.765344 0.043053
v 1.666529 3.966223 -0.126503
v 0.570162 4.667203 -0.298660
v 0.620664 4.644722 -0.308226
v 0.590508 4.740644 0.030599
v 1.394927 4.293898 -0.285206
v 1.440481 4.264555 -0.277793
v 1.104245 4.458454 0.271638
v 1.055289 4.473305 0.283528
v 1.056906 4.604432 -0.008143
v -0.180587 4.543089 0.023947
v -0.090804 4.627858 -0.186909
v 0.067634 4.590094 0.027720
v 0.030313 4.660666 -0.374857
v 0.290309 4.598502 -0.022426
v 0.480243 4.571152 -0.105856
v 0.458755 4.589499 -0.768085
v 1.010896 4.386743 -0.637504
v 1.045769 4.163362 -1.075081
v 1.139018 4.139069 -0.944499
v 1.176409 4.005417 -1.111666
v 1.104593 4.158574 -1.015629
v -0.019736 4.637462 -0.066228
v 0.155416 4.686062 -0.179013
v 0.659387 4.630754 -0.559771
v 0.169441 4.650990 -0.542119
v 0.203450 4.636727 -0.574696
v 0.330115 4.694771 -0.302298
v 0.803241 4.417976 -0.958344
v 0.842267 4.397307 -0.977962
v 0.929949 4.445518 -0.809208
v 0.838463 4.495520 -0.401638
v 0.807512 4.502358 -0.368732
v -0.190726 4.510647 0.017959
v -0.375637 4.632188 -0.141923
v -0.090976 4.585914 -0.230696
v -0.068781 4.627883 -0.719995
v -0.782402 4.711490 -0.954314
v -0.434973 4.530196 -1.525541
v -0.896124 4.325697 -1.781644
v -0.721505 4.295501 -1.833443
v -0.890067 4.165521 -1.966845
v -0.809935 4.320834 -1.821058
v -0.219170 4.647856 -0.166268
v -0.652459 4.729066 -0.547118
v -0.674483 4.717496 -0.600227
v -0.332762 4.769282 -0.614455
v -0.856950 4.574643 -1.426756
v -0.863258 4.557554 -1.480011
v -0.647343 4.604601 -1.495663
v -0.247096 4.610447 -1.228984
v -0.223788 4.611759 -1.182216
v -0.480413 4.758984 -1.073940
v -0.297290 4.507393 -0.090017
v -0.544277 4.577538 -0.044259
v -0.416548 4.610322 -0.289297
v -0.735051 4.676205 -0.610164
v -1.349120 4.587686 -0.303973
v -1.470671 4.538711 -0.943888
v -1.878639 4.257068 -0.894150
v -1.798257 4.275299 -1.043352
v -1.961107 4.125314 -1.068303
v -1.850196 4.275692 -0.973895
v -1.598847 4.551511 -0.772516
v -0.467104 4.631009 -0.151196
v -1.004097 4.615700 -0.111650
v -1.050239 4.602393 -0.136157
v -0.860187 4.732262 -0.336870
v -1.676114 4.470513 -0.609105
v -1.711303 4.456427 -0.645674
v -1.176922 4.641517 -0.839657
v -1.132023 4.646144 -0.822801
v -1.252198 4.709042 -0.550564
v -0.217661 4.413490 0.003424
v -0.279004 4.502388 0.244589
v -0.427546 4.553155 0.010508
v -0.844102 4.691648 0.137473
v -0.879205 4.627809 0.838669
v -1.505851 4.673101 0.639790
v -1.707271 4.429390 1.039292
v -1.796888 4.458253 0.894612
v -1.924032 4.329427 1.033616
v -1.760375 4.455072 0.974461
v -1.412901 4.677104 0.836930
v -0.652040 4.725278 0.380025
v -0.326099 4.561064 0.120946
v -0.544426 4.595816 0.621425
v -0.590128 4.590439 0.651816
v -1.321524 4.583863 0.988194
v -1.372843 4.578205 1.002421
v -1.257696 4.731689 0.423305
v -1.221067 4.729530 0.391178
v -1.026229 4.769496 0.628388
v -0.214908 4.441278 0.006372
v 0.039459 4.488264 -0.010638
v -0.097579 4.509154 0.227653
v 0.201417 4.509798 0.566074
v 0.812999 4.392657 0.279564
v 0.886489 4.272263 0.893225
v 1.256734 3.965914 0.802644
v 1.170650 3.977236 0.946973
v 1.311210 3.814590 0.945971
v 1.225984 3.978983 0.882453
v 1.024325 4.288238 0.736190
v 0.348640 4.577210 0.320527
v -0.038512 4.537022 0.099868
v 0.717002 4.495173 0.540240
v 0.489158 4.472341 0.083586
v 0.532290 4.452642 0.106946
v 1.101264 4.218141 0.564669
v 1.131661 4.197676 0.598228
v 0.616546 4.410510 0.801105
v 0.574128 4.420962 0.783675
v -0.225808 4.382561 -0.001478
v -0.003424 4.418031 0.181177
v -0.291217 4.475693 0.258742
v -0.318922 4.499067 0.754989
v 0.360158 4.305542 1.013413
v -0.080967 4.240724 1.552921
v 0.219540 3.876341 1.784059
v 0.042551 3.909883 1.828785
v 0.121455 3.724806 1.944581
v 0.136049 3.901391 1.821680
v 0.151974 4.232684 1.537485
v -0.141099 4.488258 0.204592
v 0.103321 4.452404 1.136671
v 0.273217 4.387514 0.605437
v 0.285327 4.366245 0.657868
v 0.000384 4.536455 0.675527
v 0.331557 4.132398 1.466816
v 0.325237 4.112334 1.517674
v -0.194510 4.395392 1.265195
v -0.212165 4.407084 1.218189
v -0.162569 4.613002 -0.064369
v -0.328463 4.793731 0.141456
v -0.243440 4.771640 -0.187386
v -0.524108 4.902949 -0.458256
v -1.007655 5.031343 0.104819
v -1.220307 4.971634 -0.556968
v -1.659333 4.829796 -0.290824
v -1.609297 4.812446 -0.490031
v -1.798041 4.711868 -0.456645
v -1.634289 4.824993 -0.415361
v -0.558267 4.988718 -0.155791
v -0.248300 4.800756 -0.072377
v -0.919605 5.069768 -0.241296
v -0.688562 4.966503 0.200420
v -0.736629 4.966311 0.193207
v -1.364273 4.996059 -0.096155
v -1.404131 4.988913 -0.123157
v -1.290781 5.018933 -0.330100
v -0.927060 4.989182 -0.563136
v -0.886552 4.979226 -0.559685
v -0.129483 4.734295 0.057928
v -0.113927 4.831846 0.182191
v -0.254891 4.829559 0.067332
v -0.474309 4.962878 0.185811
v -0.342608 5.043032 0.605165
v -0.756823 5.082651 0.611738
v -0.784931 5.020430 0.946541
v -0.870480 5.017636 0.875929
v -0.913432 4.974647 1.016286
v -0.830768 5.026843 0.913931
v -0.313041 5.000860 0.291786
v -0.172441 4.844025 0.117320
v -0.478385 5.077967 0.479880
v -0.189508 4.971243 0.421561
v -0.208020 4.979782 0.450124
v -0.567469 5.083890 0.795120
v -0.596774 5.079568 0.814435
v -0.658132 5.107826 0.702689
v -0.656123 5.054710 0.424340
v -0.642431 5.047245 0.400031
v -0.135193 4.691803 0.051505
v 0.134791 4.832994 0.018361
v 0.019992 4.829357 0.285178
v 0.126797 4.860220 0.376247
v 0.507396 4.907054 0.141250
v 0.633906 4.891390 0.542678
v 0.950947 4.784131 0.468160
v 0.906087 4.781263 0.569739
v 1.044361 4.715221 0.565743
v 0.933649 4.790437 0.522306
v 0.699241 4.921064 0.426869
v 0.049238 4.869208 0.141836
v 0.277034 4.868925 0.038727
v 0.309174 4.869790 0.049856
v 0.172085 4.918237 0.198331
v 0.756684 4.885020 0.311861
v 0.783973 4.881686 0.332386
v 0.421097 4.908418 0.498474
v 0.391220 4.904026 0.490239
v 0.433637 4.964201 0.314231
v -0.154533 4.693995 0.053482
v -0.243544 4.815440 0.000506
v -0.055955 4.794877 -0.030380
v 0.028983 4.947838 -0.259610
v -0.375655 5.105235 -0.428772
v -0.082038 5.137321 -0.754008
v -0.332601 5.127372 -1.023686
v -0.217768 5.112994 -1.041960
v -0.304659 5.090274 -1.183689
v -0.216009 5.184107 -0.733032
v -0.143227 4.819600 0.013200
v -0.171475 5.142482 -0.434317
v -0.273865 5.129442 -1.035740
v -0.353988 4.995935 -0.198382
v -0.360086 5.005646 -0.233024
v -0.146672 5.014103 -0.178480
v -0.355523 5.163652 -0.734753
v -0.352066 5.169205 -0.770113
v -0.007787 5.087937 -0.547485
v -0.000052 5.074343 -0.520122
v -0.250016 4.561984 0.096252
v -0.287033 4.466838 0.133190
v -0.305141 4.350739 0.126889
v -0.297422 4.258029 0.079757
v -0.288752 4.574024 0.015925
v -0.349710 4.486320 0.003219
v -0.367816 4.370222 -0.003082
v -0.336157 4.270070 -0.000570
v -0.223938 4.572149 -0.047388
v -0.244841 4.483286 -0.099222
v -0.262947 4.367186 -0.105523
v -0.271345 4.268195 -0.063881
v -0.266825 4.224123 0.009795
v -0.208228 4.599832 0.030185
v -0.145147 4.558950 -0.006190
v -0.117352 4.461928 -0.032564
v -0.135459 4.345829 -0.038865
v -0.192553 4.254996 -0.022685
v -0.161263 4.552668 0.082585
v -0.143427 4.451765 0.111075
v -0.161537 4.335662 0.104776
v -0.208670 4.248713 0.066089
v -0.347654 4.219848 0.099458
v -0.355373 4.312557 0.146592
v -0.418048 4.332037 0.016620
v -0.386389 4.231888 0.019130
v -0.324359 4.511402 0.157381
v -0.287342 4.606547 0.120444
v -0.326078 4.618587 0.040115
v -0.387035 4.530884 0.027410
v -0.297567 4.149739 0.015170
v -0.328164 4.183645 0.085132
v -0.366900 4.195685 0.004806
v -0.355922 4.354438 0.152346
v -0.337815 4.470540 0.158646
v -0.400491 4.490021 0.028674
v -0.418599 4.373922 0.022375
v -0.257124 4.639128 0.109851
v -0.215337 4.676975 0.043782
v -0.295861 4.651167 0.029524
v -0.291420 4.652898 0.005061
v -0.210896 4.678706 0.019319
v -0.226607 4.651025 -0.058253
v -0.376116 4.235892 -0.037459
v -0.407774 4.336044 -0.039971
v -0.302906 4.333009 -0.142413
v -0.311303 4.234017 -0.100771
v -0.376762 4.534889 -0.029179
v -0.315805 4.622592 -0.016475
v -0.250992 4.620717 -0.079785
v -0.271893 4.531854 -0.131622
v -0.293126 4.151471 -0.009293
v -0.362459 4.197417 -0.019658
v -0.297646 4.195542 -0.082971
v -0.406681 4.378567 -0.043267
v -0.388574 4.494666 -0.036966
v -0.283704 4.491632 -0.139408
v -0.301812 4.375533 -0.145710
v -0.202149 4.648456 -0.062018
v -0.186437 4.676139 0.015552
v -0.123357 4.635257 -0.020823
v -0.254727 4.228079 -0.109483
v -0.246330 4.327069 -0.151126
v -0.118842 4.305712 -0.084468
v -0.175934 4.214880 -0.068288
v -0.215316 4.525916 -0.140334
v -0.194415 4.614778 -0.088498
v -0.115623 4.601578 -0.047302
v -0.087828 4.504559 -0.073676
v -0.268668 4.148902 -0.013060
v -0.273188 4.192974 -0.086736
v -0.194396 4.179774 -0.045540
v -0.236186 4.368642 -0.155816
v -0.218079 4.484744 -0.149514
v -0.090591 4.463387 -0.082856
v -0.108697 4.347287 -0.089157
v -0.112682 4.631939 0.001314
v -0.175763 4.672821 0.037688
v -0.128798 4.625656 0.090089
v -0.151242 4.207203 -0.017082
v -0.094148 4.298037 -0.033262
v -0.120225 4.287872 0.110378
v -0.167357 4.200922 0.071692
v -0.063135 4.496883 -0.022470
v -0.090929 4.593905 0.003903
v -0.107046 4.587621 0.092677
v -0.089212 4.486718 0.121167
v -0.257993 4.145585 0.009076
v -0.183721 4.176456 -0.023404
v -0.199837 4.170175 0.065369
v -0.080056 4.338383 -0.029761
v -0.061947 4.454484 -0.023461
v -0.088024 4.444319 0.120177
v -0.106132 4.328218 0.113879
v -0.146659 4.626173 0.107536
v -0.193624 4.673338 0.055136
v -0.235411 4.635489 0.121202
v -0.208674 4.202116 0.112050
v -0.161540 4.289068 0.150735
v -0.305146 4.304142 0.172852
v -0.297427 4.211433 0.125719
v -0.130528 4.487913 0.161527
v -0.148363 4.588817 0.133037
v -0.237114 4.598134 0.146705
v -0.274132 4.502989 0.183643
v -0.275854 4.146102 0.026524
v -0.217698 4.170691 0.082817
v -0.306450 4.180009 0.096487
v -0.154056 4.329606 0.160693
v -0.135949 4.445706 0.166994
v -0.279553 4.460778 0.189108
v -0.297661 4.344680 0.182809
vt 0.457383 0.807109
vt 0.457498 0.800702
vt 0.512228 0.800244
vt 0.512228 0.808851
vt 0.797134 0.572193
vt 0.797134 0.612566
vt 0.779375 0.609648
vt 0.783459 0.572885
vt 0.805864 0.627990
vt 0.805864 0.644464
vt 0.765874 0.643570
vt 0.764309 0.631804
vt 0.751613 0.140591
vt 0.767120 0.137960
vt 0.767120 0.188701
vt 0.756162 0.188265
vt 0.744878 0.460351
vt 0.740204 0.409825
vt 0.755844 0.408162
vt 0.755844 0.460507
vt 0.287910 0.780828
vt 0.283705 0.740927
vt 0.301602 0.739023
vt 0.301602 0.780961
vt 0.500381 0.910802
vt 0.492770 0.907237
vt 0.492898 0.893546
vt 0.500381 0.889972
vt 0.107628 0.664523
vt 0.153008 0.659001
vt 0.153008 0.686618
vt 0.108491 0.684514
vt 0.052498 0.728105
vt 0.094115 0.724303
vt 0.094115 0.745134
vt 0.053282 0.744059
vt 0.789407 0.502725
vt 0.768775 0.499853
vt 0.773436 0.466031
vt 0.789407 0.465706
vt 0.110237 0.260661
vt 0.097320 0.259467
vt 0.101062 0.213216
vt 0.110237 0.212516
vt 0.795975 0.140022
vt 0.808782 0.137960
vt 0.808782 0.185398
vt 0.799597 0.184851
vt 0.743446 0.562840
vt 0.738656 0.510714
vt 0.754383 0.510921
vt 0.754383 0.562025
vt 0.110697 0.559672
vt 0.100046 0.554673
vt 0.100006 0.534663
vt 0.110697 0.529528
vt 0.663293 0.791676
vt 0.702548 0.790250
vt 0.702548 0.806723
vt 0.662393 0.803511
vt 0.774762 0.117694
vt 0.759034 0.117866
vt 0.763827 0.070216
vt 0.774762 0.071056
vt 0.767760 0.449871
vt 0.763391 0.408162
vt 0.781388 0.408174
vt 0.781388 0.448548
vt 0.801978 0.314889
vt 0.789011 0.315228
vt 0.792779 0.267231
vt 0.801978 0.267450
vt 0.951876 0.814370
vt 0.944829 0.811661
vt 0.944806 0.800694
vt 0.951876 0.797897
vt 0.811267 0.372601
vt 0.807531 0.329533
vt 0.820444 0.328302
vt 0.820444 0.373277
vt 0.771828 0.572193
vt 0.771828 0.620443
vt 0.756196 0.618703
vt 0.760861 0.572298
vt 0.813294 0.311020
vt 0.809525 0.267231
vt 0.822492 0.267562
vt 0.822492 0.310791
vt 0.120983 0.793729
vt 0.120983 0.811726
vt 0.084478 0.807566
vt 0.085812 0.793939
vt 0.525912 0.553457
vt 0.525912 0.608264
vt 0.519546 0.607536
vt 0.517341 0.552670
vt 0.337609 0.701264
vt 0.337609 0.743819
vt 0.313638 0.739992
vt 0.319371 0.701269
vt 0.688467 0.872498
vt 0.688172 0.854262
vt 0.697528 0.849693
vt 0.697528 0.877310
vt 0.297897 0.892570
vt 0.297707 0.876597
vt 0.306118 0.872344
vt 0.306118 0.896618
vt 0.854910 0.184998
vt 0.854769 0.171307
vt 0.862622 0.167737
vt 0.862622 0.188568
vt 0.529288 0.871086
vt 0.519775 0.866474
vt 0.519897 0.848236
vt 0.529288 0.843469
vt 0.101664 0.867035
vt 0.101452 0.848797
vt 0.110943 0.844142
vt 0.110943 0.871759
vt 0.895717 0.355275
vt 0.887194 0.351254
vt 0.887004 0.335281
vt 0.895717 0.331000
vt 0.873116 0.740939
vt 0.873025 0.722701
vt 0.882190 0.718092
vt 0.882190 0.745709
vt 0.672232 0.666139
vt 0.672232 0.696283
vt 0.638474 0.688031
vt 0.631304 0.670572
vt 0.900484 0.024604
vt 0.892675 0.021063
vt 0.892889 0.007373
vt 0.900484 0.003774
vt 0.321849 0.658772
vt 0.313638 0.619896
vt 0.342057 0.609844
vt 0.342057 0.660498
vt 0.838600 0.926573
vt 0.838702 0.914704
vt 0.845990 0.911747
vt 0.845990 0.929744
vt 0.306091 0.707850
vt 0.298225 0.704307
vt 0.298306 0.690615
vt 0.306091 0.687020
vt 0.931697 0.255246
vt 0.931882 0.243378
vt 0.938845 0.240529
vt 0.938845 0.258526
vt 0.581380 0.952211
vt 0.581403 0.941245
vt 0.588228 0.938535
vt 0.588228 0.955008
vt 0.828529 0.954662
vt 0.821702 0.951956
vt 0.821658 0.940990
vt 0.828529 0.938189
vt 0.838600 0.950920
vt 0.838667 0.939954
vt 0.845569 0.937291
vt 0.845569 0.953764
vt 0.916320 0.950259
vt 0.916540 0.939815
vt 0.923716 0.937586
vt 0.923716 0.953315
vt 0.973577 0.352118
vt 0.966486 0.349896
vt 0.966331 0.340696
vt 0.973577 0.338249
vt 0.989637 0.449798
vt 0.983325 0.447753
vt 0.983418 0.439148
vt 0.989637 0.436826
vt 0.774190 0.989051
vt 0.767701 0.986832
vt 0.767913 0.978228
vt 0.774190 0.976079
vt 0.982341 0.180533
vt 0.982134 0.171929
vt 0.988850 0.169711
vt 0.988850 0.182683
vt 0.897151 0.957381
vt 0.897383 0.947553
vt 0.904564 0.945225
vt 0.904564 0.960038
vt 0.989088 0.646872
vt 0.982762 0.644860
vt 0.982650 0.636254
vt 0.989088 0.633900
vt 0.775488 0.948782
vt 0.768033 0.946720
vt 0.767701 0.936279
vt 0.775488 0.933053
vt 0.977083 0.212379
vt 0.970304 0.210333
vt 0.970131 0.201134
vt 0.977083 0.198510
vt 0.672063 0.942723
vt 0.672391 0.932282
vt 0.680124 0.930224
vt 0.680124 0.945953
vt 0.354854 0.986614
vt 0.354971 0.978008
vt 0.361529 0.976000
vt 0.361529 0.988971
vt 0.969861 0.278473
vt 0.970038 0.269273
vt 0.976906 0.267231
vt 0.976906 0.281100
vt 0.263865 0.978414
vt 0.257264 0.976258
vt 0.257244 0.967056
vt 0.263865 0.964545
vt 0.462948 0.959838
vt 0.455731 0.957542
vt 0.455496 0.947714
vt 0.462948 0.945025
vt 0.971164 0.303705
vt 0.971320 0.294506
vt 0.977899 0.292283
vt 0.977899 0.306152
vt 0.648216 0.188921
vt 0.619230 0.180644
vt 0.633506 0.142031
vt 0.648216 0.137960
vt 0.931434 0.502213
vt 0.924131 0.499259
vt 0.924045 0.487390
vt 0.931434 0.484216
vt 0.374610 0.950448
vt 0.374654 0.939481
vt 0.381679 0.936775
vt 0.381679 0.953249
vt 0.755209 0.953761
vt 0.748284 0.951099
vt 0.748216 0.940132
vt 0.755209 0.937288
vt 0.030584 0.941992
vt 0.030667 0.930123
vt 0.037406 0.927166
vt 0.037406 0.945164
vt 0.671660 0.877595
vt 0.662393 0.872952
vt 0.662568 0.854715
vt 0.671660 0.849978
vt 0.551096 0.894701
vt 0.542361 0.890444
vt 0.542562 0.874471
vt 0.551096 0.870426
vt 0.889749 0.738192
vt 0.889737 0.722218
vt 0.897919 0.718092
vt 0.897919 0.742367
vt 0.321265 0.892274
vt 0.321441 0.876301
vt 0.329686 0.872276
vt 0.329686 0.896551
vt 0.022496 0.936802
vt 0.015519 0.933953
vt 0.015333 0.922085
vt 0.022496 0.918805
vt 0.852863 0.291966
vt 0.853273 0.271960
vt 0.862650 0.267231
vt 0.862650 0.297375
vt 0.851337 0.353079
vt 0.851800 0.333075
vt 0.861913 0.328302
vt 0.861913 0.358446
vt 0.864386 0.160190
vt 0.855135 0.155398
vt 0.854769 0.135392
vt 0.864386 0.130045
vt 0.894168 0.117649
vt 0.893958 0.103959
vt 0.901684 0.100419
vt 0.901684 0.121250
vt 0.116078 0.944767
vt 0.109340 0.941808
vt 0.109241 0.929939
vt 0.116078 0.926770
vt 0.861814 0.398263
vt 0.851867 0.393558
vt 0.851378 0.373555
vt 0.861814 0.368119
vt 0.635159 0.892348
vt 0.626371 0.888221
vt 0.626385 0.872247
vt 0.635159 0.868073
vt 0.427449 0.908557
vt 0.427378 0.894866
vt 0.434922 0.891324
vt 0.434922 0.912155
vt 0.611271 0.873366
vt 0.601781 0.868797
vt 0.602091 0.850561
vt 0.611271 0.845749
vt 0.858155 0.535732
vt 0.858186 0.515723
vt 0.867321 0.510714
vt 0.867321 0.540859
vt 0.570480 0.955047
vt 0.563386 0.952570
vt 0.563272 0.942124
vt 0.570480 0.939319
vt 0.217875 0.753969
vt 0.213186 0.715340
vt 0.233842 0.712652
vt 0.233842 0.754443
vt 0.337609 0.791723
vt 0.337609 0.808196
vt 0.298370 0.806380
vt 0.297707 0.794529
vt 0.234182 0.772596
vt 0.276158 0.770845
vt 0.276158 0.787318
vt 0.233515 0.784447
vt 0.076931 0.792227
vt 0.076931 0.810225
vt 0.041761 0.810034
vt 0.040182 0.796433
vt 0.110697 0.470876
vt 0.110697 0.521981
vt 0.095189 0.519356
vt 0.099740 0.471321
vt 0.393901 0.780440
vt 0.440722 0.779517
vt 0.440722 0.793386
vt 0.392575 0.790181
vt 0.611229 0.796772
vt 0.563272 0.797391
vt 0.564520 0.783578
vt 0.611229 0.786942
vt 0.458762 0.701139
vt 0.500009 0.698703
vt 0.500009 0.722978
vt 0.457610 0.719341
vt 0.164204 0.778900
vt 0.164204 0.799731
vt 0.129299 0.796118
vt 0.130086 0.780163
vt 0.788428 0.188474
vt 0.774667 0.186744
vt 0.778648 0.138948
vt 0.788428 0.137960
vt 0.778169 0.706009
vt 0.774192 0.657920
vt 0.787950 0.656167
vt 0.787950 0.706987
vt 0.225968 0.770845
vt 0.225968 0.817247
vt 0.213161 0.815185
vt 0.216782 0.771384
vt 0.350846 0.741719
vt 0.345156 0.705468
vt 0.369064 0.701264
vt 0.369064 0.742583
vt 0.751487 0.125300
vt 0.736854 0.123001
vt 0.741150 0.071719
vt 0.751487 0.070216
vt 0.698326 0.386746
vt 0.698326 0.400615
vt 0.647818 0.399831
vt 0.646484 0.390092
vt 0.233953 0.457408
vt 0.233953 0.512318
vt 0.227591 0.511551
vt 0.225373 0.456723
vt 0.768453 0.249971
vt 0.753779 0.247944
vt 0.758053 0.199499
vt 0.768453 0.198510
vt 0.320505 0.602297
vt 0.313638 0.572945
vt 0.370429 0.575131
vt 0.370429 0.593726
vt 0.818547 0.130816
vt 0.824908 0.130045
vt 0.824908 0.184710
vt 0.816329 0.185398
vt 0.667275 0.703830
vt 0.667275 0.731448
vt 0.636897 0.731029
vt 0.631304 0.711818
vt 0.758717 0.366561
vt 0.754138 0.331769
vt 0.774678 0.328302
vt 0.774678 0.367214
vt 0.467585 0.630223
vt 0.467585 0.657840
vt 0.436424 0.652822
vt 0.437316 0.632832
vt 0.738110 0.058636
vt 0.733830 0.005777
vt 0.748507 0.003774
vt 0.748507 0.059647
vt 0.555942 0.729272
vt 0.555942 0.753547
vt 0.519775 0.747344
vt 0.522647 0.729333
vt 0.030534 0.985528
vt 0.030438 0.976922
vt 0.037216 0.974875
vt 0.037216 0.987847
vt 0.492770 0.951591
vt 0.492772 0.941761
vt 0.500623 0.939304
vt 0.500623 0.954117
vt 0.617391 0.667211
vt 0.623757 0.666481
vt 0.623757 0.721109
vt 0.615186 0.721899
vt 0.786855 0.111742
vt 0.782309 0.071716
vt 0.798714 0.070216
vt 0.798714 0.112230
vt 0.276158 0.739023
vt 0.276158 0.763298
vt 0.242963 0.760730
vt 0.241830 0.742527
vt 0.606910 0.567548
vt 0.577119 0.562943
vt 0.586770 0.512903
vt 0.606910 0.510714
vt 0.010941 0.667731
vt 0.003774 0.629220
vt 0.030865 0.623859
vt 0.030865 0.669573
vt 0.033794 0.713102
vt 0.003774 0.715827
vt 0.012745 0.677120
vt 0.033794 0.678350
vt 0.967364 0.181066
vt 0.967384 0.171865
vt 0.974587 0.169711
vt 0.974587 0.183580
vt 0.782225 0.331219
vt 0.799984 0.328302
vt 0.799984 0.368424
vt 0.786309 0.367732
vt 0.766645 0.706987
vt 0.746097 0.703568
vt 0.750686 0.666834
vt 0.766645 0.666139
vt 0.500223 0.774317
vt 0.500223 0.790790
vt 0.458515 0.789455
vt 0.457610 0.777620
vt 0.205639 0.751798
vt 0.181761 0.747428
vt 0.187415 0.713388
vt 0.205639 0.712652
vt 0.114474 0.731693
vt 0.107628 0.700883
vt 0.134416 0.694165
vt 0.134416 0.733337
vt 0.099636 0.417242
vt 0.095350 0.368014
vt 0.109978 0.365680
vt 0.109978 0.418712
vt 0.658763 0.954706
vt 0.651189 0.952380
vt 0.650954 0.942553
vt 0.658763 0.939893
vt 0.091619 0.960906
vt 0.084481 0.958448
vt 0.084478 0.948618
vt 0.091619 0.946093
vt 0.699365 0.114784
vt 0.672536 0.108231
vt 0.679438 0.072036
vt 0.699365 0.070216
vt 0.766266 0.560113
vt 0.761930 0.511673
vt 0.776712 0.510714
vt 0.776712 0.560129
vt 0.306055 0.941533
vt 0.297925 0.939310
vt 0.297707 0.928866
vt 0.306055 0.925804
vt 0.474885 0.937933
vt 0.474995 0.927488
vt 0.483320 0.925016
vt 0.483320 0.940745
vt 0.707121 0.400559
vt 0.705873 0.386746
vt 0.757821 0.387238
vt 0.757821 0.397068
vt 0.854188 0.952139
vt 0.854426 0.942311
vt 0.861961 0.940021
vt 0.861961 0.954834
vt 0.297604 0.716663
vt 0.297604 0.731476
vt 0.242531 0.730404
vt 0.241830 0.719981
vt 0.447354 0.809539
vt 0.392691 0.809085
vt 0.392575 0.802678
vt 0.447354 0.800933
vt 0.903688 0.041689
vt 0.903688 0.083868
vt 0.901427 0.083668
vt 0.901435 0.041379
vt 0.621744 0.729850
vt 0.623757 0.729446
vt 0.623757 0.786920
vt 0.621719 0.786971
vt 0.590059 0.830131
vt 0.590059 0.883153
vt 0.587898 0.882774
vt 0.587913 0.830241
vt 0.974994 0.392169
vt 0.974977 0.368274
vt 0.977029 0.368119
vt 0.977029 0.392494
vt 0.790526 0.779255
vt 0.789699 0.762676
vt 0.814717 0.762208
vt 0.814717 0.789643
vt 0.806143 0.223730
vt 0.806001 0.199198
vt 0.827461 0.198510
vt 0.827461 0.228434
vt 0.935219 0.437111
vt 0.937190 0.436826
vt 0.937190 0.471120
vt 0.935227 0.471048
vt 0.121454 0.819273
vt 0.121454 0.874359
vt 0.119285 0.874044
vt 0.119296 0.819437
vt 0.893063 0.198916
vt 0.895171 0.198510
vt 0.895171 0.247711
vt 0.893116 0.247518
vt 0.090411 0.573135
vt 0.052498 0.575522
vt 0.054351 0.531707
vt 0.090411 0.529734
vt 0.004111 0.130424
vt 0.003774 0.070873
vt 0.042061 0.073011
vt 0.042061 0.131435
vt 0.129757 0.477372
vt 0.153861 0.478260
vt 0.153861 0.527155
vt 0.118270 0.527801
vt 0.720278 0.621519
vt 0.720278 0.658420
vt 0.693553 0.650812
vt 0.691600 0.621917
vt 0.423038 0.206634
vt 0.457637 0.203579
vt 0.457637 0.255120
vt 0.422814 0.257688
vt 0.870206 0.267396
vt 0.872266 0.267231
vt 0.872266 0.323453
vt 0.870197 0.323325
vt 0.148239 0.059370
vt 0.148031 0.003774
vt 0.186647 0.005312
vt 0.186647 0.061009
vt 0.508147 0.440453
vt 0.507934 0.389796
vt 0.542320 0.391054
vt 0.542320 0.441781
vt 0.086036 0.783214
vt 0.084478 0.752681
vt 0.107505 0.753215
vt 0.107505 0.786182
vt 0.817506 0.686740
vt 0.795497 0.686091
vt 0.795608 0.661272
vt 0.817506 0.656167
vt 0.946962 0.641321
vt 0.946955 0.611888
vt 0.948957 0.611948
vt 0.948957 0.641496
vt 0.004028 0.331320
vt 0.040287 0.329281
vt 0.040287 0.381608
vt 0.003774 0.383231
vt 0.935540 0.904157
vt 0.935523 0.870766
vt 0.937506 0.870638
vt 0.937506 0.904495
vt 0.509837 0.899963
vt 0.509825 0.855724
vt 0.511824 0.855779
vt 0.511824 0.900377
vt 0.966149 0.572399
vt 0.968173 0.572193
vt 0.968173 0.597836
vt 0.966162 0.597686
vt 0.182980 0.366157
vt 0.227287 0.355836
vt 0.227287 0.400109
vt 0.185768 0.399898
vt 0.485156 0.123210
vt 0.474471 0.070216
vt 0.508722 0.070227
vt 0.508722 0.122328
vt 0.947007 0.572477
vt 0.948977 0.572193
vt 0.948977 0.601570
vt 0.946981 0.601518
vt 0.988323 0.087139
vt 0.990293 0.086781
vt 0.990293 0.106297
vt 0.988297 0.106300
vt 0.328511 0.056101
vt 0.328333 0.003774
vt 0.364624 0.006272
vt 0.364624 0.058749
vt 0.241830 0.569192
vt 0.276535 0.560198
vt 0.276535 0.609129
vt 0.242471 0.606526
vt 0.280348 0.508377
vt 0.280348 0.552651
vt 0.243705 0.550649
vt 0.241830 0.506403
vt 0.536284 0.512351
vt 0.569572 0.510714
vt 0.569572 0.561033
vt 0.536005 0.562218
vt 0.777563 0.201668
vt 0.798454 0.198510
vt 0.798454 0.231066
vt 0.776000 0.231550
vt 0.070268 0.366981
vt 0.087803 0.365680
vt 0.087803 0.420458
vt 0.052498 0.420353
vt 0.052498 0.146509
vt 0.054697 0.119692
vt 0.110226 0.118237
vt 0.110226 0.157918
vt 0.935432 0.744078
vt 0.935441 0.710817
vt 0.937508 0.710940
vt 0.937508 0.744476
vt 0.402410 0.903462
vt 0.404298 0.902827
vt 0.404298 0.937025
vt 0.402285 0.936791
vt 0.229111 0.893018
vt 0.230998 0.892410
vt 0.230998 0.929233
vt 0.228986 0.928995
vt 0.929635 0.130767
vt 0.931491 0.130045
vt 0.931491 0.166256
vt 0.929511 0.166118
vt 0.935398 0.793255
vt 0.935261 0.759913
vt 0.937259 0.759787
vt 0.937259 0.793917
vt 0.660386 0.229998
vt 0.659566 0.198510
vt 0.689086 0.199165
vt 0.689086 0.239760
vt 0.532118 0.791874
vt 0.519775 0.761093
vt 0.543645 0.761510
vt 0.543645 0.792697
vt 0.333439 0.833061
vt 0.333412 0.815743
vt 0.335448 0.815894
vt 0.335448 0.833553
vt 0.107170 0.358133
vt 0.052498 0.354610
vt 0.054578 0.336713
vt 0.107170 0.321559
vt 0.632802 0.331098
vt 0.655940 0.328302
vt 0.655940 0.376202
vt 0.625355 0.366303
vt 0.440722 0.771458
vt 0.415802 0.771970
vt 0.417243 0.745642
vt 0.440722 0.739092
vt 0.956518 0.437371
vt 0.956518 0.464222
vt 0.954301 0.464008
vt 0.954332 0.436826
vt 0.398963 0.191833
vt 0.362476 0.189700
vt 0.381351 0.138681
vt 0.398963 0.137960
vt 0.107236 0.314012
vt 0.052498 0.311923
vt 0.054256 0.293602
vt 0.107236 0.276655
vt 0.592464 0.121311
vt 0.558905 0.119905
vt 0.576111 0.071291
vt 0.592464 0.070216
vt 0.167583 0.911616
vt 0.165531 0.912280
vt 0.165510 0.872407
vt 0.167583 0.872124
vt 0.847554 0.751229
vt 0.840623 0.751061
vt 0.833363 0.724950
vt 0.847554 0.718092
vt 0.045007 0.963090
vt 0.046949 0.962479
vt 0.046949 0.984964
vt 0.044953 0.984920
vt 0.951780 0.041890
vt 0.951780 0.069475
vt 0.949540 0.069311
vt 0.949580 0.041379
vt 0.778473 0.003774
vt 0.778473 0.039447
vt 0.756054 0.029880
vt 0.761499 0.004381
vt 0.980488 0.771267
vt 0.980325 0.748739
vt 0.982406 0.748609
vt 0.982406 0.771973
vt 0.712222 0.268437
vt 0.722477 0.267231
vt 0.722477 0.316634
vt 0.700849 0.309053
vt 0.415267 0.203579
vt 0.415267 0.259115
vt 0.380344 0.246885
vt 0.388881 0.206287
vt 0.688322 0.921787
vt 0.688172 0.885219
vt 0.690351 0.884857
vt 0.690351 0.922312
vt 0.025516 0.790242
vt 0.009147 0.789629
vt 0.003774 0.764508
vt 0.025516 0.755427
vt 0.381869 0.124806
vt 0.345609 0.124846
vt 0.364097 0.071839
vt 0.381869 0.070216
vt 0.044998 0.954433
vt 0.044953 0.927166
vt 0.047136 0.927330
vt 0.047136 0.954932
vt 0.485223 0.834415
vt 0.457383 0.833004
vt 0.485223 0.816398
vt 0.379640 0.859845
vt 0.379640 0.885322
vt 0.369954 0.864327
vt 0.138997 0.884131
vt 0.129299 0.879304
vt 0.138997 0.858314
vt 0.706134 0.814270
vt 0.706134 0.842146
vt 0.688172 0.841524
vt 0.003774 0.821554
vt 0.019312 0.797789
vt 0.019312 0.832751
vt 0.862528 0.572193
vt 0.862528 0.602545
vt 0.852378 0.577505
vt 0.033063 0.755991
vt 0.044828 0.755427
vt 0.044828 0.782446
vt 0.176223 0.801178
vt 0.204592 0.799980
vt 0.204592 0.819664
vt 0.419831 0.835491
vt 0.392575 0.833372
vt 0.419831 0.817086
vt 0.345156 0.878567
vt 0.355846 0.854658
vt 0.355846 0.879208
vt 0.093905 0.871906
vt 0.084478 0.866809
vt 0.093905 0.844142
vt 0.847222 0.162597
vt 0.832455 0.139590
vt 0.847222 0.130045
vt 0.827991 0.351276
vt 0.843790 0.328302
vt 0.843790 0.360572
vt 0.781264 0.319235
vt 0.757785 0.309814
vt 0.781264 0.308492
vt 0.502278 0.882425
vt 0.492770 0.877232
vt 0.502278 0.855724
vt 0.845958 0.102938
vt 0.830787 0.079545
vt 0.845958 0.070216
vt 0.776000 0.240224
vt 0.807481 0.239097
vt 0.807481 0.257473
vt 0.864109 0.838032
vt 0.864109 0.866364
vt 0.854188 0.843294
vt 0.684655 0.247307
vt 0.684655 0.258828
vt 0.659566 0.257767
vt 0.469042 0.564799
vt 0.442428 0.551662
vt 0.469042 0.500622
vt 0.542361 0.820388
vt 0.555491 0.800244
vt 0.555491 0.829850
vt 0.254241 0.857872
vt 0.254241 0.883059
vt 0.245665 0.862388
vt 0.789699 0.868024
vt 0.799657 0.867598
vt 0.799657 0.889978
vt 0.860522 0.494347
vt 0.846599 0.474744
vt 0.860522 0.465706
vt 0.830039 0.289488
vt 0.845316 0.267231
vt 0.845316 0.300028
vt 0.866421 0.198510
vt 0.866421 0.227549
vt 0.856550 0.203336
vt 0.865478 0.746383
vt 0.855101 0.742092
vt 0.865478 0.718092
vt 0.843831 0.400288
vt 0.827991 0.378428
vt 0.843831 0.368119
vt 0.193855 0.827211
vt 0.193855 0.852774
vt 0.176223 0.828479
vt 0.828719 0.564646
vt 0.804681 0.555376
vt 0.828719 0.554359
vt 0.238118 0.884863
vt 0.228986 0.880131
vt 0.238118 0.857872
vt 0.215480 0.858017
vt 0.201402 0.836681
vt 0.215480 0.827211
vt 0.840242 0.428540
vt 0.855427 0.408162
vt 0.855427 0.437956
vt 0.780704 0.057416
vt 0.756054 0.047968
vt 0.780704 0.046994
vt 0.879457 0.358601
vt 0.870197 0.353865
vt 0.879457 0.331000
vt 0.275844 0.858035
vt 0.261798 0.836856
vt 0.275844 0.826841
vt 0.580351 0.830131
vt 0.580351 0.855959
vt 0.563272 0.830565
vt 0.210538 0.865564
vt 0.210538 0.890488
vt 0.201402 0.869902
vt 0.572559 0.888453
vt 0.563272 0.884025
vt 0.572559 0.863506
vt 0.815028 0.241117
vt 0.840846 0.240351
vt 0.840846 0.257473
vt 0.157962 0.826261
vt 0.129299 0.824448
vt 0.157962 0.807278
vt 0.068330 0.842945
vt 0.068330 0.869811
vt 0.058045 0.847259
vt 0.467338 0.869894
vt 0.457383 0.864662
vt 0.467338 0.841962
vt 0.732304 0.838841
vt 0.716673 0.814747
vt 0.732304 0.804746
vt 0.542361 0.857625
vt 0.555374 0.837397
vt 0.555374 0.862879
vt 0.853369 0.316845
vt 0.830039 0.308025
vt 0.853369 0.307575
vt 0.175282 0.304566
vt 0.163191 0.296174
vt 0.175282 0.276217
vt 0.821727 0.609649
vt 0.804681 0.592680
vt 0.821727 0.572193
vt 0.814184 0.031188
vt 0.829701 0.003774
vt 0.829701 0.040388
vt 0.889458 0.884713
vt 0.889458 0.900226
vt 0.877860 0.885469
vt 0.191917 0.937885
vt 0.191917 0.955694
vt 0.185773 0.940561
vt 0.952645 0.258344
vt 0.946392 0.255617
vt 0.952645 0.240529
vt 0.590059 0.909569
vt 0.581380 0.896712
vt 0.590059 0.890700
vt 0.864786 0.044787
vt 0.864786 0.062669
vt 0.858661 0.047622
vt 0.289770 0.951055
vt 0.283391 0.948336
vt 0.289770 0.933395
vt 0.121454 0.881906
vt 0.121454 0.897545
vt 0.109241 0.882069
vt 0.932726 0.003774
vt 0.932726 0.023290
vt 0.926179 0.006522
vt 0.433370 0.054722
vt 0.433370 0.061963
vt 0.415369 0.061842
vt 0.551192 0.762204
vt 0.566791 0.761093
vt 0.566791 0.773386
vt 0.539034 0.256072
vt 0.508270 0.254012
vt 0.539034 0.198510
vt 0.111738 0.819273
vt 0.111738 0.836595
vt 0.084478 0.820945
vt 0.832004 0.700274
vt 0.832004 0.710545
vt 0.809043 0.710437
vt 0.831053 0.861830
vt 0.831053 0.887306
vt 0.821658 0.866355
vt 0.362407 0.847111
vt 0.345156 0.820559
vt 0.362407 0.819801
vt 0.825053 0.666849
vt 0.840250 0.656167
vt 0.840250 0.690354
vt 0.862280 0.642410
vt 0.852414 0.637404
vt 0.862280 0.612422
vt 0.853505 0.096497
vt 0.864873 0.070216
vt 0.864873 0.097075
vt 0.626371 0.827545
vt 0.654327 0.809816
vt 0.654327 0.828922
vt 0.765839 0.853395
vt 0.748216 0.851833
vt 0.765839 0.826637
vt 0.806655 0.119777
vt 0.806655 0.130099
vt 0.782309 0.128519
vt 0.436517 0.856352
vt 0.436517 0.883777
vt 0.427378 0.861156
vt 0.850608 0.510714
vt 0.850608 0.542252
vt 0.836292 0.533320
vt 0.067394 0.817772
vt 0.067394 0.835398
vt 0.040182 0.819987
vt 0.757885 0.885898
vt 0.748216 0.882209
vt 0.757885 0.860942
vt 0.185440 0.860321
vt 0.185440 0.886683
vt 0.176223 0.865217
vt 0.442092 0.817086
vt 0.442092 0.848805
vt 0.427378 0.840083
vt 0.563272 0.821254
vt 0.594234 0.804938
vt 0.594234 0.822584
vt 0.402210 0.870988
vt 0.392575 0.866050
vt 0.402210 0.843038
vt 0.050498 0.842945
vt 0.050498 0.869796
vt 0.040182 0.847082
vt 0.617808 0.328302
vt 0.617808 0.391514
vt 0.591703 0.340844
vt 0.847951 0.768743
vt 0.860745 0.759787
vt 0.860745 0.788640
vt 0.821702 0.644464
vt 0.813411 0.640261
vt 0.821702 0.619652
vt 0.012701 0.871725
vt 0.012701 0.895502
vt 0.003774 0.875162
vt 0.313718 0.864796
vt 0.297707 0.841943
vt 0.313718 0.841141
vt 0.492770 0.826306
vt 0.507612 0.816398
vt 0.507612 0.848177
vt 0.484468 0.870649
vt 0.474885 0.866121
vt 0.484468 0.841962
vt 0.868617 0.003774
vt 0.868617 0.031744
vt 0.858549 0.007783
vt 0.840404 0.788640
vt 0.822264 0.763286
vt 0.840404 0.762208
vt 0.154196 0.833808
vt 0.154196 0.850767
vt 0.129299 0.835879
vt 0.830141 0.052765
vt 0.830141 0.062669
vt 0.806261 0.061543
vt 0.234218 0.519865
vt 0.234218 0.546522
vt 0.225373 0.524311
vt 0.821658 0.854245
vt 0.846641 0.838032
vt 0.846641 0.854283
vt 0.789699 0.840037
vt 0.804425 0.831250
vt 0.804425 0.860051
vt 0.155971 0.884376
vt 0.146544 0.880940
vt 0.155971 0.858314
vt 0.885128 0.003774
vt 0.885128 0.031040
vt 0.876164 0.008227
vt 0.858976 0.797190
vt 0.858976 0.827366
vt 0.845370 0.817982
vt 0.161408 0.485933
vt 0.175382 0.477372
vt 0.175382 0.507005
vt 0.865390 0.259645
vt 0.856550 0.255630
vt 0.865390 0.235096
vt 0.270775 0.865582
vt 0.270775 0.890183
vt 0.261798 0.869709
vt 0.228986 0.849335
vt 0.254251 0.833907
vt 0.254251 0.850325
vt 0.680625 0.842431
vt 0.662393 0.841094
vt 0.680625 0.814270
vt 0.726654 0.872898
vt 0.716673 0.868900
vt 0.726654 0.846388
vt 0.419413 0.843038
vt 0.419413 0.870624
vt 0.409757 0.847970
vt 0.297707 0.833166
vt 0.325865 0.815743
vt 0.325865 0.833594
vt 0.334544 0.864729
vt 0.321265 0.861985
vt 0.334544 0.841141
vt 0.859470 0.554359
vt 0.859470 0.563465
vt 0.836266 0.562878
vt 0.239825 0.293866
vt 0.239825 0.321988
vt 0.227865 0.302094
vt 0.825817 0.718092
vt 0.825817 0.754661
vt 0.809043 0.734676
vt 0.519775 0.808825
vt 0.534814 0.800244
vt 0.534814 0.835922
vt 0.855264 0.445503
vt 0.855264 0.456637
vt 0.840242 0.446691
vt 0.959817 0.187177
vt 0.953928 0.184763
vt 0.959817 0.169711
vt 0.801470 0.694287
vt 0.801470 0.711783
vt 0.795497 0.696763
vt 0.798072 0.897525
vt 0.798072 0.915652
vt 0.789699 0.910053
vt 0.962314 0.284736
vt 0.956488 0.282207
vt 0.962314 0.267231
vt 0.456986 0.061253
vt 0.440917 0.054797
vt 0.456986 0.054722
vt 0.845900 0.110485
vt 0.845900 0.121977
vt 0.830787 0.110897
vt 0.942773 0.427378
vt 0.936528 0.424915
vt 0.942773 0.408217
vt 0.941055 0.916610
vt 0.941055 0.935636
vt 0.934636 0.919004
vt 0.900929 0.645781
vt 0.889415 0.631651
vt 0.900929 0.630663
vt 0.576601 0.198510
vt 0.576601 0.255509
vt 0.546581 0.200670
vt 0.969123 0.087121
vt 0.971135 0.086781
vt 0.971135 0.112060
vt 0.969106 0.112018
vt 0.948612 0.158394
vt 0.948623 0.130045
vt 0.950754 0.130472
vt 0.950754 0.158593
vt 0.423617 0.330113
vt 0.459082 0.329039
vt 0.459082 0.381139
vt 0.423337 0.381773
vt 0.969599 0.679151
vt 0.969557 0.655280
vt 0.971742 0.655074
vt 0.971742 0.679731
vt 0.163911 0.771353
vt 0.129779 0.769894
vt 0.129299 0.753886
vt 0.163911 0.748119
vt 0.889357 0.267689
vt 0.891465 0.267231
vt 0.891465 0.318302
vt 0.889383 0.318220
vt 0.577119 0.770299
vt 0.577950 0.755075
vt 0.611229 0.753587
vt 0.611229 0.776031
vt 0.461566 0.189771
vt 0.450294 0.137960
vt 0.486221 0.139766
vt 0.486221 0.190043
vt 0.693302 0.313318
vt 0.667246 0.305646
vt 0.678809 0.268065
vt 0.693302 0.267231
vt 0.003774 0.015054
vt 0.044951 0.003774
vt 0.044951 0.063325
vt 0.004645 0.059644
vt 0.032635 0.817772
vt 0.032635 0.873928
vt 0.030584 0.873555
vt 0.030593 0.817905
vt 0.347390 0.445332
vt 0.336307 0.391372
vt 0.371676 0.392803
vt 0.371676 0.445330
vt 0.328014 0.385853
vt 0.292373 0.384533
vt 0.310225 0.332015
vt 0.328014 0.331144
vt 0.092826 0.003774
vt 0.092826 0.062669
vt 0.052498 0.051713
vt 0.053319 0.007481
vt 0.379223 0.493775
vt 0.379860 0.454117
vt 0.415193 0.449797
vt 0.415193 0.501458
vt 0.947244 0.822435
vt 0.947244 0.852453
vt 0.945270 0.851728
vt 0.945279 0.822719
vt 0.369954 0.846158
vt 0.377080 0.820003
vt 0.383542 0.819801
vt 0.383542 0.852298
vt 0.181761 0.785962
vt 0.182188 0.760678
vt 0.204592 0.759345
vt 0.204592 0.792433
vt 0.839052 0.465706
vt 0.839052 0.501449
vt 0.824579 0.494184
vt 0.832201 0.465756
vt 0.379741 0.893521
vt 0.381679 0.892869
vt 0.381679 0.929228
vt 0.379630 0.929002
vt 0.317924 0.184318
vt 0.318581 0.142256
vt 0.354928 0.137960
vt 0.354928 0.192763
vt 0.550420 0.370512
vt 0.551015 0.331337
vt 0.584156 0.328302
vt 0.584156 0.379356
vt 0.602768 0.488439
vt 0.610748 0.452737
vt 0.635197 0.450472
vt 0.635197 0.499193
vt 0.877860 0.760283
vt 0.879838 0.759787
vt 0.879838 0.814888
vt 0.877868 0.814682
vt 0.884084 0.041379
vt 0.884084 0.093610
vt 0.881977 0.093221
vt 0.881990 0.041498
vt 0.873993 0.198767
vt 0.875979 0.198510
vt 0.875979 0.253954
vt 0.873968 0.253862
vt 0.172121 0.469824
vt 0.118270 0.468279
vt 0.119457 0.451216
vt 0.172121 0.434971
vt 0.873050 0.655257
vt 0.875059 0.655074
vt 0.875059 0.710545
vt 0.873025 0.710371
vt 0.923127 0.547357
vt 0.922972 0.510829
vt 0.925075 0.510714
vt 0.925075 0.548040
vt 0.163191 0.312711
vt 0.165346 0.312113
vt 0.165346 0.330982
vt 0.163215 0.330838
vt 0.881528 0.130411
vt 0.883535 0.130045
vt 0.883535 0.182888
vt 0.881503 0.182911
vt 0.882606 0.655522
vt 0.884792 0.655074
vt 0.884792 0.706806
vt 0.882638 0.706697
vt 0.228993 0.449176
vt 0.184118 0.447982
vt 0.182980 0.419442
vt 0.228993 0.407656
vt 0.837823 0.830327
vt 0.821658 0.830485
vt 0.831084 0.797545
vt 0.837823 0.797190
vt 0.908979 0.822747
vt 0.908979 0.863091
vt 0.906695 0.862890
vt 0.906700 0.822435
vt 0.914572 0.198778
vt 0.914572 0.238231
vt 0.912459 0.237830
vt 0.912468 0.198510
vt 0.946971 0.345521
vt 0.946958 0.316669
vt 0.949003 0.316461
vt 0.949003 0.345803
vt 0.814010 0.883669
vt 0.811972 0.883975
vt 0.811973 0.831250
vt 0.814010 0.831341
vt 0.954344 0.501632
vt 0.954301 0.474975
vt 0.956539 0.475104
vt 0.956539 0.502095
vt 0.991145 0.655074
vt 0.991145 0.673844
vt 0.988975 0.673301
vt 0.989001 0.655285
vt 0.052674 0.266547
vt 0.052498 0.212516
vt 0.089773 0.214984
vt 0.089773 0.269108
vt 0.964655 0.004097
vt 0.966751 0.003774
vt 0.966751 0.029305
vt 0.964667 0.029240
vt 0.611323 0.937642
vt 0.611308 0.905087
vt 0.613340 0.905191
vt 0.613340 0.938157
vt 0.916536 0.860685
vt 0.916526 0.822435
vt 0.918545 0.822464
vt 0.918545 0.861113
vt 0.874868 0.511104
vt 0.877073 0.510714
vt 0.877073 0.564534
vt 0.874904 0.564345
vt 0.954716 0.737180
vt 0.954683 0.710817
vt 0.956980 0.710909
vt 0.956980 0.737610
vt 0.864193 0.688065
vt 0.864193 0.710052
vt 0.848795 0.704373
vt 0.847797 0.687087
vt 0.866012 0.931229
vt 0.863835 0.931805
vt 0.863804 0.898305
vt 0.866012 0.898066
vt 0.939411 0.316461
vt 0.939411 0.348878
vt 0.937448 0.348291
vt 0.937441 0.316859
vt 0.920915 0.121902
vt 0.920782 0.087397
vt 0.922847 0.087059
vt 0.922847 0.122364
vt 0.148609 0.928119
vt 0.146564 0.928726
vt 0.146544 0.892143
vt 0.148609 0.891923
vt 0.528458 0.545123
vt 0.476589 0.543123
vt 0.478526 0.526149
vt 0.528458 0.510714
vt 0.956568 0.316971
vt 0.958784 0.316461
vt 0.958784 0.342651
vt 0.956550 0.342840
vt 0.626414 0.620707
vt 0.618511 0.585384
vt 0.650238 0.575095
vt 0.650238 0.622957
vt 0.980596 0.860036
vt 0.982665 0.859769
vt 0.982665 0.882804
vt 0.980501 0.882522
vt 0.918205 0.267618
vt 0.920134 0.267231
vt 0.920134 0.305800
vt 0.918144 0.305607
vt 0.536786 0.501369
vt 0.519645 0.450472
vt 0.553216 0.452056
vt 0.553216 0.503168
vt 0.947051 0.900709
vt 0.945059 0.900994
vt 0.945053 0.870680
vt 0.947051 0.870638
vt 0.052498 0.081667
vt 0.110723 0.070216
vt 0.110723 0.110690
vt 0.054375 0.109276
vt 0.044951 0.624778
vt 0.044951 0.684119
vt 0.042920 0.683789
vt 0.042928 0.624945
vt 0.941993 0.041379
vt 0.941993 0.072523
vt 0.939950 0.072159
vt 0.939949 0.041562
vt 0.130015 0.331005
vt 0.118270 0.276217
vt 0.155644 0.277425
vt 0.155644 0.330765
vt 0.394738 0.902827
vt 0.394738 0.936437
vt 0.392577 0.935850
vt 0.392575 0.902918
vt 0.284153 0.267231
vt 0.284153 0.323653
vt 0.266340 0.322482
vt 0.247767 0.267596
vt 0.891631 0.041781
vt 0.893880 0.041379
vt 0.893880 0.090021
vt 0.891660 0.089898
vt 0.954475 0.760173
vt 0.956540 0.759787
vt 0.956540 0.787143
vt 0.954372 0.786971
vt 0.271437 0.973933
vt 0.273485 0.973395
vt 0.273485 0.990625
vt 0.271412 0.990848
vt 0.684053 0.575095
vt 0.684053 0.621775
vt 0.669362 0.620897
vt 0.657785 0.583182
vt 0.229008 0.937235
vt 0.231268 0.936780
vt 0.231268 0.962078
vt 0.228986 0.962191
vt 0.174214 0.747026
vt 0.174214 0.791764
vt 0.172063 0.791441
vt 0.172070 0.746593
vt 0.338062 0.070216
vt 0.338062 0.124926
vt 0.319755 0.123994
vt 0.300742 0.072279
vt 0.877602 0.437234
vt 0.879560 0.436826
vt 0.879560 0.492451
vt 0.877613 0.492154
vt 0.431114 0.509005
vt 0.431114 0.543477
vt 0.380797 0.527335
vt 0.379223 0.510285
vt 0.920026 0.168117
vt 0.919960 0.130221
vt 0.921964 0.130045
vt 0.921964 0.168456
vt 0.003774 0.550622
vt 0.012191 0.512985
vt 0.037661 0.511773
vt 0.037661 0.563874
vt 0.937262 0.267834
vt 0.939220 0.267231
vt 0.939220 0.299872
vt 0.937252 0.299497
vt 0.964124 0.500058
vt 0.964086 0.475222
vt 0.966201 0.474975
vt 0.966201 0.500605
vt 0.748381 0.894067
vt 0.750259 0.893445
vt 0.750259 0.929741
vt 0.748216 0.929428
vt 0.891084 0.180489
vt 0.891082 0.130172
vt 0.893104 0.130045
vt 0.893104 0.180772
vt 0.942219 0.511122
vt 0.944224 0.510714
vt 0.944224 0.541592
vt 0.942215 0.541477
vt 0.022496 0.872093
vt 0.022496 0.911258
vt 0.020248 0.911005
vt 0.020254 0.871725
vt 0.562539 0.267231
vt 0.585143 0.268079
vt 0.585143 0.318409
vt 0.551867 0.318939
vt 0.218096 0.907632
vt 0.218085 0.865564
vt 0.220133 0.865650
vt 0.220133 0.908119
vt 0.913781 0.655625
vt 0.913781 0.695289
vt 0.911746 0.695139
vt 0.911758 0.655074
vt 0.371676 0.383825
vt 0.335561 0.382399
vt 0.353730 0.330017
vt 0.371676 0.329039
vt 0.894214 0.559376
vt 0.894218 0.510800
vt 0.896262 0.510714
vt 0.896262 0.559572
vt 0.415369 0.037322
vt 0.418085 0.004042
vt 0.459103 0.003774
vt 0.459103 0.047175
vt 0.457794 0.733961
vt 0.480771 0.730525
vt 0.480771 0.763763
vt 0.457610 0.766770
vt 0.583156 0.390551
vt 0.583156 0.441524
vt 0.566957 0.440228
vt 0.549867 0.389796
vt 0.740012 0.796335
vt 0.716673 0.797199
vt 0.728601 0.766505
vt 0.740012 0.765148
vt 0.729307 0.117200
vt 0.718490 0.116604
vt 0.706912 0.079069
vt 0.729307 0.070216
vt 0.806637 0.037085
vt 0.791124 0.035904
vt 0.786020 0.011536
vt 0.806637 0.003774
vt 0.773221 0.818141
vt 0.748216 0.819090
vt 0.749045 0.802927
vt 0.773221 0.791773
vt 0.817032 0.498574
vt 0.801493 0.497274
vt 0.796954 0.473196
vt 0.817032 0.465706
vt 0.814107 0.891522
vt 0.814107 0.928136
vt 0.812015 0.927430
vt 0.811972 0.891753
vt 0.709086 0.473851
vt 0.728758 0.473164
vt 0.728758 0.502725
vt 0.697261 0.502375
vt 0.302653 0.057478
vt 0.283196 0.003774
vt 0.320786 0.004073
vt 0.320786 0.058663
vt 0.379223 0.592800
vt 0.379823 0.554554
vt 0.413451 0.551024
vt 0.413451 0.600891
vt 0.176353 0.929768
vt 0.176223 0.894444
vt 0.178226 0.894230
vt 0.178226 0.930373
vt 0.887407 0.822883
vt 0.889604 0.822435
vt 0.889604 0.873179
vt 0.887435 0.873115
vt 0.930498 0.087545
vt 0.932384 0.086781
vt 0.932384 0.122364
vt 0.930394 0.122278
vt 0.939169 0.130630
vt 0.941065 0.130045
vt 0.941065 0.162164
vt 0.939038 0.161887
vt 0.911244 0.089892
vt 0.913196 0.089364
vt 0.913196 0.122086
vt 0.911235 0.121612
vt 0.421698 0.608438
vt 0.421698 0.644552
vt 0.380195 0.622496
vt 0.379223 0.608972
vt 0.974263 0.711013
vt 0.976250 0.710817
vt 0.976250 0.735637
vt 0.974261 0.735546
vt 0.304152 0.616650
vt 0.306091 0.616015
vt 0.306091 0.679473
vt 0.304124 0.679169
vt 0.946754 0.436826
vt 0.946754 0.467428
vt 0.944747 0.466765
vt 0.944737 0.437132
vt 0.948108 0.368119
vt 0.948108 0.397913
vt 0.946089 0.397162
vt 0.946090 0.368361
vt 0.937723 0.855224
vt 0.935663 0.855790
vt 0.935651 0.822672
vt 0.937723 0.822435
vt 0.345318 0.923293
vt 0.345156 0.886936
vt 0.347307 0.886755
vt 0.347307 0.923905
vt 0.927021 0.404777
vt 0.926995 0.368319
vt 0.928981 0.368119
vt 0.928981 0.405158
vt 0.703912 0.408162
vt 0.703912 0.454569
vt 0.693642 0.454432
vt 0.678511 0.408773
vt 0.990236 0.874881
vt 0.990212 0.859845
vt 0.992174 0.859769
vt 0.992174 0.875334
vt 0.982561 0.938875
vt 0.982442 0.916846
vt 0.984457 0.916610
vt 0.984457 0.939444
vt 0.983475 0.041731
vt 0.985422 0.041379
vt 0.985422 0.063052
vt 0.983396 0.062859
vt 0.702548 0.750722
vt 0.702548 0.782703
vt 0.690436 0.781126
vt 0.678372 0.749756
vt 0.726654 0.904673
vt 0.726654 0.936943
vt 0.724716 0.936367
vt 0.724718 0.905094
vt 0.360672 0.693717
vt 0.313638 0.690090
vt 0.313999 0.679748
vt 0.360672 0.668045
vt 0.592934 0.316161
vt 0.592690 0.267231
vt 0.625011 0.268924
vt 0.625011 0.317781
vt 0.905811 0.511198
vt 0.905811 0.553815
vt 0.903809 0.553707
vt 0.903823 0.510714
vt 0.960432 0.232320
vt 0.962446 0.231904
vt 0.962446 0.258232
vt 0.960430 0.258127
vt 0.879813 0.267488
vt 0.881810 0.267231
vt 0.881810 0.321354
vt 0.879815 0.321217
vt 0.970001 0.232228
vt 0.971992 0.231904
vt 0.971992 0.257023
vt 0.969993 0.257097
vt 0.988089 0.814337
vt 0.988062 0.797925
vt 0.990176 0.797897
vt 0.990176 0.814842
vt 0.244190 0.825867
vt 0.233515 0.794865
vt 0.254251 0.795127
vt 0.254251 0.826360
vt 0.921474 0.692423
vt 0.921328 0.655347
vt 0.923399 0.655074
vt 0.923399 0.692939
vt 0.725591 0.208602
vt 0.746232 0.198510
vt 0.746232 0.244126
vt 0.736265 0.244258
vt 0.654419 0.123037
vt 0.639083 0.070216
vt 0.664989 0.071136
vt 0.664989 0.123820
vt 0.245841 0.891152
vt 0.247752 0.890606
vt 0.247752 0.927536
vt 0.245665 0.927175
vt 0.964568 0.711331
vt 0.966714 0.710817
vt 0.966714 0.736004
vt 0.964528 0.736142
vt 0.961559 0.112223
vt 0.959383 0.112765
vt 0.959364 0.087002
vt 0.961559 0.086781
vt 0.956551 0.598534
vt 0.956524 0.572365
vt 0.958602 0.572193
vt 0.958602 0.599148
vt 0.346000 0.255772
vt 0.337174 0.213860
vt 0.372797 0.203579
vt 0.372797 0.259127
vt 0.844867 0.612477
vt 0.844867 0.644975
vt 0.838505 0.644804
vt 0.829274 0.612422
vt 0.872421 0.096861
vt 0.872420 0.041572
vt 0.874430 0.041379
vt 0.874430 0.097075
vt 0.799712 0.408773
vt 0.810253 0.408162
vt 0.810253 0.440180
vt 0.788935 0.440089
vt 0.958412 0.130467
vt 0.960510 0.130045
vt 0.960510 0.156466
vt 0.958301 0.156310
vt 0.759876 0.929048
vt 0.757822 0.929602
vt 0.757806 0.893619
vt 0.759876 0.893445
vt 0.927753 0.572950
vt 0.929828 0.572193
vt 0.929828 0.608091
vt 0.927716 0.607948
vt 0.710129 0.552262
vt 0.721150 0.511722
vt 0.731108 0.510714
vt 0.731108 0.560354
vt 0.370118 0.928494
vt 0.369954 0.893108
vt 0.372083 0.892869
vt 0.372083 0.929061
vt 0.247089 0.139334
vt 0.265938 0.137960
vt 0.265938 0.193388
vt 0.227530 0.193378
vt 0.565081 0.692678
vt 0.567098 0.692378
vt 0.567098 0.750671
vt 0.565057 0.750622
vt 0.379223 0.397898
vt 0.416058 0.389796
vt 0.416058 0.442250
vt 0.379916 0.437957
vt 0.910652 0.356911
vt 0.908561 0.357517
vt 0.908543 0.316684
vt 0.910652 0.316461
vt 0.167548 0.807278
vt 0.167548 0.864577
vt 0.165510 0.864280
vt 0.165517 0.807471
vt 0.042804 0.692078
vt 0.044951 0.691666
vt 0.044951 0.715746
vt 0.042694 0.715592
vt 0.960456 0.942672
vt 0.958334 0.943235
vt 0.958310 0.916837
vt 0.960456 0.916610
vt 0.003774 0.727805
vt 0.039656 0.723374
vt 0.039656 0.747880
vt 0.004130 0.744647
vt 0.908773 0.711147
vt 0.908773 0.752240
vt 0.906547 0.752020
vt 0.906556 0.710817
vt 0.283404 0.827094
vt 0.285480 0.826841
vt 0.285480 0.880902
vt 0.283391 0.880649
vt 0.718044 0.248723
vt 0.707699 0.247651
vt 0.696633 0.207006
vt 0.718044 0.198510
vt 0.989516 0.543412
vt 0.991445 0.543018
vt 0.991445 0.559791
vt 0.989451 0.559605
vt 0.672281 0.563965
vt 0.661053 0.563865
vt 0.648958 0.521854
vt 0.672281 0.510714
vt 0.835008 0.205176
vt 0.849003 0.198510
vt 0.849003 0.231703
vt 0.842186 0.231455
vt 0.172164 0.738876
vt 0.172168 0.680738
vt 0.174214 0.680623
vt 0.174214 0.739046
vt 0.003774 0.185212
vt 0.004490 0.142601
vt 0.043016 0.138982
vt 0.043016 0.194644
vt 0.172103 0.391674
vt 0.172103 0.427424
vt 0.120162 0.412551
vt 0.118270 0.395333
vt 0.353555 0.454880
vt 0.370690 0.452879
vt 0.370690 0.504829
vt 0.336307 0.506118
vt 0.979245 0.845569
vt 0.979202 0.822752
vt 0.981282 0.822435
vt 0.981282 0.846017
vt 0.488486 0.764239
vt 0.488318 0.730525
vt 0.511012 0.732872
vt 0.511012 0.766408
vt 0.696414 0.003774
vt 0.696414 0.054234
vt 0.685216 0.053197
vt 0.673214 0.012414
vt 0.904912 0.198932
vt 0.904912 0.240669
vt 0.902718 0.240363
vt 0.902724 0.198510
vt 0.910555 0.169980
vt 0.910419 0.130176
vt 0.912413 0.130045
vt 0.912413 0.170641
vt 0.821830 0.895407
vt 0.823732 0.894853
vt 0.823732 0.930642
vt 0.821658 0.930283
vt 0.727826 0.611968
vt 0.738777 0.575506
vt 0.748649 0.575095
vt 0.748649 0.620444
vt 0.469042 0.622676
vt 0.444586 0.621547
vt 0.436424 0.584966
vt 0.469042 0.572346
vt 0.690028 0.741668
vt 0.678372 0.713640
vt 0.709126 0.713250
vt 0.709126 0.742209
vt 0.781464 0.300945
vt 0.758265 0.299658
vt 0.757785 0.274019
vt 0.781464 0.267231
vt 0.650956 0.888628
vt 0.650954 0.836558
vt 0.652936 0.836469
vt 0.652936 0.888947
vt 0.937520 0.603820
vt 0.937375 0.572471
vt 0.939434 0.572193
vt 0.939434 0.604341
vt 0.930497 0.076494
vt 0.930377 0.041640
vt 0.932402 0.041379
vt 0.932402 0.077044
vt 0.748819 0.727972
vt 0.772649 0.720860
vt 0.772649 0.754202
vt 0.748216 0.754661
vt 0.552115 0.935885
vt 0.551970 0.902587
vt 0.554042 0.902248
vt 0.554042 0.936345
vt 0.603761 0.905087
vt 0.603761 0.938500
vt 0.601786 0.937837
vt 0.601781 0.905403
vt 0.165343 0.595654
vt 0.173578 0.558729
vt 0.198632 0.557616
vt 0.198632 0.608750
vt 0.100081 0.659001
vt 0.100081 0.685278
vt 0.052920 0.673370
vt 0.052498 0.662636
vt 0.542514 0.935847
vt 0.542361 0.902493
vt 0.544423 0.902248
vt 0.544423 0.936414
vt 0.911397 0.042086
vt 0.913235 0.041379
vt 0.913235 0.081817
vt 0.911235 0.081588
vt 0.918059 0.437232
vt 0.918059 0.475303
vt 0.915884 0.475015
vt 0.915890 0.436826
vt 0.665667 0.005106
vt 0.665666 0.055602
vt 0.654882 0.054636
vt 0.639149 0.003774
vt 0.651104 0.897211
vt 0.652944 0.896494
vt 0.652944 0.932346
vt 0.650954 0.932151
vt 0.474062 0.439481
vt 0.465396 0.399970
vt 0.500387 0.389796
vt 0.500387 0.442934
vt 0.950310 0.655723
vt 0.952346 0.655074
vt 0.952346 0.683716
vt 0.950292 0.683627
vt 0.040858 0.266306
vt 0.040858 0.321734
vt 0.022392 0.319883
vt 0.003774 0.266160
vt 0.376372 0.789794
vt 0.376372 0.812254
vt 0.345774 0.801938
vt 0.345156 0.790822
vt 0.980626 0.511107
vt 0.982677 0.510714
vt 0.982677 0.533690
vt 0.980520 0.533511
vt 0.284263 0.436081
vt 0.241830 0.438039
vt 0.242375 0.411954
vt 0.284263 0.392693
vt 0.728170 0.667223
vt 0.738550 0.666139
vt 0.738550 0.713313
vt 0.716673 0.705894
vt 0.520950 0.319433
vt 0.510279 0.267231
vt 0.544320 0.267801
vt 0.544320 0.318935
vt 0.897180 0.822767
vt 0.899148 0.822435
vt 0.899148 0.869933
vt 0.897151 0.869686
vt 0.784259 0.536540
vt 0.788827 0.512027
vt 0.804822 0.510714
vt 0.804822 0.544361
vt 0.979648 0.232277
vt 0.981725 0.231904
vt 0.981725 0.254960
vt 0.979540 0.254758
vt 0.355031 0.887435
vt 0.356878 0.886755
vt 0.356878 0.924470
vt 0.354854 0.924215
vt 0.726283 0.003774
vt 0.726283 0.051496
vt 0.715510 0.050349
vt 0.703961 0.011578
vt 0.117193 0.742575
vt 0.117193 0.786182
vt 0.115052 0.785877
vt 0.115060 0.742160
vt 0.937385 0.612596
vt 0.939408 0.611888
vt 0.939408 0.644057
vt 0.937375 0.643771
vt 0.773543 0.924988
vt 0.773386 0.888547
vt 0.775488 0.888265
vt 0.775488 0.925506
vt 0.076931 0.753114
vt 0.076931 0.784680
vt 0.053911 0.778274
vt 0.052498 0.752681
vt 0.926090 0.907288
vt 0.925950 0.870900
vt 0.927976 0.870638
vt 0.927976 0.907836
vt 0.097846 0.716756
vt 0.052498 0.716704
vt 0.052849 0.707002
vt 0.097846 0.692825
vt 0.595084 0.198510
vt 0.617962 0.199747
vt 0.617962 0.247610
vt 0.584148 0.247716
vt 0.519777 0.936162
vt 0.519775 0.902924
vt 0.521847 0.903158
vt 0.521847 0.936800
vt 0.255118 0.114828
vt 0.255781 0.072555
vt 0.293195 0.070216
vt 0.293195 0.125343
vt 0.542873 0.380119
vt 0.508780 0.380573
vt 0.525973 0.329796
vt 0.542873 0.328302
vt 0.814111 0.798070
vt 0.814111 0.823703
vt 0.790421 0.812791
vt 0.789699 0.797190
vt 0.182980 0.466876
vt 0.217826 0.456723
vt 0.217826 0.509051
vt 0.183649 0.506809
vt 0.165343 0.539409
vt 0.166560 0.516623
vt 0.217826 0.516598
vt 0.217826 0.550070
vt 0.899120 0.615670
vt 0.899018 0.572283
vt 0.901068 0.572193
vt 0.901068 0.616111
vt 0.447452 0.948389
vt 0.445318 0.948914
vt 0.445281 0.919875
vt 0.447452 0.919702
vt 0.904199 0.697905
vt 0.902135 0.698470
vt 0.902120 0.655269
vt 0.904199 0.655074
vt 0.869385 0.368327
vt 0.871448 0.368119
vt 0.871448 0.424371
vt 0.869361 0.424223
vt 0.967430 0.368666
vt 0.967430 0.393267
vt 0.965233 0.393066
vt 0.965271 0.368119
vt 0.906697 0.760496
vt 0.908538 0.759787
vt 0.908538 0.802482
vt 0.906547 0.802287
vt 0.970979 0.511085
vt 0.972973 0.510714
vt 0.972973 0.535649
vt 0.970962 0.535587
vt 0.950852 0.226767
vt 0.950875 0.198642
vt 0.952883 0.198510
vt 0.952883 0.227073
vt 0.611683 0.187428
vt 0.586039 0.186247
vt 0.577432 0.150154
vt 0.611683 0.137960
vt 0.237687 0.329950
vt 0.239825 0.329535
vt 0.239825 0.385084
vt 0.237715 0.384952
vt 0.100373 0.013527
vt 0.140484 0.003774
vt 0.140484 0.060096
vt 0.101142 0.056513
vt 0.631644 0.647465
vt 0.677347 0.630931
vt 0.677347 0.658592
vt 0.631304 0.656564
vt 0.600336 0.072120
vt 0.631536 0.070216
vt 0.631536 0.118792
vt 0.600011 0.120408
vt 0.877860 0.822888
vt 0.879860 0.822435
vt 0.879860 0.877166
vt 0.877866 0.876916
vt 0.175433 0.176606
vt 0.118270 0.173453
vt 0.120366 0.154586
vt 0.175433 0.137960
vt 0.899000 0.759787
vt 0.899000 0.807526
vt 0.896946 0.807067
vt 0.896980 0.760068
vt 0.183175 0.346549
vt 0.182980 0.293866
vt 0.220318 0.295564
vt 0.220318 0.348289
vt 0.227888 0.347031
vt 0.227865 0.329535
vt 0.229916 0.329713
vt 0.229916 0.347528
vt 0.118270 0.193764
vt 0.174759 0.184153
vt 0.174759 0.222427
vt 0.119280 0.219929
vt 0.868069 0.437197
vt 0.870055 0.436826
vt 0.870055 0.494347
vt 0.868077 0.494018
vt 0.603961 0.046675
vt 0.595192 0.014286
vt 0.631602 0.003774
vt 0.631602 0.047742
vt 0.670964 0.463155
vt 0.659188 0.463385
vt 0.646484 0.420373
vt 0.670964 0.408162
vt 0.780196 0.746432
vt 0.785375 0.721688
vt 0.801496 0.720498
vt 0.801496 0.754661
vt 0.896614 0.437255
vt 0.898776 0.436826
vt 0.898776 0.484582
vt 0.896648 0.484432
vt 0.292373 0.492651
vt 0.301006 0.454683
vt 0.327168 0.453631
vt 0.327168 0.506158
vt 0.736224 0.846388
vt 0.736224 0.895915
vt 0.734201 0.895606
vt 0.734209 0.846583
vt 0.415550 0.321263
vt 0.380373 0.317315
vt 0.379690 0.276053
vt 0.415550 0.267231
vt 0.955087 0.030873
vt 0.955060 0.003966
vt 0.957108 0.003774
vt 0.957108 0.031447
vt 0.920330 0.353565
vt 0.918222 0.354271
vt 0.918199 0.316804
vt 0.920330 0.316461
vt 0.210053 0.072162
vt 0.247571 0.070216
vt 0.247571 0.125506
vt 0.209782 0.126965
vt 0.003774 0.497016
vt 0.004407 0.457147
vt 0.039263 0.452315
vt 0.039263 0.504226
vt 0.129442 0.928136
vt 0.129299 0.891927
vt 0.131347 0.891678
vt 0.131347 0.928681
vt 0.748216 0.767156
vt 0.782152 0.762208
vt 0.782152 0.784226
vt 0.748539 0.782718
vt 0.242239 0.694725
vt 0.241830 0.684620
vt 0.287775 0.684563
vt 0.287775 0.709116
vt 0.648516 0.268264
vt 0.659699 0.267231
vt 0.659699 0.318317
vt 0.632558 0.319663
vt 0.734219 0.138975
vt 0.744066 0.137960
vt 0.744066 0.186383
vt 0.723285 0.178587
vt 0.146574 0.936748
vt 0.148811 0.936274
vt 0.148811 0.961750
vt 0.146544 0.961858
vt 0.577742 0.676351
vt 0.606147 0.666481
vt 0.606147 0.706285
vt 0.577119 0.707102
vt 0.922830 0.078859
vt 0.920802 0.079512
vt 0.920782 0.041679
vt 0.922830 0.041379
vt 0.408255 0.685858
vt 0.408255 0.723405
vt 0.380769 0.714631
vt 0.379223 0.685230
vt 0.947136 0.710817
vt 0.947136 0.740423
vt 0.945080 0.739840
vt 0.945055 0.710987
vt 0.476964 0.916784
vt 0.474905 0.917469
vt 0.474885 0.878532
vt 0.476964 0.878196
vt 0.238978 0.248832
vt 0.238978 0.286319
vt 0.182980 0.276752
vt 0.184324 0.251359
vt 0.450086 0.123248
vt 0.432420 0.070216
vt 0.466924 0.070417
vt 0.466924 0.124363
vt 0.189970 0.984892
vt 0.189917 0.963462
vt 0.191917 0.963241
vt 0.191917 0.985241
vt 0.219151 0.957274
vt 0.221315 0.956983
vt 0.221315 0.980423
vt 0.219057 0.980192
vt 0.918338 0.749013
vt 0.916340 0.749602
vt 0.916320 0.711035
vt 0.918338 0.710817
vt 0.509794 0.603936
vt 0.484930 0.602721
vt 0.476589 0.565446
vt 0.509794 0.552670
vt 0.848287 0.661901
vt 0.864200 0.656167
vt 0.864200 0.678695
vt 0.847797 0.679540
vt 0.347315 0.267231
vt 0.372143 0.267839
vt 0.372143 0.320331
vt 0.335561 0.321492
vt 0.674204 0.885572
vt 0.674204 0.922677
vt 0.672063 0.922362
vt 0.672070 0.885142
vt 0.531530 0.969285
vt 0.529400 0.969715
vt 0.529394 0.944774
vt 0.531530 0.944567
vt 0.292373 0.551337
vt 0.301053 0.514889
vt 0.327304 0.513705
vt 0.327304 0.563982
vt 0.822033 0.546288
vt 0.812369 0.511134
vt 0.828745 0.510714
vt 0.828745 0.546458
vt 0.942745 0.685062
vt 0.940589 0.685573
vt 0.940548 0.655221
vt 0.942745 0.655074
vt 0.960528 0.198855
vt 0.962584 0.198510
vt 0.962584 0.224357
vt 0.960430 0.224153
vt 0.563959 0.053510
vt 0.553035 0.003774
vt 0.587645 0.003915
vt 0.587645 0.052637
vt 0.750238 0.267412
vt 0.750238 0.312436
vt 0.730024 0.302775
vt 0.740673 0.267231
vt 0.544261 0.616443
vt 0.535815 0.580378
vt 0.569572 0.569765
vt 0.569572 0.618660
vt 0.925789 0.437446
vt 0.927672 0.436826
vt 0.927672 0.473961
vt 0.925606 0.473660
vt 0.983908 0.731627
vt 0.983797 0.710889
vt 0.985881 0.710817
vt 0.985881 0.732134
vt 0.909873 0.368634
vt 0.909873 0.409521
vt 0.907760 0.409387
vt 0.907771 0.368119
vt 0.889067 0.436826
vt 0.889067 0.489717
vt 0.887116 0.489344
vt 0.887107 0.437169
vt 0.641063 0.199345
vt 0.652019 0.198510
vt 0.652019 0.251761
vt 0.625509 0.252672
vt 0.902872 0.130420
vt 0.902872 0.172816
vt 0.900651 0.172558
vt 0.900658 0.130045
vt 0.910597 0.308354
vt 0.908559 0.308914
vt 0.908543 0.267428
vt 0.910597 0.267231
vt 0.420999 0.551486
vt 0.423156 0.551024
vt 0.423156 0.600869
vt 0.421026 0.600815
vt 0.717776 0.373918
vt 0.694506 0.375220
vt 0.708132 0.329256
vt 0.717776 0.328302
vt 0.950763 0.917162
vt 0.950763 0.945133
vt 0.948602 0.944901
vt 0.948636 0.916610
vt 0.151927 0.535348
vt 0.151927 0.586443
vt 0.135539 0.585462
vt 0.118270 0.535883
vt 0.663487 0.368168
vt 0.675846 0.328302
vt 0.686959 0.328487
vt 0.686959 0.378984
vt 0.975778 0.437394
vt 0.975778 0.461171
vt 0.973614 0.460932
vt 0.973646 0.436826
vt 0.988860 0.841461
vt 0.988829 0.822435
vt 0.990831 0.822458
vt 0.990831 0.841815
vt 0.734217 0.904104
vt 0.736243 0.903462
vt 0.736243 0.937322
vt 0.734201 0.937208
vt 0.507658 0.699089
vt 0.509844 0.698703
vt 0.509844 0.722350
vt 0.507556 0.722190
vt 0.041527 0.258613
vt 0.003774 0.256408
vt 0.023266 0.203036
vt 0.041527 0.202191
vt 0.889399 0.759787
vt 0.889399 0.812053
vt 0.887391 0.811687
vt 0.887385 0.760115
vt 0.872177 0.572193
vt 0.872177 0.628228
vt 0.870075 0.627891
vt 0.870090 0.572369
vt 0.606656 0.744826
vt 0.577119 0.746040
vt 0.578027 0.726909
vt 0.606656 0.714649
vt 0.512098 0.503167
vt 0.476589 0.501701
vt 0.494968 0.452861
vt 0.512098 0.452056
vt 0.590703 0.432766
vt 0.591936 0.410232
vt 0.638938 0.408162
vt 0.638938 0.441524
vt 0.506483 0.666078
vt 0.506483 0.691156
vt 0.458019 0.679507
vt 0.457610 0.669228
vt 0.529410 0.903541
vt 0.531400 0.902924
vt 0.531400 0.937020
vt 0.529394 0.936654
vt 0.285630 0.259684
vt 0.248481 0.255414
vt 0.247767 0.212952
vt 0.285630 0.204087
vt 0.417321 0.917350
vt 0.417309 0.878171
vt 0.419413 0.878247
vt 0.419413 0.917814
vt 0.292373 0.401023
vt 0.328717 0.393401
vt 0.328717 0.446084
vt 0.293068 0.441280
vt 0.263865 0.897730
vt 0.263865 0.932692
vt 0.261820 0.932111
vt 0.261798 0.897923
vt 0.241830 0.490438
vt 0.242452 0.449556
vt 0.276855 0.445586
vt 0.276855 0.498856
vt 0.005782 0.936604
vt 0.003787 0.937135
vt 0.003774 0.903158
vt 0.005782 0.903049
vt 0.916480 0.908453
vt 0.916320 0.870843
vt 0.918403 0.870638
vt 0.918403 0.909063
vt 0.951771 0.511013
vt 0.953821 0.510714
vt 0.953821 0.539067
vt 0.951799 0.538799
vt 0.569287 0.452704
vt 0.595221 0.450472
vt 0.595221 0.500208
vt 0.560763 0.489140
vt 0.003881 0.945035
vt 0.005999 0.944682
vt 0.005999 0.969439
vt 0.003774 0.969232
vt 0.881868 0.572193
vt 0.881868 0.625476
vt 0.879724 0.625189
vt 0.879734 0.572391
vt 0.840768 0.862188
vt 0.840768 0.904200
vt 0.838600 0.903954
vt 0.838608 0.861830
vt 0.528337 0.189788
vt 0.494424 0.186785
vt 0.493768 0.147224
vt 0.528337 0.137960
vt 0.293404 0.206415
vt 0.329627 0.203579
vt 0.329627 0.257308
vt 0.293177 0.259684
vt 0.931004 0.689046
vt 0.930946 0.655374
vt 0.933001 0.655074
vt 0.933001 0.689402
vt 0.958527 0.612202
vt 0.958527 0.639185
vt 0.956504 0.638990
vt 0.956510 0.611888
vt 0.773409 0.827011
vt 0.775475 0.826637
vt 0.775475 0.880701
vt 0.773386 0.880718
vt 0.844831 0.572351
vt 0.844831 0.604876
vt 0.838486 0.604581
vt 0.829274 0.572193
vt 0.222350 0.558806
vt 0.233743 0.557616
vt 0.233743 0.612609
vt 0.206179 0.614304
vt 0.118270 0.257743
vt 0.119724 0.231615
vt 0.172837 0.229974
vt 0.172837 0.268670
vt 0.372347 0.055602
vt 0.372172 0.003774
vt 0.407822 0.006434
vt 0.407822 0.058378
vt 0.284440 0.575380
vt 0.306091 0.572945
vt 0.306091 0.606206
vt 0.284220 0.608468
vt 0.854347 0.931960
vt 0.854188 0.898352
vt 0.856257 0.898066
vt 0.856257 0.932474
vt 0.974445 0.004566
vt 0.976329 0.003774
vt 0.976329 0.028406
vt 0.974298 0.028296
vt 0.508989 0.774387
vt 0.511012 0.773955
vt 0.511012 0.791838
vt 0.508947 0.791892
vt 0.640505 0.975972
vt 0.642446 0.975539
vt 0.642446 0.991300
vt 0.640419 0.991147
vt 0.961382 0.041379
vt 0.961382 0.068005
vt 0.959327 0.067639
vt 0.959329 0.041556
vt 0.982660 0.130637
vt 0.984549 0.130045
vt 0.984549 0.152676
vt 0.982493 0.152423
vt 0.206179 0.633098
vt 0.230085 0.621851
vt 0.230085 0.672936
vt 0.218565 0.673076
vt 0.897287 0.916248
vt 0.897151 0.877654
vt 0.899140 0.877480
vt 0.899140 0.916933
vt 0.271420 0.898152
vt 0.273392 0.897730
vt 0.273392 0.932819
vt 0.271412 0.932740
vt 0.765368 0.395603
vt 0.766106 0.380585
vt 0.798940 0.379087
vt 0.798940 0.400559
vt 0.906335 0.479104
vt 0.906323 0.436826
vt 0.908337 0.436830
vt 0.908337 0.479498
vt 0.925899 0.747787
vt 0.925886 0.710817
vt 0.927885 0.710841
vt 0.927885 0.748181
vt 0.520174 0.640785
vt 0.519775 0.630084
vt 0.569572 0.626207
vt 0.569572 0.652390
vt 0.183257 0.193868
vt 0.182980 0.137960
vt 0.219983 0.140424
vt 0.219983 0.196540
vt 0.284263 0.385146
vt 0.247767 0.383636
vt 0.266591 0.332043
vt 0.284263 0.331200
vt 0.545488 0.054747
vt 0.510587 0.053696
vt 0.528555 0.004714
vt 0.545488 0.003774
vt 0.632016 0.742232
vt 0.666680 0.738994
vt 0.666680 0.762704
vt 0.631304 0.758320
vt 0.732657 0.408162
vt 0.732657 0.457136
vt 0.722429 0.456046
vt 0.711459 0.416331
vt 0.908773 0.572917
vt 0.910611 0.572193
vt 0.910611 0.613472
vt 0.908615 0.613276
vt 0.737107 0.495715
vt 0.736305 0.468292
vt 0.761228 0.468596
vt 0.761228 0.502725
vt 0.242271 0.665135
vt 0.241830 0.654722
vt 0.291941 0.651517
vt 0.291941 0.677016
vt 0.987498 0.572193
vt 0.987498 0.591908
vt 0.985271 0.591248
vt 0.985281 0.572509
vt 0.927887 0.317027
vt 0.929894 0.316461
vt 0.929894 0.352616
vt 0.927877 0.352674
vt 0.569313 0.684830
vt 0.519775 0.681657
vt 0.520154 0.671631
vt 0.569313 0.659937
vt 0.313493 0.776957
vt 0.313904 0.751817
vt 0.337609 0.751366
vt 0.337609 0.784176
vt 0.654327 0.770251
vt 0.654327 0.802269
vt 0.642712 0.801842
vt 0.631304 0.770902
vt 0.926189 0.823205
vt 0.928104 0.822435
vt 0.928104 0.859622
vt 0.926092 0.859538
vt 0.141963 0.732134
vt 0.153497 0.694706
vt 0.163911 0.694165
vt 0.163911 0.740572
vt 0.012601 0.572526
vt 0.040582 0.571421
vt 0.040582 0.616312
vt 0.003774 0.605335
vt 0.483961 0.655754
vt 0.476589 0.620923
vt 0.506483 0.611483
vt 0.506483 0.658531
vt 0.457849 0.444509
vt 0.432067 0.441807
vt 0.423605 0.401563
vt 0.457849 0.389796
vt 0.107574 0.204969
vt 0.053608 0.203358
vt 0.052498 0.176427
vt 0.107574 0.165465
vt 0.964084 0.437060
vt 0.966067 0.436826
vt 0.966067 0.462899
vt 0.964065 0.462749
vt 0.981870 0.952934
vt 0.984000 0.952680
vt 0.984000 0.975397
vt 0.981779 0.975129
vt 0.900213 0.414224
vt 0.898180 0.414734
vt 0.898169 0.368290
vt 0.900213 0.368119
vt 0.185936 0.894918
vt 0.187777 0.894230
vt 0.187777 0.930338
vt 0.185773 0.930089
vt 0.569885 0.137960
vt 0.569885 0.189494
vt 0.535884 0.179784
vt 0.536493 0.140250
vt 0.879019 0.368391
vt 0.881092 0.368119
vt 0.881092 0.421727
vt 0.878995 0.421640
vt 0.681085 0.696945
vt 0.679779 0.666139
vt 0.709126 0.666251
vt 0.709126 0.705703
vt 0.389645 0.073160
vt 0.424873 0.070216
vt 0.424873 0.122286
vt 0.389416 0.124694
vt 0.230085 0.705105
vt 0.181761 0.702012
vt 0.182113 0.692114
vt 0.230085 0.680623
vt 0.271578 0.940916
vt 0.273610 0.940366
vt 0.273610 0.965848
vt 0.271412 0.965630
vt 0.557510 0.692378
vt 0.557510 0.721725
vt 0.527882 0.719975
vt 0.519775 0.692806
vt 0.888642 0.419854
vt 0.888640 0.368313
vt 0.890621 0.368119
vt 0.890621 0.420063
vt 0.913371 0.550260
vt 0.913358 0.510722
vt 0.915425 0.510714
vt 0.915425 0.550653
vt 0.052498 0.591862
vt 0.101238 0.583069
vt 0.101238 0.617231
vt 0.053382 0.615186
vt 0.891471 0.572193
vt 0.891471 0.623116
vt 0.889415 0.622798
vt 0.889427 0.572391
vt 0.099200 0.970402
vt 0.099166 0.946281
vt 0.101300 0.946093
vt 0.101300 0.971010
vt 0.981153 0.351541
vt 0.981124 0.328973
vt 0.983161 0.328777
vt 0.983161 0.352118
vt 0.978716 0.109923
vt 0.978682 0.087011
vt 0.980750 0.086781
vt 0.980750 0.110483
vt 0.563423 0.931087
vt 0.563272 0.896113
vt 0.565339 0.896001
vt 0.565339 0.931771
vt 0.975832 0.595860
vt 0.975720 0.572298
vt 0.977724 0.572193
vt 0.977724 0.596569
vt 0.477717 0.328302
vt 0.501233 0.328662
vt 0.501233 0.380396
vt 0.466629 0.381773
vt 0.655763 0.179910
vt 0.667835 0.138007
vt 0.678672 0.137960
vt 0.678672 0.190644
vt 0.423605 0.481375
vt 0.425092 0.453289
vt 0.469042 0.452056
vt 0.469042 0.493075
vt 0.063771 0.470876
vt 0.087642 0.470956
vt 0.087642 0.520424
vt 0.052498 0.522187
vt 0.442747 0.137960
vt 0.442747 0.191300
vt 0.406510 0.178520
vt 0.415507 0.139675
vt 0.746590 0.374248
vt 0.736312 0.373779
vt 0.725323 0.337205
vt 0.746590 0.328302
vt 0.272462 0.818922
vt 0.261798 0.795421
vt 0.288488 0.794865
vt 0.288488 0.819294
vt 0.502732 0.267231
vt 0.502732 0.319048
vt 0.485093 0.317889
vt 0.466996 0.268192
vt 0.871935 0.185849
vt 0.871933 0.130145
vt 0.873956 0.130045
vt 0.873956 0.186162
vt 0.118683 0.071518
vt 0.155761 0.070216
vt 0.155761 0.128356
vt 0.118270 0.130413
vt 0.610964 0.575095
vt 0.610964 0.623384
vt 0.577119 0.614703
vt 0.577707 0.577738
vt 0.240220 0.204087
vt 0.240220 0.241285
vt 0.184668 0.223621
vt 0.182980 0.205142
vt 0.447898 0.666477
vt 0.450063 0.666078
vt 0.450063 0.723883
vt 0.447930 0.723724
vt 0.932650 0.544671
vt 0.932622 0.510999
vt 0.934668 0.510714
vt 0.934668 0.544976
vt 0.954820 0.822964
vt 0.957016 0.822435
vt 0.957016 0.849301
vt 0.954791 0.849473
vt 0.961398 0.536372
vt 0.961368 0.510944
vt 0.963415 0.510714
vt 0.963415 0.536899
vt 0.885516 0.198510
vt 0.885516 0.251406
vt 0.883535 0.250951
vt 0.883526 0.198767
vt 0.918272 0.572881
vt 0.920169 0.572193
vt 0.920169 0.610637
vt 0.918158 0.610450
vt 0.689714 0.473164
vt 0.689714 0.499193
vt 0.643188 0.484944
vt 0.642744 0.474281
vt 0.939946 0.087436
vt 0.941998 0.086781
vt 0.941998 0.117974
vt 0.939931 0.117612
vt 0.617830 0.838131
vt 0.601781 0.838202
vt 0.611132 0.805172
vt 0.617830 0.804938
vt 0.202235 0.126126
vt 0.164031 0.123829
vt 0.163308 0.081167
vt 0.202235 0.070216
vt 0.925757 0.760492
vt 0.927714 0.759787
vt 0.927714 0.796972
vt 0.925660 0.796808
vt 0.717162 0.904673
vt 0.717162 0.937649
vt 0.715072 0.937127
vt 0.715086 0.904836
vt 0.165343 0.659199
vt 0.178027 0.616297
vt 0.189406 0.616574
vt 0.189406 0.670994
vt 0.948941 0.267796
vt 0.948941 0.296429
vt 0.946767 0.296183
vt 0.946798 0.267231
vt 0.705075 0.850092
vt 0.707229 0.849693
vt 0.707229 0.897632
vt 0.705109 0.897452
vt 0.228986 0.970385
vt 0.231216 0.969738
vt 0.231216 0.988932
vt 0.228987 0.988613
vt 0.917576 0.405915
vt 0.917420 0.368325
vt 0.919448 0.368119
vt 0.919448 0.406528
vt 0.916256 0.760424
vt 0.918113 0.759787
vt 0.918113 0.798675
vt 0.916085 0.798380
vt 0.478129 0.054727
vt 0.466650 0.003774
vt 0.503040 0.004460
vt 0.503040 0.054196
vt 0.640454 0.943444
vt 0.642617 0.942912
vt 0.642617 0.967836
vt 0.640419 0.967992
vt 0.837248 0.029888
vt 0.844472 0.003889
vt 0.851002 0.003774
vt 0.851002 0.036298
vt 0.899074 0.267774
vt 0.900996 0.267231
vt 0.900996 0.312724
vt 0.899012 0.312604
vt 0.989009 0.681826
vt 0.991051 0.681391
vt 0.991051 0.699199
vt 0.988975 0.699292
vt 0.816143 0.070434
vt 0.823240 0.070216
vt 0.823240 0.106569
vt 0.806261 0.106130
vt 0.577495 0.642186
vt 0.577119 0.632922
vt 0.623757 0.630931
vt 0.623757 0.658934
vt 0.328014 0.323597
vt 0.291700 0.312872
vt 0.300603 0.270599
vt 0.328014 0.267231
vt 0.908773 0.871224
vt 0.908773 0.911099
vt 0.906695 0.910902
vt 0.906705 0.870638
vt 0.954670 0.870826
vt 0.956716 0.870638
vt 0.956716 0.898123
vt 0.954598 0.897988
vt 0.428478 0.677683
vt 0.379223 0.673857
vt 0.379566 0.663540
vt 0.428478 0.652099
vt 0.444066 0.900225
vt 0.444064 0.856371
vt 0.446063 0.856352
vt 0.446063 0.900638
vt 0.438458 0.686521
vt 0.438458 0.731545
vt 0.429206 0.730654
vt 0.415802 0.685230
vt 0.516269 0.078731
vt 0.551358 0.070216
vt 0.551358 0.120874
vt 0.516925 0.117374
vt 0.892339 0.655474
vt 0.894573 0.655074
vt 0.894573 0.703733
vt 0.892372 0.703574
vt 0.627145 0.854829
vt 0.626371 0.836469
vt 0.643407 0.837162
vt 0.643407 0.860526
vt 0.716803 0.754440
vt 0.716673 0.720860
vt 0.740669 0.723959
vt 0.740669 0.757601
vt 0.715738 0.176307
vt 0.686219 0.177023
vt 0.687787 0.146886
vt 0.715738 0.137960
vt 0.989364 0.248269
vt 0.989272 0.232166
vt 0.991273 0.231904
vt 0.991273 0.248751
vt 0.361017 0.658509
vt 0.349604 0.617790
vt 0.371655 0.609844
vt 0.371655 0.659792
vt 0.944821 0.760458
vt 0.946825 0.759787
vt 0.946825 0.790350
vt 0.944806 0.790061
vt 0.239794 0.006733
vt 0.275649 0.003774
vt 0.275649 0.059477
vt 0.239468 0.061859
vt 0.884620 0.510959
vt 0.886667 0.510714
vt 0.886667 0.563223
vt 0.884622 0.563059
vt 0.955655 0.395228
vt 0.955656 0.368119
vt 0.957686 0.368324
vt 0.957686 0.395565
vt 0.500723 0.256072
vt 0.474102 0.254362
vt 0.465184 0.215889
vt 0.500723 0.203579
vt 0.664516 0.922182
vt 0.662415 0.922855
vt 0.662393 0.885435
vt 0.664516 0.885142
vt 0.817800 0.415872
vt 0.832695 0.408162
vt 0.832695 0.444515
vt 0.825455 0.444411
vt 0.870313 0.759787
vt 0.870313 0.816645
vt 0.868295 0.816243
vt 0.868292 0.760104
vt 0.931844 0.232387
vt 0.931697 0.198727
vt 0.933717 0.198510
vt 0.933717 0.232981
vt 0.379223 0.738628
vt 0.404200 0.730952
vt 0.404200 0.764532
vt 0.379698 0.764155
vt 0.949586 0.114205
vt 0.949545 0.086781
vt 0.951817 0.086881
vt 0.951817 0.114644
vt 0.936545 0.368637
vt 0.938542 0.368119
vt 0.938542 0.400670
vt 0.936528 0.400174
vt 0.990044 0.749041
vt 0.991987 0.748609
vt 0.991987 0.764110
vt 0.989953 0.763952
vt 0.960047 0.655909
vt 0.962010 0.655074
vt 0.962010 0.681204
vt 0.959893 0.681081
vt 0.161636 0.340209
vt 0.161636 0.384127
vt 0.119230 0.365186
vt 0.118270 0.338552
vt 0.941279 0.199078
vt 0.943305 0.198510
vt 0.943305 0.229316
vt 0.941264 0.228860
vt 0.154967 0.593990
vt 0.154967 0.637388
vt 0.140971 0.636354
vt 0.118270 0.594359
vt 0.692602 0.583891
vt 0.720279 0.575095
vt 0.720279 0.613689
vt 0.691600 0.613972
vt 0.369421 0.692815
vt 0.369388 0.667339
vt 0.371655 0.667485
vt 0.371655 0.693302
vt 0.020790 0.863113
vt 0.003774 0.864178
vt 0.004897 0.846174
vt 0.020790 0.840298
vt 0.357593 0.751142
vt 0.369844 0.750130
vt 0.369844 0.782111
vt 0.345156 0.782247
vt 0.927826 0.302959
vt 0.927681 0.267381
vt 0.929705 0.267231
vt 0.929705 0.303617
vt 0.283515 0.889042
vt 0.285438 0.888449
vt 0.285438 0.925848
vt 0.283391 0.925561
vt 0.756762 0.629132
vt 0.756762 0.658574
vt 0.728626 0.646549
vt 0.727826 0.627990
vt 0.379439 0.381493
vt 0.379223 0.329039
vt 0.415790 0.329741
vt 0.415790 0.382249
vt 0.219094 0.921487
vt 0.221293 0.920995
vt 0.221293 0.949327
vt 0.219057 0.949436
vt 0.641410 0.512404
vt 0.641410 0.566824
vt 0.630405 0.565694
vt 0.614457 0.510714
vt 0.106428 0.463329
vt 0.052498 0.461653
vt 0.053841 0.444438
vt 0.106428 0.428005
vt 0.102306 0.651454
vt 0.052498 0.648808
vt 0.052887 0.638063
vt 0.102306 0.624778
vt 0.973790 0.498780
vt 0.973748 0.475261
vt 0.975921 0.474975
vt 0.975921 0.499261
vt 0.707106 0.905179
vt 0.707106 0.937976
vt 0.705079 0.937282
vt 0.705075 0.905503
vt 0.242280 0.630477
vt 0.241830 0.619334
vt 0.292220 0.616676
vt 0.292220 0.643970
vt 0.012516 0.394258
vt 0.039466 0.390778
vt 0.039466 0.444768
vt 0.003774 0.434144
vt 0.979329 0.678009
vt 0.979289 0.655389
vt 0.981428 0.655074
vt 0.981428 0.678450
vt 0.922246 0.199098
vt 0.924150 0.198510
vt 0.924150 0.236474
vt 0.922119 0.236199
vt 0.929666 0.615638
vt 0.929666 0.647388
vt 0.927716 0.646717
vt 0.927725 0.615969
vt 0.175282 0.312113
vt 0.175282 0.376289
vt 0.173323 0.375721
vt 0.173281 0.312510
vt 0.194530 0.060095
vt 0.194194 0.003774
vt 0.231921 0.004663
vt 0.231921 0.060884
vt 0.074567 0.968993
vt 0.074371 0.945120
vt 0.076588 0.944989
vt 0.076588 0.969677
vt 0.273874 0.139069
vt 0.310377 0.137960
vt 0.310377 0.193887
vt 0.273485 0.194729
vt 0.370429 0.565398
vt 0.344868 0.564330
vt 0.336307 0.526703
vt 0.370429 0.513664
vt 0.691783 0.511688
vt 0.702582 0.510714
vt 0.702582 0.560593
vt 0.679828 0.552362
vt 0.075006 0.833220
vt 0.074941 0.817974
vt 0.076913 0.817772
vt 0.076913 0.833786
vt 0.445472 0.957174
vt 0.447362 0.956461
vt 0.447362 0.980535
vt 0.445281 0.980407
vt 0.459449 0.267231
vt 0.459449 0.319181
vt 0.441610 0.318161
vt 0.423097 0.268612
vt 0.940273 0.003940
vt 0.947513 0.003774
vt 0.947513 0.020485
vt 0.940273 0.020652
vt 0.810261 0.980888
vt 0.803768 0.981208
vt 0.803769 0.967770
vt 0.810261 0.967450
vt 0.610819 0.974371
vt 0.601781 0.976168
vt 0.601781 0.966593
vt 0.610819 0.964795
vt 0.966331 0.328449
vt 0.966331 0.316461
vt 0.973325 0.318714
vt 0.973325 0.330702
vt 0.806488 0.399857
vt 0.806487 0.383112
vt 0.819907 0.383814
vt 0.819907 0.400559
vt 0.534123 0.979559
vt 0.534123 0.986025
vt 0.529394 0.982187
vt 0.530054 0.977262
vt 0.145215 0.650232
vt 0.144337 0.644935
vt 0.149139 0.647254
vt 0.149139 0.651379
vt 0.983041 0.781692
vt 0.989727 0.779520
vt 0.989727 0.789499
vt 0.981340 0.789776
vt 0.696612 0.977117
vt 0.696612 0.986558
vt 0.689925 0.984237
vt 0.688172 0.976282
vt 0.591734 0.928839
vt 0.581380 0.930988
vt 0.582413 0.919972
vt 0.591734 0.917116
vt 0.927962 0.415583
vt 0.927962 0.427801
vt 0.918670 0.425011
vt 0.917420 0.414075
vt 0.550736 0.992201
vt 0.542361 0.992619
vt 0.543941 0.985716
vt 0.550736 0.983778
vt 0.913738 0.248510
vt 0.923078 0.245778
vt 0.923078 0.257978
vt 0.912459 0.259416
vt 0.591207 0.972436
vt 0.581380 0.973194
vt 0.582873 0.964721
vt 0.591207 0.962555
vt 0.494102 0.921000
vt 0.503500 0.918349
vt 0.503500 0.930483
vt 0.492770 0.931757
vt 0.637369 0.934422
vt 0.626371 0.935365
vt 0.627829 0.924958
vt 0.637369 0.922548
vt 0.572989 0.972990
vt 0.563272 0.973322
vt 0.565147 0.964633
vt 0.572989 0.962594
vt 0.800937 0.924048
vt 0.800937 0.935725
vt 0.791210 0.933399
vt 0.789699 0.923199
vt 0.785769 0.554261
vt 0.795528 0.551908
vt 0.795528 0.563569
vt 0.784259 0.564409
vt 0.959702 0.962472
vt 0.948602 0.962320
vt 0.950614 0.954506
vt 0.959702 0.952680
vt 0.484592 0.967286
vt 0.484592 0.977405
vt 0.476701 0.975450
vt 0.474885 0.967033
vt 0.058909 0.967628
vt 0.066824 0.965685
vt 0.066824 0.975779
vt 0.057078 0.976026
vt 0.951683 0.703121
vt 0.940548 0.702264
vt 0.942719 0.694434
vt 0.951683 0.693120
vt 0.603779 0.947595
vt 0.611789 0.946047
vt 0.611789 0.957248
vt 0.601781 0.956462
vt 0.307533 0.960289
vt 0.297707 0.959784
vt 0.299663 0.950820
vt 0.307533 0.949080
vt 0.838795 0.989121
vt 0.836851 0.982119
vt 0.845991 0.980832
vt 0.845991 0.990091
vt 0.880499 0.635775
vt 0.880499 0.646610
vt 0.872173 0.645477
vt 0.870075 0.637107
vt 0.967044 0.691194
vt 0.967044 0.703106
vt 0.959893 0.700664
vt 0.959893 0.688752
vt 0.958280 0.561267
vt 0.958280 0.549139
vt 0.965343 0.551584
vt 0.965343 0.563712
vt 0.347029 0.968132
vt 0.340069 0.970445
vt 0.340069 0.958144
vt 0.347029 0.955830
vt 0.688172 0.966300
vt 0.688172 0.954391
vt 0.695317 0.956825
vt 0.695317 0.968735
vt 0.321265 0.990261
vt 0.325989 0.988121
vt 0.325989 0.994839
vt 0.136790 0.644935
vt 0.136789 0.650134
vt 0.130714 0.647886
vt 0.803768 0.991446
vt 0.808395 0.988755
vt 0.808395 0.995445
vt 0.692113 0.184570
vt 0.692113 0.189877
vt 0.686219 0.187862
vt 0.123167 0.651355
vt 0.118270 0.649639
vt 0.123167 0.644935
vt 0.968002 0.940283
vt 0.972837 0.938507
vt 0.972837 0.945031
vt 0.711658 0.125772
vt 0.711658 0.130237
vt 0.706129 0.128030
vt 0.723671 0.130237
vt 0.719205 0.128943
vt 0.723671 0.124749
vt 0.819390 0.453446
vt 0.823829 0.452174
vt 0.823829 0.457674
vt 0.631274 0.057204
vt 0.631274 0.062557
vt 0.627147 0.060210
vt 0.626455 0.055289
vt 0.762964 0.129878
vt 0.759034 0.127670
vt 0.762964 0.125413
vt 0.965965 0.788218
vt 0.964087 0.779520
vt 0.973794 0.779767
vt 0.973794 0.790200
vt 0.902818 0.189790
vt 0.900651 0.181702
vt 0.911408 0.180363
vt 0.911408 0.190835
vt 0.476855 0.957817
vt 0.474885 0.948868
vt 0.484769 0.948292
vt 0.484769 0.959486
vt 0.404283 0.878535
vt 0.404283 0.895279
vt 0.392575 0.891505
vt 0.392575 0.881157
vt 0.085282 0.935747
vt 0.084478 0.925346
vt 0.094980 0.927567
vt 0.094980 0.938546
vt 0.428342 0.930607
vt 0.427378 0.919702
vt 0.437734 0.921990
vt 0.437734 0.933497
vt 0.589952 0.980741
vt 0.589952 0.990613
vt 0.583152 0.989097
vt 0.581380 0.981469
vt 0.927089 0.917884
vt 0.927089 0.930039
vt 0.917670 0.927361
vt 0.916320 0.916610
vt 0.331933 0.915820
vt 0.321265 0.918417
vt 0.321662 0.907154
vt 0.331933 0.904098
vt 0.878989 0.918910
vt 0.877860 0.907773
vt 0.888260 0.909734
vt 0.888260 0.921794
vt 0.990708 0.348433
vt 0.995396 0.344683
vt 0.995396 0.350668
vt 0.991348 0.353033
vt 0.164599 0.681331
vt 0.164599 0.686618
vt 0.160555 0.683253
vt 0.161129 0.679204
vt 0.827411 0.990490
vt 0.818826 0.989827
vt 0.820590 0.982168
vt 0.827411 0.980596
vt 0.322480 0.959618
vt 0.321265 0.950438
vt 0.330461 0.951679
vt 0.330461 0.962337
vt 0.118421 0.962941
vt 0.109241 0.964121
vt 0.110463 0.954973
vt 0.118421 0.952314
vt 0.916498 0.499226
vt 0.906323 0.502213
vt 0.906468 0.490340
vt 0.916498 0.487045
vt 0.119594 0.917158
vt 0.109241 0.919223
vt 0.110339 0.908068
vt 0.119594 0.905092
vt 0.985081 0.459368
vt 0.991777 0.457345
vt 0.991777 0.466065
vt 0.983325 0.466746
vt 0.991547 0.956392
vt 0.996226 0.952680
vt 0.996226 0.958658
vt 0.992233 0.960952
vt 0.798345 0.050250
vt 0.798345 0.062469
vt 0.788322 0.059148
vt 0.788251 0.046994
vt 0.799842 0.447727
vt 0.799842 0.458038
vt 0.791117 0.456971
vt 0.788935 0.448997
vt 0.465853 0.904491
vt 0.465853 0.916551
vt 0.455743 0.913344
vt 0.455496 0.901670
vt 0.167583 0.931362
vt 0.157224 0.933550
vt 0.158199 0.922639
vt 0.167583 0.919827
vt 0.465289 0.977353
vt 0.455496 0.977599
vt 0.457289 0.969337
vt 0.465289 0.967385
vt 0.672203 0.956254
vt 0.680124 0.953500
vt 0.680124 0.963178
vt 0.671286 0.965617
vt 0.909681 0.633558
vt 0.918945 0.630663
vt 0.918945 0.642843
vt 0.908476 0.644694
vt 0.908430 0.015067
vt 0.908031 0.003774
vt 0.918632 0.006381
vt 0.918632 0.018123
vt 0.068477 0.926304
vt 0.068477 0.937442
vt 0.058904 0.934662
vt 0.058045 0.924094
vt 0.095341 0.906292
vt 0.095341 0.917799
vt 0.084938 0.914739
vt 0.084478 0.903711
vt 0.114024 0.993757
vt 0.109241 0.996038
vt 0.110113 0.990739
vt 0.114024 0.989616
vt 0.014332 0.973827
vt 0.013698 0.965132
vt 0.022587 0.967425
vt 0.022587 0.976638
vt 0.201906 0.931366
vt 0.200450 0.920995
vt 0.211510 0.921917
vt 0.211510 0.933771
vt 0.200484 0.901314
vt 0.210538 0.898035
vt 0.210538 0.910235
vt 0.200450 0.913448
vt 0.705623 0.954763
vt 0.705075 0.945523
vt 0.714442 0.947956
vt 0.714442 0.957648
vt 0.130044 0.967157
vt 0.128145 0.958135
vt 0.137847 0.958249
vt 0.137847 0.969197
vt 0.297707 0.989935
vt 0.302524 0.986185
vt 0.302524 0.992357
vt 0.298479 0.994570
vt 0.626546 0.911748
vt 0.626371 0.899895
vt 0.636617 0.902846
vt 0.636617 0.915001
vt 0.158779 0.991375
vt 0.163467 0.987644
vt 0.163467 0.993660
vt 0.159461 0.995938
vt 0.926052 0.971816
vt 0.916320 0.971820
vt 0.918246 0.962815
vt 0.926052 0.960862
vt 0.879793 0.955548
vt 0.887624 0.953638
vt 0.887624 0.964702
vt 0.877860 0.964573
vt 0.990708 0.332429
vt 0.995433 0.328777
vt 0.995433 0.334851
vt 0.991338 0.337136
vt 0.736243 0.946962
vt 0.736243 0.957897
vt 0.728394 0.954685
vt 0.727338 0.944869
vt 0.058313 0.904889
vt 0.068427 0.901617
vt 0.068427 0.913684
vt 0.058045 0.916547
vt 0.990224 0.530414
vt 0.995034 0.526694
vt 0.995034 0.532792
vt 0.990936 0.534967
vt 0.921013 0.187054
vt 0.919960 0.176003
vt 0.930296 0.178161
vt 0.930296 0.189902
vt 0.983536 0.990298
vt 0.981779 0.982944
vt 0.990207 0.983556
vt 0.990207 0.992274
vt 0.994965 0.512988
vt 0.994965 0.519147
vt 0.990224 0.515469
vt 0.990865 0.510714
vt 0.555296 0.782963
vt 0.555296 0.788299
vt 0.551192 0.785108
vt 0.551794 0.780933
vt 0.624857 0.975364
vt 0.623049 0.967129
vt 0.632872 0.967409
vt 0.632872 0.977324
vt 0.151232 0.989978
vt 0.151232 0.995991
vt 0.146544 0.992276
vt 0.147164 0.987644
vt 0.927838 0.805589
vt 0.936596 0.804519
vt 0.936596 0.814779
vt 0.925660 0.813522
vt 0.820732 0.964200
vt 0.828529 0.962209
vt 0.828529 0.972837
vt 0.818826 0.973049
vt 0.823240 0.114117
vt 0.823240 0.122177
vt 0.816783 0.121839
vt 0.814892 0.116164
vt 0.456351 0.926885
vt 0.465866 0.924098
vt 0.465866 0.935263
vt 0.455496 0.937478
vt 0.257244 0.989682
vt 0.261988 0.985961
vt 0.261988 0.992312
vt 0.257911 0.994536
vt 0.863893 0.962588
vt 0.863893 0.973191
vt 0.856089 0.971198
vt 0.854188 0.962381
vt 0.513993 0.947544
vt 0.521847 0.944347
vt 0.521847 0.954847
vt 0.512976 0.957471
vt 0.022496 0.954849
vt 0.013698 0.957585
vt 0.013940 0.947708
vt 0.022496 0.944349
vt 0.129859 0.984834
vt 0.128145 0.976744
vt 0.136570 0.977062
vt 0.136570 0.987024
vt 0.942252 0.552833
vt 0.950733 0.549139
vt 0.950733 0.560068
vt 0.942215 0.563459
vt 0.907676 0.935396
vt 0.897151 0.937678
vt 0.897961 0.927314
vt 0.907676 0.924480
vt 0.440351 0.667955
vt 0.440351 0.673774
vt 0.436207 0.670574
vt 0.436774 0.666078
vt 0.443252 0.991217
vt 0.447362 0.988083
vt 0.447362 0.993407
vt 0.443843 0.995393
vt 0.026859 0.801677
vt 0.031667 0.797789
vt 0.031667 0.804249
vt 0.027651 0.806521
vt 0.551301 0.954890
vt 0.542361 0.957024
vt 0.543439 0.947188
vt 0.551301 0.943961
vt 0.670735 0.772756
vt 0.670735 0.782448
vt 0.662790 0.779648
vt 0.661874 0.770251
vt 0.041031 0.907465
vt 0.041031 0.919619
vt 0.031761 0.916736
vt 0.030584 0.905631
vt 0.811843 0.456823
vt 0.807389 0.458038
vt 0.808127 0.453962
vt 0.811843 0.452174
vt 0.347029 0.987400
vt 0.338568 0.988199
vt 0.340340 0.980272
vt 0.347029 0.977992
vt 0.396457 0.954479
vt 0.395412 0.944572
vt 0.404298 0.947165
vt 0.404298 0.957629
vt 0.066824 0.947674
vt 0.066824 0.958138
vt 0.058291 0.954842
vt 0.058045 0.944989
vt 0.221315 0.993322
vt 0.216465 0.995054
vt 0.217252 0.990210
vt 0.221315 0.987970
vt 0.430703 0.554217
vt 0.434876 0.551024
vt 0.434876 0.556823
vt 0.431283 0.558687
vt 0.953498 0.989731
vt 0.953498 0.995038
vt 0.949371 0.992791
vt 0.948602 0.988015
vt 0.129363 0.946885
vt 0.129299 0.936228
vt 0.137847 0.939653
vt 0.137847 0.950588
vt 0.993101 0.116073
vt 0.993101 0.122417
vt 0.988297 0.118622
vt 0.989069 0.113847
vt 0.298168 0.907169
vt 0.308548 0.904165
vt 0.308548 0.915700
vt 0.297707 0.918257
vt 0.728040 0.251805
vt 0.733412 0.252987
vt 0.733412 0.258474
vt 0.725591 0.259244
vt 0.932036 0.563302
vt 0.922972 0.563974
vt 0.925711 0.555587
vt 0.932036 0.556990
vt 0.966395 0.751611
vt 0.964528 0.745542
vt 0.972377 0.743689
vt 0.972377 0.752121
vt 0.681805 0.122483
vt 0.681805 0.128667
vt 0.675226 0.130291
vt 0.672536 0.122331
vt 0.467338 0.894123
vt 0.455496 0.891424
vt 0.455496 0.881114
vt 0.467338 0.877441
vt 0.745815 0.251805
vt 0.745815 0.257131
vt 0.740959 0.258991
vt 0.741622 0.254137
vt 0.899773 0.422648
vt 0.904959 0.422282
vt 0.904959 0.429238
vt 0.898169 0.427560
vt 0.102753 0.575425
vt 0.100006 0.567219
vt 0.109156 0.567712
vt 0.109156 0.573919
vt 0.015565 0.992628
vt 0.013698 0.986248
vt 0.021519 0.984185
vt 0.021519 0.993084
vt 0.377391 0.776475
vt 0.384209 0.773978
vt 0.384209 0.782247
vt 0.378955 0.782239
vt 0.202291 0.984796
vt 0.208260 0.984359
vt 0.208260 0.992610
vt 0.200450 0.990673
vt 0.597698 0.055289
vt 0.603453 0.056815
vt 0.603453 0.062051
vt 0.595192 0.062109
vt 0.659675 0.964400
vt 0.659675 0.974193
vt 0.650954 0.972045
vt 0.650954 0.962253
vt 0.975847 0.075325
vt 0.968929 0.077466
vt 0.968929 0.065339
vt 0.975847 0.063198
vt 0.984576 0.368379
vt 0.991919 0.368119
vt 0.991919 0.378468
vt 0.984576 0.378728
vt 0.403080 0.983918
vt 0.403080 0.993127
vt 0.395233 0.990525
vt 0.396958 0.983958
vt 0.354854 0.966160
vt 0.354854 0.956241
vt 0.363577 0.958534
vt 0.363577 0.968453
vt 0.966074 0.613955
vt 0.972961 0.611888
vt 0.972961 0.624286
vt 0.966075 0.626353
vt 0.910880 0.025670
vt 0.917197 0.027300
vt 0.917197 0.033415
vt 0.908031 0.033815
vt 0.713985 0.966988
vt 0.713985 0.976560
vt 0.705075 0.974766
vt 0.705075 0.965194
vt 0.374610 0.963014
vt 0.383433 0.960796
vt 0.383433 0.970588
vt 0.374610 0.972806
vt 0.736361 0.974985
vt 0.727338 0.976623
vt 0.727339 0.967082
vt 0.736361 0.965444
vt 0.715072 0.884042
vt 0.726654 0.880445
vt 0.726654 0.897126
vt 0.715072 0.894352
vt 0.512976 0.966987
vt 0.521785 0.965018
vt 0.521785 0.974678
vt 0.512976 0.976647
vt 0.981904 0.559449
vt 0.972890 0.559791
vt 0.972890 0.549481
vt 0.981904 0.549139
vt 0.551160 0.974244
vt 0.542361 0.976231
vt 0.542361 0.966557
vt 0.551160 0.964571
vt 0.866118 0.873911
vt 0.866118 0.890519
vt 0.854188 0.887174
vt 0.854188 0.876910
vt 0.630869 0.984871
vt 0.630869 0.993106
vt 0.624911 0.992684
vt 0.623049 0.986800
vt 0.395234 0.974712
vt 0.395233 0.965176
vt 0.404298 0.966834
vt 0.404298 0.976371
vt 0.974895 0.918659
vt 0.974895 0.930960
vt 0.968002 0.928911
vt 0.968002 0.916610
vt 0.953893 0.353350
vt 0.953893 0.360417
vt 0.948635 0.359866
vt 0.946958 0.354765
vt 0.520781 0.993083
vt 0.512976 0.991071
vt 0.514697 0.984605
vt 0.520781 0.984194
vt 0.240561 0.961516
vt 0.249373 0.959289
vt 0.249373 0.969107
vt 0.240561 0.971333
vt 0.735158 0.984170
vt 0.735158 0.993190
vt 0.729060 0.992906
vt 0.727338 0.986379
vt 0.986305 0.223329
vt 0.984630 0.217777
vt 0.991583 0.216552
vt 0.991583 0.224113
vt 0.179073 0.992746
vt 0.171251 0.990861
vt 0.173117 0.984797
vt 0.179073 0.984292
vt 0.788791 0.986638
vt 0.794051 0.985809
vt 0.794051 0.993393
vt 0.787121 0.992212
vt 0.209462 0.975159
vt 0.200450 0.976812
vt 0.200450 0.967276
vt 0.209462 0.965623
vt 0.501713 0.963692
vt 0.501713 0.973351
vt 0.492770 0.971324
vt 0.492770 0.961664
vt 0.435202 0.993284
vt 0.429175 0.993116
vt 0.427378 0.986605
vt 0.435202 0.984064
vt 0.457348 0.985544
vt 0.463408 0.985146
vt 0.463408 0.993221
vt 0.455496 0.991265
vt 0.066120 0.984132
vt 0.066120 0.990360
vt 0.059888 0.991902
vt 0.057078 0.983573
vt 0.845569 0.963467
vt 0.845569 0.973285
vt 0.836852 0.971129
vt 0.836851 0.961312
vt 0.985263 0.078705
vt 0.983396 0.072521
vt 0.991233 0.070599
vt 0.991233 0.079210
vt 0.975849 0.053524
vt 0.968929 0.055650
vt 0.968929 0.043505
vt 0.975849 0.041379
vt 0.482749 0.993082
vt 0.474885 0.991133
vt 0.476746 0.985345
vt 0.482749 0.984953
vt 0.974832 0.151936
vt 0.974832 0.160082
vt 0.969564 0.159506
vt 0.968057 0.153564
vt 0.964263 0.872898
vt 0.972954 0.870638
vt 0.972954 0.880544
vt 0.964263 0.882804
vt 0.967249 0.964678
vt 0.967249 0.952680
vt 0.974232 0.954924
vt 0.974232 0.966923
vt 0.037406 0.964994
vt 0.030438 0.967328
vt 0.030439 0.955045
vt 0.037406 0.952711
vt 0.706940 0.984484
vt 0.712928 0.984107
vt 0.712928 0.993159
vt 0.705075 0.990950
vt 0.289770 0.970992
vt 0.282881 0.973052
vt 0.282881 0.960662
vt 0.289770 0.958602
vt 0.964335 0.420616
vt 0.964335 0.408217
vt 0.971244 0.410377
vt 0.971244 0.422775
vt 0.966074 0.635728
vt 0.975103 0.633900
vt 0.975103 0.643472
vt 0.966074 0.645300
vt 0.874488 0.117850
vt 0.874488 0.107574
vt 0.886411 0.104622
vt 0.886411 0.121250
vt 0.964263 0.902741
vt 0.964263 0.890351
vt 0.971169 0.892533
vt 0.971169 0.904923
vt 0.851114 0.062114
vt 0.837688 0.062669
vt 0.837688 0.045988
vt 0.851114 0.045432
vt 0.698582 0.130218
vt 0.689352 0.130237
vt 0.692110 0.122331
vt 0.698582 0.124127
vt 0.748216 0.970982
vt 0.748216 0.961308
vt 0.757145 0.963363
vt 0.757145 0.973037
vt 0.180174 0.967170
vt 0.180174 0.976745
vt 0.171251 0.974976
vt 0.171251 0.965401
vt 0.898736 0.992357
vt 0.897151 0.987341
vt 0.904075 0.985859
vt 0.904075 0.992926
vt 0.866941 0.104864
vt 0.866941 0.121491
vt 0.853505 0.121250
vt 0.853505 0.104622
vt 0.885407 0.929463
vt 0.885407 0.946091
vt 0.877860 0.945968
vt 0.877860 0.929341
vt 0.362044 0.932067
vt 0.362044 0.948694
vt 0.354854 0.948645
vt 0.354854 0.932017
vt 0.601781 0.983765
vt 0.608972 0.983715
vt 0.608972 0.993979
vt 0.601781 0.994030
vt 0.983468 0.480085
vt 0.991525 0.474975
vt 0.991525 0.485252
vt 0.340069 0.931602
vt 0.347307 0.931452
vt 0.347307 0.948133
vt 0.340069 0.948283
vt 0.957812 0.970192
vt 0.957812 0.980468
vt 0.948602 0.980295
vt 0.948602 0.970019
vt 0.306785 0.968289
vt 0.306785 0.978638
vt 0.297708 0.978185
vt 0.297707 0.967836
vt 0.626371 0.942954
vt 0.632872 0.942912
vt 0.632872 0.959540
vt 0.626371 0.959582
vt 0.934555 0.980837
vt 0.934555 0.967399
vt 0.941047 0.967719
vt 0.941047 0.981157
vt 0.985446 0.310339
vt 0.992636 0.310289
vt 0.992636 0.320566
vt 0.985446 0.320615
vt 0.925033 0.979367
vt 0.925033 0.989286
vt 0.916320 0.984816
vt 0.984453 0.267353
vt 0.992000 0.267231
vt 0.992000 0.277507
vt 0.984453 0.277629
vt 0.862837 0.980738
vt 0.862837 0.990530
vt 0.854188 0.986421
vt 0.519775 0.891620
vt 0.519775 0.881271
vt 0.531469 0.878633
vt 0.531469 0.895377
vt 0.328736 0.942645
vt 0.321265 0.942891
vt 0.321266 0.926210
vt 0.328736 0.925964
vt 0.964563 0.824793
vt 0.971655 0.822435
vt 0.971655 0.834344
vt 0.964563 0.836702
vt 0.695503 0.930099
vt 0.695503 0.946844
vt 0.688172 0.946604
vt 0.688172 0.929859
vt 0.946381 0.169971
vt 0.946381 0.186716
vt 0.939038 0.186455
vt 0.939038 0.169711
vt 0.281574 0.985543
vt 0.289770 0.980599
vt 0.289770 0.990948
vt 0.980515 0.811335
vt 0.974015 0.811662
vt 0.974015 0.798224
vt 0.980515 0.797897
vt 0.171251 0.957842
vt 0.171251 0.941097
vt 0.177706 0.941109
vt 0.177706 0.957854
vt 0.810261 0.959881
vt 0.803753 0.959903
vt 0.803753 0.943295
vt 0.810261 0.943272
vt 0.967249 0.974481
vt 0.973704 0.974469
vt 0.973704 0.987907
vt 0.967249 0.987919
vt 0.200450 0.941331
vt 0.206905 0.941318
vt 0.206905 0.958063
vt 0.200450 0.958075
vt 0.659595 0.981740
vt 0.659595 0.991315
vt 0.650954 0.987280
vt 0.886841 0.972391
vt 0.886841 0.982667
vt 0.877860 0.982526
vt 0.877860 0.972249
vt 0.257397 0.956950
vt 0.257397 0.940239
vt 0.263865 0.940287
vt 0.263865 0.956998
vt 0.968057 0.142328
vt 0.968057 0.130045
vt 0.974946 0.132106
vt 0.974946 0.144389
vt 0.240561 0.951691
vt 0.240561 0.935083
vt 0.247752 0.935133
vt 0.247752 0.951742
vt 0.613304 0.880913
vt 0.613304 0.897540
vt 0.601781 0.894198
vt 0.601781 0.883922
vt 0.963617 0.304281
vt 0.956488 0.306762
vt 0.956488 0.294765
vt 0.963617 0.292283
vt 0.680265 0.973284
vt 0.680265 0.983548
vt 0.671286 0.983429
vt 0.671286 0.973164
vt 0.991024 0.503063
vt 0.983468 0.503152
vt 0.983468 0.492888
vt 0.991024 0.492799
vt 0.249287 0.988786
vt 0.240561 0.984287
vt 0.249287 0.978880
vt 0.618908 0.055289
vt 0.618908 0.062288
vt 0.612783 0.062170
vt 0.611000 0.057144
vt 0.638792 0.383945
vt 0.638792 0.400553
vt 0.625355 0.400358
vt 0.625355 0.383749
vt 0.964087 0.762054
vt 0.972778 0.759787
vt 0.972778 0.769706
vt 0.964087 0.771973
vt 0.109241 0.981933
vt 0.109241 0.971668
vt 0.118455 0.971804
vt 0.118455 0.982069
vt 0.981091 0.689078
vt 0.981091 0.702516
vt 0.974591 0.702189
vt 0.974591 0.688752
vt 0.796206 0.943294
vt 0.796206 0.959903
vt 0.789699 0.959881
vt 0.789699 0.943272
vt 0.787121 0.977799
vt 0.787121 0.967450
vt 0.796207 0.967913
vt 0.796207 0.978262
vt 0.941055 0.943225
vt 0.941055 0.959852
vt 0.934555 0.959810
vt 0.934555 0.943183
vt 0.572043 0.980869
vt 0.572043 0.990406
vt 0.563272 0.986324
vt 0.991871 0.198677
vt 0.991871 0.209005
vt 0.984630 0.208838
vt 0.984630 0.198510
vt 0.418426 0.985314
vt 0.411961 0.985505
vt 0.411961 0.972067
vt 0.418426 0.971877
vt 0.030584 0.894769
vt 0.030584 0.884504
vt 0.042104 0.881475
vt 0.042104 0.898084
vt 0.411961 0.952342
vt 0.419101 0.949868
vt 0.419101 0.961856
vt 0.411961 0.964330
vt 0.983877 0.014102
vt 0.983877 0.003774
vt 0.991329 0.004023
vt 0.991329 0.014351
vt 0.756877 0.980584
vt 0.756877 0.990490
vt 0.748216 0.984863
vt 0.906305 0.977914
vt 0.897151 0.978312
vt 0.897151 0.967984
vt 0.906305 0.967585
vt 0.985257 0.408408
vt 0.985257 0.421846
vt 0.978792 0.421655
vt 0.978792 0.408217
vt 0.950320 0.408265
vt 0.956788 0.408217
vt 0.956788 0.424929
vt 0.950320 0.424977
vt 0.090955 0.968663
vt 0.090955 0.982100
vt 0.084479 0.981891
vt 0.084478 0.968453
vt 0.157225 0.957778
vt 0.157224 0.941097
vt 0.163704 0.941153
vt 0.163704 0.957834
vt 0.374610 0.984672
vt 0.383266 0.980353
vt 0.383266 0.990272
vt 0.776429 0.958626
vt 0.776429 0.968532
vt 0.767701 0.966235
vt 0.767701 0.956329
vt 0.321266 0.970246
vt 0.330284 0.969884
vt 0.330284 0.980212
vt 0.321265 0.980574
vt 0.096068 0.896164
vt 0.084478 0.893412
vt 0.084479 0.883084
vt 0.096068 0.879453
vt 0.959423 0.810042
vt 0.959423 0.797897
vt 0.966468 0.800337
vt 0.966468 0.812482
vt 0.983877 0.032208
vt 0.983877 0.021898
vt 0.991347 0.022144
vt 0.991347 0.032454
vt 0.971637 0.856161
vt 0.964563 0.858516
vt 0.964563 0.846604
vt 0.971637 0.844249
vt 0.419413 0.942072
vt 0.411961 0.942321
vt 0.411961 0.925610
vt 0.419413 0.925361
vt 0.058045 0.881054
vt 0.069871 0.877358
vt 0.069871 0.894070
vt 0.058046 0.891382
vt 0.992684 0.292433
vt 0.992684 0.302742
vt 0.985446 0.302592
vt 0.985446 0.292283
vt 0.501521 0.990439
vt 0.492770 0.986349
vt 0.501521 0.980898
vt 0.832455 0.170727
vt 0.845880 0.170144
vt 0.845880 0.186855
vt 0.832455 0.187439
vt 0.436441 0.966976
vt 0.436441 0.976517
vt 0.427378 0.974869
vt 0.427378 0.965328
vt 0.146544 0.969788
vt 0.155707 0.969405
vt 0.155707 0.979714
vt 0.146544 0.980098
vt 0.985192 0.903789
vt 0.978716 0.903998
vt 0.978716 0.890560
vt 0.985192 0.890351
vt 0.946537 0.484305
vt 0.946537 0.500914
vt 0.938981 0.500825
vt 0.938981 0.484216
vt 0.984576 0.386515
vt 0.991907 0.386275
vt 0.991907 0.396624
vt 0.984576 0.396864
vt 0.427378 0.941099
vt 0.433857 0.941044
vt 0.433857 0.957725
vt 0.427378 0.957781
vt 0.705483 0.189924
vt 0.699660 0.187775
vt 0.705483 0.184570
vt 0.939251 0.988704
vt 0.939251 0.995433
vt 0.934555 0.991216
vt 0.986963 0.611900
vt 0.986963 0.625338
vt 0.980509 0.625326
vt 0.980508 0.611888
vn 0.4596 -0.1900 0.8676
vn 0.4593 -0.1899 0.8677
vn 0.4600 -0.1901 0.8673
vn 0.4986 0.1626 0.8514
vn 0.5161 0.1629 0.8409
vn 0.5188 0.1506 0.8416
vn -0.3429 -0.3511 0.8713
vn 0.4982 0.0401 -0.8661
vn -0.5027 0.7733 0.3864
vn 0.3626 -0.3172 0.8763
vn 0.9980 0.0626 0.0126
vn -0.4945 -0.0611 0.8670
vn 0.4896 -0.0950 -0.8668
vn -0.9832 0.1820 -0.0119
vn -0.8184 -0.5737 0.0321
vn 0.5177 0.5312 0.6707
vn 0.5174 0.5307 0.6713
vn -0.7756 -0.6308 0.0254
vn 0.9017 0.4308 -0.0375
vn 0.9567 0.2900 -0.0245
vn 0.9567 0.2901 -0.0248
vn -0.4710 0.1534 -0.8687
vn -0.1378 0.8020 -0.5812
vn -0.1372 0.8020 -0.5814
vn -0.1366 0.8019 -0.5816
vn -0.5225 -0.0410 0.8517
vn -0.5229 -0.0410 0.8514
vn 0.4244 0.2081 -0.8812
vn 0.4240 0.2080 -0.8814
vn 0.4241 0.2081 -0.8814
vn 0.4402 -0.2926 0.8489
vn 0.4410 -0.2925 0.8485
vn 0.4411 -0.2925 0.8485
vn 0.4401 -0.2926 0.8490
vn -0.8826 -0.4687 0.0358
vn 0.5364 0.0818 -0.8400
vn 0.4641 -0.0302 0.8853
vn 0.4303 0.7697 -0.4716
vn -0.2757 0.7556 -0.5942
vn 0.0930 0.7694 -0.6319
vn 0.4208 0.8130 0.4026
vn 0.6941 0.7185 -0.0449
vn 0.2571 0.7517 -0.6073
vn -0.0027 0.8903 -0.4553
vn 0.8547 -0.5156 -0.0604
vn 0.0593 0.9105 0.4092
vn -0.5269 -0.2062 0.8245
vn 0.2411 0.9702 -0.0260
vn 0.3867 0.9162 -0.1051
vn -0.0486 0.8308 0.5545
vn -0.6451 0.3201 0.6938
vn -0.6454 0.3204 0.6933
vn -0.9866 0.1435 0.0773
vn -0.0515 0.7370 0.6740
vn 0.1234 0.6754 -0.7271
vn -0.6912 0.7226 -0.0042
vn 0.4884 0.2957 0.8210
vn 0.4886 0.2962 0.8207
vn 0.9336 0.3306 0.1383
vn -0.6361 0.7579 0.1450
vn 0.3646 0.5336 -0.7631
vn -0.2818 0.5081 0.8139
vn 0.1574 0.7147 0.6815
vn -0.3000 0.6558 0.6928
vn -0.6247 0.3669 -0.6893
vn 0.5776 0.5906 -0.5636
vn 0.5046 0.4960 -0.7066
vn 0.4929 0.5090 0.7056
vn 0.4928 0.5087 0.7060
vn 0.3683 0.6750 0.6393
vn 0.9044 0.4266 0.0064
vn 0.4669 -0.1829 -0.8652
vn -0.0673 0.8006 -0.5954
vn 0.2041 0.9782 0.0373
vn 0.2037 0.9783 0.0376
vn -0.7335 0.3836 -0.5611
vn -0.6295 0.5317 0.5666
vn -0.2320 0.9670 -0.1049
vn 0.2286 0.9190 0.3212
vn -0.5246 0.8359 -0.1618
vn -0.5256 0.8353 -0.1612
vn -0.5252 0.8355 -0.1614
vn -0.2966 0.9133 0.2792
vn -0.6583 0.4955 -0.5667
vn -0.0018 0.9777 0.2099
vn 0.0664 0.7780 0.6248
vn 0.6110 0.7850 -0.1023
vn -0.4937 0.6330 -0.5963
vn -0.9304 0.3661 0.0158
vn 0.8003 0.5486 0.2420
vn 0.5307 0.8371 -0.1327
vn 0.5303 0.8373 -0.1329
vn -0.7603 0.6431 -0.0909
vn -0.0730 0.9412 0.3298
vn 0.2656 0.9609 -0.0783
vn 0.5223 0.8520 -0.0355
vn 0.5315 -0.1546 -0.8328
vn -0.3130 -0.3865 0.8676
vn -0.3125 -0.3864 0.8678
vn 0.4191 0.2216 -0.8805
vn 0.4200 0.2218 -0.8800
vn -0.4242 -0.2180 0.8790
vn -0.4389 -0.2971 -0.8480
vn 0.4960 -0.0637 0.8660
vn 0.9850 -0.1724 0.0091
vn 0.9776 -0.2017 0.0601
vn 0.9776 -0.2018 0.0604
vn -0.9598 -0.2800 0.0202
vn 0.4881 -0.1785 -0.8544
vn -0.5010 0.0374 0.8646
vn -0.5013 0.0373 0.8645
vn 0.9473 -0.3201 -0.0087
vn 0.5080 -0.3086 -0.8042
vn -0.4835 -0.2367 -0.8427
vn -0.5062 -0.0777 -0.8589
vn 0.9892 -0.1437 0.0302
vn 0.5018 -0.0395 -0.8641
vn -0.9849 0.1112 -0.1326
vn -0.9776 0.2100 -0.0112
vn -0.9777 0.2099 -0.0109
vn -0.9885 0.1300 -0.0778
vn -0.4502 -0.3271 -0.8308
vn -0.4677 -0.0331 -0.8833
vn -0.4722 -0.1038 0.8753
vn -0.4816 -0.2455 -0.8413
vn -0.2205 0.8052 -0.5505
vn -0.8611 0.5064 -0.0458
vn -0.8610 0.5066 -0.0460
vn -0.8613 0.5060 -0.0455
vn -0.5165 -0.0162 0.8561
vn -0.5174 -0.0159 0.8556
vn -0.4122 -0.3275 -0.8502
vn -0.9971 -0.0730 -0.0194
vn -0.9971 -0.0728 -0.0198
vn -0.5053 0.0775 -0.8595
vn 0.8836 -0.4643 0.0611
vn 0.3422 -0.5560 0.7575
vn -0.2975 0.6447 -0.7041
vn -0.4229 -0.3405 -0.8397
vn 0.4893 0.1107 0.8651
vn 0.8836 0.4670 -0.0355
vn 0.8835 0.4671 -0.0350
vn -0.5293 0.0370 0.8476
vn 0.4619 -0.3198 -0.8272
vn 0.5137 0.0953 0.8526
vn -0.4449 0.6103 0.6554
vn 0.7680 0.6372 -0.0653
vn -0.5736 -0.0154 0.8190
vn 0.9921 0.1239 -0.0208
vn -0.5880 0.4060 0.6996
vn -0.9719 0.2347 0.0199
vn -0.9996 0.0286 -0.0027
vn -0.4521 0.4675 -0.7596
vn -0.9628 -0.2684 0.0306
vn -0.9629 -0.2683 0.0302
vn -0.9628 -0.2684 0.0310
vn -0.9628 -0.2684 0.0311
vn -0.4478 0.2582 -0.8560
vn -0.4473 0.2581 -0.8563
vn -0.4480 0.2582 -0.8559
vn -0.1568 -0.5531 0.8183
vn -0.8166 -0.3189 0.4811
vn 0.6833 -0.6169 0.3904
vn 0.2737 -0.5367 0.7981
vn -0.2282 0.9729 0.0382
vn -0.3305 -0.9390 0.0952
vn -0.3305 -0.9390 0.0955
vn -0.3306 -0.9390 0.0943
vn 0.6115 -0.1993 0.7658
vn -0.1243 -0.6248 0.7708
vn -0.0043 -0.3771 -0.9262
vn -0.2641 -0.9348 0.2374
vn -0.2644 -0.9349 0.2369
vn 0.5146 0.8574 -0.0113
vn -0.6290 -0.7213 -0.2900
vn -0.1212 -0.9162 -0.3820
vn -0.1214 -0.9161 -0.3821
vn -0.0396 -0.9798 0.1958
vn -0.0740 -0.5152 0.8539
vn -0.0741 -0.5156 0.8536
vn -0.0715 0.9767 0.2024
vn 0.0448 0.9538 0.2971
vn 0.0145 0.9318 -0.3626
vn 0.3284 0.9394 -0.0981
vn -0.9881 -0.1441 -0.0530
vn 0.2557 -0.9585 -0.1260
vn -0.3405 -0.1616 0.9263
vn -0.9649 -0.1891 -0.1825
vn 0.4453 -0.3602 -0.8197
vn 0.1823 0.9713 0.1529
vn 0.1819 0.9713 0.1531
vn 0.0758 0.8609 0.5030
vn -0.3646 -0.2519 -0.8965
vn -0.3646 -0.2523 -0.8963
vn 0.8259 -0.3201 -0.4641
vn 0.0068 0.9885 -0.1513
vn 0.0225 0.9770 -0.2121
vn 0.2640 0.9356 -0.2346
vn -0.0421 -0.9527 -0.3009
vn -0.0114 -0.9312 0.3643
vn 0.0976 0.8879 0.4496
vn 0.0236 -0.9142 0.4047
vn -0.2903 -0.4476 0.8458
vn -0.2904 -0.4474 0.8459
vn 0.8525 -0.3283 0.4068
vn -0.4350 -0.1120 -0.8934
vn -0.7724 -0.0381 0.6340
vn 0.8286 0.0061 -0.5598
vn -0.0791 0.9963 0.0345
vn 0.1254 -0.6971 -0.7059
vn 0.6100 -0.2536 -0.7507
vn -0.1465 0.9826 0.1143
vn 0.5720 0.8199 0.0256
vn 0.2406 0.9079 0.3433
vn 0.0323 -0.2895 -0.9566
vn 0.0327 -0.2903 -0.9564
vn 0.0952 -0.9915 0.0882
vn 0.1551 0.9810 -0.1169
vn 0.1793 -0.9724 -0.1491
vn -0.9431 -0.2061 0.2608
vn 0.4679 0.8820 0.0566
vn 0.4675 0.8821 0.0569
vn 0.4676 0.8821 0.0568
vn 0.7041 -0.4791 -0.5240
vn 0.7955 -0.6014 -0.0742
vn 0.3502 0.9327 0.0859
vn 0.8130 0.4251 0.3979
vn 0.7587 -0.6260 -0.1803
vn 0.2607 0.8724 -0.4136
vn 0.2363 -0.6260 0.7432
vn -0.3549 -0.9311 -0.0843
vn -0.4926 -0.8642 -0.1026
vn 0.2205 -0.5361 0.8148
vn -0.3078 0.9343 -0.1798
vn 0.3101 0.4073 0.8591
vn 0.6418 0.3646 0.6747
vn 0.1544 0.8757 -0.4575
vn 0.2778 0.7691 0.5755
vn 0.4852 0.5515 -0.6786
vn 0.1415 0.6492 -0.7473
vn -0.1630 0.8752 0.4556
vn 0.4820 0.8720 -0.0850
vn -0.7541 0.6277 -0.1931
vn -0.8196 0.5487 0.1649
vn 0.4384 0.7687 0.4656
vn 0.0819 0.9263 -0.3677
vn -0.5577 0.4774 0.6790
vn -0.2491 0.3940 0.8847
vn 0.5479 0.8300 -0.1047
vn -0.4472 0.7291 -0.5181
vn 0.8937 0.4007 0.2018
vn 0.8735 0.4554 -0.1721
vn -0.2078 0.9002 0.3828
vn -0.1635 0.8129 0.5590
vn 0.8087 0.5334 -0.2478
vn 0.5902 0.6085 -0.5305
vn -0.4210 0.8891 0.1793
vn 0.5584 0.7046 0.4379
vn 0.0819 0.6587 -0.7480
vn -0.2484 0.7276 -0.6395
vn 0.0145 0.8034 0.5952
vn 0.5654 0.8203 0.0860
vn -0.5756 0.6945 -0.4318
vn -0.7597 0.6381 -0.1253
vn 0.3204 0.7364 0.5959
vn 0.4735 0.7352 -0.4851
vn -0.5224 0.8077 0.2732
vn -0.3556 0.7344 0.5781
vn 0.7973 0.6033 -0.0205
vn -0.4662 0.8843 -0.0250
vn 0.6326 0.5410 0.5542
vn 0.8228 0.5170 0.2360
vn -0.1904 0.8431 -0.5029
vn -0.2094 0.9025 -0.3764
vn 0.1152 0.5603 0.8202
vn 0.4733 0.4760 0.7412
vn 0.3093 0.7888 -0.5312
vn 0.9068 0.4157 -0.0707
vn -0.4895 0.8184 -0.3009
vn -0.5383 0.8309 -0.1410
vn 0.8498 0.4072 0.3348
vn -0.7046 0.7080 0.0486
vn 0.3601 0.5507 -0.7531
vn -0.3694 0.9138 0.1687
vn -0.1340 0.9222 0.3628
vn 0.6725 0.5396 -0.5066
vn 0.4076 0.8244 0.3927
vn 0.5395 0.8383 0.0793
vn 0.4833 0.2288 0.8450
vn 0.2359 0.9258 -0.2953
vn -0.0795 0.9674 -0.2403
vn -0.1283 0.3146 0.9405
vn -0.2218 0.9541 -0.2011
vn 0.3095 -0.9339 0.1790
vn -0.3079 -0.4082 -0.8594
vn -0.6442 -0.3646 -0.6724
vn -0.1562 -0.8747 0.4589
vn -0.2793 -0.7684 -0.5758
vn -0.4868 -0.5514 0.6775
vn -0.1390 -0.6500 0.7471
vn 0.1646 -0.8751 -0.4551
vn -0.4823 -0.8717 0.0867
vn 0.7530 -0.6285 0.1948
vn 0.8193 -0.5483 -0.1679
vn -0.4384 -0.7674 -0.4679
vn -0.0804 -0.9260 0.3689
vn 0.5588 -0.4784 -0.6774
vn 0.2460 -0.3936 -0.8857
vn -0.5498 -0.8288 0.1039
vn 0.4448 -0.7280 0.5217
vn -0.8931 -0.4010 -0.2038
vn -0.8726 -0.4561 0.1749
vn 0.2076 -0.8993 -0.3850
vn 0.1623 -0.8121 -0.5604
vn -0.8094 -0.5335 0.2455
vn -0.5876 -0.6093 0.5323
vn 0.4220 -0.8890 -0.1777
vn -0.5599 -0.7036 -0.4376
vn -0.0839 -0.6586 0.7478
vn 0.2506 -0.7281 0.6380
vn -0.0123 -0.8029 -0.5960
vn -0.5663 -0.8198 -0.0845
vn 0.5738 -0.6951 0.4330
vn 0.7605 -0.6377 0.1223
vn -0.3195 -0.7350 -0.5981
vn -0.4725 -0.7348 0.4867
vn 0.5226 -0.8083 -0.2712
vn 0.3535 -0.7337 -0.5803
vn -0.7986 -0.6016 0.0187
vn 0.4673 -0.8838 0.0233
vn -0.6308 -0.5417 -0.5556
vn -0.8238 -0.5170 -0.2327
vn 0.1893 -0.8420 0.5051
vn 0.2111 -0.9022 0.3760
vn -0.1133 -0.5612 -0.8199
vn -0.4760 -0.4755 -0.7398
vn -0.3113 -0.7875 0.5319
vn -0.9087 -0.4121 0.0659
vn 0.4894 -0.8184 0.3013
vn 0.5386 -0.8308 0.1403
vn -0.8524 -0.4034 -0.3328
vn 0.7055 -0.7067 -0.0525
vn -0.3607 -0.5492 0.7538
vn 0.3710 -0.9136 -0.1663
vn 0.1305 -0.9219 -0.3647
vn -0.6737 -0.5380 0.5067
vn -0.4052 -0.8245 -0.3949
vn -0.5401 -0.8383 -0.0749
vn -0.4858 -0.2270 -0.8441
vn -0.2386 -0.9253 0.2946
vn 0.0831 -0.9675 0.2388
vn 0.1320 -0.3135 -0.9404
vn 0.2219 -0.9536 0.2036
vn -0.2179 -0.3994 0.8905
vn -0.6058 -0.3165 0.7300
vn 0.0408 -0.9317 -0.3609
vn -0.5437 -0.7134 0.4420
vn 0.2288 0.9534 -0.1966
vn -0.5944 -0.1358 -0.7926
vn -0.2317 -0.9515 0.2023
vn 0.1018 0.7179 0.6887
vn 0.4636 -0.8769 0.1268
vn -0.0655 0.9893 -0.1303
vn -0.0653 0.9894 -0.1300
vn -0.0650 0.9894 -0.1298
vn -0.0993 -0.3408 -0.9349
vn -0.4697 0.7918 0.3904
vn 0.3906 0.8989 0.1985
vn 0.0683 -0.9891 0.1302
vn 0.0686 -0.9891 0.1306
vn 0.0689 -0.9890 0.1309
vn -0.4918 -0.8699 -0.0385
vn -0.4915 -0.8700 -0.0385
vn 0.7511 -0.2880 -0.5941
vn 0.0891 -0.9514 -0.2947
vn 0.0240 -0.9450 0.3262
vn 0.0243 -0.9450 0.3260
vn 0.0644 -0.9840 0.1662
vn 0.0641 -0.9840 0.1662
vn 0.4827 -0.4872 0.7277
vn -0.5125 -0.8577 -0.0405
vn 0.2437 -0.9040 -0.3514
vn 0.3229 0.8635 0.3874
vn -0.6217 -0.1886 -0.7602
vn 0.6953 -0.5431 -0.4707
vn 0.5442 -0.4477 -0.7096
vn -0.3947 -0.8967 -0.2001
vn 0.8365 -0.5296 0.1409
vn 0.8692 0.4698 -0.1541
vn 0.7783 -0.5388 0.3224
vn 0.1651 -0.4715 -0.8663
vn -0.9592 -0.1709 0.2251
vn -0.1416 0.9879 0.0632
vn 0.3182 0.8675 0.3823
vn 0.7060 -0.5563 0.4383
vn -0.4556 -0.1865 0.8704
vn 0.6838 -0.5887 0.4311
vn -0.7738 -0.2186 -0.5945
vn -0.5530 -0.5214 0.6498
vn -0.4804 -0.5689 -0.6675
vn -0.1045 0.9811 -0.1631
vn -0.9659 -0.2535 -0.0519
vn -0.9659 -0.2537 -0.0521
vn -0.9658 -0.2540 -0.0523
vn -0.8037 -0.3075 -0.5094
vn -0.8037 -0.3078 -0.5092
vn 0.3815 -0.4825 -0.7885
vn -0.0119 -0.5076 0.8615
vn 0.6210 -0.5986 0.5060
vn 0.4212 -0.8902 -0.1735
vn -0.8963 -0.4307 0.1059
vn -0.9719 -0.2329 0.0341
vn -0.9899 0.0652 -0.1262
vn -0.4583 -0.3487 0.8175
vn -0.1767 0.9734 0.1457
vn 0.0040 -0.1723 -0.9850
vn -0.3209 -0.8628 -0.3907
vn 0.9212 0.3888 0.0156
vn -0.9801 0.1352 -0.1455
vn -0.5526 -0.8127 -0.1846
vn -0.9832 -0.1775 0.0434
vn -0.0198 0.9146 -0.4040
vn -0.9480 -0.2188 -0.2314
vn 0.6707 -0.5996 0.4366
vn 0.5684 0.7525 0.3327
vn 0.7671 -0.6269 -0.1359
vn -0.4216 -0.8811 0.2143
vn -0.8152 -0.1717 -0.5532
vn -0.3888 0.7340 0.5568
vn 0.2352 -0.4399 -0.8667
vn -0.4624 0.8774 -0.1281
vn -0.8616 -0.2127 -0.4609
vn -0.9638 -0.0941 -0.2494
vn -0.0920 0.9921 -0.0855
vn 0.3901 -0.1980 -0.8992
vn 0.1018 0.9339 -0.3426
vn 0.1015 0.9341 -0.3423
vn 0.9989 0.0299 -0.0349
vn -0.1934 0.9794 0.0588
vn 0.4333 -0.3974 -0.8089
vn -0.0506 -0.6446 0.7628
vn 0.8880 -0.2998 -0.3486
vn -0.5330 -0.3493 0.7706
vn -0.9795 -0.1954 0.0499
vn 0.7496 -0.4698 -0.4663
vn 0.5013 -0.8413 -0.2022
vn 0.7549 -0.6014 -0.2617
vn 0.6877 -0.4966 -0.5295
vn 0.3345 0.9261 -0.1745
vn 0.4413 -0.5646 0.6975
vn -0.1818 -0.9711 -0.1547
vn -0.1822 -0.9710 -0.1545
vn -0.1813 -0.9712 -0.1549
vn -0.4793 -0.8058 -0.3478
vn -0.0086 -0.8878 -0.4602
vn -0.5013 -0.6172 -0.6065
vn 0.6206 0.4632 0.6327
vn -0.0286 -0.9594 -0.2807
vn 0.0501 0.8990 0.4351
vn 0.0497 0.8991 0.4349
vn 0.0723 -0.9796 0.1875
vn 0.0716 -0.9797 0.1875
vn 0.0720 -0.9796 0.1875
vn -0.5661 -0.4933 0.6604
vn -0.0998 0.9702 0.2208
vn 0.0601 -0.9601 -0.2731
vn 0.0606 -0.9601 -0.2731
vn -0.3411 -0.9103 0.2347
vn 0.5018 -0.1179 0.8569
vn 0.1113 -0.1490 -0.9826
vn -0.9072 -0.2282 -0.3535
vn 0.6849 -0.2438 -0.6866
vn 0.8768 -0.4805 -0.0161
vn -0.5471 -0.8188 0.1742
vn 0.6907 -0.2194 0.6891
vn -0.4555 -0.1666 -0.8745
vn -0.7922 -0.3260 0.5159
vn -0.2377 -0.3167 -0.9183
vn 0.7695 -0.4148 0.4856
vn 0.2199 0.5877 -0.7786
vn 0.8481 -0.3813 -0.3680
vn -0.2630 -0.5116 -0.8179
vn -0.7073 -0.0315 0.7062
vn -0.9961 -0.0433 -0.0769
vn -0.4679 0.3238 0.8223
vn 0.4951 0.6206 0.6081
vn -0.5177 -0.1685 -0.8388
vn 0.5359 -0.5777 -0.6157
vn 0.3899 0.8815 0.2662
vn -0.1479 -0.2993 -0.9426
vn -0.7937 -0.2478 -0.5555
vn 0.1697 -0.1943 -0.9662
vn -0.7552 -0.2235 -0.6162
vn -0.4668 -0.5114 0.7215
vn -0.4670 -0.5111 0.7216
vn -0.5121 -0.8023 0.3067
vn 0.1703 0.2895 0.9419
vn 0.5525 0.6815 -0.4798
vn -0.1408 -0.7148 0.6850
vn 0.9364 -0.0002 0.3508
vn 0.5692 -0.5796 0.5832
vn 0.3209 -0.2032 -0.9251
vn 0.6533 -0.7567 0.0247
vn -0.4996 -0.8091 0.3093
vn 0.3225 -0.9418 -0.0950
vn -0.9603 -0.2142 0.1789
vn 0.5084 0.8036 -0.3095
vn 0.5088 0.8036 -0.3088
vn -0.4989 0.8148 -0.2952
vn 0.5186 -0.5658 0.6410
vn 0.1067 -0.4252 -0.8988
vn 0.2897 -0.7884 -0.5426
vn 0.2896 -0.7880 -0.5433
vn -0.5937 0.5983 -0.5381
vn -0.0557 0.9609 0.2713
vn 0.6606 -0.5836 -0.4724
vn 0.4888 0.8715 0.0407
vn 0.4885 0.8716 0.0406
vn 0.4881 0.8719 0.0406
vn 0.0162 -0.5250 0.8509
vn -0.9320 -0.2811 0.2288
vn 0.1719 0.7543 -0.6336
vn -0.6765 -0.1253 -0.7257
vn -0.1550 0.9736 0.1675
vn -0.4695 -0.5075 0.7225
vn 0.3065 -0.6181 0.7239
vn -0.2907 0.7897 0.5403
vn -0.2907 0.7899 0.5399
vn -0.2786 0.0965 0.9556
vn -0.2123 0.7865 -0.5800
vn -0.2118 0.7866 -0.5800
vn -0.0920 0.9525 0.2903
vn 0.7584 -0.6152 0.2153
vn -0.2518 -0.9375 0.2402
vn -0.2516 -0.9377 0.2398
vn -0.2517 -0.9375 0.2401
vn 0.1507 -0.9817 -0.1162
vn 0.1504 -0.9818 -0.1158
vn 0.5498 0.8155 0.1809
vn -0.8759 -0.3664 0.3141
vn -0.2634 0.9346 0.2392
vn 0.4669 0.5628 0.6821
vn -0.0730 -0.2346 -0.9693
vn 0.2813 0.0280 -0.9592
vn 0.7518 -0.0972 0.6522
vn -0.7729 -0.6004 -0.2054
vn -0.7734 -0.5999 -0.2049
vn 0.2417 -0.9322 0.2694
vn 0.1031 -0.9699 -0.2205
vn -0.0270 0.9468 -0.3208
vn -0.0266 0.9467 -0.3210
vn -0.5608 -0.2040 -0.8024
vn -0.4747 0.3228 0.8188
vn -0.5283 -0.0962 0.8436
vn 0.0888 -0.9911 0.0992
vn -0.8707 0.1758 -0.4594
vn -0.9643 -0.1990 -0.1746
vn -0.2433 0.9327 -0.2663
vn -0.5331 0.5786 0.6172
vn -0.8710 0.4553 -0.1846
vn 0.0525 -0.0859 0.9949
vn 0.4615 -0.4342 -0.7736
vn -0.8356 -0.4928 -0.2426
vn -0.9105 0.0865 0.4044
vn -0.5760 -0.7652 -0.2877
vn -0.8526 -0.2490 -0.4594
vn 0.4889 0.8662 0.1034
vn -0.1883 -0.8036 0.5645
vn -0.6583 0.7424 0.1240
vn -0.4571 -0.8635 -0.2131
vn 0.2128 -0.4868 -0.8472
vn 0.2131 -0.4868 -0.8471
vn -0.4992 0.8435 0.1985
vn -0.4683 -0.1809 0.8648
vn -0.0702 0.9802 -0.1852
vn -0.2693 0.6910 -0.6709
vn -0.2857 0.2119 -0.9346
vn -0.2155 0.4889 0.8453
vn -0.9593 -0.1640 0.2299
vn -0.7305 -0.3362 0.5944
vn -0.7776 0.4921 0.3913
vn -0.2426 -0.9062 -0.3462
vn 0.2717 0.0363 0.9617
vn -0.5604 -0.6289 -0.5389
vn -0.5862 -0.8055 0.0871
vn 0.8257 -0.4655 -0.3186
vn 0.1470 -0.9888 -0.0264
vn 0.1473 -0.9887 -0.0262
vn 0.0104 0.8901 0.4555
vn -0.0509 -0.8974 -0.4382
vn 0.3372 0.8740 0.3500
vn 0.3372 0.8741 0.3497
vn -0.0777 -0.8586 -0.5067
vn -0.8115 0.5233 -0.2601
vn 0.7344 -0.5395 -0.4117
vn 0.7798 -0.6140 0.1223
vn 0.1609 -0.5970 0.7859
vn 0.5416 -0.4719 -0.6957
vn -0.4381 0.0803 0.8954
vn -0.8611 -0.2822 -0.4229
vn -0.8906 -0.3369 -0.3054
vn 0.3655 -0.8412 -0.3984
vn 0.3659 -0.8410 -0.3984
vn 0.7815 -0.5364 -0.3187
vn 0.2521 0.9384 -0.2363
vn 0.4081 -0.8621 0.3003
vn -0.3920 -0.8794 -0.2702
vn -0.9503 -0.2658 0.1621
vn -0.1183 0.9912 -0.0595
vn 0.4176 -0.5658 -0.7109
vn -0.2522 0.9591 0.1288
vn 0.5151 -0.1993 0.8336
vn -0.2285 0.9422 -0.2451
vn -0.2289 0.9422 -0.2447
vn -0.9770 -0.2084 -0.0442
vn 0.0709 -0.9697 0.2339
vn 0.0707 -0.9696 0.2341
vn 0.0701 -0.9696 0.2346
vn 0.1486 0.7162 -0.6819
vn 0.0304 0.9608 0.2756
vn -0.4913 -0.3264 0.8075
vn -0.3933 0.9086 -0.1408
vn -0.5684 -0.2838 -0.7723
vn -0.1753 0.8807 0.4400
vn -0.1756 0.8805 0.4403
vn 0.1791 -0.6159 -0.7672
vn -0.8261 -0.2114 -0.5223
vn 0.0757 -0.9762 -0.2031
vn -0.2733 -0.8524 -0.4458
vn 0.6295 0.2001 0.7508
vn 0.2101 0.9769 0.0394
vn 0.2106 0.9768 0.0396
vn 0.2096 0.9770 0.0393
vn 0.5616 0.6304 0.5358
vn 0.8352 0.4949 0.2398
vn 0.7030 -0.7054 0.0906
vn 0.7028 -0.7055 0.0911
vn 0.7027 -0.7056 0.0917
vn -0.8034 -0.3276 0.4972
vn 0.0826 -0.9960 -0.0341
vn 0.3922 -0.2113 -0.8953
vn -0.4558 -0.8764 -0.1553
vn 0.0848 -0.5325 0.8421
vn 0.0794 -0.1761 -0.9812
vn 0.2324 -0.9415 0.2439
vn -0.0976 -0.8855 -0.4542
vn 0.3151 -0.2286 -0.9211
vn 0.5711 0.5798 0.5811
vn -0.6271 -0.1590 -0.7626
vn 0.1955 -0.9791 -0.0559
vn 0.1760 -0.9033 0.3913
vn 0.1768 -0.9032 0.3912
vn -0.5721 -0.7501 -0.3316
vn -0.5738 -0.1673 -0.8018
vn 0.0191 -0.3514 -0.9360
vn -0.3625 0.8415 0.4006
vn -0.2801 -0.9352 0.2169
vn 0.7826 -0.6209 0.0442
vn -0.0885 0.6399 0.7634
vn 0.5842 0.8074 -0.0831
vn -0.5504 -0.6810 0.4830
vn -0.1488 -0.7995 -0.5819
vn 0.7048 0.1680 -0.6892
vn -0.4892 0.6163 0.6171
vn -0.0652 -0.5982 0.7987
vn -0.0654 -0.5976 0.7991
vn 0.6552 -0.2676 -0.7065
vn 0.1386 0.7166 -0.6836
vn 0.8012 -0.5690 -0.1854
vn 0.7684 -0.5427 -0.3393
vn 0.4218 -0.1904 -0.8865
vn 0.7739 0.6085 -0.1754
vn -0.9767 -0.1799 0.1173
vn -0.1035 -0.9321 0.3470
vn -0.8239 -0.5445 0.1572
vn -0.8240 -0.5441 0.1581
vn -0.4757 -0.2028 -0.8559
vn -0.9834 -0.0881 -0.1587
vn -0.9587 -0.2124 0.1889
vn 0.7063 0.6860 -0.1745
vn 0.1222 -0.9908 0.0589
vn -0.7040 -0.3402 0.6234
vn 0.7462 -0.6361 -0.1963
vn 0.3675 0.8657 0.3397
vn -0.2246 -0.9284 0.2960
vn -0.2380 -0.8899 0.3892
vn -0.4974 0.7644 -0.4102
vn 0.5784 -0.5501 -0.6024
vn 0.5085 0.8601 0.0412
vn 0.5090 0.8598 0.0414
vn 0.5094 0.8595 0.0416
vn -0.3811 -0.5690 0.7287
vn -0.3815 -0.5679 0.7293
vn -0.3815 -0.5681 0.7292
vn -0.3810 -0.5691 0.7287
vn 0.2701 0.8542 0.4442
vn 0.2701 0.8543 0.4441
vn 0.2698 0.8548 0.4434
vn 0.5788 -0.5918 0.5610
vn 0.1766 -0.8782 -0.4445
vn 0.1762 -0.8784 -0.4442
vn 0.1760 -0.8786 -0.4440
vn 0.0017 -0.3402 -0.9404
vn -0.4236 0.5056 -0.7516
vn -0.2920 -0.4531 0.8422
vn 0.1523 0.8002 0.5801
vn 0.3648 0.6293 -0.6862
vn -0.4284 -0.5886 0.6856
vn 0.3260 -0.5421 0.7745
vn -0.2415 0.9059 0.3478
vn -0.2412 0.9060 0.3477
vn 0.1037 -0.9804 0.1673
vn -0.8394 -0.3184 -0.4405
vn 0.5088 -0.2694 -0.8176
vn 0.5191 -0.6690 0.5320
vn -0.3178 -0.8656 -0.3869
vn 0.5090 0.6186 -0.5986
vn -0.5253 -0.8085 0.2654
vn 0.0375 0.9807 -0.1920
vn 0.2663 -0.9322 -0.2453
vn -0.7546 0.3711 0.5411
vn -0.7416 -0.3528 -0.5706
vn -0.1448 -0.3776 0.9146
vn -0.5927 0.3894 -0.7050
vn 0.2042 -0.5454 0.8129
vn 0.9402 0.1720 0.2941
vn 0.8241 0.5449 -0.1547
vn 0.9878 -0.1532 -0.0296
vn 0.5027 -0.3662 -0.7830
vn -0.2134 -0.9761 -0.0420
vn -0.2127 -0.9762 -0.0418
vn -0.9219 -0.2618 0.2855
vn -0.9221 -0.2612 0.2855
vn -0.9220 -0.2615 0.2855
vn -0.6136 -0.2530 -0.7480
vn -0.6767 0.7093 -0.1973
vn 0.4217 0.8918 -0.1641
vn -0.1559 -0.9803 0.1209
vn -0.2708 -0.9605 0.0635
vn 0.1614 -0.9726 -0.1674
vn -0.7009 0.7071 -0.0937
vn -0.9591 0.2380 -0.1534
vn -0.0861 0.9916 -0.0962
vn -0.4575 0.8630 0.2145
vn 0.7000 -0.7136 -0.0267
vn -0.9650 -0.2389 -0.1085
vn 0.4596 -0.8624 -0.2123
vn 0.1495 -0.8772 -0.4562
vn 0.1908 0.8046 -0.5623
vn -0.9440 -0.3282 -0.0339
vn -0.6237 -0.4614 -0.6310
vn -0.0713 0.9701 -0.2322
vn -0.0709 0.9700 -0.2325
vn -0.0707 0.9700 -0.2327
vn -0.5743 -0.8182 -0.0285
vn -0.2636 -0.8709 0.4147
vn 0.5259 0.8094 -0.2612
vn 0.8401 -0.3758 -0.3911
vn 0.3842 0.5372 0.7509
vn -0.0236 -0.3632 0.9314
vn -0.7421 0.0466 -0.6686
vn -0.3390 -0.8719 -0.3532
vn -0.1651 -0.5935 0.7877
vn 0.0892 0.9724 -0.2157
vn 0.0888 0.9725 -0.2153
vn -0.0043 -0.9879 0.1550
vn 0.4964 -0.7635 0.4131
vn 0.2956 -0.4891 -0.8206
vn 0.1211 0.9176 0.3786
vn 0.1214 0.9175 0.3788
vn 0.4723 -0.2391 -0.8484
vn 0.3737 -0.6089 0.6997
vn 0.3742 -0.6078 0.7004
vn 0.3741 -0.6081 0.7002
vn 0.2410 0.8907 -0.3856
vn 0.4214 -0.5183 -0.7442
vn 0.1436 -0.7614 0.6321
vn 0.6342 -0.6412 -0.4321
vn 0.5503 -0.6628 0.5078
vn 0.9145 0.3767 0.1478
vn 0.4358 -0.3895 0.8114
vn 0.4702 -0.7895 -0.3945
vn 0.2149 -0.7862 0.5793
vn 0.2154 -0.7861 0.5793
vn 0.1427 -0.9877 -0.0643
vn 0.1426 -0.9877 -0.0647
vn -0.1054 -0.7154 -0.6908
vn 0.0493 0.8823 0.4681
vn 0.7716 0.6012 0.2077
vn 0.7713 0.6015 0.2080
vn 0.7708 0.6020 0.2085
vn 0.7711 0.6017 0.2082
vn 0.2310 -0.9723 -0.0356
vn 0.2686 0.9614 -0.0599
vn 0.7878 -0.5652 -0.2447
vn -0.5180 -0.8553 0.0100
vn -0.0198 -0.9764 0.2152
vn 0.4178 0.8833 -0.2126
vn 0.7808 -0.6075 0.1460
vn -0.2486 -0.3982 0.8830
vn -0.9254 -0.2000 0.3220
vn -0.2054 -0.5227 -0.8274
vn -0.3637 -0.2758 -0.8897
vn 0.2768 -0.3575 0.8920
vn 0.2658 0.5131 0.8162
vn 0.6053 -0.6862 0.4034
vn -0.3189 0.9430 0.0953
vn -0.1432 0.9894 0.0254
vn -0.1443 0.9892 0.0249
vn -0.4247 -0.4645 0.7771
vn -0.6219 -0.4521 -0.6394
vn -0.1464 -0.7162 0.6823
vn -0.1456 -0.7160 0.6827
vn -0.9265 -0.1243 -0.3553
vn 0.5023 -0.5586 0.6601
vn -0.8271 -0.5246 0.2018
vn -0.2329 0.2405 -0.9423
vn -0.0381 0.0356 -0.9986
vn 0.6254 0.7234 0.2925
vn -0.3972 -0.3563 0.8457
vn -0.4706 -0.8808 -0.0523
vn 0.8367 -0.3659 0.4074
vn -0.8808 -0.3106 -0.3574
vn 0.2766 0.9367 -0.2146
vn -0.4072 0.8629 -0.2994
vn 0.4967 0.8108 -0.3099
vn 0.7385 -0.5741 0.3537
vn 0.7227 0.5012 0.4760
vn 0.6767 -0.7085 0.2003
vn 0.1676 -0.3983 -0.9018
vn -0.7762 -0.6061 0.1734
vn 0.3390 0.9119 -0.2312
vn -0.8622 -0.2826 0.4204
vn -0.1791 0.9050 -0.3858
vn -0.1799 0.9050 -0.3856
vn 0.4731 0.8087 0.3497
vn 0.4530 0.8781 0.1544
vn -0.0141 0.0952 -0.9954
vn -0.7579 0.6278 0.1772
vn 0.0187 -0.4451 -0.8953
vn -0.4254 -0.8898 0.1652
vn -0.8758 -0.3096 0.3703
vn 0.6056 -0.2241 0.7635
vn -0.0458 -0.8821 -0.4688
vn -0.8371 -0.3188 0.4446
vn -0.0597 0.9843 -0.1660
vn 0.8063 -0.5913 -0.0148
vn 0.8717 0.0561 0.4868
vn -0.1430 0.8781 0.4566
vn -0.2588 -0.5757 0.7756
vn 0.3154 -0.5724 0.7568
vn 0.8815 0.2266 -0.4143
vn -0.1659 -0.6544 0.7377
vn 0.4573 0.8638 0.2113
vn 0.4577 0.8637 0.2110
vn -0.0139 -0.5879 0.8088
vn 0.5464 0.8198 -0.1715
vn 0.5462 0.8197 -0.1722
vn -0.0891 -0.9715 0.2198
vn -0.0888 -0.9716 0.2195
vn -0.0883 -0.9717 0.2190
vn 0.7711 -0.5238 -0.3619
vn -0.4197 0.8920 0.1676
vn -0.1173 0.6989 0.7055
vn 0.6257 0.2164 -0.7495
vn 0.8918 -0.4165 -0.1769
vn -0.3704 -0.8640 -0.3409
vn -0.3702 -0.8641 -0.3410
vn -0.0366 0.9326 0.3591
vn 0.0803 -0.5446 0.8349
vn -0.5115 -0.6165 0.5986
vn -0.3379 -0.9243 0.1775
vn -0.0851 -0.6515 -0.7539
vn -0.7428 -0.5937 -0.3094
vn 0.7878 -0.6003 0.1376
vn 0.0879 0.6524 0.7528
vn 0.5759 0.7665 0.2843
vn -0.6430 -0.5272 -0.5556
vn 0.0759 -0.2258 -0.9712
vn 0.5190 -0.2007 -0.8308
vn -0.3829 -0.3711 0.8460
vn 0.2941 0.8765 0.3811
vn -0.0104 0.7623 -0.6472
vn -0.2936 -0.8749 -0.3852
vn 0.3928 -0.9082 0.1442
vn -0.4705 -0.5607 -0.6813
vn -0.4700 -0.5608 -0.6816
vn 0.8388 -0.2517 0.4828
vn -0.2040 0.5130 -0.8338
vn 0.2269 0.9290 -0.2923
vn 0.7337 0.6553 0.1796
vn -0.4383 0.1167 -0.8912
vn -0.9530 0.2894 0.0898
vn 0.8393 0.1128 -0.5318
vn -0.6891 0.1460 -0.7098
vn 0.4351 -0.8768 -0.2049
vn -0.4663 0.8803 0.0872
vn -0.0070 -0.0013 -1.0000
vn 0.4333 0.2369 0.8696
vn 0.1250 -0.2945 -0.9475
vn 0.3557 0.0344 -0.9340
vn 0.5433 0.8390 -0.0294
vn 0.5435 0.8389 -0.0290
vn 0.0536 0.1373 -0.9891
vn -0.8667 -0.2485 0.4326
vn -0.8669 -0.2484 0.4323
vn 0.9596 -0.1974 -0.2005
vn 0.1410 -0.3554 0.9240
vn -0.5102 0.8130 0.2807
vn -0.9088 0.1523 -0.3885
vn -0.6312 0.4874 -0.6033
vn 0.9692 0.0979 -0.2261
vn 0.2538 0.8076 -0.5323
vn -0.4043 -0.5653 -0.7190
vn -0.8942 0.4265 0.1361
vn -0.9595 0.1747 -0.2208
vn -0.1748 0.1356 0.9752
vn 0.8592 0.0112 -0.5115
vn 0.6962 -0.2643 0.6674
vn 0.7827 0.0557 0.6199
vn 0.8829 -0.3298 -0.3343
vn 0.7730 -0.3006 -0.5587
vn 0.5557 -0.3395 0.7589
vn 0.5471 -0.7795 0.3052
vn -0.4701 -0.2969 -0.8312
vn 0.2873 0.4109 0.8652
vn -0.5917 0.8008 -0.0926
vn -0.4203 0.7683 -0.4828
vn 0.6492 0.2347 0.7235
vn 0.6945 -0.4371 -0.5714
vn -0.7631 0.5166 0.3884
vn -0.5577 0.3985 0.7282
vn 0.1804 -0.9022 0.3917
vn 0.2750 -0.7956 0.5398
vn 0.5119 -0.8073 0.2936
vn 0.5120 -0.8073 0.2936
vn 0.6715 -0.4731 -0.5703
vn -0.8196 -0.4832 0.3080
vn 0.8402 -0.3830 0.3840
vn -0.0078 -0.3712 0.9285
vn -0.6830 -0.2332 -0.6922
vn -0.8961 -0.2879 -0.3378
vn 0.7137 -0.6858 -0.1427
vn -0.4793 -0.0868 0.8733
vn 0.9209 -0.3778 0.0956
vn -0.5143 -0.0867 -0.8532
vn -0.6007 -0.1757 0.7799
vn -0.2667 -0.9271 -0.2633
vn -0.0527 0.9311 0.3609
vn -0.9781 0.2031 0.0449
vn 0.9942 -0.0025 0.1078
vn 0.4207 0.3320 -0.8443
vn -0.4943 -0.1801 0.8504
vn -0.6787 0.3562 0.6422
vn -0.6622 -0.5609 -0.4968
vn 0.2844 0.9585 0.0176
vn 0.8158 -0.2197 -0.5350
vn -0.4996 0.3635 -0.7863
vn -0.9689 -0.0137 0.2470
vn 0.9302 0.2333 -0.2832
vn 0.7938 0.5452 0.2695
vn 0.2401 0.7257 -0.6447
vn -0.9123 0.0741 0.4029
vn -0.0221 0.5221 -0.8526
vn 0.4809 0.3116 0.8196
vn 0.5413 -0.6640 0.5158
vn -0.0556 0.6428 0.7640
vn -0.7279 -0.6541 0.2055
vn 0.5208 -0.1292 0.8438
vn 0.6487 -0.0389 -0.7600
vn 0.8250 0.4561 -0.3337
vn 0.4750 -0.4940 -0.7282
vn -0.1533 0.9386 0.3091
vn -0.0909 0.0770 0.9929
vn 0.5140 0.8504 0.1122
vn 0.5067 0.4158 -0.7552
vn 0.6443 -0.4795 -0.5958
vn -0.3153 -0.9098 0.2699
vn 0.1338 -0.2214 0.9660
vn -0.8404 0.5416 0.0213
vn 0.1356 0.8652 0.4828
vn 0.6126 0.3211 -0.7222
vn -0.0943 -0.8931 0.4399
vn -0.7371 -0.6697 -0.0909
vn 0.2487 -0.9573 -0.1474
vn 0.2332 -0.9480 0.2165
vn -0.0987 -0.9626 -0.2525
vn -0.0989 -0.9624 -0.2529
vn -0.2662 0.1490 -0.9523
vn -0.7137 -0.4684 0.5208
vn 0.1836 -0.7837 -0.5934
vn 0.1832 -0.7837 -0.5935
vn -0.1052 -0.6721 0.7329
vn -0.1151 -0.6760 -0.7279
vn -0.1146 -0.6760 -0.7280
vn -0.1582 0.5354 0.8297
vn -0.6042 -0.0327 -0.7962
vn -0.9534 -0.1811 -0.2415
vn 0.8097 -0.4731 0.3472
vn -0.2388 0.4074 -0.8815
vn -0.4175 0.8183 -0.3951
vn -0.4173 0.8183 -0.3953
vn 0.2654 -0.4799 -0.8362
vn -0.0286 -0.7963 -0.6043
vn 0.8449 0.4898 0.2152
vn -0.7816 0.3079 -0.5425
vn 0.8535 0.3664 0.3704
vn -0.6650 0.2502 0.7037
vn -0.6408 0.5172 0.5674
vn -0.4214 0.7314 -0.5362
vn 0.3334 -0.5754 0.7468
vn -0.3435 -0.5379 0.7699
vn 0.4988 0.3845 0.7768
vn 0.6789 -0.7179 -0.1539
vn -0.4655 0.8403 -0.2778
vn 0.7132 -0.1435 0.6862
vn 0.1771 0.8635 -0.4723
vn 0.9256 0.0623 0.3732
vn -0.7846 0.2604 0.5626
vn -0.7170 -0.0088 -0.6970
vn 0.1937 -0.8844 -0.4247
vn 0.1938 -0.8841 -0.4252
vn 0.9331 0.0686 0.3530
vn 0.1757 0.2961 0.9388
vn -0.7492 -0.2697 -0.6049
vn -0.4780 -0.2796 -0.8327
vn -0.4836 -0.3364 -0.8081
vn -0.8389 -0.3099 -0.4474
vn -0.2409 -0.9515 -0.1916
vn 0.4434 -0.6059 0.6605
vn -0.3418 -0.6758 0.6531
vn 0.8874 -0.4076 -0.2154
vn -0.4135 -0.8855 0.2119
vn -0.4141 -0.8852 0.2121
vn -0.4147 -0.8849 0.2123
vn 0.5125 -0.1904 -0.8373
vn 0.5125 -0.1908 -0.8372
vn 0.1144 0.1827 -0.9765
vn -0.3631 -0.2074 0.9084
vn 0.5381 0.6542 0.5315
vn -0.0509 0.6134 -0.7882
vn -0.8743 0.3026 -0.3796
vn 0.6030 0.0738 0.7944
vn 0.3961 0.1117 0.9114
vn 0.3963 0.1121 0.9113
vn -0.2492 -0.1607 0.9550
vn -0.2121 0.1263 0.9691
vn -0.9128 0.0182 -0.4080
vn 0.0904 -0.4453 0.8908
vn -0.6749 -0.0826 0.7333
vn 0.1084 -0.3388 0.9346
vn 0.7704 0.0623 -0.6345
vn 0.3757 -0.3862 -0.8424
vn 0.2583 0.8237 0.5047
vn 0.5090 0.0197 0.8606
vn -0.9512 -0.0475 -0.3048
vn 0.3422 0.7309 0.5904
vn 0.3423 0.7312 0.5901
vn -0.1878 0.6106 0.7694
vn 0.9337 -0.2791 -0.2242
vn -0.5698 0.7092 0.4152
vn 0.4848 -0.8458 0.2226
vn 0.5886 0.7484 -0.3057
vn -0.1786 -0.4625 -0.8684
vn -0.3563 0.2510 -0.9000
vn 0.7251 -0.2236 -0.6514
vn -0.0558 -0.3209 -0.9455
vn -0.0556 -0.3207 -0.9456
vn -0.5665 -0.8105 -0.1491
vn -0.6924 0.6315 -0.3489
vn -0.9979 0.0049 0.0642
vn 0.7670 0.6056 -0.2118
vn 0.9497 0.0826 -0.3020
vn 0.0318 0.9987 0.0396
vn -0.1422 0.2527 0.9570
vn 0.4770 -0.2662 0.8376
vn -0.5884 -0.1662 0.7913
vn -0.5270 0.2486 0.8127
vn -0.9534 -0.3015 -0.0120
vn 0.7320 -0.3567 0.5805
vn -0.9340 0.3568 -0.0169
vn 0.0791 -0.1043 -0.9914
vn -0.7661 0.4688 0.4397
vn -0.0403 -0.1506 -0.9878
vn 0.1440 -0.0760 0.9867
vn 0.7502 -0.6597 -0.0454
vn -0.6309 0.2036 0.7487
vn 0.9797 0.0055 -0.2004
vn -0.0970 0.9865 -0.1319
vn -0.8880 0.1143 0.4454
vn -0.4758 0.8067 0.3504
vn -0.6832 -0.6946 0.2254
vn -0.3983 -0.7558 0.5197
vn -0.5616 -0.8139 0.1488
vn 0.0042 -0.8134 0.5817
vn -0.8144 0.3689 0.4480
vn -0.6336 0.4029 -0.6605
vn -0.1179 -0.9888 -0.0914
vn 0.4383 -0.1167 0.8912
vn 0.6832 0.6946 -0.2253
vn -0.3387 0.8927 0.2972
vn 0.4758 -0.8068 -0.3504
vn -0.2475 0.9273 -0.2808
vn -0.5958 0.5046 -0.6248
vn 0.1804 0.6907 0.7003
vn -0.9970 -0.0547 -0.0556
vn -0.3600 0.8458 -0.3936
vn -0.5381 -0.6542 -0.5315
vn -0.4502 -0.7782 -0.4379
vn -0.8732 0.1611 -0.4600
vn 0.1179 0.9888 0.0914
vn -0.7093 0.0726 0.7011
vn 0.3411 0.8613 -0.3765
vn -0.8987 -0.1551 0.4101
vn -0.2397 0.3004 -0.9232
vn 0.3983 0.7558 -0.5197
vn -0.8826 -0.2694 0.3853
vn -0.2862 -0.1143 -0.9513
vn 0.4811 0.2440 -0.8420
vn -0.2040 0.7491 0.6302
vn 0.1272 -0.8478 -0.5149
vn -0.7790 0.6200 -0.0939
vn 0.4601 -0.0236 -0.8875
vn 0.8489 -0.0149 0.5284
vn 0.4068 -0.2827 -0.8687
vn 0.8732 -0.1611 0.4600
vn -0.6954 -0.1211 -0.7083
vn 0.6015 0.7817 0.1645
vn -0.7337 -0.6553 -0.1796
vn 0.1657 0.0277 -0.9858
vn 0.4792 0.3554 -0.8025
vn -0.8932 0.3641 -0.2639
vn -0.5365 0.8431 -0.0377
vn 0.3856 -0.9227 0.0047
vn 0.9002 -0.4142 0.1341
vn -0.1657 -0.0276 0.9858
vn 0.9786 -0.1447 -0.1466
vn 0.1721 0.8039 0.5694
vn -0.3881 -0.0352 -0.9209
vn 0.9768 0.1082 0.1850
vn 0.9564 0.2225 0.1894
vn -0.3070 0.2080 0.9287
vn -0.1804 -0.6907 -0.7003
vn 0.0089 0.2647 -0.9643
vn 0.5365 -0.8431 0.0377
vn 0.8501 -0.5133 0.1180
vn -0.0042 0.8134 -0.5817
vn -0.0294 -0.9045 0.4255
vn 0.9731 -0.1607 0.1653
vn 0.8123 -0.2996 0.5004
vn 0.1687 0.1879 0.9676
vn -0.9786 0.1447 0.1466
vn 0.2040 -0.7491 -0.6302
vn 0.3601 -0.8458 0.3936
vn -0.0029 -0.7348 0.6783
vn 0.0933 -0.8064 0.5839
vn -0.0402 -0.7907 0.6109
vn -0.8893 -0.3240 -0.3229
vn -0.8389 -0.3098 -0.4474
vn -0.7710 -0.5187 -0.3696
vn 0.7094 -0.0726 -0.7011
g Palm_2_Palm_2_Collor_Material
usemtl Collor_Material
s off
f 6/1/1 8/2/2 130/3/1 129/4/3
f 93/5/4 38/6/4 48/7/4 94/8/4
f 37/9/5 47/10/5 100/11/5 99/12/5
f 36/13/6 46/14/6 106/15/6 105/16/6
f 106/17/7 46/18/7 56/19/7 107/20/7
f 91/21/8 17/22/8 28/23/8 92/24/8
f 49/25/9 94/26/9 95/27/9 59/28/9
f 75/29/10 41/30/10 51/31/10 76/32/10
f 86/33/11 29/34/11 39/35/11 87/36/11
f 49/37/12 59/38/12 89/39/12 88/40/12
f 22/41/13 23/42/13 122/43/13 121/44/13
f 53/45/14 63/46/14 126/47/14 125/48/14
f 107/49/15 56/50/15 66/51/15 108/52/15
f 42/53/16 75/54/16 76/55/17 52/56/16
f 101/57/18 57/58/18 67/59/18 102/60/18
f 26/61/19 36/62/19 105/63/19 104/64/19
f 92/65/20 28/66/21 38/67/21 93/68/21
f 63/69/22 22/70/22 121/71/22 126/72/22
f 18/73/23 103/74/24 104/75/25 27/76/24
f 124/77/26 43/78/26 53/79/27 125/80/26
f 103/81/28 19/82/29 26/83/30 104/84/28
f 123/85/31 33/86/32 43/87/33 124/88/34
f 58/89/35 68/90/35 96/91/35 95/92/35
f 127/93/36 2/94/36 4/95/36 128/96/36
f 81/97/37 40/98/37 50/99/37 82/100/37
f 79/101/38 80/102/38 31/103/38 14/104/38
f 90/105/39 85/106/39 15/107/39 70/108/39
f 91/109/40 92/110/40 29/111/40 16/112/40
f 41/113/41 81/114/41 82/115/41 51/116/41
f 80/117/42 81/118/42 41/119/42 31/120/42
f 15/121/43 85/122/43 86/123/43 30/124/43
f 84/125/44 79/126/44 14/127/44 71/128/44
f 32/129/45 42/130/45 5/131/45 3/132/45
f 39/133/46 93/134/46 94/135/46 49/136/46
f 7/137/47 52/138/47 62/139/47 9/140/47
f 98/141/48 99/142/48 38/143/48 28/144/48
f 29/145/49 92/146/49 93/147/49 39/148/49
f 99/149/50 100/150/50 48/151/50 38/152/50
f 106/153/51 107/154/52 57/155/52 47/156/52
f 57/157/53 107/158/53 108/159/53 67/160/53
f 105/161/54 106/162/54 47/163/54 37/164/54
f 109/165/55 110/166/55 26/167/55 19/168/55
f 54/169/56 125/170/56 126/171/56 64/172/56
f 33/173/57 129/174/57 130/175/58 43/176/57
f 23/177/59 128/178/59 129/179/59 33/180/59
f 131/181/60 132/182/60 63/183/60 53/184/60
f 115/185/61 116/186/61 25/187/61 20/188/61
f 43/189/62 130/190/62 131/191/62 53/192/62
f 36/193/63 111/194/63 112/195/63 46/196/63
f 44/197/64 124/198/64 125/199/64 54/200/64
f 114/201/65 109/202/65 19/203/65 66/204/65
f 127/205/66 128/206/66 23/207/66 22/208/66
f 121/209/67 122/210/67 24/211/67 21/212/67
f 34/213/68 123/214/69 124/215/69 44/216/69
f 35/217/70 117/218/70 118/219/70 45/220/70
f 122/221/71 123/222/71 34/223/71 24/224/71
f 13/225/72 32/226/72 3/227/72 1/228/72
f 17/229/73 97/230/73 98/231/73 28/232/73
f 104/233/74 105/234/75 37/235/75 27/236/75
f 67/237/76 108/238/76 103/239/76 18/240/76
f 100/241/77 101/242/77 58/243/77 48/244/77
f 61/245/78 83/246/78 84/247/78 71/248/78
f 40/249/79 87/250/79 88/251/79 50/252/79
f 89/253/80 90/254/81 70/255/82 60/256/82
f 88/257/83 89/258/83 60/259/83 50/260/83
f 68/261/84 102/262/84 97/263/84 17/264/84
f 77/265/85 78/266/85 72/267/85 62/268/85
f 76/269/86 77/270/86 62/271/86 52/272/86
f 13/273/87 73/274/87 74/275/87 32/276/87
f 96/277/88 91/278/88 16/279/88 69/280/88
f 58/281/89 101/282/89 102/283/89 68/284/89
f 32/285/90 74/286/90 75/287/90 42/288/90
f 30/289/91 86/290/92 87/291/92 40/292/92
f 95/293/93 96/294/93 69/295/93 59/296/93
f 51/297/94 82/298/94 83/299/94 61/300/94
f 78/301/95 73/302/95 13/303/95 72/304/95
f 26/305/96 110/306/96 111/307/96 36/308/96
f 85/309/97 16/310/97 29/311/97 86/312/97
f 47/313/98 57/314/99 101/315/98 100/316/98
f 97/317/100 18/318/100 27/319/101 98/320/100
f 48/321/102 58/322/102 95/323/102 94/324/102
f 108/325/103 66/326/103 19/327/103 103/328/103
f 117/329/104 34/330/104 44/331/104 118/332/104
f 116/333/105 24/334/105 34/335/105 117/336/105
f 80/337/106 30/338/106 40/339/107 81/340/106
f 59/341/108 69/342/108 90/343/108 89/344/108
f 21/345/109 24/346/109 116/347/109 115/348/109
f 118/349/110 44/350/110 54/351/111 119/352/110
f 122/353/112 23/354/112 33/355/112 123/356/112
f 79/357/113 15/358/113 30/359/113 80/360/113
f 65/361/114 20/362/114 109/363/114 114/364/114
f 64/365/115 21/366/115 115/367/115 120/368/115
f 128/369/116 4/370/116 6/371/116 129/372/116
f 20/373/117 25/374/117 110/375/117 109/376/117
f 62/377/118 72/378/118 11/379/118 9/380/118
f 10/381/119 12/382/119 132/383/120 131/384/120
f 61/385/121 71/386/121 78/387/121 77/388/121
f 90/389/122 69/390/122 16/391/122 85/392/122
f 71/393/123 14/394/123 73/395/123 78/396/123
f 112/397/124 45/398/124 55/399/124 113/400/124
f 70/401/125 15/402/125 79/403/125 84/404/125
f 132/405/126 127/406/126 22/407/126 63/408/126
f 119/409/127 120/410/128 65/411/127 55/412/129
f 8/413/130 10/414/131 131/415/131 130/416/131
f 102/417/132 67/418/132 18/419/132 97/420/132
f 60/421/133 70/422/133 84/423/134 83/424/134
f 72/425/135 13/426/135 1/427/135 11/428/135
f 74/429/136 31/430/136 41/431/136 75/432/136
f 42/433/137 52/434/137 7/435/137 5/436/137
f 126/437/138 121/438/138 21/439/138 64/440/138
f 68/441/139 17/442/139 91/443/139 96/444/139
f 39/445/140 49/446/140 88/447/140 87/448/140
f 27/449/141 37/450/142 99/451/142 98/452/142
f 50/453/143 60/454/143 83/455/143 82/456/143
f 73/457/144 14/458/144 31/459/144 74/460/144
f 111/461/145 35/462/145 45/463/145 112/464/145
f 45/465/146 118/466/146 119/467/146 55/468/146
f 25/469/147 116/470/147 117/471/147 35/472/147
f 51/473/148 61/474/148 77/475/148 76/476/148
f 110/477/149 25/478/149 35/479/149 111/480/149
f 46/481/150 112/482/150 113/483/150 56/484/150
f 113/485/151 114/486/151 66/487/151 56/488/151
f 54/489/152 64/490/152 120/491/152 119/492/152
f 120/493/153 115/494/153 20/495/153 65/496/153
f 55/497/154 65/498/155 114/499/156 113/500/157
f 132/501/158 12/502/159 2/503/159 127/504/160
f 629/505/161 639/506/161 333/507/161 323/508/161
f 707/509/162 401/510/162 411/511/162 717/512/162
f 341/513/163 353/514/163 659/515/163 647/516/163
f 687/517/164 688/518/164 382/519/164 381/520/164
f 378/521/165 389/522/165 390/523/165 380/524/165
f 840/525/166 830/526/166 838/527/167 836/528/168
f 830/529/169 524/530/169 535/531/169 841/532/169
f 321/533/170 332/534/170 638/535/170 627/536/170
f 813/537/171 507/538/171 505/539/171 811/540/171
f 818/541/172 825/542/173 809/543/173 816/544/173
f 316/545/174 311/546/174 299/547/174 315/548/174
f 596/549/175 590/550/175 593/551/175 584/552/175
f 677/553/176 666/554/177 665/555/177 673/556/177
f 745/557/178 744/558/178 729/559/178 740/560/178
f 681/561/179 375/562/179 360/563/180 666/564/180
f 492/565/181 495/566/181 483/567/181 499/568/181
f 473/569/182 471/570/182 463/571/182 479/572/182
f 532/573/183 530/574/183 523/575/183 539/576/183
f 532/577/184 524/578/184 534/579/184 530/580/184
f 872/581/185 883/582/185 577/583/185 566/584/185
f 655/585/186 662/586/186 646/587/186 658/588/186
f 810/589/187 820/590/187 514/591/187 504/592/187
f 606/593/188 616/594/188 310/595/188 300/596/188
f 859/597/189 553/598/189 544/599/189 850/600/189
f 514/601/190 510/602/191 512/603/190 504/604/190
f 455/605/192 444/606/192 459/607/192 450/608/192
f 664/609/193 358/610/194 369/611/194 675/612/194
f 874/613/195 568/614/195 567/615/195 873/616/195
f 459/617/196 451/618/196 443/619/196 458/620/196
f 393/621/197 394/622/197 391/623/197 383/624/197
f 512/625/198 510/626/198 503/627/198 519/628/198
f 779/629/199 785/630/199 769/631/199 777/632/199
f 838/633/200 845/634/200 829/635/200 836/636/200
f 318/637/201 328/638/201 331/639/201 329/640/201
f 618/641/202 612/642/202 622/643/202 606/644/202
f 849/645/203 864/646/204 558/647/203 543/648/203
f 779/649/205 473/650/205 479/651/205 785/652/205
f 725/653/206 419/654/206 418/655/206 724/656/206
f 765/657/207 459/658/207 458/659/207 764/660/207
f 700/661/208 698/662/208 392/663/208 394/664/208
f 297/665/209 308/666/209 311/667/209 309/668/209
f 867/669/210 879/670/210 881/671/210 876/672/210
f 854/673/211 852/674/211 546/675/211 548/676/211
f 285/677/212 286/678/212 276/679/212 277/680/212
f 384/681/213 397/682/213 391/683/213 398/684/213
f 394/685/214 390/686/214 381/687/214 382/688/214
f 671/689/215 669/690/216 363/691/215 365/692/215
f 658/693/217 646/694/217 645/695/217 654/696/217
f 331/697/218 328/698/218 319/699/218 320/700/218
f 777/701/219 769/702/219 768/703/219 778/704/219
f 791/705/220 485/706/220 498/707/220 804/708/220
f 549/709/221 546/710/221 556/711/222 550/712/223
f 836/713/224 530/714/224 534/715/224 840/716/224
f 794/717/225 792/718/225 486/719/225 488/720/225
f 569/721/226 571/722/226 578/723/226 565/724/226
f 860/725/227 858/726/227 552/727/227 554/728/227
f 629/729/228 632/730/228 633/731/228 639/732/228
f 416/733/229 419/734/229 417/735/229 405/736/229
f 807/737/230 806/738/230 500/739/230 501/740/230
f 875/741/231 871/742/231 884/743/231 877/744/231
f 719/745/232 709/746/232 708/747/232 716/748/232
f 754/749/233 752/750/233 446/751/233 448/752/233
f 286/753/234 274/754/234 276/755/234
f 281/756/235 282/757/235 283/758/235
f 280/759/236 283/760/236 282/761/236
f 274/762/237 286/763/237 275/764/237
f 307/765/238 294/766/238 296/767/238
f 303/768/239 304/769/239 305/770/239
f 302/771/240 305/772/240 304/773/240
f 294/774/241 307/775/241 295/776/241
f 328/777/242 317/778/242 319/779/242
f 324/780/243 325/781/243 326/782/243
f 323/783/244 326/784/244 325/785/244
f 317/786/245 328/787/245 318/788/245
f 348/789/246 337/790/246 339/791/246
f 344/792/247 345/793/247 346/794/247
f 343/795/248 346/796/248 345/797/248
f 337/798/249 348/799/249 338/800/249
f 540/801/250 551/802/250 541/803/250
f 364/804/251 365/805/251 368/806/251
f 363/807/252 368/808/252 365/809/252
f 359/810/253 367/811/253 357/812/253
f 389/813/254 377/814/254 379/815/254
f 386/816/255 387/817/255 388/818/255
f 385/819/256 388/820/256 387/821/256
f 377/822/257 389/823/257 378/824/257
f 410/825/258 400/826/258 402/827/258
f 407/828/259 408/829/259 409/830/259
f 406/831/260 409/832/260 408/833/260
f 400/834/261 410/835/261 401/836/261
f 431/837/262 420/838/262 422/839/262
f 427/840/263 428/841/263 429/842/263
f 426/843/264 429/844/264 428/845/264
f 420/846/265 431/847/265 421/848/265
f 452/849/266 440/850/266 442/851/266
f 447/852/267 448/853/267 449/854/267
f 446/855/268 449/856/268 448/857/268
f 440/858/269 452/859/269 441/860/269
f 472/861/270 460/862/270 462/863/270
f 467/864/271 468/865/271 469/866/271
f 466/867/272 469/868/272 468/869/272
f 460/870/273 472/871/273 461/872/273
f 491/873/274 480/874/274 482/875/274
f 487/876/275 488/877/275 489/878/275
f 486/879/276 489/880/276 488/881/276
f 480/882/277 491/883/277 481/884/277
f 511/885/278 500/886/278 502/887/278
f 507/888/279 508/889/279 509/890/279
f 506/891/280 509/892/280 508/893/280
f 500/894/281 511/895/281 501/896/281
f 551/897/282 540/898/282 542/899/282
f 531/900/283 520/901/283 522/902/283
f 527/903/284 528/904/284 529/905/284
f 526/906/285 529/907/285 528/908/285
f 520/909/286 531/910/286 521/911/286
f 547/912/287 548/913/287 549/914/287
f 546/915/288 549/916/288 548/917/288
f 570/918/289 560/919/289 562/920/289
f 567/921/290 568/922/290 572/923/290
f 566/924/291 572/925/291 568/926/291
f 560/927/292 570/928/292 561/929/292
f 367/930/293 358/931/293 357/932/293
f 592/933/294 582/934/294 580/935/294
f 587/936/295 589/937/295 588/938/295
f 586/939/296 588/940/296 589/941/296
f 580/942/297 581/943/297 592/944/297
f 613/945/298 602/946/298 600/947/298
f 609/948/299 611/949/299 610/950/299
f 608/951/300 610/952/300 611/953/300
f 600/954/301 601/955/301 613/956/301
f 634/957/302 625/958/302 623/959/302
f 630/960/303 632/961/303 631/962/303
f 629/963/304 631/964/304 632/965/304
f 623/966/305 624/967/305 634/968/305
f 654/969/306 645/970/306 643/971/306
f 650/972/307 652/973/307 651/974/307
f 649/975/308 651/976/308 652/977/308
f 643/978/309 644/979/309 654/980/309
f 846/981/310 847/982/310 857/983/310
f 670/984/311 674/985/311 671/986/311
f 669/987/312 671/988/312 674/989/312
f 665/990/313 663/991/313 673/992/313
f 695/993/314 685/994/314 683/995/314
f 692/996/315 694/997/315 693/998/315
f 691/999/316 693/1000/316 694/1001/316
f 683/1002/317 684/1003/317 695/1004/317
f 716/1005/318 708/1006/318 706/1007/318
f 713/1008/319 715/1009/319 714/1010/319
f 712/1011/320 714/1012/320 715/1013/320
f 706/1014/321 707/1015/321 716/1016/321
f 737/1017/322 728/1018/322 726/1019/322
f 733/1020/323 735/1021/323 734/1022/323
f 732/1023/324 734/1024/324 735/1025/324
f 726/1026/325 727/1027/325 737/1028/325
f 758/1029/326 748/1030/326 746/1031/326
f 753/1032/327 755/1033/327 754/1034/327
f 752/1035/328 754/1036/328 755/1037/328
f 746/1038/329 747/1039/329 758/1040/329
f 778/1041/330 768/1042/330 766/1043/330
f 773/1044/331 775/1045/331 774/1046/331
f 772/1047/332 774/1048/332 775/1049/332
f 766/1050/333 767/1051/333 778/1052/333
f 797/1053/334 788/1054/334 786/1055/334
f 793/1056/335 795/1057/335 794/1058/335
f 792/1059/336 794/1060/336 795/1061/336
f 786/1062/337 787/1063/337 797/1064/337
f 817/1065/338 808/1066/338 806/1067/338
f 813/1068/339 815/1069/339 814/1070/339
f 812/1071/340 814/1072/340 815/1073/340
f 806/1074/341 807/1075/341 817/1076/341
f 857/1077/342 848/1078/342 846/1079/342
f 837/1080/343 828/1081/343 826/1082/343
f 833/1083/344 835/1084/344 834/1085/344
f 832/1086/345 834/1087/345 835/1088/345
f 826/1089/346 827/1090/346 837/1091/346
f 853/1092/347 855/1093/347 854/1094/347
f 852/1095/348 854/1096/348 855/1097/348
f 876/1098/349 868/1099/349 866/1100/349
f 873/1101/350 878/1102/350 874/1103/350
f 872/1104/351 874/1105/351 878/1106/351
f 866/1107/352 867/1108/352 876/1109/352
f 673/1110/353 663/1111/353 664/1112/353
f 851/1113/354 545/1114/354 557/1115/354 863/1116/354
f 506/1117/355 508/1118/355 814/1119/355 812/1120/355
f 593/1121/356 599/1122/356 583/1123/356 591/1124/356
f 653/1125/357 659/1126/357 353/1127/357 347/1128/357
f 559/1129/358 550/1130/358 555/1131/358 544/1132/358
f 753/1133/359 447/1134/359 445/1135/359 751/1136/359
f 861/1137/360 856/1138/360 865/1139/360 850/1140/360
f 353/1141/361 341/1142/361 349/1143/361 347/1144/361
f 823/1145/362 822/1146/362 812/1147/362 815/1148/362
f 310/1149/363 311/1150/364 316/1151/365 300/1152/364
f 361/1153/366 372/1154/366 678/1155/366 667/1156/366
f 332/1157/367 321/1158/367 336/1159/367 327/1160/367
f 352/1161/368 350/1162/368 338/1163/368 348/1164/368
f 622/1165/369 617/1166/370 616/1167/371 606/1168/370
f 595/1169/372 584/1170/372 593/1171/373 591/1172/372
f 422/1173/374 420/1174/374 726/1175/374 728/1176/374
f 842/1177/375 832/1178/375 835/1179/375 843/1180/375
f 859/1181/376 850/1182/376 865/1183/377 860/1184/376
f 878/1185/378 875/1186/378 883/1187/379 872/1188/378
f 593/1189/380 287/1190/380 293/1191/380 599/1192/380
f 800/1193/381 790/1194/381 798/1195/381 801/1196/381
f 739/1197/382 730/1198/382 745/1199/382 740/1200/382
f 478/1201/383 465/1202/383 470/1203/383 473/1204/383
f 646/1205/384 340/1206/384 339/1207/384 645/1208/384
f 278/1209/385 290/1210/385 596/1211/385 584/1212/385
f 581/1213/386 275/1214/386 288/1215/386 594/1216/386
f 658/1217/387 654/1218/387 644/1219/387 656/1220/387
f 644/1221/388 338/1222/388 350/1223/388 656/1224/388
f 642/1225/389 640/1226/389 334/1227/389 336/1228/389
f 826/1229/390 520/1230/390 521/1231/390 827/1232/390
f 767/1233/391 461/1234/391 474/1235/391 780/1236/391
f 793/1237/392 487/1238/392 485/1239/392 791/1240/392
f 512/1241/393 517/1242/393 515/1243/393 504/1244/393
f 550/1245/394 545/1246/394 547/1247/394 549/1248/394
f 649/1249/395 660/1250/395 354/1251/395 343/1252/395
f 516/1253/396 506/1254/396 812/1255/396 822/1256/396
f 604/1257/397 605/1258/397 299/1259/397 298/1260/397
f 662/1261/398 356/1262/398 340/1263/398 646/1264/398
f 734/1265/399 732/1266/399 426/1267/399 428/1268/399
f 522/1269/400 520/1270/400 826/1271/400 828/1272/400
f 336/1273/401 331/1274/401 320/1275/401 335/1276/401
f 880/1277/402 574/1278/403 564/1279/403 870/1280/404
f 829/1281/405 845/1282/405 539/1283/405 523/1284/406
f 770/1285/407 781/1286/407 475/1287/407 464/1288/407
f 670/1289/408 364/1290/408 362/1291/408 668/1292/408
f 651/1293/409 649/1294/409 343/1295/409 345/1296/409
f 860/1297/410 849/1298/410 848/1299/410 857/1300/410
f 867/1301/411 561/1302/411 573/1303/411 879/1304/411
f 276/1305/412 274/1306/412 580/1307/412 582/1308/412
f 637/1309/413 635/1310/413 329/1311/413 331/1312/413
f 771/1313/414 465/1314/414 478/1315/414 784/1316/414
f 471/1317/415 472/1318/415 462/1319/415 463/1320/415
f 631/1321/416 325/1322/416 324/1323/416 630/1324/416
f 771/1325/417 784/1326/417 779/1327/417 776/1328/417
f 756/1329/418 450/1330/418 456/1331/418 762/1332/418
f 818/1333/419 512/1334/419 519/1335/419 825/1336/419
f 747/1337/420 759/1338/420 757/1339/420 758/1340/420
f 603/1341/421 297/1342/421 309/1343/421 615/1344/421
f 312/1345/422 300/1346/422 316/1347/422 306/1348/422
f 300/1349/423 312/1350/423 618/1351/423 606/1352/423
f 298/1353/424 296/1354/424 602/1355/424 604/1356/424
f 496/1357/425 484/1358/425 492/1359/425 490/1360/425
f 563/1361/426 562/1362/426 868/1363/426 869/1364/426
f 801/1365/427 797/1366/427 787/1367/427 799/1368/427
f 650/1369/428 344/1370/428 342/1371/428 648/1372/428
f 612/1373/429 306/1374/429 313/1375/429 619/1376/429
f 847/1377/430 541/1378/430 552/1379/430 858/1380/430
f 517/1381/431 509/1382/431 506/1383/431 516/1384/431
f 651/1385/432 345/1386/432 344/1387/432 650/1388/432
f 608/1389/433 619/1390/433 313/1391/433 302/1392/433
f 352/1393/434 348/1394/434 339/1395/434 340/1396/434
f 626/1397/435 320/1398/435 319/1399/435 625/1400/435
f 471/1401/436 474/1402/436 461/1403/437 472/1404/436
f 818/1405/438 824/1406/438 518/1407/438 512/1408/438
f 457/1409/439 445/1410/439 450/1411/439 459/1412/439
f 580/1413/440 274/1414/440 275/1415/440 581/1416/440
f 796/1417/441 802/1418/441 496/1419/441 490/1420/441
f 757/1421/442 451/1422/442 454/1423/442 760/1424/442
f 769/1425/443 785/1426/443 479/1427/443 463/1428/443
f 601/1429/444 295/1430/444 297/1431/444 603/1432/444
f 586/1433/445 597/1434/445 291/1435/445 280/1436/445
f 741/1437/446 736/1438/446 745/1439/446 730/1440/446
f 790/1441/447 800/1442/447 494/1443/447 484/1444/447
f 584/1445/448 595/1446/448 289/1447/448 278/1448/448
f 285/1449/449 288/1450/449 275/1451/449 286/1452/449
f 688/1453/450 705/1454/450 399/1455/450 382/1456/450
f 820/1457/451 810/1458/452 818/1459/451 816/1460/453
f 877/1461/454 885/1462/454 869/1463/454 881/1464/454
f 740/1465/455 737/1466/455 727/1467/455 738/1468/455
f 881/1469/456 869/1470/456 868/1471/456 876/1472/456
f 283/1473/457 280/1474/457 291/1475/457 284/1476/457
f 856/1477/458 851/1478/458 863/1479/458 865/1480/458
f 390/1481/459 389/1482/460 379/1483/460 381/1484/460
f 843/1485/461 831/1486/461 844/1487/462 838/1488/463
f 542/1489/464 540/1490/464 846/1491/464 848/1492/464
f 295/1493/465 307/1494/465 308/1495/465 297/1496/465
f 707/1497/466 717/1498/466 719/1499/467 716/1500/466
f 781/1501/468 770/1502/468 779/1503/468 777/1504/468
f 591/1505/469 594/1506/469 288/1507/469 285/1508/469
f 630/1509/470 324/1510/470 322/1511/470 628/1512/470
f 745/1513/471 439/1514/471 438/1515/471 744/1516/471
f 697/1517/472 391/1518/472 399/1519/472 705/1520/472
f 643/1521/473 337/1522/473 338/1523/473 644/1524/473
f 816/1525/474 809/1526/474 808/1527/474 817/1528/474
f 840/1529/475 534/1530/475 524/1531/475 830/1532/475
f 663/1533/476 357/1534/476 358/1535/476 664/1536/476
f 462/1537/477 460/1538/477 766/1539/477 768/1540/477
f 442/1541/478 440/1542/478 746/1543/478 748/1544/478
f 827/1545/479 521/1546/479 533/1547/479 839/1548/479
f 655/1549/480 661/1550/480 355/1551/480 349/1552/480
f 871/1553/481 873/1554/481 567/1555/481 565/1556/481
f 590/1557/482 589/1558/482 587/1559/482 585/1560/482
f 843/1561/483 841/1562/483 535/1563/483 537/1564/483
f 865/1565/484 863/1566/484 557/1567/484 559/1568/484
f 838/1569/485 532/1570/485 539/1571/485 845/1572/485
f 575/1573/486 570/1574/486 562/1575/486 563/1576/486
f 339/1577/487 337/1578/487 643/1579/487 645/1580/487
f 653/1581/488 652/1582/488 650/1583/488 648/1584/488
f 391/1585/489 394/1586/489 382/1587/489 399/1588/489
f 667/1589/490 676/1590/490 370/1591/490 361/1592/490
f 684/1593/491 378/1594/491 380/1595/491 686/1596/491
f 641/1597/492 335/1598/492 320/1599/492 626/1600/492
f 686/1601/493 380/1602/493 392/1603/493 698/1604/493
f 848/1605/494 849/1606/494 543/1607/495 542/1608/494
f 827/1609/496 839/1610/496 836/1611/496 837/1612/496
f 622/1613/497 620/1614/497 314/1615/497 316/1616/497
f 396/1617/498 397/1618/498 388/1619/498 385/1620/498
f 713/1621/499 711/1622/499 722/1623/499 715/1624/499
f 637/1625/500 331/1626/500 330/1627/500 636/1628/500
f 693/1629/501 387/1630/501 386/1631/501 692/1632/501
f 734/1633/502 428/1634/502 427/1635/502 733/1636/502
f 672/1637/503 678/1638/503 372/1639/503 366/1640/503
f 607/1641/504 620/1642/504 622/1643/504 612/1644/504
f 843/1645/505 835/1646/505 833/1647/505 831/1648/505
f 789/1649/506 805/1650/506 499/1651/506 483/1652/506
f 521/1653/507 531/1654/507 530/1655/508 533/1656/507
f 672/1657/509 366/1658/509 373/1659/509 679/1660/509
f 690/1661/510 384/1662/510 398/1663/510 704/1664/510
f 846/1665/511 540/1666/511 541/1667/511 847/1668/511
f 762/1669/512 752/1670/513 755/1671/513 756/1672/513
f 593/1673/514 598/1674/514 292/1675/514 287/1676/514
f 401/1677/515 410/1678/515 413/1679/515 411/1680/515
f 787/1681/516 481/1682/516 493/1683/516 799/1684/516
f 289/1685/517 285/1686/518 287/1687/519 278/1688/519
f 668/1689/520 362/1690/520 374/1691/520 680/1692/520
f 404/1693/521 414/1694/521 720/1695/521 710/1696/521
f 590/1697/522 284/1698/522 291/1699/522 597/1700/522
f 754/1701/523 448/1702/523 447/1703/523 753/1704/523
f 576/1705/524 564/1706/524 571/1707/524 569/1708/524
f 732/1709/525 742/1710/525 436/1711/525 426/1712/525
f 750/1713/526 444/1714/526 455/1715/526 761/1716/526
f 449/1717/527 446/1718/527 456/1719/528 450/1720/527
f 875/1721/529 569/1722/529 577/1723/529 883/1724/529
f 409/1725/530 406/1726/530 415/1727/531 416/1728/530
f 536/1729/532 537/1730/532 529/1731/532 526/1732/532
f 605/1733/533 621/1734/533 315/1735/533 299/1736/533
f 676/1737/534 667/1738/535 682/1739/536 677/1740/535
f 591/1741/537 583/1742/538 582/1743/538 592/1744/538
f 441/1745/539 452/1746/539 451/1747/539 453/1748/539
f 756/1749/540 761/1750/540 455/1751/540 450/1752/540
f 559/1753/541 554/1754/541 543/1755/541 558/1756/541
f 490/1757/542 489/1758/542 486/1759/542 497/1760/542
f 669/1761/543 679/1762/543 373/1763/543 363/1764/543
f 617/1765/544 615/1766/544 309/1767/544 311/1768/544
f 740/1769/545 434/1770/545 433/1771/545 739/1772/545
f 783/1773/546 772/1774/547 775/1775/547 776/1776/547
f 736/1777/548 731/1778/548 743/1779/548 745/1780/548
f 601/1781/549 603/1782/549 614/1783/549 613/1784/549
f 559/1785/550 544/1786/551 553/1787/551 554/1788/551
f 749/1789/552 764/1790/552 458/1791/552 443/1792/552
f 697/1793/553 704/1794/553 398/1795/553 391/1796/553
f 658/1797/554 656/1798/554 350/1799/554 352/1800/554
f 686/1801/555 698/1802/555 700/1803/555 696/1804/555
f 740/1805/556 738/1806/556 432/1807/556 434/1808/556
f 482/1809/557 480/1810/557 786/1811/557 788/1812/557
f 437/1813/558 425/1814/558 430/1815/558 439/1816/558
f 347/1817/559 342/1818/559 344/1819/559 346/1820/559
f 779/1821/560 784/1822/560 478/1823/560 473/1824/560
f 719/1825/561 413/1826/561 412/1827/561 718/1828/561
f 772/1829/562 783/1830/562 477/1831/562 466/1832/562
f 672/1833/563 674/1834/563 670/1835/563 668/1836/563
f 700/1837/564 394/1838/564 393/1839/564 699/1840/564
f 668/1841/565 680/1842/565 682/1843/565 672/1844/565
f 683/1845/566 377/1846/566 378/1847/566 684/1848/566
f 413/1849/567 410/1850/567 402/1851/567 403/1852/567
f 836/1853/568 829/1854/568 828/1855/568 837/1856/568
f 703/1857/569 397/1858/569 396/1859/569 702/1860/569
f 816/1861/570 817/1862/570 807/1863/570 819/1864/570
f 649/1865/571 652/1866/571 653/1867/571 660/1868/572
f 435/1869/573 424/1870/573 439/1871/573 430/1872/573
f 810/1873/574 504/1874/574 515/1875/574 821/1876/574
f 538/1877/575 525/1878/575 537/1879/575 532/1880/575
f 776/1881/576 470/1882/576 477/1883/576 783/1884/576
f 591/1885/577 285/1886/577 289/1887/577 595/1888/577
f 347/1889/578 346/1890/578 343/1891/578 354/1892/578
f 712/1893/579 721/1894/579 415/1895/579 406/1896/579
f 706/1897/580 400/1898/580 401/1899/580 707/1900/580
f 682/1901/581 680/1902/581 374/1903/581 376/1904/581
f 700/1905/582 688/1906/582 687/1907/582 696/1908/582
f 801/1909/583 799/1910/583 493/1911/583 495/1912/583
f 776/1913/584 775/1914/584 773/1915/584 771/1916/584
f 782/1917/585 776/1918/585 779/1919/585 770/1920/585
f 869/1921/586 885/1922/586 579/1923/586 563/1924/586
f 718/1925/587 710/1926/587 725/1927/587 719/1928/588
f 434/1929/589 432/1930/589 421/1931/589 431/1932/589
f 696/1933/590 687/1934/590 685/1935/590 695/1936/590
f 454/1937/591 451/1938/592 459/1939/592 444/1940/592
f 761/1941/593 756/1942/593 765/1943/593 750/1944/593
f 816/1945/594 819/1946/594 513/1947/594 510/1948/594
f 714/1949/595 408/1950/595 407/1951/595 713/1952/595
f 607/1953/596 301/1954/596 314/1955/596 620/1956/596
f 624/1957/597 318/1958/597 329/1959/597 635/1960/597
f 774/1961/598 772/1962/598 466/1963/598 468/1964/598
f 617/1965/599 311/1966/599 310/1967/599 616/1968/599
f 831/1969/600 525/1970/600 538/1971/600 844/1972/600
f 823/1973/601 821/1974/601 515/1975/601 517/1976/601
f 653/1977/602 648/1978/602 661/1979/603 655/1980/602
f 713/1981/604 407/1982/604 405/1983/604 711/1984/604
f 370/1985/605 371/1986/605 376/1987/605 361/1988/605
f 813/1989/606 811/1990/606 823/1991/606 815/1992/606
f 697/1993/607 705/1994/607 688/1995/607 700/1996/607
f 583/1997/608 277/1998/608 276/1999/608 582/2000/608
f 495/2001/609 491/2002/609 482/2003/609 483/2004/609
f 503/2005/610 502/2006/610 808/2007/610 809/2008/610
f 349/2009/611 352/2010/611 340/2011/611 356/2012/611
f 834/2013/612 832/2014/612 526/2015/612 528/2016/612
f 414/2017/613 404/2018/613 419/2019/614 416/2020/613
f 789/2021/615 483/2022/615 482/2023/615 788/2024/615
f 811/2025/616 824/2026/617 818/2027/618 823/2028/617
f 305/2029/619 302/2030/619 313/2031/619 306/2032/619
f 557/2033/620 545/2034/620 550/2035/620 559/2036/620
f 773/2037/621 467/2038/621 465/2039/621 771/2040/621
f 334/2041/622 322/2042/622 327/2043/622 336/2044/622
f 383/2045/623 395/2046/623 701/2047/623 689/2048/623
f 336/2049/624 321/2050/625 330/2051/625 331/2052/625
f 612/2053/626 618/2054/626 312/2055/626 306/2056/626
f 648/2057/627 342/2058/627 355/2059/627 661/2060/627
f 798/2061/628 805/2062/628 789/2063/628 801/2064/628
f 657/2065/629 647/2066/629 655/2067/629 658/2068/629
f 725/2069/630 723/2070/630 417/2071/630 419/2072/630
f 535/2073/631 524/2074/632 532/2075/631 537/2076/633
f 467/2077/634 469/2078/634 470/2079/634 465/2080/634
f 364/2081/635 368/2082/635 366/2083/635 362/2084/635
f 732/2085/636 735/2086/637 736/2087/638 742/2088/637
f 588/2089/639 282/2090/639 281/2091/639 587/2092/639
f 603/2093/640 615/2094/640 617/2095/640 614/2096/640
f 731/2097/641 425/2098/641 437/2099/641 743/2100/641
f 617/2101/642 605/2102/642 604/2103/642 614/2104/642
f 379/2105/643 377/2106/643 683/2107/643 685/2108/643
f 628/2109/644 322/2110/644 334/2111/644 640/2112/644
f 725/2113/645 710/2114/645 720/2115/645 722/2116/645
f 624/2117/646 635/2118/646 637/2119/646 634/2120/646
f 838/2121/647 844/2122/647 538/2123/647 532/2124/647
f 633/2125/648 327/2126/648 333/2127/648 639/2128/648
f 751/2129/649 445/2130/649 457/2131/649 763/2132/649
f 756/2133/650 751/2134/650 763/2135/650 765/2136/650
f 847/2137/651 858/2138/651 860/2139/652 857/2140/651
f 802/2141/653 796/2142/653 798/2143/653 790/2144/653
f 691/2145/654 702/2146/654 396/2147/654 385/2148/654
f 814/2149/655 508/2150/655 507/2151/655 813/2152/655
f 355/2153/656 342/2154/656 347/2155/656 349/2156/656
f 873/2157/657 871/2158/657 875/2159/657 878/2160/657
f 610/2161/658 304/2162/658 303/2163/658 609/2164/658
f 722/2165/659 416/2166/659 415/2167/659 721/2168/659
f 476/2169/660 464/2170/660 473/2171/660 470/2172/660
f 694/2173/661 703/2174/661 702/2175/661 691/2176/661
f 585/2177/662 598/2178/662 593/2179/662 590/2180/662
f 658/2181/663 352/2182/663 351/2183/663 657/2184/663
f 836/2185/664 839/2186/664 533/2187/664 530/2188/664
f 627/2189/665 636/2190/665 330/2191/666 321/2192/665
f 423/2193/667 422/2194/667 728/2195/667 729/2196/667
f 407/2197/668 409/2198/668 416/2199/668 405/2200/668
f 792/2201/669 803/2202/669 497/2203/669 486/2204/669
f 711/2205/670 405/2206/670 417/2207/670 723/2208/670
f 733/2209/671 427/2210/671 425/2211/671 731/2212/671
f 397/2213/672 384/2214/672 386/2215/672 388/2216/672
f 714/2217/673 712/2218/673 406/2219/673 408/2220/673
f 777/2221/674 778/2222/674 767/2223/674 780/2224/674
f 679/2225/675 669/2226/676 674/2227/676 672/2228/676
f 693/2229/677 691/2230/677 385/2231/677 387/2232/677
f 874/2233/678 872/2234/678 566/2235/678 568/2236/678
f 600/2237/679 294/2238/679 295/2239/679 601/2240/679
f 653/2241/680 347/2242/680 354/2243/680 660/2244/680
f 801/2245/681 789/2246/681 788/2247/681 797/2248/681
f 463/2249/682 462/2250/682 768/2251/682 769/2252/682
f 484/2253/683 496/2254/683 802/2255/683 790/2256/683
f 308/2257/684 307/2258/684 296/2259/684 298/2260/684
f 757/2261/685 749/2262/685 748/2263/685 758/2264/685
f 701/2265/686 703/2266/686 697/2267/686 689/2268/686
f 430/2269/687 425/2270/687 427/2271/687 429/2272/687
f 786/2273/688 480/2274/688 481/2275/688 787/2276/688
f 492/2277/689 484/2278/690 494/2279/690 495/2280/691
f 730/2281/692 739/2282/693 433/2283/694 424/2284/695
f 351/2285/696 352/2286/697 349/2287/698 341/2288/698
f 296/2289/699 294/2290/699 600/2291/699 602/2292/699
f 636/2293/700 627/2294/701 642/2295/702 637/2296/700
f 811/2297/703 505/2298/703 518/2299/703 824/2300/703
f 798/2301/704 804/2302/704 498/2303/704 492/2304/704
f 666/2305/705 360/2306/705 359/2307/705 665/2308/705
f 279/2309/706 284/2310/706 287/2311/706 292/2312/706
f 796/2313/707 490/2314/707 497/2315/707 803/2316/707
f 424/2317/708 435/2318/708 741/2319/708 730/2320/708
f 752/2321/709 762/2322/709 456/2323/709 446/2324/709
f 439/2325/710 424/2326/711 433/2327/710 434/2328/710
f 642/2329/712 641/2330/712 626/2331/712 637/2332/712
f 831/2333/713 833/2334/713 527/2335/713 525/2336/713
f 852/2337/714 862/2338/714 556/2339/714 546/2340/714
f 747/2341/715 441/2342/715 453/2343/715 759/2344/715
f 856/2345/716 855/2346/716 853/2347/716 851/2348/716
f 303/2349/717 305/2350/717 306/2351/717 301/2352/717
f 678/2353/718 672/2354/718 682/2355/718 667/2356/718
f 439/2357/719 434/2358/719 423/2359/719 438/2360/719
f 865/2361/720 864/2362/720 849/2363/720 860/2364/720
f 757/2365/721 759/2366/721 453/2367/721 451/2368/721
f 860/2369/722 554/2370/722 553/2371/722 859/2372/722
f 854/2373/723 548/2374/723 547/2375/723 853/2376/723
f 856/2377/724 550/2378/724 556/2379/724 862/2380/724
f 381/2381/725 379/2382/725 685/2383/725 687/2384/725
f 865/2385/726 559/2386/726 558/2387/726 864/2388/726
f 373/2389/727 366/2390/727 368/2391/727 363/2392/727
f 677/2393/728 675/2394/728 369/2395/728 371/2396/728
f 850/2397/729 544/2398/729 555/2399/729 861/2400/729
f 841/2401/730 843/2402/730 838/2403/730 830/2404/731
f 710/2405/732 718/2406/733 412/2407/734 404/2408/734
f 689/2409/735 699/2410/735 393/2411/735 383/2412/735
f 324/2413/736 326/2414/736 327/2415/736 322/2416/736
f 419/2417/737 413/2418/737 403/2419/737 418/2420/737
f 637/2421/738 626/2422/738 625/2423/738 634/2424/738
f 740/2425/739 729/2426/739 728/2427/739 737/2428/739
f 875/2429/740 877/2430/740 870/2431/740 882/2432/740
f 430/2433/741 429/2434/741 426/2435/741 436/2436/741
f 677/2437/742 371/2438/742 370/2439/742 676/2440/742
f 380/2441/743 390/2442/743 394/2443/743 392/2444/743
f 447/2445/744 449/2446/744 450/2447/744 445/2448/744
f 562/2449/745 560/2450/745 866/2451/745 868/2452/745
f 870/2453/746 564/2454/746 576/2455/746 882/2456/746
f 756/2457/747 755/2458/747 753/2459/747 751/2460/747
f 880/2461/748 870/2462/748 877/2463/748 881/2464/748
f 530/2465/749 531/2466/749 522/2467/749 523/2468/749
f 642/2469/750 336/2470/750 335/2471/750 641/2472/750
f 597/2473/751 586/2474/751 589/2475/751 590/2476/751
f 505/2477/752 517/2478/753 512/2479/754 518/2480/753
f 690/2481/755 704/2482/755 697/2483/755 703/2484/755
f 722/2485/756 711/2486/756 723/2487/756 725/2488/756
f 376/2489/757 366/2490/757 372/2491/757 361/2492/757
f 871/2493/758 565/2494/758 578/2495/758 884/2496/758
f 736/2497/759 430/2498/759 436/2499/759 742/2500/759
f 807/2501/760 501/2502/760 513/2503/760 819/2504/760
f 777/2505/761 471/2506/761 475/2507/761 781/2508/761
f 765/2509/762 757/2510/762 760/2511/762 750/2512/762
f 727/2513/763 421/2514/763 432/2515/763 738/2516/763
f 358/2517/764 367/2518/764 371/2519/765 369/2520/764
f 765/2521/766 764/2522/766 749/2523/766 757/2524/766
f 736/2525/767 735/2526/767 733/2527/767 731/2528/767
f 808/2529/768 502/2530/768 500/2531/768 806/2532/768
f 371/2533/769 367/2534/769 359/2535/770 360/2536/769
f 729/2537/771 744/2538/771 438/2539/771 423/2540/771
f 750/2541/772 760/2542/773 454/2543/774 444/2544/774
f 395/2545/775 383/2546/775 391/2547/775 397/2548/775
f 464/2549/776 476/2550/776 782/2551/776 770/2552/776
f 590/2553/777 596/2554/777 290/2555/777 284/2556/777
f 703/2557/778 701/2558/778 395/2559/778 397/2560/778
f 776/2561/779 782/2562/779 476/2563/779 470/2564/779
f 745/2565/780 743/2566/780 437/2567/780 439/2568/780
f 877/2569/781 884/2570/781 578/2571/781 571/2572/781
f 638/2573/782 633/2574/782 642/2575/782 627/2576/782
f 721/2577/783 712/2578/784 715/2579/784 722/2580/784
f 821/2581/785 823/2582/786 818/2583/786 810/2584/786
f 659/2585/787 653/2586/787 655/2587/787 647/2588/787
f 490/2589/788 492/2590/788 498/2591/788 485/2592/788
f 469/2593/789 466/2594/790 477/2595/791 470/2596/792
f 684/2597/793 686/2598/793 696/2599/793 695/2600/793
f 434/2601/794 431/2602/794 422/2603/794 423/2604/794
f 709/2605/795 724/2606/795 418/2607/795 403/2608/795
f 622/2609/796 621/2610/796 605/2611/796 617/2612/796
f 697/2613/797 700/2614/797 699/2615/797 689/2616/797
f 495/2617/798 493/2618/798 481/2619/798 491/2620/798
f 609/2621/799 303/2622/799 301/2623/799 607/2624/799
f 851/2625/800 853/2626/800 547/2627/800 545/2628/800
f 794/2629/801 488/2630/801 487/2631/801 793/2632/801
f 722/2633/802 720/2634/802 414/2635/802 416/2636/802
f 443/2637/803 442/2638/803 748/2639/803 749/2640/803
f 798/2641/804 492/2642/804 499/2643/804 805/2644/804
f 284/2645/805 279/2646/805 281/2647/805 283/2648/805
f 746/2649/806 440/2650/806 441/2651/806 747/2652/806
f 537/2653/807 525/2654/807 527/2655/807 529/2656/807
f 419/2657/808 404/2658/808 412/2659/808 413/2660/809
f 655/2661/810 349/2662/810 356/2663/810 662/2664/810
f 523/2665/811 522/2666/811 828/2667/811 829/2668/811
f 619/2669/812 608/2670/813 611/2671/813 612/2672/813
f 610/2673/814 608/2674/814 302/2675/814 304/2676/814
f 692/2677/815 386/2678/815 384/2679/815 690/2680/815
f 866/2681/816 560/2682/816 561/2683/816 867/2684/816
f 719/2685/817 717/2686/817 411/2687/817 413/2688/817
f 801/2689/818 495/2690/818 494/2691/818 800/2692/818
f 290/2693/819 278/2694/819 287/2695/819 284/2696/819
f 774/2697/820 468/2698/820 467/2699/820 773/2700/820
f 862/2701/821 852/2702/821 855/2703/821 856/2704/821
f 816/2705/822 510/2706/822 514/2707/822 820/2708/822
f 834/2709/823 528/2710/823 527/2711/823 833/2712/823
f 567/2713/824 572/2714/824 569/2715/824 565/2716/824
f 507/2717/825 509/2718/825 517/2719/825 505/2720/825
f 316/2721/826 314/2722/826 301/2723/826 306/2724/826
f 647/2725/827 657/2726/827 351/2727/827 341/2728/827
f 823/2729/828 517/2730/828 516/2731/828 822/2732/828
f 633/2733/829 632/2734/829 630/2735/829 628/2736/829
f 809/2737/830 825/2738/830 519/2739/830 503/2740/830
f 703/2741/831 694/2742/831 692/2743/831 690/2744/831
f 475/2745/832 471/2746/832 473/2747/832 464/2748/832
f 587/2749/833 281/2750/833 279/2751/833 585/2752/833
f 541/2753/834 551/2754/834 554/2755/835 552/2756/834
f 571/2757/836 575/2758/836 563/2759/836 579/2760/836
f 311/2761/837 308/2762/837 298/2763/837 299/2764/837
f 875/2765/838 882/2766/838 576/2767/838 569/2768/838
f 323/2769/839 333/2770/839 327/2771/839 326/2772/839
f 766/2773/840 460/2774/840 461/2775/840 767/2776/840
f 725/2777/841 724/2778/841 709/2779/841 719/2780/841
f 599/2781/842 293/2782/842 277/2783/842 583/2784/842
f 832/2785/843 842/2786/843 536/2787/843 526/2788/843
f 796/2789/844 791/2790/844 804/2791/844 798/2792/844
f 585/2793/845 279/2794/845 292/2795/845 598/2796/845
f 577/2797/846 569/2798/846 572/2799/846 566/2800/846
f 403/2801/847 402/2802/847 708/2803/847 709/2804/847
f 777/2805/848 780/2806/848 474/2807/848 471/2808/848
f 574/2809/849 575/2810/849 571/2811/849 564/2812/849
f 631/2813/850 629/2814/850 323/2815/850 325/2816/850
f 623/2817/851 317/2818/851 318/2819/851 624/2820/851
f 843/2821/852 537/2822/852 536/2823/852 842/2824/852
f 881/2825/853 575/2826/853 574/2827/853 880/2828/853
f 510/2829/854 513/2830/855 501/2831/855 511/2832/855
f 726/2833/856 420/2834/856 421/2835/856 727/2836/856
f 510/2837/857 511/2838/858 502/2839/858 503/2840/858
f 664/2841/859 675/2842/860 677/2843/861 673/2844/860
f 588/2845/862 586/2846/862 280/2847/862 282/2848/862
f 554/2849/863 551/2850/863 542/2851/863 543/2852/863
f 561/2853/864 570/2854/864 575/2855/864 573/2856/864
f 765/2857/865 763/2858/865 457/2859/865 459/2860/865
f 682/2861/866 376/2862/866 375/2863/866 681/2864/866
f 614/2865/867 604/2866/868 602/2867/868 613/2868/868
f 287/2869/869 285/2870/869 277/2871/869 293/2872/869
f 671/2873/870 365/2874/870 364/2875/870 670/2876/870
f 612/2877/871 611/2878/871 609/2879/871 607/2880/871
f 591/2881/872 592/2882/872 581/2883/872 594/2884/872
f 796/2885/873 795/2886/873 793/2887/873 791/2888/873
f 633/2889/874 638/2890/874 332/2891/874 327/2892/874
f 402/2893/875 400/2894/875 706/2895/875 708/2896/875
f 487/2897/876 489/2898/876 490/2899/876 485/2900/876
f 362/2901/877 366/2902/877 376/2903/877 374/2904/877
f 736/2905/878 741/2906/878 435/2907/878 430/2908/878
f 622/2909/879 316/2910/879 315/2911/879 621/2912/879
f 319/2913/880 317/2914/880 623/2915/880 625/2916/880
f 359/2917/881 357/2918/881 663/2919/881 665/2920/881
f 376/2921/882 371/2922/882 360/2923/882 375/2924/882
f 881/2925/883 879/2926/883 573/2927/883 575/2928/883
f 682/2929/884 681/2930/884 666/2931/884 677/2932/884
f 633/2933/885 628/2934/885 640/2935/885 642/2936/885
f 792/2937/886 795/2938/887 796/2939/887 803/2940/887
f 856/2941/888 861/2942/888 555/2943/888 550/2944/888
f 877/2945/889 571/2946/889 579/2947/889 885/2948/889
f 451/2949/890 452/2950/890 442/2951/890 443/2952/890
f 906/2953/891 967/2954/891 966/2955/891 902/2956/891
f 892/2957/892 922/2958/892 921/2959/892 891/2960/892
f 899/2961/893 945/2962/893 944/2963/893 894/2964/893
f 936/2965/894 935/2966/894 894/2967/894 895/2968/894
f 941/2969/895 942/2970/895 943/2971/895 940/2972/895
f 180/2973/896 189/2974/896 184/2975/896 225/2976/896
f 267/2977/897 262/2978/897 268/2979/897 273/2980/897
f 232/2981/898 238/2982/898 242/2983/898 237/2984/898
f 255/2985/899 261/2986/899 265/2987/899 260/2988/899
f 200/2989/900 199/2990/900 190/2991/900 195/2992/900
f 153/2993/901 152/2994/901 143/2995/901 148/2996/901
f 256/2997/902 257/2998/902 266/2999/903 261/3000/902
f 210/3001/904 209/3002/904 200/3003/904 205/3004/904
f 249/3005/905 254/3006/906 259/3007/906 253/3008/906
f 194/3009/907 199/3010/907 204/3011/907 198/3012/907
f 156/3013/908 161/3014/908 166/3015/908 160/3016/908
f 159/3017/909 165/3018/909 169/3019/909 164/3020/909
f 201/3021/910 206/3022/910 211/3023/910 205/3024/910
f 144/3025/911 149/3026/911 154/3027/911 148/3028/911
f 162/3029/912 163/3030/912 172/3031/912 167/3032/912
f 158/3033/913 164/3034/913 168/3035/913 163/3036/913
f 185/3037/914 191/3038/914 195/3039/914 190/3040/914
f 206/3041/915 212/3042/915 216/3043/915 211/3044/915
f 139/3045/916 145/3046/916 149/3047/916 144/3048/916
f 160/3049/917 166/3050/917 170/3051/917 165/3052/917
f 236/3053/918 237/3054/918 246/3055/918 241/3056/918
f 161/3057/919 167/3058/919 171/3059/919 166/3060/919
f 954/3061/920 953/3062/920 900/3063/920 901/3064/920
f 984/3065/921 983/3066/921 907/3067/921 906/3068/921
f 897/3069/922 932/3070/922 931/3071/922 896/3072/922
f 909/3073/923 908/3074/923 889/3075/923 888/3076/923
f 183/3077/924 184/3078/924 188/3079/924
f 133/3080/925 134/3081/925 138/3082/925
f 176/3083/926 175/3084/926 170/3085/926
f 222/3086/927 221/3087/927 216/3088/927
f 221/3089/928 220/3090/928 215/3091/928
f 177/3092/929 176/3093/929 171/3094/929
f 231/3095/930 227/3096/930 236/3097/930
f 269/3098/931 268/3099/931 263/3100/931
f 270/3101/932 269/3102/932 264/3103/932
f 183/3104/933 182/3105/934 225/3106/935 184/3107/936
f 231/3108/937 272/3109/937 227/3110/937
f 186/3111/938 192/3112/938 196/3113/938 191/3114/938
f 188/3115/939 194/3116/939 198/3117/939 193/3118/939
f 187/3119/940 193/3120/940 197/3121/940 192/3122/940
f 930/3123/941 931/3124/941 932/3125/941 929/3126/941
f 191/3127/942 196/3128/942 201/3129/942 195/3130/942
f 147/3131/943 152/3132/943 157/3133/943 151/3134/943
f 254/3135/944 260/3136/944 264/3137/944 259/3138/944
f 157/3139/945 162/3140/945 167/3141/945 161/3142/945
f 195/3143/946 201/3144/946 205/3145/946 200/3146/946
f 192/3147/947 197/3148/947 202/3149/947 196/3150/947
f 137/3151/948 141/3152/948 136/3153/948 178/3154/948
f 271/3155/949 266/3156/949 267/3157/949 273/3158/949
f 253/3159/950 259/3160/950 263/3161/950 258/3162/950
f 241/3163/951 246/3164/951 251/3165/951 245/3166/951
f 247/3167/952 246/3168/952 237/3169/952 242/3170/952
f 150/3171/953 156/3172/953 160/3173/953 155/3174/953
f 155/3175/954 160/3176/954 165/3177/954 159/3178/954
f 233/3179/955 239/3180/955 243/3181/955 238/3182/955
f 223/3183/956 218/3184/956 224/3185/956 226/3186/956
f 152/3187/957 153/3188/957 162/3189/957 157/3190/957
f 205/3191/958 211/3192/958 215/3193/958 210/3194/958
f 196/3195/959 202/3196/959 206/3197/959 201/3198/959
f 204/3199/960 209/3200/960 214/3201/960 208/3202/960
f 208/3203/961 214/3204/961 218/3205/961 213/3206/961
f 257/3207/962 256/3208/962 247/3209/962 252/3210/962
f 145/3211/963 150/3212/963 155/3213/963 149/3214/963
f 148/3215/964 154/3216/964 158/3217/964 153/3218/964
f 203/3219/965 208/3220/965 213/3221/965 207/3222/965
f 151/3223/966 157/3224/966 161/3225/966 156/3226/966
f 270/3227/967 265/3228/967 271/3229/967 273/3230/967
f 239/3231/968 244/3232/968 249/3233/968 243/3234/968
f 193/3235/969 198/3236/969 203/3237/969 197/3238/969
f 199/3239/970 200/3240/970 209/3241/970 204/3242/970
f 246/3243/971 247/3244/971 256/3245/971 251/3246/971
f 142/3247/972 143/3248/972 152/3249/972 147/3250/972
f 222/3251/973 217/3252/973 223/3253/973 226/3254/973
f 197/3255/974 203/3256/974 207/3257/974 202/3258/974
f 173/3259/975 168/3260/975 174/3261/975 179/3262/975
f 209/3263/976 210/3264/976 219/3265/976 214/3266/976
f 189/3267/977 190/3268/977 199/3269/977 194/3270/977
f 182/3271/978 186/3272/978 181/3273/978 225/3274/978
f 250/3275/979 255/3276/979 260/3277/979 254/3278/979
f 149/3279/980 155/3280/980 159/3281/980 154/3282/980
f 174/3283/981 169/3284/981 175/3285/981 179/3286/981
f 163/3287/982 162/3288/982 153/3289/982 158/3290/982
f 234/3291/983 240/3292/983 244/3293/983 239/3294/983
f 136/3295/984 140/3296/984 135/3297/984 178/3298/984
f 230/3299/985 234/3300/985 229/3301/985 272/3302/985
f 141/3303/986 147/3304/986 151/3305/986 146/3306/986
f 181/3307/987 185/3308/988 180/3309/988 225/3310/988
f 138/3311/989 144/3312/989 148/3313/989 143/3314/989
f 140/3315/990 146/3316/990 150/3317/990 145/3318/990
f 190/3319/991 189/3320/991 180/3321/992 185/3322/991
f 146/3323/993 151/3324/993 156/3325/993 150/3326/993
f 133/3327/994 142/3328/995 137/3329/995 178/3330/995
f 207/3331/996 213/3332/996 217/3333/996 212/3334/996
f 238/3335/997 243/3336/997 248/3337/997 242/3338/997
f 243/3339/998 249/3340/998 253/3341/998 248/3342/998
f 235/3343/999 241/3344/999 245/3345/999 240/3346/999
f 242/3347/1000 248/3348/1000 252/3349/1000 247/3350/1000
f 154/3351/1001 159/3352/1002 164/3353/1002 158/3354/1002
f 228/3355/1003 232/3356/1003 227/3357/1003 272/3358/1003
f 229/3359/1004 233/3360/1004 228/3361/1004 272/3362/1004
f 177/3363/1005 172/3364/1005 173/3365/1005 179/3366/1005
f 248/3367/1006 253/3368/1006 258/3369/1006 252/3370/1006
f 251/3371/1007 256/3372/1007 261/3373/1007 255/3374/1007
f 202/3375/1008 207/3376/1008 212/3377/1008 206/3378/1008
f 269/3379/1009 270/3380/1009 273/3381/1009 268/3382/1009
f 252/3383/1010 258/3384/1010 262/3385/1010 257/3386/1010
f 240/3387/1011 245/3388/1011 250/3389/1011 244/3390/1011
f 244/3391/1012 250/3392/1012 254/3393/1012 249/3394/1012
f 176/3395/1013 177/3396/1013 179/3397/1013 175/3398/1013
f 231/3399/1014 235/3400/1014 230/3401/1014 272/3402/1014
f 221/3403/1015 222/3404/1015 226/3405/1015 220/3406/1015
f 245/3407/1016 251/3408/1016 255/3409/1016 250/3410/1016
f 224/3411/1017 219/3412/1017 220/3413/1017 226/3414/1017
f 198/3415/1018 204/3416/1018 208/3417/1018 203/3418/1018
f 264/3419/1019 269/3420/1019 263/3421/1019 259/3422/1019
f 139/3423/1020 144/3424/1020 138/3425/1020 134/3426/1020
f 137/3427/1021 142/3428/1022 147/3429/1022 141/3430/1022
f 172/3431/1023 177/3432/1023 171/3433/1023 167/3434/1023
f 987/3435/1024 988/3436/1024 989/3437/1024 990/3438/1024
f 135/3439/1025 134/3440/1026 133/3441/1027 178/3442/1028
f 229/3443/1029 234/3444/1029 239/3445/1029 233/3446/1029
f 188/3447/1030 193/3448/1030 187/3449/1030 183/3450/1030
f 182/3451/1031 187/3452/1031 192/3453/1031 186/3454/1031
f 236/3455/1032 241/3456/1032 235/3457/1032 231/3458/1032
f 136/3459/1033 141/3460/1034 146/3461/1035 140/3462/1034
f 236/3463/1036 227/3464/1037 232/3465/1037 237/3466/1037
f 925/3467/1038 924/3468/1038 899/3469/1038 890/3470/1038
f 907/3471/1039 968/3472/1039 967/3473/1039 906/3474/1039
f 894/3475/1040 935/3476/1040 934/3477/1040 890/3478/1040
f 219/3479/1041 210/3480/1041 215/3481/1041 220/3482/1041
f 982/3483/1042 981/3484/1042 899/3485/1042 886/3486/1042
f 886/3487/1043 913/3488/1043 912/3489/1043 887/3490/1043
f 171/3491/1044 176/3492/1045 170/3493/1045 166/3494/1045
f 938/3495/1046 937/3496/1046 898/3497/1046 893/3498/1046
f 899/3499/1047 927/3500/1047 926/3501/1047 890/3502/1047
f 898/3503/1048 991/3504/1048 993/3505/1048 889/3506/1048
f 983/3507/1049 984/3508/1049 985/3509/1049 986/3510/1049
f 898/3511/1050 973/3512/1050 975/3513/1050 907/3514/1050
f 904/3515/1051 980/3516/1051 982/3517/1051 886/3518/1051
f 899/3519/1052 981/3520/1052 980/3521/1052 904/3522/1052
f 948/3523/1053 949/3524/1053 950/3525/1053 947/3526/1053
f 213/3527/1054 218/3528/1054 223/3529/1054 217/3530/1054
f 946/3531/1055 945/3532/1055 899/3533/1055 900/3534/1055
f 948/3535/1056 947/3536/1056 897/3537/1056 896/3538/1056
f 261/3539/1057 266/3540/1057 271/3541/1058 265/3542/1057
f 165/3543/1059 170/3544/1059 175/3545/1059 169/3546/1059
f 898/3547/1060 937/3548/1060 939/3549/1060 897/3550/1060
f 212/3551/1061 217/3552/1061 222/3553/1061 216/3554/1061
f 230/3555/1062 235/3556/1062 240/3557/1062 234/3558/1062
f 214/3559/1063 219/3560/1063 224/3561/1063 218/3562/1063
f 228/3563/1064 233/3564/1064 238/3565/1064 232/3566/1064
f 899/3567/1065 963/3568/1065 962/3569/1065 900/3570/1065
f 992/3571/1066 991/3572/1066 898/3573/1066 907/3574/1066
f 142/3575/1067 133/3576/1067 138/3577/1068 143/3578/1067
f 181/3579/1069 186/3580/1069 191/3581/1069 185/3582/1069
f 216/3583/1070 221/3584/1070 215/3585/1070 211/3586/1070
f 956/3587/1071 955/3588/1071 898/3589/1071 897/3590/1071
f 173/3591/1072 172/3592/1072 163/3593/1072 168/3594/1072
f 904/3595/1073 988/3596/1073 987/3597/1073 905/3598/1073
f 164/3599/1074 169/3600/1074 174/3601/1074 168/3602/1074
f 260/3603/1075 265/3604/1075 270/3605/1075 264/3606/1075
f 898/3607/1076 955/3608/1076 957/3609/1076 903/3610/1076
f 930/3611/1077 929/3612/1077 893/3613/1077 892/3614/1077
f 890/3615/1078 934/3616/1078 933/3617/1078 891/3618/1078
f 135/3619/1079 140/3620/1079 145/3621/1079 139/3622/1079
f 903/3623/1080 950/3624/1080 949/3625/1080 902/3626/1080
f 990/3627/1081 989/3628/1081 886/3629/1081 887/3630/1081
f 898/3631/1082 916/3632/1082 918/3633/1082 893/3634/1082
f 913/3635/1083 914/3636/1083 915/3637/1083 912/3638/1083
f 966/3639/1084 965/3640/1084 903/3641/1084 902/3642/1084
f 994/3643/1085 995/3644/1085 996/3645/1085 997/3646/1085
f 189/3647/1086 194/3648/1086 188/3649/1086 184/3650/1086
f 964/3651/1087 963/3652/1087 899/3653/1087 904/3654/1087
f 928/3655/1088 927/3656/1088 899/3657/1088 894/3658/1088
f 267/3659/1089 266/3660/1089 257/3661/1089 262/3662/1089
f 920/3663/1090 921/3664/1090 922/3665/1090 919/3666/1090
f 910/3667/1091 909/3668/1091 888/3669/1091 892/3670/1091
f 912/3671/1092 915/3672/1092 891/3673/1092 887/3674/1092
f 897/3675/1093 947/3676/1093 950/3677/1093 903/3678/1093
f 916/3679/1094 917/3680/1094 918/3681/1094
f 905/3682/1095 987/3683/1095 990/3684/1095 887/3685/1095
f 918/3686/1096 917/3687/1096 889/3688/1096 893/3689/1096
f 939/3690/1097 938/3691/1097 893/3692/1097 897/3693/1097
f 888/3694/1098 919/3695/1098 922/3696/1098 892/3697/1098
f 920/3698/1099 919/3699/1099 888/3700/1099 887/3701/1099
f 890/3702/1100 914/3703/1100 913/3704/1100 886/3705/1100
f 923/3706/1101 924/3707/1101 925/3708/1101
f 889/3709/1102 908/3710/1102 911/3711/1102 893/3712/1102
f 926/3713/1103 927/3714/1103 928/3715/1103
f 934/3716/1104 935/3717/1104 936/3718/1104 933/3719/1104
f 888/3720/1105 985/3721/1105 984/3722/1105 906/3723/1105
f 889/3724/1106 986/3725/1106 985/3726/1106 888/3727/1106
f 931/3728/1107 930/3729/1107 892/3730/1107 896/3731/1107
f 933/3732/1108 936/3733/1108 895/3734/1108 891/3735/1108
f 937/3736/1109 938/3737/1109 939/3738/1109
f 895/3739/1110 959/3740/1110 958/3741/1110 896/3742/1110
f 940/3743/1098 943/3744/1098 896/3745/1098 892/3746/1098
f 901/3747/1111 960/3748/1111 959/3749/1111 895/3750/1111
f 891/3751/1112 941/3752/1112 940/3753/1112 892/3754/1112
f 895/3755/1111 942/3756/1111 941/3757/1111 891/3758/1111
f 944/3759/1113 945/3760/1113 946/3761/1113
f 923/3762/1114 925/3763/1114 890/3764/1114 886/3765/1114
f 978/3766/1111 977/3767/1111 901/3768/1111 905/3769/1111
f 915/3770/1115 914/3771/1115 890/3772/1115 891/3773/1115
f 949/3774/1116 948/3775/1116 896/3776/1116 902/3777/1116
f 909/3778/1117 910/3779/1117 911/3780/1117 908/3781/1117
f 893/3782/1118 911/3783/1118 910/3784/1118 892/3785/1118
f 957/3786/1119 956/3787/1119 897/3788/1119 903/3789/1119
f 900/3790/1120 953/3791/1120 952/3792/1120 894/3793/1120
f 955/3794/1121 956/3795/1121 957/3796/1121
f 258/3797/1122 263/3798/1122 268/3799/1122 262/3800/1122
f 959/3801/1123 960/3802/1123 961/3803/1123 958/3804/1123
f 899/3805/1124 924/3806/1124 923/3807/1124 886/3808/1124
f 944/3809/1125 946/3810/1125 900/3811/1125 894/3812/1125
f 961/3813/1126 960/3814/1126 901/3815/1126 902/3816/1126
f 958/3817/1098 961/3818/1098 902/3819/1098 896/3820/1098
f 926/3821/1127 928/3822/1127 894/3823/1127 890/3824/1127
f 921/3825/1111 920/3826/1111 887/3827/1111 891/3828/1111
f 962/3829/1128 963/3830/1128 964/3831/1128
f 965/3832/1129 968/3833/1129 907/3834/1129 903/3835/1129
f 901/3836/1130 977/3837/1130 976/3838/1130 902/3839/1130
f 952/3840/1131 953/3841/1131 954/3842/1131 951/3843/1131
f 894/3844/1132 952/3845/1132 951/3846/1132 895/3847/1132
f 971/3848/1133 970/3849/1133 900/3850/1133 904/3851/1133
f 973/3852/1134 974/3853/1134 975/3854/1134
f 900/3855/1135 962/3856/1135 964/3857/1135 904/3858/1135
f 979/3859/1136 978/3860/1136 905/3861/1136 906/3862/1136
f 902/3863/1098 976/3864/1098 979/3865/1098 906/3866/1098
f 995/3867/1137 994/3868/1137 906/3869/1137 905/3870/1137
f 994/3871/1098 997/3872/1098 888/3873/1098 906/3874/1098
f 980/3875/1138 981/3876/1138 982/3877/1138
f 974/3878/1139 973/3879/1139 898/3880/1139 903/3881/1139
f 907/3882/1140 975/3883/1140 974/3884/1140 903/3885/1140
f 969/3886/1141 970/3887/1141 971/3888/1141 972/3889/1141
f 972/3890/1142 971/3891/1142 904/3892/1142 905/3893/1142
f 983/3894/1143 986/3895/1143 889/3896/1143 907/3897/1143
f 900/3898/1144 970/3899/1144 969/3900/1144 901/3901/1144
f 901/3902/1145 969/3903/1145 972/3904/1145 905/3905/1145
f 965/3906/1146 966/3907/1146 967/3908/1146 968/3909/1146
f 989/3910/1147 988/3911/1147 904/3912/1147 886/3913/1147
f 991/3914/1148 992/3915/1148 993/3916/1148
f 976/3917/1149 977/3918/1149 978/3919/1149 979/3920/1149
f 917/3921/1150 916/3922/1150 898/3923/1150 889/3924/1150
f 889/3925/1151 993/3926/1151 992/3927/1151 907/3928/1151
f 888/3929/1152 997/3930/1152 996/3931/1152 887/3932/1152
f 951/3933/1153 954/3934/1153 901/3935/1153 895/3936/1153
f 893/3937/1154 929/3938/1154 932/3939/1154 897/3940/1154
f 887/3941/1111 996/3942/1111 995/3943/1111 905/3944/1111
f 183/3945/1155 187/3946/1156 182/3947/1157
f 135/3948/1158 139/3949/1159 134/3950/1160
f 943/3951/1161 942/3952/1161 895/3953/1161 896/3954/1161
