# Blender v3.0.0 OBJ File: 'aa.blend'
# www.blender.org
mtllib Palm_7.mtl
o Palm_7
v 0.030349 -0.000000 -0.191676
v 0.955810 1.940542 -0.098819
v 0.173115 -0.000000 -0.109027
v 1.002807 1.881780 -0.055376
v 0.173115 0.000000 0.056269
v 1.002807 1.881780 0.031507
v 0.030349 0.000000 0.138918
v 0.955810 1.940542 0.074950
v -0.112417 0.000000 0.056269
v 0.908812 1.999303 0.031507
v -0.112417 -0.000000 -0.109027
v 0.908812 1.999303 -0.055376
v 0.071888 0.225584 -0.251647
v 0.098313 0.418380 -0.237019
v 0.134286 0.609828 -0.220329
v 0.185910 0.798319 -0.203857
v 0.256903 0.980686 -0.189893
v 0.342088 1.157825 -0.175317
v 0.439596 1.329706 -0.160810
v 0.550190 1.495009 -0.142679
v 0.675028 1.651321 -0.124042
v 0.810409 1.800043 -0.108453
v 0.867146 1.738660 -0.060193
v 0.745919 1.584982 -0.067988
v 0.638373 1.423984 -0.077306
v 0.545913 1.256770 -0.086371
v 0.464701 1.087211 -0.093624
v 0.396193 0.914727 -0.100913
v 0.341407 0.739606 -0.107895
v 0.307741 0.559976 -0.116131
v 0.289331 0.379518 -0.124476
v 0.277917 0.200111 -0.131790
v 0.867146 1.738660 0.036326
v 0.745919 1.584982 0.044120
v 0.638373 1.423984 0.053438
v 0.545913 1.256770 0.062504
v 0.464701 1.087211 0.069759
v 0.396193 0.914727 0.077046
v 0.341407 0.739606 0.084030
v 0.307741 0.559976 0.092266
v 0.289331 0.379519 0.100610
v 0.277917 0.200111 0.107925
v 0.810409 1.800043 0.084586
v 0.675028 1.651321 0.100176
v 0.550190 1.495009 0.118811
v 0.439596 1.329706 0.136942
v 0.342088 1.157825 0.151450
v 0.256903 0.980686 0.166026
v 0.185910 0.798319 0.179991
v 0.134286 0.609828 0.196463
v 0.098313 0.418381 0.213154
v 0.071888 0.225585 0.227782
v 0.753671 1.861426 0.036326
v 0.604137 1.717660 0.044120
v 0.462008 1.566034 0.053438
v 0.333279 1.402643 0.062504
v 0.219474 1.228440 0.069758
v 0.117614 1.046644 0.077046
v 0.030414 0.857032 0.084030
v -0.039168 0.659679 0.092266
v -0.092704 0.457243 0.100610
v -0.134143 0.251058 0.107924
v 0.753671 1.861426 -0.060193
v 0.604137 1.717660 -0.067989
v 0.462008 1.566034 -0.077306
v 0.333279 1.402643 -0.086372
v 0.219474 1.228440 -0.093624
v 0.117614 1.046644 -0.100913
v 0.030414 0.857032 -0.107895
v -0.039168 0.659679 -0.116131
v -0.092704 0.457243 -0.124476
v -0.134143 0.251057 -0.131790
v 0.074198 0.246192 -0.171150
v 0.210899 0.228152 -0.091542
v 0.210899 0.228152 0.067677
v 0.074198 0.246192 0.147285
v -0.062503 0.264232 0.067677
v -0.062503 0.264232 -0.091542
v 0.102074 0.438723 -0.161179
v 0.228510 0.411891 -0.086556
v 0.228510 0.411891 0.062692
v 0.102074 0.438724 0.137315
v -0.024362 0.465556 0.062692
v -0.024362 0.465556 -0.086556
v 0.139832 0.629813 -0.149984
v 0.254447 0.595797 -0.080959
v 0.254447 0.595797 0.057093
v 0.139832 0.629813 0.126118
v 0.025218 0.663828 0.057093
v 0.025218 0.663828 -0.080959
v 0.191349 0.818489 -0.139122
v 0.294056 0.778691 -0.075527
v 0.294056 0.778691 0.051661
v 0.191349 0.818489 0.115256
v 0.088641 0.858288 0.051661
v 0.088641 0.858288 -0.075527
v 0.265044 0.999967 -0.129861
v 0.356966 0.955462 -0.070897
v 0.356966 0.955462 0.047030
v 0.265044 0.999967 0.105995
v 0.173123 1.044472 0.047030
v 0.173123 1.044472 -0.070897
v 0.352144 1.176251 -0.120146
v 0.432957 1.128798 -0.066040
v 0.432957 1.128798 0.042174
v 0.352144 1.176251 0.096279
v 0.271331 1.223705 0.042172
v 0.271331 1.223705 -0.066040
v 0.451374 1.347218 -0.110235
v 0.521179 1.298486 -0.061085
v 0.521178 1.298486 0.037217
v 0.451374 1.347218 0.086368
v 0.381570 1.395949 0.037217
v 0.381570 1.395949 -0.061085
v 0.562129 1.512589 -0.097994
v 0.619791 1.465368 -0.054963
v 0.619791 1.465368 0.031097
v 0.562129 1.512589 0.074127
v 0.504467 1.559811 0.031097
v 0.504467 1.559811 -0.054963
v 0.688492 1.667944 -0.085655
v 0.734763 1.623955 -0.048794
v 0.734763 1.623955 0.024927
v 0.688492 1.667944 0.061788
v 0.642220 1.711932 0.024927
v 0.642220 1.711932 -0.048794
v 0.825434 1.815428 -0.075579
v 0.862538 1.774668 -0.043757
v 0.862538 1.774668 0.019889
v 0.825434 1.815428 0.051712
v 0.788331 1.856188 0.019889
v 0.788331 1.856188 -0.043757
v 1.439217 2.289773 -0.066913
v 1.459234 2.246571 -0.039424
v 1.459234 2.246571 0.015555
v 1.439217 2.289773 0.043045
v 1.419200 2.332975 0.015555
v 1.419200 2.332975 -0.039425
v 1.102291 2.065869 -0.090811
v 1.267686 2.183714 -0.076549
v 1.295971 2.135430 -0.044242
v 1.141257 2.009762 -0.051373
v 1.295971 2.135430 0.020374
v 1.141257 2.009762 0.027504
v 1.267686 2.183714 0.052682
v 1.102291 2.065869 0.066944
v 1.239401 2.231998 0.020374
v 1.063327 2.121976 0.027504
v 1.239401 2.231998 -0.044242
v 1.063327 2.121976 -0.051373
v 0.964230 1.947723 -0.075127
v 0.998245 1.904852 -0.043530
v 0.998245 1.904852 0.019663
v 0.964230 1.947723 0.051259
v 0.930214 1.990594 0.019663
v 0.930214 1.990594 -0.043530
v 1.119678 2.078596 -0.063508
v 1.144857 2.041706 -0.037721
v 1.144857 2.041706 0.013853
v 1.119678 2.078596 0.039640
v 1.094499 2.115487 0.013853
v 1.094499 2.115487 -0.037721
v 1.285386 2.196331 -0.054337
v 1.303687 2.164494 -0.033135
v 1.303687 2.164494 0.009267
v 1.285386 2.196331 0.030469
v 1.267087 2.228167 0.009267
v 1.267087 2.228167 -0.033135
v 1.767393 2.448939 -0.046930
v 1.758787 2.419879 -0.029433
v 1.758787 2.419879 0.005563
v 1.767393 2.448939 0.023062
v 1.776000 2.477998 0.005563
v 1.776000 2.477998 -0.029433
v 1.599521 2.373532 -0.060113
v 1.606925 2.332471 -0.036024
v 1.606925 2.332471 0.012154
v 1.599521 2.373532 0.036244
v 1.592116 2.414594 0.012154
v 1.592116 2.414594 -0.036024
v 1.453697 2.298181 -0.053138
v 1.468418 2.265675 -0.032536
v 1.468418 2.265675 0.008668
v 1.453697 2.298181 0.029270
v 1.438976 2.330687 0.008668
v 1.438976 2.330687 -0.032536
v 1.615652 2.380754 -0.043003
v 1.618979 2.354054 -0.027468
v 1.618979 2.354054 0.003600
v 1.615652 2.380754 0.019133
v 1.612324 2.407453 0.003600
v 1.612324 2.407453 -0.027468
v 1.670637 2.331250 0.244412
v 1.687150 2.343840 0.268651
v 1.716831 2.330194 0.267341
v 1.718554 2.309124 0.242199
v 1.690023 2.309735 0.227979
v 1.658707 2.368984 0.256795
v 1.713336 2.367629 0.284448
v 1.750514 2.326207 0.252972
v 1.718680 2.301896 0.206174
v 1.661718 2.328270 0.208612
v 1.637615 2.379366 0.212098
v 1.682050 2.413292 0.277430
v 1.761498 2.376479 0.273947
v 1.766027 2.319891 0.206500
v 1.689522 2.321569 0.168203
v 1.647132 2.442594 0.233963
v 1.737262 2.440624 0.279052
v 1.798333 2.372628 0.227275
v 1.746086 2.332686 0.150435
v 1.652470 2.375946 0.154522
v 1.639801 2.448388 0.169259
v 1.694754 2.490396 0.250073
v 1.793220 2.444902 0.245746
v 1.798816 2.374859 0.162217
v 1.704050 2.376879 0.114799
v 1.666891 2.510939 0.192691
v 1.756986 2.509018 0.237781
v 1.818099 2.441000 0.186029
v 1.765816 2.401052 0.109149
v 1.672210 2.444344 0.113271
v 1.675214 2.509291 0.133690
v 1.719604 2.543209 0.198967
v 1.799064 2.506437 0.195532
v 1.803620 2.449785 0.128054
v 1.727067 2.451521 0.089762
v 1.709637 2.545880 0.150142
v 1.764487 2.544655 0.177586
v 1.801410 2.503047 0.146223
v 1.769687 2.478859 0.099604
v 1.712901 2.505303 0.101793
v 1.729603 2.535728 0.120972
v 1.746160 2.548371 0.145283
v 1.776420 2.535510 0.143302
v 1.776922 2.512851 0.119511
v 1.749545 2.515009 0.103843
v 1.693963 2.315870 0.255542
v 1.757844 2.537710 0.121826
v 1.885839 2.313711 -0.052358
v 1.909928 2.310637 -0.031441
v 1.936786 2.320503 -0.047045
v 1.929271 2.329689 -0.077693
v 1.897883 2.325509 -0.080977
v 1.876647 2.317471 -0.017010
v 1.937139 2.325492 -0.010730
v 1.960232 2.348299 -0.065564
v 1.913839 2.354561 -0.105507
v 1.862175 2.335310 -0.075785
v 1.836740 2.346953 -0.034969
v 1.901383 2.338561 0.021022
v 1.973425 2.365084 -0.020735
v 1.953350 2.389959 -0.102730
v 1.868893 2.378759 -0.111531
v 1.847675 2.369427 0.019407
v 1.947022 2.382636 0.029739
v 1.984976 2.419997 -0.060399
v 1.908844 2.429848 -0.126411
v 1.823945 2.398601 -0.077188
v 1.810997 2.419445 -0.017085
v 1.891070 2.409138 0.052305
v 1.980343 2.441965 0.000569
v 1.955413 2.472624 -0.101046
v 1.850908 2.458724 -0.111924
v 1.838146 2.449976 0.034473
v 1.937560 2.463185 0.044829
v 1.975473 2.500570 -0.045355
v 1.899339 2.510379 -0.111308
v 1.814477 2.479173 -0.062134
v 1.818703 2.500006 -0.006304
v 1.883343 2.491564 0.049772
v 1.955436 2.518140 0.007946
v 1.935278 2.542983 -0.074031
v 1.850909 2.531787 -0.082797
v 1.852244 2.525676 0.021826
v 1.912540 2.533657 0.028121
v 1.935673 2.556697 -0.026528
v 1.889325 2.562733 -0.066673
v 1.837686 2.543712 -0.036722
v 1.857243 2.555490 -0.006869
v 1.881678 2.550319 0.012895
v 1.908318 2.562293 -0.001536
v 1.900915 2.570433 -0.032749
v 1.869449 2.566237 -0.036024
v 1.913149 2.309430 -0.060024
v 1.882455 2.570541 -0.011293
v 1.584411 2.358143 -0.177926
v 1.593177 2.340614 -0.155084
v 1.616447 2.325264 -0.161424
v 1.622067 2.333255 -0.188116
v 1.602204 2.353613 -0.198277
v 1.574919 2.370890 -0.149984
v 1.612923 2.331788 -0.130576
v 1.647185 2.323078 -0.169722
v 1.630473 2.356776 -0.213485
v 1.586030 2.386399 -0.201045
v 1.570101 2.416304 -0.172029
v 1.593432 2.369285 -0.111037
v 1.655645 2.328208 -0.128177
v 1.670879 2.349598 -0.199557
v 1.617891 2.404159 -0.226661
v 1.578370 2.427560 -0.122452
v 1.640914 2.363334 -0.090561
v 1.697132 2.349030 -0.154819
v 1.669648 2.404338 -0.226803
v 1.596323 2.452761 -0.206576
v 1.589209 2.481226 -0.157917
v 1.618145 2.423048 -0.082175
v 1.695266 2.372172 -0.103471
v 1.714160 2.398610 -0.191947
v 1.648339 2.466179 -0.225516
v 1.611472 2.485262 -0.106382
v 1.674000 2.421006 -0.074455
v 1.730248 2.406699 -0.138761
v 1.702739 2.462042 -0.210718
v 1.629432 2.510397 -0.190486
v 1.632994 2.525761 -0.141484
v 1.656285 2.478792 -0.080454
v 1.718531 2.437626 -0.097587
v 1.733752 2.459103 -0.169002
v 1.680742 2.513621 -0.196049
v 1.660455 2.519867 -0.108420
v 1.698316 2.480624 -0.089201
v 1.732452 2.471955 -0.128228
v 1.715980 2.505756 -0.171874
v 1.671346 2.535234 -0.159628
v 1.683120 2.530278 -0.129971
v 1.692506 2.513403 -0.106697
v 1.714519 2.496747 -0.113945
v 1.721462 2.506030 -0.139810
v 1.700964 2.525730 -0.150371
v 1.599251 2.334618 -0.178371
v 1.706315 2.521393 -0.126359
v 1.756994 2.695310 -0.012732
v 1.679241 2.738347 -0.151033
v 1.850283 2.745231 -0.138672
v 1.955387 2.737595 -0.388626
v 1.630875 2.659752 -0.642409
v 1.946247 2.538774 -0.835101
v 1.789291 2.295333 -0.998444
v 1.893470 2.298426 -0.989016
v 1.850628 2.166894 -1.057266
v 1.842564 2.302615 -1.002979
v 1.823238 2.559395 -0.870533
v 1.782341 2.803925 -0.408493
v 1.763648 2.773645 -0.138394
v 1.802222 2.733284 -0.662043
v 1.611943 2.728359 -0.417301
v 1.612588 2.711565 -0.448688
v 1.705176 2.510009 -0.863408
v 1.717005 2.489786 -0.890208
v 1.970527 2.652131 -0.671814
v 1.973023 2.662068 -0.641828
v 1.760945 2.652689 -0.018956
v 1.719608 2.727621 0.133540
v 1.593510 2.707735 -0.003920
v 1.648647 2.756748 0.267195
v 1.449742 2.725283 0.050408
v 1.321581 2.704063 0.117654
v 1.386283 2.694504 0.569726
v 0.991399 2.536074 0.517181
v 0.989021 2.314936 0.817563
v 0.914056 2.301358 0.733338
v 0.894883 2.173581 0.849619
v 0.943903 2.315135 0.780532
v 1.061919 2.580358 0.629783
v 1.662913 2.744055 0.055084
v 1.553925 2.791927 0.145863
v 1.569324 2.747231 0.394678
v 1.547043 2.734681 0.420520
v 1.444525 2.803880 0.242538
v 1.159400 2.544398 0.722473
v 1.130172 2.524100 0.739364
v 1.096430 2.638105 0.345674
v 1.117138 2.644636 0.318574
v 1.233782 2.746975 0.445462
v 1.754122 2.658643 -0.019364
v 1.914073 2.682172 -0.005974
v 1.805431 2.710367 0.124268
v 1.948316 2.696337 0.359794
v 2.337553 2.560432 0.258486
v 2.304260 2.462324 0.644345
v 2.512831 2.187151 0.647206
v 2.445136 2.203261 0.725531
v 2.517290 2.061195 0.749060
v 2.486160 2.200602 0.691941
v 2.405555 2.465593 0.563226
v 1.858038 2.728614 0.050819
v 2.170177 2.643941 0.100133
v 2.193660 2.624889 0.121259
v 2.068343 2.740789 0.222272
v 2.465012 2.402462 0.470034
v 2.478528 2.381997 0.498082
v 2.164534 2.591069 0.551707
v 2.139482 2.603448 0.534841
v 2.258856 2.653188 0.398829
v 1.753410 2.702750 -0.017019
v 1.836796 2.732790 -0.154573
v 1.909803 2.742261 0.001179
v 2.180528 2.712391 -0.025213
v 2.242954 2.608306 -0.425954
v 2.564234 2.471462 -0.232032
v 2.627433 2.210222 -0.430297
v 2.670182 2.215004 -0.334496
v 2.707344 2.076057 -0.395167
v 2.657518 2.217650 -0.386176
v 2.535420 2.487951 -0.358502
v 1.868107 2.770195 -0.076892
v 2.344723 2.681904 -0.290068
v 2.037614 2.697934 -0.340197
v 2.064879 2.678099 -0.353359
v 2.113795 2.776066 -0.191631
v 2.470748 2.437935 -0.455342
v 2.499662 2.415420 -0.456237
v 2.434621 2.600616 -0.140949
v 2.409873 2.613290 -0.125147
v 1.760964 2.653697 -0.012534
v 1.453104 2.730160 -0.038933
v 1.601768 2.719742 -0.283592
v 1.506134 2.700137 -0.385528
v 1.103339 2.656578 -0.199253
v 1.057934 2.514437 -0.582433
v 0.799987 2.277452 -0.498908
v 0.859005 2.272169 -0.592450
v 0.758481 2.139897 -0.576879
v 0.968124 2.547457 -0.485396
v 1.537242 2.783843 -0.160641
v 0.821923 2.281262 -0.551577
v 1.312872 2.716385 -0.076947
v 1.283540 2.703113 -0.090663
v 1.413442 2.786864 -0.236923
v 0.912568 2.503909 -0.367925
v 0.890650 2.483159 -0.390523
v 1.237030 2.624202 -0.532630
v 1.267590 2.632740 -0.520981
v 1.175452 2.722396 -0.375118
v 1.768623 2.565285 -0.000907
v 1.660671 2.631253 0.076547
v 1.653968 2.624266 -0.081225
v 1.543248 2.660655 0.128647
v 1.532269 2.649151 -0.128554
v 1.413766 2.642135 -0.151604
v 1.210196 2.629574 0.173428
v 0.982567 2.527148 -0.080263
v 0.814573 2.342274 0.105189
v 0.811917 2.336639 0.009568
v 0.734525 2.231277 0.070330
v 0.805685 2.345865 0.056656
v 1.667413 2.649342 -0.004441
v 1.549151 2.698709 -0.004434
v 1.185105 2.687052 0.011248
v 1.423390 2.659559 0.162322
v 1.394606 2.650330 0.166459
v 1.426457 2.716548 -0.001737
v 0.979453 2.521484 0.143575
v 0.950696 2.506182 0.137693
v 0.967606 2.558760 0.031704
v 1.144601 2.604391 -0.129996
v 1.173169 2.608825 -0.136282
v 1.764667 2.539274 -0.003159
v 1.806798 2.611154 0.140948
v 1.637427 2.597351 0.087741
v 1.470415 2.613554 0.314265
v 1.737683 2.605352 0.659280
v 1.377686 2.474859 0.807056
v 1.505092 2.267325 1.064170
v 1.402434 2.257545 1.030235
v 1.434177 2.138069 1.139768
v 1.450287 2.269575 1.054733
v 1.723901 2.636185 0.101643
v 1.809752 2.645695 0.424474
v 1.801750 2.632975 0.458612
v 1.636979 2.702693 0.357142
v 1.614282 2.475972 0.897512
v 1.596818 2.458199 0.925944
v 1.491915 2.514270 0.865497
v 1.389013 2.564585 0.612314
v 1.393290 2.570138 0.579808
v 1.557291 2.664261 0.621246
v 1.776015 2.523897 0.081407
v 1.913419 2.557561 0.143408
v 1.771016 2.585941 0.222570
v 1.820192 2.596192 0.479883
v 2.208489 2.483520 0.525000
v 2.053236 2.411040 0.865525
v 2.251322 2.159529 0.955139
v 2.163630 2.175659 1.002019
v 2.226797 2.044913 1.056472
v 2.211825 2.173528 0.985503
v 2.170944 2.415517 0.825644
v 1.842140 2.602247 0.172641
v 2.108421 2.543469 0.323517
v 2.123139 2.527975 0.351469
v 1.971696 2.637969 0.392739
v 2.258336 2.352778 0.766106
v 2.261918 2.335558 0.797134
v 1.953746 2.520359 0.728587
v 1.936324 2.529738 0.704422
v 2.086536 2.576669 0.618082
v 1.758153 2.460994 0.012877
v 1.871037 2.533818 -0.078896
v 1.867285 2.551367 0.086981
v 2.110825 2.625670 0.167899
v 2.352438 2.599229 -0.159865
v 2.585487 2.570487 0.140733
v 2.799116 2.379935 0.000014
v 2.795381 2.388998 0.101213
v 2.894432 2.283903 0.067495
v 2.804308 2.392585 0.050385
v 2.605909 2.589104 0.016681
v 2.100187 2.677530 -0.008166
v 1.854717 2.570311 0.000382
v 2.120698 2.596001 -0.165963
v 2.154680 2.589524 -0.166241
v 2.606402 2.531385 -0.091883
v 2.637914 2.521698 -0.080524
v 2.401612 2.629796 0.166668
v 2.370893 2.630532 0.170735
v 2.359441 2.687338 -0.003609
v 1.770160 2.483784 0.019958
v 1.643984 2.542728 -0.051317
v 1.790998 2.555847 -0.120920
v 1.759760 2.596166 -0.376461
v 1.369692 2.549722 -0.442069
v 1.531919 2.486455 -0.764762
v 1.312345 2.280435 -0.856826
v 1.402730 2.287086 -0.897842
v 1.327892 2.174680 -0.950849
v 1.354466 2.290725 -0.884684
v 1.415335 2.505054 -0.733164
v 1.612083 2.651810 -0.302591
v 1.721211 2.577643 -0.076042
v 1.505658 2.629927 -0.529348
v 1.463367 2.574482 -0.239453
v 1.448303 2.564274 -0.267769
v 1.318745 2.452074 -0.678164
v 1.314763 2.438390 -0.708469
v 1.634725 2.565278 -0.627259
v 1.651476 2.569595 -0.602441
v 1.764310 2.438126 0.023130
v 1.718737 2.492580 -0.134686
v 1.886276 2.514651 -0.074489
v 2.060938 2.548998 -0.298689
v 1.812984 2.470104 -0.650564
v 2.196227 2.400870 -0.767283
v 2.111380 2.156125 -0.994148
v 2.213031 2.168158 -0.955671
v 2.203963 2.037417 -1.046418
v 2.165256 2.169396 -0.983443
v 2.079911 2.414732 -0.835495
v 1.796116 2.535511 -0.096115
v 1.981832 2.564847 -0.617496
v 1.724803 2.510034 -0.423310
v 1.735837 2.496790 -0.455907
v 1.884664 2.603078 -0.361455
v 1.965166 2.351506 -0.864726
v 1.986574 2.335461 -0.889914
v 2.163058 2.498889 -0.586952
v 2.156302 2.505438 -0.555442
v 1.720688 2.649637 0.033270
v 1.875376 2.747461 0.000056
v 1.725951 2.725243 0.128623
v 1.777142 2.791866 0.354091
v 2.194412 2.868872 0.250430
v 2.078420 2.778261 0.628822
v 2.365272 2.639682 0.635813
v 2.276048 2.623334 0.712991
v 2.371289 2.530767 0.751320
v 2.312880 2.633388 0.686418
v 1.895320 2.865946 0.226387
v 1.767220 2.751214 0.075790
v 2.042527 2.892956 0.387875
v 2.070056 2.850225 0.097301
v 2.092470 2.846584 0.118191
v 2.295959 2.802177 0.457121
v 2.306973 2.790032 0.485438
v 2.187294 2.816591 0.547063
v 1.939394 2.818174 0.538688
v 1.918003 2.814376 0.521571
v 1.747479 2.712440 -0.017704
v 1.785602 2.795545 -0.077774
v 1.815682 2.776347 0.024714
v 1.964380 2.864790 0.046287
v 2.042099 2.955176 -0.192462
v 2.243222 2.948121 -0.058464
v 2.362884 2.910567 -0.213911
v 2.380714 2.897586 -0.150824
v 2.444344 2.866150 -0.207084
v 2.374713 2.909893 -0.182243
v 1.923833 2.912579 -0.054518
v 1.792567 2.796583 -0.025923
v 2.067172 2.964830 -0.086533
v 1.904619 2.905010 -0.158227
v 1.925854 2.912761 -0.165935
v 2.210922 2.973456 -0.208050
v 2.235044 2.967584 -0.208599
v 2.227098 2.980022 -0.132804
v 2.133117 2.928874 -0.003866
v 2.116590 2.922829 0.003705
v 1.760882 2.680329 -0.011120
v 1.626530 2.812966 -0.073438
v 1.771104 2.809810 -0.165648
v 1.751361 2.847522 -0.242488
v 1.492840 2.909327 -0.248167
v 1.565907 2.923750 -0.483345
v 1.384518 2.866911 -0.554613
v 1.441149 2.864356 -0.589969
v 1.370428 2.825857 -0.635354
v 1.411704 2.872223 -0.575326
v 1.497116 2.948284 -0.446854
v 1.710907 2.837497 -0.103054
v 1.567388 2.854573 -0.126750
v 1.555010 2.859413 -0.143582
v 1.672735 2.889747 -0.167879
v 1.429552 2.921152 -0.409929
v 1.422768 2.921432 -0.432467
v 1.652577 2.916275 -0.393059
v 1.666089 2.909030 -0.377782
v 1.588359 2.953337 -0.304296
v 1.770115 2.676774 -0.023688
v 1.801988 2.762887 0.039333
v 1.697661 2.762650 -0.009692
v 1.589528 2.880741 0.080938
v 1.736596 2.960115 0.302880
v 1.489239 2.999331 0.363981
v 1.521957 2.959206 0.572837
v 1.458684 2.957658 0.542582
v 1.454045 2.927161 0.636680
v 1.562916 3.024232 0.400468
v 1.756863 2.775025 -0.000573
v 1.638093 3.007031 0.241072
v 1.489039 2.965643 0.559419
v 1.797290 2.884476 0.178348
v 1.788547 2.892069 0.199506
v 1.704059 2.919002 0.103420
v 1.630458 2.995435 0.444574
v 1.614547 2.998820 0.462842
v 1.519332 2.975882 0.239646
v 1.524398 2.965818 0.220380
v 1.757500 2.683995 -0.018424
v 1.682959 2.726220 -0.153000
v 1.847155 2.732820 -0.141039
v 1.951156 2.725088 -0.387671
v 1.634885 2.648563 -0.637546
v 1.942601 2.529553 -0.827295
v 1.790275 2.288924 -0.988249
v 1.890504 2.291770 -0.979302
v 1.849617 2.161475 -1.046684
v 1.841527 2.296186 -0.992703
v 1.822641 2.550087 -0.862132
v 1.782241 2.790768 -0.407527
v 1.763995 2.760818 -0.141514
v 1.802254 2.721182 -0.657208
v 1.615992 2.716055 -0.417562
v 1.616742 2.699746 -0.445754
v 1.708725 2.500384 -0.856344
v 1.718431 2.482919 -0.880290
v 1.966798 2.641529 -0.665599
v 1.968715 2.650100 -0.638892
v 1.756440 2.641828 -0.013723
v 1.715223 2.715359 0.135067
v 1.592875 2.696119 0.001787
v 1.645562 2.743910 0.266521
v 1.451592 2.713285 0.055079
v 1.325527 2.692233 0.121092
v 1.386519 2.682327 0.565276
v 0.999131 2.526634 0.515410
v 0.995020 2.307049 0.810738
v 0.922611 2.294010 0.729401
v 0.902589 2.166927 0.843601
v 0.951429 2.307582 0.774941
v 1.067801 2.570253 0.625638
v 1.659816 2.731918 0.059263
v 1.553058 2.778920 0.148167
v 1.567041 2.734348 0.393078
v 1.546024 2.722073 0.417297
v 1.445569 2.790765 0.243349
v 1.161414 2.533523 0.716595
v 1.135666 2.515744 0.732516
v 1.103166 2.627549 0.345233
v 1.122115 2.633171 0.321083
v 1.236885 2.734533 0.443770
v 1.757164 2.647156 -0.014522
v 1.912020 2.670490 -0.000697
v 1.807707 2.697539 0.124209
v 1.948466 2.683510 0.356932
v 2.330107 2.550046 0.259840
v 2.299089 2.452950 0.637944
v 2.503501 2.180923 0.642823
v 2.438362 2.196339 0.718354
v 2.508846 2.055651 0.742799
v 2.477892 2.194117 0.685940
v 2.398234 2.456486 0.558898
v 1.858875 2.715731 0.054124
v 2.166522 2.632224 0.104639
v 2.187524 2.613831 0.123882
v 2.066091 2.727801 0.222834
v 2.456329 2.393550 0.469674
v 2.469120 2.375406 0.494233
v 2.160470 2.580373 0.546228
v 2.138154 2.591249 0.530783
v 2.253639 2.641437 0.397202
v 1.758082 2.690991 -0.018590
v 1.839689 2.720561 -0.151404
v 1.909697 2.729637 -0.001859
v 2.176997 2.699943 -0.027558
v 2.240040 2.597600 -0.419360
v 2.555339 2.462723 -0.230788
v 2.618794 2.204441 -0.424139
v 2.660092 2.208842 -0.331942
v 2.697466 2.071190 -0.390612
v 2.647866 2.211793 -0.381713
v 2.527449 2.479226 -0.354372
v 1.870364 2.757122 -0.077212
v 2.339957 2.670218 -0.286890
v 2.039129 2.685675 -0.335898
v 2.063654 2.666617 -0.347487
v 2.112236 2.763017 -0.190322
v 2.465810 2.428913 -0.448226
v 2.491443 2.409203 -0.449797
v 2.426976 2.590427 -0.140438
v 2.404651 2.601531 -0.126630
v 1.756269 2.641875 -0.014627
v 1.453162 2.717602 -0.042247
v 1.598150 2.707481 -0.280759
v 1.504433 2.688063 -0.380641
v 1.108434 2.644850 -0.200317
v 1.062417 2.505169 -0.575391
v 0.808893 2.270413 -0.495019
v 0.865741 2.265330 -0.585227
v 0.766975 2.134043 -0.571081
v 0.974478 2.537791 -0.480821
v 1.534725 2.770799 -0.161252
v 0.830021 2.274419 -0.545832
v 1.314551 2.703825 -0.079872
v 1.287052 2.690856 -0.092629
v 1.413668 2.773710 -0.235686
v 0.919516 2.493627 -0.367644
v 0.899458 2.475628 -0.387139
v 1.239959 2.613648 -0.526196
v 1.267156 2.621037 -0.515440
v 1.178657 2.710079 -0.372602
v 1.761406 2.554766 -0.000097
v 1.655815 2.619377 0.074609
v 1.649276 2.612689 -0.077627
v 1.540763 2.648103 0.125818
v 1.530097 2.636989 -0.124117
v 1.413940 2.629951 -0.146752
v 1.212694 2.617412 0.169815
v 0.989187 2.517069 -0.076867
v 0.823286 2.334030 0.103583
v 0.820713 2.328680 0.011882
v 0.744072 2.224146 0.070504
v 0.814776 2.337817 0.057015
v 1.661837 2.637470 -0.003567
v 1.546415 2.685793 -0.003582
v 1.187920 2.674331 0.011632
v 1.422138 2.646885 0.159308
v 1.395290 2.637847 0.162952
v 1.426130 2.703347 -0.000800
v 0.984314 2.510479 0.140068
v 0.959008 2.497495 0.135726
v 0.974359 2.548210 0.032057
v 1.149513 2.593247 -0.126256
v 1.174726 2.596923 -0.131437
v 1.762806 2.528969 0.004076
v 1.802776 2.599056 0.143855
v 1.640074 2.585837 0.092723
v 1.474906 2.601560 0.316194
v 1.735126 2.593100 0.655561
v 1.382986 2.464855 0.801953
v 1.506518 2.258882 1.055546
v 1.407484 2.249495 1.022839
v 1.437526 2.130725 1.130982
v 1.453636 2.261371 1.046422
v 1.722939 2.623958 0.106658
v 1.805861 2.633119 0.425653
v 1.798596 2.620393 0.456722
v 1.637455 2.689584 0.358317
v 1.612633 2.464866 0.891691
v 1.597780 2.449334 0.917552
v 1.494447 2.503701 0.859287
v 1.394068 2.553575 0.608849
v 1.398265 2.558379 0.579755
v 1.558522 2.651589 0.618605
v 1.777621 2.513026 0.087897
v 1.910070 2.546148 0.148523
v 1.773666 2.573323 0.224259
v 1.821788 2.583244 0.478169
v 2.201397 2.472779 0.524420
v 2.050905 2.400986 0.858415
v 2.244324 2.152419 0.948283
v 2.159982 2.167879 0.993476
v 2.221231 2.038429 1.048129
v 2.206375 2.166147 0.977523
v 2.165889 2.405705 0.819724
v 1.842265 2.589696 0.177004
v 2.103830 2.531853 0.327337
v 2.116856 2.516726 0.352592
v 1.969851 2.624916 0.393429
v 2.250637 2.343310 0.763397
v 2.254676 2.328116 0.790771
v 1.952177 2.509119 0.722800
v 1.936906 2.517249 0.701018
v 2.082618 2.564524 0.615586
v 1.766496 2.452148 0.013905
v 1.876036 2.523266 -0.074164
v 1.872307 2.539999 0.084745
v 2.112497 2.613065 0.164914
v 2.350564 2.587428 -0.154500
v 2.580064 2.558866 0.138718
v 2.791103 2.370465 0.002398
v 2.787671 2.379090 0.099783
v 2.885728 2.274987 0.067904
v 2.796131 2.382876 0.050842
v 2.600155 2.577479 0.017667
v 2.102340 2.664696 -0.006953
v 1.860859 2.559120 0.001654
v 2.124051 2.584750 -0.160763
v 2.154790 2.577732 -0.160799
v 2.602111 2.520293 -0.086957
v 2.630272 2.511962 -0.077696
v 2.397944 2.617416 0.164549
v 2.370542 2.617831 0.167835
v 2.357657 2.674330 -0.002062
v 1.767354 2.473635 0.013221
v 1.645713 2.531318 -0.056562
v 1.786590 2.543888 -0.123197
v 1.756012 2.583483 -0.375393
v 1.375023 2.538046 -0.441585
v 1.532167 2.475786 -0.757668
v 1.317934 2.272301 -0.849596
v 1.404636 2.278628 -0.889058
v 1.332002 2.167371 -0.942124
v 1.358338 2.282473 -0.876357
v 1.418518 2.494344 -0.727096
v 1.611874 2.638706 -0.303632
v 1.719424 2.565581 -0.080714
v 1.507500 2.617170 -0.527038
v 1.466203 2.562626 -0.243441
v 1.452791 2.552341 -0.269063
v 1.324836 2.441494 -0.675370
v 1.320573 2.429874 -0.701768
v 1.634066 2.553546 -0.621683
v 1.648649 2.557083 -0.599570
v 1.767383 2.427719 0.017027
v 1.724036 2.481219 -0.136390
v 1.885096 2.502405 -0.078403
v 2.057856 2.536145 -0.299704
v 1.816682 2.458838 -0.645571
v 2.191635 2.390411 -0.761399
v 2.110320 2.148542 -0.984551
v 2.208336 2.160002 -0.947611
v 2.200786 2.030546 -1.036916
v 2.162243 2.161579 -0.974311
v 2.078090 2.404400 -0.828236
v 1.798534 2.523277 -0.099873
v 1.981818 2.552308 -0.613658
v 1.729991 2.498316 -0.423292
v 1.740236 2.485163 -0.452757
v 1.885627 2.589975 -0.361422
v 1.967696 2.341447 -0.857649
v 1.986055 2.327515 -0.880491
v 2.158931 2.487281 -0.582699
v 2.152588 2.492862 -0.554550
v 1.727761 2.641846 0.039312
v 1.878522 2.736624 0.005905
v 1.732777 2.715162 0.131122
v 1.782134 2.780056 0.353444
v 2.192650 2.855685 0.250878
v 2.077032 2.766828 0.623244
v 2.360178 2.629863 0.629880
v 2.272400 2.613714 0.705975
v 2.366483 2.521707 0.744386
v 2.308462 2.623810 0.679761
v 1.898534 2.853484 0.228032
v 1.773108 2.741145 0.080672
v 2.042568 2.879875 0.386591
v 2.072176 2.838247 0.101869
v 2.092198 2.833565 0.120403
v 2.292523 2.789731 0.455250
v 2.302095 2.779757 0.480029
v 2.184452 2.804968 0.542391
v 1.939528 2.805976 0.534473
v 1.921380 2.802128 0.519508
v 1.756752 2.705983 -0.021346
v 1.793500 2.786168 -0.078717
v 1.822138 2.767652 0.019235
v 1.967772 2.853966 0.040794
v 2.044272 2.942186 -0.191822
v 2.240580 2.935792 -0.061816
v 2.358160 2.898405 -0.212526
v 2.375191 2.886064 -0.152737
v 2.438242 2.854768 -0.207021
v 2.369298 2.898002 -0.182482
v 1.928385 2.901103 -0.057423
v 1.800446 2.787827 -0.029303
v 2.068763 2.952050 -0.088558
v 1.911252 2.894363 -0.158615
v 1.929366 2.900274 -0.165603
v 2.211345 2.960350 -0.207059
v 2.230962 2.955180 -0.207050
v 2.224916 2.967076 -0.133980
v 2.132582 2.916523 -0.007824
v 2.118115 2.911159 -0.001235
v 1.755523 2.672921 -0.018933
v 1.625507 2.803038 -0.080837
v 1.764127 2.799987 -0.169176
v 1.744974 2.836321 -0.243640
v 1.494870 2.897001 -0.251676
v 1.563925 2.911222 -0.479675
v 1.388118 2.855024 -0.551106
v 1.441364 2.852632 -0.584455
v 1.372986 2.814530 -0.629981
v 1.413763 2.860295 -0.570532
v 1.497759 2.935290 -0.444654
v 1.706355 2.827569 -0.109346
v 1.567466 2.843747 -0.133248
v 1.556129 2.847671 -0.148541
v 1.669458 2.877860 -0.171739
v 1.432693 2.908706 -0.411203
v 1.426439 2.909355 -0.429581
v 1.649405 2.903640 -0.390885
v 1.660465 2.897341 -0.377854
v 1.586987 2.940338 -0.305814
v 1.765238 2.672945 -0.013623
v 1.794864 2.755440 0.046012
v 1.696911 2.755306 0.000001
v 1.590620 2.870668 0.088633
v 1.731275 2.948175 0.304162
v 1.492070 2.986567 0.364848
v 1.521748 2.946746 0.569171
v 1.461913 2.945327 0.540608
v 1.455941 2.915073 0.632859
v 1.563058 3.011036 0.400015
v 1.752485 2.767979 0.008639
v 1.636210 2.994422 0.244341
v 1.490681 2.953087 0.556353
v 1.790271 2.875524 0.183765
v 1.782431 2.881083 0.202388
v 1.701076 2.908484 0.110017
v 1.626465 2.983031 0.443740
v 1.613776 2.986248 0.459446
v 1.521562 2.963267 0.242333
v 1.526143 2.954632 0.226369
v 1.871552 2.473141 0.035806
v 1.827530 2.412017 0.046706
v 1.756316 2.370477 0.043919
v 1.685108 2.364388 0.028511
v 1.844231 2.520078 0.067901
v 1.783324 2.487963 0.098636
v 1.712109 2.446423 0.095849
v 1.657787 2.411325 0.060605
v 1.824271 2.563680 0.026229
v 1.751030 2.558513 0.031209
v 1.679814 2.516973 0.028423
v 1.637829 2.454927 0.018933
v 1.641108 2.396075 0.006367
v 1.871565 2.530501 0.015384
v 1.839257 2.543691 -0.031620
v 1.775276 2.526169 -0.062392
v 1.704062 2.484629 -0.065179
v 1.652813 2.434937 -0.038915
v 1.868478 2.487734 -0.025702
v 1.822557 2.435630 -0.052816
v 1.751341 2.394089 -0.055602
v 1.682034 2.378981 -0.032996
v 1.666297 2.332994 0.056932
v 1.737504 2.339084 0.072341
v 1.693298 2.415030 0.124270
v 1.638976 2.379932 0.089026
v 1.859474 2.410229 0.077113
v 1.903496 2.471354 0.066214
v 1.876175 2.518291 0.098308
v 1.815268 2.486175 0.129043
v 1.597473 2.361795 0.017264
v 1.641474 2.330108 0.039408
v 1.614153 2.377045 0.071502
v 1.763932 2.351233 0.078038
v 1.835147 2.392773 0.080825
v 1.790941 2.468719 0.132756
v 1.719726 2.427179 0.129969
v 1.920863 2.493077 0.050341
v 1.920876 2.550437 0.029918
v 1.893542 2.540014 0.082435
v 1.885490 2.555434 0.080804
v 1.912823 2.565858 0.028287
v 1.865531 2.599037 0.039132
v 1.620349 2.415601 0.085254
v 1.674671 2.450700 0.120497
v 1.642376 2.521249 0.053071
v 1.600390 2.459203 0.043582
v 1.796641 2.521846 0.125270
v 1.857547 2.553961 0.094535
v 1.837589 2.597563 0.052863
v 1.764347 2.592395 0.057844
v 1.589421 2.377215 0.015633
v 1.606101 2.392465 0.069872
v 1.586141 2.436067 0.028200
v 1.698119 2.468554 0.125593
v 1.769335 2.510095 0.128379
v 1.737040 2.580644 0.060952
v 1.665824 2.539104 0.058165
v 1.864684 2.603058 0.022183
v 1.911977 2.569879 0.011338
v 1.879669 2.583068 -0.035667
v 1.598430 2.468506 0.004374
v 1.640417 2.530552 0.013862
v 1.664663 2.498208 -0.079740
v 1.613416 2.448517 -0.053476
v 1.762387 2.601698 0.018634
v 1.835629 2.606865 0.013654
v 1.850614 2.586876 -0.044194
v 1.786634 2.569354 -0.074967
v 1.588574 2.381237 -0.001318
v 1.585295 2.440089 0.011250
v 1.600279 2.420099 -0.046600
v 1.663551 2.549895 0.012684
v 1.734767 2.591435 0.015472
v 1.759013 2.559091 -0.078131
v 1.687798 2.517551 -0.080917
v 1.887198 2.570134 -0.044511
v 1.919505 2.556945 0.002494
v 1.916418 2.514177 -0.038592
v 1.630831 2.418596 -0.073935
v 1.682080 2.468287 -0.100199
v 1.729359 2.377748 -0.090622
v 1.660053 2.362640 -0.068016
v 1.804050 2.539433 -0.095426
v 1.868031 2.556956 -0.064653
v 1.897251 2.500999 -0.058734
v 1.851330 2.448894 -0.085848
v 1.596103 2.368302 -0.010162
v 1.607809 2.407164 -0.055444
v 1.637029 2.351208 -0.049525
v 1.708000 2.482844 -0.104648
v 1.779215 2.524384 -0.101862
v 1.826496 2.433845 -0.092285
v 1.755280 2.392305 -0.095072
v 1.921919 2.502162 -0.027108
v 1.925006 2.544929 0.013977
v 1.924993 2.487568 0.034398
v 1.672775 2.334845 -0.041452
v 1.742083 2.349954 -0.064057
v 1.747057 2.326341 0.035464
v 1.675850 2.320252 0.020055
v 1.864053 2.421100 -0.059284
v 1.909975 2.473205 -0.032170
v 1.913048 2.458611 0.029337
v 1.869027 2.397487 0.040236
v 1.601603 2.356286 0.001323
v 1.642529 2.339193 -0.038041
v 1.645604 2.324599 0.023467
v 1.770039 2.360065 -0.064258
v 1.841254 2.401605 -0.061472
v 1.846227 2.377992 0.038050
v 1.775013 2.336452 0.035263
vt 0.808764 0.256626
vt 0.793338 0.256834
vt 0.797473 0.224751
vt 0.808764 0.225221
vt 0.793433 0.036906
vt 0.789299 0.003883
vt 0.804724 0.004093
vt 0.804724 0.036441
vt 0.619551 0.777135
vt 0.619551 0.794273
vt 0.588448 0.792249
vt 0.588448 0.779159
vt 0.795263 0.194759
vt 0.791129 0.162675
vt 0.806554 0.162883
vt 0.806554 0.194288
vt 0.412313 0.683131
vt 0.412313 0.714730
vt 0.380543 0.708659
vt 0.381920 0.686117
vt 0.519680 0.714411
vt 0.519680 0.740845
vt 0.486385 0.734940
vt 0.487527 0.715759
vt 0.755228 0.302952
vt 0.755228 0.326167
vt 0.722123 0.320835
vt 0.723143 0.303410
vt 0.621405 0.749463
vt 0.621405 0.769369
vt 0.588448 0.765131
vt 0.589313 0.749875
vt 0.256541 0.514904
vt 0.239403 0.514994
vt 0.243467 0.482073
vt 0.256541 0.482730
vt 0.622531 0.622307
vt 0.622531 0.659310
vt 0.588448 0.651502
vt 0.589996 0.625047
vt 0.033087 0.780954
vt 0.066304 0.778891
vt 0.066304 0.794318
vt 0.033087 0.792255
vt 0.264307 0.581814
vt 0.298665 0.574270
vt 0.298665 0.614236
vt 0.265920 0.610038
vt 0.545913 0.626494
vt 0.579995 0.618686
vt 0.579995 0.655689
vt 0.547460 0.652949
vt 0.653567 0.295193
vt 0.687427 0.287837
vt 0.687427 0.321915
vt 0.655045 0.319660
vt 0.426673 0.680825
vt 0.460257 0.674710
vt 0.460257 0.706308
vt 0.428047 0.703367
vt 0.691162 0.459188
vt 0.724568 0.453264
vt 0.724568 0.482274
vt 0.692425 0.480089
vt 0.784571 0.443206
vt 0.751800 0.444964
vt 0.752538 0.435230
vt 0.784571 0.435677
vt 0.178665 0.691548
vt 0.210434 0.685477
vt 0.210434 0.717076
vt 0.180041 0.714090
vt 0.380543 0.728365
vt 0.412185 0.722495
vt 0.412185 0.748930
vt 0.381694 0.747545
vt 0.630296 0.769002
vt 0.662113 0.764789
vt 0.662113 0.784695
vt 0.631165 0.784258
vt 0.778720 0.678403
vt 0.774655 0.646487
vt 0.791793 0.646568
vt 0.791793 0.677736
vt 0.313635 0.696467
vt 0.347321 0.692432
vt 0.347321 0.721442
vt 0.313635 0.717407
vt 0.033087 0.755457
vt 0.066043 0.751219
vt 0.066043 0.771125
vt 0.033952 0.770713
vt 0.344972 0.787860
vt 0.344972 0.803287
vt 0.313635 0.801224
vt 0.313635 0.789924
vt 0.641313 0.453264
vt 0.641313 0.493230
vt 0.609161 0.485738
vt 0.610777 0.457513
vt 0.412258 0.638363
vt 0.412258 0.675365
vt 0.380543 0.667607
vt 0.382107 0.641153
vt 0.577540 0.663454
vt 0.577540 0.697532
vt 0.545913 0.690225
vt 0.547407 0.665758
vt 0.141624 0.705425
vt 0.141624 0.734435
vt 0.109949 0.728551
vt 0.111218 0.707650
vt 0.734275 0.739046
vt 0.734275 0.762261
vt 0.702628 0.756959
vt 0.703655 0.739535
vt 0.160533 0.300659
vt 0.160533 0.278075
vt 0.170874 0.272328
vt 0.170874 0.306406
vt 0.781533 0.046446
vt 0.768598 0.039337
vt 0.768654 0.011066
vt 0.781533 0.003883
vt 0.767889 0.488644
vt 0.767833 0.460374
vt 0.780768 0.453264
vt 0.780768 0.495828
vt 0.763053 0.307352
vt 0.762994 0.279082
vt 0.775947 0.271972
vt 0.775947 0.314535
vt 0.158628 0.364346
vt 0.158572 0.337846
vt 0.170830 0.331171
vt 0.170830 0.371137
vt 0.537672 0.706645
vt 0.527735 0.701453
vt 0.527795 0.680514
vt 0.537672 0.675047
vt 0.111057 0.497648
vt 0.098801 0.490972
vt 0.098861 0.464472
vt 0.111057 0.457682
vt 0.783141 0.694832
vt 0.783141 0.723102
vt 0.770207 0.730249
vt 0.770207 0.687685
vt 0.158659 0.557939
vt 0.158599 0.531439
vt 0.170854 0.524763
vt 0.170854 0.564729
vt 0.160417 0.419155
vt 0.160355 0.396571
vt 0.170864 0.391137
vt 0.170864 0.425215
vt 0.465689 0.781507
vt 0.465689 0.755007
vt 0.477923 0.748274
vt 0.477923 0.788240
vt 0.818168 0.804890
vt 0.806725 0.798675
vt 0.806782 0.774163
vt 0.818168 0.767888
vt 0.813395 0.606212
vt 0.801923 0.599996
vt 0.801984 0.575484
vt 0.813395 0.569209
vt 0.478619 0.706308
vt 0.468595 0.701117
vt 0.468652 0.680177
vt 0.478619 0.674710
vt 0.811783 0.483992
vt 0.811725 0.459479
vt 0.823168 0.453264
vt 0.823168 0.490267
vt 0.850398 0.396522
vt 0.850398 0.415736
vt 0.841109 0.420634
vt 0.841109 0.391624
vt 0.111361 0.379633
vt 0.100574 0.374200
vt 0.100631 0.351617
vt 0.111361 0.345555
vt 0.315141 0.555936
vt 0.304632 0.550502
vt 0.304693 0.527918
vt 0.315141 0.521858
vt 0.058524 0.201892
vt 0.046265 0.195216
vt 0.046322 0.168716
vt 0.058524 0.161925
vt 0.092211 0.683198
vt 0.092154 0.662258
vt 0.102178 0.657067
vt 0.102178 0.688665
vt 0.834582 0.874322
vt 0.825934 0.869862
vt 0.825986 0.852408
vt 0.834582 0.847888
vt 0.764838 0.887327
vt 0.765094 0.857782
vt 0.770141 0.861407
vt 0.770141 0.888847
vt 0.527507 0.740542
vt 0.527446 0.719603
vt 0.537383 0.714411
vt 0.537383 0.746009
vt 0.538147 0.764602
vt 0.538147 0.785541
vt 0.528284 0.790870
vt 0.528284 0.759272
vt 0.854409 0.772786
vt 0.854409 0.792000
vt 0.845163 0.796898
vt 0.845163 0.767888
vt 0.849714 0.253761
vt 0.840409 0.248937
vt 0.840464 0.229723
vt 0.849714 0.224751
vt 0.854037 0.299673
vt 0.844752 0.294849
vt 0.844810 0.275634
vt 0.854037 0.270662
vt 0.322307 0.873593
vt 0.313635 0.869133
vt 0.313690 0.851678
vt 0.322307 0.847159
vt 0.486438 0.870827
vt 0.486385 0.853373
vt 0.495033 0.848913
vt 0.495033 0.875347
vt 0.869781 0.891167
vt 0.862029 0.887465
vt 0.862082 0.872185
vt 0.869781 0.867952
vt 0.840602 0.670525
vt 0.840546 0.651311
vt 0.849851 0.646487
vt 0.849851 0.675497
vt 0.048530 0.074068
vt 0.048530 0.053129
vt 0.058571 0.047799
vt 0.058571 0.079397
vt 0.520320 0.869399
vt 0.527940 0.873366
vt 0.527940 0.888647
vt 0.520320 0.892614
vt 0.845218 0.866676
vt 0.845163 0.849222
vt 0.853835 0.844762
vt 0.853835 0.871196
vt 0.742091 0.886551
vt 0.742041 0.871270
vt 0.750009 0.867569
vt 0.750009 0.890784
vt 0.341817 0.924004
vt 0.334979 0.920596
vt 0.334979 0.907507
vt 0.341817 0.904098
vt 0.502799 0.870857
vt 0.502799 0.853403
vt 0.511410 0.848913
vt 0.511410 0.875347
vt 0.110003 0.887954
vt 0.109949 0.872673
vt 0.117701 0.868971
vt 0.117701 0.892187
vt 0.805211 0.915778
vt 0.805164 0.902689
vt 0.812292 0.899515
vt 0.812292 0.919421
vt 0.461793 0.885018
vt 0.461793 0.869737
vt 0.469848 0.865770
vt 0.469848 0.888985
vt 0.842599 0.918395
vt 0.842549 0.905305
vt 0.849499 0.902131
vt 0.849499 0.922037
vt 0.787870 0.901516
vt 0.787870 0.914606
vt 0.780672 0.918014
vt 0.780672 0.898108
vt 0.956119 0.017933
vt 0.956073 0.006633
vt 0.962374 0.003883
vt 0.962374 0.021021
vt 0.962596 0.627683
vt 0.956295 0.624933
vt 0.956341 0.613632
vt 0.962596 0.610545
vt 0.961276 0.153921
vt 0.954866 0.151172
vt 0.954910 0.139871
vt 0.961276 0.136783
vt 0.824911 0.205512
vt 0.824911 0.216985
vt 0.793338 0.215827
vt 0.793338 0.206670
vt 0.620435 0.831993
vt 0.588448 0.833778
vt 0.589190 0.824044
vt 0.620435 0.824464
vt 0.794157 0.601044
vt 0.777019 0.601125
vt 0.781084 0.569209
vt 0.794157 0.569876
vt 0.413557 0.809070
vt 0.413557 0.820543
vt 0.380543 0.819385
vt 0.380543 0.810228
vt 0.712001 0.444965
vt 0.711263 0.435230
vt 0.744034 0.436989
vt 0.744034 0.444517
vt 0.809670 0.366753
vt 0.795678 0.367367
vt 0.798450 0.334245
vt 0.809670 0.334368
vt 0.832780 0.678984
vt 0.821316 0.679441
vt 0.823625 0.646487
vt 0.832780 0.646668
vt 0.793078 0.444964
vt 0.792337 0.435230
vt 0.824324 0.437016
vt 0.824324 0.444545
vt 0.802331 0.678753
vt 0.799559 0.646487
vt 0.813551 0.647110
vt 0.813550 0.678634
vt 0.828242 0.840122
vt 0.825934 0.807888
vt 0.837397 0.808349
vt 0.837397 0.839943
vt 0.800128 0.424746
vt 0.797356 0.391624
vt 0.811348 0.392238
vt 0.811348 0.424623
vt 0.823469 0.602163
vt 0.821160 0.569209
vt 0.832624 0.569665
vt 0.832624 0.601982
vt 0.960623 0.977396
vt 0.960580 0.968239
vt 0.966295 0.965898
vt 0.966295 0.979903
vt 0.780672 0.966477
vt 0.786325 0.968901
vt 0.786325 0.978058
vt 0.780672 0.980482
vt 0.521846 0.980269
vt 0.516158 0.977928
vt 0.516202 0.968770
vt 0.521846 0.966264
vt 0.497465 0.977768
vt 0.497422 0.968611
vt 0.503110 0.966269
vt 0.503110 0.980275
vt 0.313814 0.991741
vt 0.313635 0.986227
vt 0.317917 0.985364
vt 0.317917 0.993919
vt 0.917395 0.990101
vt 0.912324 0.988427
vt 0.912366 0.980898
vt 0.917395 0.978628
vt 0.340237 0.989701
vt 0.334979 0.988027
vt 0.335018 0.980498
vt 0.340237 0.978228
vt 0.978423 0.987141
vt 0.974293 0.985092
vt 0.974311 0.973871
vt 0.978423 0.971714
vt 0.989305 0.839674
vt 0.989305 0.855101
vt 0.985193 0.852944
vt 0.985175 0.841724
vt 0.986739 0.480866
vt 0.986739 0.496293
vt 0.982591 0.494136
vt 0.982574 0.482916
vt 0.046065 0.504162
vt 0.046242 0.472514
vt 0.051417 0.475954
vt 0.051417 0.505500
vt 0.986189 0.971714
vt 0.990291 0.973817
vt 0.990291 0.985038
vt 0.986189 0.987141
vt 0.226857 0.851980
vt 0.226857 0.869435
vt 0.218200 0.873925
vt 0.218200 0.847490
vt 0.887247 0.891323
vt 0.882200 0.894948
vt 0.881944 0.865403
vt 0.887247 0.863883
vt 0.822127 0.532226
vt 0.822070 0.509642
vt 0.832857 0.504209
vt 0.832857 0.538287
vt 0.170245 0.706050
vt 0.165070 0.709491
vt 0.164893 0.677843
vt 0.170245 0.676504
vt 0.093934 0.618106
vt 0.102183 0.615841
vt 0.102183 0.646853
vt 0.094879 0.647261
vt 0.315141 0.564184
vt 0.315141 0.593355
vt 0.306918 0.590997
vt 0.307840 0.563702
vt 0.665679 0.578614
vt 0.697306 0.571307
vt 0.697306 0.605385
vt 0.667173 0.603081
vt 0.611073 0.993898
vt 0.610859 0.988385
vt 0.614863 0.987515
vt 0.614863 0.996069
vt 0.671922 0.977815
vt 0.671922 0.968657
vt 0.677630 0.966233
vt 0.677630 0.980239
vt 0.705348 0.993622
vt 0.701066 0.992759
vt 0.701245 0.987245
vt 0.705348 0.985068
vt 0.443908 0.985921
vt 0.447471 0.984461
vt 0.447471 0.994223
vt 0.443863 0.993237
vt 0.136300 0.981193
vt 0.136300 0.988722
vt 0.131338 0.990694
vt 0.131338 0.979221
vt 0.925307 0.985853
vt 0.928985 0.984393
vt 0.928985 0.994155
vt 0.925264 0.993169
vt 0.461839 0.992782
vt 0.461793 0.985467
vt 0.465401 0.984480
vt 0.465401 0.994242
vt 0.863553 0.986060
vt 0.863553 0.991576
vt 0.859163 0.993095
vt 0.859163 0.984541
vt 0.200104 0.995230
vt 0.196100 0.994360
vt 0.196314 0.988847
vt 0.200104 0.986675
vt 0.686686 0.987944
vt 0.686645 0.980415
vt 0.691716 0.978741
vt 0.691716 0.990214
vt 0.992312 0.687254
vt 0.996117 0.688773
vt 0.996117 0.694290
vt 0.992312 0.695809
vt 0.803703 0.302729
vt 0.803703 0.278217
vt 0.815159 0.271972
vt 0.815159 0.308974
vt 0.985525 0.440116
vt 0.981359 0.438066
vt 0.981377 0.426846
vt 0.985525 0.424689
vt 0.823892 0.040886
vt 0.812490 0.034641
vt 0.812490 0.010128
vt 0.823892 0.003883
vt 0.709035 0.889936
vt 0.701066 0.886235
vt 0.701117 0.870955
vt 0.709035 0.866721
vt 0.316047 0.419188
vt 0.305145 0.413441
vt 0.305145 0.390857
vt 0.316047 0.385110
vt 0.984441 0.632929
vt 0.984441 0.648356
vt 0.980265 0.646253
vt 0.980265 0.635032
vt 0.303743 0.980052
vt 0.298028 0.977711
vt 0.298071 0.968554
vt 0.303743 0.966047
vt 0.841827 0.144052
vt 0.841769 0.124837
vt 0.851054 0.120013
vt 0.851054 0.149024
vt 0.920387 0.381680
vt 0.913437 0.378507
vt 0.913487 0.365417
vt 0.920387 0.361774
vt 0.522604 0.958498
vt 0.516158 0.955580
vt 0.516158 0.944279
vt 0.522604 0.941360
vt 0.094943 0.958170
vt 0.094899 0.946869
vt 0.101309 0.944120
vt 0.101309 0.961258
vt 0.368040 0.734995
vt 0.355087 0.727885
vt 0.355146 0.699615
vt 0.368040 0.692432
vt 0.783713 0.271972
vt 0.795937 0.278704
vt 0.795937 0.305205
vt 0.783713 0.311938
vt 0.811388 0.950741
vt 0.811388 0.962042
vt 0.805164 0.964961
vt 0.805164 0.947822
vt 0.659824 0.919641
vt 0.652696 0.916468
vt 0.652743 0.903378
vt 0.659824 0.899735
vt 0.355087 0.778178
vt 0.355087 0.749908
vt 0.367986 0.742761
vt 0.367986 0.785325
vt 0.099892 0.432658
vt 0.099831 0.408146
vt 0.111303 0.401930
vt 0.111303 0.438933
vt 0.426673 0.740508
vt 0.426673 0.714074
vt 0.460295 0.717684
vt 0.460295 0.736898
vt 0.622286 0.667076
vt 0.622286 0.698674
vt 0.588448 0.694166
vt 0.588448 0.671583
vt 0.848872 0.504617
vt 0.848872 0.535629
vt 0.840623 0.533365
vt 0.841568 0.504209
vt 0.982467 0.797363
vt 0.982428 0.789834
vt 0.987686 0.788160
vt 0.987686 0.799633
vt 0.684238 0.647423
vt 0.684238 0.613344
vt 0.714078 0.618128
vt 0.714078 0.642640
vt 0.069498 0.168444
vt 0.109928 0.160812
vt 0.109928 0.203375
vt 0.066635 0.197594
vt 0.545913 0.711182
vt 0.577588 0.705298
vt 0.577588 0.734308
vt 0.547182 0.732083
vt 0.313635 0.752423
vt 0.313635 0.729208
vt 0.347042 0.732088
vt 0.347042 0.749542
vt 0.777345 0.152934
vt 0.773281 0.120013
vt 0.790419 0.120103
vt 0.790419 0.152277
vt 0.734275 0.770027
vt 0.734275 0.787165
vt 0.701167 0.785140
vt 0.701167 0.772051
vt 0.519969 0.675047
vt 0.519969 0.706645
vt 0.486385 0.700529
vt 0.487759 0.677988
vt 0.812176 0.151656
vt 0.798185 0.152279
vt 0.800957 0.120013
vt 0.812176 0.120133
vt 0.837397 0.799661
vt 0.825934 0.800122
vt 0.828242 0.767888
vt 0.837397 0.768066
vt 0.519532 0.748611
vt 0.519532 0.768517
vt 0.486385 0.766204
vt 0.486385 0.750923
vt 0.707139 0.067221
vt 0.740435 0.061316
vt 0.740435 0.087750
vt 0.708281 0.086401
vt 0.101380 0.737267
vt 0.071072 0.740877
vt 0.071072 0.714443
vt 0.101380 0.718053
vt 0.210307 0.724842
vt 0.210307 0.751276
vt 0.178665 0.745406
vt 0.179816 0.726226
vt 0.611701 0.117975
vt 0.643853 0.110482
vt 0.643853 0.150449
vt 0.613317 0.146199
vt 0.033087 0.743453
vt 0.033087 0.714443
vt 0.063306 0.718479
vt 0.063306 0.739418
vt 0.627643 0.611273
vt 0.627643 0.571307
vt 0.657913 0.577155
vt 0.657913 0.605425
vt 0.197228 0.003883
vt 0.197228 0.046446
vt 0.155788 0.039039
vt 0.152708 0.009911
vt 0.722123 0.277304
vt 0.755228 0.271972
vt 0.755228 0.295187
vt 0.723143 0.294729
vt 0.641010 0.052226
vt 0.672725 0.044468
vt 0.672725 0.081470
vt 0.642574 0.078680
vt 0.682916 0.278058
vt 0.682916 0.270742
vt 0.686680 0.269519
vt 0.686680 0.279281
vt 0.066635 0.119654
vt 0.111379 0.110482
vt 0.111379 0.153046
vt 0.066635 0.149004
vt 0.732833 0.726772
vt 0.702628 0.731280
vt 0.702628 0.699682
vt 0.732833 0.704189
vt 0.427631 0.993096
vt 0.424096 0.994319
vt 0.424096 0.984557
vt 0.427631 0.985780
vt 0.017045 0.153354
vt 0.003883 0.111706
vt 0.046324 0.108485
vt 0.046324 0.154160
vt 0.059183 0.337790
vt 0.059183 0.295226
vt 0.099292 0.304398
vt 0.099292 0.333748
vt 0.664156 0.655188
vt 0.664156 0.689266
vt 0.630296 0.681911
vt 0.631775 0.657443
vt 0.649079 0.458047
vt 0.683396 0.453264
vt 0.683396 0.487342
vt 0.649079 0.482559
vt 0.648161 0.391624
vt 0.648161 0.428627
vt 0.613592 0.423375
vt 0.613592 0.396875
vt 0.855921 0.062980
vt 0.864144 0.060621
vt 0.864144 0.089792
vt 0.856844 0.090275
vt 0.803959 0.486078
vt 0.788534 0.486287
vt 0.792668 0.453264
vt 0.803959 0.453729
vt 0.663702 0.697032
vt 0.663702 0.726042
vt 0.630296 0.720118
vt 0.631560 0.699217
vt 0.758712 0.992174
vt 0.758669 0.984858
vt 0.762390 0.983872
vt 0.762390 0.993634
vt 0.630296 0.739110
vt 0.661944 0.733808
vt 0.661944 0.757023
vt 0.631323 0.756534
vt 0.695298 0.224751
vt 0.695298 0.261753
vt 0.665477 0.256502
vt 0.665477 0.230002
vt 0.742041 0.770200
vt 0.772906 0.767888
vt 0.772906 0.787794
vt 0.742041 0.785481
vt 0.345451 0.760188
vt 0.345451 0.780095
vt 0.313635 0.775882
vt 0.314503 0.760626
vt 0.980005 0.743536
vt 0.980005 0.736007
vt 0.985344 0.734035
vt 0.985344 0.745508
vt 0.766890 0.675523
vt 0.736401 0.678403
vt 0.736401 0.655188
vt 0.766890 0.658068
vt 0.613500 0.507851
vt 0.613500 0.547817
vt 0.579141 0.540273
vt 0.580755 0.512049
vt 0.426673 0.604658
vt 0.426673 0.564692
vt 0.461360 0.570540
vt 0.461360 0.598810
vt 0.538723 0.210319
vt 0.538723 0.218873
vt 0.507717 0.218254
vt 0.507717 0.210938
vt 0.249198 0.110482
vt 0.249198 0.153046
vt 0.210196 0.142849
vt 0.207225 0.113709
vt 0.380543 0.829426
vt 0.411771 0.828309
vt 0.411771 0.838071
vt 0.380543 0.836955
vt 0.738412 0.599344
vt 0.765850 0.598995
vt 0.765850 0.605208
vt 0.738412 0.604860
vt 0.809030 0.559041
vt 0.777537 0.560434
vt 0.777537 0.546429
vt 0.809030 0.547821
vt 0.723962 0.490040
vt 0.723962 0.499802
vt 0.691162 0.498686
vt 0.691162 0.491157
vt 0.492249 0.628156
vt 0.519552 0.627537
vt 0.519552 0.636092
vt 0.492249 0.635473
vt 0.734275 0.794930
vt 0.734275 0.808936
vt 0.701066 0.807543
vt 0.701067 0.796323
vt 0.610788 0.555583
vt 0.610788 0.561797
vt 0.579141 0.561448
vt 0.579141 0.555931
vt 0.736859 0.256038
vt 0.736838 0.224751
vt 0.758620 0.225837
vt 0.758620 0.257061
vt 0.868107 0.449848
vt 0.870348 0.449637
vt 0.870348 0.496286
vt 0.868072 0.496193
vt 0.697172 0.003991
vt 0.706077 0.003883
vt 0.706077 0.051725
vt 0.684405 0.050625
vt 0.058571 0.087832
vt 0.058571 0.145576
vt 0.056453 0.145460
vt 0.056487 0.087163
vt 0.150833 0.524763
vt 0.150833 0.570137
vt 0.119145 0.561938
vt 0.119741 0.527121
vt 0.865054 0.704116
vt 0.867361 0.703649
vt 0.867361 0.754479
vt 0.865074 0.754324
vt 0.059183 0.217810
vt 0.109928 0.211141
vt 0.109928 0.246016
vt 0.060001 0.241630
vt 0.948278 0.656666
vt 0.948278 0.685992
vt 0.946166 0.685657
vt 0.946160 0.656642
vt 0.962137 0.808248
vt 0.964351 0.807888
vt 0.964351 0.834734
vt 0.962138 0.834799
vt 0.963961 0.067537
vt 0.961841 0.067864
vt 0.961842 0.040518
vt 0.963961 0.040504
vt 0.538147 0.507851
vt 0.538147 0.539879
vt 0.492993 0.535457
vt 0.492249 0.513607
vt 0.109202 0.337164
vt 0.107058 0.337450
vt 0.107060 0.295408
vt 0.109202 0.295226
vt 0.110226 0.006806
vt 0.144942 0.003883
vt 0.144942 0.055608
vt 0.110026 0.059142
vt 0.942193 0.808135
vt 0.944446 0.807888
vt 0.944446 0.837784
vt 0.942212 0.837655
vt 0.216528 0.572279
vt 0.216464 0.527633
vt 0.247364 0.529178
vt 0.247364 0.573921
vt 0.938394 0.656642
vt 0.938394 0.687691
vt 0.936123 0.687179
vt 0.936115 0.656814
vt 0.904259 0.288088
vt 0.902024 0.288380
vt 0.902024 0.247669
vt 0.904259 0.247480
vt 0.908494 0.610545
vt 0.908494 0.648876
vt 0.906253 0.648618
vt 0.906281 0.610657
vt 0.372241 0.907583
vt 0.372241 0.937861
vt 0.369914 0.937670
vt 0.369903 0.907707
vt 0.874178 0.808555
vt 0.874178 0.857805
vt 0.871940 0.857654
vt 0.871972 0.807888
vt 0.297380 0.433483
vt 0.264307 0.431467
vt 0.280988 0.385610
vt 0.297380 0.385110
vt 0.738927 0.551655
vt 0.738265 0.542388
vt 0.769771 0.541658
vt 0.769771 0.560434
vt 0.293996 0.683537
vt 0.293996 0.704365
vt 0.246907 0.694392
vt 0.246351 0.685819
vt 0.689533 0.970623
vt 0.689523 0.946282
vt 0.691716 0.946430
vt 0.691716 0.970975
vt 0.593710 0.213819
vt 0.593642 0.170584
vt 0.623343 0.172953
vt 0.623343 0.216166
vt 0.157127 0.697659
vt 0.109949 0.695202
vt 0.110444 0.686665
vt 0.157127 0.676504
vt 0.846349 0.111486
vt 0.846304 0.098235
vt 0.848639 0.098251
vt 0.848639 0.111966
vt 0.954371 0.807961
vt 0.954371 0.836266
vt 0.952212 0.835845
vt 0.952216 0.807888
vt 0.896387 0.560727
vt 0.898676 0.560139
vt 0.898676 0.602709
vt 0.896361 0.602779
vt 0.878975 0.098645
vt 0.881285 0.098306
vt 0.881285 0.146894
vt 0.878996 0.146616
vt 0.904689 0.201697
vt 0.902482 0.202058
vt 0.902473 0.162907
vt 0.904689 0.162675
vt 0.530393 0.985767
vt 0.530369 0.964718
vt 0.532697 0.964649
vt 0.532697 0.986120
vt 0.226780 0.412477
vt 0.226780 0.445208
vt 0.180012 0.430757
vt 0.178665 0.414526
vt 0.945566 0.756883
vt 0.947693 0.756521
vt 0.947693 0.785939
vt 0.945576 0.785991
vt 0.316144 0.287837
vt 0.316144 0.320814
vt 0.265070 0.315199
vt 0.264307 0.292609
vt 0.535725 0.907447
vt 0.535706 0.869523
vt 0.537993 0.869399
vt 0.537993 0.907659
vt 0.755684 0.162807
vt 0.783363 0.162675
vt 0.783363 0.183752
vt 0.753496 0.182417
vt 0.993958 0.040504
vt 0.993958 0.056456
vt 0.991726 0.056241
vt 0.991753 0.040587
vt 0.580683 0.609630
vt 0.545913 0.610920
vt 0.547636 0.572279
vt 0.580683 0.571307
vt 0.003972 0.763326
vt 0.003883 0.732688
vt 0.024521 0.733512
vt 0.024521 0.763936
vt 0.917678 0.791360
vt 0.915614 0.792368
vt 0.915429 0.756777
vt 0.917678 0.756521
vt 0.080129 0.706677
vt 0.033087 0.704407
vt 0.033586 0.696178
vt 0.080129 0.686390
vt 0.284771 0.930956
vt 0.282653 0.931888
vt 0.282460 0.898836
vt 0.284771 0.898653
vt 0.982780 0.226246
vt 0.982653 0.205054
vt 0.984869 0.205239
vt 0.984869 0.227102
vt 0.926238 0.691301
vt 0.926223 0.656841
vt 0.928349 0.656642
vt 0.928349 0.691942
vt 0.450584 0.777608
vt 0.450584 0.800362
vt 0.436052 0.799875
vt 0.426673 0.778216
vt 0.369391 0.554868
vt 0.322976 0.551304
vt 0.324773 0.536178
vt 0.369391 0.523929
vt 0.380543 0.564448
vt 0.388068 0.530663
vt 0.410630 0.530213
vt 0.410630 0.577461
vt 0.703379 0.683214
vt 0.702628 0.655188
vt 0.728635 0.655557
vt 0.728635 0.691916
vt 0.992216 0.248138
vt 0.994467 0.247480
vt 0.994467 0.262549
vt 0.992155 0.262692
vt 0.924767 0.238687
vt 0.922696 0.239707
vt 0.922517 0.205336
vt 0.924767 0.205054
vt 0.724481 0.352755
vt 0.723573 0.335346
vt 0.750132 0.334245
vt 0.750132 0.362281
vt 0.498280 0.145995
vt 0.505913 0.111267
vt 0.528921 0.110482
vt 0.528921 0.158832
vt 0.213128 0.231441
vt 0.213128 0.282537
vt 0.196261 0.282021
vt 0.178665 0.234334
vt 0.311636 0.441249
vt 0.311636 0.474307
vt 0.265848 0.460001
vt 0.264307 0.444214
vt 0.943031 0.351400
vt 0.945245 0.350738
vt 0.945245 0.379944
vt 0.943005 0.379730
vt 0.925289 0.907279
vt 0.927467 0.906565
vt 0.927467 0.937453
vt 0.925264 0.937276
vt 0.649463 0.552428
vt 0.628343 0.551222
vt 0.621266 0.518804
vt 0.649463 0.507851
vt 0.868609 0.611285
vt 0.868609 0.662242
vt 0.866458 0.662080
vt 0.866494 0.610545
vt 0.168154 0.486698
vt 0.168154 0.509384
vt 0.133040 0.516997
vt 0.119145 0.486623
vt 0.320614 0.056751
vt 0.296301 0.056003
vt 0.288143 0.017160
vt 0.320614 0.003883
vt 0.945231 0.892490
vt 0.945201 0.864164
vt 0.947434 0.863883
vt 0.947434 0.893072
vt 0.247194 0.791113
vt 0.246351 0.776354
vt 0.269056 0.774855
vt 0.269056 0.799454
vt 0.705649 0.578004
vt 0.730646 0.569209
vt 0.730646 0.604879
vt 0.705072 0.605385
vt 0.976230 0.657545
vt 0.978310 0.656642
vt 0.978310 0.679858
vt 0.976020 0.679935
vt 0.356894 0.388509
vt 0.356894 0.436882
vt 0.340714 0.436338
vt 0.323910 0.391200
vt 0.536393 0.800233
vt 0.536393 0.826552
vt 0.520320 0.802167
vt 0.749557 0.379449
vt 0.723573 0.370788
vt 0.749557 0.370047
vt 0.468595 0.714453
vt 0.478169 0.714074
vt 0.478169 0.740068
vt 0.828550 0.757669
vt 0.813883 0.735815
vt 0.828550 0.728479
vt 0.101380 0.803342
vt 0.074242 0.801742
vt 0.101380 0.785929
vt 0.837945 0.089748
vt 0.848156 0.060621
vt 0.848155 0.089912
vt 0.844789 0.193363
vt 0.834904 0.190248
vt 0.844789 0.162675
vt 0.806117 0.759529
vt 0.790906 0.736998
vt 0.806117 0.728479
vt 0.815693 0.082298
vt 0.830179 0.061316
vt 0.830179 0.089912
vt 0.520320 0.861320
vt 0.529741 0.834318
vt 0.529741 0.861633
vt 0.859724 0.482037
vt 0.850659 0.479031
vt 0.859724 0.453264
vt 0.165120 0.829937
vt 0.150693 0.808914
vt 0.165120 0.801132
vt 0.818684 0.633914
vt 0.793000 0.630516
vt 0.818684 0.617434
vt 0.789763 0.838325
vt 0.789763 0.866043
vt 0.780672 0.840938
vt 0.861861 0.032304
vt 0.852867 0.029023
vt 0.861861 0.003883
vt 0.796861 0.804652
vt 0.796861 0.830559
vt 0.780672 0.828779
vt 0.789591 0.426925
vt 0.774097 0.397194
vt 0.789591 0.391624
vt 0.170783 0.213356
vt 0.170783 0.242984
vt 0.161439 0.216720
vt 0.316144 0.357606
vt 0.306414 0.354704
vt 0.316144 0.328580
vt 0.535529 0.047403
vt 0.562548 0.044682
vt 0.562548 0.097631
vt 0.834636 0.707376
vt 0.847221 0.687685
vt 0.847221 0.714658
vt 0.882023 0.569209
vt 0.882023 0.594806
vt 0.873943 0.572130
vt 0.400942 0.863371
vt 0.409707 0.862791
vt 0.409707 0.886864
vt 0.841154 0.610545
vt 0.841154 0.633914
vt 0.826449 0.632397
vt 0.742041 0.817212
vt 0.757072 0.795559
vt 0.757072 0.825178
vt 0.849709 0.569209
vt 0.849709 0.598536
vt 0.840390 0.572182
vt 0.759672 0.490040
vt 0.759672 0.499923
vt 0.731728 0.499235
vt 0.486385 0.803381
vt 0.512554 0.800233
vt 0.512554 0.817118
vt 0.725266 0.832401
vt 0.701066 0.829538
vt 0.725266 0.816702
vt 0.723467 0.866172
vt 0.732518 0.840167
vt 0.732518 0.866384
vt 0.406749 0.845837
vt 0.406749 0.855025
vt 0.380543 0.854212
vt 0.630296 0.817849
vt 0.654491 0.814949
vt 0.654491 0.830763
vt 0.817436 0.355889
vt 0.831830 0.334245
vt 0.831830 0.362637
vt 0.141153 0.842889
vt 0.141153 0.869221
vt 0.132361 0.845549
vt 0.862175 0.767944
vt 0.871442 0.767888
vt 0.871442 0.793140
vt 0.246351 0.810065
vt 0.272189 0.807220
vt 0.272189 0.822985
vt 0.313635 0.832489
vt 0.327213 0.811053
vt 0.327213 0.839393
vt 0.869627 0.028053
vt 0.878533 0.003883
vt 0.878533 0.028066
vt 0.334979 0.849749
vt 0.344109 0.849136
vt 0.344109 0.873319
vt 0.074242 0.814869
vt 0.099336 0.811108
vt 0.099336 0.826783
vt 0.699373 0.059836
vt 0.699373 0.087750
vt 0.682614 0.061804
vt 0.742041 0.859494
vt 0.751851 0.832944
vt 0.751851 0.859803
vt 0.461793 0.831545
vt 0.471819 0.831145
vt 0.471819 0.858004
vt 0.178665 0.791732
vt 0.206325 0.787974
vt 0.206325 0.805115
vt 0.016178 0.843085
vt 0.016178 0.864311
vt 0.003883 0.846519
vt 0.630296 0.888272
vt 0.638517 0.865145
vt 0.638517 0.889070
vt 0.847282 0.756689
vt 0.836315 0.749742
vt 0.847282 0.728479
vt 0.805917 0.720713
vt 0.790906 0.705706
vt 0.805917 0.687685
vt 0.519764 0.792467
vt 0.486385 0.789340
vt 0.519764 0.776283
vt 0.084568 0.877738
vt 0.084568 0.894750
vt 0.074242 0.879733
vt 0.973593 0.424689
vt 0.973593 0.440769
vt 0.967831 0.426647
vt 0.974584 0.153302
vt 0.969042 0.150993
vt 0.974584 0.136783
vt 0.905672 0.381199
vt 0.897534 0.366259
vt 0.905672 0.361774
vt 0.545868 0.279886
vt 0.530536 0.274031
vt 0.545868 0.273882
vt 0.522770 0.273882
vt 0.522770 0.280023
vt 0.507451 0.279381
vt 0.588448 0.882942
vt 0.598161 0.867697
vt 0.598161 0.887801
vt 0.966527 0.940549
vt 0.966527 0.958132
vt 0.960580 0.942700
vt 0.218200 0.951642
vt 0.224610 0.951389
vt 0.224610 0.967927
vt 0.883358 0.220067
vt 0.883358 0.238143
vt 0.872552 0.236628
vt 0.231151 0.491920
vt 0.231151 0.519867
vt 0.178665 0.498901
vt 0.819942 0.126725
vt 0.834003 0.120013
vt 0.834003 0.148343
vt 0.058878 0.846754
vt 0.058878 0.855804
vt 0.033087 0.854871
vt 0.610859 0.866957
vt 0.620076 0.841544
vt 0.620076 0.867352
vt 0.833343 0.391624
vt 0.833343 0.419950
vt 0.819114 0.413132
vt 0.799590 0.512535
vt 0.814304 0.504209
vt 0.814304 0.534933
vt 0.272189 0.830750
vt 0.272189 0.840618
vt 0.243082 0.840012
vt 0.839596 0.362920
vt 0.849602 0.334245
vt 0.849602 0.363358
vt 0.686801 0.785827
vt 0.686801 0.816191
vt 0.671922 0.808116
vt 0.822925 0.279051
vt 0.836986 0.271972
vt 0.836986 0.299673
vt 0.640711 0.436392
vt 0.640711 0.445478
vt 0.613592 0.444396
vt 0.846248 0.383858
vt 0.819114 0.375226
vt 0.846248 0.374651
vt 0.178665 0.825717
vt 0.203453 0.812880
vt 0.203453 0.828639
vt 0.451785 0.808128
vt 0.451785 0.823990
vt 0.426673 0.811743
vt 0.652696 0.839216
vt 0.661785 0.838528
vt 0.661785 0.865049
vt 0.866177 0.569209
vt 0.866177 0.597322
vt 0.857475 0.572270
vt 0.017887 0.807147
vt 0.017887 0.835319
vt 0.003883 0.828303
vt 0.484121 0.564692
vt 0.484121 0.599153
vt 0.469126 0.594071
vt 0.451785 0.831756
vt 0.451785 0.841335
vt 0.424096 0.841273
vt 0.848920 0.637538
vt 0.858693 0.610545
vt 0.858693 0.638234
vt 0.585876 0.170584
vt 0.585876 0.226770
vt 0.561264 0.180472
vt 0.839755 0.546429
vt 0.839755 0.560474
vt 0.816796 0.547645
vt 0.258963 0.865012
vt 0.267207 0.864999
vt 0.267207 0.888888
vt 0.251198 0.864999
vt 0.251198 0.889758
vt 0.243082 0.867289
vt 0.815693 0.109388
vt 0.838539 0.097678
vt 0.838539 0.111966
vt 0.305060 0.737944
vt 0.288816 0.735811
vt 0.305060 0.712131
vt 0.102004 0.834549
vt 0.102004 0.843990
vt 0.074242 0.842986
vt 0.854263 0.807888
vt 0.854263 0.836996
vt 0.845163 0.810748
vt 0.832643 0.250564
vt 0.816530 0.226866
vt 0.832643 0.224751
vt 0.831658 0.010702
vt 0.845101 0.003883
vt 0.845101 0.030366
vt 0.443621 0.849362
vt 0.452334 0.849101
vt 0.452334 0.875147
vt 0.269113 0.857233
vt 0.243082 0.849284
vt 0.269113 0.848384
vt 0.033087 0.835885
vt 0.056704 0.823812
vt 0.056704 0.838988
vt 0.282460 0.820373
vt 0.296412 0.814155
vt 0.296412 0.841623
vt 0.745518 0.205679
vt 0.745518 0.214523
vt 0.720493 0.212792
vt 0.865054 0.695805
vt 0.873978 0.670799
vt 0.873978 0.695883
vt 0.233223 0.839725
vt 0.218200 0.816132
vt 0.233223 0.814304
vt 0.560458 0.845891
vt 0.545913 0.844338
vt 0.560458 0.821048
vt 0.887286 0.793292
vt 0.879208 0.790486
vt 0.887286 0.767888
vt 0.150693 0.887860
vt 0.159463 0.864486
vt 0.159463 0.888484
vt 0.109949 0.831174
vt 0.134476 0.820067
vt 0.134476 0.835123
vt 0.477923 0.823379
vt 0.461793 0.821297
vt 0.477923 0.796006
vt 0.205122 0.864362
vt 0.196100 0.861510
vt 0.205122 0.836405
vt 0.178665 0.862671
vt 0.188334 0.836405
vt 0.188334 0.863082
vt 0.370070 0.793091
vt 0.370070 0.822949
vt 0.355087 0.816000
vt 0.424096 0.852913
vt 0.435855 0.849101
vt 0.435856 0.869981
vt 0.889638 0.695139
vt 0.881744 0.693252
vt 0.889638 0.670799
vt 0.579070 0.821048
vt 0.579070 0.849038
vt 0.568224 0.827852
vt 0.256541 0.582065
vt 0.256541 0.614236
vt 0.241797 0.596634
vt 0.800402 0.095516
vt 0.800402 0.111074
vt 0.767597 0.098954
vt 0.380543 0.892633
vt 0.389873 0.888773
vt 0.389873 0.906283
vt 0.196100 0.964219
vt 0.201872 0.963817
vt 0.201872 0.978909
vt 0.977409 0.839674
vt 0.977409 0.855897
vt 0.972117 0.841763
vt 0.869873 0.898932
vt 0.869873 0.917615
vt 0.862029 0.913487
vt 0.751560 0.686169
vt 0.751560 0.691824
vt 0.736401 0.691529
vt 0.742041 0.978130
vt 0.747823 0.963243
vt 0.747823 0.978405
vt 0.652696 0.877153
vt 0.661968 0.872815
vt 0.661968 0.891969
vt 0.517536 0.391402
vt 0.517536 0.397386
vt 0.501167 0.396912
vt 0.970567 0.286227
vt 0.970567 0.303433
vt 0.964793 0.288109
vt 0.620282 0.875118
vt 0.620282 0.893942
vt 0.610859 0.889839
vt 0.545913 0.553687
vt 0.571375 0.507851
vt 0.571375 0.563541
vt 0.912470 0.198783
vt 0.912455 0.162812
vt 0.914751 0.162675
vt 0.914751 0.199000
vt 0.161818 0.646657
vt 0.161818 0.668738
vt 0.110512 0.659462
vt 0.109949 0.650426
vt 0.935234 0.703882
vt 0.937497 0.703649
vt 0.937497 0.734873
vt 0.935242 0.734727
vt 0.927467 0.864809
vt 0.927467 0.898800
vt 0.925220 0.898606
vt 0.925358 0.863883
vt 0.757898 0.366965
vt 0.787842 0.362483
vt 0.787842 0.381888
vt 0.758183 0.380677
vt 0.469026 0.174270
vt 0.499952 0.170584
vt 0.499952 0.216637
vt 0.468930 0.219788
vt 0.875164 0.703919
vt 0.877449 0.703649
vt 0.877449 0.752599
vt 0.875127 0.752556
vt 0.153293 0.054257
vt 0.183456 0.054212
vt 0.183456 0.056506
vt 0.152708 0.056498
vt 0.362743 0.684666
vt 0.313635 0.679382
vt 0.314134 0.670552
vt 0.362743 0.662629
vt 0.891349 0.098755
vt 0.891350 0.144808
vt 0.889051 0.144717
vt 0.889057 0.098306
vt 0.907663 0.794215
vt 0.905528 0.795175
vt 0.905351 0.756691
vt 0.907663 0.756521
vt 0.546926 0.755935
vt 0.545913 0.745071
vt 0.578676 0.742074
vt 0.578676 0.764179
vt 0.958712 0.504258
vt 0.958712 0.531794
vt 0.956593 0.531426
vt 0.956592 0.504209
vt 0.421757 0.279225
vt 0.398464 0.278674
vt 0.390690 0.241698
vt 0.421757 0.227793
vt 0.842839 0.323103
vt 0.822925 0.322326
vt 0.827287 0.307869
vt 0.842839 0.307439
vt 0.119145 0.400308
vt 0.152589 0.391137
vt 0.152589 0.438743
vt 0.119803 0.436627
vt 0.891987 0.853827
vt 0.891981 0.807998
vt 0.894292 0.807888
vt 0.894292 0.854076
vt 0.460705 0.385583
vt 0.461315 0.349618
vt 0.493402 0.347452
vt 0.493402 0.394361
vt 0.868931 0.098625
vt 0.871209 0.098306
vt 0.871209 0.148360
vt 0.868954 0.148045
vt 0.037713 0.282688
vt 0.037713 0.333048
vt 0.021198 0.332886
vt 0.003883 0.284869
vt 0.571327 0.455176
vt 0.601396 0.453264
vt 0.601396 0.497647
vt 0.571208 0.499126
vt 0.967833 0.391957
vt 0.969980 0.391624
vt 0.969980 0.416901
vt 0.967831 0.416923
vt 0.968805 0.528961
vt 0.966481 0.529186
vt 0.966478 0.504313
vt 0.968805 0.504209
vt 0.992296 0.719872
vt 0.989988 0.720184
vt 0.990003 0.703665
vt 0.992296 0.703649
vt 0.507451 0.257640
vt 0.509849 0.228237
vt 0.546029 0.227793
vt 0.546029 0.266116
vt 0.689256 0.337078
vt 0.689256 0.383636
vt 0.676321 0.382535
vt 0.666128 0.344735
vt 0.241798 0.067001
vt 0.241798 0.101366
vt 0.189922 0.095556
vt 0.189157 0.072103
vt 0.909119 0.135237
vt 0.909105 0.098467
vt 0.911393 0.098306
vt 0.911393 0.135420
vt 0.956575 0.560471
vt 0.958899 0.560139
vt 0.958899 0.586852
vt 0.956562 0.586970
vt 0.934181 0.040504
vt 0.934181 0.073307
vt 0.931963 0.073016
vt 0.932001 0.040558
vt 0.858857 0.098551
vt 0.861165 0.098306
vt 0.861166 0.149024
vt 0.858820 0.148954
vt 0.881946 0.040955
vt 0.884228 0.040504
vt 0.884228 0.088715
vt 0.881942 0.088713
vt 0.221113 0.173253
vt 0.254773 0.170584
vt 0.254773 0.220479
vt 0.220893 0.222850
vt 0.868072 0.441520
vt 0.868080 0.391624
vt 0.870378 0.391713
vt 0.870378 0.441871
vt 0.953011 0.377818
vt 0.953021 0.350920
vt 0.955342 0.350738
vt 0.955342 0.378101
vt 0.918526 0.610545
vt 0.918526 0.646102
vt 0.916259 0.645856
vt 0.916289 0.610670
vt 0.951965 0.069103
vt 0.951965 0.040504
vt 0.954075 0.040863
vt 0.954075 0.069138
vt 0.871918 0.089839
vt 0.871910 0.040504
vt 0.874176 0.040575
vt 0.874176 0.090275
vt 0.140455 0.797804
vt 0.140455 0.812301
vt 0.110274 0.805267
vt 0.109949 0.799272
vt 0.367121 0.654863
vt 0.313635 0.650573
vt 0.314135 0.641501
vt 0.367121 0.632340
vt 0.623594 0.340970
vt 0.623594 0.383636
vt 0.592916 0.375299
vt 0.593469 0.342657
vt 0.942630 0.233949
vt 0.942608 0.205292
vt 0.944855 0.205054
vt 0.944855 0.234611
vt 0.167246 0.903908
vt 0.167229 0.864636
vt 0.169542 0.864486
vt 0.169542 0.904078
vt 0.453453 0.906736
vt 0.453453 0.936889
vt 0.451143 0.936641
vt 0.451298 0.905798
vt 0.428013 0.445686
vt 0.428013 0.478059
vt 0.382231 0.465225
vt 0.380543 0.449736
vt 0.747079 0.613344
vt 0.747079 0.647307
vt 0.723561 0.640219
vt 0.721844 0.613751
vt 0.986538 0.961849
vt 0.984423 0.962638
vt 0.984366 0.940770
vt 0.986538 0.940549
vt 0.765342 0.533893
vt 0.738265 0.533271
vt 0.748441 0.508280
vt 0.765342 0.507851
vt 0.461164 0.219915
vt 0.437653 0.219068
vt 0.429720 0.183383
vt 0.461164 0.170584
vt 0.120044 0.462850
vt 0.166638 0.446509
vt 0.166638 0.478857
vt 0.119145 0.478582
vt 0.777996 0.061316
vt 0.777996 0.083336
vt 0.754108 0.082115
vt 0.748201 0.061472
vt 0.914347 0.283186
vt 0.912220 0.284157
vt 0.912025 0.247636
vt 0.914347 0.247480
vt 0.987907 0.361479
vt 0.987873 0.342796
vt 0.989980 0.342738
vt 0.989980 0.362163
vt 0.948249 0.449386
vt 0.950437 0.448682
vt 0.950437 0.477022
vt 0.948225 0.476845
vt 0.503558 0.586593
vt 0.532788 0.594422
vt 0.532788 0.619537
vt 0.492249 0.619771
vt 0.990582 0.280718
vt 0.990582 0.298301
vt 0.988313 0.297986
vt 0.988306 0.280715
vt 0.899825 0.311278
vt 0.899825 0.354009
vt 0.897534 0.353732
vt 0.897569 0.311328
vt 0.888229 0.449018
vt 0.890541 0.448682
vt 0.890541 0.495232
vt 0.888251 0.494937
vt 0.097233 0.852110
vt 0.097233 0.896492
vt 0.094899 0.896499
vt 0.094904 0.851756
vt 0.059256 0.460126
vt 0.091036 0.457682
vt 0.091036 0.503511
vt 0.059183 0.505500
vt 0.757898 0.349457
vt 0.758628 0.335655
vt 0.787912 0.334245
vt 0.787912 0.354718
vt 0.905142 0.902679
vt 0.905124 0.864000
vt 0.907406 0.863883
vt 0.907406 0.902945
vt 0.600416 0.237121
vt 0.629279 0.234536
vt 0.629279 0.277500
vt 0.600280 0.279786
vt 0.916500 0.594961
vt 0.916485 0.560139
vt 0.918791 0.560191
vt 0.918791 0.595366
vt 0.773213 0.760122
vt 0.742041 0.755482
vt 0.742832 0.744995
vt 0.773213 0.739046
vt 0.006146 0.937884
vt 0.006146 0.964223
vt 0.003894 0.963733
vt 0.003883 0.938060
vt 0.969033 0.098650
vt 0.971154 0.098306
vt 0.971154 0.123381
vt 0.969038 0.123409
vt 0.985313 0.924010
vt 0.985184 0.903728
vt 0.987420 0.903887
vt 0.987420 0.924916
vt 0.059183 0.439823
vt 0.059796 0.403059
vt 0.092065 0.401930
vt 0.092065 0.449917
vt 0.895120 0.864431
vt 0.897358 0.863883
vt 0.897358 0.903961
vt 0.895013 0.903930
vt 0.931547 0.099232
vt 0.931547 0.131580
vt 0.929235 0.131366
vt 0.929394 0.098306
vt 0.024410 0.624607
vt 0.014527 0.624639
vt 0.003883 0.581016
vt 0.024410 0.569187
vt 0.946299 0.611157
vt 0.948530 0.610545
vt 0.948530 0.639141
vt 0.946269 0.638858
vt 0.934842 0.205985
vt 0.934842 0.237238
vt 0.932533 0.237022
vt 0.932691 0.205054
vt 0.877421 0.311533
vt 0.879685 0.311278
vt 0.879685 0.360075
vt 0.877386 0.360023
vt 0.178949 0.220040
vt 0.178898 0.170584
vt 0.213128 0.173976
vt 0.213128 0.223675
vt 0.946720 0.504530
vt 0.948826 0.504209
vt 0.948826 0.533235
vt 0.946725 0.533237
vt 0.910485 0.448682
vt 0.910485 0.486214
vt 0.908246 0.485961
vt 0.908272 0.448773
vt 0.906254 0.656918
vt 0.908419 0.656642
vt 0.908419 0.695122
vt 0.906253 0.695284
vt 0.109984 0.932452
vt 0.109949 0.899952
vt 0.112239 0.900012
vt 0.112239 0.933025
vt 0.992352 0.003907
vt 0.992352 0.020319
vt 0.990079 0.019961
vt 0.990080 0.003883
vt 0.857368 0.363002
vt 0.857376 0.311278
vt 0.859637 0.311380
vt 0.859637 0.363358
vt 0.990286 0.449191
vt 0.990286 0.467454
vt 0.988058 0.467458
vt 0.988093 0.448682
vt 0.733815 0.135418
vt 0.765515 0.130669
vt 0.765515 0.152934
vt 0.734159 0.150623
vt 0.968277 0.449332
vt 0.970381 0.448682
vt 0.970381 0.473687
vt 0.968233 0.473807
vt 0.003883 0.518472
vt 0.024932 0.505811
vt 0.024932 0.561001
vt 0.014787 0.561422
vt 0.655926 0.403226
vt 0.676700 0.391624
vt 0.676700 0.444702
vt 0.666667 0.444846
vt 0.945333 0.932173
vt 0.945305 0.904001
vt 0.947552 0.903728
vt 0.947552 0.932783
vt 0.713843 0.014839
vt 0.732017 0.003883
vt 0.732017 0.051582
vt 0.723240 0.051936
vt 0.982258 0.828985
vt 0.982104 0.807888
vt 0.984421 0.808068
vt 0.984421 0.829870
vt 0.499685 0.278408
vt 0.477168 0.277855
vt 0.469601 0.241446
vt 0.499685 0.227793
vt 0.605826 0.438121
vt 0.583794 0.437667
vt 0.576331 0.404214
vt 0.605826 0.391624
vt 0.928810 0.561067
vt 0.928810 0.594469
vt 0.926557 0.594259
vt 0.926694 0.560139
vt 0.671922 0.773500
vt 0.672332 0.750474
vt 0.692654 0.747990
vt 0.692654 0.778061
vt 0.942590 0.163264
vt 0.944789 0.162675
vt 0.944789 0.192294
vt 0.942551 0.191979
vt 0.426429 0.878621
vt 0.426429 0.914291
vt 0.424096 0.914106
vt 0.424258 0.877747
vt 0.944345 0.276459
vt 0.942245 0.277432
vt 0.942058 0.247706
vt 0.944345 0.247480
vt 0.697022 0.373749
vt 0.706884 0.334358
vt 0.715808 0.334245
vt 0.715808 0.383636
vt 0.904271 0.807888
vt 0.904271 0.847929
vt 0.902058 0.847698
vt 0.902085 0.808008
vt 0.006143 0.929030
vt 0.004078 0.930118
vt 0.003883 0.896570
vt 0.006143 0.896308
vt 0.915308 0.970157
vt 0.915172 0.946082
vt 0.917395 0.946139
vt 0.917395 0.970862
vt 0.553499 0.170584
vt 0.553499 0.202553
vt 0.508851 0.187241
vt 0.507717 0.171468
vt 0.714358 0.321915
vt 0.705091 0.321763
vt 0.695193 0.282274
vt 0.714358 0.271972
vt 0.904031 0.081937
vt 0.901892 0.082214
vt 0.901891 0.040666
vt 0.904031 0.040504
vt 0.366683 0.278640
vt 0.349204 0.231365
vt 0.382924 0.230616
vt 0.382924 0.279225
vt 0.694862 0.701172
vt 0.671922 0.693911
vt 0.682103 0.656241
vt 0.694862 0.655188
vt 0.488225 0.050810
vt 0.488225 0.098396
vt 0.472329 0.098188
vt 0.455713 0.053755
vt 0.527763 0.097631
vt 0.495991 0.094621
vt 0.512488 0.050831
vt 0.527763 0.050810
vt 0.932157 0.279776
vt 0.932141 0.247605
vt 0.934292 0.247480
vt 0.934292 0.280509
vt 0.986670 0.560830
vt 0.988720 0.560139
vt 0.988720 0.580243
vt 0.986637 0.579985
vt 0.178665 0.338312
vt 0.229039 0.331931
vt 0.229039 0.364786
vt 0.179398 0.360803
vt 0.421971 0.522447
vt 0.381465 0.520781
vt 0.380543 0.495621
vt 0.421971 0.485825
vt 0.305537 0.934561
vt 0.303227 0.934881
vt 0.303222 0.902827
vt 0.305537 0.902957
vt 0.022833 0.909232
vt 0.022817 0.872108
vt 0.025094 0.872077
vt 0.025094 0.909557
vt 0.110325 0.780992
vt 0.140698 0.771776
vt 0.140698 0.790038
vt 0.109949 0.789849
vt 0.298028 0.112860
vt 0.331723 0.110482
vt 0.331723 0.159366
vt 0.297914 0.161257
vt 0.368306 0.562634
vt 0.368306 0.593509
vt 0.323641 0.588164
vt 0.322976 0.567131
vt 0.671922 0.714260
vt 0.694520 0.708937
vt 0.694520 0.740224
vt 0.672357 0.738088
vt 0.484032 0.556926
vt 0.426673 0.553061
vt 0.427271 0.543211
vt 0.484032 0.532601
vt 0.166812 0.985819
vt 0.166685 0.964625
vt 0.168902 0.964747
vt 0.168902 0.986579
vt 0.798959 0.796886
vt 0.784789 0.795471
vt 0.780672 0.774155
vt 0.798959 0.767888
vt 0.805984 0.836406
vt 0.812380 0.812656
vt 0.818168 0.812766
vt 0.818168 0.842754
vt 0.978010 0.343493
vt 0.980107 0.342738
vt 0.980107 0.365559
vt 0.977958 0.365742
vt 0.899115 0.098806
vt 0.901340 0.098306
vt 0.901340 0.141029
vt 0.899140 0.140852
vt 0.078788 0.576975
vt 0.033087 0.573614
vt 0.034218 0.558599
vt 0.078788 0.545899
vt 0.989031 0.098629
vt 0.991314 0.098306
vt 0.991314 0.115807
vt 0.989038 0.115835
vt 0.536811 0.427418
vt 0.537399 0.392537
vt 0.568565 0.391624
vt 0.568565 0.437142
vt 0.537639 0.644258
vt 0.537639 0.667281
vt 0.487000 0.657710
vt 0.486385 0.648328
vt 0.881862 0.247865
vt 0.884180 0.247480
vt 0.884180 0.295645
vt 0.881881 0.295411
vt 0.766386 0.247496
vt 0.771110 0.225742
vt 0.785572 0.224751
vt 0.785572 0.254817
vt 0.930186 0.392541
vt 0.930186 0.425578
vt 0.927943 0.425372
vt 0.928076 0.391624
vt 0.860306 0.392328
vt 0.860306 0.444295
vt 0.858164 0.444144
vt 0.858196 0.391624
vt 0.866608 0.504720
vt 0.868834 0.504209
vt 0.868834 0.555391
vt 0.866605 0.555429
vt 0.048440 0.402793
vt 0.048440 0.457893
vt 0.046312 0.457754
vt 0.046349 0.402065
vt 0.968781 0.560169
vt 0.968781 0.585766
vt 0.966667 0.585398
vt 0.966665 0.560139
vt 0.519311 0.334045
vt 0.487454 0.333186
vt 0.486818 0.297959
vt 0.519311 0.287837
vt 0.926734 0.537949
vt 0.926719 0.504252
vt 0.928993 0.504209
vt 0.928993 0.538257
vt 0.179658 0.458890
vt 0.227539 0.452974
vt 0.227539 0.484154
vt 0.178665 0.480061
vt 0.238070 0.003883
vt 0.238070 0.057526
vt 0.204994 0.043801
vt 0.213214 0.004612
vt 0.294851 0.899563
vt 0.294851 0.931633
vt 0.292536 0.931433
vt 0.292687 0.898653
vt 0.003975 0.226158
vt 0.037384 0.222281
vt 0.037384 0.271616
vt 0.003883 0.274922
vt 0.235999 0.685880
vt 0.235999 0.732976
vt 0.218200 0.722462
vt 0.227576 0.685477
vt 0.892485 0.163190
vt 0.894707 0.162675
vt 0.894707 0.208934
vt 0.892484 0.208977
vt 0.878147 0.392199
vt 0.880354 0.391624
vt 0.880354 0.440824
vt 0.878144 0.440916
vt 0.651619 0.139032
vt 0.662242 0.095516
vt 0.671781 0.095604
vt 0.671781 0.150449
vt 0.985616 0.757231
vt 0.987725 0.756521
vt 0.987725 0.777742
vt 0.985568 0.777903
vt 0.545913 0.786376
vt 0.546563 0.773141
vt 0.575537 0.771945
vt 0.575537 0.790870
vt 0.982468 0.152492
vt 0.982350 0.131319
vt 0.984631 0.131471
vt 0.984631 0.153302
vt 0.971862 0.064180
vt 0.971727 0.040504
vt 0.973927 0.040630
vt 0.973927 0.064964
vt 0.991860 0.084983
vt 0.991760 0.070432
vt 0.994076 0.070541
vt 0.994076 0.085749
vt 0.220893 0.270398
vt 0.221585 0.232481
vt 0.256541 0.230616
vt 0.256541 0.280214
vt 0.744315 0.899452
vt 0.744315 0.931945
vt 0.742041 0.931772
vt 0.742184 0.898550
vt 0.576162 0.798636
vt 0.576162 0.813282
vt 0.546117 0.806745
vt 0.545913 0.800663
vt 0.975291 0.904371
vt 0.977418 0.903728
vt 0.977418 0.927419
vt 0.975248 0.927541
vt 0.990100 0.864181
vt 0.992372 0.863883
vt 0.992372 0.880159
vt 0.990100 0.880152
vt 0.982278 0.268847
vt 0.982154 0.247480
vt 0.984389 0.247569
vt 0.984389 0.269673
vt 0.888595 0.611264
vt 0.888595 0.658825
vt 0.886454 0.658677
vt 0.886490 0.610545
vt 0.355583 0.834622
vt 0.370742 0.830715
vt 0.370742 0.850997
vt 0.355087 0.850447
vt 0.944199 0.041444
vt 0.944199 0.070653
vt 0.941947 0.070438
vt 0.942084 0.040504
vt 0.301913 0.703372
vt 0.301761 0.683537
vt 0.304104 0.683648
vt 0.304104 0.704184
vt 0.937436 0.863893
vt 0.937436 0.895962
vt 0.935233 0.895623
vt 0.935252 0.863883
vt 0.063039 0.816046
vt 0.033087 0.814573
vt 0.033355 0.808925
vt 0.063039 0.802083
vt 0.957942 0.391958
vt 0.960066 0.391624
vt 0.960066 0.419135
vt 0.957945 0.419175
vt 0.642647 0.929431
vt 0.640548 0.930375
vt 0.640362 0.897052
vt 0.642647 0.896836
vt 0.740599 0.725323
vt 0.740983 0.701853
vt 0.762441 0.699682
vt 0.762441 0.730249
vt 0.073464 0.618318
vt 0.033087 0.614182
vt 0.034148 0.601461
vt 0.073464 0.584740
vt 0.922223 0.841616
vt 0.922065 0.807888
vt 0.924409 0.808002
vt 0.924409 0.842447
vt 0.915188 0.899382
vt 0.915172 0.863988
vt 0.917454 0.863883
vt 0.917454 0.899636
vt 0.855050 0.704254
vt 0.857289 0.703649
vt 0.857289 0.756537
vt 0.855048 0.756689
vt 0.920540 0.482537
vt 0.918443 0.483587
vt 0.918251 0.448909
vt 0.920540 0.448682
vt 0.672691 0.841127
vt 0.671922 0.824680
vt 0.688169 0.823957
vt 0.688169 0.844986
vt 0.418695 0.156690
vt 0.418638 0.110482
vt 0.450382 0.113718
vt 0.450382 0.160128
vt 0.299309 0.280071
vt 0.264970 0.278754
vt 0.264307 0.241038
vt 0.299309 0.230616
vt 0.905243 0.741880
vt 0.905196 0.703673
vt 0.907504 0.703649
vt 0.907504 0.742324
vt 0.936342 0.611127
vt 0.938503 0.610545
vt 0.938503 0.641503
vt 0.936349 0.641429
vt 0.955491 0.757163
vt 0.957709 0.756521
vt 0.957709 0.783914
vt 0.955459 0.783646
vt 0.935537 0.786983
vt 0.935501 0.756521
vt 0.937800 0.756604
vt 0.937800 0.787593
vt 0.980304 0.603453
vt 0.982567 0.602961
vt 0.982567 0.625048
vt 0.980265 0.625163
vt 0.878688 0.610545
vt 0.878688 0.659521
vt 0.876397 0.659205
vt 0.876374 0.610849
vt 0.734608 0.104857
vt 0.759832 0.095516
vt 0.759832 0.122903
vt 0.733815 0.121768
vt 0.120335 0.176827
vt 0.171133 0.170584
vt 0.171133 0.205590
vt 0.119145 0.200474
vt 0.633244 0.102548
vt 0.622881 0.102717
vt 0.611701 0.057162
vt 0.633244 0.044468
vt 0.380543 0.619221
vt 0.387683 0.586446
vt 0.409349 0.585226
vt 0.409349 0.630597
vt 0.961267 0.098346
vt 0.961267 0.125735
vt 0.959147 0.125344
vt 0.959149 0.098306
vt 0.536687 0.146106
vt 0.543970 0.111077
vt 0.566044 0.110482
vt 0.566044 0.159489
vt 0.978948 0.098664
vt 0.981265 0.098306
vt 0.981265 0.120567
vt 0.978920 0.120590
vt 0.922048 0.041399
vt 0.924197 0.040504
vt 0.924197 0.075034
vt 0.921868 0.075177
vt 0.492249 0.462596
vt 0.524682 0.454012
vt 0.524682 0.500085
vt 0.492891 0.497764
vt 0.436693 0.518520
vt 0.437683 0.497369
vt 0.484032 0.493654
vt 0.484032 0.524835
vt 0.603935 0.156307
vt 0.573809 0.153875
vt 0.589315 0.110937
vt 0.603935 0.110482
vt 0.658362 0.383636
vt 0.638102 0.382600
vt 0.631360 0.350587
vt 0.658362 0.339448
vt 0.082206 0.750150
vt 0.101380 0.748643
vt 0.101380 0.778163
vt 0.080833 0.777201
vt 0.677016 0.562082
vt 0.667465 0.562057
vt 0.657229 0.519274
vt 0.677016 0.507851
vt 0.155289 0.110482
vt 0.155289 0.162819
vt 0.119145 0.152119
vt 0.119910 0.112854
vt 0.962535 0.205408
vt 0.964814 0.205054
vt 0.964814 0.230968
vt 0.962506 0.231027
vt 0.952621 0.205389
vt 0.954740 0.205054
vt 0.954740 0.233475
vt 0.952624 0.233502
vt 0.003919 0.972591
vt 0.005988 0.971989
vt 0.005988 0.990214
vt 0.003883 0.990101
vt 0.163055 0.120597
vt 0.199459 0.110482
vt 0.199459 0.160670
vt 0.163789 0.158850
vt 0.631442 0.014628
vt 0.676639 0.003883
vt 0.676639 0.028697
vt 0.631044 0.022735
vt 0.209122 0.780209
vt 0.179087 0.778825
vt 0.178665 0.764336
vt 0.209122 0.759042
vt 0.937974 0.421124
vt 0.937952 0.391624
vt 0.940297 0.391651
vt 0.940297 0.421561
vt 0.264307 0.367307
vt 0.264922 0.329936
vt 0.298572 0.328580
vt 0.298572 0.377344
vt 0.421954 0.170584
vt 0.421954 0.218811
vt 0.405611 0.217957
vt 0.388627 0.172019
vt 0.978194 0.449385
vt 0.980292 0.448682
vt 0.980292 0.471530
vt 0.978147 0.471690
vt 0.422325 0.288806
vt 0.438688 0.287837
vt 0.438688 0.336064
vt 0.405631 0.335605
vt 0.420390 0.393525
vt 0.420360 0.347452
vt 0.452939 0.349519
vt 0.452939 0.395707
vt 0.946088 0.004507
vt 0.948307 0.003883
vt 0.948307 0.032706
vt 0.946058 0.032447
vt 0.281050 0.712131
vt 0.281050 0.737956
vt 0.253934 0.736495
vt 0.246351 0.712609
vt 0.721376 0.170624
vt 0.745731 0.162675
vt 0.745731 0.197734
vt 0.720493 0.197913
vt 0.066771 0.056803
vt 0.066635 0.003883
vt 0.102261 0.007513
vt 0.102261 0.059492
vt 0.958159 0.656680
vt 0.958159 0.684398
vt 0.956044 0.684027
vt 0.956044 0.656642
vt 0.298665 0.645528
vt 0.246351 0.641266
vt 0.246903 0.631820
vt 0.298665 0.622002
vt 0.003883 0.673920
vt 0.014584 0.632404
vt 0.024261 0.632580
vt 0.024261 0.685067
vt 0.918953 0.504914
vt 0.918953 0.539503
vt 0.916674 0.539262
vt 0.916728 0.504209
vt 0.976571 0.526419
vt 0.976574 0.504209
vt 0.978870 0.504391
vt 0.978870 0.526862
vt 0.884718 0.163428
vt 0.884718 0.211202
vt 0.882534 0.211024
vt 0.882570 0.162675
vt 0.981767 0.089763
vt 0.981693 0.070432
vt 0.983994 0.070562
vt 0.983994 0.090394
vt 0.315898 0.905387
vt 0.315898 0.936463
vt 0.313635 0.936211
vt 0.313780 0.904407
vt 0.794225 0.986868
vt 0.794091 0.966477
vt 0.796313 0.966593
vt 0.796313 0.987636
vt 0.955131 0.703905
vt 0.957426 0.703649
vt 0.957426 0.731116
vt 0.955136 0.730889
vt 0.100794 0.546068
vt 0.110723 0.545899
vt 0.110723 0.601089
vt 0.086554 0.599905
vt 0.508128 0.917510
vt 0.506036 0.918565
vt 0.505847 0.883347
vt 0.508128 0.883113
vt 0.129616 0.933144
vt 0.129598 0.900498
vt 0.131901 0.900394
vt 0.131901 0.933368
vt 0.417276 0.088110
vt 0.424904 0.051362
vt 0.447947 0.050810
vt 0.447947 0.102192
vt 0.296991 0.675771
vt 0.246351 0.671672
vt 0.246898 0.662639
vt 0.296991 0.653294
vt 0.684465 0.402846
vt 0.703497 0.391624
vt 0.703497 0.443629
vt 0.694309 0.443719
vt 0.339489 0.149270
vt 0.347439 0.111772
vt 0.371602 0.110482
vt 0.371602 0.162477
vt 0.974635 0.185903
vt 0.972512 0.186695
vt 0.972456 0.162901
vt 0.974635 0.162675
vt 0.977879 0.413715
vt 0.977746 0.391624
vt 0.979952 0.391775
vt 0.979952 0.414533
vt 0.092808 0.394165
vt 0.059183 0.392562
vt 0.076439 0.346253
vt 0.092808 0.345555
vt 0.955231 0.891074
vt 0.955200 0.864150
vt 0.957404 0.863883
vt 0.957404 0.891661
vt 0.729072 0.260561
vt 0.703063 0.260798
vt 0.704475 0.233094
vt 0.729072 0.224751
vt 0.228832 0.290303
vt 0.228832 0.324165
vt 0.180416 0.310870
vt 0.178665 0.294701
vt 0.150806 0.331171
vt 0.150806 0.383371
vt 0.119145 0.369015
vt 0.126979 0.331704
vt 0.179229 0.669594
vt 0.178665 0.660426
vt 0.228329 0.655145
vt 0.228329 0.677712
vt 0.060273 0.259613
vt 0.111374 0.253782
vt 0.111374 0.287460
vt 0.059183 0.282413
vt 0.785234 0.613344
vt 0.785234 0.633914
vt 0.755493 0.628112
vt 0.754845 0.618036
vt 0.588448 0.579929
vt 0.619877 0.571307
vt 0.619877 0.614542
vt 0.589046 0.612898
vt 0.303224 0.849975
vt 0.305444 0.849389
vt 0.305444 0.894942
vt 0.303222 0.895061
vt 0.414000 0.980725
vt 0.416279 0.980190
vt 0.416279 0.993900
vt 0.413944 0.993913
vt 0.474881 0.406517
vt 0.474881 0.446246
vt 0.451959 0.444900
vt 0.436693 0.405338
vt 0.208698 0.575172
vt 0.186234 0.574398
vt 0.178665 0.540036
vt 0.208698 0.527633
vt 0.308682 0.072614
vt 0.358985 0.067001
vt 0.358985 0.099289
vt 0.307603 0.094548
vt 0.992272 0.633665
vt 0.994497 0.632929
vt 0.994497 0.647196
vt 0.992207 0.647403
vt 0.003883 0.406226
vt 0.037763 0.397252
vt 0.037763 0.444120
vt 0.004541 0.441974
vt 0.323325 0.171333
vt 0.340194 0.170584
vt 0.340194 0.219938
vt 0.305764 0.218913
vt 0.982447 0.163380
vt 0.984556 0.162675
vt 0.984556 0.184769
vt 0.982400 0.184938
vt 0.947365 0.703662
vt 0.947365 0.733290
vt 0.945263 0.732928
vt 0.945264 0.703649
vt 0.623278 0.027533
vt 0.568774 0.024830
vt 0.569367 0.015269
vt 0.623278 0.003883
vt 0.876605 0.552743
vt 0.876600 0.504209
vt 0.878892 0.504318
vt 0.878892 0.553207
vt 0.334979 0.817077
vt 0.347295 0.811053
vt 0.347295 0.841370
vt 0.341296 0.841134
vt 0.919304 0.132254
vt 0.919159 0.098306
vt 0.921469 0.098440
vt 0.921469 0.133110
vt 0.951381 0.126515
vt 0.949190 0.126690
vt 0.949187 0.098701
vt 0.951381 0.098306
vt 0.238586 0.622666
vt 0.238586 0.677616
vt 0.236451 0.677488
vt 0.236483 0.622002
vt 0.599085 0.092928
vt 0.577536 0.092329
vt 0.570313 0.057637
vt 0.599085 0.044682
vt 0.973137 0.334308
vt 0.973120 0.311278
vt 0.975384 0.311463
vt 0.975384 0.334813
vt 0.914102 0.040504
vt 0.914102 0.077421
vt 0.911797 0.077221
vt 0.911826 0.040664
vt 0.372777 0.347452
vt 0.372777 0.380743
vt 0.324669 0.375921
vt 0.323910 0.353175
vt 0.631109 0.203986
vt 0.637910 0.171620
vt 0.658712 0.170584
vt 0.658712 0.215568
vt 0.645801 0.287837
vt 0.645801 0.320898
vt 0.607156 0.304332
vt 0.606290 0.292001
vt 0.314187 0.610785
vt 0.368306 0.601274
vt 0.368306 0.624574
vt 0.313635 0.620210
vt 0.915174 0.907701
vt 0.917458 0.907402
vt 0.917458 0.938316
vt 0.915172 0.938173
vt 0.412594 0.347452
vt 0.412594 0.397572
vt 0.380543 0.384352
vt 0.388540 0.348312
vt 0.872555 0.163256
vt 0.874768 0.162675
vt 0.874768 0.212173
vt 0.872552 0.212301
vt 0.965960 0.681328
vt 0.965925 0.656766
vt 0.968254 0.656642
vt 0.968254 0.681703
vt 0.046314 0.339367
vt 0.048530 0.338744
vt 0.048530 0.394141
vt 0.046312 0.394299
vt 0.861805 0.248073
vt 0.864009 0.247480
vt 0.864009 0.299536
vt 0.861802 0.299673
vt 0.328380 0.043811
vt 0.329030 0.006693
vt 0.363080 0.003883
vt 0.363080 0.052280
vt 0.981865 0.041438
vt 0.983960 0.040504
vt 0.983960 0.062517
vt 0.981693 0.062666
vt 0.142747 0.764010
vt 0.109949 0.761417
vt 0.111183 0.750627
vt 0.142747 0.742201
vt 0.516653 0.008323
vt 0.561008 0.003883
vt 0.561008 0.035202
vt 0.515579 0.029488
vt 0.856640 0.504806
vt 0.858839 0.504209
vt 0.858839 0.556927
vt 0.856638 0.557044
vt 0.410872 0.161662
vt 0.387257 0.160378
vt 0.379368 0.123246
vt 0.410872 0.110482
vt 0.867408 0.311878
vt 0.869620 0.311278
vt 0.869620 0.362055
vt 0.867403 0.362181
vt 0.618074 0.816278
vt 0.588448 0.814237
vt 0.588600 0.808452
vt 0.618074 0.802039
vt 0.712413 0.419547
vt 0.711263 0.391624
vt 0.737088 0.391655
vt 0.737088 0.427464
vt 0.830934 0.477398
vt 0.837206 0.453453
vt 0.842893 0.453264
vt 0.842893 0.482959
vt 0.781044 0.739206
vt 0.783133 0.738494
vt 0.783133 0.760122
vt 0.780979 0.760086
vt 0.250701 0.071392
vt 0.299837 0.067001
vt 0.299837 0.101166
vt 0.249564 0.094525
vt 0.938875 0.590324
vt 0.936584 0.590563
vt 0.936576 0.560139
vt 0.938875 0.560151
vt 0.179273 0.597107
vt 0.178665 0.587345
vt 0.233909 0.582938
vt 0.233909 0.606771
vt 0.886658 0.504721
vt 0.888920 0.504209
vt 0.888920 0.551647
vt 0.886682 0.551516
vt 0.170899 0.724842
vt 0.170899 0.756282
vt 0.150693 0.748095
vt 0.155662 0.725543
vt 0.119207 0.262454
vt 0.119145 0.213356
vt 0.153673 0.215319
vt 0.153673 0.264562
vt 0.940459 0.448686
vt 0.940459 0.479551
vt 0.938363 0.479227
vt 0.938359 0.448682
vt 0.907998 0.391917
vt 0.910141 0.391624
vt 0.910141 0.429893
vt 0.908000 0.430072
vt 0.992625 0.602961
vt 0.992625 0.619041
vt 0.990343 0.618809
vt 0.990333 0.603026
vt 0.366994 0.388846
vt 0.366994 0.437729
vt 0.364660 0.437751
vt 0.364665 0.388509
vt 0.922545 0.162908
vt 0.924838 0.162675
vt 0.924838 0.197288
vt 0.922517 0.197184
vt 0.891946 0.247935
vt 0.894258 0.247480
vt 0.894258 0.293748
vt 0.891964 0.293587
vt 0.970140 0.004215
vt 0.972396 0.003883
vt 0.972396 0.028246
vt 0.970160 0.028277
vt 0.460968 0.003883
vt 0.460968 0.035751
vt 0.412320 0.029831
vt 0.411643 0.008009
vt 0.874096 0.296862
vt 0.871811 0.297169
vt 0.871774 0.247480
vt 0.874096 0.247485
vt 0.936062 0.032105
vt 0.936035 0.004190
vt 0.938293 0.003883
vt 0.938293 0.032688
vt 0.637044 0.267586
vt 0.647925 0.224751
vt 0.657711 0.225215
vt 0.657711 0.279786
vt 0.490514 0.110482
vt 0.490514 0.158124
vt 0.474740 0.157766
vt 0.458147 0.112203
vt 0.962033 0.247714
vt 0.964338 0.247480
vt 0.964338 0.273961
vt 0.962035 0.274091
vt 0.972580 0.205386
vt 0.974887 0.205054
vt 0.974887 0.228657
vt 0.972584 0.228506
vt 0.119186 0.319934
vt 0.119145 0.272328
vt 0.152768 0.275626
vt 0.152768 0.323405
vt 0.987743 0.410685
vt 0.987718 0.391861
vt 0.989804 0.391624
vt 0.989804 0.411398
vt 0.228443 0.646410
vt 0.226304 0.647376
vt 0.226139 0.614755
vt 0.228443 0.614537
vt 0.927469 0.704636
vt 0.927469 0.738673
vt 0.925247 0.738412
vt 0.925381 0.703649
vt 0.864174 0.808577
vt 0.864174 0.860186
vt 0.862029 0.860026
vt 0.862058 0.807888
vt 0.592515 0.234536
vt 0.592515 0.279581
vt 0.577353 0.278914
vt 0.561264 0.234877
vt 0.218325 0.802506
vt 0.218200 0.780296
vt 0.237107 0.779451
vt 0.237107 0.806538
vt 0.963080 0.336848
vt 0.963057 0.311306
vt 0.965354 0.311278
vt 0.965354 0.337251
vt 0.898819 0.548093
vt 0.896686 0.548370
vt 0.896687 0.504381
vt 0.898819 0.504209
vt 0.110514 0.629538
vt 0.109949 0.620129
vt 0.164010 0.615841
vt 0.164010 0.638891
vt 0.828182 0.882088
vt 0.828182 0.917866
vt 0.825934 0.917619
vt 0.825959 0.882182
vt 0.141917 0.900394
vt 0.141917 0.933467
vt 0.139667 0.933228
vt 0.139695 0.900513
vt 0.341438 0.230616
vt 0.341438 0.279970
vt 0.324449 0.279087
vt 0.307075 0.232145
vt 0.370645 0.663593
vt 0.372774 0.662629
vt 0.372774 0.684414
vt 0.370509 0.684617
vt 0.426673 0.765126
vt 0.427328 0.750589
vt 0.457923 0.748274
vt 0.457923 0.769842
vt 0.614028 0.706602
vt 0.614028 0.741697
vt 0.589840 0.733489
vt 0.588448 0.706440
vt 0.975690 0.779346
vt 0.975557 0.756521
vt 0.977802 0.756574
vt 0.977802 0.780039
vt 0.630646 0.798952
vt 0.662491 0.792461
vt 0.662491 0.807183
vt 0.630296 0.804926
vt 0.827138 0.162796
vt 0.827138 0.195069
vt 0.814320 0.188176
vt 0.821067 0.162675
vt 0.169286 0.793366
vt 0.155358 0.792383
vt 0.150693 0.770960
vt 0.169286 0.764048
vt 0.380948 0.794633
vt 0.380543 0.788321
vt 0.413280 0.786051
vt 0.413280 0.801304
vt 0.760067 0.453264
vt 0.760067 0.479845
vt 0.742663 0.479289
vt 0.732334 0.453839
vt 0.666478 0.173371
vt 0.686301 0.162675
vt 0.686301 0.215568
vt 0.676731 0.215303
vt 0.501167 0.373920
vt 0.502409 0.349153
vt 0.542082 0.347452
vt 0.542082 0.383636
vt 0.337307 0.445686
vt 0.372777 0.453366
vt 0.372777 0.476582
vt 0.322976 0.476651
vt 0.179717 0.376533
vt 0.228565 0.372552
vt 0.228565 0.404711
vt 0.178665 0.398354
vt 0.264307 0.529943
vt 0.296866 0.521858
vt 0.296866 0.566504
vt 0.264937 0.563986
vt 0.305721 0.776405
vt 0.291016 0.775704
vt 0.286104 0.753487
vt 0.305721 0.745722
vt 0.537248 0.547645
vt 0.537248 0.578827
vt 0.493556 0.564694
vt 0.492249 0.549677
vt 0.948063 0.391949
vt 0.950176 0.391624
vt 0.950176 0.420397
vt 0.948066 0.420423
vt 0.548164 0.879674
vt 0.548164 0.915967
vt 0.545913 0.915725
vt 0.545942 0.879794
vt 0.486401 0.905942
vt 0.488658 0.905493
vt 0.488658 0.936902
vt 0.486385 0.936667
vt 0.980028 0.864191
vt 0.982334 0.863883
vt 0.982334 0.885990
vt 0.980012 0.886079
vt 0.896361 0.610818
vt 0.898487 0.610545
vt 0.898487 0.654857
vt 0.896362 0.655013
vt 0.744661 0.569788
vt 0.769253 0.569209
vt 0.769253 0.591229
vt 0.738412 0.590993
vt 0.766331 0.422261
vt 0.745308 0.419796
vt 0.744854 0.396450
vt 0.766331 0.391624
vt 0.507027 0.824884
vt 0.507027 0.841147
vt 0.490854 0.840540
vt 0.486385 0.825597
vt 0.739849 0.005192
vt 0.760833 0.003883
vt 0.760833 0.034728
vt 0.739783 0.035759
vt 0.381633 0.410160
vt 0.428927 0.405338
vt 0.428927 0.437920
vt 0.380543 0.432226
vt 0.257021 0.159155
vt 0.256964 0.110482
vt 0.290148 0.113882
vt 0.290148 0.162771
vt 0.305721 0.806389
vt 0.282460 0.805733
vt 0.291681 0.784531
vt 0.305721 0.784171
vt 0.479053 0.335331
vt 0.446454 0.333821
vt 0.463324 0.288502
vt 0.479053 0.287837
vt 0.914299 0.843606
vt 0.912235 0.844692
vt 0.912036 0.808145
vt 0.914299 0.807888
vt 0.630731 0.636505
vt 0.630296 0.628258
vt 0.676473 0.622307
vt 0.676473 0.647423
vt 0.976575 0.560517
vt 0.978871 0.560139
vt 0.978871 0.583232
vt 0.976547 0.583271
vt 0.023270 0.799381
vt 0.003883 0.798576
vt 0.003980 0.776105
vt 0.023270 0.771702
vt 0.068508 0.072036
vt 0.121160 0.067258
vt 0.121160 0.102717
vt 0.066635 0.096039
vt 0.887456 0.357934
vt 0.887451 0.311278
vt 0.889768 0.311335
vt 0.889768 0.358355
vt 0.928577 0.643755
vt 0.926484 0.644812
vt 0.926292 0.610780
vt 0.928577 0.610545
vt 0.946670 0.588329
vt 0.946641 0.560360
vt 0.948796 0.560139
vt 0.948796 0.589026
vt 0.004060 0.212113
vt 0.003883 0.161925
vt 0.038500 0.164358
vt 0.038500 0.214515
vt 0.909818 0.311278
vt 0.909818 0.349403
vt 0.907591 0.349192
vt 0.907617 0.311407
vt 0.895279 0.703961
vt 0.897431 0.703649
vt 0.897431 0.748552
vt 0.895282 0.748755
vt 0.218374 0.614815
vt 0.218374 0.639629
vt 0.189515 0.647379
vt 0.178665 0.614537
vt 0.468734 0.012775
vt 0.507813 0.003883
vt 0.507813 0.042977
vt 0.471194 0.042584
vt 0.348051 0.174314
vt 0.380861 0.170584
vt 0.380861 0.218005
vt 0.347960 0.221223
vt 0.854748 0.163416
vt 0.854748 0.216102
vt 0.852555 0.215922
vt 0.852590 0.162675
vt 0.970412 0.603684
vt 0.972499 0.602961
vt 0.972499 0.627524
vt 0.970362 0.627683
vt 0.895279 0.799484
vt 0.895288 0.756521
vt 0.897586 0.756591
vt 0.897586 0.799804
vt 0.003883 0.489462
vt 0.004497 0.454075
vt 0.037006 0.451885
vt 0.037006 0.498045
vt 0.932604 0.163264
vt 0.934785 0.162675
vt 0.934785 0.195345
vt 0.932624 0.195256
vt 0.937736 0.311527
vt 0.939994 0.311278
vt 0.939994 0.341539
vt 0.937706 0.341408
vt 0.917597 0.346306
vt 0.917584 0.311420
vt 0.919876 0.311278
vt 0.919876 0.346510
vt 0.965537 0.781348
vt 0.965475 0.756550
vt 0.967791 0.756521
vt 0.967791 0.781697
vt 0.129772 0.096475
vt 0.128926 0.072155
vt 0.181391 0.067001
vt 0.181391 0.102717
vt 0.862549 0.162875
vt 0.864786 0.162675
vt 0.864786 0.214029
vt 0.862513 0.213919
vt 0.885219 0.751071
vt 0.885215 0.703649
vt 0.887513 0.703725
vt 0.887513 0.751505
vt 0.900232 0.434681
vt 0.898093 0.434968
vt 0.898094 0.391801
vt 0.900232 0.391624
vt 0.324261 0.502469
vt 0.322976 0.486756
vt 0.370505 0.484417
vt 0.370505 0.516163
vt 0.084389 0.678624
vt 0.033087 0.674860
vt 0.033588 0.666158
vt 0.084389 0.657067
vt 0.566723 0.324082
vt 0.567309 0.290391
vt 0.598525 0.287837
vt 0.598525 0.331787
vt 0.918457 0.691436
vt 0.916252 0.692200
vt 0.916185 0.656886
vt 0.918457 0.656642
vt 0.436693 0.460365
vt 0.484483 0.454012
vt 0.484483 0.485888
vt 0.437380 0.482186
vt 0.964690 0.162750
vt 0.964690 0.189082
vt 0.962480 0.188692
vt 0.962478 0.162675
vt 0.325937 0.905309
vt 0.325937 0.936329
vt 0.323664 0.936154
vt 0.323799 0.904407
vt 0.369903 0.978620
vt 0.372162 0.978200
vt 0.372162 0.993797
vt 0.369935 0.993719
vt 0.914750 0.238557
vt 0.912632 0.239576
vt 0.912455 0.206986
vt 0.914750 0.206766
vt 0.033741 0.527367
vt 0.033087 0.517176
vt 0.091036 0.513266
vt 0.091036 0.538133
vt 0.529045 0.405338
vt 0.529045 0.437142
vt 0.484078 0.424724
vt 0.482647 0.409113
vt 0.908719 0.597113
vt 0.906624 0.598169
vt 0.906442 0.560386
vt 0.908719 0.560139
vt 0.920177 0.425840
vt 0.918101 0.426925
vt 0.917907 0.391878
vt 0.920177 0.391624
vt 0.924375 0.248457
vt 0.924375 0.282357
vt 0.922113 0.282110
vt 0.922256 0.247480
vt 0.237111 0.391472
vt 0.247318 0.349643
vt 0.256541 0.349417
vt 0.256541 0.401720
vt 0.120148 0.583252
vt 0.164010 0.577903
vt 0.164010 0.608075
vt 0.119145 0.603619
vt 0.558227 0.880655
vt 0.558227 0.915713
vt 0.555930 0.915483
vt 0.556096 0.879674
vt 0.786490 0.069469
vt 0.807927 0.061316
vt 0.807927 0.085268
vt 0.785762 0.083738
vt 0.058869 0.003883
vt 0.058869 0.040033
vt 0.005436 0.035291
vt 0.003883 0.010617
vt 0.085630 0.626084
vt 0.085630 0.649301
vt 0.033678 0.641592
vt 0.033087 0.632151
vt 0.427293 0.626446
vt 0.426673 0.616651
vt 0.479583 0.612424
vt 0.479583 0.636493
vt 0.548313 0.499727
vt 0.532448 0.454525
vt 0.563442 0.453264
vt 0.563442 0.500085
vt 0.960467 0.475655
vt 0.958203 0.475489
vt 0.958215 0.449189
vt 0.960467 0.448682
vt 0.884215 0.807888
vt 0.884215 0.856117
vt 0.881944 0.855911
vt 0.881981 0.808005
vt 0.764867 0.849331
vt 0.764838 0.795559
vt 0.766973 0.795708
vt 0.766973 0.850016
vt 0.878182 0.448969
vt 0.880463 0.448682
vt 0.880463 0.495882
vt 0.878144 0.495853
vt 0.939312 0.098646
vt 0.941422 0.098306
vt 0.941422 0.128994
vt 0.939322 0.129018
vt 0.967482 0.903793
vt 0.967482 0.929551
vt 0.965331 0.929132
vt 0.965334 0.903728
vt 0.934427 0.808804
vt 0.934427 0.840357
vt 0.932175 0.840150
vt 0.932308 0.807888
vt 0.280377 0.054979
vt 0.245836 0.052494
vt 0.263239 0.004180
vt 0.280377 0.003883
vt 0.974293 0.963646
vt 0.974302 0.940710
vt 0.976600 0.940549
vt 0.976600 0.963948
vt 0.952558 0.163010
vt 0.954712 0.162675
vt 0.954712 0.190971
vt 0.952555 0.191000
vt 0.372192 0.970223
vt 0.369903 0.970434
vt 0.369903 0.945731
vt 0.372192 0.945627
vt 0.726049 0.143358
vt 0.716905 0.143720
vt 0.707139 0.106500
vt 0.726049 0.095516
vt 0.952143 0.248197
vt 0.954268 0.247480
vt 0.954268 0.275872
vt 0.952111 0.275665
vt 0.980210 0.004603
vt 0.982314 0.003883
vt 0.982314 0.026407
vt 0.980162 0.026570
vt 0.558957 0.287837
vt 0.558957 0.333627
vt 0.543279 0.332806
vt 0.527077 0.289166
vt 0.111367 0.535955
vt 0.105226 0.536022
vt 0.098801 0.512170
vt 0.111367 0.505414
vt 0.632596 0.896836
vt 0.632596 0.930379
vt 0.630296 0.930167
vt 0.630326 0.896986
vt 0.906599 0.541727
vt 0.906585 0.504351
vt 0.908908 0.504209
vt 0.908908 0.541931
vt 0.370897 0.050751
vt 0.370846 0.003883
vt 0.403877 0.005925
vt 0.403877 0.052945
vt 0.891994 0.040797
vt 0.894126 0.040504
vt 0.894126 0.087410
vt 0.891997 0.087591
vt 0.478619 0.666944
vt 0.426673 0.660849
vt 0.427194 0.651749
vt 0.478619 0.644258
vt 0.409511 0.101299
vt 0.370846 0.102192
vt 0.386109 0.062279
vt 0.409511 0.060711
vt 0.429627 0.230261
vt 0.461835 0.227793
vt 0.461835 0.274449
vt 0.429523 0.276420
vt 0.024883 0.724923
vt 0.003883 0.723155
vt 0.014649 0.693030
vt 0.024883 0.692833
vt 0.986685 0.504900
vt 0.988894 0.504209
vt 0.988894 0.523940
vt 0.986636 0.524133
vt 0.972118 0.270953
vt 0.972104 0.247480
vt 0.974388 0.247655
vt 0.974388 0.271487
vt 0.297998 0.219682
vt 0.263233 0.216910
vt 0.262539 0.179437
vt 0.297998 0.170584
vt 0.898308 0.448960
vt 0.900481 0.448682
vt 0.900481 0.491666
vt 0.898307 0.491832
vt 0.986750 0.532426
vt 0.988939 0.531899
vt 0.988939 0.551686
vt 0.986636 0.551636
vt 0.046277 0.210211
vt 0.048535 0.209657
vt 0.048535 0.266693
vt 0.046265 0.266398
vt 0.324009 0.291701
vt 0.356375 0.287837
vt 0.356375 0.336372
vt 0.323910 0.339687
vt 0.037503 0.389486
vt 0.004543 0.388410
vt 0.003883 0.351302
vt 0.037503 0.340813
vt 0.955347 0.930547
vt 0.955318 0.904023
vt 0.957565 0.903728
vt 0.957565 0.931153
vt 0.978461 0.302676
vt 0.978332 0.280715
vt 0.980540 0.280830
vt 0.980540 0.303433
vt 0.691111 0.879402
vt 0.693227 0.878700
vt 0.693227 0.914543
vt 0.691098 0.914374
vt 0.927735 0.790287
vt 0.925639 0.791241
vt 0.925444 0.756719
vt 0.927735 0.756521
vt 0.179627 0.928436
vt 0.177525 0.929396
vt 0.177338 0.895636
vt 0.179627 0.895414
vt 0.237131 0.330661
vt 0.247333 0.287979
vt 0.256541 0.287994
vt 0.256541 0.341651
vt 0.929940 0.344010
vt 0.927848 0.345014
vt 0.927642 0.311465
vt 0.929940 0.311278
vt 0.247025 0.754267
vt 0.278338 0.745722
vt 0.278338 0.767089
vt 0.246351 0.764522
vt 0.983204 0.312007
vt 0.985396 0.311278
vt 0.985396 0.333036
vt 0.983150 0.333236
vt 0.936791 0.534330
vt 0.936759 0.504471
vt 0.938954 0.504209
vt 0.938954 0.534936
vt 0.311700 0.514092
vt 0.264307 0.512447
vt 0.265353 0.496818
vt 0.311700 0.482073
vt 0.585150 0.344542
vt 0.585150 0.383636
vt 0.551587 0.382648
vt 0.549848 0.343625
vt 0.694066 0.203449
vt 0.703879 0.162675
vt 0.712727 0.162805
vt 0.712727 0.214244
vt 0.235365 0.462035
vt 0.246528 0.416592
vt 0.256541 0.416818
vt 0.256541 0.474307
vt 0.972243 0.831049
vt 0.972117 0.807888
vt 0.974338 0.808074
vt 0.974338 0.831908
vt 0.917481 0.704623
vt 0.917481 0.739704
vt 0.915269 0.739460
vt 0.915401 0.703649
vt 0.386750 0.777733
vt 0.380543 0.756744
vt 0.410696 0.756696
vt 0.410696 0.778285
vt 0.046278 0.330481
vt 0.046265 0.274790
vt 0.048530 0.274458
vt 0.048530 0.330978
vt 0.218332 0.741615
vt 0.238115 0.740742
vt 0.238115 0.770916
vt 0.218200 0.771686
vt 0.890327 0.392315
vt 0.890327 0.438770
vt 0.888120 0.438648
vt 0.888163 0.391624
vt 0.980138 0.725496
vt 0.980005 0.703649
vt 0.982222 0.703766
vt 0.982222 0.726269
vt 0.097189 0.935409
vt 0.095083 0.936354
vt 0.094899 0.904483
vt 0.097189 0.904265
vt 0.935375 0.933978
vt 0.935233 0.903728
vt 0.937539 0.903858
vt 0.937539 0.934829
vt 0.003883 0.058791
vt 0.040764 0.047799
vt 0.040764 0.100719
vt 0.004690 0.098375
vt 0.782584 0.213107
vt 0.753496 0.212866
vt 0.759340 0.192643
vt 0.782584 0.191517
vt 0.699373 0.146932
vt 0.689794 0.147079
vt 0.679547 0.106815
vt 0.699373 0.095516
vt 0.992287 0.821709
vt 0.992187 0.807888
vt 0.994471 0.808063
vt 0.994471 0.822558
vt 0.441228 0.906686
vt 0.443377 0.905798
vt 0.443377 0.936678
vt 0.441047 0.936815
vt 0.930593 0.449646
vt 0.930593 0.482058
vt 0.928306 0.481816
vt 0.928458 0.448682
vt 0.684782 0.548006
vt 0.694992 0.507851
vt 0.704215 0.508034
vt 0.704215 0.558839
vt 0.773108 0.527334
vt 0.777248 0.505638
vt 0.791825 0.504209
vt 0.791825 0.533893
vt 0.813683 0.694976
vt 0.826871 0.687685
vt 0.826871 0.720500
vt 0.820456 0.720576
vt 0.711981 0.544962
vt 0.721715 0.507851
vt 0.730499 0.508246
vt 0.730499 0.555488
vt 0.986215 0.657533
vt 0.988375 0.656642
vt 0.988375 0.677200
vt 0.986075 0.677334
vt 0.522633 0.901299
vt 0.522633 0.933319
vt 0.520320 0.933110
vt 0.520476 0.900380
vt 0.397865 0.287837
vt 0.397865 0.335995
vt 0.381402 0.335261
vt 0.364141 0.289842
vt 0.093743 0.992395
vt 0.092786 0.986621
vt 0.098021 0.989149
vt 0.098021 0.993645
vt 0.904236 0.969039
vt 0.895013 0.969910
vt 0.896945 0.961270
vt 0.904236 0.958785
vt 0.577936 0.884397
vt 0.577936 0.897714
vt 0.567807 0.894673
vt 0.566445 0.882752
vt 0.249989 0.953209
vt 0.239277 0.954035
vt 0.240905 0.944800
vt 0.249989 0.942439
vt 0.219594 0.884668
vt 0.229775 0.881690
vt 0.229775 0.894988
vt 0.218200 0.896556
vt 0.965021 0.375713
vt 0.972320 0.373507
vt 0.972320 0.383013
vt 0.963107 0.383755
vt 0.487837 0.886002
vt 0.498081 0.883113
vt 0.498081 0.896339
vt 0.486385 0.897727
vt 0.967391 0.797480
vt 0.965475 0.789463
vt 0.974662 0.790130
vt 0.974662 0.799633
vt 0.065400 0.902382
vt 0.053413 0.903409
vt 0.055003 0.892066
vt 0.065400 0.889439
vt 0.832065 0.975307
vt 0.822936 0.975762
vt 0.824658 0.968237
vt 0.832065 0.966125
vt 0.382397 0.963264
vt 0.389684 0.960896
vt 0.389684 0.971774
vt 0.380543 0.972076
vt 0.034732 0.892023
vt 0.045370 0.889459
vt 0.045370 0.902169
vt 0.033087 0.903085
vt 0.413192 0.895555
vt 0.413192 0.908283
vt 0.402589 0.905747
vt 0.400942 0.894630
vt 0.141917 0.941458
vt 0.141916 0.953016
vt 0.133410 0.950843
vt 0.131338 0.941233
vt 0.731821 0.954306
vt 0.721230 0.954668
vt 0.723274 0.945196
vt 0.731821 0.942974
vt 0.644930 0.856744
vt 0.630296 0.857379
vt 0.630296 0.839164
vt 0.644930 0.838528
vt 0.701066 0.915954
vt 0.701066 0.897702
vt 0.709071 0.897986
vt 0.709071 0.916238
vt 0.361387 0.964679
vt 0.351562 0.965051
vt 0.351562 0.953814
vt 0.361387 0.953441
vt 0.411549 0.949994
vt 0.400942 0.949998
vt 0.403041 0.940182
vt 0.411549 0.938053
vt 0.833609 0.927187
vt 0.833609 0.939287
vt 0.825062 0.937211
vt 0.822936 0.927333
vt 0.548279 0.933261
vt 0.545913 0.924689
vt 0.558085 0.923732
vt 0.558085 0.934675
vt 0.241396 0.970836
vt 0.239277 0.963204
vt 0.249239 0.961801
vt 0.249239 0.971893
vt 0.042875 0.957885
vt 0.042875 0.969073
vt 0.033087 0.968943
vt 0.033087 0.957755
vt 0.834264 0.214362
vt 0.832677 0.203059
vt 0.844733 0.204063
vt 0.844733 0.216985
vt 0.242961 0.915627
vt 0.242961 0.897524
vt 0.251198 0.897620
vt 0.251198 0.915724
vt 0.461793 0.976551
vt 0.461793 0.965313
vt 0.469682 0.965477
vt 0.469682 0.976714
vt 0.610859 0.901889
vt 0.618751 0.901708
vt 0.618751 0.919923
vt 0.610859 0.920105
vt 0.869873 0.937599
vt 0.859163 0.937048
vt 0.861295 0.927278
vt 0.869873 0.925381
vt 0.218200 0.940959
vt 0.218200 0.927740
vt 0.225899 0.930404
vt 0.225899 0.943624
vt 0.933201 0.440513
vt 0.927943 0.438439
vt 0.933201 0.433344
vt 0.107197 0.387399
vt 0.107197 0.393066
vt 0.100574 0.390616
vt 0.966295 0.994335
vt 0.960778 0.992438
vt 0.966295 0.987669
vt 0.790137 0.319703
vt 0.790137 0.325488
vt 0.783713 0.323292
vt 0.079579 0.992641
vt 0.074242 0.990770
vt 0.079579 0.985643
vt 0.986637 0.589945
vt 0.991906 0.588009
vt 0.991906 0.595121
vt 0.932811 0.496334
vt 0.928306 0.494494
vt 0.932811 0.489824
vt 0.298028 0.990401
vt 0.302388 0.987818
vt 0.302388 0.994496
vt 0.899115 0.150182
vt 0.903953 0.148795
vt 0.903953 0.154791
vt 0.961815 0.596823
vt 0.961815 0.602659
vt 0.957316 0.600100
vt 0.956562 0.594736
vt 0.195506 0.059079
vt 0.191222 0.056672
vt 0.195506 0.054212
vt 0.711935 0.924004
vt 0.711935 0.936177
vt 0.703245 0.934472
vt 0.701066 0.924840
vt 0.198147 0.953892
vt 0.196100 0.944410
vt 0.206680 0.944680
vt 0.206680 0.956052
vt 0.856301 0.373297
vt 0.865341 0.372043
vt 0.865341 0.383858
vt 0.854014 0.382447
vt 0.723547 0.925992
vt 0.733410 0.924416
vt 0.733410 0.935208
vt 0.721230 0.934498
vt 0.259839 0.907992
vt 0.258963 0.896654
vt 0.270410 0.899076
vt 0.270410 0.911043
vt 0.356139 0.896667
vt 0.355087 0.884780
vt 0.366376 0.887274
vt 0.366376 0.899817
vt 0.750505 0.052902
vt 0.739783 0.051991
vt 0.742057 0.044745
vt 0.750505 0.043524
vt 0.843396 0.039520
vt 0.843396 0.052769
vt 0.833129 0.049850
vt 0.831658 0.038132
vt 0.948715 0.543120
vt 0.957343 0.541003
vt 0.957343 0.552005
vt 0.946720 0.552274
vt 0.294087 0.888056
vt 0.282460 0.890887
vt 0.282892 0.878610
vt 0.294087 0.875279
vt 0.314866 0.893498
vt 0.313635 0.881359
vt 0.324971 0.883496
vt 0.324971 0.896642
vt 0.630296 0.984928
vt 0.635406 0.980841
vt 0.635406 0.987365
vt 0.630994 0.989943
vt 0.746448 0.988489
vt 0.746448 0.994251
vt 0.742041 0.990583
vt 0.742667 0.986171
vt 0.102178 0.696431
vt 0.102178 0.705817
vt 0.093707 0.704542
vt 0.091426 0.697261
vt 0.781996 0.935784
vt 0.780672 0.925779
vt 0.790695 0.927132
vt 0.790695 0.938748
vt 0.815170 0.938770
vt 0.805164 0.940057
vt 0.806496 0.930085
vt 0.815170 0.927187
vt 0.791762 0.887085
vt 0.780672 0.890342
vt 0.780829 0.877400
vt 0.791762 0.873809
vt 0.853835 0.892115
vt 0.842549 0.894365
vt 0.843746 0.882207
vt 0.853835 0.878962
vt 0.543436 0.986540
vt 0.548536 0.982493
vt 0.548536 0.989009
vt 0.544183 0.991509
vt 0.850398 0.431949
vt 0.850398 0.445267
vt 0.839473 0.441648
vt 0.839396 0.428400
vt 0.923913 0.291923
vt 0.923913 0.303162
vt 0.914403 0.301999
vt 0.912025 0.293308
vt 0.732518 0.877226
vt 0.732518 0.890371
vt 0.721498 0.886875
vt 0.721230 0.874150
vt 0.902415 0.232640
vt 0.891123 0.235025
vt 0.892186 0.223131
vt 0.902415 0.220067
vt 0.958899 0.495652
vt 0.948225 0.495921
vt 0.950179 0.486915
vt 0.958899 0.484787
vt 0.075242 0.931462
vt 0.083876 0.928460
vt 0.083876 0.939009
vt 0.074242 0.941668
vt 0.673235 0.881856
vt 0.683332 0.878700
vt 0.683332 0.891977
vt 0.671922 0.893994
vt 0.130033 0.889297
vt 0.129598 0.876987
vt 0.141153 0.879830
vt 0.141153 0.892628
vt 0.599819 0.897976
vt 0.599819 0.910117
vt 0.589385 0.907087
vt 0.588448 0.895567
vt 0.889226 0.370654
vt 0.889226 0.383197
vt 0.877886 0.379862
vt 0.877386 0.367841
vt 0.882379 0.992272
vt 0.877165 0.994758
vt 0.878116 0.988982
vt 0.882379 0.987758
vt 0.479851 0.954351
vt 0.479160 0.944873
vt 0.488850 0.947372
vt 0.488850 0.957414
vt 0.177375 0.874423
vt 0.188334 0.870848
vt 0.188334 0.884146
vt 0.177338 0.887649
vt 0.919756 0.150947
vt 0.919159 0.140876
vt 0.929369 0.143528
vt 0.929369 0.154092
vt 0.353633 0.943452
vt 0.351562 0.933617
vt 0.362137 0.933742
vt 0.362137 0.945675
vt 0.965169 0.890732
vt 0.970420 0.886644
vt 0.970420 0.893372
vt 0.966011 0.895784
vt 0.004074 0.884997
vt 0.003883 0.872077
vt 0.015052 0.875294
vt 0.015052 0.888542
vt 0.281386 0.985991
vt 0.286495 0.981925
vt 0.286495 0.988482
vt 0.282129 0.990965
vt 0.833517 0.947329
vt 0.833517 0.958359
vt 0.824916 0.956228
vt 0.822936 0.947053
vt 0.674116 0.936539
vt 0.671922 0.928032
vt 0.683981 0.927872
vt 0.683981 0.938516
vt 0.258963 0.984614
vt 0.264113 0.980633
vt 0.264113 0.987253
vt 0.259649 0.989744
vt 0.160399 0.924748
vt 0.160399 0.936667
vt 0.151843 0.933166
vt 0.150693 0.922467
vt 0.196391 0.875694
vt 0.207417 0.872127
vt 0.207417 0.885280
vt 0.196100 0.888401
vt 0.721230 0.984648
vt 0.726472 0.980594
vt 0.726472 0.987241
vt 0.722005 0.989612
vt 0.887446 0.015928
vt 0.886298 0.003883
vt 0.897565 0.006234
vt 0.897565 0.019033
vt 0.570919 0.988175
vt 0.570919 0.993991
vt 0.566445 0.990512
vt 0.567102 0.985962
vt 0.058581 0.982947
vt 0.058581 0.989660
vt 0.053413 0.985651
vt 0.054112 0.980468
vt 0.770141 0.908512
vt 0.758669 0.910999
vt 0.759552 0.899702
vt 0.770141 0.896613
vt 0.170638 0.251660
vt 0.170638 0.261952
vt 0.163350 0.259421
vt 0.161439 0.250750
vt 0.499391 0.956368
vt 0.497422 0.947391
vt 0.508128 0.947697
vt 0.508128 0.958504
vt 0.020615 0.983542
vt 0.020615 0.990096
vt 0.015505 0.986047
vt 0.016180 0.980998
vt 0.241651 0.924656
vt 0.251198 0.923490
vt 0.251198 0.934673
vt 0.239277 0.933303
vt 0.985241 0.376012
vt 0.985241 0.383059
vt 0.980085 0.378876
vt 0.980806 0.373507
vt 0.944025 0.080590
vt 0.952524 0.078419
vt 0.952524 0.090003
vt 0.941947 0.090235
vt 0.568581 0.969574
vt 0.575825 0.969380
vt 0.575825 0.978196
vt 0.566445 0.975722
vt 0.258963 0.951481
vt 0.258963 0.940807
vt 0.268470 0.943148
vt 0.268470 0.953821
vt 0.588448 0.950498
vt 0.588448 0.939954
vt 0.598181 0.942194
vt 0.598181 0.952739
vt 0.661203 0.980067
vt 0.652696 0.977873
vt 0.654571 0.970826
vt 0.661203 0.970377
vt 0.197032 0.899204
vt 0.207404 0.896167
vt 0.207404 0.908337
vt 0.196100 0.910751
vt 0.109949 0.984376
vt 0.115121 0.980320
vt 0.115121 0.987242
vt 0.110676 0.989666
vt 0.589557 0.921367
vt 0.598117 0.917883
vt 0.598117 0.929327
vt 0.588448 0.932188
vt 0.025094 0.928767
vt 0.015505 0.931750
vt 0.015769 0.920983
vt 0.025094 0.917322
vt 0.179206 0.967028
vt 0.177338 0.958210
vt 0.186521 0.958555
vt 0.186521 0.969415
vt 0.566486 0.909506
vt 0.575731 0.905480
vt 0.575731 0.917393
vt 0.566445 0.921088
vt 0.452334 0.895690
vt 0.441047 0.898032
vt 0.442174 0.886024
vt 0.452334 0.882913
vt 0.483678 0.986533
vt 0.483678 0.992876
vt 0.479160 0.989388
vt 0.479779 0.984487
vt 0.990100 0.891341
vt 0.994580 0.887925
vt 0.994580 0.893729
vt 0.990744 0.895893
vt 0.546489 0.214557
vt 0.551730 0.210319
vt 0.551730 0.217360
vt 0.547353 0.219836
vt 0.410687 0.927962
vt 0.400942 0.930287
vt 0.402116 0.919567
vt 0.410687 0.916049
vt 0.508128 0.929061
vt 0.508128 0.939625
vt 0.499468 0.936574
vt 0.498469 0.926331
vt 0.346366 0.883084
vt 0.346366 0.896333
vt 0.336262 0.893190
vt 0.334979 0.881085
vt 0.855514 0.494870
vt 0.850659 0.496195
vt 0.851463 0.491753
vt 0.855514 0.489803
vt 0.260102 0.929608
vt 0.258963 0.918809
vt 0.268649 0.921635
vt 0.268649 0.933041
vt 0.471362 0.925701
vt 0.471362 0.937107
vt 0.462061 0.933515
vt 0.461793 0.922774
vt 0.828224 0.989362
vt 0.822936 0.991249
vt 0.823795 0.985969
vt 0.828224 0.983527
vt 0.081230 0.613446
vt 0.085778 0.609965
vt 0.085778 0.616287
vt 0.081862 0.618318
vt 0.156030 0.985595
vt 0.156030 0.991380
vt 0.151532 0.988930
vt 0.150693 0.983725
vt 0.218270 0.915938
vt 0.218200 0.904322
vt 0.227517 0.908054
vt 0.227517 0.919974
vt 0.406178 0.982616
vt 0.406178 0.989531
vt 0.400942 0.985395
vt 0.401784 0.980190
vt 0.805666 0.879663
vt 0.816980 0.876389
vt 0.816980 0.888962
vt 0.805164 0.891750
vt 0.149390 0.708146
vt 0.156821 0.705425
vt 0.156821 0.714439
vt 0.151094 0.714429
vt 0.101309 0.969024
vt 0.101309 0.978855
vt 0.094663 0.978546
vt 0.092786 0.971431
vt 0.932141 0.300934
vt 0.932141 0.290123
vt 0.941650 0.292622
vt 0.941650 0.303433
vt 0.799401 0.044838
vt 0.799401 0.051579
vt 0.792230 0.053349
vt 0.789299 0.044672
vt 0.612944 0.971325
vt 0.619975 0.970954
vt 0.619975 0.979749
vt 0.610859 0.977513
vt 0.949984 0.983360
vt 0.949984 0.989166
vt 0.944692 0.991192
vt 0.945414 0.985901
vt 0.709619 0.967264
vt 0.709619 0.977302
vt 0.701066 0.974466
vt 0.702946 0.967308
vt 0.859163 0.955798
vt 0.859163 0.945365
vt 0.868875 0.947320
vt 0.868875 0.957753
vt 0.947103 0.741803
vt 0.953380 0.741056
vt 0.953380 0.748751
vt 0.945263 0.747320
vt 0.334979 0.955815
vt 0.342056 0.955467
vt 0.342056 0.970114
vt 0.334979 0.970462
vt 0.805739 0.383730
vt 0.795678 0.383750
vt 0.798684 0.375133
vt 0.805739 0.377091
vt 0.925264 0.955614
vt 0.925264 0.945219
vt 0.935144 0.947027
vt 0.935144 0.957422
vt 0.443863 0.946820
vt 0.453453 0.944655
vt 0.453453 0.955199
vt 0.443863 0.957365
vt 0.246825 0.987374
vt 0.239277 0.985835
vt 0.241011 0.980339
vt 0.246825 0.979659
vt 0.949416 0.300986
vt 0.949416 0.287908
vt 0.957027 0.290355
vt 0.957027 0.303433
vt 0.355087 0.872919
vt 0.355087 0.861638
vt 0.367834 0.858763
vt 0.367834 0.877014
vt 0.862523 0.040959
vt 0.862523 0.052769
vt 0.853448 0.051534
vt 0.851162 0.042411
vt 0.342565 0.945179
vt 0.334979 0.947701
vt 0.334979 0.934292
vt 0.342565 0.931770
vt 0.637824 0.940524
vt 0.637824 0.954029
vt 0.630296 0.951651
vt 0.630296 0.938145
vt 0.708609 0.957181
vt 0.701066 0.959498
vt 0.701067 0.946260
vt 0.708609 0.943942
vt 0.813559 0.317349
vt 0.813559 0.324138
vt 0.806766 0.325819
vt 0.803703 0.316740
vt 0.179356 0.977615
vt 0.185962 0.977180
vt 0.185962 0.985983
vt 0.177338 0.983850
vt 0.590269 0.979875
vt 0.596002 0.978971
vt 0.596002 0.987238
vt 0.588448 0.985951
vt 0.170414 0.322582
vt 0.160533 0.323314
vt 0.163520 0.314172
vt 0.170414 0.315702
vt 0.887204 0.931300
vt 0.887204 0.944284
vt 0.879410 0.941622
vt 0.879409 0.928638
vt 0.842549 0.932348
vt 0.850144 0.929803
vt 0.850144 0.943192
vt 0.842549 0.945736
vt 0.768520 0.955096
vt 0.758669 0.957055
vt 0.758669 0.946618
vt 0.768520 0.944659
vt 0.553426 0.944674
vt 0.553426 0.958082
vt 0.545913 0.955849
vt 0.545913 0.942441
vt 0.041688 0.976839
vt 0.041688 0.985670
vt 0.035076 0.985219
vt 0.033087 0.978970
vt 0.902397 0.977676
vt 0.902397 0.986555
vt 0.896655 0.985928
vt 0.895013 0.979451
vt 0.886265 0.971206
vt 0.886265 0.979992
vt 0.879227 0.979623
vt 0.877165 0.973438
vt 0.220229 0.984059
vt 0.218200 0.977858
vt 0.226930 0.975693
vt 0.226930 0.984464
vt 0.947100 0.139437
vt 0.947100 0.152419
vt 0.939312 0.149765
vt 0.939312 0.136783
vt 0.063030 0.947859
vt 0.053413 0.950277
vt 0.053413 0.939603
vt 0.063030 0.937185
vt 0.177338 0.939633
vt 0.186811 0.937162
vt 0.186811 0.947973
vt 0.177338 0.950444
vt 0.076406 0.977829
vt 0.074242 0.971657
vt 0.083740 0.968984
vt 0.083740 0.977877
vt 0.150693 0.855955
vt 0.150693 0.837703
vt 0.165320 0.838468
vt 0.165320 0.856720
vt 0.380543 0.950781
vt 0.380543 0.940080
vt 0.390045 0.942429
vt 0.390045 0.953131
vt 0.807202 0.973188
vt 0.814108 0.972726
vt 0.814108 0.981517
vt 0.805164 0.979406
vt 0.957790 0.430117
vt 0.957790 0.440553
vt 0.948063 0.438626
vt 0.948063 0.428189
vt 0.681757 0.956682
vt 0.671922 0.958468
vt 0.671922 0.948068
vt 0.681757 0.946282
vt 0.546540 0.965848
vt 0.553426 0.967625
vt 0.553426 0.974291
vt 0.543436 0.974727
vt 0.851265 0.985051
vt 0.842549 0.982901
vt 0.844551 0.976706
vt 0.851265 0.976272
vt 0.360520 0.972817
vt 0.360520 0.981588
vt 0.353619 0.981159
vt 0.351562 0.974976
vt 0.109949 0.951321
vt 0.109949 0.940791
vt 0.119698 0.943001
vt 0.119698 0.953530
vt 0.074242 0.855785
vt 0.087133 0.851756
vt 0.087133 0.869972
vt 0.074242 0.867043
vt 0.949509 0.335311
vt 0.955161 0.334912
vt 0.955161 0.342495
vt 0.947760 0.340666
vt 0.904487 0.948556
vt 0.895013 0.951019
vt 0.895013 0.940222
vt 0.904487 0.937758
vt 0.684829 0.870935
vt 0.671922 0.867993
vt 0.671922 0.856755
vt 0.684829 0.852752
vt 0.530313 0.636481
vt 0.527318 0.627537
vt 0.537292 0.628074
vt 0.537292 0.634840
vt 0.322164 0.977598
vt 0.315594 0.977416
vt 0.313635 0.970318
vt 0.322164 0.967548
vt 0.978690 0.687701
vt 0.984546 0.688988
vt 0.984546 0.694969
vt 0.976020 0.695809
vt 0.382271 0.986924
vt 0.380543 0.981457
vt 0.388091 0.979841
vt 0.388091 0.987544
vt 0.818168 0.850520
vt 0.818168 0.868624
vt 0.805164 0.864977
vt 0.805164 0.853789
vt 0.579070 0.871065
vt 0.566445 0.874987
vt 0.566445 0.856804
vt 0.579070 0.859827
vt 0.160534 0.954866
vt 0.150693 0.956859
vt 0.150693 0.946426
vt 0.160534 0.944433
vt 0.945305 0.942794
vt 0.952814 0.940549
vt 0.952814 0.954054
vt 0.945305 0.956299
vt 0.558675 0.853657
vt 0.558675 0.871908
vt 0.545913 0.867795
vt 0.545913 0.856515
vt 0.313635 0.946563
vt 0.321176 0.944229
vt 0.321176 0.957448
vt 0.313635 0.959782
vt 0.575960 0.931359
vt 0.575960 0.942156
vt 0.566445 0.939651
vt 0.566445 0.928854
vt 0.955292 0.313632
vt 0.955292 0.327146
vt 0.947760 0.324792
vt 0.947760 0.311278
vt 0.471395 0.955402
vt 0.461793 0.957548
vt 0.461793 0.947018
vt 0.471395 0.944873
vt 0.158920 0.975826
vt 0.150693 0.975959
vt 0.150693 0.964758
vt 0.158920 0.964625
vt 0.603093 0.841807
vt 0.603093 0.859931
vt 0.588449 0.859668
vt 0.588448 0.841544
vt 0.887247 0.902769
vt 0.887247 0.920872
vt 0.879409 0.920817
vt 0.879409 0.902714
vt 0.749548 0.953225
vt 0.742041 0.955477
vt 0.742042 0.941963
vt 0.749548 0.939711
vt 0.859164 0.965573
vt 0.867001 0.965519
vt 0.867001 0.976720
vt 0.859163 0.976775
vt 0.965109 0.546572
vt 0.973891 0.541003
vt 0.973891 0.552204
vt 0.877165 0.963251
vt 0.877165 0.952050
vt 0.887204 0.952239
vt 0.887204 0.963440
vt 0.962106 0.844526
vt 0.962106 0.855806
vt 0.952212 0.855312
vt 0.952212 0.844031
vt 0.928154 0.361820
vt 0.935239 0.361774
vt 0.935239 0.379898
vt 0.928153 0.379944
vt 0.972246 0.864231
vt 0.972246 0.878879
vt 0.965170 0.878530
vt 0.965169 0.863883
vt 0.074242 0.920640
vt 0.074242 0.902516
vt 0.082079 0.902570
vt 0.082079 0.920694
vt 0.131338 0.965716
vt 0.140957 0.960782
vt 0.140957 0.971455
vt 0.461793 0.914875
vt 0.461793 0.896751
vt 0.470020 0.896884
vt 0.470020 0.915008
vt 0.639217 0.973075
vt 0.630296 0.967213
vt 0.639217 0.961795
vt 0.033087 0.939288
vt 0.042692 0.936860
vt 0.042692 0.947562
vt 0.033087 0.949989
vt 0.530369 0.954427
vt 0.530369 0.941360
vt 0.537993 0.943816
vt 0.537993 0.956883
vt 0.479161 0.965441
vt 0.487151 0.965180
vt 0.487151 0.976460
vt 0.479160 0.976722
vt 0.015505 0.942086
vt 0.023236 0.939515
vt 0.023236 0.952497
vt 0.015505 0.955067
vt 0.966665 0.496025
vt 0.966665 0.484787
vt 0.974808 0.485056
vt 0.974808 0.496293
vt 0.451867 0.976411
vt 0.443863 0.976695
vt 0.443863 0.965415
vt 0.451867 0.965131
vt 0.258963 0.966977
vt 0.267897 0.961587
vt 0.267897 0.972868
vt 0.963107 0.365385
vt 0.963107 0.350738
vt 0.970192 0.351094
vt 0.970192 0.365742
vt 0.902049 0.911740
vt 0.902049 0.929992
vt 0.895013 0.929979
vt 0.895013 0.911727
vt 0.203194 0.936620
vt 0.196100 0.936644
vt 0.196100 0.918541
vt 0.203194 0.918517
vt 0.407978 0.972411
vt 0.400942 0.972424
vt 0.400942 0.957776
vt 0.407978 0.957764
vt 0.380543 0.914062
vt 0.387579 0.914049
vt 0.387579 0.932301
vt 0.380543 0.932314
vt 0.290172 0.974159
vt 0.281386 0.968526
vt 0.290172 0.962970
vt 0.790495 0.956909
vt 0.780672 0.958711
vt 0.780672 0.948316
vt 0.790495 0.946514
vt 0.306355 0.376573
vt 0.306355 0.365372
vt 0.316144 0.365527
vt 0.316144 0.376728
vt 0.282460 0.863807
vt 0.282460 0.852606
vt 0.295456 0.849389
vt 0.295456 0.867513
vt 0.431934 0.976736
vt 0.424096 0.976791
vt 0.424096 0.965603
vt 0.431934 0.965548
vt 0.298028 0.956035
vt 0.298028 0.942647
vt 0.305537 0.944893
vt 0.305537 0.958281
vt 0.921219 0.022099
vt 0.921219 0.003883
vt 0.928269 0.003935
vt 0.928269 0.022151
vt 0.045647 0.863570
vt 0.045647 0.881693
vt 0.033087 0.878050
vt 0.033087 0.866849
vt 0.660466 0.940485
vt 0.652696 0.943190
vt 0.652696 0.930112
vt 0.660466 0.927407
vt 0.758669 0.964917
vt 0.766905 0.964821
vt 0.766905 0.976009
vt 0.758669 0.976106
vt 0.598045 0.960504
vt 0.598045 0.971206
vt 0.588448 0.965453
vt 0.940795 0.848123
vt 0.940795 0.855753
vt 0.934118 0.855624
vt 0.932175 0.850145
vt 0.124595 0.843102
vt 0.124595 0.861206
vt 0.109949 0.860993
vt 0.109949 0.842889
vt 0.956295 0.646637
vt 0.956295 0.635449
vt 0.966339 0.635597
vt 0.966339 0.646785
vt 0.074242 0.960714
vt 0.074242 0.949434
vt 0.084146 0.949938
vt 0.084146 0.961219
vt 0.765762 0.918789
vt 0.765762 0.936893
vt 0.758669 0.936868
vt 0.758669 0.918765
vt 0.842550 0.953858
vt 0.849634 0.953502
vt 0.849634 0.968149
vt 0.842549 0.968506
vt 0.537993 0.915470
vt 0.537993 0.933594
vt 0.530908 0.933548
vt 0.530907 0.915425
vt 0.730789 0.962433
vt 0.730789 0.972828
vt 0.721230 0.968379
vt 0.933156 0.965369
vt 0.933156 0.976627
vt 0.925264 0.976446
vt 0.925264 0.965188
vt 0.972239 0.740917
vt 0.965192 0.741124
vt 0.965192 0.726477
vt 0.972239 0.726270
vt 0.065971 0.867183
vt 0.065971 0.878371
vt 0.053413 0.881673
vt 0.053413 0.863570
vt 0.913453 0.022098
vt 0.905331 0.022370
vt 0.905331 0.004154
vt 0.913453 0.003883
vt 0.424096 0.924753
vt 0.431879 0.922057
vt 0.431879 0.935124
vt 0.424096 0.937820
vt 0.109949 0.967179
vt 0.119003 0.961296
vt 0.119003 0.972554
vt 0.715701 0.858350
vt 0.701066 0.858955
vt 0.701067 0.840772
vt 0.715701 0.840167
vt 0.924600 0.082943
vt 0.930872 0.084606
vt 0.930872 0.090314
vt 0.921868 0.090377
vt 0.576423 0.961180
vt 0.566445 0.961614
vt 0.566445 0.950356
vt 0.576423 0.949922
vt 0.972239 0.703857
vt 0.972239 0.718504
vt 0.965192 0.718296
vt 0.965192 0.703649
vt 0.355087 0.907635
vt 0.362137 0.907583
vt 0.362137 0.925799
vt 0.355087 0.925851
vt 0.857480 0.239398
vt 0.857480 0.224751
vt 0.864539 0.224979
vt 0.864539 0.239626
vt 0.053413 0.911236
vt 0.060475 0.911175
vt 0.060475 0.929358
vt 0.053413 0.929419
vt 0.675151 0.269519
vt 0.675151 0.280063
vt 0.665477 0.275237
vt 0.610859 0.951930
vt 0.620689 0.951535
vt 0.620689 0.962792
vt 0.610859 0.963188
vt 0.393176 0.881007
vt 0.380543 0.878007
vt 0.380543 0.866749
vt 0.393176 0.862791
vt 0.610859 0.941109
vt 0.610859 0.927871
vt 0.618539 0.930530
vt 0.618539 0.943769
vt 0.944692 0.975323
vt 0.944692 0.964065
vt 0.952814 0.964337
vt 0.952814 0.975595
vt 0.282460 0.942221
vt 0.290172 0.939654
vt 0.290172 0.952639
vt 0.282460 0.955205
vt 0.150693 0.896518
vt 0.158835 0.896250
vt 0.158835 0.914432
vt 0.150693 0.914701
vt 0.671922 0.901923
vt 0.679811 0.901760
vt 0.679811 0.919943
vt 0.671922 0.920106
vt 0.025044 0.973233
vt 0.015505 0.968774
vt 0.025044 0.962833
vt 0.424096 0.955986
vt 0.424096 0.945586
vt 0.433975 0.947382
vt 0.433975 0.957782
vt 0.652696 0.951373
vt 0.662683 0.950956
vt 0.662683 0.962193
vt 0.652696 0.962611
vt 0.961841 0.075858
vt 0.968900 0.075630
vt 0.968900 0.090277
vt 0.961841 0.090505
vt 0.040150 0.910912
vt 0.040150 0.929094
vt 0.033087 0.929034
vt 0.033087 0.910851
vt 0.729220 0.898398
vt 0.729220 0.916650
vt 0.721230 0.916389
vt 0.721230 0.898137
vt 0.822877 0.264165
vt 0.816530 0.261824
vt 0.822877 0.258330
vt 0.311613 0.432759
vt 0.305145 0.429299
vt 0.311613 0.426954
vt 0.060449 0.958055
vt 0.060449 0.972703
vt 0.053413 0.972690
vt 0.053413 0.958043
vn 0.2601 -0.4324 0.8634
vn 0.2604 -0.4332 0.8629
vn -0.4268 0.2877 -0.8574
vn 0.6548 -0.7558 0.0000
vn 0.2603 -0.4331 -0.8629
vn 0.2602 -0.4328 -0.8631
vn 0.3504 -0.4118 0.8412
vn -0.5279 0.0821 0.8454
vn -0.5016 0.1525 0.8515
vn -0.5015 0.1522 0.8516
vn -0.4656 0.2208 0.8570
vn -0.4415 0.2617 0.8582
vn -0.5367 -0.1752 0.8254
vn -0.5369 -0.1749 0.8253
vn -0.7650 0.6440 -0.0000
vn -0.5215 -0.2312 -0.8214
vn -0.5217 -0.2309 -0.8213
vn -0.5211 -0.2316 -0.8215
vn -0.5369 -0.1749 -0.8253
vn -0.5450 -0.1085 -0.8314
vn -0.5453 -0.1081 -0.8312
vn -0.5438 -0.0359 -0.8385
vn -0.5440 -0.0354 -0.8383
vn -0.5443 -0.0348 -0.8381
vn -0.5382 0.0263 -0.8424
vn -0.3122 0.3998 -0.8618
vn 0.3504 -0.4118 -0.8412
vn 0.3203 -0.4132 -0.8525
vn 0.3202 -0.4128 -0.8527
vn 0.3200 -0.4122 -0.8530
vn 0.3018 -0.4095 -0.8609
vn 0.3017 -0.4091 -0.8612
vn 0.2876 -0.4158 -0.8628
vn -0.9697 0.2443 0.0000
vn -0.4656 0.2208 -0.8570
vn -0.4657 0.2211 -0.8569
vn 0.6069 -0.7948 0.0000
vn 0.4166 -0.3837 0.8241
vn 0.4030 -0.3730 0.8358
vn 0.3832 -0.3810 0.8415
vn 0.3834 -0.3815 0.8411
vn 0.3341 -0.4127 0.8474
vn 0.3165 -0.4025 0.8590
vn 0.3167 -0.4032 0.8586
vn -0.0216 0.9998 -0.0000
vn 0.2579 0.9361 -0.2390
vn 0.2579 0.9361 0.2390
vn -0.0256 0.9667 0.2548
vn 0.3363 0.9075 0.2518
vn 0.2246 0.9159 -0.3328
vn 0.0409 0.9624 -0.2684
vn -0.1809 0.9835 -0.0000
vn 0.0409 0.9624 0.2684
vn 0.1632 0.9355 0.3134
vn 0.4699 0.8827 -0.0000
vn 0.4157 0.8682 -0.2710
vn 0.1046 0.9522 -0.2871
vn 0.5652 0.7631 -0.3135
vn 0.4157 0.8682 0.2710
vn 0.7949 0.6068 0.0000
vn 0.4919 0.8213 -0.2889
vn 0.1632 0.9355 -0.3134
vn 0.3363 0.9075 -0.2518
vn 0.5652 0.7631 0.3135
vn 0.6895 0.6233 -0.3689
vn 0.2188 -0.5126 -0.8303
vn 0.2246 0.9159 0.3328
vn 0.0391 0.9992 0.0000
vn 0.0909 0.9959 0.0000
vn 0.6314 0.6969 -0.3399
vn 0.2794 0.8915 -0.3565
vn 0.3280 0.8636 -0.3828
vn 0.6895 0.6233 0.3689
vn 0.3549 0.8308 -0.4288
vn 0.6314 0.6969 0.3399
vn 0.7203 0.6937 -0.0000
vn 0.1450 0.9894 0.0000
vn 0.3280 0.8636 0.3828
vn 0.7380 0.5415 0.4026
vn 0.7382 0.5411 0.4029
vn 0.1487 0.9889 0.0000
vn 0.8602 0.5100 0.0000
vn 0.3549 0.8308 0.4288
vn 0.7745 0.4392 0.4551
vn 0.9123 0.4096 0.0000
vn 0.3684 0.7959 0.4804
vn 0.9614 0.2752 0.0000
vn 0.3730 0.7600 0.5322
vn 0.3729 0.7599 -0.5325
vn 0.3730 0.7600 -0.5322
vn 0.7942 0.3291 -0.5108
vn 0.7941 0.3296 -0.5106
vn 0.5271 -0.8498 0.0000
vn 0.2063 -0.4570 -0.8652
vn 0.2060 -0.4556 -0.8660
vn 0.2061 -0.4561 -0.8657
vn 0.2062 -0.4568 -0.8653
vn 0.2876 -0.4158 0.8628
vn -0.6266 0.7793 0.0000
vn -0.3122 0.3998 0.8618
vn -0.3831 0.3352 0.8607
vn -0.3833 0.3356 0.8605
vn -0.3830 0.3348 0.8609
vn -0.3409 0.3747 0.8622
vn -0.3408 0.3743 0.8624
vn 0.2060 -0.4558 0.8659
vn 0.2060 -0.4557 0.8660
vn 0.2061 -0.4564 0.8656
vn 0.2653 -0.4258 -0.8650
vn 0.2651 -0.4250 -0.8655
vn 0.2652 -0.4254 -0.8653
vn 0.2369 -0.4415 -0.8654
vn 0.2367 -0.4408 -0.8658
vn -0.3831 0.3352 -0.8607
vn -0.3407 0.3739 -0.8626
vn -0.3408 0.3743 -0.8624
vn -0.3407 0.3740 -0.8626
vn 0.8036 0.1504 0.5758
vn 0.2038 0.9790 0.0000
vn 0.4086 0.6960 -0.5905
vn 0.4086 0.6960 0.5905
vn 0.7718 -0.2254 0.5946
vn 0.3613 0.6540 -0.6646
vn 0.7760 0.0304 -0.6300
vn 0.5348 0.7345 -0.4176
vn 0.5350 0.7346 -0.4173
vn 0.5351 0.7346 -0.4170
vn 0.5350 0.7346 0.4174
vn 0.8370 0.3685 0.4046
vn -0.2404 0.5115 -0.8250
vn 0.3769 0.9262 0.0000
vn 0.1373 0.9905 0.0000
vn 0.2188 -0.5126 0.8303
vn 0.4919 0.8213 0.2889
vn -0.2404 0.5115 0.8250
vn -0.2650 0.4412 0.8574
vn 0.2002 -0.4640 -0.8629
vn 0.3832 -0.3810 -0.8415
vn 0.5006 0.4947 0.7104
vn 0.9937 -0.1120 0.0000
vn 0.7718 -0.2254 -0.5945
vn 0.3271 0.6091 -0.7226
vn 0.1371 0.9906 0.0000
vn 0.7205 -0.1049 -0.6855
vn 0.3270 0.6091 0.7226
vn 0.8731 -0.4876 0.0000
vn 0.5006 0.4947 -0.7104
vn 0.3613 0.6540 0.6646
vn 0.3332 0.9429 0.0000
vn -0.0643 0.9979 -0.0000
vn 0.8370 0.3681 -0.4048
vn 0.8370 0.3685 -0.4045
vn 0.5578 0.8300 -0.0000
vn 0.7382 0.5411 -0.4029
vn 0.6366 0.7712 0.0000
vn 0.9810 0.1940 0.0000
vn 0.8036 0.1504 -0.5758
vn 0.8036 0.1507 -0.5757
vn 0.2794 0.8915 0.3565
vn 0.3685 0.7959 -0.4804
vn 0.9919 0.1269 0.0000
vn 0.7942 0.3292 0.5108
vn -0.0256 0.9667 -0.2548
vn -0.1208 0.9927 -0.0000
vn 0.1494 0.9888 0.0000
vn 0.7745 0.4392 -0.4551
vn 0.7744 0.4397 -0.4549
vn 0.3860 0.9225 -0.0000
vn 0.1046 0.9522 0.2871
vn -0.9450 0.3271 0.0000
vn -0.9884 0.1520 0.0000
vn -0.2650 0.4412 -0.8574
vn 0.7760 0.0304 0.6300
vn 0.8557 -0.5174 0.0000
vn 0.4344 -0.4135 0.8002
vn 0.3341 -0.4127 -0.8474
vn -0.9040 0.4275 0.0000
vn -0.4414 0.2613 -0.8584
vn -0.4415 0.2617 -0.8582
vn -0.8017 0.5977 0.0000
vn -0.5440 -0.0354 0.8383
vn 0.2651 -0.4250 0.8655
vn 0.2650 -0.4249 0.8656
vn 0.2653 -0.4257 0.8651
vn 0.2652 -0.4254 0.8653
vn 0.2368 -0.4411 0.8656
vn 0.2368 -0.4413 0.8656
vn 0.2371 -0.4423 0.8650
vn 0.2369 -0.4415 0.8654
vn -0.8455 0.5339 0.0000
vn -0.5279 0.0821 -0.8454
vn 0.7497 -0.6618 0.0000
vn 0.3202 -0.4128 0.8527
vn 0.4166 -0.3837 -0.8241
vn 0.7741 -0.6330 0.0000
vn 0.8879 -0.4601 0.0000
vn -0.5054 -0.1275 -0.8534
vn -0.5050 -0.1272 -0.8537
vn -0.5016 0.1525 -0.8515
vn 0.4031 -0.3734 -0.8355
vn 0.4030 -0.3730 -0.8358
vn 0.9013 -0.4333 0.0000
vn -0.9963 -0.0862 0.0000
vn 0.7997 -0.6004 0.0000
vn 0.1149 0.9934 0.0000
vn -0.5012 -0.2253 0.8355
vn -0.5014 -0.2254 0.8353
vn 0.8859 -0.4639 0.0000
vn -0.5450 -0.1085 0.8314
vn -0.9996 0.0269 0.0000
vn -0.9971 -0.0761 0.0000
vn 0.2002 -0.4640 0.8629
vn -0.4268 0.2877 0.8574
vn -0.5386 0.0270 0.8421
vn -0.5382 0.0263 0.8424
vn 0.7205 -0.1049 0.6855
vn 0.3167 -0.4032 -0.8586
vn 0.3165 -0.4025 -0.8590
vn 0.8817 -0.4718 0.0000
vn 0.6881 -0.7256 0.0000
vn 0.3019 -0.4095 0.8609
vn 0.9665 -0.2566 0.0000
vn 0.7309 -0.6825 0.0000
vn -0.5211 -0.2316 0.8215
vn -0.5217 -0.2309 0.8213
vn -0.5210 -0.2317 0.8215
vn -0.9880 -0.1546 0.0000
vn -0.4805 0.8770 0.0000
vn 0.4579 -0.3191 -0.8298
vn 0.4584 -0.3188 -0.8296
vn 0.4667 -0.8844 0.0000
vn 0.4260 -0.9047 0.0000
vn 0.5915 -0.8063 0.0000
vn -0.5674 0.8235 0.0000
vn 0.4344 -0.9007 0.0000
vn -0.7025 0.7117 0.0000
vn -0.3958 0.9183 0.0000
vn -0.1685 0.7982 -0.5784
vn -0.6987 -0.3781 0.6074
vn -0.1325 0.6024 -0.7872
vn -0.6428 -0.3929 -0.6576
vn -0.6393 -0.3961 -0.6591
vn -0.6402 -0.4000 -0.6559
vn 0.0251 -0.8679 0.4961
vn 0.0249 -0.8678 0.4963
vn 0.7823 -0.2453 0.5726
vn -0.2749 0.7370 -0.6175
vn -0.9225 -0.3620 -0.1344
vn 0.2551 -0.3679 -0.8942
vn -0.9185 -0.3431 -0.1966
vn -0.5800 0.7866 -0.2116
vn 0.8097 -0.4179 -0.4121
vn 0.4713 -0.8485 0.2407
vn 0.3672 -0.3241 0.8718
vn 0.2593 0.9396 -0.2235
vn 0.8999 -0.2394 0.3645
vn 0.1395 -0.3637 -0.9210
vn 0.4551 -0.3780 -0.8062
vn -0.0836 -0.0704 -0.9940
vn 0.0318 -0.1768 0.9837
vn -0.4030 0.9124 0.0710
vn -0.6513 0.7558 0.0678
vn -0.6513 0.7559 0.0673
vn -0.7807 0.5722 -0.2509
vn -0.5909 -0.2937 0.7514
vn -0.1414 0.8854 -0.4427
vn 0.1293 -0.6007 0.7890
vn 0.9795 -0.0648 -0.1906
vn 0.9465 -0.2224 0.2340
vn 0.8679 -0.1497 -0.4736
vn 0.0700 -0.2191 0.9732
vn 0.8604 -0.1526 -0.4862
vn 0.1990 -0.3636 -0.9101
vn -0.1917 0.9078 -0.3730
vn -0.1917 0.9078 -0.3729
vn -0.1917 0.9080 -0.3726
vn 0.8727 -0.2179 0.4369
vn 0.7683 0.6395 0.0276
vn -0.4456 -0.2682 0.8541
vn -0.4457 -0.2679 0.8541
vn -0.1933 0.8498 0.4904
vn -0.7506 -0.3433 0.5646
vn -0.7506 -0.3437 0.5644
vn -0.7506 -0.3434 0.5645
vn 0.3723 -0.9086 -0.1893
vn 0.3724 -0.9085 -0.1897
vn 0.5271 0.8476 0.0612
vn -0.6377 -0.1901 0.7464
vn 0.7812 -0.5701 0.2544
vn -0.0195 -0.3041 -0.9525
vn -0.2280 -0.4571 -0.8597
vn -0.6577 -0.3453 0.6694
vn 0.3401 0.8634 -0.3727
vn 0.3406 0.8634 -0.3722
vn 0.3844 0.9171 0.1059
vn 0.3384 0.9168 0.2122
vn 0.2036 0.9658 0.1609
vn 0.7783 0.0741 -0.6235
vn -0.1566 -0.1475 0.9766
vn 0.3596 0.9326 -0.0316
vn 0.3134 0.7501 -0.5823
vn 0.1732 0.9415 0.2891
vn -0.1269 -0.9443 -0.3036
vn 0.8240 -0.2617 0.5025
vn 0.6964 -0.2408 0.6760
vn -0.0204 -0.8533 0.5209
vn 0.9544 -0.2784 0.1079
vn -0.6989 -0.7139 0.0428
vn 0.6436 -0.7617 -0.0745
vn -0.8719 -0.2868 0.3970
vn 0.3569 0.8982 0.2566
vn -0.2070 -0.9645 -0.1637
vn 0.5607 -0.5209 -0.6436
vn 0.3323 0.9355 0.1198
vn 0.2677 0.8112 0.5199
vn 0.2739 0.3712 -0.8872
vn -0.1281 0.3618 -0.9234
vn -0.3996 0.7873 0.4696
vn 0.1803 0.7288 -0.6606
vn -0.8045 0.4612 0.3742
vn -0.5434 0.5126 0.6648
vn 0.5598 0.7937 -0.2382
vn -0.4886 0.8619 -0.1358
vn 0.5923 0.4152 0.6905
vn 0.8466 0.3524 0.3988
vn -0.0542 0.7461 -0.6636
vn -0.2676 0.8530 0.4481
vn 0.9185 0.3364 -0.2079
vn 0.7623 0.3045 -0.5711
vn -0.5622 0.8107 -0.1638
vn 0.1383 0.5325 0.8351
vn -0.6318 0.4021 -0.6627
vn -0.8420 0.4350 -0.3192
vn 0.5619 0.8168 -0.1310
vn 0.6077 0.7174 -0.3407
vn -0.8417 0.4978 -0.2089
vn -0.8236 0.5342 0.1903
vn 0.6187 0.7542 0.2200
vn -0.1928 0.6819 -0.7056
vn -0.4897 0.5150 0.7036
vn -0.1198 0.5494 0.8269
vn 0.4589 0.7342 -0.5004
vn -0.4481 0.8125 -0.3730
vn 0.3023 0.4873 0.8193
vn 0.6414 0.4265 0.6377
vn 0.1472 0.6951 -0.7037
vn -0.7120 0.6572 0.2471
vn 0.7439 0.6446 0.1761
vn 0.7667 0.5996 -0.2296
vn -0.7061 0.5768 -0.4108
vn 0.5166 0.7289 0.4493
vn -0.1883 0.5186 -0.8340
vn -0.5588 0.5036 -0.6589
vn -0.0826 0.6912 0.7179
vn 0.0257 0.7709 0.6364
vn 0.4479 0.4886 -0.7487
vn 0.0676 0.4457 -0.8926
vn -0.5902 0.6952 0.4103
vn -0.7817 0.5090 -0.3604
vn 0.3325 0.6320 0.7000
vn 0.4876 0.6477 0.5854
vn -0.4790 0.5165 -0.7097
vn 0.7227 0.5055 0.4714
vn -0.7348 0.4439 0.5128
vn 0.5717 0.7951 0.2023
vn 0.4828 0.8606 -0.1621
vn -0.8719 0.4777 0.1076
vn -0.0708 0.8124 -0.5788
vn -0.4287 0.8334 -0.3489
vn 0.0985 0.2405 -0.9656
vn -0.3813 0.8848 0.2679
vn -0.0057 0.8961 0.4438
vn 0.6782 0.2537 -0.6897
vn 0.1696 0.8531 0.4935
vn -0.2699 -0.8104 -0.5200
vn -0.2761 -0.3717 0.8863
vn 0.1315 -0.3619 0.9229
vn 0.4021 -0.7861 -0.4694
vn -0.1789 -0.7280 0.6618
vn 0.8054 -0.4613 -0.3722
vn 0.5410 -0.5131 -0.6664
vn -0.5609 -0.7933 0.2367
vn 0.4901 -0.8613 0.1343
vn -0.5905 -0.4160 -0.6916
vn -0.8481 -0.3522 -0.3959
vn 0.0528 -0.7445 0.6655
vn 0.2669 -0.8522 -0.4501
vn -0.9187 -0.3371 0.2057
vn -0.7603 -0.3045 0.5738
vn 0.5633 -0.8094 0.1659
vn -0.1337 -0.5315 -0.8364
vn 0.6301 -0.4024 0.6641
vn 0.8429 -0.4354 0.3162
vn -0.5629 -0.8157 0.1334
vn -0.6073 -0.7167 0.3428
vn 0.8410 -0.4980 0.2114
vn 0.8226 -0.5346 -0.1938
vn -0.6184 -0.7538 -0.2221
vn 0.1945 -0.6809 0.7061
vn 0.4914 -0.5151 -0.7023
vn 0.1168 -0.5498 -0.8271
vn -0.4614 -0.7332 0.4996
vn 0.4500 -0.8118 0.3720
vn -0.3001 -0.4880 -0.8196
vn -0.6438 -0.4262 -0.6355
vn -0.1493 -0.6934 0.7049
vn 0.7119 -0.6566 -0.2492
vn -0.7429 -0.6452 -0.1783
vn -0.7659 -0.5992 0.2330
vn 0.7058 -0.5753 0.4133
vn -0.5186 -0.7282 -0.4481
vn 0.1857 -0.5192 0.8342
vn 0.5616 -0.5036 0.6565
vn 0.0852 -0.6900 -0.7188
vn -0.0277 -0.7703 -0.6371
vn -0.4496 -0.4893 0.7473
vn -0.0642 -0.4455 0.8930
vn 0.5924 -0.6939 -0.4094
vn 0.7812 -0.5079 0.3629
vn -0.3321 -0.6319 -0.7003
vn -0.4883 -0.6477 -0.5849
vn 0.4810 -0.5151 0.7094
vn -0.7256 -0.5044 -0.4681
vn 0.7357 -0.4426 -0.5127
vn -0.5714 -0.7945 -0.2056
vn -0.4806 -0.8610 0.1666
vn 0.8728 -0.4763 -0.1067
vn 0.0668 -0.8123 0.5795
vn 0.4324 -0.8332 0.3448
vn -0.0956 -0.2392 0.9663
vn 0.3838 -0.8845 -0.2652
vn 0.0007 -0.8957 -0.4447
vn -0.6809 -0.2524 0.6875
vn -0.1677 -0.8521 -0.4958
vn -0.4702 -0.3640 -0.8040
vn -0.4702 -0.3637 -0.8042
vn 0.2579 0.5673 0.7821
vn -0.9228 -0.2879 -0.2559
vn 0.9331 0.3169 0.1703
vn -0.1124 0.9917 -0.0626
vn -0.1132 0.9915 -0.0635
vn -0.1128 0.9916 -0.0631
vn -0.1125 0.9917 -0.0626
vn 0.1005 -0.9424 -0.3191
vn -0.6721 -0.3241 -0.6658
vn 0.4387 -0.3343 0.8341
vn -0.6670 -0.7159 -0.2064
vn -0.8954 -0.1602 0.4154
vn 0.8731 0.0464 -0.4854
vn 0.6217 0.5978 -0.5061
vn -0.8096 -0.1491 0.5677
vn 0.4832 -0.8011 -0.3532
vn -0.6152 -0.7553 -0.2261
vn -0.6153 -0.7554 -0.2253
vn 0.1102 0.8359 -0.5377
vn -0.0066 -0.2269 0.9739
vn -0.1080 -0.8336 0.5418
vn -0.7553 -0.3852 -0.5302
vn 0.5157 -0.8557 -0.0432
vn -0.2648 -0.9375 0.2257
vn -0.9136 -0.3339 0.2321
vn -0.0818 -0.0893 -0.9926
vn 0.0341 -0.0770 -0.9964
vn -0.0054 -0.9854 0.1704
vn -0.0059 -0.9854 0.1703
vn -0.0068 -0.9854 0.1702
vn 0.4391 0.7148 0.5442
vn 0.4393 0.7149 0.5440
vn 0.4389 0.7147 0.5446
vn 0.1426 0.8313 0.5372
vn 0.4998 -0.4543 -0.7374
vn 0.5003 -0.4536 -0.7376
vn 0.5007 -0.4530 -0.7376
vn 0.4997 -0.4543 -0.7374
vn 0.8361 -0.2190 0.5030
vn 0.8196 -0.4176 0.3922
vn 0.9532 -0.3013 0.0264
vn 0.1232 -0.4343 -0.8923
vn -0.0463 -0.8665 0.4971
vn -0.0463 -0.8667 0.4967
vn 0.5356 -0.3795 -0.7544
vn 0.5357 -0.3790 -0.7546
vn 0.8374 -0.2324 0.4947
vn 0.9500 -0.3044 0.0693
vn -0.5788 -0.1562 0.8004
vn -0.8729 -0.3728 -0.3147
vn 0.0175 0.8595 -0.5109
vn -0.5401 -0.4988 -0.6779
vn 0.0933 -0.9312 -0.3523
vn 0.9451 -0.3033 -0.1217
vn 0.6921 -0.2333 0.6831
vn -0.9981 0.0610 -0.0004
vn -0.3372 -0.9336 -0.1209
vn -0.2321 -0.8991 0.3711
vn -0.1216 0.5091 0.8521
vn 0.0669 -0.8605 0.5050
vn -0.3639 -0.8396 0.4032
vn -0.3644 -0.8394 0.4033
vn -0.3015 -0.8528 0.4265
vn 0.0759 0.9053 -0.4178
vn 0.5134 -0.0296 -0.8577
vn -0.5164 -0.3312 -0.7897
vn 0.9527 -0.3035 -0.0181
vn -0.0088 0.9024 0.4309
vn -0.9774 -0.1781 -0.1137
vn 0.5326 -0.2467 -0.8096
vn -0.9684 -0.1610 0.1907
vn 0.8761 -0.2893 -0.3857
vn 0.8762 -0.2890 -0.3857
vn 0.0313 -0.9523 -0.3034
vn 0.3142 -0.9321 -0.1802
vn -0.7051 -0.3167 0.6345
vn 0.1408 -0.8828 0.4482
vn 0.0498 -0.4193 -0.9065
vn 0.0499 -0.4180 -0.9071
vn 0.0499 -0.4185 -0.9068
vn 0.0498 -0.4198 -0.9062
vn -0.4950 0.6957 0.5206
vn 0.4381 -0.2792 0.8545
vn -0.1089 -0.2196 0.9695
vn -0.4445 0.4227 -0.7897
vn -0.5659 -0.7953 0.2172
vn -0.4893 -0.1854 -0.8522
vn 0.7473 -0.0427 0.6631
vn -0.1139 0.6191 0.7770
vn -0.9176 -0.1266 0.3768
vn 0.4684 0.0392 0.8827
vn -0.9176 -0.3139 0.2440
vn -0.4833 0.8754 -0.0078
vn -0.6032 -0.2434 0.7595
vn -0.6392 -0.1521 0.7538
vn -0.8834 -0.3131 0.3486
vn -0.9515 -0.2203 -0.2146
vn 0.6265 -0.2700 -0.7312
vn -0.5794 -0.4028 -0.7085
vn 0.8654 0.4653 -0.1860
vn 0.3784 0.9232 0.0668
vn 0.7822 0.5939 -0.1880
vn -0.8021 0.5147 -0.3029
vn 0.0447 0.5264 -0.8491
vn -0.7889 -0.2851 -0.5443
vn -0.7731 0.6079 0.1808
vn 0.0752 -0.2282 -0.9707
vn -0.3700 -0.7641 -0.5284
vn -0.3383 -0.9158 -0.2167
vn -0.6274 0.4617 0.6271
vn 0.1276 -0.8653 -0.4848
vn 0.1271 -0.8653 -0.4849
vn 0.1262 -0.8653 -0.4851
vn -0.6487 -0.3894 -0.6538
vn -0.7715 0.0175 0.6360
vn -0.9773 -0.1397 0.1593
vn -0.7049 -0.6678 0.2389
vn -0.6512 -0.4065 -0.6409
vn -0.6545 -0.4029 -0.6398
vn -0.6528 -0.3999 -0.6434
vn 0.2357 -0.0503 0.9705
vn -0.6898 -0.5067 0.5172
vn 0.3927 0.8445 -0.3641
vn 0.7046 0.6695 -0.2352
vn 0.7045 0.6697 -0.2349
vn -0.9488 -0.3037 -0.0868
vn -0.3540 -0.9277 0.1187
vn -0.4410 -0.7142 -0.5436
vn -0.4414 -0.7143 -0.5430
vn -0.4406 -0.7140 -0.5441
vn -0.3700 0.8883 0.2721
vn 0.3700 -0.8866 -0.2774
vn 0.1185 -0.4873 -0.8652
vn -0.7064 -0.5107 -0.4900
vn 0.4140 0.6474 -0.6399
vn 0.2899 0.9413 0.1729
vn 0.7366 -0.2704 0.6199
vn -0.8661 -0.4090 -0.2874
vn -0.8662 -0.4087 -0.2875
vn 0.6530 -0.7547 -0.0628
vn 0.6530 -0.7548 -0.0623
vn 0.6529 -0.7549 -0.0615
vn -0.3228 -0.9460 0.0295
vn -0.4434 0.8270 0.3457
vn 0.5421 0.8011 -0.2536
vn 0.5423 0.8012 -0.2531
vn 0.7927 -0.5299 -0.3015
vn 0.1971 -0.5062 0.8396
vn -0.0267 -0.9210 -0.3886
vn -0.0260 -0.9212 -0.3882
vn 0.3814 -0.8832 0.2731
vn -0.5145 0.6311 0.5805
vn -0.5141 0.6313 0.5806
vn -0.8458 -0.4298 0.3161
vn 0.2771 -0.8668 -0.4147
vn 0.2766 -0.8669 -0.4147
vn 0.7197 -0.1568 0.6763
vn -0.5762 -0.8141 0.0729
vn 0.3027 0.4604 -0.8345
vn 0.8811 -0.2817 0.3798
vn 0.2604 0.9468 -0.1891
vn -0.8298 0.4483 -0.3324
vn 0.3528 -0.2175 0.9101
vn -0.8291 -0.4385 -0.3469
vn 0.4853 -0.3655 -0.7943
vn -0.1878 -0.3779 -0.9066
vn 0.5723 0.8170 -0.0706
vn 0.5719 0.8172 -0.0707
vn -0.8379 -0.3625 0.4080
vn -0.8378 -0.3629 0.4080
vn -0.6901 -0.6833 -0.2382
vn -0.6413 0.7634 0.0773
vn -0.9355 0.1943 0.2950
vn 0.4877 -0.8730 0.0096
vn 0.7729 -0.6070 -0.1850
vn -0.8549 -0.3880 0.3444
vn -0.9266 -0.3712 -0.0606
vn 0.1106 -0.6183 -0.7781
vn 0.7421 0.5489 0.3846
vn 0.1150 -0.9910 0.0689
vn 0.1149 -0.9910 0.0689
vn 0.1146 -0.9910 0.0685
vn 0.9142 -0.3522 0.2003
vn -0.6458 -0.5576 -0.5215
vn -0.5446 0.0398 0.8377
vn 0.3609 -0.9104 -0.2022
vn 0.3602 -0.9108 -0.2020
vn 0.2385 0.3933 0.8879
vn 0.4804 0.8404 0.2508
vn 0.6143 0.5416 -0.5738
vn -0.9545 -0.1559 0.2544
vn -0.3486 0.6153 0.7070
vn -0.0857 -0.3600 -0.9290
vn -0.0820 -0.3639 -0.9278
vn -0.0853 -0.3679 -0.9259
vn 0.0180 -0.7762 -0.6302
vn 0.0172 -0.7760 -0.6304
vn 0.8957 0.2236 -0.3844
vn 0.7769 -0.1219 0.6177
vn -0.3944 -0.2270 -0.8905
vn -0.0211 -0.8569 0.5151
vn 0.8444 -0.4421 -0.3025
vn 0.7680 -0.3389 0.5434
vn -0.5479 -0.7988 0.2485
vn -0.5477 -0.7988 0.2490
vn -0.6033 0.7919 -0.0946
vn -0.6035 0.7918 -0.0941
vn -0.3266 0.1292 0.9363
vn -0.9425 -0.3343 0.0003
vn 0.9049 -0.2901 0.3115
vn -0.9668 0.1665 0.1941
vn -0.0110 0.7785 0.6275
vn -0.0105 0.7784 0.6277
vn -0.0952 0.9437 0.3169
vn 0.2635 0.9404 0.2151
vn 0.5787 0.3172 0.7513
vn 0.1283 -0.4360 0.8908
vn -0.9856 -0.1644 0.0407
vn 0.7008 -0.2911 -0.6513
vn 0.6984 -0.2974 -0.6510
vn 0.6939 -0.2965 -0.6562
vn 0.4671 -0.3058 0.8296
vn -0.8507 -0.1382 0.5071
vn -0.3627 -0.9314 0.0289
vn 0.6409 -0.7675 -0.0131
vn -0.5174 0.5844 0.6251
vn 0.0160 0.8546 -0.5190
vn 0.9518 -0.3066 0.0042
vn 0.1409 0.8138 0.5637
vn 0.6801 -0.2977 -0.6699
vn 0.6730 -0.3013 -0.6755
vn 0.6762 -0.2953 -0.6749
vn 0.2565 -0.2155 -0.9422
vn -0.0254 0.8705 -0.4916
vn -0.3518 -0.8135 0.4630
vn -0.3893 -0.9152 -0.1039
vn 0.4964 -0.8071 0.3196
vn 0.1909 -0.8482 -0.4941
vn 0.1912 -0.8482 -0.4939
vn 0.8246 0.4289 0.3689
vn 0.8244 0.4291 0.3691
vn -0.0661 -0.9421 -0.3288
vn -0.0662 -0.9419 -0.3294
vn -0.0662 -0.9417 -0.3298
vn -0.2305 -0.2495 0.9405
vn -0.2305 -0.2492 0.9406
vn -0.2304 -0.2500 0.9404
vn -0.2814 -0.3918 -0.8760
vn -0.0237 -0.5336 0.8454
vn -0.3591 0.9120 0.1983
vn -0.2657 -0.6943 -0.6689
vn -0.3071 0.9351 0.1767
vn 0.7961 -0.1219 -0.5927
vn -0.2681 -0.9387 -0.2166
vn -0.2679 -0.9388 -0.2164
vn -0.2678 -0.9389 -0.2162
vn -0.1690 0.9740 0.1511
vn -0.1139 0.5518 -0.8262
vn 0.2988 0.8560 -0.4218
vn -0.0312 0.9541 0.2978
vn -0.0314 0.9542 0.2976
vn -0.0611 -0.1964 0.9786
vn 0.2303 0.9013 -0.3670
vn 0.2302 0.9012 -0.3673
vn 0.1718 -0.9362 -0.3066
vn 0.1715 -0.9363 -0.3066
vn 0.1704 -0.9365 -0.3064
vn -0.4689 0.8509 -0.2370
vn 0.4447 -0.2511 0.8597
vn -0.4547 -0.5747 0.6804
vn -0.0414 -0.5247 0.8503
vn -0.8426 0.1089 -0.5274
vn -0.1937 -0.0805 -0.9777
vn 0.8597 -0.2655 -0.4364
vn -0.8065 -0.1688 0.5666
vn -0.4409 0.1324 -0.8877
vn -0.8824 -0.4650 -0.0711
vn -0.3664 -0.3901 -0.8447
vn -0.3710 -0.3888 -0.8433
vn -0.5654 0.4839 -0.6680
vn -0.5736 0.0923 -0.8139
vn 0.0664 -0.2690 0.9608
vn 0.0663 -0.2687 0.9609
vn 0.3730 0.7647 0.5255
vn -0.3060 -0.4588 0.8342
vn 0.6281 0.4994 0.5966
vn 0.6286 0.4991 0.5965
vn -0.3163 0.7534 -0.5765
vn -0.7109 0.5216 0.4718
vn 0.2125 -0.5981 -0.7727
vn 0.3667 -0.8653 0.3416
vn -0.5851 -0.3714 0.7209
vn -0.2892 0.8832 -0.3692
vn -0.1777 -0.9400 -0.2912
vn -0.4797 0.8026 0.3545
vn 0.6668 0.7171 0.2029
vn -0.1473 -0.8298 -0.5382
vn 0.4938 -0.6941 -0.5239
vn -0.0940 0.9329 0.3477
vn -0.0938 0.9330 0.3474
vn -0.0936 0.9332 0.3471
vn 0.0118 -0.2903 0.9569
vn -0.9631 0.2361 -0.1291
vn 0.2505 -0.8659 0.4330
vn -0.3178 -0.7489 0.5815
vn -0.7705 -0.6370 -0.0237
vn 0.1174 0.2168 0.9691
vn -0.4073 0.8714 -0.2733
vn -0.4070 0.8716 -0.2730
vn 0.3483 0.9297 -0.1200
vn 0.1601 0.4943 -0.8545
vn 0.3897 -0.3888 -0.8348
vn 0.5639 -0.4820 0.6706
vn -0.7076 -0.1572 0.6889
vn 0.3976 0.9105 -0.1140
vn -0.0437 0.3241 0.9450
vn 0.9131 -0.2711 -0.3047
vn -0.9071 -0.3473 -0.2379
vn -0.9046 -0.3511 -0.2418
vn -0.9037 -0.3560 -0.2380
vn -0.1370 -0.8132 -0.5656
vn -0.8798 -0.2567 0.4002
vn -0.8798 -0.2560 0.4005
vn 0.9271 -0.2307 0.2953
vn -0.3566 0.7064 -0.6114
vn -0.4963 0.8090 -0.3150
vn 0.6052 -0.7906 0.0932
vn 0.6054 -0.7905 0.0927
vn 0.5118 -0.5818 -0.6322
vn -0.9071 -0.2542 0.3356
vn 0.3599 0.8405 -0.4050
vn 0.3602 0.8404 -0.4050
vn 0.7627 -0.4894 -0.4227
vn 0.7163 -0.3484 -0.6047
vn 0.7164 -0.3479 -0.6048
vn 0.6506 -0.2567 0.7147
vn 0.5394 -0.4862 -0.6875
vn 0.4307 -0.8547 0.2899
vn 0.4305 -0.8549 0.2896
vn 0.2771 -0.3581 0.8916
vn -0.0241 0.5866 -0.8095
vn -0.0237 0.5866 -0.8095
vn 0.5844 -0.7841 0.2090
vn -0.4887 -0.2966 0.8205
vn 0.3139 -0.7519 0.5798
vn -0.4083 -0.4057 -0.8177
vn -0.4834 -0.8380 -0.2532
vn -0.1695 0.9379 0.3026
vn -0.1692 0.9380 0.3025
vn -0.1682 0.9382 0.3024
vn -0.3975 -0.9096 0.1210
vn -0.8073 -0.4394 0.3940
vn 0.2793 -0.7344 0.6185
vn 0.7163 -0.3434 -0.6074
vn -0.5090 0.5835 0.6328
vn -0.2299 -0.2680 0.9356
vn -0.2321 0.9471 -0.2218
vn 0.3179 0.9476 -0.0318
vn -0.7067 -0.4117 -0.5754
vn 0.0072 -0.1995 0.9799
vn 0.5231 -0.3290 0.7862
vn 0.8956 -0.2412 0.3737
vn 0.8957 -0.2409 0.3737
vn 0.0749 -0.1968 0.9776
vn 0.9391 -0.3029 -0.1620
vn -0.3187 0.4868 -0.8133
vn 0.6865 0.6861 0.2409
vn 0.2901 -0.4286 -0.8557
vn 0.1369 -0.3916 -0.9099
vn 0.8039 -0.5138 0.2997
vn 0.4087 -0.9099 -0.0713
vn 0.4085 -0.9100 -0.0714
vn 0.7844 -0.1967 0.5883
vn 0.2681 -0.3775 -0.8863
vn 0.4441 0.8789 0.1741
vn 0.8294 -0.4933 0.2623
vn 0.9924 -0.0774 -0.0956
vn -0.0813 0.2286 -0.9701
vn -0.8683 -0.1292 0.4789
vn -0.3972 -0.8410 0.3674
vn 0.3437 -0.9390 0.0093
vn -0.3792 -0.3795 -0.8439
vn -0.3794 -0.3749 -0.8459
vn 0.5907 -0.4218 -0.6879
vn 0.5423 0.4997 0.6754
vn -0.8522 -0.1479 0.5018
vn -0.1049 -0.3735 -0.9217
vn -0.1081 -0.3691 -0.9231
vn -0.1038 -0.3662 -0.9247
vn -0.3626 0.8677 -0.3399
vn -0.2809 0.3494 0.8939
vn -0.2803 0.3496 0.8940
vn -0.3846 -0.9203 -0.0714
vn 0.2915 -0.8813 0.3720
vn -0.3648 -0.4632 0.8077
vn 0.3753 -0.9135 -0.1570
vn -0.0344 -0.9314 -0.3624
vn -0.0341 -0.9315 -0.3620
vn -0.2657 -0.9445 0.1934
vn -0.3701 0.9155 0.1574
vn -0.0654 0.8624 -0.5020
vn -0.0649 0.8625 -0.5019
vn 0.7333 0.3874 -0.5587
vn -0.2921 -0.9408 -0.1719
vn -0.2922 -0.9408 -0.1716
vn 0.6977 0.7148 -0.0469
vn -0.4113 -0.6451 0.6440
vn -0.4453 0.8866 0.1249
vn 0.2384 -0.9451 0.2236
vn 0.2569 -0.9664 -0.0032
vn 0.6596 -0.4549 -0.5983
vn 0.3792 -0.2487 0.8913
vn -0.2110 -0.3883 -0.8970
vn 0.2644 -0.2546 0.9302
vn -0.5145 -0.2106 0.8312
vn 0.1111 0.9456 0.3058
vn -0.1207 0.8678 0.4821
vn 0.6103 0.7575 0.2315
vn 0.1762 -0.7951 0.5803
vn 0.3615 -0.7042 0.6110
vn 0.0792 0.9192 0.3858
vn -0.3412 -0.8613 0.3764
vn 0.1730 -0.9727 -0.1547
vn -0.5308 -0.0060 0.8475
vn 0.2656 0.6953 0.6678
vn -0.9574 -0.2175 -0.1899
vn -0.3435 0.9391 -0.0045
vn 0.1824 -0.8150 -0.5500
vn 0.9400 -0.3034 0.1561
vn 0.9401 -0.3031 0.1560
vn -0.2560 0.0135 -0.9666
vn -0.3448 -0.4772 -0.8084
vn 0.0429 0.8687 -0.4934
vn -0.9052 -0.3631 -0.2210
vn -0.9078 -0.3587 -0.2175
vn -0.9081 -0.3550 -0.2223
vn 0.9212 -0.2006 0.3333
vn 0.0103 -0.9017 -0.4322
vn 0.0039 0.9857 -0.1688
vn 0.0036 0.9856 -0.1688
vn -0.4454 -0.8772 -0.1793
vn 0.9187 -0.2060 0.3369
vn 0.3442 0.6270 0.6989
vn 0.3445 0.6272 0.6986
vn -0.0075 -0.3739 -0.9274
vn 0.4123 -0.8690 0.2736
vn 0.4121 -0.8692 0.2734
vn 0.4117 -0.8694 0.2731
vn -0.8065 -0.4256 -0.4104
vn -0.5768 -0.2864 0.7650
vn 0.7423 -0.4635 -0.4838
vn 0.5634 -0.3504 0.7482
vn -0.6390 0.7691 0.0086
vn -0.9107 -0.4107 -0.0437
vn 0.2929 -0.2517 0.9224
vn -0.3887 -0.3492 -0.8527
vn -0.3657 0.8093 -0.4597
vn -0.2549 -0.5663 -0.7838
vn 0.4496 -0.8842 -0.1268
vn 0.4493 -0.8843 -0.1269
vn 0.7327 0.0090 0.6805
vn 0.3517 0.8163 -0.4582
vn 0.1393 -0.1744 0.9748
vn 0.9739 0.2265 0.0146
vn 0.8072 -0.4211 -0.4136
vn 0.9830 -0.0047 0.1838
vn -0.7907 0.5317 0.3035
vn -0.2718 0.8697 0.4120
vn 0.7203 0.0862 0.6883
vn -0.2799 0.1036 0.9544
vn 0.3239 0.0784 -0.9428
vn -0.7316 -0.3859 0.5620
vn 0.4425 -0.8251 -0.3511
vn -0.8395 -0.0266 -0.5427
vn -0.3577 -0.8966 -0.2611
vn -0.3574 -0.8966 -0.2615
vn -0.1860 0.8162 0.5470
vn 0.8904 0.4254 -0.1616
vn 0.4516 0.5759 -0.6814
vn 0.3656 -0.8061 0.4653
vn 0.3899 -0.3777 -0.8399
vn -0.1863 -0.4655 -0.8652
vn -0.6627 -0.1289 0.7377
vn 0.5837 -0.4607 -0.6686
vn 0.5602 -0.1851 0.8074
vn 0.8026 -0.2792 -0.5272
vn -0.6799 0.3814 -0.6263
vn -0.5109 0.8585 0.0445
vn 0.3319 -0.2758 0.9021
vn -0.7852 -0.3973 -0.4749
vn -0.9129 -0.1791 0.3669
vn -0.5388 0.5820 -0.6091
vn -0.5384 0.5822 -0.6092
vn -0.5380 0.5825 -0.6093
vn -0.3582 -0.2898 0.8875
vn -0.7329 0.6483 -0.2061
vn -0.2518 0.9678 0.0011
vn -0.3756 0.8848 -0.2757
vn 0.8386 -0.2798 -0.4675
vn 0.9270 -0.2716 0.2586
vn 0.3844 0.8942 -0.2295
vn 0.6519 -0.1623 0.7408
vn -0.8916 -0.4242 0.1587
vn -0.2526 0.8662 -0.4312
vn -0.3898 -0.8922 0.2283
vn 0.0308 -0.5836 0.8114
vn 0.8923 0.2252 -0.3913
vn 0.7707 -0.2805 0.5722
vn -0.4264 0.8574 -0.2880
vn -0.4265 0.8574 -0.2881
vn -0.4269 0.8569 -0.2889
vn -0.8491 -0.3725 -0.3746
vn -0.9481 -0.3178 -0.0120
vn 0.7913 -0.2897 -0.5384
vn -0.0752 -0.9180 -0.3895
vn 0.5634 0.7981 -0.2137
vn 0.4595 -0.4382 -0.7725
vn 0.4467 -0.5751 0.6853
vn 0.8581 -0.4178 -0.2986
vn -0.8828 -0.2377 -0.4052
vn 0.7963 -0.3737 -0.4757
vn -0.8266 -0.4273 -0.3663
vn -0.9580 -0.1536 -0.2423
vn -0.9579 -0.1537 -0.2426
vn -0.6287 -0.5948 0.5009
vn -0.7649 0.3878 -0.5144
vn -0.9106 -0.3945 0.1233
vn 0.1949 -0.9054 0.3772
vn -0.3704 0.9098 0.1874
vn -0.6315 -0.4974 -0.5948
vn 0.5151 -0.5838 -0.6276
vn 0.4688 -0.4971 -0.7302
vn 0.4251 0.2622 -0.8664
vn -0.1117 -0.9439 -0.3107
vn -0.1334 -0.1903 0.9726
vn -0.5334 -0.8440 -0.0565
vn -0.5703 -0.3169 0.7579
vn 0.7487 -0.6441 -0.1570
vn 0.5457 -0.2643 0.7952
vn 0.6607 0.2588 0.7047
vn 0.0630 0.9431 0.3265
vn 0.0630 0.9434 0.3258
vn -0.0756 -0.9033 0.4223
vn -0.1308 0.4458 -0.8855
vn -0.4354 -0.0973 -0.8949
vn -0.4981 -0.1555 -0.8531
vn -0.4988 -0.1552 -0.8527
vn 0.0638 -0.0177 -0.9978
vn 0.1347 -0.4444 0.8857
vn 0.0262 0.9225 0.3850
vn 0.0296 0.9329 0.3590
vn 0.5420 -0.5807 0.6075
vn -0.6070 0.2212 -0.7633
vn 0.9068 -0.0927 -0.4112
vn 0.1256 0.9460 0.2988
vn 0.1794 0.8294 0.5290
vn -0.4210 0.6341 0.6486
vn -0.9981 -0.0066 -0.0615
vn 0.6830 -0.3025 0.6648
vn -0.9654 0.0583 0.2542
vn -0.2484 -0.6686 0.7009
vn -0.4681 -0.1096 -0.8769
vn 0.4911 -0.8577 -0.1522
vn 0.8559 -0.2589 -0.4475
vn -0.2317 0.8871 -0.3992
vn -0.2313 0.8870 -0.3997
vn -0.9509 -0.0864 0.2971
vn -0.4103 0.3642 0.8361
vn -0.1063 0.0206 0.9941
vn 0.8119 0.5834 -0.0229
vn 0.3802 0.7743 0.5058
vn 0.0769 -0.0651 -0.9949
vn -0.8985 0.0082 0.4389
vn 0.2475 -0.9399 -0.2354
vn -0.8914 0.4025 -0.2081
vn -0.5097 0.1819 -0.8409
vn 0.0675 0.0515 0.9964
vn -0.7446 0.0601 -0.6648
vn -0.2029 0.9081 -0.3663
vn 0.6550 -0.0010 -0.7556
vn -0.9407 0.1603 -0.2991
vn 0.3514 0.9147 0.1995
vn 0.7297 0.3169 -0.6059
vn 0.9751 0.1979 -0.1003
vn -0.3486 0.2464 -0.9043
vn -0.0619 -0.6718 -0.7382
vn 0.0459 -0.6875 -0.7247
vn 0.1656 -0.6877 -0.7068
vn -0.6373 -0.4146 0.6495
vn 0.7188 0.5109 -0.4715
vn 0.0493 0.7220 0.6901
vn -0.3721 0.6753 0.6368
vn 0.4842 0.3631 -0.7960
vn -0.7307 -0.4068 -0.5483
vn 0.5729 0.4627 0.6766
vn 0.8411 0.3964 0.3681
vn 0.3729 -0.8772 -0.3026
vn 0.4712 -0.7132 -0.5190
vn 0.1664 -0.7200 -0.6737
vn 0.3370 -0.7085 -0.6200
vn -0.7210 -0.4448 -0.5314
vn 0.3760 0.3380 0.8628
vn 0.5619 -0.5406 0.6261
vn 0.1338 -0.2569 -0.9571
vn 0.9055 -0.2902 -0.3097
vn -0.0403 -0.4098 0.9113
vn -0.3157 -0.6149 -0.7227
vn 0.9798 -0.0637 0.1897
vn -0.1655 -0.2674 -0.9493
vn -0.5369 -0.6641 0.5203
vn -0.6554 -0.2131 0.7246
vn 0.9313 -0.1726 0.3206
vn -0.1260 -0.9693 0.2113
vn 0.3143 0.9472 0.0638
vn 0.3250 0.1000 0.9404
vn -0.1940 0.1132 -0.9744
vn -0.9465 0.3028 -0.1113
vn 0.9670 -0.1597 0.1987
vn 0.7974 0.3342 0.5024
vn -0.1150 0.9816 -0.1527
vn -0.7428 -0.1753 -0.6461
vn -0.6180 0.2402 0.7486
vn 0.5254 -0.0966 0.8453
vn -0.5592 0.3070 -0.7701
vn -0.0069 0.6480 -0.7616
vn -0.7217 0.6903 0.0522
vn 0.6528 0.0095 0.7575
vn -0.8316 0.4429 0.3352
vn 0.6223 0.4294 -0.6545
vn 0.3624 -0.5562 -0.7479
vn 0.7133 0.6954 -0.0874
vn 0.4449 -0.7087 0.5476
vn 0.4452 -0.7088 0.5472
vn 0.4457 -0.7089 0.5467
vn -0.9162 -0.0331 -0.3993
vn -0.5867 0.5122 -0.6272
vn -0.8118 -0.4999 -0.3018
vn 0.2945 0.9395 0.1752
vn 0.9697 0.1503 -0.1926
vn -0.0881 0.9071 -0.4117
vn -0.6226 0.7823 0.0169
vn -0.7369 -0.4562 -0.4990
vn 0.3959 -0.9123 0.1046
vn 0.8915 -0.1234 -0.4358
vn 0.2449 0.4482 0.8598
vn 0.3774 0.9124 -0.1586
vn -0.8870 0.3229 -0.3302
vn -0.1680 -0.9341 -0.3150
vn 0.1662 -0.7502 0.6400
vn -0.2921 0.7325 0.6149
vn 0.6878 0.3545 -0.6334
vn 0.1830 -0.8959 -0.4049
vn 0.1826 -0.8958 -0.4051
vn -0.1645 -0.9854 0.0446
vn -0.8355 0.0386 0.5482
vn -0.2824 -0.8392 -0.4648
vn -0.2815 -0.8396 -0.4646
vn 0.7324 -0.4966 0.4658
vn 0.7575 -0.6510 0.0482
vn -0.3724 0.9280 -0.0096
vn 0.5031 -0.6173 0.6048
vn 0.7595 0.6497 0.0323
vn 0.7628 -0.6153 -0.1989
vn -0.6266 -0.7434 0.2341
vn -0.5768 -0.1644 0.8002
vn 0.0634 -0.3020 0.9512
vn 0.1122 -0.3525 -0.9290
vn -0.7887 0.3036 0.5345
vn -0.9260 -0.3583 0.1193
vn -0.8528 -0.5175 -0.0698
vn -0.5285 -0.8429 0.1013
vn -0.0711 0.5940 -0.8013
vn -0.2987 0.1754 0.9381
vn 0.0802 0.4858 -0.8704
vn 0.8570 0.2359 0.4581
vn 0.7069 0.4915 0.5087
vn 0.6403 -0.4713 -0.6066
vn 0.8627 -0.5047 0.0334
vn 0.5726 0.4999 -0.6498
vn -0.3144 -0.6514 -0.6906
vn -0.1668 0.7591 0.6292
vn 0.4480 -0.0077 -0.8940
vn -0.5452 0.8345 0.0794
vn 0.0762 0.1925 -0.9783
vn -0.4504 -0.3268 -0.8309
vn 0.5310 0.6763 0.5106
vn 0.5313 0.6765 0.5101
vn -0.0656 0.3347 0.9400
vn 0.0544 0.1978 -0.9787
vn -0.4606 0.6644 -0.5886
vn -0.3396 -0.3986 0.8519
vn -0.6372 -0.3989 0.6594
vn -0.6093 -0.4533 0.6506
vn -0.1607 -0.4347 0.8861
vn -0.7660 0.5357 0.3555
vn 0.3622 -0.9204 0.1474
vn 0.1087 -0.7671 -0.6322
vn -0.4474 0.7326 0.5130
vn -0.2351 -0.5768 -0.7823
vn 0.5518 -0.6232 -0.5542
vn -0.2036 0.6859 -0.6987
vn 0.4248 0.8106 -0.4030
vn 0.2263 -0.8420 0.4898
vn 0.0004 0.6910 0.7228
vn 0.4411 -0.1309 -0.8878
vn -0.4614 0.4308 -0.7756
vn -0.6728 0.7356 0.0790
vn 0.0180 0.4490 -0.8933
vn -0.1566 0.5219 0.8385
vn 0.0666 -0.8763 0.4772
vn -0.7516 -0.5508 0.3629
vn -0.7518 -0.5506 0.3628
vn -0.4497 -0.1444 0.8814
vn 0.4826 -0.3595 -0.7987
vn 0.5881 -0.6299 0.5073
vn 0.1721 -0.0757 0.9822
vn -0.3231 0.0743 0.9435
vn -0.0203 0.9961 0.0857
vn -0.0206 0.9961 0.0856
vn 0.9423 0.3158 -0.1110
vn -0.5821 -0.8067 -0.1015
vn 0.3687 -0.9037 0.2177
vn 0.3690 -0.9034 0.2183
vn 0.3693 -0.9032 0.2187
vn 0.2048 -0.7215 -0.6614
vn 0.6116 -0.7738 0.1647
vn 0.3820 -0.3101 -0.8706
vn 0.2880 -0.4020 0.8692
vn -0.3540 0.5564 0.7517
vn -0.0824 -0.2125 0.9737
vn -0.4199 -0.8909 -0.1729
vn 0.0139 0.3285 -0.9444
vn -0.3209 0.2012 0.9255
vn 0.7447 0.2304 -0.6263
vn 0.3642 0.8863 -0.2862
vn 0.3637 0.8863 -0.2866
vn -0.5037 0.7787 -0.3739
vn -0.4546 0.5410 -0.7076
vn -0.2554 -0.2326 -0.9384
vn -0.0644 -0.9845 0.1631
vn -0.0642 -0.9846 0.1629
vn 0.2992 -0.7609 -0.5757
vn 0.7826 -0.5958 -0.1805
vn 0.5267 -0.4969 -0.6897
vn -0.8688 -0.4037 0.2868
vn 0.7579 0.2213 0.6137
vn -0.1449 0.9558 0.2560
vn -0.7367 0.5571 -0.3833
vn 0.1332 -0.9628 -0.2351
vn -0.6219 0.7825 -0.0288
vn 0.1141 -0.5536 -0.8249
vn -0.6569 0.3417 0.6721
vn 0.2842 -0.9248 0.2532
vn -0.5831 0.6848 0.4370
vn 0.1715 0.0519 0.9838
vn 0.2528 -0.7634 0.5944
vn -0.8011 -0.0591 -0.5955
vn 0.2311 -0.4539 0.8606
vn 0.3870 0.8978 -0.2100
vn 0.5716 -0.5242 -0.6313
vn 0.5332 0.6666 -0.5209
vn -0.6590 -0.6465 0.3844
vn 0.4519 -0.3092 0.8368
vn -0.1079 0.6606 0.7429
vn -0.8815 -0.4674 -0.0668
vn 0.4474 -0.7325 -0.5131
vn -0.5332 -0.6666 0.5210
vn 0.8596 0.1712 0.4814
vn 0.8011 0.0591 0.5955
vn 0.5814 0.6853 0.4386
vn -0.2400 0.1899 -0.9520
vn -0.0970 0.6384 -0.7636
vn -0.4382 -0.7177 -0.5411
vn -0.1975 -0.1443 0.9696
vn -0.9779 0.1873 0.0933
vn 0.8985 -0.0082 -0.4389
vn -0.9387 -0.1212 0.3228
vn 0.2265 -0.3268 -0.9176
vn 0.8815 0.4674 0.0668
vn 0.3591 -0.6599 0.6599
vn 0.5460 0.8253 -0.1437
vn -0.3313 0.8244 0.4590
vn -0.0122 -0.5692 0.8221
vn 0.5357 -0.2415 0.8092
vn -0.3871 -0.8978 0.2100
vn -0.2890 0.8887 0.3559
vn -0.1183 -0.6065 0.7863
vn -0.6527 0.6847 0.3242
vn 0.9407 -0.1603 0.2991
vn -0.9681 -0.0004 -0.2506
vn 0.1128 0.5227 0.8450
vn -0.4516 0.8007 -0.3937
vn -0.6618 0.6389 -0.3922
vn -0.5746 0.4126 0.7069
vn -0.2265 0.3267 0.9176
vn 0.8097 0.3751 -0.4513
vn -0.7297 -0.3170 0.6059
vn -0.4993 0.8619 -0.0888
vn -0.0894 0.9340 -0.3459
vn -0.6102 -0.3915 -0.6887
vn 0.0465 0.2680 0.9623
vn -0.7126 -0.4307 -0.5538
vn 0.4976 -0.8381 -0.2237
vn -0.9417 -0.2046 -0.2671
vn -0.1585 -0.1854 -0.9698
vn 0.4993 -0.8619 0.0888
vn -0.0807 0.2038 -0.9757
vn 0.9983 -0.0196 -0.0545
vn 0.3103 0.0617 -0.9486
vn 0.4047 0.1154 -0.9071
vn 0.6453 -0.7123 0.2760
vn 0.6102 0.3915 0.6888
vn -0.3108 0.9443 0.1085
vn 0.9779 -0.1873 -0.0933
vn -0.3514 -0.9147 -0.1995
vn -0.5167 -0.8385 -0.1731
vn 0.1270 -0.4437 -0.8872
vn 0.7082 -0.6782 -0.1963
vn 0.0807 -0.2038 0.9757
vn 0.4382 0.7177 0.5411
vn 0.7457 -0.6193 -0.2456
vn 0.5681 -0.7396 -0.3610
vn 0.6328 -0.7361 -0.2402
vn -0.0263 -0.4436 0.8958
vn -0.0963 -0.6276 0.7726
vn -0.3591 0.6599 -0.6600
g Palm_7_Palm_7_Collor_Material
usemtl Collor_Material
s off
f 6/1/1 8/2/1 130/3/2 129/4/2
f 132/5/3 12/6/3 2/7/3 127/8/3
f 23/9/4 33/10/4 123/11/4 122/12/4
f 127/13/5 2/14/6 4/15/6 128/16/6
f 38/17/7 48/18/7 94/19/7 93/20/7
f 46/21/8 56/22/8 107/23/8 106/24/8
f 45/25/9 55/26/9 113/27/10 112/28/9
f 44/29/11 54/30/11 119/31/11 118/32/11
f 43/33/12 53/34/12 125/35/12 124/36/12
f 50/37/13 60/38/14 83/39/14 82/40/14
f 131/41/15 10/42/15 12/43/15 132/44/15
f 78/45/16 71/46/17 14/47/18 73/48/17
f 84/49/19 70/50/19 15/51/19 79/52/19
f 90/53/20 69/54/20 16/55/21 85/56/20
f 96/57/22 68/58/23 17/59/24 91/60/23
f 102/61/25 67/62/25 18/63/25 97/64/25
f 168/65/26 138/66/26 133/67/26 163/68/26
f 91/69/27 17/70/27 28/71/27 92/72/27
f 103/73/28 19/74/29 26/75/30 104/76/29
f 115/77/31 21/78/31 24/79/32 116/80/31
f 121/81/33 22/82/33 23/83/33 122/84/33
f 101/85/34 57/86/34 67/87/34 102/88/34
f 120/89/35 64/90/35 21/91/36 115/92/35
f 4/93/37 6/94/37 129/95/37 128/96/37
f 41/97/38 51/98/38 76/99/38 75/100/38
f 40/101/39 50/102/39 82/103/39 81/104/39
f 39/105/40 49/106/40 88/107/41 87/108/40
f 37/109/42 47/110/42 100/111/42 99/112/42
f 35/113/43 45/114/44 112/115/44 111/116/44
f 95/117/45 96/118/45 69/119/45 59/120/45
f 13/121/46 73/122/46 74/123/46 32/124/46
f 75/125/47 76/126/47 52/127/47 42/128/47
f 76/129/48 77/130/48 62/131/48 52/132/48
f 81/133/49 82/134/49 51/135/49 41/136/49
f 68/137/50 102/138/50 97/139/50 17/140/50
f 71/141/51 84/142/51 79/143/51 14/144/51
f 77/145/52 78/146/52 72/147/52 62/148/52
f 82/149/53 83/150/53 61/151/53 51/152/53
f 94/153/54 95/154/54 59/155/54 49/156/54
f 80/157/55 81/158/55 41/159/55 31/160/55
f 15/161/56 85/162/56 86/163/56 30/164/56
f 70/165/57 90/166/57 85/167/57 15/168/57
f 17/169/58 97/170/58 98/171/58 28/172/58
f 87/173/59 88/174/59 50/175/59 40/176/59
f 104/177/60 105/178/60 37/179/60 27/180/60
f 16/181/61 91/182/61 92/183/61 29/184/61
f 69/185/62 96/186/62 91/187/62 16/188/62
f 14/189/63 79/190/63 80/191/63 31/192/63
f 99/193/64 100/194/64 48/195/64 38/196/64
f 19/197/65 109/198/65 110/199/65 26/200/65
f 187/201/66 169/202/66 170/203/66 188/204/66
f 100/205/67 101/206/67 58/207/67 48/208/67
f 101/209/68 102/210/68 68/211/68 58/212/68
f 107/213/69 108/214/69 67/215/69 57/216/69
f 18/217/70 103/218/70 104/219/70 27/220/70
f 67/221/71 108/222/71 103/223/71 18/224/71
f 66/225/72 114/226/72 109/227/72 19/228/72
f 111/229/73 112/230/73 46/231/73 36/232/73
f 65/233/74 120/234/74 115/235/74 20/236/74
f 105/237/75 106/238/75 47/239/75 37/240/75
f 98/241/76 99/242/76 38/243/76 28/244/76
f 55/245/77 119/246/77 120/247/77 65/248/77
f 112/249/78 113/250/78 56/251/78 46/252/78
f 117/253/79 118/254/80 45/255/80 35/256/80
f 54/257/81 125/258/81 126/259/81 64/260/81
f 110/261/82 111/262/82 36/263/82 26/264/82
f 118/265/83 119/266/83 55/267/83 45/268/83
f 123/269/84 124/270/84 44/271/84 34/272/84
f 116/273/85 117/274/85 35/275/85 25/276/85
f 124/277/86 125/278/86 54/279/86 44/280/86
f 122/281/87 123/282/87 34/283/87 24/284/87
f 130/285/88 131/286/88 53/287/88 43/288/88
f 63/289/89 132/290/90 127/291/90 22/292/90
f 22/293/91 127/294/91 128/295/92 23/296/91
f 141/297/93 143/298/93 159/299/93 158/300/93
f 163/301/94 133/302/95 134/303/96 164/304/97
f 33/305/98 43/306/98 124/307/98 123/308/98
f 147/309/99 149/310/99 162/311/99 161/312/99
f 136/313/100 137/314/100 167/315/100 166/316/100
f 146/317/101 148/318/102 155/319/103 154/320/101
f 145/321/104 147/322/105 161/323/105 160/324/105
f 135/325/106 136/326/107 166/327/108 165/328/108
f 151/329/109 139/330/110 142/331/111 152/332/111
f 157/333/112 140/334/113 141/335/112 158/336/112
f 156/337/114 150/338/114 139/339/114 151/340/114
f 162/341/115 149/342/116 140/343/116 157/344/117
f 159/345/118 160/346/118 146/347/118 144/348/118
f 148/349/119 161/350/119 162/351/119 150/352/119
f 150/353/120 162/354/120 157/355/120 139/356/120
f 160/357/121 161/358/121 148/359/121 146/360/121
f 189/361/122 190/362/122 178/363/122 177/364/122
f 149/365/123 168/366/123 163/367/123 140/368/123
f 140/369/124 163/370/124 164/371/124 141/372/124
f 12/373/125 156/374/126 151/375/127 2/376/126
f 10/377/128 8/378/128 154/379/128 155/380/128
f 8/381/129 6/382/129 153/383/129 154/384/129
f 192/385/130 174/386/130 169/387/130 187/388/130
f 10/389/131 155/390/131 156/391/131 12/392/131
f 113/393/132 114/394/132 66/395/132 56/396/132
f 171/397/133 172/398/133 190/399/133 189/400/133
f 93/401/134 94/402/134 49/403/134 39/404/134
f 172/405/135 173/406/135 191/407/135 190/408/135
f 178/409/136 179/410/136 185/411/136 184/412/136
f 181/413/137 175/414/137 176/415/137 182/416/137
f 85/417/138 16/418/138 29/419/138 86/420/138
f 190/421/139 191/422/139 179/423/139 178/424/139
f 158/425/140 159/426/140 144/427/140 142/428/140
f 175/429/141 187/430/141 188/431/141 176/432/141
f 181/433/142 133/434/142 138/435/142 186/436/142
f 167/437/143 168/438/143 149/439/143 147/440/143
f 182/441/144 134/442/144 133/443/144 181/444/144
f 184/445/145 185/446/145 137/447/145 136/448/145
f 188/449/146 189/450/146 177/451/146 176/452/146
f 180/453/147 192/454/147 187/455/147 175/456/147
f 166/457/148 167/458/148 147/459/148 145/460/148
f 179/461/149 191/462/149 192/463/149 180/464/149
f 89/465/150 90/466/150 70/467/150 60/468/150
f 2/469/151 151/470/152 152/471/152 4/472/152
f 30/473/153 86/474/153 87/475/153 40/476/153
f 20/477/154 115/478/154 116/479/154 25/480/154
f 29/481/155 92/482/155 93/483/155 39/484/155
f 6/485/156 4/486/156 152/487/156 153/488/156
f 139/489/157 157/490/157 158/491/158 142/492/157
f 106/493/159 107/494/159 57/495/159 47/496/159
f 64/497/160 126/498/160 121/499/160 21/500/160
f 23/501/161 128/502/161 129/503/161 33/504/161
f 129/505/162 130/506/162 43/507/162 33/508/162
f 72/509/163 78/510/163 73/511/163 13/512/163
f 61/513/164 83/514/164 84/515/164 71/516/164
f 131/517/165 132/518/165 63/519/165 53/520/165
f 21/521/166 121/522/166 122/523/167 24/524/166
f 74/525/168 75/526/168 42/527/168 32/528/168
f 88/529/169 89/530/169 60/531/169 50/532/169
f 56/533/170 66/534/170 108/535/170 107/536/170
f 58/537/171 68/538/171 96/539/171 95/540/171
f 186/541/172 180/542/172 175/543/172 181/544/172
f 165/545/173 166/546/173 145/547/173 143/548/173
f 29/549/174 39/550/174 87/551/174 86/552/174
f 5/553/175 42/554/175 52/555/175 7/556/175
f 97/557/176 18/558/176 27/559/176 98/560/176
f 55/561/177 65/562/177 114/563/177 113/564/177
f 126/565/178 63/566/179 22/567/179 121/568/179
f 53/569/180 63/570/180 126/571/180 125/572/180
f 48/573/181 58/574/181 95/575/181 94/576/181
f 144/577/182 146/578/183 154/579/184 153/580/185
f 143/581/186 145/582/187 160/583/188 159/584/189
f 54/585/190 64/586/190 120/587/190 119/588/190
f 108/589/191 66/590/191 19/591/191 103/592/191
f 104/593/192 26/594/192 36/595/192 105/596/192
f 36/597/193 46/598/193 106/599/193 105/600/193
f 73/601/194 14/602/194 31/603/194 74/604/194
f 27/605/195 37/606/195 99/607/195 98/608/195
f 31/609/196 41/610/196 75/611/196 74/612/196
f 72/613/197 13/614/198 1/615/198 11/616/198
f 114/617/199 65/618/199 20/619/199 109/620/199
f 79/621/200 15/622/201 30/623/201 80/624/201
f 182/625/202 183/626/202 135/627/202 134/628/202
f 9/629/203 62/630/203 72/631/203 11/632/203
f 92/633/204 28/634/204 38/635/204 93/636/204
f 186/637/205 138/638/205 137/639/205 185/640/205
f 7/641/206 52/642/207 62/643/207 9/644/207
f 32/645/208 42/646/208 5/647/208 3/648/208
f 49/649/209 59/650/209 89/651/209 88/652/209
f 89/653/210 59/654/210 69/655/210 90/656/210
f 60/657/211 70/658/211 84/659/211 83/660/211
f 177/661/212 178/662/212 184/663/212 183/664/212
f 8/665/213 10/666/213 131/667/213 130/668/213
f 47/669/214 57/670/215 101/671/215 100/672/215
f 183/673/216 184/674/216 136/675/216 135/676/216
f 109/677/217 20/678/217 25/679/218 110/680/217
f 30/681/219 40/682/219 81/683/219 80/684/219
f 116/685/220 24/686/220 34/687/220 117/688/220
f 34/689/221 44/690/221 118/691/221 117/692/221
f 164/693/222 165/694/222 143/695/222 141/696/222
f 110/697/223 25/698/223 35/699/223 111/700/223
f 51/701/224 61/702/225 77/703/226 76/704/225
f 61/705/227 71/706/227 78/707/227 77/708/227
f 179/709/228 180/710/228 186/711/228 185/712/228
f 13/713/229 32/714/230 3/715/230 1/716/230
f 164/717/231 134/718/231 135/719/231 165/720/231
f 188/721/232 170/722/232 171/723/232 189/724/232
f 152/725/233 142/726/233 144/727/233 153/728/233
f 137/729/234 138/730/234 168/731/234 167/732/234
f 182/733/235 176/734/235 177/735/235 183/736/235
f 148/737/236 150/738/236 156/739/236 155/740/236
f 173/741/237 174/742/237 192/743/237 191/744/237
f 631/745/238 635/746/238 623/747/238 639/748/238
f 827/749/239 521/750/239 534/751/239 840/752/239
f 527/753/240 529/754/240 530/755/240 525/756/240
f 667/757/241 669/758/242 363/759/242 361/760/243
f 825/761/244 817/762/245 820/763/245 810/764/245
f 849/765/246 543/766/246 542/767/246 848/768/246
f 556/769/247 544/770/247 552/771/247 550/772/247
f 468/773/248 467/774/248 773/775/248 774/776/248
f 812/777/249 506/778/249 508/779/249 814/780/249
f 646/781/250 340/782/250 342/783/250 648/784/250
f 524/785/251 533/786/251 530/787/251 536/788/251
f 802/789/252 496/790/252 486/791/252 792/792/252
f 682/793/253 681/794/253 665/795/253 677/796/253
f 905/797/254 599/798/254 583/799/254 889/800/254
f 533/801/255 531/802/255 523/803/255 539/804/255
f 354/805/256 355/806/256 661/807/256 660/808/256
f 822/809/257 516/810/257 506/811/257 812/812/257
f 422/813/258 434/814/258 740/815/258 728/816/258
f 584/817/259 595/818/259 901/819/259 890/820/259
f 811/821/260 813/822/260 507/823/260 505/824/260
f 345/825/261 348/826/261 335/827/261 346/828/261
f 581/829/262 591/830/262 590/831/263 593/832/262
f 457/833/264 444/834/264 446/835/264 448/836/264
f 873/837/265 874/838/265 568/839/265 567/840/265
f 451/841/266 454/842/266 442/843/266 459/844/266
f 836/845/267 835/846/267 833/847/267 831/848/267
f 903/849/268 901/850/268 595/851/268 597/852/268
f 548/853/269 547/854/269 853/855/269 854/856/269
f 870/857/270 564/858/270 575/859/270 881/860/270
f 706/861/271 400/862/271 399/863/271 705/864/271
f 882/865/272 576/866/272 566/867/272 872/868/272
f 747/869/273 748/870/273 442/871/273 441/872/273
f 412/873/274 410/874/275 398/875/276 408/876/276
f 772/877/277 466/878/277 468/879/277 774/880/277
f 381/881/278 396/882/278 387/883/278 392/884/278
f 727/885/279 736/886/280 430/887/280 421/888/280
f 592/889/281 590/890/281 583/891/281 599/892/281
f 601/893/282 612/894/283 918/895/283 907/896/284
f 878/897/285 885/898/286 869/899/285 876/900/285
f 619/901/287 614/902/287 603/903/287 618/904/287
f 682/905/288 376/906/288 375/907/288 681/908/288
f 763/909/289 754/910/289 752/911/289 750/912/289
f 653/913/290 347/914/290 353/915/290 659/916/290
f 836/917/291 842/918/291 536/919/291 530/920/291
f 907/921/292 906/922/292 600/923/292 601/924/292
f 450/925/293 449/926/294 439/927/294 441/928/294
f 531/929/295 532/930/295 522/931/295 523/932/295
f 517/933/296 505/934/296 510/935/296 519/936/296
f 357/937/297 368/938/297 371/939/297 369/940/297
f 935/941/298 629/942/298 637/943/298 943/944/298
f 785/945/299 479/946/299 478/947/299 784/948/299
f 355/949/300 367/950/300 368/951/300 357/952/300
f 352/953/301 339/954/301 344/955/301 347/956/301
f 555/957/302 551/958/302 542/959/302 543/960/302
f 718/961/303 706/962/303 705/963/303 714/964/303
f 642/965/304 336/966/304 334/967/304 640/968/304
f 848/969/305 542/970/305 540/971/305 846/972/305
f 836/973/306 831/974/306 844/975/306 839/976/306
f 645/977/307 647/978/307 341/979/307 339/980/307
f 713/981/308 708/982/308 721/983/308 715/984/308
f 672/985/309 667/986/309 680/987/309 682/988/309
f 641/989/310 640/990/310 334/991/310 335/992/310
f 438/993/311 449/994/311 450/995/311 440/996/311
f 663/997/312 675/998/312 677/999/312 674/1000/312
f 941/1001/313 635/1002/313 634/1003/313 940/1004/313
f 345/1005/314 346/1006/314 336/1007/314 337/1008/314
f 346/1009/315 334/1010/315 336/1011/315
f 341/1012/316 342/1013/316 343/1014/316
f 340/1015/317 343/1016/317 342/1017/317
f 334/1018/318 346/1019/318 335/1020/318
f 367/1021/319 354/1022/319 356/1023/319
f 363/1024/320 364/1025/320 365/1026/320
f 362/1027/321 365/1028/321 364/1029/321
f 354/1030/322 367/1031/322 355/1032/322
f 388/1033/323 377/1034/323 379/1035/323
f 384/1036/324 385/1037/324 386/1038/324
f 383/1039/325 386/1040/325 385/1041/325
f 377/1042/326 388/1043/326 378/1044/326
f 408/1045/327 397/1046/327 399/1047/327
f 404/1048/328 405/1049/328 406/1050/328
f 403/1051/329 406/1052/329 405/1053/329
f 397/1054/330 408/1055/330 398/1056/330
f 600/1057/331 611/1058/331 601/1059/331
f 424/1060/332 425/1061/332 428/1062/332
f 423/1063/333 428/1064/333 425/1065/333
f 419/1066/334 427/1067/334 417/1068/334
f 449/1069/335 437/1070/335 439/1071/335
f 446/1072/336 447/1073/336 448/1074/336
f 445/1075/337 448/1076/337 447/1077/337
f 437/1078/338 449/1079/338 438/1080/338
f 470/1081/339 460/1082/339 462/1083/339
f 467/1084/340 468/1085/340 469/1086/340
f 466/1087/341 469/1088/341 468/1089/341
f 460/1090/342 470/1091/342 461/1092/342
f 491/1093/343 480/1094/343 482/1095/343
f 487/1096/344 488/1097/344 489/1098/344
f 486/1099/345 489/1100/345 488/1101/345
f 480/1102/346 491/1103/346 481/1104/346
f 512/1105/347 500/1106/347 502/1107/347
f 507/1108/348 508/1109/348 509/1110/348
f 506/1111/349 509/1112/349 508/1113/349
f 500/1114/350 512/1115/350 501/1116/350
f 532/1117/351 520/1118/351 522/1119/351
f 527/1120/352 528/1121/352 529/1122/352
f 526/1123/353 529/1124/353 528/1125/353
f 520/1126/354 532/1127/354 521/1128/354
f 551/1129/355 540/1130/355 542/1131/355
f 547/1132/356 548/1133/356 549/1134/356
f 546/1135/357 549/1136/357 548/1137/357
f 540/1138/358 551/1139/358 541/1140/358
f 571/1141/359 560/1142/359 562/1143/359
f 567/1144/360 568/1145/360 569/1146/360
f 566/1147/361 569/1148/361 568/1149/361
f 560/1150/362 571/1151/362 561/1152/362
f 611/1153/363 600/1154/363 602/1155/363
f 591/1156/364 580/1157/364 582/1158/364
f 587/1159/365 588/1160/365 589/1161/365
f 586/1162/366 589/1163/366 588/1164/366
f 580/1165/367 591/1166/367 581/1167/367
f 607/1168/368 608/1169/368 609/1170/368
f 606/1171/369 609/1172/369 608/1173/369
f 630/1174/370 620/1175/370 622/1176/370
f 627/1177/371 628/1178/371 632/1179/371
f 626/1180/372 632/1181/372 628/1182/372
f 620/1183/373 630/1184/373 621/1185/373
f 427/1186/374 418/1187/374 417/1188/374
f 652/1189/375 642/1190/375 640/1191/375
f 647/1192/376 649/1193/376 648/1194/376
f 646/1195/377 648/1196/377 649/1197/377
f 640/1198/378 641/1199/378 652/1200/378
f 673/1201/379 662/1202/379 660/1203/379
f 669/1204/380 671/1205/380 670/1206/380
f 668/1207/381 670/1208/381 671/1209/381
f 660/1210/382 661/1211/382 673/1212/382
f 694/1213/383 685/1214/383 683/1215/383
f 690/1216/384 692/1217/384 691/1218/384
f 689/1219/385 691/1220/385 692/1221/385
f 683/1222/386 684/1223/386 694/1224/386
f 714/1225/387 705/1226/387 703/1227/387
f 710/1228/388 712/1229/388 711/1230/388
f 709/1231/389 711/1232/389 712/1233/389
f 703/1234/390 704/1235/390 714/1236/390
f 906/1237/391 907/1238/391 917/1239/391
f 730/1240/392 734/1241/392 731/1242/392
f 729/1243/393 731/1244/393 734/1245/393
f 725/1246/394 723/1247/394 733/1248/394
f 755/1249/395 745/1250/395 743/1251/395
f 752/1252/396 754/1253/396 753/1254/396
f 751/1255/397 753/1256/397 754/1257/397
f 743/1258/398 744/1259/398 755/1260/398
f 776/1261/399 768/1262/399 766/1263/399
f 773/1264/400 775/1265/400 774/1266/400
f 772/1267/401 774/1268/401 775/1269/401
f 766/1270/402 767/1271/402 776/1272/402
f 797/1273/403 788/1274/403 786/1275/403
f 793/1276/404 795/1277/404 794/1278/404
f 792/1279/405 794/1280/405 795/1281/405
f 786/1282/406 787/1283/406 797/1284/406
f 818/1285/407 808/1286/407 806/1287/407
f 813/1288/408 815/1289/408 814/1290/408
f 812/1291/409 814/1292/409 815/1293/409
f 806/1294/410 807/1295/410 818/1296/410
f 838/1297/411 828/1298/411 826/1299/411
f 833/1300/412 835/1301/412 834/1302/412
f 832/1303/413 834/1304/413 835/1305/413
f 826/1306/414 827/1307/414 838/1308/414
f 857/1309/415 848/1310/415 846/1311/415
f 853/1312/416 855/1313/416 854/1314/416
f 852/1315/417 854/1316/417 855/1317/417
f 846/1318/418 847/1319/418 857/1320/418
f 877/1321/419 868/1322/419 866/1323/419
f 873/1324/420 875/1325/420 874/1326/420
f 872/1327/421 874/1328/421 875/1329/421
f 866/1330/422 867/1331/422 877/1332/422
f 917/1333/423 908/1334/423 906/1335/423
f 897/1336/424 888/1337/424 886/1338/424
f 893/1339/425 895/1340/425 894/1341/425
f 892/1342/426 894/1343/426 895/1344/426
f 886/1345/427 887/1346/427 897/1347/427
f 913/1348/428 915/1349/428 914/1350/428
f 912/1351/429 914/1352/429 915/1353/429
f 936/1354/430 928/1355/430 926/1356/430
f 933/1357/431 938/1358/431 934/1359/431
f 932/1360/432 934/1361/432 938/1362/432
f 926/1363/433 927/1364/433 936/1365/433
f 733/1366/434 723/1367/434 724/1368/434
f 707/1369/435 717/1370/436 411/1371/435 401/1372/435
f 490/1373/437 485/1374/437 487/1375/437 489/1376/437
f 945/1377/438 639/1378/438 623/1379/438 929/1380/438
f 742/1381/439 740/1382/439 434/1383/439 436/1384/439
f 595/1385/440 584/1386/441 592/1387/442 597/1388/443
f 805/1389/444 804/1390/444 789/1391/444 800/1392/444
f 704/1393/445 398/1394/445 410/1395/445 716/1396/445
f 891/1397/446 893/1398/446 587/1399/446 585/1400/446
f 816/1401/447 815/1402/447 813/1403/447 811/1404/447
f 789/1405/448 804/1406/448 498/1407/448 483/1408/448
f 677/1409/449 371/1410/449 370/1411/449 676/1412/449
f 621/1413/450 630/1414/450 635/1415/450 633/1416/450
f 488/1417/451 487/1418/451 793/1419/451 794/1420/451
f 782/1421/452 771/1422/452 783/1423/452 785/1424/452
f 920/1425/453 909/1426/453 908/1427/454 917/1428/453
f 411/1429/455 412/1430/455 409/1431/455 401/1432/455
f 809/1433/456 824/1434/456 518/1435/456 503/1436/456
f 717/1437/457 707/1438/457 715/1439/457 718/1440/457
f 769/1441/458 463/1442/458 462/1443/458 768/1444/458
f 861/1445/459 857/1446/459 847/1447/459 859/1448/459
f 839/1449/460 845/1450/460 829/1451/460 837/1452/460
f 832/1453/461 526/1454/461 528/1455/461 834/1456/461
f 902/1457/462 596/1458/462 586/1459/462 892/1460/462
f 892/1461/463 586/1462/463 588/1463/463 894/1464/463
f 880/1465/464 870/1466/465 878/1467/465 876/1468/466
f 577/1469/467 569/1470/468 566/1471/467 576/1472/469
f 464/1473/470 479/1474/470 476/1475/470 474/1476/470
f 687/1477/471 696/1478/472 390/1479/473 381/1480/474
f 663/1481/475 357/1482/475 369/1483/475 675/1484/475
f 621/1485/476 633/1486/476 939/1487/476 927/1488/476
f 767/1489/477 461/1490/477 471/1491/477 777/1492/477
f 810/1493/478 504/1494/478 515/1495/478 821/1496/478
f 742/1497/479 741/1498/479 726/1499/480 737/1500/479
f 726/1501/481 741/1502/482 435/1503/482 420/1504/482
f 663/1505/483 661/1506/483 355/1507/483 357/1508/483
f 339/1509/484 352/1510/484 658/1511/484 645/1512/484
f 385/1513/485 384/1514/485 690/1515/485 691/1516/485
f 769/1517/486 784/1518/486 478/1519/486 463/1520/486
f 610/1521/487 605/1522/487 607/1523/487 609/1524/487
f 693/1525/488 692/1526/488 690/1527/488 688/1528/488
f 757/1529/489 760/1530/489 759/1531/489 749/1532/489
f 767/1533/490 766/1534/490 460/1535/490 461/1536/490
f 666/1537/491 676/1538/491 370/1539/491 360/1540/491
f 760/1541/492 758/1542/492 452/1543/492 454/1544/492
f 651/1545/493 643/1546/493 642/1547/493 652/1548/493
f 737/1549/494 726/1550/494 725/1551/494 733/1552/494
f 836/1553/495 530/1554/495 537/1555/495 843/1556/495
f 674/1557/496 664/1558/496 662/1559/496 673/1560/496
f 856/1561/497 851/1562/497 864/1563/498 858/1564/497
f 684/1565/499 695/1566/499 697/1567/499 694/1568/499
f 454/1569/500 450/1570/500 441/1571/500 442/1572/500
f 779/1573/501 473/1574/501 472/1575/501 778/1576/501
f 887/1577/502 886/1578/502 580/1579/502 581/1580/502
f 828/1581/503 522/1582/503 520/1583/503 826/1584/503
f 578/1585/504 565/1586/504 577/1587/504 572/1588/504
f 628/1589/505 627/1590/505 933/1591/505 934/1592/505
f 561/1593/506 573/1594/506 879/1595/506 867/1596/506
f 789/1597/507 483/1598/507 482/1599/507 788/1600/507
f 829/1601/508 845/1602/509 539/1603/509 523/1604/509
f 825/1605/510 824/1606/510 809/1607/510 817/1608/510
f 921/1609/511 916/1610/511 925/1611/511 910/1612/511
f 869/1613/512 885/1614/512 579/1615/512 563/1616/512
f 757/1617/513 765/1618/513 748/1619/513 760/1620/513
f 810/1621/514 820/1622/515 514/1623/516 504/1624/517
f 590/1625/518 591/1626/518 582/1627/518 583/1628/518
f 437/1629/519 438/1630/519 744/1631/519 743/1632/519
f 751/1633/520 445/1634/520 447/1635/520 753/1636/520
f 920/1637/521 918/1638/521 612/1639/521 614/1640/521
f 696/1641/522 687/1642/522 702/1643/522 697/1644/522
f 876/1645/523 570/1646/523 574/1647/523 880/1648/523
f 697/1649/524 695/1650/524 389/1651/524 391/1652/524
f 469/1653/525 466/1654/525 475/1655/525 476/1656/525
f 685/1657/526 379/1658/526 377/1659/526 683/1660/526
f 800/1661/527 798/1662/527 492/1663/527 494/1664/527
f 641/1665/528 335/1666/528 348/1667/528 654/1668/528
f 479/1669/529 473/1670/529 463/1671/529 478/1672/529
f 729/1673/530 423/1674/530 425/1675/530 731/1676/530
f 382/1677/531 394/1678/531 700/1679/531 688/1680/531
f 843/1681/532 537/1682/532 526/1683/532 832/1684/532
f 931/1685/533 933/1686/533 627/1687/533 625/1688/533
f 608/1689/534 607/1690/534 913/1691/534 914/1692/534
f 665/1693/535 681/1694/535 375/1695/535 359/1696/535
f 896/1697/536 899/1698/536 593/1699/536 590/1700/536
f 636/1701/537 624/1702/537 631/1703/537 629/1704/537
f 672/1705/538 366/1706/538 373/1707/538 679/1708/538
f 433/1709/539 426/1710/539 428/1711/539 423/1712/539
f 557/1713/540 550/1714/540 549/1715/540 546/1716/540
f 704/1717/541 703/1718/541 397/1719/541 398/1720/541
f 456/1721/542 457/1722/542 448/1723/542 445/1724/542
f 937/1725/543 944/1726/543 638/1727/543 631/1728/543
f 693/1729/544 688/1730/544 700/1731/544 702/1732/544
f 816/1733/545 811/1734/545 823/1735/545 825/1736/545
f 715/1737/546 721/1738/546 415/1739/546 409/1740/546
f 919/1741/547 910/1742/548 925/1743/549 920/1744/548
f 768/1745/550 462/1746/550 460/1747/550 766/1748/550
f 677/1749/551 675/1750/551 369/1751/551 371/1752/551
f 757/1753/552 451/1754/552 459/1755/552 765/1756/552
f 822/1757/553 812/1758/553 815/1759/553 816/1760/553
f 361/1761/554 374/1762/555 680/1763/555 667/1764/556
f 837/1765/557 531/1766/557 535/1767/557 841/1768/557
f 672/1769/558 678/1770/558 372/1771/558 366/1772/558
f 494/1773/559 492/1774/559 481/1775/559 491/1776/559
f 509/1777/560 506/1778/560 516/1779/561 510/1780/560
f 657/1781/562 351/1782/562 340/1783/562 646/1784/562
f 767/1785/563 777/1786/563 779/1787/563 776/1788/563
f 883/1789/564 882/1790/565 872/1791/566 875/1792/566
f 511/1793/567 512/1794/567 502/1795/567 503/1796/567
f 817/1797/568 809/1798/568 808/1799/568 818/1800/568
f 867/1801/569 866/1802/569 560/1803/569 561/1804/569
f 928/1805/570 622/1806/570 620/1807/570 926/1808/570
f 413/1809/571 401/1810/571 409/1811/571 407/1812/571
f 572/1813/572 577/1814/572 575/1815/572 564/1816/572
f 930/1817/573 624/1818/573 636/1819/573 942/1820/573
f 850/1821/574 860/1822/575 554/1823/575 544/1824/575
f 887/1825/576 899/1826/577 896/1827/578 897/1828/577
f 858/1829/579 865/1830/579 849/1831/579 861/1832/579
f 443/1833/580 451/1834/580 457/1835/580 455/1836/580
f 634/1837/581 635/1838/582 631/1839/581 624/1840/581
f 672/1841/583 671/1842/583 669/1843/583 667/1844/583
f 796/1845/584 801/1846/584 495/1847/584 490/1848/584
f 903/1849/585 891/1850/585 904/1851/586 898/1852/585
f 922/1853/587 912/1854/587 915/1855/587 916/1856/587
f 650/1857/588 344/1858/588 351/1859/589 657/1860/588
f 869/1861/590 563/1862/590 562/1863/590 868/1864/590
f 837/1865/591 838/1866/592 827/1867/592 840/1868/592
f 932/1869/593 626/1870/593 628/1871/593 934/1872/593
f 799/1873/594 790/1874/594 805/1875/594 800/1876/594
f 344/1877/595 339/1878/595 341/1879/595 343/1880/595
f 643/1881/596 337/1882/596 336/1883/596 642/1884/596
f 617/1885/597 605/1886/597 610/1887/597 619/1888/597
f 702/1889/598 700/1890/598 394/1891/598 396/1892/598
f 708/1893/599 710/1894/599 404/1895/599 402/1896/599
f 850/1897/600 544/1898/600 556/1899/600 862/1900/600
f 728/1901/601 730/1902/601 424/1903/601 422/1904/601
f 447/1905/602 446/1906/602 752/1907/602 753/1908/602
f 499/1909/603 484/1910/603 493/1911/604 494/1912/603
f 830/1913/605 841/1914/605 535/1915/605 524/1916/606
f 796/1917/607 805/1918/607 790/1919/607 801/1920/607
f 366/1921/608 376/1922/608 374/1923/608 361/1924/608
f 825/1925/609 823/1926/609 517/1927/609 519/1928/609
f 785/1929/610 784/1930/610 769/1931/610 779/1932/610
f 754/1933/611 763/1934/611 762/1935/611 751/1936/611
f 830/1937/612 524/1938/612 536/1939/612 842/1940/612
f 644/1941/613 338/1942/613 350/1943/613 656/1944/613
f 781/1945/614 772/1946/614 775/1947/614 782/1948/614
f 763/1949/615 457/1950/615 456/1951/615 762/1952/615
f 901/1953/616 903/1954/617 898/1955/618 890/1956/618
f 816/1957/619 821/1958/619 515/1959/619 510/1960/619
f 732/1961/620 738/1962/620 432/1963/620 426/1964/620
f 935/1965/621 942/1966/621 636/1967/621 629/1968/621
f 736/1969/622 727/1970/622 742/1971/623 737/1972/622
f 653/1973/624 658/1974/624 352/1975/624 347/1976/624
f 597/1977/625 585/1978/625 587/1979/625 589/1980/625
f 782/1981/626 476/1982/626 475/1983/626 781/1984/626
f 912/1985/627 606/1986/627 608/1987/627 914/1988/627
f 941/1989/628 939/1990/628 633/1991/628 635/1992/628
f 750/1993/629 752/1994/630 446/1995/630 444/1996/631
f 907/1997/632 918/1998/632 920/1999/633 917/2000/632
f 757/2001/634 764/2002/634 458/2003/634 451/2004/634
f 925/2005/635 923/2006/635 617/2007/635 619/2008/635
f 581/2009/636 593/2010/636 899/2011/636 887/2012/636
f 916/2013/637 915/2014/637 913/2015/637 911/2016/637
f 792/2017/638 486/2018/638 488/2019/638 794/2020/638
f 702/2021/639 396/2022/639 395/2023/639 701/2024/639
f 940/2025/640 930/2026/640 937/2027/641 941/2028/640
f 570/2029/642 571/2030/643 562/2031/643 563/2032/643
f 779/2033/644 777/2034/644 471/2035/644 473/2036/644
f 644/2037/645 655/2038/645 349/2039/645 338/2040/645
f 770/2041/646 464/2042/646 474/2043/646 780/2044/646
f 718/2045/647 412/2046/647 411/2047/647 717/2048/647
f 601/2049/648 611/2050/648 614/2051/649 612/2052/648
f 499/2053/650 494/2054/650 483/2055/650 498/2056/650
f 479/2057/651 464/2058/651 472/2059/651 473/2060/651
f 876/2061/652 879/2062/652 573/2063/652 570/2064/652
f 889/2065/653 583/2066/653 582/2067/653 888/2068/653
f 788/2069/654 482/2070/654 480/2071/654 786/2072/654
f 911/2073/655 913/2074/656 607/2075/656 605/2076/657
f 891/2077/658 585/2078/658 598/2079/658 904/2080/658
f 380/2081/659 379/2082/659 685/2083/659 686/2084/659
f 661/2085/660 663/2086/660 674/2087/660 673/2088/660
f 732/2089/661 742/2090/661 727/2091/661 738/2092/661
f 365/2093/662 362/2094/662 373/2095/662 366/2096/662
f 538/2097/663 525/2098/663 530/2099/663 533/2100/663
f 342/2101/664 341/2102/664 647/2103/664 648/2104/664
f 497/2105/665 485/2106/665 490/2107/665 499/2108/665
f 911/2109/666 605/2110/667 617/2111/668 923/2112/668
f 858/2113/669 552/2114/669 559/2115/669 865/2116/669
f 514/2117/670 511/2118/670 519/2119/670 504/2120/670
f 821/2121/671 816/2122/671 825/2123/671 810/2124/671
f 837/2125/672 829/2126/672 828/2127/672 838/2128/672
f 763/2129/673 750/2130/673 764/2131/673 757/2132/673
f 898/2133/674 905/2134/675 889/2135/675 896/2136/675
f 386/2137/676 383/2138/676 393/2139/677 387/2140/676
f 682/2141/678 677/2142/679 676/2143/680 666/2144/679
f 724/2145/681 418/2146/682 429/2147/683 735/2148/683
f 709/2149/684 403/2150/684 405/2151/684 711/2152/684
f 888/2153/685 582/2154/685 580/2155/685 886/2156/685
f 430/2157/686 431/2158/686 436/2159/686 421/2160/686
f 873/2161/687 871/2162/687 883/2163/687 875/2164/687
f 619/2165/688 610/2166/688 615/2167/688 604/2168/688
f 870/2169/689 880/2170/689 574/2171/689 564/2172/689
f 778/2173/690 770/2174/691 785/2175/692 779/2176/690
f 391/2177/693 388/2178/693 379/2179/693 380/2180/693
f 693/2181/694 387/2182/694 393/2183/694 699/2184/694
f 378/2185/695 388/2186/695 391/2187/695 389/2188/695
f 519/2189/696 511/2190/696 503/2191/697 518/2192/696
f 705/2193/698 399/2194/698 397/2195/698 703/2196/698
f 431/2197/699 427/2198/700 419/2199/700 420/2200/700
f 724/2201/701 735/2202/702 737/2203/703 733/2204/702
f 376/2205/704 371/2206/704 359/2207/704 375/2208/704
f 405/2209/705 404/2210/705 710/2211/705 711/2212/705
f 856/2213/706 855/2214/706 853/2215/706 851/2216/706
f 863/2217/707 852/2218/707 855/2219/707 856/2220/707
f 878/2221/708 884/2222/708 578/2223/708 572/2224/708
f 890/2225/709 900/2226/709 594/2227/709 584/2228/709
f 831/2229/710 833/2230/710 527/2231/710 525/2232/710
f 898/2233/711 904/2234/711 598/2235/711 592/2236/711
f 837/2237/712 840/2238/712 534/2239/712 531/2240/712
f 763/2241/713 761/2242/713 455/2243/713 457/2244/713
f 664/2245/714 358/2246/715 356/2247/714 662/2248/714
f 424/2249/716 428/2250/716 426/2251/716 422/2252/716
f 697/2253/717 391/2254/717 390/2255/717 696/2256/717
f 749/2257/718 759/2258/719 453/2259/718 443/2260/718
f 394/2261/720 382/2262/720 387/2263/720 396/2264/720
f 650/2265/721 649/2266/721 647/2267/721 645/2268/721
f 496/2269/722 490/2270/723 489/2271/723 486/2272/723
f 434/2273/724 422/2274/724 426/2275/724 436/2276/724
f 856/2277/725 550/2278/725 557/2279/725 863/2280/725
f 650/2281/726 656/2282/726 350/2283/726 344/2284/726
f 779/2285/727 769/2286/727 768/2287/727 776/2288/727
f 827/2289/728 826/2290/728 520/2291/728 521/2292/728
f 371/2293/729 368/2294/729 358/2295/729 359/2296/729
f 861/2297/730 849/2298/730 848/2299/730 857/2300/730
f 476/2301/731 479/2302/731 477/2303/731 465/2304/731
f 507/2305/732 509/2306/732 510/2307/732 505/2308/732
f 782/2309/733 785/2310/733 770/2311/733 780/2312/733
f 896/2313/734 889/2314/734 888/2315/734 897/2316/734
f 453/2317/735 454/2318/736 451/2319/737 443/2320/736
f 749/2321/738 443/2322/738 455/2323/738 761/2324/738
f 903/2325/739 597/2326/739 596/2327/739 902/2328/739
f 876/2329/740 877/2330/740 867/2331/740 879/2332/740
f 650/2333/741 645/2334/741 658/2335/741 653/2336/741
f 693/2337/742 702/2338/742 687/2339/742 698/2340/742
f 916/2341/743 610/2342/743 616/2343/743 922/2344/743
f 349/2345/744 345/2346/744 347/2347/745 338/2348/744
f 461/2349/746 470/2350/746 473/2351/746 471/2352/746
f 796/2353/747 490/2354/747 496/2355/747 802/2356/747
f 425/2357/748 424/2358/748 730/2359/748 731/2360/748
f 732/2361/749 734/2362/749 730/2363/749 728/2364/749
f 686/2365/750 701/2366/750 395/2367/750 380/2368/750
f 596/2369/751 597/2370/751 589/2371/751 586/2372/751
f 858/2373/752 864/2374/752 558/2375/752 552/2376/752
f 568/2377/753 874/2378/753 872/2379/753 566/2380/753
f 771/2381/754 773/2382/755 467/2383/755 465/2384/756
f 796/2385/757 791/2386/757 803/2387/757 805/2388/757
f 910/2389/758 919/2390/759 613/2391/759 604/2392/759
f 545/2393/760 558/2394/760 864/2395/760 851/2396/760
f 338/2397/761 347/2398/761 344/2399/761 350/2400/761
f 458/2401/762 444/2402/762 457/2403/762 451/2404/762
f 876/2405/763 869/2406/764 868/2407/764 877/2408/764
f 773/2409/765 771/2410/765 782/2411/765 775/2412/765
f 910/2413/766 604/2414/766 615/2415/766 921/2416/766
f 550/2417/767 552/2418/767 558/2419/768 545/2420/767
f 790/2421/769 484/2422/769 495/2423/769 801/2424/769
f 725/2425/770 726/2426/771 420/2427/770 419/2428/770
f 666/2429/772 360/2430/772 372/2431/772 678/2432/772
f 687/2433/773 381/2434/773 392/2435/773 698/2436/773
f 860/2437/774 850/2438/774 858/2439/775 861/2440/774
f 920/2441/776 614/2442/776 613/2443/776 919/2444/776
f 635/2445/777 630/2446/778 622/2447/778 623/2448/778
f 836/2449/779 839/2450/779 830/2451/779 842/2452/779
f 727/2453/780 421/2454/780 432/2455/780 738/2456/780
f 732/2457/781 728/2458/781 740/2459/781 742/2460/781
f 707/2461/782 401/2462/782 413/2463/782 719/2464/782
f 903/2465/783 895/2466/783 893/2467/783 891/2468/783
f 418/2469/784 427/2470/785 431/2471/786 429/2472/785
f 902/2473/787 892/2474/787 895/2475/787 903/2476/787
f 868/2477/788 562/2478/788 560/2479/788 866/2480/788
f 856/2481/789 858/2482/789 850/2483/789 862/2484/789
f 924/2485/790 618/2486/790 603/2487/790 909/2488/790
f 467/2489/791 469/2490/791 476/2491/791 465/2492/791
f 809/2493/792 503/2494/792 502/2495/792 808/2496/792
f 629/2497/793 631/2498/793 638/2499/793 625/2500/793
f 552/2501/794 555/2502/794 543/2503/794 559/2504/794
f 364/2505/795 363/2506/795 669/2507/795 670/2508/795
f 762/2509/796 456/2510/796 445/2511/796 751/2512/796
f 588/2513/797 587/2514/797 893/2515/797 894/2516/797
f 849/2517/798 865/2518/798 559/2519/799 543/2520/798
f 811/2521/800 505/2522/800 517/2523/800 823/2524/800
f 829/2525/801 523/2526/801 522/2527/801 828/2528/801
f 883/2529/802 577/2530/802 576/2531/802 882/2532/802
f 484/2533/803 499/2534/803 490/2535/803 495/2536/803
f 684/2537/804 378/2538/804 389/2539/804 695/2540/804
f 684/2541/805 683/2542/805 377/2543/805 378/2544/805
f 739/2545/806 729/2546/806 734/2547/806 732/2548/806
f 651/2549/807 652/2550/808 641/2551/808 654/2552/808
f 943/2553/809 637/2554/809 626/2555/809 932/2556/809
f 747/2557/810 441/2558/810 439/2559/810 745/2560/810
f 409/2561/811 412/2562/811 400/2563/811 416/2564/811
f 927/2565/812 926/2566/812 620/2567/812 621/2568/812
f 825/2569/813 519/2570/813 518/2571/813 824/2572/813
f 785/2573/814 783/2574/814 477/2575/814 479/2576/814
f 791/2577/815 793/2578/815 487/2579/815 485/2580/815
f 800/2581/816 797/2582/816 787/2583/816 798/2584/816
f 900/2585/817 890/2586/817 898/2587/817 896/2588/817
f 664/2589/818 665/2590/818 359/2591/818 358/2592/819
f 699/2593/820 393/2594/820 383/2595/820 689/2596/820
f 384/2597/821 386/2598/821 387/2599/821 382/2600/821
f 485/2601/822 497/2602/822 803/2603/822 791/2604/822
f 444/2605/823 458/2606/824 764/2607/824 750/2608/825
f 473/2609/826 470/2610/826 462/2611/826 463/2612/826
f 937/2613/827 631/2614/827 639/2615/828 945/2616/827
f 942/2617/829 935/2618/829 937/2619/829 930/2620/829
f 677/2621/830 665/2622/830 664/2623/830 674/2624/830
f 782/2625/831 780/2626/831 474/2627/831 476/2628/831
f 933/2629/832 931/2630/832 935/2631/832 938/2632/832
f 938/2633/833 935/2634/834 943/2635/833 932/2636/833
f 916/2637/835 911/2638/835 923/2639/835 925/2640/835
f 627/2641/836 632/2642/836 629/2643/836 625/2644/836
f 368/2645/837 367/2646/838 356/2647/838 358/2648/838
f 414/2649/839 407/2650/839 406/2651/839 403/2652/839
f 881/2653/840 883/2654/840 878/2655/841 870/2656/840
f 415/2657/842 402/2658/842 407/2659/842 409/2660/842
f 713/2661/843 715/2662/843 707/2663/843 719/2664/843
f 535/2665/844 531/2666/844 533/2667/844 524/2668/844
f 935/2669/845 931/2670/845 944/2671/845 937/2672/845
f 800/2673/846 789/2674/846 788/2675/846 797/2676/846
f 689/2677/847 383/2678/847 385/2679/847 691/2680/847
f 402/2681/848 415/2682/848 721/2683/848 708/2684/848
f 662/2685/849 356/2686/849 354/2687/849 660/2688/849
f 746/2689/850 440/2690/850 452/2691/850 758/2692/850
f 739/2693/851 433/2694/851 423/2695/851 729/2696/851
f 440/2697/852 450/2698/852 454/2699/852 452/2700/852
f 619/2701/853 604/2702/853 613/2703/853 614/2704/853
f 614/2705/854 611/2706/854 602/2707/854 603/2708/854
f 937/2709/855 945/2710/855 929/2711/855 941/2712/855
f 650/2713/856 653/2714/856 644/2715/856 656/2716/856
f 396/2717/857 391/2718/857 380/2719/857 395/2720/857
f 756/2721/858 747/2722/858 745/2723/858 755/2724/858
f 697/2725/859 686/2726/859 685/2727/859 694/2728/859
f 861/2729/860 555/2730/860 554/2731/860 860/2732/860
f 567/2733/861 569/2734/861 577/2735/861 565/2736/861
f 931/2737/862 625/2738/862 638/2739/862 944/2740/862
f 592/2741/863 584/2742/863 594/2743/863 590/2744/863
f 672/2745/864 682/2746/864 666/2747/864 678/2748/864
f 643/2749/865 659/2750/866 353/2751/866 337/2752/866
f 800/2753/867 494/2754/867 493/2755/867 799/2756/867
f 807/2757/868 806/2758/868 500/2759/868 501/2760/868
f 436/2761/869 431/2762/869 420/2763/869 435/2764/869
f 465/2765/870 477/2766/871 783/2767/871 771/2768/872
f 781/2769/873 475/2770/873 466/2771/873 772/2772/873
f 883/2773/874 871/2774/874 884/2775/874 878/2776/874
f 574/2777/875 570/2778/875 572/2779/875 564/2780/876
f 715/2781/877 722/2782/877 706/2783/877 718/2784/877
f 851/2785/878 853/2786/878 547/2787/878 545/2788/878
f 732/2789/879 426/2790/879 433/2791/880 739/2792/879
f 748/2793/881 765/2794/881 459/2795/881 442/2796/881
f 655/2797/882 644/2798/883 653/2799/884 651/2800/883
f 929/2801/885 623/2802/885 622/2803/885 928/2804/885
f 871/2805/886 565/2806/886 578/2807/886 884/2808/886
f 790/2809/887 799/2810/887 493/2811/887 484/2812/887
f 883/2813/888 881/2814/888 575/2815/888 577/2816/888
f 426/2817/889 432/2818/889 421/2819/889 436/2820/889
f 847/2821/890 541/2822/890 553/2823/890 859/2824/890
f 706/2825/891 722/2826/891 416/2827/891 400/2828/891
f 720/2829/892 414/2830/892 403/2831/892 709/2832/892
f 501/2833/893 512/2834/893 511/2835/893 513/2836/893
f 796/2837/894 795/2838/894 793/2839/894 791/2840/894
f 841/2841/895 830/2842/895 839/2843/896 837/2844/895
f 878/2845/897 572/2846/897 579/2847/897 885/2848/897
f 515/2849/898 504/2850/898 519/2851/898 510/2852/898
f 508/2853/899 507/2854/899 813/2855/899 814/2856/899
f 817/2857/900 819/2858/900 513/2859/900 511/2860/900
f 909/2861/901 603/2862/901 602/2863/901 908/2864/901
f 760/2865/902 454/2866/902 453/2867/902 759/2868/902
f 363/2869/903 365/2870/903 366/2871/903 361/2872/903
f 531/2873/904 534/2874/904 521/2875/904 532/2876/904
f 737/2877/905 431/2878/905 430/2879/905 736/2880/905
f 651/2881/906 345/2882/906 349/2883/906 655/2884/906
f 861/2885/907 859/2886/907 553/2887/907 555/2888/907
f 720/2889/908 709/2890/908 712/2891/908 713/2892/908
f 763/2893/909 757/2894/909 749/2895/909 761/2896/909
f 737/2897/910 735/2898/910 429/2899/910 431/2900/910
f 744/2901/911 746/2902/911 756/2903/912 755/2904/911
f 360/2905/913 376/2906/913 366/2907/913 372/2908/913
f 407/2909/914 402/2910/914 404/2911/914 406/2912/914
f 547/2913/915 549/2914/915 550/2915/915 545/2916/915
f 807/2917/916 819/2918/916 817/2919/916 818/2920/916
f 437/2921/917 743/2922/917 745/2923/917 439/2924/917
f 501/2925/918 513/2926/918 819/2927/918 807/2928/918
f 688/2929/919 690/2930/919 384/2931/919 382/2932/919
f 787/2933/920 481/2934/920 492/2935/920 798/2936/920
f 668/2937/921 362/2938/921 364/2939/921 670/2940/921
f 528/2941/922 527/2942/922 833/2943/922 834/2944/922
f 805/2945/923 803/2946/923 497/2947/923 499/2948/923
f 555/2949/924 553/2950/924 541/2951/924 551/2952/924
f 746/2953/925 744/2954/925 438/2955/925 440/2956/925
f 852/2957/926 546/2958/926 548/2959/926 854/2960/926
f 922/2961/927 616/2962/927 606/2963/927 912/2964/927
f 529/2965/928 526/2966/929 537/2967/930 530/2968/929
f 808/2969/931 502/2970/931 500/2971/931 806/2972/931
f 713/2973/932 407/2974/932 414/2975/932 720/2976/932
f 494/2977/933 491/2978/933 482/2979/933 483/2980/933
f 609/2981/934 606/2982/934 616/2983/934 610/2984/934
f 525/2985/935 538/2986/935 844/2987/935 831/2988/935
f 770/2989/936 778/2990/936 472/2991/936 464/2992/936
f 347/2993/937 345/2994/937 337/2995/937 353/2996/937
f 679/2997/938 373/2998/938 362/2999/938 668/3000/938
f 713/3001/939 712/3002/939 710/3003/939 708/3004/939
f 570/3005/940 573/3006/940 561/3007/940 571/3008/940
f 653/3009/941 659/3010/941 643/3011/941 651/3012/941
f 941/3013/942 929/3014/942 928/3015/942 936/3016/942
f 898/3017/943 592/3018/943 599/3019/943 905/3020/943
f 930/3021/944 940/3022/944 634/3023/944 624/3024/944
f 552/3025/945 544/3026/946 554/3027/947 555/3028/947
f 863/3029/948 557/3030/948 546/3031/948 852/3032/948
f 896/3033/949 590/3034/949 594/3035/949 900/3036/949
f 725/3037/950 419/3038/950 417/3039/950 723/3040/950
f 702/3041/951 701/3042/951 686/3043/951 697/3044/951
f 396/3045/952 381/3046/952 390/3047/952 391/3048/952
f 787/3049/953 786/3050/953 480/3051/953 481/3052/953
f 693/3053/954 698/3054/954 392/3055/954 387/3056/954
f 908/3057/955 602/3058/955 600/3059/955 906/3060/955
f 742/3061/956 436/3062/956 435/3063/956 741/3064/956
f 715/3065/957 409/3066/957 416/3067/957 722/3068/957
f 699/3069/958 689/3070/958 692/3071/958 693/3072/958
f 817/3073/959 511/3074/959 514/3075/960 820/3076/959
f 927/3077/961 939/3078/961 941/3079/961 936/3080/961
f 816/3081/962 510/3082/962 516/3083/962 822/3084/962
f 847/3085/963 846/3086/963 540/3087/963 541/3088/963
f 718/3089/964 714/3090/964 704/3091/964 716/3092/964
f 572/3093/965 570/3094/965 563/3095/965 579/3096/965
f 802/3097/966 792/3098/966 795/3099/966 796/3100/966
f 679/3101/967 668/3102/967 671/3103/967 672/3104/967
f 856/3105/968 862/3106/968 556/3107/968 550/3108/968
f 682/3109/969 680/3110/969 374/3111/969 376/3112/969
f 746/3113/970 758/3114/970 760/3115/970 756/3116/970
f 724/3117/971 723/3118/971 417/3119/971 418/3120/971
f 925/3121/972 924/3122/972 909/3123/972 920/3124/972
f 871/3125/973 873/3126/973 567/3127/973 565/3128/973
f 713/3129/974 719/3130/974 413/3131/974 407/3132/974
f 805/3133/975 499/3134/975 498/3135/975 804/3136/975
f 839/3137/976 844/3138/976 538/3139/976 533/3140/976
f 370/3141/977 371/3142/977 376/3143/978 360/3144/977
f 760/3145/979 748/3146/979 747/3147/979 756/3148/979
f 343/3149/980 340/3150/980 351/3151/980 344/3152/980
f 916/3153/981 921/3154/981 615/3155/981 610/3156/981
f 839/3157/982 533/3158/982 539/3159/983 845/3160/982
f 651/3161/984 654/3162/984 348/3163/984 345/3164/984
f 657/3165/985 646/3166/985 649/3167/985 650/3168/985
f 598/3169/986 585/3170/986 597/3171/986 592/3172/986
f 637/3173/987 629/3174/987 632/3175/987 626/3176/987
f 843/3177/988 832/3178/988 835/3179/988 836/3180/988
f 925/3181/989 619/3182/989 618/3183/989 924/3184/989
f 718/3185/990 716/3186/990 410/3187/990 412/3188/990
f 412/3189/991 408/3190/991 399/3191/991 400/3192/991
f 327/3193/992 322/3194/992 328/3195/992 333/3196/992
f 312/3197/993 318/3198/993 322/3199/993 317/3200/993
f 213/3201/994 212/3202/994 203/3203/994 208/3204/994
f 309/3205/995 314/3206/995 319/3207/995 313/3208/995
f 270/3209/996 269/3210/996 260/3211/996 265/3212/996
f 293/3213/997 299/3214/997 303/3215/997 298/3216/997
f 254/3217/998 259/3218/998 264/3219/998 258/3220/998
f 294/3221/999 300/3222/999 304/3223/999 299/3224/999
f 216/3225/1000 221/3226/1000 226/3227/1000 220/3228/1000
f 316/3229/1001 317/3230/1002 326/3231/1002 321/3232/1002
f 292/3233/1003 298/3234/1003 302/3235/1003 297/3236/1003
f 204/3237/1004 209/3238/1004 214/3239/1004 208/3240/1004
f 261/3241/1005 266/3242/1005 271/3243/1005 265/3244/1005
f 267/3245/1006 273/3246/1006 277/3247/1006 272/3248/1006
f 219/3249/1007 225/3250/1007 229/3251/1007 224/3252/1007
f 1036/3253/1008 1037/3254/1008 1038/3255/1008 1039/3256/1008
f 993/3257/1009 996/3258/1009 955/3259/1009 951/3260/1009
f 964/3261/1010 1040/3262/1010 1042/3263/1010 946/3264/1010
f 269/3265/1011 270/3266/1011 279/3267/1011 274/3268/1011
f 222/3269/1012 223/3270/1012 232/3271/1012 227/3272/1012
f 199/3273/1013 205/3274/1013 209/3275/1013 204/3276/1013
f 296/3277/1014 297/3278/1014 306/3279/1014 301/3280/1014
f 1017/3281/1015 1016/3282/1015 957/3283/1015 963/3284/1015
f 253/3285/1016 258/3286/1016 263/3287/1016 257/3288/1016
f 1011/3289/1017 1014/3290/1017 961/3291/1017 955/3292/1017
f 1049/3293/1018 1048/3294/1018 964/3295/1018 946/3296/1018
f 966/3297/1019 1027/3298/1019 1026/3299/1019 962/3300/1019
f 220/3301/1020 226/3302/1020 230/3303/1020 225/3304/1020
f 1044/3305/1021 1043/3306/1021 967/3307/1021 966/3308/1021
f 243/3309/1022 244/3310/1023 248/3311/1024
f 193/3312/1025 194/3313/1025 198/3314/1025
f 236/3315/1026 235/3316/1026 230/3317/1026
f 282/3318/1027 281/3319/1027 276/3320/1027
f 281/3321/1028 280/3322/1028 275/3323/1028
f 237/3324/1029 236/3325/1029 231/3326/1029
f 291/3327/1030 287/3328/1030 296/3329/1030
f 329/3330/1031 328/3331/1031 323/3332/1031
f 330/3333/1032 329/3334/1032 324/3335/1032
f 243/3336/1033 242/3337/1034 285/3338/1035 244/3339/1036
f 291/3340/1037 332/3341/1037 287/3342/1037
f 266/3343/1038 272/3344/1038 276/3345/1038 271/3346/1038
f 246/3347/1039 252/3348/1039 256/3349/1039 251/3350/1039
f 248/3351/1040 254/3352/1040 258/3353/1040 253/3354/1040
f 247/3355/1041 253/3356/1041 257/3357/1041 252/3358/1041
f 251/3359/1042 256/3360/1042 261/3361/1042 255/3362/1042
f 207/3363/1043 212/3364/1043 217/3365/1043 211/3366/1043
f 314/3367/1044 320/3368/1044 324/3369/1044 319/3370/1044
f 217/3371/1045 222/3372/1045 227/3373/1045 221/3374/1045
f 245/3375/1046 251/3376/1046 255/3377/1046 250/3378/1046
f 255/3379/1047 261/3380/1047 265/3381/1047 260/3382/1047
f 252/3383/1048 257/3384/1048 262/3385/1048 256/3386/1048
f 197/3387/1049 201/3388/1049 196/3389/1049 238/3390/1049
f 331/3391/1050 326/3392/1050 327/3393/1050 333/3394/1050
f 313/3395/1051 319/3396/1051 323/3397/1051 318/3398/1051
f 301/3399/1052 306/3400/1052 311/3401/1052 305/3402/1052
f 307/3403/1053 306/3404/1053 297/3405/1053 302/3406/1053
f 210/3407/1054 216/3408/1054 220/3409/1054 215/3410/1054
f 215/3411/1055 220/3412/1055 225/3413/1055 219/3414/1055
f 283/3415/1056 278/3416/1056 284/3417/1056 286/3418/1056
f 212/3419/1057 213/3420/1057 222/3421/1057 217/3422/1057
f 265/3423/1058 271/3424/1058 275/3425/1058 270/3426/1058
f 256/3427/1059 262/3428/1059 266/3429/1059 261/3430/1059
f 264/3431/1060 269/3432/1060 274/3433/1060 268/3434/1060
f 268/3435/1061 274/3436/1061 278/3437/1061 273/3438/1061
f 317/3439/1062 316/3440/1062 307/3441/1062 312/3442/1062
f 205/3443/1063 210/3444/1063 215/3445/1063 209/3446/1063
f 208/3447/1064 214/3448/1064 218/3449/1064 213/3450/1064
f 263/3451/1065 268/3452/1065 273/3453/1065 267/3454/1065
f 211/3455/1066 217/3456/1066 221/3457/1066 216/3458/1066
f 330/3459/1067 325/3460/1067 331/3461/1067 333/3462/1067
f 299/3463/1068 304/3464/1069 309/3465/1070 303/3466/1069
f 259/3467/1071 260/3468/1071 269/3469/1071 264/3470/1071
f 306/3471/1072 307/3472/1072 316/3473/1072 311/3474/1072
f 202/3475/1073 203/3476/1073 212/3477/1073 207/3478/1073
f 282/3479/1074 277/3480/1074 283/3481/1074 286/3482/1074
f 257/3483/1075 263/3484/1075 267/3485/1075 262/3486/1075
f 233/3487/1076 228/3488/1076 234/3489/1076 239/3490/1076
f 218/3491/1077 224/3492/1077 228/3493/1077 223/3494/1077
f 249/3495/1078 250/3496/1078 259/3497/1078 254/3498/1078
f 242/3499/1079 246/3500/1079 241/3501/1079 285/3502/1079
f 310/3503/1080 315/3504/1080 320/3505/1080 314/3506/1080
f 209/3507/1081 215/3508/1081 219/3509/1081 214/3510/1081
f 234/3511/1082 229/3512/1082 235/3513/1082 239/3514/1082
f 223/3515/1083 222/3516/1083 213/3517/1083 218/3518/1083
f 290/3519/1084 294/3520/1084 289/3521/1084 332/3522/1084
f 196/3523/1085 200/3524/1085 195/3525/1085 238/3526/1085
f 214/3527/1086 219/3528/1086 224/3529/1086 218/3530/1086
f 315/3531/1087 321/3532/1087 325/3533/1087 320/3534/1087
f 201/3535/1088 207/3536/1088 211/3537/1089 206/3538/1088
f 241/3539/1090 245/3540/1090 240/3541/1090 285/3542/1090
f 198/3543/1091 204/3544/1091 208/3545/1091 203/3546/1091
f 240/3547/1092 249/3548/1092 244/3549/1093 285/3550/1092
f 200/3551/1094 206/3552/1094 210/3553/1094 205/3554/1094
f 242/3555/1095 247/3556/1095 252/3557/1095 246/3558/1095
f 985/3559/1096 984/3560/1096 959/3561/1096 950/3562/1096
f 1024/3563/1097 1023/3564/1097 959/3565/1097 964/3566/1097
f 225/3567/1098 230/3568/1098 235/3569/1098 229/3570/1098
f 206/3571/1099 211/3572/1099 216/3573/1099 210/3574/1099
f 193/3575/1100 202/3576/1100 197/3577/1100 238/3578/1100
f 298/3579/1101 303/3580/1101 308/3581/1101 302/3582/1101
f 303/3583/1102 309/3584/1102 313/3585/1102 308/3586/1102
f 295/3587/1103 301/3588/1103 305/3589/1103 300/3590/1103
f 302/3591/1104 308/3592/1104 312/3593/1104 307/3594/1104
f 260/3595/1105 259/3596/1105 250/3597/1105 255/3598/1105
f 288/3599/1106 292/3600/1106 287/3601/1106 332/3602/1106
f 289/3603/1107 293/3604/1107 288/3605/1107 332/3606/1107
f 237/3607/1108 232/3608/1108 233/3609/1108 239/3610/1108
f 308/3611/1109 313/3612/1109 318/3613/1109 312/3614/1109
f 311/3615/1110 316/3616/1110 321/3617/1110 315/3618/1110
f 262/3619/1111 267/3620/1111 272/3621/1111 266/3622/1111
f 329/3623/1112 330/3624/1112 333/3625/1112 328/3626/1112
f 300/3627/1113 305/3628/1113 310/3629/1113 304/3630/1113
f 304/3631/1114 310/3632/1114 314/3633/1114 309/3634/1114
f 236/3635/1115 237/3636/1115 239/3637/1115 235/3638/1115
f 291/3639/1116 295/3640/1116 290/3641/1116 332/3642/1116
f 281/3643/1117 282/3644/1117 286/3645/1117 280/3646/1117
f 305/3647/1118 311/3648/1118 315/3649/1118 310/3650/1118
f 284/3651/1119 279/3652/1119 280/3653/1119 286/3654/1119
f 258/3655/1120 264/3656/1120 268/3657/1120 263/3658/1120
f 296/3659/1121 301/3660/1121 295/3661/1121 291/3662/1121
f 272/3663/1122 277/3664/1123 282/3665/1123 276/3666/1123
f 1042/3667/1124 1041/3668/1124 959/3669/1124 946/3670/1124
f 232/3671/1125 237/3672/1125 231/3673/1125 227/3674/1125
f 233/3675/1126 232/3676/1126 223/3677/1126 228/3678/1126
f 195/3679/1127 194/3680/1128 193/3681/1129 238/3682/1130
f 279/3683/1131 270/3684/1131 275/3685/1131 280/3686/1131
f 998/3687/1132 997/3688/1132 958/3689/1132 953/3690/1132
f 290/3691/1133 295/3692/1133 300/3693/1133 294/3694/1133
f 952/3695/1134 982/3696/1134 981/3697/1134 951/3698/1134
f 249/3699/1135 254/3700/1135 248/3701/1135 244/3702/1135
f 1006/3703/1136 1005/3704/1136 959/3705/1136 960/3706/1136
f 959/3707/1137 1041/3708/1137 1040/3709/1137 964/3710/1137
f 321/3711/1138 326/3712/1138 331/3713/1138 325/3714/1138
f 990/3715/1139 989/3716/1139 953/3717/1139 952/3718/1139
f 994/3719/1140 995/3720/1140 996/3721/1140 993/3722/1140
f 221/3723/1141 227/3724/1141 231/3725/1141 226/3726/1141
f 957/3727/1142 992/3728/1142 991/3729/1142 956/3730/1142
f 1026/3731/1143 1025/3732/1143 963/3733/1143 962/3734/1143
f 964/3735/1144 1048/3736/1144 1047/3737/1144 965/3738/1144
f 276/3739/1145 281/3740/1145 275/3741/1145 271/3742/1145
f 241/3743/1146 246/3744/1146 251/3745/1146 245/3746/1146
f 288/3747/1147 293/3748/1148 298/3749/1148 292/3750/1148
f 199/3751/1149 204/3752/1149 198/3753/1149 194/3754/1149
f 1014/3755/1150 1013/3756/1150 960/3757/1150 961/3758/1150
f 950/3759/1151 994/3760/1151 993/3761/1151 951/3762/1151
f 959/3763/1152 1005/3764/1152 1004/3765/1152 954/3766/1152
f 1008/3767/1153 1007/3768/1153 957/3769/1153 956/3770/1153
f 224/3771/1154 229/3772/1155 234/3773/1155 228/3774/1155
f 320/3775/1156 325/3776/1156 330/3777/1156 324/3778/1156
f 250/3779/1157 249/3780/1157 240/3781/1157 245/3782/1157
f 196/3783/1158 201/3784/1159 206/3785/1160 200/3786/1159
f 969/3787/1161 968/3788/1161 949/3789/1161 948/3790/1161
f 959/3791/1162 987/3792/1162 986/3793/1162 950/3794/1162
f 959/3795/1163 984/3796/1163 983/3797/1163 946/3798/1163
f 195/3799/1164 200/3800/1164 205/3801/1164 199/3802/1164
f 1001/3803/1165 1002/3804/1165 1003/3805/1165 1000/3806/1165
f 1016/3807/1166 1015/3808/1166 958/3809/1166 957/3810/1166
f 197/3811/1167 202/3812/1167 207/3813/1167 201/3814/1167
f 988/3815/1168 987/3816/1168 959/3817/1168 954/3818/1168
f 958/3819/1169 1051/3820/1169 1053/3821/1169 949/3822/1169
f 231/3823/1170 236/3824/1170 230/3825/1170 226/3826/1170
f 273/3827/1171 278/3828/1172 283/3829/1172 277/3830/1172
f 274/3831/1173 279/3832/1173 284/3833/1173 278/3834/1173
f 1052/3835/1174 1051/3836/1174 958/3837/1174 967/3838/1174
f 1025/3839/1175 1026/3840/1175 1027/3841/1175 1028/3842/1175
f 289/3843/1176 294/3844/1177 299/3845/1177 293/3846/1177
f 958/3847/1178 1015/3848/1178 1017/3849/1178 963/3850/1178
f 1047/3851/1179 1048/3852/1179 1049/3853/1179 1050/3854/1179
f 248/3855/1180 253/3856/1180 247/3857/1180 243/3858/1180
f 202/3859/1181 193/3860/1181 198/3861/1181 203/3862/1181
f 324/3863/1182 329/3864/1182 323/3865/1182 319/3866/1182
f 327/3867/1183 326/3868/1183 317/3869/1183 322/3870/1183
f 1008/3871/1184 1009/3872/1184 1010/3873/1184 1007/3874/1184
f 1043/3875/1185 1044/3876/1185 1045/3877/1185 1046/3878/1185
f 958/3879/1186 976/3880/1186 978/3881/1186 953/3882/1186
f 963/3883/1187 1010/3884/1187 1009/3885/1187 962/3886/1187
f 990/3887/1188 991/3888/1188 992/3889/1188 989/3890/1188
f 967/3891/1189 1028/3892/1189 1027/3893/1189 966/3894/1189
f 1034/3895/1190 1033/3896/1190 958/3897/1190 963/3898/1190
f 1050/3899/1191 1049/3900/1191 946/3901/1191 947/3902/1191
f 958/3903/1192 1033/3904/1192 1035/3905/1192 967/3906/1192
f 949/3907/1193 968/3908/1193 971/3909/1193 953/3910/1193
f 980/3911/1194 981/3912/1194 982/3913/1194 979/3914/1194
f 1009/3915/1195 1008/3916/1195 956/3917/1195 962/3918/1195
f 946/3919/1196 973/3920/1196 972/3921/1196 947/3922/1196
f 950/3923/1197 974/3924/1197 973/3925/1197 946/3926/1197
f 976/3927/1198 977/3928/1198 978/3929/1198
f 978/3930/1199 977/3931/1199 949/3932/1199 953/3933/1199
f 999/3934/1200 998/3935/1200 953/3936/1200 957/3937/1200
f 948/3938/1201 979/3939/1201 982/3940/1201 952/3941/1201
f 980/3942/1202 979/3943/1202 948/3944/1202 947/3945/1202
f 972/3946/1203 975/3947/1203 951/3948/1203 947/3949/1203
f 983/3950/1204 984/3951/1204 985/3952/1204
f 970/3953/1205 969/3954/1205 948/3955/1205 952/3956/1205
f 986/3957/1206 987/3958/1206 988/3959/1206
f 958/3960/1207 997/3961/1207 999/3962/1207 957/3963/1207
f 996/3964/1208 995/3965/1208 954/3966/1208 955/3967/1208
f 953/3968/1209 989/3969/1209 992/3970/1209 957/3971/1209
f 949/3972/1210 1046/3973/1210 1045/3974/1210 948/3975/1210
f 1043/3976/1211 1046/3977/1211 949/3978/1211 967/3979/1211
f 954/3980/1212 995/3981/1212 994/3982/1212 950/3983/1212
f 997/3984/1213 998/3985/1213 999/3986/1213
f 1021/3987/1214 1020/3988/1214 961/3989/1214 962/3990/1214
f 1000/3991/1201 1003/3992/1201 956/3993/1201 952/3994/1201
f 961/3995/1215 1020/3996/1215 1019/3997/1215 955/3998/1215
f 951/3999/1216 1001/4000/1216 1000/4001/1216 952/4002/1216
f 955/4003/1215 1002/4004/1215 1001/4005/1215 951/4006/1215
f 1004/4007/1217 1005/4008/1217 1006/4009/1217
f 959/4010/1218 1023/4011/1218 1022/4012/1218 960/4013/1218
f 983/4014/1219 985/4015/1219 950/4016/1219 946/4017/1219
f 973/4018/1220 974/4019/1220 975/4020/1220 972/4021/1220
f 957/4022/1221 1007/4023/1221 1010/4024/1221 963/4025/1221
f 975/4026/1222 974/4027/1222 950/4028/1222 951/4029/1222
f 1038/4030/1215 1037/4031/1215 961/4032/1215 965/4033/1215
f 969/4034/1223 970/4035/1223 971/4036/1223 968/4037/1223
f 953/4038/1224 971/4039/1224 970/4040/1224 952/4041/1224
f 960/4042/1225 1013/4043/1225 1012/4044/1225 954/4045/1225
f 1015/4046/1226 1016/4047/1226 1017/4048/1226
f 318/4049/1227 323/4050/1227 328/4051/1227 322/4052/1227
f 1019/4053/1228 1020/4054/1228 1021/4055/1228 1018/4056/1228
f 1004/4057/1229 1006/4058/1229 960/4059/1229 954/4060/1229
f 986/4061/1230 988/4062/1230 954/4063/1230 950/4064/1230
f 1018/4065/1201 1021/4066/1201 962/4067/1201 956/4068/1201
f 955/4069/1231 1019/4070/1231 1018/4071/1231 956/4072/1231
f 981/4073/1215 980/4074/1215 947/4075/1215 951/4076/1215
f 1022/4077/1232 1023/4078/1232 1024/4079/1232
f 1025/4080/1233 1028/4081/1233 967/4082/1233 963/4083/1233
f 961/4084/1234 1037/4085/1234 1036/4086/1234 962/4087/1234
f 1012/4088/1235 1013/4089/1235 1014/4090/1235 1011/4091/1235
f 961/4092/1236 1029/4093/1236 1032/4094/1236 965/4095/1236
f 954/4096/1237 1012/4097/1237 1011/4098/1237 955/4099/1237
f 1033/4100/1238 1034/4101/1238 1035/4102/1238
f 1054/4103/1239 1055/4104/1239 1056/4105/1239 1057/4106/1239
f 296/4107/1240 287/4108/1240 292/4109/1240 297/4110/1240
f 960/4111/1241 1022/4112/1241 1024/4113/1241 964/4114/1241
f 1039/4115/1242 1038/4116/1242 965/4117/1242 966/4118/1242
f 962/4119/1201 1036/4120/1201 1039/4121/1201 966/4122/1201
f 1055/4123/1243 1054/4124/1243 966/4125/1243 965/4126/1243
f 947/4127/1215 1056/4128/1215 1055/4129/1215 965/4130/1215
f 1040/4131/1244 1041/4132/1244 1042/4133/1244
f 967/4134/1245 1035/4135/1245 1034/4136/1245 963/4137/1245
f 1029/4138/1246 1030/4139/1246 1031/4140/1246 1032/4141/1246
f 1032/4142/1247 1031/4143/1247 964/4144/1247 965/4145/1247
f 1031/4146/1248 1030/4147/1248 960/4148/1248 964/4149/1248
f 960/4150/1249 1030/4151/1249 1029/4152/1249 961/4153/1249
f 948/4154/1250 1045/4155/1250 1044/4156/1250 966/4157/1250
f 965/4158/1251 1047/4159/1251 1050/4160/1251 947/4161/1251
f 1051/4162/1252 1052/4163/1252 1053/4164/1252
f 977/4165/1253 976/4166/1253 958/4167/1253 949/4168/1253
f 949/4169/1254 1053/4170/1254 1052/4171/1254 967/4172/1254
f 948/4173/1255 1057/4174/1255 1056/4175/1255 947/4176/1255
f 1054/4177/1201 1057/4178/1201 948/4179/1201 966/4180/1201
f 991/4181/1256 990/4182/1256 952/4183/1256 956/4184/1256
f 243/4185/1257 247/4186/1258 242/4187/1259
f 195/4188/1260 199/4189/1130 194/4190/1261
f 1003/4191/1262 1002/4192/1262 955/4193/1262 956/4194/1262
