# Blender v3.0.0 OBJ File: 'aa.blend'
# www.blender.org
mtllib Palm_5.mtl
o Palm_5
v -0.023671 -0.000419 -0.157540
v 0.308816 4.195770 0.250782
v 0.119511 -0.000517 -0.098163
v 0.366679 4.200992 0.283750
v 0.138800 0.000523 0.042284
v 0.368619 4.190464 0.349686
v 0.023233 0.000074 0.124762
v 0.312697 4.174714 0.382654
v -0.117469 -0.000053 0.065363
v 0.254836 4.169492 0.349686
v -0.138055 0.000392 -0.073100
v 0.252895 4.180020 0.283750
v 0.025343 0.407931 -0.329272
v 0.114311 0.798702 -0.369042
v 0.208568 1.183676 -0.356555
v 0.296907 1.561939 -0.309769
v 0.370565 1.936163 -0.241893
v 0.422316 2.309591 -0.164945
v 0.449631 2.683692 -0.087346
v 0.449816 3.057370 -0.009059
v 0.419382 3.429503 0.065533
v 0.363674 3.806796 0.134788
v 0.462077 3.815681 0.190809
v 0.521198 3.431789 0.121670
v 0.555764 3.050334 0.047190
v 0.559105 2.667837 -0.030894
v 0.535205 2.285924 -0.107828
v 0.491874 1.905064 -0.181063
v 0.432297 1.524605 -0.241949
v 0.362270 1.143795 -0.279692
v 0.288903 0.763524 -0.283203
v 0.219239 0.388560 -0.239329
v 0.465390 3.797774 0.302954
v 0.524876 3.411644 0.236207
v 0.559712 3.027606 0.165170
v 0.563188 2.643690 0.090895
v 0.539527 2.261908 0.018567
v 0.497044 1.882435 -0.043798
v 0.439519 1.506518 -0.087286
v 0.373506 1.136467 -0.103954
v 0.306645 0.776427 -0.087035
v 0.247914 0.432798 -0.029835
v 0.370270 3.770995 0.358993
v 0.426687 3.389240 0.294425
v 0.457687 3.011952 0.226717
v 0.457802 2.635433 0.156054
v 0.430999 2.261584 0.087682
v 0.380998 1.890910 0.032483
v 0.311573 1.525724 -0.000572
v 0.231446 1.168921 -0.005183
v 0.150516 0.824336 0.023243
v 0.078772 0.497156 0.089037
v 0.271922 3.762129 0.302914
v 0.325014 3.386995 0.238151
v 0.351898 3.019012 0.170352
v 0.348498 2.651296 0.099512
v 0.318282 2.285239 0.030518
v 0.259877 1.921974 -0.028337
v 0.176405 1.562997 -0.068245
v 0.078024 1.208736 -0.081703
v -0.023714 0.859506 -0.061933
v -0.116252 0.516673 -0.000678
v 0.268633 3.780023 0.190847
v 0.321387 3.407111 0.123807
v 0.347973 3.041701 0.052564
v 0.344407 2.675406 -0.022089
v 0.313912 2.309229 -0.095707
v 0.254600 1.944598 -0.165444
v 0.168945 1.581127 -0.222783
v 0.066360 1.216166 -0.257363
v -0.042190 0.846768 -0.258126
v -0.144521 0.471736 -0.211187
v 0.042680 0.463004 -0.266235
v 0.171662 0.448738 -0.206302
v 0.189443 0.476213 -0.066801
v 0.077456 0.518125 0.012788
v -0.051902 0.532357 -0.047871
v -0.068883 0.504718 -0.187317
v 0.130139 0.843316 -0.304820
v 0.245066 0.819278 -0.248398
v 0.256866 0.826134 -0.118651
v 0.153277 0.857138 -0.045246
v 0.038060 0.881227 -0.102072
v 0.026743 0.874255 -0.231873
v 0.222159 1.221201 -0.295592
v 0.323269 1.194579 -0.245087
v 0.330681 1.188628 -0.129262
v 0.236716 1.209354 -0.063828
v 0.135375 1.236037 -0.114526
v 0.128244 1.241929 -0.230462
v 0.308396 1.595613 -0.253378
v 0.397535 1.570978 -0.208721
v 0.402291 1.558347 -0.106876
v 0.317764 1.570363 -0.049553
v 0.228430 1.595043 -0.094276
v 0.223832 1.607659 -0.196260
v 0.378453 1.968302 -0.188525
v 0.458584 1.948085 -0.148237
v 0.462014 1.932873 -0.057639
v 0.385257 1.937859 -0.007171
v 0.304950 1.958096 -0.047428
v 0.301585 1.973328 -0.138194
v 0.427865 2.341393 -0.114952
v 0.502816 2.326101 -0.076852
v 0.505695 2.310044 0.007002
v 0.433607 2.309247 0.052930
v 0.358485 2.324538 0.014907
v 0.355626 2.340629 -0.069131
v 0.452791 2.715522 -0.038724
v 0.525565 2.705481 -0.000955
v 0.528275 2.689421 0.079977
v 0.458228 2.683367 0.123323
v 0.385292 2.693389 0.085661
v 0.382568 2.709486 0.004538
v 0.450435 3.089657 0.038224
v 0.520825 3.085536 0.075885
v 0.523424 3.070503 0.154295
v 0.455669 3.059558 0.195224
v 0.385129 3.063645 0.157691
v 0.382492 3.078713 0.079090
v 0.414776 3.462349 0.110727
v 0.482391 3.464486 0.148324
v 0.484777 3.451262 0.224482
v 0.419599 3.435881 0.263203
v 0.351874 3.433709 0.225720
v 0.349442 3.446954 0.149408
v 0.358802 3.843056 0.179415
v 0.424534 3.848988 0.216867
v 0.426738 3.837027 0.291771
v 0.363211 3.819135 0.329223
v 0.297480 3.813204 0.291771
v 0.295275 3.825164 0.216867
v 0.195005 4.072549 0.540977
v 0.211309 4.085005 0.564938
v 0.240765 4.071447 0.563716
v 0.242464 4.050553 0.538760
v 0.214178 4.051155 0.524665
v 0.183315 4.109881 0.553149
v 0.237230 4.108531 0.580633
v 0.273967 4.067448 0.549463
v 0.242482 4.043442 0.503276
v 0.186168 4.069505 0.505607
v 0.161766 4.120092 0.509011
v 0.206077 4.153933 0.574082
v 0.285235 4.117184 0.570695
v 0.289651 4.060720 0.503487
v 0.213510 4.062393 0.465346
v 0.171169 4.183407 0.530766
v 0.261142 4.181440 0.575765
v 0.322186 4.113482 0.524011
v 0.269979 4.073681 0.447376
v 0.176493 4.116804 0.451358
v 0.163937 4.189430 0.466028
v 0.218813 4.231281 0.546597
v 0.317091 4.185942 0.542363
v 0.322609 4.116029 0.458926
v 0.228151 4.118032 0.411641
v 0.191095 4.252120 0.489275
v 0.280932 4.250221 0.534259
v 0.342092 4.182265 0.482576
v 0.289827 4.142388 0.405818
v 0.196314 4.185616 0.409903
v 0.199539 4.250667 0.430243
v 0.243810 4.284440 0.495199
v 0.322873 4.247729 0.491882
v 0.327493 4.191243 0.424635
v 0.251200 4.192961 0.386588
v 0.234125 4.286592 0.446691
v 0.288391 4.285510 0.473805
v 0.324684 4.244136 0.442960
v 0.293314 4.220151 0.396868
v 0.237261 4.246468 0.398735
v 0.253723 4.276342 0.418061
v 0.270072 4.288811 0.442073
v 0.300478 4.276476 0.439548
v 0.300141 4.253315 0.417041
v 0.273959 4.256223 0.400572
v 0.217902 4.056713 0.552379
v 0.281571 4.278905 0.418641
v 0.409998 4.055119 0.244396
v 0.433883 4.052083 0.265133
v 0.460531 4.061856 0.249661
v 0.453012 4.071012 0.219277
v 0.421992 4.066875 0.216039
v 0.401049 4.058804 0.279263
v 0.460778 4.066728 0.285488
v 0.483695 4.089373 0.231264
v 0.437750 4.095662 0.191895
v 0.386655 4.076483 0.221164
v 0.361036 4.087646 0.261622
v 0.425433 4.079263 0.317333
v 0.497251 4.105751 0.275799
v 0.477211 4.130646 0.194106
v 0.393051 4.119465 0.185319
v 0.371828 4.110320 0.315967
v 0.470928 4.123483 0.326322
v 0.508887 4.160812 0.236261
v 0.432871 4.170646 0.170350
v 0.348033 4.139430 0.219519
v 0.335170 4.160544 0.279617
v 0.415047 4.150277 0.348782
v 0.504197 4.183022 0.297203
v 0.479241 4.213598 0.195790
v 0.375031 4.199749 0.184895
v 0.362194 4.191299 0.331135
v 0.461470 4.204489 0.341509
v 0.499314 4.241836 0.251343
v 0.423326 4.251607 0.185589
v 0.338534 4.220464 0.234616
v 0.342967 4.241400 0.290370
v 0.407306 4.233015 0.346298
v 0.479116 4.259497 0.304543
v 0.459007 4.284389 0.222953
v 0.375014 4.273232 0.214185
v 0.376637 4.266715 0.317931
v 0.436281 4.274641 0.324152
v 0.459181 4.297729 0.270302
v 0.413288 4.303582 0.230608
v 0.362087 4.284833 0.260195
v 0.381500 4.296723 0.290155
v 0.405885 4.290437 0.308731
v 0.431932 4.303440 0.295407
v 0.424771 4.310879 0.263989
v 0.393708 4.306744 0.260756
v 0.437179 4.050233 0.236625
v 0.406478 4.311652 0.285081
v 0.136000 4.143216 0.114327
v 0.146794 4.119894 0.129594
v 0.170885 4.109912 0.118440
v 0.174936 4.126925 0.096319
v 0.153274 4.147536 0.093894
v 0.126399 4.144593 0.144611
v 0.167760 4.105175 0.149168
v 0.200943 4.113480 0.109967
v 0.180390 4.158112 0.080804
v 0.134613 4.177363 0.102612
v 0.116777 4.193832 0.139640
v 0.145712 4.131087 0.180469
v 0.210276 4.104361 0.150200
v 0.221503 4.150052 0.090904
v 0.163480 4.205534 0.084426
v 0.125411 4.188196 0.190087
v 0.194203 4.122869 0.197739
v 0.249170 4.136628 0.132754
v 0.214987 4.210599 0.084206
v 0.138623 4.242185 0.119963
v 0.130818 4.251631 0.175375
v 0.166814 4.173854 0.226448
v 0.247042 4.140783 0.188836
v 0.260989 4.197397 0.115125
v 0.188614 4.266101 0.107031
v 0.154172 4.239949 0.225314
v 0.222929 4.174534 0.233052
v 0.278002 4.188326 0.167929
v 0.243727 4.262341 0.119463
v 0.167442 4.293776 0.155219
v 0.171446 4.291792 0.206436
v 0.200289 4.229089 0.247284
v 0.264972 4.202209 0.217112
v 0.276032 4.248048 0.157767
v 0.218042 4.303458 0.151368
v 0.200239 4.277182 0.235090
v 0.241289 4.237552 0.239275
v 0.274428 4.245858 0.200095
v 0.254259 4.290699 0.171264
v 0.208151 4.309689 0.192735
v 0.220884 4.295949 0.218348
v 0.232766 4.273454 0.234648
v 0.254758 4.262009 0.221434
v 0.260854 4.280476 0.201435
v 0.238186 4.300269 0.197896
v 0.152303 4.122448 0.105548
v 0.244708 4.289066 0.218902
v 0.289294 4.428428 0.265410
v 0.319302 4.469440 0.071489
v 0.474668 4.480917 0.215433
v 0.769712 4.485453 0.054967
v 0.655213 4.411571 -0.441977
v 1.114229 4.317312 -0.384853
v 1.099013 4.094877 -0.664749
v 1.191956 4.100678 -0.575057
v 1.209216 3.981172 -0.674630
v 1.153969 4.103647 -0.628145
v 1.021711 4.333508 -0.514225
v 0.614963 4.540823 -0.097905
v 0.389512 4.504923 0.149083
v 0.832744 4.484338 -0.327953
v 0.460155 4.466507 -0.238485
v 0.485608 4.452088 -0.268243
v 0.904230 4.283361 -0.598374
v 0.937035 4.266700 -0.615375
v 1.006944 4.417115 -0.207705
v 0.985840 4.425289 -0.176835
v 0.299952 4.389833 0.262244
v 0.138756 4.451911 0.377921
v 0.123799 4.433740 0.147732
v -0.034166 4.472092 0.452594
v -0.057771 4.443193 0.089171
v -0.232808 4.418281 0.054780
v -0.519135 4.397528 0.542646
v -0.853637 4.240731 0.186142
v -1.078478 4.029509 0.474397
v -1.085034 4.016965 0.335191
v -1.188275 3.895974 0.432452
v -1.093846 4.029528 0.403639
v -0.874304 4.280540 0.349732
v 0.144166 4.469020 0.258207
v -0.033775 4.505716 0.261970
v -0.209084 4.457750 0.514888
v -0.249963 4.444114 0.522521
v -0.214601 4.508544 0.271154
v -0.849923 4.247161 0.514526
v -0.890337 4.227750 0.508393
v -0.624056 4.343311 0.101312
v -0.583474 4.350699 0.091187
v -0.572461 4.443364 0.304596
v 0.293251 4.395059 0.256455
v 0.436533 4.421550 0.393323
v 0.229995 4.439387 0.435425
v 0.186692 4.424346 0.773703
v 0.647410 4.316758 0.976434
v 0.321276 4.213728 1.323855
v 0.532440 3.969485 1.487216
v 0.405987 3.979233 1.510398
v 0.463496 3.851164 1.588965
v 0.471553 3.979659 1.510223
v 0.481823 4.223029 1.323676
v 0.336600 4.461129 0.404987
v 0.604171 4.392190 0.693947
v 0.611314 4.374851 0.732310
v 0.407062 4.473257 0.733577
v 0.613643 4.169471 1.279137
v 0.606182 4.150912 1.316654
v 0.252056 4.329960 1.126604
v 0.240359 4.340896 1.091053
v 0.458719 4.393736 1.051202
v 0.288779 4.435253 0.258372
v 0.474542 4.469772 0.189942
v 0.424566 4.475882 0.396819
v 0.707882 4.458764 0.580621
v 1.082488 4.378512 0.240680
v 1.249174 4.257989 0.676466
v 1.474518 4.027800 0.532914
v 1.441442 4.030408 0.658355
v 1.530426 3.906587 0.628329
v 1.469520 4.034399 0.599009
v 1.318321 4.276399 0.531794
v 0.443172 4.503398 0.289312
v 1.072320 4.444201 0.451019
v 0.813755 4.450685 0.165225
v 0.850931 4.433825 0.173484
v 0.769227 4.519837 0.368189
v 1.332388 4.230720 0.388175
v 1.362095 4.211728 0.409385
v 1.048008 4.369254 0.664931
v 1.011437 4.379443 0.661136
v 0.294907 4.390503 0.268661
v 0.014337 4.450886 0.005003
v 0.347114 4.453740 -0.116777
v 0.334453 4.436077 -0.289405
v -0.197331 4.377125 -0.420702
v 0.060834 4.257272 -0.826951
v -0.242933 4.029684 -0.946067
v -0.113555 4.029511 -0.990599
v -0.217096 3.904783 -1.053923
v -0.102413 4.281848 -0.802379
v 0.187378 4.507259 -0.047561
v -0.181269 4.035730 -0.980403
v -0.091572 4.434906 -0.140187
v -0.108766 4.422227 -0.176055
v 0.126347 4.507410 -0.217035
v -0.244713 4.235661 -0.731661
v -0.247769 4.217281 -0.770425
v 0.191083 4.362565 -0.640203
v 0.211176 4.370855 -0.605349
v 0.005636 4.444411 -0.534636
v 0.297139 4.309679 0.285514
v 0.130002 4.363738 0.276910
v 0.245436 4.361989 0.119274
v -0.025000 4.385080 0.236828
v 0.163393 4.382001 -0.020492
v 0.067034 4.373082 -0.134609
v -0.380631 4.344521 0.022689
v -0.400427 4.250812 -0.399060
v -0.698156 4.070671 -0.349925
v -0.626608 4.068182 -0.444166
v -0.744022 3.967410 -0.445741
v -0.669617 4.075338 -0.403933
v 0.198525 4.384287 0.204118
v 0.081766 4.424987 0.112592
v -0.281805 4.400476 -0.153373
v -0.167122 4.379821 0.176907
v -0.197615 4.369733 0.158566
v -0.039734 4.435858 0.020483
v -0.575904 4.238192 -0.184943
v -0.598544 4.223968 -0.212700
v -0.502709 4.276089 -0.302158
v -0.208500 4.328815 -0.321939
v -0.176359 4.333975 -0.305972
v 0.296176 4.285846 0.280090
v 0.222341 4.348497 0.452294
v 0.100368 4.331629 0.270176
v -0.236776 4.334009 0.360074
v -0.244504 4.325170 0.900799
v -0.701222 4.188887 0.765188
v -0.767754 3.995789 1.111933
v -0.840029 3.984217 0.999817
v -0.889187 3.872744 1.130104
v -0.813824 3.996497 1.060553
v 0.171565 4.370612 0.350102
v 0.004808 4.371607 0.729282
v -0.028598 4.358560 0.755990
v -0.112707 4.419714 0.530562
v -0.542309 4.194642 1.035441
v -0.580254 4.177506 1.049497
v -0.637548 4.227327 0.910128
v -0.543861 4.277720 0.585497
v -0.514964 4.283941 0.557445
v -0.391792 4.373249 0.724483
v 0.242398 4.269577 0.370613
v 0.325833 4.303078 0.537076
v 0.126070 4.321527 0.503770
v -0.025682 4.324821 0.790676
v 0.319961 4.233885 1.134492
v -0.090174 4.151569 1.343805
v 0.042847 3.925889 1.583044
v -0.078568 3.935949 1.560458
v -0.054217 3.816972 1.661939
v -0.019459 3.936582 1.582191
v 0.054335 4.161227 1.396226
v 0.232548 4.341361 0.510278
v 0.376158 4.291410 0.862226
v 0.369471 4.276799 0.900418
v 0.186316 4.370788 0.823620
v 0.187247 4.107955 1.405819
v 0.167731 4.091909 1.438589
v -0.085457 4.252761 1.134647
v -0.084053 4.261456 1.097950
v 0.126085 4.311235 1.130093
v 0.280646 4.213598 0.290402
v 0.457656 4.286850 0.289208
v 0.325440 4.297433 0.446683
v 0.495055 4.371198 0.713453
v 0.983216 4.365696 0.582897
v 0.977639 4.337650 1.053982
v 1.300959 4.175301 1.082516
v 1.218830 4.180010 1.177284
v 1.345235 4.088464 1.221309
v 1.266692 4.185707 1.135458
v 1.092372 4.359547 0.949669
v 0.618569 4.423679 0.535029
v 0.378910 4.317921 0.353135
v 0.763880 4.355024 0.397899
v 0.797085 4.350108 0.423796
v 1.179023 4.309422 0.845079
v 1.201159 4.301803 0.880122
v 0.777097 4.385258 0.937179
v 0.744341 4.384781 0.917456
v 0.865307 4.440743 0.739692
v 0.285882 4.234607 0.306756
v 0.216538 4.286489 0.140215
v 0.411628 4.305379 0.186393
v 0.577174 4.349281 -0.084788
v 0.252439 4.296032 -0.450132
v 0.661346 4.253379 -0.637154
v 0.528949 4.060792 -0.896403
v 0.647451 4.070910 -0.866048
v 0.621065 3.967361 -0.975709
v 0.590833 4.072682 -0.891030
v 0.523326 4.265831 -0.696618
v 0.374983 4.392840 -0.127392
v 0.308677 4.322465 0.176242
v 0.447987 4.375808 -0.428987
v 0.185576 4.315427 -0.181521
v 0.193287 4.306369 -0.220408
v 0.389980 4.211693 -0.718077
v 0.409840 4.200532 -0.750460
v 0.651369 4.325053 -0.424373
v 0.648224 4.328762 -0.387544
v 0.279644 4.192608 0.305157
v 0.355357 4.245764 0.117311
v 0.469840 4.269495 0.304826
v 0.810393 4.313929 0.223156
v 0.845779 4.244739 -0.309535
v 1.309563 4.197675 -0.126295
v 1.413159 3.978452 -0.411927
v 1.480883 3.991369 -0.296163
v 1.548163 3.874489 -0.391290
v 1.456688 3.992289 -0.360016
v 1.249088 4.208937 -0.282242
v 0.398317 4.287190 0.214548
v 0.979279 4.335101 -0.146454
v 0.583292 4.271084 -0.157555
v 0.619553 4.260259 -0.180484
v 0.686180 4.359341 0.026269
v 1.163490 4.147373 -0.399030
v 1.204114 4.134792 -0.407104
v 1.134119 4.281019 0.022954
v 1.103070 4.285759 0.048160
v 0.222053 4.351673 0.281632
v 0.391762 4.479458 0.369431
v 0.149029 4.450663 0.378209
v 0.021460 4.505925 0.636184
v 0.501891 4.593966 0.858631
v 0.101319 4.495215 1.134982
v 0.379241 4.378178 1.363125
v 0.234182 4.357735 1.368714
v 0.300510 4.275239 1.479375
v 0.289732 4.369270 1.371747
v 0.231199 4.581576 0.604118
v 0.228598 4.477551 0.358891
v 0.247807 4.605992 0.874151
v 0.500691 4.577577 0.614168
v 0.506354 4.573975 0.651574
v 0.443229 4.529354 1.137046
v 0.432639 4.518306 1.172722
v 0.268090 4.536741 1.140073
v 0.034576 4.530100 0.940265
v 0.027395 4.526229 0.907422
v 0.283279 4.443974 0.253143
v 0.363019 4.523088 0.224776
v 0.313902 4.503329 0.347043
v 0.437140 4.588496 0.483141
v 0.692884 4.681129 0.312307
v 0.784234 4.677408 0.597492
v 1.021579 4.651940 0.539500
v 0.990713 4.638653 0.614068
v 1.097156 4.613731 0.608904
v 1.008630 4.650647 0.579236
v 0.473776 4.633924 0.354351
v 0.329494 4.522891 0.280273
v 0.634901 4.687447 0.434233
v 0.535697 4.629723 0.239092
v 0.561670 4.637583 0.247970
v 0.867616 4.703984 0.427889
v 0.891300 4.699444 0.445765
v 0.824654 4.708178 0.513111
v 0.636342 4.654234 0.565192
v 0.614869 4.648200 0.559780
v 0.292521 4.414702 0.269934
v 0.205223 4.533528 0.105929
v 0.416053 4.538257 0.128317
v 0.454884 4.574537 0.038948
v 0.206506 4.622601 -0.166297
v 0.458223 4.645329 -0.337450
v 0.340357 4.589586 -0.546693
v 0.422278 4.590057 -0.537100
v 0.390756 4.553930 -0.635993
v 0.382401 4.596172 -0.545828
v 0.362447 4.664505 -0.355130
v 0.308536 4.560045 0.142777
v 0.187231 4.571285 0.008696
v 0.188029 4.575745 -0.017068
v 0.319423 4.608039 0.050442
v 0.269926 4.635815 -0.371922
v 0.280567 4.636850 -0.398686
v 0.472769 4.638881 -0.182951
v 0.474308 4.632238 -0.157937
v 0.340407 4.667267 -0.146638
v 0.311366 4.412232 0.264796
v 0.289692 4.490170 0.350567
v 0.226697 4.487850 0.222804
v 0.047195 4.589330 0.226922
v 0.014649 4.660183 0.555717
v -0.273526 4.685538 0.423742
v -0.401459 4.643604 0.650951
v -0.439049 4.640785 0.572964
v -0.515186 4.609904 0.660328
v -0.231396 4.709852 0.516000
v 0.276744 4.501407 0.276925
v -0.034920 4.701021 0.419845
v -0.423283 4.648973 0.612599
v 0.172718 4.596960 0.481911
v 0.147681 4.602749 0.495589
v 0.138877 4.627465 0.337337
v -0.199225 4.683998 0.610829
v -0.228504 4.686262 0.616211
v -0.147344 4.669231 0.326409
v -0.127271 4.660923 0.311741
v 0.294844 4.418524 0.260064
v 0.324711 4.458461 0.072368
v 0.474102 4.469487 0.210938
v 0.765398 4.473838 0.052554
v 0.655833 4.401314 -0.434157
v 1.105099 4.308495 -0.380098
v 1.092244 4.088629 -0.654293
v 1.182071 4.094103 -0.567815
v 1.200202 3.976218 -0.665147
v 1.145301 4.097415 -0.619012
v 1.015073 4.324672 -0.506634
v 0.614718 4.528800 -0.097135
v 0.392808 4.493240 0.146296
v 0.829627 4.473126 -0.323355
v 0.464626 4.455408 -0.235397
v 0.488010 4.441349 -0.262316
v 0.902358 4.274734 -0.588709
v 0.931189 4.259972 -0.604752
v 0.999028 4.407048 -0.204769
v 0.979699 4.414269 -0.177089
v 0.291777 4.379809 0.263793
v 0.133958 4.440467 0.376159
v 0.119354 4.422847 0.152569
v -0.036080 4.460273 0.449538
v -0.059076 4.432151 0.095085
v -0.231145 4.407495 0.061171
v -0.514940 4.386528 0.538469
v -0.844387 4.232392 0.190346
v -1.067084 4.022656 0.472626
v -1.073456 4.010523 0.337744
v -1.175796 3.890680 0.432527
v -1.081921 4.023052 0.404028
v -0.865063 4.271575 0.350266
v 0.138453 4.457651 0.259835
v -0.035833 4.493733 0.263501
v -0.209308 4.445960 0.511502
v -0.247961 4.432671 0.518567
v -0.213748 4.496590 0.272712
v -0.842678 4.237757 0.510421
v -0.879514 4.220339 0.505978
v -0.616908 4.333866 0.106183
v -0.579776 4.340425 0.097350
v -0.567715 4.432149 0.305331
v 0.293029 4.384722 0.263725
v 0.431135 4.410552 0.396679
v 0.232520 4.427722 0.437030
v 0.189640 4.412702 0.771026
v 0.639569 4.306960 0.971956
v 0.321566 4.205168 1.313643
v 0.527247 3.963496 1.475738
v 0.405025 3.972839 1.498279
v 0.460484 3.846338 1.576270
v 0.468465 3.973637 1.498004
v 0.478497 4.214540 1.313861
v 0.335406 4.449206 0.408805
v 0.597566 4.381240 0.695170
v 0.603824 4.364463 0.730232
v 0.405029 4.461320 0.732428
v 0.605964 4.161305 1.271799
v 0.600300 4.144515 1.305778
v 0.252913 4.320153 1.118239
v 0.242655 4.329999 1.085759
v 0.455460 4.382857 1.045672
v 0.295279 4.424925 0.260502
v 0.475358 4.458523 0.194995
v 0.427177 4.464390 0.393978
v 0.706837 4.447330 0.575553
v 1.075007 4.368412 0.244819
v 1.239959 4.249641 0.670824
v 1.461725 4.021924 0.532006
v 1.429941 4.024275 0.653254
v 1.517506 3.902018 0.625007
v 1.456982 4.028581 0.595852
v 1.307849 4.267979 0.529605
v 0.446164 4.491466 0.290713
v 1.065863 4.433244 0.450404
v 0.812131 4.439425 0.170493
v 0.845853 4.423107 0.178274
v 0.767336 4.507845 0.368226
v 1.322312 4.222349 0.391068
v 1.349551 4.205377 0.409335
v 1.040797 4.359603 0.659448
v 1.007713 4.368749 0.655576
v 0.292367 4.379927 0.262602
v 0.017252 4.439428 0.002037
v 0.342279 4.442226 -0.116838
v 0.329539 4.424818 -0.286014
v -0.191047 4.366596 -0.417818
v 0.060166 4.248709 -0.816699
v -0.237230 4.023345 -0.935391
v -0.112106 4.023143 -0.978531
v -0.213071 3.899897 -1.041678
v -0.099428 4.273031 -0.793124
v 0.185969 4.495247 -0.050128
v -0.177581 4.029570 -0.968593
v -0.087087 4.423584 -0.141549
v -0.103326 4.411220 -0.175326
v 0.126145 4.495372 -0.215772
v -0.237769 4.226779 -0.725747
v -0.241549 4.210402 -0.760503
v 0.189244 4.352769 -0.631853
v 0.207128 4.360118 -0.600036
v 0.007285 4.433180 -0.529845
v 0.289802 4.300033 0.280551
v 0.127267 4.352716 0.271458
v 0.238790 4.351063 0.119015
v -0.024688 4.373612 0.232139
v 0.158374 4.370688 -0.017901
v 0.063953 4.361797 -0.129781
v -0.374880 4.333586 0.021081
v -0.396192 4.241693 -0.390707
v -0.688290 4.063407 -0.344616
v -0.619438 4.061012 -0.435368
v -0.734519 3.961552 -0.438152
v -0.660756 4.068278 -0.396574
v 0.192954 4.373181 0.200621
v 0.079014 4.413070 0.111276
v -0.278917 4.388939 -0.150914
v -0.165298 4.368289 0.173084
v -0.193732 4.358475 0.155635
v -0.040272 4.423781 0.021054
v -0.567830 4.228671 -0.184351
v -0.588715 4.216201 -0.208319
v -0.496076 4.266615 -0.296656
v -0.206358 4.318651 -0.314562
v -0.177756 4.323093 -0.299946
v 0.289017 4.276393 0.285739
v 0.216915 4.337156 0.452092
v 0.099538 4.320942 0.276774
v -0.233400 4.323138 0.365433
v -0.243588 4.313980 0.895163
v -0.691745 4.180055 0.764290
v -0.759264 3.988328 1.104862
v -0.829254 3.977133 0.996368
v -0.878763 3.866750 1.124094
v -0.803813 3.989368 1.055077
v 0.167280 4.359174 0.354200
v 0.000892 4.359905 0.727197
v -0.029798 4.347037 0.751751
v -0.112652 4.407758 0.532082
v -0.538648 4.184878 1.028398
v -0.572601 4.169536 1.042156
v -0.629911 4.217896 0.906110
v -0.535897 4.267910 0.586192
v -0.509339 4.273470 0.560984
v -0.388107 4.361799 0.722911
v 0.239399 4.259717 0.378360
v 0.319326 4.292280 0.539348
v 0.127639 4.310001 0.507273
v -0.022219 4.313083 0.790249
v 0.313976 4.223834 1.128405
v -0.086558 4.142506 1.335083
v 0.041849 3.919254 1.571041
v -0.075428 3.928922 1.549345
v -0.052768 3.811437 1.649467
v -0.018252 3.929897 1.570233
v 0.054437 4.152223 1.386635
v 0.229832 4.329684 0.514576
v 0.369277 4.280516 0.862046
v 0.362949 4.266290 0.896767
v 0.184552 4.358810 0.822912
v 0.182448 4.099374 1.396980
v 0.165872 4.084897 1.426942
v -0.081967 4.242559 1.127951
v -0.080285 4.250313 1.094740
v 0.124730 4.300077 1.124733
v 0.288459 4.206058 0.297920
v 0.459349 4.277114 0.297435
v 0.332284 4.287210 0.448507
v 0.499561 4.359822 0.711805
v 0.977733 4.354665 0.586636
v 0.974413 4.326889 1.047853
v 1.291935 4.166205 1.078499
v 1.212780 4.170683 1.170140
v 1.336797 4.080309 1.214788
v 1.258843 4.176542 1.129554
v 1.086612 4.348669 0.946186
v 0.620321 4.412043 0.537873
v 0.384368 4.307789 0.359102
v 0.763341 4.344598 0.405344
v 0.793586 4.339229 0.429241
v 1.171355 4.299163 0.846215
v 1.192102 4.292428 0.877098
v 0.775882 4.373871 0.932295
v 0.746480 4.373294 0.914129
v 0.863033 4.428775 0.739848
v 0.288838 4.225732 0.297806
v 0.222534 4.276176 0.136492
v 0.409842 4.294309 0.180905
v 0.573231 4.337519 -0.086704
v 0.257755 4.285511 -0.445549
v 0.656606 4.243395 -0.630106
v 0.528937 4.053216 -0.885191
v 0.643133 4.062892 -0.856076
v 0.618531 3.960893 -0.963987
v 0.588498 4.065012 -0.879992
v 0.522179 4.255919 -0.688386
v 0.376143 4.380936 -0.128653
v 0.311077 4.311459 0.170295
v 0.448552 4.364155 -0.425457
v 0.191880 4.304760 -0.182937
v 0.199210 4.295699 -0.218369
v 0.393970 4.202371 -0.710416
v 0.410753 4.192571 -0.739652
v 0.646871 4.314100 -0.419693
v 0.643744 4.317234 -0.386623
v 0.287963 4.183665 0.301447
v 0.362102 4.235500 0.119615
v 0.472285 4.258335 0.300360
v 0.808738 4.302097 0.219719
v 0.845989 4.234400 -0.301828
v 1.301047 4.187757 -0.124125
v 1.404985 3.971070 -0.403655
v 1.470633 3.983443 -0.291811
v 1.537891 3.868147 -0.384572
v 1.447050 3.984757 -0.353522
v 1.242213 4.199167 -0.276697
v 0.404091 4.276137 0.212746
v 0.976928 4.323532 -0.142839
v 0.588568 4.260511 -0.153370
v 0.622032 4.249722 -0.174115
v 0.687693 4.347441 0.026969
v 1.160588 4.138272 -0.390205
v 1.196855 4.127051 -0.398428
v 1.127424 4.270094 0.023700
v 1.099029 4.274222 0.046324
v 0.224871 4.344592 0.292837
v 0.390796 4.469522 0.377526
v 0.153818 4.441419 0.385793
v 0.027398 4.495384 0.639448
v 0.500350 4.581827 0.857659
v 0.104772 4.484888 1.128482
v 0.379380 4.369191 1.353441
v 0.236315 4.348963 1.359126
v 0.301659 4.267123 1.468855
v 0.291009 4.360582 1.361871
v 0.233577 4.570295 0.608186
v 0.230970 4.468357 0.368163
v 0.249373 4.594118 0.872957
v 0.499595 4.566464 0.619937
v 0.504872 4.562088 0.653732
v 0.441978 4.518117 1.132213
v 0.432459 4.508709 1.163969
v 0.269479 4.526184 1.133367
v 0.038652 4.519092 0.936545
v 0.032782 4.515254 0.907612
v 0.295361 4.438612 0.256846
v 0.371808 4.514767 0.229809
v 0.324671 4.495698 0.346815
v 0.445162 4.578917 0.480375
v 0.695033 4.669288 0.314603
v 0.784789 4.666143 0.592197
v 1.016597 4.640605 0.537005
v 0.987315 4.627875 0.608195
v 1.091471 4.603307 0.604184
v 1.004084 4.639612 0.574789
v 0.480935 4.623733 0.355021
v 0.340123 4.515230 0.283071
v 0.638615 4.675936 0.433500
v 0.542627 4.620046 0.243757
v 0.565515 4.626409 0.251119
v 0.867448 4.692039 0.428905
v 0.886925 4.687840 0.444273
v 0.824092 4.696340 0.510248
v 0.639526 4.643130 0.560840
v 0.620417 4.637658 0.556072
v 0.293727 4.408478 0.258022
v 0.210081 4.524497 0.097991
v 0.412727 4.529005 0.119587
v 0.450067 4.564109 0.032859
v 0.211735 4.611497 -0.168145
v 0.454050 4.633677 -0.335462
v 0.341437 4.578681 -0.540640
v 0.418986 4.579106 -0.531676
v 0.389526 4.543746 -0.628598
v 0.381198 4.585191 -0.539623
v 0.361912 4.652586 -0.352630
v 0.309414 4.550989 0.133131
v 0.192764 4.561486 0.002606
v 0.193462 4.565242 -0.021055
v 0.319753 4.597245 0.044082
v 0.274342 4.624653 -0.370380
v 0.282483 4.625775 -0.393300
v 0.468482 4.627213 -0.183488
v 0.469419 4.621284 -0.162036
v 0.340814 4.655444 -0.149288
v 0.298965 4.408587 0.270775
v 0.278077 4.482808 0.351660
v 0.218747 4.480680 0.231366
v 0.042737 4.579931 0.235248
v 0.009006 4.649029 0.552788
v -0.270940 4.673922 0.426705
v -0.398270 4.632282 0.647430
v -0.434063 4.629624 0.573336
v -0.509645 4.599250 0.657975
v -0.230422 4.697826 0.515701
v 0.265648 4.494469 0.282473
v -0.038805 4.689409 0.421564
v -0.418791 4.637649 0.610872
v 0.162274 4.588187 0.481594
v 0.139887 4.592539 0.493645
v 0.131330 4.617615 0.341409
v -0.201516 4.672567 0.606822
v -0.226316 4.674810 0.612350
v -0.146819 4.657767 0.330854
v -0.129428 4.650438 0.318689
v 0.332953 4.315664 0.334841
v 0.379727 4.255740 0.331094
v 0.397446 4.176187 0.318361
v 0.379342 4.107389 0.301506
v 0.288360 4.300208 0.376701
v 0.307575 4.230731 0.398825
v 0.325294 4.151179 0.386092
v 0.334748 4.091933 0.343366
v 0.232855 4.296191 0.346056
v 0.217766 4.224233 0.349241
v 0.235485 4.144679 0.336508
v 0.279244 4.087916 0.312721
v 0.332328 4.075627 0.286967
v 0.274989 4.333069 0.328171
v 0.243143 4.309165 0.285257
v 0.234413 4.245223 0.250866
v 0.252131 4.165669 0.238133
v 0.289532 4.100890 0.251922
v 0.305008 4.321199 0.278326
v 0.334510 4.264697 0.239650
v 0.352230 4.185142 0.226917
v 0.351395 4.112924 0.244991
v 0.409445 4.078607 0.321816
v 0.427551 4.147404 0.338672
v 0.355400 4.122396 0.406402
v 0.364853 4.063151 0.363676
v 0.397203 4.283656 0.360480
v 0.350429 4.343581 0.364226
v 0.305836 4.328125 0.406086
v 0.325052 4.258648 0.428210
v 0.354174 4.023525 0.289399
v 0.401188 4.055287 0.303938
v 0.356596 4.039831 0.345798
v 0.425042 4.175683 0.347183
v 0.407323 4.255238 0.359917
v 0.335171 4.230229 0.427647
v 0.352890 4.150677 0.414914
v 0.331675 4.367392 0.353892
v 0.273710 4.384796 0.347222
v 0.287082 4.351935 0.395752
v 0.270035 4.348619 0.397662
v 0.256662 4.381480 0.349132
v 0.214528 4.344603 0.367018
v 0.325418 4.055479 0.368095
v 0.315963 4.114725 0.410821
v 0.226154 4.108224 0.361237
v 0.269912 4.051462 0.337450
v 0.285616 4.250977 0.432629
v 0.266400 4.320453 0.410505
v 0.210896 4.316436 0.379860
v 0.195807 4.244477 0.383045
v 0.337126 4.020208 0.291309
v 0.339548 4.036515 0.347708
v 0.284043 4.032498 0.317064
v 0.307146 4.141777 0.420040
v 0.289428 4.221331 0.432772
v 0.199618 4.214831 0.383188
v 0.217337 4.135277 0.370455
v 0.206828 4.346128 0.351443
v 0.248961 4.383006 0.333558
v 0.217116 4.359100 0.290644
v 0.252099 4.054991 0.301424
v 0.208340 4.111753 0.325210
v 0.224986 4.132743 0.226835
v 0.262386 4.067964 0.240625
v 0.177993 4.248006 0.347018
v 0.193081 4.319964 0.343834
v 0.203369 4.332937 0.283035
v 0.194639 4.268996 0.248643
v 0.329426 4.021733 0.275735
v 0.276342 4.034023 0.301490
v 0.286630 4.046996 0.240691
v 0.196674 4.139369 0.328666
v 0.178955 4.218925 0.341399
v 0.195601 4.239915 0.243025
v 0.213320 4.160361 0.230292
v 0.229405 4.363360 0.279109
v 0.261250 4.387265 0.322023
v 0.291268 4.375394 0.272177
v 0.290813 4.077816 0.213940
v 0.253412 4.142596 0.200151
v 0.353510 4.162069 0.188936
v 0.352675 4.089852 0.207009
v 0.223065 4.278849 0.221959
v 0.231796 4.342791 0.256351
v 0.293659 4.354825 0.249419
v 0.323162 4.298322 0.210744
v 0.341714 4.025993 0.264199
v 0.298919 4.051255 0.229155
v 0.360782 4.063290 0.222223
v 0.246293 4.171789 0.199339
v 0.228574 4.251344 0.212072
v 0.328671 4.270817 0.200857
v 0.346390 4.191262 0.188124
v 0.306564 4.376502 0.280622
v 0.276546 4.388372 0.330467
v 0.334509 4.370966 0.337137
v 0.388058 4.092412 0.226544
v 0.388891 4.164629 0.208471
v 0.434109 4.155674 0.299914
v 0.416004 4.086877 0.283059
v 0.358544 4.300882 0.230279
v 0.329042 4.357386 0.268954
v 0.356987 4.351851 0.325469
v 0.403762 4.291927 0.321722
v 0.357011 4.027100 0.272644
v 0.376078 4.064397 0.230669
v 0.404024 4.058863 0.287184
v 0.387432 4.194233 0.210783
v 0.369713 4.273787 0.223516
v 0.414931 4.264830 0.314960
v 0.432649 4.185277 0.302227
vt 0.279707 0.491835
vt 0.290191 0.491534
vt 0.290191 0.548522
vt 0.278281 0.548864
vt 0.233617 0.078574
vt 0.233617 0.068086
vt 0.290588 0.068050
vt 0.290588 0.079965
vt 0.288930 0.621699
vt 0.288930 0.678669
vt 0.278443 0.678493
vt 0.277017 0.621498
vt 0.161870 0.651123
vt 0.161870 0.675599
vt 0.108724 0.674060
vt 0.107499 0.655853
vt 0.453132 0.771572
vt 0.506021 0.769895
vt 0.506021 0.788139
vt 0.452417 0.784118
vt 0.610617 0.743603
vt 0.610617 0.762472
vt 0.556556 0.760806
vt 0.555801 0.747860
vt 0.443909 0.747529
vt 0.443909 0.766383
vt 0.390838 0.764999
vt 0.390010 0.752041
vt 0.268173 0.723322
vt 0.268173 0.743511
vt 0.215372 0.741338
vt 0.214840 0.726889
vt 0.107772 0.685800
vt 0.162093 0.683150
vt 0.162093 0.705010
vt 0.107499 0.701923
vt 0.299141 0.604498
vt 0.348546 0.602229
vt 0.348546 0.633176
vt 0.297316 0.626968
vt 0.137202 0.073115
vt 0.127747 0.003776
vt 0.161444 0.004106
vt 0.161444 0.070954
vt 0.610066 0.715849
vt 0.610066 0.736051
vt 0.556645 0.734237
vt 0.555801 0.719817
vt 0.556733 0.688288
vt 0.610046 0.686449
vt 0.610046 0.708298
vt 0.555801 0.704395
vt 0.561911 0.063034
vt 0.616612 0.059448
vt 0.616612 0.083936
vt 0.562102 0.081265
vt 0.785466 0.458197
vt 0.785466 0.476447
vt 0.732315 0.475288
vt 0.731409 0.462758
vt 0.507302 0.743469
vt 0.507302 0.762344
vt 0.452417 0.759093
vt 0.452489 0.746131
vt 0.151579 0.759588
vt 0.207289 0.755389
vt 0.207289 0.773226
vt 0.152039 0.771725
vt 0.270730 0.486646
vt 0.270730 0.517689
vt 0.216668 0.515470
vt 0.214840 0.493101
vt 0.610680 0.619213
vt 0.610680 0.646887
vt 0.558594 0.645445
vt 0.556597 0.625058
vt 0.672899 0.621257
vt 0.725459 0.619213
vt 0.725459 0.641048
vt 0.672239 0.637395
vt 0.708100 0.281873
vt 0.761177 0.280005
vt 0.761177 0.299489
vt 0.707313 0.295282
vt 0.707970 0.033193
vt 0.760906 0.030193
vt 0.760906 0.049669
vt 0.707882 0.046635
vt 0.099853 0.712564
vt 0.099853 0.732777
vt 0.045502 0.730258
vt 0.045189 0.715827
vt 0.557821 0.655980
vt 0.610046 0.654438
vt 0.610046 0.678897
vt 0.556597 0.674201
vt 0.731350 0.661204
vt 0.784341 0.657991
vt 0.784341 0.676835
vt 0.731422 0.674197
vt 0.443805 0.690385
vt 0.443805 0.712230
vt 0.390944 0.710383
vt 0.390010 0.694264
vt 0.452949 0.717878
vt 0.507060 0.715708
vt 0.507060 0.735918
vt 0.452417 0.732304
vt 0.269823 0.751062
vt 0.269823 0.769331
vt 0.214840 0.765937
vt 0.215032 0.753397
vt 0.524922 0.058766
vt 0.516661 0.007827
vt 0.547401 0.003776
vt 0.547401 0.058781
vt 0.668820 0.458197
vt 0.668820 0.485838
vt 0.618029 0.483188
vt 0.616909 0.462698
vt 0.267841 0.656768
vt 0.267841 0.681223
vt 0.215876 0.679223
vt 0.214840 0.660982
vt 0.735101 0.064594
vt 0.788159 0.061245
vt 0.788159 0.079484
vt 0.735293 0.077166
vt 0.099853 0.683154
vt 0.099853 0.705013
vt 0.045958 0.702967
vt 0.045298 0.686849
vt 0.390854 0.721593
vt 0.444020 0.719781
vt 0.444020 0.739978
vt 0.390010 0.736016
vt 0.729041 0.752159
vt 0.729041 0.770424
vt 0.674818 0.768758
vt 0.674104 0.756231
vt 0.781474 0.690884
vt 0.781474 0.708718
vt 0.726049 0.703878
vt 0.726675 0.691742
vt 0.674803 0.726987
vt 0.728799 0.725108
vt 0.728799 0.744608
vt 0.674104 0.740387
vt 0.045189 0.772204
vt 0.100248 0.767376
vt 0.100248 0.785207
vt 0.045816 0.784347
vt 0.727549 0.061245
vt 0.727549 0.083078
vt 0.675017 0.080439
vt 0.674744 0.064284
vt 0.099792 0.740328
vt 0.099792 0.759825
vt 0.045976 0.757959
vt 0.045189 0.744560
vt 0.298072 0.750441
vt 0.351029 0.748771
vt 0.351029 0.767622
vt 0.297316 0.763404
vt 0.702277 0.529647
vt 0.755063 0.527144
vt 0.755063 0.547330
vt 0.701964 0.544104
vt 0.787656 0.619213
vt 0.787656 0.637042
vt 0.733010 0.632871
vt 0.733471 0.620715
vt 0.120658 0.209523
vt 0.108456 0.203775
vt 0.108559 0.181341
vt 0.120658 0.175530
vt 0.843520 0.529958
vt 0.843586 0.507460
vt 0.855195 0.502011
vt 0.855195 0.535930
vt 0.280348 0.351404
vt 0.280508 0.328851
vt 0.291675 0.323418
vt 0.291675 0.357415
vt 0.857379 0.678921
vt 0.846229 0.673454
vt 0.846020 0.650910
vt 0.857379 0.645076
vt 0.851699 0.068815
vt 0.851902 0.048331
vt 0.862874 0.043206
vt 0.862874 0.074199
vt 0.862276 0.034825
vt 0.851065 0.029621
vt 0.850969 0.009167
vt 0.862276 0.003776
vt 0.854879 0.777012
vt 0.854979 0.756492
vt 0.865762 0.751382
vt 0.865762 0.782324
vt 0.864731 0.433157
vt 0.853818 0.428023
vt 0.853606 0.407537
vt 0.864731 0.402151
vt 0.862890 0.524955
vt 0.862746 0.506694
vt 0.873075 0.502011
vt 0.873075 0.529678
vt 0.037564 0.870046
vt 0.027144 0.865351
vt 0.027283 0.847104
vt 0.037564 0.842373
vt 0.372096 0.836691
vt 0.372002 0.818453
vt 0.382411 0.813706
vt 0.382411 0.841404
vt 0.161871 0.873298
vt 0.151579 0.868592
vt 0.151672 0.850321
vt 0.161871 0.845658
vt 0.515307 0.881739
vt 0.515213 0.865588
vt 0.524831 0.861529
vt 0.524831 0.885988
vt 0.335210 0.878291
vt 0.325546 0.874212
vt 0.325636 0.858082
vt 0.335210 0.853815
vt 0.659194 0.885447
vt 0.649582 0.881296
vt 0.649587 0.865171
vt 0.659194 0.860959
vt 0.674193 0.876155
vt 0.674104 0.860021
vt 0.683733 0.855911
vt 0.683733 0.880392
vt 0.178641 0.900939
vt 0.169467 0.897326
vt 0.169422 0.882890
vt 0.178641 0.879079
vt 0.461483 0.903491
vt 0.452502 0.899967
vt 0.452417 0.885520
vt 0.461483 0.881642
vt 0.045189 0.899711
vt 0.045236 0.885253
vt 0.054089 0.881666
vt 0.054089 0.903499
vt 0.380885 0.905291
vt 0.372041 0.901681
vt 0.372002 0.887220
vt 0.380885 0.883456
vt 0.470457 0.900236
vt 0.470537 0.886815
vt 0.479203 0.883519
vt 0.479203 0.903722
vt 0.582777 0.903745
vt 0.574185 0.900457
vt 0.574104 0.887025
vt 0.582777 0.883548
vt 0.214840 0.902210
vt 0.214905 0.888774
vt 0.223448 0.885465
vt 0.223448 0.905654
vt 0.913297 0.269849
vt 0.904705 0.266574
vt 0.904784 0.253606
vt 0.913297 0.250352
vt 0.626682 0.914200
vt 0.618233 0.910973
vt 0.618231 0.897980
vt 0.626682 0.894724
vt 0.775540 0.910312
vt 0.775460 0.897327
vt 0.783997 0.894067
vt 0.783997 0.913552
vt 0.280957 0.765555
vt 0.280974 0.752142
vt 0.289764 0.748771
vt 0.289764 0.768983
vt 0.900474 0.117473
vt 0.900397 0.104503
vt 0.909007 0.101243
vt 0.909007 0.120742
vt 0.142309 0.913871
vt 0.133792 0.910626
vt 0.133870 0.897642
vt 0.142309 0.894389
vt 0.093924 0.916452
vt 0.085484 0.913366
vt 0.085561 0.900819
vt 0.093924 0.897582
vt 0.807227 0.912404
vt 0.807150 0.899837
vt 0.815602 0.896770
vt 0.815602 0.915622
vt 0.902969 0.019994
vt 0.902970 0.007032
vt 0.911569 0.003776
vt 0.911569 0.023281
vt 0.117647 0.911803
vt 0.117560 0.899252
vt 0.126024 0.896201
vt 0.126024 0.915067
vt 0.734297 0.923429
vt 0.734392 0.911271
vt 0.742581 0.908385
vt 0.742581 0.926635
vt 0.498667 0.920944
vt 0.490262 0.917839
vt 0.490273 0.905266
vt 0.498667 0.902100
vt 0.709478 0.927021
vt 0.701338 0.924116
vt 0.701268 0.911953
vt 0.709478 0.908778
vt 0.859083 0.914022
vt 0.859072 0.901480
vt 0.867493 0.898343
vt 0.867493 0.917219
vt 0.919120 0.018954
vt 0.919145 0.006787
vt 0.927246 0.003776
vt 0.927246 0.022014
vt 0.355084 0.925573
vt 0.346538 0.922895
vt 0.346540 0.910980
vt 0.355084 0.907743
vt 0.325547 0.924269
vt 0.325546 0.912354
vt 0.333888 0.909472
vt 0.333888 0.927311
vt 0.035527 0.927030
vt 0.027144 0.924268
vt 0.027147 0.912353
vt 0.035527 0.909193
vt 0.602639 0.916542
vt 0.594202 0.913503
vt 0.594289 0.900940
vt 0.602639 0.897689
vt 0.151579 0.898817
vt 0.151662 0.884372
vt 0.160670 0.880849
vt 0.160670 0.902695
vt 0.012272 0.922780
vt 0.003800 0.919742
vt 0.003776 0.907599
vt 0.012272 0.904511
vt 0.762041 0.903670
vt 0.753310 0.900341
vt 0.753247 0.886923
vt 0.762041 0.883461
vt 0.198681 0.906089
vt 0.190151 0.902746
vt 0.190133 0.889303
vt 0.198681 0.885904
vt 0.887926 0.268420
vt 0.887962 0.253986
vt 0.897154 0.250352
vt 0.897154 0.272210
vt 0.246389 0.919959
vt 0.246458 0.907813
vt 0.254846 0.904889
vt 0.254846 0.923154
vt 0.337496 0.846264
vt 0.325906 0.840905
vt 0.325546 0.818428
vt 0.337496 0.812176
vt 0.199783 0.878353
vt 0.190133 0.874260
vt 0.190220 0.858113
vt 0.199783 0.853897
vt 0.133797 0.882661
vt 0.133792 0.866503
vt 0.143376 0.862392
vt 0.143376 0.886838
vt 0.340212 0.527673
vt 0.340163 0.509394
vt 0.350386 0.504755
vt 0.350386 0.532391
vt 0.855887 0.178063
vt 0.855774 0.157540
vt 0.866634 0.152298
vt 0.866634 0.183246
vt 0.104187 0.469736
vt 0.093755 0.465038
vt 0.093802 0.446806
vt 0.104187 0.442036
vt 0.860219 0.311048
vt 0.848881 0.305722
vt 0.848986 0.285268
vt 0.860219 0.280005
vt 0.835237 0.779254
vt 0.835390 0.756810
vt 0.847328 0.751382
vt 0.847328 0.785080
vt 0.414957 0.921227
vt 0.406644 0.918333
vt 0.406550 0.906181
vt 0.414957 0.902968
vt 0.670359 0.658887
vt 0.670359 0.683333
vt 0.618231 0.679795
vt 0.618422 0.661517
vt 0.708709 0.005150
vt 0.762571 0.003776
vt 0.762571 0.022642
vt 0.707882 0.018094
vt 0.453534 0.614606
vt 0.507662 0.611983
vt 0.507662 0.639681
vt 0.452417 0.635029
vt 0.411004 0.465855
vt 0.465898 0.462354
vt 0.465898 0.493403
vt 0.409872 0.488261
vt 0.739984 0.593414
vt 0.739984 0.611253
vt 0.684225 0.607755
vt 0.684391 0.595614
vt 0.554360 0.145594
vt 0.523636 0.141520
vt 0.531862 0.091489
vt 0.554360 0.091487
vt 0.162394 0.608917
vt 0.162394 0.639858
vt 0.113063 0.636339
vt 0.111929 0.613814
vt 0.098106 0.079508
vt 0.086688 0.009521
vt 0.120196 0.003776
vt 0.120196 0.082511
vt 0.216833 0.622984
vt 0.268717 0.621550
vt 0.268717 0.649217
vt 0.214840 0.643375
vt 0.504101 0.647232
vt 0.504101 0.674868
vt 0.452417 0.670096
vt 0.453296 0.649592
vt 0.045298 0.620763
vt 0.100522 0.615871
vt 0.100522 0.643571
vt 0.046176 0.641198
vt 0.760999 0.307041
vt 0.760999 0.326523
vt 0.708012 0.324636
vt 0.707313 0.311218
vt 0.037747 0.085569
vt 0.003776 0.082752
vt 0.015948 0.006593
vt 0.037747 0.003776
vt 0.046330 0.653105
vt 0.099948 0.651123
vt 0.099948 0.675603
vt 0.045298 0.671313
vt 0.049533 0.140966
vt 0.116022 0.134060
vt 0.116022 0.167979
vt 0.045298 0.162819
vt 0.079137 0.084313
vt 0.045298 0.084965
vt 0.055224 0.003776
vt 0.079137 0.005578
vt 0.451914 0.064430
vt 0.451914 0.083936
vt 0.397231 0.080908
vt 0.397143 0.067495
vt 0.121669 0.092516
vt 0.121669 0.126509
vt 0.051713 0.124659
vt 0.045298 0.103277
vt 0.718431 0.374502
vt 0.772174 0.373352
vt 0.772174 0.391611
vt 0.717526 0.387021
vt 0.398683 0.924614
vt 0.390010 0.921739
vt 0.390011 0.909824
vt 0.398683 0.906788
vt 0.169425 0.923086
vt 0.169422 0.911170
vt 0.177887 0.908490
vt 0.177887 0.926324
vt 0.555801 0.773496
vt 0.610129 0.770023
vt 0.610129 0.787850
vt 0.555968 0.785662
vt 0.226066 0.079965
vt 0.168995 0.079929
vt 0.168995 0.069441
vt 0.226066 0.068050
vt 0.293912 0.921869
vt 0.293910 0.909954
vt 0.302541 0.907197
vt 0.302541 0.925025
vt 0.452438 0.501130
vt 0.462925 0.500955
vt 0.462925 0.558001
vt 0.451011 0.558201
vt 0.290192 0.426971
vt 0.290192 0.483983
vt 0.279707 0.483682
vt 0.278281 0.426629
vt 0.930369 0.476602
vt 0.930369 0.512351
vt 0.928303 0.512083
vt 0.928313 0.476191
vt 0.507662 0.602147
vt 0.471135 0.604432
vt 0.472923 0.562241
vt 0.507662 0.560333
vt 0.954572 0.264868
vt 0.954564 0.236515
vt 0.956493 0.236536
vt 0.956493 0.265033
vt 0.359806 0.392867
vt 0.359605 0.342123
vt 0.395586 0.343740
vt 0.395586 0.394599
vt 0.762801 0.943938
vt 0.762778 0.911490
vt 0.764747 0.911221
vt 0.764747 0.944234
vt 0.299547 0.387625
vt 0.334474 0.385673
vt 0.334474 0.436091
vt 0.299291 0.437632
vt 0.410056 0.452075
vt 0.409872 0.402151
vt 0.444228 0.404696
vt 0.444228 0.454803
vt 0.193294 0.158668
vt 0.229013 0.157422
vt 0.229013 0.213454
vt 0.192921 0.215390
vt 0.221065 0.145039
vt 0.220851 0.091487
vt 0.258063 0.092950
vt 0.258063 0.146675
vt 0.410150 0.560472
vt 0.442217 0.558912
vt 0.442217 0.607392
vt 0.409872 0.608513
vt 0.843417 0.003833
vt 0.843417 0.035149
vt 0.837268 0.034995
vt 0.828380 0.003776
vt 0.875603 0.731071
vt 0.877577 0.730854
vt 0.877577 0.785080
vt 0.875580 0.784958
vt 0.357600 0.617885
vt 0.387657 0.616064
vt 0.387657 0.662874
vt 0.357307 0.664393
vt 0.265886 0.093347
vt 0.302028 0.091487
vt 0.302028 0.144759
vt 0.265614 0.146142
vt 0.176742 0.148841
vt 0.176432 0.091487
vt 0.213300 0.093507
vt 0.213300 0.149871
vt 0.409872 0.510749
vt 0.443460 0.500955
vt 0.443460 0.551360
vt 0.410546 0.549268
vt 0.592075 0.005727
vt 0.592075 0.048379
vt 0.556758 0.046455
vt 0.554953 0.003776
vt 0.362512 0.953537
vt 0.364419 0.953310
vt 0.364419 0.977253
vt 0.362497 0.977165
vt 0.170171 0.656041
vt 0.169945 0.608917
vt 0.201068 0.610515
vt 0.201068 0.657654
vt 0.947427 0.476913
vt 0.949359 0.476191
vt 0.949359 0.507211
vt 0.947404 0.506937
vt 0.086204 0.483850
vt 0.045298 0.485694
vt 0.045842 0.460561
vt 0.086204 0.442036
vt 0.036769 0.266567
vt 0.011897 0.263959
vt 0.003776 0.225163
vt 0.036769 0.213846
vt 0.979407 0.151817
vt 0.979297 0.129119
vt 0.981226 0.129004
vt 0.981226 0.152494
vt 0.359710 0.768407
vt 0.370289 0.729335
vt 0.379930 0.728366
vt 0.379930 0.776227
vt 0.454406 0.911042
vt 0.454406 0.944744
vt 0.452451 0.944143
vt 0.452417 0.911224
vt 0.759273 0.262137
vt 0.736830 0.263336
vt 0.750004 0.219063
vt 0.759273 0.218140
vt 0.116932 0.258213
vt 0.088509 0.258950
vt 0.089990 0.229889
vt 0.116932 0.221291
vt 0.818314 0.313553
vt 0.802519 0.312956
vt 0.797366 0.288744
vt 0.818314 0.280005
vt 0.760732 0.139914
vt 0.750751 0.138869
vt 0.740088 0.099674
vt 0.760732 0.091487
vt 0.965561 0.029298
vt 0.963467 0.029862
vt 0.963422 0.003949
vt 0.965561 0.003776
vt 0.662960 0.444804
vt 0.655889 0.411228
vt 0.684689 0.402151
vt 0.684689 0.447484
vt 0.878034 0.962375
vt 0.877972 0.936118
vt 0.880074 0.936273
vt 0.880074 0.962903
vt 0.014029 0.834467
vt 0.003776 0.811817
vt 0.029531 0.811240
vt 0.029531 0.834821
vt 0.492293 0.803117
vt 0.506658 0.795690
vt 0.506658 0.830750
vt 0.499679 0.830640
vt 0.289764 0.706762
vt 0.289764 0.741220
vt 0.275818 0.734201
vt 0.283128 0.706807
vt 0.973150 0.342249
vt 0.975214 0.341686
vt 0.975214 0.365728
vt 0.973099 0.365882
vt 0.981766 0.686225
vt 0.981609 0.664511
vt 0.983614 0.664384
vt 0.983614 0.686902
vt 0.910485 0.402829
vt 0.912257 0.402151
vt 0.912257 0.443271
vt 0.910341 0.443075
vt 0.699357 0.271180
vt 0.687990 0.271387
vt 0.675754 0.229911
vt 0.699357 0.218140
vt 0.935693 0.271651
vt 0.935555 0.236771
vt 0.937525 0.236515
vt 0.937525 0.272171
vt 0.823560 0.432222
vt 0.801073 0.433045
vt 0.812532 0.403454
vt 0.823560 0.402151
vt 0.668203 0.219714
vt 0.668203 0.272186
vt 0.657582 0.271113
vt 0.642195 0.218140
vt 0.760131 0.787809
vt 0.760131 0.818197
vt 0.737940 0.812043
vt 0.736592 0.787363
vt 0.831111 0.424560
vt 0.846055 0.402151
vt 0.846055 0.433402
vt 0.868392 0.866218
vt 0.868392 0.890792
vt 0.859072 0.870508
vt 0.627600 0.887173
vt 0.618231 0.882524
vt 0.627600 0.862262
vt 0.232177 0.817665
vt 0.232177 0.844600
vt 0.214840 0.843937
vt 0.820924 0.524967
vt 0.835969 0.502011
vt 0.835969 0.535713
vt 0.351791 0.385673
vt 0.351791 0.414946
vt 0.342025 0.390766
vt 0.822283 0.259894
vt 0.822283 0.271263
vt 0.796237 0.269983
vt 0.797366 0.322395
vt 0.824782 0.321104
vt 0.824782 0.340110
vt 0.727599 0.837881
vt 0.701268 0.835745
vt 0.727599 0.820142
vt 0.784208 0.494460
vt 0.760555 0.485594
vt 0.784208 0.484165
vt 0.745696 0.877175
vt 0.736592 0.872265
vt 0.745696 0.850387
vt 0.848819 0.824021
vt 0.834532 0.801800
vt 0.848819 0.792632
vt 0.774402 0.611082
vt 0.747535 0.609098
vt 0.774402 0.593414
vt 0.594202 0.889551
vt 0.604512 0.867435
vt 0.604512 0.890137
vt 0.224026 0.877914
vt 0.214840 0.872912
vt 0.224026 0.852151
vt 0.151579 0.821664
vt 0.178508 0.820914
vt 0.178508 0.838107
vt 0.624163 0.067362
vt 0.654568 0.066217
vt 0.654568 0.083936
vt 0.306861 0.848571
vt 0.306861 0.875897
vt 0.297316 0.853615
vt 0.284194 0.873117
vt 0.273923 0.868848
vt 0.284194 0.846890
vt 0.579852 0.152981
vt 0.608440 0.152298
vt 0.608440 0.207854
vt 0.848583 0.110950
vt 0.861292 0.091487
vt 0.861292 0.120030
vt 0.228727 0.337962
vt 0.228727 0.362258
vt 0.220478 0.342290
vt 0.822656 0.440597
vt 0.822656 0.450216
vt 0.801073 0.449269
vt 0.832333 0.322182
vt 0.855553 0.321104
vt 0.855553 0.337129
vt 0.829385 0.064720
vt 0.844148 0.043206
vt 0.844148 0.074818
vt 0.054686 0.846108
vt 0.054686 0.874115
vt 0.045189 0.850734
vt 0.062237 0.846292
vt 0.073071 0.846108
vt 0.073071 0.871343
vt 0.807311 0.193366
vt 0.833365 0.191952
vt 0.833365 0.210202
vt 0.851521 0.831572
vt 0.851521 0.856277
vt 0.834532 0.832853
vt 0.843765 0.863828
vt 0.843765 0.888677
vt 0.834532 0.867369
vt 0.884398 0.818674
vt 0.875580 0.814115
vt 0.884398 0.792632
vt 0.859414 0.720590
vt 0.845790 0.699981
vt 0.859414 0.690884
vt 0.532367 0.829414
vt 0.532367 0.853978
vt 0.515213 0.830942
vt 0.842685 0.743352
vt 0.818893 0.734280
vt 0.842685 0.733332
vt 0.878766 0.030405
vt 0.869827 0.025844
vt 0.878766 0.003776
vt 0.859068 0.488277
vt 0.845472 0.467819
vt 0.859068 0.458197
vt 0.101941 0.832133
vt 0.101941 0.857095
vt 0.085484 0.832607
vt 0.900738 0.792632
vt 0.900738 0.816673
vt 0.891949 0.796785
vt 0.398979 0.899237
vt 0.390010 0.894972
vt 0.398979 0.875164
vt 0.856879 0.587054
vt 0.842889 0.566382
vt 0.856879 0.557580
vt 0.822740 0.667940
vt 0.838469 0.645076
vt 0.838469 0.677288
vt 0.802676 0.744608
vt 0.778760 0.734632
vt 0.802676 0.733885
vt 0.381618 0.875905
vt 0.372002 0.870865
vt 0.381618 0.848955
vt 0.364451 0.813706
vt 0.364451 0.841458
vt 0.346538 0.841275
vt 0.701268 0.864953
vt 0.713829 0.845432
vt 0.713829 0.869988
vt 0.035492 0.877597
vt 0.035492 0.901642
vt 0.027144 0.880744
vt 0.868029 0.819967
vt 0.856370 0.811880
vt 0.868029 0.792632
vt 0.442522 0.810027
vt 0.426073 0.793647
vt 0.442522 0.773934
vt 0.088834 0.356629
vt 0.103801 0.330138
vt 0.103801 0.365452
vt 0.735319 0.434804
vt 0.735319 0.449782
vt 0.724149 0.435549
vt 0.139691 0.942417
vt 0.139691 0.959602
vt 0.133792 0.944983
vt 0.521232 0.955627
vt 0.515213 0.953004
vt 0.521232 0.938434
vt 0.924940 0.119434
vt 0.916558 0.107021
vt 0.924940 0.101243
vt 0.779876 0.942234
vt 0.779876 0.959490
vt 0.773990 0.944947
vt 0.631680 0.203113
vt 0.631680 0.209797
vt 0.615991 0.209778
vt 0.877884 0.548997
vt 0.862746 0.548719
vt 0.877884 0.537229
vt 0.465758 0.064430
vt 0.465758 0.083261
vt 0.459466 0.067061
vt 0.299015 0.221829
vt 0.299015 0.228809
vt 0.281636 0.228687
vt 0.850236 0.732637
vt 0.865332 0.731480
vt 0.865332 0.743352
vt 0.033449 0.566109
vt 0.003776 0.564069
vt 0.033449 0.510553
vt 0.582076 0.825153
vt 0.582076 0.841882
vt 0.555801 0.826870
vt 0.289473 0.688774
vt 0.289473 0.698685
vt 0.267362 0.698540
vt 0.895418 0.003776
vt 0.895418 0.028306
vt 0.886318 0.008155
vt 0.688508 0.817867
vt 0.688508 0.848360
vt 0.674104 0.839909
vt 0.825996 0.614403
vt 0.840722 0.604123
vt 0.840722 0.637041
vt 0.873954 0.586456
vt 0.864430 0.581634
vt 0.873954 0.557580
vt 0.169422 0.870942
vt 0.180427 0.845658
vt 0.180427 0.871528
vt 0.840493 0.218140
vt 0.840493 0.250015
vt 0.824862 0.240163
vt 0.762283 0.825749
vt 0.762283 0.842836
vt 0.736592 0.828130
vt 0.784838 0.886516
vt 0.775460 0.883154
vt 0.784838 0.861610
vt 0.434926 0.852282
vt 0.434926 0.878691
vt 0.426073 0.856926
vt 0.665903 0.853408
vt 0.649582 0.827793
vt 0.665903 0.827606
vt 0.071417 0.821531
vt 0.071417 0.838557
vt 0.045189 0.823771
vt 0.246389 0.875477
vt 0.256354 0.874840
vt 0.256354 0.897338
vt 0.094413 0.864646
vt 0.094413 0.890031
vt 0.085484 0.869380
vt 0.206663 0.846346
vt 0.190133 0.820659
vt 0.206663 0.820023
vt 0.609298 0.795401
vt 0.609298 0.829101
vt 0.594202 0.821158
vt 0.479759 0.875968
vt 0.470457 0.871212
vt 0.479759 0.849059
vt 0.555801 0.872949
vt 0.566552 0.849433
vt 0.566552 0.873460
vt 0.621720 0.493412
vt 0.621720 0.554294
vt 0.596508 0.505483
vt 0.856254 0.356506
vt 0.868652 0.347884
vt 0.868652 0.375663
vt 0.115970 0.779276
vt 0.107964 0.775225
vt 0.115970 0.755389
vt 0.282569 0.880668
vt 0.282569 0.903562
vt 0.273923 0.883996
vt 0.405492 0.867613
vt 0.390010 0.845657
vt 0.405492 0.844795
vt 0.609358 0.485053
vt 0.592127 0.484841
vt 0.609358 0.459561
vt 0.355789 0.876632
vt 0.346538 0.872269
vt 0.355789 0.849009
vt 0.452417 0.873870
vt 0.462906 0.849059
vt 0.462906 0.874091
vt 0.452417 0.839876
vt 0.477858 0.823931
vt 0.477858 0.841508
vt 0.799460 0.837678
vt 0.799460 0.854059
vt 0.775460 0.839776
vt 0.012749 0.896959
vt 0.003776 0.893666
vt 0.012749 0.872463
vt 0.498829 0.868879
vt 0.498829 0.894549
vt 0.490262 0.873177
vt 0.861476 0.604123
vt 0.861476 0.632804
vt 0.848273 0.624275
vt 0.823631 0.856575
vt 0.807150 0.854909
vt 0.823631 0.832612
vt 0.816250 0.889219
vt 0.807150 0.885907
vt 0.816250 0.864126
vt 0.126241 0.862392
vt 0.126241 0.888650
vt 0.117560 0.866698
vt 0.861224 0.218140
vt 0.861224 0.247199
vt 0.848044 0.238152
vt 0.716598 0.434804
vt 0.716598 0.450631
vt 0.692240 0.435780
vt 0.070771 0.902527
vt 0.062237 0.898658
vt 0.070771 0.878895
vt 0.709963 0.877539
vt 0.709963 0.901226
vt 0.701268 0.881533
vt 0.117560 0.853780
vt 0.141914 0.838962
vt 0.141914 0.854841
vt 0.443675 0.844730
vt 0.426073 0.843370
vt 0.443675 0.817578
vt 0.762881 0.875910
vt 0.753247 0.872059
vt 0.762881 0.850387
vt 0.583455 0.849433
vt 0.583455 0.875997
vt 0.574104 0.854202
vt 0.515061 0.083194
vt 0.542209 0.066464
vt 0.542209 0.083727
vt 0.818562 0.131344
vt 0.818562 0.144470
vt 0.796273 0.135995
vt 0.555801 0.881242
vt 0.564588 0.881011
vt 0.564588 0.903379
vt 0.870611 0.831572
vt 0.870611 0.858667
vt 0.859072 0.839506
vt 0.665785 0.784837
vt 0.665785 0.820055
vt 0.649582 0.800834
vt 0.823388 0.466466
vt 0.837921 0.458197
vt 0.837921 0.492545
vt 0.102989 0.266501
vt 0.102989 0.277246
vt 0.088509 0.267686
vt 0.723371 0.963178
vt 0.717680 0.960843
vt 0.723371 0.946363
vt 0.864845 0.945491
vt 0.864845 0.962337
vt 0.859072 0.947889
vt 0.928459 0.536489
vt 0.918727 0.521984
vt 0.928459 0.521960
vt 0.963799 0.722560
vt 0.958167 0.720119
vt 0.963799 0.705714
vt 0.173999 0.601346
vt 0.158532 0.595131
vt 0.173999 0.595017
vt 0.834532 0.902767
vt 0.843507 0.896228
vt 0.843507 0.914258
vt 0.414957 0.947222
vt 0.408922 0.944844
vt 0.414957 0.928778
vt 0.323727 0.228465
vt 0.306566 0.222066
vt 0.323727 0.221829
vt 0.919599 0.450822
vt 0.919599 0.468368
vt 0.910341 0.462086
vt 0.201302 0.420333
vt 0.227757 0.372185
vt 0.227757 0.432410
vt 0.564222 0.330355
vt 0.553973 0.280005
vt 0.586750 0.280578
vt 0.586750 0.329851
vt 0.795207 0.630063
vt 0.795621 0.605834
vt 0.818445 0.605433
vt 0.818445 0.637042
vt 0.973652 0.215135
vt 0.973612 0.192121
vt 0.975711 0.191941
vt 0.975711 0.215707
vt 0.886805 0.280311
vt 0.888717 0.280005
vt 0.888717 0.332213
vt 0.886790 0.332081
vt 0.201886 0.594868
vt 0.199924 0.595034
vt 0.199907 0.538670
vt 0.201886 0.538835
vt 0.835338 0.587042
vt 0.814124 0.586427
vt 0.814225 0.562484
vt 0.835338 0.557580
vt 0.474667 0.078199
vt 0.475439 0.063520
vt 0.507510 0.062113
vt 0.507510 0.083727
vt 0.897639 0.603307
vt 0.897639 0.652417
vt 0.895676 0.652057
vt 0.895663 0.603503
vt 0.744576 0.493412
vt 0.744576 0.519593
vt 0.706704 0.519203
vt 0.701964 0.506025
vt 0.870425 0.043566
vt 0.872344 0.043206
vt 0.872344 0.098635
vt 0.870443 0.098323
vt 0.961451 0.731146
vt 0.963430 0.730854
vt 0.963430 0.758173
vt 0.961485 0.757925
vt 0.888154 0.544374
vt 0.888154 0.595756
vt 0.886104 0.595429
vt 0.886092 0.544570
vt 0.289508 0.839221
vt 0.273923 0.839339
vt 0.283037 0.807609
vt 0.289508 0.807261
vt 0.835450 0.373044
vt 0.842376 0.347992
vt 0.848703 0.347884
vt 0.848703 0.379240
vt 0.874233 0.402151
vt 0.874233 0.456939
vt 0.872294 0.456558
vt 0.872282 0.402458
vt 0.841032 0.091613
vt 0.841032 0.122969
vt 0.834900 0.122697
vt 0.826020 0.091487
vt 0.979477 0.160724
vt 0.981296 0.160045
vt 0.981296 0.183240
vt 0.979297 0.183102
vt 0.799760 0.152474
vt 0.799760 0.195885
vt 0.780277 0.186556
vt 0.790497 0.152298
vt 0.983186 0.970720
vt 0.983134 0.950072
vt 0.985059 0.949844
vt 0.985059 0.971059
vt 0.810674 0.072875
vt 0.798827 0.043206
vt 0.821834 0.043601
vt 0.821834 0.073672
vt 0.314516 0.905634
vt 0.316380 0.905014
vt 0.316380 0.940040
vt 0.314413 0.939811
vt 0.599626 0.012435
vt 0.633053 0.003776
vt 0.633053 0.050900
vt 0.600249 0.048438
vt 0.390709 0.558085
vt 0.390709 0.607733
vt 0.357941 0.598351
vt 0.358556 0.560243
vt 0.693257 0.855911
vt 0.693257 0.901924
vt 0.691284 0.901477
vt 0.691307 0.856178
vt 0.152152 0.787608
vt 0.175118 0.780777
vt 0.175118 0.812888
vt 0.151579 0.813363
vt 0.891227 0.402576
vt 0.893330 0.402151
vt 0.893330 0.451994
vt 0.891252 0.451886
vt 0.956517 0.219564
vt 0.954481 0.220120
vt 0.954428 0.192112
vt 0.956517 0.191941
vt 0.972122 0.544708
vt 0.974134 0.544374
vt 0.974134 0.569007
vt 0.972119 0.568941
vt 0.215571 0.803345
vt 0.214840 0.776882
vt 0.238838 0.777240
vt 0.238838 0.810114
vt 0.867798 0.280389
vt 0.869735 0.280005
vt 0.869735 0.335424
vt 0.867770 0.335426
vt 0.813373 0.502011
vt 0.813373 0.536385
vt 0.791759 0.527188
vt 0.797007 0.502589
vt 0.881784 0.402545
vt 0.883676 0.402151
vt 0.883676 0.455751
vt 0.881806 0.455471
vt 0.266108 0.875137
vt 0.266108 0.914008
vt 0.263906 0.913850
vt 0.263913 0.874840
vt 0.895564 0.664819
vt 0.897593 0.664384
vt 0.897593 0.713593
vt 0.895585 0.713512
vt 0.343980 0.422497
vt 0.343980 0.479719
vt 0.342043 0.479346
vt 0.342025 0.422662
vt 0.962581 0.544758
vt 0.964568 0.544374
vt 0.964568 0.570749
vt 0.962480 0.570595
vt 0.906719 0.917882
vt 0.906716 0.879769
vt 0.908704 0.879740
vt 0.908704 0.918265
vt 0.823801 0.906435
vt 0.823808 0.864206
vt 0.825726 0.864126
vt 0.825726 0.906843
vt 0.225336 0.613999
vt 0.214840 0.566024
vt 0.248166 0.566186
vt 0.248166 0.613132
vt 0.335577 0.236360
vt 0.335577 0.272454
vt 0.281636 0.263220
vt 0.282911 0.238740
vt 0.515213 0.601128
vt 0.515815 0.563365
vt 0.547726 0.560491
vt 0.547726 0.609675
vt 0.965831 0.043623
vt 0.967849 0.043206
vt 0.967849 0.068678
vt 0.965721 0.068541
vt 0.299475 0.332052
vt 0.299291 0.280005
vt 0.335212 0.282365
vt 0.335212 0.334572
vt 0.531160 0.269254
vt 0.520895 0.218140
vt 0.553875 0.218172
vt 0.553875 0.268378
vt 0.911176 0.476574
vt 0.911176 0.517328
vt 0.909240 0.517346
vt 0.909241 0.476191
vt 0.878456 0.664384
vt 0.878456 0.718535
vt 0.876500 0.718120
vt 0.876483 0.664518
vt 0.379930 0.806155
vt 0.347038 0.804759
vt 0.346538 0.789330
vt 0.379930 0.783778
vt 0.907332 0.603665
vt 0.907332 0.644512
vt 0.905190 0.644302
vt 0.905199 0.603307
vt 0.977283 0.509919
vt 0.979386 0.509536
vt 0.979386 0.532335
vt 0.977183 0.532193
vt 0.583797 0.943676
vt 0.583650 0.911548
vt 0.585633 0.911296
vt 0.585633 0.944217
vt 0.925305 0.767669
vt 0.923376 0.768233
vt 0.923359 0.731035
vt 0.925305 0.730854
vt 0.946919 0.087072
vt 0.948788 0.086447
vt 0.948788 0.117924
vt 0.946895 0.117565
vt 0.955871 0.003776
vt 0.955871 0.032318
vt 0.953906 0.031714
vt 0.953869 0.003935
vt 0.264861 0.525240
vt 0.264861 0.558473
vt 0.216356 0.542865
vt 0.214840 0.526406
vt 0.194726 0.269883
vt 0.212927 0.268535
vt 0.212927 0.321963
vt 0.175899 0.322006
vt 0.925227 0.280378
vt 0.927080 0.280005
vt 0.927080 0.317178
vt 0.925170 0.316977
vt 0.505724 0.280005
vt 0.505724 0.330079
vt 0.488532 0.329078
vt 0.470694 0.281331
vt 0.572300 0.207368
vt 0.539432 0.207854
vt 0.555984 0.158882
vt 0.572300 0.157422
vt 0.004363 0.692446
vt 0.031740 0.682959
vt 0.031740 0.721292
vt 0.003776 0.722120
vt 0.523146 0.392701
vt 0.497461 0.391049
vt 0.488904 0.353957
vt 0.523146 0.342123
vt 0.906222 0.731250
vt 0.906222 0.773268
vt 0.904156 0.773008
vt 0.904167 0.730854
vt 0.583845 0.974913
vt 0.583650 0.951904
vt 0.585788 0.951768
vt 0.585788 0.975569
vt 0.783987 0.403129
vt 0.793522 0.402151
vt 0.793522 0.448840
vt 0.773492 0.441306
vt 0.045298 0.312054
vt 0.046676 0.286863
vt 0.097857 0.285325
vt 0.097857 0.322587
vt 0.314413 0.848996
vt 0.316527 0.848571
vt 0.316527 0.897463
vt 0.314435 0.897399
vt 0.231577 0.852531
vt 0.233727 0.852151
vt 0.233727 0.899032
vt 0.231604 0.898877
vt 0.965995 0.236813
vt 0.965995 0.262805
vt 0.964044 0.262654
vt 0.964052 0.236515
vt 0.737544 0.402151
vt 0.737544 0.427253
vt 0.692696 0.413594
vt 0.692240 0.403343
vt 0.526032 0.503502
vt 0.549046 0.503538
vt 0.549046 0.551200
vt 0.515213 0.552940
vt 0.723799 0.657991
vt 0.723799 0.683333
vt 0.678343 0.671927
vt 0.677910 0.661608
vt 0.892056 0.476191
vt 0.892056 0.527160
vt 0.890152 0.526728
vt 0.890134 0.476439
vt 0.969769 0.129348
vt 0.971746 0.129004
vt 0.971746 0.153924
vt 0.969671 0.153739
vt 0.500441 0.708157
vt 0.452417 0.705503
vt 0.452800 0.695135
vt 0.500441 0.682419
vt 0.255257 0.375184
vt 0.236564 0.323418
vt 0.272797 0.323698
vt 0.272797 0.376331
vt 0.291740 0.280005
vt 0.291740 0.315867
vt 0.238189 0.298790
vt 0.236564 0.280950
vt 0.146296 0.485697
vt 0.111929 0.483350
vt 0.129582 0.434368
vt 0.146296 0.433676
vt 0.916543 0.878508
vt 0.918308 0.877826
vt 0.918308 0.916806
vt 0.916384 0.916584
vt 0.945104 0.237056
vt 0.947013 0.236515
vt 0.947013 0.267904
vt 0.945076 0.267429
vt 0.639002 0.922350
vt 0.638869 0.885149
vt 0.640785 0.884981
vt 0.640785 0.923007
vt 0.045189 0.797527
vt 0.077933 0.792758
vt 0.077933 0.813980
vt 0.045537 0.812523
vt 0.896268 0.280445
vt 0.898345 0.280005
vt 0.898345 0.328034
vt 0.896290 0.327979
vt 0.386237 0.330411
vt 0.386052 0.280005
vt 0.421026 0.282393
vt 0.421026 0.333016
vt 0.920100 0.043408
vt 0.920100 0.081463
vt 0.918061 0.081080
vt 0.918070 0.043206
vt 0.797777 0.120910
vt 0.796273 0.091487
vt 0.818469 0.091990
vt 0.818469 0.123793
vt 0.908393 0.342029
vt 0.908393 0.382506
vt 0.906302 0.382305
vt 0.906313 0.341686
vt 0.003776 0.613877
vt 0.004379 0.577012
vt 0.036762 0.573660
vt 0.036762 0.621702
vt 0.471193 0.250433
vt 0.473817 0.218363
vt 0.513344 0.218140
vt 0.513344 0.259954
vt 0.549797 0.083309
vt 0.549760 0.066464
vt 0.551736 0.066632
vt 0.551736 0.083824
vt 0.899607 0.476598
vt 0.901688 0.476191
vt 0.901688 0.522204
vt 0.899635 0.522057
vt 0.357941 0.537550
vt 0.366248 0.500925
vt 0.391479 0.499919
vt 0.391479 0.550534
vt 0.954929 0.544374
vt 0.954929 0.573878
vt 0.953015 0.573192
vt 0.952990 0.544665
vt 0.953737 0.280695
vt 0.955649 0.280005
vt 0.955649 0.309479
vt 0.953706 0.309203
vt 0.991184 0.678941
vt 0.991165 0.664452
vt 0.993046 0.664384
vt 0.993046 0.679383
vt 0.934174 0.544973
vt 0.935984 0.544374
vt 0.935984 0.580174
vt 0.933997 0.579881
vt 0.969631 0.534033
vt 0.967554 0.534603
vt 0.967520 0.509754
vt 0.969631 0.509536
vt 0.983341 0.897890
vt 0.983231 0.877906
vt 0.985236 0.877826
vt 0.985236 0.898380
vt 0.262200 0.846103
vt 0.262200 0.867289
vt 0.247348 0.861847
vt 0.246389 0.845154
vt 0.444473 0.941286
vt 0.442490 0.941816
vt 0.442477 0.907106
vt 0.444473 0.906973
vt 0.941215 0.129794
vt 0.943181 0.129004
vt 0.943181 0.163633
vt 0.941150 0.163495
vt 0.879911 0.043452
vt 0.881836 0.043206
vt 0.881836 0.096932
vt 0.879895 0.096725
vt 0.871138 0.465343
vt 0.873075 0.464754
vt 0.873075 0.494460
vt 0.871112 0.494023
vt 0.943463 0.604035
vt 0.945278 0.603307
vt 0.945278 0.637588
vt 0.943366 0.637492
vt 0.983183 0.832136
vt 0.985001 0.831572
vt 0.985001 0.853376
vt 0.983026 0.853124
vt 0.946973 0.831572
vt 0.946973 0.863184
vt 0.945038 0.862472
vt 0.945021 0.831877
vt 0.691413 0.943738
vt 0.691284 0.909688
vt 0.693213 0.909475
vt 0.693213 0.944321
vt 0.423808 0.910468
vt 0.425635 0.909933
vt 0.425635 0.944433
vt 0.423640 0.944085
vt 0.990113 0.731245
vt 0.991967 0.730854
vt 0.991967 0.747025
vt 0.990046 0.746858
vt 0.526609 0.764812
vt 0.545604 0.764134
vt 0.545604 0.792667
vt 0.515213 0.792287
vt 0.899392 0.191941
vt 0.899392 0.239710
vt 0.897463 0.239355
vt 0.897446 0.192134
vt 0.662175 0.066681
vt 0.664106 0.066217
vt 0.664106 0.083474
vt 0.662119 0.083528
vt 0.618231 0.848780
vt 0.625069 0.823585
vt 0.631318 0.823394
vt 0.631318 0.854711
vt 0.348546 0.594678
vt 0.299291 0.593877
vt 0.300496 0.578044
vt 0.348546 0.562231
vt 0.895705 0.593036
vt 0.895718 0.544556
vt 0.897657 0.544374
vt 0.897657 0.593308
vt 0.957908 0.428714
vt 0.957852 0.402151
vt 0.960009 0.402303
vt 0.960009 0.429253
vt 0.983223 0.236851
vt 0.985095 0.236515
vt 0.985095 0.257406
vt 0.983146 0.257215
vt 0.674458 0.153296
vt 0.685208 0.152298
vt 0.685208 0.201573
vt 0.659031 0.202802
vt 0.931767 0.129564
vt 0.933599 0.129004
vt 0.933599 0.165576
vt 0.931649 0.165305
vt 0.339141 0.676096
vt 0.297316 0.675713
vt 0.298461 0.662229
vt 0.339141 0.640727
vt 0.989774 0.806068
vt 0.991745 0.805559
vt 0.991745 0.822178
vt 0.989745 0.822360
vt 0.897108 0.914244
vt 0.899033 0.913736
vt 0.899033 0.946516
vt 0.897100 0.946568
vt 0.975414 0.043565
vt 0.977337 0.043206
vt 0.977337 0.067252
vt 0.975400 0.067177
vt 0.886117 0.603563
vt 0.888112 0.603307
vt 0.888112 0.655000
vt 0.886092 0.654868
vt 0.507869 0.206569
vt 0.496843 0.157422
vt 0.531880 0.158112
vt 0.531880 0.206035
vt 0.297452 0.836471
vt 0.297316 0.812844
vt 0.317995 0.812176
vt 0.317995 0.841020
vt 0.612838 0.091487
vt 0.634897 0.092635
vt 0.634897 0.138753
vt 0.602341 0.138892
vt 0.169813 0.372185
vt 0.193751 0.372727
vt 0.193751 0.423305
vt 0.158532 0.424464
vt 0.212927 0.364633
vt 0.158532 0.364066
vt 0.159843 0.346853
vt 0.212927 0.329557
vt 0.529880 0.281954
vt 0.546422 0.280005
vt 0.546422 0.330079
vt 0.513275 0.331370
vt 0.676568 0.321357
vt 0.688745 0.280005
vt 0.699762 0.280272
vt 0.699762 0.332745
vt 0.206663 0.811941
vt 0.182669 0.812472
vt 0.184032 0.787082
vt 0.206663 0.780777
vt 0.102062 0.906571
vt 0.101965 0.864757
vt 0.103935 0.864646
vt 0.103935 0.906994
vt 0.848667 0.990922
vt 0.848580 0.975397
vt 0.850501 0.975160
vt 0.850501 0.991398
vt 0.878163 0.832051
vt 0.880074 0.831572
vt 0.880074 0.884668
vt 0.878181 0.884476
vt 0.770122 0.040371
vt 0.781191 0.004297
vt 0.791276 0.003776
vt 0.791276 0.048527
vt 0.045189 0.911461
vt 0.047094 0.911050
vt 0.047094 0.944901
vt 0.045198 0.944766
vt 0.907388 0.544670
vt 0.907388 0.585310
vt 0.905208 0.585151
vt 0.905218 0.544374
vt 0.962379 0.690053
vt 0.962321 0.664384
vt 0.964476 0.664505
vt 0.964476 0.690547
vt 0.961211 0.808042
vt 0.961235 0.780926
vt 0.963163 0.780820
vt 0.963163 0.808348
vt 0.297724 0.697781
vt 0.297316 0.687494
vt 0.345336 0.683647
vt 0.345336 0.708898
vt 0.555933 0.944525
vt 0.555801 0.911264
vt 0.557790 0.910930
vt 0.557790 0.944968
vt 0.231738 0.907184
vt 0.233541 0.906584
vt 0.233541 0.941571
vt 0.231577 0.941268
vt 0.733385 0.199224
vt 0.722391 0.159956
vt 0.743653 0.152298
vt 0.743653 0.200473
vt 0.779725 0.383421
vt 0.790233 0.348280
vt 0.799793 0.347884
vt 0.799793 0.391611
vt 0.877286 0.333833
vt 0.877297 0.280161
vt 0.879238 0.280005
vt 0.879238 0.334135
vt 0.882583 0.476191
vt 0.882583 0.529678
vt 0.880626 0.529463
vt 0.880650 0.476360
vt 0.274085 0.272454
vt 0.237293 0.270312
vt 0.236564 0.229164
vt 0.274085 0.218597
vt 0.723371 0.938230
vt 0.721397 0.938812
vt 0.721380 0.903523
vt 0.723371 0.903343
vt 0.129220 0.168454
vt 0.185370 0.157422
vt 0.185370 0.196396
vt 0.131072 0.195067
vt 0.463143 0.332052
vt 0.429265 0.328320
vt 0.428577 0.288519
vt 0.463143 0.280005
vt 0.086985 0.795777
vt 0.107124 0.792758
vt 0.107124 0.824120
vt 0.085484 0.824582
vt 0.166944 0.435358
vt 0.192936 0.432015
vt 0.192936 0.484041
vt 0.158532 0.473837
vt 0.158532 0.519851
vt 0.159940 0.492772
vt 0.202298 0.491592
vt 0.202298 0.531119
vt 0.952836 0.603694
vt 0.954766 0.603307
vt 0.954766 0.633051
vt 0.952829 0.632939
vt 0.700331 0.005001
vt 0.700331 0.053694
vt 0.689924 0.052778
vt 0.674744 0.003776
vt 0.925997 0.228639
vt 0.925934 0.192126
vt 0.927858 0.191941
vt 0.927858 0.228964
vt 0.807150 0.777168
vt 0.812141 0.753297
vt 0.827685 0.752159
vt 0.827685 0.785080
vt 0.236794 0.429447
vt 0.270730 0.426629
vt 0.270730 0.476797
vt 0.236564 0.479095
vt 0.494366 0.444484
vt 0.495008 0.406255
vt 0.529032 0.402151
vt 0.529032 0.451917
vt 0.438294 0.394064
vt 0.403137 0.392000
vt 0.421283 0.342817
vt 0.438294 0.342123
vt 0.452417 0.811597
vt 0.453094 0.797124
vt 0.484742 0.795690
vt 0.484742 0.816380
vt 0.010943 0.631938
vt 0.033258 0.629253
vt 0.033258 0.675408
vt 0.003776 0.665900
vt 0.332612 0.554680
vt 0.299952 0.551854
vt 0.299291 0.513694
vt 0.332612 0.504755
vt 0.939051 0.436582
vt 0.938909 0.402309
vt 0.940857 0.402151
vt 0.940857 0.437211
vt 0.956500 0.878418
vt 0.956500 0.905993
vt 0.954407 0.905758
vt 0.954456 0.877826
vt 0.515956 0.702108
vt 0.515213 0.671724
vt 0.543637 0.672430
vt 0.543637 0.711532
vt 0.966200 0.902732
vt 0.964084 0.903274
vt 0.964051 0.878014
vt 0.966200 0.877826
vt 0.926091 0.271724
vt 0.925934 0.236704
vt 0.928003 0.236515
vt 0.928003 0.272308
vt 0.215388 0.013196
vt 0.254045 0.003776
vt 0.254045 0.058033
vt 0.216152 0.054651
vt 0.229013 0.260984
vt 0.177010 0.259459
vt 0.175899 0.233500
vt 0.229013 0.222941
vt 0.834724 0.158702
vt 0.848222 0.152298
vt 0.848222 0.184296
vt 0.841662 0.184050
vt 0.413578 0.812527
vt 0.413578 0.837244
vt 0.390731 0.826798
vt 0.390010 0.811714
vt 0.207289 0.747838
vt 0.162553 0.746657
vt 0.162931 0.736753
vt 0.207289 0.723322
vt 0.956372 0.918047
vt 0.956372 0.946983
vt 0.954487 0.946243
vt 0.954483 0.918315
vt 0.723858 0.482882
vt 0.676372 0.479100
vt 0.676708 0.469144
vt 0.723858 0.458197
vt 0.937316 0.078527
vt 0.937295 0.043393
vt 0.939206 0.043206
vt 0.939206 0.078896
vt 0.943477 0.665071
vt 0.945249 0.664384
vt 0.945249 0.698915
vt 0.943333 0.698720
vt 0.815836 0.490677
vt 0.793492 0.489477
vt 0.793017 0.464752
vt 0.815836 0.458197
vt 0.945091 0.948528
vt 0.944952 0.918331
vt 0.946932 0.918047
vt 0.946932 0.949025
vt 0.425006 0.977706
vt 0.424967 0.955033
vt 0.427054 0.954773
vt 0.427054 0.978183
vt 0.772726 0.152298
vt 0.772726 0.198329
vt 0.762327 0.197210
vt 0.751204 0.159819
vt 0.352053 0.378122
vt 0.299291 0.376114
vt 0.301003 0.358458
vt 0.352053 0.342123
vt 0.261928 0.058032
vt 0.261596 0.003776
vt 0.297949 0.004625
vt 0.297949 0.058851
vt 0.827173 0.184401
vt 0.812204 0.183256
vt 0.807311 0.159770
vt 0.827173 0.152298
vt 0.545308 0.800219
vt 0.545308 0.821863
vt 0.515809 0.811950
vt 0.515213 0.801221
vt 0.907901 0.321288
vt 0.905909 0.321828
vt 0.905896 0.280159
vt 0.907901 0.280005
vt 0.094515 0.575955
vt 0.094515 0.608320
vt 0.046996 0.593771
vt 0.045298 0.578035
vt 0.918730 0.513959
vt 0.918727 0.476191
vt 0.920752 0.476243
vt 0.920752 0.514409
vt 0.325862 0.200369
vt 0.326530 0.159622
vt 0.362557 0.157422
vt 0.362557 0.210530
vt 0.722081 0.092425
vt 0.732536 0.091487
vt 0.732536 0.139584
vt 0.710606 0.131627
vt 0.895122 0.129004
vt 0.895122 0.179971
vt 0.893248 0.179618
vt 0.893228 0.129337
vt 0.918385 0.869638
vt 0.916404 0.870275
vt 0.916384 0.831814
vt 0.918385 0.831572
vt 0.003776 0.377040
vt 0.004404 0.337630
vt 0.037532 0.333859
vt 0.037532 0.385177
vt 0.990672 0.713007
vt 0.990611 0.698308
vt 0.992503 0.698128
vt 0.992503 0.713565
vt 0.573065 0.552558
vt 0.556597 0.503502
vt 0.588957 0.505014
vt 0.588957 0.554294
vt 0.951938 0.731527
vt 0.953899 0.730854
vt 0.953899 0.760933
vt 0.951910 0.760586
vt 0.990933 0.160045
vt 0.990933 0.178138
vt 0.988847 0.177594
vt 0.988870 0.160242
vt 0.971405 0.698674
vt 0.973453 0.698128
vt 0.973453 0.722424
vt 0.971350 0.722560
vt 0.566841 0.561845
vt 0.588633 0.562620
vt 0.588633 0.611116
vt 0.556597 0.611662
vt 0.621834 0.387094
vt 0.613732 0.352323
vt 0.646256 0.342123
vt 0.646256 0.389233
vt 0.674552 0.911635
vt 0.674552 0.944017
vt 0.672473 0.943458
vt 0.672461 0.911725
vt 0.650029 0.135432
vt 0.642448 0.101379
vt 0.673015 0.091487
vt 0.673015 0.137604
vt 0.012089 0.440602
vt 0.003776 0.402510
vt 0.037488 0.392728
vt 0.037488 0.443933
vt 0.201984 0.470614
vt 0.200731 0.440897
vt 0.229013 0.441069
vt 0.229013 0.479095
vt 0.122187 0.550807
vt 0.144154 0.551947
vt 0.144154 0.601346
vt 0.111929 0.601366
vt 0.166405 0.203947
vt 0.166405 0.259130
vt 0.148137 0.258096
vt 0.129220 0.205995
vt 0.784208 0.547330
vt 0.773766 0.546741
vt 0.762615 0.510541
vt 0.784208 0.502011
vt 0.981587 0.603678
vt 0.983584 0.603307
vt 0.983584 0.625536
vt 0.981479 0.625353
vt 0.539942 0.829654
vt 0.541854 0.829414
vt 0.541854 0.882875
vt 0.539918 0.882739
vt 0.933007 0.766165
vt 0.932856 0.730978
vt 0.934881 0.730854
vt 0.934881 0.766817
vt 0.977290 0.402913
vt 0.979104 0.402151
vt 0.979104 0.425893
vt 0.977148 0.425784
vt 0.964015 0.857678
vt 0.964016 0.831572
vt 0.965972 0.831721
vt 0.965972 0.858001
vt 0.661958 0.777285
vt 0.618231 0.777142
vt 0.618575 0.767778
vt 0.661958 0.754196
vt 0.263919 0.568167
vt 0.288930 0.566024
vt 0.288930 0.613947
vt 0.255717 0.603320
vt 0.955784 0.370663
vt 0.953862 0.370928
vt 0.953857 0.341686
vt 0.955784 0.341688
vt 0.913776 0.770270
vt 0.913773 0.730854
vt 0.915808 0.730962
vt 0.915808 0.770770
vt 0.236564 0.201940
vt 0.237279 0.160855
vt 0.274382 0.157422
vt 0.274382 0.211046
vt 0.674436 0.706763
vt 0.718498 0.690884
vt 0.718498 0.717557
vt 0.674104 0.715547
vt 0.936809 0.003776
vt 0.936809 0.035555
vt 0.934797 0.035053
vt 0.934806 0.003933
vt 0.943535 0.544650
vt 0.945439 0.544374
vt 0.945439 0.577464
vt 0.943562 0.577327
vt 0.442477 0.899231
vt 0.442494 0.852421
vt 0.444455 0.852282
vt 0.444455 0.899422
vt 0.207837 0.003776
vt 0.207837 0.060499
vt 0.168995 0.049960
vt 0.169791 0.007311
vt 0.334912 0.804048
vt 0.332854 0.804592
vt 0.332798 0.775319
vt 0.334912 0.775173
vt 0.935558 0.878560
vt 0.937401 0.877826
vt 0.937401 0.913651
vt 0.935467 0.913558
vt 0.405610 0.141776
vt 0.397143 0.101371
vt 0.431463 0.091487
vt 0.431463 0.145015
vt 0.880375 0.191941
vt 0.880375 0.245062
vt 0.878301 0.244709
vt 0.878289 0.192105
vt 0.541721 0.342123
vt 0.564961 0.342936
vt 0.564961 0.390046
vt 0.530697 0.390710
vt 0.904749 0.129418
vt 0.904749 0.172526
vt 0.902673 0.172249
vt 0.902684 0.129004
vt 0.618679 0.704085
vt 0.618231 0.694074
vt 0.666553 0.690884
vt 0.666553 0.715473
vt 0.071836 0.943892
vt 0.071690 0.910201
vt 0.073679 0.910078
vt 0.073679 0.944546
vt 0.937455 0.120779
vt 0.937295 0.086694
vt 0.939344 0.086447
vt 0.939344 0.121319
vt 0.792450 0.862134
vt 0.794297 0.861610
vt 0.794297 0.905467
vt 0.792389 0.905347
vt 0.378131 0.272454
vt 0.343129 0.262155
vt 0.351694 0.221376
vt 0.378131 0.218140
vt 0.877286 0.342056
vt 0.879409 0.341686
vt 0.879409 0.393539
vt 0.877317 0.393354
vt 0.981780 0.544645
vt 0.983770 0.544374
vt 0.983770 0.566583
vt 0.981685 0.566324
vt 0.929506 0.438145
vt 0.929366 0.402430
vt 0.931358 0.402151
vt 0.931358 0.438637
vt 0.799599 0.829247
vt 0.775460 0.830127
vt 0.776302 0.814529
vt 0.799599 0.803821
vt 0.506658 0.860285
vt 0.490262 0.861328
vt 0.491355 0.843989
vt 0.506658 0.838301
vt 0.798827 0.029412
vt 0.799252 0.005035
vt 0.820829 0.003776
vt 0.820829 0.035655
vt 0.095226 0.527696
vt 0.045298 0.526358
vt 0.046888 0.509395
vt 0.095226 0.493245
vt 0.656238 0.004924
vt 0.667193 0.003776
vt 0.667193 0.056816
vt 0.640605 0.058382
vt 0.874208 0.129198
vt 0.876193 0.129004
vt 0.876193 0.183246
vt 0.874185 0.183056
vt 0.972062 0.688547
vt 0.972027 0.664603
vt 0.974058 0.664384
vt 0.974058 0.689089
vt 0.772145 0.779812
vt 0.736592 0.779333
vt 0.744233 0.753668
vt 0.772145 0.752159
vt 0.788686 0.219340
vt 0.788686 0.262751
vt 0.779754 0.261907
vt 0.766824 0.218140
vt 0.974903 0.280582
vt 0.974903 0.304270
vt 0.972787 0.304077
vt 0.972843 0.280005
vt 0.314448 0.948081
vt 0.316607 0.947591
vt 0.316607 0.971992
vt 0.314413 0.972105
vt 0.274080 0.943792
vt 0.273923 0.911397
vt 0.275916 0.911113
vt 0.275916 0.944285
vt 0.779696 0.761883
vt 0.799599 0.752159
vt 0.799599 0.796156
vt 0.789981 0.796270
vt 0.983101 0.918639
vt 0.984968 0.918047
vt 0.984968 0.939722
vt 0.983048 0.939679
vt 0.987282 0.086447
vt 0.987282 0.105452
vt 0.985152 0.104773
vt 0.985150 0.086744
vt 0.516187 0.727518
vt 0.542865 0.719083
vt 0.542865 0.756283
vt 0.515213 0.756583
vt 0.796452 0.220464
vt 0.817311 0.218140
vt 0.817311 0.250175
vt 0.796237 0.252343
vt 0.924098 0.129393
vt 0.924098 0.166072
vt 0.921999 0.165833
vt 0.922009 0.129004
vt 0.154628 0.712561
vt 0.154628 0.736746
vt 0.107916 0.725581
vt 0.107499 0.715701
vt 0.870479 0.106615
vt 0.872344 0.106186
vt 0.872344 0.121382
vt 0.870392 0.121245
vt 0.991224 0.603734
vt 0.993091 0.603307
vt 0.993091 0.618247
vt 0.991135 0.618101
vt 0.515213 0.653844
vt 0.522895 0.619401
vt 0.546472 0.617227
vt 0.546472 0.664173
vt 0.420853 0.218140
vt 0.420853 0.270949
vt 0.403513 0.270039
vt 0.385682 0.220405
vt 0.582041 0.462308
vt 0.582041 0.495951
vt 0.534319 0.480122
vt 0.532918 0.463801
vt 0.908541 0.083759
vt 0.908539 0.043206
vt 0.910510 0.043265
vt 0.910510 0.084232
vt 0.915754 0.820456
vt 0.913787 0.820992
vt 0.913773 0.780979
vt 0.915754 0.780820
vt 0.771526 0.365252
vt 0.769431 0.365801
vt 0.769393 0.333494
vt 0.771526 0.333305
vt 0.378501 0.280144
vt 0.378501 0.333572
vt 0.360705 0.331771
vt 0.342764 0.280005
vt 0.288530 0.383882
vt 0.288530 0.419078
vt 0.238085 0.403067
vt 0.236564 0.386047
vt 0.348425 0.075664
vt 0.382543 0.067270
vt 0.382543 0.083076
vt 0.348097 0.082142
vt 0.960175 0.129672
vt 0.962120 0.129004
vt 0.962120 0.156619
vt 0.960144 0.156537
vt 0.618231 0.642887
vt 0.619396 0.621161
vt 0.664688 0.619213
vt 0.664688 0.651336
vt 0.686924 0.352963
vt 0.709975 0.342123
vt 0.709975 0.391398
vt 0.698853 0.391518
vt 0.594790 0.141334
vt 0.570127 0.140301
vt 0.561911 0.104024
vt 0.594790 0.091487
vt 0.648338 0.450646
vt 0.624743 0.449555
vt 0.616909 0.414289
vt 0.648338 0.402151
vt 0.425527 0.056408
vt 0.390589 0.056432
vt 0.408365 0.005337
vt 0.425527 0.003776
vt 0.986976 0.509927
vt 0.988857 0.509536
vt 0.988857 0.528367
vt 0.986937 0.528371
vt 0.020749 0.325231
vt 0.003776 0.274118
vt 0.037035 0.274297
vt 0.037035 0.326308
vt 0.609358 0.402864
vt 0.609358 0.452010
vt 0.593689 0.450757
vt 0.577270 0.402151
vt 0.640886 0.823394
vt 0.640886 0.877429
vt 0.638879 0.877053
vt 0.638869 0.823569
vt 0.346078 0.145040
vt 0.310300 0.141003
vt 0.309579 0.100043
vt 0.346078 0.091487
vt 0.956210 0.071225
vt 0.956195 0.043417
vt 0.958170 0.043206
vt 0.958170 0.071487
vt 0.630201 0.785834
vt 0.642031 0.784837
vt 0.642031 0.815664
vt 0.618231 0.815843
vt 0.104065 0.607538
vt 0.102080 0.608081
vt 0.102066 0.576135
vt 0.104065 0.575955
vt 0.402321 0.492368
vt 0.359072 0.491225
vt 0.357941 0.463720
vt 0.402321 0.452354
vt 0.779762 0.281050
vt 0.789815 0.280005
vt 0.789815 0.325496
vt 0.768728 0.318322
vt 0.883744 0.129443
vt 0.885677 0.129004
vt 0.885677 0.181745
vt 0.883761 0.181510
vt 0.914448 0.129320
vt 0.914448 0.168913
vt 0.912300 0.168734
vt 0.912312 0.129004
vt 0.395669 0.669902
vt 0.395208 0.659190
vt 0.443805 0.656512
vt 0.443805 0.682834
vt 0.963269 0.280195
vt 0.965236 0.280005
vt 0.965236 0.306504
vt 0.963200 0.306377
vt 0.980239 0.803113
vt 0.980208 0.781024
vt 0.982194 0.780820
vt 0.982194 0.803666
vt 0.507662 0.552782
vt 0.473449 0.551360
vt 0.491116 0.504277
vt 0.507662 0.503502
vt 0.045298 0.202740
vt 0.047394 0.176884
vt 0.100905 0.175530
vt 0.100905 0.213740
vt 0.111929 0.536279
vt 0.112569 0.497846
vt 0.146132 0.493248
vt 0.146132 0.543256
vt 0.348745 0.640727
vt 0.348745 0.676040
vt 0.346761 0.675296
vt 0.346692 0.640948
vt 0.664820 0.746645
vt 0.618231 0.743577
vt 0.618576 0.734024
vt 0.664820 0.723024
vt 0.898914 0.043585
vt 0.900988 0.043206
vt 0.900988 0.089398
vt 0.898943 0.089221
vt 0.305905 0.075057
vt 0.305500 0.068249
vt 0.340546 0.067270
vt 0.340546 0.083646
vt 0.756011 0.403313
vt 0.765941 0.402151
vt 0.765941 0.449787
vt 0.745095 0.442459
vt 0.963383 0.367072
vt 0.963335 0.341686
vt 0.965548 0.341773
vt 0.965548 0.367536
vt 0.723325 0.845432
vt 0.723325 0.895792
vt 0.721396 0.895446
vt 0.721380 0.845750
vt 0.927916 0.913592
vt 0.925881 0.914268
vt 0.925859 0.878128
vt 0.927916 0.877826
vt 0.014418 0.451484
vt 0.037089 0.451789
vt 0.037089 0.501636
vt 0.003776 0.503002
vt 0.736592 0.725279
vt 0.771209 0.721011
vt 0.771209 0.744608
vt 0.736975 0.741513
vt 0.668840 0.342931
vt 0.679373 0.342123
vt 0.679373 0.393480
vt 0.653807 0.394302
vt 0.752171 0.502779
vt 0.754124 0.502318
vt 0.754124 0.519502
vt 0.752127 0.519593
vt 0.938038 0.476768
vt 0.939853 0.476191
vt 0.939853 0.511666
vt 0.937920 0.511425
vt 0.247046 0.779959
vt 0.280452 0.776882
vt 0.280452 0.799710
vt 0.246389 0.795470
vt 0.942305 0.781371
vt 0.944244 0.780820
vt 0.944244 0.815699
vt 0.942309 0.815697
vt 0.731983 0.585863
vt 0.684225 0.582719
vt 0.684595 0.573043
vt 0.731983 0.561845
vt 0.348144 0.006493
vt 0.383038 0.003776
vt 0.383038 0.055545
vt 0.347915 0.057811
vt 0.370108 0.202050
vt 0.370771 0.161504
vt 0.405772 0.157422
vt 0.405772 0.210218
vt 0.144028 0.799705
vt 0.134108 0.799240
vt 0.123521 0.763967
vt 0.144028 0.755389
vt 0.888013 0.664384
vt 0.888013 0.716519
vt 0.886016 0.716223
vt 0.886007 0.664633
vt 0.977601 0.464143
vt 0.977582 0.441114
vt 0.979563 0.440953
vt 0.979563 0.464447
vt 0.900890 0.402476
vt 0.902790 0.402151
vt 0.902790 0.447963
vt 0.900881 0.447669
vt 0.978140 0.476786
vt 0.978140 0.499681
vt 0.976056 0.499452
vt 0.976106 0.476191
vt 0.413043 0.895108
vt 0.413055 0.844942
vt 0.414957 0.844795
vt 0.414957 0.895416
vt 0.004000 0.157111
vt 0.037330 0.154184
vt 0.037330 0.203843
vt 0.003776 0.206295
vt 0.525367 0.495951
vt 0.473449 0.494439
vt 0.474602 0.477937
vt 0.525367 0.462354
vt 0.905150 0.707039
vt 0.905144 0.664384
vt 0.907070 0.664433
vt 0.907070 0.707441
vt 0.729278 0.218140
vt 0.729278 0.266810
vt 0.718469 0.265797
vt 0.706908 0.226466
vt 0.933911 0.699775
vt 0.933761 0.664672
vt 0.935782 0.664384
vt 0.935782 0.700269
vt 0.129220 0.103374
vt 0.168881 0.092516
vt 0.168881 0.149871
vt 0.130065 0.146374
vt 0.817736 0.348481
vt 0.827899 0.347884
vt 0.827899 0.378746
vt 0.807344 0.378690
vt 0.946856 0.878156
vt 0.946856 0.910333
vt 0.944952 0.910496
vt 0.944957 0.877826
vt 0.111929 0.275945
vt 0.166405 0.266681
vt 0.166405 0.303536
vt 0.112945 0.301166
vt 0.877939 0.971117
vt 0.880074 0.970454
vt 0.880074 0.988967
vt 0.877930 0.988663
vt 0.934721 0.280675
vt 0.936604 0.280005
vt 0.936604 0.315827
vt 0.934631 0.315656
vt 0.944941 0.192602
vt 0.946877 0.191941
vt 0.946877 0.224583
vt 0.944912 0.224477
vt 0.087095 0.392136
vt 0.087095 0.434485
vt 0.046206 0.416192
vt 0.045298 0.390533
vt 0.783585 0.589921
vt 0.783446 0.557580
vt 0.806573 0.560545
vt 0.806573 0.593013
vt 0.968505 0.476191
vt 0.968505 0.501831
vt 0.966527 0.501482
vt 0.966527 0.476361
vt 0.887652 0.831917
vt 0.889583 0.831572
vt 0.889583 0.882526
vt 0.887625 0.882502
vt 0.956366 0.086713
vt 0.958261 0.086447
vt 0.958261 0.114776
vt 0.956339 0.114692
vt 0.894706 0.731100
vt 0.896605 0.730854
vt 0.896605 0.780960
vt 0.894692 0.780758
vt 0.624504 0.153357
vt 0.651480 0.152298
vt 0.651480 0.195562
vt 0.615991 0.185013
vt 0.045579 0.275147
vt 0.045298 0.221291
vt 0.080958 0.223643
vt 0.080958 0.277774
vt 0.450188 0.005050
vt 0.467116 0.003776
vt 0.467116 0.056576
vt 0.433078 0.056522
vt 0.594942 0.854356
vt 0.594202 0.836652
vt 0.610615 0.837366
vt 0.610615 0.859884
vt 0.889404 0.043501
vt 0.891363 0.043206
vt 0.891363 0.093857
vt 0.889387 0.093699
vt 0.788722 0.091487
vt 0.788722 0.138721
vt 0.778852 0.137658
vt 0.768283 0.099359
vt 0.916074 0.380162
vt 0.915944 0.341830
vt 0.917865 0.341686
vt 0.917865 0.380788
vt 0.401000 0.607578
vt 0.399044 0.608074
vt 0.399030 0.563279
vt 0.401000 0.563167
vt 0.318311 0.211819
vt 0.281933 0.209685
vt 0.300674 0.158235
vt 0.318311 0.157422
vt 0.158532 0.546886
vt 0.192356 0.538670
vt 0.192356 0.587466
vt 0.159194 0.584162
vt 0.815189 0.646008
vt 0.815189 0.676835
vt 0.803522 0.675299
vt 0.791892 0.645076
vt 0.924360 0.700825
vt 0.924206 0.664596
vt 0.926210 0.664384
vt 0.926210 0.701407
vt 0.492320 0.141460
vt 0.481494 0.091487
vt 0.516085 0.093256
vt 0.516085 0.141701
vt 0.753301 0.943965
vt 0.753247 0.911506
vt 0.755227 0.911221
vt 0.755227 0.944310
vt 0.925523 0.342341
vt 0.927348 0.341686
vt 0.927348 0.378721
vt 0.925416 0.378530
vt 0.897134 0.831963
vt 0.899165 0.831572
vt 0.899165 0.878985
vt 0.897182 0.878798
vt 0.775895 0.557580
vt 0.775895 0.585863
vt 0.747350 0.584143
vt 0.739534 0.557966
vt 0.792506 0.913623
vt 0.794322 0.913018
vt 0.794322 0.945964
vt 0.792389 0.945728
vt 0.572512 0.378420
vt 0.580864 0.343257
vt 0.606181 0.342123
vt 0.606181 0.390569
vt 0.642364 0.321346
vt 0.633939 0.290139
vt 0.669017 0.280005
vt 0.669017 0.322379
vt 0.964452 0.603881
vt 0.964452 0.629738
vt 0.962317 0.629534
vt 0.962366 0.603307
vt 0.561426 0.255606
vt 0.569529 0.219301
vt 0.594090 0.218140
vt 0.594090 0.268346
vt 0.399030 0.500298
vt 0.401114 0.499919
vt 0.401114 0.555616
vt 0.399056 0.555460
vt 0.972015 0.603530
vt 0.973928 0.603307
vt 0.973928 0.628459
vt 0.972003 0.628284
vt 0.661868 0.493412
vt 0.661868 0.539921
vt 0.629271 0.531570
vt 0.629844 0.495928
vt 0.948460 0.441479
vt 0.950560 0.440953
vt 0.950560 0.468279
vt 0.948408 0.468388
vt 0.574247 0.943727
vt 0.574104 0.911631
vt 0.576099 0.911296
vt 0.576099 0.944168
vt 0.987159 0.459268
vt 0.987114 0.440953
vt 0.989042 0.440973
vt 0.989042 0.459655
vt 0.973757 0.878128
vt 0.975680 0.877826
vt 0.975680 0.902058
vt 0.973751 0.902089
vt 0.896586 0.342067
vt 0.898750 0.341686
vt 0.898750 0.388552
vt 0.896610 0.388431
vt 0.934906 0.377332
vt 0.934899 0.341686
vt 0.936825 0.341706
vt 0.936825 0.377714
vt 0.958166 0.467363
vt 0.958111 0.440953
vt 0.960299 0.441047
vt 0.960299 0.467835
vt 0.973112 0.003978
vt 0.975061 0.003776
vt 0.975061 0.028505
vt 0.973118 0.028358
vt 0.128011 0.807768
vt 0.144028 0.807256
vt 0.144028 0.831411
vt 0.117560 0.830875
vt 0.451780 0.409507
vt 0.486815 0.402151
vt 0.486815 0.452895
vt 0.452479 0.448342
vt 0.222401 0.268535
vt 0.222401 0.330411
vt 0.220545 0.329800
vt 0.220478 0.268916
vt 0.634644 0.265802
vt 0.609899 0.264661
vt 0.601642 0.229862
vt 0.634644 0.218140
vt 0.982559 0.280395
vt 0.984531 0.280005
vt 0.984531 0.302157
vt 0.982454 0.301996
vt 0.973534 0.831897
vt 0.975475 0.831572
vt 0.975475 0.855959
vt 0.973523 0.855888
vt 0.866990 0.664666
vt 0.868931 0.664384
vt 0.868931 0.720590
vt 0.866965 0.720496
vt 0.887946 0.192295
vt 0.889895 0.191941
vt 0.889895 0.242801
vt 0.887926 0.242713
vt 0.395208 0.624539
vt 0.442217 0.616064
vt 0.442217 0.648960
vt 0.396103 0.647020
vt 0.789206 0.694173
vt 0.811342 0.690884
vt 0.811342 0.722899
vt 0.789025 0.725781
vt 0.924648 0.580814
vt 0.924492 0.544581
vt 0.926446 0.544374
vt 0.926446 0.581402
vt 0.932979 0.781475
vt 0.934754 0.780820
vt 0.934754 0.817179
vt 0.932807 0.816930
vt 0.942591 0.731516
vt 0.944359 0.730854
vt 0.944359 0.765661
vt 0.942432 0.765418
vt 0.807150 0.817524
vt 0.811567 0.793887
vt 0.826981 0.792632
vt 0.826981 0.825061
vt 0.927788 0.078805
vt 0.927651 0.043586
vt 0.929744 0.043206
vt 0.929744 0.079298
vt 0.866923 0.656356
vt 0.866890 0.640539
vt 0.868931 0.640507
vt 0.868931 0.656833
vt 0.357307 0.710369
vt 0.369168 0.671944
vt 0.379930 0.672122
vt 0.379930 0.720814
vt 0.204850 0.665205
vt 0.204850 0.715575
vt 0.202839 0.715148
vt 0.202826 0.665326
vt 0.908872 0.192409
vt 0.908872 0.233501
vt 0.906944 0.233403
vt 0.906951 0.191941
vt 0.676674 0.561845
vt 0.676674 0.596636
vt 0.636654 0.575412
vt 0.635729 0.562318
vt 0.473942 0.091487
vt 0.473942 0.142885
vt 0.439014 0.130606
vt 0.447672 0.093132
vt 0.004557 0.784833
vt 0.031725 0.774010
vt 0.031725 0.803689
vt 0.003776 0.803293
vt 0.594301 0.316688
vt 0.602227 0.281069
vt 0.626388 0.280005
vt 0.626388 0.329278
vt 0.924357 0.640178
vt 0.924356 0.603307
vt 0.926298 0.603312
vt 0.926298 0.640594
vt 0.975497 0.941863
vt 0.973447 0.942293
vt 0.973439 0.918248
vt 0.975497 0.918047
vt 0.717947 0.351998
vt 0.717526 0.342287
vt 0.761842 0.342123
vt 0.761842 0.365801
vt 0.970719 0.781215
vt 0.972657 0.780820
vt 0.972657 0.806180
vt 0.970714 0.806078
vt 0.885153 0.731208
vt 0.887141 0.730854
vt 0.887141 0.782984
vt 0.885128 0.782953
vt 0.944371 0.035138
vt 0.944360 0.003776
vt 0.946318 0.003832
vt 0.946318 0.035635
vt 0.880074 0.927922
vt 0.878046 0.928567
vt 0.878026 0.892469
vt 0.880074 0.892219
vt 0.418522 0.803033
vt 0.390010 0.804163
vt 0.390933 0.785698
vt 0.418522 0.773934
vt 0.915036 0.604004
vt 0.916805 0.603307
vt 0.916805 0.643095
vt 0.914883 0.642902
vt 0.916654 0.703372
vt 0.914636 0.703952
vt 0.914621 0.664565
vt 0.916654 0.664384
vt 0.982703 0.004034
vt 0.984753 0.003776
vt 0.984753 0.025678
vt 0.982612 0.025433
vt 0.946779 0.043757
vt 0.948644 0.043206
vt 0.948644 0.074758
vt 0.946758 0.074304
vt 0.447686 0.210157
vt 0.413323 0.208929
vt 0.430516 0.158281
vt 0.447686 0.157422
vt 0.689355 0.958806
vt 0.691438 0.958515
vt 0.691438 0.981113
vt 0.689262 0.980903
vt 0.445845 0.349944
vt 0.481353 0.342123
vt 0.481353 0.392647
vt 0.446545 0.388587
vt 0.103867 0.914545
vt 0.103867 0.946756
vt 0.101984 0.946071
vt 0.101965 0.914844
vt 0.703055 0.142844
vt 0.692219 0.142734
vt 0.680566 0.102223
vt 0.703055 0.091487
vt 0.870738 0.191941
vt 0.870738 0.247199
vt 0.868792 0.246858
vt 0.868775 0.192132
vt 0.463584 0.604432
vt 0.456902 0.604260
vt 0.449898 0.579076
vt 0.463584 0.572472
vt 0.982479 0.331639
vt 0.982454 0.309882
vt 0.984408 0.309708
vt 0.984408 0.332207
vt 0.952593 0.129004
vt 0.952593 0.160114
vt 0.950743 0.159513
vt 0.950732 0.129405
vt 0.935634 0.832099
vt 0.937470 0.831572
vt 0.937470 0.867171
vt 0.935463 0.866822
vt 0.465882 0.209466
vt 0.455238 0.157422
vt 0.489292 0.158825
vt 0.489292 0.209441
vt 0.095295 0.568404
vt 0.045298 0.566478
vt 0.047182 0.550122
vt 0.095295 0.535247
vt 0.062353 0.910766
vt 0.064139 0.910078
vt 0.064139 0.944964
vt 0.062237 0.944819
vt 0.989789 0.797488
vt 0.989745 0.780820
vt 0.991705 0.780962
vt 0.991705 0.798008
vt 0.823721 0.946430
vt 0.823736 0.914394
vt 0.825726 0.914455
vt 0.825726 0.946813
vt 0.195275 0.665205
vt 0.195275 0.710219
vt 0.181112 0.709369
vt 0.169945 0.672989
vt 0.918383 0.192476
vt 0.918383 0.230710
vt 0.916423 0.230590
vt 0.916427 0.191941
vt 0.215217 0.699663
vt 0.214840 0.690751
vt 0.259810 0.688774
vt 0.259810 0.715771
vt 0.389592 0.091487
vt 0.389592 0.144222
vt 0.371948 0.143306
vt 0.353629 0.093472
vt 0.705899 0.810454
vt 0.705731 0.777975
vt 0.727599 0.780232
vt 0.727599 0.812591
vt 0.841329 0.312003
vt 0.825865 0.312069
vt 0.834902 0.280238
vt 0.841329 0.280005
vt 0.975534 0.086856
vt 0.977599 0.086447
vt 0.977599 0.109664
vt 0.975426 0.109527
vt 0.876483 0.603701
vt 0.878541 0.603307
vt 0.878541 0.656833
vt 0.876507 0.656703
vt 0.982880 0.363149
vt 0.982765 0.341929
vt 0.984704 0.341686
vt 0.984704 0.363693
vt 0.908833 0.831975
vt 0.908833 0.872189
vt 0.906716 0.871930
vt 0.906726 0.831572
vt 0.917619 0.280356
vt 0.917619 0.318090
vt 0.915452 0.317884
vt 0.915460 0.280005
vt 0.684212 0.544307
vt 0.669419 0.493412
vt 0.694413 0.494252
vt 0.694413 0.545048
vt 0.889035 0.341686
vt 0.889035 0.392817
vt 0.886969 0.392405
vt 0.886960 0.341799
vt 0.586650 0.817602
vt 0.555801 0.816726
vt 0.556537 0.805555
vt 0.586650 0.795401
vt 0.933964 0.603872
vt 0.935814 0.603307
vt 0.935814 0.639337
vt 0.933850 0.639053
vt 0.037439 0.093121
vt 0.037439 0.146633
vt 0.003776 0.134881
vt 0.011992 0.095720
vt 0.923472 0.781434
vt 0.925256 0.780820
vt 0.925256 0.818308
vt 0.923305 0.818020
vt 0.305823 0.006612
vt 0.340364 0.003776
vt 0.340364 0.057448
vt 0.305500 0.059719
vt 0.359605 0.412092
vt 0.402321 0.402151
vt 0.402321 0.444802
vt 0.362307 0.444650
vt 0.056579 0.382982
vt 0.045298 0.330138
vt 0.081283 0.331330
vt 0.081283 0.382728
vt 0.927912 0.867698
vt 0.925954 0.868323
vt 0.925936 0.831833
vt 0.927912 0.831572
vt 0.004253 0.847859
vt 0.019593 0.842373
vt 0.019593 0.864087
vt 0.003776 0.864912
vt 0.921815 0.439345
vt 0.919828 0.440002
vt 0.919809 0.402447
vt 0.921815 0.402151
vt 0.333325 0.445183
vt 0.333325 0.497204
vt 0.316644 0.496423
vt 0.299291 0.446254
vt 0.956464 0.831572
vt 0.956464 0.860292
vt 0.954537 0.859526
vt 0.954525 0.831799
vt 0.916941 0.544943
vt 0.916941 0.583381
vt 0.914939 0.583216
vt 0.914942 0.544374
vt 0.674104 0.785377
vt 0.698179 0.777975
vt 0.698179 0.810316
vt 0.674584 0.810005
vt 0.954769 0.664384
vt 0.954769 0.694376
vt 0.952802 0.694030
vt 0.952800 0.664559
vt 0.967894 0.441463
vt 0.970031 0.440953
vt 0.970031 0.465527
vt 0.967850 0.465634
vt 0.956910 0.503526
vt 0.956927 0.476191
vt 0.958976 0.476623
vt 0.958976 0.503718
vt 0.973545 0.950197
vt 0.975583 0.949844
vt 0.975583 0.973714
vt 0.973439 0.973526
vt 0.944406 0.342325
vt 0.946306 0.341686
vt 0.946306 0.374564
vt 0.944376 0.374214
vt 0.031744 0.730314
vt 0.031744 0.766458
vt 0.005246 0.758025
vt 0.003776 0.729671
vt 0.935549 0.227277
vt 0.935409 0.192201
vt 0.937361 0.191941
vt 0.937361 0.227803
vt 0.325247 0.776233
vt 0.325247 0.804625
vt 0.298118 0.793114
vt 0.297316 0.775173
vt 0.953660 0.780820
vt 0.953660 0.811426
vt 0.951799 0.810736
vt 0.951795 0.781133
vt 0.264283 0.922114
vt 0.266108 0.921559
vt 0.266108 0.952498
vt 0.264161 0.952226
vt 0.342664 0.741220
vt 0.297316 0.737622
vt 0.297672 0.727642
vt 0.342664 0.716449
vt 0.944156 0.312020
vt 0.944158 0.280005
vt 0.946155 0.280168
vt 0.946155 0.312636
vt 0.973577 0.259932
vt 0.973546 0.236678
vt 0.975595 0.236515
vt 0.975595 0.260532
vt 0.640950 0.931138
vt 0.640950 0.958074
vt 0.638869 0.957852
vt 0.638921 0.930558
vt 0.981042 0.720222
vt 0.981005 0.698417
vt 0.983060 0.698128
vt 0.983060 0.720661
vt 0.256652 0.837129
vt 0.246389 0.807261
vt 0.266372 0.807491
vt 0.266372 0.837603
vt 0.536801 0.450946
vt 0.536583 0.402151
vt 0.569719 0.403344
vt 0.569719 0.452278
vt 0.967710 0.402954
vt 0.969597 0.402151
vt 0.969597 0.427337
vt 0.967560 0.427216
vt 0.101966 0.373676
vt 0.103801 0.373003
vt 0.103801 0.434194
vt 0.101910 0.433901
vt 0.474948 0.004796
vt 0.509110 0.003776
vt 0.509110 0.053974
vt 0.474667 0.054562
vt 0.848366 0.967090
vt 0.848317 0.942559
vt 0.850501 0.942697
vt 0.850501 0.967609
vt 0.967875 0.111541
vt 0.965852 0.112132
vt 0.965812 0.086670
vt 0.967875 0.086447
vt 0.146749 0.426125
vt 0.111929 0.424795
vt 0.129426 0.374278
vt 0.146749 0.373315
vt 0.231591 0.949656
vt 0.233541 0.949122
vt 0.233541 0.973678
vt 0.231421 0.973502
vt 0.971007 0.755575
vt 0.970981 0.731062
vt 0.972946 0.730854
vt 0.972946 0.756094
vt 0.950301 0.402151
vt 0.950301 0.433402
vt 0.948428 0.432790
vt 0.948408 0.402529
vt 0.283613 0.943775
vt 0.283467 0.911329
vt 0.285413 0.911113
vt 0.285413 0.944346
vt 0.887755 0.945984
vt 0.887625 0.913874
vt 0.889549 0.913736
vt 0.889549 0.946610
vt 0.988777 0.129593
vt 0.990851 0.129004
vt 0.990851 0.147195
vt 0.988797 0.147059
vt 0.692759 0.192731
vt 0.704349 0.152343
vt 0.714840 0.152298
vt 0.714840 0.203094
vt 0.964091 0.217319
vt 0.964068 0.192091
vt 0.966061 0.191941
vt 0.966061 0.217924
vt 0.428625 0.268663
vt 0.428404 0.218140
vt 0.463642 0.218796
vt 0.463642 0.269448
vt 0.628178 0.611243
vt 0.604189 0.610067
vt 0.596184 0.574133
vt 0.628178 0.561845
vt 0.980536 0.753140
vt 0.980497 0.731143
vt 0.982495 0.730854
vt 0.982495 0.753586
vt 0.112312 0.312142
vt 0.147476 0.311087
vt 0.147476 0.364973
vt 0.111929 0.365764
vt 0.151699 0.944103
vt 0.151579 0.910506
vt 0.153530 0.910246
vt 0.153530 0.944632
vt 0.963945 0.944157
vt 0.963923 0.918217
vt 0.965888 0.918047
vt 0.965888 0.944723
vt 0.838239 0.722564
vt 0.823254 0.721306
vt 0.818893 0.698100
vt 0.838239 0.690884
vt 0.861524 0.143660
vt 0.848583 0.144196
vt 0.848583 0.128116
vt 0.861524 0.127581
vt 0.032295 0.975547
vt 0.032295 0.985441
vt 0.023640 0.985326
vt 0.023640 0.975432
vt 0.988108 0.391431
vt 0.981876 0.391615
vt 0.981876 0.378662
vt 0.988108 0.378479
vt 0.853851 0.192628
vt 0.853851 0.208768
vt 0.840916 0.208092
vt 0.840916 0.191952
vt 0.085335 0.989492
vt 0.083570 0.982475
vt 0.091710 0.982957
vt 0.091710 0.991352
vt 0.014613 0.931092
vt 0.014613 0.942356
vt 0.005225 0.940162
vt 0.003776 0.930331
vt 0.245434 0.932918
vt 0.254846 0.930705
vt 0.254846 0.941948
vt 0.243979 0.942696
vt 0.171116 0.984613
vt 0.169422 0.976871
vt 0.177545 0.977105
vt 0.177545 0.986724
vt 0.278639 0.978987
vt 0.276837 0.971128
vt 0.286308 0.971279
vt 0.286308 0.980834
vt 0.373680 0.979702
vt 0.380084 0.977607
vt 0.380084 0.987243
vt 0.372002 0.987437
vt 0.034211 0.958504
vt 0.034211 0.967881
vt 0.025568 0.966071
vt 0.023640 0.958594
vt 0.700874 0.967146
vt 0.698989 0.958515
vt 0.708347 0.958533
vt 0.708347 0.969097
vt 0.816820 0.394578
vt 0.807344 0.393689
vt 0.809390 0.387351
vt 0.816820 0.386297
vt 0.944063 0.323378
vt 0.944063 0.334091
vt 0.936535 0.332268
vt 0.934631 0.323586
vt 0.941255 0.173128
vt 0.941255 0.183896
vt 0.933628 0.182413
vt 0.931649 0.173952
vt 0.833254 0.449404
vt 0.831111 0.441887
vt 0.841875 0.440954
vt 0.841875 0.450622
vt 0.253449 0.961058
vt 0.243979 0.960484
vt 0.245921 0.951900
vt 0.253449 0.950247
vt 0.893129 0.467544
vt 0.891227 0.460857
vt 0.900015 0.459545
vt 0.900015 0.468460
vt 0.157157 0.320194
vt 0.155028 0.312463
vt 0.165386 0.311087
vt 0.165386 0.321178
vt 0.290208 0.375548
vt 0.280348 0.374314
vt 0.282391 0.366138
vt 0.290208 0.364966
vt 0.396904 0.954859
vt 0.396904 0.966340
vt 0.390011 0.963986
vt 0.390010 0.952504
vt 0.158387 0.954540
vt 0.158387 0.966229
vt 0.151579 0.963873
vt 0.151579 0.952183
vt 0.183990 0.203947
vt 0.183990 0.214385
vt 0.176025 0.213324
vt 0.173956 0.205316
vt 0.186146 0.601279
vt 0.181550 0.599467
vt 0.186146 0.595017
vt 0.849564 0.549980
vt 0.845111 0.547811
vt 0.849564 0.543548
vt 0.750963 0.650380
vt 0.746156 0.648765
vt 0.750963 0.644593
vt 0.738605 0.644593
vt 0.738605 0.649620
vt 0.733010 0.647752
vt 0.476951 0.267506
vt 0.476951 0.272419
vt 0.471193 0.269478
vt 0.915944 0.389990
vt 0.920534 0.388339
vt 0.920534 0.394527
vt 0.133016 0.080666
vt 0.133016 0.084921
vt 0.127747 0.082819
vt 0.774540 0.649795
vt 0.770294 0.648601
vt 0.774540 0.644593
vt 0.791759 0.545111
vt 0.795979 0.543936
vt 0.795979 0.549151
vt 0.798836 0.205313
vt 0.798836 0.210433
vt 0.794842 0.208193
vt 0.794266 0.203436
vt 0.484502 0.269779
vt 0.488206 0.267506
vt 0.488206 0.271874
vt 0.054635 0.980949
vt 0.045189 0.981072
vt 0.046974 0.973179
vt 0.054635 0.971342
vt 0.851529 0.442315
vt 0.860201 0.440954
vt 0.860201 0.450492
vt 0.849426 0.449773
vt 0.925361 0.711710
vt 0.934314 0.708958
vt 0.934314 0.720722
vt 0.924206 0.722453
vt 0.428449 0.990280
vt 0.428449 0.995991
vt 0.423975 0.992489
vt 0.424540 0.988020
vt 0.084852 0.926518
vt 0.093924 0.924003
vt 0.093924 0.935717
vt 0.083570 0.936889
vt 0.980079 0.813862
vt 0.980079 0.823616
vt 0.972526 0.821775
vt 0.970714 0.813731
vt 0.836413 0.142046
vt 0.826113 0.144470
vt 0.826489 0.133612
vt 0.836413 0.130737
vt 0.936779 0.531992
vt 0.936010 0.521960
vt 0.946152 0.524022
vt 0.946152 0.534603
vt 0.008427 0.989413
vt 0.008427 0.995300
vt 0.003776 0.991722
vt 0.004410 0.987382
vt 0.490860 0.976839
vt 0.490262 0.968466
vt 0.498841 0.970583
vt 0.498841 0.979454
vt 0.103259 0.477287
vt 0.103259 0.485577
vt 0.095808 0.484474
vt 0.093755 0.478105
vt 0.294733 0.935175
vt 0.303928 0.932576
vt 0.303928 0.943337
vt 0.293910 0.945395
vt 0.984792 0.862833
vt 0.991193 0.860927
vt 0.991193 0.869325
vt 0.983026 0.869874
vt 0.640315 0.992277
vt 0.632248 0.992565
vt 0.633816 0.985987
vt 0.640315 0.984165
vt 0.534309 0.919922
vt 0.544339 0.917099
vt 0.544339 0.928226
vt 0.533871 0.930611
vt 0.340325 0.551375
vt 0.340163 0.539942
vt 0.350061 0.542719
vt 0.350061 0.554454
vt 0.926876 0.932485
vt 0.925859 0.921819
vt 0.935849 0.923839
vt 0.935848 0.935170
vt 0.815602 0.924340
vt 0.815602 0.936073
vt 0.806517 0.933530
vt 0.805215 0.923173
vt 0.276837 0.991886
vt 0.281284 0.988385
vt 0.281284 0.994052
vt 0.277479 0.996224
vt 0.213671 0.916302
vt 0.223448 0.913205
vt 0.223448 0.924855
vt 0.213422 0.927541
vt 0.859072 0.991735
vt 0.863530 0.988215
vt 0.863530 0.993916
vt 0.859718 0.996079
vt 0.619316 0.932495
vt 0.618231 0.921751
vt 0.628276 0.923585
vt 0.628276 0.935229
vt 0.342703 0.489184
vt 0.350275 0.487351
vt 0.350275 0.497080
vt 0.340876 0.497204
vt 0.955379 0.957098
vt 0.963034 0.954534
vt 0.963034 0.963854
vt 0.954483 0.966131
vt 0.500866 0.939954
vt 0.490262 0.940807
vt 0.491656 0.930776
vt 0.500866 0.928495
vt 0.925859 0.990752
vt 0.930392 0.987224
vt 0.930392 0.993273
vt 0.926473 0.995435
vt 0.515587 0.928003
vt 0.515213 0.917117
vt 0.525447 0.919552
vt 0.525447 0.930883
vt 0.356699 0.943644
vt 0.346538 0.945759
vt 0.347310 0.935766
vt 0.356699 0.933124
vt 0.660071 0.919031
vt 0.660071 0.930126
vt 0.650021 0.927257
vt 0.649582 0.916628
vt 0.331278 0.224152
vt 0.335267 0.221120
vt 0.335267 0.226656
vt 0.331811 0.228465
vt 0.840493 0.260648
vt 0.840493 0.272448
vt 0.830800 0.269300
vt 0.830735 0.257566
vt 0.908118 0.935809
vt 0.906716 0.925816
vt 0.917382 0.926645
vt 0.917382 0.938079
vt 0.994008 0.983422
vt 0.994008 0.989463
vt 0.989352 0.985826
vt 0.990194 0.981265
vt 0.470490 0.914377
vt 0.480210 0.911273
vt 0.480210 0.923051
vt 0.470457 0.926091
vt 0.200137 0.916294
vt 0.200137 0.927938
vt 0.190362 0.924903
vt 0.190133 0.913640
vt 0.436000 0.991526
vt 0.440591 0.988020
vt 0.440591 0.993897
vt 0.436609 0.995867
vt 0.088834 0.376732
vt 0.093495 0.373003
vt 0.093495 0.379158
vt 0.089695 0.381360
vt 0.603556 0.965158
vt 0.603556 0.975384
vt 0.596067 0.973495
vt 0.594202 0.965053
vt 0.935847 0.654586
vt 0.933850 0.647128
vt 0.944523 0.646888
vt 0.944523 0.656303
vt 0.995050 0.627755
vt 0.995050 0.632827
vt 0.991135 0.629822
vt 0.991675 0.625798
vt 0.762743 0.649004
vt 0.758514 0.650146
vt 0.759141 0.646225
vt 0.762743 0.644593
vt 0.381833 0.924606
vt 0.372002 0.927425
vt 0.372132 0.915967
vt 0.381833 0.912842
vt 0.595133 0.934616
vt 0.594202 0.924093
vt 0.604209 0.926230
vt 0.604209 0.937325
vt 0.937154 0.462131
vt 0.927150 0.464138
vt 0.928146 0.453508
vt 0.937154 0.450822
vt 0.916186 0.975408
vt 0.906716 0.976076
vt 0.908149 0.967920
vt 0.916186 0.965888
vt 0.869081 0.935897
vt 0.859072 0.937940
vt 0.860012 0.927411
vt 0.869081 0.924770
vt 0.991322 0.563437
vt 0.995833 0.559990
vt 0.995833 0.565764
vt 0.991898 0.567979
vt 0.783997 0.932752
vt 0.773990 0.934683
vt 0.775062 0.923924
vt 0.783997 0.921103
vt 0.742468 0.986237
vt 0.734297 0.986926
vt 0.736049 0.979335
vt 0.742468 0.977160
vt 0.772142 0.789657
vt 0.772142 0.795357
vt 0.767683 0.791835
vt 0.768298 0.787363
vt 0.858280 0.392630
vt 0.856254 0.384425
vt 0.866065 0.383214
vt 0.866065 0.393829
vt 0.786473 0.604918
vt 0.786473 0.611082
vt 0.781953 0.607438
vt 0.782561 0.602685
vt 0.085473 0.966462
vt 0.092936 0.964566
vt 0.092936 0.974818
vt 0.083570 0.974924
vt 0.994116 0.419644
vt 0.994116 0.428289
vt 0.988234 0.428044
vt 0.986655 0.421816
vt 0.400084 0.934217
vt 0.400084 0.944953
vt 0.390833 0.942358
vt 0.390010 0.932165
vt 0.143884 0.923131
vt 0.143884 0.934866
vt 0.134938 0.932130
vt 0.133792 0.921423
vt 0.803988 0.975558
vt 0.802114 0.967243
vt 0.811481 0.967377
vt 0.811481 0.977439
vt 0.595192 0.947917
vt 0.602790 0.944876
vt 0.602790 0.955020
vt 0.594202 0.957502
vt 0.444473 0.951877
vt 0.444473 0.961984
vt 0.436218 0.958859
vt 0.436000 0.949367
vt 0.961595 0.583395
vt 0.961595 0.593969
vt 0.954014 0.590891
vt 0.952990 0.581429
vt 0.117013 0.925213
vt 0.126024 0.922619
vt 0.126024 0.934397
vt 0.115777 0.935722
vt 0.673622 0.960408
vt 0.672461 0.951568
vt 0.681324 0.952708
vt 0.681324 0.963000
vt 0.995921 0.311529
vt 0.995921 0.317084
vt 0.991959 0.314046
vt 0.992479 0.309708
vt 0.995850 0.546580
vt 0.995850 0.552439
vt 0.991322 0.548964
vt 0.991910 0.544374
vt 0.004300 0.958803
vt 0.003776 0.949908
vt 0.012820 0.952158
vt 0.012820 0.961495
vt 0.092212 0.955007
vt 0.083570 0.957015
vt 0.084618 0.947533
vt 0.092212 0.944440
vt 0.915209 0.955774
vt 0.906716 0.958337
vt 0.906930 0.948820
vt 0.915209 0.945630
vt 0.717680 0.991651
vt 0.721600 0.988701
vt 0.721600 0.993763
vt 0.718208 0.995676
vt 0.987784 0.266578
vt 0.987784 0.271605
vt 0.983778 0.269552
vt 0.983146 0.264957
vt 0.673232 0.993937
vt 0.672461 0.988888
vt 0.677061 0.991114
vt 0.677061 0.994989
vt 0.491281 0.957923
vt 0.490262 0.948358
vt 0.498867 0.950808
vt 0.498867 0.960915
vt 0.779876 0.977064
vt 0.770508 0.977283
vt 0.772352 0.968967
vt 0.779876 0.967041
vt 0.285413 0.954240
vt 0.285413 0.963577
vt 0.277734 0.960966
vt 0.276837 0.951897
vt 0.825520 0.548335
vt 0.820924 0.549972
vt 0.821576 0.545309
vt 0.825520 0.543264
vt 0.478607 0.977561
vt 0.478607 0.986674
vt 0.472189 0.984455
vt 0.470457 0.976837
vt 0.904213 0.529755
vt 0.904213 0.534850
vt 0.899607 0.536671
vt 0.900156 0.531980
vt 0.649638 0.947970
vt 0.649582 0.937678
vt 0.657855 0.940935
vt 0.657855 0.951508
vt 0.995803 0.326655
vt 0.995803 0.331663
vt 0.991959 0.328493
vt 0.992495 0.324635
vt 0.054034 0.962712
vt 0.045189 0.963791
vt 0.046356 0.954982
vt 0.054034 0.952452
vt 0.919468 0.654541
vt 0.914883 0.656794
vt 0.915660 0.651712
vt 0.919468 0.650647
vt 0.844708 0.923209
vt 0.844708 0.935008
vt 0.835734 0.932356
vt 0.834532 0.921809
vt 0.141279 0.994137
vt 0.133792 0.992252
vt 0.135616 0.986364
vt 0.141279 0.985912
vt 0.107934 0.994389
vt 0.100487 0.992403
vt 0.102068 0.986237
vt 0.107934 0.985871
vt 0.734297 0.888289
vt 0.745696 0.884726
vt 0.745696 0.900834
vt 0.734297 0.898244
vt 0.492051 0.994400
vt 0.490262 0.988911
vt 0.497748 0.987005
vt 0.497748 0.994796
vt 0.781822 0.209756
vt 0.780277 0.205069
vt 0.786715 0.203436
vt 0.786715 0.210115
vt 0.533899 0.941691
vt 0.542113 0.938162
vt 0.542113 0.948730
vt 0.533871 0.951951
vt 0.887625 0.973824
vt 0.896318 0.973474
vt 0.896318 0.983430
vt 0.887625 0.983779
vt 0.896039 0.956376
vt 0.896039 0.965923
vt 0.887625 0.963709
vt 0.887625 0.954161
vt 0.380608 0.960732
vt 0.380608 0.970056
vt 0.372002 0.968075
vt 0.372002 0.958751
vt 0.867769 0.979084
vt 0.859072 0.980664
vt 0.859072 0.971467
vt 0.867769 0.969888
vt 0.444602 0.971240
vt 0.444602 0.980469
vt 0.436001 0.978764
vt 0.436000 0.969535
vt 0.834501 0.989515
vt 0.841009 0.987083
vt 0.841009 0.995009
vt 0.835998 0.995006
vt 0.672054 0.610978
vt 0.665450 0.609588
vt 0.666984 0.604820
vt 0.672054 0.604187
vt 0.983337 0.581680
vt 0.990415 0.581429
vt 0.990415 0.591404
vt 0.983337 0.591656
vt 0.632248 0.967388
vt 0.640950 0.965626
vt 0.640950 0.974852
vt 0.632248 0.976614
vt 0.617810 0.985604
vt 0.623507 0.985254
vt 0.623507 0.993927
vt 0.615996 0.991766
vt 0.987001 0.120766
vt 0.985150 0.114895
vt 0.992661 0.113003
vt 0.992661 0.121248
vt 0.213422 0.960704
vt 0.220063 0.958718
vt 0.220063 0.970661
vt 0.213422 0.972647
vt 0.515213 0.965227
vt 0.521883 0.963178
vt 0.521883 0.974884
vt 0.515213 0.976934
vt 0.245774 0.994294
vt 0.243979 0.988902
vt 0.251622 0.986951
vt 0.251622 0.994651
vt 0.354946 0.955520
vt 0.354946 0.965080
vt 0.346538 0.962870
vt 0.346538 0.953310
vt 0.914970 0.184310
vt 0.912300 0.176464
vt 0.921066 0.176956
vt 0.921066 0.182878
vt 0.827199 0.386805
vt 0.833165 0.388450
vt 0.833165 0.394237
vt 0.824371 0.394578
vt 0.646806 0.203113
vt 0.646806 0.209806
vt 0.640966 0.209774
vt 0.639231 0.204935
vt 0.266734 0.987116
vt 0.266734 0.994928
vt 0.261655 0.994384
vt 0.260268 0.988709
vt 0.169422 0.959881
vt 0.177926 0.957743
vt 0.177926 0.967182
vt 0.169422 0.969320
vt 0.336960 0.901921
vt 0.325546 0.899320
vt 0.325546 0.889383
vt 0.336960 0.885842
vt 0.652403 0.604857
vt 0.657898 0.604187
vt 0.657898 0.610954
vt 0.650779 0.609662
vt 0.524058 0.992006
vt 0.515213 0.992041
vt 0.517895 0.984485
vt 0.524058 0.986200
vt 0.646376 0.553518
vt 0.644738 0.548728
vt 0.651888 0.547472
vt 0.651888 0.554209
vt 0.868536 0.267501
vt 0.868536 0.257595
vt 0.880028 0.254750
vt 0.880028 0.270777
vt 0.526320 0.893539
vt 0.526320 0.909566
vt 0.515213 0.906344
vt 0.515213 0.896439
vt 0.924127 0.326138
vt 0.924127 0.332037
vt 0.918242 0.333593
vt 0.915452 0.325641
vt 0.417415 0.964236
vt 0.408922 0.966383
vt 0.408922 0.956920
vt 0.417415 0.954773
vt 0.898797 0.906185
vt 0.887625 0.903532
vt 0.887625 0.893577
vt 0.898797 0.890077
vt 0.631704 0.547472
vt 0.637187 0.548926
vt 0.637187 0.553919
vt 0.629271 0.553985
vt 0.734297 0.960060
vt 0.742674 0.957882
vt 0.742674 0.967430
vt 0.734297 0.969608
vt 0.236428 0.986951
vt 0.236428 0.994717
vt 0.230667 0.994291
vt 0.228895 0.988872
vt 0.809587 0.993825
vt 0.803845 0.993675
vt 0.802114 0.987479
vt 0.809587 0.984990
vt 0.994525 0.763645
vt 0.994525 0.771523
vt 0.988880 0.771118
vt 0.987038 0.765546
vt 0.268856 0.970339
vt 0.268856 0.979565
vt 0.260268 0.977836
vt 0.260268 0.968610
vt 0.423640 0.902382
vt 0.423640 0.886242
vt 0.434926 0.889880
vt 0.434926 0.899855
vt 0.913825 0.722348
vt 0.905144 0.723013
vt 0.907806 0.714992
vt 0.913825 0.716324
vt 0.615996 0.968379
vt 0.624477 0.966464
vt 0.624477 0.975788
vt 0.615996 0.977703
vt 0.649582 0.968522
vt 0.649582 0.959059
vt 0.657985 0.961137
vt 0.657985 0.970600
vt 0.681148 0.979743
vt 0.672461 0.981337
vt 0.672462 0.972145
vt 0.681148 0.970551
vt 0.987491 0.494269
vt 0.993527 0.493857
vt 0.993527 0.501580
vt 0.985691 0.499678
vt 0.133792 0.969050
vt 0.142283 0.967153
vt 0.142283 0.976464
vt 0.133792 0.978361
vt 0.358037 0.884183
vt 0.358037 0.900192
vt 0.346538 0.896968
vt 0.346538 0.887074
vt 0.332184 0.970633
vt 0.325546 0.972625
vt 0.325546 0.960674
vt 0.332184 0.958682
vt 0.300619 0.964803
vt 0.293910 0.967033
vt 0.293910 0.955176
vt 0.300619 0.952946
vt 0.124489 0.976206
vt 0.115777 0.977938
vt 0.115777 0.968709
vt 0.124489 0.966977
vt 0.974325 0.380453
vt 0.974325 0.392311
vt 0.967681 0.390336
vt 0.967681 0.378479
vt 0.160267 0.983718
vt 0.151579 0.984047
vt 0.151579 0.974110
vt 0.160267 0.973780
vt 0.777992 0.984834
vt 0.777992 0.993664
vt 0.770508 0.991118
vt 0.772084 0.984848
vt 0.649582 0.896466
vt 0.660746 0.892998
vt 0.660746 0.909077
vt 0.649582 0.906403
vt 0.243979 0.977802
vt 0.243979 0.968610
vt 0.252716 0.970208
vt 0.252716 0.979400
vt 0.848570 0.386805
vt 0.848570 0.394527
vt 0.842543 0.394116
vt 0.840716 0.388752
vt 0.117665 0.985663
vt 0.124007 0.985489
vt 0.124007 0.993238
vt 0.115777 0.991017
vt 0.542278 0.961571
vt 0.542278 0.971010
vt 0.533872 0.968941
vt 0.533871 0.959502
vt 0.638150 0.604187
vt 0.643228 0.605375
vt 0.643228 0.610578
vt 0.635729 0.611291
vt 0.942884 0.587906
vt 0.942884 0.593876
vt 0.936596 0.595328
vt 0.933997 0.587725
vt 0.892846 0.104715
vt 0.892846 0.120742
vt 0.879895 0.120510
vt 0.879895 0.104483
vt 0.741572 0.934304
vt 0.741572 0.950331
vt 0.734297 0.950213
vt 0.734297 0.934186
vt 0.986655 0.402199
vt 0.993586 0.402151
vt 0.993586 0.412045
vt 0.986655 0.412093
vt 0.906716 0.983675
vt 0.913647 0.983627
vt 0.913647 0.993532
vt 0.906716 0.993580
vt 0.213422 0.985123
vt 0.221189 0.980198
vt 0.221189 0.990103
vt 0.601178 0.983080
vt 0.601178 0.993017
vt 0.594202 0.992872
vt 0.594202 0.982935
vt 0.963361 0.973849
vt 0.963361 0.983754
vt 0.954483 0.983587
vt 0.954483 0.973682
vt 0.576099 0.973664
vt 0.576099 0.983639
vt 0.567349 0.983202
vt 0.567349 0.973227
vt 0.213422 0.951119
vt 0.213422 0.935092
vt 0.220352 0.935140
vt 0.220352 0.951167
vt 0.987153 0.640910
vt 0.987153 0.653863
vt 0.980895 0.653555
vt 0.980894 0.640602
vt 0.805215 0.959651
vt 0.805215 0.943624
vt 0.811481 0.943665
vt 0.811481 0.959692
vt 0.970981 0.768009
vt 0.979487 0.763645
vt 0.979487 0.773084
vt 0.983262 0.209785
vt 0.990537 0.209667
vt 0.990537 0.219572
vt 0.983262 0.219690
vt 0.541759 0.988537
vt 0.533871 0.983353
vt 0.541759 0.978561
vt 0.672462 0.900461
vt 0.672461 0.890486
vt 0.683733 0.887943
vt 0.683733 0.904083
vt 0.966602 0.652157
vt 0.966602 0.640602
vt 0.973343 0.642774
vt 0.973343 0.654329
vt 0.984888 0.060968
vt 0.991954 0.060737
vt 0.991954 0.070712
vt 0.984888 0.070943
vt 0.940096 0.958849
vt 0.946932 0.956576
vt 0.946932 0.968055
vt 0.940096 0.970328
vt 0.176623 0.949955
vt 0.169422 0.950192
vt 0.169422 0.934112
vt 0.176623 0.933875
vt 0.557790 0.954866
vt 0.557790 0.966345
vt 0.550903 0.963999
vt 0.550903 0.952519
vt 0.701268 0.950712
vt 0.701268 0.934572
vt 0.708347 0.934823
vt 0.708347 0.950964
vt 0.649582 0.982917
vt 0.657482 0.978151
vt 0.657482 0.988126
vt 0.925859 0.966720
vt 0.932124 0.966405
vt 0.932124 0.979358
vt 0.925859 0.979672
vt 0.952829 0.656743
vt 0.952829 0.640602
vt 0.959050 0.640614
vt 0.959050 0.656754
vt 0.953857 0.378500
vt 0.960130 0.378479
vt 0.960130 0.394488
vt 0.953857 0.394509
vt 0.819066 0.975959
vt 0.825287 0.975948
vt 0.825287 0.988900
vt 0.819066 0.988911
vt 0.115777 0.943285
vt 0.121999 0.943273
vt 0.121999 0.959414
vt 0.115777 0.959425
vt 0.973439 0.985170
vt 0.981801 0.981265
vt 0.981801 0.990457
vt 0.070893 0.974293
vt 0.070893 0.984198
vt 0.062237 0.984062
vt 0.062237 0.974156
vt 0.834532 0.958667
vt 0.834532 0.942559
vt 0.840766 0.942605
vt 0.840766 0.958713
vt 0.969146 0.593269
vt 0.969146 0.581429
vt 0.975786 0.583415
vt 0.975786 0.595255
vt 0.197065 0.935538
vt 0.197065 0.951546
vt 0.190134 0.951498
vt 0.190133 0.935489
vt 0.569228 0.954111
vt 0.576099 0.951719
vt 0.576099 0.963284
vt 0.569227 0.965676
vt 0.992171 0.053100
vt 0.984888 0.053186
vt 0.984888 0.043292
vt 0.992171 0.043206
vt 0.698989 0.981513
vt 0.707106 0.976648
vt 0.707106 0.986542
vt 0.306861 0.883637
vt 0.306861 0.899646
vt 0.293910 0.899457
vt 0.293910 0.883448
vt 0.470457 0.959726
vt 0.478835 0.957541
vt 0.478835 0.967101
vt 0.470457 0.969286
vt 0.398892 0.974023
vt 0.398892 0.983916
vt 0.390011 0.983786
vt 0.390010 0.973892
vt 0.834502 0.979217
vt 0.834501 0.966264
vt 0.840766 0.966580
vt 0.840766 0.979532
vt 0.959979 0.317051
vt 0.959979 0.333060
vt 0.953706 0.333039
vt 0.953706 0.317030
vt 0.717680 0.980704
vt 0.717680 0.970729
vt 0.726437 0.971175
vt 0.726437 0.981150
vt 0.953703 0.518577
vt 0.959969 0.518536
vt 0.959969 0.534563
vt 0.953703 0.534603
vt 0.325546 0.984054
vt 0.333879 0.980176
vt 0.333879 0.989500
vt 0.550903 0.974205
vt 0.557162 0.973897
vt 0.557162 0.986849
vt 0.550903 0.987157
vt 0.974261 0.319194
vt 0.974261 0.330759
vt 0.967530 0.328595
vt 0.967530 0.317030
vt 0.992670 0.476351
vt 0.992670 0.486306
vt 0.985691 0.486146
vt 0.985691 0.476191
vt 0.825726 0.956446
vt 0.825726 0.968397
vt 0.819066 0.966315
vt 0.819066 0.954364
vt 0.544976 0.896735
vt 0.544976 0.906629
vt 0.533871 0.909548
vt 0.533871 0.893539
vt 0.062237 0.954766
vt 0.068952 0.952516
vt 0.068952 0.964355
vt 0.062237 0.966605
vt 0.760130 0.963417
vt 0.753247 0.965801
vt 0.753247 0.954246
vt 0.760130 0.951862
vt 0.939749 0.987834
vt 0.939749 0.977879
vt 0.946932 0.978119
vt 0.946932 0.988075
vt 0.198694 0.987225
vt 0.190133 0.982996
vt 0.198694 0.977914
vt 0.780606 0.339503
vt 0.779078 0.334761
vt 0.785682 0.333305
vt 0.785682 0.340083
vt 0.354946 0.982587
vt 0.346123 0.982971
vt 0.346123 0.973016
vt 0.354946 0.972632
vt 0.293910 0.987537
vt 0.293910 0.974584
vt 0.300142 0.974768
vt 0.300142 0.987721
vt 0.950732 0.167711
vt 0.956966 0.167665
vt 0.956966 0.183773
vt 0.950732 0.183819
vt 0.458660 0.974107
vt 0.458660 0.987059
vt 0.452418 0.986857
vt 0.452417 0.973905
vt 0.925859 0.942775
vt 0.932105 0.942721
vt 0.932105 0.958800
vt 0.925859 0.958854
vt 0.943454 0.385266
vt 0.943454 0.394590
vt 0.934899 0.390322
vt 0.190134 0.968408
vt 0.190133 0.959097
vt 0.198754 0.961052
vt 0.198754 0.970363
vt 0.459209 0.954647
vt 0.459209 0.966354
vt 0.452417 0.964002
vt 0.452418 0.952295
vt 0.983262 0.201878
vt 0.983262 0.191941
vt 0.990463 0.192178
vt 0.990463 0.202116
vt 0.964518 0.169934
vt 0.971337 0.167665
vt 0.971337 0.179147
vt 0.964517 0.181416
vt 0.477640 0.949750
vt 0.470457 0.949990
vt 0.470457 0.933882
vt 0.477640 0.933642
vt 0.107156 0.976256
vt 0.100487 0.978320
vt 0.100487 0.966630
vt 0.107156 0.964566
vt 0.372002 0.935120
vt 0.378978 0.934976
vt 0.378978 0.951055
vt 0.372002 0.951200
vt 0.794322 0.955618
vt 0.794322 0.967561
vt 0.787666 0.965458
vt 0.787666 0.953515
vt 0.325546 0.935023
vt 0.332525 0.934862
vt 0.332525 0.950970
vt 0.325546 0.951131
vt 0.308801 0.984732
vt 0.316607 0.979657
vt 0.316607 0.989594
vt 0.848044 0.255312
vt 0.860985 0.254750
vt 0.860985 0.270858
vt 0.848044 0.271420
vt 0.003776 0.978243
vt 0.003776 0.969046
vt 0.012511 0.970635
vt 0.012511 0.979831
vt 0.753247 0.973722
vt 0.762079 0.973352
vt 0.762079 0.983290
vt 0.753247 0.983659
vt 0.408922 0.974136
vt 0.415164 0.973934
vt 0.415164 0.986886
vt 0.408922 0.987088
vt 0.618231 0.958859
vt 0.618231 0.942780
vt 0.624477 0.942834
vt 0.624477 0.958913
vt 0.034211 0.934812
vt 0.034211 0.950953
vt 0.027144 0.950722
vt 0.027144 0.934581
vt 0.943333 0.722475
vt 0.943333 0.706466
vt 0.950616 0.706551
vt 0.950616 0.722560
vt 0.045189 0.992491
vt 0.049672 0.988623
vt 0.049672 0.994966
vt 0.837560 0.543548
vt 0.837560 0.549972
vt 0.833071 0.545956
vt 0.787666 0.988065
vt 0.787666 0.975112
vt 0.793888 0.975124
vt 0.793888 0.988076
vn 0.4644 0.2384 -0.8529
vn 0.9867 0.1627 -0.0030
vn 0.5185 -0.0546 0.8534
vn 0.9465 -0.3128 -0.0790
vn -0.5159 0.0212 -0.8564
vn 0.5273 -0.2540 0.8108
vn 0.5266 -0.2539 0.8113
vn -0.4686 -0.2665 0.8423
vn -0.4682 -0.2667 0.8424
vn -0.4755 -0.1853 0.8599
vn -0.4751 -0.1856 0.8601
vn -0.4766 -0.1847 0.8595
vn -0.4760 -0.1851 0.8598
vn 0.4371 -0.0493 -0.8981
vn 0.4375 -0.0496 -0.8979
vn 0.4366 -0.0489 -0.8983
vn -0.4222 0.0723 0.9036
vn -0.4223 0.0723 0.9036
vn -0.4222 0.0726 0.9036
vn 0.3516 -0.4009 -0.8460
vn 0.3515 -0.4010 -0.8460
vn 0.5111 -0.3070 0.8028
vn 0.5109 -0.3069 0.8030
vn 0.5104 -0.3068 0.8034
vn 0.5106 -0.3069 0.8032
vn -0.5410 0.1261 -0.8315
vn 0.4157 -0.1287 -0.9004
vn -0.4597 -0.2933 0.8382
vn 0.9956 -0.0803 -0.0490
vn 0.5325 -0.1588 0.8314
vn 0.5339 -0.1582 0.8306
vn 0.5338 -0.1583 0.8307
vn 0.5325 -0.1589 0.8314
vn 0.3603 -0.3441 -0.8670
vn 0.3604 -0.3439 -0.8671
vn 0.3610 -0.3437 -0.8669
vn 0.9354 -0.3464 -0.0711
vn -0.9949 0.0854 0.0537
vn -0.9949 0.0853 0.0531
vn -0.5315 0.1010 -0.8410
vn -0.5307 0.1007 -0.8416
vn -0.9990 -0.0373 0.0265
vn 0.9744 -0.2124 -0.0732
vn -0.9911 0.1164 0.0638
vn -0.9944 -0.1054 0.0124
vn -0.9944 -0.1053 0.0127
vn 0.5065 -0.3058 0.8062
vn 0.5060 -0.3056 0.8066
vn 0.4506 0.0044 -0.8927
vn 0.4513 0.0040 -0.8924
vn 0.4515 0.0039 -0.8923
vn 0.9995 0.0033 -0.0319
vn 0.9995 0.0033 -0.0314
vn 0.9995 0.0032 -0.0322
vn -0.9913 0.0932 0.0935
vn -0.9912 0.0934 0.0937
vn 0.5171 -0.2347 0.8231
vn 0.5167 -0.2343 0.8235
vn 0.5079 -0.2823 0.8139
vn 0.5075 -0.2821 0.8142
vn -0.9832 -0.1826 -0.0014
vn -0.9832 -0.1826 -0.0010
vn -0.9832 -0.1826 -0.0019
vn 0.9609 -0.2653 -0.0795
vn 0.9609 -0.2652 -0.0793
vn 0.9610 -0.2651 -0.0785
vn 0.9610 -0.2652 -0.0790
vn -0.5357 0.1259 -0.8350
vn 0.5323 -0.2003 0.8225
vn 0.5319 -0.2003 0.8228
vn 0.4802 0.1322 -0.8671
vn 0.4615 0.0426 -0.8861
vn 0.4622 0.0423 -0.8858
vn 0.4613 0.0430 -0.8862
vn -0.4517 -0.3064 0.8379
vn -0.4521 -0.3066 0.8376
vn -0.4718 -0.1303 0.8720
vn -0.4716 -0.1305 0.8721
vn 0.5184 -0.2920 0.8037
vn 0.5185 -0.2921 0.8037
vn 0.5181 -0.2920 0.8039
vn 0.5178 -0.2918 0.8042
vn -0.5255 0.0684 -0.8480
vn -0.5251 0.0683 -0.8483
vn -0.9986 0.0312 0.0416
vn -0.9987 0.0312 0.0412
vn -0.5053 -0.0148 -0.8628
vn -0.5056 -0.0150 -0.8626
vn -0.5063 -0.0155 -0.8622
vn -0.1506 0.7678 -0.6227
vn -0.1507 0.7678 -0.6227
vn 0.6840 0.6922 -0.2302
vn 0.6840 0.6922 -0.2303
vn 0.4805 0.8474 0.2257
vn 0.4804 0.8475 0.2256
vn 0.4804 0.8475 0.2257
vn 0.4805 0.8475 0.2256
vn -0.0252 0.9627 0.2695
vn 0.7419 0.6618 -0.1074
vn -0.1313 0.8300 -0.5421
vn -0.1313 0.8299 -0.5422
vn -0.1303 0.8301 -0.5422
vn -0.1312 0.8298 -0.5425
vn 0.5091 0.7673 0.3900
vn 0.5091 0.7673 0.3899
vn 0.5091 0.7674 0.3898
vn 0.5090 0.7674 0.3899
vn -0.3545 0.9348 -0.0241
vn -0.4029 0.9128 0.0677
vn -0.4026 0.9129 0.0675
vn 0.7819 0.6230 -0.0217
vn 0.7817 0.6233 -0.0216
vn -0.1489 0.8578 -0.4919
vn -0.1492 0.8577 -0.4921
vn -0.1491 0.8578 -0.4919
vn -0.1490 0.8578 -0.4919
vn 0.5151 0.6818 0.5194
vn 0.5151 0.6819 0.5194
vn 0.5155 0.6819 0.5189
vn 0.5151 0.6819 0.5193
vn -0.4766 0.8700 0.1265
vn -0.4768 0.8698 0.1266
vn -0.4771 0.8697 0.1267
vn -0.4765 0.8700 0.1265
vn 0.8089 0.5871 0.0327
vn 0.8085 0.5876 0.0326
vn 0.8086 0.5875 0.0325
vn 0.4600 0.7174 -0.5232
vn 0.4600 0.7175 -0.5231
vn -0.1930 0.8606 -0.4712
vn -0.1930 0.8607 -0.4712
vn -0.1932 0.8606 -0.4712
vn -0.1927 0.8609 -0.4708
vn 0.4442 0.7355 -0.5117
vn 0.4441 0.7355 -0.5117
vn 0.4443 0.7357 -0.5112
vn 0.4443 0.7353 -0.5117
vn -0.2496 0.8469 -0.4696
vn -0.2055 0.6443 0.7366
vn -0.2056 0.6445 0.7365
vn -0.2060 0.6443 0.7365
vn -0.2056 0.6443 0.7366
vn -0.5777 0.8013 0.1552
vn -0.5775 0.8016 0.1549
vn -0.5774 0.8016 0.1550
vn -0.5776 0.8015 0.1550
vn 0.4626 0.5027 0.7302
vn 0.4621 0.5030 0.7304
vn 0.4620 0.5031 0.7303
vn 0.4621 0.5031 0.7303
vn -0.3124 0.8187 -0.4819
vn -0.3123 0.8186 -0.4820
vn -0.3125 0.8182 -0.4825
vn -0.2700 0.5786 0.7696
vn -0.2698 0.5793 0.7691
vn -0.2701 0.5795 0.7689
vn -0.2698 0.5790 0.7694
vn 0.4235 0.5057 0.7516
vn 0.4236 0.5057 0.7516
vn 0.4237 0.5055 0.7516
vn -0.7161 0.6797 0.1588
vn -0.7163 0.6795 0.1588
vn -0.7166 0.6792 0.1588
vn -0.7163 0.6794 0.1588
vn -0.3671 0.7907 -0.4899
vn -0.3677 0.7902 -0.4902
vn -0.3675 0.7905 -0.4900
vn 0.8060 0.5859 0.0841
vn 0.8063 0.5855 0.0840
vn 0.8063 0.5856 0.0838
vn 0.3800 0.7609 -0.5259
vn 0.3801 0.7606 -0.5263
vn 0.3798 0.7602 -0.5271
vn -0.3258 0.5372 0.7780
vn -0.3254 0.5377 0.7778
vn 0.3804 0.5184 0.7659
vn 0.3807 0.5189 0.7654
vn -0.4222 0.7530 -0.5048
vn -0.4226 0.7529 -0.5046
vn -0.4228 0.7524 -0.5051
vn -0.4224 0.7530 -0.5046
vn 0.7806 0.6176 0.0963
vn 0.7805 0.6177 0.0963
vn 0.7804 0.6178 0.0963
vn 0.3350 0.7742 -0.5370
vn 0.3350 0.7741 -0.5372
vn 0.3348 0.7745 -0.5367
vn -0.4402 0.4551 0.7740
vn -0.7727 0.6181 0.1446
vn -0.7726 0.6182 0.1446
vn -0.7728 0.6179 0.1446
vn -0.4820 0.6866 -0.5442
vn -0.4819 0.6865 -0.5444
vn -0.4819 0.6866 -0.5444
vn -0.4819 0.6865 -0.5445
vn 0.7470 0.6570 0.1014
vn 0.7465 0.6576 0.1016
vn 0.7471 0.6570 0.1014
vn -0.8465 0.5191 0.1177
vn -0.8460 0.5201 0.1173
vn -0.8464 0.5194 0.1177
vn -0.8460 0.5199 0.1179
vn -0.4794 0.4095 0.7762
vn 0.6961 0.7119 0.0931
vn 0.3135 0.5324 0.7863
vn -0.3819 0.5010 0.7766
vn -0.3818 0.5013 0.7765
vn -0.3813 0.5016 0.7765
vn 0.4903 0.5335 0.6892
vn 0.6833 0.7226 0.1047
vn 0.6831 0.7228 0.1048
vn 0.6832 0.7226 0.1051
vn 0.4187 0.7430 -0.5222
vn 0.4187 0.7429 -0.5223
vn 0.4190 0.7429 -0.5221
vn 0.4190 0.7426 -0.5225
vn -0.6562 0.7368 0.1630
vn -0.6564 0.7365 0.1634
vn -0.6564 0.7366 0.1629
vn -0.6562 0.7368 0.1629
vn 0.8119 0.5801 0.0657
vn 0.8122 0.5797 0.0656
vn 0.8123 0.5796 0.0656
vn 0.8125 0.5793 0.0650
vn 0.3247 0.5575 0.7640
vn 0.3245 0.5574 0.7642
vn 0.3243 0.5578 0.7640
vn 0.3248 0.5572 0.7642
vn -0.3479 0.9259 -0.1476
vn -0.3479 0.9258 -0.1476
vn -0.3480 0.9258 -0.1476
vn 0.5067 0.6023 0.6168
vn 0.5067 0.6022 0.6169
vn 0.5068 0.6021 0.6170
vn 0.5068 0.6018 0.6172
vn -0.1255 0.7414 0.6592
vn -0.1254 0.7416 0.6590
vn -0.1254 0.7416 0.6591
vn -0.1252 0.7418 0.6588
vn -0.0667 0.8235 0.5633
vn -0.0660 0.8241 0.5625
vn -0.0660 0.8240 0.5627
vn -0.0666 0.8242 0.5624
vn -0.0281 0.9012 0.4326
vn -0.0280 0.9012 0.4325
vn -0.0280 0.9012 0.4326
vn 0.4543 0.7105 -0.5374
vn 0.4541 0.7102 -0.5379
vn 0.4541 0.7103 -0.5378
vn 0.4276 0.6910 -0.5828
vn 0.3747 0.6497 -0.6615
vn 0.2825 0.7875 -0.5477
vn 0.2832 0.7870 -0.5481
vn -0.4611 -0.0676 0.8848
vn -0.4615 -0.0673 0.8846
vn -0.4607 -0.0679 0.8849
vn 0.4701 0.0810 -0.8789
vn -0.5728 0.0063 -0.8196
vn -0.5997 -0.1151 -0.7919
vn -0.5994 -0.1154 -0.7921
vn -0.5996 -0.1153 -0.7920
vn -0.5995 -0.1152 -0.7921
vn 0.9980 0.0603 -0.0202
vn 0.9980 0.0602 -0.0208
vn 0.9301 -0.3632 -0.0547
vn 0.5362 -0.1551 0.8297
vn 0.5359 -0.1552 0.8299
vn 0.5357 -0.1550 0.8301
vn 0.5358 -0.1551 0.8300
vn 0.5750 -0.0061 0.8181
vn 0.5749 -0.0062 0.8182
vn 0.5749 -0.0061 0.8182
vn -0.9902 0.1183 0.0747
vn -0.4453 -0.0028 0.8954
vn -0.4452 -0.0029 0.8954
vn -0.4445 -0.0030 0.8958
vn -0.4451 -0.0024 0.8955
vn 0.3893 -0.2260 -0.8930
vn -0.4746 -0.2337 0.8486
vn -0.9901 0.0251 0.1383
vn -0.5530 0.0862 -0.8287
vn -0.5528 0.0859 -0.8289
vn 0.9574 -0.2699 -0.1022
vn -0.3969 0.1129 0.9109
vn -0.3970 0.1130 0.9108
vn 0.9860 -0.1539 -0.0635
vn 0.9860 -0.1539 -0.0638
vn 0.9861 -0.1539 -0.0631
vn -0.5945 -0.2407 -0.7672
vn 0.4761 0.1142 -0.8719
vn 0.4768 0.1140 -0.8716
vn -0.8810 0.4625 0.0997
vn 0.2671 0.7621 -0.5898
vn -0.9720 -0.2346 -0.0098
vn -0.9721 -0.2346 -0.0093
vn -0.9927 -0.1204 0.0100
vn -0.5171 0.6357 -0.5732
vn -0.5255 0.0966 -0.8453
vn -0.4720 -0.1962 0.8595
vn -0.5846 -0.2949 0.7558
vn 0.3498 -0.9347 0.0627
vn 0.3502 -0.9346 0.0623
vn 0.3504 -0.9345 0.0628
vn 0.2517 -0.2532 0.9341
vn 0.2516 -0.2532 0.9341
vn 0.1513 0.9339 0.3240
vn 0.1512 0.9339 0.3239
vn 0.9415 -0.3303 -0.0667
vn 0.9353 -0.3466 -0.0716
vn 0.9374 -0.3386 -0.0810
vn -0.1497 -0.9328 -0.3280
vn -0.1497 -0.9328 -0.3279
vn -0.1496 -0.9327 -0.3280
vn -0.2421 0.9593 0.1455
vn -0.2420 0.9593 0.1453
vn -0.2421 0.9593 0.1453
vn 0.2061 -0.9020 0.3793
vn 0.2060 -0.9021 0.3793
vn 0.2060 -0.9020 0.3793
vn 0.1666 0.9770 0.1334
vn 0.1665 0.9770 0.1334
vn -0.2276 -0.9737 0.0061
vn -0.2276 -0.9737 0.0060
vn -0.1410 -0.9063 -0.3983
vn -0.1446 -0.9083 -0.3924
vn -0.1481 -0.9047 -0.3995
vn -0.1413 -0.9064 -0.3981
vn 0.8610 -0.4465 -0.2436
vn 0.8609 -0.4466 -0.2436
vn 0.8607 -0.4471 -0.2435
vn -0.0974 -0.9360 0.3382
vn -0.0975 -0.9360 0.3382
vn -0.1686 -0.9761 -0.1371
vn -0.1685 -0.9761 -0.1372
vn -0.1684 -0.9761 -0.1371
vn -0.1685 -0.9761 -0.1371
vn -0.2063 0.9036 -0.3754
vn 0.1898 0.9316 -0.3099
vn 0.1900 0.9316 -0.3099
vn 0.1898 0.9316 -0.3100
vn -0.3476 0.9356 -0.0628
vn -0.3479 0.9354 -0.0629
vn 0.4612 -0.0852 -0.8832
vn 0.4612 -0.0854 -0.8832
vn 0.0942 0.9376 -0.3348
vn 0.8012 -0.3611 0.4771
vn 0.8013 -0.3610 0.4771
vn 0.8013 -0.3611 0.4771
vn -0.0249 -0.9222 0.3859
vn -0.0245 -0.9224 0.3855
vn -0.0244 -0.9224 0.3855
vn -0.0246 -0.9223 0.3856
vn 0.5165 -0.8561 0.0184
vn 0.5165 -0.8561 0.0185
vn 0.5169 -0.8559 0.0181
vn 0.5164 -0.8561 0.0184
vn 0.6622 -0.2707 -0.6987
vn -0.5659 -0.7954 -0.2170
vn -0.5659 -0.7954 -0.2171
vn -0.5659 -0.7955 -0.2168
vn 0.3908 -0.4768 -0.7874
vn 0.3909 -0.4767 -0.7874
vn 0.3906 -0.4769 -0.7874
vn -0.4280 0.6710 -0.6054
vn -0.4281 0.6710 -0.6054
vn -0.0310 0.9315 -0.3625
vn -0.0311 0.9315 -0.3625
vn 0.0711 -0.9676 0.2424
vn 0.0712 -0.9675 0.2425
vn 0.0715 -0.9676 0.2420
vn 0.5632 0.7967 0.2192
vn 0.5632 0.7967 0.2193
vn 0.5631 0.7968 0.2190
vn 0.5931 -0.2702 0.7584
vn 0.5931 -0.2702 0.7585
vn 0.1843 -0.8745 0.4486
vn 0.1842 -0.8745 0.4486
vn 0.7369 -0.4387 -0.5143
vn 0.7368 -0.4384 -0.5147
vn -0.0554 -0.9414 -0.3327
vn -0.0554 -0.9414 -0.3326
vn -0.0555 -0.9414 -0.3326
vn -0.1883 0.9547 0.2304
vn -0.1886 0.9547 0.2303
vn -0.1852 0.9565 0.2252
vn -0.1893 0.9551 0.2277
vn 0.1914 -0.9537 -0.2321
vn 0.1874 -0.9538 -0.2347
vn 0.1871 -0.9538 -0.2349
vn 0.1917 -0.9526 -0.2363
vn 0.9421 -0.3242 0.0855
vn 0.1157 0.5419 -0.8325
vn 0.1157 0.5419 -0.8324
vn 0.1156 0.5419 -0.8324
vn 0.9803 0.1082 0.1654
vn 0.9803 0.1081 0.1654
vn 0.9803 0.1082 0.1655
vn -0.7293 0.6679 0.1485
vn -0.7293 0.6679 0.1486
vn -0.7290 0.6682 0.1487
vn 0.5177 0.3292 -0.7897
vn 0.5178 0.3291 -0.7897
vn -0.3982 -0.7163 0.5730
vn -0.3984 -0.7163 0.5729
vn 0.7534 -0.6151 0.2325
vn -0.2132 -0.9530 0.2153
vn -0.2133 -0.9530 0.2152
vn -0.1251 0.8774 0.4632
vn 0.7063 0.5092 -0.4918
vn 0.4335 0.4869 -0.7583
vn -0.5250 0.8454 0.0981
vn 0.4280 0.8403 -0.3327
vn -0.8186 0.5411 -0.1926
vn -0.7863 0.5953 0.1657
vn 0.4401 0.8879 0.1337
vn -0.2676 0.9084 -0.3213
vn 0.0105 0.5246 0.8513
vn 0.3751 0.4696 0.7992
vn 0.2753 0.8479 -0.4531
vn -0.4202 0.8954 0.1473
vn 0.7904 0.4704 0.3923
vn 0.8984 0.4382 0.0293
vn -0.3039 0.8722 -0.3834
vn -0.3958 0.6306 0.6676
vn -0.3959 0.6306 0.6676
vn -0.3959 0.6305 0.6676
vn -0.0942 0.5098 -0.8551
vn -0.4472 0.5303 -0.7203
vn 0.3829 0.9018 0.2005
vn 0.5420 0.8349 0.0961
vn -0.5038 0.5943 -0.6270
vn -0.7116 0.6214 -0.3280
vn -0.7116 0.6214 -0.3279
vn 0.2532 0.8508 0.4605
vn 0.2162 0.7949 -0.5670
vn -0.7695 0.5982 0.2236
vn -0.5708 0.6402 0.5141
vn 0.5238 0.8477 -0.0844
vn -0.1269 0.8806 -0.4566
vn -0.2736 0.5898 0.7598
vn 0.0764 0.5400 0.8382
vn 0.0763 0.5401 0.8381
vn 0.4364 0.8141 -0.3832
vn -0.6397 0.7381 -0.2144
vn 0.3770 0.7672 0.5189
vn 0.6213 0.7381 0.2628
vn -0.2871 0.6814 -0.6732
vn 0.0722 0.8239 0.5621
vn 0.3129 0.6506 -0.6920
vn -0.0461 0.6203 -0.7830
vn -0.4637 0.7723 0.4342
vn -0.3403 0.8398 0.4229
vn 0.7200 0.6366 -0.2762
vn 0.5418 0.5848 -0.6037
vn 0.5419 0.5849 -0.6036
vn 0.5418 0.5849 -0.6036
vn -0.6372 0.7698 -0.0384
vn -0.3587 0.5029 -0.7864
vn -0.3586 0.5030 -0.7864
vn -0.3585 0.5031 -0.7864
vn -0.1806 0.7329 0.6560
vn -0.0140 0.7534 0.6574
vn -0.0142 0.7534 0.6574
vn 0.0456 0.5227 -0.8513
vn 0.0455 0.5227 -0.8513
vn 0.2222 0.6299 0.7443
vn 0.2222 0.6298 0.7443
vn -0.8522 0.5206 -0.0524
vn 0.2264 0.8799 0.4178
vn 0.2264 0.8798 0.4179
vn 0.3466 0.9277 0.1387
vn 0.3416 0.9293 0.1407
vn 0.3408 0.9298 0.1393
vn -0.7100 0.5639 -0.4219
vn -0.7100 0.5639 -0.4218
vn 0.2123 0.8936 -0.3955
vn -0.1280 0.8909 -0.4357
vn -0.1381 0.8948 -0.4246
vn -0.1265 0.8950 -0.4278
vn 0.6499 0.3498 -0.6747
vn -0.4078 0.9128 -0.0202
vn -0.3971 0.9176 -0.0199
vn -0.3987 0.9163 -0.0371
vn -0.2579 0.9266 0.2737
vn -0.2448 0.9295 0.2757
vn -0.2526 0.9296 0.2686
vn 0.9193 0.3773 -0.1115
vn -0.1721 0.9044 0.3904
vn -0.1721 0.9044 0.3905
vn 0.1238 -0.8769 -0.4645
vn -0.7072 -0.5099 0.4898
vn -0.4306 -0.4869 0.7599
vn -0.4307 -0.4870 0.7598
vn 0.5267 -0.8445 -0.0967
vn 0.5268 -0.8445 -0.0967
vn -0.4279 -0.8397 0.3343
vn 0.8180 -0.5413 0.1945
vn 0.7853 -0.5958 -0.1682
vn -0.4401 -0.8877 -0.1353
vn 0.2693 -0.9079 0.3211
vn -0.0085 -0.5254 -0.8508
vn -0.3779 -0.4694 -0.7980
vn -0.2775 -0.8467 0.4540
vn 0.4208 -0.8948 -0.1490
vn -0.7891 -0.4712 -0.3940
vn -0.8985 -0.4383 -0.0261
vn -0.8985 -0.4382 -0.0260
vn 0.3037 -0.8713 0.3855
vn 0.4001 -0.6294 -0.6662
vn 0.4000 -0.6295 -0.6662
vn 0.0921 -0.5102 0.8551
vn 0.4496 -0.5307 0.7185
vn -0.3851 -0.9010 -0.1996
vn -0.3850 -0.9011 -0.1996
vn -0.5429 -0.8344 -0.0945
vn 0.5017 -0.5946 0.6283
vn 0.7127 -0.6217 0.3249
vn -0.2520 -0.8504 -0.4618
vn -0.2155 -0.7940 0.5684
vn 0.7700 -0.5983 -0.2216
vn 0.5688 -0.6406 -0.5159
vn 0.5687 -0.6406 -0.5159
vn -0.5252 -0.8470 0.0826
vn 0.1286 -0.8800 0.4572
vn 0.1287 -0.8800 0.4572
vn 0.2753 -0.5905 -0.7586
vn -0.0794 -0.5398 -0.8380
vn -0.4387 -0.8129 0.3832
vn 0.6409 -0.7375 0.2130
vn -0.3750 -0.7676 -0.5198
vn -0.6228 -0.7379 -0.2602
vn -0.6228 -0.7378 -0.2601
vn 0.2857 -0.6801 0.6752
vn -0.0742 -0.8234 -0.5626
vn -0.3148 -0.6512 0.6906
vn 0.0494 -0.6202 0.7829
vn 0.4661 -0.7712 -0.4336
vn 0.4660 -0.7712 -0.4336
vn 0.3394 -0.8394 -0.4245
vn -0.7202 -0.6373 0.2742
vn -0.5397 -0.5845 0.6059
vn -0.5397 -0.5846 0.6058
vn 0.6384 -0.7687 0.0402
vn 0.3544 -0.5000 0.7902
vn 0.3544 -0.5001 0.7901
vn 0.1810 -0.7328 -0.6559
vn 0.0135 -0.7534 -0.6574
vn 0.0136 -0.7535 -0.6574
vn -0.0429 -0.5191 0.8536
vn -0.0430 -0.5191 0.8536
vn -0.2262 -0.6289 -0.7439
vn -0.2263 -0.6289 -0.7439
vn 0.8530 -0.5192 0.0530
vn -0.2200 -0.8771 -0.4270
vn -0.2177 -0.8817 -0.4186
vn -0.2241 -0.8792 -0.4205
vn -0.3412 -0.9309 -0.1303
vn -0.3415 -0.9301 -0.1353
vn -0.3420 -0.9296 -0.1375
vn 0.7104 -0.5625 0.4230
vn 0.7104 -0.5625 0.4231
vn -0.2151 -0.8936 0.3940
vn 0.1414 -0.8914 0.4306
vn 0.1308 -0.8947 0.4271
vn 0.1335 -0.8972 0.4210
vn -0.6483 -0.3482 0.6771
vn 0.4121 -0.9106 0.0306
vn 0.3939 -0.9186 0.0325
vn 0.3973 -0.9174 0.0228
vn 0.2488 -0.9266 -0.2818
vn 0.2501 -0.9294 -0.2715
vn 0.2441 -0.9311 -0.2710
vn -0.9204 -0.3757 0.1082
vn 0.1744 -0.9037 -0.3911
vn 0.1745 -0.9036 -0.3911
vn 0.2969 0.7989 0.5231
vn -0.4364 -0.8916 -0.1207
vn -0.4366 -0.8915 -0.1210
vn -0.4365 -0.8915 -0.1208
vn -0.4365 -0.8915 -0.1210
vn 0.6185 -0.7278 0.2962
vn -0.9621 -0.2557 0.0951
vn -0.9620 -0.2558 0.0951
vn -0.9620 -0.2558 0.0950
vn 0.0089 -0.5101 -0.8601
vn 0.0088 -0.5099 -0.8602
vn 0.0088 -0.5098 -0.8603
vn 0.0088 -0.5098 -0.8602
vn -0.2376 0.9576 -0.1630
vn 0.3086 -0.9504 0.0396
vn -0.8098 -0.5311 -0.2494
vn -0.8098 -0.5310 -0.2495
vn 0.0250 -0.8083 -0.5882
vn 0.0253 -0.8083 -0.5882
vn 0.0252 -0.8083 -0.5882
vn 0.2599 -0.3150 0.9128
vn 0.2599 -0.3151 0.9128
vn 0.9122 -0.4090 -0.0256
vn 0.9122 -0.4090 -0.0255
vn 0.9121 -0.4092 -0.0256
vn 0.8102 -0.5711 0.1320
vn 0.8101 -0.5712 0.1320
vn 0.2270 0.9258 -0.3023
vn 0.2269 0.9258 -0.3023
vn 0.1340 -0.9274 0.3492
vn 0.1330 -0.9254 0.3548
vn 0.1283 -0.9273 0.3515
vn 0.1342 -0.9275 0.3488
vn -0.2261 -0.5006 -0.8357
vn -0.2261 -0.5004 -0.8358
vn -0.2261 -0.5005 -0.8357
vn -0.2315 -0.9243 0.3035
vn -0.2316 -0.9243 0.3035
vn -0.7588 0.4160 0.5011
vn -0.7588 0.4160 0.5012
vn 0.6580 -0.6929 0.2948
vn 0.6579 -0.6930 0.2947
vn 0.6580 -0.6929 0.2947
vn -0.9609 -0.2703 -0.0602
vn -0.9609 -0.2704 -0.0602
vn -0.6762 -0.7367 -0.0027
vn -0.6762 -0.7367 -0.0028
vn -0.6764 -0.7365 -0.0027
vn 0.5733 -0.3695 -0.7313
vn 0.5733 -0.3694 -0.7313
vn 0.5733 -0.3694 -0.7314
vn -0.2566 0.9524 0.1648
vn -0.2565 0.9524 0.1646
vn -0.2565 0.9524 0.1648
vn -0.1928 -0.9300 0.3130
vn -0.1929 -0.9300 0.3130
vn -0.1928 -0.9300 0.3129
vn -0.1929 -0.9299 0.3131
vn -0.7747 -0.5757 -0.2616
vn 0.1166 -0.9640 -0.2389
vn 0.1164 -0.9640 -0.2391
vn 0.1164 -0.9640 -0.2392
vn 0.5093 -0.2532 0.8225
vn 0.5094 -0.2532 0.8225
vn 0.5092 -0.2533 0.8225
vn -0.5854 -0.4904 -0.6456
vn 0.2511 -0.3595 0.8987
vn 0.2511 -0.3596 0.8987
vn 0.2512 -0.3593 0.8988
vn 0.2512 -0.3594 0.8988
vn -0.1145 0.9650 0.2358
vn -0.1144 0.9650 0.2358
vn -0.1143 0.9650 0.2359
vn 0.7180 -0.3629 0.5939
vn 0.7180 -0.3629 0.5940
vn 0.7181 -0.3629 0.5939
vn -0.0681 0.9689 -0.2381
vn -0.0683 0.9688 -0.2382
vn -0.0680 0.9689 -0.2378
vn -0.0682 0.9688 -0.2382
vn -0.9639 -0.2302 -0.1338
vn -0.9639 -0.2300 -0.1338
vn -0.9639 -0.2301 -0.1338
vn 0.2341 -0.4384 -0.8678
vn -0.5713 -0.2651 0.7767
vn -0.5714 -0.2652 0.7767
vn 0.0733 -0.3380 0.9383
vn 0.0733 -0.3379 0.9383
vn 0.6110 0.7324 0.3004
vn 0.6110 0.7325 0.3004
vn 0.5854 -0.5032 -0.6357
vn -0.8901 -0.4527 0.0523
vn -0.8901 -0.4528 0.0523
vn -0.2930 0.8555 -0.4269
vn 0.2089 -0.8872 -0.4115
vn 0.2091 -0.8872 -0.4112
vn 0.2090 -0.8872 -0.4112
vn 0.2090 -0.8871 -0.4115
vn -0.3633 -0.8991 -0.2442
vn -0.3635 -0.8990 -0.2442
vn -0.3632 -0.8992 -0.2441
vn -0.3635 -0.8990 -0.2443
vn -0.1722 0.7288 0.6627
vn -0.1722 0.7288 0.6628
vn -0.1721 0.9469 0.2717
vn -0.1721 0.9469 0.2715
vn 0.4146 0.9035 -0.1082
vn 0.5602 -0.3341 0.7580
vn -0.8448 -0.4271 0.3224
vn -0.8447 -0.4272 0.3224
vn -0.3024 0.9524 -0.0384
vn -0.3882 -0.4934 -0.7784
vn -0.3882 -0.4933 -0.7784
vn -0.4108 0.7406 -0.5317
vn -0.4108 0.7407 -0.5317
vn 0.0619 0.3420 0.9377
vn -0.5319 -0.2891 0.7959
vn -0.8810 -0.4155 -0.2264
vn -0.8811 -0.4153 -0.2264
vn 0.8035 -0.4472 -0.3930
vn 0.8034 -0.4473 -0.3930
vn 0.8035 -0.4473 -0.3930
vn 0.8033 -0.4474 -0.3930
vn -0.4028 0.9071 0.1219
vn -0.4026 0.9072 0.1220
vn -0.4031 0.9070 0.1218
vn -0.4022 0.9073 0.1225
vn 0.2286 0.9686 0.0973
vn 0.2284 0.9688 0.0962
vn 0.2283 0.9688 0.0965
vn 0.2284 0.9687 0.0968
vn 0.1474 0.0166 0.9889
vn 0.1474 0.0165 0.9889
vn -0.3918 0.9200 -0.0118
vn -0.3917 0.9200 -0.0119
vn -0.3917 0.9200 -0.0118
vn 0.3877 0.9213 -0.0288
vn 0.3876 0.9214 -0.0288
vn 0.3879 0.9213 -0.0288
vn 0.3874 0.9215 -0.0290
vn -0.0083 -0.9807 -0.1953
vn -0.0085 -0.9807 -0.1953
vn -0.0085 -0.9807 -0.1952
vn -0.3901 -0.9183 0.0672
vn -0.3901 -0.9183 0.0673
vn -0.3900 -0.9183 0.0678
vn 0.5136 -0.2460 0.8220
vn -0.6510 0.6994 0.2951
vn -0.0887 -0.6158 -0.7829
vn -0.0890 -0.6157 -0.7830
vn -0.0884 -0.6153 -0.7833
vn 0.4492 -0.8350 0.3178
vn -0.9624 -0.2186 0.1610
vn -0.9624 -0.2187 0.1609
vn 0.6720 -0.3370 0.6595
vn 0.6717 -0.3371 0.6597
vn 0.6719 -0.3370 0.6595
vn -0.9181 -0.2813 -0.2793
vn -0.9181 -0.2813 -0.2792
vn 0.6735 0.6056 -0.4238
vn -0.5918 -0.7785 0.2093
vn 0.7192 0.5681 0.4000
vn 0.7192 0.5681 0.3999
vn -0.7259 -0.3874 0.5683
vn -0.7260 -0.3872 0.5683
vn -0.7259 -0.3875 0.5683
vn -0.7259 -0.3873 0.5683
vn 0.7228 0.6888 -0.0564
vn 0.7227 0.6888 -0.0563
vn -0.6613 -0.7181 0.2167
vn -0.2314 -0.9677 -0.1001
vn -0.2314 -0.9677 -0.1003
vn -0.2314 -0.9677 -0.1002
vn -0.2316 -0.9676 -0.1002
vn -0.3705 0.9019 -0.2219
vn -0.3706 0.9019 -0.2221
vn -0.3707 0.9018 -0.2221
vn -0.3705 0.9020 -0.2218
vn -0.1074 -0.9663 -0.2341
vn -0.1073 -0.9663 -0.2341
vn 0.9368 0.0045 -0.3499
vn 0.9368 0.0044 -0.3499
vn 0.6551 -0.4694 -0.5920
vn 0.6551 -0.4693 -0.5921
vn 0.6551 -0.4692 -0.5921
vn -0.3157 -0.0483 -0.9476
vn -0.0730 0.9936 -0.0860
vn -0.9616 -0.2182 -0.1666
vn -0.9616 -0.2181 -0.1666
vn -0.9616 -0.2182 -0.1667
vn -0.9615 -0.2182 -0.1668
vn -0.1944 0.9672 0.1636
vn -0.1945 0.9672 0.1635
vn -0.1945 0.9672 0.1634
vn 0.9748 -0.1598 0.1554
vn 0.9748 -0.1601 0.1553
vn 0.9748 -0.1599 0.1554
vn -0.3954 0.8941 0.2105
vn -0.3955 0.8941 0.2103
vn -0.3956 0.8941 0.2099
vn -0.3955 0.8941 0.2100
vn 0.6674 -0.4367 -0.6033
vn 0.6674 -0.4366 -0.6033
vn 0.6673 -0.4367 -0.6033
vn 0.3701 -0.9185 0.1392
vn 0.3700 -0.9185 0.1392
vn 0.3700 -0.9185 0.1394
vn -0.0454 -0.9946 0.0936
vn -0.0456 -0.9946 0.0936
vn -0.0452 -0.9946 0.0936
vn -0.0455 -0.9946 0.0930
vn 0.6504 -0.0719 -0.7562
vn 0.6504 -0.0718 -0.7562
vn 0.9323 -0.3079 0.1897
vn 0.9324 -0.3075 0.1900
vn 0.9321 -0.3080 0.1905
vn -0.0606 0.8460 0.5297
vn -0.0611 0.8460 0.5297
vn 0.7443 -0.3644 0.5597
vn 0.7443 -0.3644 0.5598
vn -0.8372 -0.5143 0.1858
vn -0.8372 -0.5144 0.1858
vn -0.8372 -0.5145 0.1857
vn -0.8371 -0.5145 0.1857
vn 0.8859 -0.0475 0.4615
vn 0.8858 -0.0475 0.4615
vn -0.8756 0.1839 -0.4467
vn -0.9676 -0.2449 -0.0614
vn -0.9676 -0.2448 -0.0613
vn 0.7041 0.6102 0.3632
vn -0.2480 -0.8512 -0.4625
vn -0.2478 -0.8513 -0.4624
vn -0.2479 -0.8514 -0.4623
vn -0.2477 -0.8514 -0.4624
vn 0.4887 -0.4538 -0.7451
vn 0.4897 -0.4545 -0.7441
vn 0.4837 -0.4508 -0.7502
vn -0.8678 -0.4855 0.1059
vn 0.4678 -0.3001 0.8313
vn 0.4679 -0.2999 0.8314
vn 0.8038 -0.5156 -0.2968
vn 0.8037 -0.5156 -0.2968
vn 0.8037 -0.5157 -0.2968
vn -0.0548 -0.3533 0.9339
vn -0.0089 0.2960 -0.9551
vn -0.0089 0.2960 -0.9552
vn -0.0748 -0.4985 -0.8637
vn -0.0748 -0.4985 -0.8636
vn 0.6726 0.0093 -0.7399
vn 0.4019 0.0394 -0.9148
vn 0.9892 0.1464 -0.0012
vn 0.1928 0.9691 0.1542
vn 0.1928 0.9691 0.1541
vn -0.5524 -0.4073 0.7273
vn -0.5524 -0.4074 0.7273
vn -0.5523 -0.4075 0.7273
vn 0.9334 -0.3124 -0.1766
vn -0.2607 -0.9579 -0.1200
vn -0.2671 -0.9559 -0.1218
vn -0.2611 -0.9581 -0.1181
vn 0.4074 -0.9051 -0.1213
vn 0.4072 -0.9052 -0.1217
vn 0.4079 -0.9049 -0.1212
vn 0.4072 -0.9052 -0.1214
vn 0.9108 -0.3381 0.2370
vn -0.2789 -0.5166 -0.8095
vn -0.2790 -0.5167 -0.8095
vn 0.9077 0.3400 0.2460
vn -0.0450 0.6001 -0.7987
vn -0.0450 0.6001 -0.7986
vn -0.9373 -0.2975 0.1815
vn -0.3673 0.8563 -0.3632
vn -0.3673 0.8562 -0.3634
vn -0.3673 0.8561 -0.3635
vn -0.3671 0.8562 -0.3636
vn -0.8748 -0.4837 -0.0272
vn -0.8749 -0.4836 -0.0272
vn -0.8802 -0.4161 0.2283
vn -0.8802 -0.4162 0.2283
vn -0.1321 -0.4076 0.9036
vn -0.1321 -0.4076 0.9035
vn 0.8291 -0.5391 -0.1480
vn 0.8291 -0.5392 -0.1480
vn 0.0567 0.8084 -0.5858
vn 0.2351 -0.9577 0.1659
vn 0.2359 -0.9576 0.1655
vn 0.2345 -0.9578 0.1661
vn 0.2974 -0.8534 0.4281
vn 0.2975 -0.8534 0.4280
vn 0.2973 -0.8536 0.4277
vn -0.1085 -0.8327 0.5431
vn -0.1085 -0.8325 0.5433
vn -0.1086 -0.8325 0.5433
vn 0.3733 -0.8999 0.2255
vn 0.3733 -0.9001 0.2244
vn 0.3735 -0.8998 0.2255
vn 0.3732 -0.9000 0.2253
vn -0.0315 0.8819 -0.4703
vn -0.0315 0.8820 -0.4701
vn -0.0313 0.8820 -0.4702
vn -0.0316 0.8821 -0.4701
vn 0.7291 -0.6674 -0.1517
vn 0.7292 -0.6673 -0.1516
vn 0.7292 -0.6673 -0.1515
vn 0.2110 0.9542 -0.2122
vn 0.2108 0.9542 -0.2124
vn -0.0311 0.4094 0.9118
vn -0.9491 0.0088 0.3148
vn -0.5297 -0.3176 0.7865
vn -0.5297 -0.3177 0.7865
vn -0.3926 -0.5772 0.7160
vn -0.8786 -0.3750 -0.2959
vn -0.8786 -0.3749 -0.2959
vn 0.8537 -0.4957 -0.1596
vn 0.8100 -0.5211 0.2691
vn 0.8100 -0.5210 0.2691
vn -0.0086 -0.4551 0.8904
vn -0.0087 -0.4551 0.8904
vn -0.0206 0.6134 0.7895
vn 0.1721 -0.0523 0.9837
vn 0.1721 -0.0522 0.9837
vn -0.5828 -0.2312 -0.7791
vn -0.5828 -0.2312 -0.7790
vn 0.3646 0.5556 0.7473
vn 0.3642 0.5551 0.7478
vn 0.3647 0.5555 0.7473
vn 0.0651 -0.6945 0.7165
vn 0.0649 -0.6945 0.7165
vn 0.0650 -0.6945 0.7165
vn 0.0651 -0.6946 0.7164
vn -0.4409 -0.4961 -0.7480
vn -0.4409 -0.4960 -0.7480
vn -0.4408 -0.4961 -0.7480
vn -0.0897 -0.4230 -0.9017
vn -0.0896 -0.4230 -0.9017
vn 0.0185 0.9669 0.2543
vn 0.0187 0.9669 0.2545
vn 0.0184 0.9669 0.2544
vn 0.0182 0.9668 0.2549
vn 0.9330 -0.3257 0.1528
vn 0.9329 -0.3259 0.1531
vn 0.9331 -0.3256 0.1527
vn -0.4238 0.8698 0.2528
vn 0.4289 0.8907 0.1508
vn 0.4290 0.8906 0.1508
vn 0.4289 0.8907 0.1509
vn 0.4291 0.8906 0.1509
vn 0.3962 -0.8930 -0.2135
vn 0.3961 -0.8930 -0.2137
vn 0.0614 0.8451 -0.5310
vn 0.0615 0.8451 -0.5310
vn -0.0560 -0.9686 -0.2424
vn -0.0567 -0.9687 -0.2419
vn 0.3496 -0.2944 0.8894
vn 0.3496 -0.2944 0.8895
vn 0.0424 -0.5983 0.8002
vn -0.3331 0.1338 -0.9334
vn -0.3331 0.1339 -0.9334
vn 0.2066 0.9783 0.0132
vn 0.2067 0.9783 0.0136
vn 0.2066 0.9783 0.0136
vn 0.2067 0.9783 0.0135
vn 0.1972 -0.9661 -0.1669
vn 0.1973 -0.9660 -0.1668
vn 0.1973 -0.9660 -0.1669
vn 0.1972 -0.9661 -0.1667
vn 0.1527 -0.9177 0.3667
vn 0.1526 -0.9178 0.3666
vn 0.1525 -0.9178 0.3666
vn 0.1526 -0.9177 0.3668
vn 0.1041 -0.9646 -0.2422
vn 0.1041 -0.9646 -0.2423
vn 0.0717 -0.9934 0.0900
vn 0.0717 -0.9933 0.0905
vn -0.1865 0.8758 -0.4452
vn -0.1865 0.8758 -0.4453
vn 0.3592 0.9010 0.2434
vn 0.3593 0.9009 0.2434
vn 0.3592 0.9009 0.2434
vn 0.3593 0.9009 0.2436
vn -0.9118 0.2182 -0.3479
vn -0.9118 0.2183 -0.3479
vn -0.0559 -0.2525 0.9660
vn 0.0077 0.9814 0.1920
vn 0.0078 0.9814 0.1920
vn 0.0078 0.9814 0.1919
vn -0.9316 -0.2534 0.2605
vn -0.9316 -0.2533 0.2606
vn -0.9316 -0.2534 0.2606
vn -0.8365 0.5401 0.0927
vn -0.8365 0.5401 0.0926
vn -0.3463 0.9368 -0.0509
vn -0.3463 0.9367 -0.0509
vn -0.3461 0.9368 -0.0509
vn -0.4457 0.8362 -0.3196
vn 0.2575 0.9582 0.1244
vn 0.2575 0.9583 0.1244
vn 0.2566 0.9587 0.1231
vn 0.2607 0.9566 0.1301
vn -0.3586 -0.9315 0.0612
vn -0.3587 -0.9315 0.0612
vn -0.6760 -0.6041 0.4220
vn -0.6761 -0.6041 0.4219
vn -0.7765 -0.2548 -0.5763
vn 0.0235 -0.6124 -0.7902
vn 0.0234 -0.6124 -0.7902
vn -0.5850 -0.3080 -0.7503
vn -0.5854 -0.3178 -0.7459
vn -0.5917 -0.3103 -0.7440
vn 0.6531 0.0221 0.7569
vn 0.6531 0.0222 0.7569
vn 0.6531 0.0223 0.7570
vn -0.3441 0.9080 0.2392
vn -0.3443 0.9079 0.2391
vn -0.3439 0.9080 0.2391
vn -0.3442 0.9079 0.2391
vn 0.9064 0.3380 0.2534
vn 0.9064 0.3379 0.2534
vn -0.0440 -0.6940 0.7187
vn -0.0440 -0.6939 0.7187
vn -0.0440 -0.6940 0.7186
vn 0.8461 0.5325 0.0210
vn 0.8462 0.5325 0.0209
vn 0.8463 0.5322 0.0213
vn -0.2057 0.9785 0.0120
vn -0.2056 0.9786 0.0119
vn 0.2324 0.9320 -0.2782
vn 0.2325 0.9320 -0.2780
vn 0.2326 0.9320 -0.2779
vn 0.2326 0.9320 -0.2780
vn -0.2119 -0.9772 -0.0136
vn -0.2120 -0.9772 -0.0136
vn -0.2121 -0.9772 -0.0131
vn 0.6336 -0.7687 -0.0880
vn 0.6336 -0.7686 -0.0880
vn 0.6336 -0.7686 -0.0877
vn 0.6336 -0.7687 -0.0879
vn -0.0801 -0.5171 -0.8522
vn -0.0780 -0.5168 -0.8526
vn -0.0864 -0.5143 -0.8533
vn -0.1482 -0.9567 -0.2507
vn -0.1481 -0.9567 -0.2507
vn 0.8364 -0.5426 0.0773
vn 0.8365 -0.5425 0.0773
vn 0.8364 -0.5427 0.0773
vn -0.0206 -0.9660 -0.2577
vn -0.0207 -0.9660 -0.2577
vn -0.0207 -0.9660 -0.2578
vn -0.4819 -0.6635 0.5724
vn -0.4817 -0.6633 0.5727
vn -0.4820 -0.6633 0.5724
vn -0.8560 -0.2544 -0.4501
vn -0.8560 -0.2542 -0.4501
vn -0.8560 -0.2543 -0.4501
vn 0.5404 -0.2835 0.7922
vn 0.5401 -0.2832 0.7925
vn -0.4328 -0.8889 -0.1502
vn -0.4330 -0.8888 -0.1500
vn -0.4329 -0.8889 -0.1500
vn -0.4331 -0.8888 -0.1501
vn 0.2219 -0.1186 -0.9678
vn 0.0286 -0.8798 0.4746
vn 0.0287 -0.8799 0.4742
vn 0.0286 -0.8799 0.4743
vn 0.0288 -0.8799 0.4742
vn 0.2373 -0.5808 -0.7787
vn -0.4646 -0.6715 0.5773
vn -0.4649 -0.6715 0.5770
vn -0.4647 -0.6715 0.5771
vn 0.4142 -0.4639 -0.7831
vn -0.3011 -0.7969 -0.5237
vn -0.3014 -0.7968 -0.5238
vn -0.3014 -0.7967 -0.5238
vn -0.4710 -0.8571 0.2084
vn -0.4710 -0.8572 0.2084
vn -0.4708 -0.8573 0.2082
vn -0.3280 -0.5502 -0.7679
vn -0.3279 -0.5502 -0.7679
vn -0.3285 -0.5504 -0.7676
vn -0.2344 -0.9221 0.3079
vn -0.2344 -0.9221 0.3077
vn -0.0648 -0.8441 0.5323
vn -0.0649 -0.8441 0.5322
vn -0.0649 -0.8441 0.5323
vn -0.2800 0.9546 0.1019
vn -0.2801 0.9546 0.1017
vn -0.2800 0.9546 0.1018
vn -0.2797 0.9546 0.1020
vn -0.4175 -0.9018 0.1114
vn -0.0698 0.9642 0.2558
vn -0.0700 0.9642 0.2557
vn 0.3951 0.5788 -0.7134
vn 0.3950 0.5789 -0.7134
vn -0.5927 0.5990 0.5384
vn -0.8169 -0.4450 -0.3669
vn -0.4295 0.5456 -0.7196
vn -0.4295 0.5456 -0.7197
vn -0.3052 -0.4772 0.8241
vn -0.3052 -0.4771 0.8242
vn -0.3052 -0.4770 0.8242
vn 0.5578 -0.0926 -0.8248
vn 0.5578 -0.0927 -0.8248
vn -0.3156 -0.7286 0.6079
vn -0.3155 -0.7286 0.6079
vn 0.4683 0.8580 -0.2111
vn 0.4683 0.8580 -0.2109
vn 0.4683 0.8580 -0.2110
vn 0.3436 -0.2777 0.8971
vn 0.3437 -0.2776 0.8971
vn 0.3436 -0.2775 0.8972
vn 0.8099 -0.5322 -0.2465
vn 0.8098 -0.5323 -0.2465
vn 0.8098 -0.5324 -0.2465
vn 0.3495 -0.9356 0.0494
vn 0.3494 -0.9357 0.0494
vn 0.2064 -0.7849 -0.5842
vn 0.2065 -0.7849 -0.5842
vn -0.4017 -0.5685 0.7180
vn -0.4017 -0.5684 0.7180
vn -0.4016 -0.5685 0.7180
vn 0.5570 -0.0672 -0.8278
vn 0.5570 -0.0673 -0.8278
vn 0.5607 -0.4527 -0.6933
vn 0.5606 -0.4530 -0.6932
vn 0.1523 -0.9614 -0.2290
vn 0.1523 -0.9614 -0.2291
vn -0.1613 -0.5274 -0.8341
vn -0.1613 -0.5275 -0.8341
vn 0.2656 -0.4293 0.8632
vn 0.4836 -0.8291 0.2808
vn 0.4836 -0.8290 0.2808
vn 0.4834 -0.8291 0.2809
vn 0.4836 -0.8291 0.2807
vn 0.8023 -0.5673 -0.1858
vn 0.8023 -0.5673 -0.1857
vn 0.8024 -0.5671 -0.1857
vn -0.0533 -0.8064 0.5889
vn -0.0533 -0.8065 0.5888
vn -0.0534 -0.8067 0.5885
vn -0.0533 -0.8065 0.5889
vn 0.0547 -0.2176 0.9745
vn 0.0547 -0.2177 0.9745
vn 0.2988 0.8239 0.4815
vn 0.2989 0.8239 0.4815
vn -0.1506 0.4837 -0.8622
vn -0.1507 0.4838 -0.8621
vn -0.3648 0.4836 0.7956
vn 0.1563 -0.2384 -0.9585
vn -0.4832 0.8304 -0.2776
vn -0.4832 0.8304 -0.2775
vn -0.4833 0.8303 -0.2776
vn 0.8495 -0.4314 -0.3038
vn 0.8440 -0.4347 -0.3143
vn 0.8501 -0.4188 -0.3191
vn -0.2792 0.4853 -0.8285
vn -0.2793 0.4853 -0.8286
vn 0.8327 0.3846 -0.3983
vn 0.3558 0.9327 -0.0589
vn 0.2414 0.8528 0.4630
vn 0.2415 0.8528 0.4630
vn 0.2416 0.8528 0.4630
vn 0.3493 -0.9063 -0.2379
vn 0.3498 -0.9061 -0.2380
vn 0.3497 -0.9061 -0.2380
vn 0.3498 -0.9061 -0.2379
vn -0.1843 0.9762 -0.1147
vn -0.1842 0.9762 -0.1148
vn -0.1843 0.9761 -0.1148
vn -0.7527 0.6169 -0.2299
vn 0.7302 -0.5078 -0.4571
vn 0.7737 -0.5796 -0.2558
vn -0.2833 -0.9528 0.1095
vn -0.2832 -0.9528 0.1094
vn 0.4267 -0.6691 0.6085
vn -0.8018 -0.4680 -0.3716
vn -0.8019 -0.4679 -0.3715
vn -0.8018 -0.4681 -0.3716
vn -0.1716 -0.3420 0.9239
vn -0.1716 -0.3421 0.9239
vn 0.7230 0.3323 0.6057
vn -0.6557 0.6939 -0.2975
vn -0.6555 0.6942 -0.2974
vn -0.6556 0.6939 -0.2977
vn -0.6864 -0.4433 -0.5765
vn -0.6863 -0.4434 -0.5765
vn -0.1996 -0.6341 -0.7470
vn 0.2834 -0.9534 -0.1033
vn 0.2833 -0.9534 -0.1033
vn 0.2831 -0.9535 -0.1034
vn 0.2833 -0.9535 -0.1033
vn -0.2677 -0.9156 -0.2999
vn -0.2678 -0.9156 -0.3001
vn -0.2678 -0.9156 -0.3000
vn -0.8540 -0.4459 -0.2682
vn -0.2798 0.6693 0.6883
vn -0.2797 0.6693 0.6884
vn -0.5140 0.2627 0.8166
vn -0.6692 0.2841 -0.6866
vn -0.6692 0.2840 -0.6867
vn 0.2301 0.9228 -0.3089
vn 0.2306 0.9228 -0.3087
vn 0.2305 0.9228 -0.3087
vn 0.1048 0.9673 0.2310
vn 0.1047 0.9673 0.2309
vn 0.1046 0.9673 0.2309
vn 0.1048 0.9673 0.2309
vn 0.1885 -0.9752 0.1160
vn 0.1884 -0.9752 0.1160
vn -0.4455 -0.5370 -0.7164
vn -0.4451 -0.5376 -0.7161
vn -0.4454 -0.5371 -0.7163
vn -0.5205 -0.4859 -0.7021
vn -0.5181 -0.4873 -0.7029
vn -0.5262 -0.4838 -0.6993
vn -0.5264 -0.4837 -0.6992
vn 0.3897 -0.5138 0.7643
vn 0.3897 -0.5139 0.7643
vn -0.0899 0.9192 -0.3833
vn -0.0898 0.9193 -0.3833
vn -0.0897 0.9193 -0.3832
vn 0.2098 -0.9777 -0.0122
vn 0.2097 -0.9777 -0.0122
vn 0.2096 -0.9777 -0.0121
vn 0.3366 -0.9384 0.0775
vn 0.3360 -0.9381 0.0834
vn 0.3379 -0.9380 0.0773
vn -0.1710 -0.3769 0.9103
vn -0.1710 -0.3768 0.9104
vn 0.4852 -0.8744 -0.0007
vn -0.4202 0.6152 -0.6671
vn -0.4201 0.6152 -0.6670
vn -0.4202 0.6151 -0.6671
vn 0.0645 -0.8455 -0.5301
vn 0.0646 -0.8454 -0.5302
vn 0.0641 -0.8454 -0.5303
vn 0.2301 -0.8748 -0.4263
vn 0.2300 -0.8748 -0.4263
vn 0.2298 -0.8748 -0.4266
vn 0.2302 -0.8748 -0.4263
vn 0.0915 -0.9176 0.3867
vn 0.0915 -0.9176 0.3868
vn -0.6734 -0.2677 -0.6892
vn -0.6733 -0.2677 -0.6892
vn -0.3610 -0.9258 0.1119
vn -0.3606 -0.9260 0.1117
vn -0.3608 -0.9259 0.1117
vn -0.3599 -0.9262 0.1121
vn -0.3929 -0.9191 0.0286
vn -0.3923 -0.9194 0.0292
vn -0.3932 -0.9190 0.0288
vn -0.3928 -0.9192 0.0287
vn -0.3789 -0.5666 -0.7317
vn -0.1544 0.9099 -0.3850
vn -0.1545 0.9099 -0.3850
vn -0.1543 0.9100 -0.3849
vn -0.1544 0.9098 -0.3852
vn 0.2374 -0.4769 -0.8463
vn 0.2354 -0.4734 -0.8488
vn 0.2315 -0.4774 -0.8476
vn 0.6733 0.7393 -0.0046
vn 0.6734 0.7392 -0.0056
vn 0.6733 0.7393 -0.0048
vn 0.2535 -0.2876 -0.9236
vn 0.2534 -0.2875 -0.9237
vn 0.2533 -0.2874 -0.9237
vn 0.0547 0.9688 0.2417
vn 0.0543 0.9687 0.2421
vn -0.8472 -0.5309 -0.0176
vn -0.8473 -0.5309 -0.0176
vn -0.8474 -0.5307 -0.0171
vn -0.8474 -0.5306 -0.0177
vn 0.4513 -0.3515 0.8202
vn 0.8536 -0.4922 0.1706
vn 0.6594 0.7192 -0.2190
vn 0.6593 0.7192 -0.2191
vn 0.6593 0.7192 -0.2190
vn 0.2133 0.6142 -0.7598
vn 0.2133 0.6141 -0.7598
vn 0.3520 -0.5547 -0.7539
vn 0.3946 -0.9188 0.0086
vn 0.3946 -0.9188 0.0088
vn 0.4231 -0.8690 -0.2564
vn -0.3018 -0.9114 0.2797
vn -0.3017 -0.9114 0.2800
vn -0.3017 -0.9114 0.2799
vn -0.3017 -0.9113 0.2801
vn 0.8226 -0.4936 0.2821
vn 0.8227 -0.4936 0.2821
vn 0.2828 -0.6682 -0.6881
vn 0.5064 -0.4437 -0.7393
vn 0.5065 -0.4438 -0.7393
vn 0.4976 -0.4431 -0.7457
vn 0.5042 -0.4296 -0.7492
vn -0.3289 0.9412 -0.0776
vn -0.3271 0.9417 -0.0792
vn -0.3329 0.9395 -0.0806
vn -0.3678 -0.5539 -0.7469
vn -0.3678 -0.5540 -0.7469
vn -0.3677 -0.5533 -0.7474
vn 0.3261 -0.4837 -0.8122
vn 0.3261 -0.4836 -0.8122
vn 0.8211 -0.3598 0.4431
vn 0.8211 -0.3599 0.4431
vn -0.2408 -0.3417 0.9084
vn -0.4776 -0.7652 -0.4318
vn 0.1584 0.9621 0.2220
vn -0.7279 0.6671 0.1586
vn -0.7279 0.6671 0.1585
vn -0.0624 -0.4324 0.8995
vn -0.0624 -0.4323 0.8995
vn -0.0624 -0.4323 0.8996
vn -0.7161 -0.2329 0.6579
vn -0.7161 -0.2330 0.6579
vn -0.1604 -0.9603 -0.2282
vn -0.1602 -0.9603 -0.2285
vn 0.1964 -0.3493 0.9162
vn 0.1964 -0.3492 0.9162
vn 0.1964 -0.3494 0.9161
vn -0.2974 -0.8229 -0.4841
vn -0.2975 -0.8229 -0.4841
vn 0.1763 -0.9460 -0.2720
vn 0.1764 -0.9460 -0.2719
vn 0.1763 -0.9461 -0.2718
vn 0.1561 -0.9082 0.3883
vn 0.1563 -0.9081 0.3884
vn 0.1563 -0.9081 0.3885
vn -0.0615 0.6961 -0.7153
vn -0.0616 0.6962 -0.7152
vn -0.0615 0.6962 -0.7152
vn 0.6286 -0.5184 -0.5798
vn 0.6285 -0.5185 -0.5798
vn 0.6286 -0.5183 -0.5798
vn 0.7052 -0.4349 -0.5599
vn 0.7051 -0.4349 -0.5600
vn 0.7051 -0.4350 -0.5600
vn 0.7052 -0.4350 -0.5599
vn 0.9730 -0.1564 0.1698
vn 0.9730 -0.1565 0.1697
vn 0.9730 -0.1565 0.1698
vn -0.6638 -0.3242 0.6740
vn -0.6639 -0.3246 0.6737
vn -0.6638 -0.3241 0.6740
vn -0.5874 -0.3299 0.7390
vn -0.5873 -0.3300 0.7390
vn 0.2464 -0.9584 -0.1443
vn 0.2463 -0.9584 -0.1442
vn -0.0291 -0.9475 0.3184
vn -0.0287 -0.9477 0.3179
vn -0.0291 -0.9474 0.3187
vn 0.1235 -0.3062 0.9439
vn 0.1233 -0.3057 0.9441
vn 0.1235 -0.3063 0.9439
vn 0.4832 0.6651 -0.5693
vn 0.4832 0.6652 -0.5693
vn 0.4835 0.6650 -0.5692
vn 0.5811 0.4371 0.6864
vn 0.5811 0.4372 0.6864
vn 0.5811 0.4371 0.6865
vn -0.1528 0.9622 0.2257
vn -0.1530 0.9621 0.2256
vn -0.1528 0.9621 0.2257
vn -0.4853 0.8247 -0.2906
vn 0.9924 -0.1184 0.0331
vn 0.9925 -0.1177 0.0334
vn 0.9924 -0.1182 0.0334
vn -0.2114 0.8882 0.4078
vn 0.4650 -0.5914 0.6588
vn 0.8902 -0.4401 0.1177
vn 0.4768 -0.2973 0.8272
vn 0.4769 -0.2972 0.8272
vn 0.4769 -0.2971 0.8272
vn 0.0221 0.9226 -0.3852
vn 0.0222 0.9226 -0.3852
vn 0.0220 0.9225 -0.3854
vn 0.1524 0.8814 -0.4470
vn 0.1525 0.8814 -0.4472
vn 0.1527 0.8814 -0.4469
vn 0.1525 0.8813 -0.4472
vn 0.7405 -0.4497 -0.4994
vn 0.7405 -0.4498 -0.4994
vn -0.8519 -0.5225 0.0351
vn -0.7331 -0.3647 0.5741
vn -0.7331 -0.3647 0.5740
vn -0.9380 -0.2578 -0.2318
vn -0.9380 -0.2579 -0.2318
vn -0.2477 0.9338 0.2584
vn -0.2476 0.9338 0.2583
vn -0.2476 0.9340 0.2576
vn -0.2478 0.9337 0.2584
vn -0.3260 0.9148 -0.2385
vn -0.3259 0.9148 -0.2386
vn 0.3561 0.9279 -0.1102
vn 0.3558 0.9280 -0.1101
vn 0.3559 0.9280 -0.1100
vn -0.3585 0.8449 0.3971
vn -0.3584 0.8449 0.3970
vn -0.3585 0.8448 0.3971
vn -0.3584 0.8448 0.3973
vn 0.6297 -0.3693 0.6834
vn 0.6296 -0.3694 0.6834
vn 0.6297 -0.3693 0.6835
vn 0.0857 0.6173 0.7820
vn 0.0855 0.6174 0.7820
vn 0.0849 0.6170 0.7824
vn -0.9996 -0.0230 0.0156
vn 0.9125 -0.2838 -0.2946
vn 0.9125 -0.2839 -0.2946
vn 0.0680 -0.9634 -0.2593
vn 0.0680 -0.9634 -0.2594
vn 0.0681 -0.9634 -0.2593
vn -0.3658 0.9204 -0.1381
vn -0.3661 0.9203 -0.1381
vn -0.3660 0.9203 -0.1381
vn 0.4014 0.7192 -0.5671
vn -0.6146 0.3920 0.6846
vn 0.5909 0.7802 -0.2050
vn -0.1536 -0.4427 0.8834
vn -0.1536 -0.4426 0.8835
vn -0.1536 -0.4426 0.8834
vn 0.7849 -0.2492 -0.5673
vn 0.7849 -0.2492 -0.5672
vn -0.8630 -0.4522 0.2251
vn -0.8631 -0.4522 0.2251
vn -0.8631 -0.4521 0.2252
vn 0.2799 0.9539 -0.1080
vn 0.2799 0.9539 -0.1079
vn 0.2800 0.9539 -0.1080
vn 0.1492 -0.1994 -0.9685
vn 0.1491 -0.1994 -0.9685
vn 0.4491 0.8288 0.3338
vn 0.4489 0.8286 0.3346
vn 0.2491 -0.9333 -0.2587
vn 0.2491 -0.9334 -0.2584
vn 0.2493 -0.9334 -0.2580
vn 0.2493 -0.9332 -0.2586
vn -0.9073 -0.3641 0.2104
vn -0.9072 -0.3644 0.2103
vn -0.9073 -0.3641 0.2105
vn 0.0663 0.9545 0.2907
vn 0.0659 0.9544 0.2911
vn 0.0660 0.9544 0.2911
vn -0.0644 -0.5057 -0.8603
vn -0.0643 -0.5057 -0.8603
vn -0.0747 -0.5055 -0.8596
vn -0.0721 -0.4933 -0.8669
vn -0.6066 -0.3211 -0.7272
vn -0.6008 -0.3200 -0.7326
vn -0.6053 -0.3151 -0.7310
vn 0.2586 -0.9512 -0.1681
vn 0.2587 -0.9512 -0.1681
vn 0.7983 -0.4604 -0.3882
vn 0.7983 -0.4604 -0.3883
vn -0.1864 0.0419 0.9816
vn -0.1864 0.0420 0.9816
vn 0.1467 -0.2061 0.9675
vn -0.3510 -0.3543 0.8668
vn -0.3509 -0.3544 0.8668
vn -0.3510 -0.3542 0.8668
vn -0.2754 -0.3042 0.9119
vn -0.2754 -0.3042 0.9120
vn -0.5173 -0.3797 0.7670
vn -0.5173 -0.3795 0.7670
vn -0.5174 -0.3795 0.7670
vn -0.5172 -0.3798 0.7670
vn 0.8447 -0.5326 -0.0533
vn 0.8446 -0.5327 -0.0534
vn -0.8967 -0.3782 -0.2300
vn -0.8966 -0.3783 -0.2301
vn 0.0570 0.9425 0.3293
vn 0.3007 0.9130 -0.2757
vn 0.3009 0.9128 -0.2761
vn 0.3007 0.9129 -0.2760
vn 0.3007 0.9129 -0.2761
vn 0.9388 -0.3373 0.0699
vn -0.4478 -0.8278 -0.3380
vn -0.4481 -0.8279 -0.3374
vn -0.4478 -0.8278 -0.3379
vn 0.2785 0.6753 0.6829
vn 0.9300 -0.3539 -0.0991
vn 0.9312 -0.3506 -0.0996
vn 0.9333 -0.3440 -0.1030
vn 0.9333 -0.3439 -0.1031
vn -0.6190 -0.5471 -0.5635
vn -0.3249 -0.3497 0.8787
vn -0.3249 -0.3495 0.8788
vn -0.3249 -0.3498 0.8787
vn -0.4829 0.8757 -0.0030
vn -0.4831 0.8756 -0.0026
vn -0.1489 -0.8791 0.4529
vn -0.1490 -0.8790 0.4529
vn -0.8404 0.1336 0.5253
vn -0.8404 0.1337 0.5253
vn -0.8158 0.1004 0.5695
vn -0.4179 -0.0899 0.9040
vn -0.2039 0.9479 0.2447
vn -0.2035 0.9478 0.2453
vn -0.2035 0.9477 0.2457
vn -0.2035 0.9479 0.2452
vn 0.6683 -0.5321 -0.5198
vn 0.6683 -0.5320 -0.5199
vn 0.8521 -0.4958 0.1679
vn 0.8520 -0.4958 0.1679
vn 0.4235 -0.6141 0.6659
vn 0.4234 -0.6141 0.6661
vn 0.4234 -0.6142 0.6659
vn -0.6298 -0.5032 -0.5918
vn -0.6298 -0.5032 -0.5917
vn -0.8396 -0.3921 0.3761
vn -0.8398 -0.3916 0.3760
vn -0.8397 -0.3918 0.3760
vn 0.3690 -0.8554 0.3634
vn 0.3694 -0.8551 0.3638
vn 0.3694 -0.8551 0.3639
vn 0.3882 0.9189 -0.0704
vn 0.3882 0.9189 -0.0703
vn 0.3881 0.9189 -0.0706
vn -0.1936 -0.9684 -0.1573
vn -0.1935 -0.9684 -0.1573
vn -0.2261 0.8754 0.4272
vn -0.2268 0.8753 0.4270
vn -0.2266 0.8754 0.4270
vn -0.2267 0.8753 0.4270
vn -0.8418 -0.5036 -0.1942
vn -0.8417 -0.5039 -0.1942
vn -0.8417 -0.5038 -0.1942
vn -0.8807 -0.4250 0.2092
vn 0.3121 0.7300 -0.6080
vn 0.3122 0.7300 -0.6080
vn -0.2803 -0.3775 0.8826
vn -0.2803 -0.3775 0.8825
vn 0.3847 -0.5622 -0.7321
vn 0.3847 -0.5621 -0.7321
vn -0.2303 -0.4340 0.8709
vn -0.2304 -0.4339 0.8710
vn -0.2304 -0.4340 0.8710
vn -0.2303 -0.4341 0.8709
vn 0.6893 -0.3681 0.6240
vn 0.6892 -0.3679 0.6242
vn 0.6894 -0.3681 0.6239
vn 0.6894 -0.3682 0.6239
vn 0.1718 0.9257 -0.3369
vn 0.1286 0.1200 0.9844
vn 0.8359 -0.4441 -0.3226
vn 0.8341 -0.4506 -0.3181
vn 0.8319 -0.4466 -0.3293
vn 0.8320 -0.4468 -0.3289
vn 0.5747 0.6368 -0.5140
vn 0.5747 0.6367 -0.5141
vn -0.2537 -0.3832 -0.8881
vn -0.2537 -0.3833 -0.8881
vn 0.0287 0.9491 -0.3137
vn 0.0286 0.9490 -0.3139
vn 0.0281 0.9493 -0.3130
vn 0.3550 0.6846 -0.6366
vn -0.1495 0.9194 -0.3639
vn -0.1496 0.9193 -0.3640
vn -0.1496 0.9194 -0.3639
vn -0.1497 0.9193 -0.3639
vn 0.1312 -0.3152 0.9399
vn 0.1313 -0.3153 0.9399
vn -0.5278 0.7074 0.4701
vn -0.5276 0.7074 0.4702
vn 0.5101 -0.3592 0.7815
vn 0.5101 -0.3591 0.7815
vn -0.1258 0.9315 -0.3414
vn -0.1255 0.9292 -0.3475
vn -0.1289 0.9287 -0.3477
vn -0.1290 0.9287 -0.3476
vn -0.5699 -0.6036 -0.5575
vn -0.6367 -0.2932 0.7132
vn 0.0547 0.1298 -0.9900
vn 0.0547 0.1299 -0.9900
vn 0.4735 0.7671 0.4329
vn 0.1441 0.9577 0.2493
vn 0.1441 0.9576 0.2493
vn 0.1442 0.9576 0.2493
vn 0.8368 -0.0670 0.5434
vn -0.8853 -0.2492 -0.3927
vn -0.8853 -0.2492 -0.3926
vn 0.9146 -0.4034 -0.0277
vn 0.9148 -0.4030 -0.0275
vn 0.9148 -0.4029 -0.0275
vn 0.9147 -0.4032 -0.0276
vn -0.0260 0.8088 0.5876
vn -0.0267 0.8088 0.5875
vn -0.0263 0.8087 0.5876
vn -0.6858 -0.4629 -0.5616
vn -0.6855 -0.4634 -0.5616
vn -0.6855 -0.4635 -0.5615
vn -0.6858 -0.4630 -0.5616
vn -0.2059 0.7858 0.5831
vn -0.2059 0.7858 0.5832
vn -0.2060 0.7858 0.5832
vn -0.1025 0.9657 0.2386
vn -0.1025 0.9657 0.2385
vn -0.1026 0.9658 0.2383
vn 0.2609 0.9179 0.2991
vn 0.2610 0.9177 0.2994
vn 0.2608 0.9178 0.2994
vn 0.2610 0.9178 0.2993
vn 0.1399 0.9080 0.3949
vn 0.1398 0.9079 0.3951
vn 0.1401 0.9080 0.3948
vn -0.6921 0.7122 0.1173
vn -0.6921 0.7122 0.1172
vn -0.5110 -0.4744 -0.7168
vn -0.5197 -0.4741 -0.7108
vn -0.5215 -0.4610 -0.7180
vn 0.2263 -0.1562 0.9614
vn 0.2263 -0.1563 0.9614
vn -0.8906 -0.3221 0.3210
vn -0.6453 -0.4243 -0.6353
vn -0.6453 -0.4243 -0.6352
vn 0.7298 -0.6654 -0.1567
vn 0.7299 -0.6654 -0.1567
vn 0.1982 -0.5050 -0.8401
vn 0.1982 -0.5049 -0.8401
vn -0.6322 0.7701 0.0851
vn -0.6323 0.7701 0.0851
vn -0.6322 0.7701 0.0849
vn -0.4146 -0.3319 -0.8474
vn -0.4145 -0.3318 -0.8474
vn -0.5145 0.8573 -0.0158
vn -0.5146 0.8573 -0.0158
vn -0.5147 0.8572 -0.0155
vn -0.9422 -0.0531 0.3309
vn -0.9422 -0.0530 0.3309
vn 0.3282 -0.9131 0.2419
vn 0.3279 -0.9132 0.2420
vn 0.3280 -0.9132 0.2420
vn 0.0438 0.9946 -0.0936
vn 0.0436 0.9947 -0.0929
vn 0.0439 0.9946 -0.0936
vn 0.0436 0.9946 -0.0937
vn 0.1106 0.8346 -0.5396
vn -0.9601 -0.2428 -0.1386
vn -0.9602 -0.2426 -0.1384
vn 0.3647 -0.8429 -0.3955
vn 0.3646 -0.8429 -0.3957
vn 0.3648 -0.8430 -0.3954
vn -0.9503 -0.2487 0.1872
vn 0.3152 -0.9369 0.1510
vn 0.3152 -0.9370 0.1505
vn 0.3156 -0.9368 0.1513
vn 0.3153 -0.9369 0.1512
vn -0.7888 -0.4166 0.4520
vn -0.7887 -0.4167 0.4520
vn 0.1445 -0.4597 -0.8762
vn 0.1446 -0.4601 -0.8760
vn 0.1445 -0.4603 -0.8759
vn 0.4350 0.8931 0.1148
vn 0.4349 0.8931 0.1148
vn 0.4349 0.8931 0.1147
vn 0.2494 -0.4807 -0.8407
vn 0.2451 -0.4852 -0.8393
vn 0.2434 -0.4804 -0.8426
vn 0.7299 -0.3687 0.5756
vn 0.7298 -0.3687 0.5757
vn 0.8921 -0.3170 0.3219
vn 0.8921 -0.3170 0.3220
vn -0.7938 0.6046 -0.0664
vn -0.7938 0.6046 -0.0663
vn -0.7200 -0.5337 -0.4435
vn -0.7201 -0.5337 -0.4435
vn -0.7200 -0.5338 -0.4435
vn 0.0311 -0.9302 0.3656
vn 0.0310 -0.9302 0.3657
vn 0.0312 -0.9302 0.3656
vn 0.8337 0.1462 -0.5325
vn -0.1723 -0.9245 0.3400
vn -0.9371 -0.2132 -0.2764
vn -0.8470 -0.2260 -0.4811
vn -0.7187 -0.5668 -0.4029
vn -0.5276 -0.3998 -0.7495
vn -0.5275 -0.3995 -0.7497
vn -0.5275 -0.3996 -0.7497
vn 0.5968 -0.6855 -0.4170
vn 0.4122 -0.2731 0.8692
vn -0.3117 -0.6381 0.7041
vn -0.3116 -0.6381 0.7041
vn -0.3117 -0.6381 0.7040
vn 0.4844 -0.8238 0.2944
vn 0.4843 -0.8238 0.2946
vn 0.4845 -0.8238 0.2944
vn 0.4838 -0.8239 0.2953
vn 0.2232 0.9748 -0.0071
vn 0.2232 0.9747 -0.0072
vn 0.2233 0.9747 -0.0072
vn 0.2232 0.9747 -0.0073
vn 0.7846 -0.6039 -0.1405
vn 0.7846 -0.6038 -0.1405
vn -0.6893 -0.2877 0.6649
vn -0.6893 -0.2876 0.6649
vn -0.3107 -0.9491 -0.0524
vn -0.3106 -0.9491 -0.0525
vn -0.5496 -0.4667 -0.6929
vn -0.5496 -0.4668 -0.6929
vn -0.5496 -0.4668 -0.6928
vn -0.4835 -0.2580 0.8365
vn -0.4834 -0.2579 0.8365
vn -0.3116 0.9385 -0.1486
vn -0.3115 0.9386 -0.1485
vn -0.3118 0.9384 -0.1488
vn -0.3113 0.9387 -0.1478
vn -0.8463 -0.5224 -0.1040
vn -0.8465 -0.5221 -0.1042
vn -0.8465 -0.5220 -0.1043
vn -0.7017 -0.6097 0.3686
vn -0.7018 -0.6096 0.3685
vn 0.3341 -0.3321 0.8821
vn 0.3341 -0.3320 0.8821
vn 0.2009 0.1902 -0.9610
vn 0.2009 0.1901 -0.9610
vn -0.7813 0.0476 -0.6224
vn 0.1012 -0.4230 -0.9005
vn 0.1011 -0.4230 -0.9005
vn 0.1010 -0.4229 -0.9005
vn 0.5260 -0.7068 -0.4730
vn 0.5262 -0.7068 -0.4728
vn 0.5260 -0.7070 -0.4728
vn -0.1347 -0.6774 -0.7231
vn -0.1346 -0.6775 -0.7231
vn -0.1346 -0.6774 -0.7231
vn 0.3076 0.9502 0.0491
vn 0.3075 0.9503 0.0491
vn 0.3076 0.9502 0.0492
vn -0.0638 -0.9537 -0.2939
vn -0.0638 -0.9537 -0.2938
vn -0.0642 -0.9537 -0.2938
vn 0.5788 -0.4304 0.6926
vn -0.2366 -0.9307 0.2791
vn -0.2368 -0.9307 0.2789
vn -0.2367 -0.9307 0.2788
vn 0.9665 -0.0808 0.2436
vn 0.9665 -0.0807 0.2435
vn -0.7546 -0.6557 -0.0253
vn -0.7547 -0.6556 -0.0253
vn 0.2049 -0.9467 -0.2484
vn 0.2050 -0.9469 -0.2479
vn 0.2052 -0.9469 -0.2474
vn 0.8754 0.2602 -0.4074
vn -0.9853 0.0841 -0.1488
vn -0.9665 -0.2327 0.1087
vn -0.4560 -0.2388 0.8573
vn 0.5568 -0.7050 -0.4392
vn -0.1062 0.0207 0.9941
vn -0.1063 0.0205 0.9941
vn -0.4101 0.3646 0.8360
vn -0.4103 0.3643 0.8361
vn 0.1126 0.0003 -0.9936
vn 0.1830 -0.8959 -0.4048
vn 0.1830 -0.8959 -0.4049
vn -0.9305 -0.2686 0.2489
vn -0.9305 -0.2687 0.2489
vn -0.8914 0.4025 -0.2081
vn -0.8915 0.4025 -0.2081
vn -0.8118 -0.4999 -0.3018
vn 0.9871 -0.0366 0.1560
vn -0.5098 0.1819 -0.8409
vn -0.5097 0.1819 -0.8409
vn 0.3760 0.3380 0.8628
vn 0.3759 0.3380 0.8628
vn 0.3759 0.3381 0.8628
vn 0.0675 0.0515 0.9964
vn 0.0676 0.0515 0.9964
vn 0.9751 0.1979 -0.1004
vn 0.9751 0.1979 -0.1003
vn -0.7674 0.2179 -0.6030
vn -0.7674 0.2178 -0.6031
vn 0.1338 -0.2569 -0.9571
vn -0.6180 0.2402 0.7486
vn 0.2990 0.4200 -0.8568
vn -0.5276 -0.2005 -0.8255
vn 0.4411 -0.1308 -0.8878
vn 0.4412 -0.1308 -0.8878
vn 0.4411 -0.1309 -0.8878
vn -0.0618 -0.6643 -0.7449
vn 0.0436 -0.6967 -0.7161
vn 0.1656 -0.6877 -0.7069
vn -0.6374 -0.4146 0.6495
vn 0.7188 0.5109 -0.4715
vn 0.0493 0.7220 0.6901
vn -0.3721 0.6753 0.6368
vn 0.4842 0.3632 -0.7960
vn -0.7105 -0.2572 -0.6550
vn 0.5525 0.2511 0.7948
vn 0.8157 0.3195 0.4823
vn 0.3745 -0.8717 -0.3160
vn 0.4839 -0.7040 -0.5199
vn 0.1664 -0.7200 -0.6737
vn 0.3360 -0.6999 -0.6303
vn -0.6971 -0.2977 -0.6523
vn -0.0068 0.6480 -0.7616
vn -0.0069 0.6480 -0.7616
vn 0.9055 -0.2902 -0.3097
vn 0.6529 0.0096 0.7574
vn -0.1645 -0.9854 0.0447
vn -0.1643 -0.9854 0.0450
vn -0.4679 -0.1097 -0.8770
vn -0.6226 0.7823 0.0169
vn -0.6226 0.7823 0.0170
vn -0.6226 0.7824 0.0169
vn -0.6227 0.7823 0.0169
vn -0.6554 -0.2130 0.7246
vn -0.6553 -0.2132 0.7247
vn -0.6555 -0.2129 0.7246
vn -0.0405 -0.4097 0.9113
vn -0.0408 -0.4096 0.9114
vn -0.0402 -0.4098 0.9113
vn 0.2945 0.9395 0.1751
vn 0.2945 0.9395 0.1752
vn 0.5205 -0.8105 0.2687
vn 0.5201 -0.8107 0.2686
vn 0.5208 -0.8104 0.2683
vn 0.3445 -0.2008 0.9171
vn 0.3445 -0.2009 0.9171
vn 0.7627 -0.6153 -0.1992
vn 0.7628 -0.6153 -0.1991
vn -0.1691 -0.8885 0.4267
vn -0.3177 0.9457 -0.0687
vn -0.3177 0.9457 -0.0686
vn 0.0762 0.1926 -0.9783
vn 0.0763 0.1925 -0.9783
vn 0.0763 0.1926 -0.9783
vn 0.0762 0.1925 -0.9783
vn 0.9695 0.1505 -0.1932
vn 0.9697 0.1504 -0.1927
vn 0.9697 0.1504 -0.1928
vn -0.8870 0.3230 -0.3300
vn -0.8870 0.3229 -0.3301
vn -0.1653 -0.2672 -0.9494
vn -0.1652 -0.2672 -0.9494
vn -0.1654 -0.2673 -0.9493
vn -0.1150 0.9816 -0.1527
vn 0.2447 0.4483 0.8598
vn 0.2448 0.4482 0.8598
vn -0.0881 0.9071 -0.4117
vn -0.0882 0.9071 -0.4116
vn 0.9312 -0.1726 0.3209
vn 0.9313 -0.1727 0.3206
vn -0.5369 -0.6641 0.5203
vn -0.7754 0.5622 0.2874
vn -0.7754 0.5622 0.2875
vn 0.8558 -0.2593 -0.4476
vn 0.8560 -0.2589 -0.4475
vn 0.8559 -0.2591 -0.4476
vn -0.6266 -0.7434 0.2341
vn -0.6267 -0.7433 0.2341
vn -0.8314 0.4431 0.3353
vn -0.8315 0.4430 0.3353
vn -0.8314 0.4430 0.3353
vn -0.2922 0.7324 0.6150
vn -0.2925 0.7322 0.6151
vn 0.3624 -0.5564 -0.7477
vn 0.3624 -0.5564 -0.7478
vn 0.3622 -0.5564 -0.7478
vn -0.2795 -0.3995 -0.8731
vn -0.2795 -0.3994 -0.8731
vn -0.7426 -0.1755 -0.6464
vn 0.6551 -0.0007 -0.7556
vn -0.5452 0.8346 0.0794
vn -0.5454 0.8344 0.0796
vn -0.5452 0.8345 0.0794
vn -0.9163 -0.0330 -0.3992
vn 0.5254 -0.0967 0.8454
vn 0.5253 -0.0968 0.8454
vn 0.5252 -0.0969 0.8454
vn 0.3773 0.9124 -0.1586
vn 0.3774 0.9124 -0.1586
vn -0.0711 0.5940 -0.8013
vn -0.0712 0.5940 -0.8013
vn 0.8119 0.5834 -0.0228
vn 0.8119 0.5834 -0.0229
vn -0.7368 -0.4562 -0.4990
vn -0.7369 -0.4562 -0.4989
vn -0.7369 -0.4562 -0.4990
vn -0.0983 -0.7797 -0.6184
vn -0.0982 -0.7797 -0.6183
vn -0.0976 -0.7802 -0.6179
vn 0.6783 0.3480 0.6472
vn 0.9670 -0.1595 0.1988
vn 0.9670 -0.1597 0.1987
vn 0.9670 -0.1596 0.1987
vn -0.3155 -0.6149 -0.7227
vn -0.3156 -0.6149 -0.7227
vn -0.9260 -0.3582 0.1194
vn -0.9260 -0.3582 0.1195
vn -0.9260 -0.3582 0.1193
vn 0.7264 -0.4504 0.5190
vn 0.7265 -0.4502 0.5192
vn 0.7265 -0.4501 0.5192
vn -0.5591 0.3070 -0.7702
vn 0.3959 -0.9123 0.1046
vn 0.3956 -0.9124 0.1049
vn 0.7975 0.3341 0.5024
vn 0.7974 0.3342 0.5024
vn -0.4526 0.3315 0.8278
vn -0.1260 -0.9693 0.2112
vn -0.1259 -0.9693 0.2113
vn -0.8355 0.0386 0.5482
vn -0.8355 0.0387 0.5482
vn -0.2824 -0.8392 -0.4648
vn 0.7324 -0.4966 0.4658
vn 0.5313 0.6765 0.5101
vn 0.5312 0.6765 0.5101
vn 0.6223 0.4294 -0.6545
vn 0.6223 0.4293 -0.6546
vn 0.8571 0.2358 0.4581
vn 0.5620 -0.5405 0.6261
vn 0.5619 -0.5406 0.6261
vn -0.5356 -0.4811 0.6941
vn -0.5356 -0.4810 0.6941
vn 0.9028 -0.4056 -0.1430
vn 0.9028 -0.4055 -0.1430
vn 0.9028 -0.4057 -0.1429
vn 0.8848 0.1149 -0.4516
vn 0.8849 0.1149 -0.4514
vn 0.8848 0.1149 -0.4515
vn -0.9654 0.0584 0.2542
vn -0.9654 0.0585 0.2542
vn -0.2332 0.4237 -0.8753
vn -0.2331 0.4237 -0.8753
vn -0.8079 -0.5364 -0.2443
vn -0.8079 -0.5363 -0.2442
vn 0.1662 -0.7501 0.6400
vn 0.1663 -0.7501 0.6400
vn 0.1665 -0.7504 0.6396
vn -0.6472 0.6418 -0.4115
vn -0.6471 0.6417 -0.4116
vn -0.6471 0.6419 -0.4113
vn -0.2831 -0.1857 0.9409
vn 0.1183 -0.6039 0.7882
vn 0.1183 -0.6039 0.7883
vn -0.4520 -0.8702 -0.1962
vn -0.4517 -0.8703 -0.1961
vn -0.1668 0.7591 0.6293
vn 0.6490 0.7442 0.1582
vn 0.6587 -0.1741 -0.7320
vn 0.6587 -0.1740 -0.7320
vn 0.3802 0.7743 0.5058
vn 0.0118 0.7608 -0.6489
vn 0.0117 0.7608 -0.6489
vn 0.5726 0.4999 -0.6498
vn 0.5726 0.4999 -0.6497
vn 0.6354 0.6112 -0.4719
vn 0.6354 0.6112 -0.4720
vn -0.3342 -0.3863 0.8597
vn -0.6376 -0.4238 0.6433
vn -0.6093 -0.4533 0.6506
vn -0.1609 -0.4344 0.8862
vn 0.4190 0.3408 -0.8416
vn 0.4191 0.3408 -0.8416
vn 0.4191 0.3407 -0.8416
vn 0.2349 0.8916 0.3871
vn 0.2349 0.8916 0.3870
vn -0.9717 0.2361 0.0001
vn -0.9717 0.2361 0.0002
vn 0.1250 0.6093 0.7830
vn -0.9981 -0.0065 -0.0617
vn -0.9981 -0.0067 -0.0613
vn -0.9981 -0.0066 -0.0616
vn -0.5821 -0.8067 -0.1015
vn 0.7595 0.6497 0.0323
vn 0.7596 0.6497 0.0318
vn -0.0615 -0.2416 -0.9684
vn 0.0666 -0.8763 0.4772
vn 0.0667 -0.8762 0.4772
vn 0.0666 -0.8762 0.4772
vn 0.0243 -0.9820 -0.1873
vn -0.7945 0.0287 0.6066
vn -0.7945 0.0288 0.6066
vn -0.7945 0.0288 0.6065
vn -0.1761 0.3827 -0.9069
vn -0.7104 -0.4000 0.5791
vn 0.8523 0.2671 0.4497
vn -0.0773 -0.3182 0.9449
vn -0.5089 0.1725 -0.8433
vn -0.4468 -0.0601 -0.8926
vn -0.4469 -0.0600 -0.8926
vn 0.3421 0.9345 -0.0980
vn 0.1692 0.8901 -0.4232
vn -0.9145 -0.3765 0.1481
vn 0.2880 -0.4020 0.8692
vn 0.2879 -0.4020 0.8692
vn -0.4606 0.6644 -0.5886
vn -0.4606 0.6643 -0.5886
vn 0.3686 0.0150 -0.9295
vn -0.6091 0.2062 -0.7658
vn 0.3690 -0.9034 0.2183
vn -0.1254 -0.0376 0.9914
vn 0.5266 -0.4970 -0.6897
vn 0.5267 -0.4969 -0.6897
vn 0.5266 -0.4969 -0.6898
vn 0.7447 0.2304 -0.6263
vn 0.7447 0.2305 -0.6263
vn 0.0945 0.2079 0.9736
vn 0.0944 0.2080 0.9736
vn 0.9083 0.4182 0.0049
vn 0.9083 0.4183 0.0048
vn 0.9331 0.3592 -0.0139
vn 0.7406 0.5973 -0.3077
vn 0.1534 -0.4896 -0.8583
vn 0.1534 -0.4897 -0.8583
vn 0.1533 -0.4896 -0.8583
vn -0.2351 -0.5768 -0.7823
vn -0.2351 -0.5769 -0.7823
vn -0.6910 -0.7071 0.1502
vn -0.6909 -0.7071 0.1501
vn -0.6909 -0.7071 0.1502
vn 0.5558 0.3879 0.7353
vn 0.7037 -0.3383 0.6248
vn -0.1566 0.5219 0.8385
vn -0.1566 0.5218 0.8386
vn -0.4542 -0.1086 -0.8843
vn -0.1900 0.4851 -0.8536
vn -0.9289 -0.1841 -0.3213
vn -0.9289 -0.1841 -0.3214
vn 0.6696 0.1168 -0.7335
vn -0.0206 0.9961 0.0856
vn -0.8688 -0.4036 0.2868
vn -0.8688 -0.4037 0.2868
vn 0.3637 0.8863 -0.2866
vn 0.9945 0.0809 -0.0661
vn -0.3600 -0.5828 0.7285
vn -0.4498 -0.1445 0.8813
vn -0.4498 -0.1444 0.8814
vn -0.4498 -0.1445 0.8814
vn -0.4497 -0.1444 0.8814
vn -0.8509 0.0457 -0.5233
vn 0.3876 -0.2080 0.8981
vn -0.7635 -0.1216 0.6343
vn -0.4199 -0.8910 -0.1729
vn -0.4199 -0.8909 -0.1729
vn -0.4199 -0.8910 -0.1728
vn 0.9145 -0.0125 0.4043
vn -0.8147 -0.5235 -0.2495
vn 0.5147 0.4475 -0.7313
vn -0.7038 -0.2666 -0.6585
vn 0.3348 0.0731 0.9395
vn 0.0444 -0.3568 0.9331
vn 0.8961 -0.0068 -0.4438
vn -0.7660 0.5356 0.3555
vn -0.7659 0.5356 0.3555
vn -0.7660 0.5357 0.3554
vn -0.7660 0.5357 0.3555
vn 0.8848 -0.1227 -0.4495
vn 0.6183 0.3955 -0.6792
vn -0.5037 0.7788 -0.3739
vn -0.5037 0.7787 -0.3739
vn 0.7575 -0.6510 0.0482
vn 0.7575 -0.6510 0.0483
vn -0.9745 -0.0984 0.2018
vn 0.7552 0.0638 0.6524
vn 0.7552 0.0637 0.6524
vn 0.0544 0.1978 -0.9787
vn 0.6778 0.0334 0.7344
vn 0.3048 0.7410 0.5983
vn 0.7724 -0.6351 -0.0048
vn -0.5828 0.7333 -0.3501
vn 0.4981 -0.8385 0.2210
vn -0.7088 0.5762 0.4069
vn 0.6009 0.2868 0.7461
vn -0.4846 0.0265 0.8743
vn 0.5828 -0.7333 0.3501
vn 0.6993 0.2622 -0.6650
vn -0.1686 0.9694 0.1783
vn 0.1920 0.8364 0.5134
vn -0.3048 -0.7410 -0.5983
vn -0.3766 0.7156 0.5883
vn -0.4863 0.1401 0.8625
vn -0.7902 0.1393 -0.5968
vn 0.4255 -0.5801 -0.6946
vn 0.2901 -0.2991 0.9091
vn 0.4346 0.8915 -0.1276
vn 0.5870 0.0436 -0.8084
vn -0.1692 -0.8901 0.4232
vn -0.0855 -0.9562 0.2801
vn -0.1690 -0.1924 0.9667
vn 0.1686 -0.9694 -0.1783
vn 0.8628 0.1133 0.4926
vn -0.6447 0.7626 0.0536
vn 0.7072 -0.2289 0.6689
vn -0.8339 -0.0558 0.5490
vn -0.7724 0.6351 0.0048
vn -0.7548 -0.4586 0.4689
vn 0.4846 0.8351 0.2602
vn -0.3320 -0.9095 -0.2502
vn -0.9624 -0.1821 -0.2017
vn 0.2083 0.3426 -0.9161
vn -0.8714 -0.4284 -0.2389
vn 0.1690 0.1924 -0.9667
vn -0.3949 -0.4868 0.7791
vn -0.2164 0.9123 -0.3476
vn -0.6993 -0.2622 0.6650
vn 0.9573 -0.0522 0.2842
vn 0.2190 -0.8306 0.5120
vn 0.2160 0.1079 0.9704
vn -0.9725 0.1985 -0.1222
vn 0.8671 0.3520 0.3524
vn -0.0261 0.0497 0.9984
vn -0.0396 0.6437 0.7643
vn 0.0763 -0.7623 -0.6427
vn -0.2171 0.7921 0.5705
vn -0.2171 0.7921 0.5704
vn -0.0847 -0.1335 -0.9874
vn 0.9665 0.2327 -0.1088
vn -0.4267 0.0495 -0.9030
vn 0.2926 0.9549 -0.0512
vn -0.7897 -0.2343 -0.5670
vn 0.9098 0.4006 0.1088
vn -0.4346 -0.8915 0.1276
vn -0.9461 -0.0434 0.3209
vn 0.0396 -0.6437 -0.7643
vn 0.9994 -0.0027 0.0353
vn 0.7088 -0.5762 -0.4069
vn -0.8617 -0.4460 0.2419
vn -0.2189 0.8306 -0.5120
vn 0.5961 -0.7153 -0.3648
vn -0.1349 0.1272 -0.9827
vn 0.2562 0.0624 -0.9646
vn 0.7927 0.5043 -0.3426
vn 0.4267 -0.0495 0.9031
vn -0.4255 0.5801 0.6946
vn -0.4846 -0.8351 -0.2602
vn 0.7437 -0.6232 -0.2418
vn 0.5681 -0.7396 -0.3610
vn 0.6220 -0.7464 -0.2365
vn -0.0285 -0.4567 0.8891
vn -0.1607 -0.4347 0.8861
vn -0.0508 -0.6153 0.7866
vn -0.8628 -0.1133 -0.4927
g Palm_5_Palm_5_Collor_Material
usemtl Collor_Material
s off
f 2/1/1 4/2/1 128/3/1 127/4/1
f 4/5/2 6/6/2 129/7/2 128/8/2
f 129/9/3 6/10/3 8/11/3 130/12/3
f 29/13/4 39/14/4 87/15/4 86/16/4
f 120/17/5 64/18/5 21/19/5 115/20/5
f 35/21/6 45/22/7 112/23/7 111/24/7
f 45/25/8 55/26/9 113/27/8 112/28/8
f 47/29/10 57/30/11 101/31/12 100/32/13
f 91/33/14 17/34/15 28/35/14 92/36/16
f 76/37/17 51/38/18 61/39/18 77/40/19
f 1/41/20 13/42/20 32/43/21 3/44/21
f 37/45/22 47/46/23 100/47/24 99/48/25
f 96/49/26 68/50/26 17/51/26 91/52/26
f 85/53/27 16/54/27 29/55/27 86/56/27
f 44/57/28 54/58/28 119/59/28 118/60/28
f 25/61/29 35/62/29 111/63/29 110/64/29
f 123/65/30 33/66/31 43/67/32 124/68/33
f 14/69/34 31/70/35 74/71/36 73/72/34
f 30/73/37 40/74/37 81/75/37 80/76/37
f 95/77/38 58/78/38 68/79/39 96/80/38
f 108/81/40 66/82/40 19/83/41 103/84/40
f 107/85/42 56/86/42 66/87/42 108/88/42
f 27/89/43 37/90/43 99/91/43 98/92/43
f 89/93/44 59/94/44 69/95/44 90/96/44
f 113/97/45 55/98/46 65/99/46 114/100/46
f 38/101/47 48/102/48 94/103/48 93/104/48
f 97/105/49 18/106/50 27/107/51 98/108/50
f 24/109/52 34/110/53 117/111/52 116/112/54
f 77/113/55 61/114/55 71/115/55 78/116/56
f 40/117/57 50/118/58 82/119/58 81/120/58
f 39/121/59 49/122/60 88/123/60 87/124/60
f 119/125/61 54/126/62 64/127/61 120/128/63
f 28/129/64 38/130/65 93/131/66 92/132/67
f 102/133/68 67/134/68 18/135/68 97/136/68
f 34/137/69 44/138/70 118/139/70 117/140/70
f 22/141/71 23/142/71 122/143/71 121/144/71
f 103/145/72 19/146/72 26/147/73 104/148/74
f 124/149/75 43/150/75 53/151/75 125/152/76
f 48/153/77 58/154/78 95/155/77 94/156/77
f 36/157/79 46/158/80 106/159/81 105/160/82
f 114/161/83 65/162/83 20/163/84 109/164/83
f 101/165/85 57/166/86 67/167/86 102/168/86
f 63/169/87 22/170/88 121/171/89 126/172/88
f 72/173/90 78/174/91 73/175/90 13/176/91
f 74/177/92 75/178/92 42/179/92 32/180/93
f 75/181/94 76/182/95 52/183/96 42/184/97
f 52/185/98 76/186/98 77/187/98 62/188/98
f 80/189/99 81/190/99 41/191/99 31/192/99
f 71/193/100 84/194/101 79/195/102 14/196/103
f 81/197/104 82/198/105 51/199/106 41/200/107
f 61/201/108 83/202/108 84/203/108 71/204/108
f 89/205/109 90/206/110 70/207/109 60/208/109
f 30/209/111 86/210/111 87/211/112 40/212/112
f 90/213/113 85/214/114 15/215/115 70/216/116
f 40/217/117 87/218/118 88/219/119 50/220/120
f 95/221/121 96/222/122 69/223/123 59/224/124
f 29/225/125 92/226/126 93/227/127 39/228/127
f 16/229/128 91/230/128 92/231/128 29/232/129
f 96/233/130 91/234/131 16/235/132 69/236/133
f 17/237/134 97/238/135 98/239/136 28/240/137
f 68/241/138 102/242/138 97/243/138 17/244/138
f 100/245/139 101/246/140 58/247/141 48/248/142
f 58/249/143 101/250/144 102/251/145 68/252/146
f 105/253/147 106/254/148 47/255/149 37/256/150
f 67/257/151 108/258/152 103/259/153 18/260/153
f 106/261/154 107/262/155 57/263/156 47/264/157
f 36/265/158 111/266/159 112/267/160 46/268/159
f 56/269/161 113/270/162 114/271/163 66/272/164
f 114/273/165 109/274/166 19/275/166 66/276/167
f 104/277/168 105/278/169 37/279/169 27/280/170
f 109/281/171 110/282/172 26/283/173 19/284/172
f 46/285/174 112/286/174 113/287/175 56/288/174
f 35/289/176 117/290/177 118/291/177 45/292/177
f 120/293/178 115/294/179 20/295/180 65/296/181
f 110/297/182 111/298/183 36/299/182 26/300/184
f 115/301/185 116/302/186 25/303/187 20/304/187
f 124/305/188 125/306/188 54/307/188 44/308/188
f 55/309/189 119/310/190 120/311/191 65/312/189
f 64/313/192 126/314/193 121/315/194 21/316/195
f 116/317/196 117/318/197 35/319/197 25/320/198
f 125/321/199 126/322/200 64/323/201 54/324/202
f 43/325/203 130/326/203 131/327/203 53/328/203
f 128/329/204 129/330/204 33/331/204 23/332/204
f 33/333/205 129/334/205 130/335/205 43/336/205
f 45/337/206 118/338/207 119/339/208 55/340/206
f 99/341/209 100/342/209 48/343/209 38/344/209
f 24/345/210 122/346/210 123/347/211 34/348/212
f 18/349/213 103/350/214 104/351/215 27/352/216
f 57/353/217 107/354/218 108/355/219 67/356/220
f 98/357/221 99/358/222 38/359/223 28/360/224
f 123/361/225 124/362/226 44/363/227 34/364/228
f 62/365/229 77/366/230 78/367/231 72/368/230
f 39/369/232 93/370/233 94/371/234 49/372/235
f 94/373/236 95/374/237 59/375/238 49/376/239
f 88/377/240 89/378/241 60/379/242 50/380/243
f 82/381/244 83/382/245 61/383/246 51/384/245
f 15/385/247 85/386/248 86/387/249 30/388/248
f 14/389/250 79/390/250 80/391/250 31/392/250
f 73/393/251 74/394/251 32/395/251 13/396/251
f 21/397/252 121/398/252 122/399/253 24/400/252
f 49/401/254 59/402/255 89/403/254 88/404/256
f 109/405/257 20/406/257 25/407/257 110/408/257
f 84/409/258 70/410/258 15/411/258 79/412/258
f 78/413/259 71/414/260 14/415/261 73/416/262
f 23/417/263 33/418/263 123/419/263 122/420/264
f 31/421/265 41/422/265 75/423/265 74/424/265
f 41/425/266 51/426/267 76/427/268 75/428/269
f 5/429/270 42/430/271 52/431/271 7/432/272
f 83/433/273 60/434/273 70/435/273 84/436/273
f 50/437/274 60/438/275 83/439/276 82/440/277
f 79/441/278 15/442/278 30/443/278 80/444/278
f 46/445/279 56/446/279 107/447/279 106/448/279
f 62/449/280 72/450/280 11/451/280 9/452/280
f 90/453/281 69/454/282 16/455/282 85/456/282
f 3/457/283 32/458/283 42/459/283 5/460/283
f 52/461/284 62/462/285 9/463/285 7/464/284
f 26/465/286 36/466/287 105/467/286 104/468/288
f 72/469/289 13/470/289 1/471/289 11/472/289
f 115/473/290 21/474/290 24/475/291 116/476/290
f 53/477/292 131/478/292 132/479/292 63/480/292
f 127/481/293 128/482/293 23/483/293 22/484/293
f 125/485/294 53/486/295 63/487/295 126/488/295
f 131/489/296 10/490/296 12/491/296 132/492/296
f 132/493/297 127/494/297 22/495/297 63/496/297
f 12/497/298 2/498/298 127/499/298 132/500/298
f 130/501/299 8/502/299 10/503/299 131/504/299
f 691/505/300 702/506/300 396/507/300 385/508/300
f 818/509/301 825/510/302 809/511/301 816/512/303
f 872/513/304 883/514/305 577/515/304 566/516/305
f 349/517/306 352/518/307 340/519/307 356/520/307
f 851/521/308 853/522/309 547/523/309 545/524/310
f 655/525/311 662/526/311 646/527/312 658/528/313
f 439/529/314 434/530/315 423/531/316 438/532/315
f 622/533/317 621/534/318 605/535/319 617/536/318
f 492/537/320 495/538/321 483/539/321 499/540/321
f 779/541/322 785/542/323 769/543/323 777/544/323
f 843/545/324 835/546/325 833/547/326 831/548/327
f 681/549/328 375/550/329 360/551/330 666/552/330
f 697/553/331 705/554/332 688/555/332 700/556/332
f 798/557/333 805/558/334 789/559/335 801/560/336
f 316/561/337 311/562/337 299/563/337 315/564/337
f 454/565/338 451/566/339 459/567/340 444/568/338
f 512/569/341 510/570/342 503/571/341 519/572/341
f 840/573/343 534/574/343 524/575/344 830/576/343
f 391/577/345 394/578/345 382/579/345 399/580/345
f 706/581/346 400/582/346 401/583/347 707/584/348
f 816/585/349 817/586/350 807/587/351 819/588/352
f 722/589/353 711/590/354 723/591/355 725/592/356
f 877/593/357 884/594/357 578/595/357 571/596/357
f 762/597/358 752/598/359 755/599/358 756/600/360
f 296/601/361 294/602/361 600/603/362 602/604/363
f 397/605/364 384/606/364 386/607/364 388/608/365
f 311/609/366 308/610/367 298/611/367 299/612/367
f 875/613/368 871/614/369 884/615/370 877/616/368
f 449/617/371 446/618/372 456/619/371 450/620/373
f 794/621/374 488/622/375 487/623/375 793/624/375
f 690/625/376 704/626/376 697/627/377 703/628/376
f 754/629/378 752/630/379 446/631/378 448/632/378
f 684/633/380 686/634/381 696/635/382 695/636/382
f 577/637/383 569/638/384 572/639/385 566/640/386
f 878/641/387 875/642/388 883/643/389 872/644/390
f 774/645/391 468/646/391 467/647/391 773/648/391
f 860/649/392 858/650/393 552/651/394 554/652/392
f 617/653/395 311/654/396 310/655/397 616/656/396
f 305/657/398 302/658/399 313/659/398 306/660/400
f 725/661/401 723/662/402 417/663/402 419/664/402
f 881/665/403 869/666/403 868/667/404 876/668/403
f 612/669/405 611/670/405 609/671/405 607/672/405
f 700/673/406 688/674/406 687/675/407 696/676/407
f 286/677/408 274/678/408 276/679/408
f 281/680/409 282/681/409 283/682/409
f 280/683/410 283/684/410 282/685/410
f 274/686/411 286/687/411 275/688/411
f 307/689/412 294/690/412 296/691/412
f 303/692/413 304/693/413 305/694/413
f 302/695/414 305/696/414 304/697/414
f 294/698/415 307/699/415 295/700/415
f 328/701/416 317/702/416 319/703/416
f 324/704/417 325/705/417 326/706/417
f 323/707/418 326/708/418 325/709/418
f 317/710/419 328/711/419 318/712/419
f 348/713/420 337/714/420 339/715/420
f 344/716/421 345/717/421 346/718/421
f 343/719/422 346/720/422 345/721/422
f 337/722/423 348/723/423 338/724/423
f 540/725/424 551/726/425 541/727/426
f 364/728/427 365/729/427 368/730/427
f 363/731/428 368/732/428 365/733/428
f 359/734/429 367/735/429 357/736/429
f 389/737/430 377/738/430 379/739/430
f 386/740/431 387/741/431 388/742/431
f 385/743/432 388/744/433 387/745/433
f 377/746/434 389/747/434 378/748/434
f 410/749/435 400/750/435 402/751/435
f 407/752/436 408/753/436 409/754/436
f 406/755/437 409/756/437 408/757/437
f 400/758/438 410/759/438 401/760/438
f 431/761/439 420/762/439 422/763/439
f 427/764/440 428/765/440 429/766/440
f 426/767/441 429/768/442 428/769/442
f 420/770/443 431/771/443 421/772/443
f 452/773/444 440/774/444 442/775/444
f 447/776/445 448/777/445 449/778/445
f 446/779/446 449/780/446 448/781/446
f 440/782/447 452/783/447 441/784/447
f 472/785/448 460/786/448 462/787/448
f 467/788/449 468/789/449 469/790/449
f 466/791/450 469/792/450 468/793/450
f 460/794/451 472/795/451 461/796/451
f 491/797/452 480/798/452 482/799/452
f 487/800/453 488/801/453 489/802/453
f 486/803/454 489/804/455 488/805/456
f 480/806/457 491/807/457 481/808/457
f 511/809/458 500/810/459 502/811/460
f 507/812/461 508/813/461 509/814/461
f 506/815/462 509/816/463 508/817/463
f 500/818/464 511/819/465 501/820/465
f 551/821/466 540/822/467 542/823/466
f 531/824/468 520/825/468 522/826/468
f 527/827/469 528/828/469 529/829/470
f 526/830/471 529/831/472 528/832/473
f 520/833/474 531/834/475 521/835/475
f 547/836/476 548/837/476 549/838/476
f 546/839/477 549/840/478 548/841/479
f 570/842/480 560/843/480 562/844/480
f 567/845/481 568/846/482 572/847/483
f 566/848/484 572/849/485 568/850/486
f 560/851/487 570/852/487 561/853/487
f 367/854/488 358/855/488 357/856/489
f 592/857/490 582/858/490 580/859/490
f 587/860/491 589/861/491 588/862/491
f 586/863/492 588/864/493 589/865/493
f 580/866/494 581/867/495 592/868/495
f 613/869/496 602/870/496 600/871/496
f 609/872/497 611/873/497 610/874/497
f 608/875/498 610/876/498 611/877/498
f 600/878/499 601/879/499 613/880/499
f 634/881/500 625/882/500 623/883/500
f 630/884/501 632/885/501 631/886/501
f 629/887/502 631/888/502 632/889/502
f 623/890/503 624/891/503 634/892/503
f 654/893/504 645/894/504 643/895/504
f 650/896/505 652/897/505 651/898/505
f 649/899/506 651/900/507 652/901/506
f 643/902/508 644/903/508 654/904/508
f 846/905/509 847/906/510 857/907/510
f 670/908/511 674/909/511 671/910/511
f 669/911/512 671/912/512 674/913/512
f 665/914/513 663/915/514 673/916/513
f 695/917/515 685/918/515 683/919/515
f 692/920/516 694/921/516 693/922/516
f 691/923/517 693/924/517 694/925/517
f 683/926/518 684/927/518 695/928/518
f 716/929/519 708/930/519 706/931/519
f 713/932/520 715/933/520 714/934/520
f 712/935/521 714/936/522 715/937/521
f 706/938/523 707/939/523 716/940/523
f 737/941/524 728/942/524 726/943/525
f 733/944/526 735/945/526 734/946/526
f 732/947/527 734/948/527 735/949/527
f 726/950/528 727/951/528 737/952/528
f 758/953/529 748/954/529 746/955/529
f 753/956/530 755/957/530 754/958/530
f 752/959/531 754/960/531 755/961/532
f 746/962/533 747/963/533 758/964/533
f 778/965/534 768/966/534 766/967/534
f 773/968/535 775/969/535 774/970/535
f 772/971/536 774/972/536 775/973/536
f 766/974/537 767/975/537 778/976/538
f 797/977/539 788/978/539 786/979/539
f 793/980/540 795/981/540 794/982/540
f 792/983/541 794/984/542 795/985/542
f 786/986/543 787/987/543 797/988/543
f 817/989/544 808/990/544 806/991/545
f 813/992/546 815/993/546 814/994/546
f 812/995/547 814/996/548 815/997/547
f 806/998/549 807/999/549 817/1000/550
f 857/1001/551 848/1002/552 846/1003/552
f 837/1004/553 828/1005/553 826/1006/553
f 833/1007/554 835/1008/555 834/1009/556
f 832/1010/557 834/1011/558 835/1012/559
f 826/1013/560 827/1014/561 837/1015/560
f 853/1016/562 855/1017/562 854/1018/562
f 852/1019/563 854/1020/564 855/1021/565
f 876/1022/566 868/1023/566 866/1024/566
f 873/1025/567 878/1026/568 874/1027/569
f 872/1028/570 874/1029/571 878/1030/572
f 866/1031/573 867/1032/573 876/1033/573
f 673/1034/574 663/1035/574 664/1036/575
f 435/1037/576 424/1038/576 439/1039/576 430/1040/576
f 880/1041/577 870/1042/578 877/1043/579 881/1044/580
f 653/1045/581 659/1046/581 353/1047/581 347/1048/581
f 641/1049/582 335/1050/582 320/1051/583 626/1052/584
f 621/1053/585 315/1054/586 299/1055/587 605/1056/588
f 532/1057/589 524/1058/589 534/1059/589 530/1060/589
f 861/1061/590 856/1062/590 865/1063/590 850/1064/590
f 464/1065/591 476/1066/591 782/1067/592 770/1068/591
f 823/1069/593 822/1070/594 812/1071/595 815/1072/595
f 789/1073/596 483/1074/597 482/1075/596 788/1076/596
f 666/1077/598 360/1078/599 359/1079/600 665/1080/600
f 424/1081/601 435/1082/601 741/1083/602 730/1084/601
f 550/1085/603 545/1086/603 547/1087/604 549/1088/604
f 862/1089/605 852/1090/606 855/1091/607 856/1092/608
f 403/1093/609 402/1094/610 708/1095/611 709/1096/611
f 856/1097/612 855/1098/613 853/1099/612 851/1100/613
f 877/1101/614 571/1102/615 579/1103/614 885/1104/614
f 694/1105/616 703/1106/617 702/1107/618 691/1108/616
f 838/1109/619 844/1110/620 538/1111/620 532/1112/620
f 867/1113/621 879/1114/621 881/1115/622 876/1116/623
f 593/1117/624 287/1118/625 293/1119/626 599/1120/625
f 393/1121/627 394/1122/628 391/1123/629 383/1124/629
f 765/1125/630 757/1126/631 760/1127/632 750/1128/633
f 503/1129/634 502/1130/634 808/1131/634 809/1132/634
f 686/1133/635 698/1134/636 700/1135/637 696/1136/636
f 793/1137/638 487/1138/639 485/1139/640 791/1140/640
f 714/1141/641 408/1142/641 407/1143/641 713/1144/641
f 880/1145/642 574/1146/643 564/1147/644 870/1148/645
f 380/1149/646 390/1150/647 394/1151/648 392/1152/647
f 707/1153/649 401/1154/649 411/1155/650 717/1156/651
f 569/1157/652 571/1158/653 578/1159/654 565/1160/655
f 626/1161/656 320/1162/656 319/1163/657 625/1164/658
f 649/1165/659 660/1166/659 354/1167/659 343/1168/659
f 753/1169/660 447/1170/660 445/1171/661 751/1172/661
f 300/1173/662 312/1174/662 618/1175/663 606/1176/662
f 612/1177/664 306/1178/665 313/1179/664 619/1180/665
f 750/1181/666 760/1182/666 454/1183/666 444/1184/666
f 809/1185/667 825/1186/668 519/1187/667 503/1188/667
f 476/1189/669 464/1190/669 473/1191/669 470/1192/669
f 725/1193/670 710/1194/671 720/1195/672 722/1196/673
f 739/1197/674 730/1198/675 745/1199/676 740/1200/677
f 672/1201/678 366/1202/679 373/1203/679 679/1204/679
f 336/1205/680 331/1206/681 320/1207/681 335/1208/681
f 455/1209/682 444/1210/682 459/1211/682 450/1212/682
f 710/1213/683 718/1214/683 412/1215/683 404/1216/683
f 361/1217/684 372/1218/685 678/1219/685 667/1220/685
f 559/1221/686 550/1222/686 555/1223/686 544/1224/686
f 792/1225/687 803/1226/688 497/1227/687 486/1228/687
f 653/1229/689 347/1230/690 354/1231/690 660/1232/690
f 779/1233/691 784/1234/691 478/1235/691 473/1236/691
f 751/1237/692 445/1238/692 457/1239/692 763/1240/692
f 580/1241/693 274/1242/693 275/1243/693 581/1244/694
f 379/1245/695 377/1246/696 683/1247/697 685/1248/698
f 471/1249/699 474/1250/700 461/1251/701 472/1252/702
f 401/1253/703 410/1254/704 413/1255/705 411/1256/706
f 818/1257/707 512/1258/708 519/1259/708 825/1260/707
f 451/1261/709 452/1262/709 442/1263/710 443/1264/711
f 434/1265/712 432/1266/713 421/1267/714 431/1268/715
f 603/1269/716 615/1270/717 617/1271/718 614/1272/717
f 796/1273/719 791/1274/720 804/1275/721 798/1276/720
f 712/1277/722 721/1278/722 415/1279/722 406/1280/722
f 881/1281/723 879/1282/723 573/1283/723 575/1284/723
f 732/1285/724 735/1286/724 736/1287/725 742/1288/726
f 678/1289/727 672/1290/727 682/1291/727 667/1292/727
f 630/1293/728 324/1294/728 322/1295/728 628/1296/729
f 587/1297/730 281/1298/730 279/1299/731 585/1300/732
f 852/1301/733 862/1302/734 556/1303/733 546/1304/734
f 284/1305/735 279/1306/735 281/1307/735 283/1308/735
f 659/1309/736 653/1310/736 655/1311/736 647/1312/736
f 347/1313/737 342/1314/737 344/1315/737 346/1316/738
f 443/1317/739 442/1318/740 748/1319/741 749/1320/742
f 722/1321/743 416/1322/743 415/1323/744 721/1324/743
f 796/1325/745 795/1326/745 793/1327/745 791/1328/745
f 707/1329/746 717/1330/747 719/1331/748 716/1332/749
f 495/1333/750 493/1334/751 481/1335/752 491/1336/753
f 591/1337/754 583/1338/754 582/1339/755 592/1340/755
f 719/1341/756 413/1342/756 412/1343/757 718/1344/756
f 623/1345/758 317/1346/759 318/1347/759 624/1348/760
f 677/1349/761 675/1350/761 369/1351/761 371/1352/761
f 535/1353/762 524/1354/762 532/1355/762 537/1356/762
f 733/1357/763 427/1358/764 425/1359/765 731/1360/766
f 459/1361/767 451/1362/768 443/1363/769 458/1364/768
f 516/1365/770 506/1366/771 812/1367/771 822/1368/772
f 532/1369/773 530/1370/774 523/1371/775 539/1372/776
f 752/1373/777 762/1374/778 456/1375/779 446/1376/779
f 781/1377/780 770/1378/781 779/1379/780 777/1380/782
f 820/1381/783 810/1382/784 818/1383/785 816/1384/786
f 834/1385/787 832/1386/788 526/1387/788 528/1388/788
f 773/1389/789 467/1390/789 465/1391/790 771/1392/791
f 334/1393/792 322/1394/793 327/1395/793 336/1396/793
f 462/1397/794 460/1398/795 766/1399/794 768/1400/794
f 766/1401/796 460/1402/797 461/1403/798 767/1404/799
f 843/1405/800 841/1406/800 535/1407/800 537/1408/801
f 658/1409/802 352/1410/802 351/1411/802 657/1412/802
f 734/1413/803 428/1414/804 427/1415/804 733/1416/803
f 836/1417/805 839/1418/805 533/1419/805 530/1420/805
f 860/1421/806 849/1422/807 848/1423/808 857/1424/809
f 690/1425/810 384/1426/811 398/1427/812 704/1428/812
f 846/1429/813 540/1430/813 541/1431/813 847/1432/813
f 805/1433/814 499/1434/815 483/1435/814 789/1436/814
f 726/1437/816 420/1438/817 421/1439/818 727/1440/817
f 745/1441/819 439/1442/819 438/1443/819 744/1444/819
f 865/1445/820 559/1446/820 558/1447/821 864/1448/820
f 402/1449/822 400/1450/822 706/1451/823 708/1452/822
f 591/1453/824 594/1454/824 288/1455/824 285/1456/824
f 740/1457/825 434/1458/825 433/1459/825 739/1460/825
f 875/1461/826 569/1462/826 577/1463/826 883/1464/826
f 295/1465/827 307/1466/828 308/1467/828 297/1468/827
f 383/1469/829 395/1470/830 701/1471/831 689/1472/830
f 854/1473/832 548/1474/832 547/1475/832 853/1476/832
f 842/1477/833 832/1478/834 835/1479/835 843/1480/833
f 777/1481/836 778/1482/837 767/1483/838 780/1484/839
f 769/1485/840 785/1486/840 479/1487/840 463/1488/840
f 794/1489/841 792/1490/842 486/1491/841 488/1492/842
f 838/1493/843 532/1494/843 539/1495/843 845/1496/843
f 364/1497/844 368/1498/844 366/1499/844 362/1500/845
f 622/1501/846 316/1502/846 315/1503/846 621/1504/846
f 510/1505/847 511/1506/848 502/1507/849 503/1508/850
f 847/1509/851 541/1510/851 552/1511/851 858/1512/852
f 811/1513/853 505/1514/854 518/1515/853 824/1516/854
f 831/1517/855 525/1518/856 538/1519/856 844/1520/856
f 727/1521/857 421/1522/858 432/1523/858 738/1524/858
f 290/1525/859 278/1526/859 287/1527/859 284/1528/859
f 840/1529/860 830/1530/861 838/1531/860 836/1532/862
f 782/1533/863 776/1534/864 779/1535/865 770/1536/864
f 802/1537/866 796/1538/867 798/1539/868 790/1540/866
f 801/1541/869 797/1542/870 787/1543/871 799/1544/872
f 441/1545/873 452/1546/874 451/1547/875 453/1548/876
f 619/1549/877 608/1550/878 611/1551/879 612/1552/878
f 394/1553/880 390/1554/880 381/1555/881 382/1556/880
f 816/1557/882 819/1558/882 513/1559/882 510/1560/882
f 875/1561/883 882/1562/883 576/1563/883 569/1564/883
f 646/1565/884 340/1566/884 339/1567/884 645/1568/885
f 597/1569/886 586/1570/886 589/1571/886 590/1572/886
f 850/1573/887 544/1574/888 555/1575/887 861/1576/887
f 629/1577/889 639/1578/889 333/1579/889 323/1580/889
f 734/1581/890 732/1582/891 426/1583/890 428/1584/891
f 823/1585/892 821/1586/893 515/1587/892 517/1588/892
f 324/1589/894 326/1590/894 327/1591/894 322/1592/894
f 637/1593/895 635/1594/895 329/1595/895 331/1596/896
f 757/1597/897 451/1598/897 454/1599/898 760/1600/897
f 323/1601/899 333/1602/900 327/1603/901 326/1604/899
f 783/1605/902 772/1606/903 775/1607/904 776/1608/905
f 709/1609/906 724/1610/907 418/1611/908 403/1612/908
f 338/1613/909 350/1614/910 656/1615/910 644/1616/910
f 419/1617/911 404/1618/912 412/1619/913 413/1620/914
f 771/1621/915 465/1622/916 478/1623/917 784/1624/917
f 312/1625/918 300/1626/918 316/1627/918 306/1628/918
f 336/1629/919 321/1630/920 330/1631/921 331/1632/922
f 838/1633/923 845/1634/924 829/1635/923 836/1636/923
f 362/1637/925 366/1638/926 376/1639/926 374/1640/926
f 821/1641/927 823/1642/927 818/1643/928 810/1644/927
f 601/1645/929 295/1646/929 297/1647/930 603/1648/930
f 672/1649/931 674/1650/931 670/1651/931 668/1652/931
f 818/1653/932 824/1654/932 518/1655/932 512/1656/933
f 557/1657/934 545/1658/935 550/1659/936 559/1660/937
f 765/1661/938 764/1662/939 749/1663/940 757/1664/941
f 595/1665/942 584/1666/943 593/1667/944 591/1668/945
f 658/1669/946 646/1670/946 645/1671/947 654/1672/947
f 841/1673/948 843/1674/949 838/1675/948 830/1676/948
f 384/1677/950 397/1678/951 391/1679/951 398/1680/950
f 439/1681/952 424/1682/953 433/1683/954 434/1684/955
f 765/1685/956 763/1686/957 457/1687/957 459/1688/956
f 610/1689/958 608/1690/958 302/1691/958 304/1692/958
f 297/1693/959 308/1694/960 311/1695/961 309/1696/961
f 631/1697/962 325/1698/963 324/1699/964 630/1700/963
f 655/1701/965 661/1702/966 355/1703/965 349/1704/966
f 370/1705/967 371/1706/968 376/1707/969 361/1708/967
f 376/1709/970 366/1710/970 372/1711/970 361/1712/970
f 536/1713/971 537/1714/972 529/1715/973 526/1716/974
f 696/1717/975 687/1718/975 685/1719/976 695/1720/975
f 590/1721/977 589/1722/978 587/1723/978 585/1724/978
f 422/1725/979 420/1726/979 726/1727/979 728/1728/979
f 633/1729/980 632/1730/981 630/1731/980 628/1732/980
f 871/1733/982 873/1734/983 567/1735/983 565/1736/984
f 700/1737/985 394/1738/986 393/1739/987 699/1740/986
f 559/1741/988 544/1742/989 553/1743/990 554/1744/991
f 697/1745/992 704/1746/993 398/1747/992 391/1748/992
f 633/1749/994 638/1750/995 332/1751/996 327/1752/994
f 347/1753/997 346/1754/998 343/1755/998 354/1756/999
f 331/1757/1000 328/1758/1001 319/1759/1001 320/1760/1000
f 376/1761/1002 371/1762/1003 360/1763/1004 375/1764/1005
f 856/1765/1006 851/1766/1007 863/1767/1008 865/1768/1007
f 836/1769/1009 829/1770/1010 828/1771/1011 837/1772/1012
f 607/1773/1013 301/1774/1014 314/1775/1015 620/1776/1015
f 777/1777/1016 769/1778/1016 768/1779/1017 778/1780/1016
f 730/1781/1018 739/1782/1019 433/1783/1018 424/1784/1020
f 718/1785/1021 710/1786/1022 725/1787/1022 719/1788/1023
f 792/1789/1024 795/1790/1024 796/1791/1025 803/1792/1026
f 423/1793/1027 422/1794/1028 728/1795/1029 729/1796/1027
f 791/1797/1030 485/1798/1031 498/1799/1031 804/1800/1031
f 636/1801/1032 627/1802/1033 642/1803/1034 637/1804/1035
f 856/1805/1036 861/1806/1036 555/1807/1036 550/1808/1036
f 747/1809/1037 759/1810/1038 757/1811/1039 758/1812/1040
f 746/1813/1041 440/1814/1041 441/1815/1041 747/1816/1041
f 522/1817/1042 520/1818/1043 826/1819/1043 828/1820/1044
f 693/1821/1045 387/1822/1045 386/1823/1045 692/1824/1045
f 741/1825/1046 736/1826/1046 745/1827/1047 730/1828/1048
f 585/1829/1049 598/1830/1050 593/1831/1051 590/1832/1049
f 563/1833/1052 562/1834/1053 868/1835/1054 869/1836/1052
f 771/1837/1055 784/1838/1055 779/1839/1056 776/1840/1055
f 668/1841/1057 680/1842/1057 682/1843/1058 672/1844/1059
f 358/1845/1060 367/1846/1061 371/1847/1062 369/1848/1063
f 761/1849/1064 756/1850/1064 765/1851/1064 750/1852/1064
f 495/1853/1065 491/1854/1065 482/1855/1066 483/1856/1065
f 283/1857/1067 280/1858/1067 291/1859/1067 284/1860/1068
f 776/1861/1069 470/1862/1069 477/1863/1069 783/1864/1069
f 581/1865/1070 275/1866/1070 288/1867/1070 594/1868/1070
f 642/1869/1071 640/1870/1071 334/1871/1072 336/1872/1071
f 860/1873/1073 554/1874/1073 553/1875/1074 859/1876/1075
f 832/1877/1076 842/1878/1076 536/1879/1077 526/1880/1076
f 776/1881/1078 775/1882/1079 773/1883/1079 771/1884/1078
f 279/1885/1080 284/1886/1080 287/1887/1081 292/1888/1082
f 603/1889/1083 297/1890/1083 309/1891/1084 615/1892/1085
f 627/1893/1086 636/1894/1087 330/1895/1088 321/1896/1086
f 676/1897/1089 667/1898/1090 682/1899/1089 677/1900/1089
f 813/1901/1091 811/1902/1092 823/1903/1092 815/1904/1092
f 523/1905/1093 522/1906/1093 828/1907/1094 829/1908/1095
f 830/1909/1096 524/1910/1096 535/1911/1096 841/1912/1097
f 688/1913/1098 705/1914/1099 399/1915/1098 382/1916/1098
f 622/1917/1100 617/1918/1101 616/1919/1101 606/1920/1101
f 610/1921/1102 304/1922/1103 303/1923/1102 609/1924/1103
f 642/1925/1104 336/1926/1104 335/1927/1104 641/1928/1104
f 607/1929/1105 620/1930/1106 622/1931/1107 612/1932/1108
f 321/1933/1109 332/1934/1109 638/1935/1110 627/1936/1111
f 596/1937/1112 590/1938/1113 593/1939/1114 584/1940/1115
f 608/1941/1116 619/1942/1117 313/1943/1117 302/1944/1117
f 447/1945/1118 449/1946/1119 450/1947/1118 445/1948/1118
f 745/1949/1120 743/1950/1121 437/1951/1120 439/1952/1121
f 593/1953/1122 598/1954/1122 292/1955/1122 287/1956/1122
f 816/1957/1123 510/1958/1123 514/1959/1123 820/1960/1123
f 316/1961/1124 314/1962/1125 301/1963/1126 306/1964/1125
f 670/1965/1127 364/1966/1127 362/1967/1128 668/1968/1129
f 756/1969/1130 450/1970/1131 456/1971/1130 762/1972/1130
f 622/1973/1132 620/1974/1132 314/1975/1132 316/1976/1132
f 390/1977/1133 389/1978/1133 379/1979/1133 381/1980/1133
f 554/1981/1134 551/1982/1135 542/1983/1136 543/1984/1135
f 859/1985/1137 850/1986/1138 865/1987/1139 860/1988/1140
f 434/1989/1141 431/1990/1142 422/1991/1142 423/1992/1143
f 303/1993/1144 305/1994/1144 306/1995/1144 301/1996/1144
f 624/1997/1145 318/1998/1145 329/1999/1145 635/2000/1145
f 796/2001/1146 802/2002/1146 496/2003/1146 490/2004/1146
f 677/2005/1147 666/2006/1148 665/2007/1148 673/2008/1148
f 703/2009/1149 694/2010/1149 692/2011/1149 690/2012/1149
f 774/2013/1150 772/2014/1151 466/2015/1152 468/2016/1150
f 651/2017/1153 345/2018/1154 344/2019/1153 650/2020/1153
f 757/2021/1155 759/2022/1155 453/2023/1155 451/2024/1155
f 396/2025/1156 397/2026/1157 388/2027/1158 385/2028/1158
f 836/2029/1159 530/2030/1159 534/2031/1159 840/2032/1160
f 562/2033/1161 560/2034/1161 866/2035/1161 868/2036/1161
f 664/2037/1162 675/2038/1163 677/2039/1164 673/2040/1165
f 865/2041/1166 864/2042/1167 849/2043/1168 860/2044/1167
f 772/2045/1169 783/2046/1169 477/2047/1169 466/2048/1169
f 430/2049/1170 425/2050/1170 427/2051/1170 429/2052/1171
f 856/2053/1172 550/2054/1172 556/2055/1172 862/2056/1172
f 843/2057/1173 537/2058/1174 536/2059/1174 842/2060/1174
f 478/2061/1175 465/2062/1176 470/2063/1177 473/2064/1176
f 285/2065/1178 286/2066/1179 276/2067/1180 277/2068/1181
f 740/2069/1182 729/2070/1183 728/2071/1183 737/2072/1183
f 790/2073/1184 800/2074/1185 494/2075/1186 484/2076/1184
f 711/2077/1187 405/2078/1188 417/2079/1189 723/2080/1190
f 867/2081/1191 561/2082/1192 573/2083/1192 879/2084/1192
f 413/2085/1193 410/2086/1194 402/2087/1195 403/2088/1193
f 637/2089/1196 626/2090/1197 625/2091/1198 634/2092/1197
f 873/2093/1199 871/2094/1200 875/2095/1200 878/2096/1201
f 683/2097/1202 377/2098/1202 378/2099/1202 684/2100/1203
f 701/2101/1204 703/2102/1204 697/2103/1204 689/2104/1204
f 373/2105/1205 366/2106/1206 368/2107/1207 363/2108/1207
f 633/2109/1208 628/2110/1209 640/2111/1210 642/2112/1209
f 736/2113/1211 731/2114/1212 743/2115/1213 745/2116/1214
f 719/2117/1215 709/2118/1216 708/2119/1216 716/2120/1216
f 874/2121/1217 568/2122/1218 567/2123/1218 873/2124/1218
f 624/2125/1219 635/2126/1220 637/2127/1221 634/2128/1222
f 740/2129/1223 737/2130/1224 727/2131/1225 738/2132/1226
f 484/2133/1227 496/2134/1227 802/2135/1227 790/2136/1227
f 492/2137/1228 484/2138/1229 494/2139/1230 495/2140/1231
f 604/2141/1232 605/2142/1233 299/2143/1233 298/2144/1234
f 561/2145/1235 570/2146/1236 575/2147/1237 573/2148/1237
f 827/2149/1238 521/2150/1239 533/2151/1240 839/2152/1240
f 512/2153/1241 517/2154/1242 515/2155/1242 504/2156/1242
f 649/2157/1243 652/2158/1244 653/2159/1245 660/2160/1246
f 583/2161/1247 277/2162/1247 276/2163/1247 582/2164/1247
f 732/2165/1248 742/2166/1248 436/2167/1248 426/2168/1248
f 487/2169/1249 489/2170/1250 490/2171/1251 485/2172/1250
f 823/2173/1252 517/2174/1253 516/2175/1253 822/2176/1253
f 776/2177/1254 782/2178/1254 476/2179/1254 470/2180/1254
f 757/2181/1255 749/2182/1255 748/2183/1256 758/2184/1255
f 618/2185/1257 612/2186/1257 622/2187/1257 606/2188/1257
f 657/2189/1258 647/2190/1259 655/2191/1260 658/2192/1261
f 542/2193/1262 540/2194/1262 846/2195/1262 848/2196/1263
f 736/2197/1264 735/2198/1264 733/2199/1264 731/2200/1264
f 692/2201/1265 386/2202/1266 384/2203/1267 690/2204/1268
f 567/2205/1269 572/2206/1270 569/2207/1271 565/2208/1271
f 629/2209/1272 632/2210/1272 633/2211/1273 639/2212/1274
f 651/2213/1275 649/2214/1276 343/2215/1275 345/2216/1275
f 463/2217/1277 462/2218/1277 768/2219/1278 769/2220/1277
f 648/2221/1279 342/2222/1279 355/2223/1279 661/2224/1279
f 638/2225/1280 633/2226/1280 642/2227/1280 627/2228/1280
f 576/2229/1281 564/2230/1281 571/2231/1281 569/2232/1281
f 407/2233/1282 409/2234/1283 416/2235/1282 405/2236/1283
f 834/2237/1284 528/2238/1285 527/2239/1286 833/2240/1286
f 725/2241/1287 419/2242/1288 418/2243/1287 724/2244/1287
f 875/2245/1289 877/2246/1289 870/2247/1290 882/2248/1289
f 870/2249/1291 564/2250/1292 576/2251/1293 882/2252/1291
f 756/2253/1294 755/2254/1294 753/2255/1294 751/2256/1295
f 642/2257/1296 641/2258/1297 626/2259/1298 637/2260/1297
f 800/2261/1299 790/2262/1300 798/2263/1300 801/2264/1301
f 469/2265/1302 466/2266/1302 477/2267/1303 470/2268/1304
f 444/2269/1305 455/2270/1306 761/2271/1305 750/2272/1307
f 687/2273/1308 688/2274/1309 382/2275/1310 381/2276/1311
f 810/2277/1312 504/2278/1313 515/2279/1313 821/2280/1314
f 693/2281/1315 691/2282/1316 385/2283/1317 387/2284/1317
f 749/2285/1318 764/2286/1319 458/2287/1318 443/2288/1319
f 745/2289/1320 744/2290/1321 729/2291/1321 740/2292/1321
f 658/2293/1322 654/2294/1323 644/2295/1324 656/2296/1322
f 606/2297/1325 616/2298/1326 310/2299/1326 300/2300/1327
f 490/2301/1328 489/2302/1329 486/2303/1329 497/2304/1330
f 682/2305/1331 680/2306/1332 374/2307/1333 376/2308/1331
f 310/2309/1334 311/2310/1335 316/2311/1336 300/2312/1334
f 521/2313/1337 531/2314/1337 530/2315/1337 533/2316/1337
f 810/2317/1338 820/2318/1339 514/2319/1340 504/2320/1338
f 414/2321/1341 404/2322/1341 419/2323/1341 416/2324/1341
f 866/2325/1342 560/2326/1342 561/2327/1342 867/2328/1342
f 655/2329/1343 349/2330/1343 356/2331/1343 662/2332/1343
f 600/2333/1344 294/2334/1344 295/2335/1345 601/2336/1346
f 510/2337/1347 513/2338/1348 501/2339/1349 511/2340/1347
f 571/2341/1350 575/2342/1351 563/2343/1352 579/2344/1353
f 381/2345/1354 379/2346/1354 685/2347/1354 687/2348/1355
f 767/2349/1356 461/2350/1356 474/2351/1356 780/2352/1356
f 664/2353/1357 358/2354/1358 369/2355/1358 675/2356/1358
f 744/2357/1359 438/2358/1360 423/2359/1359 729/2360/1360
f 505/2361/1361 517/2362/1362 512/2363/1363 518/2364/1364
f 419/2365/1365 413/2366/1366 403/2367/1366 418/2368/1366
f 318/2369/1367 328/2370/1368 331/2371/1369 329/2372/1369
f 541/2373/1370 551/2374/1371 554/2375/1372 552/2376/1373
f 599/2377/1374 293/2378/1374 277/2379/1375 583/2380/1376
f 430/2381/1377 429/2382/1378 426/2383/1378 436/2384/1379
f 617/2385/1380 615/2386/1380 309/2387/1380 311/2388/1380
f 807/2389/1381 501/2390/1381 513/2391/1382 819/2392/1382
f 801/2393/1383 789/2394/1384 788/2395/1385 797/2396/1385
f 475/2397/1386 471/2398/1387 473/2399/1388 464/2400/1387
f 575/2401/1389 570/2402/1389 562/2403/1389 563/2404/1389
f 798/2405/1390 804/2406/1390 498/2407/1390 492/2408/1390
f 353/2409/1391 341/2410/1391 349/2411/1391 347/2412/1391
f 831/2413/1392 833/2414/1393 527/2415/1394 525/2416/1392
f 798/2417/1395 492/2418/1395 499/2419/1396 805/2420/1396
f 813/2421/1397 507/2422/1398 505/2423/1399 811/2424/1399
f 371/2425/1400 367/2426/1401 359/2427/1402 360/2428/1400
f 779/2429/1403 473/2430/1404 479/2431/1404 785/2432/1404
f 355/2433/1405 342/2434/1406 347/2435/1406 349/2436/1406
f 811/2437/1407 824/2438/1408 818/2439/1409 823/2440/1410
f 671/2441/1411 669/2442/1412 363/2443/1413 365/2444/1411
f 457/2445/1414 445/2446/1415 450/2447/1415 459/2448/1416
f 609/2449/1417 303/2450/1418 301/2451/1419 607/2452/1420
f 871/2453/1421 565/2454/1422 578/2455/1423 884/2456/1423
f 697/2457/1424 700/2458/1425 699/2459/1425 689/2460/1425
f 671/2461/1426 365/2462/1426 364/2463/1427 670/2464/1426
f 740/2465/1428 738/2466/1429 432/2467/1429 434/2468/1429
f 874/2469/1430 872/2470/1430 566/2471/1430 568/2472/1430
f 686/2473/1431 380/2474/1432 392/2475/1432 698/2476/1433
f 650/2477/1434 344/2478/1434 342/2479/1435 648/2480/1434
f 689/2481/1436 699/2482/1437 393/2483/1438 383/2484/1439
f 631/2485/1440 629/2486/1440 323/2487/1440 325/2488/1441
f 859/2489/1442 553/2490/1442 544/2491/1443 850/2492/1443
f 378/2493/1444 389/2494/1444 390/2495/1444 380/2496/1444
f 351/2497/1445 352/2498/1446 349/2499/1447 341/2500/1448
f 359/2501/1449 357/2502/1449 663/2503/1449 665/2504/1449
f 653/2505/1450 648/2506/1450 661/2507/1451 655/2508/1452
f 703/2509/1453 397/2510/1453 396/2511/1453 702/2512/1453
f 851/2513/1454 545/2514/1455 557/2515/1456 863/2516/1457
f 787/2517/1458 481/2518/1458 493/2519/1458 799/2520/1458
f 662/2521/1459 356/2522/1460 340/2523/1459 646/2524/1461
f 395/2525/1462 383/2526/1462 391/2527/1463 397/2528/1462
f 877/2529/1464 885/2530/1465 869/2531/1465 881/2532/1465
f 719/2533/1466 717/2534/1467 411/2535/1467 413/2536/1467
f 591/2537/1468 285/2538/1468 289/2539/1468 595/2540/1468
f 777/2541/1469 471/2542/1469 475/2543/1469 781/2544/1469
f 538/2545/1470 525/2546/1471 537/2547/1472 532/2548/1473
f 807/2549/1474 806/2550/1474 500/2551/1474 501/2552/1475
f 848/2553/1476 849/2554/1477 543/2555/1477 542/2556/1476
f 679/2557/1478 669/2558/1479 674/2559/1479 672/2560/1480
f 278/2561/1481 290/2562/1482 596/2563/1481 584/2564/1482
f 667/2565/1483 676/2566/1484 370/2567/1485 361/2568/1483
f 816/2569/1486 809/2570/1487 808/2571/1487 817/2572/1488
f 490/2573/1489 492/2574/1490 498/2575/1491 485/2576/1489
f 601/2577/1492 603/2578/1493 614/2579/1493 613/2580/1493
f 437/2581/1494 425/2582/1495 430/2583/1496 439/2584/1497
f 770/2585/1498 781/2586/1499 475/2587/1500 464/2588/1498
f 814/2589/1501 508/2590/1501 507/2591/1501 813/2592/1501
f 467/2593/1502 469/2594/1503 470/2595/1503 465/2596/1503
f 684/2597/1504 378/2598/1504 380/2599/1504 686/2600/1505
f 747/2601/1506 441/2602/1507 453/2603/1506 759/2604/1507
f 829/2605/1508 845/2606/1509 539/2607/1510 523/2608/1511
f 585/2609/1512 279/2610/1513 292/2611/1514 598/2612/1515
f 308/2613/1516 307/2614/1516 296/2615/1516 298/2616/1516
f 677/2617/1517 371/2618/1517 370/2619/1517 676/2620/1517
f 668/2621/1518 362/2622/1519 374/2623/1520 680/2624/1521
f 736/2625/1522 430/2626/1522 436/2627/1523 742/2628/1522
f 643/2629/1524 337/2630/1525 338/2631/1525 644/2632/1525
f 352/2633/1526 350/2634/1526 338/2635/1527 348/2636/1528
f 633/2637/1529 327/2638/1529 333/2639/1529 639/2640/1529
f 289/2641/1530 285/2642/1531 287/2643/1532 278/2644/1533
f 482/2645/1534 480/2646/1534 786/2647/1535 788/2648/1535
f 409/2649/1536 406/2650/1536 415/2651/1537 416/2652/1536
f 404/2653/1538 414/2654/1539 720/2655/1538 710/2656/1539
f 549/2657/1540 546/2658/1541 556/2659/1542 550/2660/1543
f 703/2661/1544 701/2662/1544 395/2663/1544 397/2664/1544
f 339/2665/1545 337/2666/1545 643/2667/1545 645/2668/1545
f 637/2669/1546 331/2670/1546 330/2671/1546 636/2672/1547
f 332/2673/1548 321/2674/1548 336/2675/1548 327/2676/1548
f 471/2677/1549 472/2678/1549 462/2679/1550 463/2680/1551
f 765/2681/1552 459/2682/1552 458/2683/1552 764/2684/1552
f 854/2685/1553 852/2686/1554 546/2687/1554 548/2688/1554
f 849/2689/1555 864/2690/1556 558/2691/1557 543/2692/1558
f 517/2693/1559 509/2694/1560 506/2695/1560 516/2696/1561
f 584/2697/1562 595/2698/1563 289/2699/1564 278/2700/1565
f 507/2701/1566 509/2702/1567 517/2703/1568 505/2704/1566
f 352/2705/1569 348/2706/1570 339/2707/1571 340/2708/1569
f 559/2709/1572 554/2710/1573 543/2711/1574 558/2712/1575
f 537/2713/1576 525/2714/1577 527/2715/1576 529/2716/1578
f 590/2717/1579 284/2718/1580 291/2719/1580 597/2720/1580
f 713/2721/1581 407/2722/1581 405/2723/1582 711/2724/1583
f 865/2725/1584 863/2726/1585 557/2727/1584 559/2728/1585
f 669/2729/1586 679/2730/1586 373/2731/1586 363/2732/1586
f 586/2733/1587 597/2734/1588 291/2735/1588 280/2736/1588
f 713/2737/1589 711/2738/1590 722/2739/1590 715/2740/1590
f 341/2741/1591 353/2742/1592 659/2743/1591 647/2744/1591
f 530/2745/1593 531/2746/1594 522/2747/1595 523/2748/1593
f 682/2749/1596 376/2750/1597 375/2751/1597 681/2752/1597
f 416/2753/1598 419/2754/1599 417/2755/1600 405/2756/1599
f 801/2757/1601 495/2758/1601 494/2759/1601 800/2760/1602
f 725/2761/1603 724/2762/1604 709/2763/1605 719/2764/1605
f 514/2765/1606 510/2766/1607 512/2767/1608 504/2768/1609
f 496/2769/1610 484/2770/1610 492/2771/1610 490/2772/1610
f 731/2773/1611 425/2774/1612 437/2775/1611 743/2776/1611
f 847/2777/1613 858/2778/1614 860/2779/1613 857/2780/1615
f 628/2781/1616 322/2782/1616 334/2783/1616 640/2784/1616
f 591/2785/1617 592/2786/1618 581/2787/1619 594/2788/1620
f 442/2789/1621 440/2790/1622 746/2791/1621 748/2792/1621
f 647/2793/1623 657/2794/1624 351/2795/1625 341/2796/1623
f 574/2797/1626 575/2798/1627 571/2799/1628 564/2800/1626
f 298/2801/1629 296/2802/1630 602/2803/1630 604/2804/1631
f 588/2805/1632 282/2806/1632 281/2807/1632 587/2808/1633
f 506/2809/1634 508/2810/1635 814/2811/1634 812/2812/1635
f 796/2813/1636 490/2814/1637 497/2815/1637 803/2816/1637
f 786/2817/1638 480/2818/1639 481/2819/1640 787/2820/1639
f 617/2821/1641 605/2822/1642 604/2823/1642 614/2824/1643
f 801/2825/1644 799/2826/1644 493/2827/1644 495/2828/1644
f 614/2829/1645 604/2830/1645 602/2831/1645 613/2832/1645
f 319/2833/1646 317/2834/1646 623/2835/1646 625/2836/1646
f 697/2837/1647 391/2838/1647 399/2839/1647 705/2840/1647
f 653/2841/1648 652/2842/1648 650/2843/1648 648/2844/1648
f 869/2845/1649 885/2846/1650 579/2847/1651 563/2848/1650
f 590/2849/1652 596/2850/1652 290/2851/1652 284/2852/1652
f 714/2853/1653 712/2854/1653 406/2855/1653 408/2856/1653
f 736/2857/1654 741/2858/1655 435/2859/1654 430/2860/1656
f 827/2861/1657 839/2862/1658 836/2863/1659 837/2864/1660
f 473/2865/1661 471/2866/1662 463/2867/1663 479/2868/1664
f 881/2869/1665 575/2870/1666 574/2871/1665 880/2872/1666
f 663/2873/1667 357/2874/1667 358/2875/1668 664/2876/1667
f 593/2877/1669 599/2878/1670 583/2879/1670 591/2880/1670
f 588/2881/1671 586/2882/1672 280/2883/1673 282/2884/1672
f 754/2885/1674 448/2886/1674 447/2887/1674 753/2888/1675
f 285/2889/1676 288/2890/1677 275/2891/1678 286/2892/1679
f 808/2893/1680 502/2894/1681 500/2895/1682 806/2896/1682
f 722/2897/1683 720/2898/1684 414/2899/1683 416/2900/1683
f 276/2901/1685 274/2902/1686 580/2903/1685 582/2904/1686
f 777/2905/1687 780/2906/1688 474/2907/1687 471/2908/1688
f 700/2909/1689 698/2910/1689 392/2911/1689 394/2912/1689
f 826/2913/1690 520/2914/1691 521/2915/1692 827/2916/1691
f 721/2917/1693 712/2918/1694 715/2919/1694 722/2920/1695
f 672/2921/1696 678/2922/1697 372/2923/1698 366/2924/1697
f 287/2925/1699 285/2926/1700 277/2927/1699 293/2928/1701
f 756/2929/1702 751/2930/1703 763/2931/1704 765/2932/1703
f 756/2933/1705 761/2934/1705 455/2935/1705 450/2936/1705
f 682/2937/1706 681/2938/1707 666/2939/1708 677/2940/1708
f 658/2941/1709 656/2942/1709 350/2943/1709 352/2944/1710
f 612/2945/1711 618/2946/1712 312/2947/1712 306/2948/1712
f 843/2949/1713 831/2950/1714 844/2951/1715 838/2952/1715
f 994/2953/1716 995/2954/1716 996/2955/1716 997/2956/1716
f 957/2957/1717 956/2958/1717 897/2959/1717 903/2960/1717
f 901/2961/1718 977/2962/1718 976/2963/1718 902/2964/1718
f 941/2965/1719 942/2966/1719 943/2967/1719 940/2968/1719
f 234/2969/1720 240/2970/1720 244/2971/1720 239/2972/1720
f 201/2973/1721 206/2974/1722 211/2975/1721 205/2976/1721
f 144/2977/1723 149/2978/1723 154/2979/1724 148/2980/1723
f 235/2981/1725 241/2982/1725 245/2983/1725 240/2984/1725
f 141/2985/1726 147/2986/1727 151/2987/1727 146/2988/1727
f 232/2989/1728 238/2990/1729 242/2991/1729 237/2992/1728
f 209/2993/1730 210/2994/1731 219/2995/1730 214/2996/1730
f 142/2997/1732 143/2998/1732 152/2999/1732 147/3000/1732
f 254/3001/1733 260/3002/1733 264/3003/1733 259/3004/1733
f 162/3005/1734 163/3006/1735 172/3007/1735 167/3008/1735
f 206/3009/1736 212/3010/1737 216/3011/1738 211/3012/1736
f 139/3013/1739 145/3014/1740 149/3015/1739 144/3016/1740
f 160/3017/1741 166/3018/1742 170/3019/1742 165/3020/1742
f 236/3021/1743 237/3022/1743 246/3023/1744 241/3024/1743
f 188/3025/1745 194/3026/1745 198/3027/1745 193/3028/1745
f 205/3029/1746 211/3030/1746 215/3031/1746 210/3032/1746
f 954/3033/1747 953/3034/1747 900/3035/1747 901/3036/1747
f 984/3037/1748 983/3038/1748 907/3039/1748 906/3040/1748
f 161/3041/1749 167/3042/1750 171/3043/1751 166/3044/1749
f 183/3045/1752 184/3046/1753 188/3047/1754
f 133/3048/1755 134/3049/1755 138/3050/1755
f 176/3051/1756 175/3052/1756 170/3053/1756
f 222/3054/1757 221/3055/1757 216/3056/1757
f 221/3057/1758 220/3058/1758 215/3059/1758
f 177/3060/1759 176/3061/1759 171/3062/1759
f 231/3063/1760 227/3064/1760 236/3065/1760
f 269/3066/1761 268/3067/1761 263/3068/1761
f 270/3069/1762 269/3070/1762 264/3071/1762
f 183/3072/1763 182/3073/1764 225/3074/1765 184/3075/1766
f 231/3076/1767 272/3077/1767 227/3078/1767
f 208/3079/1768 214/3080/1768 218/3081/1769 213/3082/1769
f 187/3083/1770 193/3084/1770 197/3085/1770 192/3086/1770
f 145/3087/1771 150/3088/1771 155/3089/1771 149/3090/1771
f 181/3091/1772 185/3092/1772 180/3093/1772 225/3094/1773
f 194/3095/1774 199/3096/1774 204/3097/1774 198/3098/1774
f 158/3099/1775 164/3100/1776 168/3101/1777 163/3102/1778
f 195/3103/1779 201/3104/1780 205/3105/1781 200/3106/1779
f 191/3107/1782 196/3108/1783 201/3109/1784 195/3110/1782
f 222/3111/1785 217/3112/1786 223/3113/1785 226/3114/1786
f 239/3115/1787 244/3116/1788 249/3117/1789 243/3118/1787
f 253/3119/1790 259/3120/1791 263/3121/1790 258/3122/1790
f 146/3123/1792 151/3124/1793 156/3125/1792 150/3126/1792
f 233/3127/1794 239/3128/1794 243/3129/1794 238/3130/1794
f 256/3131/1795 257/3132/1795 266/3133/1796 261/3134/1796
f 198/3135/1797 204/3136/1798 208/3137/1799 203/3138/1800
f 197/3139/1801 203/3140/1802 207/3141/1803 202/3142/1802
f 163/3143/1804 162/3144/1805 153/3145/1805 158/3146/1804
f 157/3147/1806 162/3148/1806 167/3149/1807 161/3150/1808
f 223/3151/1809 218/3152/1809 224/3153/1809 226/3154/1809
f 149/3155/1810 155/3156/1810 159/3157/1811 154/3158/1810
f 173/3159/1812 168/3160/1812 174/3161/1813 179/3162/1812
f 192/3163/1814 197/3164/1814 202/3165/1815 196/3166/1815
f 185/3167/1816 191/3168/1816 195/3169/1816 190/3170/1816
f 257/3171/1817 256/3172/1818 247/3173/1818 252/3174/1818
f 156/3175/1819 161/3176/1820 166/3177/1821 160/3178/1820
f 133/3179/1822 142/3180/1822 137/3181/1822 178/3182/1823
f 148/3183/1824 154/3184/1825 158/3185/1826 153/3186/1826
f 154/3187/1827 159/3188/1828 164/3189/1828 158/3190/1828
f 151/3191/1829 157/3192/1830 161/3193/1831 156/3194/1830
f 231/3195/1832 235/3196/1833 230/3197/1833 272/3198/1833
f 152/3199/1834 153/3200/1834 162/3201/1834 157/3202/1834
f 193/3203/1835 198/3204/1835 203/3205/1835 197/3206/1835
f 224/3207/1836 219/3208/1837 220/3209/1838 226/3210/1838
f 199/3211/1839 200/3212/1839 209/3213/1839 204/3214/1839
f 196/3215/1840 202/3216/1841 206/3217/1840 201/3218/1842
f 174/3219/1843 169/3220/1844 175/3221/1844 179/3222/1844
f 177/3223/1845 172/3224/1845 173/3225/1845 179/3226/1846
f 207/3227/1847 213/3228/1848 217/3229/1847 212/3230/1848
f 189/3231/1849 190/3232/1850 199/3233/1849 194/3234/1851
f 230/3235/1852 234/3236/1852 229/3237/1853 272/3238/1854
f 269/3239/1855 270/3240/1855 273/3241/1855 268/3242/1855
f 150/3243/1856 156/3244/1857 160/3245/1858 155/3246/1856
f 147/3247/1859 152/3248/1859 157/3249/1860 151/3250/1860
f 200/3251/1861 199/3252/1862 190/3253/1861 195/3254/1863
f 249/3255/1864 254/3256/1865 259/3257/1864 253/3258/1866
f 204/3259/1867 209/3260/1867 214/3261/1867 208/3262/1867
f 182/3263/1868 186/3264/1868 181/3265/1868 225/3266/1869
f 155/3267/1870 160/3268/1871 165/3269/1871 159/3270/1871
f 252/3271/1872 258/3272/1872 262/3273/1872 257/3274/1872
f 137/3275/1873 141/3276/1873 136/3277/1873 178/3278/1874
f 138/3279/1875 144/3280/1875 148/3281/1876 143/3282/1875
f 180/3283/1877 189/3284/1877 184/3285/1877 225/3286/1877
f 140/3287/1878 146/3288/1878 150/3289/1878 145/3290/1878
f 212/3291/1879 217/3292/1880 222/3293/1880 216/3294/1880
f 203/3295/1881 208/3296/1882 213/3297/1881 207/3298/1882
f 202/3299/1883 207/3300/1883 212/3301/1883 206/3302/1883
f 186/3303/1884 192/3304/1885 196/3305/1885 191/3306/1885
f 238/3307/1886 243/3308/1887 248/3309/1887 242/3310/1886
f 244/3311/1888 250/3312/1889 254/3313/1890 249/3314/1889
f 250/3315/1891 255/3316/1892 260/3317/1893 254/3318/1893
f 210/3319/1894 209/3320/1894 200/3321/1895 205/3322/1894
f 241/3323/1896 246/3324/1896 251/3325/1896 245/3326/1897
f 228/3327/1898 232/3328/1898 227/3329/1898 272/3330/1899
f 136/3331/1900 140/3332/1900 135/3333/1901 178/3334/1902
f 246/3335/1903 247/3336/1904 256/3337/1905 251/3338/1904
f 248/3339/1906 253/3340/1906 258/3341/1906 252/3342/1906
f 243/3343/1907 249/3344/1908 253/3345/1908 248/3346/1908
f 229/3347/1909 233/3348/1909 228/3349/1909 272/3350/1910
f 221/3351/1911 222/3352/1911 226/3353/1911 220/3354/1911
f 270/3355/1912 265/3356/1912 271/3357/1912 273/3358/1912
f 240/3359/1913 245/3360/1913 250/3361/1913 244/3362/1914
f 159/3363/1915 165/3364/1915 169/3365/1915 164/3366/1915
f 251/3367/1916 256/3368/1916 261/3369/1916 255/3370/1917
f 176/3371/1918 177/3372/1918 179/3373/1918 175/3374/1919
f 255/3375/1920 261/3376/1921 265/3377/1920 260/3378/1920
f 135/3379/1922 134/3380/1923 133/3381/1924 178/3382/1925
f 245/3383/1926 251/3384/1927 255/3385/1926 250/3386/1928
f 271/3387/1929 266/3388/1929 267/3389/1930 273/3390/1929
f 247/3391/1931 246/3392/1931 237/3393/1932 242/3394/1931
f 267/3395/1933 262/3396/1933 268/3397/1933 273/3398/1933
f 153/3399/1934 152/3400/1934 143/3401/1935 148/3402/1936
f 190/3403/1937 189/3404/1937 180/3405/1937 185/3406/1937
f 165/3407/1938 170/3408/1938 175/3409/1939 169/3410/1938
f 965/3411/1940 966/3412/1940 967/3413/1940 968/3414/1940
f 181/3415/1941 186/3416/1942 191/3417/1941 185/3418/1943
f 229/3419/1944 234/3420/1944 239/3421/1944 233/3422/1944
f 242/3423/1945 248/3424/1946 252/3425/1946 247/3426/1947
f 907/3427/1948 975/3428/1948 974/3429/1948 903/3430/1948
f 974/3431/1949 973/3432/1949 898/3433/1949 903/3434/1949
f 964/3435/1950 963/3436/1950 899/3437/1950 904/3438/1950
f 898/3439/1951 991/3440/1951 993/3441/1951 889/3442/1951
f 928/3443/1952 927/3444/1952 899/3445/1952 894/3446/1952
f 236/3447/1953 241/3448/1953 235/3449/1954 231/3450/1953
f 261/3451/1955 266/3452/1955 271/3453/1955 265/3454/1955
f 894/3455/1956 935/3456/1956 934/3457/1956 890/3458/1956
f 898/3459/1957 916/3460/1957 918/3461/1957 893/3462/1957
f 135/3463/1958 140/3464/1958 145/3465/1958 139/3466/1959
f 173/3467/1960 172/3468/1961 163/3469/1960 168/3470/1960
f 903/3471/1962 950/3472/1962 949/3473/1962 902/3474/1962
f 904/3475/1963 988/3476/1963 987/3477/1963 905/3478/1963
f 136/3479/1964 141/3480/1964 146/3481/1964 140/3482/1964
f 982/3483/1965 981/3484/1965 899/3485/1965 886/3486/1965
f 188/3487/1966 193/3488/1967 187/3489/1968 183/3490/1967
f 171/3491/1969 176/3492/1969 170/3493/1969 166/3494/1970
f 258/3495/1971 263/3496/1971 268/3497/1972 262/3498/1971
f 260/3499/1973 265/3500/1973 270/3501/1974 264/3502/1973
f 899/3503/1975 927/3504/1975 926/3505/1975 890/3506/1975
f 987/3507/1976 988/3508/1976 989/3509/1976 990/3510/1976
f 230/3511/1977 235/3512/1978 240/3513/1977 234/3514/1979
f 189/3515/1980 194/3516/1980 188/3517/1981 184/3518/1981
f 228/3519/1982 233/3520/1983 238/3521/1982 232/3522/1984
f 913/3523/1985 914/3524/1985 915/3525/1985 912/3526/1985
f 909/3527/1986 910/3528/1986 911/3529/1986 908/3530/1986
f 216/3531/1987 221/3532/1988 215/3533/1987 211/3534/1987
f 898/3535/1989 937/3536/1989 939/3537/1989 897/3538/1989
f 969/3539/1990 970/3540/1990 971/3541/1990 972/3542/1990
f 236/3543/1991 227/3544/1992 232/3545/1992 237/3546/1992
f 898/3547/1993 955/3548/1993 957/3549/1993 903/3550/1993
f 164/3551/1994 169/3552/1994 174/3553/1994 168/3554/1994
f 142/3555/1995 133/3556/1996 138/3557/1996 143/3558/1996
f 213/3559/1997 218/3560/1997 223/3561/1997 217/3562/1997
f 938/3563/1998 937/3564/1998 898/3565/1998 893/3566/1998
f 930/3567/1999 931/3568/1999 932/3569/1999 929/3570/1999
f 139/3571/2000 144/3572/2001 138/3573/2002 134/3574/2003
f 899/3575/2004 981/3576/2004 980/3577/2004 904/3578/2004
f 956/3579/2005 955/3580/2005 898/3581/2005 897/3582/2005
f 899/3583/2006 963/3584/2006 962/3585/2006 900/3586/2006
f 137/3587/2007 142/3588/2008 147/3589/2009 141/3590/2007
f 898/3591/2010 973/3592/2010 975/3593/2010 907/3594/2010
f 948/3595/2011 949/3596/2011 950/3597/2011 947/3598/2011
f 886/3599/2012 913/3600/2012 912/3601/2012 887/3602/2012
f 897/3603/2013 932/3604/2013 931/3605/2013 896/3606/2013
f 899/3607/2014 945/3608/2014 944/3609/2014 894/3610/2014
f 948/3611/2015 947/3612/2015 897/3613/2015 896/3614/2015
f 904/3615/2016 980/3616/2016 982/3617/2016 886/3618/2016
f 219/3619/2017 210/3620/2018 215/3621/2019 220/3622/2020
f 983/3623/2021 984/3624/2021 985/3625/2021 986/3626/2021
f 946/3627/2022 945/3628/2022 899/3629/2022 900/3630/2022
f 214/3631/2023 219/3632/2024 224/3633/2024 218/3634/2024
f 182/3635/2025 187/3636/2026 192/3637/2025 186/3638/2025
f 925/3639/2027 924/3640/2027 899/3641/2027 890/3642/2027
f 264/3643/2028 269/3644/2029 263/3645/2028 259/3646/2028
f 172/3647/2030 177/3648/2030 171/3649/2030 167/3650/2030
f 920/3651/2031 921/3652/2031 922/3653/2031 919/3654/2031
f 910/3655/2032 909/3656/2032 888/3657/2032 892/3658/2032
f 897/3659/2033 947/3660/2033 950/3661/2033 903/3662/2033
f 890/3663/2034 914/3664/2034 913/3665/2034 886/3666/2034
f 916/3667/2035 917/3668/2035 918/3669/2035
f 989/3670/2036 988/3671/2036 904/3672/2036 886/3673/2036
f 918/3674/2037 917/3675/2037 889/3676/2037 893/3677/2037
f 939/3678/2038 938/3679/2038 893/3680/2038 897/3681/2038
f 912/3682/2039 915/3683/2039 891/3684/2039 887/3685/2039
f 920/3686/2040 919/3687/2040 888/3688/2040 887/3689/2040
f 921/3690/2041 920/3691/2041 887/3692/2041 891/3693/2041
f 923/3694/2042 924/3695/2042 925/3696/2042
f 889/3697/2043 908/3698/2043 911/3699/2043 893/3700/2043
f 926/3701/2044 927/3702/2044 928/3703/2044
f 934/3704/2045 935/3705/2045 936/3706/2045 933/3707/2045
f 936/3708/2046 935/3709/2046 894/3710/2046 895/3711/2046
f 893/3712/2047 929/3713/2047 932/3714/2047 897/3715/2047
f 889/3716/2048 986/3717/2048 985/3718/2048 888/3719/2048
f 888/3720/2049 985/3721/2049 984/3722/2049 906/3723/2049
f 909/3724/2050 908/3725/2050 889/3726/2050 888/3727/2050
f 933/3728/2051 936/3729/2051 895/3730/2051 891/3731/2051
f 937/3732/2052 938/3733/2052 939/3734/2052
f 895/3735/2053 959/3736/2053 958/3737/2053 896/3738/2053
f 940/3739/2054 943/3740/2054 896/3741/2054 892/3742/2054
f 901/3743/2041 960/3744/2041 959/3745/2041 895/3746/2041
f 891/3747/2055 941/3748/2055 940/3749/2055 892/3750/2055
f 895/3751/2041 942/3752/2041 941/3753/2041 891/3754/2041
f 944/3755/2056 945/3756/2056 946/3757/2056
f 923/3758/2057 925/3759/2057 890/3760/2057 886/3761/2057
f 978/3762/2041 977/3763/2041 901/3764/2041 905/3765/2041
f 915/3766/2058 914/3767/2058 890/3768/2058 891/3769/2058
f 949/3770/2059 948/3771/2059 896/3772/2059 902/3773/2059
f 893/3774/2060 911/3775/2060 910/3776/2060 892/3777/2060
f 900/3778/2061 953/3779/2061 952/3780/2061 894/3781/2061
f 955/3782/2062 956/3783/2062 957/3784/2062
f 959/3785/2063 960/3786/2063 961/3787/2063 958/3788/2063
f 899/3789/2064 924/3790/2064 923/3791/2064 886/3792/2064
f 944/3793/2065 946/3794/2065 900/3795/2065 894/3796/2065
f 961/3797/2066 960/3798/2066 901/3799/2066 902/3800/2066
f 958/3801/2054 961/3802/2054 902/3803/2054 896/3804/2054
f 926/3805/2067 928/3806/2067 894/3807/2067 890/3808/2067
f 888/3809/2054 919/3810/2054 922/3811/2054 892/3812/2054
f 962/3813/2068 963/3814/2068 964/3815/2068
f 892/3816/2069 922/3817/2069 921/3818/2069 891/3819/2069
f 930/3820/2070 929/3821/2070 893/3822/2070 892/3823/2070
f 965/3824/2071 968/3825/2071 907/3826/2071 903/3827/2071
f 990/3828/2072 989/3829/2072 886/3830/2072 887/3831/2072
f 952/3832/2073 953/3833/2073 954/3834/2073 951/3835/2073
f 890/3836/2074 934/3837/2074 933/3838/2074 891/3839/2074
f 894/3840/2075 952/3841/2075 951/3842/2075 895/3843/2075
f 971/3844/2076 970/3845/2076 900/3846/2076 904/3847/2076
f 973/3848/2077 974/3849/2077 975/3850/2077
f 267/3851/2078 266/3852/2078 257/3853/2079 262/3854/2078
f 900/3855/2080 962/3856/2080 964/3857/2080 904/3858/2080
f 979/3859/2081 978/3860/2081 905/3861/2081 906/3862/2081
f 902/3863/2054 976/3864/2054 979/3865/2054 906/3866/2054
f 995/3867/2082 994/3868/2082 906/3869/2082 905/3870/2082
f 887/3871/2041 996/3872/2041 995/3873/2041 905/3874/2041
f 980/3875/2083 981/3876/2083 982/3877/2083
f 992/3878/2084 991/3879/2084 898/3880/2084 907/3881/2084
f 972/3882/2085 971/3883/2085 904/3884/2085 905/3885/2085
f 983/3886/2086 986/3887/2086 889/3888/2086 907/3889/2086
f 900/3890/2087 970/3891/2087 969/3892/2087 901/3893/2087
f 901/3894/2088 969/3895/2088 972/3896/2088 905/3897/2088
f 907/3898/2089 968/3899/2089 967/3900/2089 906/3901/2089
f 905/3902/2090 987/3903/2090 990/3904/2090 887/3905/2090
f 966/3906/2091 965/3907/2091 903/3908/2091 902/3909/2091
f 906/3910/2092 967/3911/2092 966/3912/2092 902/3913/2092
f 991/3914/2093 992/3915/2093 993/3916/2093
f 976/3917/2094 977/3918/2094 978/3919/2094 979/3920/2094
f 917/3921/2095 916/3922/2095 898/3923/2095 889/3924/2095
f 889/3925/2096 993/3926/2096 992/3927/2096 907/3928/2096
f 888/3929/2097 997/3930/2097 996/3931/2097 887/3932/2097
f 994/3933/2054 997/3934/2054 888/3935/2054 906/3936/2054
f 931/3937/2098 930/3938/2098 892/3939/2098 896/3940/2098
f 951/3941/2099 954/3942/2099 901/3943/2099 895/3944/2099
f 183/3945/2100 187/3946/2101 182/3947/2102
f 135/3948/2103 139/3949/2104 134/3950/2105
f 943/3951/2106 942/3952/2106 895/3953/2106 896/3954/2106
