# Blender v3.0.0 OBJ File: 'aa.blend'
# www.blender.org
mtllib Palm_10.mtl
o Palm_10
v -0.001866 -0.000000 -0.178003
v 0.447708 2.675260 -0.143994
v 0.121412 -0.000000 -0.104069
v 0.544989 2.659169 -0.087066
v 0.121412 0.000000 0.043799
v 0.544989 2.659169 0.026790
v -0.001866 0.000000 0.117732
v 0.447708 2.675260 0.083718
v -0.125146 0.000000 0.043799
v 0.350428 2.691353 0.026790
v -0.125146 -0.000000 -0.104069
v 0.350428 2.691353 -0.087066
v 0.058737 0.251409 -0.247340
v 0.114480 0.494280 -0.239130
v 0.165627 0.737823 -0.228752
v 0.210318 0.982007 -0.218309
v 0.250262 1.226247 -0.210120
v 0.286947 1.470324 -0.201043
v 0.320150 1.713971 -0.191659
v 0.351130 1.956489 -0.177750
v 0.381878 2.197915 -0.162432
v 0.412826 2.438127 -0.149785
v 0.515360 2.423184 -0.089961
v 0.495368 2.182220 -0.096285
v 0.477791 1.939192 -0.103944
v 0.458680 1.694565 -0.110898
v 0.433314 1.448329 -0.115590
v 0.404057 1.200898 -0.120128
v 0.370633 0.952750 -0.124223
v 0.334173 0.703493 -0.129444
v 0.290950 0.454064 -0.134633
v 0.241063 0.205147 -0.138738
v 0.515360 2.423184 0.029686
v 0.495368 2.182220 0.036009
v 0.477791 1.939192 0.043669
v 0.458680 1.694564 0.050624
v 0.433314 1.448329 0.055317
v 0.404057 1.200898 0.059855
v 0.370633 0.952750 0.063950
v 0.334173 0.703493 0.069172
v 0.290950 0.454064 0.074362
v 0.241063 0.205147 0.078467
v 0.412826 2.438127 0.089509
v 0.381878 2.197915 0.102156
v 0.351130 1.956489 0.117475
v 0.320150 1.713971 0.131385
v 0.286947 1.470324 0.140770
v 0.250262 1.226247 0.149847
v 0.210318 0.982008 0.158036
v 0.165627 0.737823 0.168479
v 0.114480 0.494281 0.178859
v 0.058736 0.251409 0.187069
v 0.310292 2.453071 0.029685
v 0.268389 2.213610 0.036009
v 0.224469 1.973785 0.043669
v 0.181621 1.733378 0.050624
v 0.140582 1.492319 0.055317
v 0.096466 1.251596 0.059855
v 0.050004 1.011265 0.063950
v -0.002918 0.772152 0.069172
v -0.061990 0.534497 0.074362
v -0.123591 0.297671 0.078467
v 0.310292 2.453071 -0.089961
v 0.268389 2.213610 -0.096285
v 0.224469 1.973785 -0.103944
v 0.181621 1.733378 -0.110898
v 0.140582 1.492319 -0.115590
v 0.096466 1.251596 -0.120128
v 0.050004 1.011265 -0.124223
v -0.002918 0.772152 -0.129444
v -0.061990 0.534497 -0.134633
v -0.123591 0.297670 -0.138738
v 0.065179 0.277178 -0.174768
v 0.186670 0.246704 -0.102452
v 0.186670 0.246704 0.042181
v 0.065179 0.277179 0.114496
v -0.056312 0.307653 0.042180
v -0.056312 0.307653 -0.102452
v 0.120054 0.520197 -0.169092
v 0.237453 0.493753 -0.099614
v 0.237453 0.493753 0.039342
v 0.120054 0.520197 0.108820
v 0.002657 0.546640 0.039342
v 0.002657 0.546640 -0.099614
v 0.170390 0.763821 -0.162098
v 0.282421 0.741256 -0.096117
v 0.282421 0.741256 0.035845
v 0.170390 0.763822 0.101825
v 0.058358 0.786386 0.035845
v 0.058358 0.786386 -0.096117
v 0.215070 1.008002 -0.155225
v 0.321682 0.988784 -0.092681
v 0.321682 0.988784 0.032408
v 0.215070 1.008002 0.094952
v 0.108458 1.027219 0.032408
v 0.108458 1.027219 -0.092681
v 0.254318 1.252251 -0.149816
v 0.356613 1.235568 -0.089976
v 0.356613 1.235568 0.029704
v 0.254318 1.252251 0.089543
v 0.152023 1.268934 0.029703
v 0.152023 1.268934 -0.089976
v 0.290483 1.496265 -0.143759
v 0.387806 1.481746 -0.086948
v 0.387806 1.481746 0.026675
v 0.290483 1.496265 0.083485
v 0.193161 1.510785 0.026674
v 0.193161 1.510785 -0.086948
v 0.323683 1.739909 -0.137234
v 0.415549 1.727139 -0.083686
v 0.415549 1.727139 0.023411
v 0.323683 1.739909 0.076960
v 0.231818 1.752679 0.023411
v 0.231818 1.752679 -0.083686
v 0.354387 1.982287 -0.127728
v 0.438129 1.970873 -0.078932
v 0.438129 1.970873 0.018658
v 0.354387 1.982287 0.067453
v 0.270646 1.993701 0.018658
v 0.270646 1.993701 -0.078932
v 0.385173 2.223487 -0.117557
v 0.460159 2.213058 -0.073848
v 0.460159 2.213058 0.013572
v 0.385173 2.223487 0.057282
v 0.310188 2.233917 0.013572
v 0.310188 2.233917 -0.073848
v 0.416497 2.463406 -0.109473
v 0.484465 2.453368 -0.069805
v 0.484465 2.453368 0.009530
v 0.416497 2.463406 0.049197
v 0.348527 2.473444 0.009530
v 0.348527 2.473444 -0.069805
v 0.585039 3.356458 -0.122075
v 0.661644 3.334756 -0.076107
v 0.661644 3.334756 0.015829
v 0.585039 3.356458 0.061797
v 0.508435 3.378162 0.015829
v 0.508435 3.378162 -0.076107
v 0.484971 2.897836 -0.139927
v 0.528954 3.130119 -0.127509
v 0.611155 3.111311 -0.078824
v 0.578345 2.879910 -0.085032
v 0.611155 3.111310 0.018547
v 0.578345 2.879910 0.024756
v 0.528954 3.130119 0.067232
v 0.484971 2.897836 0.079650
v 0.446752 3.148926 0.018547
v 0.391597 2.915764 0.024756
v 0.446752 3.148926 -0.078824
v 0.391597 2.915764 -0.085032
v 0.449615 2.688214 -0.113227
v 0.520594 2.676396 -0.071683
v 0.520594 2.676396 0.011406
v 0.449614 2.688214 0.052951
v 0.378635 2.700033 0.011406
v 0.378635 2.700033 -0.071683
v 0.489566 2.922606 -0.102495
v 0.551061 2.910568 -0.066317
v 0.551061 2.910568 0.006040
v 0.489566 2.922606 0.042218
v 0.428071 2.934644 0.006040
v 0.428071 2.934644 -0.066317
v 0.534947 3.154199 -0.094609
v 0.589304 3.141450 -0.062373
v 0.589304 3.141450 0.002096
v 0.534946 3.154199 0.034331
v 0.480589 3.166948 0.002096
v 0.480589 3.166948 -0.062373
v 0.650657 3.622612 -0.056111
v 0.669661 3.615953 -0.044485
v 0.669661 3.615953 -0.021233
v 0.650657 3.622612 -0.009607
v 0.631653 3.629270 -0.021233
v 0.631653 3.629270 -0.044485
v 0.589667 3.375231 -0.099722
v 0.647576 3.358560 -0.064930
v 0.647576 3.358560 0.004653
v 0.589667 3.375231 0.039444
v 0.531758 3.391903 0.004653
v 0.531758 3.391903 -0.064930
v 0.495805 3.416007 -0.313055
v 0.459992 3.432713 -0.321210
v 0.432718 3.418863 -0.292841
v 0.451853 3.393533 -0.267162
v 0.490866 3.391718 -0.279590
v 0.498907 3.459658 -0.336846
v 0.423811 3.462930 -0.313433
v 0.414292 3.416162 -0.249285
v 0.483392 3.383906 -0.233495
v 0.535818 3.410701 -0.287877
v 0.559224 3.468799 -0.314954
v 0.462766 3.513813 -0.337000
v 0.389715 3.476406 -0.261072
v 0.441128 3.408369 -0.192261
v 0.545892 3.403547 -0.225437
v 0.536308 3.544109 -0.329459
v 0.412912 3.549801 -0.290351
v 0.397344 3.473028 -0.184907
v 0.510778 3.420039 -0.158963
v 0.596861 3.463979 -0.248407
v 0.601509 3.548224 -0.276597
v 0.482205 3.603952 -0.303882
v 0.391688 3.557744 -0.209777
v 0.455375 3.473528 -0.124572
v 0.585124 3.467487 -0.165681
v 0.560980 3.624063 -0.276802
v 0.437618 3.629809 -0.237726
v 0.421988 3.553014 -0.132271
v 0.535490 3.500015 -0.106319
v 0.621535 3.543993 -0.195790
v 0.606047 3.620795 -0.214864
v 0.509675 3.665795 -0.236901
v 0.436575 3.628438 -0.161010
v 0.487987 3.560328 -0.092143
v 0.592796 3.555569 -0.125367
v 0.562806 3.666590 -0.200903
v 0.487705 3.670022 -0.177106
v 0.478303 3.623022 -0.113280
v 0.547150 3.590925 -0.097561
v 0.599644 3.617806 -0.151559
v 0.569720 3.655206 -0.155683
v 0.533805 3.671979 -0.163869
v 0.506669 3.659066 -0.134397
v 0.525580 3.631835 -0.110986
v 0.564963 3.631864 -0.121115
v 0.463078 3.400080 -0.301766
v 0.543170 3.659589 -0.131302
v 0.562389 3.401275 0.153926
v 0.521247 3.400111 0.156316
v 0.511389 3.413068 0.194284
v 0.546539 3.422253 0.215416
v 0.577971 3.414992 0.190562
v 0.539491 3.406170 0.112932
v 0.478958 3.420120 0.160880
v 0.508813 3.446640 0.231080
v 0.587772 3.449295 0.226148
v 0.606976 3.424041 0.153395
v 0.594783 3.437158 0.092476
v 0.484494 3.433859 0.099026
v 0.457965 3.468688 0.200775
v 0.552005 3.493615 0.257327
v 0.636549 3.474136 0.190414
v 0.537944 3.466007 0.051090
v 0.438517 3.488959 0.129816
v 0.487589 3.532402 0.245214
v 0.617540 3.536246 0.237567
v 0.648792 3.495212 0.117645
v 0.608633 3.520621 0.049690
v 0.471995 3.516640 0.057767
v 0.439109 3.559752 0.183846
v 0.555682 3.590442 0.253891
v 0.660282 3.566292 0.171087
v 0.540107 3.559965 0.025040
v 0.440595 3.582922 0.103804
v 0.489749 3.626388 0.219208
v 0.619647 3.630186 0.211505
v 0.650911 3.589201 0.091660
v 0.598794 3.615696 0.043006
v 0.488427 3.612342 0.049477
v 0.461918 3.647233 0.151332
v 0.556015 3.672117 0.207795
v 0.640448 3.652650 0.140931
v 0.544968 3.649048 0.045901
v 0.484597 3.662938 0.093661
v 0.514269 3.689739 0.163715
v 0.593348 3.692125 0.159020
v 0.612345 3.667151 0.086069
v 0.568635 3.683313 0.075493
v 0.528030 3.679684 0.079352
v 0.517500 3.695127 0.115948
v 0.552964 3.703080 0.137748
v 0.584458 3.695796 0.112816
v 0.543790 3.397991 0.185614
v 0.550717 3.702579 0.101445
v 0.971885 3.446129 -0.003215
v 0.946379 3.421785 -0.016545
v 0.932809 3.401452 0.010129
v 0.949873 3.413162 0.039889
v 0.974044 3.440822 0.031549
v 0.954191 3.458930 -0.037812
v 0.907995 3.405836 -0.021826
v 0.912112 3.395629 0.045076
v 0.960886 3.442392 0.070690
v 0.986468 3.481541 0.019430
v 0.971190 3.515066 -0.022070
v 0.903184 3.449824 -0.057733
v 0.867076 3.395444 0.013763
v 0.912515 3.426755 0.093524
v 0.976954 3.500837 0.071273
v 0.918361 3.521071 -0.061115
v 0.842363 3.433846 -0.034759
v 0.849142 3.417085 0.075038
v 0.929383 3.493864 0.117174
v 0.971916 3.557964 0.032886
v 0.931488 3.586237 -0.019113
v 0.847039 3.505468 -0.063435
v 0.802316 3.438115 0.025236
v 0.858638 3.476837 0.124112
v 0.938627 3.568607 0.096382
v 0.865132 3.581664 -0.047520
v 0.789123 3.494401 -0.021213
v 0.795915 3.477639 0.088655
v 0.876148 3.554457 0.130744
v 0.918671 3.618476 0.046468
v 0.870069 3.629984 0.003748
v 0.802060 3.564801 -0.031985
v 0.765930 3.510312 0.039532
v 0.811399 3.541730 0.119314
v 0.875814 3.615757 0.096993
v 0.816628 3.615349 -0.002721
v 0.770755 3.562133 0.013319
v 0.774876 3.551978 0.079995
v 0.823310 3.598814 0.105711
v 0.849259 3.637842 0.054466
v 0.813118 3.626888 0.037288
v 0.786563 3.603167 0.024095
v 0.775144 3.581599 0.050520
v 0.790068 3.594529 0.080663
v 0.815274 3.621561 0.072143
v 0.962127 3.416754 0.010608
v 0.789911 3.612895 0.054541
v 0.678002 3.839309 -0.015060
v 0.877048 3.879446 0.041022
v 0.709368 3.900250 0.182282
v 0.838441 3.876644 0.510740
v 1.354975 3.767911 0.454523
v 1.227396 3.642936 0.919759
v 1.497120 3.341679 0.941018
v 1.393193 3.353127 1.025356
v 1.482441 3.194045 1.055921
v 1.452848 3.353888 0.992519
v 1.373956 3.656991 0.841497
v 1.018565 3.955066 0.367738
v 0.791176 3.927215 0.103263
v 1.221390 3.865586 0.622563
v 1.176585 3.854146 0.226874
v 1.202672 3.833529 0.257157
v 1.471846 3.590974 0.731563
v 1.483252 3.567309 0.767772
v 1.069351 3.777621 0.787014
v 1.041550 3.787449 0.761894
v 0.686693 3.789572 0.037723
v 0.731358 3.879192 0.235886
v 0.505052 3.842317 0.162849
v 0.735346 3.912514 0.430963
v 0.378410 3.854236 0.315798
v 0.281037 3.822394 0.472290
v 0.643368 3.830775 0.934724
v 0.185761 3.615351 1.125205
v 0.396317 3.366590 1.456660
v 0.260339 3.342533 1.410404
v 0.325532 3.195624 1.549442
v 0.322439 3.362345 1.444241
v 0.332082 3.675911 1.206633
v 0.616555 3.891725 0.185052
v 0.549055 3.942798 0.357073
v 0.729729 3.899859 0.623635
v 0.722698 3.884432 0.666421
v 0.488257 3.952055 0.535124
v 0.503170 3.643970 1.246804
v 0.483415 3.618690 1.283877
v 0.183047 3.736548 0.869084
v 0.188091 3.744785 0.825768
v 0.389354 3.877002 0.894923
v 0.683441 3.796026 -0.009859
v 0.526459 3.835517 0.119784
v 0.512042 3.864917 -0.098781
v 0.168519 3.866589 -0.187593
v -0.110093 3.732506 0.260090
v -0.433584 3.628131 -0.121155
v -0.651411 3.321649 0.075149
v -0.657984 3.338169 -0.058363
v -0.757550 3.178099 -0.009128
v -0.665824 3.336918 0.009429
v -0.453726 3.636595 0.044110
v 0.531058 3.887625 0.015192
v 0.192753 3.812817 0.252688
v 0.150612 3.792940 0.255062
v 0.185220 3.922687 0.044592
v -0.430291 3.564031 0.186087
v -0.469594 3.542009 0.173228
v -0.211145 3.765477 -0.166481
v -0.171950 3.777581 -0.173887
v -0.155549 3.839862 0.056082
v 0.690028 3.847607 0.046674
v 0.593497 3.884211 -0.135359
v 0.812322 3.905681 -0.109203
v 0.967661 3.888959 -0.424609
v 0.562091 3.685222 -0.785318
v 1.010090 3.597987 -1.005015
v 0.855979 3.296929 -1.223580
v 0.991576 3.319195 -1.203065
v 0.963362 3.171262 -1.290782
v 0.925053 3.314071 -1.225139
v 0.844683 3.582530 -1.063791
v 0.696847 3.932750 -0.114633
v 0.780244 3.810889 -0.794136
v 0.520811 3.819923 -0.488815
v 0.524179 3.789436 -0.530568
v 0.732855 3.938753 -0.463033
v 0.695504 3.501564 -1.064862
v 0.715927 3.478731 -1.098194
v 1.018165 3.764395 -0.789156
v 1.017902 3.778021 -0.750627
v 0.670610 3.790962 -0.009816
v 0.983751 3.857238 -0.264250
v 1.065411 3.847742 0.094837
v 1.242946 3.814566 0.104210
v 1.442521 3.740698 -0.425878
v 1.812602 3.569752 -0.099431
v 1.951115 3.354280 -0.394600
v 1.984682 3.339704 -0.257054
v 2.058099 3.195285 -0.371632
v 1.808166 3.612194 -0.267009
v 1.020059 3.922054 -0.079166
v 1.980031 3.358603 -0.326756
v 1.145506 3.829761 -0.353984
v 1.183612 3.811678 -0.366968
v 1.202433 3.914135 -0.119664
v 1.749625 3.564156 -0.423392
v 1.786217 3.547414 -0.418006
v 1.615543 3.701535 0.002637
v 1.577753 3.714104 0.018838
v 1.539439 3.817048 -0.202142
v 0.645580 3.688558 -0.009704
v 0.681057 3.760421 -0.180664
v 0.827962 3.746575 -0.040825
v 0.744817 3.788023 -0.335062
v 0.984342 3.765317 -0.107135
v 1.113300 3.747800 -0.191543
v 1.008127 3.729119 -0.672830
v 1.435827 3.584610 -0.637804
v 1.408237 3.362494 -0.950766
v 1.495861 3.352567 -0.864690
v 1.503523 3.225827 -0.985200
v 1.460192 3.364451 -0.914112
v 0.748965 3.779384 -0.100753
v 0.861876 3.828548 -0.208752
v 1.181404 3.789152 -0.548277
v 0.824710 3.779195 -0.473267
v 0.846666 3.766467 -0.502410
v 0.973750 3.840628 -0.321776
v 1.237671 3.585133 -0.846789
v 1.268061 3.564976 -0.866391
v 1.351977 3.624164 -0.755882
v 1.338083 3.684959 -0.450501
v 1.317839 3.691997 -0.419352
v 0.649003 3.657796 -0.009993
v 0.487341 3.749599 -0.108468
v 0.689485 3.719484 -0.210249
v 0.641427 3.733821 -0.569279
v 0.086003 3.754890 -0.648099
v 0.273287 3.581232 -1.100480
v -0.091931 3.356318 -1.214324
v 0.031980 3.336358 -1.274396
v -0.105558 3.202606 -1.341646
v -0.032914 3.354680 -1.254736
v 0.600883 3.771577 -0.147484
v 0.233583 3.799519 -0.368891
v 0.209263 3.785197 -0.406961
v 0.457574 3.851450 -0.463879
v -0.025096 3.602594 -0.972360
v -0.036041 3.581495 -1.013401
v 0.119327 3.637469 -1.053998
v 0.445029 3.680516 -0.914777
v 0.470697 3.686244 -0.881219
v 0.290913 3.809467 -0.777008
v 0.561496 3.643425 -0.077149
v 0.382554 3.694736 -0.012965
v 0.444943 3.720232 -0.214616
v 0.170107 3.744235 -0.408428
v -0.236832 3.642062 -0.097687
v -0.405424 3.557342 -0.547351
v -0.689309 3.280617 -0.441507
v -0.649331 3.294681 -0.563900
v -0.767371 3.148212 -0.551737
v -0.679012 3.295127 -0.505467
v -0.477491 3.569761 -0.405495
v 0.425704 3.742783 -0.105690
v 0.040777 3.698274 -0.004049
v 0.000880 3.682148 -0.015970
v 0.112517 3.801137 -0.194437
v -0.509846 3.500780 -0.269594
v -0.542410 3.481932 -0.294232
v -0.181942 3.673429 -0.514954
v -0.143478 3.682338 -0.508670
v -0.200157 3.745198 -0.296808
v 0.633917 3.566355 -0.027079
v 0.618627 3.656605 0.155241
v 0.474975 3.682308 -0.001900
v 0.185025 3.789406 0.137926
v 0.257786 3.744947 0.662657
v -0.231604 3.758286 0.589986
v -0.318198 3.546352 0.919429
v -0.404652 3.560008 0.822339
v -0.474483 3.443209 0.946764
v -0.367013 3.563171 0.877042
v -0.137642 3.777438 0.721830
v 0.356978 3.843460 0.288467
v 0.565730 3.700692 0.065879
v 0.475977 3.724097 0.461205
v 0.444943 3.716029 0.492894
v -0.045467 3.704607 0.825472
v -0.085663 3.697263 0.843275
v -0.080766 3.815187 0.398943
v -0.056114 3.813961 0.367684
v 0.115468 3.873794 0.515686
v 0.618491 3.594093 -0.023899
v 0.803356 3.651533 -0.073663
v 0.731723 3.675192 0.121426
v 0.992820 3.711650 0.327365
v 1.406108 3.627038 0.041113
v 1.540685 3.554181 0.486687
v 1.807308 3.294488 0.384512
v 1.761554 3.307438 0.502879
v 1.868190 3.168903 0.489906
v 1.794435 3.308639 0.447414
v 1.621118 3.568542 0.352437
v 1.067131 3.768458 0.124648
v 0.757523 3.697107 0.016635
v 1.366213 3.727730 0.239601
v 1.140619 3.669413 -0.063106
v 1.178956 3.655462 -0.050000
v 1.656075 3.501451 0.217711
v 1.685711 3.484170 0.242719
v 1.329769 3.658263 0.448254
v 1.292510 3.665335 0.440148
v 0.617112 3.540408 -0.029999
v 0.805046 3.595571 0.072348
v 0.599031 3.635448 0.165670
v 0.648241 3.646023 0.535971
v 1.178665 3.559122 0.633467
v 0.925405 3.500121 1.087482
v 1.185330 3.202364 1.231395
v 1.058466 3.225036 1.286274
v 1.136897 3.068577 1.367759
v 1.127361 3.222119 1.269107
v 1.094276 3.507587 1.045258
v 0.703056 3.652608 0.104041
v 1.004056 3.670955 0.752804
v 1.059537 3.606910 0.343195
v 1.077464 3.591152 0.383726
v 0.866163 3.723455 0.426392
v 1.220503 3.424439 0.972448
v 1.222018 3.406401 1.015549
v 0.809240 3.580069 0.896779
v 0.788796 3.582324 0.862891
v 0.666243 3.784817 -0.087900
v 0.562214 3.909235 0.076669
v 0.582462 3.876709 -0.174550
v 0.339131 3.965701 -0.339730
v 0.055106 4.082426 0.125597
v -0.185048 3.980597 -0.323062
v -0.466814 3.839561 -0.066715
v -0.455356 3.816551 -0.216960
v -0.585157 3.716491 -0.162960
v -0.464538 3.830088 -0.159963
v 0.351275 4.056619 -0.119590
v 0.594091 3.908305 -0.090082
v 0.073626 4.104134 -0.138097
v 0.304982 4.046611 0.156457
v 0.265356 4.044661 0.157399
v -0.229104 4.018606 0.028784
v -0.265635 4.006139 0.013064
v -0.208577 4.030569 -0.152009
v 0.026893 4.014242 -0.366065
v 0.061563 4.007695 -0.369237
v 0.666902 3.858481 0.049081
v 0.662976 3.956393 -0.040412
v 0.763851 3.939500 0.054181
v 0.934602 4.054325 -0.014907
v 0.859565 4.157723 -0.328789
v 1.169573 4.168412 -0.308218
v 1.206109 4.123756 -0.560174
v 1.267901 4.115367 -0.500548
v 1.305298 4.078926 -0.605395
v 1.239844 4.127232 -0.531765
v 0.820478 4.103936 -0.100282
v 0.703826 3.959817 0.012966
v 0.954361 4.174306 -0.226505
v 0.733419 4.090288 -0.203791
v 0.751352 4.100626 -0.225797
v 1.035400 4.189906 -0.454013
v 1.062366 4.184330 -0.470318
v 1.101039 4.202088 -0.380069
v 1.083981 4.139762 -0.177335
v 1.071031 4.131752 -0.158456
v 0.672480 3.820588 0.042998
v 0.504659 3.999543 0.020044
v 0.659193 3.991982 -0.136903
v 0.618313 4.049220 -0.222503
v 0.302392 4.152598 -0.147819
v 0.330955 4.194664 -0.460496
v 0.078353 4.160668 -0.504332
v 0.138929 4.156064 -0.565019
v 0.033587 4.126400 -0.606073
v 0.107229 4.166585 -0.537332
v 0.258291 4.226057 -0.392209
v 0.604766 4.022229 -0.038126
v 0.421608 4.062593 -0.024411
v 0.402190 4.072124 -0.041269
v 0.546029 4.096796 -0.101660
v 0.180803 4.197288 -0.330064
v 0.166225 4.201685 -0.356209
v 0.462684 4.162580 -0.373621
v 0.482790 4.150351 -0.359323
v 0.411575 4.200396 -0.239884
v 0.691586 3.818230 0.027125
v 0.759262 3.923260 0.078940
v 0.611937 3.913835 0.091017
v 0.538681 4.047043 0.263908
v 0.836797 4.157744 0.419064
v 0.597323 4.187733 0.646325
v 0.771222 4.150072 0.857355
v 0.681671 4.142697 0.864068
v 0.739650 4.109814 0.971266
v 0.700230 4.223359 0.640431
v 0.682409 3.932876 0.063588
v 0.683320 4.203436 0.414228
v 0.725439 4.154777 0.863600
v 0.831620 4.069617 0.239680
v 0.834739 4.078558 0.269036
v 0.676765 4.100774 0.216563
v 0.806255 4.196030 0.645748
v 0.799954 4.199438 0.676372
v 0.553348 4.158404 0.487916
v 0.547588 4.146373 0.462966
v 0.681666 3.825933 -0.008848
v 0.874353 3.865475 0.046707
v 0.713301 3.885439 0.182228
v 0.840420 3.861640 0.506669
v 1.345974 3.755283 0.454129
v 1.222964 3.632153 0.909716
v 1.486534 3.334594 0.932784
v 1.386647 3.345452 1.014043
v 1.473425 3.187987 1.045500
v 1.444044 3.346637 0.982403
v 1.366183 3.646345 0.833634
v 1.016665 3.939713 0.367351
v 0.792553 3.912145 0.107029
v 1.215992 3.851603 0.618678
v 1.172044 3.840048 0.231290
v 1.195214 3.820113 0.258698
v 1.461431 3.580213 0.728656
v 1.472466 3.559713 0.760209
v 1.066360 3.764836 0.778510
v 1.041854 3.773238 0.755874
v 0.686061 3.776724 0.046195
v 0.728619 3.864594 0.240118
v 0.509094 3.828882 0.169356
v 0.732696 3.897263 0.431895
v 0.384586 3.840500 0.319551
v 0.288738 3.808965 0.473332
v 0.641927 3.816413 0.929338
v 0.194110 3.604817 1.118073
v 0.399356 3.357579 1.445033
v 0.268017 3.334433 1.400376
v 0.330870 3.188206 1.537655
v 0.327934 3.353877 1.433021
v 0.336916 3.664388 1.198021
v 0.616931 3.877452 0.191419
v 0.550792 3.927609 0.359904
v 0.727379 3.884583 0.623021
v 0.720687 3.869515 0.663195
v 0.491171 3.936826 0.535064
v 0.502668 3.631210 1.238715
v 0.485922 3.609094 1.272539
v 0.191246 3.724682 0.864046
v 0.196307 3.731826 0.825122
v 0.392891 3.862630 0.890771
v 0.675323 3.782978 -0.011086
v 0.522617 3.821889 0.113607
v 0.508904 3.850085 -0.096111
v 0.169847 3.851513 -0.184240
v -0.105352 3.719874 0.252651
v -0.423899 3.616590 -0.119453
v -0.639443 3.313551 0.071127
v -0.645923 3.329353 -0.057489
v -0.744657 3.170804 -0.010657
v -0.653406 3.328543 0.007860
v -0.443898 3.625280 0.041966
v 0.526224 3.872736 0.013473
v 0.191072 3.799006 0.245791
v 0.152955 3.779657 0.247655
v 0.185674 3.907360 0.042645
v -0.422750 3.552975 0.179055
v -0.458064 3.533499 0.168662
v -0.203418 3.752499 -0.164580
v -0.168138 3.763093 -0.170781
v -0.150303 3.825696 0.053448
v 0.692302 3.834148 0.039754
v 0.599792 3.870231 -0.137167
v 0.809838 3.890817 -0.111956
v 0.963566 3.873856 -0.423189
v 0.568154 3.672887 -0.778337
v 1.005926 3.586421 -0.995182
v 0.857326 3.289777 -1.210356
v 0.987961 3.311074 -1.190780
v 0.962041 3.164972 -1.277244
v 0.923814 3.306451 -1.212010
v 0.844309 3.571201 -1.053005
v 0.698957 3.917622 -0.118158
v 0.781133 3.796009 -0.787741
v 0.527202 3.804899 -0.488551
v 0.530596 3.776079 -0.526013
v 0.733963 3.922482 -0.461486
v 0.700652 3.491062 -1.055214
v 0.717867 3.470983 -1.085294
v 1.014180 3.751364 -0.781243
v 1.013468 3.763205 -0.746819
v 0.675787 3.776737 -0.011552
v 0.985590 3.842455 -0.260575
v 1.065148 3.833242 0.089541
v 1.239096 3.800490 0.098725
v 1.437787 3.727323 -0.419811
v 1.801356 3.559924 -0.101277
v 1.939453 3.345556 -0.390309
v 1.971869 3.331582 -0.257717
v 2.045058 3.188079 -0.369323
v 1.797353 3.602102 -0.264839
v 1.021801 3.906606 -0.080264
v 1.967396 3.350272 -0.324864
v 1.145507 3.815105 -0.349219
v 1.181096 3.797540 -0.361462
v 1.199991 3.898818 -0.120011
v 1.742020 3.553589 -0.416641
v 1.774639 3.539188 -0.412991
v 1.606183 3.689621 -0.000203
v 1.572185 3.700576 0.013867
v 1.533184 3.802965 -0.201042
v 0.650585 3.675769 -0.016432
v 0.686237 3.746125 -0.182684
v 0.828059 3.732822 -0.047817
v 0.748560 3.773079 -0.334110
v 0.981320 3.751090 -0.112623
v 1.107750 3.733731 -0.195312
v 1.008024 3.714965 -0.666715
v 1.425836 3.573419 -0.634561
v 1.400963 3.353434 -0.941121
v 1.485021 3.343976 -0.858601
v 1.493984 3.218187 -0.976501
v 1.450827 3.355713 -0.905950
v 0.752288 3.765134 -0.106010
v 0.862521 3.813282 -0.211403
v 1.177381 3.774498 -0.545540
v 0.827475 3.764191 -0.471036
v 0.848110 3.751809 -0.498001
v 0.972081 3.825207 -0.322337
v 1.235404 3.572505 -0.838711
v 1.261438 3.555359 -0.856753
v 1.344550 3.612332 -0.749691
v 1.329263 3.672411 -0.449054
v 1.311046 3.678357 -0.421892
v 0.643349 3.645855 -0.017865
v 0.487397 3.735264 -0.114200
v 0.681603 3.706381 -0.211958
v 0.634544 3.720189 -0.566501
v 0.090635 3.740262 -0.646402
v 0.272130 3.569754 -1.090582
v -0.086238 3.346269 -1.204713
v 0.033277 3.327070 -1.262694
v -0.101394 3.193974 -1.330216
v -0.029248 3.345059 -1.243705
v 0.596227 3.757381 -0.152418
v 0.235024 3.784577 -0.372892
v 0.212777 3.770200 -0.407472
v 0.454959 3.836200 -0.463945
v -0.019319 3.589303 -0.967966
v -0.030167 3.570926 -1.004403
v 0.121657 3.625094 -1.045529
v 0.442545 3.667898 -0.906562
v 0.465164 3.672858 -0.876191
v 0.291062 3.794657 -0.772900
v 0.553275 3.631049 -0.081209
v 0.380073 3.681323 -0.020163
v 0.439912 3.705730 -0.213237
v 0.169066 3.729159 -0.404836
v -0.230715 3.628976 -0.103011
v -0.397772 3.545188 -0.542424
v -0.677343 3.271574 -0.441121
v -0.638993 3.285043 -0.558933
v -0.755338 3.139956 -0.548728
v -0.667485 3.285843 -0.502648
v -0.468383 3.557734 -0.404114
v 0.420604 3.728266 -0.109037
v 0.040577 3.684492 -0.011156
v 0.004685 3.668582 -0.022118
v 0.112476 3.785769 -0.196135
v -0.501153 3.489067 -0.273553
v -0.530692 3.472501 -0.294504
v -0.176278 3.659986 -0.510513
v -0.142033 3.667670 -0.504447
v -0.195363 3.730637 -0.297463
v 0.624571 3.556652 -0.020168
v 0.608890 3.644789 0.155823
v 0.471389 3.669310 0.005166
v 0.185082 3.774696 0.142744
v 0.253505 3.732291 0.656286
v -0.225809 3.744244 0.587519
v -0.313783 3.534783 0.910490
v -0.397134 3.547822 0.817210
v -0.467613 3.432172 0.939003
v -0.360738 3.551248 0.869745
v -0.134233 3.763466 0.716298
v 0.352812 3.828653 0.289852
v 0.557988 3.688097 0.070702
v 0.467125 3.712231 0.459695
v 0.438718 3.703827 0.488150
v -0.046903 3.691574 0.817569
v -0.081991 3.685326 0.834296
v -0.076557 3.800381 0.398173
v -0.054282 3.798996 0.370617
v 0.114607 3.858511 0.513250
v 0.626236 3.581807 -0.019738
v 0.805488 3.638149 -0.066765
v 0.736790 3.660820 0.120123
v 0.994221 3.696590 0.323600
v 1.399774 3.613791 0.045961
v 1.533186 3.541961 0.480845
v 1.794997 3.285622 0.383208
v 1.751208 3.297979 0.496863
v 1.855971 3.160944 0.485865
v 1.782710 3.299548 0.443569
v 1.611837 3.556452 0.350170
v 1.067134 3.753093 0.126013
v 0.762317 3.682725 0.019891
v 1.361356 3.713028 0.239692
v 1.140569 3.655629 -0.056355
v 1.174970 3.641795 -0.044256
v 1.647068 3.489617 0.221057
v 1.673638 3.474858 0.242117
v 1.324373 3.644685 0.443050
v 1.291465 3.650601 0.435537
v 0.618865 3.528265 -0.021152
v 0.800728 3.582617 0.079170
v 0.602573 3.620921 0.168777
v 0.650669 3.631993 0.534413
v 1.169827 3.546386 0.632676
v 0.923449 3.487803 1.078407
v 1.177056 3.193740 1.221937
v 1.054862 3.215429 1.275009
v 1.130716 3.060629 1.356463
v 1.121278 3.213065 1.258341
v 1.088562 3.495619 1.037401
v 0.703151 3.638358 0.110220
v 0.999578 3.656297 0.749850
v 1.053749 3.593587 0.348347
v 1.069604 3.577983 0.385279
v 0.864144 3.708097 0.427844
v 1.210975 3.413097 0.968636
v 1.213372 3.397386 1.006752
v 0.808056 3.567355 0.889431
v 0.790011 3.569263 0.858837
v 0.653662 3.776420 -0.086798
v 0.553156 3.896988 0.074577
v 0.573085 3.865501 -0.170296
v 0.334111 3.952235 -0.334135
v 0.055194 4.066900 0.124201
v -0.179755 3.966950 -0.318644
v -0.457659 3.827522 -0.065356
v -0.446544 3.804813 -0.213319
v -0.575304 3.705327 -0.160453
v -0.455336 3.818354 -0.157343
v 0.345780 4.042337 -0.117671
v 0.583442 3.897122 -0.088865
v 0.073618 4.088805 -0.136289
v 0.297916 4.032913 0.154680
v 0.262508 4.029497 0.155702
v -0.225337 4.003749 0.027998
v -0.257187 3.993598 0.014154
v -0.202775 4.016624 -0.149717
v 0.029501 3.999856 -0.361508
v 0.059256 3.993556 -0.363763
v 0.675484 3.851484 0.038943
v 0.672032 3.945974 -0.046728
v 0.768336 3.929622 0.043746
v 0.935873 4.041738 -0.023444
v 0.863612 4.142719 -0.329758
v 1.165651 4.153699 -0.310541
v 1.202764 4.108001 -0.556240
v 1.261549 4.100717 -0.499615
v 1.299507 4.063999 -0.602021
v 1.234694 4.111980 -0.529111
v 0.824759 4.090756 -0.106693
v 0.711242 3.950041 0.003960
v 0.956036 4.159416 -0.230069
v 0.741544 4.078310 -0.208708
v 0.756644 4.086296 -0.227956
v 1.037668 4.173955 -0.453675
v 1.059916 4.168869 -0.466464
v 1.099079 4.186760 -0.380277
v 1.082015 4.125157 -0.181684
v 1.070662 4.118059 -0.165203
v 0.662739 3.813762 0.033878
v 0.500117 3.989215 0.009888
v 0.648305 3.981927 -0.140507
v 0.608637 4.037152 -0.223480
v 0.302419 4.138562 -0.154291
v 0.327920 4.179833 -0.456883
v 0.082308 4.145937 -0.502447
v 0.139236 4.141637 -0.559637
v 0.036824 4.112173 -0.601491
v 0.109611 4.151805 -0.533403
v 0.258066 4.210584 -0.391241
v 0.596131 4.012162 -0.045886
v 0.418572 4.050963 -0.033869
v 0.400759 4.059084 -0.049217
v 0.539403 4.083952 -0.106994
v 0.182809 4.182655 -0.334081
v 0.170076 4.186816 -0.355140
v 0.457745 4.147983 -0.371547
v 0.474298 4.137468 -0.359232
v 0.407821 4.185697 -0.242977
v 0.692972 3.813734 0.041379
v 0.756323 3.914261 0.090776
v 0.618004 3.905517 0.102140
v 0.545772 4.035601 0.271563
v 0.832829 4.143447 0.423628
v 0.602227 4.173048 0.645193
v 0.769815 4.135373 0.853122
v 0.685157 4.128452 0.859525
v 0.740450 4.095695 0.965520
v 0.701341 4.207931 0.639539
v 0.684108 3.924627 0.076502
v 0.684507 4.188669 0.418792
v 0.726483 4.140120 0.858848
v 0.828132 4.058825 0.250009
v 0.830822 4.065369 0.275914
v 0.678666 4.088481 0.225591
v 0.802452 4.181215 0.647093
v 0.798106 4.184577 0.672795
v 0.558735 4.143909 0.489200
v 0.554416 4.133620 0.468275
v 0.560021 3.730095 0.008866
v 0.531240 3.644891 0.014482
v 0.544474 3.549688 0.003532
v 0.594666 3.480850 -0.019800
v 0.580889 3.742147 -0.068539
v 0.565007 3.664391 -0.110762
v 0.578240 3.569189 -0.121713
v 0.615536 3.492902 -0.097206
v 0.661212 3.755840 -0.071337
v 0.694972 3.686548 -0.115291
v 0.708206 3.591346 -0.126240
v 0.695858 3.506596 -0.100004
v 0.662646 3.464671 -0.046604
v 0.619821 3.772754 -0.011169
v 0.689986 3.752251 0.004338
v 0.741529 3.680741 0.007154
v 0.754762 3.585539 -0.003795
v 0.724632 3.503006 -0.024329
v 0.627446 3.736340 0.053907
v 0.640337 3.654996 0.087359
v 0.653571 3.559793 0.076409
v 0.662091 3.487095 0.025240
v 0.557262 3.441241 -0.035745
v 0.507070 3.510078 -0.012412
v 0.540836 3.529578 -0.137656
v 0.578131 3.453292 -0.113150
v 0.484404 3.673133 0.006342
v 0.513184 3.758337 0.000726
v 0.534053 3.770389 -0.076679
v 0.518171 3.692633 -0.118902
v 0.653073 3.400087 -0.058955
v 0.585094 3.416266 -0.032152
v 0.605962 3.428318 -0.109557
v 0.495616 3.543095 -0.010436
v 0.482382 3.638298 0.000513
v 0.516149 3.657799 -0.124731
v 0.529383 3.562595 -0.135681
v 0.533176 3.789764 0.010806
v 0.592977 3.832423 -0.009230
v 0.554044 3.801816 -0.066599
v 0.571279 3.806201 -0.080259
v 0.610211 3.836808 -0.022889
v 0.651602 3.819895 -0.083058
v 0.617997 3.463435 -0.144748
v 0.580702 3.539722 -0.169254
v 0.710667 3.561879 -0.173783
v 0.698321 3.477129 -0.147547
v 0.558037 3.702776 -0.150501
v 0.573920 3.780531 -0.108278
v 0.654243 3.794225 -0.111076
v 0.688002 3.724934 -0.155029
v 0.670308 3.404472 -0.072615
v 0.623197 3.432703 -0.123217
v 0.703520 3.446397 -0.126016
v 0.575626 3.574361 -0.172333
v 0.562393 3.669564 -0.161383
v 0.692358 3.691720 -0.165911
v 0.705591 3.596518 -0.176861
v 0.670183 3.821616 -0.070646
v 0.628792 3.838530 -0.010478
v 0.698956 3.818026 0.005030
v 0.741301 3.481110 -0.118835
v 0.753649 3.565859 -0.145071
v 0.800205 3.560052 -0.022626
v 0.770075 3.477522 -0.043160
v 0.730983 3.728915 -0.126318
v 0.697224 3.798206 -0.082364
v 0.725997 3.794617 -0.006689
v 0.777540 3.723108 -0.003872
v 0.688888 3.406193 -0.060203
v 0.722101 3.448117 -0.113603
v 0.750874 3.444529 -0.037928
v 0.755448 3.601135 -0.143557
v 0.742214 3.696339 -0.132608
v 0.788770 3.690531 -0.010162
v 0.802004 3.595329 -0.021112
v 0.693206 3.814706 0.026361
v 0.623041 3.835208 0.010853
v 0.630666 3.798794 0.075929
v 0.756773 3.469838 0.006183
v 0.786902 3.552370 0.026717
v 0.685711 3.526624 0.106921
v 0.694232 3.453928 0.055752
v 0.764238 3.715424 0.045471
v 0.712694 3.786935 0.042654
v 0.650155 3.771023 0.092223
v 0.663045 3.689679 0.125674
v 0.683137 3.402871 -0.038872
v 0.745123 3.441207 -0.016597
v 0.682584 3.425296 0.032972
v 0.786573 3.586417 0.036123
v 0.773340 3.681619 0.047073
v 0.672148 3.655874 0.127277
v 0.685382 3.560671 0.116327
v 0.608531 3.795021 0.076701
v 0.600906 3.831434 0.011625
v 0.541105 3.788775 0.031660
v 0.643030 3.445197 0.057536
v 0.634508 3.517895 0.108705
v 0.525412 3.507791 0.035828
v 0.575604 3.438952 0.012495
v 0.611843 3.680950 0.127458
v 0.598951 3.762294 0.094006
v 0.531527 3.756048 0.048966
v 0.502746 3.670846 0.054581
v 0.661003 3.399098 -0.038101
v 0.660448 3.421522 0.033743
v 0.593023 3.415277 -0.011298
v 0.625989 3.550545 0.118397
v 0.612756 3.645748 0.129347
v 0.503658 3.635644 0.056470
v 0.516892 3.540442 0.045520
vt 0.897394 0.286264
vt 0.897377 0.246865
vt 0.899601 0.246851
vt 0.899601 0.286597
vt 0.313936 0.052726
vt 0.313609 0.003883
vt 0.348642 0.006613
vt 0.348642 0.055072
vt 0.564898 0.191875
vt 0.575509 0.191423
vt 0.575509 0.248334
vt 0.549761 0.247953
vt 0.881639 0.004436
vt 0.881639 0.051811
vt 0.879433 0.051830
vt 0.879470 0.003883
vt 0.886763 0.679310
vt 0.888952 0.678883
vt 0.888952 0.725448
vt 0.886760 0.725400
vt 0.104416 0.071117
vt 0.104416 0.122919
vt 0.067618 0.118970
vt 0.067440 0.066691
vt 0.135056 0.903921
vt 0.137269 0.903541
vt 0.137269 0.937079
vt 0.135050 0.936988
vt 0.890821 0.623357
vt 0.893005 0.623088
vt 0.893005 0.664065
vt 0.890798 0.663978
vt 0.878021 0.126417
vt 0.880207 0.126181
vt 0.880207 0.175046
vt 0.877989 0.174963
vt 0.928264 0.398810
vt 0.928232 0.364956
vt 0.930452 0.364923
vt 0.930452 0.399314
vt 0.622926 0.819216
vt 0.620744 0.819663
vt 0.620740 0.763293
vt 0.622926 0.763319
vt 0.298000 0.118761
vt 0.287619 0.066691
vt 0.322214 0.067057
vt 0.322214 0.117227
vt 0.573251 0.756662
vt 0.540407 0.755740
vt 0.541611 0.744528
vt 0.573251 0.734168
vt 0.949547 0.246851
vt 0.949547 0.277584
vt 0.947387 0.277382
vt 0.947394 0.246987
vt 0.883024 0.568149
vt 0.883024 0.615306
vt 0.880838 0.615322
vt 0.880874 0.567594
vt 0.950733 0.595973
vt 0.950741 0.567834
vt 0.952962 0.567594
vt 0.952962 0.596219
vt 0.366779 0.003883
vt 0.390257 0.005739
vt 0.390257 0.055081
vt 0.356408 0.055456
vt 0.816060 0.925857
vt 0.816060 0.954552
vt 0.813875 0.954328
vt 0.813883 0.925988
vt 0.962582 0.623088
vt 0.962582 0.650348
vt 0.960424 0.650155
vt 0.960431 0.623220
vt 0.958156 0.757993
vt 0.960355 0.757795
vt 0.960355 0.785161
vt 0.958169 0.785049
vt 0.880304 0.060390
vt 0.882502 0.059981
vt 0.882502 0.107821
vt 0.880299 0.107745
vt 0.868400 0.365372
vt 0.870580 0.364923
vt 0.870580 0.415857
vt 0.868394 0.415841
vt 0.909596 0.283760
vt 0.907460 0.284175
vt 0.907367 0.246851
vt 0.909596 0.246854
vt 0.057764 0.157052
vt 0.057764 0.192939
vt 0.004733 0.187788
vt 0.003883 0.163287
vt 0.003883 0.435748
vt 0.054445 0.429609
vt 0.054445 0.462469
vt 0.004630 0.458267
vt 0.866857 0.480434
vt 0.866851 0.428931
vt 0.869069 0.428936
vt 0.869069 0.480820
vt 0.928284 0.853022
vt 0.928267 0.818986
vt 0.930490 0.818968
vt 0.930490 0.853344
vt 0.582750 0.582191
vt 0.547080 0.584134
vt 0.548838 0.543750
vt 0.582750 0.542172
vt 0.067710 0.196908
vt 0.102536 0.194895
vt 0.102536 0.246659
vt 0.067440 0.248397
vt 0.742272 0.091636
vt 0.742161 0.059981
vt 0.763617 0.061263
vt 0.763617 0.092719
vt 0.848166 0.179950
vt 0.848173 0.126181
vt 0.850394 0.126186
vt 0.850394 0.180219
vt 0.511506 0.358110
vt 0.511405 0.311402
vt 0.543659 0.312851
vt 0.543659 0.359639
vt 0.861328 0.550880
vt 0.861336 0.499116
vt 0.863570 0.499084
vt 0.863570 0.551119
vt 0.943905 0.901330
vt 0.943913 0.870133
vt 0.946142 0.870023
vt 0.946142 0.901479
vt 0.933978 0.188127
vt 0.936179 0.187842
vt 0.936179 0.221665
vt 0.933953 0.221587
vt 0.755118 0.778154
vt 0.752623 0.758347
vt 0.782983 0.757795
vt 0.782983 0.779088
vt 0.748557 0.914829
vt 0.748569 0.878421
vt 0.750666 0.878417
vt 0.750666 0.915196
vt 0.868387 0.869527
vt 0.868382 0.818968
vt 0.870595 0.818982
vt 0.870595 0.869911
vt 0.987659 0.160379
vt 0.989770 0.159792
vt 0.989770 0.180020
vt 0.987634 0.179638
vt 0.978159 0.365547
vt 0.980299 0.364923
vt 0.980299 0.388878
vt 0.978090 0.388939
vt 0.930781 0.600898
vt 0.930628 0.567594
vt 0.932873 0.567638
vt 0.932873 0.601686
vt 0.764551 0.860178
vt 0.766609 0.859289
vt 0.766609 0.899357
vt 0.764383 0.899417
vt 0.400758 0.465911
vt 0.409059 0.429521
vt 0.434063 0.429111
vt 0.434063 0.478869
vt 0.534922 0.040803
vt 0.542507 0.004876
vt 0.565565 0.003883
vt 0.565565 0.053875
vt 0.484944 0.129444
vt 0.484944 0.179279
vt 0.468780 0.178715
vt 0.451811 0.130847
vt 0.147021 0.516404
vt 0.125306 0.515699
vt 0.136424 0.485044
vt 0.147021 0.484359
vt 0.068686 0.401602
vt 0.067440 0.384736
vt 0.117888 0.384529
vt 0.117888 0.418577
vt 0.927477 0.280985
vt 0.927341 0.246851
vt 0.929542 0.246919
vt 0.929542 0.281793
vt 0.715922 0.004151
vt 0.734167 0.003883
vt 0.734167 0.031608
vt 0.704875 0.030558
vt 0.899519 0.004800
vt 0.901567 0.003883
vt 0.901567 0.042690
vt 0.899344 0.042762
vt 0.799157 0.132319
vt 0.799157 0.156404
vt 0.776792 0.147140
vt 0.776031 0.132575
vt 0.505975 0.657458
vt 0.505177 0.628159
vt 0.532416 0.628522
vt 0.532416 0.666472
vt 0.924082 0.904080
vt 0.923894 0.870023
vt 0.926154 0.870132
vt 0.926154 0.904929
vt 0.530544 0.066691
vt 0.530544 0.114516
vt 0.514251 0.113499
vt 0.497473 0.067719
vt 0.781211 0.574768
vt 0.766689 0.573755
vt 0.761849 0.551337
vt 0.781211 0.544081
vt 0.361016 0.129444
vt 0.361016 0.181918
vt 0.344174 0.181137
vt 0.327001 0.130524
vt 0.809258 0.190133
vt 0.809258 0.217008
vt 0.792448 0.191906
vt 0.700380 0.830418
vt 0.700380 0.857164
vt 0.691095 0.833701
vt 0.640226 0.854606
vt 0.630947 0.850934
vt 0.640226 0.827469
vt 0.807725 0.670305
vt 0.792939 0.647863
vt 0.807725 0.639842
vt 0.799684 0.718960
vt 0.799684 0.746799
vt 0.781761 0.719334
vt 0.834697 0.003883
vt 0.834697 0.034616
vt 0.824849 0.007859
vt 0.825646 0.523176
vt 0.836480 0.522569
vt 0.836480 0.551082
vt 0.205647 0.756498
vt 0.189872 0.733559
vt 0.205647 0.724390
vt 0.695189 0.822652
vt 0.669344 0.820150
vt 0.695189 0.805622
vt 0.149115 0.853231
vt 0.158982 0.826840
vt 0.158982 0.853498
vt 0.853562 0.551119
vt 0.844246 0.547547
vt 0.853562 0.522569
vt 0.815447 0.591900
vt 0.815447 0.617865
vt 0.798576 0.616696
vt 0.816983 0.774965
vt 0.790749 0.772050
vt 0.816983 0.757795
vt 0.288949 0.840206
vt 0.288949 0.865409
vt 0.279521 0.843998
vt 0.566222 0.864193
vt 0.556892 0.859843
vt 0.566222 0.838389
vt 0.811727 0.247310
vt 0.811727 0.273706
vt 0.794987 0.272522
vt 0.271238 0.718268
vt 0.255544 0.689329
vt 0.271238 0.682635
vt 0.668139 0.478573
vt 0.641177 0.468751
vt 0.668139 0.468108
vt 0.849158 0.456843
vt 0.838896 0.453872
vt 0.849158 0.428931
vt 0.539313 0.546268
vt 0.513496 0.535082
vt 0.539313 0.486635
vt 0.819493 0.267416
vt 0.832345 0.247310
vt 0.832345 0.275351
vt 0.639238 0.862372
vt 0.639238 0.887688
vt 0.630947 0.865822
vt 0.764547 0.042915
vt 0.764547 0.052115
vt 0.741206 0.050692
vt 0.815269 0.166161
vt 0.839048 0.164170
vt 0.839048 0.179581
vt 0.125620 0.786864
vt 0.140666 0.764771
vt 0.140666 0.795634
vt 0.849110 0.678883
vt 0.849110 0.708282
vt 0.839637 0.682548
vt 0.848275 0.217385
vt 0.838476 0.214065
vt 0.848275 0.188454
vt 0.141040 0.757005
vt 0.125620 0.735171
vt 0.141040 0.726582
vt 0.832754 0.786854
vt 0.832754 0.811534
vt 0.816496 0.788332
vt 0.715279 0.235880
vt 0.689602 0.226725
vt 0.715279 0.226402
vt 0.107170 0.835350
vt 0.116770 0.835283
vt 0.116770 0.860962
vt 0.141349 0.804993
vt 0.141349 0.829673
vt 0.125062 0.828350
vt 0.800850 0.385888
vt 0.815541 0.364923
vt 0.815541 0.393607
vt 0.784491 0.628411
vt 0.759145 0.620125
vt 0.784491 0.618797
vt 0.783332 0.859512
vt 0.774375 0.855893
vt 0.783332 0.832146
vt 0.540407 0.815875
vt 0.565958 0.814309
vt 0.565958 0.830623
vt 0.807450 0.740504
vt 0.821464 0.718960
vt 0.821464 0.748069
vt 0.363285 0.848032
vt 0.363285 0.873383
vt 0.354581 0.851381
vt 0.753059 0.861143
vt 0.753059 0.870651
vt 0.729405 0.870092
vt 0.279521 0.818963
vt 0.305091 0.816381
vt 0.305091 0.832439
vt 0.732875 0.057034
vt 0.704875 0.053950
vt 0.732875 0.039374
vt 0.850652 0.364923
vt 0.850652 0.392842
vt 0.840934 0.368265
vt 0.849755 0.275351
vt 0.840111 0.271457
vt 0.849755 0.246851
vt 0.804594 0.486635
vt 0.804594 0.514803
vt 0.787141 0.513406
vt 0.128313 0.709165
vt 0.140415 0.692390
vt 0.140415 0.714308
vt 0.053061 0.863124
vt 0.053061 0.888078
vt 0.044841 0.865567
vt 0.330502 0.794184
vt 0.319066 0.786901
vt 0.330502 0.765841
vt 0.205016 0.716624
vt 0.189872 0.702535
vt 0.205016 0.683211
vt 0.263095 0.469600
vt 0.278509 0.440510
vt 0.278509 0.476494
vt 0.085416 0.902462
vt 0.095131 0.889189
vt 0.095131 0.907475
vt 0.613561 0.653071
vt 0.597698 0.647131
vt 0.613561 0.646763
vt 0.963856 0.794399
vt 0.970253 0.794331
vt 0.970253 0.810198
vt 0.896133 0.920339
vt 0.887792 0.906162
vt 0.896133 0.901147
vt 0.969195 0.162310
vt 0.969195 0.179213
vt 0.963374 0.164649
vt 0.603476 0.964346
vt 0.597511 0.962031
vt 0.603476 0.947525
vt 0.266803 0.873679
vt 0.266803 0.891127
vt 0.255544 0.874322
vt 0.894239 0.220323
vt 0.894239 0.238578
vt 0.888125 0.222718
vt 0.271916 0.415980
vt 0.278629 0.415746
vt 0.278629 0.432744
vt 0.461265 0.891240
vt 0.451167 0.877011
vt 0.461265 0.871680
vt 0.505730 0.486635
vt 0.505730 0.515476
vt 0.451167 0.492689
vt 0.820737 0.332567
vt 0.804583 0.330680
vt 0.820737 0.306235
vt 0.848573 0.042735
vt 0.848573 0.052214
vt 0.823544 0.051116
vt 0.846232 0.420116
vt 0.821179 0.410572
vt 0.846232 0.410510
vt 0.823022 0.156404
vt 0.806923 0.131615
vt 0.823022 0.130072
vt 0.365832 0.800517
vt 0.365832 0.817915
vt 0.338398 0.801288
vt 0.206490 0.397874
vt 0.196927 0.394156
vt 0.206490 0.367479
vt 0.839245 0.718960
vt 0.839245 0.748581
vt 0.829230 0.722070
vt 0.788978 0.559504
vt 0.816325 0.544081
vt 0.816325 0.561799
vt 0.206151 0.828097
vt 0.189872 0.826335
vt 0.206151 0.802681
vt 0.647992 0.827785
vt 0.657499 0.827469
vt 0.657499 0.853958
vt 0.175768 0.826840
vt 0.175768 0.855080
vt 0.166748 0.830175
vt 0.395696 0.830222
vt 0.421032 0.815990
vt 0.421032 0.832239
vt 0.111073 0.810996
vt 0.111073 0.827517
vt 0.085416 0.814134
vt 0.801003 0.868810
vt 0.791862 0.865296
vt 0.801003 0.843975
vt 0.328095 0.841126
vt 0.328095 0.866594
vt 0.319066 0.845226
vt 0.828437 0.512483
vt 0.812360 0.487941
vt 0.828437 0.486635
vt 0.214398 0.793790
vt 0.246616 0.780717
vt 0.246616 0.797114
vt 0.729405 0.826896
vt 0.739500 0.826589
vt 0.739500 0.853377
vt 0.696483 0.058652
vt 0.669869 0.051390
vt 0.696483 0.048339
vt 0.268555 0.573321
vt 0.214398 0.550563
vt 0.268555 0.545846
vt 0.361868 0.825681
vt 0.361868 0.840266
vt 0.338398 0.826247
vt 0.304721 0.893133
vt 0.296715 0.889950
vt 0.304721 0.868168
vt 0.069248 0.863124
vt 0.069248 0.887407
vt 0.060827 0.865782
vt 0.270371 0.831091
vt 0.255544 0.808993
vt 0.270371 0.807614
vt 0.817083 0.030059
vt 0.800376 0.028701
vt 0.817083 0.003883
vt 0.392896 0.441710
vt 0.383708 0.438297
vt 0.392896 0.412639
vt 0.842620 0.086807
vt 0.852598 0.059981
vt 0.852598 0.087234
vt 0.808730 0.813029
vt 0.791862 0.788836
vt 0.808730 0.786854
vt 0.027879 0.822113
vt 0.027879 0.837781
vt 0.003883 0.824586
vt 0.404336 0.866940
vt 0.395696 0.864010
vt 0.404336 0.840005
vt 0.549126 0.838389
vt 0.549126 0.865438
vt 0.540407 0.841462
vt 0.831871 0.678883
vt 0.831871 0.706418
vt 0.818199 0.698758
vt 0.373598 0.807670
vt 0.387841 0.800517
vt 0.387841 0.828258
vt 0.749212 0.469554
vt 0.749212 0.478810
vt 0.724043 0.477320
vt 0.264209 0.838857
vt 0.264209 0.865913
vt 0.255544 0.842236
vt 0.830710 0.188454
vt 0.830710 0.217008
vt 0.817024 0.209416
vt 0.524653 0.821774
vt 0.524653 0.837063
vt 0.499601 0.824116
vt 0.871905 0.741073
vt 0.871905 0.750029
vt 0.848426 0.749646
vt 0.712408 0.886312
vt 0.721538 0.863077
vt 0.721538 0.886560
vt 0.791862 0.833416
vt 0.816867 0.820795
vt 0.816867 0.836209
vt 0.189872 0.771867
vt 0.205096 0.764264
vt 0.205096 0.794915
vt 0.715041 0.626878
vt 0.715041 0.636786
vt 0.688825 0.635418
vt 0.240605 0.826727
vt 0.240605 0.854904
vt 0.231261 0.830371
vt 0.785901 0.417646
vt 0.813413 0.403256
vt 0.813413 0.420116
vt 0.309072 0.860402
vt 0.296715 0.857377
vt 0.309072 0.840206
vt 0.115269 0.893470
vt 0.107170 0.891150
vt 0.115269 0.868728
vt 0.834854 0.059981
vt 0.834854 0.088102
vt 0.823544 0.067116
vt 0.270413 0.726034
vt 0.270413 0.758590
vt 0.255544 0.739702
vt 0.181408 0.781001
vt 0.181408 0.797227
vt 0.149115 0.783484
vt 0.107170 0.905876
vt 0.116575 0.901236
vt 0.116575 0.918799
vt 0.695492 0.175957
vt 0.695492 0.181951
vt 0.679777 0.181496
vt 0.972792 0.470558
vt 0.972792 0.487292
vt 0.967075 0.472647
vt 0.920545 0.559126
vt 0.911259 0.543182
vt 0.920545 0.543143
vt 0.279521 0.965671
vt 0.285429 0.965627
vt 0.285429 0.981138
vt 0.231261 0.979881
vt 0.237289 0.964521
vt 0.237289 0.980032
vt 0.730852 0.406748
vt 0.730852 0.417367
vt 0.714028 0.407994
vt 0.962452 0.421165
vt 0.956620 0.419029
vt 0.962452 0.403239
vt 0.589000 0.123037
vt 0.572182 0.117354
vt 0.589000 0.116679
vt 0.801003 0.876576
vt 0.801003 0.895185
vt 0.791366 0.890422
vt 0.538310 0.114375
vt 0.564416 0.066691
vt 0.564416 0.124952
vt 0.395696 0.779500
vt 0.396373 0.765554
vt 0.426598 0.764186
vt 0.426598 0.783993
vt 0.476813 0.429890
vt 0.476813 0.477313
vt 0.441829 0.468446
vt 0.442757 0.432050
vt 0.380165 0.522245
vt 0.380165 0.563068
vt 0.345714 0.561467
vt 0.343938 0.520685
vt 0.214398 0.524777
vt 0.222458 0.490060
vt 0.246552 0.489099
vt 0.246552 0.538080
vt 0.185867 0.055538
vt 0.185733 0.003883
vt 0.220667 0.006748
vt 0.220667 0.058632
vt 0.468033 0.255130
vt 0.500072 0.251693
vt 0.500072 0.299761
vt 0.467879 0.302670
vt 0.149115 0.767855
vt 0.149877 0.753625
vt 0.180530 0.752181
vt 0.180530 0.773235
vt 0.401224 0.418170
vt 0.401112 0.369909
vt 0.434063 0.372902
vt 0.434063 0.421345
vt 0.004958 0.570583
vt 0.049563 0.566534
vt 0.049563 0.597855
vt 0.003883 0.591722
vt 0.983905 0.060554
vt 0.986020 0.059981
vt 0.986020 0.082527
vt 0.983845 0.082563
vt 0.860628 0.417594
vt 0.858424 0.418018
vt 0.858418 0.364923
vt 0.860628 0.364987
vt 0.979207 0.004456
vt 0.981320 0.003883
vt 0.981320 0.027142
vt 0.979145 0.027173
vt 0.640986 0.045903
vt 0.652078 0.004187
vt 0.662103 0.003883
vt 0.662103 0.055968
vt 0.904164 0.188751
vt 0.906208 0.187842
vt 0.906208 0.225907
vt 0.903980 0.225958
vt 0.120547 0.718816
vt 0.085416 0.718066
vt 0.093100 0.693614
vt 0.120547 0.692390
vt 0.956759 0.719196
vt 0.958953 0.719479
vt 0.958953 0.746817
vt 0.956761 0.747237
vt 0.278505 0.543897
vt 0.278505 0.573296
vt 0.276345 0.573099
vt 0.276352 0.544028
vt 0.927999 0.160240
vt 0.927890 0.126181
vt 0.930041 0.126243
vt 0.930041 0.161145
vt 0.418420 0.874060
vt 0.420600 0.873799
vt 0.420600 0.910518
vt 0.418397 0.910432
vt 0.564990 0.437444
vt 0.597588 0.428931
vt 0.597588 0.473987
vt 0.565604 0.471815
vt 0.887431 0.306283
vt 0.889625 0.305764
vt 0.889625 0.350153
vt 0.887406 0.350132
vt 0.549761 0.294426
vt 0.550347 0.259167
vt 0.582163 0.256100
vt 0.582163 0.302081
vt 0.950492 0.623264
vt 0.952658 0.623088
vt 0.952658 0.652019
vt 0.950505 0.651886
vt 0.156562 0.079439
vt 0.192754 0.066691
vt 0.192754 0.118474
vt 0.156342 0.119617
vt 0.067713 0.132694
vt 0.103097 0.130685
vt 0.103097 0.184455
vt 0.067440 0.187129
vt 0.959469 0.246851
vt 0.959469 0.275026
vt 0.957313 0.274838
vt 0.957320 0.246992
vt 0.586494 0.488729
vt 0.616197 0.486635
vt 0.616197 0.531379
vt 0.586297 0.533193
vt 0.968146 0.389687
vt 0.968141 0.364945
vt 0.970324 0.364923
vt 0.970324 0.389877
vt 0.860400 0.112173
vt 0.860364 0.060011
vt 0.862568 0.059981
vt 0.862568 0.112698
vt 0.878346 0.413073
vt 0.878360 0.365002
vt 0.880591 0.364923
vt 0.880591 0.413383
vt 0.956722 0.679173
vt 0.958946 0.678883
vt 0.958946 0.706818
vt 0.956710 0.706884
vt 0.876802 0.679206
vt 0.878994 0.678883
vt 0.878994 0.728668
vt 0.876842 0.728668
vt 0.441191 0.612710
vt 0.441176 0.571844
vt 0.443401 0.571796
vt 0.443401 0.612994
vt 0.858193 0.187331
vt 0.860405 0.187022
vt 0.860405 0.239070
vt 0.858160 0.239053
vt 0.398375 0.056079
vt 0.398023 0.053856
vt 0.421310 0.053837
vt 0.421310 0.056086
vt 0.960164 0.060270
vt 0.962364 0.059981
vt 0.962364 0.087024
vt 0.960136 0.087005
vt 0.940727 0.567826
vt 0.942967 0.567594
vt 0.942967 0.599157
vt 0.940639 0.599053
vt 0.977351 0.647051
vt 0.979566 0.646781
vt 0.979566 0.669901
vt 0.977337 0.669942
vt 0.859499 0.051863
vt 0.859494 0.003942
vt 0.861714 0.003883
vt 0.861714 0.052180
vt 0.910504 0.819045
vt 0.910504 0.855963
vt 0.908329 0.855848
vt 0.908310 0.818968
vt 0.136115 0.655715
vt 0.085416 0.652958
vt 0.085874 0.643846
vt 0.136115 0.633184
vt 0.285655 0.132979
vt 0.319235 0.129444
vt 0.319235 0.180004
vt 0.285501 0.183004
vt 0.609407 0.132718
vt 0.609407 0.177182
vt 0.577598 0.168961
vt 0.578164 0.134930
vt 0.878361 0.819382
vt 0.880576 0.818968
vt 0.880576 0.867346
vt 0.878377 0.867117
vt 0.005858 0.116211
vt 0.059204 0.112235
vt 0.059204 0.149286
vt 0.003883 0.141277
vt 0.489208 0.949299
vt 0.489192 0.919959
vt 0.491373 0.919582
vt 0.491373 0.949845
vt 0.428827 0.937049
vt 0.428798 0.904494
vt 0.430974 0.904215
vt 0.430974 0.937628
vt 0.986672 0.679496
vt 0.988795 0.678883
vt 0.988795 0.700699
vt 0.986606 0.700757
vt 0.917574 0.340745
vt 0.917429 0.305764
vt 0.919658 0.305813
vt 0.919658 0.341550
vt 0.582199 0.359838
vt 0.559189 0.359184
vt 0.551425 0.324237
vt 0.582199 0.311402
vt 0.034577 0.742572
vt 0.034577 0.765636
vt 0.009850 0.764320
vt 0.003883 0.742696
vt 0.541995 0.191423
vt 0.541995 0.239953
vt 0.526088 0.239191
vt 0.509785 0.193643
vt 0.568987 0.969709
vt 0.571132 0.969110
vt 0.571132 0.989589
vt 0.568926 0.989672
vt 0.779529 0.965747
vt 0.781666 0.965113
vt 0.781666 0.987201
vt 0.779460 0.987271
vt 0.715952 0.288571
vt 0.715297 0.278860
vt 0.746713 0.278434
vt 0.746713 0.298093
vt 0.247660 0.973588
vt 0.247660 0.990527
vt 0.245359 0.990282
vt 0.245294 0.973619
vt 0.228611 0.007238
vt 0.262611 0.003883
vt 0.262611 0.055386
vt 0.228433 0.058170
vt 0.620834 0.827751
vt 0.622950 0.827429
vt 0.622950 0.877544
vt 0.620740 0.877408
vt 0.890503 0.801368
vt 0.888330 0.801477
vt 0.888333 0.757796
vt 0.890503 0.757795
vt 0.156282 0.183350
vt 0.156058 0.131249
vt 0.191927 0.133044
vt 0.191927 0.185080
vt 0.888003 0.126411
vt 0.890215 0.126181
vt 0.890215 0.169902
vt 0.887973 0.169804
vt 0.917925 0.126522
vt 0.920124 0.126181
vt 0.920124 0.161821
vt 0.917862 0.161750
vt 0.131499 0.684624
vt 0.085416 0.684006
vt 0.085873 0.675403
vt 0.131499 0.663481
vt 0.853130 0.620335
vt 0.850940 0.620768
vt 0.850775 0.567763
vt 0.853130 0.567594
vt 0.748624 0.960458
vt 0.750755 0.959837
vt 0.750755 0.982895
vt 0.748557 0.982951
vt 0.677624 0.652995
vt 0.677624 0.674706
vt 0.631460 0.662590
vt 0.630947 0.653624
vt 0.651236 0.357009
vt 0.627244 0.349329
vt 0.637891 0.311433
vt 0.651236 0.310563
vt 0.936731 0.429332
vt 0.938931 0.428931
vt 0.938931 0.461727
vt 0.936726 0.461410
vt 0.005181 0.262460
vt 0.003883 0.244857
vt 0.055409 0.243637
vt 0.055409 0.279613
vt 0.949241 0.032810
vt 0.949224 0.004256
vt 0.951381 0.003883
vt 0.951381 0.033385
vt 0.044861 0.671336
vt 0.047008 0.670789
vt 0.047008 0.700999
vt 0.044841 0.700636
vt 0.205375 0.359713
vt 0.154870 0.356613
vt 0.156542 0.339792
vt 0.205375 0.324573
vt 0.986601 0.450097
vt 0.986499 0.428931
vt 0.988692 0.428951
vt 0.988692 0.450813
vt 0.651610 0.645229
vt 0.641638 0.644931
vt 0.630947 0.602579
vt 0.651610 0.591900
vt 0.886843 0.429041
vt 0.889019 0.428931
vt 0.889019 0.474889
vt 0.886847 0.474888
vt 0.107586 0.526076
vt 0.138931 0.524265
vt 0.138931 0.570676
vt 0.107427 0.572056
vt 0.943967 0.218698
vt 0.943945 0.187895
vt 0.946189 0.187842
vt 0.946189 0.219074
vt 0.792610 0.032372
vt 0.772313 0.031676
vt 0.772415 0.008548
vt 0.792610 0.003883
vt 0.870916 0.617686
vt 0.870880 0.567617
vt 0.873072 0.567594
vt 0.873072 0.618236
vt 0.899666 0.305764
vt 0.899666 0.345196
vt 0.897403 0.344935
vt 0.897391 0.305851
vt 0.858194 0.126481
vt 0.860406 0.126181
vt 0.860406 0.179256
vt 0.858160 0.179228
vt 0.451552 0.641090
vt 0.497411 0.628159
vt 0.497411 0.653838
vt 0.451167 0.649506
vt 0.724152 0.709500
vt 0.713260 0.683554
vt 0.741869 0.682472
vt 0.741869 0.709633
vt 0.272580 0.366868
vt 0.292467 0.356245
vt 0.292467 0.407583
vt 0.282867 0.407447
vt 0.977326 0.270696
vt 0.977226 0.246858
vt 0.979416 0.246851
vt 0.979416 0.271366
vt 0.651195 0.257627
vt 0.673339 0.247310
vt 0.673339 0.294073
vt 0.663058 0.293536
vt 0.793084 0.395178
vt 0.778401 0.393896
vt 0.774127 0.371708
vt 0.793084 0.364923
vt 0.947443 0.335665
vt 0.947427 0.306171
vt 0.949614 0.305764
vt 0.949614 0.336188
vt 0.966814 0.704027
vt 0.966712 0.678883
vt 0.968898 0.678883
vt 0.968898 0.704714
vt 0.910096 0.127181
vt 0.910096 0.163786
vt 0.907974 0.163596
vt 0.908073 0.126181
vt 0.948944 0.709847
vt 0.946778 0.710272
vt 0.946780 0.678883
vt 0.948944 0.679118
vt 0.622324 0.290167
vt 0.633444 0.247310
vt 0.643429 0.247516
vt 0.643429 0.301715
vt 0.891578 0.045639
vt 0.889405 0.045747
vt 0.889408 0.003886
vt 0.891578 0.003883
vt 0.235843 0.183723
vt 0.199693 0.181528
vt 0.218832 0.131724
vt 0.235843 0.131249
vt 0.132609 0.003883
vt 0.132609 0.057122
vt 0.114962 0.056461
vt 0.095660 0.005982
vt 0.919034 0.679877
vt 0.919034 0.714495
vt 0.916687 0.714231
vt 0.916883 0.678883
vt 0.125230 0.904446
vt 0.127284 0.903541
vt 0.127284 0.937233
vt 0.125062 0.937299
vt 0.918458 0.819882
vt 0.920500 0.818968
vt 0.920500 0.854654
vt 0.918270 0.854705
vt 0.967235 0.246943
vt 0.969460 0.246851
vt 0.969460 0.272454
vt 0.967237 0.272435
vt 0.502019 0.240766
vt 0.477396 0.240246
vt 0.469021 0.207268
vt 0.502019 0.191423
vt 0.614183 0.111024
vt 0.625864 0.066691
vt 0.636345 0.067074
vt 0.636345 0.123403
vt 0.941234 0.530500
vt 0.941218 0.499453
vt 0.943374 0.499084
vt 0.943374 0.531042
vt 0.870880 0.626426
vt 0.873070 0.626002
vt 0.873070 0.670437
vt 0.870886 0.670164
vt 0.976714 0.719927
vt 0.978856 0.719196
vt 0.978856 0.743625
vt 0.976664 0.743721
vt 0.890268 0.060113
vt 0.892488 0.059981
vt 0.892488 0.101553
vt 0.890280 0.101573
vt 0.842114 0.100485
vt 0.842114 0.117003
vt 0.825261 0.115961
vt 0.820621 0.100625
vt 0.385233 0.605322
vt 0.343938 0.602874
vt 0.345034 0.589770
vt 0.385233 0.570834
vt 0.527156 0.051819
vt 0.494047 0.049465
vt 0.511221 0.004217
vt 0.527156 0.003883
vt 0.960375 0.392262
vt 0.958151 0.392368
vt 0.958153 0.364923
vt 0.960375 0.364923
vt 0.949074 0.913204
vt 0.951241 0.912695
vt 0.951241 0.942342
vt 0.949052 0.941918
vt 0.888450 0.365508
vt 0.890602 0.364923
vt 0.890602 0.406897
vt 0.888357 0.406876
vt 0.802835 0.066359
vt 0.815778 0.059981
vt 0.815778 0.091625
vt 0.809380 0.091555
vt 0.951155 0.527470
vt 0.951140 0.499459
vt 0.953292 0.499084
vt 0.953292 0.527989
vt 0.887434 0.246966
vt 0.889611 0.246851
vt 0.889611 0.291235
vt 0.887438 0.291241
vt 0.748718 0.307585
vt 0.769257 0.306235
vt 0.769257 0.337432
vt 0.748562 0.338653
vt 0.777154 0.329830
vt 0.777024 0.306970
vt 0.796817 0.306235
vt 0.796817 0.334115
vt 0.343938 0.504048
vt 0.346449 0.473347
vt 0.384344 0.472901
vt 0.384344 0.512919
vt 0.879077 0.478063
vt 0.876869 0.478376
vt 0.876835 0.428931
vt 0.879077 0.428948
vt 0.848383 0.869786
vt 0.848314 0.819802
vt 0.850616 0.819877
vt 0.850616 0.870205
vt 0.938222 0.365278
vt 0.940429 0.364923
vt 0.940429 0.397258
vt 0.938218 0.397151
vt 0.067440 0.326162
vt 0.068376 0.301784
vt 0.117194 0.299530
vt 0.117194 0.335736
vt 0.513067 0.421343
vt 0.489529 0.420424
vt 0.481640 0.383233
vt 0.513067 0.369909
vt 0.953932 0.870577
vt 0.956063 0.870023
vt 0.956063 0.898707
vt 0.953908 0.898318
vt 0.981746 0.950976
vt 0.983797 0.950108
vt 0.983797 0.972948
vt 0.981580 0.972992
vt 0.486281 0.005006
vt 0.486281 0.045498
vt 0.462276 0.044222
vt 0.446284 0.003883
vt 0.659002 0.346803
vt 0.669256 0.306326
vt 0.678500 0.306235
vt 0.678500 0.357009
vt 0.374306 0.679048
vt 0.374306 0.706089
vt 0.346204 0.704686
vt 0.338398 0.679725
vt 0.966637 0.429516
vt 0.968752 0.428931
vt 0.968752 0.454858
vt 0.966574 0.454901
vt 0.878352 0.805863
vt 0.878347 0.757795
vt 0.880564 0.757808
vt 0.880564 0.806252
vt 0.149794 0.604203
vt 0.149115 0.593949
vt 0.201559 0.588986
vt 0.201559 0.614182
vt 0.869527 0.051559
vt 0.869480 0.003913
vt 0.871667 0.003883
vt 0.871667 0.052113
vt 0.643164 0.565728
vt 0.590516 0.562281
vt 0.590971 0.552779
vt 0.643164 0.542172
vt 0.107427 0.614587
vt 0.114471 0.581504
vt 0.136115 0.579822
vt 0.136115 0.625418
vt 0.005316 0.487153
vt 0.051794 0.470235
vt 0.051794 0.504294
vt 0.003883 0.502738
vt 0.754837 0.452715
vt 0.759741 0.429951
vt 0.774825 0.428931
vt 0.774825 0.460401
vt 0.917414 0.282445
vt 0.917362 0.246851
vt 0.919575 0.246929
vt 0.919575 0.283005
vt 0.990542 0.464342
vt 0.992758 0.464173
vt 0.992758 0.480994
vt 0.990552 0.480842
vt 0.525376 0.178314
vt 0.500946 0.177931
vt 0.492710 0.141956
vt 0.525376 0.129444
vt 0.383557 0.671282
vt 0.338784 0.670014
vt 0.338398 0.659921
vt 0.383557 0.646848
vt 0.907447 0.342696
vt 0.907432 0.305792
vt 0.909663 0.305764
vt 0.909663 0.343044
vt 0.068509 0.488582
vt 0.117540 0.484359
vt 0.117540 0.516499
vt 0.067440 0.510408
vt 0.338821 0.625959
vt 0.338398 0.617395
vt 0.385233 0.613088
vt 0.385233 0.639082
vt 0.583275 0.226443
vt 0.590741 0.192798
vt 0.613427 0.191423
vt 0.613427 0.237846
vt 0.986764 0.739873
vt 0.986622 0.719196
vt 0.988871 0.719219
vt 0.988871 0.740633
vt 0.286529 0.560244
vt 0.332683 0.554070
vt 0.332683 0.586128
vt 0.287265 0.582093
vt 0.003883 0.014950
vt 0.042394 0.003883
vt 0.042394 0.058925
vt 0.004719 0.056140
vt 0.987694 0.145339
vt 0.987634 0.126216
vt 0.989844 0.126181
vt 0.989844 0.145840
vt 0.991841 0.296662
vt 0.991747 0.281499
vt 0.993967 0.281515
vt 0.993967 0.297367
vt 0.269468 0.673968
vt 0.269324 0.652142
vt 0.271568 0.652186
vt 0.271568 0.674753
vt 0.808769 0.888742
vt 0.808777 0.843998
vt 0.811011 0.843975
vt 0.811011 0.888978
vt 0.860896 0.567938
vt 0.863114 0.567594
vt 0.863114 0.620019
vt 0.860913 0.619698
vt 0.258168 0.232640
vt 0.257929 0.192846
vt 0.293516 0.193858
vt 0.293516 0.244917
vt 0.265212 0.605693
vt 0.271878 0.581088
vt 0.277907 0.581087
vt 0.277907 0.612002
vt 0.977489 0.306666
vt 0.979521 0.305764
vt 0.979521 0.330050
vt 0.977296 0.330081
vt 0.672011 0.182957
vt 0.662360 0.182538
vt 0.652004 0.142275
vt 0.672011 0.132319
vt 0.518060 0.478151
vt 0.485228 0.476787
vt 0.484579 0.439983
vt 0.518060 0.429890
vt 0.992747 0.106214
vt 0.992654 0.091964
vt 0.994867 0.091990
vt 0.994867 0.106945
vt 0.930673 0.656432
vt 0.930529 0.623088
vt 0.932756 0.623169
vt 0.932756 0.657259
vt 0.195675 0.675445
vt 0.149115 0.673107
vt 0.149565 0.664163
vt 0.195675 0.653290
vt 0.127847 0.361596
vt 0.137971 0.324573
vt 0.147104 0.324591
vt 0.147104 0.371209
vt 0.682032 0.255347
vt 0.707530 0.247310
vt 0.707530 0.283467
vt 0.681105 0.283499
vt 0.067567 0.429170
vt 0.100552 0.426343
vt 0.100552 0.474264
vt 0.067440 0.476593
vt 0.569832 0.180875
vt 0.546309 0.179921
vt 0.538310 0.145612
vt 0.569832 0.132718
vt 0.920724 0.602727
vt 0.920725 0.567958
vt 0.922862 0.567594
vt 0.922862 0.603228
vt 0.748574 0.923523
vt 0.750714 0.922962
vt 0.750714 0.952071
vt 0.748557 0.951723
vt 0.792049 0.239513
vt 0.761028 0.237927
vt 0.761271 0.231938
vt 0.792049 0.224774
vt 0.953955 0.188036
vt 0.956151 0.187842
vt 0.956151 0.216342
vt 0.953966 0.216212
vt 0.438518 0.045250
vt 0.398023 0.046071
vt 0.414012 0.005378
vt 0.438518 0.003883
vt 0.003883 0.520106
vt 0.037074 0.512060
vt 0.037074 0.558768
vt 0.004517 0.555731
vt 0.075352 0.918406
vt 0.077512 0.917874
vt 0.077512 0.948737
vt 0.075327 0.948324
vt 0.740796 0.334671
vt 0.713071 0.334612
vt 0.714002 0.316709
vt 0.740796 0.306235
vt 0.910886 0.603136
vt 0.910750 0.567594
vt 0.912958 0.567656
vt 0.912958 0.603941
vt 0.525826 0.464874
vt 0.533657 0.429583
vt 0.557224 0.428931
vt 0.557224 0.478151
vt 0.531072 0.798890
vt 0.531072 0.814008
vt 0.499916 0.806256
vt 0.499601 0.799990
vt 0.956643 0.429460
vt 0.958808 0.428931
vt 0.958808 0.457262
vt 0.956620 0.456845
vt 0.003883 0.649737
vt 0.004252 0.639278
vt 0.049370 0.638016
vt 0.049370 0.663023
vt 0.873541 0.549092
vt 0.871343 0.549537
vt 0.871336 0.499084
vt 0.873541 0.499133
vt 0.469790 0.351327
vt 0.470406 0.314427
vt 0.503639 0.311402
vt 0.503639 0.359508
vt 0.937461 0.278469
vt 0.937308 0.246868
vt 0.939621 0.246851
vt 0.939621 0.279016
vt 0.766361 0.396579
vt 0.744672 0.394599
vt 0.744211 0.370496
vt 0.766361 0.364923
vt 0.336300 0.303342
vt 0.300953 0.303636
vt 0.319571 0.254008
vt 0.336300 0.252683
vt 0.859085 0.428931
vt 0.859085 0.482974
vt 0.856924 0.482521
vt 0.857027 0.429165
vt 0.947826 0.156110
vt 0.947810 0.126551
vt 0.949976 0.126181
vt 0.949976 0.156644
vt 0.279521 0.753290
vt 0.280201 0.738142
vt 0.312240 0.735640
vt 0.312240 0.758074
vt 0.154870 0.451818
vt 0.155553 0.429873
vt 0.203832 0.425977
vt 0.203832 0.460102
vt 0.808629 0.341881
vt 0.808629 0.357044
vt 0.777303 0.349743
vt 0.777024 0.343441
vt 0.660070 0.201467
vt 0.681836 0.191423
vt 0.681836 0.236559
vt 0.671153 0.236643
vt 0.868382 0.929698
vt 0.870545 0.929529
vt 0.870545 0.958078
vt 0.868396 0.957938
vt 0.264814 0.390872
vt 0.214398 0.389059
vt 0.216016 0.372106
vt 0.264814 0.356245
vt 0.623181 0.638845
vt 0.597698 0.638997
vt 0.613020 0.591900
vt 0.623181 0.592083
vt 0.591333 0.419122
vt 0.568824 0.418127
vt 0.561305 0.382542
vt 0.591333 0.369909
vt 0.939097 0.913007
vt 0.941286 0.912695
vt 0.941286 0.944345
vt 0.939073 0.944261
vt 0.902984 0.605014
vt 0.900913 0.606164
vt 0.900751 0.567794
vt 0.902984 0.567594
vt 0.300263 0.379198
vt 0.336172 0.369931
vt 0.336172 0.418084
vt 0.301272 0.415964
vt 0.125404 0.475161
vt 0.108318 0.426343
vt 0.141622 0.426485
vt 0.141622 0.476166
vt 0.993330 0.981373
vt 0.995486 0.980758
vt 0.995486 0.995482
vt 0.993261 0.995549
vt 0.578531 0.534406
vt 0.547080 0.532121
vt 0.563252 0.487210
vt 0.578531 0.486635
vt 0.686266 0.316887
vt 0.705305 0.306235
vt 0.705305 0.352916
vt 0.696111 0.353223
vt 0.278505 0.489099
vt 0.278505 0.536131
vt 0.264977 0.535216
vt 0.254318 0.497187
vt 0.990275 0.364923
vt 0.990275 0.383178
vt 0.988065 0.382968
vt 0.988071 0.365042
vt 0.896785 0.429178
vt 0.899013 0.428931
vt 0.899013 0.469111
vt 0.896788 0.468974
vt 0.978821 0.935555
vt 0.978824 0.912695
vt 0.981055 0.912716
vt 0.981055 0.935844
vt 0.880359 0.187842
vt 0.880359 0.236599
vt 0.878155 0.236270
vt 0.878137 0.188173
vt 0.984006 0.397300
vt 0.986156 0.396714
vt 0.986156 0.419061
vt 0.983932 0.419116
vt 0.438740 0.904668
vt 0.440933 0.904215
vt 0.440933 0.937508
vt 0.438754 0.937276
vt 0.840871 0.622797
vt 0.840840 0.567622
vt 0.843009 0.567594
vt 0.843009 0.623310
vt 0.025328 0.958370
vt 0.023144 0.958346
vt 0.023141 0.930224
vt 0.025328 0.930027
vt 0.520833 0.407767
vt 0.521430 0.371324
vt 0.553539 0.369909
vt 0.553539 0.417450
vt 0.053689 0.387454
vt 0.053689 0.421843
vt 0.005634 0.407125
vt 0.003883 0.390697
vt 0.334775 0.244917
vt 0.309656 0.243066
vt 0.301282 0.203317
vt 0.334775 0.191423
vt 0.214398 0.407013
vt 0.264150 0.398638
vt 0.264150 0.432744
vt 0.215229 0.430328
vt 0.960359 0.818968
vt 0.960359 0.846273
vt 0.958174 0.845891
vt 0.958170 0.819281
vt 0.978097 0.781569
vt 0.978082 0.757795
vt 0.980299 0.757847
vt 0.980299 0.781953
vt 0.140375 0.013517
vt 0.177967 0.003883
vt 0.177967 0.055984
vt 0.141120 0.053257
vt 0.869670 0.305764
vt 0.869670 0.357075
vt 0.867469 0.356743
vt 0.867451 0.306082
vt 0.406456 0.117454
vt 0.372181 0.116403
vt 0.389725 0.067708
vt 0.406456 0.066691
vt 0.908384 0.793951
vt 0.908230 0.757795
vt 0.910458 0.757863
vt 0.910458 0.794808
vt 0.489201 0.816091
vt 0.491385 0.815640
vt 0.491385 0.867715
vt 0.489192 0.867682
vt 0.277735 0.129444
vt 0.277735 0.183723
vt 0.243609 0.171392
vt 0.252050 0.131293
vt 0.976664 0.679064
vt 0.978840 0.678883
vt 0.978840 0.703486
vt 0.976675 0.703347
vt 0.115877 0.757706
vt 0.115877 0.778999
vt 0.086050 0.771606
vt 0.085416 0.761138
vt 0.987669 0.610273
vt 0.987650 0.591664
vt 0.989787 0.591280
vt 0.989787 0.610840
vt 0.931363 0.532247
vt 0.931217 0.499084
vt 0.933452 0.499136
vt 0.933452 0.533051
vt 0.045576 0.780846
vt 0.067932 0.772117
vt 0.067932 0.797023
vt 0.044841 0.795719
vt 0.751070 0.707692
vt 0.749635 0.679240
vt 0.771456 0.678883
vt 0.771456 0.709633
vt 0.613375 0.418877
vt 0.599099 0.365581
vt 0.623173 0.364923
vt 0.623173 0.419122
vt 0.840544 0.820795
vt 0.840544 0.841527
vt 0.825660 0.837155
vt 0.824634 0.820962
vt 0.401407 0.129444
vt 0.401407 0.182725
vt 0.368782 0.169421
vt 0.376815 0.130956
vt 0.856908 0.679117
vt 0.859103 0.678883
vt 0.859103 0.732654
vt 0.856876 0.732565
vt 0.059358 0.360615
vt 0.052959 0.360565
vt 0.046262 0.335854
vt 0.059358 0.329125
vt 0.825244 0.762398
vt 0.840660 0.757795
vt 0.840660 0.778769
vt 0.824749 0.778787
vt 0.203505 0.653875
vt 0.205627 0.653290
vt 0.205627 0.675208
vt 0.203441 0.675029
vt 0.540561 0.936549
vt 0.540407 0.904328
vt 0.542649 0.904380
vt 0.542649 0.937348
vt 0.921382 0.533574
vt 0.921245 0.499084
vt 0.923451 0.499151
vt 0.923451 0.534385
vt 0.336172 0.425850
vt 0.336172 0.459717
vt 0.287976 0.444106
vt 0.286529 0.427795
vt 0.916887 0.464154
vt 0.916732 0.428931
vt 0.918978 0.428975
vt 0.918978 0.464951
vt 0.264962 0.348479
vt 0.214398 0.345372
vt 0.216316 0.328310
vt 0.264962 0.313326
vt 0.146509 0.384529
vt 0.146509 0.417459
vt 0.125654 0.408839
vt 0.130754 0.385233
vt 0.929314 0.004476
vt 0.931465 0.003883
vt 0.931465 0.038182
vt 0.929358 0.038501
vt 0.706567 0.132433
vt 0.706567 0.168191
vt 0.681249 0.160037
vt 0.679777 0.132319
vt 0.821093 0.341150
vt 0.838143 0.340526
vt 0.838143 0.357044
vt 0.816395 0.356855
vt 0.005061 0.205873
vt 0.057302 0.200705
vt 0.057302 0.235871
vt 0.003883 0.229681
vt 0.984752 0.582629
vt 0.984720 0.564177
vt 0.986881 0.563972
vt 0.986881 0.583163
vt 0.743305 0.818823
vt 0.712408 0.817725
vt 0.712666 0.811823
vt 0.743305 0.804265
vt 0.075400 0.956995
vt 0.077505 0.956503
vt 0.077505 0.980475
vt 0.075327 0.980501
vt 0.743332 0.576103
vt 0.731805 0.545407
vt 0.754083 0.544081
vt 0.754083 0.576127
vt 0.656649 0.526500
vt 0.667283 0.486830
vt 0.676888 0.486635
vt 0.676888 0.536315
vt 0.489707 0.066691
vt 0.489707 0.115412
vt 0.473121 0.114882
vt 0.455822 0.068973
vt 0.489294 0.980246
vt 0.489192 0.957626
vt 0.491378 0.957611
vt 0.491378 0.980916
vt 0.929028 0.712886
vt 0.926989 0.713812
vt 0.926800 0.679028
vt 0.929028 0.678883
vt 0.067440 0.369680
vt 0.068596 0.347088
vt 0.119904 0.343502
vt 0.119904 0.376763
vt 0.942726 0.623088
vt 0.942726 0.655195
vt 0.940526 0.654810
vt 0.940522 0.623412
vt 0.974836 0.534249
vt 0.976954 0.533675
vt 0.976954 0.558268
vt 0.974775 0.558306
vt 0.866898 0.730271
vt 0.866869 0.678912
vt 0.869036 0.678883
vt 0.869036 0.730773
vt 0.604405 0.247597
vt 0.614558 0.247310
vt 0.614558 0.302081
vt 0.589930 0.301400
vt 0.701684 0.105306
vt 0.734873 0.100485
vt 0.734873 0.123653
vt 0.702039 0.121154
vt 0.761882 0.208082
vt 0.761028 0.192695
vt 0.784682 0.191423
vt 0.784682 0.217008
vt 0.599304 0.936696
vt 0.599169 0.904120
vt 0.601374 0.904182
vt 0.601374 0.937497
vt 0.076803 0.685233
vt 0.067295 0.685204
vt 0.057136 0.648071
vt 0.076803 0.638016
vt 0.375942 0.465135
vt 0.351906 0.463620
vt 0.343938 0.425495
vt 0.375942 0.412639
vt 0.988075 0.819146
vt 0.990289 0.818968
vt 0.990289 0.837026
vt 0.988086 0.836899
vt 0.987381 0.306322
vt 0.989517 0.305764
vt 0.989517 0.326491
vt 0.987287 0.326445
vt 0.489262 0.876092
vt 0.491409 0.875481
vt 0.491409 0.911741
vt 0.489192 0.911815
vt 0.400758 0.514318
vt 0.402082 0.488379
vt 0.443401 0.486635
vt 0.443401 0.524532
vt 0.978090 0.819310
vt 0.980309 0.818968
vt 0.980309 0.843118
vt 0.978065 0.843105
vt 0.076719 0.764351
vt 0.045280 0.762935
vt 0.044841 0.747987
vt 0.076719 0.742572
vt 0.462024 0.311402
vt 0.462024 0.361572
vt 0.428401 0.345158
vt 0.436833 0.311912
vt 0.148292 0.246357
vt 0.112440 0.244769
vt 0.111751 0.205367
vt 0.148292 0.194702
vt 0.988099 0.758274
vt 0.990223 0.757795
vt 0.990223 0.776081
vt 0.988065 0.775837
vt 0.860569 0.810747
vt 0.858387 0.811202
vt 0.858383 0.757795
vt 0.860569 0.757807
vt 0.342541 0.233951
vt 0.343556 0.195094
vt 0.377208 0.191423
vt 0.377208 0.242493
vt 0.964797 0.559521
vt 0.964764 0.533889
vt 0.967009 0.533675
vt 0.967009 0.559828
vt 0.775896 0.670158
vt 0.766050 0.639842
vt 0.785173 0.639904
vt 0.785173 0.670557
vt 0.343938 0.378302
vt 0.393346 0.369909
vt 0.393346 0.404873
vt 0.344282 0.400954
vt 0.976518 0.453141
vt 0.976525 0.429143
vt 0.978733 0.428931
vt 0.978733 0.453415
vt 0.206391 0.316807
vt 0.154870 0.315389
vt 0.156565 0.298056
vt 0.206391 0.281756
vt 0.633220 0.058653
vt 0.622875 0.058810
vt 0.611733 0.015847
vt 0.633220 0.003883
vt 0.099661 0.524363
vt 0.099661 0.571409
vt 0.084015 0.570498
vt 0.067440 0.524265
vt 0.857550 0.300147
vt 0.857521 0.246888
vt 0.859685 0.246851
vt 0.859685 0.300644
vt 0.319203 0.361454
vt 0.300953 0.311963
vt 0.336172 0.311402
vt 0.336172 0.362164
vt 0.706262 0.365278
vt 0.706262 0.411365
vt 0.687617 0.401147
vt 0.697439 0.364923
vt 0.988075 0.845033
vt 0.990461 0.844792
vt 0.990461 0.861838
vt 0.988095 0.861768
vt 0.644238 0.183657
vt 0.621193 0.182411
vt 0.634760 0.132326
vt 0.644238 0.132319
vt 0.735655 0.429122
vt 0.747071 0.428931
vt 0.747071 0.461788
vt 0.724043 0.460154
vt 0.426615 0.200003
vt 0.461255 0.191423
vt 0.461255 0.240267
vt 0.427280 0.237276
vt 0.959167 0.030604
vt 0.959147 0.004006
vt 0.961387 0.003883
vt 0.961387 0.030932
vt 0.961130 0.499275
vt 0.963454 0.499084
vt 0.963454 0.525116
vt 0.961058 0.525213
vt 0.214911 0.663783
vt 0.214398 0.654471
vt 0.261558 0.652142
vt 0.261558 0.674869
vt 0.648883 0.486805
vt 0.648883 0.532921
vt 0.639091 0.533148
vt 0.623963 0.486635
vt 0.044840 0.519557
vt 0.058651 0.512060
vt 0.058651 0.546018
vt 0.051935 0.546070
vt 0.573457 0.048939
vt 0.573331 0.003883
vt 0.603967 0.005774
vt 0.603967 0.050778
vt 0.897994 0.165304
vt 0.897981 0.126257
vt 0.900208 0.126181
vt 0.900208 0.165589
vt 0.059674 0.554506
vt 0.059674 0.571409
vt 0.057458 0.571193
vt 0.057467 0.554636
vt 0.868172 0.178168
vt 0.868242 0.126310
vt 0.870223 0.126181
vt 0.870223 0.178458
vt 0.293187 0.253155
vt 0.293187 0.304938
vt 0.258087 0.303011
vt 0.257929 0.252683
vt 0.619478 0.357009
vt 0.597364 0.355644
vt 0.589966 0.322363
vt 0.619478 0.311402
vt 0.968122 0.757982
vt 0.970316 0.757795
vt 0.970316 0.783086
vt 0.968132 0.782946
vt 0.938273 0.819147
vt 0.940461 0.818968
vt 0.940461 0.851169
vt 0.938256 0.851021
vt 0.913925 0.870339
vt 0.916128 0.870023
vt 0.916128 0.906173
vt 0.913900 0.906138
vt 0.957742 0.126359
vt 0.959931 0.126181
vt 0.959931 0.154093
vt 0.957755 0.153947
vt 0.983787 0.892154
vt 0.983765 0.870164
vt 0.986015 0.870023
vt 0.986015 0.892455
vt 0.900771 0.623203
vt 0.902975 0.623088
vt 0.902975 0.661585
vt 0.900773 0.661585
vt 0.385054 0.239576
vt 0.384974 0.191423
vt 0.418849 0.193835
vt 0.418849 0.242132
vt 0.850499 0.117619
vt 0.850392 0.095000
vt 0.852598 0.095012
vt 0.852598 0.118342
vt 0.633411 0.473719
vt 0.612334 0.472044
vt 0.605354 0.439319
vt 0.633411 0.428931
vt 0.904048 0.907248
vt 0.903899 0.870023
vt 0.906134 0.870121
vt 0.906134 0.908071
vt 0.305843 0.055685
vt 0.271436 0.052056
vt 0.270377 0.012828
vt 0.305843 0.003883
vt 0.938238 0.789700
vt 0.938232 0.757892
vt 0.940459 0.757795
vt 0.940459 0.789992
vt 0.977695 0.591692
vt 0.979884 0.591280
vt 0.979884 0.614271
vt 0.977662 0.614287
vt 0.991563 0.950385
vt 0.993788 0.950108
vt 0.993788 0.966130
vt 0.991594 0.965898
vt 0.936936 0.710616
vt 0.936794 0.678883
vt 0.939012 0.678945
vt 0.939012 0.711430
vt 0.926907 0.429783
vt 0.928960 0.428931
vt 0.928960 0.463868
vt 0.926744 0.463947
vt 0.940293 0.091246
vt 0.940149 0.059981
vt 0.942375 0.060093
vt 0.942375 0.092084
vt 0.948225 0.757967
vt 0.950390 0.757795
vt 0.950390 0.787729
vt 0.948237 0.787588
vt 0.833074 0.558930
vt 0.833074 0.584134
vt 0.830889 0.583946
vt 0.830914 0.559111
vt 0.214398 0.449813
vt 0.255329 0.440510
vt 0.255329 0.481333
vt 0.216975 0.480939
vt 0.928251 0.758119
vt 0.930466 0.757795
vt 0.930466 0.792259
vt 0.928224 0.792213
vt 0.973788 0.894187
vt 0.973775 0.870023
vt 0.975999 0.870041
vt 0.975999 0.894575
vt 0.451684 0.609598
vt 0.451167 0.599741
vt 0.504384 0.596285
vt 0.504384 0.620392
vt 0.946805 0.749658
vt 0.946787 0.719293
vt 0.948993 0.719196
vt 0.948993 0.749946
vt 0.437063 0.785048
vt 0.437030 0.727520
vt 0.439199 0.727492
vt 0.439199 0.785575
vt 0.982772 0.113919
vt 0.982674 0.091964
vt 0.984888 0.091965
vt 0.984888 0.114619
vt 0.985028 0.520717
vt 0.984925 0.499084
vt 0.987129 0.499114
vt 0.987129 0.521458
vt 0.589932 0.654618
vt 0.540407 0.650702
vt 0.540905 0.641235
vt 0.589932 0.631076
vt 0.987329 0.247671
vt 0.989413 0.246851
vt 0.989413 0.268223
vt 0.987182 0.268254
vt 0.498185 0.523242
vt 0.498185 0.555566
vt 0.452519 0.540470
vt 0.451167 0.524861
vt 0.200520 0.108848
vt 0.201217 0.069456
vt 0.237317 0.066691
vt 0.237317 0.118180
vt 0.968993 0.937174
vt 0.968936 0.912778
vt 0.971055 0.912695
vt 0.971055 0.937822
vt 0.539313 0.610945
vt 0.528467 0.611278
vt 0.516768 0.566835
vt 0.539313 0.554034
vt 0.329708 0.505839
vt 0.287521 0.504128
vt 0.286529 0.477777
vt 0.329708 0.467483
vt 0.742554 0.010232
vt 0.764547 0.003883
vt 0.764547 0.035149
vt 0.741933 0.035129
vt 0.914155 0.188747
vt 0.916199 0.187842
vt 0.916199 0.223945
vt 0.913974 0.223994
vt 0.068156 0.263052
vt 0.118796 0.256163
vt 0.118796 0.291764
vt 0.067440 0.286832
vt 0.589861 0.663457
vt 0.618682 0.662384
vt 0.618682 0.689425
vt 0.581738 0.689252
vt 0.920485 0.657595
vt 0.920491 0.623267
vt 0.922763 0.623088
vt 0.922763 0.658152
vt 0.420635 0.361236
vt 0.386312 0.359022
vt 0.404377 0.311855
vt 0.420635 0.311402
vt 0.960728 0.567791
vt 0.962913 0.567594
vt 0.962913 0.594731
vt 0.960740 0.594601
vt 0.672526 0.101907
vt 0.683606 0.066691
vt 0.693918 0.066861
vt 0.693918 0.111653
vt 0.872533 0.060479
vt 0.872533 0.110719
vt 0.870334 0.110749
vt 0.870364 0.059981
vt 0.898391 0.365189
vt 0.900573 0.364923
vt 0.900573 0.404219
vt 0.898368 0.404137
vt 0.906779 0.429045
vt 0.908966 0.428931
vt 0.908966 0.466577
vt 0.906782 0.466577
vt 0.991813 0.340789
vt 0.993973 0.340193
vt 0.993973 0.355907
vt 0.991747 0.355966
vt 0.948210 0.394401
vt 0.948195 0.365341
vt 0.950385 0.364923
vt 0.950385 0.394914
vt 0.507490 0.588519
vt 0.451167 0.587707
vt 0.451722 0.577462
vt 0.507490 0.563332
vt 0.443401 0.564030
vt 0.395696 0.561509
vt 0.396870 0.546140
vt 0.443401 0.532298
vt 0.714092 0.397147
vt 0.714028 0.364923
vt 0.736445 0.366785
vt 0.736445 0.398982
vt 0.154870 0.573304
vt 0.156018 0.551702
vt 0.201559 0.549256
vt 0.201559 0.581220
vt 0.900267 0.098413
vt 0.900254 0.060064
vt 0.902478 0.059981
vt 0.902478 0.098689
vt 0.890548 0.862133
vt 0.888343 0.862257
vt 0.888344 0.818978
vt 0.890548 0.818968
vt 0.850616 0.811588
vt 0.848429 0.812036
vt 0.848426 0.757795
vt 0.850616 0.757811
vt 0.920466 0.400367
vt 0.918328 0.400908
vt 0.918326 0.364923
vt 0.920466 0.365271
vt 0.429566 0.613152
vt 0.403888 0.612899
vt 0.395696 0.582738
vt 0.429566 0.571796
vt 0.910352 0.060998
vt 0.912340 0.059981
vt 0.912340 0.097067
vt 0.910244 0.097088
vt 0.435439 0.299305
vt 0.427105 0.261120
vt 0.460113 0.251693
vt 0.460113 0.302800
vt 0.617059 0.896303
vt 0.619107 0.895454
vt 0.619107 0.929990
vt 0.616896 0.930068
vt 0.427767 0.130541
vt 0.444045 0.129444
vt 0.444045 0.178165
vt 0.409173 0.176723
vt 0.858414 0.819215
vt 0.860616 0.818968
vt 0.860616 0.870076
vt 0.858383 0.870002
vt 0.891323 0.539564
vt 0.891310 0.499143
vt 0.893527 0.499084
vt 0.893527 0.539904
vt 0.286529 0.521558
vt 0.333704 0.513605
vt 0.333704 0.546304
vt 0.287345 0.543887
vt 0.154870 0.492901
vt 0.156033 0.470311
vt 0.204128 0.467868
vt 0.204128 0.501238
vt 0.910741 0.624176
vt 0.912719 0.623088
vt 0.912719 0.660327
vt 0.910749 0.660580
vt 0.437031 0.660614
vt 0.439202 0.660095
vt 0.439202 0.719726
vt 0.437030 0.719357
vt 0.946716 0.429485
vt 0.948854 0.428931
vt 0.948854 0.460497
vt 0.946697 0.460136
vt 0.279557 0.904535
vt 0.281736 0.904299
vt 0.281736 0.937432
vt 0.279521 0.937324
vt 0.880872 0.670203
vt 0.880838 0.623190
vt 0.883032 0.623088
vt 0.883032 0.670475
vt 0.003883 0.074749
vt 0.059674 0.066691
vt 0.059674 0.104469
vt 0.005539 0.100526
vt 0.148292 0.182319
vt 0.112182 0.186936
vt 0.112278 0.135077
vt 0.148292 0.131249
vt 0.908352 0.401453
vt 0.908339 0.365004
vt 0.910560 0.364923
vt 0.910560 0.401734
vt 0.890790 0.567723
vt 0.892985 0.567594
vt 0.892985 0.608781
vt 0.890791 0.608794
vt 0.729838 0.594013
vt 0.751379 0.591900
vt 0.751379 0.623707
vt 0.729727 0.625496
vt 0.338561 0.906300
vt 0.340614 0.905460
vt 0.340614 0.938453
vt 0.338398 0.938524
vt 0.983981 0.188684
vt 0.986058 0.187842
vt 0.986058 0.210270
vt 0.983831 0.210329
vt 0.795069 0.084743
vt 0.771383 0.084542
vt 0.772248 0.069463
vt 0.795069 0.059981
vt 0.919342 0.039150
vt 0.919328 0.003887
vt 0.921548 0.003883
vt 0.921548 0.039514
vt 0.744613 0.412436
vt 0.744211 0.405882
vt 0.778135 0.404345
vt 0.778135 0.420116
vt 0.901317 0.499352
vt 0.903493 0.499084
vt 0.903493 0.537453
vt 0.901293 0.537372
vt 0.991246 0.035165
vt 0.993430 0.034939
vt 0.993430 0.051331
vt 0.991219 0.051254
vt 0.868171 0.188218
vt 0.870371 0.187842
vt 0.870371 0.239070
vt 0.868258 0.238885
vt 0.868335 0.758136
vt 0.870581 0.757795
vt 0.870581 0.808695
vt 0.868386 0.808395
vt 0.898278 0.757955
vt 0.900464 0.757795
vt 0.900464 0.797289
vt 0.898269 0.797318
vt 0.934077 0.870901
vt 0.936139 0.870023
vt 0.936139 0.903915
vt 0.933920 0.904007
vt 0.815491 0.664950
vt 0.821997 0.639842
vt 0.828083 0.639851
vt 0.828083 0.670912
vt 0.993946 0.060512
vt 0.996117 0.059981
vt 0.996117 0.074410
vt 0.993786 0.074444
vt 0.987399 0.666915
vt 0.987332 0.646781
vt 0.989554 0.646817
vt 0.989554 0.667478
vt 0.969890 0.126181
vt 0.969890 0.151532
vt 0.967697 0.151297
vt 0.967705 0.126301
vt 0.930349 0.060898
vt 0.932383 0.059981
vt 0.932383 0.094133
vt 0.930163 0.094192
vt 0.966107 0.187842
vt 0.966107 0.214506
vt 0.963917 0.214302
vt 0.963921 0.187963
vt 0.264530 0.620263
vt 0.264530 0.644376
vt 0.214963 0.634001
vt 0.214398 0.624169
vt 0.973955 0.211632
vt 0.973873 0.187842
vt 0.976065 0.187905
vt 0.976065 0.212452
vt 0.215782 0.243587
vt 0.215673 0.192846
vt 0.250163 0.195932
vt 0.250163 0.246862
vt 0.977762 0.149732
vt 0.977656 0.126181
vt 0.979868 0.126199
vt 0.979868 0.150461
vt 0.245334 0.965456
vt 0.245294 0.939483
vt 0.247513 0.939453
vt 0.247513 0.965822
vt 0.980703 0.486490
vt 0.980558 0.464173
vt 0.982776 0.464206
vt 0.982776 0.487292
vt 0.038496 0.329776
vt 0.038496 0.379688
vt 0.022409 0.378505
vt 0.003883 0.329125
vt 0.268968 0.766453
vt 0.268968 0.799848
vt 0.255544 0.792766
vt 0.262610 0.766356
vt 0.959007 0.912863
vt 0.961170 0.912695
vt 0.961170 0.940047
vt 0.959019 0.939912
vt 0.419339 0.302293
vt 0.385468 0.300585
vt 0.402533 0.252410
vt 0.419339 0.251693
vt 0.759969 0.510515
vt 0.764267 0.487929
vt 0.779375 0.486635
vt 0.779375 0.517606
vt 0.909493 0.004765
vt 0.911562 0.003883
vt 0.911562 0.040460
vt 0.909333 0.040469
vt 0.214398 0.295300
vt 0.215035 0.256259
vt 0.250163 0.254628
vt 0.250163 0.305560
vt 0.714333 0.138242
vt 0.737886 0.132319
vt 0.737886 0.164543
vt 0.714786 0.162772
vt 0.203309 0.509004
vt 0.203309 0.541490
vt 0.156358 0.527950
vt 0.154870 0.511961
vt 0.900544 0.819333
vt 0.900544 0.858204
vt 0.898314 0.858211
vt 0.898329 0.818968
vt 0.279853 0.119930
vt 0.245084 0.118542
vt 0.262368 0.067625
vt 0.279852 0.066691
vt 0.207907 0.192846
vt 0.207907 0.229276
vt 0.156444 0.222237
vt 0.156058 0.197693
vt 0.055731 0.630250
vt 0.003883 0.625282
vt 0.004491 0.615392
vt 0.055731 0.605621
vt 0.003883 0.294497
vt 0.056813 0.287379
vt 0.056813 0.321359
vt 0.004720 0.317788
vt 0.730504 0.217397
vt 0.730901 0.193237
vt 0.753262 0.191423
vt 0.753262 0.222907
vt 0.969153 0.004201
vt 0.971379 0.003883
vt 0.971379 0.028596
vt 0.969156 0.028409
vt 0.959572 0.305764
vt 0.959572 0.333683
vt 0.957380 0.333456
vt 0.957387 0.305884
vt 0.112387 0.121733
vt 0.112182 0.066691
vt 0.148576 0.069450
vt 0.148576 0.123483
vt 0.993928 0.883985
vt 0.993781 0.870023
vt 0.996111 0.870059
vt 0.996111 0.884465
vt 0.664760 0.116974
vt 0.654784 0.116731
vt 0.644111 0.076952
vt 0.664760 0.066691
vt 0.382072 0.737707
vt 0.382072 0.679443
vt 0.384239 0.679048
vt 0.384239 0.738180
vt 0.657265 0.553192
vt 0.683435 0.544081
vt 0.683435 0.581306
vt 0.656649 0.581814
vt 0.924147 0.188757
vt 0.926187 0.187842
vt 0.926187 0.222810
vt 0.923965 0.222866
vt 0.581738 0.767817
vt 0.612974 0.763293
vt 0.612974 0.783602
vt 0.582034 0.782221
vt 0.364415 0.117750
vt 0.329980 0.118513
vt 0.330076 0.068528
vt 0.364415 0.066691
vt 0.881312 0.545562
vt 0.881307 0.499151
vt 0.883544 0.499084
vt 0.883544 0.545872
vt 0.966741 0.744789
vt 0.966719 0.719321
vt 0.968898 0.719196
vt 0.968898 0.745001
vt 0.966009 0.870023
vt 0.966009 0.896769
vt 0.963829 0.896542
vt 0.963835 0.870146
vt 0.927538 0.339796
vt 0.927424 0.305764
vt 0.929653 0.305768
vt 0.929653 0.340565
vt 0.155260 0.370106
vt 0.189161 0.367479
vt 0.189161 0.415549
vt 0.154870 0.418211
vt 0.099661 0.619667
vt 0.065777 0.617563
vt 0.086940 0.579286
vt 0.099661 0.579175
vt 0.948250 0.819485
vt 0.950404 0.818968
vt 0.950404 0.848825
vt 0.948228 0.848423
vt 0.877464 0.247242
vt 0.879668 0.246851
vt 0.879668 0.295911
vt 0.877483 0.295640
vt 0.329382 0.656090
vt 0.279521 0.651503
vt 0.279990 0.642259
vt 0.329382 0.633070
vt 0.950141 0.060251
vt 0.952370 0.059981
vt 0.952370 0.088748
vt 0.950145 0.088513
vt 0.732707 0.648120
vt 0.758284 0.647493
vt 0.758284 0.670557
vt 0.726294 0.670333
vt 0.540806 0.299518
vt 0.507838 0.299330
vt 0.524502 0.252778
vt 0.540806 0.251693
vt 0.939264 0.035482
vt 0.939231 0.003925
vt 0.941457 0.003883
vt 0.941457 0.035989
vt 0.378546 0.362143
vt 0.344611 0.360390
vt 0.343938 0.321688
vt 0.378546 0.311402
vt 0.779478 0.956829
vt 0.779460 0.929294
vt 0.781647 0.928872
vt 0.781647 0.957347
vt 0.768265 0.132319
vt 0.768265 0.162275
vt 0.747039 0.156524
vt 0.745652 0.132479
vt 0.918392 0.758646
vt 0.920458 0.757795
vt 0.920458 0.793481
vt 0.918224 0.793530
vt 0.659376 0.628215
vt 0.671156 0.592414
vt 0.681059 0.591900
vt 0.681059 0.638016
vt 0.352461 0.255201
vt 0.377702 0.251693
vt 0.377702 0.303636
vt 0.344066 0.293729
vt 0.877436 0.354718
vt 0.877447 0.305807
vt 0.879640 0.305764
vt 0.879640 0.355290
vt 0.906740 0.716607
vt 0.906728 0.678918
vt 0.908921 0.678883
vt 0.908921 0.716701
vt 0.896783 0.718907
vt 0.896718 0.678896
vt 0.898961 0.678883
vt 0.898961 0.719386
vt 0.087894 0.003883
vt 0.087894 0.058318
vt 0.050160 0.047555
vt 0.050950 0.006697
vt 0.441829 0.408362
vt 0.449784 0.370826
vt 0.473874 0.369909
vt 0.473874 0.422124
vt 0.977796 0.179201
vt 0.977656 0.158228
vt 0.979868 0.158271
vt 0.979868 0.180020
vt 0.697109 0.040382
vt 0.669869 0.040573
vt 0.671363 0.012176
vt 0.697109 0.003883
vt 0.936934 0.749114
vt 0.936794 0.719196
vt 0.939021 0.719243
vt 0.939021 0.749908
vt 0.967344 0.306082
vt 0.969530 0.305764
vt 0.969530 0.331268
vt 0.967338 0.331273
vt 0.572182 0.097535
vt 0.580424 0.066976
vt 0.606417 0.066691
vt 0.606417 0.108913
vt 0.869698 0.246851
vt 0.869698 0.297998
vt 0.867509 0.297655
vt 0.867451 0.247148
vt 0.970299 0.818968
vt 0.970299 0.844283
vt 0.968125 0.844058
vt 0.968133 0.819093
vt 0.937969 0.127021
vt 0.940044 0.126181
vt 0.940044 0.158369
vt 0.937807 0.158418
vt 0.660234 0.405449
vt 0.670558 0.365295
vt 0.679851 0.364923
vt 0.679851 0.414995
vt 0.206391 0.273990
vt 0.156687 0.271693
vt 0.156058 0.246574
vt 0.206391 0.237042
vt 0.540752 0.798818
vt 0.573767 0.791326
vt 0.573767 0.806543
vt 0.540407 0.805019
vt 0.937566 0.337246
vt 0.937419 0.305764
vt 0.939661 0.305800
vt 0.939661 0.338036
vt 0.911426 0.499936
vt 0.913479 0.499084
vt 0.913479 0.535315
vt 0.911259 0.535377
vt 0.984820 0.555535
vt 0.984720 0.533683
vt 0.986906 0.533675
vt 0.986906 0.556206
vt 0.126562 0.298665
vt 0.137217 0.256414
vt 0.146830 0.256163
vt 0.146830 0.308923
vt 0.773878 0.122309
vt 0.742639 0.118952
vt 0.743414 0.108047
vt 0.773878 0.100485
vt 0.414222 0.106836
vt 0.414844 0.068492
vt 0.448056 0.066691
vt 0.448056 0.116717
vt 0.149650 0.636142
vt 0.149115 0.626543
vt 0.199544 0.621948
vt 0.199544 0.645524
vt 0.630939 0.375428
vt 0.652468 0.364923
vt 0.652468 0.417602
vt 0.642073 0.417251
vt 0.752203 0.486635
vt 0.752203 0.514391
vt 0.725869 0.504129
vt 0.725041 0.486750
vt 0.418561 0.919124
vt 0.420630 0.918284
vt 0.420630 0.948850
vt 0.418397 0.948900
vt 0.920125 0.060561
vt 0.922397 0.059981
vt 0.922397 0.095242
vt 0.920106 0.095005
vt 0.293187 0.344841
vt 0.277986 0.344136
vt 0.272950 0.320880
vt 0.293187 0.312704
vt 0.752623 0.744741
vt 0.753037 0.720970
vt 0.773995 0.718960
vt 0.773995 0.750029
vt 0.752623 0.789825
vt 0.784095 0.786854
vt 0.784095 0.803319
vt 0.752793 0.801296
vt 0.451167 0.794379
vt 0.482393 0.791409
vt 0.482393 0.807874
vt 0.451337 0.805850
vt 0.612965 0.791368
vt 0.612965 0.807833
vt 0.581738 0.804864
vt 0.581909 0.793392
vt 0.807503 0.164170
vt 0.807503 0.180635
vt 0.776031 0.177664
vt 0.776201 0.166193
vt 0.312712 0.663856
vt 0.312712 0.694080
vt 0.279901 0.689401
vt 0.279521 0.668489
vt 0.614576 0.697191
vt 0.614576 0.724403
vt 0.582032 0.720350
vt 0.581738 0.701269
vt 0.428239 0.698084
vt 0.428239 0.725296
vt 0.395696 0.721232
vt 0.395696 0.702148
vt 0.704642 0.718960
vt 0.704642 0.743675
vt 0.672298 0.739953
vt 0.672114 0.722646
vt 0.428042 0.733062
vt 0.428042 0.756420
vt 0.395820 0.752853
vt 0.395696 0.736422
vt 0.370397 0.746336
vt 0.370397 0.767682
vt 0.338430 0.764489
vt 0.338398 0.749001
vt 0.482946 0.764512
vt 0.482946 0.783643
vt 0.451167 0.780845
vt 0.451191 0.766732
vt 0.531257 0.773822
vt 0.531257 0.791124
vt 0.499601 0.788344
vt 0.499672 0.775702
vt 0.672464 0.686632
vt 0.705494 0.682472
vt 0.705494 0.711194
vt 0.672114 0.706724
vt 0.721961 0.591900
vt 0.721961 0.619112
vt 0.689120 0.615061
vt 0.688825 0.595980
vt 0.685390 0.674706
vt 0.685390 0.647493
vt 0.718528 0.651558
vt 0.718528 0.670641
vt 0.712533 0.722527
vt 0.744857 0.718960
vt 0.744857 0.742318
vt 0.712408 0.738957
vt 0.338398 0.778229
vt 0.370055 0.775449
vt 0.370055 0.792751
vt 0.338469 0.790870
vt 0.589932 0.591900
vt 0.589932 0.623310
vt 0.551491 0.618684
vt 0.547080 0.598369
vt 0.149464 0.687375
vt 0.182105 0.683211
vt 0.182105 0.711933
vt 0.149115 0.707467
vt 0.004112 0.712846
vt 0.036594 0.708778
vt 0.036594 0.734806
vt 0.003883 0.730933
vt 0.703402 0.751441
vt 0.703402 0.772788
vt 0.671452 0.769594
vt 0.671420 0.754107
vt 0.116929 0.786765
vt 0.116929 0.803230
vt 0.085416 0.800734
vt 0.085416 0.789261
vt 0.670232 0.797856
vt 0.670233 0.780554
vt 0.701650 0.782884
vt 0.701650 0.795526
vt 0.689897 0.195474
vt 0.722738 0.191423
vt 0.722738 0.218636
vt 0.689602 0.214555
vt 0.540637 0.704439
vt 0.573324 0.700374
vt 0.573324 0.726402
vt 0.540407 0.722527
vt 0.630979 0.754635
vt 0.662930 0.751441
vt 0.662930 0.772788
vt 0.630947 0.770122
vt 0.755511 0.250108
vt 0.787221 0.247310
vt 0.787221 0.266442
vt 0.755535 0.264221
vt 0.630947 0.783334
vt 0.662466 0.780554
vt 0.662466 0.797856
vt 0.631018 0.795976
vt 0.484085 0.699594
vt 0.484085 0.725622
vt 0.451397 0.721556
vt 0.451167 0.703468
vt 0.499633 0.747903
vt 0.531600 0.744709
vt 0.531600 0.766056
vt 0.499601 0.763390
vt 0.786188 0.278434
vt 0.786188 0.297566
vt 0.754479 0.294768
vt 0.754502 0.280655
vt 0.743927 0.779197
vt 0.743927 0.796499
vt 0.712408 0.793719
vt 0.712479 0.781078
vt 0.631554 0.228876
vt 0.621193 0.195751
vt 0.652304 0.191423
vt 0.652304 0.230143
vt 0.429264 0.660095
vt 0.429264 0.690318
vt 0.396078 0.685643
vt 0.395696 0.664731
vt 0.247778 0.682635
vt 0.247778 0.711357
vt 0.214748 0.707197
vt 0.214398 0.687105
vt 0.532309 0.712228
vt 0.532309 0.736943
vt 0.499785 0.733222
vt 0.499601 0.715915
vt 0.747745 0.247310
vt 0.747745 0.270668
vt 0.715421 0.267102
vt 0.715297 0.250671
vt 0.320479 0.729184
vt 0.320498 0.708269
vt 0.330371 0.703033
vt 0.330371 0.734443
vt 0.070900 0.855358
vt 0.061768 0.850604
vt 0.061753 0.831521
vt 0.070900 0.826636
vt 0.823213 0.618051
vt 0.823232 0.597136
vt 0.833074 0.591900
vt 0.833074 0.623310
vt 0.833168 0.396334
vt 0.823326 0.391098
vt 0.823307 0.370182
vt 0.833168 0.364923
vt 0.835849 0.664960
vt 0.835867 0.644866
vt 0.845400 0.639842
vt 0.845400 0.670065
vt 0.832023 0.308603
vt 0.832041 0.288508
vt 0.841635 0.283485
vt 0.841635 0.313708
vt 0.428798 0.841149
vt 0.428798 0.821054
vt 0.438311 0.815990
vt 0.438311 0.846213
vt 0.845754 0.512483
vt 0.836221 0.507459
vt 0.836203 0.487365
vt 0.845754 0.482260
vt 0.319066 0.828113
vt 0.319066 0.807197
vt 0.328902 0.801950
vt 0.328902 0.833360
vt 0.831130 0.460341
vt 0.821256 0.455106
vt 0.821237 0.434190
vt 0.831130 0.428931
vt 0.387796 0.751400
vt 0.387796 0.771495
vt 0.378163 0.776559
vt 0.378163 0.746336
vt 0.125062 0.860090
vt 0.125062 0.842000
vt 0.133824 0.837439
vt 0.133824 0.864651
vt 0.721638 0.855311
vt 0.712423 0.850557
vt 0.712408 0.831474
vt 0.721638 0.826589
vt 0.840400 0.156404
vt 0.830806 0.151381
vt 0.830789 0.131286
vt 0.840400 0.126181
vt 0.320479 0.663856
vt 0.330378 0.669104
vt 0.330378 0.690019
vt 0.320479 0.695267
vt 0.044841 0.850473
vt 0.044856 0.831390
vt 0.053987 0.826636
vt 0.053987 0.855358
vt 0.861957 0.667054
vt 0.853167 0.662494
vt 0.853181 0.644404
vt 0.861957 0.639842
vt 0.012326 0.871575
vt 0.003894 0.867243
vt 0.003883 0.849936
vt 0.012326 0.845547
vt 0.476487 0.863914
vt 0.467710 0.859353
vt 0.467725 0.841264
vt 0.476487 0.836701
vt 0.451182 0.859351
vt 0.451167 0.841262
vt 0.459944 0.836701
vt 0.459944 0.863914
vt 0.556892 0.985575
vt 0.556892 0.969110
vt 0.561160 0.971335
vt 0.561160 0.983350
vt 0.845909 0.352159
vt 0.845924 0.333076
vt 0.855139 0.328322
vt 0.855139 0.357044
vt 0.515850 0.866468
vt 0.515862 0.849161
vt 0.524333 0.844829
vt 0.524333 0.870857
vt 0.888125 0.208370
vt 0.888132 0.191939
vt 0.896214 0.187842
vt 0.896214 0.212557
vt 0.842463 0.027786
vt 0.842463 0.008703
vt 0.851728 0.003883
vt 0.851728 0.032605
vt 0.982328 0.794331
vt 0.982328 0.810796
vt 0.978024 0.808542
vt 0.978019 0.796526
vt 0.020092 0.867186
vt 0.020103 0.849879
vt 0.028534 0.845547
vt 0.028534 0.871575
vt 0.691095 0.885458
vt 0.691102 0.869027
vt 0.699237 0.864930
vt 0.699237 0.889645
vt 0.589827 0.896354
vt 0.581745 0.892257
vt 0.581738 0.875826
vt 0.589827 0.871639
vt 0.980710 0.239064
vt 0.976391 0.236839
vt 0.976391 0.224824
vt 0.980710 0.222599
vt 0.607085 0.875781
vt 0.607085 0.892212
vt 0.599026 0.896354
vt 0.599026 0.871639
vt 0.548184 0.877139
vt 0.548184 0.892627
vt 0.540407 0.896562
vt 0.540407 0.873204
vt 0.556892 0.891370
vt 0.556899 0.875882
vt 0.564702 0.871959
vt 0.564702 0.895317
vt 0.132872 0.895775
vt 0.125069 0.891852
vt 0.125062 0.876365
vt 0.132872 0.872417
vt 0.896133 0.893381
vt 0.888349 0.889459
vt 0.888343 0.873971
vt 0.896133 0.870023
vt 0.279521 0.892585
vt 0.279528 0.877098
vt 0.287311 0.873175
vt 0.287311 0.896533
vt 0.222563 0.887931
vt 0.214398 0.883789
vt 0.214398 0.867358
vt 0.222563 0.863216
vt 0.044841 0.913541
vt 0.044842 0.899428
vt 0.052165 0.895844
vt 0.052165 0.917191
vt 0.913526 0.748990
vt 0.906203 0.745406
vt 0.906202 0.731293
vt 0.913526 0.727643
vt 0.808769 0.914441
vt 0.808771 0.900328
vt 0.816060 0.896744
vt 0.816060 0.918091
vt 0.698385 0.918758
vt 0.691097 0.915174
vt 0.691095 0.901061
vt 0.698385 0.897411
vt 0.774375 0.899759
vt 0.781647 0.903376
vt 0.781647 0.917489
vt 0.774375 0.921106
vt 0.633632 0.936928
vt 0.626873 0.933714
vt 0.626878 0.921072
vt 0.633632 0.917797
vt 0.217707 0.938050
vt 0.210973 0.934835
vt 0.210977 0.922194
vt 0.217707 0.918919
vt 0.060831 0.933731
vt 0.060827 0.921089
vt 0.067561 0.917874
vt 0.067561 0.937006
vt 0.357767 0.899556
vt 0.357767 0.885443
vt 0.365108 0.881826
vt 0.365108 0.903173
vt 0.231273 0.953838
vt 0.231261 0.942366
vt 0.237528 0.939453
vt 0.237528 0.956755
vt 0.959774 0.117891
vt 0.953517 0.114978
vt 0.953528 0.103505
vt 0.959774 0.100589
vt 0.930160 0.956750
vt 0.923894 0.953837
vt 0.923906 0.942364
vt 0.930160 0.939448
vt 0.752623 0.813947
vt 0.783363 0.811085
vt 0.783363 0.824380
vt 0.752990 0.823263
vt 0.451167 0.818495
vt 0.481426 0.815640
vt 0.481426 0.828935
vt 0.451534 0.827811
vt 0.817880 0.522569
vt 0.817880 0.535865
vt 0.787141 0.533002
vt 0.787507 0.523686
vt 0.180147 0.804993
vt 0.180147 0.819074
vt 0.149115 0.816274
vt 0.149400 0.805814
vt 0.793954 0.285294
vt 0.824257 0.283485
vt 0.824257 0.297566
vt 0.793954 0.295757
vt 0.779222 0.681418
vt 0.810433 0.678883
vt 0.810433 0.694760
vt 0.779477 0.693431
vt 0.782591 0.431463
vt 0.813471 0.428931
vt 0.813471 0.444808
vt 0.782846 0.443476
vt 0.279521 0.794668
vt 0.310774 0.792738
vt 0.310774 0.808615
vt 0.279521 0.806684
vt 0.812855 0.100485
vt 0.812855 0.116362
vt 0.781644 0.113827
vt 0.781900 0.101814
vt 0.214398 0.807681
vt 0.245430 0.804880
vt 0.245430 0.818961
vt 0.214683 0.818140
vt 0.714095 0.465419
vt 0.714095 0.478714
vt 0.683287 0.476728
vt 0.683287 0.467405
vt 0.661578 0.805622
vt 0.661578 0.819703
vt 0.630947 0.816907
vt 0.631233 0.806447
vt 0.970699 0.580745
vt 0.970679 0.570281
vt 0.976625 0.567594
vt 0.976625 0.583471
vt 0.956998 0.559828
vt 0.950733 0.556913
vt 0.950733 0.545441
vt 0.956998 0.542526
vt 0.976166 0.419116
vt 0.970218 0.416429
vt 0.970238 0.405965
vt 0.976166 0.403239
vt 0.816060 0.978195
vt 0.810125 0.975489
vt 0.810125 0.965025
vt 0.816060 0.962318
vt 0.976294 0.638964
vt 0.970348 0.636278
vt 0.970368 0.625814
vt 0.976294 0.623088
vt 0.954570 0.983718
vt 0.949081 0.981398
vt 0.949052 0.972075
vt 0.954570 0.969637
vt 0.597511 0.983755
vt 0.597540 0.974432
vt 0.602949 0.972112
vt 0.602949 0.986193
vt 0.971865 0.986028
vt 0.966456 0.983708
vt 0.966427 0.974385
vt 0.971865 0.971947
vt 0.983981 0.356658
vt 0.979698 0.354462
vt 0.979703 0.342447
vt 0.983981 0.340193
vt 0.983981 0.281499
vt 0.983981 0.297964
vt 0.979703 0.295710
vt 0.979698 0.283695
vt 0.607085 0.841222
vt 0.607085 0.859311
vt 0.598295 0.863873
vt 0.598295 0.836661
vt 0.508084 0.870857
vt 0.499613 0.866525
vt 0.499601 0.849218
vt 0.508084 0.844829
vt 0.983453 0.051404
vt 0.979145 0.049208
vt 0.979150 0.037193
vt 0.983453 0.034939
vt 0.581753 0.859310
vt 0.581738 0.841221
vt 0.590529 0.836661
vt 0.590529 0.863873
vt 0.772313 0.046457
vt 0.772313 0.043094
vt 0.809555 0.040138
vt 0.809555 0.050200
vt 0.590678 0.579168
vt 0.590516 0.575809
vt 0.627967 0.573494
vt 0.627967 0.583556
vt 0.988846 0.914394
vt 0.992810 0.912695
vt 0.992810 0.925990
vt 0.988821 0.924457
vt 0.988502 0.234195
vt 0.988476 0.224132
vt 0.992466 0.222599
vt 0.992466 0.235894
vt 0.985494 0.992437
vt 0.981580 0.994053
vt 0.981580 0.980758
vt 0.985494 0.982374
vt 0.990120 0.805926
vt 0.990094 0.795864
vt 0.994042 0.794331
vt 0.994042 0.807626
vt 0.989112 0.005583
vt 0.993034 0.003883
vt 0.993034 0.017178
vt 0.989086 0.015645
vt 0.903899 0.957122
vt 0.903899 0.945649
vt 0.910145 0.942734
vt 0.910145 0.960037
vt 0.476847 0.895038
vt 0.469031 0.891102
vt 0.469031 0.875615
vt 0.476847 0.871680
vt 0.519151 0.980924
vt 0.519180 0.971601
vt 0.524670 0.969281
vt 0.524670 0.983362
vt 0.977159 0.501791
vt 0.977159 0.512254
vt 0.971220 0.514961
vt 0.971220 0.499084
vt 0.412102 0.861673
vt 0.412102 0.844365
vt 0.420600 0.840005
vt 0.420600 0.866033
vt 0.903899 0.931724
vt 0.903899 0.919082
vt 0.910667 0.915837
vt 0.910667 0.934968
vt 0.953064 0.484944
vt 0.953053 0.473471
vt 0.959309 0.470558
vt 0.959309 0.487860
vt 0.346815 0.852393
vt 0.346815 0.869700
vt 0.338398 0.874060
vt 0.338398 0.848032
vt 0.709906 0.933415
vt 0.709901 0.920773
vt 0.716660 0.917558
vt 0.716660 0.936690
vt 0.989443 0.637169
vt 0.984060 0.634790
vt 0.984060 0.625467
vt 0.989443 0.623088
vt 0.970151 0.073131
vt 0.970130 0.062667
vt 0.976079 0.059981
vt 0.976079 0.075857
vt 0.782516 0.891993
vt 0.774382 0.887896
vt 0.774375 0.871465
vt 0.782516 0.867278
vt 0.456005 0.924927
vt 0.456005 0.937569
vt 0.449285 0.940814
vt 0.449285 0.921683
vt 0.214398 0.850630
vt 0.214398 0.831547
vt 0.223495 0.826727
vt 0.223495 0.855449
vt 0.545154 0.971519
vt 0.545154 0.980842
vt 0.539610 0.983221
vt 0.539610 0.969140
vt 0.214582 0.722846
vt 0.246926 0.719123
vt 0.246926 0.743839
vt 0.214398 0.740152
vt 0.734395 0.066691
vt 0.734395 0.092719
vt 0.701913 0.088652
vt 0.701684 0.070564
vt 0.499601 0.678892
vt 0.532416 0.674238
vt 0.532416 0.704462
vt 0.499601 0.699808
vt 0.338582 0.717576
vt 0.371106 0.713855
vt 0.371106 0.738570
vt 0.338398 0.734882
vt 0.451549 0.666279
vt 0.484735 0.661604
vt 0.484735 0.691828
vt 0.451167 0.687192
vt 0.744401 0.768501
vt 0.712408 0.771431
vt 0.712408 0.750084
vt 0.744401 0.753014
vt 0.246357 0.751605
vt 0.246357 0.772951
vt 0.214398 0.770022
vt 0.214398 0.754534
vt 0.611997 0.815599
vt 0.611997 0.828895
vt 0.581738 0.826040
vt 0.582105 0.816724
vt 0.540407 0.692608
vt 0.540407 0.662384
vt 0.573972 0.667038
vt 0.573972 0.687954
vt 0.813471 0.452574
vt 0.813471 0.468451
vt 0.782591 0.465919
vt 0.782846 0.453906
vt 0.581863 0.735736
vt 0.614084 0.732169
vt 0.614084 0.755527
vt 0.581738 0.752167
vt 0.117854 0.746476
vt 0.085416 0.749940
vt 0.085416 0.726582
vt 0.117854 0.730045
vt 0.279521 0.768639
vt 0.311300 0.765841
vt 0.311300 0.784972
vt 0.279544 0.782752
vt 0.003883 0.814347
vt 0.003883 0.798471
vt 0.034476 0.800401
vt 0.034476 0.812417
vt 0.788978 0.572362
vt 0.819608 0.569565
vt 0.819608 0.583646
vt 0.789263 0.582821
vt 0.279521 0.727874
vt 0.279521 0.701846
vt 0.312427 0.705815
vt 0.312427 0.723904
vt 0.075946 0.817061
vt 0.044841 0.818870
vt 0.044841 0.804789
vt 0.075946 0.806598
vt 0.751387 0.357157
vt 0.714028 0.354201
vt 0.714028 0.350838
vt 0.751387 0.347095
vt 0.717275 0.486635
vt 0.717275 0.515357
vt 0.684654 0.511043
vt 0.684654 0.490948
vt 0.769092 0.536315
vt 0.731805 0.533996
vt 0.731969 0.530637
vt 0.769092 0.526252
vt 0.691495 0.548134
vt 0.724039 0.544081
vt 0.724039 0.571293
vt 0.691201 0.567215
vt 0.077335 0.708778
vt 0.077335 0.734806
vt 0.044841 0.730837
vt 0.044841 0.712748
vt 0.572210 0.764428
vt 0.572210 0.783560
vt 0.540407 0.781050
vt 0.540407 0.766937
vt 0.684817 0.528408
vt 0.684654 0.525049
vt 0.722034 0.523123
vt 0.722034 0.533186
vt 0.759145 0.594409
vt 0.790810 0.591900
vt 0.790810 0.611031
vt 0.759145 0.608522
vt 0.426718 0.805728
vt 0.395696 0.808224
vt 0.395696 0.791759
vt 0.426718 0.794255
vt 0.716277 0.428931
vt 0.716277 0.457653
vt 0.683636 0.453489
vt 0.683287 0.433398
vt 0.214398 0.612497
vt 0.214398 0.581087
vt 0.257446 0.586100
vt 0.257446 0.607484
vt 0.004264 0.675468
vt 0.037075 0.670789
vt 0.037075 0.701012
vt 0.003883 0.696380
vt 0.003883 0.790704
vt 0.003883 0.773402
vt 0.035575 0.775732
vt 0.035575 0.788374
vt 0.290940 0.598521
vt 0.329382 0.593894
vt 0.329382 0.625304
vt 0.286529 0.618835
vt 0.675521 0.455328
vt 0.641177 0.460342
vt 0.641177 0.428931
vt 0.675521 0.433945
vt 0.751665 0.182372
vt 0.714333 0.180450
vt 0.714496 0.177091
vt 0.751665 0.172309
vt 0.181462 0.740711
vt 0.149115 0.744415
vt 0.149115 0.719699
vt 0.181462 0.723403
vt 0.483400 0.733388
vt 0.483400 0.756746
vt 0.451167 0.753282
vt 0.451167 0.736851
vt 0.663654 0.718960
vt 0.663654 0.743675
vt 0.630947 0.739971
vt 0.630947 0.722664
vt 0.664348 0.706880
vt 0.630947 0.711194
vt 0.630947 0.682472
vt 0.664348 0.686785
vt 0.413223 0.990301
vt 0.413223 0.980239
vt 0.417221 0.978622
vt 0.417221 0.991917
vt 0.829663 0.236083
vt 0.799815 0.238069
vt 0.799815 0.224774
vt 0.829663 0.226760
vt 0.434046 0.620918
vt 0.434046 0.652329
vt 0.399809 0.646630
vt 0.395696 0.626253
vt 0.580243 0.958331
vt 0.580242 0.947525
vt 0.589745 0.948896
vt 0.589745 0.959702
vt 0.066231 0.977061
vt 0.056741 0.977582
vt 0.058661 0.969806
vt 0.066231 0.967472
vt 0.925868 0.973057
vt 0.923894 0.964516
vt 0.933489 0.965103
vt 0.933489 0.975678
vt 0.731599 0.939188
vt 0.729405 0.929860
vt 0.740423 0.930492
vt 0.740423 0.941784
vt 0.307699 0.935252
vt 0.296715 0.935842
vt 0.298936 0.926195
vt 0.307699 0.923537
vt 0.945287 0.476735
vt 0.945287 0.487860
vt 0.936387 0.485286
vt 0.934267 0.476187
vt 0.052165 0.925445
vt 0.052165 0.937205
vt 0.043399 0.934613
vt 0.041147 0.924957
vt 0.793558 0.939221
vt 0.791366 0.929931
vt 0.802489 0.930310
vt 0.802489 0.941601
vt 0.014973 0.939077
vt 0.003883 0.939471
vt 0.006080 0.929910
vt 0.014973 0.927429
vt 0.767445 0.469129
vt 0.767445 0.478810
vt 0.759235 0.476909
vt 0.756978 0.469262
vt 0.920584 0.411160
vt 0.929423 0.408674
vt 0.929423 0.420704
vt 0.918326 0.420873
vt 0.835756 0.928558
vt 0.835756 0.940219
vt 0.826862 0.937820
vt 0.824634 0.928261
vt 0.471216 0.939205
vt 0.469031 0.929582
vt 0.480108 0.929676
vt 0.480108 0.941582
vt 0.893711 0.557411
vt 0.891310 0.548268
vt 0.902902 0.547670
vt 0.902902 0.559331
vt 0.058225 0.379680
vt 0.046262 0.379323
vt 0.048708 0.370408
vt 0.058225 0.368381
vt 0.213119 0.974217
vt 0.210973 0.966485
vt 0.221043 0.965998
vt 0.221043 0.975977
vt 0.886900 0.929948
vt 0.896133 0.928105
vt 0.896133 0.939658
vt 0.884575 0.939028
vt 0.824634 0.988018
vt 0.830025 0.985649
vt 0.830025 0.992936
vt 0.323885 0.993190
vt 0.318547 0.990832
vt 0.323885 0.985987
vt 0.732784 0.633858
vt 0.732784 0.639727
vt 0.726294 0.636380
vt 0.681105 0.293410
vt 0.686647 0.291265
vt 0.686647 0.298307
vt 0.699947 0.298267
vt 0.694413 0.296159
vt 0.699947 0.291265
vt 0.796591 0.993371
vt 0.791366 0.990674
vt 0.796591 0.986071
vt 0.745238 0.639727
vt 0.740550 0.637733
vt 0.745238 0.633326
vt 0.452030 0.053264
vt 0.452030 0.058465
vt 0.446284 0.055326
vt 0.109912 0.992654
vt 0.105368 0.990103
vt 0.109912 0.986119
vt 0.464793 0.053264
vt 0.464793 0.058835
vt 0.459796 0.056381
vt 0.477509 0.053264
vt 0.477509 0.058775
vt 0.472559 0.056352
vt 0.433423 0.053837
vt 0.433423 0.058762
vt 0.429076 0.056495
vt 0.582462 0.930138
vt 0.591403 0.927794
vt 0.591403 0.939703
vt 0.580242 0.939759
vt 0.859528 0.941292
vt 0.848314 0.940902
vt 0.850561 0.931497
vt 0.859528 0.929431
vt 0.616638 0.984975
vt 0.616638 0.992126
vt 0.611285 0.987758
vt 0.612038 0.982298
vt 0.826617 0.470770
vt 0.826617 0.478010
vt 0.821237 0.473623
vt 0.821994 0.468107
vt 0.639238 0.908050
vt 0.626873 0.910031
vt 0.628555 0.898858
vt 0.639238 0.895454
vt 0.116575 0.938554
vt 0.105368 0.938229
vt 0.107671 0.928742
vt 0.116575 0.926565
vt 0.438369 0.965724
vt 0.438369 0.976240
vt 0.430785 0.974024
vt 0.428798 0.965761
vt 0.024949 0.973914
vt 0.023141 0.966136
vt 0.032746 0.966900
vt 0.032746 0.976582
vt 0.339682 0.893780
vt 0.338398 0.881826
vt 0.350001 0.884815
vt 0.350001 0.897694
vt 0.267351 0.911286
vt 0.255544 0.914057
vt 0.256771 0.902474
vt 0.267351 0.898893
vt 0.500596 0.939455
vt 0.499601 0.929757
vt 0.509567 0.932523
vt 0.509567 0.942972
vt 0.374865 0.923266
vt 0.373598 0.912767
vt 0.383701 0.915874
vt 0.383701 0.927139
vt 0.559084 0.932266
vt 0.567968 0.929943
vt 0.567968 0.941286
vt 0.556892 0.941573
vt 0.740791 0.891337
vt 0.729405 0.895319
vt 0.729622 0.882724
vt 0.740791 0.878417
vt 0.385396 0.902532
vt 0.373598 0.905001
vt 0.374929 0.893214
vt 0.385396 0.889530
vt 0.884575 0.989457
vt 0.889947 0.985272
vt 0.889947 0.992070
vt 0.885297 0.994725
vt 0.265674 0.933195
vt 0.255544 0.935396
vt 0.256828 0.925395
vt 0.265674 0.921823
vt 0.500002 0.890844
vt 0.499601 0.878623
vt 0.511385 0.882522
vt 0.511385 0.895019
vt 0.530723 0.882477
vt 0.530723 0.895268
vt 0.519321 0.891107
vt 0.519151 0.878623
vt 0.440568 0.883310
vt 0.440568 0.896449
vt 0.430234 0.892597
vt 0.428798 0.880715
vt 0.297815 0.904482
vt 0.308522 0.900899
vt 0.308522 0.913096
vt 0.296715 0.915771
vt 0.434127 0.986733
vt 0.434127 0.993581
vt 0.428798 0.989277
vt 0.429530 0.984006
vt 0.911538 0.106455
vt 0.911538 0.118321
vt 0.902507 0.116239
vt 0.900254 0.106841
vt 0.461265 0.901052
vt 0.461265 0.913917
vt 0.450729 0.910491
vt 0.449285 0.899006
vt 0.940639 0.610551
vt 0.945272 0.606923
vt 0.945272 0.612982
vt 0.941296 0.615289
vt 0.319759 0.925957
vt 0.328586 0.922433
vt 0.328586 0.933162
vt 0.318547 0.936098
vt 0.401150 0.985983
vt 0.401150 0.992959
vt 0.395696 0.988648
vt 0.396482 0.983456
vt 0.888138 0.737080
vt 0.898436 0.733214
vt 0.898436 0.746351
vt 0.886760 0.748990
vt 0.232599 0.893099
vt 0.243066 0.889465
vt 0.243066 0.902259
vt 0.231261 0.904933
vt 0.397645 0.967127
vt 0.405209 0.964439
vt 0.405209 0.974985
vt 0.395696 0.975690
vt 0.721538 0.906738
vt 0.709901 0.909792
vt 0.711086 0.898137
vt 0.721538 0.894326
vt 0.859805 0.881969
vt 0.859805 0.894848
vt 0.848568 0.890491
vt 0.848314 0.877971
vt 0.062282 0.898646
vt 0.072889 0.895173
vt 0.072889 0.908041
vt 0.060827 0.910108
vt 0.649275 0.900355
vt 0.647992 0.888519
vt 0.659766 0.891283
vt 0.659766 0.904074
vt 0.028469 0.987038
vt 0.028469 0.993885
vt 0.023141 0.989636
vt 0.023924 0.984348
vt 0.210973 0.988016
vt 0.216444 0.983743
vt 0.216444 0.990684
vt 0.211767 0.993173
vt 0.158483 0.890557
vt 0.158483 0.903561
vt 0.147979 0.899892
vt 0.146594 0.888107
vt 0.521361 0.932455
vt 0.530128 0.929913
vt 0.530128 0.941289
vt 0.519151 0.941830
vt 0.903899 0.989678
vt 0.909204 0.985443
vt 0.909204 0.992268
vt 0.904661 0.994883
vt 0.085416 0.986050
vt 0.090765 0.981723
vt 0.090765 0.988936
vt 0.086147 0.991573
vt 0.938218 0.417939
vt 0.938218 0.405024
vt 0.946101 0.407017
vt 0.946101 0.419932
vt 0.396759 0.903445
vt 0.407380 0.899608
vt 0.407380 0.911774
vt 0.395696 0.914771
vt 0.693326 0.936249
vt 0.691095 0.926524
vt 0.702107 0.926746
vt 0.702107 0.938768
vt 0.319786 0.911157
vt 0.318547 0.899562
vt 0.330303 0.902232
vt 0.330303 0.914667
vt 0.824668 0.889099
vt 0.824634 0.876099
vt 0.835788 0.880420
vt 0.835788 0.893560
vt 0.319175 0.878830
vt 0.330303 0.874361
vt 0.330303 0.887497
vt 0.319066 0.891796
vt 0.168294 0.893211
vt 0.178782 0.889582
vt 0.178782 0.902549
vt 0.166748 0.904714
vt 0.839802 0.235043
vt 0.838476 0.225151
vt 0.848737 0.227289
vt 0.848737 0.238588
vt 0.191394 0.901149
vt 0.189872 0.889587
vt 0.201802 0.891753
vt 0.201802 0.904753
vt 0.872999 0.987918
vt 0.872999 0.993938
vt 0.868382 0.990106
vt 0.869038 0.985507
vt 0.680981 0.897281
vt 0.669344 0.900176
vt 0.670691 0.888221
vt 0.680981 0.884362
vt 0.015375 0.892135
vt 0.003883 0.895943
vt 0.004035 0.883427
vt 0.015375 0.879341
vt 0.023459 0.891576
vt 0.023141 0.879341
vt 0.034956 0.883078
vt 0.034956 0.895513
vt 0.938873 0.545004
vt 0.938873 0.555850
vt 0.929835 0.552703
vt 0.928311 0.543143
vt 0.056741 0.989663
vt 0.062019 0.985348
vt 0.062019 0.992195
vt 0.057530 0.994855
vt 0.886646 0.977366
vt 0.884575 0.970369
vt 0.893524 0.967528
vt 0.893524 0.977506
vt 0.470994 0.969494
vt 0.477891 0.969065
vt 0.477891 0.978964
vt 0.469031 0.976616
vt 0.923894 0.987732
vt 0.929386 0.983444
vt 0.929386 0.990453
vt 0.924787 0.993008
vt 0.296715 0.987872
vt 0.302234 0.983639
vt 0.302234 0.990549
vt 0.297513 0.993053
vt 0.993483 0.936094
vt 0.993483 0.942161
vt 0.988821 0.938491
vt 0.989499 0.933756
vt 0.255544 0.986679
vt 0.260873 0.982327
vt 0.260873 0.989485
vt 0.256305 0.992137
vt 0.770310 0.934304
vt 0.770310 0.945474
vt 0.761331 0.943122
vt 0.759226 0.934033
vt 0.086622 0.919147
vt 0.095481 0.915241
vt 0.095481 0.926418
vt 0.085416 0.929623
vt 0.920458 0.106868
vt 0.930078 0.103008
vt 0.930078 0.113737
vt 0.920106 0.117344
vt 0.761212 0.354765
vt 0.759153 0.346696
vt 0.768775 0.347408
vt 0.768775 0.357157
vt 0.751595 0.232684
vt 0.751595 0.238627
vt 0.746971 0.235933
vt 0.746025 0.230673
vt 0.940522 0.666527
vt 0.945401 0.662961
vt 0.945401 0.669048
vt 0.941240 0.671117
vt 0.130415 0.986782
vt 0.130415 0.993644
vt 0.125062 0.989407
vt 0.125769 0.984120
vt 0.811040 0.991943
vt 0.810125 0.985961
vt 0.815449 0.988679
vt 0.815449 0.993316
vt 0.868392 0.890542
vt 0.868382 0.877677
vt 0.879710 0.881800
vt 0.879710 0.894803
vt 0.395771 0.878975
vt 0.407098 0.874706
vt 0.407098 0.887708
vt 0.395696 0.891842
vt 0.768135 0.170744
vt 0.768135 0.182372
vt 0.759431 0.176472
vt 0.343360 0.987660
vt 0.343360 0.992871
vt 0.339309 0.990655
vt 0.338398 0.986097
vt 0.838143 0.322640
vt 0.838143 0.332760
vt 0.830537 0.330042
vt 0.828512 0.321623
vt 0.330212 0.753387
vt 0.320479 0.757188
vt 0.320627 0.746464
vt 0.330212 0.742209
vt 0.199533 0.971961
vt 0.189872 0.972876
vt 0.191920 0.964415
vt 0.199533 0.961748
vt 0.926501 0.480014
vt 0.926501 0.491280
vt 0.916986 0.487033
vt 0.916892 0.476187
vt 0.405770 0.925540
vt 0.405771 0.936144
vt 0.396864 0.932590
vt 0.395696 0.922538
vt 0.932853 0.291576
vt 0.932853 0.297457
vt 0.928272 0.294775
vt 0.927341 0.289559
vt 0.909126 0.489394
vt 0.896785 0.491280
vt 0.898380 0.480103
vt 0.909126 0.476877
vt 0.003883 0.903709
vt 0.013547 0.907975
vt 0.013547 0.919663
vt 0.004779 0.915503
vt 0.969571 0.658114
vt 0.969571 0.669942
vt 0.960424 0.664870
vt 0.582636 0.908234
vt 0.591403 0.904120
vt 0.591403 0.915748
vt 0.581738 0.920028
vt 0.222563 0.898656
vt 0.222563 0.911153
vt 0.212190 0.907393
vt 0.210973 0.895697
vt 0.943952 0.045888
vt 0.943951 0.052180
vt 0.939231 0.048614
vt 0.939879 0.043755
vt 0.970130 0.087271
vt 0.974864 0.083623
vt 0.974864 0.089967
vt 0.970793 0.092151
vt 0.655785 0.940519
vt 0.655785 0.953567
vt 0.647992 0.951736
vt 0.647992 0.938688
vt 0.148714 0.988177
vt 0.146594 0.981556
vt 0.155518 0.979271
vt 0.155518 0.988601
vt 0.901388 0.411985
vt 0.908036 0.414058
vt 0.908036 0.421020
vt 0.898368 0.421165
vt 0.364913 0.979535
vt 0.364913 0.988877
vt 0.358148 0.988315
vt 0.356016 0.981638
vt 0.093372 0.939364
vt 0.093372 0.952118
vt 0.085416 0.950143
vt 0.085416 0.937389
vt 0.458211 0.978400
vt 0.451332 0.978300
vt 0.449285 0.971393
vt 0.458211 0.968532
vt 0.970194 0.852173
vt 0.977135 0.852049
vt 0.977135 0.862020
vt 0.968125 0.859160
vt 0.833560 0.967968
vt 0.833560 0.977883
vt 0.826603 0.977503
vt 0.824634 0.970374
vt 0.786953 0.702526
vt 0.786953 0.711185
vt 0.780945 0.710461
vt 0.779222 0.704158
vt 0.288832 0.946901
vt 0.288832 0.957861
vt 0.279521 0.956158
vt 0.279521 0.945198
vt 0.220430 0.947391
vt 0.220430 0.958232
vt 0.210973 0.956656
vt 0.210973 0.945816
vt 0.935110 0.357113
vt 0.927424 0.354805
vt 0.929201 0.348622
vt 0.935110 0.348331
vt 0.391655 0.462307
vt 0.383708 0.464320
vt 0.383708 0.451489
vt 0.391655 0.449476
vt 0.064536 0.957886
vt 0.056741 0.959706
vt 0.056741 0.946791
vt 0.064536 0.944971
vt 0.732287 0.239219
vt 0.730504 0.233071
vt 0.738259 0.230673
vt 0.738259 0.239439
vt 0.134372 0.956076
vt 0.125062 0.957788
vt 0.125062 0.946777
vt 0.134372 0.945065
vt 0.947387 0.287034
vt 0.956785 0.285350
vt 0.956785 0.296280
vt 0.947387 0.297964
vt 0.916126 0.802574
vt 0.916126 0.810496
vt 0.910132 0.809945
vt 0.908230 0.804278
vt 0.677306 0.936792
vt 0.677306 0.949565
vt 0.669344 0.947566
vt 0.669344 0.934792
vt 0.189872 0.941208
vt 0.197773 0.939286
vt 0.197773 0.952060
vt 0.189872 0.953982
vt 0.948225 0.808276
vt 0.948225 0.795495
vt 0.956090 0.797417
vt 0.956090 0.810198
vt 0.198801 0.989906
vt 0.189872 0.987877
vt 0.192004 0.981257
vt 0.198801 0.980642
vt 0.168854 0.989988
vt 0.166748 0.983525
vt 0.175695 0.981392
vt 0.175695 0.990520
vt 0.691095 0.947982
vt 0.700595 0.946534
vt 0.700595 0.957334
vt 0.691095 0.958781
vt 0.501737 0.979173
vt 0.499601 0.972664
vt 0.508876 0.970338
vt 0.508876 0.979582
vt 0.166748 0.941044
vt 0.174556 0.939248
vt 0.174556 0.952296
vt 0.166748 0.954092
vt 0.003883 0.948776
vt 0.013263 0.947237
vt 0.013263 0.958077
vt 0.003883 0.959616
vt 0.912869 0.967803
vt 0.912869 0.977677
vt 0.903899 0.974815
vt 0.905961 0.967907
vt 0.717712 0.946240
vt 0.717712 0.959193
vt 0.709901 0.957409
vt 0.709901 0.944456
vt 0.255544 0.954172
vt 0.255544 0.943162
vt 0.264890 0.944900
vt 0.264890 0.955911
vt 0.365587 0.950781
vt 0.357767 0.952705
vt 0.357767 0.939705
vt 0.365587 0.937781
vt 0.796619 0.703356
vt 0.802621 0.702526
vt 0.802621 0.710767
vt 0.794719 0.709355
vt 0.380065 0.791875
vt 0.378163 0.785823
vt 0.386082 0.784325
vt 0.386082 0.792653
vt 0.438132 0.947028
vt 0.438132 0.957958
vt 0.428798 0.956324
vt 0.428798 0.945394
vt 0.671477 0.988170
vt 0.669344 0.981280
vt 0.678253 0.979263
vt 0.678253 0.988845
vt 0.738777 0.969169
vt 0.738777 0.978351
vt 0.731553 0.977866
vt 0.729405 0.971386
vt 0.925798 0.231057
vt 0.931717 0.230632
vt 0.931717 0.238564
vt 0.923965 0.236649
vt 0.434484 0.795443
vt 0.442440 0.793421
vt 0.442440 0.806202
vt 0.434484 0.808224
vt 0.841933 0.464609
vt 0.848657 0.466703
vt 0.848657 0.473705
vt 0.838896 0.473852
vt 0.626873 0.957526
vt 0.626873 0.944695
vt 0.634706 0.946566
vt 0.634706 0.959398
vt 0.428798 0.869270
vt 0.428798 0.857547
vt 0.441299 0.853979
vt 0.441299 0.872949
vt 0.955608 0.177441
vt 0.947810 0.179213
vt 0.947810 0.166182
vt 0.955608 0.164410
vt 0.381451 0.947859
vt 0.373598 0.949828
vt 0.373598 0.936874
vt 0.381451 0.934905
vt 0.909877 0.172088
vt 0.915852 0.171552
vt 0.915852 0.179561
vt 0.907974 0.177824
vt 0.048975 0.957826
vt 0.041147 0.959676
vt 0.041147 0.946821
vt 0.048975 0.944971
vt 0.619107 0.939705
vt 0.619107 0.952736
vt 0.611285 0.950864
vt 0.611285 0.937834
vt 0.893975 0.948921
vt 0.893975 0.959762
vt 0.884575 0.958265
vt 0.884575 0.947424
vt 0.761348 0.981745
vt 0.759226 0.974909
vt 0.768173 0.972745
vt 0.768173 0.982291
vt 0.857246 0.969065
vt 0.857246 0.978880
vt 0.850277 0.978567
vt 0.848314 0.971536
vt 0.158982 0.865206
vt 0.158982 0.876996
vt 0.146594 0.880341
vt 0.146594 0.861264
vt 0.937844 0.115863
vt 0.937844 0.103008
vt 0.945751 0.105036
vt 0.945751 0.117891
vt 0.449285 0.949960
vt 0.458773 0.948580
vt 0.458773 0.959386
vt 0.449285 0.960766
vt 0.834096 0.958808
vt 0.824634 0.960202
vt 0.824634 0.949379
vt 0.834096 0.947985
vt 0.824634 0.853167
vt 0.837093 0.849293
vt 0.837093 0.868333
vt 0.824634 0.864934
vt 0.202148 0.881821
vt 0.189872 0.878363
vt 0.189872 0.866595
vt 0.202148 0.862781
vt 0.114710 0.957204
vt 0.105368 0.958821
vt 0.105368 0.947937
vt 0.114710 0.946320
vt 0.605263 0.116836
vt 0.605263 0.122880
vt 0.599428 0.124675
vt 0.596766 0.116679
vt 0.967540 0.100630
vt 0.974908 0.100589
vt 0.974908 0.114579
vt 0.967540 0.114619
vt 0.065631 0.692999
vt 0.065631 0.700972
vt 0.059090 0.700668
vt 0.057136 0.694903
vt 0.477239 0.902846
vt 0.477239 0.921816
vt 0.469031 0.921773
vt 0.469031 0.902804
vt 0.681829 0.857633
vt 0.681829 0.876596
vt 0.669344 0.872804
vt 0.669344 0.861085
vt 0.023141 0.903292
vt 0.031137 0.903279
vt 0.031137 0.922248
vt 0.023141 0.922261
vt 0.800828 0.969103
vt 0.800828 0.978305
vt 0.793526 0.978291
vt 0.791366 0.971694
vt 0.768692 0.953255
vt 0.768692 0.964979
vt 0.759226 0.964963
vt 0.759226 0.953240
vt 0.134923 0.976354
vt 0.125062 0.971894
vt 0.134923 0.965554
vt 0.189872 0.931488
vt 0.189872 0.912519
vt 0.197282 0.912551
vt 0.197282 0.931520
vt 0.848314 0.959858
vt 0.848314 0.949059
vt 0.857753 0.950500
vt 0.857753 0.961299
vt 0.231261 0.912724
vt 0.238674 0.912700
vt 0.238674 0.931662
vt 0.231261 0.931686
vt 0.961218 0.225074
vt 0.968625 0.224874
vt 0.968625 0.238864
vt 0.961218 0.239064
vt 0.166748 0.912512
vt 0.174158 0.912481
vt 0.174158 0.931450
vt 0.166748 0.931482
vt 0.105368 0.966629
vt 0.113576 0.966587
vt 0.113576 0.978311
vt 0.105368 0.978353
vt 0.968438 0.050421
vt 0.959147 0.044512
vt 0.968438 0.038698
vt 0.373598 0.854993
vt 0.373598 0.836024
vt 0.387587 0.836066
vt 0.387587 0.855035
vt 0.969896 0.614287
vt 0.960728 0.608282
vt 0.969896 0.602497
vt 0.405010 0.954931
vt 0.395696 0.956673
vt 0.395696 0.945652
vt 0.405010 0.943910
vt 0.347880 0.957130
vt 0.338398 0.958640
vt 0.338398 0.947800
vt 0.347880 0.946290
vt 0.683329 0.830790
vt 0.683329 0.849867
vt 0.669344 0.849495
vt 0.669344 0.830418
vt 0.373598 0.878006
vt 0.373598 0.866286
vt 0.385866 0.862801
vt 0.385866 0.881764
vt 0.691095 0.966676
vt 0.699191 0.966547
vt 0.699191 0.978337
vt 0.691095 0.978466
vt 0.519152 0.949747
vt 0.528632 0.949596
vt 0.528632 0.961364
vt 0.519151 0.961515
vt 0.243579 0.877815
vt 0.231261 0.881699
vt 0.231261 0.862670
vt 0.243579 0.866054
vt 0.085416 0.835540
vt 0.099404 0.835283
vt 0.099404 0.854323
vt 0.085416 0.854580
vt 0.717953 0.978749
vt 0.709901 0.978886
vt 0.709901 0.967095
vt 0.717953 0.966959
vt 0.647992 0.967108
vt 0.657118 0.961333
vt 0.657118 0.973123
vt 0.556892 0.949583
vt 0.566454 0.949339
vt 0.566454 0.961100
vt 0.556892 0.961344
vt 0.420630 0.956867
vt 0.420630 0.970856
vt 0.413223 0.970656
vt 0.413223 0.956666
vt 0.737416 0.903131
vt 0.737416 0.922094
vt 0.729405 0.922047
vt 0.729405 0.903085
vt 0.580242 0.979192
vt 0.580242 0.967469
vt 0.588239 0.967481
vt 0.588239 0.979205
vt 0.611285 0.974492
vt 0.611285 0.960502
vt 0.618653 0.960543
vt 0.618653 0.974532
vt 0.146595 0.911331
vt 0.153963 0.911327
vt 0.153963 0.930404
vt 0.146594 0.930408
vt 0.305815 0.975873
vt 0.296715 0.969981
vt 0.305815 0.964153
vt 0.876545 0.965973
vt 0.876545 0.977741
vt 0.868382 0.977611
vt 0.868382 0.965844
vt 0.326342 0.945647
vt 0.326342 0.958647
vt 0.318547 0.956864
vt 0.318547 0.943864
vt 0.048975 0.979161
vt 0.040963 0.979208
vt 0.040964 0.967488
vt 0.048975 0.967442
vt 0.650077 0.981297
vt 0.656879 0.980889
vt 0.656879 0.990132
vt 0.647992 0.987820
vt 0.669344 0.926982
vt 0.669344 0.907942
vt 0.676727 0.907986
vt 0.676727 0.927026
vt 0.179001 0.862846
vt 0.179001 0.881816
vt 0.166748 0.878180
vt 0.166748 0.866457
vt 0.848314 0.921577
vt 0.848314 0.902614
vt 0.856511 0.902703
vt 0.856511 0.921665
vt 0.146595 0.940145
vt 0.154517 0.938174
vt 0.154517 0.950928
vt 0.146594 0.952899
vt 0.085416 0.959967
vt 0.092802 0.959884
vt 0.092802 0.973874
vt 0.085416 0.973957
vt 0.937758 0.179932
vt 0.927890 0.175233
vt 0.937758 0.168911
vt 0.196927 0.416524
vt 0.196927 0.405640
vt 0.206349 0.407290
vt 0.206349 0.418174
vt 0.203860 0.836053
vt 0.203860 0.855015
vt 0.189872 0.854826
vt 0.189872 0.835863
vt 0.296715 0.954629
vt 0.296715 0.943608
vt 0.306033 0.945366
vt 0.306033 0.956387
vt 0.739004 0.949683
vt 0.739004 0.961403
vt 0.729405 0.961270
vt 0.729405 0.949550
vt 0.766609 0.851175
vt 0.752623 0.851523
vt 0.752623 0.832493
vt 0.766609 0.832146
vt 0.923894 0.931657
vt 0.923894 0.912695
vt 0.931307 0.912719
vt 0.931307 0.931682
vt 0.669344 0.957507
vt 0.676755 0.957331
vt 0.676755 0.971321
vt 0.669344 0.971497
vt 0.958661 0.950148
vt 0.958661 0.961871
vt 0.949052 0.961832
vt 0.949052 0.950108
vt 0.175832 0.973626
vt 0.166748 0.967773
vt 0.175832 0.961858
vt 0.338398 0.978167
vt 0.338398 0.966406
vt 0.346528 0.966570
vt 0.346528 0.978331
vt 0.660410 0.880753
vt 0.647992 0.877432
vt 0.647992 0.865671
vt 0.660410 0.861724
vt 0.382560 0.988806
vt 0.373598 0.986590
vt 0.375729 0.979983
vt 0.382560 0.979525
vt 0.519151 0.903118
vt 0.527194 0.903035
vt 0.527194 0.922064
vt 0.519151 0.922147
vt 0.556892 0.903137
vt 0.564897 0.903084
vt 0.564897 0.922124
vt 0.556892 0.922177
vt 0.832796 0.920366
vt 0.824634 0.920495
vt 0.824634 0.901455
vt 0.832796 0.901326
vt 0.507697 0.902914
vt 0.507697 0.921991
vt 0.499601 0.921862
vt 0.499601 0.902785
vt 0.938087 0.800025
vt 0.938087 0.811045
vt 0.928224 0.804627
vt 0.791366 0.922028
vt 0.791366 0.902951
vt 0.799418 0.903088
vt 0.799418 0.922165
vt 0.469031 0.949531
vt 0.478617 0.949348
vt 0.478617 0.961115
vt 0.469031 0.961299
vt 0.971932 0.283974
vt 0.971932 0.297964
vt 0.964551 0.297815
vt 0.964551 0.283825
vt 0.759226 0.907227
vt 0.766609 0.907183
vt 0.766609 0.926223
vt 0.759226 0.926267
vt 0.800869 0.961128
vt 0.791366 0.961337
vt 0.791366 0.949577
vt 0.800869 0.949367
vt 0.357767 0.929968
vt 0.357767 0.910939
vt 0.365154 0.910986
vt 0.365154 0.930015
vt 0.156583 0.960665
vt 0.156583 0.971505
vt 0.146594 0.966873
vt 0.956785 0.354914
vt 0.947427 0.356658
vt 0.947427 0.345698
vt 0.956785 0.343954
vt 0.381008 0.957769
vt 0.381008 0.971759
vt 0.373598 0.971584
vt 0.373598 0.957594
vt 0.097753 0.862346
vt 0.097753 0.881423
vt 0.085416 0.877475
vt 0.085416 0.865685
vt 0.964551 0.342668
vt 0.971932 0.342519
vt 0.971932 0.356509
vt 0.964551 0.356658
vt 0.868383 0.902733
vt 0.876512 0.902569
vt 0.876512 0.921598
vt 0.868382 0.921763
vt 0.318548 0.966501
vt 0.326744 0.966413
vt 0.326744 0.978132
vt 0.318547 0.978221
vt 0.626873 0.978924
vt 0.626873 0.967164
vt 0.634916 0.967247
vt 0.634916 0.979008
vt 0.265402 0.963677
vt 0.265402 0.974561
vt 0.255544 0.968147
vt 0.539610 0.961129
vt 0.539610 0.949339
vt 0.549126 0.949584
vt 0.549126 0.961374
vt 0.943946 0.237663
vt 0.943945 0.226840
vt 0.953452 0.228241
vt 0.953452 0.239064
vt 0.859685 0.308652
vt 0.859685 0.320442
vt 0.850140 0.320200
vt 0.850140 0.308410
vt 0.499601 0.962458
vt 0.499601 0.950738
vt 0.509076 0.950853
vt 0.509076 0.962572
vt 0.011888 0.967436
vt 0.011888 0.979203
vt 0.003883 0.979150
vt 0.003883 0.967382
vt 0.966427 0.964098
vt 0.966427 0.950108
vt 0.973814 0.950191
vt 0.973814 0.964181
vt 0.928679 0.746672
vt 0.921292 0.746719
vt 0.921292 0.727690
vt 0.928679 0.727643
vt 0.645425 0.573494
vt 0.645425 0.583981
vt 0.635733 0.580027
vt 0.365587 0.960471
vt 0.365587 0.971769
vt 0.356016 0.967420
vt 0.655360 0.911844
vt 0.655360 0.930922
vt 0.647992 0.930917
vt 0.647992 0.911840
vn -0.2899 -0.3052 -0.9071
vn -0.0889 0.9145 0.3948
vn -0.0887 0.9147 0.3942
vn -0.0885 0.9150 0.3936
vn -0.5582 0.5168 0.6490
vn -0.3268 -0.2321 0.9161
vn -0.6869 -0.2919 -0.6656
vn -0.2261 0.9379 0.2632
vn 0.9605 -0.2224 0.1675
vn -0.8385 -0.4947 -0.2285
vn -0.8362 -0.4990 -0.2273
vn -0.8382 -0.4966 -0.2255
vn 0.0513 -0.4452 -0.8940
vn -0.9032 -0.3179 0.2885
vn -0.9045 -0.3180 0.2842
vn -0.9029 -0.3223 0.2845
vn 0.9325 -0.2121 0.2924
vn 0.6262 0.7475 0.2219
vn 0.6267 0.7472 0.2210
vn -0.4472 0.6004 -0.6630
vn -0.8491 -0.5079 -0.1453
vn 0.6756 -0.4183 0.6071
vn 0.6725 -0.4210 0.6087
vn 0.6728 -0.4207 0.6085
vn 0.6731 -0.4244 0.6057
vn 0.9844 -0.1757 0.0095
vn 0.9843 -0.1761 0.0095
vn -0.6296 -0.7451 -0.2199
vn 0.3320 -0.4723 0.8165
vn 0.1728 -0.2127 -0.9617
vn 0.4123 -0.3992 0.8189
vn 0.3381 -0.4727 -0.8138
vn -0.2778 -0.4779 0.8333
vn 0.2060 -0.3887 0.8980
vn -0.3954 0.8732 -0.2851
vn -0.5808 0.7665 0.2741
vn 0.8010 -0.4738 -0.3659
vn -0.7282 -0.2648 -0.6322
vn -0.1793 -0.9041 0.3880
vn -0.1796 -0.9041 0.3876
vn -0.3424 -0.8746 -0.3432
vn 0.5888 0.8079 0.0234
vn -0.8089 -0.4928 -0.3207
vn 0.0276 0.9558 0.2927
vn 0.1172 -0.3865 0.9148
vn 0.5217 -0.3524 -0.7769
vn 0.6856 -0.4258 0.5905
vn 0.6839 -0.4315 0.5883
vn 0.6869 -0.4284 0.5871
vn -0.0218 -0.8678 -0.4964
vn 0.5274 -0.5225 0.6700
vn 0.0161 -0.2111 -0.9773
vn 0.0160 -0.2108 -0.9774
vn -0.7926 -0.6054 -0.0730
vn 0.2091 0.5162 -0.8306
vn -0.9985 0.0280 0.0463
vn 0.5090 0.1083 -0.8539
vn 0.6192 0.7619 0.1899
vn 0.6189 0.7623 0.1895
vn -0.4137 0.8580 -0.3044
vn -0.2800 -0.9005 0.3328
vn 0.4540 -0.5969 0.6615
vn 0.1248 0.8815 0.4554
vn 0.8428 0.4122 -0.3460
vn 0.2126 0.9597 -0.1838
vn -0.9859 0.1671 0.0064
vn -0.0681 -0.8895 -0.4518
vn -0.0676 -0.8896 -0.4518
vn 0.1744 0.9838 0.0403
vn -0.7612 0.4533 -0.4639
vn 0.2220 0.9578 -0.1828
vn -0.3088 -0.9406 0.1411
vn -0.3626 -0.8539 0.3733
vn -0.4692 0.8620 -0.1916
vn 0.4380 0.4004 0.8049
vn 0.7480 0.3597 0.5578
vn 0.0084 0.7988 -0.6015
vn -0.2100 0.7538 -0.6226
vn -0.5338 0.4442 0.7196
vn -0.1704 0.5236 0.8348
vn 0.2906 0.8455 -0.4479
vn 0.4690 0.8479 -0.2472
vn -0.8579 0.5060 -0.0899
vn -0.8430 0.4530 0.2901
vn 0.5197 0.7554 0.3992
vn 0.1813 0.8665 0.4650
vn 0.2478 0.4587 -0.8533
vn -0.1171 0.3887 -0.9139
vn -0.4541 0.7957 0.4008
vn 0.3698 0.4510 0.8123
vn 0.9065 0.4188 0.0531
vn 0.7948 0.4814 -0.3694
vn -0.2398 0.8687 0.4335
vn -0.1425 0.7769 0.6132
vn 0.7668 0.4660 -0.4414
vn 0.4813 0.5144 -0.7097
vn -0.5127 0.8243 0.2401
vn 0.6442 0.6846 0.3411
vn -0.1049 0.5308 -0.8410
vn -0.4428 0.5949 -0.6708
vn 0.0632 0.7796 0.6231
vn 0.5976 0.7995 -0.0600
vn -0.7359 0.5617 -0.3781
vn -0.8541 0.5198 -0.0196
vn 0.4080 0.7191 0.5625
vn 0.3671 0.6481 -0.6673
vn -0.5822 0.7298 0.3584
vn -0.3338 0.6790 0.6538
vn 0.8078 0.5524 -0.2057
vn -0.5990 0.8005 0.0200
vn 0.7297 0.5201 0.4438
vn 0.8732 0.4822 0.0702
vn -0.3797 0.7340 -0.5631
vn -0.3897 0.8137 -0.4313
vn 0.2254 0.5365 0.8132
vn 0.5888 0.4625 0.6629
vn 0.1739 0.6974 -0.6953
vn 0.8278 0.4785 -0.2929
vn -0.6560 0.7037 -0.2728
vn -0.6816 0.7261 -0.0904
vn 0.8511 0.5001 0.1599
vn 0.8435 0.4187 0.3366
vn -0.4053 0.4344 0.8044
vn 0.4978 0.8588 -0.1210
vn 0.2300 0.8948 -0.3826
vn -0.7228 0.4502 0.5243
vn -0.0828 0.8964 -0.4354
vn -0.3668 0.9176 -0.1531
vn -0.3646 0.9197 -0.1458
vn -0.3612 0.9202 -0.1510
vn -0.4087 0.2468 -0.8787
vn -0.2397 0.8842 0.4009
vn 0.1470 0.9173 0.3701
vn 0.1443 0.9197 0.3650
vn 0.2235 0.3116 -0.9236
vn -0.3822 0.8930 -0.2377
vn 0.4709 -0.8614 0.1903
vn -0.4358 -0.4011 -0.8057
vn -0.7501 -0.3596 -0.5550
vn -0.0102 -0.7975 0.6032
vn 0.2117 -0.7530 0.6230
vn 0.5355 -0.4442 -0.7183
vn 0.1676 -0.5243 -0.8349
vn -0.2923 -0.8453 0.4472
vn -0.4690 -0.8473 0.2493
vn 0.8572 -0.5067 0.0919
vn 0.8421 -0.4527 -0.2931
vn -0.5200 -0.7539 -0.4016
vn -0.1833 -0.8659 -0.4654
vn -0.2489 -0.4602 0.8522
vn 0.1202 -0.3887 0.9135
vn 0.4565 -0.7944 -0.4007
vn -0.3656 -0.4502 -0.8146
vn -0.9064 -0.4186 -0.0561
vn -0.7928 -0.4819 0.3732
vn 0.2391 -0.8677 -0.4359
vn 0.1409 -0.7763 -0.6145
vn -0.7680 -0.4663 0.4391
vn -0.4782 -0.5150 0.7114
vn 0.5140 -0.8240 -0.2385
vn -0.6457 -0.6835 -0.3404
vn 0.1028 -0.5308 0.8413
vn 0.4450 -0.5955 0.6689
vn -0.0609 -0.7789 -0.6242
vn -0.5983 -0.7988 0.0619
vn 0.7345 -0.5623 0.3798
vn 0.8543 -0.5196 0.0164
vn -0.4074 -0.7176 -0.5648
vn -0.3656 -0.6475 0.6687
vn 0.5829 -0.7303 -0.3562
vn 0.3311 -0.6785 -0.6557
vn -0.8094 -0.5508 0.2037
vn 0.5997 -0.7999 -0.0221
vn -0.7281 -0.5208 -0.4457
vn -0.8736 -0.4821 -0.0666
vn 0.3787 -0.7327 0.5655
vn 0.3916 -0.8133 0.4304
vn -0.2232 -0.5373 -0.8133
vn -0.5914 -0.4620 -0.6609
vn -0.1760 -0.6960 0.6962
vn -0.8292 -0.4774 0.2908
vn 0.6559 -0.7037 0.2732
vn 0.6818 -0.7261 0.0896
vn -0.8523 -0.4985 -0.1583
vn -0.8455 -0.4176 -0.3328
vn 0.4060 -0.4330 -0.8048
vn -0.4965 -0.8591 0.1240
vn -0.2148 -0.8935 0.3944
vn -0.2211 -0.8933 0.3913
vn -0.2182 -0.8964 0.3859
vn 0.7240 -0.4487 -0.5240
vn 0.0793 -0.8960 0.4368
vn 0.3673 -0.9193 0.1412
vn 0.3638 -0.9199 0.1465
vn 0.3594 -0.9222 0.1427
vn 0.4114 -0.2452 0.8779
vn 0.2499 -0.8818 -0.4000
vn 0.2459 -0.8857 -0.3939
vn 0.2430 -0.8838 -0.3999
vn -0.1546 -0.9193 -0.3620
vn -0.1488 -0.9196 -0.3635
vn -0.2270 -0.3105 0.9231
vn 0.3826 -0.8921 0.2405
vn 0.1846 -0.9828 0.0035
vn -0.4267 -0.8397 -0.3360
vn -0.4267 -0.8395 -0.3364
vn -0.4267 -0.8393 -0.3369
vn 0.1793 0.9052 -0.3854
vn 0.2065 0.7851 0.5840
vn 0.3818 0.8634 -0.3298
vn 0.0833 -0.9516 0.2958
vn 0.1389 -0.9400 -0.3117
vn -0.0852 0.9530 -0.2909
vn -0.1177 -0.8285 0.5475
vn 0.4983 0.5195 0.6941
vn 0.7836 -0.5384 -0.3101
vn 0.6717 0.5590 0.4861
vn -0.5786 -0.5423 -0.6091
vn -0.5790 -0.5420 -0.6091
vn 0.2282 -0.0118 0.9735
vn -0.1381 -0.9164 -0.3756
vn 0.2791 -0.3981 0.8739
vn 0.7137 -0.4621 -0.5264
vn -0.6650 0.3214 0.6741
vn 0.2486 -0.2162 -0.9442
vn -0.1066 0.9446 -0.3105
vn -0.3001 -0.1062 0.9480
vn -0.2713 -0.8764 0.3979
vn -0.9407 -0.1590 0.2995
vn -0.4617 0.7999 -0.3834
vn -0.4622 0.7994 -0.3839
vn 0.5505 -0.8343 -0.0301
vn -0.1526 -0.1970 -0.9684
vn -0.4366 -0.8795 -0.1892
vn -0.1178 -0.3459 -0.9309
vn -0.9035 -0.1451 0.4034
vn -0.7943 -0.2529 0.5524
vn 0.9867 -0.1614 0.0175
vn 0.6945 -0.5627 0.4484
vn 0.9519 -0.1842 0.2448
vn 0.3558 -0.4594 0.8139
vn 0.4760 -0.2895 -0.8304
vn -0.5018 -0.2672 -0.8227
vn -0.5653 -0.0986 -0.8190
vn -0.5651 -0.0994 -0.8190
vn -0.5654 -0.0980 -0.8189
vn -0.8483 -0.2348 -0.4746
vn -0.6839 -0.2248 -0.6941
vn -0.1828 -0.2685 -0.9458
vn 0.6687 -0.6365 0.3842
vn 0.2459 -0.9419 0.2290
vn 0.1102 -0.9434 0.3129
vn 0.1102 -0.9432 0.3134
vn -0.5758 -0.2600 0.7751
vn -0.0575 -0.8395 -0.5403
vn -0.8474 -0.3820 0.3689
vn 0.4764 -0.5328 0.6994
vn -0.7337 0.6429 0.2200
vn -0.7513 0.4170 0.5115
vn 0.3070 -0.9501 -0.0546
vn 0.2720 0.9122 0.3066
vn -0.2660 0.9511 0.1569
vn 0.5552 0.3045 -0.7739
vn -0.4630 0.5546 -0.6914
vn -0.5554 0.7438 0.3719
vn -0.5552 0.7437 0.3723
vn 0.8608 -0.2928 0.4163
vn -0.3859 -0.8609 0.3316
vn 0.4595 -0.5073 0.7290
vn 0.0294 -0.4260 0.9043
vn 0.3427 0.8762 0.3388
vn 0.3423 0.8765 0.3384
vn 0.1667 -0.2460 0.9548
vn -0.7398 -0.2565 0.6220
vn -0.7547 -0.5439 0.3668
vn -0.8809 -0.3989 0.2549
vn 0.0038 0.6435 -0.7655
vn 0.7521 0.5462 -0.3689
vn 0.6130 -0.7845 0.0934
vn -0.5930 -0.4554 -0.6641
vn -0.0972 0.9546 0.2817
vn 0.7591 -0.5542 0.3415
vn -0.9530 -0.2089 0.2194
vn -0.2583 0.9546 0.1484
vn 0.6299 -0.5622 -0.5359
vn -0.7968 0.5289 0.2923
vn 0.9426 -0.1086 0.3157
vn -0.0254 -0.9542 -0.2981
vn -0.0253 -0.9543 -0.2977
vn -0.0252 -0.9544 -0.2974
vn -0.1642 -0.0843 0.9828
vn -0.3362 0.9279 0.1609
vn -0.7730 -0.2260 0.5927
vn 0.9655 -0.2226 0.1349
vn -0.7165 -0.2528 0.6502
vn 0.5816 -0.7580 0.2953
vn -0.2164 -0.9590 0.1832
vn -0.8066 0.5910 -0.0011
vn -0.3224 -0.5035 -0.8015
vn -0.1487 0.4783 -0.8655
vn -0.1429 -0.9418 -0.3044
vn -0.1425 -0.9418 -0.3044
vn -0.1421 -0.9419 -0.3044
vn -0.6081 -0.2590 0.7504
vn -0.2944 -0.5766 0.7621
vn -0.6557 0.3810 -0.6518
vn 0.5729 -0.4381 0.6927
vn 0.4088 -0.6629 0.6273
vn -0.3154 -0.3990 0.8610
vn 0.2961 -0.9549 0.0223
vn -0.2929 0.9559 -0.0226
vn 0.1385 -0.0241 -0.9901
vn -0.8298 0.0769 0.5528
vn -0.4577 0.1135 -0.8819
vn -0.8272 -0.1645 0.5374
vn 0.0117 -0.8909 -0.4541
vn 0.1681 -0.5972 -0.7843
vn 0.5262 -0.4884 -0.6961
vn 0.3469 -0.5152 -0.7837
vn -0.6121 0.5956 0.5202
vn 0.5108 -0.4031 0.7593
vn 0.6968 0.7006 0.1538
vn 0.5211 0.7773 -0.3524
vn 0.5208 0.7772 -0.3532
vn -0.1192 -0.8867 0.4467
vn -0.1197 -0.8868 0.4465
vn 0.9833 -0.1392 0.1172
vn 0.3831 -0.2013 -0.9015
vn 0.9261 -0.2604 0.2730
vn 0.2007 0.9358 -0.2899
vn -0.1052 -0.4273 -0.8980
vn -0.9027 -0.1387 0.4074
vn -0.5935 -0.8046 -0.0175
vn 0.3385 -0.9277 -0.1571
vn 0.3386 -0.9278 -0.1568
vn -0.1619 -0.9822 -0.0948
vn -0.1614 -0.9823 -0.0951
vn 0.0187 -0.4669 0.8841
vn 0.9468 -0.2306 0.2246
vn -0.8339 -0.2408 0.4965
vn -0.4594 -0.7690 0.4445
vn 0.5488 -0.8258 0.1303
vn -0.3759 -0.3211 -0.8693
vn 0.4062 -0.5141 0.7554
vn -0.5006 -0.8588 -0.1093
vn -0.5010 -0.8586 -0.1087
vn 0.8077 -0.5895 -0.0022
vn 0.1370 0.9182 0.3717
vn 0.5181 0.6756 -0.5245
vn 0.3380 -0.2349 -0.9114
vn 0.1778 0.6255 0.7597
vn -0.1381 -0.3686 -0.9193
vn 0.8013 -0.5866 0.1175
vn 0.5927 0.7947 -0.1312
vn -0.6128 -0.7846 -0.0945
vn 0.3051 0.9426 -0.1360
vn 0.9765 0.0401 -0.2116
vn -0.8891 -0.1223 0.4411
vn -0.6180 -0.7617 -0.1945
vn -0.8337 -0.5408 -0.1120
vn 0.6390 -0.4319 -0.6365
vn 0.5819 -0.7641 -0.2785
vn -0.5807 0.7590 -0.2946
vn 0.3770 0.8619 0.3392
vn 0.8690 -0.2722 0.4131
vn 0.1219 0.8300 -0.5443
vn 0.1410 0.9612 0.2370
vn 0.1408 0.9614 0.2366
vn 0.6044 0.5553 -0.5713
vn -0.0568 0.0200 0.9982
vn -0.4009 -0.2653 -0.8769
vn 0.6190 -0.4260 0.6598
vn 0.8651 -0.4832 -0.1344
vn 0.4649 -0.7976 0.3843
vn 0.4652 -0.7973 0.3846
vn 0.2951 -0.9515 0.0868
vn 0.2993 -0.9498 0.0912
vn 0.2912 -0.9523 0.0916
vn 0.1959 -0.5304 -0.8248
vn -0.2798 0.7408 0.6107
vn -0.2857 0.8708 0.4000
vn -0.6247 0.0420 -0.7798
vn 0.4754 0.1453 -0.8677
vn -0.6569 -0.6076 -0.4464
vn -0.8251 -0.5633 -0.0435
vn 0.0285 -0.9420 0.3343
vn 0.0288 -0.9422 0.3338
vn 0.0294 -0.9424 0.3331
vn 0.1179 -0.9635 0.2404
vn -0.2021 -0.7843 -0.5865
vn -0.5322 -0.3971 0.7477
vn -0.6853 -0.2563 0.6817
vn -0.4521 -0.8916 0.0274
vn 0.8463 -0.4965 -0.1931
vn 0.5007 0.8590 0.1069
vn 0.5013 0.8587 0.1061
vn 0.2696 0.8788 -0.3937
vn 0.8754 -0.4827 0.0252
vn -0.3399 0.8645 -0.3702
vn -0.3395 0.8646 -0.3704
vn -0.0803 0.2973 -0.9514
vn -0.3041 0.9509 0.0576
vn 0.0164 0.9227 -0.3851
vn 0.6601 -0.2550 -0.7065
vn 0.8325 0.5433 0.1086
vn 0.6650 -0.4702 -0.5802
vn -0.5067 -0.8558 0.1041
vn -0.5064 -0.8560 0.1041
vn 0.8107 -0.3073 0.4983
vn 0.0888 0.8348 0.5433
vn 0.0883 0.8349 0.5433
vn -0.4625 0.8852 -0.0493
vn -0.9714 -0.1958 0.1342
vn 0.3233 -0.3679 -0.8719
vn -0.2805 -0.9531 0.1138
vn -0.1497 -0.8312 -0.5354
vn 0.4473 0.8941 -0.0241
vn 0.7328 0.5808 -0.3546
vn 0.7328 0.5812 -0.3538
vn -0.0828 -0.4536 0.8874
vn 0.0714 0.9709 -0.2284
vn 0.2303 0.5522 -0.8012
vn 0.4124 -0.8573 0.3083
vn -0.1367 -0.3368 -0.9316
vn -0.3665 0.0975 0.9253
vn 0.4258 0.8408 0.3342
vn -0.1259 -0.8787 -0.4605
vn -0.1258 -0.8785 -0.4609
vn 0.3457 0.1039 0.9326
vn 0.2682 -0.9498 -0.1614
vn 0.4537 0.5930 -0.6652
vn -0.6121 0.7850 -0.0951
vn -0.6122 0.7849 -0.0956
vn -0.8819 -0.2727 0.3846
vn -0.9055 -0.4227 0.0381
vn -0.9053 -0.4230 0.0383
vn -0.6481 -0.1262 -0.7510
vn 0.5447 -0.2466 -0.8016
vn 0.9218 0.3478 -0.1712
vn -0.8499 -0.5252 0.0428
vn 0.7757 -0.4497 -0.4427
vn 0.7760 -0.4522 -0.4397
vn 0.7736 -0.4549 -0.4412
vn -0.4566 -0.2309 0.8592
vn 0.2871 -0.8684 -0.4043
vn -0.2108 -0.9766 -0.0427
vn 0.5458 -0.7501 -0.3735
vn 0.6947 0.6997 0.1665
vn -0.9209 -0.2496 -0.2995
vn -0.7943 -0.2530 0.5524
vn 0.1647 0.9080 -0.3852
vn 0.1646 0.9082 -0.3849
vn 0.2447 -0.2056 -0.9475
vn -0.5205 -0.8534 0.0285
vn 0.9748 -0.1082 -0.1951
vn -0.8661 -0.4915 -0.0911
vn -0.5426 0.7519 0.3746
vn -0.6075 -0.2251 -0.7618
vn 0.2051 -0.7053 -0.6785
vn 0.8675 -0.4610 -0.1868
vn 0.6480 -0.0377 0.7607
vn 0.3503 -0.9359 -0.0383
vn 0.0183 0.8690 0.4945
vn 0.0180 0.8690 0.4944
vn 0.0363 -0.5955 0.8025
vn -0.7000 -0.6986 -0.1481
vn -0.7000 -0.6987 -0.1476
vn -0.7000 -0.6989 -0.1469
vn 0.1397 0.8055 -0.5759
vn 0.6377 -0.5088 -0.5783
vn -0.2851 0.9546 -0.0867
vn -0.2895 0.9523 -0.0967
vn -0.2900 0.9528 -0.0902
vn -0.2031 -0.7261 -0.6568
vn -0.2040 -0.7259 -0.6569
vn 0.2668 -0.5204 -0.8112
vn -0.9463 0.1006 -0.3074
vn 0.7442 0.2200 0.6307
vn -0.0717 -0.9698 0.2333
vn -0.4099 0.1374 -0.9017
vn 0.2088 0.9769 0.0444
vn -0.3464 0.9358 -0.0650
vn -0.8717 -0.1877 0.4527
vn 0.4638 -0.8714 0.1601
vn 0.2093 0.7280 0.6529
vn 0.3994 -0.8721 0.2827
vn -0.8051 -0.4159 -0.4229
vn -0.0185 -0.9206 0.3900
vn -0.6586 0.7226 -0.2101
vn -0.2432 -0.6591 0.7117
vn -0.7273 -0.4465 -0.5212
vn 0.1231 0.8881 -0.4428
vn -0.8106 -0.5626 -0.1626
vn 0.6679 -0.3512 0.6562
vn 0.5001 -0.7207 -0.4800
vn 0.9741 -0.1819 -0.1344
vn -0.0049 0.6046 0.7965
vn 0.2774 -0.1979 -0.9402
vn -0.0385 0.5975 -0.8010
vn 0.2732 0.9551 -0.1145
vn -0.3467 0.9371 0.0407
vn 0.9378 0.3457 -0.0331
vn 0.8237 0.5651 0.0471
vn -0.1429 -0.8038 0.5775
vn 0.9691 -0.0987 0.2261
vn -0.7893 -0.4155 0.4520
vn -0.9962 0.0838 0.0224
vn 0.2458 -0.9678 -0.0538
vn -0.8993 -0.3108 0.3076
vn -0.8986 -0.3164 0.3041
vn -0.8977 -0.3149 0.3083
vn -0.1327 0.9423 0.3072
vn -0.0092 0.8915 0.4529
vn -0.2548 0.9670 0.0072
vn -0.2552 0.9669 0.0071
vn 0.4235 -0.5498 0.7200
vn 0.0611 -0.4971 0.8655
vn -0.5102 -0.8558 0.0858
vn -0.1125 -0.3365 0.9349
vn 0.5594 -0.7426 -0.3682
vn 0.5596 -0.7427 -0.3679
vn 0.5598 -0.7427 -0.3674
vn 0.1481 0.8336 0.5322
vn -0.8777 -0.2530 -0.4070
vn 0.5165 0.8559 -0.0270
vn -0.4057 0.6634 -0.6287
vn -0.0234 -0.8749 -0.4837
vn -0.0237 -0.8751 -0.4834
vn -0.0478 -0.1755 -0.9833
vn 0.1019 -0.9532 -0.2846
vn -0.4507 -0.5921 0.6680
vn -0.4489 -0.0783 -0.8901
vn -0.6695 0.6376 -0.3811
vn 0.2347 0.6614 -0.7124
vn 0.2351 0.6614 -0.7122
vn 0.5035 0.8581 -0.1011
vn 0.5030 0.8583 -0.1011
vn -0.7123 -0.4560 -0.5336
vn -0.7100 -0.4572 -0.5356
vn -0.7098 -0.4598 -0.5337
vn -0.5589 -0.1016 -0.8230
vn 0.6579 0.6091 0.4429
vn -0.2319 -0.5522 0.8008
vn 0.1303 0.9515 0.2788
vn 0.1257 0.9509 0.2829
vn 0.4334 0.8820 0.1850
vn -0.8578 -0.2172 0.4658
vn 0.4196 -0.2514 -0.8722
vn -0.9141 -0.1964 0.3547
vn -0.9143 -0.1954 0.3549
vn 0.2152 0.9277 -0.3051
vn -0.3752 -0.8610 -0.3434
vn 0.4607 -0.4239 -0.7798
vn -0.7635 -0.2985 -0.5727
vn -0.7438 -0.1859 -0.6420
vn -0.1201 -0.2153 -0.9691
vn 0.4632 -0.3992 0.7913
vn 0.3621 -0.3973 -0.8432
vn -0.1143 0.9649 -0.2366
vn 0.3373 -0.6359 0.6942
vn -0.5958 -0.7929 0.1282
vn -0.3516 -0.0272 0.9357
vn 0.5071 0.8577 -0.0846
vn -0.8917 -0.3881 0.2331
vn 0.8319 -0.2766 0.4811
vn 0.6371 -0.4650 -0.6147
vn 0.9411 0.0893 0.3262
vn -0.5755 -0.1505 -0.8038
vn 0.7173 -0.0124 -0.6966
vn 0.8976 -0.1388 0.4185
vn 0.8974 -0.1391 0.4187
vn 0.9739 -0.2176 0.0647
vn 0.1622 0.9824 0.0925
vn 0.1626 0.9824 0.0922
vn -0.2909 -0.2500 0.9235
vn 0.9666 -0.2318 0.1093
vn -0.8011 0.5876 -0.1144
vn 0.7669 -0.3028 0.5659
vn -0.8376 -0.4870 -0.2473
vn -0.8358 -0.4891 -0.2495
vn -0.8350 -0.4916 -0.2471
vn -0.8127 -0.3061 0.4958
vn 0.7161 -0.5268 0.4579
vn -0.3815 -0.4943 -0.7811
vn -0.7194 0.3825 -0.5798
vn -0.2240 -0.9564 0.1876
vn -0.1633 -0.9066 0.3891
vn -0.1630 -0.9070 0.3884
vn 0.7325 -0.6782 -0.0582
vn -0.1713 0.5976 0.7833
vn -0.1716 0.5977 0.7832
vn -0.2450 0.9681 0.0518
vn 0.2168 -0.9641 0.1530
vn 0.9826 0.0366 0.1819
vn 0.3908 -0.6631 0.6384
vn -0.0275 0.9436 -0.3298
vn -0.0276 0.9437 -0.3296
vn -0.0280 0.9439 -0.3290
vn 0.0653 0.4495 0.8909
vn 0.2632 -0.9527 -0.1519
vn 0.7558 -0.4438 -0.4814
vn -0.7320 -0.5802 0.3573
vn -0.7165 -0.1676 -0.6772
vn 0.7631 -0.4576 -0.4564
vn 0.7606 -0.4624 -0.4557
vn 0.7606 -0.4596 -0.4585
vn -0.6970 -0.1941 -0.6903
vn 0.3567 0.1279 -0.9254
vn 0.5039 -0.4334 0.7472
vn 0.5608 -0.5148 -0.6485
vn 0.0335 -0.8778 0.4779
vn -0.4595 0.7986 -0.3887
vn -0.5838 -0.7684 0.2621
vn 0.1251 -0.4672 0.8752
vn 0.1249 -0.4664 0.8757
vn 0.1253 -0.4679 0.8748
vn 0.8254 -0.4732 -0.3078
vn -0.8793 -0.2378 0.4126
vn 0.7103 -0.4796 -0.5152
vn 0.2187 -0.9242 0.3131
vn 0.2189 -0.9241 0.3133
vn 0.8209 -0.2521 -0.5123
vn -0.1575 -0.7749 0.6122
vn -0.9431 -0.2956 0.1524
vn 0.6092 0.7877 0.0917
vn 0.4574 -0.4032 -0.7926
vn 0.0414 -0.3812 -0.9236
vn 0.5825 0.7710 -0.2574
vn -0.6980 -0.6973 -0.1630
vn 0.5264 -0.2661 0.8075
vn -0.2085 -0.2660 0.9411
vn -0.9814 -0.1921 0.0060
vn 0.9226 -0.3791 -0.0710
vn 0.2284 -0.4283 0.8743
vn 0.2289 -0.4280 0.8743
vn 0.0531 0.8404 0.5394
vn 0.2276 -0.9376 -0.2629
vn -0.2204 -0.4537 0.8635
vn -0.2205 -0.4533 0.8636
vn -0.2202 -0.4541 0.8633
vn 0.7067 -0.4026 -0.5818
vn 0.4668 -0.7952 0.3869
vn -0.9566 -0.2266 -0.1832
vn 0.1766 0.3776 0.9090
vn 0.0658 0.8914 0.4484
vn 0.0654 0.8914 0.4484
vn 0.2854 -0.4438 -0.8495
vn -0.2826 0.9096 0.3046
vn -0.0771 -0.1984 -0.9771
vn -0.6424 -0.3748 0.6685
vn -0.6425 -0.3751 0.6682
vn -0.6426 -0.3753 0.6680
vn -0.2074 -0.3765 -0.9029
vn 0.8721 -0.2111 0.4415
vn -0.2862 -0.1101 0.9518
vn -0.6476 -0.0083 0.7620
vn -0.1952 -0.9329 0.3025
vn -0.1988 -0.9303 0.3081
vn -0.2010 -0.9328 0.2991
vn -0.9134 0.1744 0.3677
vn -0.4010 -0.2337 0.8858
vn -0.2238 -0.2535 0.9411
vn -0.8474 -0.0137 -0.5308
vn -0.7872 -0.1567 -0.5965
vn 0.3841 0.4957 0.7790
vn 0.3394 -0.6022 -0.7226
vn -0.2461 0.9430 -0.2239
vn 0.1390 -0.5145 0.8462
vn -0.9382 -0.3188 -0.1348
vn 0.0086 0.6421 0.7665
vn 0.4680 -0.8822 0.0515
vn -0.1358 -0.9505 -0.2794
vn -0.1361 -0.9488 -0.2851
vn -0.4164 -0.4194 0.8066
vn 0.2767 0.9030 -0.3288
vn 0.1399 0.9431 0.3017
vn 0.1404 0.9430 0.3017
vn -0.2170 -0.0277 -0.9758
vn 0.2589 -0.9659 -0.0092
vn 0.2686 0.8508 -0.4516
vn 0.2695 0.8510 -0.4508
vn 0.2683 0.8507 -0.4520
vn -0.0348 0.8805 -0.4729
vn 0.7729 -0.5094 -0.3784
vn 0.3583 0.8566 -0.3713
vn 0.3589 0.8564 -0.3713
vn -0.3875 0.6650 -0.6385
vn -0.1749 -0.6245 -0.7612
vn -0.5008 0.7231 0.4757
vn -0.2758 -0.8492 0.4504
vn -0.2755 -0.8491 0.4506
vn 0.3969 -0.4082 0.8221
vn -0.8527 -0.1628 0.4965
vn -0.5467 0.8367 0.0320
vn 0.7569 0.0047 -0.6535
vn 0.7244 0.4483 0.5237
vn -0.5911 -0.1953 -0.7826
vn -0.1785 -0.9831 -0.0409
vn 0.8569 -0.0281 0.5146
vn -0.1800 0.9837 0.0033
vn -0.1791 0.9838 0.0037
vn -0.2159 -0.9272 0.3061
vn -0.3750 -0.2551 0.8913
vn -0.8012 -0.5350 -0.2679
vn -0.8016 -0.5345 -0.2677
vn -0.7003 -0.2591 0.6652
vn 0.4341 0.0883 0.8965
vn 0.0942 -0.9126 -0.3977
vn 0.0941 -0.9129 -0.3972
vn 0.0939 -0.9131 -0.3968
vn -0.5212 -0.7758 0.3555
vn 0.8074 -0.1960 0.5564
vn -0.4993 -0.2870 -0.8175
vn 0.5410 -0.7920 -0.2829
vn -0.6982 -0.4650 -0.5443
vn -0.6960 -0.4689 -0.5438
vn -0.6983 -0.4674 -0.5422
vn -0.2131 0.9654 -0.1502
vn 0.0247 0.8780 0.4780
vn 0.5021 -0.2966 -0.8124
vn -0.1890 0.8502 0.4913
vn 0.1789 -0.4550 0.8723
vn -0.2750 -0.9102 -0.3096
vn 0.8875 -0.3358 -0.3156
vn 0.1516 -0.4770 0.8657
vn 0.1564 0.7752 -0.6121
vn 0.9669 -0.1870 0.1736
vn -0.8366 -0.5144 -0.1881
vn -0.9035 0.4049 -0.1408
vn -0.1446 -0.9606 -0.2374
vn -0.1450 -0.9604 -0.2379
vn -0.5488 0.8264 -0.1264
vn -0.5350 0.5816 -0.6128
vn -0.4606 0.8733 -0.1588
vn -0.3542 0.3033 0.8846
vn 0.8083 0.4787 0.3429
vn -0.2190 0.9247 -0.3114
vn -0.9119 -0.2280 0.3413
vn 0.7302 -0.4430 0.5201
vn 0.9361 -0.2287 0.2671
vn 0.2772 -0.7387 -0.6144
vn 0.2774 -0.7391 -0.6138
vn 0.2773 -0.7388 -0.6142
vn 0.2776 -0.7394 -0.6134
vn 0.4620 0.7696 -0.4408
vn 0.2844 -0.9061 -0.3132
vn 0.2870 -0.9075 -0.3068
vn 0.2808 -0.9102 -0.3045
vn -0.9360 0.3484 -0.0503
vn -0.1659 -0.2393 0.9567
vn -0.7399 -0.5067 -0.4426
vn 0.7966 -0.5273 -0.2956
vn 0.7966 -0.5275 -0.2953
vn -0.2078 0.7068 0.6762
vn 0.1886 -0.8479 -0.4955
vn 0.1885 -0.8480 -0.4953
vn -0.5385 0.7930 0.2850
vn 0.5758 0.5440 0.6103
vn 0.3424 -0.8627 0.3721
vn 0.5746 -0.2251 -0.7868
vn 0.1210 -0.3354 -0.9343
vn 0.3522 -0.9338 0.0636
vn -0.0821 -0.8329 -0.5473
vn -0.0827 -0.8329 -0.5473
vn -0.5106 -0.0642 -0.8574
vn -0.5111 -0.0639 -0.8571
vn 0.4690 -0.2096 -0.8580
vn 0.4686 -0.2093 -0.8583
vn 0.4686 -0.2093 0.8583
vn 0.4689 -0.2096 0.8580
vn -0.5111 -0.0639 0.8571
vn -0.5287 -0.1305 0.8387
vn -0.5289 -0.1302 0.8387
vn -0.5202 -0.1237 0.8450
vn -0.9993 -0.0371 0.0000
vn -0.5145 -0.1233 0.8486
vn -0.5149 -0.1230 0.8484
vn -0.5152 -0.1227 0.8483
vn -0.5129 -0.1176 0.8503
vn -0.5110 -0.0952 0.8543
vn -0.5096 -0.0729 0.8573
vn -0.5095 -0.0630 0.8582
vn -0.5093 -0.0632 0.8583
vn 0.4302 -0.3200 -0.8441
vn 0.4410 -0.2977 0.8467
vn 0.4407 -0.2973 0.8470
vn 0.9229 -0.3849 0.0000
vn 0.4608 -0.2497 -0.8516
vn 0.4610 -0.2499 -0.8515
vn -0.5095 -0.0630 -0.8582
vn -0.5214 -0.1015 -0.8473
vn -0.5241 -0.1225 -0.8428
vn -0.5237 -0.1230 -0.8430
vn -0.5179 -0.1300 -0.8455
vn -0.5176 -0.1302 -0.8456
vn 0.4685 -0.2194 0.8558
vn -1.0000 0.0087 0.0000
vn 0.9672 -0.2541 0.0000
vn 0.4408 -0.2974 -0.8469
vn 0.4410 -0.2977 -0.8467
vn 0.4478 -0.2845 -0.8476
vn 0.4685 -0.2194 -0.8558
vn 0.4730 -0.1985 -0.8584
vn 0.4741 -0.1903 -0.8596
vn 0.4738 -0.1901 -0.8599
vn 0.4478 -0.2845 0.8476
vn 0.4476 -0.2843 0.8478
vn -0.5110 -0.0952 -0.8543
vn -0.5113 -0.0949 -0.8541
vn 0.4730 -0.1985 0.8584
vn 0.4742 -0.1903 0.8596
vn 0.4739 -0.1901 0.8598
vn 0.4375 -0.3604 0.8238
vn 0.4181 -0.3429 0.8412
vn 0.4182 -0.3430 0.8411
vn 0.4177 -0.3421 0.8417
vn 0.4180 -0.3426 0.8414
vn 0.4302 -0.3200 0.8441
vn 0.4300 -0.3197 0.8443
vn 0.4549 -0.2670 0.8496
vn 0.4552 -0.2673 0.8493
vn 0.4547 -0.2668 0.8498
vn 0.4608 -0.2497 0.8516
vn 0.4610 -0.2499 0.8515
vn 0.4603 -0.2492 0.8521
vn 0.4154 0.8440 0.3394
vn 0.4152 0.8441 0.3392
vn -0.0230 0.9326 -0.3601
vn 0.0382 0.9414 0.3351
vn 0.0382 0.9414 -0.3351
vn 0.0083 0.9384 0.3455
vn 0.3985 0.8485 0.3481
vn -0.1846 0.9828 -0.0000
vn 0.0083 0.9384 -0.3455
vn -0.1468 0.9892 -0.0000
vn 0.4152 0.8441 -0.3392
vn 0.5958 0.8031 -0.0000
vn -0.2633 0.9647 0.0000
vn 0.3849 0.8495 -0.3609
vn 0.3985 0.8485 -0.3481
vn 0.6071 0.7946 -0.0000
vn -0.0230 0.9326 0.3601
vn 0.3759 0.8457 0.3788
vn 0.3758 0.8461 0.3780
vn -0.0768 0.9183 -0.3883
vn -0.0770 0.9180 -0.3891
vn -0.0771 0.9176 -0.3899
vn -0.0522 0.9254 0.3754
vn -0.0514 0.9257 0.3748
vn -0.0522 0.9254 -0.3754
vn -0.2941 0.9558 0.0000
vn 0.3849 0.8495 0.3609
vn 0.3676 0.8439 0.3908
vn 0.3670 0.8444 0.3904
vn 0.3664 0.8448 0.3899
vn -0.1000 0.9088 0.4050
vn -0.0999 0.9090 0.4045
vn 0.5895 0.8078 -0.0000
vn 0.3632 0.8509 0.3795
vn 0.3629 0.8512 0.3792
vn -0.0770 0.9180 0.3891
vn -0.0769 0.9182 0.3885
vn 0.3617 0.8403 0.4038
vn -0.0999 0.9092 -0.4041
vn -0.0999 0.9090 -0.4045
vn -0.1001 0.9088 -0.4051
vn 0.5769 0.8168 0.0000
vn -0.3314 0.9435 0.0000
vn -0.3589 0.9334 0.0000
vn 0.3616 0.8319 0.4209
vn 0.3613 0.8321 0.4207
vn 0.3616 0.8319 -0.4209
vn 0.3612 0.8322 -0.4207
vn 0.3618 0.8318 -0.4211
vn -0.1192 0.8996 -0.4200
vn -0.1193 0.8994 -0.4205
vn -0.1193 0.8994 0.4205
vn -0.1192 0.8996 0.4201
vn -0.1192 0.8998 0.4198
vn -0.1194 0.8993 0.4208
vn 0.5919 0.8060 0.0000
vn 0.3705 0.8154 0.4449
vn 0.3701 0.8157 0.4446
vn 0.3705 0.8154 -0.4449
vn -0.1396 0.8838 0.4465
vn -0.1395 0.8840 0.4462
vn -0.1396 0.8838 -0.4465
vn -0.3960 0.9182 0.0000
vn 0.3875 0.7887 -0.4773
vn 0.3880 0.7883 -0.4776
vn -0.1604 0.8623 -0.4803
vn -0.1605 0.8618 -0.4811
vn -0.1604 0.8626 -0.4799
vn -0.1604 0.8623 0.4803
vn -0.1605 0.8619 0.4810
vn -0.1605 0.8621 0.4807
vn -0.1603 0.8627 0.4797
vn 0.6241 0.7813 0.0000
vn -0.1760 0.8404 0.5126
vn -0.1760 0.8401 0.5131
vn 0.4089 0.7565 -0.5104
vn 0.4086 0.7568 -0.5102
vn -0.1760 0.8404 -0.5126
vn -0.5106 0.0106 -0.8597
vn 0.4536 -0.2301 -0.8610
vn -0.5106 0.0106 0.8597
vn -0.5099 -0.0061 0.8602
vn -0.5095 -0.0064 0.8604
vn 0.9580 -0.2868 -0.0000
vn -0.5088 -0.0234 -0.8606
vn -0.5091 -0.0232 -0.8604
vn 0.4711 -0.1897 -0.8614
vn -0.9982 0.0600 0.0000
vn -0.5091 -0.0232 0.8604
vn -0.5087 -0.0234 0.8606
vn -0.5095 -0.0064 -0.8604
vn -0.5099 -0.0061 -0.8602
vn -0.9914 0.1307 0.0000
vn 0.4678 -0.1933 0.8624
vn 0.4682 -0.1936 0.8621
vn 0.4501 0.7197 0.5286
vn -0.4703 0.8825 0.0000
vn -0.1533 0.8314 -0.5342
vn 0.7470 0.6648 0.0000
vn 0.4501 0.7197 -0.5286
vn -0.1501 0.8087 0.5687
vn 0.4897 0.6609 -0.5687
vn 0.4897 0.6609 0.5687
vn -0.0724 0.9201 -0.3850
vn -0.0722 0.9204 -0.3843
vn -0.0721 0.9206 -0.3837
vn -0.0725 0.9200 0.3851
vn -0.0722 0.9204 0.3843
vn -0.0721 0.9206 0.3837
vn 0.5928 0.8053 -0.0000
vn 0.3662 0.8450 -0.3898
vn 0.3670 0.8444 -0.3904
vn 0.3675 0.8440 -0.3908
vn 0.3632 0.8509 -0.3795
vn 0.3630 0.8511 -0.3793
vn 0.3759 0.8457 -0.3788
vn 0.3759 0.8456 -0.3791
vn -0.9217 0.3879 0.0000
vn 0.5251 0.0398 0.8501
vn 0.5319 0.5935 -0.6040
vn 0.5319 0.5935 0.6039
vn -0.5076 0.8616 0.0000
vn -0.1524 0.7700 0.6196
vn -0.1524 0.7700 -0.6196
vn 0.6988 0.7153 0.0000
vn 0.6027 0.7980 0.0000
vn -0.1501 0.8087 -0.5687
vn -0.4597 0.8881 0.0000
vn 0.5900 0.8074 0.0000
vn 0.6589 0.7523 0.0000
vn 0.4082 0.7572 0.5099
vn 0.4089 0.7565 0.5104
vn 0.4086 0.7568 0.5102
vn -0.2979 0.9546 0.0000
vn 0.3875 0.7887 0.4773
vn 0.3881 0.7882 0.4777
vn 0.8096 0.5870 0.0000
vn -0.1533 0.8314 0.5342
vn -0.1533 0.8311 0.5346
vn 0.3617 0.8403 -0.4038
vn 0.3613 0.8406 -0.4036
vn 0.3619 0.8401 -0.4040
vn -0.4370 0.8995 0.0000
vn -0.2263 0.9741 -0.0000
vn -0.4701 0.8826 0.0000
vn -0.5151 -0.1227 -0.8483
vn -0.5143 -0.1235 -0.8487
vn -0.5149 -0.1230 -0.8484
vn -0.5176 -0.1302 0.8456
vn -0.5179 -0.1299 0.8455
vn -0.9997 -0.0250 0.0000
vn 0.4546 -0.2666 -0.8499
vn 0.4549 -0.2670 -0.8496
vn 0.4546 -0.2667 -0.8498
vn 0.4177 -0.3422 -0.8417
vn 0.4180 -0.3426 -0.8414
vn 0.4182 -0.3430 -0.8411
vn -0.9994 -0.0332 0.0000
vn 0.9595 -0.2816 0.0000
vn 0.4534 -0.2299 0.8612
vn 0.4536 -0.2301 0.8610
vn 0.8934 -0.4493 0.0000
vn 0.4708 -0.1894 0.8617
vn 0.4711 -0.1897 0.8614
vn 0.4717 -0.1901 0.8610
vn -0.5129 -0.1176 -0.8503
vn 0.9488 -0.3160 -0.0000
vn -0.5096 -0.0729 -0.8573
vn 0.9620 -0.2730 0.0000
vn 0.4678 -0.1933 -0.8624
vn 0.9322 -0.3620 0.0000
vn -0.9962 0.0869 0.0000
vn 0.9963 -0.0855 0.0000
vn -0.9997 -0.0247 0.0000
vn -0.4404 0.2598 -0.8594
vn -0.4400 0.2596 -0.8596
vn -0.5204 -0.1235 -0.8449
vn -0.5202 -0.1237 -0.8450
vn -0.9986 -0.0534 0.0000
vn -0.9999 -0.0103 0.0000
vn -0.4337 0.2765 0.8576
vn 0.9652 -0.2614 0.0000
vn 0.9594 -0.2821 0.0000
vn -0.5237 -0.1230 0.8430
vn -0.5241 -0.1225 0.8428
vn -0.5239 -0.1227 0.8429
vn -1.0000 0.0052 -0.0000
vn -0.5291 -0.1299 -0.8385
vn -0.5287 -0.1305 -0.8387
vn -1.0000 0.0005 0.0000
vn -0.5214 -0.1015 0.8473
vn 0.8638 -0.5038 0.0000
vn 0.5215 0.0224 -0.8529
vn -0.9987 -0.0512 0.0000
vn -0.9987 -0.0518 -0.0000
vn 0.9407 -0.3391 0.0000
vn 0.9081 -0.4188 0.0000
vn 0.8609 0.5088 0.0000
vn 0.9366 -0.3505 0.0000
vn 0.4375 -0.3604 -0.8238
vn -0.2106 0.0184 0.9774
vn 0.2801 0.9515 0.1269
vn 0.2802 0.9514 0.1279
vn 0.2802 0.9513 0.1283
vn 0.6012 -0.3006 0.7404
vn -0.8526 -0.5207 -0.0440
vn 0.8008 0.3620 -0.4772
vn 0.5528 0.6627 0.5051
vn -0.5038 0.6713 0.5437
vn 0.0875 -0.9086 0.4083
vn -0.5393 0.8351 -0.1084
vn -0.8898 -0.0087 -0.4562
vn 0.8209 -0.5533 -0.1412
vn 0.9599 0.1389 0.2433
vn 0.7325 -0.5974 -0.3264
vn 0.5515 -0.2914 0.7816
vn -0.8362 0.4142 -0.3595
vn 0.9808 0.1923 -0.0313
vn 0.2179 -0.0111 -0.9759
vn 0.3175 -0.7219 0.6149
vn 0.3119 -0.7270 0.6117
vn 0.3163 -0.7250 0.6118
vn -0.0226 -0.4772 -0.8785
vn -0.1476 0.5839 0.7983
vn -0.4468 0.7709 -0.4539
vn -0.1293 0.6978 -0.7045
vn 0.2270 0.4096 0.8836
vn 0.9416 -0.3192 -0.1072
vn -0.9213 0.3784 -0.0893
vn -0.8972 0.3155 0.3089
vn 0.2948 -0.7536 0.5876
vn 0.2904 -0.7550 0.5879
vn 0.2892 -0.7581 0.5845
vn -0.0450 -0.5145 -0.8563
vn 0.9259 -0.3605 -0.1125
vn -0.7386 0.0850 -0.6687
vn -0.6082 0.2886 0.7395
vn -0.5185 -0.4580 -0.7221
vn 0.4394 -0.8865 0.1450
vn -0.6157 0.0375 -0.7871
vn -0.6149 0.0373 -0.7877
vn -0.6144 0.0372 -0.7881
vn -0.0639 0.2308 -0.9709
vn -0.8255 -0.1710 0.5378
vn -0.1851 -0.7349 -0.6524
vn -0.8997 -0.1076 0.4231
vn -0.1648 0.7575 -0.6317
vn -0.5591 -0.8240 -0.0913
vn 0.0253 -0.5011 0.8650
vn -0.8649 -0.4668 0.1846
vn -0.0492 -0.2658 -0.9628
vn -0.8823 0.4329 0.1845
vn -0.3853 -0.8993 0.2069
vn -0.3858 -0.8992 0.2067
vn -0.3852 -0.8993 0.2069
vn 0.7085 0.4188 -0.5680
vn 0.6360 0.1930 0.7471
vn 0.2206 -0.5829 0.7820
vn -0.9062 0.3331 0.2605
vn -0.4336 -0.6019 0.6706
vn -0.4343 -0.6015 0.6705
vn -0.5811 -0.7527 -0.3095
vn 0.2943 -0.1290 0.9470
vn 0.7546 -0.0876 -0.6504
vn 0.4110 -0.8137 -0.4111
vn 0.4106 -0.8137 -0.4114
vn 0.3637 0.7782 -0.5120
vn 0.6246 0.6046 0.4942
vn 0.5166 -0.0067 -0.8562
vn -0.9929 0.0799 -0.0884
vn 0.4943 -0.0406 -0.8683
vn 0.9497 0.2721 0.1547
vn -0.9703 -0.0444 -0.2379
vn -0.2631 0.3822 -0.8858
vn 0.6622 -0.6867 0.3000
vn -0.1085 -0.9741 -0.1985
vn -0.0928 0.9406 0.3266
vn 0.7564 -0.3256 0.5674
vn -0.0198 -0.7188 -0.6950
vn 0.2301 0.9731 0.0063
vn -0.1934 -0.7405 0.6436
vn 0.9226 -0.1438 0.3580
vn -0.6205 -0.4228 -0.6604
vn -0.4487 -0.2523 0.8573
vn 0.8804 0.2742 -0.3870
vn -0.5453 0.2352 0.8046
vn 0.9290 -0.1179 -0.3509
vn 0.9359 -0.1772 0.3045
vn 0.7859 0.2321 0.5731
vn 0.0577 0.0332 0.9978
vn -0.3822 0.9097 0.1627
vn 0.5436 -0.4526 -0.7069
vn -0.8396 -0.0935 0.5351
vn 0.3854 0.4216 -0.8208
vn 0.3848 0.4219 -0.8209
vn -0.8940 -0.4479 -0.0134
vn -0.8940 -0.4480 -0.0131
vn 0.3775 0.9047 0.1975
vn 0.0707 -0.5092 0.8577
vn 0.3279 0.5239 -0.7861
vn -0.2496 0.9669 0.0533
vn 0.3664 0.8245 -0.4311
vn 0.4431 -0.8913 0.0967
vn 0.2226 -0.8043 -0.5509
vn 0.4610 0.7694 -0.4422
vn 0.4605 0.7696 -0.4423
vn -0.1034 -0.2041 -0.9735
vn 0.7556 0.6529 0.0530
vn -0.1093 -0.9025 0.4166
vn -0.1090 -0.9023 0.4171
vn -0.2569 0.7907 -0.5556
vn -0.5792 0.7801 -0.2368
vn 0.0215 -0.9934 -0.1131
vn 0.0216 -0.9934 -0.1127
vn -0.5312 0.6620 0.5288
vn 0.9632 -0.2641 -0.0500
vn -0.7290 0.5188 -0.4465
vn -0.6566 -0.0290 0.7537
vn -0.5452 -0.2359 0.8045
vn -0.3263 -0.1688 0.9301
vn -0.9038 0.4112 0.1188
vn -0.9038 0.4111 0.1193
vn -0.1171 0.3787 0.9181
vn -0.6411 -0.4200 -0.6424
vn -0.2304 0.6415 -0.7317
vn -0.5569 -0.6151 0.5581
vn 0.4482 0.5883 0.6731
vn 0.0725 0.5588 0.8261
vn -0.3160 -0.2256 0.9215
vn -0.3166 -0.2253 0.9214
vn -0.0843 0.2723 -0.9585
vn -0.2465 0.3375 -0.9085
vn -0.2210 0.1949 -0.9556
vn -0.0644 0.1325 -0.9891
vn 0.3899 0.4220 -0.8185
vn 0.4356 0.4709 -0.7672
vn 0.1561 0.3448 -0.9256
vn -0.3345 -0.2016 0.9206
vn -0.0867 -0.1223 0.9887
vn 0.2984 0.0631 0.9523
vn 0.0515 -0.0467 0.9976
vn 0.0373 0.4910 0.8703
vn 0.7158 -0.4643 -0.5217
vn 0.7642 -0.5877 0.2657
vn 0.7642 -0.5874 0.2665
vn 0.6580 -0.0533 -0.7511
vn 0.7530 0.6528 0.0827
vn 0.7532 0.6526 0.0829
vn 0.7534 0.6523 0.0832
vn -0.0807 0.2934 0.9526
vn -0.0041 0.9146 0.4044
vn -0.0036 0.9146 0.4044
vn -0.0029 0.9146 0.4044
vn 0.1379 0.1380 0.9808
vn 0.3853 -0.4910 -0.7813
vn 0.6528 -0.6456 0.3964
vn 0.6524 -0.6452 0.3975
vn -0.6566 0.7542 -0.0104
vn -0.6409 0.2677 0.7194
vn 0.6893 0.3311 -0.6444
vn -0.9926 0.0085 0.1211
vn 0.8840 -0.1150 -0.4531
vn -0.5386 0.2483 -0.8051
vn -0.8133 -0.3956 0.4266
vn 0.9295 -0.2339 0.2853
vn 0.2608 0.0861 0.9616
vn 0.8765 -0.0926 0.4724
vn -0.1472 0.8217 0.5506
vn -0.1474 0.8214 0.5510
vn -0.0357 -0.3440 0.9383
vn -0.6632 -0.2437 -0.7076
vn -0.9048 -0.3814 0.1896
vn 0.6373 0.7646 -0.0958
vn -0.4055 -0.8773 -0.2567
vn 0.7373 0.0199 -0.6753
vn -0.8250 -0.3914 -0.4078
vn 0.2116 -0.3080 0.9275
vn 0.9561 0.2889 0.0496
vn -0.3000 -0.1724 -0.9382
vn -0.4681 -0.1984 -0.8611
vn -0.4366 0.2000 -0.8772
vn -0.9691 0.0693 0.2369
vn 0.3649 -0.5459 -0.7543
vn 0.3655 -0.5452 -0.7544
vn 0.3657 -0.5449 -0.7545
vn 0.4481 -0.7412 0.4999
vn 0.4485 -0.7407 0.5001
vn -0.7570 -0.1947 -0.6237
vn -0.5980 -0.6319 0.4930
vn 0.4048 -0.8664 -0.2925
vn 0.0814 -0.9845 -0.1552
vn 0.4498 -0.0662 -0.8907
vn -0.4282 0.5648 -0.7055
vn 0.9240 0.3429 0.1692
vn -0.9314 0.3012 -0.2042
vn -0.1101 0.1024 0.9886
vn 0.9872 -0.1074 0.1177
vn -0.2023 0.9452 -0.2563
vn 0.8583 0.3055 0.4122
vn -0.7309 0.2040 -0.6513
vn 0.8316 0.2182 0.5107
vn 0.3348 -0.9323 -0.1366
vn 0.3350 -0.9322 -0.1368
vn 0.6521 0.1971 0.7321
vn -0.1140 0.4920 -0.8631
vn -0.8799 0.0547 0.4720
vn 0.2896 0.3050 -0.9072
vn -0.3870 -0.1090 -0.9156
vn 0.6301 -0.3962 0.6678
vn 0.5067 0.3954 0.7662
vn -0.9488 -0.3037 0.0875
vn -0.9901 0.1158 0.0788
vn 0.9892 0.1417 -0.0366
vn -0.7194 0.4644 -0.5165
vn -0.7080 0.7015 -0.0817
vn 0.9032 -0.2414 -0.3549
vn -0.4658 -0.8466 -0.2574
vn -0.4968 0.7322 0.4660
vn -0.8748 -0.3839 -0.2956
vn -0.3094 -0.9234 -0.2272
vn -0.1634 0.9806 0.1086
vn -0.7756 -0.3310 0.5375
vn 0.2538 0.1453 -0.9563
vn 0.1634 -0.9806 -0.1086
vn 0.7080 -0.7015 0.0817
vn -0.5876 0.8085 -0.0325
vn -0.9565 -0.1015 -0.2737
vn -0.1686 0.9126 -0.3725
vn -0.1592 -0.2908 0.9434
vn -0.8029 0.1157 -0.5848
vn -0.0528 0.1069 -0.9929
vn 0.7856 0.5555 -0.2724
vn 0.1607 -0.8352 0.5260
vn 0.5512 0.2811 0.7856
vn -0.4266 -0.5535 0.7153
vn 0.6217 -0.0037 0.7832
vn -0.0962 0.7074 0.7002
vn 0.1193 -0.8156 -0.5661
vn -0.5591 0.1204 0.8203
vn -0.2538 -0.1453 0.9563
vn 0.4446 0.8867 -0.1270
vn 0.4658 0.8466 0.2574
vn -0.9892 -0.1417 0.0366
vn 0.2933 0.9537 -0.0663
vn -0.5071 0.7668 -0.3936
vn 0.3767 0.3814 -0.8441
vn -0.4446 -0.8867 0.1270
vn -0.4414 -0.8902 0.1131
vn -0.8167 -0.4947 -0.2972
vn 0.6893 -0.6623 -0.2935
vn 0.5873 0.3955 -0.7061
vn -0.8295 -0.0513 -0.5562
vn 0.5732 -0.7788 -0.2549
vn 0.9996 -0.0231 0.0149
vn 0.9241 0.1679 -0.3434
vn 0.3407 -0.0046 -0.9402
vn 0.9257 -0.1225 -0.3578
vn -0.5365 -0.1697 0.8267
vn -0.3542 0.0581 -0.9334
vn -0.9557 0.1854 -0.2288
vn 0.1505 0.8701 0.4693
vn 0.4569 -0.6641 -0.5918
vn -0.5545 0.2398 0.7969
vn 0.0170 0.9958 -0.0900
vn -0.2031 -0.8815 0.4263
vn 0.2572 0.7773 0.5741
vn 0.5070 -0.7668 0.3936
vn -0.1607 0.8352 -0.5260
vn 0.4338 -0.8591 0.2715
vn 0.0962 -0.7074 -0.7002
vn 0.6389 -0.2849 0.7146
vn -0.7677 -0.1775 0.6157
vn -0.4679 -0.4470 0.7624
vn -0.3953 0.7811 0.4834
vn -0.8225 -0.0194 0.5685
vn 0.3542 -0.0581 0.9334
vn 0.0176 -0.2980 -0.9544
vn 0.7677 0.1775 -0.6157
vn -0.4569 0.6641 0.5918
vn -0.6893 0.6623 0.2935
vn 0.2031 0.8815 -0.4262
vn -0.1094 -0.9491 0.2954
vn -0.0035 -0.1805 -0.9836
vn 0.3112 -0.2228 0.9238
vn -0.0975 0.3843 -0.9181
vn 0.8426 0.4477 -0.2992
vn -0.2572 -0.7774 -0.5741
vn 0.8295 0.0513 0.5562
vn -0.6878 -0.0532 -0.7240
vn -0.4510 0.1265 -0.8835
vn -0.6507 0.0187 -0.7591
vn 0.5055 0.1504 0.8496
vn 0.2877 0.0384 0.9570
vn 0.6406 -0.0384 0.7670
g Palm_10_Palm_10_Collor_Material
usemtl Collor_Material
s off
f 715/1/1 724/2/1 418/3/1 409/4/1
f 335/5/2 333/6/3 325/7/4 341/8/3
f 351/9/5 353/10/5 354/11/5 349/12/5
f 819/13/6 821/14/6 515/15/6 513/16/6
f 737/17/7 431/18/7 443/19/7 749/20/7
f 540/21/8 543/22/8 531/23/8 547/24/8
f 918/25/9 612/26/9 624/27/9 930/28/9
f 655/29/10 349/30/11 362/31/12 668/32/12
f 815/33/13 509/34/13 522/35/13 828/36/13
f 919/37/14 921/38/15 615/39/15 613/40/16
f 654/41/17 348/42/17 360/43/17 666/44/17
f 544/45/18 532/46/18 540/47/19 538/48/18
f 623/49/20 618/50/20 610/51/20 611/52/20
f 352/53/21 351/54/21 657/55/21 658/56/21
f 738/57/22 740/58/23 434/59/24 432/60/25
f 651/61/26 649/62/27 343/63/27 345/64/27
f 850/65/28 844/66/28 846/67/28 838/68/28
f 413/69/29 412/70/29 718/71/29 719/72/29
f 476/73/30 475/74/30 781/75/30 782/76/30
f 800/77/31 494/78/31 496/79/31 802/80/31
f 818/81/32 512/82/32 524/83/32 830/84/32
f 778/85/33 472/86/33 483/87/33 789/88/33
f 716/89/34 410/90/34 422/91/34 728/92/34
f 452/93/35 467/94/35 464/95/35 462/96/35
f 483/97/36 472/98/36 487/99/36 478/100/36
f 757/101/37 772/102/37 466/103/37 451/104/37
f 737/105/38 747/106/38 441/107/38 431/108/38
f 866/109/39 873/110/39 857/111/40 864/112/39
f 730/113/41 729/114/41 714/115/41 725/116/41
f 607/117/42 602/118/42 591/119/42 606/120/42
f 653/121/43 669/122/43 363/123/43 347/124/43
f 521/125/44 519/126/44 511/127/44 527/128/44
f 714/129/45 729/130/45 423/131/45 408/132/45
f 897/133/46 912/134/46 606/135/46 591/136/46
f 738/137/47 432/138/48 446/139/49 752/140/49
f 886/141/50 893/142/50 877/143/50 884/144/50
f 798/145/51 808/146/51 502/147/51 492/148/51
f 674/149/52 689/150/53 383/151/53 368/152/53
f 916/153/54 610/154/54 608/155/54 914/156/54
f 844/157/55 538/158/55 545/159/55 851/160/55
f 685/161/56 683/162/56 377/163/56 379/164/56
f 665/165/57 359/166/57 358/167/57 664/168/57
f 422/169/58 410/170/59 414/171/59 424/172/59
f 485/173/60 473/174/60 478/175/60 487/176/60
f 639/177/61 640/178/61 629/179/61 642/180/61
f 929/181/62 917/182/62 916/183/62 924/184/62
f 366/185/63 376/186/63 379/187/63 377/188/63
f 690/189/64 688/190/64 382/191/64 384/192/64
f 343/193/65 355/194/65 356/195/65 345/196/65
f 725/197/66 419/198/66 418/199/66 724/200/66
f 744/201/67 735/202/68 733/203/68 743/204/68
f 345/205/69 356/206/69 359/207/69 357/208/69
f 641/209/70 646/210/70 340/211/70 335/212/70
f 482/213/71 479/214/71 470/215/71 471/216/71
f 904/217/72 899/218/72 911/219/72 913/220/72
f 849/221/73 845/222/73 835/223/73 847/224/73
f 334/225/74 322/226/74 324/227/74
f 329/228/75 330/229/75 331/230/75
f 328/231/76 331/232/76 330/233/76
f 322/234/77 334/235/77 323/236/77
f 355/237/78 342/238/78 344/239/78
f 351/240/79 352/241/79 353/242/79
f 350/243/80 353/244/80 352/245/80
f 342/246/81 355/247/81 343/248/81
f 376/249/82 365/250/82 367/251/82
f 372/252/83 373/253/83 374/254/83
f 371/255/84 374/256/84 373/257/84
f 365/258/85 376/259/85 366/260/85
f 396/261/86 385/262/86 387/263/86
f 392/264/87 393/265/87 394/266/87
f 391/267/88 394/268/88 393/269/88
f 385/270/89 396/271/89 386/272/89
f 588/273/90 599/274/90 589/275/90
f 412/276/91 413/277/91 416/278/91
f 411/279/92 416/280/92 413/281/92
f 407/282/93 415/283/93 405/284/93
f 437/285/94 425/286/94 427/287/94
f 434/288/95 435/289/95 436/290/95
f 433/291/96 436/292/96 435/293/96
f 425/294/97 437/295/97 426/296/97
f 458/297/98 448/298/98 450/299/98
f 455/300/99 456/301/99 457/302/99
f 454/303/100 457/304/100 456/305/100
f 448/306/101 458/307/101 449/308/101
f 479/309/102 468/310/102 470/311/102
f 475/312/103 476/313/103 477/314/103
f 474/315/104 477/316/104 476/317/104
f 468/318/105 479/319/105 469/320/105
f 500/321/106 488/322/106 490/323/106
f 495/324/107 496/325/107 497/326/107
f 494/327/108 497/328/108 496/329/108
f 488/330/109 500/331/109 489/332/109
f 520/333/110 508/334/110 510/335/110
f 515/336/111 516/337/111 517/338/111
f 514/339/112 517/340/112 516/341/112
f 508/342/113 520/343/113 509/344/113
f 539/345/114 528/346/114 530/347/114
f 535/348/115 536/349/115 537/350/115
f 534/351/116 537/352/116 536/353/116
f 528/354/117 539/355/117 529/356/117
f 559/357/118 548/358/118 550/359/118
f 555/360/119 556/361/119 557/362/119
f 554/363/120 557/364/120 556/365/120
f 548/366/121 559/367/121 549/368/121
f 599/369/122 588/370/122 590/371/122
f 579/372/123 568/373/123 570/374/123
f 575/375/124 576/376/124 577/377/124
f 574/378/125 577/379/125 576/380/125
f 568/381/126 579/382/126 569/383/126
f 595/384/127 596/385/127 597/386/127
f 594/387/128 597/388/129 596/389/130
f 618/390/131 608/391/131 610/392/131
f 615/393/132 616/394/132 620/395/132
f 614/396/133 620/397/134 616/398/134
f 608/399/135 618/400/135 609/401/135
f 415/402/136 406/403/136 405/404/136
f 640/405/137 630/406/137 628/407/137
f 635/408/138 637/409/138 636/410/138
f 634/411/139 636/412/139 637/413/139
f 628/414/140 629/415/140 640/416/140
f 661/417/141 650/418/141 648/419/141
f 657/420/142 659/421/142 658/422/142
f 656/423/143 658/424/143 659/425/143
f 648/426/144 649/427/144 661/428/144
f 682/429/145 673/430/145 671/431/145
f 678/432/146 680/433/146 679/434/146
f 677/435/147 679/436/147 680/437/147
f 671/438/148 672/439/148 682/440/148
f 702/441/149 693/442/149 691/443/149
f 698/444/150 700/445/150 699/446/150
f 697/447/151 699/448/151 700/449/151
f 691/450/152 692/451/152 702/452/152
f 894/453/153 895/454/153 905/455/153
f 718/456/154 722/457/154 719/458/154
f 717/459/155 719/460/155 722/461/155
f 713/462/156 711/463/156 721/464/156
f 743/465/157 733/466/157 731/467/157
f 740/468/158 742/469/158 741/470/158
f 739/471/159 741/472/159 742/473/159
f 731/474/160 732/475/160 743/476/160
f 764/477/161 756/478/161 754/479/161
f 761/480/162 763/481/162 762/482/162
f 760/483/163 762/484/163 763/485/163
f 754/486/164 755/487/164 764/488/164
f 785/489/165 776/490/165 774/491/165
f 781/492/166 783/493/166 782/494/166
f 780/495/167 782/496/167 783/497/167
f 774/498/168 775/499/168 785/500/168
f 806/501/169 796/502/169 794/503/169
f 801/504/170 803/505/170 802/506/170
f 800/507/171 802/508/171 803/509/171
f 794/510/172 795/511/172 806/512/172
f 826/513/173 816/514/173 814/515/173
f 821/516/174 823/517/174 822/518/174
f 820/519/175 822/520/175 823/521/175
f 814/522/176 815/523/176 826/524/176
f 845/525/177 836/526/177 834/527/177
f 841/528/178 843/529/178 842/530/178
f 840/531/179 842/532/179 843/533/179
f 834/534/180 835/535/180 845/536/180
f 865/537/181 856/538/181 854/539/181
f 861/540/182 863/541/182 862/542/182
f 860/543/183 862/544/183 863/545/183
f 854/546/184 855/547/184 865/548/184
f 905/549/185 896/550/185 894/551/185
f 885/552/186 876/553/186 874/554/186
f 881/555/187 883/556/187 882/557/187
f 880/558/188 882/559/189 883/560/190
f 874/561/191 875/562/191 885/563/191
f 901/564/192 903/565/192 902/566/192
f 900/567/193 902/568/194 903/569/195
f 924/570/196 916/571/196 914/572/196
f 921/573/197 926/574/198 922/575/199
f 920/576/200 922/577/201 926/578/201
f 914/579/202 915/580/202 924/581/202
f 721/582/203 711/583/203 712/584/203
f 889/585/204 891/586/204 886/587/204 878/588/204
f 813/589/205 805/590/206 808/591/207 798/592/206
f 560/593/208 558/594/208 551/595/208 567/596/208
f 340/597/209 327/598/209 332/599/209 335/600/209
f 467/601/210 461/602/210 451/603/210 466/604/210
f 793/605/211 792/606/211 777/607/211 788/608/211
f 909/609/212 904/610/212 913/611/212 898/612/212
f 487/613/213 482/614/213 471/615/213 486/616/213
f 751/617/214 745/618/214 737/619/214 749/620/214
f 784/621/215 478/622/215 484/623/215 790/624/215
f 838/625/216 532/626/216 544/627/216 850/628/216
f 681/629/217 375/630/217 381/631/217 687/632/217
f 851/633/218 840/634/219 843/635/219 844/636/219
f 767/637/220 461/638/220 460/639/220 766/640/220
f 725/641/221 714/642/221 713/643/221 721/644/221
f 425/645/222 731/646/222 733/647/222 427/648/222
f 456/649/223 455/650/223 761/651/223 762/652/223
f 805/653/224 807/654/224 501/655/224 499/656/224
f 779/657/225 473/658/225 485/659/225 791/660/225
f 441/661/226 442/662/226 439/663/226 431/664/226
f 858/665/227 552/666/227 563/667/227 869/668/227
f 829/669/228 818/670/228 827/671/228 825/672/228
f 760/673/229 454/674/229 456/675/229 762/676/229
f 399/677/230 400/678/231 397/679/231 389/680/231
f 670/681/232 669/682/232 653/683/232 665/684/232
f 373/685/233 372/686/233 678/687/233 679/688/233
f 745/689/234 753/690/234 736/691/234 748/692/234
f 861/693/235 862/694/235 556/695/235 555/696/235
f 839/697/236 841/698/236 535/699/236 533/700/236
f 631/701/237 647/702/237 341/703/237 325/704/237
f 651/705/238 345/706/238 357/707/238 663/708/238
f 795/709/239 489/710/239 501/711/239 807/712/239
f 654/713/240 664/714/240 358/715/240 348/716/240
f 672/717/241 366/718/241 377/719/241 683/720/241
f 899/721/242 593/722/242 605/723/242 911/724/242
f 712/725/243 406/726/243 417/727/243 723/728/243
f 878/729/244 572/730/245 583/731/246 889/732/244
f 734/733/247 428/734/247 440/735/247 746/736/247
f 797/737/248 812/738/248 506/739/248 491/740/248
f 717/741/249 727/742/249 421/743/249 411/744/249
f 784/745/250 783/746/250 781/747/250 779/748/250
f 690/749/251 689/750/251 674/751/251 685/752/251
f 745/753/252 748/754/253 747/755/253 737/756/253
f 817/757/254 511/758/254 510/759/254 816/760/254
f 660/761/255 670/762/255 654/763/255 666/764/255
f 692/765/256 691/766/256 385/767/256 386/768/256
f 855/769/257 854/770/257 548/771/257 549/772/257
f 751/773/258 445/774/258 444/775/258 750/776/258
f 730/777/259 728/778/259 422/779/259 424/780/259
f 804/781/260 799/782/260 811/783/260 813/784/260
f 442/785/261 438/786/261 429/787/261 430/788/261
f 519/789/262 520/790/262 510/791/262 511/792/262
f 886/793/263 580/794/263 587/795/263 893/796/263
f 824/797/264 518/798/264 525/799/264 831/800/264
f 569/801/265 579/802/265 578/803/266 581/804/265
f 576/805/267 575/806/267 881/807/267 882/808/267
f 773/809/268 772/810/268 757/811/268 767/812/268
f 798/813/269 492/814/269 503/815/269 809/816/269
f 687/817/270 381/818/270 371/819/270 677/820/270
f 424/821/271 419/822/272 408/823/272 423/824/272
f 855/825/273 549/826/273 561/827/273 867/828/273
f 633/829/274 327/830/274 340/831/274 646/832/274
f 751/833/275 742/834/275 740/835/275 738/836/275
f 692/837/276 386/838/276 398/839/276 704/840/276
f 638/841/277 332/842/277 339/843/277 645/844/277
f 445/845/278 432/846/278 434/847/278 436/848/278
f 871/849/279 870/850/279 860/851/279 863/852/279
f 650/853/280 344/854/280 342/855/280 648/856/280
f 449/857/281 458/858/281 461/859/281 459/860/281
f 795/861/282 794/862/282 488/863/282 489/864/282
f 630/865/283 324/866/283 322/867/283 628/868/283
f 333/869/284 334/870/284 324/871/284 325/872/284
f 751/873/285 749/874/285 443/875/285 445/876/285
f 374/877/286 371/878/286 381/879/286 375/880/286
f 667/881/287 361/882/287 350/883/287 656/884/287
f 827/885/288 833/886/289 817/887/290 825/888/289
f 858/889/291 868/890/291 562/891/291 552/892/291
f 580/893/292 572/894/292 582/895/292 578/896/292
f 633/897/293 635/898/293 329/899/293 327/900/293
f 390/901/294 403/902/294 709/903/294 696/904/294
f 755/905/295 449/906/295 459/907/295 765/908/295
f 861/909/296 859/910/296 871/911/296 863/912/296
f 649/913/297 651/914/297 662/915/297 661/916/297
f 484/917/298 478/918/298 477/919/298 474/920/298
f 770/921/299 768/922/299 462/923/299 464/924/299
f 402/925/300 395/926/300 394/927/300 391/928/300
f 891/929/301 879/930/302 892/931/303 886/932/302
f 755/933/304 754/934/304 448/935/304 449/936/304
f 660/937/305 666/938/305 360/939/305 354/940/305
f 846/941/306 852/942/306 546/943/306 540/944/306
f 877/945/307 571/946/307 570/947/307 876/948/307
f 769/949/308 760/950/308 763/951/308 770/952/308
f 790/953/309 484/954/309 474/955/309 780/956/309
f 849/957/310 837/958/310 836/959/310 845/960/310
f 543/961/311 539/962/311 530/963/311 531/964/311
f 706/965/312 704/966/312 398/967/312 400/968/312
f 748/969/313 442/970/313 441/971/313 747/972/313
f 639/973/314 333/974/314 337/975/314 643/976/314
f 910/977/315 604/978/315 594/979/315 900/980/315
f 844/981/316 839/982/316 852/983/316 846/984/316
f 667/985/317 656/986/317 659/987/317 660/988/317
f 835/989/318 834/990/318 528/991/318 529/992/318
f 857/993/319 551/994/319 550/995/319 856/996/319
f 701/997/320 395/998/320 402/999/320 708/1000/320
f 810/1001/321 504/1002/321 494/1003/321 800/1004/321
f 602/1005/322 599/1006/322 590/1007/322 591/1008/322
f 558/1009/323 559/1010/324 550/1011/324 551/1012/324
f 805/1013/325 797/1014/326 796/1015/326 806/1016/326
f 931/1017/327 625/1018/327 614/1019/327 920/1020/327
f 673/1021/328 367/1022/328 365/1023/328 671/1024/328
f 864/1025/329 558/1026/329 562/1027/329 868/1028/329
f 584/1029/330 585/1030/330 577/1031/330 574/1032/330
f 815/1033/331 814/1034/331 508/1035/331 509/1036/331
f 769/1037/332 463/1038/332 454/1039/332 760/1040/332
f 913/1041/333 912/1042/333 897/1043/333 908/1044/333
f 888/1045/334 878/1046/334 886/1047/334 884/1048/335
f 868/1049/336 858/1050/336 866/1051/336 864/1052/337
f 775/1053/338 469/1054/338 480/1055/338 786/1056/338
f 694/1057/339 710/1058/339 404/1059/339 388/1060/339
f 898/1061/340 592/1062/340 603/1063/340 909/1064/340
f 726/1065/341 720/1066/341 730/1067/341 715/1068/341
f 681/1069/342 676/1070/342 688/1071/342 690/1072/342
f 796/1073/343 490/1074/343 488/1075/343 794/1076/343
f 908/1077/344 602/1078/344 601/1079/344 907/1080/344
f 864/1081/345 865/1082/346 855/1083/346 867/1084/346
f 790/1085/347 780/1086/347 783/1087/347 784/1088/347
f 419/1089/348 415/1090/348 407/1091/348 408/1092/348
f 660/1093/349 354/1094/349 361/1095/349 667/1096/349
f 777/1097/350 792/1098/350 486/1099/350 471/1100/350
f 535/1101/351 537/1102/351 538/1103/351 533/1104/351
f 859/1105/352 861/1106/352 555/1107/352 553/1108/352
f 681/1109/353 680/1110/353 678/1111/353 676/1112/353
f 446/1113/354 432/1114/354 445/1115/354 439/1116/354
f 795/1117/355 807/1118/355 805/1119/355 806/1120/355
f 605/1121/356 593/1122/356 598/1123/356 607/1124/356
f 866/1125/357 872/1126/357 566/1127/357 560/1128/357
f 900/1129/358 594/1130/358 596/1131/358 902/1132/358
f 720/1133/359 716/1134/359 728/1135/359 730/1136/359
f 720/1137/360 722/1138/360 718/1139/360 716/1140/360
f 632/1141/361 643/1142/361 337/1143/361 326/1144/361
f 784/1145/362 793/1146/362 778/1147/362 789/1148/362
f 555/1149/363 557/1150/363 565/1151/363 553/1152/363
f 526/1153/364 513/1154/364 518/1155/364 521/1156/364
f 913/1157/365 911/1158/365 605/1159/365 607/1160/365
f 443/1161/366 431/1162/366 439/1163/366 445/1164/366
f 358/1165/367 359/1166/367 364/1167/368 348/1168/367
f 884/1169/369 887/1170/369 581/1171/369 578/1172/369
f 923/1173/370 930/1174/370 624/1175/370 617/1176/370
f 925/1177/371 932/1178/371 626/1179/371 619/1180/371
f 736/1181/372 753/1182/372 447/1183/372 430/1184/372
f 757/1185/373 451/1186/373 450/1187/373 756/1188/373
f 705/1189/374 695/1190/375 703/1191/375 706/1192/375
f 910/1193/376 900/1194/377 903/1195/378 904/1196/376
f 929/1197/379 623/1198/379 622/1199/379 928/1200/379
f 497/1201/380 494/1202/380 504/1203/380 498/1204/380
f 487/1205/381 472/1206/381 481/1207/381 482/1208/381
f 904/1209/382 909/1210/382 603/1211/382 598/1212/382
f 813/1213/383 811/1214/383 505/1215/383 507/1216/383
f 824/1217/384 823/1218/384 821/1219/384 819/1220/384
f 831/1221/385 820/1222/385 823/1223/385 824/1224/385
f 712/1225/386 723/1226/387 725/1227/388 721/1228/387
f 813/1229/389 812/1230/389 797/1231/389 805/1232/389
f 638/1233/390 633/1234/390 646/1235/390 641/1236/390
f 895/1237/391 894/1238/391 588/1239/391 589/1240/391
f 816/1241/392 510/1242/392 508/1243/392 814/1244/392
f 891/1245/393 883/1246/393 881/1247/393 879/1248/393
f 840/1249/394 534/1250/394 536/1251/394 842/1252/394
f 558/1253/395 561/1254/396 549/1255/396 559/1256/396
f 523/1257/397 519/1258/397 521/1259/397 512/1260/397
f 756/1261/398 450/1262/398 448/1263/398 754/1264/398
f 356/1265/399 355/1266/400 344/1267/400 346/1268/400
f 670/1269/401 668/1270/401 362/1271/401 364/1272/401
f 505/1273/402 493/1274/402 498/1275/402 507/1276/402
f 598/1277/403 593/1278/403 595/1279/403 597/1280/403
f 776/1281/404 470/1282/404 468/1283/404 774/1284/404
f 412/1285/405 416/1286/405 414/1287/405 410/1288/405
f 632/1289/406 326/1290/406 338/1291/406 644/1292/406
f 643/1293/407 632/1294/407 641/1295/408 639/1296/407
f 879/1297/409 881/1298/409 575/1299/409 573/1300/409
f 607/1301/410 592/1302/411 601/1303/411 602/1304/411
f 400/1305/412 398/1306/412 386/1307/412 396/1308/412
f 531/1309/413 530/1310/413 836/1311/413 837/1312/413
f 629/1313/414 628/1314/414 322/1315/414 323/1316/414
f 930/1317/415 923/1318/415 925/1319/415 918/1320/415
f 809/1321/416 804/1322/416 813/1323/416 798/1324/416
f 585/1325/417 573/1326/417 575/1327/417 577/1328/417
f 421/1329/418 414/1330/419 416/1331/419 411/1332/419
f 677/1333/420 371/1334/420 373/1335/420 679/1336/420
f 379/1337/421 376/1338/421 367/1339/421 368/1340/421
f 395/1341/422 390/1342/422 392/1343/422 394/1344/422
f 784/1345/423 779/1346/423 791/1347/423 793/1348/423
f 859/1349/424 553/1350/424 566/1351/424 872/1352/424
f 706/1353/425 400/1354/425 399/1355/425 705/1356/425
f 502/1357/426 499/1358/426 507/1359/426 492/1360/426
f 672/1361/427 683/1362/427 685/1363/428 682/1364/427
f 904/1365/429 598/1366/429 604/1367/429 910/1368/429
f 825/1369/430 817/1370/430 816/1371/430 826/1372/430
f 444/1373/431 445/1374/431 436/1375/431 433/1376/431
f 565/1377/432 557/1378/432 554/1379/432 564/1380/433
f 616/1381/434 615/1382/434 921/1383/434 922/1384/434
f 705/1385/435 399/1386/435 389/1387/436 695/1388/435
f 878/1389/437 888/1390/437 582/1391/437 572/1392/437
f 471/1393/438 470/1394/438 776/1395/438 777/1396/438
f 804/1397/439 498/1398/439 504/1399/439 810/1400/439
f 917/1401/440 611/1402/440 610/1403/440 916/1404/440
f 759/1405/441 761/1406/442 455/1407/442 453/1408/443
f 556/1409/444 862/1410/444 860/1411/444 554/1412/444
f 787/1413/445 778/1414/445 793/1415/445 788/1416/445
f 706/1417/446 694/1418/446 693/1419/446 702/1420/446
f 660/1421/447 655/1422/447 668/1423/447 670/1424/447
f 338/1425/448 326/1426/448 335/1427/448 332/1428/448
f 425/1429/449 426/1430/449 732/1431/449 731/1432/449
f 898/1433/450 907/1434/450 601/1435/450 592/1436/450
f 418/1437/451 419/1438/451 424/1439/452 409/1440/451
f 368/1441/453 367/1442/453 673/1443/453 674/1444/453
f 767/1445/454 757/1446/454 756/1447/454 764/1448/454
f 725/1449/455 723/1450/455 417/1451/455 419/1452/455
f 695/1453/456 389/1454/456 401/1455/456 707/1456/456
f 354/1457/457 364/1458/457 362/1459/457 349/1460/457
f 739/1461/458 433/1462/458 435/1463/458 741/1464/458
f 884/1465/459 877/1466/459 876/1467/459 885/1468/459
f 915/1469/460 914/1470/460 608/1471/460 609/1472/460
f 639/1473/461 642/1474/461 336/1475/461 333/1476/461
f 732/1477/462 734/1478/462 744/1479/462 743/1480/462
f 580/1481/463 578/1482/463 571/1483/464 587/1484/463
f 761/1485/465 759/1486/465 770/1487/465 763/1488/465
f 908/1489/466 897/1490/467 896/1491/468 905/1492/467
f 464/1493/469 467/1494/469 465/1495/469 453/1496/469
f 835/1497/470 529/1498/470 541/1499/470 847/1500/470
f 597/1501/471 594/1502/472 604/1503/473 598/1504/473
f 895/1505/474 906/1506/474 908/1507/475 905/1508/474
f 856/1509/476 550/1510/476 548/1511/476 854/1512/476
f 788/1513/477 786/1514/477 480/1515/477 482/1516/477
f 773/1517/478 771/1518/478 465/1519/478 467/1520/478
f 685/1521/479 674/1522/479 673/1523/479 682/1524/479
f 767/1525/480 765/1526/480 459/1527/480 461/1528/480
f 400/1529/481 396/1530/481 387/1531/481 388/1532/481
f 617/1533/482 619/1534/482 626/1535/482 613/1536/482
f 839/1537/483 533/1538/483 546/1539/483 852/1540/483
f 665/1541/484 653/1542/484 652/1543/484 662/1544/484
f 589/1545/485 599/1546/485 602/1547/485 600/1548/485
f 770/1549/486 773/1550/486 758/1551/486 768/1552/486
f 875/1553/487 874/1554/487 568/1555/487 569/1556/487
f 904/1557/488 903/1558/488 901/1559/488 899/1560/488
f 720/1561/489 414/1562/489 421/1563/489 727/1564/489
f 915/1565/490 927/1566/490 929/1567/490 924/1568/490
f 645/1569/491 634/1570/491 637/1571/491 638/1572/491
f 499/1573/492 500/1574/492 490/1575/492 491/1576/492
f 681/1577/493 686/1578/493 380/1579/493 375/1580/493
f 641/1581/494 335/1582/494 341/1583/494 647/1584/494
f 686/1585/495 681/1586/495 690/1587/495 675/1588/495
f 342/1589/496 343/1590/496 649/1591/496 648/1592/496
f 770/1593/497 464/1594/497 463/1595/497 769/1596/497
f 779/1597/498 781/1598/498 475/1599/498 473/1600/498
f 455/1601/499 457/1602/499 464/1603/499 453/1604/499
f 624/1605/500 612/1606/500 619/1607/500 617/1608/500
f 426/1609/501 437/1610/501 438/1611/501 428/1612/501
f 793/1613/502 791/1614/502 485/1615/502 487/1616/502
f 517/1617/503 514/1618/503 525/1619/503 518/1620/503
f 770/1621/504 759/1622/504 771/1623/504 773/1624/504
f 920/1625/505 614/1626/505 616/1627/505 922/1628/505
f 884/1629/506 578/1630/506 582/1631/506 888/1632/506
f 866/1633/507 560/1634/507 567/1635/507 873/1636/507
f 869/1637/508 871/1638/508 866/1639/508 858/1640/508
f 919/1641/509 613/1642/510 626/1643/511 932/1644/511
f 607/1645/512 598/1646/512 603/1647/512 592/1648/512
f 538/1649/513 540/1650/513 546/1651/513 533/1652/513
f 467/1653/514 452/1654/514 460/1655/515 461/1656/514
f 876/1657/516 570/1658/516 568/1659/516 874/1660/516
f 675/1661/517 369/1662/517 380/1663/517 686/1664/517
f 848/1665/518 838/1666/518 846/1667/518 849/1668/518
f 713/1669/519 714/1670/519 408/1671/519 407/1672/519
f 875/1673/520 887/1674/521 884/1675/522 885/1676/520
f 503/1677/523 492/1678/523 507/1679/523 498/1680/523
f 734/1681/524 732/1682/524 426/1683/524 428/1684/524
f 461/1685/525 458/1686/525 450/1687/525 451/1688/525
f 457/1689/526 454/1690/526 463/1691/526 464/1692/526
f 788/1693/527 785/1694/528 775/1695/528 786/1696/528
f 676/1697/529 678/1698/529 372/1699/529 370/1700/529
f 755/1701/530 765/1702/530 767/1703/530 764/1704/530
f 742/1705/531 751/1706/531 750/1707/531 739/1708/531
f 880/1709/532 574/1710/532 576/1711/532 882/1712/532
f 478/1713/533 473/1714/533 475/1715/533 477/1716/533
f 609/1717/534 618/1718/534 623/1719/535 621/1720/534
f 337/1721/536 333/1722/536 335/1723/537 326/1724/537
f 652/1725/538 653/1726/539 347/1727/539 346/1728/540
f 890/1729/541 584/1730/541 574/1731/541 880/1732/541
f 515/1733/542 517/1734/542 518/1735/542 513/1736/542
f 701/1737/543 700/1738/543 698/1739/543 696/1740/543
f 625/1741/544 617/1742/544 620/1743/544 614/1744/545
f 439/1745/546 442/1746/546 430/1747/546 447/1748/546
f 758/1749/547 766/1750/547 460/1751/547 452/1752/547
f 596/1753/548 595/1754/548 901/1755/548 902/1756/548
f 837/1757/549 853/1758/549 547/1759/550 531/1760/549
f 397/1761/551 400/1762/551 388/1763/551 404/1764/551
f 824/1765/552 819/1766/552 832/1767/552 827/1768/552
f 820/1769/553 514/1770/553 516/1771/553 822/1772/553
f 875/1773/554 569/1774/554 581/1775/554 887/1776/554
f 799/1777/555 493/1778/555 505/1779/555 811/1780/555
f 717/1781/556 411/1782/556 413/1783/556 719/1784/556
f 735/1785/557 736/1786/557 430/1787/557 429/1788/557
f 831/1789/558 525/1790/558 514/1791/558 820/1792/558
f 507/1793/559 499/1794/559 491/1795/559 506/1796/559
f 638/1797/560 644/1798/560 338/1799/560 332/1800/560
f 751/1801/561 738/1802/561 752/1803/561 745/1804/561
f 665/1805/562 663/1806/562 357/1807/562 359/1808/562
f 540/1809/563 532/1810/563 542/1811/563 543/1812/563
f 917/1813/564 933/1814/564 627/1815/564 611/1816/564
f 879/1817/565 573/1818/565 586/1819/565 892/1820/565
f 897/1821/566 591/1822/566 590/1823/566 896/1824/566
f 825/1825/567 828/1826/567 522/1827/567 519/1828/567
f 773/1829/568 467/1830/568 466/1831/568 772/1832/568
f 748/1833/569 746/1834/569 440/1835/569 442/1836/569
f 656/1837/570 350/1838/571 352/1839/571 658/1840/571
f 393/1841/572 392/1842/572 698/1843/572 699/1844/572
f 562/1845/573 558/1846/573 560/1847/573 552/1848/574
f 819/1849/575 513/1850/575 526/1851/575 832/1852/575
f 918/1853/576 928/1854/576 622/1855/576 612/1856/576
f 372/1857/577 374/1858/577 375/1859/577 370/1860/577
f 877/1861/578 893/1862/578 587/1863/578 571/1864/578
f 655/1865/579 657/1866/580 351/1867/580 349/1868/581
f 804/1869/582 809/1870/582 503/1871/582 498/1872/582
f 824/1873/583 830/1874/583 524/1875/583 518/1876/583
f 638/1877/584 637/1878/584 635/1879/584 633/1880/584
f 913/1881/585 607/1882/585 606/1883/585 912/1884/585
f 788/1885/586 777/1886/586 776/1887/586 785/1888/586
f 724/1889/587 715/1890/587 730/1891/588 725/1892/587
f 720/1893/589 726/1894/589 420/1895/589 414/1896/589
f 353/1897/590 350/1898/590 361/1899/590 354/1900/591
f 560/1901/592 565/1902/592 563/1903/592 552/1904/592
f 734/1905/593 746/1906/593 748/1907/593 744/1908/593
f 685/1909/594 379/1910/594 378/1911/594 684/1912/594
f 701/1913/595 703/1914/595 695/1915/595 707/1916/595
f 406/1917/596 415/1918/597 419/1919/598 417/1920/597
f 703/1921/599 709/1922/599 403/1923/599 397/1924/599
f 639/1925/600 631/1926/600 630/1927/600 640/1928/600
f 634/1929/601 328/1930/601 330/1931/601 636/1932/601
f 727/1933/602 717/1934/602 722/1935/602 720/1936/602
f 799/1937/603 801/1938/603 495/1939/603 493/1940/603
f 759/1941/604 453/1942/605 465/1943/606 771/1944/606
f 750/1945/607 444/1946/607 433/1947/607 739/1948/607
f 923/1949/608 617/1950/608 625/1951/608 931/1952/608
f 672/1953/609 671/1954/609 365/1955/609 366/1956/609
f 660/1957/610 659/1958/610 657/1959/610 655/1960/610
f 825/1961/611 826/1962/611 815/1963/611 828/1964/611
f 619/1965/612 623/1966/612 611/1967/612 627/1968/612
f 830/1969/613 824/1970/613 827/1971/613 818/1972/613
f 675/1973/614 684/1974/614 378/1975/615 369/1976/616
f 851/1977/617 545/1978/617 534/1979/617 840/1980/617
f 758/1981/618 452/1982/618 462/1983/618 768/1984/618
f 896/1985/619 590/1986/619 588/1987/619 894/1988/619
f 871/1989/620 859/1990/621 872/1991/621 866/1992/621
f 805/1993/622 499/1994/622 502/1995/622 808/1996/622
f 696/1997/623 709/1998/623 703/1999/623 701/2000/623
f 690/2001/624 384/2002/624 383/2003/624 689/2004/624
f 489/2005/625 500/2006/625 499/2007/625 501/2008/625
f 629/2009/626 323/2010/626 336/2011/626 642/2012/626
f 857/2013/627 873/2014/627 567/2015/627 551/2016/627
f 524/2017/628 512/2018/628 521/2019/628 518/2020/628
f 644/2021/629 638/2022/629 641/2023/629 632/2024/629
f 846/2025/630 540/2026/630 547/2027/630 853/2028/630
f 713/2029/631 407/2030/631 405/2031/631 711/2032/631
f 836/2033/632 530/2034/632 528/2035/632 834/2036/632
f 915/2037/633 609/2038/633 621/2039/633 927/2040/633
f 716/2041/634 718/2042/634 412/2043/634 410/2044/635
f 360/2045/636 348/2046/636 364/2047/636 354/2048/636
f 846/2049/637 853/2050/637 837/2051/637 849/2052/637
f 778/2053/638 787/2054/638 481/2055/639 472/2056/640
f 645/2057/641 339/2058/641 328/2059/641 634/2060/641
f 925/2061/642 933/2062/642 917/2063/642 929/2064/642
f 793/2065/643 487/2066/643 486/2067/643 792/2068/643
f 925/2069/644 619/2070/644 627/2071/644 933/2072/644
f 438/2073/645 437/2074/646 427/2075/646 429/2076/646
f 818/2077/647 829/2078/647 523/2079/647 512/2080/647
f 615/2081/648 620/2082/648 617/2083/648 613/2084/648
f 676/2085/649 370/2086/649 382/2087/649 688/2088/649
f 895/2089/650 589/2090/650 600/2091/651 906/2092/652
f 715/2093/653 409/2094/653 420/2095/653 726/2096/653
f 694/2097/654 388/2098/654 387/2099/654 693/2100/654
f 870/2101/655 564/2102/655 554/2103/655 860/2104/655
f 813/2105/656 507/2106/656 506/2107/656 812/2108/656
f 890/2109/657 880/2110/658 883/2111/659 891/2112/657
f 891/2113/660 585/2114/660 584/2115/660 890/2116/660
f 886/2117/661 892/2118/661 586/2119/661 580/2120/661
f 516/2121/662 515/2122/662 821/2123/662 822/2124/662
f 825/2125/663 519/2126/663 523/2127/663 829/2128/663
f 496/2129/664 495/2130/664 801/2131/664 802/2132/664
f 332/2133/665 327/2134/665 329/2135/665 331/2136/665
f 701/2137/666 707/2138/666 401/2139/666 395/2140/666
f 384/2141/667 379/2142/667 368/2143/667 383/2144/667
f 844/2145/668 850/2146/668 544/2147/668 538/2148/668
f 871/2149/669 869/2150/669 563/2151/669 565/2152/669
f 929/2153/670 927/2154/670 621/2155/670 623/2156/670
f 706/2157/671 702/2158/671 692/2159/671 704/2160/671
f 926/2161/672 923/2162/672 931/2163/672 920/2164/673
f 780/2165/674 474/2166/674 476/2167/674 782/2168/674
f 333/2169/675 336/2170/675 323/2171/675 334/2172/675
f 586/2173/676 573/2174/677 585/2175/677 580/2176/677
f 849/2177/678 543/2178/678 542/2179/678 848/2180/678
f 766/2181/679 758/2182/679 773/2183/679 767/2184/679
f 622/2185/680 623/2186/681 619/2187/682 612/2188/680
f 519/2189/683 522/2190/683 509/2191/683 520/2192/683
f 838/2193/684 848/2194/684 542/2195/684 532/2196/684
f 543/2197/685 541/2198/686 529/2199/686 539/2200/686
f 389/2201/687 397/2202/687 395/2203/687 401/2204/687
f 844/2205/688 843/2206/688 841/2207/688 839/2208/688
f 380/2209/689 369/2210/689 384/2211/689 375/2212/689
f 928/2213/690 918/2214/690 925/2215/691 929/2216/690
f 735/2217/692 429/2218/692 427/2219/692 733/2220/692
f 536/2221/693 535/2222/693 841/2223/693 842/2224/693
f 364/2225/694 359/2226/694 347/2227/694 363/2228/694
f 891/2229/695 889/2230/695 583/2231/695 585/2232/695
f 331/2233/696 328/2234/696 339/2235/696 332/2236/696
f 712/2237/697 711/2238/697 405/2239/697 406/2240/697
f 651/2241/698 663/2242/698 665/2243/698 662/2244/698
f 788/2245/699 482/2246/699 481/2247/699 787/2248/699
f 583/2249/700 572/2250/700 580/2251/701 585/2252/700
f 703/2253/702 710/2254/702 694/2255/702 706/2256/702
f 817/2257/703 833/2258/703 527/2259/703 511/2260/703
f 699/2261/704 697/2262/704 391/2263/704 393/2264/705
f 330/2265/706 329/2266/706 635/2267/706 636/2268/706
f 849/2269/707 847/2270/707 541/2271/707 543/2272/707
f 641/2273/708 647/2274/709 631/2275/710 639/2276/709
f 864/2277/711 857/2278/711 856/2279/711 865/2280/711
f 693/2281/712 387/2282/712 385/2283/712 691/2284/712
f 797/2285/713 491/2286/713 490/2287/713 796/2288/713
f 804/2289/714 803/2290/714 801/2291/714 799/2292/714
f 652/2293/715 346/2294/716 344/2295/717 650/2296/717
f 428/2297/718 438/2298/718 442/2299/718 440/2300/718
f 482/2301/719 480/2302/719 469/2303/719 479/2304/719
f 899/2305/720 901/2306/720 595/2307/720 593/2308/720
f 384/2309/721 369/2310/721 378/2311/721 379/2312/721
f 775/2313/722 774/2314/722 468/2315/722 469/2316/722
f 748/2317/723 736/2318/723 735/2319/723 744/2320/723
f 730/2321/724 424/2322/724 423/2323/724 729/2324/724
f 708/2325/725 697/2326/725 700/2327/725 701/2328/725
f 390/2329/726 395/2330/726 397/2331/726 403/2332/726
f 696/2333/727 698/2334/727 392/2335/727 390/2336/727
f 697/2337/728 708/2338/728 402/2339/728 391/2340/728
f 864/2341/729 867/2342/729 561/2343/729 558/2344/729
f 670/2345/730 665/2346/731 664/2347/731 654/2348/731
f 382/2349/732 370/2350/732 375/2351/732 384/2352/732
f 908/2353/733 906/2354/733 600/2355/733 602/2356/733
f 359/2357/734 356/2358/734 346/2359/734 347/2360/734
f 745/2361/735 752/2362/735 446/2363/735 439/2364/735
f 871/2365/736 565/2366/736 564/2367/736 870/2368/736
f 566/2369/737 553/2370/737 565/2371/737 560/2372/737
f 325/2373/738 324/2374/738 630/2375/738 631/2376/738
f 435/2377/739 434/2378/739 740/2379/739 741/2380/739
f 827/2381/740 521/2382/740 527/2383/740 833/2384/740
f 810/2385/741 800/2386/742 803/2387/743 804/2388/744
f 424/2389/745 414/2390/745 420/2391/745 409/2392/745
f 921/2393/746 919/2394/747 923/2395/747 926/2396/748
f 827/2397/749 832/2398/749 526/2399/749 521/2400/749
f 670/2401/750 364/2402/750 363/2403/750 669/2404/750
f 784/2405/751 789/2406/751 483/2407/751 478/2408/751
f 687/2409/752 677/2410/752 680/2411/752 681/2412/753
f 578/2413/754 579/2414/754 570/2415/754 571/2416/754
f 684/2417/755 675/2418/755 690/2419/756 685/2420/755
f 495/2421/757 497/2422/757 498/2423/757 493/2424/757
f 545/2425/758 538/2426/758 537/2427/758 534/2428/758
f 662/2429/759 652/2430/759 650/2431/759 661/2432/759
f 745/2433/760 439/2434/760 447/2435/760 753/2436/760
f 703/2437/761 397/2438/761 404/2439/761 710/2440/761
f 923/2441/762 919/2442/762 932/2443/762 925/2444/762
f 907/2445/763 898/2446/764 913/2447/764 908/2448/764
f 132/2449/765 12/2450/766 2/2451/766 127/2452/766
f 127/2453/767 2/2454/768 4/2455/768 128/2456/767
f 6/2457/769 8/2458/769 130/2459/770 129/2460/769
f 8/2461/771 10/2462/771 131/2463/771 130/2464/771
f 51/2465/772 61/2466/772 77/2467/773 76/2468/772
f 49/2469/774 59/2470/774 89/2471/774 88/2472/774
f 59/2473/775 69/2474/775 90/2475/775 89/2476/775
f 47/2477/776 57/2478/777 101/2479/778 100/2480/777
f 46/2481/779 56/2482/779 107/2483/779 106/2484/779
f 45/2485/780 55/2486/780 113/2487/780 112/2488/780
f 44/2489/781 54/2490/781 119/2491/781 118/2492/781
f 43/2493/782 53/2494/782 125/2495/782 124/2496/783
f 79/2497/784 15/2498/784 30/2499/784 80/2500/784
f 39/2501/785 49/2502/785 88/2503/786 87/2504/785
f 29/2505/787 39/2506/787 87/2507/787 86/2508/787
f 103/2509/788 19/2510/789 26/2511/788 104/2512/788
f 126/2513/790 63/2514/790 22/2515/790 121/2516/790
f 72/2517/791 13/2518/791 1/2519/791 11/2520/791
f 84/2521/792 70/2522/793 15/2523/793 79/2524/793
f 96/2525/794 68/2526/795 17/2527/795 91/2528/794
f 35/2529/796 45/2530/796 112/2531/796 111/2532/796
f 10/2533/797 12/2534/797 132/2535/797 131/2536/797
f 23/2537/798 33/2538/798 123/2539/798 122/2540/798
f 85/2541/799 16/2542/800 29/2543/800 86/2544/800
f 91/2545/801 17/2546/801 28/2547/801 92/2548/801
f 109/2549/802 20/2550/802 25/2551/802 110/2552/802
f 115/2553/803 21/2554/803 24/2555/803 116/2556/803
f 121/2557/804 22/2558/805 23/2559/804 122/2560/804
f 38/2561/806 48/2562/806 94/2563/807 93/2564/806
f 114/2565/808 65/2566/808 20/2567/808 109/2568/809
f 34/2569/810 44/2570/810 118/2571/810 117/2572/810
f 33/2573/811 43/2574/812 124/2575/811 123/2576/811
f 5/2577/813 42/2578/813 52/2579/813 7/2580/813
f 41/2581/814 51/2582/815 76/2583/816 75/2584/817
f 40/2585/818 50/2586/818 82/2587/819 81/2588/818
f 37/2589/820 47/2590/821 100/2591/822 99/2592/820
f 36/2593/823 46/2594/824 106/2595/823 105/2596/825
f 75/2597/826 76/2598/827 52/2599/827 42/2600/827
f 70/2601/828 90/2602/828 85/2603/828 15/2604/828
f 76/2605/829 77/2606/829 62/2607/829 52/2608/829
f 72/2609/830 78/2610/830 73/2611/830 13/2612/830
f 82/2613/831 83/2614/831 61/2615/831 51/2616/831
f 81/2617/832 82/2618/832 51/2619/832 41/2620/832
f 83/2621/833 84/2622/833 71/2623/833 61/2624/833
f 71/2625/834 84/2626/834 79/2627/834 14/2628/834
f 77/2629/835 78/2630/835 72/2631/835 62/2632/835
f 13/2633/836 73/2634/836 74/2635/836 32/2636/836
f 80/2637/837 81/2638/837 41/2639/837 31/2640/837
f 95/2641/838 96/2642/838 69/2643/838 59/2644/838
f 15/2645/839 85/2646/839 86/2647/839 30/2648/839
f 14/2649/840 79/2650/840 80/2651/840 31/2652/840
f 32/2653/841 74/2654/841 75/2655/841 42/2656/841
f 88/2657/842 89/2658/842 60/2659/842 50/2660/842
f 39/2661/843 93/2662/843 94/2663/844 49/2664/843
f 68/2665/845 102/2666/846 97/2667/847 17/2668/846
f 49/2669/848 94/2670/848 95/2671/849 59/2672/848
f 96/2673/850 91/2674/850 16/2675/850 69/2676/850
f 12/2677/851 10/2678/851 155/2679/851 156/2680/851
f 87/2681/852 88/2682/852 50/2683/852 40/2684/852
f 99/2685/853 100/2686/854 48/2687/855 38/2688/854
f 106/2689/856 107/2690/857 57/2691/857 47/2692/857
f 86/2693/858 87/2694/858 40/2695/858 30/2696/858
f 8/2697/859 6/2698/859 153/2699/860 154/2700/859
f 100/2701/861 101/2702/861 58/2703/862 48/2704/861
f 105/2705/863 106/2706/863 47/2707/863 37/2708/863
f 67/2709/864 108/2710/865 103/2711/865 18/2712/866
f 4/2713/867 152/2714/867 153/2715/867 6/2716/867
f 107/2717/868 108/2718/868 67/2719/868 57/2720/868
f 113/2721/869 114/2722/869 66/2723/869 56/2724/869
f 111/2725/870 112/2726/870 46/2727/871 36/2728/870
f 19/2729/872 109/2730/873 110/2731/874 26/2732/872
f 66/2733/875 114/2734/875 109/2735/875 19/2736/876
f 112/2737/877 113/2738/878 56/2739/879 46/2740/880
f 27/2741/881 104/2742/881 105/2743/881 37/2744/881
f 117/2745/882 118/2746/883 45/2747/882 35/2748/882
f 20/2749/884 115/2750/884 116/2751/884 25/2752/884
f 118/2753/885 119/2754/886 55/2755/885 45/2756/885
f 65/2757/887 120/2758/887 115/2759/887 20/2760/887
f 55/2761/888 119/2762/888 120/2763/888 65/2764/888
f 21/2765/889 121/2766/890 122/2767/889 24/2768/889
f 64/2769/891 126/2770/892 121/2771/891 21/2772/893
f 124/2773/894 125/2774/895 54/2775/896 44/2776/897
f 116/2777/898 117/2778/898 35/2779/898 25/2780/898
f 130/2781/899 131/2782/899 53/2783/900 43/2784/899
f 22/2785/901 127/2786/902 128/2787/902 23/2788/902
f 63/2789/903 132/2790/903 127/2791/903 22/2792/903
f 168/2793/904 138/2794/904 133/2795/904 163/2796/904
f 163/2797/905 133/2798/905 134/2799/905 164/2800/905
f 136/2801/906 137/2802/906 167/2803/906 166/2804/906
f 145/2805/907 147/2806/908 161/2807/908 160/2808/908
f 158/2809/909 141/2810/909 143/2811/909 159/2812/909
f 156/2813/910 150/2814/911 139/2815/911 151/2816/911
f 151/2817/912 139/2818/912 142/2819/912 152/2820/912
f 155/2821/913 148/2822/913 150/2823/913 156/2824/913
f 146/2825/914 148/2826/914 155/2827/915 154/2828/914
f 162/2829/916 149/2830/916 140/2831/917 157/2832/916
f 137/2833/918 138/2834/918 168/2835/918 167/2836/918
f 143/2837/919 145/2838/919 160/2839/920 159/2840/919
f 159/2841/921 160/2842/921 146/2843/921 144/2844/921
f 53/2845/922 131/2846/922 132/2847/922 63/2848/922
f 150/2849/923 162/2850/923 157/2851/923 139/2852/923
f 142/2853/924 158/2854/924 159/2855/924 144/2856/924
f 139/2857/925 157/2858/925 158/2859/925 142/2860/925
f 145/2861/926 166/2862/926 167/2863/926 147/2864/926
f 163/2865/927 164/2866/927 141/2867/927 140/2868/927
f 143/2869/928 165/2870/928 166/2871/928 145/2872/928
f 12/2873/929 156/2874/930 151/2875/931 2/2876/930
f 10/2877/932 8/2878/933 154/2879/934 155/2880/933
f 92/2881/935 93/2882/935 39/2883/935 29/2884/935
f 17/2885/936 97/2886/937 98/2887/938 28/2888/937
f 2/2889/939 151/2890/939 152/2891/940 4/2892/939
f 91/2893/941 92/2894/941 29/2895/942 16/2896/941
f 173/2897/943 174/2898/943 180/2899/943 179/2900/943
f 171/2901/944 172/2902/944 178/2903/944 177/2904/944
f 176/2905/945 134/2906/945 133/2907/945 175/2908/945
f 177/2909/946 178/2910/946 136/2911/946 135/2912/946
f 180/2913/947 138/2914/947 137/2915/947 179/2916/947
f 178/2917/948 179/2918/948 137/2919/948 136/2920/948
f 175/2921/949 133/2922/949 138/2923/949 180/2924/949
f 128/2925/950 129/2926/950 33/2927/950 23/2928/950
f 26/2929/951 110/2930/951 111/2931/951 36/2932/951
f 168/2933/952 163/2934/952 140/2935/952 149/2936/952
f 161/2937/953 162/2938/953 150/2939/953 148/2940/953
f 98/2941/954 99/2942/954 38/2943/954 28/2944/954
f 122/2945/955 123/2946/955 34/2947/955 24/2948/955
f 129/2949/956 130/2950/957 43/2951/956 33/2952/958
f 101/2953/959 102/2954/959 68/2955/959 58/2956/959
f 123/2957/960 124/2958/961 44/2959/960 34/2960/960
f 141/2961/962 164/2962/962 165/2963/962 143/2964/962
f 160/2965/963 161/2966/963 148/2967/964 146/2968/963
f 18/2969/965 103/2970/966 104/2971/967 27/2972/965
f 125/2973/968 126/2974/968 64/2975/968 54/2976/968
f 89/2977/969 90/2978/969 70/2979/969 60/2980/969
f 167/2981/970 168/2982/970 149/2983/970 147/2984/970
f 102/2985/971 67/2986/972 18/2987/973 97/2988/973
f 48/2989/974 58/2990/974 95/2991/975 94/2992/974
f 77/2993/976 61/2994/976 71/2995/976 78/2996/976
f 97/2997/977 18/2998/978 27/2999/978 98/3000/979
f 73/3001/980 14/3002/981 31/3003/982 74/3004/981
f 113/3005/983 55/3006/983 65/3007/983 114/3008/983
f 25/3009/984 35/3010/984 111/3011/984 110/3012/984
f 135/3013/985 136/3014/986 166/3015/986 165/3016/986
f 31/3017/987 41/3018/987 75/3019/987 74/3020/987
f 144/3021/988 146/3022/989 154/3023/990 153/3024/989
f 108/3025/991 66/3026/991 19/3027/991 103/3028/991
f 104/3029/992 26/3030/992 36/3031/992 105/3032/992
f 120/3033/993 64/3034/993 21/3035/993 115/3036/993
f 142/3037/994 144/3038/994 153/3039/994 152/3040/994
f 157/3041/995 140/3042/995 141/3043/995 158/3044/995
f 28/3045/996 38/3046/996 93/3047/996 92/3048/996
f 161/3049/997 147/3050/997 149/3051/997 162/3052/997
f 176/3053/998 170/3054/998 171/3055/998 177/3056/998
f 60/3057/999 70/3058/999 84/3059/999 83/3060/999
f 180/3061/1000 174/3062/1001 169/3063/1001 175/3064/1001
f 90/3065/1002 69/3066/1003 16/3067/1003 85/3068/1003
f 58/3069/1004 68/3070/1004 96/3071/1004 95/3072/1004
f 54/3073/1005 64/3074/1005 120/3075/1005 119/3076/1005
f 172/3077/1006 173/3078/1006 179/3079/1006 178/3080/1006
f 116/3081/1007 24/3082/1007 34/3083/1007 117/3084/1007
f 128/3085/1008 4/3086/1008 6/3087/1008 129/3088/1008
f 50/3089/1009 60/3090/1009 83/3091/1010 82/3092/1011
f 62/3093/1012 72/3094/1012 11/3095/1012 9/3096/1012
f 78/3097/1013 71/3098/1014 14/3099/1014 73/3100/1014
f 53/3101/1015 63/3102/1015 126/3103/1015 125/3104/1015
f 7/3105/1016 52/3106/1016 62/3107/1016 9/3108/1016
f 3/3109/1017 32/3110/1017 42/3111/1017 5/3112/1017
f 175/3113/1018 169/3114/1018 170/3115/1018 176/3116/1018
f 101/3117/1019 57/3118/1019 67/3119/1019 102/3120/1019
f 56/3121/1020 66/3122/1020 108/3123/1020 107/3124/1020
f 27/3125/1021 37/3126/1021 99/3127/1021 98/3128/1021
f 80/3129/1022 30/3130/1022 40/3131/1022 81/3132/1022
f 176/3133/1023 177/3134/1023 135/3135/1023 134/3136/1023
f 164/3137/1024 134/3138/1024 135/3139/1024 165/3140/1024
f 13/3141/1025 32/3142/1025 3/3143/1025 1/3144/1025
f 994/3145/1026 993/3146/1026 947/3147/1026 948/3148/1026
f 304/3149/1027 305/3150/1028 314/3151/1029 309/3152/1028
f 283/3153/1030 289/3154/1030 293/3155/1030 288/3156/1030
f 234/3157/1031 240/3158/1031 244/3159/1031 239/3160/1031
f 257/3161/1032 258/3162/1032 267/3163/1032 262/3164/1032
f 256/3165/1033 262/3166/1033 266/3167/1033 261/3168/1033
f 255/3169/1034 261/3170/1034 265/3171/1034 260/3172/1034
f 189/3173/1035 195/3174/1035 199/3175/1035 194/3176/1035
f 207/3177/1036 213/3178/1036 217/3179/1036 212/3180/1036
f 301/3181/1037 307/3182/1037 311/3183/1037 306/3184/1037
f 237/3185/1038 238/3186/1038 247/3187/1038 242/3188/1038
f 210/3189/1039 211/3190/1039 220/3191/1039 215/3192/1039
f 190/3193/1040 191/3194/1040 200/3195/1040 195/3196/1040
f 236/3197/1041 242/3198/1041 246/3199/1041 241/3200/1041
f 254/3201/1042 260/3202/1042 264/3203/1042 259/3204/1042
f 284/3205/1043 285/3206/1043 294/3207/1043 289/3208/1043
f 186/3209/1044 192/3210/1044 196/3211/1044 191/3212/1044
f 231/3213/1045 232/3214/1046 236/3215/1047
f 181/3216/1048 182/3217/1048 186/3218/1048
f 224/3219/1049 223/3220/1049 218/3221/1049
f 270/3222/1050 269/3223/1050 264/3224/1050
f 269/3225/1051 268/3226/1051 263/3227/1051
f 225/3228/1052 224/3229/1052 219/3230/1052
f 279/3231/1053 275/3232/1053 284/3233/1053
f 317/3234/1054 316/3235/1054 311/3236/1054
f 318/3237/1055 317/3238/1055 312/3239/1055
f 231/3240/1056 273/3241/1057 232/3242/1058
f 181/3243/1059 226/3244/1059 182/3245/1059
f 279/3246/1060 320/3247/1060 275/3248/1060
f 187/3249/1061 193/3250/1061 197/3251/1061 192/3252/1061
f 208/3253/1062 214/3254/1062 218/3255/1062 213/3256/1062
f 183/3257/1063 187/3258/1063 182/3259/1063 226/3260/1063
f 228/3261/1064 237/3262/1064 232/3263/1064 273/3264/1064
f 249/3265/1065 254/3266/1066 259/3267/1067 253/3268/1066
f 253/3269/1068 259/3270/1068 263/3271/1068 258/3272/1068
f 302/3273/1069 308/3274/1069 312/3275/1069 307/3276/1069
f 281/3277/1070 287/3278/1070 291/3279/1070 286/3280/1070
f 240/3281/1071 245/3282/1071 250/3283/1071 244/3284/1071
f 202/3285/1072 207/3286/1072 212/3287/1072 206/3288/1072
f 287/3289/1073 292/3290/1073 297/3291/1073 291/3292/1073
f 288/3293/1074 293/3294/1074 298/3295/1074 292/3296/1074
f 188/3297/1075 194/3298/1075 198/3299/1075 193/3300/1075
f 243/3301/1076 249/3302/1076 253/3303/1076 248/3304/1076
f 203/3305/1077 208/3306/1077 213/3307/1077 207/3308/1077
f 230/3309/1078 234/3310/1079 229/3311/1080 273/3312/1079
f 295/3313/1081 294/3314/1081 285/3315/1081 290/3316/1081
f 246/3317/1082 252/3318/1082 256/3319/1082 251/3320/1082
f 199/3321/1083 205/3322/1083 209/3323/1083 204/3324/1083
f 250/3325/1084 255/3326/1084 260/3327/1084 254/3328/1084
f 194/3329/1085 199/3330/1086 204/3331/1086 198/3332/1086
f 184/3333/1087 188/3334/1087 183/3335/1087 226/3336/1087
f 209/3337/1088 215/3338/1088 219/3339/1088 214/3340/1088
f 201/3341/1089 200/3342/1089 191/3343/1089 196/3344/1089
f 277/3345/1090 281/3346/1091 276/3347/1091 320/3348/1091
f 305/3349/1092 304/3350/1092 295/3351/1092 300/3352/1092
f 225/3353/1093 220/3354/1093 221/3355/1093 227/3356/1093
f 258/3357/1094 257/3358/1094 248/3359/1094 253/3360/1094
f 193/3361/1095 198/3362/1095 203/3363/1095 197/3364/1095
f 280/3365/1096 286/3366/1096 290/3367/1096 285/3368/1096
f 252/3369/1097 257/3370/1097 262/3371/1097 256/3372/1097
f 244/3373/1098 250/3374/1098 254/3375/1098 249/3376/1098
f 192/3377/1099 197/3378/1099 202/3379/1099 196/3380/1099
f 195/3381/1100 200/3382/1100 205/3383/1100 199/3384/1100
f 185/3385/1101 189/3386/1101 184/3387/1101 226/3388/1101
f 222/3389/1102 217/3390/1102 223/3391/1102 227/3392/1102
f 205/3393/1103 210/3394/1103 215/3395/1103 209/3396/1103
f 233/3397/1104 239/3398/1104 243/3399/1104 238/3400/1104
f 271/3401/1105 266/3402/1105 272/3403/1105 274/3404/1105
f 231/3405/1106 235/3406/1106 230/3407/1106 273/3408/1106
f 1032/3409/1107 1031/3410/1107 955/3411/1107 954/3412/1107
f 239/3413/1108 244/3414/1108 249/3415/1108 243/3416/1108
f 235/3417/1109 241/3418/1109 245/3419/1109 240/3420/1109
f 211/3421/1110 210/3422/1110 201/3423/1110 206/3424/1110
f 245/3425/1111 251/3426/1111 255/3427/1111 250/3428/1111
f 247/3429/1112 248/3430/1112 257/3431/1112 252/3432/1112
f 242/3433/1113 247/3434/1113 252/3435/1113 246/3436/1113
f 289/3437/1114 294/3438/1114 299/3439/1114 293/3440/1114
f 241/3441/1115 246/3442/1115 251/3443/1115 245/3444/1115
f 319/3445/1116 314/3446/1116 315/3447/1116 321/3448/1116
f 248/3449/1117 247/3450/1117 238/3451/1117 243/3452/1117
f 198/3453/1118 204/3454/1118 208/3455/1118 203/3456/1118
f 196/3457/1119 202/3458/1120 206/3459/1120 201/3460/1120
f 297/3461/1121 302/3462/1122 307/3463/1122 301/3464/1122
f 221/3465/1123 216/3466/1123 222/3467/1123 227/3468/1123
f 231/3469/1124 236/3470/1124 241/3471/1124 235/3472/1124
f 268/3473/1125 267/3474/1125 258/3475/1125 263/3476/1125
f 270/3477/1126 265/3478/1126 271/3479/1126 274/3480/1126
f 272/3481/1127 267/3482/1127 268/3483/1127 274/3484/1127
f 278/3485/1128 282/3486/1128 277/3487/1128 320/3488/1128
f 181/3489/1129 190/3490/1129 185/3491/1129 226/3492/1129
f 206/3493/1130 212/3494/1131 216/3495/1131 211/3496/1131
f 286/3497/1132 291/3498/1132 296/3499/1132 290/3500/1132
f 294/3501/1133 295/3502/1133 304/3503/1133 299/3504/1133
f 282/3505/1134 288/3506/1134 292/3507/1135 287/3508/1134
f 269/3509/1136 270/3510/1136 274/3511/1136 268/3512/1136
f 315/3513/1137 310/3514/1137 316/3515/1137 321/3516/1137
f 229/3517/1138 233/3518/1138 228/3519/1139 273/3520/1138
f 318/3521/1140 313/3522/1140 319/3523/1140 321/3524/1140
f 200/3525/1141 201/3526/1141 210/3527/1141 205/3528/1141
f 197/3529/1142 203/3530/1142 207/3531/1142 202/3532/1142
f 298/3533/1143 308/3534/1144 302/3535/1145
f 317/3536/1146 318/3537/1146 321/3538/1147 316/3539/1146
f 303/3540/1148 309/3541/1148 313/3542/1148 308/3543/1148
f 291/3544/1149 297/3545/1149 301/3546/1149 296/3547/1149
f 300/3548/1150 306/3549/1150 310/3550/1150 305/3551/1150
f 292/3552/1151 298/3553/1151 302/3554/1151 297/3555/1151
f 299/3556/1152 304/3557/1152 309/3558/1152 303/3559/1152
f 224/3560/1153 225/3561/1153 227/3562/1153 223/3563/1153
f 204/3564/1154 209/3565/1154 214/3566/1155 208/3567/1154
f 290/3568/1156 296/3569/1157 306/3570/1158 300/3571/1159
f 290/3572/1160 300/3573/1161 295/3574/1162
f 303/3575/1163 308/3576/1164 298/3577/1165 293/3578/1166
f 251/3579/1167 256/3580/1167 261/3581/1167 255/3582/1167
f 276/3583/1168 280/3584/1168 275/3585/1168 320/3586/1168
f 279/3587/1169 283/3588/1170 278/3589/1170 320/3590/1170
f 1014/3591/1171 1013/3592/1171 951/3593/1171 950/3594/1171
f 221/3595/1172 220/3596/1173 211/3597/1174 216/3598/1173
f 219/3599/1175 224/3600/1175 218/3601/1175 214/3602/1175
f 261/3603/1176 266/3604/1177 271/3605/1178 265/3606/1177
f 1002/3607/1179 1001/3608/1179 948/3609/1179 949/3610/1179
f 190/3611/1180 181/3612/1180 186/3613/1180 191/3614/1180
f 232/3615/1181 237/3616/1181 242/3617/1182 236/3618/1181
f 260/3619/1183 265/3620/1183 270/3621/1183 264/3622/1183
f 308/3623/1184 313/3624/1184 318/3625/1184 312/3626/1184
f 973/3627/1185 972/3628/1185 947/3629/1185 938/3630/1185
f 1012/3631/1186 1011/3632/1186 947/3633/1186 952/3634/1186
f 285/3635/1187 284/3636/1187 275/3637/1187 280/3638/1187
f 942/3639/1188 1000/3640/1188 999/3641/1188 943/3642/1188
f 955/3643/1189 1016/3644/1189 1015/3645/1189 954/3646/1189
f 279/3647/1190 284/3648/1190 289/3649/1190 283/3650/1190
f 947/3651/1191 972/3652/1191 971/3653/1191 934/3654/1191
f 946/3655/1192 985/3656/1192 987/3657/1192 945/3658/1192
f 309/3659/1193 314/3660/1194 319/3661/1194 313/3662/1194
f 957/3663/1195 956/3664/1195 937/3665/1195 936/3666/1195
f 937/3667/1196 1034/3668/1196 1033/3669/1196 936/3670/1196
f 978/3671/1197 977/3672/1197 941/3673/1197 940/3674/1197
f 262/3675/1198 267/3676/1198 272/3677/1198 266/3678/1198
f 229/3679/1199 234/3680/1199 239/3681/1199 233/3682/1199
f 946/3683/1200 964/3684/1200 966/3685/1200 941/3686/1200
f 183/3687/1201 188/3688/1201 193/3689/1201 187/3690/1201
f 951/3691/1202 998/3692/1202 997/3693/1202 950/3694/1202
f 947/3695/1203 1029/3696/1203 1028/3697/1203 952/3698/1203
f 187/3699/1204 192/3700/1204 186/3701/1204 182/3702/1204
f 996/3703/1205 995/3704/1205 945/3705/1205 944/3706/1205
f 1030/3707/1206 1029/3708/1206 947/3709/1206 934/3710/1206
f 938/3711/1207 982/3712/1207 981/3713/1207 939/3714/1207
f 276/3715/1208 281/3716/1209 286/3717/1210 280/3718/1209
f 278/3719/1211 283/3720/1211 288/3721/1212 282/3722/1211
f 1004/3723/1213 1003/3724/1213 946/3725/1213 945/3726/1213
f 230/3727/1214 235/3728/1214 240/3729/1214 234/3730/1214
f 238/3731/1215 237/3732/1215 228/3733/1215 233/3734/1215
f 277/3735/1216 282/3736/1216 287/3737/1216 281/3738/1216
f 941/3739/1217 959/3740/1217 958/3741/1217 940/3742/1217
f 264/3743/1218 269/3744/1218 263/3745/1218 259/3746/1218
f 984/3747/1219 983/3748/1219 942/3749/1219 943/3750/1219
f 961/3751/1220 962/3752/1220 963/3753/1220 960/3754/1220
f 934/3755/1221 961/3756/1221 960/3757/1221 935/3758/1221
f 945/3759/1222 980/3760/1222 979/3761/1222 944/3762/1222
f 315/3763/1223 314/3764/1223 305/3765/1223 310/3766/1223
f 952/3767/1224 1036/3768/1224 1035/3769/1224 953/3770/1224
f 1038/3771/1225 1037/3772/1225 934/3773/1225 935/3774/1225
f 976/3775/1226 975/3776/1226 947/3777/1226 942/3778/1226
f 185/3779/1227 190/3780/1227 195/3781/1228 189/3782/1227
f 215/3783/1229 220/3784/1229 225/3785/1229 219/3786/1229
f 982/3787/1230 983/3788/1230 984/3789/1230 981/3790/1230
f 1020/3791/1231 1019/3792/1231 952/3793/1231 953/3794/1231
f 947/3795/1232 1011/3796/1232 1010/3797/1232 948/3798/1232
f 946/3799/1233 1039/3800/1233 1041/3801/1233 937/3802/1233
f 1013/3803/1234 1014/3804/1234 1015/3805/1234 1016/3806/1234
f 1017/3807/1235 1018/3808/1235 1019/3809/1235 1020/3810/1235
f 946/3811/1236 1021/3812/1236 1023/3813/1236 955/3814/1236
f 312/3815/1237 317/3816/1237 311/3817/1237 307/3818/1237
f 944/3819/1238 991/3820/1238 990/3821/1238 943/3822/1238
f 306/3823/1239 311/3824/1239 316/3825/1239 310/3826/1239
f 958/3827/1240 957/3828/1240 936/3829/1240 940/3830/1240
f 996/3831/1241 997/3832/1241 998/3833/1241 995/3834/1241
f 935/3835/1242 960/3836/1242 963/3837/1242 939/3838/1242
f 213/3839/1243 218/3840/1243 223/3841/1243 217/3842/1243
f 971/3843/1244 973/3844/1244 938/3845/1244 934/3846/1244
f 964/3847/1245 965/3848/1245 966/3849/1245
f 969/3850/1246 968/3851/1246 935/3852/1246 939/3853/1246
f 986/3854/1247 985/3855/1247 946/3856/1247 941/3857/1247
f 949/3858/1246 1008/3859/1246 1007/3860/1246 943/3861/1246
f 940/3862/1248 970/3863/1248 969/3864/1248 939/3865/1248
f 936/3866/1249 967/3867/1249 970/3868/1249 940/3869/1249
f 937/3870/1250 956/3871/1250 959/3872/1250 941/3873/1250
f 971/3874/1251 972/3875/1251 973/3876/1251
f 968/3877/1252 969/3878/1252 970/3879/1252 967/3880/1252
f 974/3881/1253 975/3882/1253 976/3883/1253
f 946/3884/1254 1003/3885/1254 1005/3886/1254 951/3887/1254
f 947/3888/1255 993/3889/1255 992/3890/1255 942/3891/1255
f 989/3892/1256 990/3893/1256 991/3894/1256 988/3895/1256
f 1000/3896/1257 1001/3897/1257 1002/3898/1257 999/3899/1257
f 941/3900/1258 977/3901/1258 980/3902/1258 945/3903/1258
f 955/3904/1259 1023/3905/1259 1022/3906/1259 951/3907/1259
f 1031/3908/1260 1032/3909/1260 1033/3910/1260 1034/3911/1260
f 1024/3912/1261 1025/3913/1261 1026/3914/1261 1027/3915/1261
f 942/3916/1262 983/3917/1262 982/3918/1262 938/3919/1262
f 985/3920/1263 986/3921/1263 987/3922/1263
f 937/3923/1264 1041/3924/1264 1040/3925/1264 955/3926/1264
f 968/3927/1265 967/3928/1265 936/3929/1265 935/3930/1265
f 997/3931/1266 996/3932/1266 944/3933/1266 950/3934/1266
f 962/3935/1267 961/3936/1267 934/3937/1267 938/3938/1267
f 989/3939/1268 988/3940/1268 940/3941/1268 939/3942/1268
f 943/3943/1246 990/3944/1246 989/3945/1246 939/3946/1246
f 992/3947/1269 993/3948/1269 994/3949/1269
f 1019/3950/1270 1018/3951/1270 948/3952/1270 952/3953/1270
f 963/3954/1271 962/3955/1271 938/3956/1271 939/3957/1271
f 945/3958/1272 995/3959/1272 998/3960/1272 951/3961/1272
f 184/3962/1273 189/3963/1273 194/3964/1273 188/3965/1273
f 1026/3966/1246 1025/3967/1246 949/3968/1246 953/3969/1246
f 957/3970/1274 958/3971/1274 959/3972/1274 956/3973/1274
f 999/3974/1275 1002/3975/1275 949/3976/1275 943/3977/1275
f 948/3978/1276 1018/3979/1276 1017/3980/1276 949/3981/1276
f 936/3982/1277 1045/3983/1277 1044/3984/1277 935/3985/1277
f 1003/3986/1278 1004/3987/1278 1005/3988/1278
f 1040/3989/1279 1039/3990/1279 946/3991/1279 955/3992/1279
f 1007/3993/1280 1008/3994/1280 1009/3995/1280 1006/3996/1280
f 1022/3997/1281 1021/3998/1281 946/3999/1281 951/4000/1281
f 992/4001/1282 994/4002/1282 948/4003/1282 942/4004/1282
f 1042/4005/1283 1043/4006/1283 1044/4007/1283 1045/4008/1283
f 1006/4009/1249 1009/4010/1249 950/4011/1249 944/4012/1249
f 943/4013/1284 1007/4014/1284 1006/4015/1284 944/4016/1284
f 966/4017/1285 965/4018/1285 937/4019/1285 941/4020/1285
f 1010/4021/1286 1011/4022/1286 1012/4023/1286
f 1031/4024/1287 1034/4025/1287 937/4026/1287 955/4027/1287
f 1035/4028/1288 1036/4029/1288 1037/4030/1288 1038/4031/1288
f 212/4032/1289 217/4033/1289 222/4034/1289 216/4035/1289
f 953/4036/1290 1035/4037/1290 1038/4038/1290 935/4039/1290
f 954/4040/1291 1015/4041/1291 1014/4042/1291 950/4043/1291
f 949/4044/1292 1017/4045/1292 1020/4046/1292 953/4047/1292
f 979/4048/1293 978/4049/1293 940/4050/1293 944/4051/1293
f 1021/4052/1294 1022/4053/1294 1023/4054/1294
f 981/4055/1295 984/4056/1295 943/4057/1295 939/4058/1295
f 948/4059/1296 1010/4060/1296 1012/4061/1296 952/4062/1296
f 1027/4063/1297 1026/4064/1297 953/4065/1297 954/4066/1297
f 950/4067/1249 1024/4068/1249 1027/4069/1249 954/4070/1249
f 952/4071/1298 1028/4072/1298 1030/4073/1298 934/4074/1298
f 1042/4075/1249 1045/4076/1249 936/4077/1249 954/4078/1249
f 1028/4079/1299 1029/4080/1299 1030/4081/1299
f 947/4082/1300 975/4083/1300 974/4084/1300 938/4085/1300
f 1009/4086/1301 1008/4087/1301 949/4088/1301 950/4089/1301
f 978/4090/1302 979/4091/1302 980/4092/1302 977/4093/1302
f 949/4094/1303 1025/4095/1303 1024/4096/1303 950/4097/1303
f 936/4098/1304 1033/4099/1304 1032/4100/1304 954/4101/1304
f 948/4102/1305 1001/4103/1305 1000/4104/1305 942/4105/1305
f 1037/4106/1306 1036/4107/1306 952/4108/1306 934/4109/1306
f 1039/4110/1307 1040/4111/1307 1041/4112/1307
f 974/4113/1308 976/4114/1308 942/4115/1308 938/4116/1308
f 965/4117/1309 964/4118/1309 946/4119/1309 937/4120/1309
f 987/4121/1310 986/4122/1310 941/4123/1310 945/4124/1310
f 1005/4125/1311 1004/4126/1311 945/4127/1311 951/4128/1311
f 1013/4129/1312 1016/4130/1312 955/4131/1312 951/4132/1312
f 1043/4133/1313 1042/4134/1313 954/4135/1313 953/4136/1313
f 935/4137/1246 1044/4138/1246 1043/4139/1246 953/4140/1246
f 296/4141/1314 301/4142/1315 306/4143/1316
f 293/4144/1317 299/4145/1318 303/4146/1319
f 988/4147/1249 991/4148/1249 944/4149/1249 940/4150/1249
