# Blender v3.0.0 OBJ File: 'aa.blend'
# www.blender.org
mtllib Palm_9.mtl
o Palm_9
v -0.078451 3.223989 0.205074
v -0.059178 3.239585 0.178197
v -0.075043 3.230261 0.145065
v -0.104480 3.208754 0.151845
v -0.106594 3.204717 0.189025
v -0.057247 3.260348 0.217279
v -0.052464 3.267750 0.146526
v -0.106221 3.231169 0.115662
v -0.143462 3.201073 0.167450
v -0.112869 3.218959 0.230649
v -0.093977 3.266581 0.262913
v -0.041302 3.309128 0.189662
v -0.084526 3.283751 0.100580
v -0.163794 3.225645 0.118989
v -0.169777 3.214856 0.219273
v -0.069912 3.333667 0.252308
v -0.062952 3.346498 0.133399
v -0.152969 3.285371 0.081830
v -0.215269 3.234992 0.168404
v -0.163936 3.264825 0.274076
v -0.137012 3.338158 0.291458
v -0.071529 3.391111 0.200458
v -0.125554 3.359762 0.089382
v -0.224256 3.287489 0.112346
v -0.231665 3.273914 0.237224
v -0.119979 3.407646 0.260590
v -0.112926 3.420537 0.141824
v -0.202956 3.359417 0.090074
v -0.265339 3.308989 0.176792
v -0.213853 3.338899 0.282416
v -0.188617 3.406791 0.278679
v -0.135963 3.449337 0.205499
v -0.179109 3.423814 0.116508
v -0.258617 3.365847 0.134683
v -0.264214 3.355048 0.235016
v -0.184036 3.448690 0.238795
v -0.179935 3.456695 0.167625
v -0.232985 3.419466 0.137281
v -0.270111 3.389500 0.188960
v -0.240519 3.407741 0.251966
v -0.224785 3.440791 0.229697
v -0.205437 3.456461 0.202742
v -0.223690 3.448919 0.169334
v -0.248722 3.423991 0.176984
v -0.254981 3.423595 0.212949
v -0.077592 3.210980 0.172777
v -0.237008 3.448311 0.200072
v -0.504284 3.235571 0.109822
v -0.493069 3.236518 0.073903
v -0.521574 3.250488 0.053924
v -0.550302 3.258324 0.077674
v -0.539749 3.249206 0.111877
v -0.462108 3.238564 0.103575
v -0.482523 3.256056 0.037773
v -0.550180 3.281923 0.041885
v -0.570932 3.280652 0.110421
v -0.517114 3.253539 0.148789
v -0.460511 3.261029 0.159223
v -0.430532 3.263310 0.062408
v -0.507171 3.301083 0.008511
v -0.584814 3.322345 0.072088
v -0.556002 3.297606 0.165205
v -0.404282 3.286839 0.125542
v -0.438387 3.316170 0.015451
v -0.551666 3.359275 0.022342
v -0.587421 3.356461 0.137124
v -0.496397 3.311698 0.201042
v -0.423039 3.332679 0.189893
v -0.385599 3.335726 0.069292
v -0.481131 3.382720 0.002071
v -0.578039 3.408813 0.081404
v -0.542197 3.377961 0.197174
v -0.376961 3.369800 0.140968
v -0.411091 3.399167 0.030671
v -0.524474 3.442266 0.037751
v -0.560044 3.439402 0.152435
v -0.469224 3.394713 0.216326
v -0.409114 3.417991 0.188088
v -0.378713 3.420359 0.091345
v -0.455682 3.457978 0.037574
v -0.533218 3.479368 0.101129
v -0.504391 3.454643 0.194114
v -0.393435 3.449290 0.142592
v -0.413741 3.466730 0.076859
v -0.480756 3.493334 0.080718
v -0.502077 3.491341 0.149464
v -0.447568 3.464870 0.187856
v -0.423056 3.480633 0.154625
v -0.415297 3.477205 0.118893
v -0.440202 3.495420 0.099146
v -0.470827 3.501004 0.122601
v -0.460214 3.491853 0.156877
v -0.525838 3.234254 0.083403
v -0.439436 3.499779 0.132625
v -0.497357 3.231707 0.501479
v -0.477973 3.215473 0.479080
v -0.496663 3.203391 0.454910
v -0.527474 3.211997 0.462521
v -0.527638 3.229587 0.491361
v -0.462154 3.243382 0.500525
v -0.461663 3.209984 0.445502
v -0.519819 3.205927 0.426010
v -0.556684 3.236811 0.468886
v -0.520731 3.260097 0.514315
v -0.480092 3.288187 0.523303
v -0.428244 3.244534 0.462911
v -0.478697 3.212054 0.398230
v -0.561502 3.235251 0.418292
v -0.562253 3.282475 0.495808
v -0.428850 3.302210 0.493118
v -0.428096 3.246402 0.400951
v -0.525271 3.239605 0.368422
v -0.587022 3.291154 0.440197
v -0.527124 3.329688 0.517003
v -0.468714 3.359159 0.505660
v -0.403743 3.304960 0.430104
v -0.466782 3.264545 0.349450
v -0.570099 3.293312 0.374449
v -0.570907 3.352008 0.471467
v -0.422452 3.368209 0.457715
v -0.421553 3.312352 0.365498
v -0.518891 3.305554 0.332933
v -0.580537 3.357154 0.404813
v -0.520653 3.395577 0.481487
v -0.467933 3.412800 0.456339
v -0.416153 3.369083 0.396035
v -0.466438 3.336619 0.331094
v -0.549216 3.359822 0.351494
v -0.549990 3.407079 0.428851
v -0.445596 3.410893 0.410528
v -0.445516 3.377011 0.356184
v -0.503568 3.372984 0.336770
v -0.540349 3.404293 0.378793
v -0.504519 3.427086 0.424958
v -0.478593 3.424059 0.398354
v -0.458936 3.409475 0.374031
v -0.478429 3.394360 0.353482
v -0.508059 3.406034 0.357603
v -0.508957 3.421924 0.388192
v -0.506425 3.209103 0.483040
v -0.486020 3.419767 0.370600
v -0.372317 3.608425 0.287347
v -0.484330 3.638588 0.443059
v -0.550180 3.672339 0.253589
v -0.872911 3.677837 0.256252
v -1.004669 3.543200 0.716210
v -1.371566 3.464804 0.447461
v -1.494735 3.187045 0.658215
v -1.532230 3.206339 0.541634
v -1.597181 3.062995 0.600563
v -1.524580 3.203137 0.603844
v -1.351322 3.466911 0.600595
v -0.809070 3.718718 0.462730
v -0.507120 3.689794 0.351104
v -1.100058 3.644461 0.550277
v -0.744645 3.614083 0.640482
v -0.780157 3.596389 0.652006
v -1.291797 3.396129 0.716884
v -1.327883 3.377691 0.714270
v -1.196367 3.588820 0.360771
v -1.164228 3.599874 0.345474
v -0.384502 3.565038 0.279672
v -0.192674 3.637396 0.263973
v -0.285061 3.595063 0.461742
v -0.011498 3.658421 0.281804
v -0.157519 3.591210 0.594204
v -0.025944 3.551713 0.699040
v 0.437907 3.558262 0.413883
v 0.553223 3.331244 0.842559
v 0.866282 3.107551 0.670915
v 0.807926 3.080222 0.789006
v 0.935006 2.947066 0.736556
v 0.847346 3.100345 0.737677
v 0.646706 3.390535 0.719868
v -0.251389 3.647314 0.364801
v -0.096887 3.679823 0.447313
v 0.164753 3.639925 0.305981
v 0.202228 3.622657 0.316105
v 0.060701 3.673601 0.521179
v 0.699210 3.368447 0.565243
v 0.729956 3.344315 0.585728
v 0.324171 3.451394 0.825601
v 0.285516 3.460923 0.816928
v 0.376440 3.585132 0.644769
v -0.381195 3.570063 0.288441
v -0.439330 3.619768 0.112203
v -0.244614 3.633183 0.172321
v -0.054842 3.645081 -0.095162
v -0.357739 3.565355 -0.489441
v 0.072441 3.464005 -0.649759
v -0.042105 3.213522 -0.917661
v 0.075775 3.220142 -0.878552
v 0.057768 3.085435 -0.989289
v 0.020484 3.224135 -0.908318
v -0.063406 3.482887 -0.720767
v -0.347792 3.661016 0.153202
v -0.446274 3.622599 -0.221032
v -0.435672 3.606906 -0.258926
v -0.257807 3.707890 -0.153814
v -0.197287 3.424408 -0.750081
v -0.174918 3.406775 -0.781011
v 0.046398 3.574254 -0.435750
v 0.040670 3.582860 -0.399039
v -0.160776 3.649278 -0.455872
v -0.374827 3.615467 0.294586
v -0.562049 3.657614 0.273268
v -0.425677 3.680729 0.122530
v -0.582931 3.692615 -0.162539
v -1.058381 3.589810 -0.056640
v -1.006505 3.501611 -0.516241
v -1.271938 3.239669 -0.529995
v -1.186733 3.252262 -0.620080
v -1.280878 3.114023 -0.652948
v -1.237535 3.252996 -0.582671
v -1.130194 3.512961 -0.422930
v -0.488958 3.703603 0.208582
v -0.951214 3.682390 -0.219602
v -0.861812 3.650959 0.138461
v -0.890163 3.634552 0.112450
v -0.728987 3.745393 -0.002617
v -1.208767 3.448413 -0.314879
v -1.225234 3.430674 -0.348661
v -0.836726 3.616580 -0.400070
v -0.807100 3.625982 -0.379010
v -0.377189 3.566122 0.276525
v -0.256724 3.596157 0.634044
v -0.593730 3.604785 0.587042
v -0.662284 3.568645 0.735588
v -0.273327 3.463215 1.077803
v -0.681475 3.303363 1.286352
v -0.487232 3.019942 1.491121
v -0.616887 3.022089 1.469972
v -0.563066 2.870018 1.552420
v -0.530954 3.325505 1.342938
v -0.425126 3.664246 0.608380
v -0.555001 3.026772 1.493320
v -0.233391 3.559508 0.801916
v -0.235510 3.541150 0.838033
v -0.450186 3.645340 0.778694
v -0.380260 3.272027 1.340547
v -0.395795 3.247915 1.371982
v -0.703180 3.446447 1.085515
v -0.704012 3.459955 1.048317
v -0.494380 3.538783 1.091427
v -0.374718 3.476383 0.249802
v -0.234783 3.528075 0.340407
v -0.403995 3.517477 0.420807
v -0.120734 3.540792 0.446961
v -0.397164 3.523128 0.578261
v -0.367986 3.498357 0.716744
v 0.082196 3.457721 0.782064
v -0.096345 3.311967 1.132830
v 0.171107 3.097873 1.199934
v 0.067627 3.089947 1.246370
v 0.162406 2.969912 1.286525
v 0.122574 3.099674 1.233454
v -0.325255 3.549146 0.373408
v -0.266032 3.580651 0.509413
v -0.079447 3.509407 0.893478
v -0.027339 3.522881 0.560762
v -0.010386 3.507838 0.588537
v -0.204328 3.577396 0.643225
v 0.148916 3.308213 1.029741
v 0.155047 3.288797 1.061166
v 0.035395 3.344556 1.101012
v -0.221112 3.417223 0.992695
v -0.240873 3.426213 0.965581
v -0.377363 3.448882 0.251460
v -0.233925 3.531744 0.148709
v -0.213844 3.489711 0.354417
v 0.112735 3.483755 0.431243
v 0.364706 3.523028 -0.022224
v 0.684811 3.333278 0.278459
v 0.890976 3.143400 -0.011282
v 0.900561 3.116305 0.113915
v 0.997263 2.999693 0.010449
v 0.906953 3.137218 0.052975
v -0.236562 3.545266 0.261072
v 0.077258 3.572330 0.016596
v 0.117038 3.558417 0.007283
v 0.088550 3.602563 0.244033
v 0.672946 3.372246 -0.019892
v 0.710717 3.352604 -0.017190
v 0.698238 3.393530 0.133188
v 0.473482 3.425544 0.371936
v 0.436573 3.431522 0.383469
v 0.411046 3.553370 0.199590
v -0.291289 3.436043 0.197160
v -0.284942 3.493367 0.024034
v -0.130128 3.500925 0.144634
v 0.128926 3.523380 -0.028004
v -0.011585 3.469598 -0.486855
v 0.427895 3.374801 -0.489970
v 0.414792 3.148308 -0.783867
v 0.507579 3.151352 -0.708535
v 0.528521 3.027351 -0.822234
v 0.467822 3.157256 -0.753645
v 0.329567 3.398088 -0.597986
v -0.216600 3.529943 0.094275
v -0.180525 3.512527 -0.274460
v -0.158207 3.499205 -0.305609
v -0.033856 3.589128 -0.144816
v 0.219254 3.344937 -0.673349
v 0.249809 3.329101 -0.694536
v 0.333154 3.470674 -0.301324
v 0.315735 3.477297 -0.269846
v 0.153714 3.546435 -0.384283
v -0.362303 3.367312 0.239480
v -0.509946 3.459006 0.171009
v -0.326188 3.478542 0.099456
v -0.345728 3.594976 -0.191080
v -0.819287 3.601667 -0.302099
v -0.601692 3.612549 -0.700559
v -0.869280 3.448000 -0.893678
v -0.756502 3.457618 -0.935564
v -0.847331 3.364621 -1.043085
v -0.815783 3.463017 -0.921527
v -0.745486 3.633850 -0.661198
v -0.529309 3.644349 -0.089044
v -0.412832 3.496374 0.157421
v -0.717668 3.561557 -0.048845
v -0.734217 3.560045 -0.086188
v -0.868145 3.571461 -0.619474
v -0.871471 3.567427 -0.659819
v -0.482638 3.645958 -0.504906
v -0.463842 3.642043 -0.473653
v -0.644939 3.694378 -0.370127
v -0.358440 3.392851 0.226218
v -0.373346 3.432815 0.405306
v -0.516891 3.468011 0.281320
v -0.778594 3.501352 0.441266
v -0.671363 3.391510 0.888159
v -1.104679 3.346597 0.855113
v -1.117921 3.098582 1.105622
v -1.203884 3.118598 1.027961
v -1.235758 2.990194 1.117534
v -1.167662 3.115706 1.074993
v -1.014158 3.348583 0.969323
v -0.624923 3.536592 0.574618
v -0.433541 3.481839 0.338455
v -0.824179 3.493080 0.793242
v -0.491959 3.434596 0.694654
v -0.516379 3.421241 0.722565
v -0.913171 3.278213 1.039432
v -0.944903 3.263923 1.056264
v -0.996908 3.446984 0.690559
v -0.977426 3.454425 0.661538
v -0.355526 3.344888 0.224416
v -0.503037 3.391663 0.356092
v -0.514048 3.441183 0.150097
v -0.837914 3.501278 0.071614
v -1.112815 3.376280 0.494737
v -1.424613 3.362999 0.124341
v -1.650945 3.094356 0.286811
v -1.654980 3.122753 0.160722
v -1.760205 2.985360 0.193658
v -1.663945 3.117041 0.225368
v -1.443759 3.358741 0.284720
v -0.493463 3.450006 0.260801
v -1.147920 3.499622 0.309906
v -0.820131 3.406707 0.488723
v -0.861565 3.394233 0.490176
v -0.820325 3.528455 0.299940
v -1.426525 3.273649 0.412475
v -1.465041 3.261009 0.399460
v -1.204855 3.462466 0.089525
v -1.166973 3.468635 0.082962
v -0.308379 3.556586 0.298225
v -0.409947 3.680596 0.160730
v -0.201361 3.636939 0.258836
v 0.026135 3.716411 0.106776
v -0.276682 3.860812 -0.284723
v 0.184466 3.753977 -0.351074
v 0.047765 3.656588 -0.685375
v 0.172326 3.626580 -0.627554
v 0.163181 3.546814 -0.762623
v 0.127310 3.642884 -0.653658
v -0.163157 3.809615 0.050113
v -0.276709 3.669655 0.243091
v -0.053802 3.862620 -0.181347
v -0.387426 3.819911 -0.080427
v -0.375366 3.819343 -0.114941
v -0.103018 3.809752 -0.502080
v -0.078481 3.800343 -0.528803
v 0.047093 3.810071 -0.424578
v 0.154175 3.772485 -0.151741
v 0.145183 3.764594 -0.121618
v -0.372256 3.624598 0.302682
v -0.449556 3.715510 0.301907
v -0.353335 3.701823 0.218217
v -0.392491 3.816778 0.060206
v -0.683215 3.918852 0.102114
v -0.631306 3.945415 -0.179944
v -0.859876 3.923258 -0.241776
v -0.800470 3.913393 -0.292451
v -0.894072 3.890130 -0.339839
v -0.830905 3.924695 -0.269591
v -0.480198 3.858297 0.158695
v -0.395822 3.718743 0.270343
v -0.578446 3.934183 0.026430
v -0.585307 3.846161 0.227237
v -0.602859 3.857076 0.209337
v -0.778042 3.964097 -0.070954
v -0.790018 3.961709 -0.097061
v -0.702662 3.974429 -0.122628
v -0.521469 3.908656 -0.089347
v -0.505968 3.900471 -0.076034
v -0.373596 3.593434 0.280068
v -0.369439 3.708500 0.474727
v -0.537667 3.726387 0.361680
v -0.609758 3.761309 0.424480
v -0.490425 3.784470 0.716409
v -0.780686 3.807062 0.750377
v -0.778036 3.719047 0.971764
v -0.842905 3.724396 0.926804
v -0.862764 3.672995 1.019273
v -0.813122 3.728779 0.953079
v -0.706685 3.822513 0.811141
v -0.439116 3.747248 0.400734
v -0.396756 3.741418 0.570253
v -0.408834 3.744180 0.592191
v -0.488404 3.793380 0.480690
v -0.637277 3.783480 0.862919
v -0.658136 3.782952 0.880696
v -0.723193 3.814887 0.612540
v -0.713444 3.809679 0.589954
v -0.593228 3.843193 0.645775
v -0.392072 3.591147 0.275606
v -0.331567 3.686083 0.224380
v -0.336127 3.668548 0.359878
v -0.178184 3.774614 0.452015
v 0.001565 3.883369 0.199764
v 0.187055 3.885298 0.444571
v 0.396945 3.852279 0.304888
v 0.393213 3.839894 0.386944
v 0.496398 3.809212 0.343380
v 0.194055 3.923537 0.351340
v -0.353905 3.691545 0.293898
v -0.016426 3.914227 0.342436
v 0.398328 3.853842 0.347880
v -0.168435 3.813032 0.181665
v -0.140936 3.819537 0.182225
v -0.204221 3.832534 0.323187
v 0.209051 3.904199 0.253368
v 0.236120 3.905987 0.262231
v 0.035054 3.864515 0.467531
v 0.011156 3.854810 0.469654
v -0.380026 3.597078 0.287996
v -0.488851 3.626492 0.438400
v -0.552179 3.659002 0.255843
v -0.870815 3.664243 0.258567
v -1.002053 3.532344 0.707825
v -1.362033 3.454801 0.446245
v -1.484474 3.180543 0.651686
v -1.520898 3.199071 0.538895
v -1.585359 3.057937 0.595938
v -1.513336 3.196492 0.599167
v -1.342644 3.457251 0.595964
v -0.809031 3.705190 0.460491
v -0.511651 3.676453 0.350294
v -1.095847 3.632054 0.546226
v -0.747260 3.602024 0.634186
v -0.780085 3.584925 0.644409
v -1.285868 3.387300 0.708381
v -1.318552 3.370624 0.706992
v -1.188850 3.577258 0.360540
v -1.159311 3.587138 0.346778
v -0.377117 3.553473 0.280689
v -0.189868 3.624070 0.265863
v -0.279629 3.582951 0.458179
v -0.011729 3.644680 0.283513
v -0.154186 3.579192 0.588248
v -0.024863 3.540174 0.691327
v 0.431991 3.545636 0.413950
v 0.546932 3.322635 0.833694
v 0.855620 3.100210 0.666178
v 0.798972 3.073691 0.780870
v 0.924155 2.941854 0.730086
v 0.837157 3.093662 0.731048
v 0.638818 3.380886 0.713967
v -0.246248 3.634289 0.364373
v -0.094930 3.666301 0.445227
v 0.162785 3.626283 0.307217
v 0.198311 3.609455 0.316930
v 0.060257 3.660274 0.517798
v 0.690603 3.357979 0.563924
v 0.719538 3.336131 0.581873
v 0.320120 3.441489 0.816905
v 0.284508 3.450124 0.808534
v 0.372356 3.572754 0.640429
v -0.378057 3.559103 0.280765
v -0.433815 3.607352 0.110265
v -0.246384 3.620256 0.168255
v -0.059023 3.631800 -0.095912
v -0.353482 3.553459 -0.483513
v 0.067272 3.453387 -0.642489
v -0.043274 3.205414 -0.906570
v 0.070986 3.211724 -0.868801
v 0.054337 3.078801 -0.977844
v 0.017314 3.216057 -0.897498
v -0.065381 3.472202 -0.712273
v -0.345521 3.647777 0.148807
v -0.440613 3.609966 -0.220426
v -0.430617 3.594608 -0.255408
v -0.257075 3.694198 -0.153691
v -0.194626 3.414234 -0.741389
v -0.175044 3.398141 -0.770253
v 0.041465 3.562422 -0.430649
v 0.035797 3.570200 -0.396910
v -0.160938 3.636316 -0.451379
v -0.379915 3.604384 0.288250
v -0.560928 3.645369 0.267167
v -0.429499 3.667612 0.122042
v -0.584808 3.679147 -0.159440
v -1.050523 3.578382 -0.058224
v -1.001537 3.491177 -0.508569
v -1.261842 3.232257 -0.524221
v -1.179451 3.244271 -0.611601
v -1.271584 3.108032 -0.644917
v -1.228574 3.245498 -0.575193
v -1.122701 3.502692 -0.417588
v -0.491340 3.690345 0.204340
v -0.946520 3.669630 -0.217796
v -0.858313 3.638590 0.133287
v -0.884202 3.622641 0.109041
v -0.727885 3.731757 -0.003536
v -1.199138 3.438826 -0.313703
v -1.214963 3.422734 -0.344022
v -0.833638 3.604772 -0.393635
v -0.806679 3.613227 -0.373984
v -0.378248 3.553533 0.281553
v -0.260815 3.583054 0.633529
v -0.590288 3.591536 0.587512
v -0.657057 3.555954 0.733313
v -0.277794 3.451880 1.071010
v -0.676654 3.294566 1.276772
v -0.487349 3.014001 1.478680
v -0.613069 3.016042 1.458236
v -0.561091 2.865963 1.539523
v -0.529618 3.316499 1.332586
v -0.425574 3.650344 0.609457
v -0.553014 3.021075 1.480828
v -0.238196 3.546817 0.799257
v -0.240260 3.529044 0.833438
v -0.449935 3.631831 0.776046
v -0.383688 3.263059 1.330909
v -0.396884 3.241203 1.359986
v -0.698158 3.435984 1.078069
v -0.698588 3.448189 1.043856
v -0.494062 3.526598 1.085104
v -0.371065 3.464691 0.256057
v -0.235305 3.514979 0.344557
v -0.399041 3.504762 0.422449
v -0.123564 3.527405 0.449112
v -0.392202 3.510316 0.576722
v -0.363606 3.485868 0.712438
v 0.076123 3.445486 0.779258
v -0.096558 3.302611 1.122595
v 0.164988 3.090617 1.189936
v 0.065117 3.082965 1.234799
v 0.157517 2.964605 1.274920
v 0.118121 3.092815 1.222250
v -0.322557 3.535957 0.377282
v -0.264774 3.566909 0.510048
v -0.081211 3.496724 0.888510
v -0.031170 3.509601 0.561399
v -0.015458 3.495037 0.587688
v -0.204079 3.563769 0.641304
v 0.141908 3.298078 1.023956
v 0.148460 3.280775 1.052084
v 0.031936 3.334652 1.092067
v -0.219842 3.406471 0.984156
v -0.237555 3.414466 0.959352
v -0.368948 3.438399 0.248578
v -0.229943 3.518643 0.149575
v -0.210624 3.478163 0.347848
v 0.111879 3.472105 0.423632
v 0.360915 3.509882 -0.019462
v 0.676019 3.323655 0.273727
v 0.880284 3.134746 -0.010354
v 0.889626 3.108462 0.111099
v 0.985348 2.993014 0.009986
v 0.895698 3.129167 0.052053
v -0.231514 3.532449 0.257895
v 0.078931 3.558699 0.018475
v 0.115806 3.544941 0.009754
v 0.088762 3.589193 0.241004
v 0.665968 3.360888 -0.017038
v 0.700742 3.343198 -0.015625
v 0.689619 3.382865 0.131748
v 0.466791 3.414906 0.366260
v 0.432719 3.420339 0.376497
v 0.406820 3.540470 0.197603
v -0.285512 3.425522 0.190451
v -0.278972 3.481023 0.023481
v -0.130258 3.488279 0.139454
v 0.125329 3.510224 -0.030899
v -0.009653 3.457358 -0.480436
v 0.420550 3.363916 -0.485512
v 0.409836 3.139639 -0.774358
v 0.499726 3.142512 -0.701523
v 0.521346 3.020157 -0.813090
v 0.461104 3.148668 -0.745075
v 0.324792 3.387014 -0.591296
v -0.212805 3.516949 0.090194
v -0.175339 3.499816 -0.272570
v -0.154656 3.486675 -0.301193
v -0.033137 3.575441 -0.145186
v 0.218711 3.334296 -0.664824
v 0.245936 3.319912 -0.685000
v 0.326787 3.458685 -0.298871
v 0.310463 3.464622 -0.270217
v 0.152026 3.533268 -0.380818
v -0.365861 3.359974 0.228415
v -0.508136 3.448792 0.162021
v -0.331418 3.467484 0.093369
v -0.350761 3.582172 -0.193368
v -0.813342 3.589244 -0.304369
v -0.602113 3.599639 -0.695507
v -0.863953 3.436872 -0.887519
v -0.754862 3.446103 -0.928244
v -0.843424 3.354471 -1.034810
v -0.812178 3.451723 -0.914328
v -0.742658 3.620936 -0.657271
v -0.529995 3.631561 -0.093938
v -0.415167 3.485699 0.148453
v -0.714139 3.550343 -0.056167
v -0.729243 3.548117 -0.090886
v -0.861532 3.559606 -0.618135
v -0.865587 3.556040 -0.654727
v -0.484391 3.632590 -0.501985
v -0.467514 3.628823 -0.473201
v -0.643452 3.680771 -0.371010
v -0.365481 3.382210 0.231293
v -0.380395 3.421079 0.404297
v -0.518372 3.454929 0.285021
v -0.776597 3.487656 0.442976
v -0.674233 3.380293 0.880352
v -1.097904 3.335703 0.849837
v -1.113048 3.090989 1.095194
v -1.196164 3.110232 1.020267
v -1.228457 2.983952 1.107817
v -1.160978 3.107927 1.065650
v -1.009865 3.338046 0.961537
v -0.626977 3.523079 0.573485
v -0.438725 3.468932 0.340815
v -0.823565 3.480262 0.788397
v -0.498232 3.422706 0.691298
v -0.521018 3.409678 0.716735
v -0.913169 3.268688 1.029708
v -0.941245 3.255837 1.045714
v -0.991455 3.434759 0.687237
v -0.973493 3.441298 0.660916
v -0.364802 3.334937 0.222527
v -0.508045 3.380561 0.349759
v -0.518538 3.428304 0.151017
v -0.838552 3.487480 0.073557
v -1.109895 3.365299 0.486620
v -1.416802 3.351548 0.124867
v -1.640576 3.086301 0.282596
v -1.644665 3.113685 0.160381
v -1.748600 2.978406 0.191750
v -1.653130 3.108636 0.223167
v -1.435856 3.347834 0.281770
v -0.499633 3.437595 0.258127
v -1.144822 3.486766 0.306271
v -0.822897 3.395362 0.481272
v -0.861342 3.383058 0.482163
v -0.821808 3.515151 0.296975
v -1.420128 3.264102 0.405163
v -1.455449 3.252581 0.394264
v -1.199429 3.449816 0.090421
v -1.164555 3.455240 0.084657
v -0.306152 3.549467 0.286652
v -0.405799 3.670144 0.152835
v -0.202307 3.627433 0.249042
v 0.022124 3.705109 0.099761
v -0.276269 3.846895 -0.284919
v 0.178180 3.741867 -0.348628
v 0.042859 3.645540 -0.678599
v 0.165917 3.615866 -0.621671
v 0.157072 3.536757 -0.755395
v 0.121397 3.632223 -0.647162
v -0.163773 3.797369 0.043971
v -0.274885 3.660217 0.232869
v -0.056120 3.849177 -0.182768
v -0.384303 3.807748 -0.086117
v -0.373456 3.806078 -0.117956
v -0.104827 3.796613 -0.498821
v -0.082490 3.788591 -0.522949
v 0.042427 3.797603 -0.421102
v 0.148580 3.759947 -0.152296
v 0.140087 3.752473 -0.125516
v -0.381029 3.619509 0.293299
v -0.455109 3.706988 0.292581
v -0.362785 3.693699 0.212423
v -0.400968 3.806102 0.057553
v -0.684444 3.905764 0.097490
v -0.634612 3.932206 -0.177377
v -0.857346 3.909956 -0.239016
v -0.800579 3.900482 -0.287678
v -0.891686 3.877654 -0.334679
v -0.829516 3.911589 -0.265376
v -0.486401 3.847215 0.153436
v -0.403891 3.710860 0.262082
v -0.582421 3.921312 0.023687
v -0.589280 3.835873 0.218956
v -0.605216 3.845013 0.203175
v -0.777754 3.950644 -0.073143
v -0.787593 3.948241 -0.095730
v -0.704017 3.960761 -0.121669
v -0.526715 3.895903 -0.088699
v -0.512648 3.888436 -0.076774
v -0.380361 3.585521 0.288824
v -0.377344 3.697749 0.477988
v -0.539309 3.714956 0.369052
v -0.608886 3.748693 0.430272
v -0.496166 3.771994 0.713996
v -0.776765 3.793844 0.748889
v -0.776566 3.707287 0.964716
v -0.838256 3.712347 0.922104
v -0.858650 3.662187 1.011989
v -0.809723 3.716873 0.946820
v -0.705588 3.809223 0.807623
v -0.444603 3.736159 0.407179
v -0.404478 3.730002 0.571382
v -0.415707 3.732234 0.591615
v -0.492037 3.780622 0.484393
v -0.640526 3.771267 0.857829
v -0.657885 3.770968 0.873874
v -0.720288 3.801429 0.613411
v -0.711459 3.796667 0.593799
v -0.595285 3.829616 0.646185
v -0.378943 3.587047 0.275671
v -0.321538 3.677260 0.227501
v -0.325827 3.660771 0.355368
v -0.170980 3.764516 0.445648
v 0.004573 3.870183 0.203211
v 0.185755 3.872537 0.439296
v 0.392244 3.839317 0.304673
v 0.388762 3.827521 0.382929
v 0.489995 3.797308 0.341335
v 0.192675 3.909956 0.349413
v -0.342212 3.683626 0.293226
v -0.012750 3.901083 0.341075
v 0.393284 3.841112 0.345686
v -0.160284 3.802444 0.185378
v -0.135491 3.807483 0.185959
v -0.196337 3.821414 0.321740
v 0.208419 3.890840 0.256045
v 0.232256 3.892759 0.262865
v 0.036316 3.852018 0.461842
v 0.015417 3.843448 0.463261
v -0.000021 -0.000000 -0.148312
v -0.326527 2.427291 0.116495
v 0.141768 -0.000000 -0.097055
v -0.221100 2.434030 0.151323
v 0.165294 0.000000 0.044109
v -0.196552 2.416610 0.258451
v 0.053852 0.000000 0.135339
v -0.277582 2.392377 0.330980
v -0.083543 0.000000 0.087483
v -0.383304 2.385597 0.296126
v -0.112173 -0.000000 -0.051588
v -0.407691 2.403096 0.188758
v -0.017443 0.240680 -0.253328
v -0.024182 0.481859 -0.290656
v -0.036784 0.730588 -0.310974
v -0.061244 0.978698 -0.303660
v -0.098430 1.215272 -0.265898
v -0.140037 1.438699 -0.211052
v -0.183415 1.650598 -0.146101
v -0.225463 1.851712 -0.072019
v -0.263802 2.044514 0.002282
v -0.297258 2.235313 0.067007
v -0.186477 2.244068 0.104055
v -0.141198 2.055862 0.043812
v -0.088446 1.865876 -0.025085
v -0.033046 1.667179 -0.094234
v 0.019707 1.456838 -0.155788
v 0.070656 1.234375 -0.207432
v 0.116497 0.997924 -0.242344
v 0.151718 0.749237 -0.245997
v 0.174696 0.499480 -0.221867
v 0.187232 0.257018 -0.183173
v -0.159962 2.220908 0.215812
v -0.111256 2.026630 0.166827
v -0.054793 1.832083 0.112352
v 0.003190 1.633028 0.057627
v 0.056714 1.427494 0.007351
v 0.107640 1.214728 -0.032693
v 0.152855 0.993556 -0.057262
v 0.188162 0.765142 -0.050079
v 0.212253 0.537418 -0.017798
v 0.228055 0.309666 0.025257
v -0.244351 2.188913 0.290727
v -0.203932 1.986012 0.248415
v -0.158062 1.784154 0.202843
v -0.110665 1.582424 0.157401
v -0.065565 1.380227 0.114743
v -0.023763 1.176236 0.082759
v 0.012475 0.970094 0.065479
v 0.037192 0.762375 0.079678
v 0.051720 0.557623 0.116485
v 0.060799 0.345842 0.162880
v -0.355391 2.180111 0.253668
v -0.326645 1.974630 0.206917
v -0.295008 1.769981 0.155995
v -0.260665 1.565880 0.105701
v -0.224593 1.362183 0.059731
v -0.191699 1.157292 0.024640
v -0.163827 0.951044 0.004556
v -0.149675 0.743895 0.015122
v -0.145815 0.540117 0.048034
v -0.146069 0.328848 0.091037
v -0.381779 2.203353 0.141696
v -0.356567 2.003902 0.083791
v -0.328768 1.803743 0.018571
v -0.297212 1.599896 -0.045936
v -0.262148 1.391293 -0.102927
v -0.229530 1.176655 -0.149278
v -0.201243 0.955272 -0.179467
v -0.187316 0.728006 -0.179587
v -0.184351 0.502283 -0.155047
v -0.184344 0.275953 -0.118438
v -0.005253 0.282163 -0.189049
v 0.131467 0.293370 -0.141510
v 0.157975 0.328494 -0.002959
v 0.047149 0.352473 0.088869
v -0.090670 0.341182 0.041043
v -0.116374 0.306013 -0.098323
v -0.011760 0.520087 -0.226283
v 0.119220 0.531819 -0.180916
v 0.145040 0.555627 -0.045963
v 0.038792 0.567765 0.044803
v -0.093825 0.555872 -0.000984
v -0.118449 0.532007 -0.137140
v -0.026367 0.761648 -0.245309
v 0.097562 0.774006 -0.202517
v 0.122752 0.783282 -0.073250
v 0.022970 0.780099 0.014286
v -0.102449 0.767566 -0.028906
v -0.126544 0.758398 -0.159271
v -0.052368 1.001941 -0.238246
v 0.064722 1.014643 -0.197812
v 0.089703 1.010847 -0.075639
v -0.003103 0.994104 0.006923
v -0.121344 0.981244 -0.033856
v -0.145474 0.985311 -0.156852
v -0.089612 1.233228 -0.203878
v 0.022035 1.245877 -0.165261
v 0.047276 1.232048 -0.049801
v -0.039646 1.205352 0.027585
v -0.152084 1.192599 -0.011300
v -0.176725 1.206664 -0.127302
v -0.132083 1.451895 -0.150740
v -0.026360 1.463887 -0.114195
v -0.001331 1.443944 -0.006210
v -0.082358 1.411861 0.065508
v -0.188528 1.399819 0.028778
v -0.213192 1.419917 -0.079490
v -0.175909 1.660813 -0.088378
v -0.076416 1.671734 -0.054123
v -0.052191 1.648939 0.046363
v -0.127595 1.615172 0.112656
v -0.227225 1.604250 0.078300
v -0.251301 1.627098 -0.022246
v -0.218537 1.861194 -0.019040
v -0.127929 1.870487 0.011912
v -0.105677 1.848200 0.102813
v -0.174013 1.816658 0.162656
v -0.264505 1.807400 0.131674
v -0.286782 1.829646 0.040886
v -0.258212 2.055527 0.050372
v -0.177063 2.062973 0.077777
v -0.157344 2.043681 0.159182
v -0.218681 2.017008 0.213009
v -0.299615 2.009604 0.185604
v -0.319431 2.028827 0.104382
v -0.292265 2.248199 0.110105
v -0.218565 2.253943 0.134661
v -0.201144 2.238758 0.209002
v -0.257260 2.217915 0.258536
v -0.330637 2.212219 0.234004
v -0.348229 2.227314 0.159927
v -0.368373 3.001206 0.192249
v -0.283131 3.002611 0.219939
v -0.264341 3.003993 0.307636
v -0.331004 3.003964 0.367876
v -0.416547 3.002548 0.340146
v -0.435152 3.001172 0.252207
v -0.348988 2.610108 0.152937
v -0.362367 2.804331 0.183985
v -0.272149 2.807217 0.213334
v -0.247314 2.615037 0.186211
v -0.252091 2.802803 0.306053
v -0.224236 2.603574 0.290212
v -0.322424 2.795461 0.369664
v -0.303004 2.587114 0.361200
v -0.412959 2.792550 0.340275
v -0.405026 2.582146 0.327885
v -0.432828 2.797008 0.247302
v -0.427902 2.593683 0.223606
v -0.321492 2.433229 0.147412
v -0.244317 2.438116 0.172847
v -0.226546 2.425544 0.251246
v -0.285823 2.408144 0.304005
v -0.362718 2.403290 0.278600
v -0.380648 2.415797 0.200424
v -0.342999 2.627213 0.190339
v -0.275715 2.630384 0.212296
v -0.260687 2.623181 0.281098
v -0.312760 2.612854 0.327696
v -0.379716 2.609710 0.305780
v -0.394940 2.616865 0.237240
v -0.357526 2.823901 0.217370
v -0.297520 2.825733 0.236833
v -0.284419 2.823153 0.298450
v -0.331105 2.818758 0.340353
v -0.390788 2.816941 0.320932
v -0.404086 2.819504 0.259573
v -0.351232 3.399784 0.219449
v -0.321168 3.399462 0.229260
v -0.314558 3.403615 0.259883
v -0.337918 3.408077 0.280601
v -0.367874 3.408398 0.270806
v -0.374553 3.404256 0.240268
v -0.368379 3.154223 0.187871
v -0.285505 3.154608 0.214838
v -0.267200 3.160273 0.299903
v -0.331981 3.165566 0.358263
v -0.415196 3.165178 0.331248
v -0.433289 3.159499 0.245913
v -0.364436 3.018040 0.213539
v -0.299675 3.019036 0.234533
v -0.285605 3.020402 0.301090
v -0.336146 3.020770 0.346467
v -0.400664 3.019780 0.325507
v -0.414885 3.018418 0.259145
v -0.359087 3.218972 0.225916
v -0.316966 3.219022 0.239608
v -0.307770 3.222553 0.282770
v -0.340630 3.226031 0.312144
v -0.382628 3.225983 0.298470
v -0.391901 3.222456 0.255407
v -0.360385 3.518285 0.172080
v -0.360385 3.444260 0.141030
v -0.360385 3.358518 0.151200
v -0.360385 3.293809 0.198703
v -0.299662 3.523493 0.215992
v -0.262133 3.452687 0.212082
v -0.262133 3.366944 0.222251
v -0.299662 3.299017 0.242615
v -0.322856 3.531920 0.287043
v -0.299662 3.466321 0.327044
v -0.299662 3.380579 0.337214
v -0.322856 3.307443 0.313665
v -0.360385 3.274850 0.265395
v -0.360385 3.552318 0.232487
v -0.397914 3.531920 0.287043
v -0.421108 3.466321 0.327044
v -0.421108 3.380579 0.337214
v -0.397914 3.307443 0.313665
v -0.421108 3.523493 0.215992
v -0.458637 3.452687 0.212082
v -0.458637 3.366944 0.222251
v -0.421108 3.299017 0.242615
v -0.336462 3.259367 0.169553
v -0.336462 3.324076 0.122050
v -0.238209 3.332503 0.193101
v -0.275738 3.264575 0.213465
v -0.336462 3.470927 0.104633
v -0.336462 3.544952 0.135682
v -0.275738 3.550160 0.179594
v -0.238209 3.479354 0.175684
v -0.350043 3.217217 0.257863
v -0.350043 3.236176 0.191171
v -0.289319 3.241384 0.235083
v -0.332635 3.354009 0.113184
v -0.332635 3.439751 0.103015
v -0.234383 3.448178 0.174066
v -0.234383 3.362436 0.184235
v -0.350043 3.572558 0.151275
v -0.350043 3.606591 0.211683
v -0.289319 3.577766 0.195187
v -0.282927 3.580088 0.214767
v -0.343651 3.608913 0.231263
v -0.306122 3.588515 0.285818
v -0.260953 3.269947 0.258757
v -0.223424 3.337875 0.238393
v -0.260953 3.351509 0.353355
v -0.284147 3.278374 0.329807
v -0.223424 3.484726 0.220976
v -0.260953 3.555532 0.224886
v -0.284147 3.563959 0.295937
v -0.260953 3.498360 0.335938
v -0.343651 3.219539 0.277443
v -0.282927 3.243706 0.254663
v -0.306122 3.252132 0.325713
v -0.217232 3.368666 0.236772
v -0.217232 3.454409 0.226602
v -0.254761 3.468043 0.341565
v -0.254761 3.382301 0.351734
v -0.322856 3.589950 0.297919
v -0.360385 3.610348 0.243363
v -0.397914 3.589950 0.297919
v -0.322856 3.281694 0.357800
v -0.299662 3.354829 0.381348
v -0.421108 3.354829 0.381348
v -0.397914 3.281694 0.357800
v -0.299662 3.501680 0.363931
v -0.322856 3.567279 0.323929
v -0.397914 3.567279 0.323929
v -0.421108 3.501680 0.363931
v -0.360385 3.220974 0.289544
v -0.322856 3.253567 0.337814
v -0.397914 3.253567 0.337814
v -0.299662 3.386152 0.384204
v -0.299662 3.471894 0.374035
v -0.421108 3.471894 0.374035
v -0.421108 3.386152 0.384204
v -0.414648 3.588515 0.285818
v -0.377119 3.608913 0.231263
v -0.437842 3.580088 0.214767
v -0.436623 3.278374 0.329807
v -0.459817 3.351509 0.353355
v -0.497346 3.337875 0.238393
v -0.459817 3.269947 0.258757
v -0.459817 3.498360 0.335938
v -0.436623 3.563959 0.295936
v -0.459817 3.555532 0.224886
v -0.497346 3.484726 0.220976
v -0.377119 3.219539 0.277443
v -0.414648 3.252132 0.325713
v -0.437842 3.243706 0.254663
v -0.466009 3.382301 0.351734
v -0.466009 3.468043 0.341565
v -0.503538 3.454409 0.226602
v -0.503538 3.368666 0.236772
v -0.431451 3.577766 0.195187
v -0.370726 3.606591 0.211683
v -0.370726 3.572558 0.151275
v -0.445032 3.264575 0.213465
v -0.482561 3.332503 0.193101
v -0.384308 3.324076 0.122050
v -0.384308 3.259367 0.169553
v -0.482561 3.479354 0.175684
v -0.445032 3.550160 0.179594
v -0.384308 3.544952 0.135682
v -0.384308 3.470927 0.104633
v -0.370726 3.217217 0.257863
v -0.431451 3.241384 0.235083
v -0.370726 3.236176 0.191171
v -0.486387 3.362436 0.184235
v -0.486387 3.448178 0.174066
v -0.388135 3.439751 0.103015
v -0.388135 3.354009 0.113184
vt 0.032570 0.982647
vt 0.027040 0.980332
vt 0.027117 0.970526
vt 0.032570 0.967857
vt 0.074099 0.980318
vt 0.074026 0.970528
vt 0.079536 0.968196
vt 0.079536 0.983003
vt 0.099072 0.960984
vt 0.093078 0.958225
vt 0.093000 0.947230
vt 0.099072 0.944279
vt 0.301413 0.359542
vt 0.301439 0.338800
vt 0.310887 0.333767
vt 0.310887 0.364678
vt 0.965323 0.696906
vt 0.959499 0.694090
vt 0.959513 0.683061
vt 0.965323 0.680235
vt 0.046448 0.957079
vt 0.046513 0.946093
vt 0.052530 0.943327
vt 0.052530 0.960043
vt 0.856875 0.789106
vt 0.856698 0.770516
vt 0.865662 0.765961
vt 0.865662 0.793832
vt 0.484083 0.875005
vt 0.475467 0.870570
vt 0.475471 0.853057
vt 0.484083 0.848540
vt 0.255078 0.862106
vt 0.255087 0.843479
vt 0.263962 0.838921
vt 0.263962 0.866742
vt 0.945296 0.317520
vt 0.938940 0.314546
vt 0.939002 0.302438
vt 0.945296 0.299270
vt 0.430185 0.915712
vt 0.430163 0.908837
vt 0.441588 0.905548
vt 0.441588 0.919168
vt 0.241587 0.925508
vt 0.234682 0.922180
vt 0.234715 0.908809
vt 0.241587 0.905272
vt 0.841633 0.611088
vt 0.831845 0.605980
vt 0.831586 0.585418
vt 0.841633 0.579981
vt 0.394537 0.838304
vt 0.394286 0.817618
vt 0.403992 0.812355
vt 0.403992 0.843326
vt 0.436535 0.945185
vt 0.430163 0.942178
vt 0.430179 0.930052
vt 0.436535 0.926950
vt 0.865259 0.068697
vt 0.856282 0.063973
vt 0.856279 0.045478
vt 0.865259 0.040688
vt 0.738553 0.169497
vt 0.738553 0.198686
vt 0.708304 0.194296
vt 0.708147 0.173555
vt 0.572975 0.698297
vt 0.572975 0.727538
vt 0.540612 0.721452
vt 0.542517 0.700852
vt 0.594153 0.758484
vt 0.624756 0.754935
vt 0.624756 0.777589
vt 0.594253 0.774952
vt 0.228940 0.733979
vt 0.228940 0.758827
vt 0.198681 0.755160
vt 0.198076 0.737601
vt 0.798935 0.677937
vt 0.798935 0.698171
vt 0.769220 0.694709
vt 0.769468 0.679742
vt 0.442231 0.816717
vt 0.442231 0.830718
vt 0.413009 0.828281
vt 0.413138 0.818507
vt 0.792742 0.140851
vt 0.820507 0.138322
vt 0.820507 0.154994
vt 0.792922 0.153522
vt 0.251692 0.231981
vt 0.251692 0.266174
vt 0.199822 0.261148
vt 0.198076 0.238567
vt 0.572494 0.657857
vt 0.572494 0.690516
vt 0.540754 0.685372
vt 0.540612 0.662594
vt 0.076810 0.823575
vt 0.104510 0.821897
vt 0.104510 0.835860
vt 0.076258 0.833374
vt 0.076419 0.666264
vt 0.111524 0.661649
vt 0.111524 0.691071
vt 0.076258 0.686764
vt 0.652535 0.716444
vt 0.684185 0.712490
vt 0.684185 0.738931
vt 0.651473 0.734937
vt 0.785454 0.088916
vt 0.814071 0.086079
vt 0.814071 0.104314
vt 0.785618 0.102299
vt 0.569187 0.821555
vt 0.569187 0.835526
vt 0.541293 0.834159
vt 0.540612 0.824376
vt 0.038362 0.920774
vt 0.027040 0.917522
vt 0.027061 0.910627
vt 0.038362 0.907207
vt 0.059527 0.805770
vt 0.059527 0.820595
vt 0.030201 0.818202
vt 0.030356 0.807225
vt 0.477521 0.672305
vt 0.510336 0.669553
vt 0.510336 0.698913
vt 0.475467 0.692766
vt 0.295106 0.172946
vt 0.295106 0.207131
vt 0.242164 0.196399
vt 0.245851 0.174284
vt 0.105599 0.796771
vt 0.105599 0.814115
vt 0.076258 0.810380
vt 0.076894 0.798301
vt 0.283204 0.816356
vt 0.283204 0.831139
vt 0.255078 0.828363
vt 0.255688 0.817360
vt 0.708170 0.734553
vt 0.738616 0.731257
vt 0.738616 0.756110
vt 0.707514 0.752107
vt 0.724110 0.350109
vt 0.724110 0.378081
vt 0.691755 0.374476
vt 0.690226 0.355114
vt 0.284532 0.790315
vt 0.284532 0.808574
vt 0.255078 0.805271
vt 0.255610 0.791917
vt 0.623174 0.812221
vt 0.623174 0.827028
vt 0.594153 0.823741
vt 0.594917 0.812771
vt 0.832948 0.169497
vt 0.832948 0.183491
vt 0.804284 0.181802
vt 0.803734 0.172035
vt 0.417733 0.644304
vt 0.452931 0.639411
vt 0.452931 0.670585
vt 0.417542 0.665959
vt 0.448023 0.722515
vt 0.448023 0.748861
vt 0.417543 0.744663
vt 0.417542 0.726037
vt 0.352110 0.645951
vt 0.352110 0.678683
vt 0.320312 0.673412
vt 0.318771 0.650750
vt 0.666373 0.583718
vt 0.666373 0.616555
vt 0.633082 0.611436
vt 0.631661 0.588850
vt 0.649605 0.353444
vt 0.682444 0.350109
vt 0.682444 0.381216
vt 0.647446 0.375059
vt 0.136998 0.801530
vt 0.165995 0.797816
vt 0.165995 0.815147
vt 0.137633 0.813623
vt 0.030205 0.717395
vt 0.062874 0.713068
vt 0.062874 0.739533
vt 0.030201 0.735891
vt 0.256681 0.696444
vt 0.289001 0.692533
vt 0.289001 0.720502
vt 0.255078 0.715803
vt 0.701374 0.003891
vt 0.701374 0.034883
vt 0.670773 0.031580
vt 0.668606 0.009852
vt 0.739798 0.003891
vt 0.739798 0.031712
vt 0.709231 0.027287
vt 0.709155 0.007713
vt 0.032173 0.677460
vt 0.062648 0.674316
vt 0.062648 0.705287
vt 0.030201 0.699228
vt 0.475467 0.803369
vt 0.503705 0.800314
vt 0.503705 0.817631
vt 0.475629 0.815494
vt 0.707514 0.797605
vt 0.736759 0.794313
vt 0.736759 0.812563
vt 0.708046 0.810965
vt 0.707514 0.822678
vt 0.735170 0.820344
vt 0.735170 0.835120
vt 0.707672 0.833705
vt 0.190191 0.517327
vt 0.190191 0.551182
vt 0.149270 0.549208
vt 0.145509 0.526462
vt 0.318771 0.727576
vt 0.350466 0.723504
vt 0.350466 0.748400
vt 0.318823 0.745089
vt 0.595206 0.724351
vt 0.625765 0.720773
vt 0.625765 0.747153
vt 0.594153 0.742911
vt 0.390350 0.786299
vt 0.390350 0.804574
vt 0.360619 0.801696
vt 0.360781 0.788345
vt 0.360738 0.915310
vt 0.360619 0.908428
vt 0.372088 0.905201
vt 0.372088 0.918799
vt 0.106728 0.698852
vt 0.106728 0.729763
vt 0.076446 0.725121
vt 0.076258 0.703202
vt 0.136998 0.669935
vt 0.171959 0.663613
vt 0.171959 0.692984
vt 0.138898 0.690399
vt 0.361224 0.726901
vt 0.392364 0.723203
vt 0.392364 0.748088
vt 0.360619 0.744419
vt 0.286636 0.728283
vt 0.286636 0.753162
vt 0.255737 0.749850
vt 0.255078 0.732329
vt 0.030201 0.781217
vt 0.059974 0.777752
vt 0.059974 0.797988
vt 0.030448 0.796182
vt 0.786217 0.525370
vt 0.815681 0.522314
vt 0.815681 0.539030
vt 0.786821 0.537993
vt 0.256470 0.657092
vt 0.288225 0.652039
vt 0.288225 0.684751
vt 0.255078 0.679780
vt 0.741485 0.579981
vt 0.741485 0.606420
vt 0.709957 0.602811
vt 0.708896 0.584318
vt 0.351392 0.686465
vt 0.351392 0.715722
vt 0.320838 0.712992
vt 0.318771 0.692426
vt 0.167359 0.736429
vt 0.167359 0.761261
vt 0.136998 0.757264
vt 0.137052 0.739675
vt 0.031763 0.639028
vt 0.064857 0.633710
vt 0.064857 0.666534
vt 0.030201 0.661613
vt 0.144376 0.312365
vt 0.144376 0.346521
vt 0.098795 0.344990
vt 0.093475 0.323536
vt 0.319248 0.836391
vt 0.340656 0.835234
vt 0.340656 0.848808
vt 0.318771 0.846973
vt 0.030390 0.750767
vt 0.060887 0.747315
vt 0.060887 0.769970
vt 0.030201 0.767236
vt 0.450491 0.099344
vt 0.439500 0.057994
vt 0.472762 0.050648
vt 0.472762 0.099922
vt 0.147300 0.563987
vt 0.187959 0.558963
vt 0.187959 0.592741
vt 0.145509 0.587389
vt 0.801389 0.259196
vt 0.801389 0.279424
vt 0.772017 0.276439
vt 0.772122 0.261463
vt 0.540612 0.799702
vt 0.570251 0.796418
vt 0.570251 0.813773
vt 0.541085 0.811776
vt 0.626229 0.009224
vt 0.660824 0.003891
vt 0.660824 0.036765
vt 0.626085 0.031825
vt 0.748008 0.050648
vt 0.748008 0.077030
vt 0.717576 0.073113
vt 0.716516 0.054556
vt 0.349221 0.756182
vt 0.349221 0.778828
vt 0.319061 0.775840
vt 0.318771 0.759364
vt 0.772017 0.234282
vt 0.801436 0.231186
vt 0.801436 0.251415
vt 0.772161 0.249256
vt 0.475467 0.775292
vt 0.505458 0.772288
vt 0.505458 0.792533
vt 0.475570 0.790251
vt 0.360700 0.692024
vt 0.394635 0.687413
vt 0.394635 0.715422
vt 0.360619 0.711409
vt 0.476981 0.710263
vt 0.507661 0.706695
vt 0.507661 0.734566
vt 0.475467 0.729726
vt 0.169232 0.700766
vt 0.169232 0.728647
vt 0.138596 0.724771
vt 0.136998 0.705325
vt 0.737699 0.763891
vt 0.737699 0.786531
vt 0.707702 0.783097
vt 0.707514 0.766608
vt 0.814780 0.546812
vt 0.814780 0.564135
vt 0.786217 0.560901
vt 0.786693 0.548791
vt 0.570792 0.765997
vt 0.570792 0.788636
vt 0.540612 0.785110
vt 0.540713 0.768617
vt 0.798877 0.705953
vt 0.798877 0.723314
vt 0.769220 0.720205
vt 0.769380 0.708129
vt 0.360908 0.758859
vt 0.391146 0.755870
vt 0.391146 0.778518
vt 0.360619 0.775340
vt 0.681453 0.776650
vt 0.681453 0.796893
vt 0.651473 0.793781
vt 0.651616 0.778822
vt 0.226900 0.795914
vt 0.226900 0.814154
vt 0.198076 0.811291
vt 0.198446 0.797916
vt 0.012528 0.873626
vt 0.003891 0.869159
vt 0.003987 0.851626
vt 0.012528 0.847187
vt 0.838040 0.421724
vt 0.827917 0.416430
vt 0.827901 0.395930
vt 0.838040 0.390549
vt 0.689922 0.819974
vt 0.690182 0.799306
vt 0.699732 0.794313
vt 0.699732 0.825305
vt 0.834339 0.836270
vt 0.823999 0.830810
vt 0.824265 0.808976
vt 0.834339 0.803537
vt 0.496295 0.964316
vt 0.496295 0.981639
vt 0.491905 0.979310
vt 0.491870 0.966643
vt 0.849769 0.510566
vt 0.840416 0.505859
vt 0.840212 0.486435
vt 0.849769 0.481205
vt 0.823713 0.549587
vt 0.823463 0.527866
vt 0.833891 0.522314
vt 0.833891 0.555139
vt 0.030310 0.871758
vt 0.030201 0.854192
vt 0.038666 0.849766
vt 0.038666 0.876146
vt 0.467623 0.751936
vt 0.457193 0.746474
vt 0.457226 0.723743
vt 0.467623 0.717780
vt 0.368660 0.897419
vt 0.360667 0.893287
vt 0.360619 0.876804
vt 0.368660 0.872567
vt 0.832430 0.514079
vt 0.822018 0.508497
vt 0.821999 0.486842
vt 0.832430 0.481205
vt 0.827237 0.125092
vt 0.826984 0.103236
vt 0.837240 0.097828
vt 0.837240 0.130540
vt 0.851280 0.832778
vt 0.842336 0.828132
vt 0.842121 0.808611
vt 0.851280 0.803537
vt 0.247014 0.768172
vt 0.236721 0.762482
vt 0.236726 0.739704
vt 0.247014 0.733979
vt 0.377628 0.859999
vt 0.377464 0.841477
vt 0.386473 0.836813
vt 0.386473 0.864781
vt 0.699501 0.735144
vt 0.691966 0.731325
vt 0.691980 0.716350
vt 0.699501 0.712490
vt 0.457117 0.566858
vt 0.457194 0.544144
vt 0.467625 0.538712
vt 0.467625 0.572897
vt 0.643022 0.829617
vt 0.632537 0.824082
vt 0.632754 0.802375
vt 0.643022 0.796780
vt 0.981033 0.474642
vt 0.976611 0.472322
vt 0.976662 0.459663
vt 0.981033 0.457311
vt 0.810195 0.875358
vt 0.801717 0.870958
vt 0.801620 0.853430
vt 0.810195 0.848917
vt 0.576969 0.845673
vt 0.577186 0.826163
vt 0.586225 0.821555
vt 0.586225 0.850812
vt 0.632634 0.783078
vt 0.632537 0.760449
vt 0.643330 0.754935
vt 0.643330 0.788998
vt 0.234691 0.893283
vt 0.234682 0.876789
vt 0.242676 0.872657
vt 0.242676 0.897490
vt 0.828804 0.640010
vt 0.838703 0.634844
vt 0.838703 0.665964
vt 0.828576 0.660561
vt 0.690777 0.771039
vt 0.690794 0.751466
vt 0.699682 0.746713
vt 0.699682 0.775902
vt 0.784918 0.901212
vt 0.784903 0.886253
vt 0.792402 0.882433
vt 0.792402 0.905073
vt 0.179740 0.687797
vt 0.179923 0.668376
vt 0.189378 0.663613
vt 0.189378 0.692984
vt 0.450013 0.871227
vt 0.450116 0.853657
vt 0.458540 0.849313
vt 0.458540 0.875695
vt 0.977457 0.430340
vt 0.977457 0.447685
vt 0.973051 0.445321
vt 0.973001 0.432675
vt 0.641566 0.865280
vt 0.632537 0.860682
vt 0.632713 0.842095
vt 0.641566 0.837399
vt 0.896872 0.887669
vt 0.888770 0.883549
vt 0.888736 0.867078
vt 0.896872 0.862784
vt 0.394287 0.873031
vt 0.394286 0.855442
vt 0.402670 0.851108
vt 0.402670 0.877454
vt 0.889065 0.122118
vt 0.889102 0.105628
vt 0.897147 0.101538
vt 0.897147 0.126386
vt 0.409618 0.789725
vt 0.398927 0.784306
vt 0.399044 0.761668
vt 0.409618 0.755870
vt 0.671214 0.890258
vt 0.671257 0.873781
vt 0.679400 0.869631
vt 0.679400 0.894509
vt 0.245515 0.829692
vt 0.234789 0.824180
vt 0.234682 0.801579
vt 0.245515 0.795914
vt 0.548133 0.900597
vt 0.540612 0.896791
vt 0.540630 0.881824
vt 0.548133 0.877942
vt 0.003908 0.900173
vt 0.003891 0.885205
vt 0.011407 0.881408
vt 0.011407 0.904047
vt 0.905047 0.026538
vt 0.897552 0.022712
vt 0.897555 0.007753
vt 0.905047 0.003891
vt 0.774335 0.893231
vt 0.766138 0.889053
vt 0.766148 0.872585
vt 0.774335 0.868336
vt 0.129008 0.691071
vt 0.119313 0.686099
vt 0.119306 0.666715
vt 0.129008 0.661649
vt 0.360680 0.941662
vt 0.360619 0.929567
vt 0.366992 0.926581
vt 0.366992 0.944840
vt 0.271775 0.920861
vt 0.271744 0.907496
vt 0.278661 0.904165
vt 0.278661 0.924400
vt 0.413025 0.922031
vt 0.413009 0.908680
vt 0.419856 0.905291
vt 0.419856 0.925535
vt 0.623380 0.926094
vt 0.616538 0.922696
vt 0.616556 0.909341
vt 0.623380 0.905850
vt 0.707517 0.896012
vt 0.707514 0.881036
vt 0.715042 0.877218
vt 0.715042 0.899864
vt 0.638857 0.945752
vt 0.632537 0.942709
vt 0.632583 0.930625
vt 0.638857 0.927482
vt 0.848263 0.187498
vt 0.841304 0.184134
vt 0.841318 0.170750
vt 0.848263 0.167269
vt 0.239852 0.615865
vt 0.239836 0.602485
vt 0.246802 0.599108
vt 0.246802 0.619335
vt 0.198076 0.824317
vt 0.225902 0.821936
vt 0.225902 0.835890
vt 0.198207 0.834141
vt 0.775549 0.799229
vt 0.775549 0.815934
vt 0.746397 0.812354
vt 0.747181 0.799731
vt 0.721398 0.559198
vt 0.749725 0.557828
vt 0.749725 0.571815
vt 0.720717 0.568964
vt 0.318771 0.789510
vt 0.348499 0.786610
vt 0.348499 0.804880
vt 0.319139 0.802859
vt 0.674169 0.827006
vt 0.674169 0.840626
vt 0.651473 0.838851
vt 0.651581 0.828290
vt 0.789784 0.393517
vt 0.818444 0.389966
vt 0.818444 0.406654
vt 0.790569 0.406153
vt 0.820119 0.350109
vt 0.820119 0.366789
vt 0.791906 0.363789
vt 0.792514 0.351137
vt 0.052888 0.828376
vt 0.052888 0.841985
vt 0.030675 0.840808
vt 0.030201 0.830251
vt 0.826984 0.078205
vt 0.848497 0.076479
vt 0.848497 0.090046
vt 0.827093 0.088804
vt 0.955238 0.184187
vt 0.955317 0.173175
vt 0.961177 0.170431
vt 0.961177 0.187119
vt 0.964903 0.250911
vt 0.959049 0.248177
vt 0.958990 0.237157
vt 0.964903 0.234231
vt 0.156778 0.941531
vt 0.156736 0.929412
vt 0.163130 0.926401
vt 0.163130 0.944641
vt 0.766156 0.942879
vt 0.766138 0.930802
vt 0.772453 0.927748
vt 0.772453 0.946023
vt 0.414458 0.980764
vt 0.414442 0.970990
vt 0.419856 0.968522
vt 0.419856 0.983346
vt 0.236826 0.983290
vt 0.231381 0.980891
vt 0.231442 0.971109
vt 0.236826 0.968473
vt 0.953096 0.313121
vt 0.953078 0.302143
vt 0.959203 0.299270
vt 0.959203 0.315996
vt 0.046507 0.980005
vt 0.046448 0.970190
vt 0.052030 0.967824
vt 0.052030 0.982608
vt 0.980428 0.510875
vt 0.975985 0.508516
vt 0.976027 0.495880
vt 0.980428 0.493520
vt 0.369683 0.864785
vt 0.360619 0.860155
vt 0.360770 0.841632
vt 0.369683 0.836813
vt 0.977611 0.363257
vt 0.977611 0.380618
vt 0.973179 0.378239
vt 0.973165 0.365610
vt 0.827901 0.377364
vt 0.827930 0.355445
vt 0.837994 0.350109
vt 0.837994 0.382768
vt 0.065065 0.982545
vt 0.060670 0.980240
vt 0.060680 0.967567
vt 0.065065 0.965229
vt 0.581462 0.782760
vt 0.586371 0.782680
vt 0.586371 0.811445
vt 0.579496 0.811122
vt 0.493828 0.848545
vt 0.498747 0.848540
vt 0.498747 0.876970
vt 0.491865 0.876620
vt 0.270660 0.221802
vt 0.242164 0.220457
vt 0.242475 0.215551
vt 0.270660 0.214913
vt 0.777622 0.091492
vt 0.777622 0.105073
vt 0.756060 0.104153
vt 0.755476 0.093582
vt 0.796580 0.460647
vt 0.825867 0.457815
vt 0.825867 0.472632
vt 0.797186 0.471617
vt 0.594736 0.835739
vt 0.616679 0.834810
vt 0.616679 0.848408
vt 0.594153 0.846296
vt 0.318771 0.815918
vt 0.347285 0.812662
vt 0.347285 0.827452
vt 0.319536 0.826904
vt 0.737656 0.206467
vt 0.737656 0.223193
vt 0.708147 0.220605
vt 0.708324 0.207977
vt 0.472772 0.917126
vt 0.472676 0.910235
vt 0.484083 0.906937
vt 0.484083 0.920511
vt 0.812995 0.920734
vt 0.801620 0.917516
vt 0.801739 0.910627
vt 0.812995 0.907153
vt 0.461430 0.920212
vt 0.450013 0.916895
vt 0.450112 0.910016
vt 0.461430 0.906603
vt 0.360632 0.989413
vt 0.360619 0.978851
vt 0.364574 0.977160
vt 0.364574 0.991161
vt 0.856093 0.978819
vt 0.860000 0.977068
vt 0.860000 0.991063
vt 0.856039 0.989386
vt 0.394352 0.986684
vt 0.394286 0.976111
vt 0.398274 0.974470
vt 0.398274 0.988456
vt 0.197651 0.982625
vt 0.192082 0.980209
vt 0.192096 0.970385
vt 0.197651 0.967850
vt 0.988730 0.781331
vt 0.992657 0.779623
vt 0.992657 0.793577
vt 0.988718 0.791930
vt 0.732186 0.339432
vt 0.704008 0.338549
vt 0.704063 0.333626
vt 0.732186 0.332537
vt 0.467583 0.639411
vt 0.467583 0.668224
vt 0.462674 0.668216
vt 0.460712 0.639757
vt 0.932652 0.990213
vt 0.932598 0.979621
vt 0.936572 0.977971
vt 0.936572 0.991934
vt 0.395746 0.648510
vt 0.395746 0.679631
vt 0.362594 0.676442
vt 0.360619 0.654824
vt 0.988417 0.548280
vt 0.992308 0.546523
vt 0.992308 0.560494
vt 0.988348 0.558867
vt 0.226113 0.052325
vt 0.226058 0.047419
vt 0.254858 0.046537
vt 0.254858 0.053413
vt 0.822330 0.306594
vt 0.796018 0.303952
vt 0.822330 0.289778
vt 0.093000 0.867911
vt 0.102765 0.843642
vt 0.102765 0.868217
vt 0.733811 0.869506
vt 0.724598 0.865684
vt 0.733811 0.842902
vt 0.466730 0.785886
vt 0.466730 0.812330
vt 0.450013 0.811070
vt 0.751235 0.511848
vt 0.723512 0.511134
vt 0.751235 0.493921
vt 0.848916 0.765961
vt 0.848916 0.795756
vt 0.839188 0.770046
vt 0.840097 0.695249
vt 0.850943 0.694694
vt 0.850943 0.722182
vt 0.022067 0.638734
vt 0.022067 0.666466
vt 0.003891 0.665082
vt 0.825717 0.446868
vt 0.799930 0.444472
vt 0.825717 0.429968
vt 0.439373 0.838499
vt 0.439373 0.865790
vt 0.430163 0.841833
vt 0.699199 0.860721
vt 0.689922 0.857018
vt 0.699199 0.833087
vt 0.309001 0.758191
vt 0.294417 0.736789
vt 0.309001 0.728283
vt 0.812937 0.314376
vt 0.812937 0.340513
vt 0.796018 0.316079
vt 0.716816 0.842902
vt 0.716816 0.869436
vt 0.707514 0.846054
vt 0.243871 0.864875
vt 0.234682 0.860901
vt 0.243871 0.837473
vt 0.532687 0.740997
vt 0.518118 0.719296
vt 0.532687 0.710938
vt 0.019289 0.422391
vt 0.003891 0.394229
vt 0.019289 0.387184
vt 0.851691 0.313584
vt 0.851691 0.341786
vt 0.842135 0.317488
vt 0.841387 0.731623
vt 0.851989 0.731257
vt 0.851989 0.757367
vt 0.084426 0.510052
vt 0.084426 0.538081
vt 0.030201 0.533902
vt 0.530411 0.840545
vt 0.506799 0.840000
vt 0.530411 0.825412
vt 0.385679 0.872563
vt 0.385679 0.897179
vt 0.377464 0.876030
vt 0.165379 0.891884
vt 0.156736 0.888772
vt 0.165379 0.867794
vt 0.475467 0.827208
vt 0.499017 0.825412
vt 0.499017 0.840759
vt 0.021129 0.783215
vt 0.021129 0.809820
vt 0.003891 0.784362
vt 0.854355 0.097828
vt 0.854355 0.126386
vt 0.845022 0.101633
vt 0.851742 0.287226
vt 0.841980 0.283783
vt 0.851742 0.259196
vt 0.792742 0.115684
vt 0.819203 0.112918
vt 0.819203 0.130540
vt 0.837479 0.066868
vt 0.812970 0.064705
vt 0.837479 0.050648
vt 0.206894 0.843672
vt 0.206894 0.870063
vt 0.198076 0.846944
vt 0.400145 0.723220
vt 0.409749 0.723203
vt 0.409749 0.747947
vt 0.310842 0.720502
vt 0.296782 0.700310
vt 0.310842 0.692095
vt 0.833605 0.747721
vt 0.808691 0.744891
vt 0.833605 0.731257
vt 0.246920 0.119425
vt 0.222101 0.110839
vt 0.246920 0.109904
vt 0.549559 0.870161
vt 0.540612 0.866476
vt 0.549559 0.843307
vt 0.809170 0.260725
vt 0.834198 0.259196
vt 0.834198 0.275532
vt 0.835908 0.019768
vt 0.810821 0.017657
vt 0.835908 0.003891
vt 0.882071 0.765961
vt 0.882071 0.790833
vt 0.873443 0.769303
vt 0.712245 0.502998
vt 0.712245 0.512474
vt 0.689050 0.512308
vt 0.809218 0.233283
vt 0.834307 0.231186
vt 0.834307 0.247135
vt 0.003891 0.697063
vt 0.019396 0.674248
vt 0.019396 0.705353
vt 0.214320 0.120103
vt 0.188473 0.110937
vt 0.214320 0.109904
vt 0.853270 0.031953
vt 0.843690 0.027919
vt 0.853270 0.003891
vt 0.467623 0.709998
vt 0.452433 0.686972
vt 0.467623 0.678367
vt 0.788072 0.341965
vt 0.768290 0.337906
vt 0.788072 0.328945
vt 0.085693 0.320854
vt 0.062419 0.313325
vt 0.085693 0.312365
vt 0.845043 0.472632
vt 0.833649 0.465390
vt 0.845043 0.445073
vt 0.018861 0.630952
vt 0.003891 0.617399
vt 0.018861 0.598076
vt 0.003891 0.458398
vt 0.019175 0.430173
vt 0.019175 0.465417
vt 0.457117 0.593503
vt 0.466558 0.580679
vt 0.466558 0.598737
vt 0.968204 0.493520
vt 0.968204 0.510249
vt 0.962418 0.495697
vt 0.340656 0.963486
vt 0.334884 0.961073
vt 0.340656 0.946516
vt 0.642251 0.903776
vt 0.642251 0.919701
vt 0.632537 0.919611
vt 0.366386 0.952622
vt 0.366386 0.969378
vt 0.360619 0.954954
vt 0.964190 0.556444
vt 0.970560 0.556384
vt 0.970560 0.571919
vt 0.842121 0.889339
vt 0.851708 0.875347
vt 0.851708 0.895175
vt 0.848130 0.231186
vt 0.848130 0.249264
vt 0.842089 0.233601
vt 0.671214 0.929192
vt 0.677912 0.929008
vt 0.677912 0.945795
vt 0.263962 0.893778
vt 0.253995 0.880054
vt 0.263962 0.874524
vt 0.526882 0.350109
vt 0.526882 0.378667
vt 0.472754 0.355402
vt 0.832315 0.705953
vt 0.832315 0.722182
vt 0.806659 0.708842
vt 0.793838 0.874652
vt 0.784903 0.871530
vt 0.793838 0.848917
vt 0.085219 0.843642
vt 0.085219 0.869839
vt 0.076258 0.847235
vt 0.310519 0.791791
vt 0.294417 0.767360
vt 0.310519 0.765973
vt 0.021320 0.775434
vt 0.003891 0.774840
vt 0.021320 0.748175
vt 0.851174 0.551699
vt 0.841673 0.547842
vt 0.851174 0.522314
vt 0.180691 0.120453
vt 0.153497 0.111454
vt 0.180691 0.109904
vt 0.021568 0.740393
vt 0.003891 0.714638
vt 0.021568 0.713135
vt 0.310628 0.824835
vt 0.294417 0.823126
vt 0.310628 0.799573
vt 0.870028 0.030780
vt 0.861052 0.027674
vt 0.870028 0.003891
vt 0.280775 0.838921
vt 0.280775 0.866170
vt 0.271744 0.842407
vt 0.823804 0.605244
vt 0.807593 0.581297
vt 0.823804 0.579981
vt 0.832062 0.677937
vt 0.832062 0.694348
vt 0.806717 0.680800
vt 0.566403 0.869430
vt 0.557341 0.866512
vt 0.566403 0.843307
vt 0.851062 0.840560
vt 0.851062 0.867565
vt 0.842121 0.844314
vt 0.189911 0.823322
vt 0.173777 0.799131
vt 0.189911 0.797816
vt 0.018847 0.473199
vt 0.018847 0.507442
vt 0.003891 0.500870
vt 0.858739 0.669096
vt 0.849415 0.665429
vt 0.858739 0.641321
vt 0.855460 0.350109
vt 0.855460 0.377542
vt 0.845775 0.353577
vt 0.563304 0.389966
vt 0.563304 0.448217
vt 0.538082 0.400773
vt 0.768875 0.208578
vt 0.768875 0.223234
vt 0.745730 0.209335
vt 0.438150 0.897767
vt 0.430163 0.894533
vt 0.438150 0.873572
vt 0.271744 0.895923
vt 0.280601 0.873951
vt 0.280601 0.896383
vt 0.784903 0.839131
vt 0.807973 0.826266
vt 0.807973 0.841135
vt 0.386505 0.812355
vt 0.386505 0.829031
vt 0.360619 0.814385
vt 0.182884 0.859261
vt 0.173777 0.855679
vt 0.182884 0.831104
vt 0.855335 0.390549
vt 0.855335 0.418196
vt 0.845822 0.393775
vt 0.814218 0.514079
vt 0.797330 0.490066
vt 0.814218 0.488114
vt 0.770239 0.823715
vt 0.770239 0.839331
vt 0.746397 0.826133
vt 0.121967 0.876806
vt 0.113380 0.873757
vt 0.121967 0.850810
vt 0.318771 0.881027
vt 0.328069 0.856590
vt 0.328069 0.881090
vt 0.834353 0.314376
vt 0.834353 0.341786
vt 0.820719 0.334083
vt 0.161235 0.822929
vt 0.161235 0.838789
vt 0.136998 0.826008
vt 0.872070 0.102223
vt 0.881284 0.101797
vt 0.881284 0.126386
vt 0.223376 0.843672
vt 0.223376 0.870138
vt 0.214675 0.847140
vt 0.831406 0.795756
vt 0.815733 0.772456
vt 0.831406 0.771324
vt 0.835262 0.027550
vt 0.835262 0.042844
vt 0.810821 0.029913
vt 0.632537 0.873246
vt 0.641482 0.873061
vt 0.641482 0.895994
vt 0.585507 0.858594
vt 0.585507 0.883176
vt 0.576969 0.861892
vt 0.829199 0.195279
vt 0.829199 0.222980
vt 0.815654 0.215760
vt 0.820689 0.624336
vt 0.820689 0.641330
vt 0.793919 0.627499
vt 0.422381 0.865502
vt 0.413009 0.862331
vt 0.422381 0.838499
vt 0.303745 0.832617
vt 0.303745 0.860273
vt 0.294417 0.836424
vt 0.793919 0.663867
vt 0.820794 0.649111
vt 0.820794 0.665964
vt 0.613460 0.856190
vt 0.613460 0.868840
vt 0.594153 0.860464
vt 0.421007 0.897509
vt 0.413009 0.895000
vt 0.421007 0.873283
vt 0.848263 0.195279
vt 0.848263 0.222589
vt 0.836981 0.202382
vt 0.310740 0.652039
vt 0.310740 0.684093
vt 0.296007 0.665228
vt 0.003891 0.521765
vt 0.018746 0.515224
vt 0.018746 0.549491
vt 0.457193 0.764606
vt 0.466356 0.759718
vt 0.466356 0.777038
vt 0.972591 0.315620
vt 0.966985 0.313642
vt 0.972591 0.299270
vt 0.528685 0.955060
vt 0.528685 0.971662
vt 0.523136 0.957268
vt 0.303714 0.933140
vt 0.294417 0.917908
vt 0.303714 0.917696
vt 0.974493 0.186766
vt 0.968958 0.184671
vt 0.974493 0.170431
vt 0.506799 0.978221
vt 0.512850 0.963051
vt 0.512850 0.978329
vt 0.746172 0.149210
vt 0.746172 0.159828
vt 0.729899 0.150384
vt 0.948345 0.448015
vt 0.942531 0.445827
vt 0.948345 0.430340
vt 0.294972 0.221306
vt 0.278441 0.215506
vt 0.294972 0.214913
vt 0.404953 0.901551
vt 0.394286 0.886735
vt 0.404953 0.885236
vt 0.308520 0.546960
vt 0.255078 0.541396
vt 0.308520 0.519003
vt 0.241625 0.528652
vt 0.243674 0.528121
vt 0.243674 0.587036
vt 0.241581 0.586596
vt 0.949095 0.753764
vt 0.951174 0.753265
vt 0.951174 0.783492
vt 0.949089 0.783024
vt 0.784961 0.144953
vt 0.769785 0.144195
vt 0.764831 0.120975
vt 0.784961 0.112918
vt 0.635813 0.563109
vt 0.647061 0.522314
vt 0.657347 0.522425
vt 0.657347 0.574008
vt 0.379474 0.223648
vt 0.345529 0.222539
vt 0.362828 0.173945
vt 0.379474 0.172946
vt 0.693492 0.561583
vt 0.703639 0.522479
vt 0.712936 0.522314
vt 0.712936 0.571305
vt 0.518118 0.676854
vt 0.531882 0.669553
vt 0.531882 0.703157
vt 0.525182 0.703139
vt 0.077234 0.750528
vt 0.076258 0.739171
vt 0.108551 0.737545
vt 0.108551 0.760471
vt 0.768290 0.313569
vt 0.773172 0.290806
vt 0.788236 0.289778
vt 0.788236 0.321163
vt 0.920763 0.838520
vt 0.918783 0.839317
vt 0.918628 0.803537
vt 0.920763 0.803538
vt 0.046600 0.934810
vt 0.046448 0.901923
vt 0.048604 0.901905
vt 0.048604 0.935545
vt 0.958966 0.705554
vt 0.961065 0.705132
vt 0.961065 0.732302
vt 0.958951 0.731969
vt 0.724600 0.924796
vt 0.726679 0.924289
vt 0.726679 0.954196
vt 0.724598 0.953713
vt 0.689197 0.090452
vt 0.699376 0.051032
vt 0.708734 0.050648
vt 0.708734 0.099764
vt 0.956380 0.862784
vt 0.956380 0.891400
vt 0.954303 0.890896
vt 0.954301 0.863245
vt 0.736538 0.924289
vt 0.736538 0.954176
vt 0.734460 0.953670
vt 0.734460 0.924753
vt 0.915742 0.230494
vt 0.915606 0.195303
vt 0.917752 0.195279
vt 0.917752 0.231224
vt 0.594155 0.924401
vt 0.596235 0.923900
vt 0.596235 0.953959
vt 0.594153 0.953478
vt 0.934586 0.904833
vt 0.936575 0.904056
vt 0.936575 0.937536
vt 0.934438 0.937522
vt 0.978901 0.775679
vt 0.978813 0.753275
vt 0.980936 0.753265
vt 0.980936 0.776363
vt 0.722117 0.159349
vt 0.712643 0.159135
vt 0.702568 0.122454
vt 0.722117 0.112918
vt 0.939301 0.784622
vt 0.939150 0.753282
vt 0.941307 0.753265
vt 0.941307 0.785354
vt 0.932786 0.391388
vt 0.934749 0.390549
vt 0.934749 0.424289
vt 0.932608 0.424267
vt 0.628031 0.562561
vt 0.594612 0.561034
vt 0.615384 0.522623
vt 0.628031 0.522314
vt 0.245588 0.690352
vt 0.245588 0.723375
vt 0.232224 0.716442
vt 0.239195 0.690303
vt 0.198456 0.640842
vt 0.243253 0.627117
vt 0.243253 0.652596
vt 0.198076 0.649216
vt 0.958979 0.779906
vt 0.958956 0.753454
vt 0.961114 0.753265
vt 0.961114 0.780166
vt 0.868998 0.803935
vt 0.871134 0.803537
vt 0.871134 0.855002
vt 0.869019 0.854816
vt 0.385687 0.234070
vt 0.418946 0.231981
vt 0.418946 0.280454
vt 0.385499 0.282042
vt 0.938625 0.835437
vt 0.938473 0.803560
vt 0.940629 0.803537
vt 0.940629 0.836173
vt 0.318771 0.523028
vt 0.365811 0.514674
vt 0.365811 0.546834
vt 0.319672 0.545061
vt 0.731424 0.421987
vt 0.731330 0.389966
vt 0.753606 0.391897
vt 0.753606 0.424025
vt 0.974069 0.886899
vt 0.974080 0.862999
vt 0.976210 0.862784
vt 0.976210 0.887162
vt 0.873034 0.440760
vt 0.873050 0.390705
vt 0.875182 0.390549
vt 0.875182 0.441074
vt 0.944365 0.863033
vt 0.946520 0.862784
vt 0.946520 0.894302
vt 0.944407 0.894104
vt 0.962403 0.325758
vt 0.964514 0.325484
vt 0.964514 0.351876
vt 0.962377 0.351753
vt 0.990343 0.293076
vt 0.992439 0.292651
vt 0.992439 0.310709
vt 0.990311 0.310396
vt 0.198076 0.455248
vt 0.247688 0.448215
vt 0.247688 0.480775
vt 0.198908 0.477616
vt 0.087188 0.003891
vt 0.087188 0.057841
vt 0.049820 0.047553
vt 0.050614 0.006939
vt 0.992149 0.079549
vt 0.992066 0.065458
vt 0.994187 0.065439
vt 0.994187 0.080226
vt 0.994024 0.981995
vt 0.993987 0.968164
vt 0.996109 0.968173
vt 0.996109 0.982491
vt 0.594701 0.637743
vt 0.594153 0.628238
vt 0.643692 0.624336
vt 0.643692 0.647780
vt 0.696226 0.339471
vt 0.686561 0.339021
vt 0.676277 0.299456
vt 0.696226 0.289778
vt 0.046448 0.850173
vt 0.048572 0.849766
vt 0.048572 0.894124
vt 0.046461 0.893841
vt 0.063719 0.625928
vt 0.038247 0.625325
vt 0.030201 0.595350
vt 0.063719 0.584985
vt 0.892917 0.390851
vt 0.895034 0.390549
vt 0.895034 0.434046
vt 0.892893 0.433906
vt 0.807952 0.771696
vt 0.807952 0.795756
vt 0.785711 0.786590
vt 0.784903 0.771956
vt 0.912728 0.041041
vt 0.914859 0.040688
vt 0.914859 0.077375
vt 0.912711 0.077318
vt 0.199014 0.698256
vt 0.224442 0.690303
vt 0.224442 0.726005
vt 0.198076 0.726197
vt 0.857893 0.968996
vt 0.857857 0.944414
vt 0.860000 0.944294
vt 0.860000 0.969287
vt 0.746334 0.195040
vt 0.746767 0.171004
vt 0.768875 0.169497
vt 0.768875 0.200796
vt 0.417749 0.933607
vt 0.419856 0.933316
vt 0.419856 0.960740
vt 0.417721 0.960609
vt 0.410282 0.449258
vt 0.376888 0.446788
vt 0.394062 0.400244
vt 0.410282 0.399685
vt 0.154183 0.296013
vt 0.187446 0.292947
vt 0.187446 0.343001
vt 0.153989 0.345537
vt 0.066696 0.253691
vt 0.100359 0.250802
vt 0.100359 0.301923
vt 0.066475 0.304235
vt 0.966713 0.457639
vt 0.968830 0.457311
vt 0.968830 0.482761
vt 0.966693 0.482769
vt 0.629894 0.686032
vt 0.629894 0.712992
vt 0.601908 0.711450
vt 0.594153 0.686548
vt 0.540612 0.740144
vt 0.573781 0.735320
vt 0.573781 0.758215
vt 0.541038 0.755858
vt 0.934466 0.945611
vt 0.936572 0.945317
vt 0.936572 0.970189
vt 0.934438 0.970054
vt 0.429525 0.175804
vt 0.462089 0.172946
vt 0.462089 0.220703
vt 0.429351 0.223037
vt 0.899468 0.792600
vt 0.899464 0.753278
vt 0.901611 0.753265
vt 0.901611 0.792952
vt 0.965111 0.134396
vt 0.967247 0.134249
vt 0.967247 0.159971
vt 0.965096 0.159910
vt 0.003891 0.252978
vt 0.056008 0.243596
vt 0.056008 0.278616
vt 0.004874 0.277004
vt 0.882964 0.438466
vt 0.882980 0.390708
vt 0.885111 0.390549
vt 0.885111 0.438786
vt 0.859097 0.803809
vt 0.861216 0.803537
vt 0.861216 0.856543
vt 0.859062 0.856414
vt 0.862169 0.076938
vt 0.864289 0.076668
vt 0.864289 0.126386
vt 0.862136 0.126253
vt 0.110592 0.067843
vt 0.145715 0.066223
vt 0.145715 0.119597
vt 0.110359 0.121792
vt 0.110496 0.180792
vt 0.110359 0.129574
vt 0.146207 0.131499
vt 0.146207 0.183006
vt 0.866000 0.195547
vt 0.868120 0.195279
vt 0.868120 0.247167
vt 0.865967 0.247038
vt 0.873160 0.325843
vt 0.875302 0.325484
vt 0.875302 0.375733
vt 0.873192 0.375454
vt 0.929266 0.738759
vt 0.929242 0.705220
vt 0.931380 0.705132
vt 0.931380 0.739197
vt 0.637700 0.739682
vt 0.637676 0.686119
vt 0.639815 0.686032
vt 0.639815 0.740116
vt 0.962315 0.066944
vt 0.962282 0.040797
vt 0.964426 0.040688
vt 0.964426 0.067215
vt 0.990042 0.803537
vt 0.990042 0.823365
vt 0.987964 0.822848
vt 0.987972 0.804033
vt 0.974354 0.040806
vt 0.974354 0.065032
vt 0.972208 0.065149
vt 0.972209 0.040688
vt 0.932713 0.073817
vt 0.932562 0.040709
vt 0.934719 0.040688
vt 0.934719 0.074548
vt 0.960382 0.803537
vt 0.960382 0.831293
vt 0.958282 0.830872
vt 0.958269 0.803875
vt 0.498364 0.435961
vt 0.506278 0.400804
vt 0.530300 0.399685
vt 0.530300 0.448217
vt 0.541329 0.221884
vt 0.517682 0.221269
vt 0.509812 0.185856
vt 0.541329 0.172946
vt 0.541043 0.636120
vt 0.540612 0.627642
vt 0.586371 0.624297
vt 0.586371 0.650075
vt 0.942545 0.390976
vt 0.944643 0.390549
vt 0.944643 0.422559
vt 0.942531 0.422214
vt 0.681269 0.503118
vt 0.657392 0.495282
vt 0.667955 0.458509
vt 0.681269 0.457815
vt 0.548541 0.505897
vt 0.516480 0.504544
vt 0.532612 0.458613
vt 0.548541 0.457815
vt 0.932810 0.358446
vt 0.932668 0.325506
vt 0.934815 0.325484
vt 0.934815 0.359180
vt 0.368203 0.466284
vt 0.318771 0.465214
vt 0.319874 0.449064
vt 0.368203 0.433477
vt 0.526540 0.907637
vt 0.526545 0.869609
vt 0.528685 0.869550
vt 0.528685 0.907977
vt 0.286234 0.011810
vt 0.338089 0.003891
vt 0.338089 0.037627
vt 0.287155 0.034988
vt 0.954292 0.932330
vt 0.954304 0.904279
vt 0.956433 0.904056
vt 0.956433 0.932585
vt 0.897886 0.237801
vt 0.895743 0.237919
vt 0.895740 0.195279
vt 0.897886 0.195342
vt 0.879380 0.307829
vt 0.879398 0.259356
vt 0.881527 0.259196
vt 0.881527 0.308154
vt 0.259474 0.316631
vt 0.260667 0.293318
vt 0.310989 0.291702
vt 0.310989 0.325985
vt 0.965317 0.195829
vt 0.967393 0.195279
vt 0.967393 0.220887
vt 0.965245 0.220915
vt 0.899122 0.619921
vt 0.899055 0.580030
vt 0.901201 0.579981
vt 0.901201 0.620409
vt 0.551979 0.050648
vt 0.551978 0.097882
vt 0.519590 0.088825
vt 0.520253 0.052542
vt 0.639664 0.373626
vt 0.588886 0.370679
vt 0.589325 0.361190
vt 0.639664 0.350109
vt 0.621329 0.856783
vt 0.623380 0.856190
vt 0.623380 0.898068
vt 0.621241 0.898047
vt 0.982300 0.326049
vt 0.984371 0.325484
vt 0.984371 0.348214
vt 0.982225 0.348238
vt 0.571690 0.446541
vt 0.571086 0.444488
vt 0.591745 0.444402
vt 0.591745 0.446542
vt 0.376888 0.466476
vt 0.410068 0.457039
vt 0.410068 0.504990
vt 0.377606 0.503172
vt 0.978491 0.520036
vt 0.980566 0.519487
vt 0.980566 0.542502
vt 0.978419 0.542527
vt 0.464972 0.351010
vt 0.464972 0.391256
vt 0.441064 0.390092
vt 0.425092 0.350109
vt 0.707514 0.687973
vt 0.726488 0.677937
vt 0.726488 0.723351
vt 0.717303 0.723476
vt 0.954500 0.040688
vt 0.954500 0.070275
vt 0.952424 0.069760
vt 0.952428 0.041167
vt 0.761438 0.677937
vt 0.761438 0.705589
vt 0.735168 0.695514
vt 0.734270 0.678098
vt 0.391185 0.050648
vt 0.391185 0.102848
vt 0.358719 0.090351
vt 0.366679 0.052443
vt 0.616539 0.933979
vt 0.618684 0.933876
vt 0.618684 0.961093
vt 0.616538 0.961032
vt 0.110552 0.193157
vt 0.145453 0.190787
vt 0.145453 0.241814
vt 0.110359 0.243655
vt 0.403932 0.027499
vt 0.405040 0.005122
vt 0.453962 0.003891
vt 0.453962 0.036769
vt 0.889537 0.705235
vt 0.891682 0.705132
vt 0.891682 0.749682
vt 0.889538 0.749618
vt 0.942622 0.356877
vt 0.942597 0.325577
vt 0.944734 0.325484
vt 0.944734 0.357323
vt 0.958745 0.259473
vt 0.960855 0.259196
vt 0.960855 0.286487
vt 0.958719 0.286363
vt 0.975063 0.158054
vt 0.975028 0.134365
vt 0.977171 0.134249
vt 0.977171 0.158339
vt 0.945382 0.226397
vt 0.945409 0.195433
vt 0.947538 0.195279
vt 0.947538 0.226597
vt 0.402184 0.339417
vt 0.402034 0.291601
vt 0.434756 0.294218
vt 0.434756 0.342327
vt 0.944495 0.934889
vt 0.944356 0.904061
vt 0.946510 0.904056
vt 0.946510 0.935615
vt 0.893012 0.325585
vt 0.895158 0.325484
vt 0.895158 0.368483
vt 0.893013 0.368420
vt 0.948776 0.549261
vt 0.948638 0.519515
vt 0.950784 0.519487
vt 0.950784 0.549997
vt 0.661189 0.091678
vt 0.671740 0.050936
vt 0.681415 0.050648
vt 0.681415 0.101512
vt 0.020317 0.847685
vt 0.022396 0.847187
vt 0.022396 0.875846
vt 0.020310 0.875385
vt 0.988348 0.519993
vt 0.990429 0.519487
vt 0.990429 0.538741
vt 0.988351 0.538249
vt 0.945378 0.134750
vt 0.947456 0.134249
vt 0.947456 0.165880
vt 0.945372 0.165410
vt 0.346749 0.638169
vt 0.325663 0.636454
vt 0.318771 0.604101
vt 0.346749 0.594000
vt 0.060850 0.887110
vt 0.062810 0.886266
vt 0.062810 0.921636
vt 0.060670 0.921613
vt 0.904798 0.940652
vt 0.904654 0.909328
vt 0.906801 0.909300
vt 0.906801 0.941394
vt 0.723549 0.390069
vt 0.723549 0.425493
vt 0.698308 0.417581
vt 0.696863 0.389966
vt 0.984130 0.938643
vt 0.986207 0.938100
vt 0.986207 0.960357
vt 0.984060 0.960382
vt 0.925679 0.196050
vt 0.927671 0.195279
vt 0.927671 0.229847
vt 0.925534 0.229836
vt 0.900920 0.844308
vt 0.898776 0.844416
vt 0.898774 0.803537
vt 0.900920 0.803596
vt 0.116333 0.743792
vt 0.129204 0.737545
vt 0.129204 0.768880
vt 0.122952 0.768648
vt 0.950937 0.259196
vt 0.950937 0.289941
vt 0.948860 0.289428
vt 0.948866 0.259686
vt 0.509042 0.278525
vt 0.508912 0.231981
vt 0.541024 0.233453
vt 0.541024 0.280221
vt 0.949090 0.705639
vt 0.951169 0.705132
vt 0.951169 0.735477
vt 0.949088 0.734996
vt 0.177014 0.764268
vt 0.183573 0.739844
vt 0.189626 0.739783
vt 0.189626 0.770427
vt 0.558955 0.003891
vt 0.558955 0.035286
vt 0.513380 0.022271
vt 0.511715 0.007067
vt 0.647446 0.331176
vt 0.658453 0.289778
vt 0.668496 0.289955
vt 0.668496 0.342327
vt 0.336514 0.231981
vt 0.336514 0.283921
vt 0.319684 0.283059
vt 0.302306 0.232811
vt 0.935604 0.135053
vt 0.937590 0.134249
vt 0.937590 0.167434
vt 0.935443 0.167400
vt 0.788798 0.480332
vt 0.759026 0.480258
vt 0.764773 0.459101
vt 0.788798 0.457815
vt 0.966197 0.004000
vt 0.968341 0.003891
vt 0.968341 0.029353
vt 0.966195 0.029290
vt 0.935590 0.227514
vt 0.935453 0.195302
vt 0.937600 0.195279
vt 0.937600 0.228237
vt 0.730371 0.289778
vt 0.730371 0.324755
vt 0.705815 0.317620
vt 0.704008 0.290240
vt 0.556305 0.550134
vt 0.563833 0.514835
vt 0.586830 0.513679
vt 0.586830 0.562561
vt 0.709692 0.616542
vt 0.708896 0.614560
vt 0.740922 0.614419
vt 0.740922 0.616555
vt 0.549300 0.174801
vt 0.580475 0.172946
vt 0.580475 0.219234
vt 0.549111 0.220629
vt 0.917004 0.123784
vt 0.914875 0.124145
vt 0.914858 0.088108
vt 0.917004 0.088172
vt 0.939162 0.736925
vt 0.939178 0.705296
vt 0.941306 0.705132
vt 0.941306 0.737259
vt 0.914595 0.863115
vt 0.916728 0.862784
vt 0.916728 0.898876
vt 0.914581 0.898820
vt 0.993937 0.878351
vt 0.993896 0.862997
vt 0.996051 0.862784
vt 0.996051 0.878629
vt 0.003891 0.075148
vt 0.058693 0.066223
vt 0.058693 0.103652
vt 0.005627 0.100741
vt 0.846362 0.040334
vt 0.848497 0.040065
vt 0.848497 0.068697
vt 0.846370 0.068471
vt 0.859524 0.259573
vt 0.861664 0.259196
vt 0.861664 0.311651
vt 0.859548 0.311465
vt 0.886408 0.688267
vt 0.886365 0.641415
vt 0.888512 0.641321
vt 0.888512 0.688749
vt 0.936987 0.489721
vt 0.936961 0.457666
vt 0.939075 0.457311
vt 0.939075 0.490187
vt 0.954552 0.088616
vt 0.956631 0.088108
vt 0.956631 0.116515
vt 0.954552 0.116025
vt 0.080377 0.329178
vt 0.080377 0.379514
vt 0.063507 0.378498
vt 0.046090 0.330471
vt 0.795953 0.200100
vt 0.781426 0.199058
vt 0.776657 0.176681
vt 0.795953 0.169497
vt 0.450835 0.450034
vt 0.426247 0.448969
vt 0.418063 0.412351
vt 0.450835 0.399685
vt 0.286622 0.760944
vt 0.286622 0.782533
vt 0.256084 0.772195
vt 0.255078 0.761625
vt 0.919457 0.739937
vt 0.919314 0.705158
vt 0.921460 0.705132
vt 0.921460 0.740685
vt 0.079746 0.461520
vt 0.030201 0.459903
vt 0.031457 0.443790
vt 0.079746 0.428633
vt 0.770524 0.034410
vt 0.747580 0.034435
vt 0.748936 0.009738
vt 0.770524 0.003891
vt 0.461744 0.031553
vt 0.463028 0.005664
vt 0.503933 0.003891
vt 0.503933 0.041673
vt 0.145509 0.500681
vt 0.148030 0.470047
vt 0.185810 0.469648
vt 0.185810 0.509545
vt 0.124646 0.653867
vt 0.076258 0.650294
vt 0.076743 0.640842
vt 0.124646 0.630362
vt 0.869273 0.519843
vt 0.871414 0.519487
vt 0.871414 0.570575
vt 0.869305 0.570291
vt 0.859349 0.580383
vt 0.861485 0.579981
vt 0.861485 0.632936
vt 0.859374 0.632742
vt 0.778435 0.522314
vt 0.778435 0.555142
vt 0.757664 0.546662
vt 0.762728 0.523051
vt 0.524252 0.327638
vt 0.531985 0.292448
vt 0.555414 0.291601
vt 0.555414 0.340457
vt 0.940878 0.579981
vt 0.940878 0.612613
vt 0.938778 0.612188
vt 0.938767 0.580332
vt 0.473490 0.386467
vt 0.510332 0.386449
vt 0.510332 0.388603
vt 0.472754 0.388479
vt 0.316538 0.115976
vt 0.350195 0.112918
vt 0.350195 0.162047
vt 0.316348 0.164601
vt 0.508698 0.505632
vt 0.476177 0.504030
vt 0.475467 0.467454
vt 0.508698 0.457815
vt 0.948667 0.610162
vt 0.948659 0.580099
vt 0.950802 0.579981
vt 0.950802 0.610503
vt 0.763019 0.375369
vt 0.763453 0.351748
vt 0.784124 0.350109
vt 0.784124 0.380945
vt 0.965774 0.666301
vt 0.965693 0.641335
vt 0.967813 0.641321
vt 0.967813 0.666973
vt 0.945920 0.672176
vt 0.945917 0.641438
vt 0.948052 0.641321
vt 0.948052 0.672566
vt 0.917248 0.492332
vt 0.917092 0.457334
vt 0.919250 0.457311
vt 0.919250 0.493071
vt 0.348472 0.960871
vt 0.348438 0.934404
vt 0.350582 0.934292
vt 0.350582 0.961145
vt 0.958600 0.546847
vt 0.958566 0.519598
vt 0.960709 0.519487
vt 0.960709 0.547121
vt 0.003891 0.014485
vt 0.042038 0.003891
vt 0.042038 0.058441
vt 0.004730 0.055443
vt 0.580772 0.231987
vt 0.580772 0.278974
vt 0.565137 0.278091
vt 0.548805 0.231981
vt 0.190040 0.732002
vt 0.183671 0.731870
vt 0.177014 0.707293
vt 0.190040 0.700766
vt 0.916294 0.676479
vt 0.916148 0.641345
vt 0.918295 0.641321
vt 0.918295 0.677223
vt 0.897239 0.497938
vt 0.897235 0.457315
vt 0.899383 0.457311
vt 0.899383 0.498278
vt 0.076754 0.611900
vt 0.128623 0.598540
vt 0.128623 0.622580
vt 0.076258 0.621674
vt 0.294525 0.283921
vt 0.259474 0.281388
vt 0.277541 0.232545
vt 0.294525 0.231981
vt 0.366490 0.506892
vt 0.318771 0.505364
vt 0.320326 0.489219
vt 0.366490 0.474066
vt 0.444652 0.714542
vt 0.417542 0.714733
vt 0.418992 0.686446
vt 0.444652 0.678367
vt 0.925672 0.135026
vt 0.927661 0.134249
vt 0.927661 0.168836
vt 0.925526 0.168822
vt 0.696278 0.704708
vt 0.651473 0.703969
vt 0.651914 0.695364
vt 0.696278 0.683552
vt 0.978151 0.825974
vt 0.978063 0.803548
vt 0.980182 0.803537
vt 0.980182 0.826667
vt 0.762013 0.440252
vt 0.761388 0.430557
vt 0.792148 0.429968
vt 0.792148 0.449593
vt 0.144376 0.251437
vt 0.144376 0.304583
vt 0.110359 0.292965
vt 0.118733 0.253492
vt 0.707514 0.660998
vt 0.717487 0.624478
vt 0.726639 0.624336
vt 0.726639 0.670155
vt 0.153989 0.362079
vt 0.188215 0.353319
vt 0.188215 0.402654
vt 0.154722 0.399849
vt 0.030201 0.493400
vt 0.031336 0.471002
vt 0.079019 0.469301
vt 0.079019 0.502271
vt 0.531936 0.802422
vt 0.517434 0.801241
vt 0.513239 0.779172
vt 0.531936 0.772288
vt 0.751244 0.486140
vt 0.723512 0.486036
vt 0.724538 0.468138
vt 0.751244 0.457815
vt 0.475993 0.620210
vt 0.475467 0.610429
vt 0.526814 0.607445
vt 0.526814 0.631488
vt 0.680211 0.208610
vt 0.690717 0.169796
vt 0.700365 0.169497
vt 0.700365 0.218016
vt 0.954596 0.354055
vt 0.952517 0.354564
vt 0.952516 0.325484
vt 0.954596 0.325974
vt 0.922822 0.424785
vt 0.922670 0.390567
vt 0.924826 0.390549
vt 0.924826 0.425519
vt 0.908701 0.840967
vt 0.908707 0.803606
vt 0.910847 0.803537
vt 0.910847 0.841315
vt 0.731891 0.356246
vt 0.755237 0.350109
vt 0.755237 0.382130
vt 0.732386 0.380701
vt 0.863262 0.377119
vt 0.863241 0.325574
vt 0.865379 0.325484
vt 0.865379 0.377542
vt 0.909572 0.705976
vt 0.911532 0.705132
vt 0.911532 0.741940
vt 0.909391 0.741918
vt 0.609560 0.458105
vt 0.619879 0.457815
vt 0.619879 0.510014
vt 0.594622 0.509215
vt 0.974531 0.088959
vt 0.976488 0.088108
vt 0.976488 0.112247
vt 0.974349 0.112222
vt 0.320011 0.367175
vt 0.318771 0.350338
vt 0.369106 0.350109
vt 0.369106 0.383970
vt 0.803039 0.003891
vt 0.803039 0.027498
vt 0.787928 0.026692
vt 0.778306 0.004106
vt 0.927170 0.491030
vt 0.927032 0.457333
vt 0.929179 0.457311
vt 0.929179 0.491754
vt 0.318902 0.340399
vt 0.318771 0.291702
vt 0.352971 0.293370
vt 0.352971 0.342327
vt 0.974212 0.927774
vt 0.974132 0.904074
vt 0.976254 0.904056
vt 0.976254 0.928436
vt 0.038308 0.379403
vt 0.004629 0.377448
vt 0.003891 0.339027
vt 0.038308 0.329178
vt 0.879614 0.705493
vt 0.881755 0.705132
vt 0.881755 0.753952
vt 0.879648 0.753662
vt 0.858008 0.935781
vt 0.857857 0.902975
vt 0.860014 0.902956
vt 0.860014 0.936512
vt 0.153989 0.215112
vt 0.154721 0.175797
vt 0.190294 0.172946
vt 0.190294 0.224232
vt 0.243831 0.682521
vt 0.198076 0.680102
vt 0.198516 0.671166
vt 0.243831 0.660377
vt 0.968924 0.753552
vt 0.971032 0.753265
vt 0.971032 0.777880
vt 0.968896 0.777748
vt 0.255657 0.599281
vt 0.255078 0.589219
vt 0.308018 0.588248
vt 0.308018 0.612820
vt 0.928985 0.613442
vt 0.928838 0.580007
vt 0.930985 0.579981
vt 0.930985 0.614188
vt 0.556305 0.605287
vt 0.563724 0.571718
vt 0.586371 0.570342
vt 0.586371 0.616516
vt 0.675346 0.608514
vt 0.674155 0.579981
vt 0.701115 0.580077
vt 0.701115 0.616555
vt 0.653407 0.103598
vt 0.643055 0.103706
vt 0.631964 0.062162
vt 0.653407 0.050648
vt 0.749854 0.586245
vt 0.771783 0.579981
vt 0.771783 0.610809
vt 0.749267 0.610957
vt 0.876448 0.641726
vt 0.878584 0.641321
vt 0.878584 0.691542
vt 0.876473 0.691344
vt 0.668395 0.142092
vt 0.667680 0.112918
vt 0.694787 0.113387
vt 0.694787 0.150965
vt 0.992094 0.057409
vt 0.992066 0.040807
vt 0.994214 0.040688
vt 0.994214 0.057658
vt 0.125556 0.493096
vt 0.125556 0.541178
vt 0.109702 0.540320
vt 0.093475 0.495117
vt 0.185810 0.461867
vt 0.161838 0.460048
vt 0.153989 0.422518
vt 0.185810 0.410436
vt 0.935999 0.641704
vt 0.938135 0.641321
vt 0.938135 0.674228
vt 0.936026 0.673943
vt 0.981214 0.629235
vt 0.981056 0.607081
vt 0.983214 0.607053
vt 0.983214 0.629979
vt 0.972267 0.414660
vt 0.972273 0.390621
vt 0.974411 0.390549
vt 0.974411 0.415009
vt 0.102135 0.243020
vt 0.067234 0.240134
vt 0.066475 0.200922
vt 0.102135 0.191802
vt 0.259474 0.504210
vt 0.260506 0.482530
vt 0.308520 0.479384
vt 0.308520 0.511221
vt 0.985475 0.379941
vt 0.985393 0.359014
vt 0.987512 0.358999
vt 0.987512 0.380618
vt 0.594532 0.794924
vt 0.624179 0.785370
vt 0.624179 0.804440
vt 0.594153 0.804215
vt 0.639625 0.400037
vt 0.661074 0.389966
vt 0.661074 0.441696
vt 0.650690 0.441216
vt 0.659899 0.112918
vt 0.659899 0.158798
vt 0.646418 0.158056
vt 0.635789 0.121067
vt 0.576999 0.934214
vt 0.579120 0.933946
vt 0.579120 0.960940
vt 0.576969 0.960856
vt 0.964455 0.113899
vt 0.964413 0.088329
vt 0.966567 0.088108
vt 0.966567 0.114190
vt 0.584233 0.658233
vt 0.586371 0.657857
vt 0.586371 0.713382
vt 0.584261 0.713180
vt 0.624182 0.050648
vt 0.624182 0.102231
vt 0.614165 0.102017
vt 0.599474 0.051419
vt 0.396151 0.003891
vt 0.396151 0.037530
vt 0.347418 0.022484
vt 0.345870 0.005791
vt 0.467618 0.271738
vt 0.468289 0.234887
vt 0.501130 0.231981
vt 0.501130 0.279953
vt 0.056462 0.192345
vt 0.004903 0.189286
vt 0.003891 0.164412
vt 0.056462 0.155917
vt 0.129065 0.698852
vt 0.129065 0.729496
vt 0.123146 0.729455
vt 0.114510 0.699370
vt 0.249514 0.308677
vt 0.198076 0.307190
vt 0.199804 0.290000
vt 0.249514 0.273956
vt 0.731658 0.522690
vt 0.749883 0.522314
vt 0.749883 0.550047
vt 0.720717 0.549037
vt 0.994003 0.849582
vt 0.993921 0.834545
vt 0.996044 0.834526
vt 0.996044 0.850246
vt 0.930937 0.519835
vt 0.930937 0.553777
vt 0.928789 0.553783
vt 0.928794 0.519487
vt 0.985658 0.695380
vt 0.985523 0.674790
vt 0.987670 0.674761
vt 0.987670 0.696104
vt 0.004635 0.834518
vt 0.003891 0.817601
vt 0.020179 0.817879
vt 0.020179 0.839405
vt 0.567527 0.038939
vt 0.566737 0.036951
vt 0.602688 0.036825
vt 0.602688 0.038960
vt 0.856044 0.195651
vt 0.858185 0.195279
vt 0.858185 0.248698
vt 0.856072 0.248503
vt 0.730763 0.122711
vt 0.757050 0.112918
vt 0.757050 0.141428
vt 0.729899 0.140430
vt 0.985153 0.227603
vt 0.987222 0.227032
vt 0.987222 0.248783
vt 0.985076 0.248807
vt 0.216028 0.148015
vt 0.214734 0.130440
vt 0.266183 0.129404
vt 0.266183 0.165164
vt 0.590825 0.161035
vt 0.568354 0.159857
vt 0.560936 0.124931
vt 0.590825 0.112918
vt 0.128623 0.588857
vt 0.093475 0.590758
vt 0.095206 0.550528
vt 0.128623 0.548960
vt 0.234382 0.224199
vt 0.198833 0.222501
vt 0.198076 0.183292
vt 0.234382 0.172946
vt 0.918937 0.520010
vt 0.921007 0.519487
vt 0.921007 0.555248
vt 0.918873 0.555209
vt 0.465514 0.498110
vt 0.465514 0.530930
vt 0.419519 0.516622
vt 0.418063 0.500828
vt 0.929166 0.259965
vt 0.931158 0.259196
vt 0.931158 0.293381
vt 0.929021 0.293367
vt 0.984127 0.968675
vt 0.986205 0.968164
vt 0.986205 0.988394
vt 0.984060 0.988391
vt 0.657938 0.513035
vt 0.657392 0.510962
vt 0.671699 0.510900
vt 0.671699 0.513040
vt 0.418850 0.596269
vt 0.418063 0.594281
vt 0.448480 0.594206
vt 0.448480 0.596340
vt 0.982270 0.391122
vt 0.984338 0.390549
vt 0.984338 0.413339
vt 0.982193 0.413363
vt 0.984414 0.088879
vt 0.986405 0.088108
vt 0.986405 0.110384
vt 0.984270 0.110362
vt 0.830196 0.305925
vt 0.830112 0.283413
vt 0.832236 0.283398
vt 0.832236 0.306594
vt 0.529351 0.592106
vt 0.533623 0.569617
vt 0.548524 0.568448
vt 0.548524 0.599296
vt 0.905098 0.088934
vt 0.907076 0.088108
vt 0.907076 0.126386
vt 0.904929 0.126366
vt 0.987072 0.164927
vt 0.987072 0.186277
vt 0.984953 0.186279
vt 0.985043 0.164228
vt 0.409618 0.616680
vt 0.409618 0.640728
vt 0.361196 0.630022
vt 0.360619 0.620269
vt 0.166914 0.769043
vt 0.166914 0.790034
vt 0.137621 0.781992
vt 0.136998 0.771626
vt 0.919156 0.294314
vt 0.919100 0.259230
vt 0.921239 0.259196
vt 0.921239 0.294782
vt 0.594682 0.667241
vt 0.594153 0.658004
vt 0.640520 0.655562
vt 0.640520 0.678250
vt 0.994015 0.904612
vt 0.996089 0.904056
vt 0.996089 0.918626
vt 0.993942 0.918647
vt 0.760508 0.289778
vt 0.760508 0.322112
vt 0.749330 0.321099
vt 0.738152 0.290149
vt 0.127015 0.437029
vt 0.127015 0.485315
vt 0.110570 0.484534
vt 0.093475 0.438805
vt 0.449335 0.586425
vt 0.425858 0.585293
vt 0.418063 0.550544
vt 0.449335 0.538712
vt 0.431718 0.101488
vt 0.407071 0.099595
vt 0.398967 0.062352
vt 0.431718 0.050648
vt 0.076258 0.783714
vt 0.076969 0.769641
vt 0.107540 0.768253
vt 0.107540 0.788989
vt 0.255701 0.565867
vt 0.255078 0.555335
vt 0.310065 0.554742
vt 0.310065 0.580467
vt 0.302888 0.214691
vt 0.303592 0.175900
vt 0.337748 0.172946
vt 0.337748 0.223445
vt 0.975263 0.250385
vt 0.975174 0.227042
vt 0.977295 0.227032
vt 0.977295 0.251077
vt 0.985026 0.134803
vt 0.987100 0.134249
vt 0.987100 0.156421
vt 0.984953 0.156446
vt 0.942550 0.072180
vt 0.942501 0.040768
vt 0.944642 0.040688
vt 0.944642 0.072705
vt 0.187959 0.625135
vt 0.136998 0.621036
vt 0.137492 0.611155
vt 0.187959 0.600523
vt 0.904653 0.949453
vt 0.906787 0.949176
vt 0.906787 0.973726
vt 0.904658 0.973508
vt 0.469871 0.209356
vt 0.477853 0.173549
vt 0.502030 0.172946
vt 0.502030 0.222684
vt 0.338652 0.938000
vt 0.338499 0.906034
vt 0.340656 0.906011
vt 0.340656 0.938734
vt 0.909130 0.520330
vt 0.911091 0.519487
vt 0.911091 0.557239
vt 0.908950 0.557223
vt 0.492043 0.885591
vt 0.494006 0.884752
vt 0.494006 0.920551
vt 0.491865 0.920533
vt 0.116333 0.801505
vt 0.122829 0.776832
vt 0.128799 0.776662
vt 0.128799 0.807334
vt 0.491663 0.559993
vt 0.475467 0.513414
vt 0.507344 0.513487
vt 0.507344 0.561015
vt 0.511809 0.100883
vt 0.488321 0.099707
vt 0.480544 0.063220
vt 0.511809 0.050648
vt 0.859349 0.519843
vt 0.861491 0.519487
vt 0.861491 0.572199
vt 0.859381 0.571920
vt 0.383563 0.905243
vt 0.385679 0.904961
vt 0.385679 0.937819
vt 0.383524 0.937691
vt 0.962377 0.390833
vt 0.964485 0.390549
vt 0.964485 0.417084
vt 0.962350 0.416956
vt 0.984118 0.925777
vt 0.984036 0.904074
vt 0.986160 0.904056
vt 0.986160 0.926439
vt 0.628007 0.158280
vt 0.605907 0.156891
vt 0.598607 0.123727
vt 0.628007 0.112918
vt 0.399191 0.152969
vt 0.399874 0.114947
vt 0.432824 0.112918
vt 0.432824 0.162442
vt 0.060703 0.957174
vt 0.060670 0.929527
vt 0.062813 0.929418
vt 0.062813 0.957447
vt 0.603119 0.326048
vt 0.610125 0.293298
vt 0.631758 0.291601
vt 0.631758 0.336567
vt 0.442537 0.331836
vt 0.443214 0.294481
vt 0.475965 0.291601
vt 0.475965 0.340226
vt 0.534664 0.373213
vt 0.535777 0.351893
vt 0.581104 0.350109
vt 0.581104 0.381534
vt 0.613736 0.169797
vt 0.613736 0.224199
vt 0.603491 0.223760
vt 0.588554 0.170041
vt 0.697285 0.441171
vt 0.696863 0.434679
vt 0.730438 0.433275
vt 0.730438 0.448999
vt 0.689640 0.466712
vt 0.715730 0.457815
vt 0.715730 0.494658
vt 0.689050 0.495216
vt 0.685710 0.571445
vt 0.675742 0.571075
vt 0.665129 0.532102
vt 0.685710 0.522314
vt 0.516470 0.339345
vt 0.483747 0.339172
vt 0.500222 0.292687
vt 0.516470 0.291601
vt 0.198076 0.408975
vt 0.238923 0.399737
vt 0.238923 0.440433
vt 0.200677 0.440111
vt 0.735136 0.649716
vt 0.734420 0.624336
vt 0.757365 0.624394
vt 0.757365 0.655953
vt 0.254431 0.924348
vt 0.254431 0.954068
vt 0.252354 0.953557
vt 0.252356 0.924819
vt 0.899250 0.259315
vt 0.901393 0.259196
vt 0.901393 0.299590
vt 0.899247 0.299526
vt 0.875902 0.195668
vt 0.878040 0.195279
vt 0.878040 0.245488
vt 0.875925 0.245300
vt 0.885821 0.134605
vt 0.887962 0.134249
vt 0.887962 0.182276
vt 0.885851 0.182002
vt 0.077516 0.577203
vt 0.030201 0.575455
vt 0.031380 0.560151
vt 0.077516 0.545863
vt 0.708595 0.276601
vt 0.686898 0.276224
vt 0.699686 0.231558
vt 0.708594 0.231186
vt 0.777673 0.082063
vt 0.756269 0.080489
vt 0.755790 0.056523
vt 0.777673 0.050648
vt 0.867468 0.508497
vt 0.867486 0.457471
vt 0.869616 0.457311
vt 0.869616 0.508818
vt 0.594316 0.572331
vt 0.623880 0.570342
vt 0.623880 0.614908
vt 0.594153 0.616555
vt 0.985597 0.641879
vt 0.987669 0.641321
vt 0.987669 0.662786
vt 0.985522 0.662811
vt 0.467685 0.607445
vt 0.467685 0.631629
vt 0.418094 0.621836
vt 0.417542 0.612030
vt 0.577011 0.891484
vt 0.579062 0.890957
vt 0.579062 0.926165
vt 0.576969 0.925728
vt 0.766569 0.626751
vt 0.786137 0.624336
vt 0.786137 0.654400
vt 0.765146 0.654363
vt 0.984076 0.884496
vt 0.983991 0.862800
vt 0.986115 0.862784
vt 0.986115 0.885170
vt 0.909393 0.789615
vt 0.909397 0.753327
vt 0.911537 0.753265
vt 0.911537 0.789967
vt 0.991030 0.624682
vt 0.990996 0.607163
vt 0.993140 0.607053
vt 0.993140 0.624956
vt 0.134798 0.504158
vt 0.136942 0.504049
vt 0.136942 0.540876
vt 0.134797 0.540810
vt 0.458807 0.402735
vt 0.490582 0.399685
vt 0.490582 0.447319
vt 0.458617 0.449846
vt 0.922819 0.041530
vt 0.924780 0.040688
vt 0.924780 0.076017
vt 0.922640 0.075995
vt 0.440606 0.150935
vt 0.448493 0.114075
vt 0.472508 0.112918
vt 0.472508 0.163919
vt 0.988282 0.510349
vt 0.988209 0.491280
vt 0.990356 0.491250
vt 0.990356 0.510875
vt 0.907816 0.172432
vt 0.905686 0.172785
vt 0.905671 0.134249
vt 0.907816 0.134318
vt 0.878916 0.852830
vt 0.878935 0.803700
vt 0.881064 0.803537
vt 0.881064 0.853146
vt 0.198076 0.512706
vt 0.199107 0.491035
vt 0.247118 0.488557
vt 0.247118 0.520339
vt 0.929385 0.754055
vt 0.931368 0.753265
vt 0.931368 0.787389
vt 0.929234 0.787379
vt 0.417310 0.391215
vt 0.376888 0.391904
vt 0.392904 0.351463
vt 0.417310 0.350109
vt 0.427362 0.808885
vt 0.417542 0.787095
vt 0.442231 0.785886
vt 0.442231 0.808935
vt 0.524395 0.661771
vt 0.475467 0.659307
vt 0.475908 0.650206
vt 0.524395 0.639269
vt 0.403554 0.704354
vt 0.403528 0.648598
vt 0.405666 0.648510
vt 0.405666 0.704799
vt 0.742864 0.233372
vt 0.764235 0.231186
vt 0.764235 0.262816
vt 0.742726 0.264671
vt 0.904666 0.863114
vt 0.906799 0.862784
vt 0.906799 0.901519
vt 0.904654 0.901457
vt 0.982160 0.041064
vt 0.984284 0.040688
vt 0.984284 0.063579
vt 0.982136 0.063528
vt 0.859771 0.705501
vt 0.861909 0.705132
vt 0.861909 0.757367
vt 0.859801 0.757081
vt 0.154140 0.282238
vt 0.153989 0.232014
vt 0.188199 0.234641
vt 0.188199 0.285165
vt 0.449397 0.778104
vt 0.418043 0.776716
vt 0.417542 0.761939
vt 0.449397 0.756643
vt 0.248211 0.351161
vt 0.198076 0.348727
vt 0.199878 0.331818
vt 0.248211 0.316459
vt 0.957911 0.641321
vt 0.957911 0.669575
vt 0.955834 0.669060
vt 0.955841 0.641809
vt 0.003891 0.227356
vt 0.005117 0.203193
vt 0.055863 0.200127
vt 0.055863 0.235814
vt 0.631843 0.444957
vt 0.620984 0.445186
vt 0.609338 0.402185
vt 0.631843 0.389966
vt 0.986199 0.004664
vt 0.988192 0.003891
vt 0.988192 0.025174
vt 0.986058 0.025155
vt 0.567323 0.018187
vt 0.566737 0.008005
vt 0.618303 0.003891
vt 0.618303 0.029043
vt 0.983917 0.280905
vt 0.983779 0.259223
vt 0.985925 0.259196
vt 0.985925 0.281632
vt 0.559760 0.088645
vt 0.560393 0.053458
vt 0.591693 0.050648
vt 0.591693 0.096477
vt 0.627661 0.469095
vt 0.649611 0.457815
vt 0.649611 0.510014
vt 0.639002 0.510051
vt 0.651408 0.210929
vt 0.662364 0.169908
vt 0.672430 0.169497
vt 0.672430 0.220622
vt 0.863141 0.442223
vt 0.863116 0.390647
vt 0.865253 0.390549
vt 0.865253 0.442675
vt 0.094970 0.013312
vt 0.132071 0.003891
vt 0.132071 0.055781
vt 0.095750 0.052991
vt 0.658465 0.240682
vt 0.679117 0.231186
vt 0.679117 0.281539
vt 0.669124 0.280934
vt 0.888845 0.849984
vt 0.888863 0.803695
vt 0.890992 0.803537
vt 0.890992 0.850306
vt 0.563195 0.299856
vt 0.595337 0.291601
vt 0.595337 0.336407
vt 0.563816 0.334146
vt 0.957315 0.134249
vt 0.957315 0.162649
vt 0.955238 0.162133
vt 0.955243 0.134732
vt 0.293631 0.333767
vt 0.293631 0.384083
vt 0.276834 0.383307
vt 0.259474 0.336152
vt 0.972367 0.326027
vt 0.974443 0.325484
vt 0.974443 0.349823
vt 0.972295 0.349848
vt 0.879236 0.580253
vt 0.881355 0.579981
vt 0.881355 0.629299
vt 0.879202 0.629168
vt 0.946369 0.004167
vt 0.948479 0.003891
vt 0.948479 0.032449
vt 0.946342 0.032323
vt 0.746397 0.786820
vt 0.747016 0.773003
vt 0.777122 0.771696
vt 0.777122 0.791447
vt 0.066657 0.120773
vt 0.066475 0.066223
vt 0.102578 0.068505
vt 0.102578 0.122240
vt 0.443601 0.280630
vt 0.426728 0.231981
vt 0.459837 0.232002
vt 0.459837 0.281594
vt 0.344296 0.271506
vt 0.352518 0.233857
vt 0.377717 0.231981
vt 0.377717 0.283631
vt 0.892881 0.041142
vt 0.895001 0.040688
vt 0.895001 0.084721
vt 0.892883 0.084528
vt 0.975671 0.641893
vt 0.977740 0.641321
vt 0.977740 0.665017
vt 0.975594 0.665041
vt 0.902940 0.364348
vt 0.902944 0.325551
vt 0.905084 0.325484
vt 0.905084 0.364702
vt 0.274102 0.162253
vt 0.273964 0.112918
vt 0.308566 0.115556
vt 0.308566 0.165164
vt 0.338513 0.856704
vt 0.340656 0.856590
vt 0.340656 0.898229
vt 0.338510 0.898170
vt 0.899477 0.705466
vt 0.901609 0.705132
vt 0.901609 0.745483
vt 0.899464 0.745414
vt 0.785564 0.731469
vt 0.800909 0.731257
vt 0.800909 0.754865
vt 0.775547 0.753693
vt 0.375691 0.598162
vt 0.383848 0.567717
vt 0.409618 0.567097
vt 0.409618 0.608898
vt 0.232054 0.578230
vt 0.232054 0.619335
vt 0.219046 0.618782
vt 0.198076 0.579694
vt 0.915019 0.326258
vt 0.915019 0.361961
vt 0.912866 0.361961
vt 0.913020 0.325484
vt 0.938862 0.520253
vt 0.940856 0.519487
vt 0.940856 0.552188
vt 0.938718 0.552174
vt 0.466303 0.841522
vt 0.450013 0.841532
vt 0.451152 0.824751
vt 0.466303 0.820112
vt 0.889309 0.303913
vt 0.889337 0.259348
vt 0.891465 0.259196
vt 0.891465 0.304121
vt 0.975609 0.673164
vt 0.977741 0.672823
vt 0.977741 0.696104
vt 0.975594 0.696043
vt 0.952459 0.419305
vt 0.952425 0.390661
vt 0.954568 0.390549
vt 0.954568 0.419584
vt 0.950487 0.803537
vt 0.950487 0.834643
vt 0.948410 0.834135
vt 0.948410 0.804002
vt 0.136880 0.437029
vt 0.136880 0.496267
vt 0.134832 0.495734
vt 0.134797 0.437483
vt 0.621518 0.212347
vt 0.633082 0.169497
vt 0.643627 0.169797
vt 0.643627 0.224199
vt 0.993735 0.259454
vt 0.995858 0.259196
vt 0.995858 0.275490
vt 0.993707 0.275405
vt 0.974146 0.938442
vt 0.976278 0.938100
vt 0.976278 0.962248
vt 0.974132 0.962185
vt 0.003891 0.139251
vt 0.005816 0.114360
vt 0.058115 0.111433
vt 0.058115 0.148135
vt 0.816217 0.803537
vt 0.816217 0.818484
vt 0.785118 0.810875
vt 0.784903 0.804697
vt 0.183633 0.005833
vt 0.218276 0.003891
vt 0.218276 0.055469
vt 0.183338 0.057119
vt 0.944637 0.088367
vt 0.946770 0.088108
vt 0.946770 0.119657
vt 0.944628 0.119514
vt 0.496635 0.114139
vt 0.512925 0.112918
vt 0.512925 0.161203
vt 0.480290 0.161093
vt 0.994002 0.705679
vt 0.996077 0.705132
vt 0.996077 0.720713
vt 0.993930 0.720734
vt 0.761345 0.489531
vt 0.789548 0.488114
vt 0.789548 0.509637
vt 0.759026 0.509629
vt 0.233800 0.529752
vt 0.233800 0.570448
vt 0.199827 0.568873
vt 0.198076 0.528121
vt 0.418063 0.465471
vt 0.467685 0.457815
vt 0.467685 0.490328
vt 0.418892 0.487841
vt 0.865963 0.185987
vt 0.865992 0.134409
vt 0.868119 0.134249
vt 0.868119 0.186197
vt 0.895746 0.134364
vt 0.897889 0.134249
vt 0.897889 0.176747
vt 0.895744 0.176680
vt 0.883084 0.373274
vt 0.883098 0.325641
vt 0.885230 0.325484
vt 0.885230 0.373593
vt 0.924964 0.088949
vt 0.926926 0.088108
vt 0.926926 0.122709
vt 0.924785 0.122692
vt 0.652140 0.756758
vt 0.682995 0.746713
vt 0.682995 0.768868
vt 0.651473 0.767508
vt 0.899033 0.559933
vt 0.899041 0.519665
vt 0.901168 0.519487
vt 0.901168 0.560277
vt 0.926258 0.642167
vt 0.928217 0.641321
vt 0.928217 0.675816
vt 0.926077 0.675798
vt 0.875922 0.184042
vt 0.875901 0.134337
vt 0.878039 0.134249
vt 0.878039 0.184463
vt 0.985181 0.195814
vt 0.987242 0.195279
vt 0.987242 0.216996
vt 0.985103 0.216860
vt 0.475467 0.759704
vt 0.476104 0.744680
vt 0.508054 0.742348
vt 0.508054 0.764506
vt 0.113879 0.826700
vt 0.129090 0.821897
vt 0.129090 0.842664
vt 0.113380 0.843029
vt 0.964242 0.938392
vt 0.966349 0.938100
vt 0.966349 0.964259
vt 0.964215 0.964126
vt 0.350937 0.103030
vt 0.325839 0.100950
vt 0.317581 0.061865
vt 0.350937 0.050648
vt 0.924886 0.325484
vt 0.924886 0.360728
vt 0.922836 0.360197
vt 0.922800 0.325930
vt 0.586841 0.505889
vt 0.563942 0.505023
vt 0.556322 0.470214
vt 0.586841 0.457815
vt 0.004891 0.303650
vt 0.054587 0.286398
vt 0.054587 0.321397
vt 0.003891 0.320621
vt 0.668855 0.430607
vt 0.679400 0.390504
vt 0.689082 0.389966
vt 0.689082 0.439732
vt 0.924648 0.896846
vt 0.924510 0.862809
vt 0.926656 0.862784
vt 0.926656 0.897573
vt 0.093475 0.363587
vt 0.144095 0.354303
vt 0.144095 0.387912
vt 0.094373 0.386667
vt 0.080377 0.387296
vt 0.080377 0.420852
vt 0.031595 0.405378
vt 0.030201 0.388639
vt 0.844002 0.138322
vt 0.844002 0.158975
vt 0.829289 0.154588
vt 0.828288 0.138387
vt 0.348470 0.835495
vt 0.350591 0.835234
vt 0.350591 0.883916
vt 0.348438 0.883793
vt 0.968568 0.520055
vt 0.970637 0.519487
vt 0.970637 0.544166
vt 0.968491 0.544191
vt 0.960738 0.579981
vt 0.960738 0.607539
vt 0.958593 0.607399
vt 0.958584 0.580089
vt 0.520707 0.150769
vt 0.521361 0.114595
vt 0.553154 0.112918
vt 0.553154 0.160029
vt 0.964241 0.904334
vt 0.966350 0.904056
vt 0.966350 0.930318
vt 0.964215 0.930194
vt 0.879222 0.568620
vt 0.879195 0.519585
vt 0.881332 0.519487
vt 0.881332 0.569079
vt 0.889142 0.565489
vt 0.889113 0.519578
vt 0.891251 0.519487
vt 0.891251 0.565948
vt 0.707550 0.960698
vt 0.707514 0.934502
vt 0.709657 0.934383
vt 0.709657 0.960987
vt 0.896294 0.641425
vt 0.898439 0.641321
vt 0.898439 0.683571
vt 0.896293 0.683511
vt 0.988747 0.771400
vt 0.988718 0.753555
vt 0.990849 0.753265
vt 0.990849 0.771842
vt 0.734944 0.231383
vt 0.734944 0.276194
vt 0.716376 0.266532
vt 0.726078 0.231186
vt 0.391409 0.112918
vt 0.391409 0.164077
vt 0.357977 0.150990
vt 0.366279 0.113969
vt 0.679889 0.634418
vt 0.699732 0.624336
vt 0.699732 0.673894
vt 0.690131 0.673663
vt 0.849446 0.580244
vt 0.851567 0.579981
vt 0.851567 0.633539
vt 0.849415 0.633412
vt 0.912743 0.426789
vt 0.912749 0.390610
vt 0.914888 0.390549
vt 0.914888 0.427132
vt 0.988841 0.457588
vt 0.990951 0.457311
vt 0.990951 0.475389
vt 0.988814 0.475262
vt 0.877418 0.506895
vt 0.877397 0.457403
vt 0.879535 0.457311
vt 0.879535 0.507320
vt 0.970281 0.804234
vt 0.970281 0.828427
vt 0.968163 0.828432
vt 0.968251 0.803537
vt 0.915612 0.134590
vt 0.917744 0.134249
vt 0.917744 0.170280
vt 0.915598 0.170223
vt 0.266497 0.066223
vt 0.266497 0.101192
vt 0.215397 0.085153
vt 0.213838 0.067765
vt 0.919468 0.754061
vt 0.921452 0.753265
vt 0.921452 0.788769
vt 0.919319 0.788758
vt 0.964184 0.888705
vt 0.964162 0.862784
vt 0.966287 0.862806
vt 0.966287 0.889105
vt 0.526556 0.916108
vt 0.528685 0.915759
vt 0.528685 0.947278
vt 0.526550 0.947145
vt 0.228742 0.788132
vt 0.198076 0.785658
vt 0.198845 0.774890
vt 0.228742 0.766609
vt 0.387255 0.181526
vt 0.421570 0.172946
vt 0.421570 0.221642
vt 0.387982 0.218801
vt 0.376888 0.520965
vt 0.409618 0.512772
vt 0.409618 0.559316
vt 0.377576 0.556568
vt 0.672107 0.675771
vt 0.662124 0.675416
vt 0.651473 0.634531
vt 0.672107 0.624336
vt 0.902944 0.041489
vt 0.904930 0.040688
vt 0.904930 0.080279
vt 0.902782 0.080248
vt 0.909311 0.494893
vt 0.907181 0.495252
vt 0.907164 0.457311
vt 0.909311 0.457372
vt 0.928561 0.803893
vt 0.930691 0.803537
vt 0.930691 0.837916
vt 0.928545 0.837850
vt 0.934452 0.863128
vt 0.936583 0.862784
vt 0.936583 0.896275
vt 0.934438 0.896207
vt 0.918911 0.615240
vt 0.918916 0.580047
vt 0.921057 0.579981
vt 0.921057 0.615590
vt 0.304632 0.644257
vt 0.255078 0.639679
vt 0.255539 0.630170
vt 0.304632 0.620602
vt 0.984058 0.854506
vt 0.983991 0.834583
vt 0.986139 0.834526
vt 0.986139 0.855002
vt 0.491899 0.928625
vt 0.494006 0.928332
vt 0.494006 0.956534
vt 0.491870 0.956399
vt 0.956804 0.484863
vt 0.956768 0.457430
vt 0.958911 0.457311
vt 0.958911 0.485152
vt 0.153989 0.136537
vt 0.206952 0.129574
vt 0.206952 0.165164
vt 0.154927 0.160898
vt 0.869477 0.259459
vt 0.871598 0.259196
vt 0.871598 0.310198
vt 0.869446 0.310071
vt 0.650683 0.281539
vt 0.627687 0.280372
vt 0.641278 0.232031
vt 0.650683 0.231981
vt 0.619906 0.231981
vt 0.619906 0.276204
vt 0.588554 0.268243
vt 0.589126 0.234305
vt 0.185961 0.655832
vt 0.136998 0.651963
vt 0.137457 0.642751
vt 0.185961 0.632916
vt 0.857551 0.457702
vt 0.859687 0.457311
vt 0.859687 0.510566
vt 0.857579 0.510361
vt 0.938940 0.259573
vt 0.941078 0.259196
vt 0.941078 0.291489
vt 0.938965 0.291296
vt 0.234717 0.960411
vt 0.234682 0.933405
vt 0.236826 0.933290
vt 0.236826 0.960692
vt 0.993617 0.571022
vt 0.995736 0.570764
vt 0.995736 0.587493
vt 0.993597 0.587371
vt 0.984013 0.727228
vt 0.983989 0.705304
vt 0.986148 0.705132
vt 0.986148 0.727498
vt 0.869300 0.580250
vt 0.871420 0.579981
vt 0.871420 0.631158
vt 0.869267 0.631030
vt 0.012861 0.590214
vt 0.003891 0.557897
vt 0.019072 0.557272
vt 0.019072 0.590295
vt 0.992188 0.341934
vt 0.992153 0.325602
vt 0.994296 0.325484
vt 0.994296 0.342219
vt 0.799812 0.608220
vt 0.779565 0.607464
vt 0.779652 0.584495
vt 0.799812 0.579981
vt 0.318771 0.561580
vt 0.364462 0.554615
vt 0.364462 0.586218
vt 0.319598 0.583184
vt 0.908997 0.580315
vt 0.911130 0.579981
vt 0.911130 0.617676
vt 0.908982 0.617621
vt 0.475467 0.592730
vt 0.476506 0.571830
vt 0.520571 0.568797
vt 0.520571 0.599663
vt 0.807872 0.207881
vt 0.807872 0.222980
vt 0.776995 0.215213
vt 0.776657 0.209002
vt 0.274279 0.091222
vt 0.274979 0.052416
vt 0.309799 0.050648
vt 0.309799 0.101192
vt 0.682123 0.819224
vt 0.651473 0.818060
vt 0.651605 0.812117
vt 0.682123 0.804675
vt 0.955356 0.223054
vt 0.955320 0.195398
vt 0.957463 0.195279
vt 0.957463 0.223341
vt 0.866520 0.692598
vt 0.866534 0.641476
vt 0.868666 0.641321
vt 0.868666 0.692924
vt 0.902816 0.429422
vt 0.902821 0.390610
vt 0.904962 0.390549
vt 0.904962 0.429766
vt 0.946856 0.457683
vt 0.948986 0.457311
vt 0.948986 0.488334
vt 0.946865 0.488060
vt 0.882959 0.041051
vt 0.885099 0.040688
vt 0.885099 0.089276
vt 0.882991 0.088988
vt 0.885821 0.195677
vt 0.887959 0.195279
vt 0.887959 0.243056
vt 0.885849 0.242857
vt 0.869691 0.705490
vt 0.871833 0.705132
vt 0.871833 0.755847
vt 0.869723 0.755567
vt 0.992147 0.390838
vt 0.994255 0.390549
vt 0.994255 0.407306
vt 0.992120 0.407173
vt 0.278452 0.003891
vt 0.278452 0.038756
vt 0.226058 0.031824
vt 0.227198 0.008151
vt 0.909174 0.296122
vt 0.909179 0.259265
vt 0.911319 0.259196
vt 0.911319 0.296478
vt 0.716516 0.089425
vt 0.747694 0.084811
vt 0.747694 0.105073
vt 0.716875 0.103738
vt 0.066655 0.181274
vt 0.066475 0.130021
vt 0.101114 0.132417
vt 0.101114 0.184020
vt 0.934708 0.088494
vt 0.936846 0.088108
vt 0.936846 0.121626
vt 0.934731 0.121433
vt 0.060670 0.828751
vt 0.062809 0.828376
vt 0.062809 0.878484
vt 0.060694 0.878296
vt 0.604044 0.924181
vt 0.606153 0.923900
vt 0.606153 0.953695
vt 0.604017 0.953566
vt 0.785579 0.074097
vt 0.785454 0.051465
vt 0.805188 0.050648
vt 0.805188 0.078297
vt 0.259474 0.400769
vt 0.308899 0.391865
vt 0.308899 0.425573
vt 0.260397 0.423880
vt 0.198076 0.384053
vt 0.199198 0.361569
vt 0.249363 0.358943
vt 0.249363 0.391955
vt 0.584214 0.774684
vt 0.584241 0.721309
vt 0.586371 0.721164
vt 0.586371 0.774898
vt 0.980372 0.315394
vt 0.980392 0.292762
vt 0.982530 0.292651
vt 0.982530 0.315620
vt 0.360883 0.339614
vt 0.360753 0.291663
vt 0.394252 0.294091
vt 0.394252 0.342327
vt 0.908366 0.679243
vt 0.906223 0.679360
vt 0.906220 0.641321
vt 0.908366 0.641386
vt 0.976132 0.004122
vt 0.978276 0.003891
vt 0.978276 0.026978
vt 0.976123 0.026928
vt 0.956269 0.004112
vt 0.958414 0.003891
vt 0.958414 0.031734
vt 0.956260 0.031678
vt 0.746519 0.762671
vt 0.746397 0.731257
vt 0.767765 0.732597
vt 0.767765 0.763915
vt 0.761559 0.391351
vt 0.782003 0.389966
vt 0.782003 0.420930
vt 0.761388 0.422186
vt 0.571195 0.434773
vt 0.571086 0.389966
vt 0.601556 0.391695
vt 0.601556 0.436620
vt 0.905694 0.195447
vt 0.907824 0.195279
vt 0.907824 0.233765
vt 0.905668 0.233707
vt 0.140097 0.055781
vt 0.139853 0.003891
vt 0.175556 0.005621
vt 0.175556 0.057569
vt 0.246705 0.399839
vt 0.248850 0.399737
vt 0.248850 0.440297
vt 0.246705 0.440237
vt 0.975177 0.218912
vt 0.975174 0.195287
vt 0.977322 0.195279
vt 0.977322 0.219250
vt 0.143023 0.395694
vt 0.143023 0.429247
vt 0.094937 0.413991
vt 0.093475 0.397756
vt 0.985381 0.446940
vt 0.985238 0.426173
vt 0.987391 0.426159
vt 0.987391 0.447685
vt 0.856074 0.187030
vt 0.856044 0.134344
vt 0.858182 0.134249
vt 0.858182 0.187498
vt 0.887344 0.503990
vt 0.887317 0.457408
vt 0.889453 0.457311
vt 0.889453 0.504452
vt 0.548524 0.560666
vt 0.516480 0.559510
vt 0.532929 0.514483
vt 0.548524 0.513679
vt 0.873063 0.090800
vt 0.873041 0.040784
vt 0.875178 0.040688
vt 0.875178 0.091236
vt 0.889137 0.580363
vt 0.891273 0.579981
vt 0.891273 0.626201
vt 0.889164 0.625999
vt 0.368148 0.391752
vt 0.368148 0.425696
vt 0.320379 0.410663
vt 0.318771 0.394331
vt 0.348580 0.925778
vt 0.348438 0.891719
vt 0.350586 0.891698
vt 0.350586 0.926510
vt 0.983827 0.571568
vt 0.985815 0.570764
vt 0.985815 0.593422
vt 0.983668 0.593397
vt 0.206056 0.102122
vt 0.153497 0.098533
vt 0.155475 0.081062
vt 0.206056 0.066223
vt 0.302303 0.471602
vt 0.260538 0.469861
vt 0.259474 0.443584
vt 0.302303 0.433355
vt 0.791906 0.376909
vt 0.797159 0.374570
vt 0.797159 0.381468
vt 0.398927 0.799929
vt 0.404078 0.797507
vt 0.404078 0.804402
vt 0.513239 0.812728
vt 0.518269 0.810204
vt 0.518269 0.817133
vt 0.804941 0.376727
vt 0.810220 0.374570
vt 0.810220 0.381318
vt 0.077665 0.584985
vt 0.077665 0.590702
vt 0.071500 0.587449
vt 0.616578 0.036825
vt 0.616578 0.042508
vt 0.610470 0.040043
vt 0.734420 0.665804
vt 0.738951 0.663734
vt 0.738951 0.669798
vt 0.746733 0.666088
vt 0.751142 0.663734
vt 0.751142 0.669868
vt 0.523488 0.386449
vt 0.523488 0.391448
vt 0.518114 0.389381
vt 0.908701 0.851483
vt 0.913564 0.849097
vt 0.913564 0.854552
vt 0.913758 0.565021
vt 0.913758 0.570442
vt 0.908950 0.568067
vt 0.837738 0.429968
vt 0.837738 0.434738
vt 0.833499 0.432583
vt 0.594153 0.967605
vt 0.603214 0.961740
vt 0.603214 0.973434
vt 0.687240 0.966940
vt 0.697074 0.962492
vt 0.697074 0.973267
vt 0.841864 0.299435
vt 0.851691 0.295016
vt 0.851691 0.305802
vt 0.262191 0.961849
vt 0.262191 0.972624
vt 0.252354 0.966273
vt 0.136998 0.966986
vt 0.146820 0.962528
vt 0.146820 0.973315
vt 0.659252 0.962757
vt 0.659252 0.973543
vt 0.649430 0.967214
vt 0.792681 0.973168
vt 0.783629 0.967302
vt 0.792681 0.961459
vt 0.734435 0.972752
vt 0.724598 0.968328
vt 0.734435 0.961978
vt 0.973274 0.629979
vt 0.964213 0.624150
vt 0.973274 0.618285
vt 0.746397 0.967403
vt 0.755459 0.961574
vt 0.755459 0.973268
vt 0.405325 0.947102
vt 0.394286 0.947206
vt 0.396603 0.938402
vt 0.405325 0.936052
vt 0.916955 0.942386
vt 0.914581 0.933395
vt 0.925656 0.933602
vt 0.925656 0.944805
vt 0.115740 0.943297
vt 0.113380 0.934406
vt 0.124388 0.934808
vt 0.124388 0.945882
vt 0.939901 0.621970
vt 0.939901 0.633528
vt 0.931202 0.631219
vt 0.928838 0.622132
vt 0.751649 0.983680
vt 0.751649 0.990496
vt 0.746397 0.986368
vt 0.747082 0.981049
vt 0.687240 0.985169
vt 0.692490 0.981048
vt 0.692490 0.987925
vt 0.687904 0.990544
vt 0.299644 0.986742
vt 0.299644 0.993378
vt 0.294417 0.989345
vt 0.295092 0.984065
vt 0.274130 0.934739
vt 0.282705 0.932181
vt 0.282705 0.943438
vt 0.271744 0.943774
vt 0.913762 0.448904
vt 0.902816 0.449360
vt 0.905121 0.440207
vt 0.913762 0.437547
vt 0.801770 0.887259
vt 0.813093 0.883140
vt 0.813093 0.895434
vt 0.801620 0.899372
vt 0.461780 0.886082
vt 0.461780 0.898822
vt 0.451513 0.894918
vt 0.450013 0.883476
vt 0.830962 0.922710
vt 0.830962 0.933834
vt 0.822137 0.929966
vt 0.820898 0.919943
vt 0.557362 0.889670
vt 0.557341 0.877212
vt 0.568628 0.881417
vt 0.568628 0.894047
vt 0.104265 0.888608
vt 0.093000 0.893000
vt 0.093000 0.880350
vt 0.104265 0.875999
vt 0.567676 0.926404
vt 0.567676 0.937043
vt 0.558757 0.933787
vt 0.557341 0.924313
vt 0.832910 0.909893
vt 0.820898 0.912161
vt 0.822484 0.901072
vt 0.832910 0.897466
vt 0.936151 0.694594
vt 0.926077 0.696906
vt 0.927337 0.687174
vt 0.936151 0.683598
vt 0.103100 0.933736
vt 0.093000 0.936498
vt 0.094004 0.927001
vt 0.103100 0.923222
vt 0.870328 0.901039
vt 0.868998 0.889511
vt 0.880616 0.892489
vt 0.880616 0.904977
vt 0.028451 0.887887
vt 0.038666 0.883928
vt 0.038666 0.896651
vt 0.027040 0.899426
vt 0.820898 0.986000
vt 0.826082 0.981866
vt 0.826082 0.988539
vt 0.821577 0.991273
vt 0.712017 0.988329
vt 0.712017 0.994149
vt 0.707514 0.990491
vt 0.708144 0.986013
vt 0.038071 0.940181
vt 0.027040 0.940061
vt 0.029456 0.930932
vt 0.038071 0.928556
vt 0.581526 0.988278
vt 0.581526 0.994162
vt 0.576969 0.990609
vt 0.577574 0.985929
vt 0.654661 0.984017
vt 0.654661 0.990691
vt 0.649430 0.986593
vt 0.650135 0.981324
vt 0.747710 0.928129
vt 0.746397 0.918058
vt 0.756569 0.920947
vt 0.756569 0.931877
vt 0.138362 0.898229
vt 0.148771 0.894521
vt 0.148771 0.906919
vt 0.136998 0.909672
vt 0.253566 0.905375
vt 0.263962 0.901560
vt 0.263962 0.913686
vt 0.252354 0.916566
vt 0.330549 0.891532
vt 0.330549 0.904163
vt 0.320173 0.900345
vt 0.318771 0.888872
vt 0.484083 0.895185
vt 0.472679 0.899156
vt 0.472784 0.886974
vt 0.484083 0.882787
vt 0.738316 0.436446
vt 0.749430 0.431910
vt 0.749430 0.444633
vt 0.738219 0.448999
vt 0.558600 0.912961
vt 0.557341 0.901829
vt 0.569088 0.904455
vt 0.569088 0.916531
vt 0.688646 0.898896
vt 0.699053 0.895205
vt 0.699053 0.907815
vt 0.687240 0.910190
vt 0.185569 0.906419
vt 0.173777 0.908900
vt 0.175187 0.897532
vt 0.185569 0.893769
vt 0.989255 0.737979
vt 0.989255 0.744951
vt 0.983989 0.740691
vt 0.984680 0.735280
vt 0.104913 0.902982
vt 0.104913 0.915440
vt 0.094463 0.911903
vt 0.093000 0.900782
vt 0.904904 0.986833
vt 0.904904 0.993765
vt 0.899623 0.989691
vt 0.900247 0.984605
vt 0.142388 0.983400
vt 0.142388 0.990342
vt 0.136998 0.986187
vt 0.137663 0.981096
vt 0.929669 0.013443
vt 0.928554 0.003891
vt 0.938560 0.006456
vt 0.938560 0.016873
vt 0.179386 0.780736
vt 0.188061 0.778208
vt 0.188061 0.789862
vt 0.177014 0.789934
vt 0.518563 0.908546
vt 0.506799 0.911273
vt 0.508143 0.899897
vt 0.518563 0.896252
vt 0.214919 0.890089
vt 0.214675 0.877920
vt 0.226117 0.882017
vt 0.226117 0.894378
vt 0.928768 0.313430
vt 0.919100 0.317311
vt 0.919150 0.306766
vt 0.928768 0.302564
vt 0.606142 0.903759
vt 0.606142 0.916119
vt 0.595635 0.912653
vt 0.594153 0.901603
vt 0.206894 0.881956
vt 0.206894 0.894526
vt 0.195619 0.890204
vt 0.195580 0.877845
vt 0.356079 0.597735
vt 0.366475 0.594000
vt 0.366475 0.606554
vt 0.354531 0.608896
vt 0.114750 0.896087
vt 0.113380 0.884588
vt 0.125154 0.887318
vt 0.125154 0.899888
vt 0.887796 0.931837
vt 0.886501 0.922186
vt 0.896680 0.924460
vt 0.896680 0.935402
vt 0.530782 0.811814
vt 0.530782 0.816813
vt 0.526794 0.814684
vt 0.526050 0.810204
vt 0.663133 0.908487
vt 0.651473 0.911451
vt 0.652736 0.900165
vt 0.663133 0.896333
vt 0.746647 0.339696
vt 0.744302 0.330461
vt 0.755237 0.330722
vt 0.755237 0.342327
vt 0.757997 0.897915
vt 0.757997 0.910276
vt 0.747726 0.906474
vt 0.746397 0.895038
vt 0.217115 0.931172
vt 0.226256 0.928876
vt 0.226256 0.939908
vt 0.214675 0.939894
vt 0.295894 0.906126
vt 0.294417 0.894782
vt 0.306156 0.897232
vt 0.306156 0.909915
vt 0.475001 0.930807
vt 0.483716 0.928293
vt 0.483716 0.939817
vt 0.472676 0.939983
vt 0.825642 0.572134
vt 0.823463 0.565720
vt 0.832540 0.562921
vt 0.832540 0.572146
vt 0.173777 0.988947
vt 0.178922 0.984790
vt 0.178922 0.991428
vt 0.174536 0.994015
vt 0.838866 0.989513
vt 0.843401 0.986003
vt 0.843401 0.991877
vt 0.839451 0.994196
vt 0.557341 0.986758
vt 0.562693 0.982636
vt 0.562693 0.989559
vt 0.557988 0.991809
vt 0.725888 0.912937
vt 0.724598 0.901721
vt 0.736346 0.904377
vt 0.736346 0.916507
vt 0.566835 0.964754
vt 0.566835 0.974854
vt 0.559430 0.972590
vt 0.557341 0.964725
vt 0.924063 0.372286
vt 0.932943 0.368510
vt 0.932943 0.379376
vt 0.922800 0.382343
vt 0.085219 0.890262
vt 0.074026 0.894478
vt 0.074118 0.882051
vt 0.085219 0.877620
vt 0.137015 0.928396
vt 0.136998 0.917454
vt 0.146615 0.921705
vt 0.146615 0.932830
vt 0.944356 0.988897
vt 0.949531 0.984818
vt 0.949531 0.991436
vt 0.945084 0.993978
vt 0.783629 0.985184
vt 0.788848 0.980949
vt 0.788848 0.987867
vt 0.784324 0.990561
vt 0.381198 0.987191
vt 0.381198 0.993198
vt 0.376587 0.989719
vt 0.377175 0.985000
vt 0.926812 0.241076
vt 0.935643 0.237629
vt 0.935643 0.248197
vt 0.925534 0.250911
vt 0.810949 0.420153
vt 0.805607 0.422149
vt 0.806389 0.416951
vt 0.810949 0.414435
vt 0.605264 0.881138
vt 0.605264 0.893821
vt 0.594175 0.889362
vt 0.594153 0.876622
vt 0.735987 0.881451
vt 0.735987 0.893939
vt 0.724778 0.889511
vt 0.724598 0.877288
vt 0.093000 0.989479
vt 0.097708 0.986013
vt 0.097708 0.992066
vt 0.093582 0.993964
vt 0.696807 0.921865
vt 0.696807 0.932796
vt 0.687246 0.928609
vt 0.687240 0.917971
vt 0.932284 0.444297
vt 0.922670 0.448685
vt 0.922720 0.437554
vt 0.932284 0.433301
vt 0.989539 0.120139
vt 0.989539 0.125823
vt 0.985020 0.123327
vt 0.984270 0.118165
vt 0.661617 0.930364
vt 0.651473 0.933058
vt 0.652763 0.923076
vt 0.661617 0.919232
vt 0.599405 0.983889
vt 0.599405 0.990573
vt 0.594153 0.986488
vt 0.594802 0.981216
vt 0.506998 0.922921
vt 0.516584 0.919055
vt 0.516584 0.929622
vt 0.506799 0.933349
vt 0.529782 0.761420
vt 0.518118 0.764254
vt 0.519536 0.752687
vt 0.529782 0.748778
vt 0.968520 0.604749
vt 0.973144 0.601204
vt 0.973144 0.607252
vt 0.969122 0.609480
vt 0.886501 0.988637
vt 0.891841 0.984605
vt 0.891841 0.991486
vt 0.887138 0.993720
vt 0.804074 0.937764
vt 0.801620 0.928871
vt 0.812883 0.928515
vt 0.812883 0.939955
vt 0.908919 0.511017
vt 0.907164 0.505238
vt 0.914738 0.503033
vt 0.914738 0.511331
vt 0.273875 0.980233
vt 0.271744 0.973652
vt 0.280529 0.971450
vt 0.280529 0.980749
vt 0.659252 0.942485
vt 0.659252 0.954975
vt 0.651473 0.953330
vt 0.651473 0.940840
vt 0.318771 0.951153
vt 0.318771 0.938663
vt 0.326549 0.940308
vt 0.326549 0.952798
vt 0.144776 0.953101
vt 0.136998 0.954747
vt 0.136998 0.942257
vt 0.144776 0.940611
vt 0.095027 0.969067
vt 0.101700 0.968766
vt 0.101700 0.978231
vt 0.093000 0.975658
vt 0.165794 0.981318
vt 0.156736 0.978908
vt 0.158890 0.972319
vt 0.165794 0.972317
vt 0.797825 0.422178
vt 0.789784 0.420379
vt 0.791708 0.414676
vt 0.797825 0.414435
vt 0.343959 0.971267
vt 0.343959 0.980303
vt 0.337005 0.979806
vt 0.334884 0.973500
vt 0.937470 0.854958
vt 0.928545 0.852041
vt 0.930786 0.845847
vt 0.937470 0.845698
vt 0.005732 0.980615
vt 0.011743 0.979942
vt 0.011743 0.987857
vt 0.003891 0.986203
vt 0.011675 0.940185
vt 0.011675 0.952678
vt 0.003891 0.951041
vt 0.003891 0.938548
vt 0.716184 0.978231
vt 0.707514 0.975764
vt 0.709267 0.969060
vt 0.716184 0.968769
vt 0.768324 0.981917
vt 0.766138 0.975615
vt 0.774926 0.973299
vt 0.774926 0.982332
vt 0.917782 0.178141
vt 0.924737 0.178061
vt 0.924737 0.187139
vt 0.915598 0.184447
vt 0.977770 0.795106
vt 0.968896 0.792245
vt 0.971134 0.785879
vt 0.977770 0.785662
vt 0.027040 0.958749
vt 0.027040 0.947962
vt 0.036135 0.949289
vt 0.036135 0.960075
vt 0.951208 0.249274
vt 0.943424 0.250911
vt 0.943424 0.238417
vt 0.951208 0.236780
vt 0.585713 0.968722
vt 0.585713 0.978147
vt 0.578994 0.978001
vt 0.576969 0.971487
vt 0.940725 0.370147
vt 0.948509 0.368510
vt 0.948509 0.381004
vt 0.940725 0.382641
vt 0.732154 0.988482
vt 0.724598 0.986730
vt 0.726400 0.981196
vt 0.732154 0.980534
vt 0.539015 0.982028
vt 0.536914 0.975769
vt 0.545677 0.973603
vt 0.545677 0.982551
vt 0.936250 0.024655
vt 0.936250 0.032793
vt 0.930495 0.032613
vt 0.928554 0.027139
vt 0.641294 0.973424
vt 0.641294 0.982465
vt 0.634636 0.981798
vt 0.632537 0.975521
vt 0.528685 0.987751
vt 0.521168 0.985610
vt 0.522921 0.979805
vt 0.528685 0.979443
vt 0.376587 0.946934
vt 0.385679 0.945601
vt 0.385679 0.956387
vt 0.376587 0.957720
vt 0.122261 0.982187
vt 0.113380 0.980012
vt 0.115482 0.973767
vt 0.122261 0.973158
vt 0.432272 0.973467
vt 0.439122 0.972857
vt 0.439122 0.981841
vt 0.430163 0.979758
vt 0.870823 0.988275
vt 0.868998 0.982792
vt 0.876541 0.980873
vt 0.876541 0.988702
vt 0.917040 0.625457
vt 0.917040 0.633261
vt 0.910909 0.633076
vt 0.908982 0.627337
vt 0.271744 0.962331
vt 0.271744 0.951556
vt 0.280835 0.952894
vt 0.280835 0.963669
vt 0.916726 0.972971
vt 0.923381 0.972481
vt 0.923381 0.981642
vt 0.914581 0.979441
vt 0.254157 0.987721
vt 0.252354 0.982206
vt 0.259970 0.980405
vt 0.259970 0.988345
vt 0.966381 0.980944
vt 0.964215 0.974414
vt 0.973350 0.972041
vt 0.973350 0.980977
vt 0.618123 0.973833
vt 0.624755 0.973424
vt 0.624755 0.982456
vt 0.616042 0.980130
vt 0.847584 0.968701
vt 0.847584 0.978222
vt 0.840650 0.977892
vt 0.838866 0.971126
vt 0.677548 0.982175
vt 0.668723 0.979928
vt 0.670927 0.973541
vt 0.677548 0.973071
vt 0.894271 0.944834
vt 0.894271 0.957324
vt 0.886501 0.955674
vt 0.886501 0.943184
vt 0.319197 0.987216
vt 0.317359 0.981637
vt 0.325160 0.980062
vt 0.325160 0.987947
vt 0.236721 0.777279
vt 0.245815 0.775953
vt 0.245815 0.786747
vt 0.236721 0.788072
vt 0.632537 0.954868
vt 0.641630 0.953534
vt 0.641630 0.964309
vt 0.632537 0.965643
vt 0.557341 0.955618
vt 0.557341 0.944824
vt 0.566435 0.946150
vt 0.566435 0.956943
vt 0.938422 0.571482
vt 0.928789 0.572101
vt 0.930898 0.564100
vt 0.938422 0.561564
vt 0.511487 0.987972
vt 0.511487 0.993991
vt 0.506799 0.990587
vt 0.507367 0.986111
vt 0.830508 0.964234
vt 0.830508 0.974084
vt 0.822990 0.971506
vt 0.820898 0.963536
vt 0.901234 0.309885
vt 0.908855 0.307371
vt 0.908855 0.316991
vt 0.899247 0.317410
vt 0.847878 0.428584
vt 0.855320 0.425978
vt 0.855320 0.436114
vt 0.845822 0.436634
vt 0.303486 0.380494
vt 0.301413 0.372460
vt 0.310976 0.372897
vt 0.310976 0.383053
vt 0.915143 0.251097
vt 0.905668 0.251377
vt 0.907729 0.243828
vt 0.915143 0.241546
vt 0.946390 0.175545
vt 0.946390 0.186626
vt 0.937758 0.184061
vt 0.935443 0.175216
vt 0.266183 0.110109
vt 0.266183 0.121622
vt 0.257535 0.119025
vt 0.255202 0.109795
vt 0.461053 0.939448
vt 0.450013 0.939686
vt 0.452299 0.930504
vt 0.461053 0.927993
vt 0.085079 0.929230
vt 0.085079 0.940520
vt 0.076329 0.938062
vt 0.074026 0.928976
vt 0.539258 0.937471
vt 0.547963 0.935116
vt 0.547963 0.946195
vt 0.536914 0.946327
vt 0.912520 0.382549
vt 0.902940 0.382522
vt 0.905041 0.374713
vt 0.912520 0.372484
vt 0.842271 0.684935
vt 0.840097 0.677427
vt 0.849907 0.677175
vt 0.849907 0.686912
vt 0.938231 0.499536
vt 0.938231 0.511075
vt 0.929473 0.508798
vt 0.927032 0.499800
vt 0.908195 0.694717
vt 0.906220 0.687142
vt 0.915739 0.687602
vt 0.915739 0.697252
vt 0.832859 0.870778
vt 0.832859 0.889684
vt 0.820898 0.886073
vt 0.820898 0.874389
vt 0.699199 0.872127
vt 0.699199 0.883821
vt 0.687240 0.887424
vt 0.687240 0.868503
vt 0.877810 0.003891
vt 0.889771 0.007502
vt 0.889771 0.019186
vt 0.877810 0.022797
vt 0.203530 0.929024
vt 0.203530 0.940174
vt 0.194511 0.938074
vt 0.192082 0.929393
vt 0.841251 0.931750
vt 0.850075 0.929644
vt 0.850075 0.941025
vt 0.838866 0.940606
vt 0.480626 0.967673
vt 0.480626 0.979367
vt 0.472676 0.979353
vt 0.472676 0.967659
vt 0.820898 0.954110
vt 0.820898 0.941616
vt 0.828670 0.943261
vt 0.828670 0.955755
vt 0.326131 0.911960
vt 0.326131 0.930881
vt 0.318771 0.930865
vt 0.318771 0.911944
vt 0.306374 0.887000
vt 0.294417 0.883389
vt 0.294417 0.871680
vt 0.306374 0.868055
vt 0.450013 0.967382
vt 0.457964 0.967368
vt 0.457964 0.979062
vt 0.450013 0.979076
vt 0.302189 0.953416
vt 0.294417 0.955061
vt 0.294417 0.942567
vt 0.302189 0.940922
vt 0.801620 0.967651
vt 0.809570 0.967637
vt 0.809570 0.979331
vt 0.801620 0.979345
vt 0.850767 0.560806
vt 0.850767 0.571600
vt 0.841673 0.570274
vt 0.841673 0.559481
vt 0.540612 0.927324
vt 0.540612 0.908379
vt 0.547963 0.908389
vt 0.547963 0.927334
vt 0.956126 0.431675
vt 0.965219 0.430340
vt 0.965219 0.441115
vt 0.956126 0.442449
vt 0.828576 0.619108
vt 0.840260 0.619108
vt 0.840260 0.627062
vt 0.828576 0.627062
vt 0.975997 0.259196
vt 0.975997 0.272638
vt 0.968636 0.272638
vt 0.968636 0.259196
vt 0.294417 0.976283
vt 0.294417 0.962842
vt 0.301768 0.962842
vt 0.301768 0.976283
vt 0.948410 0.843750
vt 0.957505 0.842425
vt 0.957505 0.853218
vt 0.948410 0.854544
vt 0.868998 0.973085
vt 0.868998 0.961392
vt 0.878188 0.961398
vt 0.878188 0.973091
vt 0.965384 0.369844
vt 0.965384 0.380618
vt 0.956290 0.379284
vt 0.956291 0.368510
vt 0.317359 0.960586
vt 0.326549 0.960580
vt 0.326549 0.972274
vt 0.317359 0.972280
vt 0.173777 0.955859
vt 0.173777 0.943369
vt 0.181547 0.945020
vt 0.181547 0.957510
vt 0.894445 0.976815
vt 0.886501 0.976823
vt 0.886501 0.965114
vt 0.894445 0.965106
vt 0.514570 0.942776
vt 0.514570 0.955270
vt 0.506799 0.953625
vt 0.506799 0.941131
vt 0.181721 0.965300
vt 0.181721 0.977009
vt 0.173777 0.977000
vt 0.173777 0.965291
vt 0.185733 0.867042
vt 0.185733 0.885988
vt 0.173777 0.882363
vt 0.173777 0.870654
vt 0.944356 0.965327
vt 0.952300 0.965319
vt 0.952300 0.977028
vt 0.944356 0.977036
vt 0.948638 0.559429
vt 0.956408 0.557778
vt 0.956408 0.570268
vt 0.948638 0.571919
vt 0.707514 0.907656
vt 0.714865 0.907646
vt 0.714865 0.926591
vt 0.707514 0.926601
vt 0.003891 0.960466
vt 0.013081 0.960460
vt 0.013081 0.972154
vt 0.003891 0.972160
vt 0.223767 0.949023
vt 0.223767 0.959809
vt 0.214675 0.958476
vt 0.214675 0.947690
vt 0.968846 0.726355
vt 0.976197 0.726355
vt 0.976197 0.739796
vt 0.968846 0.739796
vt 0.677912 0.965286
vt 0.668723 0.965290
vt 0.668723 0.953581
vt 0.677912 0.953577
vt 0.214675 0.902174
vt 0.222626 0.902160
vt 0.222626 0.921081
vt 0.214675 0.921095
vt 0.757507 0.564455
vt 0.770948 0.564455
vt 0.770948 0.571815
vt 0.757507 0.571815
vt 0.921932 0.925603
vt 0.914581 0.925613
vt 0.914581 0.906668
vt 0.921932 0.906658
vt 0.536839 0.607077
vt 0.548524 0.607077
vt 0.548524 0.616269
vt 0.536839 0.616269
vt 0.651473 0.873255
vt 0.663432 0.869631
vt 0.663432 0.888552
vt 0.651473 0.884949
vt 0.746397 0.952155
vt 0.746397 0.939659
vt 0.754177 0.941296
vt 0.754177 0.953792
vt 0.820375 0.763457
vt 0.808691 0.763457
vt 0.808691 0.755503
vt 0.820375 0.755503
vt 0.695020 0.942214
vt 0.695020 0.954710
vt 0.687240 0.953074
vt 0.687240 0.940578
vt 0.791747 0.035280
vt 0.791747 0.042631
vt 0.778306 0.042631
vt 0.778306 0.035280
vt 0.746397 0.868336
vt 0.758356 0.871938
vt 0.758356 0.883632
vt 0.746397 0.887257
vt 0.876778 0.951973
vt 0.868998 0.953610
vt 0.868998 0.941114
vt 0.876778 0.939477
vt 0.754410 0.281644
vt 0.742726 0.281644
vt 0.742726 0.272453
vt 0.754410 0.272453
vt 0.951717 0.684413
vt 0.951717 0.696906
vt 0.943933 0.695270
vt 0.943933 0.682776
vt 0.506799 0.861768
vt 0.506799 0.848327
vt 0.525720 0.848327
vt 0.525720 0.861768
vt 0.810712 0.958523
vt 0.801620 0.959856
vt 0.801620 0.949070
vt 0.810712 0.947737
vt 0.734270 0.713371
vt 0.753176 0.713371
vt 0.753176 0.721325
vt 0.734270 0.721325
vt 0.481771 0.949091
vt 0.481771 0.959877
vt 0.472676 0.958551
vt 0.472676 0.947765
vt 0.181143 0.916682
vt 0.181143 0.935587
vt 0.173777 0.935587
vt 0.173777 0.916682
vt 0.968520 0.593422
vt 0.968520 0.579981
vt 0.975886 0.579981
vt 0.975886 0.593422
vt 0.778272 0.160095
vt 0.764831 0.160095
vt 0.764831 0.152734
vt 0.778272 0.152734
vt 0.968846 0.705132
vt 0.976207 0.705132
vt 0.976207 0.718573
vt 0.968846 0.718573
vt 0.746397 0.847113
vt 0.765318 0.847113
vt 0.765318 0.860554
vt 0.746397 0.860554
vt 0.923672 0.963361
vt 0.914581 0.964699
vt 0.914581 0.953925
vt 0.923672 0.952587
vt 0.847957 0.959581
vt 0.838866 0.960919
vt 0.838866 0.950145
vt 0.847957 0.948807
vt 0.546103 0.954112
vt 0.546103 0.965821
vt 0.536914 0.965818
vt 0.536914 0.954109
vt 0.952127 0.955887
vt 0.944356 0.957537
vt 0.944356 0.945047
vt 0.952127 0.943397
vt 0.896680 0.914396
vt 0.888736 0.914404
vt 0.888736 0.895459
vt 0.896680 0.895450
vt 0.113380 0.926615
vt 0.113380 0.907669
vt 0.120731 0.907679
vt 0.120731 0.926625
vt 0.868998 0.866409
vt 0.880954 0.862784
vt 0.880954 0.881729
vt 0.868998 0.878118
vt 0.912829 0.003899
vt 0.920773 0.003891
vt 0.920773 0.022836
vt 0.912829 0.022844
vt 0.156736 0.918611
vt 0.156736 0.899666
vt 0.164680 0.899674
vt 0.164680 0.918620
vt 0.459105 0.948801
vt 0.459105 0.959587
vt 0.450013 0.958254
vt 0.450013 0.947468
vt 0.376587 0.977210
vt 0.376587 0.965502
vt 0.384531 0.965510
vt 0.384531 0.977219
vt 0.165827 0.953761
vt 0.165827 0.964536
vt 0.156736 0.963198
vt 0.156736 0.952423
vt 0.136998 0.860012
vt 0.136998 0.846571
vt 0.155943 0.846571
vt 0.155943 0.860012
vt 0.778587 0.669532
vt 0.765146 0.669532
vt 0.765146 0.662181
vt 0.778587 0.662181
vt 0.195580 0.902322
vt 0.203530 0.902308
vt 0.203530 0.921229
vt 0.195580 0.921243
vt 0.766138 0.953808
vt 0.775327 0.953805
vt 0.775327 0.965513
vt 0.766138 0.965517
vt 0.679165 0.902305
vt 0.679165 0.921226
vt 0.671214 0.921212
vt 0.671214 0.902291
vt 0.439256 0.954301
vt 0.439256 0.965075
vt 0.430163 0.963741
vt 0.430163 0.952967
vt 0.201176 0.958742
vt 0.192082 0.960068
vt 0.192082 0.949282
vt 0.201176 0.947955
vt 0.766138 0.919958
vt 0.766138 0.901013
vt 0.774082 0.901022
vt 0.774082 0.919967
vt 0.148955 0.871419
vt 0.148955 0.883128
vt 0.136998 0.886739
vt 0.136998 0.867794
vt 0.948659 0.619930
vt 0.956431 0.618285
vt 0.956431 0.630779
vt 0.948659 0.632424
vt 0.868998 0.912774
vt 0.876358 0.912758
vt 0.876358 0.931679
vt 0.868998 0.931695
vt 0.081976 0.902273
vt 0.081976 0.921194
vt 0.074026 0.921180
vt 0.074026 0.902259
vt 0.518758 0.869550
vt 0.518758 0.888471
vt 0.506799 0.884846
vt 0.506799 0.873152
vt 0.784903 0.941187
vt 0.792681 0.939542
vt 0.792681 0.952032
vt 0.784903 0.953677
vt 0.011251 0.911845
vt 0.011251 0.930766
vt 0.003891 0.930750
vt 0.003891 0.911829
vt 0.946856 0.497753
vt 0.954637 0.496116
vt 0.954637 0.508612
vt 0.946856 0.510249
vt 0.222626 0.967604
vt 0.222626 0.979298
vt 0.214675 0.979284
vt 0.214675 0.967591
vt 0.403477 0.954994
vt 0.403477 0.966688
vt 0.394287 0.966682
vt 0.394286 0.954988
vt 0.074026 0.949628
vt 0.083121 0.948302
vt 0.083121 0.959088
vt 0.074026 0.960414
vt 0.122570 0.953668
vt 0.122570 0.965377
vt 0.113380 0.965373
vt 0.113380 0.953664
vt 0.820898 0.844051
vt 0.834339 0.844051
vt 0.834339 0.862997
vt 0.820898 0.862997
vt 0.972653 0.854544
vt 0.965286 0.854544
vt 0.965286 0.841102
vt 0.972653 0.841102
vt 0.394286 0.909349
vt 0.401647 0.909333
vt 0.401647 0.928254
vt 0.394287 0.928270
vt 0.842121 0.921862
vt 0.842121 0.902956
vt 0.850075 0.902956
vt 0.850075 0.921862
vt 0.651473 0.848408
vt 0.670379 0.848408
vt 0.670379 0.861849
vt 0.651473 0.861849
vt 0.784903 0.931760
vt 0.784903 0.912854
vt 0.792270 0.912854
vt 0.792270 0.931760
vn -0.4463 0.7973 -0.4064
vn -0.4461 0.7976 -0.4060
vn 0.3751 0.7787 0.5030
vn 0.3756 0.7783 0.5031
vn 0.3761 0.7780 0.5033
vn 0.3042 0.7980 0.5203
vn 0.3039 0.7983 0.5200
vn 0.3042 0.7978 0.5206
vn -0.1942 0.9360 0.2936
vn -0.1943 0.9360 0.2936
vn -0.1941 0.9361 0.2933
vn 0.0957 0.9002 -0.4249
vn 0.0958 0.9001 -0.4250
vn 0.0958 0.8998 -0.4256
vn -0.6230 0.7511 0.2185
vn -0.6231 0.7510 0.2186
vn -0.6226 0.7514 0.2185
vn -0.6234 0.7506 0.2188
vn -0.5418 0.8138 0.2103
vn -0.5419 0.8137 0.2105
vn -0.5420 0.8136 0.2105
vn -0.5418 0.8138 0.2104
vn -0.0386 0.9771 -0.2091
vn -0.0384 0.9770 -0.2096
vn -0.0386 0.9771 -0.2092
vn -0.2681 0.8191 0.5072
vn -0.2683 0.8188 0.5075
vn -0.2681 0.8190 0.5073
vn -0.4940 0.8466 -0.1981
vn -0.2574 0.5621 0.7860
vn -0.2569 0.5616 0.7865
vn -0.4969 0.8566 -0.1391
vn -0.4970 0.8564 -0.1397
vn -0.4968 0.8567 -0.1386
vn -0.3283 0.8753 -0.3550
vn -0.3281 0.8755 -0.3548
vn -0.3284 0.8752 -0.3553
vn -0.4438 0.8960 0.0150
vn -0.4438 0.8960 0.0151
vn -0.4439 0.8959 0.0152
vn 0.0209 0.9574 -0.2880
vn 0.0207 0.9575 -0.2877
vn -0.0127 0.9606 -0.2778
vn -0.0126 0.9605 -0.2780
vn -0.0125 0.9605 -0.2781
vn -0.0124 0.9605 -0.2781
vn -0.2898 -0.2643 0.9199
vn -0.2897 -0.2653 0.9196
vn -0.2896 -0.2651 0.9197
vn -0.9231 -0.3367 0.1859
vn 0.3058 0.1593 -0.9387
vn 0.3048 0.1598 -0.9389
vn 0.3053 0.1595 -0.9388
vn 0.6970 -0.2456 0.6737
vn 0.6977 -0.2221 0.6811
vn -0.3030 -0.1398 0.9427
vn 0.3071 0.0771 -0.9485
vn 0.3067 0.0773 -0.9487
vn 0.3076 0.0769 -0.9484
vn -0.3246 -0.0690 0.9433
vn -0.3246 -0.0691 0.9433
vn -0.3250 -0.0691 0.9432
vn -0.3247 -0.0689 0.9433
vn -0.3160 -0.1201 0.9411
vn -0.3156 -0.1204 0.9412
vn 0.9730 -0.0983 -0.2086
vn 0.9732 -0.0986 -0.2078
vn 0.3381 -0.1929 -0.9211
vn 0.3374 -0.1924 -0.9215
vn -0.6144 -0.1801 -0.7681
vn 0.3030 0.1525 -0.9407
vn 0.3026 0.1527 -0.9408
vn -0.6595 -0.1438 -0.7379
vn -0.6592 -0.1436 -0.7382
vn 0.2735 0.4582 -0.8457
vn -0.2936 -0.2287 0.9282
vn -0.6091 -0.3005 -0.7340
vn 0.6272 -0.0757 0.7752
vn 0.6271 -0.0759 0.7752
vn 0.6272 -0.0761 0.7752
vn 0.6270 -0.0761 0.7753
vn 0.6876 -0.2098 0.6951
vn 0.9769 -0.0176 -0.2130
vn 0.9768 -0.0178 -0.2135
vn -0.8904 -0.4393 0.1190
vn -0.8904 -0.4397 0.1176
vn -0.8904 -0.4395 0.1182
vn 0.9774 -0.0391 -0.2076
vn 0.9776 -0.0388 -0.2071
vn 0.6934 -0.2092 0.6895
vn 0.6740 -0.1325 0.7267
vn 0.6737 -0.1323 0.7271
vn -0.9660 -0.1563 0.2057
vn -0.9662 -0.1561 0.2052
vn -0.9665 -0.1556 0.2041
vn 0.3364 -0.3163 -0.8870
vn 0.3367 -0.3161 -0.8870
vn 0.3362 -0.3160 -0.8872
vn -0.2428 -0.4613 0.8534
vn 0.6252 -0.1127 0.7723
vn 0.6249 -0.1123 0.7725
vn 0.9590 -0.2543 -0.1254
vn 0.9591 -0.2540 -0.1252
vn 0.9594 -0.2531 -0.1244
vn -0.6144 -0.3613 -0.7014
vn -0.6138 -0.3618 -0.7017
vn -0.6444 -0.0949 -0.7588
vn 0.3219 0.0460 -0.9457
vn -0.6106 -0.2339 -0.7566
vn -0.6100 -0.2342 -0.7570
vn 0.6436 -0.1240 0.7552
vn 0.6432 -0.1243 0.7555
vn 0.6432 -0.1239 0.7556
vn 0.6433 -0.1239 0.7556
vn -0.2602 -0.3963 0.8805
vn -0.2600 -0.3973 0.8801
vn -0.2601 -0.3971 0.8801
vn -0.9339 -0.2889 0.2105
vn 0.3075 0.0923 -0.9471
vn 0.3071 0.0925 -0.9472
vn 0.3080 0.0921 -0.9469
vn -0.6442 -0.0687 -0.7618
vn -0.6447 -0.0686 -0.7613
vn -0.6450 -0.0685 -0.7611
vn 0.3097 -0.0005 -0.9508
vn 0.3093 -0.0003 -0.9510
vn 0.3103 -0.0007 -0.9507
vn -0.6238 -0.3434 -0.7021
vn -0.6237 -0.3435 -0.7022
vn -0.6237 -0.3434 -0.7022
vn -0.6236 -0.3435 -0.7022
vn 0.3143 0.1031 -0.9437
vn -0.8916 -0.4331 0.1319
vn -0.2551 -0.4293 0.8664
vn -0.2547 -0.4295 0.8664
vn -0.2541 -0.4297 0.8665
vn 0.5872 0.5442 0.5991
vn -0.3070 -0.1714 0.9361
vn -0.3068 -0.1714 0.9362
vn -0.3070 -0.1715 0.9361
vn -0.3071 -0.1713 0.9361
vn 0.9746 -0.1204 -0.1889
vn 0.9745 -0.1200 -0.1896
vn -0.6192 -0.1430 -0.7721
vn -0.6186 -0.1432 -0.7725
vn 0.9743 0.0520 -0.2192
vn 0.9744 0.0521 -0.2189
vn 0.9745 0.0524 -0.2182
vn -0.6408 -0.0688 -0.7646
vn -0.9458 -0.2731 0.1755
vn -0.9458 -0.2730 0.1760
vn -0.9367 -0.2626 0.2317
vn 0.9763 0.0180 -0.2158
vn 0.9764 0.0182 -0.2153
vn 0.6608 -0.1560 0.7342
vn 0.6604 -0.1556 0.7346
vn 0.6603 -0.1561 0.7346
vn -0.2349 -0.4908 0.8390
vn -0.6239 -0.4040 -0.6690
vn -0.6239 -0.4039 -0.6691
vn -0.6239 -0.4043 -0.6688
vn -0.6239 -0.4038 -0.6691
vn -0.9586 -0.1906 0.2116
vn -0.9586 -0.1906 0.2115
vn 0.9708 -0.1299 -0.2016
vn 0.9709 -0.1301 -0.2013
vn -0.6305 -0.0981 -0.7700
vn -0.6311 -0.0979 -0.7695
vn 0.9661 -0.2117 -0.1475
vn 0.9662 -0.2117 -0.1474
vn 0.9661 -0.2117 -0.1474
vn 0.3229 -0.3573 -0.8764
vn 0.3230 -0.3572 -0.8764
vn 0.9716 0.1061 -0.2115
vn -0.9284 -0.3383 0.1540
vn 0.3305 -0.4026 -0.8537
vn 0.3300 -0.4022 -0.8540
vn 0.6891 -0.2365 0.6850
vn 0.6889 -0.2364 0.6853
vn 0.6885 -0.2362 0.6857
vn 0.9724 0.0918 -0.2147
vn 0.9724 0.0919 -0.2144
vn 0.3005 0.1828 -0.9361
vn 0.3008 0.1827 -0.9360
vn -0.9097 -0.3953 0.1268
vn -0.9097 -0.3952 0.1271
vn 0.3312 -0.0504 -0.9422
vn -0.9003 -0.4064 0.1558
vn -0.9002 -0.4069 0.1549
vn 0.6762 -0.2128 0.7053
vn 0.6757 -0.2124 0.7059
vn 0.6995 -0.2338 0.6753
vn 0.7000 -0.2340 0.6747
vn 0.9750 0.0349 -0.2192
vn -0.2360 -0.4901 0.8391
vn -0.2366 -0.4899 0.8391
vn -0.2356 -0.4903 0.8391
vn -0.2357 -0.4903 0.8391
vn -0.2641 -0.3957 0.8796
vn -0.2638 -0.3958 0.8796
vn -0.2635 -0.3959 0.8797
vn -0.8988 -0.4222 0.1180
vn -0.2425 -0.4718 0.8477
vn 0.9732 0.0824 -0.2148
vn 0.9731 0.0822 -0.2153
vn 0.2495 0.9612 0.1177
vn 0.2490 0.9613 0.1178
vn 0.2487 0.9614 0.1179
vn 0.2492 0.9613 0.1177
vn 0.0616 0.8975 -0.4368
vn 0.0616 0.8974 -0.4369
vn 0.0616 0.8975 -0.4367
vn 0.1760 0.9573 0.2294
vn 0.1758 0.9574 0.2290
vn 0.1755 0.9575 0.2288
vn 0.2085 0.9721 0.1075
vn 0.2086 0.9721 0.1076
vn 0.2087 0.9720 0.1076
vn 0.2604 0.9607 0.0958
vn 0.2604 0.9607 0.0960
vn 0.2603 0.9608 0.0960
vn 0.2605 0.9607 0.0959
vn -0.3807 0.8878 -0.2587
vn -0.3808 0.8877 -0.2588
vn -0.3807 0.8877 -0.2588
vn -0.2722 0.8527 -0.4459
vn -0.2723 0.8527 -0.4459
vn -0.2724 0.8526 -0.4459
vn -0.2724 0.8526 -0.4460
vn -0.5757 0.7711 0.2720
vn -0.5759 0.7708 0.2722
vn -0.5760 0.7708 0.2722
vn -0.3559 0.9195 -0.1667
vn -0.3562 0.9195 -0.1663
vn -0.3563 0.9194 -0.1667
vn -0.5966 0.7401 0.3104
vn -0.5969 0.7399 0.3103
vn 0.1064 0.8446 -0.5248
vn 0.1065 0.8445 -0.5249
vn 0.1068 0.8443 -0.5252
vn 0.1065 0.8445 -0.5248
vn -0.3791 0.9203 -0.0969
vn -0.3790 0.9203 -0.0968
vn -0.3793 0.9202 -0.0967
vn -0.3791 0.9203 -0.0968
vn -0.5035 0.8550 0.1240
vn -0.5036 0.8550 0.1240
vn -0.5037 0.8549 0.1240
vn -0.5035 0.8550 0.1239
vn -0.1194 0.9867 0.1107
vn -0.1190 0.9867 0.1103
vn -0.1196 0.9866 0.1110
vn -0.4307 0.8825 -0.1888
vn -0.4309 0.8824 -0.1890
vn -0.4310 0.8823 -0.1890
vn -0.4308 0.8825 -0.1889
vn -0.0433 0.9845 -0.1699
vn 0.2439 0.9689 0.0415
vn 0.2442 0.9688 0.0417
vn 0.3511 0.9074 -0.2308
vn 0.3510 0.9075 -0.2308
vn 0.3512 0.9074 -0.2308
vn -0.3775 0.9185 -0.1176
vn -0.4573 0.8800 -0.1287
vn 0.1460 0.9264 0.3472
vn 0.1459 0.9265 0.3470
vn 0.1461 0.9263 0.3473
vn 0.3578 0.8863 -0.2939
vn 0.3571 0.8869 -0.2930
vn 0.3568 0.8869 -0.2933
vn 0.3576 0.8866 -0.2932
vn -0.2972 0.7128 0.6353
vn -0.2972 0.7134 0.6346
vn -0.2973 0.7131 0.6349
vn 0.3158 0.9395 -0.1326
vn 0.3160 0.9395 -0.1326
vn 0.3162 0.9394 -0.1325
vn -0.2401 0.8746 0.4212
vn -0.2400 0.8749 0.4207
vn -0.2991 0.6799 0.6695
vn -0.2990 0.6794 0.6701
vn -0.2992 0.6802 0.6691
vn 0.2784 0.9600 -0.0301
vn 0.2781 0.9601 -0.0300
vn 0.2782 0.9601 -0.0300
vn 0.2785 0.9600 -0.0300
vn 0.1178 0.8517 0.5107
vn 0.1177 0.8516 0.5107
vn 0.1177 0.8517 0.5107
vn 0.1524 0.8741 0.4612
vn 0.1233 0.8894 0.4401
vn 0.1234 0.8894 0.4402
vn 0.1232 0.8896 0.4399
vn -0.4726 0.8764 -0.0927
vn -0.4727 0.8763 -0.0932
vn -0.4728 0.8762 -0.0931
vn -0.2884 0.7578 0.5853
vn -0.2882 0.7585 0.5845
vn 0.1227 0.8216 0.5568
vn 0.1220 0.8218 0.5565
vn 0.1211 0.8221 0.5563
vn -0.2249 0.8383 -0.4966
vn -0.2250 0.8382 -0.4969
vn 0.2445 0.9568 0.1572
vn 0.2443 0.9568 0.1574
vn 0.2436 0.9569 0.1579
vn 0.1249 0.8230 -0.5542
vn 0.1249 0.8233 -0.5536
vn 0.1242 0.8236 -0.5534
vn 0.1238 0.8239 -0.5531
vn -0.4851 0.8695 -0.0935
vn 0.1436 0.7976 0.5859
vn 0.1441 0.7974 0.5860
vn -0.6165 0.7161 0.3271
vn -0.6160 0.7165 0.3274
vn -0.0507 0.9846 -0.1672
vn -0.0503 0.9846 -0.1677
vn 0.0146 0.9411 -0.3378
vn 0.0147 0.9411 -0.3379
vn 0.0148 0.9410 -0.3381
vn 0.0147 0.9411 -0.3378
vn 0.2373 0.7685 0.5942
vn 0.1886 0.7770 0.6006
vn -0.2959 0.6538 0.6964
vn -0.2957 0.6533 0.6970
vn -0.2960 0.6541 0.6960
vn -0.6442 0.6940 0.3215
vn 0.2684 0.9487 0.1673
vn 0.2691 0.9486 0.1667
vn -0.6586 0.6911 0.2977
vn -0.6585 0.6911 0.2980
vn -0.6583 0.6913 0.2981
vn -0.6584 0.6912 0.2980
vn -0.0152 0.9752 -0.2210
vn 0.3221 0.9357 0.1439
vn 0.3093 -0.1152 -0.9439
vn 0.3090 -0.1151 -0.9441
vn 0.6801 -0.1639 0.7146
vn 0.6805 -0.1640 0.7142
vn 0.6677 -0.1106 0.7362
vn -0.9225 -0.3591 0.1417
vn -0.3076 -0.0683 0.9491
vn -0.6547 -0.0771 -0.7520
vn -0.6550 -0.0770 -0.7517
vn 0.9762 0.0335 -0.2142
vn 0.9761 0.0334 -0.2145
vn -0.9714 -0.1063 0.2122
vn -0.9715 -0.1062 0.2119
vn -0.9717 -0.1059 0.2113
vn 0.3060 -0.1679 -0.9371
vn 0.3056 -0.1677 -0.9373
vn 0.3065 -0.1682 -0.9369
vn -0.4525 0.8348 -0.3136
vn 0.4721 0.8815 -0.0090
vn 0.4720 0.8815 -0.0089
vn 0.4723 0.8814 -0.0089
vn 0.4722 0.8815 -0.0089
vn 0.3798 0.9196 0.1001
vn 0.3803 0.9195 0.0997
vn 0.3792 0.9198 0.1006
vn -0.2859 0.6516 0.7026
vn -0.2857 0.6510 0.7033
vn -0.2858 0.6513 0.7030
vn -0.2859 0.6509 0.7033
vn -0.2331 0.7260 0.6470
vn -0.2335 0.7250 0.6480
vn -0.2331 0.7251 0.6479
vn -0.2333 0.7252 0.6478
vn -0.6546 0.7357 0.1740
vn -0.6539 0.7363 0.1740
vn -0.6543 0.7359 0.1741
vn -0.2432 0.7325 0.6358
vn -0.2432 0.7324 0.6360
vn -0.2426 0.7330 0.6355
vn -0.2430 0.7326 0.6358
vn 0.5413 0.8372 -0.0781
vn 0.5414 0.8371 -0.0784
vn 0.5420 0.8367 -0.0785
vn 0.5415 0.8371 -0.0783
vn -0.5005 0.8295 0.2479
vn -0.5001 0.8296 0.2481
vn -0.4998 0.8298 0.2482
vn 0.2679 0.9620 0.0536
vn 0.2677 0.9620 0.0536
vn 0.2676 0.9620 0.0536
vn 0.2677 0.9620 0.0535
vn -0.2306 0.8074 0.5431
vn -0.2308 0.8069 0.5438
vn -0.2308 0.8068 0.5438
vn -0.2306 0.8069 0.5438
vn -0.1427 0.9765 0.1613
vn -0.1434 0.9764 0.1618
vn -0.1429 0.9764 0.1616
vn -0.0005 0.9822 -0.1879
vn -0.0007 0.9823 -0.1874
vn 0.6698 0.1174 0.7332
vn 0.6707 0.1171 0.7324
vn 0.9774 0.0102 -0.2109
vn 0.9774 0.0102 -0.2113
vn 0.9775 0.0104 -0.2105
vn -0.6668 0.0020 -0.7453
vn -0.6668 0.0019 -0.7453
vn -0.6665 0.0019 -0.7455
vn -0.6646 -0.1562 -0.7307
vn -0.6644 -0.1561 -0.7309
vn -0.6646 -0.1563 -0.7307
vn -0.9581 -0.2114 0.1930
vn -0.9581 -0.2113 0.1934
vn 0.6648 -0.0801 0.7427
vn 0.6644 -0.0804 0.7430
vn 0.6640 -0.0806 0.7433
vn -0.6581 -0.0977 -0.7465
vn -0.6584 -0.0976 -0.7463
vn -0.2801 -0.3163 0.9064
vn -0.2804 -0.3162 0.9063
vn 0.8432 0.4920 -0.2166
vn 0.8431 0.4924 -0.2161
vn -0.5631 0.4752 -0.6762
vn -0.5632 0.4753 -0.6759
vn -0.5628 0.4746 -0.6768
vn -0.8380 0.5272 0.1408
vn -0.8383 0.5268 0.1404
vn -0.2181 0.7406 0.6356
vn -0.2179 0.7409 0.6353
vn -0.2182 0.7404 0.6358
vn -0.6703 0.7307 0.1297
vn -0.6704 0.7305 0.1297
vn -0.6707 0.7304 0.1296
vn -0.6704 0.7306 0.1297
vn 0.4388 0.7567 0.4846
vn 0.1414 0.8454 -0.5151
vn 0.1407 0.8459 -0.5145
vn 0.1404 0.8459 -0.5145
vn 0.1406 0.8460 -0.5144
vn 0.1921 0.7532 -0.6291
vn 0.1924 0.7525 -0.6299
vn 0.1922 0.7531 -0.6292
vn 0.3091 -0.0473 -0.9499
vn 0.3094 -0.0474 -0.9498
vn -0.9738 0.1093 0.1997
vn -0.9739 0.1091 0.1990
vn -0.9735 0.1096 0.2007
vn 0.6297 0.7627 -0.1476
vn 0.6299 0.7625 -0.1477
vn 0.6299 0.7625 -0.1478
vn 0.6295 0.7629 -0.1474
vn 0.9674 -0.1972 -0.1587
vn 0.9676 -0.1967 -0.1585
vn 0.9677 -0.1962 -0.1582
vn 0.9675 -0.1970 -0.1584
vn -0.4510 0.7371 -0.5032
vn -0.3052 0.1669 0.9376
vn 0.3745 0.8722 -0.3148
vn -0.8795 0.4546 0.1407
vn -0.7590 0.3827 0.5267
vn -0.7590 0.3826 0.5268
vn 0.5869 0.7618 0.2743
vn 0.5869 0.7618 0.2742
vn -0.5986 0.7765 0.1969
vn 0.6639 0.3772 0.6457
vn 0.8310 0.4749 0.2898
vn 0.8309 0.4749 0.2899
vn -0.3601 0.8885 -0.2845
vn 0.1073 0.8140 0.5708
vn 0.4211 0.5406 -0.7283
vn 0.0436 0.5138 -0.8568
vn -0.5136 0.7663 0.3859
vn 0.5187 0.8386 0.1661
vn -0.5120 0.5110 -0.6904
vn -0.7928 0.4545 -0.4061
vn -0.7928 0.4544 -0.4061
vn 0.0979 0.7589 0.6438
vn 0.7161 0.5940 -0.3665
vn 0.7160 0.5941 -0.3666
vn 0.7161 0.5941 -0.3665
vn -0.3453 0.3484 0.8714
vn 0.0630 0.3508 0.9343
vn -0.2777 0.9100 -0.3078
vn -0.4885 0.8251 -0.2837
vn 0.1472 0.4147 0.8980
vn 0.5148 0.4566 0.7256
vn 0.5147 0.4566 0.7256
vn 0.0055 0.8636 -0.5041
vn -0.5031 0.6874 0.5238
vn 0.8426 0.4802 0.2438
vn 0.8057 0.5750 -0.1423
vn 0.8057 0.5750 -0.1422
vn -0.5547 0.8249 -0.1087
vn -0.5547 0.8249 -0.1086
vn -0.1103 0.7746 0.6228
vn -0.1103 0.7745 0.6228
vn 0.6460 0.5714 -0.5062
vn 0.3395 0.5597 -0.7560
vn -0.6252 0.7473 0.2249
vn -0.6252 0.7474 0.2249
vn -0.6253 0.7473 0.2248
vn 0.5229 0.5957 0.6097
vn -0.0825 0.7862 -0.6125
vn -0.4578 0.7463 -0.4832
vn -0.0749 0.5159 0.8533
vn -0.0750 0.5159 0.8534
vn 0.2189 0.8321 -0.5097
vn -0.6463 0.5368 0.5423
vn -0.3450 0.4654 0.8151
vn 0.6906 0.7159 -0.1025
vn 0.6907 0.7158 -0.1025
vn 0.5682 0.8064 -0.1638
vn -0.7995 0.5987 -0.0489
vn -0.7937 0.4983 0.3489
vn 0.6112 0.6484 0.4539
vn 0.6111 0.6485 0.4538
vn 0.0022 0.4378 0.8991
vn 0.5205 0.7188 -0.4608
vn 0.3517 0.7572 -0.5504
vn 0.3518 0.7573 -0.5503
vn -0.4262 0.4914 0.7595
vn -0.4263 0.4914 0.7595
vn 0.1602 0.6517 -0.7414
vn 0.1601 0.6517 -0.7414
vn 0.7729 0.3718 0.5142
vn 0.7730 0.3717 0.5142
vn 0.0001 0.8973 -0.4415
vn -0.0001 0.8973 -0.4414
vn -0.0001 0.8973 -0.4413
vn -0.2641 0.9381 -0.2242
vn -0.2643 0.9381 -0.2241
vn -0.2640 0.9381 -0.2242
vn 0.4508 0.3900 0.8029
vn 0.4509 0.3901 0.8028
vn -0.4326 0.8237 0.3667
vn -0.0990 0.7975 0.5952
vn -0.8989 0.2839 0.3338
vn 0.4000 0.8488 0.3459
vn 0.4107 0.9107 -0.0436
vn 0.4107 0.9107 -0.0437
vn -0.8692 0.3886 -0.3057
vn 0.3921 0.8962 -0.2075
vn 0.3919 0.8963 -0.2074
vn 0.3918 0.8964 -0.2074
vn -0.3739 -0.8722 0.3155
vn 0.8792 -0.4558 -0.1388
vn 0.7571 -0.3828 -0.5294
vn 0.7572 -0.3829 -0.5292
vn -0.5872 -0.7610 -0.2758
vn -0.5873 -0.7609 -0.2759
vn 0.5989 -0.7760 -0.1980
vn -0.6625 -0.3776 -0.6470
vn -0.8311 -0.4761 -0.2875
vn -0.8311 -0.4761 -0.2873
vn -0.8312 -0.4760 -0.2873
vn 0.3592 -0.8885 0.2855
vn -0.1081 -0.8139 -0.5708
vn -0.4224 -0.5414 0.7269
vn -0.4225 -0.5414 0.7269
vn -0.0407 -0.5141 0.8568
vn -0.0407 -0.5141 0.8567
vn 0.5150 -0.7657 -0.3853
vn 0.5149 -0.7658 -0.3853
vn -0.5192 -0.8385 -0.1653
vn -0.5191 -0.8385 -0.1654
vn 0.5103 -0.5121 0.6909
vn 0.7942 -0.4545 0.4033
vn -0.0968 -0.7583 -0.6447
vn -0.0969 -0.7584 -0.6446
vn -0.7187 -0.5928 0.3633
vn -0.7186 -0.5929 0.3633
vn 0.3469 -0.3493 -0.8704
vn -0.0657 -0.3516 -0.9339
vn 0.2799 -0.9094 0.3077
vn 0.2798 -0.9094 0.3077
vn 0.4896 -0.8248 0.2827
vn -0.1449 -0.4154 -0.8980
vn -0.5171 -0.4576 -0.7233
vn -0.0070 -0.8635 0.5043
vn 0.5029 -0.6870 -0.5245
vn -0.8419 -0.4805 -0.2456
vn -0.8045 -0.5760 0.1446
vn -0.8045 -0.5760 0.1447
vn -0.8045 -0.5761 0.1446
vn 0.5548 -0.8246 0.1104
vn 0.5547 -0.8247 0.1101
vn 0.5548 -0.8247 0.1103
vn 0.1097 -0.7744 -0.6232
vn 0.1097 -0.7744 -0.6231
vn -0.6468 -0.5721 0.5044
vn -0.3367 -0.5601 0.7569
vn -0.3368 -0.5601 0.7569
vn 0.6264 -0.7466 -0.2238
vn 0.6265 -0.7466 -0.2238
vn -0.5236 -0.5956 -0.6092
vn 0.0805 -0.7867 0.6120
vn 0.4603 -0.7460 0.4812
vn 0.4603 -0.7461 0.4812
vn 0.4601 -0.7461 0.4812
vn 0.0764 -0.5152 -0.8536
vn -0.2179 -0.8321 0.5101
vn 0.6470 -0.5380 -0.5404
vn 0.3419 -0.4654 -0.8164
vn 0.3419 -0.4655 -0.8163
vn -0.6916 -0.7151 0.1012
vn -0.6917 -0.7151 0.1012
vn -0.6917 -0.7150 0.1012
vn -0.5678 -0.8065 0.1648
vn -0.5678 -0.8065 0.1647
vn -0.5678 -0.8065 0.1646
vn 0.7986 -0.5998 0.0504
vn 0.7926 -0.4980 -0.3517
vn 0.7927 -0.4979 -0.3518
vn 0.7926 -0.4980 -0.3518
vn -0.6110 -0.6476 -0.4553
vn 0.0024 -0.4377 -0.8991
vn 0.0028 -0.4375 -0.8992
vn -0.5209 -0.7187 0.4606
vn -0.3508 -0.7573 0.5509
vn -0.3507 -0.7573 0.5510
vn 0.4249 -0.4906 -0.7608
vn 0.4251 -0.4906 -0.7607
vn -0.1568 -0.6515 0.7423
vn -0.1567 -0.6514 0.7423
vn -0.7725 -0.3709 -0.5155
vn -0.7725 -0.3708 -0.5154
vn -0.0034 -0.8969 0.4422
vn 0.2667 -0.9382 0.2205
vn -0.4511 -0.3887 -0.8034
vn -0.4513 -0.3888 -0.8032
vn -0.4512 -0.3887 -0.8033
vn 0.4338 -0.8244 -0.3636
vn 0.0943 -0.7972 -0.5962
vn 0.0943 -0.7972 -0.5963
vn 0.8986 -0.2834 -0.3349
vn -0.3982 -0.8485 -0.3485
vn -0.4091 -0.9113 0.0475
vn -0.4091 -0.9112 0.0476
vn 0.8686 -0.3883 0.3077
vn 0.8687 -0.3883 0.3076
vn -0.3941 -0.8955 0.2067
vn -0.3942 -0.8955 0.2067
vn 0.9268 -0.2377 -0.2908
vn 0.9267 -0.2379 -0.2908
vn 0.9268 -0.2376 -0.2908
vn 0.9268 -0.2378 -0.2908
vn 0.6788 -0.4530 0.5779
vn 0.0602 -0.9187 -0.3904
vn 0.0601 -0.9186 -0.3905
vn 0.0596 -0.9187 -0.3905
vn -0.0677 -0.4423 -0.8943
vn -0.0671 -0.4420 -0.8945
vn -0.0672 -0.4419 -0.8945
vn -0.0671 -0.4422 -0.8944
vn 0.1156 -0.8337 -0.5400
vn 0.1156 -0.8338 -0.5398
vn 0.1157 -0.8338 -0.5399
vn 0.1157 -0.8338 -0.5398
vn -0.3058 -0.6325 0.7117
vn -0.3060 -0.6324 0.7116
vn -0.3061 -0.6324 0.7116
vn -0.3060 -0.6325 0.7116
vn 0.3235 0.9456 -0.0350
vn 0.3237 0.9455 -0.0349
vn 0.3237 0.9455 -0.0350
vn -0.6350 0.7275 -0.2599
vn -0.6352 0.7274 -0.2595
vn -0.6349 0.7275 -0.2600
vn -0.2018 0.9792 -0.0208
vn -0.2017 0.9792 -0.0211
vn -0.2016 0.9792 -0.0211
vn -0.9724 -0.2043 0.1124
vn -0.9428 -0.0087 0.3331
vn -0.9429 -0.0088 0.3331
vn 0.5906 -0.2478 -0.7680
vn -0.8962 -0.4057 0.1798
vn -0.8961 -0.4059 0.1796
vn 0.4328 -0.8017 0.4121
vn 0.4329 -0.8017 0.4122
vn 0.4328 -0.8017 0.4123
vn 0.4327 -0.8018 0.4122
vn -0.4024 -0.1879 -0.8960
vn -0.4024 -0.1880 -0.8960
vn -0.4023 -0.1876 -0.8961
vn 0.1249 -0.1651 -0.9783
vn 0.1248 -0.1653 -0.9783
vn 0.1249 -0.1652 -0.9783
vn -0.9343 0.3565 -0.0091
vn -0.9343 0.3564 -0.0091
vn -0.1992 -0.4344 0.8784
vn -0.4847 0.0614 -0.8725
vn -0.4400 -0.5892 -0.6777
vn -0.4400 -0.5891 -0.6777
vn -0.3021 0.5503 0.7784
vn -0.3018 0.5504 0.7785
vn -0.3020 0.5504 0.7783
vn -0.6359 0.0801 0.7676
vn 0.7917 -0.0345 -0.6100
vn -0.1770 -0.7412 -0.6475
vn -0.1777 -0.7406 -0.6481
vn -0.1776 -0.7406 -0.6481
vn -0.1776 -0.7405 -0.6481
vn -0.3250 -0.9449 0.0403
vn -0.3244 -0.9451 0.0400
vn -0.3246 -0.9450 0.0403
vn -0.3250 -0.9449 0.0402
vn -0.5119 -0.7700 0.3809
vn -0.5120 -0.7699 0.3809
vn -0.6299 -0.4735 0.6156
vn -0.6315 -0.4742 0.6134
vn -0.6330 -0.4722 0.6134
vn -0.5949 -0.5071 0.6236
vn -0.5951 -0.5069 0.6236
vn 0.2842 -0.9517 0.1166
vn 0.2839 -0.9517 0.1165
vn 0.2838 -0.9518 0.1164
vn 0.2839 -0.9518 0.1165
vn -0.3521 0.3975 -0.8473
vn 0.0659 0.7399 0.6695
vn -0.3886 0.8033 0.4514
vn -0.3889 0.8032 0.4512
vn -0.3890 0.8033 0.4511
vn 0.6754 -0.2552 -0.6919
vn 0.6754 -0.2555 -0.6917
vn 0.6754 -0.2554 -0.6918
vn 0.8930 -0.2935 0.3411
vn -0.8833 -0.0858 0.4610
vn -0.8833 -0.0859 0.4609
vn -0.8833 -0.0859 0.4610
vn 0.8264 -0.2956 0.4792
vn 0.8264 -0.2957 0.4793
vn 0.7253 -0.5811 -0.3690
vn 0.7252 -0.5812 -0.3691
vn 0.7250 -0.5813 -0.3694
vn -0.0154 0.8186 -0.5741
vn -0.2843 -0.9576 0.0461
vn -0.2845 -0.9576 0.0460
vn -0.2844 -0.9576 0.0460
vn -0.2844 -0.9576 0.0461
vn -0.6574 -0.1814 0.7314
vn -0.6574 -0.1813 0.7314
vn -0.5630 0.0705 -0.8235
vn -0.5629 0.0705 -0.8235
vn -0.0344 0.8422 -0.5380
vn -0.4293 0.8032 -0.4130
vn -0.4293 0.8032 -0.4129
vn -0.4291 0.8032 -0.4132
vn -0.4292 0.8033 -0.4129
vn 0.5791 -0.5933 0.5591
vn 0.5791 -0.5932 0.5592
vn -0.3991 -0.9165 0.0292
vn -0.9617 -0.1897 -0.1976
vn -0.9618 -0.1895 -0.1974
vn -0.9618 -0.1896 -0.1975
vn -0.9617 -0.1899 -0.1976
vn 0.4000 -0.9161 0.0277
vn 0.4000 -0.9161 0.0276
vn 0.6496 -0.2256 -0.7260
vn 0.6495 -0.2253 -0.7262
vn 0.6497 -0.2257 -0.7259
vn -0.3538 -0.9226 -0.1535
vn -0.3539 -0.9226 -0.1538
vn -0.3536 -0.9228 -0.1531
vn -0.3535 -0.9228 -0.1528
vn 0.5393 -0.5073 0.6722
vn 0.5393 -0.5073 0.6721
vn 0.3659 -0.8958 0.2524
vn 0.3661 -0.8956 0.2529
vn 0.3661 -0.8956 0.2528
vn 0.3660 -0.8956 0.2528
vn -0.1710 -0.1002 -0.9802
vn -0.0184 -0.9802 0.1971
vn -0.0186 -0.9803 0.1969
vn -0.3310 -0.9400 0.0822
vn -0.3309 -0.9401 0.0822
vn -0.3309 -0.9401 0.0821
vn -0.3310 -0.9400 0.0821
vn -0.2043 -0.8300 -0.5189
vn -0.2042 -0.8300 -0.5190
vn -0.2041 -0.8302 -0.5188
vn -0.5795 0.4755 0.6619
vn -0.3442 0.9370 0.0595
vn -0.3437 0.9372 0.0602
vn -0.3443 0.9369 0.0605
vn -0.3437 0.9371 0.0601
vn -0.0392 0.9771 -0.2092
vn -0.8129 -0.1805 -0.5537
vn -0.8128 -0.1806 -0.5538
vn -0.2975 -0.9539 -0.0409
vn -0.2975 -0.9538 -0.0411
vn -0.2974 -0.9539 -0.0412
vn -0.2975 -0.9539 -0.0411
vn 0.9269 -0.3745 0.0247
vn 0.9271 -0.3740 0.0249
vn 0.9272 -0.3737 0.0251
vn 0.9270 -0.3743 0.0247
vn -0.8848 -0.0993 0.4553
vn -0.8848 -0.0993 0.4554
vn -0.3911 0.7341 0.5550
vn 0.8738 -0.2634 -0.4088
vn -0.3647 -0.1784 -0.9139
vn -0.7268 -0.5265 0.4411
vn -0.7268 -0.5264 0.4412
vn -0.0062 -0.8111 -0.5848
vn -0.0063 -0.8111 -0.5848
vn -0.0968 0.9880 -0.1201
vn -0.0965 0.9881 -0.1200
vn -0.0964 0.9881 -0.1198
vn -0.9098 -0.4148 0.0154
vn -0.9097 -0.4149 0.0154
vn -0.0112 -0.1722 -0.9850
vn -0.0112 -0.1724 -0.9850
vn -0.0112 -0.1725 -0.9849
vn 0.1684 -0.3829 0.9083
vn 0.1683 -0.3829 0.9083
vn 0.1234 -0.5180 0.8464
vn -0.6186 -0.3546 -0.7011
vn -0.6186 -0.3547 -0.7011
vn -0.6185 -0.3546 -0.7012
vn -0.1912 -0.6551 0.7309
vn 0.8880 -0.4195 0.1885
vn 0.8880 -0.4194 0.1884
vn 0.8879 -0.4196 0.1885
vn 0.3152 0.0573 -0.9473
vn 0.3152 0.0574 -0.9473
vn -0.9328 -0.3527 -0.0734
vn -0.5658 0.8228 0.0527
vn -0.5657 0.8229 0.0524
vn -0.5658 0.8229 0.0523
vn 0.2586 -0.8439 0.4701
vn 0.2587 -0.8439 0.4700
vn 0.2590 -0.8437 0.4703
vn 0.5109 0.7709 -0.3803
vn 0.5110 0.7709 -0.3802
vn 0.5111 0.7708 -0.3802
vn -0.0313 -0.1289 -0.9912
vn -0.0313 -0.1292 -0.9911
vn -0.0312 -0.1293 -0.9911
vn -0.3312 -0.8127 0.4794
vn -0.3319 -0.8125 0.4793
vn -0.3322 -0.8126 0.4788
vn -0.3324 -0.8126 0.4787
vn 0.4821 0.8547 0.1924
vn 0.4817 0.8552 0.1915
vn 0.6466 0.0592 0.7605
vn 0.6466 0.0591 0.7606
vn 0.2047 -0.8889 -0.4099
vn -0.8789 -0.4228 -0.2209
vn -0.8792 -0.4219 -0.2213
vn -0.8791 -0.4222 -0.2211
vn -0.8789 -0.4227 -0.2210
vn -0.2298 0.7868 -0.5729
vn 0.1107 -0.1193 -0.9867
vn 0.1120 -0.1257 -0.9857
vn 0.1121 -0.1258 -0.9857
vn 0.1123 -0.1206 -0.9863
vn -0.0328 -0.5334 0.8452
vn -0.0326 -0.5332 0.8454
vn -0.0326 -0.5332 0.8453
vn -0.2391 -0.1944 -0.9513
vn 0.3906 -0.7313 -0.5592
vn -0.4312 0.7392 -0.5173
vn 0.4714 0.4297 -0.7702
vn 0.4714 0.4296 -0.7702
vn 0.3608 -0.8803 -0.3081
vn 0.3608 -0.8803 -0.3080
vn 0.3607 -0.8804 -0.3079
vn -0.4224 -0.6201 0.6611
vn -0.4223 -0.6201 0.6611
vn -0.4223 -0.6201 0.6612
vn -0.5943 -0.2896 0.7503
vn -0.5943 -0.2895 0.7503
vn 0.1311 0.5814 0.8030
vn 0.1311 0.5815 0.8029
vn 0.3370 -0.5063 0.7938
vn -0.3563 0.8825 0.3068
vn -0.3562 0.8825 0.3071
vn -0.3561 0.8826 0.3070
vn -0.6530 0.5746 0.4933
vn 0.2338 -0.8495 -0.4731
vn 0.2333 -0.8496 -0.4730
vn 0.2334 -0.8497 -0.4728
vn 0.4829 0.5421 0.6877
vn 0.4828 0.5422 0.6877
vn 0.4828 0.5420 0.6878
vn 0.4829 0.5420 0.6878
vn 0.6948 -0.2862 0.6598
vn 0.6948 -0.2862 0.6597
vn 0.6949 -0.2864 0.6597
vn 0.3596 -0.8632 -0.3543
vn 0.5119 0.7710 0.3788
vn 0.5120 0.7708 0.3791
vn 0.5122 0.7708 0.3789
vn 0.5119 0.7709 0.3790
vn 0.2236 -0.0951 -0.9700
vn 0.0967 -0.9874 0.1251
vn 0.0963 -0.9875 0.1249
vn 0.0963 -0.9875 0.1250
vn 0.6698 -0.7422 0.0218
vn 0.6697 -0.7423 0.0224
vn 0.4204 -0.0818 -0.9037
vn 0.4204 -0.0818 -0.9036
vn -0.8869 -0.2089 -0.4120
vn -0.8869 -0.2088 -0.4120
vn 0.9463 -0.2695 0.1787
vn 0.9463 -0.2694 0.1786
vn 0.9120 -0.2679 -0.3106
vn 0.9120 -0.2679 -0.3107
vn -0.8498 -0.2672 -0.4544
vn -0.8497 -0.2672 -0.4545
vn -0.8498 -0.2670 -0.4546
vn -0.8498 -0.2673 -0.4543
vn 0.3318 0.9396 0.0846
vn 0.3317 0.9396 0.0846
vn 0.3316 0.9396 0.0846
vn 0.3948 -0.0930 0.9141
vn 0.3948 -0.0931 0.9141
vn -0.0599 -0.0783 -0.9951
vn -0.6822 0.3831 -0.6227
vn -0.0264 -0.5904 0.8067
vn -0.0266 -0.5903 0.8068
vn -0.0267 -0.5903 0.8067
vn 0.8462 -0.5003 0.1837
vn 0.8465 -0.4997 0.1836
vn -0.1076 -0.4162 -0.9029
vn -0.1079 -0.4160 -0.9029
vn -0.1075 -0.4162 -0.9029
vn 0.4385 -0.5692 0.6955
vn 0.4383 -0.5694 0.6954
vn 0.4382 -0.5695 0.6954
vn 0.0536 -0.7697 -0.6362
vn 0.0536 -0.7696 -0.6362
vn 0.0533 -0.7694 -0.6365
vn 0.0537 -0.7696 -0.6362
vn 0.9916 0.0576 -0.1160
vn 0.9916 0.0577 -0.1160
vn 0.3985 0.3781 -0.8356
vn 0.1654 -0.8582 -0.4860
vn 0.1653 -0.8582 -0.4860
vn -0.7889 0.5566 0.2604
vn 0.9404 -0.2060 -0.2706
vn -0.9108 -0.3706 0.1820
vn -0.9108 -0.3705 0.1820
vn -0.1922 0.9679 -0.1621
vn -0.3561 -0.5222 0.7749
vn -0.3561 -0.5223 0.7749
vn -0.3561 -0.5223 0.7748
vn -0.2298 0.9732 -0.0077
vn -0.2298 0.9732 -0.0078
vn -0.2296 0.9733 -0.0077
vn -0.2299 0.9732 -0.0079
vn -0.4963 -0.1888 -0.8474
vn -0.4964 -0.1885 -0.8474
vn 0.0503 -0.8483 -0.5271
vn 0.0502 -0.8483 -0.5271
vn 0.0501 -0.8485 -0.5268
vn 0.0157 -0.9719 0.2347
vn 0.0157 -0.9719 0.2348
vn 0.0155 -0.9719 0.2347
vn -0.7530 -0.6473 0.1184
vn -0.7532 -0.6471 0.1183
vn -0.7532 -0.6471 0.1182
vn -0.7530 -0.6474 0.1182
vn -0.2584 -0.8093 -0.5275
vn -0.2203 0.1448 -0.9646
vn -0.2203 0.1449 -0.9646
vn 0.3323 -0.9206 -0.2053
vn 0.3323 -0.9205 -0.2053
vn 0.3323 -0.9205 -0.2054
vn 0.3323 -0.9205 -0.2055
vn 0.6783 -0.3391 0.6519
vn 0.6783 -0.3391 0.6518
vn -0.2882 0.3137 0.9047
vn 0.3483 -0.9355 -0.0593
vn 0.3477 -0.9357 -0.0598
vn 0.3479 -0.9356 -0.0599
vn 0.3475 -0.9358 -0.0598
vn 0.4578 0.8623 -0.2165
vn 0.4579 0.8623 -0.2162
vn 0.4578 0.8623 -0.2162
vn 0.4577 0.8624 -0.2163
vn -0.5894 -0.2563 0.7661
vn 0.2339 -0.9722 0.0116
vn 0.2334 -0.9723 0.0117
vn -0.3216 -0.1936 -0.9269
vn -0.3215 -0.1937 -0.9269
vn -0.3222 -0.1931 -0.9268
vn -0.3221 -0.1931 -0.9268
vn 0.1133 -0.4623 0.8794
vn 0.1131 -0.4621 0.8796
vn 0.7809 -0.3031 0.5462
vn -0.7073 -0.3293 -0.6255
vn 0.5670 0.8213 0.0633
vn -0.6434 -0.4693 0.6047
vn -0.6407 -0.4705 0.6067
vn -0.6400 -0.4760 0.6031
vn -0.6400 -0.4760 0.6032
vn -0.8481 -0.4505 -0.2788
vn -0.8483 -0.4500 -0.2792
vn 0.8843 -0.4377 0.1626
vn 0.8841 -0.4380 0.1627
vn 0.8843 -0.4376 0.1626
vn -0.8453 -0.5066 0.1698
vn -0.8453 -0.5066 0.1697
vn -0.8973 -0.4077 -0.1692
vn -0.8975 -0.4074 -0.1692
vn 0.2263 0.9516 0.2081
vn 0.2263 0.9516 0.2080
vn 0.2071 -0.9780 0.0239
vn 0.2068 -0.9781 0.0238
vn 0.2078 -0.9779 0.0235
vn 0.4235 -0.9050 0.0416
vn 0.4234 -0.9050 0.0415
vn 0.4238 -0.9048 0.0415
vn 0.4235 -0.9049 0.0416
vn 0.6641 -0.6229 -0.4135
vn 0.6641 -0.6229 -0.4134
vn 0.6642 -0.6229 -0.4134
vn -0.1879 0.4851 -0.8540
vn -0.1879 0.4850 -0.8541
vn -0.2434 -0.8694 -0.4299
vn -0.2434 -0.8697 -0.4295
vn -0.2434 -0.8697 -0.4293
vn -0.3284 0.9223 0.2039
vn -0.3284 0.9223 0.2038
vn -0.3285 0.9223 0.2037
vn -0.3285 0.9223 0.2035
vn -0.0770 -0.9815 0.1751
vn -0.0765 -0.9816 0.1750
vn 0.0964 -0.9788 -0.1806
vn 0.0970 -0.9789 -0.1800
vn 0.0961 -0.9789 -0.1803
vn 0.0969 -0.9789 -0.1797
vn 0.8283 -0.5492 -0.1104
vn 0.8283 -0.5493 -0.1104
vn 0.7878 -0.2847 0.5462
vn 0.7878 -0.2848 0.5462
vn -0.0119 -0.6036 0.7972
vn -0.0120 -0.6035 0.7973
vn -0.0610 0.9210 0.3848
vn -0.0610 0.9209 0.3849
vn -0.0609 0.9211 0.3846
vn 0.0916 0.9691 -0.2291
vn 0.0918 0.9691 -0.2290
vn 0.0918 0.9691 -0.2289
vn 0.0916 0.9692 -0.2288
vn -0.7465 -0.4562 0.4844
vn 0.8868 -0.1118 0.4485
vn 0.8868 -0.1117 0.4485
vn -0.0257 -0.9501 0.3108
vn -0.0259 -0.9502 0.3105
vn -0.0258 -0.9502 0.3105
vn -0.2245 0.9151 -0.3349
vn -0.2247 0.9150 -0.3350
vn -0.2244 0.9152 -0.3347
vn 0.6279 -0.3110 -0.7134
vn 0.6279 -0.3111 -0.7134
vn -0.4870 -0.8724 -0.0421
vn -0.4874 -0.8722 -0.0421
vn -0.4873 -0.8722 -0.0421
vn 0.6764 -0.6594 0.3281
vn -0.8632 -0.0107 -0.5047
vn -0.8632 -0.0096 -0.5048
vn -0.8632 -0.0099 -0.5048
vn 0.9953 0.0788 -0.0571
vn 0.9953 0.0787 -0.0571
vn -0.9304 -0.3601 0.0680
vn -0.9305 -0.3600 0.0680
vn -0.8156 -0.3952 -0.4227
vn -0.8156 -0.3951 -0.4228
vn -0.8156 -0.3951 -0.4227
vn 0.2831 0.9582 -0.0421
vn 0.2831 0.9582 -0.0422
vn 0.2829 0.9582 -0.0422
vn 0.4075 -0.9092 0.0850
vn -0.0543 0.8505 0.5232
vn -0.0539 0.8505 0.5231
vn -0.0543 0.8506 0.5230
vn 0.8961 0.3390 -0.2866
vn 0.3407 -0.1604 -0.9264
vn 0.3408 -0.1601 -0.9264
vn 0.3408 -0.1600 -0.9264
vn -0.7826 -0.5502 -0.2913
vn -0.7826 -0.5501 -0.2913
vn -0.2143 -0.9682 0.1293
vn -0.2143 -0.9682 0.1292
vn -0.2144 -0.9682 0.1291
vn 0.1325 0.9353 0.3282
vn 0.1326 0.9352 0.3283
vn 0.1324 0.9353 0.3282
vn -0.1636 0.8602 0.4831
vn -0.1637 0.8602 0.4830
vn -0.1636 0.8601 0.4832
vn -0.1636 0.8601 0.4831
vn -0.7600 -0.2985 -0.5773
vn -0.7600 -0.2985 -0.5772
vn -0.0924 -0.5016 -0.8601
vn -0.0923 -0.5016 -0.8602
vn -0.7849 -0.6193 0.0191
vn 0.3298 0.7029 0.6302
vn 0.3297 0.7029 0.6302
vn 0.3293 0.7030 0.6304
vn 0.3297 0.7029 0.6303
vn 0.3361 0.7123 0.6162
vn 0.3358 0.7124 0.6162
vn 0.2994 -0.5482 -0.7810
vn 0.2995 -0.5482 -0.7809
vn 0.2994 -0.5481 -0.7810
vn -0.4459 0.8705 0.2083
vn -0.4460 0.8704 0.2087
vn -0.4458 0.8704 0.2087
vn -0.4459 0.8704 0.2087
vn 0.3583 -0.6928 -0.6258
vn -0.3498 -0.9360 0.0401
vn -0.3575 0.8649 0.3522
vn -0.3576 0.8651 0.3518
vn 0.4193 0.6213 -0.6619
vn 0.4194 0.6213 -0.6619
vn 0.7111 -0.4703 -0.5226
vn 0.7112 -0.4703 -0.5224
vn 0.7112 -0.4703 -0.5225
vn -0.6105 -0.5688 0.5511
vn -0.9862 0.1403 0.0882
vn -0.9862 0.1404 0.0883
vn -0.9861 0.1404 0.0883
vn -0.5586 -0.4736 0.6809
vn -0.5587 -0.4735 0.6809
vn -0.5585 -0.4739 0.6808
vn -0.5586 -0.4737 0.6809
vn -0.3681 0.8968 -0.2453
vn -0.3682 0.8967 -0.2457
vn -0.3682 0.8968 -0.2454
vn -0.3682 0.8967 -0.2456
vn 0.9279 -0.2477 0.2787
vn 0.9849 -0.1048 0.1378
vn 0.9849 -0.1048 0.1379
vn -0.3605 0.4466 0.8189
vn -0.3606 0.4466 0.8189
vn -0.8121 -0.4901 -0.3168
vn -0.4161 0.9091 0.0172
vn -0.4170 0.9087 0.0165
vn -0.4164 0.9090 0.0170
vn -0.4167 0.9089 0.0167
vn -0.3961 0.9178 -0.0283
vn 0.0383 0.3613 0.9317
vn -0.2833 0.9525 -0.1115
vn -0.2830 0.9526 -0.1116
vn -0.2829 0.9527 -0.1115
vn -0.2829 0.9526 -0.1115
vn 0.8188 -0.5717 -0.0516
vn 0.8189 -0.5717 -0.0516
vn -0.3406 0.8975 -0.2802
vn -0.3406 0.8975 -0.2803
vn -0.3406 0.8974 -0.2803
vn -0.3408 0.8974 -0.2804
vn 0.9221 -0.3338 -0.1958
vn 0.9220 -0.3339 -0.1959
vn 0.9221 -0.3338 -0.1959
vn -0.7371 0.0350 -0.6749
vn -0.7371 0.0351 -0.6749
vn -0.3327 -0.8786 -0.3425
vn -0.3330 -0.8786 -0.3424
vn -0.3326 -0.8787 -0.3424
vn -0.3328 -0.8786 -0.3424
vn 0.6111 -0.6264 -0.4839
vn 0.6111 -0.6264 -0.4840
vn -0.7630 -0.4398 0.4736
vn -0.7631 -0.4400 0.4734
vn -0.7631 -0.4399 0.4735
vn 0.7820 0.5523 0.2887
vn 0.7820 0.5524 0.2887
vn 0.7323 0.4579 -0.5041
vn -0.3950 0.8737 0.2840
vn -0.3950 0.8738 0.2836
vn -0.3949 0.8738 0.2837
vn 0.3495 0.9244 0.1528
vn 0.3493 0.9245 0.1525
vn 0.3498 0.9242 0.1536
vn 0.7534 0.6474 -0.1149
vn 0.7527 0.6482 -0.1155
vn 0.7533 0.6476 -0.1148
vn -0.2537 -0.9642 0.0773
vn -0.2538 -0.9642 0.0776
vn -0.2535 -0.9642 0.0773
vn -0.2537 -0.9642 0.0775
vn 0.2831 -0.5500 0.7857
vn 0.2832 -0.5503 0.7855
vn 0.2832 -0.5501 0.7856
vn 0.1003 0.9905 -0.0945
vn 0.1002 0.9905 -0.0944
vn 0.1001 0.9905 -0.0944
vn 0.1002 0.9905 -0.0945
vn -0.9327 -0.0700 0.3537
vn -0.9328 -0.0696 0.3535
vn -0.9328 -0.0697 0.3536
vn -0.9329 -0.0700 0.3534
vn -0.0126 0.9728 -0.2314
vn -0.0125 0.9728 -0.2313
vn -0.0124 0.9728 -0.2313
vn -0.0124 0.9728 -0.2312
vn -0.5124 -0.7690 -0.3823
vn -0.5124 -0.7690 -0.3822
vn -0.5129 -0.7686 -0.3823
vn -0.5125 -0.7689 -0.3824
vn -0.0822 -0.5811 0.8096
vn -0.0823 -0.5811 0.8097
vn -0.0822 -0.5811 0.8097
vn 0.7882 0.6035 0.1205
vn 0.7883 0.6034 0.1205
vn 0.2077 -0.2007 -0.9574
vn 0.2076 -0.2004 -0.9575
vn 0.2077 -0.2004 -0.9574
vn 0.2077 -0.2006 -0.9574
vn -0.0518 0.8227 0.5661
vn -0.0518 0.8227 0.5660
vn -0.0519 0.8228 0.5660
vn -0.0519 0.8227 0.5661
vn 0.0194 -0.8167 0.5767
vn 0.2420 -0.6457 0.7243
vn 0.2420 -0.6456 0.7243
vn 0.2421 -0.6456 0.7243
vn -0.3267 -0.7016 -0.6333
vn -0.3266 -0.7016 -0.6333
vn -0.3268 -0.7016 -0.6332
vn -0.3264 -0.7016 -0.6334
vn -0.7329 0.5782 0.3584
vn -0.7332 0.5783 0.3579
vn -0.7333 0.5780 0.3579
vn -0.7333 0.5780 0.3580
vn 0.3337 0.8131 -0.4771
vn 0.3336 0.8131 -0.4771
vn 0.3334 0.8131 -0.4772
vn 0.3335 0.8129 -0.4775
vn 0.9311 -0.3080 -0.1955
vn 0.9311 -0.3081 -0.1955
vn -0.8512 -0.2617 -0.4550
vn -0.8512 -0.2616 -0.4550
vn 0.3838 -0.1924 -0.9032
vn 0.3637 -0.4449 -0.8184
vn 0.3636 -0.4449 -0.8184
vn 0.2410 0.8725 0.4251
vn 0.2410 0.8724 0.4251
vn 0.2410 0.8725 0.4250
vn 0.2410 0.8723 0.4255
vn 0.0446 -0.8346 -0.5490
vn 0.0447 -0.8347 -0.5490
vn 0.0447 -0.8346 -0.5490
vn 0.0446 -0.8346 -0.5491
vn 0.2763 0.7164 0.6406
vn 0.3994 -0.8746 -0.2747
vn 0.3995 -0.8746 -0.2747
vn -0.1155 0.8363 0.5360
vn -0.1155 0.8363 0.5361
vn -0.1155 0.8362 0.5361
vn -0.1077 0.9802 -0.1659
vn -0.1078 0.9802 -0.1659
vn -0.1077 0.9802 -0.1660
vn 0.9838 -0.0594 0.1693
vn 0.9838 -0.0594 0.1692
vn 0.8288 -0.2982 -0.4735
vn 0.8291 -0.2975 -0.4734
vn 0.8288 -0.2981 -0.4735
vn 0.8287 -0.2985 -0.4735
vn 0.2569 -0.0296 -0.9660
vn 0.2569 -0.0297 -0.9660
vn 0.5731 0.8112 -0.1161
vn 0.5732 0.8112 -0.1161
vn 0.5732 0.8111 -0.1164
vn 0.5731 0.8113 -0.1153
vn 0.9135 -0.3255 0.2440
vn 0.9135 -0.3254 0.2441
vn -0.0840 -0.1874 -0.9787
vn -0.0839 -0.1871 -0.9788
vn 0.1068 -0.9797 0.1695
vn 0.8347 0.5272 -0.1595
vn 0.8347 0.5271 -0.1596
vn -0.1789 0.9765 -0.1203
vn -0.1788 0.9765 -0.1205
vn -0.1787 0.9764 -0.1209
vn -0.4610 -0.8612 0.2138
vn -0.4609 -0.8613 0.2139
vn -0.4612 -0.8611 0.2142
vn -0.4610 -0.8612 0.2139
vn -0.3277 -0.8753 -0.3556
vn 0.1233 0.9786 -0.1650
vn 0.1232 0.9785 -0.1653
vn 0.1233 0.9785 -0.1651
vn 0.1233 0.9785 -0.1652
vn 0.3317 0.1096 -0.9370
vn -0.4053 -0.8565 -0.3195
vn -0.4054 -0.8565 -0.3195
vn 0.1745 -0.2709 -0.9466
vn 0.1745 -0.2710 -0.9466
vn -0.6908 0.3868 -0.6109
vn 0.2731 0.1021 0.9566
vn 0.5222 -0.3200 0.7905
vn 0.7422 0.5953 0.3080
vn 0.9419 0.3315 -0.0549
vn 0.9418 0.3316 -0.0548
vn 0.4085 -0.5652 -0.7167
vn 0.3471 0.9371 -0.0376
vn 0.3471 0.9371 -0.0379
vn 0.3472 0.9370 -0.0388
vn 0.3500 0.2014 -0.9149
vn 0.3500 0.2013 -0.9149
vn 0.3500 0.2014 -0.9148
vn -0.7036 -0.5402 0.4616
vn -0.8272 0.5504 0.1136
vn -0.8272 0.5503 0.1135
vn -0.8272 0.5503 0.1136
vn -0.6734 -0.6661 -0.3207
vn -0.6733 -0.6662 -0.3208
vn -0.6732 -0.6661 -0.3210
vn -0.1519 -0.0178 0.9882
vn -0.6081 0.6275 0.4862
vn -0.6082 0.6275 0.4861
vn 0.8513 0.2449 -0.4640
vn 0.8513 0.2448 -0.4640
vn -0.6645 0.6267 0.4071
vn -0.6645 0.6267 0.4070
vn 0.4009 0.8579 0.3213
vn 0.4008 0.8579 0.3214
vn 0.4008 0.8579 0.3215
vn 0.4009 0.8579 0.3214
vn 0.5670 -0.8223 -0.0482
vn 0.5672 -0.8221 -0.0485
vn 0.5670 -0.8223 -0.0483
vn 0.3424 -0.7431 -0.5750
vn 0.3423 -0.7431 -0.5750
vn 0.3425 -0.7431 -0.5749
vn -0.3000 -0.9013 -0.3126
vn 0.5961 0.4583 0.6593
vn 0.5961 0.4583 0.6592
vn 0.5961 0.4582 0.6593
vn 0.0524 -0.8202 -0.5697
vn 0.0519 -0.8200 -0.5700
vn 0.0520 -0.8202 -0.5697
vn -0.8528 -0.4786 -0.2088
vn -0.8529 -0.4786 -0.2088
vn -0.8528 -0.4786 -0.2089
vn -0.1461 0.3064 0.9406
vn -0.1461 0.3065 0.9406
vn 0.5671 -0.2986 -0.7676
vn 0.7282 -0.6827 0.0603
vn 0.7283 -0.6827 0.0602
vn 0.7282 -0.6827 0.0602
vn -0.9292 -0.3657 0.0535
vn -0.9290 -0.3662 0.0534
vn -0.9291 -0.3657 0.0541
vn -0.9291 -0.3658 0.0541
vn -0.2618 0.8446 -0.4671
vn -0.2614 0.8446 -0.4673
vn -0.2615 0.8446 -0.4673
vn 0.6302 0.1038 -0.7694
vn -0.9908 0.0471 -0.1267
vn -0.5129 0.0130 0.8583
vn -0.5129 0.0131 0.8583
vn 0.1983 -0.9670 0.1602
vn 0.1980 -0.9671 0.1600
vn 0.1986 -0.9669 0.1601
vn 0.2262 -0.7835 -0.5788
vn 0.2259 -0.7836 -0.5788
vn 0.2267 -0.7834 -0.5787
vn 0.2256 -0.7837 -0.5788
vn -0.3448 -0.8482 0.4021
vn -0.3446 -0.8483 0.4021
vn -0.3449 -0.8480 0.4025
vn 0.2066 -0.1489 -0.9670
vn 0.2065 -0.1490 -0.9670
vn 0.2065 -0.1491 -0.9670
vn 0.0109 -0.3315 -0.9434
vn 0.0110 -0.3316 -0.9434
vn 0.5933 -0.2158 -0.7755
vn 0.5934 -0.2159 -0.7754
vn 0.5933 -0.2159 -0.7754
vn 0.5933 -0.2159 -0.7755
vn 0.6404 -0.5330 -0.5531
vn 0.6404 -0.5330 -0.5530
vn 0.3985 -0.8732 -0.2806
vn 0.3986 -0.8730 -0.2811
vn 0.3450 -0.8952 0.2821
vn 0.3448 -0.8954 0.2816
vn 0.3449 -0.8954 0.2817
vn 0.3451 -0.8953 0.2817
vn 0.0512 -0.1084 -0.9928
vn 0.0513 -0.1083 -0.9928
vn -0.0498 0.7713 0.6345
vn -0.0497 0.7714 0.6344
vn 0.4494 -0.8678 -0.2119
vn 0.4490 -0.8680 -0.2119
vn 0.4485 -0.8684 -0.2115
vn 0.4490 -0.8681 -0.2118
vn -0.0698 -0.7371 -0.6722
vn -0.5951 -0.4560 -0.6617
vn -0.5951 -0.4560 -0.6618
vn 0.3013 0.8787 0.3703
vn -0.1015 -0.9900 0.0983
vn -0.1013 -0.9900 0.0985
vn -0.1013 -0.9900 0.0983
vn -0.1013 -0.9900 0.0984
vn -0.7123 0.4724 0.5191
vn -0.7123 0.4724 0.5190
vn -0.7119 0.4726 0.5194
vn -0.7124 0.4723 0.5190
vn -0.4031 0.9114 -0.0825
vn -0.4029 0.9116 -0.0821
vn -0.4028 0.9116 -0.0820
vn -0.0952 0.9788 0.1811
vn -0.0949 0.9789 0.1811
vn -0.0942 0.9788 0.1816
vn -0.0949 0.9788 0.1814
vn 0.2499 0.9654 -0.0745
vn 0.2498 0.9654 -0.0748
vn 0.2497 0.9654 -0.0746
vn 0.2498 0.9654 -0.0747
vn 0.9042 -0.2340 -0.3573
vn 0.9042 -0.2339 -0.3573
vn 0.2674 -0.4784 0.8365
vn 0.2673 -0.4783 0.8365
vn 0.2673 -0.4784 0.8365
vn -0.8713 -0.4575 0.1774
vn -0.8715 -0.4572 0.1774
vn -0.5297 -0.1829 -0.8282
vn -0.5297 -0.1830 -0.8282
vn -0.4861 -0.8519 -0.1949
vn 0.0954 0.5039 0.8585
vn 0.0954 0.5038 0.8585
vn 0.4824 0.8751 0.0378
vn 0.4825 0.8751 0.0379
vn 0.4825 0.8751 0.0380
vn -0.0207 -0.1339 -0.9908
vn 0.2772 -0.8797 -0.3865
vn 0.2773 -0.8797 -0.3864
vn 0.2773 -0.8796 -0.3864
vn 0.0779 0.6920 -0.7177
vn 0.0779 0.6920 -0.7176
vn -0.4563 0.5986 -0.6584
vn -0.4562 0.5986 -0.6584
vn 0.8331 -0.4826 0.2702
vn 0.8332 -0.4825 0.2701
vn 0.8332 -0.4825 0.2702
vn 0.8332 -0.4824 0.2701
vn -0.5216 -0.8483 -0.0911
vn -0.5214 -0.8483 -0.0925
vn -0.5214 -0.8483 -0.0920
vn -0.1841 -0.2615 -0.9475
vn -0.8558 -0.4530 0.2499
vn -0.8558 -0.4529 0.2499
vn -0.8559 -0.4528 0.2499
vn 0.3310 -0.0642 -0.9414
vn 0.3311 -0.0641 -0.9414
vn 0.8813 -0.2259 -0.4150
vn 0.8813 -0.2260 -0.4151
vn 0.8813 -0.2259 -0.4151
vn -0.3356 -0.9379 -0.0881
vn -0.3354 -0.9379 -0.0881
vn 0.5703 0.0260 0.8210
vn 0.3409 0.8491 -0.4035
vn 0.3411 0.8491 -0.4033
vn -0.4705 0.6275 -0.6203
vn -0.4705 0.6276 -0.6203
vn -0.9272 -0.3452 -0.1455
vn -0.9270 -0.3455 -0.1458
vn -0.9273 -0.3449 -0.1453
vn 0.7104 -0.2440 -0.6601
vn 0.4722 -0.8814 0.0154
vn -0.8703 -0.3455 0.3511
vn -0.2317 0.8496 0.4739
vn -0.2313 0.8497 0.4737
vn -0.1340 -0.9532 0.2710
vn -0.1339 -0.9533 0.2709
vn -0.1339 -0.9532 0.2709
vn -0.6238 -0.6462 0.4397
vn -0.6238 -0.6462 0.4396
vn -0.3558 -0.5250 0.7732
vn -0.3558 -0.5250 0.7731
vn 0.3879 -0.7996 -0.4584
vn 0.3883 -0.7995 -0.4583
vn 0.3885 -0.7996 -0.4579
vn 0.1358 -0.5343 0.8343
vn 0.1366 -0.5332 0.8349
vn 0.1368 -0.5329 0.8351
vn 0.1365 -0.5336 0.8346
vn 0.5533 -0.2779 -0.7853
vn 0.5534 -0.2776 -0.7853
vn 0.5534 -0.2778 -0.7853
vn 0.5534 -0.2777 -0.7853
vn -0.2033 -0.5299 0.8233
vn -0.2033 -0.5301 0.8232
vn -0.2033 -0.5300 0.8233
vn 0.3266 0.9414 -0.0842
vn 0.3265 0.9415 -0.0841
vn 0.3266 0.9414 -0.0840
vn 0.2942 0.9046 0.3084
vn 0.2417 0.9663 -0.0884
vn 0.2416 0.9664 -0.0882
vn 0.2416 0.9664 -0.0881
vn 0.2416 0.9663 -0.0883
vn 0.4125 -0.3359 0.8468
vn 0.4125 -0.3357 0.8469
vn 0.4125 -0.3358 0.8468
vn -0.2808 -0.7149 -0.6404
vn 0.7793 0.5549 0.2911
vn 0.7793 0.5549 0.2913
vn 0.7792 0.5552 0.2909
vn 0.7791 0.5551 0.2913
vn -0.4463 0.1503 0.8822
vn -0.7278 0.6834 -0.0570
vn -0.9277 -0.2467 0.2802
vn -0.3030 -0.8451 -0.4404
vn -0.3031 -0.8451 -0.4404
vn -0.3030 -0.8452 -0.4403
vn 0.0637 0.4433 0.8941
vn 0.0635 0.4435 0.8940
vn 0.0636 0.4432 0.8942
vn 0.7335 -0.5758 -0.3611
vn 0.7335 -0.5759 -0.3611
vn 0.7333 -0.5761 -0.3611
vn -0.0703 -0.0820 -0.9941
vn 0.3287 0.8802 0.3424
vn 0.3290 0.8801 0.3423
vn 0.3289 0.8802 0.3423
vn -0.7571 0.5384 -0.3701
vn -0.7568 0.5387 -0.3702
vn -0.7571 0.5382 -0.3702
vn -0.7571 0.5383 -0.3703
vn -0.7096 -0.1845 -0.6800
vn 0.3554 0.9318 0.0742
vn 0.3555 0.9317 0.0743
vn 0.3553 0.9318 0.0742
vn 0.3555 0.9317 0.0742
vn 0.9222 -0.3809 -0.0663
vn 0.0193 0.9811 -0.1926
vn 0.0193 0.9811 -0.1924
vn 0.0194 0.9811 -0.1924
vn -0.7078 0.6659 -0.2357
vn -0.7079 0.6659 -0.2357
vn -0.8543 -0.4057 -0.3249
vn -0.8543 -0.4058 -0.3248
vn 0.2203 -0.5360 0.8149
vn 0.2204 -0.5360 0.8150
vn 0.2202 -0.5361 0.8149
vn -0.0262 -0.9701 -0.2411
vn -0.0259 -0.9700 -0.2415
vn -0.0264 -0.9702 -0.2407
vn 0.0088 0.8134 0.5816
vn 0.0087 0.8135 0.5815
vn 0.0087 0.8134 0.5816
vn 0.4218 -0.9065 -0.0158
vn 0.4213 -0.9068 -0.0162
vn 0.4214 -0.9067 -0.0161
vn -0.3386 0.7440 0.5761
vn -0.3384 0.7443 0.5757
vn -0.7838 -0.0292 -0.6203
vn -0.7838 -0.0291 -0.6203
vn -0.7838 -0.0298 -0.6202
vn 0.7270 0.4538 0.5153
vn 0.7270 0.4539 0.5153
vn 0.0561 -0.5805 0.8123
vn 0.0561 -0.5804 0.8124
vn 0.0561 -0.5812 0.8118
vn 0.0220 0.9514 -0.3071
vn 0.0219 0.9514 -0.3072
vn 0.0219 0.9514 -0.3071
vn 0.0220 0.9514 -0.3073
vn -0.6426 -0.4381 0.6286
vn -0.6427 -0.4381 0.6286
vn -0.3402 -0.5401 0.7698
vn 0.1306 0.9544 -0.2683
vn 0.1310 0.9544 -0.2683
vn 0.3972 0.9173 -0.0295
vn 0.1758 0.7419 0.6471
vn 0.1757 0.7419 0.6470
vn 0.1757 0.7420 0.6470
vn -0.1703 -0.1628 0.9719
vn -0.1703 -0.1628 0.9718
vn 0.4932 -0.2254 -0.8402
vn 0.4932 -0.2253 -0.8402
vn 0.0051 0.8711 -0.4911
vn 0.0049 0.8710 -0.4913
vn 0.0048 0.8710 -0.4913
vn -0.8550 -0.4098 0.3180
vn -0.8957 -0.2209 -0.3860
vn -0.8957 -0.2206 -0.3860
vn -0.8958 -0.2203 -0.3860
vn 0.5130 -0.1242 -0.8494
vn 0.5129 -0.1243 -0.8494
vn 0.3342 -0.1636 -0.9282
vn 0.3343 -0.1634 -0.9282
vn 0.3342 -0.1635 -0.9282
vn -0.8168 -0.1923 -0.5440
vn -0.8168 -0.1922 -0.5440
vn -0.8168 -0.1921 -0.5440
vn -0.7806 -0.5548 -0.2880
vn -0.7806 -0.5546 -0.2882
vn -0.7806 -0.5546 -0.2883
vn -0.7805 -0.5548 -0.2883
vn 0.7811 -0.4855 0.3926
vn 0.1896 -0.3912 0.9006
vn 0.1895 -0.3917 0.9004
vn 0.1896 -0.3908 0.9008
vn -0.5681 -0.8208 -0.0591
vn 0.0725 0.9246 -0.3739
vn 0.0724 0.9247 -0.3738
vn 0.0723 0.9247 -0.3738
vn 0.3856 -0.8875 -0.2521
vn 0.3856 -0.8876 -0.2518
vn 0.3855 -0.8877 -0.2518
vn 0.3856 -0.8876 -0.2519
vn -0.6670 -0.3053 0.6796
vn -0.6670 -0.3054 0.6795
vn -0.6669 -0.3052 0.6797
vn -0.6669 -0.3052 0.6798
vn -0.2214 0.7863 0.5768
vn -0.2213 0.7863 0.5769
vn -0.2216 0.7862 0.5768
vn -0.8728 0.2009 -0.4447
vn 0.5189 0.8494 0.0957
vn 0.3254 0.8766 0.3545
vn -0.4677 0.8837 -0.0169
vn -0.9125 -0.3332 -0.2375
vn -0.9122 -0.3336 -0.2377
vn -0.9122 -0.3338 -0.2378
vn -0.9124 -0.3332 -0.2376
vn 0.9414 -0.3184 0.1113
vn 0.9415 -0.3182 0.1112
vn 0.7175 -0.3243 0.6164
vn -0.7831 -0.0246 0.6214
vn 0.6336 -0.7257 0.2682
vn 0.6333 -0.7257 0.2688
vn 0.6335 -0.7257 0.2683
vn 0.8200 -0.4676 0.3299
vn 0.8201 -0.4676 0.3300
vn 0.8201 -0.4675 0.3300
vn 0.8201 -0.4676 0.3299
vn 0.1496 -0.3283 0.9327
vn 0.1497 -0.3283 0.9326
vn 0.7748 -0.2779 0.5678
vn 0.6299 -0.5980 0.4956
vn 0.6299 -0.5980 0.4955
vn 0.0380 -0.9756 0.2165
vn -0.5781 -0.8083 0.1118
vn -0.5779 -0.8085 0.1113
vn -0.5781 -0.8082 0.1120
vn -0.5781 -0.8084 0.1114
vn -0.3865 -0.1921 -0.9021
vn -0.3346 -0.7104 -0.6192
vn -0.3346 -0.7105 -0.6191
vn -0.3351 -0.7101 -0.6193
vn -0.6215 -0.3256 -0.7126
vn -0.6215 -0.3257 -0.7125
vn -0.0956 -0.9682 0.2310
vn -0.0955 -0.9683 0.2309
vn -0.0953 -0.9682 0.2312
vn 0.1800 -0.9756 0.1253
vn 0.1799 -0.9756 0.1257
vn 0.1798 -0.9756 0.1261
vn 0.1800 -0.9756 0.1255
vn 0.7596 -0.5364 0.3677
vn 0.7596 -0.5364 0.3678
vn 0.7594 -0.5368 0.3677
vn -0.8416 0.2428 0.4824
vn -0.8417 0.2428 0.4824
vn -0.6670 0.7446 -0.0254
vn -0.2015 0.8916 0.4056
vn -0.2016 0.8915 0.4056
vn -0.2022 0.8913 0.4059
vn 0.0019 -0.8694 0.4942
vn 0.0017 -0.8696 0.4937
vn 0.0016 -0.8697 0.4936
vn 0.0015 -0.8697 0.4936
vn 0.7916 -0.5156 0.3278
vn 0.7919 -0.5152 0.3279
vn 0.7915 -0.5159 0.3278
vn 0.5078 0.7126 -0.4840
vn 0.5079 0.7126 -0.4840
vn -0.6487 -0.1566 -0.7448
vn -0.6485 -0.1563 -0.7450
vn -0.6487 -0.1566 -0.7447
vn 0.2278 -0.9130 0.3383
vn 0.2278 -0.9132 0.3380
vn 0.2278 -0.9132 0.3379
vn 0.2278 -0.9131 0.3381
vn 0.8244 -0.1784 -0.5372
vn 0.8244 -0.1783 -0.5372
vn -0.2977 -0.1571 -0.9417
vn -0.2977 -0.1570 -0.9417
vn -0.8241 -0.4052 0.3959
vn -0.8241 -0.4051 0.3960
vn -0.8241 -0.4051 0.3959
vn -0.8241 -0.4052 0.3958
vn 0.1569 -0.5164 0.8419
vn 0.1568 -0.5163 0.8419
vn 0.1569 -0.5163 0.8419
vn -0.8714 -0.3675 -0.3250
vn -0.5283 -0.4423 0.7247
vn -0.5283 -0.4422 0.7248
vn -0.5283 -0.4423 0.7248
vn -0.4866 -0.5410 -0.6860
vn -0.4865 -0.5411 -0.6860
vn -0.4232 0.9053 -0.0374
vn -0.4234 0.9052 -0.0372
vn 0.3085 0.6338 -0.7093
vn 0.3085 0.6339 -0.7092
vn 0.3086 0.6337 -0.7093
vn 0.3086 0.6337 -0.7094
vn 0.2911 -0.5786 0.7619
vn 0.2913 -0.5782 0.7621
vn 0.2914 -0.5779 0.7623
vn 0.2913 -0.5782 0.7622
vn -0.7440 -0.3976 -0.5369
vn -0.7441 -0.3976 -0.5370
vn 0.2706 -0.3477 0.8977
vn 0.2706 -0.3478 0.8977
vn 0.2705 -0.3477 0.8977
vn 0.8734 -0.1920 -0.4475
vn 0.8734 -0.1920 -0.4476
vn -0.2428 -0.7016 0.6699
vn 0.8501 -0.2160 -0.4803
vn 0.2575 0.8122 0.5234
vn 0.2576 0.8124 0.5231
vn -0.0309 -0.4087 0.9121
vn -0.0309 -0.4088 0.9121
vn 0.4390 -0.3202 -0.8395
vn 0.4390 -0.3201 -0.8395
vn 0.8932 -0.4149 0.1735
vn 0.8931 -0.4150 0.1735
vn 0.6709 0.6676 0.3230
vn 0.6709 0.6675 0.3230
vn 0.6708 0.6675 0.3232
vn 0.6708 0.6676 0.3231
vn -0.0463 0.8369 0.5454
vn -0.0460 0.8372 0.5450
vn -0.0461 0.8372 0.5449
vn 0.2996 0.8477 0.4377
vn 0.2998 0.8478 0.4374
vn 0.2997 0.8479 0.4373
vn 0.2998 0.8478 0.4373
vn 0.0298 0.5917 -0.8056
vn 0.0299 0.5917 -0.8056
vn 0.0294 0.5919 -0.8055
vn 0.0298 0.5920 -0.8054
vn -0.7855 0.1898 -0.5890
vn -0.1038 -0.1163 -0.9878
vn -0.1039 -0.1163 -0.9878
vn -0.1040 -0.1163 -0.9877
vn -0.1041 -0.1161 -0.9878
vn -0.7692 -0.1798 -0.6132
vn -0.7690 -0.1801 -0.6133
vn -0.7694 -0.1795 -0.6130
vn -0.7695 -0.1790 -0.6130
vn -0.8109 -0.4220 0.4054
vn -0.8110 -0.4215 0.4058
vn -0.8108 -0.4219 0.4056
vn 0.6641 -0.5311 0.5263
vn 0.6638 -0.5316 0.5261
vn 0.6639 -0.5313 0.5262
vn 0.6641 -0.5310 0.5263
vn 0.4542 -0.5976 0.6608
vn 0.4543 -0.5976 0.6607
vn 0.4542 -0.5976 0.6607
vn 0.8166 -0.3264 0.4760
vn -0.9285 -0.3643 -0.0720
vn -0.9285 -0.3643 -0.0719
vn -0.9285 -0.3644 -0.0721
vn 0.9056 -0.3685 0.2100
vn 0.9056 -0.3684 0.2101
vn 0.4355 0.8768 -0.2039
vn 0.5582 -0.4803 0.6765
vn 0.5582 -0.4803 0.6766
vn 0.5582 -0.4802 0.6766
vn 0.6211 0.6476 -0.4414
vn -0.3594 -0.9304 -0.0719
vn -0.3596 -0.9303 -0.0720
vn -0.3595 -0.9304 -0.0718
vn 0.0316 -0.8412 0.5398
vn 0.0316 -0.8412 0.5397
vn 0.9089 -0.4108 0.0714
vn 0.9088 -0.4111 0.0712
vn 0.9091 -0.4104 0.0717
vn 0.6397 -0.4271 0.6391
vn 0.6398 -0.4267 0.6392
vn -0.7027 -0.4691 0.5350
vn 0.4915 -0.2836 -0.8234
vn 0.4915 -0.2835 -0.8234
vn -0.9205 -0.3693 0.1277
vn -0.9207 -0.3687 0.1277
vn -0.3580 -0.4501 0.8181
vn -0.3580 -0.4502 0.8181
vn -0.3028 -0.8763 -0.3748
vn -0.3028 -0.8762 -0.3748
vn 0.5946 -0.3222 0.7366
vn 0.5947 -0.3223 0.7365
vn 0.5947 -0.3224 0.7365
vn 0.5944 -0.3225 0.7366
vn 0.1573 0.9023 0.4014
vn 0.4901 0.7963 0.3545
vn 0.9266 -0.2763 0.2551
vn -0.4944 -0.7950 -0.3515
vn -0.3944 0.8764 0.2764
vn -0.3945 0.8764 0.2763
vn -0.1233 -0.9778 0.1695
vn -0.1229 -0.9778 0.1699
vn -0.1229 -0.9778 0.1698
vn -0.1231 -0.9777 0.1700
vn -0.0728 -0.9231 0.3775
vn -0.1453 -0.5513 0.8216
vn -0.1453 -0.5513 0.8215
vn -0.1453 -0.5514 0.8215
vn 0.0359 -0.5432 0.8388
vn -0.1398 -0.1641 -0.9765
vn -0.1398 -0.1637 -0.9766
vn -0.1398 -0.1642 -0.9765
vn 0.7230 -0.4615 -0.5141
vn 0.7229 -0.4616 -0.5142
vn 0.7231 -0.4614 -0.5141
vn 0.5437 -0.3261 0.7734
vn 0.5437 -0.3260 0.7734
vn 0.5437 -0.3259 0.7734
vn 0.6117 -0.5580 0.5607
vn 0.6117 -0.5583 0.5605
vn 0.6117 -0.5579 0.5608
vn 0.8471 -0.2339 -0.4771
vn 0.8471 -0.2340 -0.4771
vn 0.8472 -0.2338 -0.4771
vn -0.9294 -0.1949 -0.3135
vn -0.9293 -0.1950 -0.3136
vn -0.4345 -0.8762 0.2085
vn -0.4352 -0.8759 0.2084
vn 0.3462 -0.5161 0.7835
vn 0.3461 -0.5167 0.7831
vn 0.3461 -0.5169 0.7830
vn 0.0296 0.9709 0.2375
vn 0.2045 0.8327 0.5146
vn 0.2042 0.8327 0.5147
vn 0.2042 0.8328 0.5145
vn 0.2640 -0.1940 -0.9448
vn 0.2640 -0.1937 -0.9449
vn 0.2640 -0.1938 -0.9448
vn -0.6965 -0.4212 -0.5810
vn -0.6965 -0.4211 -0.5811
vn -0.2585 -0.5545 0.7910
vn -0.2586 -0.5545 0.7910
vn -0.2586 -0.5546 0.7909
vn -0.1529 -0.9023 -0.4030
vn -0.3604 0.6954 0.6217
vn 0.2342 -0.7848 0.5738
vn -0.4309 -0.5292 0.7310
vn -0.4309 -0.5283 0.7316
vn -0.4309 -0.5291 0.7310
vn -0.8258 -0.1165 0.5519
vn -0.8257 -0.1167 0.5518
vn -0.8258 -0.1167 0.5518
vn -0.8258 -0.1167 0.5517
vn 0.2925 0.9553 0.0423
vn 0.2927 0.9552 0.0431
vn 0.2924 0.9553 0.0433
vn 0.2925 0.9553 0.0431
vn 0.6333 -0.4795 0.6074
vn 0.7283 -0.2499 -0.6381
vn 0.7283 -0.2498 -0.6381
vn 0.1237 -0.1152 -0.9856
vn 0.1225 -0.1150 -0.9858
vn 0.1221 -0.1171 -0.9856
vn 0.1221 -0.1172 -0.9856
vn -0.0985 0.9357 -0.3389
vn -0.0980 0.9354 -0.3398
vn -0.0979 0.9354 -0.3398
vn 0.1043 -0.9332 0.3438
vn 0.1042 -0.9332 0.3440
vn 0.1042 -0.9332 0.3441
vn -0.2721 0.8817 0.3854
vn -0.2723 0.8818 0.3852
vn -0.2723 0.8817 0.3852
vn -0.2722 0.8818 0.3851
vn -0.7918 -0.0306 -0.6100
vn -0.7918 -0.0305 -0.6100
vn -0.7917 -0.0302 -0.6102
vn -0.7917 -0.0303 -0.6101
vn -0.3813 0.8889 0.2538
vn -0.3812 0.8890 0.2535
vn -0.3811 0.8891 0.2535
vn -0.3813 0.8890 0.2536
vn -0.7045 -0.3310 -0.6278
vn 0.6869 -0.4252 0.5894
vn 0.6868 -0.4254 0.5894
vn 0.6870 -0.4249 0.5895
vn 0.6868 -0.4253 0.5894
vn -0.2308 -0.9501 -0.2099
vn -0.2306 -0.9502 -0.2099
vn -0.2305 -0.9502 -0.2099
vn -0.5175 0.3990 0.7570
vn -0.5175 0.3991 0.7570
vn -0.9325 -0.3212 -0.1653
vn -0.9325 -0.3211 -0.1652
vn -0.9325 -0.3211 -0.1651
vn -0.7562 -0.1523 -0.6364
vn -0.1359 -0.9336 -0.3315
vn -0.1357 -0.9337 -0.3315
vn -0.1358 -0.9337 -0.3314
vn 0.6744 -0.1891 -0.7137
vn 0.8429 -0.3295 -0.4255
vn -0.2452 -0.9651 0.0914
vn -0.2452 -0.9652 0.0914
vn -0.2453 -0.9651 0.0915
vn 0.8318 0.4011 0.3838
vn 0.8317 0.4012 0.3838
vn 0.6741 -0.3640 -0.6427
vn 0.6741 -0.3640 -0.6428
vn 0.2142 0.9688 -0.1247
vn 0.2143 0.9688 -0.1246
vn 0.2142 0.9688 -0.1248
vn 0.0780 0.9817 -0.1738
vn 0.0787 0.9816 -0.1739
vn -0.7096 -0.7039 0.0314
vn 0.7963 -0.5500 0.2519
vn 0.7964 -0.5497 0.2522
vn 0.7962 -0.5501 0.2518
vn -0.6886 0.6296 -0.3598
vn 0.6395 0.7482 -0.1770
vn 0.7358 0.6647 0.1294
vn -0.8688 0.4822 -0.1124
vn -0.2292 -0.5522 0.8016
vn -0.2292 -0.5524 0.8015
vn -0.2291 -0.5525 0.8014
vn 0.3770 0.5720 -0.7285
vn 0.0660 0.5493 -0.8330
vn -0.6927 -0.7209 0.0217
vn 0.7876 -0.5701 0.2341
vn -0.2232 -0.5736 0.7882
vn 0.2698 -0.9262 -0.2633
vn 0.2698 0.8389 -0.4726
vn 0.4365 0.8990 0.0359
vn 0.4365 -0.8657 0.2452
vn 0.0000 0.9367 0.3502
vn 0.0000 -0.8288 0.5596
vn -0.4365 0.8990 0.0359
vn -0.4365 -0.8657 0.2452
vn -0.2698 0.8389 -0.4726
vn -0.2698 -0.9262 -0.2633
vn 0.2701 0.7352 0.6217
vn 0.2700 0.7352 0.6217
vn -0.4327 -0.8933 -0.1218
vn 0.3096 -0.5134 -0.8003
vn -0.9962 -0.0596 -0.0636
vn 0.8283 -0.4958 -0.2611
vn -0.5602 -0.6925 -0.4546
vn -0.5603 -0.6922 -0.4548
vn -0.5601 -0.6926 -0.4545
vn -0.0857 -0.8696 -0.4863
vn -0.0858 -0.8696 -0.4862
vn 0.6005 -0.7819 0.1676
vn 0.6005 -0.7818 0.1676
vn 0.1790 0.3162 0.9316
vn 0.6450 0.3605 0.6738
vn 0.6447 0.3609 0.6739
vn 0.0937 0.3957 -0.9136
vn 0.0937 0.3955 -0.9137
vn 0.0937 0.3956 -0.9136
vn -0.7563 0.0075 -0.6542
vn -0.7563 0.0076 -0.6542
vn -0.3068 -0.3081 0.9005
vn 0.6970 0.5259 -0.4874
vn 0.3231 -0.2362 -0.9164
vn 0.3231 -0.2360 -0.9165
vn 0.3230 -0.2358 -0.9166
vn 0.9551 -0.0017 -0.2962
vn 0.9552 -0.0018 -0.2960
vn 0.9552 -0.0016 -0.2960
vn 0.2821 0.1911 0.9402
vn 0.2821 0.1910 0.9402
vn -0.7711 0.5455 0.3284
vn -0.7712 0.5452 0.3286
vn -0.0802 -0.0508 -0.9955
vn -0.0802 -0.0509 -0.9955
vn 0.6162 -0.0874 0.7827
vn 0.4426 -0.7569 -0.4808
vn -0.0202 0.9889 -0.1472
vn -0.0202 0.9889 -0.1475
vn 0.9380 0.1780 0.2974
vn 0.9380 0.1781 0.2975
vn 0.9380 0.1781 0.2974
vn -0.2405 -0.9635 0.1174
vn -0.2405 -0.9635 0.1175
vn 0.1630 -0.9818 -0.0970
vn 0.1630 -0.9819 -0.0970
vn -0.8152 -0.4193 -0.3996
vn -0.8152 -0.4194 -0.3995
vn 0.4387 0.1074 -0.8922
vn 0.4387 0.1073 -0.8922
vn 0.4386 0.1074 -0.8922
vn 0.8049 -0.4619 -0.3724
vn 0.8050 -0.4619 -0.3724
vn 0.8050 -0.4618 -0.3723
vn 0.8050 -0.4618 -0.3724
vn -0.8143 -0.3169 0.4862
vn -0.2057 -0.0299 -0.9782
vn -0.0076 -0.1791 0.9838
vn -0.0078 -0.1786 0.9839
vn -0.0077 -0.1789 0.9838
vn -0.4917 -0.5509 -0.6743
vn -0.4918 -0.5509 -0.6743
vn -0.4918 -0.5508 -0.6743
vn 0.9374 0.3360 0.0912
vn 0.9375 0.3359 0.0912
vn 0.1587 0.4911 -0.8566
vn 0.1587 0.4911 -0.8565
vn 0.1587 0.4910 -0.8566
vn -0.3238 -0.8971 0.3005
vn -0.3238 -0.8972 0.3004
vn 0.3359 -0.1653 0.9273
vn 0.3359 -0.1654 0.9273
vn -0.6261 0.6356 0.4516
vn -0.6262 0.6356 0.4516
vn 0.0632 0.9835 -0.1694
vn 0.2738 -0.6861 -0.6740
vn 0.2737 -0.6859 -0.6743
vn 0.2735 -0.6861 -0.6742
vn -0.1861 -0.6127 0.7681
vn -0.1861 -0.6128 0.7680
vn -0.1861 -0.6128 0.7681
vn 0.6717 0.7312 0.1190
vn 0.6715 0.7314 0.1190
vn 0.6715 0.7314 0.1191
vn 0.6716 0.7313 0.1190
vn -0.9088 0.2361 0.3441
vn -0.9086 0.2364 0.3443
vn 0.8169 -0.3337 -0.4705
vn 0.8170 -0.3336 -0.4705
vn 0.8169 -0.3337 -0.4704
vn 0.8168 -0.3337 -0.4706
vn -0.7580 -0.1530 -0.6340
vn -0.7580 -0.1529 -0.6341
vn -0.7582 -0.1526 -0.6339
vn -0.8292 -0.5484 -0.1084
vn -0.8292 -0.5483 -0.1083
vn -0.8292 -0.5483 -0.1082
vn -0.6253 -0.1913 0.7566
vn -0.6254 -0.1911 0.7565
vn -0.6254 -0.1911 0.7566
vn -0.6254 -0.1912 0.7565
vn -0.5403 -0.7037 0.4613
vn -0.5404 -0.7037 0.4613
vn -0.8091 0.1044 0.5784
vn -0.8091 0.1043 0.5783
vn -0.8091 0.1044 0.5783
vn -0.8091 0.1042 0.5784
vn 0.2123 0.6110 -0.7627
vn 0.2122 0.6110 -0.7627
vn -0.4656 0.2618 0.8454
vn -0.4657 0.2617 0.8454
vn -0.4657 0.2618 0.8453
vn -0.6522 -0.1896 -0.7339
vn -0.6523 -0.1896 -0.7339
vn -0.6523 -0.1895 -0.7339
vn -0.7913 0.5659 -0.2315
vn -0.7914 0.5658 -0.2316
vn -0.7914 0.5657 -0.2315
vn -0.7914 0.5658 -0.2315
vn 0.0241 -0.6656 0.7459
vn 0.0242 -0.6656 0.7459
vn -0.9499 0.1081 -0.2931
vn -0.9499 0.1082 -0.2932
vn -0.9499 0.1082 -0.2931
vn 0.8923 0.0522 -0.4483
vn 0.8923 0.0522 -0.4484
vn 0.8923 0.0523 -0.4484
vn 0.8923 0.0523 -0.4483
vn -0.6265 -0.6592 0.4158
vn -0.6265 -0.6591 0.4159
vn -0.6266 -0.6591 0.4159
vn -0.2621 0.9041 0.3375
vn -0.2620 0.9041 0.3375
vn -0.2620 0.9041 0.3376
vn 0.2420 -0.9296 0.2779
vn -0.2113 0.9705 -0.1161
vn -0.2113 0.9705 -0.1160
vn 0.0609 0.2255 0.9723
vn 0.0608 0.2253 0.9724
vn 0.0608 0.2254 0.9724
vn 0.0609 0.2254 0.9724
vn -0.2122 0.0930 -0.9728
vn -0.2121 0.0930 -0.9728
vn 0.9425 -0.2822 0.1790
vn 0.9426 -0.2820 0.1790
vn 0.9426 -0.2821 0.1790
vn 0.9426 -0.2819 0.1789
vn 0.8985 -0.3459 0.2704
vn 0.8985 -0.3457 0.2706
vn 0.8984 -0.3459 0.2704
vn 0.8985 -0.3458 0.2706
vn -0.9962 0.0706 -0.0510
vn -0.0492 0.9611 0.2717
vn -0.0491 0.9611 0.2717
vn -0.0493 0.9611 0.2719
vn 0.3851 -0.8562 0.3444
vn 0.3851 -0.8562 0.3445
vn 0.2412 -0.6776 0.6948
vn 0.2411 -0.6776 0.6948
vn 0.2409 -0.6778 0.6947
vn 0.3447 0.6314 0.6946
vn 0.3447 0.6314 0.6947
vn 0.6598 0.7514 -0.0036
vn 0.6598 0.7515 -0.0036
vn 0.6598 0.7515 -0.0037
vn -0.5461 0.3225 -0.7732
vn 0.5638 -0.0341 -0.8252
vn 0.5637 -0.0339 -0.8253
vn 0.4069 0.8871 -0.2180
vn -0.3235 -0.4236 -0.8461
vn -0.3236 -0.4235 -0.8461
vn -0.3234 -0.4237 -0.8461
vn -0.3235 -0.4235 -0.8461
vn 0.8112 0.2134 0.5445
vn -0.7708 0.6041 -0.2023
vn -0.7708 0.6041 -0.2024
vn -0.7708 0.6040 -0.2024
vn 0.9863 0.1450 -0.0783
vn 0.9863 0.1449 -0.0783
vn 0.9863 0.1450 -0.0784
vn 0.0620 -0.9981 -0.0065
vn 0.0619 -0.9981 -0.0065
vn -0.3090 0.4746 0.8242
vn 0.4433 -0.5367 0.7179
vn 0.4433 -0.5367 0.7180
vn -0.5196 -0.7325 0.4399
vn -0.5196 -0.7325 0.4398
vn 0.2832 0.7926 0.5399
vn -0.9377 -0.2705 0.2182
vn -0.5863 -0.4338 0.6842
vn -0.5864 -0.4336 0.6842
vn -0.0245 -0.9587 0.2832
vn -0.0245 -0.9587 0.2833
vn -0.6689 -0.1514 0.7278
vn 0.6689 0.3174 0.6722
vn -0.6689 0.3174 0.6722
vn 0.9680 -0.2483 0.0379
vn 0.9680 -0.2482 0.0379
vn -0.9024 0.2367 0.3602
vn -0.9024 0.2367 0.3601
vn -0.4434 0.4926 -0.7488
vn 0.0836 -0.9111 0.4035
vn 0.0836 -0.9112 0.4035
vn -0.8393 0.3942 -0.3743
vn -0.6100 -0.7911 0.0454
vn -0.6101 -0.7911 0.0454
vn -0.9554 0.2132 -0.2044
vn -0.2255 0.7919 -0.5674
vn -0.2254 0.7920 -0.5674
vn -0.2255 0.7919 -0.5675
vn -0.3121 0.6487 0.6941
vn -0.8420 -0.4697 -0.2653
vn 0.8223 0.5591 -0.1057
vn 0.8224 0.5590 -0.1054
vn 0.8369 -0.2239 -0.4995
vn 0.9554 0.2132 -0.2044
vn 0.5686 -0.5775 0.5858
vn 0.5685 -0.5775 0.5859
vn 0.5686 -0.5775 0.5859
vn -0.9554 -0.2551 -0.1488
vn -0.4394 0.8923 -0.1034
vn -0.4395 0.8923 -0.1034
vn 0.3239 -0.8845 -0.3357
vn 0.3240 -0.8845 -0.3357
vn 0.2694 0.3807 -0.8846
vn 0.2694 0.3808 -0.8846
vn -0.0939 0.7495 0.6553
vn -0.0939 0.7494 0.6554
vn -0.0939 0.7495 0.6554
vn 0.1091 -0.3808 0.9182
vn 0.1092 -0.3809 0.9182
vn 0.1091 -0.3809 0.9182
vn 0.7568 0.2369 0.6092
vn -0.3138 0.9467 -0.0729
vn -0.3138 0.9467 -0.0728
vn -0.2730 -0.5936 -0.7570
vn 0.1098 -0.9864 -0.1222
vn 0.1098 -0.9864 -0.1224
vn 0.1098 -0.9864 -0.1223
vn 0.7323 0.5805 -0.3561
vn 0.7323 0.5805 -0.3560
vn 0.7323 0.5804 -0.3562
vn -0.2397 -0.2753 -0.9310
vn 0.6479 -0.4109 -0.6413
vn 0.6480 -0.4109 -0.6413
vn 0.6483 -0.4107 -0.6411
vn 0.2967 0.9448 0.1388
vn 0.6393 0.4675 0.6105
vn 0.6394 0.4675 0.6105
vn 0.0181 -0.8701 -0.4926
vn 0.0182 -0.8701 -0.4926
vn 0.2767 0.7883 -0.5496
vn 0.2768 0.7883 -0.5496
vn 0.1061 0.9878 0.1143
vn 0.1061 0.9877 0.1147
vn 0.1260 -0.3481 -0.9290
vn 0.5606 -0.7056 0.4334
vn 0.9842 -0.1703 -0.0484
vn 0.3698 -0.0549 0.9275
vn -0.9842 -0.1703 -0.0484
vn 0.7567 0.6223 0.2006
vn 0.7566 0.6223 0.2006
vn 0.7566 0.6223 0.2005
vn -0.3046 0.8366 -0.4553
vn -0.8047 0.5037 -0.3142
vn -0.8048 0.5037 -0.3141
vn -0.8047 0.5038 -0.3142
vn -0.3412 -0.8209 -0.4579
vn 0.6340 -0.2571 0.7293
vn -0.9002 -0.3759 0.2197
vn -0.9002 -0.3760 0.2197
vn -0.2079 0.8744 0.4385
vn -0.2078 0.8744 0.4384
vn -0.6145 0.6941 0.3751
vn -0.2893 0.7448 -0.6013
vn -0.2894 0.7448 -0.6013
vn 0.3173 0.8603 -0.3989
vn 0.3173 0.8604 -0.3989
vn -0.5625 0.1364 0.8155
vn 0.1175 -0.4419 -0.8893
vn 0.1175 -0.4418 -0.8894
vn 0.1175 -0.4419 -0.8894
vn 0.7362 0.1674 -0.6557
vn -0.3134 -0.0556 0.9480
vn -0.3134 -0.0557 0.9480
vn 0.6500 0.4380 -0.6210
vn 0.6500 0.4381 -0.6209
vn 0.6515 -0.7469 -0.1328
vn 0.0000 0.5206 0.8538
vn 0.5353 0.3267 -0.7789
vn 0.0000 -0.3065 0.9519
vn -0.4638 0.3828 -0.7990
vn 0.8350 -0.1033 0.5404
vn 0.8351 -0.1033 0.5404
vn 0.8351 -0.1034 0.5404
vn 0.3547 -0.7352 0.5776
vn -0.4655 0.3350 0.8192
vn -0.0000 -0.9930 0.1178
vn 0.8652 0.4459 0.2295
vn 0.3546 0.8500 0.3896
vn 0.4655 0.3350 0.8192
vn -0.3547 -0.7352 0.5776
vn 0.9842 0.1542 -0.0869
vn -0.3698 0.2703 0.8889
vn 0.0000 0.7219 -0.6920
vn 0.8097 -0.0691 -0.5828
vn -0.3097 0.1120 0.9442
vn -0.9842 0.1542 -0.0869
vn 0.5618 0.2055 -0.8013
vn -0.3698 -0.0549 0.9275
vn -0.5618 0.2055 -0.8013
vn -0.1260 0.1211 -0.9846
vn -0.5736 0.7703 -0.2786
vn 0.4655 -0.1341 0.8748
vn -0.5736 -0.8141 -0.0907
vn 0.8652 -0.3798 0.3275
vn 0.5736 -0.8141 -0.0907
vn -0.1260 -0.3481 -0.9290
vn -0.0000 0.9930 -0.1178
vn 0.5618 -0.3873 -0.7310
vn 0.7568 -0.0879 0.6477
vn 0.3097 0.1120 0.9442
vn 0.9080 0.3307 0.2572
vn 0.3547 -0.8499 -0.3896
vn -0.8097 -0.0691 -0.5828
vn 0.0000 0.4090 0.9125
vn 0.5353 -0.4999 -0.6809
vn 0.8780 0.1852 -0.4414
vn 0.0000 -0.8637 -0.5039
vn -0.8780 -0.2833 -0.3859
vn -0.3097 -0.1120 -0.9442
vn -0.5353 0.3267 -0.7789
vn -0.8780 0.1852 -0.4414
vn 0.0000 -0.1842 0.9829
vn 0.9554 -0.2551 -0.1488
vn 0.5887 -0.0952 -0.8027
vn -0.7568 -0.0879 0.6477
vn 0.0000 -0.7219 0.6920
vn -0.8369 0.1008 -0.5380
vn 1.0000 -0.0000 0.0000
vn -0.8097 0.0691 0.5828
vn 0.8097 0.0691 0.5828
vn -0.5887 -0.0952 -0.8027
vn 0.2397 -0.2753 -0.9310
vn -0.2397 0.0499 -0.9696
vn -0.9080 0.3307 0.2572
vn 0.1260 0.1211 -0.9846
vn 0.5736 0.8141 0.0907
vn -0.8652 -0.3798 0.3275
vn -0.5736 -0.7703 0.2786
vn -0.5736 0.8141 0.0907
vn -0.7568 0.2369 0.6092
vn 0.5736 0.7703 -0.2786
vn 0.2397 0.0499 -0.9696
vn 0.9513 0.0363 0.3062
vn 0.3097 -0.1120 -0.9442
vn -0.3547 0.7352 -0.5776
vn -0.9080 -0.2614 0.3274
vn 0.3547 0.7352 -0.5776
vn 0.3698 0.2703 0.8889
vn 0.8369 0.1008 -0.5380
vn 0.5736 -0.7703 0.2786
vn -0.8652 0.4459 0.2295
vn -0.4655 -0.1341 0.8748
vn -0.3547 -0.8499 -0.3896
vn -0.5353 -0.4999 -0.6809
vn 0.6689 -0.1514 0.7278
vn 0.8780 -0.2833 -0.3859
vn -0.3546 0.8499 0.3896
vn -0.5618 -0.3873 -0.7310
vn -0.8369 -0.2239 -0.4995
vn 0.9080 -0.2614 0.3274
vn -0.9513 0.0363 0.3062
vn -1.0000 0.0000 0.0000
vn 0.0000 0.8637 0.5039
vn 0.0000 0.1178 0.9930
g Palm_9_Palm_9_Collor_Material
usemtl Collor_Material
s off
f 902/1/1 921/2/1 916/3/2 893/4/1
f 918/5/3 919/6/4 898/7/5 896/8/4
f 897/9/6 912/10/7 913/11/8 899/12/7
f 841/13/9 842/14/10 813/15/11 803/16/9
f 892/17/12 910/18/13 911/19/12 895/20/14
f 914/21/15 915/22/16 903/23/17 901/24/18
f 854/25/19 855/26/20 821/27/21 811/28/22
f 771/29/23 856/30/24 857/31/23 780/32/25
f 853/33/26 854/34/27 811/35/28 801/36/26
f 816/37/29 885/38/29 880/39/29 775/40/29
f 943/41/30 944/42/31 932/43/30 931/44/30
f 817/45/32 879/46/33 874/47/32 774/48/34
f 823/49/35 843/50/36 838/51/37 768/52/35
f 842/53/38 843/54/39 823/55/40 813/56/39
f 775/57/41 880/58/41 881/59/41 776/60/42
f 770/61/43 850/62/44 851/63/45 781/64/46
f 802/65/47 812/66/48 842/67/49 841/68/47
f 812/69/50 822/70/50 843/71/50 842/72/50
f 862/73/51 773/74/52 778/75/53 863/76/51
f 789/77/54 799/78/54 859/79/54 858/80/54
f 787/81/55 797/82/55 871/83/55 870/84/55
f 889/85/56 890/86/56 920/87/56 919/88/56
f 904/89/57 892/90/58 895/91/57 905/92/59
f 805/93/60 815/94/61 762/95/62 760/96/63
f 804/97/64 814/98/65 830/99/64 829/100/64
f 917/101/66 887/102/66 888/103/67 918/104/66
f 838/105/68 769/106/68 782/107/68 839/108/69
f 855/109/70 820/110/70 771/111/70 850/112/70
f 874/113/71 775/114/72 776/115/71 875/116/71
f 891/117/73 886/118/73 916/119/74 921/120/73
f 928/121/75 940/122/75 941/123/75 929/124/75
f 898/125/76 900/126/76 914/127/76 913/128/76
f 843/129/77 822/130/77 769/131/77 838/132/77
f 795/133/78 805/134/79 760/135/80 758/136/81
f 759/137/82 761/138/82 883/139/82 882/140/82
f 894/141/83 896/142/84 912/143/84 911/144/84
f 860/145/85 809/146/86 819/147/86 861/148/87
f 781/149/88 791/150/89 846/151/89 845/152/89
f 786/153/90 796/154/90 877/155/90 876/156/90
f 896/157/91 898/158/92 913/159/92 912/160/92
f 890/161/93 891/162/94 921/163/95 920/164/94
f 832/165/96 768/166/97 783/167/96 833/168/98
f 800/169/99 810/170/99 854/171/99 853/172/99
f 794/173/100 804/174/100 829/175/101 828/176/100
f 784/177/102 794/178/103 828/179/104 827/180/103
f 837/181/105 823/182/105 768/183/106 832/184/105
f 885/185/107 765/186/107 755/187/107 880/188/107
f 850/189/108 771/190/108 780/191/108 851/192/108
f 849/193/109 821/194/109 770/195/110 844/196/109
f 793/197/111 803/198/112 835/199/113 834/200/114
f 801/201/115 811/202/116 848/203/115 847/204/117
f 836/205/118 813/206/118 823/207/118 837/208/118
f 880/209/119 755/210/120 757/211/119 881/212/121
f 879/213/122 816/214/123 775/215/124 874/216/123
f 910/217/125 893/218/126 894/219/125 911/220/127
f 825/221/128 766/222/129 754/223/130 764/224/131
f 856/225/132 772/226/132 779/227/132 857/228/132
f 854/229/133 810/230/133 820/231/133 855/232/133
f 796/233/134 806/234/134 878/235/135 877/236/136
f 942/237/137 943/238/137 931/239/137 930/240/137
f 803/241/138 813/242/139 836/243/140 835/244/141
f 839/245/142 782/246/142 792/247/143 840/248/142
f 861/249/144 819/250/145 772/251/145 856/252/145
f 779/253/146 789/254/147 858/255/148 857/256/147
f 873/257/149 817/258/149 774/259/149 868/260/149
f 908/261/150 901/262/150 903/263/151 909/264/150
f 830/265/152 814/266/152 824/267/152 831/268/152
f 780/269/153 790/270/154 852/271/154 851/272/154
f 792/273/155 802/274/156 841/275/157 840/276/156
f 799/277/158 809/278/158 860/279/158 859/280/158
f 831/281/159 824/282/160 767/283/161 826/284/162
f 815/285/163 825/286/164 764/287/163 762/288/164
f 935/289/165 929/290/166 930/291/166 936/292/165
f 867/293/167 818/294/167 773/295/167 862/296/168
f 756/297/169 785/298/169 795/299/170 758/300/171
f 754/301/172 766/302/172 785/303/172 756/304/173
f 777/305/174 787/306/174 870/307/174 869/308/174
f 884/309/175 763/310/175 765/311/175 885/312/175
f 826/313/176 767/314/176 784/315/176 827/316/177
f 790/317/178 800/318/179 853/319/180 852/320/179
f 778/321/181 788/322/181 864/323/182 863/324/181
f 868/325/183 774/326/183 777/327/183 869/328/184
f 872/329/185 807/330/186 817/331/185 873/332/185
f 844/333/187 770/334/187 781/335/187 845/336/187
f 848/337/188 811/338/188 821/339/189 849/340/188
f 791/341/190 801/342/191 847/343/191 846/344/191
f 788/345/192 798/346/193 865/347/192 864/348/192
f 757/349/194 759/350/194 882/351/194 881/352/194
f 798/353/195 808/354/196 866/355/197 865/356/198
f 761/357/199 763/358/199 884/359/200 883/360/201
f 866/361/202 808/362/202 818/363/202 867/364/202
f 797/365/203 807/366/203 872/367/203 871/368/203
f 776/369/204 786/370/204 876/371/205 875/372/204
f 780/373/206 857/374/207 858/375/208 790/376/209
f 768/377/210 838/378/211 839/379/212 783/380/212
f 840/381/213 841/382/214 803/383/215 793/384/214
f 794/385/216 834/386/217 835/387/217 804/388/218
f 759/389/219 757/390/220 905/391/221 906/392/222
f 822/393/223 849/394/224 844/395/225 769/396/223
f 837/397/226 832/398/227 767/399/228 824/400/229
f 860/401/230 861/402/231 820/403/232 810/404/232
f 815/405/233 830/406/234 831/407/235 825/408/235
f 809/409/236 866/410/237 867/411/237 819/412/237
f 767/413/238 832/414/239 833/415/240 784/416/241
f 836/417/242 837/418/243 824/419/244 814/420/245
f 812/421/246 848/422/247 849/423/248 822/424/249
f 805/425/250 829/426/251 830/427/250 815/428/252
f 855/429/253 850/430/254 770/431/255 821/432/256
f 773/433/257 868/434/257 869/435/257 778/436/257
f 828/437/258 829/438/258 805/439/259 795/440/258
f 784/441/260 833/442/261 834/443/260 794/444/262
f 765/445/263 909/446/263 904/447/263 755/448/263
f 820/449/264 861/450/264 856/451/264 771/452/264
f 846/453/265 847/454/266 802/455/265 792/456/267
f 827/457/268 828/458/269 795/459/270 785/460/271
f 865/461/272 866/462/273 809/463/274 799/464/274
f 840/465/275 793/466/276 783/467/277 839/468/276
f 847/469/278 848/470/279 812/471/279 802/472/279
f 871/473/280 872/474/281 808/475/280 798/476/282
f 845/477/283 846/478/284 792/479/285 782/480/286
f 858/481/287 859/482/288 800/483/288 790/484/289
f 761/485/290 759/486/290 906/487/290 907/488/290
f 791/489/291 852/490/292 853/491/293 801/492/291
f 819/493/294 867/494/294 862/495/295 772/496/296
f 859/497/297 860/498/297 810/499/297 800/500/298
f 864/501/299 865/502/300 799/503/301 789/504/300
f 825/505/302 831/506/303 826/507/303 766/508/303
f 863/509/304 864/510/305 789/511/306 779/512/305
f 766/513/307 826/514/308 827/515/309 785/516/310
f 818/517/311 873/518/311 868/519/311 773/520/311
f 870/521/312 871/522/313 798/523/313 788/524/313
f 808/525/314 872/526/314 873/527/314 818/528/315
f 772/529/316 862/530/317 863/531/316 779/532/316
f 769/533/318 844/534/319 845/535/320 782/536/321
f 882/537/322 883/538/322 796/539/322 786/540/322
f 876/541/323 877/542/323 797/543/323 787/544/323
f 877/545/324 878/546/325 807/547/324 797/548/326
f 807/549/327 878/550/327 879/551/327 817/552/327
f 869/553/328 870/554/329 788/555/328 778/556/328
f 806/557/330 884/558/331 885/559/332 816/560/333
f 774/561/334 874/562/334 875/563/334 777/564/334
f 875/565/335 876/566/335 787/567/335 777/568/335
f 916/569/336 886/570/337 887/571/337 917/572/336
f 897/573/338 899/574/339 907/575/339 906/576/339
f 918/577/340 888/578/340 889/579/340 919/580/340
f 878/581/341 806/582/341 816/583/341 879/584/341
f 931/585/342 932/586/342 938/587/342 937/588/342
f 909/589/343 903/590/343 892/591/344 904/592/343
f 895/593/345 897/594/345 906/595/346 905/596/345
f 932/597/347 933/598/348 939/599/349 938/600/348
f 934/601/350 928/602/351 929/603/350 935/604/352
f 915/605/353 910/606/353 892/607/353 903/608/353
f 895/609/354 911/610/355 912/611/356 897/612/357
f 881/613/358 882/614/359 786/615/359 776/616/360
f 883/617/361 884/618/362 806/619/363 796/620/364
f 919/621/365 920/622/366 900/623/367 898/624/368
f 900/625/369 920/626/369 921/627/370 902/628/371
f 913/629/372 914/630/373 901/631/374 899/632/375
f 917/633/376 918/634/377 896/635/378 894/636/379
f 763/637/380 908/638/381 909/639/382 765/640/382
f 781/641/383 851/642/384 852/643/385 791/644/386
f 763/645/387 761/646/388 907/647/389 908/648/390
f 835/649/391 836/650/392 814/651/393 804/652/391
f 755/653/394 904/654/395 905/655/394 757/656/394
f 924/657/396 925/658/397 943/659/396 942/660/396
f 923/661/398 924/662/399 942/663/400 941/664/400
f 945/665/401 927/666/402 922/667/402 940/668/403
f 933/669/404 928/670/405 934/671/405 939/672/406
f 914/673/407 900/674/407 902/675/408 915/676/407
f 936/677/409 930/678/410 931/679/411 937/680/410
f 915/681/412 902/682/412 893/683/413 910/684/412
f 899/685/414 901/686/415 908/687/414 907/688/414
f 941/689/416 942/690/417 930/691/417 929/692/417
f 933/693/418 945/694/419 940/695/420 928/696/418
f 932/697/421 944/698/421 945/699/422 933/700/421
f 937/701/423 938/702/424 890/703/425 889/704/425
f 939/705/426 891/706/427 890/707/428 938/708/429
f 936/709/430 937/710/430 889/711/430 888/712/430
f 893/713/431 916/714/432 917/715/433 894/716/434
f 935/717/435 887/718/436 886/719/435 934/720/437
f 940/721/438 922/722/439 923/723/438 941/724/438
f 944/725/440 926/726/441 927/727/440 945/728/442
f 935/729/443 936/730/444 888/731/445 887/732/446
f 783/733/447 793/734/448 834/735/449 833/736/450
f 934/737/451 886/738/451 891/739/451 939/740/451
f 925/741/452 926/742/452 944/743/452 943/744/452
f 154/745/453 142/746/453 144/747/453
f 149/748/454 150/749/454 151/750/454
f 148/751/455 151/752/455 150/753/456
f 142/754/457 154/755/457 143/756/458
f 175/757/459 162/758/459 164/759/459
f 171/760/460 172/761/460 173/762/460
f 170/763/461 173/764/461 172/765/462
f 162/766/463 175/767/463 163/768/463
f 196/769/464 185/770/464 187/771/464
f 192/772/465 193/773/465 194/774/465
f 191/775/466 194/776/466 193/777/466
f 185/778/467 196/779/467 186/780/467
f 216/781/468 205/782/468 207/783/468
f 212/784/469 213/785/469 214/786/469
f 211/787/470 214/788/471 213/789/470
f 205/790/472 216/791/472 206/792/472
f 408/793/473 419/794/474 409/795/475
f 232/796/476 233/797/476 236/798/476
f 231/799/477 236/800/477 233/801/477
f 227/802/478 235/803/478 225/804/478
f 257/805/479 245/806/479 247/807/479
f 254/808/480 255/809/480 256/810/480
f 253/811/481 256/812/481 255/813/482
f 245/814/483 257/815/483 246/816/483
f 278/817/484 268/818/484 270/819/484
f 275/820/485 276/821/485 277/822/485
f 274/823/486 277/824/486 276/825/487
f 268/826/488 278/827/489 269/828/488
f 299/829/490 288/830/491 290/831/490
f 295/832/492 296/833/492 297/834/492
f 294/835/493 297/836/493 296/837/493
f 288/838/494 299/839/495 289/840/496
f 320/841/497 308/842/497 310/843/497
f 315/844/498 316/845/498 317/846/498
f 314/847/499 317/848/499 316/849/499
f 308/850/500 320/851/501 309/852/500
f 340/853/502 328/854/502 330/855/502
f 335/856/503 336/857/503 337/858/503
f 334/859/504 337/860/504 336/861/504
f 328/862/505 340/863/506 329/864/505
f 359/865/507 348/866/507 350/867/507
f 355/868/508 356/869/508 357/870/508
f 354/871/509 357/872/509 356/873/509
f 348/874/510 359/875/511 349/876/510
f 379/877/512 368/878/512 370/879/512
f 375/880/513 376/881/513 377/882/513
f 374/883/514 377/884/514 376/885/515
f 368/886/516 379/887/517 369/888/517
f 419/889/518 408/890/519 410/891/518
f 399/892/520 388/893/520 390/894/521
f 395/895/522 396/896/523 397/897/524
f 394/898/525 397/899/526 396/900/527
f 388/901/528 399/902/528 389/903/529
f 415/904/530 416/905/530 417/906/530
f 414/907/531 417/908/531 416/909/531
f 438/910/532 428/911/532 430/912/532
f 435/913/533 436/914/533 440/915/533
f 434/916/534 440/917/535 436/918/535
f 428/919/536 438/920/536 429/921/536
f 235/922/537 226/923/538 225/924/539
f 460/925/540 450/926/540 448/927/540
f 455/928/541 457/929/541 456/930/541
f 454/931/542 456/932/543 457/933/543
f 448/934/544 449/935/544 460/936/545
f 481/937/546 470/938/546 468/939/546
f 477/940/547 479/941/547 478/942/547
f 476/943/548 478/944/549 479/945/550
f 468/946/551 469/947/551 481/948/551
f 502/949/552 493/950/552 491/951/552
f 498/952/553 500/953/554 499/954/554
f 497/955/555 499/956/556 500/957/556
f 491/958/557 492/959/558 502/960/557
f 522/961/559 513/962/560 511/963/560
f 518/964/561 520/965/561 519/966/561
f 517/967/562 519/968/562 520/969/562
f 511/970/563 512/971/564 522/972/563
f 714/973/565 715/974/566 725/975/566
f 538/976/567 542/977/567 539/978/567
f 537/979/568 539/980/568 542/981/568
f 533/982/569 531/983/570 541/984/569
f 563/985/571 553/986/571 551/987/571
f 560/988/572 562/989/572 561/990/572
f 559/991/573 561/992/573 562/993/573
f 551/994/574 552/995/574 563/996/574
f 584/997/575 576/998/575 574/999/575
f 581/1000/576 583/1001/576 582/1002/576
f 580/1003/577 582/1004/578 583/1005/579
f 574/1006/580 575/1007/581 584/1008/582
f 605/1009/583 596/1010/584 594/1011/584
f 601/1012/585 603/1013/585 602/1014/585
f 600/1015/586 602/1016/587 603/1017/587
f 594/1018/588 595/1019/588 605/1020/589
f 626/1021/590 616/1022/590 614/1023/590
f 621/1024/591 623/1025/591 622/1026/591
f 620/1027/592 622/1028/593 623/1029/594
f 614/1030/595 615/1031/595 626/1032/595
f 646/1033/596 636/1034/596 634/1035/596
f 641/1036/597 643/1037/597 642/1038/597
f 640/1039/598 642/1040/598 643/1041/599
f 634/1042/600 635/1043/601 646/1044/602
f 665/1045/603 656/1046/604 654/1047/605
f 661/1048/606 663/1049/606 662/1050/606
f 660/1051/607 662/1052/608 663/1053/609
f 654/1054/610 655/1055/610 665/1056/610
f 685/1057/611 676/1058/611 674/1059/612
f 681/1060/613 683/1061/613 682/1062/613
f 680/1063/614 682/1064/614 683/1065/615
f 674/1066/616 675/1067/617 685/1068/616
f 725/1069/618 716/1070/619 714/1071/618
f 705/1072/620 696/1073/621 694/1074/621
f 701/1075/622 703/1076/622 702/1077/622
f 700/1078/623 702/1079/623 703/1080/623
f 694/1081/624 695/1082/625 705/1083/626
f 721/1084/627 723/1085/627 722/1086/627
f 720/1087/628 722/1088/629 723/1089/629
f 744/1090/630 736/1091/630 734/1092/630
f 741/1093/631 746/1094/631 742/1095/631
f 740/1096/632 742/1097/633 746/1098/633
f 734/1099/634 735/1100/634 744/1101/635
f 541/1102/636 531/1103/637 532/1104/637
f 531/1105/638 225/1106/639 226/1107/640 532/1108/641
f 448/1109/642 142/1110/642 143/1111/642 449/1112/642
f 743/1113/643 739/1114/644 752/1115/645 745/1116/643
f 547/1117/646 537/1118/647 542/1119/648 540/1120/649
f 587/1121/650 577/1122/651 576/1123/652 584/1124/653
f 610/1125/654 600/1126/655 603/1127/656 604/1128/657
f 445/1129/658 437/1130/659 440/1131/659 434/1132/660
f 429/1133/661 438/1134/662 443/1135/661 441/1136/663
f 425/1137/664 413/1138/665 418/1139/666 427/1140/665
f 666/1141/667 360/1142/667 367/1143/667 673/1144/667
f 459/1145/668 462/1146/669 156/1147/668 153/1148/669
f 551/1149/670 245/1150/670 246/1151/670 552/1152/670
f 491/1153/671 185/1154/671 186/1155/671 492/1156/672
f 630/1157/673 620/1158/674 623/1159/675 624/1160/676
f 330/1161/677 328/1162/678 634/1163/679 636/1164/678
f 144/1165/680 142/1166/681 448/1167/682 450/1168/681
f 490/1169/683 488/1170/684 182/1171/684 184/1172/684
f 511/1173/685 205/1174/685 206/1175/685 512/1176/685
f 633/1177/686 327/1178/686 326/1179/686 632/1180/686
f 521/1181/687 527/1182/688 221/1183/687 215/1184/688
f 337/1185/689 334/1186/689 345/1187/690 338/1188/691
f 645/1189/692 648/1190/692 342/1191/692 339/1192/692
f 645/1193/693 339/1194/693 343/1195/693 649/1196/693
f 684/1197/694 677/1198/695 676/1199/696 685/1200/697
f 746/1201/698 743/1202/699 751/1203/700 740/1204/701
f 681/1205/702 679/1206/703 691/1207/703 683/1208/703
f 472/1209/704 473/1210/705 167/1211/705 166/1212/706
f 515/1213/707 209/1214/707 221/1215/708 527/1216/707
f 461/1217/709 467/1218/710 451/1219/711 459/1220/712
f 625/1221/713 627/1222/713 321/1223/713 319/1224/713
f 344/1225/714 332/1226/714 341/1227/714 338/1228/714
f 439/1229/715 443/1230/716 431/1231/717 447/1232/716
f 554/1233/718 552/1234/719 246/1235/720 248/1236/720
f 494/1237/721 509/1238/721 203/1239/721 188/1240/721
f 698/1241/722 392/1242/722 403/1243/723 709/1244/724
f 602/1245/725 296/1246/726 295/1247/725 601/1248/726
f 696/1249/727 390/1250/728 388/1251/729 694/1252/729
f 303/1253/730 292/1254/730 307/1255/730 298/1256/730
f 490/1257/731 485/1258/732 484/1259/733 474/1260/734
f 724/1261/735 729/1262/736 423/1263/735 418/1264/735
f 711/1265/737 709/1266/738 403/1267/737 405/1268/737
f 315/1269/739 317/1270/739 318/1271/739 313/1272/739
f 317/1273/740 314/1274/741 324/1275/742 318/1276/743
f 677/1277/744 371/1278/745 370/1279/744 676/1280/744
f 691/1281/746 679/1282/746 692/1283/746 686/1284/746
f 675/1285/747 369/1286/748 381/1287/749 687/1288/750
f 564/1289/751 555/1290/751 553/1291/752 563/1292/751
f 516/1293/753 210/1294/754 223/1295/755 529/1296/754
f 532/1297/756 543/1298/757 545/1299/758 541/1300/759
f 642/1301/760 640/1302/760 334/1303/761 336/1304/761
f 748/1305/762 738/1306/763 745/1307/764 749/1308/765
f 662/1309/766 356/1310/766 355/1311/766 661/1312/766
f 459/1313/767 451/1314/767 450/1315/768 460/1316/767
f 510/1317/769 509/1318/770 494/1319/771 505/1320/772
f 593/1321/773 592/1322/774 577/1323/775 587/1324/774
f 691/1325/776 385/1326/776 384/1327/776 690/1328/776
f 239/1329/777 235/1330/778 227/1331/779 228/1332/780
f 444/1333/781 432/1334/781 439/1335/781 437/1336/781
f 642/1337/782 336/1338/782 335/1339/782 641/1340/783
f 633/1341/784 632/1342/785 617/1343/786 625/1344/787
f 535/1345/788 544/1346/789 238/1347/790 229/1348/791
f 710/1349/792 404/1350/792 394/1351/792 700/1352/793
f 364/1353/794 352/1354/794 360/1355/794 358/1356/794
f 617/1357/795 632/1358/795 326/1359/795 311/1360/795
f 575/1361/796 269/1362/796 279/1363/796 585/1364/796
f 615/1365/797 309/1366/797 321/1367/798 627/1368/797
f 490/1369/799 489/1370/800 473/1371/800 485/1372/800
f 360/1373/801 363/1374/802 351/1375/803 367/1376/802
f 492/1377/804 186/1378/805 197/1379/804 503/1380/804
f 451/1381/806 145/1382/807 144/1383/808 450/1384/808
f 739/1385/809 741/1386/810 435/1387/810 433/1388/810
f 579/1389/811 581/1390/811 275/1391/811 273/1392/811
f 602/1393/812 600/1394/812 294/1395/813 296/1396/814
f 430/1397/815 428/1398/815 734/1399/815 736/1400/815
f 681/1401/816 682/1402/817 376/1403/816 375/1404/818
f 505/1405/819 503/1406/819 197/1407/820 199/1408/819
f 247/1409/821 245/1410/821 551/1411/821 553/1412/821
f 160/1413/822 147/1414/823 152/1415/824 155/1416/824
f 521/1417/825 516/1418/826 529/1419/827 523/1420/826
f 375/1421/828 377/1422/829 385/1423/829 373/1424/830
f 468/1425/831 162/1426/832 163/1427/832 469/1428/833
f 691/1429/834 690/1430/835 680/1431/836 683/1432/837
f 339/1433/838 342/1434/838 329/1435/838 340/1436/839
f 633/1437/840 631/1438/840 325/1439/841 327/1440/840
f 526/1441/842 522/1442/842 512/1443/842 524/1444/842
f 495/1445/843 504/1446/844 198/1447/845 189/1448/846
f 200/1449/847 189/1450/847 204/1451/847 195/1452/847
f 471/1453/848 469/1454/849 163/1455/850 165/1456/851
f 671/1457/852 365/1458/853 354/1459/853 660/1460/854
f 451/1461/855 467/1462/855 161/1463/855 145/1464/855
f 670/1465/856 664/1466/856 666/1467/856 658/1468/856
f 480/1469/857 174/1470/857 181/1471/857 487/1472/857
f 684/1473/858 687/1474/858 381/1475/858 378/1476/859
f 633/1477/860 625/1478/861 628/1479/862 618/1480/861
f 501/1481/863 500/1482/864 498/1483/864 496/1484/865
f 684/1485/866 378/1486/867 382/1487/866 688/1488/866
f 521/1489/868 215/1490/868 222/1491/869 528/1492/869
f 704/1493/870 398/1494/870 402/1495/870 708/1496/870
f 322/1497/871 319/1498/872 327/1499/873 312/1500/872
f 501/1501/874 195/1502/874 201/1503/874 507/1504/874
f 684/1505/875 685/1506/875 675/1507/876 687/1508/877
f 264/1509/878 265/1510/879 256/1511/880 253/1512/881
f 187/1513/882 185/1514/883 491/1515/883 493/1516/884
f 482/1517/885 472/1518/885 470/1519/885 481/1520/885
f 284/1521/886 287/1522/887 285/1523/888 273/1524/889
f 751/1525/890 445/1526/890 434/1527/890 740/1528/890
f 666/1529/891 673/1530/892 657/1531/893 669/1532/892
f 527/1533/894 521/1534/894 523/1535/895 515/1536/894
f 487/1537/896 181/1538/896 170/1539/896 476/1540/897
f 719/1541/898 721/1542/899 415/1543/898 413/1544/899
f 499/1545/900 193/1546/900 192/1547/901 498/1548/900
f 561/1549/902 559/1550/902 253/1551/903 255/1552/903
f 717/1553/904 732/1554/905 426/1555/906 411/1556/907
f 307/1557/908 302/1558/909 291/1559/909 306/1560/910
f 568/1561/911 566/1562/912 260/1563/911 262/1564/912
f 589/1565/913 283/1566/913 274/1567/913 580/1568/913
f 565/1569/914 572/1570/914 266/1571/914 259/1572/914
f 507/1573/915 497/1574/916 500/1575/917 501/1576/917
f 634/1577/918 328/1578/919 329/1579/919 635/1580/919
f 734/1581/920 428/1582/921 429/1583/921 735/1584/922
f 654/1585/923 348/1586/924 349/1587/924 655/1588/925
f 571/1589/926 558/1590/927 572/1591/928 565/1592/929
f 459/1593/930 153/1594/930 157/1595/931 463/1596/930
f 647/1597/932 652/1598/932 346/1599/932 341/1600/932
f 485/1601/933 473/1602/934 472/1603/933 482/1604/934
f 604/1605/935 298/1606/935 304/1607/935 610/1608/935
f 593/1609/936 287/1610/936 286/1611/936 592/1612/936
f 630/1613/937 324/1614/938 314/1615/938 620/1616/937
f 404/1617/939 405/1618/939 397/1619/939 394/1620/939
f 270/1621/940 268/1622/941 574/1623/940 576/1624/942
f 341/1625/943 339/1626/944 331/1627/945 347/1628/946
f 574/1629/947 268/1630/947 269/1631/948 575/1632/948
f 730/1633/949 720/1634/949 723/1635/950 724/1636/951
f 645/1637/952 637/1638/953 636/1639/954 646/1640/953
f 589/1641/955 580/1642/956 583/1643/957 590/1644/958
f 669/1645/959 665/1646/959 655/1647/959 667/1648/959
f 568/1649/960 262/1650/960 261/1651/961 567/1652/961
f 568/1653/962 556/1654/963 555/1655/964 564/1656/965
f 730/1657/966 424/1658/967 414/1659/966 720/1660/967
f 613/1661/968 611/1662/968 305/1663/968 307/1664/968
f 545/1665/969 534/1666/970 533/1667/971 541/1668/972
f 305/1669/973 293/1670/974 298/1671/975 307/1672/976
f 647/1673/977 341/1674/977 347/1675/977 653/1676/977
f 647/1677/978 653/1678/979 637/1679/979 645/1680/979
f 453/1681/980 147/1682/981 160/1683/982 466/1684/983
f 737/1685/984 753/1686/984 447/1687/985 431/1688/984
f 599/1689/986 293/1690/986 305/1691/986 611/1692/986
f 716/1693/987 717/1694/987 411/1695/987 410/1696/987
f 180/1697/988 168/1698/988 184/1699/988 174/1700/988
f 472/1701/989 166/1702/990 164/1703/991 470/1704/992
f 495/1705/993 189/1706/994 200/1707/993 506/1708/993
f 679/1709/995 681/1710/996 375/1711/997 373/1712/995
f 675/1713/998 674/1714/999 368/1715/999 369/1716/998
f 594/1717/1000 288/1718/1001 289/1719/1001 595/1720/1000
f 199/1721/1002 196/1722/1003 187/1723/1002 188/1724/1003
f 724/1725/1004 719/1726/1005 731/1727/1006 733/1728/1004
f 664/1729/1007 659/1730/1008 672/1731/1009 666/1732/1010
f 749/1733/1011 737/1734/1012 736/1735/1013 744/1736/1012
f 550/1737/1014 548/1738/1014 242/1739/1015 244/1740/1014
f 459/1741/1016 460/1742/1017 449/1743/1018 462/1744/1016
f 262/1745/1019 258/1746/1020 249/1747/1021 250/1748/1022
f 689/1749/1023 691/1750/1023 686/1751/1024 678/1752/1023
f 688/1753/1025 678/1754/1026 686/1755/1027 684/1756/1028
f 458/1757/1029 457/1758/1030 455/1759/1029 453/1760/1029
f 494/1761/1031 188/1762/1031 187/1763/1031 493/1764/1032
f 658/1765/1033 352/1766/1033 364/1767/1033 670/1768/1034
f 437/1769/1035 439/1770/1036 446/1771/1037 433/1772/1036
f 325/1773/1038 313/1774/1039 318/1775/1040 327/1776/1041
f 164/1777/1042 162/1778/1042 468/1779/1042 470/1780/1042
f 485/1781/1043 483/1782/1044 177/1783/1043 179/1784/1044
f 523/1785/1045 530/1786/1046 514/1787/1046 526/1788/1047
f 307/1789/1048 292/1790/1049 301/1791/1050 302/1792/1049
f 697/1793/1051 713/1794/1052 407/1795/1051 391/1796/1052
f 727/1797/1053 718/1798/1054 733/1799/1054 728/1800/1055
f 480/1801/1056 486/1802/1056 180/1803/1056 174/1804/1056
f 678/1805/1057 688/1806/1058 382/1807/1059 372/1808/1057
f 587/1809/1060 585/1810/1060 279/1811/1060 281/1812/1061
f 622/1813/1062 620/1814/1063 314/1815/1063 316/1816/1063
f 499/1817/1064 497/1818/1065 191/1819/1064 193/1820/1066
f 178/1821/1067 179/1822/1068 184/1823/1069 168/1824/1069
f 608/1825/1070 605/1826/1070 595/1827/1070 606/1828/1070
f 417/1829/1071 414/1830/1071 424/1831/1072 418/1832/1073
f 666/1833/1074 672/1834/1074 366/1835/1074 360/1836/1074
f 474/1837/1075 484/1838/1076 178/1839/1077 168/1840/1075
f 581/1841/1078 579/1842/1078 590/1843/1079 583/1844/1078
f 669/1845/1080 657/1846/1081 656/1847/1082 665/1848/1080
f 302/1849/1083 299/1850/1084 290/1851/1085 291/1852/1084
f 179/1853/1086 176/1854/1087 166/1855/1088 167/1856/1089
f 523/1857/1090 217/1858/1090 224/1859/1090 530/1860/1091
f 571/1861/1092 562/1862/1093 560/1863/1093 558/1864/1092
f 458/1865/1094 464/1866/1094 158/1867/1094 152/1868/1094
f 389/1869/1095 399/1870/1096 398/1871/1097 401/1872/1098
f 174/1873/1099 184/1874/1099 182/1875/1100 169/1876/1099
f 651/1877/1101 640/1878/1102 643/1879/1103 644/1880/1102
f 219/1881/1104 220/1882/1105 217/1883/1106 209/1884/1107
f 464/1885/1108 458/1886/1108 461/1887/1108 452/1888/1108
f 711/1889/1109 699/1890/1109 712/1891/1109 706/1892/1109
f 176/1893/1110 175/1894/1111 164/1895/1111 166/1896/1111
f 192/1897/1112 194/1898/1113 195/1899/1112 190/1900/1113
f 465/1901/1114 454/1902/1115 457/1903/1115 458/1904/1116
f 614/1905/1117 308/1906/1117 309/1907/1117 615/1908/1117
f 669/1909/1118 667/1910/1119 361/1911/1119 363/1912/1120
f 515/1913/1121 525/1914/1122 219/1915/1123 209/1916/1124
f 442/1917/1125 443/1918/1126 439/1919/1127 432/1920/1128
f 496/1921/1129 498/1922/1129 192/1923/1129 190/1924/1129
f 669/1925/1130 363/1926/1130 362/1927/1130 668/1928/1131
f 232/1929/1132 236/1930/1132 234/1931/1132 230/1932/1133
f 749/1933/1134 443/1934/1134 442/1935/1134 748/1936/1134
f 186/1937/1135 196/1938/1136 199/1939/1137 197/1940/1138
f 258/1941/1139 257/1942/1139 247/1943/1139 249/1944/1139
f 510/1945/1140 508/1946/1140 202/1947/1140 204/1948/1140
f 155/1949/1141 153/1950/1142 145/1951/1143 161/1952/1144
f 590/1953/1145 588/1954/1146 282/1955/1146 284/1956/1145
f 204/1957/1147 189/1958/1148 198/1959/1149 199/1960/1150
f 617/1961/1151 311/1962/1152 310/1963/1152 616/1964/1153
f 526/1965/1154 524/1966/1155 218/1967/1155 220/1968/1154
f 544/1969/1156 535/1970/1157 550/1971/1158 545/1972/1159
f 644/1973/1160 643/1974/1161 641/1975/1161 639/1976/1161
f 561/1977/1162 255/1978/1163 254/1979/1164 560/1980/1164
f 275/1981/1165 277/1982/1165 284/1983/1166 273/1984/1166
f 461/1985/1167 466/1986/1167 160/1987/1167 155/1988/1167
f 346/1989/1168 333/1990/1169 338/1991/1170 341/1992/1169
f 226/1993/1171 235/1994/1171 239/1995/1172 237/1996/1173
f 277/1997/1174 274/1998/1174 283/1999/1175 284/2000/1176
f 554/2001/1177 566/2002/1178 568/2003/1179 564/2004/1180
f 452/2005/1181 146/2006/1182 158/2007/1183 464/2008/1183
f 165/2009/1184 176/2010/1185 179/2011/1186 177/2012/1187
f 702/2013/1188 700/2014/1189 394/2015/1190 396/2016/1191
f 339/2017/1192 340/2018/1193 330/2019/1194 331/2020/1195
f 590/2021/1196 579/2022/1197 591/2023/1198 593/2024/1199
f 737/2025/1200 431/2026/1201 430/2027/1201 736/2028/1202
f 749/2029/1203 747/2030/1203 441/2031/1203 443/2032/1204
f 738/2033/1205 748/2034/1206 442/2035/1207 432/2036/1208
f 360/2037/1209 352/2038/1210 362/2039/1211 363/2040/1212
f 609/2041/1213 604/2042/1213 613/2043/1213 598/2044/1213
f 571/2045/1214 569/2046/1215 263/2047/1215 265/2048/1216
f 695/2049/1217 707/2050/1218 704/2051/1219 705/2052/1220
f 365/2053/1221 358/2054/1222 357/2055/1223 354/2056/1224
f 385/2057/1225 377/2058/1226 374/2059/1227 384/2060/1228
f 532/2061/1229 226/2062/1229 237/2063/1230 543/2064/1230
f 533/2065/1231 534/2066/1231 228/2067/1232 227/2068/1231
f 474/2069/1233 168/2070/1233 180/2071/1233 486/2072/1233
f 540/2073/1234 542/2074/1235 538/2075/1235 536/2076/1234
f 153/2077/1236 156/2078/1237 143/2079/1238 154/2080/1239
f 463/2081/1240 452/2082/1241 461/2083/1242 459/2084/1243
f 244/2085/1244 234/2086/1244 240/2087/1244 229/2088/1244
f 724/2089/1245 723/2090/1245 721/2091/1246 719/2092/1246
f 281/2093/1247 278/2094/1247 270/2095/1248 271/2096/1249
f 163/2097/1250 175/2098/1251 176/2099/1252 165/2100/1250
f 743/2101/1253 750/2102/1253 444/2103/1254 437/2104/1253
f 557/2105/1255 567/2106/1256 261/2107/1257 251/2108/1258
f 733/2109/1259 731/2110/1260 425/2111/1259 427/2112/1260
f 409/2113/1261 419/2114/1262 422/2115/1263 420/2116/1264
f 490/2117/1265 184/2118/1265 183/2119/1266 489/2120/1265
f 578/2121/1267 272/2122/1268 282/2123/1267 588/2124/1267
f 469/2125/1269 471/2126/1269 482/2127/1269 481/2128/1269
f 644/2129/1270 338/2130/1270 345/2131/1270 651/2132/1271
f 269/2133/1272 278/2134/1273 281/2135/1274 279/2136/1273
f 604/2137/1275 599/2138/1276 611/2139/1277 613/2140/1278
f 686/2141/1279 693/2142/1279 677/2143/1279 684/2144/1279
f 287/2145/1280 272/2146/1281 280/2147/1282 281/2148/1283
f 686/2149/1284 380/2150/1284 387/2151/1284 693/2152/1284
f 625/2153/1285 617/2154/1286 616/2155/1285 626/2156/1285
f 510/2157/1287 204/2158/1288 203/2159/1287 509/2160/1288
f 706/2161/1289 400/2162/1289 407/2163/1289 713/2164/1289
f 711/2165/1290 405/2166/1290 404/2167/1290 710/2168/1290
f 565/2169/1291 259/2170/1291 267/2171/1291 573/2172/1291
f 458/2173/1292 152/2174/1292 159/2175/1292 465/2176/1292
f 745/2177/1293 439/2178/1293 447/2179/1294 753/2180/1293
f 501/2181/1295 506/2182/1295 200/2183/1295 195/2184/1295
f 406/2185/1296 393/2186/1297 405/2187/1298 400/2188/1297
f 545/2189/1299 239/2190/1300 238/2191/1299 544/2192/1301
f 644/2193/1302 650/2194/1302 344/2195/1302 338/2196/1302
f 152/2197/1303 147/2198/1304 149/2199/1303 151/2200/1305
f 704/2201/1306 697/2202/1307 696/2203/1308 705/2204/1306
f 686/2205/1309 692/2206/1309 386/2207/1309 380/2208/1309
f 335/2209/1310 337/2210/1310 338/2211/1310 333/2212/1311
f 724/2213/1312 418/2214/1313 424/2215/1313 730/2216/1313
f 443/2217/1314 438/2218/1315 430/2219/1315 431/2220/1314
f 319/2221/1316 320/2222/1317 310/2223/1318 311/2224/1319
f 458/2225/1320 453/2226/1320 466/2227/1321 461/2228/1322
f 540/2229/1323 536/2230/1324 548/2231/1325 550/2232/1324
f 729/2233/1326 724/2234/1326 733/2235/1326 718/2236/1326
f 171/2237/1327 173/2238/1328 174/2239/1327 169/2240/1329
f 668/2241/1330 658/2242/1331 666/2243/1332 669/2244/1331
f 664/2245/1333 670/2246/1334 364/2247/1335 358/2248/1335
f 624/2249/1336 318/2250/1336 324/2251/1336 630/2252/1337
f 699/2253/1338 701/2254/1338 395/2255/1338 393/2256/1338
f 664/2257/1339 663/2258/1339 661/2259/1340 659/2260/1341
f 555/2261/1342 249/2262/1343 247/2263/1344 553/2264/1345
f 223/2265/1346 210/2266/1347 215/2267/1348 217/2268/1348
f 608/2269/1349 606/2270/1349 300/2271/1349 302/2272/1349
f 587/2273/1350 281/2274/1350 280/2275/1350 586/2276/1350
f 505/2277/1351 199/2278/1352 198/2279/1351 504/2280/1351
f 710/2281/1353 700/2282/1354 703/2283/1355 711/2284/1354
f 615/2285/1356 627/2286/1357 625/2287/1358 626/2288/1359
f 501/2289/1360 496/2290/1361 508/2291/1362 510/2292/1361
f 657/2293/1363 351/2294/1363 350/2295/1364 656/2296/1365
f 735/2297/1366 429/2298/1367 441/2299/1367 747/2300/1366
f 519/2301/1368 213/2302/1369 212/2303/1370 518/2304/1371
f 604/2305/1372 609/2306/1373 303/2307/1372 298/2308/1373
f 644/2309/1374 639/2310/1374 652/2311/1375 647/2312/1374
f 504/2313/1376 495/2314/1377 510/2315/1378 505/2316/1379
f 582/2317/1380 580/2318/1380 274/2319/1381 276/2320/1381
f 266/2321/1382 252/2322/1382 265/2323/1383 259/2324/1382
f 525/2325/1384 515/2326/1385 523/2327/1386 526/2328/1387
f 650/2329/1388 644/2330/1388 647/2331/1388 638/2332/1388
f 480/2333/1389 479/2334/1390 477/2335/1389 475/2336/1389
f 435/2337/1391 440/2338/1391 437/2339/1391 433/2340/1391
f 471/2341/1392 483/2342/1393 485/2343/1394 482/2344/1395
f 151/2345/1396 148/2346/1397 159/2347/1398 152/2348/1399
f 302/2349/1400 300/2350/1401 289/2351/1402 299/2352/1400
f 382/2353/1403 378/2354/1404 380/2355/1405 372/2356/1406
f 248/2357/1407 258/2358/1408 262/2359/1409 260/2360/1410
f 207/2361/1411 205/2362/1412 511/2363/1412 513/2364/1411
f 465/2365/1413 159/2366/1414 148/2367/1415 454/2368/1415
f 618/2369/1416 312/2370/1417 323/2371/1416 629/2372/1416
f 637/2373/1418 331/2374/1418 330/2375/1419 636/2376/1419
f 645/2377/1420 646/2378/1420 635/2379/1420 648/2380/1420
f 265/2381/1421 252/2382/1421 254/2383/1422 256/2384/1421
f 427/2385/1423 412/2386/1424 421/2387/1424 422/2388/1425
f 657/2389/1426 673/2390/1426 367/2391/1426 351/2392/1426
f 565/2393/1427 573/2394/1428 556/2395/1429 568/2396/1428
f 571/2397/1430 265/2398/1431 264/2399/1430 570/2400/1430
f 215/2401/1432 210/2402/1432 212/2403/1433 214/2404/1432
f 714/2405/1434 408/2406/1435 409/2407/1436 715/2408/1437
f 706/2409/1438 713/2410/1439 697/2411/1439 704/2412/1440
f 624/2413/1441 629/2414/1441 323/2415/1441 318/2416/1441
f 618/2417/1442 628/2418/1443 322/2419/1443 312/2420/1444
f 742/2421/1445 740/2422/1445 434/2423/1446 436/2424/1446
f 570/2425/1447 264/2426/1448 253/2427/1449 559/2428/1447
f 613/2429/1450 612/2430/1450 597/2431/1450 608/2432/1451
f 526/2433/1452 220/2434/1452 219/2435/1452 525/2436/1452
f 202/2437/1453 190/2438/1454 195/2439/1454 204/2440/1454
f 704/2441/1455 707/2442/1456 401/2443/1456 398/2444/1456
f 536/2445/1457 230/2446/1458 242/2447/1459 548/2448/1457
f 514/2449/1460 530/2450/1460 224/2451/1460 208/2452/1460
f 629/2453/1461 624/2454/1461 633/2455/1461 618/2456/1461
f 461/2457/1462 155/2458/1462 161/2459/1462 467/2460/1462
f 378/2461/1463 381/2462/1463 369/2463/1463 379/2464/1464
f 552/2465/1465 554/2466/1466 564/2467/1467 563/2468/1467
f 604/2469/1468 603/2470/1468 601/2471/1469 599/2472/1468
f 475/2473/1470 477/2474/1471 171/2475/1470 169/2476/1470
f 745/2477/1472 753/2478/1473 737/2479/1474 749/2480/1473
f 579/2481/1475 273/2482/1476 285/2483/1477 591/2484/1478
f 699/2485/1479 393/2486/1480 406/2487/1481 712/2488/1482
f 577/2489/1483 271/2490/1484 270/2491/1484 576/2492/1485
f 204/2493/1486 199/2494/1487 188/2495/1488 203/2496/1487
f 427/2497/1489 418/2498/1489 423/2499/1489 412/2500/1489
f 220/2501/1490 216/2502/1491 207/2503/1492 208/2504/1493
f 290/2505/1494 288/2506/1495 594/2507/1496 596/2508/1496
f 546/2509/1497 540/2510/1497 550/2511/1497 535/2512/1497
f 173/2513/1498 170/2514/1499 181/2515/1500 174/2516/1501
f 733/2517/1502 427/2518/1502 426/2519/1502 732/2520/1502
f 355/2521/1503 357/2522/1503 358/2523/1503 353/2524/1503
f 745/2525/1504 752/2526/1504 446/2527/1504 439/2528/1504
f 649/2529/1505 638/2530/1506 647/2531/1507 645/2532/1506
f 241/2533/1508 234/2534/1509 236/2535/1510 231/2536/1510
f 671/2537/1511 660/2538/1512 663/2539/1512 664/2540/1513
f 659/2541/1514 661/2542/1514 355/2543/1514 353/2544/1514
f 238/2545/1515 239/2546/1516 244/2547/1516 229/2548/1517
f 222/2549/1518 215/2550/1519 214/2551/1520 211/2552/1521
f 637/2553/1522 653/2554/1522 347/2555/1522 331/2556/1522
f 261/2557/1523 262/2558/1524 259/2559/1525 251/2560/1526
f 310/2561/1527 308/2562/1527 614/2563/1527 616/2564/1527
f 153/2565/1528 154/2566/1529 144/2567/1530 145/2568/1528
f 590/2569/1531 284/2570/1532 283/2571/1531 589/2572/1531
f 595/2573/1533 289/2574/1534 300/2575/1533 606/2576/1533
f 582/2577/1535 276/2578/1536 275/2579/1535 581/2580/1537
f 709/2581/1538 711/2582/1539 706/2583/1538 698/2584/1540
f 184/2585/1541 179/2586/1542 167/2587/1542 183/2588/1543
f 492/2589/1544 503/2590/1544 505/2591/1545 502/2592/1546
f 242/2593/1547 230/2594/1548 234/2595/1548 244/2596/1548
f 678/2597/1549 372/2598/1550 383/2599/1551 689/2600/1551
f 664/2601/1552 358/2602/1552 365/2603/1553 671/2604/1552
f 658/2605/1554 668/2606/1555 362/2607/1556 352/2608/1555
f 217/2609/1557 220/2610/1558 208/2611/1559 224/2612/1560
f 528/2613/1561 222/2614/1561 211/2615/1562 517/2616/1561
f 475/2617/1563 169/2618/1563 182/2619/1563 488/2620/1563
f 246/2621/1564 257/2622/1564 258/2623/1565 248/2624/1564
f 386/2625/1566 373/2626/1566 385/2627/1566 380/2628/1566
f 378/2629/1567 379/2630/1568 370/2631/1567 371/2632/1569
f 545/2633/1570 543/2634/1570 237/2635/1570 239/2636/1571
f 613/2637/1572 307/2638/1573 306/2639/1572 612/2640/1573
f 422/2641/1574 419/2642/1575 410/2643/1576 411/2644/1576
f 556/2645/1577 573/2646/1577 267/2647/1577 250/2648/1577
f 719/2649/1578 413/2650/1579 425/2651/1580 731/2652/1580
f 478/2653/1581 476/2654/1582 170/2655/1581 172/2656/1581
f 350/2657/1583 348/2658/1584 654/2659/1583 656/2660/1585
f 227/2661/1586 225/2662/1587 531/2663/1586 533/2664/1588
f 487/2665/1589 476/2666/1590 479/2667/1591 480/2668/1592
f 715/2669/1593 409/2670/1593 420/2671/1593 726/2672/1593
f 739/2673/1594 433/2674/1595 446/2675/1594 752/2676/1596
f 486/2677/1597 480/2678/1597 490/2679/1597 474/2680/1597
f 405/2681/1598 393/2682/1598 395/2683/1599 397/2684/1600
f 550/2685/1601 549/2686/1602 534/2687/1603 545/2688/1604
f 695/2689/1605 389/2690/1606 401/2691/1607 707/2692/1608
f 309/2693/1609 320/2694/1610 319/2695/1609 321/2696/1611
f 743/2697/1612 437/2698/1612 445/2699/1612 751/2700/1612
f 400/2701/1613 398/2702/1613 391/2703/1613 407/2704/1613
f 380/2705/1614 378/2706/1614 371/2707/1614 387/2708/1614
f 323/2709/1615 312/2710/1615 327/2711/1615 318/2712/1615
f 534/2713/1616 549/2714/1617 243/2715/1618 228/2716/1619
f 547/2717/1620 241/2718/1621 231/2719/1621 537/2720/1621
f 597/2721/1622 612/2722/1622 306/2723/1622 291/2724/1622
f 608/2725/1623 302/2726/1623 301/2727/1623 607/2728/1623
f 735/2729/1624 747/2730/1625 749/2731/1625 744/2732/1626
f 677/2733/1627 693/2734/1628 387/2735/1629 371/2736/1630
f 625/2737/1631 319/2738/1632 322/2739/1631 628/2740/1632
f 599/2741/1633 601/2742/1633 295/2743/1633 293/2744/1633
f 676/2745/1634 370/2746/1634 368/2747/1635 674/2748/1634
f 750/2749/1636 743/2750/1636 745/2751/1636 738/2752/1636
f 715/2753/1637 726/2754/1638 728/2755/1639 725/2756/1640
f 456/2757/1641 150/2758/1641 149/2759/1641 455/2760/1641
f 480/2761/1642 475/2762/1643 488/2763/1644 490/2764/1642
f 410/2765/1645 408/2766/1646 714/2767/1646 716/2768/1646
f 624/2769/1647 619/2770/1648 631/2771/1649 633/2772/1647
f 575/2773/1650 585/2774/1651 587/2775/1652 584/2776/1653
f 528/2777/1654 517/2778/1655 520/2779/1655 521/2780/1656
f 593/2781/1657 591/2782/1658 285/2783/1657 287/2784/1657
f 221/2785/1659 209/2786/1659 217/2787/1659 215/2788/1659
f 220/2789/1660 218/2790/1661 206/2791/1662 216/2792/1660
f 728/2793/1663 717/2794/1664 716/2795/1665 725/2796/1666
f 635/2797/1667 329/2798/1668 342/2799/1667 648/2800/1669
f 540/2801/1670 234/2802/1671 241/2803/1670 547/2804/1670
f 374/2805/1672 376/2806/1673 682/2807/1672 680/2808/1674
f 607/2809/1675 598/2810/1676 613/2811/1677 608/2812/1678
f 622/2813/1679 316/2814/1680 315/2815/1680 621/2816/1680
f 453/2817/1681 455/2818/1682 149/2819/1681 147/2820/1681
f 558/2821/1683 560/2822/1684 254/2823/1685 252/2824/1686
f 456/2825/1687 454/2826/1687 148/2827/1688 150/2828/1689
f 507/2829/1690 201/2830/1690 191/2831/1690 497/2832/1690
f 695/2833/1691 694/2834/1692 388/2835/1691 389/2836/1693
f 562/2837/1694 571/2838/1695 570/2839/1694 559/2840/1694
f 358/2841/1696 360/2842/1696 366/2843/1697 353/2844/1696
f 304/2845/1698 298/2846/1699 297/2847/1700 294/2848/1701
f 655/2849/1702 349/2850/1703 361/2851/1704 667/2852/1705
f 598/2853/1706 607/2854/1707 301/2855/1706 292/2856/1707
f 742/2857/1708 436/2858/1709 435/2859/1710 741/2860/1708
f 619/2861/1711 621/2862/1711 315/2863/1712 313/2864/1711
f 540/2865/1713 546/2866/1713 240/2867/1713 234/2868/1713
f 619/2869/1714 313/2870/1714 325/2871/1714 631/2872/1714
f 363/2873/1715 361/2874/1716 349/2875/1715 359/2876/1715
f 550/2877/1717 244/2878/1718 243/2879/1717 549/2880/1717
f 691/2881/1719 689/2882/1720 383/2883/1719 385/2884/1720
f 679/2885/1721 373/2886/1722 386/2887/1721 692/2888/1722
f 398/2889/1723 399/2890/1724 390/2891/1725 391/2892/1726
f 157/2893/1727 153/2894/1728 155/2895/1728 146/2896/1729
f 343/2897/1730 339/2898/1731 341/2899/1732 332/2900/1733
f 194/2901/1734 191/2902/1735 201/2903/1736 195/2904/1737
f 485/2905/1738 179/2906/1738 178/2907/1738 484/2908/1738
f 659/2909/1739 353/2910/1740 366/2911/1741 672/2912/1742
f 639/2913/1743 333/2914/1744 346/2915/1745 652/2916/1746
f 558/2917/1747 252/2918/1748 266/2919/1749 572/2920/1748
f 638/2921/1750 649/2922/1751 343/2923/1752 332/2924/1753
f 521/2925/1754 520/2926/1755 518/2927/1754 516/2928/1756
f 706/2929/1757 712/2930/1757 406/2931/1757 400/2932/1757
f 539/2933/1758 233/2934/1759 232/2935/1760 538/2936/1758
f 539/2937/1761 537/2938/1762 231/2939/1761 233/2940/1762
f 282/2941/1763 272/2942/1763 287/2943/1763 284/2944/1763
f 449/2945/1764 143/2946/1765 156/2947/1764 462/2948/1766
f 298/2949/1767 293/2950/1767 295/2951/1767 297/2952/1767
f 565/2953/1768 568/2954/1769 567/2955/1768 557/2956/1770
f 624/2957/1771 623/2958/1772 621/2959/1771 619/2960/1771
f 535/2961/1773 229/2962/1774 240/2963/1774 546/2964/1775
f 718/2965/1776 412/2966/1776 423/2967/1776 729/2968/1777
f 519/2969/1778 517/2970/1778 211/2971/1778 213/2972/1778
f 702/2973/1779 396/2974/1780 395/2975/1779 701/2976/1779
f 555/2977/1781 556/2978/1781 250/2979/1782 249/2980/1781
f 512/2981/1783 206/2982/1783 218/2983/1784 524/2984/1783
f 741/2985/1785 739/2986/1786 743/2987/1785 746/2988/1785
f 722/2989/1787 720/2990/1788 414/2991/1789 416/2992/1790
f 400/2993/1791 392/2994/1791 402/2995/1791 398/2996/1791
f 263/2997/1792 251/2998/1792 259/2999/1792 265/3000/1792
f 496/3001/1793 190/3002/1793 202/3003/1793 508/3004/1793
f 569/3005/1794 571/3006/1794 565/3007/1794 557/3008/1794
f 418/3009/1795 413/3010/1795 415/3011/1796 417/3012/1796
f 586/3013/1797 578/3014/1798 593/3015/1799 587/3016/1800
f 711/3017/1801 703/3018/1801 701/3019/1801 699/3020/1801
f 662/3021/1802 660/3022/1803 354/3023/1803 356/3024/1804
f 577/3025/1805 592/3026/1805 286/3027/1805 271/3028/1805
f 578/3029/1806 586/3030/1807 280/3031/1807 272/3032/1808
f 697/3033/1809 391/3034/1810 390/3035/1811 696/3036/1809
f 597/3037/1812 291/3038/1812 290/3039/1813 596/3040/1814
f 638/3041/1815 332/3042/1816 344/3043/1817 650/3044/1816
f 514/3045/1818 208/3046/1819 207/3047/1818 513/3048/1820
f 722/3049/1821 416/3050/1821 415/3051/1821 721/3052/1822
f 593/3053/1823 578/3054/1824 588/3055/1823 590/3056/1823
f 452/3057/1825 463/3058/1826 157/3059/1827 146/3060/1825
f 403/3061/1828 392/3062/1828 400/3063/1828 405/3064/1828
f 287/3065/1829 281/3066/1830 271/3067/1831 286/3068/1831
f 738/3069/1832 432/3070/1833 444/3071/1834 750/3072/1832
f 598/3073/1835 292/3074/1836 303/3075/1835 609/3076/1835
f 478/3077/1837 172/3078/1837 171/3079/1838 477/3080/1839
f 708/3081/1840 698/3082/1840 706/3083/1840 704/3084/1840
f 158/3085/1841 146/3086/1841 155/3087/1841 152/3088/1841
f 506/3089/1842 501/3090/1842 510/3091/1842 495/3092/1842
f 473/3093/1843 489/3094/1844 183/3095/1844 167/3096/1845
f 698/3097/1846 708/3098/1847 402/3099/1848 392/3100/1849
f 327/3101/1850 319/3102/1851 311/3103/1852 326/3104/1853
f 651/3105/1854 345/3106/1854 334/3107/1854 640/3108/1854
f 554/3109/1855 248/3110/1855 260/3111/1856 566/3112/1856
f 471/3113/1857 165/3114/1858 177/3115/1859 483/3116/1860
f 427/3117/1861 422/3118/1862 411/3119/1863 426/3120/1862
f 733/3121/1864 732/3122/1865 717/3123/1866 728/3124/1865
f 259/3125/1867 262/3126/1868 250/3127/1869 267/3128/1870
f 690/3129/1871 384/3130/1872 374/3131/1873 680/3132/1874
f 244/3133/1875 239/3134/1876 228/3135/1877 243/3136/1878
f 610/3137/1879 304/3138/1879 294/3139/1879 600/3140/1879
f 718/3141/1880 727/3142/1881 421/3143/1882 412/3144/1883
f 505/3145/1884 494/3146/1885 493/3147/1886 502/3148/1885
f 728/3149/1887 726/3150/1887 420/3151/1888 422/3152/1887
f 536/3153/1889 538/3154/1890 232/3155/1891 230/3156/1890
f 639/3157/1892 641/3158/1892 335/3159/1892 333/3160/1892
f 608/3161/1893 597/3162/1893 596/3163/1894 605/3164/1895
f 516/3165/1896 518/3166/1896 212/3167/1896 210/3168/1896
f 557/3169/1897 251/3170/1897 263/3171/1897 569/3172/1897
f 526/3173/1898 514/3174/1898 513/3175/1899 522/3176/1900
f 523/3177/1901 529/3178/1902 223/3179/1902 217/3180/1902
f 728/3181/1903 422/3182/1904 421/3183/1904 727/3184/1903
f 363/3185/1905 359/3186/1906 350/3187/1906 351/3188/1907
f 380/3189/1908 385/3190/1909 383/3191/1909 372/3192/1909
f 51/3193/1910 52/3194/1910 56/3195/1910
f 1/3196/1911 2/3197/1912 6/3198/1913
f 44/3199/1914 43/3200/1914 38/3201/1914
f 90/3202/1915 89/3203/1915 84/3204/1915
f 89/3205/1916 88/3206/1916 83/3207/1916
f 45/3208/1917 44/3209/1917 39/3210/1917
f 99/3211/1918 95/3212/1919 104/3213/1920
f 137/3214/1921 136/3215/1921 131/3216/1921
f 138/3217/1922 137/3218/1922 132/3219/1922
f 51/3220/1923 93/3221/1923 52/3222/1923
f 1/3223/1924 46/3224/1924 2/3225/1924
f 99/3226/1925 140/3227/1925 95/3228/1925
f 976/3229/1926 977/3230/1926 978/3231/1926
f 983/3232/1927 984/3233/1927 985/3234/1927
f 986/3235/1928 987/3236/1928 988/3237/1928
f 997/3238/1929 998/3239/1929 999/3240/1929
f 1004/3241/1930 1005/3242/1930 1006/3243/1930
f 1015/3244/1931 1016/3245/1931 1017/3246/1931
f 1022/3247/1932 1023/3248/1932 1024/3249/1932
f 1033/3250/1933 1034/3251/1933 1035/3252/1933
f 1040/3253/1934 1041/3254/1934 1042/3255/1934
f 1051/3256/1935 1052/3257/1935 1053/3258/1935
f 26/3259/1936 32/3260/1937 36/3261/1937 31/3262/1937
f 9/3263/1938 15/3264/1938 19/3265/1938 14/3266/1938
f 54/3267/1939 60/3268/1939 64/3269/1939 59/3270/1939
f 29/3271/1940 35/3272/1940 39/3273/1940 34/3274/1940
f 3/3275/1941 7/3276/1941 2/3277/1941 46/3278/1941
f 51/3279/1942 55/3280/1943 50/3281/1944 93/3282/1943
f 50/3283/1945 54/3284/1945 49/3285/1946 93/3286/1945
f 53/3287/1947 59/3288/1948 63/3289/1947 58/3290/1948
f 77/3291/1949 78/3292/1949 87/3293/1949 82/3294/1949
f 16/3295/1950 22/3296/1951 26/3297/1951 21/3298/1951
f 70/3299/1952 75/3300/1953 80/3301/1954 74/3302/1954
f 118/3303/1955 123/3304/1956 128/3305/1955 122/3306/1955
f 20/3307/1957 21/3308/1957 30/3309/1957 25/3310/1957
f 17/3311/1958 23/3312/1958 27/3313/1958 22/3314/1958
f 117/3315/1959 122/3316/1960 127/3317/1961 121/3318/1960
f 69/3319/1962 74/3320/1963 79/3321/1964 73/3322/1964
f 115/3323/1965 114/3324/1966 105/3325/1965 110/3326/1966
f 119/3327/1967 124/3328/1968 129/3329/1968 123/3330/1968
f 60/3331/1969 65/3332/1970 70/3333/1970 64/3334/1970
f 78/3335/1971 77/3336/1971 68/3337/1971 73/3338/1971
f 4/3339/1972 8/3340/1972 3/3341/1972 46/3342/1972
f 139/3343/1973 134/3344/1973 135/3345/1973 141/3346/1974
f 73/3347/1975 79/3348/1976 83/3349/1977 78/3350/1976
f 98/3351/1978 102/3352/1979 97/3353/1979 140/3354/1979
f 5/3355/1980 9/3356/1981 4/3357/1980 46/3358/1980
f 108/3359/1982 113/3360/1982 118/3361/1982 112/3362/1983
f 13/3363/1984 18/3364/1985 23/3365/1986 17/3366/1985
f 59/3367/1987 64/3368/1988 69/3369/1989 63/3370/1990
f 25/3371/1991 30/3372/1991 35/3373/1991 29/3374/1991
f 18/3375/1992 24/3376/1992 28/3377/1992 23/3378/1992
f 67/3379/1993 68/3380/1994 77/3381/1995 72/3382/1994
f 14/3383/1996 19/3384/1997 24/3385/1998 18/3386/1997
f 12/3387/1999 17/3388/1999 22/3389/2000 16/3390/1999
f 23/3391/2001 28/3392/2002 33/3393/2003 27/3394/2001
f 48/3395/2004 57/3396/2005 52/3397/2005 93/3398/2004
f 21/3399/2006 20/3400/2007 11/3401/2007 16/3402/2007
f 45/3403/2008 40/3404/2009 41/3405/2008 47/3406/2008
f 90/3407/2010 85/3408/2010 91/3409/2010 94/3410/2010
f 107/3411/2011 112/3412/2012 117/3413/2013 111/3414/2012
f 57/3415/2014 58/3416/2015 67/3417/2015 62/3418/2016
f 22/3419/2017 27/3420/2018 32/3421/2019 26/3422/2020
f 66/3423/2021 72/3424/2022 76/3425/2022 71/3426/2022
f 111/3427/2023 117/3428/2024 121/3429/2025 116/3430/2026
f 24/3431/2027 29/3432/2028 34/3433/2029 28/3434/2028
f 19/3435/2030 25/3436/2031 29/3437/2032 24/3438/2030
f 62/3439/2033 67/3440/2034 72/3441/2035 66/3442/2036
f 15/3443/2037 20/3444/2037 25/3445/2038 19/3446/2037
f 109/3447/2039 114/3448/2040 119/3449/2041 113/3450/2042
f 137/3451/2043 138/3452/2043 141/3453/2043 136/3454/2044
f 72/3455/2045 77/3456/2046 82/3457/2047 76/3458/2047
f 55/3459/2048 61/3460/2049 65/3461/2050 60/3462/2050
f 71/3463/2051 76/3464/2052 81/3465/2053 75/3466/2054
f 10/3467/2055 11/3468/2055 20/3469/2056 15/3470/2055
f 61/3471/2057 66/3472/2057 71/3473/2058 65/3474/2059
f 7/3475/2060 13/3476/2061 17/3477/2062 12/3478/2063
f 52/3479/2064 57/3480/2065 62/3481/2065 56/3482/2066
f 41/3483/2067 36/3484/2068 42/3485/2067 47/3486/2069
f 97/3487/2070 101/3488/2070 96/3489/2070 140/3490/2070
f 42/3491/2071 37/3492/2072 43/3493/2071 47/3494/2071
f 31/3495/2073 30/3496/2074 21/3497/2075 26/3498/2076
f 122/3499/2077 128/3500/2078 132/3501/2077 127/3502/2078
f 106/3503/2079 111/3504/2080 116/3505/2081 110/3506/2082
f 63/3507/2083 69/3508/2084 73/3509/2085 68/3510/2086
f 113/3511/2087 119/3512/2087 123/3513/2087 118/3514/2087
f 91/3515/2088 86/3516/2089 92/3517/2089 94/3518/2090
f 1/3519/2091 10/3520/2092 5/3521/2091 46/3522/2092
f 96/3523/2093 100/3524/2094 95/3525/2095 140/3526/2094
f 125/3527/2096 124/3528/2097 115/3529/2096 120/3530/2096
f 89/3531/2098 90/3532/2098 94/3533/2099 88/3534/2100
f 65/3535/2101 71/3536/2101 75/3537/2101 70/3538/2101
f 64/3539/2102 70/3540/2102 74/3541/2103 69/3542/2102
f 135/3543/2104 130/3544/2104 136/3545/2104 141/3546/2104
f 112/3547/2105 118/3548/2106 122/3549/2107 117/3550/2108
f 110/3551/2109 116/3552/2109 120/3553/2109 115/3554/2109
f 44/3555/2110 45/3556/2111 47/3557/2112 43/3558/2111
f 116/3559/2113 121/3560/2114 126/3561/2115 120/3562/2115
f 49/3563/2116 53/3564/2117 48/3565/2116 93/3566/2117
f 114/3567/2118 115/3568/2118 124/3569/2118 119/3570/2118
f 68/3571/2119 67/3572/2120 58/3573/2119 63/3574/2119
f 99/3575/2121 103/3576/2121 98/3577/2122 140/3578/2121
f 92/3579/2123 87/3580/2123 88/3581/2123 94/3582/2123
f 56/3583/2124 62/3584/2124 66/3585/2124 61/3586/2124
f 99/3587/2125 104/3588/2126 109/3589/2126 103/3590/2126
f 5/3591/2127 10/3592/2128 15/3593/2127 9/3594/2128
f 1044/3595/2129 1043/3596/2129 967/3597/2129 966/3598/2129
f 975/3599/2130 974/3600/2130 950/3601/2130 951/3602/2130
f 964/3603/2131 1048/3604/2131 1047/3605/2131 965/3606/2131
f 2/3607/2132 7/3608/2133 12/3609/2133 6/3610/2133
f 35/3611/2134 40/3612/2135 45/3613/2135 39/3614/2135
f 128/3615/2136 133/3616/2136 138/3617/2136 132/3618/2136
f 58/3619/2137 57/3620/2138 48/3621/2138 53/3622/2137
f 34/3623/2139 39/3624/2139 44/3625/2139 38/3626/2139
f 98/3627/2140 103/3628/2141 108/3629/2140 102/3630/2140
f 1014/3631/2142 1013/3632/2142 960/3633/2142 961/3634/2142
f 33/3635/2143 38/3636/2144 43/3637/2145 37/3638/2144
f 41/3639/2146 40/3640/2146 31/3641/2146 36/3642/2146
f 51/3643/2147 56/3644/2147 61/3645/2147 55/3646/2147
f 79/3647/2148 84/3648/2148 89/3649/2149 83/3650/2148
f 1016/3651/2150 1015/3652/2150 958/3653/2150 957/3654/2150
f 954/3655/2151 1012/3656/2151 1011/3657/2151 955/3658/2151
f 11/3659/2152 10/3660/2153 1/3661/2154 6/3662/2154
f 963/3663/2155 1010/3664/2155 1009/3665/2155 962/3666/2155
f 129/3667/2156 134/3668/2157 139/3669/2156 133/3670/2157
f 49/3671/2158 54/3672/2159 59/3673/2159 53/3674/2159
f 127/3675/2160 132/3676/2160 137/3677/2161 131/3678/2160
f 82/3679/2162 87/3680/2163 92/3681/2164 86/3682/2163
f 105/3683/2165 104/3684/2166 95/3685/2167 100/3686/2166
f 959/3687/2168 1023/3688/2168 1022/3689/2168 960/3690/2168
f 81/3691/2169 86/3692/2169 91/3693/2170 85/3694/2170
f 50/3695/2171 55/3696/2171 60/3697/2171 54/3698/2171
f 97/3699/2172 102/3700/2173 107/3701/2174 101/3702/2173
f 126/3703/2175 131/3704/2176 136/3705/2177 130/3706/2176
f 998/3707/2178 997/3708/2178 958/3709/2178 953/3710/2178
f 3/3711/2179 8/3712/2180 13/3713/2181 7/3714/2180
f 135/3715/2182 134/3716/2182 125/3717/2182 130/3718/2182
f 88/3719/2183 87/3720/2183 78/3721/2183 83/3722/2184
f 4/3723/2185 9/3724/2186 14/3725/2186 8/3726/2185
f 80/3727/2187 85/3728/2187 90/3729/2188 84/3730/2187
f 32/3731/2189 37/3732/2189 42/3733/2190 36/3734/2189
f 990/3735/2191 989/3736/2191 953/3737/2191 952/3738/2191
f 96/3739/2192 101/3740/2192 106/3741/2192 100/3742/2192
f 958/3743/2193 1051/3744/2193 1053/3745/2193 949/3746/2193
f 958/3747/2194 976/3748/2194 978/3749/2194 953/3750/2194
f 977/3751/2195 976/3752/2195 958/3753/2195 949/3754/2195
f 120/3755/2196 126/3756/2197 130/3757/2197 125/3758/2198
f 138/3759/2199 133/3760/2199 139/3761/2199 141/3762/2199
f 123/3763/2200 129/3764/2201 133/3765/2202 128/3766/2200
f 102/3767/2203 108/3768/2203 112/3769/2203 107/3770/2203
f 100/3771/2204 106/3772/2204 110/3773/2204 105/3774/2204
f 103/3775/2205 109/3776/2205 113/3777/2206 108/3778/2206
f 124/3779/2207 125/3780/2207 134/3781/2208 129/3782/2207
f 76/3783/2209 82/3784/2209 86/3785/2209 81/3786/2209
f 75/3787/2210 81/3788/2211 85/3789/2211 80/3790/2211
f 27/3791/2212 33/3792/2213 37/3793/2213 32/3794/2212
f 30/3795/2214 31/3796/2214 40/3797/2214 35/3798/2214
f 8/3799/2215 14/3800/2216 18/3801/2215 13/3802/2217
f 121/3803/2218 127/3804/2218 131/3805/2218 126/3806/2218
f 104/3807/2219 105/3808/2220 114/3809/2220 109/3810/2220
f 74/3811/2221 80/3812/2222 84/3813/2222 79/3814/2222
f 101/3815/2223 107/3816/2223 111/3817/2223 106/3818/2223
f 1014/3819/2224 1011/3820/2224 1012/3821/2224 1013/3822/2224
f 973/3823/2225 974/3824/2225 975/3825/2225 972/3826/2225
f 1009/3827/2226 1010/3828/2226 1007/3829/2226 1008/3830/2226
f 28/3831/2227 34/3832/2227 38/3833/2227 33/3834/2227
f 6/3835/2228 12/3836/2229 16/3837/2230 11/3838/2229
f 1043/3839/2231 1046/3840/2231 949/3841/2231 967/3842/2231
f 996/3843/2232 995/3844/2232 954/3845/2232 955/3846/2232
f 1054/3847/2233 1057/3848/2233 948/3849/2233 966/3850/2233
f 993/3851/2234 994/3852/2234 995/3853/2234 996/3854/2234
f 946/3855/2235 1049/3856/2235 1048/3857/2235 964/3858/2235
f 960/3859/2236 1030/3860/2236 1029/3861/2236 961/3862/2236
f 949/3863/2237 968/3864/2237 971/3865/2237 953/3866/2237
f 1042/3867/2238 1041/3868/2238 959/3869/2238 946/3870/2238
f 1000/3871/2233 1003/3872/2233 956/3873/2233 952/3874/2233
f 959/3875/2239 1041/3876/2239 1040/3877/2239 964/3878/2239
f 954/3879/2240 960/3880/2240 1013/3881/2240 1012/3882/2240
f 1057/3883/2241 1056/3884/2241 947/3885/2241 948/3886/2241
f 1003/3887/2242 1002/3888/2242 955/3889/2242 956/3890/2242
f 959/3891/2243 984/3892/2243 983/3893/2243 946/3894/2243
f 978/3895/2244 977/3896/2244 949/3897/2244 953/3898/2244
f 1052/3899/2245 1051/3900/2245 958/3901/2245 967/3902/2245
f 949/3903/2246 1053/3904/2246 1052/3905/2246 967/3906/2246
f 1032/3907/2247 1031/3908/2247 964/3909/2247 965/3910/2247
f 954/3911/2248 995/3912/2248 994/3913/2248 950/3914/2248
f 1026/3915/2249 1025/3916/2249 963/3917/2249 962/3918/2249
f 989/3919/2250 992/3920/2250 957/3921/2250 953/3922/2250
f 990/3923/2251 991/3924/2251 992/3925/2251 989/3926/2251
f 963/3927/2252 1025/3928/2252 1028/3929/2252 967/3930/2252
f 967/3931/2253 1028/3932/2253 1027/3933/2253 966/3934/2253
f 955/3935/2254 1002/3936/2254 1001/3937/2254 951/3938/2254
f 946/3939/2255 983/3940/2255 985/3941/2255 950/3942/2255
f 1034/3943/2256 1033/3944/2256 958/3945/2256 963/3946/2256
f 961/3947/2257 1037/3948/2257 1036/3949/2257 962/3950/2257
f 957/3951/2258 999/3952/2258 998/3953/2258 953/3954/2258
f 947/3955/2259 972/3956/2259 975/3957/2259 951/3958/2259
f 948/3959/2260 947/3960/2260 980/3961/2260 979/3962/2260
f 962/3963/2233 1036/3964/2233 1039/3965/2233 966/3966/2233
f 957/3967/2261 963/3968/2261 1017/3969/2261 1016/3970/2261
f 968/3971/2262 969/3972/2262 970/3973/2262 971/3974/2262
f 1050/3975/2263 1049/3976/2263 946/3977/2263 947/3978/2263
f 963/3979/2264 957/3980/2264 1007/3981/2264 1010/3982/2264
f 969/3983/2265 968/3984/2265 949/3985/2265 948/3986/2265
f 1038/3987/2266 965/3988/2266 966/3989/2266 1039/3990/2266
f 1047/3991/2267 1048/3992/2267 1049/3993/2267 1050/3994/2267
f 946/3995/2268 973/3996/2268 972/3997/2268 947/3998/2268
f 960/3999/2269 954/4000/2269 1004/4001/2269 1006/4002/2269
f 1008/4003/2270 1007/4004/2270 957/4005/2270 956/4006/2270
f 981/4007/2271 982/4008/2271 979/4009/2271 980/4010/2271
f 958/4011/2272 997/4012/2272 999/4013/2272 957/4014/2272
f 961/4015/2273 955/4016/2273 1011/4017/2273 1014/4018/2273
f 1006/4019/2274 1005/4020/2274 959/4021/2274 960/4022/2274
f 962/4023/2233 956/4024/2233 1018/4025/2233 1021/4026/2233
f 1019/4027/2275 1018/4028/2275 956/4029/2275 955/4030/2275
f 1055/4031/2276 1054/4032/2276 966/4033/2276 965/4034/2276
f 981/4035/2277 951/4036/2277 952/4037/2277 982/4038/2277
f 1055/4039/2278 1056/4040/2278 1057/4041/2278 1054/4042/2278
f 958/4043/2279 1033/4044/2279 1035/4045/2279 967/4046/2279
f 959/4047/2280 987/4048/2280 986/4049/2280 950/4050/2280
f 1035/4051/2281 1034/4052/2281 963/4053/2281 967/4054/2281
f 950/4055/2282 994/4056/2282 993/4057/2282 951/4058/2282
f 956/4059/2283 991/4060/2283 990/4061/2283 952/4062/2283
f 1038/4063/2254 1037/4064/2254 961/4065/2254 965/4066/2254
f 1025/4067/2284 1026/4068/2284 1027/4069/2284 1028/4070/2284
f 961/4071/2285 1029/4072/2285 1032/4073/2285 965/4074/2285
f 1027/4075/2286 1026/4076/2286 962/4077/2286 966/4078/2286
f 988/4079/2287 987/4080/2287 959/4081/2287 954/4082/2287
f 1031/4083/2288 1030/4084/2288 960/4085/2288 964/4086/2288
f 1024/4087/2289 1023/4088/2289 959/4089/2289 964/4090/2289
f 1002/4091/2290 1003/4092/2290 1000/4093/2290 1001/4094/2290
f 952/4095/2291 951/4096/2291 1001/4097/2291 1000/4098/2291
f 948/4099/2292 1045/4100/2292 1044/4101/2292 966/4102/2292
f 960/4103/2293 1022/4104/2293 1024/4105/2293 964/4106/2293
f 970/4107/2294 969/4108/2294 948/4109/2294 952/4110/2294
f 985/4111/2295 984/4112/2295 959/4113/2295 950/4114/2295
f 959/4115/2296 1005/4116/2296 1004/4117/2296 954/4118/2296
f 993/4119/2297 996/4120/2297 955/4121/2297 951/4122/2297
f 1030/4123/2298 1031/4124/2298 1032/4125/2298 1029/4126/2298
f 957/4127/2299 992/4128/2299 991/4129/2299 956/4130/2299
f 947/4131/2254 1056/4132/2254 1055/4133/2254 965/4134/2254
f 1047/4135/2300 1050/4136/2300 947/4137/2300 965/4138/2300
f 1044/4139/2301 1045/4140/2301 1046/4141/2301 1043/4142/2301
f 953/4143/2302 971/4144/2302 970/4145/2302 952/4146/2302
f 981/4147/2254 980/4148/2254 947/4149/2254 951/4150/2254
f 949/4151/2303 1046/4152/2303 1045/4153/2303 948/4154/2303
f 974/4155/2304 973/4156/2304 946/4157/2304 950/4158/2304
f 1040/4159/2305 1042/4160/2305 946/4161/2305 964/4162/2305
f 958/4163/2306 1015/4164/2306 1017/4165/2306 963/4166/2306
f 986/4167/2307 988/4168/2307 954/4169/2307 950/4170/2307
f 1038/4171/2308 1039/4172/2308 1036/4173/2308 1037/4174/2308
f 962/4175/2309 1021/4176/2309 1020/4177/2309 961/4178/2309
f 948/4179/2233 979/4180/2233 982/4181/2233 952/4182/2233
f 956/4183/2310 962/4184/2310 1009/4185/2310 1008/4186/2310
f 1021/4187/2311 1018/4188/2311 1019/4189/2311 1020/4190/2311
f 955/4191/2254 961/4192/2254 1020/4193/2254 1019/4194/2254
