# Blender v3.0.0 OBJ File: 'aa.blend'
# www.blender.org
mtllib Palm_6.mtl
o Palm_6
v -0.006024 -0.000000 -0.145159
v 0.025197 3.344217 -0.110816
v 0.107838 -0.000000 -0.085895
v 0.074222 3.331693 -0.081614
v 0.114071 0.000000 0.043461
v 0.073883 3.330281 -0.023212
v 0.006443 0.000000 0.113553
v 0.024519 3.341392 0.005990
v -0.107418 0.000000 0.054289
v -0.024507 3.353916 -0.023212
v -0.113652 -0.000000 -0.075067
v -0.024168 3.355328 -0.081614
v 0.045306 0.319413 -0.217258
v 0.103749 0.620450 -0.235044
v 0.153955 0.933243 -0.260260
v 0.140527 1.275796 -0.258247
v 0.040405 1.596495 -0.195035
v -0.081056 1.875875 -0.108259
v -0.179887 2.154934 -0.043254
v -0.233682 2.441530 -0.020629
v -0.202612 2.722990 -0.056637
v -0.087329 3.033776 -0.117548
v 0.001241 3.010594 -0.064750
v -0.102261 2.707939 -0.002385
v -0.124592 2.449911 0.033080
v -0.068197 2.178533 0.013569
v 0.037873 1.909168 -0.045074
v 0.171417 1.633911 -0.125121
v 0.288213 1.299102 -0.184519
v 0.313487 0.926345 -0.180388
v 0.268678 0.597363 -0.149611
v 0.214169 0.292900 -0.129261
v 0.002197 3.013907 0.040879
v -0.092916 2.733444 0.109430
v -0.116716 2.454855 0.154607
v -0.056847 2.165201 0.139876
v 0.053779 1.884164 0.090449
v 0.188986 1.606260 0.024474
v 0.300642 1.291240 -0.018465
v 0.325214 0.941899 -0.002912
v 0.280737 0.613414 0.036482
v 0.224849 0.300487 0.062544
v -0.085418 3.040402 0.093713
v -0.183922 2.774000 0.166991
v -0.217930 2.451419 0.222428
v -0.157188 2.128270 0.209362
v -0.049243 1.825868 0.162788
v 0.075543 1.541194 0.104155
v 0.165383 1.260072 0.073860
v 0.177408 0.964352 0.094694
v 0.127866 0.652553 0.137142
v 0.066666 0.334586 0.166354
v -0.173988 3.063584 0.040914
v -0.284273 2.789051 0.112738
v -0.327021 2.443039 0.168718
v -0.268877 2.104672 0.152539
v -0.168172 1.792575 0.099603
v -0.055469 1.503779 0.034242
v 0.017698 1.236766 0.000132
v 0.017876 0.971251 0.014824
v -0.037063 0.675641 0.051708
v -0.102198 0.361099 0.078358
v -0.174943 3.060271 -0.064715
v -0.293618 2.763545 0.000924
v -0.334897 2.438095 0.047191
v -0.280227 2.118004 0.026232
v -0.184078 1.817578 -0.035922
v -0.073038 1.531429 -0.115354
v 0.005270 1.244628 -0.165922
v 0.006150 0.955697 -0.162653
v -0.049121 0.659589 -0.134384
v -0.112878 0.353513 -0.113449
v 0.054809 0.354323 -0.154847
v 0.167366 0.336633 -0.096189
v 0.174605 0.342340 0.031631
v 0.069287 0.365737 0.100792
v -0.043271 0.383428 0.042136
v -0.050510 0.377721 -0.085684
v 0.113994 0.658330 -0.176087
v 0.223859 0.643520 -0.119290
v 0.231974 0.654667 0.004507
v 0.130224 0.680623 0.071505
v 0.020359 0.695432 0.014707
v 0.012244 0.684285 -0.109088
v 0.160564 0.973323 -0.203854
v 0.266678 0.970749 -0.150987
v 0.274396 0.980119 -0.033029
v 0.175999 0.992062 0.032066
v 0.069884 0.994636 -0.020801
v 0.062166 0.985267 -0.138761
v 0.138013 1.308866 -0.200174
v 0.235495 1.326326 -0.151160
v 0.244164 1.319026 -0.041245
v 0.155351 1.294267 0.019658
v 0.057868 1.276807 -0.029354
v 0.049199 1.284106 -0.139271
v 0.033047 1.617890 -0.136706
v 0.119657 1.642950 -0.090353
v 0.131505 1.624124 0.008556
v 0.056740 1.580238 0.061115
v -0.029871 1.555178 0.014763
v -0.041717 1.574004 -0.084148
v -0.088101 1.897178 -0.055130
v -0.009326 1.918892 -0.013412
v 0.001029 1.902771 0.076311
v -0.067392 1.864936 0.124317
v -0.146167 1.843222 0.082599
v -0.156522 1.859343 -0.007125
v -0.185099 2.181211 0.003523
v -0.110746 2.196181 0.041168
v -0.103464 2.188273 0.125156
v -0.170535 2.165397 0.171500
v -0.244888 2.150427 0.133855
v -0.252170 2.158334 0.049867
v -0.231068 2.474309 0.017600
v -0.158498 2.478288 0.053376
v -0.153338 2.483306 0.134062
v -0.220748 2.484345 0.178973
v -0.293318 2.480366 0.143198
v -0.298478 2.475348 0.062511
v -0.190328 2.761369 -0.027010
v -0.124278 2.749772 0.009398
v -0.117840 2.767511 0.083334
v -0.177454 2.796846 0.120862
v -0.243503 2.808444 0.084453
v -0.249941 2.790705 0.010518
v -0.074522 3.070798 -0.085970
v -0.015856 3.055812 -0.051026
v -0.016261 3.054122 0.018863
v -0.075333 3.067418 0.053807
v -0.133999 3.082405 0.018863
v -0.133593 3.084095 -0.051026
v -0.191611 3.282217 -0.111969
v -0.210436 3.295841 -0.090646
v -0.202644 3.279028 -0.063708
v -0.178943 3.254966 -0.068506
v -0.172074 3.256886 -0.098329
v -0.205548 3.325693 -0.118988
v -0.219099 3.321802 -0.061797
v -0.181669 3.273042 -0.035634
v -0.145314 3.246729 -0.076759
v -0.160193 3.279207 -0.128470
v -0.168444 3.338421 -0.148387
v -0.219198 3.375138 -0.090982
v -0.198366 3.329808 -0.018877
v -0.134804 3.265183 -0.031842
v -0.116231 3.270383 -0.111849
v -0.186194 3.410000 -0.132346
v -0.208050 3.403884 -0.038099
v -0.146494 3.323839 0.004864
v -0.086798 3.280609 -0.062644
v -0.111327 3.333887 -0.147611
v -0.127335 3.416914 -0.153565
v -0.190119 3.462381 -0.082565
v -0.164292 3.406349 0.006799
v -0.085576 3.326359 -0.009265
v -0.062587 3.332733 -0.108366
v -0.142599 3.486969 -0.120785
v -0.164462 3.480908 -0.026567
v -0.102923 3.400837 0.016438
v -0.043197 3.357601 -0.051114
v -0.067757 3.410916 -0.136062
v -0.085608 3.484734 -0.126368
v -0.136320 3.521445 -0.069015
v -0.115533 3.476161 0.003112
v -0.051935 3.411462 -0.009836
v -0.033375 3.416729 -0.089883
v -0.092920 3.524915 -0.089227
v -0.106224 3.521162 -0.031872
v -0.068958 3.472200 -0.005927
v -0.032744 3.446023 -0.046905
v -0.047351 3.478574 -0.098503
v -0.061253 3.512498 -0.077514
v -0.080134 3.526181 -0.056131
v -0.071579 3.510236 -0.028776
v -0.049429 3.484416 -0.034468
v -0.040933 3.488049 -0.063486
v -0.196891 3.263702 -0.088224
v -0.055674 3.513539 -0.050883
v 0.134000 3.235996 0.021489
v 0.119852 3.231462 0.048587
v 0.140564 3.241539 0.070498
v 0.167587 3.252322 0.056898
v 0.163554 3.248912 0.026703
v 0.098932 3.240673 0.021003
v 0.106752 3.247205 0.079187
v 0.163383 3.272180 0.089197
v 0.190315 3.281305 0.037099
v 0.150745 3.261606 -0.005125
v 0.106978 3.275956 -0.019267
v 0.069143 3.263622 0.053413
v 0.124608 3.290725 0.112207
v 0.196917 3.319910 0.075866
v 0.186029 3.310789 -0.005374
v 0.058822 3.301075 0.003987
v 0.071649 3.311844 0.099546
v 0.164738 3.352751 0.115994
v 0.209363 3.367240 0.030380
v 0.143987 3.335312 -0.038907
v 0.085088 3.359601 -0.036720
v 0.038190 3.344424 0.053320
v 0.106911 3.377962 0.126179
v 0.196510 3.413941 0.081086
v 0.183026 3.402608 -0.019436
v 0.043283 3.393197 0.001325
v 0.056102 3.403963 0.096952
v 0.149227 3.444899 0.113350
v 0.193795 3.459339 0.027744
v 0.128473 3.427457 -0.041515
v 0.077433 3.450995 -0.024254
v 0.039518 3.438606 0.048441
v 0.095058 3.465765 0.107269
v 0.167331 3.494917 0.070852
v 0.156432 3.485796 -0.010298
v 0.058919 3.478781 0.014307
v 0.066681 3.485276 0.072308
v 0.123149 3.510515 0.082408
v 0.150278 3.519380 0.030297
v 0.110503 3.499943 -0.011842
v 0.087110 3.512513 0.013561
v 0.074101 3.505574 0.040648
v 0.093685 3.518062 0.062692
v 0.121253 3.527649 0.049035
v 0.117193 3.524224 0.018767
v 0.147275 3.229949 0.045111
v 0.097049 3.528564 0.036637
v 0.183840 3.299545 -0.286695
v 0.164322 3.279210 -0.273980
v 0.175354 3.260731 -0.254223
v 0.201631 3.269589 -0.254708
v 0.206825 3.293622 -0.274827
v 0.155703 3.314466 -0.288814
v 0.145792 3.268311 -0.250332
v 0.190012 3.256922 -0.227467
v 0.227428 3.296008 -0.251746
v 0.206049 3.331647 -0.289398
v 0.175604 3.366381 -0.296679
v 0.123464 3.311843 -0.262808
v 0.153140 3.262399 -0.210026
v 0.223449 3.286098 -0.211131
v 0.237309 3.350499 -0.264793
v 0.131234 3.378841 -0.277390
v 0.114972 3.303026 -0.214068
v 0.187553 3.284322 -0.176557
v 0.249096 3.348478 -0.216491
v 0.214098 3.406763 -0.278692
v 0.167271 3.439479 -0.273367
v 0.102517 3.371993 -0.231333
v 0.139349 3.310752 -0.165914
v 0.226500 3.340042 -0.167274
v 0.243621 3.419804 -0.233915
v 0.124163 3.443117 -0.240825
v 0.107863 3.367268 -0.177513
v 0.180494 3.348561 -0.139983
v 0.242007 3.412756 -0.179932
v 0.207007 3.470963 -0.242119
v 0.162152 3.488303 -0.227210
v 0.109970 3.433823 -0.193367
v 0.139644 3.384277 -0.140557
v 0.209985 3.408076 -0.141679
v 0.223787 3.472428 -0.195347
v 0.137390 3.480412 -0.194326
v 0.127624 3.434103 -0.156027
v 0.171703 3.422765 -0.133253
v 0.209064 3.461959 -0.157275
v 0.187823 3.497440 -0.195154
v 0.162719 3.491291 -0.177652
v 0.142942 3.471675 -0.164239
v 0.154529 3.451763 -0.145904
v 0.180340 3.462035 -0.144922
v 0.185760 3.485347 -0.165747
v 0.187398 3.272121 -0.273769
v 0.164491 3.480178 -0.155493
v 0.090460 3.666752 -0.073075
v 0.278666 3.712128 -0.087522
v 0.179065 3.718734 0.090674
v 0.395708 3.710962 0.330090
v 0.833378 3.631409 0.108576
v 0.882695 3.504756 0.546716
v 1.138995 3.251941 0.461503
v 1.076285 3.254814 0.569092
v 1.172031 3.118041 0.558225
v 1.116998 3.259369 0.521196
v 0.982851 3.526707 0.431760
v 0.504123 3.780664 0.152996
v 0.222333 3.748612 -0.003107
v 0.767868 3.707522 0.302757
v 0.599843 3.702487 -0.025808
v 0.633440 3.685051 -0.009170
v 1.034892 3.475607 0.301186
v 1.057917 3.454554 0.327597
v 0.693871 3.622452 0.489784
v 0.660231 3.632737 0.477290
v 0.095353 3.622345 -0.065372
v -0.048591 3.700235 -0.187363
v 0.163335 3.680199 -0.253930
v -0.157094 3.730532 -0.331481
v 0.177153 3.698826 -0.436503
v 0.169324 3.676983 -0.608477
v -0.350877 3.665879 -0.766518
v -0.094463 3.502164 -1.164805
v -0.416379 3.271136 -1.317221
v -0.287678 3.257399 -1.355518
v -0.402922 3.124083 -1.433907
v -0.353688 3.271562 -1.347216
v -0.251653 3.547849 -1.145822
v 0.064553 3.717701 -0.209076
v 0.021397 3.767738 -0.372729
v -0.254567 3.720601 -0.481231
v -0.271158 3.707543 -0.518200
v -0.027768 3.780338 -0.539540
v -0.400637 3.509880 -1.087155
v -0.404038 3.488789 -1.127049
v 0.037163 3.608498 -0.965790
v 0.055926 3.615294 -0.929843
v -0.140161 3.721292 -0.868727
v 0.099208 3.628570 -0.072568
v 0.004024 3.652551 0.093031
v -0.081795 3.682004 -0.090002
v -0.407827 3.666445 -0.054524
v -0.494264 3.523814 0.417321
v -0.893282 3.420897 0.187597
v -1.000427 3.133517 0.413065
v -1.050841 3.150353 0.300453
v -1.112032 3.002051 0.367424
v -1.035286 3.147522 0.361654
v -0.856872 3.424150 0.337718
v -0.029169 3.701001 0.003634
v -0.239402 3.611686 0.316031
v -0.273954 3.591716 0.330845
v -0.320188 3.712667 0.143939
v -0.786078 3.358377 0.449272
v -0.823064 3.336953 0.449857
v -0.723427 3.555677 0.082680
v -0.692651 3.568691 0.064075
v -0.606334 3.620420 0.261037
v 0.096862 3.674526 -0.074832
v 0.203066 3.705847 0.084233
v -0.001780 3.715160 0.084391
v -0.109694 3.683235 0.389896
v 0.291498 3.575416 0.659982
v -0.079114 3.431412 0.909714
v 0.103922 3.159425 1.079679
v -0.020986 3.164075 1.077457
v 0.026277 3.019307 1.149110
v 0.041134 3.166978 1.089834
v 0.071762 3.448946 0.942272
v 0.103341 3.744560 0.078577
v 0.093320 3.651498 0.700721
v 0.302172 3.669277 0.394646
v 0.302702 3.648550 0.430830
v 0.103200 3.750136 0.401363
v 0.209023 3.397238 0.921693
v 0.195501 3.373688 0.953487
v -0.112526 3.566205 0.723085
v -0.117142 3.579456 0.688337
v 0.088411 3.623380 -0.068597
v 0.271805 3.704081 -0.387872
v 0.460785 3.693264 -0.104124
v 0.619034 3.673350 -0.155743
v 0.621377 3.628855 -0.683770
v 1.058150 3.481690 -0.538566
v 1.099066 3.235408 -0.857197
v 1.170227 3.229910 -0.746349
v 1.204647 3.092376 -0.861680
v 0.998635 3.516178 -0.684583
v 0.360444 3.760003 -0.236155
v 1.144801 3.239418 -0.807013
v 0.383570 3.690253 -0.519858
v 0.413204 3.676545 -0.544485
v 0.505132 3.763701 -0.331245
v 0.900111 3.470735 -0.803411
v 0.935622 3.449231 -0.815512
v 0.913690 3.595388 -0.371291
v 0.885683 3.604163 -0.344264
v 0.774448 3.697570 -0.517805
v 0.072364 3.531212 -0.065567
v 0.042986 3.600131 -0.221513
v 0.216570 3.593197 -0.149161
v 0.045876 3.631028 -0.374633
v 0.328882 3.619610 -0.256735
v 0.413522 3.612723 -0.372877
v 0.165626 3.599607 -0.756198
v 0.554446 3.494131 -0.873092
v 0.439855 3.301651 -1.146455
v 0.544358 3.295986 -1.101075
v 0.518261 3.186323 -1.214427
v 0.496671 3.305521 -1.131600
v 0.126868 3.619124 -0.173545
v 0.186292 3.670936 -0.301449
v 0.352977 3.659911 -0.701914
v 0.069991 3.630196 -0.520873
v 0.080077 3.620663 -0.553937
v 0.245174 3.689906 -0.435266
v 0.314599 3.487774 -0.989247
v 0.335507 3.471934 -1.017189
v 0.441091 3.526883 -0.945896
v 0.526080 3.574203 -0.673810
v 0.518439 3.578746 -0.639860
v 0.076891 3.504128 -0.068516
v -0.100077 3.578590 -0.096231
v 0.042766 3.564857 -0.251986
v -0.117426 3.581798 -0.546422
v -0.624293 3.571690 -0.432028
v -0.601653 3.436556 -0.893869
v -0.942390 3.219380 -0.884593
v -0.853987 3.209586 -0.978137
v -0.987658 3.084771 -0.998268
v -0.904587 3.221918 -0.938961
v -0.015986 3.605016 -0.166003
v -0.407524 3.613983 -0.236218
v -0.440261 3.600684 -0.261966
v -0.248013 3.674059 -0.389025
v -0.818517 3.436779 -0.684295
v -0.840308 3.418257 -0.717336
v -0.722442 3.477138 -0.800408
v -0.397671 3.530415 -0.784118
v -0.364785 3.536253 -0.763158
v -0.492551 3.633720 -0.607833
v -0.019985 3.487895 -0.098796
v -0.156275 3.522406 0.017905
v -0.169973 3.552265 -0.175791
v -0.472355 3.562256 -0.252538
v -0.716351 3.443534 0.144316
v -1.005079 3.367800 -0.194277
v -1.200607 3.104926 -0.024020
v -1.207022 3.121912 -0.142346
v -1.297082 2.985369 -0.100738
v -1.213500 3.119574 -0.082024
v -1.021428 3.372174 -0.047251
v -0.152045 3.569131 -0.074027
v -0.448810 3.506732 0.137530
v -0.486319 3.490483 0.139425
v -0.454915 3.605485 -0.045501
v -1.001022 3.306649 0.077464
v -1.036227 3.288631 0.065809
v -0.807649 3.482302 -0.233328
v -0.772837 3.492181 -0.240002
v -0.755633 3.540783 -0.034802
v 0.063193 3.422552 -0.083069
v 0.104972 3.498262 0.084428
v -0.072125 3.516217 -0.003363
v -0.282498 3.592695 0.217986
v -0.050679 3.565059 0.643995
v -0.492302 3.533751 0.744017
v -0.447466 3.334821 1.046720
v -0.554777 3.344067 0.991609
v -0.567928 3.234318 1.116186
v -0.504468 3.347881 1.026835
v -0.368868 3.553341 0.828447
v -0.087432 3.647130 0.294900
v 0.027543 3.536173 0.026602
v 0.072756 3.562444 0.397148
v 0.055948 3.555588 0.433984
v -0.251783 3.493426 0.884117
v -0.279886 3.483209 0.912445
v -0.427803 3.596076 0.532205
v -0.416704 3.596933 0.497017
v -0.223105 3.656519 0.572151
v 0.049410 3.446245 -0.073849
v 0.189670 3.508209 -0.174425
v 0.190568 3.521557 0.019130
v 0.481791 3.564195 0.113971
v 0.749418 3.517175 -0.273332
v 1.015942 3.451411 0.064758
v 1.226781 3.237636 -0.124187
v 1.225421 3.244365 -0.006075
v 1.320781 3.127590 -0.059270
v 1.235551 3.248281 -0.064789
v 1.040568 3.471095 -0.077044
v 0.476349 3.622488 -0.082940
v 0.177261 3.544395 -0.078918
v 0.774685 3.600495 -0.083258
v 0.483540 3.542258 -0.274616
v 0.521720 3.531727 -0.276514
v 1.030156 3.416083 -0.208569
v 1.064907 3.401899 -0.197489
v 0.815475 3.532929 0.105764
v 0.780242 3.537323 0.111288
v 0.049120 3.398684 -0.081434
v 0.242104 3.455894 -0.051418
v 0.092612 3.478234 0.098779
v 0.246237 3.513933 0.399936
v 0.751115 3.433244 0.310449
v 0.684057 3.360137 0.783123
v 0.972521 3.105864 0.807718
v 0.879716 3.118001 0.897870
v 0.982696 2.981992 0.934763
v 0.933756 3.119500 0.860334
v 0.816222 3.375089 0.691958
v 0.161315 3.500300 0.012291
v 0.629933 3.531359 0.475215
v 0.550294 3.474660 0.100498
v 0.579944 3.460891 0.128925
v 0.402600 3.570971 0.241071
v 0.905861 3.309636 0.583387
v 0.922299 3.292902 0.619286
v 0.505877 3.461997 0.655748
v 0.475269 3.468776 0.632530
v 0.059472 3.582103 -0.134843
v 0.016767 3.720690 0.047788
v -0.046476 3.697747 -0.178025
v -0.315752 3.766534 -0.236948
v -0.414637 3.845663 0.264806
v -0.763935 3.750834 -0.050401
v -0.915552 3.605518 0.256442
v -0.953745 3.588609 0.121420
v -1.042739 3.491777 0.205478
v -0.943693 3.599023 0.174469
v -0.237889 3.843613 -0.045637
v -0.010402 3.724786 -0.107066
v -0.486404 3.870954 0.031534
v -0.186693 3.826946 0.208008
v -0.220512 3.823037 0.221677
v -0.688513 3.775420 0.270609
v -0.724562 3.762673 0.268300
v -0.730796 3.790596 0.107965
v -0.596776 3.793049 -0.155194
v -0.567512 3.789196 -0.169609
v 0.100552 3.684643 -0.080952
v 0.145790 3.771236 -0.010144
v 0.020154 3.750925 -0.029230
v -0.078443 3.842563 0.119645
v 0.139528 3.936988 0.323181
v -0.106385 3.928722 0.472603
v 0.001102 3.889536 0.680291
v -0.075884 3.875823 0.667813
v -0.047158 3.842983 0.765022
v -0.039019 3.888730 0.677091
v 0.050539 3.892692 0.126389
v 0.086347 3.772188 -0.028776
v 0.012590 3.946748 0.296756
v 0.172121 3.885082 0.158000
v 0.169697 3.893107 0.184733
v 0.071147 3.955533 0.512990
v 0.059602 3.949338 0.539327
v -0.018198 3.962166 0.492460
v -0.109681 3.908904 0.326462
v -0.109491 3.902642 0.304864
v 0.086820 3.651128 -0.069587
v 0.221248 3.789883 -0.184019
v 0.247827 3.786327 0.018417
v 0.340511 3.825843 0.035590
v 0.476737 3.891071 -0.240812
v 0.693508 3.906357 -0.043557
v 0.862063 3.847856 -0.202861
v 0.871656 3.845087 -0.123942
v 0.956422 3.805293 -0.177065
v 0.870677 3.853346 -0.163136
v 0.688733 3.932062 -0.136319
v 0.210552 3.815237 -0.078259
v 0.308405 3.833533 -0.221228
v 0.332782 3.838651 -0.226127
v 0.299510 3.869935 -0.087122
v 0.683080 3.903929 -0.227612
v 0.710811 3.904289 -0.223569
v 0.552453 3.898105 0.004460
v 0.529191 3.890483 0.011385
v 0.488942 3.936741 -0.109810
v 0.095735 3.647420 -0.053269
v 0.011343 3.736914 -0.051273
v 0.116827 3.737099 -0.139078
v 0.073120 3.860299 -0.302232
v -0.240744 3.942076 -0.256058
v -0.182087 3.983593 -0.553924
v -0.423701 3.941249 -0.623636
v -0.359158 3.939900 -0.676615
v -0.458194 3.907942 -0.728837
v -0.258691 4.009230 -0.493030
v 0.077092 3.749788 -0.079911
v -0.124599 3.991400 -0.331474
v -0.392657 3.948088 -0.652421
v -0.136720 3.863330 -0.127280
v -0.155165 3.871226 -0.147432
v -0.009029 3.899755 -0.190309
v -0.340205 3.978918 -0.442213
v -0.351901 3.982459 -0.468607
v -0.063057 3.959324 -0.458623
v -0.044789 3.948861 -0.443375
v 0.096389 3.654973 -0.069579
v 0.278961 3.699484 -0.082435
v 0.183246 3.705816 0.088584
v 0.396863 3.697943 0.325136
v 0.826156 3.619728 0.110530
v 0.876151 3.495144 0.538916
v 1.127529 3.245238 0.457472
v 1.067330 3.247867 0.561043
v 1.161148 3.112376 0.551839
v 1.106462 3.252652 0.514944
v 0.974130 3.516993 0.426947
v 0.503185 3.766953 0.152496
v 0.225575 3.735253 -0.001069
v 0.762686 3.694902 0.300441
v 0.598132 3.689654 -0.021222
v 0.628228 3.672718 -0.006086
v 1.025521 3.465553 0.301519
v 1.046526 3.447373 0.324183
v 0.689093 3.611405 0.482706
v 0.659284 3.620274 0.471249
v 0.092023 3.611030 -0.072792
v -0.047980 3.687469 -0.192775
v 0.157546 3.668086 -0.257410
v -0.154760 3.717165 -0.334378
v 0.171231 3.686310 -0.436776
v 0.163675 3.664638 -0.605870
v -0.346148 3.653201 -0.763933
v -0.096415 3.492308 -1.155505
v -0.412008 3.262912 -1.307254
v -0.287715 3.249726 -1.344256
v -0.400292 3.117139 -1.422516
v -0.351420 3.263680 -1.336225
v -0.250107 3.537310 -1.137318
v 0.061656 3.705055 -0.214438
v 0.019401 3.754183 -0.374733
v -0.251639 3.707189 -0.482796
v -0.267117 3.694415 -0.517586
v -0.029115 3.766668 -0.538730
v -0.395269 3.498554 -1.081943
v -0.399388 3.480078 -1.117613
v 0.034283 3.597480 -0.958228
v 0.050757 3.603327 -0.925657
v -0.139851 3.708322 -0.864440
v 0.092498 3.616583 -0.071647
v -0.000587 3.640376 0.088238
v -0.082826 3.668631 -0.087427
v -0.404763 3.653085 -0.052827
v -0.491928 3.513015 0.408681
v -0.883732 3.411160 0.185315
v -0.990970 3.127065 0.405254
v -1.039658 3.143177 0.296815
v -1.101001 2.996314 0.361512
v -1.024619 3.140803 0.355805
v -0.848474 3.414695 0.332068
v -0.033103 3.687568 0.002961
v -0.242373 3.599480 0.309901
v -0.273643 3.580209 0.322984
v -0.319607 3.699139 0.141320
v -0.781274 3.349119 0.440153
v -0.814141 3.330123 0.441696
v -0.715424 3.544557 0.081134
v -0.687555 3.555993 0.064774
v -0.601901 3.608196 0.256313
v 0.096247 3.662262 -0.068918
v 0.198239 3.693088 0.085841
v 0.001601 3.702013 0.085897
v -0.105334 3.670281 0.387359
v 0.285897 3.564257 0.653591
v -0.075937 3.422333 0.899553
v 0.101659 3.153416 1.067299
v -0.018627 3.157680 1.065331
v 0.026362 3.014258 1.136194
v 0.041208 3.160898 1.077214
v 0.071361 3.439872 0.931655
v 0.102601 3.730933 0.081266
v 0.092342 3.639328 0.694060
v 0.296820 3.656490 0.394201
v 0.297032 3.636578 0.426627
v 0.102627 3.736541 0.399114
v 0.203876 3.387839 0.912845
v 0.192724 3.367224 0.941423
v -0.109180 3.555611 0.714654
v -0.112863 3.567224 0.683536
v 0.093084 3.611083 -0.072521
v 0.275401 3.691004 -0.386051
v 0.459602 3.680493 -0.109366
v 0.614668 3.660765 -0.159956
v 0.620003 3.616621 -0.677655
v 1.048332 3.472004 -0.537217
v 1.090409 3.228037 -0.849502
v 1.159067 3.222748 -0.742678
v 1.194133 3.086238 -0.855399
v 0.990534 3.506078 -0.679968
v 0.362425 3.746421 -0.238469
v 1.134549 3.232251 -0.801127
v 0.385928 3.677166 -0.516485
v 0.413604 3.663767 -0.539621
v 0.503737 3.749991 -0.331533
v 0.896346 3.459999 -0.795986
v 0.927559 3.441350 -0.807665
v 0.905315 3.584368 -0.371299
v 0.879971 3.591959 -0.347442
v 0.770167 3.684721 -0.515529
v 0.075170 3.520274 -0.073687
v 0.047572 3.587774 -0.225689
v 0.215101 3.581142 -0.155952
v 0.050230 3.617963 -0.375798
v 0.325239 3.606935 -0.261228
v 0.408250 3.600018 -0.375048
v 0.168310 3.586933 -0.751596
v 0.547484 3.483602 -0.867591
v 0.437228 3.293037 -1.136190
v 0.537458 3.287661 -1.092699
v 0.513289 3.178863 -1.204169
v 0.491733 3.297107 -1.121919
v 0.128784 3.606770 -0.179914
v 0.186804 3.657485 -0.304737
v 0.351194 3.646648 -0.698980
v 0.073923 3.617001 -0.520613
v 0.083565 3.607661 -0.551343
v 0.244381 3.676152 -0.435998
v 0.315977 3.476301 -0.982158
v 0.333470 3.462862 -1.007172
v 0.437348 3.515870 -0.938715
v 0.519615 3.562569 -0.670317
v 0.512475 3.566330 -0.640538
v 0.070067 3.493382 -0.074097
v -0.101136 3.565993 -0.101947
v 0.036105 3.552840 -0.251561
v -0.121722 3.569283 -0.542465
v -0.618943 3.558939 -0.432823
v -0.598781 3.426127 -0.885509
v -0.933772 3.210597 -0.878646
v -0.848523 3.201198 -0.968904
v -0.979841 3.077127 -0.990175
v -0.897277 3.213377 -0.931101
v -0.020861 3.592268 -0.169482
v -0.406784 3.600890 -0.240919
v -0.436581 3.587589 -0.264326
v -0.249469 3.660396 -0.389010
v -0.811363 3.425225 -0.683060
v -0.831708 3.409034 -0.712006
v -0.716978 3.466129 -0.794472
v -0.396436 3.518934 -0.776840
v -0.367190 3.523986 -0.757682
v -0.490272 3.620517 -0.605085
v -0.027751 3.476549 -0.100258
v -0.160058 3.510515 0.011796
v -0.173083 3.539105 -0.173694
v -0.471258 3.548764 -0.249860
v -0.712106 3.432365 0.137035
v -0.996194 3.357346 -0.193136
v -1.189654 3.097552 -0.028059
v -1.195938 3.113835 -0.141919
v -1.285251 2.978647 -0.102490
v -1.202114 3.111916 -0.083828
v -1.012456 3.361979 -0.049649
v -0.156765 3.556045 -0.076002
v -0.450570 3.494635 0.130734
v -0.484317 3.478781 0.132160
v -0.454677 3.591889 -0.047745
v -0.994179 3.296814 0.070593
v -1.025682 3.280914 0.061259
v -0.800570 3.470608 -0.232023
v -0.769409 3.479174 -0.237570
v -0.750919 3.528147 -0.037682
v 0.057913 3.413307 -0.074525
v 0.097390 3.487242 0.087508
v -0.072201 3.504360 0.003261
v -0.280071 3.579564 0.221385
v -0.055473 3.552759 0.639351
v -0.487346 3.521663 0.739267
v -0.445961 3.324975 1.036942
v -0.549306 3.333770 0.984087
v -0.563945 3.225055 1.106656
v -0.500798 3.337790 1.017854
v -0.366984 3.541244 0.821827
v -0.089776 3.633749 0.296701
v 0.023120 3.524492 0.032664
v 0.065502 3.550699 0.398224
v 0.050070 3.543290 0.431444
v -0.254890 3.481870 0.877083
v -0.279044 3.473083 0.902850
v -0.423619 3.583192 0.529406
v -0.413349 3.583706 0.498190
v -0.223823 3.642966 0.569539
v 0.058131 3.435692 -0.073408
v 0.194502 3.496326 -0.169836
v 0.195296 3.509115 0.015609
v 0.482580 3.550989 0.109481
v 0.746255 3.504992 -0.267743
v 1.008206 3.440279 0.061524
v 1.216196 3.229128 -0.121747
v 1.215020 3.235527 -0.008388
v 1.309328 3.119944 -0.059184
v 1.224650 3.239655 -0.064751
v 1.032460 3.459912 -0.076592
v 0.477631 3.608838 -0.082547
v 0.183251 3.531843 -0.078403
v 0.771314 3.587192 -0.082344
v 0.486459 3.529903 -0.269460
v 0.520901 3.519283 -0.270938
v 1.024112 3.405034 -0.203334
v 1.054782 3.392995 -0.194540
v 0.809840 3.520695 0.102327
v 0.778621 3.524288 0.106881
v 0.054196 3.387844 -0.074969
v 0.241315 3.444042 -0.044763
v 0.097479 3.465487 0.099566
v 0.248937 3.500554 0.397215
v 0.743909 3.421485 0.312000
v 0.680066 3.349240 0.775279
v 0.962734 3.097946 0.801789
v 0.873423 3.109500 0.888801
v 0.974076 2.974823 0.926597
v 0.925455 3.111345 0.852535
v 0.809354 3.364315 0.686411
v 0.164197 3.487552 0.016878
v 0.625851 3.518287 0.473356
v 0.547707 3.462434 0.106168
v 0.574376 3.448756 0.132163
v 0.402131 3.557314 0.242189
v 0.896992 3.299133 0.582621
v 0.912430 3.284605 0.614033
v 0.503418 3.449906 0.649235
v 0.476230 3.455682 0.628164
v 0.049419 3.573951 -0.130207
v 0.008918 3.709376 0.048312
v -0.052574 3.687217 -0.171852
v -0.317522 3.754215 -0.231153
v -0.414181 3.831928 0.262773
v -0.757174 3.738937 -0.049005
v -0.906545 3.595317 0.254009
v -0.944301 3.578611 0.121090
v -1.032799 3.482366 0.203855
v -0.934248 3.589070 0.173128
v -0.241234 3.830614 -0.042912
v -0.018596 3.714264 -0.103105
v -0.484989 3.857326 0.032317
v -0.192640 3.814448 0.208078
v -0.222709 3.809469 0.220362
v -0.684713 3.762468 0.267937
v -0.716226 3.751993 0.265838
v -0.724277 3.778504 0.107339
v -0.592248 3.780348 -0.152838
v -0.566942 3.776427 -0.164841
v 0.099831 3.677892 -0.069069
v 0.142862 3.761443 -0.001084
v 0.022844 3.741856 -0.019442
v -0.074187 3.831285 0.126149
v 0.137795 3.923445 0.325295
v -0.101388 3.915891 0.471528
v 0.002038 3.876875 0.674586
v -0.070989 3.863839 0.662901
v -0.044102 3.831143 0.758492
v -0.035982 3.876358 0.671455
v 0.051424 3.880727 0.132847
v 0.086056 3.763047 -0.018511
v 0.014023 3.933432 0.299582
v 0.169237 3.873968 0.165427
v 0.167620 3.880085 0.188445
v 0.069917 3.941874 0.513042
v 0.060037 3.936423 0.534231
v -0.015775 3.948687 0.490791
v -0.105094 3.896045 0.327968
v -0.104885 3.890487 0.309083
v 0.097981 3.643442 -0.071375
v 0.229784 3.779558 -0.181322
v 0.255188 3.776122 0.012739
v 0.345020 3.814196 0.029362
v 0.479547 3.878229 -0.236767
v 0.690598 3.893301 -0.047454
v 0.856515 3.835452 -0.200662
v 0.865648 3.832860 -0.126405
v 0.949383 3.793471 -0.176934
v 0.864517 3.840902 -0.163247
v 0.686089 3.918516 -0.136642
v 0.219672 3.804921 -0.079926
v 0.315418 3.822268 -0.217790
v 0.337613 3.826423 -0.222337
v 0.305373 3.857567 -0.088627
v 0.682921 3.890954 -0.223494
v 0.705894 3.891688 -0.220978
v 0.551759 3.884946 0.000036
v 0.532152 3.878321 0.005439
v 0.491323 3.923205 -0.110432
v 0.087354 3.643425 -0.063575
v 0.007761 3.729163 -0.062271
v 0.106779 3.729430 -0.144721
v 0.064308 3.849783 -0.304861
v -0.239396 3.929649 -0.262358
v -0.184399 3.970284 -0.551216
v -0.419592 3.928275 -0.621924
v -0.358609 3.927044 -0.672051
v -0.454981 3.895349 -0.724781
v -0.258223 3.995480 -0.492556
v 0.069390 3.742440 -0.089227
v -0.127125 3.978262 -0.335062
v -0.390128 3.935007 -0.649016
v -0.138988 3.854014 -0.137519
v -0.155145 3.859792 -0.155403
v -0.014600 3.888792 -0.196778
v -0.337243 3.966009 -0.446010
v -0.347800 3.969370 -0.467637
v -0.067028 3.946166 -0.457484
v -0.052084 3.937187 -0.444432
v 0.110410 3.526441 -0.020707
v 0.087116 3.459559 0.020012
v 0.054849 3.374079 0.030883
v 0.025935 3.302652 0.007756
v 0.061742 3.544420 -0.053457
v 0.008368 3.488651 -0.032980
v -0.023898 3.403172 -0.022109
v -0.022734 3.320632 -0.024996
v 0.074048 3.532469 -0.112333
v 0.028282 3.469316 -0.128239
v -0.003986 3.383836 -0.117370
v -0.010427 3.308681 -0.083870
v 0.011417 3.272559 -0.040539
v 0.115836 3.549178 -0.075719
v 0.130324 3.507106 -0.115967
v 0.119335 3.428272 -0.134123
v 0.087069 3.342793 -0.123250
v 0.045848 3.283316 -0.087505
v 0.152797 3.503379 -0.059339
v 0.155698 3.422243 -0.042497
v 0.123431 3.336762 -0.031624
v 0.068320 3.279589 -0.030878
v -0.001156 3.282173 0.039426
v 0.027759 3.353600 0.062555
v -0.050989 3.382691 0.009563
v -0.049824 3.300152 0.006677
v 0.083022 3.500002 0.043936
v 0.106317 3.566883 0.003217
v 0.057648 3.584863 -0.029534
v 0.004275 3.529093 -0.009056
v -0.016379 3.221093 -0.021429
v -0.001862 3.251185 0.026865
v -0.050531 3.269165 -0.005884
v 0.036763 3.385657 0.063128
v 0.069031 3.471138 0.052257
v -0.009718 3.500229 -0.000735
v -0.041984 3.414751 0.010136
v 0.124727 3.586537 -0.015783
v 0.130152 3.609274 -0.070797
v 0.076057 3.604517 -0.048535
v 0.069866 3.605544 -0.064140
v 0.123958 3.610300 -0.086402
v 0.082172 3.593595 -0.123015
v -0.064150 3.302528 -0.029422
v -0.065314 3.385068 -0.026535
v -0.045402 3.365731 -0.121796
v -0.051843 3.290578 -0.088296
v -0.010050 3.531470 -0.045154
v 0.043323 3.587239 -0.065633
v 0.055630 3.575289 -0.124506
v 0.009862 3.512133 -0.140415
v -0.022572 3.222120 -0.037033
v -0.056723 3.270192 -0.021490
v -0.044417 3.258242 -0.080364
v -0.058602 3.417506 -0.031736
v -0.026335 3.502985 -0.042607
v -0.006421 3.483648 -0.137868
v -0.038688 3.398169 -0.126997
v 0.093852 3.587238 -0.133661
v 0.135639 3.603945 -0.097049
v 0.150127 3.561872 -0.137296
v -0.024823 3.275876 -0.112923
v -0.018382 3.351030 -0.146423
v 0.072672 3.309986 -0.152303
v 0.031451 3.250511 -0.116560
v 0.036882 3.497432 -0.165042
v 0.082649 3.560586 -0.149132
v 0.138924 3.535220 -0.152769
v 0.127936 3.456389 -0.170924
v -0.010892 3.215763 -0.047679
v -0.032736 3.251887 -0.091009
v 0.023538 3.226521 -0.094645
v -0.007347 3.381115 -0.155563
v 0.024920 3.466596 -0.166434
v 0.115974 3.425553 -0.172316
v 0.083707 3.340073 -0.161446
v 0.163540 3.556918 -0.128269
v 0.149051 3.598991 -0.088022
v 0.186012 3.553191 -0.071642
v 0.062476 3.239048 -0.095680
v 0.103697 3.298526 -0.131427
v 0.140059 3.292497 -0.039801
v 0.084949 3.235322 -0.039054
v 0.158961 3.444928 -0.150046
v 0.169949 3.523760 -0.131891
v 0.192422 3.520033 -0.075264
v 0.195322 3.438898 -0.058422
v 0.002519 3.210809 -0.038654
v 0.036950 3.221564 -0.085619
v 0.059423 3.217839 -0.028993
v 0.119693 3.326777 -0.137227
v 0.151961 3.412259 -0.148100
v 0.188323 3.406229 -0.056475
v 0.156055 3.320749 -0.045603
v 0.182620 3.556485 -0.055418
v 0.145661 3.602285 -0.071798
v 0.140234 3.579547 -0.016786
v 0.077103 3.242940 -0.001523
v 0.132212 3.300113 -0.002271
v 0.063631 3.337430 0.060238
v 0.034718 3.266003 0.037110
v 0.187477 3.446516 -0.020891
v 0.184576 3.527651 -0.037733
v 0.142191 3.550714 0.000899
v 0.118896 3.483832 0.041618
v -0.000871 3.214103 -0.022430
v 0.056031 3.221133 -0.012769
v 0.013646 3.244195 0.025865
v 0.146956 3.329585 -0.002069
v 0.179223 3.415065 -0.012942
v 0.110641 3.452380 0.049569
v 0.078374 3.366902 0.060440
vt 0.811080 0.238107
vt 0.820467 0.238070
vt 0.820467 0.284961
vt 0.809234 0.285006
vt 0.437206 0.767372
vt 0.437206 0.814263
vt 0.427898 0.813048
vt 0.426067 0.765918
vt 0.745187 0.065633
vt 0.764366 0.061666
vt 0.764366 0.108965
vt 0.750771 0.108419
vt 0.716714 0.425145
vt 0.716714 0.451931
vt 0.676776 0.451436
vt 0.673741 0.432624
vt 0.668002 0.178502
vt 0.668002 0.228726
vt 0.641924 0.222608
vt 0.648977 0.179563
vt 0.560262 0.719655
vt 0.560262 0.741946
vt 0.514504 0.737366
vt 0.514731 0.721077
vt 0.278118 0.352924
vt 0.333176 0.347955
vt 0.333176 0.378847
vt 0.275279 0.373353
vt 0.660116 0.539905
vt 0.660116 0.568594
vt 0.611909 0.561873
vt 0.613517 0.541923
vt 0.385374 0.610421
vt 0.431950 0.606020
vt 0.431950 0.636095
vt 0.384824 0.631005
vt 0.205883 0.632131
vt 0.254313 0.627277
vt 0.254313 0.655966
vt 0.205925 0.652146
vt 0.430881 0.708067
vt 0.430881 0.730358
vt 0.384824 0.726671
vt 0.384953 0.710381
vt 0.693497 0.756655
vt 0.735827 0.750833
vt 0.735827 0.770418
vt 0.694976 0.770180
vt 0.094665 0.702572
vt 0.094665 0.727179
vt 0.052686 0.725175
vt 0.051089 0.707491
vt 0.377202 0.643717
vt 0.377202 0.672406
vt 0.331111 0.665252
vt 0.332767 0.645305
vt 0.248198 0.697981
vt 0.248198 0.724768
vt 0.205883 0.717773
vt 0.208266 0.698869
vt 0.611751 0.241963
vt 0.657345 0.238070
vt 0.657345 0.268146
vt 0.610899 0.262537
vt 0.205883 0.737374
vt 0.253371 0.732390
vt 0.253371 0.752880
vt 0.206996 0.752075
vt 0.374825 0.744011
vt 0.374825 0.764501
vt 0.330721 0.759620
vt 0.331836 0.744920
vt 0.496655 0.730863
vt 0.496655 0.751353
vt 0.449117 0.746865
vt 0.449924 0.732145
vt 0.766970 0.721516
vt 0.766970 0.768395
vt 0.747794 0.764413
vt 0.753375 0.722051
vt 0.767846 0.644714
vt 0.749839 0.640516
vt 0.754918 0.598873
vt 0.767846 0.597353
vt 0.275279 0.655060
vt 0.321162 0.648380
vt 0.321162 0.677069
vt 0.276888 0.675010
vt 0.271682 0.721058
vt 0.317444 0.716476
vt 0.317444 0.738768
vt 0.271909 0.737346
vt 0.573333 0.639012
vt 0.621327 0.631762
vt 0.621327 0.660451
vt 0.574984 0.658959
vt 0.773687 0.340872
vt 0.768396 0.302198
vt 0.786701 0.299593
vt 0.786701 0.341132
vt 0.162553 0.751809
vt 0.113397 0.751842
vt 0.116030 0.732435
vt 0.162553 0.738203
vt 0.747709 0.052570
vt 0.728124 0.052592
vt 0.734182 0.003811
vt 0.747709 0.005271
vt 0.678500 0.350252
vt 0.654067 0.347329
vt 0.660745 0.299624
vt 0.678500 0.299593
vt 0.275279 0.615957
vt 0.322384 0.610682
vt 0.322384 0.640758
vt 0.275583 0.636547
vt 0.555952 0.873179
vt 0.545698 0.868135
vt 0.545738 0.848120
vt 0.555952 0.843103
vt 0.866768 0.318806
vt 0.866689 0.299752
vt 0.876441 0.294931
vt 0.876441 0.323620
vt 0.863366 0.268962
vt 0.852927 0.263816
vt 0.852983 0.243224
vt 0.863366 0.238070
vt 0.862934 0.498249
vt 0.862927 0.478233
vt 0.873138 0.473210
vt 0.873138 0.503286
vt 0.852169 0.797147
vt 0.852111 0.776556
vt 0.862586 0.771409
vt 0.862586 0.802301
vt 0.854707 0.622173
vt 0.854652 0.601581
vt 0.865077 0.596442
vt 0.865077 0.627334
vt 0.859845 0.752408
vt 0.849357 0.747269
vt 0.849413 0.726677
vt 0.859845 0.721516
vt 0.868672 0.151449
vt 0.858360 0.146412
vt 0.858408 0.126397
vt 0.868672 0.121373
vt 0.856257 0.084257
vt 0.856258 0.063665
vt 0.866638 0.058522
vt 0.866638 0.089414
vt 0.862933 0.561399
vt 0.862885 0.541384
vt 0.873144 0.536347
vt 0.873144 0.566422
vt 0.604587 0.867041
vt 0.604546 0.847026
vt 0.614856 0.841981
vt 0.614856 0.872057
vt 0.163744 0.877161
vt 0.163538 0.859407
vt 0.173497 0.854887
vt 0.173497 0.881673
vt 0.340589 0.875895
vt 0.330721 0.871019
vt 0.330889 0.851965
vt 0.340589 0.847206
vt 0.721079 0.881760
vt 0.711307 0.877267
vt 0.711698 0.859516
vt 0.721079 0.854973
vt 0.792977 0.879647
vt 0.783008 0.875147
vt 0.783223 0.857393
vt 0.792977 0.852860
vt 0.272074 0.877244
vt 0.271682 0.859493
vt 0.281443 0.854999
vt 0.281443 0.881785
vt 0.813902 0.874521
vt 0.803707 0.869635
vt 0.803973 0.850582
vt 0.813902 0.845832
vt 0.641530 0.919524
vt 0.633919 0.916610
vt 0.633557 0.903598
vt 0.641530 0.899939
vt 0.604546 0.900077
vt 0.604577 0.883787
vt 0.613412 0.879679
vt 0.613412 0.904286
vt 0.611937 0.930397
vt 0.604546 0.927240
vt 0.604736 0.914980
vt 0.611937 0.911908
vt 0.279776 0.909897
vt 0.271682 0.906544
vt 0.271867 0.892939
vt 0.279776 0.889407
vt 0.090908 0.904296
vt 0.082400 0.900601
vt 0.082480 0.885859
vt 0.090908 0.882005
vt 0.496681 0.939350
vt 0.489079 0.937051
vt 0.489567 0.925828
vt 0.496681 0.922367
vt 0.330767 0.901989
vt 0.330721 0.887247
vt 0.339208 0.883517
vt 0.339208 0.905808
vt 0.289167 0.907229
vt 0.289065 0.893624
vt 0.297060 0.890227
vt 0.297060 0.910717
vt 0.226763 0.923285
vt 0.226470 0.911027
vt 0.234153 0.907791
vt 0.234153 0.926281
vt 0.012290 0.905812
vt 0.003811 0.902073
vt 0.003845 0.887331
vt 0.012290 0.883521
vt 0.456484 0.925218
vt 0.449300 0.922135
vt 0.449117 0.909120
vt 0.456484 0.905634
vt 0.876309 0.355850
vt 0.867459 0.351773
vt 0.867404 0.335483
vt 0.876309 0.331242
vt 0.514504 0.916209
vt 0.514866 0.903197
vt 0.522426 0.900282
vt 0.522426 0.919867
vt 0.837080 0.926170
vt 0.829323 0.922929
vt 0.829620 0.910671
vt 0.837080 0.907681
vt 0.489079 0.911250
vt 0.489274 0.898235
vt 0.497440 0.895161
vt 0.497440 0.914745
vt 0.711492 0.906340
vt 0.711307 0.892736
vt 0.719428 0.889382
vt 0.719428 0.909872
vt 0.668859 0.922746
vt 0.668962 0.910485
vt 0.676802 0.907450
vt 0.676802 0.925940
vt 0.869945 0.921741
vt 0.869741 0.909481
vt 0.877696 0.906320
vt 0.877696 0.924809
vt 0.113951 0.927740
vt 0.113397 0.916520
vt 0.121144 0.914207
vt 0.121144 0.931189
vt 0.311528 0.792939
vt 0.311447 0.778197
vt 0.319960 0.774501
vt 0.319960 0.796792
vt 0.021496 0.870471
vt 0.021238 0.851418
vt 0.031282 0.846533
vt 0.031282 0.875222
vt 0.862119 0.842067
vt 0.851642 0.836925
vt 0.851640 0.816333
vt 0.862119 0.811175
vt 0.913094 0.737593
vt 0.904894 0.734475
vt 0.904716 0.721460
vt 0.913094 0.718008
vt 0.049444 0.881046
vt 0.049263 0.863291
vt 0.058657 0.858801
vt 0.058657 0.885587
vt 0.123719 0.873634
vt 0.113397 0.868811
vt 0.113489 0.849757
vt 0.123719 0.844945
vt 0.933334 0.351170
vt 0.933284 0.339937
vt 0.940860 0.337143
vt 0.940860 0.354125
vt 0.131527 0.868882
vt 0.131341 0.849828
vt 0.141635 0.844945
vt 0.141635 0.873634
vt 0.468284 0.893986
vt 0.468340 0.877696
vt 0.477477 0.873620
vt 0.477477 0.898227
vt 0.458324 0.898012
vt 0.449148 0.893904
vt 0.449117 0.877614
vt 0.458324 0.873404
vt 0.468284 0.921989
vt 0.468452 0.908973
vt 0.475618 0.905849
vt 0.475618 0.925434
vt 0.581136 0.885438
vt 0.571739 0.880928
vt 0.571914 0.863174
vt 0.581136 0.858651
vt 0.693578 0.905750
vt 0.693497 0.892145
vt 0.701644 0.888746
vt 0.701644 0.909236
vt 0.563972 0.944265
vt 0.556572 0.941468
vt 0.556605 0.930234
vt 0.563972 0.927283
vt 0.318853 0.430029
vt 0.328163 0.428823
vt 0.328163 0.476076
vt 0.317022 0.477519
vt 0.330721 0.717993
vt 0.376761 0.714098
vt 0.376761 0.736389
vt 0.330818 0.734283
vt 0.561157 0.618089
vt 0.561157 0.648165
vt 0.515357 0.644284
vt 0.514504 0.623709
vt 0.681570 0.771635
vt 0.633557 0.771738
vt 0.637204 0.755152
vt 0.681570 0.759374
vt 0.058682 0.205976
vt 0.058682 0.253141
vt 0.049404 0.251713
vt 0.047580 0.204266
vt 0.440147 0.295208
vt 0.409464 0.291619
vt 0.419547 0.239323
vt 0.440147 0.238070
vt 0.431204 0.757805
vt 0.384824 0.758296
vt 0.387492 0.737980
vt 0.431204 0.743063
vt 0.053756 0.755116
vt 0.051089 0.734801
vt 0.097834 0.735264
vt 0.097834 0.750006
vt 0.250333 0.774109
vt 0.205883 0.777312
vt 0.208291 0.760501
vt 0.250333 0.761848
vt 0.779268 0.764551
vt 0.774592 0.722749
vt 0.791530 0.721516
vt 0.791530 0.764580
vt 0.660989 0.125201
vt 0.660989 0.155277
vt 0.615855 0.150866
vt 0.615307 0.130281
vt 0.758956 0.225908
vt 0.740617 0.223551
vt 0.745947 0.176491
vt 0.758956 0.176045
vt 0.477227 0.353576
vt 0.467123 0.303025
vt 0.497824 0.299593
vt 0.497824 0.354875
vt 0.448321 0.516800
vt 0.448321 0.547692
vt 0.398050 0.542365
vt 0.395309 0.521922
vt 0.375120 0.533953
vt 0.384397 0.532517
vt 0.384397 0.579452
vt 0.373296 0.581170
vt 0.666119 0.425145
vt 0.666119 0.455220
vt 0.620663 0.449961
vt 0.620968 0.429372
vt 0.452765 0.775560
vt 0.449117 0.758975
vt 0.495669 0.759605
vt 0.495669 0.771866
vt 0.450728 0.669419
vt 0.499510 0.667670
vt 0.499510 0.692277
vt 0.449117 0.687101
vt 0.195670 0.766474
vt 0.176086 0.766577
vt 0.182179 0.723861
vt 0.195670 0.725622
vt 0.573333 0.604951
vt 0.625935 0.597353
vt 0.625935 0.624140
vt 0.575711 0.623856
vt 0.782864 0.363964
vt 0.782864 0.405916
vt 0.764624 0.402891
vt 0.769850 0.364208
vt 0.115524 0.701511
vt 0.157530 0.700206
vt 0.157530 0.724813
vt 0.113397 0.719139
vt 0.757833 0.283535
vt 0.752767 0.242307
vt 0.770764 0.238070
vt 0.770764 0.285027
vt 0.616629 0.416953
vt 0.609205 0.368026
vt 0.635682 0.363964
vt 0.635682 0.417113
vt 0.516862 0.766386
vt 0.514504 0.749568
vt 0.563401 0.752832
vt 0.563401 0.765093
vt 0.515329 0.544050
vt 0.565711 0.539905
vt 0.565711 0.570797
vt 0.514504 0.564843
vt 0.618719 0.730821
vt 0.618719 0.753112
vt 0.573333 0.749220
vt 0.573430 0.732930
vt 0.271682 0.750792
vt 0.315468 0.746389
vt 0.315468 0.766879
vt 0.272491 0.765512
vt 0.643304 0.370089
vt 0.669381 0.363964
vt 0.669381 0.413451
vt 0.650356 0.412394
vt 0.633557 0.728926
vt 0.678965 0.725239
vt 0.678965 0.747530
vt 0.633687 0.745216
vt 0.701307 0.412134
vt 0.677003 0.408282
vt 0.683578 0.364924
vt 0.701307 0.363964
vt 0.398625 0.363964
vt 0.398625 0.394856
vt 0.341621 0.390952
vt 0.340798 0.370159
vt 0.690602 0.003811
vt 0.690602 0.032500
vt 0.646401 0.027679
vt 0.646448 0.007664
vt 0.742497 0.302385
vt 0.760774 0.299593
vt 0.760774 0.349456
vt 0.747764 0.349046
vt 0.671547 0.285899
vt 0.664967 0.241892
vt 0.689276 0.238070
vt 0.689276 0.286883
vt 0.074247 0.912600
vt 0.066279 0.909203
vt 0.066354 0.895598
vt 0.074247 0.892110
vt 0.021273 0.901326
vt 0.021238 0.886583
vt 0.029735 0.882844
vt 0.029735 0.905135
vt 0.878832 0.898698
vt 0.869828 0.894673
vt 0.869741 0.878383
vt 0.878832 0.874091
vt 0.812209 0.904435
vt 0.803707 0.900704
vt 0.803754 0.885962
vt 0.812209 0.882143
vt 0.572093 0.932227
vt 0.571652 0.921002
vt 0.579270 0.918633
vt 0.579270 0.935616
vt 0.772282 0.052816
vt 0.755331 0.051777
vt 0.760022 0.003994
vt 0.772282 0.003811
vt 0.372346 0.772167
vt 0.372346 0.819649
vt 0.362959 0.819612
vt 0.361113 0.772123
vt 0.226470 0.895878
vt 0.226557 0.879588
vt 0.235507 0.875562
vt 0.235507 0.900169
vt 0.171247 0.934389
vt 0.163538 0.931989
vt 0.164052 0.920767
vt 0.171247 0.917407
vt 0.868245 0.033887
vt 0.857925 0.028864
vt 0.857933 0.008849
vt 0.868245 0.003811
vt 0.089709 0.930407
vt 0.082496 0.927365
vt 0.082400 0.915105
vt 0.089709 0.911918
vt 0.171685 0.909785
vt 0.163538 0.906386
vt 0.163647 0.892781
vt 0.171685 0.889295
vt 0.902295 0.706877
vt 0.902248 0.658764
vt 0.904455 0.658644
vt 0.904455 0.707346
vt 0.353491 0.804604
vt 0.331193 0.802704
vt 0.330721 0.777979
vt 0.353491 0.772123
vt 0.982776 0.942452
vt 0.984933 0.941943
vt 0.984933 0.964656
vt 0.982709 0.964628
vt 0.232960 0.055655
vt 0.232842 0.003811
vt 0.268363 0.006769
vt 0.268363 0.058774
vt 0.902573 0.364365
vt 0.904746 0.363964
vt 0.904746 0.411904
vt 0.902569 0.411816
vt 0.574024 0.108131
vt 0.573873 0.061666
vt 0.605209 0.063691
vt 0.605209 0.110106
vt 0.961224 0.701830
vt 0.963418 0.701620
vt 0.963418 0.728740
vt 0.961217 0.728625
vt 0.192129 0.537341
vt 0.192129 0.586239
vt 0.176272 0.585734
vt 0.159527 0.538769
vt 0.102310 0.702928
vt 0.104521 0.702572
vt 0.104521 0.726551
vt 0.102287 0.726544
vt 0.383641 0.353219
vt 0.383523 0.303762
vt 0.417494 0.306723
vt 0.417494 0.356342
vt 0.220768 0.391795
vt 0.254968 0.389920
vt 0.254968 0.439770
vt 0.220582 0.441169
vt 0.892434 0.535742
vt 0.894632 0.535369
vt 0.894632 0.586683
vt 0.892427 0.586553
vt 0.262761 0.721030
vt 0.260585 0.721438
vt 0.260581 0.663587
vt 0.262761 0.663664
vt 0.384841 0.909093
vt 0.387020 0.908833
vt 0.387020 0.941734
vt 0.384824 0.941662
vt 0.882560 0.649839
vt 0.882567 0.596481
vt 0.884791 0.596442
vt 0.884791 0.650080
vt 0.068721 0.187393
vt 0.068562 0.134270
vt 0.104495 0.137189
vt 0.104495 0.190539
vt 0.969978 0.029705
vt 0.967785 0.029981
vt 0.967765 0.003811
vt 0.969978 0.003851
vt 0.913603 0.295330
vt 0.915818 0.294931
vt 0.915818 0.333745
vt 0.913576 0.333769
vt 0.921919 0.659035
vt 0.924133 0.658644
vt 0.924133 0.696024
vt 0.921892 0.696047
vt 0.275985 0.045830
vt 0.276631 0.005675
vt 0.312521 0.003811
vt 0.312521 0.056191
vt 0.051089 0.313622
vt 0.104521 0.304865
vt 0.104521 0.339447
vt 0.051961 0.337321
vt 0.952852 0.116929
vt 0.955064 0.117030
vt 0.955064 0.145419
vt 0.952846 0.145543
vt 0.068794 0.124818
vt 0.068562 0.068126
vt 0.105888 0.070999
vt 0.105888 0.126648
vt 0.908816 0.045503
vt 0.908804 0.003880
vt 0.910995 0.003811
vt 0.910995 0.045845
vt 0.923465 0.295331
vt 0.925662 0.294931
vt 0.925662 0.331892
vt 0.923440 0.331934
vt 0.884082 0.111186
vt 0.884079 0.058622
vt 0.886300 0.058522
vt 0.886300 0.111474
vt 0.939763 0.473423
vt 0.941973 0.473210
vt 0.941973 0.505765
vt 0.939773 0.505639
vt 0.780030 0.036292
vt 0.779904 0.003811
vt 0.801814 0.005345
vt 0.801814 0.037628
vt 0.431950 0.596529
vt 0.395309 0.598398
vt 0.397113 0.556813
vt 0.431950 0.555314
vt 0.438857 0.708393
vt 0.441027 0.708108
vt 0.441027 0.758296
vt 0.438826 0.758255
vt 0.900440 0.284267
vt 0.900436 0.235032
vt 0.902632 0.234986
vt 0.902632 0.284605
vt 0.990755 0.674782
vt 0.990724 0.658879
vt 0.992955 0.658644
vt 0.992955 0.675067
vt 0.948464 0.904979
vt 0.950638 0.904757
vt 0.950638 0.934321
vt 0.948453 0.934208
vt 0.980895 0.724402
vt 0.980874 0.701739
vt 0.983109 0.701620
vt 0.983109 0.724738
vt 0.157829 0.120950
vt 0.157698 0.068126
vt 0.194625 0.069946
vt 0.194625 0.122897
vt 0.933456 0.059372
vt 0.935508 0.058522
vt 0.935508 0.093238
vt 0.933307 0.093277
vt 0.244939 0.897392
vt 0.247010 0.896552
vt 0.247010 0.932352
vt 0.244790 0.932383
vt 0.987871 0.811940
vt 0.989945 0.811175
vt 0.989945 0.833000
vt 0.987719 0.832957
vt 0.767744 0.897909
vt 0.769780 0.897081
vt 0.769780 0.932993
vt 0.767587 0.933022
vt 0.215724 0.937126
vt 0.215583 0.903596
vt 0.217789 0.903639
vt 0.217789 0.937928
vt 0.680151 0.103783
vt 0.691590 0.062019
vt 0.701929 0.061666
vt 0.701929 0.113751
vt 0.658207 0.896093
vt 0.660252 0.895239
vt 0.660252 0.931522
vt 0.658019 0.931495
vt 0.932194 0.453864
vt 0.932042 0.419548
vt 0.934286 0.419526
vt 0.934286 0.454617
vt 0.737426 0.374632
vt 0.757002 0.363964
vt 0.757002 0.411244
vt 0.747548 0.411494
vt 0.600896 0.053205
vt 0.577248 0.052373
vt 0.569278 0.016648
vt 0.600896 0.003811
vt 0.361119 0.897738
vt 0.363267 0.897281
vt 0.363267 0.933361
vt 0.361113 0.932938
vt 0.168001 0.216424
vt 0.113510 0.212652
vt 0.115537 0.194667
vt 0.168001 0.179453
vt 0.200661 0.406532
vt 0.200661 0.448039
vt 0.175965 0.446534
vt 0.159527 0.405027
vt 0.951440 0.596945
vt 0.953563 0.596442
vt 0.953563 0.625825
vt 0.951420 0.625360
vt 0.100001 0.903346
vt 0.102038 0.902470
vt 0.102038 0.936983
vt 0.099835 0.936996
vt 0.039415 0.895155
vt 0.041578 0.894665
vt 0.041578 0.931288
vt 0.039423 0.930866
vt 0.933385 0.151080
vt 0.933241 0.116929
vt 0.935448 0.116945
vt 0.935448 0.151872
vt 0.971367 0.388407
vt 0.971277 0.364041
vt 0.973469 0.363964
vt 0.973469 0.389034
vt 0.920250 0.212612
vt 0.920096 0.175484
vt 0.922300 0.175511
vt 0.922300 0.213449
vt 0.221910 0.261735
vt 0.220582 0.243720
vt 0.273465 0.242868
vt 0.273465 0.279651
vt 0.140651 0.837323
vt 0.113397 0.834947
vt 0.140651 0.820047
vt 0.791660 0.226600
vt 0.766578 0.216924
vt 0.791660 0.216473
vt 0.781514 0.518173
vt 0.781514 0.528465
vt 0.756429 0.528339
vt 0.347995 0.812226
vt 0.347995 0.839584
vt 0.330721 0.838202
vt 0.191687 0.823099
vt 0.163538 0.822858
vt 0.191687 0.804655
vt 0.236551 0.836949
vt 0.236551 0.867940
vt 0.226470 0.841171
vt 0.468284 0.837889
vt 0.479440 0.837394
vt 0.479440 0.865998
vt 0.271682 0.806315
vt 0.299776 0.804521
vt 0.299776 0.823245
vt 0.825684 0.197900
vt 0.840957 0.176045
vt 0.840957 0.206499
vt 0.879815 0.771409
vt 0.879815 0.799343
vt 0.870208 0.774705
vt 0.411393 0.877310
vt 0.401959 0.873351
vt 0.411393 0.848646
vt 0.811625 0.637960
vt 0.838249 0.636520
vt 0.838249 0.653707
vt 0.828900 0.113091
vt 0.801919 0.110374
vt 0.828900 0.095527
vt 0.748807 0.528361
vt 0.723175 0.519739
vt 0.748807 0.518173
vt 0.880401 0.266124
vt 0.870988 0.261963
vt 0.880401 0.238070
vt 0.683815 0.840386
vt 0.668859 0.817766
vt 0.683815 0.809244
vt 0.505108 0.819263
vt 0.489079 0.790354
vt 0.505108 0.783182
vt 0.013616 0.846533
vt 0.013616 0.875899
vt 0.003811 0.850765
vt 0.673343 0.040122
vt 0.673343 0.051051
vt 0.646401 0.049643
vt 0.537585 0.063490
vt 0.566251 0.061666
vt 0.566251 0.117501
vt 0.859067 0.299593
vt 0.859067 0.323620
vt 0.843560 0.299618
vt 0.074740 0.858801
vt 0.074740 0.884488
vt 0.066279 0.862478
vt 0.307398 0.877198
vt 0.316841 0.876688
vt 0.316841 0.900268
vt 0.857061 0.690320
vt 0.843420 0.670541
vt 0.857061 0.662521
vt 0.307398 0.826777
vt 0.322746 0.804521
vt 0.322746 0.836055
vt 0.875220 0.363964
vt 0.875220 0.393528
vt 0.865491 0.367838
vt 0.874687 0.691751
vt 0.864683 0.688105
vt 0.874687 0.662521
vt 0.821701 0.811175
vt 0.821701 0.838210
vt 0.803707 0.836627
vt 0.074384 0.851179
vt 0.049263 0.848841
vt 0.074384 0.834355
vt 0.498278 0.860419
vt 0.498278 0.887539
vt 0.489079 0.863668
vt 0.885410 0.148965
vt 0.876294 0.145276
vt 0.885410 0.121373
vt 0.571739 0.835940
vt 0.596924 0.834445
vt 0.596924 0.851029
vt 0.833662 0.079795
vt 0.848635 0.058522
vt 0.848635 0.087905
vt 0.254148 0.862169
vt 0.254148 0.888930
vt 0.244790 0.865361
vt 0.428245 0.885696
vt 0.419122 0.881788
vt 0.428245 0.858127
vt 0.850738 0.121373
vt 0.850738 0.147386
vt 0.834073 0.146665
vt 0.719357 0.847351
vt 0.693497 0.845710
vt 0.719357 0.831034
vt 0.898286 0.871112
vt 0.898286 0.896801
vt 0.889413 0.874762
vt 0.214879 0.895974
vt 0.205748 0.892420
vt 0.214879 0.870486
vt 0.505545 0.826885
vt 0.505545 0.852797
vt 0.489079 0.851321
vt 0.819336 0.448923
vt 0.835242 0.425145
vt 0.835242 0.457560
vt 0.783884 0.710194
vt 0.757572 0.700486
vt 0.783884 0.699618
vt 0.876235 0.453703
vt 0.866347 0.449543
vt 0.876235 0.425145
vt 0.775468 0.638555
vt 0.804003 0.636520
vt 0.804003 0.654527
vt 0.218848 0.836949
vt 0.218848 0.862864
vt 0.205748 0.840245
vt 0.554132 0.880801
vt 0.554132 0.905881
vt 0.545698 0.883432
vt 0.166976 0.339894
vt 0.155302 0.332228
vt 0.166976 0.311280
vt 0.809264 0.573819
vt 0.791831 0.554643
vt 0.809264 0.536347
vt 0.244790 0.814083
vt 0.260375 0.784934
vt 0.260375 0.821557
vt 0.809941 0.713708
vt 0.793552 0.711524
vt 0.809941 0.702536
vt 0.968706 0.116929
vt 0.968706 0.134051
vt 0.962686 0.119247
vt 0.966563 0.801813
vt 0.960611 0.799281
vt 0.966563 0.784451
vt 0.057800 0.912598
vt 0.049263 0.898438
vt 0.057800 0.893209
vt 0.105771 0.944618
vt 0.105771 0.961917
vt 0.099835 0.947111
vt 0.721397 0.222385
vt 0.721397 0.228976
vt 0.705449 0.228668
vt 0.795614 0.289376
vt 0.778386 0.288348
vt 0.795614 0.277744
vt 0.055564 0.920219
vt 0.055564 0.938928
vt 0.049263 0.922693
vt 0.404504 0.930449
vt 0.411393 0.930287
vt 0.411393 0.947702
vt 0.565104 0.793776
vt 0.554944 0.779825
vt 0.565104 0.774007
vt 0.529963 0.117501
vt 0.500478 0.114573
vt 0.529963 0.061666
vt 0.411500 0.824406
vt 0.411500 0.841024
vt 0.384824 0.827031
vt 0.523655 0.892660
vt 0.514504 0.889304
vt 0.523655 0.866138
vt 0.370342 0.862922
vt 0.370342 0.889659
vt 0.361113 0.866524
vt 0.844018 0.811175
vt 0.844018 0.841441
vt 0.829323 0.833592
vt 0.082400 0.812862
vt 0.097548 0.803328
vt 0.097548 0.836114
vt 0.092190 0.874383
vt 0.082400 0.870429
vt 0.092190 0.843736
vt 0.640308 0.587008
vt 0.611909 0.577588
vt 0.640308 0.576216
vt 0.633557 0.825444
vt 0.661237 0.809244
vt 0.661237 0.827422
vt 0.435876 0.850505
vt 0.419122 0.848682
vt 0.435876 0.824406
vt 0.298373 0.882605
vt 0.289065 0.879573
vt 0.298373 0.854999
vt 0.190257 0.854887
vt 0.190257 0.883231
vt 0.181119 0.858593
vt 0.271682 0.845701
vt 0.297727 0.830867
vt 0.297727 0.847377
vt 0.030201 0.822013
vt 0.030201 0.838911
vt 0.003811 0.824965
vt 0.814586 0.518173
vt 0.814586 0.527989
vt 0.789136 0.526255
vt 0.884983 0.003811
vt 0.884983 0.031541
vt 0.875867 0.007716
vt 0.163538 0.845229
vt 0.190014 0.830721
vt 0.190014 0.847265
vt 0.833821 0.473210
vt 0.833821 0.508410
vt 0.818301 0.501788
vt 0.394337 0.877645
vt 0.384824 0.873700
vt 0.394337 0.848646
vt 0.678848 0.848008
vt 0.678848 0.876254
vt 0.668859 0.851386
vt 0.504273 0.592995
vt 0.449117 0.568795
vt 0.504273 0.564953
vt 0.779497 0.574006
vt 0.779497 0.588978
vt 0.755861 0.574238
vt 0.121569 0.906585
vt 0.113397 0.903185
vt 0.121569 0.881256
vt 0.828933 0.167432
vt 0.805571 0.159721
vt 0.828933 0.158355
vt 0.861874 0.176045
vt 0.861874 0.203135
vt 0.848579 0.195589
vt 0.845305 0.264544
vt 0.828089 0.263325
vt 0.845305 0.238070
vt 0.876904 0.750746
vt 0.867467 0.747136
vt 0.876904 0.721516
vt 0.829323 0.876089
vt 0.839597 0.849063
vt 0.839597 0.876366
vt 0.841735 0.721516
vt 0.841735 0.751731
vt 0.826582 0.743225
vt 0.361113 0.835088
vt 0.375241 0.827271
vt 0.375241 0.855300
vt 0.819955 0.408131
vt 0.819955 0.417523
vt 0.794552 0.416657
vt 0.642378 0.865040
vt 0.642378 0.892318
vt 0.633557 0.868480
vt 0.858725 0.449805
vt 0.842864 0.426260
vt 0.858725 0.425145
vt 0.840746 0.543873
vt 0.855263 0.536347
vt 0.855263 0.564762
vt 0.752804 0.892665
vt 0.743744 0.889743
vt 0.752804 0.866234
vt 0.892685 0.425145
vt 0.892685 0.452397
vt 0.883857 0.428800
vt 0.855305 0.473210
vt 0.855305 0.502524
vt 0.841442 0.494539
vt 0.857869 0.389332
vt 0.842251 0.388164
vt 0.857869 0.363964
vt 0.901182 0.029133
vt 0.892604 0.025774
vt 0.901182 0.003811
vt 0.822852 0.225885
vt 0.799282 0.217096
vt 0.822852 0.216473
vt 0.260576 0.854547
vt 0.244790 0.830757
vt 0.260576 0.829179
vt 0.545698 0.812073
vt 0.561157 0.804008
vt 0.561157 0.835481
vt 0.693497 0.855376
vt 0.703685 0.854973
vt 0.703685 0.881124
vt 0.861222 0.849689
vt 0.861222 0.877919
vt 0.851640 0.853586
vt 0.449117 0.827513
vt 0.477078 0.812436
vt 0.477078 0.829772
vt 0.307398 0.846998
vt 0.320035 0.843677
vt 0.320035 0.869067
vt 0.132972 0.881806
vt 0.141635 0.881256
vt 0.141635 0.905113
vt 0.460662 0.837394
vt 0.460662 0.865782
vt 0.449117 0.844906
vt 0.811714 0.425145
vt 0.811714 0.461733
vt 0.794552 0.443912
vt 0.621126 0.834359
vt 0.604546 0.833469
vt 0.621126 0.801840
vt 0.571652 0.898043
vt 0.581136 0.893060
vt 0.581136 0.911012
vt 0.725359 0.107141
vt 0.725359 0.113271
vt 0.709551 0.112825
vt 0.968688 0.337143
vt 0.968688 0.354194
vt 0.963003 0.339437
vt 0.771988 0.113131
vt 0.788054 0.103683
vt 0.788054 0.113234
vt 0.974891 0.287141
vt 0.969246 0.284931
vt 0.974891 0.270200
vt 0.594583 0.951627
vt 0.594583 0.968441
vt 0.588758 0.953780
vt 0.851640 0.891053
vt 0.861106 0.885541
vt 0.861106 0.904795
vt 0.398564 0.463600
vt 0.392554 0.461393
vt 0.398564 0.445228
vt 0.946469 0.801509
vt 0.952989 0.784451
vt 0.952989 0.801696
vt 0.809436 0.049077
vt 0.825989 0.040167
vt 0.825989 0.051184
vt 0.575277 0.299593
vt 0.575277 0.354884
vt 0.546500 0.302605
vt 0.348215 0.897140
vt 0.348211 0.847291
vt 0.350440 0.847206
vt 0.350440 0.897446
vt 0.722125 0.638342
vt 0.732676 0.597861
vt 0.742217 0.597353
vt 0.742217 0.647585
vt 0.941602 0.702003
vt 0.943779 0.701620
vt 0.943779 0.734039
vt 0.941579 0.734018
vt 0.449117 0.799270
vt 0.449904 0.784641
vt 0.481457 0.783182
vt 0.481457 0.804814
vt 0.622486 0.842346
vt 0.624705 0.841981
vt 0.624705 0.893609
vt 0.622478 0.893491
vt 0.826451 0.150733
vt 0.805571 0.149992
vt 0.805676 0.126157
vt 0.826451 0.121373
vt 0.982511 0.295455
vt 0.984685 0.294931
vt 0.984685 0.317594
vt 0.982439 0.317571
vt 0.275279 0.396468
vt 0.326891 0.386469
vt 0.326891 0.421201
vt 0.276127 0.420252
vt 0.051089 0.490266
vt 0.102406 0.482644
vt 0.102406 0.515997
vt 0.051870 0.513126
vt 0.751527 0.425145
vt 0.751527 0.460969
vt 0.726188 0.453558
vt 0.724336 0.425577
vt 0.971606 0.420407
vt 0.973658 0.419526
vt 0.973658 0.444423
vt 0.971418 0.444405
vt 0.988064 0.784880
vt 0.990208 0.784451
vt 0.990208 0.803143
vt 0.988031 0.802832
vt 0.969261 0.235202
vt 0.971440 0.234986
vt 0.971440 0.260673
vt 0.969246 0.260530
vt 0.545711 0.944101
vt 0.545698 0.913910
vt 0.547849 0.913503
vt 0.547849 0.944645
vt 0.331099 0.693788
vt 0.377202 0.680028
vt 0.377202 0.706476
vt 0.330721 0.702460
vt 0.449670 0.648312
vt 0.449117 0.637751
vt 0.501674 0.634138
vt 0.501674 0.660048
vt 0.961577 0.419741
vt 0.963796 0.419526
vt 0.963796 0.446287
vt 0.961569 0.446172
vt 0.003811 0.798250
vt 0.036017 0.793498
vt 0.036017 0.814391
vt 0.004117 0.813016
vt 0.961194 0.596624
vt 0.963415 0.596442
vt 0.963415 0.623486
vt 0.961185 0.623327
vt 0.393096 0.188049
vt 0.428347 0.179453
vt 0.428347 0.230123
vt 0.393780 0.226736
vt 0.951420 0.730634
vt 0.951401 0.701721
vt 0.953595 0.701620
vt 0.953595 0.730850
vt 0.912454 0.513321
vt 0.910414 0.514175
vt 0.910245 0.473210
vt 0.912454 0.473211
vt 0.910271 0.275607
vt 0.910254 0.234995
vt 0.912452 0.234986
vt 0.912452 0.275956
vt 0.961441 0.364154
vt 0.963655 0.363964
vt 0.963655 0.390848
vt 0.961428 0.390676
vt 0.635904 0.780561
vt 0.665239 0.779360
vt 0.665239 0.801622
vt 0.633557 0.801328
vt 0.890594 0.524901
vt 0.890590 0.473274
vt 0.892791 0.473210
vt 0.892791 0.525216
vt 0.969282 0.200739
vt 0.969268 0.175584
vt 0.971483 0.175484
vt 0.971483 0.200972
vt 0.316523 0.242868
vt 0.316523 0.296702
vt 0.299200 0.296018
vt 0.281087 0.244128
vt 0.261795 0.952485
vt 0.263985 0.952166
vt 0.263985 0.976976
vt 0.261770 0.976930
vt 0.547321 0.796386
vt 0.514960 0.794956
vt 0.514504 0.779586
vt 0.547321 0.774007
vt 0.263470 0.230123
vt 0.263356 0.179453
vt 0.299167 0.182057
vt 0.299167 0.232842
vt 0.971136 0.560014
vt 0.971123 0.535424
vt 0.973362 0.535369
vt 0.973362 0.560336
vt 0.884068 0.347907
vt 0.884063 0.294947
vt 0.886255 0.294931
vt 0.886255 0.348282
vt 0.869772 0.811430
vt 0.871944 0.811175
vt 0.871944 0.866469
vt 0.869741 0.866392
vt 0.921975 0.596798
vt 0.924158 0.596442
vt 0.924158 0.633648
vt 0.921952 0.633653
vt 0.918630 0.042129
vt 0.918617 0.003811
vt 0.920850 0.003827
vt 0.920850 0.042520
vt 0.004000 0.206503
vt 0.039958 0.204266
vt 0.039958 0.256830
vt 0.003811 0.258573
vt 0.963092 0.976079
vt 0.965268 0.975782
vt 0.965268 0.992547
vt 0.963065 0.992534
vt 0.531292 0.908278
vt 0.531277 0.866182
vt 0.533486 0.866138
vt 0.533486 0.908576
vt 0.918894 0.811541
vt 0.921086 0.811175
vt 0.921086 0.849881
vt 0.918870 0.849896
vt 0.971040 0.701733
vt 0.973252 0.701620
vt 0.973252 0.726700
vt 0.971044 0.726597
vt 0.938666 0.937135
vt 0.938610 0.904895
vt 0.940831 0.904757
vt 0.940831 0.937623
vt 0.772109 0.064009
vt 0.794297 0.061666
vt 0.794297 0.094069
vt 0.771988 0.096061
vt 0.989066 0.974732
vt 0.991280 0.974494
vt 0.991280 0.991615
vt 0.989057 0.991531
vt 0.778386 0.264082
vt 0.778788 0.239496
vt 0.801612 0.238070
vt 0.801612 0.270122
vt 0.958220 0.860975
vt 0.960423 0.860772
vt 0.960423 0.888706
vt 0.958213 0.888582
vt 0.051089 0.588682
vt 0.052283 0.566481
vt 0.098920 0.564250
vt 0.098920 0.597086
vt 0.944017 0.363964
vt 0.944017 0.395498
vt 0.941839 0.395004
vt 0.941859 0.364439
vt 0.977600 0.027376
vt 0.977602 0.003817
vt 0.979803 0.003811
vt 0.979803 0.027646
vt 0.693737 0.640114
vt 0.704654 0.597841
vt 0.714503 0.597353
vt 0.714503 0.649818
vt 0.254687 0.553318
vt 0.254687 0.585553
vt 0.207594 0.571916
vt 0.205883 0.556349
vt 0.290668 0.133909
vt 0.290668 0.170098
vt 0.238821 0.155151
vt 0.236976 0.137812
vt 0.991131 0.433820
vt 0.991093 0.419552
vt 0.993297 0.419526
vt 0.993297 0.434295
vt 0.529395 0.040716
vt 0.537435 0.004640
vt 0.561656 0.003811
vt 0.561656 0.054005
vt 0.706060 0.185434
vt 0.732995 0.176045
vt 0.732995 0.214132
vt 0.705449 0.214763
vt 0.021379 0.943371
vt 0.021238 0.912776
vt 0.023449 0.912757
vt 0.023449 0.944121
vt 0.238447 0.122747
vt 0.202247 0.121174
vt 0.220460 0.068967
vt 0.238447 0.068126
vt 0.450388 0.119357
vt 0.416073 0.116745
vt 0.433779 0.068672
vt 0.450388 0.068126
vt 0.538878 0.348823
vt 0.505446 0.348710
vt 0.522334 0.300750
vt 0.538878 0.299593
vt 0.818734 0.933998
vt 0.820933 0.933598
vt 0.820933 0.961398
vt 0.818733 0.961087
vt 0.003975 0.269579
vt 0.038553 0.266195
vt 0.038553 0.317822
vt 0.003811 0.320691
vt 0.892825 0.226962
vt 0.890613 0.227364
vt 0.890607 0.175484
vt 0.892825 0.175555
vt 0.880768 0.473573
vt 0.882968 0.473210
vt 0.882968 0.527397
vt 0.880760 0.527262
vt 0.909054 0.901843
vt 0.909052 0.860818
vt 0.911283 0.860772
vt 0.911283 0.901913
vt 0.564692 0.126675
vt 0.564692 0.168718
vt 0.529300 0.167196
vt 0.527478 0.125201
vt 0.003811 0.077235
vt 0.060940 0.068126
vt 0.060940 0.106797
vt 0.005532 0.103621
vt 0.903758 0.295206
vt 0.905955 0.294931
vt 0.905955 0.339910
vt 0.903731 0.339849
vt 0.447931 0.241460
vt 0.480960 0.238070
vt 0.480960 0.287305
vt 0.447769 0.290177
vt 0.206474 0.604473
vt 0.205883 0.593560
vt 0.263213 0.593175
vt 0.263213 0.619655
vt 0.813835 0.803156
vt 0.803707 0.772202
vt 0.823378 0.772248
vt 0.823378 0.803553
vt 0.505858 0.626516
vt 0.449117 0.626168
vt 0.449654 0.615623
vt 0.505858 0.600617
vt 0.828228 0.398199
vt 0.818963 0.364687
vt 0.834630 0.363964
vt 0.834630 0.398253
vt 0.031635 0.750472
vt 0.003811 0.750097
vt 0.005789 0.721442
vt 0.031635 0.713852
vt 0.692648 0.539905
vt 0.692648 0.587149
vt 0.678716 0.586174
vt 0.667738 0.547930
vt 0.720502 0.051091
vt 0.698224 0.051079
vt 0.711290 0.004306
vt 0.720502 0.003811
vt 0.643037 0.275768
vt 0.643037 0.291254
vt 0.611211 0.282866
vt 0.610899 0.276435
vt 0.991012 0.364460
vt 0.993173 0.363964
vt 0.993173 0.378703
vt 0.990942 0.378638
vt 0.538076 0.804060
vt 0.538076 0.828752
vt 0.515257 0.818961
vt 0.514504 0.804008
vt 0.714916 0.340657
vt 0.725414 0.299938
vt 0.734875 0.299593
vt 0.734875 0.350322
vt 0.818757 0.969550
vt 0.820917 0.969020
vt 0.820917 0.989250
vt 0.818733 0.988805
vt 0.749950 0.662857
vt 0.749950 0.699528
vt 0.723889 0.691004
vt 0.722398 0.662521
vt 0.622620 0.935010
vt 0.622478 0.901250
vt 0.624706 0.901231
vt 0.624706 0.935758
vt 0.003826 0.976640
vt 0.003811 0.952251
vt 0.006010 0.952252
vt 0.006010 0.976982
vt 0.208283 0.405098
vt 0.210526 0.405027
vt 0.210526 0.447606
vt 0.208285 0.447565
vt 0.220709 0.380721
vt 0.220582 0.330589
vt 0.255746 0.332058
vt 0.255746 0.382298
vt 0.514638 0.530763
vt 0.514504 0.482695
vt 0.547482 0.484130
vt 0.547482 0.532283
vt 0.870993 0.175869
vt 0.873168 0.175484
vt 0.873168 0.230448
vt 0.870988 0.230335
vt 0.932056 0.398802
vt 0.932024 0.364034
vt 0.934217 0.363964
vt 0.934217 0.399284
vt 0.990718 0.613347
vt 0.990706 0.596532
vt 0.992916 0.596442
vt 0.992916 0.613584
vt 0.604720 0.762339
vt 0.625675 0.760734
vt 0.625675 0.792752
vt 0.604546 0.794218
vt 0.928771 0.905054
vt 0.930988 0.904757
vt 0.930988 0.938340
vt 0.928735 0.938291
vt 0.859782 0.331353
vt 0.859782 0.352533
vt 0.844595 0.347814
vt 0.843560 0.331242
vt 0.922276 0.364548
vt 0.924402 0.363964
vt 0.924402 0.401207
vt 0.922210 0.401236
vt 0.715553 0.523375
vt 0.705263 0.523168
vt 0.694254 0.483526
vt 0.715553 0.473210
vt 0.198204 0.657823
vt 0.187556 0.657823
vt 0.176086 0.614453
vt 0.198204 0.602741
vt 0.949595 0.473670
vt 0.951747 0.473210
vt 0.951747 0.502677
vt 0.949606 0.502222
vt 0.633936 0.517996
vt 0.645962 0.473210
vt 0.656751 0.473477
vt 0.656751 0.530220
vt 0.821626 0.670096
vt 0.835798 0.662521
vt 0.835798 0.697390
vt 0.828907 0.697382
vt 0.350366 0.133909
vt 0.350366 0.169175
vt 0.299849 0.152350
vt 0.298290 0.135162
vt 0.837419 0.029333
vt 0.844176 0.004008
vt 0.850303 0.003811
vt 0.850303 0.035249
vt 0.882985 0.175484
vt 0.882985 0.229413
vt 0.880804 0.229059
vt 0.880790 0.175814
vt 0.049279 0.989351
vt 0.049263 0.970552
vt 0.051450 0.970123
vt 0.051450 0.989891
vt 0.040757 0.743774
vt 0.042979 0.743717
vt 0.042979 0.785876
vt 0.040761 0.785825
vt 0.263368 0.331073
vt 0.265541 0.330589
vt 0.265541 0.391736
vt 0.263377 0.391306
vt 0.928900 0.861566
vt 0.930959 0.860772
vt 0.930959 0.897135
vt 0.928735 0.897103
vt 0.607685 0.125201
vt 0.607685 0.167606
vt 0.594182 0.167220
vt 0.572314 0.127148
vt 0.938741 0.861556
vt 0.940807 0.860772
vt 0.940807 0.893651
vt 0.938581 0.893619
vt 0.664373 0.515251
vt 0.676093 0.473210
vt 0.686632 0.473529
vt 0.686632 0.526919
vt 0.951661 0.364446
vt 0.953806 0.363964
vt 0.953806 0.392962
vt 0.951639 0.392475
vt 0.585225 0.761181
vt 0.596924 0.760734
vt 0.596924 0.793702
vt 0.573333 0.792588
vt 0.933434 0.328802
vt 0.933284 0.294976
vt 0.935530 0.294931
vt 0.935530 0.329521
vt 0.260998 0.777178
vt 0.260993 0.732427
vt 0.263193 0.732390
vt 0.263193 0.777252
vt 0.775332 0.128043
vt 0.797949 0.121373
vt 0.797949 0.153395
vt 0.774723 0.153576
vt 0.987565 0.025005
vt 0.987425 0.003859
vt 0.989658 0.003811
vt 0.989658 0.025716
vt 0.912574 0.420423
vt 0.914599 0.419526
vt 0.914599 0.459381
vt 0.912401 0.459406
vt 0.921108 0.906673
vt 0.921108 0.940195
vt 0.918905 0.939796
vt 0.918906 0.907010
vt 0.468650 0.168718
vt 0.418571 0.165575
vt 0.420256 0.148631
vt 0.468650 0.133909
vt 0.988963 0.451016
vt 0.991101 0.450426
vt 0.991101 0.465560
vt 0.988889 0.465588
vt 0.985969 0.648992
vt 0.985825 0.627416
vt 0.988027 0.627430
vt 0.988027 0.649804
vt 0.948147 0.033559
vt 0.948135 0.004245
vt 0.950285 0.003811
vt 0.950285 0.034100
vt 0.968158 0.836323
vt 0.968067 0.811195
vt 0.970250 0.811175
vt 0.970250 0.837031
vt 0.261773 0.905837
vt 0.261770 0.862193
vt 0.263977 0.862169
vt 0.263977 0.905931
vt 0.912131 0.596793
vt 0.914330 0.596442
vt 0.914330 0.636380
vt 0.912106 0.636351
vt 0.261954 0.655754
vt 0.261935 0.627410
vt 0.264158 0.627277
vt 0.264158 0.655940
vt 0.899235 0.904786
vt 0.901415 0.904423
vt 0.901415 0.937711
vt 0.899231 0.937598
vt 0.152190 0.791117
vt 0.154377 0.790707
vt 0.154377 0.846269
vt 0.152186 0.846203
vt 0.920090 0.510707
vt 0.920076 0.473210
vt 0.922304 0.473226
vt 0.922304 0.511103
vt 0.455943 0.532176
vt 0.504273 0.523737
vt 0.504273 0.557331
vt 0.456800 0.555129
vt 0.879572 0.811570
vt 0.881791 0.811175
vt 0.881791 0.865321
vt 0.879566 0.865244
vt 0.725583 0.807924
vt 0.725583 0.823412
vt 0.693705 0.815414
vt 0.693497 0.808967
vt 0.359760 0.242868
vt 0.359760 0.294815
vt 0.342259 0.293843
vt 0.324145 0.244293
vt 0.766970 0.776089
vt 0.766970 0.806730
vt 0.745132 0.800670
vt 0.743744 0.776017
vt 0.743926 0.901185
vt 0.745939 0.900287
vt 0.745939 0.935406
vt 0.743744 0.935415
vt 0.401843 0.242868
vt 0.401843 0.295208
vt 0.367382 0.281959
vt 0.375961 0.244105
vt 0.979269 0.176353
vt 0.981303 0.175484
vt 0.981303 0.198995
vt 0.979105 0.199013
vt 0.926958 0.747481
vt 0.928979 0.746587
vt 0.928979 0.783286
vt 0.926771 0.783290
vt 0.262340 0.584754
vt 0.262309 0.566116
vt 0.264487 0.565818
vt 0.264487 0.585206
vt 0.984879 0.524949
vt 0.984810 0.505277
vt 0.987007 0.505240
vt 0.987007 0.525463
vt 0.893924 0.109025
vt 0.893922 0.058622
vt 0.896140 0.058522
vt 0.896140 0.109307
vt 0.713720 0.150977
vt 0.712481 0.121373
vt 0.740308 0.121425
vt 0.740308 0.159364
vt 0.766578 0.182516
vt 0.790619 0.176045
vt 0.790619 0.208851
vt 0.767038 0.207479
vt 0.982483 0.080773
vt 0.982392 0.058602
vt 0.984610 0.058522
vt 0.984610 0.081396
vt 0.972697 0.319164
vt 0.972605 0.294953
vt 0.974817 0.294931
vt 0.974817 0.319880
vt 0.708929 0.403657
vt 0.719898 0.364125
vt 0.729804 0.363964
vt 0.729804 0.413525
vt 0.323674 0.529317
vt 0.323674 0.562632
vt 0.276670 0.547192
vt 0.275279 0.531106
vt 0.340798 0.411549
vt 0.391304 0.402478
vt 0.391304 0.437606
vt 0.341675 0.435566
vt 0.160812 0.380358
vt 0.159527 0.363219
vt 0.211473 0.362816
vt 0.211473 0.397405
vt 0.362900 0.053432
vt 0.362796 0.003811
vt 0.397527 0.006147
vt 0.397527 0.055904
vt 0.163951 0.692584
vt 0.113397 0.687659
vt 0.113856 0.677854
vt 0.163951 0.668196
vt 0.220787 0.182866
vt 0.255734 0.179453
vt 0.255734 0.232411
vt 0.220582 0.235246
vt 0.950590 0.811175
vt 0.950590 0.840748
vt 0.948380 0.840460
vt 0.948377 0.811407
vt 0.449617 0.710932
vt 0.449117 0.701351
vt 0.496711 0.699899
vt 0.496711 0.723241
vt 0.113397 0.352598
vt 0.121845 0.313564
vt 0.147680 0.311280
vt 0.147680 0.364809
vt 0.900453 0.175855
vt 0.902635 0.175484
vt 0.902635 0.224546
vt 0.900447 0.224419
vt 0.786930 0.425337
vt 0.786930 0.453860
vt 0.759973 0.443025
vt 0.759149 0.425145
vt 0.003811 0.167279
vt 0.058888 0.159963
vt 0.058888 0.196644
vt 0.004699 0.192333
vt 0.988906 0.491623
vt 0.988889 0.473362
vt 0.991087 0.473210
vt 0.991087 0.491788
vt 0.982576 0.266770
vt 0.984709 0.266232
vt 0.984709 0.287130
vt 0.982513 0.287141
vt 0.181178 0.927393
vt 0.181119 0.890853
vt 0.183318 0.890889
vt 0.183318 0.927922
vt 0.976424 0.140043
vt 0.976328 0.116968
vt 0.978561 0.116929
vt 0.978561 0.140729
vt 0.903725 0.117332
vt 0.905894 0.116929
vt 0.905894 0.162580
vt 0.903724 0.162268
vt 0.435867 0.904288
vt 0.435874 0.858139
vt 0.438090 0.858127
vt 0.438090 0.904543
vt 0.568293 0.403312
vt 0.568891 0.367029
vt 0.601583 0.363964
vt 0.601583 0.411283
vt 0.955132 0.058522
vt 0.955132 0.087097
vt 0.952927 0.086731
vt 0.952924 0.058875
vt 0.930039 0.270206
vt 0.929892 0.234986
vt 0.932133 0.235005
vt 0.932133 0.270988
vt 0.938435 0.036514
vt 0.938289 0.003854
vt 0.940513 0.003811
vt 0.940513 0.037242
vt 0.939743 0.207907
vt 0.939737 0.175503
vt 0.941956 0.175484
vt 0.941956 0.208284
vt 0.787895 0.586916
vt 0.823354 0.586773
vt 0.823354 0.588978
vt 0.787119 0.588978
vt 0.113893 0.649204
vt 0.167887 0.635755
vt 0.167887 0.660574
vt 0.113397 0.659297
vt 0.802768 0.078490
vt 0.801919 0.062689
vt 0.826040 0.061666
vt 0.826040 0.087905
vt 0.977965 0.834252
vt 0.977872 0.811247
vt 0.980097 0.811175
vt 0.980097 0.834890
vt 0.348211 0.905438
vt 0.350425 0.905068
vt 0.350425 0.938661
vt 0.348223 0.938342
vt 0.003811 0.483541
vt 0.012092 0.447090
vt 0.037047 0.446559
vt 0.037047 0.497331
vt 0.113948 0.614515
vt 0.113397 0.604057
vt 0.168464 0.602741
vt 0.168464 0.628133
vt 0.899235 0.860637
vt 0.899231 0.811268
vt 0.901430 0.811175
vt 0.901430 0.860931
vt 0.930061 0.210916
vt 0.929922 0.175484
vt 0.932115 0.175499
vt 0.932115 0.211698
vt 0.014958 0.785600
vt 0.003811 0.758943
vt 0.033135 0.758094
vt 0.033135 0.785876
vt 0.306789 0.222926
vt 0.307449 0.182978
vt 0.342968 0.179453
vt 0.342968 0.231523
vt 0.059490 0.826691
vt 0.049263 0.804310
vt 0.074778 0.803162
vt 0.074778 0.826733
vt 0.943139 0.088915
vt 0.943130 0.058942
vt 0.945302 0.058522
vt 0.945302 0.089455
vt 0.519844 0.415778
vt 0.495601 0.414919
vt 0.487469 0.377436
vt 0.519844 0.363964
vt 0.923468 0.058906
vt 0.925685 0.058522
vt 0.925685 0.095427
vt 0.923442 0.095430
vt 0.685875 0.686779
vt 0.633557 0.682856
vt 0.633995 0.673077
vt 0.685875 0.662521
vt 0.152222 0.902082
vt 0.152186 0.853989
vt 0.154408 0.853891
vt 0.154408 0.902567
vt 0.394789 0.940855
vt 0.394642 0.908833
vt 0.396854 0.908894
vt 0.396854 0.941661
vt 0.212960 0.232576
vt 0.176324 0.230754
vt 0.175623 0.190228
vt 0.212960 0.179453
vt 0.325096 0.122821
vt 0.299276 0.120807
vt 0.290686 0.080092
vt 0.325096 0.068126
vt 0.612831 0.097598
vt 0.620037 0.063542
vt 0.642236 0.061666
vt 0.642236 0.108510
vt 0.532088 0.425145
vt 0.532088 0.474374
vt 0.515295 0.473371
vt 0.498007 0.426290
vt 0.152186 0.942273
vt 0.152194 0.910255
vt 0.154419 0.910189
vt 0.154419 0.942472
vt 0.446836 0.402644
vt 0.455034 0.364816
vt 0.479847 0.363964
vt 0.479847 0.416567
vt 0.704859 0.168027
vt 0.680151 0.160412
vt 0.691116 0.122302
vt 0.704859 0.121373
vt 0.564556 0.712033
vt 0.514504 0.707780
vt 0.514956 0.698272
vt 0.564556 0.688370
vt 0.521773 0.053267
vt 0.488473 0.051386
vt 0.487818 0.013659
vt 0.521773 0.003811
vt 0.971013 0.658909
vt 0.973236 0.658644
vt 0.973236 0.683991
vt 0.971015 0.683740
vt 0.889413 0.811586
vt 0.891609 0.811175
vt 0.891609 0.863490
vt 0.889429 0.863236
vt 0.987802 0.904933
vt 0.989982 0.904757
vt 0.989982 0.923466
vt 0.987794 0.923305
vt 0.962824 0.059056
vt 0.964948 0.058522
vt 0.964948 0.084955
vt 0.962753 0.084940
vt 0.750566 0.652341
vt 0.765216 0.652336
vt 0.765216 0.654524
vt 0.749839 0.654437
vt 0.634340 0.852599
vt 0.633557 0.835057
vt 0.650398 0.835044
vt 0.650398 0.857418
vt 0.966201 0.772376
vt 0.966111 0.746646
vt 0.968292 0.746587
vt 0.968292 0.773029
vt 0.951729 0.447870
vt 0.951714 0.419641
vt 0.953948 0.419526
vt 0.953948 0.448085
vt 0.220582 0.506004
vt 0.254687 0.497628
vt 0.254687 0.545696
vt 0.221230 0.542664
vt 0.826138 0.628545
vt 0.811146 0.627194
vt 0.806778 0.604312
vt 0.826138 0.597353
vt 0.959388 0.500582
vt 0.959369 0.473330
vt 0.961609 0.473210
vt 0.961609 0.500780
vt 0.519163 0.215904
vt 0.527329 0.179914
vt 0.552040 0.178502
vt 0.552040 0.228172
vt 0.874260 0.058939
vt 0.876457 0.058522
vt 0.876457 0.113149
vt 0.874275 0.112899
vt 0.419306 0.894147
vt 0.421361 0.893318
vt 0.421361 0.929853
vt 0.419122 0.929809
vt 0.320312 0.006812
vt 0.355174 0.003811
vt 0.355174 0.054215
vt 0.320143 0.056740
vt 0.835938 0.299635
vt 0.835938 0.333923
vt 0.822166 0.326773
vt 0.829417 0.299593
vt 0.477535 0.187997
vt 0.511541 0.178502
vt 0.511541 0.228123
vt 0.478198 0.225868
vt 0.159527 0.521359
vt 0.160635 0.499154
vt 0.209983 0.497044
vt 0.209983 0.529719
vt 0.505378 0.239308
vt 0.522012 0.238070
vt 0.522012 0.288247
vt 0.488582 0.288052
vt 0.818960 0.753103
vt 0.804090 0.752012
vt 0.799152 0.728918
vt 0.818960 0.721516
vt 0.804546 0.300115
vt 0.814544 0.299593
vt 0.814544 0.331682
vt 0.794323 0.331388
vt 0.039447 0.834594
vt 0.041641 0.834355
vt 0.041641 0.887044
vt 0.039415 0.886945
vt 0.990827 0.717162
vt 0.990731 0.701684
vt 0.992944 0.701620
vt 0.992944 0.717805
vt 0.546333 0.286486
vt 0.529634 0.238070
vt 0.562295 0.238177
vt 0.562295 0.287546
vt 0.972911 0.966637
vt 0.972895 0.942035
vt 0.975088 0.941943
vt 0.975088 0.966872
vt 0.928485 0.040107
vt 0.928472 0.003820
vt 0.930667 0.003811
vt 0.930667 0.040477
vt 0.882876 0.416812
vt 0.882842 0.364068
vt 0.885079 0.363964
vt 0.885079 0.417275
vt 0.504333 0.755284
vt 0.504339 0.699909
vt 0.506539 0.699899
vt 0.506539 0.755545
vt 0.971043 0.596721
vt 0.973247 0.596442
vt 0.973247 0.621546
vt 0.971037 0.621328
vt 0.826356 0.536444
vt 0.833124 0.536347
vt 0.833124 0.571216
vt 0.816886 0.570471
vt 0.903852 0.059083
vt 0.905980 0.058522
vt 0.905980 0.101693
vt 0.903762 0.101628
vt 0.961208 0.685417
vt 0.961181 0.658715
vt 0.963391 0.658644
vt 0.963391 0.685757
vt 0.809570 0.028150
vt 0.809436 0.004591
vt 0.829797 0.003811
vt 0.829797 0.032545
vt 0.068863 0.200097
vt 0.104348 0.198161
vt 0.104348 0.251520
vt 0.068562 0.253170
vt 0.744245 0.841747
vt 0.759966 0.836885
vt 0.759966 0.858461
vt 0.743744 0.858612
vt 0.928854 0.846823
vt 0.928707 0.811204
vt 0.930931 0.811175
vt 0.930931 0.847568
vt 0.978038 0.883621
vt 0.977880 0.860788
vt 0.980134 0.860772
vt 0.980134 0.884390
vt 0.599808 0.229816
vt 0.599490 0.227641
vt 0.627370 0.227631
vt 0.627370 0.229836
vt 0.638779 0.050501
vt 0.616088 0.048828
vt 0.608518 0.014642
vt 0.638779 0.003811
vt 0.051089 0.270773
vt 0.104348 0.260792
vt 0.104348 0.297243
vt 0.052031 0.295704
vt 0.324539 0.487677
vt 0.324539 0.521695
vt 0.276779 0.507234
vt 0.275279 0.490951
vt 0.455943 0.466885
vt 0.456572 0.428572
vt 0.490385 0.425145
vt 0.490385 0.475073
vt 0.569917 0.246918
vt 0.603277 0.238070
vt 0.603277 0.284536
vt 0.570543 0.282362
vt 0.100678 0.556629
vt 0.051089 0.553730
vt 0.052974 0.537522
vt 0.100678 0.523619
vt 0.656768 0.654685
vt 0.645603 0.654899
vt 0.633557 0.610002
vt 0.656768 0.597353
vt 0.105586 0.762738
vt 0.105586 0.795706
vt 0.093993 0.794761
vt 0.082400 0.763231
vt 0.946487 0.776596
vt 0.946469 0.746675
vt 0.948660 0.746587
vt 0.948660 0.776829
vt 0.725458 0.800302
vt 0.693497 0.797441
vt 0.694282 0.786298
vt 0.725458 0.778040
vt 0.531344 0.858337
vt 0.514504 0.858516
vt 0.515667 0.841270
vt 0.531344 0.836373
vt 0.785930 0.691744
vt 0.757572 0.691996
vt 0.758502 0.673575
vt 0.785930 0.662521
vt 0.210687 0.240198
vt 0.210687 0.295697
vt 0.175623 0.283281
vt 0.184284 0.242209
vt 0.411393 0.885267
vt 0.411393 0.922629
vt 0.409157 0.922665
vt 0.409170 0.884932
vt 0.187458 0.047204
vt 0.188169 0.006599
vt 0.225220 0.003811
vt 0.225220 0.056886
vt 0.385474 0.231471
vt 0.350590 0.229762
vt 0.368162 0.180210
vt 0.385474 0.179453
vt 0.036406 0.554914
vt 0.012024 0.554385
vt 0.003811 0.518296
vt 0.036406 0.504953
vt 0.913528 0.156148
vt 0.913516 0.116951
vt 0.915755 0.116929
vt 0.915755 0.156493
vt 0.720770 0.587149
vt 0.710861 0.586590
vt 0.700270 0.546007
vt 0.720770 0.536347
vt 0.425116 0.345413
vt 0.425744 0.306221
vt 0.459501 0.303762
vt 0.459501 0.354875
vt 0.051675 0.615725
vt 0.051089 0.605062
vt 0.105090 0.604708
vt 0.105090 0.630644
vt 0.146761 0.538662
vt 0.113397 0.536925
vt 0.130242 0.489648
vt 0.146761 0.488988
vt 0.621429 0.462968
vt 0.657860 0.462842
vt 0.657860 0.465039
vt 0.620663 0.465026
vt 0.032565 0.659294
vt 0.010950 0.657426
vt 0.003811 0.623738
vt 0.032565 0.613281
vt 0.981179 0.386264
vt 0.981091 0.364032
vt 0.983320 0.363964
vt 0.983320 0.386913
vt 0.102081 0.398292
vt 0.102081 0.433414
vt 0.052745 0.418125
vt 0.051089 0.401309
vt 0.963243 0.942771
vt 0.965273 0.941943
vt 0.965273 0.968083
vt 0.963065 0.968160
vt 0.321162 0.708854
vt 0.271682 0.706020
vt 0.272165 0.696286
vt 0.321162 0.684691
vt 0.168001 0.224046
vt 0.168001 0.259984
vt 0.113397 0.252718
vt 0.114619 0.228383
vt 0.051887 0.788965
vt 0.051089 0.762738
vt 0.074778 0.762774
vt 0.074778 0.795540
vt 0.113397 0.381091
vt 0.149060 0.372431
vt 0.149060 0.422564
vt 0.114079 0.419352
vt 0.458010 0.109250
vt 0.458642 0.071373
vt 0.492856 0.068126
vt 0.492856 0.117501
vt 0.740173 0.743211
vt 0.693497 0.743199
vt 0.693942 0.734360
vt 0.740173 0.721516
vt 0.917079 0.784674
vt 0.916929 0.746587
vt 0.919149 0.746618
vt 0.919149 0.785451
vt 0.307546 0.940072
vt 0.307398 0.907932
vt 0.309631 0.907890
vt 0.309631 0.940804
vt 0.480196 0.055324
vt 0.454901 0.054094
vt 0.446393 0.016609
vt 0.480196 0.003811
vt 0.753709 0.934412
vt 0.753561 0.900287
vt 0.755784 0.900313
vt 0.755784 0.935204
vt 0.357988 0.159040
vt 0.359179 0.136065
vt 0.410949 0.133909
vt 0.410949 0.167755
vt 0.620319 0.723199
vt 0.573333 0.721736
vt 0.573770 0.712535
vt 0.620319 0.700447
vt 0.283064 0.120950
vt 0.246781 0.117458
vt 0.246069 0.077128
vt 0.283064 0.068126
vt 0.604287 0.589731
vt 0.581089 0.588823
vt 0.573333 0.552793
vt 0.604287 0.539905
vt 0.587771 0.482874
vt 0.587771 0.531302
vt 0.571900 0.530327
vt 0.555104 0.482695
vt 0.775294 0.829263
vt 0.743744 0.828596
vt 0.743998 0.822540
vt 0.775294 0.814352
vt 0.514504 0.603806
vt 0.515625 0.582167
vt 0.561485 0.578419
vt 0.561485 0.610467
vt 0.623418 0.668073
vt 0.623418 0.692825
vt 0.573881 0.681005
vt 0.573333 0.670893
vt 0.113397 0.764169
vt 0.147501 0.759464
vt 0.147501 0.783085
vt 0.113754 0.780350
vt 0.004610 0.696943
vt 0.003811 0.666916
vt 0.031824 0.667397
vt 0.031824 0.706230
vt 0.783008 0.838807
vt 0.789875 0.813689
vt 0.796085 0.813681
vt 0.796085 0.845238
vt 0.649858 0.073785
vt 0.672529 0.061666
vt 0.672529 0.115669
vt 0.661603 0.115941
vt 0.796085 0.772202
vt 0.796085 0.806060
vt 0.774592 0.797124
vt 0.779844 0.772877
vt 0.892424 0.709755
vt 0.892392 0.658738
vt 0.894626 0.658644
vt 0.894626 0.710209
vt 0.309400 0.428823
vt 0.309400 0.480055
vt 0.292751 0.479454
vt 0.275279 0.430218
vt 0.811341 0.397007
vt 0.795673 0.396330
vt 0.790486 0.372442
vt 0.811341 0.363964
vt 0.476272 0.157979
vt 0.477646 0.131313
vt 0.519856 0.129765
vt 0.519856 0.168718
vt 0.583125 0.301831
vt 0.613479 0.299593
vt 0.613479 0.345742
vt 0.582899 0.347686
vt 0.733647 0.892512
vt 0.733618 0.841239
vt 0.735820 0.841125
vt 0.735820 0.892929
vt 0.793552 0.687071
vt 0.798557 0.663620
vt 0.814004 0.662521
vt 0.814004 0.694914
vt 0.893922 0.117319
vt 0.896102 0.116929
vt 0.896102 0.167512
vt 0.893939 0.167219
vt 0.089431 0.003811
vt 0.089431 0.059879
vt 0.050832 0.048972
vt 0.051634 0.006885
vt 0.406247 0.434815
vt 0.448321 0.425145
vt 0.448321 0.467188
vt 0.408895 0.466866
vt 0.303825 0.774501
vt 0.303825 0.796899
vt 0.272701 0.786222
vt 0.271682 0.775316
vt 0.436783 0.669042
vt 0.384824 0.665418
vt 0.385311 0.655234
vt 0.436783 0.643717
vt 0.988934 0.252126
vt 0.988915 0.235074
vt 0.991150 0.234986
vt 0.991150 0.252348
vt 0.616194 0.167584
vt 0.615307 0.165567
vt 0.653381 0.165399
vt 0.653381 0.167606
vt 0.990889 0.535908
vt 0.993034 0.535369
vt 0.993034 0.551438
vt 0.990824 0.551426
vt 0.660250 0.887234
vt 0.658029 0.887617
vt 0.658019 0.835044
vt 0.660250 0.835150
vt 0.282090 0.322555
vt 0.333176 0.304324
vt 0.333176 0.340333
vt 0.281087 0.339903
vt 0.191099 0.926896
vt 0.190940 0.890887
vt 0.193178 0.890853
vt 0.193178 0.927637
vt 0.959428 0.262388
vt 0.959409 0.235111
vt 0.961625 0.234986
vt 0.961625 0.262578
vt 0.539710 0.464428
vt 0.540311 0.427071
vt 0.572872 0.425145
vt 0.572872 0.473862
vt 0.909063 0.941738
vt 0.909052 0.909972
vt 0.911194 0.909535
vt 0.911194 0.942236
vt 0.220582 0.480781
vt 0.223162 0.449168
vt 0.262114 0.448791
vt 0.262114 0.490006
vt 0.436011 0.676664
vt 0.436011 0.700445
vt 0.385326 0.689739
vt 0.384824 0.679996
vt 0.985823 0.747182
vt 0.987963 0.746587
vt 0.987963 0.769247
vt 0.985745 0.769265
vt 0.438771 0.056499
vt 0.413528 0.054229
vt 0.405149 0.015568
vt 0.438771 0.003811
vt 0.890607 0.235401
vt 0.892814 0.234986
vt 0.892814 0.286883
vt 0.890621 0.286632
vt 0.941631 0.596831
vt 0.943798 0.596442
vt 0.943798 0.628692
vt 0.941629 0.628404
vt 0.986257 0.117495
vt 0.988379 0.116929
vt 0.988379 0.139224
vt 0.986183 0.139224
vt 0.882589 0.711699
vt 0.882560 0.658756
vt 0.884770 0.658644
vt 0.884770 0.712120
vt 0.892445 0.596693
vt 0.894636 0.596442
vt 0.894636 0.648000
vt 0.892413 0.647908
vt 0.979130 0.235508
vt 0.981293 0.234986
vt 0.981293 0.258449
vt 0.979062 0.258430
vt 0.887437 0.746945
vt 0.889628 0.746587
vt 0.889628 0.799343
vt 0.887455 0.799032
vt 0.951392 0.687469
vt 0.951381 0.659080
vt 0.953559 0.658644
vt 0.953559 0.688003
vt 0.684179 0.717617
vt 0.633557 0.714314
vt 0.633999 0.704932
vt 0.684179 0.694401
vt 0.728392 0.573683
vt 0.738827 0.536347
vt 0.748239 0.536357
vt 0.748239 0.583367
vt 0.952938 0.323271
vt 0.952923 0.295025
vt 0.955127 0.294931
vt 0.955127 0.323506
vt 0.951436 0.535673
vt 0.953644 0.535369
vt 0.953644 0.564124
vt 0.951425 0.564198
vt 0.959433 0.202343
vt 0.959419 0.175606
vt 0.961646 0.175484
vt 0.961646 0.202552
vt 0.175492 0.162972
vt 0.176816 0.137879
vt 0.229354 0.133909
vt 0.229354 0.171065
vt 0.931771 0.736753
vt 0.931755 0.701654
vt 0.933958 0.701620
vt 0.933958 0.737070
vt 0.915820 0.058613
vt 0.915820 0.097380
vt 0.913602 0.097406
vt 0.913604 0.058522
vt 0.909074 0.811511
vt 0.911248 0.811175
vt 0.911248 0.853150
vt 0.909052 0.853122
vt 0.938699 0.843808
vt 0.938553 0.811175
vt 0.940755 0.811195
vt 0.940755 0.844604
vt 0.931939 0.659477
vt 0.933991 0.658644
vt 0.933991 0.693998
vt 0.931755 0.693954
vt 0.733632 0.900885
vt 0.735820 0.900551
vt 0.735820 0.935360
vt 0.733609 0.935321
vt 0.334087 0.517317
vt 0.335190 0.495173
vt 0.384932 0.492277
vt 0.384932 0.524895
vt 0.949586 0.175771
vt 0.951797 0.175484
vt 0.951797 0.204877
vt 0.949578 0.204665
vt 0.596924 0.826713
vt 0.572782 0.826823
vt 0.573640 0.811340
vt 0.596924 0.801324
vt 0.889564 0.905277
vt 0.891609 0.904423
vt 0.891609 0.938420
vt 0.889413 0.938478
vt 0.166276 0.303658
vt 0.113397 0.302546
vt 0.115126 0.284695
vt 0.166276 0.267606
vt 0.941918 0.450206
vt 0.941908 0.419991
vt 0.944092 0.419526
vt 0.944092 0.450697
vt 0.893913 0.345371
vt 0.893877 0.295021
vt 0.896109 0.294931
vt 0.896109 0.345858
vt 0.040219 0.671568
vt 0.040187 0.613397
vt 0.042374 0.613281
vt 0.042374 0.672015
vt 0.958279 0.932302
vt 0.958260 0.904882
vt 0.960478 0.904757
vt 0.960478 0.932641
vt 0.435885 0.943526
vt 0.435867 0.912239
vt 0.438062 0.912164
vt 0.438062 0.943848
vt 0.208457 0.805492
vt 0.205883 0.785284
vt 0.237168 0.784934
vt 0.237168 0.806652
vt 0.051588 0.652355
vt 0.051089 0.642210
vt 0.103974 0.638266
vt 0.103974 0.663092
vt 0.892733 0.364250
vt 0.894947 0.363964
vt 0.894947 0.414810
vt 0.892701 0.414755
vt 0.918919 0.898655
vt 0.918905 0.860772
vt 0.921113 0.860783
vt 0.921113 0.899051
vt 0.799156 0.628755
vt 0.775468 0.628898
vt 0.776883 0.603549
vt 0.799156 0.597353
vt 0.922051 0.704477
vt 0.924123 0.703669
vt 0.924123 0.738741
vt 0.921892 0.738728
vt 0.099842 0.894440
vt 0.099812 0.843863
vt 0.102038 0.843736
vt 0.102038 0.894848
vt 0.664390 0.640615
vt 0.675837 0.597353
vt 0.686115 0.597408
vt 0.686115 0.651913
vt 0.696897 0.248144
vt 0.717255 0.238070
vt 0.717254 0.289365
vt 0.707429 0.288966
vt 0.003811 0.594306
vt 0.012294 0.563017
vt 0.039061 0.562536
vt 0.039061 0.605660
vt 0.145614 0.595119
vt 0.121491 0.593718
vt 0.113397 0.558102
vt 0.145614 0.546284
vt 0.097053 0.013805
vt 0.135634 0.003811
vt 0.135634 0.057516
vt 0.097812 0.054768
vt 0.531298 0.916684
vt 0.533438 0.916198
vt 0.533438 0.946653
vt 0.531277 0.946180
vt 0.981370 0.441775
vt 0.981280 0.419543
vt 0.983471 0.419526
vt 0.983471 0.442495
vt 0.384932 0.484655
vt 0.341835 0.483143
vt 0.340798 0.456049
vt 0.384932 0.445228
vt 0.897249 0.746933
vt 0.899440 0.746587
vt 0.899440 0.796741
vt 0.897266 0.796408
vt 0.051089 0.465052
vt 0.052258 0.442008
vt 0.102209 0.441036
vt 0.102209 0.475022
vt 0.003811 0.015028
vt 0.043210 0.003811
vt 0.043210 0.060504
vt 0.004659 0.057457
vt 0.003824 0.944139
vt 0.003811 0.913873
vt 0.005959 0.913434
vt 0.005959 0.944629
vt 0.923530 0.153096
vt 0.923377 0.116951
vt 0.925619 0.116929
vt 0.925619 0.153850
vt 0.144564 0.790707
vt 0.144564 0.812425
vt 0.114040 0.804351
vt 0.113397 0.793657
vt 0.733655 0.833010
vt 0.733618 0.778138
vt 0.735827 0.778040
vt 0.735827 0.833503
vt 0.941605 0.567137
vt 0.941585 0.535419
vt 0.943803 0.535369
vt 0.943803 0.567528
vt 0.275279 0.576956
vt 0.322748 0.570254
vt 0.322748 0.603060
vt 0.276053 0.599328
vt 0.920077 0.273122
vt 0.920074 0.235011
vt 0.922270 0.234986
vt 0.922270 0.273212
vt 0.164199 0.784888
vt 0.195670 0.774199
vt 0.195670 0.797033
vt 0.163538 0.795885
vt 0.948440 0.861290
vt 0.950591 0.860772
vt 0.950591 0.890506
vt 0.948429 0.890092
vt 0.972638 0.059035
vt 0.974770 0.058522
vt 0.974770 0.083550
vt 0.972570 0.083522
vt 0.646445 0.299593
vt 0.646445 0.352983
vt 0.636157 0.352525
vt 0.621101 0.299761
vt 0.933963 0.570386
vt 0.931755 0.570761
vt 0.931729 0.535369
vt 0.933963 0.535373
vt 0.220582 0.313021
vt 0.221852 0.288844
vt 0.273341 0.287273
vt 0.273341 0.322967
vt 0.882591 0.535635
vt 0.884805 0.535369
vt 0.884805 0.588820
vt 0.882560 0.588750
vt 0.968048 0.886832
vt 0.968045 0.860792
vt 0.970258 0.860772
vt 0.970258 0.886925
vt 0.758063 0.506016
vt 0.757990 0.473210
vt 0.781090 0.475276
vt 0.781090 0.508076
vt 0.693497 0.672113
vt 0.714776 0.662521
vt 0.714776 0.713894
vt 0.704505 0.713245
vt 0.038989 0.380157
vt 0.004492 0.377739
vt 0.003811 0.338181
vt 0.038989 0.328313
vt 0.969308 0.473795
vt 0.971438 0.473210
vt 0.971438 0.498918
vt 0.969231 0.498927
vt 0.767618 0.837145
vt 0.769793 0.836885
vt 0.769793 0.889459
vt 0.767587 0.889390
vt 0.912085 0.575323
vt 0.912071 0.535369
vt 0.914279 0.535388
vt 0.914279 0.575724
vt 0.040219 0.735396
vt 0.040188 0.679753
vt 0.042374 0.679637
vt 0.042374 0.735827
vt 0.003811 0.143283
vt 0.005857 0.117634
vt 0.060458 0.114419
vt 0.060458 0.152341
vt 0.176086 0.707074
vt 0.187045 0.666045
vt 0.196943 0.665445
vt 0.196943 0.716239
vt 0.262314 0.498104
vt 0.264468 0.497628
vt 0.264468 0.558196
vt 0.262309 0.557780
vt 0.943170 0.295458
vt 0.945301 0.294931
vt 0.945301 0.325728
vt 0.943152 0.325306
vt 0.912099 0.658981
vt 0.914270 0.658644
vt 0.914270 0.698803
vt 0.912077 0.698786
vt 0.976323 0.330614
vt 0.978522 0.330304
vt 0.978522 0.354120
vt 0.976310 0.354194
vt 0.398319 0.500142
vt 0.399530 0.476878
vt 0.448321 0.474810
vt 0.448321 0.509178
vt 0.261783 0.913778
vt 0.263957 0.913553
vt 0.263957 0.944544
vt 0.261770 0.944425
vt 0.113812 0.070220
vt 0.150076 0.068126
vt 0.150076 0.123503
vt 0.113510 0.126287
vt 0.670298 0.123626
vt 0.672529 0.123563
vt 0.672529 0.167332
vt 0.670303 0.167286
vt 0.375901 0.304324
vt 0.375901 0.356342
vt 0.358640 0.355603
vt 0.340798 0.306869
vt 0.936754 0.779298
vt 0.936601 0.746632
vt 0.938847 0.746587
vt 0.938847 0.780019
vt 0.263438 0.440565
vt 0.263368 0.399405
vt 0.265591 0.399358
vt 0.265591 0.441022
vt 0.949596 0.235198
vt 0.951787 0.234986
vt 0.951787 0.264352
vt 0.949582 0.264198
vt 0.436120 0.181255
vt 0.469913 0.178502
vt 0.469913 0.227872
vt 0.435969 0.230123
vt 0.051606 0.684853
vt 0.051089 0.674979
vt 0.101712 0.670714
vt 0.101712 0.694950
vt 0.384824 0.812022
vt 0.385524 0.797771
vt 0.416686 0.796408
vt 0.416686 0.816784
vt 0.957923 0.031685
vt 0.957907 0.003955
vt 0.960144 0.003811
vt 0.960144 0.031865
vt 0.910270 0.215711
vt 0.910257 0.175550
vt 0.912474 0.175484
vt 0.912474 0.216017
vt 0.962749 0.321170
vt 0.962751 0.294959
vt 0.964983 0.294931
vt 0.964983 0.321270
vt 0.455943 0.491095
vt 0.506882 0.482695
vt 0.506882 0.516115
vt 0.456731 0.514031
vt 0.767102 0.121672
vt 0.767102 0.168348
vt 0.747930 0.158120
vt 0.758030 0.121373
vt 0.092736 0.389473
vt 0.051089 0.390670
vt 0.067524 0.348801
vt 0.092736 0.347069
vt 0.165230 0.700796
vt 0.167389 0.700206
vt 0.167389 0.724727
vt 0.165152 0.724746
vt 0.986726 0.586864
vt 0.986660 0.566291
vt 0.988866 0.566255
vt 0.988866 0.587369
vt 0.902597 0.419997
vt 0.904779 0.419526
vt 0.904779 0.464968
vt 0.902569 0.464885
vt 0.958225 0.811372
vt 0.960445 0.811175
vt 0.960445 0.839221
vt 0.958212 0.839063
vt 0.979089 0.473641
vt 0.981267 0.473210
vt 0.981267 0.496914
vt 0.979060 0.496935
vt 0.833760 0.602857
vt 0.847030 0.596442
vt 0.847030 0.628545
vt 0.840567 0.628301
vt 0.724125 0.481632
vt 0.750368 0.473210
vt 0.750368 0.510339
vt 0.723175 0.510551
vt 0.384824 0.784118
vt 0.385516 0.768655
vt 0.418445 0.765918
vt 0.418445 0.788786
vt 0.737565 0.099102
vt 0.709551 0.099519
vt 0.711063 0.070335
vt 0.737565 0.061666
vt 0.986234 0.352006
vt 0.986144 0.330338
vt 0.988322 0.330304
vt 0.988322 0.352690
vt 0.707294 0.352626
vt 0.697077 0.352084
vt 0.686122 0.309707
vt 0.707294 0.299593
vt 0.317286 0.940336
vt 0.317253 0.907987
vt 0.319475 0.907890
vt 0.319475 0.940803
vt 0.939756 0.235382
vt 0.941960 0.234986
vt 0.941960 0.267786
vt 0.939755 0.267454
vt 0.922382 0.420342
vt 0.924421 0.419526
vt 0.924421 0.456665
vt 0.922220 0.456666
vt 0.798241 0.200701
vt 0.802635 0.177409
vt 0.818062 0.176045
vt 0.818062 0.207975
vt 0.931969 0.597275
vt 0.934008 0.596442
vt 0.934008 0.631750
vt 0.931780 0.631699
vt 0.961298 0.561982
vt 0.961266 0.535582
vt 0.963501 0.535369
vt 0.963501 0.562306
vt 0.565642 0.655787
vt 0.565642 0.680748
vt 0.515030 0.670875
vt 0.514504 0.660701
vt 0.613041 0.425145
vt 0.613041 0.471000
vt 0.580494 0.462454
vt 0.581069 0.427360
vt 0.408451 0.120000
vt 0.373948 0.118684
vt 0.391256 0.068920
vt 0.408451 0.068126
vt 0.206298 0.676404
vt 0.205883 0.667578
vt 0.252959 0.663587
vt 0.252959 0.690359
vt 0.902262 0.644272
vt 0.902258 0.596507
vt 0.904484 0.596442
vt 0.904484 0.644595
vt 0.210585 0.489422
vt 0.159527 0.487889
vt 0.160652 0.471384
vt 0.210585 0.455661
vt 0.559857 0.180313
vt 0.591868 0.178502
vt 0.591868 0.226266
vt 0.559662 0.227631
vt 0.560671 0.363964
vt 0.560671 0.412833
vt 0.527466 0.403754
vt 0.528076 0.366263
vt 0.038638 0.438937
vt 0.003811 0.437429
vt 0.021802 0.388547
vt 0.038638 0.387779
vt 0.237168 0.829327
vt 0.205748 0.828261
vt 0.205900 0.822133
vt 0.237168 0.814274
vt 0.205754 0.904032
vt 0.207961 0.903596
vt 0.207961 0.938023
vt 0.205748 0.937976
vt 0.988942 0.175683
vt 0.991144 0.175484
vt 0.991144 0.192783
vt 0.988925 0.192624
vt 0.987845 0.861349
vt 0.989957 0.860772
vt 0.989957 0.882090
vt 0.987756 0.882048
vt 0.844489 0.803553
vt 0.837899 0.803497
vt 0.831000 0.778271
vt 0.844489 0.771409
vt 0.666301 0.465064
vt 0.665482 0.463000
vt 0.702329 0.462842
vt 0.702329 0.465065
vt 0.595393 0.518940
vt 0.603033 0.484382
vt 0.626314 0.482695
vt 0.626314 0.530220
vt 0.872732 0.596764
vt 0.874938 0.596442
vt 0.874938 0.651022
vt 0.872699 0.651006
vt 0.902289 0.583452
vt 0.902254 0.535470
vt 0.904449 0.535369
vt 0.904449 0.583932
vt 0.968115 0.904962
vt 0.970318 0.904757
vt 0.970318 0.930447
vt 0.968100 0.930284
vt 0.439214 0.417523
vt 0.414447 0.415902
vt 0.406247 0.376951
vt 0.439214 0.363964
vt 0.978018 0.905354
vt 0.980173 0.904757
vt 0.980173 0.928423
vt 0.977940 0.928444
vt 0.368961 0.632995
vt 0.342517 0.632547
vt 0.334087 0.601663
vt 0.368961 0.590756
vt 0.900413 0.473605
vt 0.902623 0.473210
vt 0.902623 0.522899
vt 0.900427 0.522633
vt 0.130743 0.480389
vt 0.113397 0.430185
vt 0.147224 0.430209
vt 0.147224 0.481366
vt 0.980931 0.659213
vt 0.983102 0.658644
vt 0.983102 0.681985
vt 0.980858 0.681995
vt 0.167870 0.171831
vt 0.114487 0.167879
vt 0.113510 0.142041
vt 0.167870 0.133909
vt 0.788712 0.499528
vt 0.789135 0.475143
vt 0.810679 0.473210
vt 0.810679 0.505090
vt 0.941627 0.659170
vt 0.943759 0.658644
vt 0.943759 0.691059
vt 0.941613 0.690643
vt 0.211473 0.303319
vt 0.211473 0.355194
vt 0.193929 0.354334
vt 0.175623 0.305327
vt 0.981008 0.618954
vt 0.980869 0.596442
vt 0.983084 0.596479
vt 0.983084 0.619755
vt 0.922036 0.572057
vt 0.921900 0.535469
vt 0.924107 0.535369
vt 0.924107 0.572841
vt 0.634302 0.220009
vt 0.599490 0.217998
vt 0.621237 0.178676
vt 0.634302 0.178502
vt 0.366326 0.068126
vt 0.366326 0.122487
vt 0.332718 0.109040
vt 0.340986 0.069741
vt 0.143509 0.057516
vt 0.143256 0.003811
vt 0.179836 0.005518
vt 0.179836 0.059156
vt 0.588922 0.913554
vt 0.590974 0.912758
vt 0.590974 0.944005
vt 0.588758 0.943990
vt 0.334087 0.569791
vt 0.341910 0.533417
vt 0.365674 0.532517
vt 0.365674 0.583134
vt 0.561936 0.881654
vt 0.563972 0.880801
vt 0.563972 0.919661
vt 0.561754 0.919630
vt 0.981144 0.536216
vt 0.983202 0.535369
vt 0.983202 0.558488
vt 0.980984 0.558527
vt 0.102595 0.347145
vt 0.102595 0.390448
vt 0.100358 0.390487
vt 0.100360 0.347069
vt 0.745145 0.285687
vt 0.735347 0.285651
vt 0.724876 0.248203
vt 0.745145 0.238070
vt 0.930068 0.508277
vt 0.929926 0.473210
vt 0.932141 0.473253
vt 0.932141 0.509080
vt 0.956282 0.746673
vt 0.958490 0.746587
vt 0.958490 0.774827
vt 0.956286 0.774803
vt 0.976007 0.769899
vt 0.975914 0.746603
vt 0.978123 0.746587
vt 0.978123 0.770619
vt 0.588763 0.905047
vt 0.588758 0.858676
vt 0.590953 0.858651
vt 0.590953 0.905136
vt 0.914588 0.403677
vt 0.912377 0.403753
vt 0.912368 0.363964
vt 0.914588 0.364021
vt 0.675624 0.186454
vt 0.697827 0.176045
vt 0.697827 0.228726
vt 0.687107 0.228326
vt 0.756782 0.555816
vt 0.755861 0.537115
vt 0.784209 0.536347
vt 0.784209 0.566384
vt 0.943083 0.117464
vt 0.945225 0.116929
vt 0.945225 0.147990
vt 0.943070 0.147587
vt 0.907065 0.788465
vt 0.907062 0.746632
vt 0.909307 0.746587
vt 0.909307 0.788529
vt 0.371039 0.898138
vt 0.373090 0.897281
vt 0.373090 0.932821
vt 0.370889 0.932880
vt 0.783008 0.933659
vt 0.790717 0.933460
vt 0.790717 0.949330
vt 0.783008 0.949529
vt 0.842850 0.273010
vt 0.842850 0.288963
vt 0.828089 0.288118
vt 0.828089 0.272166
vt 0.182318 0.967599
vt 0.181119 0.957639
vt 0.189978 0.958061
vt 0.189978 0.969891
vt 0.962815 0.851070
vt 0.958212 0.853084
vt 0.959020 0.847667
vt 0.962815 0.846843
vt 0.877170 0.165764
vt 0.876294 0.156587
vt 0.885816 0.157548
vt 0.885816 0.167743
vt 0.939090 0.049978
vt 0.938289 0.044864
vt 0.942982 0.046892
vt 0.942982 0.050871
vt 0.292383 0.952197
vt 0.292383 0.939406
vt 0.299354 0.942773
vt 0.299354 0.955563
vt 0.143126 0.944795
vt 0.132972 0.946719
vt 0.133289 0.936264
vt 0.143126 0.934229
vt 0.653390 0.989085
vt 0.658078 0.985803
vt 0.658078 0.992125
vt 0.654030 0.993955
vt 0.743744 0.956299
vt 0.743744 0.943037
vt 0.750483 0.946123
vt 0.750483 0.959385
vt 0.977669 0.048485
vt 0.976051 0.039487
vt 0.984039 0.039841
vt 0.984039 0.050713
vt 0.034589 0.942239
vt 0.041578 0.938910
vt 0.041578 0.951743
vt 0.034589 0.955072
vt 0.244790 0.953123
vt 0.244790 0.940005
vt 0.251633 0.943238
vt 0.251633 0.956356
vt 0.547235 0.979850
vt 0.545698 0.971744
vt 0.555053 0.971972
vt 0.555053 0.981467
vt 0.968429 0.039487
vt 0.968429 0.049386
vt 0.959756 0.048485
vt 0.957907 0.040399
vt 0.784810 0.967115
vt 0.783008 0.957151
vt 0.792211 0.957443
vt 0.792211 0.969181
vt 0.963238 0.400461
vt 0.970635 0.398470
vt 0.970635 0.409746
vt 0.961428 0.410176
vt 0.522426 0.939697
vt 0.512232 0.940702
vt 0.513063 0.929057
vt 0.522426 0.927489
vt 0.619212 0.961005
vt 0.619212 0.947733
vt 0.625935 0.950571
vt 0.625935 0.963843
vt 0.948453 0.945198
vt 0.955444 0.941943
vt 0.955444 0.954704
vt 0.948453 0.957958
vt 0.928735 0.958795
vt 0.928735 0.945962
vt 0.935645 0.949075
vt 0.935645 0.961908
vt 0.833821 0.516862
vt 0.833821 0.528663
vt 0.823485 0.526799
vt 0.822553 0.516032
vt 0.879953 0.944413
vt 0.869741 0.945448
vt 0.870507 0.933932
vt 0.879953 0.932431
vt 0.965245 0.585246
vt 0.958467 0.588244
vt 0.958467 0.575275
vt 0.965245 0.572277
vt 0.915747 0.952777
vt 0.915747 0.965903
vt 0.909052 0.962985
vt 0.909052 0.949858
vt 0.049263 0.959478
vt 0.049263 0.946550
vt 0.056085 0.949573
vt 0.056085 0.962501
vt 0.299354 0.918894
vt 0.299354 0.931785
vt 0.290120 0.930147
vt 0.289065 0.918339
vt 0.862920 0.575872
vt 0.872999 0.574044
vt 0.872999 0.587009
vt 0.862885 0.588759
vt 0.329423 0.914428
vt 0.339208 0.913430
vt 0.339208 0.925583
vt 0.327635 0.924452
vt 0.873838 0.758368
vt 0.873838 0.763294
vt 0.867467 0.760503
vt 0.716446 0.459998
vt 0.716446 0.465065
vt 0.709951 0.463590
vt 0.925501 0.226965
vt 0.920096 0.225740
vt 0.925501 0.221071
vt 0.889831 0.460019
vt 0.889831 0.465164
vt 0.883857 0.463663
vt 0.733671 0.995717
vt 0.728892 0.994408
vt 0.733671 0.989206
vt 0.992233 0.897090
vt 0.987756 0.895115
vt 0.992233 0.889712
vt 0.786651 0.355298
vt 0.782716 0.353657
vt 0.786651 0.348754
vt 0.748424 0.994964
vt 0.743744 0.994270
vt 0.748424 0.989543
vt 0.962686 0.142377
vt 0.967097 0.141673
vt 0.967097 0.147457
vt 0.389402 0.990905
vt 0.389402 0.996065
vt 0.385250 0.994056
vt 0.384824 0.989087
vt 0.988925 0.203217
vt 0.992641 0.200405
vt 0.992641 0.205310
vt 0.450961 0.964928
vt 0.449117 0.955492
vt 0.458764 0.953734
vt 0.458764 0.965620
vt 0.840133 0.156360
vt 0.850738 0.155008
vt 0.850738 0.166990
vt 0.839491 0.167610
vt 0.765244 0.965811
vt 0.774398 0.964588
vt 0.774398 0.973972
vt 0.763680 0.973439
vt 0.082884 0.982300
vt 0.088656 0.982672
vt 0.088656 0.988093
vt 0.080268 0.990002
vt 0.852034 0.286310
vt 0.850484 0.276940
vt 0.863366 0.276584
vt 0.863366 0.287274
vt 0.775094 0.348754
vt 0.775094 0.355793
vt 0.770039 0.354976
vt 0.768396 0.349751
vt 0.907845 0.802143
vt 0.907062 0.796151
vt 0.912149 0.798749
vt 0.912149 0.803486
vt 0.975639 0.738783
vt 0.971040 0.736251
vt 0.975639 0.734322
vt 0.064003 0.944323
vt 0.073164 0.941321
vt 0.073164 0.951287
vt 0.064003 0.954289
vt 0.945029 0.167449
vt 0.943070 0.158265
vt 0.952900 0.155612
vt 0.952900 0.167740
vt 0.022335 0.972860
vt 0.022335 0.983187
vt 0.015987 0.980828
vt 0.014333 0.971966
vt 0.930208 0.977833
vt 0.928735 0.969993
vt 0.938826 0.969530
vt 0.938826 0.979023
vt 0.888814 0.039163
vt 0.888814 0.049970
vt 0.877865 0.048978
vt 0.875867 0.039820
vt 0.449699 0.934851
vt 0.458978 0.932840
vt 0.458978 0.944139
vt 0.449117 0.946112
vt 0.819431 0.344198
vt 0.829171 0.341598
vt 0.829171 0.354723
vt 0.818963 0.356342
vt 0.958694 0.281781
vt 0.949582 0.284819
vt 0.949582 0.275011
vt 0.958694 0.271974
vt 0.521564 0.960781
vt 0.512232 0.959895
vt 0.514080 0.949910
vt 0.521564 0.948324
vt 0.571652 0.956561
vt 0.571652 0.943237
vt 0.578416 0.946153
vt 0.578416 0.959476
vt 0.864166 0.712029
vt 0.863903 0.699614
vt 0.874278 0.700921
vt 0.874278 0.713812
vt 0.814203 0.913198
vt 0.814203 0.925976
vt 0.804044 0.924257
vt 0.803707 0.912057
vt 0.991661 0.042363
vt 0.995734 0.039487
vt 0.995734 0.045440
vt 0.992216 0.046989
vt 0.263985 0.986452
vt 0.263985 0.992752
vt 0.260041 0.989474
vt 0.260578 0.984598
vt 0.308298 0.959261
vt 0.307398 0.948426
vt 0.315823 0.950990
vt 0.315823 0.962015
vt 0.896436 0.042841
vt 0.901073 0.039163
vt 0.901073 0.045951
vt 0.897174 0.047935
vt 0.732924 0.224314
vt 0.732924 0.229489
vt 0.729019 0.226462
vt 0.729598 0.222385
vt 0.181933 0.938109
vt 0.189565 0.935544
vt 0.189565 0.947522
vt 0.181119 0.950017
vt 0.933444 0.641275
vt 0.933444 0.650723
vt 0.923785 0.649844
vt 0.921952 0.642339
vt 0.235761 0.953648
vt 0.235761 0.965951
vt 0.228311 0.964130
vt 0.226470 0.954014
vt 0.677755 0.958533
vt 0.677755 0.969558
vt 0.669416 0.967066
vt 0.668859 0.957183
vt 0.387687 0.598398
vt 0.376763 0.597805
vt 0.378381 0.590221
vt 0.387687 0.589019
vt 0.955381 0.350070
vt 0.948482 0.353435
vt 0.948482 0.340508
vt 0.955381 0.337143
vt 0.759149 0.463878
vt 0.762690 0.461481
vt 0.762690 0.465475
vt 0.226972 0.944622
vt 0.226470 0.933903
vt 0.236975 0.934966
vt 0.236975 0.946026
vt 0.719711 0.962191
vt 0.719711 0.972385
vt 0.712073 0.970047
vt 0.711307 0.959749
vt 0.995159 0.685004
vt 0.995159 0.690763
vt 0.990724 0.687152
vt 0.991367 0.682689
vt 0.361113 0.950773
vt 0.361113 0.940983
vt 0.370275 0.944231
vt 0.370275 0.954020
vt 0.719431 0.952127
vt 0.711811 0.949454
vt 0.711307 0.937533
vt 0.719431 0.940711
vt 0.101009 0.989728
vt 0.101009 0.995436
vt 0.096569 0.991888
vt 0.097216 0.987554
vt 0.792837 0.923885
vt 0.783008 0.925838
vt 0.784002 0.913421
vt 0.792837 0.910760
vt 0.941585 0.585038
vt 0.941585 0.575150
vt 0.950845 0.578356
vt 0.950845 0.588244
vt 0.634778 0.928540
vt 0.644123 0.927146
vt 0.644123 0.940111
vt 0.633557 0.940019
vt 0.937173 0.791978
vt 0.937173 0.803242
vt 0.927336 0.801838
vt 0.926771 0.790912
vt 0.737421 0.111260
vt 0.732980 0.113431
vt 0.733736 0.108352
vt 0.737421 0.107141
vt 0.307398 0.990306
vt 0.311889 0.986824
vt 0.311889 0.992740
vt 0.307989 0.994880
vt 0.512232 0.989543
vt 0.516805 0.985936
vt 0.516805 0.991972
vt 0.512949 0.994032
vt 0.774398 0.953917
vt 0.767588 0.956966
vt 0.767587 0.943694
vt 0.774398 0.940644
vt 0.658969 0.588424
vt 0.647930 0.589125
vt 0.648501 0.577655
vt 0.658969 0.576216
vt 0.065005 0.932066
vt 0.064003 0.920222
vt 0.074247 0.920921
vt 0.074247 0.933699
vt 0.317324 0.969637
vt 0.317324 0.979202
vt 0.308878 0.978052
vt 0.307398 0.970100
vt 0.660252 0.952271
vt 0.653390 0.955488
vt 0.653390 0.942361
vt 0.660252 0.939144
vt 0.941629 0.636314
vt 0.950005 0.638983
vt 0.950005 0.650703
vt 0.942293 0.648233
vt 0.234501 0.983307
vt 0.226470 0.984349
vt 0.228154 0.975826
vt 0.234501 0.973573
vt 0.343736 0.949216
vt 0.350425 0.946283
vt 0.350425 0.959606
vt 0.343736 0.962539
vt 0.132972 0.957029
vt 0.142017 0.954340
vt 0.142017 0.964228
vt 0.132972 0.966916
vt 0.747666 0.707150
vt 0.747666 0.713787
vt 0.741015 0.713687
vt 0.739161 0.708923
vt 0.420756 0.990435
vt 0.419122 0.984711
vt 0.425821 0.983900
vt 0.425821 0.991499
vt 0.860645 0.050526
vt 0.857925 0.041509
vt 0.867955 0.041715
vt 0.867955 0.048789
vt 0.866380 0.403757
vt 0.875220 0.401150
vt 0.875220 0.414717
vt 0.865234 0.416099
vt 0.291153 0.988617
vt 0.289553 0.981189
vt 0.297538 0.981858
vt 0.297538 0.990337
vt 0.712768 0.929051
vt 0.711307 0.918415
vt 0.722537 0.917493
vt 0.722537 0.929911
vt 0.105771 0.969887
vt 0.105771 0.979932
vt 0.098243 0.978250
vt 0.096569 0.969539
vt 0.894105 0.993925
vt 0.889413 0.995314
vt 0.890095 0.990213
vt 0.894105 0.988383
vt 0.609104 0.986801
vt 0.609104 0.993170
vt 0.604546 0.989415
vt 0.605269 0.984679
vt 0.964410 0.647831
vt 0.957627 0.650703
vt 0.957627 0.637585
vt 0.964410 0.634713
vt 0.840957 0.216803
vt 0.840957 0.230424
vt 0.831376 0.227474
vt 0.831264 0.214121
vt 0.928735 0.990056
vt 0.933402 0.986645
vt 0.933402 0.992504
vt 0.929472 0.994499
vt 0.949814 0.403569
vt 0.949814 0.411659
vt 0.943257 0.410015
vt 0.941839 0.403120
vt 0.889708 0.971785
vt 0.897930 0.969710
vt 0.897930 0.978708
vt 0.889413 0.980761
vt 0.449117 0.981751
vt 0.457546 0.973242
vt 0.457546 0.983918
vt 0.872674 0.526421
vt 0.862885 0.528725
vt 0.863084 0.515763
vt 0.872674 0.512854
vt 0.947625 0.967659
vt 0.955444 0.965580
vt 0.955444 0.975150
vt 0.947035 0.977376
vt 0.351942 0.981249
vt 0.343736 0.973313
vt 0.351942 0.970161
vt 0.852577 0.924684
vt 0.851640 0.912417
vt 0.861450 0.914481
vt 0.861450 0.927149
vt 0.493608 0.989417
vt 0.493608 0.995198
vt 0.489079 0.991728
vt 0.489790 0.987280
vt 0.995176 0.727637
vt 0.995176 0.733393
vt 0.990731 0.729849
vt 0.991316 0.725427
vt 0.348608 0.988871
vt 0.348608 0.994125
vt 0.343736 0.995519
vt 0.344210 0.990630
vt 0.979924 0.400435
vt 0.986279 0.398470
vt 0.986279 0.407450
vt 0.978257 0.408375
vt 0.779904 0.050381
vt 0.790681 0.045250
vt 0.790681 0.053949
vt 0.996167 0.217928
vt 0.991765 0.218689
vt 0.992411 0.214511
vt 0.996167 0.213197
vt 0.272347 0.930053
vt 0.271611 0.918339
vt 0.281443 0.920449
vt 0.281443 0.932250
vt 0.929592 0.525458
vt 0.920076 0.527668
vt 0.922941 0.518725
vt 0.929592 0.519068
vt 0.790494 0.161957
vt 0.795421 0.161587
vt 0.795421 0.168200
vt 0.788952 0.166654
vt 0.948819 0.985546
vt 0.954512 0.984998
vt 0.954512 0.992982
vt 0.947035 0.991320
vt 0.213205 0.983877
vt 0.213205 0.991966
vt 0.207500 0.991780
vt 0.205748 0.986004
vt 0.326164 0.967180
vt 0.326164 0.957151
vt 0.335200 0.959525
vt 0.335200 0.969554
vt 0.491768 0.946972
vt 0.500621 0.948733
vt 0.500621 0.956929
vt 0.489079 0.957155
vt 0.205748 0.955467
vt 0.205748 0.945645
vt 0.214929 0.948588
vt 0.214929 0.958409
vt 0.157821 0.759464
vt 0.164069 0.760170
vt 0.164069 0.765299
vt 0.155123 0.766477
vt 0.959517 0.215686
vt 0.968501 0.213197
vt 0.968501 0.223253
vt 0.959517 0.225742
vt 0.550420 0.990591
vt 0.550420 0.995737
vt 0.546286 0.993843
vt 0.545698 0.989089
vt 0.954496 0.107075
vt 0.943130 0.107475
vt 0.945798 0.097076
vt 0.954496 0.098739
vt 0.840746 0.575451
vt 0.853659 0.572384
vt 0.853659 0.588327
vt 0.840746 0.585305
vt 0.859078 0.990935
vt 0.851640 0.988788
vt 0.853400 0.982513
vt 0.859078 0.982236
vt 0.690207 0.978696
vt 0.697665 0.978468
vt 0.697665 0.988327
vt 0.690207 0.988555
vt 0.841790 0.883988
vt 0.841790 0.900059
vt 0.829323 0.896640
vt 0.829323 0.886708
vt 0.641015 0.993506
vt 0.633557 0.991664
vt 0.635322 0.986159
vt 0.641015 0.985792
vt 0.932687 0.287012
vt 0.929892 0.278610
vt 0.939372 0.280211
vt 0.939372 0.286340
vt 0.578416 0.967455
vt 0.578416 0.977277
vt 0.568615 0.976920
vt 0.568614 0.967098
vt 0.633557 0.950459
vt 0.642674 0.947733
vt 0.642674 0.957762
vt 0.633557 0.960489
vt 0.299354 0.963538
vt 0.299354 0.973567
vt 0.289553 0.973215
vt 0.289553 0.963185
vt 0.725136 0.713673
vt 0.722398 0.707150
vt 0.731539 0.707333
vt 0.731539 0.712319
vt 0.672861 0.791938
vt 0.672861 0.782006
vt 0.685719 0.779360
vt 0.685719 0.795431
vt 0.273422 0.989749
vt 0.271611 0.983207
vt 0.279138 0.981738
vt 0.279138 0.990609
vt 0.848579 0.230073
vt 0.848579 0.214121
vt 0.861299 0.217909
vt 0.861299 0.227768
vt 0.668859 0.896156
vt 0.668859 0.886297
vt 0.681462 0.883876
vt 0.681462 0.899828
vt 0.809931 0.990567
vt 0.802443 0.989001
vt 0.804124 0.982059
vt 0.809931 0.981287
vt 0.368536 0.989925
vt 0.362820 0.989657
vt 0.361113 0.982434
vt 0.368536 0.979800
vt 0.783008 0.890742
vt 0.795504 0.887269
vt 0.795504 0.903138
vt 0.783008 0.900550
vt 0.065777 0.980584
vt 0.071462 0.980017
vt 0.071462 0.989899
vt 0.064003 0.987737
vt 0.115193 0.983504
vt 0.121487 0.982913
vt 0.121487 0.990597
vt 0.113397 0.988976
vt 0.897094 0.737593
vt 0.884526 0.735213
vt 0.884526 0.725277
vt 0.897094 0.721516
vt 0.841442 0.513841
vt 0.854179 0.510146
vt 0.854179 0.526222
vt 0.841443 0.523777
vt 0.856281 0.713812
vt 0.843420 0.711228
vt 0.843420 0.701421
vt 0.856281 0.697942
vt 0.763680 0.984039
vt 0.771123 0.981594
vt 0.771123 0.990830
vt 0.765443 0.990643
vt 0.384824 0.898077
vt 0.384824 0.888224
vt 0.397269 0.885267
vt 0.397269 0.901211
vt 0.252224 0.991066
vt 0.244790 0.988961
vt 0.246548 0.982839
vt 0.252224 0.982543
vt 0.811111 0.949675
vt 0.803707 0.950006
vt 0.803707 0.933930
vt 0.811111 0.933598
vt 0.834001 0.408131
vt 0.834001 0.417145
vt 0.828997 0.416698
vt 0.827576 0.410122
vt 0.150854 0.979131
vt 0.155863 0.977999
vt 0.155863 0.986112
vt 0.149254 0.985225
vt 0.411393 0.965282
vt 0.402291 0.967747
vt 0.402291 0.957789
vt 0.411393 0.955324
vt 0.843906 0.043956
vt 0.843906 0.049875
vt 0.836600 0.050900
vt 0.833662 0.043075
vt 0.570347 0.992698
vt 0.568614 0.987041
vt 0.576100 0.984899
vt 0.576100 0.992876
vt 0.283071 0.940354
vt 0.283071 0.948712
vt 0.274542 0.950468
vt 0.271611 0.939872
vt 0.384824 0.959386
vt 0.384824 0.949356
vt 0.393855 0.952093
vt 0.393855 0.962123
vt 0.820678 0.705576
vt 0.827634 0.706504
vt 0.827634 0.712398
vt 0.817563 0.713708
vt 0.468284 0.959411
vt 0.477311 0.957004
vt 0.477311 0.967034
vt 0.468284 0.969441
vt 0.931573 0.587480
vt 0.921900 0.588203
vt 0.924596 0.580463
vt 0.931573 0.581575
vt 0.867701 0.160724
vt 0.867701 0.166884
vt 0.861232 0.167628
vt 0.858360 0.159071
vt 0.860646 0.652389
vt 0.845871 0.652940
vt 0.845871 0.637070
vt 0.860646 0.636520
vt 0.878838 0.955556
vt 0.878838 0.965611
vt 0.869741 0.963126
vt 0.869741 0.953070
vt 0.852556 0.464458
vt 0.842864 0.465267
vt 0.845697 0.457427
vt 0.852556 0.458579
vt 0.857029 0.397432
vt 0.857029 0.413503
vt 0.842252 0.413025
vt 0.842251 0.396954
vt 0.836781 0.934020
vt 0.836781 0.949972
vt 0.829323 0.949744
vt 0.829323 0.933792
vt 0.972032 0.635019
vt 0.978203 0.634713
vt 0.978203 0.649497
vt 0.972032 0.649804
vt 0.668859 0.977554
vt 0.676429 0.977180
vt 0.676429 0.987039
vt 0.668859 0.987413
vt 0.977127 0.159858
vt 0.985380 0.155282
vt 0.985380 0.165141
vt 0.555401 0.952267
vt 0.555401 0.964122
vt 0.547525 0.963742
vt 0.545698 0.954433
vt 0.809086 0.355380
vt 0.794323 0.356193
vt 0.794323 0.340117
vt 0.809086 0.339304
vt 0.701644 0.916858
vt 0.701644 0.929063
vt 0.691730 0.928320
vt 0.690207 0.917899
vt 0.370955 0.971601
vt 0.361113 0.972178
vt 0.361113 0.962219
vt 0.370955 0.961642
vt 0.974185 0.799235
vt 0.974185 0.784451
vt 0.980409 0.784548
vt 0.980409 0.799332
vt 0.803707 0.973581
vt 0.803707 0.957628
vt 0.809931 0.957713
vt 0.809931 0.973665
vt 0.170840 0.990546
vt 0.163538 0.990669
vt 0.163538 0.980737
vt 0.170840 0.980613
vt 0.495304 0.979561
vt 0.489079 0.979659
vt 0.489079 0.964873
vt 0.495304 0.964777
vt 0.596899 0.985923
vt 0.588758 0.980825
vt 0.596899 0.976063
vt 0.122654 0.941998
vt 0.122654 0.951797
vt 0.113397 0.948610
vt 0.113397 0.938811
vt 0.776342 0.162120
vt 0.781330 0.161587
vt 0.781330 0.168348
vt 0.774723 0.167037
vt 0.610764 0.962273
vt 0.610764 0.977057
vt 0.604546 0.976691
vt 0.604546 0.961906
vt 0.476619 0.977063
vt 0.476619 0.986493
vt 0.468284 0.982319
vt 0.969506 0.157774
vt 0.969506 0.167740
vt 0.960523 0.165248
vt 0.960522 0.155282
vt 0.088656 0.974675
vt 0.082400 0.974678
vt 0.082400 0.958809
vt 0.088656 0.958805
vt 0.164685 0.347557
vt 0.164685 0.353381
vt 0.157870 0.354971
vt 0.155302 0.347516
vt 0.977744 0.215073
vt 0.984143 0.213197
vt 0.984143 0.224286
vt 0.976123 0.223949
vt 0.039030 0.990575
vt 0.031733 0.990661
vt 0.031733 0.980807
vt 0.039030 0.980721
vt 0.881491 0.273746
vt 0.881491 0.287100
vt 0.872397 0.285162
vt 0.870988 0.273779
vt 0.277839 0.974034
vt 0.271611 0.974116
vt 0.271611 0.958173
vt 0.277839 0.958090
vt 0.728892 0.955742
vt 0.728892 0.942982
vt 0.735820 0.946287
vt 0.735820 0.959047
vt 0.435319 0.969810
vt 0.435318 0.953734
vt 0.441495 0.953782
vt 0.441495 0.969859
vt 0.923651 0.342294
vt 0.923651 0.355914
vt 0.914777 0.353459
vt 0.913576 0.341391
vt 0.529712 0.987875
vt 0.529712 0.978022
vt 0.537453 0.978078
vt 0.537453 0.987932
vt 0.981435 0.984214
vt 0.972895 0.979409
vt 0.981435 0.974494
vt 0.831099 0.958678
vt 0.838764 0.957594
vt 0.838764 0.969268
vt 0.829323 0.968241
vt 0.668859 0.933618
vt 0.676600 0.933562
vt 0.676600 0.949505
vt 0.668859 0.949562
vt 0.690210 0.049943
vt 0.680965 0.053243
vt 0.680965 0.043422
vt 0.690210 0.040122
vt 0.512232 0.978257
vt 0.512232 0.968403
vt 0.522021 0.968460
vt 0.522021 0.978314
vt 0.149639 0.954425
vt 0.155863 0.954340
vt 0.155863 0.970293
vt 0.149639 0.970377
vt 0.419122 0.961494
vt 0.425340 0.961127
vt 0.425340 0.975911
vt 0.419122 0.976278
vt 0.857868 0.958670
vt 0.857868 0.974614
vt 0.851640 0.974531
vt 0.851640 0.958588
vt 0.985944 0.852448
vt 0.977872 0.847784
vt 0.985944 0.842512
vt 0.878170 0.973233
vt 0.878170 0.983909
vt 0.871462 0.983412
vt 0.869741 0.975463
vt 0.031733 0.963211
vt 0.041578 0.962694
vt 0.041578 0.972581
vt 0.031733 0.973099
vt 0.963061 0.455707
vt 0.963061 0.464925
vt 0.953704 0.463845
vt 0.951714 0.456068
vt 0.618531 0.981401
vt 0.618531 0.971465
vt 0.625935 0.971797
vt 0.625935 0.981732
vt 0.970938 0.510678
vt 0.977188 0.510391
vt 0.977188 0.525176
vt 0.970938 0.525463
vt 0.254004 0.974438
vt 0.244790 0.974921
vt 0.246543 0.965808
vt 0.254004 0.963978
vt 0.335200 0.949281
vt 0.327635 0.949529
vt 0.327635 0.933453
vt 0.335200 0.933205
vt 0.611518 0.941314
vt 0.611518 0.954284
vt 0.604546 0.950988
vt 0.604546 0.938019
vt 0.163538 0.962962
vt 0.173465 0.962633
vt 0.173465 0.972663
vt 0.163538 0.972992
vt 0.402291 0.980536
vt 0.410525 0.975369
vt 0.410525 0.985305
vt 0.948988 0.523203
vt 0.939763 0.526533
vt 0.939763 0.516716
vt 0.948988 0.513387
vt 0.073859 0.971847
vt 0.064003 0.972395
vt 0.064003 0.962460
vt 0.073859 0.961911
vt 0.735067 0.966799
vt 0.735067 0.981584
vt 0.728892 0.981454
vt 0.728892 0.966669
vt 0.656837 0.275822
vt 0.656837 0.291893
vt 0.650659 0.291839
vt 0.650659 0.275768
vt 0.531277 0.954323
vt 0.537453 0.954275
vt 0.537453 0.970351
vt 0.531277 0.970400
vt 0.984955 0.102385
vt 0.976554 0.097655
vt 0.984955 0.092577
vt 0.942125 0.225713
vt 0.939737 0.218323
vt 0.951895 0.215906
vt 0.951895 0.225742
vt 0.082400 0.941312
vt 0.091549 0.938029
vt 0.091549 0.947901
vt 0.082400 0.951183
vt 0.188827 0.977713
vt 0.188827 0.987520
vt 0.181119 0.987321
vt 0.181119 0.977513
vt 0.896274 0.958891
vt 0.889414 0.962088
vt 0.889413 0.949298
vt 0.896274 0.946100
vt 0.697570 0.952554
vt 0.690207 0.952747
vt 0.690207 0.936878
vt 0.697570 0.936685
vt 0.956610 0.513271
vt 0.963316 0.510391
vt 0.963316 0.523653
vt 0.956610 0.526533
vt 0.333837 0.987109
vt 0.326164 0.987326
vt 0.326164 0.977393
vt 0.333837 0.977176
vt 0.711307 0.989815
vt 0.711307 0.980007
vt 0.718669 0.980200
vt 0.718669 0.990008
vt 0.837776 0.986233
vt 0.829323 0.981864
vt 0.837776 0.976890
vt 0.023449 0.954472
vt 0.023449 0.964344
vt 0.014333 0.961614
vt 0.014333 0.951743
vt 0.475854 0.933430
vt 0.475854 0.949382
vt 0.468284 0.949008
vt 0.468284 0.933056
vt 0.113397 0.975288
vt 0.113397 0.959419
vt 0.119654 0.959422
vt 0.119654 0.975291
vt 0.659640 0.963396
vt 0.659640 0.978181
vt 0.653390 0.977894
vt 0.653390 0.963110
vt 0.851307 0.097148
vt 0.851307 0.113091
vt 0.836522 0.113050
vt 0.836522 0.097107
vt 0.132972 0.979221
vt 0.141599 0.974538
vt 0.141599 0.984143
vt 0.210614 0.537341
vt 0.210614 0.545637
vt 0.202017 0.545306
vt 0.199751 0.539068
vt 0.163538 0.951969
vt 0.163538 0.942011
vt 0.172648 0.945053
vt 0.172648 0.955011
vt 0.133610 0.924346
vt 0.132972 0.912735
vt 0.143468 0.913939
vt 0.143468 0.926607
vt 0.205748 0.975964
vt 0.205748 0.966031
vt 0.215551 0.966323
vt 0.215551 0.976255
vt 0.866602 0.097324
vt 0.866602 0.113395
vt 0.858929 0.113178
vt 0.858929 0.097107
vt 0.851640 0.950842
vt 0.851640 0.934771
vt 0.858943 0.934894
vt 0.858943 0.950966
vt 0.749920 0.981792
vt 0.743744 0.981921
vt 0.743745 0.967136
vt 0.749920 0.967007
vt 0.783008 0.981681
vt 0.790976 0.976803
vt 0.790976 0.986735
vt 0.433930 0.987416
vt 0.433930 0.977481
vt 0.441495 0.977728
vt 0.441495 0.987664
vt 0.690207 0.970335
vt 0.690207 0.960369
vt 0.700130 0.960880
vt 0.700130 0.970846
vt 0.962754 0.092632
vt 0.968932 0.092577
vt 0.968932 0.108649
vt 0.962753 0.108703
vt 0.979038 0.572584
vt 0.979038 0.587369
vt 0.972867 0.587062
vt 0.972867 0.572277
vt 0.419122 0.953419
vt 0.419122 0.937475
vt 0.426419 0.937561
vt 0.426419 0.953505
vt 0.618531 0.993572
vt 0.622979 0.989354
vt 0.622979 0.996189
vt 0.923442 0.107259
vt 0.928418 0.103052
vt 0.928418 0.108930
vt 0.392605 0.981465
vt 0.384824 0.977519
vt 0.392605 0.969745
vt 0.831176 0.763628
vt 0.826582 0.761367
vt 0.831176 0.759353
vt 0.923377 0.166757
vt 0.928514 0.161472
vt 0.928514 0.167861
vt 0.909052 0.975700
vt 0.917538 0.973525
vt 0.917538 0.984087
vt 0.979518 0.463982
vt 0.971418 0.455359
vt 0.979518 0.452045
vt 0.643411 0.968115
vt 0.643411 0.978170
vt 0.633558 0.978167
vt 0.633557 0.968111
vn 0.4501 -0.2423 -0.8595
vn 0.9505 -0.3106 -0.0020
vn 0.5666 -0.0574 0.8220
vn -0.4298 -0.1621 0.8882
vn 0.5616 -0.0951 0.8219
vn 0.6001 -0.0711 0.7967
vn 0.5999 -0.0711 0.7969
vn 0.6004 -0.0710 0.7965
vn 0.6007 -0.0710 0.7963
vn -0.4653 -0.0539 0.8835
vn 0.4085 -0.3178 -0.8557
vn 0.5013 -0.2100 0.8394
vn 0.5010 -0.2101 0.8396
vn 0.9504 -0.3091 -0.0352
vn 0.9503 -0.3093 -0.0346
vn -0.3057 -0.4736 0.8260
vn 0.4460 -0.0020 -0.8950
vn -0.3438 -0.4049 0.8473
vn -0.5651 -0.1684 -0.8077
vn -0.5653 -0.1685 -0.8075
vn -0.9749 -0.2112 0.0703
vn 0.9302 -0.3657 -0.0318
vn -0.9008 -0.4330 0.0315
vn 0.9712 0.2287 -0.0664
vn -0.3477 -0.3922 0.8517
vn -0.3474 -0.3922 0.8518
vn -0.3471 -0.3923 0.8519
vn -0.5347 -0.1711 -0.8276
vn -0.5662 -0.1690 -0.8068
vn -0.4525 -0.0010 0.8918
vn -0.5165 -0.1349 -0.8456
vn -0.5170 -0.1349 -0.8453
vn 0.5235 -0.1519 0.8384
vn 0.9697 -0.2416 -0.0348
vn -0.9578 -0.2796 0.0666
vn -0.4116 -0.2232 0.8836
vn 0.9759 0.2066 -0.0708
vn -0.4629 -0.0185 0.8862
vn -0.3552 0.9329 -0.0588
vn -0.4437 0.8950 -0.0463
vn -0.1214 0.8717 -0.4747
vn -0.1264 0.8448 -0.5200
vn -0.1259 0.8450 -0.5197
vn 0.4360 0.8083 0.3958
vn 0.4363 0.8080 0.3960
vn 0.6590 0.7490 -0.0681
vn -0.3593 0.9330 -0.0187
vn -0.0731 0.9195 0.3862
vn 0.3806 0.7812 -0.4948
vn 0.3862 0.7416 -0.5485
vn 0.6796 0.7256 -0.1079
vn 0.6793 0.7259 -0.1077
vn 0.1080 0.8587 -0.5010
vn -0.1617 0.9072 0.3885
vn 0.1573 0.8312 0.5333
vn 0.4510 0.8924 0.0145
vn -0.4808 0.7682 -0.4227
vn 0.3741 0.8423 0.3881
vn 0.3439 0.7745 0.5309
vn -0.5144 0.5134 0.6869
vn 0.4821 0.4474 -0.7533
vn -0.5645 0.6832 -0.4632
vn -0.6367 0.6798 -0.3640
vn -0.6367 0.6800 -0.3637
vn 0.5216 0.6122 0.5942
vn 0.2925 0.9462 0.1386
vn 0.2928 0.9461 0.1385
vn 0.4213 0.9053 0.0541
vn 0.5829 0.7040 0.4058
vn -0.0580 0.9250 -0.3756
vn 0.6257 0.7761 -0.0786
vn -0.8498 0.4907 0.1924
vn -0.4105 0.6871 -0.5994
vn -0.1927 0.6198 -0.7607
vn -0.7276 0.6859 0.0131
vn 0.1806 0.7429 0.6446
vn -0.5035 0.8500 -0.1548
vn -0.5030 0.8502 -0.1552
vn -0.0987 0.8910 0.4431
vn -0.2174 0.6998 -0.6805
vn 0.0775 0.7222 0.6873
vn -0.2338 0.8173 -0.5266
vn -0.0800 0.9015 0.4253
vn -0.3411 0.7306 0.5915
vn -0.6825 0.7251 0.0920
vn 0.6428 0.7586 -0.1063
vn 0.5420 0.4270 -0.7238
vn 0.3189 0.7458 -0.5849
vn 0.2605 0.9541 0.1476
vn -0.0782 0.9319 -0.3543
vn -0.0774 0.9317 -0.3548
vn 0.2594 0.7337 -0.6280
vn -0.3900 0.7541 0.5285
vn -0.4676 0.5384 0.7011
vn -0.1027 0.8375 0.5366
vn -0.9272 0.3745 0.0037
vn -0.8628 -0.5056 0.0076
vn -0.8627 -0.5056 0.0071
vn -0.9980 0.0173 0.0602
vn 0.9012 -0.4332 0.0137
vn 0.5034 -0.0328 0.8634
vn -0.5538 -0.0932 -0.8274
vn -0.5534 -0.0930 -0.8277
vn -0.5216 -0.1440 -0.8409
vn 0.5887 -0.0624 0.8059
vn 0.4954 -0.0917 0.8638
vn 0.4951 -0.0917 0.8640
vn -0.4369 0.2635 0.8600
vn -0.4374 0.2634 0.8598
vn -0.5675 -0.1388 -0.8116
vn -0.9970 0.0340 0.0697
vn 0.5116 -0.2314 0.8274
vn 0.4243 -0.2721 -0.8637
vn -0.4898 0.0999 -0.8661
vn 0.3967 -0.3301 -0.8565
vn 0.3966 -0.3302 -0.8566
vn 0.3959 -0.3304 -0.8568
vn 0.3963 -0.3303 -0.8567
vn -0.9636 0.2673 0.0083
vn 0.4247 0.1620 -0.8907
vn 0.9958 0.0548 -0.0727
vn 0.9946 -0.0764 -0.0701
vn 0.4240 -0.3067 -0.8522
vn -0.8930 -0.4490 0.0298
vn 0.5354 -0.0392 0.8437
vn 0.4510 -0.1243 -0.8838
vn -0.5427 -0.0776 -0.8363
vn 0.9378 -0.3448 -0.0412
vn 0.9516 0.3020 -0.0562
vn 0.4161 0.1878 -0.8897
vn 0.4157 0.1879 -0.8899
vn -0.5373 -0.1928 -0.8211
vn 0.3920 0.2702 -0.8794
vn 0.5917 -0.0762 0.8026
vn -0.9986 0.0094 0.0524
vn -0.9977 -0.0091 0.0665
vn -0.4547 0.0977 0.8853
vn -0.5125 -0.1649 -0.8427
vn 0.0612 0.8761 -0.4782
vn -0.5123 0.4675 0.7204
vn -0.6355 0.6985 -0.3290
vn -0.8759 0.4463 0.1836
vn -0.4649 0.8854 -0.0067
vn 0.3816 -0.4181 -0.8244
vn 0.3813 -0.4181 -0.8245
vn 0.3811 -0.4182 -0.8246
vn -0.4288 0.3047 0.8505
vn 0.0387 0.7435 0.6676
vn 0.9234 0.3837 -0.0064
vn 0.4491 0.8153 0.3655
vn 0.4491 0.8149 0.3663
vn 0.8509 0.4911 -0.1866
vn -0.8521 0.5079 0.1268
vn -0.4363 -0.3630 -0.8234
vn -0.3513 0.8930 -0.2814
vn -0.3509 0.8930 -0.2819
vn 0.6780 0.5492 0.4885
vn -0.3444 0.9354 -0.0802
vn -0.8587 -0.3331 -0.3896
vn 0.4112 0.9099 0.0548
vn -0.1702 -0.1767 -0.9694
vn 0.2363 -0.8926 0.3840
vn 0.3169 -0.3287 0.8897
vn 0.3242 -0.3318 0.8859
vn 0.3225 -0.3264 0.8885
vn -0.2217 0.9556 -0.1942
vn -0.0348 -0.9143 -0.4036
vn 0.4381 -0.4182 -0.7957
vn -0.9134 -0.2921 0.2835
vn 0.9671 -0.2536 0.0192
vn 0.4495 -0.4181 0.7894
vn 0.1887 0.9010 -0.3907
vn 0.8397 0.5403 0.0546
vn -0.6550 -0.2595 0.7097
vn -0.9578 -0.2854 -0.0341
vn 0.2773 -0.9512 -0.1356
vn 0.2770 -0.9513 -0.1356
vn -0.3310 0.6897 0.6441
vn -0.1087 -0.3010 0.9474
vn 0.3722 0.8808 -0.2926
vn -0.2703 -0.3626 -0.8919
vn -0.9105 -0.2292 -0.3442
vn -0.7117 -0.2718 0.6478
vn 0.9357 -0.0745 0.3450
vn -0.2539 0.8764 0.4092
vn 0.0149 -0.9279 0.3726
vn -0.2470 -0.4284 -0.8692
vn 0.0033 -0.1888 -0.9820
vn 0.0334 -0.4641 0.8851
vn 0.5023 -0.4079 -0.7625
vn 0.7284 -0.4016 0.5551
vn -0.0961 0.9586 0.2681
vn -0.3332 -0.0833 0.9392
vn 0.0933 -0.4129 0.9060
vn 0.9410 0.2530 -0.2246
vn -0.8144 -0.1747 -0.5534
vn 0.8365 0.4276 -0.3427
vn -0.7197 -0.5798 -0.3819
vn 0.2324 0.1842 -0.9550
vn -0.8868 0.4351 -0.1558
vn 0.1541 0.6568 -0.7382
vn 0.1539 0.6566 -0.7384
vn 0.3051 -0.9326 -0.1929
vn -0.3200 -0.3935 -0.8618
vn -0.3000 0.9534 0.0322
vn -0.4469 -0.8938 0.0378
vn -0.6418 -0.3335 -0.6906
vn -0.5827 -0.0021 0.8127
vn -0.0895 -0.4610 0.8829
vn 0.8770 -0.0136 0.4803
vn -0.5560 -0.5176 -0.6503
vn 0.8470 -0.0307 -0.5307
vn -0.0369 0.9444 0.3266
vn -0.5356 0.8442 0.0218
vn 0.6709 0.4212 0.6103
vn 0.8712 0.4100 0.2700
vn -0.2381 0.8236 -0.5148
vn 0.4807 0.7746 0.4110
vn 0.0003 0.5067 -0.8621
vn -0.3609 0.5592 -0.7464
vn -0.0216 0.8309 0.5560
vn 0.2961 0.8899 -0.3470
vn -0.8550 0.4605 0.2386
vn -0.7063 0.3959 0.5868
vn 0.5737 0.7903 0.2153
vn -0.2679 0.8807 -0.3907
vn -0.1977 0.3822 0.9027
vn 0.1904 0.3491 0.9175
vn 0.3512 0.8461 -0.4011
vn -0.7847 0.5801 -0.2184
vn 0.8465 0.4502 -0.2842
vn 0.6278 0.4826 -0.6107
vn -0.1106 0.8506 0.5140
vn 0.0455 0.7633 0.6444
vn 0.5260 0.5475 -0.6508
vn 0.1682 0.5829 -0.7950
vn -0.4268 0.7947 0.4316
vn 0.6716 0.7316 0.1172
vn -0.4167 0.5615 -0.7149
vn -0.6716 0.5967 -0.4391
vn 0.2369 0.7790 0.5805
vn 0.4795 0.8482 -0.2251
vn -0.8424 0.5344 -0.0698
vn -0.8273 0.4729 0.3033
vn 0.5332 0.7440 0.4027
vn 0.0714 0.7042 -0.7064
vn -0.4476 0.6939 0.5641
vn -0.1120 0.6524 0.7496
vn 0.6390 0.6285 -0.4435
vn -0.5818 0.7712 0.2586
vn 0.8002 0.5732 0.1763
vn 0.8019 0.5563 -0.2181
vn -0.5784 0.7351 -0.3537
vn -0.5437 0.8084 -0.2256
vn 0.4686 0.5437 0.6963
vn 0.7543 0.4992 0.4264
vn -0.1162 0.7397 -0.6629
vn 0.7129 0.4533 -0.5351
vn -0.7338 0.6793 0.0057
vn -0.6951 0.6951 0.1836
vn 0.8778 0.4575 -0.1419
vn -0.7063 0.5557 0.4385
vn -0.1508 0.4879 -0.8598
vn -0.3906 0.8310 0.3961
vn -0.0543 0.8879 0.4569
vn 0.2622 0.5251 -0.8097
vn 0.5025 0.8484 0.1662
vn 0.4501 0.8661 -0.2173
vn 0.8239 0.2785 0.4936
vn -0.0757 0.9080 -0.4121
vn -0.3668 0.9138 -0.1745
vn -0.3653 0.9158 -0.1666
vn -0.3612 0.9165 -0.1718
vn 0.3328 0.2938 0.8961
vn -0.4720 0.8802 -0.0487
vn 0.5367 -0.8435 -0.0236
vn -0.6692 -0.4218 -0.6118
vn -0.8721 -0.4102 -0.2668
vn 0.2369 -0.8225 0.5170
vn -0.4823 -0.7740 -0.4104
vn -0.0023 -0.5068 0.8620
vn 0.3632 -0.5597 0.7448
vn 0.0233 -0.8306 -0.5564
vn -0.2954 -0.8894 0.3488
vn 0.8551 -0.4614 -0.2366
vn 0.7044 -0.3957 -0.5893
vn -0.5749 -0.7888 -0.2173
vn 0.2699 -0.8800 0.3909
vn 0.1997 -0.3830 -0.9019
vn -0.1936 -0.3492 -0.9168
vn -0.3536 -0.8450 0.4013
vn 0.7841 -0.5791 0.2231
vn -0.8470 -0.4505 0.2821
vn -0.6255 -0.4830 0.6128
vn 0.1090 -0.8496 -0.5160
vn -0.0474 -0.7627 -0.6450
vn -0.5279 -0.5477 0.6491
vn -0.1647 -0.5833 0.7954
vn 0.4285 -0.7944 -0.4306
vn -0.6729 -0.7306 -0.1160
vn 0.4148 -0.5617 0.7159
vn 0.6730 -0.5971 0.4366
vn -0.2353 -0.7781 -0.5824
vn -0.4796 -0.8476 0.2271
vn 0.8417 -0.5351 0.0718
vn 0.8263 -0.4726 -0.3063
vn -0.5336 -0.7424 -0.4050
vn -0.0696 -0.7036 0.7072
vn 0.4490 -0.6944 -0.5623
vn 0.1088 -0.6520 -0.7504
vn -0.6412 -0.6271 0.4423
vn 0.5817 -0.7705 -0.2608
vn -0.7993 -0.5737 -0.1786
vn -0.8009 -0.5562 0.2215
vn 0.5783 -0.7340 0.3562
vn 0.5451 -0.8079 0.2242
vn -0.4666 -0.5443 -0.6971
vn -0.7560 -0.4990 -0.4236
vn 0.1145 -0.7384 0.6645
vn -0.7173 -0.4504 0.5317
vn 0.7339 -0.6793 -0.0052
vn 0.6950 -0.6950 -0.1844
vn -0.8790 -0.4541 0.1451
vn 0.7048 -0.5546 -0.4425
vn 0.1505 -0.4866 0.8606
vn 0.3934 -0.8304 -0.3947
vn 0.0497 -0.8882 -0.4568
vn -0.2634 -0.5236 0.8102
vn -0.5015 -0.8483 -0.1698
vn -0.4482 -0.8659 0.2220
vn -0.8257 -0.2771 -0.4914
vn 0.0726 -0.9078 0.4131
vn 0.3681 -0.9154 0.1630
vn 0.3639 -0.9162 0.1681
vn 0.3597 -0.9186 0.1637
vn -0.3297 -0.2924 -0.8977
vn 0.4734 -0.8794 0.0511
vn -0.5322 -0.3391 0.7758
vn 0.0786 -0.7173 -0.6923
vn -0.4412 -0.3298 -0.8346
vn 0.0295 -0.9469 0.3201
vn 0.7382 -0.4777 0.4763
vn 0.1304 0.9530 -0.2735
vn 0.1301 0.9529 -0.2738
vn 0.7722 0.4336 -0.4644
vn 0.3774 0.6993 0.6071
vn -0.4766 0.7325 0.4861
vn -0.2100 -0.9205 -0.3296
vn 0.3349 -0.5678 0.7519
vn -0.7217 -0.5887 -0.3642
vn 0.8840 -0.4183 0.2088
vn 0.8171 -0.3216 -0.4784
vn 0.6733 -0.7384 0.0385
vn 0.4027 0.6307 0.6633
vn -0.9365 -0.2038 -0.2854
vn 0.0894 0.9939 -0.0646
vn 0.0889 0.9940 -0.0645
vn -0.9570 -0.2876 0.0380
vn 0.3964 0.8684 0.2980
vn -0.7600 -0.2463 0.6014
vn 0.0698 0.0599 0.9958
vn -0.5766 -0.3095 -0.7562
vn -0.4011 -0.3419 0.8499
vn -0.3313 0.8778 -0.3460
vn -0.3223 -0.1863 -0.9281
vn 0.1742 -0.3797 -0.9086
vn -0.1601 -0.8842 0.4388
vn 0.5753 -0.2436 -0.7808
vn 0.5776 -0.2515 -0.7766
vn 0.5731 -0.2495 -0.7806
vn -0.0294 0.9494 -0.3128
vn -0.3128 0.9023 0.2965
vn -0.8345 -0.3175 0.4502
vn -0.8346 -0.3168 0.4506
vn -0.8346 -0.3172 0.4504
vn 0.6411 -0.4182 -0.6435
vn 0.4147 -0.4600 -0.7851
vn -0.0928 -0.1752 -0.9801
vn 0.9104 -0.4049 -0.0845
vn 0.0998 -0.9573 -0.2712
vn -0.1883 -0.3916 -0.9007
vn -0.1887 -0.3911 -0.9008
vn -0.9041 -0.2658 0.3347
vn -0.4097 -0.1806 -0.8942
vn -0.4229 -0.3377 -0.8409
vn -0.9245 -0.3788 0.0428
vn -0.5467 -0.8335 -0.0801
vn -0.9177 -0.3726 0.1381
vn 0.0085 -0.8354 -0.5496
vn -0.4770 -0.1852 -0.8591
vn -0.3995 -0.8229 0.4041
vn 0.8482 -0.4335 -0.3044
vn 0.9673 -0.0865 0.2382
vn 0.6636 -0.4759 -0.5771
vn 0.6635 -0.4757 -0.5775
vn 0.6636 -0.4759 -0.5772
vn 0.2332 -0.9323 -0.2765
vn 0.3034 -0.9522 -0.0351
vn -0.2418 -0.0683 0.9679
vn -0.3014 0.9334 0.1946
vn 0.2107 -0.9718 -0.1059
vn -0.0314 0.2595 0.9652
vn 0.1571 0.8866 -0.4350
vn 0.2264 -0.9470 -0.2277
vn 0.2264 -0.9472 -0.2272
vn 0.1453 0.8749 0.4619
vn -0.9473 -0.3186 0.0341
vn 0.3459 -0.9344 0.0849
vn 0.0596 -0.5360 0.8421
vn 0.6465 -0.4875 -0.5868
vn 0.4736 -0.3452 -0.8102
vn -0.0141 0.9288 -0.3702
vn -0.3833 0.8487 -0.3644
vn 0.5051 -0.2722 0.8190
vn 0.2216 -0.9545 0.1993
vn 0.0561 0.5798 -0.8128
vn -0.2012 -0.7957 0.5713
vn -0.2021 -0.7958 0.5708
vn -0.2022 -0.7958 0.5707
vn -0.2017 -0.7958 0.5711
vn -0.0586 -0.5780 0.8139
vn -0.0124 -0.9320 0.3623
vn 0.2075 0.9221 0.3265
vn 0.2078 0.9221 0.3265
vn -0.6332 0.7579 0.1569
vn 0.5316 0.6232 -0.5735
vn 0.4081 0.8883 0.2108
vn 0.5205 0.2644 -0.8119
vn -0.1744 -0.8892 -0.4231
vn 0.7781 -0.5469 -0.3091
vn 0.7781 -0.5467 -0.3094
vn 0.7155 -0.5609 -0.4166
vn -0.4116 -0.9065 0.0943
vn -0.0111 -0.0991 0.9950
vn 0.0104 -0.2954 -0.9553
vn 0.9215 -0.3884 0.0082
vn 0.0378 0.9159 0.3996
vn 0.0795 0.9527 0.2934
vn -0.5270 -0.3409 -0.7784
vn 0.5878 -0.2522 -0.7687
vn 0.5927 -0.2525 -0.7648
vn 0.5908 -0.2585 -0.7643
vn 0.1733 -0.1831 -0.9677
vn 0.2527 -0.8733 -0.4165
vn -0.6843 -0.4646 0.5620
vn 0.4305 -0.7957 -0.4262
vn -0.9267 0.0093 0.3756
vn 0.8303 0.4985 0.2493
vn 0.8301 0.4987 0.2495
vn -0.6239 0.6659 -0.4090
vn -0.3947 -0.4215 -0.8164
vn 0.3360 -0.6315 0.6988
vn 0.3365 -0.6313 0.6987
vn 0.3359 -0.6315 0.6988
vn -0.3031 0.9466 -0.1098
vn -0.2983 0.9486 -0.1056
vn -0.3017 0.9462 -0.1165
vn -0.4172 -0.8932 0.1679
vn 0.0548 -0.9282 -0.3680
vn 0.7828 -0.4300 -0.4498
vn -0.5680 -0.5431 0.6184
vn 0.0310 -0.4607 0.8870
vn 0.1520 -0.3207 0.9349
vn 0.7344 -0.2705 -0.6225
vn 0.3109 0.8293 -0.4643
vn 0.9806 -0.1739 -0.0900
vn -0.5888 -0.5648 0.5783
vn -0.5884 -0.5644 0.5790
vn -0.5882 -0.5642 0.5794
vn 0.3789 -0.1916 -0.9054
vn 0.1829 0.6515 0.7363
vn -0.9169 -0.0495 0.3961
vn -0.6880 -0.2260 0.6896
vn 0.2942 -0.9554 0.0253
vn -0.8865 -0.1394 0.4412
vn -0.9276 0.0972 0.3608
vn 0.8841 -0.4297 0.1840
vn -0.0834 0.9109 -0.4041
vn -0.9225 0.2406 -0.3017
vn 0.8785 0.4733 -0.0657
vn 0.8512 -0.5241 0.0281
vn 0.7135 -0.6078 -0.3486
vn -0.5299 -0.2461 -0.8116
vn 0.5289 -0.4169 0.7392
vn 0.2571 -0.4993 0.8274
vn 0.0799 -0.2931 -0.9528
vn -0.6571 -0.3258 0.6798
vn 0.7820 -0.4623 0.4179
vn 0.7824 -0.4616 0.4181
vn 0.7822 -0.4620 0.4180
vn 0.3998 0.8251 -0.3993
vn 0.3838 -0.5318 0.7549
vn -0.3921 0.8699 0.2993
vn -0.0603 0.9800 -0.1899
vn -0.3105 -0.9242 -0.2224
vn -0.9783 -0.0625 -0.1975
vn 0.1915 0.8717 0.4511
vn -0.9056 -0.4054 -0.1248
vn -0.7457 0.1109 -0.6570
vn 0.9198 -0.3697 -0.1318
vn -0.1924 0.5181 0.8334
vn -0.9491 -0.2893 -0.1245
vn -0.1827 0.9512 -0.2487
vn -0.0021 0.8375 0.5465
vn -0.8102 -0.5606 -0.1711
vn 0.4495 -0.5430 0.7093
vn -0.8315 -0.4977 -0.2468
vn -0.8319 -0.4973 -0.2462
vn -0.0909 -0.9745 0.2052
vn 0.6544 0.7539 -0.0584
vn 0.2279 0.8849 0.4063
vn -0.2299 0.9638 -0.1351
vn 0.2281 -0.4753 -0.8498
vn -0.1919 -0.8989 0.3939
vn 0.9014 -0.4323 0.0245
vn 0.9012 -0.4327 0.0245
vn 0.7268 0.6561 0.2032
vn 0.6034 0.7966 -0.0378
vn 0.0499 -0.4380 -0.8976
vn -0.4362 -0.8891 -0.1389
vn -0.4356 -0.8892 -0.1397
vn -0.4999 0.8616 -0.0879
vn -0.9139 -0.1796 0.3641
vn -0.0239 0.2613 0.9650
vn 0.8331 0.1238 -0.5391
vn -0.1634 -0.6919 0.7033
vn 0.0708 -0.4819 -0.8734
vn 0.8284 -0.4134 0.3779
vn -0.0656 -0.9079 0.4140
vn 0.5859 -0.4166 0.6951
vn -0.2955 0.5063 -0.8101
vn -0.4222 0.2607 0.8682
vn 0.6146 -0.3269 -0.7179
vn 0.7156 0.0969 0.6918
vn 0.3419 -0.6293 0.6979
vn -0.3457 0.9182 0.1936
vn -0.3459 0.9182 0.1932
vn -0.7702 -0.6286 0.1080
vn 0.6943 -0.4736 -0.5419
vn -0.2364 0.7600 0.6054
vn -0.3435 0.6310 -0.6956
vn -0.8709 -0.2631 -0.4151
vn 0.9044 0.2647 0.3346
vn 0.1155 -0.9457 -0.3039
vn 0.1160 -0.9457 -0.3038
vn -0.4005 -0.8841 0.2406
vn -0.4001 -0.8843 0.2406
vn 0.3497 -0.9168 -0.1926
vn 0.7517 -0.4320 0.4982
vn 0.5873 -0.8026 -0.1040
vn -0.4587 -0.3399 0.8210
vn 0.8136 -0.5475 -0.1958
vn 0.0319 -0.2942 0.9552
vn 0.4228 0.0651 -0.9039
vn -0.2743 0.9525 0.1324
vn -0.1875 -0.8020 0.5672
vn 0.4508 0.8450 -0.2878
vn 0.0907 0.9755 -0.2002
vn 0.2443 -0.3796 0.8923
vn -0.5860 0.8031 0.1076
vn 0.6334 -0.7573 -0.1587
vn 0.4373 -0.7601 -0.4806
vn -0.1643 0.8506 0.4995
vn 0.6776 -0.4166 0.6060
vn -0.9030 -0.2542 -0.3463
vn 0.5142 -0.2060 -0.8326
vn -0.1540 0.6467 0.7470
vn 0.9941 -0.1073 -0.0157
vn -0.5209 0.8153 -0.2528
vn -0.5213 0.8152 -0.2525
vn -0.5218 0.8150 -0.2519
vn -0.1677 -0.5614 -0.8104
vn 0.7450 -0.4433 -0.4984
vn 0.0654 0.9100 -0.4095
vn 0.3267 -0.9370 0.1237
vn 0.3263 -0.9371 0.1240
vn 0.6907 -0.4062 0.5983
vn 0.6910 -0.4059 0.5982
vn 0.3612 0.7936 0.4896
vn -0.8422 -0.2781 0.4619
vn 0.9787 0.1080 -0.1745
vn 0.3180 -0.9007 -0.2959
vn 0.3177 -0.9009 -0.2957
vn 0.3032 -0.9464 0.1118
vn 0.3077 -0.9454 0.1073
vn 0.3116 -0.9435 0.1124
vn 0.4078 0.8975 0.1681
vn 0.4077 0.8976 0.1678
vn -0.2435 -0.8488 -0.4692
vn 0.5194 0.8456 -0.1233
vn -0.0529 -0.9565 -0.2869
vn 0.1963 0.7966 -0.5717
vn 0.8743 -0.3631 -0.3222
vn -0.5284 0.0377 -0.8481
vn -0.5243 -0.8429 0.1212
vn -0.8243 -0.2555 -0.5053
vn -0.0134 -0.4115 -0.9113
vn -0.0133 -0.4111 -0.9115
vn -0.6899 -0.2321 0.6857
vn 0.8669 -0.4473 -0.2202
vn 0.8667 -0.4476 -0.2201
vn -0.9455 -0.3155 -0.0809
vn 0.0101 0.9336 -0.3581
vn 0.9747 -0.2077 -0.0823
vn -0.8988 -0.3953 0.1894
vn -0.1343 -0.9529 0.2718
vn -0.3852 -0.8940 -0.2287
vn -0.3849 -0.8942 -0.2286
vn 0.5210 -0.8132 0.2595
vn 0.5213 -0.8131 0.2592
vn -0.5409 0.3590 0.7606
vn -0.4701 0.6623 -0.5834
vn -0.7453 -0.2889 -0.6009
vn -0.4157 -0.8831 -0.2173
vn 0.6233 0.7819 0.0128
vn 0.0877 -0.9095 0.4063
vn -0.4008 -0.8664 -0.2979
vn -0.4005 -0.8666 -0.2976
vn -0.2476 0.9469 -0.2054
vn -0.2474 0.9470 -0.2051
vn -0.2328 0.9338 0.2717
vn -0.3334 0.6319 -0.6997
vn 0.7039 0.6410 0.3061
vn -0.9631 -0.2130 0.1644
vn -0.2475 0.7398 -0.6256
vn -0.4329 0.7977 0.4199
vn 0.4326 0.8907 0.1394
vn 0.4322 0.8908 0.1401
vn 0.1842 0.8034 -0.5662
vn 0.1219 -0.5087 0.8522
vn 0.0297 -0.9293 0.3681
vn 0.0298 -0.9295 0.3676
vn 0.0926 0.9313 -0.3522
vn 0.2403 -0.7592 -0.6049
vn 0.4455 -0.4986 0.7436
vn 0.4454 -0.4971 0.7446
vn 0.4455 -0.4977 0.7442
vn 0.4455 -0.4982 0.7439
vn -0.0816 0.7189 0.6903
vn 0.0413 -0.8323 -0.5528
vn 0.8148 0.5360 -0.2208
vn -0.2358 0.8949 -0.3789
vn 0.5965 0.3032 0.7431
vn -0.4548 -0.8434 0.2861
vn -0.5582 -0.3930 0.7307
vn 0.2942 -0.9557 0.0105
vn -0.1053 -0.4282 -0.8975
vn -0.6037 -0.5131 -0.6101
vn 0.5027 -0.8603 0.0845
vn -0.2899 0.9567 -0.0240
vn 0.3765 0.8982 -0.2270
vn 0.3761 0.8984 -0.2268
vn -0.3786 -0.8963 0.2309
vn -0.3783 -0.8964 0.2308
vn -0.5350 -0.6211 0.5727
vn -0.2495 0.0124 -0.9683
vn -0.9092 0.2912 0.2975
vn -0.1885 -0.8709 -0.4538
vn 0.1278 0.2150 -0.9682
vn 0.3287 -0.6873 -0.6478
vn -0.7273 -0.6545 -0.2067
vn 0.3976 0.8862 -0.2377
vn 0.5231 -0.8459 0.1040
vn -0.1464 -0.8720 -0.4671
vn -0.4104 -0.8861 -0.2155
vn 0.1217 -0.8571 0.5005
vn 0.6052 0.5147 0.6073
vn -0.1987 0.9389 0.2811
vn -0.2071 0.9728 0.1041
vn -0.3653 -0.9080 0.2050
vn -0.3654 -0.9079 0.2053
vn 0.5904 0.5653 -0.5760
vn 0.2626 0.9595 -0.1015
vn -0.9658 -0.2508 -0.0657
vn -0.0944 -0.9293 0.3570
vn -0.2665 -0.9580 0.1060
vn 0.2502 -0.9529 -0.1716
vn -0.4157 -0.9077 -0.0574
vn -0.0655 -0.1540 -0.9859
vn 0.0514 0.9584 0.2809
vn -0.7399 -0.3093 -0.5974
vn 0.2923 -0.9538 0.0690
vn 0.2926 -0.9537 0.0691
vn 0.1300 0.9892 0.0675
vn -0.7087 -0.6381 -0.3009
vn -0.4007 -0.6295 -0.6657
vn 0.8880 -0.0813 0.4526
vn -0.5429 -0.0147 -0.8397
vn 0.2346 0.0920 0.9677
vn 0.8931 -0.4493 -0.0238
vn 0.0402 -0.9428 -0.3308
vn -0.7091 0.1400 -0.6910
vn -0.0801 -0.4868 0.8698
vn -0.0798 -0.4865 0.8700
vn 0.1639 -0.8481 -0.5038
vn 0.1637 -0.8484 -0.5035
vn 0.2679 -0.4438 -0.8551
vn -0.1307 -0.9890 -0.0693
vn -0.1310 -0.9890 -0.0690
vn -0.1306 -0.9890 -0.0696
vn -0.1301 -0.9890 -0.0702
vn -0.7827 0.6155 -0.0922
vn -0.6968 0.5556 -0.4536
vn -0.6054 -0.7952 0.0345
vn -0.7087 -0.3170 0.6303
vn -0.8347 -0.4885 -0.2542
vn -0.6344 0.5999 0.4874
vn -0.3857 -0.1544 -0.9096
vn 0.8380 -0.5113 0.1908
vn 0.7590 0.6066 0.2366
vn -0.0983 -0.1643 -0.9815
vn 0.4939 -0.4814 0.7241
vn 0.7831 -0.6145 0.0954
vn -0.7413 -0.6335 0.2217
vn -0.4271 -0.2825 -0.8589
vn -0.8039 -0.2480 0.5406
vn 0.5568 -0.3872 -0.7348
vn 0.5568 -0.3868 -0.7351
vn -0.2375 -0.8074 0.5401
vn -0.8869 -0.3094 -0.3431
vn -0.8870 -0.3091 -0.3432
vn 0.0582 -0.3576 -0.9320
vn 0.8392 -0.4455 -0.3120
vn 0.8364 -0.4511 -0.3114
vn 0.8368 -0.4480 -0.3148
vn 0.9877 0.1546 -0.0232
vn 0.9839 0.0204 0.1774
vn 0.8662 -0.4061 0.2910
vn 0.8639 -0.4123 0.2891
vn 0.8665 -0.4086 0.2867
vn 0.4759 -0.7300 -0.4905
vn -0.7963 -0.2629 0.5448
vn 0.1717 0.8908 0.4206
vn 0.1711 0.8909 0.4208
vn -0.9407 -0.3014 0.1555
vn 0.4140 0.8952 -0.1650
vn -0.2857 -0.3376 0.8969
vn -0.4961 -0.3114 0.8105
vn 0.8484 -0.4380 -0.2972
vn 0.8483 -0.4407 -0.2936
vn 0.8483 -0.4404 -0.2940
vn 0.8458 -0.4440 -0.2957
vn 0.9070 -0.4209 0.0128
vn -0.9291 -0.3681 -0.0365
vn -0.9292 -0.3678 -0.0367
vn -0.9292 -0.3677 -0.0367
vn 0.3351 -0.8764 0.3458
vn -0.8123 0.5484 0.1987
vn 0.3501 -0.5053 0.7888
vn 0.3922 -0.3789 -0.8382
vn 0.3066 0.9259 0.2208
vn 0.8612 -0.3372 0.3804
vn -0.8990 -0.2071 -0.3860
vn 0.6262 -0.6652 0.4067
vn -0.7782 0.5484 0.3061
vn -0.3490 0.9217 -0.1691
vn -0.3589 -0.7925 -0.4931
vn -0.0272 0.9306 -0.3650
vn 0.0475 -0.1506 -0.9875
vn 0.8510 -0.5027 0.1521
vn -0.2501 0.9533 0.1695
vn 0.2365 -0.1886 -0.9531
vn -0.3820 -0.6972 -0.6066
vn -0.2887 0.9548 -0.0705
vn 0.0103 -0.3292 -0.9442
vn -0.8268 0.3590 -0.4330
vn 0.2509 -0.7383 0.6261
vn 0.5064 -0.4034 0.7621
vn 0.2000 -0.1318 0.9709
vn -0.1168 0.8588 -0.4989
vn -0.8838 -0.2325 -0.4060
vn -0.1757 -0.6486 -0.7406
vn -0.3816 -0.3384 0.8602
vn 0.2462 0.5965 0.7639
vn -0.8167 -0.5341 0.2184
vn 0.0687 -0.3100 0.9483
vn -0.6262 -0.7796 -0.0096
vn 0.6378 -0.4712 0.6093
vn 0.0544 -0.2098 -0.9762
vn 0.5418 0.8362 0.0857
vn 0.1899 0.4378 0.8788
vn 0.1895 0.4381 0.8787
vn -0.0431 0.8349 0.5487
vn -0.0432 0.8347 0.5491
vn -0.7380 0.6746 0.0161
vn 0.1655 -0.3581 -0.9189
vn 0.6117 -0.4565 -0.6461
vn 0.5886 -0.3924 -0.7069
vn 0.5909 -0.3956 -0.7031
vn 0.5872 -0.3998 -0.7038
vn 0.3873 -0.8476 0.3627
vn -0.1928 -0.4367 -0.8787
vn -0.1931 -0.4365 -0.8787
vn -0.8185 -0.2228 -0.5296
vn -0.8540 -0.2293 -0.4670
vn 0.5743 -0.4006 -0.7140
vn 0.5720 -0.4076 -0.7118
vn 0.5701 -0.4038 -0.7155
vn -0.9439 -0.2925 -0.1532
vn -0.6563 -0.7519 0.0628
vn 0.8004 -0.4578 -0.3870
vn -0.3763 -0.8788 0.2933
vn 0.3657 -0.4640 0.8068
vn -0.2236 0.9487 0.2236
vn -0.9979 0.0413 0.0506
vn -0.9125 0.3548 0.2035
vn 0.5808 -0.4286 0.6920
vn 0.2344 -0.9624 0.1374
vn -0.4342 0.7612 0.4816
vn -0.0943 -0.9935 0.0640
vn 0.8940 -0.4338 0.1126
vn -0.6200 -0.3049 0.7229
vn -0.6199 -0.3052 0.7229
vn 0.9334 -0.0960 0.3458
vn 0.2394 0.8512 0.4670
vn -0.1502 -0.6557 0.7400
vn 0.4462 0.8941 -0.0399
vn 0.4463 0.8940 -0.0402
vn -0.1235 0.5689 -0.8131
vn -0.1703 -0.1989 -0.9651
vn 0.0619 -0.1637 0.9846
vn -0.6083 -0.2497 0.7534
vn -0.9350 -0.3476 0.0702
vn -0.0604 0.9289 0.3654
vn 0.1851 -0.9498 0.2522
vn 0.1854 -0.9500 0.2513
vn 0.2049 -0.9365 -0.2846
vn 0.4082 0.9081 -0.0934
vn 0.4244 -0.5166 -0.7437
vn -0.6649 0.4774 0.5745
vn 0.2911 -0.3232 0.9005
vn 0.2918 -0.3289 0.8981
vn 0.2978 -0.3278 0.8966
vn -0.7053 -0.2697 0.6556
vn -0.4026 -0.2232 -0.8877
vn -0.3235 0.9382 -0.1227
vn 0.6227 -0.1774 -0.7621
vn 0.2418 -0.3851 0.8906
vn 0.2419 -0.3847 0.8908
vn -0.2250 0.4766 0.8499
vn 0.2516 -0.9456 0.2063
vn 0.2517 -0.9455 0.2066
vn 0.3716 0.9283 -0.0126
vn -0.6722 0.7394 -0.0382
vn -0.0205 -0.3205 0.9470
vn -0.3767 -0.9262 0.0135
vn -0.0792 -0.9511 -0.2987
vn -0.4116 -0.8954 -0.1700
vn -0.4117 -0.8952 -0.1704
vn 0.0617 -0.9790 0.1944
vn 0.3954 -0.8678 -0.3010
vn -0.8637 -0.3064 0.4002
vn 0.3945 -0.2983 0.8691
vn 0.4061 -0.3611 -0.8395
vn 0.3652 0.9093 -0.1995
vn 0.7414 -0.2377 0.6275
vn 0.4158 0.8842 0.2129
vn -0.4217 -0.3362 0.8421
vn 0.8629 -0.3995 0.3095
vn 0.8604 -0.4028 0.3122
vn 0.8601 -0.4063 0.3085
vn 0.1373 -0.3091 0.9411
vn 0.1082 -0.8361 0.5378
vn -0.2939 0.6779 -0.6739
vn 0.3496 -0.9212 0.1709
vn -0.2471 -0.3369 0.9085
vn -0.2308 -0.8822 -0.4105
vn 0.4674 0.6974 -0.5433
vn 0.2404 0.8088 -0.5366
vn 0.3508 -0.8909 0.2887
vn 0.3510 -0.8909 0.2884
vn 0.3515 -0.8909 0.2876
vn -0.8991 -0.2741 0.3414
vn -0.2897 0.9571 -0.0097
vn 0.8426 -0.2525 0.4756
vn 0.6887 -0.4923 0.5322
vn -0.3106 -0.8281 0.4666
vn -0.1105 0.8375 -0.5351
vn 0.3838 0.8957 0.2246
vn 0.3833 0.8959 0.2245
vn 0.2687 -0.1644 -0.9491
vn -0.5231 0.8464 -0.1000
vn 0.5597 -0.0261 0.8283
vn -0.6809 0.3860 -0.6224
vn 0.6844 -0.4175 -0.5977
vn 0.7411 0.6351 -0.2178
vn 0.6333 0.4967 -0.5935
vn -0.8600 -0.2237 0.4587
vn 0.5828 -0.6453 0.4939
vn -0.9430 -0.1866 0.2756
vn 0.0764 -0.1670 0.9830
vn 0.7168 0.5817 0.3844
vn 0.7171 0.5815 0.3842
vn -0.1122 0.9466 0.3024
vn -0.1125 0.9466 0.3022
vn -0.7959 -0.2957 0.5283
vn 0.7627 -0.4019 0.5067
vn -0.8034 -0.3811 0.4576
vn 0.8665 0.3843 -0.3186
vn -0.4620 0.2814 0.8411
vn 0.9047 0.1019 -0.4136
vn 0.2766 0.6036 0.7477
vn 0.4978 0.4702 -0.7288
vn -0.5182 0.7729 0.3663
vn 0.4199 -0.0765 -0.9043
vn -0.7195 0.6835 -0.1230
vn -0.4125 -0.6576 -0.6304
vn -0.4130 -0.6577 -0.6300
vn -0.9483 0.1934 0.2515
vn 0.9438 -0.3064 -0.1240
vn 0.0569 0.2956 0.9536
vn 0.9812 -0.1612 0.1061
vn 0.4899 -0.8699 0.0572
vn -0.4967 -0.2812 0.8211
vn 0.1021 -0.4087 -0.9069
vn -0.2977 -0.4605 0.8362
vn -0.3412 -0.2767 -0.8983
vn -0.0906 -0.0361 0.9952
vn 0.1449 -0.1268 0.9813
vn -0.6296 0.3474 -0.6950
vn 0.8476 -0.5046 0.1642
vn 0.6302 0.2810 -0.7238
vn 0.8520 -0.5029 0.1457
vn -0.7149 0.5280 0.4583
vn 0.8010 -0.4515 0.3932
vn -0.2439 0.1726 0.9543
vn 0.1732 0.0013 -0.9849
vn -0.9251 0.3270 -0.1933
vn 0.7490 -0.6020 -0.2768
vn 0.7571 -0.6319 -0.1659
vn 0.7756 -0.6304 -0.0324
vn -0.8022 -0.3368 -0.4930
vn 0.6536 0.4223 0.6280
vn -0.7080 0.6582 0.2561
vn -0.7537 0.6255 -0.2018
vn 0.9061 0.2958 0.3023
vn 0.3659 -0.3265 -0.8715
vn -0.5347 0.3827 0.7535
vn -0.1603 0.3134 0.9360
vn 0.4224 -0.8628 0.2776
vn 0.6634 -0.6644 0.3441
vn 0.7466 -0.6648 -0.0246
vn 0.7370 -0.6547 0.1680
vn 0.3527 -0.3611 -0.8632
vn 0.5185 -0.2777 0.8087
vn 0.9757 0.1607 -0.1490
vn -0.5053 -0.4967 0.7057
vn -0.4194 0.1633 0.8930
vn 0.7427 -0.0776 -0.6651
vn 0.5510 0.7405 0.3847
vn -0.6455 -0.6977 0.3107
vn -0.6456 -0.6978 0.3103
vn 0.4263 -0.7890 -0.4424
vn 0.4236 -0.7914 -0.4407
vn 0.4223 -0.7798 -0.4622
vn 0.8771 -0.1380 0.4600
vn -0.7288 0.0592 -0.6822
vn 0.7924 0.2814 0.5412
vn -0.6793 -0.5783 -0.4518
vn 0.6412 -0.2486 0.7260
vn 0.3907 -0.5786 0.7160
vn -0.7969 0.3807 0.4690
vn -0.8699 0.4802 0.1127
vn 0.3289 0.1363 0.9345
vn 0.2898 0.2044 0.9350
vn 0.4164 0.0960 0.9041
vn -0.7009 -0.0984 0.7064
vn 0.6305 -0.5738 -0.5226
vn 0.6302 -0.5740 -0.5229
vn -0.1414 -0.4237 -0.8947
vn -0.1418 -0.4234 -0.8948
vn 0.7630 -0.4332 0.4798
vn 0.8103 0.5307 -0.2487
vn 0.8102 0.5309 -0.2482
vn 0.2982 -0.9018 -0.3129
vn 0.6133 -0.1612 0.7732
vn 0.7866 -0.1446 0.6003
vn 0.9787 0.0022 0.2053
vn 0.9011 -0.0369 0.4320
vn -0.0031 0.3782 -0.9257
vn 0.7038 0.1706 -0.6896
vn 0.1724 -0.4730 0.8640
vn 0.2278 0.4879 0.8427
vn -0.8524 0.1869 0.4884
vn -0.0032 0.8957 0.4446
vn 0.0019 0.8938 0.4484
vn 0.0231 0.9116 0.4104
vn -0.9213 -0.3527 0.1634
vn 0.8999 0.4214 -0.1121
vn -0.2845 -0.9503 -0.1267
vn 0.5927 -0.4460 -0.6706
vn -0.9786 -0.1299 -0.1594
vn -0.9964 -0.0810 0.0264
vn -0.9706 -0.2380 0.0357
vn -0.9440 -0.3095 -0.1142
vn 0.1534 0.9794 -0.1314
vn -0.3027 0.2598 0.9170
vn -0.4847 -0.0622 -0.8725
vn -0.4733 0.0800 -0.8773
vn 0.8052 0.3506 0.4783
vn -0.2560 -0.7732 -0.5802
vn -0.0196 -0.9012 0.4330
vn -0.1073 0.9025 0.4171
vn -0.7636 0.0118 -0.6455
vn -0.8643 -0.1596 -0.4771
vn -0.0956 -0.1763 0.9797
vn 0.7941 0.5829 -0.1722
vn 0.9306 -0.1120 0.3485
vn -0.8463 0.2755 -0.4559
vn -0.8902 0.3360 -0.3076
vn -0.9456 0.1650 -0.2804
vn -0.8930 0.1165 -0.4347
vn -0.7721 0.5846 -0.2493
vn 0.6263 -0.1369 -0.7674
vn 0.8835 -0.4676 0.0258
vn -0.8229 0.4550 0.3403
vn 0.6956 -0.7142 -0.0777
vn 0.4729 0.0745 -0.8780
vn -0.5834 -0.0127 0.8121
vn 0.2894 -0.8370 0.4644
vn 0.8881 -0.0216 0.4592
vn -0.1723 0.7534 -0.6346
vn 0.7969 0.4172 0.4369
vn -0.2223 0.8113 -0.5407
vn -0.4520 0.2595 -0.8534
vn 0.4540 -0.1245 -0.8823
vn 0.2861 0.8641 0.4142
vn 0.3903 0.8610 -0.3260
vn -0.4712 -0.6640 0.5806
vn 0.3558 0.0893 0.9303
vn 0.3749 -0.1475 0.9153
vn 0.6337 -0.1329 0.7621
vn 0.0321 -0.1663 0.9855
vn -0.2315 0.6554 -0.7189
vn -0.7736 -0.0591 -0.6309
vn -0.7735 -0.0012 -0.6338
vn -0.9171 -0.1206 -0.3799
vn 0.1182 0.3061 -0.9446
vn 0.4442 0.8795 -0.1706
vn -0.1065 -0.9701 -0.2179
vn -0.9378 -0.3195 -0.1359
vn -0.8164 -0.3004 -0.4933
vn -0.8008 -0.3728 -0.4688
vn -0.9278 -0.3713 0.0366
vn -0.7970 -0.5942 -0.1085
vn -0.4654 0.3121 -0.8282
vn -0.4446 0.3606 -0.8199
vn -0.7132 0.2857 -0.6401
vn -0.3352 0.4046 0.8508
vn 0.6586 -0.5372 -0.5270
vn -0.9657 -0.1077 -0.2361
vn -0.2142 -0.9742 -0.0709
vn -0.1537 -0.8884 0.4326
vn 0.4206 0.8325 0.3606
vn -0.1737 0.0550 0.9833
vn -0.8792 0.2244 -0.4203
vn -0.7223 0.3318 -0.6068
vn 0.0374 -0.1431 -0.9890
vn 0.6907 -0.2126 -0.6912
vn -0.7064 0.7077 0.0146
vn 0.9692 -0.2230 -0.1049
vn -0.9791 -0.0067 -0.2033
vn -0.0494 -0.7294 -0.6823
vn 0.0356 -0.8528 -0.5210
vn 0.4641 -0.4373 0.7703
vn -0.0938 0.9947 0.0433
vn -0.0937 0.9947 0.0430
vn 0.8217 -0.4535 0.3453
vn 0.7443 -0.5787 -0.3335
vn -0.8132 0.0997 -0.5734
vn 0.9166 -0.1435 -0.3732
vn 0.7092 -0.2648 -0.6534
vn 0.7123 0.1670 0.6818
vn 0.5049 0.6178 -0.6028
vn 0.5053 0.6175 -0.6028
vn -0.5672 -0.0368 0.8227
vn -0.3030 0.5704 0.7634
vn 0.1615 0.5552 0.8159
vn -0.4958 -0.3190 -0.8077
vn 0.6815 -0.6610 -0.3140
vn -0.8010 -0.3569 0.4807
vn 0.0700 -0.8355 -0.5449
vn 0.0360 0.2195 -0.9749
vn -0.2291 -0.3798 -0.8962
vn 0.9276 -0.0439 -0.3710
vn 0.1340 -0.6153 0.7768
vn -0.7429 0.6086 -0.2788
vn 0.2793 0.7441 -0.6068
vn 0.2168 0.5922 -0.7761
vn 0.3353 0.2390 0.9113
vn -0.5559 -0.4586 -0.6933
vn -0.3878 0.1666 -0.9066
vn 0.9713 0.1660 -0.1703
vn 0.9713 0.1662 -0.1701
vn -0.5173 -0.8401 0.1629
vn -0.5172 -0.8401 0.1638
vn -0.5171 -0.8400 0.1643
vn 0.9683 -0.1248 0.2163
vn -0.9601 0.2441 0.1365
vn 0.7900 0.1716 0.5886
vn 0.1974 -0.3277 -0.9239
vn -0.5459 0.4994 -0.6727
vn -0.8834 0.4639 0.0663
vn 0.8553 -0.3691 -0.3637
vn 0.3697 0.1121 0.9224
vn 0.7353 -0.5027 -0.4546
vn 0.6250 -0.1382 0.7683
vn -0.0356 0.8528 0.5210
vn -0.6929 0.3423 0.6346
vn 0.6071 0.4492 -0.6555
vn -0.5883 -0.5950 0.5476
vn -0.7592 0.2772 0.5888
vn -0.1032 -0.0870 -0.9908
vn -0.9912 0.0207 0.1305
vn -0.5418 0.0604 0.8383
vn -0.8086 0.2367 -0.5386
vn -0.4035 -0.9095 0.1002
vn -0.1564 0.7630 -0.6271
vn 0.8086 -0.2368 0.5386
vn 0.0786 0.9186 0.3874
vn 0.2712 -0.1163 0.9555
vn -0.3196 0.9461 -0.0534
vn -0.3202 0.9458 -0.0534
vn 0.1874 -0.1932 -0.9631
vn -0.1794 0.9561 -0.2315
vn -0.6811 0.4662 0.5646
vn 0.4034 0.9095 -0.1003
vn -0.3905 0.5912 0.7057
vn -0.5125 -0.0426 -0.8576
vn 0.3637 -0.8951 0.2577
vn 0.8905 -0.2223 -0.3970
vn -0.4035 -0.9095 0.1003
vn 0.4822 -0.4744 -0.7365
vn -0.1741 0.0262 -0.9844
vn 0.9026 0.4178 0.1039
vn -0.8225 -0.5659 -0.0571
vn 0.3169 -0.3710 -0.8729
vn -0.9026 -0.4178 -0.1039
vn -0.0718 0.2840 0.9561
vn -0.8061 0.5241 -0.2749
vn 0.4035 0.9095 -0.1003
vn -0.1874 0.1932 0.9631
vn 0.2794 0.7122 -0.6439
vn 0.0446 -0.0850 0.9954
vn -0.3559 0.4881 0.7969
vn -0.1127 0.2902 -0.9503
vn -0.2168 -0.5922 0.7761
vn 0.3825 -0.0269 0.9236
vn -0.4335 0.7017 0.5655
vn -0.3558 -0.7007 -0.6184
vn -0.5907 -0.0735 -0.8035
vn 0.6940 0.0759 0.7160
vn -0.3883 -0.7946 -0.4667
vn 0.2992 -0.0980 -0.9491
vn -0.0067 0.1273 -0.9918
vn 0.9317 -0.3589 -0.0564
vn 0.7936 0.5405 -0.2794
vn -0.9527 0.0413 0.3012
vn -0.7772 0.2317 0.5850
vn -0.8665 -0.3843 0.3186
vn -0.8155 0.5358 0.2188
vn 0.3160 -0.9302 -0.1866
vn 0.2727 -0.4111 -0.8699
vn -0.7091 -0.5365 -0.4576
vn -0.3160 0.9302 0.1866
vn 0.1419 -0.9825 -0.1209
vn 0.7874 -0.3712 0.4922
vn -0.6071 -0.4492 0.6555
vn -0.3825 0.0269 -0.9236
vn -0.9149 0.3130 -0.2548
vn 0.6690 0.6613 0.3393
vn -0.8381 0.0741 0.5404
vn 0.9728 -0.2317 0.0001
vn -0.5344 0.4134 -0.7373
vn 0.5201 -0.3496 0.7793
vn 0.7090 0.5365 0.4577
vn 0.1564 -0.7630 0.6271
vn -0.9317 0.3589 0.0564
vn 0.0159 -0.8508 0.5253
vn 0.3558 0.7007 0.6185
vn -0.1932 -0.2946 -0.9359
vn 0.6929 -0.3423 -0.6346
vn -0.3637 0.8951 -0.2577
vn 0.4417 -0.5703 0.6925
vn 0.5231 -0.7028 0.4821
vn 0.4010 -0.7075 0.5819
vn 0.4205 -0.7695 -0.4807
vn 0.4223 -0.7797 -0.4622
vn 0.4212 -0.7713 -0.4772
vn -0.9737 0.0451 0.2235
vn -0.9853 0.1582 -0.0642
vn -0.9697 0.0965 0.2246
vn 0.0434 0.9244 0.3789
vn 0.0232 0.9116 0.4104
vn 0.0418 0.9241 0.3799
vn -0.8985 -0.3988 0.1833
vn -0.8099 -0.5854 0.0376
vn -0.7397 -0.3516 0.5738
vn -0.9249 -0.2601 0.2773
vn -0.7750 -0.2994 0.5565
vn 0.9965 0.0416 -0.0723
vn 0.9741 -0.0208 0.2254
vn 0.9717 -0.1896 -0.1407
vn -0.9710 0.0904 -0.2213
g Palm_6_Palm_6_Collor_Material
usemtl Collor_Material
s off
f 2/1/1 4/2/1 128/3/1 127/4/1
f 128/5/2 4/6/2 6/7/2 129/8/2
f 35/9/3 45/10/3 112/11/3 111/12/3
f 49/13/4 59/14/4 89/15/4 88/16/4
f 87/17/5 39/18/5 49/19/5 88/20/5
f 37/21/6 47/22/7 100/23/8 99/24/9
f 7/25/10 52/26/10 62/27/10 9/28/10
f 15/29/11 30/30/11 80/31/11 79/32/11
f 75/33/12 41/34/12 51/35/13 76/36/12
f 80/37/14 30/38/14 40/39/14 81/40/15
f 47/41/16 57/42/16 101/43/16 100/44/16
f 109/45/17 20/46/17 25/47/17 110/48/17
f 48/49/18 58/50/18 95/51/18 94/52/18
f 70/53/19 15/54/20 79/55/20 84/56/20
f 59/57/21 69/58/21 90/59/21 89/60/21
f 74/61/22 31/62/22 41/63/22 75/64/22
f 107/65/23 56/66/23 66/67/23 108/68/23
f 26/69/24 36/70/24 105/71/24 104/72/24
f 46/73/25 56/74/26 107/75/26 106/76/27
f 114/77/28 65/78/28 20/79/28 109/80/28
f 64/81/29 21/82/29 115/83/29 120/84/29
f 82/85/30 50/86/30 60/87/30 83/88/30
f 102/89/31 67/90/32 18/91/31 97/92/31
f 81/93/33 40/94/33 50/95/33 82/96/33
f 116/97/34 24/98/34 34/99/34 117/100/34
f 113/101/35 55/102/35 65/103/35 114/104/35
f 45/105/36 55/106/36 113/107/36 112/108/36
f 28/109/37 38/110/37 93/111/37 92/112/37
f 76/113/38 51/114/38 61/115/38 77/116/38
f 61/117/39 83/118/39 84/119/39 71/120/39
f 89/121/40 90/122/40 70/123/40 60/124/40
f 72/125/41 78/126/41 73/127/41 13/128/41
f 84/129/42 79/130/42 14/131/42 71/132/43
f 75/133/44 76/134/45 52/135/45 42/136/45
f 74/137/46 75/138/46 42/139/46 32/140/46
f 62/141/47 77/142/47 78/143/47 72/144/47
f 51/145/48 82/146/48 83/147/48 61/148/48
f 73/149/49 74/150/49 32/151/49 13/152/49
f 79/153/50 80/154/50 31/155/50 14/156/50
f 80/157/51 81/158/51 41/159/52 31/160/51
f 91/161/53 92/162/53 29/163/53 16/164/53
f 50/165/54 88/166/54 89/167/54 60/168/54
f 39/169/55 93/170/55 94/171/55 49/172/55
f 29/173/56 92/174/56 93/175/56 39/176/56
f 96/177/57 91/178/57 16/179/57 69/180/57
f 40/181/58 87/182/58 88/183/58 50/184/58
f 35/185/59 117/186/59 118/187/59 45/188/59
f 100/189/60 101/190/60 58/191/60 48/192/60
f 21/193/61 121/194/61 122/195/61 24/196/61
f 66/197/62 114/198/62 109/199/62 19/200/62
f 67/201/63 108/202/63 103/203/64 18/204/63
f 33/205/65 129/206/65 130/207/65 43/208/65
f 104/209/66 105/210/66 37/211/67 27/212/66
f 110/213/68 111/214/68 36/215/68 26/216/68
f 123/217/69 124/218/69 44/219/69 34/220/69
f 18/221/70 103/222/70 104/223/70 27/224/70
f 25/225/71 116/226/71 117/227/71 35/228/71
f 58/229/72 101/230/72 102/231/72 68/232/72
f 120/233/73 115/234/73 20/235/73 65/236/73
f 64/237/74 126/238/74 121/239/74 21/240/74
f 119/241/75 120/242/75 65/243/75 55/244/75
f 111/245/76 112/246/76 46/247/76 36/248/76
f 125/249/77 126/250/78 64/251/78 54/252/78
f 124/253/79 125/254/79 54/255/79 44/256/79
f 132/257/80 127/258/80 22/259/80 63/260/80
f 105/261/81 106/262/81 47/263/81 37/264/81
f 90/265/82 85/266/82 15/267/82 70/268/82
f 52/269/83 76/270/83 77/271/83 62/272/83
f 45/273/84 118/274/84 119/275/84 55/276/84
f 95/277/85 96/278/85 69/279/85 59/280/85
f 30/281/86 86/282/86 87/283/86 40/284/86
f 127/285/87 128/286/87 23/287/87 22/288/87
f 85/289/88 86/290/88 30/291/88 15/292/88
f 98/293/89 99/294/89 38/295/89 28/296/89
f 17/297/90 97/298/90 98/299/91 28/300/90
f 115/301/92 116/302/92 25/303/92 20/304/92
f 49/305/93 94/306/93 95/307/93 59/308/93
f 112/309/94 113/310/94 56/311/94 46/312/94
f 43/313/95 130/314/95 131/315/95 53/316/95
f 10/317/96 12/318/96 132/319/96 131/320/96
f 101/321/97 57/322/97 67/323/97 102/324/98
f 61/325/99 71/326/99 78/327/99 77/328/99
f 122/329/100 23/330/100 33/331/100 123/332/100
f 129/333/101 6/334/101 8/335/101 130/336/101
f 72/337/102 13/338/103 1/339/103 11/340/103
f 108/341/104 66/342/104 19/343/104 103/344/104
f 36/345/105 46/346/105 106/347/105 105/348/105
f 123/349/106 33/350/107 43/351/106 124/352/106
f 124/353/108 43/354/108 53/355/109 125/356/108
f 71/357/110 14/358/110 73/359/110 78/360/110
f 54/361/111 64/362/111 120/363/111 119/364/111
f 5/365/112 42/366/112 52/367/112 7/368/112
f 13/369/113 32/370/113 3/371/113 1/372/113
f 12/373/114 2/374/114 127/375/114 132/376/114
f 14/377/115 31/378/116 74/379/117 73/380/118
f 53/381/119 63/382/119 126/383/119 125/384/119
f 91/385/120 17/386/120 28/387/120 92/388/120
f 25/389/121 35/390/121 111/391/121 110/392/121
f 86/393/122 29/394/122 39/395/122 87/396/122
f 115/397/123 21/398/123 24/399/123 116/400/123
f 95/401/124 58/402/124 68/403/124 96/404/124
f 117/405/125 34/406/125 44/407/125 118/408/125
f 85/409/126 16/410/126 29/411/126 86/412/126
f 63/413/127 22/414/127 121/415/127 126/416/127
f 3/417/128 32/418/128 42/419/128 5/420/128
f 27/421/129 37/422/129 99/423/129 98/424/129
f 103/425/130 19/426/131 26/427/131 104/428/131
f 69/429/132 16/430/132 85/431/132 90/432/132
f 97/433/133 18/434/133 27/435/133 98/436/133
f 38/437/134 48/438/134 94/439/134 93/440/134
f 62/441/135 72/442/135 11/443/135 9/444/135
f 60/445/136 70/446/136 84/447/136 83/448/136
f 44/449/137 54/450/137 119/451/137 118/452/137
f 96/453/138 68/454/138 17/455/138 91/456/138
f 19/457/139 109/458/139 110/459/139 26/460/139
f 106/461/140 107/462/140 57/463/140 47/464/140
f 68/465/141 102/466/141 97/467/141 17/468/141
f 57/469/142 107/470/142 108/471/142 67/472/142
f 131/473/143 132/474/143 63/475/143 53/476/143
f 22/477/144 23/478/144 122/479/145 121/480/146
f 130/481/147 8/482/147 10/483/147 131/484/147
f 99/485/148 100/486/148 48/487/148 38/488/148
f 23/489/149 128/490/149 129/491/149 33/492/149
f 41/493/150 81/494/151 82/495/150 51/496/150
f 24/497/152 122/498/152 123/499/152 34/500/152
f 56/501/153 113/502/153 114/503/153 66/504/153
f 811/505/154 813/506/154 507/507/154 505/508/154
f 559/509/155 544/510/156 553/511/156 554/512/156
f 736/513/157 430/514/157 436/515/157 742/516/157
f 336/517/158 331/518/158 320/519/158 335/520/158
f 689/521/159 383/522/159 395/523/159 701/524/159
f 391/525/160 394/526/160 382/527/160 399/528/160
f 734/529/161 428/530/161 427/531/161 733/532/161
f 777/533/162 778/534/162 767/535/162 780/536/162
f 851/537/163 545/538/164 557/539/165 863/540/165
f 439/541/166 434/542/166 423/543/166 438/544/166
f 593/545/167 599/546/167 583/547/167 591/548/167
f 584/549/168 278/550/168 290/551/168 596/552/168
f 606/553/169 300/554/169 312/555/169 618/556/169
f 827/557/170 521/558/170 533/559/170 839/560/170
f 666/561/171 681/562/171 375/563/171 360/564/171
f 419/565/172 413/566/172 403/567/172 418/568/172
f 823/569/173 517/570/173 516/571/173 822/572/173
f 791/573/174 485/574/174 498/575/174 804/576/174
f 648/577/175 342/578/175 355/579/175 661/580/175
f 718/581/176 710/582/177 725/583/177 719/584/176
f 332/585/178 321/586/178 336/587/178 327/588/178
f 508/589/179 814/590/179 812/591/179 506/592/179
f 316/593/180 311/594/180 299/595/180 315/596/180
f 809/597/181 825/598/181 519/599/181 503/600/181
f 751/601/182 445/602/182 457/603/182 763/604/182
f 789/605/183 805/606/183 499/607/183 483/608/183
f 830/609/184 524/610/184 535/611/184 841/612/184
f 559/613/185 554/614/185 543/615/185 558/616/185
f 818/617/186 825/618/186 809/619/186 816/620/186
f 767/621/187 461/622/187 474/623/187 780/624/187
f 729/625/188 744/626/188 438/627/188 423/628/188
f 848/629/189 849/630/189 543/631/189 542/632/189
f 714/633/190 408/634/190 407/635/190 713/636/190
f 687/637/191 688/638/191 382/639/191 381/640/191
f 492/641/192 495/642/192 483/643/192 499/644/192
f 765/645/193 459/646/193 458/647/193 764/648/193
f 655/649/194 349/650/194 356/651/194 662/652/194
f 865/653/195 559/654/195 558/655/195 864/656/195
f 725/657/196 419/658/196 418/659/196 724/660/196
f 745/661/197 743/662/197 437/663/197 439/664/197
f 803/665/198 792/666/198 795/667/198 796/668/198
f 658/669/199 352/670/199 351/671/199 657/672/199
f 593/673/200 598/674/200 292/675/200 287/676/200
f 396/677/201 397/678/202 388/679/202 385/680/202
f 756/681/203 751/682/203 763/683/203 765/684/203
f 846/685/204 540/686/204 541/687/204 847/688/204
f 495/689/205 491/690/205 482/691/205 483/692/205
f 816/693/206 817/694/206 807/695/206 819/696/206
f 748/697/207 442/698/207 440/699/207 746/700/207
f 700/701/208 394/702/208 393/703/208 699/704/208
f 848/705/209 542/706/209 540/707/209 846/708/209
f 591/709/210 594/710/210 288/711/210 285/712/210
f 722/713/211 720/714/211 414/715/211 416/716/211
f 677/717/212 675/718/212 369/719/212 371/720/212
f 401/721/213 410/722/213 413/723/213 411/724/213
f 286/725/214 274/726/214 276/727/214
f 281/728/215 282/729/215 283/730/215
f 280/731/216 283/732/216 282/733/216
f 274/734/217 286/735/217 275/736/217
f 307/737/218 294/738/218 296/739/218
f 303/740/219 304/741/219 305/742/219
f 302/743/220 305/744/220 304/745/220
f 294/746/221 307/747/221 295/748/221
f 328/749/222 317/750/222 319/751/222
f 324/752/223 325/753/223 326/754/223
f 323/755/224 326/756/224 325/757/224
f 317/758/225 328/759/225 318/760/225
f 348/761/226 337/762/226 339/763/226
f 344/764/227 345/765/227 346/766/227
f 343/767/228 346/768/228 345/769/228
f 337/770/229 348/771/229 338/772/229
f 540/773/230 551/774/230 541/775/230
f 364/776/231 365/777/231 368/778/231
f 363/779/232 368/780/232 365/781/232
f 359/782/233 367/783/233 357/784/233
f 389/785/234 377/786/234 379/787/234
f 386/788/235 387/789/235 388/790/235
f 385/791/236 388/792/236 387/793/236
f 377/794/237 389/795/237 378/796/237
f 410/797/238 400/798/238 402/799/238
f 407/800/239 408/801/239 409/802/239
f 406/803/240 409/804/240 408/805/240
f 400/806/241 410/807/241 401/808/241
f 431/809/242 420/810/242 422/811/242
f 427/812/243 428/813/243 429/814/243
f 426/815/244 429/816/244 428/817/244
f 420/818/245 431/819/245 421/820/245
f 452/821/246 440/822/246 442/823/246
f 447/824/247 448/825/247 449/826/247
f 446/827/248 449/828/248 448/829/248
f 440/830/249 452/831/249 441/832/249
f 472/833/250 460/834/250 462/835/250
f 467/836/251 468/837/251 469/838/251
f 466/839/252 469/840/252 468/841/252
f 460/842/253 472/843/253 461/844/253
f 491/845/254 480/846/254 482/847/254
f 487/848/255 488/849/255 489/850/255
f 486/851/256 489/852/256 488/853/256
f 480/854/257 491/855/257 481/856/257
f 511/857/258 500/858/258 502/859/258
f 507/860/259 508/861/259 509/862/259
f 506/863/260 509/864/260 508/865/260
f 500/866/261 511/867/261 501/868/261
f 551/869/262 540/870/262 542/871/262
f 531/872/263 520/873/263 522/874/263
f 527/875/264 528/876/264 529/877/264
f 526/878/265 529/879/265 528/880/265
f 520/881/266 531/882/266 521/883/266
f 547/884/267 548/885/267 549/886/267
f 546/887/268 549/888/268 548/889/268
f 570/890/269 560/891/269 562/892/269
f 567/893/270 568/894/270 572/895/270
f 566/896/271 572/897/272 568/898/273
f 560/899/274 570/900/274 561/901/274
f 367/902/275 358/903/275 357/904/275
f 592/905/276 582/906/276 580/907/276
f 587/908/277 589/909/277 588/910/277
f 586/911/278 588/912/278 589/913/278
f 580/914/279 581/915/279 592/916/279
f 613/917/280 602/918/280 600/919/280
f 609/920/281 611/921/281 610/922/281
f 608/923/282 610/924/282 611/925/282
f 600/926/283 601/927/283 613/928/283
f 634/929/284 625/930/284 623/931/284
f 630/932/285 632/933/285 631/934/285
f 629/935/286 631/936/286 632/937/286
f 623/938/287 624/939/287 634/940/287
f 654/941/288 645/942/288 643/943/288
f 650/944/289 652/945/289 651/946/289
f 649/947/290 651/948/290 652/949/290
f 643/950/291 644/951/291 654/952/291
f 846/953/292 847/954/292 857/955/292
f 670/956/293 674/957/293 671/958/293
f 669/959/294 671/960/294 674/961/294
f 665/962/295 663/963/295 673/964/295
f 695/965/296 685/966/296 683/967/296
f 692/968/297 694/969/297 693/970/297
f 691/971/298 693/972/298 694/973/298
f 683/974/299 684/975/299 695/976/299
f 716/977/300 708/978/300 706/979/300
f 713/980/301 715/981/301 714/982/301
f 712/983/302 714/984/302 715/985/302
f 706/986/303 707/987/303 716/988/303
f 737/989/304 728/990/304 726/991/304
f 733/992/305 735/993/305 734/994/305
f 732/995/306 734/996/306 735/997/306
f 726/998/307 727/999/307 737/1000/307
f 758/1001/308 748/1002/308 746/1003/308
f 753/1004/309 755/1005/309 754/1006/309
f 752/1007/310 754/1008/310 755/1009/310
f 746/1010/311 747/1011/311 758/1012/311
f 778/1013/312 768/1014/312 766/1015/312
f 773/1016/313 775/1017/313 774/1018/313
f 772/1019/314 774/1020/314 775/1021/314
f 766/1022/315 767/1023/315 778/1024/315
f 797/1025/316 788/1026/316 786/1027/316
f 793/1028/317 795/1029/317 794/1030/317
f 792/1031/318 794/1032/318 795/1033/318
f 786/1034/319 787/1035/319 797/1036/319
f 817/1037/320 808/1038/320 806/1039/320
f 813/1040/321 815/1041/321 814/1042/321
f 812/1043/322 814/1044/322 815/1045/322
f 806/1046/323 807/1047/323 817/1048/323
f 857/1049/324 848/1050/324 846/1051/324
f 837/1052/325 828/1053/325 826/1054/325
f 833/1055/326 835/1056/326 834/1057/326
f 832/1058/327 834/1059/327 835/1060/327
f 826/1061/328 827/1062/328 837/1063/328
f 853/1064/329 855/1065/329 854/1066/329
f 852/1067/330 854/1068/330 855/1069/330
f 876/1070/331 868/1071/331 866/1072/331
f 873/1073/332 878/1074/332 874/1075/332
f 872/1076/333 874/1077/334 878/1078/335
f 866/1079/336 867/1080/336 876/1081/336
f 673/1082/337 663/1083/337 664/1084/337
f 583/1085/338 599/1086/338 293/1087/338 277/1088/338
f 762/1089/339 752/1090/339 755/1091/339 756/1092/339
f 811/1093/340 505/1094/340 518/1095/340 824/1096/340
f 861/1097/341 856/1098/341 865/1099/341 850/1100/341
f 750/1101/342 444/1102/342 455/1103/342 761/1104/342
f 532/1105/343 524/1106/344 534/1107/343 530/1108/343
f 756/1109/345 450/1110/345 456/1111/345 762/1112/345
f 353/1113/346 341/1114/346 349/1115/346 347/1116/346
f 435/1117/347 424/1118/347 439/1119/347 430/1120/347
f 677/1121/348 666/1122/348 665/1123/348 673/1124/348
f 881/1125/349 575/1126/349 574/1127/349 880/1128/349
f 828/1129/350 522/1130/350 520/1131/350 826/1132/350
f 693/1133/351 387/1134/351 386/1135/351 692/1136/351
f 644/1137/352 643/1138/352 337/1139/352 338/1140/352
f 813/1141/353 811/1142/353 823/1143/353 815/1144/353
f 487/1145/354 489/1146/354 490/1147/354 485/1148/354
f 754/1149/355 448/1150/355 447/1151/355 753/1152/355
f 535/1153/356 524/1154/356 532/1155/356 537/1156/357
f 651/1157/358 345/1158/358 344/1159/358 650/1160/358
f 351/1161/359 352/1162/359 349/1163/359 341/1164/359
f 714/1165/360 712/1166/360 406/1167/360 408/1168/360
f 617/1169/361 311/1170/361 310/1171/361 616/1172/361
f 667/1173/362 676/1174/362 370/1175/362 361/1176/362
f 588/1177/363 282/1178/363 281/1179/363 587/1180/363
f 532/1181/364 530/1182/364 523/1183/364 539/1184/364
f 626/1185/365 641/1186/365 335/1187/365 320/1188/365
f 774/1189/366 772/1190/366 466/1191/366 468/1192/366
f 801/1193/367 797/1194/367 787/1195/367 799/1196/367
f 871/1197/368 565/1198/369 578/1199/370 884/1200/370
f 559/1201/371 550/1202/371 555/1203/371 544/1204/371
f 349/1205/372 352/1206/372 340/1207/372 356/1208/372
f 870/1209/373 880/1210/374 574/1211/375 564/1212/375
f 709/1213/376 724/1214/376 418/1215/376 403/1216/376
f 787/1217/377 481/1218/377 493/1219/377 799/1220/377
f 731/1221/378 425/1222/378 437/1223/378 743/1224/378
f 647/1225/379 657/1226/379 351/1227/379 341/1228/379
f 798/1229/380 805/1230/380 789/1231/380 801/1232/380
f 847/1233/381 541/1234/382 552/1235/381 858/1236/381
f 606/1237/383 616/1238/383 310/1239/383 300/1240/383
f 628/1241/384 322/1242/384 334/1243/384 640/1244/384
f 814/1245/385 508/1246/385 507/1247/385 813/1248/385
f 831/1249/386 833/1250/386 527/1251/386 525/1252/386
f 877/1253/387 885/1254/387 869/1255/387 881/1256/387
f 834/1257/388 528/1258/388 527/1259/388 833/1260/388
f 880/1261/389 870/1262/389 877/1263/389 881/1264/389
f 631/1265/390 325/1266/390 324/1267/390 630/1268/390
f 782/1269/391 776/1270/391 779/1271/391 770/1272/391
f 402/1273/392 400/1274/392 706/1275/392 708/1276/392
f 830/1277/393 840/1278/393 534/1279/393 524/1280/393
f 639/1281/394 629/1282/395 632/1283/395 633/1284/396
f 777/1285/397 769/1286/397 768/1287/397 778/1288/397
f 801/1289/398 789/1290/398 788/1291/398 797/1292/398
f 843/1293/399 841/1294/399 535/1295/399 537/1296/399
f 457/1297/400 445/1298/400 450/1299/400 459/1300/400
f 603/1301/401 615/1302/401 617/1303/401 614/1304/401
f 697/1305/402 704/1306/402 398/1307/402 391/1308/402
f 495/1309/403 493/1310/403 481/1311/403 491/1312/403
f 591/1313/404 583/1314/405 582/1315/405 592/1316/405
f 434/1317/406 432/1318/406 421/1319/406 431/1320/406
f 683/1321/407 377/1322/407 378/1323/407 684/1324/407
f 642/1325/408 641/1326/408 626/1327/408 637/1328/408
f 730/1329/409 424/1330/409 435/1331/409 741/1332/409
f 790/1333/410 484/1334/410 496/1335/410 802/1336/410
f 586/1337/411 597/1338/411 291/1339/411 280/1340/411
f 512/1341/412 510/1342/412 503/1343/412 519/1344/412
f 312/1345/413 300/1346/413 316/1347/413 306/1348/413
f 807/1349/414 501/1350/414 513/1351/414 819/1352/414
f 745/1353/415 744/1354/415 729/1355/415 740/1356/415
f 303/1357/416 305/1358/416 306/1359/416 301/1360/416
f 827/1361/417 839/1362/418 836/1363/419 837/1364/420
f 612/1365/421 611/1366/421 609/1367/421 607/1368/421
f 873/1369/422 871/1370/422 875/1371/422 878/1372/422
f 371/1373/423 367/1374/423 359/1375/424 360/1376/423
f 517/1377/425 509/1378/425 506/1379/425 516/1380/425
f 397/1381/426 384/1382/426 386/1383/426 388/1384/426
f 550/1385/427 545/1386/427 547/1387/427 549/1388/427
f 843/1389/428 537/1390/428 536/1391/428 842/1392/428
f 696/1393/429 687/1394/429 685/1395/429 695/1396/429
f 742/1397/430 732/1398/431 735/1399/431 736/1400/431
f 868/1401/432 562/1402/432 560/1403/432 866/1404/432
f 617/1405/433 605/1406/433 604/1407/433 614/1408/433
f 658/1409/434 656/1410/434 350/1411/434 352/1412/434
f 850/1413/435 859/1414/435 553/1415/435 544/1416/435
f 660/1417/436 354/1418/436 343/1419/436 649/1420/436
f 287/1421/437 285/1422/437 277/1423/437 293/1424/437
f 473/1425/438 471/1426/438 463/1427/438 479/1428/438
f 667/1429/439 361/1430/439 372/1431/439 678/1432/439
f 871/1433/440 873/1434/441 567/1435/441 565/1436/442
f 854/1437/443 852/1438/443 546/1439/443 548/1440/443
f 865/1441/444 864/1442/444 849/1443/444 860/1444/444
f 867/1445/445 561/1446/445 573/1447/445 879/1448/445
f 860/1449/446 849/1450/446 848/1451/446 857/1452/446
f 818/1453/447 512/1454/447 519/1455/447 825/1456/447
f 283/1457/448 280/1458/449 291/1459/449 284/1460/449
f 409/1461/450 406/1462/450 415/1463/450 416/1464/450
f 766/1465/451 460/1466/451 461/1467/451 767/1468/451
f 619/1469/452 608/1470/453 611/1471/453 612/1472/454
f 577/1473/455 569/1474/455 572/1475/456 566/1476/457
f 719/1477/458 709/1478/458 708/1479/458 716/1480/458
f 842/1481/459 832/1482/459 835/1483/459 843/1484/459
f 403/1485/460 402/1486/460 708/1487/460 709/1488/460
f 867/1489/461 866/1490/461 560/1491/461 561/1492/461
f 742/1493/462 436/1494/462 426/1495/462 732/1496/462
f 665/1497/463 359/1498/463 357/1499/463 663/1500/463
f 682/1501/464 376/1502/464 375/1503/464 681/1504/464
f 510/1505/465 511/1506/465 502/1507/465 503/1508/465
f 779/1509/466 473/1510/466 479/1511/466 785/1512/466
f 679/1513/467 669/1514/468 674/1515/469 672/1516/468
f 728/1517/470 422/1518/470 420/1519/470 726/1520/470
f 561/1521/471 570/1522/471 575/1523/471 573/1524/471
f 637/1525/472 635/1526/472 329/1527/472 331/1528/472
f 712/1529/473 721/1530/473 415/1531/473 406/1532/473
f 686/1533/474 698/1534/474 700/1535/474 696/1536/474
f 865/1537/475 863/1538/475 557/1539/475 559/1540/475
f 677/1541/476 371/1542/476 370/1543/476 676/1544/476
f 296/1545/477 294/1546/477 600/1547/477 602/1548/477
f 451/1549/478 452/1550/478 442/1551/478 443/1552/478
f 856/1553/479 550/1554/479 556/1555/479 862/1556/479
f 860/1557/480 858/1558/480 552/1559/480 554/1560/480
f 747/1561/481 746/1562/481 440/1563/481 441/1564/481
f 672/1565/482 678/1566/482 372/1567/482 366/1568/482
f 669/1569/483 679/1570/483 373/1571/483 363/1572/483
f 668/1573/484 362/1574/484 374/1575/484 680/1576/484
f 631/1577/485 629/1578/485 323/1579/485 325/1580/485
f 850/1581/486 544/1582/486 555/1583/486 861/1584/486
f 710/1585/487 404/1586/487 414/1587/487 720/1588/487
f 750/1589/488 760/1590/489 454/1591/489 444/1592/490
f 476/1593/491 464/1594/491 473/1595/491 470/1596/491
f 627/1597/492 321/1598/492 332/1599/492 638/1600/492
f 537/1601/493 525/1602/493 527/1603/493 529/1604/493
f 331/1605/494 328/1606/494 319/1607/494 320/1608/494
f 700/1609/495 688/1610/495 687/1611/495 696/1612/495
f 777/1613/496 471/1614/496 475/1615/496 781/1616/496
f 490/1617/497 492/1618/497 498/1619/497 485/1620/497
f 860/1621/498 554/1622/498 553/1623/498 859/1624/498
f 591/1625/499 285/1626/499 289/1627/499 595/1628/499
f 827/1629/500 826/1630/500 520/1631/500 521/1632/500
f 836/1633/501 839/1634/501 533/1635/501 530/1636/501
f 646/1637/502 662/1638/502 356/1639/502 340/1640/502
f 358/1641/503 367/1642/503 371/1643/503 369/1644/503
f 574/1645/504 575/1646/504 571/1647/504 564/1648/504
f 736/1649/505 741/1650/505 435/1651/505 430/1652/505
f 796/1653/506 802/1654/506 496/1655/506 490/1656/506
f 597/1657/507 586/1658/508 589/1659/508 590/1660/508
f 740/1661/509 729/1662/509 728/1663/509 737/1664/509
f 290/1665/510 278/1666/510 287/1667/510 284/1668/510
f 318/1669/511 328/1670/511 331/1671/511 329/1672/511
f 459/1673/512 451/1674/512 443/1675/512 458/1676/512
f 653/1677/513 652/1678/513 650/1679/513 648/1680/513
f 725/1681/514 724/1682/514 709/1683/514 719/1684/514
f 298/1685/515 296/1686/515 602/1687/515 604/1688/516
f 467/1689/517 469/1690/517 470/1691/517 465/1692/517
f 374/1693/518 362/1694/518 366/1695/518 376/1696/518
f 770/1697/519 464/1698/519 476/1699/519 782/1700/519
f 614/1701/520 604/1702/521 602/1703/521 613/1704/521
f 414/1705/522 404/1706/522 419/1707/522 416/1708/522
f 874/1709/523 872/1710/523 566/1711/523 568/1712/523
f 838/1713/524 532/1714/524 539/1715/524 845/1716/524
f 818/1717/525 824/1718/525 518/1719/525 512/1720/525
f 653/1721/526 659/1722/526 353/1723/526 347/1724/526
f 809/1725/527 503/1726/527 502/1727/527 808/1728/527
f 688/1729/528 705/1730/528 399/1731/528 382/1732/528
f 781/1733/529 770/1734/529 779/1735/529 777/1736/529
f 379/1737/530 377/1738/530 683/1739/530 685/1740/530
f 655/1741/531 661/1742/531 355/1743/531 349/1744/531
f 757/1745/532 759/1746/532 453/1747/532 451/1748/532
f 869/1749/533 885/1750/533 579/1751/533 563/1752/533
f 801/1753/534 799/1754/534 493/1755/534 495/1756/534
f 713/1757/535 711/1758/535 722/1759/535 715/1760/535
f 378/1761/536 389/1762/536 390/1763/537 380/1764/536
f 633/1765/538 638/1766/538 332/1767/538 327/1768/538
f 869/1769/539 563/1770/539 562/1771/539 868/1772/539
f 355/1773/540 342/1774/540 347/1775/540 349/1776/540
f 407/1777/541 409/1778/541 416/1779/541 405/1780/541
f 749/1781/542 764/1782/542 458/1783/542 443/1784/542
f 725/1785/543 723/1786/543 417/1787/543 419/1788/543
f 601/1789/544 603/1790/544 614/1791/545 613/1792/544
f 800/1793/546 790/1794/546 798/1795/547 801/1796/546
f 684/1797/548 686/1798/548 696/1799/548 695/1800/548
f 624/1801/549 623/1802/549 317/1803/549 318/1804/549
f 633/1805/550 628/1806/550 640/1807/550 642/1808/550
f 585/1809/551 279/1810/551 292/1811/551 598/1812/551
f 633/1813/552 632/1814/552 630/1815/552 628/1816/552
f 771/1817/553 773/1818/553 467/1819/553 465/1820/553
f 700/1821/554 698/1822/554 392/1823/554 394/1824/554
f 419/1825/555 404/1826/555 412/1827/555 413/1828/555
f 612/1829/556 607/1830/556 620/1831/556 622/1832/556
f 398/1833/557 384/1834/557 397/1835/557 391/1836/557
f 434/1837/558 431/1838/558 422/1839/558 423/1840/558
f 849/1841/559 864/1842/559 558/1843/559 543/1844/559
f 334/1845/560 322/1846/560 327/1847/560 336/1848/560
f 823/1849/561 822/1850/561 812/1851/561 815/1852/561
f 756/1853/562 755/1854/562 753/1855/562 751/1856/562
f 439/1857/563 424/1858/563 433/1859/563 434/1860/563
f 687/1861/564 381/1862/564 379/1863/564 685/1864/564
f 646/1865/565 340/1866/565 339/1867/565 645/1868/565
f 874/1869/566 568/1870/566 567/1871/566 873/1872/566
f 612/1873/567 306/1874/567 313/1875/567 619/1876/567
f 856/1877/568 861/1878/568 555/1879/568 550/1880/568
f 541/1881/569 551/1882/570 554/1883/571 552/1884/570
f 612/1885/572 618/1886/572 312/1887/572 306/1888/572
f 794/1889/573 792/1890/573 486/1891/573 488/1892/573
f 475/1893/574 471/1894/574 473/1895/574 464/1896/574
f 843/1897/575 831/1898/575 844/1899/576 838/1900/575
f 754/1901/577 752/1902/577 446/1903/577 448/1904/578
f 292/1905/579 279/1906/579 284/1907/579 287/1908/579
f 789/1909/580 483/1910/580 482/1911/580 788/1912/580
f 637/1913/581 331/1914/581 330/1915/581 636/1916/581
f 655/1917/582 662/1918/583 646/1919/583 658/1920/583
f 878/1921/584 875/1922/585 883/1923/585 872/1924/586
f 454/1925/587 451/1926/587 459/1927/587 444/1928/588
f 761/1929/589 756/1930/589 765/1931/589 750/1932/589
f 441/1933/590 452/1934/590 451/1935/590 453/1936/590
f 856/1937/591 851/1938/591 863/1939/591 865/1940/591
f 521/1941/592 531/1942/592 530/1943/592 533/1944/592
f 644/1945/593 338/1946/593 350/1947/593 656/1948/593
f 875/1949/594 882/1950/594 576/1951/594 569/1952/594
f 747/1953/595 759/1954/595 757/1955/595 758/1956/595
f 693/1957/596 691/1958/596 385/1959/596 387/1960/596
f 770/1961/597 781/1962/598 475/1963/598 464/1964/598
f 791/1965/599 793/1966/599 487/1967/599 485/1968/599
f 605/1969/600 621/1970/600 315/1971/601 299/1972/600
f 684/1973/602 378/1974/602 380/1975/602 686/1976/602
f 567/1977/603 572/1978/603 569/1979/603 565/1980/603
f 816/1981/604 510/1982/604 514/1983/604 820/1984/604
f 823/1985/605 821/1986/605 515/1987/605 517/1988/605
f 840/1989/606 830/1990/606 838/1991/606 836/1992/606
f 682/1993/607 681/1994/607 666/1995/608 677/1996/607
f 847/1997/609 858/1998/609 860/1999/610 857/2000/609
f 682/2001/611 680/2002/611 374/2003/611 376/2004/611
f 881/2005/612 879/2006/612 573/2007/612 575/2008/612
f 664/2009/613 358/2010/613 369/2011/613 675/2012/613
f 776/2013/614 771/2014/614 784/2015/614 779/2016/614
f 496/2017/615 484/2018/615 492/2019/615 490/2020/615
f 757/2021/616 749/2022/616 748/2023/616 758/2024/616
f 657/2025/617 647/2026/617 655/2027/618 658/2028/617
f 393/2029/619 394/2030/619 391/2031/620 383/2032/620
f 471/2033/621 472/2034/621 462/2035/621 463/2036/621
f 305/2037/622 302/2038/622 313/2039/622 306/2040/622
f 575/2041/623 570/2042/623 562/2043/623 563/2044/623
f 610/2045/624 608/2046/624 302/2047/624 304/2048/624
f 530/2049/625 531/2050/625 522/2051/625 523/2052/625
f 554/2053/626 551/2054/626 542/2055/626 543/2056/626
f 308/2057/627 307/2058/628 296/2059/628 298/2060/628
f 306/2061/629 316/2062/629 314/2063/629 301/2064/629
f 730/2065/630 739/2066/630 433/2067/630 424/2068/630
f 676/2069/631 667/2070/631 682/2071/632 677/2072/631
f 285/2073/633 288/2074/633 275/2075/633 286/2076/633
f 653/2077/634 648/2078/634 661/2079/634 655/2080/634
f 627/2081/635 636/2082/636 330/2083/637 321/2084/638
f 449/2085/639 446/2086/639 456/2087/639 450/2088/639
f 636/2089/640 627/2090/640 642/2091/640 637/2092/640
f 364/2093/641 368/2094/641 366/2095/641 362/2096/641
f 471/2097/642 474/2098/642 461/2099/642 472/2100/642
f 622/2101/643 620/2102/643 314/2103/643 316/2104/643
f 703/2105/644 690/2106/644 704/2107/644 697/2108/644
f 756/2109/645 761/2110/645 455/2111/645 450/2112/645
f 658/2113/646 646/2114/646 645/2115/646 654/2116/646
f 808/2117/647 502/2118/647 500/2119/647 806/2120/647
f 590/2121/648 589/2122/648 587/2123/648 585/2124/648
f 725/2125/649 710/2126/649 720/2127/649 722/2128/649
f 380/2129/650 390/2130/650 394/2131/650 392/2132/650
f 289/2133/651 285/2134/651 287/2135/651 278/2136/652
f 595/2137/653 584/2138/653 593/2139/654 591/2140/653
f 703/2141/655 694/2142/655 692/2143/655 690/2144/655
f 617/2145/656 615/2146/656 309/2147/656 311/2148/656
f 779/2149/657 784/2150/657 478/2151/657 473/2152/657
f 796/2153/658 791/2154/658 804/2155/658 798/2156/658
f 765/2157/659 763/2158/659 457/2159/659 459/2160/659
f 638/2161/660 633/2162/660 642/2163/660 627/2164/660
f 776/2165/661 775/2166/661 773/2167/661 771/2168/661
f 492/2169/662 484/2170/662 494/2171/662 495/2172/662
f 736/2173/663 731/2174/663 743/2175/663 745/2176/663
f 740/2177/664 737/2178/664 727/2179/664 738/2180/664
f 856/2181/665 855/2182/665 853/2183/665 851/2184/665
f 701/2185/666 703/2186/666 697/2187/666 689/2188/666
f 284/2189/667 279/2190/667 281/2191/667 283/2192/667
f 576/2193/668 564/2194/668 571/2195/668 569/2196/668
f 297/2197/669 308/2198/669 311/2199/669 309/2200/669
f 862/2201/670 852/2202/671 855/2203/671 856/2204/671
f 373/2205/672 366/2206/672 368/2207/672 363/2208/672
f 569/2209/673 571/2210/673 578/2211/673 565/2212/673
f 648/2213/674 650/2214/674 344/2215/674 342/2216/674
f 591/2217/675 592/2218/675 581/2219/675 594/2220/675
f 875/2221/676 871/2222/676 884/2223/676 877/2224/676
f 821/2225/677 823/2226/677 818/2227/677 810/2228/677
f 697/2229/678 705/2230/678 688/2231/678 700/2232/678
f 731/2233/679 733/2234/679 427/2235/679 425/2236/679
f 557/2237/680 545/2238/680 550/2239/680 559/2240/680
f 749/2241/681 443/2242/681 442/2243/681 748/2244/681
f 622/2245/682 617/2246/682 616/2247/683 606/2248/682
f 514/2249/684 510/2250/684 512/2251/684 504/2252/684
f 881/2253/685 869/2254/685 868/2255/685 876/2256/685
f 796/2257/686 795/2258/686 793/2259/686 791/2260/686
f 834/2261/687 832/2262/687 526/2263/687 528/2264/687
f 801/2265/688 495/2266/688 494/2267/688 800/2268/688
f 875/2269/689 569/2270/689 577/2271/689 883/2272/689
f 647/2273/690 341/2274/690 353/2275/690 659/2276/690
f 707/2277/691 717/2278/691 719/2279/691 716/2280/691
f 719/2281/692 717/2282/692 411/2283/692 413/2284/692
f 734/2285/693 732/2286/693 426/2287/693 428/2288/694
f 739/2289/695 730/2290/695 745/2291/696 740/2292/695
f 787/2293/697 786/2294/697 480/2295/697 481/2296/697
f 820/2297/698 810/2298/699 818/2299/700 816/2300/701
f 430/2301/702 425/2302/702 427/2303/702 429/2304/702
f 776/2305/703 470/2306/703 477/2307/703 783/2308/703
f 672/2309/704 668/2310/704 680/2311/704 682/2312/704
f 583/2313/705 277/2314/705 276/2315/705 582/2316/705
f 829/2317/706 523/2318/706 522/2319/706 828/2320/706
f 703/2321/707 397/2322/707 396/2323/707 702/2324/707
f 628/2325/708 630/2326/708 324/2327/708 322/2328/708
f 747/2329/709 441/2330/709 453/2331/709 759/2332/709
f 633/2333/710 327/2334/710 333/2335/710 639/2336/710
f 626/2337/711 320/2338/711 319/2339/711 625/2340/711
f 727/2341/712 726/2342/712 420/2343/712 421/2344/712
f 736/2345/713 735/2346/713 733/2347/713 731/2348/713
f 783/2349/714 772/2350/714 775/2351/714 776/2352/714
f 671/2353/715 669/2354/715 363/2355/715 365/2356/715
f 603/2357/716 297/2358/716 309/2359/716 615/2360/716
f 588/2361/717 586/2362/717 280/2363/717 282/2364/718
f 678/2365/719 672/2366/719 682/2367/719 667/2368/719
f 689/2369/720 699/2370/721 393/2371/720 383/2372/720
f 772/2373/722 783/2374/722 477/2375/722 466/2376/722
f 607/2377/723 301/2378/724 314/2379/725 620/2380/725
f 777/2381/726 780/2382/726 474/2383/726 471/2384/726
f 740/2385/727 434/2386/727 433/2387/727 739/2388/727
f 690/2389/728 384/2390/729 398/2391/730 704/2392/730
f 741/2393/731 736/2394/731 745/2395/731 730/2396/731
f 601/2397/732 295/2398/732 297/2399/732 603/2400/732
f 390/2401/733 389/2402/734 379/2403/734 381/2404/734
f 745/2405/735 439/2406/735 438/2407/735 744/2408/735
f 413/2409/736 410/2410/736 402/2411/736 403/2412/736
f 707/2413/737 706/2414/737 400/2415/737 401/2416/737
f 585/2417/738 587/2418/738 281/2419/738 279/2420/738
f 607/2421/739 609/2422/740 303/2423/741 301/2424/742
f 604/2425/743 605/2426/743 299/2427/743 298/2428/743
f 829/2429/744 845/2430/745 539/2431/746 523/2432/744
f 838/2433/747 845/2434/747 829/2435/747 836/2436/747
f 324/2437/748 326/2438/748 327/2439/748 322/2440/748
f 727/2441/749 421/2442/749 432/2443/749 738/2444/749
f 584/2445/750 595/2446/750 289/2447/750 278/2448/750
f 394/2449/751 390/2450/751 381/2451/751 382/2452/751
f 593/2453/752 287/2454/752 293/2455/752 599/2456/752
f 751/2457/753 753/2458/753 447/2459/753 445/2460/753
f 721/2461/754 712/2462/754 715/2463/754 722/2464/754
f 436/2465/755 430/2466/755 429/2467/755 426/2468/755
f 518/2469/756 505/2470/756 517/2471/756 512/2472/756
f 590/2473/757 585/2474/757 598/2475/757 593/2476/757
f 370/2477/758 371/2478/758 376/2479/758 361/2480/758
f 625/2481/759 319/2482/759 317/2483/759 623/2484/759
f 776/2485/760 782/2486/760 476/2487/760 470/2488/760
f 512/2489/761 517/2490/761 515/2491/761 504/2492/761
f 729/2493/762 423/2494/762 422/2495/762 728/2496/762
f 659/2497/763 653/2498/763 655/2499/763 647/2500/763
f 310/2501/764 311/2502/764 316/2503/764 300/2504/764
f 581/2505/765 580/2506/765 274/2507/765 275/2508/765
f 798/2509/766 804/2510/766 498/2511/766 492/2512/766
f 836/2513/767 829/2514/767 828/2515/767 837/2516/767
f 668/2517/768 670/2518/768 364/2519/768 362/2520/768
f 810/2521/769 820/2522/769 514/2523/769 504/2524/769
f 395/2525/770 383/2526/770 391/2527/770 397/2528/770
f 691/2529/771 702/2530/771 396/2531/771 385/2532/771
f 867/2533/772 879/2534/772 881/2535/772 876/2536/772
f 768/2537/773 462/2538/773 460/2539/773 766/2540/773
f 722/2541/774 416/2542/774 415/2543/774 721/2544/774
f 672/2545/775 674/2546/775 670/2547/775 668/2548/775
f 771/2549/776 465/2550/776 478/2551/776 784/2552/776
f 802/2553/777 796/2554/777 798/2555/777 790/2556/777
f 624/2557/778 318/2558/778 329/2559/778 635/2560/778
f 852/2561/779 862/2562/779 556/2563/779 546/2564/779
f 571/2565/780 575/2566/780 563/2567/780 579/2568/780
f 354/2569/781 347/2570/782 346/2571/782 343/2572/782
f 336/2573/783 321/2574/784 330/2575/784 331/2576/784
f 672/2577/785 366/2578/785 373/2579/785 679/2580/785
f 581/2581/786 275/2582/786 288/2583/786 594/2584/786
f 790/2585/787 800/2586/787 494/2587/787 484/2588/787
f 711/2589/788 713/2590/789 407/2591/789 405/2592/790
f 618/2593/791 612/2594/791 622/2595/791 606/2596/791
f 660/2597/792 649/2598/793 652/2599/793 653/2600/793
f 663/2601/794 357/2602/794 358/2603/794 664/2604/794
f 645/2605/795 339/2606/795 337/2607/795 643/2608/795
f 711/2609/796 405/2610/797 417/2611/798 723/2612/798
f 686/2613/799 380/2614/799 392/2615/799 698/2616/799
f 596/2617/800 590/2618/800 593/2619/800 584/2620/800
f 610/2621/801 304/2622/801 303/2623/801 609/2624/801
f 622/2625/802 621/2626/802 605/2627/802 617/2628/802
f 639/2629/803 333/2630/803 323/2631/803 629/2632/803
f 285/2633/804 286/2634/804 276/2635/804 277/2636/804
f 740/2637/805 738/2638/805 432/2639/805 434/2640/805
f 816/2641/806 819/2642/806 513/2643/806 510/2644/806
f 671/2645/807 365/2646/807 364/2647/807 670/2648/807
f 765/2649/808 764/2650/808 749/2651/808 757/2652/808
f 447/2653/809 449/2654/809 450/2655/809 445/2656/809
f 841/2657/810 843/2658/810 838/2659/810 830/2660/810
f 651/2661/811 649/2662/811 343/2663/811 345/2664/811
f 710/2665/812 718/2666/812 412/2667/812 404/2668/813
f 832/2669/814 842/2670/814 536/2671/814 526/2672/814
f 455/2673/815 444/2674/815 459/2675/815 450/2676/815
f 694/2677/816 703/2678/816 702/2679/816 691/2680/816
f 510/2681/817 513/2682/818 501/2683/818 511/2684/818
f 796/2685/819 490/2686/819 497/2687/819 803/2688/819
f 838/2689/820 844/2690/820 538/2691/820 532/2692/820
f 810/2693/821 504/2694/821 515/2695/821 821/2696/821
f 794/2697/822 488/2698/822 487/2699/822 793/2700/822
f 831/2701/823 525/2702/823 538/2703/823 844/2704/823
f 536/2705/824 537/2706/824 529/2707/824 526/2708/824
f 664/2709/825 675/2710/825 677/2711/826 673/2712/825
f 882/2713/827 875/2714/827 877/2715/827 870/2716/827
f 311/2717/828 308/2718/828 298/2719/828 299/2720/828
f 703/2721/829 701/2722/829 395/2723/829 397/2724/829
f 326/2725/830 323/2726/830 333/2727/830 327/2728/830
f 851/2729/831 853/2730/832 547/2731/832 545/2732/833
f 600/2733/834 294/2734/834 295/2735/834 601/2736/834
f 622/2737/835 316/2738/835 315/2739/835 621/2740/835
f 538/2741/836 525/2742/836 537/2743/836 532/2744/836
f 757/2745/837 451/2746/837 454/2747/837 760/2748/837
f 665/2749/838 666/2750/838 360/2751/839 359/2752/838
f 347/2753/840 342/2754/840 344/2755/840 346/2756/840
f 697/2757/841 700/2758/842 699/2759/842 689/2760/842
f 352/2761/843 350/2762/843 338/2763/843 348/2764/843
f 507/2765/844 509/2766/844 517/2767/844 505/2768/844
f 769/2769/845 785/2770/845 479/2771/845 463/2772/845
f 658/2773/846 654/2774/846 644/2775/846 656/2776/846
f 779/2777/847 785/2778/847 769/2779/847 777/2780/847
f 765/2781/848 757/2782/849 760/2783/849 750/2784/849
f 637/2785/850 626/2786/850 625/2787/850 634/2788/850
f 843/2789/851 835/2790/851 833/2791/851 831/2792/851
f 870/2793/852 564/2794/852 576/2795/852 882/2796/852
f 854/2797/853 548/2798/853 547/2799/853 853/2800/853
f 836/2801/854 530/2802/854 534/2803/854 840/2804/854
f 549/2805/855 546/2806/855 556/2807/855 550/2808/855
f 798/2809/856 492/2810/856 499/2811/856 805/2812/856
f 478/2813/857 465/2814/857 470/2815/857 473/2816/857
f 707/2817/858 401/2818/858 411/2819/858 717/2820/858
f 690/2821/859 692/2822/860 386/2823/860 384/2824/861
f 774/2825/862 468/2826/862 467/2827/862 773/2828/862
f 722/2829/863 711/2830/863 723/2831/863 725/2832/863
f 590/2833/864 284/2834/864 291/2835/864 597/2836/864
f 823/2837/865 811/2838/865 824/2839/865 818/2840/865
f 769/2841/866 463/2842/866 462/2843/866 768/2844/866
f 624/2845/867 635/2846/867 637/2847/867 634/2848/867
f 653/2849/868 347/2850/868 354/2851/868 660/2852/868
f 376/2853/869 366/2854/869 372/2855/869 361/2856/869
f 859/2857/870 850/2858/871 865/2859/872 860/2860/871
f 788/2861/873 482/2862/873 480/2863/873 786/2864/873
f 352/2865/874 348/2866/874 339/2867/874 340/2868/874
f 877/2869/875 884/2870/875 578/2871/875 571/2872/875
f 807/2873/876 806/2874/876 500/2875/876 501/2876/876
f 816/2877/877 809/2878/877 808/2879/877 817/2880/877
f 416/2881/878 419/2882/878 417/2883/878 405/2884/878
f 376/2885/879 371/2886/880 360/2887/880 375/2888/880
f 697/2889/881 391/2890/881 399/2891/881 705/2892/881
f 437/2893/882 425/2894/882 430/2895/882 439/2896/882
f 719/2897/883 413/2898/883 412/2899/883 718/2900/883
f 877/2901/884 571/2902/884 579/2903/884 885/2904/884
f 792/2905/885 803/2906/885 497/2907/885 486/2908/885
f 469/2909/886 466/2910/886 477/2911/886 470/2912/886
f 642/2913/887 640/2914/887 334/2915/887 336/2916/887
f 883/2917/888 577/2918/888 566/2919/888 872/2920/888
f 590/2921/889 596/2922/889 290/2923/889 284/2924/889
f 608/2925/890 619/2926/890 313/2927/890 302/2928/890
f 822/2929/891 516/2930/891 506/2931/891 812/2932/891
f 497/2933/892 490/2934/893 489/2935/893 486/2936/893
f 295/2937/894 307/2938/894 308/2939/895 297/2940/894
f 582/2941/896 276/2942/896 274/2943/896 580/2944/896
f 752/2945/897 762/2946/897 456/2947/897 446/2948/897
f 642/2949/898 336/2950/898 335/2951/898 641/2952/898
f 906/2953/899 967/2954/899 966/2955/899 902/2956/899
f 920/2957/900 921/2958/900 922/2959/900 919/2960/900
f 241/2961/901 246/2962/901 251/2963/901 245/2964/901
f 270/2965/902 265/2966/902 271/2967/902 273/2968/902
f 246/2969/903 247/2970/903 256/2971/903 251/2972/903
f 267/2973/904 262/2974/904 268/2975/904 273/2976/904
f 936/2977/905 935/2978/905 894/2979/905 895/2980/905
f 154/2981/906 159/2982/906 164/2983/906 158/2984/906
f 133/2985/907 142/2986/908 137/2987/908 178/2988/908
f 948/2989/909 947/2990/909 897/2991/909 896/2992/909
f 235/2993/910 241/2994/910 245/2995/910 240/2996/910
f 890/2997/911 934/2998/911 933/2999/911 891/3000/911
f 954/3001/912 953/3002/912 900/3003/912 901/3004/912
f 141/3005/913 147/3006/913 151/3007/913 146/3008/913
f 249/3009/914 254/3010/914 259/3011/914 253/3012/914
f 142/3013/915 143/3014/915 152/3015/915 147/3016/915
f 140/3017/916 146/3018/916 150/3019/916 145/3020/916
f 200/3021/917 199/3022/917 190/3023/917 195/3024/917
f 930/3025/918 929/3026/918 893/3027/918 892/3028/918
f 907/3029/919 968/3030/919 967/3031/919 906/3032/919
f 915/3033/920 914/3034/920 890/3035/920 891/3036/920
f 151/3037/921 157/3038/921 161/3039/921 156/3040/921
f 204/3041/922 209/3042/922 214/3043/922 208/3044/922
f 903/3045/923 950/3046/923 949/3047/923 902/3048/923
f 990/3049/924 989/3050/924 886/3051/924 887/3052/924
f 909/3053/925 908/3054/925 889/3055/925 888/3056/925
f 202/3057/926 207/3058/926 212/3059/926 206/3060/926
f 199/3061/927 200/3062/927 209/3063/927 204/3064/927
f 144/3065/928 149/3066/928 154/3067/928 148/3068/928
f 183/3069/929 184/3070/930 188/3071/931
f 133/3072/932 134/3073/932 138/3074/932
f 176/3075/933 175/3076/933 170/3077/933
f 222/3078/934 221/3079/934 216/3080/934
f 221/3081/935 220/3082/935 215/3083/935
f 177/3084/936 176/3085/936 171/3086/936
f 231/3087/937 227/3088/937 236/3089/937
f 269/3090/938 268/3091/938 263/3092/938
f 270/3093/939 269/3094/939 264/3095/939
f 183/3096/940 182/3097/941 225/3098/942 184/3099/943
f 231/3100/944 272/3101/944 227/3102/944
f 187/3103/945 193/3104/945 197/3105/945 192/3106/945
f 198/3107/946 204/3108/946 208/3109/946 203/3110/946
f 186/3111/947 192/3112/947 196/3113/947 191/3114/947
f 264/3115/948 269/3116/948 263/3117/948 259/3118/948
f 194/3119/949 199/3120/949 204/3121/949 198/3122/949
f 261/3123/950 266/3124/950 271/3125/950 265/3126/950
f 136/3127/951 140/3128/951 135/3129/952 178/3130/951
f 180/3131/953 184/3132/954 225/3133/955
f 946/3134/956 945/3135/956 899/3136/956 900/3137/956
f 138/3138/957 144/3139/957 148/3140/957 143/3141/957
f 255/3142/958 261/3143/958 265/3144/958 260/3145/958
f 185/3146/959 191/3147/959 195/3148/959 190/3149/959
f 156/3150/960 161/3151/960 166/3152/960 160/3153/960
f 146/3154/961 151/3155/961 156/3156/961 150/3157/961
f 149/3158/962 155/3159/962 159/3160/962 154/3161/962
f 982/3162/963 981/3163/963 899/3164/963 886/3165/963
f 160/3166/964 166/3167/964 170/3168/964 165/3169/964
f 972/3170/965 971/3171/965 904/3172/965 905/3173/965
f 197/3174/966 203/3175/966 207/3176/966 202/3177/966
f 196/3178/967 202/3179/967 206/3180/967 201/3181/967
f 231/3182/968 235/3183/969 230/3184/969 272/3185/969
f 228/3186/970 232/3187/970 227/3188/971 272/3189/970
f 240/3190/972 245/3191/972 250/3192/972 244/3193/972
f 177/3194/973 172/3195/974 173/3196/974 179/3197/974
f 230/3198/975 234/3199/975 229/3200/975 272/3201/975
f 255/3202/976 260/3203/977 250/3204/978 245/3205/979
f 209/3206/980 210/3207/980 219/3208/980 214/3209/980
f 162/3210/981 163/3211/981 172/3212/981 167/3213/981
f 244/3214/982 250/3215/982 254/3216/982 249/3217/982
f 207/3218/983 213/3219/983 217/3220/983 212/3221/983
f 889/3222/984 986/3223/984 985/3224/984 888/3225/984
f 271/3226/985 267/3227/986 273/3228/987
f 191/3229/988 196/3230/988 201/3231/988 195/3232/988
f 251/3233/989 256/3234/989 261/3235/989 255/3236/989
f 137/3237/990 141/3238/990 136/3239/990 178/3240/990
f 898/3241/991 937/3242/991 939/3243/991 897/3244/991
f 238/3245/992 243/3246/993 253/3247/994 248/3248/995
f 223/3249/996 218/3250/996 224/3251/996 226/3252/996
f 155/3253/997 160/3254/997 165/3255/997 159/3256/997
f 898/3257/998 916/3258/998 918/3259/998 893/3260/998
f 210/3261/999 209/3262/999 200/3263/999 205/3264/999
f 203/3265/1000 208/3266/1000 213/3267/1000 207/3268/1000
f 229/3269/1001 233/3270/1001 228/3271/1001 272/3272/1001
f 182/3273/1002 186/3274/1002 181/3275/1002 225/3276/1002
f 222/3277/1003 217/3278/1003 223/3279/1003 226/3280/1003
f 893/3281/1004 911/3282/1004 910/3283/1004 892/3284/1004
f 195/3285/1005 201/3286/1005 205/3287/1005 200/3288/1005
f 192/3289/1006 197/3290/1006 202/3291/1006 196/3292/1006
f 208/3293/1007 214/3294/1007 218/3295/1007 213/3296/1007
f 886/3297/1008 913/3298/1008 912/3299/1008 887/3300/1008
f 242/3301/1009 248/3302/1010 258/3303/1011 252/3304/1012
f 252/3305/1013 258/3306/1013 262/3307/1013 257/3308/1013
f 904/3309/1014 988/3310/1014 987/3311/1014 905/3312/1014
f 917/3313/1015 916/3314/1015 898/3315/1015 889/3316/1015
f 258/3317/1016 263/3318/1016 268/3319/1016 262/3320/1016
f 230/3321/1017 235/3322/1017 240/3323/1017 234/3324/1017
f 237/3325/1018 246/3326/1018 241/3327/1018 236/3328/1018
f 145/3329/1019 150/3330/1019 155/3331/1019 149/3332/1019
f 234/3333/1020 240/3334/1020 244/3335/1020 239/3336/1020
f 193/3337/1021 198/3338/1021 203/3339/1021 197/3340/1021
f 158/3341/1022 164/3342/1022 168/3343/1022 163/3344/1022
f 176/3345/1023 177/3346/1023 179/3347/1023 175/3348/1023
f 224/3349/1024 219/3350/1024 220/3351/1024 226/3352/1024
f 900/3353/1025 970/3354/1025 969/3355/1025 901/3356/1025
f 152/3357/1026 153/3358/1026 162/3359/1026 157/3360/1026
f 174/3361/1027 169/3362/1027 175/3363/1027 179/3364/1027
f 256/3365/1028 257/3366/1028 266/3367/1028 261/3368/1028
f 239/3369/1029 244/3370/1029 249/3371/1029 243/3372/1029
f 250/3373/1030 260/3374/1031 254/3375/1032
f 150/3376/1033 156/3377/1033 160/3378/1033 155/3379/1033
f 257/3380/1034 256/3381/1034 247/3382/1034 252/3383/1034
f 238/3384/1035 248/3385/1036 242/3386/1037
f 163/3387/1038 162/3388/1038 153/3389/1038 158/3390/1038
f 173/3391/1039 168/3392/1039 174/3393/1039 179/3394/1039
f 181/3395/1040 185/3396/1040 180/3397/1040 225/3398/1040
f 135/3399/1041 134/3400/1042 133/3401/1043 178/3402/1044
f 233/3403/1045 239/3404/1045 243/3405/1045 238/3406/1045
f 242/3407/1046 252/3408/1047 247/3409/1048
f 269/3410/1049 270/3411/1049 273/3412/1049 268/3413/1049
f 147/3414/1050 152/3415/1050 157/3416/1050 151/3417/1050
f 139/3418/1051 144/3419/1051 138/3420/1051 134/3421/1051
f 229/3422/1052 234/3423/1052 239/3424/1052 233/3425/1052
f 136/3426/1053 141/3427/1053 146/3428/1053 140/3429/1053
f 213/3430/1054 218/3431/1054 223/3432/1054 217/3433/1054
f 898/3434/1055 973/3435/1055 975/3436/1055 907/3437/1055
f 211/3438/1056 215/3439/1056 210/3440/1056 205/3441/1056
f 899/3442/1057 963/3443/1057 962/3444/1057 900/3445/1057
f 236/3446/1058 227/3447/1058 232/3448/1058 237/3449/1058
f 928/3450/1059 927/3451/1059 899/3452/1059 894/3453/1059
f 221/3454/1060 222/3455/1060 226/3456/1060 220/3457/1060
f 194/3458/1061 198/3459/1061 193/3460/1061 188/3461/1061
f 929/3462/1062 930/3463/1062 931/3464/1062 932/3465/1062
f 190/3466/1063 189/3467/1063 180/3468/1063 185/3469/1063
f 889/3470/1064 908/3471/1064 911/3472/1064 893/3473/1064
f 984/3474/1065 985/3475/1065 986/3476/1065 983/3477/1065
f 164/3478/1066 169/3479/1066 174/3480/1067 168/3481/1066
f 188/3482/1068 193/3483/1068 187/3484/1068 183/3485/1068
f 900/3486/1069 962/3487/1069 964/3488/1069 904/3489/1069
f 974/3490/1070 973/3491/1070 898/3492/1070 903/3493/1070
f 907/3494/1071 975/3495/1071 974/3496/1071 903/3497/1071
f 236/3498/1072 241/3499/1072 235/3500/1072 231/3501/1072
f 988/3502/1073 989/3503/1073 990/3504/1073 987/3505/1073
f 173/3506/1074 172/3507/1075 163/3508/1075 168/3509/1075
f 909/3510/1076 910/3511/1076 911/3512/1076 908/3513/1076
f 913/3514/1077 914/3515/1077 915/3516/1077 912/3517/1077
f 165/3518/1078 170/3519/1078 175/3520/1078 169/3521/1078
f 142/3522/1079 133/3523/1079 138/3524/1079 143/3525/1079
f 965/3526/1080 966/3527/1080 967/3528/1080 968/3529/1080
f 135/3530/1081 140/3531/1081 145/3532/1081 139/3533/1081
f 137/3534/1082 142/3535/1082 147/3536/1082 141/3537/1082
f 951/3538/1083 952/3539/1083 953/3540/1083 954/3541/1083
f 947/3542/1084 948/3543/1084 949/3544/1084 950/3545/1084
f 969/3546/1085 970/3547/1085 971/3548/1085 972/3549/1085
f 187/3550/1086 192/3551/1086 186/3552/1086 182/3553/1086
f 934/3554/1087 935/3555/1087 936/3556/1087 933/3557/1087
f 214/3558/1088 219/3559/1088 224/3560/1088 218/3561/1088
f 902/3562/1089 949/3563/1089 948/3564/1089 896/3565/1089
f 260/3566/1090 265/3567/1090 270/3568/1090 264/3569/1090
f 228/3570/1091 233/3571/1091 238/3572/1091 232/3573/1091
f 925/3574/1092 924/3575/1092 899/3576/1092 890/3577/1092
f 172/3578/1093 177/3579/1093 171/3580/1094 167/3581/1093
f 181/3582/1095 186/3583/1096 191/3584/1097 185/3585/1096
f 167/3586/1098 171/3587/1098 166/3588/1098 161/3589/1098
f 898/3590/1099 991/3591/1099 993/3592/1099 889/3593/1099
f 171/3594/1100 176/3595/1100 170/3596/1100 166/3597/1100
f 992/3598/1101 991/3599/1101 898/3600/1101 907/3601/1101
f 219/3602/1102 210/3603/1102 215/3604/1102 220/3605/1102
f 216/3606/1103 221/3607/1103 215/3608/1103 211/3609/1103
f 976/3610/1104 977/3611/1104 978/3612/1104 979/3613/1104
f 899/3614/1105 927/3615/1105 926/3616/1105 890/3617/1105
f 189/3618/1106 194/3619/1106 188/3620/1106 184/3621/1106
f 995/3622/1107 996/3623/1107 997/3624/1107 994/3625/1107
f 910/3626/1108 909/3627/1108 888/3628/1108 892/3629/1108
f 888/3630/1109 997/3631/1109 996/3632/1109 887/3633/1109
f 890/3634/1110 914/3635/1110 913/3636/1110 886/3637/1110
f 916/3638/1111 917/3639/1111 918/3640/1111
f 206/3641/1112 212/3642/1112 216/3643/1112 211/3644/1112
f 958/3645/1113 959/3646/1113 960/3647/1113 961/3648/1113
f 201/3649/1114 206/3650/1114 211/3651/1114 205/3652/1114
f 923/3653/1115 925/3654/1115 890/3655/1115 886/3656/1115
f 922/3657/1116 921/3658/1116 891/3659/1116 892/3660/1116
f 919/3661/1117 922/3662/1117 892/3663/1117 888/3664/1117
f 886/3665/1118 989/3666/1118 988/3667/1118 904/3668/1118
f 887/3669/1119 920/3670/1119 919/3671/1119 888/3672/1119
f 923/3673/1120 924/3674/1120 925/3675/1120
f 938/3676/1121 937/3677/1121 898/3678/1121 893/3679/1121
f 267/3680/1122 266/3681/1123 257/3682/1123 262/3683/1123
f 943/3684/1124 942/3685/1124 895/3686/1124 896/3687/1124
f 926/3688/1125 927/3689/1125 928/3690/1125
f 899/3691/1126 945/3692/1126 944/3693/1126 894/3694/1126
f 905/3695/1127 978/3696/1127 977/3697/1127 901/3698/1127
f 217/3699/1128 222/3700/1128 216/3701/1128 212/3702/1128
f 232/3703/1129 238/3704/1129 242/3705/1129 237/3706/1129
f 893/3707/1130 929/3708/1130 932/3709/1130 897/3710/1130
f 157/3711/1131 162/3712/1131 167/3713/1131 161/3714/1131
f 892/3715/1132 940/3716/1132 943/3717/1132 896/3718/1132
f 984/3719/1133 983/3720/1133 907/3721/1133 906/3722/1133
f 958/3723/1132 961/3724/1132 902/3725/1132 896/3726/1132
f 153/3727/1134 152/3728/1134 143/3729/1134 148/3730/1134
f 935/3731/1135 934/3732/1135 890/3733/1135 894/3734/1135
f 937/3735/1136 938/3736/1136 939/3737/1136
f 189/3738/1137 190/3739/1137 199/3740/1137 194/3741/1137
f 891/3742/1138 933/3743/1138 936/3744/1138 895/3745/1138
f 964/3746/1139 963/3747/1139 899/3748/1139 904/3749/1139
f 939/3750/1140 938/3751/1140 893/3752/1140 897/3753/1140
f 891/3754/1141 921/3755/1141 920/3756/1141 887/3757/1141
f 891/3758/1142 941/3759/1142 940/3760/1142 892/3761/1142
f 942/3762/1141 941/3763/1141 891/3764/1141 895/3765/1141
f 944/3766/1143 945/3767/1143 946/3768/1143
f 254/3769/1144 260/3770/1144 264/3771/1144 259/3772/1144
f 918/3773/1145 917/3774/1145 889/3775/1145 893/3776/1145
f 247/3777/1146 246/3778/1146 237/3779/1146 242/3780/1146
f 947/3781/1147 950/3782/1147 903/3783/1147 897/3784/1147
f 906/3785/1148 979/3786/1148 978/3787/1148 905/3788/1148
f 159/3789/1149 165/3790/1149 169/3791/1149 164/3792/1149
f 895/3793/1150 951/3794/1150 954/3795/1150 901/3796/1150
f 966/3797/1151 965/3798/1151 903/3799/1151 902/3800/1151
f 993/3801/1152 992/3802/1152 907/3803/1152 889/3804/1152
f 955/3805/1153 956/3806/1153 957/3807/1153
f 899/3808/1154 981/3809/1154 980/3810/1154 904/3811/1154
f 903/3812/1155 957/3813/1155 956/3814/1155 897/3815/1155
f 961/3816/1156 960/3817/1156 901/3818/1156 902/3819/1156
f 996/3820/1141 995/3821/1141 905/3822/1141 887/3823/1141
f 901/3824/1141 960/3825/1141 959/3826/1141 895/3827/1141
f 962/3828/1157 963/3829/1157 964/3830/1157
f 139/3831/1158 145/3832/1158 149/3833/1158 144/3834/1158
f 956/3835/1159 955/3836/1159 898/3837/1159 897/3838/1159
f 965/3839/1160 968/3840/1160 907/3841/1160 903/3842/1160
f 894/3843/1161 952/3844/1161 951/3845/1161 895/3846/1161
f 901/3847/1162 969/3848/1162 972/3849/1162 905/3850/1162
f 897/3851/1163 932/3852/1163 931/3853/1163 896/3854/1163
f 907/3855/1164 983/3856/1164 986/3857/1164 889/3858/1164
f 971/3859/1165 970/3860/1165 900/3861/1165 904/3862/1165
f 973/3863/1166 974/3864/1166 975/3865/1166
f 898/3866/1167 955/3867/1167 957/3868/1167 903/3869/1167
f 912/3870/1168 915/3871/1168 891/3872/1168 887/3873/1168
f 976/3874/1132 979/3875/1132 906/3876/1132 902/3877/1132
f 977/3878/1169 976/3879/1169 902/3880/1169 901/3881/1169
f 941/3882/1170 942/3883/1170 943/3884/1170 940/3885/1170
f 980/3886/1171 981/3887/1171 982/3888/1171
f 253/3889/1172 259/3890/1172 263/3891/1172 258/3892/1172
f 899/3893/1173 924/3894/1173 923/3895/1173 886/3896/1173
f 148/3897/1174 154/3898/1174 158/3899/1174 153/3900/1174
f 980/3901/1175 982/3902/1175 886/3903/1175 904/3904/1175
f 985/3905/1176 984/3906/1176 906/3907/1176 888/3908/1176
f 987/3909/1177 990/3910/1177 887/3911/1177 905/3912/1177
f 895/3913/1178 959/3914/1178 958/3915/1178 896/3916/1178
f 991/3917/1179 992/3918/1179 993/3919/1179
f 953/3920/1180 952/3921/1180 894/3922/1180 900/3923/1180
f 894/3924/1181 944/3925/1181 946/3926/1181 900/3927/1181
f 906/3928/1132 994/3929/1132 997/3930/1132 888/3931/1132
f 995/3932/1182 994/3933/1182 906/3934/1182 905/3935/1182
f 931/3936/1183 930/3937/1183 892/3938/1183 896/3939/1183
f 183/3940/1184 187/3941/1185 182/3942/1186
f 180/3943/1187 189/3944/1188 184/3945/1189
f 248/3946/1190 253/3947/1191 258/3948/1192
f 271/3949/1193 266/3950/1194 267/3951/1195
f 135/3952/1196 139/3953/1044 134/3954/1197
f 243/3955/1198 249/3956/1199 253/3957/1200
f 245/3958/1201 251/3959/1202 255/3960/1203
f 890/3961/1204 926/3962/1204 928/3963/1204 894/3964/1204
