# Blender v3.0.0 OBJ File: 'aa.blend'
# www.blender.org
mtllib Palm_1.mtl
o Palm_1
v 0.006545 0.000011 -0.168428
v -0.164637 2.607830 -0.222082
v 0.137756 -0.000493 -0.080941
v -0.043690 2.641438 -0.143357
v 0.126803 -0.000435 0.077345
v -0.039739 2.612650 0.001776
v -0.013677 0.000775 0.143929
v -0.156259 2.550473 0.067949
v -0.142856 0.000126 0.056665
v -0.276754 2.516984 -0.010427
v -0.133695 0.000017 -0.100262
v -0.281196 2.545548 -0.155335
v 0.061317 0.226375 -0.172045
v 0.085092 0.460485 -0.187758
v 0.102744 0.695902 -0.204362
v 0.113471 0.932540 -0.222587
v 0.116718 1.170081 -0.244096
v 0.106904 1.409325 -0.263667
v 0.084727 1.649437 -0.279837
v 0.048966 1.889910 -0.285511
v -0.004093 2.129231 -0.281008
v -0.075671 2.369697 -0.262888
v 0.052728 2.406953 -0.178729
v 0.137325 2.167066 -0.188892
v 0.204381 1.924473 -0.184947
v 0.251890 1.678429 -0.171859
v 0.280301 1.431199 -0.151355
v 0.295348 1.184631 -0.127726
v 0.295926 0.940025 -0.102849
v 0.290751 0.696632 -0.080007
v 0.278186 0.454738 -0.059051
v 0.256717 0.214965 -0.040160
v 0.049633 2.395730 -0.021302
v 0.129809 2.168987 -0.016123
v 0.194572 1.934045 0.002883
v 0.240598 1.694173 0.028351
v 0.268301 1.451408 0.055117
v 0.282950 1.207674 0.084433
v 0.283280 0.963896 0.113927
v 0.277669 0.720421 0.143863
v 0.264579 0.477302 0.171683
v 0.243138 0.235081 0.194158
v -0.081406 2.347400 0.051643
v -0.018875 2.133119 0.064185
v 0.029564 1.909059 0.089746
v 0.062315 1.680905 0.120163
v 0.083017 1.449708 0.148886
v 0.091969 1.216127 0.179868
v 0.088169 0.980247 0.210664
v 0.076526 0.743456 0.243112
v 0.057780 0.505602 0.273482
v 0.033301 0.266283 0.298672
v -0.209292 2.310297 -0.032259
v -0.159865 2.095387 -0.027883
v -0.125393 1.874570 -0.010837
v -0.104387 1.651957 0.012120
v -0.089970 1.427848 0.036472
v -0.086328 1.201560 0.063358
v -0.094028 0.972734 0.090764
v -0.111276 0.742693 0.118574
v -0.135166 0.511317 0.144572
v -0.163101 0.278266 0.166649
v -0.206665 2.321368 -0.189350
v -0.152605 2.093420 -0.200296
v -0.115801 1.864992 -0.198257
v -0.093273 1.636233 -0.187658
v -0.078087 1.407674 -0.169596
v -0.073975 1.178558 -0.148444
v -0.081369 0.948898 -0.125706
v -0.098136 0.718928 -0.105027
v -0.121458 0.488764 -0.085931
v -0.148610 0.258175 -0.068323
v 0.059492 0.258035 -0.095651
v 0.190176 0.250640 -0.007750
v 0.180675 0.264288 0.148934
v 0.040596 0.285341 0.217939
v -0.090226 0.292769 0.130241
v -0.080833 0.279110 -0.026667
v 0.082848 0.493028 -0.113268
v 0.211413 0.489657 -0.027381
v 0.202296 0.504835 0.126155
v 0.064675 0.523406 0.194064
v -0.064086 0.526810 0.108362
v -0.055033 0.511610 -0.045437
v 0.100046 0.728944 -0.132274
v 0.225084 0.729916 -0.049365
v 0.216353 0.745825 0.099476
v 0.082598 0.760793 0.165705
v -0.042694 0.759848 0.082960
v -0.033979 0.743907 -0.066182
v 0.110406 0.965665 -0.153028
v 0.231751 0.971150 -0.073172
v 0.223338 0.987058 0.070996
v 0.093550 0.997520 0.135648
v -0.028109 0.992054 0.055936
v -0.019665 0.976108 -0.088575
v 0.112102 1.203077 -0.176132
v 0.230860 1.213312 -0.098524
v 0.222666 1.228517 0.042599
v 0.095610 1.233523 0.106500
v -0.023548 1.223279 0.028998
v -0.015245 1.208037 -0.112522
v 0.101397 1.441439 -0.197353
v 0.216573 1.456537 -0.122491
v 0.208710 1.469763 0.014802
v 0.085507 1.467915 0.077648
v -0.030122 1.452778 0.002855
v -0.022088 1.439529 -0.134864
v 0.078374 1.680099 -0.214935
v 0.189054 1.699854 -0.143173
v 0.181744 1.710011 -0.010405
v 0.063552 1.700414 0.051002
v -0.047576 1.680593 -0.020732
v -0.040061 1.670436 -0.153906
v 0.041063 1.918400 -0.223573
v 0.143629 1.941710 -0.156958
v 0.137398 1.947644 -0.032745
v 0.028366 1.930231 0.025206
v -0.074624 1.906825 -0.041439
v -0.068152 1.900928 -0.166014
v -0.013109 2.154956 -0.223070
v 0.080140 2.180227 -0.162169
v 0.075587 2.180986 -0.047970
v -0.022591 2.156357 0.005642
v -0.116305 2.130950 -0.055454
v -0.111360 2.130313 -0.169975
v -0.084854 2.391143 -0.207948
v -0.000265 2.415734 -0.152501
v -0.001442 2.407195 -0.048592
v -0.087770 2.373827 0.000162
v -0.172896 2.349089 -0.055678
v -0.171146 2.357870 -0.159869
v -0.406688 3.234980 -0.015193
v -0.310404 3.248104 0.041215
v -0.307579 3.232307 0.152483
v -0.401374 3.203196 0.207735
v -0.498176 3.189953 0.151183
v -0.500647 3.205941 0.039538
v -0.256002 2.818497 -0.158165
v -0.342502 3.025482 -0.073865
v -0.239988 3.045722 -0.011342
v -0.140070 2.847068 -0.084481
v -0.232978 3.014314 0.106086
v -0.131656 2.809339 0.050300
v -0.328551 2.962573 0.161193
v -0.238965 2.743137 0.111380
v -0.431283 2.942242 0.098677
v -0.354768 2.714562 0.037900
v -0.438213 2.973747 -0.018951
v -0.363403 2.752195 -0.096884
v -0.168386 2.612652 -0.180415
v -0.080421 2.637014 -0.123264
v -0.076959 2.615501 -0.017701
v -0.161711 2.569500 0.030782
v -0.249872 2.545111 -0.026583
v -0.253076 2.566748 -0.132200
v -0.262889 2.828167 -0.104676
v -0.186482 2.846682 -0.056407
v -0.180819 2.821762 0.032274
v -0.251569 2.778373 0.072534
v -0.327847 2.759929 0.024210
v -0.333515 2.784799 -0.064321
v -0.348620 3.037471 -0.027482
v -0.280463 3.050571 0.013764
v -0.276198 3.030271 0.091745
v -0.339811 2.997052 0.128118
v -0.407505 2.984073 0.086985
v -0.412066 3.004191 0.009352
v -0.464524 3.766061 0.088289
v -0.417547 3.769503 0.115401
v -0.417673 3.773162 0.169625
v -0.464774 3.773380 0.196737
v -0.511750 3.769938 0.169625
v -0.511625 3.766279 0.115401
v -0.437349 3.445752 -0.002763
v -0.339021 3.453307 0.054047
v -0.338990 3.459528 0.167782
v -0.437751 3.458113 0.225158
v -0.536695 3.450491 0.168133
v -0.536237 3.444354 0.053967
v -0.410785 3.249168 0.015094
v -0.337458 3.258812 0.057809
v -0.335921 3.247841 0.142400
v -0.407242 3.227353 0.183803
v -0.479931 3.217798 0.141304
v -0.481961 3.228641 0.057165
v -0.440311 3.472802 0.036156
v -0.374901 3.477609 0.073892
v -0.375127 3.482643 0.149369
v -0.440657 3.482887 0.187012
v -0.505930 3.478096 0.149324
v -0.505815 3.473043 0.073944
v -0.592127 3.648287 0.393671
v -0.575822 3.660743 0.417632
v -0.546367 3.647186 0.416410
v -0.544667 3.626291 0.391453
v -0.572954 3.626893 0.377359
v -0.603817 3.685619 0.405843
v -0.549901 3.684269 0.433326
v -0.513165 3.643187 0.402156
v -0.544650 3.619179 0.355969
v -0.600964 3.645243 0.358301
v -0.625366 3.695830 0.361705
v -0.581055 3.729671 0.426775
v -0.501897 3.692922 0.423389
v -0.497481 3.636457 0.356180
v -0.573622 3.638130 0.318039
v -0.615963 3.759145 0.383459
v -0.525990 3.757178 0.428459
v -0.464945 3.689219 0.376704
v -0.517153 3.649419 0.300070
v -0.610638 3.692541 0.304051
v -0.623194 3.765167 0.318721
v -0.568319 3.807019 0.399290
v -0.470040 3.761679 0.395057
v -0.464523 3.691767 0.311620
v -0.558981 3.693769 0.264334
v -0.596036 3.827858 0.341969
v -0.506200 3.825959 0.386953
v -0.445040 3.758003 0.335270
v -0.497305 3.718126 0.258512
v -0.590818 3.761353 0.262596
v -0.587593 3.826405 0.282937
v -0.543321 3.860178 0.347892
v -0.464259 3.823467 0.344575
v -0.459639 3.766981 0.277328
v -0.535932 3.768698 0.239282
v -0.553006 3.862330 0.299384
v -0.498740 3.861247 0.326498
v -0.462447 3.819874 0.295653
v -0.493818 3.795888 0.249561
v -0.549871 3.822205 0.251429
v -0.533408 3.852081 0.270754
v -0.517059 3.864548 0.294766
v -0.486653 3.852213 0.292242
v -0.486991 3.829053 0.269734
v -0.513173 3.831960 0.253265
v -0.569230 3.632451 0.405072
v -0.505561 3.854643 0.271334
v -0.377134 3.630857 0.097089
v -0.353249 3.627820 0.117827
v -0.326600 3.637594 0.102355
v -0.334119 3.646750 0.071970
v -0.365140 3.642612 0.068733
v -0.386083 3.634541 0.131956
v -0.326353 3.642465 0.138182
v -0.303436 3.665110 0.083957
v -0.349382 3.671399 0.044589
v -0.400476 3.652220 0.073858
v -0.426095 3.663383 0.114316
v -0.361699 3.655000 0.170026
v -0.289881 3.681489 0.128492
v -0.309921 3.706383 0.046799
v -0.394081 3.695202 0.038013
v -0.415304 3.686058 0.168660
v -0.316203 3.699220 0.179015
v -0.278244 3.736549 0.088955
v -0.354260 3.746383 0.023043
v -0.439099 3.715168 0.072213
v -0.451961 3.736282 0.132311
v -0.372084 3.726014 0.201475
v -0.282934 3.758759 0.149897
v -0.307890 3.789335 0.048483
v -0.412100 3.775487 0.037589
v -0.424937 3.767037 0.183829
v -0.325661 3.780226 0.194203
v -0.287817 3.817574 0.104036
v -0.363806 3.827344 0.038283
v -0.448597 3.796201 0.087309
v -0.444165 3.817137 0.143063
v -0.379826 3.808752 0.198991
v -0.308015 3.835235 0.157237
v -0.328125 3.860127 0.075647
v -0.412118 3.848970 0.066878
v -0.410494 3.842452 0.170625
v -0.350851 3.850378 0.176846
v -0.327951 3.873466 0.122996
v -0.373843 3.879319 0.083302
v -0.425045 3.860571 0.112889
v -0.405632 3.872461 0.142849
v -0.381247 3.866175 0.161425
v -0.355199 3.879178 0.148100
v -0.362361 3.886617 0.116682
v -0.393423 3.882482 0.113449
v -0.349953 3.625971 0.089318
v -0.380653 3.887390 0.137775
v -0.592612 3.687185 -0.039693
v -0.582683 3.663688 -0.024111
v -0.561205 3.650447 -0.037063
v -0.557914 3.665629 -0.060598
v -0.577409 3.688380 -0.062098
v -0.598516 3.691329 -0.008724
v -0.561307 3.647821 -0.005927
v -0.532095 3.650126 -0.048916
v -0.550987 3.695084 -0.078694
v -0.591701 3.720561 -0.053493
v -0.603379 3.740983 -0.015983
v -0.576797 3.677766 0.025708
v -0.519274 3.642283 -0.009380
v -0.510079 3.683024 -0.072510
v -0.562266 3.744237 -0.076530
v -0.589723 3.737246 0.033521
v -0.527803 3.665118 0.038229
v -0.479419 3.668936 -0.033030
v -0.510874 3.743448 -0.082585
v -0.578917 3.785388 -0.041127
v -0.579343 3.798743 0.014028
v -0.546213 3.720393 0.066154
v -0.474719 3.676441 0.022544
v -0.463315 3.726903 -0.055919
v -0.528468 3.802759 -0.060913
v -0.551841 3.787322 0.061873
v -0.489955 3.715118 0.066675
v -0.441477 3.718948 -0.004734
v -0.473009 3.793518 -0.054201
v -0.540990 3.835299 -0.012742
v -0.531435 3.835750 0.037772
v -0.504938 3.772587 0.079490
v -0.447302 3.736943 0.044496
v -0.438260 3.777847 -0.018675
v -0.490416 3.838989 -0.022616
v -0.501285 3.819619 0.064121
v -0.464447 3.775915 0.066597
v -0.435275 3.778227 0.023633
v -0.453730 3.823369 -0.005871
v -0.494836 3.848603 0.019049
v -0.480804 3.834974 0.044035
v -0.469597 3.812233 0.060470
v -0.450580 3.797661 0.045797
v -0.444873 3.814174 0.024051
v -0.465575 3.836165 0.021608
v -0.579700 3.664254 -0.048724
v -0.457933 3.825494 0.042513
v -0.497837 4.004166 0.118103
v -0.467829 4.045177 -0.075818
v -0.312464 4.056654 0.068127
v -0.017419 4.061190 -0.092339
v -0.131918 3.987307 -0.589284
v 0.327098 3.893049 -0.532159
v 0.311882 3.670614 -0.812055
v 0.404825 3.676415 -0.722363
v 0.422084 3.556908 -0.821936
v 0.366839 3.679383 -0.775451
v 0.234580 3.909245 -0.661532
v -0.172169 4.116560 -0.245211
v -0.397619 4.080660 0.001777
v 0.045613 4.060075 -0.475260
v -0.326976 4.042245 -0.385791
v -0.301524 4.027825 -0.415550
v 0.117098 3.859098 -0.745680
v 0.149904 3.842437 -0.762681
v 0.219812 3.992853 -0.355011
v 0.198709 4.001026 -0.324142
v -0.487180 3.965570 0.114937
v -0.648375 4.027648 0.230614
v -0.663333 4.009477 0.000426
v -0.821298 4.047829 0.305288
v -0.844903 4.018930 -0.058135
v -1.019939 3.994018 -0.092527
v -1.306267 3.973266 0.395340
v -1.640769 3.816469 0.038836
v -1.865609 3.605247 0.327090
v -1.872165 3.592703 0.187884
v -1.975406 3.471711 0.285146
v -1.880977 3.605265 0.256333
v -1.661436 3.856278 0.202426
v -0.642965 4.044757 0.110901
v -0.820906 4.081454 0.114664
v -0.996216 4.033487 0.367582
v -1.037095 4.019851 0.375214
v -1.001733 4.084282 0.123848
v -1.637054 3.822899 0.367219
v -1.677468 3.803487 0.361086
v -1.411187 3.919049 -0.045994
v -1.370605 3.926436 -0.056119
v -1.359593 4.019101 0.157290
v -0.493880 3.970797 0.109149
v -0.350599 3.997288 0.246017
v -0.557137 4.015125 0.288118
v -0.600440 4.000082 0.626397
v -0.139722 3.892495 0.829127
v -0.465856 3.789467 1.176549
v -0.254692 3.545223 1.339909
v -0.381145 3.554971 1.363091
v -0.323636 3.426901 1.441659
v -0.315578 3.555396 1.362916
v -0.305309 3.798767 1.176370
v -0.450532 4.036867 0.257681
v -0.182961 3.967927 0.546641
v -0.175818 3.950590 0.585004
v -0.380070 4.048995 0.586271
v -0.173489 3.745209 1.131831
v -0.180949 3.726650 1.169348
v -0.535075 3.905697 0.979297
v -0.546773 3.916634 0.943747
v -0.328412 3.969473 0.903896
v -0.498353 4.010991 0.111066
v -0.312589 4.045510 0.042636
v -0.362565 4.051619 0.249512
v -0.079250 4.034502 0.433314
v 0.295357 3.954250 0.093374
v 0.462043 3.833727 0.529160
v 0.687386 3.603538 0.385607
v 0.654311 3.606146 0.511048
v 0.743295 3.482325 0.481023
v 0.682389 3.610137 0.451702
v 0.531189 3.852137 0.384488
v -0.343959 4.079136 0.142005
v 0.285188 4.019939 0.303713
v 0.026623 4.026422 0.017919
v 0.063800 4.009563 0.026177
v -0.017905 4.095574 0.220882
v 0.545257 3.806457 0.240869
v 0.574964 3.787466 0.262078
v 0.260877 3.944992 0.517625
v 0.224306 3.955181 0.513829
v -0.492225 3.966240 0.121354
v -0.772794 4.026624 -0.142303
v -0.440018 4.029478 -0.264083
v -0.452679 4.011815 -0.436711
v -0.984463 3.952862 -0.568008
v -0.726298 3.833009 -0.974257
v -1.030064 3.605421 -1.093374
v -0.900687 3.605249 -1.137905
v -1.004227 3.480520 -1.201230
v -0.889544 3.857586 -0.949685
v -0.599753 4.082997 -0.194868
v -0.968401 3.611468 -1.127710
v -0.878703 4.010644 -0.287493
v -0.895897 3.997965 -0.323361
v -0.660784 4.083147 -0.364341
v -1.031844 3.811397 -0.878967
v -1.034900 3.793018 -0.917732
v -0.596049 3.938302 -0.787509
v -0.575955 3.946591 -0.752655
v -0.781496 4.020148 -0.681942
v -0.489992 3.885416 0.138208
v -0.657129 3.939475 0.129604
v -0.541695 3.937726 -0.028032
v -0.812131 3.960817 0.089522
v -0.623739 3.957739 -0.167798
v -0.720097 3.948819 -0.281915
v -1.167762 3.920258 -0.124618
v -1.187559 3.826549 -0.546366
v -1.485287 3.646408 -0.497232
v -1.413740 3.643919 -0.591473
v -1.531154 3.543148 -0.593047
v -1.456749 3.651076 -0.551239
v -0.588607 3.960024 0.056812
v -0.705366 4.000724 -0.034715
v -1.068936 3.976214 -0.300679
v -0.954253 3.955559 0.029601
v -0.984747 3.945471 0.011260
v -0.826865 4.011596 -0.126823
v -1.363036 3.813929 -0.332250
v -1.385676 3.799706 -0.360006
v -1.289840 3.851826 -0.449464
v -0.995631 3.904553 -0.469245
v -0.963490 3.909712 -0.453278
v -0.490955 3.861583 0.132784
v -0.564790 3.924235 0.304988
v -0.686764 3.907366 0.122870
v -1.023907 3.909746 0.212767
v -1.031635 3.900908 0.753493
v -1.488354 3.764624 0.617882
v -1.554885 3.571527 0.964626
v -1.627161 3.559955 0.852511
v -1.676317 3.448481 0.982798
v -1.600955 3.572234 0.913247
v -0.615567 3.946350 0.202795
v -0.782324 3.947345 0.581975
v -0.815729 3.934298 0.608684
v -0.899838 3.995452 0.383255
v -1.329440 3.770379 0.888134
v -1.367386 3.753244 0.902190
v -1.424679 3.803065 0.762822
v -1.330992 3.853458 0.438190
v -1.302096 3.859679 0.410139
v -1.178924 3.948987 0.577177
v -0.544733 3.845315 0.223307
v -0.461298 3.878816 0.389769
v -0.661061 3.897265 0.356463
v -0.812813 3.900559 0.643370
v -0.467170 3.809623 0.987185
v -0.877305 3.727307 1.196498
v -0.744285 3.501626 1.435738
v -0.865700 3.511686 1.413151
v -0.841349 3.392709 1.514632
v -0.806590 3.512320 1.434885
v -0.732797 3.736966 1.248920
v -0.554583 3.917099 0.362971
v -0.410974 3.867147 0.714920
v -0.417661 3.852537 0.753111
v -0.600815 3.946525 0.676314
v -0.599885 3.683693 1.258513
v -0.619401 3.667647 1.291283
v -0.872588 3.828499 0.987340
v -0.871185 3.837194 0.950644
v -0.661047 3.886973 0.982786
v -0.506485 3.789336 0.143095
v -0.329475 3.862588 0.141902
v -0.461692 3.873170 0.299376
v -0.292076 3.946936 0.566146
v 0.196084 3.941434 0.435590
v 0.190508 3.913388 0.906676
v 0.513828 3.751038 0.935210
v 0.431698 3.755749 1.029978
v 0.558103 3.664201 1.074003
v 0.479561 3.761445 0.988152
v 0.305240 3.935285 0.802363
v -0.168562 3.999416 0.387722
v -0.408221 3.893658 0.205829
v -0.023252 3.930762 0.250593
v 0.009954 3.925845 0.276489
v 0.391891 3.885159 0.697773
v 0.414027 3.877540 0.732816
v -0.010035 3.960995 0.789873
v -0.042791 3.960519 0.770150
v 0.078175 4.016481 0.592386
v -0.501250 3.810344 0.159450
v -0.570594 3.862226 -0.007092
v -0.375504 3.881117 0.039087
v -0.209958 3.925018 -0.232094
v -0.534692 3.871769 -0.597439
v -0.125786 3.829115 -0.784461
v -0.258182 3.636530 -1.043710
v -0.139681 3.646647 -1.013355
v -0.166067 3.543098 -1.123015
v -0.196299 3.648420 -1.038337
v -0.263806 3.841567 -0.843924
v -0.412149 3.968578 -0.274698
v -0.478454 3.898202 0.028936
v -0.339145 3.951545 -0.576294
v -0.601555 3.891165 -0.328828
v -0.593845 3.882106 -0.367715
v -0.397152 3.787429 -0.865383
v -0.377291 3.776269 -0.897766
v -0.135762 3.900790 -0.571680
v -0.138907 3.904499 -0.534850
v -0.507487 3.768345 0.157851
v -0.431774 3.821502 -0.029995
v -0.317292 3.845232 0.157520
v 0.023261 3.889667 0.075849
v 0.058647 3.820476 -0.456842
v 0.522432 3.773413 -0.273602
v 0.626028 3.554189 -0.559234
v 0.693752 3.567106 -0.443470
v 0.761031 3.450226 -0.538596
v 0.669556 3.568026 -0.507322
v 0.461957 3.784674 -0.429548
v -0.388815 3.862928 0.067241
v 0.192147 3.910839 -0.293760
v -0.203840 3.846822 -0.304861
v -0.167579 3.835996 -0.327790
v -0.100952 3.935079 -0.121037
v 0.376359 3.723110 -0.546337
v 0.416983 3.710529 -0.554410
v 0.346988 3.856756 -0.124353
v 0.315939 3.861496 -0.099147
v -0.565079 3.927410 0.134325
v -0.395369 4.055196 0.222125
v -0.638103 4.026401 0.230903
v -0.765671 4.081662 0.488878
v -0.285241 4.169702 0.711325
v -0.685813 4.070953 0.987677
v -0.407890 3.953916 1.215819
v -0.552950 3.933473 1.221407
v -0.486622 3.850976 1.332068
v -0.497399 3.945009 1.224441
v -0.555932 4.157313 0.456812
v -0.558533 4.053288 0.211584
v -0.539325 4.181727 0.726845
v -0.286440 4.153315 0.466862
v -0.280777 4.149712 0.504268
v -0.343902 4.105091 0.989740
v -0.354492 4.094044 1.025414
v -0.519042 4.112480 0.992766
v -0.752556 4.105838 0.792958
v -0.759736 4.101967 0.760116
v -0.503853 4.019711 0.105837
v -0.424113 4.098825 0.077469
v -0.473229 4.079067 0.199737
v -0.349991 4.164233 0.335835
v -0.094247 4.256866 0.165000
v -0.002898 4.253146 0.450186
v 0.234448 4.227677 0.392194
v 0.203582 4.214390 0.466762
v 0.310024 4.189468 0.461598
v 0.221498 4.226385 0.431929
v -0.313356 4.209661 0.207045
v -0.457637 4.098629 0.132967
v -0.152230 4.263184 0.286927
v -0.251435 4.205460 0.091785
v -0.225461 4.213320 0.100663
v 0.080484 4.279721 0.280582
v 0.104169 4.275181 0.298458
v 0.037522 4.283915 0.365805
v -0.150790 4.229971 0.417886
v -0.172262 4.223937 0.412473
v -0.494611 3.990440 0.122628
v -0.581908 4.109265 -0.041377
v -0.371078 4.113995 -0.018990
v -0.332248 4.150275 -0.108359
v -0.580625 4.198339 -0.313603
v -0.328909 4.221067 -0.484757
v -0.446775 4.165323 -0.694000
v -0.364853 4.165794 -0.684406
v -0.396376 4.129666 -0.783300
v -0.404730 4.171910 -0.693134
v -0.424685 4.240242 -0.502437
v -0.478596 4.135783 -0.004529
v -0.599900 4.147023 -0.138610
v -0.599102 4.151482 -0.164375
v -0.467708 4.183777 -0.096864
v -0.517205 4.211552 -0.519229
v -0.506564 4.212588 -0.545992
v -0.314363 4.214618 -0.330257
v -0.312823 4.207975 -0.305243
v -0.446725 4.243005 -0.293945
v -0.475766 3.987969 0.117489
v -0.497439 4.065907 0.203261
v -0.560435 4.063588 0.075497
v -0.739937 4.165068 0.079616
v -0.772483 4.235921 0.408411
v -1.060657 4.261276 0.276435
v -1.188590 4.219342 0.503644
v -1.226181 4.216522 0.425658
v -1.302317 4.185642 0.513022
v -1.018527 4.285590 0.368694
v -0.510387 4.077145 0.129618
v -0.822051 4.276759 0.272539
v -1.210414 4.224710 0.465293
v -0.614414 4.172697 0.334604
v -0.639451 4.178487 0.348282
v -0.648255 4.203203 0.190030
v -0.986357 4.259735 0.463522
v -1.015635 4.261999 0.468905
v -0.934476 4.244969 0.179103
v -0.914403 4.236660 0.164434
v -0.492288 3.994261 0.112757
v -0.462421 4.034198 -0.074939
v -0.313030 4.045224 0.063631
v -0.021734 4.049575 -0.094752
v -0.131299 3.977051 -0.581464
v 0.317968 3.884232 -0.527404
v 0.305113 3.664365 -0.801599
v 0.394940 3.669840 -0.715122
v 0.413070 3.551955 -0.812453
v 0.358170 3.673152 -0.766319
v 0.227941 3.900409 -0.653941
v -0.172413 4.104537 -0.244442
v -0.394324 4.068977 -0.001011
v 0.042496 4.048863 -0.470661
v -0.322506 4.031145 -0.382703
v -0.299121 4.017086 -0.409622
v 0.115227 3.850470 -0.736015
v 0.144058 3.835708 -0.752059
v 0.211896 3.982786 -0.352075
v 0.192568 3.990007 -0.324395
v -0.495354 3.955547 0.116486
v -0.653174 4.016204 0.228853
v -0.667777 3.998585 0.005263
v -0.823212 4.036011 0.302231
v -0.846208 4.007889 -0.052222
v -1.018276 3.983232 -0.086135
v -1.302071 3.962266 0.391162
v -1.631518 3.808130 0.043040
v -1.854215 3.598394 0.325320
v -1.860587 3.586260 0.190438
v -1.962928 3.466417 0.285221
v -1.869052 3.598789 0.256722
v -1.652195 3.847313 0.202960
v -0.648679 4.033388 0.112528
v -0.822965 4.069470 0.116195
v -0.996439 4.021698 0.364195
v -1.035092 4.008408 0.371260
v -1.000880 4.072327 0.125406
v -1.629809 3.813494 0.363115
v -1.666645 3.796076 0.358672
v -1.404040 3.909604 -0.041124
v -1.366908 3.916162 -0.049956
v -1.354846 4.007887 0.158025
v -0.494102 3.960459 0.116419
v -0.355996 3.986289 0.249372
v -0.554612 4.003458 0.289724
v -0.597491 3.988439 0.623720
v -0.147562 3.882698 0.824650
v -0.465566 3.780906 1.166336
v -0.259885 3.539234 1.328431
v -0.382106 3.548577 1.350972
v -0.326648 3.422075 1.428963
v -0.318667 3.549374 1.350697
v -0.308634 3.790279 1.166555
v -0.451725 4.024944 0.261499
v -0.189565 3.956978 0.547864
v -0.183308 3.940201 0.582925
v -0.382102 4.037058 0.585121
v -0.181168 3.737043 1.124493
v -0.186832 3.720253 1.158472
v -0.534218 3.895891 0.970933
v -0.544476 3.905736 0.938452
v -0.331672 3.958594 0.898366
v -0.491852 4.000662 0.113196
v -0.311773 4.034261 0.047688
v -0.359955 4.040127 0.246671
v -0.080294 4.023067 0.428247
v 0.287876 3.944149 0.097513
v 0.452827 3.825378 0.523518
v 0.674594 3.597663 0.384699
v 0.642809 3.600013 0.505947
v 0.730375 3.477755 0.477701
v 0.669850 3.604319 0.448546
v 0.520717 3.843718 0.382299
v -0.340967 4.067203 0.143407
v 0.278732 4.008981 0.303097
v 0.025000 4.015163 0.023186
v 0.058721 3.998845 0.030968
v -0.019795 4.083583 0.220919
v 0.535180 3.798086 0.243762
v 0.562420 3.781115 0.262028
v 0.253665 3.935341 0.512141
v 0.220581 3.944487 0.508270
v -0.494764 3.955664 0.115296
v -0.769879 4.015165 -0.145269
v -0.444852 4.017964 -0.264144
v -0.457593 4.000555 -0.433321
v -0.978179 3.942333 -0.565124
v -0.726965 3.824446 -0.964006
v -1.024362 3.599082 -1.082698
v -0.899237 3.598881 -1.125837
v -1.000203 3.475634 -1.188984
v -0.886559 3.848769 -0.940430
v -0.601162 4.070984 -0.197434
v -0.964712 3.605307 -1.115899
v -0.874219 3.999322 -0.288855
v -0.890458 3.986958 -0.322633
v -0.660987 4.071109 -0.363078
v -1.024900 3.802515 -0.873054
v -1.028680 3.786140 -0.907810
v -0.597888 3.928505 -0.779160
v -0.580003 3.935854 -0.747342
v -0.779846 4.008918 -0.677151
v -0.497329 3.875770 0.133244
v -0.659864 3.928453 0.124152
v -0.548341 3.926800 -0.028292
v -0.811819 3.949350 0.084832
v -0.628757 3.946425 -0.165208
v -0.723178 3.937534 -0.277088
v -1.162011 3.909323 -0.126226
v -1.183323 3.817431 -0.538013
v -1.475422 3.639144 -0.491922
v -1.406569 3.636750 -0.582675
v -1.521651 3.537290 -0.585459
v -1.447887 3.644015 -0.543880
v -0.594178 3.948918 0.053314
v -0.708117 3.988807 -0.036030
v -1.066049 3.964677 -0.298221
v -0.952430 3.944026 0.025778
v -0.980864 3.934212 0.008329
v -0.827403 3.999520 -0.126252
v -1.354961 3.804409 -0.331657
v -1.375847 3.791939 -0.355626
v -1.283207 3.842352 -0.443962
v -0.993489 3.894388 -0.461868
v -0.964887 3.898830 -0.447253
v -0.498114 3.852131 0.138432
v -0.570217 3.912893 0.304786
v -0.687594 3.896679 0.129468
v -1.020531 3.898875 0.218127
v -1.030720 3.889718 0.747857
v -1.478877 3.755792 0.616983
v -1.546396 3.564066 0.957556
v -1.616386 3.552870 0.849061
v -1.665895 3.442487 0.976788
v -1.590944 3.565106 0.907770
v -0.619852 3.934911 0.206893
v -0.786239 3.935643 0.579890
v -0.816929 3.922775 0.604445
v -0.899783 3.983497 0.384775
v -1.325779 3.760616 0.881091
v -1.359733 3.745273 0.894849
v -1.417043 3.793634 0.758804
v -1.323029 3.843649 0.438885
v -1.296470 3.849208 0.413677
v -1.175239 3.937537 0.575604
v -0.547733 3.835455 0.231053
v -0.467805 3.868017 0.392042
v -0.659493 3.885738 0.359967
v -0.809350 3.888819 0.642943
v -0.473156 3.799571 0.981098
v -0.873689 3.718244 1.187777
v -0.745283 3.494991 1.423735
v -0.862560 3.504660 1.402037
v -0.839899 3.387174 1.502160
v -0.805383 3.505635 1.422926
v -0.732695 3.727960 1.239329
v -0.557300 3.905421 0.367270
v -0.417855 3.856253 0.714739
v -0.424182 3.842028 0.749460
v -0.602579 3.934547 0.675606
v -0.604683 3.675112 1.249673
v -0.621259 3.660635 1.279635
v -0.869099 3.818297 0.980644
v -0.867417 3.826051 0.947434
v -0.662402 3.875815 0.977427
v -0.498673 3.781795 0.150614
v -0.327783 3.852851 0.150129
v -0.454848 3.862947 0.301200
v -0.287571 3.935560 0.564499
v 0.190602 3.930403 0.439329
v 0.187281 3.902626 0.900546
v 0.504804 3.741943 0.931193
v 0.425648 3.746421 1.022834
v 0.549666 3.656046 1.067482
v 0.471711 3.752280 0.982247
v 0.299480 3.924406 0.798879
v -0.166810 3.987781 0.390566
v -0.402764 3.883526 0.211796
v -0.023790 3.920336 0.258037
v 0.006455 3.914966 0.281935
v 0.384225 3.874900 0.698909
v 0.404971 3.868165 0.729792
v -0.011250 3.949609 0.784989
v -0.040652 3.949032 0.766823
v 0.075901 4.004513 0.592542
v -0.498293 3.801469 0.150499
v -0.564597 3.851914 -0.010815
v -0.377290 3.870047 0.033598
v -0.213900 3.913256 -0.234011
v -0.529376 3.861248 -0.592855
v -0.130525 3.819131 -0.777412
v -0.258194 3.628953 -1.032497
v -0.143998 3.638629 -1.003382
v -0.168600 3.536630 -1.111293
v -0.198633 3.640748 -1.027299
v -0.264953 3.831656 -0.835692
v -0.410988 3.956674 -0.275959
v -0.476054 3.887197 0.022988
v -0.338580 3.939893 -0.572763
v -0.595251 3.880497 -0.330244
v -0.587922 3.871437 -0.365676
v -0.393162 3.778107 -0.857722
v -0.376379 3.768307 -0.886959
v -0.140261 3.889837 -0.567000
v -0.143388 3.892971 -0.533930
v -0.499168 3.759403 0.154141
v -0.425029 3.811238 -0.027692
v -0.314846 3.834073 0.153054
v 0.021606 3.877835 0.072413
v 0.058858 3.810137 -0.449135
v 0.513916 3.763495 -0.271432
v 0.617853 3.546808 -0.550962
v 0.683501 3.559180 -0.439118
v 0.750760 3.443884 -0.531878
v 0.659919 3.560494 -0.500828
v 0.455082 3.774904 -0.424004
v -0.383040 3.851875 0.065440
v 0.189796 3.899270 -0.290145
v -0.198563 3.836248 -0.300676
v -0.165100 3.825459 -0.321422
v -0.099438 3.923178 -0.120337
v 0.373457 3.714009 -0.537512
v 0.409724 3.702787 -0.545734
v 0.340293 3.845831 -0.123606
v 0.311897 3.849960 -0.100983
v -0.562260 3.920329 0.145530
v -0.396335 4.045259 0.230220
v -0.633313 4.017156 0.238486
v -0.759733 4.071121 0.492142
v -0.286782 4.157563 0.710353
v -0.682360 4.060626 0.981175
v -0.407751 3.944929 1.206134
v -0.550816 3.924701 1.211819
v -0.485472 3.842860 1.321548
v -0.496123 3.936321 1.214565
v -0.553555 4.146032 0.460879
v -0.556162 4.044095 0.220856
v -0.537758 4.169855 0.725651
v -0.287536 4.142202 0.472631
v -0.282260 4.137826 0.506425
v -0.345153 4.093855 0.984907
v -0.354672 4.084446 1.016662
v -0.517652 4.101921 0.986061
v -0.748479 4.094829 0.789238
v -0.754350 4.090991 0.760305
v -0.491771 4.014350 0.109539
v -0.415324 4.090504 0.082502
v -0.462460 4.071435 0.199508
v -0.341969 4.154655 0.333069
v -0.092099 4.245026 0.167297
v -0.002343 4.241881 0.444890
v 0.229466 4.216343 0.389698
v 0.200183 4.203613 0.460889
v 0.304340 4.179044 0.456877
v 0.216953 4.215350 0.427482
v -0.306196 4.199471 0.207714
v -0.447008 4.090968 0.135764
v -0.148517 4.251674 0.286193
v -0.244505 4.195784 0.096451
v -0.221616 4.202146 0.103813
v 0.080317 4.267776 0.281598
v 0.099794 4.263577 0.296967
v 0.036961 4.272077 0.362942
v -0.147605 4.218867 0.413533
v -0.166715 4.213396 0.408766
v -0.493405 3.984216 0.110716
v -0.577050 4.100235 -0.049316
v -0.374405 4.104743 -0.027719
v -0.337065 4.139847 -0.114447
v -0.575397 4.187235 -0.315452
v -0.333081 4.209414 -0.482768
v -0.445695 4.154418 -0.687946
v -0.368145 4.154843 -0.678983
v -0.397605 4.119482 -0.775904
v -0.405933 4.160928 -0.686929
v -0.425219 4.228324 -0.499936
v -0.477718 4.126727 -0.014176
v -0.594368 4.137223 -0.144701
v -0.593669 4.140979 -0.168361
v -0.467379 4.172982 -0.103224
v -0.512790 4.200390 -0.517686
v -0.504649 4.201513 -0.540606
v -0.318650 4.202950 -0.330795
v -0.317712 4.197021 -0.309342
v -0.446317 4.231182 -0.296595
v -0.488166 3.984324 0.123468
v -0.509055 4.058546 0.204353
v -0.568384 4.056417 0.084060
v -0.744395 4.155669 0.087942
v -0.778125 4.224767 0.405481
v -1.058072 4.249659 0.279398
v -1.185402 4.208020 0.500124
v -1.221195 4.205361 0.426029
v -1.296776 4.174988 0.510669
v -1.017553 4.273564 0.368395
v -0.521484 4.070207 0.135167
v -0.825936 4.265147 0.274258
v -1.205922 4.213387 0.463566
v -0.624857 4.163925 0.334288
v -0.647245 4.168276 0.346338
v -0.655801 4.193352 0.194102
v -0.988648 4.248305 0.459516
v -1.013447 4.250548 0.465044
v -0.933950 4.233504 0.183547
v -0.916560 4.226176 0.171383
v -0.426132 3.864948 0.184529
v -0.404477 3.800868 0.181195
v -0.412997 3.728851 0.169866
v -0.448436 3.676402 0.154868
v -0.468125 3.865084 0.221775
v -0.472424 3.801089 0.241460
v -0.480943 3.729072 0.230131
v -0.490429 3.676539 0.192114
v -0.515918 3.878036 0.194508
v -0.549753 3.822047 0.197341
v -0.558273 3.750029 0.186012
v -0.538221 3.689491 0.164847
v -0.497257 3.663558 0.141931
v -0.469688 3.896613 0.178594
v -0.503462 3.885905 0.140410
v -0.529600 3.834777 0.109809
v -0.538120 3.762760 0.098480
v -0.525766 3.697360 0.110749
v -0.447971 3.877815 0.134242
v -0.439815 3.821689 0.099830
v -0.448334 3.749670 0.088500
v -0.470275 3.689270 0.104582
v -0.431621 3.643378 0.172939
v -0.396181 3.695826 0.187937
v -0.464128 3.696046 0.248202
v -0.473614 3.643514 0.210185
v -0.381591 3.819171 0.207341
v -0.403244 3.883251 0.210675
v -0.445238 3.883387 0.247921
v -0.449537 3.819392 0.267606
v -0.494236 3.613379 0.144095
v -0.445414 3.626224 0.157032
v -0.487407 3.626360 0.194278
v -0.389971 3.720312 0.195511
v -0.381452 3.792330 0.206841
v -0.449398 3.792551 0.267106
v -0.457916 3.720534 0.255777
v -0.411990 3.908763 0.201480
v -0.455548 3.940427 0.195545
v -0.453984 3.908899 0.238726
v -0.469275 3.911128 0.240425
v -0.470840 3.942656 0.197245
v -0.517068 3.924081 0.213159
v -0.508987 3.648671 0.214117
v -0.499500 3.701204 0.252134
v -0.576831 3.722160 0.208015
v -0.556779 3.661623 0.186850
v -0.484909 3.824549 0.271538
v -0.480612 3.888544 0.251853
v -0.528404 3.901496 0.224586
v -0.562240 3.845506 0.227419
v -0.509528 3.615608 0.145795
v -0.502698 3.628589 0.195978
v -0.550492 3.641542 0.168711
v -0.498948 3.726515 0.260337
v -0.490428 3.798532 0.271666
v -0.567759 3.819489 0.227547
v -0.576278 3.747472 0.216217
v -0.523087 3.927626 0.199301
v -0.476858 3.946203 0.183387
v -0.510632 3.935495 0.145203
v -0.570701 3.669826 0.154795
v -0.590753 3.730363 0.175959
v -0.570600 3.743093 0.088428
v -0.558247 3.677695 0.100697
v -0.576162 3.853709 0.195363
v -0.542325 3.909698 0.192530
v -0.529870 3.917567 0.138432
v -0.556009 3.866440 0.107831
v -0.515546 3.619153 0.131937
v -0.556509 3.645087 0.154853
v -0.544054 3.652956 0.100755
v -0.592427 3.756986 0.179034
v -0.583906 3.829004 0.190364
v -0.563754 3.841735 0.102832
v -0.572273 3.769718 0.091503
v -0.499059 3.935457 0.134939
v -0.465286 3.946165 0.173123
v -0.443568 3.927367 0.128772
v -0.531477 3.677606 0.076954
v -0.543831 3.743007 0.064684
v -0.454045 3.729919 0.054705
v -0.475987 3.669518 0.070786
v -0.529239 3.866353 0.084088
v -0.503102 3.917481 0.114690
v -0.447611 3.909390 0.108522
v -0.439454 3.853264 0.074110
v -0.503974 3.619116 0.121673
v -0.532482 3.652917 0.090491
v -0.476992 3.644829 0.084324
v -0.541223 3.769616 0.063962
v -0.532704 3.841635 0.075291
v -0.442919 3.828546 0.065312
v -0.451437 3.756528 0.053983
v -0.430398 3.923799 0.136286
v -0.452115 3.942596 0.180637
v -0.408559 3.910931 0.186572
v -0.445522 3.661261 0.088168
v -0.423580 3.721662 0.072087
v -0.388242 3.700841 0.153452
v -0.423681 3.648394 0.138454
v -0.408989 3.845008 0.091491
v -0.417145 3.901134 0.125904
v -0.395306 3.888267 0.176190
v -0.373651 3.824187 0.172856
v -0.490803 3.615547 0.129187
v -0.463822 3.641259 0.091838
v -0.441981 3.628392 0.142124
v -0.416098 3.746951 0.074144
v -0.407579 3.818969 0.085474
v -0.372242 3.798148 0.166839
v -0.380760 3.726130 0.155510
vt 0.260461 0.737834
vt 0.292792 0.736088
vt 0.292792 0.759922
vt 0.258831 0.755030
vt 0.671896 0.297855
vt 0.671896 0.330816
vt 0.639138 0.326098
vt 0.638514 0.303429
vt 0.703024 0.663297
vt 0.703024 0.694630
vt 0.670833 0.690132
vt 0.670125 0.668620
vt 0.155473 0.664070
vt 0.189018 0.659547
vt 0.189018 0.690924
vt 0.154764 0.685541
vt 0.080533 0.726906
vt 0.080533 0.752969
vt 0.049376 0.749769
vt 0.048777 0.730917
vt 0.700929 0.753722
vt 0.700929 0.777493
vt 0.670380 0.774334
vt 0.670125 0.757010
vt 0.605672 0.185324
vt 0.638707 0.179931
vt 0.638707 0.214973
vt 0.605397 0.209152
vt 0.620127 0.071099
vt 0.652966 0.066063
vt 0.652966 0.100087
vt 0.619715 0.094473
vt 0.229680 0.668658
vt 0.229680 0.700889
vt 0.197170 0.695686
vt 0.197207 0.673690
vt 0.037034 0.725198
vt 0.037034 0.751288
vt 0.005124 0.748774
vt 0.003834 0.729985
vt 0.389108 0.606409
vt 0.389108 0.641450
vt 0.356083 0.635998
vt 0.355835 0.612169
vt 0.188896 0.617826
vt 0.188896 0.651880
vt 0.155176 0.646821
vt 0.154764 0.623477
vt 0.655876 0.465309
vt 0.655876 0.498293
vt 0.622366 0.493556
vt 0.621812 0.470907
vt 0.386697 0.726157
vt 0.386697 0.752221
vt 0.354819 0.747916
vt 0.355512 0.729068
vt 0.209638 0.600079
vt 0.243651 0.594597
vt 0.243651 0.629672
vt 0.209390 0.623874
vt 0.664722 0.340803
vt 0.664722 0.373076
vt 0.630564 0.367339
vt 0.631223 0.345394
vt 0.679069 0.179931
vt 0.679069 0.212878
vt 0.646445 0.207756
vt 0.646374 0.185064
vt 0.036201 0.686207
vt 0.036201 0.717530
vt 0.003834 0.712442
vt 0.004039 0.690909
vt 0.429291 0.709253
vt 0.429291 0.737633
vt 0.397385 0.733033
vt 0.397893 0.712836
vt 0.711291 0.720776
vt 0.744835 0.717546
vt 0.744835 0.743669
vt 0.710691 0.739571
vt 0.630847 0.297855
vt 0.630847 0.332928
vt 0.596871 0.327508
vt 0.596596 0.303713
vt 0.155477 0.702133
vt 0.189018 0.698591
vt 0.189018 0.727032
vt 0.154764 0.722265
vt 0.096885 0.756812
vt 0.127446 0.755485
vt 0.127446 0.777802
vt 0.095011 0.772495
vt 0.311961 0.743782
vt 0.344795 0.742314
vt 0.344795 0.764675
vt 0.310251 0.759432
vt 0.640030 0.409344
vt 0.674111 0.403521
vt 0.674111 0.435791
vt 0.640727 0.431289
vt 0.310875 0.633118
vt 0.344242 0.628387
vt 0.344242 0.661367
vt 0.310251 0.655769
vt 0.840807 0.692521
vt 0.840753 0.669164
vt 0.851615 0.663297
vt 0.851615 0.698355
vt 0.070818 0.878512
vt 0.070715 0.858337
vt 0.080359 0.853294
vt 0.080359 0.883634
vt 0.853529 0.208288
vt 0.853482 0.185606
vt 0.864038 0.179931
vt 0.864038 0.213956
vt 0.844474 0.033049
vt 0.844440 0.009672
vt 0.855245 0.003834
vt 0.855245 0.038875
vt 0.039622 0.849728
vt 0.028731 0.843859
vt 0.028765 0.820512
vt 0.039622 0.814654
vt 0.344601 0.861282
vt 0.333975 0.855580
vt 0.334022 0.832925
vt 0.344601 0.827228
vt 0.741423 0.870010
vt 0.731439 0.864695
vt 0.731357 0.843183
vt 0.741423 0.837764
vt 0.834851 0.209590
vt 0.834869 0.185777
vt 0.845815 0.179931
vt 0.845815 0.215578
vt 0.863556 0.437555
vt 0.852972 0.431867
vt 0.853030 0.409190
vt 0.863556 0.403521
vt 0.853184 0.752603
vt 0.842329 0.746741
vt 0.842383 0.723375
vt 0.853184 0.717546
vt 0.136111 0.689275
vt 0.136161 0.665445
vt 0.147097 0.659547
vt 0.147097 0.695232
vt 0.876433 0.852763
vt 0.866528 0.847505
vt 0.866622 0.826615
vt 0.876433 0.821399
vt 0.179438 0.850722
vt 0.179505 0.829198
vt 0.189475 0.823887
vt 0.189475 0.856131
vt 0.852475 0.647355
vt 0.852417 0.624696
vt 0.863025 0.618993
vt 0.863025 0.653038
vt 0.869495 0.261144
vt 0.869399 0.240240
vt 0.879250 0.234998
vt 0.879250 0.266343
vt 0.854009 0.813732
vt 0.843215 0.807891
vt 0.843234 0.784510
vt 0.854009 0.778691
vt 0.834374 0.433304
vt 0.834322 0.409474
vt 0.845305 0.403521
vt 0.845305 0.439210
vt 0.883284 0.596462
vt 0.873616 0.591409
vt 0.873719 0.571241
vt 0.883284 0.566109
vt 0.838895 0.155475
vt 0.838876 0.132133
vt 0.849762 0.126256
vt 0.849762 0.161331
vt 0.855424 0.594457
vt 0.855435 0.571766
vt 0.865949 0.566109
vt 0.865949 0.600128
vt 0.028841 0.881041
vt 0.028731 0.862210
vt 0.037911 0.857396
vt 0.037911 0.885805
vt 0.859412 0.092893
vt 0.859492 0.071400
vt 0.869567 0.066063
vt 0.869567 0.098333
vt 0.867710 0.159249
vt 0.857432 0.153727
vt 0.857430 0.131784
vt 0.867710 0.126256
vt 0.871608 0.810076
vt 0.861677 0.804817
vt 0.861704 0.783951
vt 0.871608 0.778691
vt 0.867619 0.498270
vt 0.857320 0.492814
vt 0.857381 0.470832
vt 0.867619 0.465309
vt 0.600908 0.858299
vt 0.600848 0.836344
vt 0.611148 0.830864
vt 0.611148 0.863844
vt 0.861731 0.269057
vt 0.851122 0.263357
vt 0.851112 0.240711
vt 0.861731 0.234998
vt 0.136126 0.794962
vt 0.136015 0.771164
vt 0.147076 0.765178
vt 0.147076 0.800896
vt 0.871769 0.205171
vt 0.871705 0.185027
vt 0.881366 0.179931
vt 0.881366 0.210304
vt 0.858911 0.368236
vt 0.858852 0.346255
vt 0.869142 0.340803
vt 0.869142 0.373760
vt 0.836844 0.595779
vt 0.836774 0.571982
vt 0.847757 0.566109
vt 0.847757 0.601687
vt 0.862979 0.029979
vt 0.862912 0.009108
vt 0.872836 0.003834
vt 0.872836 0.035210
vt 0.869452 0.695570
vt 0.859348 0.690224
vt 0.859282 0.668742
vt 0.869452 0.663297
vt 0.859019 0.317977
vt 0.859022 0.295981
vt 0.869280 0.290508
vt 0.869280 0.323455
vt 0.013639 0.880349
vt 0.003834 0.875122
vt 0.003902 0.854198
vt 0.013639 0.849016
vt 0.163959 0.885380
vt 0.154764 0.880564
vt 0.154872 0.861731
vt 0.163959 0.856965
vt 0.869373 0.553555
vt 0.859184 0.548146
vt 0.859198 0.526673
vt 0.869373 0.521270
vt 0.860866 0.744431
vt 0.860851 0.722897
vt 0.870817 0.717546
vt 0.870817 0.749777
vt 0.537465 0.892020
vt 0.537350 0.874748
vt 0.545934 0.870295
vt 0.545934 0.896390
vt 0.880883 0.433901
vt 0.871223 0.428802
vt 0.871262 0.408661
vt 0.880883 0.403521
vt 0.048816 0.878748
vt 0.048777 0.858544
vt 0.058365 0.853510
vt 0.058365 0.883823
vt 0.885889 0.369186
vt 0.876810 0.364407
vt 0.876867 0.345545
vt 0.885889 0.340803
vt 0.434508 0.905841
vt 0.434508 0.928132
vt 0.428901 0.925131
vt 0.428888 0.908824
vt 0.893289 0.886551
vt 0.884617 0.882121
vt 0.884695 0.864860
vt 0.893289 0.860431
vt 0.011921 0.911858
vt 0.003834 0.907845
vt 0.003995 0.892099
vt 0.011921 0.888016
vt 0.227594 0.892404
vt 0.227514 0.875091
vt 0.235980 0.870715
vt 0.235980 0.896780
vt 0.846436 0.909562
vt 0.846273 0.893820
vt 0.854339 0.889794
vt 0.854339 0.913628
vt 0.884535 0.493753
vt 0.875286 0.488927
vt 0.875339 0.470122
vt 0.884535 0.465309
vt 0.914599 0.260994
vt 0.906619 0.257019
vt 0.906782 0.241220
vt 0.914599 0.237196
vt 0.516013 0.896303
vt 0.507422 0.891867
vt 0.507537 0.874568
vt 0.516013 0.870213
vt 0.342623 0.895072
vt 0.334010 0.890675
vt 0.333975 0.873427
vt 0.342623 0.868950
vt 0.070873 0.911058
vt 0.070715 0.895265
vt 0.078670 0.891301
vt 0.078670 0.915089
vt 0.397385 0.892936
vt 0.397422 0.875610
vt 0.405833 0.871282
vt 0.405833 0.897345
vt 0.753750 0.719063
vt 0.785350 0.717546
vt 0.785350 0.738721
vt 0.752503 0.735305
vt 0.781797 0.457607
vt 0.748208 0.457642
vt 0.750986 0.440872
vt 0.781797 0.445440
vt 0.697401 0.811249
vt 0.697401 0.828438
vt 0.668056 0.826976
vt 0.667454 0.814091
vt 0.568875 0.776689
vt 0.599983 0.774600
vt 0.599983 0.795758
vt 0.568468 0.792991
vt 0.618837 0.798031
vt 0.653830 0.793142
vt 0.653830 0.810180
vt 0.620241 0.810081
vt 0.081597 0.789494
vt 0.081597 0.807898
vt 0.048777 0.804536
vt 0.049491 0.790622
vt 0.342213 0.772342
vt 0.342213 0.793502
vt 0.311091 0.791650
vt 0.310251 0.775371
vt 0.507954 0.785177
vt 0.540901 0.783469
vt 0.540901 0.801890
vt 0.507422 0.799086
vt 0.652155 0.764298
vt 0.652155 0.785475
vt 0.620084 0.783976
vt 0.618837 0.767744
vt 0.484398 0.802318
vt 0.484398 0.820707
vt 0.452394 0.817911
vt 0.452577 0.803973
vt 0.342602 0.801170
vt 0.342602 0.819561
vt 0.310782 0.817873
vt 0.310251 0.803950
vt 0.498551 0.919901
vt 0.491226 0.916336
vt 0.491185 0.902416
vt 0.498551 0.898742
vt 0.913164 0.705966
vt 0.913144 0.692034
vt 0.920445 0.688420
vt 0.920445 0.709580
vt 0.459851 0.916512
vt 0.452394 0.912878
vt 0.452416 0.898956
vt 0.459851 0.895321
vt 0.476106 0.916252
vt 0.476147 0.902319
vt 0.483518 0.898742
vt 0.483518 0.919933
vt 0.928243 0.703707
vt 0.928112 0.691556
vt 0.934830 0.688420
vt 0.934830 0.706824
vt 0.883602 0.395275
vt 0.876810 0.392145
vt 0.876891 0.380013
vt 0.883602 0.376854
vt 0.650162 0.934029
vt 0.643436 0.930902
vt 0.643566 0.918736
vt 0.650162 0.915622
vt 0.922686 0.764479
vt 0.922686 0.786796
vt 0.917126 0.783704
vt 0.917040 0.767414
vt 0.202791 0.904971
vt 0.202791 0.927332
vt 0.197242 0.924217
vt 0.197170 0.907947
vt 0.560602 0.719412
vt 0.560602 0.763461
vt 0.552394 0.763393
vt 0.549196 0.719317
vt 0.146795 0.352855
vt 0.146795 0.397592
vt 0.138620 0.396847
vt 0.135420 0.351826
vt 0.806005 0.290508
vt 0.806005 0.326909
vt 0.788971 0.324078
vt 0.793191 0.290746
vt 0.388655 0.759889
vt 0.388655 0.781079
vt 0.355225 0.778987
vt 0.354819 0.762727
vt 0.919757 0.628659
vt 0.919708 0.616536
vt 0.926480 0.613363
vt 0.926480 0.631784
vt 0.794411 0.933813
vt 0.794334 0.921626
vt 0.800935 0.918539
vt 0.800935 0.936929
vt 0.285731 0.949649
vt 0.285583 0.938236
vt 0.291972 0.935676
vt 0.291972 0.952928
vt 0.936947 0.782870
vt 0.930354 0.779750
vt 0.930404 0.767556
vt 0.936947 0.764479
vt 0.958228 0.848050
vt 0.958078 0.835166
vt 0.962807 0.833222
vt 0.962807 0.850201
vt 0.403908 0.952210
vt 0.397385 0.949674
vt 0.397521 0.938253
vt 0.403908 0.934990
vt 0.957197 0.041545
vt 0.961879 0.039335
vt 0.961879 0.056373
vt 0.957036 0.054361
vt 0.383567 0.959912
vt 0.383356 0.947079
vt 0.388178 0.945103
vt 0.388178 0.962122
vt 0.875433 0.149897
vt 0.875377 0.131094
vt 0.884621 0.126256
vt 0.884621 0.154697
vt 0.266714 0.307704
vt 0.257101 0.302662
vt 0.257166 0.282462
vt 0.266714 0.277384
vt 0.576521 0.914653
vt 0.568470 0.910596
vt 0.568468 0.894875
vt 0.576521 0.890793
vt 0.877000 0.314136
vt 0.876947 0.295274
vt 0.886016 0.290508
vt 0.886016 0.318889
vt 0.750394 0.916306
vt 0.750414 0.902368
vt 0.757718 0.898800
vt 0.757718 0.919977
vt 0.866528 0.912158
vt 0.866533 0.896334
vt 0.874366 0.892372
vt 0.874366 0.916143
vt 0.694142 0.927150
vt 0.688513 0.924193
vt 0.688600 0.907914
vt 0.694142 0.904796
vt 0.186871 0.919211
vt 0.179457 0.915635
vt 0.179438 0.901720
vt 0.186871 0.898036
vt 0.891212 0.942051
vt 0.884617 0.939232
vt 0.884642 0.927804
vt 0.891212 0.924862
vt 0.601051 0.947926
vt 0.605646 0.945738
vt 0.605646 0.962736
vt 0.600848 0.960791
vt 0.534625 0.948236
vt 0.539248 0.946181
vt 0.539248 0.963151
vt 0.534575 0.961135
vt 0.331140 0.960411
vt 0.331089 0.947612
vt 0.335891 0.945503
vt 0.335891 0.962553
vt 0.942604 0.702431
vt 0.942497 0.691007
vt 0.949056 0.688420
vt 0.949056 0.705623
vt 0.947436 0.327269
vt 0.947406 0.315863
vt 0.953632 0.312983
vt 0.953632 0.330270
vt 0.146911 0.633348
vt 0.136604 0.627871
vt 0.136662 0.605914
vt 0.146911 0.600365
vt 0.870721 0.645120
vt 0.870693 0.624189
vt 0.880450 0.618993
vt 0.880450 0.650316
vt 0.434508 0.953068
vt 0.428174 0.950437
vt 0.428297 0.939027
vt 0.434508 0.935800
vt 0.136037 0.751484
vt 0.136085 0.727671
vt 0.147076 0.721723
vt 0.147076 0.757510
vt 0.403026 0.927323
vt 0.397385 0.924388
vt 0.397459 0.908087
vt 0.403026 0.905012
vt 0.291972 0.928008
vt 0.286389 0.924962
vt 0.286403 0.908697
vt 0.291972 0.905630
vt 0.240540 0.669416
vt 0.248713 0.668658
vt 0.248713 0.712707
vt 0.237347 0.713752
vt 0.096301 0.724241
vt 0.128369 0.721723
vt 0.128369 0.747818
vt 0.095011 0.743028
vt 0.713401 0.297855
vt 0.713401 0.328208
vt 0.680645 0.324292
vt 0.679563 0.303430
vt 0.568468 0.675029
vt 0.602836 0.669932
vt 0.602836 0.700311
vt 0.568827 0.695892
vt 0.812163 0.569086
vt 0.829107 0.566109
vt 0.829107 0.598312
vt 0.816222 0.598186
vt 0.670529 0.008086
vt 0.704149 0.003834
vt 0.704149 0.034207
vt 0.669806 0.028945
vt 0.667454 0.788007
vt 0.700929 0.785160
vt 0.700929 0.803582
vt 0.667633 0.801920
vt 0.507422 0.723716
vt 0.541528 0.719317
vt 0.541528 0.745437
vt 0.508113 0.742508
vt 0.538415 0.809557
vt 0.538415 0.826527
vt 0.508004 0.824836
vt 0.507422 0.812657
vt 0.793017 0.720778
vt 0.809963 0.717546
vt 0.809963 0.753252
vt 0.797141 0.752717
vt 0.095565 0.647811
vt 0.128249 0.643091
vt 0.128249 0.676048
vt 0.095011 0.670487
vt 0.651034 0.694791
vt 0.651034 0.725104
vt 0.618837 0.720090
vt 0.619196 0.699162
vt 0.146292 0.451819
vt 0.146292 0.496011
vt 0.138161 0.494892
vt 0.134988 0.450267
vt 0.354050 0.790450
vt 0.388655 0.788747
vt 0.388655 0.805797
vt 0.353471 0.802559
vt 0.354819 0.654276
vt 0.389108 0.649117
vt 0.389108 0.680502
vt 0.355024 0.675748
vt 0.003834 0.791972
vt 0.036998 0.788581
vt 0.036998 0.806987
vt 0.004547 0.805876
vt 0.627903 0.009093
vt 0.662139 0.003834
vt 0.662139 0.036119
vt 0.627940 0.031035
vt 0.750990 0.782763
vt 0.786666 0.781314
vt 0.786666 0.798600
vt 0.750394 0.795548
vt 0.507590 0.621505
vt 0.541590 0.616217
vt 0.541590 0.650276
vt 0.507422 0.644847
vt 0.387398 0.688170
vt 0.387398 0.718489
vt 0.355541 0.714267
vt 0.354819 0.693355
vt 0.095534 0.605618
vt 0.128937 0.600365
vt 0.128937 0.635424
vt 0.095011 0.629426
vt 0.660527 0.526968
vt 0.693727 0.521270
vt 0.693727 0.553513
vt 0.661187 0.548941
vt 0.095358 0.243176
vt 0.103491 0.242064
vt 0.103491 0.286515
vt 0.092170 0.288055
vt 0.431264 0.604096
vt 0.431264 0.639153
vt 0.397907 0.633901
vt 0.397385 0.610093
vt 0.782461 0.751336
vt 0.782461 0.773647
vt 0.752108 0.772132
vt 0.750394 0.756427
vt 0.619095 0.736006
vt 0.653255 0.732771
vt 0.653255 0.756631
vt 0.618837 0.753253
vt 0.049619 0.762485
vt 0.082591 0.760636
vt 0.082591 0.781827
vt 0.048777 0.778733
vt 0.154764 0.583835
vt 0.192985 0.574469
vt 0.192985 0.610159
vt 0.157933 0.607171
vt 0.311163 0.673347
vt 0.343643 0.669034
vt 0.343643 0.700380
vt 0.310251 0.694840
vt 0.652859 0.521270
vt 0.652859 0.555304
vt 0.619821 0.550327
vt 0.619242 0.526968
vt 0.619417 0.585908
vt 0.652768 0.580924
vt 0.652768 0.614969
vt 0.618837 0.609258
vt 0.096093 0.687629
vt 0.128442 0.683715
vt 0.128442 0.714055
vt 0.095011 0.708505
vt 0.820742 0.234998
vt 0.820742 0.268596
vt 0.803845 0.265280
vt 0.807884 0.235471
vt 0.229290 0.708557
vt 0.229290 0.736940
vt 0.197884 0.733426
vt 0.197170 0.713239
vt 0.735577 0.622636
vt 0.735577 0.651046
vt 0.702262 0.645794
vt 0.703483 0.625655
vt 0.048777 0.695484
vt 0.083042 0.690795
vt 0.083042 0.719239
vt 0.049284 0.715618
vt 0.391983 0.488605
vt 0.357191 0.496047
vt 0.368224 0.454053
vt 0.391983 0.450926
vt 0.618908 0.627804
vt 0.652967 0.622636
vt 0.652967 0.655629
vt 0.618837 0.650450
vt 0.435750 0.191488
vt 0.435750 0.227206
vt 0.389732 0.217882
vt 0.392440 0.194558
vt 0.694595 0.622636
vt 0.694595 0.654000
vt 0.661549 0.649681
vt 0.660635 0.628207
vt 0.431695 0.745300
vt 0.431695 0.767655
vt 0.399252 0.766388
vt 0.397385 0.750751
vt 0.452394 0.711497
vt 0.485934 0.706230
vt 0.485934 0.734646
vt 0.453615 0.731628
vt 0.154764 0.739547
vt 0.189005 0.734700
vt 0.189005 0.758541
vt 0.156137 0.756755
vt 0.794805 0.666044
vt 0.811601 0.663297
vt 0.811601 0.697943
vt 0.799450 0.697921
vt 0.482792 0.772359
vt 0.482792 0.794650
vt 0.452394 0.791227
vt 0.452554 0.775404
vt 0.452394 0.745860
vt 0.487153 0.742313
vt 0.487153 0.764692
vt 0.452551 0.761580
vt 0.167100 0.338661
vt 0.154764 0.293357
vt 0.190366 0.296993
vt 0.190366 0.342270
vt 0.782266 0.806268
vt 0.782266 0.823247
vt 0.750394 0.818574
vt 0.751809 0.806469
vt 0.742726 0.751336
vt 0.742726 0.775124
vt 0.710691 0.770417
vt 0.712069 0.753159
vt 0.657182 0.126256
vt 0.657182 0.160275
vt 0.624376 0.155024
vt 0.624208 0.131643
vt 0.411114 0.278831
vt 0.399773 0.234998
vt 0.434665 0.242480
vt 0.434665 0.281832
vt 0.229731 0.744607
vt 0.229731 0.768405
vt 0.198802 0.766653
vt 0.197170 0.749431
vt 0.292143 0.661302
vt 0.292144 0.693548
vt 0.258831 0.687760
vt 0.259527 0.665790
vt 0.487231 0.566229
vt 0.487231 0.601876
vt 0.453477 0.585132
vt 0.452394 0.561339
vt 0.138207 0.503743
vt 0.146415 0.503679
vt 0.146415 0.548671
vt 0.134988 0.548762
vt 0.497887 0.506187
vt 0.499754 0.505915
vt 0.499754 0.559979
vt 0.497863 0.559889
vt 0.939360 0.945631
vt 0.941200 0.945417
vt 0.941200 0.969611
vt 0.939349 0.969442
vt 0.526793 0.234998
vt 0.547924 0.236095
vt 0.547924 0.283611
vt 0.516926 0.283630
vt 0.970490 0.515725
vt 0.972357 0.515412
vt 0.972357 0.538870
vt 0.970479 0.538802
vt 0.483072 0.053000
vt 0.473197 0.003834
vt 0.504921 0.003864
vt 0.504921 0.052157
vt 0.197601 0.650036
vt 0.197170 0.640407
vt 0.243651 0.637339
vt 0.243651 0.660991
vt 0.154764 0.275917
vt 0.155407 0.236722
vt 0.190061 0.234605
vt 0.190061 0.285690
vt 0.975271 0.180212
vt 0.977275 0.179931
vt 0.977275 0.201669
vt 0.975182 0.201466
vt 0.751541 0.573228
vt 0.774699 0.566109
vt 0.774699 0.597217
vt 0.752003 0.596918
vt 0.969515 0.600870
vt 0.969515 0.625533
vt 0.967613 0.625198
vt 0.967612 0.601033
vt 0.939143 0.798590
vt 0.940860 0.797929
vt 0.940860 0.831485
vt 0.939030 0.831345
vt 0.910547 0.943827
vt 0.910525 0.912616
vt 0.912419 0.912358
vt 0.912419 0.944113
vt 0.907641 0.403897
vt 0.909594 0.403521
vt 0.909594 0.449127
vt 0.907687 0.448948
vt 0.919052 0.717875
vt 0.919052 0.756811
vt 0.917040 0.756618
vt 0.917051 0.717546
vt 0.906146 0.066429
vt 0.908229 0.066063
vt 0.908229 0.111142
vt 0.906169 0.111026
vt 0.932067 0.304207
vt 0.932067 0.268742
vt 0.933935 0.268747
vt 0.933935 0.304607
vt 0.932338 0.550463
vt 0.932189 0.515611
vt 0.934068 0.515412
vt 0.934068 0.551029
vt 0.824029 0.099062
vt 0.815068 0.066475
vt 0.830267 0.066063
vt 0.830267 0.099208
vt 0.844750 0.619048
vt 0.844750 0.649172
vt 0.838835 0.649023
vt 0.830286 0.618993
vt 0.214832 0.462628
vt 0.216186 0.436582
vt 0.256930 0.435446
vt 0.256930 0.473467
vt 0.922155 0.860734
vt 0.922155 0.898818
vt 0.920090 0.898647
vt 0.920101 0.860431
vt 0.936839 0.214219
vt 0.936832 0.179931
vt 0.938684 0.179950
vt 0.938684 0.214587
vt 0.049772 0.678540
vt 0.003834 0.675516
vt 0.004189 0.666208
vt 0.049772 0.655437
vt 0.237097 0.938422
vt 0.237077 0.904627
vt 0.238915 0.904447
vt 0.238915 0.938777
vt 0.217886 0.939955
vt 0.219790 0.939673
vt 0.219790 0.965951
vt 0.217919 0.965712
vt 0.397385 0.790796
vt 0.398127 0.776676
vt 0.428976 0.775322
vt 0.428976 0.796112
vt 0.945875 0.718034
vt 0.947728 0.717546
vt 0.947728 0.749078
vt 0.945868 0.749127
vt 0.060065 0.463280
vt 0.049651 0.415211
vt 0.082924 0.416912
vt 0.082924 0.463512
vt 0.909909 0.179931
vt 0.909909 0.225878
vt 0.908053 0.225536
vt 0.908037 0.180117
vt 0.910253 0.798320
vt 0.912254 0.797929
vt 0.912254 0.842190
vt 0.910280 0.842049
vt 0.454035 0.124265
vt 0.456059 0.123856
vt 0.456059 0.171799
vt 0.454060 0.171695
vt 0.094680 0.012895
vt 0.131864 0.003834
vt 0.131864 0.056024
vt 0.095416 0.052770
vt 0.810665 0.968152
vt 0.812474 0.967776
vt 0.812474 0.985889
vt 0.810627 0.985893
vt 0.880425 0.717546
vt 0.880425 0.769521
vt 0.878494 0.769159
vt 0.878484 0.717714
vt 0.903479 0.464298
vt 0.905430 0.463879
vt 0.905430 0.511214
vt 0.903499 0.511136
vt 0.903294 0.268978
vt 0.905120 0.268742
vt 0.905120 0.316939
vt 0.903280 0.316745
vt 0.757927 0.372044
vt 0.757764 0.340803
vt 0.778799 0.342974
vt 0.778799 0.374099
vt 0.888574 0.403752
vt 0.890412 0.403521
vt 0.890412 0.454946
vt 0.888551 0.454815
vt 0.973269 0.123373
vt 0.975103 0.123154
vt 0.975103 0.146185
vt 0.973255 0.146100
vt 0.667454 0.946669
vt 0.669328 0.946474
vt 0.669328 0.970262
vt 0.667459 0.970120
vt 0.560126 0.220153
vt 0.524990 0.222350
vt 0.526710 0.181766
vt 0.560126 0.179931
vt 0.957937 0.252762
vt 0.956089 0.253017
vt 0.956084 0.224890
vt 0.957937 0.224892
vt 0.958403 0.887703
vt 0.958396 0.860431
vt 0.960251 0.860451
vt 0.960251 0.887862
vt 0.538984 0.067940
vt 0.538984 0.108967
vt 0.505013 0.107116
vt 0.503277 0.066063
vt 0.585233 0.467061
vt 0.614145 0.465309
vt 0.614145 0.510336
vt 0.584951 0.511797
vt 0.787138 0.694538
vt 0.765644 0.693384
vt 0.765188 0.669601
vt 0.787138 0.663297
vt 0.826654 0.431860
vt 0.806249 0.431268
vt 0.806346 0.408238
vt 0.826654 0.403521
vt 0.049651 0.565749
vt 0.050232 0.530288
vt 0.081381 0.527065
vt 0.081381 0.573276
vt 0.214832 0.217198
vt 0.216157 0.192967
vt 0.265388 0.191488
vt 0.265388 0.227330
vt 0.810641 0.959857
vt 0.810627 0.933109
vt 0.812527 0.932906
vt 0.812527 0.960109
vt 0.440335 0.709621
vt 0.442198 0.709253
vt 0.442198 0.762560
vt 0.440308 0.762562
vt 0.568010 0.225259
vt 0.567793 0.179931
vt 0.597730 0.181468
vt 0.597730 0.226812
vt 0.275274 0.923299
vt 0.277132 0.922604
vt 0.277132 0.952442
vt 0.275251 0.952179
vt 0.254178 0.426005
vt 0.214832 0.427779
vt 0.215355 0.403604
vt 0.254178 0.385784
vt 0.444726 0.460251
vt 0.420802 0.457743
vt 0.412990 0.420425
vt 0.444726 0.409540
vt 0.721091 0.503825
vt 0.731266 0.466242
vt 0.740540 0.465309
vt 0.740540 0.511347
vt 0.943516 0.268742
vt 0.943516 0.301159
vt 0.941635 0.300581
vt 0.941603 0.268917
vt 0.723163 0.383123
vt 0.701575 0.384277
vt 0.714247 0.341691
vt 0.723163 0.340803
vt 0.719778 0.101578
vt 0.692438 0.102287
vt 0.693863 0.074333
vt 0.719778 0.066063
vt 0.322777 0.578906
vt 0.344241 0.576324
vt 0.344241 0.620720
vt 0.315883 0.611574
vt 0.730549 0.709879
vt 0.720948 0.708873
vt 0.710691 0.671171
vt 0.730549 0.663297
vt 0.967662 0.249440
vt 0.965648 0.249982
vt 0.965605 0.225057
vt 0.967662 0.224890
vt 0.281186 0.617421
vt 0.274385 0.585123
vt 0.302087 0.576392
vt 0.302087 0.619999
vt 0.248942 0.964993
vt 0.248882 0.939736
vt 0.250905 0.939886
vt 0.250905 0.965501
vt 0.197845 0.813526
vt 0.219847 0.804153
vt 0.219847 0.828933
vt 0.197170 0.828425
vt 0.819269 0.670440
vt 0.833086 0.663297
vt 0.833086 0.697020
vt 0.826373 0.696915
vt 0.251163 0.736088
vt 0.251163 0.769233
vt 0.237748 0.762482
vt 0.244780 0.736131
vt 0.442224 0.947742
vt 0.444209 0.947200
vt 0.444209 0.970325
vt 0.442175 0.970474
vt 0.976215 0.024843
vt 0.976064 0.003956
vt 0.977993 0.003834
vt 0.977993 0.025494
vt 0.920061 0.798581
vt 0.921766 0.797929
vt 0.921766 0.837482
vt 0.919922 0.837293
vt 0.932135 0.375856
vt 0.931986 0.341007
vt 0.933913 0.340803
vt 0.933913 0.376416
vt 0.974797 0.739489
vt 0.974692 0.717656
vt 0.976547 0.717546
vt 0.976547 0.740140
vt 0.081381 0.631962
vt 0.070447 0.632162
vt 0.058677 0.592265
vt 0.081381 0.580943
vt 0.227647 0.938244
vt 0.227514 0.904693
vt 0.229410 0.904447
vt 0.229410 0.938744
vt 0.807401 0.094988
vt 0.785771 0.095781
vt 0.796793 0.067316
vt 0.807401 0.066063
vt 0.611574 0.522784
vt 0.611574 0.573257
vt 0.601358 0.572224
vt 0.586557 0.521270
vt 0.798582 0.403951
vt 0.798582 0.433181
vt 0.777236 0.427261
vt 0.775939 0.403521
vt 0.070715 0.837120
vt 0.085089 0.815565
vt 0.085089 0.845626
vt 0.902834 0.521270
vt 0.902834 0.544907
vt 0.893869 0.525396
vt 0.295401 0.897962
vt 0.286389 0.893490
vt 0.295401 0.874000
vt 0.063047 0.845843
vt 0.048777 0.824218
vt 0.063047 0.815565
vt 0.821076 0.803395
vt 0.835547 0.781314
vt 0.835547 0.813732
vt 0.577862 0.854968
vt 0.577862 0.883126
vt 0.568468 0.859867
vt 0.222525 0.108781
vt 0.222525 0.119717
vt 0.197472 0.118486
vt 0.710691 0.813056
vt 0.737063 0.811814
vt 0.737063 0.830096
vt 0.171771 0.823887
vt 0.171771 0.849298
vt 0.154764 0.825267
vt 0.610120 0.871512
vt 0.610120 0.895809
vt 0.600848 0.874987
vt 0.382573 0.895338
vt 0.373816 0.890615
vt 0.382573 0.869572
vt 0.669806 0.041896
vt 0.695216 0.041874
vt 0.695216 0.058203
vt 0.811282 0.820175
vt 0.811282 0.846089
vt 0.794334 0.821427
vt 0.889033 0.260430
vt 0.898951 0.239157
vt 0.898951 0.260994
vt 0.697348 0.897128
vt 0.688513 0.892317
vt 0.697348 0.872347
vt 0.789464 0.441593
vt 0.815368 0.440872
vt 0.815368 0.457409
vt 0.834662 0.717546
vt 0.834662 0.746813
vt 0.817631 0.746171
vt 0.461576 0.861369
vt 0.461576 0.887654
vt 0.452394 0.866220
vt 0.643011 0.107755
vt 0.643011 0.118453
vt 0.619715 0.117437
vt 0.552150 0.400319
vt 0.527459 0.388195
vt 0.552150 0.340803
vt 0.548568 0.793156
vt 0.560793 0.774435
vt 0.560793 0.801890
vt 0.318185 0.892775
vt 0.318185 0.916145
vt 0.310251 0.896938
vt 0.772302 0.604884
vt 0.772302 0.614136
vt 0.751541 0.613226
vt 0.271792 0.867635
vt 0.258831 0.849416
vt 0.271792 0.841073
vt 0.851517 0.521270
vt 0.851517 0.546368
vt 0.834312 0.521295
vt 0.886254 0.663297
vt 0.886254 0.690237
vt 0.877119 0.667747
vt 0.866528 0.860608
vt 0.876949 0.860431
vt 0.876949 0.884705
vt 0.838605 0.821399
vt 0.838605 0.846497
vt 0.821076 0.845545
vt 0.772173 0.850151
vt 0.786125 0.830914
vt 0.786125 0.858747
vt 0.362352 0.874350
vt 0.362352 0.898253
vt 0.353471 0.877757
vt 0.437370 0.898174
vt 0.428888 0.893789
vt 0.437370 0.873124
vt 0.701618 0.864679
vt 0.688513 0.844856
vt 0.701618 0.836105
vt 0.750394 0.849865
vt 0.764506 0.830914
vt 0.764506 0.858540
vt 0.676460 0.872152
vt 0.676460 0.896644
vt 0.667454 0.875586
vt 0.205769 0.897304
vt 0.197170 0.892916
vt 0.205769 0.871689
vt 0.410462 0.863615
vt 0.397385 0.843936
vt 0.410462 0.834682
vt 0.667454 0.856034
vt 0.680846 0.836105
vt 0.680846 0.864485
vt 0.829530 0.887895
vt 0.829530 0.911020
vt 0.821076 0.891890
vt 0.802960 0.910872
vt 0.794334 0.906770
vt 0.802960 0.887717
vt 0.520879 0.862545
vt 0.507422 0.842661
vt 0.520879 0.834195
vt 0.380107 0.831063
vt 0.353471 0.829293
vt 0.380107 0.813464
vt 0.759913 0.866207
vt 0.759913 0.891133
vt 0.750394 0.870178
vt 0.888525 0.804614
vt 0.879275 0.799766
vt 0.888525 0.778691
vt 0.021064 0.814654
vt 0.021064 0.841349
vt 0.003834 0.841173
vt 0.656217 0.854395
vt 0.656217 0.876724
vt 0.643436 0.856860
vt 0.028731 0.914951
vt 0.037311 0.893472
vt 0.037311 0.915119
vt 0.805548 0.880050
vt 0.794334 0.872271
vt 0.805548 0.853756
vt 0.822618 0.653711
vt 0.806796 0.637955
vt 0.822618 0.618993
vt 0.816812 0.151737
vt 0.831208 0.126256
vt 0.831208 0.160224
vt 0.237748 0.788234
vt 0.246643 0.776900
vt 0.246643 0.794304
vt 0.777847 0.943245
vt 0.777847 0.959774
vt 0.772173 0.945712
vt 0.954682 0.959286
vt 0.948893 0.956764
vt 0.954682 0.942749
vt 0.444706 0.792820
vt 0.436643 0.780880
vt 0.444706 0.775322
vt 0.851934 0.942753
vt 0.851934 0.959352
vt 0.846273 0.945362
vt 0.574909 0.395118
vt 0.574909 0.401547
vt 0.559817 0.401529
vt 0.244754 0.120101
vt 0.230193 0.119834
vt 0.244754 0.108781
vt 0.499488 0.927600
vt 0.499488 0.945713
vt 0.493436 0.930131
vt 0.500061 0.337165
vt 0.500061 0.343878
vt 0.483345 0.343761
vt 0.560643 0.635713
vt 0.560643 0.650276
vt 0.549257 0.649404
vt 0.483345 0.247123
vt 0.509259 0.234998
vt 0.509259 0.293858
vt 0.326308 0.852556
vt 0.310251 0.851506
vt 0.326308 0.827228
vt 0.127791 0.909187
vt 0.119070 0.905335
vt 0.127791 0.885936
vt 0.103765 0.882932
vt 0.103765 0.906528
vt 0.095011 0.887144
vt 0.468439 0.853702
vt 0.452394 0.829148
vt 0.468439 0.828374
vt 0.430511 0.813668
vt 0.444675 0.803780
vt 0.444675 0.835443
vt 0.886202 0.549045
vt 0.877041 0.544407
vt 0.886202 0.521270
vt 0.310251 0.884544
vt 0.320836 0.860223
vt 0.320836 0.885108
vt 0.843444 0.234998
vt 0.843444 0.265659
vt 0.828409 0.256182
vt 0.593180 0.830864
vt 0.593180 0.847301
vt 0.568468 0.833155
vt 0.653115 0.380744
vt 0.653115 0.390326
vt 0.630564 0.388828
vt 0.719207 0.872872
vt 0.719207 0.898275
vt 0.710691 0.877339
vt 0.302186 0.767589
vt 0.302186 0.796804
vt 0.288850 0.788520
vt 0.837086 0.298550
vt 0.851352 0.290508
vt 0.851352 0.319469
vt 0.661627 0.443459
vt 0.661627 0.453064
vt 0.640030 0.451682
vt 0.739946 0.877677
vt 0.739946 0.902095
vt 0.731357 0.882232
vt 0.785771 0.057422
vt 0.811072 0.042484
vt 0.811072 0.058395
vt 0.111403 0.841756
vt 0.095011 0.813789
vt 0.111403 0.813039
vt 0.781120 0.892298
vt 0.772173 0.887724
vt 0.781120 0.866415
vt 0.485716 0.866203
vt 0.485716 0.891075
vt 0.476106 0.870056
vt 0.262209 0.586930
vt 0.209390 0.561639
vt 0.262209 0.560042
vt 0.119070 0.859842
vt 0.130995 0.851549
vt 0.130995 0.878269
vt 0.892317 0.917194
vt 0.884617 0.913298
vt 0.892317 0.894218
vt 0.776013 0.113986
vt 0.755461 0.106074
vt 0.776013 0.105075
vt 0.107659 0.849423
vt 0.107659 0.875265
vt 0.095011 0.867361
vt 0.837934 0.075230
vt 0.851744 0.066063
vt 0.851744 0.095492
vt 0.188337 0.890368
vt 0.179438 0.886171
vt 0.188337 0.863798
vt 0.643314 0.573062
vt 0.619242 0.563479
vt 0.643314 0.562971
vt 0.657762 0.817848
vt 0.657762 0.846728
vt 0.643436 0.837749
vt 0.389513 0.861904
vt 0.373816 0.860532
vt 0.389513 0.838731
vt 0.652068 0.907955
vt 0.643436 0.904787
vt 0.652068 0.884391
vt 0.627077 0.880592
vt 0.627077 0.905283
vt 0.618837 0.884726
vt 0.537350 0.862478
vt 0.560522 0.847507
vt 0.560522 0.862627
vt 0.227514 0.844512
vt 0.241215 0.836378
vt 0.241215 0.863048
vt 0.267583 0.899440
vt 0.258831 0.896254
vt 0.267583 0.875302
vt 0.147076 0.868405
vt 0.147076 0.893662
vt 0.138726 0.872547
vt 0.366149 0.838731
vt 0.366149 0.866683
vt 0.353471 0.857981
vt 0.710691 0.845689
vt 0.723690 0.837764
vt 0.723690 0.865204
vt 0.162973 0.915780
vt 0.154764 0.912058
vt 0.162973 0.893048
vt 0.057141 0.891490
vt 0.057141 0.914275
vt 0.048777 0.895332
vt 0.210218 0.836600
vt 0.210218 0.864021
vt 0.197170 0.856082
vt 0.635769 0.843966
vt 0.618837 0.842657
vt 0.635769 0.817848
vt 0.650699 0.043786
vt 0.650699 0.053766
vt 0.627903 0.052899
vt 0.893096 0.821399
vt 0.893096 0.846950
vt 0.884100 0.825987
vt 0.849653 0.491427
vt 0.833051 0.465635
vt 0.849653 0.465309
vt 0.846273 0.863677
vt 0.858075 0.859190
vt 0.858075 0.882127
vt 0.713947 0.109954
vt 0.713947 0.118409
vt 0.692438 0.117843
vt 0.832176 0.854164
vt 0.832176 0.880227
vt 0.821076 0.861796
vt 0.830534 0.340803
vt 0.830534 0.374679
vt 0.814949 0.356191
vt 0.822793 0.011787
vt 0.836772 0.003834
vt 0.836772 0.036872
vt 0.848236 0.117134
vt 0.837934 0.116291
vt 0.848236 0.103159
vt 0.872002 0.960649
vt 0.866528 0.958403
vt 0.872002 0.944475
vt 0.556793 0.943774
vt 0.556793 0.959978
vt 0.551239 0.946080
vt 0.790128 0.773612
vt 0.804103 0.764287
vt 0.804103 0.773647
vt 0.467463 0.961033
vt 0.462046 0.958684
vt 0.467463 0.944828
vt 0.636689 0.512048
vt 0.621812 0.506070
vt 0.636689 0.505961
vt 0.796383 0.603081
vt 0.796383 0.613763
vt 0.782366 0.603550
vt 0.420110 0.956044
vt 0.414305 0.953757
vt 0.420110 0.938302
vt 0.420887 0.183762
vt 0.404380 0.177606
vt 0.420887 0.177378
vt 0.843767 0.513119
vt 0.833051 0.500081
vt 0.843767 0.499095
vt 0.536044 0.329498
vt 0.483345 0.325584
vt 0.536044 0.301525
vt 0.013692 0.529561
vt 0.003834 0.481130
vt 0.035362 0.481681
vt 0.035362 0.529076
vt 0.258831 0.791281
vt 0.259229 0.767975
vt 0.281183 0.767589
vt 0.281183 0.797993
vt 0.970905 0.326018
vt 0.970867 0.303880
vt 0.972886 0.303707
vt 0.972886 0.326568
vt 0.893937 0.640312
vt 0.895776 0.640018
vt 0.895776 0.690237
vt 0.893921 0.690110
vt 0.399667 0.451085
vt 0.401554 0.450926
vt 0.401554 0.505143
vt 0.399650 0.504983
vt 0.902858 0.860431
vt 0.902858 0.907669
vt 0.900970 0.907322
vt 0.900957 0.860619
vt 0.493381 0.673379
vt 0.493381 0.698563
vt 0.456953 0.698187
vt 0.452394 0.685512
vt 0.608683 0.738201
vt 0.610529 0.737855
vt 0.610529 0.791171
vt 0.608701 0.790871
vt 0.898479 0.066063
vt 0.898479 0.115487
vt 0.896507 0.115173
vt 0.896496 0.066251
vt 0.301381 0.836403
vt 0.286389 0.836516
vt 0.295156 0.805995
vt 0.301381 0.805660
vt 0.476106 0.852576
vt 0.482769 0.828478
vt 0.488855 0.828374
vt 0.488855 0.858535
vt 0.499743 0.780136
vt 0.499743 0.832837
vt 0.497878 0.832470
vt 0.497866 0.780431
vt 0.560522 0.809679
vt 0.560522 0.839840
vt 0.554624 0.839578
vt 0.546082 0.809557
vt 0.975311 0.434457
vt 0.977060 0.433804
vt 0.977060 0.456116
vt 0.975138 0.455983
vt 0.758276 0.004003
vt 0.758276 0.045760
vt 0.739536 0.036786
vt 0.749366 0.003834
vt 0.834139 0.980215
vt 0.834089 0.960354
vt 0.835940 0.960135
vt 0.835940 0.980541
vt 0.793761 0.594647
vt 0.782366 0.566109
vt 0.804496 0.566489
vt 0.804496 0.595414
vt 0.442274 0.906437
vt 0.444068 0.905841
vt 0.444068 0.939533
vt 0.442175 0.939312
vt 0.546652 0.074392
vt 0.578806 0.066063
vt 0.578806 0.111392
vt 0.547252 0.109023
vt 0.483913 0.505915
vt 0.483913 0.553671
vt 0.452394 0.544647
vt 0.452985 0.507990
vt 0.912422 0.860431
vt 0.912422 0.904691
vt 0.910525 0.904260
vt 0.910547 0.860687
vt 0.756012 0.072634
vt 0.778103 0.066063
vt 0.778103 0.096950
vt 0.755461 0.097407
vt 0.959945 0.627440
vt 0.957987 0.627975
vt 0.957936 0.601035
vt 0.959945 0.600870
vt 0.227474 0.946732
vt 0.229410 0.946411
vt 0.229410 0.970105
vt 0.227472 0.970042
vt 0.748910 0.490764
vt 0.748208 0.465309
vt 0.771291 0.465653
vt 0.771291 0.497275
vt 0.111687 0.067262
vt 0.146046 0.066063
vt 0.146046 0.119960
vt 0.111329 0.121822
vt 0.746927 0.521922
vt 0.765198 0.521270
vt 0.765198 0.548716
vt 0.735965 0.548350
vt 0.889033 0.180311
vt 0.890853 0.179931
vt 0.890853 0.231489
vt 0.889054 0.231220
vt 0.922207 0.378192
vt 0.922200 0.340803
vt 0.924318 0.340954
vt 0.924318 0.378478
vt 0.264834 0.370413
vt 0.264851 0.315371
vt 0.266714 0.315731
vt 0.266714 0.370255
vt 0.965054 0.757163
vt 0.966965 0.756794
vt 0.966965 0.782165
vt 0.964956 0.782017
vt 0.928325 0.040523
vt 0.928322 0.003862
vt 0.930234 0.003834
vt 0.930234 0.040891
vt 0.196994 0.131279
vt 0.231758 0.129490
vt 0.231758 0.180732
vt 0.196732 0.182062
vt 0.913098 0.553662
vt 0.913104 0.513041
vt 0.914949 0.512964
vt 0.914949 0.554054
vt 0.049651 0.137392
vt 0.051668 0.112522
vt 0.103140 0.111219
vt 0.103140 0.147973
vt 0.266717 0.234998
vt 0.266717 0.269717
vt 0.214832 0.260835
vt 0.216058 0.237288
vt 0.154764 0.558580
vt 0.155342 0.522256
vt 0.186037 0.519491
vt 0.186037 0.566802
vt 0.164604 0.945217
vt 0.166545 0.944816
vt 0.166545 0.969318
vt 0.164498 0.969185
vt 0.111506 0.240301
vt 0.111329 0.190237
vt 0.145882 0.192508
vt 0.145882 0.242725
vt 0.919710 0.605327
vt 0.919708 0.566126
vt 0.921571 0.566109
vt 0.921571 0.605696
vt 0.882401 0.003834
vt 0.882401 0.055925
vt 0.880520 0.055526
vt 0.880503 0.003963
vt 0.186884 0.787733
vt 0.155245 0.786390
vt 0.154764 0.771550
vt 0.186884 0.766209
vt 0.277311 0.875647
vt 0.277311 0.914937
vt 0.275251 0.914734
vt 0.275259 0.875302
vt 0.900835 0.954759
vt 0.902858 0.954391
vt 0.902858 0.976321
vt 0.900739 0.976184
vt 0.628565 0.944096
vt 0.628424 0.913193
vt 0.630331 0.912950
vt 0.630331 0.944617
vt 0.250754 0.931525
vt 0.248899 0.932069
vt 0.248882 0.896288
vt 0.250754 0.896113
vt 0.523703 0.922547
vt 0.525501 0.921947
vt 0.525501 0.952224
vt 0.523680 0.951879
vt 0.958649 0.678168
vt 0.958649 0.705623
vt 0.956759 0.705042
vt 0.956723 0.678321
vt 0.202878 0.479857
vt 0.202878 0.511824
vt 0.156222 0.496811
vt 0.154764 0.480979
vt 0.021943 0.191041
vt 0.039451 0.189745
vt 0.039451 0.241137
vt 0.003834 0.241178
vt 0.932277 0.640377
vt 0.934059 0.640018
vt 0.934059 0.675775
vt 0.932223 0.675581
vt 0.524832 0.409515
vt 0.524832 0.457642
vt 0.509042 0.456437
vt 0.492961 0.410743
vt 0.519791 0.399852
vt 0.488175 0.400319
vt 0.504096 0.353213
vt 0.519791 0.351809
vt 0.687301 0.189057
vt 0.713634 0.179931
vt 0.713634 0.216804
vt 0.686736 0.217600
vt 0.471267 0.342146
vt 0.446561 0.340557
vt 0.438330 0.304878
vt 0.471267 0.293495
vt 0.914775 0.269123
vt 0.914775 0.309540
vt 0.912787 0.309289
vt 0.912798 0.268742
vt 0.970574 0.363065
vt 0.970387 0.340933
vt 0.972443 0.340803
vt 0.972443 0.363697
vt 0.740926 0.341744
vt 0.750097 0.340803
vt 0.750097 0.385713
vt 0.730831 0.378466
vt 0.357368 0.341517
vt 0.357191 0.293495
vt 0.390239 0.295943
vt 0.390239 0.344141
vt 0.903443 0.640427
vt 0.905477 0.640018
vt 0.905477 0.687048
vt 0.903465 0.686986
vt 0.907304 0.717911
vt 0.909373 0.717546
vt 0.909373 0.762640
vt 0.907331 0.762491
vt 0.877257 0.066272
vt 0.879155 0.066063
vt 0.879155 0.118223
vt 0.877234 0.118105
vt 0.968397 0.004121
vt 0.968397 0.029122
vt 0.966520 0.028977
vt 0.966528 0.003834
vt 0.684771 0.109655
vt 0.660634 0.109019
vt 0.674903 0.066242
vt 0.684771 0.066063
vt 0.284791 0.465585
vt 0.306928 0.465619
vt 0.306928 0.511464
vt 0.274385 0.513138
vt 0.441524 0.646820
vt 0.441524 0.671197
vt 0.397800 0.660225
vt 0.397385 0.650300
vt 0.900369 0.179931
vt 0.900369 0.228958
vt 0.898538 0.228543
vt 0.898520 0.180171
vt 0.373787 0.945977
vt 0.375689 0.945646
vt 0.375689 0.969616
vt 0.373693 0.969439
vt 0.498587 0.634300
vt 0.452394 0.631748
vt 0.452762 0.621775
vt 0.498587 0.609543
vt 0.067632 0.291857
vt 0.049651 0.242064
vt 0.084503 0.242333
vt 0.084503 0.292960
vt 0.102724 0.199901
vt 0.102724 0.234396
vt 0.051214 0.217970
vt 0.049651 0.200810
vt 0.036892 0.416542
vt 0.003834 0.414284
vt 0.020814 0.367168
vt 0.036892 0.366503
vt 0.926937 0.404177
vt 0.928635 0.403521
vt 0.928635 0.441016
vt 0.926784 0.440802
vt 0.658728 0.695312
vt 0.660564 0.694791
vt 0.660564 0.724984
vt 0.658701 0.724527
vt 0.929951 0.896375
vt 0.929823 0.860593
vt 0.931666 0.860431
vt 0.931666 0.897007
vt 0.197170 0.780660
vt 0.228667 0.776073
vt 0.228667 0.796486
vt 0.197504 0.795085
vt 0.888829 0.066063
vt 0.888829 0.117160
vt 0.886834 0.116822
vt 0.886823 0.066220
vt 0.316061 0.341980
vt 0.315883 0.293495
vt 0.349524 0.295793
vt 0.349524 0.344486
vt 0.420110 0.894030
vt 0.420110 0.930635
vt 0.418149 0.930266
vt 0.418158 0.893835
vt 0.779226 0.650938
vt 0.777779 0.622636
vt 0.799129 0.623119
vt 0.799129 0.653711
vt 0.404380 0.160552
vt 0.406904 0.129704
vt 0.444925 0.129490
vt 0.444925 0.169711
vt 0.387809 0.829668
vt 0.387774 0.813464
vt 0.389675 0.813626
vt 0.389675 0.830163
vt 0.463726 0.159335
vt 0.471717 0.124106
vt 0.495986 0.123138
vt 0.495986 0.171825
vt 0.957374 0.403521
vt 0.957374 0.431901
vt 0.955534 0.431241
vt 0.955509 0.403800
vt 0.955880 0.180595
vt 0.957719 0.179931
vt 0.957719 0.208282
vt 0.955850 0.208016
vt 0.343576 0.991482
vt 0.343558 0.977545
vt 0.345367 0.977480
vt 0.345367 0.991908
vt 0.507592 0.904547
vt 0.509333 0.903971
vt 0.509333 0.938406
vt 0.507422 0.938124
vt 0.969647 0.589672
vt 0.967649 0.590220
vt 0.967616 0.566318
vt 0.969647 0.566109
vt 0.980105 0.659318
vt 0.980000 0.640095
vt 0.981929 0.640018
vt 0.981929 0.659790
vt 0.634045 0.852546
vt 0.634045 0.872924
vt 0.619759 0.867690
vt 0.618837 0.851633
vt 0.712611 0.938948
vt 0.710704 0.939458
vt 0.710691 0.906071
vt 0.712611 0.905942
vt 0.720342 0.906701
vt 0.722233 0.905942
vt 0.722233 0.939250
vt 0.720279 0.939117
vt 0.217901 0.836837
vt 0.219753 0.836600
vt 0.219753 0.888279
vt 0.217886 0.888080
vt 0.955421 0.718112
vt 0.957284 0.717546
vt 0.957284 0.746120
vt 0.955395 0.745700
vt 0.740961 0.910463
vt 0.742707 0.909763
vt 0.742707 0.942738
vt 0.740868 0.942647
vt 0.977662 0.905217
vt 0.979411 0.904674
vt 0.979411 0.925648
vt 0.977512 0.925405
vt 0.950771 0.904674
vt 0.950771 0.935082
vt 0.948909 0.934397
vt 0.948893 0.904968
vt 0.920214 0.939443
vt 0.920090 0.906690
vt 0.921945 0.906486
vt 0.921945 0.940004
vt 0.939013 0.566623
vt 0.940771 0.566109
vt 0.940771 0.599294
vt 0.938852 0.598959
vt 0.989889 0.269118
vt 0.991673 0.268742
vt 0.991673 0.284297
vt 0.989825 0.284136
vt 0.966110 0.066615
vt 0.966110 0.091487
vt 0.964055 0.091290
vt 0.964102 0.066063
vt 0.985714 0.004280
vt 0.987571 0.003834
vt 0.987571 0.020433
vt 0.985660 0.020485
vt 0.846273 0.845818
vt 0.852850 0.821582
vt 0.858860 0.821399
vt 0.858860 0.851522
vt 0.262209 0.552374
vt 0.214832 0.551604
vt 0.215990 0.536374
vt 0.262209 0.521164
vt 0.906047 0.169963
vt 0.906060 0.123329
vt 0.907924 0.123154
vt 0.907924 0.170226
vt 0.960791 0.540963
vt 0.960736 0.515412
vt 0.962812 0.515558
vt 0.962812 0.541481
vt 0.016900 0.961372
vt 0.018701 0.961048
vt 0.018701 0.981144
vt 0.016826 0.980960
vt 0.612556 0.341763
vt 0.622896 0.340803
vt 0.622896 0.388200
vt 0.597716 0.389383
vt 0.343671 0.903278
vt 0.345434 0.902740
vt 0.345434 0.937918
vt 0.343558 0.937657
vt 0.437616 0.596429
vt 0.397385 0.596060
vt 0.398486 0.583090
vt 0.437616 0.562407
vt 0.986890 0.798419
vt 0.988786 0.797929
vt 0.988786 0.813915
vt 0.986861 0.814090
vt 0.972623 0.372456
vt 0.974473 0.372111
vt 0.974473 0.395240
vt 0.972610 0.395168
vt 0.893892 0.464125
vt 0.895811 0.463879
vt 0.895811 0.513602
vt 0.893869 0.513475
vt 0.721166 0.287360
vt 0.723163 0.286937
vt 0.723163 0.333135
vt 0.721187 0.333083
vt 0.258962 0.829030
vt 0.258831 0.806303
vt 0.278722 0.805660
vt 0.278722 0.833405
vt 0.013931 0.537229
vt 0.035149 0.538334
vt 0.035149 0.582694
vt 0.003834 0.582827
vt 0.327517 0.234998
vt 0.350543 0.235520
vt 0.350543 0.284170
vt 0.316666 0.285285
vt 0.300569 0.003834
vt 0.300569 0.056159
vt 0.283999 0.055071
vt 0.266831 0.004186
vt 0.479698 0.067937
vt 0.495610 0.066063
vt 0.495610 0.114229
vt 0.463726 0.115471
vt 0.610053 0.443297
vt 0.621766 0.403521
vt 0.632363 0.403778
vt 0.632363 0.454251
vt 0.781303 0.320485
vt 0.758223 0.320995
vt 0.759535 0.296574
vt 0.781303 0.290508
vt 0.913238 0.680346
vt 0.913144 0.640125
vt 0.915039 0.640018
vt 0.915039 0.680753
vt 0.989859 0.506406
vt 0.989775 0.491473
vt 0.991623 0.491245
vt 0.991623 0.506865
vt 0.890069 0.004294
vt 0.891907 0.003834
vt 0.891907 0.054904
vt 0.890086 0.054719
vt 0.727446 0.101264
vt 0.738092 0.066565
vt 0.747794 0.066063
vt 0.747794 0.109109
vt 0.941727 0.640414
vt 0.943559 0.640018
vt 0.943559 0.672579
vt 0.941735 0.672450
vt 0.917993 0.066347
vt 0.917993 0.105437
vt 0.915896 0.105285
vt 0.915905 0.066063
vt 0.965007 0.742237
vt 0.964951 0.717546
vt 0.967025 0.717663
vt 0.967025 0.742713
vt 0.293806 0.701215
vt 0.293806 0.728420
vt 0.266349 0.726766
vt 0.258831 0.701586
vt 0.004227 0.637076
vt 0.003834 0.627181
vt 0.050024 0.623481
vt 0.050024 0.647769
vt 0.941707 0.373117
vt 0.941581 0.341124
vt 0.943494 0.340803
vt 0.943494 0.373544
vt 0.363167 0.906498
vt 0.364902 0.905920
vt 0.364902 0.939575
vt 0.363012 0.939283
vt 0.703546 0.510447
vt 0.692972 0.472676
vt 0.713423 0.465309
vt 0.713423 0.511648
vt 0.738217 0.697479
vt 0.748324 0.663677
vt 0.757520 0.663297
vt 0.757520 0.705358
vt 0.248882 0.888155
vt 0.248893 0.836528
vt 0.250760 0.836378
vt 0.250760 0.888446
vt 0.889974 0.717546
vt 0.889974 0.768997
vt 0.888092 0.768790
vt 0.888115 0.717708
vt 0.189804 0.117868
vt 0.154414 0.115807
vt 0.153713 0.076227
vt 0.189804 0.066063
vt 0.499754 0.601204
vt 0.497855 0.601764
vt 0.497839 0.567819
vt 0.499754 0.567647
vt 0.049651 0.076675
vt 0.103661 0.066063
vt 0.103661 0.103552
vt 0.051433 0.102274
vt 0.390440 0.401872
vt 0.357853 0.398283
vt 0.357191 0.359998
vt 0.390440 0.351809
vt 0.787910 0.343707
vt 0.807281 0.340803
vt 0.807281 0.370969
vt 0.786467 0.371414
vt 0.391113 0.069279
vt 0.416115 0.066063
vt 0.416115 0.116106
vt 0.383022 0.106291
vt 0.955433 0.757167
vt 0.957289 0.756794
vt 0.957289 0.785405
vt 0.955426 0.785297
vt 0.611170 0.582103
vt 0.611170 0.628940
vt 0.601159 0.628059
vt 0.586557 0.580924
vt 0.772234 0.935265
vt 0.772173 0.900144
vt 0.774024 0.899966
vt 0.774024 0.935578
vt 0.789392 0.150312
vt 0.794192 0.127351
vt 0.809144 0.126256
vt 0.809144 0.157923
vt 0.316103 0.354864
vt 0.348747 0.352154
vt 0.348747 0.400409
vt 0.315883 0.402620
vt 0.442332 0.275718
vt 0.442950 0.238946
vt 0.475678 0.234998
vt 0.475678 0.282868
vt 0.384025 0.053795
vt 0.350208 0.051810
vt 0.367662 0.004501
vt 0.384025 0.003834
vt 0.095011 0.800771
vt 0.095663 0.786849
vt 0.126104 0.785470
vt 0.126104 0.805371
vt 0.444726 0.515941
vt 0.413311 0.513223
vt 0.412675 0.476517
vt 0.444726 0.467918
vt 0.353608 0.939039
vt 0.353471 0.906073
vt 0.355345 0.905920
vt 0.355345 0.939645
vt 0.959949 0.566678
vt 0.959949 0.593203
vt 0.957936 0.592976
vt 0.957982 0.566109
vt 0.249434 0.277384
vt 0.249434 0.328173
vt 0.232400 0.327173
vt 0.214832 0.278701
vt 0.154795 0.945335
vt 0.156831 0.944816
vt 0.156831 0.969114
vt 0.154764 0.969292
vt 0.383508 0.936875
vt 0.383356 0.903187
vt 0.385347 0.903006
vt 0.385347 0.937435
vt 0.100742 0.192233
vt 0.050720 0.190767
vt 0.049651 0.165797
vt 0.100742 0.155640
vt 0.838201 0.346962
vt 0.851185 0.340803
vt 0.851185 0.371581
vt 0.844874 0.371345
vt 0.250184 0.804935
vt 0.250184 0.828710
vt 0.228208 0.818662
vt 0.227514 0.804153
vt 0.705351 0.403521
vt 0.705351 0.446568
vt 0.695819 0.446455
vt 0.681778 0.404143
vt 0.958852 0.003834
vt 0.958852 0.031667
vt 0.957040 0.030956
vt 0.957036 0.004091
vt 0.498070 0.665712
vt 0.452394 0.662074
vt 0.452717 0.652497
vt 0.498070 0.641968
vt 0.731496 0.910424
vt 0.733200 0.909763
vt 0.733200 0.942978
vt 0.731357 0.942791
vt 0.568602 0.951640
vt 0.568468 0.922594
vt 0.570373 0.922320
vt 0.570373 0.952118
vt 0.973815 0.088121
vt 0.973777 0.066313
vt 0.975785 0.066063
vt 0.975785 0.088581
vt 0.733721 0.403521
vt 0.733721 0.447798
vt 0.723718 0.446721
vt 0.713019 0.410755
vt 0.251777 0.599875
vt 0.266533 0.594597
vt 0.266533 0.615484
vt 0.251318 0.616277
vt 0.183312 0.056023
vt 0.182993 0.003834
vt 0.217961 0.004651
vt 0.217961 0.056811
vt 0.815126 0.034713
vt 0.800727 0.033612
vt 0.796021 0.011020
vt 0.815126 0.003834
vt 0.183712 0.795401
vt 0.183712 0.816220
vt 0.155337 0.806685
vt 0.154764 0.796365
vt 0.917520 0.162864
vt 0.915604 0.163384
vt 0.915592 0.123302
vt 0.917520 0.123154
vt 0.444726 0.523608
vt 0.444726 0.554740
vt 0.399018 0.540745
vt 0.397385 0.525609
vt 0.517517 0.567416
vt 0.507422 0.521270
vt 0.539478 0.521425
vt 0.539478 0.566583
vt 0.699830 0.235900
vt 0.709887 0.234998
vt 0.709887 0.281262
vt 0.688792 0.273608
vt 0.948417 0.255269
vt 0.946508 0.255791
vt 0.946494 0.225063
vt 0.948417 0.224890
vt 0.928643 0.754162
vt 0.926738 0.754774
vt 0.926719 0.717778
vt 0.928643 0.717546
vt 0.433060 0.045370
vt 0.433665 0.007461
vt 0.465530 0.003834
vt 0.465530 0.053196
vt 0.660841 0.395055
vt 0.660783 0.380916
vt 0.662602 0.380744
vt 0.662602 0.395592
vt 0.519494 0.170324
vt 0.503653 0.123138
vt 0.534780 0.124592
vt 0.534780 0.171994
vt 0.951364 0.464526
vt 0.953251 0.463879
vt 0.953251 0.492812
vt 0.951337 0.492478
vt 0.986925 0.224890
vt 0.986925 0.242294
vt 0.984919 0.241770
vt 0.984940 0.225080
vt 0.929711 0.946990
vt 0.931681 0.946465
vt 0.931681 0.969835
vt 0.929658 0.969966
vt 0.284238 0.520806
vt 0.305200 0.521551
vt 0.305200 0.568199
vt 0.274385 0.568725
vt 0.559674 0.047091
vt 0.551881 0.013644
vt 0.583166 0.003834
vt 0.583166 0.049148
vt 0.097022 0.914196
vt 0.097022 0.945345
vt 0.095022 0.944807
vt 0.095011 0.914283
vt 0.598125 0.046104
vt 0.590833 0.013349
vt 0.620236 0.003834
vt 0.620236 0.048194
vt 0.011830 0.470259
vt 0.003834 0.433618
vt 0.036261 0.424209
vt 0.036261 0.473463
vt 0.690547 0.594693
vt 0.689342 0.566109
vt 0.716546 0.566274
vt 0.716546 0.602851
vt 0.147097 0.129490
vt 0.147097 0.182570
vt 0.129525 0.181576
vt 0.111329 0.131460
vt 0.738325 0.278590
vt 0.728281 0.278024
vt 0.717555 0.243203
vt 0.738325 0.234998
vt 0.973881 0.037371
vt 0.975802 0.037014
vt 0.975802 0.058395
vt 0.973777 0.058220
vt 0.600993 0.937444
vt 0.600848 0.903597
vt 0.602795 0.903477
vt 0.602795 0.938071
vt 0.974769 0.757528
vt 0.976514 0.756794
vt 0.976514 0.779632
vt 0.974633 0.779527
vt 0.962350 0.967861
vt 0.962351 0.942749
vt 0.964232 0.942892
vt 0.964232 0.968172
vt 0.902585 0.797929
vt 0.902585 0.846950
vt 0.900782 0.846611
vt 0.900763 0.798248
vt 0.323772 0.524620
vt 0.347830 0.522559
vt 0.347830 0.568656
vt 0.315883 0.558434
vt 0.922445 0.306655
vt 0.922442 0.268742
vt 0.924399 0.268845
vt 0.924399 0.307136
vt 0.003834 0.173319
vt 0.004520 0.133799
vt 0.040210 0.130497
vt 0.040210 0.182077
vt 0.568787 0.651882
vt 0.611170 0.636608
vt 0.611170 0.662264
vt 0.568468 0.660331
vt 0.949368 0.003834
vt 0.949368 0.034401
vt 0.947434 0.033919
vt 0.947442 0.003985
vt 0.104689 0.914461
vt 0.106520 0.914196
vt 0.106520 0.946024
vt 0.104715 0.945892
vt 0.909189 0.048994
vt 0.909206 0.003968
vt 0.911091 0.003834
vt 0.911091 0.049177
vt 0.087013 0.003834
vt 0.087013 0.058395
vt 0.049651 0.048258
vt 0.050417 0.007235
vt 0.954408 0.066582
vt 0.956388 0.066063
vt 0.956388 0.094220
vt 0.954355 0.094357
vt 0.937054 0.225596
vt 0.938827 0.224890
vt 0.938827 0.259351
vt 0.936966 0.259261
vt 0.299428 0.114873
vt 0.299234 0.066063
vt 0.333845 0.067618
vt 0.333845 0.116539
vt 0.331797 0.177862
vt 0.323653 0.138997
vt 0.356665 0.129490
vt 0.356665 0.180978
vt 0.454024 0.227206
vt 0.443418 0.179931
vt 0.477120 0.180595
vt 0.477120 0.226692
vt 0.326487 0.468156
vt 0.348841 0.468938
vt 0.348841 0.514253
vt 0.315883 0.514892
vt 0.555598 0.870693
vt 0.555598 0.912157
vt 0.553601 0.911890
vt 0.553612 0.870295
vt 0.939474 0.892956
vt 0.939333 0.860549
vt 0.941247 0.860431
vt 0.941247 0.893585
vt 0.299793 0.938653
vt 0.299640 0.905867
vt 0.301610 0.905630
vt 0.301610 0.939172
vt 0.912757 0.341307
vt 0.914533 0.340803
vt 0.914533 0.382989
vt 0.912698 0.382873
vt 0.144997 0.302637
vt 0.111329 0.292731
vt 0.119568 0.253506
vt 0.144997 0.250393
vt 0.497701 0.840859
vt 0.499743 0.840504
vt 0.499743 0.890383
vt 0.497731 0.890204
vt 0.977274 0.601130
vt 0.979188 0.600870
vt 0.979188 0.622232
vt 0.977183 0.621984
vt 0.334110 0.937363
vt 0.333975 0.903008
vt 0.335891 0.902740
vt 0.335891 0.937836
vt 0.826645 0.545727
vt 0.803426 0.546573
vt 0.804235 0.531570
vt 0.826645 0.521270
vt 0.302160 0.865330
vt 0.286389 0.866333
vt 0.287440 0.849654
vt 0.302160 0.844183
vt 0.341759 0.067940
vt 0.375355 0.066063
vt 0.375355 0.114559
vt 0.341512 0.116042
vt 0.779131 0.204590
vt 0.779540 0.181143
vt 0.800295 0.179931
vt 0.800295 0.210596
vt 0.202790 0.472190
vt 0.154764 0.470903
vt 0.156293 0.454587
vt 0.202790 0.439052
vt 0.601511 0.067168
vt 0.612048 0.066063
vt 0.612048 0.117082
vt 0.586473 0.118589
vt 0.145166 0.808750
vt 0.147076 0.808563
vt 0.147076 0.860738
vt 0.145144 0.860555
vt 0.237110 0.969688
vt 0.237077 0.946656
vt 0.239030 0.946445
vt 0.239030 0.970208
vt 0.344449 0.734646
vt 0.310251 0.734186
vt 0.317600 0.709499
vt 0.344449 0.708047
vt 0.742330 0.181086
vt 0.742330 0.222843
vt 0.733738 0.222031
vt 0.721302 0.179931
vt 0.301675 0.947395
vt 0.301675 0.970180
vt 0.299640 0.969994
vt 0.299693 0.946840
vt 0.963710 0.149339
vt 0.963733 0.123257
vt 0.965587 0.123154
vt 0.965587 0.149633
vt 0.299962 0.692735
vt 0.299811 0.661575
vt 0.301728 0.661302
vt 0.301728 0.693210
vt 0.734122 0.135610
vt 0.753267 0.126256
vt 0.753267 0.168577
vt 0.744015 0.168687
vt 0.275302 0.960679
vt 0.277097 0.960110
vt 0.277097 0.980959
vt 0.275251 0.980918
vt 0.982158 0.268742
vt 0.982158 0.287022
vt 0.980108 0.286370
vt 0.980107 0.269027
vt 0.700793 0.134370
vt 0.726455 0.126256
vt 0.726455 0.162039
vt 0.699857 0.162327
vt 0.776112 0.237234
vt 0.796177 0.234998
vt 0.796177 0.265813
vt 0.775906 0.267897
vt 0.929299 0.225264
vt 0.929299 0.260544
vt 0.927280 0.260314
vt 0.927289 0.224890
vt 0.552755 0.657944
vt 0.552755 0.681206
vt 0.507822 0.670468
vt 0.507422 0.660964
vt 0.804597 0.103861
vt 0.806391 0.103448
vt 0.806391 0.118065
vt 0.804513 0.117933
vt 0.658452 0.044197
vt 0.660247 0.043786
vt 0.660247 0.058157
vt 0.658366 0.058017
vt 0.405323 0.443259
vt 0.357191 0.441437
vt 0.358779 0.424948
vt 0.405323 0.409540
vt 0.308215 0.293495
vt 0.308215 0.344292
vt 0.291536 0.343417
vt 0.274385 0.295675
vt 0.262083 0.481135
vt 0.262083 0.513497
vt 0.216179 0.498270
vt 0.214832 0.482571
vt 0.918761 0.042841
vt 0.918759 0.003834
vt 0.920655 0.003890
vt 0.920655 0.043296
vt 0.924521 0.553539
vt 0.922629 0.554054
vt 0.922616 0.515565
vt 0.924521 0.515412
vt 0.587582 0.942059
vt 0.585566 0.942587
vt 0.585529 0.911511
vt 0.587582 0.911330
vt 0.038209 0.248979
vt 0.038209 0.300371
vt 0.021092 0.298639
vt 0.003834 0.248846
vt 0.144997 0.310304
vt 0.144997 0.344159
vt 0.096474 0.328758
vt 0.095011 0.312387
vt 0.961329 0.304349
vt 0.963200 0.303707
vt 0.963200 0.330270
vt 0.961299 0.330191
vt 0.095011 0.459689
vt 0.127320 0.450267
vt 0.127320 0.498753
vt 0.095660 0.496740
vt 0.095011 0.584570
vt 0.096132 0.563672
vt 0.139698 0.561799
vt 0.139698 0.592697
vt 0.658952 0.245424
vt 0.681125 0.234998
vt 0.681125 0.282395
vt 0.670427 0.282510
vt 0.544214 0.051781
vt 0.520491 0.050788
vt 0.512588 0.015893
vt 0.544214 0.003834
vt 0.590049 0.387451
vt 0.567352 0.386401
vt 0.559817 0.352478
vt 0.590049 0.340803
vt 0.083258 0.351255
vt 0.049651 0.351278
vt 0.066750 0.302129
vt 0.083258 0.300628
vt 0.332210 0.459453
vt 0.315883 0.410288
vt 0.347875 0.410460
vt 0.347875 0.460489
vt 0.563364 0.410201
vt 0.563364 0.457474
vt 0.548292 0.456269
vt 0.532499 0.409515
vt 0.274534 0.181002
vt 0.240119 0.177119
vt 0.239426 0.137719
vt 0.274534 0.129490
vt 0.784379 0.522229
vt 0.795758 0.521270
vt 0.795758 0.550923
vt 0.772865 0.551094
vt 0.610529 0.730188
vt 0.568468 0.730050
vt 0.568798 0.721043
vt 0.610529 0.707978
vt 0.440796 0.390298
vt 0.399196 0.389199
vt 0.398107 0.362742
vt 0.440796 0.351809
vt 0.680739 0.703302
vt 0.690408 0.702297
vt 0.690408 0.746055
vt 0.670125 0.739154
vt 0.890951 0.566531
vt 0.892811 0.566109
vt 0.892811 0.616838
vt 0.890967 0.616612
vt 0.004277 0.603375
vt 0.003834 0.593071
vt 0.050578 0.590495
vt 0.050578 0.615814
vt 0.965108 0.403704
vt 0.967000 0.403521
vt 0.967000 0.429010
vt 0.965042 0.428888
vt 0.657859 0.976355
vt 0.657829 0.955108
vt 0.659739 0.954911
vt 0.659739 0.976887
vt 0.499754 0.465309
vt 0.499754 0.498248
vt 0.453799 0.483148
vt 0.452394 0.467277
vt 0.929241 0.602437
vt 0.929238 0.566109
vt 0.931185 0.566159
vt 0.931185 0.602870
vt 0.452394 0.450932
vt 0.453009 0.413963
vt 0.485294 0.409540
vt 0.485294 0.457642
vt 0.266683 0.439324
vt 0.266683 0.473292
vt 0.264775 0.472576
vt 0.264709 0.439537
vt 0.442198 0.701585
vt 0.397385 0.698634
vt 0.397716 0.689445
vt 0.442198 0.678864
vt 0.910046 0.566473
vt 0.912040 0.566109
vt 0.912040 0.610540
vt 0.910073 0.610371
vt 0.822862 0.290714
vt 0.829418 0.290508
vt 0.829418 0.324232
vt 0.813672 0.323792
vt 0.577284 0.512826
vt 0.554208 0.511694
vt 0.546509 0.477129
vt 0.577284 0.465309
vt 0.722318 0.004952
vt 0.731869 0.003834
vt 0.731869 0.049655
vt 0.711817 0.042606
vt 0.965433 0.204349
vt 0.965386 0.179931
vt 0.967515 0.180015
vt 0.967515 0.204796
vt 0.905031 0.340803
vt 0.905031 0.389245
vt 0.903175 0.388912
vt 0.903160 0.341109
vt 0.440909 0.638499
vt 0.438952 0.639149
vt 0.438931 0.604386
vt 0.440909 0.604096
vt 0.458701 0.351809
vt 0.480508 0.352102
vt 0.480508 0.400050
vt 0.448464 0.401364
vt 0.507422 0.757210
vt 0.540720 0.753104
vt 0.540720 0.775802
vt 0.507790 0.772826
vt 0.611855 0.235775
vt 0.621986 0.234998
vt 0.621986 0.284398
vt 0.597394 0.285188
vt 0.986786 0.831032
vt 0.988665 0.830589
vt 0.988665 0.847118
vt 0.986743 0.847205
vt 0.929935 0.905230
vt 0.931681 0.904674
vt 0.931681 0.938798
vt 0.929823 0.938566
vt 0.004466 0.761915
vt 0.036599 0.758956
vt 0.036599 0.780913
vt 0.003834 0.776835
vt 0.937901 0.004364
vt 0.939766 0.003834
vt 0.939766 0.037384
vt 0.937905 0.037382
vt 0.977402 0.566357
vt 0.979374 0.566109
vt 0.979374 0.587177
vt 0.977315 0.586941
vt 0.282421 0.132103
vt 0.315985 0.129490
vt 0.315985 0.179286
vt 0.282201 0.181466
vt 0.308236 0.046762
vt 0.308873 0.007760
vt 0.342541 0.003834
vt 0.342541 0.054618
vt 0.750556 0.333135
vt 0.741015 0.332688
vt 0.730831 0.298759
vt 0.750556 0.290508
vt 0.895613 0.268742
vt 0.895613 0.318889
vt 0.893692 0.318604
vt 0.893683 0.268982
vt 0.974685 0.425828
vt 0.974667 0.403676
vt 0.976572 0.403521
vt 0.976572 0.426119
vt 0.523688 0.870525
vt 0.525515 0.870213
vt 0.525515 0.914279
vt 0.523680 0.913997
vt 0.559721 0.689447
vt 0.559721 0.711469
vt 0.557716 0.711248
vt 0.557764 0.688874
vt 0.585529 0.903366
vt 0.585541 0.855110
vt 0.587370 0.854968
vt 0.587370 0.903662
vt 0.423999 0.068878
vt 0.456059 0.066063
vt 0.456059 0.113830
vt 0.423783 0.116188
vt 0.144951 0.442600
vt 0.095011 0.441146
vt 0.096121 0.425273
vt 0.144951 0.410283
vt 0.913104 0.504910
vt 0.913098 0.463879
vt 0.914950 0.463926
vt 0.914950 0.505296
vt 0.693907 0.340803
vt 0.693907 0.387619
vt 0.683510 0.386644
vt 0.672390 0.348812
vt 0.936447 0.437563
vt 0.936302 0.403799
vt 0.938246 0.403521
vt 0.938246 0.438039
vt 0.003834 0.014278
vt 0.041984 0.003834
vt 0.041984 0.059003
vt 0.004646 0.055640
vt 0.569070 0.813281
vt 0.568468 0.803507
vt 0.598154 0.803426
vt 0.598154 0.823197
vt 0.948183 0.180249
vt 0.948183 0.211200
vt 0.946351 0.211356
vt 0.946357 0.179931
vt 0.154764 0.200399
vt 0.207164 0.191488
vt 0.207164 0.226938
vt 0.155741 0.224658
vt 0.982779 0.123792
vt 0.984833 0.123154
vt 0.984833 0.140961
vt 0.982770 0.140669
vt 0.537436 0.904702
vt 0.539248 0.904057
vt 0.539248 0.938514
vt 0.537350 0.938350
vt 0.255036 0.337382
vt 0.255036 0.378117
vt 0.215705 0.360521
vt 0.214832 0.335840
vt 0.746126 0.266106
vt 0.745993 0.234998
vt 0.768238 0.237849
vt 0.768238 0.269080
vt 0.896522 0.123487
vt 0.898380 0.123154
vt 0.898380 0.172167
vt 0.896496 0.172145
vt 0.958464 0.904929
vt 0.960287 0.904674
vt 0.960287 0.931924
vt 0.958438 0.931843
vt 0.563779 0.236016
vt 0.589727 0.234998
vt 0.589727 0.276613
vt 0.555591 0.266466
vt 0.155035 0.181294
vt 0.154764 0.129490
vt 0.189065 0.131753
vt 0.189065 0.183821
vt 0.111469 0.353052
vt 0.127752 0.351826
vt 0.127752 0.402615
vt 0.095011 0.402563
vt 0.429599 0.860139
vt 0.428888 0.843111
vt 0.444675 0.843797
vt 0.444675 0.865457
vt 0.900494 0.566392
vt 0.902378 0.566109
vt 0.902378 0.614830
vt 0.900478 0.614677
vt 0.743874 0.566109
vt 0.743874 0.611543
vt 0.734380 0.610520
vt 0.724214 0.573681
vt 0.925785 0.103073
vt 0.925660 0.066201
vt 0.927508 0.066063
vt 0.927508 0.103674
vt 0.699970 0.745016
vt 0.698089 0.745493
vt 0.698075 0.702405
vt 0.699970 0.702297
vt 0.249707 0.066063
vt 0.249707 0.101114
vt 0.199246 0.086017
vt 0.197472 0.069128
vt 0.484787 0.187834
vt 0.517322 0.179931
vt 0.517322 0.226868
vt 0.485424 0.223690
vt 0.788353 0.004730
vt 0.788353 0.034383
vt 0.777130 0.032905
vt 0.765943 0.003834
vt 0.932343 0.464508
vt 0.934099 0.463879
vt 0.934099 0.499502
vt 0.932241 0.499318
vt 0.507456 0.946544
vt 0.509533 0.946073
vt 0.509533 0.969545
vt 0.507422 0.969654
vt 0.944734 0.123736
vt 0.946480 0.123154
vt 0.946480 0.154845
vt 0.944621 0.154618
vt 0.357191 0.538628
vt 0.365224 0.504805
vt 0.389577 0.503715
vt 0.389577 0.550314
vt 0.363939 0.597748
vt 0.355835 0.567730
vt 0.389577 0.557982
vt 0.389577 0.598741
vt 0.781724 0.126256
vt 0.781724 0.159320
vt 0.760934 0.150473
vt 0.765982 0.126812
vt 0.507422 0.501348
vt 0.515216 0.466426
vt 0.538841 0.465309
vt 0.538841 0.513602
vt 0.264709 0.378445
vt 0.266714 0.378080
vt 0.266714 0.431657
vt 0.264735 0.431507
vt 0.602386 0.409515
vt 0.602386 0.454251
vt 0.571031 0.446218
vt 0.571582 0.411935
vt 0.960700 0.341309
vt 0.962720 0.340803
vt 0.962720 0.367088
vt 0.960650 0.367192
vt 0.618975 0.944145
vt 0.618837 0.913273
vt 0.620756 0.912950
vt 0.620756 0.944570
vt 0.984259 0.735163
vt 0.984215 0.717546
vt 0.986069 0.717565
vt 0.986069 0.735535
vt 0.971905 0.943040
vt 0.973754 0.942749
vt 0.973754 0.966058
vt 0.971899 0.966088
vt 0.960971 0.489282
vt 0.960918 0.463879
vt 0.963023 0.463969
vt 0.963023 0.489736
vt 0.407437 0.804272
vt 0.422843 0.803780
vt 0.422843 0.827014
vt 0.397385 0.826499
vt 0.391692 0.010910
vt 0.425393 0.003834
vt 0.425393 0.052645
vt 0.392365 0.048265
vt 0.207164 0.234605
vt 0.207164 0.294121
vt 0.205378 0.293533
vt 0.205314 0.234972
vt 0.578890 0.567115
vt 0.555088 0.566018
vt 0.547145 0.532545
vt 0.578890 0.521270
vt 0.977296 0.798304
vt 0.979194 0.797929
vt 0.979194 0.819236
vt 0.977196 0.819082
vt 0.898099 0.403862
vt 0.899973 0.403521
vt 0.899973 0.452443
vt 0.898080 0.452358
vt 0.543711 0.306006
vt 0.588929 0.297855
vt 0.588929 0.329498
vt 0.544572 0.327631
vt 0.750171 0.183095
vt 0.771464 0.179931
vt 0.771464 0.210726
vt 0.749997 0.213498
vt 0.373982 0.903637
vt 0.375689 0.903006
vt 0.375689 0.937979
vt 0.373816 0.937740
vt 0.258984 0.907745
vt 0.260685 0.907107
vt 0.260685 0.940588
vt 0.258831 0.940355
vt 0.794334 0.805258
vt 0.798582 0.782522
vt 0.813408 0.781314
vt 0.813408 0.812508
vt 0.935071 0.157396
vt 0.934940 0.123520
vt 0.936954 0.123154
vt 0.936954 0.157871
vt 0.987109 0.919920
vt 0.987078 0.904705
vt 0.989042 0.904674
vt 0.989042 0.920378
vt 0.663544 0.502270
vt 0.674952 0.465309
vt 0.685304 0.465481
vt 0.685304 0.512318
vt 0.901521 0.003834
vt 0.901521 0.052284
vt 0.899587 0.051874
vt 0.899575 0.003950
vt 0.917268 0.443047
vt 0.917261 0.403521
vt 0.919116 0.403615
vt 0.919116 0.443497
vt 0.546806 0.575084
vt 0.546806 0.608550
vt 0.508311 0.588134
vt 0.507422 0.575539
vt 0.307982 0.351960
vt 0.307982 0.401399
vt 0.274385 0.389589
vt 0.282712 0.353542
vt 0.742140 0.413933
vt 0.768272 0.403521
vt 0.768272 0.432069
vt 0.741388 0.431689
vt 0.542448 0.158423
vt 0.550071 0.124162
vt 0.573312 0.123138
vt 0.573312 0.170533
vt 0.004132 0.121839
vt 0.003834 0.066670
vt 0.039296 0.068613
vt 0.039296 0.122829
vt 0.972332 0.662928
vt 0.970361 0.663341
vt 0.970353 0.640212
vt 0.972332 0.640018
vt 0.507827 0.698372
vt 0.507422 0.689031
vt 0.550049 0.688874
vt 0.550049 0.711649
vt 0.967923 0.860811
vt 0.969787 0.860431
vt 0.969787 0.884825
vt 0.967918 0.884727
vt 0.893580 0.341143
vt 0.895492 0.340803
vt 0.895492 0.390948
vt 0.893556 0.390918
vt 0.948538 0.828095
vt 0.948527 0.797929
vt 0.950411 0.797983
vt 0.950411 0.828573
vt 0.140695 0.935672
vt 0.138744 0.936292
vt 0.138726 0.901570
vt 0.140695 0.901329
vt 0.595893 0.765845
vt 0.568468 0.766932
vt 0.569355 0.749171
vt 0.595893 0.737855
vt 0.922854 0.640689
vt 0.924555 0.640018
vt 0.924555 0.678290
vt 0.922707 0.678105
vt 0.924573 0.501381
vt 0.922632 0.501939
vt 0.922618 0.464053
vt 0.924573 0.463879
vt 0.941818 0.495375
vt 0.941766 0.464152
vt 0.943670 0.463879
vt 0.943670 0.495707
vt 0.948934 0.860961
vt 0.950729 0.860431
vt 0.950729 0.890781
vt 0.948914 0.890343
vt 0.382065 0.191488
vt 0.382065 0.224563
vt 0.332787 0.209776
vt 0.331372 0.193300
vt 0.049651 0.366467
vt 0.083806 0.358945
vt 0.083806 0.407544
vt 0.050324 0.403638
vt 0.950268 0.566109
vt 0.950268 0.597093
vt 0.948457 0.596433
vt 0.948438 0.566397
vt 0.651285 0.284398
vt 0.640862 0.284292
vt 0.629654 0.245325
vt 0.651285 0.234998
vt 0.499754 0.719317
vt 0.499754 0.772468
vt 0.497882 0.772141
vt 0.497866 0.719501
vt 0.206869 0.550234
vt 0.200442 0.550068
vt 0.193705 0.525844
vt 0.206869 0.519491
vt 0.977220 0.851684
vt 0.977196 0.830756
vt 0.979076 0.830589
vt 0.979076 0.852231
vt 0.953016 0.640018
vt 0.953016 0.669943
vt 0.951236 0.669365
vt 0.951226 0.640404
vt 0.677163 0.904819
vt 0.678928 0.904312
vt 0.678928 0.938554
vt 0.676998 0.938218
vt 0.408145 0.343557
vt 0.397906 0.293495
vt 0.430663 0.294845
vt 0.430663 0.343532
vt 0.586473 0.161478
vt 0.593862 0.128347
vt 0.616541 0.126256
vt 0.616541 0.171414
vt 0.986898 0.616903
vt 0.986856 0.600870
vt 0.988742 0.601007
vt 0.988742 0.617403
vt 0.945913 0.434336
vt 0.945928 0.403521
vt 0.947842 0.403580
vt 0.947842 0.434705
vt 0.083042 0.639829
vt 0.083042 0.683127
vt 0.069419 0.682310
vt 0.058677 0.647316
vt 0.929164 0.180446
vt 0.929164 0.217223
vt 0.927280 0.217108
vt 0.927283 0.179931
vt 0.259193 0.638141
vt 0.258831 0.629567
vt 0.302087 0.627666
vt 0.302087 0.653634
vt 0.323704 0.226133
vt 0.273056 0.223338
vt 0.274871 0.206441
vt 0.323704 0.191488
vt 0.937163 0.066458
vt 0.937163 0.100845
vt 0.935175 0.100587
vt 0.935186 0.066063
vt 0.095279 0.507921
vt 0.126124 0.506420
vt 0.126124 0.553053
vt 0.095011 0.554131
vt 0.133945 0.843817
vt 0.119070 0.843881
vt 0.127762 0.813263
vt 0.133945 0.813039
vt 0.205147 0.368708
vt 0.207133 0.368315
vt 0.207133 0.390647
vt 0.205043 0.390516
vt 0.418130 0.835060
vt 0.420110 0.834682
vt 0.420110 0.886168
vt 0.418153 0.886043
vt 0.977565 0.881075
vt 0.977454 0.860664
vt 0.979319 0.860431
vt 0.979319 0.881599
vt 0.919613 0.180319
vt 0.919613 0.219001
vt 0.917577 0.218752
vt 0.917586 0.179931
vt 0.927273 0.123492
vt 0.927273 0.159788
vt 0.925188 0.159590
vt 0.925195 0.123154
vt 0.569077 0.623739
vt 0.554848 0.574783
vt 0.578890 0.575591
vt 0.578890 0.624451
vt 0.899637 0.717546
vt 0.899637 0.766730
vt 0.897650 0.766334
vt 0.897641 0.717654
vt 0.740365 0.804147
vt 0.710691 0.803304
vt 0.711400 0.792559
vt 0.740365 0.782791
vt 0.936421 0.718090
vt 0.938201 0.717546
vt 0.938201 0.752204
vt 0.936311 0.751930
vt 0.396713 0.129490
vt 0.396713 0.180963
vt 0.364332 0.169659
vt 0.372236 0.131990
vt 0.218046 0.896537
vt 0.219762 0.895946
vt 0.219762 0.932006
vt 0.217886 0.931729
vt 0.225939 0.006562
vt 0.259164 0.003834
vt 0.259164 0.055461
vt 0.225628 0.057645
vt 0.154764 0.359499
vt 0.195852 0.349937
vt 0.195852 0.390964
vt 0.157363 0.390817
vt 0.285236 0.285828
vt 0.274385 0.234998
vt 0.308999 0.236144
vt 0.308999 0.285583
vt 0.783592 0.934715
vt 0.781709 0.935316
vt 0.781692 0.900217
vt 0.783592 0.899966
vt 0.665564 0.155482
vt 0.664849 0.126256
vt 0.692190 0.126935
vt 0.692190 0.164547
vt 0.799108 0.497579
vt 0.783915 0.497005
vt 0.778958 0.473716
vt 0.799108 0.465309
vt 0.931363 0.833706
vt 0.929452 0.834339
vt 0.929433 0.798214
vt 0.931363 0.797929
vt 0.204778 0.431385
vt 0.154764 0.429811
vt 0.156019 0.413796
vt 0.204778 0.398631
vt 0.959944 0.797929
vt 0.959944 0.825555
vt 0.958090 0.824818
vt 0.958078 0.798148
vt 0.812553 0.888264
vt 0.812553 0.925238
vt 0.810627 0.925079
vt 0.810630 0.887717
vt 0.956042 0.123154
vt 0.956042 0.152004
vt 0.954150 0.151671
vt 0.954148 0.123323
vt 0.300502 0.736578
vt 0.302558 0.736088
vt 0.302558 0.759725
vt 0.300460 0.759828
vt 0.960723 0.295036
vt 0.960739 0.268742
vt 0.962710 0.269157
vt 0.962710 0.295220
vt 0.970479 0.269081
vt 0.972439 0.268742
vt 0.972439 0.291702
vt 0.970377 0.291521
vt 0.944860 0.066677
vt 0.946687 0.066063
vt 0.946687 0.097687
vt 0.944830 0.097350
vt 0.728298 0.521888
vt 0.728298 0.556655
vt 0.702809 0.548543
vt 0.701395 0.521270
vt 0.667587 0.938301
vt 0.667454 0.904562
vt 0.669330 0.904312
vt 0.669330 0.938807
vt 0.770112 0.623655
vt 0.770112 0.650965
vt 0.744016 0.639893
vt 0.743245 0.622636
vt 0.953069 0.515412
vt 0.953069 0.544852
vt 0.951279 0.544188
vt 0.951275 0.515714
vt 0.951301 0.269275
vt 0.953055 0.268742
vt 0.953055 0.298502
vt 0.951183 0.298240
vt 0.662458 0.687123
vt 0.618837 0.683662
vt 0.619180 0.674063
vt 0.662458 0.663297
vt 0.900935 0.946131
vt 0.900937 0.915336
vt 0.902858 0.915493
vt 0.902858 0.946723
vt 0.970720 0.486404
vt 0.970690 0.464036
vt 0.972661 0.463879
vt 0.972661 0.486981
vt 0.962685 0.640576
vt 0.962685 0.666486
vt 0.960683 0.666272
vt 0.960733 0.640018
vt 0.975910 0.699421
vt 0.975874 0.678446
vt 0.977851 0.678168
vt 0.977851 0.699843
vt 0.817834 0.208661
vt 0.807962 0.179931
vt 0.827184 0.180153
vt 0.827184 0.209117
vt 0.049860 0.518116
vt 0.049651 0.471179
vt 0.081524 0.472327
vt 0.081524 0.519397
vt 0.343702 0.946359
vt 0.345517 0.945585
vt 0.345517 0.969813
vt 0.343558 0.969696
vt 0.205368 0.302436
vt 0.207133 0.301788
vt 0.207133 0.360647
vt 0.205314 0.360366
vt 0.274655 0.410048
vt 0.307515 0.409066
vt 0.307515 0.457352
vt 0.274385 0.457917
vt 0.608476 0.822434
vt 0.608428 0.798838
vt 0.610529 0.798971
vt 0.610529 0.822933
vt 0.454378 0.968965
vt 0.452432 0.969534
vt 0.452394 0.945042
vt 0.454378 0.944828
vt 0.139737 0.055346
vt 0.139531 0.003834
vt 0.175326 0.005241
vt 0.175326 0.056919
vt 0.037327 0.358835
vt 0.003834 0.357557
vt 0.020664 0.308965
vt 0.037327 0.308039
vt 0.677161 0.946736
vt 0.679037 0.946222
vt 0.679037 0.969842
vt 0.676998 0.969673
vt 0.967980 0.928453
vt 0.967955 0.904874
vt 0.969845 0.904674
vt 0.969845 0.928953
vt 0.952982 0.340803
vt 0.952982 0.370864
vt 0.951181 0.370275
vt 0.951161 0.341167
vt 0.941877 0.546830
vt 0.941736 0.515619
vt 0.943608 0.515412
vt 0.943608 0.547379
vt 0.657954 0.946642
vt 0.657829 0.915754
vt 0.659680 0.915622
vt 0.659680 0.947244
vt 0.984728 0.434370
vt 0.986722 0.433804
vt 0.986722 0.451302
vt 0.984747 0.451171
vt 0.660436 0.605001
vt 0.671583 0.566152
vt 0.681674 0.566109
vt 0.681674 0.614969
vt 0.967633 0.822340
vt 0.967611 0.798073
vt 0.969528 0.797929
vt 0.969528 0.822922
vt 0.358423 0.283596
vt 0.358211 0.234998
vt 0.392106 0.235629
vt 0.392106 0.284351
vt 0.945897 0.757430
vt 0.947759 0.756794
vt 0.947759 0.788193
vt 0.945868 0.788091
vt 0.975367 0.246327
vt 0.975330 0.225169
vt 0.977252 0.224890
vt 0.977252 0.246756
vt 0.257742 0.067078
vt 0.291567 0.066063
vt 0.291567 0.117896
vt 0.257374 0.118657
vt 0.939464 0.937241
vt 0.939349 0.904924
vt 0.941225 0.904674
vt 0.941225 0.937750
vt 0.966338 0.703284
vt 0.966317 0.678331
vt 0.968207 0.678168
vt 0.968207 0.703828
vt 0.825383 0.495782
vt 0.810970 0.494572
vt 0.806775 0.472251
vt 0.825383 0.465309
vt 0.750394 0.967854
vt 0.756136 0.965945
vt 0.756136 0.976093
vt 0.750394 0.978002
vt 0.716586 0.968036
vt 0.716586 0.977860
vt 0.710692 0.975852
vt 0.710691 0.966027
vt 0.968757 0.498100
vt 0.968757 0.506865
vt 0.962584 0.504731
vt 0.960918 0.497403
vt 0.935336 0.615859
vt 0.944004 0.613363
vt 0.944004 0.624692
vt 0.934147 0.625968
vt 0.862963 0.446345
vt 0.862963 0.457631
vt 0.854224 0.455185
vt 0.852972 0.445223
vt 0.750739 0.226023
vt 0.749997 0.221165
vt 0.754422 0.223306
vt 0.754422 0.227034
vt 0.858663 0.108613
vt 0.867389 0.106194
vt 0.867389 0.117462
vt 0.857430 0.118589
vt 0.871096 0.280761
vt 0.869399 0.274011
vt 0.877229 0.274475
vt 0.877229 0.282549
vt 0.187198 0.990977
vt 0.179438 0.991255
vt 0.180947 0.984927
vt 0.187198 0.983174
vt 0.837591 0.056212
vt 0.836243 0.046599
vt 0.846503 0.047397
vt 0.846503 0.058395
vt 0.885486 0.512443
vt 0.875286 0.513263
vt 0.876627 0.503615
vt 0.885486 0.501421
vt 0.181053 0.968066
vt 0.187213 0.966052
vt 0.187213 0.975320
vt 0.179438 0.975507
vt 0.825493 0.107607
vt 0.825493 0.118442
vt 0.816463 0.116331
vt 0.815068 0.106875
vt 0.795963 0.971846
vt 0.794334 0.964399
vt 0.802147 0.964624
vt 0.802147 0.973876
vt 0.760182 0.928991
vt 0.760182 0.940341
vt 0.751550 0.937789
vt 0.750394 0.927645
vt 0.986856 0.627987
vt 0.990693 0.625071
vt 0.990693 0.630396
vt 0.987368 0.632136
vt 0.750403 0.280493
vt 0.745993 0.282661
vt 0.746740 0.277772
vt 0.750403 0.276747
vt 0.195403 0.559735
vt 0.201560 0.557901
vt 0.201560 0.565980
vt 0.193705 0.566508
vt 0.988809 0.077148
vt 0.983452 0.077412
vt 0.983453 0.066327
vt 0.988809 0.066063
vt 0.912338 0.960082
vt 0.910525 0.951780
vt 0.919526 0.951798
vt 0.919526 0.961959
vt 0.946661 0.107178
vt 0.953839 0.105355
vt 0.953839 0.115216
vt 0.944830 0.115318
vt 0.873439 0.225532
vt 0.871705 0.217972
vt 0.880815 0.218117
vt 0.880815 0.227308
vt 0.198973 0.963392
vt 0.197170 0.955394
vt 0.206180 0.955523
vt 0.206180 0.965201
vt 0.561194 0.284280
vt 0.561194 0.289032
vt 0.555591 0.286489
vt 0.863565 0.709425
vt 0.859282 0.707339
vt 0.863565 0.703238
vt 0.762695 0.282314
vt 0.758071 0.280760
vt 0.762695 0.276747
vt 0.498983 0.706230
vt 0.498983 0.711066
vt 0.493601 0.709269
vt 0.573333 0.290135
vt 0.568862 0.288603
vt 0.573333 0.284280
vt 0.881181 0.332764
vt 0.876947 0.330741
vt 0.881181 0.326556
vt 0.532336 0.839669
vt 0.528546 0.838121
vt 0.532336 0.834195
vt 0.837086 0.329319
vt 0.840725 0.327137
vt 0.840725 0.332754
vt 0.679057 0.226165
vt 0.675434 0.224015
vt 0.679057 0.220546
vt 0.878012 0.605934
vt 0.878012 0.610860
vt 0.874171 0.608705
vt 0.873616 0.604129
vt 0.597529 0.399540
vt 0.601092 0.397353
vt 0.601092 0.401556
vt 0.838730 0.282600
vt 0.828409 0.281714
vt 0.830458 0.274526
vt 0.838730 0.273326
vt 0.362543 0.947313
vt 0.362543 0.957618
vt 0.355302 0.955864
vt 0.353471 0.947512
vt 0.406470 0.969119
vt 0.397385 0.969236
vt 0.399102 0.961645
vt 0.406470 0.959877
vt 0.808824 0.512209
vt 0.806775 0.504774
vt 0.816739 0.503450
vt 0.816739 0.513156
vt 0.877399 0.163674
vt 0.885742 0.162365
vt 0.885742 0.171540
vt 0.875377 0.170848
vt 0.453505 0.926827
vt 0.462117 0.924180
vt 0.462117 0.935495
vt 0.452394 0.937160
vt 0.466349 0.990312
vt 0.466349 0.995805
vt 0.462046 0.992436
vt 0.462589 0.988137
vt 0.824919 0.448445
vt 0.832300 0.447017
vt 0.832300 0.457409
vt 0.823035 0.456606
vt 0.910859 0.622497
vt 0.910859 0.631623
vt 0.902504 0.630258
vt 0.900478 0.623127
vt 0.542506 0.970819
vt 0.542506 0.979973
vt 0.536252 0.978583
vt 0.534575 0.971562
vt 0.577476 0.959911
vt 0.577476 0.969293
vt 0.570211 0.967522
vt 0.568468 0.959785
vt 0.816157 0.393523
vt 0.806249 0.395854
vt 0.806611 0.385410
vt 0.816157 0.382644
vt 0.004574 0.950869
vt 0.003834 0.941220
vt 0.013590 0.943203
vt 0.013590 0.953381
vt 0.785674 0.704160
vt 0.785674 0.709821
vt 0.781200 0.706380
vt 0.781810 0.702206
vt 0.119646 0.966358
vt 0.119070 0.958304
vt 0.127322 0.960340
vt 0.127322 0.968873
vt 0.874472 0.977492
vt 0.866528 0.976809
vt 0.868199 0.969759
vt 0.874472 0.968316
vt 0.942373 0.383712
vt 0.951217 0.381211
vt 0.951217 0.391562
vt 0.941581 0.393542
vt 0.866948 0.926525
vt 0.876597 0.923810
vt 0.876597 0.934513
vt 0.866528 0.936807
vt 0.821232 0.929685
vt 0.821076 0.918687
vt 0.830596 0.921359
vt 0.830596 0.932647
vt 0.938879 0.055311
vt 0.937901 0.045052
vt 0.947510 0.046994
vt 0.947510 0.057893
vt 0.272819 0.991993
vt 0.277097 0.988626
vt 0.277097 0.994076
vt 0.273437 0.996166
vt 0.846512 0.924274
vt 0.855917 0.921296
vt 0.855917 0.932502
vt 0.846273 0.935085
vt 0.818062 0.216784
vt 0.818062 0.226343
vt 0.810014 0.225369
vt 0.807962 0.218048
vt 0.834089 0.991594
vt 0.838377 0.988209
vt 0.838377 0.993693
vt 0.834710 0.995773
vt 0.477149 0.937935
vt 0.476106 0.927600
vt 0.485768 0.929364
vt 0.485768 0.940565
vt 0.923957 0.387909
vt 0.931241 0.386145
vt 0.931241 0.395504
vt 0.922200 0.395623
vt 0.885479 0.952184
vt 0.892842 0.949718
vt 0.892842 0.958684
vt 0.884617 0.960874
vt 0.429139 0.985620
vt 0.433499 0.982226
vt 0.433499 0.988045
vt 0.429729 0.990125
vt 0.861211 0.767915
vt 0.860851 0.757444
vt 0.870695 0.759786
vt 0.870695 0.770686
vt 0.830850 0.950432
vt 0.821076 0.952467
vt 0.821819 0.942855
vt 0.830850 0.940314
vt 0.320340 0.926124
vt 0.320340 0.936796
vt 0.310673 0.934036
vt 0.310251 0.923813
vt 0.847587 0.382213
vt 0.847587 0.393563
vt 0.838264 0.390535
vt 0.838201 0.379249
vt 0.844446 0.449091
vt 0.844446 0.454902
vt 0.839968 0.451404
vt 0.840777 0.447017
vt 0.871255 0.444553
vt 0.880605 0.441568
vt 0.880605 0.452897
vt 0.871223 0.455821
vt 0.058400 0.924494
vt 0.058400 0.935695
vt 0.048997 0.932775
vt 0.048777 0.921942
vt 0.990412 0.102527
vt 0.994828 0.099154
vt 0.994828 0.104808
vt 0.990998 0.106702
vt 0.196563 0.621413
vt 0.201047 0.617826
vt 0.201047 0.623747
vt 0.197391 0.625865
vt 0.789299 0.218263
vt 0.789299 0.227283
vt 0.780986 0.225542
vt 0.779131 0.218350
vt 0.963146 0.159772
vt 0.963146 0.169608
vt 0.955942 0.167791
vt 0.954148 0.159671
vt 0.752232 0.949768
vt 0.759447 0.948008
vt 0.759447 0.958278
vt 0.750394 0.958075
vt 0.983877 0.359272
vt 0.983877 0.364150
vt 0.980110 0.361260
vt 0.980630 0.357389
vt 0.766157 0.225409
vt 0.762089 0.226507
vt 0.762692 0.222735
vt 0.766157 0.221165
vt 0.013290 0.930841
vt 0.003834 0.933552
vt 0.003959 0.922531
vt 0.013290 0.919525
vt 0.198066 0.945121
vt 0.197170 0.935000
vt 0.206796 0.937054
vt 0.206796 0.947727
vt 0.698136 0.945696
vt 0.688513 0.947626
vt 0.689472 0.937401
vt 0.698136 0.934818
vt 0.499488 0.962537
vt 0.490379 0.963180
vt 0.491757 0.955335
vt 0.499488 0.953381
vt 0.948658 0.849856
vt 0.939030 0.851821
vt 0.939934 0.841693
vt 0.948658 0.839153
vt 0.003834 0.985855
vt 0.008173 0.982540
vt 0.008173 0.988094
vt 0.004388 0.990225
vt 0.939739 0.328413
vt 0.930113 0.330270
vt 0.931145 0.319921
vt 0.939739 0.317207
vt 0.361331 0.974017
vt 0.353471 0.974679
vt 0.355156 0.967378
vt 0.361331 0.965285
vt 0.333010 0.990131
vt 0.333010 0.995614
vt 0.328721 0.992227
vt 0.329312 0.987924
vt 0.844278 0.769327
vt 0.842329 0.761435
vt 0.851766 0.760270
vt 0.851766 0.770481
vt 0.673642 0.445607
vt 0.673642 0.451536
vt 0.669294 0.448031
vt 0.669879 0.443459
vt 0.589862 0.395118
vt 0.589862 0.401556
vt 0.584245 0.401525
vt 0.582576 0.396870
vt 0.035907 0.983750
vt 0.035907 0.992066
vt 0.030250 0.991830
vt 0.028731 0.985839
vt 0.128759 0.940310
vt 0.128759 0.950636
vt 0.119862 0.948140
vt 0.119070 0.938336
vt 0.189146 0.928522
vt 0.189146 0.939810
vt 0.180540 0.937178
vt 0.179438 0.926878
vt 0.878519 0.700033
vt 0.887572 0.697904
vt 0.887572 0.708718
vt 0.877119 0.709438
vt 0.139678 0.946885
vt 0.146987 0.943959
vt 0.146987 0.953717
vt 0.138726 0.956104
vt 0.802483 0.947010
vt 0.802483 0.956731
vt 0.794543 0.953726
vt 0.794334 0.944596
vt 0.318527 0.946355
vt 0.318527 0.956525
vt 0.311236 0.953565
vt 0.310251 0.944464
vt 0.896356 0.706407
vt 0.895239 0.697904
vt 0.903764 0.699000
vt 0.903764 0.708900
vt 0.020637 0.990563
vt 0.020637 0.995906
vt 0.016826 0.992984
vt 0.017326 0.988811
vt 0.892811 0.626627
vt 0.892811 0.632263
vt 0.888455 0.628920
vt 0.889021 0.624506
vt 0.136616 0.711456
vt 0.136111 0.702900
vt 0.144811 0.705064
vt 0.144811 0.714045
vt 0.057091 0.953527
vt 0.048777 0.955458
vt 0.049785 0.946337
vt 0.057091 0.943362
vt 0.036901 0.953928
vt 0.028731 0.956394
vt 0.028937 0.947240
vt 0.036901 0.944171
vt 0.934940 0.168376
vt 0.938711 0.165538
vt 0.938711 0.170408
vt 0.935449 0.172248
vt 0.808630 0.277940
vt 0.808630 0.282776
vt 0.804777 0.280801
vt 0.804168 0.276381
vt 0.071695 0.953386
vt 0.070715 0.944186
vt 0.078991 0.946542
vt 0.078991 0.956264
vt 0.697523 0.964934
vt 0.688513 0.965145
vt 0.690287 0.957145
vt 0.697523 0.955293
vt 0.718941 0.949379
vt 0.718941 0.958360
vt 0.711554 0.955848
vt 0.710691 0.947125
vt 0.796501 0.281259
vt 0.792081 0.282833
vt 0.792708 0.278349
vt 0.796501 0.276381
vt 0.807842 0.165591
vt 0.807842 0.170491
vt 0.803412 0.172244
vt 0.803940 0.167731
vt 0.945967 0.452273
vt 0.945913 0.442372
vt 0.953871 0.445506
vt 0.953871 0.455676
vt 0.985119 0.961179
vt 0.985119 0.965997
vt 0.981422 0.962947
vt 0.981937 0.959236
vt 0.187947 0.957346
vt 0.179438 0.958384
vt 0.180561 0.949911
vt 0.187947 0.947477
vt 0.750037 0.512636
vt 0.748208 0.506204
vt 0.756661 0.504942
vt 0.756661 0.513518
vt 0.853474 0.992672
vt 0.846273 0.990858
vt 0.848027 0.985195
vt 0.853474 0.984760
vt 0.992106 0.203974
vt 0.984942 0.202064
vt 0.986463 0.196134
vt 0.992106 0.195781
vt 0.862912 0.045927
vt 0.872669 0.042878
vt 0.872669 0.056664
vt 0.862913 0.054447
vt 0.642261 0.945090
vt 0.650162 0.941696
vt 0.650162 0.951861
vt 0.642234 0.954959
vt 0.981422 0.943048
vt 0.988862 0.942749
vt 0.988862 0.951270
vt 0.981422 0.951569
vt 0.777014 0.042629
vt 0.777014 0.056443
vt 0.765944 0.055864
vt 0.765943 0.042050
vt 0.779374 0.969337
vt 0.779374 0.977509
vt 0.772173 0.975614
vt 0.772173 0.967442
vt 0.585529 0.979721
vt 0.585529 0.971740
vt 0.592895 0.973436
vt 0.592895 0.981416
vt 0.449619 0.986012
vt 0.442175 0.987364
vt 0.442175 0.979492
vt 0.449619 0.978141
vt 0.674815 0.979389
vt 0.674815 0.987288
vt 0.667454 0.985829
vt 0.667454 0.977929
vt 0.258831 0.989803
vt 0.265090 0.987464
vt 0.265090 0.995087
vt 0.260270 0.995085
vt 0.243700 0.727951
vt 0.237347 0.726614
vt 0.238823 0.722028
vt 0.243700 0.721419
vt 0.987041 0.566323
vt 0.993099 0.566109
vt 0.993099 0.574646
vt 0.987041 0.574861
vt 0.097022 0.982461
vt 0.089574 0.983969
vt 0.089574 0.976073
vt 0.097022 0.974565
vt 0.921760 0.852629
vt 0.919922 0.847456
vt 0.927940 0.845150
vt 0.927940 0.852668
vt 0.979234 0.889613
vt 0.985145 0.889266
vt 0.985145 0.896716
vt 0.977454 0.894779
vt 0.982108 0.505166
vt 0.976424 0.506865
vt 0.976424 0.496644
vt 0.982108 0.494944
vt 0.977608 0.983774
vt 0.971899 0.985528
vt 0.971899 0.975509
vt 0.977608 0.973755
vt 0.712417 0.992590
vt 0.710691 0.987404
vt 0.718043 0.985528
vt 0.718043 0.992935
vt 0.846273 0.975201
vt 0.846273 0.967019
vt 0.853469 0.968911
vt 0.853469 0.977093
vt 0.646925 0.513507
vt 0.644357 0.505961
vt 0.652788 0.506434
vt 0.652788 0.512130
vt 0.783066 0.505803
vt 0.788804 0.507385
vt 0.788804 0.512951
vt 0.780346 0.513279
vt 0.430040 0.183457
vt 0.428555 0.178948
vt 0.434747 0.177378
vt 0.434747 0.183803
vt 0.540795 0.987640
vt 0.540795 0.995155
vt 0.535910 0.994631
vt 0.534575 0.989172
vt 0.258831 0.971718
vt 0.266109 0.969888
vt 0.266109 0.977966
vt 0.258831 0.979796
vt 0.907410 0.788159
vt 0.897641 0.785933
vt 0.897641 0.777428
vt 0.907410 0.774398
vt 0.094498 0.295722
vt 0.099383 0.296865
vt 0.099383 0.301869
vt 0.092170 0.302555
vt 0.662481 0.221190
vt 0.667767 0.220546
vt 0.667767 0.227054
vt 0.660919 0.225812
vt 0.784413 0.282799
vt 0.775906 0.282833
vt 0.778485 0.275565
vt 0.784413 0.277215
vt 0.647950 0.226361
vt 0.646374 0.221754
vt 0.653251 0.220546
vt 0.653251 0.227026
vt 0.818740 0.055591
vt 0.818740 0.047113
vt 0.828576 0.044679
vt 0.828576 0.058395
vt 0.028731 0.936503
vt 0.028731 0.922786
vt 0.038237 0.925544
vt 0.038237 0.934021
vt 0.773532 0.702684
vt 0.773532 0.708358
vt 0.767872 0.709855
vt 0.765188 0.702206
vt 0.891886 0.976640
vt 0.884617 0.978477
vt 0.884617 0.970378
vt 0.891886 0.968541
vt 0.560801 0.936107
vt 0.551239 0.933836
vt 0.551240 0.925316
vt 0.560801 0.922320
vt 0.510069 0.337165
vt 0.515343 0.338563
vt 0.515343 0.343366
vt 0.507729 0.343429
vt 0.335891 0.978393
vt 0.328721 0.980257
vt 0.328721 0.972085
vt 0.335891 0.970221
vt 0.757632 0.993147
vt 0.750394 0.991302
vt 0.752160 0.986033
vt 0.757632 0.985670
vt 0.992107 0.258459
vt 0.986584 0.258315
vt 0.984919 0.252356
vt 0.992107 0.249961
vt 0.779374 0.985176
vt 0.779374 0.992754
vt 0.773944 0.992364
vt 0.772173 0.987005
vt 0.937009 0.979114
vt 0.937009 0.987010
vt 0.929658 0.985530
vt 0.929658 0.977634
vt 0.922446 0.317207
vt 0.922446 0.331021
vt 0.912787 0.327908
vt 0.912787 0.319370
vt 0.886338 0.993258
vt 0.884617 0.987978
vt 0.891818 0.986145
vt 0.891818 0.993639
vt 0.126329 0.984521
vt 0.119070 0.986160
vt 0.119070 0.978179
vt 0.126329 0.976540
vt 0.738549 0.973866
vt 0.738549 0.981965
vt 0.731357 0.980187
vt 0.731357 0.972088
vt 0.980024 0.516776
vt 0.987459 0.515412
vt 0.987459 0.523279
vt 0.980024 0.524643
vt 0.983872 0.388795
vt 0.989677 0.388399
vt 0.989677 0.395828
vt 0.982140 0.393998
vt 0.868694 0.381427
vt 0.868694 0.395129
vt 0.858853 0.392369
vt 0.858852 0.383901
vt 0.568468 0.978584
vt 0.575735 0.976960
vt 0.575735 0.984929
vt 0.568468 0.986553
vt 0.481788 0.980120
vt 0.476106 0.981824
vt 0.476106 0.971596
vt 0.481788 0.969891
vt 0.772678 0.512878
vt 0.764328 0.513518
vt 0.766889 0.505803
vt 0.772678 0.507084
vt 0.404841 0.984803
vt 0.397385 0.986286
vt 0.397385 0.978387
vt 0.404841 0.976904
vt 0.982745 0.100845
vt 0.982745 0.110993
vt 0.977059 0.109303
vt 0.977059 0.099154
vt 0.512498 0.989890
vt 0.505062 0.990172
vt 0.505062 0.981667
vt 0.512498 0.981385
vt 0.077913 0.983530
vt 0.077913 0.992023
vt 0.070715 0.989575
vt 0.072230 0.983543
vt 0.070715 0.925725
vt 0.080269 0.922757
vt 0.080269 0.936518
vt 0.070715 0.934230
vt 0.159067 0.984852
vt 0.159067 0.976985
vt 0.166545 0.978353
vt 0.166545 0.986220
vt 0.926313 0.050963
vt 0.926313 0.058391
vt 0.920516 0.057995
vt 0.918759 0.052836
vt 0.928600 0.448850
vt 0.934700 0.448683
vt 0.934700 0.456137
vt 0.926784 0.454001
vt 0.204365 0.974640
vt 0.204365 0.982719
vt 0.197170 0.980947
vt 0.197170 0.972869
vt 0.865869 0.506112
vt 0.865869 0.511854
vt 0.859820 0.513251
vt 0.857320 0.505938
vt 0.976379 0.548552
vt 0.976379 0.558379
vt 0.970479 0.556364
vt 0.970479 0.546537
vt 0.768848 0.381966
vt 0.768848 0.395683
vt 0.757765 0.395484
vt 0.757764 0.381767
vt 0.146256 0.641016
vt 0.146256 0.651056
vt 0.138595 0.650035
vt 0.136604 0.642333
vt 0.591756 0.950356
vt 0.591756 0.964073
vt 0.585529 0.963972
vt 0.585529 0.950255
vt 0.910525 0.987388
vt 0.916457 0.987346
vt 0.916457 0.995814
vt 0.910525 0.995856
vt 0.551240 0.987363
vt 0.557171 0.987322
vt 0.557171 0.995800
vt 0.551239 0.995841
vt 0.145885 0.985159
vt 0.145885 0.993030
vt 0.138726 0.988490
vt 0.091051 0.953136
vt 0.097022 0.953012
vt 0.097022 0.966774
vt 0.091051 0.966897
vt 0.989738 0.372254
vt 0.989738 0.380732
vt 0.982140 0.380589
vt 0.982140 0.372111
vt 0.988042 0.304081
vt 0.988042 0.312619
vt 0.980553 0.312245
vt 0.980553 0.303707
vt 0.642234 0.962661
vt 0.647597 0.962626
vt 0.647597 0.976343
vt 0.642234 0.976378
vt 0.370333 0.988369
vt 0.370332 0.977284
vt 0.375689 0.977548
vt 0.375689 0.988633
vt 0.104689 0.967409
vt 0.104689 0.953692
vt 0.110621 0.953733
vt 0.110621 0.967450
vt 0.992130 0.179931
vt 0.992130 0.188114
vt 0.984942 0.184426
vt 0.986986 0.860532
vt 0.993213 0.860431
vt 0.993213 0.868908
vt 0.986986 0.869009
vt 0.992653 0.678168
vt 0.992653 0.686247
vt 0.985519 0.682857
vt 0.119070 0.927568
vt 0.119070 0.919031
vt 0.128717 0.916854
vt 0.128717 0.930668
vt 0.600848 0.980293
vt 0.600848 0.970404
vt 0.606618 0.972262
vt 0.606618 0.982152
vt 0.948893 0.986840
vt 0.954941 0.986643
vt 0.954941 0.995180
vt 0.948893 0.995378
vt 0.462046 0.970645
vt 0.467897 0.968700
vt 0.467897 0.978525
vt 0.462046 0.980470
vt 0.264993 0.962017
vt 0.258831 0.962220
vt 0.258831 0.948459
vt 0.264993 0.948256
vt 0.958884 0.395025
vt 0.958884 0.381211
vt 0.964943 0.381426
vt 0.964943 0.395240
vt 0.992402 0.981854
vt 0.985275 0.978455
vt 0.992402 0.973755
vt 0.614709 0.974186
vt 0.620070 0.973916
vt 0.620070 0.985002
vt 0.614708 0.985272
vt 0.433499 0.960745
vt 0.433499 0.974559
vt 0.428174 0.974549
vt 0.428174 0.960735
vt 0.144094 0.977473
vt 0.138726 0.977491
vt 0.138726 0.963790
vt 0.144094 0.963772
vt 0.984229 0.159681
vt 0.989554 0.159671
vt 0.989554 0.170757
vt 0.984229 0.170766
vt 0.003834 0.961058
vt 0.009159 0.961048
vt 0.009159 0.974862
vt 0.003834 0.974872
vt 0.873656 0.985160
vt 0.873656 0.993059
vt 0.866528 0.989730
vt 0.292992 0.982187
vt 0.292992 0.990664
vt 0.285583 0.990547
vt 0.285583 0.982070
vt 0.964056 0.112941
vt 0.964055 0.099154
vt 0.969391 0.099194
vt 0.969391 0.112980
vt 0.219790 0.975318
vt 0.219790 0.985451
vt 0.214107 0.983752
vt 0.214107 0.973618
vt 0.967470 0.442414
vt 0.967470 0.456116
vt 0.961538 0.456074
vt 0.961538 0.442372
vt 0.823824 0.384692
vt 0.829705 0.382644
vt 0.829705 0.392542
vt 0.823824 0.394590
vt 0.360879 0.982445
vt 0.360879 0.990913
vt 0.353471 0.990815
vt 0.353471 0.982347
vt 0.034558 0.966078
vt 0.034558 0.976083
vt 0.028731 0.974066
vt 0.028731 0.964061
vt 0.993275 0.590996
vt 0.987041 0.591070
vt 0.987041 0.582602
vt 0.993275 0.582528
vt 0.317449 0.992064
vt 0.310251 0.988352
vt 0.317449 0.983892
vt 0.828715 0.754641
vt 0.828715 0.768343
vt 0.817631 0.768181
vt 0.817631 0.754480
vt 0.910525 0.971497
vt 0.917695 0.969626
vt 0.917695 0.977809
vt 0.910525 0.979679
vt 0.801935 0.981656
vt 0.801935 0.990124
vt 0.794334 0.990012
vt 0.794334 0.981544
vt 0.104689 0.986203
vt 0.104689 0.975117
vt 0.110051 0.975387
vt 0.110051 0.986472
vt 0.414305 0.977413
vt 0.414305 0.963711
vt 0.419674 0.963730
vt 0.419674 0.977431
vt 0.980111 0.349340
vt 0.980110 0.340803
vt 0.987606 0.341184
vt 0.987606 0.349722
vt 0.048777 0.976842
vt 0.048777 0.963125
vt 0.054140 0.963160
vt 0.054140 0.976877
vt 0.992754 0.693914
vt 0.992754 0.701781
vt 0.985519 0.698414
vt 0.490379 0.980746
vt 0.490379 0.970848
vt 0.496139 0.972699
vt 0.496139 0.982597
vt 0.989515 0.786790
vt 0.984182 0.786947
vt 0.984182 0.775862
vt 0.989515 0.775705
vt 0.556940 0.969427
vt 0.556940 0.979655
vt 0.551240 0.977873
vt 0.551239 0.967645
vt 0.628424 0.952422
vt 0.634397 0.952284
vt 0.634397 0.966071
vt 0.628424 0.966208
vt 0.154764 0.934414
vt 0.154764 0.925946
vt 0.164268 0.923447
vt 0.164268 0.937149
vt 0.970814 0.161597
vt 0.976561 0.159671
vt 0.976561 0.169804
vt 0.970814 0.171730
vt 0.070715 0.965972
vt 0.076605 0.963932
vt 0.076605 0.973821
vt 0.070715 0.975862
vt 0.520165 0.989905
vt 0.520165 0.981385
vt 0.526313 0.981590
vt 0.526313 0.990111
vt 0.056104 0.992513
vt 0.048777 0.988894
vt 0.056104 0.984544
vt 0.790862 0.171553
vt 0.789392 0.166991
vt 0.795745 0.165591
vt 0.795745 0.172111
vt 0.797543 0.392844
vt 0.786467 0.393302
vt 0.786467 0.379540
vt 0.797543 0.379082
vt 0.987880 0.472399
vt 0.980328 0.472728
vt 0.980328 0.464207
vt 0.987880 0.463879
vt 0.984182 0.767880
vt 0.984182 0.756794
vt 0.989515 0.756951
vt 0.989515 0.768037
vt 0.525501 0.973678
vt 0.520165 0.973717
vt 0.520165 0.959931
vt 0.525501 0.959891
vt 0.989389 0.546710
vt 0.989389 0.557796
vt 0.984046 0.557623
vt 0.984046 0.546537
vt 0.285583 0.960641
vt 0.290928 0.960595
vt 0.290928 0.974357
vt 0.285583 0.974402
vt 0.642234 0.987608
vt 0.649375 0.984045
vt 0.649375 0.992228
vt 0.695891 0.974485
vt 0.695891 0.982454
vt 0.688513 0.980781
vt 0.688513 0.972812
vt 0.310251 0.974212
vt 0.310251 0.964192
vt 0.316063 0.966205
vt 0.316063 0.976224
vt 0.820259 0.990115
vt 0.820259 0.981610
vt 0.826421 0.981812
vt 0.826421 0.990317
vt 0.389193 0.979616
vt 0.383356 0.981559
vt 0.383356 0.971731
vt 0.389193 0.969789
vt 0.482254 0.962019
vt 0.476106 0.962224
vt 0.476106 0.948438
vt 0.482254 0.948232
vt 0.634131 0.983880
vt 0.628424 0.985647
vt 0.628424 0.975642
vt 0.634131 0.973875
vt 0.995569 0.640155
vt 0.995569 0.648676
vt 0.989596 0.648539
vt 0.989596 0.640018
vt 0.954590 0.968754
vt 0.954590 0.978975
vt 0.948893 0.977175
vt 0.948893 0.966954
vt 0.995567 0.656467
vt 0.995567 0.664972
vt 0.989596 0.664848
vt 0.989596 0.656343
vt 0.421436 0.985099
vt 0.421436 0.993068
vt 0.414305 0.988432
vt 0.796846 0.117234
vt 0.785771 0.117715
vt 0.785771 0.103929
vt 0.796846 0.103448
vt 0.237077 0.985747
vt 0.237077 0.977876
vt 0.244554 0.979235
vt 0.244554 0.987106
vt 0.980553 0.320602
vt 0.988112 0.320286
vt 0.988112 0.328791
vt 0.980553 0.329107
vt 0.988812 0.048100
vt 0.983469 0.048272
vt 0.983469 0.037187
vt 0.988812 0.037014
vt 0.821076 0.973896
vt 0.821076 0.960135
vt 0.826421 0.960180
vt 0.826421 0.973942
vt 0.620756 0.952435
vt 0.620756 0.966249
vt 0.614709 0.966051
vt 0.614708 0.952237
vt 0.731358 0.964347
vt 0.731357 0.950646
vt 0.737591 0.950719
vt 0.737591 0.964420
vt 0.586342 0.289206
vt 0.581000 0.287229
vt 0.586342 0.284280
vt 0.820616 0.276381
vt 0.820616 0.282560
vt 0.816297 0.278698
vt 0.989565 0.403531
vt 0.989565 0.414616
vt 0.984240 0.414607
vt 0.984240 0.403521
vn -0.3940 -0.2809 -0.8751
vn -0.5399 -0.1584 0.8267
vn -0.5403 -0.1581 0.8265
vn -0.5410 -0.1575 0.8262
vn -0.5192 -0.1961 0.8318
vn 0.5414 -0.3145 -0.7797
vn -0.4755 -0.2732 0.8362
vn -0.4754 -0.2735 0.8362
vn -0.4467 -0.3379 0.8284
vn -0.4465 -0.3383 0.8284
vn -0.4547 -0.3216 -0.8305
vn -0.4503 -0.3299 -0.8297
vn -0.4500 -0.3303 -0.8297
vn -0.9634 -0.2666 -0.0271
vn 0.4814 -0.0531 0.8749
vn 0.4805 -0.0526 0.8754
vn -0.9790 -0.1998 -0.0397
vn 0.4102 -0.2178 0.8856
vn 0.4213 -0.1902 0.8867
vn 0.4210 -0.1899 0.8870
vn -0.9124 -0.4081 -0.0319
vn -0.9121 -0.4087 -0.0314
vn -0.9122 -0.4086 -0.0304
vn -0.9124 -0.4080 -0.0314
vn 0.9230 -0.3742 0.0900
vn 0.5280 -0.3569 -0.7707
vn 0.5281 -0.3566 -0.7707
vn -0.9719 -0.2335 -0.0314
vn -0.9719 -0.2333 -0.0317
vn -0.9514 -0.3072 -0.0239
vn -0.9512 -0.3075 -0.0239
vn -0.9289 -0.3695 -0.0268
vn 0.5604 -0.1023 -0.8219
vn 0.5606 -0.1024 -0.8217
vn 0.3983 -0.2523 0.8819
vn 0.5607 -0.1902 -0.8059
vn -0.8590 -0.5077 -0.0664
vn -0.8591 -0.5075 -0.0668
vn -0.4044 -0.2110 -0.8899
vn -0.4047 -0.2106 -0.8898
vn -0.4046 -0.2107 -0.8899
vn 0.4313 -0.1734 0.8854
vn 0.4316 -0.1732 0.8853
vn 0.5174 -0.3728 -0.7703
vn 0.5177 -0.3731 -0.7700
vn 0.2783 0.8822 -0.3797
vn -0.2870 0.8573 -0.4274
vn -0.1020 0.9041 -0.4150
vn -0.1028 0.9037 -0.4157
vn -0.1023 0.9040 -0.4151
vn -0.0723 0.9139 -0.3995
vn -0.0725 0.9138 -0.3997
vn 0.2433 0.9413 0.2342
vn 0.2433 0.9414 0.2337
vn 0.2432 0.9415 0.2332
vn 0.2220 0.9468 0.2330
vn 0.2220 0.9471 0.2317
vn 0.2221 0.9470 0.2320
vn -0.1809 0.8818 -0.4356
vn -0.1810 0.8816 -0.4359
vn 0.2950 0.8843 -0.3619
vn 0.2952 0.8840 -0.3625
vn 0.2952 0.8840 -0.3626
vn 0.2951 0.8841 -0.3623
vn -0.1404 0.9689 0.2037
vn -0.1399 0.9691 0.2033
vn -0.1103 0.9723 0.2063
vn -0.1098 0.9724 0.2060
vn -0.1094 0.9725 0.2057
vn -0.2389 0.9661 -0.0977
vn -0.2382 0.9662 -0.0983
vn -0.2397 0.9659 -0.0978
vn 0.1180 0.9599 0.2542
vn -0.2176 0.9528 0.2118
vn -0.2174 0.9529 0.2114
vn -0.2174 0.9529 0.2115
vn 0.2580 0.8808 -0.3970
vn -0.2310 0.8701 -0.4354
vn -0.2638 0.9583 -0.1098
vn -0.0497 0.9223 -0.3832
vn 0.0693 0.9583 0.2773
vn 0.0692 0.9584 0.2770
vn 0.0694 0.9583 0.2774
vn 0.4401 0.8958 -0.0620
vn 0.4412 0.8952 -0.0623
vn 0.4406 0.8955 -0.0621
vn 0.4404 0.8956 -0.0619
vn -0.2981 0.9472 -0.1183
vn -0.2971 0.9475 -0.1186
vn -0.2978 0.9473 -0.1184
vn -0.3525 0.8350 -0.4225
vn 0.1604 0.9575 0.2395
vn 0.1603 0.9577 0.2391
vn 0.1605 0.9575 0.2395
vn 0.4069 0.9102 -0.0766
vn 0.4064 0.9105 -0.0766
vn 0.3395 0.9379 -0.0714
vn 0.3403 0.9376 -0.0712
vn 0.3390 0.9381 -0.0716
vn 0.3400 0.9377 -0.0715
vn -0.1765 0.9625 0.2061
vn 0.2331 0.8810 -0.4118
vn 0.2332 0.8807 -0.4122
vn 0.2333 0.8804 -0.4128
vn 0.4248 0.9025 -0.0713
vn 0.4241 0.9028 -0.0717
vn 0.4251 0.9024 -0.0711
vn 0.2605 0.9342 0.2439
vn 0.1129 0.9010 -0.4189
vn 0.1130 0.9009 -0.4191
vn 0.1130 0.9008 -0.4193
vn -0.1391 0.8928 -0.4284
vn 0.4545 0.8894 -0.0494
vn 0.4544 0.8894 -0.0494
vn 0.4547 0.8893 -0.0493
vn 0.1600 0.8919 -0.4230
vn 0.1601 0.8918 -0.4231
vn 0.1601 0.8917 -0.4233
vn 0.1601 0.8918 -0.4230
vn 0.2000 0.8853 -0.4197
vn 0.2002 0.8851 -0.4201
vn 0.2005 0.8850 -0.4202
vn 0.2003 0.8851 -0.4202
vn -0.3372 0.9334 -0.1226
vn -0.3380 0.9331 -0.1226
vn -0.2669 0.9368 0.2263
vn -0.2668 0.9368 0.2262
vn -0.2667 0.9369 0.2261
vn 0.0208 0.9482 0.3170
vn 0.3750 0.9237 -0.0780
vn 0.3755 0.9236 -0.0777
vn 0.3753 0.9236 -0.0781
vn 0.3756 0.9235 -0.0781
vn -0.3841 0.9153 -0.1215
vn -0.3831 0.9157 -0.1215
vn -0.3833 0.9156 -0.1215
vn -0.3838 0.9154 -0.1216
vn -0.4230 0.8047 -0.4165
vn 0.2976 0.9530 -0.0571
vn 0.2980 0.9528 -0.0573
vn 0.2978 0.9529 -0.0575
vn -0.4926 0.8651 -0.0950
vn -0.4921 0.8654 -0.0948
vn -0.4922 0.8653 -0.0948
vn -0.4916 0.8656 -0.0954
vn -0.3846 0.8763 0.2900
vn -0.3840 0.8766 0.2901
vn -0.3845 0.8764 0.2899
vn -0.4986 0.7404 0.4508
vn -0.4986 0.7405 0.4506
vn -0.4986 0.7405 0.4507
vn 0.2219 0.9751 0.0006
vn 0.2216 0.9751 0.0004
vn 0.2214 0.9752 0.0003
vn 0.2215 0.9752 0.0003
vn 0.1915 0.9784 0.0773
vn 0.1914 0.9785 0.0773
vn 0.1915 0.9785 0.0773
vn -0.6472 0.7615 -0.0348
vn -0.6474 0.7614 -0.0344
vn -0.6475 0.7613 -0.0344
vn -0.6474 0.7614 -0.0345
vn -0.5036 0.7767 -0.3783
vn 0.2565 0.9660 -0.0342
vn 0.2566 0.9659 -0.0346
vn 0.2562 0.9660 -0.0348
vn -0.0673 0.8799 0.4703
vn -0.0674 0.8800 0.4702
vn -0.0673 0.8800 0.4702
vn -0.0231 0.9264 0.3759
vn 0.0196 0.9134 -0.4066
vn 0.0195 0.9134 -0.4066
vn 0.0194 0.9137 -0.4059
vn 0.0194 0.9133 -0.4067
vn -0.7228 0.6899 0.0402
vn -0.7228 0.6899 0.0403
vn -0.7227 0.6899 0.0403
vn -0.4497 0.8215 0.3506
vn -0.4498 0.8216 0.3503
vn -0.4499 0.8214 0.3506
vn -0.4497 0.8214 0.3507
vn -0.8622 -0.5001 -0.0808
vn -0.4767 -0.0820 -0.8752
vn 0.5024 -0.0124 -0.8645
vn 0.5023 -0.0125 -0.8646
vn 0.5026 -0.0124 -0.8644
vn 0.5027 -0.0124 -0.8644
vn -0.3616 -0.5192 0.7744
vn -0.3618 -0.5194 0.7742
vn -0.9181 -0.3942 -0.0411
vn -0.9182 -0.3940 -0.0409
vn 0.5582 -0.1598 0.8142
vn 0.5496 -0.1360 0.8243
vn -0.3639 -0.5222 0.7713
vn -0.3642 -0.5224 0.7710
vn 0.9633 0.2678 0.0184
vn 0.9662 0.2574 0.0109
vn 0.4506 0.3115 -0.8366
vn 0.4504 0.3113 -0.8368
vn 0.4512 0.3120 -0.8361
vn -0.5439 0.5239 0.6555
vn -0.5443 0.5231 0.6558
vn -0.0626 0.7310 0.6795
vn -0.0626 0.7307 0.6798
vn -0.0627 0.7309 0.6796
vn -0.0631 0.7309 0.6795
vn -0.5991 0.7701 -0.2193
vn -0.5991 0.7701 -0.2190
vn -0.5991 0.7702 -0.2187
vn -0.5991 0.7702 -0.2186
vn -0.1190 0.9748 -0.1887
vn 0.0328 0.7032 0.7102
vn -0.8291 0.5268 0.1870
vn -0.8290 0.5269 0.1877
vn -0.8289 0.5270 0.1878
vn -0.8289 0.5269 0.1877
vn -0.5734 0.7690 -0.2826
vn -0.5734 0.7690 -0.2827
vn -0.5737 0.7687 -0.2829
vn -0.6693 0.7243 0.1654
vn -0.6691 0.7245 0.1654
vn -0.6692 0.7245 0.1654
vn -0.5292 0.8370 -0.1388
vn -0.5292 0.8370 -0.1389
vn -0.5292 0.8371 -0.1387
vn -0.4949 -0.0701 0.8661
vn -0.4951 0.1121 -0.8616
vn -0.4955 0.1120 -0.8614
vn -0.4954 0.1120 -0.8614
vn -0.4963 0.1121 -0.8609
vn -0.9708 -0.2399 0.0019
vn -0.9708 -0.2397 0.0019
vn -0.9708 -0.2398 0.0021
vn 0.4634 0.2871 -0.8383
vn 0.4636 0.2873 -0.8382
vn -0.5205 0.4919 0.6979
vn -0.5204 0.4917 0.6981
vn -0.5202 0.4922 0.6979
vn 0.2606 0.9370 0.2327
vn 0.2607 0.9370 0.2327
vn 0.2605 0.9370 0.2328
vn 0.2826 0.8187 0.4999
vn 0.2826 0.8187 0.5000
vn 0.2826 0.8186 0.4999
vn -0.0373 0.9676 -0.2495
vn -0.0374 0.9677 -0.2494
vn -0.0374 0.9677 -0.2495
vn 0.4325 0.8946 0.1127
vn 0.4325 0.8946 0.1126
vn 0.4326 0.8945 0.1126
vn -0.3295 0.7580 -0.5629
vn -0.3296 0.7581 -0.5628
vn -0.3296 0.7582 -0.5626
vn -0.8130 0.5742 0.0970
vn -0.8129 0.5742 0.0970
vn -0.8130 0.5741 0.0969
vn 0.1753 0.7220 0.6693
vn 0.0647 0.9079 -0.4141
vn 0.0647 0.9078 -0.4143
vn 0.0647 0.9078 -0.4145
vn -0.3208 0.9141 0.2478
vn -0.3207 0.9142 0.2477
vn -0.3198 0.9146 0.2474
vn -0.3206 0.9143 0.2476
vn -0.0265 0.9284 -0.3707
vn -0.0264 0.9283 -0.3708
vn -0.5660 0.8214 -0.0705
vn -0.5660 0.8215 -0.0699
vn -0.5664 0.8212 -0.0699
vn -0.5658 0.8215 -0.0702
vn 0.1469 0.9548 0.2583
vn 0.1463 0.9547 0.2589
vn 0.1469 0.9547 0.2586
vn 0.1472 0.9548 0.2581
vn -0.5042 0.7432 0.4398
vn -0.5042 0.7432 0.4399
vn -0.5043 0.7431 0.4400
vn -0.0181 0.9802 0.1972
vn -0.0182 0.9802 0.1972
vn -0.0183 0.9802 0.1972
vn -0.8144 0.5433 0.2040
vn -0.8143 0.5433 0.2041
vn -0.8143 0.5434 0.2040
vn -0.8146 0.5431 0.2038
vn 0.2484 0.8069 -0.5360
vn 0.2483 0.8069 -0.5359
vn 0.2484 0.8068 -0.5361
vn -0.4833 0.7594 -0.4356
vn -0.4832 0.7594 -0.4356
vn 0.1122 0.9091 -0.4011
vn 0.1122 0.9090 -0.4013
vn 0.1122 0.9092 -0.4010
vn -0.4748 0.5517 0.6857
vn -0.4747 0.5519 0.6856
vn -0.4748 0.5518 0.6856
vn 0.5468 0.8358 -0.0485
vn 0.5470 0.8357 -0.0486
vn 0.5470 0.8358 -0.0485
vn -0.3639 0.7656 0.5304
vn -0.3639 0.7656 0.5305
vn -0.3640 0.7655 0.5305
vn -0.3640 0.7655 0.5306
vn 0.1957 0.9519 0.2358
vn -0.4361 0.8929 -0.1122
vn -0.4355 0.8932 -0.1120
vn -0.4357 0.8931 -0.1120
vn -0.4352 0.8933 -0.1126
vn -0.6776 0.7340 -0.0450
vn -0.6776 0.7341 -0.0449
vn -0.6776 0.7340 -0.0449
vn -0.0881 0.9725 0.2158
vn -0.0881 0.9724 0.2158
vn -0.0881 0.9725 0.2156
vn -0.0881 0.9724 0.2159
vn -0.1915 0.8593 0.4742
vn -0.1914 0.8593 0.4743
vn -0.1853 0.9740 -0.1306
vn -0.1854 0.9740 -0.1302
vn -0.1853 0.9740 -0.1305
vn 0.4984 0.0125 0.8668
vn -0.3949 -0.3225 -0.8603
vn -0.3939 -0.3229 -0.8606
vn 0.4579 -0.1220 0.8806
vn 0.9873 -0.1432 0.0683
vn 0.9999 0.0118 -0.0076
vn 0.5529 -0.2662 -0.7896
vn 0.5532 -0.2664 -0.7893
vn -0.8799 -0.4692 -0.0745
vn -0.8800 -0.4692 -0.0742
vn 0.9984 0.0335 0.0453
vn 0.9984 0.0336 0.0452
vn 0.9985 0.0330 0.0447
vn 0.4776 0.1923 -0.8573
vn 0.4781 0.1921 -0.8570
vn 0.4784 0.1923 -0.8568
vn 0.4783 0.1923 -0.8569
vn 0.5088 -0.0905 0.8561
vn -0.4433 -0.3409 -0.8290
vn -0.9376 -0.3470 -0.0234
vn -0.9375 -0.3473 -0.0230
vn -0.9374 -0.3475 -0.0232
vn -0.9998 -0.0198 -0.0005
vn -0.4086 -0.4312 0.8044
vn -0.4087 -0.4317 0.8041
vn -0.4088 -0.4311 0.8044
vn 0.9760 -0.2034 0.0774
vn 0.9762 -0.2030 0.0768
vn -0.4739 -0.0527 -0.8790
vn -0.4739 -0.0526 -0.8790
vn -0.4744 -0.0526 -0.8788
vn -0.4735 -0.0525 -0.8792
vn 0.9606 -0.2646 0.0850
vn -0.4734 -0.2142 0.8544
vn -0.4738 -0.2143 0.8541
vn -0.4741 -0.2143 0.8540
vn -0.4736 -0.2141 0.8543
vn 0.9376 -0.3359 0.0898
vn 0.9379 -0.3354 0.0890
vn -0.5049 -0.2241 0.8336
vn 0.4958 -0.4086 -0.7663
vn 0.4959 -0.4088 -0.7661
vn -0.5314 -0.1748 0.8289
vn -0.5307 -0.1745 0.8294
vn -0.5307 -0.1740 0.8295
vn -0.5309 -0.1742 0.8293
vn 0.9893 0.1455 -0.0071
vn -0.5530 -0.1650 0.8166
vn -0.5535 -0.1646 0.8164
vn 0.5295 -0.1125 0.8408
vn 0.5293 -0.1121 0.8410
vn 0.5467 0.0045 -0.8373
vn -0.4496 -0.0968 -0.8880
vn -0.4492 -0.0968 -0.8882
vn -0.4328 0.0881 -0.8972
vn -0.4332 0.0881 -0.8970
vn -0.4325 0.0880 -0.8973
vn -0.4331 0.0882 -0.8970
vn -0.4224 -0.3662 -0.8291
vn -0.5474 -0.1561 0.8222
vn 0.5067 -0.3920 -0.7679
vn -0.4098 -0.3680 -0.8347
vn -0.4092 -0.3683 -0.8348
vn -0.4840 -0.1390 -0.8640
vn -0.4932 -0.2380 0.8367
vn -0.4014 -0.3450 -0.8484
vn -0.4018 -0.3455 -0.8480
vn 0.9966 -0.0589 0.0568
vn 0.8708 -0.4854 0.0781
vn 0.8708 -0.4853 0.0781
vn 0.8708 -0.4854 0.0782
vn 0.9506 -0.2978 0.0880
vn 0.9507 -0.2976 0.0876
vn 0.3349 -0.5303 0.7789
vn 0.3350 -0.5303 0.7789
vn 0.4450 -0.1443 0.8838
vn 0.4447 -0.1440 0.8840
vn 0.4445 -0.1438 0.8842
vn 0.9828 0.1840 0.0166
vn 0.4701 -0.0827 0.8787
vn 0.4705 -0.0823 0.8785
vn 0.9923 0.1192 0.0325
vn 0.5431 -0.1598 0.8243
vn -0.3915 -0.4577 0.7983
vn 0.5149 0.1338 -0.8468
vn 0.5141 0.1341 -0.8472
vn 0.5148 0.1343 -0.8467
vn -0.5325 -0.3468 0.7721
vn -0.5325 -0.3469 0.7721
vn 0.9882 0.1529 -0.0076
vn 0.9882 0.1528 -0.0077
vn 0.9881 0.1534 -0.0078
vn -0.8910 -0.4520 -0.0429
vn -0.8908 -0.4524 -0.0422
vn -0.9765 -0.2125 -0.0355
vn -0.9765 -0.2128 -0.0351
vn -0.9765 -0.2126 -0.0358
vn -0.9971 -0.0501 -0.0576
vn -0.9971 -0.0498 -0.0584
vn 0.4956 -0.0521 0.8670
vn 0.4953 -0.0518 0.8672
vn -0.4336 -0.3577 -0.8270
vn -0.4338 -0.3582 -0.8267
vn -0.4340 -0.3582 -0.8267
vn -0.4338 -0.3579 -0.8269
vn 0.5488 -0.1475 -0.8229
vn 0.5489 -0.1477 -0.8228
vn 0.5489 -0.1477 -0.8227
vn 0.5488 -0.1474 -0.8228
vn 0.4799 0.1918 -0.8561
vn -0.6190 -0.5471 -0.5635
vn -0.6052 -0.3157 -0.7308
vn -0.6052 -0.3154 -0.7309
vn -0.6052 -0.3156 -0.7309
vn -0.6053 -0.3153 -0.7309
vn -0.4181 -0.9015 0.1116
vn -0.4175 -0.9018 0.1114
vn -0.4179 -0.9016 0.1116
vn 0.9333 -0.3440 -0.1030
vn 0.9333 -0.3441 -0.1030
vn 0.4146 0.9035 -0.1082
vn 0.2989 0.8239 0.4815
vn 0.2988 0.8239 0.4815
vn -0.0204 -0.9660 -0.2576
vn -0.0207 -0.9660 -0.2577
vn -0.0208 -0.9660 -0.2578
vn -0.0206 -0.9660 -0.2578
vn 0.3550 0.6846 -0.6366
vn 0.3550 0.6847 -0.6366
vn 0.4348 0.8932 0.1145
vn 0.4348 0.8932 0.1149
vn 0.4350 0.8931 0.1149
vn 0.4350 0.8931 0.1148
vn 0.7405 -0.4497 -0.4994
vn 0.8368 -0.0671 0.5433
vn 0.8368 -0.0670 0.5433
vn 0.9353 -0.3464 -0.0720
vn 0.9353 -0.3466 -0.0716
vn 0.9353 -0.3465 -0.0716
vn 0.9350 -0.3471 -0.0722
vn -0.8630 -0.4522 0.2251
vn -0.8630 -0.4523 0.2250
vn -0.8631 -0.4521 0.2252
vn -0.8631 -0.4521 0.2251
vn 0.6673 -0.4367 -0.6033
vn 0.6674 -0.4366 -0.6033
vn -0.2754 -0.3042 0.9119
vn -0.8418 -0.5036 -0.1941
vn -0.8414 -0.5043 -0.1942
vn -0.8417 -0.5038 -0.1942
vn -0.8418 -0.5036 -0.1942
vn -0.8403 0.1337 0.5253
vn 0.3360 -0.9381 0.0835
vn 0.3360 -0.9381 0.0834
vn -0.1413 -0.9064 -0.3981
vn -0.0560 -0.9686 -0.2423
vn 0.8536 -0.4922 0.1706
vn 0.8536 -0.4921 0.1706
vn -0.5172 -0.3800 0.7669
vn -0.5173 -0.3797 0.7670
vn -0.5174 -0.3795 0.7670
vn -0.5172 -0.3798 0.7670
vn -0.2975 -0.8229 -0.4841
vn -0.2974 -0.8229 -0.4841
vn -0.5853 -0.3178 -0.7459
vn -0.5854 -0.3178 -0.7459
vn -0.5853 -0.3179 -0.7459
vn 0.9122 -0.4090 -0.0256
vn 0.9121 -0.4091 -0.0256
vn 0.9121 -0.4092 -0.0256
vn 0.3086 -0.9504 0.0396
vn 0.3089 -0.9503 0.0395
vn -0.8801 -0.4162 0.2283
vn -0.8802 -0.4162 0.2283
vn 0.5909 0.7802 -0.2050
vn -0.5524 -0.4074 0.7272
vn -0.5525 -0.4073 0.7272
vn -0.5524 -0.4073 0.7272
vn 0.9323 -0.3079 0.1897
vn 0.9323 -0.3079 0.1896
vn 0.9324 -0.3075 0.1900
vn 0.9323 -0.3079 0.1898
vn 0.5093 -0.2532 0.8225
vn 0.5094 -0.2532 0.8225
vn -0.3462 0.9368 -0.0510
vn -0.3463 0.9367 -0.0509
vn -0.3461 0.9368 -0.0509
vn -0.6734 -0.2676 -0.6892
vn -0.6733 -0.2677 -0.6892
vn -0.3790 -0.5668 -0.7315
vn -0.3789 -0.5667 -0.7316
vn -0.5713 -0.2651 0.7767
vn -0.5713 -0.2652 0.7767
vn -0.9380 -0.2579 -0.2318
vn -0.9380 -0.2578 -0.2318
vn 0.2609 0.9179 0.2989
vn 0.2610 0.9177 0.2994
vn 0.2608 0.9178 0.2994
vn 0.2611 0.9177 0.2993
vn -0.8169 -0.4450 -0.3669
vn 0.4612 -0.0851 -0.8832
vn 0.4612 -0.0853 -0.8832
vn 0.4613 -0.0854 -0.8831
vn -0.8969 -0.3779 -0.2298
vn -0.8967 -0.3782 -0.2300
vn -0.8966 -0.3784 -0.2301
vn -0.8965 -0.3785 -0.2301
vn 0.3498 -0.9347 0.0627
vn 0.3500 -0.9347 0.0625
vn 0.3436 -0.2776 0.8972
vn 0.3437 -0.2777 0.8971
vn 0.3438 -0.2776 0.8971
vn 0.2517 -0.2532 0.9341
vn -0.3476 0.9356 -0.0628
vn -0.3479 0.9354 -0.0629
vn -0.3479 0.9354 -0.0624
vn -0.0974 -0.9360 0.3382
vn -0.0974 -0.9361 0.3381
vn -0.0974 -0.9360 0.3381
vn -0.3440 0.9080 0.2392
vn -0.3441 0.9080 0.2392
vn -0.3439 0.9080 0.2391
vn -0.3442 0.9080 0.2390
vn -0.2376 0.9576 -0.1630
vn -0.2379 0.9576 -0.1628
vn 0.3697 -0.9186 0.1393
vn 0.3700 -0.9185 0.1392
vn 0.3698 -0.9186 0.1392
vn 0.4492 -0.8350 0.3178
vn 0.2352 -0.4737 -0.8487
vn 0.2353 -0.4736 -0.8487
vn 0.2354 -0.4735 -0.8488
vn 0.7180 -0.3629 0.5939
vn 0.7180 -0.3630 0.5939
vn 0.7180 -0.3629 0.5940
vn 0.0941 0.9376 -0.3348
vn 0.0942 0.9376 -0.3348
vn 0.0942 0.9375 -0.3348
vn 0.8013 -0.3609 0.4771
vn 0.8012 -0.3612 0.4771
vn 0.8012 -0.3611 0.4771
vn -0.0249 -0.9222 0.3859
vn -0.0246 -0.9223 0.3856
vn -0.0244 -0.9223 0.3857
vn -0.0245 -0.9224 0.3855
vn 0.5164 -0.8562 0.0183
vn 0.5165 -0.8561 0.0184
vn 0.5167 -0.8559 0.0180
vn 0.5163 -0.8562 0.0183
vn -0.5660 -0.7954 -0.2168
vn -0.5659 -0.7954 -0.2171
vn -0.5659 -0.7954 -0.2170
vn 0.3905 -0.4770 -0.7874
vn -0.4280 0.6710 -0.6055
vn -0.4280 0.6710 -0.6054
vn -0.0311 0.9315 -0.3624
vn -0.0313 0.9315 -0.3624
vn -0.0312 0.9315 -0.3625
vn -0.0311 0.9315 -0.3625
vn -0.1865 0.8757 -0.4453
vn -0.1865 0.8757 -0.4454
vn -0.1864 0.8758 -0.4452
vn 0.5632 0.7967 0.2192
vn 0.5633 0.7967 0.2192
vn 0.5633 0.7967 0.2190
vn 0.5631 0.7968 0.2189
vn 0.5931 -0.2702 0.7585
vn 0.5931 -0.2702 0.7584
vn 0.1843 -0.8746 0.4485
vn 0.1842 -0.8746 0.4485
vn 0.1844 -0.8746 0.4484
vn 0.7370 -0.4386 -0.5142
vn 0.7368 -0.4384 -0.5147
vn 0.7370 -0.4387 -0.5142
vn 0.7369 -0.4387 -0.5143
vn -0.0554 -0.9414 -0.3327
vn -0.0554 -0.9414 -0.3326
vn -0.0555 -0.9414 -0.3326
vn -0.1882 0.9547 0.2306
vn -0.1882 0.9547 0.2303
vn -0.1884 0.9547 0.2304
vn 0.1873 -0.9538 -0.2349
vn 0.1873 -0.9538 -0.2348
vn 0.1871 -0.9538 -0.2350
vn 0.1872 -0.9538 -0.2349
vn 0.9421 -0.3242 0.0855
vn 0.1157 0.5419 -0.8324
vn 0.9803 0.1081 0.1654
vn -0.6146 0.3920 0.6846
vn -0.6145 0.3920 0.6846
vn 0.6622 -0.2707 -0.6987
vn -0.7293 0.6679 0.1485
vn -0.7293 0.6679 0.1486
vn -0.7292 0.6680 0.1486
vn 0.5178 0.3291 -0.7897
vn -0.3982 -0.7163 0.5730
vn -0.3983 -0.7163 0.5729
vn 0.7534 -0.6151 0.2325
vn 0.7534 -0.6150 0.2325
vn -0.2133 -0.9530 0.2152
vn -0.2135 -0.9530 0.2150
vn -0.2132 -0.9530 0.2153
vn -0.2133 -0.9530 0.2151
vn -0.1251 0.8774 0.4632
vn 0.7063 0.5092 -0.4918
vn 0.4335 0.4869 -0.7583
vn -0.5250 0.8454 0.0981
vn 0.4280 0.8403 -0.3327
vn -0.8186 0.5411 -0.1926
vn -0.7863 0.5953 0.1657
vn -0.7863 0.5952 0.1657
vn 0.4401 0.8879 0.1337
vn -0.2676 0.9084 -0.3213
vn 0.0105 0.5246 0.8513
vn 0.3752 0.4695 0.7992
vn 0.2753 0.8479 -0.4531
vn -0.4202 0.8954 0.1473
vn 0.7904 0.4704 0.3923
vn 0.8984 0.4382 0.0293
vn -0.3039 0.8722 -0.3834
vn -0.3959 0.6305 0.6676
vn -0.3959 0.6306 0.6676
vn -0.0942 0.5098 -0.8551
vn -0.4472 0.5303 -0.7203
vn 0.3829 0.9018 0.2005
vn 0.3828 0.9018 0.2005
vn 0.5419 0.8349 0.0961
vn -0.5037 0.5943 -0.6270
vn -0.7116 0.6214 -0.3280
vn 0.2532 0.8508 0.4605
vn 0.2162 0.7949 -0.5670
vn -0.7695 0.5982 0.2236
vn -0.5708 0.6402 0.5141
vn -0.5708 0.6402 0.5142
vn 0.5238 0.8477 -0.0844
vn -0.1269 0.8805 -0.4566
vn -0.2736 0.5898 0.7598
vn 0.0763 0.5401 0.8382
vn 0.4364 0.8141 -0.3832
vn -0.6397 0.7381 -0.2144
vn 0.3770 0.7672 0.5189
vn 0.6213 0.7382 0.2628
vn 0.6214 0.7381 0.2628
vn 0.6213 0.7382 0.2629
vn -0.2871 0.6814 -0.6732
vn 0.0722 0.8239 0.5621
vn 0.3129 0.6506 -0.6920
vn -0.0461 0.6203 -0.7830
vn -0.4637 0.7723 0.4342
vn -0.3403 0.8398 0.4230
vn 0.7200 0.6366 -0.2762
vn 0.5419 0.5849 -0.6036
vn -0.6372 0.7698 -0.0384
vn -0.3586 0.5030 -0.7864
vn -0.3587 0.5030 -0.7864
vn -0.1806 0.7328 0.6560
vn -0.0143 0.7535 0.6573
vn 0.0455 0.5228 -0.8513
vn 0.0455 0.5227 -0.8513
vn 0.2222 0.6298 0.7443
vn -0.8522 0.5206 -0.0524
vn 0.2264 0.8798 0.4181
vn 0.2264 0.8798 0.4179
vn 0.2264 0.8798 0.4180
vn 0.3407 0.9298 0.1394
vn -0.7100 0.5640 -0.4217
vn -0.7100 0.5639 -0.4218
vn 0.2123 0.8936 -0.3955
vn -0.1266 0.8949 -0.4279
vn -0.1265 0.8950 -0.4278
vn 0.6499 0.3498 -0.6747
vn -0.3971 0.9175 -0.0199
vn -0.3971 0.9175 -0.0200
vn -0.2526 0.9296 0.2685
vn -0.2526 0.9295 0.2686
vn 0.9193 0.3773 -0.1115
vn -0.1721 0.9044 0.3905
vn -0.1721 0.9044 0.3904
vn 0.1238 -0.8769 -0.4645
vn -0.7072 -0.5099 0.4898
vn -0.4307 -0.4870 0.7598
vn 0.5267 -0.8445 -0.0967
vn -0.4279 -0.8397 0.3343
vn 0.8180 -0.5413 0.1945
vn 0.7853 -0.5958 -0.1682
vn -0.4401 -0.8877 -0.1353
vn 0.2693 -0.9079 0.3211
vn -0.0085 -0.5254 -0.8508
vn -0.3779 -0.4694 -0.7980
vn -0.2775 -0.8467 0.4539
vn 0.4208 -0.8948 -0.1490
vn -0.7891 -0.4712 -0.3940
vn -0.8985 -0.4382 -0.0261
vn 0.3037 -0.8713 0.3856
vn 0.4001 -0.6294 -0.6662
vn 0.0920 -0.5102 0.8551
vn 0.4496 -0.5307 0.7185
vn -0.3851 -0.9010 -0.1996
vn -0.3850 -0.9011 -0.1996
vn -0.5429 -0.8344 -0.0946
vn 0.5017 -0.5946 0.6283
vn 0.7126 -0.6218 0.3249
vn -0.2520 -0.8504 -0.4618
vn -0.2155 -0.7940 0.5684
vn 0.7700 -0.5984 -0.2217
vn 0.5687 -0.6406 -0.5159
vn 0.5687 -0.6405 -0.5161
vn -0.5252 -0.8470 0.0826
vn 0.1286 -0.8800 0.4572
vn 0.2753 -0.5905 -0.7586
vn -0.0794 -0.5398 -0.8380
vn -0.4387 -0.8128 0.3832
vn -0.4388 -0.8128 0.3832
vn 0.6409 -0.7375 0.2130
vn -0.3750 -0.7676 -0.5198
vn -0.6228 -0.7379 -0.2602
vn 0.2857 -0.6801 0.6752
vn -0.0742 -0.8234 -0.5626
vn -0.3147 -0.6512 0.6906
vn 0.0495 -0.6201 0.7829
vn 0.4660 -0.7712 -0.4336
vn 0.4661 -0.7712 -0.4336
vn 0.3394 -0.8394 -0.4245
vn -0.7202 -0.6373 0.2742
vn -0.5397 -0.5846 0.6058
vn 0.6384 -0.7687 0.0402
vn 0.3544 -0.5001 0.7901
vn 0.3544 -0.5002 0.7901
vn 0.1811 -0.7328 -0.6560
vn 0.1810 -0.7328 -0.6559
vn 0.0135 -0.7534 -0.6574
vn -0.0431 -0.5190 0.8537
vn -0.0430 -0.5191 0.8536
vn -0.2263 -0.6289 -0.7439
vn 0.8530 -0.5192 0.0530
vn -0.2248 -0.8794 -0.4198
vn -0.2248 -0.8794 -0.4197
vn -0.3414 -0.9301 -0.1355
vn -0.3415 -0.9301 -0.1353
vn 0.7104 -0.5624 0.4232
vn -0.2151 -0.8936 0.3940
vn 0.1309 -0.8946 0.4272
vn 0.1310 -0.8946 0.4272
vn -0.6483 -0.3482 0.6771
vn 0.3973 -0.9174 0.0228
vn 0.2501 -0.9294 -0.2715
vn -0.9204 -0.3757 0.1081
vn -0.9204 -0.3757 0.1082
vn 0.1745 -0.9036 -0.3911
vn 0.1744 -0.9037 -0.3911
vn 0.2969 0.7989 0.5231
vn -0.4366 -0.8915 -0.1210
vn -0.4366 -0.8915 -0.1211
vn 0.6185 -0.7278 0.2962
vn 0.6185 -0.7278 0.2963
vn -0.9621 -0.2557 0.0951
vn -0.9620 -0.2559 0.0950
vn 0.0090 -0.5103 -0.8599
vn -0.8098 -0.5310 -0.2494
vn -0.8098 -0.5310 -0.2495
vn 0.0249 -0.8083 -0.5882
vn 0.0248 -0.8083 -0.5883
vn 0.0248 -0.8083 -0.5882
vn 0.2599 -0.3150 0.9128
vn 0.2599 -0.3151 0.9128
vn 0.8102 -0.5711 0.1320
vn 0.8102 -0.5712 0.1320
vn 0.8101 -0.5713 0.1319
vn 0.2270 0.9258 -0.3023
vn 0.2269 0.9258 -0.3023
vn 0.1340 -0.9274 0.3492
vn 0.1337 -0.9274 0.3492
vn 0.1338 -0.9274 0.3492
vn 0.1340 -0.9275 0.3490
vn -0.2261 -0.5006 -0.8357
vn -0.2261 -0.5004 -0.8358
vn -0.2261 -0.5005 -0.8357
vn -0.2316 -0.9242 0.3035
vn -0.2317 -0.9242 0.3035
vn -0.2315 -0.9243 0.3035
vn -0.7588 0.4160 0.5012
vn -0.7588 0.4160 0.5011
vn 0.6580 -0.6929 0.2948
vn 0.6580 -0.6930 0.2947
vn -0.9609 -0.2704 -0.0602
vn -0.6763 -0.7367 -0.0030
vn -0.6762 -0.7367 -0.0028
vn -0.6762 -0.7367 -0.0030
vn -0.6764 -0.7365 -0.0028
vn 0.5733 -0.3694 -0.7314
vn -0.2565 0.9524 0.1648
vn -0.2564 0.9525 0.1644
vn -0.2564 0.9524 0.1647
vn -0.2565 0.9524 0.1647
vn -0.1927 -0.9300 0.3129
vn -0.1929 -0.9300 0.3128
vn -0.1927 -0.9301 0.3127
vn -0.1928 -0.9300 0.3130
vn -0.7747 -0.5757 -0.2615
vn 0.1166 -0.9640 -0.2391
vn 0.1164 -0.9640 -0.2392
vn 0.1164 -0.9639 -0.2393
vn 0.1165 -0.9640 -0.2392
vn -0.5854 -0.4904 -0.6456
vn -0.5855 -0.4904 -0.6456
vn 0.2511 -0.3595 0.8987
vn 0.2510 -0.3596 0.8987
vn 0.2511 -0.3596 0.8987
vn -0.1146 0.9650 0.2357
vn -0.1144 0.9650 0.2359
vn 0.2060 -0.9020 0.3793
vn 0.2060 -0.9021 0.3793
vn 0.1928 0.9690 0.1541
vn 0.1928 0.9691 0.1541
vn -0.9639 -0.2302 -0.1338
vn -0.9639 -0.2301 -0.1338
vn 0.2341 -0.4384 -0.8678
vn 0.0734 -0.3381 0.9382
vn 0.0734 -0.3380 0.9383
vn 0.6110 0.7324 0.3004
vn 0.6110 0.7325 0.3004
vn 0.5853 -0.5035 -0.6356
vn 0.5853 -0.5033 -0.6356
vn 0.5854 -0.5033 -0.6357
vn 0.5854 -0.5032 -0.6357
vn -0.1687 -0.9761 -0.1370
vn -0.1685 -0.9761 -0.1371
vn -0.1684 -0.9761 -0.1371
vn -0.1685 -0.9761 -0.1372
vn -0.8901 -0.4528 0.0523
vn -0.8901 -0.4527 0.0523
vn 0.4231 -0.8690 -0.2564
vn 0.2091 -0.8874 -0.4109
vn -0.3635 -0.8990 -0.2441
vn -0.3635 -0.8990 -0.2442
vn -0.3633 -0.8991 -0.2441
vn -0.3635 -0.8990 -0.2443
vn -0.1722 0.7288 0.6628
vn -0.1722 0.9469 0.2716
vn -0.1722 0.9469 0.2715
vn 0.5602 -0.3343 0.7579
vn 0.5602 -0.3341 0.7580
vn -0.8447 -0.4272 0.3224
vn -0.8447 -0.4273 0.3225
vn -0.8448 -0.4271 0.3224
vn -0.3024 0.9524 -0.0384
vn -0.3881 -0.4933 -0.7784
vn -0.3882 -0.4933 -0.7784
vn -0.3882 -0.4934 -0.7784
vn -0.3881 -0.4934 -0.7784
vn -0.4108 0.7406 -0.5317
vn 0.0619 0.3421 0.9376
vn 0.0619 0.3420 0.9376
vn -0.5319 -0.2891 0.7959
vn -0.5319 -0.2886 0.7961
vn -0.8810 -0.4153 -0.2264
vn -0.8811 -0.4153 -0.2264
vn -0.8811 -0.4152 -0.2264
vn 0.8036 -0.4471 -0.3929
vn 0.8036 -0.4470 -0.3929
vn 0.8035 -0.4472 -0.3930
vn -0.4028 0.9071 0.1219
vn -0.4027 0.9072 0.1219
vn -0.4031 0.9070 0.1218
vn -0.4022 0.9073 0.1225
vn 0.2287 0.9686 0.0975
vn 0.2284 0.9688 0.0963
vn 0.2284 0.9688 0.0966
vn 0.2284 0.9688 0.0967
vn 0.1474 0.0166 0.9889
vn 0.1474 0.0165 0.9889
vn 0.1442 0.9576 0.2493
vn 0.1441 0.9576 0.2493
vn 0.3877 0.9213 -0.0287
vn 0.3878 0.9213 -0.0287
vn 0.3879 0.9212 -0.0288
vn 0.3875 0.9214 -0.0289
vn -0.0083 -0.9807 -0.1952
vn -0.0085 -0.9807 -0.1953
vn -0.0084 -0.9807 -0.1951
vn -0.3901 -0.9183 0.0673
vn -0.3901 -0.9183 0.0672
vn -0.3900 -0.9183 0.0678
vn -0.3900 -0.9183 0.0673
vn 0.5136 -0.2460 0.8220
vn 0.5136 -0.2461 0.8220
vn -0.6510 0.6994 0.2951
vn -0.0888 -0.6158 -0.7829
vn -0.0887 -0.6158 -0.7829
vn -0.0890 -0.6157 -0.7830
vn -0.0886 -0.6155 -0.7831
vn -0.2421 0.9593 0.1454
vn -0.2420 0.9593 0.1453
vn -0.2421 0.9593 0.1453
vn -0.9624 -0.2186 0.1610
vn -0.9624 -0.2187 0.1609
vn 0.6720 -0.3370 0.6595
vn 0.6721 -0.3369 0.6594
vn 0.6720 -0.3369 0.6595
vn 0.8607 -0.4470 -0.2435
vn -0.9181 -0.2813 -0.2792
vn 0.6735 0.6056 -0.4238
vn -0.5918 -0.7785 0.2093
vn 0.7192 0.5681 0.4000
vn 0.7192 0.5681 0.3999
vn -0.7259 -0.3874 0.5683
vn -0.7259 -0.3873 0.5684
vn -0.7259 -0.3875 0.5683
vn 0.7228 0.6888 -0.0564
vn 0.7227 0.6888 -0.0564
vn -0.6613 -0.7181 0.2167
vn -0.2318 -0.9675 -0.1011
vn -0.2314 -0.9677 -0.1002
vn -0.2316 -0.9676 -0.1002
vn -0.3706 0.9019 -0.2220
vn -0.3706 0.9019 -0.2219
vn -0.3708 0.9017 -0.2224
vn -0.3706 0.9019 -0.2218
vn -0.1074 -0.9662 -0.2342
vn -0.1074 -0.9663 -0.2341
vn -0.1072 -0.9663 -0.2341
vn -0.1073 -0.9663 -0.2341
vn 0.9368 0.0045 -0.3499
vn 0.9368 0.0044 -0.3499
vn 0.6551 -0.4692 -0.5921
vn 0.6551 -0.4693 -0.5921
vn -0.3157 -0.0483 -0.9476
vn -0.0730 0.9936 -0.0860
vn -0.0730 0.9936 -0.0864
vn -0.0729 0.9937 -0.0854
vn 0.8023 -0.5673 -0.1857
vn 0.8023 -0.5673 -0.1858
vn 0.8024 -0.5671 -0.1857
vn -0.1945 0.9672 0.1634
vn -0.1945 0.9672 0.1635
vn 0.9748 -0.1597 0.1555
vn 0.9748 -0.1601 0.1554
vn 0.9748 -0.1602 0.1553
vn 0.9748 -0.1598 0.1554
vn -0.3951 0.8940 0.2112
vn -0.3955 0.8940 0.2104
vn -0.3955 0.8941 0.2103
vn -0.0452 -0.9946 0.0936
vn -0.0454 -0.9946 0.0936
vn -0.0445 -0.9946 0.0935
vn -0.0454 -0.9946 0.0935
vn 0.6504 -0.0719 -0.7562
vn 0.6504 -0.0718 -0.7562
vn -0.0605 0.8461 0.5296
vn -0.0611 0.8460 0.5297
vn -0.0610 0.8460 0.5296
vn -0.0610 0.8461 0.5296
vn 0.7443 -0.3643 0.5598
vn 0.7443 -0.3644 0.5597
vn -0.8372 -0.5144 0.1858
vn -0.8371 -0.5146 0.1857
vn -0.8371 -0.5145 0.1857
vn 0.8859 -0.0475 0.4615
vn -0.8756 0.1839 -0.4467
vn -0.8756 0.1838 -0.4467
vn -0.9676 -0.2448 -0.0613
vn -0.9676 -0.2448 -0.0612
vn -0.9676 -0.2449 -0.0614
vn 0.7041 0.6102 0.3631
vn -0.2476 -0.8514 -0.4624
vn -0.2478 -0.8514 -0.4624
vn -0.2477 -0.8514 -0.4624
vn -0.2478 -0.8513 -0.4624
vn 0.4838 -0.4509 -0.7500
vn 0.4837 -0.4508 -0.7502
vn -0.8678 -0.4855 0.1059
vn -0.8678 -0.4856 0.1059
vn 0.4678 -0.3001 0.8313
vn 0.8038 -0.5155 -0.2969
vn 0.8038 -0.5154 -0.2969
vn 0.8039 -0.5154 -0.2970
vn -0.0548 -0.3532 0.9339
vn -0.0548 -0.3533 0.9339
vn -0.0089 0.2960 -0.9551
vn -0.0089 0.2961 -0.9551
vn -0.0748 -0.4985 -0.8637
vn -0.0748 -0.4986 -0.8636
vn 0.6726 0.0093 -0.7399
vn 0.4019 0.0394 -0.9148
vn 0.4019 0.0395 -0.9148
vn 0.9892 0.1463 -0.0012
vn 0.9892 0.1464 -0.0012
vn -0.9073 -0.3640 0.2104
vn -0.9073 -0.3643 0.2102
vn -0.9073 -0.3641 0.2104
vn 0.9334 -0.3124 -0.1766
vn 0.9334 -0.3125 -0.1766
vn -0.2607 -0.9579 -0.1200
vn 0.4077 -0.9050 -0.1212
vn 0.4073 -0.9052 -0.1217
vn 0.4081 -0.9049 -0.1211
vn 0.4075 -0.9051 -0.1213
vn 0.9107 -0.3384 0.2370
vn 0.9108 -0.3379 0.2370
vn 0.9108 -0.3382 0.2370
vn 0.9107 -0.3382 0.2370
vn -0.2789 -0.5166 -0.8095
vn -0.2790 -0.5167 -0.8095
vn 0.9077 0.3400 0.2460
vn -0.0450 0.6001 -0.7987
vn -0.9373 -0.2976 0.1815
vn -0.9373 -0.2975 0.1815
vn -0.3670 0.8565 -0.3628
vn -0.3673 0.8561 -0.3635
vn -0.3673 0.8562 -0.3634
vn -0.3672 0.8562 -0.3634
vn -0.8748 -0.4836 -0.0272
vn -0.8748 -0.4837 -0.0272
vn -0.8749 -0.4836 -0.0272
vn -0.1321 -0.4077 0.9035
vn -0.1320 -0.4078 0.9035
vn 0.8291 -0.5391 -0.1480
vn 0.8291 -0.5392 -0.1480
vn -0.9616 -0.2181 -0.1666
vn -0.9616 -0.2182 -0.1666
vn -0.9616 -0.2182 -0.1667
vn 0.2351 -0.9577 0.1659
vn 0.2359 -0.9576 0.1655
vn 0.2346 -0.9578 0.1661
vn 0.2973 -0.8536 0.4277
vn -0.1085 -0.8327 0.5431
vn -0.1085 -0.8324 0.5435
vn -0.1084 -0.8324 0.5435
vn 0.3734 -0.8998 0.2257
vn 0.3733 -0.9000 0.2250
vn 0.3735 -0.8997 0.2257
vn 0.3732 -0.9000 0.2253
vn -0.0315 0.8819 -0.4703
vn -0.0316 0.8820 -0.4701
vn -0.0315 0.8820 -0.4702
vn 0.7291 -0.6674 -0.1518
vn 0.7292 -0.6673 -0.1516
vn 0.7292 -0.6673 -0.1517
vn 0.7290 -0.6675 -0.1517
vn 0.2110 0.9542 -0.2122
vn 0.2107 0.9542 -0.2124
vn 0.2108 0.9542 -0.2123
vn 0.2109 0.9542 -0.2123
vn -0.0311 0.4095 0.9118
vn -0.0311 0.4094 0.9118
vn -0.9491 0.0088 0.3148
vn -0.5297 -0.3176 0.7865
vn -0.5297 -0.3175 0.7865
vn -0.5297 -0.3174 0.7865
vn -0.3924 -0.5772 0.7161
vn -0.3926 -0.5772 0.7161
vn -0.3926 -0.5772 0.7160
vn -0.8785 -0.3752 -0.2958
vn 0.8537 -0.4957 -0.1596
vn 0.8538 -0.4956 -0.1595
vn 0.8100 -0.5211 0.2691
vn 0.8100 -0.5210 0.2691
vn 0.2799 0.9539 -0.1080
vn 0.2800 0.9539 -0.1081
vn 0.2800 0.9539 -0.1080
vn -0.0206 0.6134 0.7895
vn -0.0207 0.6134 0.7895
vn 0.1721 -0.0523 0.9837
vn 0.1722 -0.0522 0.9837
vn -0.5828 -0.2312 -0.7790
vn -0.5828 -0.2312 -0.7791
vn 0.3646 0.5556 0.7473
vn 0.3641 0.5551 0.7479
vn 0.3646 0.5555 0.7473
vn 0.0649 -0.6945 0.7165
vn 0.0650 -0.6945 0.7165
vn -0.4409 -0.4961 -0.7480
vn -0.4409 -0.4960 -0.7481
vn -0.0896 -0.4230 -0.9017
vn 0.0184 0.9670 0.2542
vn 0.0186 0.9669 0.2545
vn 0.0183 0.9670 0.2542
vn 0.0185 0.9669 0.2546
vn 0.9329 -0.3259 0.1531
vn -0.4238 0.8698 0.2528
vn 0.4289 0.8907 0.1508
vn 0.4290 0.8906 0.1508
vn 0.4288 0.8907 0.1509
vn 0.4290 0.8906 0.1509
vn 0.3961 -0.8930 -0.2137
vn 0.3963 -0.8931 -0.2131
vn 0.0613 0.8452 -0.5310
vn 0.0614 0.8452 -0.5310
vn 0.0616 0.8452 -0.5309
vn 0.0615 0.8451 -0.5310
vn 0.3496 -0.2944 0.8895
vn 0.3496 -0.2943 0.8895
vn 0.0424 -0.5983 0.8002
vn -0.3331 0.1338 -0.9334
vn -0.3331 0.1339 -0.9334
vn 0.2066 0.9783 0.0132
vn 0.2067 0.9783 0.0136
vn 0.2066 0.9783 0.0136
vn 0.2065 0.9784 0.0136
vn 0.1970 -0.9661 -0.1671
vn 0.1974 -0.9660 -0.1669
vn 0.1973 -0.9661 -0.1667
vn 0.1973 -0.9660 -0.1668
vn 0.1527 -0.9177 0.3667
vn 0.1525 -0.9178 0.3666
vn 0.1524 -0.9179 0.3665
vn 0.1525 -0.9178 0.3667
vn 0.1041 -0.9646 -0.2423
vn 0.1042 -0.9647 -0.2419
vn 0.1041 -0.9646 -0.2422
vn 0.0717 -0.9934 0.0900
vn 0.3591 0.9010 0.2434
vn 0.3593 0.9009 0.2434
vn -0.9118 0.2183 -0.3479
vn -0.9118 0.2182 -0.3480
vn -0.0559 -0.2525 0.9660
vn -0.2057 0.9785 0.0120
vn -0.2056 0.9786 0.0119
vn -0.2058 0.9785 0.0120
vn -0.9316 -0.2533 0.2607
vn -0.9316 -0.2533 0.2606
vn -0.9316 -0.2532 0.2607
vn -0.8365 0.5401 0.0927
vn -0.8365 0.5400 0.0926
vn -0.4457 0.8362 -0.3196
vn 0.2570 0.9584 0.1245
vn -0.3586 -0.9315 0.0612
vn -0.6761 -0.6041 0.4219
vn -0.7765 -0.2548 -0.5763
vn -0.7765 -0.2549 -0.5763
vn 0.0236 -0.6124 -0.7902
vn 0.0235 -0.6124 -0.7902
vn 0.6531 0.0221 0.7569
vn 0.9064 0.3379 0.2534
vn -0.0440 -0.6940 0.7187
vn 0.8461 0.5326 0.0211
vn 0.8462 0.5325 0.0209
vn 0.8462 0.5325 0.0210
vn 0.3647 -0.8429 -0.3956
vn 0.3646 -0.8429 -0.3956
vn 0.3648 -0.8430 -0.3954
vn 0.2324 0.9320 -0.2781
vn 0.2326 0.9320 -0.2780
vn 0.2324 0.9321 -0.2779
vn 0.2325 0.9320 -0.2779
vn -0.2120 -0.9772 -0.0136
vn -0.2119 -0.9772 -0.0136
vn -0.2123 -0.9771 -0.0128
vn -0.2121 -0.9772 -0.0135
vn 0.6336 -0.7687 -0.0880
vn 0.6336 -0.7686 -0.0880
vn 0.6336 -0.7687 -0.0879
vn -0.0862 -0.5143 -0.8533
vn -0.0861 -0.5144 -0.8532
vn -0.0863 -0.5143 -0.8533
vn -0.1482 -0.9567 -0.2507
vn -0.2930 0.8555 -0.4269
vn -0.4819 -0.6635 0.5724
vn -0.4818 -0.6634 0.5726
vn -0.4824 -0.6629 0.5725
vn 0.2533 -0.2874 -0.9237
vn 0.2534 -0.2875 -0.9236
vn 0.5401 -0.2833 0.7925
vn -0.4328 -0.8889 -0.1502
vn -0.4330 -0.8888 -0.1500
vn 0.2219 -0.1186 -0.9678
vn 0.0286 -0.8797 0.4746
vn 0.0286 -0.8799 0.4743
vn 0.0289 -0.8800 0.4742
vn 0.2371 -0.5805 -0.7790
vn 0.2372 -0.5807 -0.7788
vn 0.2370 -0.5803 -0.7791
vn -0.4646 -0.6715 0.5773
vn -0.4650 -0.6714 0.5770
vn -0.4649 -0.6715 0.5770
vn -0.4644 -0.6717 0.5773
vn 0.4141 -0.4638 -0.7832
vn 0.4142 -0.4638 -0.7831
vn 0.4142 -0.4639 -0.7831
vn -0.3011 -0.7969 -0.5237
vn -0.4711 -0.8571 0.2084
vn -0.4711 -0.8571 0.2083
vn -0.4710 -0.8571 0.2084
vn -0.3280 -0.5502 -0.7679
vn -0.3282 -0.5503 -0.7677
vn -0.3280 -0.5503 -0.7679
vn -0.2345 -0.9221 0.3079
vn -0.2345 -0.9220 0.3080
vn -0.2343 -0.9221 0.3079
vn -0.0648 -0.8441 0.5323
vn -0.0649 -0.8441 0.5323
vn -0.2801 0.9546 0.1018
vn -0.2802 0.9546 0.1017
vn -0.2798 0.9546 0.1019
vn -0.2799 0.9546 0.1019
vn -0.0698 0.9642 0.2558
vn -0.0699 0.9642 0.2557
vn 0.3951 0.5788 -0.7134
vn 0.3949 0.5788 -0.7134
vn 0.3950 0.5789 -0.7133
vn -0.5928 0.5990 0.5384
vn -0.4294 0.5456 -0.7197
vn -0.4295 0.5456 -0.7196
vn -0.3052 -0.4772 0.8241
vn 0.5578 -0.0926 -0.8248
vn 0.5578 -0.0927 -0.8248
vn -0.8559 -0.2544 -0.4501
vn -0.8561 -0.2540 -0.4501
vn -0.8560 -0.2542 -0.4501
vn -0.8560 -0.2544 -0.4501
vn 0.4682 0.8580 -0.2111
vn 0.4680 0.8581 -0.2111
vn 0.4681 0.8581 -0.2111
vn 0.8098 -0.5324 -0.2465
vn 0.8097 -0.5325 -0.2465
vn 0.3494 -0.9357 0.0495
vn 0.3495 -0.9356 0.0494
vn 0.3494 -0.9357 0.0494
vn 0.2064 -0.7849 -0.5842
vn 0.2065 -0.7849 -0.5842
vn 0.2066 -0.7849 -0.5842
vn -0.4016 -0.5685 0.7180
vn 0.5570 -0.0672 -0.8278
vn 0.5607 -0.4527 -0.6933
vn 0.1523 -0.9615 -0.2289
vn 0.1524 -0.9614 -0.2290
vn 0.1523 -0.9615 -0.2288
vn 0.1523 -0.9614 -0.2291
vn -0.1613 -0.5274 -0.8341
vn 0.2657 -0.4293 0.8632
vn 0.2656 -0.4293 0.8632
vn 0.1514 0.9339 0.3240
vn 0.1512 0.9339 0.3240
vn 0.1512 0.9339 0.3239
vn 0.4835 -0.8292 0.2805
vn 0.4835 -0.8291 0.2807
vn 0.4834 -0.8291 0.2808
vn 0.4836 -0.8291 0.2807
vn 0.0567 0.8084 -0.5858
vn -0.0534 -0.8067 0.5885
vn -0.0533 -0.8064 0.5889
vn 0.0547 -0.2177 0.9745
vn 0.0548 -0.2177 0.9745
vn -0.1507 0.4837 -0.8621
vn -0.1507 0.4838 -0.8621
vn -0.1506 0.4837 -0.8622
vn -0.3648 0.4836 0.7956
vn 0.1563 -0.2383 -0.9585
vn -0.4832 0.8304 -0.2775
vn -0.4832 0.8304 -0.2774
vn 0.8495 -0.4314 -0.3038
vn 0.8495 -0.4313 -0.3039
vn 0.8495 -0.4312 -0.3039
vn -0.2792 0.4854 -0.8285
vn -0.2793 0.4853 -0.8285
vn -0.2792 0.4853 -0.8285
vn 0.8327 0.3846 -0.3983
vn 0.3558 0.9327 -0.0589
vn 0.3557 0.9327 -0.0589
vn 0.2416 0.8528 0.4630
vn 0.2414 0.8528 0.4631
vn 0.2416 0.8528 0.4629
vn 0.2414 0.8528 0.4630
vn -0.1501 -0.9327 -0.3280
vn -0.1497 -0.9328 -0.3279
vn 0.3497 -0.9061 -0.2380
vn 0.3498 -0.9061 -0.2380
vn -0.1842 0.9762 -0.1147
vn -0.1842 0.9762 -0.1148
vn -0.7527 0.6168 -0.2300
vn -0.7527 0.6169 -0.2300
vn 0.7302 -0.5078 -0.4571
vn 0.7302 -0.5078 -0.4570
vn 0.7737 -0.5796 -0.2558
vn -0.2834 -0.9527 0.1095
vn -0.2833 -0.9528 0.1095
vn 0.4267 -0.6691 0.6085
vn -0.8018 -0.4681 -0.3715
vn -0.8019 -0.4679 -0.3715
vn -0.8018 -0.4681 -0.3716
vn -0.8018 -0.4680 -0.3716
vn -0.0086 -0.4551 0.8904
vn -0.0087 -0.4551 0.8904
vn 0.7230 0.3324 0.6057
vn 0.7230 0.3323 0.6057
vn -0.6556 0.6939 -0.2977
vn -0.6555 0.6941 -0.2975
vn -0.6557 0.6939 -0.2977
vn -0.6864 -0.4433 -0.5765
vn -0.6864 -0.4434 -0.5765
vn -0.1996 -0.6341 -0.7470
vn -0.1997 -0.6341 -0.7470
vn 0.2831 -0.9535 -0.1034
vn 0.2834 -0.9534 -0.1033
vn 0.2836 -0.9534 -0.1031
vn -0.2677 -0.9157 -0.2998
vn -0.2678 -0.9156 -0.3001
vn -0.2678 -0.9155 -0.3001
vn -0.2678 -0.9156 -0.3000
vn -0.8540 -0.4459 -0.2682
vn -0.2798 0.6693 0.6883
vn -0.2798 0.6693 0.6884
vn -0.5140 0.2627 0.8166
vn -0.5140 0.2628 0.8166
vn -0.6692 0.2840 -0.6867
vn -0.3918 0.9200 -0.0118
vn -0.3917 0.9200 -0.0120
vn 0.1049 0.9673 0.2311
vn 0.1048 0.9673 0.2310
vn 0.1885 -0.9752 0.1160
vn 0.1884 -0.9752 0.1160
vn 0.1883 -0.9752 0.1160
vn -0.4455 -0.5370 -0.7164
vn -0.4452 -0.5376 -0.7161
vn -0.4451 -0.5377 -0.7160
vn -0.4455 -0.5369 -0.7164
vn -0.5260 -0.4840 -0.6993
vn -0.5261 -0.4839 -0.6993
vn 0.3897 -0.5138 0.7643
vn 0.3897 -0.5139 0.7643
vn -0.0899 0.9192 -0.3834
vn -0.0899 0.9192 -0.3833
vn -0.0898 0.9192 -0.3833
vn 0.2097 -0.9777 -0.0122
vn 0.2096 -0.9777 -0.0121
vn -0.1710 -0.3768 0.9104
vn -0.1709 -0.3766 0.9105
vn -0.1710 -0.3767 0.9104
vn 0.1896 0.9318 -0.3096
vn 0.1898 0.9316 -0.3099
vn 0.1897 0.9317 -0.3099
vn 0.4852 -0.8744 -0.0007
vn 0.4854 -0.8743 -0.0009
vn 0.4856 -0.8742 -0.0009
vn -0.4202 0.6152 -0.6671
vn -0.4202 0.6153 -0.6670
vn -0.4202 0.6151 -0.6671
vn 0.0644 -0.8455 -0.5301
vn 0.0645 -0.8454 -0.5301
vn 0.0641 -0.8454 -0.5303
vn 0.0645 -0.8455 -0.5301
vn 0.2301 -0.8748 -0.4263
vn 0.2302 -0.8748 -0.4263
vn 0.2298 -0.8747 -0.4267
vn 0.2300 -0.8748 -0.4263
vn 0.0916 -0.9176 0.3868
vn 0.0915 -0.9176 0.3868
vn 0.0914 -0.9176 0.3868
vn -0.3609 -0.9259 0.1119
vn -0.3605 -0.9261 0.1117
vn -0.3607 -0.9260 0.1117
vn -0.3604 -0.9261 0.1118
vn -0.3930 -0.9191 0.0286
vn -0.3927 -0.9192 0.0287
vn -0.3931 -0.9190 0.0288
vn -0.3926 -0.9192 0.0287
vn -0.1544 0.9099 -0.3850
vn -0.1545 0.9099 -0.3851
vn -0.1543 0.9098 -0.3852
vn 0.6734 0.7393 -0.0040
vn 0.6734 0.7392 -0.0055
vn 0.6733 0.7393 -0.0044
vn 0.6733 0.7393 -0.0045
vn -0.3156 -0.7286 0.6079
vn -0.3155 -0.7286 0.6079
vn 0.0547 0.9688 0.2418
vn 0.0543 0.9687 0.2421
vn -0.8473 -0.5309 -0.0175
vn -0.8472 -0.5309 -0.0176
vn -0.8473 -0.5308 -0.0174
vn -0.8476 -0.5303 -0.0179
vn 0.4513 -0.3515 0.8202
vn 0.6593 0.7192 -0.2191
vn 0.6593 0.7192 -0.2190
vn 0.6594 0.7192 -0.2190
vn 0.2133 0.6141 -0.7598
vn 0.3520 -0.5547 -0.7539
vn 0.3520 -0.5547 -0.7540
vn 0.3946 -0.9188 0.0085
vn 0.3946 -0.9188 0.0086
vn 0.3946 -0.9188 0.0088
vn 0.8364 -0.5426 0.0773
vn 0.8365 -0.5425 0.0773
vn 0.8363 -0.5427 0.0772
vn 0.8363 -0.5429 0.0772
vn -0.3018 -0.9114 0.2798
vn -0.3017 -0.9113 0.2801
vn -0.3017 -0.9114 0.2800
vn -0.3019 -0.9113 0.2802
vn 0.8227 -0.4936 0.2821
vn 0.8227 -0.4937 0.2820
vn 0.2828 -0.6682 -0.6881
vn 0.5064 -0.4437 -0.7394
vn 0.5064 -0.4437 -0.7393
vn 0.5064 -0.4438 -0.7393
vn -0.3329 0.9395 -0.0806
vn -0.0638 -0.9537 -0.2939
vn -0.0639 -0.9538 -0.2937
vn -0.0642 -0.9537 -0.2937
vn -0.0638 -0.9537 -0.2938
vn -0.3678 -0.5539 -0.7469
vn -0.3677 -0.5540 -0.7469
vn -0.3678 -0.5536 -0.7472
vn 0.3261 -0.4837 -0.8122
vn 0.8211 -0.3599 0.4431
vn 0.8210 -0.3599 0.4431
vn 0.8211 -0.3598 0.4431
vn -0.2409 -0.3423 0.9082
vn -0.2407 -0.3420 0.9083
vn -0.2408 -0.3417 0.9084
vn -0.4776 -0.7652 -0.4318
vn 0.1584 0.9621 0.2220
vn -0.7279 0.6671 0.1586
vn -0.0624 -0.4324 0.8995
vn -0.0625 -0.4324 0.8995
vn -0.7161 -0.2330 0.6579
vn -0.1602 -0.9603 -0.2285
vn -0.1604 -0.9603 -0.2282
vn -0.1602 -0.9603 -0.2286
vn 0.1964 -0.3492 0.9162
vn 0.1964 -0.3493 0.9162
vn 0.5747 0.6367 -0.5141
vn 0.1764 -0.9460 -0.2720
vn 0.1764 -0.9460 -0.2719
vn 0.1763 -0.9460 -0.2719
vn 0.1563 -0.9081 0.3884
vn 0.1563 -0.9082 0.3884
vn 0.1563 -0.9081 0.3885
vn -0.0616 0.6961 -0.7153
vn -0.0615 0.6961 -0.7153
vn -0.0616 0.6962 -0.7152
vn 0.6286 -0.5183 -0.5798
vn 0.6285 -0.5184 -0.5798
vn 0.6286 -0.5184 -0.5798
vn 0.7051 -0.4351 -0.5599
vn 0.7051 -0.4350 -0.5600
vn 0.7051 -0.4348 -0.5601
vn 0.9730 -0.1567 0.1697
vn 0.9730 -0.1566 0.1697
vn -0.6638 -0.3241 0.6740
vn -0.6639 -0.3246 0.6737
vn -0.6638 -0.3242 0.6740
vn -0.5873 -0.3299 0.7390
vn -0.5873 -0.3300 0.7390
vn 0.2462 -0.9584 -0.1446
vn 0.2461 -0.9585 -0.1442
vn 0.2462 -0.9584 -0.1442
vn 0.2461 -0.9584 -0.1442
vn -0.0291 -0.9476 0.3183
vn -0.0288 -0.9476 0.3181
vn -0.0292 -0.9476 0.3180
vn -0.0291 -0.9476 0.3182
vn 0.1235 -0.3062 0.9439
vn 0.1234 -0.3059 0.9440
vn 0.1234 -0.3060 0.9440
vn 0.1235 -0.3063 0.9439
vn 0.4832 0.6651 -0.5693
vn 0.4832 0.6652 -0.5693
vn 0.4830 0.6652 -0.5694
vn 0.5811 0.4371 0.6864
vn 0.5811 0.4371 0.6865
vn -0.1528 0.9622 0.2257
vn -0.1531 0.9621 0.2255
vn -0.1528 0.9621 0.2257
vn -0.4853 0.8247 -0.2906
vn -0.4859 0.8245 -0.2900
vn 0.9924 -0.1184 0.0331
vn 0.9925 -0.1178 0.0334
vn 0.9924 -0.1182 0.0334
vn -0.2114 0.8882 0.4078
vn 0.4650 -0.5914 0.6587
vn 0.8902 -0.4401 0.1177
vn 0.0232 0.9224 -0.3855
vn 0.0224 0.9225 -0.3853
vn 0.0222 0.9224 -0.3856
vn 0.0223 0.9225 -0.3854
vn 0.1526 0.8814 -0.4471
vn 0.1526 0.8814 -0.4470
vn -0.8519 -0.5224 0.0351
vn -0.8519 -0.5225 0.0351
vn -0.7331 -0.3647 0.5741
vn -0.2476 0.9338 0.2583
vn -0.2478 0.9337 0.2584
vn -0.2479 0.9340 0.2574
vn -0.3261 0.9148 -0.2385
vn -0.3259 0.9148 -0.2385
vn 0.3562 0.9279 -0.1101
vn 0.3560 0.9280 -0.1100
vn 0.3561 0.9279 -0.1100
vn -0.3585 0.8448 0.3972
vn -0.3585 0.8450 0.3969
vn -0.3586 0.8449 0.3969
vn 0.6296 -0.3697 0.6834
vn 0.6296 -0.3695 0.6834
vn 0.0854 0.6174 0.7820
vn 0.0855 0.6174 0.7820
vn -0.9996 -0.0230 0.0156
vn 0.9127 -0.2834 -0.2945
vn 0.9128 -0.2832 -0.2942
vn 0.0681 -0.9634 -0.2593
vn 0.0680 -0.9634 -0.2594
vn 0.0680 -0.9634 -0.2593
vn -0.3658 0.9204 -0.1381
vn -0.3661 0.9202 -0.1382
vn -0.3661 0.9203 -0.1381
vn 0.4014 0.7192 -0.5671
vn 0.7849 -0.2492 -0.5672
vn -0.1715 -0.3420 0.9239
vn -0.1716 -0.3420 0.9239
vn 0.1491 -0.1995 -0.9685
vn 0.1491 -0.1994 -0.9685
vn 0.4491 0.8288 0.3338
vn 0.4489 0.8286 0.3346
vn 0.4489 0.8286 0.3345
vn 0.2489 -0.9335 -0.2582
vn 0.2494 -0.9334 -0.2579
vn -0.0682 0.9688 -0.2382
vn -0.0683 0.9688 -0.2382
vn -0.0682 0.9689 -0.2378
vn 0.0663 0.9545 0.2908
vn 0.0659 0.9544 0.2911
vn 0.0660 0.9544 0.2910
vn 0.0660 0.9544 0.2911
vn -0.0643 -0.5058 -0.8603
vn -0.0644 -0.5056 -0.8604
vn -0.0643 -0.5053 -0.8606
vn 0.2586 -0.9513 -0.1680
vn 0.2587 -0.9513 -0.1678
vn 0.2586 -0.9512 -0.1680
vn 0.2586 -0.9512 -0.1681
vn 0.7983 -0.4604 -0.3883
vn 0.7983 -0.4604 -0.3882
vn 0.7983 -0.4603 -0.3883
vn -0.1864 0.0419 0.9816
vn -0.1864 0.0420 0.9816
vn 0.1467 -0.2061 0.9675
vn -0.3511 -0.3541 0.8668
vn -0.3510 -0.3543 0.8668
vn -0.3510 -0.3542 0.8668
vn 0.8447 -0.5326 -0.0533
vn 0.8447 -0.5326 -0.0534
vn 0.0570 0.9425 0.3294
vn 0.0570 0.9425 0.3293
vn 0.3007 0.9130 -0.2758
vn 0.3009 0.9129 -0.2760
vn 0.3007 0.9129 -0.2761
vn 0.3007 0.9129 -0.2760
vn 0.9388 -0.3373 0.0699
vn 0.9388 -0.3374 0.0699
vn -0.4478 -0.8278 -0.3379
vn -0.4478 -0.8278 -0.3380
vn -0.4481 -0.8279 -0.3373
vn 0.2785 0.6753 0.6829
vn 0.2785 0.6754 0.6829
vn -0.3249 -0.3497 0.8787
vn -0.3249 -0.3498 0.8787
vn -0.4829 0.8757 -0.0030
vn -0.1486 -0.8792 0.4527
vn -0.1490 -0.8791 0.4528
vn -0.1490 -0.8790 0.4528
vn -0.8158 0.1003 0.5695
vn -0.8158 0.1004 0.5695
vn -0.4179 -0.0899 0.9040
vn -0.2039 0.9479 0.2447
vn -0.2035 0.9478 0.2453
vn -0.2036 0.9477 0.2456
vn 0.6683 -0.5321 -0.5198
vn 0.6683 -0.5321 -0.5199
vn 0.8520 -0.4958 0.1678
vn 0.8521 -0.4957 0.1679
vn 0.8521 -0.4958 0.1679
vn 0.4234 -0.6141 0.6660
vn 0.4233 -0.6141 0.6661
vn 0.4234 -0.6141 0.6661
vn -0.6298 -0.5032 -0.5918
vn -0.6298 -0.5032 -0.5917
vn -0.8396 -0.3920 0.3761
vn -0.8398 -0.3915 0.3760
vn -0.8399 -0.3914 0.3760
vn 0.3696 -0.8550 0.3639
vn 0.3693 -0.8551 0.3638
vn 0.3695 -0.8551 0.3638
vn 0.3694 -0.8551 0.3638
vn 0.3882 0.9189 -0.0704
vn 0.3882 0.9189 -0.0703
vn 0.3879 0.9190 -0.0709
vn 0.3883 0.9189 -0.0703
vn -0.1936 -0.9684 -0.1573
vn -0.1935 -0.9684 -0.1573
vn -0.2260 0.8755 0.4271
vn -0.2265 0.8754 0.4270
vn -0.2266 0.8754 0.4270
vn -0.2064 0.9036 -0.3753
vn -0.2063 0.9036 -0.3754
vn -0.8807 -0.4250 0.2092
vn -0.8807 -0.4249 0.2093
vn 0.3122 0.7300 -0.6080
vn 0.3121 0.7300 -0.6080
vn -0.2803 -0.3775 0.8826
vn 0.3847 -0.5622 -0.7321
vn 0.3847 -0.5621 -0.7321
vn 0.3845 -0.5622 -0.7322
vn -0.2304 -0.4340 0.8710
vn -0.2304 -0.4339 0.8710
vn -0.2305 -0.4338 0.8711
vn 0.6892 -0.3679 0.6242
vn 0.1718 0.9257 -0.3369
vn 0.1718 0.9257 -0.3370
vn 0.1286 0.1200 0.9844
vn 0.1286 0.1199 0.9844
vn 0.8319 -0.4466 -0.3295
vn 0.8319 -0.4466 -0.3294
vn 0.8320 -0.4468 -0.3289
vn -0.1536 -0.4427 0.8834
vn -0.1536 -0.4426 0.8834
vn -0.2537 -0.3833 -0.8881
vn -0.2537 -0.3832 -0.8881
vn 0.0288 0.9490 -0.3139
vn 0.0287 0.9491 -0.3137
vn 0.0287 0.9490 -0.3139
vn 0.0285 0.9492 -0.3135
vn -0.1494 0.9194 -0.3639
vn -0.1496 0.9192 -0.3642
vn -0.1497 0.9193 -0.3640
vn -0.1496 0.9193 -0.3639
vn 0.1312 -0.3151 0.9399
vn 0.1312 -0.3152 0.9399
vn -0.5278 0.7074 0.4701
vn 0.5101 -0.3592 0.7815
vn 0.5101 -0.3591 0.7815
vn 0.5101 -0.3591 0.7816
vn -0.1289 0.9287 -0.3477
vn -0.1291 0.9287 -0.3477
vn -0.1290 0.9287 -0.3477
vn -0.5699 -0.6036 -0.5575
vn -0.5699 -0.6037 -0.5575
vn -0.6366 -0.2932 0.7132
vn -0.6367 -0.2931 0.7132
vn -0.6367 -0.2932 0.7132
vn 0.0547 0.1298 -0.9900
vn 0.0547 0.1299 -0.9900
vn 0.4735 0.7671 0.4329
vn 0.2300 0.9229 -0.3089
vn 0.2306 0.9228 -0.3088
vn 0.2304 0.9228 -0.3087
vn 0.2305 0.9228 -0.3087
vn -0.8853 -0.2492 -0.3926
vn -0.8853 -0.2492 -0.3927
vn 0.9147 -0.4033 -0.0276
vn 0.9149 -0.4028 -0.0275
vn 0.9149 -0.4027 -0.0275
vn 0.9147 -0.4031 -0.0276
vn -0.0269 0.8088 0.5875
vn -0.0266 0.8087 0.5876
vn -0.6858 -0.4630 -0.5616
vn -0.6855 -0.4633 -0.5616
vn -0.6858 -0.4629 -0.5616
vn -0.2059 0.7858 0.5832
vn -0.2060 0.7858 0.5832
vn -0.2061 0.7858 0.5832
vn -0.1025 0.9657 0.2386
vn -0.1025 0.9657 0.2385
vn -0.1026 0.9657 0.2384
vn -0.5846 -0.2949 0.7558
vn -0.5847 -0.2949 0.7558
vn -0.2276 -0.9737 0.0062
vn -0.2275 -0.9738 0.0060
vn -0.2273 -0.9738 0.0060
vn 0.1402 0.9081 0.3947
vn 0.1404 0.9081 0.3945
vn 0.1401 0.9080 0.3948
vn -0.6921 0.7122 0.1173
vn -0.5110 -0.4744 -0.7169
vn -0.5108 -0.4741 -0.7172
vn -0.5106 -0.4745 -0.7171
vn 0.2263 -0.1563 0.9614
vn 0.2263 -0.1562 0.9614
vn -0.8907 -0.3220 0.3209
vn -0.8906 -0.3221 0.3210
vn -0.8907 -0.3220 0.3210
vn -0.6453 -0.4243 -0.6352
vn 0.7299 -0.6654 -0.1567
vn 0.1982 -0.5049 -0.8401
vn -0.6323 0.7701 0.0852
vn -0.6323 0.7701 0.0851
vn -0.6322 0.7701 0.0849
vn -0.6322 0.7701 0.0851
vn -0.4146 -0.3319 -0.8473
vn -0.4145 -0.3319 -0.8474
vn -0.4145 -0.3318 -0.8474
vn -0.5146 0.8573 -0.0159
vn -0.5146 0.8573 -0.0154
vn -0.5147 0.8572 -0.0159
vn -0.9422 -0.0531 0.3309
vn 0.3279 -0.9132 0.2420
vn 0.3280 -0.9132 0.2420
vn 0.0425 0.9947 -0.0937
vn 0.0435 0.9947 -0.0937
vn 0.0434 0.9947 -0.0936
vn 0.1106 0.8346 -0.5396
vn -0.9600 -0.2429 -0.1389
vn 0.0076 0.9814 0.1919
vn 0.0076 0.9814 0.1918
vn 0.0077 0.9814 0.1918
vn 0.0077 0.9814 0.1919
vn 0.0710 -0.9676 0.2423
vn 0.0710 -0.9676 0.2422
vn 0.0713 -0.9677 0.2420
vn -0.9503 -0.2487 0.1872
vn 0.3155 -0.9368 0.1514
vn 0.3152 -0.9370 0.1505
vn 0.3158 -0.9367 0.1516
vn -0.7889 -0.4165 0.4519
vn -0.7887 -0.4167 0.4520
vn -0.7888 -0.4166 0.4519
vn 0.1445 -0.4596 -0.8763
vn 0.1446 -0.4600 -0.8760
vn 0.1445 -0.4602 -0.8760
vn 0.2452 -0.4852 -0.8394
vn 0.2451 -0.4852 -0.8393
vn 0.7300 -0.3686 0.5755
vn 0.7299 -0.3687 0.5756
vn 0.7300 -0.3686 0.5756
vn 0.8921 -0.3171 0.3219
vn 0.8921 -0.3170 0.3220
vn -0.7937 0.6046 -0.0664
vn -0.7938 0.6046 -0.0664
vn -0.7200 -0.5338 -0.4435
vn -0.7200 -0.5337 -0.4435
vn 0.0311 -0.9302 0.3656
vn 0.0312 -0.9302 0.3656
vn 0.0312 -0.9302 0.3657
vn 0.8337 0.1462 -0.5325
vn -0.1723 -0.9245 0.3400
vn -0.9371 -0.2131 -0.2764
vn -0.9371 -0.2132 -0.2764
vn -0.8470 -0.2259 -0.4811
vn -0.8470 -0.2260 -0.4811
vn -0.7186 -0.5668 -0.4029
vn -0.7187 -0.5667 -0.4029
vn -0.7187 -0.5668 -0.4029
vn -0.5276 -0.3997 -0.7496
vn -0.5276 -0.3998 -0.7495
vn -0.5277 -0.4001 -0.7493
vn 0.5968 -0.6855 -0.4170
vn 0.4123 -0.2732 0.8691
vn 0.4122 -0.2731 0.8692
vn -0.3117 -0.6381 0.7041
vn -0.3116 -0.6381 0.7041
vn 0.4841 -0.8238 0.2949
vn 0.4838 -0.8239 0.2953
vn 0.4842 -0.8238 0.2948
vn 0.2232 0.9747 -0.0075
vn 0.2231 0.9748 -0.0073
vn 0.2232 0.9748 -0.0073
vn 0.7847 -0.6038 -0.1404
vn 0.7846 -0.6038 -0.1405
vn -0.6893 -0.2877 0.6649
vn -0.6893 -0.2876 0.6649
vn -0.3106 -0.9491 -0.0524
vn -0.3106 -0.9491 -0.0525
vn -0.3105 -0.9491 -0.0524
vn -0.5496 -0.4667 -0.6929
vn -0.4835 -0.2580 0.8365
vn -0.4835 -0.2579 0.8365
vn 0.1666 0.9770 0.1333
vn 0.1664 0.9770 0.1333
vn 0.1665 0.9770 0.1333
vn 0.1665 0.9770 0.1334
vn -0.3116 0.9385 -0.1486
vn -0.3115 0.9386 -0.1485
vn -0.3118 0.9384 -0.1488
vn -0.3113 0.9388 -0.1477
vn -0.8461 -0.5228 -0.1039
vn -0.8465 -0.5222 -0.1042
vn -0.8465 -0.5221 -0.1042
vn -0.7017 -0.6097 0.3686
vn -0.7018 -0.6097 0.3685
vn -0.7018 -0.6097 0.3686
vn 0.3341 -0.3321 0.8821
vn 0.2009 0.1902 -0.9610
vn 0.2009 0.1901 -0.9610
vn -0.7813 0.0476 -0.6223
vn 0.1012 -0.4230 -0.9004
vn 0.1011 -0.4230 -0.9005
vn 0.1012 -0.4231 -0.9004
vn 0.5261 -0.7068 -0.4729
vn 0.5262 -0.7068 -0.4728
vn 0.5259 -0.7070 -0.4728
vn -0.1346 -0.6775 -0.7231
vn -0.1347 -0.6775 -0.7231
vn 0.3076 0.9502 0.0490
vn 0.3076 0.9503 0.0491
vn 0.3076 0.9502 0.0491
vn 0.3075 0.9503 0.0490
vn 0.4769 -0.2971 0.8272
vn 0.4768 -0.2972 0.8272
vn 0.4771 -0.2969 0.8272
vn 0.4769 -0.2972 0.8272
vn 0.5788 -0.4304 0.6926
vn -0.2367 -0.9307 0.2790
vn -0.2366 -0.9307 0.2788
vn -0.2367 -0.9307 0.2788
vn 0.9665 -0.0808 0.2436
vn -0.7547 -0.6556 -0.0253
vn 0.2048 -0.9467 -0.2484
vn 0.2052 -0.9469 -0.2474
vn -0.7523 -0.0190 -0.6585
vn 0.5684 -0.1529 -0.8084
vn 0.6388 0.5084 -0.5775
vn 0.6388 0.5083 -0.5775
vn -0.9653 0.0589 0.2544
vn -0.9653 0.0588 0.2543
vn -0.9653 0.0587 0.2543
vn -0.1654 -0.2673 -0.9493
vn -0.1655 -0.2674 -0.9492
vn 0.7378 0.6740 0.0371
vn 0.7378 0.6740 0.0370
vn -0.4679 -0.1097 -0.8769
vn 0.4257 -0.7868 -0.4470
vn -0.2216 0.9701 -0.0987
vn -0.2217 0.9701 -0.0987
vn -0.2216 0.9701 -0.0986
vn 0.6551 -0.0007 -0.7556
vn 0.6550 -0.0013 -0.7556
vn 0.6550 -0.0012 -0.7556
vn 0.8558 -0.2593 -0.4476
vn 0.8559 -0.2591 -0.4476
vn 0.8556 -0.2597 -0.4477
vn -0.9194 -0.1478 0.3644
vn -0.1064 0.0202 0.9941
vn -0.1064 0.0203 0.9941
vn -0.1063 0.0204 0.9941
vn -0.0014 -0.0681 -0.9977
vn -0.9981 -0.0066 -0.0616
vn -0.9981 -0.0067 -0.0613
vn -0.4174 -0.4137 -0.8091
vn -0.4174 -0.4137 -0.8090
vn 0.2768 0.6342 0.7219
vn 0.2767 0.6343 0.7219
vn -0.2126 -0.8384 0.5018
vn -0.2126 -0.8385 0.5018
vn -0.7467 -0.0163 0.6650
vn -0.8118 -0.4999 -0.3018
vn 0.7324 -0.4966 0.4658
vn 0.1830 -0.8959 -0.4049
vn 0.5619 -0.5406 0.6261
vn 0.1656 -0.6878 -0.7068
vn 0.1656 -0.6878 -0.7067
vn 0.1656 -0.6877 -0.7068
vn -0.6373 -0.4146 0.6495
vn 0.7188 0.5109 -0.4715
vn 0.0493 0.7220 0.6901
vn -0.3721 0.6753 0.6368
vn 0.4842 0.3632 -0.7960
vn -0.8034 -0.2119 -0.5565
vn -0.8034 -0.2120 -0.5565
vn -0.8034 -0.2118 -0.5565
vn 0.6625 0.2315 0.7124
vn 0.8943 0.2521 0.3697
vn 0.3688 -0.8329 -0.4127
vn 0.4839 -0.7039 -0.5199
vn 0.1664 -0.7200 -0.6737
vn -0.7941 -0.2534 -0.5524
vn 0.3760 0.3380 0.8628
vn 0.3759 0.3380 0.8628
vn 0.3759 0.3381 0.8628
vn -0.5097 0.1819 -0.8409
vn -0.0069 0.6480 -0.7616
vn 0.1338 -0.2569 -0.9571
vn 0.9055 -0.2902 -0.3097
vn 0.6529 0.0096 0.7574
vn -0.1645 -0.9854 0.0446
vn -0.1645 -0.9854 0.0447
vn -0.1643 -0.9854 0.0450
vn 0.0675 0.0515 0.9964
vn 0.0676 0.0515 0.9964
vn 0.9751 0.1979 -0.1003
vn 0.9890 -0.1387 0.0520
vn -0.6226 0.7823 0.0169
vn -0.6553 -0.2133 0.7247
vn -0.6554 -0.2131 0.7246
vn -0.6553 -0.2132 0.7247
vn -0.0404 -0.4098 0.9113
vn -0.0408 -0.4096 0.9114
vn -0.0403 -0.4098 0.9113
vn 0.2945 0.9394 0.1752
vn 0.2945 0.9395 0.1752
vn 0.4590 -0.8476 0.2663
vn 0.4231 -0.1867 0.8866
vn 0.4231 -0.1866 0.8866
vn 0.4231 -0.1866 0.8867
vn 0.7628 -0.6153 -0.1990
vn 0.7627 -0.6153 -0.1994
vn 0.7627 -0.6153 -0.1992
vn 0.0766 0.1932 -0.9782
vn 0.9695 0.1505 -0.1932
vn 0.9697 0.1504 -0.1928
vn -0.8870 0.3230 -0.3300
vn -0.1150 0.9816 -0.1527
vn 0.2447 0.4483 0.8598
vn 0.2446 0.4483 0.8598
vn 0.2448 0.4482 0.8598
vn 0.2445 0.4484 0.8598
vn -0.6180 0.2402 0.7486
vn -0.0881 0.9071 -0.4116
vn -0.0881 0.9071 -0.4117
vn 0.9312 -0.1726 0.3209
vn 0.9313 -0.1727 0.3206
vn -0.5369 -0.6641 0.5203
vn -0.6740 0.6612 0.3295
vn -0.6740 0.6612 0.3294
vn -0.6266 -0.7433 0.2341
vn -0.6266 -0.7434 0.2341
vn -0.6267 -0.7433 0.2341
vn -0.8316 0.4428 0.3352
vn -0.8315 0.4429 0.3353
vn -0.8315 0.4430 0.3353
vn -0.2919 0.7325 0.6150
vn -0.2921 0.7325 0.6149
vn 0.3624 -0.5562 -0.7479
vn 0.3625 -0.5562 -0.7478
vn 0.3624 -0.5563 -0.7478
vn -0.7426 -0.1755 -0.6464
vn -0.5452 0.8345 0.0794
vn -0.5454 0.8344 0.0795
vn -0.5452 0.8346 0.0794
vn -0.9163 -0.0330 -0.3992
vn 0.5249 -0.0972 0.8456
vn 0.3774 0.9124 -0.1586
vn 0.3773 0.9124 -0.1586
vn -0.0711 0.5940 -0.8013
vn -0.8914 0.4025 -0.2081
vn -0.8914 0.4026 -0.2080
vn 0.8119 0.5834 -0.0228
vn 0.8119 0.5834 -0.0229
vn -0.7368 -0.4562 -0.4990
vn -0.7369 -0.4562 -0.4989
vn -0.2497 -0.7971 -0.5498
vn -0.2496 -0.7971 -0.5498
vn -0.2496 -0.7972 -0.5497
vn 0.7803 0.3051 0.5459
vn 0.7803 0.3050 0.5459
vn 0.9669 -0.1601 0.1985
vn 0.9669 -0.1604 0.1983
vn 0.9670 -0.1599 0.1986
vn -0.3155 -0.6149 -0.7227
vn -0.3157 -0.6149 -0.7227
vn -0.3156 -0.6149 -0.7227
vn -0.9259 -0.3582 0.1196
vn -0.9259 -0.3582 0.1195
vn -0.9260 -0.3582 0.1195
vn -0.9259 -0.3582 0.1198
vn 0.7287 -0.5000 0.4679
vn 0.7290 -0.4992 0.4683
vn 0.7288 -0.4997 0.4680
vn 0.7290 -0.4993 0.4683
vn -0.5584 0.3070 -0.7707
vn -0.5587 0.3070 -0.7705
vn -0.5588 0.3070 -0.7704
vn 0.3959 -0.9123 0.1046
vn 0.3956 -0.9124 0.1049
vn 0.7974 0.3342 0.5024
vn 0.7974 0.3344 0.5023
vn 0.7974 0.3343 0.5024
vn -0.3182 0.4262 0.8468
vn -0.3182 0.4263 0.8468
vn -0.1260 -0.9693 0.2113
vn -0.1259 -0.9693 0.2113
vn -0.8355 0.0387 0.5482
vn -0.8355 0.0386 0.5482
vn -0.2824 -0.8392 -0.4648
vn -0.2823 -0.8392 -0.4648
vn -0.2824 -0.8391 -0.4649
vn 0.2258 0.2501 0.9415
vn 0.2257 0.2502 0.9415
vn 0.5313 0.6765 0.5100
vn 0.5312 0.6765 0.5101
vn 0.6220 0.4291 -0.6550
vn 0.8570 0.2359 0.4581
vn 0.8570 0.2361 0.4580
vn 0.8570 0.2362 0.4580
vn 0.8570 0.2360 0.4581
vn -0.4102 0.3643 0.8361
vn -0.4101 0.3646 0.8360
vn -0.5013 -0.3779 0.7784
vn -0.5013 -0.3780 0.7784
vn 0.8328 -0.5120 -0.2105
vn 0.8328 -0.5121 -0.2104
vn 0.8351 -0.0110 -0.5500
vn -0.2849 0.3976 -0.8722
vn -0.2850 0.3976 -0.8722
vn -0.2848 0.3975 -0.8723
vn -0.8825 -0.4548 -0.1197
vn -0.8825 -0.4548 -0.1196
vn 0.1663 -0.7501 0.6400
vn 0.1662 -0.7502 0.6400
vn 0.1665 -0.7504 0.6396
vn -0.6181 0.6863 -0.3832
vn -0.6181 0.6865 -0.3830
vn -0.6178 0.6870 -0.3826
vn -0.1926 -0.0996 0.9762
vn -0.1927 -0.0997 0.9762
vn 0.1425 -0.5683 0.8104
vn 0.1425 -0.5682 0.8104
vn 0.1424 -0.5682 0.8105
vn -0.5608 -0.8234 -0.0872
vn -0.5608 -0.8234 -0.0871
vn -0.5602 -0.8238 -0.0868
vn -0.1668 0.7591 0.6292
vn 0.5493 -0.2880 -0.7844
vn 0.5493 -0.2881 -0.7844
vn 0.5492 -0.2879 -0.7845
vn 0.3802 0.7743 0.5058
vn 0.3802 0.7744 0.5058
vn 0.3802 0.7744 0.5057
vn 0.0184 0.7170 -0.6968
vn 0.0185 0.7170 -0.6968
vn 0.0184 0.7171 -0.6968
vn 0.5726 0.4999 -0.6498
vn -0.3342 -0.3863 0.8597
vn -0.6376 -0.4238 0.6433
vn -0.6093 -0.4533 0.6506
vn -0.1608 -0.4347 0.8861
vn 0.3545 0.2438 -0.9027
vn 0.3546 0.2436 -0.9027
vn 0.3544 0.2438 -0.9027
vn 0.3545 0.2437 -0.9027
vn 0.3703 0.8797 0.2982
vn 0.3703 0.8798 0.2982
vn -0.9350 0.3436 0.0877
vn -0.9350 0.3437 0.0876
vn -0.8035 0.2688 -0.5312
vn -0.8035 0.2687 -0.5312
vn -0.5821 -0.8067 -0.1015
vn -0.5821 -0.8068 -0.1015
vn 0.7596 0.6496 0.0323
vn 0.7596 0.6497 0.0318
vn 0.7595 0.6497 0.0323
vn -0.1379 -0.2077 -0.9684
vn -0.7131 0.1520 0.6844
vn -0.7130 0.1520 0.6845
vn -0.7130 0.1519 0.6845
vn -0.0397 0.4194 -0.9069
vn -0.5094 -0.0746 0.8573
vn -0.8026 -0.1427 0.5791
vn 0.8927 -0.0297 0.4497
vn -0.1781 -0.2747 0.9449
vn -0.4233 0.3310 -0.8433
vn -0.5490 -0.0593 -0.8337
vn -0.5491 -0.0591 -0.8337
vn 0.4256 0.8831 -0.1974
vn 0.4257 0.8831 -0.1974
vn 0.4257 0.8831 -0.1975
vn 0.4539 0.7841 -0.4232
vn -0.9875 -0.0531 0.1481
vn 0.2880 -0.4020 0.8692
vn -0.4606 0.6644 -0.5886
vn -0.4606 0.6644 -0.5887
vn 0.3529 -0.1077 -0.9295
vn -0.5067 0.3959 -0.7658
vn 0.3690 -0.9034 0.2183
vn -0.1308 0.0059 0.9914
vn 0.5267 -0.4969 -0.6897
vn 0.5266 -0.4969 -0.6897
vn 0.7447 0.2304 -0.6263
vn 0.7448 0.2304 -0.6263
vn 0.7447 0.2305 -0.6263
vn -0.1011 -0.9874 -0.1215
vn 0.9421 0.3128 -0.1204
vn 0.9422 0.3128 -0.1204
vn 0.9421 0.3130 -0.1205
vn 0.9994 0.0306 -0.0139
vn 0.8964 0.3189 -0.3077
vn 0.8268 0.0148 0.5623
vn 0.8268 0.0147 0.5623
vn 0.0024 -0.5511 -0.8344
vn 0.0023 -0.5512 -0.8344
vn -0.2350 -0.5767 -0.7824
vn -0.2352 -0.5768 -0.7823
vn -0.2351 -0.5769 -0.7823
vn -0.2351 -0.5768 -0.7823
vn -0.7403 -0.6153 0.2708
vn -0.7404 -0.6153 0.2708
vn 0.6528 0.1823 0.7353
vn 0.5523 -0.5519 0.6248
vn -0.1566 0.5219 0.8385
vn -0.1566 0.5218 0.8386
vn -0.1566 0.5218 0.8385
vn -0.4645 0.0476 -0.8843
vn -0.0190 0.5206 -0.8536
vn -0.9736 -0.0961 -0.2072
vn -0.9736 -0.0960 -0.2072
vn 0.6706 -0.1111 -0.7335
vn -0.0206 0.9961 0.0856
vn -0.8688 -0.4036 0.2868
vn -0.8688 -0.4037 0.2868
vn 0.3637 0.8863 -0.2866
vn 0.9654 -0.2524 -0.0661
vn -0.5324 -0.4310 0.7285
vn 0.0666 -0.8763 0.4772
vn -0.7880 0.3244 -0.5233
vn 0.2970 -0.3244 0.8981
vn -0.7607 0.1376 0.6343
vn -0.4199 -0.8909 -0.1729
vn -0.4199 -0.8910 -0.1729
vn -0.4199 -0.8910 -0.1728
vn -0.9419 -0.2247 -0.2495
vn 0.8590 -0.3141 0.4043
vn 0.6337 0.2522 -0.7313
vn -0.4498 -0.1445 0.8814
vn -0.4497 -0.1444 0.8814
vn -0.4499 -0.1446 0.8813
vn -0.4498 -0.1444 0.8814
vn 0.3401 -0.0416 0.9395
vn -0.0760 -0.3514 0.9331
vn 0.8435 -0.3026 -0.4438
vn -0.7660 0.5356 0.3555
vn -0.7660 0.5357 0.3555
vn 0.7945 -0.4083 -0.4495
vn 0.7143 0.1689 -0.6792
vn -0.5037 0.7788 -0.3739
vn -0.5037 0.7787 -0.3739
vn 0.7575 -0.6510 0.0483
vn 0.7575 -0.6510 0.0482
vn 0.7576 -0.6510 0.0483
vn -0.9522 0.2292 0.2018
vn 0.0544 0.1978 -0.9787
vn 0.4210 0.2976 -0.8568
vn 0.6508 -0.1925 0.7344
vn 0.4411 -0.1309 -0.8878
vn 0.4412 -0.1308 -0.8878
vn 0.5326 0.5986 0.5983
vn 0.5190 -0.8548 -0.0048
vn -0.3076 0.8848 -0.3501
vn 0.1930 -0.9560 0.2210
vn 0.4785 -0.7781 -0.4069
vn 0.6620 0.0720 0.7461
vn -0.4486 0.1853 0.8743
vn -0.1613 -0.9707 -0.1783
vn 0.7467 0.0163 -0.6650
vn 0.3076 -0.8848 0.3501
vn 0.4577 0.7259 0.5134
vn -0.5326 -0.5986 -0.5983
vn -0.1189 0.7999 0.5883
vn -0.4127 0.2930 0.8625
vn -0.6998 0.3927 -0.5968
vn 0.2098 -0.6881 -0.6946
vn 0.1749 -0.3781 0.9091
vn 0.7049 0.6978 -0.1276
vn -0.4539 -0.7841 0.4232
vn -0.3967 -0.8742 0.2801
vn -0.2231 -0.1257 0.9667
vn 0.1613 0.9707 0.1783
vn 0.8518 -0.1783 0.4926
vn -0.3564 0.9328 0.0536
vn 0.5918 -0.4498 0.6689
vn -0.8055 0.2230 0.5490
vn -0.5190 0.8547 0.0048
vn -0.8640 -0.1833 0.4689
vn -0.9021 0.4050 -0.1488
vn -0.5642 -0.0148 -0.8255
vn 0.7334 0.6280 0.2602
vn -0.6139 -0.7486 -0.2502
vn -0.9685 0.1463 -0.2017
vn 0.3098 0.2544 -0.9161
vn -0.9641 -0.1163 -0.2389
vn 0.2231 0.1257 -0.9667
vn -0.5336 -0.3289 0.7791
vn 0.0973 0.9326 -0.3476
vn 0.8863 -0.3657 0.2842
vn -0.9890 0.0999 0.1088
vn 0.2395 0.0304 0.9704
vn 0.0679 0.8563 -0.5120
vn -0.8522 0.5088 -0.1222
vn 0.9347 0.0456 0.3524
vn -0.0082 0.0555 0.9984
vn 0.1754 0.6206 0.7643
vn -0.1800 -0.7447 -0.6427
vn -0.0660 0.8422 0.5350
vn -0.0660 0.8423 0.5350
vn 0.9122 -0.0438 -0.4074
vn -0.1240 -0.0980 -0.9874
vn 0.9890 -0.0999 -0.1088
vn -0.3863 0.1878 -0.9031
vn 0.5918 0.8045 -0.0512
vn -0.8228 0.0399 -0.5669
vn 0.9911 0.0773 0.1088
vn -0.7049 -0.6978 0.1276
vn -0.9073 0.2718 0.3209
vn -0.1754 -0.6206 -0.7643
vn 0.9423 -0.3329 0.0353
vn -0.0679 -0.8563 0.5120
vn -0.9607 -0.1361 0.2419
vn -0.4785 0.7781 0.4069
vn 0.3261 -0.8721 -0.3648
vn -0.0852 0.1647 -0.9827
vn 0.2624 -0.0258 -0.9646
vn 0.9148 0.2139 -0.3426
vn 0.3863 -0.1878 0.9030
vn -0.2098 0.6881 0.6946
vn -0.7334 -0.6280 -0.2602
vn 0.6818 -0.6732 -0.2862
vn 0.5681 -0.7396 -0.3610
vn 0.6221 -0.7464 -0.2365
vn -0.0285 -0.4567 0.8891
vn -0.1607 -0.4347 0.8861
vn -0.0508 -0.6153 0.7866
vn -0.8518 0.1783 -0.4927
g Palm_1_Palm_1_Collor_Material
usemtl Collor_Material
s off
f 126/1/1 63/2/1 22/3/1 121/4/1
f 49/5/2 59/6/3 89/7/4 88/8/3
f 47/9/5 57/10/5 101/11/5 100/12/5
f 97/13/6 18/14/6 27/15/6 98/16/6
f 44/17/7 54/18/7 119/19/7 118/20/8
f 43/21/9 53/22/10 125/23/9 124/24/9
f 78/25/11 71/26/11 14/27/11 73/28/11
f 84/29/12 70/30/13 15/31/13 79/32/13
f 58/33/14 68/34/14 96/35/14 95/36/14
f 34/37/15 44/38/16 118/39/16 117/40/16
f 61/41/17 71/42/17 78/43/17 77/44/17
f 40/45/18 50/46/18 82/47/18 81/48/18
f 39/49/19 49/50/19 88/51/20 87/52/19
f 54/53/21 64/54/22 120/55/23 119/56/24
f 74/57/25 31/58/25 41/59/25 75/60/25
f 17/61/26 28/62/27 92/63/26 91/64/26
f 59/65/28 69/66/28 90/67/28 89/68/29
f 57/69/30 67/70/31 102/71/30 101/72/30
f 55/73/32 65/74/32 114/75/32 113/76/32
f 115/77/33 21/78/33 24/79/34 116/80/33
f 41/81/35 51/82/35 76/83/35 75/84/35
f 109/85/36 20/86/36 25/87/36 110/88/36
f 131/89/37 10/90/38 12/91/38 132/92/38
f 132/93/39 12/94/40 2/95/39 127/96/41
f 93/97/42 38/98/43 48/99/43 94/100/43
f 85/101/44 16/102/45 29/103/45 86/104/45
f 79/105/46 80/106/46 31/107/46 14/108/46
f 114/109/47 109/110/47 19/111/47 66/112/47
f 90/113/48 85/114/49 15/115/49 70/116/50
f 84/117/51 79/118/52 14/119/52 71/120/52
f 41/121/53 81/122/54 82/123/55 51/124/54
f 40/125/56 87/126/57 88/127/58 50/128/57
f 68/129/59 102/130/60 97/131/60 17/132/60
f 73/133/61 74/134/62 32/135/63 13/136/64
f 50/137/65 88/138/66 89/139/66 60/140/66
f 51/141/67 82/142/68 83/143/69 61/144/69
f 77/145/70 78/146/71 72/147/72 62/148/70
f 37/149/73 105/150/73 106/151/73 47/152/73
f 100/153/74 101/154/75 58/155/75 48/156/76
f 85/157/77 86/158/77 30/159/77 15/160/77
f 108/161/78 103/162/78 18/163/78 67/164/78
f 61/165/79 83/166/79 84/167/79 71/168/79
f 78/169/80 73/170/80 13/171/80 72/172/80
f 36/173/81 111/174/82 112/175/82 46/176/83
f 80/177/84 81/178/85 41/179/86 31/180/87
f 89/181/88 90/182/89 70/183/90 60/184/90
f 120/185/91 115/186/91 20/187/91 65/188/91
f 99/189/92 100/190/93 48/191/94 38/192/94
f 29/193/95 92/194/96 93/195/96 39/196/96
f 27/197/97 104/198/98 105/199/99 37/200/100
f 49/201/101 94/202/101 95/203/101 59/204/101
f 91/205/102 92/206/103 29/207/104 16/208/103
f 30/209/105 86/210/106 87/211/105 40/212/107
f 75/213/108 76/214/108 52/215/108 42/216/108
f 109/217/109 110/218/110 26/219/111 19/220/110
f 96/221/112 91/222/112 16/223/112 69/224/112
f 74/225/113 75/226/114 42/227/115 32/228/115
f 103/229/116 104/230/117 27/231/118 18/232/119
f 17/233/120 97/234/121 98/235/122 28/236/123
f 95/237/124 96/238/125 69/239/125 59/240/125
f 47/241/126 106/242/127 107/243/128 57/244/128
f 35/245/129 117/246/129 118/247/129 45/248/129
f 28/249/130 98/250/131 99/251/132 38/252/133
f 101/253/134 102/254/135 68/255/136 58/256/137
f 126/257/138 121/258/138 21/259/138 64/260/138
f 26/261/139 110/262/140 111/263/141 36/264/141
f 113/265/142 114/266/143 66/267/144 56/268/145
f 45/269/146 118/270/146 119/271/147 55/272/148
f 10/273/149 8/274/150 154/275/151 155/276/149
f 24/277/152 122/278/153 123/279/154 34/280/155
f 23/281/156 128/282/156 129/283/157 33/284/158
f 125/285/159 126/286/160 64/287/161 54/288/162
f 132/289/163 127/290/163 22/291/163 63/292/163
f 25/293/164 116/294/165 117/295/166 35/296/166
f 33/297/167 129/298/168 130/299/169 43/300/167
f 34/301/170 123/302/170 124/303/170 44/304/170
f 21/305/171 121/306/172 122/307/173 24/308/174
f 131/309/175 132/310/176 63/311/176 53/312/177
f 124/313/178 125/314/179 54/315/180 44/316/181
f 155/317/182 148/318/182 150/319/182 156/320/182
f 168/321/183 138/322/183 133/323/183 163/324/183
f 175/325/184 176/326/185 182/327/186 181/328/187
f 154/329/188 146/330/189 148/331/189 155/332/189
f 167/333/190 137/334/190 138/335/191 168/336/190
f 143/337/192 145/338/192 160/339/192 159/340/192
f 144/341/193 146/342/193 154/343/193 153/344/193
f 160/345/194 145/346/195 147/347/195 161/348/195
f 142/349/196 144/350/196 153/351/196 152/352/196
f 141/353/197 143/354/197 159/355/197 158/356/197
f 140/357/198 141/358/199 158/359/200 157/360/198
f 146/361/201 160/362/201 161/363/202 148/364/201
f 159/365/203 160/366/204 146/367/205 144/368/206
f 150/369/207 162/370/208 157/371/209 139/372/210
f 157/373/211 158/374/211 142/375/211 139/376/211
f 165/377/212 166/378/212 145/379/212 143/380/212
f 147/381/213 167/382/214 168/383/215 149/384/216
f 149/385/217 168/386/218 163/387/217 140/388/219
f 12/389/220 10/390/220 155/391/221 156/392/222
f 2/393/223 12/394/224 156/395/223 151/396/225
f 190/397/226 172/398/226 173/399/226 191/400/226
f 192/401/227 174/402/228 169/403/229 187/404/230
f 185/405/231 179/406/232 180/407/233 186/408/231
f 139/409/234 142/410/234 152/411/235 151/412/234
f 166/413/236 167/414/237 147/415/238 145/416/236
f 164/417/239 165/418/239 143/419/240 141/420/241
f 189/421/242 190/422/243 178/423/242 177/424/244
f 140/425/245 163/426/246 164/427/247 141/428/246
f 182/429/248 183/430/249 135/431/250 134/432/248
f 180/433/251 192/434/252 187/435/253 175/436/252
f 186/437/254 138/438/255 137/439/256 185/440/254
f 183/441/257 184/442/257 136/443/257 135/444/257
f 115/445/258 116/446/259 25/447/260 20/448/258
f 46/449/261 112/450/262 113/451/263 56/452/264
f 22/453/265 127/454/266 128/455/266 23/456/265
f 119/457/267 120/458/268 65/459/269 55/460/270
f 158/461/271 159/462/272 144/463/273 142/464/274
f 130/465/275 131/466/276 53/467/277 43/468/277
f 4/469/278 152/470/278 153/471/279 6/472/280
f 148/473/281 161/474/282 162/475/283 150/476/284
f 175/477/285 187/478/286 188/479/287 176/480/287
f 181/481/288 133/482/289 138/483/289 186/484/289
f 182/485/290 134/486/291 133/487/292 181/488/292
f 184/489/293 185/490/294 137/491/293 136/492/295
f 188/493/296 189/494/297 177/495/297 176/496/298
f 190/497/299 191/498/300 179/499/301 178/500/302
f 39/501/303 93/502/303 94/503/303 49/504/303
f 107/505/304 108/506/305 67/507/306 57/508/307
f 179/509/308 191/510/309 192/511/310 180/512/309
f 76/513/311 77/514/312 62/515/313 52/516/314
f 6/517/315 153/518/316 154/519/315 8/520/316
f 2/521/317 151/522/318 152/523/319 4/524/317
f 171/525/320 172/526/320 190/527/320 189/528/320
f 120/529/321 64/530/321 21/531/322 115/532/321
f 36/533/323 46/534/323 106/535/323 105/536/323
f 104/537/324 26/538/324 36/539/324 105/540/324
f 176/541/325 177/542/325 183/543/325 182/544/325
f 103/545/326 19/546/326 26/547/327 104/548/326
f 161/549/328 147/550/329 149/551/328 162/552/328
f 116/553/330 24/554/331 34/555/332 117/556/330
f 133/557/333 134/558/334 164/559/335 163/560/336
f 177/561/337 178/562/337 184/563/337 183/564/337
f 90/565/338 69/566/338 16/567/338 85/568/338
f 56/569/339 66/570/339 108/571/340 107/572/341
f 191/573/342 173/574/342 174/575/342 192/576/342
f 166/577/343 136/578/344 137/579/344 167/580/345
f 98/581/346 27/582/347 37/583/346 99/584/346
f 162/585/348 149/586/349 140/587/350 157/588/351
f 92/589/352 28/590/352 38/591/352 93/592/352
f 184/593/353 178/594/354 179/595/355 185/596/356
f 80/597/357 30/598/357 40/599/357 81/600/358
f 46/601/359 56/602/359 107/603/359 106/604/359
f 73/605/360 14/606/361 31/607/361 74/608/361
f 94/609/362 48/610/363 58/611/364 95/612/365
f 170/613/366 171/614/366 189/615/366 188/616/366
f 51/617/367 61/618/367 77/619/368 76/620/367
f 6/621/369 8/622/370 130/623/370 129/624/370
f 121/625/371 22/626/371 23/627/371 122/628/371
f 156/629/372 150/630/372 139/631/373 151/632/372
f 11/633/374 72/634/375 13/635/376 1/636/377
f 102/637/378 67/638/378 18/639/378 97/640/378
f 50/641/379 60/642/379 83/643/379 82/644/379
f 79/645/380 15/646/380 30/647/380 80/648/380
f 108/649/381 66/650/381 19/651/382 103/652/381
f 186/653/383 180/654/383 175/655/383 181/656/383
f 45/657/384 55/658/384 113/659/384 112/660/384
f 65/661/385 20/662/386 109/663/386 114/664/386
f 110/665/387 25/666/387 35/667/387 111/668/387
f 32/669/388 42/670/388 5/671/389 3/672/390
f 86/673/391 29/674/391 39/675/391 87/676/392
f 42/677/393 52/678/393 7/679/394 5/680/393
f 37/681/395 47/682/396 100/683/397 99/684/396
f 4/685/398 6/686/398 129/687/398 128/688/398
f 111/689/399 35/690/399 45/691/400 112/692/399
f 122/693/401 23/694/401 33/695/401 123/696/401
f 135/697/402 136/698/402 166/699/402 165/700/402
f 8/701/403 10/702/403 131/703/403 130/704/403
f 127/705/404 2/706/405 4/707/404 128/708/406
f 7/709/407 52/710/407 62/711/408 9/712/407
f 134/713/409 135/714/410 165/715/411 164/716/411
f 53/717/412 63/718/413 126/719/413 125/720/413
f 60/721/414 70/722/415 84/723/414 83/724/416
f 9/725/417 62/726/418 72/727/417 11/728/417
f 33/729/419 43/730/420 124/731/420 123/732/420
f 68/733/421 17/734/422 91/735/423 96/736/424
f 13/737/425 32/738/426 3/739/427 1/740/428
f 169/741/429 170/742/429 188/743/429 187/744/429
f 847/745/430 541/746/430 553/747/430 859/748/430
f 931/749/431 625/750/432 638/751/433 944/752/434
f 821/753/435 816/754/436 825/755/437 810/756/436
f 911/757/438 605/758/438 617/759/438 923/760/439
f 515/761/440 504/762/440 519/763/440 510/764/440
f 507/765/441 509/766/441 510/767/442 505/768/442
f 778/769/443 770/770/444 785/771/445 779/772/446
f 693/773/447 387/774/448 393/775/447 699/776/448
f 634/777/449 635/778/450 631/779/451 624/780/452
f 441/781/453 439/782/453 745/783/453 747/784/453
f 825/785/454 519/786/454 518/787/455 824/788/454
f 911/789/456 913/790/457 607/791/458 605/792/459
f 873/793/460 567/794/461 565/795/462 871/796/463
f 812/797/464 822/798/465 516/799/464 506/800/465
f 710/801/466 404/802/466 402/803/466 708/804/466
f 830/805/467 841/806/468 535/807/469 524/808/470
f 779/809/471 777/810/471 471/811/471 473/812/471
f 933/813/472 931/814/473 935/815/473 938/816/473
f 903/817/474 895/818/474 893/819/474 891/820/474
f 881/821/475 883/822/475 878/823/475 870/824/475
f 792/825/476 802/826/477 496/827/476 486/828/476
f 749/829/478 759/830/479 453/831/480 443/832/481
f 816/833/482 815/834/483 813/835/483 811/836/483
f 931/837/484 933/838/485 627/839/484 625/840/486
f 726/841/487 420/842/488 419/843/489 725/844/489
f 921/845/490 916/846/490 925/847/491 910/848/490
f 871/849/492 565/850/492 578/851/492 884/852/493
f 413/853/494 401/854/494 409/855/494 407/856/494
f 443/857/495 455/858/496 761/859/496 749/860/497
f 833/861/498 527/862/499 525/863/500 831/864/501
f 853/865/502 547/866/503 545/867/502 851/868/502
f 430/869/504 431/870/505 436/871/506 421/872/505
f 934/873/507 628/874/507 627/875/508 933/876/507
f 544/877/509 556/878/510 862/879/509 850/880/509
f 813/881/511 507/882/511 505/883/512 811/884/512
f 804/885/513 498/886/514 483/887/514 789/888/513
f 619/889/515 614/890/516 603/891/517 618/892/518
f 641/893/519 335/894/519 348/895/519 654/896/519
f 900/897/520 594/898/520 584/899/521 890/900/522
f 919/901/523 613/902/524 604/903/525 910/904/526
f 878/905/527 885/906/528 869/907/527 876/908/527
f 663/909/529 357/910/530 369/911/531 675/912/530
f 932/913/532 943/914/532 637/915/532 626/916/532
f 572/917/533 570/918/534 563/919/533 579/920/535
f 757/921/536 765/922/536 748/923/537 760/924/538
f 619/925/539 604/926/540 613/927/541 614/928/542
f 592/929/543 584/930/544 594/931/543 590/932/543
f 841/933/545 830/934/546 839/935/547 837/936/546
f 738/937/548 732/938/548 742/939/548 727/940/548
f 664/941/549 665/942/550 359/943/550 358/944/551
f 767/945/552 461/946/553 471/947/554 777/948/552
f 451/949/555 454/950/556 442/951/556 459/952/557
f 766/953/558 460/954/559 461/955/559 767/956/560
f 876/957/561 877/958/562 867/959/563 879/960/564
f 782/961/565 771/962/566 783/963/567 785/964/568
f 822/965/569 812/966/570 815/967/570 816/968/571
f 356/969/572 354/970/572 660/971/572 662/972/572
f 457/973/573 444/974/574 446/975/574 448/976/574
f 371/977/575 368/978/576 358/979/577 359/980/578
f 444/981/579 457/982/580 451/983/581 458/984/580
f 509/985/582 506/986/583 516/987/584 510/988/585
f 854/989/586 548/990/587 547/991/586 853/992/586
f 750/993/588 764/994/588 757/995/589 763/996/590
f 814/997/591 812/998/592 506/999/593 508/1000/594
f 744/1001/595 746/1002/596 756/1003/597 755/1004/597
f 637/1005/598 629/1006/599 632/1007/600 626/1008/600
f 938/1009/601 935/1010/602 943/1011/603 932/1012/604
f 834/1013/605 528/1014/605 527/1015/605 833/1016/605
f 920/1017/606 918/1018/606 612/1019/606 614/1020/606
f 677/1021/607 371/1022/607 370/1023/607 676/1024/607
f 858/1025/608 864/1026/609 558/1027/609 552/1028/608
f 937/1029/610 944/1030/610 638/1031/610 631/1032/610
f 365/1033/611 362/1034/612 373/1035/612 366/1036/613
f 785/1037/614 783/1038/614 477/1039/614 479/1040/614
f 941/1041/615 929/1042/615 928/1043/615 936/1044/616
f 672/1045/617 671/1046/618 669/1047/618 667/1048/618
f 760/1049/619 748/1050/620 747/1051/621 756/1052/622
f 346/1053/623 334/1054/623 336/1055/623
f 341/1056/624 342/1057/624 343/1058/624
f 340/1059/625 343/1060/625 342/1061/625
f 334/1062/626 346/1063/626 335/1064/626
f 367/1065/627 354/1066/627 356/1067/627
f 363/1068/628 364/1069/628 365/1070/628
f 362/1071/629 365/1072/630 364/1073/630
f 354/1074/631 367/1075/631 355/1076/631
f 388/1077/632 377/1078/632 379/1079/632
f 384/1080/633 385/1081/633 386/1082/633
f 383/1083/634 386/1084/634 385/1085/634
f 377/1086/635 388/1087/635 378/1088/635
f 408/1089/636 397/1090/636 399/1091/636
f 404/1092/637 405/1093/637 406/1094/637
f 403/1095/638 406/1096/638 405/1097/638
f 397/1098/639 408/1099/639 398/1100/639
f 600/1101/640 611/1102/640 601/1103/641
f 424/1104/642 425/1105/642 428/1106/642
f 423/1107/643 428/1108/643 425/1109/643
f 419/1110/644 427/1111/644 417/1112/645
f 449/1113/646 437/1114/646 439/1115/646
f 446/1116/647 447/1117/647 448/1118/647
f 445/1119/648 448/1120/648 447/1121/648
f 437/1122/649 449/1123/649 438/1124/649
f 470/1125/650 460/1126/650 462/1127/650
f 467/1128/651 468/1129/651 469/1130/651
f 466/1131/652 469/1132/653 468/1133/653
f 460/1134/654 470/1135/654 461/1136/654
f 491/1137/655 480/1138/655 482/1139/655
f 487/1140/656 488/1141/656 489/1142/656
f 486/1143/657 489/1144/657 488/1145/657
f 480/1146/658 491/1147/658 481/1148/658
f 512/1149/659 500/1150/659 502/1151/659
f 507/1152/660 508/1153/660 509/1154/660
f 506/1155/661 509/1156/662 508/1157/663
f 500/1158/664 512/1159/664 501/1160/664
f 532/1161/665 520/1162/665 522/1163/665
f 527/1164/666 528/1165/666 529/1166/666
f 526/1167/667 529/1168/667 528/1169/667
f 520/1170/668 532/1171/668 521/1172/668
f 551/1173/669 540/1174/669 542/1175/669
f 547/1176/670 548/1177/670 549/1178/670
f 546/1179/671 549/1180/671 548/1181/671
f 540/1182/672 551/1183/672 541/1184/672
f 571/1185/673 560/1186/674 562/1187/674
f 567/1188/675 568/1189/675 569/1190/675
f 566/1191/676 569/1192/676 568/1193/676
f 560/1194/677 571/1195/678 561/1196/677
f 611/1197/679 600/1198/679 602/1199/679
f 591/1200/680 580/1201/680 582/1202/680
f 587/1203/681 588/1204/682 589/1205/683
f 586/1206/684 589/1207/684 588/1208/684
f 580/1209/685 591/1210/685 581/1211/686
f 607/1212/687 608/1213/687 609/1214/687
f 606/1215/688 609/1216/689 608/1217/689
f 630/1218/690 620/1219/690 622/1220/690
f 627/1221/691 628/1222/691 632/1223/692
f 626/1224/693 632/1225/693 628/1226/694
f 620/1227/695 630/1228/695 621/1229/695
f 427/1230/696 418/1231/697 417/1232/696
f 652/1233/698 642/1234/698 640/1235/698
f 647/1236/699 649/1237/699 648/1238/699
f 646/1239/700 648/1240/700 649/1241/700
f 640/1242/701 641/1243/701 652/1244/701
f 673/1245/702 662/1246/702 660/1247/702
f 669/1248/703 671/1249/703 670/1250/703
f 668/1251/704 670/1252/704 671/1253/704
f 660/1254/705 661/1255/705 673/1256/705
f 694/1257/706 685/1258/706 683/1259/706
f 690/1260/707 692/1261/707 691/1262/707
f 689/1263/708 691/1264/708 692/1265/708
f 683/1266/709 684/1267/709 694/1268/709
f 714/1269/710 705/1270/710 703/1271/710
f 710/1272/711 712/1273/711 711/1274/711
f 709/1275/712 711/1276/712 712/1277/712
f 703/1278/713 704/1279/713 714/1280/713
f 906/1281/714 907/1282/714 917/1283/714
f 730/1284/715 734/1285/715 731/1286/715
f 729/1287/716 731/1288/716 734/1289/716
f 725/1290/717 723/1291/718 733/1292/717
f 755/1293/719 745/1294/719 743/1295/719
f 752/1296/720 754/1297/720 753/1298/720
f 751/1299/721 753/1300/721 754/1301/721
f 743/1302/722 744/1303/722 755/1304/722
f 776/1305/723 768/1306/723 766/1307/723
f 773/1308/724 775/1309/724 774/1310/724
f 772/1311/725 774/1312/725 775/1313/726
f 766/1314/727 767/1315/727 776/1316/727
f 797/1317/728 788/1318/728 786/1319/728
f 793/1320/729 795/1321/729 794/1322/729
f 792/1323/730 794/1324/730 795/1325/730
f 786/1326/731 787/1327/731 797/1328/732
f 818/1329/733 808/1330/733 806/1331/733
f 813/1332/734 815/1333/734 814/1334/734
f 812/1335/735 814/1336/735 815/1337/735
f 806/1338/736 807/1339/736 818/1340/736
f 838/1341/737 828/1342/737 826/1343/737
f 833/1344/738 835/1345/738 834/1346/738
f 832/1347/739 834/1348/739 835/1349/739
f 826/1350/740 827/1351/741 838/1352/741
f 857/1353/742 848/1354/742 846/1355/742
f 853/1356/743 855/1357/743 854/1358/743
f 852/1359/744 854/1360/744 855/1361/744
f 846/1362/745 847/1363/745 857/1364/745
f 877/1365/746 868/1366/747 866/1367/746
f 873/1368/748 875/1369/749 874/1370/749
f 872/1371/750 874/1372/750 875/1373/750
f 866/1374/751 867/1375/752 877/1376/751
f 917/1377/753 908/1378/753 906/1379/753
f 897/1380/754 888/1381/754 886/1382/754
f 893/1383/755 895/1384/756 894/1385/755
f 892/1386/757 894/1387/757 895/1388/758
f 886/1389/759 887/1390/759 897/1391/759
f 913/1392/760 915/1393/760 914/1394/760
f 912/1395/761 914/1396/761 915/1397/762
f 936/1398/763 928/1399/763 926/1400/763
f 933/1401/764 938/1402/764 934/1403/764
f 932/1404/765 934/1405/765 938/1406/765
f 926/1407/766 927/1408/767 936/1409/766
f 733/1410/768 723/1411/768 724/1412/769
f 495/1413/770 484/1414/770 499/1415/770 490/1416/770
f 940/1417/771 930/1418/771 937/1419/771 941/1420/772
f 713/1421/773 719/1422/774 413/1423/773 407/1424/773
f 701/1425/775 395/1426/776 380/1427/776 686/1428/776
f 681/1429/777 375/1430/777 359/1431/777 665/1432/777
f 524/1433/778 536/1434/779 842/1435/778 830/1436/779
f 883/1437/780 882/1438/781 872/1439/780 875/1440/782
f 849/1441/783 543/1442/783 542/1443/784 848/1444/783
f 484/1445/785 495/1446/786 801/1447/785 790/1448/787
f 610/1449/788 605/1450/789 607/1451/789 609/1452/789
f 922/1453/790 912/1454/791 915/1455/792 916/1456/793
f 463/1457/794 462/1458/795 768/1459/795 769/1460/796
f 916/1461/797 915/1462/798 913/1463/799 911/1464/797
f 937/1465/800 631/1466/801 639/1467/801 945/1468/801
f 754/1469/802 763/1470/803 762/1471/802 751/1472/802
f 898/1473/804 904/1474/804 598/1475/804 592/1476/804
f 927/1477/805 939/1478/806 941/1479/807 936/1480/808
f 653/1481/809 347/1482/809 353/1483/809 659/1484/809
f 453/1485/810 454/1486/811 451/1487/812 443/1488/813
f 825/1489/814 817/1490/815 820/1491/816 810/1492/817
f 563/1493/818 562/1494/818 868/1495/818 869/1496/818
f 746/1497/819 758/1498/820 760/1499/821 756/1500/822
f 774/1501/823 468/1502/824 467/1503/824 773/1504/824
f 940/1505/825 634/1506/825 624/1507/826 930/1508/827
f 440/1509/828 450/1510/829 454/1511/829 452/1512/829
f 682/1513/830 681/1514/830 665/1515/830 677/1516/831
f 355/1517/832 367/1518/833 368/1519/833 357/1520/833
f 686/1521/834 380/1522/834 379/1523/834 685/1524/835
f 709/1525/836 720/1526/836 414/1527/836 403/1528/836
f 360/1529/837 372/1530/838 678/1531/837 666/1532/837
f 672/1533/839 366/1534/839 373/1535/840 679/1536/839
f 810/1537/841 820/1538/842 514/1539/843 504/1540/844
f 858/1541/845 865/1542/846 849/1543/847 861/1544/848
f 869/1545/849 885/1546/850 579/1547/850 563/1548/850
f 678/1549/851 672/1550/851 682/1551/851 666/1552/851
f 785/1553/852 770/1554/852 780/1555/852 782/1556/852
f 799/1557/853 790/1558/854 805/1559/855 800/1560/856
f 732/1561/857 426/1562/857 433/1563/857 739/1564/857
f 396/1565/858 391/1566/859 380/1567/859 395/1568/859
f 770/1569/860 778/1570/861 472/1571/860 464/1572/860
f 421/1573/862 432/1574/862 738/1575/863 727/1576/864
f 619/1577/865 610/1578/865 615/1579/865 604/1580/865
f 852/1581/866 863/1582/867 557/1583/868 546/1584/869
f 713/1585/870 407/1586/870 414/1587/870 720/1588/870
f 839/1589/871 844/1590/872 538/1591/871 533/1592/872
f 811/1593/873 505/1594/873 517/1595/873 823/1596/874
f 640/1597/875 334/1598/876 335/1599/876 641/1600/877
f 439/1601/878 437/1602/879 743/1603/879 745/1604/880
f 531/1605/881 534/1606/882 521/1607/883 532/1608/884
f 461/1609/885 470/1610/886 473/1611/887 471/1612/888
f 878/1613/889 572/1614/890 579/1615/889 885/1616/889
f 531/1617/891 532/1618/891 522/1619/892 523/1620/891
f 494/1621/893 492/1622/894 481/1623/895 491/1624/896
f 663/1625/897 675/1626/898 677/1627/899 674/1628/898
f 856/1629/900 851/1630/901 864/1631/902 858/1632/903
f 772/1633/904 781/1634/905 475/1635/904 466/1636/905
f 941/1637/906 939/1638/906 633/1639/906 635/1640/906
f 792/1641/907 795/1642/908 796/1643/909 802/1644/910
f 499/1645/911 494/1646/912 483/1647/913 498/1648/912
f 690/1649/914 384/1650/914 382/1651/915 688/1652/915
f 647/1653/916 341/1654/916 339/1655/917 645/1656/918
f 741/1657/919 435/1658/919 420/1659/919 726/1660/919
f 912/1661/920 922/1662/920 616/1663/920 606/1664/920
f 344/1665/921 339/1666/921 341/1667/921 343/1668/921
f 719/1669/922 713/1670/922 715/1671/922 707/1672/922
f 407/1673/923 402/1674/923 404/1675/924 406/1676/923
f 503/1677/925 502/1678/926 808/1679/927 809/1680/925
f 782/1681/928 476/1682/929 475/1683/928 781/1684/929
f 856/1685/930 855/1686/930 853/1687/930 851/1688/930
f 767/1689/931 777/1690/932 779/1691/932 776/1692/933
f 555/1693/934 553/1694/935 541/1695/936 551/1696/937
f 651/1697/938 643/1698/939 642/1699/940 652/1700/941
f 779/1701/942 473/1702/943 472/1703/942 778/1704/943
f 683/1705/944 377/1706/945 378/1707/944 684/1708/945
f 737/1709/946 735/1710/946 429/1711/946 431/1712/946
f 595/1713/947 584/1714/948 592/1715/947 597/1716/949
f 381/1717/950 392/1718/951 698/1719/950 687/1720/952
f 519/1721/953 511/1722/954 503/1723/953 518/1724/953
f 576/1725/955 566/1726/956 872/1727/957 882/1728/958
f 592/1729/959 590/1730/960 583/1731/960 599/1732/961
f 880/1733/962 870/1734/963 878/1735/964 876/1736/965
f 894/1737/966 892/1738/967 586/1739/966 588/1740/967
f 394/1741/968 382/1742/969 387/1743/970 396/1744/971
f 522/1745/972 520/1746/972 826/1747/972 828/1748/973
f 826/1749/974 520/1750/975 521/1751/976 827/1752/976
f 903/1753/977 901/1754/977 595/1755/977 597/1756/977
f 718/1757/978 412/1758/979 411/1759/979 717/1760/979
f 794/1761/980 488/1762/981 487/1763/980 793/1764/982
f 896/1765/983 899/1766/983 593/1767/983 590/1768/983
f 920/1769/984 909/1770/985 908/1771/986 917/1772/987
f 750/1773/988 444/1774/989 458/1775/989 764/1776/989
f 906/1777/990 600/1778/990 601/1779/991 907/1780/990
f 865/1781/992 559/1782/992 543/1783/992 849/1784/992
f 786/1785/993 480/1786/993 481/1787/994 787/1788/995
f 805/1789/996 499/1790/997 498/1791/996 804/1792/997
f 925/1793/998 619/1794/998 618/1795/998 924/1796/999
f 462/1797/1000 460/1798/1001 766/1799/1001 768/1800/1000
f 651/1801/1002 654/1802/1002 348/1803/1002 345/1804/1002
f 800/1805/1003 494/1806/1004 493/1807/1003 799/1808/1003
f 935/1809/1005 629/1810/1006 637/1811/1005 943/1812/1006
f 731/1813/1007 729/1814/1008 423/1815/1007 425/1816/1009
f 914/1817/1010 608/1818/1011 607/1819/1010 913/1820/1011
f 902/1821/1012 892/1822/1012 895/1823/1012 903/1824/1012
f 837/1825/1013 838/1826/1014 827/1827/1015 840/1828/1016
f 829/1829/1017 845/1830/1018 539/1831/1019 523/1832/1020
f 854/1833/1021 852/1834/1021 546/1835/1021 548/1836/1022
f 898/1837/1023 592/1838/1023 599/1839/1023 905/1840/1023
f 424/1841/1024 428/1842/1024 426/1843/1024 422/1844/1024
f 682/1845/1025 376/1846/1025 375/1847/1025 681/1848/1026
f 570/1849/1027 571/1850/1028 562/1851/1029 563/1852/1030
f 907/1853/1031 601/1854/1032 612/1855/1031 918/1856/1033
f 891/1857/1034 585/1858/1035 598/1859/1034 904/1860/1034
f 787/1861/1036 481/1862/1037 492/1863/1037 798/1864/1037
f 793/1865/1038 487/1866/1039 485/1867/1040 791/1868/1040
f 900/1869/1041 890/1870/1042 898/1871/1041 896/1872/1043
f 842/1873/1044 836/1874/1044 839/1875/1044 830/1876/1044
f 862/1877/1045 856/1878/1046 858/1879/1047 850/1880/1045
f 861/1881/1048 857/1882/1049 847/1883/1050 859/1884/1051
f 501/1885/1052 512/1886/1053 511/1887/1054 513/1888/1054
f 679/1889/1055 668/1890/1056 671/1891/1057 672/1892/1058
f 454/1893/1059 450/1894/1060 441/1895/1061 442/1896/1062
f 876/1897/1063 879/1898/1064 573/1899/1064 570/1900/1064
f 935/1901/1065 942/1902/1065 636/1903/1065 629/1904/1065
f 706/1905/1066 400/1906/1066 399/1907/1067 705/1908/1068
f 657/1909/1069 646/1910/1070 649/1911/1070 650/1912/1071
f 910/1913/1072 604/1914/1072 615/1915/1072 921/1916/1072
f 689/1917/1073 699/1918/1073 393/1919/1074 383/1920/1073
f 794/1921/1075 792/1922/1076 486/1923/1075 488/1924/1075
f 431/1925/1077 427/1926/1078 419/1927/1077 420/1928/1079
f 384/1929/1080 386/1930/1081 387/1931/1080 382/1932/1081
f 697/1933/1082 695/1934/1083 389/1935/1082 391/1936/1082
f 817/1937/1084 511/1938/1084 514/1939/1084 820/1940/1085
f 383/1941/1086 393/1942/1087 387/1943/1088 386/1944/1086
f 843/1945/1089 832/1946/1090 835/1947/1090 836/1948/1089
f 769/1949/1091 784/1950/1091 478/1951/1092 463/1952/1091
f 398/1953/1093 410/1954/1093 716/1955/1093 704/1956/1093
f 479/1957/1094 464/1958/1095 472/1959/1096 473/1960/1097
f 831/1961/1098 525/1962/1098 538/1963/1098 844/1964/1098
f 372/1965/1099 360/1966/1099 376/1967/1099 366/1968/1099
f 396/1969/1100 381/1970/1101 390/1971/1102 391/1972/1103
f 898/1973/1104 905/1974/1105 889/1975/1105 896/1976/1105
f 422/1977/1106 426/1978/1107 436/1979/1108 434/1980/1109
f 661/1981/1110 355/1982/1111 357/1983/1110 663/1984/1111
f 732/1985/1112 734/1986/1112 730/1987/1112 728/1988/1112
f 878/1989/1113 884/1990/1114 578/1991/1113 572/1992/1113
f 617/1993/1115 605/1994/1116 610/1995/1117 619/1996/1118
f 825/1997/1119 824/1998/1120 809/1999/1121 817/2000/1122
f 655/2001/1123 644/2002/1124 653/2003/1125 651/2004/1126
f 718/2005/1127 706/2006/1127 705/2007/1128 714/2008/1129
f 901/2009/1130 903/2010/1130 898/2011/1130 890/2012/1130
f 499/2013/1131 484/2014/1132 493/2015/1132 494/2016/1132
f 825/2017/1133 823/2018/1133 517/2019/1134 519/2020/1134
f 670/2021/1135 668/2022/1135 362/2023/1135 364/2024/1135
f 391/2025/1136 388/2026/1136 379/2027/1137 380/2028/1138
f 691/2029/1139 385/2030/1140 384/2031/1141 690/2032/1140
f 715/2033/1142 721/2034/1142 415/2035/1143 409/2036/1142
f 436/2037/1144 426/2038/1144 432/2039/1144 421/2040/1144
f 596/2041/1145 597/2042/1145 589/2043/1145 586/2044/1145
f 756/2045/1146 747/2046/1146 745/2047/1146 755/2048/1146
f 650/2049/1147 649/2050/1147 647/2051/1147 645/2052/1147
f 482/2053/1148 480/2054/1148 786/2055/1149 788/2056/1148
f 693/2057/1150 692/2058/1151 690/2059/1151 688/2060/1151
f 760/2061/1152 454/2062/1152 453/2063/1152 759/2064/1152
f 757/2065/1153 764/2066/1153 458/2067/1153 451/2068/1153
f 693/2069/1154 698/2070/1154 392/2071/1154 387/2072/1154
f 407/2073/1155 406/2074/1156 403/2075/1156 414/2076/1157
f 907/2077/1158 918/2078/1159 920/2079/1160 917/2080/1160
f 436/2081/1161 431/2082/1162 420/2083/1163 435/2084/1164
f 916/2085/1165 911/2086/1166 923/2087/1167 925/2088/1168
f 896/2089/1169 889/2090/1170 888/2091/1171 897/2092/1171
f 667/2093/1172 361/2094/1172 374/2095/1173 680/2096/1174
f 837/2097/1175 829/2098/1175 828/2099/1175 838/2100/1175
f 536/2101/1176 524/2102/1176 533/2103/1176 530/2104/1176
f 852/2105/1177 855/2106/1177 856/2107/1178 863/2108/1179
f 887/2109/1180 581/2110/1181 593/2111/1180 899/2112/1180
f 851/2113/1182 545/2114/1182 558/2115/1182 864/2116/1182
f 696/2117/1183 687/2118/1184 702/2119/1184 697/2120/1184
f 916/2121/1185 921/2122/1185 615/2123/1185 610/2124/1185
f 807/2125/1186 819/2126/1187 817/2127/1187 818/2128/1188
f 806/2129/1189 500/2130/1190 501/2131/1189 807/2132/1191
f 582/2133/1192 580/2134/1193 886/2135/1194 888/2136/1195
f 753/2137/1196 447/2138/1197 446/2139/1197 752/2140/1198
f 801/2141/1199 796/2142/1199 805/2143/1199 790/2144/1199
f 645/2145/1200 658/2146/1201 653/2147/1201 650/2148/1202
f 623/2149/1203 622/2150/1204 928/2151/1204 929/2152/1205
f 831/2153/1206 844/2154/1206 839/2155/1207 836/2156/1208
f 728/2157/1209 740/2158/1210 742/2159/1210 732/2160/1209
f 418/2161/1211 427/2162/1212 431/2163/1213 429/2164/1214
f 555/2165/1215 551/2166/1215 542/2167/1216 543/2168/1215
f 343/2169/1217 340/2170/1217 351/2171/1218 344/2172/1219
f 836/2173/1220 530/2174/1220 537/2175/1220 843/2176/1220
f 702/2177/1221 700/2178/1222 394/2179/1221 396/2180/1221
f 920/2181/1223 614/2182/1223 613/2183/1223 919/2184/1223
f 892/2185/1224 902/2186/1224 596/2187/1225 586/2188/1224
f 483/2189/1226 482/2190/1227 788/2191/1228 789/2192/1229
f 339/2193/1230 344/2194/1230 347/2195/1231 352/2196/1232
f 687/2197/1233 696/2198/1233 390/2199/1234 381/2200/1233
f 736/2201/1235 727/2202/1236 742/2203/1237 737/2204/1236
f 873/2205/1238 871/2206/1239 883/2207/1240 875/2208/1240
f 583/2209/1241 582/2210/1241 888/2211/1241 889/2212/1241
f 890/2213/1242 584/2214/1242 595/2215/1242 901/2216/1242
f 748/2217/1243 765/2218/1243 459/2219/1243 442/2220/1243
f 682/2221/1244 677/2222/1245 676/2223/1246 666/2224/1247
f 670/2225/1248 364/2226/1248 363/2227/1248 669/2228/1248
f 702/2229/1249 396/2230/1249 395/2231/1250 701/2232/1250
f 409/2233/1251 412/2234/1252 400/2235/1252 416/2236/1253
f 667/2237/1254 680/2238/1255 682/2239/1256 672/2240/1257
f 350/2241/1258 338/2242/1258 347/2243/1258 344/2244/1258
f 656/2245/1259 650/2246/1260 653/2247/1259 644/2248/1260
f 668/2249/1261 679/2250/1262 373/2251/1261 362/2252/1261
f 805/2253/1263 803/2254/1264 497/2255/1263 499/2256/1265
f 653/2257/1266 658/2258/1266 352/2259/1266 347/2260/1266
f 876/2261/1267 570/2262/1267 574/2263/1267 880/2264/1267
f 376/2265/1268 374/2266/1268 361/2267/1269 366/2268/1269
f 730/2269/1270 424/2270/1270 422/2271/1271 728/2272/1272
f 816/2273/1273 510/2274/1274 516/2275/1275 822/2276/1274
f 682/2277/1276 680/2278/1276 374/2279/1276 376/2280/1276
f 450/2281/1277 449/2282/1277 439/2283/1278 441/2284/1277
f 614/2285/1279 611/2286/1280 602/2287/1281 603/2288/1282
f 715/2289/1283 722/2290/1284 706/2291/1284 718/2292/1284
f 919/2293/1285 910/2294/1286 925/2295/1285 920/2296/1286
f 494/2297/1287 491/2298/1287 482/2299/1288 483/2300/1287
f 363/2301/1289 365/2302/1290 366/2303/1289 361/2304/1289
f 684/2305/1291 378/2306/1292 389/2307/1291 695/2308/1292
f 856/2309/1293 862/2310/1293 556/2311/1293 550/2312/1293
f 737/2313/1294 726/2314/1295 725/2315/1295 733/2316/1295
f 763/2317/1296 754/2318/1296 752/2319/1296 750/2320/1296
f 834/2321/1297 832/2322/1298 526/2323/1299 528/2324/1300
f 883/2325/1301 881/2326/1302 575/2327/1301 577/2328/1301
f 817/2329/1303 819/2330/1303 513/2331/1304 511/2332/1303
f 456/2333/1305 457/2334/1306 448/2335/1305 445/2336/1307
f 896/2337/1308 590/2338/1309 594/2339/1309 900/2340/1309
f 622/2341/1310 620/2342/1311 926/2343/1310 928/2344/1311
f 724/2345/1312 735/2346/1313 737/2347/1313 733/2348/1314
f 925/2349/1315 924/2350/1316 909/2351/1317 920/2352/1318
f 832/2353/1319 843/2354/1319 537/2355/1319 526/2356/1319
f 490/2357/1320 485/2358/1320 487/2359/1320 489/2360/1321
f 916/2361/1322 610/2362/1322 616/2363/1322 922/2364/1323
f 903/2365/1324 597/2366/1324 596/2367/1324 902/2368/1324
f 511/2369/1325 512/2370/1325 502/2371/1326 503/2372/1325
f 345/2373/1327 346/2374/1328 336/2375/1328 337/2376/1328
f 800/2377/1329 789/2378/1330 788/2379/1331 797/2380/1330
f 850/2381/1332 860/2382/1333 554/2383/1334 544/2384/1335
f 771/2385/1336 465/2386/1336 477/2387/1337 783/2388/1337
f 927/2389/1338 621/2390/1338 633/2391/1338 939/2392/1339
f 473/2393/1340 470/2394/1341 462/2395/1342 463/2396/1341
f 697/2397/1343 686/2398/1343 685/2399/1344 694/2400/1343
f 743/2401/1345 437/2402/1346 438/2403/1346 744/2404/1347
f 514/2405/1348 511/2406/1349 519/2407/1350 504/2408/1349
f 761/2409/1351 763/2410/1351 757/2411/1352 749/2412/1353
f 433/2413/1354 426/2414/1355 428/2415/1356 423/2416/1356
f 693/2417/1357 688/2418/1358 700/2419/1359 702/2420/1360
f 796/2421/1361 791/2422/1362 803/2423/1363 805/2424/1364
f 779/2425/1365 769/2426/1366 768/2427/1367 776/2428/1366
f 684/2429/1368 695/2430/1369 697/2431/1370 694/2432/1371
f 800/2433/1372 797/2434/1373 787/2435/1374 798/2436/1375
f 552/2437/1376 544/2438/1376 554/2439/1377 555/2440/1378
f 621/2441/1379 630/2442/1380 635/2443/1381 633/2444/1382
f 836/2445/1383 835/2446/1384 833/2447/1384 831/2448/1383
f 572/2449/1385 577/2450/1386 575/2451/1386 564/2452/1386
f 709/2453/1387 712/2454/1388 713/2455/1389 720/2456/1390
f 643/2457/1391 337/2458/1391 336/2459/1391 642/2460/1391
f 547/2461/1392 549/2462/1392 550/2463/1393 545/2464/1394
f 883/2465/1395 577/2466/1395 576/2467/1395 882/2468/1395
f 836/2469/1396 842/2470/1396 536/2471/1396 530/2472/1397
f 817/2473/1398 809/2474/1399 808/2475/1400 818/2476/1399
f 790/2477/1401 799/2478/1402 493/2479/1403 484/2480/1404
f 717/2481/1405 707/2482/1406 715/2483/1407 718/2484/1408
f 602/2485/1409 600/2486/1409 906/2487/1410 908/2488/1409
f 796/2489/1411 795/2490/1411 793/2491/1411 791/2492/1411
f 752/2493/1412 446/2494/1413 444/2495/1412 750/2496/1414
f 627/2497/1415 632/2498/1415 629/2499/1415 625/2500/1415
f 816/2501/1416 811/2502/1417 823/2503/1418 825/2504/1419
f 689/2505/1420 692/2506/1420 693/2507/1421 699/2508/1422
f 711/2509/1423 709/2510/1423 403/2511/1423 405/2512/1423
f 523/2513/1424 522/2514/1425 828/2515/1426 829/2516/1425
f 708/2517/1427 402/2518/1428 415/2519/1429 721/2520/1429
f 698/2521/1430 693/2522/1430 702/2523/1430 687/2524/1430
f 636/2525/1431 624/2526/1431 631/2527/1431 629/2528/1431
f 467/2529/1432 469/2530/1432 476/2531/1432 465/2532/1432
f 894/2533/1433 588/2534/1434 587/2535/1433 893/2536/1434
f 785/2537/1435 479/2538/1435 478/2539/1435 784/2540/1435
f 935/2541/1436 937/2542/1437 930/2543/1438 942/2544/1437
f 930/2545/1439 624/2546/1439 636/2547/1439 942/2548/1440
f 796/2549/1441 490/2550/1441 496/2551/1441 802/2552/1441
f 702/2553/1442 701/2554/1443 686/2555/1443 697/2556/1444
f 860/2557/1445 850/2558/1446 858/2559/1445 861/2560/1447
f 529/2561/1448 526/2562/1449 537/2563/1450 530/2564/1450
f 504/2565/1451 515/2566/1452 821/2567/1451 810/2568/1453
f 747/2569/1454 748/2570/1455 442/2571/1456 441/2572/1454
f 870/2573/1457 564/2574/1458 575/2575/1458 881/2576/1458
f 753/2577/1459 751/2578/1460 445/2579/1461 447/2580/1461
f 809/2581/1462 824/2582/1463 518/2583/1462 503/2584/1463
f 805/2585/1464 804/2586/1465 789/2587/1466 800/2588/1467
f 718/2589/1468 714/2590/1469 704/2591/1470 716/2592/1471
f 666/2593/1472 676/2594/1473 370/2595/1474 360/2596/1475
f 550/2597/1476 549/2598/1476 546/2599/1477 557/2600/1478
f 742/2601/1479 740/2602/1480 434/2603/1479 436/2604/1480
f 370/2605/1481 371/2606/1482 376/2607/1483 360/2608/1481
f 581/2609/1484 591/2610/1484 590/2611/1484 593/2612/1485
f 870/2613/1486 880/2614/1487 574/2615/1488 564/2616/1486
f 474/2617/1489 464/2618/1489 479/2619/1489 476/2620/1489
f 926/2621/1490 620/2622/1490 621/2623/1490 927/2624/1490
f 715/2625/1491 409/2626/1491 416/2627/1491 722/2628/1491
f 570/2629/1492 573/2630/1493 561/2631/1494 571/2632/1495
f 631/2633/1496 635/2634/1497 623/2635/1497 639/2636/1496
f 827/2637/1498 521/2638/1499 534/2639/1499 840/2640/1499
f 724/2641/1500 418/2642/1500 429/2643/1500 735/2644/1500
f 565/2645/1501 577/2646/1502 572/2647/1503 578/2648/1502
f 479/2649/1504 473/2650/1505 463/2651/1505 478/2652/1505
f 378/2653/1506 388/2654/1507 391/2655/1508 389/2656/1508
f 601/2657/1509 611/2658/1510 614/2659/1511 612/2660/1511
f 659/2661/1512 353/2662/1513 337/2663/1513 643/2664/1512
f 490/2665/1514 489/2666/1515 486/2667/1515 496/2668/1514
f 677/2669/1516 675/2670/1516 369/2671/1516 371/2672/1516
f 867/2673/1517 561/2674/1517 573/2675/1518 879/2676/1517
f 861/2677/1519 849/2678/1520 848/2679/1521 857/2680/1519
f 535/2681/1522 531/2682/1523 533/2683/1524 524/2684/1524
f 635/2685/1525 630/2686/1525 622/2687/1525 623/2688/1525
f 858/2689/1526 552/2690/1526 559/2691/1526 865/2692/1526
f 711/2693/1527 405/2694/1527 404/2695/1528 710/2696/1528
f 839/2697/1529 533/2698/1530 539/2699/1530 845/2700/1530
f 415/2701/1531 402/2702/1532 407/2703/1533 409/2704/1532
f 871/2705/1534 884/2706/1534 878/2707/1535 883/2708/1534
f 629/2709/1536 631/2710/1537 638/2711/1538 625/2712/1537
f 517/2713/1539 505/2714/1540 510/2715/1541 519/2716/1542
f 669/2717/1543 363/2718/1543 361/2719/1544 667/2720/1545
f 757/2721/1546 760/2722/1547 759/2723/1548 749/2724/1549
f 731/2725/1550 425/2726/1551 424/2727/1552 730/2728/1551
f 800/2729/1553 798/2730/1553 492/2731/1553 494/2732/1554
f 934/2733/1555 932/2734/1555 626/2735/1555 628/2736/1555
f 746/2737/1556 440/2738/1557 452/2739/1558 758/2740/1557
f 691/2741/1559 689/2742/1559 383/2743/1560 385/2744/1559
f 438/2745/1561 449/2746/1562 450/2747/1562 440/2748/1561
f 411/2749/1563 412/2750/1564 409/2751/1565 401/2752/1566
f 419/2753/1567 417/2754/1567 723/2755/1567 725/2756/1568
f 713/2757/1569 708/2758/1570 721/2759/1571 715/2760/1569
f 763/2761/1572 457/2762/1573 456/2763/1572 762/2764/1573
f 722/2765/1574 416/2766/1575 400/2767/1574 706/2768/1575
f 455/2769/1576 443/2770/1576 451/2771/1576 457/2772/1576
f 937/2773/1577 945/2774/1578 929/2775/1579 941/2776/1578
f 651/2777/1580 345/2778/1581 349/2779/1581 655/2780/1580
f 837/2781/1582 531/2782/1582 535/2783/1582 841/2784/1582
f 598/2785/1583 585/2786/1584 597/2787/1585 592/2788/1583
f 867/2789/1586 866/2790/1586 560/2791/1586 561/2792/1587
f 908/2793/1588 909/2794/1589 603/2795/1590 602/2796/1590
f 739/2797/1591 729/2798/1592 734/2799/1593 732/2800/1592
f 338/2801/1594 350/2802/1595 656/2803/1594 644/2804/1595
f 727/2805/1596 736/2806/1597 430/2807/1598 421/2808/1596
f 876/2809/1599 869/2810/1600 868/2811/1601 877/2812/1602
f 550/2813/1603 552/2814/1604 558/2815/1605 545/2816/1606
f 661/2817/1607 663/2818/1608 674/2819/1608 673/2820/1608
f 497/2821/1609 485/2822/1610 490/2823/1611 499/2824/1611
f 376/2825/1612 371/2826/1613 359/2827/1613 375/2828/1613
f 874/2829/1614 568/2830/1615 567/2831/1614 873/2832/1614
f 527/2833/1616 529/2834/1616 530/2835/1617 525/2836/1617
f 744/2837/1618 438/2838/1618 440/2839/1618 746/2840/1618
f 807/2841/1619 501/2842/1620 513/2843/1621 819/2844/1620
f 889/2845/1622 905/2846/1623 599/2847/1624 583/2848/1623
f 645/2849/1625 339/2850/1625 352/2851/1625 658/2852/1625
f 368/2853/1626 367/2854/1626 356/2855/1627 358/2856/1626
f 737/2857/1628 431/2858/1629 430/2859/1628 736/2860/1628
f 728/2861/1630 422/2862/1631 434/2863/1632 740/2864/1632
f 891/2865/1633 893/2866/1633 587/2867/1633 585/2868/1634
f 703/2869/1635 397/2870/1635 398/2871/1636 704/2872/1635
f 412/2873/1637 410/2874/1638 398/2875/1639 408/2876/1640
f 349/2877/1641 345/2878/1642 347/2879/1643 338/2880/1644
f 542/2881/1645 540/2882/1646 846/2883/1645 848/2884/1645
f 469/2885/1647 466/2886/1647 475/2887/1647 476/2888/1647
f 464/2889/1648 474/2890/1649 780/2891/1648 770/2892/1650
f 609/2893/1651 606/2894/1651 616/2895/1652 610/2896/1653
f 763/2897/1654 761/2898/1654 455/2899/1654 457/2900/1655
f 399/2901/1656 397/2902/1657 703/2903/1656 705/2904/1658
f 697/2905/1659 391/2906/1659 390/2907/1660 696/2908/1659
f 392/2909/1661 381/2910/1661 396/2911/1661 387/2912/1661
f 538/2913/1662 525/2914/1663 530/2915/1664 533/2916/1665
f 914/2917/1666 912/2918/1666 606/2919/1667 608/2920/1666
f 909/2921/1668 924/2922/1669 618/2923/1670 603/2924/1671
f 577/2925/1672 569/2926/1672 566/2927/1672 576/2928/1673
f 644/2929/1674 655/2930/1675 349/2931/1676 338/2932/1674
f 567/2933/1677 569/2934/1678 577/2935/1679 565/2936/1678
f 412/2937/1680 408/2938/1681 399/2939/1682 400/2940/1681
f 751/2941/1683 762/2942/1684 456/2943/1683 445/2944/1684
f 839/2945/1685 845/2946/1686 829/2947/1687 837/2948/1686
f 597/2949/1688 585/2950/1689 587/2951/1689 589/2952/1690
f 650/2953/1691 344/2954/1691 351/2955/1691 657/2956/1691
f 773/2957/1692 467/2958/1692 465/2959/1693 771/2960/1694
f 925/2961/1695 923/2962/1695 617/2963/1696 619/2964/1695
f 729/2965/1697 739/2966/1698 433/2967/1698 423/2968/1699
f 646/2969/1700 657/2970/1700 351/2971/1700 340/2972/1700
f 773/2973/1701 771/2974/1701 782/2975/1701 775/2976/1701
f 401/2977/1702 413/2978/1702 719/2979/1702 707/2980/1702
f 590/2981/1703 591/2982/1704 582/2983/1705 583/2984/1706
f 742/2985/1707 436/2986/1708 435/2987/1709 741/2988/1709
f 476/2989/1710 479/2990/1710 477/2991/1711 465/2992/1712
f 861/2993/1713 555/2994/1713 554/2995/1713 860/2996/1713
f 785/2997/1714 784/2998/1714 769/2999/1715 779/3000/1714
f 574/3001/1716 570/3002/1717 572/3003/1716 564/3004/1718
f 556/3005/1719 544/3006/1719 552/3007/1719 550/3008/1719
f 791/3009/1720 485/3010/1720 497/3011/1720 803/3012/1720
f 357/3013/1721 368/3014/1722 371/3015/1723 369/3016/1724
f 935/3017/1725 931/3018/1726 944/3019/1727 937/3020/1725
f 688/3021/1728 382/3022/1728 394/3023/1728 700/3024/1728
f 651/3025/1729 652/3026/1730 641/3027/1731 654/3028/1729
f 502/3029/1732 500/3030/1733 806/3031/1733 808/3032/1734
f 707/3033/1735 717/3034/1736 411/3035/1737 401/3036/1735
f 358/3037/1738 356/3038/1739 662/3039/1739 664/3040/1739
f 648/3041/1740 342/3042/1741 341/3043/1741 647/3044/1742
f 566/3045/1743 568/3046/1743 874/3047/1743 872/3048/1744
f 856/3049/1745 550/3050/1745 557/3051/1746 863/3052/1746
f 846/3053/1747 540/3054/1748 541/3055/1747 847/3056/1748
f 677/3057/1749 665/3058/1750 664/3059/1751 674/3060/1751
f 861/3061/1752 859/3062/1752 553/3063/1752 555/3064/1752
f 674/3065/1753 664/3066/1753 662/3067/1753 673/3068/1753
f 379/3069/1754 377/3070/1755 683/3071/1755 685/3072/1755
f 757/3073/1756 451/3074/1756 459/3075/1756 765/3076/1757
f 713/3077/1758 712/3078/1758 710/3079/1759 708/3080/1760
f 929/3081/1761 945/3082/1762 639/3083/1762 623/3084/1763
f 650/3085/1764 656/3086/1764 350/3087/1764 344/3088/1764
f 774/3089/1765 772/3090/1765 466/3091/1766 468/3092/1765
f 796/3093/1767 801/3094/1768 495/3095/1767 490/3096/1767
f 887/3097/1769 899/3098/1769 896/3099/1770 897/3100/1771
f 533/3101/1772 531/3102/1773 523/3103/1773 539/3104/1774
f 941/3105/1775 635/3106/1775 634/3107/1775 940/3108/1776
f 723/3109/1777 417/3110/1777 418/3111/1778 724/3112/1778
f 653/3113/1779 659/3114/1780 643/3115/1781 651/3116/1780
f 648/3117/1782 646/3118/1782 340/3119/1782 342/3120/1782
f 814/3121/1783 508/3122/1784 507/3123/1783 813/3124/1783
f 552/3125/1785 555/3126/1786 543/3127/1787 559/3128/1788
f 345/3129/1789 348/3130/1790 335/3131/1791 346/3132/1792
f 868/3133/1793 562/3134/1794 560/3135/1795 866/3136/1795
f 782/3137/1796 780/3138/1797 474/3139/1798 476/3140/1798
f 336/3141/1799 334/3142/1799 640/3143/1799 642/3144/1799
f 837/3145/1800 840/3146/1801 534/3147/1801 531/3148/1801
f 760/3149/1802 758/3150/1802 452/3151/1802 454/3152/1802
f 886/3153/1803 580/3154/1804 581/3155/1805 887/3156/1804
f 781/3157/1806 772/3158/1806 775/3159/1807 782/3160/1808
f 732/3161/1809 738/3162/1809 432/3163/1809 426/3164/1810
f 347/3165/1811 345/3166/1812 337/3167/1813 353/3168/1814
f 660/3169/1815 354/3170/1816 355/3171/1817 661/3172/1818
f 816/3173/1819 821/3174/1819 515/3175/1819 510/3176/1819
f 742/3177/1820 741/3178/1821 726/3179/1822 737/3180/1821
f 718/3181/1823 716/3182/1823 410/3183/1823 412/3184/1823
f 672/3185/1824 678/3186/1824 372/3187/1824 366/3188/1824
f 903/3189/1825 891/3190/1826 904/3191/1826 898/3192/1826
f 957/3193/1827 992/3194/1827 991/3195/1827 956/3196/1827
f 969/3197/1828 968/3198/1828 949/3199/1828 948/3200/1828
f 315/3201/1829 321/3202/1829 325/3203/1829 320/3204/1830
f 270/3205/1831 269/3206/1832 260/3207/1833 265/3208/1833
f 217/3209/1834 222/3210/1834 227/3211/1834 221/3212/1835
f 330/3213/1836 325/3214/1837 331/3215/1836 333/3216/1837
f 254/3217/1838 259/3218/1838 264/3219/1838 258/3220/1838
f 294/3221/1839 300/3222/1839 304/3223/1839 299/3224/1839
f 316/3225/1840 317/3226/1841 326/3227/1842 321/3228/1841
f 253/3229/1843 258/3230/1844 263/3231/1845 257/3232/1843
f 216/3233/1846 221/3234/1847 226/3235/1847 220/3236/1848
f 292/3237/1849 298/3238/1849 302/3239/1849 297/3240/1849
f 261/3241/1850 266/3242/1851 271/3243/1852 265/3244/1851
f 295/3245/1853 301/3246/1853 305/3247/1853 300/3248/1853
f 213/3249/1854 212/3250/1854 203/3251/1855 208/3252/1855
f 291/3253/1856 295/3254/1856 290/3255/1856 332/3256/1857
f 327/3257/1858 322/3258/1859 328/3259/1859 333/3260/1858
f 293/3261/1860 299/3262/1860 303/3263/1861 298/3264/1860
f 952/3265/1862 982/3266/1862 981/3267/1862 951/3268/1862
f 202/3269/1863 203/3270/1863 212/3271/1863 207/3272/1863
f 200/3273/1864 206/3274/1864 210/3275/1864 205/3276/1864
f 201/3277/1865 207/3278/1865 211/3279/1865 206/3280/1865
f 246/3281/1866 252/3282/1866 256/3283/1866 251/3284/1866
f 243/3285/1867 244/3286/1868 248/3287/1869
f 193/3288/1870 194/3289/1870 198/3290/1870
f 236/3291/1871 235/3292/1871 230/3293/1871
f 282/3294/1872 281/3295/1872 276/3296/1872
f 281/3297/1873 280/3298/1873 275/3299/1873
f 237/3300/1874 236/3301/1874 231/3302/1874
f 291/3303/1875 287/3304/1876 296/3305/1877
f 329/3306/1878 328/3307/1878 323/3308/1878
f 330/3309/1879 329/3310/1879 324/3311/1879
f 243/3312/1880 242/3313/1881 285/3314/1882 244/3315/1882
f 291/3316/1883 332/3317/1883 287/3318/1883
f 266/3319/1884 272/3320/1885 276/3321/1886 271/3322/1884
f 222/3323/1887 223/3324/1887 232/3325/1887 227/3326/1887
f 268/3327/1888 274/3328/1888 278/3329/1888 273/3330/1888
f 248/3331/1889 254/3332/1889 258/3333/1889 253/3334/1889
f 247/3335/1890 253/3336/1890 257/3337/1890 252/3338/1890
f 205/3339/1891 210/3340/1891 215/3341/1891 209/3342/1891
f 241/3343/1892 245/3344/1893 240/3345/1893 285/3346/1894
f 199/3347/1895 205/3348/1896 209/3349/1895 204/3350/1896
f 220/3351/1897 226/3352/1897 230/3353/1897 225/3354/1897
f 314/3355/1898 320/3356/1898 324/3357/1898 319/3358/1898
f 218/3359/1899 224/3360/1899 228/3361/1899 223/3362/1899
f 255/3363/1900 261/3364/1901 265/3365/1901 260/3366/1902
f 251/3367/1903 256/3368/1904 261/3369/1905 255/3370/1903
f 282/3371/1906 277/3372/1907 283/3373/1906 286/3374/1906
f 299/3375/1908 304/3376/1908 309/3377/1908 303/3378/1908
f 313/3379/1909 319/3380/1910 323/3381/1911 318/3382/1910
f 206/3383/1912 211/3384/1913 216/3385/1914 210/3386/1914
f 258/3387/1915 264/3388/1915 268/3389/1915 263/3390/1915
f 257/3391/1916 263/3392/1916 267/3393/1917 262/3394/1916
f 223/3395/1918 222/3396/1918 213/3397/1918 218/3398/1918
f 283/3399/1919 278/3400/1919 284/3401/1919 286/3402/1919
f 209/3403/1920 215/3404/1921 219/3405/1922 214/3406/1923
f 265/3407/1924 271/3408/1924 275/3409/1924 270/3410/1924
f 233/3411/1925 228/3412/1926 234/3413/1926 239/3414/1925
f 252/3415/1927 257/3416/1927 262/3417/1928 256/3418/1927
f 245/3419/1929 251/3420/1929 255/3421/1929 250/3422/1929
f 317/3423/1930 316/3424/1931 307/3425/1930 312/3426/1930
f 193/3427/1932 202/3428/1933 197/3429/1933 238/3430/1934
f 208/3431/1935 214/3432/1936 218/3433/1937 213/3434/1935
f 214/3435/1938 219/3436/1939 224/3437/1939 218/3438/1939
f 211/3439/1940 217/3440/1940 221/3441/1941 216/3442/1942
f 212/3443/1943 213/3444/1943 222/3445/1943 217/3446/1943
f 284/3447/1944 279/3448/1945 280/3449/1946 286/3450/1946
f 259/3451/1947 260/3452/1947 269/3453/1947 264/3454/1947
f 256/3455/1948 262/3456/1948 266/3457/1948 261/3458/1948
f 234/3459/1949 229/3460/1949 235/3461/1950 239/3462/1949
f 237/3463/1951 232/3464/1951 233/3465/1951 239/3466/1951
f 269/3467/1952 270/3468/1953 279/3469/1952 274/3470/1952
f 267/3471/1954 273/3472/1954 277/3473/1955 272/3474/1954
f 249/3475/1956 250/3476/1956 259/3477/1957 254/3478/1957
f 290/3479/1958 294/3480/1959 289/3481/1958 332/3482/1960
f 329/3483/1961 330/3484/1961 333/3485/1962 328/3486/1961
f 210/3487/1963 216/3488/1963 220/3489/1964 215/3490/1965
f 207/3491/1966 212/3492/1967 217/3493/1968 211/3494/1968
f 260/3495/1969 259/3496/1970 250/3497/1971 255/3498/1972
f 309/3499/1973 314/3500/1974 319/3501/1975 313/3502/1976
f 264/3503/1977 269/3504/1978 274/3505/1979 268/3506/1978
f 242/3507/1980 246/3508/1980 241/3509/1980 285/3510/1981
f 215/3511/1982 220/3512/1983 225/3513/1984 219/3514/1983
f 312/3515/1985 318/3516/1985 322/3517/1986 317/3518/1986
f 197/3519/1987 201/3520/1987 196/3521/1987 238/3522/1988
f 198/3523/1989 204/3524/1990 208/3525/1989 203/3526/1989
f 240/3527/1991 249/3528/1992 244/3529/1991 285/3530/1993
f 318/3531/1994 323/3532/1994 328/3533/1995 322/3534/1994
f 272/3535/1996 277/3536/1996 282/3537/1997 276/3538/1996
f 263/3539/1998 268/3540/1998 273/3541/1998 267/3542/1998
f 262/3543/1999 267/3544/2000 272/3545/2001 266/3546/2002
f 204/3547/2003 209/3548/2004 214/3549/2004 208/3550/2004
f 298/3551/2005 303/3552/2006 308/3553/2006 302/3554/2006
f 304/3555/2007 310/3556/2008 314/3557/2007 309/3558/2007
f 310/3559/2009 315/3560/2009 320/3561/2009 314/3562/2009
f 301/3563/2010 306/3564/2011 311/3565/2012 305/3566/2010
f 288/3567/2013 292/3568/2013 287/3569/2014 332/3570/2014
f 196/3571/2015 200/3572/2016 195/3573/2015 238/3574/2017
f 306/3575/2018 307/3576/2019 316/3577/2020 311/3578/2019
f 308/3579/2021 313/3580/2022 318/3581/2021 312/3582/2022
f 303/3583/2023 309/3584/2023 313/3585/2024 308/3586/2025
f 289/3587/2026 293/3588/2026 288/3589/2027 332/3590/2028
f 281/3591/2029 282/3592/2029 286/3593/2029 280/3594/2029
f 300/3595/2030 305/3596/2031 310/3597/2032 304/3598/2031
f 219/3599/2033 225/3600/2034 229/3601/2035 224/3602/2033
f 311/3603/2036 316/3604/2037 321/3605/2037 315/3606/2038
f 236/3607/2039 237/3608/2039 239/3609/2039 235/3610/2039
f 195/3611/2040 194/3612/2041 193/3613/2042 238/3614/2043
f 305/3615/2044 311/3616/2045 315/3617/2046 310/3618/2047
f 331/3619/2048 326/3620/2048 327/3621/2049 333/3622/2049
f 307/3623/2050 306/3624/2050 297/3625/2051 302/3626/2050
f 296/3627/2052 297/3628/2052 306/3629/2053 301/3630/2052
f 250/3631/2054 249/3632/2055 240/3633/2054 245/3634/2054
f 225/3635/2056 230/3636/2056 235/3637/2057 229/3638/2058
f 1025/3639/2059 1026/3640/2059 1027/3641/2059 1028/3642/2059
f 302/3643/2060 308/3644/2061 312/3645/2062 307/3646/2061
f 967/3647/2063 1035/3648/2063 1034/3649/2063 963/3650/2063
f 1001/3651/2064 1002/3652/2064 1003/3653/2064 1000/3654/2064
f 1034/3655/2065 1033/3656/2065 958/3657/2065 963/3658/2065
f 1024/3659/2066 1023/3660/2066 959/3661/2066 964/3662/2066
f 958/3663/2067 1051/3664/2067 1053/3665/2067 949/3666/2067
f 988/3667/2068 987/3668/2068 959/3669/2068 954/3670/2068
f 296/3671/2069 301/3672/2069 295/3673/2070 291/3674/2069
f 321/3675/2071 326/3676/2071 331/3677/2072 325/3678/2073
f 954/3679/2074 995/3680/2074 994/3681/2074 950/3682/2074
f 958/3683/2075 976/3684/2075 978/3685/2075 953/3686/2075
f 195/3687/2076 200/3688/2076 205/3689/2076 199/3690/2076
f 233/3691/2077 232/3692/2078 223/3693/2077 228/3694/2077
f 963/3695/2079 1010/3696/2079 1009/3697/2079 962/3698/2079
f 964/3699/2080 1048/3700/2080 1047/3701/2080 965/3702/2080
f 196/3703/2081 201/3704/2081 206/3705/2081 200/3706/2081
f 1042/3707/2082 1041/3708/2082 959/3709/2082 946/3710/2082
f 248/3711/2083 253/3712/2083 247/3713/2084 243/3714/2083
f 231/3715/2085 236/3716/2086 230/3717/2085 226/3718/2087
f 289/3719/2088 294/3720/2088 299/3721/2088 293/3722/2088
f 320/3723/2089 325/3724/2090 330/3725/2091 324/3726/2089
f 959/3727/2092 987/3728/2092 986/3729/2092 950/3730/2092
f 1047/3731/2093 1048/3732/2093 1049/3733/2093 1050/3734/2093
f 324/3735/2094 329/3736/2095 323/3737/2094 319/3738/2094
f 290/3739/2096 295/3740/2096 300/3741/2096 294/3742/2097
f 249/3743/2098 254/3744/2099 248/3745/2100 244/3746/2101
f 288/3747/2102 293/3748/2102 298/3749/2102 292/3750/2103
f 973/3751/2104 974/3752/2104 975/3753/2104 972/3754/2104
f 969/3755/2105 970/3756/2105 971/3757/2105 968/3758/2105
f 276/3759/2106 281/3760/2107 275/3761/2106 271/3762/2108
f 958/3763/2109 997/3764/2109 999/3765/2109 957/3766/2109
f 1029/3767/2110 1030/3768/2110 1031/3769/2110 1032/3770/2110
f 296/3771/2111 287/3772/2111 292/3773/2112 297/3774/2111
f 958/3775/2113 1015/3776/2113 1017/3777/2113 963/3778/2113
f 224/3779/2114 229/3780/2114 234/3781/2114 228/3782/2114
f 202/3783/2115 193/3784/2115 198/3785/2116 203/3786/2115
f 273/3787/2117 278/3788/2117 283/3789/2117 277/3790/2117
f 998/3791/2118 997/3792/2118 958/3793/2118 953/3794/2118
f 990/3795/2119 991/3796/2119 992/3797/2119 989/3798/2119
f 241/3799/2120 246/3800/2120 251/3801/2120 245/3802/2120
f 959/3803/2121 1041/3804/2121 1040/3805/2121 964/3806/2121
f 1016/3807/2122 1015/3808/2122 958/3809/2122 957/3810/2122
f 959/3811/2123 1023/3812/2123 1022/3813/2123 960/3814/2123
f 197/3815/2124 202/3816/2125 207/3817/2126 201/3818/2124
f 1008/3819/2127 1009/3820/2127 1010/3821/2127 1007/3822/2127
f 958/3823/2128 1033/3824/2128 1035/3825/2128 967/3826/2128
f 946/3827/2129 973/3828/2129 972/3829/2129 947/3830/2129
f 199/3831/2130 204/3832/2131 198/3833/2132 194/3834/2133
f 959/3835/2134 1005/3836/2134 1004/3837/2134 954/3838/2134
f 1008/3839/2135 1007/3840/2135 957/3841/2135 956/3842/2135
f 964/3843/2136 1040/3844/2136 1042/3845/2136 946/3846/2136
f 279/3847/2137 270/3848/2138 275/3849/2137 280/3850/2137
f 1043/3851/2139 1044/3852/2139 1045/3853/2139 1046/3854/2139
f 1006/3855/2140 1005/3856/2140 959/3857/2140 960/3858/2140
f 274/3859/2141 279/3860/2142 284/3861/2142 278/3862/2141
f 242/3863/2143 247/3864/2144 252/3865/2145 246/3866/2144
f 985/3867/2146 984/3868/2146 959/3869/2146 950/3870/2146
f 232/3871/2147 237/3872/2147 231/3873/2147 227/3874/2147
f 1014/3875/2148 1013/3876/2148 960/3877/2148 961/3878/2148
f 980/3879/2149 981/3880/2149 982/3881/2149 979/3882/2149
f 221/3883/2150 227/3884/2151 231/3885/2150 226/3886/2150
f 970/3887/2152 969/3888/2152 948/3889/2152 952/3890/2152
f 957/3891/2153 1007/3892/2153 1010/3893/2153 963/3894/2153
f 950/3895/2154 974/3896/2154 973/3897/2154 946/3898/2154
f 976/3899/2155 977/3900/2155 978/3901/2155
f 965/3902/2156 1047/3903/2156 1050/3904/2156 947/3905/2156
f 978/3906/2157 977/3907/2157 949/3908/2157 953/3909/2157
f 999/3910/2158 998/3911/2158 953/3912/2158 957/3913/2158
f 948/3914/2159 979/3915/2159 982/3916/2159 952/3917/2159
f 980/3918/2160 979/3919/2160 948/3920/2160 947/3921/2160
f 972/3922/2161 975/3923/2161 951/3924/2161 947/3925/2161
f 983/3926/2162 984/3927/2162 985/3928/2162
f 949/3929/2163 968/3930/2163 971/3931/2163 953/3932/2163
f 986/3933/2164 987/3934/2164 988/3935/2164
f 994/3936/2165 995/3937/2165 996/3938/2165 993/3939/2165
f 996/3940/2166 995/3941/2166 954/3942/2166 955/3943/2166
f 953/3944/2167 989/3945/2167 992/3946/2167 957/3947/2167
f 949/3948/2168 1046/3949/2168 1045/3950/2168 948/3951/2168
f 948/3952/2169 1045/3953/2169 1044/3954/2169 966/3955/2169
f 993/3956/2170 996/3957/2170 955/3958/2170 951/3959/2170
f 997/3960/2171 998/3961/2171 999/3962/2171
f 955/3963/2172 1019/3964/2172 1018/3965/2172 956/3966/2172
f 1000/3967/2159 1003/3968/2159 956/3969/2159 952/3970/2159
f 961/3971/2173 1020/3972/2173 1019/3973/2173 955/3974/2173
f 951/3975/2174 1001/3976/2174 1000/3977/2174 952/3978/2174
f 955/3979/2173 1002/3980/2173 1001/3981/2173 951/3982/2173
f 1004/3983/2175 1005/3984/2175 1006/3985/2175
f 983/3986/2176 985/3987/2176 950/3988/2176 946/3989/2176
f 1038/3990/2173 1037/3991/2173 961/3992/2173 965/3993/2173
f 975/3994/2177 974/3995/2177 950/3996/2177 951/3997/2177
f 1009/3998/2178 1008/3999/2178 956/4000/2178 962/4001/2178
f 953/4002/2179 971/4003/2179 970/4004/2179 952/4005/2179
f 1017/4006/2180 1016/4007/2180 957/4008/2180 963/4009/2180
f 1044/4010/2181 1043/4011/2181 967/4012/2181 966/4013/2181
f 960/4014/2182 1013/4015/2182 1012/4016/2182 954/4017/2182
f 1015/4018/2183 1016/4019/2183 1017/4020/2183
f 1019/4021/2184 1020/4022/2184 1021/4023/2184 1018/4024/2184
f 959/4025/2185 984/4026/2185 983/4027/2185 946/4028/2185
f 1004/4029/2186 1006/4030/2186 960/4031/2186 954/4032/2186
f 1021/4033/2187 1020/4034/2187 961/4035/2187 962/4036/2187
f 1018/4037/2159 1021/4038/2159 962/4039/2159 956/4040/2159
f 986/4041/2188 988/4042/2188 954/4043/2188 950/4044/2188
f 981/4045/2173 980/4046/2173 947/4047/2173 951/4048/2173
f 1022/4049/2189 1023/4050/2189 1024/4051/2189
f 990/4052/2190 989/4053/2190 953/4054/2190 952/4055/2190
f 961/4056/2191 1037/4057/2191 1036/4058/2191 962/4059/2191
f 1050/4060/2192 1049/4061/2192 946/4062/2192 947/4063/2192
f 966/4064/2193 1027/4065/2193 1026/4066/2193 962/4067/2193
f 1012/4068/2194 1013/4069/2194 1014/4070/2194 1011/4071/2194
f 950/4072/2195 994/4073/2195 993/4074/2195 951/4075/2195
f 954/4076/2196 1012/4077/2196 1011/4078/2196 955/4079/2196
f 1031/4080/2197 1030/4081/2197 960/4082/2197 964/4083/2197
f 1033/4084/2198 1034/4085/2198 1035/4086/2198
f 327/4087/2199 326/4088/2200 317/4089/2199 322/4090/2199
f 1054/4091/2201 1055/4092/2201 1056/4093/2201 1057/4094/2201
f 960/4095/2202 1022/4096/2202 1024/4097/2202 964/4098/2202
f 1039/4099/2203 1038/4100/2203 965/4101/2203 966/4102/2203
f 962/4103/2159 1036/4104/2159 1039/4105/2159 966/4106/2159
f 1055/4107/2204 1054/4108/2204 966/4109/2204 965/4110/2204
f 947/4111/2173 1056/4112/2173 1055/4113/2173 965/4114/2173
f 1040/4115/2205 1041/4116/2205 1042/4117/2205
f 1052/4118/2206 1051/4119/2206 958/4120/2206 967/4121/2206
f 1032/4122/2207 1031/4123/2207 964/4124/2207 965/4125/2207
f 1043/4126/2208 1046/4127/2208 949/4128/2208 967/4129/2208
f 960/4130/2209 1030/4131/2209 1029/4132/2209 961/4133/2209
f 961/4134/2210 1029/4135/2210 1032/4136/2210 965/4137/2210
f 967/4138/2211 1028/4139/2211 1027/4140/2211 966/4141/2211
f 1025/4142/2212 1028/4143/2212 967/4144/2212 963/4145/2212
f 1026/4146/2213 1025/4147/2213 963/4148/2213 962/4149/2213
f 1049/4150/2214 1048/4151/2214 964/4152/2214 946/4153/2214
f 1051/4154/2215 1052/4155/2215 1053/4156/2215
f 1036/4157/2216 1037/4158/2216 1038/4159/2216 1039/4160/2216
f 977/4161/2217 976/4162/2217 958/4163/2217 949/4164/2217
f 949/4165/2218 1053/4166/2218 1052/4167/2218 967/4168/2218
f 948/4169/2219 1057/4170/2219 1056/4171/2219 947/4172/2219
f 1054/4173/2159 1057/4174/2159 948/4175/2159 966/4176/2159
f 991/4177/2220 990/4178/2220 952/4179/2220 956/4180/2220
f 1011/4181/2221 1014/4182/2221 961/4183/2221 955/4184/2221
f 243/4185/2222 247/4186/2223 242/4187/2224
f 195/4188/2225 199/4189/2226 194/4190/2227
f 1003/4191/2228 1002/4192/2228 955/4193/2228 956/4194/2228
