# Blender v3.0.0 OBJ File: 'aa.blend'
# www.blender.org
mtllib Plant_1.mtl
o Plant_1
v -0.057616 -0.000837 0.035826
v -0.156173 0.238122 0.025784
v -0.055606 -0.000837 0.087098
v -0.153076 0.238122 0.104821
v -0.062325 -0.000841 0.035960
v -0.160012 0.235466 0.025859
v -0.060312 -0.000841 0.087333
v -0.156909 0.235466 0.105047
v -0.065397 -0.000739 0.061806
v -0.196003 0.280844 0.066924
v -0.070097 -0.000737 0.061991
v -0.199874 0.278182 0.067076
v -0.067702 0.051074 0.031537
v -0.138956 0.213879 0.019704
v -0.083545 0.104460 0.021797
v -0.109711 0.164094 0.014240
v -0.065326 0.051074 0.092163
v -0.135436 0.213879 0.109535
v -0.080359 0.104460 0.103113
v -0.105854 0.164094 0.112694
v -0.069895 0.050221 0.092424
v -0.140416 0.212948 0.109518
v -0.084997 0.103596 0.103422
v -0.110638 0.163197 0.112891
v -0.072277 0.050221 0.031635
v -0.143919 0.212948 0.020111
v -0.088193 0.103597 0.021852
v -0.114496 0.163197 0.014419
v -0.151803 0.210926 0.065192
v -0.079901 0.048623 0.062375
v -0.122296 0.161171 0.064036
v -0.095888 0.101846 0.063001
v -0.146938 0.211801 0.065001
v -0.075328 0.049476 0.062196
v -0.117551 0.162044 0.063850
v -0.091255 0.102708 0.062820
v 0.090734 -0.000814 -0.083469
v 0.198402 0.151926 -0.163730
v 0.071472 -0.000814 -0.105858
v 0.166904 0.151926 -0.200340
v 0.093283 -0.000816 -0.085622
v 0.199379 0.148116 -0.164456
v 0.073981 -0.000816 -0.108057
v 0.167768 0.148116 -0.201197
v 0.086039 -0.000788 -0.098910
v 0.214013 0.163850 -0.209017
v 0.088563 -0.000786 -0.101082
v 0.214967 0.159993 -0.209837
v 0.105898 0.039783 -0.094668
v 0.190079 0.145391 -0.153237
v 0.130563 0.079677 -0.104805
v 0.162406 0.118372 -0.125090
v 0.084809 0.039783 -0.119180
v 0.155286 0.145391 -0.193676
v 0.098513 0.079677 -0.142056
v 0.123324 0.118372 -0.170514
v 0.086775 0.037893 -0.120947
v 0.158168 0.142847 -0.195779
v 0.100579 0.077646 -0.144035
v 0.125744 0.116097 -0.172581
v 0.107939 0.037893 -0.096349
v 0.192588 0.142847 -0.155772
v 0.132829 0.077646 -0.106552
v 0.164811 0.116097 -0.127174
v 0.179986 0.137771 -0.179740
v 0.101045 0.034356 -0.111821
v 0.149892 0.111242 -0.153848
v 0.121036 0.073467 -0.129021
v 0.177371 0.140103 -0.177491
v 0.099052 0.036228 -0.110106
v 0.147513 0.113427 -0.151801
v 0.118884 0.075479 -0.127169
v -0.045333 -0.000811 -0.062496
v -0.064389 0.181118 -0.135375
v -0.094726 -0.000811 -0.040490
v -0.136167 0.181118 -0.103395
v -0.047000 -0.000812 -0.066265
v -0.066126 0.180298 -0.138977
v -0.096413 -0.000812 -0.044249
v -0.137684 0.180298 -0.107096
v -0.073259 -0.000793 -0.058740
v -0.108835 0.221680 -0.138591
v -0.074934 -0.000793 -0.062502
v -0.110463 0.220828 -0.142245
v -0.046334 0.122859 -0.110605
v -0.056100 0.158489 -0.129399
v -0.129825 0.122859 -0.073407
v -0.137267 0.158489 -0.093235
v -0.131332 0.121522 -0.076729
v -0.138791 0.157119 -0.096651
v -0.047797 0.121521 -0.113947
v -0.057620 0.157119 -0.132816
v -0.105734 0.172242 -0.131630
v -0.098259 0.137177 -0.114854
v -0.104209 0.173604 -0.128207
v -0.096770 0.138512 -0.111512
v -0.046229 0.021632 -0.068879
v -0.045516 0.072145 -0.084886
v -0.044026 0.072534 -0.081025
v -0.044610 0.022002 -0.065138
v -0.074086 0.021358 -0.060597
v -0.080232 0.071730 -0.074391
v -0.097173 0.022002 -0.041719
v -0.109376 0.072534 -0.051909
v -0.098873 0.021632 -0.045424
v -0.111250 0.072145 -0.055599
v -0.081922 0.071332 -0.078186
v -0.075743 0.020994 -0.064317
v -0.076077 -0.000837 -0.015972
v -0.149801 0.178740 -0.062254
v -0.096757 -0.000837 0.034225
v -0.181687 0.178740 0.015144
v -0.079868 -0.000843 -0.017590
v -0.152875 0.176745 -0.063610
v -0.100588 -0.000843 0.032703
v -0.184825 0.176745 0.013941
v -0.093522 -0.000736 0.006199
v -0.199263 0.210887 -0.037364
v -0.097327 -0.000735 0.004632
v -0.202396 0.208888 -0.038655
v -0.082196 0.038176 -0.023866
v -0.133520 0.160543 -0.061755
v -0.090514 0.078308 -0.039159
v -0.107971 0.123139 -0.056176
v -0.106661 0.038177 0.035517
v -0.169780 0.160543 0.026258
v -0.123337 0.078308 0.040513
v -0.147715 0.123139 0.040295
v -0.110394 0.037536 0.034072
v -0.173717 0.159843 0.024392
v -0.127148 0.077661 0.039089
v -0.151591 0.122461 0.038708
v -0.085864 0.037536 -0.025470
v -0.137629 0.159843 -0.063204
v -0.094222 0.077661 -0.040832
v -0.111840 0.122461 -0.057780
v -0.163464 0.158309 -0.022615
v -0.105272 0.036355 0.001359
v -0.139572 0.120895 -0.012773
v -0.118212 0.076334 -0.003972
v -0.159524 0.158964 -0.020993
v -0.101571 0.036997 0.002883
v -0.135731 0.121551 -0.011190
v -0.114461 0.076982 -0.002427
v -0.019498 -0.000882 -0.068138
v -0.035689 0.157124 -0.324372
v -0.074801 -0.000902 -0.060236
v -0.135138 0.155901 -0.310094
v -0.019989 -0.000895 -0.072219
v -0.035662 0.148204 -0.324683
v -0.075484 -0.000918 -0.064289
v -0.135037 0.146982 -0.310416
v -0.048220 -0.000619 -0.071674
v -0.094499 0.129594 -0.382820
v -0.048809 -0.000616 -0.075745
v -0.094433 0.120679 -0.383125
v -0.023071 0.163076 -0.288015
v -0.137160 0.161673 -0.271636
v -0.137113 0.152778 -0.271932
v -0.022985 0.154182 -0.288317
v -0.079924 0.136458 -0.280710
v -0.079985 0.145422 -0.280373
v -0.090202 0.063643 -0.090487
v -0.128527 0.160529 -0.191420
v -0.102593 0.105162 -0.116621
v -0.090557 0.060866 -0.093489
v -0.129443 0.154246 -0.198149
v -0.103297 0.101858 -0.120196
v -0.015235 0.061782 -0.104321
v -0.009623 0.155719 -0.215351
v -0.011516 0.102987 -0.133372
v -0.053775 0.056660 -0.105375
v -0.058317 0.095940 -0.133684
v -0.070370 0.142129 -0.213680
v -0.053380 0.059378 -0.102388
v -0.057840 0.099388 -0.130062
v -0.069499 0.148832 -0.207041
v -0.014798 0.064561 -0.101331
v -0.008761 0.162002 -0.208615
v -0.011265 0.106285 -0.129732
v 0.125532 -0.000817 -0.099804
v 0.226540 0.172117 -0.237330
v 0.085803 -0.000817 -0.123994
v 0.161611 0.172117 -0.276864
v 0.127775 -0.000820 -0.103395
v 0.227463 0.167805 -0.238571
v 0.087964 -0.000820 -0.127635
v 0.162289 0.167805 -0.278254
v 0.109965 -0.000781 -0.118956
v 0.221389 0.185644 -0.301957
v 0.112162 -0.000778 -0.122566
v 0.222220 0.181277 -0.303322
v 0.139805 0.045136 -0.119039
v 0.221288 0.164728 -0.220994
v 0.167850 0.090333 -0.139571
v 0.199777 0.134151 -0.175667
v 0.096339 0.045136 -0.145504
v 0.149509 0.164728 -0.264699
v 0.101705 0.090333 -0.179845
v 0.119115 0.134151 -0.224780
v 0.098007 0.042995 -0.148414
v 0.152243 0.161846 -0.268317
v 0.103386 0.088037 -0.183070
v 0.121230 0.131572 -0.228216
v 0.141624 0.042995 -0.121856
v 0.223247 0.161846 -0.225084
v 0.169944 0.088037 -0.142545
v 0.201859 0.131572 -0.179123
v 0.191760 0.156105 -0.253295
v 0.123036 0.039039 -0.140423
v 0.165545 0.126035 -0.210240
v 0.140432 0.083266 -0.168995
v 0.189482 0.158742 -0.249554
v 0.121300 0.041158 -0.137574
v 0.163474 0.128508 -0.206839
v 0.138559 0.085544 -0.165918
v 0.007451 -0.000815 0.053473
v 0.042246 0.290169 -0.006604
v -0.039539 -0.000815 0.035685
v -0.025829 0.290169 -0.032373
v 0.008834 -0.000816 0.049902
v 0.043473 0.288847 -0.010113
v -0.038211 -0.000816 0.032093
v -0.024425 0.288847 -0.035816
v -0.013487 -0.000785 0.037824
v 0.015563 0.354848 -0.038918
v -0.012134 -0.000785 0.034250
v 0.016878 0.353502 -0.042391
v 0.025022 0.135638 0.037890
v 0.036356 0.188358 0.025093
v -0.042387 0.135638 0.012373
v -0.042405 0.188358 -0.004722
v -0.041220 0.134445 0.008835
v -0.041132 0.187135 -0.008299
v 0.026491 0.134445 0.034467
v 0.037771 0.187135 0.021570
v 0.001014 0.184653 -0.000483
v -0.004737 0.132070 0.014708
v -0.000324 0.185863 0.003051
v -0.006055 0.133268 0.018191
v 0.038445 0.196980 0.020803
v -0.041130 0.196980 -0.009320
v -0.039940 0.194845 -0.012491
v 0.039653 0.194845 0.017638
v 0.006490 0.219743 -0.014949
v 0.005286 0.221884 -0.011768
v 0.014532 0.075861 0.044855
v 0.013092 0.076468 0.048369
v -0.011035 0.075411 0.031346
v -0.040386 0.076468 0.028125
v -0.039138 0.075861 0.024538
v -0.009689 0.074808 0.027791
v -0.050425 -0.000809 0.090933
v -0.009099 -0.000809 0.109798
v -0.051871 -0.000810 0.094078
v -0.085918 0.197348 0.145025
v -0.010529 -0.000810 0.112951
v -0.026719 0.197348 0.172051
v -0.032530 -0.000797 0.106429
v -0.033967 -0.000797 0.109576
v -0.065149 0.240341 0.177881
v -0.078192 0.128256 0.114781
v -0.008929 0.128256 0.146400
v -0.010309 0.127423 0.149543
v -0.079662 0.127423 0.117883
v -0.047937 0.125623 0.140178
v -0.046518 0.126448 0.137069
v -0.080491 0.133922 0.118804
v -0.010462 0.133922 0.150773
v -0.011668 0.132534 0.153478
v -0.081745 0.132534 0.121487
v -0.053699 0.149752 0.152800
v -0.052358 0.151314 0.149862
v -0.053906 0.023696 0.095009
v -0.057390 0.051456 0.098382
v -0.052466 0.024095 0.091903
v -0.055890 0.051869 0.095292
v -0.033281 0.023319 0.108074
v -0.035037 0.051245 0.111921
v -0.008495 0.024095 0.111976
v -0.008813 0.051869 0.116784
v -0.009899 0.023696 0.115099
v -0.010165 0.051456 0.119941
v -0.034702 0.022921 0.111188
v -0.036465 0.050834 0.115049
v 0.033073 -0.000825 0.062255
v 0.100869 0.200422 0.040625
v 0.015660 -0.000825 0.027022
v 0.074023 0.200422 -0.013697
v 0.036119 -0.000828 0.060792
v 0.103363 0.198184 0.039457
v 0.018673 -0.000828 0.025490
v 0.076465 0.198184 -0.014969
v 0.030014 -0.000764 0.041848
v 0.114052 0.236361 0.000315
v 0.033038 -0.000763 0.040353
v 0.116544 0.234119 -0.000917
v 0.041035 0.042891 0.062323
v 0.091475 0.179985 0.049884
v 0.054483 0.087841 0.064527
v 0.074010 0.138050 0.062205
v 0.020442 0.042891 0.020655
v 0.060961 0.179985 -0.011859
v 0.026860 0.087841 0.008634
v 0.040566 0.138050 -0.005468
v 0.023357 0.042172 0.019145
v 0.064233 0.179201 -0.013294
v 0.029805 0.087114 0.007070
v 0.043641 0.137295 -0.006996
v 0.044005 0.042172 0.060925
v 0.094603 0.179201 0.048157
v 0.057514 0.087114 0.063138
v 0.077092 0.137295 0.060689
v 0.085628 0.177513 0.014362
v 0.039348 0.040808 0.037235
v 0.066645 0.135629 0.023744
v 0.049640 0.085647 0.032148
v 0.082498 0.178251 0.015909
v 0.036405 0.041527 0.038689
v 0.063591 0.136365 0.025253
v 0.046658 0.086373 0.033622
v 0.003242 -0.000833 -0.005627
v 0.031826 0.212043 -0.087860
v -0.050313 -0.000833 -0.014529
v -0.050757 0.212043 -0.101587
v 0.003970 -0.000838 -0.009684
v 0.032457 0.209677 -0.091159
v -0.049690 -0.000838 -0.018603
v -0.050287 0.209677 -0.104913
v -0.022277 -0.000746 -0.017652
v -0.003527 0.250099 -0.130451
v -0.021602 -0.000745 -0.021711
v -0.002971 0.247729 -0.133795
v 0.009595 0.045374 -0.013426
v 0.034980 0.190446 -0.071864
v 0.035226 0.146138 -0.045591
v -0.053801 0.045374 -0.023964
v -0.058917 0.190446 -0.087471
v -0.067649 0.146138 -0.062691
v -0.053214 0.044617 -0.027925
v -0.057981 0.189617 -0.091728
v -0.066965 0.145338 -0.066822
v 0.010321 0.044617 -0.017364
v 0.035472 0.189617 -0.076194
v 0.035915 0.145338 -0.049722
v -0.009871 0.187816 -0.092286
v -0.020216 0.043298 -0.030048
v -0.014065 0.143405 -0.067052
v -0.010569 0.188595 -0.088085
v -0.020873 0.044058 -0.026098
v -0.014747 0.144184 -0.062953
v -0.114368 -0.000843 0.007573
v -0.285564 0.169487 0.021779
v -0.102948 -0.000843 0.062697
v -0.265698 0.169488 0.117674
v -0.118947 -0.000848 0.008478
v -0.287252 0.165427 0.022051
v -0.107509 -0.000848 0.063686
v -0.267355 0.165427 0.118094
v -0.117391 -0.000726 0.036944
v -0.332339 0.182306 0.081474
v -0.121954 -0.000722 0.037890
v -0.334042 0.178204 0.081827
v -0.133864 0.043754 0.007702
v -0.246307 0.153387 0.006503
v -0.162975 0.087927 0.002325
v -0.204963 0.128091 -0.002005
v -0.120891 0.043754 0.070324
v -0.223603 0.153388 0.116096
v -0.145469 0.087927 0.086824
v -0.182281 0.128091 0.107479
v -0.125298 0.043147 0.071406
v -0.226195 0.150158 0.116617
v -0.149509 0.086613 0.088067
v -0.185716 0.125777 0.108222
v -0.138339 0.043147 0.008460
v -0.248893 0.150158 0.007054
v -0.167175 0.086613 0.002789
v -0.208410 0.125777 -0.001323
v -0.276971 0.157113 0.070004
v -0.140745 0.041894 0.041782
v -0.221094 0.127588 0.058428
v -0.171295 0.085430 0.048111
v -0.274386 0.160316 0.069468
v -0.136303 0.042485 0.040862
v -0.217674 0.129868 0.057719
v -0.167164 0.086785 0.047256
v 0.062740 -0.000854 0.086337
v 0.174579 0.145985 0.238657
v 0.011224 -0.000861 0.121170
v 0.081520 0.142486 0.293101
v 0.065296 -0.000861 0.090790
v 0.175575 0.142486 0.240257
v 0.043075 -0.000699 0.114551
v 0.159801 0.153523 0.322307
v 0.015383 0.037621 0.137086
v 0.076727 0.037621 0.102620
v 0.102225 0.075697 0.122906
v 0.079327 0.037092 0.106882
v 0.160323 0.129321 0.197597
v 0.104877 0.074574 0.126727
v 0.138059 0.108311 0.157967
v 0.017670 0.037092 0.141524
v 0.053018 0.129321 0.257885
v 0.021330 0.074574 0.173667
v 0.030751 0.108311 0.218257
v 0.128392 0.135350 0.266403
v 0.053401 0.035981 0.132929
v 0.097617 0.109880 0.211628
v 0.070197 0.073500 0.162823
v 0.169362 -0.000843 0.034693
v 0.309760 0.141394 -0.041568
v 0.138979 -0.000843 -0.007950
v 0.256910 0.141394 -0.115745
v 0.172920 -0.000848 0.032207
v 0.311097 0.138004 -0.042433
v 0.142491 -0.000848 -0.010501
v 0.258164 0.138004 -0.116726
v 0.160934 -0.000726 0.008553
v 0.327228 0.152110 -0.109930
v 0.164464 -0.000723 0.006038
v 0.328544 0.148684 -0.110867
v 0.185915 0.036410 0.027274
v 0.282074 0.127950 -0.013851
v 0.212718 0.073296 0.020938
v 0.250081 0.106832 0.008887
v 0.151398 0.036410 -0.021173
v 0.221671 0.127950 -0.098629
v 0.166140 0.073296 -0.044436
v 0.189731 0.106832 -0.075816
v 0.154744 0.035901 -0.023745
v 0.223682 0.125253 -0.100044
v 0.169112 0.072203 -0.047010
v 0.192376 0.104897 -0.077734
v 0.189440 0.035901 0.024951
v 0.284068 0.125253 -0.015289
v 0.216121 0.072203 0.018969
v 0.252758 0.104897 0.007014
v 0.284392 0.131076 -0.079409
v 0.178992 0.034842 -0.004313
v 0.241148 0.106411 -0.048599
v 0.202614 0.071191 -0.021144
v 0.282392 0.133750 -0.077984
v 0.175556 0.035336 -0.001865
v 0.238500 0.108313 -0.046712
v 0.199420 0.072324 -0.018868
v -0.067111 -0.000820 -0.121831
v -0.174938 0.172107 -0.290005
v -0.121796 -0.000820 -0.077419
v -0.264276 0.172107 -0.217448
v -0.070172 -0.000826 -0.125714
v -0.175895 0.167796 -0.291545
v -0.124968 -0.000826 -0.081211
v -0.265587 0.167796 -0.218701
v -0.100538 -0.000773 -0.107117
v -0.258298 0.185657 -0.301366
v -0.103650 -0.000769 -0.110949
v -0.259476 0.181292 -0.302817
v -0.082108 0.045116 -0.145521
v -0.157920 0.164725 -0.278738
v -0.090125 0.090346 -0.187363
v -0.115063 0.134171 -0.238499
v -0.141906 0.045116 -0.096956
v -0.256740 0.164725 -0.198481
v -0.181214 0.090346 -0.113385
v -0.226147 0.134171 -0.148281
v -0.144476 0.042972 -0.099909
v -0.259527 0.161844 -0.203007
v -0.184177 0.088060 -0.116446
v -0.229090 0.131584 -0.151952
v -0.084471 0.042972 -0.148642
v -0.161778 0.161844 -0.282394
v -0.092513 0.088060 -0.190891
v -0.118052 0.131584 -0.242132
v -0.216344 0.156112 -0.249708
v -0.119060 0.039082 -0.129923
v -0.179201 0.126004 -0.203974
v -0.143661 0.083230 -0.160213
v -0.213116 0.158745 -0.245734
v -0.116603 0.041202 -0.126898
v -0.176268 0.128477 -0.200363
v -0.141009 0.085509 -0.156949
v 0.057600 -0.000817 0.005664
v 0.204072 0.188584 -0.106553
v 0.012869 -0.000817 -0.040936
v 0.130986 0.188584 -0.182693
v 0.060940 -0.000822 0.002550
v 0.205411 0.183861 -0.107552
v 0.016118 -0.000822 -0.044145
v 0.132039 0.183861 -0.183990
v 0.041662 -0.000778 -0.023805
v 0.208392 0.203403 -0.183847
v 0.044951 -0.000775 -0.026962
v 0.209642 0.198621 -0.185047
v 0.078258 0.049512 -0.009974
v 0.194955 0.180493 -0.090053
v 0.116040 0.099010 -0.020634
v 0.161133 0.147006 -0.047555
v 0.029340 0.049512 -0.060936
v 0.114127 0.180493 -0.174259
v 0.041537 0.099010 -0.098251
v 0.070280 0.147006 -0.142205
v 0.031863 0.047165 -0.063528
v 0.118078 0.177337 -0.177176
v 0.044131 0.096501 -0.101209
v 0.073435 0.144178 -0.145195
v 0.080951 0.047166 -0.012388
v 0.198031 0.177337 -0.093881
v 0.119102 0.096501 -0.023104
v 0.164250 0.144178 -0.050584
v 0.164061 0.171047 -0.141294
v 0.061216 0.042834 -0.042575
v 0.124839 0.138114 -0.103645
v 0.087260 0.091272 -0.067574
v 0.160653 0.173935 -0.138023
v 0.058620 0.045156 -0.040083
v 0.121740 0.140822 -0.100671
v 0.084457 0.093767 -0.064883
v -0.101374 -0.000817 0.097837
v -0.170188 0.151910 0.249490
v -0.045519 -0.000817 0.115975
v -0.078934 0.151910 0.279124
v -0.102703 -0.000822 0.101738
v -0.170830 0.148102 0.250857
v -0.046735 -0.000822 0.119913
v -0.079217 0.148102 0.280608
v -0.075931 -0.000779 0.114557
v -0.140359 0.163872 0.312954
v -0.077202 -0.000776 0.118470
v -0.140840 0.160016 0.314437
v -0.111156 0.039758 0.119069
v -0.170012 0.145389 0.232474
v -0.136795 0.079693 0.143630
v -0.161273 0.118398 0.184248
v -0.050077 0.039758 0.138904
v -0.069079 0.145389 0.265251
v -0.043760 0.079693 0.173842
v -0.047816 0.118398 0.221092
v -0.050979 0.037865 0.142040
v -0.070983 0.142844 0.269253
v -0.044559 0.077673 0.177302
v -0.049051 0.116115 0.224815
v -0.112269 0.037865 0.122137
v -0.170822 0.142844 0.236831
v -0.138181 0.077673 0.146899
v -0.162461 0.116115 0.187986
v -0.123226 0.137779 0.260196
v -0.083492 0.034410 0.137841
v -0.108061 0.111199 0.213498
v -0.093545 0.073424 0.168797
v -0.121908 0.140106 0.256138
v -0.082489 0.036282 0.134751
v -0.106863 0.113383 0.209810
v -0.092462 0.075437 0.165462
v 0.068592 -0.000887 -0.063830
v 0.100441 0.102123 -0.330914
v 0.007593 -0.000887 -0.065537
v -0.009267 0.102123 -0.333984
v 0.068823 -0.000910 -0.067936
v 0.100386 0.095352 -0.330467
v 0.007592 -0.000910 -0.069650
v -0.009238 0.095352 -0.333535
v 0.038310 -0.000619 -0.072455
v 0.047364 0.077537 -0.395941
v 0.038426 -0.000619 -0.076576
v 0.047351 0.070770 -0.395480
v 0.107514 0.109000 -0.293603
v -0.018416 0.109000 -0.297128
v -0.018453 0.102250 -0.296668
v 0.107525 0.102250 -0.293142
v 0.044511 0.089328 -0.294019
v 0.044524 0.096133 -0.294460
v -0.002497 0.046550 -0.103410
v -0.023858 0.113337 -0.216945
v -0.010422 0.076295 -0.134619
v -0.002368 0.044257 -0.106179
v -0.023706 0.108141 -0.223155
v -0.010584 0.073571 -0.137972
v 0.080811 0.044257 -0.103851
v 0.108658 0.108141 -0.219451
v 0.090792 0.073571 -0.135135
v 0.039390 0.040307 -0.111040
v 0.040280 0.068164 -0.142835
v 0.042644 0.097967 -0.227289
v 0.039313 0.042558 -0.108276
v 0.040187 0.071011 -0.139504
v 0.042473 0.103468 -0.221180
v 0.080785 0.046550 -0.101079
v 0.108462 0.113336 -0.213241
v 0.090443 0.076295 -0.131796
v -0.101763 -0.000883 -0.083168
v -0.357602 0.126922 -0.166095
v -0.115240 -0.000883 -0.023645
v -0.381848 0.126922 -0.059005
v -0.105747 -0.000902 -0.084190
v -0.357173 0.118521 -0.165955
v -0.119276 -0.000902 -0.024438
v -0.381401 0.118521 -0.058946
v -0.116031 -0.000631 -0.055111
v -0.431717 0.096388 -0.126585
v -0.120052 -0.000630 -0.056021
v -0.431267 0.087992 -0.126483
v -0.319650 0.135443 -0.165805
v -0.347472 0.135443 -0.042918
v -0.347025 0.127068 -0.042793
v -0.319192 0.127068 -0.165726
v -0.332250 0.111037 -0.104065
v -0.332674 0.119482 -0.104161
v -0.154326 0.057948 -0.021071
v -0.269859 0.140820 -0.022111
v -0.227474 0.123838 -0.017784
v -0.186509 0.094763 -0.019358
v -0.157018 0.055100 -0.021733
v -0.275927 0.134386 -0.023439
v -0.232019 0.119188 -0.018342
v -0.189836 0.091346 -0.019784
v -0.138644 0.055100 -0.102888
v -0.246691 0.134386 -0.152567
v -0.204870 0.119188 -0.138255
v -0.167422 0.091346 -0.118784
v -0.153722 0.050226 -0.063645
v -0.184685 0.085037 -0.070655
v -0.224573 0.110154 -0.079686
v -0.267114 0.121744 -0.089318
v -0.151026 0.053018 -0.063034
v -0.181436 0.088519 -0.069919
v -0.220185 0.115104 -0.078693
v -0.261152 0.128588 -0.087968
v -0.135929 0.057948 -0.102327
v -0.240643 0.140819 -0.151152
v -0.200528 0.123838 -0.136801
v -0.164236 0.094763 -0.117734
v 0.066779 -0.000888 0.072917
v 0.322310 0.107542 0.156296
v 0.079634 -0.000888 0.018592
v 0.345434 0.107542 0.058582
v 0.070756 -0.000906 0.073969
v 0.321882 0.100415 0.156156
v 0.083661 -0.000906 0.019435
v 0.344988 0.100415 0.058516
v 0.080762 -0.000622 0.047543
v 0.395689 0.081652 0.122068
v 0.084774 -0.000622 0.048492
v 0.395241 0.074530 0.121962
v 0.284554 0.114737 0.154968
v 0.311086 0.114737 0.042848
v 0.310647 0.107611 0.042686
v 0.284089 0.107611 0.154915
v 0.296377 0.094192 0.098566
v 0.296802 0.101311 0.098667
v 0.118537 0.049041 0.017335
v 0.191322 0.105240 0.016394
v 0.121218 0.046632 0.018009
v 0.195854 0.101278 0.017075
v 0.103691 0.046632 0.092075
v 0.169993 0.101278 0.126361
v 0.118354 0.042459 0.056439
v 0.189020 0.092740 0.073161
v 0.115653 0.044842 0.055800
v 0.184663 0.096905 0.072130
v 0.100992 0.049042 0.091477
v 0.165635 0.105240 0.124939
v 0.008750 -0.000854 0.116670
v 0.080672 0.145985 0.291418
v 0.040564 -0.000703 0.110081
v 0.158867 0.157060 0.320643
v 0.051578 0.132106 0.255359
v 0.019445 0.075697 0.169415
v 0.028887 0.110311 0.214873
v 0.158914 0.132106 0.195053
v 0.136139 0.110311 0.154614
v 0.126969 0.138111 0.263869
v 0.050956 0.036490 0.128578
v 0.095732 0.111841 0.208273
v 0.067925 0.074671 0.158780
v 0.090300 -0.000816 -0.036702
v 0.114056 0.216207 -0.106734
v 0.036917 -0.000816 -0.045620
v 0.037214 0.216207 -0.119571
v 0.064906 -0.000795 -0.048928
v 0.079499 0.263864 -0.136285
v 0.105450 0.100923 -0.056637
v 0.029069 0.100923 -0.069396
v 0.068642 0.098956 -0.071295
v 0.118618 0.167071 -0.089610
v 0.027334 0.167071 -0.104859
v 0.076165 0.185746 -0.116326
v 0.092311 0.026380 -0.038392
v 0.095201 0.056703 -0.043354
v 0.065261 0.025539 -0.051051
v 0.066110 0.055992 -0.056135
v 0.035564 0.026380 -0.047872
v 0.034444 0.056703 -0.053504
vt 0.610996 0.297576
vt 0.581499 0.286749
vt 0.610996 0.278710
vt 0.927714 0.093580
vt 0.909512 0.067967
vt 0.927714 0.063007
vt 0.871407 0.439407
vt 0.901083 0.427122
vt 0.901083 0.447377
vt 0.882167 0.921786
vt 0.852490 0.909501
vt 0.882167 0.901531
vt 0.616982 0.374217
vt 0.624799 0.358151
vt 0.624799 0.376538
vt 0.615794 0.063962
vt 0.607978 0.047896
vt 0.615794 0.045574
vt 0.959087 0.704257
vt 0.959087 0.722794
vt 0.949486 0.720201
vt 0.184120 0.714813
vt 0.184120 0.733350
vt 0.174519 0.717406
vt 0.137861 0.897174
vt 0.128415 0.866074
vt 0.154758 0.868053
vt 0.154758 0.895470
vt 0.817796 0.898126
vt 0.827242 0.867026
vt 0.844139 0.868730
vt 0.844139 0.896147
vt 0.988299 0.761053
vt 0.988434 0.729801
vt 0.990817 0.731174
vt 0.990817 0.761053
vt 0.881834 0.141264
vt 0.871939 0.110295
vt 0.898296 0.111900
vt 0.898296 0.139364
vt 0.922482 0.930760
vt 0.936873 0.903506
vt 0.936873 0.935632
vt 0.933608 0.035630
vt 0.919217 0.008376
vt 0.933608 0.003504
vt 0.553320 0.214255
vt 0.583943 0.208183
vt 0.583943 0.224483
vt 0.332797 0.395147
vt 0.348257 0.368025
vt 0.348257 0.400311
vt 0.841699 0.776327
vt 0.841699 0.818721
vt 0.817796 0.808518
vt 0.845676 0.043625
vt 0.820395 0.009622
vt 0.845676 0.003504
vt 0.448231 0.838712
vt 0.409236 0.822140
vt 0.448231 0.812702
vt 0.347029 0.791430
vt 0.347029 0.833823
vt 0.323126 0.801632
vt 0.397970 0.951190
vt 0.402229 0.901810
vt 0.402229 0.955660
vt 0.947112 0.894809
vt 0.941181 0.845602
vt 0.947112 0.845291
vt 0.774911 0.946473
vt 0.784585 0.921340
vt 0.784585 0.949814
vt 0.948372 0.529086
vt 0.938698 0.503952
vt 0.948372 0.500612
vt 0.103422 0.075034
vt 0.130747 0.071684
vt 0.130747 0.084153
vt 0.324706 0.315923
vt 0.297380 0.312573
vt 0.324706 0.303455
vt 0.383310 0.834701
vt 0.383310 0.867691
vt 0.365492 0.866379
vt 0.355117 0.851833
vt 0.549569 0.116047
vt 0.577662 0.072366
vt 0.577662 0.137243
vt 0.460828 0.554076
vt 0.488915 0.509829
vt 0.488915 0.575292
vt 0.973547 0.205399
vt 0.975720 0.205190
vt 0.975720 0.251295
vt 0.355117 0.546461
vt 0.397548 0.541401
vt 0.397548 0.584132
vt 0.367681 0.575040
vt 0.053476 0.102113
vt 0.112104 0.091160
vt 0.112104 0.150802
vt 0.067699 0.144629
vt 0.627048 0.962273
vt 0.624875 0.962064
vt 0.627048 0.916168
vt 0.004986 0.540433
vt 0.030242 0.511100
vt 0.030242 0.557204
vt 0.645915 0.065319
vt 0.623185 0.055610
vt 0.645915 0.050206
vt 0.731779 0.214983
vt 0.754509 0.205274
vt 0.754509 0.220387
vt 0.266748 0.664700
vt 0.266748 0.690025
vt 0.252092 0.683046
vt 0.111611 0.404824
vt 0.088746 0.393936
vt 0.111611 0.388591
vt 0.199866 0.083024
vt 0.169030 0.075238
vt 0.199866 0.066200
vt 0.934468 0.241821
vt 0.918324 0.214420
vt 0.934468 0.209688
vt 0.926622 0.667742
vt 0.909270 0.640458
vt 0.926622 0.635448
vt 0.926426 0.776477
vt 0.926426 0.808811
vt 0.909097 0.781561
vt 0.598194 0.111910
vt 0.584669 0.072366
vt 0.627389 0.076058
vt 0.627389 0.109255
vt 0.993420 0.937249
vt 0.993670 0.909607
vt 0.995906 0.910575
vt 0.995906 0.937519
vt 0.990417 0.133488
vt 0.988144 0.134073
vt 0.988055 0.102661
vt 0.990417 0.102043
vt 0.761424 0.387709
vt 0.761424 0.429898
vt 0.731800 0.401887
vt 0.250025 0.596298
vt 0.279899 0.567071
vt 0.279899 0.607855
vt 0.945879 0.210758
vt 0.945879 0.269108
vt 0.941476 0.268062
vt 0.941479 0.209688
vt 0.557981 0.043520
vt 0.512808 0.046096
vt 0.526713 0.003504
vt 0.557981 0.007206
vt 0.680353 0.329085
vt 0.711347 0.296730
vt 0.711347 0.341587
vt 0.421636 0.684254
vt 0.409462 0.647858
vt 0.448435 0.650664
vt 0.448435 0.681454
vt 0.184120 0.579433
vt 0.184120 0.644499
vt 0.178131 0.642997
vt 0.180949 0.578583
vt 0.077295 0.647797
vt 0.077295 0.678625
vt 0.037707 0.682439
vt 0.049736 0.645647
vt 0.800207 0.567096
vt 0.827898 0.540046
vt 0.827898 0.577962
vt 0.837994 0.684239
vt 0.837994 0.722616
vt 0.811306 0.695664
vt 0.538002 0.302617
vt 0.541061 0.290764
vt 0.541061 0.305248
vt 0.918325 0.293314
vt 0.929324 0.255259
vt 0.929324 0.297882
vt 0.279241 0.897564
vt 0.268242 0.859510
vt 0.279241 0.854942
vt 0.184120 0.707806
vt 0.170683 0.670108
vt 0.184120 0.664700
vt 0.334772 0.317939
vt 0.331713 0.306086
vt 0.334772 0.303455
vt 0.170683 0.566169
vt 0.184120 0.528471
vt 0.184120 0.571576
vt 0.928014 0.575144
vt 0.938503 0.540046
vt 0.938503 0.579198
vt 0.278730 0.943724
vt 0.268242 0.908626
vt 0.278730 0.904571
vt 0.174592 0.905674
vt 0.161766 0.870862
vt 0.174592 0.866074
vt 0.164030 0.786465
vt 0.176856 0.751653
vt 0.176856 0.791254
vt 0.579895 0.940044
vt 0.589155 0.908264
vt 0.589155 0.943812
vt 0.347640 0.784353
vt 0.338381 0.752573
vt 0.347640 0.748805
vt 0.943012 0.415438
vt 0.931696 0.383943
vt 0.943012 0.379486
vt 0.673023 0.937395
vt 0.684339 0.905900
vt 0.684339 0.941852
vt 0.553022 0.794607
vt 0.594802 0.778638
vt 0.594802 0.804394
vt 0.030173 0.717592
vt 0.030173 0.762296
vt 0.006082 0.753131
vt 0.030173 0.665881
vt 0.030173 0.710585
vt 0.006082 0.675047
vt 0.803699 0.596613
vt 0.803699 0.641341
vt 0.779640 0.605809
vt 0.492354 0.951198
vt 0.495599 0.901805
vt 0.495599 0.955520
vt 0.347006 0.224582
vt 0.396347 0.220637
vt 0.396347 0.225152
vt 0.110341 0.599768
vt 0.110341 0.644600
vt 0.085971 0.635653
vt 0.754760 0.666623
vt 0.796848 0.651249
vt 0.796848 0.677232
vt 0.798390 0.294050
vt 0.756303 0.278676
vt 0.798390 0.268067
vt 0.004986 0.652585
vt 0.030173 0.615497
vt 0.030173 0.658874
vt 0.952886 0.192590
vt 0.956899 0.143261
vt 0.956899 0.197008
vt 0.952107 0.063007
vt 0.952107 0.112499
vt 0.946522 0.112109
vt 0.061135 0.809906
vt 0.061135 0.852172
vt 0.037707 0.841688
vt 0.847777 0.455082
vt 0.847777 0.497322
vt 0.824307 0.486877
vt 0.817796 0.763785
vt 0.842882 0.729801
vt 0.842882 0.769320
vt 0.220101 0.846700
vt 0.181522 0.829437
vt 0.220101 0.821033
vt 0.280504 0.669209
vt 0.280504 0.748524
vt 0.275814 0.747677
vt 0.277625 0.834794
vt 0.280504 0.755531
vt 0.280504 0.837633
vt 0.204128 0.607855
vt 0.191127 0.575090
vt 0.243018 0.580507
vt 0.243018 0.605078
vt 0.684772 0.384235
vt 0.684772 0.429388
vt 0.653234 0.397513
vt 0.810706 0.611429
vt 0.840273 0.596613
vt 0.840273 0.631473
vt 0.920895 0.596316
vt 0.934647 0.597055
vt 0.934647 0.625678
vt 0.918549 0.625878
vt 0.972356 0.645526
vt 0.972356 0.693112
vt 0.969598 0.692794
vt 0.969629 0.645318
vt 0.078555 0.895979
vt 0.079686 0.877884
vt 0.113272 0.877734
vt 0.113272 0.898898
vt 0.971597 0.484915
vt 0.971597 0.532634
vt 0.968491 0.532197
vt 0.968507 0.484516
vt 0.959647 0.645737
vt 0.962591 0.645318
vt 0.962591 0.696693
vt 0.959674 0.697069
vt 0.682183 0.898893
vt 0.648597 0.898743
vt 0.647466 0.880648
vt 0.682183 0.877729
vt 0.117161 0.942580
vt 0.120250 0.941992
vt 0.120250 0.977401
vt 0.117143 0.977419
vt 0.453821 0.503671
vt 0.453821 0.540007
vt 0.407939 0.543687
vt 0.421681 0.500677
vt 0.506244 0.970184
vt 0.503118 0.971670
vt 0.502747 0.929087
vt 0.506244 0.927370
vt 0.355117 0.892909
vt 0.356244 0.874844
vt 0.390407 0.874698
vt 0.390407 0.895810
vt 0.973516 0.144721
vt 0.975840 0.143261
vt 0.975840 0.190431
vt 0.973258 0.189826
vt 0.911206 0.427170
vt 0.911206 0.447425
vt 0.908146 0.445988
vt 0.908090 0.427122
vt 0.733738 0.904041
vt 0.764684 0.899035
vt 0.764684 0.920335
vt 0.733797 0.920140
vt 0.634396 0.102037
vt 0.634694 0.074156
vt 0.677978 0.072366
vt 0.677978 0.105914
vt 0.553022 0.833357
vt 0.553208 0.812246
vt 0.590283 0.811401
vt 0.590283 0.839283
vt 0.726731 0.686396
vt 0.726731 0.725011
vt 0.696231 0.722886
vt 0.693252 0.684239
vt 0.602510 0.670608
vt 0.602801 0.642646
vt 0.646107 0.640836
vt 0.646107 0.674384
vt 0.054892 0.335730
vt 0.053476 0.282001
vt 0.098264 0.287123
vt 0.098264 0.336440
vt 0.147454 0.905187
vt 0.147454 0.931063
vt 0.142570 0.930950
vt 0.128415 0.904181
vt 0.166636 0.635325
vt 0.169696 0.633888
vt 0.169696 0.654143
vt 0.166580 0.654191
vt 0.230133 0.188905
vt 0.291503 0.180269
vt 0.291503 0.225152
vt 0.231746 0.223158
vt 0.003911 0.930323
vt 0.006653 0.929998
vt 0.006653 0.974872
vt 0.003925 0.975153
vt 0.876093 0.532293
vt 0.841793 0.530524
vt 0.844895 0.506302
vt 0.876093 0.505917
vt 0.647466 0.816054
vt 0.684736 0.810104
vt 0.684736 0.838067
vt 0.647654 0.837217
vt 0.892345 0.933742
vt 0.892345 0.972504
vt 0.889174 0.971332
vt 0.889291 0.932626
vt 0.533696 0.928086
vt 0.533696 0.971846
vt 0.530527 0.971124
vt 0.530623 0.927370
vt 0.189815 0.368333
vt 0.189815 0.406075
vt 0.186676 0.405752
vt 0.186724 0.368022
vt 0.071186 0.728021
vt 0.037707 0.730167
vt 0.040531 0.691563
vt 0.071186 0.689447
vt 0.433779 0.129885
vt 0.433779 0.154456
vt 0.398555 0.151426
vt 0.398720 0.131518
vt 0.797516 0.526343
vt 0.797704 0.505180
vt 0.834786 0.504330
vt 0.834786 0.532293
vt 0.163930 0.914213
vt 0.174592 0.912681
vt 0.174592 0.942553
vt 0.163128 0.941433
vt 0.312862 0.143051
vt 0.312862 0.152996
vt 0.310285 0.151614
vt 0.310224 0.143460
vt 0.399998 0.073480
vt 0.443388 0.072366
vt 0.443388 0.117507
vt 0.398555 0.122878
vt 0.183986 0.983006
vt 0.183949 0.950016
vt 0.186655 0.950098
vt 0.186655 0.983043
vt 0.966900 0.896726
vt 0.964267 0.896769
vt 0.964265 0.845377
vt 0.966900 0.845291
vt 0.185688 0.915999
vt 0.196368 0.914473
vt 0.196368 0.943009
vt 0.184874 0.941887
vt 0.993440 0.949287
vt 0.995461 0.948352
vt 0.995461 0.978225
vt 0.993330 0.977823
vt 0.183700 0.267267
vt 0.186277 0.265884
vt 0.186277 0.275830
vt 0.183639 0.275421
vt 0.816861 0.268067
vt 0.816861 0.297939
vt 0.806199 0.296407
vt 0.805397 0.269187
vt 0.096415 0.084153
vt 0.053476 0.054938
vt 0.053741 0.003504
vt 0.096415 0.032218
vt 0.927521 0.311734
vt 0.933136 0.309751
vt 0.933136 0.368037
vt 0.927526 0.370040
vt 0.493210 0.742980
vt 0.493210 0.778277
vt 0.463132 0.773071
vt 0.462932 0.740946
vt 0.666515 0.296729
vt 0.632353 0.296583
vt 0.631226 0.278518
vt 0.666515 0.275617
vt 0.740008 0.005990
vt 0.740008 0.044991
vt 0.711303 0.042573
vt 0.707948 0.003504
vt 0.347640 0.709932
vt 0.347640 0.741798
vt 0.329314 0.740307
vt 0.327048 0.708345
vt 0.966095 0.704417
vt 0.968399 0.704257
vt 0.968399 0.720946
vt 0.966101 0.720840
vt 0.921056 0.155470
vt 0.932604 0.155327
vt 0.932604 0.186809
vt 0.915442 0.187008
vt 0.164832 0.981602
vt 0.162385 0.982514
vt 0.162095 0.950591
vt 0.164832 0.949560
vt 0.632923 0.329598
vt 0.633050 0.305432
vt 0.673346 0.305137
vt 0.673346 0.341587
vt 0.974253 0.989405
vt 0.974080 0.957380
vt 0.976420 0.957471
vt 0.976420 0.989505
vt 0.410872 0.438074
vt 0.409796 0.384235
vt 0.450958 0.389452
vt 0.450958 0.438943
vt 0.346957 0.135767
vt 0.382978 0.133314
vt 0.382978 0.153967
vt 0.347202 0.152929
vt 0.921143 0.729969
vt 0.932660 0.729801
vt 0.932660 0.761282
vt 0.915591 0.761510
vt 0.977715 0.541724
vt 0.979887 0.540046
vt 0.979887 0.581114
vt 0.977487 0.581058
vt 0.981292 0.730176
vt 0.981292 0.766281
vt 0.978712 0.765881
vt 0.978981 0.729801
vt 0.450395 0.148400
vt 0.450640 0.131239
vt 0.486416 0.130200
vt 0.486416 0.150853
vt 0.908434 0.187076
vt 0.887817 0.188623
vt 0.889879 0.156766
vt 0.908434 0.155327
vt 0.486982 0.286706
vt 0.522965 0.284041
vt 0.522965 0.304716
vt 0.487245 0.303774
vt 0.921730 0.857268
vt 0.916178 0.825728
vt 0.933247 0.825955
vt 0.933247 0.857436
vt 0.864932 0.110295
vt 0.864932 0.150445
vt 0.842381 0.125888
vt 0.879997 0.624077
vt 0.847280 0.619999
vt 0.879997 0.596613
vt 0.698421 0.348594
vt 0.741052 0.354755
vt 0.741052 0.375762
vt 0.693888 0.376513
vt 0.970524 0.636756
vt 0.967601 0.637337
vt 0.967373 0.595869
vt 0.970524 0.595171
vt 0.974080 0.910157
vt 0.976753 0.909607
vt 0.976753 0.949757
vt 0.974099 0.950373
vt 0.841848 0.412265
vt 0.864400 0.387709
vt 0.864400 0.427858
vt 0.550349 0.771447
vt 0.547692 0.771506
vt 0.547666 0.754935
vt 0.550349 0.754463
vt 0.224129 0.937853
vt 0.224578 0.919047
vt 0.239178 0.919013
vt 0.239178 0.938949
vt 0.987400 0.595271
vt 0.989566 0.595171
vt 0.989566 0.627205
vt 0.987226 0.627296
vt 0.772909 0.219121
vt 0.773361 0.200321
vt 0.788207 0.200287
vt 0.788207 0.220195
vt 0.880810 0.188623
vt 0.848092 0.165237
vt 0.880810 0.161159
vt 0.440794 0.148692
vt 0.440786 0.129885
vt 0.443092 0.129983
vt 0.443092 0.148796
vt 0.243134 0.284011
vt 0.282024 0.286787
vt 0.282024 0.311359
vt 0.230133 0.316776
vt 0.968765 0.119893
vt 0.971069 0.119088
vt 0.971069 0.135321
vt 0.968722 0.135006
vt 0.663454 0.940206
vt 0.666016 0.939806
vt 0.666016 0.978073
vt 0.663478 0.979195
vt 0.578008 0.036279
vt 0.564988 0.003504
vt 0.616178 0.008831
vt 0.616178 0.033543
vt 0.961484 0.485328
vt 0.961484 0.532833
vt 0.958125 0.531997
vt 0.958477 0.484516
vt 0.300532 0.582724
vt 0.338701 0.585460
vt 0.338701 0.610171
vt 0.287511 0.615499
vt 0.855892 0.226910
vt 0.886668 0.209688
vt 0.886668 0.237364
vt 0.992821 0.205684
vt 0.995434 0.205190
vt 0.995434 0.232867
vt 0.992885 0.233347
vt 0.885560 0.455082
vt 0.885560 0.482759
vt 0.854784 0.465537
vt 0.765592 0.085743
vt 0.765853 0.063814
vt 0.799715 0.063007
vt 0.799715 0.096110
vt 0.879852 0.858239
vt 0.853665 0.849324
vt 0.879852 0.825728
vt 0.791592 0.945526
vt 0.794318 0.945009
vt 0.794318 0.980376
vt 0.791634 0.980880
vt 0.261235 0.938949
vt 0.246634 0.938914
vt 0.246185 0.920108
vt 0.261235 0.919013
vt 0.985586 0.196922
vt 0.982847 0.197174
vt 0.982854 0.181840
vt 0.985586 0.181833
vt 0.855892 0.287404
vt 0.886669 0.270219
vt 0.886669 0.297882
vt 0.220101 0.853707
vt 0.220101 0.878419
vt 0.184874 0.875278
vt 0.185049 0.855343
vt 0.543664 0.936511
vt 0.543664 0.976660
vt 0.540991 0.976110
vt 0.541010 0.935894
vt 0.911542 0.596816
vt 0.911542 0.625878
vt 0.889862 0.624703
vt 0.887004 0.596613
vt 0.774911 0.863699
vt 0.810135 0.860669
vt 0.810135 0.885240
vt 0.775077 0.883607
vt 0.850700 0.636968
vt 0.873049 0.635448
vt 0.873049 0.671552
vt 0.848879 0.669681
vt 0.889174 0.922792
vt 0.890070 0.903953
vt 0.915475 0.903506
vt 0.915475 0.925619
vt 0.627048 0.969448
vt 0.627048 0.996325
vt 0.624361 0.995733
vt 0.624347 0.969280
vt 0.030642 0.922991
vt 0.004802 0.922541
vt 0.003911 0.903734
vt 0.030642 0.900934
vt 0.638002 0.880385
vt 0.638002 0.942125
vt 0.634055 0.941251
vt 0.635605 0.879896
vt 0.373961 0.932548
vt 0.376514 0.931937
vt 0.376514 0.974714
vt 0.373968 0.975279
vt 0.502747 0.644736
vt 0.546328 0.640858
vt 0.546328 0.674406
vt 0.503045 0.672616
vt 0.853665 0.871572
vt 0.882167 0.865246
vt 0.882167 0.894524
vt 0.853919 0.893627
vt 0.317878 0.941134
vt 0.317878 0.979186
vt 0.315128 0.978617
vt 0.315279 0.939731
vt 0.745611 0.530768
vt 0.705121 0.516969
vt 0.745611 0.499948
vt 0.131519 0.858703
vt 0.128415 0.834526
vt 0.164289 0.832774
vt 0.164289 0.859067
vt 0.733738 0.717074
vt 0.762910 0.684239
vt 0.762910 0.727015
vt 0.836835 0.976600
vt 0.834238 0.978160
vt 0.833935 0.940819
vt 0.836835 0.939022
vt 0.590951 0.224483
vt 0.590997 0.208183
vt 0.593528 0.209691
vt 0.593528 0.224884
vt 0.455355 0.799307
vt 0.450625 0.799890
vt 0.450627 0.774223
vt 0.455355 0.773618
vt 0.747015 0.034356
vt 0.747345 0.005080
vt 0.780782 0.003504
vt 0.780782 0.038799
vt 0.458617 0.888472
vt 0.458871 0.866417
vt 0.487118 0.865520
vt 0.487118 0.894797
vt 0.790509 0.481248
vt 0.760231 0.483282
vt 0.760431 0.451156
vt 0.790509 0.445950
vt 0.733738 0.764975
vt 0.734060 0.735612
vt 0.767521 0.734022
vt 0.767521 0.769320
vt 0.940040 0.645746
vt 0.940040 0.718386
vt 0.937227 0.717953
vt 0.937354 0.645318
vt 0.986008 0.875816
vt 0.983450 0.877030
vt 0.983355 0.846571
vt 0.986008 0.845291
vt 0.995146 0.845291
vt 0.995146 0.875164
vt 0.993125 0.874229
vt 0.993015 0.845693
vt 0.949486 0.729954
vt 0.952115 0.729801
vt 0.952115 0.794680
vt 0.949547 0.795419
vt 0.174435 0.802065
vt 0.174435 0.859067
vt 0.171296 0.858630
vt 0.171328 0.801758
vt 0.686245 0.803097
vt 0.650538 0.802370
vt 0.647466 0.781503
vt 0.686245 0.774916
vt 0.037707 0.865535
vt 0.066219 0.859179
vt 0.066219 0.888544
vt 0.037964 0.887646
vt 0.453821 0.445950
vt 0.453821 0.493669
vt 0.422404 0.493140
vt 0.409796 0.464359
vt 0.256306 0.946802
vt 0.256306 0.980863
vt 0.253605 0.980014
vt 0.253691 0.945956
vt 0.495063 0.962979
vt 0.495063 0.992191
vt 0.492354 0.991722
vt 0.492395 0.962528
vt 0.793200 0.542667
vt 0.793200 0.577962
vt 0.763160 0.572928
vt 0.762963 0.540643
vt 0.338939 0.296219
vt 0.297380 0.296448
vt 0.307408 0.232159
vt 0.338939 0.234047
vt 0.081739 0.391905
vt 0.081739 0.440153
vt 0.038133 0.431211
vt 0.037707 0.388591
vt 0.186233 0.059193
vt 0.169030 0.003504
vt 0.227253 0.006210
vt 0.227253 0.048580
vt 0.971043 0.310223
vt 0.973526 0.309751
vt 0.973526 0.357421
vt 0.971064 0.357854
vt 0.049860 0.980742
vt 0.047567 0.982522
vt 0.047359 0.948303
vt 0.049860 0.947322
vt 0.941195 0.812274
vt 0.947035 0.811197
vt 0.947035 0.837186
vt 0.941181 0.838284
vt 0.927150 0.426675
vt 0.927150 0.484961
vt 0.921535 0.482978
vt 0.921540 0.424672
vt 0.355430 0.059289
vt 0.355430 0.064174
vt 0.353303 0.063158
vt 0.353313 0.058759
vt 0.352839 0.991327
vt 0.352910 0.963674
vt 0.355524 0.964923
vt 0.355524 0.992246
vt 0.946546 0.003504
vt 0.946546 0.053021
vt 0.940615 0.052710
vt 0.353303 0.045876
vt 0.353775 0.005944
vt 0.400939 0.003504
vt 0.400939 0.051752
vt 0.352839 0.907287
vt 0.357098 0.902817
vt 0.357098 0.956667
vt 0.765902 0.162935
vt 0.765902 0.198266
vt 0.731862 0.193452
vt 0.731779 0.161159
vt 0.228117 0.617433
vt 0.228117 0.657693
vt 0.191414 0.650812
vt 0.191127 0.614862
vt 0.607940 0.806175
vt 0.633923 0.806100
vt 0.633923 0.838703
vt 0.602510 0.839505
vt 0.454587 0.210664
vt 0.453491 0.161159
vt 0.494686 0.166640
vt 0.494686 0.211986
vt 0.835373 0.110295
vt 0.835373 0.150740
vt 0.815966 0.150588
vt 0.809812 0.114268
vt 0.769433 0.144658
vt 0.769879 0.120123
vt 0.802805 0.117325
vt 0.802805 0.150740
vt 0.347626 0.232412
vt 0.390536 0.232159
vt 0.390536 0.281329
vt 0.345946 0.286101
vt 0.566955 0.681549
vt 0.554925 0.644756
vt 0.594514 0.648571
vt 0.594514 0.679398
vt 0.395628 0.787420
vt 0.355117 0.780680
vt 0.358186 0.759891
vt 0.395628 0.759202
vt 0.014938 0.330922
vt 0.004911 0.266634
vt 0.046469 0.266863
vt 0.046469 0.329034
vt 0.572888 0.978120
vt 0.570182 0.978549
vt 0.569638 0.944815
vt 0.572888 0.944352
vt 0.342121 0.635984
vt 0.348110 0.634483
vt 0.348110 0.699548
vt 0.344939 0.700398
vt 0.284304 0.168927
vt 0.230840 0.167898
vt 0.230084 0.150109
vt 0.284304 0.143051
vt 0.098264 0.343447
vt 0.098264 0.381583
vt 0.037707 0.369565
vt 0.039316 0.343746
vt 0.904188 0.933215
vt 0.904188 0.966960
vt 0.899909 0.966149
vt 0.901047 0.932626
vt 0.339999 0.224674
vt 0.298510 0.225152
vt 0.308619 0.161474
vt 0.339999 0.163120
vt 0.686881 0.374500
vt 0.633682 0.373461
vt 0.632923 0.355618
vt 0.686881 0.348594
vt 0.198918 0.413774
vt 0.239003 0.412905
vt 0.239003 0.462396
vt 0.197841 0.467613
vt 0.747753 0.652586
vt 0.747753 0.671900
vt 0.702955 0.677232
vt 0.699093 0.651537
vt 0.971352 0.063007
vt 0.971352 0.112081
vt 0.968886 0.110880
vt 0.968722 0.063774
vt 0.921007 0.540046
vt 0.921007 0.573097
vt 0.904614 0.571216
vt 0.903314 0.541231
vt 0.040352 0.947322
vt 0.040352 0.981906
vt 0.037843 0.980606
vt 0.037707 0.947556
vt 0.894956 0.265201
vt 0.911318 0.263297
vt 0.911318 0.297882
vt 0.893676 0.296720
vt 0.458617 0.921062
vt 0.459507 0.902255
vt 0.485347 0.901805
vt 0.485347 0.923861
vt 0.721104 0.927983
vt 0.724198 0.927729
vt 0.724198 0.972007
vt 0.721145 0.972182
vt 0.911317 0.209688
vt 0.911317 0.244272
vt 0.894955 0.242368
vt 0.893675 0.210850
vt 0.174592 0.981592
vt 0.172069 0.982827
vt 0.171839 0.949985
vt 0.174592 0.949560
vt 0.137826 0.072599
vt 0.141083 0.070462
vt 0.141083 0.084153
vt 0.137754 0.083844
vt 0.110341 0.548483
vt 0.110341 0.592761
vt 0.085291 0.558371
vt 0.561035 0.740778
vt 0.594802 0.736335
vt 0.594802 0.771631
vt 0.561365 0.770054
vt 0.004986 0.598602
vt 0.030036 0.564212
vt 0.030036 0.608489
vt 0.439806 0.318259
vt 0.397543 0.303671
vt 0.439806 0.290729
vt 0.110194 0.368324
vt 0.110194 0.380793
vt 0.107213 0.378799
vt 0.107146 0.368564
vt 0.451491 0.073688
vt 0.491591 0.072366
vt 0.491591 0.117712
vt 0.450395 0.123193
vt 0.355117 0.706420
vt 0.355500 0.679936
vt 0.398411 0.678159
vt 0.398411 0.710315
vt 0.981687 0.681304
vt 0.979433 0.681628
vt 0.979363 0.645641
vt 0.981687 0.645318
vt 0.223157 0.700139
vt 0.223157 0.739312
vt 0.194790 0.736850
vt 0.191127 0.697614
vt 0.718354 0.296994
vt 0.719320 0.278158
vt 0.749250 0.278064
vt 0.749250 0.300149
vt 0.808256 0.369706
vt 0.808407 0.351974
vt 0.845413 0.351483
vt 0.845413 0.378123
vt 0.498598 0.081137
vt 0.542561 0.072366
vt 0.542561 0.117196
vt 0.510812 0.111076
vt 0.450996 0.948020
vt 0.453505 0.946720
vt 0.453505 0.981304
vt 0.450860 0.981070
vt 0.325098 0.939873
vt 0.327749 0.939731
vt 0.327749 0.977783
vt 0.324885 0.977971
vt 0.641949 0.448567
vt 0.641949 0.488802
vt 0.605088 0.481496
vt 0.604779 0.445950
vt 0.654748 0.503577
vt 0.698114 0.499948
vt 0.698114 0.532077
vt 0.655104 0.530215
vt 0.954819 0.970044
vt 0.957505 0.969452
vt 0.957505 0.996329
vt 0.954805 0.996496
vt 0.485347 0.932286
vt 0.485347 0.971693
vt 0.482144 0.970080
vt 0.482483 0.930869
vt 0.855578 0.929567
vt 0.855578 0.973086
vt 0.852490 0.972261
vt 0.852814 0.928793
vt 0.696346 0.927905
vt 0.696346 0.972183
vt 0.693252 0.971929
vt 0.693293 0.927729
vt 0.262224 0.736615
vt 0.230164 0.739101
vt 0.233519 0.700032
vt 0.262224 0.697614
vt 0.325544 0.841724
vt 0.343876 0.840831
vt 0.343876 0.868153
vt 0.323126 0.868168
vt 0.502747 0.840383
vt 0.539870 0.832026
vt 0.539870 0.858513
vt 0.502886 0.858062
vt 0.540860 0.151733
vt 0.498598 0.138791
vt 0.540860 0.124203
vt 0.157510 0.434381
vt 0.185597 0.413165
vt 0.185597 0.478628
vt 0.004035 0.003504
vt 0.046469 0.032494
vt 0.046469 0.084902
vt 0.003504 0.054892
vt 0.980219 0.630920
vt 0.977728 0.631287
vt 0.977531 0.595625
vt 0.980219 0.595171
vt 0.988729 0.676672
vt 0.988694 0.645318
vt 0.990971 0.645389
vt 0.990971 0.676737
vt 0.966540 0.205276
vt 0.966540 0.256668
vt 0.963907 0.256626
vt 0.963906 0.205190
vt 0.951097 0.375216
vt 0.951158 0.309751
vt 0.953726 0.310490
vt 0.953726 0.375370
vt 0.319924 0.143560
vt 0.322537 0.143051
vt 0.322537 0.149627
vt 0.319869 0.149471
vt 0.747904 0.983022
vt 0.748163 0.950744
vt 0.750503 0.952064
vt 0.750503 0.983550
vt 0.848885 0.249904
vt 0.824280 0.250281
vt 0.829171 0.209688
vt 0.848885 0.210166
vt 0.345694 0.875824
vt 0.345694 0.904480
vt 0.339783 0.904505
vt 0.320106 0.875319
vt 0.459675 0.306096
vt 0.459675 0.318259
vt 0.456997 0.316146
vt 0.456941 0.306149
vt 0.792707 0.342452
vt 0.762470 0.344476
vt 0.762667 0.312191
vt 0.792707 0.307157
vt 0.460610 0.332151
vt 0.507651 0.325687
vt 0.507651 0.370013
vt 0.461026 0.368599
vt 0.103984 0.653265
vt 0.110561 0.653321
vt 0.110561 0.681929
vt 0.084302 0.682439
vt 0.554935 0.326333
vt 0.583028 0.305137
vt 0.583028 0.370014
vt 0.964527 0.909830
vt 0.967073 0.909607
vt 0.967073 0.961434
vt 0.964512 0.961255
vt 0.291512 0.828201
vt 0.287511 0.791430
vt 0.316119 0.791529
vt 0.316119 0.828256
vt 0.602562 0.980072
vt 0.602510 0.943084
vt 0.605172 0.943121
vt 0.605172 0.980098
vt 0.697194 0.817584
vt 0.693252 0.780818
vt 0.721907 0.780907
vt 0.721907 0.817637
vt 0.196368 0.982961
vt 0.193662 0.983043
vt 0.193699 0.950053
vt 0.196368 0.950016
vt 0.229831 0.908863
vt 0.230792 0.890060
vt 0.261235 0.889966
vt 0.261235 0.912006
vt 0.977247 0.044391
vt 0.974643 0.044204
vt 0.974688 0.003701
vt 0.977247 0.003504
vt 0.131018 0.938070
vt 0.131018 0.978957
vt 0.128459 0.978760
vt 0.128415 0.938257
vt 0.799816 0.261060
vt 0.797489 0.209688
vt 0.817273 0.209941
vt 0.817273 0.260601
vt 0.054472 0.924102
vt 0.054472 0.939975
vt 0.038672 0.940315
vt 0.037707 0.923920
vt 0.965090 0.055108
vt 0.965076 0.003683
vt 0.967636 0.003504
vt 0.967636 0.055330
vt 0.799621 0.853287
vt 0.774911 0.853662
vt 0.779841 0.813460
vt 0.799621 0.813947
vt 0.094665 0.464942
vt 0.092387 0.413165
vt 0.112104 0.413424
vt 0.112104 0.464486
vt 0.792551 0.921340
vt 0.808345 0.921680
vt 0.808345 0.937821
vt 0.791592 0.938002
vt 0.687501 0.448833
vt 0.717975 0.445950
vt 0.717975 0.491030
vt 0.688546 0.490173
vt 0.223157 0.746319
vt 0.223157 0.776636
vt 0.184750 0.751131
vt 0.119111 0.777613
vt 0.157023 0.751653
vt 0.157023 0.781934
vt 0.245085 0.664700
vt 0.245085 0.690606
vt 0.191127 0.683583
vt 0.191885 0.665740
vt 0.362437 0.059775
vt 0.364565 0.058759
vt 0.364565 0.063644
vt 0.362447 0.064174
vt 0.809799 0.852222
vt 0.806746 0.853339
vt 0.806628 0.814632
vt 0.809799 0.813460
vt 0.869436 0.038947
vt 0.869436 0.055088
vt 0.853641 0.055428
vt 0.852683 0.038766
vt 0.097105 0.906897
vt 0.097105 0.932803
vt 0.092707 0.932717
vt 0.078555 0.905905
vt 0.206111 0.950927
vt 0.206111 0.982969
vt 0.203375 0.981939
vt 0.203665 0.950016
vt 0.158494 0.072456
vt 0.161475 0.070462
vt 0.161475 0.082931
vt 0.158427 0.082690
vt 0.948827 0.119506
vt 0.948827 0.136195
vt 0.946522 0.136035
vt 0.946529 0.119612
vt 0.799843 0.445950
vt 0.817300 0.446409
vt 0.817300 0.497070
vt 0.797516 0.497322
vt 0.831951 0.905247
vt 0.836835 0.905133
vt 0.836835 0.931010
vt 0.817796 0.932015
vt 0.734703 0.927342
vt 0.750503 0.927682
vt 0.750503 0.943555
vt 0.733738 0.943737
vt 0.963906 0.143506
vt 0.966250 0.143261
vt 0.966250 0.197673
vt 0.963999 0.198183
vt 0.812145 0.096336
vt 0.806722 0.063007
vt 0.838135 0.063816
vt 0.838135 0.096419
vt 0.953726 0.382805
vt 0.953726 0.416575
vt 0.950476 0.416113
vt 0.951020 0.382377
vt 0.508376 0.825019
vt 0.502747 0.791751
vt 0.534325 0.792506
vt 0.534325 0.824962
vt 0.540658 0.754463
vt 0.540658 0.784744
vt 0.502747 0.758784
vt 0.234260 0.012522
vt 0.294501 0.003504
vt 0.294501 0.048348
vt 0.235850 0.046601
vt 0.409289 0.932065
vt 0.409236 0.915311
vt 0.428084 0.915069
vt 0.428084 0.932874
vt 0.961512 0.424785
vt 0.961512 0.477509
vt 0.958125 0.477276
vt 0.958170 0.424672
vt 0.388189 0.293211
vt 0.390487 0.293108
vt 0.390487 0.311921
vt 0.388180 0.312019
vt 0.091871 0.754185
vt 0.091818 0.737419
vt 0.110660 0.737174
vt 0.110660 0.755033
vt 0.761523 0.220608
vt 0.761516 0.205274
vt 0.764254 0.205526
vt 0.764254 0.220615
vt 0.617807 0.936077
vt 0.602962 0.936042
vt 0.602510 0.917242
vt 0.617807 0.916168
vt 0.855945 0.246216
vt 0.874740 0.245407
vt 0.874740 0.263212
vt 0.855892 0.262970
vt 0.308121 0.911512
vt 0.308121 0.932724
vt 0.287543 0.931837
vt 0.287511 0.911897
vt 0.902090 0.776327
vt 0.902090 0.808811
vt 0.882406 0.807878
vt 0.879883 0.776391
vt 0.994961 0.260212
vt 0.994961 0.289867
vt 0.992735 0.289506
vt 0.992722 0.260330
vt 0.934174 0.865447
vt 0.934174 0.894070
vt 0.920422 0.894809
vt 0.918076 0.865246
vt 0.614841 0.980060
vt 0.612179 0.980097
vt 0.612231 0.943109
vt 0.614841 0.943084
vt 0.957934 0.600978
vt 0.960317 0.600954
vt 0.960317 0.638083
vt 0.957949 0.638079
vt 0.120250 0.906103
vt 0.120250 0.934241
vt 0.106475 0.934985
vt 0.104112 0.905905
vt 0.230164 0.808992
vt 0.230609 0.786684
vt 0.265516 0.783905
vt 0.265516 0.814288
vt 0.947112 0.902425
vt 0.947112 0.958672
vt 0.944511 0.958017
vt 0.944530 0.901816
vt 0.163047 0.575443
vt 0.130908 0.583243
vt 0.119111 0.540896
vt 0.163047 0.542371
vt 0.559113 0.908264
vt 0.572888 0.909008
vt 0.572888 0.937147
vt 0.556750 0.937345
vt 0.718354 0.307157
vt 0.755463 0.308378
vt 0.755463 0.333095
vt 0.732251 0.341587
vt 0.967073 0.968441
vt 0.967073 0.984674
vt 0.964769 0.983869
vt 0.964726 0.968756
vt 0.457965 0.390372
vt 0.505072 0.384235
vt 0.505072 0.428532
vt 0.458343 0.427039
vt 0.119111 0.681459
vt 0.162406 0.677564
vt 0.162406 0.709720
vt 0.119494 0.707943
vt 0.693252 0.915717
vt 0.693311 0.899618
vt 0.724198 0.899423
vt 0.724198 0.920722
vt 0.758448 0.815829
vt 0.758448 0.855169
vt 0.738668 0.855656
vt 0.733738 0.815455
vt 0.078555 0.867294
vt 0.078708 0.845933
vt 0.114377 0.845079
vt 0.114377 0.870727
vt 0.594514 0.727171
vt 0.561035 0.729328
vt 0.564014 0.690680
vt 0.594514 0.688556
vt 0.876106 0.722018
vt 0.886001 0.691049
vt 0.902463 0.692949
vt 0.902463 0.720413
vt 0.451754 0.006767
vt 0.451754 0.055045
vt 0.408350 0.046607
vt 0.407947 0.003504
vt 0.989158 0.688700
vt 0.991399 0.688636
vt 0.991399 0.719984
vt 0.989123 0.720054
vt 0.895814 0.341682
vt 0.870191 0.342802
vt 0.872476 0.311441
vt 0.895814 0.310360
vt 0.553022 0.868425
vt 0.553181 0.847126
vt 0.588837 0.846290
vt 0.588837 0.871938
vt 0.502747 0.904023
vt 0.533696 0.899001
vt 0.533696 0.920363
vt 0.502807 0.920162
vt 0.990417 0.063592
vt 0.990417 0.095036
vt 0.988055 0.094419
vt 0.988144 0.063007
vt 0.981520 0.788884
vt 0.981520 0.824870
vt 0.979196 0.824547
vt 0.979266 0.788559
vt 0.666956 0.206495
vt 0.666956 0.224128
vt 0.648152 0.224570
vt 0.647016 0.206371
vt 0.896307 0.571344
vt 0.870684 0.572453
vt 0.872850 0.541115
vt 0.896307 0.540046
vt 0.409236 0.849232
vt 0.445051 0.845719
vt 0.445051 0.871367
vt 0.409395 0.870531
vt 0.691758 0.195849
vt 0.692742 0.161479
vt 0.724772 0.161159
vt 0.724772 0.202838
vt 0.647466 0.848506
vt 0.683288 0.845074
vt 0.683288 0.870722
vt 0.647619 0.869868
vt 0.834412 0.315659
vt 0.863184 0.310360
vt 0.863184 0.344476
vt 0.834990 0.343871
vt 0.216277 0.907466
vt 0.185834 0.907372
vt 0.184874 0.888569
vt 0.216277 0.885426
vt 0.875421 0.929073
vt 0.875421 0.973948
vt 0.872679 0.973623
vt 0.872693 0.928793
vt 0.247694 0.462220
vt 0.246010 0.412905
vt 0.290624 0.417816
vt 0.290624 0.462740
vt 0.805807 0.914333
vt 0.775877 0.914238
vt 0.774911 0.895403
vt 0.805807 0.892247
vt 0.982863 0.143769
vt 0.985567 0.143261
vt 0.985567 0.174821
vt 0.982847 0.174826
vt 0.386075 0.932502
vt 0.386075 0.975279
vt 0.383522 0.974668
vt 0.383529 0.931937
vt 0.402020 0.719091
vt 0.402020 0.752136
vt 0.399135 0.750767
vt 0.399175 0.717322
vt 0.024009 0.930118
vt 0.026884 0.929998
vt 0.026884 0.972161
vt 0.023776 0.972350
vt 0.070685 0.213519
vt 0.053476 0.157809
vt 0.111721 0.160484
vt 0.111721 0.202878
vt 0.620746 0.278710
vt 0.620746 0.296771
vt 0.618052 0.295542
vt 0.618003 0.278718
vt 0.762426 0.148963
vt 0.728302 0.150740
vt 0.728386 0.118446
vt 0.762426 0.113632
vt 0.190834 0.283351
vt 0.190834 0.318679
vt 0.119111 0.307168
vt 0.119508 0.285085
vt 0.778792 0.161159
vt 0.807075 0.161350
vt 0.807075 0.192884
vt 0.772909 0.193280
vt 0.939667 0.730235
vt 0.942479 0.729801
vt 0.942479 0.802440
vt 0.939793 0.802867
vt 0.661618 0.905987
vt 0.666016 0.905900
vt 0.666016 0.931806
vt 0.647466 0.932799
vt 0.276553 0.337276
vt 0.348257 0.325687
vt 0.348257 0.361018
vt 0.276954 0.359312
vt 0.758585 0.064796
vt 0.758585 0.100124
vt 0.724517 0.095140
vt 0.724428 0.063007
vt 0.991381 0.788859
vt 0.991381 0.818237
vt 0.988528 0.817811
vt 0.988999 0.788559
vt 0.226914 0.946909
vt 0.226914 0.981340
vt 0.224129 0.980335
vt 0.224232 0.945956
vt 0.230164 0.860085
vt 0.261235 0.854942
vt 0.261235 0.882959
vt 0.230593 0.880733
vt 0.652462 0.736957
vt 0.686245 0.732612
vt 0.686245 0.767909
vt 0.652784 0.766320
vt 0.491588 0.822014
vt 0.462932 0.822103
vt 0.466875 0.785336
vt 0.491588 0.785284
vt 0.902505 0.063517
vt 0.902505 0.092125
vt 0.895929 0.092181
vt 0.876247 0.063007
vt 0.882579 0.636381
vt 0.902263 0.635448
vt 0.902263 0.667932
vt 0.880056 0.667868
vt 0.962066 0.730177
vt 0.962066 0.781552
vt 0.959122 0.781133
vt 0.959149 0.729801
vt 0.920143 0.532150
vt 0.914528 0.500612
vt 0.931691 0.500811
vt 0.931691 0.532293
vt 0.557739 0.898831
vt 0.556750 0.879124
vt 0.588837 0.878945
vt 0.588837 0.901257
vt 0.675963 0.980947
vt 0.673101 0.982176
vt 0.673023 0.949692
vt 0.675963 0.948859
vt 0.753914 0.350524
vt 0.753914 0.376513
vt 0.748073 0.375436
vt 0.748059 0.349426
vt 0.721295 0.146829
vt 0.680012 0.116250
vt 0.721295 0.113632
vt 0.909171 0.825728
vt 0.909171 0.857816
vt 0.889459 0.856936
vt 0.886859 0.825852
vt 0.686245 0.684239
vt 0.686245 0.725605
vt 0.653114 0.686340
vt 0.003505 0.375633
vt 0.030699 0.343447
vt 0.030699 0.394779
vt 0.777851 0.956896
vt 0.777851 0.986992
vt 0.775200 0.986135
vt 0.774911 0.956821
vt 0.566682 0.201176
vt 0.553320 0.161159
vt 0.596719 0.166016
vt 0.596719 0.199274
vt 0.418142 0.593584
vt 0.407939 0.550695
vt 0.448516 0.554797
vt 0.448516 0.592850
vt 0.774528 0.739433
vt 0.810406 0.734022
vt 0.810406 0.764148
vt 0.775006 0.761635
vt 0.623185 0.015660
vt 0.662831 0.003504
vt 0.662831 0.043199
vt 0.623584 0.041950
vt 0.184750 0.788939
vt 0.220101 0.783643
vt 0.220101 0.814026
vt 0.185194 0.811247
vt 0.091287 0.939811
vt 0.091287 0.977590
vt 0.088572 0.976205
vt 0.088425 0.940102
vt 0.826928 0.977076
vt 0.824329 0.978478
vt 0.824178 0.939592
vt 0.826928 0.939022
vt 0.925331 0.977657
vt 0.922543 0.978908
vt 0.922482 0.943420
vt 0.925331 0.942639
vt 0.722404 0.773811
vt 0.693252 0.760539
vt 0.722404 0.732018
vt 0.047909 0.548483
vt 0.078283 0.549218
vt 0.078283 0.587271
vt 0.037707 0.591373
vt 0.541878 0.824402
vt 0.541332 0.791751
vt 0.544521 0.791963
vt 0.544521 0.824622
vt 0.982116 0.689871
vt 0.982116 0.721902
vt 0.979363 0.721477
vt 0.979594 0.688636
vt 0.682970 0.981342
vt 0.683048 0.948859
vt 0.685910 0.950088
vt 0.685910 0.982176
vt 0.464927 0.971767
vt 0.462384 0.972751
vt 0.462079 0.931899
vt 0.464927 0.930869
vt 0.741978 0.612355
vt 0.772633 0.600571
vt 0.772633 0.641341
vt 0.560785 0.546890
vt 0.590902 0.547629
vt 0.590902 0.586515
vt 0.550328 0.590508
vt 0.037707 0.911891
vt 0.037766 0.895752
vt 0.068656 0.895551
vt 0.068656 0.916913
vt 0.695933 0.633829
vt 0.653960 0.604279
vt 0.695933 0.600571
vt 0.678656 0.266210
vt 0.679658 0.224543
vt 0.709759 0.223456
vt 0.709759 0.268610
vt 0.986413 0.910820
vt 0.986413 0.941345
vt 0.983760 0.940066
vt 0.983855 0.909607
vt 0.692086 0.674426
vt 0.653114 0.677232
vt 0.665288 0.640836
vt 0.692086 0.643636
vt 0.959114 0.063662
vt 0.961715 0.063007
vt 0.961715 0.119253
vt 0.959134 0.119862
vt 0.605368 0.881071
vt 0.627048 0.879896
vt 0.627048 0.908958
vt 0.602510 0.909161
vt 0.589155 0.979881
vt 0.586149 0.981525
vt 0.586068 0.952121
vt 0.589155 0.950819
vt 0.215718 0.981503
vt 0.213377 0.982823
vt 0.213118 0.950545
vt 0.215718 0.950016
vt 0.646953 0.633829
vt 0.602510 0.599354
vt 0.646953 0.597515
vt 0.640009 0.161159
vt 0.640009 0.205640
vt 0.603726 0.162661
vt 0.236705 0.980387
vt 0.234024 0.981340
vt 0.233921 0.946961
vt 0.236705 0.945956
vt 0.808345 0.945513
vt 0.808345 0.980880
vt 0.805619 0.980363
vt 0.805660 0.945009
vt 0.078555 0.775850
vt 0.111927 0.769768
vt 0.111927 0.803183
vt 0.079001 0.800384
vt 0.338701 0.575717
vt 0.302989 0.562277
vt 0.302628 0.523598
vt 0.338701 0.537560
vt 0.574492 0.283757
vt 0.538021 0.270867
vt 0.538002 0.232159
vt 0.574492 0.245075
vt 0.246598 0.979000
vt 0.243753 0.980770
vt 0.243713 0.947324
vt 0.246598 0.945956
vt 0.544347 0.681414
vt 0.544347 0.714834
vt 0.502747 0.698053
vt 0.523294 0.384235
vt 0.556702 0.384934
vt 0.556702 0.422777
vt 0.512079 0.427357
vt 0.239003 0.477166
vt 0.239003 0.521463
vt 0.196886 0.513772
vt 0.196657 0.474620
vt 0.983034 0.311532
vt 0.983034 0.344952
vt 0.980533 0.343970
vt 0.980741 0.309751
vt 0.290160 0.941726
vt 0.290160 0.979568
vt 0.287511 0.978379
vt 0.287666 0.939731
vt 0.308121 0.977574
vt 0.305628 0.979569
vt 0.305472 0.940920
vt 0.308121 0.939731
vt 0.930220 0.691063
vt 0.930220 0.718386
vt 0.911888 0.717493
vt 0.909470 0.691049
vt 0.367779 0.752195
vt 0.355117 0.717322
vt 0.392127 0.719907
vt 0.392127 0.745231
vt 0.912013 0.349860
vt 0.912013 0.379739
vt 0.891711 0.378261
vt 0.890052 0.351179
vt 0.973582 0.366510
vt 0.973582 0.414179
vt 0.971099 0.413707
vt 0.971120 0.366077
vt 0.947112 0.966159
vt 0.947112 0.993835
vt 0.944500 0.993342
vt 0.944564 0.965679
vt 0.890808 0.866780
vt 0.911069 0.865246
vt 0.911069 0.896499
vt 0.889174 0.895239
vt 0.981044 0.133453
vt 0.978430 0.134702
vt 0.978359 0.107049
vt 0.981044 0.106130
vt 0.996308 0.030447
vt 0.994073 0.031415
vt 0.993823 0.003774
vt 0.996308 0.003504
vt 0.268154 0.776898
vt 0.230164 0.748103
vt 0.268154 0.746108
vt 0.924689 0.387785
vt 0.924689 0.415438
vt 0.906383 0.414491
vt 0.904037 0.387709
vt 0.005704 0.485494
vt 0.030242 0.456423
vt 0.030242 0.504093
vt 0.198130 0.295471
vt 0.223126 0.265884
vt 0.223126 0.313514
vt 0.119111 0.463024
vt 0.124070 0.413165
vt 0.150503 0.414620
vt 0.150503 0.480068
vt 0.951118 0.425911
vt 0.951118 0.482624
vt 0.946513 0.481405
vt 0.946516 0.424672
vt 0.644996 0.152465
vt 0.635273 0.113632
vt 0.673005 0.117363
vt 0.673005 0.151821
vt 0.078555 0.816116
vt 0.115816 0.810190
vt 0.115816 0.838072
vt 0.078741 0.837227
vt 0.513189 0.204962
vt 0.501693 0.161159
vt 0.546313 0.165607
vt 0.546313 0.204256
vt 0.332212 0.143051
vt 0.332212 0.149627
vt 0.329599 0.149118
vt 0.329544 0.143207
vt 0.992400 0.338782
vt 0.990239 0.340105
vt 0.990042 0.310359
vt 0.992400 0.309751
vt 0.962424 0.836557
vt 0.959481 0.837878
vt 0.959122 0.789950
vt 0.962424 0.788559
vt 0.986323 0.978684
vt 0.983808 0.979998
vt 0.983760 0.949276
vt 0.986323 0.948352
vt 0.814083 0.171818
vt 0.841085 0.161159
vt 0.841085 0.199088
vt 0.467491 0.647373
vt 0.495740 0.648012
vt 0.495740 0.681741
vt 0.458005 0.685578
vt 0.852683 0.026726
vt 0.853078 0.005979
vt 0.883308 0.003504
vt 0.883308 0.031759
vt 0.969243 0.731010
vt 0.971705 0.729801
vt 0.971705 0.778473
vt 0.969073 0.777714
vt 0.964036 0.311073
vt 0.964036 0.359070
vt 0.960733 0.357679
vt 0.961092 0.309751
vt 0.982727 0.234594
vt 0.982808 0.205190
vt 0.985814 0.206835
vt 0.985814 0.235897
vt 0.799715 0.317427
vt 0.827405 0.306560
vt 0.827405 0.344476
vt 0.656503 0.199364
vt 0.647016 0.161159
vt 0.684751 0.164996
vt 0.684751 0.198725
vt 0.849889 0.752675
vt 0.850317 0.732027
vt 0.880959 0.729801
vt 0.880959 0.757818
vt 0.030699 0.401786
vt 0.030699 0.449416
vt 0.005704 0.419830
vt 0.390407 0.924930
vt 0.365002 0.924483
vt 0.364105 0.905644
vt 0.390407 0.902817
vt 0.428084 0.940017
vt 0.428084 0.975933
vt 0.425260 0.974227
vt 0.425108 0.939881
vt 0.584669 0.122693
vt 0.628266 0.118917
vt 0.628266 0.152465
vt 0.584960 0.150655
vt 0.768431 0.393923
vt 0.802272 0.387709
vt 0.802272 0.420840
vt 0.768920 0.418341
vt 0.954119 0.845728
vt 0.957258 0.845291
vt 0.957258 0.902294
vt 0.954151 0.902600
vt 0.605612 0.872503
vt 0.602510 0.848281
vt 0.636810 0.846512
vt 0.636810 0.872888
vt 0.981550 0.458733
vt 0.978935 0.459579
vt 0.978849 0.425521
vt 0.981550 0.424672
vt 0.449934 0.306349
vt 0.449934 0.318259
vt 0.446813 0.318186
vt 0.239003 0.568083
vt 0.191127 0.537145
vt 0.239003 0.528471
vt 0.030173 0.818562
vt 0.030173 0.854478
vt 0.005874 0.852558
vt 0.003911 0.819845
vt 0.514658 0.348514
vt 0.547928 0.313011
vt 0.547928 0.370014
vt 0.460828 0.483254
vt 0.495740 0.445950
vt 0.495740 0.502822
vt 0.303217 0.143051
vt 0.303217 0.146173
vt 0.291311 0.145895
vt 0.453603 0.373965
vt 0.409796 0.377228
vt 0.410199 0.334124
vt 0.453603 0.325687
vt 0.360739 0.794427
vt 0.386695 0.794477
vt 0.386695 0.826933
vt 0.355117 0.827694
vt 0.287511 0.650045
vt 0.287910 0.623755
vt 0.327157 0.622506
vt 0.327157 0.662202
vt 0.441576 0.280407
vt 0.397543 0.283722
vt 0.397969 0.241102
vt 0.441576 0.232159
vt 0.084811 0.737324
vt 0.084811 0.756702
vt 0.042074 0.762761
vt 0.037707 0.737174
vt 0.606501 0.411873
vt 0.606923 0.385500
vt 0.646226 0.384235
vt 0.646226 0.424170
vt 0.315623 0.835367
vt 0.315623 0.868312
vt 0.287511 0.851134
vt 0.297087 0.835263
vt 0.455925 0.723781
vt 0.451998 0.725664
vt 0.450508 0.695090
vt 0.455925 0.692586
vt 0.881796 0.246380
vt 0.884490 0.245152
vt 0.884490 0.263212
vt 0.881747 0.263204
vt 0.733738 0.885673
vt 0.733995 0.863561
vt 0.762250 0.862664
vt 0.762250 0.892028
vt 0.347006 0.167350
vt 0.394643 0.161474
vt 0.394643 0.209723
vt 0.347478 0.207282
vt 0.655217 0.546890
vt 0.683226 0.547533
vt 0.683226 0.581992
vt 0.645494 0.585723
vt 0.971842 0.426662
vt 0.971842 0.471176
vt 0.968519 0.468887
vt 0.968862 0.424672
vt 0.983009 0.399806
vt 0.980726 0.401291
vt 0.980589 0.366833
vt 0.983009 0.366077
vt 0.071548 0.810487
vt 0.071548 0.852072
vt 0.068398 0.851374
vt 0.068626 0.809906
vt 0.230164 0.829712
vt 0.267322 0.821295
vt 0.267322 0.847935
vt 0.230316 0.847444
vt 0.355264 0.387184
vt 0.402789 0.380972
vt 0.402789 0.429250
vt 0.355779 0.426875
vt 0.608015 0.512244
vt 0.647741 0.499948
vt 0.647741 0.539883
vt 0.608437 0.538617
vt 0.295621 0.509768
vt 0.246010 0.481962
vt 0.295621 0.469747
vt 0.872876 0.776327
vt 0.872876 0.812430
vt 0.850527 0.810911
vt 0.848706 0.778198
vt 0.446014 0.880094
vt 0.446014 0.939713
vt 0.440664 0.938016
vt 0.440669 0.878374
vt 0.846936 0.064582
vt 0.869240 0.063007
vt 0.869240 0.100786
vt 0.845142 0.098972
vt 0.564988 0.061296
vt 0.565251 0.044228
vt 0.600970 0.043286
vt 0.600970 0.063962
vt 0.954119 0.909840
vt 0.957505 0.909607
vt 0.957505 0.962332
vt 0.954163 0.962445
vt 0.869099 0.684239
vt 0.869099 0.722018
vt 0.846795 0.720443
vt 0.845001 0.686053
vt 0.078703 0.941195
vt 0.081417 0.939811
vt 0.081417 0.977590
vt 0.078555 0.977298
vt 0.554028 0.703749
vt 0.551497 0.705257
vt 0.551451 0.688957
vt 0.554028 0.688556
vt 0.164176 0.626881
vt 0.119111 0.599513
vt 0.164176 0.590250
vt 0.345946 0.296248
vt 0.381173 0.293108
vt 0.381173 0.317819
vt 0.346121 0.316184
vt 0.625916 0.305137
vt 0.625916 0.351144
vt 0.590035 0.312511
vt 0.599494 0.384235
vt 0.599494 0.432579
vt 0.563709 0.394023
vt 0.151420 0.070462
vt 0.151420 0.084153
vt 0.148162 0.082016
vt 0.148091 0.070771
vt 0.214868 0.914473
vt 0.214868 0.943009
vt 0.204189 0.941482
vt 0.203375 0.915595
vt 0.458761 0.041366
vt 0.459177 0.004918
vt 0.505801 0.003504
vt 0.505801 0.047831
vt 0.119111 0.645990
vt 0.159573 0.633888
vt 0.159573 0.670557
vt 0.119257 0.670232
vt 0.344974 0.514045
vt 0.302628 0.516590
vt 0.302856 0.477439
vt 0.344974 0.469747
vt 0.037707 0.485320
vt 0.038084 0.448653
vt 0.084813 0.447160
vt 0.084813 0.491458
vt 0.355117 0.659050
vt 0.355262 0.634808
vt 0.395579 0.634483
vt 0.395579 0.671152
vt 0.540991 0.868017
vt 0.545785 0.865520
vt 0.545785 0.927496
vt 0.543257 0.928887
vt 0.964092 0.413582
vt 0.961085 0.414394
vt 0.960733 0.366913
vt 0.964092 0.366077
vt 0.287511 0.697709
vt 0.287867 0.671071
vt 0.330878 0.669209
vt 0.330878 0.701338
vt 0.967373 0.540483
vt 0.970480 0.540046
vt 0.970480 0.587765
vt 0.967389 0.588164
vt 0.848885 0.257665
vt 0.848885 0.297404
vt 0.829171 0.297882
vt 0.824280 0.257288
vt 0.987184 0.540904
vt 0.989834 0.540046
vt 0.989834 0.570143
vt 0.986894 0.570218
vt 0.764684 0.928828
vt 0.764684 0.971642
vt 0.761186 0.969925
vt 0.761558 0.927342
vt 0.865672 0.972311
vt 0.862909 0.973086
vt 0.862585 0.929618
vt 0.865672 0.928793
vt 0.013894 0.972230
vt 0.013660 0.929998
vt 0.016769 0.930186
vt 0.016769 0.972350
vt 0.161278 0.489562
vt 0.161278 0.533888
vt 0.119309 0.526675
vt 0.119111 0.487075
vt 0.597909 0.582014
vt 0.598286 0.548714
vt 0.638487 0.546890
vt 0.638487 0.587124
vt 0.631226 0.244148
vt 0.671649 0.232159
vt 0.671649 0.268610
vt 0.631353 0.268314
vt 0.601008 0.539883
vt 0.554376 0.515538
vt 0.601008 0.502783
vt 0.334969 0.977828
vt 0.334756 0.939731
vt 0.337620 0.939919
vt 0.337620 0.977970
vt 0.647466 0.978795
vt 0.647490 0.939806
vt 0.650028 0.940928
vt 0.650028 0.979195
vt 0.907650 0.114482
vt 0.925955 0.113535
vt 0.925955 0.141188
vt 0.905303 0.141264
vt 0.348637 0.126054
vt 0.346957 0.072366
vt 0.391548 0.077138
vt 0.391548 0.126307
vt 0.969431 0.788877
vt 0.972189 0.788559
vt 0.972189 0.836145
vt 0.969463 0.836353
vt 0.894226 0.456560
vt 0.914528 0.455082
vt 0.914528 0.484961
vt 0.892567 0.483642
vt 0.988321 0.491107
vt 0.990710 0.489744
vt 0.990710 0.520996
vt 0.988191 0.520985
vt 0.466738 0.308209
vt 0.469415 0.306096
vt 0.469415 0.318259
vt 0.466682 0.318206
vt 0.287511 0.743075
vt 0.320041 0.708345
vt 0.320041 0.749198
vt 0.912210 0.003504
vt 0.912210 0.034756
vt 0.891949 0.033222
vt 0.890315 0.004763
vt 0.749296 0.227757
vt 0.749296 0.268610
vt 0.716766 0.233880
vt 0.717421 0.063007
vt 0.717421 0.105914
vt 0.684985 0.071245
vt 0.307188 0.875319
vt 0.313099 0.875345
vt 0.313099 0.904000
vt 0.287511 0.904505
vt 0.272114 0.655122
vt 0.235124 0.657693
vt 0.235411 0.621743
vt 0.272114 0.614862
vt 0.876443 0.055337
vt 0.876469 0.038766
vt 0.879127 0.038825
vt 0.879127 0.055809
vt 0.756303 0.238236
vt 0.790482 0.227757
vt 0.790482 0.261060
vt 0.756583 0.260235
vt 0.495740 0.637749
vt 0.458570 0.640366
vt 0.458879 0.604820
vt 0.495740 0.597515
vt 0.507146 0.721841
vt 0.551820 0.728128
vt 0.551820 0.747442
vt 0.502747 0.747456
vt 0.752618 0.520289
vt 0.752898 0.498290
vt 0.786797 0.497465
vt 0.786797 0.530768
vt 0.064803 0.968434
vt 0.061823 0.970424
vt 0.061479 0.926209
vt 0.064803 0.923920
vt 0.973779 0.259933
vt 0.975988 0.258302
vt 0.975988 0.300554
vt 0.973547 0.300377
vt 0.981184 0.520620
vt 0.978873 0.520996
vt 0.978604 0.484916
vt 0.981184 0.484516
vt 0.458617 0.850157
vt 0.458756 0.832477
vt 0.495740 0.832026
vt 0.495740 0.858513
vt 0.554925 0.602625
vt 0.595503 0.597515
vt 0.595503 0.637749
vt 0.555302 0.635925
vt 0.513204 0.590508
vt 0.502747 0.546890
vt 0.543321 0.550882
vt 0.543321 0.589768
vt 0.151071 0.939630
vt 0.151071 0.977208
vt 0.148172 0.975412
vt 0.148475 0.938070
vt 0.366954 0.932921
vt 0.366954 0.973820
vt 0.364105 0.972789
vt 0.364411 0.931937
vt 0.981048 0.063374
vt 0.981048 0.099123
vt 0.978359 0.098669
vt 0.978557 0.063007
vt 0.734971 0.639744
vt 0.702940 0.642269
vt 0.706603 0.603033
vt 0.734971 0.600571
vt 0.037707 0.603775
vt 0.078202 0.598380
vt 0.078202 0.638640
vt 0.038119 0.636875
vt 0.602510 0.776356
vt 0.636633 0.765989
vt 0.636633 0.799092
vt 0.602772 0.798285
vt 0.644097 0.714857
vt 0.602510 0.691955
vt 0.644097 0.681391
vt 0.119111 0.166501
vt 0.176604 0.156541
vt 0.176604 0.214890
vt 0.132260 0.209227
vt 0.738236 0.951267
vt 0.738236 0.977023
vt 0.733749 0.976520
vt 0.733738 0.950744
vt 0.986816 0.004818
vt 0.986816 0.035150
vt 0.984254 0.034226
vt 0.984301 0.003504
vt 0.992587 0.143622
vt 0.994813 0.143261
vt 0.994813 0.172916
vt 0.992574 0.172798
vt 0.516421 0.971130
vt 0.513348 0.971847
vt 0.513251 0.928093
vt 0.516421 0.927370
vt 0.941476 0.144307
vt 0.945879 0.143261
vt 0.945879 0.201610
vt 0.941479 0.202681
vt 0.936873 0.943891
vt 0.936873 0.978908
vt 0.934024 0.978128
vt 0.934085 0.942639
vt 0.958069 0.003504
vt 0.958069 0.052848
vt 0.953553 0.052796
vt 0.265072 0.379850
vt 0.325296 0.368025
vt 0.325296 0.405898
vt 0.266582 0.405701
vt 0.957122 0.544369
vt 0.960366 0.540046
vt 0.960366 0.593761
vt 0.762470 0.373077
vt 0.765542 0.352210
vt 0.801249 0.351483
vt 0.801249 0.379664
vt 0.299315 0.413425
vt 0.342246 0.412905
vt 0.342246 0.457829
vt 0.297632 0.462740
vt 0.290580 0.783733
vt 0.287511 0.762944
vt 0.328022 0.756205
vt 0.328022 0.784423
vt 0.268253 0.951235
vt 0.272740 0.950731
vt 0.272740 0.976487
vt 0.268242 0.977010
vt 0.904122 0.311632
vt 0.920514 0.309751
vt 0.920514 0.342802
vt 0.902822 0.341617
vt 0.462932 0.699570
vt 0.495740 0.692586
vt 0.495740 0.733939
vt 0.463836 0.733727
vt 0.046469 0.181018
vt 0.046469 0.259627
vt 0.008484 0.256240
vt 0.006983 0.182621
vt 0.939515 0.064398
vt 0.939515 0.126374
vt 0.934721 0.123877
vt 0.936987 0.063007
vt 0.415374 0.773618
vt 0.443618 0.773931
vt 0.443618 0.805374
vt 0.409236 0.805695
vt 0.308570 0.136044
vt 0.298462 0.072366
vt 0.339950 0.072844
vt 0.339950 0.134398
vt 0.345708 0.578276
vt 0.345802 0.523598
vt 0.348053 0.524108
vt 0.348053 0.578522
vt 0.475137 0.970275
vt 0.472273 0.971693
vt 0.471934 0.932481
vt 0.475137 0.930869
vt 0.693252 0.830122
vt 0.722115 0.824644
vt 0.722115 0.858935
vt 0.693903 0.858295
vt 0.291454 0.091160
vt 0.291454 0.136044
vt 0.230084 0.127407
vt 0.231697 0.093154
vt 0.991411 0.454049
vt 0.989029 0.454349
vt 0.988557 0.425097
vt 0.991411 0.424672
vt 0.290373 0.232159
vt 0.290373 0.277004
vt 0.230133 0.267985
vt 0.231723 0.233907
vt 0.107218 0.942011
vt 0.107218 0.977419
vt 0.104129 0.976832
vt 0.104112 0.941992
vt 0.302924 0.004214
vt 0.346296 0.003504
vt 0.346296 0.052821
vt 0.301508 0.057943
vt 0.834905 0.568863
vt 0.835483 0.540651
vt 0.863677 0.540046
vt 0.863677 0.574162
vt 0.348109 0.585529
vt 0.348109 0.626597
vt 0.345936 0.624919
vt 0.345708 0.585585
vt 0.162023 0.003504
vt 0.162023 0.063122
vt 0.103422 0.052156
vt 0.117641 0.009665
vt 0.400678 0.991879
vt 0.398010 0.992330
vt 0.397970 0.963136
vt 0.400678 0.962667
vt 0.530995 0.277034
vt 0.486982 0.268283
vt 0.499995 0.239264
vt 0.530995 0.232159
vt 0.952899 0.271368
vt 0.958421 0.270442
vt 0.958421 0.296403
vt 0.952886 0.297351
vt 0.409388 0.941588
vt 0.412212 0.939881
vt 0.412212 0.975798
vt 0.409236 0.975933
vt 0.934157 0.426368
vt 0.939506 0.424672
vt 0.939506 0.484290
vt 0.934161 0.486010
vt 0.636474 0.950618
vt 0.636474 0.984346
vt 0.634055 0.983591
vt 0.634191 0.949132
vt 0.952640 0.645318
vt 0.952640 0.694737
vt 0.947047 0.694493
vt 0.166276 0.717478
vt 0.166276 0.738486
vt 0.123644 0.744646
vt 0.119111 0.716727
vt 0.952886 0.214106
vt 0.956898 0.209688
vt 0.956898 0.263435
vt 0.724489 0.892416
vt 0.694045 0.891673
vt 0.693252 0.870476
vt 0.724489 0.865942
vt 0.188877 0.518942
vt 0.168286 0.520528
vt 0.170551 0.488566
vt 0.188877 0.487075
vt 0.735092 0.540643
vt 0.755956 0.543691
vt 0.755956 0.584713
vt 0.727714 0.585142
vt 0.403094 0.210872
vt 0.401650 0.161474
vt 0.446483 0.166845
vt 0.446483 0.211986
vt 0.753224 0.446379
vt 0.753224 0.487401
vt 0.732360 0.490450
vt 0.724982 0.445950
vt 0.852420 0.356517
vt 0.883045 0.351483
vt 0.883045 0.379739
vt 0.852815 0.377263
vt 0.269545 0.325687
vt 0.269545 0.361018
vt 0.197841 0.349429
vt 0.198242 0.327393
vt 0.029535 0.862605
vt 0.029535 0.893927
vt 0.006196 0.892847
vt 0.003911 0.861485
vt 0.111672 0.691592
vt 0.111672 0.730167
vt 0.081017 0.728050
vt 0.078193 0.689447
vt 0.739620 0.808448
vt 0.733738 0.776327
vt 0.767904 0.776723
vt 0.767904 0.808256
vt 0.950927 0.606888
vt 0.950927 0.638083
vt 0.945510 0.635579
vt 0.946999 0.605005
vt 0.562284 0.945300
vt 0.562284 0.971261
vt 0.556763 0.970335
vt 0.556750 0.944352
vt 0.441210 0.946941
vt 0.443853 0.946720
vt 0.443853 0.979379
vt 0.440664 0.979591
vt 0.669838 0.005904
vt 0.700941 0.003504
vt 0.700941 0.048657
vt 0.670841 0.047571
vt 0.691779 0.394698
vt 0.724793 0.387709
vt 0.724793 0.429388
vt 0.692763 0.429067
vt 0.776056 0.716316
vt 0.769917 0.684239
vt 0.804299 0.684560
vt 0.804299 0.716003
vt 0.119111 0.101102
vt 0.176632 0.091160
vt 0.176632 0.149534
vt 0.132267 0.143852
vt 0.915475 0.966371
vt 0.912334 0.966960
vt 0.911195 0.933437
vt 0.915475 0.932626
vt 0.119111 0.337198
vt 0.190834 0.325687
vt 0.190834 0.361015
vt 0.119508 0.359281
vt 0.433657 0.878658
vt 0.433657 0.908062
vt 0.412010 0.906816
vt 0.409236 0.878374
vt 0.774911 0.801043
vt 0.775389 0.778841
vt 0.810789 0.776327
vt 0.810789 0.806453
vt 0.046469 0.174011
vt 0.007031 0.172098
vt 0.008735 0.095153
vt 0.046469 0.091909
vt 0.690233 0.582840
vt 0.691278 0.541500
vt 0.720707 0.540643
vt 0.720707 0.585723
vt 0.409462 0.725629
vt 0.410366 0.691473
vt 0.442269 0.691261
vt 0.442269 0.732614
vt 0.141165 0.975812
vt 0.138073 0.976123
vt 0.138026 0.938393
vt 0.141165 0.938070
vt 0.705935 0.927729
vt 0.705935 0.974900
vt 0.703611 0.973440
vt 0.703353 0.928334
vt 0.402789 0.479638
vt 0.355117 0.480573
vt 0.372710 0.436257
vt 0.402789 0.447519
vt 0.940145 0.302139
vt 0.940143 0.276472
vt 0.944873 0.277055
vt 0.944873 0.302744
vt 0.110194 0.273654
vt 0.053476 0.274994
vt 0.069348 0.220526
vt 0.110194 0.231388
vt 0.908584 0.731348
vt 0.908584 0.763097
vt 0.890028 0.761658
vt 0.887966 0.729801
vt 0.624219 0.268011
vt 0.581499 0.271703
vt 0.595024 0.232159
vt 0.624219 0.234814
vt 0.945510 0.541265
vt 0.950115 0.540046
vt 0.950115 0.596759
vt 0.945513 0.597998
vt 0.992374 0.367400
vt 0.992374 0.396431
vt 0.990016 0.395823
vt 0.990213 0.366077
vt 0.223126 0.258877
vt 0.183639 0.257275
vt 0.185140 0.183656
vt 0.223126 0.180269
vt 0.813388 0.003504
vt 0.813388 0.045755
vt 0.794053 0.045538
vt 0.787789 0.007406
vt 0.817796 0.854540
vt 0.818447 0.826367
vt 0.846658 0.825728
vt 0.846658 0.860019
vt 0.010837 0.769520
vt 0.030173 0.769304
vt 0.030173 0.811555
vt 0.004574 0.807652
vt 0.399349 0.815540
vt 0.402229 0.812702
vt 0.402229 0.894803
vt 0.407939 0.635456
vt 0.408352 0.602356
vt 0.448435 0.600592
vt 0.448434 0.640851
vt 0.110194 0.361317
vt 0.105504 0.282848
vt 0.110194 0.282001
vt 0.815434 0.387860
vt 0.834841 0.387709
vt 0.834841 0.428153
vt 0.809279 0.424180
vt 0.985715 0.258307
vt 0.985715 0.289867
vt 0.983011 0.289359
vt 0.982995 0.258302
vt 0.223077 0.091160
vt 0.223077 0.173262
vt 0.185343 0.170018
vt 0.183639 0.093073
vt 0.413069 0.740946
vt 0.455925 0.746100
vt 0.455925 0.765476
vt 0.409236 0.766611
vt 0.259915 0.559368
vt 0.246010 0.516776
vt 0.291183 0.519351
vt 0.291183 0.555665
vt 0.119111 0.380041
vt 0.179668 0.368022
vt 0.179668 0.406158
vt 0.120721 0.405859
vt 0.940143 0.310626
vt 0.944090 0.309751
vt 0.944090 0.371491
vt 0.941693 0.371980
vt 0.636667 0.757193
vt 0.602510 0.758982
vt 0.602599 0.726849
vt 0.636667 0.721864
vt 0.258065 0.368025
vt 0.258065 0.405898
vt 0.197841 0.394073
vt 0.199351 0.368222
vt 0.157023 0.825667
vt 0.128415 0.825767
vt 0.132416 0.788995
vt 0.157023 0.788941
vt 0.976348 0.845291
vt 0.976348 0.887542
vt 0.974139 0.885911
vt 0.973907 0.845468
vt 0.885874 0.503851
vt 0.907521 0.502605
vt 0.907521 0.532008
vt 0.883100 0.532293
vt 0.897030 0.388817
vt 0.897030 0.420115
vt 0.873573 0.419046
vt 0.871407 0.387709
vt 0.400288 0.627476
vt 0.355117 0.624577
vt 0.400288 0.591139
vt 0.051448 0.541476
vt 0.037707 0.498465
vt 0.083589 0.502145
vt 0.083589 0.538481
vt 0.513962 0.539883
vt 0.502747 0.496760
vt 0.547369 0.501341
vt 0.547369 0.539183
vt 0.397284 0.531907
vt 0.355117 0.534394
vt 0.355315 0.494794
vt 0.397284 0.487581
vt 0.680494 0.491103
vt 0.648956 0.477825
vt 0.680494 0.445950
vt 0.514243 0.445950
vt 0.547367 0.446656
vt 0.547367 0.485306
vt 0.502747 0.489753
vt 0.037707 0.796685
vt 0.038196 0.772267
vt 0.071548 0.769768
vt 0.071548 0.802899
vt 0.547918 0.633851
vt 0.502747 0.600413
vt 0.547918 0.597515
vt 0.597772 0.447852
vt 0.597772 0.481111
vt 0.554374 0.485968
vt 0.567735 0.445950
vt 0.609975 0.376226
vt 0.590035 0.376350
vt 0.591171 0.358151
vt 0.609975 0.358593
vt 0.094665 0.471949
vt 0.112104 0.472405
vt 0.112104 0.523467
vt 0.092387 0.523726
vt 0.448583 0.249204
vt 0.479975 0.232159
vt 0.479975 0.297608
vt 0.453541 0.299062
vt 0.134981 0.276344
vt 0.119111 0.221897
vt 0.175807 0.223264
vt 0.175807 0.265504
vt 0.841872 0.671552
vt 0.810706 0.654098
vt 0.841872 0.638480
vt 0.533984 0.865520
vt 0.533984 0.891994
vt 0.502747 0.887460
vt 0.503540 0.866263
vt 0.355264 0.367753
vt 0.355779 0.328061
vt 0.402789 0.325687
vt 0.402789 0.373965
vt 0.206926 0.067047
vt 0.225714 0.066200
vt 0.225714 0.084059
vt 0.206873 0.083814
vt 0.320138 0.912399
vt 0.340716 0.911512
vt 0.340716 0.932724
vt 0.320106 0.932339
vt 0.288480 0.055355
vt 0.288480 0.081232
vt 0.234260 0.074173
vt 0.235016 0.056384
vt 0.767838 0.815455
vt 0.767838 0.852585
vt 0.765455 0.852560
vt 0.765470 0.815459
vn -0.8126 -0.4732 0.3402
vn -0.7440 -0.5260 0.4120
vn -0.7905 -0.5615 0.2445
vn -0.8400 -0.4352 -0.3242
vn -0.8368 -0.4732 -0.2755
vn -0.8072 -0.5615 -0.1819
vn 0.8403 0.5419 0.0113
vn 0.8438 0.4441 -0.3015
vn 0.7917 0.5587 -0.2473
vn 0.8648 0.4441 0.2345
vn 0.7543 0.6553 -0.0389
vn 0.8086 0.5587 0.1846
vn 0.1107 -0.7687 -0.6299
vn -0.0213 -0.7733 -0.6337
vn 0.1375 -0.8593 -0.4926
vn 0.6884 -0.7241 0.0429
vn 0.6394 -0.7687 -0.0155
vn 0.5076 -0.8593 -0.0624
vn -0.4379 0.8568 0.2721
vn -0.1835 0.7452 0.6411
vn -0.1364 0.8529 0.5039
vn -0.6613 0.7452 0.0858
vn -0.2389 0.9317 0.2737
vn -0.5186 0.8529 0.0598
vn -0.1870 -0.4063 -0.8944
vn -0.1322 -0.4333 -0.8915
vn -0.0749 -0.3938 -0.9162
vn -0.1918 -0.3237 -0.9265
vn -0.5744 -0.4333 -0.6944
vn -0.6334 -0.2631 -0.7277
vn -0.5606 -0.3237 -0.7622
vn -0.5279 -0.5123 -0.6774
vn -0.9383 -0.0493 -0.3423
vn 0.5515 0.4305 0.7145
vn 0.5612 0.4355 0.7039
vn 0.6144 0.3306 0.7164
vn 0.5998 0.3029 0.7406
vn -0.7772 -0.6125 -0.1446
vn -0.7804 -0.6070 -0.1502
vn -0.7697 -0.6239 -0.1352
vn -0.6599 -0.6068 -0.4431
vn -0.6535 -0.6125 -0.4448
vn -0.6416 -0.6239 -0.4463
vn 0.7269 0.6016 0.3314
vn 0.8308 0.5460 0.1083
vn 0.7722 0.6211 0.1337
vn 0.6660 0.5460 0.5083
vn 0.6909 0.6707 0.2698
vn 0.6423 0.6211 0.4491
vn -0.1122 0.9908 -0.0760
vn 0.3606 0.9327 0.0038
vn 0.2712 0.9475 -0.1693
vn 0.4748 -0.8701 -0.1321
vn 0.4419 -0.8938 -0.0764
vn 0.3313 -0.9399 0.0824
vn -0.4239 -0.9045 0.0479
vn -0.4934 -0.8541 0.1643
vn -0.2720 -0.9473 0.1691
vn -0.3673 0.9238 0.1083
vn -0.0230 0.9555 -0.2941
vn -0.3306 0.9401 -0.0829
vn 0.9831 0.0347 -0.1799
vn 0.9810 0.0681 -0.1816
vn 0.9834 0.0326 -0.1787
vn -0.9928 -0.0231 0.1171
vn -0.9944 0.0060 0.1059
vn -0.9944 0.0083 0.1053
vn 0.0394 -0.8859 -0.4622
vn 0.0522 -0.8793 -0.4734
vn 0.0243 -0.8939 -0.4477
vn 0.3964 -0.8795 -0.2635
vn 0.3925 -0.8859 -0.2472
vn 0.3866 -0.8939 -0.2271
vn -0.0517 0.8761 0.4793
vn -0.0368 0.8727 0.4868
vn -0.0216 0.8890 0.4574
vn -0.4156 0.8727 0.2562
vn -0.4021 0.8761 0.2660
vn -0.3965 0.8890 0.2292
vn 0.2957 -0.9423 -0.1569
vn 0.2204 -0.8153 -0.5354
vn 0.1992 -0.9423 -0.2689
vn -0.3086 0.1614 0.9374
vn -0.0518 0.0995 0.9937
vn -0.1352 0.2293 0.9639
vn 0.6903 -0.1095 -0.7152
vn 0.6712 -0.1305 -0.7297
vn 0.5364 -0.2302 -0.8120
vn -0.9184 0.0814 -0.3871
vn 0.6522 0.6683 0.3578
vn 0.7722 0.6212 0.1337
vn 0.7150 0.6683 0.2054
vn 0.5963 0.6922 0.4064
vn -0.3139 0.9458 0.0836
vn -0.1359 0.9431 -0.3034
vn -0.2473 0.9458 -0.2107
vn -0.4039 0.9055 0.1297
vn 0.8941 0.0814 0.4404
vn -0.7508 -0.1386 0.6458
vn -0.7316 -0.1692 0.6604
vn -0.6092 -0.2919 0.7373
vn 0.6372 -0.4090 -0.6532
vn 0.5502 -0.4674 -0.6919
vn 0.6594 -0.5019 -0.5597
vn 0.9257 -0.3716 -0.0709
vn 0.9059 -0.4090 -0.1094
vn 0.8452 -0.5019 -0.1838
vn -0.8020 0.4854 0.3482
vn -0.6797 0.3793 0.6278
vn -0.6591 0.4992 0.5625
vn -0.9116 0.3793 0.1586
vn -0.7125 0.6052 0.3552
vn -0.8472 0.4992 0.1819
vn -0.1171 -0.4967 -0.8600
vn -0.1914 -0.5277 -0.8275
vn -0.0434 -0.5586 -0.8283
vn 0.4402 -0.4595 -0.7714
vn 0.3890 -0.4967 -0.7758
vn 0.3090 -0.5586 -0.7698
vn -0.1707 0.5381 0.8254
vn 0.0844 0.4669 0.8803
vn 0.0455 0.5559 0.8300
vn -0.3646 0.4669 0.8056
vn -0.1181 0.6226 0.7736
vn -0.3115 0.5559 0.7707
vn -0.4696 -0.8750 -0.1177
vn -0.4728 -0.8746 -0.1069
vn -0.4221 -0.9030 -0.0799
vn -0.4031 -0.9098 -0.0989
vn 0.6809 0.0979 0.7258
vn -0.4097 0.0625 -0.9101
vn 0.5266 0.8332 0.1689
vn 0.5451 0.8316 0.1059
vn 0.5081 0.8544 0.1083
vn -0.3749 -0.8888 0.2637
vn -0.4462 -0.8386 0.3124
vn -0.4188 -0.8584 0.2962
vn 0.7824 -0.0456 -0.6212
vn 0.3608 -0.9145 0.1827
vn 0.3217 -0.9168 0.2365
vn 0.2365 -0.9394 0.2482
vn 0.2749 -0.9418 0.1935
vn 0.2999 -0.9266 0.2268
vn 0.3614 -0.8912 0.2742
vn 0.3381 -0.9056 0.2560
vn 0.4380 -0.8959 -0.0743
vn 0.4377 -0.8950 -0.0857
vn 0.3830 -0.9195 -0.0890
vn 0.3731 -0.9255 -0.0655
vn 0.9960 -0.0840 -0.0294
vn -0.3943 0.9176 0.0507
vn -0.4840 0.8687 0.1052
vn -0.4419 0.8926 0.0896
vn -0.3539 0.9330 0.0656
vn -0.5081 0.8598 0.0517
vn -0.5020 0.8574 0.1136
vn -0.4691 0.8777 0.0975
vn 0.2170 -0.9071 -0.3606
vn 0.2606 -0.8638 -0.4311
vn 0.2433 -0.8812 -0.4053
vn 0.5910 0.1787 -0.7866
vn 0.5987 0.2033 -0.7748
vn 0.5909 0.1735 -0.7878
vn -0.3415 -0.9196 -0.1942
vn -0.3507 -0.9124 -0.2108
vn -0.3332 -0.9254 -0.1805
vn -0.1344 -0.9125 -0.3864
vn -0.1200 -0.9196 -0.3741
vn -0.1083 -0.9254 -0.3632
vn 0.3560 0.9098 0.2135
vn 0.3630 0.9106 0.1975
vn 0.3416 0.9220 0.1824
vn -0.8811 0.2033 0.4270
vn -0.8911 0.1787 0.4171
vn -0.8923 0.1735 0.4168
vn 0.1189 0.9106 0.3958
vn 0.1359 0.9098 0.3921
vn 0.1084 0.9220 0.3718
vn 0.1898 -0.8917 -0.4108
vn 0.2070 -0.8828 -0.4216
vn 0.1746 -0.8994 -0.4008
vn 0.4296 -0.8829 -0.1896
vn 0.4182 -0.8918 -0.1728
vn 0.4077 -0.8994 -0.1580
vn -0.2089 0.8796 0.4274
vn -0.1916 0.8800 0.4346
vn -0.1758 0.8949 0.4102
vn -0.4421 0.8800 0.1736
vn -0.4355 0.8797 0.1911
vn -0.4172 0.8948 0.1588
vn 0.0236 -0.9110 0.4117
vn 0.0144 -0.9032 0.4289
vn 0.0311 -0.9174 0.3968
vn -0.2637 -0.9032 0.3386
vn -0.2610 -0.9110 0.3193
vn -0.2583 -0.9174 0.3028
vn -0.0151 0.9004 -0.4348
vn -0.0328 0.9012 -0.4322
vn -0.0343 0.9136 -0.4052
vn 0.2805 0.9012 -0.3305
vn 0.2676 0.9004 -0.3430
vn 0.2658 0.9136 -0.3077
vn -0.0456 0.9891 -0.1397
vn 0.2691 0.9628 -0.0260
vn 0.2230 0.9620 -0.1578
vn 0.3513 -0.9359 0.0248
vn 0.3139 -0.9462 0.0791
vn 0.2144 -0.9619 0.1698
vn -0.3178 -0.9462 0.0614
vn -0.3919 -0.9109 0.1291
vn -0.2236 -0.9619 0.1575
vn -0.2672 0.9628 -0.0411
vn 0.0187 0.9628 -0.2697
vn -0.2139 0.9620 -0.1700
vn 0.9995 0.0267 -0.0167
vn 0.9969 0.0746 -0.0244
vn 0.9996 0.0247 -0.0151
vn -0.9987 -0.0161 -0.0481
vn -0.9973 0.0223 -0.0701
vn -0.9972 0.0246 -0.0710
vn -0.1782 0.9835 0.0310
vn 0.0302 0.9447 -0.3266
vn 0.1240 -0.9031 -0.4112
vn 0.1661 -0.9199 -0.3553
vn 0.2531 -0.9430 -0.2160
vn -0.0031 -0.9199 0.3922
vn 0.0521 -0.8717 0.4873
vn 0.1354 -0.9430 0.3040
vn -0.1135 0.9447 0.3077
vn -0.3165 0.9436 -0.0969
vn -0.2533 0.9431 0.2153
vn 0.1771 0.0236 -0.9839
vn 0.1708 0.0643 -0.9832
vn 0.1788 0.0212 -0.9837
vn -0.2446 -0.0155 0.9695
vn -0.2614 0.0187 0.9650
vn -0.2623 0.0212 0.9647
vn 0.1556 0.9875 -0.0266
vn -0.0525 0.9534 0.2972
vn 0.1096 0.9534 0.2811
vn -0.0842 -0.9223 0.3771
vn -0.1351 -0.9322 0.3356
vn -0.2238 -0.9534 0.2022
vn 0.0296 -0.9323 -0.3605
vn -0.0443 -0.8887 -0.4563
vn -0.1095 -0.9534 -0.2810
vn 0.0863 0.9534 -0.2892
vn 0.2937 0.9524 0.0821
vn 0.2239 0.9534 -0.2022
vn 0.1915 -0.0179 -0.9813
vn 0.2141 0.0317 -0.9763
vn 0.2144 0.0334 -0.9762
vn -0.2447 0.0352 0.9690
vn -0.2419 0.0940 0.9657
vn -0.2458 0.0334 0.9687
vn 0.1428 0.5073 0.8499
vn 0.1431 0.5071 0.8499
vn 0.0042 0.8884 -0.4591
vn -0.0532 0.8857 -0.4612
vn -0.0421 0.9028 -0.4280
vn 0.6107 -0.1323 -0.7807
vn 0.5483 -0.1606 -0.8207
vn 0.4216 -0.2500 -0.8717
vn -0.7212 0.1681 0.6720
vn -0.8901 0.2678 0.3688
vn -0.9451 -0.1962 -0.2615
vn -0.3446 0.4648 -0.8156
vn -0.4231 0.2565 0.8690
vn -0.9217 -0.1962 0.3346
vn 0.0611 -0.0866 0.9944
vn -0.0069 0.9355 -0.3532
vn -0.0467 0.8954 -0.4429
vn -0.0380 0.9148 -0.4020
vn -0.0244 0.9479 -0.3175
vn -0.6115 0.0533 -0.7895
vn 0.9216 0.1952 -0.3354
vn -0.1498 -0.1452 0.9780
vn -0.1198 0.1624 -0.9794
vn -0.9452 0.2559 0.2026
vn 0.8819 0.4054 -0.2408
vn 0.9117 0.2957 -0.2853
vn -0.8539 -0.4945 -0.1626
vn -0.8975 -0.4069 -0.1701
vn -0.0392 0.9740 -0.2233
vn 0.4908 0.5171 -0.7013
vn -0.0428 0.1624 0.9858
vn -0.1496 -0.9275 -0.3425
vn -0.7092 0.5188 -0.4774
vn -0.3544 -0.5164 -0.7796
vn -0.9116 -0.2969 0.2844
vn -0.0726 0.0687 -0.9950
vn -0.0012 -0.1253 -0.9921
vn 0.0163 -0.1752 -0.9844
vn 0.8547 0.4925 0.1639
vn 0.5996 0.2866 0.7472
vn -0.9310 -0.2969 -0.2122
vn -0.8733 0.3981 0.2809
vn 0.7573 0.0829 0.6478
vn 0.0703 -0.9702 0.2318
vn 0.9199 0.1593 0.3584
vn 0.8843 0.4409 0.1535
vn 0.4084 -0.4020 -0.8195
vn -0.6689 -0.0251 -0.7429
vn -0.5276 0.0829 -0.8455
vn -0.4081 0.3981 0.8216
vn -0.4047 0.4133 0.8157
vn -0.4877 0.2552 0.8348
vn -0.1874 0.2552 0.9485
vn -0.8716 0.0091 -0.4902
vn -0.8147 -0.5555 -0.1664
vn -0.8148 -0.5552 -0.1668
vn 0.9450 0.1952 0.2623
vn -0.0990 0.8325 0.5451
vn 0.5826 -0.7968 -0.1603
vn 0.9113 -0.0584 0.4076
vn 0.7901 -0.5463 -0.2781
vn -0.6007 0.0305 -0.7989
vn -0.4300 0.5960 0.6781
vn -0.7386 -0.1270 -0.6621
vn 0.2252 0.9734 -0.0424
vn 0.3429 -0.6896 -0.6378
vn -0.3931 0.5416 0.7431
vn -0.9829 -0.1791 0.0420
vn 0.5949 -0.0675 0.8010
vn 0.6819 -0.6896 -0.2439
vn -0.5893 0.7919 0.1601
vn -0.6866 0.6848 0.2442
vn -0.7935 0.5416 0.2778
vn -0.6804 -0.1522 -0.7169
vn -0.6286 -0.2480 -0.7371
vn -0.7186 -0.2255 -0.6578
vn 0.5753 0.1944 0.7945
vn 0.6298 0.2455 0.7369
vn 0.6996 0.2200 0.6798
vn 0.7510 0.5498 0.3656
vn -0.6085 -0.2585 0.7503
vn -0.7428 0.6475 0.1704
vn -0.1304 -0.1549 -0.9793
vn -0.1277 -0.2480 -0.9603
vn -0.0780 -0.1522 -0.9853
vn -0.9222 0.1947 0.3341
vn -0.1417 -0.0987 -0.9850
vn 0.5444 -0.1270 0.8291
vn 0.6379 0.0989 0.7638
vn 0.0376 0.2200 0.9748
vn 0.1267 0.2455 0.9611
vn 0.1235 0.3562 0.9262
vn -0.8988 -0.0589 -0.4343
vn 0.5364 0.5073 0.6744
vn 0.5362 0.5071 0.6748
vn 0.5360 0.5069 0.6751
vn -0.3585 0.1479 -0.9217
vn -0.8736 -0.1584 0.4602
vn -0.5357 -0.5078 -0.6747
vn 0.6014 -0.1179 0.7902
vn -0.1434 -0.5078 -0.8495
vn -0.5150 -0.5226 -0.6795
vn -0.5442 -0.4744 -0.6920
vn -0.4389 -0.4726 -0.7642
vn -0.9162 0.0312 0.3995
vn -0.1345 -0.5282 -0.8384
vn -0.1506 -0.4744 -0.8673
vn -0.1608 -0.5226 -0.8373
vn 0.0576 0.6392 -0.7669
vn 0.5751 0.5036 0.6447
vn 0.5455 0.4723 0.6924
vn 0.5122 0.5031 0.6961
vn -0.8879 -0.1269 0.4422
vn -0.6376 -0.0987 -0.7640
vn -0.9066 -0.0762 0.4151
vn 0.1750 0.5031 0.8463
vn 0.1500 0.4723 0.8686
vn 0.1550 0.3508 0.9235
vn -0.1551 -0.2883 -0.9449
vn 0.6234 0.6475 -0.4383
vn 0.1855 -0.4852 0.8545
vn 0.1545 0.2866 0.9455
vn 0.4651 -0.4531 -0.7605
vn -0.7755 -0.2301 -0.5879
vn 0.4026 -0.1219 -0.9072
vn 0.7753 0.2291 0.5886
vn -0.3731 -0.1214 0.9198
vn -0.5926 0.5836 0.5551
vn 0.8980 0.4054 0.1711
vn 0.7697 0.3423 0.5388
vn -0.0652 -0.1730 -0.9828
vn -0.7603 -0.6353 -0.1354
vn -0.7698 -0.6239 -0.1352
vn -0.7653 -0.6307 -0.1286
vn 0.3548 0.5121 0.7822
vn -0.6342 -0.6305 -0.4475
vn -0.6351 -0.6353 -0.4394
vn 0.9111 0.0601 0.4078
vn 0.2793 0.2268 -0.9331
vn 0.4156 -0.0113 -0.9095
vn 0.8691 0.4616 0.1778
vn 0.9259 0.3423 0.1598
vn 0.9257 0.3426 0.1601
vn -0.6958 -0.5552 -0.4556
vn -0.7417 -0.4633 -0.4850
vn 0.9625 -0.1796 0.2034
vn -0.4165 0.0966 0.9040
vn 0.6347 -0.0251 0.7723
vn 0.9468 0.0549 0.3171
vn 0.1737 0.2824 -0.9434
vn -0.1546 -0.6381 -0.7543
vn -0.9253 -0.3436 -0.1603
vn -0.9252 -0.3438 -0.1605
vn -0.7617 -0.6458 -0.0514
vn -0.8535 -0.4754 0.2134
vn -0.7553 -0.6459 0.1108
vn 0.4165 -0.1751 -0.8921
vn 0.4291 -0.2431 -0.8699
vn 0.6964 0.5533 0.4571
vn 0.1544 -0.8389 -0.5220
vn -0.3949 -0.8777 -0.2717
vn -0.0704 -0.9583 0.2768
vn 0.3313 -0.9399 0.0825
vn 0.1685 -0.9554 0.2425
vn -0.2392 -0.9709 0.0052
vn 0.0364 0.2834 -0.9583
vn 0.8712 0.0014 -0.4908
vn -0.9986 -0.0065 -0.0522
vn 0.6980 0.0284 -0.7155
vn -0.8957 -0.0517 -0.4416
vn 0.5556 -0.0843 0.8272
vn 0.9860 0.0013 -0.1670
vn 0.9836 0.0304 -0.1781
vn -0.2638 -0.7923 -0.5501
vn -0.9945 0.0104 0.1040
vn -0.9938 0.0438 0.1019
vn -0.3068 0.4873 0.8176
vn 0.2871 0.8621 -0.4175
vn 0.3072 0.5676 0.7639
vn 0.2577 -0.9662 0.0076
vn 0.6968 -0.6167 0.3663
vn 0.5527 -0.6543 0.5161
vn -0.1681 0.9829 -0.0759
vn -0.2004 0.8969 0.3943
vn -0.2288 0.8926 0.3884
vn -0.2407 0.9044 0.3523
vn -0.1767 0.9176 0.3561
vn 0.1558 0.6326 0.7586
vn -0.2747 -0.8441 -0.4604
vn 0.9952 -0.0970 -0.0145
vn -0.9618 -0.1080 0.2517
vn 0.5687 0.3464 -0.7460
vn 0.5042 -0.8073 0.3067
vn 0.4033 -0.0939 -0.9103
vn 0.2778 0.8213 0.4983
vn -0.1915 -0.3479 0.9178
vn -0.2514 0.9675 0.0260
vn 0.3322 0.4584 0.8243
vn 0.9897 -0.1160 -0.0843
vn 0.6841 -0.4511 -0.5732
vn 0.8388 -0.0346 0.5433
vn -0.6863 0.4470 0.5737
vn 0.9649 0.2291 0.1283
vn -0.4176 0.2081 -0.8845
vn -0.1946 0.4470 0.8731
vn 0.2043 0.0012 0.9789
vn -0.4933 0.1454 -0.8576
vn 0.0304 -0.9030 -0.4286
vn 0.0166 -0.8975 -0.4407
vn 0.7421 0.4616 0.4860
vn 0.3839 -0.8976 -0.2167
vn 0.3668 -0.9030 -0.2238
vn -0.0115 0.8933 0.4493
vn -0.0027 0.8981 0.4398
vn 0.9306 0.1157 0.3472
vn -0.2218 -0.9721 0.0764
vn -0.1648 0.7331 0.6598
vn -0.4759 -0.1141 -0.8721
vn 0.4329 -0.8366 -0.3357
vn 0.3989 -0.1948 -0.8961
vn 0.6023 -0.5994 -0.5273
vn -0.2225 0.6078 0.7623
vn -0.0361 0.6078 0.7932
vn -0.2732 0.6431 0.7154
vn -0.8677 -0.0346 -0.4958
vn -0.9120 -0.1751 -0.3710
vn -0.0140 -0.8656 0.5006
vn 0.1646 -0.7375 -0.6550
vn -0.3533 -0.1219 0.9275
vn 0.8931 0.0422 0.4478
vn 0.8010 -0.0936 0.5912
vn 0.9775 0.2081 -0.0351
vn -0.4388 0.8325 0.3382
vn 0.5473 -0.4358 -0.7145
vn -0.6056 0.5947 0.5287
vn -0.3895 0.8981 0.2043
vn -0.3965 0.8890 0.2291
vn -0.3939 0.8933 0.2166
vn -0.1070 -0.2857 -0.9523
vn 0.1358 -0.2302 -0.9636
vn -0.0198 -0.1305 -0.9912
vn 0.4698 -0.2708 -0.8402
vn 0.2966 -0.0196 -0.9548
vn 0.2043 -0.2708 -0.9407
vn 0.9640 -0.2449 0.1033
vn 0.3840 -0.1598 0.9094
vn -0.7643 0.4409 -0.4706
vn -0.9194 0.0549 -0.3894
vn -0.9441 -0.0338 -0.3278
vn -0.7933 0.1122 0.5985
vn -0.1200 0.2409 0.9631
vn 0.1593 -0.4153 -0.8956
vn -0.9841 0.1638 -0.0680
vn 0.8163 0.5533 0.1661
vn -0.5869 0.7340 0.3417
vn -0.5863 0.7344 0.3419
vn -0.1588 0.4143 0.8962
vn -0.4213 0.4404 0.7928
vn -0.5370 0.2293 0.8118
vn -0.6192 0.0995 0.7789
vn -0.9415 -0.0437 -0.3342
vn -0.5162 0.2968 0.8034
vn -0.9511 -0.0948 -0.2939
vn 0.1458 -0.2978 -0.9434
vn -0.2170 0.1593 -0.9631
vn 0.0882 0.1940 0.9770
vn -0.9494 -0.1114 -0.2937
vn -0.9493 -0.1120 -0.2936
vn 0.9059 -0.1114 0.4086
vn 0.0949 -0.0922 -0.9912
vn -0.1477 -0.0772 0.9860
vn 0.9268 -0.0437 0.3730
vn 0.5471 -0.2422 -0.8013
vn -0.5859 0.0917 0.8052
vn 0.1475 0.0773 -0.9860
vn 0.2753 0.9279 0.2516
vn 0.0805 -0.3385 0.9375
vn -0.1580 -0.2919 0.9433
vn -0.0197 -0.1692 0.9854
vn 0.1340 0.2225 -0.9657
vn 0.1956 0.3353 -0.9216
vn 0.3819 0.2818 -0.8802
vn -0.5680 -0.3479 0.7459
vn 0.9204 -0.0517 0.3875
vn 0.0054 0.0687 0.9976
vn 0.6484 0.0773 -0.7574
vn -0.2051 -0.5196 0.8294
vn 0.7003 0.0305 0.7132
vn -0.7357 0.1157 -0.6674
vn -0.9049 -0.0584 -0.4215
vn 0.5853 -0.0922 -0.8056
vn 0.2084 0.5171 -0.8302
vn -0.6482 -0.0772 0.7575
vn 0.9181 -0.1423 0.3700
vn -0.0932 0.5625 0.8215
vn -0.9564 -0.1211 0.2658
vn -0.3059 -0.5822 -0.7533
vn 0.4212 0.5102 -0.7498
vn 0.5682 0.3353 -0.7515
vn 0.6418 0.2225 -0.7338
vn -0.1688 0.9142 0.3685
vn 0.1630 0.1574 -0.9740
vn 0.9657 0.2401 0.0992
vn 0.9169 -0.0589 0.3946
vn -0.6287 -0.1582 0.7614
vn 0.9149 -0.0762 -0.3965
vn 0.1413 0.0989 0.9850
vn 0.6291 0.1574 -0.7612
vn 0.4105 -0.1732 -0.8953
vn 0.8043 0.3959 -0.4432
vn 0.4204 -0.0789 0.9039
vn -0.9719 0.1681 0.1647
vn 0.9073 -0.0948 0.4096
vn -0.0685 0.4282 -0.9011
vn 0.7216 -0.1689 -0.6714
vn -0.7214 -0.5613 0.4057
vn -0.3708 0.3206 0.8716
vn -0.0108 -0.0444 -0.9990
vn 0.0440 -0.3332 -0.9418
vn 0.2645 -0.3332 -0.9050
vn 0.9717 -0.1689 -0.1654
vn 0.8451 -0.5019 -0.1838
vn 0.7606 -0.5861 -0.2793
vn 0.7254 -0.4100 -0.5529
vn 0.6838 -0.5861 -0.4346
vn 0.5145 0.1479 0.8447
vn 0.3635 -0.7384 -0.5680
vn -0.5106 0.7331 0.4493
vn -0.7350 0.2559 0.6279
vn 0.1207 -0.2422 -0.9627
vn 0.9063 -0.3557 -0.2280
vn -0.8385 -0.4945 0.2289
vn 0.1480 0.4355 0.8880
vn 0.0102 0.3479 0.9375
vn 0.1495 0.3029 0.9412
vn 0.2769 0.4083 0.8698
vn 0.1861 0.8744 0.4480
vn -0.4892 -0.1598 -0.8574
vn 0.7037 -0.4372 -0.5601
vn -0.7316 0.3543 0.5824
vn 0.7353 -0.2570 -0.6271
vn 0.4741 0.0625 0.8782
vn 0.4037 -0.1141 0.9077
vn -0.1129 -0.0827 -0.9902
vn -0.1125 -0.0830 -0.9902
vn -0.8735 0.4353 0.2179
vn -0.9071 0.3543 0.2274
vn -0.4688 -0.8368 -0.2828
vn 0.7317 -0.3557 -0.5815
vn -0.1808 0.7319 0.6569
vn -0.3995 0.1940 0.8960
vn 0.8255 0.5188 -0.2223
vn 0.1686 -0.9804 0.1023
vn -0.0876 -0.1948 -0.9769
vn -0.9849 -0.1037 -0.1386
vn -0.0296 0.5836 -0.8115
vn -0.8928 -0.2361 0.3836
vn -0.8054 -0.2187 -0.5510
vn -0.2228 0.9540 -0.2007
vn 0.1343 0.9584 -0.2520
vn -0.2943 0.9099 -0.2925
vn 0.9793 0.1923 0.0636
vn 0.0259 0.4873 0.8729
vn 0.3391 -0.3546 -0.8714
vn 0.7564 0.6540 -0.0105
vn -0.9765 -0.1796 -0.1189
vn -0.4923 -0.5196 0.6983
vn -0.3398 0.3532 0.8717
vn -0.0249 -0.4892 -0.8718
vn 0.9745 -0.1403 0.1750
vn 0.9892 0.0806 0.1225
vn -0.4793 0.5997 0.6408
vn -0.8681 -0.4633 -0.1782
vn 0.5155 -0.2978 -0.8035
vn -0.4744 0.4143 0.7767
vn 0.9142 0.3959 0.0871
vn -0.7335 0.2565 -0.6294
vn 0.3929 -0.5463 -0.7398
vn -0.8038 -0.3987 0.4416
vn 0.2292 -0.0757 0.9704
vn 0.9435 0.0174 -0.3310
vn -0.3184 -0.9320 0.1732
vn -0.3119 -0.9238 0.2221
vn -0.3713 -0.8965 0.2416
vn -0.9131 -0.3987 -0.0860
vn -0.3388 -0.9334 -0.1183
vn -0.3744 -0.9238 -0.0799
vn -0.3610 -0.9320 -0.0324
vn 0.2720 0.9381 -0.2145
vn 0.3184 0.9191 -0.2322
vn 0.2910 0.9385 -0.1856
vn -0.3309 0.0879 -0.9396
vn 0.3733 0.8761 -0.3051
vn 0.3970 0.8718 -0.2869
vn 0.3945 0.8853 -0.2460
vn 0.3343 0.9004 -0.2783
vn -0.6666 -0.7384 -0.1022
vn 0.7225 0.5583 -0.4079
vn 0.3217 0.6609 0.6780
vn -0.8232 -0.5613 -0.0857
vn 0.6657 -0.0437 0.7449
vn 0.3306 -0.1730 0.9278
vn 0.3000 -0.1869 0.9354
vn -0.5388 -0.8402 -0.0619
vn -0.5020 -0.8584 -0.1055
vn -0.5336 -0.8386 -0.1095
vn -0.5711 -0.7384 0.3586
vn -0.0662 -0.1086 0.9919
vn -0.2014 0.0012 -0.9795
vn -0.1752 -0.0757 -0.9816
vn 0.9716 -0.1327 0.1957
vn 0.4733 0.8277 -0.3016
vn 0.4233 0.8544 -0.3013
vn 0.4579 0.8318 -0.3137
vn 0.6691 0.7359 0.1036
vn 0.9448 -0.2570 -0.2032
vn 0.3408 0.9385 0.0547
vn 0.3844 0.9191 0.0867
vn 0.3637 0.9314 0.0159
vn -0.2301 -0.9422 -0.2434
vn 0.3411 0.0966 -0.9350
vn 0.1617 -0.8917 -0.4228
vn 0.2239 -0.8951 -0.3857
vn 0.2466 -0.9230 -0.2953
vn 0.1837 -0.9255 -0.3312
vn 0.9373 0.3206 0.1367
vn 0.6333 -0.4852 0.6029
vn 0.8540 -0.0965 -0.5113
vn 0.9237 0.1122 -0.3662
vn 0.2083 -0.9565 0.2042
vn 0.2467 -0.9512 0.1856
vn 0.2795 -0.9322 0.2300
vn -0.0085 -0.9578 0.2874
vn 0.0302 -0.9512 0.3072
vn 0.0660 -0.9565 0.2841
vn -0.9756 0.0806 -0.2041
vn 0.9225 -0.1269 -0.3644
vn 0.1533 -0.6543 0.7405
vn 0.1538 -0.6540 0.7407
vn 0.4504 0.4972 -0.7416
vn 0.5121 0.3641 -0.7780
vn 0.2523 0.3641 -0.8965
vn -0.6092 -0.2919 0.7374
vn -0.5207 -0.3557 0.7761
vn -0.3202 -0.0744 0.9444
vn -0.2453 -0.3557 0.9018
vn 0.7920 -0.2361 -0.5630
vn 0.0860 -0.8919 0.4440
vn 0.0428 -0.9056 0.4219
vn 0.0462 -0.8912 0.4513
vn 0.4441 -0.8132 0.3761
vn 0.4440 -0.8130 0.3766
vn 0.2692 -0.8393 -0.4724
vn -0.8724 0.0014 0.4888
vn -0.9083 -0.2189 0.3564
vn 0.7769 -0.2189 -0.5904
vn 0.8541 -0.4358 -0.2839
vn -0.7888 0.5618 0.2495
vn -0.6773 0.5618 0.4750
vn -0.7589 0.6223 0.1918
vn -0.4685 -0.4947 0.7320
vn 0.9177 0.2834 0.2785
vn 0.9097 0.0313 -0.4141
vn 0.4704 0.4905 -0.7336
vn -0.6004 -0.0843 -0.7953
vn -0.4636 0.0979 -0.8806
vn 0.2029 -0.9441 -0.2599
vn 0.1785 -0.9373 -0.2995
vn 0.2226 -0.9139 -0.3395
vn -0.5473 0.4328 0.7163
vn 0.3248 -0.9454 -0.0254
vn 0.3413 -0.9373 -0.0709
vn 0.3120 -0.9441 -0.1069
vn -0.1474 0.9493 0.2777
vn -0.1803 0.9333 0.3106
vn -0.1745 0.9498 0.2595
vn 0.3311 -0.4639 -0.8217
vn 0.4103 -0.0410 0.9110
vn -0.3565 0.7709 0.5278
vn 0.9312 0.2957 0.2131
vn -0.4468 0.8111 -0.3774
vn 0.9245 -0.0338 0.3796
vn -0.5813 0.0013 -0.8137
vn -0.6917 -0.1404 0.7084
vn -0.6488 -0.2074 -0.7321
vn 0.4796 -0.8649 -0.1481
vn 0.4626 -0.8812 -0.0976
vn 0.4926 -0.8638 -0.1055
vn 0.3556 -0.7733 -0.5249
vn 0.3563 -0.7730 -0.5249
vn 0.4790 -0.6027 -0.6382
vn 0.4786 -0.6029 -0.6383
vn -0.9700 -0.1406 0.1984
vn 0.8353 -0.1404 -0.5316
vn -0.8809 -0.0965 0.4634
vn -0.2884 0.8546 0.4319
vn -0.2454 0.8777 0.4115
vn -0.2711 0.8575 0.4372
vn 0.6123 -0.7733 -0.1647
vn 0.6125 -0.7730 -0.1653
vn -0.7622 0.5997 0.2437
vn -0.3023 0.9498 0.0802
vn -0.3525 0.9333 0.0690
vn -0.3096 0.9428 0.1233
vn -0.9646 -0.2301 -0.1290
vn 0.7972 -0.0522 -0.6014
vn -0.8814 -0.4069 0.2398
vn -0.5554 0.6515 -0.5168
vn -0.5555 0.6517 -0.5164
vn -0.9590 0.2824 -0.0235
vn -0.6903 -0.5164 -0.5068
vn -0.3328 -0.1751 0.9266
vn 0.5846 0.1418 -0.7988
vn 0.5909 0.1735 -0.7879
vn 0.5905 0.1664 -0.7897
vn -0.3128 -0.9318 -0.1840
vn -0.3297 -0.9279 -0.1739
vn 0.6928 0.5121 0.5077
vn -0.1025 -0.9280 -0.3583
vn -0.1159 -0.9318 -0.3439
vn 0.3377 0.9250 0.1743
vn 0.3417 0.9220 0.1824
vn 0.3275 0.9311 0.1608
vn -0.8940 0.1664 0.4159
vn -0.9018 0.1418 0.4083
vn 0.4003 0.8744 0.2740
vn 0.0953 -0.5771 -0.8111
vn 0.5976 0.6609 0.4539
vn -0.1845 -0.8778 -0.4421
vn -0.1849 -0.8777 -0.4422
vn 0.0929 -0.4555 -0.8854
vn -0.3207 -0.6653 -0.6741
vn -0.3671 0.9232 0.1139
vn -0.1365 0.8529 0.5038
vn -0.1674 0.9232 0.3460
vn -0.3765 0.9264 -0.0032
vn -0.1261 -0.0479 0.9909
vn -0.9472 0.1923 -0.2566
vn -0.7697 -0.3436 -0.5380
vn -0.4843 -0.7923 -0.3710
vn -0.6153 0.7709 0.1646
vn 0.7031 0.0636 -0.7082
vn -0.6740 -0.1921 -0.7133
vn 0.8591 -0.2585 -0.4417
vn 0.1920 -0.5994 -0.7771
vn 0.2653 0.7885 0.5549
vn -0.5940 -0.6653 -0.4522
vn 0.0902 0.9311 0.3535
vn 0.1085 0.9220 0.3718
vn 0.1013 0.9250 0.3662
vn 0.7789 -0.4531 -0.4336
vn -0.4581 -0.0367 -0.8881
vn -0.7811 0.4491 0.4339
vn -0.3439 0.6848 0.6425
vn -0.0596 0.2400 -0.9689
vn -0.4655 0.4491 0.7627
vn -0.7171 -0.0437 -0.6956
vn -0.4590 0.2268 0.8590
vn 0.1796 -0.9078 -0.3791
vn 0.1673 -0.9027 -0.3964
vn -0.5988 -0.2883 -0.7472
vn 0.4028 -0.9027 -0.1509
vn 0.4076 -0.8994 -0.1580
vn 0.3861 -0.9078 -0.1640
vn -0.1665 0.8989 0.4052
vn -0.1530 0.9063 0.3940
vn 0.8367 0.1454 0.5279
vn 0.8713 -0.4020 -0.2815
vn -0.3654 0.7340 0.5724
vn 0.4289 -0.6006 -0.6747
vn 0.4831 -0.8393 -0.2496
vn 0.4831 -0.8394 -0.2493
vn 0.5824 -0.7384 -0.3400
vn 0.6917 -0.6006 -0.4010
vn -0.9869 -0.1238 0.1036
vn -0.7649 -0.1179 -0.6332
vn 0.5063 -0.7375 -0.4469
vn -0.2797 0.4648 0.8401
vn -0.5479 0.2409 0.8011
vn 0.0696 0.0879 0.9937
vn 0.7638 0.0533 0.6433
vn -0.8930 -0.0936 -0.4402
vn 0.5176 -0.2187 0.8272
vn -0.4890 0.8354 0.2509
vn -0.4890 0.8353 0.2512
vn -0.3298 -0.7749 0.5393
vn -0.6951 0.5960 0.4019
vn -0.4000 0.9063 0.1368
vn -0.4171 0.8949 0.1588
vn -0.4116 0.8990 0.1494
vn 0.7483 -0.1751 0.6399
vn 0.9264 -0.1584 -0.3417
vn -0.8558 0.4328 0.2834
vn 0.1721 0.9829 -0.0663
vn 0.5036 0.2678 0.8214
vn -0.0510 -0.4947 0.8676
vn 0.9604 -0.0492 0.2743
vn 0.8363 0.1638 0.5232
vn 0.0168 -0.9244 0.3810
vn 0.0312 -0.9174 0.3968
vn 0.0349 -0.9201 0.3901
vn 0.0503 0.4905 -0.8700
vn -0.2574 -0.9201 0.2952
vn -0.2375 -0.9244 0.2984
vn -0.0393 0.9170 -0.3970
vn -0.0342 0.9136 -0.4052
vn -0.0453 0.9235 -0.3810
vn 0.4738 -0.4153 -0.7766
vn 0.0125 0.8623 -0.5063
vn 0.0130 0.8621 -0.5065
vn 0.8651 0.1947 -0.4623
vn -0.0581 -0.6437 0.7631
vn -0.2830 -0.8657 0.4129
vn -0.2828 -0.8656 0.4133
vn -0.0936 0.4517 0.8873
vn -0.4013 -0.6437 0.6516
vn -0.8374 0.0636 0.5429
vn 0.1640 -0.1555 -0.9741
vn -0.7032 -0.0675 -0.7078
vn -0.1917 0.5947 0.7807
vn -0.0499 -0.7749 0.6302
vn 0.5729 0.7359 -0.3609
vn -0.9769 0.0601 -0.2053
vn -0.9012 -0.1327 -0.4125
vn -0.8408 -0.2449 -0.4828
vn 0.0995 -0.8366 -0.5387
vn 0.3330 0.7709 -0.5430
vn 0.3327 0.7710 -0.5430
vn 0.4040 0.6392 -0.6544
vn 0.2605 0.9235 -0.2816
vn 0.2651 0.9170 -0.2982
vn -0.0892 -0.9608 0.2626
vn 0.0744 -0.9608 0.2671
vn -0.1886 -0.9803 0.0579
vn 0.9828 -0.0155 -0.1843
vn 0.4801 -0.2074 0.8523
vn -0.4627 -0.0789 -0.8830
vn 0.0764 -0.1253 0.9892
vn -0.7464 -0.0456 -0.6640
vn -0.0963 -0.1869 -0.9776
vn 0.9998 -0.0161 0.0078
vn 0.9996 0.0246 -0.0151
vn 0.9997 0.0223 -0.0142
vn -0.5251 0.7918 -0.3121
vn -0.9970 0.0267 -0.0726
vn -0.9972 0.0247 -0.0710
vn -0.9940 0.0746 -0.0802
vn 0.1966 -0.6381 -0.7444
vn -0.1740 -0.9804 0.0927
vn -0.1979 0.6326 0.7487
vn -0.9709 -0.0155 -0.2389
vn 0.1952 -0.4511 -0.8709
vn 0.4988 0.8171 0.2891
vn -0.0125 -0.9811 0.1931
vn 0.9796 -0.1238 0.1586
vn -0.6666 -0.6672 -0.3324
vn -0.6665 -0.6674 -0.3321
vn -0.1461 0.8161 0.5592
vn -0.8810 -0.1423 -0.4513
vn -0.8079 0.0422 -0.5878
vn -0.1437 -0.7441 -0.6524
vn 0.1685 -0.9275 -0.3336
vn -0.9828 -0.1403 0.1202
vn 0.1479 0.9142 0.3773
vn -0.0169 -0.0866 -0.9961
vn -0.1315 0.9740 0.1846
vn 0.1437 0.7319 0.6660
vn 0.1440 0.7318 0.6662
vn 0.9791 -0.1791 0.0969
vn 0.2925 -0.9419 0.1649
vn 0.2532 -0.9430 -0.2160
vn 0.3350 -0.9419 -0.0229
vn 0.0212 -0.9719 0.2345
vn -0.3083 -0.2431 0.9197
vn 0.3090 -0.5586 -0.7697
vn 0.1806 -0.6316 -0.7539
vn -0.0150 -0.4958 -0.8683
vn 0.0730 -0.6316 -0.7718
vn -0.4220 -0.0126 0.9065
vn -0.7522 -0.0522 0.6569
vn -0.7960 -0.0367 0.6042
vn 0.4541 -0.1921 0.8700
vn 0.1968 -0.0155 -0.9803
vn 0.1798 0.0187 -0.9835
vn 0.8353 0.5498 -0.0065
vn -0.2640 0.0235 0.9642
vn -0.2694 0.0643 0.9609
vn -0.0723 -0.3367 -0.9388
vn 0.2455 -0.7968 -0.5521
vn -0.7477 -0.5554 -0.3638
vn 0.1633 -0.9702 -0.1789
vn -0.8315 -0.5554 0.0063
vn 0.7597 -0.6027 -0.2443
vn 0.0396 0.3532 0.9347
vn 0.8724 -0.4372 -0.2188
vn 0.8393 0.4925 -0.2303
vn 0.6781 0.6540 0.3353
vn 0.3130 -0.0479 -0.9485
vn 0.0097 -0.0126 -0.9999
vn 0.3675 -0.1086 -0.9237
vn -0.3125 -0.9422 0.1206
vn -0.5449 -0.8368 0.0532
vn -0.7446 -0.6674 0.0127
vn -0.1173 0.9643 -0.2376
vn 0.1304 0.9642 -0.2307
vn -0.1688 0.9368 -0.3066
vn -0.0282 -0.0939 0.9952
vn -0.0390 -0.3546 -0.9342
vn -0.6353 0.4820 -0.6034
vn 0.8251 0.5583 0.0873
vn -0.0104 0.9801 -0.1984
vn 0.3568 0.9279 -0.1084
vn 0.5747 0.8171 -0.0461
vn 0.0933 -0.1752 0.9801
vn 0.2861 -0.1452 -0.9471
vn 0.7776 0.6219 0.0930
vn 0.7679 0.6219 -0.1535
vn 0.7247 0.6742 0.1427
vn -0.0361 -0.0113 0.9993
vn 0.2794 0.9563 -0.0856
vn 0.1096 0.9534 0.2812
vn 0.2114 0.9563 0.2018
vn 0.3719 0.9215 -0.1121
vn -0.2463 0.7919 0.5588
vn -0.3478 -0.8701 0.3491
vn -0.3914 -0.8747 0.2859
vn -0.3752 -0.9075 0.1888
vn -0.3306 -0.9098 0.2509
vn 0.7751 -0.0410 -0.6305
vn 0.5792 0.0013 0.8152
vn 0.0753 -0.9811 -0.1782
vn -0.7914 0.6111 0.0150
vn 0.1799 -0.7441 -0.6434
vn -0.7007 0.6111 -0.3681
vn 0.2156 0.0352 -0.9759
vn 0.2165 0.0940 -0.9717
vn 0.0496 0.7709 -0.6351
vn -0.2686 -0.0179 0.9631
vn -0.2462 0.0317 0.9687
vn 0.7870 -0.6167 -0.0151
vn 0.9768 -0.1037 0.1875
vn -0.0982 0.9801 0.1727
vn -0.3310 -0.4622 -0.8227
vn 0.0238 -0.9180 0.3958
vn 0.0347 -0.9168 0.3978
vn 0.0427 -0.9367 0.3475
vn 0.0222 -0.9418 0.3354
vn 0.5882 -0.8073 -0.0482
vn 0.0787 -0.1214 -0.9895
vn 0.3056 -0.4892 -0.8169
vn -0.6093 0.7918 0.0436
vn -0.1452 0.2968 0.9438
vn -0.2899 -0.1555 0.9443
vn -0.1849 0.4820 -0.8564
vn -0.7037 0.4353 0.5616
vn -0.2298 0.9607 -0.1556
vn -0.2566 0.9480 -0.1885
vn -0.2101 0.9613 -0.1781
vn -0.3308 0.9188 -0.2153
vn -0.3236 0.9148 -0.2416
vn -0.2897 0.9245 -0.2476
vn -0.2981 0.9355 -0.1896
vn 0.0903 -0.8132 0.5749
vn -0.2710 0.8353 0.4783
vn -0.3590 0.8838 -0.2999
vn -0.3437 0.9028 -0.2586
vn -0.3663 0.8857 -0.2853
vn -0.0899 0.8111 -0.5779
vn -0.1525 0.6515 -0.7432
vn -0.0429 0.9613 -0.2722
vn -0.0275 0.9480 -0.3172
vn -0.0822 0.9550 -0.2852
vn 0.4174 0.9004 0.1226
vn 0.5256 0.8441 0.1060
vn 0.4784 0.8718 0.1052
vn 0.3849 0.9185 0.0909
vn 0.4286 -0.0827 -0.8997
vn 0.4283 -0.0830 -0.8998
vn -0.0942 0.0917 0.9913
vn -0.0461 -0.4639 -0.8847
vn -0.2525 -0.9535 -0.1648
vn -0.2996 -0.9534 0.0341
vn -0.0024 -0.9767 -0.2145
vn -0.3469 -0.3088 -0.8856
vn -0.1153 -0.2499 -0.9614
vn -0.2517 -0.1606 -0.9544
vn 0.3736 -0.3367 -0.8643
vn 0.4887 0.7885 0.3735
vn -0.1634 -0.1582 0.9738
vn -0.0972 -0.1732 -0.9801
vn 0.1911 0.3464 -0.9184
vn 0.6742 0.4282 0.6017
g Plant_1_Plant_1_Collor_Material
usemtl Collor_Material
s off
f 8/1/1 29/2/2 22/3/3
f 29/4/4 6/5/5 26/6/6
f 33/7/7 4/8/8 18/9/9
f 2/10/10 33/11/11 14/12/12
f 44/13/13 65/14/14 58/15/15
f 65/16/16 42/17/17 62/18/18
f 69/19/19 40/20/20 54/21/21
f 38/22/22 69/23/23 50/24/24
f 92/25/25 94/26/26 93/27/27 78/28/28
f 94/29/29 90/30/30 80/31/31 93/32/32
f 531/33/33 519/34/33 523/35/33 543/36/33
f 88/37/34 96/38/35 95/39/36 76/40/37
f 116/41/38 137/42/39 130/43/40
f 137/44/41 114/45/42 134/46/43
f 141/47/44 112/48/45 126/49/46
f 110/50/47 141/51/48 122/52/49
f 162/53/50 148/54/51 158/55/52
f 161/56/53 150/57/54 160/58/55
f 152/59/56 161/60/57 159/61/58
f 146/62/59 162/63/60 157/64/61
f 170/65/62 157/66/63 179/67/64
f 167/68/65 158/69/66 159/70/67
f 188/71/68 209/72/69 202/73/70
f 209/74/71 186/75/72 206/76/73
f 213/77/74 184/78/75 198/79/76
f 182/80/77 213/81/78 194/82/79
f 48/83/18 42/84/80 65/85/81 44/86/82
f 246/87/83 220/88/84 242/89/85
f 245/90/86 222/91/87 244/92/88
f 268/93/89 271/94/89 256/95/89
f 110/96/90 118/97/91 112/98/92 141/99/93
f 592/100/94 600/101/95 594/102/96 608/103/97
f 270/104/98 269/105/98 258/106/98
f 272/107/99 256/108/100 271/109/101
f 293/110/102 314/111/103 307/112/104
f 314/113/105 291/114/106 311/115/107
f 318/116/108 289/117/109 303/118/110
f 287/119/111 318/120/112 299/121/113
f 329/122/114 346/123/115 341/124/116
f 346/125/117 327/126/118 344/127/119
f 349/128/120 325/129/121 338/130/122
f 323/131/123 349/132/124 335/133/125
f 377/134/126 382/135/127 380/136/128 357/137/129
f 412/138/130 424/139/130 436/140/130 416/141/130
f 309/142/131 305/143/131 303/144/131 307/145/131
f 365/146/132 386/147/133 367/148/134
f 373/149/135 382/150/136 375/151/137
f 560/152/138 566/153/138 564/154/138 556/155/138
f 407/156/139 409/157/140 400/158/141 393/159/142
f 400/160/143 409/161/144 402/162/145
f 436/163/146 441/164/147 439/165/148 416/166/149
f 171/167/150 170/168/150 179/169/150 180/170/150
f 412/171/151 443/172/152 445/173/153 424/174/154
f 424/175/155 445/176/156 426/177/157
f 432/178/158 441/179/159 434/180/160
f 472/181/161 448/182/162 460/183/163
f 454/184/164 475/185/165 468/186/166
f 475/187/167 452/188/168 472/189/169
f 479/190/170 450/191/171 464/192/172
f 450/193/173 468/194/174 464/195/175
f 448/196/176 479/197/177 460/198/178
f 490/199/179 511/200/180 504/201/181
f 511/202/182 488/203/183 508/204/184
f 515/205/185 486/206/186 500/207/187
f 484/208/188 515/209/189 496/210/190
f 526/211/191 547/212/192 540/213/193
f 547/214/194 524/215/195 544/216/196
f 551/217/197 522/218/198 536/219/199
f 520/220/200 551/221/201 532/222/202
f 572/223/203 558/224/204 568/225/205
f 571/226/206 560/227/207 570/228/208
f 562/229/209 571/230/210 569/231/211
f 556/232/212 572/233/213 567/234/214
f 580/235/215 567/236/216 589/237/217
f 577/238/218 568/239/219 569/240/220
f 608/241/221 594/242/222 604/243/95
f 607/244/223 596/245/224 606/246/225
f 598/247/226 607/248/227 605/249/228
f 592/250/229 608/251/230 603/252/231
f 618/253/232 603/254/233 630/255/234
f 614/256/235 604/257/236 605/258/237
f 650/259/238 636/260/239 646/261/240
f 649/262/241 638/263/242 648/264/243
f 640/265/244 649/266/245 647/267/246
f 634/268/247 650/269/248 645/270/249
f 654/271/250 646/272/251 647/273/252
f 656/274/253 645/275/254 662/276/255
f 85/277/256 96/278/257 102/279/257 99/280/257
f 667/281/258 674/282/259 669/283/260
f 687/284/261 677/285/262 685/286/263
f 288/287/264 294/288/264 319/289/264 302/290/264
f 524/291/265 530/292/265 528/293/265 520/294/265
f 5/295/266 11/296/266 30/297/266 25/298/266
f 6/299/267 12/300/267 10/301/267 2/302/267
f 361/303/268 363/304/268 359/305/268 355/306/268
f 30/307/269 11/308/269 7/309/269 21/310/269
f 7/311/270 3/312/270 17/313/270 21/314/270
f 664/315/271 672/316/272 674/317/273 667/318/274
f 506/319/275 502/320/275 500/321/275 504/322/275
f 3/323/276 9/324/276 34/325/276 17/326/276
f 597/327/277 593/328/277 609/329/277 613/330/277
f 2/331/278 14/332/278 26/333/278 6/334/278
f 298/335/279 300/336/279 321/337/279 319/338/279
f 19/339/280 36/340/280 35/341/280 20/342/280
f 17/343/281 34/344/281 36/345/281 19/346/281
f 31/347/282 29/348/282 26/349/282 28/350/282
f 27/351/283 32/352/283 31/353/283 28/354/283
f 604/355/284 610/356/284 628/357/284 608/358/284
f 267/359/285 262/360/285 268/361/285 273/362/285
f 22/363/286 18/364/286 4/365/286 8/366/286
f 578/367/287 577/368/287 584/369/287 583/370/287
f 331/371/288 333/372/288 329/373/288 325/374/288
f 471/375/289 451/376/289 457/377/289 476/378/289
f 21/379/290 23/380/290 32/381/290 30/382/290
f 28/383/291 26/384/291 14/385/291 16/386/291
f 27/387/292 28/388/292 16/389/292 15/390/292
f 25/391/293 27/392/293 15/393/293 13/394/293
f 35/395/294 16/396/294 14/397/294 33/398/294
f 102/399/295 104/400/295 103/401/295 101/402/295
f 25/403/296 30/404/296 32/405/296 27/406/296
f 45/407/297 37/408/297 49/409/297 70/410/297
f 38/411/298 50/412/298 62/413/298 42/414/298
f 605/415/299 607/416/299 624/417/299 614/418/299
f 42/419/300 48/420/300 46/421/300 38/422/300
f 218/423/301 222/424/301 228/425/301 226/426/301
f 47/427/302 43/428/302 57/429/302 66/430/302
f 43/431/303 39/432/303 53/433/303 57/434/303
f 58/435/304 54/436/304 40/437/304 44/438/304
f 53/439/305 39/440/305 45/441/305 70/442/305
f 246/443/306 218/444/307 226/445/85 220/446/308
f 154/447/309 156/448/309 152/449/309 148/450/309
f 139/451/310 132/452/311 130/453/311 137/454/311
f 34/455/312 9/456/312 1/457/312 13/458/312
f 215/459/313 213/460/313 198/461/313 200/462/313
f 67/463/314 65/464/314 62/465/314 64/466/314
f 257/467/315 254/468/315 280/469/315 282/470/315
f 61/471/316 66/472/316 68/473/316 63/474/316
f 60/475/317 56/476/317 54/477/317 58/478/317
f 499/479/318 516/480/318 518/481/318 501/482/318
f 53/483/319 55/484/319 59/485/319 57/486/319
f 158/487/320 164/488/320 177/489/320 162/490/320
f 59/491/321 60/492/321 67/493/321 68/494/321
f 53/495/322 70/496/322 72/497/322 55/498/322
f 561/499/323 557/500/323 573/501/323 576/502/323
f 63/503/324 64/504/324 52/505/324 51/506/324
f 63/507/325 68/508/325 67/509/325 64/510/325
f 71/511/326 52/512/326 50/513/326 69/514/326
f 51/515/327 52/516/327 71/517/327 72/518/327
f 49/519/328 51/520/328 72/521/328 70/522/328
f 80/523/329 84/524/330 93/525/331
f 95/526/332 82/527/333 76/528/334
f 625/529/335 599/530/335 591/531/335 629/532/335
f 467/533/336 463/534/336 465/535/336 469/536/336
f 82/537/337 84/538/337 80/539/337 76/540/337
f 93/541/338 84/542/339 78/543/340
f 90/544/341 88/545/341 76/546/341 80/547/341
f 77/548/342 83/549/342 108/550/342 97/551/342
f 49/552/343 61/553/343 63/554/343 51/555/343
f 75/556/344 81/557/344 101/558/344 103/559/344
f 74/560/345 82/561/346 95/562/347
f 274/563/348 275/564/348 277/565/348 276/566/348
f 87/567/349 104/568/350 102/569/351 96/570/350
f 307/571/352 303/572/352 289/573/352 293/574/352
f 87/575/353 89/576/353 106/577/353 104/578/353
f 89/579/354 94/580/354 107/581/354 106/582/354
f 509/583/355 510/584/355 498/585/355 497/586/355
f 91/587/356 98/588/356 107/589/356 94/590/356
f 94/591/357 89/592/358 90/593/359
f 88/594/360 90/595/360 89/596/360 87/597/360
f 92/598/361 91/599/362 94/600/363
f 535/601/364 552/602/364 554/603/364 537/604/364
f 88/605/365 87/606/366 96/607/367
f 104/608/368 106/609/368 105/610/368 103/611/368
f 108/612/369 83/613/369 79/614/369 105/615/369
f 79/616/370 75/617/370 103/618/370 105/619/370
f 96/620/371 85/621/372 86/622/373
f 107/623/374 98/624/374 97/625/374 108/626/374
f 78/627/375 84/628/375 82/629/375 74/630/375
f 403/631/376 390/632/376 394/633/376 408/634/376
f 100/635/377 99/636/377 102/637/377 101/638/377
f 493/639/378 489/640/378 503/641/378 512/642/378
f 113/643/379 119/644/379 138/645/379 133/646/379
f 121/647/380 109/648/380 113/649/380 133/650/380
f 142/651/381 117/652/381 109/653/381 121/654/381
f 655/655/382 656/656/382 662/657/382 661/658/382
f 118/659/383 120/660/383 116/661/383 112/662/383
f 15/663/384 16/664/384 35/665/384 36/666/384
f 121/667/385 123/668/385 144/669/385 142/670/385
f 378/671/386 379/672/386 367/673/386 366/674/386
f 116/675/387 120/676/388 137/677/389
f 455/678/390 447/679/390 459/680/390 480/681/390
f 137/682/391 120/683/43 114/684/392
f 542/685/393 538/686/393 536/687/393 540/688/393
f 110/689/394 122/690/394 134/691/394 114/692/394
f 647/693/395 646/694/395 636/695/395 640/696/395
f 127/697/396 144/698/396 143/699/396 128/700/396
f 125/701/397 142/702/397 144/703/398 127/704/397
f 139/705/399 137/706/399 134/707/399 136/708/399
f 135/709/400 140/710/400 139/711/400 136/712/400
f 343/713/401 345/714/401 336/715/401 334/716/401
f 132/717/402 128/718/402 126/719/402 130/720/402
f 49/721/403 37/722/403 41/723/403 61/724/403
f 222/725/404 218/726/404 241/727/404 244/728/404
f 452/729/405 458/730/405 456/731/405 448/732/405
f 582/733/406 565/734/406 561/735/406 576/736/406
f 129/737/407 131/738/407 140/739/408 138/740/407
f 12/741/6 6/742/409 29/743/410 8/744/411
f 135/745/412 136/746/412 124/747/412 123/748/412
f 133/749/413 135/750/413 123/751/413 121/752/413
f 143/753/414 124/754/414 122/755/414 141/756/414
f 174/757/415 170/758/415 171/759/415 173/760/415
f 477/761/416 470/762/416 468/763/416 475/764/416
f 152/765/417 156/766/418 150/767/419 161/768/420
f 420/769/421 422/770/421 418/771/421 414/772/421
f 402/773/422 671/774/422 670/775/422 400/776/422
f 159/777/423 158/778/423 148/779/423 152/780/423
f 150/781/424 156/782/424 154/783/424 146/784/424
f 268/785/425 262/786/425 265/787/425 271/788/425
f 423/789/426 411/790/426 415/791/426 435/792/426
f 170/793/427 160/794/64 157/795/428
f 473/796/429 478/797/429 477/798/429 474/799/429
f 167/800/430 164/801/67 158/802/431
f 351/803/432 336/804/432 335/805/432 349/806/432
f 553/807/433 534/808/433 532/809/433 551/810/433
f 163/811/434 175/812/434 176/813/434 165/814/434
f 160/815/435 170/816/435 174/817/435 161/818/435
f 655/819/436 637/820/436 643/821/436 657/822/436
f 408/823/437 399/824/437 401/825/437 410/826/437
f 567/827/438 572/828/438 587/829/438 589/830/438
f 428/831/439 445/832/440 443/833/441 414/834/442
f 573/835/443 557/836/443 563/837/443 585/838/443
f 168/839/444 167/840/444 174/841/444 173/842/444
f 178/843/445 169/844/445 171/845/445 180/846/445
f 164/847/446 167/848/446 168/849/446 165/850/446
f 267/851/447 279/852/447 277/853/447 262/854/447
f 658/855/448 656/856/448 655/857/448 657/858/448
f 620/859/449 619/860/449 631/861/449 632/862/449
f 177/863/450 164/864/450 165/865/450 176/866/450
f 266/867/451 285/868/451 283/869/451 264/870/451
f 157/871/452 162/872/452 177/873/452 179/874/452
f 147/875/453 153/876/453 175/877/453 163/878/453
f 178/879/454 145/880/454 149/881/454 169/882/454
f 205/883/455 185/884/455 191/885/455 210/886/455
f 193/887/456 181/888/456 185/889/456 205/890/456
f 189/891/457 181/892/457 193/893/457 214/894/457
f 111/895/458 117/896/458 142/897/458 125/898/458
f 190/899/459 192/900/459 188/901/459 184/902/459
f 197/903/460 183/904/460 189/905/460 214/906/460
f 375/907/461 371/908/461 369/909/461 373/910/461
f 504/911/462 500/912/462 486/913/462 490/914/462
f 188/915/463 192/916/70 209/917/464
f 123/918/465 124/919/465 143/920/465 144/921/465
f 209/922/466 192/923/73 186/924/467
f 213/925/468 190/926/76 184/927/469
f 182/928/470 194/929/470 206/930/470 186/931/470
f 159/932/471 161/933/471 174/934/471 167/935/471
f 199/936/472 216/937/472 215/938/472 200/939/472
f 308/940/473 304/941/473 305/942/473 309/943/473
f 211/944/474 209/945/474 206/946/474 208/947/474
f 326/948/475 332/949/475 347/950/475 343/951/475
f 205/952/476 210/953/476 212/954/476 207/955/476
f 323/956/477 331/957/122 325/958/478 349/959/479
f 187/960/480 183/961/480 197/962/480 201/963/480
f 201/964/481 197/965/481 199/966/481 203/967/481
f 549/968/482 542/969/482 540/970/482 547/971/482
f 203/972/483 204/973/483 211/974/483 212/975/483
f 115/976/484 111/977/484 125/978/484 129/979/484
f 208/980/485 206/981/485 194/982/485 196/983/485
f 207/984/486 208/985/486 196/986/486 195/987/486
f 186/988/487 192/989/487 190/990/487 182/991/487
f 215/992/488 196/993/488 194/994/488 213/995/488
f 421/996/489 417/997/489 431/998/489 440/999/489
f 193/1000/490 195/1001/490 216/1002/490 214/1003/490
f 182/1004/491 190/1005/492 213/1006/493
f 245/1007/494 243/1008/495 224/1009/496
f 228/1010/88 222/1011/497 245/1012/498 224/1013/499
f 539/1014/500 535/1015/500 537/1016/500 541/1017/500
f 310/1018/501 312/1019/501 300/1020/501 298/1021/501
f 228/1022/502 224/1023/502 220/1024/502 226/1025/502
f 224/1026/503 243/1027/503 242/1028/503 220/1029/503
f 234/1030/504 232/1031/504 242/1032/504 243/1033/504
f 664/1034/505 667/1035/505 404/1036/505 391/1037/505
f 240/1038/506 231/1039/506 250/1040/506 249/1041/506
f 237/1042/507 234/1043/507 243/1044/507 245/1045/507
f 520/1046/508 532/1047/508 544/1048/508 524/1049/508
f 143/1050/509 141/1051/509 126/1052/509 128/1053/509
f 497/1054/510 498/1055/510 517/1056/511 518/1057/510
f 242/1058/512 232/1059/512 239/1060/512 246/1061/512
f 246/1062/513 241/1063/514 218/1064/515
f 223/1065/516 219/1066/516 250/1067/516 251/1068/516
f 229/1069/517 230/1070/517 239/1071/517 240/1072/517
f 231/1073/518 232/1074/518 234/1075/518 233/1076/518
f 233/1077/519 234/1078/519 237/1079/519 238/1080/519
f 46/1081/520 48/1082/520 44/1083/520 40/1084/520
f 324/1085/521 330/1086/521 350/1087/521 337/1088/521
f 231/1089/522 233/1090/522 251/1091/523 250/1092/522
f 229/1093/524 248/1094/524 247/1095/524 235/1096/524
f 223/1097/525 251/1098/525 252/1099/525 227/1100/525
f 284/1101/526 260/1102/526 257/1103/526 282/1104/526
f 221/1105/527 247/1106/527 248/1107/527 217/1108/527
f 238/1109/528 235/1110/528 247/1111/528 252/1112/528
f 217/1113/529 248/1114/529 249/1115/529 225/1116/529
f 254/1117/530 259/1118/530 278/1119/530 280/1120/530
f 631/1121/531 630/1122/531 628/1123/531 627/1124/531
f 272/1125/532 270/1126/533 258/1127/534
f 258/1128/535 269/1129/536 273/1130/537
f 266/1131/538 265/1132/538 275/1133/538 285/1134/538
f 264/1135/539 263/1136/539 269/1137/539 270/1138/539
f 24/1139/540 20/1140/540 18/1141/540 22/1142/540
f 278/1143/541 259/1144/541 253/1145/541 276/1146/541
f 266/1147/542 264/1148/542 270/1149/542 272/1150/542
f 64/1151/543 62/1152/543 50/1153/543 52/1154/543
f 202/1155/544 198/1156/544 184/1157/544 188/1158/544
f 276/1159/545 253/1160/545 255/1161/545 274/1162/545
f 221/1163/546 227/1164/546 252/1165/546 247/1166/546
f 269/1167/547 263/1168/547 267/1169/547 273/1170/547
f 255/1171/548 260/1172/548 284/1173/548 274/1174/548
f 263/1175/549 264/1176/549 283/1177/549 281/1178/549
f 178/1179/550 180/1180/550 176/1181/550 175/1182/550
f 163/1183/551 165/1184/551 168/1185/551 166/1186/551
f 166/1187/552 168/1188/552 173/1189/552 172/1190/552
f 273/1191/553 268/1192/554 256/1193/555
f 590/1194/556 589/1195/556 587/1196/556 586/1197/556
f 280/1198/557 278/1199/557 279/1200/557 281/1201/557
f 488/1202/558 494/1203/558 492/1204/558 484/1205/558
f 282/1206/559 280/1207/559 281/1208/559 283/1209/559
f 274/1210/560 284/1211/560 285/1212/560 275/1213/560
f 100/1214/561 73/1215/561 77/1216/561 97/1217/561
f 101/1218/562 81/1219/562 73/1220/562 100/1221/562
f 276/1222/563 277/1223/563 279/1224/563 278/1225/563
f 691/1226/564 689/1227/564 688/1228/564 690/1229/564
f 368/1230/565 354/1231/565 360/1232/565 385/1233/565
f 298/1234/566 286/1235/566 290/1236/566 310/1237/566
f 319/1238/567 294/1239/567 286/1240/567 298/1241/567
f 236/1242/568 230/1243/568 229/1244/568 235/1245/568
f 295/1246/569 297/1247/569 293/1248/569 289/1249/569
f 315/1250/570 296/1251/570 292/1252/570 306/1253/570
f 381/1254/571 372/1255/571 374/1256/571 383/1257/571
f 391/1258/572 395/1259/572 666/1260/572 664/1261/572
f 687/1262/573 679/1263/574 681/1264/263 677/1265/575
f 290/1266/576 296/1267/576 315/1268/576 310/1269/576
f 297/1270/577 291/1271/578 314/1272/579 293/1273/580
f 287/1274/581 299/1275/581 311/1276/581 291/1277/581
f 505/1278/582 506/1279/582 513/1280/582 514/1281/582
f 195/1282/583 196/1283/583 215/1284/583 216/1285/583
f 302/1286/584 319/1287/584 321/1288/584 304/1289/584
f 238/1290/585 252/1291/585 251/1292/585 233/1293/585
f 312/1294/586 317/1295/586 316/1296/586 313/1297/586
f 31/1298/587 24/1299/587 22/1300/587 29/1301/587
f 96/1302/588 86/1303/589 74/1304/590 95/1305/591
f 481/1306/592 462/1307/592 460/1308/592 479/1309/592
f 306/1310/593 302/1311/593 304/1312/593 308/1313/593
f 316/1314/594 309/1315/594 307/1316/594 314/1317/594
f 304/1318/595 321/1319/595 320/1320/595 305/1321/595
f 306/1322/596 308/1323/596 317/1324/596 315/1325/596
f 313/1326/597 311/1327/597 299/1328/597 301/1329/597
f 312/1330/598 313/1331/598 301/1332/598 300/1333/598
f 690/1334/599 680/1335/600 678/1336/600 692/1337/600
f 320/1338/601 301/1339/601 299/1340/601 318/1341/601
f 300/1342/602 301/1343/602 320/1344/602 321/1345/602
f 620/1346/603 622/1347/603 623/1348/603 619/1349/603
f 308/1350/604 309/1351/604 316/1352/604 317/1353/604
f 588/1354/605 590/1355/605 586/1356/605 585/1357/605
f 350/1358/606 330/1359/606 322/1360/606 334/1361/606
f 327/1362/607 333/1363/607 331/1364/607 323/1365/607
f 570/1366/608 580/1367/608 584/1368/608 571/1369/608
f 347/1370/609 332/1371/609 328/1372/609 340/1373/609
f 328/1374/610 324/1375/610 337/1376/610 340/1377/610
f 114/1378/611 120/1379/611 118/1380/611 110/1381/611
f 403/1382/612 405/1383/612 668/1384/612 396/1385/612
f 503/1386/613 499/1387/613 501/1388/613 505/1389/613
f 146/1390/614 154/1391/52 148/1392/615 162/1393/616
f 323/1394/617 335/1395/617 344/1396/617 327/1397/617
f 351/1398/618 349/1399/618 338/1400/618 339/1401/618
f 348/1402/619 345/1403/619 343/1404/619 347/1405/619
f 609/1406/620 625/1407/620 626/1408/620 612/1409/620
f 339/1410/621 342/1411/621 340/1412/621 337/1413/621
f 271/1414/622 265/1415/622 266/1416/622 272/1417/622
f 334/1418/623 336/1419/623 351/1420/623 350/1421/623
f 348/1422/624 342/1423/624 341/1424/624 346/1425/624
f 579/1426/625 581/1427/625 590/1428/625 588/1429/625
f 345/1430/626 344/1431/626 335/1432/626 336/1433/626
f 444/1434/627 446/1435/627 429/1436/627 427/1437/627
f 131/1438/628 132/1439/628 139/1440/628 140/1441/628
f 237/1442/629 236/1443/629 235/1444/629 238/1445/629
f 239/1446/630 230/1447/630 241/1448/630 246/1449/630
f 360/1450/631 352/1451/631 364/1452/631 385/1453/631
f 357/1454/632 363/1455/632 361/1456/632 353/1457/632
f 57/1458/633 59/1459/633 68/1460/633 66/1461/633
f 362/1462/634 358/1463/634 372/1464/634 381/1465/634
f 358/1466/635 354/1467/635 368/1468/635 372/1469/635
f 146/1470/636 157/1471/636 160/1472/636 150/1473/636
f 359/1474/637 363/1475/638 380/1476/639
f 376/1477/640 356/1478/640 362/1479/640 381/1480/640
f 380/1481/641 363/1482/642 357/1483/643
f 384/1484/644 361/1485/645 355/1486/646
f 353/1487/647 365/1488/647 377/1489/647 357/1490/647
f 369/1491/648 386/1492/649 384/1493/650 355/1494/651
f 383/1495/652 382/1496/652 379/1497/652 378/1498/652
f 385/1499/653 387/1500/653 370/1501/653 368/1502/653
f 459/1503/654 461/1504/654 482/1505/654 480/1506/654
f 381/1507/655 383/1508/655 378/1509/655 376/1510/655
f 495/1511/656 483/1512/656 487/1513/656 507/1514/656
f 374/1515/657 370/1516/657 371/1517/657 375/1518/657
f 372/1519/658 368/1520/658 370/1521/658 374/1522/658
f 377/1523/659 379/1524/660 382/1525/661
f 383/1526/662 374/1527/662 375/1528/662 382/1529/662
f 609/1530/663 612/1531/663 616/1532/663 613/1533/663
f 379/1534/664 377/1535/664 365/1536/664 367/1537/664
f 364/1538/665 352/1539/665 356/1540/665 376/1541/665
f 541/1542/666 537/1543/666 538/1544/666 542/1545/666
f 369/1546/667 371/1547/668 386/1548/669
f 387/1549/670 366/1550/670 367/1551/670 386/1552/670
f 310/1553/671 315/1554/671 317/1555/671 312/1556/671
f 353/1557/672 361/1558/673 384/1559/674
f 619/1560/675 623/1561/675 624/1562/675 618/1563/675
f 136/1564/676 134/1565/676 122/1566/676 124/1567/676
f 439/1568/677 441/1569/678 432/1570/679 418/1571/680
f 666/1572/681 395/1573/681 393/1574/681 389/1575/681
f 394/1576/682 392/1577/682 399/1578/682 408/1579/682
f 392/1580/683 388/1581/683 397/1582/683 399/1583/683
f 400/1584/684 670/1585/684 389/1586/684 393/1587/684
f 393/1588/685 395/1589/686 407/1590/687
f 407/1591/688 395/1592/689 391/1593/690
f 342/1594/691 339/1595/691 338/1596/691 341/1597/691
f 97/1598/692 98/1599/692 99/1600/692 100/1601/692
f 408/1602/693 410/1603/693 405/1604/694 403/1605/693
f 273/1606/695 256/1607/696 261/1608/536 258/1609/697
f 261/1610/698 256/1611/699 272/1612/700 258/1613/701
f 399/1614/702 397/1615/702 398/1616/702 401/1617/702
f 404/1618/703 406/1619/704 409/1620/705
f 410/1621/706 401/1622/706 402/1623/707 409/1624/706
f 513/1625/708 506/1626/708 504/1627/708 511/1628/708
f 406/1629/709 404/1630/709 667/1631/709 669/1632/709
f 405/1633/710 406/1634/710 669/1635/710 668/1636/710
f 401/1637/711 398/1638/711 671/1639/711 402/1640/711
f 435/1641/712 415/1642/712 421/1643/712 440/1644/712
f 287/1645/713 295/1646/110 289/1647/714 318/1648/715
f 543/1649/716 523/1650/716 529/1651/716 548/1652/716
f 416/1653/717 422/1654/717 420/1655/717 412/1656/717
f 91/1657/718 92/1658/718 86/1659/718 85/1660/718
f 527/1661/719 519/1662/719 531/1663/719 552/1664/719
f 417/1665/720 413/1666/720 427/1667/720 431/1668/720
f 432/1669/721 428/1670/721 414/1671/721 418/1672/721
f 418/1673/722 422/1674/723 439/1675/724
f 427/1676/725 413/1677/725 419/1678/725 444/1679/725
f 439/1680/726 422/1681/727 416/1682/728
f 443/1683/729 420/1684/730 414/1685/731
f 685/1686/732 682/1687/732 684/1688/732 687/1689/732
f 638/1690/733 644/1691/733 642/1692/733 634/1693/733
f 446/1694/734 445/1695/734 430/1696/734 429/1697/734
f 13/1698/735 15/1699/735 36/1700/735 34/1701/735
f 675/1702/736 674/1703/736 671/1704/736 398/1705/736
f 241/1706/737 230/1707/737 236/1708/737 244/1709/737
f 434/1710/738 430/1711/738 428/1712/738 432/1713/738
f 469/1714/739 465/1715/739 466/1716/739 470/1717/739
f 431/1718/740 427/1719/740 429/1720/740 433/1721/740
f 436/1722/741 438/1723/742 441/1724/743
f 442/1725/744 433/1726/744 434/1727/745 441/1728/744
f 440/1729/746 431/1730/746 433/1731/747 442/1732/746
f 151/1733/748 147/1734/748 163/1735/748 166/1736/748
f 473/1737/749 474/1738/749 462/1739/749 461/1740/749
f 396/1741/750 663/1742/750 390/1743/750 403/1744/750
f 428/1745/751 430/1746/752 445/1747/753
f 442/1748/754 441/1749/754 438/1750/755 437/1751/754
f 444/1752/756 423/1753/756 425/1754/756 446/1755/756
f 412/1756/757 420/1757/758 443/1758/759
f 138/1759/760 119/1760/760 115/1761/760 129/1762/760
f 459/1763/761 447/1764/761 451/1765/761 471/1766/761
f 23/1767/762 24/1768/762 31/1769/762 32/1770/762
f 673/1771/763 675/1772/763 398/1773/764 397/1774/763
f 456/1775/765 458/1776/765 454/1777/765 450/1778/765
f 457/1779/766 453/1780/766 467/1781/766 476/1782/766
f 131/1783/767 127/1784/767 128/1785/767 132/1786/767
f 472/1787/768 452/1788/769 448/1789/770
f 454/1790/771 458/1791/166 475/1792/772
f 463/1793/773 449/1794/773 455/1795/773 480/1796/773
f 475/1797/774 458/1798/169 452/1799/775
f 479/1800/776 456/1801/777 450/1802/778
f 450/1803/779 454/1804/175 468/1805/780
f 481/1806/781 479/1807/781 464/1808/781 466/1809/781
f 169/1810/782 172/1811/782 173/1812/782 171/1813/782
f 463/1814/783 480/1815/783 482/1816/783 465/1817/783
f 477/1818/784 475/1819/785 472/1820/785 474/1821/785
f 149/1822/786 155/1823/786 172/1824/786 169/1825/786
f 471/1826/787 476/1827/787 478/1828/787 473/1829/787
f 38/1830/788 46/1831/789 40/1832/790 69/1833/791
f 615/1834/792 611/1835/792 610/1836/792 614/1837/792
f 341/1838/793 338/1839/793 325/1840/793 329/1841/793
f 133/1842/794 138/1843/794 140/1844/794 135/1845/794
f 469/1846/795 470/1847/795 477/1848/795 478/1849/795
f 446/1850/796 425/1851/796 426/1852/796 445/1853/796
f 474/1854/797 472/1855/797 460/1856/797 462/1857/797
f 433/1858/798 429/1859/798 430/1860/798 434/1861/798
f 471/1862/799 473/1863/799 461/1864/799 459/1865/799
f 201/1866/800 203/1867/800 212/1868/800 210/1869/800
f 461/1870/801 462/1871/801 481/1872/801 482/1873/801
f 467/1874/802 469/1875/802 478/1876/802 476/1877/802
f 448/1878/803 456/1879/804 479/1880/805
f 507/1881/806 487/1882/806 493/1883/806 512/1884/806
f 596/1885/807 602/1886/807 600/1887/807 592/1888/807
f 491/1889/808 483/1890/808 495/1891/808 516/1892/808
f 55/1893/809 72/1894/809 71/1895/809 56/1896/809
f 492/1897/810 494/1898/810 490/1899/810 486/1900/810
f 499/1901/811 485/1902/811 491/1903/811 516/1904/811
f 489/1905/812 485/1906/812 499/1907/812 503/1908/812
f 130/1909/813 126/1910/813 112/1911/813 116/1912/813
f 490/1913/814 494/1914/181 511/1915/815
f 105/1916/816 106/1917/816 107/1918/816 108/1919/816
f 511/1920/817 494/1921/818 488/1922/819
f 515/1923/820 492/1924/187 486/1925/821
f 484/1926/822 496/1927/822 508/1928/822 488/1929/822
f 61/1930/823 41/1931/823 47/1932/823 66/1933/823
f 501/1934/824 518/1935/824 517/1936/824 502/1937/824
f 503/1938/825 505/1939/825 514/1940/825 512/1941/825
f 513/1942/826 511/1943/826 508/1944/827 510/1945/826
f 509/1946/828 514/1947/828 513/1948/828 510/1949/828
f 507/1950/829 512/1951/829 514/1952/829 509/1953/829
f 574/1954/830 577/1955/830 578/1956/830 575/1957/830
f 505/1958/831 501/1959/831 502/1960/831 506/1961/831
f 207/1962/832 212/1963/832 211/1964/832 208/1965/832
f 10/1966/833 12/1967/833 8/1968/833 4/1969/833
f 240/1970/834 249/1971/834 248/1972/834 229/1973/834
f 373/1974/835 369/1975/835 355/1976/835 359/1977/835
f 510/1978/836 508/1979/836 496/1980/836 498/1981/836
f 203/1982/837 199/1983/837 200/1984/837 204/1985/837
f 507/1986/838 509/1987/838 497/1988/838 495/1989/838
f 517/1990/839 498/1991/840 496/1992/840 515/1993/840
f 545/1994/841 550/1995/841 549/1996/841 546/1997/841
f 495/1998/842 497/1999/842 518/2000/842 516/2001/842
f 484/2002/843 492/2003/844 515/2004/845
f 205/2005/846 207/2006/846 195/2007/846 193/2008/846
f 85/2009/847 99/2010/847 98/2011/847 91/2012/847
f 419/2013/848 411/2014/848 423/2015/848 444/2016/848
f 568/2017/849 574/2018/849 587/2019/849 572/2020/849
f 528/2021/850 530/2022/850 526/2023/850 522/2024/850
f 529/2025/851 525/2026/851 539/2027/851 548/2028/851
f 525/2029/852 521/2030/852 535/2031/852 539/2032/852
f 540/2033/853 536/2034/853 522/2035/853 526/2036/853
f 526/2037/854 530/2038/855 547/2039/856
f 535/2040/857 521/2041/857 527/2042/857 552/2043/857
f 547/2044/858 530/2045/196 524/2046/859
f 551/2047/860 528/2048/861 522/2049/862
f 244/2050/863 236/2051/863 237/2052/863 245/2053/863
f 553/2054/864 551/2055/865 536/2056/865 538/2057/865
f 74/2058/866 86/2059/866 92/2060/866 78/2061/866
f 539/2062/867 541/2063/867 550/2064/867 548/2065/867
f 549/2066/868 547/2067/869 544/2068/869 546/2069/869
f 175/2070/870 153/2071/870 145/2072/870 178/2073/870
f 543/2074/871 548/2075/871 550/2076/871 545/2077/871
f 470/2078/872 466/2079/872 464/2080/872 468/2081/872
f 639/2082/873 635/2083/873 651/2084/873 653/2085/873
f 59/2086/874 55/2087/874 56/2088/874 60/2089/874
f 197/2090/875 214/2091/875 216/2092/875 199/2093/875
f 541/2094/876 542/2095/876 549/2096/876 550/2097/876
f 387/2098/877 386/2099/877 371/2100/877 370/2101/877
f 546/2102/878 544/2103/878 532/2104/878 534/2105/878
f 545/2106/879 546/2107/879 534/2108/879 533/2109/879
f 543/2110/880 545/2111/880 533/2112/880 531/2113/880
f 211/2114/881 204/2115/881 202/2116/881 209/2117/881
f 533/2118/882 534/2119/882 553/2120/883 554/2121/882
f 531/2122/884 533/2123/884 554/2124/884 552/2125/884
f 520/2126/885 528/2127/202 551/2128/886
f 562/2129/887 566/2130/208 560/2131/888 571/2132/889
f 556/2133/890 567/2134/890 570/2135/890 560/2136/890
f 435/2137/891 437/2138/891 425/2139/891 423/2140/891
f 292/2141/892 288/2142/892 302/2143/892 306/2144/892
f 23/2145/893 19/2146/893 20/2147/893 24/2148/893
f 564/2149/894 566/2150/894 562/2151/894 558/2152/894
f 376/2153/895 378/2154/895 366/2155/895 364/2156/895
f 580/2157/896 570/2158/897 567/2159/898
f 661/2160/899 662/2161/899 660/2162/899 659/2163/899
f 577/2164/900 574/2165/901 568/2166/902
f 559/2167/903 565/2168/903 582/2169/903 579/2170/903
f 569/2171/904 571/2172/904 584/2173/904 577/2174/904
f 563/2175/905 555/2176/905 588/2177/905 585/2178/905
f 569/2179/906 568/2180/906 558/2181/906 562/2182/906
f 191/2183/907 187/2184/907 201/2185/907 210/2186/907
f 632/2187/908 631/2188/908 627/2189/908 626/2190/908
f 648/2191/909 656/2192/909 658/2193/909 649/2194/909
f 581/2195/910 580/2196/910 589/2197/910 590/2198/910
f 617/2199/911 621/2200/912 622/2201/912 620/2202/912
f 180/2203/913 179/2204/913 177/2205/913 176/2206/913
f 262/2207/914 277/2208/914 275/2209/914 265/2210/914
f 204/2211/915 200/2212/915 198/2213/915 202/2214/915
f 576/2215/916 578/2216/916 583/2217/916 582/2218/916
f 584/2219/917 580/2220/917 581/2221/917 583/2222/917
f 576/2223/918 573/2224/918 575/2225/918 578/2226/918
f 587/2227/919 574/2228/919 575/2229/919 586/2230/919
f 13/2231/920 1/2232/920 5/2233/920 25/2234/920
f 603/2235/921 608/2236/921 628/2237/921 630/2238/921
f 573/2239/922 585/2240/922 586/2241/923 575/2242/922
f 588/2243/924 555/2244/924 559/2245/924 579/2246/924
f 598/2247/925 602/2248/926 596/2249/927 607/2250/928
f 129/2251/929 125/2252/929 127/2253/929 131/2254/929
f 333/2255/930 327/2256/931 346/2257/932 329/2258/933
f 605/2259/934 604/2260/934 594/2261/934 598/2262/934
f 453/2263/935 449/2264/935 463/2265/935 467/2266/935
f 600/2267/936 602/2268/936 598/2269/936 594/2270/936
f 437/2271/937 438/2272/937 426/2273/937 425/2274/937
f 618/2275/938 606/2276/234 603/2277/939
f 593/2278/940 599/2279/940 625/2280/940 609/2281/940
f 614/2282/941 610/2283/237 604/2284/942
f 684/2285/943 691/2286/943 693/2287/943 683/2288/943
f 67/2289/944 60/2290/944 58/2291/944 65/2292/944
f 595/2293/945 601/2294/945 621/2295/945 617/2296/945
f 606/2297/946 618/2298/946 624/2299/946 607/2300/946
f 621/2301/947 601/2302/947 597/2303/947 613/2304/947
f 440/2305/948 442/2306/948 437/2307/948 435/2308/948
f 351/2309/949 339/2310/949 337/2311/949 350/2312/949
f 316/2313/950 314/2314/950 311/2315/950 313/2316/950
f 35/2317/951 33/2318/951 18/2319/951 20/2320/951
f 629/2321/952 632/2322/952 626/2323/952 625/2324/952
f 619/2325/953 618/2326/953 630/2327/953 631/2328/953
f 592/2329/954 603/2330/954 606/2331/954 596/2332/954
f 629/2333/955 617/2334/955 620/2335/955 632/2336/955
f 615/2337/956 614/2338/956 624/2339/956 623/2340/956
f 616/2341/957 615/2342/957 623/2343/957 622/2344/957
f 613/2345/958 616/2346/958 622/2347/958 621/2348/958
f 556/2349/959 564/2350/205 558/2351/960 572/2352/961
f 616/2353/962 612/2354/962 611/2355/962 615/2356/962
f 340/2357/963 342/2358/963 348/2359/963 347/2360/963
f 397/2361/964 388/2362/964 665/2363/964 673/2364/964
f 385/2365/965 364/2366/965 366/2367/965 387/2368/965
f 645/2369/966 650/2370/966 660/2371/966 662/2372/966
f 611/2373/967 627/2374/967 628/2375/967 610/2376/967
f 612/2377/968 626/2378/968 627/2379/968 611/2380/968
f 21/2381/969 17/2382/969 19/2383/969 23/2384/969
f 629/2385/970 591/2386/970 595/2387/970 617/2388/970
f 2/2389/971 10/2390/9 4/2391/972 33/2392/973
f 634/2393/974 645/2394/974 648/2395/974 638/2396/974
f 634/2397/975 642/2398/976 636/2399/977 650/2400/978
f 71/2401/979 69/2402/979 54/2403/979 56/2404/979
f 380/2405/980 382/2406/981 373/2407/982 359/2408/983
f 642/2409/984 644/2410/984 640/2411/984 636/2412/984
f 438/2413/985 436/2414/985 424/2415/985 426/2416/985
f 647/2417/986 649/2418/986 658/2419/986 654/2420/986
f 651/2421/987 635/2422/987 641/2423/987 659/2424/987
f 579/2425/988 582/2426/988 583/2427/988 581/2428/988
f 641/2429/989 633/2430/989 661/2431/989 659/2432/989
f 654/2433/990 652/2434/252 646/2435/991
f 537/2436/992 554/2437/992 553/2438/992 538/2439/992
f 656/2440/993 648/2441/255 645/2442/994
f 643/2443/995 639/2444/995 653/2445/995 657/2446/995
f 334/2447/996 322/2448/996 326/2449/996 343/2450/996
f 646/2451/997 652/2452/997 660/2453/997 650/2454/997
f 172/2455/998 155/2456/998 151/2457/998 166/2458/998
f 404/2459/999 409/2460/1000 407/2461/1001 391/2462/1002
f 653/2463/1003 654/2464/1003 658/2465/1003 657/2466/1003
f 652/2467/1004 654/2468/1004 653/2469/1004 651/2470/1004
f 348/2471/1005 346/2472/1005 344/2473/1005 345/2474/1005
f 660/2475/1006 652/2476/1006 651/2477/1006 659/2478/1006
f 239/2479/1007 232/2480/1007 231/2481/1007 240/2482/1007
f 661/2483/1008 633/2484/1008 637/2485/1008 655/2486/1008
f 665/2487/1009 663/2488/1009 396/2489/1009 673/2490/1009
f 320/2491/1010 318/2492/1010 303/2493/1010 305/2494/1010
f 672/2495/1011 666/2496/1012 389/2497/1013
f 670/2498/1014 674/2499/1015 672/2500/1016 389/2501/1017
f 410/2502/1018 409/2503/1018 406/2504/1018 405/2505/1018
f 517/2506/1019 515/2507/1019 500/2508/1019 502/2509/1019
f 670/2510/1020 671/2511/1021 674/2512/1022
f 675/2513/1023 668/2514/1023 669/2515/1023 674/2516/1023
f 673/2517/1024 396/2518/1024 668/2519/1024 675/2520/1024
f 664/2521/1025 666/2522/1026 672/2523/1027
f 353/2524/1028 384/2525/1029 386/2526/1030 365/2527/1031
f 690/2528/1032 688/2529/1033 676/2530/1033 680/2531/1033
f 219/2532/1034 225/2533/1034 249/2534/1034 250/2535/1034
f 686/2536/1035 687/2537/1035 684/2538/1035 683/2539/1035
f 640/2540/1036 644/2541/243 638/2542/1037 649/2543/1038
f 687/2544/1039 686/2545/1040 679/2546/1041
f 684/2547/1042 682/2548/1042 689/2549/1042 691/2550/1042
f 465/2551/1043 482/2552/1043 481/2553/1043 466/2554/1043
f 282/2555/1044 283/2556/1044 285/2557/1044 284/2558/1044
f 692/2559/1045 693/2560/1045 691/2561/1045 690/2562/1045
f 267/2563/1046 263/2564/1046 281/2565/1046 279/2566/1046
f 291/2567/1047 297/2568/1047 295/2569/1047 287/2570/1047
