# Blender v3.0.0 OBJ File: 'Blender Island Poly Pack.blend'
# www.blender.org
mtllib Shipwreck.mtl
o Shipwreck
v -10.880749 10.464217 1.256915
v -11.552796 10.468233 0.624661
v -11.456230 10.464295 0.310992
v -11.205665 10.458941 0.082421
v -10.868238 10.453602 0.000193
v -10.534360 10.449714 0.086341
v -10.293496 10.448315 0.317782
v -10.878056 10.463546 1.177289
v -11.396351 10.468371 0.897746
v -11.467710 10.467070 0.622550
v -11.381990 10.463614 0.348969
v -11.162164 10.458931 0.150310
v -10.867130 10.454275 0.079803
v -10.575944 10.450895 0.156341
v -10.366629 10.449697 0.359415
v -10.295106 10.450857 0.617955
v -10.210055 10.449669 0.619399
v -10.545131 10.458851 1.168143
v -10.585324 10.458853 1.098463
v -11.171709 10.467029 1.109089
v -11.216566 10.468188 1.177325
v -11.462600 10.469699 0.950699
v -10.299641 10.453525 0.934796
v -10.371950 10.454209 0.893732
v -11.269031 11.188155 1.277243
v -11.563035 11.189957 1.006108
v -11.670653 11.188208 0.617092
v -11.555428 11.183503 0.241985
v -11.256001 11.177100 -0.031475
v -10.466932 11.166191 -0.034567
v -10.852605 11.170717 -0.130014
v -10.065161 11.166011 0.610801
v -10.165156 11.164388 0.249339
v -10.172510 11.170625 0.987858
v -10.466209 11.176993 1.266706
v -10.867564 11.183409 1.372628
v -11.215006 11.186693 1.194822
v -10.884562 11.182815 1.276603
v -11.472578 11.188290 0.959457
v -11.567961 11.186740 0.614670
v -11.465892 11.182617 0.287931
v -10.871514 11.171746 -0.033847
v -11.203613 11.177028 0.050529
v -10.503635 11.167428 0.057197
v -10.167815 11.167382 0.609183
v -10.253492 11.165991 0.299481
v -10.259854 11.171388 0.938405
v -10.514840 11.176934 1.182668
v -11.503550 10.489038 0.965346
v -11.595989 10.487537 0.631194
v -11.496886 10.483386 0.296291
v -11.232796 10.477701 0.050375
v -10.874479 10.472002 -0.040661
v -10.517947 10.467817 0.047574
v -10.166291 10.467770 0.625592
v -10.265393 10.471918 0.960494
v -10.529486 10.477605 1.206410
v -11.292265 11.110455 1.298288
v -10.877208 11.105583 1.401008
v -11.594029 11.112258 1.014391
v -11.701646 11.110510 0.625387
v -11.586274 11.105680 0.235509
v -11.278832 11.099061 -0.050775
v -10.861698 11.092426 -0.156756
v -10.446639 11.087555 -0.054036
v -10.144874 11.085752 0.229861
v -10.037257 11.087500 0.618865
v -10.152628 11.092331 1.008743
v -10.460071 11.098949 1.295027
v -11.206588 11.093344 1.160977
v -10.875910 11.089461 1.242814
v -11.447005 11.094780 0.934795
v -11.532742 11.093387 0.624873
v -11.440826 11.089539 0.314256
v -11.195885 11.084265 0.086172
v -10.863552 11.078979 0.001737
v -10.532873 11.075097 0.083574
v -10.292456 11.073661 0.309756
v -10.206717 11.075052 0.619677
v -10.298635 11.078902 0.930295
v -10.543572 11.084176 1.158378
v -11.214772 11.228297 1.176760
v -10.873571 11.224293 1.261201
v -11.462838 11.229780 0.943380
v -11.551306 11.228343 0.623598
v -11.456464 11.224372 0.303096
v -11.203730 11.218931 0.067755
v -10.860823 11.213477 -0.019366
v -10.519621 11.209473 0.065075
v -10.271554 11.207990 0.298454
v -10.183088 11.209427 0.618236
v -10.277928 11.213398 0.938737
v -10.530662 11.218839 1.174079
v -11.296578 11.232867 1.307632
v -10.875029 11.227920 1.411959
v -11.603065 11.234700 1.019294
v -11.712362 11.232924 0.624205
v -11.595188 11.228018 0.228229
v -11.282936 11.221294 -0.062534
v -10.859276 11.214558 -0.170172
v -10.437725 11.209610 -0.065845
v -10.131240 11.207777 0.222492
v -10.021941 11.209553 0.617581
v -10.139115 11.214459 1.013558
v -10.451366 11.221182 1.304320
v -12.455168 10.499413 0.634561
v -12.356064 10.495266 0.299658
v -10.883583 10.434898 0.790783
v -11.032624 10.436286 0.710398
v -11.031013 10.434918 0.548453
v -10.880358 10.432163 0.466893
v -10.731317 10.430774 0.547279
v -10.732929 10.432142 0.709224
v -10.876089 4.453946 0.802623
v -10.416716 4.453948 0.483827
v -10.686655 4.081943 0.288611
v -10.337855 4.081943 0.429100
v -10.297604 4.081942 0.783714
v -12.355302 10.400978 0.705649
v -12.420190 10.401581 0.670652
v -12.419488 10.400986 0.600147
v -12.353899 10.399787 0.564639
v -12.289010 10.399182 0.599636
v -12.289713 10.399778 0.670141
v -12.343447 13.220890 0.629377
v -12.302013 13.220504 0.651723
v -12.342998 13.220510 0.584359
v -12.301118 13.219744 0.561687
v -12.259686 13.219357 0.584033
v -12.260137 13.219739 0.629051
v -10.609026 -0.355010 0.972516
v -10.932923 -0.355009 0.842057
v -10.970300 -0.355009 0.512759
v -10.683783 -0.355009 0.313921
v -10.359883 -0.355009 0.444380
v -10.322507 -0.355009 0.773678
v -10.947663 7.056697 0.876815
v -11.144519 7.058530 0.770640
v -11.142389 7.056726 0.556739
v -10.746545 7.051251 0.555188
v -10.748674 7.053058 0.769089
v 2.847022 10.357161 -1.326164
v 2.448636 10.415815 -1.543637
v 2.153088 10.273709 -2.340107
v 2.335120 10.111025 -2.705691
v 3.780367 9.780563 -2.319412
v 2.861365 10.323239 -1.427280
v 2.514196 10.373790 -1.618724
v 2.259374 10.248428 -2.315150
v 2.420001 10.106108 -2.633524
v 3.681176 9.819475 -2.290488
v 2.675490 9.947143 -2.909168
v 2.711759 9.965631 -2.807940
v 2.324027 10.117958 -2.693608
v 2.405899 10.114923 -2.618162
v 2.150341 10.279385 -2.323570
v 2.255880 10.255647 -2.294124
v 2.200973 10.388168 -1.898206
v 2.301904 10.350091 -1.922652
v 2.462353 10.415156 -1.531491
v 2.531636 10.372952 -1.603282
v 3.824665 9.886446 -1.910608
v 3.719148 9.910234 -1.940071
v 3.555027 10.059773 -1.600670
v 3.639886 10.054805 -1.528486
v 3.263269 10.200248 -1.426255
v 3.299515 10.218688 -1.325009
v 3.669239 10.903009 -1.396476
v 4.077144 10.706611 -1.640326
v 2.639809 11.037613 -1.628342
v 3.090226 10.969705 -1.387921
v 2.356071 11.105342 -2.082544
v 2.652873 11.138474 -1.657625
v 2.274579 10.873510 -2.552047
v 2.326381 10.997335 -2.073984
v 2.503793 10.782123 -3.033444
v 2.298938 10.968774 -2.609805
v 2.506650 10.738941 -3.028879
v 4.297614 10.505733 -2.096258
v 4.244527 10.378838 -2.586173
v 3.625308 10.880755 -1.518613
v 3.974801 10.712479 -1.727544
v 2.721308 10.987841 -1.713015
v 3.107245 10.929653 -1.507010
v 2.477804 11.059299 -2.112188
v 2.732107 11.087687 -1.748116
v 2.398768 10.845478 -2.517516
v 2.443155 10.951579 -2.107886
v 2.602687 10.778333 -2.942478
v 2.427166 10.938258 -2.579502
v 2.954452 10.566277 -3.149535
v 2.608036 10.733068 -2.942443
v 4.170206 10.534441 -2.131640
v 3.696069 10.066367 -1.502684
v 3.318984 10.247925 -1.277260
v 2.855230 10.389843 -1.278443
v 2.429070 10.454094 -1.505917
v 2.154692 10.423467 -1.898731
v 2.294993 10.133609 -2.743260
v 2.672078 9.952051 -2.968685
v 3.561993 9.745881 -2.740028
v 3.885445 9.893815 -1.894315
v 2.638152 10.673527 -0.535619
v 2.174398 10.815446 -0.536802
v 3.146099 10.051453 -1.958909
v 2.942574 10.129750 -1.904631
v 2.773008 10.137889 -2.054772
v 2.806967 10.067729 -2.259191
v 3.010493 9.989430 -2.313469
v 3.180059 9.981293 -2.163328
v -1.363664 -0.332488 1.653736
v -1.635924 -0.227748 1.726344
v -1.862756 -0.216860 1.525498
v -1.817326 -0.310715 1.252043
v -1.545066 -0.415456 1.179434
v -1.318235 -0.426342 1.380280
v -1.416284 -0.613719 1.818328
v -1.782020 -0.473018 1.915866
v -1.652808 -0.227216 1.784660
v -2.086730 -0.458395 1.646061
v -1.923031 -0.214247 1.545392
v -2.025704 -0.584473 1.278719
v -1.868912 -0.326054 1.219625
v -1.659967 -0.725172 1.181182
v -1.544569 -0.450832 1.133127
v -1.355258 -0.739797 1.450986
v -1.274346 -0.463801 1.372395
v -1.328465 -0.351993 1.698161
v 1.861178 10.736053 -0.756503
v 1.772569 10.770140 -0.732872
v 1.698746 10.773684 -0.798239
v 1.713531 10.743136 -0.887235
v 1.802139 10.709048 -0.910866
v 1.875962 10.705507 -0.845500
v 2.992009 13.340807 -1.654781
v 3.048586 13.319042 -1.669870
v 2.944873 13.343069 -1.696518
v 2.954313 13.323566 -1.753343
v 3.010890 13.301801 -1.768431
v 3.058026 13.299540 -1.726695
v 6.231762 12.984194 -1.092630
v 6.044370 12.993874 -1.114825
v 5.972622 12.987395 -1.277938
v 6.088266 12.971237 -1.418856
v 6.275658 12.961560 -1.396662
v 6.347405 12.968038 -1.233549
v 5.266938 4.477960 -0.987507
v 5.234119 4.477960 -1.276655
v 5.485702 4.477962 -1.451250
v 5.770108 4.477960 -1.336697
v 5.802928 4.477960 -1.047548
v 5.474435 4.015244 -1.550526
v 5.900576 4.015243 -1.008219
v 5.562611 -0.355010 -0.773685
v 5.180559 -0.355010 -0.927569
v 5.136470 -0.355009 -1.315993
v 5.474434 -0.355009 -1.550532
v 5.856486 -0.355009 -1.396648
v 5.900576 -0.355010 -1.008225
v 5.889444 8.408005 -0.659158
v 5.620178 8.421912 -0.691050
v 5.517081 8.412604 -0.925429
v 5.952518 8.375480 -1.096026
v 6.055612 8.384789 -0.861646
v 1.853727 8.630309 0.662365
v 1.698485 8.265170 0.695081
v 1.503812 7.368880 0.737273
v 2.242393 8.548890 1.472273
v 2.119214 7.987173 1.742020
v 2.006516 7.418377 1.707680
v 2.323331 9.171242 0.567909
v 1.603772 6.677091 0.721163
v 2.733004 9.501151 0.485892
v 3.078165 9.383576 1.385457
v 2.705866 9.015903 1.557546
v 1.871307 6.903428 1.315820
v 0.984901 8.517137 -3.288750
v 0.724933 7.906505 -3.235204
v 0.634736 7.255682 -3.214009
v 1.078471 8.077093 -4.180602
v 0.747105 7.883224 -3.716897
v 1.374920 8.613945 -1.302063
v 1.272751 7.889645 -0.589745
v 1.092775 7.277091 -0.823611
v 1.453964 9.057867 -3.384916
v 0.832310 6.651990 -2.573808
v 1.077429 6.519337 -1.237175
v 1.901013 9.405609 -3.315253
v 1.364076 8.427368 -4.159498
v 2.476548 9.720754 -1.523494
v 1.863483 9.201218 -1.400467
v 1.920614 8.592341 0.636105
v 1.775357 8.249094 0.666034
v 1.587331 7.388161 0.708936
v 2.304961 8.510641 1.436917
v 2.195834 7.978070 1.707204
v 2.087160 7.427778 1.673812
v 2.371390 9.109874 0.543965
v 1.687811 6.707047 0.696220
v 2.773353 9.432728 0.463545
v 3.115871 9.315895 1.355698
v 2.750965 8.955209 1.525857
v 1.951973 6.932023 1.282972
v 1.056005 8.478907 -3.282389
v 0.807792 7.891286 -3.238927
v 0.722385 7.265988 -3.227472
v 1.143984 8.038304 -4.153441
v 0.820839 7.853401 -3.697293
v 1.446180 8.577727 -1.316895
v 1.355200 7.877944 -0.605618
v 1.180539 7.296961 -0.838688
v 1.510703 9.001101 -3.381616
v 0.920376 6.680645 -2.585146
v 1.164965 6.548819 -1.250697
v 1.945573 9.337680 -3.323344
v 1.423932 8.383663 -4.128137
v 2.520108 9.652446 -1.535220
v 1.914801 9.139882 -1.413342
v 5.653518 11.534633 0.602810
v 5.616300 11.019724 0.623610
v 5.740528 10.499417 0.611046
v 6.463999 11.502209 1.713430
v 6.433057 11.025480 1.731494
v 6.495085 10.546450 1.663902
v 5.897176 12.027549 0.542149
v 6.044871 9.976438 0.563176
v 6.274557 12.496765 0.455031
v 6.796968 12.387081 1.428396
v 6.594038 11.961513 1.606676
v 6.640532 10.090299 1.518670
v 4.767487 11.443396 -2.544463
v 4.729967 10.928396 -2.524593
v 4.854289 10.408127 -2.536357
v 4.854344 11.382092 -3.822829
v 4.823972 10.910676 -3.803704
v 4.919029 10.436174 -3.743220
v 4.971500 11.513424 -0.936210
v 4.934869 10.956974 -0.915798
v 5.056910 10.395701 -0.927290
v 5.010752 11.936126 -2.606500
v 5.158360 9.885021 -2.586286
v 5.365335 9.838039 -0.976599
v 5.283505 12.390802 -3.737118
v 5.018112 11.835896 -3.798681
v 5.126464 9.983379 -3.645906
v 5.593830 12.543582 -1.086062
v 5.217330 12.045305 -0.998268
v 5.756844 11.511230 0.570581
v 5.723090 11.027809 0.592025
v 5.842399 10.534742 0.582694
v 6.564663 11.480968 1.673385
v 6.536611 11.032784 1.692101
v 6.595356 10.579017 1.629170
v 5.989351 11.977376 0.512264
v 6.141520 10.024611 0.537256
v 6.883200 12.329647 1.396125
v 6.686122 11.915137 1.570586
v 6.736629 10.135883 1.487823
v 4.875869 11.422103 -2.555686
v 4.841361 10.939035 -2.534639
v 4.959869 10.445736 -2.544624
v 4.963413 11.362534 -3.826732
v 4.935714 10.920650 -3.805810
v 5.025867 10.471212 -3.744885
v 5.077762 11.489757 -0.957737
v 5.044702 10.966845 -0.936455
v 5.160674 10.433887 -0.945477
v 5.107504 11.887335 -2.618104
v 5.463095 9.889162 -0.993221
v 5.478013 12.346776 -2.705909
v 5.375343 12.334352 -3.745725
v 5.116998 11.790455 -3.805442
v 5.310989 11.993473 -1.018667
v -11.588798 8.844090 2.700737
v -11.611795 8.304991 2.702093
v -11.470982 7.764327 2.683151
v -11.127353 8.835119 3.996598
v -11.145045 8.336079 3.996906
v -11.063357 7.836395 3.913317
v -11.356082 9.365444 2.675958
v -11.147659 7.225440 2.643761
v -10.987188 9.865411 2.634993
v -10.800352 9.766661 3.750171
v -11.003469 9.317852 3.909190
v -10.893194 7.362208 3.754452
v -12.029684 8.702184 -0.819073
v -12.052911 8.162971 -0.818760
v -11.912065 7.622360 -0.836823
v -11.919431 8.627243 -2.199852
v -11.936798 8.133780 -2.198151
v -11.832069 7.640853 -2.139038
v -11.862424 8.797359 0.949356
v -11.883540 8.214845 0.948933
v -11.743737 7.631308 0.929543
v -11.797252 9.223319 -0.845393
v -11.588851 7.083317 -0.878483
v -11.415173 7.056264 0.887816
v -11.428520 9.723310 -0.886994
v -11.524392 9.552001 -2.033998
v -11.771718 9.106291 -2.141756
v -11.618680 7.173987 -2.027897
v -11.261450 9.889810 0.883803
v -11.628629 9.359491 0.924602
v -11.482515 8.822142 2.675242
v -11.503068 8.316059 2.678717
v -11.368241 7.803766 2.663725
v -11.023196 8.815290 3.962412
v -11.038928 8.346174 3.964692
v -10.961641 7.872853 3.886703
v -11.260288 9.315228 2.650984
v -10.987226 7.278189 2.619174
v -10.710087 9.708675 3.721761
v -10.907408 9.271550 3.877591
v -10.732857 7.412194 3.724365
v -11.920027 8.682764 -0.821151
v -11.941313 8.177024 -0.818172
v -11.807228 7.664465 -0.833964
v -11.809698 8.609719 -2.193845
v -11.825438 8.147215 -2.188916
v -11.726404 7.680361 -2.128962
v -11.754022 8.775309 0.935781
v -11.772665 8.227959 0.937804
v -11.639972 7.673878 0.921456
v -11.698332 9.174835 -0.849986
v -11.335943 9.664393 -0.892718
v -11.430370 9.495403 -2.036086
v -11.671138 9.061405 -2.140757
v -11.455800 7.227664 -2.025810
v -11.171231 9.828053 0.869418
v -11.532027 9.307667 0.910034
v 2.876086 10.561065 -3.249731
v 2.930854 10.554340 -3.215202
v 2.830064 10.339142 -3.146420
v -11.027704 7.054628 0.494651
v -10.941633 7.147940 0.449515
v -10.857656 7.052288 0.495259
v 5.749905 9.143445 -1.175798
v 5.824616 8.382087 -1.111174
v 5.670434 8.249335 -1.148895
v 4.133150 10.445865 -2.473621
v 4.191978 10.399401 -2.570922
v 4.082848 10.368484 -2.526770
v 5.588696 12.093244 -3.771673
v 7.057466 12.081826 1.374930
v 5.363095 12.119425 -3.744236
v 5.389082 12.346689 -3.747396
v 6.834229 12.123816 1.402081
v 6.875911 12.348698 1.397012
v 5.907982 12.253642 -1.133012
v 5.907982 12.482409 -1.133011
v 5.680887 12.253642 -1.105392
v 5.680887 12.482409 -1.105392
v 6.360590 12.208296 0.427122
v 6.587685 12.208296 0.399502
v 6.360590 12.437063 0.427122
v 5.615024 12.176603 -2.721805
v 5.387929 12.405373 -2.694186
v 5.387929 12.176603 -2.694186
v 1.861676 8.758559 -4.127384
v 1.937773 8.928019 -4.104183
v 2.913783 8.795732 1.506054
v 3.072093 8.959750 1.486801
v 1.690898 8.833409 -4.115970
v 2.909276 9.119227 1.506603
v 2.539918 9.403588 -1.531202
v 2.665656 9.594090 -1.546494
v 2.350810 9.530251 -1.508202
v 2.962462 9.306065 0.440545
v 2.647616 9.242226 0.478837
v 2.836724 9.115562 0.455837
v 2.008944 9.020513 -3.331052
v 2.134681 9.211017 -3.346343
v 1.819837 9.147178 -3.308051
v -10.897385 9.805089 2.611228
v -10.567948 9.617530 3.704474
v -11.320815 9.495403 -2.321290
v -11.029093 9.828053 0.852131
v -10.755247 9.632552 2.593940
v -10.567948 9.536139 3.704474
v -11.193802 9.491857 -0.910007
v -11.320816 9.322866 -2.321290
v -11.029093 9.655516 0.852131
v -10.897385 9.632552 2.611228
v -10.710087 9.536139 3.721762
v -11.335943 9.491857 -0.892719
v -11.462955 9.322866 -2.304003
v -11.171231 9.655516 0.869418
v 1.838705 8.971440 -4.097562
v 1.735042 8.931713 -4.102510
v 1.784497 9.035685 -4.017360
v -11.382007 9.495403 -2.313847
v -11.462955 9.413858 -2.304003
v -10.819361 9.805089 2.601738
v -10.766156 9.806003 2.524541
v -10.755247 9.740499 2.593940
v -11.198758 9.655525 -0.970007
v -11.249445 9.664393 -0.903238
v -11.193802 9.608340 -0.910005
v 5.602887 12.217337 -3.773399
v 5.512268 12.332395 -3.762378
v 5.614723 12.329570 -3.662427
v 5.615024 12.283348 -2.721805
v 5.614982 12.394729 -2.853878
v 5.493893 12.405373 -2.707073
v 7.017277 12.322106 1.379818
v 7.083861 12.224234 1.371720
v 7.057413 12.317345 1.290681
v 6.296031 12.456521 -0.258079
v 6.478933 12.437063 0.412729
v 6.805553 12.381535 0.812845
v 6.587685 12.327513 0.399502
v -10.815619 7.278189 2.598303
v -10.561251 7.412194 3.703494
v -11.313646 7.138508 -1.372497
v -11.119708 7.112209 0.857164
v -10.815619 7.481225 2.598303
v -10.561251 7.615228 3.703494
v -11.313646 7.341543 -1.372496
v -11.119708 7.315243 0.857165
v -10.987226 7.481225 2.619174
v -10.732857 7.615228 3.724365
v -11.486526 7.341543 -1.385793
v -11.291314 7.315243 0.878036
v -11.486526 7.138508 -1.385794
v -11.291314 7.112209 0.878035
v 6.363413 10.024611 0.510269
v 6.895501 10.135883 1.468500
v 5.417035 9.935291 -2.612947
v 5.684989 9.889162 -1.020208
v 5.386301 10.032125 -3.667029
v 6.363413 10.185216 0.510270
v 6.895501 10.296490 1.468501
v 5.417035 10.095898 -2.612947
v 5.684989 10.049768 -1.020208
v 5.386301 10.192731 -3.667029
v 6.141520 10.185216 0.537257
v 6.736629 10.296490 1.487823
v 5.258163 10.095898 -2.593625
v 5.463095 10.049768 -0.993221
v 5.227429 10.192731 -3.647707
v 5.258163 9.935291 -2.593625
v 5.227429 10.032125 -3.647707
v -10.887803 10.483304 1.297447
v -11.244334 10.487489 1.209212
v -10.276965 10.358610 0.301299
v -10.258735 10.466268 0.291440
v -10.186930 10.360072 0.626753
v -10.540669 10.369652 1.192454
v -12.103514 10.499367 1.212578
v -12.348558 10.392665 0.961031
v -12.362726 10.500916 0.968712
v -12.438592 10.391202 0.635576
v -12.342070 10.387161 0.309391
v -12.091973 10.489578 0.053742
v -10.616439 4.453946 0.907206
v -10.906054 4.453948 0.538643
v -10.386752 4.453946 0.747808
v -10.606152 4.081942 0.997839
v -10.954949 4.081942 0.857350
v -10.920029 4.430590 0.833116
v -10.995201 4.081943 0.502735
v -10.955725 4.430591 0.518636
v -10.682098 4.430591 0.328746
v -10.372776 4.430591 0.453335
v -10.337080 4.430590 0.767814
v -10.610707 4.430590 0.957705
v 2.082299 10.201952 -2.311614
v 2.105617 10.306159 -2.351630
v 2.266746 10.033894 -2.693051
v 2.634015 9.857059 -2.912608
v 3.085698 9.718836 -2.911456
v 3.135832 9.810131 -2.967502
v 3.500766 9.656257 -2.689902
v 3.836370 9.776511 -2.347215
v 2.583250 10.570835 -0.523568
v 2.131568 10.709061 -0.524721
v 1.716501 10.771640 -0.746274
v 1.748237 10.879698 -0.764276
v 1.449264 10.741805 -1.128863
v 1.473860 10.849067 -1.157090
v 1.424786 10.731759 -1.609989
v 5.551343 4.477960 -0.872953
v 5.562612 4.015243 -0.773679
v 5.180559 4.015243 -0.927563
v 5.218810 4.454604 -0.954107
v 5.136470 4.015243 -1.315986
v 5.179711 4.454604 -1.298569
v 5.479424 4.454606 -1.506564
v 5.856487 4.015243 -1.396642
v 5.818237 4.454604 -1.370097
v 5.857336 4.454604 -1.025635
v 5.557623 4.454604 -0.817640
v 3.706352 9.947772 -1.459866
v 3.309845 10.138682 -1.222831
v 3.369117 10.249549 -1.235841
v 3.776220 10.053536 -1.479211
v 2.574816 10.598165 -0.422153
v 2.059160 10.312417 -2.395735
v 2.033987 10.199916 -2.352535
v 2.233117 10.018479 -2.764335
v 2.263613 10.126133 -2.818541
v 2.629622 9.827569 -3.001369
v 2.670715 9.930120 -3.061911
v 3.117261 9.678341 -3.000126
v 3.171386 9.776904 -3.060634
v 3.565370 9.610781 -2.760936
v 3.853878 9.642989 -2.347892
v 3.927689 9.740608 -2.390969
v 3.905481 9.766335 -1.871667
v 3.980672 9.867251 -1.902017
v 2.634088 10.709031 -0.435162
v 2.087179 10.747392 -0.423397
v 2.133417 10.862248 -0.436440
v 1.639070 10.814954 -0.662587
v 1.673333 10.931614 -0.682022
v 1.350561 10.782744 -1.075631
v 1.377114 10.898541 -1.106105
v 1.298958 10.659396 -1.551856
v 1.324132 10.771897 -1.595057
v -10.860399 10.375204 1.335568
v -11.236702 10.379278 1.242439
v -11.244747 10.487489 1.257642
v -10.858387 10.483304 1.353260
v -12.167764 10.391156 1.246087
v -11.232244 10.477701 0.001854
v -11.224525 10.369745 0.019338
v -10.846336 10.364195 -0.076747
v -10.843948 10.472002 -0.096799
v -10.470034 10.360119 0.016382
v -10.457588 10.467817 -0.001182
v -10.196445 10.358610 0.273771
v -10.176687 10.466268 0.263087
v -10.098876 10.360072 0.626454
v -10.076512 10.467770 0.625195
v -10.203474 10.364114 0.979928
v -10.183907 10.471918 0.988116
v -10.482211 10.369652 1.239482
v -10.470091 10.477605 1.254607
v -12.175806 10.499367 1.261290
v -12.441351 10.392665 0.988697
v -12.456706 10.500916 0.997022
v -12.538921 10.391202 0.636015
v -12.556883 10.499413 0.634914
v -12.434321 10.387161 0.282540
v -12.449491 10.495266 0.271992
v -12.155584 10.381623 0.022986
v -12.163304 10.489578 0.005502
v -10.676367 4.453948 0.379245
v 3.597827 9.658292 -2.787509
v 3.573100 9.716339 -2.846209
v 3.588856 9.731055 -2.769036
v -18.115286 5.086542 0.657371
v -23.443769 5.837252 2.730652
v -18.334345 5.138857 0.927340
v -18.094942 4.846617 0.635257
v -18.312063 4.898932 0.912352
v -23.354820 5.917504 2.732214
v -17.668184 5.086536 3.694693
v -23.414856 5.837252 2.968395
v -17.945568 5.138855 3.485103
v -23.362671 5.773809 2.841418
v -17.643129 4.846611 3.711285
v -17.920341 4.898930 3.494311
v -23.328875 5.917504 2.945557
v -23.277605 5.856345 2.831072
v 12.435003 -0.350458 -3.465809
v 12.433738 0.358036 -3.860936
v 14.536252 7.908649 -4.718962
v 14.536251 5.364686 -4.718965
v 12.439322 1.066530 -4.199739
v 12.462465 1.755282 -4.383464
v 12.500814 2.466404 -4.454283
v 12.544502 3.177525 -4.481214
v 12.592333 4.035926 -4.474099
v 14.541237 4.786120 -4.677976
v 12.891358 -0.350463 0.286435
v 12.984840 0.358029 0.670348
v 15.231730 7.908641 0.999414
v 15.231730 5.364677 0.999411
v 13.071473 1.066522 0.997939
v 13.137980 1.755274 1.170761
v 13.192186 2.466395 1.230326
v 13.241056 3.177516 1.246002
v 13.285788 4.035917 1.227632
v 15.226745 4.786111 0.958418
v 12.619138 -0.350458 -3.231142
v 12.624267 0.358036 -3.573676
v 14.736527 7.908649 -4.351562
v 14.736527 5.364686 -4.351564
v 12.635324 1.066529 -3.867491
v 12.661392 1.755282 -4.027144
v 12.700813 2.466403 -4.089162
v 12.744852 3.177524 -4.113216
v 12.792472 4.035926 -4.107822
v 14.740839 4.786120 -4.316109
v 13.013875 -0.350463 0.014473
v 13.100959 0.358030 0.345793
v 15.338103 7.908641 0.594717
v 15.338102 5.364677 0.594715
v 13.182120 1.066523 0.628395
v 13.245699 1.755275 0.777147
v 13.298836 2.466396 0.827910
v 13.347358 3.177517 0.840709
v 13.392296 4.035917 0.824060
v 15.333790 4.786111 0.559257
v 12.820206 2.466404 -4.493128
v 12.781856 1.755282 -4.422308
v 12.758714 1.066530 -4.238585
v 12.753128 0.358036 -3.899781
v 12.754395 -0.350458 -3.504654
v 12.863895 3.177525 -4.520059
v 12.911723 3.888646 -4.512944
v 14.860628 4.638840 -4.716821
v 14.855642 5.364686 -4.757810
v 13.511578 2.466395 1.191481
v 13.457370 1.755274 1.131916
v 13.390864 1.066522 0.959094
v 13.304231 0.358029 0.631503
v 13.210750 -0.350463 0.247590
v 13.560450 3.177516 1.207157
v 13.605178 3.888638 1.188787
v 15.546136 4.638832 0.919573
v 15.551122 5.364677 0.960566
v 15.551122 7.908641 0.960569
v 13.020204 2.466403 -4.128007
v 12.980783 1.755282 -4.065989
v 12.954714 1.066529 -3.906336
v 12.943659 0.358036 -3.612520
v 12.938528 -0.350458 -3.269987
v 13.064242 3.177524 -4.152061
v 13.111863 3.888646 -4.146667
v 15.060229 4.638840 -4.354954
v 15.055918 5.364686 -4.390409
v 15.055918 7.908649 -4.390406
v 13.618226 2.466396 0.789065
v 13.565090 1.755275 0.738302
v 13.501511 1.066523 0.589550
v 13.420351 0.358030 0.306948
v 13.333265 -0.350463 -0.024372
v 13.666748 3.177517 0.801864
v 13.711687 3.888638 0.785215
v 15.653180 4.638832 0.520412
v 15.657493 5.364677 0.555870
v 15.657494 7.908641 0.555873
v 12.669981 -0.350458 -3.380116
v 3.029859 -0.355006 -3.072028
v -6.376132 -0.355006 -1.974360
v -8.881517 -0.355007 -1.430341
v 12.671557 0.358036 -3.751864
v -11.207718 -0.355007 -0.667301
v -13.563031 -0.355009 1.110651
v 3.003011 5.278913 -4.195590
v 8.654116 7.189908 -4.350642
v -13.886981 5.277864 -1.885903
v -17.933733 5.364685 0.283496
v -15.797171 3.187148 -1.151722
v -13.852089 4.547428 -2.007859
v -13.371787 3.187149 -2.179532
v -11.313151 1.065023 -2.082606
v -10.211134 0.355008 -1.779573
v -11.190399 4.547429 -2.685834
v -9.652489 1.735457 -2.877514
v -8.850154 1.113925 -2.732373
v -7.695834 0.355009 -2.374485
v -14.874390 0.355005 1.168545
v -17.020861 1.735452 1.296199
v -18.196028 3.187145 1.416568
v -17.324585 3.187146 0.080482
v -16.854113 2.583472 0.035492
v -15.120550 1.065021 -0.004787
v -14.018597 0.355006 0.091226
v 14.778404 6.026544 -4.574268
v 2.568852 5.876406 -4.194241
v -13.551435 5.877672 -2.002350
v -16.368025 5.935131 -0.885121
v -17.933733 5.935130 0.283498
v -18.833353 5.935127 1.542791
v 14.778404 6.951380 -4.574266
v 2.889132 3.187149 -4.229127
v 2.913521 1.065023 -4.028584
v 2.973810 0.355008 -3.532870
v 14.778404 7.680603 -4.574265
v 2.890990 3.912996 -4.213850
v 14.778404 5.364686 -4.574268
v -16.356331 5.339289 -0.919474
v -16.127844 1.168287 1.226924
v -16.157339 1.735454 -0.001768
v -12.540318 0.355007 -0.916489
v -13.828644 1.065022 -0.994553
v -14.646211 1.735456 -1.200382
v -12.249282 1.735457 -2.207452
v -15.240584 2.461301 -1.196923
v -13.731992 3.912996 -2.119008
v -16.310646 4.638840 -0.998108
v -10.297412 2.571161 -2.892693
v -10.743866 3.187149 -2.864416
v -11.087652 3.912996 -2.804262
v 12.679574 1.066530 -4.070669
v 12.698374 1.687554 -4.203741
v 12.742845 2.466404 -4.310600
v 12.786689 3.177525 -4.336253
v 12.834425 3.888646 -4.329903
v 2.891955 2.461303 -4.205904
v 3.017282 4.547428 -4.174773
v 0.810345 -0.355006 -2.789261
v -12.693237 -0.355008 0.198953
v -5.952462 0.355008 -2.533119
v 0.883602 1.625695 -3.897691
v 0.953127 1.065023 -3.727298
v 1.093146 2.461303 -4.040547
v -7.496706 3.266322 -3.189880
v 1.026599 4.547429 -3.978787
v -7.625236 3.833822 -3.160143
v 7.525355 2.461301 -4.224315
v 7.090346 0.431516 -3.590203
v 7.405396 1.735456 -4.233419
v 8.295894 4.692670 -4.301811
v 8.654116 5.935131 -4.350643
v 8.597629 5.364686 -4.343774
v 7.165704 1.065022 -4.020321
v 7.612804 3.187148 -4.256996
v 7.695557 3.912994 -4.253126
v 6.971899 -0.355007 -3.113755
v -7.681477 4.547429 -3.047140
v 1.026180 3.912996 -4.041770
v -6.966658 1.808525 -3.148009
v -6.484568 1.019477 -2.909853
v 1.317525 0.431517 -3.390113
v -7.261904 2.583144 -3.194514
v 1.050016 3.187149 -4.060936
v -5.264495 -0.355006 -2.065342
v 13.098946 -0.350463 0.146917
v 3.666008 -0.355014 2.158529
v -5.728883 -0.355014 3.347458
v -8.291631 -0.355014 3.419834
v 13.189583 0.358030 0.507451
v -10.732916 -0.355013 3.236624
v -13.445737 -0.355011 2.075068
v 3.831546 5.364677 3.254218
v 9.410314 7.189899 2.054499
v -13.044938 5.364677 5.086147
v -17.490753 5.364679 3.925773
v -15.072458 3.187139 4.807014
v -12.978866 4.547419 5.171965
v -10.600952 3.187138 5.247618
v -10.496030 1.065013 4.635945
v -9.498775 0.355000 4.077592
v -10.232262 4.547418 5.192175
v -8.693823 1.735446 5.004842
v -7.890492 1.065012 4.650553
v -6.914203 0.354999 4.052249
v -14.732742 0.355003 2.333193
v -16.847237 1.735450 2.723769
v -17.447550 2.461296 2.813784
v -18.016996 3.187143 2.888599
v -16.850702 3.187141 3.976851
v -16.288538 2.461295 3.893772
v -14.690481 1.065015 3.531325
v -13.643667 0.355002 3.173973
v 15.432140 6.026535 0.800890
v 3.831546 5.935122 3.254219
v -13.049474 5.935122 5.048852
v -15.690574 5.935122 4.685027
v -17.490753 5.935124 3.925774
v -18.665997 5.935127 2.918828
v 15.432140 6.951372 0.800891
v 3.806740 3.187138 3.315637
v 3.796362 1.875031 3.230316
v 3.771047 1.065013 3.022177
v 3.722057 0.354999 2.619372
v 15.432140 7.680594 0.800892
v 3.805223 3.779746 3.303167
v 9.410314 6.624242 2.054499
v 15.432140 5.364677 0.800889
v -15.690574 5.364677 4.685027
v -15.802766 1.065017 2.550239
v -15.697769 1.735448 3.776913
v -17.239264 3.912987 4.015313
v -11.966938 0.355000 3.797970
v -12.989342 1.065014 4.274112
v -13.943389 1.735447 4.578370
v -11.375525 1.735446 4.976758
v -14.369000 2.270040 4.680829
v -9.875551 2.461291 5.156648
v -15.451542 3.912986 4.839667
v -12.835629 3.912984 5.251085
v -15.539158 4.487514 4.806746
v -9.237215 2.461291 5.164762
v -9.755941 3.187138 5.258512
v -10.104123 3.912984 5.282519
v 13.273784 1.066523 0.815043
v 13.338987 1.755274 0.977166
v 13.392720 2.466396 1.032818
v 13.441436 3.177516 1.047215
v 13.486259 3.888638 1.029610
v 3.803914 2.461291 3.292413
v 3.799740 4.547419 3.258085
v 2.152873 -0.355014 2.329734
v -12.382768 -0.355012 2.751700
v -5.183631 0.354999 3.788375
v 1.881276 1.875031 3.513142
v 1.880617 1.065013 3.283520
v 2.017909 2.461291 3.563047
v -6.507028 3.187138 4.795881
v 1.938498 4.547419 3.519044
v -6.675743 3.912984 4.798362
v -12.538002 -0.355010 1.475326
v -18.779646 5.935127 2.234455
v 0.616189 -0.355013 1.863636
v -6.814349 -0.355011 1.504340
v -8.586574 -0.355010 0.994746
v -10.970317 -0.355010 1.284661
v -18.106512 3.187144 2.152583
v -16.934048 1.735451 2.009984
v -16.045748 1.168286 1.901946
v -17.536398 2.461297 2.083244
v -14.803566 0.355004 1.750869
v -13.504384 -0.355010 1.592859
v 8.306652 2.461293 2.199670
v 7.733891 0.437512 1.691215
v 9.432788 5.935122 2.051764
v 9.376301 5.364677 2.058633
v 7.897287 1.065013 1.994916
v 8.399384 3.187139 2.210437
v 8.478798 3.912986 2.186848
v 7.503130 -0.355013 1.254140
v -6.739029 4.547418 4.701865
v 1.958280 3.779746 3.582658
v -5.390630 1.735446 4.537649
v -5.088582 1.166795 4.286844
v 2.112803 0.354999 2.827702
v -6.255510 2.461291 4.735131
v 1.980924 3.187138 3.593182
v -4.627844 -0.355014 3.169330
v 1.126883 -0.355010 -0.186622
v 0.251819 4.547429 -3.884557
v 0.431085 3.864770 -3.970475
v 0.451754 3.235374 -3.987095
v -0.103397 -0.355006 -2.678130
v -5.143792 2.953381 -3.478014
v -6.850489 3.912996 -3.252402
v -6.888798 4.547429 -3.143547
v -6.144972 1.735457 -3.233799
v -5.806547 1.190840 -3.069938
v -5.101247 2.227535 -3.453031
v -5.642721 3.266322 -3.415365
v -5.771250 3.833822 -3.385628
v -4.267792 3.968260 4.497568
v -4.321438 4.492141 4.415768
v -4.377153 3.160837 4.552308
v -5.464885 3.219842 4.668321
v -5.618396 3.880280 4.670579
v 1.177995 4.638832 3.611538
v 0.456133 3.513220 3.771323
v 0.574344 4.587666 3.689399
v 0.586964 3.964149 3.742010
v 0.869854 -0.355014 2.485777
v -0.156137 -0.355010 -0.030579
v 1.641167 -0.355014 2.391968
v -4.671925 0.354999 3.726141
v 1.621081 0.354999 2.887506
v -4.241461 -0.355014 3.122338
v 0.011991 -0.355012 1.227685
v 1.638618 -0.355012 1.068466
v 0.963256 -0.355008 -1.531992
v 3.188384 -0.355008 -1.768596
v -4.802122 -0.355012 1.736382
v -5.911555 -0.355012 1.845487
v -6.073525 -0.355010 0.513735
v -5.036060 -0.355009 -0.187103
v -0.251402 -0.355011 0.581683
v -1.354432 -0.355010 0.115160
v -1.121091 -0.355011 0.687456
v -0.285502 -0.355013 1.973302
v -0.031837 -0.355014 2.595442
v -0.454760 -0.355012 1.266351
v -0.704091 -0.355011 0.654841
v 0.091695 -0.355013 1.843978
v -0.370364 -0.355012 1.357636
v -1.255327 -0.355006 -2.511705
v -1.108726 -0.355008 -1.306320
v -0.322834 -0.355010 -0.079251
v -0.469934 -0.355008 -1.288739
v -5.146416 -0.355008 -1.094471
v -3.765775 -0.355009 -0.341597
v -3.876131 -0.355008 -1.248965
v -4.417673 -0.355006 -2.125997
v -4.309742 -0.355008 -1.238566
v -4.962291 -0.355010 0.378584
v 13.211511 -0.350459 -2.252910
v 13.354499 -0.350461 -1.077232
v 7.148976 -0.355009 -1.657790
v 7.326053 -0.355011 -0.201825
v 13.242774 0.358034 -2.380563
v 13.415449 0.358032 -0.960792
v 13.276187 1.066527 -2.490570
v 13.474257 1.066525 -0.861999
v 13.525873 1.755277 -0.811592
v 13.358012 2.466401 -2.577932
v 13.574637 2.466398 -0.796793
v 13.403480 3.177522 -2.590235
v 13.621729 3.177519 -0.795745
v 13.450244 3.888644 -2.591870
v 13.667522 3.888641 -0.805365
v 15.394857 5.364683 -2.831021
v 15.612769 5.364680 -1.039302
v 15.277107 6.026541 -2.737689
v 15.394857 6.951377 -2.831019
v 15.612769 6.951375 -1.039299
v 15.394857 7.680600 -2.831018
v 15.612770 7.680597 -1.039299
v -13.196505 3.187139 5.107398
v -12.319192 2.270040 5.005168
v -12.565044 3.106993 5.486191
v -11.999838 2.541437 5.415311
v -18.779646 5.364682 2.234454
v -18.833353 5.364682 1.542791
v -18.500208 3.912990 2.200466
v -18.411091 3.912989 2.933207
v -18.665997 5.364682 2.918827
v -17.861919 4.638839 0.205444
v -17.711039 3.912993 0.136281
v -18.693336 4.638836 2.223956
v -18.589325 3.912991 1.467726
v -18.750183 4.638837 1.506487
v -18.503881 4.487518 2.933728
v -17.330708 4.487515 3.997941
v -6.892676 1.663081 -3.115617
v 2.901306 1.735456 -4.129026
v 7.079880 0.355008 -3.549479
v 1.361534 0.355008 -3.349392
v 2.968532 0.431517 -3.576274
v 12.779078 3.054090 -4.331800
v 12.704018 1.755282 -4.243693
v 13.305435 1.687551 -2.537721
v 1.953189 3.912984 3.580291
v 3.804882 3.912984 3.300363
v 8.464222 3.779748 2.191178
v 1.192686 3.912984 3.672784
v 1.848744 1.735446 3.501261
v 3.794564 1.735445 3.215531
v -14.521264 2.461293 4.717484
v -12.656793 2.461292 5.015332
v -15.607785 4.638832 4.780962
v -18.576550 4.638836 2.934135
v -17.402325 4.638833 3.984334
v -12.911840 2.571161 -2.211758
v -7.220610 2.461303 -3.200122
v -16.173029 3.912994 -1.092554
v -17.738165 4.043482 0.148715
v 15.432140 6.182812 0.800890
v 15.612769 6.182815 -1.039300
v -15.884005 1.065018 1.882275
v -15.965243 1.065019 1.214311
v -17.721319 2.583471 1.363452
v -17.625248 2.461298 1.352703
v -16.758896 2.461300 0.026388
v 13.344796 1.832152 0.983182
v 7.712406 0.355000 1.651280
v 13.199368 0.440365 0.543197
v 3.727750 0.437512 2.666183
v 9.246950 3.058908 -4.276939
v 7.571450 2.843901 -4.241541
v 7.378446 3.067022 -4.250289
v -0.612870 3.187149 -3.858693
v -0.853966 2.929379 -3.820267
v 4.682631 1.600307 -4.187506
v 2.904834 1.312703 -4.100014
v 2.200397 1.551599 -4.006132
v -10.871858 2.461303 -2.732337
v -12.674850 2.267017 -2.218317
v -13.060245 2.461303 -2.119954
v -16.430195 4.043483 -0.890845
v -16.346443 4.257923 -0.961820
v -15.928944 4.029257 -1.189333
v 15.505672 6.026536 0.051795
v 15.612769 5.836730 -1.039301
v 15.572752 6.026539 -1.241780
v 13.072379 1.755280 -3.222387
v 13.323247 1.901900 -2.557250
v 13.333523 1.755279 -2.393135
v 8.125603 1.640028 2.114244
v 9.502746 1.762906 1.843827
v 6.341261 1.839669 2.605423
v 8.257655 2.178100 2.178086
v 8.379849 1.814572 2.108358
v -5.248884 2.461291 4.612704
v -4.152335 2.545095 4.482822
v 0.771581 3.210500 3.739741
v 0.463294 3.325788 3.774652
v -4.927327 -0.355011 1.274837
v -5.176825 -0.355010 0.677627
v -5.109630 -0.355008 -0.792015
v -5.072845 -0.355009 -0.489559
v -3.693974 -0.355008 -0.964189
v -4.000632 -0.355009 -0.659607
v 3.109121 -0.355007 -2.420312
v 0.886801 -0.355007 -2.160627
v -1.398626 -0.355007 -2.227889
v 1.045069 -0.355009 -0.859307
v -0.288856 -0.355009 -1.103718
v 0.063417 -0.355013 2.201237
v -4.503962 2.932564 4.552107
v -4.790845 2.755761 -3.496456
v -5.571299 1.887071 4.578901
v -5.034517 1.065013 4.241952
v -8.698237 1.007222 -2.693094
v -6.548148 1.108646 -2.948802
v -13.551435 5.307227 -2.002351
v 8.654116 6.661952 -4.350642
v 11.703213 7.434210 -4.461977
v 12.310655 6.944635 -4.484159
v 12.598961 -0.220368 -3.276461
v 3.036840 -0.202266 -2.974981
v -6.365725 -0.199073 -1.883823
v -8.863098 -0.194730 -1.350807
v 12.581514 0.419939 -3.602455
v -11.181169 -0.193277 -0.594067
v -13.509250 -0.188190 1.138875
v 3.011224 5.281316 -4.003314
v 8.663653 7.189908 -4.158391
v -13.823412 5.260053 -1.706031
v -17.808891 5.364534 0.422756
v -15.711387 3.230511 -0.988274
v -13.792825 4.531476 -1.826137
v -13.315704 3.209757 -1.997524
v -11.267943 1.161765 -1.928214
v -10.172462 0.468556 -1.637281
v -11.157125 4.524200 -2.497897
v -9.620770 1.783887 -2.690183
v -8.826757 1.174229 -2.552837
v -7.672144 0.457579 -2.219353
v -14.784106 0.504380 1.202921
v -16.901428 1.862057 1.334473
v -18.048851 3.278311 1.460709
v -17.206396 3.254397 0.206365
v -16.744442 2.658918 0.164816
v -15.037563 1.194413 0.092501
v -13.943696 0.490006 0.187034
v 14.679382 6.025096 -4.416941
v 2.577353 5.877139 -4.001958
v -13.488229 5.873792 -1.821338
v -16.283634 5.931728 -0.714187
v -17.810352 5.933665 0.424266
v -18.663197 5.935127 1.600384
v 14.679979 6.955562 -4.416551
v 2.900699 3.188532 -4.036968
v 2.936158 1.130092 -3.756996
v 2.985934 0.446078 -3.368220
v 14.679359 7.680603 -4.416948
v 2.903235 3.908057 -4.021798
v 14.681766 5.362012 -4.415195
v -16.271490 5.331742 -0.748956
v -16.032980 1.313789 1.266446
v -16.057598 1.843497 0.107626
v -12.484454 0.477707 -0.790604
v -13.763932 1.179720 -0.864575
v -14.571268 1.822262 -1.052182
v -12.196894 1.803588 -2.033171
v -15.158142 2.519240 -1.036936
v -13.675392 3.912314 -1.935518
v -16.226196 4.631066 -0.827383
v -10.270172 2.580971 -2.702365
v -10.710883 3.195171 -2.674933
v -11.054410 3.902293 -2.614982
v 12.588502 1.113236 -3.915677
v 12.607925 1.723008 -4.044880
v 12.646736 2.481118 -4.151911
v 12.692316 3.183094 -4.175643
v 12.777905 3.940658 -4.157845
v 14.690294 4.721509 -4.400733
v 2.903431 2.473252 -4.014179
v 3.028509 4.544062 -3.982632
v 0.821594 -0.200094 -2.696765
v -12.655813 -0.190275 0.257253
v -5.937277 0.450837 -2.371932
v 0.903105 1.673499 -3.713306
v 0.972421 1.127747 -3.548258
v 1.113215 2.471654 -3.849357
v -7.475205 3.266452 -2.998510
v 1.047879 4.532696 -3.788065
v -7.603509 3.819069 -2.969475
v 7.530663 2.473035 -4.032390
v 7.095728 0.507957 -3.416723
v 7.422015 1.766231 -3.951088
v 8.303942 4.702286 -4.109799
v 8.663351 5.935585 -4.158384
v 8.606629 5.368333 -4.151546
v 7.182260 1.126056 -3.746864
v 7.618151 3.185322 -4.064660
v 7.701686 3.914814 -4.060797
v 6.975538 -0.202109 -3.016857
v -7.659692 4.522183 -2.857780
v 1.047251 3.903757 -3.850620
v -6.946625 1.826962 -2.952695
v -6.468442 1.108564 -2.744240
v 1.336243 0.514948 -3.221310
v -7.239858 2.588741 -3.003304
v 1.070867 3.188159 -3.869498
v -5.260827 -0.181797 -2.025836
v 13.005149 -0.220373 0.063307
v 3.649517 -0.202300 2.062580
v -5.740480 -0.199080 3.257066
v -8.292812 -0.194736 3.338203
v 13.080441 0.427756 0.373820
v -10.724694 -0.193283 3.159161
v -13.400289 -0.188192 2.034775
v 3.793400 5.367309 3.065594
v 9.373489 7.189899 1.865566
v -13.024751 5.353554 4.895905
v -17.403278 5.364717 3.760431
v -15.028366 3.230530 4.627771
v -12.964876 4.531828 4.981304
v -10.610275 3.194550 5.055529
v -10.490001 1.161912 4.475269
v -9.495536 0.468840 3.930435
v -10.244888 4.523639 5.001815
v -8.707186 1.783763 4.820101
v -7.904362 1.147272 4.480628
v -6.928108 0.458159 3.896389
v -14.653332 0.504378 2.278178
v -16.740456 1.862039 2.657953
v -17.325003 2.568054 2.739977
v -17.884691 3.278310 2.810461
v -16.766132 3.254393 3.826303
v -16.208176 2.543619 3.749312
v -14.633020 1.194598 3.417365
v -13.593892 0.490132 3.063198
v 15.300110 6.026918 0.669686
v 3.793710 5.935857 3.065503
v -13.029563 5.929931 4.858271
v -15.649673 5.932507 4.498819
v -17.405090 5.935124 3.759290
v -18.514606 5.935127 2.822128
v 15.300500 6.951372 0.669220
v 3.771873 3.188570 3.126318
v 3.761578 1.893080 3.041993
v 3.739045 1.129488 2.845765
v 3.694361 0.446075 2.456616
v 15.298274 7.680594 0.671901
v 3.770423 3.776835 3.113857
v 9.373489 6.624242 1.865565
v 15.301287 5.367929 0.668346
v -15.648239 5.357206 4.499378
v -15.718811 1.211140 2.493067
v -15.627172 1.843384 3.646684
v -17.148680 3.946524 3.856070
v -11.943029 0.478775 3.663485
v -12.959463 1.177412 4.129777
v -13.905594 1.822060 4.416571
v -11.362906 1.815085 4.805831
v -14.320033 2.337989 4.512456
v -9.879983 2.487335 4.966386
v -15.405481 3.928592 4.655744
v -12.826476 3.916059 5.059255
v -15.493311 4.485066 4.621997
v -9.251349 2.481760 4.974040
v -9.769328 3.195198 5.066652
v -10.117170 3.901936 5.090812
v 13.148109 1.114321 0.687010
v 13.213992 1.792977 0.844367
v 13.261361 2.481095 0.901806
v 13.309491 3.185901 0.916226
v 13.389933 3.940921 0.876380
v 15.305060 4.721625 0.653563
v 3.769073 2.473204 3.103529
v 3.764547 4.544022 3.068858
v 2.141623 -0.200106 2.237232
v -12.360409 -0.190278 2.686128
v -5.206348 0.451731 3.628709
v 1.853754 1.893264 3.323587
v 1.856279 1.128180 3.105283
v 1.990135 2.473377 3.372949
v -6.531896 3.188088 4.604920
v 1.913046 4.533195 3.328788
v -6.700546 3.897247 4.608162
v -12.538002 -0.177997 1.475326
v -18.603931 5.935127 2.213084
v 0.616189 -0.178000 1.863637
v -6.814349 -0.177998 1.504340
v -8.586574 -0.177997 0.994747
v -10.970317 -0.177997 1.284662
v -17.959990 3.284847 2.134763
v -16.818226 1.868560 1.995898
v -15.951680 1.317797 1.890506
v -17.400078 2.572987 2.066665
v -14.713598 0.507048 1.739927
v -13.461162 -0.183437 1.587603
v 8.265800 2.473048 2.012067
v 7.697516 0.514099 1.521587
v 9.111830 4.649036 1.879505
v 9.395670 5.935576 1.862896
v 9.338932 5.368454 1.869861
v 7.859127 1.125664 1.818212
v 8.358474 3.189365 2.022428
v 8.439221 3.917404 1.998575
v 7.483437 -0.202115 1.159196
v -6.763598 4.520728 4.513087
v 1.932576 3.776133 3.391851
v -5.415801 1.790769 4.356463
v -5.113752 1.222119 4.105659
v 2.092128 0.445135 2.663258
v -6.280725 2.472971 4.544638
v 1.954471 3.186447 3.402437
v -4.642830 -0.213688 3.054353
v 1.126883 -0.178003 -0.186621
v -0.802916 2.467002 -3.616054
v 0.274975 4.531448 -3.694169
v 0.454330 3.861156 -3.779346
v -0.083758 -0.260263 -2.516657
v -5.120337 2.959734 -3.287000
v -6.826435 3.888140 -3.063259
v -6.864745 4.522573 -2.954404
v -6.122983 1.792957 -3.053002
v -5.784558 1.248341 -2.889142
v -5.077792 2.233888 -3.262016
v -5.619477 3.262314 -3.224249
v -5.748005 3.829814 -3.194511
v -4.290779 3.941720 4.308562
v -4.344425 4.465602 4.226762
v -4.399774 3.169583 4.361304
v -5.488129 3.215834 4.477203
v -5.641641 3.876271 4.479461
v 1.154394 4.624392 3.421062
v 0.432887 3.509606 3.580194
v 0.551167 4.573686 3.498829
v 0.563786 3.950169 3.551441
v 0.869854 -0.178001 2.485777
v -0.156137 -0.177997 -0.030578
v 1.621528 -0.260270 2.230494
v -4.690894 0.457344 3.570169
v 1.601442 0.449743 2.726032
v -4.260431 -0.252670 2.966366
v 0.011991 -0.177999 1.227685
v 1.638618 -0.177999 1.068466
v 0.963256 -0.177995 -1.531992
v 3.188384 -0.177995 -1.768596
v -4.802122 -0.177999 1.736383
v -5.911555 -0.177999 1.845487
v -6.073525 -0.177997 0.513735
v -5.036060 -0.177996 -0.187103
v -0.251402 -0.177998 0.581683
v -1.354432 -0.177997 0.115161
v -1.121091 -0.177998 0.687456
v -0.285502 -0.178000 1.973302
v -0.031837 -0.178001 2.595442
v -0.454760 -0.177999 1.266351
v -0.704090 -0.177998 0.654841
v 0.091695 -0.178000 1.843979
v -0.370364 -0.177999 1.357636
v -1.255327 -0.177993 -2.511705
v -1.108726 -0.177995 -1.306319
v -0.322834 -0.177997 -0.079250
v -0.469934 -0.177995 -1.288739
v -5.146416 -0.177995 -1.094470
v -3.765775 -0.177996 -0.341597
v -3.876131 -0.177995 -1.248965
v -4.417673 -0.177993 -2.125997
v -4.309742 -0.177995 -1.238565
v -4.962291 -0.177997 0.378585
v 13.091381 -0.224870 -2.218442
v 13.229609 -0.224871 -1.081900
v 7.148912 -0.178002 -1.657776
v 7.325988 -0.178004 -0.201823
v 13.073581 0.377363 -2.330963
v 13.239274 0.377210 -0.968115
v 13.105934 1.082296 -2.443635
v 13.297758 1.082791 -0.866328
v 13.349152 1.768847 -0.814142
v 13.186774 2.478648 -2.533850
v 13.397825 2.478623 -0.798545
v 13.232092 3.189072 -2.546596
v 13.444872 3.189085 -0.797290
v 13.314475 3.996914 -2.556814
v 13.527308 3.996911 -0.806855
v 15.252706 4.735844 -2.781819
v 15.462968 4.735841 -1.052998
v 15.223455 5.355959 -2.786736
v 15.435611 5.360564 -1.039093
v 15.105211 6.023942 -2.694633
v 15.223270 6.958114 -2.787143
v 15.435597 6.954805 -1.039024
v 15.223132 7.680600 -2.787160
v 15.435538 7.680597 -1.040715
v -13.178055 3.216338 4.919178
v -12.298267 2.320102 4.822563
v -12.588294 3.107603 5.295026
v -12.023088 2.542047 5.224146
v -18.604237 5.375141 2.213121
v -18.662813 5.372299 1.598270
v -18.336226 3.976135 2.179149
v -18.264000 3.966454 2.846220
v -18.513727 5.372299 2.824087
v -17.736179 4.646785 0.343475
v -17.586132 3.970396 0.260382
v -18.520336 4.669115 2.201891
v -18.426428 3.969939 1.515070
v -18.580925 4.663843 1.560417
v -18.350107 4.517846 2.847313
v -17.238388 4.498569 3.836231
v -6.873086 1.718773 -2.933877
v 2.912771 1.753634 -3.937879
v 7.086749 0.439973 -3.380780
v 1.381275 0.448520 -3.187077
v 2.979420 0.513241 -3.405850
v 12.677676 3.065418 -4.176771
v 12.607238 1.773784 -4.085958
v 13.134715 1.700695 -2.491772
v 1.927662 3.898799 3.390043
v 3.771337 3.905746 3.110948
v 8.423395 3.777976 2.003147
v 1.169058 3.898518 3.482311
v 1.823142 1.782882 3.317510
v 3.761194 1.782223 3.032886
v -14.486214 2.509335 4.537103
v -12.634974 2.499973 4.829640
v -15.567982 4.625780 4.594965
v -18.426832 4.653545 2.835727
v -17.317232 4.637521 3.817499
v -12.860683 2.598684 -2.028949
v -10.181230 2.492187 -2.711768
v -7.200578 2.479741 -3.004809
v -16.081385 3.948097 -0.930406
v -17.614218 4.057425 0.288071
v 15.301600 6.182812 0.667936
v 15.435771 6.189897 -1.036524
v -15.788002 1.213269 1.870599
v -15.869609 1.212584 1.239067
v -17.596102 2.673325 1.461051
v -17.487766 2.572562 1.366633
v -16.644121 2.550511 0.138826
v 13.211848 1.850547 0.854660
v 7.678638 0.439966 1.485853
v 13.065096 0.495203 0.429750
v 3.697611 0.519339 2.498153
v 9.253152 3.065233 -4.084725
v 7.576631 2.850108 -4.049309
v 7.382823 3.073138 -4.058049
v -0.589632 3.192848 -3.667629
v -0.830728 2.935078 -3.629202
v 4.697336 1.648500 -3.909501
v 2.928049 1.360739 -3.822192
v 2.219900 1.599402 -3.821746
v -10.827758 2.497228 -2.544302
v -12.615704 2.313480 -2.037896
v -12.996070 2.511678 -1.947834
v -16.324509 4.049345 -0.734265
v -16.255600 4.257172 -0.794690
v -15.861975 4.018750 -1.010170
v 15.329416 6.026536 0.027602
v 15.436064 5.826476 -1.033168
v 15.398945 6.008826 -1.213164
v 12.907794 1.768808 -3.156143
v 13.151301 1.914401 -2.516362
v 13.158186 1.766856 -2.371810
v 8.086447 1.684088 1.932030
v 9.465014 1.805713 1.660937
v 6.299399 1.857502 2.418636
v 8.217079 2.195268 1.990918
v 8.340199 1.831259 1.920923
v -5.271504 2.470037 4.421700
v -4.174955 2.553841 4.291818
v 0.748335 3.206887 3.548611
v 0.440049 3.322175 3.583522
v -4.927327 -0.177998 1.274837
v -5.176825 -0.177997 0.677628
v -5.109630 -0.177995 -0.792014
v -5.072845 -0.177996 -0.489559
v -3.693974 -0.178001 -0.964189
v -4.000632 -0.177996 -0.659607
v 3.109121 -0.177994 -2.420312
v 0.886801 -0.177994 -2.160627
v 1.045069 -0.177996 -0.859307
v -0.288856 -0.177996 -1.103717
v 0.063417 -0.178000 2.201237
v -4.526584 2.941310 4.361103
v -4.767391 2.762114 -3.305442
v -5.597785 1.904429 4.389096
v -5.057889 1.155640 4.078197
v -8.668139 1.109615 -2.538996
v -6.527468 1.165163 -2.767484
v -13.488230 5.303348 -1.821339
v 8.663654 6.661952 -4.158390
v 11.712750 7.434210 -4.269726
v 12.320194 6.944635 -4.291907
v 2.924099 5.876406 -4.262249
v 8.534050 7.276482 -4.423571
v -13.919744 5.877672 -1.953126
v -17.987473 5.877670 0.217920
v -18.911930 5.877669 1.523927
v -13.917275 4.744811 -2.189911
v 2.924099 6.025278 -4.262249
v -13.919744 6.026544 -1.953126
v -16.405651 6.026544 -0.962586
v -18.911930 6.026541 1.523927
v 14.828508 7.463609 -4.641418
v 14.823594 7.771331 -4.644939
v 2.811818 4.471586 -4.308296
v 8.534050 7.132397 -4.423572
v -16.405651 5.877672 -0.962586
v -13.871248 4.515123 -2.165391
v -11.095810 4.412633 -2.849135
v 2.814056 4.687532 -4.289891
v -7.631771 4.446064 -3.213799
v 8.650278 6.025276 -4.437454
v 8.593790 5.876404 -4.430583
v -7.702202 4.663661 -3.220871
v 1.013454 4.467454 -4.153309
v 3.805733 5.876396 3.344636
v 9.403596 7.276473 2.142849
v -12.865130 5.877663 5.111633
v -17.527206 5.877665 4.002320
v -18.737762 5.877667 2.955977
v -12.978841 4.746153 5.308823
v -10.224862 4.606137 5.292668
v 3.805733 6.025268 3.344636
v -12.865130 6.026535 5.111633
v -17.527206 6.026536 4.002320
v -18.737762 6.026539 2.955977
v 15.496880 7.463600 0.854076
v 15.492953 7.771322 0.858673
v 9.403596 7.132389 2.142848
v -15.708535 5.877663 4.769253
v -12.980742 4.516239 5.293197
v -10.108454 4.373179 5.271233
v -6.675730 4.406182 4.793598
v -18.829020 6.026539 2.240460
v -18.829020 5.877667 2.240460
v 9.449870 6.025268 2.136963
v 9.393382 5.876396 2.143833
v -6.725260 4.638121 4.808605
v 0.114415 4.469063 -4.043689
v -6.843970 4.424503 -3.188060
v -6.903629 4.656565 -3.254736
v -4.265059 4.461969 4.519811
v -4.311719 4.589292 4.495452
v 1.191752 4.719516 3.724861
v 1.198203 4.499186 3.718361
v 0.405802 4.671631 3.808768
v 0.414037 4.551627 3.825336
v 15.473885 7.466186 -2.844244
v 15.692663 7.466183 -1.045401
v 15.473885 7.773836 -2.844244
v 2.939839 5.881626 -3.906212
v 8.554023 7.280444 -4.067677
v -13.801446 5.877672 -1.618324
v -17.760998 5.877670 0.480679
v -18.593761 5.877667 1.618421
v -13.856764 4.733541 -1.791007
v -11.145783 4.631057 -2.456469
v 2.939839 6.030498 -3.906212
v -13.801446 6.026544 -1.618324
v -16.250557 6.026544 -0.645306
v -17.760998 6.026542 0.480679
v -18.593761 6.026539 1.618421
v 14.647629 7.464229 -4.348204
v 14.639912 7.771891 -4.353818
v 2.855277 4.436040 -3.893375
v 8.554023 7.136359 -4.067677
v -16.250557 5.877672 -0.645306
v -13.816672 4.503852 -1.815283
v -11.044042 4.396724 -2.496739
v 2.857515 4.651987 -3.874971
v 1.058240 4.643306 -3.697307
v -7.588629 4.429871 -2.860240
v 8.666018 6.030498 -4.081417
v 8.609530 5.881626 -4.074547
v -7.654699 4.646954 -2.818360
v 1.060217 4.425451 -3.739727
v 3.735672 5.881617 2.995207
v 9.337681 7.280435 1.792542
v -12.830533 5.877663 4.758234
v -17.370317 5.877665 3.692935
v -18.451519 5.877667 2.787974
v -13.021387 4.780217 4.958996
v -10.246099 4.631259 4.937847
v 3.735672 6.030489 2.995207
v -12.830533 6.026535 4.758235
v -15.634013 6.026535 4.424046
v -17.370317 6.026536 3.692935
v -18.451519 6.026539 2.787974
v 15.250991 7.464220 0.612767
v 15.244844 7.771883 0.620067
v 9.337681 7.136350 1.792542
v -15.634013 5.877663 4.424046
v -13.023288 4.550303 4.943370
v -10.141634 4.391288 4.916725
v -6.721043 4.400351 4.439919
v -18.503614 6.026539 2.200884
v -18.503614 5.877667 2.200883
v 9.379809 6.030489 1.787534
v 9.323322 5.881617 1.794404
v -6.771292 4.635992 4.454981
v 1.913053 4.509821 3.272455
v 0.162467 4.638463 -3.589219
v 0.164544 4.420409 -3.631682
v -6.796072 4.475495 -2.839062
v -6.849796 4.707556 -2.856942
v -4.308074 4.444623 4.166291
v -4.354734 4.571946 4.141932
v 1.148717 4.718317 3.370851
v 1.155168 4.498217 3.364350
v 0.362817 4.661219 3.454926
v 0.371053 4.541214 3.471495
v 15.154698 7.464696 -2.768213
v 15.364557 7.464693 -1.042707
v 15.154698 7.772346 -2.768212
v 15.364557 7.772343 -1.042707
v 6.418404 12.937991 -0.651509
v 6.061732 12.962202 -0.605885
v 5.730005 12.973547 -0.733043
v 5.512110 12.968989 -0.998911
v 5.466432 12.949749 -1.332252
v 5.605210 12.920980 -1.643745
v 6.247930 12.866185 -1.895552
v 6.797549 12.859398 -1.502526
v 6.843227 12.878639 -1.169186
v 6.704450 12.907407 -0.857692
v 5.268599 13.029819 -0.295149
v 4.718977 13.036608 -0.688176
v 14.818285 4.638840 -4.632823
v 2.815153 4.559177 -4.280878
v 8.368327 4.638840 -4.408852
v 15.480993 4.638832 0.816108
v 9.165383 4.638832 2.144709
v 15.466352 4.638837 -2.836173
v 15.683415 4.638834 -1.051439
v 14.818285 5.019772 -4.632822
v 15.480993 5.019763 0.816109
v 9.171947 5.019763 2.198725
v 14.783090 4.638840 -4.535739
v 2.821814 4.559177 -4.173554
v 8.375727 4.638840 -4.298451
v 15.427454 4.638832 0.762357
v 9.150004 4.638832 2.067818
v 15.396420 4.638837 -2.818179
v 15.611207 4.638834 -1.052146
v 14.783090 5.019772 -4.535739
v 15.427454 5.019763 0.762357
v 9.157432 5.019763 2.128887
v 15.611207 5.019766 -1.052146
v 8.812233 4.007245 -4.146929
v 9.549346 4.007236 1.913772
v 8.812233 5.541462 -4.146927
v 8.812233 5.038115 -4.146928
v 8.812233 4.542057 -4.146928
v 9.549346 4.542048 1.913773
v 9.549346 5.038106 1.913774
v 9.549346 5.541454 1.913775
v 8.812233 5.990170 -4.146926
v 9.549347 5.990162 1.913775
v 8.812233 5.512357 -4.146927
v 9.549346 5.512348 1.913775
v 8.812233 5.010653 -4.146928
v 9.549346 5.010644 1.913774
v 8.812233 4.508949 -4.146928
v 9.549346 4.508941 1.913773
v 8.922871 4.007245 -4.160385
v 9.659984 4.007236 1.900317
v 8.922871 5.541462 -4.160383
v 8.922871 5.038115 -4.160384
v 8.922871 4.542057 -4.160384
v 9.659984 4.542048 1.900317
v 9.659984 5.038106 1.900318
v 9.659984 5.541454 1.900319
v 8.922871 5.990170 -4.160382
v 9.659985 5.990162 1.900319
v 8.922871 5.512357 -4.160383
v 9.659984 5.512348 1.900319
v 8.922871 5.010653 -4.160384
v 9.659984 5.010644 1.900318
v 8.922871 4.508949 -4.160384
v 9.659984 4.508941 1.900317
v 3.165874 5.092538 -0.385032
v 3.110013 5.092538 -0.378238
v 3.175061 5.111279 -0.309495
v 3.119200 5.111279 -0.302701
v 3.143787 4.425892 -0.100536
v 3.133731 4.405378 -0.183220
v 3.189592 4.405378 -0.190014
v 3.199648 4.425892 -0.107329
v 2.502147 4.010958 -0.994080
v 2.667484 4.010958 0.365352
v 1.659014 4.010958 -0.891537
v 1.824350 4.010958 0.467895
v 2.557260 4.010958 -0.540936
v 2.610200 4.010958 -0.102664
v 1.767781 4.010958 -0.000208
v 1.714126 4.010958 -0.438393
v 1.716297 4.010958 -0.423520
v 2.558716 4.010958 -0.525977
v 1.769238 4.010958 0.014751
v 2.612372 4.010958 -0.087792
v 2.610388 5.362421 -0.104105
v 2.661531 5.362421 0.316411
v 2.467827 5.362421 0.339969
v 2.508100 5.362421 -0.945135
v 2.559244 5.362421 -0.524620
v 2.608725 5.362421 -0.117780
v 2.415020 5.362421 -0.094221
v 2.367203 5.362421 -0.487386
v 8.519404 4.010958 -0.330318
v 8.321622 4.010959 -1.956522
v 9.015198 6.293614 -0.449378
v 8.831502 6.293616 -1.959767
v 9.116568 6.293616 -1.994437
v 9.300263 6.293614 -0.484049
v 9.109524 4.010959 -2.052348
v 9.307306 4.010958 -0.426144
v 8.821834 6.224471 -1.912162
v 8.994401 6.224469 -0.493278
v 8.342844 4.080104 -1.909114
v 8.528643 4.080103 -0.381431
v 8.859104 6.224469 -1.605721
v 8.893618 6.224469 -1.321944
v 8.928131 6.224469 -1.038167
v 8.959888 6.224469 -0.777055
v 8.382972 4.080103 -1.579175
v 8.417164 4.080103 -1.298041
v 8.457292 4.080103 -0.968102
v 8.491484 4.080103 -0.686967
v 8.856347 6.224469 -1.628386
v 8.380004 4.080103 -1.603577
v 8.890861 6.224469 -1.344609
v 8.420132 4.080103 -1.273638
v 8.925374 6.224469 -1.060832
v 8.454324 4.080103 -0.992504
v 8.962645 6.224469 -0.754391
v 8.494452 4.080103 -0.662565
v 8.340853 4.080103 -1.598815
v 8.303693 4.080104 -1.904352
v 8.817196 6.224469 -1.623624
v 8.782682 6.224471 -1.907401
v 8.851709 6.224469 -1.339847
v 8.819953 6.224469 -1.600959
v 8.955250 6.224469 -0.488517
v 8.923493 6.224469 -0.749629
v 8.489491 4.080103 -0.376669
v 8.886223 6.224469 -1.056070
v 8.854466 6.224469 -1.317183
v 8.415173 4.080103 -0.987742
v 8.380980 4.080103 -1.268877
v 8.455300 4.080103 -0.657804
v 8.452332 4.080103 -0.682206
v 8.418140 4.080103 -0.963340
v 8.378013 4.080103 -1.293279
v 8.343821 4.080103 -1.574413
v 8.920736 6.224469 -0.772293
v 8.888980 6.224469 -1.033406
v 2.568852 5.305961 -4.194242
v 2.577065 5.308364 -4.001965
v 0.112338 4.687116 -4.001227
v 1.032314 4.666659 -3.926061
v 1.219708 4.685756 -4.131538
v 1.012427 4.574960 -4.132376
v 2.260663 5.251617 -0.919113
v 2.365516 5.362421 -0.501257
v 2.436601 5.362421 -0.936439
v 2.560861 5.333762 -0.511264
v 2.532457 5.362421 -0.507485
v 2.581729 5.362421 -0.339742
v 2.455100 5.362421 0.235324
v 2.469173 5.362421 -0.086930
v 2.393883 5.314827 -0.077190
v 0.149822 4.024975 -3.924061
v 0.241016 3.912996 -3.946278
v 0.151095 3.897031 -3.742314
v 0.662900 3.218011 -3.819153
v 0.468770 3.421462 -3.790956
v -0.831134 2.545121 -3.809473
v -0.742819 2.461303 -3.817254
v 0.906680 1.854793 -3.949052
v 0.994877 1.735457 -3.943220
v 0.888845 1.753872 -3.740627
v -1.318685 -0.177994 -1.973764
v -0.631788 -0.177994 -2.205320
v -1.347187 -0.177994 -2.329767
v -1.398626 -0.303489 -2.227889
v -0.118108 0.449720 -3.005626
v 0.177872 0.355008 -3.205433
v -0.122471 0.039328 -2.949670
v -10.347704 2.461303 -2.868839
v -10.086504 2.461303 -2.915611
v -9.849422 1.988059 -2.886217
v -11.157604 4.573830 -2.877209
v -11.337448 4.649492 -2.825459
v -11.168513 4.631547 -2.637149
v 14.774736 7.908649 -4.747967
v 14.953135 7.908649 -4.578959
v 14.855643 6.960736 -4.757808
v 10.478370 5.019772 -4.482121
v 8.368323 4.956436 -4.408852
v 8.304714 5.018860 -4.407386
v 8.375713 5.019772 -4.298637
v 2.815153 4.849381 -4.280878
v 2.821803 4.940108 -4.173739
v 2.906271 4.941416 -4.282977
v 5.275841 5.876404 -4.332072
v 5.315012 6.030498 -3.978886
v 5.291581 5.881626 -3.976036
v 3.352904 6.025278 -4.275369
v 5.305993 6.027506 -4.182884
v 5.810019 6.025276 -4.350550
v 5.294938 5.997740 -4.334395
v -17.987473 5.914557 0.217921
v -18.082170 6.026542 0.351700
v -17.859989 6.026542 0.365825
v -15.676803 6.026535 4.622254
v -15.766269 6.026535 4.744906
v -15.708535 5.971918 4.769253
v 15.657463 7.773391 -0.709799
v 15.692663 7.680659 -1.045400
v 15.598912 7.773408 -1.044631
v 15.231730 6.636660 0.999413
v 15.338102 6.636660 0.594717
v 15.657493 6.636660 0.555872
v 15.464519 6.636660 0.971101
v 15.606547 6.636660 0.749698
v 15.396453 5.019769 -2.818187
v 15.683415 5.019766 -1.051439
v 15.466352 4.800611 -2.836173
v 15.361096 5.019769 -3.127981
v 3.812931 4.719516 3.366537
v 3.812245 4.499187 3.360905
v 3.769875 4.718317 3.012529
v 3.769191 4.498217 3.006897
v -18.840509 6.437590 2.111172
v -4.927883 -0.355010 0.195885
v -18.148926 3.187144 1.803857
v -16.976461 1.735452 1.661258
v -17.578812 2.461298 1.734518
v -14.845979 0.355004 1.402143
v -13.546797 -0.355010 1.244133
v -18.822060 5.364682 1.885728
v -18.542622 3.912991 1.851740
v -18.735750 4.638836 1.875230
v -16.007288 1.116653 1.543385
v 13.272807 -0.350459 -2.017715
v -1.199619 -0.355010 -0.257553
v -18.809183 6.437590 2.368734
v -4.474009 -0.355011 0.848453
v -18.064100 3.187144 2.501309
v -16.891636 1.735451 2.358710
v -17.493986 2.461297 2.431970
v -14.761153 0.355003 2.099595
v -13.461971 -0.355011 1.941585
v -18.737234 5.364682 2.583180
v -18.457796 3.912990 2.549192
v -18.650925 4.638836 2.572682
v -15.922462 1.116652 2.240837
v 13.357633 -0.350460 -1.320263
v -0.928571 -0.355011 0.417250
v -19.068085 6.427863 2.138850
v -4.927883 -0.584471 0.195885
v -18.338863 3.060491 1.826958
v -17.126600 1.562902 1.679518
v -17.755520 2.316515 1.756009
v -14.962523 0.157854 1.416317
v -13.602827 -0.577419 1.250947
v -19.049080 5.346062 1.913339
v -18.754068 3.827675 1.877457
v -18.959402 4.595384 1.902431
v -16.130398 0.923599 1.558357
v 13.272807 -0.579921 -2.017715
v -1.199556 -0.584471 -0.257560
v -19.036758 6.427863 2.396412
v -4.474009 -0.584472 0.848453
v -18.254038 3.060491 2.524410
v -17.041775 1.562901 2.376970
v -17.670694 2.316514 2.453461
v -14.877698 0.157853 2.113769
v -13.518002 -0.577420 1.948399
v -18.964254 5.346062 2.610791
v -18.669243 3.827674 2.574909
v -18.874577 4.595384 2.599883
v -16.045572 0.923598 2.255809
v 13.357633 -0.579922 -1.320263
v -0.928508 -0.584472 0.417242
v 0.503210 4.577188 -3.943574
v 0.476242 4.847118 -3.905981
v 0.523856 4.577187 -3.773822
v 0.488663 4.847116 -3.803855
v 0.347179 4.577188 -3.924597
v 0.382372 4.847118 -3.894564
v 0.367825 4.577187 -3.754845
v 0.394793 4.847116 -3.792438
v 0.519462 5.033227 -3.966228
v 0.545064 5.033226 -3.755723
v 0.351573 5.033226 -3.732190
v 0.325971 5.033227 -3.942695
v 0.484763 5.265047 -3.917856
v 0.499782 5.265046 -3.794366
v 0.386273 5.265046 -3.780560
v 0.371253 5.265047 -3.904051
v 2.305311 4.577188 -4.162748
v 2.278344 4.847118 -4.125155
v 2.325956 4.577187 -3.992997
v 2.290764 4.847116 -4.023030
v 2.149281 4.577188 -4.143772
v 2.184473 4.847118 -4.113739
v 2.169926 4.577187 -3.974020
v 2.196893 4.847116 -4.011613
v 2.321563 5.033227 -4.185402
v 2.347165 5.033226 -3.974897
v 2.153674 5.033226 -3.951365
v 2.128072 5.033227 -4.161870
v 2.286863 5.265047 -4.137031
v 2.301883 5.265046 -4.013540
v 2.188374 5.265046 -3.999735
v 2.173354 5.265047 -4.123225
v 1.346851 5.265047 -4.022705
v 1.361871 5.265046 -3.899215
v 1.475380 5.265046 -3.913020
v 1.460361 5.265047 -4.036510
v 1.301569 5.033227 -4.061349
v 1.327171 5.033226 -3.850844
v 1.520662 5.033226 -3.874377
v 1.495060 5.033227 -4.084882
v 1.370391 4.847116 -3.911092
v 1.343423 4.577187 -3.873499
v 1.357970 4.847118 -4.013218
v 1.322777 4.577188 -4.043251
v 1.464261 4.847116 -3.922509
v 1.499453 4.577187 -3.892476
v 1.451840 4.847118 -4.024635
v 1.478808 4.577188 -4.062228
v -8.971429 4.577188 -2.965302
v -8.999201 4.847118 -2.928412
v -8.954386 4.577188 -2.795160
v -8.988946 4.847118 -2.826051
v -9.127895 4.577188 -2.950242
v -9.093333 4.847118 -2.919352
v -9.110849 4.577188 -2.780099
v -9.083078 4.847118 -2.816990
v -8.954694 5.033227 -2.987535
v -8.933557 5.033227 -2.776543
v -9.127586 5.033227 -2.757867
v -9.148723 5.033227 -2.968858
v -8.990427 5.265047 -2.940066
v -8.978026 5.265047 -2.816290
v -9.091852 5.265047 -2.805334
v -9.104252 5.265047 -2.929111
v -7.164313 4.577188 -3.139242
v -7.192084 4.847118 -3.102351
v -7.147268 4.577188 -2.969099
v -7.181829 4.847118 -2.999990
v -7.320777 4.577188 -3.124182
v -7.286216 4.847118 -3.093290
v -7.303733 4.577188 -2.954038
v -7.275961 4.847118 -2.990930
v -7.147576 5.033227 -3.161473
v -7.126440 5.033226 -2.950482
v -7.320469 5.033226 -2.931807
v -7.341606 5.033227 -3.142797
v -7.183310 5.265047 -3.114005
v -7.170910 5.265047 -2.990229
v -7.284736 5.265047 -2.979273
v -7.297135 5.265047 -3.103049
v -8.125938 5.265047 -3.023274
v -8.113539 5.265047 -2.899499
v -7.999713 5.265047 -2.910455
v -8.012114 5.265047 -3.034230
v -8.170410 5.033227 -3.063023
v -8.149272 5.033227 -2.852032
v -7.955243 5.033227 -2.870708
v -7.976380 5.033227 -3.081699
v -8.104765 4.847118 -2.911155
v -8.132537 4.577188 -2.874264
v -8.115019 4.847118 -3.013516
v -8.149580 4.577188 -3.044407
v -8.010633 4.847118 -2.920215
v -7.976071 4.577188 -2.889324
v -8.020887 4.847118 -3.022577
v -7.993116 4.577188 -3.059467
v -11.675402 4.577188 -2.615085
v -11.698524 4.847118 -2.574546
v -11.638482 4.577188 -2.448267
v -11.676311 4.847118 -2.474185
v -11.828402 4.577188 -2.578383
v -11.790571 4.847118 -2.552465
v -11.791479 4.577188 -2.411564
v -11.768358 4.847118 -2.452104
v -11.661469 5.033227 -2.639516
v -11.615684 5.033227 -2.432647
v -11.805413 5.033226 -2.387133
v -11.851199 5.033227 -2.594001
v -11.691218 5.265047 -2.587353
v -11.664358 5.265047 -2.465995
v -11.775662 5.265047 -2.439295
v -11.802523 5.265047 -2.560652
v -9.881735 4.577188 -2.877683
v -9.909507 4.847118 -2.840793
v -9.864690 4.577188 -2.707541
v -9.899252 4.847118 -2.738431
v -10.038199 4.577188 -2.862624
v -10.003637 4.847118 -2.831733
v -10.021154 4.577188 -2.692480
v -9.993383 4.847118 -2.729372
v -9.864999 5.033227 -2.899915
v -9.843862 5.033227 -2.688924
v -10.037891 5.033227 -2.670248
v -10.059028 5.033227 -2.881240
v -9.900732 5.265047 -2.852448
v -9.888332 5.265047 -2.728671
v -10.002158 5.265047 -2.717715
v -10.014558 5.265047 -2.841491
v -10.843361 5.265047 -2.761717
v -10.830960 5.265047 -2.637941
v -10.717136 5.265047 -2.648897
v -10.729536 5.265047 -2.772674
v -10.887832 5.033227 -2.801466
v -10.866695 5.033227 -2.590474
v -10.672667 5.033227 -2.609149
v -10.693803 5.033227 -2.820141
v -10.822187 4.847118 -2.649597
v -10.849958 4.577188 -2.612707
v -10.832441 4.847118 -2.751958
v -10.867003 4.577188 -2.782850
v -10.728056 4.847118 -2.658658
v -10.693493 4.577188 -2.627767
v -10.738309 4.847118 -2.761019
v -10.710538 4.577188 -2.797909
v -12.605082 4.577188 -2.392062
v -12.628203 4.847118 -2.351522
v -12.568162 4.577187 -2.225244
v -12.605991 4.847116 -2.251162
v -12.758081 4.577188 -2.355359
v -12.720251 4.847118 -2.329441
v -12.721161 4.577187 -2.188540
v -12.698039 4.847116 -2.229080
v -12.591149 5.033227 -2.416492
v -12.545363 5.033226 -2.209624
v -12.735093 5.033226 -2.164109
v -12.780880 5.033227 -2.370977
v -12.620900 5.265047 -2.364329
v -12.594040 5.265046 -2.242972
v -12.705342 5.265046 -2.216271
v -12.732203 5.265047 -2.337628
v -13.542645 5.265046 -2.143209
v -13.515785 5.265046 -2.021852
v -13.404482 5.265046 -2.048553
v -13.431341 5.265046 -2.169910
v -13.591322 5.033227 -2.176558
v -13.545536 5.033226 -1.969690
v -13.355807 5.033226 -2.015204
v -13.401592 5.033227 -2.222073
v -13.508481 4.847116 -2.034661
v -13.531603 4.577187 -1.994121
v -13.530693 4.847116 -2.135022
v -13.568525 4.577187 -2.160939
v -13.416434 4.847116 -2.056742
v -13.378603 4.577187 -2.030825
v -13.438646 4.847116 -2.157103
v -13.415524 4.577188 -2.197643
v 3.503030 5.946985 -4.179060
v 3.473346 6.216916 -4.143978
v 3.511186 5.946985 -4.008337
v 3.478253 6.216916 -4.041267
v 3.345851 5.946985 -4.173660
v 3.378785 6.216916 -4.140729
v 3.354007 5.946985 -4.002937
v 3.383691 6.216916 -4.038019
v 3.520919 6.403025 -4.200202
v 3.531033 6.403025 -3.988491
v 3.336118 6.403025 -3.981795
v 3.326004 6.403025 -4.193506
v 3.482724 6.634845 -4.155060
v 3.488657 6.634845 -4.030862
v 3.374313 6.634845 -4.026934
v 3.368380 6.634845 -4.151132
v 5.318396 5.946985 -4.241424
v 5.288712 6.216916 -4.206342
v 5.326551 5.946985 -4.070701
v 5.293618 6.216916 -4.103632
v 5.161216 5.946985 -4.236025
v 5.194150 6.216916 -4.203094
v 5.169372 5.946985 -4.065302
v 5.199057 6.216916 -4.100384
v 5.336285 6.403025 -4.262566
v 5.346398 6.403025 -4.050856
v 5.151484 6.403025 -4.044160
v 5.141370 6.403025 -4.255870
v 5.298090 6.634845 -4.217424
v 5.304023 6.634845 -4.093227
v 5.189679 6.634845 -4.089299
v 5.183746 6.634845 -4.213496
v 4.351159 6.634845 -4.184894
v 4.357092 6.634845 -4.060696
v 4.471437 6.634845 -4.064624
v 4.465504 6.634845 -4.188822
v 4.308783 6.403025 -4.227267
v 4.318897 6.403025 -4.015557
v 4.513812 6.403025 -4.022253
v 4.503698 6.403025 -4.233964
v 4.366470 6.216916 -4.071781
v 4.336786 5.946985 -4.036699
v 4.361563 6.216916 -4.174491
v 4.328630 5.946985 -4.207422
v 4.461031 6.216916 -4.075029
v 4.493965 5.946985 -4.042099
v 4.456124 6.216916 -4.177740
v 4.485809 5.946985 -4.212822
v 6.232855 5.946985 -4.272840
v 6.203171 6.216916 -4.237758
v 6.241011 5.946985 -4.102116
v 6.208078 6.216916 -4.135047
v 6.075677 5.946985 -4.267440
v 6.108611 6.216916 -4.234509
v 6.083833 5.946985 -4.096717
v 6.113517 6.216916 -4.131799
v 6.250745 6.403025 -4.293982
v 6.260859 6.403025 -4.082271
v 6.065945 6.403025 -4.075575
v 6.055830 6.403025 -4.287286
v 6.212551 6.634845 -4.248840
v 6.218484 6.634845 -4.124642
v 6.104139 6.634845 -4.120714
v 6.098206 6.634845 -4.244911
v 8.048222 5.946985 -4.335204
v 8.018538 6.216916 -4.300122
v 8.056377 5.946985 -4.164481
v 8.023444 6.216916 -4.197412
v 7.891042 5.946985 -4.329804
v 7.923975 6.216916 -4.296874
v 7.899198 5.946985 -4.159081
v 7.928882 6.216916 -4.194163
v 8.066111 6.403025 -4.356346
v 8.076224 6.403025 -4.144635
v 7.881310 6.403025 -4.137939
v 7.871196 6.403025 -4.349650
v 8.027914 6.634845 -4.311204
v 8.033849 6.634845 -4.187007
v 7.919505 6.634845 -4.183078
v 7.913572 6.634845 -4.307276
v 7.080985 6.634845 -4.278674
v 7.086919 6.634845 -4.154476
v 7.201262 6.634845 -4.158404
v 7.195331 6.634845 -4.282602
v 7.038609 6.403025 -4.321047
v 7.048723 6.403025 -4.109337
v 7.243638 6.403025 -4.116034
v 7.233523 6.403025 -4.327744
v 7.096296 6.216916 -4.165561
v 7.066612 5.946985 -4.130479
v 7.091388 6.216916 -4.268271
v 7.058456 5.946985 -4.301202
v 7.190857 6.216916 -4.168808
v 7.223791 5.946985 -4.135879
v 7.185951 6.216916 -4.271520
v 7.215635 5.946985 -4.306602
v 9.407952 7.286460 -4.384347
v 9.355753 7.552578 -4.346527
v 9.416153 7.285402 -4.213630
v 9.360686 7.551942 -4.243820
v 9.251330 7.273224 -4.379016
v 9.261525 7.544614 -4.343319
v 9.259529 7.272166 -4.208297
v 9.266459 7.543979 -4.240613
v 9.387527 7.742584 -4.400829
v 9.397696 7.741273 -4.189126
v 9.203472 7.724860 -4.182513
v 9.193300 7.726171 -4.394217
v 9.330047 7.969913 -4.353343
v 9.336012 7.969143 -4.229150
v 9.222072 7.959515 -4.225270
v 9.216105 7.960283 -4.349464
v 11.216899 7.439329 -4.445931
v 11.164696 7.705448 -4.408110
v 11.225100 7.438272 -4.275214
v 11.169630 7.704811 -4.305404
v 11.060274 7.426094 -4.440599
v 11.070469 7.697485 -4.404902
v 11.068473 7.425036 -4.269881
v 11.075402 7.696849 -4.302196
v 11.196470 7.895454 -4.462413
v 11.206639 7.894142 -4.250710
v 11.012413 7.877729 -4.244097
v 11.002245 7.879040 -4.455801
v 11.138990 8.122784 -4.414926
v 11.144956 8.122012 -4.290732
v 11.031016 8.112383 -4.286854
v 11.025052 8.113155 -4.411047
v 10.195408 8.043043 -4.382803
v 10.201375 8.042275 -4.258610
v 10.315315 8.051904 -4.262488
v 10.309349 8.052673 -4.386682
v 10.172605 7.808930 -4.427557
v 10.182772 7.807619 -4.215852
v 10.376997 7.824031 -4.222465
v 10.366830 7.825344 -4.434169
v 10.245761 7.626737 -4.273951
v 10.238833 7.354926 -4.241637
v 10.240829 7.627373 -4.376658
v 10.230633 7.355982 -4.412355
v 10.339991 7.634701 -4.277159
v 10.395455 7.368161 -4.246969
v 10.335055 7.635336 -4.379866
v 10.387256 7.369218 -4.417687
v 12.128122 7.516335 -4.476953
v 12.075922 7.782453 -4.439132
v 12.136324 7.515278 -4.306235
v 12.080857 7.781816 -4.336426
v 11.971500 7.503099 -4.471621
v 11.981696 7.774490 -4.435925
v 11.979701 7.502042 -4.300903
v 11.986629 7.773854 -4.333218
v 12.107697 7.972459 -4.493434
v 12.117866 7.971149 -4.281731
v 11.923642 7.954734 -4.275119
v 11.913472 7.956046 -4.486823
v 12.050216 8.199789 -4.445948
v 12.056180 8.199018 -4.321754
v 11.942241 8.189388 -4.317875
v 11.936277 8.190161 -4.442069
v 13.937068 7.669204 -4.538537
v 13.884869 7.935323 -4.500716
v 13.945268 7.668148 -4.367819
v 13.889799 7.934687 -4.398009
v 13.780444 7.655969 -4.533205
v 13.790641 7.927359 -4.497509
v 13.788643 7.654912 -4.362486
v 13.795573 7.926723 -4.394801
v 13.916640 8.125328 -4.555017
v 13.926810 8.124017 -4.343313
v 13.732584 8.107603 -4.336701
v 13.722416 8.108914 -4.548405
v 13.859160 8.352656 -4.507532
v 13.865128 8.351887 -4.383338
v 13.751186 8.342258 -4.379458
v 13.745221 8.343028 -4.503653
v 12.915579 8.272917 -4.475409
v 12.921545 8.272147 -4.351214
v 13.035483 8.281775 -4.355093
v 13.029520 8.282545 -4.479287
v 12.892776 8.038807 -4.520161
v 12.902944 8.037493 -4.308458
v 13.097169 8.053905 -4.315070
v 13.086999 8.055217 -4.526773
v 12.965932 7.856613 -4.366557
v 12.959002 7.584801 -4.334243
v 12.960997 7.857248 -4.469264
v 12.950803 7.585858 -4.504960
v 13.060158 7.864576 -4.369764
v 13.115625 7.598037 -4.339575
v 13.055225 7.865212 -4.472471
v 13.107428 7.599093 -4.510293
v 15.258923 7.703652 -2.336689
v 15.299294 7.972822 -2.306154
v 15.410781 7.703407 -2.378237
v 15.390654 7.972674 -2.331150
v 15.300272 7.700377 -2.171046
v 15.324170 7.970852 -2.206501
v 15.452129 7.700133 -2.212593
v 15.415529 7.970704 -2.231496
v 15.238917 8.160014 -2.341760
v 15.427236 8.159709 -2.393281
v 15.478510 8.155648 -2.187870
v 15.290195 8.155953 -2.136348
v 15.290057 8.390881 -2.304957
v 15.400532 8.390703 -2.335181
v 15.430612 8.388321 -2.214679
v 15.320137 8.388499 -2.184457
v 14.781364 7.741477 -4.249827
v 14.821735 8.010645 -4.219292
v 14.933221 7.741231 -4.291374
v 14.913097 8.010497 -4.244286
v 14.822712 7.738200 -4.084182
v 14.846610 8.008675 -4.119637
v 14.974570 7.737957 -4.125729
v 14.937971 8.008527 -4.144631
v 14.761358 8.197837 -4.254895
v 14.949674 8.197533 -4.306417
v 15.000949 8.193472 -4.101004
v 14.812634 8.193776 -4.049483
v 14.812499 8.428704 -4.218094
v 14.922971 8.428526 -4.248321
v 14.953052 8.426143 -4.127817
v 14.842578 8.426323 -4.097593
v 15.061602 8.408973 -3.220165
v 15.172074 8.408795 -3.250390
v 15.141998 8.411178 -3.370892
v 15.031522 8.411356 -3.340669
v 15.031657 8.176427 -3.172056
v 15.219975 8.176124 -3.223577
v 15.168699 8.180187 -3.428989
v 14.980382 8.180491 -3.377468
v 15.156996 7.991180 -3.267204
v 15.193594 7.720608 -3.248302
v 15.065637 7.991328 -3.242207
v 15.041737 7.720854 -3.206754
v 15.132122 7.993152 -3.366858
v 15.152245 7.723885 -3.413946
v 15.040759 7.993299 -3.341862
v 15.000386 7.724130 -3.372400
v -15.036837 5.975578 -1.458082
v -15.053017 6.245507 -1.413649
v -14.973842 5.975578 -1.300200
v -15.015120 6.245507 -1.318664
v -15.181071 5.975578 -1.392897
v -15.139793 6.245507 -1.374434
v -15.118076 5.975578 -1.235016
v -15.101896 6.245507 -1.279449
v -15.027083 6.431616 -1.484858
v -14.948965 6.431616 -1.289072
v -15.127830 6.431616 -1.208239
v -15.205947 6.431616 -1.404026
v -15.047903 6.663437 -1.427686
v -15.002078 6.663437 -1.312829
v -15.107006 6.663437 -1.265410
v -15.152832 6.663437 -1.380266
v -14.243954 6.663437 -1.760217
v -14.211928 6.663437 -1.640238
v -14.101999 6.663437 -1.672575
v -14.134026 6.663437 -1.792553
v -14.293966 6.431616 -1.791096
v -14.239374 6.431616 -1.586577
v -14.051990 6.431616 -1.641698
v -14.106581 6.431616 -1.846217
v -14.205191 6.245507 -1.653416
v -14.226521 5.975578 -1.611711
v -14.231676 6.245507 -1.752637
v -14.270542 5.975578 -1.776635
v -14.114279 6.245507 -1.680158
v -14.075410 5.975578 -1.656160
v -14.140764 6.245507 -1.779379
v -14.119435 5.975578 -1.821084
v -15.913263 5.975578 -1.062000
v -15.929447 6.245507 -1.017568
v -15.850270 5.975578 -0.904118
v -15.891549 6.245507 -0.922583
v -16.057499 5.975578 -0.996817
v -16.016220 6.245507 -0.978352
v -15.994507 5.975578 -0.838935
v -15.978323 6.245507 -0.883367
v -15.903512 6.431616 -1.088778
v -15.825396 6.431616 -0.892991
v -16.004257 6.431616 -0.812157
v -16.082373 6.431616 -1.007945
v -15.924334 6.663437 -1.031604
v -15.878507 6.663437 -0.916748
v -15.983435 6.663437 -0.869328
v -16.029263 6.663437 -0.984184
v -16.792059 6.663437 -0.587602
v -16.727978 6.663437 -0.483241
v -16.633093 6.663437 -0.550690
v -16.697174 6.663437 -0.655051
v -16.848064 6.431616 -0.600608
v -16.738829 6.431616 -0.422711
v -16.577084 6.431616 -0.537687
v -16.686323 6.431616 -0.715584
v -16.725311 6.245507 -0.498105
v -16.733747 5.975578 -0.451061
v -16.778309 6.245507 -0.584410
v -16.821836 5.975578 -0.594516
v -16.646841 6.245507 -0.553884
v -16.603317 5.975578 -0.543778
v -16.699837 6.245507 -0.640190
v -16.691404 5.975578 -0.687234
v -17.472332 6.663435 -0.066874
v -17.408253 6.663435 0.037488
v -17.313366 6.663435 -0.029961
v -17.377449 6.663435 -0.134322
v -17.528341 6.431615 -0.079878
v -17.419106 6.431615 0.098017
v -17.257360 6.431615 -0.016958
v -17.366596 6.431616 -0.194855
v -17.405588 6.245506 0.022624
v -17.414021 5.975576 0.069667
v -17.458584 6.245506 -0.063681
v -17.502110 5.975576 -0.073787
v -17.327116 6.245506 -0.033156
v -17.283590 5.975576 -0.023050
v -17.380114 6.245506 -0.119461
v -17.371677 5.975576 -0.166504
v -18.062639 6.663435 0.487617
v -17.975016 6.663435 0.569511
v -17.901314 6.663435 0.476057
v -17.988937 6.663435 0.394163
v -18.119474 6.431615 0.491690
v -17.970116 6.431615 0.631289
v -17.844479 6.431615 0.471983
v -17.993839 6.431615 0.332383
v -17.976221 6.245506 0.554342
v -17.972408 5.975576 0.602354
v -18.048687 6.245506 0.486617
v -18.092857 5.975576 0.489783
v -17.915268 6.245506 0.477055
v -17.871098 5.975576 0.473889
v -17.987730 6.245506 0.409329
v -17.991543 5.975576 0.361317
v -18.629234 6.663434 1.311784
v -18.528263 6.663434 1.372574
v -18.474279 6.663434 1.264200
v -18.575251 6.663434 1.203410
v -18.683828 6.431613 1.328548
v -18.511705 6.431613 1.432173
v -18.419687 6.431613 1.247436
v -18.591808 6.431613 1.143809
v -18.532324 6.245504 1.357939
v -18.519459 5.975575 1.404259
v -18.615829 6.245504 1.307668
v -18.658260 5.975575 1.320697
v -18.487680 6.245504 1.268314
v -18.445253 5.975575 1.255285
v -18.571188 6.245504 1.218042
v -18.584055 5.975575 1.171723
v -18.756039 6.663433 1.842611
v -18.641581 6.663433 1.841886
v -18.644566 6.663433 1.717630
v -18.759024 6.663433 1.718355
v -18.795313 6.431612 1.886643
v -18.600203 6.431612 1.885408
v -18.605289 6.431612 1.673597
v -18.800402 6.431612 1.674831
v -18.651739 6.245503 1.831199
v -18.619583 5.975574 1.865024
v -18.746399 6.245503 1.831800
v -18.776920 5.975574 1.866022
v -18.654207 6.245503 1.728439
v -18.623686 5.975574 1.694218
v -18.748865 6.245503 1.729039
v -18.781025 5.975574 1.695215
v 1.412609 4.577178 3.533694
v 1.377416 4.847108 3.503661
v 1.391963 4.577178 3.363943
v 1.364995 4.847108 3.401535
v 1.256578 4.577178 3.552671
v 1.283546 4.847108 3.515078
v 1.235933 4.577178 3.382920
v 1.271125 4.847108 3.412952
v 1.433817 5.033217 3.551794
v 1.408215 5.033217 3.341288
v 1.214725 5.033217 3.364821
v 1.240327 5.033217 3.575326
v 1.388535 5.265037 3.513151
v 1.373516 5.265037 3.389660
v 1.260007 5.265037 3.403466
v 1.275026 5.265037 3.526956
v 3.214710 4.577178 3.314519
v 3.179518 4.847108 3.284486
v 3.194064 4.577178 3.144768
v 3.167097 4.847108 3.182360
v 3.058679 4.577178 3.333496
v 3.085646 4.847108 3.295903
v 3.038034 4.577178 3.163745
v 3.073225 4.847108 3.193777
v 3.235918 5.033217 3.332619
v 3.210316 5.033217 3.122113
v 3.016825 5.033217 3.145646
v 3.042428 5.033217 3.356152
v 3.190636 5.265037 3.293977
v 3.175617 5.265037 3.170486
v 3.062108 5.265037 3.184291
v 3.077127 5.265037 3.307782
v 2.250624 5.265037 3.408302
v 2.235605 5.265037 3.284811
v 2.349114 5.265037 3.271006
v 2.364133 5.265037 3.394497
v 2.215925 5.033217 3.456672
v 2.190322 5.033217 3.246167
v 2.383813 5.033217 3.222634
v 2.409415 5.033217 3.433140
v 2.246723 4.847108 3.294298
v 2.211530 4.577178 3.264266
v 2.259144 4.847108 3.396424
v 2.232176 4.577178 3.434017
v 2.340593 4.847108 3.282881
v 2.367561 4.577178 3.245289
v 2.353014 4.847108 3.385007
v 2.388206 4.577178 3.415040
v -8.020310 4.577177 4.854994
v -8.056115 4.847106 4.825836
v -8.044547 4.577178 4.685725
v -8.070695 4.847108 4.724000
v -8.175825 4.577177 4.877877
v -8.149675 4.847106 4.839603
v -8.200060 4.577178 4.708609
v -8.164255 4.847108 4.737768
v -7.998734 5.033216 4.872567
v -8.028787 5.033217 4.662660
v -8.221638 5.033217 4.691037
v -8.191583 5.033216 4.900945
v -8.044804 5.265036 4.835050
v -8.062434 5.265037 4.711909
v -8.175568 5.265037 4.728557
v -8.157936 5.265036 4.851697
v -6.224184 4.577177 4.590701
v -6.259988 4.847108 4.561542
v -6.248418 4.577178 4.421432
v -6.274568 4.847108 4.459706
v -6.379697 4.577177 4.613584
v -6.353547 4.847108 4.575309
v -6.403932 4.577178 4.444315
v -6.368127 4.847108 4.473474
v -6.202606 5.033216 4.608273
v -6.232660 5.033217 4.398366
v -6.425509 5.033217 4.426744
v -6.395455 5.033216 4.636650
v -6.248676 5.265037 4.570755
v -6.266306 5.265037 4.447616
v -6.379439 5.265037 4.464262
v -6.361808 5.265037 4.587402
v -7.185572 5.265036 4.708616
v -7.203202 5.265037 4.585477
v -7.090069 5.265037 4.568829
v -7.072440 5.265036 4.691969
v -7.219220 5.033216 4.757864
v -7.249272 5.033217 4.547957
v -7.056423 5.033217 4.519580
v -7.026370 5.033216 4.729487
v -7.191891 4.847108 4.594687
v -7.227696 4.577178 4.565529
v -7.177310 4.847108 4.696523
v -7.203460 4.577177 4.734797
v -7.098332 4.847108 4.580921
v -7.072182 4.577178 4.542645
v -7.083751 4.847108 4.682755
v -7.047946 4.577177 4.711915
v -10.729403 4.577177 5.163124
v -10.761568 4.847108 5.129309
v -10.733544 4.577178 4.992319
v -10.764059 4.847108 5.026549
v -10.886739 4.577177 5.164165
v -10.856224 4.847108 5.129934
v -10.890879 4.577178 4.993359
v -10.858715 4.847108 5.027174
v -10.710020 5.033216 5.183503
v -10.715155 5.033217 4.971691
v -10.910263 5.033217 4.972981
v -10.905128 5.033216 5.184794
v -10.751405 5.265036 5.139993
v -10.754417 5.265037 5.015735
v -10.868876 5.265037 5.016492
v -10.865864 5.265037 5.140750
v -8.925081 4.577177 4.988129
v -8.960886 4.847106 4.958970
v -8.949315 4.577178 4.818860
v -8.975466 4.847108 4.857135
v -9.080594 4.577177 5.011012
v -9.054443 4.847106 4.972737
v -9.104829 4.577178 4.841743
v -9.069025 4.847108 4.870902
v -8.903504 5.033216 5.005701
v -8.933557 5.033217 4.795794
v -9.126407 5.033217 4.824172
v -9.096353 5.033216 5.034078
v -8.949574 5.265036 4.968183
v -8.967203 5.265037 4.845043
v -9.080337 5.265037 4.861691
v -9.062707 5.265036 4.984830
v -9.886469 5.265036 5.106045
v -9.904099 5.265037 4.982904
v -9.790968 5.265037 4.966257
v -9.773336 5.265036 5.089398
v -9.920116 5.033216 5.155293
v -9.950171 5.033217 4.945385
v -9.757322 5.033217 4.917009
v -9.727267 5.033216 5.126915
v -9.892788 4.847108 4.992116
v -9.928593 4.577178 4.962956
v -9.878208 4.847106 5.093951
v -9.904358 4.577177 5.132226
v -9.799230 4.847108 4.978348
v -9.773079 4.577178 4.940073
v -9.784648 4.847106 5.080184
v -9.748843 4.577177 5.109342
v -11.685438 4.577178 5.169445
v -11.717603 4.847108 5.135629
v -11.689580 4.577178 4.998640
v -11.720095 4.847108 5.032869
v -11.842775 4.577178 5.170485
v -11.812260 4.847108 5.136255
v -11.846916 4.577178 4.999679
v -11.814752 4.847108 5.033495
v -11.666056 5.033217 5.189824
v -11.671191 5.033217 4.978012
v -11.866300 5.033217 4.979301
v -11.861165 5.033217 5.191113
v -11.707442 5.265037 5.146314
v -11.710455 5.265037 5.022056
v -11.824912 5.265037 5.022813
v -11.821899 5.265037 5.147070
v -12.655317 5.265037 5.152580
v -12.658331 5.265037 5.028323
v -12.543871 5.265037 5.027566
v -12.540859 5.265037 5.151824
v -12.694582 5.033217 5.196623
v -12.699717 5.033217 4.984811
v -12.504609 5.033217 4.983521
v -12.499474 5.033217 5.195333
v -12.648170 4.847108 5.039005
v -12.680334 4.577178 5.005189
v -12.645678 4.847108 5.141765
v -12.676194 4.577178 5.175995
v -12.553514 4.847108 5.038380
v -12.522997 4.577178 5.004149
v -12.551022 4.847108 5.141139
v -12.518856 4.577178 5.174954
v 4.393005 5.946977 3.138503
v 4.355778 6.216907 3.111558
v 4.360001 5.946977 2.970801
v 4.335922 6.216907 3.010666
v 4.239114 5.946977 3.170936
v 4.263194 6.216907 3.131070
v 4.206110 5.946977 3.003235
v 4.243338 6.216907 3.030179
v 4.415440 6.403016 3.154741
v 4.374512 6.403016 2.946778
v 4.183675 6.403016 2.986997
v 4.224603 6.403016 3.194960
v 4.367539 6.634836 3.120073
v 4.343529 6.634836 2.998073
v 4.231576 6.634836 3.021668
v 4.255586 6.634836 3.143667
v 6.170397 5.946977 2.763910
v 6.133169 6.216907 2.736965
v 6.137393 5.946977 2.596209
v 6.113313 6.216907 2.636074
v 6.016505 5.946977 2.796343
v 6.040586 6.216907 2.756478
v 5.983501 5.946977 2.628642
v 6.020730 6.216907 2.655586
v 6.192832 6.403016 2.780148
v 6.151905 6.403016 2.572185
v 5.961067 6.403016 2.612404
v 6.001995 6.403016 2.820367
v 6.144931 6.634836 2.745480
v 6.120921 6.634836 2.623480
v 6.008968 6.634836 2.647074
v 6.032979 6.634836 2.769074
v 5.217808 6.634836 2.940874
v 5.193798 6.634836 2.818876
v 5.305751 6.634836 2.795281
v 5.329761 6.634836 2.917280
v 5.186824 6.403016 2.992168
v 5.145896 6.403016 2.784205
v 5.336734 6.403016 2.743985
v 5.377661 6.403016 2.951948
v 5.205559 6.216907 2.827387
v 5.168331 5.946977 2.800443
v 5.225414 6.216907 2.928279
v 5.201335 5.946977 2.968144
v 5.298142 6.216907 2.807874
v 5.322222 5.946977 2.768009
v 5.317998 6.216907 2.908767
v 5.355226 5.946977 2.935710
v 7.065728 5.946977 2.575215
v 7.028500 6.216907 2.548270
v 7.032723 5.946977 2.407514
v 7.008645 6.216907 2.447378
v 6.911838 5.946977 2.607648
v 6.935918 6.216907 2.567783
v 6.878833 5.946977 2.439947
v 6.916061 6.216907 2.466890
v 7.088164 6.403016 2.591452
v 7.047236 6.403016 2.383490
v 6.856399 6.403016 2.423709
v 6.897326 6.403016 2.631672
v 7.040263 6.634836 2.556785
v 7.016253 6.634836 2.434785
v 6.904300 6.634836 2.458380
v 6.928310 6.634836 2.580379
v 8.843121 5.946977 2.200622
v 8.805893 6.216907 2.173678
v 8.810117 5.946977 2.032921
v 8.786037 6.216907 2.072785
v 8.689228 5.946977 2.233055
v 8.713308 6.216907 2.193191
v 8.656225 5.946977 2.065354
v 8.693453 6.216907 2.092299
v 8.865556 6.403016 2.216860
v 8.824628 6.403016 2.008897
v 8.633790 6.403016 2.049117
v 8.674719 6.403016 2.257079
v 8.817653 6.634836 2.182192
v 8.793644 6.634836 2.060192
v 8.681692 6.634836 2.083786
v 8.705702 6.634836 2.205786
v 7.890531 6.634836 2.377587
v 7.866522 6.634836 2.255588
v 7.978474 6.634836 2.231993
v 8.002485 6.634836 2.353992
v 7.859547 6.403016 2.428880
v 7.818620 6.403016 2.220917
v 8.009458 6.403016 2.180697
v 8.050385 6.403016 2.388660
v 7.878283 6.216907 2.264099
v 7.841055 5.946977 2.237154
v 7.898138 6.216907 2.364991
v 7.874059 5.946977 2.404856
v 7.970866 6.216907 2.244586
v 7.994946 5.946977 2.204721
v 7.990722 6.216907 2.345479
v 8.027950 5.946977 2.372423
v 10.172704 7.286451 1.903600
v 10.112961 7.552569 1.879395
v 10.139745 7.285393 1.735893
v 10.093132 7.551933 1.778499
v 10.019369 7.273215 1.935965
v 10.020711 7.544606 1.898866
v 9.986408 7.272158 1.768259
v 10.000883 7.543970 1.797971
v 10.156824 7.742575 1.924498
v 10.115952 7.741265 1.716528
v 9.925805 7.724851 1.756665
v 9.966675 7.726162 1.964634
v 10.089638 7.969904 1.892174
v 10.065660 7.969134 1.770171
v 9.954111 7.959506 1.793717
v 9.978088 7.960275 1.915719
v 11.943676 7.439321 1.529788
v 11.883929 7.705439 1.505583
v 11.910718 7.438263 1.362081
v 11.864101 7.704802 1.404687
v 11.790339 7.426085 1.562154
v 11.791680 7.697476 1.525055
v 11.757379 7.425027 1.394447
v 11.771852 7.696840 1.424159
v 11.927794 7.895446 1.550686
v 11.886922 7.894134 1.342716
v 11.696773 7.877721 1.382852
v 11.737646 7.879032 1.590822
v 11.860608 8.122772 1.518363
v 11.836630 8.122006 1.396361
v 11.725082 8.112377 1.419906
v 11.749062 8.113144 1.541909
v 10.936833 8.043032 1.713350
v 10.912857 8.042267 1.591348
v 11.024405 8.051895 1.567803
v 11.048383 8.052662 1.689806
v 10.925422 7.808921 1.762264
v 10.884547 7.807610 1.554295
v 11.074696 7.824022 1.514158
v 11.115570 7.825335 1.722129
v 10.959627 7.626729 1.595602
v 10.945155 7.354917 1.565890
v 10.979456 7.627365 1.696496
v 10.978114 7.355974 1.733596
v 11.051878 7.634692 1.576130
v 11.098490 7.368153 1.533524
v 11.071705 7.635328 1.677025
v 11.131449 7.369210 1.701231
v 12.835772 7.516326 1.341487
v 12.776027 7.782444 1.317281
v 12.802814 7.515269 1.173780
v 12.756200 7.781808 1.216386
v 12.682437 7.503090 1.373852
v 12.683780 7.774482 1.336753
v 12.649478 7.502034 1.206145
v 12.663950 7.773845 1.235857
v 12.819893 7.972450 1.362384
v 12.779019 7.971140 1.154414
v 12.588873 7.954726 1.194550
v 12.629745 7.956038 1.402520
v 12.752705 8.199780 1.330062
v 12.728725 8.199012 1.208058
v 12.617178 8.189383 1.231604
v 12.641158 8.190152 1.353607
v 14.606743 7.669196 0.967674
v 14.547000 7.935314 0.943469
v 14.573783 7.668139 0.799968
v 14.527168 7.934679 0.842574
v 14.453407 7.655961 1.000040
v 14.454750 7.927351 0.962941
v 14.420446 7.654903 0.832333
v 14.434920 7.926714 0.862046
v 14.590862 8.125322 0.988574
v 14.549990 8.124011 0.780604
v 14.359841 8.107597 0.820740
v 14.400714 8.108909 1.028709
v 14.523676 8.352651 0.956250
v 14.499700 8.351881 0.834247
v 14.388150 8.342253 0.857792
v 14.412128 8.343022 0.979795
v 13.599902 8.272911 1.151238
v 13.575925 8.272141 1.029235
v 13.687471 8.281770 1.005689
v 13.711452 8.282539 1.127693
v 13.588490 8.038798 1.200151
v 13.547617 8.037487 0.992181
v 13.737764 8.053900 0.952046
v 13.778637 8.055211 1.160017
v 13.622695 7.856604 1.033487
v 13.608222 7.584792 1.003776
v 13.642522 7.857240 1.134384
v 13.641182 7.585849 1.171483
v 13.714943 7.864568 1.014016
v 13.761557 7.598028 0.971411
v 13.734773 7.865204 1.114912
v 13.794518 7.599085 1.139117
v 15.352989 7.703652 -1.563251
v 15.384864 7.972822 -1.602573
v 15.510380 7.703407 -1.559314
v 15.479552 7.972674 -1.600204
v 15.353429 7.700377 -1.733977
v 15.385129 7.970852 -1.705283
v 15.510818 7.700133 -1.730041
v 15.479816 7.970704 -1.702915
v 15.334784 8.160014 -1.553532
v 15.529961 8.159709 -1.548652
v 15.530503 8.155648 -1.760366
v 15.335329 8.155953 -1.765247
v 15.375610 8.390881 -1.601519
v 15.490109 8.390703 -1.598657
v 15.490428 8.388321 -1.722857
v 15.375930 8.388499 -1.725717
v 15.335152 7.741468 0.460659
v 15.367028 8.010639 0.421338
v 15.492540 7.741222 0.464595
v 15.461718 8.010491 0.423704
v 15.335589 7.738194 0.289932
v 15.367289 8.008669 0.318627
v 15.492981 7.737949 0.293867
v 15.461978 8.008521 0.320993
v 15.316944 8.197831 0.470378
v 15.512120 8.197527 0.475258
v 15.512665 8.193466 0.263543
v 15.317488 8.193770 0.258663
v 15.357776 8.428699 0.422391
v 15.472272 8.428520 0.425256
v 15.472589 8.426137 0.301056
v 15.358091 8.426317 0.298193
v 15.373189 8.408973 -0.658232
v 15.487686 8.408795 -0.655368
v 15.487370 8.411178 -0.531171
v 15.372869 8.411356 -0.534031
v 15.332585 8.176427 -0.697762
v 15.527763 8.176124 -0.692881
v 15.527219 8.180184 -0.481167
v 15.332042 8.180489 -0.486047
v 15.477077 7.991178 -0.635430
v 15.508077 7.720605 -0.662555
v 15.382389 7.991325 -0.637801
v 15.350688 7.720851 -0.666492
v 15.476815 7.993147 -0.532719
v 15.507638 7.723880 -0.491829
v 15.382124 7.993295 -0.535087
v 15.350248 7.724125 -0.495763
v -14.270174 5.975569 4.845582
v -14.296532 6.245499 4.806324
v -14.246860 5.975569 4.677204
v -14.282508 6.245499 4.705024
v -14.425828 5.975569 4.816872
v -14.390179 6.245499 4.789052
v -14.402514 5.975569 4.648493
v -14.376154 6.245499 4.687752
v -14.254287 6.431608 4.869241
v -14.225375 6.431608 4.660438
v -14.418401 6.431608 4.624834
v -14.447310 6.431608 4.833638
v -14.288203 6.663428 4.818728
v -14.271245 6.663428 4.696236
v -14.384480 6.663428 4.675349
v -14.401440 6.663428 4.797842
v -13.427984 6.663428 4.948860
v -13.425651 6.663428 4.824703
v -13.311175 6.663428 4.829747
v -13.313509 6.663428 4.953904
v -13.469137 6.431608 4.990825
v -13.465158 6.431608 4.779181
v -13.270024 6.431608 4.787780
v -13.274002 6.431608 4.999422
v -13.415951 6.245499 4.835878
v -13.446655 5.975569 4.800501
v -13.417881 6.245499 4.938555
v -13.449862 5.975569 4.971169
v -13.321280 6.245499 4.840050
v -13.289296 5.975569 4.807435
v -13.323210 6.245499 4.942726
v -13.292506 5.975569 4.978103
v -15.220169 5.975569 4.697134
v -15.246531 6.245499 4.657876
v -15.196857 5.975569 4.528756
v -15.232507 6.245499 4.556577
v -15.375825 5.975569 4.668424
v -15.340177 6.245499 4.640604
v -15.352512 5.975569 4.500045
v -15.326151 6.245499 4.539303
v -15.204285 6.431608 4.720794
v -15.175374 6.431608 4.511990
v -15.368399 6.431608 4.476387
v -15.397308 6.431608 4.685190
v -15.238202 6.663428 4.670280
v -15.221244 6.663428 4.547788
v -15.334480 6.663428 4.526902
v -15.351436 6.663428 4.649395
v -16.193621 6.663428 4.446800
v -16.156424 6.663428 4.330122
v -16.048136 6.663428 4.372860
v -16.085339 6.663428 4.489540
v -16.244879 6.431608 4.472849
v -16.181471 6.431608 4.273955
v -15.996882 6.431608 4.346809
v -16.060289 6.431608 4.545703
v -16.150274 6.245499 4.343910
v -16.169737 5.975569 4.300261
v -16.181038 6.245499 4.440403
v -16.220873 5.975569 4.460648
v -16.060720 6.245499 4.379255
v -16.020889 5.975569 4.359011
v -16.091484 6.245499 4.475748
v -16.072023 5.975569 4.519398
v -16.971992 6.663430 4.096727
v -16.934799 6.663430 3.980048
v -16.826511 6.663430 4.022787
v -16.863710 6.663430 4.139466
v -17.023252 6.431609 4.122775
v -16.959843 6.431609 3.923883
v -16.775255 6.431609 3.996737
v -16.838663 6.431609 4.195630
v -16.928648 6.245500 3.993837
v -16.948112 5.975571 3.950187
v -16.959412 6.245500 4.090329
v -16.999247 5.975571 4.110574
v -16.839094 6.245500 4.029182
v -16.799259 5.975571 4.008937
v -16.869860 6.245500 4.125674
v -16.850393 5.975571 4.169324
v -17.674147 6.663430 3.681887
v -17.608707 6.663431 3.581377
v -17.514753 6.663430 3.654441
v -17.580193 6.663430 3.754951
v -17.730301 6.431609 3.691555
v -17.618759 6.431611 3.520225
v -17.458599 6.431609 3.644772
v -17.570143 6.431609 3.816103
v -17.606241 6.245502 3.596391
v -17.614048 5.975572 3.548865
v -17.660362 6.245500 3.679512
v -17.704002 5.975571 3.687025
v -17.528540 6.245500 3.656815
v -17.484898 5.975571 3.649300
v -17.582655 6.245500 3.739935
v -17.574848 5.975571 3.787461
v -18.421154 6.663431 3.058649
v -18.353552 6.663433 2.959863
v -18.261143 6.663431 3.035242
v -18.328745 6.663431 3.134027
v -18.477528 6.431611 3.066894
v -18.362291 6.431612 2.898502
v -18.204767 6.431611 3.026995
v -18.320002 6.431611 3.195388
v -18.351404 6.245503 2.974928
v -18.358198 5.975574 2.927240
v -18.407312 6.245502 3.056623
v -18.451130 5.975572 3.063031
v -18.274984 6.245502 3.037267
v -18.231171 5.975572 3.030858
v -18.330889 6.245502 3.118961
v -18.324097 5.975572 3.166648
v -18.672121 6.663433 2.532601
v -18.560827 6.663433 2.505869
v -18.533939 6.663433 2.627218
v -18.645235 6.663433 2.653950
v -18.720804 6.431612 2.499265
v -18.531086 6.431612 2.453697
v -18.485254 6.431612 2.660552
v -18.674974 6.431612 2.706122
v -18.568127 6.245503 2.518678
v -18.545017 5.975574 2.478131
v -18.660172 6.245503 2.540784
v -18.698006 5.975574 2.514876
v -18.545893 6.245503 2.619034
v -18.508059 5.975574 2.644941
v -18.637934 6.245503 2.641140
v -18.661049 5.975574 2.681687
v -4.470201 4.577177 4.377378
v -4.506005 4.847108 4.348219
v -4.494437 4.577178 4.208109
v -4.520586 4.847108 4.246384
v -4.625715 4.577177 4.400261
v -4.599565 4.847108 4.361987
v -4.649951 4.577178 4.230993
v -4.614146 4.847108 4.260151
v -4.448625 5.033216 4.394950
v -4.478678 5.033217 4.185044
v -4.671527 5.033217 4.213421
v -4.641473 5.033216 4.423327
v -4.494694 5.265037 4.357433
v -4.512324 5.265037 4.234293
v -4.625458 5.265037 4.250940
v -4.607827 5.265037 4.374080
v -5.431590 5.265036 4.495294
v -5.449221 5.265037 4.372154
v -5.336087 5.265037 4.355507
v -5.318457 5.265036 4.478646
v -5.465238 5.033216 4.544542
v -5.495291 5.033217 4.334635
v -5.302441 5.033217 4.306257
v -5.272388 5.033216 4.516165
v -5.437910 4.847108 4.381365
v -5.473714 4.577178 4.352207
v -5.423328 4.847108 4.483201
v -5.449478 4.577177 4.521475
v -5.344350 4.847108 4.367599
v -5.318200 4.577178 4.329323
v -5.329769 4.847108 4.469433
v -5.293965 4.577177 4.498592
v 15.106645 7.724514 0.830338
v 15.121596 7.994796 0.787929
v 15.262466 7.731047 0.810777
v 15.215343 7.998727 0.776158
v 15.085588 7.721219 0.660674
v 15.108928 7.992814 0.685857
v 15.241407 7.727751 0.641112
v 15.202674 7.996743 0.674087
v 15.070377 8.179671 0.845081
v 15.263608 8.187772 0.820823
v 15.237495 8.183685 0.610427
v 15.044263 8.175586 0.634686
v 15.094706 8.412069 0.792530
v 15.208060 8.416821 0.778301
v 15.192745 8.414425 0.654876
v 15.079387 8.409674 0.669106
v 14.466674 7.724523 -4.431643
v 14.481626 7.994805 -4.474052
v 14.622495 7.731055 -4.451204
v 14.575371 7.998735 -4.485823
v 14.445616 7.721227 -4.601307
v 14.468957 7.992822 -4.576124
v 14.601436 7.727760 -4.620869
v 14.562702 7.996752 -4.587894
v 14.430406 8.179677 -4.416900
v 14.623636 8.187778 -4.441158
v 14.597524 8.183691 -4.651554
v 14.404291 8.175591 -4.627295
v 14.454734 8.412075 -4.469450
v 14.568089 8.416827 -4.483679
v 14.552773 8.414431 -4.607106
v 14.439415 8.409679 -4.592875
v 1.191753 5.256256 3.724863
v 0.405802 5.208370 3.808769
v 1.148717 5.255057 3.370852
v 0.362818 5.197958 3.454928
v 3.812931 5.256256 3.366539
v 3.769876 5.255057 3.012530
v 8.646864 7.815202 -4.437292
v -13.917275 5.196060 -2.189910
v -13.919744 6.584701 -1.953126
v -16.405651 6.584701 -0.962586
v -18.911930 6.584698 1.523928
v 14.823594 8.308348 -4.644938
v 2.814056 5.202159 -4.289890
v 8.650278 6.564627 -4.437453
v -7.702202 5.196060 -3.220871
v 9.446518 7.813212 2.137629
v -12.978841 5.212821 5.308824
v -10.224862 5.212820 5.292668
v 3.848628 6.564618 3.339419
v -12.865130 6.584692 5.111633
v -17.527206 6.584693 4.002321
v -18.621275 6.584696 2.941811
v 15.492953 8.308063 0.858675
v -18.829020 6.584696 2.240461
v 9.449870 6.564618 2.136964
v -6.725260 5.212820 4.808606
v -6.903629 5.196060 -3.254736
v -4.311718 5.212820 4.495453
v -13.918695 5.351734 -2.189831
v 8.666839 7.815202 -4.081398
v -13.856764 5.196059 -1.791006
v -11.145783 5.196059 -2.456467
v -13.801446 6.584701 -1.618323
v -16.250557 6.584701 -0.645305
v -17.760998 6.584699 0.480680
v -18.593761 6.584696 1.618422
v 14.639912 8.308348 -4.353817
v 2.857516 5.202158 -3.874970
v 0.201759 5.202158 -3.583186
v 8.666018 6.564627 -4.081417
v -7.654699 5.196059 -2.818359
v 9.380603 7.817174 1.787322
v -13.021387 5.212821 4.958997
v -10.246099 5.212821 4.937849
v 3.778567 6.564618 2.989990
v -12.830533 6.584692 4.758235
v -15.634013 6.584692 4.424047
v -17.370317 6.584693 3.692936
v -18.335032 6.584696 2.773808
v 15.244844 8.308622 0.620069
v -18.503614 6.584696 2.200884
v 9.379809 6.564618 1.787534
v -6.771292 5.212821 4.454982
v -6.849796 5.196059 -2.856941
v -4.354734 5.212821 4.141934
v 15.154698 8.309084 -2.768211
v 15.364558 8.309084 -1.042706
v 0.038262 5.202159 -3.997800
v 3.768457 5.410730 3.012609
v -11.157604 5.196060 -2.877209
v 3.811512 5.411929 3.366617
v 0.361399 5.353632 3.455007
v 5.521370 6.564627 -3.964884
v 8.645444 7.970876 -4.437212
v 5.603662 6.564627 -4.364550
v -17.987473 6.584699 0.217921
v 1.147299 5.410730 3.370931
v 0.404383 5.364044 3.808848
v -15.708534 6.584692 4.769253
v 2.700055 6.564628 -4.238763
v 2.617764 6.564627 -3.839097
v 15.473885 8.310575 -2.844243
v 15.699011 8.310148 -1.056804
v -13.921163 6.740375 -1.953047
v -16.407072 6.740375 -0.962505
v -18.913349 6.740372 1.524007
v 14.822174 8.464023 -4.644859
v 2.812637 5.296113 -4.289812
v 8.648859 6.720300 -4.437374
v -7.703620 5.351734 -3.220792
v 9.445098 7.968887 2.137708
v -12.980260 5.368495 5.308904
v 3.847209 6.720292 3.339499
v -12.866550 6.740366 5.111714
v -17.528625 6.740367 4.002400
v -18.622694 6.740370 2.941890
v 15.491533 8.463737 0.858754
v -18.830439 6.740370 2.240540
v 9.448452 6.720292 2.137043
v -7.004563 5.328082 -3.242553
v -4.313138 5.368494 4.495532
v 8.665420 7.970876 -4.081318
v -13.858183 5.351732 -1.790926
v -11.147202 5.351732 -2.456388
v -13.802864 6.740375 -1.618244
v -16.251974 6.740375 -0.645225
v -17.762415 6.740373 0.480759
v -18.595181 6.740370 1.618501
v 14.638493 8.464023 -4.353738
v 2.856097 5.357831 -3.874891
v 0.200340 5.357831 -3.583107
v 8.664598 6.720300 -4.081337
v -7.656118 5.351732 -2.818280
v 9.379184 7.972847 1.787401
v -13.022807 5.368495 4.959076
v -10.247518 5.319965 4.937927
v 3.777148 6.720292 2.990070
v -12.831953 6.740366 4.758315
v -15.635431 6.740366 4.424126
v -17.371735 6.740367 3.693015
v -18.336451 6.740370 2.773887
v 15.243425 8.464296 0.620148
v -18.505033 6.740370 2.200964
v 9.378391 6.720292 1.787614
v -6.772711 5.368495 4.455061
v -6.950729 5.328081 -2.844759
v -4.356153 5.318233 4.142013
v 15.153279 8.464757 -2.768132
v 15.363138 8.464757 -1.042627
v 0.036843 5.357833 -3.997721
v 5.519951 6.720300 -3.964804
v -17.988892 6.740373 0.218000
v 2.616344 6.720300 -3.839017
v 15.472466 8.466248 -2.844164
v -18.803190 5.037209 2.545074
v -27.263865 6.554075 3.490580
v -18.821728 4.776998 2.392664
v -27.277397 6.364103 3.379311
v -18.858799 4.776998 2.087846
v -27.304462 6.364103 3.156774
v -18.877337 5.037209 1.935437
v -27.317995 6.554075 3.045506
v -18.858799 5.297420 2.087847
v -27.304462 6.744046 3.156774
v -18.821728 5.297420 2.392665
v -27.277397 6.744046 3.379311
v 5.603248 6.610050 -4.364527
v 4.098209 6.720300 -4.299314
v 5.578275 6.720300 -4.248063
v 5.712546 6.720300 -4.367109
v 2.784958 6.720302 -4.242422
v 2.699423 6.633942 -4.238727
v 2.679862 6.720300 -4.147501
v 11.735229 8.061777 -4.541114
v 11.653374 8.061774 -4.217607
v 11.651956 8.217448 -4.217528
v 11.704294 8.217451 -4.424382
v 11.845373 8.226358 -4.544785
v 11.734830 8.105540 -4.541092
v 10.631408 8.129436 -4.503974
v 15.698348 8.382754 -1.056767
v 15.594175 8.466018 -1.877825
v 15.614554 8.465558 -1.053225
v 15.687970 8.465725 -0.967285
v 5.340155 6.533952 3.019223
v 5.270094 6.533952 2.669794
v 5.268676 6.689626 2.669874
v 5.326130 6.689626 2.956433
v 5.281054 6.690813 3.031686
v 5.339274 6.630658 3.019273
v 6.919498 6.701421 2.679951
v 2.982016 5.411929 3.480012
v 1.174212 5.411481 3.592318
v 1.068447 5.404503 3.737954
v 1.191453 5.289132 3.724879
v -6.725635 5.253850 4.808627
v -6.612984 5.368494 4.793933
v -6.742780 5.368494 4.684999
v -6.840249 5.368494 4.824394
v -10.225527 5.285521 5.292705
v -10.144087 5.368494 5.281379
v -10.231673 5.368494 5.202666
v -11.363141 5.368494 5.299417
v -11.272700 5.351734 -2.848818
v -11.155450 5.351734 -2.749977
v -8.133926 5.351734 -3.177994
v -11.157956 5.234725 -2.877189
v -15.708956 6.630613 4.769278
v -14.908681 6.740366 4.865816
v -15.685002 6.740366 4.653746
v -15.813084 6.740366 4.725844
v 8.348265 4.339978 -2.015533
v 8.551705 4.339976 -0.342799
v 8.367643 4.426605 -2.015419
v 8.570966 4.426604 -0.343659
v 8.697475 5.901017 -2.013482
v 8.898782 5.901016 -0.358297
v 8.715117 5.979879 -2.013378
v 8.916316 5.979877 -0.359079
v 8.344860 4.431699 -2.012648
v 8.325481 4.345071 -2.012762
v 8.548182 4.431698 -0.340888
v 8.528922 4.345069 -0.340028
v 8.692334 5.984972 -2.010607
v 8.674693 5.906110 -2.010711
v 8.893534 5.984970 -0.356308
v 8.875999 5.906108 -0.355526
v -9.387546 3.856172 4.212832
v -9.387546 7.282473 4.212837
v -9.363676 3.856172 4.409099
v -9.363675 7.282473 4.409103
v -9.583812 3.856172 4.236703
v -9.583812 7.282473 4.236708
v -9.559942 3.856172 4.432969
v -9.559941 7.282473 4.432974
v -12.683366 3.856172 4.613676
v -12.683366 7.282473 4.613681
v -12.659496 3.856172 4.809943
v -12.659495 7.282473 4.809947
v -12.879633 3.856172 4.637547
v -12.879633 7.282473 4.637551
v -12.855763 3.856172 4.833813
v -12.855762 7.282473 4.833817
v -9.536501 3.852912 3.151858
v -9.404015 6.431317 4.241195
v -9.509268 3.852911 3.375780
v -9.393424 6.201624 4.328270
v -9.693513 3.852912 3.170955
v -9.561027 6.431317 4.260291
v -9.666280 3.852911 3.394876
v -9.550436 6.201624 4.347366
v -12.832321 3.852912 3.552702
v -12.699835 6.431317 4.642038
v -12.805088 3.852911 3.776623
v -12.689244 6.201624 4.729114
v -12.989334 3.852912 3.571798
v -12.856848 6.431317 4.661135
v -12.962101 3.852911 3.795720
v -12.846257 6.201624 4.748210
v -9.405051 7.084761 4.314550
v -9.405051 7.251882 4.314550
v -9.542437 7.084761 4.331259
v -9.542437 7.251882 4.331259
v -12.700871 7.084761 4.715393
v -12.700871 7.251882 4.715394
v -12.838258 7.084761 4.732102
v -12.838258 7.251882 4.732103
v -8.987554 6.961916 6.375098
v -8.987554 7.129037 6.375098
v -9.124941 7.129037 6.391808
v -9.124941 6.961916 6.391808
v -12.423932 7.131117 6.961535
v -12.423932 7.298238 6.961535
v -12.561318 7.298238 6.978244
v -12.561318 7.131117 6.978244
v -9.000139 6.972245 6.328942
v -9.000139 7.118709 6.328943
v -9.123787 7.118709 6.343981
v -9.123787 6.972245 6.343981
v -12.436516 7.141445 6.915380
v -12.436516 7.287910 6.915380
v -12.560164 7.287910 6.930418
v -12.560164 7.141445 6.930418
v -9.406142 6.052289 4.362896
v -9.406142 6.219410 4.362896
v -9.529789 6.219410 4.377934
v -9.529789 6.052289 4.377934
v -12.701962 6.052289 4.763740
v -12.701962 6.219410 4.763740
v -12.825610 6.219410 4.778778
v -12.825610 6.052289 4.778778
v -9.060484 7.046444 6.346025
v -9.066537 7.046444 6.296256
v -9.107754 7.046444 6.301269
v -9.101700 7.046444 6.351038
v -12.450369 7.213710 6.820531
v -12.456422 7.213710 6.770761
v -12.497638 7.213710 6.775773
v -12.491585 7.213710 6.825543
v -8.065909 3.477643 6.231199
v -8.071962 3.477643 6.181429
v -8.113178 3.477643 6.186442
v -8.107125 3.477643 6.236212
v -14.164138 2.734355 7.180013
v -14.170191 2.734355 7.130242
v -14.211409 2.734355 7.135255
v -14.205355 2.734355 7.185026
v -9.050273 2.293535 5.574492
v -11.604480 1.990369 5.969880
v -8.811526 2.296620 7.118945
v -11.365717 1.993454 7.514441
v -12.410275 1.884556 6.227125
v -12.211510 1.887124 7.512928
v -13.275182 1.770317 6.762684
v -13.197691 1.771318 7.263976
v -8.746553 2.318559 5.697454
v -8.559127 2.320981 6.909917
v -13.506156 1.737503 6.981076
v -13.483808 1.737792 7.125651
v -8.462795 2.735719 7.208944
v -8.728689 2.693149 5.399139
v -11.698318 2.364869 5.843221
v -11.407783 2.402056 7.660595
v -12.631639 2.265906 6.135224
v -12.395023 2.268963 7.665890
v -13.634654 2.133533 6.752229
v -13.533069 2.103631 7.369610
v -8.167413 2.717304 6.941474
v -8.382890 2.714520 5.547545
v -13.910817 2.083946 7.019330
v -13.864013 2.048414 7.191612
v -8.340533 3.090860 7.229629
v -8.646508 3.100519 5.320117
v -11.842575 2.735259 5.825103
v -11.453263 2.678681 7.714714
v -12.736039 2.599092 6.114851
v -12.487785 2.610619 7.716906
v -13.790818 2.469038 6.762033
v -13.689484 2.470347 7.417567
v -8.018768 3.134335 6.972129
v -8.250692 3.131338 5.471808
v -14.079666 2.407553 7.048417
v -14.052635 2.422041 7.238707
v -8.287718 3.488276 7.252914
v -8.592086 3.484343 5.283960
v -11.892943 3.092741 5.801238
v -11.590458 3.096650 7.758010
v -12.821876 2.975931 6.102185
v -12.566832 2.979227 7.752060
v -13.911224 2.832882 6.772431
v -13.807628 2.834220 7.442592
v -7.953132 3.520304 6.981493
v -8.191182 3.517228 5.441558
v -14.211950 2.784120 7.063823
v -14.182274 2.784504 7.255798
v -8.745260 2.732069 5.381681
v -11.688961 2.398422 5.841656
v -11.417154 2.368503 7.662061
v -8.452247 2.696721 7.187449
v -12.393432 2.243710 7.658556
v -12.627892 2.240680 6.141835
v -13.537446 2.134789 7.381068
v -13.627004 2.102417 6.761951
v -8.147433 2.757109 6.955370
v -8.368065 2.754259 5.528109
v -13.888720 2.048095 7.031784
v -13.881340 2.084327 7.210016
v -8.635164 3.087052 5.323658
v -11.748826 2.674862 5.802718
v -11.549432 2.739048 7.721447
v -8.350286 3.104348 7.236378
v -12.488600 2.602290 7.715537
v -12.735681 2.607415 6.113269
v -13.690116 2.460605 7.415235
v -13.790710 2.459306 6.764486
v -8.020959 3.116634 6.965945
v -8.250904 3.113663 5.478436
v -14.082984 2.421648 7.042385
v -14.051286 2.407921 7.232011
v -9.061505 2.380209 5.626062
v -11.638806 2.067762 6.025094
v -8.837858 2.383099 7.072835
v -11.415159 2.070651 7.471867
v -12.396091 1.973809 6.273655
v -12.212093 1.976186 7.463940
v -13.252479 1.863544 6.800324
v -13.187469 1.864384 7.220875
v -8.790443 2.410765 5.725030
v -8.609350 2.413105 6.896521
v -13.469870 1.834482 6.999610
v -13.454869 1.834676 7.096647
v -8.757066 2.756320 5.467447
v -11.719919 2.397133 5.926174
v -11.464117 2.411421 7.589557
v -12.590492 2.289124 6.211919
v -12.378968 2.291857 7.580263
v -13.500255 2.163331 7.300837
v -8.237270 2.794138 6.927961
v -11.778810 2.751571 5.890217
v -11.500621 2.690257 7.638995
v -12.470381 2.625584 7.630217
v -13.650073 2.490363 7.336236
v -8.331974 3.151198 5.527046
v -8.334224 3.502602 7.177085
v -8.613534 3.498993 5.370236
v -11.832278 3.108783 5.868581
v -11.552969 3.112392 7.675430
v -12.778040 2.991446 6.179005
v -12.548247 2.994416 7.665530
v -13.847568 2.853740 6.836752
v -13.766376 2.854789 7.361970
v -8.048843 3.540077 6.956889
v -8.275008 3.537154 5.493834
v -14.119063 2.817444 7.085637
v -14.100329 2.817686 7.206825
v -11.721221 2.408099 5.926353
v -11.462814 2.400455 7.589377
v -8.499963 2.759643 7.130651
v -13.574991 2.162365 6.817374
v -8.445454 2.791448 5.581220
v -13.824902 2.128955 7.046472
v -13.807658 2.129178 7.158026
v -8.659819 3.114240 5.407347
v -11.771116 2.686762 5.889157
v -11.508313 2.755067 7.640054
v -8.389322 3.117736 7.157186
v -12.692923 2.622709 6.190597
v -13.728702 2.489347 6.827590
v -8.112947 3.154028 6.943937
v -13.991631 2.454196 7.068621
v -13.973489 2.454431 7.185987
v -8.938255 2.223706 6.296735
v -8.922776 2.223906 6.396871
v -13.209472 1.705905 6.958028
v -13.193993 1.706105 7.058165
v -8.641786 2.268093 6.250817
v -8.626306 2.268293 6.350952
v -13.507360 1.680874 7.004128
v -13.491880 1.681074 7.104264
v -8.211968 2.698385 6.286044
v -8.227448 2.698185 6.185908
v -8.067182 3.116067 6.262828
v -8.082662 3.115866 6.162691
v -14.126647 2.386545 7.098449
v -8.004747 3.511497 6.252386
v -8.020227 3.511297 6.152250
v -14.259485 2.763740 7.118230
v -14.244006 2.763941 7.218367
v -13.938616 2.027844 7.070099
v -13.923136 2.028044 7.170235
v -14.111168 2.386745 7.198586
v -8.951319 2.330143 6.298542
v -8.935839 2.330343 6.398678
v -13.221611 1.812454 6.959693
v -13.206132 1.812654 7.059828
v -8.687228 2.364529 6.257649
v -8.671748 2.364729 6.357785
v -13.479926 1.783860 6.999681
v -13.464446 1.784060 7.099817
v -8.298390 2.756349 6.299287
v -8.313869 2.756149 6.199152
v -8.166065 3.143851 6.278058
v -8.181544 3.143651 6.177921
v -14.033699 2.430072 7.083994
v -8.105531 3.529853 6.267929
v -8.121011 3.529653 6.167793
v -14.163700 2.800015 7.103352
v -14.148221 2.800215 7.203487
v -13.860926 2.096676 7.057952
v -13.845447 2.096877 7.158088
v -14.018219 2.430272 7.184131
v 8.812233 6.011542 -4.146926
v 9.549347 6.011534 1.913775
v 8.812233 6.336652 -4.146926
v 9.549347 6.336644 1.913775
v 8.922871 6.011542 -4.160382
v 9.659985 6.011534 1.900319
v 8.922871 6.336652 -4.160382
v 9.659985 6.336644 1.900320
v 15.257061 6.414220 0.822907
v 15.346762 6.433611 0.331158
v 15.511200 6.433549 -0.421882
v 15.541821 6.433444 -1.157290
v 15.336316 6.414220 -1.865221
v 15.308720 6.433614 -2.594414
v 14.975528 6.414226 -3.286441
v 14.700624 6.433617 -4.004240
v -4.508295 4.114742 -2.412821
v -3.864147 4.114741 -1.727679
v -2.982791 4.150959 -1.102321
v -4.095992 4.150958 -0.252454
v -4.368783 4.114734 0.531345
v -5.362594 4.030848 1.384467
v -4.931888 4.150956 2.027743
v -5.552123 4.114735 2.872915
v -4.404124 4.114734 3.483991
v 8.980735 6.532113 -3.024906
v 9.138844 6.514503 -2.292902
v 9.215569 6.433614 -1.853354
v 9.228395 6.414225 -1.122365
v 9.397938 6.433444 -0.410559
v 9.483482 6.414146 0.311836
v 9.476476 6.433611 1.045113
v 9.666788 6.414220 1.856659
v 8.952183 4.150962 -4.018974
v 9.038275 4.112618 -3.311106
v 9.127773 4.150959 -2.575229
v 9.209390 4.112617 -1.904166
v 9.300429 4.150919 -1.130022
v 9.391160 4.150958 -0.409614
v 9.475612 4.112614 0.284769
v 9.560576 4.112612 0.983366
v 9.651503 4.150919 1.756325
v 9.662955 4.150953 1.825143
v -12.029116 4.150963 -2.444312
v -16.003740 4.114742 -0.983790
v -17.244955 4.150960 -0.081108
v -17.969175 4.150959 0.761456
v -18.560589 4.114734 1.524824
v -18.614843 4.150949 2.302081
v -18.323673 4.150956 3.001877
v -17.599699 4.114737 3.605613
v -16.593807 4.150955 4.251075
v -15.306455 4.114734 4.809952
v -11.688644 4.114734 5.159126
v -1.370755 4.150962 -3.567232
v -0.962053 4.112615 -2.799414
v -0.049318 4.150960 -2.191645
v 0.146182 4.112617 -1.438141
v -0.130348 4.032108 -0.857720
v 0.571344 4.150958 -0.037668
v -0.264516 4.112614 0.829278
v 0.075048 4.108170 1.454416
v 0.129411 4.145546 2.179442
v 0.110820 4.145335 2.950338
v 8.872831 6.532114 -3.912113
v 14.562860 6.433619 -4.489935
v 9.051049 6.514504 -3.014775
v 14.735065 6.414223 -3.989746
v 9.130454 6.433616 -2.553191
v 15.125292 6.433611 -3.282295
v 9.143108 6.414225 -1.823609
v 15.229856 6.414225 -2.563890
v 9.313012 6.433444 -1.108842
v 15.406071 6.433444 -1.849391
v 9.390912 6.414148 -0.387078
v 15.544612 6.433550 -1.136118
v 9.392270 6.433611 0.352751
v 15.424528 6.433611 -0.380903
v 9.569019 6.414222 1.052786
v 15.423242 6.414222 0.340785
v 8.930587 4.150962 -4.196538
v -1.309526 4.150962 -2.834882
v 8.953834 4.112619 -4.005402
v -0.855561 4.112614 -2.107800
v 9.039978 4.150960 -3.297102
v -0.038464 4.150959 -1.460415
v 9.133135 4.112617 -2.531150
v 0.149953 4.112612 -0.802342
v 9.212634 4.150919 -1.851894
v 0.470816 4.032106 -0.198285
v 9.307178 4.150958 -1.100136
v 0.404270 4.150958 0.683388
v 9.398896 4.112614 -0.346004
v -0.155480 4.112614 1.456119
v 9.478955 4.112614 0.312259
v 0.128397 4.108566 2.129030
v 9.563707 4.150921 1.034453
v 0.171762 4.145621 2.906858
v 9.658800 4.150953 1.790986
v 0.161396 4.145318 3.641232
v -18.485544 4.114734 2.248246
v -5.445787 4.030848 0.700437
v -4.456578 4.114734 -0.190527
v -18.553480 4.150958 1.505891
v -17.352928 4.114741 -0.087150
v -3.068288 4.150960 -1.805299
v -3.951942 4.114742 -2.449551
v -15.934871 4.114738 -1.023100
v -15.350217 4.150949 4.797127
v -4.949329 4.150953 3.532152
v -5.032899 4.150955 2.845017
v -16.609161 4.114735 4.217691
v -18.216839 4.150949 2.947823
v -5.010341 4.150956 1.382686
v -18.032322 4.150959 0.728030
v -4.176695 4.150959 -0.916010
v -4.309542 4.114734 4.261666
v -4.474319 4.150963 -3.363140
v -17.615818 4.150956 3.570385
v -5.639918 4.114737 2.151043
v 3.920685 4.150962 -3.407034
v 3.846652 4.150962 -4.157275
v -14.684236 4.150962 -1.632831
v -4.563140 4.150962 -2.863777
v -4.561264 4.114742 -2.848346
v -14.682359 4.114742 -1.617400
v -7.709237 -0.179850 1.113243
v -7.640664 -0.174271 1.836816
v -7.660224 -0.175088 2.608077
v -7.657461 -0.179851 1.787980
v -7.598582 -0.174272 2.564249
v -7.609593 -0.175089 3.298968
v -3.726186 1.621056 2.793829
v -3.767285 1.621603 2.066338
v -3.904730 1.599577 3.549156
v -3.954446 1.600083 2.858196
v -4.256822 1.768745 1.888714
v -4.308832 1.768618 1.213997
v 4.867256 4.047149 1.605734
v 4.932314 4.047147 2.330376
v 12.469723 6.282395 -0.783902
v 12.359698 6.282395 -1.479144
v 12.057991 6.328887 -0.001573
v 12.018871 6.328889 -0.707014
v 4.768476 4.171223 -2.771200
v 4.943136 4.149918 -1.848294
v 4.645521 4.171225 -3.782159
v 4.855340 4.149920 -2.570167
v 6.763406 5.223736 -3.026364
v 6.648240 5.223883 -3.975479
v 8.721695 6.433619 -4.177402
v 8.829599 6.433617 -3.290195
v 8.896848 6.414227 -3.279691
v 8.984643 6.414226 -2.557818
v 9.548562 6.241428 1.036345
v 9.641217 6.253474 1.784680
v 9.464356 6.241428 0.343984
v 9.555661 6.253475 1.081221
v 5.818895 3.961991 1.489951
v 6.011201 3.943843 2.301255
v 5.734689 3.961992 0.797589
v 5.925645 3.943844 1.597796
v -11.427163 4.138203 1.389798
v -11.508583 4.138203 0.667151
v 15.257061 6.274220 0.822907
v 15.346762 6.293612 0.331157
v 15.515389 6.293613 -0.421901
v 15.548570 6.293614 -1.158486
v 15.336316 6.274225 -1.865221
v 15.308720 6.293614 -2.594415
v 14.975528 6.274226 -3.286441
v 14.700624 6.293617 -4.004240
v -4.508295 3.974742 -2.412821
v -3.864147 3.974741 -1.727679
v -2.982791 4.010959 -1.102321
v -4.095992 4.010958 -0.252454
v -4.369241 3.974738 0.531401
v -5.363831 3.890856 1.384914
v -4.931888 4.010956 2.027743
v -5.552123 3.974735 2.872915
v -4.404124 3.974734 3.483991
v 9.051746 6.411771 -3.033542
v 9.206791 6.392380 -2.301166
v 9.215569 6.293614 -1.853355
v 9.228395 6.274225 -1.122365
v 9.391160 6.293614 -0.409611
v 9.478955 6.274223 0.312262
v 9.476476 6.293612 1.045112
v 9.666788 6.274220 1.856659
v 8.952183 4.010962 -4.018974
v 9.038275 3.972619 -3.311106
v 9.127773 4.010959 -2.575230
v 9.209390 3.972617 -1.904167
v 9.303365 4.010958 -1.131486
v 9.391160 4.010958 -0.409614
v 9.475612 3.972613 0.284768
v 9.560576 3.972612 0.983366
v 9.654546 4.010953 1.756003
v 9.662955 4.010953 1.825143
v -12.029116 4.010963 -2.444312
v -16.003740 3.974742 -0.983790
v -17.244955 4.010961 -0.081108
v -17.969175 4.010959 0.761455
v -18.560131 3.974739 1.524772
v -18.616081 4.010958 2.302528
v -18.323673 4.010956 3.001877
v -17.599699 3.974736 3.605612
v -16.593807 4.010955 4.251075
v -15.306455 3.974734 4.809952
v -11.688644 3.974732 5.159126
v -1.370755 4.010962 -3.567232
v -0.962053 3.972620 -2.799414
v -0.049318 4.010961 -2.191646
v 0.146182 3.972617 -1.438141
v -0.127414 3.810355 -0.859184
v 0.571344 4.010958 -0.037669
v -0.264516 3.972614 0.829277
v 0.109921 3.972613 1.451737
v 0.167871 4.010955 2.177239
v 0.149965 4.010953 2.947467
v 8.943842 6.411772 -3.920750
v 14.562860 6.293619 -4.489935
v 9.118996 6.392381 -3.023038
v 14.735065 6.274228 -3.989746
v 9.130454 6.293616 -2.553192
v 15.125292 6.293616 -3.282295
v 9.143108 6.274225 -1.823609
v 15.229856 6.274225 -2.563891
v 9.306233 6.293614 -1.107893
v 15.412822 6.293614 -1.850587
v 9.386383 6.274225 -0.386653
v 15.548801 6.293614 -1.136137
v 9.392270 6.293612 0.352751
v 15.424528 6.293612 -0.380903
v 9.569019 6.274222 1.052786
v 15.423242 6.274222 0.340784
v 8.930587 4.010962 -4.196538
v -1.309526 4.010962 -2.834882
v 8.953834 3.972620 -4.005402
v -0.855561 3.972619 -2.107800
v 9.039978 4.010961 -3.297102
v -0.038464 4.010959 -1.460416
v 9.133135 3.972617 -2.531150
v 0.149953 3.972617 -0.802342
v 9.215569 4.010958 -1.853358
v 0.473749 3.810354 -0.199748
v 9.307178 4.010958 -1.100136
v 0.404270 4.010958 0.683388
v 9.398896 3.972614 -0.346004
v -0.155480 3.972613 1.456119
v 9.478955 3.972613 0.312258
v 0.161697 3.972612 2.126474
v 9.566751 4.010955 1.034131
v 0.209953 4.010953 2.904671
v 9.658800 4.010953 1.790986
v 0.200597 4.010953 3.638359
v -18.485086 3.974738 2.248195
v -5.447024 3.890857 0.700884
v -4.457036 3.974739 -0.190471
v -18.553480 4.010958 1.505891
v -17.352928 3.974741 -0.087150
v -3.068288 4.010961 -1.805299
v -3.951942 3.974742 -2.449551
v -15.934871 3.974742 -1.023101
v -15.350217 4.010953 4.797126
v -4.949329 4.010953 3.532152
v -5.032899 4.010955 2.845017
v -16.609161 3.974735 4.217691
v -18.218077 4.010958 2.948271
v -5.010341 4.010956 1.382686
v -18.032322 4.010959 0.728029
v -4.176695 4.010959 -0.916011
v -4.309542 3.974732 4.261666
v -4.474319 4.010963 -3.363140
v -17.615818 4.010956 3.570385
v -5.639918 3.974736 2.151042
v 3.920685 4.010962 -3.407034
v 3.846652 4.010962 -4.157275
v -14.684236 4.010962 -1.632831
v -4.563140 4.010962 -2.863777
v -4.561264 3.974742 -2.848346
v -14.682359 3.974742 -1.617400
v -7.639568 -0.301162 1.107895
v -7.581618 -0.301163 1.833397
v -7.599523 -0.301164 2.603625
v -7.587792 -0.301163 1.782631
v -7.539536 -0.301164 2.560829
v -7.548892 -0.301165 3.294517
v -3.657844 1.498936 2.789873
v -3.699927 1.498937 2.062441
v -3.836584 1.477386 3.544161
v -3.887214 1.477387 2.853269
v -4.189003 1.646382 1.883509
v -4.240779 1.646383 1.208772
v 4.867311 3.907153 1.605685
v 4.932249 3.907152 2.330337
v 12.469864 6.142400 -0.784048
v 12.359527 6.142400 -1.479240
v 12.057638 6.188891 -0.001363
v 12.018886 6.188893 -0.706822
v 4.832919 4.047186 -2.779038
v 5.011082 4.027794 -1.856558
v 4.709964 4.047187 -3.789996
v 4.923287 4.027796 -2.578430
v 6.831258 5.101557 -3.034617
v 6.715829 5.101559 -3.983700
v 8.721695 6.293619 -4.177402
v 8.829599 6.293617 -3.290195
v 8.896848 6.274228 -3.279691
v 8.984643 6.274226 -2.557818
v 9.476476 6.361121 1.045113
v 9.567138 6.371923 1.793690
v 9.392270 6.361121 0.352751
v 9.481582 6.371924 1.090231
v 5.746810 4.081683 1.498719
v 5.937121 4.062293 2.310265
v 5.662604 4.081683 0.806357
v 5.851565 4.062293 1.606806
v -11.427163 3.998203 1.389798
v -11.508584 3.998203 0.667150
v -10.889660 10.375204 1.281121
v -11.236909 10.379278 1.195182
v -11.489377 10.380787 0.957664
v -11.579413 10.379325 0.632210
v -11.482891 10.375283 0.306025
v -11.225674 10.369745 0.066510
v -10.876684 10.364195 -0.022157
v -10.529431 10.360119 0.063781
v -10.283453 10.364114 0.952939
v -12.096089 10.391156 1.198548
v -12.084852 10.381623 0.069876
v 3.650979 10.047872 -1.540570
v 3.821916 9.892121 -1.894070
v 3.569130 10.050956 -1.616033
v 3.715655 9.917451 -1.919045
v 4.201384 10.657663 -1.620342
v 4.396048 10.480297 -2.022908
v 4.107384 10.661209 -1.706763
v 4.274173 10.509243 -2.051684
v 3.631352 9.968400 -1.484766
v 3.264082 10.145233 -1.265209
v 2.812400 10.283457 -1.266361
v 2.397332 10.346037 -1.487915
v 2.130097 10.316205 -1.870504
v 3.768001 9.686090 -2.307314
v 3.815799 9.800341 -1.866203
v 1.401468 10.627551 -1.569973
v 6.422702 13.025469 -0.682476
v 5.539671 13.055669 -1.020960
v 5.499211 13.036874 -1.342852
v 5.636365 13.009020 -1.641940
v 5.914386 12.979571 -1.838084
v 6.577256 12.945768 -1.752981
v 6.784492 12.950472 -1.494537
v 6.074890 13.043979 -0.715781
v 6.392253 13.022438 -0.756378
v 5.797316 13.053165 -0.826841
v 5.617484 13.048936 -1.053363
v 5.583577 13.032424 -1.334651
v 5.704680 13.008056 -1.595333
v 5.948346 12.982356 -1.765560
v 6.249280 12.962216 -1.799721
v 6.526853 12.953029 -1.688661
v 6.706684 12.957259 -1.462139
v 6.244936 12.957135 -1.880367
v 6.696341 12.995929 -0.883966
v 6.630349 12.996623 -0.933401
v 6.079231 13.049006 -0.635130
v 5.757960 13.060236 -0.754615
v 6.826825 12.968304 -1.185611
v 6.742972 12.972542 -1.197334
v 6.120872 13.772723 -0.569883
v 5.724359 13.786284 -0.721875
v 5.476379 13.780682 -1.030753
v 5.427757 13.758223 -1.415602
v 5.591527 13.724928 -1.773302
v 5.923802 13.689713 -2.008009
v 6.335553 13.662020 -2.056832
v 6.716449 13.649263 -1.906690
v 7.015166 13.676236 -1.227592
v 6.964432 13.654865 -1.597813
v 6.858923 13.709274 -0.867006
v 6.531587 13.744591 -0.626268
v 6.136734 13.765502 -0.664721
v 5.577954 13.773183 -1.052433
v 5.785302 13.777521 -0.799432
v 5.529562 13.752800 -1.405575
v 5.673894 13.723712 -1.716946
v 5.964660 13.693021 -1.920423
v 6.323955 13.668957 -1.961484
v 6.862851 13.662303 -1.576127
v 6.655503 13.657964 -1.829128
v 6.913934 13.681297 -1.241611
v 6.779183 13.710059 -0.926567
v 6.494709 13.740882 -0.715410
v 6.434214 13.046061 -0.643993
v 5.727418 13.082566 -0.727706
v 5.503700 13.077887 -1.000680
v 5.456800 13.058132 -1.342929
v 6.259182 12.972335 -1.921283
v 6.599774 12.960687 -1.790727
v 6.727907 13.014658 -0.855686
v 6.102780 13.697365 -0.537381
v 6.529098 13.668427 -0.591915
v 5.706278 13.710927 -0.689369
v 5.445838 13.705479 -1.007153
v 5.391237 13.682481 -1.405583
v 5.557113 13.648095 -1.777900
v 5.899016 13.611537 -2.024343
v 6.325334 13.582601 -2.078876
v 6.721835 13.569040 -1.926889
v 6.982276 13.574488 -1.609106
v 7.036878 13.597486 -1.210676
v 6.871000 13.631869 -0.838358
v 6.123430 13.736584 -0.688694
v 6.465305 13.714201 -0.732426
v 5.805461 13.747071 -0.810577
v 5.596606 13.742858 -1.065418
v 5.552820 13.725070 -1.384931
v 5.685844 13.698474 -1.683504
v 5.960025 13.670197 -1.881134
v 6.301902 13.647816 -1.924866
v 6.619870 13.637325 -1.802983
v 6.828724 13.641541 -1.548142
v 6.872509 13.659328 -1.228629
v 6.739486 13.685924 -0.930056
v 6.129310 13.810449 -0.662004
v 6.492018 13.785828 -0.708401
v 5.791969 13.821986 -0.791314
v 5.570385 13.817349 -1.061682
v 5.523935 13.797784 -1.400665
v 5.665061 13.768530 -1.717430
v 5.955950 13.737426 -1.927102
v 6.318656 13.712807 -1.973499
v 6.655998 13.701269 -1.844189
v 6.877581 13.705904 -1.573820
v 6.924032 13.725470 -1.234838
v 6.782907 13.754725 -0.918073
v 6.110964 13.819908 -0.534947
v 6.543953 13.790518 -0.590334
v 5.708263 13.833680 -0.689312
v 5.443746 13.828147 -1.012067
v 5.388295 13.804790 -1.416730
v 5.556765 13.769869 -1.794871
v 5.904016 13.732738 -2.045168
v 6.337001 13.703348 -2.100555
v 6.739705 13.689575 -1.946190
v 7.004220 13.695107 -1.623436
v 7.059675 13.718465 -1.218774
v 6.891203 13.753387 -0.840632
v 5.274878 13.138536 -0.286414
v 4.934287 13.150185 -0.416970
v 4.663670 13.125751 -1.032193
v 4.698891 13.054162 -0.597538
v 4.617307 13.058377 -0.607201
v 4.586069 13.055555 -0.678215
v 4.636417 13.048522 -0.739566
v 4.718000 13.044309 -0.729903
v 4.749237 13.047129 -0.658889
v 4.864486 15.861980 -0.851343
v 4.916577 15.859289 -0.845173
v 4.844542 15.860180 -0.896685
v 4.876687 15.855686 -0.935858
v 4.928778 15.852997 -0.929688
v 4.948723 15.854801 -0.884346
v 3.269944 5.232424 0.320822
v 3.258407 5.560226 0.225963
v 3.226887 5.800194 -0.033196
v 3.183831 5.888028 -0.387215
v 3.109255 5.560226 -1.000394
v 3.097718 5.232424 -1.095253
v 3.109255 4.904623 -1.000395
v 3.140774 4.664655 -0.741235
v 3.183831 4.576820 -0.387217
v 3.226887 4.664654 -0.033198
v 3.258407 4.904622 0.225962
v 3.153501 5.232424 0.334984
v 3.141964 5.560226 0.240125
v 3.110444 5.800194 -0.019034
v 3.067388 5.888028 -0.373053
v 2.992812 5.560226 -0.986232
v 2.981275 5.232424 -1.081091
v 2.992812 4.904623 -0.986233
v 3.024331 4.664655 -0.727073
v 3.067388 4.576820 -0.373055
v 3.110444 4.664654 -0.019036
v 3.141963 4.904622 0.240124
v 3.285785 5.232424 0.246253
v 3.275414 5.527085 0.160985
v 3.247082 5.742791 -0.071973
v 3.208378 5.821746 -0.390200
v 3.169675 5.742791 -0.708428
v 3.141342 5.527085 -0.941386
v 3.130971 5.232424 -1.026655
v 3.141342 4.937763 -0.941387
v 3.169675 4.722057 -0.708429
v 3.208378 4.643103 -0.390202
v 3.247081 4.722057 -0.071975
v 3.275414 4.937763 0.160984
v 3.120247 5.232424 0.266386
v 3.109877 5.527085 0.181118
v 3.081544 5.742791 -0.051840
v 3.042841 5.821746 -0.370067
v 3.004138 5.742791 -0.688295
v 2.975805 5.527085 -0.921253
v 2.965434 5.232424 -1.006523
v 2.975805 4.937763 -0.921254
v 3.004137 4.722057 -0.688296
v 3.042840 4.643103 -0.370069
v 3.081544 4.722057 -0.051842
v 3.109877 4.937763 0.181117
v 3.258277 5.232424 0.175598
v 3.224009 5.684316 -0.106168
v 3.189740 5.754223 -0.387934
v 3.155471 5.684316 -0.669700
v 3.130384 5.493324 -0.875967
v 3.121202 5.232424 -0.951466
v 3.130384 4.971525 -0.875968
v 3.155470 4.780533 -0.669701
v 3.189739 4.710625 -0.387935
v 3.224008 4.780533 -0.106169
v 3.249095 4.971524 0.100098
v 3.130017 5.232424 0.191197
v 3.120835 5.493324 0.115698
v 3.095748 5.684316 -0.090568
v 3.061479 5.754223 -0.372334
v 3.027210 5.684316 -0.654100
v 3.002124 5.493324 -0.860368
v 2.992942 5.232424 -0.935867
v 3.002123 4.971525 -0.860368
v 3.027210 4.780533 -0.654102
v 3.061479 4.710625 -0.372336
v 3.095748 4.780533 -0.090570
v 3.120834 4.971524 0.115697
v 3.069774 5.232424 -0.205529
v 3.067079 5.308985 -0.227684
v 3.059718 5.365032 -0.288213
v 3.049661 5.385546 -0.370898
v 3.039605 5.365032 -0.453582
v 3.032243 5.308985 -0.514111
v 3.029549 5.232424 -0.536266
v 3.032243 5.155863 -0.514111
v 3.039605 5.099816 -0.453582
v 3.049661 5.079302 -0.370898
v 3.059718 5.099816 -0.288214
v 3.067079 5.155863 -0.227684
v 3.268587 5.232424 -0.301578
v 3.267046 5.276197 -0.314245
v 3.262837 5.308240 -0.348852
v 3.257088 5.319969 -0.396125
v 3.251338 5.308240 -0.443399
v 3.247129 5.276197 -0.478005
v 3.245589 5.232424 -0.490672
v 3.247129 5.188652 -0.478006
v 3.251338 5.156608 -0.443399
v 3.257088 5.144878 -0.396125
v 3.262837 5.156608 -0.348852
v 3.267046 5.188652 -0.314245
v 3.274506 5.308985 -0.252912
v 3.277200 5.232424 -0.230757
v 3.267144 5.365032 -0.313441
v 3.257088 5.385546 -0.396125
v 3.247031 5.365032 -0.478809
v 3.239670 5.308985 -0.539338
v 3.236975 5.232424 -0.561494
v 3.239670 5.155863 -0.539339
v 3.247031 5.099816 -0.478810
v 3.257088 5.079302 -0.396126
v 3.267144 5.099816 -0.313441
v 3.274506 5.155863 -0.252912
v 3.316027 5.232424 -0.307348
v 3.314486 5.276197 -0.320015
v 3.310277 5.308240 -0.354621
v 3.304528 5.319969 -0.401895
v 3.298778 5.308240 -0.449169
v 3.294569 5.276197 -0.483775
v 3.293029 5.232424 -0.496442
v 3.294569 5.188652 -0.483775
v 3.298778 5.156608 -0.449169
v 3.304528 5.144878 -0.401895
v 3.310277 5.156608 -0.354622
v 3.314486 5.188652 -0.320015
v 3.353555 5.232424 -0.340822
v 3.352479 5.263008 -0.349672
v 3.349538 5.285396 -0.373851
v 3.345521 5.293591 -0.406881
v 3.341504 5.285396 -0.439910
v 3.338563 5.263008 -0.464089
v 3.337487 5.232424 -0.472940
v 3.338563 5.201840 -0.464089
v 3.341504 5.179452 -0.439910
v 3.345521 5.171257 -0.406881
v 3.349538 5.179452 -0.373851
v 3.352479 5.201840 -0.349672
v 3.063847 5.232424 -0.254261
v 3.061946 5.286424 -0.269887
v 3.056754 5.325954 -0.312579
v 3.049661 5.340423 -0.370898
v 3.042569 5.325954 -0.429216
v 3.037376 5.286424 -0.471908
v 3.035476 5.232424 -0.487535
v 3.037376 5.178424 -0.471908
v 3.042569 5.138894 -0.429216
v 3.049661 5.124425 -0.370898
v 3.056754 5.138894 -0.312579
v 3.061946 5.178424 -0.269887
v 2.530895 5.232424 -0.189442
v 2.528994 5.286424 -0.205068
v 2.523802 5.325954 -0.247761
v 2.516709 5.340423 -0.306079
v 2.509617 5.325954 -0.364397
v 2.504424 5.286424 -0.407090
v 2.502524 5.232424 -0.422716
v 2.504424 5.178424 -0.407090
v 2.509617 5.138894 -0.364398
v 2.516709 5.124425 -0.306079
v 2.523802 5.138894 -0.247761
v 2.528994 5.178424 -0.205069
v 3.100826 5.353570 -0.453775
v 3.156687 5.353570 -0.460569
v 3.149961 5.302367 -0.515866
v 3.094100 5.302367 -0.509072
v 3.125925 5.162481 -0.247404
v 3.181786 5.162481 -0.254198
v 3.184248 5.232424 -0.233958
v 3.128387 5.232424 -0.227164
v 3.125925 5.302367 -0.247404
v 3.181786 5.302367 -0.254198
v 3.175061 5.353570 -0.309494
v 3.119200 5.353570 -0.302701
v 3.100826 5.111279 -0.453775
v 3.156687 5.111279 -0.460569
v 3.147500 5.232424 -0.536106
v 3.091639 5.232424 -0.529312
v 3.165874 5.372310 -0.385031
v 3.110013 5.372310 -0.378238
v 3.149961 5.162481 -0.515866
v 3.094100 5.162481 -0.509072
v 3.035156 4.606470 -0.993727
v 3.027794 4.662517 -1.054255
v 3.083655 4.662517 -1.061049
v 3.091017 4.606470 -1.000520
v 3.142155 6.059470 -0.580050
v 3.132099 6.038956 -0.662734
v 3.001381 5.413003 -1.271429
v 3.004076 5.489564 -1.249274
v 3.059937 5.489564 -1.256068
v 3.057242 5.413003 -1.278223
v 3.184870 5.858378 0.237251
v 3.192231 5.802331 0.297780
v 3.248092 5.802331 0.290986
v 3.240731 5.858378 0.230457
v 3.218644 5.051845 0.514954
v 3.215950 4.975284 0.492798
v 3.271811 4.975284 0.486004
v 3.274505 5.051845 0.508160
v 3.033826 5.819563 -0.649003
v 3.140775 5.800193 -0.741234
v 3.011189 5.700132 -0.835136
v 3.011671 5.764205 -0.702760
v 3.086281 6.059443 -0.573366
v 3.079272 5.954389 -0.630996
v 3.224960 5.493324 0.103035
v 3.245953 5.517249 0.074260
v 3.265072 5.513819 0.137060
v 6.068011 13.070918 -0.597150
v 5.599287 13.028596 -1.662747
v 5.891258 12.890395 -1.849927
v 5.892980 12.997192 -1.874439
v 6.579653 12.854838 -1.768394
v 6.823494 12.965365 -1.517753
v 6.870392 12.985120 -1.175505
v 4.936874 13.041165 -0.422307
v 4.710568 13.145505 -0.689944
v 4.673300 13.017367 -1.021516
v 4.812077 12.988600 -1.333009
v 4.806156 13.096214 -1.352011
v 6.496361 12.937991 -0.588735
v 6.092480 12.962202 -0.537071
v 6.099592 13.070918 -0.527180
v 6.514266 13.046061 -0.580224
v 5.194366 13.029819 -0.185205
v 5.568826 13.028596 -1.733825
v 5.575531 12.920980 -1.712308
v 5.899440 12.890395 -1.945781
v 5.901391 12.997192 -1.973538
v 6.303323 12.866185 -1.997445
v 6.316069 12.972335 -2.026582
v 6.678957 12.854838 -1.853456
v 6.701740 12.960687 -1.878745
v 6.925694 12.859398 -1.552396
v 6.955073 12.965365 -1.569639
v 6.977418 12.878639 -1.174933
v 7.008178 12.985120 -1.182088
v 6.820271 12.907407 -0.822209
v 6.846835 13.014658 -0.819938
v 5.201475 13.138536 -0.175313
v 4.818730 13.041165 -0.329194
v 4.815802 13.150185 -0.323151
v 4.571995 13.036608 -0.630255
v 4.562471 13.145505 -0.632257
v 4.520270 13.017367 -1.007717
v 4.509364 13.125751 -1.019808
v 4.677415 12.988600 -1.360441
v 4.670711 13.096214 -1.381958
v 2.307739 5.147696 0.398287
v 2.259473 5.047251 0.404158
v 2.098239 5.047251 -0.921543
v 2.146505 5.147696 -0.927414
v 1.891480 4.608450 -0.896398
v 1.843212 4.508007 -0.890527
v 2.004447 4.508007 0.435173
v 2.052714 4.608450 0.429303
v 2.309345 5.022931 0.398092
v 2.148112 5.022931 -0.927609
v 2.357613 5.123375 0.392222
v 2.196379 5.123375 -0.933479
v 2.054319 4.483686 0.429108
v 1.893085 4.483686 -0.896593
v 2.102587 4.584130 0.423238
v 1.941353 4.584130 -0.902463
v 2.197325 5.147696 -0.509567
v 2.198931 5.022931 -0.509763
v 2.247198 5.123375 -0.515633
v 2.124154 5.047251 -0.708461
v 2.176942 5.033654 -0.507088
v 2.162556 5.075341 -0.505339
v 1.881496 4.486030 -0.561053
v 1.929763 4.586474 -0.566924
v 1.931369 4.461709 -0.567119
v 1.979636 4.562154 -0.572989
v -9.482911 7.259464 4.247527
v -9.464576 7.259464 4.398284
v -9.482911 7.107596 4.247526
v -9.464576 7.107596 4.398284
v -12.763860 7.259464 4.646562
v -12.745524 7.259464 4.797319
v -12.745524 7.107596 4.797318
v -12.763860 7.107596 4.646561
v -12.625118 7.170044 6.914750
v -12.634777 7.170046 6.835331
v -12.634777 7.250050 6.835331
v -12.625118 7.250048 6.914750
v -12.594334 7.170046 6.830412
v -12.584675 7.170044 6.909831
v -12.594334 7.250050 6.830412
v -12.584675 7.250048 6.909831
v -9.000118 7.037021 6.206189
v -8.985036 7.026825 6.284093
v -8.983803 7.106173 6.294240
v -8.998884 7.116369 6.216334
v -9.025043 7.026463 6.291791
v -9.040125 7.036659 6.213886
v -9.023809 7.105811 6.301937
v -9.038891 7.116007 6.224033
v -9.391559 6.214590 4.272612
v -9.381900 6.214590 4.352030
v -9.391559 6.134586 4.272612
v -9.381900 6.134586 4.352030
v -9.351115 6.214590 4.267693
v -9.341456 6.214590 4.347111
v -9.341456 6.134586 4.347111
v -9.351115 6.134586 4.267693
v -12.844540 6.214590 4.773163
v -12.854198 6.214590 4.693744
v -12.844540 6.134586 4.773163
v -12.854198 6.134586 4.693744
v -12.884983 6.214590 4.778082
v -12.894642 6.214590 4.698663
v -12.894642 6.134586 4.698663
v -12.884983 6.134586 4.778082
v -9.391560 4.278434 4.272609
v -9.381900 4.278434 4.352028
v -9.391560 4.198430 4.272609
v -9.381900 4.198430 4.352028
v -9.351116 4.278434 4.267691
v -9.341456 4.278434 4.347109
v -9.341456 4.198430 4.347109
v -9.351116 4.198430 4.267691
v -12.844540 4.278434 4.773160
v -12.854198 4.278434 4.693742
v -12.844540 4.198430 4.773160
v -12.854198 4.198430 4.693742
v -12.884983 4.278434 4.778080
v -12.894642 4.278434 4.698661
v -12.894642 4.198430 4.698661
v -12.884983 4.198430 4.778080
v -9.391559 7.250052 4.272614
v -9.381900 7.250052 4.352032
v -9.391559 7.170049 4.272613
v -9.381900 7.170049 4.352032
v -9.351115 7.250052 4.267694
v -9.341456 7.250052 4.347113
v -9.341456 7.170049 4.347113
v -9.351115 7.170049 4.267694
v -12.844540 7.250052 4.773165
v -12.854198 7.250052 4.693747
v -12.844540 7.170049 4.773164
v -12.854198 7.170049 4.693746
v -12.884983 7.250052 4.778084
v -12.894642 7.250052 4.698665
v -12.894642 7.170049 4.698665
v -12.884983 7.170049 4.778083
vt 0.657778 0.880168
vt 0.659323 0.877583
vt 0.659323 0.882878
vt 0.683541 0.883083
vt 0.681995 0.880373
vt 0.683541 0.877788
vt 0.976085 0.332990
vt 0.975726 0.330253
vt 0.976085 0.330157
vt 0.963783 0.032154
vt 0.964131 0.029493
vt 0.964131 0.032482
vt 0.889115 0.101019
vt 0.888744 0.094442
vt 0.889115 0.094437
vt 0.960233 0.699365
vt 0.960594 0.696637
vt 0.960594 0.699686
vt 0.882516 0.436490
vt 0.882888 0.429903
vt 0.882888 0.437035
vt 0.917338 0.318982
vt 0.916860 0.315518
vt 0.917338 0.315397
vt 0.912923 0.235577
vt 0.913398 0.232085
vt 0.913398 0.236017
vt 0.918443 0.184475
vt 0.917985 0.181072
vt 0.918443 0.180929
vt 0.706451 0.992132
vt 0.705886 0.991791
vt 0.706451 0.991553
vt 0.875179 0.794879
vt 0.874694 0.786518
vt 0.875179 0.786506
vt 0.864046 0.772083
vt 0.864539 0.763721
vt 0.864539 0.772761
vt 0.865192 0.257661
vt 0.865672 0.249271
vt 0.865672 0.258310
vt 0.873569 0.827606
vt 0.873569 0.836013
vt 0.873073 0.835964
vt 0.883513 0.068091
vt 0.883875 0.061509
vt 0.883875 0.068641
vt 0.888869 0.564982
vt 0.888869 0.571585
vt 0.888509 0.571555
vt 0.599124 0.986186
vt 0.598773 0.983534
vt 0.599124 0.983445
vt 0.914363 0.536253
vt 0.914834 0.532879
vt 0.914834 0.536649
vt 0.133434 0.954491
vt 0.133793 0.954159
vt 0.133793 0.957228
vt 0.984611 0.600760
vt 0.984611 0.603519
vt 0.984263 0.603421
vt 0.882827 0.164616
vt 0.883198 0.164060
vt 0.883198 0.171193
vt 0.976558 0.600760
vt 0.976558 0.603574
vt 0.976197 0.603488
vt 0.307635 0.848861
vt 0.307264 0.842290
vt 0.307635 0.842263
vt 0.895471 0.913249
vt 0.895471 0.916890
vt 0.894996 0.916741
vt 0.914182 0.283823
vt 0.914640 0.283397
vt 0.914640 0.287226
vt 0.864977 0.446995
vt 0.865462 0.446316
vt 0.865462 0.455356
vt 0.875122 0.164060
vt 0.875122 0.172433
vt 0.874629 0.172422
vt 0.874114 0.663577
vt 0.873635 0.655218
vt 0.874114 0.655173
vt 0.863971 0.124896
vt 0.864469 0.124248
vt 0.864469 0.133288
vt 0.889087 0.273211
vt 0.888726 0.266638
vt 0.889087 0.266618
vt 0.884132 0.398252
vt 0.884494 0.397712
vt 0.884494 0.404845
vt 0.963740 0.775013
vt 0.964091 0.774695
vt 0.964091 0.777665
vt 0.909283 0.790507
vt 0.908725 0.790356
vt 0.909283 0.786506
vt 0.845795 0.924419
vt 0.846355 0.921831
vt 0.846355 0.924898
vt 0.960824 0.349239
vt 0.960246 0.346583
vt 0.960824 0.346455
vt 0.884868 0.640603
vt 0.884868 0.647204
vt 0.884286 0.647123
vt 0.922086 0.080461
vt 0.922649 0.077798
vt 0.922649 0.081006
vt 0.879621 0.689934
vt 0.880201 0.683362
vt 0.880201 0.690769
vt 0.885843 0.330157
vt 0.885843 0.336708
vt 0.885271 0.336678
vt 0.682548 0.964067
vt 0.681995 0.961473
vt 0.682548 0.961307
vt 0.879134 0.630052
vt 0.879729 0.623525
vt 0.879729 0.630932
vt 0.879254 0.514999
vt 0.879844 0.514167
vt 0.879844 0.521574
vt 0.867555 0.953877
vt 0.867555 0.956712
vt 0.866992 0.956540
vt 0.885387 0.052199
vt 0.884815 0.045678
vt 0.885387 0.045601
vt 0.879671 0.551324
vt 0.880246 0.550443
vt 0.880246 0.557850
vt 0.923812 0.124146
vt 0.924366 0.123616
vt 0.924366 0.126740
vt 0.885774 0.306868
vt 0.885182 0.300349
vt 0.885774 0.300314
vt 0.913423 0.094844
vt 0.913901 0.094437
vt 0.913901 0.098307
vt 0.087445 0.991736
vt 0.087209 0.991119
vt 0.087445 0.990694
vt 0.919467 0.300314
vt 0.919467 0.303806
vt 0.918997 0.303687
vt 0.994517 0.751510
vt 0.994330 0.751246
vt 0.994517 0.750661
vt 0.790718 0.961494
vt 0.790718 0.964205
vt 0.790159 0.964083
vt 0.922345 0.283892
vt 0.922924 0.283397
vt 0.922924 0.286547
vt 0.983862 0.302756
vt 0.983428 0.302970
vt 0.983428 0.300314
vt 0.983862 0.300527
vt 0.984224 0.332599
vt 0.983790 0.332813
vt 0.983790 0.330157
vt 0.984224 0.330370
vt 0.921961 0.683619
vt 0.922612 0.683243
vt 0.922612 0.686197
vt 0.921961 0.686345
vt 0.922659 0.489021
vt 0.922659 0.491899
vt 0.921817 0.491859
vt 0.921817 0.489056
vt 0.918749 0.640603
vt 0.918749 0.643648
vt 0.917910 0.643580
vt 0.917910 0.640614
vt 0.245559 0.918046
vt 0.245559 0.914977
vt 0.246398 0.915020
vt 0.246398 0.918010
vt 0.377986 0.879698
vt 0.381366 0.879528
vt 0.381366 0.882523
vt 0.377986 0.882354
vt 0.974414 0.019952
vt 0.974414 0.017606
vt 0.974830 0.017404
vt 0.974830 0.020199
vt 0.857442 0.922296
vt 0.858178 0.922075
vt 0.858178 0.924899
vt 0.857442 0.924902
vt 0.657778 0.974587
vt 0.657778 0.972241
vt 0.658194 0.972039
vt 0.658194 0.974833
vt 0.902409 0.021329
vt 0.901467 0.021476
vt 0.901467 0.017446
vt 0.902409 0.017404
vt 0.731903 0.896667
vt 0.731903 0.893901
vt 0.734187 0.893890
vt 0.734187 0.897010
vt 0.904626 0.874842
vt 0.904626 0.878520
vt 0.903710 0.878599
vt 0.903710 0.874629
vt 0.932554 0.827951
vt 0.933014 0.827606
vt 0.933014 0.830595
vt 0.932554 0.830710
vt 0.917839 0.786506
vt 0.917839 0.789568
vt 0.916988 0.789518
vt 0.916988 0.786536
vt 0.987117 0.111817
vt 0.987117 0.109675
vt 0.987504 0.109491
vt 0.987504 0.112042
vt 0.901982 0.330343
vt 0.902947 0.330157
vt 0.902947 0.334089
vt 0.901982 0.334172
vt 0.718697 0.897747
vt 0.718697 0.895076
vt 0.721056 0.895050
vt 0.721056 0.898062
vt 0.168617 0.893199
vt 0.168617 0.895942
vt 0.166313 0.895785
vt 0.166313 0.892692
vt 0.876263 0.753001
vt 0.876263 0.755795
vt 0.872884 0.755956
vt 0.872884 0.752805
vt 0.796030 0.083822
vt 0.799410 0.083652
vt 0.799410 0.086646
vt 0.796030 0.086477
vt 0.920572 0.753616
vt 0.920572 0.750661
vt 0.921413 0.750712
vt 0.921413 0.753590
vt 0.904438 0.198630
vt 0.903628 0.199033
vt 0.903628 0.195023
vt 0.904438 0.194915
vt 0.046951 0.991452
vt 0.046951 0.992064
vt 0.046338 0.992064
vt 0.046338 0.991452
vt 0.933161 0.249576
vt 0.933161 0.252231
vt 0.932585 0.252149
vt 0.932585 0.249271
vt 0.143009 0.904855
vt 0.143009 0.900985
vt 0.143951 0.901123
vt 0.143951 0.904892
vt 0.426499 0.984074
vt 0.426897 0.983846
vt 0.426897 0.986517
vt 0.426499 0.986316
vt 0.986901 0.346680
vt 0.987287 0.346455
vt 0.987287 0.349009
vt 0.986901 0.348824
vt 0.986970 0.655398
vt 0.987356 0.655173
vt 0.987356 0.657728
vt 0.986970 0.657542
vt 0.692119 0.915276
vt 0.692119 0.912553
vt 0.693000 0.912670
vt 0.693000 0.915752
vt 0.866345 0.981472
vt 0.866345 0.979230
vt 0.866779 0.979022
vt 0.866779 0.981693
vt 0.974364 0.045848
vt 0.974779 0.045601
vt 0.974779 0.048399
vt 0.974364 0.048196
vt 0.457689 0.916743
vt 0.457689 0.919743
vt 0.456852 0.919682
vt 0.456852 0.916760
vt 0.920921 0.910714
vt 0.921761 0.910674
vt 0.921761 0.913573
vt 0.920921 0.913538
vt 0.097649 0.917657
vt 0.098488 0.917615
vt 0.098488 0.920611
vt 0.097649 0.920575
vt 0.974231 0.640849
vt 0.974646 0.640603
vt 0.974646 0.643401
vt 0.974231 0.643198
vt 0.613409 0.132504
vt 0.610030 0.132343
vt 0.610030 0.129545
vt 0.613409 0.129349
vt 0.904324 0.891959
vt 0.903333 0.891930
vt 0.903333 0.888141
vt 0.904324 0.888068
vt 0.874075 0.021779
vt 0.870696 0.021618
vt 0.870696 0.018820
vt 0.874075 0.018624
vt 0.904573 0.627143
vt 0.904573 0.623525
vt 0.905371 0.623646
vt 0.905371 0.627552
vt 0.921433 0.737430
vt 0.921433 0.740385
vt 0.920595 0.740340
vt 0.920595 0.737462
vt 0.047176 0.915651
vt 0.047176 0.918700
vt 0.046338 0.918659
vt 0.046338 0.915690
vt 0.657778 0.914985
vt 0.658616 0.914936
vt 0.658616 0.918005
vt 0.657778 0.917975
vt 0.618394 0.916503
vt 0.619245 0.916444
vt 0.619245 0.919444
vt 0.618394 0.919425
vt 0.917347 0.400773
vt 0.917347 0.397712
vt 0.918183 0.397760
vt 0.918183 0.400742
vt 0.976216 0.505009
vt 0.976216 0.502706
vt 0.976623 0.502523
vt 0.976623 0.505266
vt 0.387092 0.649670
vt 0.386251 0.649716
vt 0.386251 0.642309
vt 0.387092 0.642263
vt 0.271292 0.911221
vt 0.272320 0.910649
vt 0.272320 0.913615
vt 0.271292 0.913842
vt 0.583387 0.506461
vt 0.580702 0.506314
vt 0.580702 0.503759
vt 0.583387 0.503581
vt 0.607987 0.224622
vt 0.605302 0.224475
vt 0.605302 0.221921
vt 0.607987 0.221742
vt 0.909593 0.641012
vt 0.910205 0.640603
vt 0.910205 0.644372
vt 0.909593 0.644503
vt 0.745159 0.913363
vt 0.745997 0.913285
vt 0.745997 0.916493
vt 0.745159 0.916488
vt 0.987484 0.614685
vt 0.987082 0.614880
vt 0.987082 0.612456
vt 0.987484 0.612650
vt 0.906547 0.477087
vt 0.906547 0.480690
vt 0.905788 0.480659
vt 0.905788 0.476769
vt 0.532507 0.898517
vt 0.530223 0.898498
vt 0.530223 0.895827
vt 0.532507 0.895505
vt 0.888359 0.223250
vt 0.888359 0.220699
vt 0.891044 0.220552
vt 0.891044 0.223429
vt 0.922988 0.349131
vt 0.922988 0.346455
vt 0.923735 0.346455
vt 0.923735 0.349354
vt 0.987406 0.623750
vt 0.987406 0.625892
vt 0.987019 0.626076
vt 0.987019 0.623525
vt 0.142899 0.915341
vt 0.142899 0.912690
vt 0.143951 0.912597
vt 0.143951 0.915597
vt 0.901407 0.045787
vt 0.902357 0.045601
vt 0.902357 0.049612
vt 0.901407 0.049693
vt 0.895614 0.905149
vt 0.894996 0.905544
vt 0.894996 0.901613
vt 0.895614 0.901508
vt 0.904889 0.464068
vt 0.905716 0.463676
vt 0.905716 0.467465
vt 0.904889 0.467578
vt 0.903828 0.863291
vt 0.902924 0.863551
vt 0.902924 0.859521
vt 0.903828 0.859558
vt 0.879479 0.380903
vt 0.879479 0.388036
vt 0.878643 0.387963
vt 0.878643 0.380830
vt 0.987176 0.094632
vt 0.987579 0.094437
vt 0.987579 0.096862
vt 0.987176 0.096667
vt 0.909642 0.398094
vt 0.909642 0.401641
vt 0.909035 0.401541
vt 0.909035 0.397712
vt 0.908355 0.658683
vt 0.907620 0.658996
vt 0.907620 0.655207
vt 0.908355 0.655173
vt 0.906095 0.565207
vt 0.906095 0.568843
vt 0.905313 0.568908
vt 0.905313 0.564982
vt 0.904623 0.414885
vt 0.905534 0.414679
vt 0.905534 0.418546
vt 0.904623 0.418468
vt 0.916558 0.579644
vt 0.917582 0.579399
vt 0.917582 0.582322
vt 0.916558 0.582226
vt 0.904819 0.683576
vt 0.905551 0.683243
vt 0.905551 0.687254
vt 0.904819 0.687291
vt 0.657778 0.907170
vt 0.657778 0.903437
vt 0.658580 0.903712
vt 0.658580 0.907231
vt 0.633494 0.911748
vt 0.633494 0.909025
vt 0.634484 0.909254
vt 0.634484 0.912337
vt 0.912032 0.913390
vt 0.912032 0.910740
vt 0.913216 0.910674
vt 0.913216 0.913674
vt 0.920921 0.921483
vt 0.921673 0.921278
vt 0.921673 0.924156
vt 0.920921 0.924139
vt 0.915707 0.830771
vt 0.915707 0.827606
vt 0.916556 0.827677
vt 0.916556 0.830760
vt 0.004519 0.925050
vt 0.004045 0.925173
vt 0.004045 0.922360
vt 0.004519 0.922001
vt 0.909892 0.844964
vt 0.910888 0.844374
vt 0.910888 0.847539
vt 0.909892 0.847759
vt 0.917333 0.446401
vt 0.918180 0.446316
vt 0.918180 0.449362
vt 0.917333 0.449367
vt 0.767607 0.913925
vt 0.768528 0.913468
vt 0.768528 0.916434
vt 0.767607 0.916547
vt 0.924850 0.830332
vt 0.924261 0.830641
vt 0.924261 0.827687
vt 0.924850 0.827606
vt 0.942807 0.166686
vt 0.942807 0.164099
vt 0.943457 0.164060
vt 0.943457 0.166864
vt 0.398819 0.916294
vt 0.398819 0.913086
vt 0.399665 0.913163
vt 0.399665 0.916287
vt 0.916571 0.433052
vt 0.916571 0.429903
vt 0.917413 0.429976
vt 0.917413 0.433044
vt 0.398819 0.880555
vt 0.398819 0.877760
vt 0.402198 0.877600
vt 0.402198 0.880751
vt 0.004045 0.903327
vt 0.004045 0.899395
vt 0.004995 0.899565
vt 0.004995 0.903394
vt 0.930224 0.600958
vt 0.930224 0.603634
vt 0.929565 0.603660
vt 0.929565 0.600760
vt 0.857442 0.899818
vt 0.858419 0.899865
vt 0.858419 0.903383
vt 0.857442 0.903743
vt 0.108662 0.893109
vt 0.111015 0.893102
vt 0.111015 0.895869
vt 0.108662 0.896229
vt 0.877162 0.844409
vt 0.877162 0.851816
vt 0.876324 0.851781
vt 0.876324 0.844374
vt 0.995110 0.631842
vt 0.995422 0.631842
vt 0.995422 0.632455
vt 0.995110 0.632455
vt 0.853375 0.623545
vt 0.854343 0.623525
vt 0.854343 0.632564
vt 0.853375 0.632584
vt 0.856267 0.124257
vt 0.856267 0.133297
vt 0.855324 0.133288
vt 0.855324 0.124248
vt 0.925885 0.455957
vt 0.925885 0.455645
vt 0.926497 0.455645
vt 0.926497 0.455957
vt 0.991566 0.300927
vt 0.991566 0.300314
vt 0.992179 0.300314
vt 0.992179 0.300927
vt 0.995199 0.956855
vt 0.994887 0.956855
vt 0.994887 0.956242
vt 0.995199 0.956242
vt 0.995061 0.655173
vt 0.995373 0.655173
vt 0.995373 0.655786
vt 0.995061 0.655786
vt 0.965091 0.455645
vt 0.965091 0.455958
vt 0.964478 0.455958
vt 0.964478 0.455645
vt 0.904049 0.712550
vt 0.903067 0.712692
vt 0.903067 0.708822
vt 0.904049 0.708780
vt 0.780966 0.113837
vt 0.783652 0.113682
vt 0.783652 0.116416
vt 0.780966 0.116262
vt 0.608838 0.995241
vt 0.608838 0.994929
vt 0.609451 0.994929
vt 0.609451 0.995241
vt 0.916347 0.164115
vt 0.917183 0.164060
vt 0.917183 0.167226
vt 0.916347 0.167198
vt 0.867922 0.899983
vt 0.868862 0.899898
vt 0.868862 0.903869
vt 0.867922 0.903851
vt 0.648125 0.914791
vt 0.647094 0.915122
vt 0.647094 0.912061
vt 0.648125 0.912087
vt 0.905866 0.533064
vt 0.906658 0.532879
vt 0.906658 0.536747
vt 0.905866 0.536646
vt 0.905732 0.004064
vt 0.906527 0.003852
vt 0.906527 0.007742
vt 0.906205 0.007712
vt 0.920889 0.874678
vt 0.921730 0.874629
vt 0.921730 0.877528
vt 0.920889 0.877501
vt 0.067045 0.928718
vt 0.067709 0.928537
vt 0.067709 0.931416
vt 0.067045 0.931374
vt 0.089895 0.896318
vt 0.087209 0.896473
vt 0.087209 0.893739
vt 0.089895 0.893893
vt 0.922539 0.533256
vt 0.923171 0.532879
vt 0.923171 0.535797
vt 0.922539 0.535949
vt 0.599042 0.606119
vt 0.599042 0.603355
vt 0.599684 0.603503
vt 0.599684 0.606498
vt 0.914252 0.479460
vt 0.914253 0.476769
vt 0.915196 0.476889
vt 0.915196 0.479934
vt 0.924311 0.808268
vt 0.924311 0.811033
vt 0.923731 0.810951
vt 0.923731 0.807956
vt 0.995415 0.249271
vt 0.995415 0.249884
vt 0.995103 0.249884
vt 0.995103 0.249271
vt 0.357210 0.990812
vt 0.357210 0.991425
vt 0.356597 0.991425
vt 0.356597 0.990812
vt 0.133895 0.933011
vt 0.133895 0.935980
vt 0.133434 0.935626
vt 0.133434 0.932885
vt 0.976976 0.708780
vt 0.976976 0.711547
vt 0.976589 0.711325
vt 0.976589 0.709002
vt 0.907343 0.109910
vt 0.907343 0.113495
vt 0.906710 0.113361
vt 0.906710 0.109491
vt 0.817227 0.911346
vt 0.817227 0.913979
vt 0.816075 0.913957
vt 0.816075 0.910975
vt 0.916651 0.766471
vt 0.916652 0.763710
vt 0.917372 0.763866
vt 0.917372 0.766990
vt 0.916060 0.655265
vt 0.916901 0.655173
vt 0.916901 0.658323
vt 0.916060 0.658332
vt 0.025417 0.917569
vt 0.026257 0.917514
vt 0.026257 0.920510
vt 0.025417 0.920487
vt 0.906638 0.346775
vt 0.906638 0.350394
vt 0.905921 0.350361
vt 0.905921 0.346455
vt 0.942567 0.655367
vt 0.943214 0.655173
vt 0.943214 0.657997
vt 0.942567 0.657973
vt 0.913420 0.464164
vt 0.914330 0.463676
vt 0.914330 0.466841
vt 0.913421 0.466960
vt 0.924606 0.658005
vt 0.924606 0.655173
vt 0.925076 0.655286
vt 0.925076 0.658355
vt 0.600823 0.911545
vt 0.600824 0.908853
vt 0.601865 0.909066
vt 0.601865 0.912111
vt 0.915281 0.808489
vt 0.916026 0.807956
vt 0.916026 0.811164
vt 0.915281 0.811324
vt 0.974607 0.844619
vt 0.975028 0.844374
vt 0.975028 0.847140
vt 0.974607 0.846941
vt 0.915550 0.696848
vt 0.915550 0.699998
vt 0.914794 0.699421
vt 0.914795 0.696637
vt 0.472336 0.925414
vt 0.472336 0.922828
vt 0.473078 0.922813
vt 0.473078 0.925616
vt 0.904097 0.384492
vt 0.904097 0.380856
vt 0.904994 0.380830
vt 0.904994 0.384756
vt 0.878774 0.600829
vt 0.879611 0.600760
vt 0.879611 0.607893
vt 0.878774 0.607962
vt 0.978374 0.542078
vt 0.978987 0.542078
vt 0.978987 0.542691
vt 0.978374 0.542691
vt 0.481915 0.893019
vt 0.484218 0.892886
vt 0.484218 0.895629
vt 0.481915 0.896112
vt 0.917464 0.139865
vt 0.916725 0.140068
vt 0.916724 0.137357
vt 0.917464 0.136798
vt 0.901225 0.848385
vt 0.901225 0.844374
vt 0.902187 0.844548
vt 0.902187 0.848455
vt 0.721788 0.856330
vt 0.721788 0.861625
vt 0.718697 0.861500
vt 0.718697 0.856205
vt 0.846298 0.903152
vt 0.845795 0.899183
vt 0.846784 0.899284
vt 0.846784 0.903151
vt 0.922724 0.414679
vt 0.922724 0.417557
vt 0.921885 0.417515
vt 0.921885 0.414712
vt 0.904387 0.235689
vt 0.904387 0.232085
vt 0.905218 0.232192
vt 0.905218 0.236082
vt 0.976844 0.862038
vt 0.976438 0.862264
vt 0.976438 0.859521
vt 0.976844 0.859735
vt 0.857442 0.911734
vt 0.858617 0.911448
vt 0.858617 0.914370
vt 0.857442 0.914316
vt 0.895068 0.503764
vt 0.895068 0.506315
vt 0.892383 0.506462
vt 0.892383 0.503585
vt 0.057395 0.916186
vt 0.057395 0.913553
vt 0.058397 0.913531
vt 0.058397 0.916513
vt 0.216776 0.910098
vt 0.217934 0.909721
vt 0.217934 0.912782
vt 0.216776 0.912802
vt 0.923873 0.361586
vt 0.923873 0.364241
vt 0.923232 0.364091
vt 0.923232 0.361213
vt 0.894996 0.924902
vt 0.895564 0.924595
vt 0.895564 0.927513
vt 0.894996 0.927595
vt 0.693059 0.900958
vt 0.693059 0.904848
vt 0.692119 0.904764
vt 0.692119 0.900975
vt 0.731903 0.918602
vt 0.731903 0.915553
vt 0.732743 0.915604
vt 0.732743 0.918574
vt 0.922286 0.525163
vt 0.922286 0.524851
vt 0.922899 0.524851
vt 0.922899 0.525163
vt 0.995265 0.380830
vt 0.995265 0.381443
vt 0.994953 0.381443
vt 0.994953 0.380830
vt 0.995265 0.389761
vt 0.994953 0.389761
vt 0.994953 0.389148
vt 0.995265 0.389148
vt 0.977398 0.258599
vt 0.977398 0.258912
vt 0.976785 0.258912
vt 0.976785 0.258599
vt 0.954694 0.406934
vt 0.954694 0.406622
vt 0.955306 0.406622
vt 0.955306 0.406934
vt 0.618394 0.992003
vt 0.618394 0.991390
vt 0.619007 0.991390
vt 0.619007 0.992003
vt 0.995392 0.590847
vt 0.995080 0.590847
vt 0.995080 0.590235
vt 0.995392 0.590235
vt 0.969746 0.542385
vt 0.969746 0.542697
vt 0.969133 0.542697
vt 0.969133 0.542385
vt 0.958436 0.241307
vt 0.958436 0.240995
vt 0.959049 0.240995
vt 0.959049 0.241307
vt 0.995415 0.258202
vt 0.995103 0.258202
vt 0.995103 0.257589
vt 0.995415 0.257589
vt 0.995247 0.697250
vt 0.994935 0.697250
vt 0.994935 0.696637
vt 0.995247 0.696637
vt 0.982540 0.455514
vt 0.982540 0.455826
vt 0.981928 0.455826
vt 0.981928 0.455514
vt 0.958858 0.632746
vt 0.958858 0.632434
vt 0.959471 0.632434
vt 0.959471 0.632746
vt 0.991542 0.641216
vt 0.991542 0.640603
vt 0.992155 0.640603
vt 0.992155 0.641216
vt 0.076428 0.992133
vt 0.076428 0.991520
vt 0.077041 0.991520
vt 0.077041 0.992133
vt 0.995422 0.624138
vt 0.995110 0.624138
vt 0.995110 0.623525
vt 0.995422 0.623525
vt 0.995058 0.723952
vt 0.995370 0.723952
vt 0.995370 0.724565
vt 0.995058 0.724565
vt 0.990858 0.455514
vt 0.990858 0.455826
vt 0.990245 0.455826
vt 0.990245 0.455514
vt 0.968467 0.258912
vt 0.968467 0.258599
vt 0.969080 0.258599
vt 0.969080 0.258912
vt 0.995521 0.110104
vt 0.995209 0.110104
vt 0.995209 0.109491
vt 0.995521 0.109491
vt 0.790159 0.991897
vt 0.790159 0.991284
vt 0.790772 0.991284
vt 0.790772 0.991897
vt 0.995501 0.613069
vt 0.995189 0.613069
vt 0.995189 0.612456
vt 0.995501 0.612456
vt 0.944697 0.455965
vt 0.944697 0.455653
vt 0.945310 0.455653
vt 0.945310 0.455965
vt 0.492902 0.994886
vt 0.493214 0.994886
vt 0.493214 0.995498
vt 0.492902 0.995498
vt 0.995304 0.347068
vt 0.994992 0.347068
vt 0.994992 0.346455
vt 0.995304 0.346455
vt 0.950171 0.258889
vt 0.950171 0.258577
vt 0.950784 0.258577
vt 0.950784 0.258889
vt 0.995596 0.095050
vt 0.995283 0.095050
vt 0.995283 0.094437
vt 0.995596 0.094437
vt 0.216776 0.994923
vt 0.217088 0.994923
vt 0.217088 0.995535
vt 0.216776 0.995535
vt 0.939560 0.632851
vt 0.939560 0.632538
vt 0.940172 0.632538
vt 0.940172 0.632851
vt 0.670215 0.140965
vt 0.662428 0.134119
vt 0.670215 0.128751
vt 0.541523 0.730784
vt 0.536102 0.720894
vt 0.541523 0.718635
vt 0.253045 0.578692
vt 0.245154 0.568783
vt 0.253045 0.559939
vt 0.272708 0.891372
vt 0.271292 0.890365
vt 0.272708 0.886560
vt 0.558656 0.635384
vt 0.553657 0.619029
vt 0.558656 0.615907
vt 0.468511 0.577965
vt 0.461028 0.567554
vt 0.468511 0.558326
vt 0.080350 0.619296
vt 0.074810 0.605346
vt 0.080350 0.599779
vt 0.265538 0.631612
vt 0.260774 0.614281
vt 0.265538 0.610917
vt 0.312140 0.629216
vt 0.321917 0.626321
vt 0.321917 0.638044
vt 0.643372 0.665365
vt 0.637558 0.653709
vt 0.643372 0.649784
vt 0.897608 0.569761
vt 0.896574 0.567751
vt 0.897608 0.564982
vt 0.440559 0.086716
vt 0.446561 0.051922
vt 0.446561 0.091292
vt 0.303133 0.575971
vt 0.299035 0.552213
vt 0.303133 0.547859
vt 0.643466 0.751217
vt 0.643466 0.758861
vt 0.635920 0.755222
vt 0.674116 0.047603
vt 0.669611 0.032409
vt 0.674116 0.029891
vt 0.588705 0.027220
vt 0.583463 0.005625
vt 0.588705 0.003852
vt 0.640146 0.174726
vt 0.644616 0.157460
vt 0.644616 0.177366
vt 0.520914 0.732744
vt 0.526436 0.727681
vt 0.526436 0.739264
vt 0.108011 0.718372
vt 0.111797 0.712947
vt 0.111797 0.728140
vt 0.084193 0.706566
vt 0.084193 0.718436
vt 0.078000 0.707903
vt 0.395110 0.570941
vt 0.403000 0.561031
vt 0.403000 0.579785
vt 0.642705 0.245402
vt 0.647008 0.232606
vt 0.647008 0.252511
vt 0.520914 0.569639
vt 0.528397 0.559228
vt 0.528397 0.578867
vt 0.296763 0.830594
vt 0.302376 0.829668
vt 0.302376 0.834558
vt 0.157495 0.814265
vt 0.151657 0.810891
vt 0.157495 0.808095
vt 0.520914 0.653158
vt 0.526688 0.641540
vt 0.526688 0.657499
vt 0.180162 0.672753
vt 0.166397 0.672600
vt 0.180162 0.666439
vt 0.350475 0.060876
vt 0.355914 0.060673
vt 0.355914 0.090800
vt 0.451791 0.273889
vt 0.451791 0.313574
vt 0.446186 0.313467
vt 0.271038 0.456035
vt 0.265447 0.421853
vt 0.271038 0.416665
vt 0.031813 0.298303
vt 0.014674 0.278122
vt 0.031813 0.267998
vt 0.668570 0.445883
vt 0.675303 0.442263
vt 0.675303 0.455673
vt 0.353834 0.550854
vt 0.359284 0.531772
vt 0.359284 0.557327
vt 0.260774 0.566605
vt 0.267230 0.552557
vt 0.267230 0.574657
vt 0.500514 0.539487
vt 0.506077 0.515631
vt 0.506077 0.542154
vt 0.074396 0.121291
vt 0.074396 0.138924
vt 0.067752 0.129336
vt 0.162810 0.462652
vt 0.162810 0.499742
vt 0.157976 0.499139
vt 0.848308 0.250252
vt 0.848308 0.259500
vt 0.846882 0.259275
vt 0.088898 0.867822
vt 0.091999 0.867748
vt 0.091999 0.872453
vt 0.137875 0.760104
vt 0.137875 0.772191
vt 0.134134 0.769270
vt 0.222075 0.718141
vt 0.222075 0.730661
vt 0.216776 0.722273
vt 0.017553 0.839251
vt 0.017553 0.846209
vt 0.014643 0.845120
vt 0.514121 0.081450
vt 0.509454 0.080509
vt 0.514121 0.078357
vt 0.556791 0.264198
vt 0.548254 0.256370
vt 0.556791 0.244998
vt 0.817181 0.683362
vt 0.817181 0.695794
vt 0.815578 0.694098
vt 0.443189 0.578783
vt 0.443189 0.598383
vt 0.436803 0.591382
vt 0.467173 0.003852
vt 0.467173 0.022382
vt 0.454039 0.009052
vt 0.700138 0.710492
vt 0.712104 0.709460
vt 0.712104 0.715412
vt 0.194703 0.815241
vt 0.191607 0.813372
vt 0.194703 0.805431
vt 0.235833 0.779593
vt 0.231408 0.772551
vt 0.235833 0.769320
vt 0.396925 0.164521
vt 0.402272 0.153922
vt 0.402272 0.170326
vt 0.567924 0.179447
vt 0.563436 0.152761
vt 0.567924 0.152284
vt 0.612698 0.585651
vt 0.612698 0.606537
vt 0.607413 0.604421
vt 0.622268 0.008056
vt 0.628097 0.003852
vt 0.628097 0.021989
vt 0.904222 0.755385
vt 0.903837 0.752466
vt 0.904222 0.750661
vt 0.889778 0.352086
vt 0.888835 0.350686
vt 0.889778 0.346455
vt 0.312140 0.486008
vt 0.316932 0.470644
vt 0.316932 0.506137
vt 0.806971 0.821340
vt 0.806971 0.829823
vt 0.803797 0.827318
vt 0.911292 0.303672
vt 0.910289 0.302643
vt 0.911292 0.300314
vt 0.654723 0.142374
vt 0.651969 0.135958
vt 0.654723 0.131835
vt 0.827506 0.086732
vt 0.819195 0.084700
vt 0.827506 0.084398
vt 0.673100 0.832747
vt 0.671470 0.822742
vt 0.673100 0.821611
vt 0.183306 0.600331
vt 0.183306 0.620070
vt 0.177953 0.618474
vt 0.629826 0.669819
vt 0.629826 0.679370
vt 0.620403 0.675732
vt 0.322599 0.716606
vt 0.312140 0.714114
vt 0.322599 0.709545
vt 0.666820 0.724898
vt 0.666820 0.736088
vt 0.660901 0.726150
vt 0.177953 0.583770
vt 0.185219 0.573947
vt 0.185219 0.592627
vt 0.476623 0.714415
vt 0.476623 0.728719
vt 0.472336 0.726042
vt 0.636616 0.324208
vt 0.641538 0.308174
vt 0.641538 0.327353
vt 0.076824 0.582816
vt 0.083631 0.572513
vt 0.083631 0.592075
vt 0.245154 0.626593
vt 0.250489 0.612898
vt 0.250489 0.632201
vt 0.382090 0.631022
vt 0.386818 0.613869
vt 0.386818 0.634373
vt 0.409873 0.676461
vt 0.415825 0.665705
vt 0.415825 0.680222
vt 0.464631 0.678712
vt 0.451277 0.678636
vt 0.464631 0.672490
vt 0.898027 0.008591
vt 0.896994 0.005867
vt 0.898027 0.003852
vt 0.126272 0.449362
vt 0.120257 0.415120
vt 0.126272 0.410469
vt 0.565656 0.260489
vt 0.569754 0.236730
vt 0.569754 0.264842
vt 0.062308 0.614842
vt 0.067105 0.599779
vt 0.067105 0.620916
vt 0.590264 0.638688
vt 0.596165 0.629136
vt 0.596165 0.646060
vt 0.436803 0.540094
vt 0.442158 0.516306
vt 0.442158 0.542888
vt 0.644610 0.605556
vt 0.640140 0.588291
vt 0.644610 0.585651
vt 0.739580 0.010367
vt 0.745093 0.003852
vt 0.745093 0.014980
vt 0.344229 0.875680
vt 0.342725 0.874625
vt 0.344229 0.869101
vt 0.230679 0.592362
vt 0.223410 0.582541
vt 0.230679 0.573683
vt 0.658748 0.252310
vt 0.654713 0.239679
vt 0.658748 0.232606
vt 0.069120 0.592075
vt 0.062308 0.581770
vt 0.069120 0.572513
vt 0.415511 0.809164
vt 0.415511 0.819700
vt 0.413020 0.815578
vt 0.112466 0.187087
vt 0.112466 0.192629
vt 0.107702 0.187790
vt 0.139416 0.809482
vt 0.139416 0.816093
vt 0.134134 0.813170
vt 0.487428 0.636807
vt 0.487428 0.646426
vt 0.476404 0.643779
vt 0.318089 0.680494
vt 0.312140 0.669573
vt 0.318089 0.665986
vt 0.021126 0.504579
vt 0.050493 0.503376
vt 0.050493 0.508737
vt 0.046729 0.452453
vt 0.007830 0.451768
vt 0.046729 0.446919
vt 0.199727 0.450853
vt 0.205313 0.417220
vt 0.205313 0.456106
vt 0.165869 0.302525
vt 0.146315 0.280356
vt 0.165869 0.276634
vt 0.615303 0.324397
vt 0.610601 0.305253
vt 0.615303 0.302820
vt 0.612007 0.662553
vt 0.612007 0.677907
vt 0.606380 0.674657
vt 0.593303 0.176348
vt 0.588722 0.157458
vt 0.593303 0.152284
vt 0.410705 0.577598
vt 0.415273 0.561031
vt 0.415273 0.586922
vt 0.463182 0.321279
vt 0.463182 0.337026
vt 0.446186 0.330963
vt 0.453176 0.499674
vt 0.458076 0.462951
vt 0.458076 0.499710
vt 0.473811 0.892618
vt 0.472336 0.889439
vt 0.473811 0.887986
vt 0.429546 0.727740
vt 0.438604 0.727376
vt 0.438604 0.734937
vt 0.818693 0.865463
vt 0.816075 0.861553
vt 0.818693 0.859890
vt 0.635917 0.730638
vt 0.630617 0.726507
vt 0.635917 0.718118
vt 0.183314 0.847703
vt 0.180223 0.847387
vt 0.183314 0.841152
vt 0.251177 0.850810
vt 0.248368 0.846967
vt 0.251177 0.844091
vt 0.989987 0.671121
vt 0.989774 0.670789
vt 0.989987 0.669507
vt 0.544643 0.550526
vt 0.544643 0.569028
vt 0.536102 0.557659
vt 0.817779 0.279637
vt 0.816176 0.268901
vt 0.817779 0.267204
vt 0.505179 0.597678
vt 0.498793 0.585078
vt 0.505179 0.578078
vt 0.503118 0.265722
vt 0.490099 0.260241
vt 0.503118 0.247677
vt 0.463966 0.785598
vt 0.463966 0.794906
vt 0.459533 0.787143
vt 0.344963 0.719887
vt 0.350032 0.711655
vt 0.350032 0.724775
vt 0.433788 0.793983
vt 0.429546 0.790561
vt 0.433788 0.784394
vt 0.579571 0.455887
vt 0.574298 0.445118
vt 0.579571 0.439346
vt 0.329859 0.877997
vt 0.328007 0.875787
vt 0.329859 0.872363
vt 0.088512 0.560322
vt 0.088512 0.564808
vt 0.062308 0.563391
vt 0.610197 0.234676
vt 0.615255 0.232606
vt 0.615255 0.253499
vt 0.012200 0.620000
vt 0.012200 0.637972
vt 0.006629 0.633766
vt 0.893034 0.403308
vt 0.892198 0.399057
vt 0.893034 0.397712
vt 0.653122 0.767305
vt 0.651171 0.766363
vt 0.653122 0.751217
vt 0.362021 0.689787
vt 0.362021 0.705376
vt 0.357738 0.700135
vt 0.574044 0.911296
vt 0.573041 0.908967
vt 0.574044 0.907938
vt 0.686664 0.811241
vt 0.683910 0.807119
vt 0.686664 0.800702
vt 0.827152 0.353207
vt 0.835462 0.351175
vt 0.835462 0.353509
vt 0.883023 0.035448
vt 0.881833 0.030014
vt 0.883023 0.029493
vt 0.606553 0.755635
vt 0.606553 0.765772
vt 0.601474 0.756710
vt 0.526218 0.614880
vt 0.526218 0.633835
vt 0.520914 0.616528
vt 0.847567 0.837153
vt 0.845795 0.833402
vt 0.847567 0.828443
vt 0.881926 0.807956
vt 0.881926 0.813613
vt 0.880447 0.810238
vt 0.900667 0.451200
vt 0.899949 0.450342
vt 0.900667 0.446316
vt 0.551099 0.870887
vt 0.545328 0.869152
vt 0.551099 0.868722
vt 0.804129 0.257250
vt 0.811789 0.255511
vt 0.811789 0.259382
vt 0.828381 0.839130
vt 0.827299 0.828961
vt 0.828381 0.828073
vt 0.814892 0.429903
vt 0.814892 0.443196
vt 0.813561 0.430167
vt 0.820788 0.763721
vt 0.820788 0.776446
vt 0.819450 0.763953
vt 0.811587 0.044076
vt 0.810495 0.030810
vt 0.811587 0.029891
vt 0.816051 0.527943
vt 0.814954 0.515079
vt 0.816051 0.514167
vt 0.483020 0.885181
vt 0.481915 0.880316
vt 0.483020 0.879415
vt 0.862454 0.558760
vt 0.861338 0.551328
vt 0.862454 0.550443
vt 0.836233 0.876817
vt 0.837727 0.876363
vt 0.837727 0.881925
vt 0.560250 0.989956
vt 0.560250 0.990639
vt 0.559326 0.990270
vt 0.830709 0.397712
vt 0.830709 0.411423
vt 0.830164 0.397806
vt 0.822575 0.615391
vt 0.822069 0.601368
vt 0.822575 0.600760
vt 0.751881 0.753865
vt 0.749487 0.753433
vt 0.751881 0.737430
vt 0.797504 0.527766
vt 0.799250 0.514167
vt 0.799250 0.528041
vt 0.989820 0.136798
vt 0.989820 0.138508
vt 0.989588 0.137862
vt 0.990006 0.580910
vt 0.989821 0.579649
vt 0.990006 0.579399
vt 0.988029 0.125315
vt 0.987319 0.124931
vt 0.988029 0.123616
vt 0.379481 0.905480
vt 0.377986 0.903768
vt 0.379481 0.902446
vt 0.324244 0.091982
vt 0.320948 0.091120
vt 0.324244 0.090384
vt 0.660854 0.824496
vt 0.662760 0.823646
vt 0.662760 0.834006
vt 0.845663 0.021360
vt 0.845663 0.021670
vt 0.844331 0.021525
vt 0.790838 0.971910
vt 0.790838 0.974381
vt 0.790159 0.974281
vt 0.493962 0.987181
vt 0.492902 0.986822
vt 0.493962 0.985478
vt 0.634509 0.547338
vt 0.634509 0.549409
vt 0.632661 0.548282
vt 0.216776 0.902011
vt 0.218251 0.898645
vt 0.218251 0.902016
vt 0.712038 0.607611
vt 0.713580 0.607138
vt 0.713580 0.608073
vt 0.851635 0.755800
vt 0.850564 0.755415
vt 0.851635 0.754021
vt 0.038049 0.867185
vt 0.038049 0.873140
vt 0.035946 0.872324
vt 0.482326 0.398528
vt 0.482326 0.399884
vt 0.476967 0.399884
vt 0.495690 0.889733
vt 0.492902 0.889244
vt 0.495690 0.886560
vt 0.875144 0.644383
vt 0.876581 0.640603
vt 0.876581 0.647212
vt 0.754565 0.881849
vt 0.756176 0.877314
vt 0.756176 0.882580
vt 0.640146 0.129479
vt 0.643794 0.127694
vt 0.643794 0.149755
vt 0.793301 0.595580
vt 0.792327 0.595538
vt 0.793301 0.579399
vt 0.634361 0.300469
vt 0.633627 0.267500
vt 0.634361 0.267204
vt 0.978630 0.930519
vt 0.978630 0.931596
vt 0.977759 0.930995
vt 0.921103 0.234309
vt 0.921926 0.232085
vt 0.921926 0.235003
vt 0.540528 0.239765
vt 0.538762 0.239689
vt 0.540528 0.237377
vt 0.827996 0.106082
vt 0.828539 0.094437
vt 0.828539 0.108408
vt 0.742899 0.330157
vt 0.742899 0.350309
vt 0.741356 0.330936
vt 0.742629 0.029891
vt 0.742629 0.050043
vt 0.741087 0.049265
vt 0.742671 0.061509
vt 0.742671 0.081661
vt 0.741129 0.062287
vt 0.742040 0.550443
vt 0.742040 0.570595
vt 0.740497 0.569817
vt 0.680638 0.407664
vt 0.680638 0.428061
vt 0.677604 0.427367
vt 0.651563 0.287390
vt 0.654484 0.267204
vt 0.654484 0.290343
vt 0.688742 0.463676
vt 0.688742 0.484170
vt 0.686091 0.464225
vt 0.689240 0.094437
vt 0.689240 0.114931
vt 0.686589 0.114383
vt 0.038591 0.811694
vt 0.038591 0.826285
vt 0.038208 0.812286
vt 0.830507 0.150245
vt 0.830507 0.164382
vt 0.830099 0.150825
vt 0.832804 0.246185
vt 0.832453 0.232689
vt 0.832804 0.232085
vt 0.827364 0.222095
vt 0.827079 0.207905
vt 0.827364 0.207277
vt 0.832311 0.075607
vt 0.831953 0.062112
vt 0.832311 0.061509
vt 0.984091 0.967706
vt 0.984636 0.966302
vt 0.984636 0.968744
vt 0.379103 0.988677
vt 0.377986 0.987759
vt 0.379103 0.987609
vt 0.271617 0.995507
vt 0.271292 0.995459
vt 0.271617 0.995075
vt 0.923612 0.006569
vt 0.922713 0.004985
vt 0.923612 0.003852
vt 0.138560 0.262056
vt 0.138479 0.261847
vt 0.138560 0.261350
vt 0.993538 0.910805
vt 0.993766 0.910674
vt 0.993766 0.911584
vt 0.990364 0.787598
vt 0.989782 0.786703
vt 0.990364 0.786506
vt 0.984328 0.502980
vt 0.984856 0.502523
vt 0.984856 0.505052
vt 0.987149 0.808083
vt 0.987562 0.807956
vt 0.987562 0.810132
vt 0.134134 0.631567
vt 0.142206 0.619943
vt 0.142206 0.634107
vt 0.923010 0.567950
vt 0.922298 0.567962
vt 0.922333 0.565352
vt 0.923010 0.564982
vt 0.605361 0.688506
vt 0.612007 0.685611
vt 0.612007 0.697747
vt 0.691578 0.717655
vt 0.685385 0.716317
vt 0.691578 0.705785
vt 0.006629 0.594840
vt 0.012233 0.592010
vt 0.012233 0.612295
vt 0.353834 0.572840
vt 0.360562 0.565032
vt 0.360562 0.585606
vt 0.461028 0.588457
vt 0.466593 0.585669
vt 0.466593 0.606595
vt 0.572816 0.654552
vt 0.579007 0.650828
vt 0.579007 0.665764
vt 0.231408 0.666601
vt 0.237171 0.664022
vt 0.237171 0.679102
vt 0.244199 0.287551
vt 0.244199 0.337278
vt 0.238238 0.322352
vt 0.613006 0.487786
vt 0.609085 0.486793
vt 0.613006 0.463676
vt 0.610601 0.280039
vt 0.615485 0.273889
vt 0.615485 0.295115
vt 0.635802 0.011229
vt 0.641757 0.003852
vt 0.641757 0.020891
vt 0.223410 0.518991
vt 0.228912 0.516199
vt 0.228912 0.542868
vt 0.402383 0.345658
vt 0.397395 0.344223
vt 0.402383 0.327823
vt 0.150271 0.512476
vt 0.120257 0.509148
vt 0.150271 0.507447
vt 0.070902 0.317428
vt 0.080852 0.312210
vt 0.080852 0.346102
vt 0.382313 0.778167
vt 0.377986 0.776859
vt 0.382313 0.767691
vt 0.872714 0.353363
vt 0.871079 0.347858
vt 0.872714 0.346748
vt 0.104137 0.678050
vt 0.094992 0.674963
vt 0.104137 0.667913
vt 0.126429 0.581333
vt 0.126429 0.601239
vt 0.120257 0.594375
vt 0.700739 0.463676
vt 0.700739 0.479574
vt 0.696447 0.476476
vt 0.369706 0.814193
vt 0.367096 0.807642
vt 0.369706 0.803506
vt 0.450703 0.807132
vt 0.450703 0.813605
vt 0.445090 0.808058
vt 0.373465 0.621661
vt 0.373465 0.634833
vt 0.364764 0.626977
vt 0.668300 0.003852
vt 0.668300 0.018788
vt 0.662242 0.015251
vt 0.297554 0.748174
vt 0.301105 0.744905
vt 0.301105 0.758364
vt 0.177183 0.391782
vt 0.177183 0.433947
vt 0.171632 0.404044
vt 0.348397 0.446819
vt 0.348397 0.452279
vt 0.309056 0.448808
vt 0.088557 0.314151
vt 0.094394 0.299176
vt 0.094394 0.348292
vt 0.614757 0.099987
vt 0.614757 0.121644
vt 0.610030 0.119261
vt 0.196672 0.673913
vt 0.191011 0.661756
vt 0.196672 0.658452
vt 0.592568 0.232606
vt 0.592568 0.256774
vt 0.587893 0.251637
vt 0.007830 0.567231
vt 0.012233 0.557828
vt 0.012233 0.584305
vt 0.028248 0.402348
vt 0.033725 0.397039
vt 0.033725 0.439031
vt 0.900290 0.320431
vt 0.899660 0.318316
vt 0.900290 0.315397
vt 0.014643 0.822412
vt 0.016085 0.819976
vt 0.016085 0.831546
vt 0.046338 0.836159
vt 0.048942 0.834706
vt 0.048942 0.842570
vt 0.859498 0.844858
vt 0.859498 0.851816
vt 0.857442 0.847301
vt 0.216776 0.836587
vt 0.220624 0.833169
vt 0.220624 0.839719
vt 0.006854 0.843642
vt 0.006854 0.850362
vt 0.004045 0.847485
vt 0.803686 0.124248
vt 0.803686 0.138468
vt 0.802285 0.136602
vt 0.391081 0.829953
vt 0.389246 0.828512
vt 0.391081 0.819098
vt 0.557297 0.757060
vt 0.557297 0.762580
vt 0.547813 0.761230
vt 0.207767 0.824678
vt 0.207767 0.830444
vt 0.202697 0.830444
vt 0.350033 0.689787
vt 0.350033 0.703951
vt 0.344963 0.695552
vt 0.698857 0.150245
vt 0.698857 0.164329
vt 0.693394 0.158945
vt 0.834253 0.389904
vt 0.831167 0.386859
vt 0.834253 0.382234
vt 0.704643 0.686587
vt 0.704643 0.701755
vt 0.700138 0.697571
vt 0.575022 0.876343
vt 0.573041 0.872820
vt 0.575022 0.870642
vt 0.227979 0.447313
vt 0.227979 0.487285
vt 0.223410 0.474088
vt 0.488023 0.774933
vt 0.485369 0.773635
vt 0.488023 0.760968
vt 0.418864 0.497416
vt 0.418864 0.529988
vt 0.414579 0.516439
vt 0.791860 0.018063
vt 0.789957 0.017532
vt 0.791860 0.003852
vt 0.862217 0.366335
vt 0.863209 0.361213
vt 0.863209 0.369577
vt 0.891669 0.435213
vt 0.890593 0.433355
vt 0.891669 0.429903
vt 0.637415 0.577897
vt 0.633034 0.576797
vt 0.637415 0.557205
vt 0.090489 0.765025
vt 0.088502 0.749893
vt 0.090489 0.748932
vt 0.259597 0.754565
vt 0.259597 0.770988
vt 0.257833 0.755508
vt 0.451828 0.779997
vt 0.447973 0.775526
vt 0.451828 0.768782
vt 0.009488 0.688616
vt 0.009488 0.704196
vt 0.005185 0.693840
vt 0.283121 0.780831
vt 0.287291 0.779027
vt 0.287291 0.789181
vt 0.006939 0.787122
vt 0.006939 0.798898
vt 0.004233 0.796909
vt 0.304402 0.639654
vt 0.304402 0.654215
vt 0.297554 0.647666
vt 0.760141 0.835918
vt 0.760141 0.844493
vt 0.758065 0.842585
vt 0.484980 0.815147
vt 0.484980 0.826071
vt 0.482947 0.823458
vt 0.593769 0.765772
vt 0.588691 0.764698
vt 0.593769 0.755635
vt 0.608324 0.343126
vt 0.612434 0.338784
vt 0.612434 0.362432
vt 0.057043 0.688075
vt 0.066548 0.681038
vt 0.066548 0.690301
vt 0.191607 0.739379
vt 0.202551 0.734753
vt 0.202551 0.740535
vt 0.320017 0.658282
vt 0.312140 0.649505
vt 0.320017 0.645749
vt 0.048960 0.809625
vt 0.046338 0.803220
vt 0.048960 0.798827
vt 0.424615 0.150568
vt 0.424615 0.170544
vt 0.419114 0.167683
vt 0.205335 0.568236
vt 0.205335 0.588697
vt 0.198752 0.580935
vt 0.612790 0.557205
vt 0.612790 0.577946
vt 0.607413 0.575140
vt 0.337855 0.630621
vt 0.337855 0.643664
vt 0.329737 0.635762
vt 0.678885 0.099649
vt 0.678885 0.114931
vt 0.673230 0.110955
vt 0.285986 0.307637
vt 0.292042 0.292900
vt 0.292042 0.341872
vt 0.612244 0.394246
vt 0.608324 0.371129
vt 0.612244 0.370137
vt 0.737822 0.765076
vt 0.737822 0.773610
vt 0.731903 0.768884
vt 0.675003 0.370137
vt 0.675003 0.387827
vt 0.670509 0.385293
vt 0.591337 0.557205
vt 0.591337 0.580532
vt 0.586139 0.578748
vt 0.094992 0.641235
vt 0.112131 0.640977
vt 0.112131 0.646168
vt 0.819956 0.452291
vt 0.819956 0.455749
vt 0.812833 0.455647
vt 0.454039 0.033665
vt 0.483999 0.030087
vt 0.483999 0.034376
vt 0.383809 0.063647
vt 0.393320 0.059206
vt 0.393320 0.092282
vt 0.037984 0.615780
vt 0.052428 0.611943
vt 0.052428 0.620194
vt 0.248368 0.780227
vt 0.258390 0.778709
vt 0.258390 0.783109
vt 0.361496 0.713081
vt 0.361496 0.728208
vt 0.357738 0.722809
vt 0.629754 0.449566
vt 0.629754 0.455591
vt 0.618908 0.451689
vt 0.605599 0.414742
vt 0.611505 0.407897
vt 0.611505 0.427601
vt 0.706018 0.373198
vt 0.710125 0.370137
vt 0.710125 0.385806
vt 0.786382 0.805216
vt 0.786382 0.813034
vt 0.781871 0.808435
vt 0.425145 0.665083
vt 0.430646 0.660732
vt 0.430646 0.676411
vt 0.020203 0.673425
vt 0.025671 0.670807
vt 0.025671 0.685499
vt 0.419997 0.404592
vt 0.419997 0.446023
vt 0.414579 0.433753
vt 0.070841 0.303836
vt 0.067380 0.300656
vt 0.070841 0.290423
vt 0.163738 0.415916
vt 0.163738 0.454948
vt 0.157976 0.454095
vt 0.348428 0.273889
vt 0.348428 0.322254
vt 0.342500 0.307464
vt 0.692433 0.686587
vt 0.692433 0.698080
vt 0.685385 0.686745
vt 0.212428 0.217649
vt 0.217610 0.211207
vt 0.217610 0.236669
vt 0.038952 0.565119
vt 0.045242 0.557103
vt 0.045242 0.579124
vt 0.236616 0.518870
vt 0.242030 0.516199
vt 0.242030 0.542631
vt 0.612698 0.631426
vt 0.606380 0.624003
vt 0.612698 0.614241
vt 0.092025 0.834799
vt 0.088898 0.828399
vt 0.092025 0.826925
vt 0.697805 0.282951
vt 0.693273 0.273045
vt 0.697805 0.267204
vt 0.108147 0.392521
vt 0.108147 0.434491
vt 0.102639 0.429157
vt 0.900702 0.066507
vt 0.900073 0.063582
vt 0.900702 0.061509
vt 0.313897 0.902867
vt 0.312568 0.902226
vt 0.313897 0.899362
vt 0.134134 0.780722
vt 0.140691 0.779896
vt 0.140691 0.786982
vt 0.286862 0.771322
vt 0.283121 0.762156
vt 0.286862 0.759235
vt 0.844360 0.382040
vt 0.844360 0.389904
vt 0.841958 0.388073
vt 0.576889 0.839038
vt 0.573041 0.835620
vt 0.576889 0.832488
vt 0.859578 0.300314
vt 0.859578 0.307272
vt 0.857522 0.304830
vt 0.793191 0.873453
vt 0.790159 0.872842
vt 0.793191 0.868693
vt 0.707721 0.830519
vt 0.705886 0.821105
vt 0.707721 0.819664
vt 0.802453 0.399578
vt 0.803854 0.397712
vt 0.803854 0.411932
vt 0.485369 0.737794
vt 0.496308 0.732972
vt 0.496308 0.738800
vt 0.274821 0.837777
vt 0.271292 0.834168
vt 0.274821 0.830735
vt 0.508369 0.818716
vt 0.505361 0.810970
vt 0.508369 0.809049
vt 0.588472 0.836386
vt 0.591490 0.833277
vt 0.591490 0.840817
vt 0.176823 0.704270
vt 0.176823 0.717337
vt 0.171354 0.709461
vt 0.409873 0.692097
vt 0.414391 0.687927
vt 0.414391 0.703204
vt 0.685385 0.762783
vt 0.688003 0.761508
vt 0.688003 0.775467
vt 0.494749 0.354005
vt 0.494749 0.393206
vt 0.490233 0.367213
vt 0.883118 0.585208
vt 0.881896 0.582779
vt 0.883118 0.579399
vt 0.181556 0.780677
vt 0.183329 0.780198
vt 0.183329 0.794309
vt 0.480565 0.497753
vt 0.480565 0.530279
vt 0.476404 0.511237
vt 0.865751 0.438108
vt 0.864844 0.433135
vt 0.865751 0.429903
vt 0.619896 0.809694
vt 0.618394 0.797177
vt 0.619896 0.796298
vt 0.657778 0.892302
vt 0.658766 0.890583
vt 0.658766 0.895732
vt 0.399446 0.637848
vt 0.395110 0.618303
vt 0.399446 0.617221
vt 0.514199 0.035206
vt 0.514199 0.070652
vt 0.509454 0.055279
vt 0.547813 0.774691
vt 0.551621 0.770285
vt 0.551621 0.781485
vt 0.250128 0.754565
vt 0.250128 0.771004
vt 0.248368 0.770054
vt 0.781871 0.823243
vt 0.785045 0.820738
vt 0.785045 0.829221
vt 0.550519 0.789190
vt 0.550519 0.800946
vt 0.547813 0.791178
vt 0.610259 0.783539
vt 0.610259 0.788060
vt 0.600963 0.787581
vt 0.245154 0.646456
vt 0.252002 0.639906
vt 0.252002 0.654468
vt 0.356597 0.838088
vt 0.358673 0.836181
vt 0.358673 0.844756
vt 0.824200 0.553056
vt 0.826233 0.550443
vt 0.826233 0.561367
vt 0.060329 0.821422
vt 0.060329 0.832558
vt 0.058700 0.831428
vt 0.540225 0.599415
vt 0.540225 0.622246
vt 0.536102 0.617917
vt 0.842882 0.685629
vt 0.843822 0.683362
vt 0.843822 0.694289
vt 0.716393 0.152921
vt 0.720872 0.150245
vt 0.720872 0.164684
vt 0.134134 0.892195
vt 0.134928 0.887349
vt 0.134928 0.893009
vt 0.915562 0.113176
vt 0.915048 0.112395
vt 0.915562 0.109491
vt 0.860905 0.600760
vt 0.860905 0.606247
vt 0.857767 0.601102
vt 0.848465 0.863532
vt 0.845795 0.859803
vt 0.848465 0.857745
vt 0.134134 0.749588
vt 0.141571 0.744286
vt 0.141571 0.752399
vt 0.171763 0.833175
vt 0.168469 0.826940
vt 0.171763 0.825320
vt 0.842835 0.550479
vt 0.844190 0.550443
vt 0.844190 0.560616
vt 0.749408 0.826910
vt 0.745591 0.822877
vt 0.749408 0.819115
vt 0.811531 0.623525
vt 0.811531 0.637689
vt 0.810436 0.636773
vt 0.816602 0.330157
vt 0.816602 0.343740
vt 0.815500 0.342834
vt 0.814459 0.313624
vt 0.813121 0.313392
vt 0.814459 0.300314
vt 0.820551 0.592311
vt 0.819213 0.592077
vt 0.820551 0.579399
vt 0.431402 0.886327
vt 0.431402 0.887690
vt 0.426499 0.887243
vt 0.854577 0.141177
vt 0.854577 0.142540
vt 0.847109 0.142021
vt 0.441052 0.755729
vt 0.441052 0.759870
vt 0.429546 0.757472
vt 0.394394 0.732451
vt 0.394394 0.748425
vt 0.391632 0.743876
vt 0.907248 0.250232
vt 0.908030 0.249271
vt 0.908030 0.253034
vt 0.963765 0.139197
vt 0.964166 0.136798
vt 0.964166 0.139749
vt 0.941739 0.112501
vt 0.941224 0.110338
vt 0.941739 0.109491
vt 0.828119 0.503053
vt 0.827570 0.502981
vt 0.828119 0.489021
vt 0.562434 0.514422
vt 0.565341 0.514167
vt 0.565341 0.547559
vt 0.468699 0.408478
vt 0.468699 0.457916
vt 0.465781 0.441743
vt 0.067045 0.940411
vt 0.068171 0.939120
vt 0.068171 0.941394
vt 0.609682 0.987224
vt 0.608838 0.986185
vt 0.609682 0.985229
vt 0.357738 0.738746
vt 0.363595 0.735913
vt 0.363595 0.746477
vt 0.688567 0.431620
vt 0.688343 0.430037
vt 0.688567 0.429533
vt 0.248368 0.836088
vt 0.250054 0.825873
vt 0.250054 0.836386
vt 0.840433 0.441465
vt 0.839629 0.429985
vt 0.840433 0.429903
vt 0.602319 0.885209
vt 0.602319 0.890034
vt 0.600844 0.888575
vt 0.565001 0.757278
vt 0.565330 0.757060
vt 0.565330 0.759510
vt 0.866924 0.164060
vt 0.866924 0.171461
vt 0.865568 0.166101
vt 0.344030 0.900704
vt 0.342725 0.897273
vt 0.344030 0.896660
vt 0.530249 0.203299
vt 0.531057 0.187151
vt 0.531057 0.236267
vt 0.972925 0.581770
vt 0.972153 0.579686
vt 0.972925 0.579399
vt 0.840522 0.061509
vt 0.840522 0.073763
vt 0.840016 0.073155
vt 0.730562 0.397712
vt 0.730562 0.419177
vt 0.729255 0.417821
vt 0.728576 0.151601
vt 0.729884 0.150245
vt 0.729884 0.171711
vt 0.730109 0.655173
vt 0.730109 0.676638
vt 0.728802 0.675283
vt 0.728702 0.626332
vt 0.730009 0.624976
vt 0.730009 0.646442
vt 0.489645 0.629102
vt 0.476404 0.624277
vt 0.489645 0.620415
vt 0.651873 0.517119
vt 0.654793 0.514167
vt 0.654793 0.537305
vt 0.682182 0.320710
vt 0.679148 0.301008
vt 0.682182 0.300314
vt 0.658154 0.553558
vt 0.658154 0.576689
vt 0.655455 0.573873
vt 0.234471 0.636002
vt 0.237171 0.633186
vt 0.237171 0.656317
vt 0.819635 0.623525
vt 0.819635 0.638691
vt 0.819236 0.638110
vt 0.824248 0.061509
vt 0.824248 0.076207
vt 0.823823 0.075639
vt 0.836610 0.637025
vt 0.836274 0.636412
vt 0.836610 0.623525
vt 0.832925 0.528361
vt 0.832653 0.527727
vt 0.832925 0.514167
vt 0.836587 0.107937
vt 0.836244 0.107324
vt 0.836587 0.094437
vt 0.826604 0.991678
vt 0.826408 0.991615
vt 0.826604 0.990505
vt 0.940383 0.542648
vt 0.941886 0.542150
vt 0.941886 0.542724
vt 0.976392 0.987478
vt 0.975610 0.987035
vt 0.976392 0.985657
vt 0.987278 0.164295
vt 0.987773 0.164060
vt 0.987773 0.166120
vt 0.986646 0.737430
vt 0.986646 0.739872
vt 0.986106 0.739418
vt 0.991887 0.046627
vt 0.991675 0.046376
vt 0.991887 0.045601
vt 0.138610 0.245274
vt 0.138479 0.245057
vt 0.138610 0.244607
vt 0.138547 0.278403
vt 0.138479 0.278169
vt 0.138547 0.277934
vt 0.994472 0.888240
vt 0.994658 0.888068
vt 0.994658 0.888880
vt 0.993598 0.986814
vt 0.993825 0.986683
vt 0.993825 0.987593
vt 0.138610 0.253646
vt 0.138479 0.253429
vt 0.138610 0.252979
vt 0.138547 0.270229
vt 0.138479 0.269995
vt 0.138547 0.269761
vt 0.994476 0.921449
vt 0.994663 0.921278
vt 0.994663 0.922089
vt 0.987710 0.465814
vt 0.987168 0.465801
vt 0.987710 0.463676
vt 0.995355 0.940023
vt 0.995180 0.939434
vt 0.995355 0.939324
vt 0.275363 0.715819
vt 0.274723 0.716074
vt 0.274711 0.691736
vt 0.275363 0.691481
vt 0.574365 0.209293
vt 0.575293 0.187151
vt 0.579642 0.187303
vt 0.579642 0.211686
vt 0.743720 0.267204
vt 0.743720 0.287523
vt 0.742266 0.287392
vt 0.742253 0.267250
vt 0.312728 0.699840
vt 0.312140 0.688199
vt 0.317593 0.688902
vt 0.317593 0.701840
vt 0.862530 0.498099
vt 0.861840 0.498079
vt 0.861835 0.489173
vt 0.862530 0.489021
vt 0.703121 0.505484
vt 0.703007 0.491164
vt 0.707361 0.492144
vt 0.707361 0.506462
vt 0.834661 0.463676
vt 0.834661 0.475037
vt 0.833326 0.474776
vt 0.833289 0.463923
vt 0.461028 0.618336
vt 0.466681 0.614300
vt 0.466681 0.628648
vt 0.461065 0.632693
vt 0.318886 0.594335
vt 0.312140 0.596263
vt 0.312701 0.577939
vt 0.318886 0.577233
vt 0.769575 0.795712
vt 0.769575 0.809543
vt 0.768448 0.808672
vt 0.768222 0.795832
vt 0.569481 0.006673
vt 0.575758 0.003852
vt 0.575758 0.025560
vt 0.569959 0.026105
vt 0.579939 0.427808
vt 0.574391 0.431642
vt 0.574298 0.410717
vt 0.579939 0.407897
vt 0.918882 0.045601
vt 0.918882 0.048857
vt 0.918238 0.048439
vt 0.918214 0.045751
vt 0.715006 0.061509
vt 0.715006 0.086453
vt 0.714431 0.086037
vt 0.714349 0.061700
vt 0.046338 0.878825
vt 0.047800 0.878754
vt 0.047800 0.884048
vt 0.046338 0.884118
vt 0.986767 0.888068
vt 0.986767 0.890510
vt 0.986227 0.890326
vt 0.986227 0.888164
vt 0.077902 0.877240
vt 0.077902 0.882812
vt 0.076428 0.882756
vt 0.076428 0.877283
vt 0.961074 0.810769
vt 0.960546 0.810648
vt 0.960546 0.808119
vt 0.961074 0.807956
vt 0.672513 0.920829
vt 0.672513 0.923310
vt 0.671470 0.923346
vt 0.671470 0.920785
vt 0.536116 0.666601
vt 0.536102 0.651561
vt 0.541678 0.652433
vt 0.541678 0.667399
vt 0.609705 0.912112
vt 0.610647 0.912080
vt 0.610647 0.915243
vt 0.609705 0.915226
vt 0.667066 0.681818
vt 0.667066 0.696003
vt 0.661608 0.695835
vt 0.661608 0.681711
vt 0.912476 0.859568
vt 0.912476 0.862868
vt 0.911533 0.862872
vt 0.911533 0.859521
vt 0.667060 0.224128
vt 0.664485 0.224901
vt 0.664612 0.221984
vt 0.667060 0.221250
vt 0.803800 0.879972
vt 0.806501 0.879216
vt 0.806501 0.882344
vt 0.803797 0.882939
vt 0.493851 0.909398
vt 0.493851 0.912206
vt 0.492902 0.912473
vt 0.492902 0.909122
vt 0.744341 0.514195
vt 0.744341 0.534270
vt 0.742870 0.534187
vt 0.742869 0.514167
vt 0.216776 0.923017
vt 0.216776 0.920536
vt 0.217820 0.920507
vt 0.217820 0.923067
vt 0.911753 0.708829
vt 0.912694 0.708780
vt 0.912694 0.712132
vt 0.911753 0.712128
vt 0.633494 0.920095
vt 0.634537 0.920042
vt 0.634537 0.922651
vt 0.633494 0.922623
vt 0.302352 0.775969
vt 0.297554 0.776002
vt 0.298203 0.766091
vt 0.302352 0.766069
vt 0.084888 0.627001
vt 0.084888 0.638492
vt 0.077852 0.638337
vt 0.074810 0.631948
vt 0.025417 0.985784
vt 0.025417 0.983254
vt 0.025940 0.983421
vt 0.025940 0.985660
vt 0.415158 0.356410
vt 0.420230 0.354005
vt 0.420230 0.396887
vt 0.414579 0.396847
vt 0.909098 0.183737
vt 0.909098 0.181177
vt 0.910280 0.180929
vt 0.910280 0.184092
vt 0.781816 0.361228
vt 0.783172 0.361213
vt 0.783172 0.377187
vt 0.781787 0.377194
vt 0.355773 0.629693
vt 0.355773 0.640313
vt 0.348839 0.641122
vt 0.346533 0.629046
vt 0.139017 0.829857
vt 0.134134 0.829831
vt 0.134134 0.823853
vt 0.139017 0.823798
vt 0.648568 0.879838
vt 0.647094 0.879842
vt 0.647094 0.873988
vt 0.648568 0.873970
vt 0.265193 0.744690
vt 0.265193 0.746860
vt 0.248368 0.746776
vt 0.248368 0.744761
vt 0.476967 0.332514
vt 0.493038 0.332593
vt 0.493038 0.346221
vt 0.476967 0.346300
vt 0.505404 0.801344
vt 0.505361 0.794254
vt 0.511041 0.794254
vt 0.511041 0.801344
vt 0.014895 0.787162
vt 0.018140 0.787122
vt 0.018140 0.797475
vt 0.014643 0.797518
vt 0.695128 0.826438
vt 0.695128 0.817068
vt 0.697789 0.817832
vt 0.697789 0.826739
vt 0.621945 0.908682
vt 0.618394 0.908739
vt 0.618394 0.907874
vt 0.621945 0.907930
vt 0.855963 0.827606
vt 0.855963 0.837153
vt 0.855271 0.836995
vt 0.855276 0.827624
vt 0.768285 0.818570
vt 0.773876 0.817248
vt 0.773876 0.823004
vt 0.768222 0.823028
vt 0.819039 0.003855
vt 0.819039 0.016582
vt 0.817590 0.016519
vt 0.817589 0.003852
vt 0.590769 0.327505
vt 0.590769 0.322160
vt 0.602768 0.320697
vt 0.602768 0.331080
vt 0.060047 0.127689
vt 0.060047 0.138924
vt 0.013396 0.137843
vt 0.013396 0.128770
vt 0.460362 0.273905
vt 0.464900 0.273889
vt 0.464900 0.312500
vt 0.459496 0.312801
vt 0.648903 0.430756
vt 0.649318 0.407794
vt 0.651501 0.407664
vt 0.651501 0.432002
vt 0.234061 0.834532
vt 0.234061 0.842163
vt 0.231875 0.842098
vt 0.231408 0.834160
vt 0.907802 0.766603
vt 0.907802 0.763957
vt 0.908947 0.763721
vt 0.908947 0.766990
vt 0.139593 0.682721
vt 0.139593 0.696805
vt 0.135080 0.696865
vt 0.134134 0.682693
vt 0.406874 0.449692
vt 0.402100 0.449863
vt 0.401740 0.410132
vt 0.406874 0.408259
vt 0.348383 0.330190
vt 0.348383 0.376386
vt 0.343105 0.376340
vt 0.342500 0.329959
vt 0.587347 0.187182
vt 0.588821 0.187151
vt 0.588821 0.223795
vt 0.587348 0.223873
vt 0.782376 0.192338
vt 0.781359 0.181287
vt 0.784837 0.180929
vt 0.784837 0.192491
vt 0.795143 0.315250
vt 0.793742 0.315108
vt 0.793721 0.300591
vt 0.795143 0.300314
vt 0.523379 0.035206
vt 0.523379 0.082155
vt 0.522188 0.081370
vt 0.521904 0.035223
vt 0.112382 0.567967
vt 0.102639 0.570630
vt 0.103980 0.556543
vt 0.112382 0.554185
vt 0.683479 0.140965
vt 0.677986 0.140675
vt 0.677920 0.127862
vt 0.683479 0.126179
vt 0.914112 0.489065
vt 0.914112 0.492305
vt 0.913171 0.492312
vt 0.913171 0.489021
vt 0.856341 0.773269
vt 0.855654 0.773251
vt 0.855650 0.763880
vt 0.856341 0.763721
vt 0.494248 0.707596
vt 0.489080 0.707026
vt 0.489176 0.695346
vt 0.494248 0.693769
vt 0.784462 0.094475
vt 0.784462 0.105977
vt 0.781198 0.104999
vt 0.780966 0.094437
vt 0.380243 0.386849
vt 0.380243 0.427311
vt 0.374393 0.422543
vt 0.375401 0.385751
vt 0.629560 0.610626
vt 0.629664 0.585683
vt 0.632435 0.585651
vt 0.632435 0.611420
vt 0.104979 0.605125
vt 0.094992 0.607177
vt 0.095096 0.595631
vt 0.104979 0.593841
vt 0.400710 0.668795
vt 0.400710 0.683468
vt 0.395110 0.682646
vt 0.395119 0.668809
vt 0.285781 0.449718
vt 0.291347 0.449047
vt 0.291347 0.485232
vt 0.285784 0.485211
vt 0.793539 0.778802
vt 0.792129 0.778648
vt 0.792105 0.763948
vt 0.793539 0.763721
vt 0.313243 0.091982
vt 0.308630 0.091109
vt 0.308631 0.082339
vt 0.313243 0.081465
vt 0.987156 0.234436
vt 0.986597 0.234325
vt 0.986597 0.232243
vt 0.987156 0.232085
vt 0.217745 0.697248
vt 0.222230 0.697360
vt 0.222230 0.710427
vt 0.216776 0.710436
vt 0.261249 0.880342
vt 0.259786 0.880370
vt 0.259786 0.874524
vt 0.261249 0.874517
vt 0.050487 0.773566
vt 0.046338 0.773591
vt 0.047030 0.762488
vt 0.050487 0.762549
vt 0.785065 0.300386
vt 0.786017 0.300314
vt 0.786017 0.317164
vt 0.785065 0.317236
vt 0.769949 0.764425
vt 0.774166 0.763721
vt 0.774166 0.774526
vt 0.769949 0.773823
vt 0.644541 0.188320
vt 0.647171 0.187151
vt 0.647171 0.211490
vt 0.644985 0.211446
vt 0.383481 0.541116
vt 0.382867 0.514541
vt 0.388313 0.515060
vt 0.388313 0.541993
vt 0.822436 0.541674
vt 0.816855 0.541727
vt 0.817553 0.535873
vt 0.822436 0.535820
vt 0.728922 0.094437
vt 0.728922 0.115477
vt 0.727454 0.115370
vt 0.727456 0.094533
vt 0.743388 0.252977
vt 0.741930 0.252882
vt 0.741922 0.232710
vt 0.743388 0.232606
vt 0.275363 0.723779
vt 0.275363 0.744064
vt 0.273921 0.743898
vt 0.273899 0.723922
vt 0.780620 0.530064
vt 0.779162 0.530005
vt 0.779189 0.514336
vt 0.780620 0.514167
vt 0.994697 0.900321
vt 0.994362 0.900238
vt 0.994362 0.899774
vt 0.994697 0.899663
vt 0.251764 0.588421
vt 0.251764 0.605194
vt 0.245756 0.604364
vt 0.245154 0.586397
vt 0.395110 0.702142
vt 0.395110 0.692175
vt 0.401562 0.691172
vt 0.401562 0.703145
vt 0.528025 0.676658
vt 0.520914 0.678060
vt 0.521119 0.666679
vt 0.528025 0.665204
vt 0.719921 0.905767
vt 0.719921 0.908941
vt 0.718697 0.908537
vt 0.718697 0.906008
vt 0.579108 0.723031
vt 0.579108 0.734245
vt 0.573041 0.733251
vt 0.573041 0.724025
vt 0.584725 0.072010
vt 0.584726 0.035206
vt 0.586198 0.035292
vt 0.586198 0.072050
vt 0.799431 0.751894
vt 0.797977 0.751847
vt 0.797970 0.737490
vt 0.799431 0.737430
vt 0.472336 0.794355
vt 0.475243 0.794083
vt 0.475243 0.805066
vt 0.472336 0.804794
vt 0.246744 0.903996
vt 0.246744 0.907272
vt 0.245559 0.906886
vt 0.245559 0.904276
vt 0.829933 0.192784
vt 0.828538 0.192452
vt 0.828616 0.181327
vt 0.829933 0.180929
vt 0.389246 0.912214
vt 0.389246 0.909406
vt 0.390195 0.909139
vt 0.390195 0.912491
vt 0.251661 0.726022
vt 0.251661 0.736375
vt 0.250166 0.736375
vt 0.245154 0.726022
vt 0.067045 0.918166
vt 0.068087 0.918122
vt 0.068087 0.920833
vt 0.067045 0.920793
vt 0.454650 0.507445
vt 0.454650 0.550321
vt 0.453176 0.550297
vt 0.453176 0.507415
vt 0.776224 0.124272
vt 0.776224 0.140695
vt 0.774749 0.140688
vt 0.774749 0.124248
vt 0.369144 0.757903
vt 0.357738 0.758676
vt 0.357738 0.754182
vt 0.369144 0.754182
vt 0.689739 0.492315
vt 0.695302 0.492310
vt 0.695302 0.506147
vt 0.689739 0.506462
vt 0.719060 0.733378
vt 0.724199 0.731491
vt 0.724199 0.742476
vt 0.718697 0.742679
vt 0.342500 0.388891
vt 0.348397 0.384091
vt 0.348397 0.424532
vt 0.343546 0.425634
vt 0.794580 0.139077
vt 0.793106 0.139074
vt 0.793108 0.124301
vt 0.794580 0.124248
vt 0.290621 0.566750
vt 0.290621 0.587248
vt 0.285026 0.586510
vt 0.284335 0.566150
vt 0.139554 0.725290
vt 0.139554 0.736581
vt 0.134964 0.735981
vt 0.134134 0.724663
vt 0.192236 0.908181
vt 0.193427 0.907857
vt 0.193427 0.910997
vt 0.192236 0.910723
vt 0.260775 0.681618
vt 0.266232 0.681450
vt 0.266232 0.695635
vt 0.260774 0.695743
vt 0.836233 0.915520
vt 0.836233 0.912429
vt 0.837174 0.912407
vt 0.837174 0.915547
vt 0.914343 0.346481
vt 0.915284 0.346455
vt 0.915284 0.349618
vt 0.914343 0.349595
vt 0.464471 0.708200
vt 0.464471 0.731339
vt 0.463765 0.731101
vt 0.463808 0.707969
vt 0.476696 0.757070
vt 0.476696 0.768198
vt 0.472384 0.768179
vt 0.472336 0.757050
vt 0.873455 0.436751
vt 0.873455 0.429903
vt 0.874811 0.429903
vt 0.874811 0.436751
vt 0.003852 0.409102
vt 0.003852 0.407614
vt 0.006804 0.407597
vt 0.006804 0.409119
vt 0.458621 0.047402
vt 0.458621 0.091292
vt 0.454277 0.090856
vt 0.454266 0.047399
vt 0.622913 0.722617
vt 0.618405 0.722612
vt 0.618394 0.708531
vt 0.622913 0.708379
vt 0.760108 0.550501
vt 0.760108 0.568797
vt 0.758644 0.568649
vt 0.758642 0.550443
vt 0.033429 0.670831
vt 0.038633 0.670807
vt 0.038633 0.685366
vt 0.033376 0.685836
vt 0.633499 0.822387
vt 0.633494 0.813310
vt 0.636155 0.813619
vt 0.636155 0.823168
vt 0.677680 0.747143
vt 0.660854 0.747072
vt 0.660854 0.745057
vt 0.677680 0.744973
vt 0.034037 0.767547
vt 0.033376 0.757593
vt 0.038530 0.757593
vt 0.038530 0.767547
vt 0.873167 0.452951
vt 0.873167 0.446316
vt 0.874605 0.446426
vt 0.874605 0.453060
vt 0.764135 0.021564
vt 0.762672 0.021591
vt 0.762674 0.003901
vt 0.764135 0.003852
vt 0.786571 0.683362
vt 0.789145 0.684201
vt 0.789145 0.695415
vt 0.786571 0.696254
vt 0.704079 0.648009
vt 0.702611 0.647962
vt 0.702626 0.625113
vt 0.704079 0.624976
vt 0.825700 0.330157
vt 0.825700 0.342376
vt 0.824385 0.341991
vt 0.824307 0.330424
vt 0.100957 0.771172
vt 0.098194 0.770951
vt 0.098194 0.757388
vt 0.100957 0.757167
vt 0.134234 0.672490
vt 0.134134 0.667344
vt 0.143836 0.665240
vt 0.143836 0.674988
vt 0.835518 0.455598
vt 0.830852 0.455250
vt 0.830852 0.450456
vt 0.835518 0.450017
vt 0.663258 0.500481
vt 0.663258 0.505869
vt 0.650895 0.506462
vt 0.648699 0.500356
vt 0.759859 0.727776
vt 0.758384 0.727791
vt 0.758384 0.709466
vt 0.759859 0.709460
vt 0.459500 0.241625
vt 0.469350 0.241625
vt 0.469350 0.253722
vt 0.454287 0.253722
vt 0.530223 0.906595
vt 0.531470 0.906222
vt 0.531470 0.909337
vt 0.530223 0.909076
vt 0.528397 0.463709
vt 0.528397 0.510341
vt 0.526923 0.510314
vt 0.526923 0.463676
vt 0.952746 0.432568
vt 0.952740 0.429922
vt 0.953343 0.429903
vt 0.953343 0.432710
vt 0.782252 0.003852
vt 0.782252 0.019812
vt 0.780824 0.019622
vt 0.780841 0.003943
vt 0.335548 0.722511
vt 0.330793 0.722365
vt 0.330303 0.710203
vt 0.335548 0.709545
vt 0.097649 0.909570
vt 0.097649 0.907107
vt 0.098904 0.906819
vt 0.098904 0.909911
vt 0.820596 0.422197
vt 0.820355 0.419307
vt 0.828032 0.419348
vt 0.828032 0.422120
vt 0.874401 0.315452
vt 0.874401 0.322155
vt 0.872965 0.321886
vt 0.872956 0.315397
vt 0.792838 0.223409
vt 0.791781 0.223493
vt 0.791781 0.207360
vt 0.792838 0.207277
vt 0.913643 0.380876
vt 0.913643 0.384130
vt 0.912699 0.384136
vt 0.912699 0.380830
vt 0.538864 0.814091
vt 0.538864 0.820110
vt 0.533924 0.820147
vt 0.533394 0.814036
vt 0.545330 0.903637
vt 0.546566 0.903295
vt 0.546566 0.906535
vt 0.545328 0.906235
vt 0.390025 0.791108
vt 0.390025 0.774976
vt 0.391081 0.775059
vt 0.391081 0.791192
vt 0.035946 0.897748
vt 0.035946 0.893666
vt 0.037418 0.893706
vt 0.037418 0.897788
vt 0.074828 0.366053
vt 0.074828 0.371133
vt 0.028699 0.370608
vt 0.028248 0.366264
vt 0.247721 0.962214
vt 0.247721 0.963203
vt 0.245830 0.963203
vt 0.245559 0.962214
vt 0.361696 0.411765
vt 0.361696 0.451135
vt 0.356247 0.450796
vt 0.356133 0.411158
vt 0.020614 0.620863
vt 0.020707 0.608433
vt 0.027205 0.608454
vt 0.027205 0.625593
vt 0.171632 0.380426
vt 0.171632 0.365364
vt 0.190027 0.365364
vt 0.190027 0.384077
vt 0.589745 0.902899
vt 0.589745 0.906154
vt 0.588472 0.905747
vt 0.588474 0.903138
vt 0.119997 0.713458
vt 0.124787 0.713373
vt 0.124787 0.726502
vt 0.119836 0.726577
vt 0.057398 0.882163
vt 0.057395 0.879196
vt 0.060099 0.879791
vt 0.060099 0.882919
vt 0.261259 0.901758
vt 0.261259 0.904860
vt 0.259786 0.904794
vt 0.259786 0.901692
vt 0.817549 0.873187
vt 0.817549 0.879194
vt 0.816076 0.879187
vt 0.816075 0.873168
vt 0.870238 0.489028
vt 0.871700 0.489021
vt 0.871700 0.495941
vt 0.870235 0.495992
vt 0.097735 0.886403
vt 0.097649 0.883405
vt 0.100378 0.883912
vt 0.100378 0.886894
vt 0.924012 0.112378
vt 0.923267 0.112351
vt 0.923269 0.109795
vt 0.924012 0.109491
vt 0.760297 0.062012
vt 0.760297 0.080597
vt 0.759153 0.080022
vt 0.759295 0.061509
vt 0.634939 0.877784
vt 0.633494 0.877888
vt 0.633503 0.871882
vt 0.634939 0.871619
vt 0.887906 0.701016
vt 0.887906 0.696637
vt 0.889374 0.696646
vt 0.889374 0.701070
vt 0.048046 0.647077
vt 0.048046 0.654325
vt 0.035036 0.653996
vt 0.034599 0.648153
vt 0.622163 0.495250
vt 0.620710 0.495287
vt 0.620715 0.463755
vt 0.622163 0.463676
vt 0.841976 0.232098
vt 0.841976 0.242235
vt 0.840509 0.242222
vt 0.840509 0.232085
vt 0.516929 0.918580
vt 0.516929 0.921207
vt 0.515887 0.921240
vt 0.515887 0.918530
vt 0.995478 0.164410
vt 0.995478 0.164060
vt 0.995858 0.164122
vt 0.995858 0.164366
vt 0.633502 0.785914
vt 0.633494 0.779066
vt 0.639998 0.779040
vt 0.639998 0.786228
vt 0.721190 0.870710
vt 0.721190 0.874505
vt 0.718697 0.873006
vt 0.719169 0.869330
vt 0.854512 0.361228
vt 0.854512 0.369539
vt 0.853076 0.369357
vt 0.853053 0.361213
vt 0.593259 0.802417
vt 0.593259 0.808219
vt 0.588552 0.806336
vt 0.588472 0.800490
vt 0.913084 0.194949
vt 0.913084 0.198225
vt 0.912142 0.198242
vt 0.912142 0.194915
vt 0.559332 0.963589
vt 0.559326 0.961077
vt 0.559956 0.961084
vt 0.559956 0.963750
vt 0.735164 0.537132
vt 0.734551 0.537466
vt 0.734496 0.514336
vt 0.735164 0.514167
vt 0.923999 0.696637
vt 0.923999 0.699524
vt 0.923257 0.699220
vt 0.923255 0.696664
vt 0.700225 0.659268
vt 0.700225 0.674348
vt 0.695824 0.673633
vt 0.695821 0.658576
vt 0.071768 0.420890
vt 0.065940 0.420941
vt 0.066401 0.379510
vt 0.071768 0.378838
vt 0.191613 0.704299
vt 0.191607 0.691500
vt 0.196174 0.690486
vt 0.196174 0.705526
vt 0.511312 0.339437
vt 0.516757 0.338784
vt 0.516757 0.371357
vt 0.511231 0.371020
vt 0.732610 0.732598
vt 0.731947 0.732829
vt 0.731903 0.709698
vt 0.732610 0.709460
vt 0.232882 0.871223
vt 0.232882 0.877488
vt 0.231408 0.877504
vt 0.231408 0.871193
vt 0.364105 0.085475
vt 0.376104 0.081900
vt 0.376104 0.092282
vt 0.364105 0.090819
vt 0.097180 0.653872
vt 0.109610 0.654553
vt 0.109610 0.660089
vt 0.094992 0.660209
vt 0.647750 0.553558
vt 0.647750 0.577897
vt 0.645119 0.576729
vt 0.645563 0.553602
vt 0.153121 0.895014
vt 0.151661 0.894971
vt 0.151657 0.890571
vt 0.153121 0.890493
vt 0.652328 0.444419
vt 0.660865 0.444082
vt 0.660865 0.455673
vt 0.652328 0.455476
vt 0.261184 0.704384
vt 0.266896 0.703448
vt 0.266896 0.714452
vt 0.260774 0.715566
vt 0.034487 0.460992
vt 0.039937 0.460158
vt 0.039937 0.495603
vt 0.034394 0.495534
vt 0.652729 0.058003
vt 0.651254 0.058022
vt 0.651255 0.029910
vt 0.652729 0.029891
vt 0.540893 0.314437
vt 0.538718 0.314300
vt 0.539643 0.274577
vt 0.540893 0.273889
vt 0.356597 0.905514
vt 0.357804 0.905106
vt 0.357804 0.908325
vt 0.356597 0.908078
vt 0.245568 0.870680
vt 0.245559 0.869213
vt 0.251282 0.869087
vt 0.251282 0.871254
vt 0.078003 0.676802
vt 0.078000 0.666628
vt 0.086537 0.666436
vt 0.086537 0.677330
vt 0.851530 0.700982
vt 0.851527 0.699137
vt 0.852978 0.699275
vt 0.852978 0.701014
vt 0.591937 0.264479
vt 0.591937 0.265954
vt 0.587893 0.265954
vt 0.587893 0.264479
vt 0.878842 0.874785
vt 0.878842 0.880576
vt 0.877379 0.880567
vt 0.877378 0.874765
vt 0.483271 0.973819
vt 0.481915 0.973822
vt 0.481918 0.972239
vt 0.483271 0.972131
vt 0.100378 0.875700
vt 0.099703 0.875548
vt 0.099786 0.868103
vt 0.100378 0.867748
vt 0.082537 0.137684
vt 0.082537 0.126449
vt 0.112552 0.123120
vt 0.112552 0.153424
vt 0.868867 0.911608
vt 0.868867 0.914755
vt 0.867922 0.914771
vt 0.867922 0.911574
vt 0.472336 0.915108
vt 0.472336 0.911926
vt 0.473277 0.911965
vt 0.473277 0.915098
vt 0.875808 0.061509
vt 0.875808 0.069461
vt 0.875216 0.069106
vt 0.875133 0.061661
vt 0.975976 0.995183
vt 0.975976 0.995558
vt 0.975610 0.995558
vt 0.975610 0.995183
vt 0.988925 0.360796
vt 0.988925 0.362397
vt 0.988268 0.362397
vt 0.988268 0.360796
vt 0.193433 0.877280
vt 0.193431 0.870965
vt 0.194900 0.870989
vt 0.194900 0.877334
vt 0.015378 0.409595
vt 0.014674 0.363451
vt 0.019722 0.363440
vt 0.019722 0.410031
vt 0.618411 0.831897
vt 0.621507 0.830865
vt 0.621507 0.838404
vt 0.618394 0.838427
vt 0.508279 0.755191
vt 0.508279 0.768963
vt 0.507040 0.768963
vt 0.505361 0.755191
vt 0.920245 0.333337
vt 0.919549 0.333263
vt 0.919587 0.330575
vt 0.920245 0.330157
vt 0.533580 0.013226
vt 0.533436 0.003852
vt 0.545533 0.003964
vt 0.545533 0.018447
vt 0.245160 0.663963
vt 0.250698 0.662172
vt 0.250698 0.677750
vt 0.245154 0.677735
vt 0.451291 0.708228
vt 0.456060 0.707969
vt 0.456060 0.720908
vt 0.451277 0.721811
vt 0.311772 0.828613
vt 0.310388 0.828244
vt 0.310463 0.816953
vt 0.311772 0.816546
vt 0.449989 0.606881
vt 0.452864 0.606087
vt 0.452864 0.631856
vt 0.450092 0.631825
vt 0.522176 0.251080
vt 0.522176 0.263901
vt 0.512074 0.261786
vt 0.510823 0.247677
vt 0.714361 0.550443
vt 0.715806 0.550443
vt 0.715806 0.572464
vt 0.714358 0.572543
vt 0.320391 0.618616
vt 0.312140 0.615355
vt 0.320391 0.603967
vt 0.231784 0.995434
vt 0.231784 0.995796
vt 0.231408 0.995725
vt 0.231408 0.995471
vt 0.587495 0.455773
vt 0.587276 0.454449
vt 0.597628 0.452620
vt 0.597628 0.455887
vt 0.558662 0.727117
vt 0.560157 0.727336
vt 0.560157 0.737470
vt 0.553657 0.737472
vt 0.263273 0.649104
vt 0.260774 0.639317
vt 0.270116 0.639978
vt 0.270116 0.650645
vt 0.513252 0.238889
vt 0.510447 0.238861
vt 0.510447 0.237438
vt 0.513252 0.237411
vt 0.303239 0.718685
vt 0.297554 0.719140
vt 0.298587 0.707117
vt 0.303239 0.706619
vt 0.224786 0.601690
vt 0.234267 0.600067
vt 0.234267 0.611238
vt 0.223410 0.611696
vt 0.534123 0.772938
vt 0.533394 0.763033
vt 0.538271 0.763060
vt 0.538271 0.772960
vt 0.020614 0.572328
vt 0.021351 0.559985
vt 0.031247 0.557103
vt 0.031247 0.571255
vt 0.599042 0.595650
vt 0.599042 0.557205
vt 0.599708 0.557451
vt 0.599708 0.595648
vt 0.126381 0.877746
vt 0.126381 0.880850
vt 0.123605 0.880077
vt 0.123587 0.876897
vt 0.772754 0.029894
vt 0.772754 0.046933
vt 0.771323 0.046814
vt 0.771308 0.029891
vt 0.334511 0.689699
vt 0.334511 0.700978
vt 0.328641 0.700416
vt 0.328303 0.688551
vt 0.100307 0.719640
vt 0.094734 0.720232
vt 0.094745 0.708376
vt 0.100307 0.707573
vt 0.852987 0.542738
vt 0.852299 0.542729
vt 0.852297 0.533053
vt 0.852987 0.532879
vt 0.718697 0.887279
vt 0.718697 0.882209
vt 0.720158 0.882276
vt 0.720158 0.887346
vt 0.680324 0.188009
vt 0.680324 0.202647
vt 0.674956 0.201960
vt 0.674832 0.187151
vt 0.076468 0.803502
vt 0.079604 0.801528
vt 0.079604 0.810598
vt 0.076428 0.811344
vt 0.530919 0.917041
vt 0.530919 0.920221
vt 0.530261 0.919804
vt 0.530223 0.917116
vt 0.135319 0.520181
vt 0.135319 0.532278
vt 0.125470 0.532278
vt 0.120257 0.520181
vt 0.536390 0.780665
vt 0.536390 0.792601
vt 0.533394 0.792448
vt 0.533394 0.780818
vt 0.917620 0.220579
vt 0.917620 0.223808
vt 0.916971 0.223386
vt 0.916909 0.220552
vt 0.369164 0.872602
vt 0.369164 0.876689
vt 0.367096 0.875188
vt 0.367365 0.871297
vt 0.330276 0.580417
vt 0.338882 0.575370
vt 0.338882 0.586731
vt 0.329737 0.590943
vt 0.515887 0.873076
vt 0.517956 0.871576
vt 0.517956 0.875662
vt 0.516157 0.876968
vt 0.877567 0.330157
vt 0.877567 0.337788
vt 0.877005 0.337373
vt 0.876893 0.330306
vt 0.546333 0.147443
vt 0.546333 0.099987
vt 0.547156 0.100272
vt 0.547156 0.147419
vt 0.223426 0.393404
vt 0.227767 0.392926
vt 0.227767 0.439564
vt 0.223410 0.439608
vt 0.830318 0.541698
vt 0.830141 0.536154
vt 0.835049 0.536280
vt 0.835049 0.541727
vt 0.674464 0.786647
vt 0.674464 0.797988
vt 0.671470 0.797809
vt 0.671470 0.786826
vt 0.695128 0.841715
vt 0.695245 0.834460
vt 0.698016 0.834444
vt 0.698016 0.841977
vt 0.515887 0.985426
vt 0.515887 0.983951
vt 0.517324 0.983956
vt 0.517324 0.985431
vt 0.445090 0.834905
vt 0.447979 0.834642
vt 0.447979 0.842176
vt 0.445207 0.842159
vt 0.853532 0.267210
vt 0.853532 0.275692
vt 0.852057 0.275687
vt 0.852057 0.267204
vt 0.505361 0.726201
vt 0.505442 0.716622
vt 0.510900 0.717446
vt 0.510900 0.728825
vt 0.869396 0.887566
vt 0.869396 0.892193
vt 0.867923 0.892115
vt 0.867922 0.887534
vt 0.014643 0.905079
vt 0.015968 0.904747
vt 0.015968 0.907833
vt 0.014645 0.907553
vt 0.573160 0.693035
vt 0.573041 0.682369
vt 0.579960 0.683721
vt 0.579960 0.694455
vt 0.563592 0.569320
vt 0.563592 0.580752
vt 0.554983 0.575401
vt 0.553657 0.565420
vt 0.698412 0.094437
vt 0.698412 0.117652
vt 0.696957 0.117534
vt 0.696945 0.094498
vt 0.487754 0.019787
vt 0.474877 0.022345
vt 0.475056 0.006363
vt 0.487754 0.003852
vt 0.879338 0.565906
vt 0.880804 0.565836
vt 0.880804 0.571498
vt 0.879338 0.571585
vt 0.641939 0.335962
vt 0.646013 0.335705
vt 0.646013 0.354310
vt 0.641168 0.354612
vt 0.583816 0.395015
vt 0.583327 0.384927
vt 0.592292 0.389339
vt 0.592292 0.400192
vt 0.724208 0.061527
vt 0.724208 0.082754
vt 0.722710 0.082645
vt 0.722745 0.061509
vt 0.599997 0.400127
vt 0.599997 0.383299
vt 0.600292 0.383365
vt 0.600292 0.400192
vt 0.189257 0.391824
vt 0.189257 0.438456
vt 0.184892 0.437980
vt 0.184888 0.391782
vt 0.383773 0.470651
vt 0.388313 0.470134
vt 0.388313 0.506826
vt 0.383772 0.506836
vt 0.401025 0.059271
vt 0.401320 0.059206
vt 0.401320 0.076037
vt 0.401025 0.076102
vt 0.966823 0.994992
vt 0.966823 0.995368
vt 0.966450 0.995303
vt 0.966450 0.995041
vt 0.266391 0.583070
vt 0.266391 0.603212
vt 0.261023 0.602524
vt 0.260774 0.582362
vt 0.338828 0.611746
vt 0.338828 0.622916
vt 0.331175 0.617202
vt 0.329737 0.609460
vt 0.814364 0.602076
vt 0.814364 0.615391
vt 0.813028 0.615155
vt 0.813008 0.602141
vt 0.784041 0.671306
vt 0.782763 0.671380
vt 0.782763 0.655248
vt 0.784041 0.655173
vt 0.216776 0.621601
vt 0.216776 0.619401
vt 0.234267 0.619401
vt 0.234267 0.625481
vt 0.790159 0.894205
vt 0.791634 0.894177
vt 0.791634 0.898220
vt 0.790159 0.898248
vt 0.632605 0.089793
vt 0.628344 0.090519
vt 0.627875 0.070959
vt 0.632605 0.069797
vt 0.921860 0.603864
vt 0.921191 0.603705
vt 0.921192 0.601149
vt 0.921860 0.600760
vt 0.518551 0.887441
vt 0.515887 0.888106
vt 0.516019 0.885305
vt 0.518551 0.884672
vt 0.504271 0.623698
vt 0.498793 0.624724
vt 0.499314 0.607841
vt 0.504271 0.605382
vt 0.553238 0.016206
vt 0.554210 0.003852
vt 0.561776 0.008120
vt 0.561776 0.022816
vt 0.921247 0.592428
vt 0.921247 0.590235
vt 0.922145 0.590235
vt 0.922145 0.593048
vt 0.190050 0.543012
vt 0.177953 0.543124
vt 0.178097 0.533750
vt 0.190050 0.528529
vt 0.340926 0.552939
vt 0.340926 0.567346
vt 0.329737 0.567665
vt 0.332778 0.553905
vt 0.913256 0.686112
vt 0.913256 0.683446
vt 0.914256 0.683243
vt 0.914256 0.686426
vt 0.035845 0.216654
vt 0.044843 0.213370
vt 0.044843 0.260033
vt 0.033611 0.260294
vt 0.855647 0.039042
vt 0.854955 0.039039
vt 0.854953 0.029669
vt 0.855647 0.029493
vt 0.747638 0.643341
vt 0.746172 0.643238
vt 0.746187 0.623672
vt 0.747638 0.623525
vt 0.814395 0.786506
vt 0.814395 0.799846
vt 0.813050 0.799659
vt 0.813051 0.786693
vt 0.791514 0.886472
vt 0.790159 0.886413
vt 0.790248 0.881699
vt 0.791514 0.881158
vt 0.298119 0.885219
vt 0.296763 0.885220
vt 0.296801 0.880204
vt 0.298119 0.879857
vt 0.057873 0.673334
vt 0.057043 0.666436
vt 0.070295 0.666681
vt 0.070295 0.672763
vt 0.816579 0.737430
vt 0.816579 0.750229
vt 0.815136 0.750116
vt 0.815149 0.737509
vt 0.231408 0.761615
vt 0.231408 0.749760
vt 0.235778 0.749760
vt 0.235778 0.761615
vt 0.120257 0.138823
vt 0.120271 0.127588
vt 0.150291 0.123120
vt 0.150291 0.152680
vt 0.731903 0.905140
vt 0.733187 0.904714
vt 0.733187 0.907848
vt 0.731906 0.907652
vt 0.059511 0.719267
vt 0.065025 0.718672
vt 0.065025 0.729799
vt 0.059459 0.730617
vt 0.244544 0.345207
vt 0.244544 0.388663
vt 0.239026 0.386946
vt 0.238238 0.344983
vt 0.389001 0.174778
vt 0.370607 0.174778
vt 0.370607 0.159715
vt 0.389001 0.156064
vt 0.874737 0.674808
vt 0.871943 0.675657
vt 0.871961 0.672477
vt 0.874737 0.671704
vt 0.110612 0.822950
vt 0.108662 0.821883
vt 0.108662 0.812802
vt 0.110612 0.811736
vt 0.624407 0.264060
vt 0.622959 0.264107
vt 0.622965 0.232693
vt 0.624407 0.232606
vt 0.271932 0.463739
vt 0.271932 0.495193
vt 0.265552 0.494352
vt 0.265447 0.464154
vt 0.893762 0.017410
vt 0.893762 0.021779
vt 0.892288 0.021761
vt 0.892288 0.017404
vt 0.815501 0.352385
vt 0.818745 0.351445
vt 0.818745 0.352940
vt 0.815500 0.352936
vt 0.222338 0.666776
vt 0.216776 0.667578
vt 0.216966 0.652381
vt 0.222338 0.651736
vt 0.349391 0.733000
vt 0.349391 0.745218
vt 0.344974 0.744613
vt 0.344963 0.732480
vt 0.414494 0.877303
vt 0.414494 0.882870
vt 0.413020 0.882867
vt 0.413020 0.877303
vt 0.764119 0.138347
vt 0.764119 0.124248
vt 0.767044 0.125311
vt 0.767044 0.137284
vt 0.567137 0.077768
vt 0.566292 0.077243
vt 0.566315 0.035871
vt 0.567137 0.035206
vt 0.918934 0.020660
vt 0.918266 0.020510
vt 0.918289 0.017822
vt 0.918934 0.017404
vt 0.006064 0.433808
vt 0.005907 0.417736
vt 0.019722 0.420675
vt 0.019722 0.436747
vt 0.884296 0.198556
vt 0.884169 0.195639
vt 0.886744 0.196412
vt 0.886744 0.199291
vt 0.280911 0.092264
vt 0.280911 0.103696
vt 0.272302 0.097616
vt 0.273461 0.086127
vt 0.845913 0.807956
vt 0.845913 0.817546
vt 0.844557 0.817546
vt 0.844557 0.807956
vt 0.582057 0.642507
vt 0.572816 0.643123
vt 0.576977 0.631237
vt 0.582057 0.631889
vt 0.216776 0.809425
vt 0.216776 0.795948
vt 0.218122 0.795773
vt 0.218122 0.809600
vt 0.681995 0.836543
vt 0.686365 0.836543
vt 0.686365 0.841857
vt 0.681995 0.841857
vt 0.615291 0.089607
vt 0.615767 0.069797
vt 0.620170 0.070500
vt 0.620170 0.090785
vt 0.322032 0.555466
vt 0.322032 0.569528
vt 0.313450 0.567308
vt 0.312140 0.552939
vt 0.913076 0.623580
vt 0.914018 0.623525
vt 0.914018 0.626816
vt 0.913076 0.626820
vt 0.482528 0.354018
vt 0.482528 0.390824
vt 0.476968 0.390190
vt 0.476967 0.354005
vt 0.125749 0.457067
vt 0.125749 0.493204
vt 0.120257 0.492532
vt 0.120267 0.457086
vt 0.696066 0.141424
vt 0.691225 0.141410
vt 0.691184 0.127132
vt 0.696066 0.126179
vt 0.734217 0.232606
vt 0.734217 0.253301
vt 0.732752 0.253135
vt 0.732748 0.232631
vt 0.592276 0.139456
vt 0.591595 0.139455
vt 0.591592 0.100432
vt 0.592276 0.099987
vt 0.245154 0.717679
vt 0.245647 0.705122
vt 0.250421 0.704977
vt 0.250421 0.718317
vt 0.380672 0.451135
vt 0.372387 0.449989
vt 0.369401 0.435648
vt 0.380672 0.436190
vt 0.530249 0.176778
vt 0.530872 0.154963
vt 0.536581 0.154950
vt 0.536581 0.179447
vt 0.689903 0.322171
vt 0.694618 0.322171
vt 0.694618 0.326461
vt 0.689887 0.326482
vt 0.098171 0.985847
vt 0.097649 0.985723
vt 0.097649 0.983484
vt 0.098171 0.983318
vt 0.912995 0.902647
vt 0.912032 0.902969
vt 0.912032 0.899663
vt 0.912995 0.899878
vt 0.443136 0.699335
vt 0.443136 0.704415
vt 0.429990 0.704509
vt 0.429546 0.699284
vt 0.373465 0.593120
vt 0.373465 0.613956
vt 0.368688 0.612865
vt 0.368656 0.592123
vt 0.285774 0.841700
vt 0.283121 0.842072
vt 0.283588 0.834133
vt 0.285774 0.834069
vt 0.492902 0.920226
vt 0.493944 0.920178
vt 0.493944 0.922787
vt 0.492902 0.922754
vt 0.846736 0.914090
vt 0.845795 0.914126
vt 0.845795 0.910857
vt 0.846736 0.910872
vt 0.226766 0.643806
vt 0.216776 0.644031
vt 0.218844 0.634522
vt 0.226766 0.633186
vt 0.507983 0.678132
vt 0.513168 0.677888
vt 0.513168 0.689023
vt 0.505361 0.688184
vt 0.828168 0.647468
vt 0.827805 0.644815
vt 0.835236 0.645270
vt 0.835236 0.647457
vt 0.688343 0.407664
vt 0.693929 0.407664
vt 0.693929 0.421828
vt 0.688343 0.421828
vt 0.680719 0.224516
vt 0.674832 0.224516
vt 0.674832 0.210352
vt 0.680719 0.210352
vt 0.802217 0.375559
vt 0.800743 0.375535
vt 0.800743 0.361251
vt 0.802217 0.361213
vt 0.015070 0.353456
vt 0.014674 0.306079
vt 0.020242 0.306008
vt 0.020242 0.355735
vt 0.314043 0.923582
vt 0.312568 0.923609
vt 0.312568 0.921608
vt 0.314043 0.921582
vt 0.734073 0.740545
vt 0.734073 0.757371
vt 0.732058 0.757361
vt 0.731903 0.740534
vt 0.660679 0.434725
vt 0.659206 0.434700
vt 0.659501 0.408460
vt 0.660679 0.407664
vt 0.443076 0.871509
vt 0.443076 0.878764
vt 0.442404 0.878620
vt 0.442446 0.871183
vt 0.559386 0.830449
vt 0.559326 0.826175
vt 0.564466 0.826251
vt 0.564466 0.831747
vt 0.559327 0.878399
vt 0.562237 0.877901
vt 0.562237 0.881131
vt 0.559326 0.881521
vt 0.022044 0.461282
vt 0.026689 0.460158
vt 0.026689 0.495651
vt 0.021126 0.495672
vt 0.589117 0.444081
vt 0.587643 0.444114
vt 0.587644 0.407977
vt 0.589117 0.407897
vt 0.825584 0.463778
vt 0.825584 0.475928
vt 0.824212 0.475558
vt 0.824191 0.463676
vt 0.355003 0.522619
vt 0.355003 0.524067
vt 0.312876 0.524012
vt 0.312140 0.522800
vt 0.035946 0.885030
vt 0.035946 0.880881
vt 0.037450 0.880845
vt 0.037450 0.885961
vt 0.203108 0.784384
vt 0.191607 0.784268
vt 0.191607 0.781234
vt 0.203108 0.781117
vt 0.974227 0.397712
vt 0.974227 0.400327
vt 0.973664 0.400173
vt 0.973664 0.397822
vt 0.328007 0.921378
vt 0.329050 0.921336
vt 0.329050 0.923877
vt 0.328007 0.923842
vt 0.035946 0.972979
vt 0.038028 0.972793
vt 0.038028 0.973782
vt 0.035946 0.973782
vt 0.386658 0.605937
vt 0.382090 0.606165
vt 0.382288 0.582950
vt 0.386658 0.582903
vt 0.719644 0.180316
vt 0.719644 0.201973
vt 0.718197 0.201888
vt 0.718180 0.180312
vt 0.666820 0.703708
vt 0.666820 0.717194
vt 0.661849 0.715849
vt 0.661608 0.704282
vt 0.837708 0.894236
vt 0.836233 0.894235
vt 0.836234 0.889649
vt 0.837708 0.889630
vt 0.506034 0.876897
vt 0.508183 0.875416
vt 0.508183 0.878968
vt 0.506313 0.880256
vt 0.754967 0.003887
vt 0.754967 0.020715
vt 0.752952 0.020683
vt 0.752798 0.003852
vt 0.561770 0.865921
vt 0.561770 0.870197
vt 0.559326 0.868660
vt 0.559677 0.864522
vt 0.917685 0.672736
vt 0.916974 0.672763
vt 0.917036 0.669929
vt 0.917685 0.669507
vt 0.177860 0.725042
vt 0.177860 0.735402
vt 0.176365 0.735402
vt 0.171354 0.725042
vt 0.578641 0.762176
vt 0.578641 0.770223
vt 0.573546 0.769212
vt 0.573041 0.761065
vt 0.881868 0.021367
vt 0.881780 0.018416
vt 0.884583 0.018842
vt 0.884583 0.021779
vt 0.193676 0.896203
vt 0.193676 0.900152
vt 0.192240 0.900152
vt 0.192236 0.896178
vt 0.443879 0.891174
vt 0.442404 0.891203
vt 0.442404 0.886498
vt 0.443879 0.886469
vt 0.436803 0.466911
vt 0.436910 0.427913
vt 0.441789 0.427636
vt 0.441789 0.467609
vt 0.026529 0.825780
vt 0.030307 0.825430
vt 0.030307 0.832065
vt 0.026375 0.832428
vt 0.108662 0.762321
vt 0.108662 0.757167
vt 0.118616 0.757828
vt 0.118616 0.762321
vt 0.028147 0.874163
vt 0.026125 0.875543
vt 0.025653 0.871867
vt 0.028147 0.870368
vt 0.652646 0.812787
vt 0.652646 0.818338
vt 0.646558 0.817752
vt 0.646639 0.812813
vt 0.131703 0.552650
vt 0.120257 0.555184
vt 0.121465 0.541174
vt 0.131703 0.539983
vt 0.140020 0.716198
vt 0.134134 0.716958
vt 0.134198 0.704583
vt 0.140020 0.704570
vt 0.388780 0.004133
vt 0.388780 0.050519
vt 0.384453 0.050285
vt 0.383201 0.003852
vt 0.520254 0.099987
vt 0.520254 0.132515
vt 0.514941 0.131867
vt 0.514876 0.100327
vt 0.861792 0.380834
vt 0.861792 0.389904
vt 0.861070 0.389737
vt 0.861079 0.380830
vt 0.771786 0.111327
vt 0.771786 0.094437
vt 0.773261 0.094440
vt 0.773261 0.111341
vt 0.632111 0.233347
vt 0.635000 0.232606
vt 0.635000 0.257734
vt 0.632229 0.257683
vt 0.488235 0.162994
vt 0.488235 0.178926
vt 0.475539 0.176418
vt 0.475358 0.160436
vt 0.177545 0.636552
vt 0.177545 0.649391
vt 0.169411 0.645866
vt 0.714944 0.292149
vt 0.714288 0.291957
vt 0.714370 0.267621
vt 0.714944 0.267204
vt 0.284373 0.597799
vt 0.289747 0.594952
vt 0.289747 0.614949
vt 0.284335 0.612148
vt 0.126429 0.620115
vt 0.117337 0.622402
vt 0.118774 0.614660
vt 0.126429 0.608944
vt 0.347297 0.818268
vt 0.344963 0.818268
vt 0.344963 0.808466
vt 0.347297 0.807344
vt 0.643088 0.613817
vt 0.643088 0.617073
vt 0.640148 0.616570
vt 0.640140 0.613261
vt 0.310389 0.410097
vt 0.309688 0.363153
vt 0.314758 0.363153
vt 0.314758 0.410531
vt 0.815011 0.463676
vt 0.816486 0.463676
vt 0.816486 0.476490
vt 0.815011 0.476508
vt 0.442284 0.607098
vt 0.442284 0.625423
vt 0.437362 0.622978
vt 0.436803 0.606087
vt 0.048522 0.494492
vt 0.047642 0.460158
vt 0.053124 0.460178
vt 0.053124 0.495624
vt 0.749946 0.429903
vt 0.749946 0.449380
vt 0.748489 0.449189
vt 0.748502 0.430010
vt 0.741782 0.729883
vt 0.740314 0.729834
vt 0.740326 0.709576
vt 0.741782 0.709460
vt 0.272765 0.878845
vt 0.271292 0.878855
vt 0.271292 0.872721
vt 0.272765 0.872729
vt 0.994686 0.737430
vt 0.994686 0.738088
vt 0.994350 0.737977
vt 0.994350 0.737513
vt 0.755878 0.903318
vt 0.755878 0.906466
vt 0.754565 0.906088
vt 0.754565 0.903564
vt 0.526373 0.699612
vt 0.520914 0.699581
vt 0.520914 0.685795
vt 0.526373 0.685765
vt 0.238238 0.436912
vt 0.238756 0.396368
vt 0.243621 0.396525
vt 0.243621 0.438764
vt 0.555732 0.166780
vt 0.555732 0.179447
vt 0.545494 0.178256
vt 0.544286 0.164246
vt 0.159088 0.841526
vt 0.151657 0.841982
vt 0.152020 0.839328
vt 0.159088 0.839339
vt 0.448910 0.748823
vt 0.451828 0.746447
vt 0.451828 0.761078
vt 0.448910 0.761078
vt 0.823147 0.444292
vt 0.822597 0.444238
vt 0.822695 0.430268
vt 0.823147 0.429903
vt 0.706736 0.018159
vt 0.702388 0.019164
vt 0.702388 0.004857
vt 0.706736 0.003852
vt 0.229769 0.385070
vt 0.223642 0.385221
vt 0.223410 0.342361
vt 0.229769 0.341374
vt 0.909628 0.446316
vt 0.909628 0.449408
vt 0.908372 0.449068
vt 0.908372 0.446604
vt 0.912029 0.888390
vt 0.912991 0.888068
vt 0.912991 0.891374
vt 0.912029 0.891159
vt 0.907805 0.775025
vt 0.909051 0.774695
vt 0.909051 0.777828
vt 0.907802 0.777538
vt 0.688568 0.441702
vt 0.688568 0.455673
vt 0.683008 0.455576
vt 0.683008 0.441412
vt 0.395121 0.588591
vt 0.400018 0.587490
vt 0.400018 0.608530
vt 0.395110 0.609517
vt 0.566002 0.273927
vt 0.566849 0.273889
vt 0.566849 0.316447
vt 0.566025 0.316479
vt 0.536102 0.697080
vt 0.540624 0.696101
vt 0.540624 0.710930
vt 0.536108 0.710918
vt 0.054422 0.604154
vt 0.052947 0.604156
vt 0.052947 0.601620
vt 0.054422 0.601619
vt 0.087214 0.962016
vt 0.087814 0.961898
vt 0.087814 0.964524
vt 0.087209 0.964490
vt 0.238365 0.805398
vt 0.238365 0.810606
vt 0.231417 0.810597
vt 0.231408 0.805407
vt 0.640163 0.099664
vt 0.644570 0.099649
vt 0.644570 0.119907
vt 0.640146 0.119989
vt 0.669611 0.056487
vt 0.669611 0.055366
vt 0.673405 0.055307
vt 0.673405 0.056546
vt 0.607586 0.070783
vt 0.607586 0.091823
vt 0.602690 0.090722
vt 0.602679 0.069797
vt 0.614928 0.261226
vt 0.614928 0.265515
vt 0.610213 0.265515
vt 0.610197 0.261204
vt 0.559041 0.668428
vt 0.559041 0.683047
vt 0.553693 0.683022
vt 0.553657 0.667957
vt 0.506829 0.837213
vt 0.505361 0.837228
vt 0.505362 0.826425
vt 0.506829 0.826421
vt 0.784757 0.167161
vt 0.784757 0.150245
vt 0.785709 0.150317
vt 0.785709 0.167233
vt 0.529539 0.273915
vt 0.531013 0.273889
vt 0.531013 0.320087
vt 0.529539 0.320119
vt 0.643468 0.642079
vt 0.637646 0.642063
vt 0.637558 0.629693
vt 0.643468 0.624976
vt 0.816496 0.563282
vt 0.815027 0.563186
vt 0.815063 0.550653
vt 0.816496 0.550443
vt 0.605604 0.438208
vt 0.611203 0.435306
vt 0.611203 0.455591
vt 0.605599 0.452761
vt 0.150271 0.499149
vt 0.147323 0.499705
vt 0.147331 0.496396
vt 0.150271 0.495893
vt 0.467653 0.176507
vt 0.453838 0.179447
vt 0.453995 0.163375
vt 0.467653 0.160436
vt 0.789799 0.529489
vt 0.788325 0.529471
vt 0.788326 0.514225
vt 0.789799 0.514167
vt 0.194313 0.840341
vt 0.194313 0.847408
vt 0.191607 0.846433
vt 0.191607 0.840285
vt 0.603599 0.816364
vt 0.603599 0.826166
vt 0.600963 0.824674
vt 0.601265 0.816364
vt 0.559111 0.690751
vt 0.559111 0.704250
vt 0.553657 0.704195
vt 0.553657 0.690804
vt 0.728818 0.201352
vt 0.727352 0.201256
vt 0.727349 0.180420
vt 0.728818 0.180312
vt 0.733424 0.082194
vt 0.731913 0.082202
vt 0.731926 0.061617
vt 0.733424 0.061509
vt 0.477087 0.571274
vt 0.482724 0.570549
vt 0.482724 0.590874
vt 0.476404 0.591434
vt 0.876009 0.987883
vt 0.876009 0.989306
vt 0.875274 0.989050
vt 0.875274 0.988140
vt 0.566593 0.447266
vt 0.565119 0.447239
vt 0.565224 0.408353
vt 0.566593 0.407897
vt 0.921108 0.711903
vt 0.920399 0.711918
vt 0.920446 0.709173
vt 0.921108 0.708780
vt 0.442404 0.918737
vt 0.443447 0.918684
vt 0.443447 0.921377
vt 0.442404 0.921346
vt 0.218945 0.755194
vt 0.216776 0.755228
vt 0.216931 0.738397
vt 0.218945 0.738366
vt 0.545329 0.881715
vt 0.545328 0.878592
vt 0.548238 0.878983
vt 0.548238 0.882212
vt 0.621856 0.585687
vt 0.621856 0.617271
vt 0.620408 0.617191
vt 0.620403 0.585651
vt 0.558686 0.643113
vt 0.558686 0.660252
vt 0.553835 0.660229
vt 0.553657 0.643089
vt 0.526486 0.707909
vt 0.526486 0.719976
vt 0.520924 0.719172
vt 0.520914 0.707317
vt 0.995858 0.172115
vt 0.995858 0.172464
vt 0.995478 0.172402
vt 0.995478 0.172158
vt 0.423034 0.593547
vt 0.427785 0.592469
vt 0.427785 0.613305
vt 0.422978 0.614303
vt 0.960167 0.251943
vt 0.960164 0.249333
vt 0.960763 0.249271
vt 0.960763 0.252040
vt 0.921081 0.726552
vt 0.921081 0.723988
vt 0.922123 0.723952
vt 0.922123 0.726598
vt 0.067045 0.910074
vt 0.067046 0.907600
vt 0.068288 0.907332
vt 0.068288 0.910417
vt 0.801039 0.003852
vt 0.801039 0.018249
vt 0.799566 0.018184
vt 0.799565 0.003861
vt 0.303634 0.614458
vt 0.303634 0.631949
vt 0.301435 0.631949
vt 0.297554 0.614458
vt 0.700642 0.181761
vt 0.700642 0.202647
vt 0.698480 0.202552
vt 0.698466 0.181658
vt 0.821014 0.410142
vt 0.821016 0.397712
vt 0.822460 0.397762
vt 0.822460 0.410138
vt 0.629854 0.625355
vt 0.629854 0.636466
vt 0.624618 0.637246
vt 0.620403 0.624976
vt 0.661906 0.056912
vt 0.660434 0.056927
vt 0.660437 0.029998
vt 0.661906 0.029891
vt 0.288713 0.622729
vt 0.288713 0.643151
vt 0.284344 0.643151
vt 0.284335 0.622653
vt 0.037974 0.693780
vt 0.037974 0.708369
vt 0.033615 0.708349
vt 0.033376 0.693541
vt 0.623908 0.100035
vt 0.623908 0.131489
vt 0.622467 0.131401
vt 0.622461 0.099987
vt 0.192368 0.887841
vt 0.192236 0.885039
vt 0.194900 0.885704
vt 0.194900 0.888473
vt 0.766440 0.455155
vt 0.766428 0.453681
vt 0.780746 0.453680
vt 0.780746 0.455155
vt 0.445289 0.826910
vt 0.445090 0.821310
vt 0.450603 0.821338
vt 0.450603 0.826938
vt 0.183030 0.802037
vt 0.183030 0.814979
vt 0.181556 0.814965
vt 0.181556 0.802014
vt 0.748424 0.772672
vt 0.747732 0.761569
vt 0.751881 0.761594
vt 0.751881 0.772612
vt 0.521777 0.313819
vt 0.521777 0.319857
vt 0.516637 0.319816
vt 0.516569 0.313791
vt 0.402110 0.746526
vt 0.402099 0.745052
vt 0.420703 0.745052
vt 0.420703 0.746525
vt 0.912867 0.750690
vt 0.912867 0.753987
vt 0.911927 0.754010
vt 0.911927 0.750661
vt 0.059675 0.336555
vt 0.052548 0.336665
vt 0.054111 0.290508
vt 0.059675 0.290423
vt 0.230494 0.286719
vt 0.230494 0.333669
vt 0.224927 0.333586
vt 0.223410 0.286614
vt 0.778352 0.911806
vt 0.776877 0.911812
vt 0.776877 0.909092
vt 0.778352 0.909086
vt 0.058871 0.895087
vt 0.057395 0.895093
vt 0.057395 0.890630
vt 0.058871 0.890624
vt 0.297554 0.698815
vt 0.297554 0.685187
vt 0.303114 0.685088
vt 0.303114 0.698914
vt 0.083586 0.698861
vt 0.078000 0.698861
vt 0.078000 0.685035
vt 0.083586 0.685035
vt 0.351584 0.266184
vt 0.351584 0.261814
vt 0.366550 0.261814
vt 0.366550 0.266184
vt 0.413020 0.754231
vt 0.415938 0.754231
vt 0.415938 0.768202
vt 0.413020 0.768202
vt 0.665612 0.213398
vt 0.665612 0.187151
vt 0.667127 0.187151
vt 0.667127 0.213398
vt 0.887712 0.481285
vt 0.887712 0.476952
vt 0.889186 0.476952
vt 0.889186 0.481285
vt 0.849255 0.180929
vt 0.849255 0.190176
vt 0.847899 0.190176
vt 0.847899 0.180929
vt 0.877110 0.045601
vt 0.877110 0.052312
vt 0.875754 0.052312
vt 0.875754 0.045601
vt 0.877632 0.925288
vt 0.876734 0.925288
vt 0.876734 0.922672
vt 0.877632 0.922672
vt 0.872835 0.586358
vt 0.872835 0.579399
vt 0.874191 0.579399
vt 0.874191 0.586358
vt 0.828539 0.361213
vt 0.828539 0.373281
vt 0.827207 0.372929
vt 0.827152 0.361580
vt 0.649243 0.304261
vt 0.651841 0.303015
vt 0.651841 0.327353
vt 0.649658 0.327223
vt 0.874128 0.029493
vt 0.874128 0.036451
vt 0.872772 0.036451
vt 0.872772 0.029493
vt 0.454487 0.354005
vt 0.458120 0.354005
vt 0.458120 0.400773
vt 0.454487 0.400773
vt 0.696861 0.290656
vt 0.696861 0.292012
vt 0.693273 0.292012
vt 0.693273 0.290656
vt 0.694010 0.224516
vt 0.688424 0.224516
vt 0.688424 0.210352
vt 0.694010 0.210352
vt 0.866989 0.793899
vt 0.865633 0.793899
vt 0.865633 0.786506
vt 0.866989 0.786506
vt 0.784708 0.623525
vt 0.784708 0.639491
vt 0.783352 0.639491
vt 0.783352 0.623525
vt 0.845687 0.003852
vt 0.845687 0.013655
vt 0.844331 0.013655
vt 0.844331 0.003852
vt 0.844314 0.633327
vt 0.844314 0.623525
vt 0.845670 0.623525
vt 0.845670 0.633327
vt 0.775126 0.505937
vt 0.774106 0.506404
vt 0.773962 0.489554
vt 0.775126 0.489021
vt 0.838185 0.136185
vt 0.837473 0.135887
vt 0.837473 0.124546
vt 0.838185 0.124248
vt 0.746540 0.141085
vt 0.745075 0.141023
vt 0.745073 0.121325
vt 0.746540 0.121174
vt 0.864344 0.140993
vt 0.864344 0.141368
vt 0.863971 0.141303
vt 0.863971 0.141041
vt 0.886928 0.708780
vt 0.886928 0.714095
vt 0.885663 0.713554
vt 0.885574 0.708839
vt 0.829220 0.137948
vt 0.829220 0.124321
vt 0.829768 0.124248
vt 0.829768 0.138021
vt 0.311811 0.771681
vt 0.311811 0.787262
vt 0.310388 0.786993
vt 0.310390 0.771711
vt 0.028147 0.886230
vt 0.025417 0.886737
vt 0.025503 0.883739
vt 0.028147 0.883248
vt 0.913417 0.550702
vt 0.914432 0.550443
vt 0.914432 0.553577
vt 0.913417 0.553328
vt 0.677137 0.258161
vt 0.675673 0.258164
vt 0.675673 0.232702
vt 0.677137 0.232606
vt 0.759760 0.291590
vt 0.759760 0.290029
vt 0.761116 0.290029
vt 0.761116 0.292464
vt 0.396019 0.506778
vt 0.396018 0.470134
vt 0.400527 0.470653
vt 0.400527 0.506791
vt 0.147454 0.583262
vt 0.153023 0.581333
vt 0.153023 0.600306
vt 0.146923 0.601228
vt 0.312568 0.910607
vt 0.313508 0.910572
vt 0.313508 0.913877
vt 0.312568 0.913861
vt 0.331346 0.806597
vt 0.331049 0.799542
vt 0.336453 0.799552
vt 0.336453 0.806572
vt 0.030122 0.306008
vt 0.030122 0.346596
vt 0.028907 0.345853
vt 0.027947 0.306132
vt 0.217152 0.763968
vt 0.222242 0.762933
vt 0.222242 0.770991
vt 0.216776 0.772132
vt 0.456060 0.738742
vt 0.448910 0.735759
vt 0.448910 0.732499
vt 0.456060 0.729516
vt 0.768239 0.837263
vt 0.768222 0.830733
vt 0.771335 0.830755
vt 0.771335 0.838295
vt 0.349350 0.610284
vt 0.356950 0.609460
vt 0.356950 0.621342
vt 0.346533 0.616835
vt 0.593163 0.080735
vt 0.593163 0.092282
vt 0.583195 0.090140
vt 0.581975 0.080004
vt 0.016908 0.257009
vt 0.014674 0.213370
vt 0.025906 0.213630
vt 0.025906 0.260294
vt 0.395110 0.722611
vt 0.395110 0.711655
vt 0.400549 0.710850
vt 0.400549 0.723417
vt 0.301351 0.452279
vt 0.299331 0.450896
vt 0.299331 0.449776
vt 0.301351 0.448393
vt 0.477148 0.086682
vt 0.482462 0.086654
vt 0.482462 0.092254
vt 0.476949 0.092281
vt 0.787680 0.429969
vt 0.787680 0.443781
vt 0.785517 0.443650
vt 0.785517 0.429903
vt 0.513849 0.464329
vt 0.519218 0.463676
vt 0.519218 0.496202
vt 0.513782 0.495861
vt 0.297460 0.821908
vt 0.296763 0.816039
vt 0.302344 0.816095
vt 0.302344 0.821963
vt 0.482947 0.850571
vt 0.484380 0.850472
vt 0.484380 0.858336
vt 0.482947 0.858436
vt 0.564288 0.463676
vt 0.564288 0.503315
vt 0.563068 0.502573
vt 0.562814 0.463695
vt 0.432854 0.046633
vt 0.427596 0.046766
vt 0.427421 0.004602
vt 0.432854 0.003852
vt 0.495642 0.463676
vt 0.495642 0.496249
vt 0.489776 0.495678
vt 0.489680 0.464104
vt 0.299282 0.462939
vt 0.299240 0.459984
vt 0.348397 0.460021
vt 0.348397 0.462939
vt 0.383436 0.715620
vt 0.377986 0.715717
vt 0.378590 0.702890
vt 0.383436 0.702553
vt 0.068660 0.755374
vt 0.066491 0.755387
vt 0.066645 0.738560
vt 0.068660 0.738548
vt 0.781605 0.385172
vt 0.789485 0.384900
vt 0.789485 0.390007
vt 0.781579 0.389993
vt 0.817549 0.891586
vt 0.816075 0.891587
vt 0.816075 0.886904
vt 0.817549 0.886899
vt 0.737411 0.789430
vt 0.731903 0.789430
vt 0.732203 0.781315
vt 0.737411 0.781315
vt 0.356597 0.884853
vt 0.356597 0.879659
vt 0.358072 0.879664
vt 0.358072 0.884858
vt 0.544496 0.382670
vt 0.543022 0.382695
vt 0.543022 0.338804
vt 0.544496 0.338784
vt 0.602319 0.871000
vt 0.602319 0.877504
vt 0.600963 0.877504
vt 0.600963 0.871000
vt 0.718697 0.750384
vt 0.721615 0.750384
vt 0.721615 0.764774
vt 0.718697 0.764774
vt 0.329363 0.885702
vt 0.329363 0.890660
vt 0.328007 0.890660
vt 0.328007 0.885702
vt 0.500115 0.455246
vt 0.500115 0.408478
vt 0.502605 0.408478
vt 0.502605 0.455246
vt 0.231408 0.721789
vt 0.231408 0.707642
vt 0.235949 0.707639
vt 0.235949 0.721948
vt 0.577020 0.069718
vt 0.574842 0.069795
vt 0.575548 0.035260
vt 0.577020 0.035206
vt 0.650917 0.685575
vt 0.653898 0.685591
vt 0.653898 0.686991
vt 0.650878 0.687011
vt 0.067105 0.639732
vt 0.057043 0.640094
vt 0.057879 0.628913
vt 0.067105 0.628621
vt 0.565493 0.099987
vt 0.565493 0.139482
vt 0.564120 0.139036
vt 0.564019 0.100004
vt 0.828255 0.570339
vt 0.836830 0.570339
vt 0.836830 0.571695
vt 0.828255 0.571695
vt 0.199833 0.464651
vt 0.206212 0.463811
vt 0.206212 0.495264
vt 0.199727 0.494850
vt 0.054434 0.443808
vt 0.054434 0.397039
vt 0.058067 0.397039
vt 0.058067 0.443808
vt 0.511488 0.696906
vt 0.511488 0.708917
vt 0.506318 0.707044
vt 0.505361 0.696728
vt 0.754399 0.124258
vt 0.756414 0.124248
vt 0.756414 0.141074
vt 0.754245 0.141085
vt 0.191607 0.748240
vt 0.203462 0.748240
vt 0.203462 0.752609
vt 0.191607 0.752609
vt 0.525732 0.016674
vt 0.514378 0.020076
vt 0.516452 0.005796
vt 0.525732 0.003852
vt 0.513365 0.187151
vt 0.513365 0.229706
vt 0.510447 0.228966
vt 0.510447 0.187597
vt 0.877869 0.716411
vt 0.877195 0.716263
vt 0.877308 0.709195
vt 0.877869 0.708780
vt 0.582409 0.599577
vt 0.573045 0.603020
vt 0.573632 0.592362
vt 0.582409 0.588838
vt 0.608845 0.958817
vt 0.608838 0.956219
vt 0.609451 0.956230
vt 0.609451 0.958987
vt 0.428120 0.640293
vt 0.427706 0.633128
vt 0.442284 0.633209
vt 0.442284 0.640293
vt 0.799410 0.061509
vt 0.799410 0.075947
vt 0.797916 0.075854
vt 0.797906 0.061550
vt 0.591342 0.664077
vt 0.590264 0.653764
vt 0.598359 0.654414
vt 0.598359 0.665796
vt 0.802790 0.029891
vt 0.802790 0.044452
vt 0.801434 0.044452
vt 0.801434 0.029891
vt 0.909019 0.137185
vt 0.909019 0.139831
vt 0.907875 0.140066
vt 0.907875 0.136798
vt 0.389246 0.869298
vt 0.390686 0.869235
vt 0.390686 0.875733
vt 0.389246 0.875853
vt 0.913239 0.414705
vt 0.914180 0.414679
vt 0.914180 0.417948
vt 0.913239 0.417924
vt 0.134134 0.583093
vt 0.139218 0.581333
vt 0.139218 0.602019
vt 0.137232 0.603461
vt 0.119836 0.705621
vt 0.119848 0.691276
vt 0.124719 0.691271
vt 0.124719 0.705668
vt 0.694865 0.585651
vt 0.694865 0.600974
vt 0.689989 0.600040
vt 0.689981 0.585695
vt 0.698534 0.528248
vt 0.693051 0.528247
vt 0.693069 0.514464
vt 0.698534 0.514167
vt 0.130748 0.294249
vt 0.120257 0.294592
vt 0.122325 0.251519
vt 0.130748 0.248525
vt 0.168469 0.811635
vt 0.173346 0.810701
vt 0.173346 0.817616
vt 0.168504 0.817599
vt 0.871633 0.571571
vt 0.870159 0.571585
vt 0.870159 0.564674
vt 0.871633 0.564625
vt 0.643009 0.219409
vt 0.656780 0.219409
vt 0.656780 0.224891
vt 0.642705 0.224901
vt 0.587665 0.696481
vt 0.587666 0.682397
vt 0.593126 0.682369
vt 0.593126 0.696554
vt 0.861283 0.471449
vt 0.859808 0.471464
vt 0.859808 0.463676
vt 0.861283 0.463681
vt 0.028248 0.383518
vt 0.058235 0.378838
vt 0.058235 0.389335
vt 0.028277 0.388547
vt 0.062308 0.551742
vt 0.062311 0.525219
vt 0.067237 0.525596
vt 0.067237 0.552617
vt 0.578496 0.715326
vt 0.573041 0.715297
vt 0.573083 0.702231
vt 0.578496 0.702160
vt 0.694906 0.624995
vt 0.694906 0.648443
vt 0.693432 0.648423
vt 0.693432 0.624976
vt 0.513228 0.451037
vt 0.510310 0.451079
vt 0.510310 0.408520
vt 0.513228 0.408478
vt 0.382090 0.552993
vt 0.387405 0.550593
vt 0.387405 0.575095
vt 0.382943 0.575199
vt 0.134374 0.911663
vt 0.134374 0.914860
vt 0.133434 0.914833
vt 0.133434 0.911686
vt 0.261229 0.823029
vt 0.259786 0.823019
vt 0.259786 0.810649
vt 0.261229 0.810599
vt 0.579300 0.224838
vt 0.574365 0.224901
vt 0.574569 0.219434
vt 0.579300 0.219391
vt 0.171632 0.442352
vt 0.176581 0.441652
vt 0.176581 0.480853
vt 0.171732 0.480553
vt 0.805856 0.429903
vt 0.805856 0.444106
vt 0.804724 0.443247
vt 0.804504 0.430025
vt 0.802719 0.763721
vt 0.802719 0.778030
vt 0.801245 0.777984
vt 0.801244 0.763745
vt 0.905540 0.612456
vt 0.905540 0.615756
vt 0.904297 0.615395
vt 0.904300 0.612749
vt 0.374044 0.510065
vt 0.374044 0.552928
vt 0.372755 0.552319
vt 0.372596 0.510071
vt 0.442284 0.653027
vt 0.425145 0.652946
vt 0.425145 0.648095
vt 0.442284 0.647998
vt 0.922998 0.514179
vt 0.922998 0.517146
vt 0.922321 0.516776
vt 0.922286 0.514167
vt 0.805153 0.903327
vt 0.805153 0.906420
vt 0.803797 0.906420
vt 0.803797 0.903327
vt 0.443760 0.902421
vt 0.442404 0.902421
vt 0.442404 0.898908
vt 0.443760 0.898908
vt 0.426499 0.878622
vt 0.426499 0.872473
vt 0.427974 0.872473
vt 0.427974 0.878622
vt 0.389491 0.246545
vt 0.389491 0.266184
vt 0.375143 0.254458
vt 0.377951 0.247619
vt 0.870749 0.503840
vt 0.871358 0.503705
vt 0.871358 0.506462
vt 0.870742 0.506438
vt 0.870443 0.689421
vt 0.870442 0.683362
vt 0.871916 0.683378
vt 0.871916 0.690293
vt 0.111448 0.542470
vt 0.103534 0.546480
vt 0.102639 0.533926
vt 0.111448 0.527460
vt 0.470996 0.942336
vt 0.472352 0.942336
vt 0.472352 0.944319
vt 0.470996 0.944319
vt 0.469262 0.400773
vt 0.465825 0.400773
vt 0.465825 0.354005
vt 0.469262 0.354005
vt 0.402902 0.458840
vt 0.402902 0.462429
vt 0.356133 0.462429
vt 0.356133 0.458840
vt 0.469350 0.187151
vt 0.469350 0.233920
vt 0.465913 0.233920
vt 0.465913 0.187151
vt 0.454487 0.455247
vt 0.454487 0.408478
vt 0.458076 0.408478
vt 0.458076 0.455247
vt 0.894696 0.777172
vt 0.898539 0.777172
vt 0.898539 0.778025
vt 0.894696 0.778025
vt 0.549789 0.035206
vt 0.549789 0.081974
vt 0.548935 0.081974
vt 0.548935 0.035206
vt 0.912331 0.878066
vt 0.912331 0.874629
vt 0.913184 0.874629
vt 0.913184 0.878066
vt 0.054434 0.451513
vt 0.058067 0.451513
vt 0.058067 0.452366
vt 0.054434 0.452366
vt 0.900393 0.799077
vt 0.903982 0.799077
vt 0.903982 0.799931
vt 0.900393 0.799931
vt 0.819648 0.647468
vt 0.815805 0.647468
vt 0.815805 0.646614
vt 0.819648 0.646614
vt 0.902885 0.592962
vt 0.899296 0.592962
vt 0.899296 0.592109
vt 0.902885 0.592109
vt 0.355217 0.254008
vt 0.351584 0.254008
vt 0.351584 0.253154
vt 0.355217 0.253154
vt 0.445842 0.910979
vt 0.442404 0.910979
vt 0.442404 0.910125
vt 0.445842 0.910125
vt 0.007830 0.550123
vt 0.007830 0.503356
vt 0.008683 0.503356
vt 0.008683 0.550123
vt 0.548597 0.320657
vt 0.548597 0.273889
vt 0.549451 0.273889
vt 0.549451 0.320657
vt 0.548251 0.233919
vt 0.548251 0.187151
vt 0.549105 0.187151
vt 0.549105 0.233919
vt 0.513782 0.550675
vt 0.513782 0.503907
vt 0.514636 0.503907
vt 0.514636 0.550675
vt 0.548637 0.407897
vt 0.548637 0.454665
vt 0.547783 0.454665
vt 0.547783 0.407897
vt 0.414376 0.903022
vt 0.414376 0.906129
vt 0.413020 0.906129
vt 0.413020 0.903022
vt 0.724664 0.292133
vt 0.724664 0.292435
vt 0.722649 0.292435
vt 0.722649 0.292133
vt 0.573041 0.674665
vt 0.573041 0.673501
vt 0.598359 0.673501
vt 0.598359 0.674665
vt 0.694466 0.358348
vt 0.692992 0.358329
vt 0.693288 0.335500
vt 0.694466 0.334700
vt 0.700198 0.734465
vt 0.700138 0.723117
vt 0.705632 0.723967
vt 0.705632 0.735097
vt 0.793414 0.164413
vt 0.793414 0.150245
vt 0.794889 0.150269
vt 0.794889 0.165056
vt 0.908407 0.061881
vt 0.909653 0.061509
vt 0.909653 0.064623
vt 0.908407 0.064363
vt 0.538271 0.738502
vt 0.538271 0.755328
vt 0.536256 0.755316
vt 0.536102 0.738489
vt 0.304055 0.726847
vt 0.304055 0.737200
vt 0.302560 0.737199
vt 0.297554 0.726845
vt 0.676004 0.016519
vt 0.676018 0.003852
vt 0.681465 0.003892
vt 0.681465 0.019020
vt 0.501373 0.669986
vt 0.501373 0.669684
vt 0.503731 0.669684
vt 0.503731 0.669986
vt 0.897081 0.700679
vt 0.897078 0.696637
vt 0.898538 0.696787
vt 0.898538 0.700680
vt 0.835211 0.086732
vt 0.835211 0.083466
vt 0.841711 0.083466
vt 0.841711 0.086732
vt 0.895923 0.199285
vt 0.894449 0.199291
vt 0.894449 0.194935
vt 0.895923 0.194915
vt 0.755509 0.168898
vt 0.755509 0.150245
vt 0.756982 0.150245
vt 0.756982 0.168911
vt 0.771035 0.577946
vt 0.771035 0.575746
vt 0.782690 0.575746
vt 0.782690 0.577946
vt 0.183903 0.690486
vt 0.183903 0.696566
vt 0.171354 0.696566
vt 0.171354 0.690486
vt 0.807501 0.346982
vt 0.807501 0.330157
vt 0.807796 0.330223
vt 0.807796 0.347047
vt 0.987706 0.567152
vt 0.987404 0.567152
vt 0.987404 0.564982
vt 0.987706 0.564982
vt 0.038591 0.803924
vt 0.038296 0.803989
vt 0.038296 0.787162
vt 0.038591 0.787097
vt 0.512884 0.594906
vt 0.512884 0.578078
vt 0.513179 0.578143
vt 0.513179 0.594972
vt 0.751299 0.683397
vt 0.751299 0.700225
vt 0.749109 0.700192
vt 0.748941 0.683362
vt 0.806955 0.514232
vt 0.807250 0.514167
vt 0.807250 0.530993
vt 0.806955 0.531058
vt 0.759499 0.353284
vt 0.759499 0.352982
vt 0.761514 0.352982
vt 0.761514 0.353284
vt 0.344963 0.682082
vt 0.344963 0.680918
vt 0.370281 0.680918
vt 0.370281 0.682082
vt 0.100312 0.790605
vt 0.100607 0.790540
vt 0.100607 0.807364
vt 0.100312 0.807430
vt 0.807136 0.754255
vt 0.807136 0.737430
vt 0.807431 0.737496
vt 0.807431 0.754321
vt 0.369706 0.778974
vt 0.369706 0.795802
vt 0.369411 0.795736
vt 0.369411 0.778909
vt 0.807115 0.061574
vt 0.807410 0.061509
vt 0.807410 0.078334
vt 0.807115 0.078399
vt 0.853218 0.207277
vt 0.853218 0.217135
vt 0.852528 0.216962
vt 0.852530 0.207286
vt 0.153167 0.877408
vt 0.153167 0.882789
vt 0.151657 0.882753
vt 0.151657 0.877373
vt 0.645242 0.070075
vt 0.645242 0.088669
vt 0.641167 0.088430
vt 0.640310 0.069797
vt 0.427208 0.917993
vt 0.427208 0.921116
vt 0.426546 0.920724
vt 0.426499 0.917978
vt 0.988974 0.370481
vt 0.988974 0.372003
vt 0.988268 0.371697
vt 0.988268 0.370787
vt 0.807322 0.564607
vt 0.805970 0.564485
vt 0.806205 0.551326
vt 0.807322 0.550443
vt 0.828049 0.877354
vt 0.828049 0.882914
vt 0.826700 0.882765
vt 0.826687 0.877404
vt 0.987282 0.683243
vt 0.987584 0.683243
vt 0.987584 0.685413
vt 0.987282 0.685413
vt 0.693394 0.172034
vt 0.698533 0.172034
vt 0.698533 0.173390
vt 0.693394 0.173390
vt 0.058868 0.902840
vt 0.058868 0.905826
vt 0.057395 0.905790
vt 0.057395 0.902798
vt 0.988585 0.005867
vt 0.988283 0.005867
vt 0.988283 0.003852
vt 0.988585 0.003852
vt 0.944417 0.430043
vt 0.945036 0.429903
vt 0.945036 0.432710
vt 0.944411 0.432689
vt 0.993027 0.976602
vt 0.993552 0.976449
vt 0.993552 0.977060
vt 0.993027 0.976951
vt 0.271297 0.813952
vt 0.273953 0.813172
vt 0.273953 0.822721
vt 0.271292 0.823030
vt 0.450131 0.146755
vt 0.450131 0.099987
vt 0.453975 0.099987
vt 0.453975 0.146755
vt 0.193544 0.855408
vt 0.194900 0.855408
vt 0.194900 0.863260
vt 0.193544 0.863260
vt 0.667968 0.258852
vt 0.666453 0.258852
vt 0.666453 0.232606
vt 0.667968 0.232606
vt 0.120257 0.372093
vt 0.120257 0.367064
vt 0.150271 0.365364
vt 0.150271 0.376599
vt 0.822395 0.162694
vt 0.820949 0.162691
vt 0.820946 0.150315
vt 0.822395 0.150245
vt 0.469244 0.042176
vt 0.469244 0.091292
vt 0.466326 0.091292
vt 0.466326 0.042176
vt 0.158065 0.407603
vt 0.157976 0.365364
vt 0.163927 0.365436
vt 0.163927 0.408211
vt 0.139782 0.449348
vt 0.133977 0.449998
vt 0.134194 0.411106
vt 0.139782 0.410469
vt 0.889722 0.532879
vt 0.889722 0.537938
vt 0.888366 0.537938
vt 0.888366 0.532879
vt 0.346319 0.837109
vt 0.344963 0.837109
vt 0.344963 0.825973
vt 0.346319 0.825973
vt 0.900170 0.136798
vt 0.900170 0.140818
vt 0.898814 0.140818
vt 0.898814 0.136798
vt 0.167491 0.906585
vt 0.166313 0.906945
vt 0.166313 0.903647
vt 0.167491 0.903958
vt 0.703802 0.126898
vt 0.708029 0.126179
vt 0.708029 0.140840
vt 0.703771 0.141590
vt 0.481915 0.904177
vt 0.483093 0.903817
vt 0.483093 0.907114
vt 0.481915 0.906804
vt 0.020203 0.705389
vt 0.020219 0.693367
vt 0.025668 0.693204
vt 0.025668 0.706595
vt 0.913244 0.612776
vt 0.914240 0.612456
vt 0.914240 0.615653
vt 0.913244 0.615454
vt 0.004369 0.764856
vt 0.020773 0.764855
vt 0.020773 0.766330
vt 0.004233 0.766321
vt 0.619750 0.889373
vt 0.618394 0.889373
vt 0.618418 0.884495
vt 0.619750 0.884218
vt 0.203821 0.907771
vt 0.202697 0.908139
vt 0.202697 0.904812
vt 0.203821 0.905078
vt 0.718832 0.224674
vt 0.714320 0.223638
vt 0.715965 0.210344
vt 0.718832 0.210037
vt 0.909155 0.318236
vt 0.907995 0.318620
vt 0.907995 0.315397
vt 0.909155 0.315627
vt 0.004047 0.807115
vt 0.006939 0.806602
vt 0.006939 0.816461
vt 0.004045 0.816662
vt 0.257742 0.456398
vt 0.252302 0.456722
vt 0.252296 0.417521
vt 0.257742 0.416665
vt 0.908109 0.669891
vt 0.909269 0.669507
vt 0.909269 0.672731
vt 0.908109 0.672500
vt 0.660856 0.815429
vt 0.660854 0.805882
vt 0.663747 0.806083
vt 0.663747 0.815942
vt 0.707092 0.907885
vt 0.705886 0.908292
vt 0.705886 0.905073
vt 0.707092 0.905321
vt 0.562219 0.817967
vt 0.559326 0.818470
vt 0.559326 0.808794
vt 0.562219 0.808596
vt 0.719708 0.016600
vt 0.714441 0.017044
vt 0.714492 0.005088
vt 0.719708 0.003852
vt 0.793664 0.489021
vt 0.793664 0.504079
vt 0.792230 0.503816
vt 0.792242 0.489156
vt 0.198752 0.557800
vt 0.199372 0.538213
vt 0.205254 0.538707
vt 0.205254 0.560531
vt 0.912410 0.726918
vt 0.912410 0.724160
vt 0.913376 0.723952
vt 0.913376 0.727243
vt 0.328007 0.913305
vt 0.328007 0.910548
vt 0.328974 0.910339
vt 0.328974 0.913631
vt 0.102639 0.383830
vt 0.102871 0.340969
vt 0.108998 0.341120
vt 0.108998 0.384816
vt 0.402818 0.827783
vt 0.402818 0.834418
vt 0.399049 0.834026
vt 0.398819 0.828096
vt 0.365232 0.642747
vt 0.378546 0.642538
vt 0.378546 0.649716
vt 0.364764 0.648616
vt 0.004045 0.911419
vt 0.005040 0.911099
vt 0.005040 0.914296
vt 0.004045 0.914097
vt 0.108448 0.488342
vt 0.108448 0.519756
vt 0.102795 0.518902
vt 0.102639 0.488730
vt 0.188822 0.554025
vt 0.188822 0.566243
vt 0.178778 0.564597
vt 0.177953 0.550829
vt 0.906878 0.827974
vt 0.908002 0.827606
vt 0.908002 0.830933
vt 0.906878 0.830667
vt 0.057623 0.841239
vt 0.060329 0.840263
vt 0.060329 0.847330
vt 0.057623 0.847386
vt 0.234290 0.562791
vt 0.223410 0.565978
vt 0.224244 0.552222
vt 0.234290 0.550573
vt 0.370607 0.146575
vt 0.371152 0.099987
vt 0.376104 0.099994
vt 0.376104 0.148359
vt 0.619846 0.730322
vt 0.619846 0.749838
vt 0.618394 0.749669
vt 0.618409 0.730367
vt 0.304436 0.470644
vt 0.304436 0.504841
vt 0.299942 0.503463
vt 0.299240 0.470943
vt 0.297601 0.662719
vt 0.303170 0.661920
vt 0.303170 0.676507
vt 0.297554 0.677383
vt 0.248368 0.817970
vt 0.248368 0.808294
vt 0.251261 0.808798
vt 0.251261 0.818168
vt 0.477768 0.232857
vt 0.482394 0.231482
vt 0.482394 0.265722
vt 0.477055 0.265422
vt 0.846646 0.450254
vt 0.846646 0.455598
vt 0.843223 0.454522
vt 0.843223 0.449463
vt 0.171892 0.846224
vt 0.168469 0.847014
vt 0.168469 0.841955
vt 0.171892 0.840880
vt 0.960600 0.123707
vt 0.961243 0.123616
vt 0.961243 0.126294
vt 0.960601 0.126232
vt 0.108666 0.964076
vt 0.108662 0.961601
vt 0.109305 0.961566
vt 0.109305 0.964191
vt 0.556314 0.099992
vt 0.556314 0.142766
vt 0.555098 0.142037
vt 0.554861 0.099987
vt 0.427940 0.899343
vt 0.426499 0.899405
vt 0.426555 0.895395
vt 0.427940 0.895395
vt 0.170928 0.489411
vt 0.176581 0.488558
vt 0.176581 0.519971
vt 0.170772 0.519583
vt 0.201796 0.300768
vt 0.199727 0.257694
vt 0.210219 0.258038
vt 0.210219 0.303762
vt 0.720053 0.821835
vt 0.720053 0.833515
vt 0.718697 0.833447
vt 0.718697 0.821877
vt 0.522407 0.455476
vt 0.520932 0.455456
vt 0.521225 0.409273
vt 0.522407 0.408478
vt 0.793849 0.638491
vt 0.792419 0.638378
vt 0.792413 0.623790
vt 0.793849 0.623525
vt 0.310103 0.335891
vt 0.328148 0.334594
vt 0.328148 0.354194
vt 0.309688 0.355448
vt 0.204172 0.884401
vt 0.202697 0.884405
vt 0.202697 0.879127
vt 0.204172 0.879120
vt 0.302344 0.806412
vt 0.297554 0.808334
vt 0.297639 0.802510
vt 0.302344 0.800621
vt 0.559785 0.711955
vt 0.563506 0.711955
vt 0.563506 0.719412
vt 0.553657 0.719412
vt 0.362765 0.175578
vt 0.362765 0.179130
vt 0.360616 0.177649
vt 0.360895 0.174290
vt 0.082835 0.726505
vt 0.084506 0.726140
vt 0.084506 0.736494
vt 0.078000 0.736494
vt 0.753029 0.585651
vt 0.753029 0.604567
vt 0.751849 0.603770
vt 0.751555 0.585670
vt 0.746556 0.880550
vt 0.745159 0.880566
vt 0.745193 0.874778
vt 0.746556 0.874653
vt 0.898748 0.221204
vt 0.900223 0.220552
vt 0.900223 0.224145
vt 0.898748 0.224153
vt 0.913476 0.266878
vt 0.914491 0.266618
vt 0.914491 0.269752
vt 0.913476 0.269503
vt 0.390083 0.756144
vt 0.394394 0.756129
vt 0.394394 0.767255
vt 0.390025 0.767271
vt 0.625963 0.687088
vt 0.625963 0.700565
vt 0.620429 0.700564
vt 0.620403 0.687075
vt 0.806482 0.709460
vt 0.806482 0.723624
vt 0.805365 0.722741
vt 0.805130 0.709582
vt 0.058829 0.800333
vt 0.058700 0.793086
vt 0.064337 0.793086
vt 0.064337 0.800333
vt 0.191607 0.797726
vt 0.191607 0.792089
vt 0.198854 0.792218
vt 0.198854 0.797726
vt 0.623190 0.322727
vt 0.623191 0.308174
vt 0.628912 0.312235
vt 0.628912 0.326698
vt 0.456736 0.700265
vt 0.451277 0.700213
vt 0.451277 0.686469
vt 0.456736 0.686417
vt 0.058700 0.813718
vt 0.058700 0.808038
vt 0.065036 0.808063
vt 0.065036 0.813718
vt 0.660854 0.786881
vt 0.663765 0.786647
vt 0.663765 0.798177
vt 0.660854 0.797944
vt 0.845348 0.372018
vt 0.844567 0.371835
vt 0.844567 0.361396
vt 0.845348 0.361213
vt 0.139813 0.801777
vt 0.134134 0.801777
vt 0.134176 0.794687
vt 0.139813 0.794687
vt 0.817430 0.923832
vt 0.816075 0.923773
vt 0.816077 0.921790
vt 0.817430 0.921684
vt 0.769949 0.756015
vt 0.769949 0.737430
vt 0.770903 0.737432
vt 0.770903 0.756016
vt 0.823463 0.388274
vt 0.818254 0.388284
vt 0.818329 0.382234
vt 0.823463 0.382236
vt 0.461709 0.149463
vt 0.461679 0.099987
vt 0.464627 0.100025
vt 0.464627 0.149463
vt 0.637558 0.700674
vt 0.637562 0.695120
vt 0.650720 0.695138
vt 0.650720 0.700673
vt 0.431471 0.684973
vt 0.443136 0.685026
vt 0.443136 0.691524
vt 0.430706 0.691579
vt 0.790265 0.737461
vt 0.790265 0.752724
vt 0.788792 0.752702
vt 0.788792 0.737430
vt 0.868027 0.614346
vt 0.868027 0.615820
vt 0.862062 0.615820
vt 0.862048 0.614346
vt 0.051754 0.730843
vt 0.046342 0.730018
vt 0.046338 0.719502
vt 0.051754 0.718672
vt 0.350475 0.003852
vt 0.356043 0.003877
vt 0.356043 0.051256
vt 0.350476 0.052968
vt 0.867922 0.873919
vt 0.869397 0.873924
vt 0.869397 0.879820
vt 0.867922 0.879829
vt 0.472794 0.685168
vt 0.472336 0.672535
vt 0.478536 0.672490
vt 0.478536 0.685844
vt 0.760571 0.251191
vt 0.759569 0.251694
vt 0.759427 0.233180
vt 0.760571 0.232606
vt 0.962624 0.315397
vt 0.962624 0.318210
vt 0.962095 0.318047
vt 0.962095 0.315518
vt 0.644623 0.455673
vt 0.639773 0.455612
vt 0.638173 0.444084
vt 0.644623 0.439707
vt 0.876587 0.148822
vt 0.876587 0.156356
vt 0.875916 0.156204
vt 0.875947 0.148527
vt 0.793634 0.094437
vt 0.793634 0.109502
vt 0.792168 0.109453
vt 0.792167 0.094448
vt 0.719629 0.115972
vt 0.719629 0.117328
vt 0.714895 0.117328
vt 0.714895 0.115972
vt 0.108662 0.848088
vt 0.108662 0.846732
vt 0.117201 0.846732
vt 0.117201 0.848088
vt 0.665859 0.576689
vt 0.665859 0.550443
vt 0.667374 0.550443
vt 0.667374 0.576689
vt 0.776877 0.975416
vt 0.776877 0.973901
vt 0.778392 0.973901
vt 0.778392 0.975416
vt 0.664572 0.361951
vt 0.664572 0.335705
vt 0.666087 0.335705
vt 0.666087 0.361951
vt 0.057043 0.657217
vt 0.083289 0.657217
vt 0.083289 0.658732
vt 0.057043 0.658732
vt 0.669610 0.489922
vt 0.668095 0.489922
vt 0.668095 0.463676
vt 0.669610 0.463676
vt 0.734548 0.267204
vt 0.734548 0.288670
vt 0.733337 0.288670
vt 0.733337 0.267204
vt 0.676137 0.713919
vt 0.676137 0.735384
vt 0.674925 0.735384
vt 0.674925 0.713919
vt 0.693400 0.988489
vt 0.692119 0.988489
vt 0.692119 0.987429
vt 0.693400 0.987429
vt 0.773120 0.003879
vt 0.773120 0.021219
vt 0.771840 0.021192
vt 0.771840 0.003852
vt 0.283527 0.687411
vt 0.283121 0.674473
vt 0.289340 0.674608
vt 0.289340 0.687775
vt 0.868518 0.744561
vt 0.868516 0.737430
vt 0.869959 0.737527
vt 0.869959 0.744603
vt 0.778976 0.232607
vt 0.778976 0.249947
vt 0.777916 0.249945
vt 0.777916 0.232606
vt 0.760461 0.683362
vt 0.760461 0.701499
vt 0.759017 0.701395
vt 0.759004 0.683423
vt 0.826281 0.695495
vt 0.824885 0.695188
vt 0.824978 0.683790
vt 0.826281 0.683362
vt 0.777806 0.683364
vt 0.778866 0.683362
vt 0.778866 0.700702
vt 0.777806 0.700703
vt 0.718482 0.361469
vt 0.718482 0.385806
vt 0.717830 0.385551
vt 0.717841 0.361213
vt 0.180223 0.904270
vt 0.181399 0.903899
vt 0.181399 0.907199
vt 0.180225 0.906916
vt 0.276402 0.599557
vt 0.276402 0.629684
vt 0.275165 0.628973
vt 0.274935 0.599583
vt 0.878074 0.867060
vt 0.877378 0.866906
vt 0.877449 0.859839
vt 0.878074 0.859521
vt 0.878359 0.737430
vt 0.878359 0.744970
vt 0.877734 0.744652
vt 0.877663 0.737585
vt 0.458324 0.889198
vt 0.456852 0.889245
vt 0.456852 0.884305
vt 0.458324 0.884259
vt 0.924880 0.249356
vt 0.924880 0.252303
vt 0.924339 0.252226
vt 0.924285 0.249271
vt 0.429586 0.809530
vt 0.429546 0.801688
vt 0.432722 0.802434
vt 0.432722 0.811504
vt 0.588293 0.517925
vt 0.588293 0.537623
vt 0.582830 0.534922
vt 0.582854 0.514167
vt 0.047455 0.904940
vt 0.047455 0.907650
vt 0.046338 0.907946
vt 0.046338 0.904597
vt 0.351329 0.648827
vt 0.351329 0.666341
vt 0.349124 0.665308
vt 0.346533 0.649554
vt 0.796799 0.444838
vt 0.795387 0.444751
vt 0.795385 0.430243
vt 0.796799 0.429903
vt 0.719412 0.916677
vt 0.719412 0.919805
vt 0.718753 0.919390
vt 0.718697 0.916645
vt 0.577071 0.777928
vt 0.577071 0.788367
vt 0.573041 0.787687
vt 0.573041 0.778607
vt 0.710541 0.761508
vt 0.710541 0.776328
vt 0.708384 0.775968
vt 0.708384 0.761869
vt 0.343440 0.919673
vt 0.342725 0.919704
vt 0.342781 0.916959
vt 0.343440 0.916545
vt 0.285285 0.808857
vt 0.283121 0.807570
vt 0.283121 0.798172
vt 0.285285 0.796885
vt 0.200326 0.503845
vt 0.205254 0.502969
vt 0.205254 0.529990
vt 0.199727 0.530508
vt 0.855785 0.579399
vt 0.855785 0.588948
vt 0.855091 0.588773
vt 0.855093 0.579402
vt 0.600860 0.897758
vt 0.602319 0.897739
vt 0.602319 0.901096
vt 0.600823 0.901149
vt 0.005185 0.658640
vt 0.005923 0.645752
vt 0.012200 0.645676
vt 0.012200 0.659441
vt 0.702180 0.335576
vt 0.703681 0.334700
vt 0.703681 0.357643
vt 0.702171 0.357638
vt 0.286474 0.351286
vt 0.292042 0.349577
vt 0.292042 0.393027
vt 0.285781 0.393273
vt 0.862693 0.094437
vt 0.862693 0.103514
vt 0.861998 0.103363
vt 0.862003 0.094456
vt 0.620581 0.644974
vt 0.625432 0.644951
vt 0.625432 0.662090
vt 0.620403 0.662114
vt 0.087209 0.907184
vt 0.087209 0.904474
vt 0.088326 0.904178
vt 0.088326 0.907527
vt 0.005627 0.667813
vt 0.011462 0.667146
vt 0.011462 0.680911
vt 0.005185 0.680830
vt 0.854130 0.489021
vt 0.854130 0.497544
vt 0.852783 0.497381
vt 0.852768 0.489072
vt 0.610105 0.727102
vt 0.610105 0.739666
vt 0.605424 0.738713
vt 0.605361 0.726758
vt 0.533026 0.887374
vt 0.530223 0.887801
vt 0.530311 0.884850
vt 0.533026 0.884438
vt 0.846466 0.878492
vt 0.845836 0.878818
vt 0.845795 0.871381
vt 0.846466 0.871237
vt 0.037302 0.905493
vt 0.037302 0.908521
vt 0.035946 0.908521
vt 0.035946 0.905493
vt 0.536102 0.521123
vt 0.542323 0.518399
vt 0.542323 0.542768
vt 0.536739 0.542821
vt 0.554106 0.606243
vt 0.553657 0.588457
vt 0.559609 0.589479
vt 0.559609 0.608202
vt 0.842661 0.721090
vt 0.841964 0.720766
vt 0.841964 0.709783
vt 0.842661 0.709460
vt 0.429098 0.625423
vt 0.427206 0.624169
vt 0.427206 0.623417
vt 0.429098 0.622163
vt 0.837671 0.854371
vt 0.836233 0.854275
vt 0.836513 0.846707
vt 0.837671 0.845992
vt 0.537459 0.581811
vt 0.545551 0.576733
vt 0.545551 0.587858
vt 0.536102 0.591711
vt 0.582409 0.612362
vt 0.582409 0.623532
vt 0.572936 0.621918
vt 0.572816 0.610724
vt 0.795732 0.835441
vt 0.794380 0.835302
vt 0.794614 0.824946
vt 0.795732 0.824062
vt 0.388426 0.448701
vt 0.388513 0.408729
vt 0.393983 0.409052
vt 0.393983 0.449641
vt 0.191444 0.643513
vt 0.204601 0.643541
vt 0.204601 0.650668
vt 0.191011 0.650748
vt 0.019833 0.812267
vt 0.014643 0.812272
vt 0.014727 0.805223
vt 0.019833 0.805248
vt 0.793978 0.180929
vt 0.793978 0.195895
vt 0.792542 0.195629
vt 0.792548 0.181038
vt 0.624049 0.817403
vt 0.624049 0.823160
vt 0.618536 0.823100
vt 0.618394 0.817399
vt 0.834576 0.259500
vt 0.834576 0.253935
vt 0.839178 0.254469
vt 0.839178 0.259295
vt 0.151663 0.750831
vt 0.155898 0.750164
vt 0.155898 0.761690
vt 0.151657 0.762230
vt 0.706419 0.429903
vt 0.706419 0.455673
vt 0.705832 0.455282
vt 0.705776 0.430152
vt 0.540549 0.251850
vt 0.540549 0.264198
vt 0.531391 0.261901
vt 0.529881 0.247677
vt 0.336165 0.680258
vt 0.328303 0.680846
vt 0.329315 0.671137
vt 0.336165 0.669507
vt 0.151657 0.688273
vt 0.157116 0.686890
vt 0.157116 0.700635
vt 0.151657 0.700477
vt 0.505361 0.737472
vt 0.510800 0.736530
vt 0.510800 0.747486
vt 0.505361 0.746544
vt 0.775647 0.623992
vt 0.775647 0.640908
vt 0.774483 0.640375
vt 0.774627 0.623525
vt 0.506613 0.174757
vt 0.495940 0.178926
vt 0.496772 0.165047
vt 0.506613 0.162404
vt 0.825657 0.737430
vt 0.825657 0.749645
vt 0.824284 0.749406
vt 0.824301 0.737581
vt 0.439395 0.712214
vt 0.439395 0.719671
vt 0.435674 0.719671
vt 0.429546 0.712214
vt 0.577991 0.752309
vt 0.573416 0.753360
vt 0.573041 0.744429
vt 0.577991 0.741950
vt 0.203457 0.599725
vt 0.203457 0.617931
vt 0.198752 0.616565
vt 0.198907 0.596402
vt 0.609748 0.005267
vt 0.614563 0.003852
vt 0.614563 0.022148
vt 0.610054 0.025636
vt 0.477091 0.609320
vt 0.476404 0.599139
vt 0.485710 0.602609
vt 0.485710 0.612710
vt 0.013421 0.460158
vt 0.013421 0.495651
vt 0.007860 0.494732
vt 0.007830 0.460220
vt 0.846519 0.987535
vt 0.846519 0.989023
vt 0.845795 0.988749
vt 0.845795 0.987809
vt 0.917440 0.778004
vt 0.916756 0.777909
vt 0.916804 0.775133
vt 0.917440 0.774695
vt 0.917483 0.029493
vt 0.917483 0.032802
vt 0.916847 0.032364
vt 0.916799 0.029588
vt 0.922936 0.269528
vt 0.922196 0.269573
vt 0.922218 0.266964
vt 0.922936 0.266618
vt 0.922877 0.550488
vt 0.922877 0.553398
vt 0.922159 0.553052
vt 0.922137 0.550443
vt 0.191011 0.632601
vt 0.205056 0.627775
vt 0.205056 0.635808
vt 0.285565 0.868101
vt 0.283472 0.869500
vt 0.283121 0.865362
vt 0.285565 0.863826
vt 0.872742 0.807956
vt 0.872742 0.815046
vt 0.871379 0.814921
vt 0.871383 0.807977
vt 0.496308 0.725267
vt 0.489080 0.722226
vt 0.489080 0.718341
vt 0.496308 0.715300
vt 0.368447 0.821898
vt 0.368447 0.833555
vt 0.367217 0.832864
vt 0.367096 0.822037
vt 0.419442 0.634038
vt 0.409873 0.634806
vt 0.412425 0.624375
vt 0.419442 0.622656
vt 0.312380 0.759486
vt 0.312140 0.755519
vt 0.318533 0.754376
vt 0.318533 0.762927
vt 0.706653 0.576211
vt 0.706010 0.575961
vt 0.706066 0.550834
vt 0.706653 0.550443
vt 0.843095 0.463676
vt 0.843095 0.475206
vt 0.842365 0.474933
vt 0.842365 0.463950
vt 0.120276 0.817743
vt 0.123053 0.815833
vt 0.123053 0.824739
vt 0.120276 0.825491
vt 0.922017 0.380830
vt 0.922017 0.383934
vt 0.921349 0.383545
vt 0.921347 0.380990
vt 0.973660 0.446316
vt 0.974223 0.446426
vt 0.974223 0.448777
vt 0.973660 0.448932
vt 0.844356 0.499772
vt 0.844356 0.489333
vt 0.845063 0.489021
vt 0.845063 0.500084
vt 0.157070 0.720296
vt 0.151657 0.721145
vt 0.152295 0.710335
vt 0.157070 0.708339
vt 0.536102 0.632732
vt 0.543888 0.629951
vt 0.543888 0.643856
vt 0.326537 0.755663
vt 0.331742 0.754376
vt 0.331742 0.763976
vt 0.326238 0.763773
vt 0.012599 0.751760
vt 0.019351 0.748176
vt 0.019351 0.756720
vt 0.012506 0.755707
vt 0.555109 0.506457
vt 0.553657 0.506462
vt 0.553967 0.464504
vt 0.555109 0.463676
vt 0.734953 0.585985
vt 0.734953 0.608952
vt 0.734285 0.608783
vt 0.734340 0.585651
vt 0.692119 0.874941
vt 0.693592 0.873942
vt 0.693592 0.879762
vt 0.692119 0.879852
vt 0.778976 0.257652
vt 0.778976 0.259008
vt 0.769075 0.259008
vt 0.769075 0.257652
vt 0.662457 0.617057
vt 0.662457 0.615701
vt 0.665046 0.615701
vt 0.665046 0.617057
vt 0.100307 0.686930
vt 0.100307 0.699868
vt 0.095012 0.699531
vt 0.094992 0.685754
vt 0.596674 0.004522
vt 0.602043 0.003852
vt 0.602043 0.024171
vt 0.596410 0.024892
vt 0.158693 0.678309
vt 0.151657 0.679185
vt 0.152520 0.667764
vt 0.158693 0.666439
vt 0.593259 0.792786
vt 0.588691 0.791541
vt 0.588691 0.784829
vt 0.593259 0.783539
vt 0.336453 0.783882
vt 0.336453 0.790593
vt 0.331886 0.791838
vt 0.331886 0.782591
vt 0.482537 0.078313
vt 0.476949 0.078949
vt 0.477024 0.042191
vt 0.482537 0.042176
vt 0.380721 0.321073
vt 0.375143 0.321370
vt 0.376394 0.274119
vt 0.380721 0.273889
vt 0.993974 0.995661
vt 0.993598 0.995623
vt 0.993598 0.995370
vt 0.993974 0.995298
vt 0.599914 0.463722
vt 0.601380 0.463676
vt 0.601380 0.497873
vt 0.599916 0.497963
vt 0.453838 0.187586
vt 0.458208 0.187151
vt 0.458208 0.231036
vt 0.453838 0.231036
vt 0.138349 0.384370
vt 0.138349 0.402765
vt 0.123867 0.402630
vt 0.120257 0.384304
vt 0.693430 0.564261
vt 0.692844 0.550443
vt 0.698305 0.550519
vt 0.698305 0.564603
vt 0.801006 0.593706
vt 0.801006 0.579399
vt 0.802481 0.579399
vt 0.802481 0.593720
vt 0.643120 0.687415
vt 0.637559 0.687412
vt 0.637558 0.673265
vt 0.643120 0.673069
vt 0.767608 0.875638
vt 0.769081 0.875569
vt 0.769081 0.881221
vt 0.767607 0.881245
vt 0.285756 0.826364
vt 0.283422 0.826364
vt 0.283121 0.818053
vt 0.285756 0.816562
vt 0.651176 0.775118
vt 0.652646 0.775010
vt 0.652646 0.790287
vt 0.651171 0.790286
vt 0.876427 0.405245
vt 0.875787 0.405541
vt 0.875756 0.397863
vt 0.876427 0.397712
vt 0.914585 0.364328
vt 0.914585 0.361236
vt 0.915527 0.361213
vt 0.915527 0.364354
vt 0.804147 0.384603
vt 0.804147 0.390007
vt 0.797206 0.389823
vt 0.797190 0.384615
vt 0.299265 0.606711
vt 0.299035 0.583676
vt 0.303634 0.583903
vt 0.303634 0.606753
vt 0.633494 0.885613
vt 0.634968 0.885593
vt 0.634968 0.890387
vt 0.633494 0.890407
vt 0.041430 0.438470
vt 0.041559 0.397039
vt 0.046729 0.397255
vt 0.046729 0.439214
vt 0.165470 0.311536
vt 0.165470 0.331136
vt 0.146800 0.329862
vt 0.146315 0.310229
vt 0.671475 0.877469
vt 0.671470 0.870965
vt 0.672831 0.870971
vt 0.672831 0.877475
vt 0.377986 0.693822
vt 0.377986 0.680990
vt 0.383550 0.680681
vt 0.383550 0.694848
vt 0.612879 0.496935
vt 0.609085 0.496936
vt 0.609090 0.495490
vt 0.612879 0.495493
vt 0.255906 0.390633
vt 0.270388 0.390499
vt 0.270388 0.408894
vt 0.252296 0.408960
vt 0.152665 0.647377
vt 0.151717 0.636552
vt 0.161706 0.636775
vt 0.161706 0.647393
vt 0.009975 0.725386
vt 0.005220 0.725334
vt 0.005185 0.711993
vt 0.009975 0.711900
vt 0.689199 0.017949
vt 0.689170 0.003874
vt 0.694683 0.003852
vt 0.694683 0.018130
vt 0.368137 0.921351
vt 0.367096 0.921395
vt 0.367096 0.918702
vt 0.368137 0.918741
vt 0.712348 0.700382
vt 0.712354 0.686599
vt 0.716823 0.686587
vt 0.716823 0.701360
vt 0.752692 0.046719
vt 0.750334 0.046754
vt 0.750502 0.029924
vt 0.752692 0.029891
vt 0.536490 0.675460
vt 0.542321 0.675104
vt 0.542321 0.688250
vt 0.536102 0.688396
vt 0.215392 0.463811
vt 0.215392 0.511078
vt 0.214214 0.510278
vt 0.213917 0.463829
vt 0.597471 0.514192
vt 0.597471 0.548594
vt 0.595998 0.548513
vt 0.595997 0.514167
vt 0.784076 0.207352
vt 0.784076 0.223484
vt 0.782798 0.223409
vt 0.782798 0.207277
vt 0.740554 0.320888
vt 0.739117 0.320836
vt 0.739119 0.300375
vt 0.740554 0.300314
vt 0.076429 0.961681
vt 0.077027 0.961583
vt 0.077027 0.964261
vt 0.076428 0.964205
vt 0.205363 0.409515
vt 0.199858 0.409481
vt 0.199727 0.367356
vt 0.205363 0.366392
vt 0.828100 0.003852
vt 0.828100 0.016057
vt 0.826754 0.015874
vt 0.826744 0.003852
vt 0.082533 0.408300
vt 0.082634 0.366053
vt 0.088168 0.366141
vt 0.088168 0.409264
vt 0.825682 0.287120
vt 0.830617 0.287045
vt 0.830617 0.292540
vt 0.825484 0.292573
vt 0.686315 0.232609
vt 0.686315 0.256777
vt 0.684853 0.256670
vt 0.684841 0.232606
vt 0.477922 0.693549
vt 0.477922 0.706710
vt 0.472362 0.706697
vt 0.472336 0.693571
vt 0.771457 0.532681
vt 0.770503 0.532683
vt 0.770503 0.514168
vt 0.771457 0.514167
vt 0.647914 0.826043
vt 0.647914 0.837178
vt 0.646558 0.837178
vt 0.646558 0.826043
vt 0.099163 0.975613
vt 0.097649 0.975613
vt 0.097649 0.974098
vt 0.099163 0.974098
vt 0.237295 0.686808
vt 0.237295 0.699934
vt 0.231436 0.699904
vt 0.231408 0.686807
vt 0.498805 0.320657
vt 0.496315 0.320657
vt 0.496315 0.273889
vt 0.498805 0.273889
vt 0.685727 0.624996
vt 0.685727 0.642098
vt 0.681586 0.642115
vt 0.681438 0.624976
vt 0.760396 0.051481
vt 0.763589 0.051481
vt 0.763589 0.052837
vt 0.760396 0.052837
vt 0.126057 0.683566
vt 0.119836 0.683564
vt 0.119836 0.670066
vt 0.126057 0.670062
vt 0.755597 0.417147
vt 0.755597 0.397712
vt 0.756809 0.397712
vt 0.756809 0.417147
vt 0.755704 0.674608
vt 0.755704 0.655173
vt 0.756916 0.655173
vt 0.756916 0.674608
vt 0.996047 0.540947
vt 0.996047 0.541296
vt 0.995681 0.541296
vt 0.995681 0.540947
vt 0.506674 0.003852
vt 0.506674 0.023973
vt 0.495459 0.023973
vt 0.495459 0.003852
vt 0.005325 0.988581
vt 0.004045 0.988581
vt 0.004045 0.987521
vt 0.005325 0.987521
vt 0.920219 0.819890
vt 0.917729 0.819890
vt 0.917729 0.819037
vt 0.920219 0.819037
vt 0.142227 0.987563
vt 0.142227 0.989164
vt 0.141592 0.989164
vt 0.141592 0.987563
vt 0.877677 0.914918
vt 0.876734 0.914967
vt 0.876734 0.911785
vt 0.877677 0.911784
vt 0.846902 0.664506
vt 0.845427 0.664506
vt 0.845427 0.655198
vt 0.846902 0.655173
vt 0.903333 0.922174
vt 0.904231 0.922174
vt 0.904231 0.924790
vt 0.903333 0.924790
vt 0.143796 0.346481
vt 0.143796 0.342637
vt 0.190565 0.342637
vt 0.190565 0.346481
vt 0.715104 0.491186
vt 0.719473 0.491164
vt 0.719473 0.505756
vt 0.715066 0.505773
vt 0.776877 0.920415
vt 0.776877 0.919517
vt 0.779691 0.919517
vt 0.779691 0.920415
vt 0.948671 0.939675
vt 0.951162 0.939675
vt 0.951162 0.940529
vt 0.948671 0.940529
vt 0.706875 0.972568
vt 0.706875 0.974650
vt 0.705886 0.974650
vt 0.705886 0.972568
vt 0.621312 0.757543
vt 0.621312 0.771171
vt 0.618394 0.771171
vt 0.618394 0.757543
vt 0.810133 0.813635
vt 0.803797 0.813635
vt 0.803797 0.807981
vt 0.810133 0.807956
vt 0.133434 0.922565
vt 0.134332 0.922565
vt 0.134332 0.925181
vt 0.133434 0.925181
vt 0.857442 0.892113
vt 0.857442 0.887434
vt 0.858916 0.887436
vt 0.858916 0.892111
vt 0.133436 0.943815
vt 0.134068 0.943685
vt 0.134068 0.946454
vt 0.133434 0.946425
vt 0.633860 0.995112
vt 0.633860 0.995487
vt 0.633494 0.995487
vt 0.633494 0.995112
vt 0.995782 0.438306
vt 0.995782 0.437957
vt 0.996148 0.437957
vt 0.996148 0.438306
vt 0.988852 0.797311
vt 0.988852 0.798912
vt 0.988217 0.798912
vt 0.988217 0.797311
vt 0.767605 0.164216
vt 0.764687 0.164216
vt 0.764687 0.150245
vt 0.767605 0.150245
vt 0.376068 0.470134
vt 0.376068 0.482106
vt 0.356133 0.482106
vt 0.356133 0.470135
vt 0.922502 0.797354
vt 0.923546 0.797311
vt 0.923546 0.799853
vt 0.922502 0.799817
vt 0.765967 0.384914
vt 0.773874 0.384900
vt 0.773874 0.390007
vt 0.764513 0.389714
vt 0.829280 0.655173
vt 0.829280 0.666949
vt 0.827805 0.666931
vt 0.827805 0.655174
vt 0.033528 0.729219
vt 0.033376 0.716074
vt 0.038283 0.716160
vt 0.038283 0.729289
vt 0.048999 0.826236
vt 0.046338 0.827001
vt 0.046338 0.817631
vt 0.048999 0.817330
vt 0.349457 0.764329
vt 0.344963 0.764329
vt 0.345736 0.752923
vt 0.349457 0.752923
vt 0.259786 0.912598
vt 0.260731 0.912565
vt 0.260731 0.915698
vt 0.259786 0.915683
vt 0.661019 0.300331
vt 0.661019 0.327353
vt 0.659550 0.327247
vt 0.659546 0.300314
vt 0.695495 0.255973
vt 0.694020 0.255996
vt 0.694022 0.232669
vt 0.695495 0.232606
vt 0.574084 0.919056
vt 0.574084 0.921620
vt 0.573041 0.921646
vt 0.573041 0.919000
vt 0.911949 0.737463
vt 0.912890 0.737430
vt 0.912890 0.740779
vt 0.911949 0.740760
vt 0.027973 0.817726
vt 0.027973 0.806801
vt 0.030307 0.807923
vt 0.030307 0.817726
vt 0.076428 0.907232
vt 0.076428 0.903956
vt 0.077614 0.904343
vt 0.077614 0.906953
vt 0.192584 0.995031
vt 0.192236 0.994967
vt 0.192236 0.994519
vt 0.192584 0.994397
vt 0.793729 0.044931
vt 0.792297 0.044854
vt 0.792300 0.030190
vt 0.793729 0.029891
vt 0.695450 0.300629
vt 0.695450 0.314466
vt 0.689887 0.314461
vt 0.689887 0.300314
vt 0.913641 0.517361
vt 0.913641 0.514188
vt 0.914582 0.514167
vt 0.914582 0.517390
vt 0.356133 0.489811
vt 0.374044 0.490258
vt 0.374044 0.501913
vt 0.356133 0.502360
vt 0.574397 0.884048
vt 0.574397 0.889203
vt 0.573082 0.888846
vt 0.573041 0.884048
vt 0.907871 0.032264
vt 0.907871 0.029735
vt 0.909094 0.029493
vt 0.909094 0.032667
vt 0.283829 0.987792
vt 0.283829 0.989270
vt 0.283121 0.988964
vt 0.283121 0.988099
vt 0.884239 0.792020
vt 0.882884 0.791972
vt 0.882980 0.787064
vt 0.884239 0.786506
vt 0.545334 0.961483
vt 0.545938 0.961356
vt 0.545938 0.964022
vt 0.545328 0.963995
vt 0.328303 0.654052
vt 0.337855 0.651369
vt 0.337855 0.661803
vt 0.328303 0.659199
vt 0.204171 0.915877
vt 0.204171 0.918138
vt 0.202697 0.918108
vt 0.202697 0.915843
vt 0.096802 0.624165
vt 0.094992 0.614882
vt 0.107792 0.615341
vt 0.107792 0.622528
vt 0.515887 0.993594
vt 0.515887 0.993245
vt 0.516412 0.993136
vt 0.516412 0.993747
vt 0.882999 0.763721
vt 0.882999 0.769467
vt 0.881680 0.769091
vt 0.881649 0.763848
vt 0.025417 0.909418
vt 0.025418 0.906894
vt 0.026627 0.906661
vt 0.026627 0.909809
vt 0.870938 0.380865
vt 0.870938 0.387916
vt 0.869554 0.387916
vt 0.869497 0.380830
vt 0.327533 0.410531
vt 0.322463 0.410532
vt 0.323163 0.363587
vt 0.327533 0.363153
vt 0.133434 0.901521
vt 0.134928 0.900714
vt 0.134928 0.903958
vt 0.133839 0.903958
vt 0.231408 0.909954
vt 0.232349 0.909928
vt 0.232349 0.913255
vt 0.231408 0.913230
vt 0.205610 0.358450
vt 0.199727 0.358687
vt 0.200328 0.311507
vt 0.205610 0.311467
vt 0.246103 0.696146
vt 0.245154 0.685454
vt 0.252060 0.686220
vt 0.252060 0.697272
vt 0.826953 0.964332
vt 0.826408 0.964237
vt 0.826408 0.961796
vt 0.826953 0.961615
vt 0.986777 0.197357
vt 0.986237 0.197261
vt 0.986237 0.195099
vt 0.986777 0.194915
vt 0.285791 0.532014
vt 0.290621 0.531136
vt 0.290621 0.558065
vt 0.285781 0.558446
vt 0.367443 0.994250
vt 0.367443 0.994884
vt 0.367096 0.994762
vt 0.367096 0.994314
vt 0.039956 0.637747
vt 0.037984 0.627899
vt 0.048046 0.628261
vt 0.048046 0.639372
vt 0.506974 0.912600
vt 0.506974 0.915686
vt 0.506034 0.915700
vt 0.506034 0.912566
vt 0.913542 0.592109
vt 0.913542 0.593048
vt 0.910590 0.593033
vt 0.910590 0.592123
vt 0.987248 0.383181
vt 0.986689 0.383024
vt 0.987028 0.380874
vt 0.987248 0.380830
vt 0.124907 0.854895
vt 0.124906 0.846732
vt 0.126381 0.846732
vt 0.126381 0.854905
vt 0.681995 0.895158
vt 0.681995 0.890788
vt 0.683464 0.890818
vt 0.683464 0.895187
vt 0.426499 0.909919
vt 0.426499 0.907358
vt 0.427681 0.907110
vt 0.427681 0.910274
vt 0.175107 0.961575
vt 0.175107 0.964292
vt 0.174562 0.964111
vt 0.174562 0.961670
vt 0.296764 0.908093
vt 0.296763 0.905483
vt 0.297939 0.905206
vt 0.297939 0.908461
vt 0.108662 0.904375
vt 0.109881 0.903934
vt 0.109881 0.907174
vt 0.108664 0.906973
vt 0.706615 0.224674
vt 0.701715 0.224653
vt 0.701731 0.210369
vt 0.706615 0.210352
vt 0.887420 0.750661
vt 0.887420 0.755870
vt 0.886112 0.755482
vt 0.886064 0.750661
vt 0.192023 0.257694
vt 0.192023 0.268930
vt 0.146315 0.267697
vt 0.146315 0.258927
vt 0.829651 0.579399
vt 0.829651 0.591255
vt 0.828334 0.590856
vt 0.828255 0.579727
vt 0.831501 0.053763
vt 0.823823 0.053804
vt 0.824065 0.050914
vt 0.831501 0.050991
vt 0.380243 0.378046
vt 0.375335 0.378001
vt 0.375143 0.331421
vt 0.380243 0.329075
vt 0.991988 0.018315
vt 0.991726 0.018326
vt 0.991726 0.017415
vt 0.991988 0.017404
vt 0.216776 0.675379
vt 0.222337 0.675282
vt 0.222337 0.689253
vt 0.216776 0.689543
vt 0.904274 0.911279
vt 0.904274 0.914453
vt 0.903333 0.914470
vt 0.903333 0.911246
vt 0.633463 0.335705
vt 0.633463 0.360834
vt 0.630574 0.360092
vt 0.630691 0.335756
vt 0.476404 0.558565
vt 0.476817 0.537984
vt 0.481844 0.539901
vt 0.481844 0.562844
vt 0.223410 0.508412
vt 0.223410 0.495072
vt 0.239393 0.494990
vt 0.239393 0.508494
vt 0.601865 0.919816
vt 0.601865 0.920714
vt 0.599051 0.920714
vt 0.599051 0.919816
vt 0.923800 0.479485
vt 0.922901 0.479485
vt 0.922901 0.476769
vt 0.923800 0.476769
vt 0.231408 0.920960
vt 0.232307 0.920960
vt 0.232307 0.923676
vt 0.231408 0.923676
vt 0.923521 0.209993
vt 0.922623 0.209993
vt 0.922623 0.207277
vt 0.923521 0.207277
vt 0.921606 0.094437
vt 0.922504 0.094437
vt 0.922504 0.097251
vt 0.921606 0.097251
vt 0.471986 0.961221
vt 0.471986 0.963461
vt 0.470996 0.963461
vt 0.470996 0.961221
vt 0.530745 0.985496
vt 0.530223 0.985372
vt 0.530223 0.983133
vt 0.530745 0.982967
vt 0.913381 0.080667
vt 0.913381 0.078001
vt 0.914381 0.077798
vt 0.914381 0.080980
vt 0.986625 0.753103
vt 0.986086 0.753007
vt 0.986086 0.750845
vt 0.986625 0.750661
vt 0.985203 0.708780
vt 0.985203 0.711309
vt 0.984681 0.711143
vt 0.984681 0.708904
vt 0.985071 0.859521
vt 0.985071 0.862050
vt 0.984549 0.861884
vt 0.984549 0.859645
vt 0.986671 0.696637
vt 0.987230 0.696749
vt 0.987230 0.698831
vt 0.986671 0.698988
vt 0.192776 0.984250
vt 0.192776 0.986692
vt 0.192236 0.986508
vt 0.192236 0.984346
vt 0.985834 0.910674
vt 0.985834 0.913203
vt 0.985311 0.913037
vt 0.985311 0.910797
vt 0.987182 0.956242
vt 0.987182 0.958593
vt 0.986624 0.958436
vt 0.986624 0.956354
vt 0.987353 0.726303
vt 0.986794 0.726191
vt 0.986794 0.724109
vt 0.987353 0.723952
vt 0.973561 0.064124
vt 0.973561 0.061509
vt 0.974124 0.061663
vt 0.974124 0.064014
vt 0.183356 0.964292
vt 0.182812 0.964197
vt 0.182812 0.961756
vt 0.183356 0.961575
vt 0.885646 0.961657
vt 0.885646 0.964374
vt 0.885101 0.964193
vt 0.885101 0.961752
vt 0.973924 0.183544
vt 0.973924 0.180929
vt 0.974487 0.181083
vt 0.974487 0.183435
vt 0.166857 0.964292
vt 0.166313 0.964197
vt 0.166313 0.961756
vt 0.166857 0.961575
vt 0.972323 0.786506
vt 0.972887 0.786616
vt 0.972887 0.788967
vt 0.972323 0.789122
vt 0.960674 0.166874
vt 0.960674 0.164060
vt 0.961202 0.164223
vt 0.961202 0.166753
vt 0.836761 0.963140
vt 0.836233 0.963019
vt 0.836233 0.960490
vt 0.836761 0.960327
vt 0.515887 0.908009
vt 0.517079 0.907685
vt 0.517079 0.910825
vt 0.515887 0.910550
vt 0.972878 0.672123
vt 0.972315 0.672013
vt 0.972315 0.669662
vt 0.972878 0.669507
vt 0.522544 0.234134
vt 0.521069 0.234117
vt 0.521342 0.187922
vt 0.522544 0.187151
vt 0.964465 0.223268
vt 0.963920 0.223174
vt 0.963920 0.220732
vt 0.964465 0.220552
vt 0.962660 0.766524
vt 0.962132 0.766402
vt 0.962132 0.763873
vt 0.962660 0.763710
vt 0.066905 0.963541
vt 0.066905 0.960727
vt 0.067433 0.960890
vt 0.067433 0.963419
vt 0.974293 0.148527
vt 0.974293 0.151142
vt 0.973730 0.150988
vt 0.973730 0.148636
vt 0.482460 0.961710
vt 0.482460 0.964426
vt 0.481915 0.964246
vt 0.481915 0.961804
vt 0.961576 0.432716
vt 0.961048 0.432595
vt 0.961048 0.430066
vt 0.961576 0.429903
vt 0.046901 0.974549
vt 0.046338 0.974439
vt 0.046338 0.972088
vt 0.046901 0.971933
vt 0.367391 0.349087
vt 0.365152 0.349087
vt 0.365152 0.348097
vt 0.367391 0.348097
vt 0.657778 0.964334
vt 0.657778 0.962172
vt 0.658767 0.962172
vt 0.658767 0.964334
vt 0.671470 0.910261
vt 0.672826 0.910261
vt 0.672826 0.913081
vt 0.671470 0.913081
vt 0.803797 0.963299
vt 0.803797 0.961060
vt 0.804787 0.961060
vt 0.804787 0.963299
vt 0.960546 0.818474
vt 0.962708 0.818474
vt 0.962708 0.819464
vt 0.960546 0.819464
vt 0.967972 0.931596
vt 0.967972 0.930606
vt 0.970054 0.930606
vt 0.970054 0.931596
vt 0.986816 0.592586
vt 0.986816 0.590235
vt 0.987375 0.590392
vt 0.987375 0.592474
vt 0.868821 0.925091
vt 0.867922 0.925091
vt 0.867922 0.922475
vt 0.868821 0.922475
vt 0.424721 0.099987
vt 0.424721 0.142863
vt 0.419603 0.140465
vt 0.419114 0.100006
vt 0.573581 0.986797
vt 0.573041 0.986701
vt 0.573041 0.984540
vt 0.573581 0.984356
vt 0.777400 0.985649
vt 0.776877 0.985526
vt 0.776877 0.983286
vt 0.777400 0.983120
vt 0.985323 0.978978
vt 0.984800 0.978854
vt 0.984800 0.976615
vt 0.985323 0.976449
vt 0.986402 0.874629
vt 0.986961 0.874741
vt 0.986961 0.876822
vt 0.986402 0.876980
vt 0.367635 0.984104
vt 0.367635 0.986545
vt 0.367096 0.986361
vt 0.367096 0.984199
vt 0.367097 0.885248
vt 0.368570 0.884394
vt 0.368570 0.889359
vt 0.367096 0.889337
vt 0.057891 0.989401
vt 0.057116 0.989213
vt 0.057116 0.988349
vt 0.057891 0.988162
vt 0.987398 0.249271
vt 0.987398 0.251622
vt 0.986839 0.251465
vt 0.986839 0.249383
vt 0.442944 0.986527
vt 0.442404 0.986431
vt 0.442404 0.984269
vt 0.442944 0.984086
vt 0.504271 0.656001
vt 0.504271 0.661979
vt 0.491544 0.661914
vt 0.489080 0.656262
vt 0.718697 0.991927
vt 0.719202 0.991748
vt 0.719202 0.992383
vt 0.718697 0.992289
vt 0.936992 0.455965
vt 0.935392 0.455965
vt 0.935392 0.455330
vt 0.936992 0.455330
vt 0.942466 0.258889
vt 0.940866 0.258889
vt 0.940866 0.258278
vt 0.942466 0.258278
vt 0.857789 0.987521
vt 0.857789 0.989121
vt 0.857154 0.989121
vt 0.857154 0.987521
vt 0.969852 0.949394
vt 0.968252 0.949394
vt 0.968252 0.948783
vt 0.969852 0.948783
vt 0.956291 0.455884
vt 0.954690 0.455884
vt 0.954690 0.455227
vt 0.956291 0.455227
vt 0.951493 0.542735
vt 0.949892 0.542735
vt 0.949892 0.542078
vt 0.951493 0.542078
vt 0.260397 0.987646
vt 0.260397 0.989247
vt 0.259786 0.989247
vt 0.259786 0.987646
vt 0.988835 0.827606
vt 0.988835 0.829207
vt 0.988178 0.829207
vt 0.988178 0.827606
vt 0.573041 0.994502
vt 0.573402 0.994577
vt 0.573402 0.995008
vt 0.573041 0.995113
vt 0.939221 0.994671
vt 0.938885 0.994589
vt 0.938885 0.994125
vt 0.939221 0.994014
vt 0.342725 0.991812
vt 0.343213 0.991651
vt 0.343213 0.992308
vt 0.342725 0.992188
vt 0.995222 0.241012
vt 0.994861 0.240937
vt 0.994861 0.240506
vt 0.995222 0.240401
vt 0.442752 0.994867
vt 0.442404 0.994802
vt 0.442404 0.994355
vt 0.442752 0.994232
vt 0.456852 0.991848
vt 0.457340 0.991686
vt 0.457340 0.992343
vt 0.456852 0.992223
vt 0.994817 0.194915
vt 0.994817 0.195572
vt 0.994482 0.195461
vt 0.994482 0.194998
vt 0.994476 0.930429
vt 0.994476 0.929794
vt 0.994824 0.929917
vt 0.994824 0.930364
vt 0.957777 0.995368
vt 0.957405 0.995320
vt 0.957405 0.995057
vt 0.957777 0.994993
vt 0.929188 0.995050
vt 0.929188 0.995426
vt 0.928822 0.995426
vt 0.928822 0.995050
vt 0.312934 0.995221
vt 0.312934 0.995597
vt 0.312568 0.995597
vt 0.312568 0.995221
vt 0.995908 0.077798
vt 0.995908 0.078161
vt 0.995542 0.078161
vt 0.995542 0.077798
vt 0.995905 0.086232
vt 0.995542 0.086232
vt 0.995542 0.085866
vt 0.995905 0.085866
vt 0.996047 0.532879
vt 0.996047 0.533242
vt 0.995681 0.533242
vt 0.995681 0.532879
vt 0.996100 0.123616
vt 0.996100 0.123978
vt 0.995734 0.123978
vt 0.995734 0.123616
vt 0.816455 0.995818
vt 0.816075 0.995775
vt 0.816075 0.995531
vt 0.816455 0.995469
vt 0.698313 0.370551
vt 0.698313 0.384715
vt 0.693243 0.384715
vt 0.693131 0.370137
vt 0.995791 0.464039
vt 0.995415 0.464002
vt 0.995415 0.463748
vt 0.995791 0.463676
vt 0.995411 0.564982
vt 0.995792 0.565026
vt 0.995792 0.565270
vt 0.995411 0.565332
vt 0.389343 0.995287
vt 0.389343 0.995649
vt 0.388967 0.995577
vt 0.388967 0.995324
vt 0.328380 0.995488
vt 0.328007 0.995439
vt 0.328007 0.995177
vt 0.328380 0.995112
vt 0.253045 0.505466
vt 0.253045 0.552234
vt 0.252191 0.552234
vt 0.252191 0.505466
vt 0.992908 0.708933
vt 0.993433 0.708780
vt 0.993433 0.709391
vt 0.992908 0.709283
vt 0.992316 0.601216
vt 0.992316 0.600853
vt 0.992821 0.600760
vt 0.992821 0.601395
vt 0.544313 0.156541
vt 0.544286 0.155156
vt 0.554213 0.155185
vt 0.554213 0.156541
vt 0.992776 0.859979
vt 0.992776 0.859630
vt 0.993301 0.859521
vt 0.993301 0.860132
vt 0.296763 0.992215
vt 0.296763 0.991839
vt 0.297251 0.991719
vt 0.297251 0.992376
vt 0.994861 0.232696
vt 0.994861 0.232085
vt 0.995222 0.232191
vt 0.995222 0.232621
vt 0.991929 0.330653
vt 0.991929 0.330277
vt 0.992416 0.330157
vt 0.992416 0.330814
vt 0.657778 0.991915
vt 0.658283 0.991736
vt 0.658283 0.992371
vt 0.657778 0.992277
vt 0.995026 0.874629
vt 0.995026 0.875240
vt 0.994666 0.875134
vt 0.994666 0.874704
vt 0.991922 0.844830
vt 0.991922 0.844467
vt 0.992427 0.844374
vt 0.992427 0.845008
vt 0.755554 0.961105
vt 0.755554 0.963344
vt 0.754565 0.963344
vt 0.754565 0.961105
vt 0.830419 0.322438
vt 0.830419 0.320276
vt 0.831409 0.320276
vt 0.831409 0.322438
vt 0.091945 0.505485
vt 0.091945 0.552253
vt 0.091091 0.552253
vt 0.091091 0.505485
vt 0.296763 0.974816
vt 0.296763 0.972734
vt 0.297753 0.972734
vt 0.297753 0.974816
vt 0.120276 0.838334
vt 0.120276 0.833539
vt 0.124939 0.833195
vt 0.124939 0.838777
vt 0.507634 0.988252
vt 0.506034 0.988252
vt 0.506034 0.987641
vt 0.507634 0.987641
vt 0.380748 0.745053
vt 0.380748 0.759752
vt 0.377986 0.759987
vt 0.377986 0.744819
vt 0.996148 0.429903
vt 0.996148 0.430252
vt 0.995782 0.430252
vt 0.995782 0.429903
vt 0.985166 0.995690
vt 0.985166 0.996040
vt 0.984800 0.996040
vt 0.984800 0.995690
vt 0.664012 0.514167
vt 0.664012 0.540413
vt 0.662498 0.540413
vt 0.662498 0.514167
vt 0.783929 0.138921
vt 0.783929 0.124248
vt 0.785402 0.124303
vt 0.785402 0.139880
vt 0.671759 0.500142
vt 0.682034 0.498610
vt 0.682034 0.506462
vt 0.670962 0.505272
vt 0.575622 0.386614
vt 0.575622 0.400192
vt 0.565791 0.397547
vt 0.565119 0.385773
vt 0.040392 0.586890
vt 0.045242 0.586829
vt 0.045242 0.602795
vt 0.037984 0.604238
vt 0.405315 0.775706
vt 0.405315 0.782554
vt 0.398819 0.782876
vt 0.398819 0.775384
vt 0.861959 0.275688
vt 0.861246 0.275692
vt 0.861237 0.266786
vt 0.861959 0.266618
vt 0.826871 0.267204
vt 0.826871 0.279340
vt 0.825602 0.278853
vt 0.825484 0.267441
vt 0.790876 0.374441
vt 0.790876 0.361549
vt 0.793038 0.361213
vt 0.793038 0.374777
vt 0.883774 0.446316
vt 0.883774 0.451722
vt 0.882310 0.451641
vt 0.882315 0.446363
vt 0.204574 0.687559
vt 0.208943 0.687559
vt 0.208943 0.702525
vt 0.204376 0.702755
vt 0.331049 0.823209
vt 0.331049 0.814302
vt 0.333826 0.816212
vt 0.333826 0.823960
vt 0.573384 0.377782
vt 0.571911 0.377761
vt 0.572190 0.339559
vt 0.573384 0.338784
vt 0.822714 0.300314
vt 0.822714 0.314704
vt 0.822262 0.314339
vt 0.822164 0.300368
vt 0.668384 0.433910
vt 0.668384 0.407664
vt 0.669899 0.407664
vt 0.669899 0.433910
vt 0.773654 0.198269
vt 0.772374 0.198295
vt 0.772374 0.180955
vt 0.773654 0.180929
vt 0.234905 0.787340
vt 0.234905 0.797693
vt 0.231660 0.797654
vt 0.231408 0.787298
vt 0.767492 0.171920
vt 0.767492 0.172830
vt 0.764687 0.172808
vt 0.764687 0.171943
vt 0.857488 0.258299
vt 0.856012 0.258310
vt 0.856012 0.250252
vt 0.857488 0.250253
vt 0.076428 0.836645
vt 0.080797 0.836645
vt 0.080797 0.841959
vt 0.076428 0.841960
vt 0.083417 0.456644
vt 0.082533 0.416969
vt 0.087986 0.417270
vt 0.087986 0.456662
vt 0.489680 0.550722
vt 0.489680 0.503954
vt 0.490534 0.503954
vt 0.490534 0.550722
vt 0.083387 0.505485
vt 0.083387 0.552253
vt 0.082533 0.552253
vt 0.082533 0.505485
vt 0.429546 0.840154
vt 0.429546 0.836657
vt 0.436052 0.836657
vt 0.436052 0.840154
vt 0.685139 0.575761
vt 0.683976 0.575761
vt 0.683976 0.550443
vt 0.685139 0.550443
vt 0.836001 0.675355
vt 0.836001 0.675657
vt 0.833986 0.675657
vt 0.833986 0.675355
vt 0.196672 0.681617
vt 0.196672 0.682781
vt 0.171354 0.682781
vt 0.171354 0.681617
vt 0.987330 0.489021
vt 0.987632 0.489021
vt 0.987632 0.491190
vt 0.987330 0.491190
vt 0.315474 0.840607
vt 0.315474 0.837111
vt 0.321980 0.837111
vt 0.321980 0.840607
vt 0.987395 0.414679
vt 0.987697 0.414679
vt 0.987697 0.416848
vt 0.987395 0.416848
vt 0.316414 0.185865
vt 0.316414 0.186167
vt 0.314225 0.186167
vt 0.314225 0.185865
vt 0.890745 0.615820
vt 0.887434 0.615820
vt 0.887434 0.614464
vt 0.890745 0.614464
vt 0.474899 0.852847
vt 0.472336 0.847035
vt 0.474899 0.846265
vt 0.898216 0.351580
vt 0.897483 0.349007
vt 0.898216 0.346455
vt 0.989117 0.765564
vt 0.988738 0.764675
vt 0.989117 0.763710
vt 0.864055 0.659777
vt 0.865930 0.655173
vt 0.865930 0.661755
vt 0.167251 0.884987
vt 0.166313 0.884678
vt 0.167251 0.878872
vt 0.707794 0.893801
vt 0.707794 0.897368
vt 0.705886 0.897363
vt 0.533394 0.831027
vt 0.535250 0.827852
vt 0.535250 0.837697
vt 0.987837 0.079782
vt 0.987319 0.077959
vt 0.987837 0.077798
vt 0.472336 0.835930
vt 0.474960 0.830187
vt 0.474960 0.838560
vt 0.262410 0.839107
vt 0.259786 0.833204
vt 0.262410 0.830734
vt 0.108847 0.991720
vt 0.108662 0.990806
vt 0.108847 0.990398
vt 0.038554 0.853299
vt 0.038554 0.859480
vt 0.035946 0.854209
vt 0.583887 0.135308
vt 0.581975 0.105864
vt 0.583887 0.099987
vt 0.989088 0.317275
vt 0.988701 0.316318
vt 0.989088 0.315397
vt 0.922410 0.615806
vt 0.921944 0.613126
vt 0.922410 0.612456
vt 0.987608 0.266671
vt 0.988104 0.266618
vt 0.988104 0.268513
vt 0.992743 0.503498
vt 0.992561 0.502987
vt 0.992743 0.502523
vt 0.850800 0.480480
vt 0.851810 0.480267
vt 0.851810 0.481303
vt 0.866633 0.047931
vt 0.868049 0.045601
vt 0.868049 0.052857
vt 0.898161 0.538005
vt 0.897427 0.535432
vt 0.898161 0.532879
vt 0.866795 0.151430
vt 0.868211 0.149100
vt 0.868211 0.156356
vt 0.261662 0.860230
vt 0.261662 0.866812
vt 0.259786 0.864834
vt 0.647094 0.861714
vt 0.648970 0.859683
vt 0.648970 0.866265
vt 0.995584 0.415283
vt 0.995402 0.414990
vt 0.995584 0.414679
vt 0.671652 0.995568
vt 0.671470 0.995275
vt 0.671652 0.994964
vt 0.576719 0.824783
vt 0.573041 0.817261
vt 0.576719 0.816623
vt 0.858408 0.879729
vt 0.857442 0.876277
vt 0.858408 0.872806
vt 0.836233 0.831618
vt 0.838090 0.828443
vt 0.838090 0.838288
vt 0.879982 0.084722
vt 0.879016 0.081270
vt 0.879982 0.077798
vt 0.890869 0.109491
vt 0.890869 0.115101
vt 0.889942 0.111245
vt 0.905718 0.098403
vt 0.904955 0.098062
vt 0.905718 0.094437
vt 0.108662 0.833124
vt 0.111286 0.830655
vt 0.111286 0.839027
vt 0.025417 0.993908
vt 0.025656 0.993488
vt 0.025656 0.994307
vt 0.097888 0.994370
vt 0.097649 0.993971
vt 0.097888 0.993551
vt 0.748000 0.675295
vt 0.746711 0.675103
vt 0.748000 0.655173
vt 0.564011 0.557688
vt 0.562434 0.555420
vt 0.564011 0.555264
vt 0.867076 0.989398
vt 0.867076 0.990338
vt 0.866345 0.989760
vt 0.916580 0.252457
vt 0.915735 0.249871
vt 0.916580 0.249271
vt 0.793729 0.052636
vt 0.793729 0.053746
vt 0.791977 0.053746
vt 0.901583 0.153058
vt 0.900903 0.149137
vt 0.901583 0.148527
vt 0.988077 0.431856
vt 0.987653 0.430602
vt 0.988077 0.429903
vt 0.855150 0.815979
vt 0.853618 0.808806
vt 0.855150 0.807956
vt 0.988593 0.209193
vt 0.988193 0.208312
vt 0.988593 0.207277
vt 0.769918 0.086411
vt 0.768002 0.085848
vt 0.769918 0.085286
vt 0.988637 0.478620
vt 0.988194 0.477617
vt 0.988637 0.476769
vt 0.073881 0.516081
vt 0.074711 0.516080
vt 0.074711 0.517514
vt 0.989792 0.029493
vt 0.989792 0.031360
vt 0.989553 0.030289
vt 0.566388 0.455854
vt 0.565119 0.455254
vt 0.566388 0.454971
vt 0.182248 0.990830
vt 0.182854 0.990480
vt 0.182854 0.991216
vt 0.100312 0.828731
vt 0.100915 0.815135
vt 0.100915 0.828796
vt 0.869188 0.338816
vt 0.868587 0.330185
vt 0.869188 0.330157
vt 0.978708 0.948524
vt 0.978708 0.949375
vt 0.977837 0.948708
vt 0.413358 0.989809
vt 0.413020 0.989051
vt 0.413358 0.988228
vt 0.844352 0.278227
vt 0.843474 0.267294
vt 0.844352 0.267204
vt 0.992341 0.966554
vt 0.992893 0.966302
vt 0.992893 0.966888
vt 0.174544 0.991688
vt 0.174286 0.991072
vt 0.174544 0.990480
vt 0.124581 0.987982
vt 0.124581 0.989107
vt 0.123578 0.988663
vt 0.216776 0.986489
vt 0.217879 0.985758
vt 0.217879 0.987218
vt 0.809151 0.540405
vt 0.809151 0.541727
vt 0.796693 0.540947
vt 0.803797 0.990142
vt 0.804462 0.989522
vt 0.804462 0.990489
vt 0.493961 0.897437
vt 0.493961 0.901417
vt 0.492902 0.897973
vt 0.886547 0.875155
vt 0.887668 0.874765
vt 0.887668 0.880364
vt 0.889289 0.009682
vt 0.888426 0.004150
vt 0.889289 0.003852
vt 0.973525 0.222276
vt 0.972170 0.221587
vt 0.973525 0.220552
vt 0.630394 0.374014
vt 0.633124 0.370137
vt 0.633124 0.395818
vt 0.800639 0.667436
vt 0.802335 0.655173
vt 0.802335 0.669000
vt 0.816118 0.061509
vt 0.816118 0.075408
vt 0.815115 0.061626
vt 0.946887 0.061509
vt 0.946887 0.063055
vt 0.945132 0.062220
vt 0.838525 0.774782
vt 0.837390 0.774664
vt 0.838525 0.763721
vt 0.724812 0.586011
vt 0.726580 0.585651
vt 0.726580 0.606017
vt 0.733651 0.330157
vt 0.733651 0.351924
vt 0.732510 0.351490
vt 0.742869 0.542176
vt 0.744014 0.541975
vt 0.744014 0.542612
vt 0.790899 0.330157
vt 0.790899 0.343302
vt 0.788475 0.330824
vt 0.507249 0.904861
vt 0.506034 0.903755
vt 0.507249 0.901366
vt 0.780770 0.344785
vt 0.778707 0.331803
vt 0.780770 0.330157
vt 0.900008 0.584404
vt 0.899296 0.581922
vt 0.900008 0.579399
vt 0.826687 0.867777
vt 0.828523 0.863103
vt 0.828523 0.869649
vt 0.806417 0.851921
vt 0.806417 0.858184
vt 0.803797 0.857919
vt 0.754565 0.865075
vt 0.756400 0.863064
vt 0.756400 0.869610
vt 0.873554 0.131301
vt 0.872174 0.129059
vt 0.873554 0.124248
vt 0.899915 0.660177
vt 0.899203 0.657696
vt 0.899915 0.655173
vt 0.873554 0.116544
vt 0.872174 0.114301
vt 0.873554 0.109491
vt 0.683831 0.863538
vt 0.683831 0.870084
vt 0.681995 0.868212
vt 0.865067 0.036565
vt 0.863351 0.036300
vt 0.865067 0.029493
vt 0.765922 0.420035
vt 0.765922 0.422170
vt 0.764513 0.421049
vt 0.647542 0.464060
vt 0.649396 0.463676
vt 0.649396 0.490604
vt 0.456852 0.900842
vt 0.458036 0.896949
vt 0.458036 0.900903
vt 0.715136 0.517416
vt 0.717866 0.514167
vt 0.717866 0.532369
vt 0.802731 0.638503
vt 0.801554 0.638363
vt 0.802731 0.623525
vt 0.760517 0.795712
vt 0.760517 0.810597
vt 0.759586 0.810463
vt 0.675938 0.777218
vt 0.675938 0.778942
vt 0.660854 0.778565
vt 0.725571 0.514281
vt 0.726791 0.514167
vt 0.726791 0.536109
vt 0.390220 0.922876
vt 0.389246 0.922610
vt 0.390220 0.920195
vt 0.792327 0.400094
vt 0.794748 0.397712
vt 0.794748 0.410482
vt 0.605302 0.210681
vt 0.608420 0.187151
vt 0.608420 0.214037
vt 0.991278 0.447797
vt 0.991118 0.447602
vt 0.991278 0.446316
vt 0.775223 0.417596
vt 0.774877 0.417584
vt 0.775223 0.397712
vt 0.675142 0.080394
vt 0.677842 0.064695
vt 0.677842 0.086323
vt 0.464630 0.697276
vt 0.464441 0.696999
vt 0.464630 0.695759
vt 0.991643 0.182216
vt 0.991383 0.181523
vt 0.991643 0.180929
vt 0.245559 0.989833
vt 0.246356 0.989427
vt 0.246356 0.990329
vt 0.792934 0.670985
vt 0.791746 0.670884
vt 0.792934 0.655173
vt 0.808100 0.646276
vt 0.808100 0.647468
vt 0.800639 0.647462
vt 0.704519 0.232606
vt 0.704519 0.255982
vt 0.703200 0.232723
vt 0.851820 0.422013
vt 0.849320 0.416107
vt 0.851820 0.415005
vt 0.674967 0.667148
vt 0.677680 0.658576
vt 0.677680 0.679839
vt 0.005254 0.824367
vt 0.005254 0.835937
vt 0.004045 0.824658
vt 0.881818 0.661481
vt 0.882721 0.655173
vt 0.882721 0.661492
vt 0.841746 0.747438
vt 0.842860 0.737430
vt 0.842860 0.748217
vt 0.648235 0.987118
vt 0.648235 0.988354
vt 0.647094 0.987736
vt 0.781871 0.770899
vt 0.784400 0.763721
vt 0.784400 0.777036
vt 0.272440 0.985990
vt 0.272440 0.987370
vt 0.271292 0.986770
vt 0.913191 0.988408
vt 0.912032 0.987958
vt 0.913191 0.987219
vt 0.991325 0.399167
vt 0.991122 0.398884
vt 0.991325 0.397712
vt 0.766726 0.988521
vt 0.767598 0.988193
vt 0.767598 0.989167
vt 0.922497 0.467026
vt 0.922035 0.466044
vt 0.922497 0.463676
vt 0.817245 0.987764
vt 0.816075 0.986956
vt 0.817245 0.986504
vt 0.662188 0.282445
vt 0.664737 0.267204
vt 0.664737 0.290184
vt 0.856044 0.446599
vt 0.857272 0.446316
vt 0.857272 0.454776
vt 0.797425 0.724860
vt 0.796246 0.724684
vt 0.797425 0.709460
vt 0.836233 0.989759
vt 0.837045 0.989363
vt 0.837045 0.990229
vt 0.471274 0.991061
vt 0.470996 0.990580
vt 0.471274 0.989684
vt 0.482481 0.990725
vt 0.482481 0.991397
vt 0.481915 0.991080
vt 0.580702 0.483528
vt 0.583432 0.463676
vt 0.583432 0.495876
vt 0.838024 0.591788
vt 0.837356 0.591774
vt 0.838024 0.579399
vt 0.751794 0.350009
vt 0.750604 0.349936
vt 0.751794 0.330157
vt 0.311774 0.808841
vt 0.310388 0.808773
vt 0.311774 0.794967
vt 0.135304 0.879644
vt 0.134134 0.879415
vt 0.135304 0.873110
vt 0.984800 0.987384
vt 0.985893 0.986683
vt 0.985893 0.987986
vt 0.787405 0.352490
vt 0.787405 0.353429
vt 0.778707 0.353319
vt 0.868425 0.189730
vt 0.867874 0.189649
vt 0.868425 0.180929
vt 0.988623 0.283397
vt 0.988623 0.284721
vt 0.987596 0.283967
vt 0.988680 0.524874
vt 0.987670 0.524165
vt 0.988680 0.523668
vt 0.990374 0.776169
vt 0.990170 0.775883
vt 0.990374 0.774695
vt 0.859550 0.021711
vt 0.853392 0.020757
vt 0.859550 0.020477
vt 0.838060 0.868658
vt 0.836233 0.864002
vt 0.838060 0.862075
vt 0.076428 0.867557
vt 0.078255 0.862953
vt 0.078255 0.869535
vt 0.840619 0.610349
vt 0.838811 0.607257
vt 0.840619 0.600760
vt 0.837638 0.186896
vt 0.840194 0.180929
vt 0.840194 0.189302
vt 0.496492 0.818133
vt 0.496492 0.826276
vt 0.492902 0.825697
vt 0.868700 0.300314
vt 0.868700 0.307555
vt 0.867283 0.302617
vt 0.865554 0.645084
vt 0.867439 0.640603
vt 0.867439 0.647149
vt 0.868052 0.404258
vt 0.866167 0.399634
vt 0.868052 0.397712
vt 0.124554 0.864537
vt 0.126381 0.862610
vt 0.126381 0.869192
vt 0.872075 0.010919
vt 0.870696 0.008650
vt 0.872075 0.003852
vt 0.900095 0.169053
vt 0.899381 0.166567
vt 0.900095 0.164060
vt 0.872293 0.368281
vt 0.870914 0.366011
vt 0.872293 0.361213
vt 0.900089 0.434895
vt 0.899374 0.432409
vt 0.900089 0.429903
vt 0.697717 0.856026
vt 0.695128 0.849975
vt 0.697717 0.849682
vt 0.331049 0.834226
vt 0.333605 0.831665
vt 0.333605 0.840037
vt 0.143009 0.876472
vt 0.143950 0.873110
vt 0.143950 0.879853
vt 0.840223 0.407300
vt 0.838414 0.404208
vt 0.840223 0.397712
vt 0.880721 0.010596
vt 0.879780 0.007215
vt 0.880721 0.003852
vt 0.636049 0.830873
vt 0.636049 0.839245
vt 0.633494 0.836840
vt 0.853209 0.346748
vt 0.853209 0.353294
vt 0.850635 0.352466
vt 0.897926 0.288535
vt 0.897195 0.285945
vt 0.897926 0.283397
vt 0.868620 0.844575
vt 0.868620 0.851816
vt 0.867202 0.846877
vt 0.897867 0.212415
vt 0.897136 0.209825
vt 0.897867 0.207277
vt 0.506298 0.863087
vt 0.508183 0.861166
vt 0.508183 0.867711
vt 0.995337 0.489343
vt 0.995538 0.489021
vt 0.995538 0.489677
vt 0.995490 0.683899
vt 0.995289 0.683565
vt 0.995490 0.683243
vt 0.599914 0.506098
vt 0.604715 0.505667
vt 0.604715 0.506098
vt 0.930875 0.542636
vt 0.931533 0.542206
vt 0.931533 0.542637
vt 0.895753 0.990265
vt 0.895753 0.991050
vt 0.894996 0.990787
vt 0.901330 0.397712
vt 0.901330 0.402579
vt 0.900739 0.397814
vt 0.884866 0.851375
vt 0.885204 0.844374
vt 0.885204 0.851383
vt 0.464623 0.688054
vt 0.464441 0.688005
vt 0.464623 0.686417
vt 0.744530 0.989740
vt 0.744194 0.989704
vt 0.744530 0.988142
vt 0.123587 0.914689
vt 0.124442 0.913109
vt 0.124442 0.916333
vt 0.639837 0.493249
vt 0.638394 0.463789
vt 0.639837 0.463676
vt 0.583065 0.338784
vt 0.583065 0.374077
vt 0.581089 0.368290
vt 0.883385 0.669507
vt 0.883385 0.675657
vt 0.882442 0.670434
vt 0.894962 0.737700
vt 0.895763 0.737430
vt 0.895763 0.742947
vt 0.124483 0.631870
vt 0.124483 0.633272
vt 0.094992 0.632789
vt 0.987475 0.941726
vt 0.987027 0.940205
vt 0.987475 0.939324
vt 0.473326 0.900323
vt 0.473326 0.904221
vt 0.472336 0.903352
vt 0.903661 0.991582
vt 0.903457 0.991184
vt 0.903661 0.990265
vt 0.967388 0.977830
vt 0.966450 0.976350
vt 0.967388 0.975756
vt 0.961428 0.541788
vt 0.961428 0.542697
vt 0.959404 0.542243
vt 0.851307 0.232085
vt 0.851307 0.240526
vt 0.849681 0.236314
vt 0.399256 0.989584
vt 0.398819 0.988564
vt 0.399256 0.987955
vt 0.379489 0.890227
vt 0.379489 0.894742
vt 0.377986 0.894114
vt 0.987976 0.534884
vt 0.987565 0.534020
vt 0.987976 0.532879
vt 0.749408 0.798563
vt 0.749408 0.811410
vt 0.747732 0.806409
vt 0.754565 0.890417
vt 0.755468 0.890285
vt 0.755468 0.895613
vt 0.850062 0.600760
vt 0.850062 0.609110
vt 0.848324 0.605711
vt 0.560182 0.906436
vt 0.559326 0.906119
vt 0.560182 0.902619
vt 0.887169 0.864768
vt 0.885779 0.860840
vt 0.887169 0.859521
vt 0.929779 0.985593
vt 0.929779 0.987345
vt 0.928822 0.985593
vt 0.967407 0.985535
vt 0.967407 0.987288
vt 0.966450 0.987288
vt 0.610664 0.775605
vt 0.610277 0.774885
vt 0.610664 0.773477
vt 0.988268 0.552097
vt 0.987548 0.550860
vt 0.988268 0.550443
vt 0.329607 0.986556
vt 0.329607 0.987407
vt 0.328007 0.986978
vt 0.733186 0.870696
vt 0.733186 0.877408
vt 0.731903 0.872052
vt 0.312568 0.873362
vt 0.314189 0.872697
vt 0.314189 0.878624
vt 0.588917 0.988399
vt 0.588472 0.989643
vt 0.588472 0.988240
vt 0.341374 0.091539
vt 0.342471 0.091539
vt 0.342471 0.092236
vt 0.151967 0.989911
vt 0.151657 0.989244
vt 0.151967 0.988478
vt 0.133077 0.991079
vt 0.132768 0.990581
vt 0.133077 0.989743
vt 0.166581 0.991685
vt 0.166313 0.991146
vt 0.166581 0.990480
vt 0.574793 0.796071
vt 0.574793 0.808918
vt 0.573041 0.801631
vt 0.859525 0.414726
vt 0.861276 0.414679
vt 0.861276 0.422013
vt 0.912519 0.924567
vt 0.912032 0.923260
vt 0.912519 0.921379
vt 0.076962 0.974617
vt 0.076428 0.973586
vt 0.076962 0.971966
vt 0.675146 0.289179
vt 0.672442 0.288803
vt 0.675146 0.267204
vt 0.414311 0.895317
vt 0.413020 0.891458
vt 0.414311 0.890575
vt 0.112118 0.670572
vt 0.111842 0.669442
vt 0.112118 0.667913
vt 0.957988 0.987288
vt 0.957405 0.986685
vt 0.957988 0.984981
vt 0.782928 0.420573
vt 0.795201 0.420537
vt 0.795201 0.422197
vt 0.920896 0.987409
vt 0.921105 0.987219
vt 0.921105 0.988915
vt 0.831787 0.786506
vt 0.831787 0.798763
vt 0.830647 0.787762
vt 0.963984 0.670692
vt 0.964610 0.669507
vt 0.964610 0.672105
vt 0.704903 0.029891
vt 0.704903 0.051801
vt 0.703135 0.031795
vt 0.275363 0.658350
vt 0.275363 0.683777
vt 0.274223 0.679682
vt 0.901888 0.644853
vt 0.901032 0.644462
vt 0.901888 0.640603
vt 0.792693 0.647433
vt 0.792413 0.646767
vt 0.792693 0.646196
vt 0.912254 0.506086
vt 0.911457 0.504106
vt 0.912254 0.502523
vt 0.781031 0.267204
vt 0.781031 0.281832
vt 0.778968 0.280186
vt 0.262143 0.790813
vt 0.262143 0.802894
vt 0.259786 0.802859
vt 0.775094 0.207277
vt 0.775094 0.221904
vt 0.772737 0.219323
vt 0.791159 0.280349
vt 0.788736 0.279682
vt 0.791159 0.267204
vt 0.788216 0.247806
vt 0.786681 0.247505
vt 0.788216 0.232606
vt 0.779607 0.885789
vt 0.779607 0.889075
vt 0.776877 0.889038
vt 0.771263 0.267204
vt 0.771263 0.285227
vt 0.770123 0.281941
vt 0.907713 0.579399
vt 0.908853 0.579399
vt 0.908853 0.582686
vt 0.695708 0.798902
vt 0.697789 0.797282
vt 0.697789 0.809363
vt 0.648452 0.904356
vt 0.647094 0.902134
vt 0.648452 0.900959
vt 0.285365 0.881786
vt 0.283121 0.879641
vt 0.285365 0.877205
vt 0.667437 0.088430
vt 0.665235 0.065158
vt 0.667437 0.064695
vt 0.867551 0.946172
vt 0.866992 0.944911
vt 0.867551 0.943296
vt 0.398819 0.902263
vt 0.399938 0.901850
vt 0.399938 0.905381
vt 0.676271 0.550443
vt 0.676271 0.577043
vt 0.675079 0.553766
vt 0.873944 0.770236
vt 0.872244 0.769647
vt 0.873944 0.763721
vt 0.160383 0.219242
vt 0.176135 0.218892
vt 0.176135 0.221612
vt 0.133283 0.982038
vt 0.132768 0.981342
vt 0.133283 0.979484
vt 0.202697 0.990627
vt 0.202960 0.990136
vt 0.202960 0.991482
vt 0.991205 0.062996
vt 0.991019 0.062742
vt 0.991205 0.061509
vt 0.066905 0.990001
vt 0.067092 0.989748
vt 0.067092 0.991223
vt 0.919127 0.847791
vt 0.918593 0.846524
vt 0.919127 0.844374
vt 0.894874 0.859585
vt 0.895220 0.859521
vt 0.895220 0.865807
vt 0.727379 0.361213
vt 0.727379 0.383152
vt 0.726187 0.367385
vt 0.067804 0.881405
vt 0.068351 0.881301
vt 0.068351 0.887753
vt 0.812584 0.124248
vt 0.812584 0.138049
vt 0.811391 0.130589
vt 0.690761 0.182381
vt 0.690761 0.202647
vt 0.688029 0.188835
vt 0.798530 0.697441
vt 0.796849 0.697135
vt 0.798530 0.683362
vt 0.960893 0.658086
vt 0.960430 0.656741
vt 0.960893 0.655173
vt 0.788541 0.722438
vt 0.785981 0.721581
vt 0.788541 0.709460
vt 0.484945 0.842767
vt 0.482947 0.834300
vt 0.484945 0.833776
vt 0.964448 0.582082
vt 0.963883 0.581108
vt 0.964448 0.579399
vt 0.922347 0.626681
vt 0.921723 0.624520
vt 0.922347 0.623525
vt 0.038208 0.834029
vt 0.038554 0.833990
vt 0.038554 0.845595
vt 0.722019 0.300314
vt 0.722019 0.322577
vt 0.720826 0.311857
vt 0.991447 0.149885
vt 0.991188 0.149422
vt 0.991447 0.148527
vt 0.954428 0.766580
vt 0.953884 0.764889
vt 0.954428 0.763710
vt 0.977606 0.913447
vt 0.977241 0.912882
vt 0.977606 0.910674
vt 0.867429 0.068147
vt 0.865594 0.067555
vt 0.867429 0.061509
vt 0.515887 0.840871
vt 0.523304 0.840062
vt 0.523304 0.842576
vt 0.990420 0.221008
vt 0.990692 0.220552
vt 0.990692 0.221943
vt 0.657907 0.187151
vt 0.657907 0.209415
vt 0.654876 0.198645
vt 0.790152 0.289537
vt 0.790152 0.291752
vt 0.778968 0.289850
vt 0.401387 0.802467
vt 0.398819 0.792731
vt 0.401387 0.790581
vt 0.809579 0.052157
vt 0.809579 0.053792
vt 0.801434 0.052367
vt 0.080698 0.759650
vt 0.078000 0.744621
vt 0.080698 0.744199
vt 0.876130 0.180952
vt 0.876464 0.180929
vt 0.876464 0.189405
vt 0.706644 0.062706
vt 0.706644 0.086453
vt 0.705455 0.071099
vt 0.092607 0.803186
vt 0.090414 0.802732
vt 0.092607 0.790540
vt 0.695430 0.049929
vt 0.692731 0.030299
vt 0.695430 0.029891
vt 0.836985 0.655243
vt 0.837722 0.655173
vt 0.837722 0.667614
vt 0.626095 0.187151
vt 0.626095 0.219350
vt 0.624903 0.199535
vt 0.068034 0.821442
vt 0.068285 0.821422
vt 0.068285 0.835315
vt 0.750679 0.709460
vt 0.750679 0.729726
vt 0.749487 0.723302
vt 0.964619 0.789279
vt 0.964139 0.787270
vt 0.964619 0.786506
vt 0.954391 0.318273
vt 0.953848 0.317088
vt 0.954391 0.315397
vt 0.810244 0.290560
vt 0.810244 0.291752
vt 0.797857 0.290673
vt 0.743850 0.585651
vt 0.743850 0.606747
vt 0.742657 0.598028
vt 0.754565 0.989804
vt 0.754742 0.989567
vt 0.754742 0.991066
vt 0.898574 0.110167
vt 0.899005 0.109491
vt 0.899005 0.114968
vt 0.897113 0.077798
vt 0.897113 0.083273
vt 0.896464 0.082621
vt 0.988785 0.817956
vt 0.989199 0.817849
vt 0.989199 0.819548
vt 0.925316 0.164060
vt 0.925316 0.167285
vt 0.924888 0.165705
vt 0.873888 0.777941
vt 0.873888 0.778796
vt 0.872244 0.778796
vt 0.988211 0.515963
vt 0.987670 0.514460
vt 0.988211 0.514167
vt 0.708617 0.859280
vt 0.705886 0.859235
vt 0.705886 0.854110
vt 0.708617 0.853209
vt 0.513168 0.643119
vt 0.513168 0.670183
vt 0.511976 0.669294
vt 0.511976 0.643744
vt 0.801683 0.194997
vt 0.801683 0.180929
vt 0.802876 0.180929
vt 0.802876 0.195687
vt 0.661083 0.370888
vt 0.662804 0.370137
vt 0.662804 0.396029
vt 0.661492 0.396047
vt 0.933119 0.003852
vt 0.933119 0.005474
vt 0.931316 0.005131
vt 0.931316 0.004180
vt 0.745884 0.888379
vt 0.745884 0.893989
vt 0.745159 0.893853
vt 0.745273 0.888271
vt 0.167254 0.599971
vt 0.167511 0.569711
vt 0.169588 0.569813
vt 0.169588 0.600231
vt 0.859592 0.755577
vt 0.859586 0.753526
vt 0.865179 0.753360
vt 0.865179 0.755956
vt 0.398819 0.857069
vt 0.404425 0.856658
vt 0.404425 0.859679
vt 0.398820 0.859596
vt 0.328012 0.864454
vt 0.328007 0.862130
vt 0.333571 0.862033
vt 0.333571 0.864658
vt 0.892688 0.792125
vt 0.892072 0.792248
vt 0.891944 0.786656
vt 0.892688 0.786506
vt 0.273830 0.793795
vt 0.273830 0.805467
vt 0.271292 0.804681
vt 0.271380 0.794474
vt 0.356597 0.946133
vt 0.356597 0.945387
vt 0.358681 0.945160
vt 0.358681 0.946401
vt 0.794866 0.803989
vt 0.796092 0.803981
vt 0.796092 0.816346
vt 0.794380 0.816357
vt 0.442405 0.863229
vt 0.442404 0.860959
vt 0.447964 0.860768
vt 0.447964 0.863479
vt 0.123587 0.942382
vt 0.125669 0.942612
vt 0.125669 0.943372
vt 0.123587 0.943645
vt 0.623955 0.859816
vt 0.623955 0.862719
vt 0.618399 0.862415
vt 0.618394 0.860109
vt 0.530223 0.860551
vt 0.535806 0.860201
vt 0.535806 0.862937
vt 0.530223 0.862843
vt 0.969896 0.361223
vt 0.971373 0.360796
vt 0.971373 0.362418
vt 0.969896 0.362010
vt 0.782928 0.398161
vt 0.784622 0.397712
vt 0.784622 0.412383
vt 0.782928 0.412832
vt 0.358078 0.972346
vt 0.358078 0.973909
vt 0.356597 0.973473
vt 0.356597 0.972715
vt 0.663348 0.869659
vt 0.657778 0.869878
vt 0.657778 0.867417
vt 0.663348 0.867604
vt 0.202706 0.870804
vt 0.202697 0.866229
vt 0.205173 0.865812
vt 0.205173 0.871415
vt 0.318129 0.854665
vt 0.315474 0.854335
vt 0.315594 0.849414
vt 0.318129 0.848312
vt 0.749744 0.570630
vt 0.749744 0.550443
vt 0.750937 0.550453
vt 0.750937 0.570640
vt 0.795732 0.858012
vt 0.795732 0.860988
vt 0.790159 0.860687
vt 0.790159 0.858198
vt 0.020615 0.538846
vt 0.020615 0.536172
vt 0.054603 0.536079
vt 0.054603 0.538959
vt 0.312140 0.534540
vt 0.312140 0.531865
vt 0.346129 0.531772
vt 0.346129 0.534653
vt 0.737588 0.173116
vt 0.737856 0.150245
vt 0.738330 0.150314
vt 0.738330 0.173224
vt 0.496041 0.100137
vt 0.498394 0.099987
vt 0.498394 0.147808
vt 0.497294 0.147896
vt 0.710741 0.796803
vt 0.708384 0.796803
vt 0.708384 0.784092
vt 0.710741 0.784033
vt 0.776068 0.445450
vt 0.776068 0.429903
vt 0.777812 0.430080
vt 0.777812 0.445627
vt 0.867846 0.935539
vt 0.866992 0.935592
vt 0.866992 0.933045
vt 0.867846 0.932992
vt 0.764128 0.623711
vt 0.766778 0.623525
vt 0.766778 0.638164
vt 0.764120 0.638143
vt 0.892244 0.451914
vt 0.891610 0.452031
vt 0.891479 0.446459
vt 0.892244 0.446316
vt 0.672258 0.898286
vt 0.672258 0.902557
vt 0.671508 0.902232
vt 0.671470 0.898430
vt 0.914594 0.568373
vt 0.913800 0.568320
vt 0.913815 0.565180
vt 0.914594 0.564982
vt 0.891407 0.254896
vt 0.890773 0.255029
vt 0.890625 0.249430
vt 0.891407 0.249271
vt 0.735084 0.384125
vt 0.735356 0.361213
vt 0.735837 0.361253
vt 0.735837 0.384186
vt 0.342725 0.973626
vt 0.344206 0.973191
vt 0.344206 0.974748
vt 0.342725 0.974381
vt 0.941579 0.124822
vt 0.941579 0.123910
vt 0.943383 0.123616
vt 0.943383 0.125170
vt 0.286834 0.751422
vt 0.283121 0.751530
vt 0.283121 0.738081
vt 0.286834 0.737973
vt 0.844539 0.571208
vt 0.844535 0.568649
vt 0.850128 0.568511
vt 0.850128 0.571695
vt 0.867166 0.971317
vt 0.866345 0.971298
vt 0.866384 0.969234
vt 0.867166 0.968994
vt 0.887291 0.905264
vt 0.886326 0.905020
vt 0.886326 0.901761
vt 0.887291 0.901461
vt 0.025417 0.975116
vt 0.025417 0.974362
vt 0.026899 0.973996
vt 0.026899 0.975550
vt 0.368904 0.948935
vt 0.367096 0.948627
vt 0.367096 0.947751
vt 0.368904 0.947442
vt 0.882921 0.249455
vt 0.882921 0.255439
vt 0.881937 0.255216
vt 0.882105 0.249271
vt 0.775310 0.150426
vt 0.777053 0.150245
vt 0.777053 0.165792
vt 0.775310 0.165973
vt 0.151657 0.961044
vt 0.153740 0.961284
vt 0.153740 0.962008
vt 0.151657 0.962248
vt 0.608838 0.947019
vt 0.610644 0.947321
vt 0.610644 0.948198
vt 0.608838 0.948514
vt 0.312568 0.864754
vt 0.312568 0.862558
vt 0.318129 0.862369
vt 0.318129 0.864992
vt 0.166313 0.973139
vt 0.166313 0.972372
vt 0.167792 0.971996
vt 0.167792 0.973577
vt 0.660390 0.463676
vt 0.660390 0.485062
vt 0.657100 0.484149
vt 0.657160 0.463683
vt 0.694201 0.943091
vt 0.692119 0.942850
vt 0.692119 0.942074
vt 0.694201 0.941801
vt 0.600317 0.100139
vt 0.602325 0.099987
vt 0.602325 0.130248
vt 0.599981 0.130161
vt 0.321265 0.811850
vt 0.319516 0.811957
vt 0.320449 0.799510
vt 0.321265 0.799460
vt 0.802509 0.489021
vt 0.802509 0.504140
vt 0.802227 0.504140
vt 0.801369 0.489021
vt 0.731903 0.826688
vt 0.733205 0.826458
vt 0.733205 0.837481
vt 0.732519 0.837602
vt 0.928822 0.976790
vt 0.930307 0.976384
vt 0.930307 0.977888
vt 0.928822 0.977520
vt 0.971373 0.370481
vt 0.971373 0.372103
vt 0.969896 0.371676
vt 0.969896 0.370889
vt 0.849818 0.300342
vt 0.849818 0.308783
vt 0.848071 0.308642
vt 0.848065 0.300314
vt 0.515887 0.863574
vt 0.515888 0.861308
vt 0.521450 0.861166
vt 0.521450 0.863871
vt 0.342729 0.858795
vt 0.348282 0.858474
vt 0.348282 0.861397
vt 0.342725 0.861117
vt 0.838786 0.168757
vt 0.844289 0.169130
vt 0.844289 0.171918
vt 0.838212 0.172058
vt 0.641198 0.432002
vt 0.638468 0.431983
vt 0.638173 0.409485
vt 0.641198 0.407897
vt 0.762798 0.529286
vt 0.760147 0.529100
vt 0.760140 0.514668
vt 0.762798 0.514167
vt 0.653378 0.370899
vt 0.653378 0.393162
vt 0.650346 0.392400
vt 0.650346 0.370137
vt 0.967016 0.601183
vt 0.968493 0.600760
vt 0.968493 0.602384
vt 0.967016 0.601971
vt 0.932016 0.809555
vt 0.932016 0.807956
vt 0.933819 0.808307
vt 0.933819 0.809245
vt 0.618394 0.973365
vt 0.619875 0.972930
vt 0.619875 0.974487
vt 0.618394 0.974120
vt 0.057631 0.866499
vt 0.060099 0.865888
vt 0.060099 0.871491
vt 0.057623 0.871074
vt 0.936632 0.316707
vt 0.934550 0.316447
vt 0.934550 0.315659
vt 0.936632 0.315397
vt 0.731022 0.463732
vt 0.732709 0.463676
vt 0.732709 0.483942
vt 0.731022 0.483942
vt 0.557156 0.274323
vt 0.558297 0.273889
vt 0.558297 0.318102
vt 0.557157 0.318102
vt 0.395110 0.553229
vt 0.395110 0.550690
vt 0.429098 0.550593
vt 0.429098 0.553326
vt 0.842930 0.330157
vt 0.842930 0.340958
vt 0.841790 0.340958
vt 0.841790 0.330157
vt 0.844823 0.199572
vt 0.838760 0.199414
vt 0.838777 0.198484
vt 0.844823 0.197883
vt 0.329737 0.600418
vt 0.329748 0.599023
vt 0.356631 0.598648
vt 0.356631 0.601755
vt 0.600963 0.862888
vt 0.600964 0.860607
vt 0.606531 0.860572
vt 0.606531 0.863296
vt 0.456864 0.846141
vt 0.459551 0.845681
vt 0.459551 0.851764
vt 0.456852 0.852181
vt 0.869179 0.725320
vt 0.869179 0.727831
vt 0.864667 0.727684
vt 0.863654 0.725352
vt 0.856044 0.438561
vt 0.856044 0.429903
vt 0.857139 0.429953
vt 0.857139 0.438612
vt 0.601613 0.839909
vt 0.600963 0.833871
vt 0.604888 0.834203
vt 0.604888 0.840186
vt 0.547813 0.808711
vt 0.550644 0.808651
vt 0.550644 0.818563
vt 0.547813 0.818622
vt 0.793225 0.849692
vt 0.793225 0.843146
vt 0.795732 0.843761
vt 0.795732 0.850307
vt 0.625922 0.273919
vt 0.625922 0.300469
vt 0.623194 0.300345
vt 0.623190 0.273889
vt 0.739006 0.676554
vt 0.737814 0.676565
vt 0.738286 0.655184
vt 0.739006 0.655173
vt 0.296763 0.945293
vt 0.298570 0.945594
vt 0.298570 0.946471
vt 0.296763 0.946789
vt 0.724789 0.258727
vt 0.722061 0.258725
vt 0.722060 0.257918
vt 0.724789 0.257534
vt 0.763330 0.600739
vt 0.762169 0.600773
vt 0.760734 0.586413
vt 0.763330 0.585651
vt 0.793355 0.907145
vt 0.790159 0.907144
vt 0.790159 0.906424
vt 0.793355 0.905953
vt 0.367096 0.908584
vt 0.368288 0.907868
vt 0.368288 0.910994
vt 0.367096 0.910997
vt 0.426499 0.864505
vt 0.426499 0.862312
vt 0.432068 0.862149
vt 0.432068 0.864768
vt 0.671040 0.646664
vt 0.671014 0.625037
vt 0.673733 0.624976
vt 0.673733 0.646915
vt 0.442404 0.850274
vt 0.447979 0.849880
vt 0.447979 0.853063
vt 0.442405 0.852936
vt 0.134139 0.854700
vt 0.134134 0.851973
vt 0.139743 0.851955
vt 0.139743 0.855092
vt 0.754565 0.855081
vt 0.754565 0.852438
vt 0.760141 0.852198
vt 0.760141 0.855359
vt 0.166313 0.855010
vt 0.171892 0.854719
vt 0.171892 0.857826
vt 0.166313 0.857609
vt 0.769862 0.330337
vt 0.771002 0.330157
vt 0.771002 0.348360
vt 0.769862 0.348360
vt 0.633977 0.219024
vt 0.634833 0.218962
vt 0.634833 0.224765
vt 0.633800 0.224841
vt 0.861912 0.540991
vt 0.860692 0.541103
vt 0.860692 0.532991
vt 0.861912 0.532879
vt 0.377986 0.832367
vt 0.377986 0.822714
vt 0.380375 0.824057
vt 0.380375 0.831124
vt 0.766257 0.506404
vt 0.763041 0.504696
vt 0.763041 0.494852
vt 0.766257 0.492956
vt 0.359050 0.797198
vt 0.359050 0.810859
vt 0.357738 0.810696
vt 0.358164 0.797088
vt 0.046485 0.896834
vt 0.046338 0.891823
vt 0.047313 0.891892
vt 0.047313 0.896892
vt 0.560061 0.894810
vt 0.559452 0.894914
vt 0.559326 0.889353
vt 0.560061 0.889226
vt 0.731907 0.862585
vt 0.731903 0.860294
vt 0.737454 0.860106
vt 0.737454 0.862991
vt 0.903752 0.502845
vt 0.903752 0.506220
vt 0.902773 0.506462
vt 0.902773 0.502523
vt 0.986229 0.902210
vt 0.986229 0.899663
vt 0.986657 0.899674
vt 0.986657 0.902220
vt 0.784525 0.489470
vt 0.784525 0.504141
vt 0.782831 0.503692
vt 0.782831 0.489021
vt 0.639058 0.861241
vt 0.639058 0.863914
vt 0.633499 0.863741
vt 0.633494 0.861378
vt 0.618407 0.899882
vt 0.618394 0.897166
vt 0.620188 0.897077
vt 0.620188 0.900169
vt 0.651205 0.677551
vt 0.651173 0.656427
vt 0.653898 0.656579
vt 0.653898 0.677870
vt 0.828523 0.846959
vt 0.828523 0.855399
vt 0.827299 0.855274
vt 0.827299 0.846835
vt 0.202845 0.892158
vt 0.203691 0.892110
vt 0.203691 0.897050
vt 0.202697 0.897107
vt 0.414212 0.913848
vt 0.414212 0.916579
vt 0.413020 0.916564
vt 0.413020 0.913833
vt 0.858324 0.566669
vt 0.861209 0.566520
vt 0.861209 0.571521
vt 0.857832 0.571695
vt 0.673015 0.849199
vt 0.671470 0.849382
vt 0.671470 0.840634
vt 0.673015 0.840452
vt 0.860811 0.745542
vt 0.859586 0.745655
vt 0.859586 0.737543
vt 0.860811 0.737430
vt 0.622869 0.362388
vt 0.620139 0.362432
vt 0.620140 0.335816
vt 0.622869 0.335705
vt 0.852786 0.322095
vt 0.852751 0.316735
vt 0.855846 0.316983
vt 0.855846 0.322393
vt 0.775617 0.300491
vt 0.777360 0.300314
vt 0.777360 0.315861
vt 0.775617 0.316038
vt 0.121914 0.807630
vt 0.120276 0.808128
vt 0.120276 0.795262
vt 0.121914 0.794764
vt 0.895276 0.755627
vt 0.895125 0.750661
vt 0.896132 0.750738
vt 0.896132 0.755692
vt 0.846370 0.849896
vt 0.845795 0.844858
vt 0.849737 0.845026
vt 0.849737 0.850040
vt 0.284313 0.916096
vt 0.283121 0.916130
vt 0.283121 0.913399
vt 0.284313 0.913365
vt 0.547846 0.844184
vt 0.550910 0.843918
vt 0.550910 0.850091
vt 0.547813 0.850307
vt 0.859657 0.338269
vt 0.859657 0.330157
vt 0.860882 0.330270
vt 0.860882 0.338382
vt 0.882237 0.109775
vt 0.882237 0.115911
vt 0.881259 0.115567
vt 0.881427 0.109491
vt 0.771047 0.602843
vt 0.771035 0.585697
vt 0.772358 0.585651
vt 0.772358 0.603058
vt 0.133590 0.969456
vt 0.133590 0.971779
vt 0.132808 0.971539
vt 0.132768 0.969476
vt 0.817044 0.903271
vt 0.816075 0.903026
vt 0.816075 0.899617
vt 0.817044 0.899292
vt 0.653996 0.176928
vt 0.652730 0.177366
vt 0.652321 0.150760
vt 0.653996 0.150245
vt 0.426863 0.994826
vt 0.426499 0.994844
vt 0.426499 0.994240
vt 0.426863 0.994222
vt 0.811491 0.150329
vt 0.813241 0.150245
vt 0.813241 0.162635
vt 0.811491 0.162718
vt 0.803797 0.800105
vt 0.803797 0.786506
vt 0.805346 0.786652
vt 0.805346 0.800251
vt 0.765923 0.645869
vt 0.765923 0.647468
vt 0.764120 0.647117
vt 0.764120 0.646179
vt 0.559708 0.839684
vt 0.562472 0.839451
vt 0.562472 0.845723
vt 0.559326 0.845988
vt 0.076428 0.820386
vt 0.078882 0.819049
vt 0.078882 0.828940
vt 0.076428 0.827628
vt 0.654723 0.101151
vt 0.654723 0.124130
vt 0.652275 0.123393
vt 0.652556 0.099649
vt 0.523304 0.822723
vt 0.523304 0.832358
vt 0.520914 0.831055
vt 0.520914 0.824002
vt 0.068659 0.865905
vt 0.068659 0.873597
vt 0.067804 0.873579
vt 0.067804 0.865888
vt 0.215705 0.603628
vt 0.213362 0.603788
vt 0.213565 0.574772
vt 0.215705 0.573683
vt 0.891864 0.675096
vt 0.891222 0.675210
vt 0.891090 0.669645
vt 0.891864 0.669507
vt 0.488336 0.099987
vt 0.488336 0.148300
vt 0.486138 0.146840
vt 0.485606 0.100047
vt 0.912032 0.942608
vt 0.912032 0.941824
vt 0.914114 0.941576
vt 0.914114 0.942878
vt 0.942187 0.532879
vt 0.942187 0.534445
vt 0.940383 0.534095
vt 0.940383 0.533176
vt 0.853274 0.683362
vt 0.853274 0.691432
vt 0.851527 0.690450
vt 0.851528 0.684236
vt 0.703155 0.323202
vt 0.703155 0.300314
vt 0.704344 0.300398
vt 0.704344 0.324144
vt 0.835130 0.550930
vt 0.835130 0.562166
vt 0.833938 0.562131
vt 0.833938 0.550443
vt 0.906800 0.807956
vt 0.907576 0.807956
vt 0.907576 0.811758
vt 0.906800 0.811758
vt 0.474168 0.866592
vt 0.472522 0.867194
vt 0.472336 0.861074
vt 0.474168 0.860552
vt 0.564206 0.372261
vt 0.561212 0.372261
vt 0.561212 0.338784
vt 0.564206 0.338784
vt 0.860984 0.700657
vt 0.860979 0.698442
vt 0.866534 0.698329
vt 0.866534 0.700835
vt 0.573041 0.860509
vt 0.578614 0.860161
vt 0.578614 0.862938
vt 0.573042 0.862834
vt 0.078615 0.304365
vt 0.079179 0.213370
vt 0.080852 0.213475
vt 0.080852 0.304505
vt 0.292042 0.285090
vt 0.290309 0.285195
vt 0.289724 0.194200
vt 0.292042 0.194059
vt 0.819195 0.107945
vt 0.819195 0.094437
vt 0.820292 0.094937
vt 0.820292 0.107906
vt 0.881021 0.266630
vt 0.881021 0.272802
vt 0.880008 0.272026
vt 0.879828 0.266618
vt 0.506510 0.320132
vt 0.507764 0.273889
vt 0.508864 0.273979
vt 0.508864 0.320267
vt 0.857569 0.114963
vt 0.857563 0.112785
vt 0.863125 0.112546
vt 0.863125 0.115286
vt 0.685287 0.355199
vt 0.682569 0.355091
vt 0.682589 0.334904
vt 0.685287 0.334700
vt 0.674948 0.705334
vt 0.674925 0.687569
vt 0.677680 0.687544
vt 0.677680 0.706214
vt 0.231413 0.863206
vt 0.231408 0.861032
vt 0.236961 0.860754
vt 0.236961 0.863489
vt 0.738781 0.180940
vt 0.738781 0.202323
vt 0.737588 0.202312
vt 0.737588 0.180929
vt 0.346129 0.545234
vt 0.312140 0.545142
vt 0.312140 0.542470
vt 0.346129 0.542357
vt 0.297956 0.897499
vt 0.296763 0.897502
vt 0.296763 0.892927
vt 0.297956 0.892924
vt 0.706239 0.536677
vt 0.706239 0.514178
vt 0.707431 0.514167
vt 0.707431 0.537511
vt 0.856197 0.052812
vt 0.856197 0.046747
vt 0.858929 0.046787
vt 0.858929 0.052857
vt 0.892368 0.061610
vt 0.892368 0.067185
vt 0.891580 0.067063
vt 0.891728 0.061509
vt 0.816075 0.978799
vt 0.816075 0.977306
vt 0.817562 0.977690
vt 0.817562 0.978415
vt 0.861281 0.675592
vt 0.860979 0.670647
vt 0.864238 0.670716
vt 0.864238 0.675657
vt 0.887181 0.912969
vt 0.887181 0.916194
vt 0.886326 0.916194
vt 0.886326 0.912969
vt 0.820289 0.137114
vt 0.820289 0.124248
vt 0.821515 0.124348
vt 0.821515 0.137213
vt 0.740057 0.452758
vt 0.740320 0.429903
vt 0.740785 0.429935
vt 0.740785 0.452809
vt 0.495728 0.776515
vt 0.495728 0.760968
vt 0.497471 0.761149
vt 0.497471 0.776696
vt 0.893199 0.154107
vt 0.892557 0.154211
vt 0.892424 0.148652
vt 0.893199 0.148527
vt 0.778668 0.477477
vt 0.776113 0.477264
vt 0.776170 0.463949
vt 0.778668 0.463676
vt 0.763842 0.375064
vt 0.760634 0.375046
vt 0.760637 0.362773
vt 0.763842 0.361213
vt 0.653718 0.357088
vt 0.653790 0.335705
vt 0.656868 0.335994
vt 0.656868 0.357779
vt 0.943329 0.809510
vt 0.941524 0.809216
vt 0.941524 0.808304
vt 0.943329 0.807956
vt 0.746869 0.113110
vt 0.745876 0.113469
vt 0.745073 0.094881
vt 0.746869 0.094437
vt 0.657782 0.859428
vt 0.657778 0.856790
vt 0.663350 0.856677
vt 0.663350 0.859712
vt 0.836852 0.807973
vt 0.836852 0.820738
vt 0.836233 0.820728
vt 0.836233 0.807956
vt 0.484624 0.794595
vt 0.484624 0.807442
vt 0.482947 0.806930
vt 0.482947 0.794083
vt 0.540498 0.330849
vt 0.506510 0.330756
vt 0.506510 0.328085
vt 0.540498 0.327972
vt 0.857442 0.932607
vt 0.859245 0.932908
vt 0.859245 0.933836
vt 0.857442 0.934188
vt 0.957478 0.046805
vt 0.955392 0.046566
vt 0.955392 0.045841
vt 0.957478 0.045601
vt 0.942890 0.362777
vt 0.941086 0.362481
vt 0.941086 0.361564
vt 0.942890 0.361213
vt 0.906682 0.373085
vt 0.906025 0.373085
vt 0.906025 0.372654
vt 0.906682 0.372654
vt 0.389332 0.811286
vt 0.389332 0.798897
vt 0.391081 0.799004
vt 0.391081 0.811394
vt 0.854293 0.103070
vt 0.853069 0.103192
vt 0.853069 0.094559
vt 0.854293 0.094437
vt 0.173851 0.755086
vt 0.173851 0.769751
vt 0.171770 0.768132
vt 0.171354 0.755369
vt 0.673554 0.754848
vt 0.673554 0.769513
vt 0.671473 0.767894
vt 0.671056 0.755130
vt 0.367096 0.897403
vt 0.368970 0.897064
vt 0.368970 0.900164
vt 0.367141 0.900129
vt 0.016124 0.972143
vt 0.016124 0.973709
vt 0.014643 0.973273
vt 0.014643 0.972513
vt 0.776877 0.862229
vt 0.782436 0.861949
vt 0.782436 0.864587
vt 0.776877 0.864439
vt 0.787844 0.074824
vt 0.787844 0.061509
vt 0.790201 0.061509
vt 0.790201 0.074824
vt 0.848138 0.429903
vt 0.848339 0.429903
vt 0.848339 0.441440
vt 0.848138 0.441440
vt 0.863669 0.834518
vt 0.863667 0.827606
vt 0.865369 0.827651
vt 0.865369 0.834562
vt 0.672289 0.399791
vt 0.672289 0.399412
vt 0.693929 0.399365
vt 0.693929 0.399960
vt 0.765032 0.207295
vt 0.765032 0.224702
vt 0.763477 0.224684
vt 0.763477 0.207277
vt 0.828493 0.763728
vt 0.829686 0.763721
vt 0.829686 0.775978
vt 0.828493 0.775985
vt 0.706060 0.886049
vt 0.705886 0.880256
vt 0.706906 0.880313
vt 0.706906 0.886096
vt 0.768339 0.889055
vt 0.768339 0.894641
vt 0.767607 0.894513
vt 0.767732 0.888950
vt 0.819607 0.181028
vt 0.820833 0.180929
vt 0.820833 0.193795
vt 0.819607 0.193894
vt 0.547134 0.944721
vt 0.545328 0.944429
vt 0.545328 0.943537
vt 0.547134 0.943201
vt 0.786230 0.550485
vt 0.787982 0.550443
vt 0.787982 0.565114
vt 0.786230 0.565156
vt 0.786373 0.478347
vt 0.786373 0.463676
vt 0.788125 0.463718
vt 0.788125 0.478389
vt 0.682116 0.854724
vt 0.681995 0.849864
vt 0.684682 0.849562
vt 0.684682 0.855833
vt 0.938885 0.976857
vt 0.938885 0.976120
vt 0.940369 0.975756
vt 0.940369 0.977276
vt 0.887291 0.888174
vt 0.887291 0.893756
vt 0.886547 0.893629
vt 0.886674 0.888068
vt 0.894278 0.335751
vt 0.893673 0.335856
vt 0.893548 0.330285
vt 0.894278 0.330157
vt 0.692879 0.893143
vt 0.692249 0.893253
vt 0.692119 0.887690
vt 0.692879 0.887556
vt 0.732792 0.572381
vt 0.731652 0.572381
vt 0.732070 0.550443
vt 0.732792 0.550443
vt 0.546057 0.895492
vt 0.545445 0.895590
vt 0.545328 0.890030
vt 0.546057 0.889917
vt 0.846229 0.772129
vt 0.846242 0.763721
vt 0.847945 0.764133
vt 0.847945 0.772487
vt 0.605449 0.514374
vt 0.607401 0.514167
vt 0.607401 0.544190
vt 0.605176 0.544318
vt 0.826833 0.890723
vt 0.827651 0.890619
vt 0.827651 0.895668
vt 0.826687 0.895792
vt 0.940210 0.515208
vt 0.940210 0.514421
vt 0.942292 0.514167
vt 0.942292 0.515474
vt 0.297556 0.916178
vt 0.297556 0.919245
vt 0.296765 0.919173
vt 0.296763 0.916166
vt 0.879405 0.489024
vt 0.879832 0.489021
vt 0.879832 0.496712
vt 0.879405 0.496716
vt 0.004801 0.757150
vt 0.004233 0.757150
vt 0.004426 0.735685
vt 0.004801 0.735684
vt 0.851952 0.338905
vt 0.850635 0.339043
vt 0.850635 0.330295
vt 0.851952 0.330157
vt 0.181569 0.755301
vt 0.182879 0.755086
vt 0.182879 0.772493
vt 0.181556 0.772446
vt 0.328795 0.902635
vt 0.328007 0.902491
vt 0.328045 0.898689
vt 0.328795 0.898365
vt 0.942905 0.005155
vt 0.940824 0.004906
vt 0.940824 0.004123
vt 0.942905 0.003852
vt 0.415594 0.848002
vt 0.413020 0.848634
vt 0.413020 0.842088
vt 0.415594 0.841456
vt 0.819150 0.838500
vt 0.817838 0.838344
vt 0.817851 0.827878
vt 0.819150 0.827569
vt 0.492902 0.861917
vt 0.498469 0.861636
vt 0.498469 0.864304
vt 0.492902 0.864151
vt 0.857761 0.859542
vt 0.860218 0.859521
vt 0.860218 0.865082
vt 0.857442 0.865101
vt 0.475094 0.812829
vt 0.475094 0.822483
vt 0.472336 0.822425
vt 0.472336 0.812771
vt 0.589665 0.913862
vt 0.589665 0.916593
vt 0.588472 0.916590
vt 0.588472 0.913858
vt 0.742657 0.614829
vt 0.756267 0.614452
vt 0.756267 0.615549
vt 0.742657 0.615497
vt 0.872113 0.288923
vt 0.869602 0.288908
vt 0.869775 0.284396
vt 0.872113 0.283397
vt 0.483999 0.952793
vt 0.483999 0.954005
vt 0.481915 0.953752
vt 0.481915 0.953023
vt 0.827340 0.635889
vt 0.827340 0.623525
vt 0.828569 0.623560
vt 0.828569 0.635925
vt 0.261590 0.934313
vt 0.259786 0.934012
vt 0.259786 0.933085
vt 0.261590 0.932732
vt 0.530112 0.407981
vt 0.531301 0.407897
vt 0.531301 0.455391
vt 0.530112 0.455476
vt 0.848654 0.150428
vt 0.848654 0.159175
vt 0.847109 0.158993
vt 0.847109 0.150245
vt 0.806204 0.247037
vt 0.806204 0.232606
vt 0.807397 0.232615
vt 0.807397 0.247046
vt 0.800543 0.221088
vt 0.800583 0.207287
vt 0.802243 0.207277
vt 0.802243 0.221127
vt 0.887703 0.489121
vt 0.888552 0.489021
vt 0.888552 0.494565
vt 0.887537 0.494685
vt 0.850564 0.746178
vt 0.850564 0.737430
vt 0.851881 0.737569
vt 0.851881 0.746316
vt 0.706679 0.916012
vt 0.706679 0.919079
vt 0.705889 0.918990
vt 0.705886 0.915996
vt 0.850366 0.709558
vt 0.852116 0.709460
vt 0.852116 0.717541
vt 0.850365 0.717615
vt 0.661608 0.650135
vt 0.662012 0.624976
vt 0.663309 0.624983
vt 0.663309 0.650871
vt 0.852057 0.292056
vt 0.852057 0.283397
vt 0.853374 0.283510
vt 0.853374 0.292169
vt 0.879769 0.232089
vt 0.879769 0.239780
vt 0.879341 0.239776
vt 0.879341 0.232085
vt 0.826408 0.972473
vt 0.827889 0.972036
vt 0.827889 0.973602
vt 0.826408 0.973233
vt 0.802848 0.311314
vt 0.803022 0.300314
vt 0.805417 0.301169
vt 0.805417 0.311970
vt 0.895362 0.708882
vt 0.895362 0.714470
vt 0.894633 0.714347
vt 0.894758 0.708780
vt 0.119417 0.748932
vt 0.119417 0.749462
vt 0.098194 0.749325
vt 0.098194 0.748955
vt 0.630468 0.407897
vt 0.630468 0.441245
vt 0.629647 0.441241
vt 0.629647 0.407900
vt 0.483108 0.914819
vt 0.483108 0.917519
vt 0.481915 0.917518
vt 0.481915 0.914819
vt 0.204413 0.658758
vt 0.207096 0.658452
vt 0.207096 0.679712
vt 0.204376 0.679854
vt 0.765827 0.313458
vt 0.765376 0.300695
vt 0.767912 0.300314
vt 0.767912 0.315072
vt 0.972692 0.139115
vt 0.971871 0.139089
vt 0.971924 0.137075
vt 0.972692 0.136798
vt 0.763603 0.043718
vt 0.760396 0.043776
vt 0.760400 0.029975
vt 0.763603 0.029891
vt 0.692119 0.863885
vt 0.697717 0.863731
vt 0.697717 0.866237
vt 0.692125 0.866101
vt 0.798265 0.562700
vt 0.795687 0.562059
vt 0.795858 0.551260
vt 0.798265 0.550443
vt 0.204779 0.935171
vt 0.204779 0.936481
vt 0.202697 0.936219
vt 0.202697 0.935431
vt 0.733382 0.051518
vt 0.732189 0.051529
vt 0.732189 0.029902
vt 0.733382 0.029891
vt 0.490330 0.235447
vt 0.491583 0.187151
vt 0.492683 0.187238
vt 0.492683 0.235595
vt 0.894228 0.300408
vt 0.894228 0.305981
vt 0.893479 0.305866
vt 0.893603 0.300314
vt 0.283253 0.855021
vt 0.283121 0.850069
vt 0.285710 0.849777
vt 0.285710 0.856121
vt 0.254582 0.301270
vt 0.252873 0.301476
vt 0.252296 0.210445
vt 0.254582 0.210170
vt 0.828529 0.820333
vt 0.827299 0.820368
vt 0.827299 0.807991
vt 0.828529 0.807956
vt 0.855949 0.725320
vt 0.855949 0.728448
vt 0.850365 0.728110
vt 0.850366 0.725494
vt 0.616330 0.062069
vt 0.613599 0.062092
vt 0.613609 0.035218
vt 0.616330 0.035005
vt 0.654752 0.608630
vt 0.652585 0.610132
vt 0.652314 0.587245
vt 0.654752 0.585651
vt 0.619227 0.434770
vt 0.619210 0.407897
vt 0.621942 0.407919
vt 0.621942 0.434982
vt 0.862144 0.207389
vt 0.862144 0.215501
vt 0.860923 0.215389
vt 0.860923 0.207277
vt 0.530223 0.974142
vt 0.531704 0.973708
vt 0.531704 0.975262
vt 0.530223 0.974896
vt 0.492972 0.042176
vt 0.492972 0.089669
vt 0.490787 0.088193
vt 0.490242 0.042239
vt 0.986344 0.921288
vt 0.986771 0.921278
vt 0.986771 0.923824
vt 0.986344 0.923834
vt 0.833362 0.737442
vt 0.834042 0.737430
vt 0.834042 0.750331
vt 0.833362 0.750350
vt 0.605894 0.035206
vt 0.605894 0.062092
vt 0.602679 0.061849
vt 0.602789 0.035250
vt 0.123125 0.662357
vt 0.119930 0.662356
vt 0.119836 0.641890
vt 0.123125 0.640977
vt 0.897250 0.094437
vt 0.897250 0.100122
vt 0.896819 0.100122
vt 0.896819 0.094437
vt 0.779251 0.837459
vt 0.785045 0.836926
vt 0.785045 0.840905
vt 0.779251 0.840779
vt 0.714124 0.429990
vt 0.715313 0.429903
vt 0.715313 0.452882
vt 0.714124 0.452969
vt 0.629868 0.463676
vt 0.630689 0.463680
vt 0.630689 0.497018
vt 0.629868 0.497022
vt 0.840361 0.311245
vt 0.839264 0.311279
vt 0.839264 0.300348
vt 0.840361 0.300314
vt 0.089292 0.944023
vt 0.089292 0.945276
vt 0.087209 0.945006
vt 0.087209 0.944252
vt 0.514876 0.091892
vt 0.514876 0.090527
vt 0.550196 0.090320
vt 0.550196 0.092282
vt 0.202697 0.855344
vt 0.208281 0.855004
vt 0.208281 0.858107
vt 0.202698 0.857939
vt 0.807306 0.478108
vt 0.806114 0.478118
vt 0.806114 0.463686
vt 0.807306 0.463676
vt 0.729724 0.320524
vt 0.729724 0.300314
vt 0.731412 0.300315
vt 0.731412 0.320580
vt 0.758768 0.463676
vt 0.758768 0.485092
vt 0.758394 0.485092
vt 0.758208 0.463676
vt 0.818278 0.220785
vt 0.818278 0.207277
vt 0.819375 0.207315
vt 0.819375 0.220823
vt 0.707014 0.745568
vt 0.685385 0.745536
vt 0.685385 0.745157
vt 0.707014 0.744973
vt 0.800057 0.282324
vt 0.798864 0.282333
vt 0.798864 0.267214
vt 0.800057 0.267204
vt 0.683188 0.917099
vt 0.681995 0.917103
vt 0.681995 0.914382
vt 0.683188 0.914379
vt 0.829884 0.173184
vt 0.829185 0.172087
vt 0.830507 0.172087
vt 0.830507 0.173184
vt 0.933381 0.361213
vt 0.933381 0.362828
vt 0.931578 0.362481
vt 0.931578 0.361533
vt 0.906800 0.819463
vt 0.910024 0.819463
vt 0.910024 0.819890
vt 0.906800 0.819890
vt 0.146175 0.520181
vt 0.146175 0.553658
vt 0.143024 0.553658
vt 0.143024 0.520181
vt 0.938885 0.984981
vt 0.940440 0.984981
vt 0.940440 0.986309
vt 0.938885 0.986309
vt 0.048421 0.945015
vt 0.048421 0.945761
vt 0.046338 0.945988
vt 0.046338 0.944747
vt 0.881191 0.367336
vt 0.879998 0.367348
vt 0.880177 0.361990
vt 0.881191 0.361213
vt 0.886064 0.742956
vt 0.886064 0.737430
vt 0.887257 0.737431
vt 0.887257 0.742957
vt 0.894996 0.972201
vt 0.896474 0.971763
vt 0.896474 0.973362
vt 0.894996 0.972977
vt 0.738267 0.397763
vt 0.738995 0.397712
vt 0.738995 0.420642
vt 0.738530 0.420674
vt 0.837998 0.901990
vt 0.837998 0.904702
vt 0.836233 0.904653
vt 0.836233 0.901941
vt 0.640994 0.506462
vt 0.615106 0.506370
vt 0.615106 0.505057
vt 0.640994 0.504728
vt 0.881039 0.094512
vt 0.881039 0.100583
vt 0.879849 0.100507
vt 0.879849 0.094437
vt 0.216942 0.824254
vt 0.216776 0.817942
vt 0.220454 0.817304
vt 0.220454 0.825464
vt 0.708689 0.170348
vt 0.706972 0.170593
vt 0.706562 0.150498
vt 0.708689 0.150245
vt 0.732352 0.450791
vt 0.731159 0.451699
vt 0.731159 0.429913
vt 0.732352 0.429903
vt 0.933242 0.348070
vt 0.931440 0.347750
vt 0.931440 0.346803
vt 0.933242 0.346455
vt 0.781088 0.737430
vt 0.781088 0.751249
vt 0.778608 0.750838
vt 0.779296 0.737540
vt 0.014643 0.990631
vt 0.015122 0.990612
vt 0.015122 0.991431
vt 0.014643 0.991450
vt 0.622689 0.397013
vt 0.619949 0.396588
vt 0.619958 0.371039
vt 0.622689 0.370137
vt 0.914918 0.207277
vt 0.914918 0.210668
vt 0.914139 0.210471
vt 0.914124 0.207330
vt 0.642065 0.293754
vt 0.642077 0.267204
vt 0.643858 0.267580
vt 0.643858 0.294644
vt 0.357391 0.919097
vt 0.356597 0.919113
vt 0.356601 0.916119
vt 0.357391 0.916030
vt 0.811745 0.763739
vt 0.811745 0.777246
vt 0.810424 0.777229
vt 0.810424 0.763721
vt 0.708444 0.482342
vt 0.708447 0.463676
vt 0.711175 0.463698
vt 0.711175 0.482341
vt 0.747678 0.201427
vt 0.746486 0.201438
vt 0.746486 0.180939
vt 0.747678 0.180929
vt 0.089069 0.880218
vt 0.089895 0.880158
vt 0.089895 0.885961
vt 0.088898 0.886034
vt 0.833986 0.683397
vt 0.835178 0.683362
vt 0.835178 0.695050
vt 0.833986 0.695085
vt 0.216776 0.863979
vt 0.216776 0.861773
vt 0.222359 0.861715
vt 0.222359 0.864349
vt 0.245559 0.971341
vt 0.247036 0.970908
vt 0.247036 0.972523
vt 0.245559 0.972125
vt 0.180223 0.917634
vt 0.180223 0.914904
vt 0.181363 0.914920
vt 0.181363 0.917651
vt 0.152849 0.914110
vt 0.152849 0.916840
vt 0.151657 0.916838
vt 0.151657 0.914108
vt 0.716393 0.172568
vt 0.716393 0.172388
vt 0.717012 0.172388
vt 0.717012 0.172568
vt 0.682788 0.991050
vt 0.681995 0.991050
vt 0.681995 0.990274
vt 0.682788 0.990274
vt 0.108662 0.858554
vt 0.108662 0.855992
vt 0.114241 0.855793
vt 0.114241 0.858857
vt 0.828491 0.944993
vt 0.826408 0.944765
vt 0.826408 0.944011
vt 0.828491 0.943740
vt 0.463790 0.837975
vt 0.456852 0.837976
vt 0.456879 0.834771
vt 0.463790 0.834774
vt 0.870243 0.556526
vt 0.870159 0.550443
vt 0.871966 0.550730
vt 0.871966 0.556920
vt 0.108662 0.885395
vt 0.108662 0.879792
vt 0.109854 0.879794
vt 0.109854 0.885397
vt 0.702588 0.606775
vt 0.702570 0.585651
vt 0.704333 0.585725
vt 0.704333 0.607755
vt 0.810214 0.502620
vt 0.810214 0.489021
vt 0.811537 0.489089
vt 0.811537 0.502688
vt 0.500388 0.187284
vt 0.502742 0.187151
vt 0.502742 0.233975
vt 0.501642 0.234063
vt 0.887316 0.600760
vt 0.888457 0.600760
vt 0.888457 0.606286
vt 0.887316 0.606286
vt 0.390947 0.846088
vt 0.389260 0.846563
vt 0.389246 0.838079
vt 0.390947 0.837658
vt 0.777667 0.896780
vt 0.777667 0.901381
vt 0.776899 0.901098
vt 0.776877 0.896929
vt 0.799796 0.331024
vt 0.799796 0.345287
vt 0.798603 0.345277
vt 0.798603 0.330157
vt 0.801339 0.109557
vt 0.801339 0.094437
vt 0.802479 0.094917
vt 0.802479 0.109557
vt 0.870684 0.100358
vt 0.870398 0.094437
vt 0.872144 0.094588
vt 0.872144 0.100966
vt 0.688116 0.678841
vt 0.685385 0.678882
vt 0.685385 0.658617
vt 0.688116 0.658576
vt 0.675267 0.172107
vt 0.672554 0.171904
vt 0.673715 0.150308
vt 0.675267 0.150245
vt 0.685426 0.390636
vt 0.682708 0.390528
vt 0.682728 0.370341
vt 0.685426 0.370137
vt 0.488610 0.321665
vt 0.485880 0.321602
vt 0.486410 0.275347
vt 0.488610 0.273889
vt 0.150271 0.440366
vt 0.150271 0.488189
vt 0.148087 0.486711
vt 0.147541 0.440428
vt 0.796050 0.615820
vt 0.793472 0.615179
vt 0.793643 0.604380
vt 0.796050 0.603563
vt 0.748259 0.320813
vt 0.748259 0.300314
vt 0.749399 0.300314
vt 0.749399 0.320813
vt 0.520914 0.761587
vt 0.520921 0.747155
vt 0.523572 0.746969
vt 0.523572 0.762088
vt 0.108835 0.871088
vt 0.108662 0.866576
vt 0.111173 0.866561
vt 0.111173 0.872087
vt 0.761943 0.774920
vt 0.759587 0.774917
vt 0.759586 0.760290
vt 0.761943 0.760255
vt 0.046338 0.691017
vt 0.046338 0.670807
vt 0.049069 0.670848
vt 0.049069 0.691058
vt 0.674437 0.514167
vt 0.674437 0.536105
vt 0.671743 0.535855
vt 0.671717 0.514227
vt 0.714118 0.353290
vt 0.711386 0.353331
vt 0.711387 0.334725
vt 0.714118 0.334700
vt 0.359108 0.866429
vt 0.359108 0.871954
vt 0.356771 0.870955
vt 0.356597 0.866443
vt 0.636032 0.805605
vt 0.633582 0.804926
vt 0.633494 0.794720
vt 0.636032 0.793933
vt 0.764669 0.198705
vt 0.763477 0.199572
vt 0.763477 0.180929
vt 0.764669 0.180940
vt 0.492410 0.455972
vt 0.489680 0.455908
vt 0.490225 0.409954
vt 0.492410 0.408478
vt 0.798500 0.244863
vt 0.795921 0.244222
vt 0.796092 0.233423
vt 0.798500 0.232606
vt 0.940967 0.940614
vt 0.938885 0.940357
vt 0.938885 0.939570
vt 0.940967 0.939305
vt 0.885378 0.935774
vt 0.885378 0.933228
vt 0.886232 0.933281
vt 0.886232 0.935827
vt 0.777308 0.993354
vt 0.777308 0.993989
vt 0.776877 0.993989
vt 0.776877 0.993354
vt 0.404345 0.867384
vt 0.404345 0.869895
vt 0.399832 0.869748
vt 0.398819 0.867416
vt 0.712608 0.029978
vt 0.713797 0.029891
vt 0.713797 0.052870
vt 0.712608 0.052957
vt 0.088690 0.972228
vt 0.088690 0.973792
vt 0.087209 0.973356
vt 0.087209 0.972597
vt 0.941086 0.371690
vt 0.941086 0.370776
vt 0.942891 0.370481
vt 0.942891 0.372039
vt 0.151657 0.944072
vt 0.151657 0.943180
vt 0.153463 0.942888
vt 0.153463 0.944409
vt 0.885101 0.953953
vt 0.885101 0.952740
vt 0.887185 0.952993
vt 0.887185 0.953723
vt 0.683910 0.818946
vt 0.686365 0.820259
vt 0.686365 0.827500
vt 0.683910 0.828838
vt 0.151657 0.830280
vt 0.151657 0.823213
vt 0.154045 0.821970
vt 0.154045 0.831623
vt 0.632661 0.514206
vt 0.635391 0.514167
vt 0.635391 0.539594
vt 0.632661 0.539634
vt 0.485068 0.783033
vt 0.485068 0.786379
vt 0.484098 0.786282
vt 0.484098 0.782714
vt 0.903772 0.723952
vt 0.904705 0.724223
vt 0.904705 0.727604
vt 0.903772 0.727897
vt 0.663352 0.769513
vt 0.660854 0.769231
vt 0.661271 0.756467
vt 0.663352 0.754848
vt 0.845427 0.675052
vt 0.845432 0.672493
vt 0.851014 0.672211
vt 0.851014 0.675385
vt 0.897159 0.550443
vt 0.897159 0.556132
vt 0.896728 0.556132
vt 0.896728 0.550443
vt 0.790159 0.914850
vt 0.791299 0.914850
vt 0.791299 0.917570
vt 0.790159 0.917570
vt 0.893145 0.051492
vt 0.893092 0.045601
vt 0.893702 0.045624
vt 0.893702 0.051513
vt 0.899112 0.249271
vt 0.899543 0.249271
vt 0.899543 0.254746
vt 0.899112 0.254746
vt 0.610635 0.892276
vt 0.610024 0.892299
vt 0.610077 0.886408
vt 0.610635 0.886387
vt 0.026558 0.894442
vt 0.026558 0.898957
vt 0.025417 0.898957
vt 0.025417 0.894442
vt 0.752319 0.361232
vt 0.752929 0.361213
vt 0.752929 0.382853
vt 0.752540 0.382865
vt 0.496487 0.809604
vt 0.492902 0.810428
vt 0.492902 0.802055
vt 0.496487 0.801231
vt 0.839843 0.421932
vt 0.838414 0.415005
vt 0.841615 0.415006
vt 0.841615 0.421918
vt 0.873377 0.249289
vt 0.874232 0.249271
vt 0.874232 0.256962
vt 0.873377 0.256980
vt 0.752055 0.288835
vt 0.751425 0.288844
vt 0.751653 0.267210
vt 0.752055 0.267204
vt 0.588691 0.747931
vt 0.588691 0.747371
vt 0.610105 0.747538
vt 0.610105 0.747912
vt 0.087209 0.917962
vt 0.087209 0.915232
vt 0.088313 0.915244
vt 0.088313 0.917974
vt 0.764081 0.113103
vt 0.762888 0.113114
vt 0.763273 0.094448
vt 0.764081 0.094437
vt 0.668737 0.322224
vt 0.668724 0.300314
vt 0.671443 0.300568
vt 0.671443 0.322455
vt 0.126381 0.787010
vt 0.125592 0.786860
vt 0.125614 0.782691
vt 0.126381 0.782408
vt 0.377986 0.814207
vt 0.377986 0.805834
vt 0.381477 0.806636
vt 0.381477 0.815009
vt 0.108662 0.914896
vt 0.109802 0.914879
vt 0.109802 0.917610
vt 0.108662 0.917626
vt 0.918249 0.151637
vt 0.917456 0.151594
vt 0.917470 0.148710
vt 0.918249 0.148527
vt 0.812493 0.410146
vt 0.811559 0.397712
vt 0.813309 0.397795
vt 0.813309 0.410185
vt 0.833362 0.729110
vt 0.840367 0.728871
vt 0.840367 0.729726
vt 0.833362 0.729726
vt 0.884597 0.187935
vt 0.884169 0.187935
vt 0.884408 0.180929
vt 0.884597 0.180929
vt 0.841770 0.524967
vt 0.840630 0.524967
vt 0.840630 0.514167
vt 0.841770 0.514167
vt 0.468511 0.517144
vt 0.468511 0.550621
vt 0.465356 0.550621
vt 0.465356 0.517144
vt 0.848427 0.061509
vt 0.848427 0.072988
vt 0.848227 0.072989
vt 0.848227 0.061509
vt 0.831560 0.312571
vt 0.830419 0.312571
vt 0.830419 0.300314
vt 0.831560 0.300314
vt 0.867874 0.197434
vt 0.873399 0.197434
vt 0.873399 0.198575
vt 0.867874 0.198575
vt 0.895628 0.893753
vt 0.894996 0.893803
vt 0.895050 0.888114
vt 0.895628 0.888068
vt 0.942292 0.524487
vt 0.940210 0.524232
vt 0.940210 0.523446
vt 0.942292 0.523179
vt 0.630658 0.710156
vt 0.630617 0.708517
vt 0.650720 0.708379
vt 0.650720 0.710414
vt 0.864413 0.315426
vt 0.865252 0.315397
vt 0.865252 0.322335
vt 0.863551 0.322393
vt 0.764521 0.397898
vt 0.767172 0.397712
vt 0.767172 0.411974
vt 0.764513 0.412330
vt 0.076482 0.896206
vt 0.076428 0.890517
vt 0.077060 0.890567
vt 0.077060 0.896252
vt 0.576568 0.273918
vt 0.576568 0.309213
vt 0.575166 0.309193
vt 0.574553 0.273889
vt 0.664849 0.171628
vt 0.661701 0.171411
vt 0.661771 0.150523
vt 0.664849 0.150245
vt 0.523643 0.799126
vt 0.520914 0.799163
vt 0.520914 0.787927
vt 0.523643 0.787438
vt 0.755757 0.914171
vt 0.755757 0.916901
vt 0.754565 0.916900
vt 0.754565 0.914170
vt 0.168394 0.934405
vt 0.168394 0.935715
vt 0.166313 0.935453
vt 0.166313 0.934665
vt 0.123587 0.961511
vt 0.123587 0.960786
vt 0.125671 0.960547
vt 0.125671 0.961751
vt 0.108662 0.934660
vt 0.110743 0.934920
vt 0.110743 0.935708
vt 0.108662 0.935970
vt 0.960033 0.477733
vt 0.960033 0.477008
vt 0.962118 0.476769
vt 0.962118 0.477973
vt 0.981932 0.399205
vt 0.981932 0.397712
vt 0.983418 0.398098
vt 0.983418 0.398822
vt 0.745997 0.924198
vt 0.745997 0.925822
vt 0.744194 0.925487
vt 0.744194 0.924533
vt 0.659263 0.983647
vt 0.657778 0.984031
vt 0.657778 0.982538
vt 0.659263 0.982923
vt 0.894996 0.962852
vt 0.896472 0.962434
vt 0.896472 0.964058
vt 0.894996 0.963640
vt 0.014643 0.963232
vt 0.016120 0.962814
vt 0.016120 0.964438
vt 0.014643 0.964020
vt 0.588472 0.924298
vt 0.590275 0.924628
vt 0.590275 0.925581
vt 0.588472 0.925923
vt 0.066904 0.951529
vt 0.068711 0.951838
vt 0.068711 0.952714
vt 0.066904 0.953022
vt 0.398819 0.951323
vt 0.400627 0.951631
vt 0.400627 0.952507
vt 0.398819 0.952816
vt 0.875551 0.934041
vt 0.875551 0.933253
vt 0.877632 0.932992
vt 0.877632 0.934302
vt 0.590557 0.961769
vt 0.588472 0.962009
vt 0.588472 0.960805
vt 0.590557 0.961045
vt 0.123587 0.934416
vt 0.123587 0.933628
vt 0.125668 0.933367
vt 0.125668 0.934677
vt 0.960122 0.004092
vt 0.962206 0.003852
vt 0.962206 0.005056
vt 0.960122 0.004817
vt 0.077913 0.983815
vt 0.076428 0.983431
vt 0.076428 0.982706
vt 0.077913 0.982322
vt 0.400622 0.925623
vt 0.398819 0.925288
vt 0.398819 0.924335
vt 0.400622 0.923999
vt 0.618394 0.983685
vt 0.618394 0.982192
vt 0.619880 0.982576
vt 0.619880 0.983301
vt 0.046338 0.963022
vt 0.047814 0.962604
vt 0.047814 0.964228
vt 0.046338 0.963810
vt 0.952459 0.250764
vt 0.950652 0.250457
vt 0.950652 0.249581
vt 0.952459 0.249271
vt 0.952895 0.123616
vt 0.952895 0.125109
vt 0.951088 0.124800
vt 0.951088 0.123924
vt 0.744194 0.951818
vt 0.746001 0.951509
vt 0.746001 0.953003
vt 0.744194 0.952694
vt 0.057116 0.951529
vt 0.058923 0.951838
vt 0.058923 0.952714
vt 0.057116 0.953022
vt 0.125389 0.924038
vt 0.125389 0.925662
vt 0.123587 0.925326
vt 0.123587 0.924374
vt 0.731903 0.963975
vt 0.731903 0.963187
vt 0.733380 0.962769
vt 0.733380 0.964393
vt 0.705886 0.982739
vt 0.707371 0.982355
vt 0.707371 0.983848
vt 0.705886 0.983464
vt 0.059198 0.925842
vt 0.057395 0.925506
vt 0.057395 0.924553
vt 0.059198 0.924218
vt 0.984021 0.017788
vt 0.984021 0.018513
vt 0.982535 0.018897
vt 0.982535 0.017404
vt 0.960107 0.362178
vt 0.960107 0.361453
vt 0.962191 0.361213
vt 0.962191 0.362418
vt 0.283121 0.934213
vt 0.283121 0.933425
vt 0.285203 0.933164
vt 0.285203 0.934474
vt 0.413020 0.961757
vt 0.413020 0.961033
vt 0.415104 0.960793
vt 0.415104 0.961997
vt 0.400901 0.934638
vt 0.398819 0.934377
vt 0.398819 0.933589
vt 0.400901 0.933328
vt 0.547409 0.934186
vt 0.547409 0.935496
vt 0.545328 0.935234
vt 0.545328 0.934446
vt 0.961593 0.515371
vt 0.959509 0.515132
vt 0.959509 0.514407
vt 0.961593 0.514167
vt 0.006127 0.934188
vt 0.004045 0.933934
vt 0.004045 0.933146
vt 0.006127 0.932878
vt 0.961254 0.489262
vt 0.961254 0.489986
vt 0.959169 0.490225
vt 0.959169 0.489021
vt 0.681995 0.981462
vt 0.683481 0.981076
vt 0.683481 0.982569
vt 0.681995 0.982187
vt 0.076428 0.925362
vt 0.078230 0.925696
vt 0.078230 0.926649
vt 0.076428 0.926986
vt 0.983315 0.061509
vt 0.983315 0.063002
vt 0.981829 0.062616
vt 0.981829 0.061891
vt 0.608838 0.967111
vt 0.610314 0.966692
vt 0.610314 0.968316
vt 0.608838 0.967899
vt 0.965050 0.641807
vt 0.965050 0.641019
vt 0.966526 0.640603
vt 0.966526 0.642227
vt 0.927090 0.581024
vt 0.925287 0.580689
vt 0.925287 0.579736
vt 0.927090 0.579399
vt 0.951252 0.110985
vt 0.949444 0.110680
vt 0.949444 0.109804
vt 0.951252 0.109491
vt 0.952352 0.798805
vt 0.950545 0.798497
vt 0.950545 0.797621
vt 0.952352 0.797311
vt 0.684077 0.934136
vt 0.684077 0.935446
vt 0.681995 0.935184
vt 0.681995 0.934396
vt 0.960057 0.797311
vt 0.962140 0.797551
vt 0.962140 0.798275
vt 0.960057 0.798515
vt 0.961328 0.566187
vt 0.959243 0.565948
vt 0.959243 0.565223
vt 0.961328 0.564982
vt 0.175503 0.982775
vt 0.175503 0.981282
vt 0.176989 0.981668
vt 0.176989 0.982393
vt 0.647094 0.924109
vt 0.647094 0.923156
vt 0.648896 0.922827
vt 0.648896 0.924451
vt 0.733389 0.982476
vt 0.731903 0.982862
vt 0.731903 0.981369
vt 0.733389 0.981752
vt 0.097649 0.965189
vt 0.099125 0.964769
vt 0.099125 0.966393
vt 0.097649 0.965977
vt 0.192236 0.966900
vt 0.192236 0.966112
vt 0.193713 0.965696
vt 0.193713 0.967320
vt 0.756367 0.926230
vt 0.754565 0.925895
vt 0.754565 0.924942
vt 0.756367 0.924605
vt 0.950918 0.656666
vt 0.950918 0.655173
vt 0.952726 0.655483
vt 0.952726 0.656359
vt 0.858971 0.952380
vt 0.857163 0.952073
vt 0.857163 0.951197
vt 0.858971 0.950887
vt 0.838041 0.951129
vt 0.838041 0.952622
vt 0.836233 0.952312
vt 0.836233 0.951436
vt 0.950595 0.370481
vt 0.952403 0.370789
vt 0.952403 0.371665
vt 0.950595 0.371975
vt 0.180223 0.926643
vt 0.180223 0.925690
vt 0.182026 0.925356
vt 0.182026 0.926980
vt 0.442404 0.965951
vt 0.443881 0.965531
vt 0.443881 0.967156
vt 0.442404 0.966739
vt 0.530223 0.964798
vt 0.531700 0.964379
vt 0.531700 0.966003
vt 0.530223 0.965586
vt 0.791645 0.982086
vt 0.791645 0.983579
vt 0.790159 0.983193
vt 0.790159 0.982469
vt 0.790159 0.926562
vt 0.790159 0.925609
vt 0.791961 0.925275
vt 0.791961 0.926899
vt 0.982465 0.774695
vt 0.982465 0.776188
vt 0.980979 0.775802
vt 0.980979 0.775078
vt 0.380070 0.961377
vt 0.377986 0.961138
vt 0.377986 0.960414
vt 0.380070 0.960173
vt 0.936776 0.030803
vt 0.934695 0.030543
vt 0.934695 0.029755
vt 0.936776 0.029493
vt 0.959234 0.414679
vt 0.961319 0.414918
vt 0.961319 0.415642
vt 0.959234 0.415883
vt 0.508115 0.932734
vt 0.508115 0.934044
vt 0.506034 0.933776
vt 0.506034 0.932988
vt 0.494984 0.941128
vt 0.492902 0.940872
vt 0.492902 0.940084
vt 0.494984 0.939819
vt 0.956843 0.148527
vt 0.956843 0.149732
vt 0.954759 0.149487
vt 0.954759 0.148762
vt 0.388967 0.939909
vt 0.391048 0.940165
vt 0.391048 0.940953
vt 0.388967 0.941217
vt 0.720781 0.955052
vt 0.720781 0.956257
vt 0.718697 0.956013
vt 0.718697 0.955287
vt 0.977498 0.381222
vt 0.978984 0.380830
vt 0.978984 0.382325
vt 0.977498 0.381947
vt 0.931918 0.612456
vt 0.931918 0.614079
vt 0.930115 0.613738
vt 0.930115 0.612786
vt 0.977649 0.249663
vt 0.979134 0.249271
vt 0.979134 0.250766
vt 0.977649 0.250388
vt 0.969193 0.534078
vt 0.969193 0.533290
vt 0.970670 0.532879
vt 0.970670 0.534502
vt 0.379463 0.969082
vt 0.379463 0.970705
vt 0.377986 0.970281
vt 0.377986 0.969493
vt 0.932012 0.096060
vt 0.930209 0.095730
vt 0.930209 0.094778
vt 0.932012 0.094437
vt 0.946179 0.765206
vt 0.944371 0.764905
vt 0.944371 0.764028
vt 0.946179 0.763710
vt 0.344532 0.947246
vt 0.342725 0.946943
vt 0.342725 0.946067
vt 0.344532 0.945752
vt 0.364789 0.523929
vt 0.362707 0.523676
vt 0.362707 0.522887
vt 0.364789 0.522619
vt 0.508118 0.961410
vt 0.506034 0.961171
vt 0.506034 0.960446
vt 0.508118 0.960206
vt 0.559326 0.981144
vt 0.560812 0.980758
vt 0.560812 0.982251
vt 0.559326 0.981869
vt 0.151657 0.925832
vt 0.151657 0.924879
vt 0.153459 0.924545
vt 0.153459 0.926169
vt 0.483401 0.981527
vt 0.483401 0.983020
vt 0.481915 0.982634
vt 0.481915 0.981910
vt 0.964548 0.149731
vt 0.964548 0.148943
vt 0.966025 0.148527
vt 0.966025 0.150151
vt 0.965182 0.046806
vt 0.965182 0.046018
vt 0.966659 0.045601
vt 0.966659 0.047226
vt 0.108662 0.925331
vt 0.110464 0.925666
vt 0.110464 0.926618
vt 0.108662 0.926955
vt 0.845795 0.952394
vt 0.845795 0.950901
vt 0.847602 0.951211
vt 0.847602 0.952087
vt 0.693927 0.952289
vt 0.692119 0.951981
vt 0.692119 0.951105
vt 0.693927 0.950795
vt 0.952329 0.476769
vt 0.952329 0.478262
vt 0.950521 0.477952
vt 0.950521 0.477076
vt 0.949935 0.268112
vt 0.949935 0.266618
vt 0.951742 0.266932
vt 0.951742 0.267808
vt 0.925043 0.315397
vt 0.926845 0.315731
vt 0.926845 0.316684
vt 0.925043 0.317021
vt 0.965765 0.301519
vt 0.965765 0.300731
vt 0.967242 0.300314
vt 0.967242 0.301938
vt 0.037422 0.963463
vt 0.037422 0.965088
vt 0.035946 0.964670
vt 0.035946 0.963882
vt 0.983413 0.446316
vt 0.983413 0.447809
vt 0.981928 0.447423
vt 0.981928 0.446699
vt 0.693922 0.923793
vt 0.693922 0.924746
vt 0.692119 0.925082
vt 0.692119 0.923457
vt 0.981998 0.148913
vt 0.983483 0.148527
vt 0.983483 0.150020
vt 0.981998 0.149637
vt 0.961244 0.078039
vt 0.961244 0.078763
vt 0.959160 0.079002
vt 0.959160 0.077798
vt 0.768807 0.934891
vt 0.766726 0.934630
vt 0.766726 0.933842
vt 0.768807 0.933581
vt 0.875274 0.961412
vt 0.875274 0.960688
vt 0.877358 0.960449
vt 0.877358 0.961653
vt 0.936666 0.765020
vt 0.934584 0.764760
vt 0.934584 0.763972
vt 0.936666 0.763710
vt 0.941311 0.380830
vt 0.941311 0.382139
vt 0.939229 0.381874
vt 0.939229 0.381087
vt 0.600857 0.957167
vt 0.598773 0.956932
vt 0.598773 0.956207
vt 0.600857 0.955962
vt 0.938942 0.875673
vt 0.938942 0.874885
vt 0.941024 0.874629
vt 0.941024 0.875938
vt 0.458936 0.956195
vt 0.456852 0.955960
vt 0.456852 0.955235
vt 0.458936 0.954990
vt 0.977986 0.094829
vt 0.979471 0.094437
vt 0.979471 0.095932
vt 0.977986 0.095554
vt 0.931525 0.380830
vt 0.931525 0.382453
vt 0.929722 0.382112
vt 0.929722 0.381160
vt 0.977828 0.624627
vt 0.977828 0.623902
vt 0.979314 0.623525
vt 0.979314 0.625019
vt 0.857163 0.969419
vt 0.858640 0.968994
vt 0.858640 0.970617
vt 0.857164 0.970206
vt 0.004045 0.969419
vt 0.005522 0.968994
vt 0.005522 0.970617
vt 0.004045 0.970206
vt 0.389246 0.930581
vt 0.391048 0.930911
vt 0.391048 0.931863
vt 0.389246 0.932204
vt 0.037753 0.946848
vt 0.035946 0.946545
vt 0.035946 0.945668
vt 0.037753 0.945353
vt 0.946985 0.447811
vt 0.945178 0.447508
vt 0.945178 0.446631
vt 0.946985 0.446316
vt 0.947249 0.181244
vt 0.947249 0.182120
vt 0.945442 0.182423
vt 0.945442 0.180929
vt 0.947688 0.047096
vt 0.945880 0.046793
vt 0.945880 0.045916
vt 0.947688 0.045601
vt 0.932119 0.684866
vt 0.930317 0.684536
vt 0.930317 0.683584
vt 0.932119 0.683243
vt 0.693596 0.968902
vt 0.693596 0.970525
vt 0.692119 0.970101
vt 0.692119 0.969313
vt 0.970758 0.429903
vt 0.970758 0.431526
vt 0.969281 0.431101
vt 0.969281 0.430314
vt 0.978919 0.957491
vt 0.978919 0.958216
vt 0.977433 0.958593
vt 0.977433 0.957099
vt 0.928440 0.503807
vt 0.928440 0.502854
vt 0.930243 0.502523
vt 0.930243 0.504146
vt 0.978966 0.697029
vt 0.978966 0.697754
vt 0.977480 0.698132
vt 0.977480 0.696637
vt 0.659863 0.953261
vt 0.659863 0.954467
vt 0.657778 0.954220
vt 0.657778 0.953495
vt 0.673552 0.940643
vt 0.673552 0.941430
vt 0.671470 0.941686
vt 0.671470 0.940378
vt 0.956035 0.774695
vt 0.956035 0.775900
vt 0.953951 0.775656
vt 0.953951 0.774930
vt 0.941439 0.591543
vt 0.939357 0.591287
vt 0.939357 0.590499
vt 0.941439 0.590235
vt 0.532305 0.938564
vt 0.530223 0.938306
vt 0.530223 0.937518
vt 0.532305 0.937254
vt 0.957246 0.503484
vt 0.957246 0.502759
vt 0.959330 0.502523
vt 0.959330 0.503727
vt 0.940707 0.751971
vt 0.938625 0.751713
vt 0.938625 0.750925
vt 0.940707 0.750661
vt 0.957924 0.751623
vt 0.957924 0.750898
vt 0.960008 0.750661
vt 0.960008 0.751866
vt 0.980578 0.003852
vt 0.980578 0.005346
vt 0.979093 0.004956
vt 0.979093 0.004231
vt 0.928256 0.642226
vt 0.926454 0.641895
vt 0.926454 0.640943
vt 0.928256 0.640603
vt 0.857154 0.978712
vt 0.858640 0.978322
vt 0.858640 0.979816
vt 0.857154 0.979437
vt 0.968797 0.464877
vt 0.968797 0.464089
vt 0.970273 0.463676
vt 0.970273 0.465300
vt 0.312568 0.968962
vt 0.312568 0.968174
vt 0.314044 0.967762
vt 0.314044 0.969385
vt 0.600854 0.930043
vt 0.599051 0.929712
vt 0.599051 0.928759
vt 0.600854 0.928419
vt 0.951216 0.613950
vt 0.949409 0.613646
vt 0.949409 0.612769
vt 0.951216 0.612456
vt 0.314375 0.951147
vt 0.312568 0.950843
vt 0.312568 0.949967
vt 0.314375 0.949653
vt 0.938176 0.046910
vt 0.936094 0.046653
vt 0.936094 0.045865
vt 0.938176 0.045601
vt 0.960547 0.958722
vt 0.958463 0.958486
vt 0.958463 0.957761
vt 0.960547 0.957517
vt 0.016725 0.936990
vt 0.014643 0.936732
vt 0.014643 0.935945
vt 0.016725 0.935681
vt 0.948674 0.958479
vt 0.948674 0.957754
vt 0.950758 0.957517
vt 0.950758 0.958722
vt 0.978463 0.430293
vt 0.979948 0.429903
vt 0.979948 0.431397
vt 0.978463 0.431017
vt 0.358400 0.928441
vt 0.356597 0.928109
vt 0.356597 0.927157
vt 0.358400 0.926817
vt 0.377986 0.979904
vt 0.377986 0.978410
vt 0.379472 0.978800
vt 0.379472 0.979525
vt 0.968949 0.078221
vt 0.970425 0.077798
vt 0.970425 0.079422
vt 0.968949 0.079009
vt 0.967035 0.503723
vt 0.967035 0.502936
vt 0.968511 0.502523
vt 0.968511 0.504146
vt 0.778680 0.929743
vt 0.776877 0.929412
vt 0.776877 0.928460
vt 0.778680 0.928120
vt 0.951804 0.514167
vt 0.951804 0.515661
vt 0.949997 0.515347
vt 0.949997 0.514471
vt 0.494709 0.948833
vt 0.494709 0.950327
vt 0.492902 0.950014
vt 0.492902 0.949137
vt 0.192236 0.949081
vt 0.192236 0.947587
vt 0.194043 0.947901
vt 0.194043 0.948777
vt 0.950479 0.922772
vt 0.948671 0.922468
vt 0.948671 0.921591
vt 0.950479 0.921278
vt 0.718697 0.928794
vt 0.718697 0.927841
vt 0.720499 0.927510
vt 0.720499 0.929134
vt 0.216776 0.967644
vt 0.218253 0.967221
vt 0.218253 0.968844
vt 0.216776 0.968432
vt 0.968710 0.612879
vt 0.970186 0.612456
vt 0.970186 0.614080
vt 0.968710 0.613667
vt 0.805283 0.980323
vt 0.805283 0.981817
vt 0.803797 0.981427
vt 0.803797 0.980702
vt 0.929259 0.889352
vt 0.929259 0.888400
vt 0.931062 0.888068
vt 0.931062 0.889692
vt 0.979626 0.489021
vt 0.979626 0.490515
vt 0.978140 0.490125
vt 0.978140 0.489400
vt 0.515887 0.957449
vt 0.515887 0.956724
vt 0.517972 0.956488
vt 0.517972 0.957692
vt 0.575123 0.939989
vt 0.573041 0.939731
vt 0.573041 0.938943
vt 0.575123 0.938679
vt 0.391051 0.959326
vt 0.388967 0.959089
vt 0.388967 0.958365
vt 0.391051 0.958121
vt 0.707967 0.937422
vt 0.705886 0.937164
vt 0.705886 0.936377
vt 0.707967 0.936113
vt 0.935461 0.149836
vt 0.935461 0.148527
vt 0.937543 0.148791
vt 0.937543 0.149578
vt 0.960159 0.195159
vt 0.960159 0.195883
vt 0.958075 0.196120
vt 0.958075 0.194915
vt 0.635575 0.940993
vt 0.633494 0.940735
vt 0.633494 0.939948
vt 0.635575 0.939684
vt 0.960718 0.725157
vt 0.958634 0.724920
vt 0.958634 0.724195
vt 0.960718 0.723952
vt 0.979891 0.283397
vt 0.979891 0.284891
vt 0.978405 0.284501
vt 0.978405 0.283776
vt 0.930464 0.859861
vt 0.930464 0.860813
vt 0.928662 0.861145
vt 0.928662 0.859521
vt 0.414505 0.979029
vt 0.414505 0.980523
vt 0.413020 0.980133
vt 0.413020 0.979408
vt 0.967408 0.709981
vt 0.967408 0.709193
vt 0.968884 0.708780
vt 0.968884 0.710404
vt 0.969506 0.875052
vt 0.969506 0.875840
vt 0.968030 0.876252
vt 0.968030 0.874629
vt 0.444207 0.930705
vt 0.442404 0.930374
vt 0.442404 0.929421
vt 0.444207 0.929082
vt 0.947955 0.861015
vt 0.947955 0.859521
vt 0.949763 0.859834
vt 0.949763 0.860711
vt 0.817882 0.951363
vt 0.816075 0.951059
vt 0.816075 0.950182
vt 0.817882 0.949869
vt 0.935346 0.062818
vt 0.935346 0.061509
vt 0.937427 0.061773
vt 0.937427 0.062560
vt 0.958858 0.624486
vt 0.958858 0.623761
vt 0.960942 0.623525
vt 0.960942 0.624730
vt 0.369177 0.939737
vt 0.367096 0.939479
vt 0.367096 0.938692
vt 0.369177 0.938428
vt 0.573041 0.957853
vt 0.573041 0.957129
vt 0.575125 0.956892
vt 0.575125 0.958097
vt 0.979003 0.207667
vt 0.980489 0.207277
vt 0.980489 0.208771
vt 0.979003 0.208392
vt 0.456852 0.928732
vt 0.456852 0.927780
vt 0.458654 0.927448
vt 0.458654 0.929072
vt 0.470996 0.980875
vt 0.472482 0.980485
vt 0.472482 0.981979
vt 0.470996 0.981600
vt 0.492902 0.968142
vt 0.492902 0.967354
vt 0.494379 0.966941
vt 0.494379 0.968565
vt 0.967854 0.888492
vt 0.969331 0.888068
vt 0.969331 0.889692
vt 0.967854 0.889279
vt 0.928634 0.845997
vt 0.926831 0.845666
vt 0.926831 0.844714
vt 0.928634 0.844374
vt 0.633494 0.950192
vt 0.633494 0.948698
vt 0.635301 0.949011
vt 0.635301 0.949887
vt 0.673277 0.950885
vt 0.671470 0.950581
vt 0.671470 0.949705
vt 0.673277 0.949391
vt 0.618394 0.946671
vt 0.618394 0.945794
vt 0.620201 0.945491
vt 0.620201 0.946986
vt 0.949503 0.095931
vt 0.949503 0.094437
vt 0.951310 0.094750
vt 0.951310 0.095627
vt 0.927687 0.447940
vt 0.925885 0.447608
vt 0.925885 0.446656
vt 0.927687 0.446316
vt 0.968423 0.724375
vt 0.969899 0.723952
vt 0.969899 0.725576
vt 0.968423 0.725163
vt 0.968745 0.109914
vt 0.970222 0.109491
vt 0.970222 0.111114
vt 0.968745 0.110701
vt 0.141592 0.978755
vt 0.143078 0.978364
vt 0.143078 0.979858
vt 0.141592 0.979479
vt 0.705886 0.928068
vt 0.705886 0.927116
vt 0.707688 0.926784
vt 0.707688 0.928408
vt 0.980397 0.137188
vt 0.981883 0.136798
vt 0.981883 0.138292
vt 0.980397 0.137913
vt 0.960149 0.888312
vt 0.960149 0.889037
vt 0.958065 0.889273
vt 0.958065 0.888068
vt 0.298845 0.937588
vt 0.296763 0.937330
vt 0.296763 0.936543
vt 0.298845 0.936279
vt 0.955444 0.018365
vt 0.955444 0.017640
vt 0.957528 0.017404
vt 0.957528 0.018609
vt 0.939539 0.330157
vt 0.939539 0.331466
vt 0.937457 0.331202
vt 0.937457 0.330415
vt 0.937473 0.447626
vt 0.935392 0.447368
vt 0.935392 0.446580
vt 0.937473 0.446316
vt 0.940969 0.958722
vt 0.938885 0.958486
vt 0.938885 0.957761
vt 0.940969 0.957517
vt 0.247641 0.935080
vt 0.247641 0.936390
vt 0.245559 0.936128
vt 0.245559 0.935340
vt 0.959311 0.601965
vt 0.957227 0.601728
vt 0.957227 0.601004
vt 0.959311 0.600760
vt 0.979027 0.797702
vt 0.980512 0.797311
vt 0.980512 0.798805
vt 0.979027 0.798426
vt 0.733706 0.927930
vt 0.731903 0.927599
vt 0.731903 0.926646
vt 0.733706 0.926306
vt 0.979510 0.315787
vt 0.980996 0.315397
vt 0.980996 0.316891
vt 0.979510 0.316512
vt 0.912032 0.969891
vt 0.912032 0.969103
vt 0.913509 0.968690
vt 0.913509 0.970314
vt 0.968529 0.347655
vt 0.968529 0.346868
vt 0.970005 0.346455
vt 0.970005 0.348078
vt 0.298565 0.928574
vt 0.296763 0.928242
vt 0.296763 0.927290
vt 0.298565 0.926950
vt 0.940692 0.949813
vt 0.938885 0.949508
vt 0.938885 0.948632
vt 0.940692 0.948319
vt 0.218583 0.949112
vt 0.218583 0.950606
vt 0.216776 0.950293
vt 0.216776 0.949417
vt 0.517969 0.939583
vt 0.515887 0.939325
vt 0.515887 0.938537
vt 0.517969 0.938273
vt 0.097649 0.957064
vt 0.097649 0.955859
vt 0.099733 0.956104
vt 0.099733 0.956829
vt 0.025417 0.938852
vt 0.025417 0.937543
vt 0.027499 0.937807
vt 0.027499 0.938595
vt 0.957944 0.738392
vt 0.957944 0.737667
vt 0.960028 0.737430
vt 0.960028 0.738635
vt 0.979004 0.477159
vt 0.980489 0.476769
vt 0.980489 0.478263
vt 0.979004 0.477884
vt 0.927347 0.788130
vt 0.925544 0.787799
vt 0.925544 0.786846
vt 0.927347 0.786506
vt 0.693605 0.978230
vt 0.693605 0.979724
vt 0.692119 0.979334
vt 0.692119 0.978609
vt 0.968958 0.490222
vt 0.968958 0.489434
vt 0.970435 0.489021
vt 0.970435 0.490645
vt 0.969032 0.566183
vt 0.969032 0.565395
vt 0.970509 0.564982
vt 0.970509 0.566606
vt 0.027220 0.928554
vt 0.027220 0.929507
vt 0.025417 0.929838
vt 0.025417 0.928214
vt 0.947715 0.600760
vt 0.949522 0.601065
vt 0.949522 0.601941
vt 0.947715 0.602254
vt 0.947739 0.018899
vt 0.945932 0.018596
vt 0.945932 0.017719
vt 0.947739 0.017404
vt 0.951699 0.532879
vt 0.951699 0.534373
vt 0.949892 0.534060
vt 0.949892 0.533184
vt 0.273099 0.950839
vt 0.271292 0.950535
vt 0.271292 0.949658
vt 0.273099 0.949345
vt 0.204500 0.926183
vt 0.204500 0.927135
vt 0.202697 0.927466
vt 0.202697 0.925843
vt 0.458329 0.963900
vt 0.458329 0.965525
vt 0.456852 0.965102
vt 0.456852 0.964314
vt 0.633494 0.967229
vt 0.634970 0.966806
vt 0.634970 0.968430
vt 0.633494 0.968017
vt 0.979699 0.564982
vt 0.979699 0.566476
vt 0.978214 0.566086
vt 0.978214 0.565361
vt 0.610361 0.928759
vt 0.610361 0.929712
vt 0.608559 0.930043
vt 0.608559 0.928419
vt 0.744194 0.979333
vt 0.745680 0.978943
vt 0.745680 0.980437
vt 0.744194 0.980058
vt 0.960520 0.233290
vt 0.958436 0.233054
vt 0.958436 0.232329
vt 0.960520 0.232085
vt 0.358679 0.937455
vt 0.356597 0.937197
vt 0.356597 0.936410
vt 0.358679 0.936146
vt 0.960268 0.922483
vt 0.958183 0.922246
vt 0.958183 0.921521
vt 0.960268 0.921278
vt 0.601133 0.939057
vt 0.599051 0.938799
vt 0.599051 0.938012
vt 0.601133 0.937748
vt 0.099730 0.938954
vt 0.097649 0.938696
vt 0.097649 0.937908
vt 0.099730 0.937644
vt 0.958183 0.931149
vt 0.958183 0.930424
vt 0.960268 0.930187
vt 0.960268 0.931392
vt 0.720778 0.938148
vt 0.718697 0.937890
vt 0.718697 0.937102
vt 0.720778 0.936838
vt 0.958271 0.911635
vt 0.958271 0.910910
vt 0.960355 0.910674
vt 0.960355 0.911878
vt 0.506034 0.978833
vt 0.507519 0.978442
vt 0.507519 0.979936
vt 0.506034 0.979557
vt 0.048140 0.928028
vt 0.046338 0.927697
vt 0.046338 0.926744
vt 0.048140 0.926405
vt 0.979691 0.414679
vt 0.979691 0.416173
vt 0.978205 0.415783
vt 0.978205 0.415058
vt 0.967972 0.921701
vt 0.969449 0.921278
vt 0.969449 0.922901
vt 0.967972 0.922489
vt 0.816075 0.969178
vt 0.816075 0.968390
vt 0.817551 0.967977
vt 0.817551 0.969601
vt 0.929435 0.875913
vt 0.929435 0.874960
vt 0.931238 0.874629
vt 0.931238 0.876252
vt 0.951730 0.284891
vt 0.949923 0.284587
vt 0.949923 0.283710
vt 0.951730 0.283397
vt 0.328007 0.951415
vt 0.328007 0.949921
vt 0.329815 0.950234
vt 0.329815 0.951111
vt 0.937477 0.397712
vt 0.937477 0.399021
vt 0.935395 0.398757
vt 0.935395 0.397969
vt 0.218860 0.959516
vt 0.216776 0.959280
vt 0.216776 0.958555
vt 0.218860 0.958311
vt 0.936733 0.774695
vt 0.936733 0.776004
vt 0.934652 0.775740
vt 0.934652 0.774953
vt 0.494986 0.958275
vt 0.494986 0.959000
vt 0.492902 0.959237
vt 0.492902 0.958032
vt 0.978417 0.267009
vt 0.979903 0.266618
vt 0.979903 0.268112
vt 0.978417 0.267733
vt 0.927951 0.182552
vt 0.926148 0.182221
vt 0.926148 0.181268
vt 0.927951 0.180929
vt 0.976914 0.737826
vt 0.978401 0.737430
vt 0.978401 0.738926
vt 0.976914 0.738551
vt 0.967713 0.751084
vt 0.969189 0.750661
vt 0.969189 0.752285
vt 0.967713 0.751872
vt 0.968060 0.911097
vt 0.969537 0.910674
vt 0.969537 0.912297
vt 0.968060 0.911884
vt 0.931268 0.911013
vt 0.931268 0.911966
vt 0.929465 0.912297
vt 0.929465 0.910674
vt 0.951303 0.463676
vt 0.951303 0.465170
vt 0.949496 0.464857
vt 0.949496 0.463981
vt 0.950219 0.750661
vt 0.950219 0.752155
vt 0.948412 0.751842
vt 0.948412 0.750966
vt 0.947244 0.330157
vt 0.949051 0.330462
vt 0.949051 0.331338
vt 0.947244 0.331651
vt 0.951465 0.489021
vt 0.951465 0.490515
vt 0.949657 0.490202
vt 0.949657 0.489325
vt 0.657778 0.926994
vt 0.657778 0.926041
vt 0.659580 0.925710
vt 0.659580 0.927333
vt 0.968907 0.164484
vt 0.970384 0.164060
vt 0.970384 0.165684
vt 0.968907 0.165271
vt 0.967256 0.860721
vt 0.967256 0.859934
vt 0.968733 0.859521
vt 0.968733 0.861145
vt 0.123578 0.979173
vt 0.125064 0.978783
vt 0.125064 0.980277
vt 0.123578 0.979898
vt 0.929269 0.196199
vt 0.929269 0.195247
vt 0.931072 0.194915
vt 0.931072 0.196539
vt 0.980473 0.827606
vt 0.980473 0.829100
vt 0.978988 0.828710
vt 0.978988 0.827985
vt 0.957619 0.709742
vt 0.957619 0.709017
vt 0.959703 0.708780
vt 0.959703 0.709985
vt 0.733985 0.936944
vt 0.731903 0.936687
vt 0.731903 0.935899
vt 0.733985 0.935635
vt 0.314652 0.960057
vt 0.312568 0.959820
vt 0.312568 0.959096
vt 0.314652 0.958852
vt 0.035946 0.937648
vt 0.035946 0.936339
vt 0.038027 0.936603
vt 0.038027 0.937391
vt 0.014643 0.953903
vt 0.016728 0.954136
vt 0.016728 0.954862
vt 0.014643 0.955109
vt 0.314650 0.941949
vt 0.312568 0.941700
vt 0.312568 0.940913
vt 0.314650 0.940640
vt 0.707970 0.955534
vt 0.705886 0.955301
vt 0.705886 0.954575
vt 0.707970 0.954328
vt 0.662484 0.585966
vt 0.665177 0.585651
vt 0.665177 0.607760
vt 0.662457 0.607996
vt 0.400296 0.969429
vt 0.400296 0.971051
vt 0.398819 0.970620
vt 0.398819 0.969833
vt 0.768202 0.969668
vt 0.768202 0.971290
vt 0.766726 0.970868
vt 0.766726 0.970081
vt 0.312568 0.978191
vt 0.312568 0.977465
vt 0.314055 0.977090
vt 0.314055 0.978586
vt 0.532030 0.947763
vt 0.530223 0.947460
vt 0.530223 0.946583
vt 0.532030 0.946269
vt 0.273094 0.932627
vt 0.271292 0.932292
vt 0.271292 0.931341
vt 0.273094 0.931005
vt 0.932444 0.266618
vt 0.932444 0.268240
vt 0.930641 0.267892
vt 0.930641 0.266941
vt 0.344808 0.954951
vt 0.344808 0.956157
vt 0.342725 0.955912
vt 0.342725 0.955187
vt 0.941953 0.490329
vt 0.939871 0.490070
vt 0.939871 0.489283
vt 0.941953 0.489021
vt 0.942218 0.284705
vt 0.940137 0.284446
vt 0.940137 0.283659
vt 0.942218 0.283397
vt 0.971388 0.003852
vt 0.971388 0.005474
vt 0.969911 0.005053
vt 0.969911 0.004266
vt 0.948272 0.301810
vt 0.946466 0.301507
vt 0.946466 0.300630
vt 0.948272 0.300314
vt 0.969806 0.828027
vt 0.971283 0.827606
vt 0.971283 0.829228
vt 0.969806 0.828814
vt 0.977036 0.889169
vt 0.977036 0.888443
vt 0.978522 0.888068
vt 0.978522 0.889564
vt 0.978129 0.124718
vt 0.978129 0.123992
vt 0.979614 0.123616
vt 0.979614 0.125111
vt 0.705886 0.946305
vt 0.705886 0.945427
vt 0.707693 0.945127
vt 0.707693 0.946623
vt 0.932156 0.079421
vt 0.930354 0.079091
vt 0.930354 0.078139
vt 0.932156 0.077798
vt 0.932506 0.514167
vt 0.932506 0.515789
vt 0.930703 0.515440
vt 0.930703 0.514489
vt 0.673273 0.932673
vt 0.671470 0.932338
vt 0.671470 0.931387
vt 0.673273 0.931051
vt 0.932517 0.564982
vt 0.932517 0.566605
vt 0.930715 0.566269
vt 0.930715 0.565317
vt 0.946247 0.776190
vt 0.944438 0.775890
vt 0.944438 0.775012
vt 0.946247 0.774695
vt 0.978130 0.078900
vt 0.978130 0.078174
vt 0.979614 0.077798
vt 0.979614 0.079294
vt 0.720181 0.982550
vt 0.720181 0.984043
vt 0.718697 0.983659
vt 0.718697 0.982934
vt 0.283121 0.970464
vt 0.283121 0.969677
vt 0.284598 0.969266
vt 0.284598 0.970889
vt 0.515887 0.948467
vt 0.515887 0.947590
vt 0.517694 0.947287
vt 0.517694 0.948783
vt 0.123587 0.969887
vt 0.125064 0.969456
vt 0.125064 0.971078
vt 0.123587 0.970674
vt 0.330089 0.940908
vt 0.330089 0.942216
vt 0.328007 0.941954
vt 0.328007 0.941167
vt 0.733988 0.953857
vt 0.733988 0.955064
vt 0.731903 0.954817
vt 0.731903 0.954091
vt 0.233490 0.940708
vt 0.233490 0.942016
vt 0.231408 0.941754
vt 0.231408 0.940967
vt 0.247644 0.954509
vt 0.245559 0.954275
vt 0.245559 0.953550
vt 0.247644 0.953303
vt 0.943029 0.347757
vt 0.940947 0.347508
vt 0.940947 0.346725
vt 0.943029 0.346455
vt 0.828492 0.953910
vt 0.826408 0.953681
vt 0.826408 0.952951
vt 0.828492 0.952698
vt 0.492902 0.977368
vt 0.492902 0.976638
vt 0.494387 0.976270
vt 0.494387 0.977773
vt 0.931716 0.111105
vt 0.931716 0.109491
vt 0.933519 0.109838
vt 0.933519 0.110786
vt 0.633494 0.976540
vt 0.634979 0.976134
vt 0.634979 0.977638
vt 0.633494 0.977270
vt 0.754565 0.971482
vt 0.756042 0.971049
vt 0.756042 0.972664
vt 0.754565 0.972265
vt 0.648897 0.932156
vt 0.648897 0.933771
vt 0.647094 0.933423
vt 0.647094 0.932476
vt 0.204504 0.945689
vt 0.202697 0.945394
vt 0.202697 0.944512
vt 0.204504 0.944186
vt 0.946144 0.316901
vt 0.944337 0.316605
vt 0.944337 0.315723
vt 0.946144 0.315397
vt 0.944838 0.787685
vt 0.944838 0.786807
vt 0.946645 0.786506
vt 0.946645 0.788003
vt 0.647850 0.887661
vt 0.647850 0.893254
vt 0.647094 0.893116
vt 0.647224 0.887547
vt 0.933029 0.208898
vt 0.931226 0.208571
vt 0.931226 0.207620
vt 0.933029 0.207277
vt 0.971298 0.207277
vt 0.971298 0.208899
vt 0.969821 0.208468
vt 0.969821 0.207681
vt 0.151657 0.970380
vt 0.153133 0.969953
vt 0.153133 0.971574
vt 0.151657 0.971167
vt 0.977039 0.900764
vt 0.977039 0.900038
vt 0.978524 0.899663
vt 0.978524 0.901160
vt 0.218579 0.932394
vt 0.216776 0.932072
vt 0.216776 0.931120
vt 0.218579 0.930772
vt 0.912032 0.979121
vt 0.912032 0.978395
vt 0.913517 0.978019
vt 0.913517 0.979514
vt 0.956774 0.447522
vt 0.954690 0.447287
vt 0.954690 0.446561
vt 0.956774 0.446316
vt 0.939716 0.095472
vt 0.939716 0.094685
vt 0.941798 0.094437
vt 0.941798 0.095745
vt 0.942230 0.267926
vt 0.940148 0.267672
vt 0.940148 0.266885
vt 0.942230 0.266618
vt 0.942840 0.798614
vt 0.940758 0.798365
vt 0.940758 0.797582
vt 0.942840 0.797311
vt 0.078512 0.953878
vt 0.076428 0.953649
vt 0.076428 0.952919
vt 0.078512 0.952666
vt 0.942800 0.828908
vt 0.940719 0.828660
vt 0.940719 0.827876
vt 0.942800 0.827606
vt 0.298639 0.094887
vt 0.299216 0.003852
vt 0.300925 0.004057
vt 0.300925 0.095161
vt 0.610323 0.977119
vt 0.608838 0.977524
vt 0.608838 0.976021
vt 0.610323 0.976389
vt 0.977095 0.976855
vt 0.977095 0.977584
vt 0.975610 0.977952
vt 0.975610 0.976449
vt 0.803797 0.971437
vt 0.805274 0.971004
vt 0.805274 0.972619
vt 0.803797 0.972220
vt 0.472473 0.971166
vt 0.472473 0.972780
vt 0.470996 0.972347
vt 0.470996 0.971564
vt 0.817878 0.931537
vt 0.817878 0.933152
vt 0.816075 0.932804
vt 0.816075 0.931857
vt 0.896802 0.945818
vt 0.894996 0.945522
vt 0.894996 0.944640
vt 0.896802 0.944315
vt 0.481915 0.944751
vt 0.481915 0.943860
vt 0.483721 0.943568
vt 0.483721 0.945088
vt 0.561132 0.944441
vt 0.559326 0.944149
vt 0.559326 0.943257
vt 0.561132 0.942921
vt 0.836233 0.932581
vt 0.838037 0.932890
vt 0.838037 0.933828
vt 0.836233 0.934180
vt 0.683474 0.971772
vt 0.683474 0.973371
vt 0.681995 0.972933
vt 0.681995 0.972158
vt 0.903333 0.903252
vt 0.903333 0.899929
vt 0.904328 0.899663
vt 0.904328 0.903541
vt 0.143951 0.932631
vt 0.143951 0.934231
vt 0.142148 0.933879
vt 0.142148 0.932941
vt 0.948073 0.976175
vt 0.949557 0.975756
vt 0.949557 0.977276
vt 0.948073 0.976913
vt 0.110745 0.952635
vt 0.110745 0.953861
vt 0.108662 0.953600
vt 0.108662 0.952862
vt 0.141869 0.942952
vt 0.141869 0.942176
vt 0.143951 0.941935
vt 0.143951 0.943225
vt 0.683802 0.943488
vt 0.683802 0.944379
vt 0.681995 0.944671
vt 0.681995 0.943151
vt 0.803797 0.944088
vt 0.803797 0.943196
vt 0.805603 0.942904
vt 0.805603 0.944424
vt 0.933819 0.818859
vt 0.932016 0.818549
vt 0.932016 0.817611
vt 0.933819 0.817259
vt 0.151657 0.906128
vt 0.151657 0.902971
vt 0.152602 0.902718
vt 0.152602 0.906403
vt 0.546806 0.971727
vt 0.546806 0.973326
vt 0.545328 0.972888
vt 0.545328 0.972112
vt 0.573041 0.975550
vt 0.574525 0.975131
vt 0.574525 0.976651
vt 0.573041 0.976287
vt 0.847598 0.934202
vt 0.845795 0.933893
vt 0.845795 0.932955
vt 0.847598 0.932603
vt 0.261868 0.943308
vt 0.259786 0.943067
vt 0.259786 0.942292
vt 0.261868 0.942018
vt 0.684079 0.953602
vt 0.681995 0.953375
vt 0.681995 0.952638
vt 0.684079 0.952376
vt 0.844328 0.647155
vt 0.844314 0.641032
vt 0.847413 0.641259
vt 0.847413 0.647449
vt 0.941524 0.818465
vt 0.941524 0.817554
vt 0.943329 0.817259
vt 0.943329 0.818814
vt 0.885101 0.972515
vt 0.886582 0.972079
vt 0.886582 0.973645
vt 0.885101 0.973275
vt 0.718697 0.847802
vt 0.718697 0.841220
vt 0.721259 0.841918
vt 0.721259 0.848500
vt 0.456852 0.974350
vt 0.456852 0.973596
vt 0.458333 0.973229
vt 0.458333 0.974783
vt 0.610642 0.937748
vt 0.610642 0.939314
vt 0.608838 0.938963
vt 0.608838 0.938044
vt 0.110745 0.943675
vt 0.110745 0.944931
vt 0.108662 0.944659
vt 0.108662 0.943904
vt 0.792242 0.944872
vt 0.790159 0.944643
vt 0.790159 0.943889
vt 0.792242 0.943619
vt 0.057116 0.943552
vt 0.057116 0.942792
vt 0.059199 0.942562
vt 0.059199 0.943824
vt 0.852666 0.381247
vt 0.853365 0.381216
vt 0.853365 0.389868
vt 0.852065 0.389904
vt 0.283858 0.895072
vt 0.283256 0.895175
vt 0.283121 0.889615
vt 0.283858 0.889491
vt 0.859246 0.942166
vt 0.859246 0.942942
vt 0.857163 0.943182
vt 0.857163 0.941893
vt 0.633494 0.931979
vt 0.633494 0.930356
vt 0.635296 0.930697
vt 0.635296 0.931649
vt 0.492902 0.931774
vt 0.492902 0.930822
vt 0.494705 0.930492
vt 0.494705 0.932115
vt 0.945182 0.399206
vt 0.945182 0.397712
vt 0.946989 0.398027
vt 0.946989 0.398903
vt 0.977154 0.922378
vt 0.977154 0.921652
vt 0.978639 0.921278
vt 0.978639 0.922774
vt 0.977710 0.346847
vt 0.979196 0.346455
vt 0.979196 0.347949
vt 0.977710 0.347572
vt 0.141592 0.969461
vt 0.143069 0.969037
vt 0.143069 0.970660
vt 0.141592 0.970249
vt 0.945748 0.641783
vt 0.945748 0.640906
vt 0.947555 0.640603
vt 0.947555 0.642097
vt 0.938320 0.710090
vt 0.938320 0.708780
vt 0.940402 0.709044
vt 0.940402 0.709832
vt 0.957038 0.181174
vt 0.957038 0.181899
vt 0.954954 0.182134
vt 0.954954 0.180929
vt 0.939335 0.725261
vt 0.939335 0.723952
vt 0.941417 0.724217
vt 0.941417 0.725004
vt 0.956060 0.138003
vt 0.953976 0.137767
vt 0.953976 0.137042
vt 0.956060 0.136798
vt 0.935102 0.164060
vt 0.935102 0.165370
vt 0.933020 0.165108
vt 0.933020 0.164320
vt 0.961099 0.095641
vt 0.959015 0.095402
vt 0.959015 0.094678
vt 0.961099 0.094437
vt 0.561408 0.933906
vt 0.561408 0.935216
vt 0.559326 0.934954
vt 0.559326 0.934166
vt 0.766726 0.961723
vt 0.766726 0.960999
vt 0.768810 0.960759
vt 0.768810 0.961963
vt 0.298249 0.983630
vt 0.296763 0.984014
vt 0.296763 0.982521
vt 0.298249 0.982905
vt 0.414822 0.925908
vt 0.413020 0.925572
vt 0.413020 0.924619
vt 0.414822 0.924284
vt 0.016129 0.981414
vt 0.016129 0.982907
vt 0.014643 0.982521
vt 0.014643 0.981797
vt 0.705886 0.964445
vt 0.705886 0.963657
vt 0.707362 0.963239
vt 0.707362 0.964864
vt 0.718697 0.964380
vt 0.720173 0.963962
vt 0.720173 0.965586
vt 0.718697 0.965168
vt 0.284923 0.923835
vt 0.284923 0.925460
vt 0.283121 0.925124
vt 0.283121 0.924171
vt 0.877358 0.952744
vt 0.875551 0.952435
vt 0.875551 0.951559
vt 0.877358 0.951251
vt 0.123587 0.952534
vt 0.123587 0.951658
vt 0.125394 0.951349
vt 0.125394 0.952843
vt 0.746276 0.933527
vt 0.746276 0.934837
vt 0.744194 0.934576
vt 0.744194 0.933788
vt 0.962116 0.208241
vt 0.960032 0.208481
vt 0.960032 0.207277
vt 0.962116 0.207517
vt 0.415101 0.934923
vt 0.413020 0.934662
vt 0.413020 0.933874
vt 0.415101 0.933613
vt 0.057116 0.961691
vt 0.057116 0.960967
vt 0.059200 0.960727
vt 0.059200 0.961931
vt 0.344211 0.982453
vt 0.344211 0.983946
vt 0.342725 0.983562
vt 0.342725 0.982837
vt 0.379789 0.923973
vt 0.379789 0.924926
vt 0.377986 0.925261
vt 0.377986 0.923637
vt 0.982351 0.640987
vt 0.983837 0.640603
vt 0.983837 0.642096
vt 0.982351 0.641712
vt 0.296763 0.964611
vt 0.296763 0.963823
vt 0.298240 0.963405
vt 0.298240 0.965030
vt 0.619871 0.963601
vt 0.619871 0.965225
vt 0.618394 0.964807
vt 0.618394 0.964019
vt 0.768528 0.925876
vt 0.766726 0.925540
vt 0.766726 0.924587
vt 0.768528 0.924252
vt 0.952528 0.698130
vt 0.950721 0.697823
vt 0.950721 0.696947
vt 0.952528 0.696637
vt 0.951034 0.809140
vt 0.951034 0.808264
vt 0.952841 0.807956
vt 0.952841 0.809449
vt 0.768533 0.951561
vt 0.768533 0.953054
vt 0.766726 0.952745
vt 0.766726 0.951869
vt 0.413020 0.952780
vt 0.413020 0.951904
vt 0.414827 0.951595
vt 0.414827 0.953088
vt 0.887181 0.925523
vt 0.885378 0.925187
vt 0.885378 0.924234
vt 0.887181 0.923898
vt 0.344201 0.963862
vt 0.344201 0.965486
vt 0.342725 0.965068
vt 0.342725 0.964280
vt 0.964379 0.061927
vt 0.965856 0.061509
vt 0.965856 0.063133
vt 0.964379 0.062715
vt 0.456852 0.983981
vt 0.456852 0.982488
vt 0.458338 0.982873
vt 0.458338 0.983597
vt 0.261588 0.925028
vt 0.259786 0.924692
vt 0.259786 0.923739
vt 0.261588 0.923403
vt 0.982484 0.046710
vt 0.982484 0.045986
vt 0.983970 0.045601
vt 0.983970 0.047094
vt 0.960017 0.828570
vt 0.960017 0.827846
vt 0.962101 0.827606
vt 0.962101 0.828810
vt 0.059198 0.933547
vt 0.059198 0.934857
vt 0.057116 0.934596
vt 0.057116 0.933808
vt 0.746278 0.961672
vt 0.744194 0.961911
vt 0.744194 0.960707
vt 0.746278 0.960947
vt 0.934863 0.655173
vt 0.934863 0.656483
vt 0.932781 0.656222
vt 0.932781 0.655434
vt 0.078509 0.936001
vt 0.076428 0.935741
vt 0.076428 0.934953
vt 0.078509 0.934691
vt 0.961593 0.524859
vt 0.959509 0.524620
vt 0.959509 0.523895
vt 0.961593 0.523655
vt 0.590554 0.934937
vt 0.588472 0.934676
vt 0.588472 0.933888
vt 0.590554 0.933627
vt 0.961092 0.464880
vt 0.959008 0.464642
vt 0.959008 0.463917
vt 0.961092 0.463676
vt 0.827894 0.981307
vt 0.827894 0.982800
vt 0.826408 0.982414
vt 0.826408 0.981690
vt 0.245559 0.925751
vt 0.247361 0.926085
vt 0.247361 0.927038
vt 0.245559 0.927375
vt 0.982069 0.669507
vt 0.982069 0.671001
vt 0.980583 0.670611
vt 0.980583 0.669886
vt 0.965426 0.844793
vt 0.966903 0.844374
vt 0.966903 0.845998
vt 0.965426 0.845581
vt 0.025417 0.965086
vt 0.026894 0.964666
vt 0.026894 0.966291
vt 0.025417 0.965874
vt 0.925077 0.764998
vt 0.925077 0.764045
vt 0.926880 0.763710
vt 0.926880 0.765335
vt 0.143677 0.952423
vt 0.141869 0.952116
vt 0.141869 0.951240
vt 0.143677 0.950930
vt 0.648901 0.950483
vt 0.648901 0.951976
vt 0.647094 0.951666
vt 0.647094 0.950790
vt 0.756646 0.933934
vt 0.756646 0.935244
vt 0.754565 0.934983
vt 0.754565 0.934195
vt 0.959388 0.551406
vt 0.959388 0.550682
vt 0.961472 0.550443
vt 0.961472 0.551647
vt 0.483997 0.934553
vt 0.483997 0.935863
vt 0.481915 0.935601
vt 0.481915 0.934813
vt 0.959435 0.284360
vt 0.959435 0.283636
vt 0.961519 0.283397
vt 0.961519 0.284601
vt 0.110148 0.981200
vt 0.110148 0.982693
vt 0.108662 0.982307
vt 0.108662 0.981583
vt 0.089011 0.927304
vt 0.087209 0.926969
vt 0.087209 0.926016
vt 0.089011 0.925679
vt 0.885101 0.981735
vt 0.886587 0.981349
vt 0.886587 0.982843
vt 0.885101 0.982460
vt 0.573041 0.966221
vt 0.574518 0.965802
vt 0.574518 0.967426
vt 0.573041 0.967009
vt 0.966545 0.331362
vt 0.966545 0.330574
vt 0.968021 0.330157
vt 0.968021 0.331782
vt 0.545328 0.926144
vt 0.545328 0.925191
vt 0.547130 0.924857
vt 0.547130 0.926481
vt 0.952417 0.005346
vt 0.950610 0.005038
vt 0.950610 0.004162
vt 0.952417 0.003852
vt 0.952541 0.346455
vt 0.952541 0.347948
vt 0.950734 0.347638
vt 0.950734 0.346762
vt 0.259786 0.951013
vt 0.261593 0.951320
vt 0.261593 0.952196
vt 0.259786 0.952506
vt 0.952402 0.361213
vt 0.952402 0.362707
vt 0.950595 0.362397
vt 0.950595 0.361521
vt 0.803797 0.924560
vt 0.805600 0.924895
vt 0.805600 0.925848
vt 0.803797 0.926185
vt 0.515887 0.965817
vt 0.517364 0.965397
vt 0.517364 0.967022
vt 0.515887 0.966605
vt 0.776877 0.965777
vt 0.776877 0.964989
vt 0.778354 0.964572
vt 0.778354 0.966196
vt 0.166313 0.982775
vt 0.166313 0.981282
vt 0.167798 0.981668
vt 0.167798 0.982393
vt 0.927128 0.222176
vt 0.925325 0.221842
vt 0.925325 0.220889
vt 0.927128 0.220552
vt 0.980630 0.580893
vt 0.980630 0.579399
vt 0.982116 0.579785
vt 0.982116 0.580510
vt 0.261870 0.961415
vt 0.259786 0.961176
vt 0.259786 0.960451
vt 0.261870 0.960211
vt 0.182305 0.934685
vt 0.182305 0.935995
vt 0.180223 0.935733
vt 0.180223 0.934945
vt 0.961488 0.534083
vt 0.959404 0.533845
vt 0.959404 0.533120
vt 0.961488 0.532879
vt 0.473078 0.934631
vt 0.470996 0.934370
vt 0.470996 0.933582
vt 0.473078 0.933321
vt 0.273373 0.941640
vt 0.271292 0.941384
vt 0.271292 0.940596
vt 0.273373 0.940331
vt 0.956279 0.669507
vt 0.956279 0.670712
vt 0.954195 0.670468
vt 0.954195 0.669743
vt 0.941219 0.233394
vt 0.939138 0.233138
vt 0.939138 0.232350
vt 0.941219 0.232085
vt 0.956778 0.398917
vt 0.954694 0.398682
vt 0.954694 0.397957
vt 0.956778 0.397712
vt 0.977837 0.939717
vt 0.979323 0.939324
vt 0.979323 0.940819
vt 0.977837 0.940442
vt 0.931630 0.723952
vt 0.931630 0.725575
vt 0.929828 0.725234
vt 0.929828 0.724282
vt 0.979464 0.463676
vt 0.979464 0.465171
vt 0.977978 0.464779
vt 0.977978 0.464054
vt 0.845795 0.969433
vt 0.847272 0.969008
vt 0.847272 0.970631
vt 0.845795 0.970220
vt 0.261262 0.969119
vt 0.261262 0.970742
vt 0.259786 0.970318
vt 0.259786 0.969530
vt 0.930429 0.415961
vt 0.930429 0.415009
vt 0.932231 0.414679
vt 0.932231 0.416302
vt 0.027225 0.948052
vt 0.025417 0.947749
vt 0.025417 0.946872
vt 0.027225 0.946557
vt 0.720504 0.945853
vt 0.720504 0.947347
vt 0.718697 0.947032
vt 0.718697 0.946156
vt 0.934676 0.136798
vt 0.936758 0.137058
vt 0.936758 0.137846
vt 0.934676 0.138107
vt 0.961531 0.266859
vt 0.961531 0.267584
vt 0.959447 0.267823
vt 0.959447 0.266618
vt 0.694204 0.960234
vt 0.694204 0.960959
vt 0.692119 0.961197
vt 0.692119 0.959993
vt 0.754565 0.980758
vt 0.756050 0.980368
vt 0.756050 0.981862
vt 0.754565 0.981483
vt 0.925118 0.431190
vt 0.925118 0.430237
vt 0.926920 0.429903
vt 0.926920 0.431527
vt 0.202697 0.981324
vt 0.204183 0.980938
vt 0.204183 0.982431
vt 0.202697 0.982049
vt 0.938885 0.966847
vt 0.940361 0.966427
vt 0.940361 0.968051
vt 0.938885 0.967635
vt 0.367096 0.965969
vt 0.368572 0.965549
vt 0.368572 0.967174
vt 0.367096 0.966757
vt 0.559326 0.925865
vt 0.559326 0.924912
vt 0.561128 0.924577
vt 0.561128 0.926202
vt 0.913840 0.952076
vt 0.912032 0.951769
vt 0.912032 0.950893
vt 0.913840 0.950583
vt 0.379793 0.952468
vt 0.377986 0.952161
vt 0.377986 0.951285
vt 0.379793 0.950975
vt 0.952327 0.207277
vt 0.952327 0.208770
vt 0.950520 0.208460
vt 0.950520 0.207584
vt 0.284928 0.952652
vt 0.283121 0.952345
vt 0.283121 0.951469
vt 0.284928 0.951159
vt 0.925390 0.670795
vt 0.925390 0.669842
vt 0.927192 0.669507
vt 0.927192 0.671131
vt 0.598773 0.966077
vt 0.598773 0.965289
vt 0.600250 0.964872
vt 0.600250 0.966497
vt 0.356597 0.963435
vt 0.358074 0.963017
vt 0.358074 0.964641
vt 0.356597 0.964223
vt 0.035946 0.981873
vt 0.037431 0.981487
vt 0.037431 0.982980
vt 0.035946 0.982598
vt 0.507836 0.923741
vt 0.507836 0.924693
vt 0.506034 0.925029
vt 0.506034 0.923405
vt 0.358083 0.982721
vt 0.356597 0.983107
vt 0.356597 0.981614
vt 0.358083 0.981997
vt 0.847879 0.961303
vt 0.845795 0.961064
vt 0.845795 0.960340
vt 0.847879 0.960099
vt 0.153738 0.933874
vt 0.153738 0.935184
vt 0.151657 0.934922
vt 0.151657 0.934134
vt 0.859248 0.961289
vt 0.857163 0.961050
vt 0.857163 0.960326
vt 0.859248 0.960085
vt 0.089291 0.936318
vt 0.087209 0.936058
vt 0.087209 0.935270
vt 0.089291 0.935008
vt 0.939560 0.624569
vt 0.939560 0.623781
vt 0.941641 0.623525
vt 0.941641 0.624834
vt 0.956434 0.787712
vt 0.954350 0.787476
vt 0.954350 0.786751
vt 0.956434 0.786506
vt 0.938885 0.931335
vt 0.938885 0.930548
vt 0.940967 0.930291
vt 0.940967 0.931600
vt 0.953994 0.030453
vt 0.953994 0.029728
vt 0.956078 0.029493
vt 0.956078 0.030698
vt 0.979090 0.725054
vt 0.977604 0.725447
vt 0.977604 0.723952
vt 0.979090 0.724329
vt 0.932166 0.490644
vt 0.930364 0.490314
vt 0.930364 0.489362
vt 0.932166 0.489021
vt 0.977779 0.655565
vt 0.979265 0.655173
vt 0.979265 0.656668
vt 0.977779 0.656290
vt 0.969298 0.514591
vt 0.970774 0.514167
vt 0.970774 0.515790
vt 0.969298 0.515379
vt 0.506034 0.969539
vt 0.507510 0.969114
vt 0.507510 0.970738
vt 0.506034 0.970326
vt 0.931180 0.932229
vt 0.929378 0.931899
vt 0.929378 0.930947
vt 0.931180 0.930606
vt 0.944481 0.030671
vt 0.944481 0.029794
vt 0.946289 0.029493
vt 0.946289 0.030988
vt 0.456852 0.946971
vt 0.456852 0.946094
vt 0.458659 0.945791
vt 0.458659 0.947285
vt 0.778684 0.946777
vt 0.778684 0.947654
vt 0.776877 0.947957
vt 0.776877 0.946462
vt 0.947055 0.148841
vt 0.947055 0.149718
vt 0.945247 0.150021
vt 0.945247 0.148527
vt 0.931652 0.590235
vt 0.931652 0.591857
vt 0.929850 0.591517
vt 0.929850 0.590564
vt 0.970653 0.550443
vt 0.970653 0.552066
vt 0.969177 0.551641
vt 0.969177 0.550854
vt 0.969236 0.267043
vt 0.970712 0.266618
vt 0.970712 0.268241
vt 0.969236 0.267830
vt 0.647094 0.979021
vt 0.647094 0.978296
vt 0.648579 0.977919
vt 0.648579 0.979413
vt 0.931855 0.623525
vt 0.931855 0.625148
vt 0.930052 0.624807
vt 0.930052 0.623855
vt 0.979412 0.109883
vt 0.979412 0.110608
vt 0.977927 0.110985
vt 0.977927 0.109491
vt 0.776877 0.956867
vt 0.776877 0.955662
vt 0.778961 0.955907
vt 0.778961 0.956632
vt 0.940967 0.922587
vt 0.938885 0.922330
vt 0.938885 0.921543
vt 0.940967 0.921278
vt 0.620478 0.955896
vt 0.618394 0.955660
vt 0.618394 0.954935
vt 0.620478 0.954691
vt 0.941054 0.911982
vt 0.938973 0.911726
vt 0.938973 0.910939
vt 0.941054 0.910674
vt 0.934832 0.221861
vt 0.934832 0.220552
vt 0.936914 0.220816
vt 0.936914 0.221604
vt 0.960612 0.381074
vt 0.960612 0.381799
vt 0.958528 0.382035
vt 0.958528 0.380830
vt 0.342725 0.938047
vt 0.342725 0.936738
vt 0.344806 0.937002
vt 0.344806 0.937789
vt 0.367096 0.957601
vt 0.367096 0.956876
vt 0.369180 0.956640
vt 0.369180 0.957844
vt 0.245559 0.981722
vt 0.245559 0.980228
vt 0.247045 0.980618
vt 0.247045 0.981343
vt 0.620197 0.927488
vt 0.620197 0.928441
vt 0.618394 0.928772
vt 0.618394 0.927149
vt 0.836233 0.980555
vt 0.837719 0.980165
vt 0.837719 0.981658
vt 0.836233 0.981280
vt 0.968467 0.249694
vt 0.969944 0.249271
vt 0.969944 0.250895
vt 0.968467 0.250482
vt 0.968225 0.233286
vt 0.968225 0.232498
vt 0.969702 0.232085
vt 0.969702 0.233709
vt 0.930920 0.752285
vt 0.929118 0.751954
vt 0.929118 0.751001
vt 0.930920 0.750661
vt 0.949875 0.550443
vt 0.951683 0.550747
vt 0.951683 0.551624
vt 0.949875 0.551937
vt 0.951539 0.564982
vt 0.951539 0.566476
vt 0.949731 0.566163
vt 0.949731 0.565287
vt 0.936979 0.669507
vt 0.936979 0.670816
vt 0.934897 0.670552
vt 0.934897 0.669765
vt 0.428583 0.957568
vt 0.426499 0.957332
vt 0.426499 0.956607
vt 0.428583 0.956363
vt 0.936679 0.301623
vt 0.936679 0.300314
vt 0.938761 0.300578
vt 0.938761 0.301366
vt 0.194320 0.957991
vt 0.192236 0.957754
vt 0.192236 0.957030
vt 0.194320 0.956786
vt 0.980362 0.029883
vt 0.981848 0.029493
vt 0.981848 0.030987
vt 0.980362 0.030608
vt 0.927950 0.331441
vt 0.927950 0.330489
vt 0.929752 0.330157
vt 0.929752 0.331781
vt 0.284607 0.978594
vt 0.284607 0.980088
vt 0.283121 0.979697
vt 0.283121 0.978973
vt 0.928822 0.968256
vt 0.928822 0.967469
vt 0.930298 0.967056
vt 0.930298 0.968680
vt 0.968656 0.939748
vt 0.970132 0.939324
vt 0.970132 0.940948
vt 0.968656 0.940535
vt 0.926587 0.046885
vt 0.926587 0.045933
vt 0.928389 0.045601
vt 0.928389 0.047225
vt 0.233215 0.951215
vt 0.231408 0.950911
vt 0.231408 0.950034
vt 0.233215 0.949721
vt 0.950566 0.912168
vt 0.948759 0.911863
vt 0.948759 0.910987
vt 0.950566 0.910674
vt 0.951455 0.077798
vt 0.951455 0.079292
vt 0.949648 0.078979
vt 0.949648 0.078102
vt 0.950536 0.876123
vt 0.948729 0.875818
vt 0.948729 0.874942
vt 0.950536 0.874629
vt 0.532025 0.929550
vt 0.530223 0.929218
vt 0.530223 0.928266
vt 0.532025 0.927926
vt 0.271292 0.968654
vt 0.271292 0.967866
vt 0.272768 0.967453
vt 0.272768 0.969077
vt 0.968445 0.590658
vt 0.969921 0.590235
vt 0.969921 0.591858
vt 0.968445 0.591445
vt 0.979965 0.523494
vt 0.979965 0.524988
vt 0.978479 0.524598
vt 0.978479 0.523873
vt 0.037748 0.928634
vt 0.035946 0.928303
vt 0.035946 0.927350
vt 0.037748 0.927011
vt 0.768211 0.978994
vt 0.768211 0.980488
vt 0.766726 0.980098
vt 0.766726 0.979373
vt 0.673554 0.959795
vt 0.671470 0.959558
vt 0.671470 0.958834
vt 0.673554 0.958590
vt 0.937133 0.786506
vt 0.937133 0.787816
vt 0.935052 0.787552
vt 0.935052 0.786764
vt 0.649178 0.960886
vt 0.647094 0.960649
vt 0.647094 0.959924
vt 0.649178 0.959681
vt 0.620476 0.936477
vt 0.620476 0.937786
vt 0.618394 0.937522
vt 0.618394 0.936735
vt 0.935655 0.182238
vt 0.935655 0.180929
vt 0.937737 0.181193
vt 0.937737 0.181980
vt 0.958840 0.331362
vt 0.956756 0.331125
vt 0.956756 0.330401
vt 0.958840 0.330157
vt 0.940029 0.503832
vt 0.937947 0.503574
vt 0.937947 0.502787
vt 0.940029 0.502523
vt 0.957909 0.949280
vt 0.957909 0.948555
vt 0.959993 0.948319
vt 0.959993 0.949523
vt 0.977045 0.196016
vt 0.977045 0.195290
vt 0.978532 0.194915
vt 0.978532 0.196411
vt 0.930941 0.739054
vt 0.929138 0.738723
vt 0.929138 0.737770
vt 0.930941 0.737430
vt 0.979595 0.818239
vt 0.981080 0.817849
vt 0.981080 0.819343
vt 0.979595 0.818964
vt 0.967858 0.900864
vt 0.967858 0.900076
vt 0.969334 0.899663
vt 0.969334 0.901287
vt 0.968317 0.382031
vt 0.968317 0.381243
vt 0.969793 0.380830
vt 0.969793 0.382454
vt 0.344527 0.929033
vt 0.342725 0.928701
vt 0.342725 0.927749
vt 0.344527 0.927409
vt 0.930906 0.948948
vt 0.930906 0.950442
vt 0.929099 0.950128
vt 0.929099 0.949252
vt 0.950360 0.889562
vt 0.948553 0.889258
vt 0.948553 0.888382
vt 0.950360 0.888068
vt 0.938420 0.845683
vt 0.936339 0.845425
vt 0.936339 0.844638
vt 0.938420 0.844374
vt 0.957721 0.845579
vt 0.955637 0.845342
vt 0.955637 0.844617
vt 0.957721 0.844374
vt 0.938227 0.018713
vt 0.936146 0.018456
vt 0.936146 0.017668
vt 0.938227 0.017404
vt 0.958921 0.613417
vt 0.958921 0.612692
vt 0.961005 0.612456
vt 0.961005 0.613661
vt 0.980591 0.786896
vt 0.982077 0.786506
vt 0.982077 0.788000
vt 0.980591 0.787621
vt 0.426499 0.930104
vt 0.426499 0.929152
vt 0.428301 0.928821
vt 0.428301 0.930444
vt 0.068391 0.980549
vt 0.068391 0.982043
vt 0.066905 0.981653
vt 0.066905 0.980928
vt 0.672947 0.967923
vt 0.672947 0.968710
vt 0.671470 0.969123
vt 0.671470 0.967500
vt 0.968804 0.094860
vt 0.970281 0.094437
vt 0.970281 0.096061
vt 0.968804 0.095648
vt 0.928974 0.301938
vt 0.927172 0.301606
vt 0.927172 0.300654
vt 0.928974 0.300314
vt 0.574849 0.947693
vt 0.574849 0.949187
vt 0.573041 0.948874
vt 0.573041 0.947998
vt 0.950951 0.591728
vt 0.949144 0.591424
vt 0.949144 0.590548
vt 0.950951 0.590235
vt 0.950370 0.196409
vt 0.948563 0.196105
vt 0.948563 0.195228
vt 0.950370 0.194915
vt 0.950479 0.930477
vt 0.950479 0.931971
vt 0.948671 0.931657
vt 0.948671 0.930781
vt 0.930615 0.710404
vt 0.928813 0.710072
vt 0.928813 0.709120
vt 0.930615 0.708780
vt 0.388967 0.968231
vt 0.388967 0.967443
vt 0.390443 0.967031
vt 0.390443 0.968654
vt 0.968598 0.656374
vt 0.968598 0.655586
vt 0.970074 0.655173
vt 0.970074 0.656797
vt 0.979965 0.514167
vt 0.979965 0.515661
vt 0.978479 0.515270
vt 0.978479 0.514546
vt 0.925888 0.398996
vt 0.925888 0.398043
vt 0.927690 0.397712
vt 0.927690 0.399335
vt 0.400305 0.978756
vt 0.400305 0.980250
vt 0.398819 0.979860
vt 0.398819 0.979135
vt 0.231408 0.959881
vt 0.231408 0.959156
vt 0.233492 0.958920
vt 0.233492 0.960124
vt 0.936876 0.579399
vt 0.936876 0.580709
vt 0.934794 0.580445
vt 0.934794 0.579657
vt 0.958069 0.899663
vt 0.960153 0.899900
vt 0.960153 0.900625
vt 0.958069 0.900868
vt 0.458934 0.938086
vt 0.456852 0.937828
vt 0.456852 0.937041
vt 0.458934 0.936777
vt 0.194318 0.938573
vt 0.194318 0.939883
vt 0.192236 0.939619
vt 0.192236 0.938831
vt 0.959551 0.859764
vt 0.959551 0.860489
vt 0.957467 0.860726
vt 0.957467 0.859521
vt 0.271818 0.851067
vt 0.271292 0.845482
vt 0.274627 0.845741
vt 0.274627 0.851286
vt 0.328007 0.960081
vt 0.328007 0.959356
vt 0.330091 0.959120
vt 0.330091 0.960325
vt 0.057116 0.979353
vt 0.058602 0.978963
vt 0.058602 0.980457
vt 0.057116 0.980078
vt 0.931180 0.922901
vt 0.929378 0.922570
vt 0.929378 0.921618
vt 0.931180 0.921278
vt 0.875274 0.979075
vt 0.876759 0.978685
vt 0.876759 0.980179
vt 0.875274 0.979800
vt 0.231408 0.968252
vt 0.232885 0.967829
vt 0.232885 0.969453
vt 0.231408 0.969040
vt 0.968948 0.124816
vt 0.968948 0.124029
vt 0.970425 0.123616
vt 0.970425 0.125239
vt 0.368898 0.930723
vt 0.367096 0.930392
vt 0.367096 0.929439
vt 0.368898 0.929099
vt 0.950239 0.738924
vt 0.948432 0.738620
vt 0.948432 0.737744
vt 0.950239 0.737430
vt 0.949346 0.625019
vt 0.949346 0.623525
vt 0.951153 0.623838
vt 0.951153 0.624714
vt 0.940250 0.859521
vt 0.940250 0.860830
vt 0.938169 0.860566
vt 0.938169 0.859779
vt 0.027501 0.956962
vt 0.025417 0.956726
vt 0.025417 0.956001
vt 0.027501 0.955756
vt 0.938645 0.738740
vt 0.938645 0.737430
vt 0.940727 0.737695
vt 0.940727 0.738482
vt 0.273376 0.959749
vt 0.271292 0.959512
vt 0.271292 0.958787
vt 0.273376 0.958544
vt 0.004045 0.978712
vt 0.005531 0.978322
vt 0.005531 0.979816
vt 0.004045 0.979437
vt 0.194038 0.930869
vt 0.192236 0.930537
vt 0.192236 0.929585
vt 0.194038 0.929245
vt 0.261271 0.979551
vt 0.259786 0.979941
vt 0.259786 0.978447
vt 0.261271 0.978826
vt 0.968252 0.958299
vt 0.968252 0.957511
vt 0.969728 0.957099
vt 0.969728 0.958722
vt 0.967864 0.195338
vt 0.969341 0.194915
vt 0.969341 0.196539
vt 0.967864 0.196126
vt 0.931065 0.900003
vt 0.931065 0.900956
vt 0.929263 0.901287
vt 0.929263 0.899663
vt 0.388967 0.948922
vt 0.390774 0.949227
vt 0.390774 0.950103
vt 0.388967 0.950416
vt 0.948107 0.708780
vt 0.949914 0.709085
vt 0.949914 0.709961
vt 0.948107 0.710274
vt 0.949722 0.414679
vt 0.951530 0.414983
vt 0.951530 0.415859
vt 0.949722 0.416173
vt 0.950929 0.725446
vt 0.949122 0.725142
vt 0.949122 0.724265
vt 0.950929 0.723952
vt 0.014643 0.927636
vt 0.014643 0.926684
vt 0.016446 0.926352
vt 0.016446 0.927976
vt 0.202697 0.962728
vt 0.204174 0.962305
vt 0.204174 0.963929
vt 0.202697 0.963516
vt 0.967733 0.737854
vt 0.969209 0.737430
vt 0.969209 0.739054
vt 0.967733 0.738641
vt 0.978374 0.533269
vt 0.979860 0.532879
vt 0.979860 0.534373
vt 0.978374 0.533994
vt 0.481915 0.926511
vt 0.481915 0.925558
vt 0.483717 0.925224
vt 0.483717 0.926848
vt 0.847281 0.978336
vt 0.847281 0.979830
vt 0.845795 0.979440
vt 0.845795 0.978715
vt 0.818159 0.960272
vt 0.816075 0.960036
vt 0.816075 0.959311
vt 0.818159 0.959068
vt 0.442404 0.939719
vt 0.442404 0.938410
vt 0.444486 0.938674
vt 0.444486 0.939462
vt 0.960951 0.940529
vt 0.958867 0.940293
vt 0.958867 0.939568
vt 0.960951 0.939324
vt 0.940848 0.889378
vt 0.938767 0.889120
vt 0.938767 0.888332
vt 0.940848 0.888068
vt 0.048419 0.937042
vt 0.046338 0.936785
vt 0.046338 0.935997
vt 0.048419 0.935733
vt 0.955977 0.301275
vt 0.955977 0.300550
vt 0.958061 0.300314
vt 0.958061 0.301519
vt 0.428581 0.938149
vt 0.428581 0.939458
vt 0.426499 0.939194
vt 0.426499 0.938407
vt 0.442404 0.957583
vt 0.442404 0.956858
vt 0.444488 0.956622
vt 0.444488 0.957827
vt 0.151657 0.979669
vt 0.153142 0.979279
vt 0.153142 0.980773
vt 0.151657 0.980394
vt 0.927756 0.150150
vt 0.925954 0.149819
vt 0.925954 0.148866
vt 0.927756 0.148527
vt 0.979844 0.550443
vt 0.979844 0.551937
vt 0.978358 0.551547
vt 0.978358 0.550822
vt 0.328007 0.968453
vt 0.329484 0.968030
vt 0.329484 0.969653
vt 0.328007 0.969240
vt 0.647094 0.969013
vt 0.648571 0.968590
vt 0.648571 0.970214
vt 0.647094 0.969801
vt 0.928441 0.017744
vt 0.928441 0.018696
vt 0.926638 0.019028
vt 0.926638 0.017404
vt 0.947734 0.504017
vt 0.947734 0.502523
vt 0.949541 0.502836
vt 0.949541 0.503712
vt 0.470996 0.952024
vt 0.472802 0.952332
vt 0.472802 0.953208
vt 0.470996 0.953517
vt 0.940852 0.900973
vt 0.938770 0.900715
vt 0.938770 0.899927
vt 0.940852 0.899663
vt 0.930906 0.959351
vt 0.928822 0.959115
vt 0.928822 0.958390
vt 0.930906 0.958146
vt 0.940010 0.602069
vt 0.937929 0.601812
vt 0.937929 0.601024
vt 0.940010 0.600760
vt 0.635578 0.959101
vt 0.633494 0.958865
vt 0.633494 0.958140
vt 0.635578 0.957897
vt 0.980564 0.370481
vt 0.980564 0.371975
vt 0.979078 0.371585
vt 0.979078 0.370860
vt 0.517690 0.929285
vt 0.517690 0.930237
vt 0.515887 0.930568
vt 0.515887 0.928945
vt 0.589958 0.979041
vt 0.589958 0.980535
vt 0.588472 0.980145
vt 0.588472 0.979420
vt 0.968299 0.697060
vt 0.969776 0.696637
vt 0.969776 0.698261
vt 0.968299 0.697848
vt 0.968912 0.684444
vt 0.968912 0.683656
vt 0.970388 0.683243
vt 0.970388 0.684867
vt 0.099451 0.928656
vt 0.099451 0.929608
vt 0.097649 0.929940
vt 0.097649 0.928316
vt 0.950731 0.233579
vt 0.948924 0.233275
vt 0.948924 0.232399
vt 0.950731 0.232085
vt 0.948397 0.949813
vt 0.948397 0.948319
vt 0.950204 0.948632
vt 0.950204 0.949508
vt 0.950364 0.899663
vt 0.950364 0.901157
vt 0.948557 0.900844
vt 0.948557 0.899968
vt 0.949611 0.684737
vt 0.949611 0.683243
vt 0.951418 0.683556
vt 0.951418 0.684433
vt 0.168115 0.926700
vt 0.166313 0.926366
vt 0.166313 0.925413
vt 0.168115 0.925076
vt 0.969023 0.415102
vt 0.970500 0.414679
vt 0.970500 0.416302
vt 0.969023 0.415890
vt 0.968779 0.809156
vt 0.968779 0.808368
vt 0.970255 0.807956
vt 0.970255 0.809579
vt 0.979078 0.362290
vt 0.979078 0.360796
vt 0.980563 0.361186
vt 0.980563 0.361911
vt 0.574844 0.930974
vt 0.573041 0.930643
vt 0.573041 0.929691
vt 0.574844 0.929351
vt 0.981033 0.763710
vt 0.981033 0.765204
vt 0.979547 0.764814
vt 0.979547 0.764089
vt 0.960740 0.591439
vt 0.958656 0.591203
vt 0.958656 0.590478
vt 0.960740 0.590235
vt 0.938777 0.196224
vt 0.938777 0.194915
vt 0.940858 0.195179
vt 0.940858 0.195967
vt 0.914117 0.960985
vt 0.912032 0.960749
vt 0.912032 0.960024
vt 0.914117 0.959781
vt 0.938043 0.640603
vt 0.938043 0.641912
vt 0.935961 0.641648
vt 0.935961 0.640860
vt 0.048423 0.953693
vt 0.048423 0.954899
vt 0.046338 0.954652
vt 0.046338 0.953926
vt 0.939824 0.684278
vt 0.939824 0.683491
vt 0.941906 0.683243
vt 0.941906 0.684551
vt 0.296763 0.955700
vt 0.296763 0.954494
vt 0.298847 0.954741
vt 0.298847 0.955467
vt 0.942018 0.414679
vt 0.942018 0.415987
vt 0.939936 0.415725
vt 0.939936 0.414938
vt 0.057116 0.970067
vt 0.058593 0.969636
vt 0.058593 0.971258
vt 0.057116 0.970854
vt 0.733710 0.946153
vt 0.731903 0.945857
vt 0.731903 0.944975
vt 0.733710 0.944649
vt 0.413020 0.970123
vt 0.414496 0.969702
vt 0.414496 0.971324
vt 0.413020 0.970910
vt 0.671470 0.977223
vt 0.672957 0.976828
vt 0.672957 0.978324
vt 0.671470 0.977949
vt 0.944463 0.137976
vt 0.944463 0.137098
vt 0.946271 0.136798
vt 0.946271 0.138293
vt 0.314370 0.931314
vt 0.314370 0.932936
vt 0.312568 0.932600
vt 0.312568 0.931648
vt 0.930703 0.523494
vt 0.932506 0.523816
vt 0.932506 0.524767
vt 0.930703 0.525116
vt 0.956675 0.062715
vt 0.954591 0.062479
vt 0.954591 0.061754
vt 0.956675 0.061509
vt 0.942171 0.551751
vt 0.940089 0.551492
vt 0.940089 0.550705
vt 0.942171 0.550443
vt 0.358681 0.955312
vt 0.356597 0.955078
vt 0.356597 0.954353
vt 0.358681 0.954106
vt 0.929099 0.940978
vt 0.929099 0.940191
vt 0.931180 0.939934
vt 0.931180 0.941243
vt 0.588472 0.970135
vt 0.589949 0.969714
vt 0.589949 0.971336
vt 0.588472 0.970922
vt 0.097649 0.947838
vt 0.097649 0.946961
vt 0.099455 0.946659
vt 0.099455 0.948154
vt 0.969298 0.523919
vt 0.970774 0.523494
vt 0.970774 0.525117
vt 0.969298 0.524706
vt 0.976894 0.751056
vt 0.978381 0.750661
vt 0.978381 0.752157
vt 0.976894 0.751782
vt 0.977960 0.808349
vt 0.979444 0.807956
vt 0.979444 0.809451
vt 0.977960 0.809075
vt 0.710476 0.201758
vt 0.708776 0.201973
vt 0.708347 0.181919
vt 0.710476 0.181658
vt 0.932004 0.465299
vt 0.930202 0.464969
vt 0.930202 0.464017
vt 0.932004 0.463676
vt 0.932432 0.285019
vt 0.930629 0.284697
vt 0.930629 0.283745
vt 0.932432 0.283397
vt 0.233211 0.931381
vt 0.233211 0.933003
vt 0.231408 0.932667
vt 0.231408 0.931715
vt 0.930875 0.532879
vt 0.932678 0.533214
vt 0.932678 0.534165
vt 0.930875 0.534501
vt 0.944581 0.580578
vt 0.944581 0.579700
vt 0.946389 0.579399
vt 0.946389 0.580895
vt 0.978093 0.683637
vt 0.979577 0.683243
vt 0.979577 0.684739
vt 0.978093 0.684362
vt 0.984217 0.844374
vt 0.984217 0.845867
vt 0.982733 0.845482
vt 0.982733 0.844758
vt 0.971299 0.476769
vt 0.971299 0.478391
vt 0.969822 0.477969
vt 0.969822 0.477182
vt 0.428305 0.948659
vt 0.426499 0.948356
vt 0.426499 0.947479
vt 0.428305 0.947163
vt 0.876751 0.969358
vt 0.876751 0.970980
vt 0.875274 0.970549
vt 0.875274 0.969762
vt 0.939622 0.612456
vt 0.941704 0.612704
vt 0.941704 0.613491
vt 0.939622 0.613764
vt 0.038029 0.954553
vt 0.038029 0.955759
vt 0.035946 0.955514
vt 0.035946 0.954788
vt 0.939861 0.078833
vt 0.939861 0.078046
vt 0.941943 0.077798
vt 0.941943 0.079106
vt 0.204782 0.953394
vt 0.204782 0.954600
vt 0.202697 0.954353
vt 0.202697 0.953628
vt 0.792243 0.953789
vt 0.790159 0.953559
vt 0.790159 0.952830
vt 0.792243 0.952577
vt 0.940734 0.208309
vt 0.940734 0.207525
vt 0.942815 0.207277
vt 0.942815 0.208579
vt 0.180223 0.953870
vt 0.180223 0.952658
vt 0.182307 0.952911
vt 0.182307 0.953640
vt 0.388967 0.977457
vt 0.388967 0.976727
vt 0.390451 0.976359
vt 0.390451 0.977863
vt 0.933507 0.698252
vt 0.931704 0.697932
vt 0.931704 0.696985
vt 0.933507 0.696637
vt 0.837710 0.970845
vt 0.837710 0.972460
vt 0.836233 0.972027
vt 0.836233 0.971243
vt 0.933307 0.478383
vt 0.931504 0.478064
vt 0.931504 0.477116
vt 0.933307 0.476769
vt 0.247366 0.944420
vt 0.247366 0.945302
vt 0.245559 0.945598
vt 0.245559 0.944094
vt 0.659585 0.944379
vt 0.659585 0.945261
vt 0.657778 0.945556
vt 0.657778 0.944053
vt 0.946491 0.671003
vt 0.944683 0.670703
vt 0.944683 0.669825
vt 0.946491 0.669507
vt 0.599051 0.947942
vt 0.599051 0.947064
vt 0.600857 0.946762
vt 0.600857 0.948257
vt 0.933054 0.798933
vt 0.931251 0.798606
vt 0.931251 0.797654
vt 0.933054 0.797311
vt 0.745671 0.970807
vt 0.744194 0.971238
vt 0.744194 0.969616
vt 0.745671 0.970020
vt 0.971322 0.797311
vt 0.971322 0.798933
vt 0.969845 0.798506
vt 0.969845 0.797719
vt 0.977211 0.875024
vt 0.978697 0.874629
vt 0.978697 0.876125
vt 0.977211 0.875750
vt 0.932384 0.550443
vt 0.932384 0.552065
vt 0.930582 0.551717
vt 0.930582 0.550765
vt 0.978089 0.164454
vt 0.979573 0.164060
vt 0.979573 0.165556
vt 0.978089 0.165180
vt 0.956215 0.220552
vt 0.956215 0.221758
vt 0.954132 0.221513
vt 0.954132 0.220788
vt 0.941791 0.464984
vt 0.939709 0.464736
vt 0.939709 0.463949
vt 0.941791 0.463676
vt 0.532306 0.956674
vt 0.530223 0.956439
vt 0.530223 0.955713
vt 0.532306 0.955468
vt 0.816075 0.941898
vt 0.816075 0.941111
vt 0.818156 0.940857
vt 0.818156 0.942164
vt 0.649176 0.941746
vt 0.649176 0.942529
vt 0.647094 0.942778
vt 0.647094 0.941476
vt 0.213315 0.456093
vt 0.213315 0.454881
vt 0.215399 0.455134
vt 0.215399 0.455863
vt 0.940866 0.250303
vt 0.940866 0.249520
vt 0.942947 0.249271
vt 0.942947 0.250573
vt 0.089293 0.954194
vt 0.087209 0.953964
vt 0.087209 0.953234
vt 0.089293 0.952981
vt 0.216776 0.977647
vt 0.216776 0.976918
vt 0.218261 0.976549
vt 0.218261 0.978053
vt 0.970413 0.818282
vt 0.971890 0.817849
vt 0.971890 0.819464
vt 0.970413 0.819065
vt 0.971842 0.763710
vt 0.971842 0.765325
vt 0.970365 0.764892
vt 0.970365 0.764109
vt 0.933381 0.372148
vt 0.931578 0.371828
vt 0.931578 0.370881
vt 0.933381 0.370533
vt 0.885378 0.944710
vt 0.885378 0.943828
vt 0.887185 0.943532
vt 0.887185 0.945035
vt 0.168119 0.944940
vt 0.166313 0.944648
vt 0.166313 0.943756
vt 0.168119 0.943420
vt 0.590211 0.868381
vt 0.588472 0.868598
vt 0.588781 0.861893
vt 0.590211 0.861861
vt 0.202697 0.972072
vt 0.204175 0.971634
vt 0.204175 0.973233
vt 0.202697 0.972848
vt 0.068383 0.971245
vt 0.068383 0.972845
vt 0.066905 0.972407
vt 0.066905 0.971631
vt 0.192236 0.975444
vt 0.193720 0.975025
vt 0.193720 0.976545
vt 0.192236 0.976181
vt 0.913836 0.932272
vt 0.913836 0.933871
vt 0.912032 0.933519
vt 0.912032 0.932581
vt 0.367096 0.975980
vt 0.367096 0.975242
vt 0.368579 0.974878
vt 0.368579 0.976399
vt 0.153740 0.953339
vt 0.151657 0.953112
vt 0.151657 0.952375
vt 0.153740 0.952113
vt 0.797769 0.571694
vt 0.795687 0.571454
vt 0.795687 0.570678
vt 0.797769 0.570405
vt 0.754565 0.953400
vt 0.754565 0.952174
vt 0.756648 0.952436
vt 0.756648 0.953173
vt 0.847877 0.942180
vt 0.847877 0.942956
vt 0.845795 0.943196
vt 0.845795 0.941907
vt 0.754565 0.942949
vt 0.756371 0.943241
vt 0.756371 0.944133
vt 0.754565 0.944469
vt 0.710531 0.417700
vt 0.711666 0.397712
vt 0.712653 0.397867
vt 0.712653 0.417989
vt 0.933874 0.125215
vt 0.932070 0.124905
vt 0.932070 0.123967
vt 0.933874 0.123616
vt 0.971796 0.775133
vt 0.973274 0.774695
vt 0.973274 0.776294
vt 0.971796 0.775909
vt 0.110140 0.971896
vt 0.110140 0.973495
vt 0.108662 0.973057
vt 0.108662 0.972282
vt 0.515887 0.975145
vt 0.517371 0.974726
vt 0.517371 0.976247
vt 0.515887 0.975883
vt 0.442404 0.975962
vt 0.442404 0.975224
vt 0.443888 0.974861
vt 0.443888 0.976381
vt 0.168396 0.952645
vt 0.168396 0.953870
vt 0.166313 0.953609
vt 0.166313 0.952871
vt 0.380068 0.943271
vt 0.377986 0.943030
vt 0.377986 0.942254
vt 0.380068 0.941981
vt 0.547411 0.953651
vt 0.545328 0.953425
vt 0.545328 0.952687
vt 0.547411 0.952426
vt 0.004045 0.942909
vt 0.004045 0.942133
vt 0.006127 0.941893
vt 0.006127 0.943182
vt 0.941212 0.697845
vt 0.941212 0.696932
vt 0.943016 0.696637
vt 0.943016 0.698194
vt 0.507839 0.943303
vt 0.506034 0.943009
vt 0.506034 0.942097
vt 0.507839 0.941749
vt 0.733384 0.972098
vt 0.733384 0.973664
vt 0.731903 0.973227
vt 0.731903 0.972468
vt 0.660854 0.842390
vt 0.663350 0.841711
vt 0.663350 0.848293
vt 0.660854 0.848972
vt 0.718697 0.973725
vt 0.720178 0.973291
vt 0.720178 0.974845
vt 0.718697 0.974479
vt 0.942027 0.566549
vt 0.940222 0.566252
vt 0.940222 0.565333
vt 0.942027 0.564982
vt 0.078511 0.943705
vt 0.078511 0.944961
vt 0.076428 0.944690
vt 0.076428 0.943935
vt 0.746277 0.943805
vt 0.744194 0.943574
vt 0.744194 0.942814
vt 0.746277 0.942542
vt 0.182306 0.943699
vt 0.182306 0.944953
vt 0.180223 0.944682
vt 0.180223 0.943928
vt 0.941012 0.476769
vt 0.942817 0.477065
vt 0.942817 0.477982
vt 0.941012 0.478332
vt 0.399559 0.888561
vt 0.399559 0.894146
vt 0.398819 0.894019
vt 0.398959 0.888456
vt 0.698071 0.455589
vt 0.696308 0.455673
vt 0.696273 0.434382
vt 0.698071 0.433480
vt 0.415102 0.942900
vt 0.415102 0.943660
vt 0.413020 0.943890
vt 0.413020 0.942628
vt 0.931433 0.233708
vt 0.929630 0.233378
vt 0.929630 0.232426
vt 0.931433 0.232085
vt 0.927641 0.061848
vt 0.927641 0.062801
vt 0.925839 0.063132
vt 0.925839 0.061509
vt 0.946427 0.222048
vt 0.944619 0.221747
vt 0.944619 0.220870
vt 0.946427 0.220552
vt 0.232894 0.978258
vt 0.231408 0.978654
vt 0.231408 0.977158
vt 0.232894 0.977532
vt 0.978892 0.232085
vt 0.978892 0.233580
vt 0.977407 0.233188
vt 0.977407 0.232463
vt 0.970701 0.283397
vt 0.970701 0.285020
vt 0.969224 0.284596
vt 0.969224 0.283808
vt 0.947932 0.845868
vt 0.946125 0.845565
vt 0.946125 0.844689
vt 0.947932 0.844374
vt 0.968647 0.623948
vt 0.970124 0.623525
vt 0.970124 0.625148
vt 0.968647 0.624736
vt 0.778959 0.937448
vt 0.778959 0.938758
vt 0.776877 0.938494
vt 0.776877 0.937706
vt 0.956178 0.580605
vt 0.954094 0.580369
vt 0.954094 0.579644
vt 0.956178 0.579399
vt 0.216776 0.941143
vt 0.216776 0.940355
vt 0.218858 0.940099
vt 0.218858 0.941408
vt 0.894996 0.953523
vt 0.897081 0.953756
vt 0.897081 0.954482
vt 0.894996 0.954729
vt 0.897077 0.936610
vt 0.894996 0.936350
vt 0.894996 0.935562
vt 0.897077 0.935300
vt 0.143677 0.961332
vt 0.141592 0.961093
vt 0.141592 0.960369
vt 0.143677 0.960128
vt 0.828490 0.934725
vt 0.828490 0.936035
vt 0.826408 0.935773
vt 0.826408 0.934985
vt 0.283121 0.961320
vt 0.283121 0.960596
vt 0.285205 0.960357
vt 0.285205 0.961561
vt 0.982715 0.220552
vt 0.982715 0.222045
vt 0.981230 0.221659
vt 0.981230 0.220935
vt 0.681995 0.926095
vt 0.681995 0.925142
vt 0.683798 0.924807
vt 0.683798 0.926432
vt 0.088695 0.981496
vt 0.088695 0.982990
vt 0.087209 0.982604
vt 0.087209 0.981879
vt 0.966429 0.966847
vt 0.967906 0.966427
vt 0.967906 0.968051
vt 0.966429 0.967635
vt 0.965233 0.018609
vt 0.965233 0.017821
vt 0.966710 0.017404
vt 0.966710 0.019028
vt 0.925188 0.030780
vt 0.925188 0.029827
vt 0.926990 0.029493
vt 0.926990 0.031117
vt 0.952312 0.827606
vt 0.952312 0.829099
vt 0.950505 0.828789
vt 0.950505 0.827913
vt 0.951804 0.523365
vt 0.951804 0.524859
vt 0.949997 0.524549
vt 0.949997 0.523673
vt 0.005852 0.952380
vt 0.004045 0.952073
vt 0.004045 0.951197
vt 0.005852 0.950887
vt 0.506034 0.951008
vt 0.507841 0.951315
vt 0.507841 0.952191
vt 0.506034 0.952501
vt 0.925144 0.775982
vt 0.925144 0.775029
vt 0.926947 0.774695
vt 0.926947 0.776319
vt 0.957248 0.966847
vt 0.958724 0.966427
vt 0.958724 0.968051
vt 0.957248 0.967635
vt 0.426499 0.965693
vt 0.427976 0.965273
vt 0.427976 0.966897
vt 0.426499 0.966481
vt 0.545328 0.981417
vt 0.546813 0.981031
vt 0.546813 0.982524
vt 0.545328 0.982141
vt 0.925169 0.138085
vt 0.925169 0.137132
vt 0.926971 0.136798
vt 0.926971 0.138422
vt 0.894996 0.981453
vt 0.896481 0.981067
vt 0.896481 0.982560
vt 0.894996 0.982177
vt 0.004045 0.961048
vt 0.004045 0.960324
vt 0.006129 0.960085
vt 0.006129 0.961289
vt 0.805879 0.933889
vt 0.805879 0.935199
vt 0.803797 0.934937
vt 0.803797 0.934149
vt 0.961207 0.684447
vt 0.959123 0.684208
vt 0.959123 0.683484
vt 0.961207 0.683243
vt 0.380068 0.934276
vt 0.377986 0.934015
vt 0.377986 0.933227
vt 0.380068 0.932966
vt 0.398819 0.960760
vt 0.400903 0.960521
vt 0.400903 0.961725
vt 0.398819 0.961485
vt 0.792241 0.934604
vt 0.792241 0.935914
vt 0.790159 0.935652
vt 0.790159 0.934864
vt 0.958241 0.875590
vt 0.958241 0.874865
vt 0.960325 0.874629
vt 0.960325 0.875833
vt 0.694201 0.932786
vt 0.694201 0.934096
vt 0.692119 0.933828
vt 0.692119 0.933040
vt 0.965955 0.446316
vt 0.965955 0.447941
vt 0.964478 0.447518
vt 0.964478 0.446730
vt 0.950823 0.380830
vt 0.950823 0.382324
vt 0.949016 0.382011
vt 0.949016 0.381135
vt 0.964483 0.398135
vt 0.965959 0.397712
vt 0.965959 0.399336
vt 0.964483 0.398923
vt 0.983678 0.180929
vt 0.983678 0.182422
vt 0.982192 0.182038
vt 0.982192 0.181313
vt 0.977626 0.591337
vt 0.977626 0.590612
vt 0.979112 0.590235
vt 0.979112 0.591729
vt 0.952841 0.818708
vt 0.951034 0.818399
vt 0.951034 0.817523
vt 0.952841 0.817214
vt 0.826687 0.926683
vt 0.826687 0.925731
vt 0.828490 0.925396
vt 0.828490 0.927020
vt 0.838036 0.924876
vt 0.836233 0.924546
vt 0.836233 0.923594
vt 0.838036 0.923252
vt 0.960107 0.371446
vt 0.960107 0.370721
vt 0.962192 0.370481
vt 0.962192 0.371685
vt 0.659859 0.936348
vt 0.657778 0.936088
vt 0.657778 0.935300
vt 0.659859 0.935038
vt 0.958956 0.109491
vt 0.961040 0.109727
vt 0.961040 0.110452
vt 0.958956 0.110695
vt 0.936706 0.431212
vt 0.934625 0.430952
vt 0.934625 0.430164
vt 0.936706 0.429903
vt 0.964743 0.182133
vt 0.964743 0.181345
vt 0.966219 0.180929
vt 0.966219 0.182553
vt 0.588472 0.951607
vt 0.590279 0.951916
vt 0.590279 0.952792
vt 0.588472 0.953101
vt 0.948066 0.966847
vt 0.949543 0.966427
vt 0.949543 0.968051
vt 0.948066 0.967635
vt 0.047823 0.982254
vt 0.047823 0.983747
vt 0.046338 0.983362
vt 0.046338 0.982638
vt 0.979377 0.613558
vt 0.977891 0.613951
vt 0.977891 0.612456
vt 0.979377 0.612833
vt 0.951162 0.164369
vt 0.952969 0.164060
vt 0.952969 0.165554
vt 0.951162 0.165245
vt 0.142149 0.924584
vt 0.142149 0.923631
vt 0.143951 0.923302
vt 0.143951 0.924927
vt 0.857850 0.641073
vt 0.857850 0.647149
vt 0.855118 0.647103
vt 0.855118 0.641032
vt 0.688279 0.064736
vt 0.688279 0.085001
vt 0.685547 0.084961
vt 0.685547 0.064695
vt 0.893327 0.646189
vt 0.892702 0.646293
vt 0.892573 0.640729
vt 0.893327 0.640603
vt 0.762244 0.752550
vt 0.759593 0.752363
vt 0.759586 0.737932
vt 0.762244 0.737430
vt 0.862992 0.012531
vt 0.862372 0.012598
vt 0.862170 0.003942
vt 0.862992 0.003852
vt 0.685569 0.267204
vt 0.685569 0.287703
vt 0.682871 0.287499
vt 0.682851 0.267312
vt 0.380565 0.785872
vt 0.380565 0.798129
vt 0.378158 0.797312
vt 0.377986 0.786512
vt 0.491751 0.034454
vt 0.491751 0.031724
vt 0.492972 0.031741
vt 0.492972 0.034471
vt 0.810580 0.181484
vt 0.811902 0.180929
vt 0.811902 0.194437
vt 0.810580 0.194454
vt 0.685689 0.150245
vt 0.685689 0.170744
vt 0.682992 0.170540
vt 0.682972 0.150353
vt 0.880713 0.283742
vt 0.880713 0.290064
vt 0.879818 0.289668
vt 0.879932 0.283397
vt 0.845696 0.038319
vt 0.846137 0.029891
vt 0.847248 0.030409
vt 0.847248 0.039042
vt 0.418545 0.869598
vt 0.413020 0.869566
vt 0.414032 0.867234
vt 0.418545 0.867087
vt 0.798409 0.463676
vt 0.798409 0.475933
vt 0.796001 0.475116
vt 0.795830 0.464317
vt 0.838964 0.286730
vt 0.842197 0.286609
vt 0.842197 0.292428
vt 0.838322 0.292573
vt 0.762157 0.330157
vt 0.762157 0.345277
vt 0.759499 0.344775
vt 0.759506 0.330344
vt 0.451281 0.664541
vt 0.451277 0.663720
vt 0.478153 0.663593
vt 0.478153 0.664786
vt 0.284809 0.902928
vt 0.284809 0.905660
vt 0.283123 0.905612
vt 0.283121 0.902880
vt 0.574739 0.900109
vt 0.573041 0.900233
vt 0.573041 0.897032
vt 0.574739 0.896907
vt 0.768799 0.902349
vt 0.768799 0.905763
vt 0.767607 0.905760
vt 0.767607 0.902346
vt 0.463150 0.746552
vt 0.463150 0.759651
vt 0.459533 0.759545
vt 0.459533 0.746447
vt 0.672882 0.612536
vt 0.672882 0.585651
vt 0.674075 0.585662
vt 0.674075 0.612547
vt 0.803786 0.164911
vt 0.802594 0.164912
vt 0.802594 0.150247
vt 0.803786 0.150245
vt 0.177545 0.658734
vt 0.151657 0.658577
vt 0.151657 0.657337
vt 0.177545 0.657096
vt 0.781871 0.797512
vt 0.781871 0.784741
vt 0.784228 0.784800
vt 0.784228 0.797511
vt 0.819447 0.361214
vt 0.819447 0.374529
vt 0.818254 0.374529
vt 0.818254 0.361213
vt 0.538628 0.100074
vt 0.538628 0.146030
vt 0.537439 0.145943
vt 0.537439 0.099987
vt 0.911844 0.330158
vt 0.911844 0.333249
vt 0.910652 0.333248
vt 0.910652 0.330157
vt 0.844823 0.217484
vt 0.843631 0.217491
vt 0.843631 0.207284
vt 0.844823 0.207277
vt 0.803797 0.916855
vt 0.803797 0.914125
vt 0.804990 0.914125
vt 0.804990 0.916855
vt 0.823756 0.514168
vt 0.824949 0.514167
vt 0.824949 0.526937
vt 0.823756 0.526938
vt 0.754573 0.116068
vt 0.754794 0.094437
vt 0.755184 0.094448
vt 0.755184 0.116085
vt 0.020614 0.549300
vt 0.020614 0.546762
vt 0.054603 0.546664
vt 0.054603 0.549398
vt 0.750503 0.483942
vt 0.749311 0.483952
vt 0.749311 0.463687
vt 0.750503 0.463676
vt 0.909205 0.223627
vt 0.907928 0.223638
vt 0.907928 0.220563
vt 0.909205 0.220552
vt 0.838212 0.161046
vt 0.838212 0.150245
vt 0.839404 0.150252
vt 0.839404 0.161052
vt 0.451277 0.655636
vt 0.451277 0.654396
vt 0.477169 0.654249
vt 0.477169 0.655888
vt 0.559326 0.971892
vt 0.560804 0.971454
vt 0.560804 0.973053
vt 0.559326 0.972668
vt 0.506077 0.507891
vt 0.503347 0.507926
vt 0.503347 0.463712
vt 0.506077 0.463676
vt 0.633494 0.901319
vt 0.633494 0.898112
vt 0.635154 0.898113
vt 0.635154 0.901320
vt 0.721550 0.397723
vt 0.721550 0.419986
vt 0.720358 0.419975
vt 0.720358 0.397712
vt 0.701634 0.421818
vt 0.701634 0.397712
vt 0.702826 0.397723
vt 0.702826 0.421828
vt 0.167505 0.914651
vt 0.167505 0.917371
vt 0.166313 0.917369
vt 0.166313 0.914649
vt 0.747892 0.397723
vt 0.747892 0.418189
vt 0.746700 0.418178
vt 0.746700 0.397712
vt 0.757672 0.300314
vt 0.757672 0.321779
vt 0.757297 0.321779
vt 0.757104 0.300314
vt 0.054603 0.528374
vt 0.021126 0.528374
vt 0.021126 0.525219
vt 0.054603 0.525219
vt 0.834085 0.330176
vt 0.834085 0.343076
vt 0.833405 0.343065
vt 0.833405 0.330157
vt 0.836244 0.361224
vt 0.836862 0.361213
vt 0.836862 0.373979
vt 0.836244 0.373996
vt 0.273044 0.923300
vt 0.271292 0.923300
vt 0.271292 0.921547
vt 0.273044 0.921547
vt 0.610420 0.795765
vt 0.610621 0.795765
vt 0.610621 0.807306
vt 0.610420 0.807305
vt 0.897223 0.266618
vt 0.897223 0.272303
vt 0.896792 0.272303
vt 0.896792 0.266618
vt 0.599204 0.993890
vt 0.599204 0.994501
vt 0.598773 0.994501
vt 0.598773 0.993890
vt 0.896683 0.688932
vt 0.896683 0.683243
vt 0.897114 0.683243
vt 0.897114 0.688932
vt 0.939138 0.241099
vt 0.939772 0.241099
vt 0.939772 0.241530
vt 0.939138 0.241530
vt 0.896592 0.600760
vt 0.896592 0.606649
vt 0.896161 0.606649
vt 0.896161 0.600760
vt 0.948145 0.994621
vt 0.948145 0.994010
vt 0.948576 0.994010
vt 0.948576 0.994621
vt 0.575125 0.514191
vt 0.575125 0.549500
vt 0.573678 0.549483
vt 0.573045 0.514167
vt 0.737714 0.623586
vt 0.738467 0.623525
vt 0.738467 0.646402
vt 0.737987 0.646442
vt 0.995447 0.808635
vt 0.995267 0.808635
vt 0.995267 0.807956
vt 0.995447 0.807956
vt 0.853633 0.550443
vt 0.853633 0.558523
vt 0.851895 0.557295
vt 0.851895 0.551082
vt 0.865130 0.580146
vt 0.865130 0.586523
vt 0.863490 0.585906
vt 0.863905 0.579399
vt 0.662428 0.120290
vt 0.662445 0.099924
vt 0.665525 0.099649
vt 0.665525 0.121046
vt 0.810186 0.579468
vt 0.811508 0.579399
vt 0.811508 0.592998
vt 0.810186 0.593067
vt 0.234998 0.826455
vt 0.231408 0.825876
vt 0.231590 0.819530
vt 0.234998 0.818311
vt 0.743275 0.835069
vt 0.749408 0.834615
vt 0.749408 0.838513
vt 0.743275 0.838321
vt 0.636836 0.187151
vt 0.636836 0.211257
vt 0.633800 0.210513
vt 0.634106 0.187171
vt 0.651446 0.648015
vt 0.651173 0.625037
vt 0.653903 0.624976
vt 0.653903 0.648722
vt 0.191607 0.771566
vt 0.191607 0.761978
vt 0.194740 0.760314
vt 0.194740 0.773412
vt 0.600273 0.263022
vt 0.600551 0.232606
vt 0.602492 0.232899
vt 0.602492 0.263236
vt 0.803755 0.602221
vt 0.805304 0.602076
vt 0.805304 0.615675
vt 0.803755 0.615820
vt 0.328007 0.933204
vt 0.328007 0.931582
vt 0.329810 0.931925
vt 0.329810 0.932876
vt 0.591233 0.815937
vt 0.591233 0.825572
vt 0.588472 0.825558
vt 0.588472 0.815923
vt 0.175497 0.973139
vt 0.175497 0.972372
vt 0.176976 0.971996
vt 0.176976 0.973577
vt 0.493350 0.840339
vt 0.492902 0.833981
vt 0.496576 0.834270
vt 0.496576 0.840592
vt 0.400902 0.943618
vt 0.398819 0.943384
vt 0.398819 0.942617
vt 0.400902 0.942343
vt 0.557951 0.187151
vt 0.557951 0.231366
vt 0.556810 0.230932
vt 0.556811 0.187151
vt 0.285203 0.943454
vt 0.283121 0.943220
vt 0.283121 0.942453
vt 0.285203 0.942179
vt 0.405315 0.767679
vt 0.402099 0.765971
vt 0.402099 0.756127
vt 0.405315 0.754231
vt 0.695984 0.084104
vt 0.696001 0.062706
vt 0.697750 0.063115
vt 0.697750 0.085001
vt 0.202697 0.838872
vt 0.204249 0.838148
vt 0.204249 0.846781
vt 0.203138 0.847299
vt 0.150271 0.432661
vt 0.147541 0.432602
vt 0.148089 0.385783
vt 0.150271 0.384304
vt 0.640829 0.396753
vt 0.640955 0.370137
vt 0.642642 0.370666
vt 0.642642 0.397552
vt 0.578540 0.330849
vt 0.548203 0.330693
vt 0.549524 0.328661
vt 0.578540 0.328503
vt 0.545328 0.914421
vt 0.546367 0.914240
vt 0.546367 0.916971
vt 0.545328 0.917152
vt 0.746035 0.168819
vt 0.746810 0.150245
vt 0.747805 0.150598
vt 0.747805 0.169246
vt 0.589663 0.877183
vt 0.589663 0.882308
vt 0.588472 0.882369
vt 0.588472 0.876303
vt 0.771997 0.362827
vt 0.774082 0.361213
vt 0.774082 0.375282
vt 0.771546 0.375590
vt 0.880662 0.539252
vt 0.879899 0.539647
vt 0.879788 0.533333
vt 0.880662 0.532879
vt 0.736627 0.094546
vt 0.737369 0.094437
vt 0.737369 0.117353
vt 0.736895 0.117422
vt 0.921565 0.194915
vt 0.921565 0.197909
vt 0.920788 0.197909
vt 0.920788 0.194915
vt 0.632441 0.174039
vt 0.631665 0.174039
vt 0.631665 0.140692
vt 0.632441 0.140692
vt 0.389246 0.896833
vt 0.390022 0.896833
vt 0.390022 0.901434
vt 0.389246 0.901434
vt 0.848266 0.797983
vt 0.848266 0.786507
vt 0.848466 0.786506
vt 0.848466 0.797983
vt 0.914232 0.003852
vt 0.915008 0.003852
vt 0.915008 0.007243
vt 0.914232 0.007243
vt 0.632441 0.099649
vt 0.632441 0.132988
vt 0.631665 0.132988
vt 0.631665 0.099649
vt 0.883739 0.800152
vt 0.882884 0.800152
vt 0.882884 0.799724
vt 0.883739 0.799724
vt 0.920181 0.859521
vt 0.920957 0.859521
vt 0.920957 0.862588
vt 0.920181 0.862588
vt 0.545328 0.991023
vt 0.545328 0.990229
vt 0.546104 0.990229
vt 0.546104 0.991023
vt 0.213981 0.611673
vt 0.213362 0.611673
vt 0.213362 0.611493
vt 0.213981 0.611493
vt 0.807873 0.683860
vt 0.807873 0.696726
vt 0.806235 0.696228
vt 0.806235 0.683362
vt 0.097649 0.899114
vt 0.097649 0.894599
vt 0.098789 0.894599
vt 0.098789 0.899114
vt 0.884719 0.148527
vt 0.884719 0.155532
vt 0.884292 0.155532
vt 0.884292 0.148527
vt 0.076428 0.914937
vt 0.077568 0.914937
vt 0.077568 0.917657
vt 0.076428 0.917657
vt 0.793414 0.173208
vt 0.793414 0.172761
vt 0.797526 0.172761
vt 0.797526 0.173208
vt 0.312568 0.987516
vt 0.312568 0.986290
vt 0.313798 0.986290
vt 0.313798 0.987516
vt 0.446186 0.344731
vt 0.467814 0.344731
vt 0.467814 0.345871
vt 0.446186 0.345871
vt 0.192236 0.921433
vt 0.192236 0.918702
vt 0.193160 0.918809
vt 0.193160 0.921540
vt 0.741606 0.484936
vt 0.740414 0.484947
vt 0.740785 0.463687
vt 0.741606 0.463676
vt 0.288616 0.094952
vt 0.289201 0.003852
vt 0.290934 0.003958
vt 0.290934 0.095093
vt 0.891676 0.164181
vt 0.891676 0.169779
vt 0.890903 0.169634
vt 0.891035 0.164060
vt 0.236986 0.849867
vt 0.236986 0.853049
vt 0.231408 0.852780
vt 0.231408 0.850120
vt 0.345512 0.850642
vt 0.344963 0.844814
vt 0.348282 0.844966
vt 0.348282 0.850769
vt 0.066396 0.709004
vt 0.066396 0.710642
vt 0.046379 0.710967
vt 0.046338 0.708932
vt 0.601381 0.847916
vt 0.604767 0.847891
vt 0.604767 0.852842
vt 0.600963 0.852867
vt 0.577458 0.264805
vt 0.577458 0.232606
vt 0.580188 0.232643
vt 0.580188 0.264842
vt 0.465781 0.509401
vt 0.465781 0.465621
vt 0.468511 0.465659
vt 0.468511 0.509439
vt 0.805881 0.953355
vt 0.803797 0.953128
vt 0.803797 0.952391
vt 0.805881 0.952129
vt 0.706607 0.753803
vt 0.685385 0.753775
vt 0.685385 0.753405
vt 0.706607 0.753273
vt 0.780140 0.075390
vt 0.777642 0.075107
vt 0.777642 0.061792
vt 0.780140 0.061509
vt 0.875551 0.943546
vt 0.875551 0.942007
vt 0.877356 0.942351
vt 0.877356 0.943254
vt 0.810039 0.655295
vt 0.811356 0.655173
vt 0.811356 0.668788
vt 0.810039 0.668910
vt 0.450703 0.787739
vt 0.450703 0.799427
vt 0.447973 0.799390
vt 0.447973 0.787702
vt 0.379207 0.915915
vt 0.377986 0.915932
vt 0.377986 0.913202
vt 0.379207 0.913185
vt 0.561409 0.952146
vt 0.561409 0.953372
vt 0.559326 0.953110
vt 0.559326 0.952373
vt 0.974947 0.300314
vt 0.975723 0.300314
vt 0.975723 0.302637
vt 0.974947 0.302637
vt 0.899173 0.833081
vt 0.898742 0.833081
vt 0.898742 0.827606
vt 0.899173 0.827606
vt 0.685708 0.649820
vt 0.685708 0.650596
vt 0.681438 0.650596
vt 0.681438 0.649820
vt 0.809885 0.003852
vt 0.809885 0.018284
vt 0.808744 0.018284
vt 0.808744 0.003852
vt 0.898084 0.481284
vt 0.896891 0.481285
vt 0.896891 0.476770
vt 0.898084 0.476769
vt 0.560519 0.916871
vt 0.559326 0.916872
vt 0.559326 0.914142
vt 0.560519 0.914141
vt 0.896393 0.380830
vt 0.896393 0.386722
vt 0.895961 0.386722
vt 0.895961 0.380830
vt 0.696573 0.542499
vt 0.682141 0.542499
vt 0.682141 0.541359
vt 0.696573 0.541359
vt 0.920735 0.502523
vt 0.920735 0.505590
vt 0.919959 0.505590
vt 0.919959 0.502523
vt 0.795683 0.353455
vt 0.795683 0.352991
vt 0.799796 0.352991
vt 0.799796 0.353455
vt 0.456852 0.909038
vt 0.456852 0.908607
vt 0.460965 0.908607
vt 0.460965 0.909038
vt 0.826687 0.914961
vt 0.827791 0.914948
vt 0.827791 0.917679
vt 0.826687 0.917691
vt 0.859826 0.480327
vt 0.859808 0.479397
vt 0.865874 0.479169
vt 0.865874 0.480857
vt 0.167254 0.562007
vt 0.167254 0.528529
vt 0.170248 0.528529
vt 0.170248 0.562007
vt 0.389743 0.985568
vt 0.389743 0.987582
vt 0.388967 0.987582
vt 0.388967 0.985568
vt 0.824797 0.709462
vt 0.824797 0.722233
vt 0.823604 0.722230
vt 0.823604 0.709460
vt 0.914797 0.799853
vt 0.911687 0.799853
vt 0.911687 0.799077
vt 0.914797 0.799077
vt 0.879152 0.470682
vt 0.879152 0.463676
vt 0.880007 0.463676
vt 0.880007 0.470682
vt 0.918134 0.064649
vt 0.917358 0.064649
vt 0.917358 0.061509
vt 0.918134 0.061509
vt 0.651873 0.545786
vt 0.651873 0.545009
vt 0.654756 0.545009
vt 0.654756 0.545786
vt 0.835769 0.267212
vt 0.835769 0.278884
vt 0.834576 0.278876
vt 0.834576 0.267204
vt 0.766176 0.672318
vt 0.764621 0.672337
vt 0.764621 0.655191
vt 0.766176 0.655173
vt 0.851219 0.522237
vt 0.849475 0.522407
vt 0.849477 0.514349
vt 0.851219 0.514167
vt 0.838039 0.941885
vt 0.838039 0.943424
vt 0.836233 0.943080
vt 0.836233 0.942177
vt 0.856359 0.150290
vt 0.859090 0.150245
vt 0.859090 0.156315
vt 0.856359 0.156356
vt 0.583779 0.144579
vt 0.581975 0.144282
vt 0.581975 0.143363
vt 0.583779 0.143013
vt 0.120257 0.563320
vt 0.155550 0.562889
vt 0.155550 0.564851
vt 0.120257 0.564686
vt 0.015436 0.915537
vt 0.015436 0.918647
vt 0.014657 0.918464
vt 0.014643 0.915580
vt 0.014643 0.945873
vt 0.014643 0.944991
vt 0.016450 0.944695
vt 0.016450 0.946198
vt 0.444213 0.948917
vt 0.442404 0.948609
vt 0.442404 0.947733
vt 0.444213 0.947424
vt 0.814673 0.721828
vt 0.814187 0.709460
vt 0.815899 0.709471
vt 0.815899 0.721836
vt 0.995180 0.948408
vt 0.995180 0.947728
vt 0.995360 0.947728
vt 0.995360 0.948408
vt 0.721097 0.676599
vt 0.718367 0.676638
vt 0.718367 0.658616
vt 0.721097 0.658576
vt 0.917593 0.372835
vt 0.914585 0.372835
vt 0.914585 0.372058
vt 0.917593 0.372058
vt 0.904244 0.741599
vt 0.903468 0.741599
vt 0.903468 0.737430
vt 0.904244 0.737430
vt 0.731903 0.990567
vt 0.732331 0.990567
vt 0.732331 0.991422
vt 0.731903 0.991422
vt 0.624035 0.029893
vt 0.625228 0.029891
vt 0.625228 0.062090
vt 0.624035 0.062092
vt 0.456852 0.862502
vt 0.456852 0.860105
vt 0.462445 0.859886
vt 0.462445 0.862758
vt 0.413020 0.859166
vt 0.413024 0.856524
vt 0.418605 0.856339
vt 0.418605 0.859382
vt 0.710662 0.677224
vt 0.707931 0.677248
vt 0.707930 0.658576
vt 0.710662 0.658577
vt 0.398819 0.810187
vt 0.401654 0.810172
vt 0.401654 0.820064
vt 0.398819 0.820078
vt 0.891591 0.579528
vt 0.891591 0.585149
vt 0.890823 0.584993
vt 0.890954 0.579399
vt 0.768809 0.943856
vt 0.766726 0.943626
vt 0.766726 0.942868
vt 0.768809 0.942596
vt 0.600963 0.808611
vt 0.600963 0.795765
vt 0.602715 0.795812
vt 0.602715 0.808659
vt 0.845904 0.124611
vt 0.847619 0.124248
vt 0.847619 0.132732
vt 0.845890 0.133018
vt 0.971806 0.315397
vt 0.971806 0.317012
vt 0.970328 0.316579
vt 0.970328 0.315795
vt 0.972657 0.029493
vt 0.972657 0.031810
vt 0.971889 0.031532
vt 0.971836 0.029519
vt 0.180223 0.858120
vt 0.180224 0.855582
vt 0.185839 0.855408
vt 0.185839 0.858443
vt 0.712224 0.252543
vt 0.713394 0.232606
vt 0.714356 0.232709
vt 0.714356 0.252772
vt 0.762418 0.282324
vt 0.759767 0.282137
vt 0.759760 0.267706
vt 0.762418 0.267204
vt 0.088898 0.857342
vt 0.094488 0.857040
vt 0.094488 0.860043
vt 0.088898 0.859854
vt 0.590555 0.943903
vt 0.588472 0.943672
vt 0.588472 0.942914
vt 0.590555 0.942642
vt 0.057623 0.857910
vt 0.057623 0.855319
vt 0.063205 0.855091
vt 0.063205 0.858183
vt 0.957262 0.976857
vt 0.957262 0.976120
vt 0.958745 0.975756
vt 0.958745 0.977276
vt 0.205577 0.760314
vt 0.205577 0.773412
vt 0.202444 0.771566
vt 0.202444 0.761978
vt 0.602572 0.774191
vt 0.602572 0.775834
vt 0.588691 0.775834
vt 0.588691 0.773477
vt 0.815102 0.232636
vt 0.816198 0.232606
vt 0.816198 0.246221
vt 0.815102 0.246251
vt 0.329495 0.977358
vt 0.329495 0.978851
vt 0.328007 0.978466
vt 0.328007 0.977742
vt 0.271292 0.977187
vt 0.272777 0.976782
vt 0.272777 0.978285
vt 0.271292 0.977917
vt 0.134139 0.863024
vt 0.139696 0.862797
vt 0.139696 0.865405
vt 0.134134 0.865334
vt 0.530625 0.993213
vt 0.530625 0.993868
vt 0.530223 0.993857
vt 0.530223 0.993201
vt 0.026387 0.848487
vt 0.026375 0.840133
vt 0.028113 0.840354
vt 0.028113 0.848785
vt 0.545328 0.858287
vt 0.550910 0.858011
vt 0.550910 0.861017
vt 0.545328 0.860801
vt 0.211715 0.104157
vt 0.217279 0.103846
vt 0.217279 0.106575
vt 0.211715 0.106442
vt 0.359217 0.858724
vt 0.356597 0.858459
vt 0.356731 0.853569
vt 0.359217 0.852460
vt 0.957345 0.641807
vt 0.955260 0.641567
vt 0.955260 0.640843
vt 0.957345 0.640603
vt 0.301984 0.285192
vt 0.300311 0.285297
vt 0.299746 0.194199
vt 0.301984 0.194059
vt 0.356597 0.818564
vt 0.359050 0.819840
vt 0.359050 0.827096
vt 0.356597 0.828476
vt 0.760517 0.828213
vt 0.758065 0.826937
vt 0.758065 0.819681
vt 0.760517 0.818301
vt 0.191607 0.831277
vt 0.191607 0.824224
vt 0.193998 0.822946
vt 0.193998 0.832580
vt 0.693432 0.617271
vt 0.693432 0.616131
vt 0.713619 0.616131
vt 0.713619 0.617271
vt 0.276637 0.356817
vt 0.277778 0.356383
vt 0.277778 0.382065
vt 0.276637 0.382245
vt 0.839492 0.796955
vt 0.840091 0.786506
vt 0.840561 0.786548
vt 0.840561 0.797516
vt 0.784142 0.048155
vt 0.784142 0.053722
vt 0.780459 0.052062
vt 0.780863 0.048379
vt 0.893069 0.181041
vt 0.893069 0.186628
vt 0.892301 0.186493
vt 0.892429 0.180929
vt 0.948145 0.986305
vt 0.948145 0.984981
vt 0.949700 0.984981
vt 0.949700 0.986305
vt 0.672696 0.987259
vt 0.671470 0.987259
vt 0.671470 0.986028
vt 0.672696 0.986028
vt 0.598773 0.974630
vt 0.600256 0.974201
vt 0.600256 0.975740
vt 0.598773 0.975377
vt 0.426499 0.975031
vt 0.427981 0.974602
vt 0.427981 0.976141
vt 0.426499 0.975778
vt 0.506779 0.888071
vt 0.506779 0.893661
vt 0.506034 0.893528
vt 0.506165 0.887961
vt 0.896318 0.420156
vt 0.896262 0.414679
vt 0.896918 0.414703
vt 0.896918 0.420178
vt 0.378541 0.840330
vt 0.381347 0.840072
vt 0.381347 0.846019
vt 0.377986 0.846328
vt 0.245734 0.884835
vt 0.245559 0.878959
vt 0.246581 0.879085
vt 0.246581 0.884939
vt 0.882260 0.833679
vt 0.881443 0.833928
vt 0.881274 0.827907
vt 0.882260 0.827606
vt 0.909751 0.152639
vt 0.909288 0.152639
vt 0.909288 0.148527
vt 0.909751 0.148527
vt 0.810184 0.116311
vt 0.810184 0.115847
vt 0.814296 0.115847
vt 0.814296 0.116311
vt 0.858924 0.506462
vt 0.858924 0.506031
vt 0.863037 0.506031
vt 0.863037 0.506462
vt 0.811228 0.086104
vt 0.811228 0.086568
vt 0.807115 0.086568
vt 0.807115 0.086104
vt 0.910510 0.049714
vt 0.910062 0.049714
vt 0.910062 0.045601
vt 0.910510 0.045601
vt 0.342725 0.908840
vt 0.342725 0.908409
vt 0.346837 0.908409
vt 0.346837 0.908840
vt 0.910561 0.021517
vt 0.910114 0.021517
vt 0.910114 0.017404
vt 0.910561 0.017404
vt 0.819140 0.570987
vt 0.819140 0.571434
vt 0.815027 0.571434
vt 0.815027 0.570987
vt 0.832109 0.116112
vt 0.832109 0.116543
vt 0.827996 0.116543
vt 0.827996 0.116112
vt 0.896313 0.494498
vt 0.896257 0.489021
vt 0.896913 0.489045
vt 0.896913 0.494520
vt 0.893520 0.850263
vt 0.892909 0.850286
vt 0.892962 0.844395
vt 0.893520 0.844374
vt 0.895427 0.880318
vt 0.895373 0.874629
vt 0.896005 0.874679
vt 0.896005 0.880364
vt 0.896067 0.729637
vt 0.895435 0.729687
vt 0.895490 0.723998
vt 0.896067 0.723952
vt 0.245559 0.858803
vt 0.251177 0.858515
vt 0.251177 0.861382
vt 0.245559 0.861195
vt 0.306520 0.186296
vt 0.300628 0.186296
vt 0.300628 0.185865
vt 0.306520 0.185865
vt 0.259838 0.893966
vt 0.259786 0.888075
vt 0.260396 0.888098
vt 0.260396 0.893987
vt 0.896682 0.232085
vt 0.896682 0.237974
vt 0.896251 0.237974
vt 0.896251 0.232085
vt 0.302341 0.856799
vt 0.302341 0.859823
vt 0.296763 0.859516
vt 0.296763 0.856987
vt 0.036739 0.919293
vt 0.035946 0.919306
vt 0.035948 0.916299
vt 0.036739 0.916226
vt 0.143758 0.887674
vt 0.143758 0.893280
vt 0.143009 0.893140
vt 0.143137 0.887558
vt 0.847386 0.579989
vt 0.847386 0.588317
vt 0.845729 0.587749
vt 0.845736 0.579399
vt 0.896868 0.629000
vt 0.896211 0.629024
vt 0.896268 0.623547
vt 0.896868 0.623525
vt 0.559326 0.854143
vt 0.564914 0.853693
vt 0.564914 0.856817
vt 0.559326 0.856756
vt 0.839264 0.321901
vt 0.839264 0.319055
vt 0.845046 0.318984
vt 0.845046 0.322393
vt 0.641710 0.030703
vt 0.643550 0.029891
vt 0.643550 0.056764
vt 0.641743 0.057159
vt 0.515887 0.850587
vt 0.521465 0.850281
vt 0.521465 0.853461
vt 0.515888 0.853247
vt 0.036373 0.991540
vt 0.035946 0.991540
vt 0.035946 0.990685
vt 0.036373 0.990685
vt 0.885101 0.991402
vt 0.885101 0.990547
vt 0.885529 0.990547
vt 0.885529 0.991402
vt 0.975610 0.968744
vt 0.975610 0.966427
vt 0.976387 0.966427
vt 0.976387 0.968744
vt 0.528397 0.551523
vt 0.525246 0.551523
vt 0.525246 0.518046
vt 0.528397 0.518046
vt 0.751722 0.232615
vt 0.751722 0.254253
vt 0.751320 0.254247
vt 0.751092 0.232606
vt 0.899245 0.123616
vt 0.899245 0.129093
vt 0.898814 0.129093
vt 0.898814 0.123616
vt 0.082934 0.649512
vt 0.057043 0.649419
vt 0.057043 0.648122
vt 0.082934 0.647799
vt 0.844295 0.115473
vt 0.844291 0.112845
vt 0.849859 0.112546
vt 0.849859 0.115801
vt 0.633494 0.987407
vt 0.633494 0.985343
vt 0.634270 0.985343
vt 0.634270 0.987407
vt 0.539861 0.077500
vt 0.541230 0.035206
vt 0.541230 0.079858
vt 0.572998 0.463676
vt 0.572998 0.504975
vt 0.571993 0.504610
vt 0.535317 0.384000
vt 0.533939 0.341137
vt 0.535317 0.338784
vt 0.274935 0.544748
vt 0.276249 0.502898
vt 0.276249 0.547099
vt 0.682141 0.521428
vt 0.685347 0.514167
vt 0.685347 0.533654
vt 0.768002 0.075683
vt 0.769937 0.061509
vt 0.769937 0.077581
vt 0.767564 0.723635
vt 0.769499 0.709460
vt 0.769499 0.725533
vt 0.768364 0.445975
vt 0.766428 0.431801
vt 0.768364 0.429903
vt 0.769748 0.566515
vt 0.767813 0.552341
vt 0.769748 0.550443
vt 0.046338 0.850651
vt 0.048182 0.850275
vt 0.048182 0.857702
vt 0.561791 0.788665
vt 0.561791 0.800891
vt 0.559326 0.800891
vt 0.547813 0.826651
vt 0.549801 0.826327
vt 0.549801 0.836213
vt 0.771457 0.542402
vt 0.761700 0.541976
vt 0.771457 0.540387
vt 0.921558 0.902574
vt 0.920700 0.901119
vt 0.921558 0.899663
vt 0.215012 0.561099
vt 0.213917 0.519163
vt 0.215012 0.518783
vt 0.552201 0.341140
vt 0.553507 0.338784
vt 0.553507 0.382420
vt 0.558587 0.078094
vt 0.557494 0.077712
vt 0.558587 0.035206
vt 0.566660 0.229025
vt 0.565656 0.187518
vt 0.566660 0.187151
vt 0.716665 0.540074
vt 0.716665 0.542539
vt 0.715136 0.541932
vt 0.331742 0.771681
vt 0.331742 0.774886
vt 0.319516 0.774886
vt 0.857864 0.171998
vt 0.856359 0.164725
vt 0.857864 0.164060
vt 0.770101 0.683362
vt 0.770101 0.699434
vt 0.768166 0.697536
vt 0.275363 0.751769
vt 0.275363 0.767842
vt 0.273428 0.765944
vt 0.766473 0.465574
vt 0.768408 0.463676
vt 0.768408 0.479749
vt 0.768276 0.234504
vt 0.770211 0.232606
vt 0.770211 0.248678
vt 0.110476 0.685754
vt 0.110476 0.705242
vt 0.108011 0.697980
vt 0.856350 0.662841
vt 0.854607 0.662250
vt 0.856350 0.655173
vt 0.921555 0.890979
vt 0.920696 0.889524
vt 0.921555 0.888068
vt 0.017109 0.867080
vt 0.017109 0.872647
vt 0.014643 0.871520
vt 0.014644 0.867080
vt 0.181557 0.833377
vt 0.181556 0.822684
vt 0.183314 0.822695
vt 0.183314 0.833448
vt 0.856980 0.186390
vt 0.856959 0.180929
vt 0.860169 0.180929
vt 0.860169 0.186390
vt 0.030111 0.115532
vt 0.030111 0.003852
vt 0.035493 0.005289
vt 0.035493 0.115532
vt 0.530231 0.876526
vt 0.530223 0.870770
vt 0.531976 0.870642
vt 0.531976 0.876733
vt 0.872124 0.266776
vt 0.872124 0.272195
vt 0.869664 0.272038
vt 0.869664 0.266618
vt 0.296803 0.867709
vt 0.299963 0.867528
vt 0.299963 0.871968
vt 0.296763 0.872152
vt 0.573081 0.846887
vt 0.576243 0.846743
vt 0.576243 0.852310
vt 0.573041 0.852456
vt 0.868981 0.420140
vt 0.868981 0.414679
vt 0.871441 0.414840
vt 0.871441 0.420301
vt 0.079635 0.849788
vt 0.079635 0.855248
vt 0.076440 0.855124
vt 0.076428 0.849664
vt 0.832503 0.709530
vt 0.834259 0.709460
vt 0.834259 0.720213
vt 0.832501 0.720224
vt 0.817888 0.819439
vt 0.817838 0.808034
vt 0.819594 0.807956
vt 0.819594 0.819864
vt 0.492965 0.848450
vt 0.496087 0.848297
vt 0.496087 0.853773
vt 0.492902 0.853931
vt 0.166313 0.865691
vt 0.168772 0.865530
vt 0.168772 0.871007
vt 0.166313 0.871167
vt 0.028248 0.356314
vt 0.094394 0.355996
vt 0.094394 0.358349
vt 0.028248 0.358031
vt 0.849479 0.086580
vt 0.849416 0.081098
vt 0.852601 0.081256
vt 0.852601 0.086732
vt 0.297050 0.843085
vt 0.299559 0.842263
vt 0.299559 0.848139
vt 0.296763 0.849094
vt 0.389252 0.861383
vt 0.389246 0.854293
vt 0.391003 0.854267
vt 0.391003 0.861530
vt 0.816241 0.846724
vt 0.819150 0.846205
vt 0.819150 0.851625
vt 0.816075 0.852185
vt 0.151669 0.849810
vt 0.154864 0.849686
vt 0.154864 0.855146
vt 0.151657 0.855270
vt 0.120257 0.357341
vt 0.120257 0.355624
vt 0.186591 0.355306
vt 0.186591 0.357659
vt 0.363004 0.253389
vt 0.363621 0.187151
vt 0.365290 0.187414
vt 0.365290 0.253748
vt 0.768389 0.851460
vt 0.768222 0.845999
vt 0.771298 0.846560
vt 0.771298 0.851979
vt 0.245559 0.893827
vt 0.247514 0.892644
vt 0.247514 0.895108
vt 0.245559 0.896291
vt 0.540546 0.187151
vt 0.540546 0.229672
vt 0.539805 0.229142
vt 0.538762 0.187638
vt 0.867928 0.866007
vt 0.867922 0.859671
vt 0.869674 0.859521
vt 0.869674 0.866214
vt 0.151663 0.863182
vt 0.153408 0.862975
vt 0.153408 0.869668
vt 0.151657 0.869518
vt 0.276637 0.260568
vt 0.276637 0.194059
vt 0.282019 0.194059
vt 0.282019 0.263416
vt 0.014664 0.853913
vt 0.017853 0.853914
vt 0.017853 0.859375
vt 0.014643 0.859375
vt 0.004045 0.863943
vt 0.004045 0.858067
vt 0.006505 0.858216
vt 0.006505 0.864092
vt 0.273752 0.864866
vt 0.271292 0.865016
vt 0.271292 0.859140
vt 0.273752 0.858990
vt 0.722060 0.248678
vt 0.722094 0.232606
vt 0.725043 0.233756
vt 0.725043 0.249829
vt 0.159951 0.787304
vt 0.151657 0.785607
vt 0.151657 0.783619
vt 0.159951 0.781922
vt 0.588535 0.848675
vt 0.591657 0.848522
vt 0.591657 0.853998
vt 0.588472 0.854156
vt 0.868610 0.600921
vt 0.871070 0.600760
vt 0.871070 0.606242
vt 0.868610 0.606403
vt 0.399106 0.842944
vt 0.401616 0.842122
vt 0.401616 0.847998
vt 0.398819 0.848953
vt 0.378007 0.859495
vt 0.377986 0.854033
vt 0.381196 0.854033
vt 0.381196 0.859494
vt 0.821235 0.172888
vt 0.811491 0.172888
vt 0.811491 0.171091
vt 0.821235 0.170423
vt 0.779313 0.854091
vt 0.779251 0.848609
vt 0.782436 0.848768
vt 0.782436 0.854244
vt 0.089185 0.848513
vt 0.088898 0.842504
vt 0.091694 0.843459
vt 0.091694 0.849335
vt 0.856980 0.194095
vt 0.860169 0.194095
vt 0.860169 0.199556
vt 0.856959 0.199557
vt 0.507773 0.851147
vt 0.505665 0.852027
vt 0.505361 0.846006
vt 0.507773 0.844932
vt 0.722649 0.283277
vt 0.722683 0.267204
vt 0.725632 0.268355
vt 0.725632 0.284428
vt 0.743441 0.846737
vt 0.746350 0.846218
vt 0.746350 0.851637
vt 0.743275 0.852198
vt 0.014643 0.883557
vt 0.014643 0.880352
vt 0.016934 0.881262
vt 0.016934 0.884467
vt 0.535806 0.846283
vt 0.535806 0.852497
vt 0.533394 0.851423
vt 0.533697 0.845402
vt 0.724485 0.045964
vt 0.721535 0.047115
vt 0.721502 0.031042
vt 0.724485 0.029891
vt 0.618561 0.851592
vt 0.618394 0.846132
vt 0.621470 0.846692
vt 0.621470 0.852111
vt 0.869090 0.514328
vt 0.871549 0.514167
vt 0.871549 0.519628
vt 0.869090 0.519789
vt 0.803797 0.871350
vt 0.803797 0.865889
vt 0.806256 0.866050
vt 0.806256 0.871511
vt 0.065825 0.701228
vt 0.046338 0.701227
vt 0.046338 0.698763
vt 0.065825 0.698763
vt 0.671470 0.857232
vt 0.673930 0.857087
vt 0.673930 0.863115
vt 0.671470 0.863261
vt 0.046338 0.870889
vt 0.046338 0.865407
vt 0.048797 0.865567
vt 0.048797 0.871050
vt 0.860914 0.352764
vt 0.860914 0.346748
vt 0.863374 0.346894
vt 0.863374 0.352910
vt 0.868852 0.083274
vt 0.868852 0.077798
vt 0.871311 0.077959
vt 0.871311 0.083435
vt 0.137342 0.837664
vt 0.137342 0.844250
vt 0.134146 0.844147
vt 0.134134 0.837561
vt 0.845983 0.052756
vt 0.845696 0.046747
vt 0.848492 0.047701
vt 0.848492 0.053577
vt 0.574553 0.319382
vt 0.574553 0.316918
vt 0.576508 0.318101
vt 0.576508 0.320565
vt 0.180803 0.893668
vt 0.182514 0.892989
vt 0.182514 0.896194
vt 0.180223 0.895459
vt 0.803809 0.837630
vt 0.807005 0.837528
vt 0.807005 0.844113
vt 0.803797 0.844216
vt 0.367096 0.857576
vt 0.369556 0.857430
vt 0.369556 0.863446
vt 0.367096 0.863592
vt 0.767812 0.782625
vt 0.767812 0.788007
vt 0.759586 0.786310
vt 0.759586 0.784322
vt 0.776880 0.872416
vt 0.778633 0.872292
vt 0.778633 0.878084
vt 0.776877 0.878016
vt 0.856191 0.786773
vt 0.857929 0.786506
vt 0.857929 0.794048
vt 0.856171 0.794020
vt 0.648970 0.845764
vt 0.648970 0.851978
vt 0.646558 0.850904
vt 0.646861 0.844883
vt 0.525458 0.339317
vt 0.526235 0.338784
vt 0.526235 0.383807
vt 0.524462 0.383299
vt 0.724805 0.350773
vt 0.721856 0.351924
vt 0.721823 0.335852
vt 0.724805 0.334700
vt 0.259825 0.852381
vt 0.259786 0.846811
vt 0.262988 0.846958
vt 0.262988 0.852525
vt 0.005610 0.333382
vt 0.005610 0.399892
vt 0.003852 0.399892
vt 0.003907 0.332949
vt 0.705886 0.868111
vt 0.708351 0.866984
vt 0.708351 0.872551
vt 0.705886 0.872552
vt 0.805128 0.455749
vt 0.795385 0.455749
vt 0.795385 0.454213
vt 0.805128 0.452543
vt 0.362902 0.166323
vt 0.361233 0.166585
vt 0.360616 0.100347
vt 0.362902 0.099987
vt 0.366034 0.070093
vt 0.364365 0.070357
vt 0.363748 0.004213
vt 0.366034 0.003852
vt 0.858924 0.514308
vt 0.861385 0.514167
vt 0.861385 0.520381
vt 0.858924 0.520522
vt 0.868988 0.463837
vt 0.871447 0.463676
vt 0.871447 0.469138
vt 0.868988 0.469299
vt 0.681821 0.049378
vt 0.681821 0.029891
vt 0.685026 0.029891
vt 0.685026 0.049378
vt 0.025653 0.862518
vt 0.025653 0.856489
vt 0.028113 0.856635
vt 0.028113 0.862663
vt 0.180223 0.866303
vt 0.182683 0.866147
vt 0.182683 0.871611
vt 0.180223 0.871767
vt 0.860985 0.683509
vt 0.862737 0.683362
vt 0.862737 0.690624
vt 0.860979 0.690599
vt 0.718697 0.814130
vt 0.718697 0.807436
vt 0.724079 0.807436
vt 0.724079 0.814130
vt 0.242499 0.550476
vt 0.244486 0.550476
vt 0.244486 0.552234
vt 0.242499 0.552234
vt 0.440299 0.742642
vt 0.440299 0.748024
vt 0.429546 0.748024
vt 0.429546 0.742642
vt 0.842855 0.533884
vt 0.844592 0.533617
vt 0.844592 0.542731
vt 0.842835 0.542738
vt 0.456860 0.870670
vt 0.458605 0.870463
vt 0.458605 0.876554
vt 0.456852 0.876426
vt 0.856152 0.068784
vt 0.856132 0.061537
vt 0.857889 0.061509
vt 0.857889 0.069050
vt 0.216779 0.877721
vt 0.216776 0.872122
vt 0.218532 0.872054
vt 0.218532 0.877846
vt 0.869848 0.207434
vt 0.872308 0.207277
vt 0.872308 0.212696
vt 0.869848 0.212854
vt 0.434928 0.776689
vt 0.429546 0.776689
vt 0.429546 0.767574
vt 0.434928 0.767574
vt 0.876734 0.904080
vt 0.876734 0.901169
vt 0.878451 0.901169
vt 0.878451 0.904080
vt 0.477987 0.318718
vt 0.477987 0.324809
vt 0.472605 0.324809
vt 0.472605 0.318718
vt 0.378026 0.871642
vt 0.377986 0.867199
vt 0.381186 0.867383
vt 0.381186 0.871823
vt 0.151657 0.795009
vt 0.158919 0.795009
vt 0.158919 0.800391
vt 0.151657 0.800391
vt 0.877195 0.729687
vt 0.877195 0.724116
vt 0.878953 0.724116
vt 0.878953 0.729687
vt 0.652646 0.797992
vt 0.652646 0.805082
vt 0.647264 0.805082
vt 0.647264 0.797992
vt 0.777642 0.083094
vt 0.787386 0.083094
vt 0.787386 0.086300
vt 0.777642 0.086300
vt 0.636016 0.846950
vt 0.636016 0.853536
vt 0.633494 0.852543
vt 0.633555 0.847084
vt 0.219298 0.854010
vt 0.216837 0.853877
vt 0.216776 0.848417
vt 0.219298 0.847424
vt 0.812650 0.419732
vt 0.812650 0.422197
vt 0.802906 0.421529
vt 0.802906 0.419732
vt 0.216104 0.244608
vt 0.216104 0.249990
vt 0.149163 0.249990
vt 0.146315 0.244608
vt 0.477714 0.144817
vt 0.477714 0.152358
vt 0.472332 0.152358
vt 0.472332 0.144817
vt 0.319516 0.819662
vt 0.321980 0.819662
vt 0.321980 0.829406
vt 0.319516 0.829406
vt 0.209033 0.811591
vt 0.209033 0.816973
vt 0.202697 0.816973
vt 0.202697 0.811591
vt 0.173851 0.795749
vt 0.173851 0.802996
vt 0.168469 0.802996
vt 0.168469 0.795749
vt 0.048580 0.114094
vt 0.043198 0.115531
vt 0.043198 0.003852
vt 0.048580 0.003852
vt 0.368853 0.841326
vt 0.368853 0.849726
vt 0.367096 0.849726
vt 0.367097 0.841259
vt 0.847929 0.397778
vt 0.849685 0.397712
vt 0.849685 0.406178
vt 0.847927 0.406178
vt 0.375496 0.073211
vt 0.373792 0.073644
vt 0.373739 0.003852
vt 0.375496 0.003852
vt 0.188201 0.114295
vt 0.188201 0.220344
vt 0.186350 0.220341
vt 0.186350 0.114292
vt 0.871637 0.232241
vt 0.871637 0.237705
vt 0.869177 0.237549
vt 0.869177 0.232085
vt 0.365152 0.340032
vt 0.365769 0.273889
vt 0.367438 0.274152
vt 0.367438 0.340393
vt 0.692844 0.572308
vt 0.698226 0.572308
vt 0.698226 0.577908
vt 0.692844 0.577908
vt 0.262789 0.092485
vt 0.262769 0.083631
vt 0.264526 0.083637
vt 0.264526 0.092752
vt 0.734316 0.851521
vt 0.732207 0.852401
vt 0.731903 0.846381
vt 0.734316 0.845307
vt 0.267230 0.544852
vt 0.265447 0.544361
vt 0.266487 0.503426
vt 0.267230 0.502898
vt 0.786681 0.257047
vt 0.786681 0.255511
vt 0.796425 0.255511
vt 0.796425 0.258717
vt 0.529734 0.099987
vt 0.529734 0.144537
vt 0.528965 0.144022
vt 0.527959 0.100500
vt 0.819494 0.254000
vt 0.825286 0.254000
vt 0.825286 0.259382
vt 0.819494 0.259382
vt 0.331049 0.853335
vt 0.331110 0.847876
vt 0.333571 0.847742
vt 0.333571 0.854328
vt 0.432068 0.854444
vt 0.429607 0.854311
vt 0.429546 0.848851
vt 0.432068 0.847859
vt 0.459533 0.812354
vt 0.459533 0.802611
vt 0.462738 0.802611
vt 0.462738 0.812354
vt 0.429546 0.819209
vt 0.432010 0.819209
vt 0.432010 0.828952
vt 0.429546 0.828952
vt 0.005691 0.233053
vt 0.003852 0.233056
vt 0.003852 0.127692
vt 0.005692 0.127689
vt 0.620152 0.870424
vt 0.620152 0.876513
vt 0.618394 0.876513
vt 0.618394 0.870424
vt 0.685385 0.725360
vt 0.690767 0.725360
vt 0.690767 0.737268
vt 0.685385 0.737268
vt 0.463790 0.827067
vt 0.458408 0.827067
vt 0.458408 0.821310
vt 0.463790 0.821310
vt 0.861472 0.232226
vt 0.861472 0.238441
vt 0.859012 0.238300
vt 0.859012 0.232085
vt 0.474094 0.874899
vt 0.474094 0.880281
vt 0.472336 0.880281
vt 0.472336 0.874899
vt 0.481915 0.867267
vt 0.484380 0.866140
vt 0.484380 0.871710
vt 0.481916 0.871710
vt 0.869617 0.537323
vt 0.869618 0.532879
vt 0.872083 0.532880
vt 0.872083 0.538449
vt 0.819342 0.030316
vt 0.821048 0.029891
vt 0.821048 0.041799
vt 0.819292 0.041721
vt 0.609783 0.179380
vt 0.609783 0.168687
vt 0.615165 0.168687
vt 0.615165 0.179380
vt 0.119417 0.741227
vt 0.108011 0.741227
vt 0.108011 0.735845
vt 0.119417 0.735845
vt 0.013088 0.774035
vt 0.013088 0.779417
vt 0.004233 0.779417
vt 0.004233 0.774035
vt 0.820100 0.655173
vt 0.820100 0.668822
vt 0.819060 0.668730
vt 0.860713 0.717615
vt 0.859821 0.712666
vt 0.860713 0.708780
vt 0.409873 0.652929
vt 0.415827 0.642511
vt 0.415827 0.658000
vt 0.810574 0.207277
vt 0.810574 0.222824
vt 0.809948 0.207312
vt 0.020614 0.595509
vt 0.026439 0.580033
vt 0.026439 0.600728
vt 0.417291 0.827405
vt 0.417291 0.833751
vt 0.413020 0.830521
vt 0.209033 0.792089
vt 0.209033 0.803886
vt 0.206559 0.802443
vt 0.582830 0.548751
vt 0.587923 0.545328
vt 0.587923 0.549026
vt 0.723318 0.463676
vt 0.723318 0.478052
vt 0.718880 0.468581
vt 0.511231 0.382776
vt 0.516286 0.379062
vt 0.516286 0.384284
vt 0.705886 0.809692
vt 0.710741 0.804508
vt 0.710741 0.811959
vt 0.726221 0.617271
vt 0.721323 0.613762
vt 0.726221 0.613747
vt 0.526541 0.607175
vt 0.520914 0.591791
vt 0.526541 0.586572
vt 0.724199 0.709460
vt 0.724199 0.723786
vt 0.719809 0.718934
vt 0.835824 0.501383
vt 0.836651 0.489021
vt 0.836651 0.501423
vt 0.708574 0.838223
vt 0.708574 0.845504
vt 0.705886 0.841341
vt 0.731903 0.813690
vt 0.735730 0.810373
vt 0.735730 0.818753
vt 0.738853 0.797135
vt 0.738853 0.802668
vt 0.731903 0.799395
vt 0.025317 0.633298
vt 0.025317 0.651943
vt 0.020614 0.646883
vt 0.092607 0.810891
vt 0.092607 0.819220
vt 0.088898 0.815949
vt 0.493668 0.686065
vt 0.489080 0.684351
vt 0.493668 0.669684
vt 0.652947 0.074857
vt 0.657530 0.069797
vt 0.657530 0.088430
vt 0.773881 0.658982
vt 0.775058 0.655173
vt 0.775058 0.672580
vt 0.845795 0.886623
vt 0.847105 0.886522
vt 0.847105 0.891478
vt 0.030592 0.799097
vt 0.027973 0.788660
vt 0.030592 0.787097
vt 0.810549 0.361213
vt 0.810549 0.376821
vt 0.809922 0.376748
vt 0.443136 0.677268
vt 0.438351 0.662497
vt 0.443136 0.660732
vt 0.260774 0.663441
vt 0.266518 0.658350
vt 0.266518 0.673746
vt 0.836627 0.003852
vt 0.836627 0.016317
vt 0.835805 0.016215
vt 0.525545 0.769793
vt 0.525545 0.779733
vt 0.520914 0.775411
vt 0.081732 0.785673
vt 0.081732 0.793823
vt 0.077052 0.792471
vt 0.076428 0.785666
vt 0.460032 0.777556
vt 0.459533 0.767737
vt 0.463894 0.767355
vt 0.463894 0.777893
vt 0.880654 0.214310
vt 0.880013 0.214325
vt 0.880026 0.207567
vt 0.880654 0.207277
vt 0.654537 0.003906
vt 0.654537 0.021313
vt 0.649586 0.017360
vt 0.649462 0.003852
vt 0.819866 0.489062
vt 0.819866 0.503679
vt 0.819242 0.503609
vt 0.819242 0.489021
vt 0.497471 0.784401
vt 0.497471 0.793527
vt 0.492902 0.792748
vt 0.492913 0.784743
vt 0.592609 0.717919
vt 0.587665 0.718186
vt 0.587845 0.704502
vt 0.592609 0.704259
vt 0.402112 0.737228
vt 0.402099 0.732578
vt 0.414535 0.732451
vt 0.414535 0.737347
vt 0.414535 0.724535
vt 0.409873 0.724746
vt 0.410163 0.711089
vt 0.414535 0.710909
vt 0.046344 0.754597
vt 0.046338 0.750884
vt 0.058686 0.750767
vt 0.058686 0.754784
vt 0.547813 0.749142
vt 0.547814 0.745255
vt 0.560157 0.745176
vt 0.560157 0.749355
vt 0.563460 0.780891
vt 0.559326 0.780961
vt 0.559678 0.770340
vt 0.563460 0.770285
vt 0.095011 0.728225
vt 0.099239 0.727936
vt 0.099239 0.740835
vt 0.094734 0.741118
vt 0.743615 0.492946
vt 0.743615 0.505773
vt 0.739609 0.505495
vt 0.739345 0.492685
vt 0.731640 0.505624
vt 0.727178 0.505773
vt 0.727508 0.492151
vt 0.731640 0.492016
vt 0.063029 0.344370
vt 0.063029 0.348086
vt 0.052556 0.347912
vt 0.052548 0.344469
vt 0.808471 0.267205
vt 0.808471 0.282785
vt 0.807762 0.282694
vt 0.807762 0.267204
vt 0.751590 0.790858
vt 0.748054 0.790726
vt 0.747732 0.780850
vt 0.751590 0.780377
vt 0.905936 0.514167
vt 0.905936 0.518028
vt 0.905103 0.517946
vt 0.905105 0.514185
vt 0.827525 0.903497
vt 0.827525 0.907243
vt 0.826687 0.907124
vt 0.826692 0.903582
vt 0.905138 0.604751
vt 0.904298 0.604719
vt 0.904297 0.600833
vt 0.905138 0.600760
vt 0.628198 0.749838
vt 0.627551 0.749782
vt 0.627559 0.739136
vt 0.628198 0.739078
vt 0.231580 0.729667
vt 0.236151 0.729653
vt 0.236151 0.742055
vt 0.231408 0.742044
vt 0.905771 0.270484
vt 0.904934 0.270384
vt 0.904928 0.266742
vt 0.905771 0.266618
vt 0.525010 0.815018
vt 0.521016 0.814849
vt 0.520914 0.807475
vt 0.525010 0.806868
vt 0.050554 0.791122
vt 0.046338 0.790711
vt 0.046863 0.781562
vt 0.050554 0.781296
vt 0.719749 0.094687
vt 0.719749 0.108267
vt 0.715076 0.108051
vt 0.714895 0.094437
vt 0.033668 0.737073
vt 0.037554 0.736993
vt 0.037554 0.749835
vt 0.033376 0.749888
vt 0.217412 0.781188
vt 0.222311 0.779837
vt 0.222311 0.788051
vt 0.216776 0.788069
vt 0.118589 0.774704
vt 0.108662 0.774611
vt 0.109747 0.770881
vt 0.118589 0.770026
vt 0.719055 0.790331
vt 0.722579 0.789966
vt 0.722579 0.799732
vt 0.718697 0.799534
vt 0.879145 0.422068
vt 0.879148 0.414694
vt 0.879780 0.414679
vt 0.879780 0.422114
vt 0.751360 0.212539
vt 0.755370 0.212523
vt 0.755370 0.224901
vt 0.751092 0.224885
vt 0.422945 0.691548
vt 0.422101 0.691454
vt 0.422096 0.688059
vt 0.422945 0.687927
vt 0.413398 0.776223
vt 0.417069 0.775906
vt 0.417069 0.786447
vt 0.413020 0.786155
vt 0.724700 0.687045
vt 0.729338 0.686587
vt 0.729338 0.699497
vt 0.724528 0.699942
vt 0.861147 0.077818
vt 0.861147 0.086732
vt 0.860307 0.086681
vt 0.860306 0.077798
vt 0.728634 0.126472
vt 0.733168 0.126179
vt 0.733168 0.139045
vt 0.728389 0.139311
vt 0.415081 0.801003
vt 0.413020 0.796878
vt 0.418517 0.794151
vt 0.418517 0.801459
vt 0.717108 0.585889
vt 0.717108 0.599433
vt 0.712127 0.599250
vt 0.712038 0.585651
vt 0.908642 0.164060
vt 0.908642 0.167723
vt 0.907800 0.167604
vt 0.907802 0.164161
vt 0.358886 0.770776
vt 0.357738 0.766896
vt 0.367667 0.766381
vt 0.367667 0.771204
vt 0.419746 0.537694
vt 0.419746 0.542070
vt 0.409777 0.541789
vt 0.409123 0.537979
vt 0.828753 0.042827
vt 0.828764 0.029891
vt 0.829591 0.030109
vt 0.829591 0.042975
vt 0.906420 0.211109
vt 0.905572 0.211074
vt 0.905573 0.207350
vt 0.906420 0.207277
vt 0.899581 0.674150
vt 0.899569 0.669515
vt 0.900404 0.669507
vt 0.900404 0.674243
vt 0.592031 0.725942
vt 0.592031 0.739450
vt 0.587971 0.739406
vt 0.587665 0.725891
vt 0.699588 0.779108
vt 0.699588 0.789577
vt 0.695993 0.789571
vt 0.695708 0.779100
vt 0.861079 0.292066
vt 0.861087 0.283397
vt 0.861897 0.283657
vt 0.861897 0.292290
vt 0.900098 0.768804
vt 0.899481 0.768710
vt 0.899481 0.763838
vt 0.900098 0.763721
vt 0.265193 0.723449
vt 0.265193 0.736986
vt 0.261056 0.736848
vt 0.260774 0.723271
vt 0.395475 0.645605
vt 0.401010 0.645553
vt 0.401010 0.661039
vt 0.395110 0.661090
vt 0.191923 0.713419
vt 0.196201 0.713231
vt 0.196201 0.726838
vt 0.191607 0.727048
vt 0.152255 0.774150
vt 0.151657 0.770265
vt 0.162198 0.769935
vt 0.162198 0.774217
vt 0.700679 0.761508
vt 0.700679 0.771395
vt 0.696628 0.770580
vt 0.695708 0.761880
vt 0.610640 0.871000
vt 0.610640 0.878682
vt 0.610064 0.878467
vt 0.610024 0.871017
vt 0.466681 0.640397
vt 0.466681 0.646545
vt 0.451277 0.644608
vt 0.451285 0.640610
vt 0.837991 0.042275
vt 0.837301 0.042237
vt 0.837295 0.029959
vt 0.837991 0.029891
vt 0.824749 0.232606
vt 0.824749 0.246185
vt 0.823903 0.246118
vt 0.823904 0.232610
vt 0.906880 0.364949
vt 0.906026 0.364859
vt 0.906025 0.361317
vt 0.906880 0.361213
vt 0.117887 0.787059
vt 0.108662 0.786249
vt 0.109732 0.782512
vt 0.117887 0.782408
vt 0.535247 0.806325
vt 0.533394 0.803461
vt 0.539757 0.800306
vt 0.539757 0.806331
vt 0.124437 0.901438
vt 0.124437 0.905404
vt 0.123587 0.905348
vt 0.123588 0.901485
vt 0.715915 0.126253
vt 0.720684 0.126179
vt 0.720684 0.139758
vt 0.715734 0.139829
vt 0.038530 0.779392
vt 0.027973 0.779017
vt 0.028604 0.775430
vt 0.038530 0.775252
vt 0.620770 0.575837
vt 0.620494 0.557205
vt 0.625329 0.557232
vt 0.625329 0.577835
vt 0.905466 0.489021
vt 0.905466 0.492952
vt 0.904621 0.492837
vt 0.904618 0.489115
vt 0.739142 0.222938
vt 0.738840 0.210037
vt 0.743241 0.210071
vt 0.743241 0.222991
vt 0.769081 0.867840
vt 0.768222 0.867865
vt 0.768226 0.859753
vt 0.769081 0.859684
vt 0.283380 0.695706
vt 0.288198 0.695479
vt 0.288198 0.709112
vt 0.283121 0.709371
vt 0.852103 0.463771
vt 0.852103 0.472562
vt 0.850803 0.472424
vt 0.850800 0.463676
vt 0.905677 0.077798
vt 0.905677 0.081685
vt 0.904820 0.081593
vt 0.904818 0.077818
vt 0.830280 0.600844
vt 0.831106 0.600760
vt 0.831106 0.613607
vt 0.830291 0.613755
vt 0.667262 0.658608
vt 0.667262 0.674006
vt 0.661958 0.673968
vt 0.661608 0.658576
vt 0.517189 0.899858
vt 0.515887 0.899980
vt 0.516339 0.895873
vt 0.517189 0.895811
vt 0.688003 0.783171
vt 0.688003 0.792997
vt 0.684285 0.792639
vt 0.683910 0.783385
vt 0.727744 0.003978
vt 0.731875 0.003852
vt 0.731875 0.017436
vt 0.727412 0.017582
vt 0.723365 0.782262
vt 0.718697 0.781934
vt 0.719595 0.773322
vt 0.723365 0.772479
vt 0.472653 0.736444
vt 0.476611 0.736424
vt 0.476611 0.749320
vt 0.472336 0.749345
vt 0.835926 0.219714
vt 0.835069 0.219684
vt 0.835073 0.207319
vt 0.835926 0.207277
vt 0.780767 0.029909
vt 0.784592 0.029891
vt 0.784592 0.040428
vt 0.780459 0.040451
vt 0.898320 0.361259
vt 0.898320 0.366467
vt 0.897678 0.366192
vt 0.897673 0.361213
vt 0.337258 0.737311
vt 0.324794 0.737250
vt 0.324810 0.732590
vt 0.337258 0.732480
vt 0.731135 0.223629
vt 0.726537 0.223698
vt 0.726854 0.210093
vt 0.731135 0.210037
vt 0.183782 0.743106
vt 0.183782 0.747381
vt 0.171354 0.747194
vt 0.171358 0.743236
vt 0.788988 0.541727
vt 0.779162 0.541684
vt 0.779167 0.538063
vt 0.788988 0.537769
vt 0.283369 0.729993
vt 0.283121 0.717076
vt 0.288010 0.717332
vt 0.288010 0.730268
vt 0.871429 0.623526
vt 0.871429 0.631556
vt 0.870602 0.631529
vt 0.870601 0.623525
vt 0.112571 0.803612
vt 0.109738 0.804031
vt 0.108662 0.797283
vt 0.112571 0.794764
vt 0.080698 0.767355
vt 0.080698 0.777961
vt 0.076823 0.777657
vt 0.076428 0.767670
vt 0.288713 0.666437
vt 0.283368 0.666769
vt 0.283121 0.654387
vt 0.288713 0.650856
vt 0.208943 0.710531
vt 0.208943 0.724039
vt 0.204264 0.723957
vt 0.204083 0.710460
vt 0.357738 0.788770
vt 0.358167 0.779062
vt 0.361706 0.778909
vt 0.361706 0.789383
vt 0.012524 0.735797
vt 0.024870 0.735684
vt 0.024870 0.740471
vt 0.012506 0.740341
vt 0.573390 0.092282
vt 0.557906 0.092056
vt 0.557901 0.087978
vt 0.573390 0.086055
vt 0.173851 0.777504
vt 0.173851 0.788044
vt 0.170306 0.788015
vt 0.169974 0.777456
vt 0.059450 0.784930
vt 0.058700 0.776459
vt 0.063285 0.775622
vt 0.063285 0.785381
vt 0.682847 0.906675
vt 0.682001 0.906570
vt 0.681995 0.903025
vt 0.682847 0.902892
vt 0.275363 0.775547
vt 0.275363 0.786090
vt 0.271292 0.785620
vt 0.271630 0.775697
vt 0.916107 0.127082
vt 0.915492 0.127123
vt 0.915495 0.123712
vt 0.916107 0.123616
vt 0.622889 0.788594
vt 0.618394 0.787749
vt 0.619152 0.779309
vt 0.622889 0.778876
vt 0.349153 0.782569
vt 0.345409 0.782419
vt 0.344963 0.772669
vt 0.349153 0.772034
vt 0.648344 0.743512
vt 0.635920 0.743386
vt 0.635922 0.739287
vt 0.648344 0.739111
vt 0.140031 0.657338
vt 0.134134 0.657535
vt 0.134501 0.641979
vt 0.140031 0.641812
vt 0.671470 0.813299
vt 0.671571 0.805865
vt 0.675646 0.805692
vt 0.675646 0.813907
vt 0.907089 0.696637
vt 0.907089 0.700373
vt 0.906246 0.700263
vt 0.906243 0.696725
vt 0.349108 0.790738
vt 0.349108 0.799639
vt 0.344963 0.797090
vt 0.346094 0.790273
vt 0.612520 0.639420
vt 0.612520 0.654848
vt 0.608483 0.653566
vt 0.606380 0.639131
vt 0.648344 0.718559
vt 0.648344 0.731406
vt 0.643795 0.730945
vt 0.643622 0.718118
vt 0.784622 0.585651
vt 0.784622 0.595580
vt 0.780063 0.594666
vt 0.780808 0.586029
vt 0.494047 0.746504
vt 0.494047 0.753263
vt 0.485369 0.751536
vt 0.485751 0.747248
vt 0.741236 0.686706
vt 0.741237 0.700225
vt 0.737360 0.700120
vt 0.737043 0.686587
vt 0.811491 0.094475
vt 0.811491 0.108143
vt 0.810453 0.108033
vt 0.810184 0.094437
vt 0.913486 0.600760
vt 0.913486 0.604458
vt 0.912868 0.604345
vt 0.912843 0.600821
vt 0.068660 0.767917
vt 0.058700 0.767084
vt 0.059826 0.763221
vt 0.068660 0.763092
vt 0.476393 0.775903
vt 0.476393 0.786379
vt 0.472697 0.785938
vt 0.472336 0.776058
vt 0.068037 0.843020
vt 0.068665 0.843020
vt 0.068665 0.847161
vt 0.068034 0.847240
vt 0.822942 0.786526
vt 0.822942 0.800210
vt 0.822102 0.800121
vt 0.822100 0.786506
vt 0.900167 0.034529
vt 0.899521 0.034502
vt 0.899505 0.029666
vt 0.900167 0.029493
vt 0.100915 0.836501
vt 0.100915 0.846960
vt 0.100201 0.846945
vt 0.100200 0.836504
vt 0.509810 0.786549
vt 0.506104 0.786190
vt 0.505361 0.777589
vt 0.509810 0.776668
vt 0.204682 0.222352
vt 0.196344 0.221515
vt 0.195957 0.217082
vt 0.204682 0.215318
vt 0.068351 0.895604
vt 0.068351 0.899627
vt 0.067486 0.899551
vt 0.067045 0.895458
vt 0.905712 0.554319
vt 0.904864 0.554223
vt 0.904868 0.550559
vt 0.905712 0.550443
vt 0.364764 0.669696
vt 0.365015 0.657420
vt 0.370281 0.657724
vt 0.370281 0.673214
vt 0.298376 0.784436
vt 0.302080 0.783706
vt 0.302080 0.792917
vt 0.297554 0.792506
vt 0.862855 0.808094
vt 0.863674 0.807956
vt 0.863674 0.816429
vt 0.862862 0.816598
vt 0.906477 0.287222
vt 0.905630 0.287116
vt 0.905632 0.283521
vt 0.906477 0.283397
vt 0.881131 0.353363
vt 0.880447 0.353343
vt 0.880418 0.346516
vt 0.881131 0.346455
vt 0.896489 0.468964
vt 0.896493 0.463676
vt 0.897185 0.463837
vt 0.897185 0.469059
vt 0.899095 0.807985
vt 0.899095 0.813049
vt 0.898408 0.812901
vt 0.898422 0.807956
vt 0.782118 0.605682
vt 0.785767 0.605351
vt 0.785767 0.615820
vt 0.781636 0.615453
vt 0.634598 0.770434
vt 0.633494 0.766599
vt 0.643466 0.766566
vt 0.643466 0.771335
vt 0.610445 0.719049
vt 0.605361 0.719054
vt 0.605619 0.705464
vt 0.610445 0.705451
vt 0.100957 0.782835
vt 0.090414 0.782682
vt 0.090423 0.779020
vt 0.100957 0.778877
vt 0.058786 0.743062
vt 0.046338 0.742946
vt 0.046357 0.738710
vt 0.058786 0.738548
vt 0.755337 0.492961
vt 0.755337 0.505773
vt 0.751621 0.505771
vt 0.751320 0.492956
vt 0.311630 0.425581
vt 0.309581 0.420793
vt 0.330275 0.420599
vt 0.330275 0.425634
vt 0.902584 0.300344
vt 0.902584 0.304793
vt 0.901933 0.304618
vt 0.901936 0.300314
vt 0.504271 0.647989
vt 0.498051 0.648296
vt 0.500130 0.633828
vt 0.504271 0.632429
vt 0.901020 0.786506
vt 0.901020 0.791372
vt 0.900393 0.791207
vt 0.900398 0.786556
vt 0.382349 0.723603
vt 0.382349 0.737114
vt 0.378292 0.736963
vt 0.377986 0.723422
vt 0.862048 0.632183
vt 0.862048 0.623525
vt 0.862896 0.623550
vt 0.862896 0.632245
vt 0.319516 0.783404
vt 0.324181 0.782591
vt 0.324181 0.791756
vt 0.319531 0.791434
vt 0.316562 0.724396
vt 0.316562 0.737894
vt 0.312416 0.737799
vt 0.312140 0.724311
vt 0.901393 0.185540
vt 0.900774 0.185561
vt 0.900777 0.181050
vt 0.901393 0.180929
vt 0.746018 0.905580
vt 0.745160 0.905496
vt 0.745159 0.901811
vt 0.746018 0.901693
vt 0.907787 0.127316
vt 0.906955 0.127243
vt 0.906950 0.123757
vt 0.907787 0.123616
vt 0.765242 0.611372
vt 0.773931 0.611050
vt 0.773931 0.615820
vt 0.764120 0.615175
vt 0.796092 0.786506
vt 0.796092 0.796277
vt 0.792614 0.796042
vt 0.792105 0.786930
vt 0.155850 0.728968
vt 0.155850 0.742459
vt 0.151972 0.742358
vt 0.151657 0.728850
vt 0.020493 0.714399
vt 0.024870 0.714299
vt 0.024870 0.727877
vt 0.020203 0.727980
vt 0.610647 0.904375
vt 0.610024 0.904318
vt 0.610037 0.900082
vt 0.610647 0.900004
vt 0.383638 0.657607
vt 0.383638 0.672976
vt 0.378281 0.672846
vt 0.377986 0.657420
vt 0.248686 0.790830
vt 0.252081 0.790813
vt 0.252081 0.800584
vt 0.248368 0.800590
vt 0.752435 0.536520
vt 0.752046 0.536629
vt 0.752046 0.514276
vt 0.752435 0.514167
vt 0.755383 0.203282
vt 0.755383 0.180929
vt 0.755772 0.180999
vt 0.755772 0.203352
vt 0.720561 0.650028
vt 0.720561 0.624976
vt 0.720997 0.625057
vt 0.720997 0.650109
vt 0.681780 0.614121
vt 0.681780 0.585651
vt 0.682276 0.585663
vt 0.682276 0.614133
vt 0.370162 0.714839
vt 0.369726 0.715008
vt 0.369726 0.689956
vt 0.370162 0.689787
vt 0.723018 0.454898
vt 0.723018 0.429903
vt 0.723455 0.429905
vt 0.723455 0.454901
vt 0.723947 0.575438
vt 0.723511 0.575440
vt 0.723511 0.550445
vt 0.723947 0.550443
vt 0.490429 0.562964
vt 0.490926 0.562948
vt 0.490926 0.591419
vt 0.490429 0.591434
vt 0.113758 0.107941
vt 0.108188 0.014941
vt 0.113758 0.003852
vt 0.094934 0.205665
vt 0.014674 0.200362
vt 0.094934 0.200362
vt 0.009277 0.119984
vt 0.003852 0.010588
vt 0.009277 0.003852
vt 0.323394 0.326889
vt 0.329395 0.269947
vt 0.329395 0.326889
vt 0.165354 0.113183
vt 0.165354 0.211187
vt 0.160383 0.113436
vt 0.100483 0.115415
vt 0.095363 0.008984
vt 0.100483 0.003852
vt 0.292924 0.186354
vt 0.289208 0.129192
vt 0.292924 0.108252
vt 0.099997 0.192658
vt 0.014674 0.187087
vt 0.099997 0.187087
vt 0.255064 0.092027
vt 0.251703 0.013926
vt 0.255064 0.003852
vt 0.173074 0.206183
vt 0.178645 0.113183
vt 0.178645 0.206183
vt 0.125548 0.160385
vt 0.125548 0.240820
vt 0.120257 0.240470
vt 0.069408 0.113248
vt 0.074833 0.003852
vt 0.074833 0.113248
vt 0.315690 0.326889
vt 0.309688 0.269947
vt 0.315690 0.269947
vt 0.014674 0.166107
vt 0.112552 0.161129
vt 0.112552 0.166107
vt 0.147558 0.110284
vt 0.152678 0.003852
vt 0.152678 0.110284
vt 0.186849 0.333795
vt 0.190565 0.276634
vt 0.190565 0.334933
vt 0.244591 0.199613
vt 0.239021 0.114291
vt 0.244591 0.114291
vt 0.321173 0.081953
vt 0.324534 0.003852
vt 0.324534 0.081953
vt 0.107674 0.173812
vt 0.107674 0.179382
vt 0.014674 0.179382
vt 0.230292 0.003852
vt 0.230292 0.093064
vt 0.224990 0.084112
vt 0.061703 0.113383
vt 0.056285 0.113115
vt 0.061703 0.003852
vt 0.243998 0.003852
vt 0.243998 0.087982
vt 0.237997 0.060794
vt 0.204010 0.003852
vt 0.204010 0.106586
vt 0.199032 0.101729
vt 0.139853 0.110408
vt 0.134738 0.110162
vt 0.139853 0.003852
vt 0.351584 0.188289
vt 0.355299 0.187151
vt 0.355299 0.245449
vt 0.217285 0.003852
vt 0.217285 0.096141
vt 0.211715 0.089175
vt 0.316529 0.178160
vt 0.313171 0.178016
vt 0.316529 0.099987
vt 0.127034 0.003852
vt 0.127034 0.107941
vt 0.121463 0.096852
vt 0.212307 0.123242
vt 0.217610 0.114291
vt 0.217610 0.203502
vt 0.022407 0.003852
vt 0.022407 0.119984
vt 0.016982 0.113248
vt 0.225315 0.141478
vt 0.231316 0.114291
vt 0.231316 0.198420
vt 0.186350 0.008709
vt 0.191327 0.003852
vt 0.191327 0.106587
vt 0.087658 0.003852
vt 0.087658 0.115415
vt 0.082537 0.110284
vt 0.092272 0.213370
vt 0.092272 0.291471
vt 0.088557 0.270531
vt 0.199032 0.121257
vt 0.204603 0.114291
vt 0.204603 0.206580
vt 0.255657 0.114291
vt 0.255657 0.202465
vt 0.252296 0.192391
vt 0.178645 0.003852
vt 0.178645 0.105478
vt 0.173366 0.103049
vt 0.173366 0.003852
vt 0.888557 0.414687
vt 0.888557 0.420258
vt 0.887484 0.420249
vt 0.887484 0.414679
vt 0.397395 0.275067
vt 0.402965 0.273889
vt 0.402965 0.320119
vt 0.397395 0.320119
vt 0.276636 0.186354
vt 0.276636 0.111785
vt 0.281504 0.112035
vt 0.281504 0.186354
vt 0.184888 0.520346
vt 0.184888 0.490315
vt 0.190050 0.490792
vt 0.190050 0.520825
vt 0.429098 0.354008
vt 0.429098 0.420948
vt 0.427935 0.420674
vt 0.427935 0.354005
vt 0.290943 0.522954
vt 0.285781 0.523431
vt 0.285781 0.493414
vt 0.290943 0.492937
vt 0.481975 0.445044
vt 0.476404 0.445392
vt 0.476404 0.408651
vt 0.481975 0.408478
vt 0.506077 0.569608
vt 0.498793 0.570373
vt 0.499268 0.550573
vt 0.506077 0.549858
vt 0.379198 0.232326
vt 0.372995 0.232326
vt 0.375686 0.188861
vt 0.379198 0.187151
vt 0.743542 0.382481
vt 0.743542 0.361213
vt 0.744615 0.361213
vt 0.744615 0.382481
vt 0.890037 0.128976
vt 0.890037 0.123616
vt 0.891109 0.123616
vt 0.891109 0.128976
vt 0.437278 0.570362
vt 0.436803 0.550593
vt 0.444087 0.551356
vt 0.444087 0.571078
vt 0.265419 0.378183
vt 0.262729 0.334718
vt 0.268932 0.334718
vt 0.268932 0.379893
vt 0.592209 0.463676
vt 0.592209 0.501785
vt 0.591167 0.501531
vt 0.591137 0.463693
vt 0.615183 0.160982
vt 0.609783 0.160925
vt 0.609783 0.141048
vt 0.615183 0.140692
vt 0.418521 0.072346
vt 0.418521 0.003856
vt 0.419716 0.003852
vt 0.419716 0.072343
vt 0.324636 0.470644
vt 0.329979 0.470644
vt 0.329979 0.504307
vt 0.324636 0.504307
vt 0.401885 0.004611
vt 0.401885 0.050871
vt 0.396485 0.050871
vt 0.396485 0.003852
vt 0.601008 0.140764
vt 0.602078 0.140692
vt 0.602078 0.176031
vt 0.601053 0.176348
vt 0.146315 0.160385
vt 0.151673 0.160385
vt 0.151673 0.236733
vt 0.146315 0.236903
vt 0.341374 0.083834
vt 0.341374 0.003860
vt 0.342770 0.003852
vt 0.342770 0.083826
vt 0.313468 0.003852
vt 0.313468 0.073760
vt 0.308630 0.073201
vt 0.308630 0.003852
vt 0.453323 0.558347
vt 0.453323 0.595085
vt 0.452297 0.594772
vt 0.452251 0.558326
vt 0.300628 0.108811
vt 0.305467 0.108252
vt 0.305467 0.178160
vt 0.300628 0.178160
vt 0.573045 0.580741
vt 0.573045 0.557205
vt 0.578434 0.557399
vt 0.578434 0.581133
vt 0.520140 0.171810
vt 0.514876 0.172479
vt 0.514876 0.140889
vt 0.520140 0.140219
vt 0.268932 0.264198
vt 0.263362 0.264792
vt 0.263362 0.194059
vt 0.268932 0.194059
vt 0.352911 0.099987
vt 0.352911 0.175580
vt 0.351592 0.175587
vt 0.351592 0.099994
vt 0.160383 0.006282
vt 0.165662 0.003852
vt 0.165662 0.105478
vt 0.160383 0.105478
vt 0.151781 0.627777
vt 0.183306 0.627775
vt 0.183306 0.628847
vt 0.151717 0.628847
vt 0.632934 0.029947
vt 0.634005 0.029891
vt 0.634005 0.061481
vt 0.632932 0.061481
vt 0.368656 0.560829
vt 0.374044 0.560633
vt 0.374044 0.584419
vt 0.368656 0.584419
vt 0.401418 0.541715
vt 0.396018 0.542070
vt 0.396018 0.515410
vt 0.401418 0.514496
vt 0.123282 0.302895
vt 0.127103 0.302297
vt 0.127103 0.347602
vt 0.120257 0.347602
vt 0.052947 0.557159
vt 0.054018 0.557103
vt 0.054018 0.593621
vt 0.052986 0.593914
vt 0.706583 0.267258
vt 0.706583 0.290990
vt 0.705510 0.290990
vt 0.705512 0.267204
vt 0.065941 0.466754
vt 0.065940 0.428645
vt 0.071089 0.429247
vt 0.071089 0.467365
vt 0.429631 0.340663
vt 0.428471 0.340666
vt 0.428470 0.274227
vt 0.429631 0.273889
vt 0.481693 0.489615
vt 0.476404 0.490048
vt 0.476404 0.453530
vt 0.481693 0.453097
vt 0.581018 0.175874
vt 0.575629 0.176266
vt 0.575629 0.152480
vt 0.581018 0.152284
vt 0.327085 0.194139
vt 0.327085 0.262001
vt 0.322238 0.261435
vt 0.325910 0.194059
vt 0.309688 0.194622
vt 0.314533 0.194059
vt 0.314533 0.262168
vt 0.313354 0.262242
vt 0.596822 0.407921
vt 0.597894 0.407897
vt 0.597894 0.444345
vt 0.596822 0.444345
vt 0.623886 0.514238
vt 0.624956 0.514167
vt 0.624956 0.546990
vt 0.623883 0.546990
vt 0.309612 0.435589
vt 0.309581 0.434219
vt 0.348397 0.433339
vt 0.348397 0.439114
vt 0.513048 0.635415
vt 0.511976 0.635415
vt 0.511976 0.605399
vt 0.513048 0.605382
vt 0.440706 0.003996
vt 0.446334 0.003852
vt 0.446334 0.044156
vt 0.440559 0.044217
vt 0.643095 0.544197
vt 0.643095 0.514167
vt 0.644168 0.514181
vt 0.644168 0.544198
vt 0.746857 0.860113
vt 0.746857 0.866949
vt 0.745159 0.866942
vt 0.745159 0.860106
vt 0.071367 0.475164
vt 0.071367 0.508358
vt 0.065940 0.508265
vt 0.065940 0.475070
vt 0.478175 0.273964
vt 0.478175 0.311013
vt 0.472605 0.310938
vt 0.472605 0.273889
vt 0.356597 0.897401
vt 0.356597 0.892563
vt 0.357670 0.892563
vt 0.357670 0.897401
vt 0.388426 0.354764
vt 0.393827 0.354005
vt 0.393827 0.401024
vt 0.388426 0.401024
vt 0.857390 0.406360
vt 0.857390 0.397712
vt 0.858462 0.397712
vt 0.858462 0.406360
vt 0.882105 0.321398
vt 0.882105 0.315397
vt 0.883178 0.315397
vt 0.883178 0.321398
vt 0.406874 0.355255
vt 0.406874 0.400554
vt 0.401531 0.400554
vt 0.401531 0.354005
vt 0.415273 0.594984
vt 0.415273 0.614893
vt 0.409873 0.614951
vt 0.409873 0.594626
vt 0.291556 0.401039
vt 0.291556 0.441342
vt 0.285928 0.441198
vt 0.285781 0.400977
vt 0.304436 0.513460
vt 0.304436 0.540154
vt 0.299035 0.539797
vt 0.299035 0.512546
vt 0.268931 0.114374
vt 0.268931 0.186354
vt 0.263421 0.182310
vt 0.263362 0.114291
vt 0.422978 0.584570
vt 0.422978 0.561031
vt 0.428366 0.561032
vt 0.428366 0.584764
vt 0.257742 0.465009
vt 0.257742 0.497762
vt 0.252192 0.497170
vt 0.252191 0.464427
vt 0.409590 0.074081
vt 0.409590 0.003857
vt 0.410816 0.003852
vt 0.410816 0.074076
vt 0.414580 0.489303
vt 0.414579 0.453728
vt 0.420146 0.454126
vt 0.420146 0.489711
vt 0.777204 0.709488
vt 0.778276 0.709460
vt 0.778276 0.726882
vt 0.777204 0.726882
vt 0.777453 0.567831
vt 0.777453 0.550443
vt 0.778525 0.550443
vt 0.778525 0.567861
vt 0.889631 0.813356
vt 0.889631 0.807956
vt 0.890704 0.807956
vt 0.890704 0.813356
vt 0.889965 0.827606
vt 0.891037 0.827606
vt 0.891037 0.832964
vt 0.889965 0.832964
vt 0.888978 0.688932
vt 0.887906 0.688932
vt 0.887906 0.683362
vt 0.888978 0.683362
vt 0.004045 0.878643
vt 0.004045 0.871797
vt 0.005118 0.871797
vt 0.005118 0.878643
vt 0.217848 0.885552
vt 0.217848 0.890940
vt 0.216776 0.890939
vt 0.216776 0.885551
vt 0.094992 0.578717
vt 0.112382 0.578335
vt 0.112382 0.586136
vt 0.094994 0.586041
vt 0.263362 0.272546
vt 0.268932 0.272496
vt 0.268932 0.326915
vt 0.263362 0.327013
vt 0.396925 0.145039
vt 0.396925 0.099987
vt 0.402495 0.099987
vt 0.402495 0.146217
vt 0.342500 0.266174
vt 0.342500 0.187151
vt 0.343879 0.187161
vt 0.343879 0.266184
vt 0.020203 0.662030
vt 0.048046 0.662030
vt 0.048046 0.663102
vt 0.020203 0.663102
vt 0.707190 0.118172
vt 0.706119 0.118223
vt 0.706117 0.094437
vt 0.707190 0.094437
vt 0.712050 0.300365
vt 0.713122 0.300314
vt 0.713122 0.323903
vt 0.712049 0.323904
vt 0.599547 0.375035
vt 0.599547 0.338784
vt 0.600619 0.338784
vt 0.600619 0.375058
vt 0.392314 0.187315
vt 0.392314 0.234284
vt 0.386903 0.234284
vt 0.386903 0.187151
vt 0.383809 0.100150
vt 0.389220 0.099987
vt 0.389220 0.147120
vt 0.383809 0.147120
vt 0.337684 0.504307
vt 0.337684 0.470644
vt 0.343027 0.470644
vt 0.343027 0.504307
vt 0.874239 0.700835
vt 0.874239 0.699763
vt 0.879667 0.699763
vt 0.879667 0.700835
vt 0.888759 0.083369
vt 0.887687 0.083369
vt 0.887687 0.077798
vt 0.888759 0.077798
vt 0.433582 0.099990
vt 0.433582 0.166497
vt 0.432426 0.166260
vt 0.432426 0.099987
vt 0.597597 0.223718
vt 0.596525 0.223741
vt 0.596573 0.187467
vt 0.597597 0.187151
vt 0.361476 0.403453
vt 0.356133 0.403453
vt 0.356133 0.358154
vt 0.361476 0.356905
vt 0.107788 0.480034
vt 0.102639 0.480637
vt 0.102639 0.442799
vt 0.107788 0.442196
vt 0.052548 0.215307
vt 0.057877 0.213370
vt 0.057877 0.282718
vt 0.052548 0.282718
vt 0.593903 0.071953
vt 0.593942 0.035206
vt 0.594974 0.035499
vt 0.594974 0.072017
vt 0.891955 0.320675
vt 0.890883 0.320678
vt 0.890883 0.315399
vt 0.891955 0.315397
vt 0.231408 0.885210
vt 0.232481 0.885209
vt 0.232481 0.890611
vt 0.231408 0.890612
vt 0.213743 0.311467
vt 0.214960 0.311467
vt 0.214960 0.381176
vt 0.213315 0.381163
vt 0.370273 0.722731
vt 0.370273 0.728208
vt 0.369201 0.728207
vt 0.369201 0.722729
vt 0.139544 0.493042
vt 0.133977 0.493451
vt 0.133977 0.458112
vt 0.139544 0.457703
vt 0.181296 0.885282
vt 0.180223 0.885284
vt 0.180223 0.879474
vt 0.181296 0.879472
vt 0.418442 0.084481
vt 0.418442 0.092282
vt 0.401025 0.091900
vt 0.401025 0.084576
vt 0.239021 0.279846
vt 0.239021 0.207318
vt 0.244199 0.207549
vt 0.244199 0.279846
vt 0.887549 0.514167
vt 0.888621 0.514167
vt 0.888621 0.519738
vt 0.887549 0.519738
vt 0.887434 0.623525
vt 0.888507 0.623525
vt 0.888507 0.629106
vt 0.887434 0.629106
vt 0.887474 0.237687
vt 0.887474 0.232085
vt 0.888546 0.232085
vt 0.888546 0.237687
vt 0.506099 0.099987
vt 0.507171 0.099987
vt 0.507171 0.154403
vt 0.506099 0.154406
vt 0.501750 0.035206
vt 0.501750 0.089669
vt 0.500677 0.089665
vt 0.500677 0.035206
vt 0.427421 0.091219
vt 0.427421 0.054471
vt 0.432711 0.054893
vt 0.432711 0.091649
vt 0.410644 0.253808
vt 0.408979 0.253810
vt 0.409480 0.187151
vt 0.410644 0.187159
vt 0.138610 0.160385
vt 0.138610 0.236903
vt 0.133253 0.236732
vt 0.133252 0.160385
vt 0.591842 0.376904
vt 0.590769 0.376889
vt 0.590803 0.339050
vt 0.591842 0.338784
vt 0.268339 0.075842
vt 0.262769 0.075926
vt 0.262828 0.007896
vt 0.268339 0.003852
vt 0.123587 0.893733
vt 0.123587 0.888555
vt 0.124659 0.888555
vt 0.124659 0.893733
vt 0.533436 0.026152
vt 0.544056 0.026152
vt 0.544056 0.027224
vt 0.533436 0.027224
vt 0.890323 0.139006
vt 0.890323 0.140079
vt 0.885449 0.140079
vt 0.885449 0.139006
vt 0.271292 0.899077
vt 0.272364 0.899077
vt 0.272364 0.902944
vt 0.271292 0.902944
vt 0.854465 0.003852
vt 0.854465 0.012772
vt 0.853392 0.012772
vt 0.853392 0.003852
vt 0.616178 0.514167
vt 0.616178 0.547830
vt 0.615106 0.547830
vt 0.615106 0.514167
vt 0.889968 0.366625
vt 0.888895 0.366625
vt 0.888895 0.361213
vt 0.889968 0.361213
vt 0.067864 0.146629
vt 0.067864 0.152199
vt 0.013446 0.152199
vt 0.013396 0.146629
vt 0.108209 0.278800
vt 0.108209 0.333264
vt 0.102639 0.333215
vt 0.102639 0.278800
vt 0.159976 0.233082
vt 0.204682 0.230056
vt 0.204682 0.236903
vt 0.159377 0.236903
vt 0.673792 0.361920
vt 0.673792 0.334701
vt 0.674864 0.334700
vt 0.674864 0.361951
vt 0.225021 0.104294
vt 0.263807 0.100769
vt 0.263807 0.106543
vt 0.224990 0.105663
vt 0.088083 0.497190
vt 0.082533 0.497780
vt 0.082533 0.464957
vt 0.088083 0.464367
vt 0.184888 0.482610
vt 0.184888 0.446161
vt 0.190458 0.446337
vt 0.190458 0.482610
vt 0.872174 0.140079
vt 0.872174 0.139006
vt 0.877745 0.139006
vt 0.877745 0.140079
vt 0.312171 0.745599
vt 0.331946 0.745599
vt 0.331946 0.746671
vt 0.312140 0.746671
vt 0.108209 0.200362
vt 0.108209 0.271095
vt 0.102639 0.270502
vt 0.102639 0.200362
vt 0.276043 0.003852
vt 0.280911 0.003852
vt 0.280911 0.078172
vt 0.276044 0.078422
vt 0.477901 0.137037
vt 0.472332 0.137112
vt 0.472332 0.100062
vt 0.477901 0.099987
vt 0.755343 0.643402
vt 0.755343 0.623525
vt 0.756415 0.623525
vt 0.756415 0.643435
vt 0.750377 0.061543
vt 0.751449 0.061509
vt 0.751449 0.081833
vt 0.750376 0.081833
vt 0.830852 0.442312
vt 0.830852 0.429903
vt 0.831925 0.429903
vt 0.831925 0.442312
vt 0.888257 0.380830
vt 0.888257 0.386460
vt 0.887184 0.386460
vt 0.887184 0.380830
vt 0.891498 0.655173
vt 0.891498 0.660516
vt 0.890426 0.660516
vt 0.890426 0.655173
vt 0.888417 0.288851
vt 0.888417 0.283397
vt 0.889490 0.283397
vt 0.889490 0.288851
vt 0.004045 0.886348
vt 0.005118 0.886348
vt 0.005118 0.891691
vt 0.004045 0.891691
vt 0.868418 0.716582
vt 0.868418 0.708780
vt 0.869490 0.708780
vt 0.869490 0.716582
vt 0.887951 0.550443
vt 0.889023 0.550443
vt 0.889023 0.556013
vt 0.887951 0.556013
vt 0.866617 0.224278
vt 0.860923 0.224278
vt 0.860923 0.223206
vt 0.866617 0.223206
vt 0.231408 0.898317
vt 0.232481 0.898317
vt 0.232481 0.902223
vt 0.231408 0.902223
vt 0.313640 0.886329
vt 0.313640 0.891658
vt 0.312568 0.891658
vt 0.312568 0.886329
vt 0.343797 0.883384
vt 0.343797 0.888955
vt 0.342725 0.888955
vt 0.342725 0.883384
vt 0.784424 0.647195
vt 0.784424 0.647459
vt 0.783352 0.647459
vt 0.783352 0.647195
vt 0.879750 0.224278
vt 0.874321 0.224278
vt 0.874321 0.223206
vt 0.879750 0.223206
vt 0.845364 0.094437
vt 0.845364 0.104841
vt 0.844291 0.104841
vt 0.844291 0.094437
vt 0.897398 0.514167
vt 0.897398 0.519034
vt 0.896326 0.519034
vt 0.896326 0.514167
vt 0.557414 0.407897
vt 0.557414 0.452704
vt 0.556342 0.452704
vt 0.556342 0.407897
vt 0.066176 0.517514
vt 0.021126 0.517514
vt 0.021126 0.516442
vt 0.066176 0.516442
vt 0.446133 0.179447
vt 0.399874 0.179447
vt 0.399874 0.178374
vt 0.446133 0.178374
vt 0.446782 0.354005
vt 0.446782 0.418362
vt 0.445659 0.418364
vt 0.445659 0.354007
vt 0.420765 0.273889
vt 0.420765 0.341577
vt 0.419584 0.341581
vt 0.419584 0.273892
vt 0.493975 0.878855
vt 0.492902 0.878855
vt 0.492902 0.872009
vt 0.493975 0.872009
vt 0.877478 0.300314
vt 0.877478 0.307269
vt 0.876405 0.307269
vt 0.876405 0.300314
vt 0.887712 0.469247
vt 0.887712 0.463676
vt 0.888784 0.463676
vt 0.888784 0.469247
vt 0.737317 0.885113
vt 0.737317 0.886185
vt 0.731903 0.886185
vt 0.731903 0.885113
vt 0.429007 0.483119
vt 0.427935 0.483119
vt 0.427935 0.428656
vt 0.429007 0.428652
vt 0.301039 0.293002
vt 0.301039 0.367039
vt 0.299746 0.367045
vt 0.299746 0.293008
vt 0.003852 0.325245
vt 0.003852 0.240770
vt 0.005327 0.240761
vt 0.005327 0.325235
vt 0.253581 0.382794
vt 0.252296 0.382787
vt 0.252296 0.309181
vt 0.253581 0.309188
vt 0.410670 0.265111
vt 0.467607 0.265112
vt 0.467607 0.266184
vt 0.410670 0.266184
vt 0.276637 0.348678
vt 0.276637 0.271128
vt 0.277990 0.271120
vt 0.277990 0.348671
vt 0.907793 0.433263
vt 0.907793 0.429903
vt 0.908866 0.429903
vt 0.908866 0.433263
vt 0.436803 0.419931
vt 0.436803 0.354007
vt 0.437954 0.354005
vt 0.437954 0.419929
vt 0.589545 0.895194
vt 0.588472 0.895194
vt 0.588472 0.890074
vt 0.589545 0.890074
vt 0.444994 0.252429
vt 0.444994 0.187154
vt 0.446133 0.187151
vt 0.446133 0.252427
vt 0.890703 0.763721
vt 0.891776 0.763721
vt 0.891776 0.769024
vt 0.890703 0.769024
vt 0.887730 0.729687
vt 0.886658 0.729687
vt 0.886658 0.724017
vt 0.887730 0.724017
vt 0.888359 0.207277
vt 0.889431 0.207277
vt 0.889431 0.212847
vt 0.888359 0.212847
vt 0.531083 0.082339
vt 0.531083 0.035206
vt 0.532156 0.035206
vt 0.532156 0.082339
vt 0.427250 0.254730
vt 0.427250 0.187155
vt 0.428429 0.187151
vt 0.428429 0.254727
vt 0.324234 0.182792
vt 0.324234 0.099996
vt 0.325679 0.099987
vt 0.325679 0.182783
vt 0.333669 0.003852
vt 0.333669 0.085840
vt 0.332239 0.085849
vt 0.332239 0.003861
vt 0.040881 0.268008
vt 0.040881 0.346080
vt 0.039518 0.346071
vt 0.039518 0.267998
vt 0.400019 0.259054
vt 0.400019 0.187157
vt 0.401274 0.187151
vt 0.401274 0.259049
vt 0.388426 0.346300
vt 0.388426 0.273894
vt 0.389690 0.273889
vt 0.389690 0.346295
vt 0.418348 0.187151
vt 0.419545 0.187156
vt 0.419545 0.255723
vt 0.418348 0.255718
vt 0.544879 0.509905
vt 0.544879 0.463676
vt 0.545952 0.463676
vt 0.545952 0.509905
vt 0.357447 0.273889
vt 0.357447 0.349193
vt 0.356133 0.349200
vt 0.356133 0.273895
vt 0.551537 0.393206
vt 0.511231 0.393206
vt 0.511231 0.392133
vt 0.551537 0.392134
vt 0.574270 0.099987
vt 0.574270 0.140208
vt 0.573197 0.140208
vt 0.573197 0.099987
vt 0.410670 0.343166
vt 0.410670 0.273893
vt 0.411879 0.273889
vt 0.411879 0.343162
vt 0.411409 0.099987
vt 0.411409 0.169260
vt 0.410200 0.169264
vt 0.410200 0.099991
vt 0.299746 0.440290
vt 0.299746 0.374752
vt 0.300890 0.374750
vt 0.300890 0.440288
vt 0.762527 0.576502
vt 0.762527 0.577574
vt 0.758642 0.577574
vt 0.758642 0.576502
vt 0.890728 0.029493
vt 0.891800 0.029493
vt 0.891800 0.034799
vt 0.890728 0.034799
vt 0.601827 0.309465
vt 0.601871 0.273889
vt 0.602896 0.274204
vt 0.602896 0.309544
vt 0.677315 0.463711
vt 0.678387 0.463676
vt 0.678387 0.490371
vt 0.677314 0.490371
vt 0.804870 0.890644
vt 0.804870 0.895622
vt 0.803797 0.895622
vt 0.803797 0.890644
vt 0.274935 0.554804
vt 0.276007 0.554804
vt 0.276007 0.591852
vt 0.274935 0.591852
vt 0.173574 0.331098
vt 0.173574 0.276634
vt 0.179145 0.276733
vt 0.179145 0.331147
vt 0.757652 0.429931
vt 0.758724 0.429903
vt 0.758724 0.449652
vt 0.757651 0.449652
vt 0.243808 0.482719
vt 0.238238 0.482895
vt 0.238238 0.446469
vt 0.243808 0.446469
vt 0.389246 0.889128
vt 0.389246 0.883557
vt 0.390318 0.883557
vt 0.390318 0.889128
vt 0.886991 0.778244
vt 0.881649 0.778244
vt 0.881649 0.777172
vt 0.886991 0.777172
vt 0.884678 0.505389
vt 0.884678 0.506462
vt 0.879254 0.506462
vt 0.879254 0.505389
vt 0.014643 0.897042
vt 0.014643 0.892172
vt 0.015716 0.892172
vt 0.015716 0.897042
vt 0.881259 0.129819
vt 0.881259 0.123616
vt 0.882332 0.123616
vt 0.882332 0.129819
vt 0.590264 0.588237
vt 0.591337 0.588237
vt 0.591337 0.621431
vt 0.590264 0.621431
vt 0.593050 0.310936
vt 0.593050 0.273889
vt 0.594122 0.273889
vt 0.594122 0.310936
vt 0.503527 0.338784
vt 0.503527 0.393206
vt 0.502454 0.393202
vt 0.502454 0.338784
vt 0.521834 0.274552
vt 0.521834 0.306086
vt 0.516570 0.305415
vt 0.516569 0.273889
vt 0.437289 0.253541
vt 0.436135 0.253544
vt 0.436134 0.187448
vt 0.437289 0.187151
vt 0.711785 0.648513
vt 0.711784 0.624976
vt 0.712856 0.624976
vt 0.712856 0.648567
vt 0.134213 0.611168
vt 0.166957 0.611165
vt 0.166957 0.612238
vt 0.134134 0.612238
vt 0.070910 0.213370
vt 0.070910 0.282718
vt 0.065582 0.280781
vt 0.065582 0.213370
vt 0.225315 0.206343
vt 0.230494 0.206125
vt 0.230494 0.278909
vt 0.225315 0.278908
vt 0.442427 0.099987
vt 0.442427 0.165263
vt 0.441287 0.165265
vt 0.441287 0.099989
vt 0.438482 0.273889
vt 0.438482 0.339535
vt 0.437336 0.339538
vt 0.437336 0.273891
vt 0.807210 0.321329
vt 0.814459 0.321329
vt 0.814459 0.322402
vt 0.807210 0.322402
vt 0.585345 0.273889
vt 0.585345 0.312834
vt 0.584272 0.312834
vt 0.584272 0.273889
vt 0.159049 0.507447
vt 0.159049 0.552620
vt 0.157976 0.552620
vt 0.157976 0.507447
vt 0.120257 0.572556
vt 0.159083 0.572556
vt 0.159083 0.573629
vt 0.120257 0.573629
vt 0.540078 0.407897
vt 0.540078 0.454447
vt 0.539006 0.454447
vt 0.539006 0.407897
vt 0.214387 0.388880
vt 0.214387 0.447176
vt 0.213315 0.447176
vt 0.213315 0.388880
vt 0.429007 0.490824
vt 0.429007 0.537794
vt 0.427935 0.537794
vt 0.427935 0.490824
vt 0.334795 0.099987
vt 0.334795 0.180856
vt 0.333384 0.180864
vt 0.333384 0.099995
vt 0.343887 0.099987
vt 0.343887 0.179439
vt 0.342500 0.179447
vt 0.342500 0.099995
vt 0.536102 0.510694
vt 0.536102 0.463676
vt 0.537174 0.463676
vt 0.537174 0.510694
vt 0.672543 0.890580
vt 0.671470 0.890582
vt 0.671470 0.885181
vt 0.672543 0.885180
vt 0.312140 0.513842
vt 0.357443 0.513842
vt 0.357443 0.514915
vt 0.312140 0.514915
vt 0.134808 0.347596
vt 0.134808 0.302297
vt 0.135880 0.302297
vt 0.135880 0.347596
vt 0.553657 0.557715
vt 0.553657 0.514167
vt 0.554729 0.514167
vt 0.554729 0.557715
vt 0.231408 0.987729
vt 0.231408 0.986359
vt 0.232481 0.986359
vt 0.232481 0.987729
vt 0.879066 0.480242
vt 0.873579 0.480242
vt 0.873579 0.479169
vt 0.879066 0.479169
vt 0.477055 0.223600
vt 0.477055 0.187151
vt 0.482625 0.187504
vt 0.482625 0.223777
vt 0.442231 0.508508
vt 0.436803 0.508602
vt 0.436803 0.475407
vt 0.442231 0.475314
vt 0.616125 0.187151
vt 0.617198 0.187151
vt 0.617198 0.220815
vt 0.616125 0.220815
vt 0.878451 0.893464
vt 0.877378 0.893464
vt 0.877378 0.888281
vt 0.878451 0.888281
vt 0.623960 0.140692
vt 0.623960 0.173887
vt 0.622888 0.173887
vt 0.622888 0.140692
vn -0.2825 -0.9208 0.2691
vn 0.0096 1.0000 0.0015
vn 0.0199 0.9998 0.0036
vn 0.0177 0.9998 -0.0037
vn -0.0171 -0.9997 -0.0160
vn -0.0221 -0.9997 -0.0080
vn -0.0144 -0.9998 -0.0105
vn 0.0170 0.9998 0.0069
vn 0.0111 0.9999 -0.0024
vn 0.0129 0.9999 0.0041
vn 0.0087 0.9999 -0.0049
vn 0.0162 0.9999 -0.0059
vn 0.0142 0.9999 -0.0057
vn 0.0127 0.9997 -0.0187
vn 0.3265 0.9224 -0.2066
vn 0.3446 0.9091 -0.2339
vn 0.3355 0.9029 -0.2686
vn 0.2745 0.9088 -0.3141
vn 0.2425 0.9125 -0.3293
vn -0.3485 -0.9103 0.2233
vn -0.3223 -0.9241 0.2052
vn -0.2928 -0.9376 0.1875
vn 0.9573 0.1762 -0.2291
vn -0.2086 -0.9333 0.2924
vn -0.2298 -0.9201 0.3171
vn -0.2651 -0.9097 0.3196
vn 0.3011 0.9285 -0.2174
vn 0.3329 0.9168 -0.2205
vn -0.3357 -0.9074 0.2528
vn -0.3342 -0.9166 0.2192
vn 0.2531 0.9064 -0.3383
vn 0.2312 0.9202 -0.3159
vn 0.2582 0.9207 -0.2927
vn -0.0128 -0.9997 -0.0193
vn -0.0058 -1.0000 -0.0004
vn -0.0105 -0.9999 -0.0044
vn -0.0148 -0.9999 -0.0046
vn -0.0156 -0.9999 -0.0005
vn -0.0136 -0.9999 0.0029
vn -0.0083 -1.0000 0.0021
vn -0.2393 -0.9313 0.2747
vn -0.2178 -0.9276 0.3034
vn 0.0112 0.9999 0.0063
vn 0.0147 0.9998 0.0108
vn 0.0222 0.9997 0.0083
vn -0.0224 -0.9997 0.0006
vn -0.0121 -0.9999 -0.0023
vn -0.0201 -0.9998 -0.0036
vn 0.0128 0.9997 0.0190
vn 0.0077 1.0000 -0.0007
vn 0.0154 0.9999 0.0019
vn 0.0144 0.9999 -0.0027
vn 0.0205 0.9998 -0.0001
vn 0.0101 0.9999 -0.0019
vn 0.0103 0.9999 0.0040
vn 0.2168 0.9261 -0.3087
vn 0.2708 0.8984 -0.3457
vn 0.2425 0.9126 -0.3293
vn 0.3525 0.9032 -0.2448
vn 0.2987 0.9290 -0.2186
vn -0.3110 -0.9298 0.1969
vn -0.3070 -0.9199 0.2440
vn -0.0063 -1.0000 0.0001
vn -0.0152 -0.9999 0.0038
vn -0.0107 -0.9999 0.0019
vn -0.0061 -0.9999 0.0145
vn -0.0099 -0.9997 0.0219
vn -0.0127 -0.9997 0.0191
vn -0.0127 -0.9999 0.0106
vn -0.0141 -0.9999 0.0054
vn -0.0160 -0.9998 0.0073
vn 0.7172 0.2532 -0.6492
vn -0.1421 -0.9896 -0.0237
vn -0.1151 -0.9931 -0.0210
vn -0.0913 -0.9958 0.0119
vn 0.0397 0.9991 -0.0153
vn 0.0890 0.9959 -0.0169
vn 0.0974 0.9941 -0.0468
vn 0.1119 0.9930 -0.0371
vn 0.0702 0.9969 -0.0366
vn 0.0789 0.9968 -0.0157
vn 0.0515 0.9966 -0.0646
vn -0.1016 -0.9925 -0.0686
vn -0.0598 -0.9961 0.0646
vn -0.0727 -0.9969 0.0315
vn -0.0909 -0.9956 0.0241
vn -0.0836 -0.9959 0.0345
vn -0.0666 -0.9975 0.0250
vn -0.0499 -0.9979 0.0405
vn 0.0269 0.9922 -0.1219
vn 0.1008 0.9927 0.0666
vn 0.0623 0.9967 -0.0521
vn 0.0821 0.9962 -0.0305
vn 0.0682 0.9972 -0.0306
vn -0.0335 -0.9993 0.0179
vn -0.0831 -0.9954 0.0473
vn -0.0761 -0.9965 0.0344
vn -0.0255 -0.9918 0.1254
vn -0.0429 -0.9957 0.0825
vn -0.0649 -0.9960 0.0612
vn -0.0516 -0.9966 0.0640
vn 0.1040 0.9935 -0.0456
vn 0.0645 0.9967 -0.0495
vn 0.0728 0.9969 -0.0312
vn 0.3245 0.9086 -0.2630
vn 0.2981 -0.6129 -0.7317
vn -0.2361 -0.9136 0.3310
vn -0.2277 -0.9359 0.2687
vn -0.2179 -0.9276 0.3034
vn 0.2795 0.9276 -0.2480
vn 0.2653 0.9357 -0.2326
vn -0.1193 -0.9911 0.0584
vn -0.0762 -0.9970 0.0161
vn -0.0862 -0.9961 0.0162
vn 0.0911 0.9952 -0.0368
vn 0.0913 0.9958 -0.0118
vn 0.1179 0.9930 0.0008
vn -0.9079 0.4163 0.0487
vn -0.4098 0.9110 0.0465
vn -0.8532 0.4468 0.2690
vn 0.9391 0.3418 -0.0359
vn 0.4098 0.9110 -0.0465
vn 0.8880 0.3648 -0.2801
vn -0.0024 0.9999 0.0109
vn 0.0022 1.0000 0.0084
vn 0.0019 1.0000 0.0041
vn 0.0022 1.0000 -0.0034
vn 0.9447 -0.1992 -0.2605
vn -0.9091 -0.1354 -0.3940
vn -0.2449 -0.1720 -0.9542
vn 0.9893 0.0929 -0.1123
vn 0.9842 0.1382 -0.1106
vn 0.9840 0.1382 -0.1128
vn 0.6871 0.3301 0.6473
vn 0.4853 0.2979 0.8221
vn 0.2452 0.9028 0.3534
vn -0.0034 -1.0000 0.0049
vn -0.0016 -0.9999 0.0114
vn -0.0044 -0.9999 0.0126
vn -0.0078 -0.9999 0.0122
vn -0.6381 0.4739 -0.6068
vn -0.4636 0.4488 -0.7640
vn -0.2452 0.9028 -0.3533
vn -0.4219 0.2682 0.8661
vn 0.6038 -0.3770 -0.7023
vn 0.2996 0.9043 -0.3042
vn 0.3216 0.9076 -0.2699
vn 0.3113 0.9056 -0.2881
vn -0.0143 -0.9998 0.0144
vn -0.0155 -0.9998 0.0107
vn -0.0117 -0.9999 0.0089
vn -0.0087 -0.9999 0.0111
vn 0.7394 -0.3028 -0.6014
vn -0.6314 0.3516 -0.6912
vn -0.4294 0.3471 -0.8337
vn -0.2638 0.8865 -0.3801
vn 0.4570 -0.1413 0.8782
vn -0.8456 0.4459 -0.2935
vn -0.2760 -0.0520 -0.9598
vn -0.5679 0.0883 -0.8183
vn -0.5644 0.1315 -0.8150
vn -0.5662 0.1315 -0.8137
vn -0.9893 0.0929 0.1123
vn -0.9842 0.1382 0.1106
vn -0.9840 0.1382 0.1128
vn 0.6716 -0.1942 -0.7150
vn 0.2742 0.9167 -0.2907
vn 0.2789 0.9089 -0.3100
vn 0.2560 0.9226 -0.2885
vn -0.9927 0.0000 0.1207
vn -0.0076 -0.9999 -0.0096
vn 0.0040 -1.0000 -0.0057
vn -0.0070 -1.0000 -0.0050
vn -0.0026 -1.0000 -0.0080
vn -0.8948 0.0291 -0.4455
vn 0.6243 0.7649 -0.1588
vn 0.4544 0.4349 -0.7774
vn 0.1730 0.8863 -0.4296
vn 0.2476 0.4318 -0.8673
vn -0.4889 0.3632 0.7931
vn -0.1730 0.8863 0.4296
vn -0.2678 0.3413 0.9010
vn -0.0388 -0.9972 -0.0636
vn 0.0155 -0.9990 -0.0426
vn -0.0243 -0.9995 -0.0201
vn -0.0695 0.9400 -0.3342
vn -0.4266 0.3397 0.8382
vn -0.1609 0.9026 0.3994
vn -0.1809 0.3696 0.9114
vn -0.9867 -0.0837 0.1395
vn -0.9470 -0.1600 -0.2784
vn -0.6739 -0.1648 -0.7202
vn 0.4232 0.4223 -0.8016
vn 0.1609 0.9026 -0.3994
vn 0.1902 0.4333 -0.8810
vn -0.3694 0.1313 0.9199
vn -0.3722 0.0882 0.9240
vn -0.3715 0.1313 0.9191
vn 0.8093 -0.5839 0.0635
vn 0.3694 0.1313 -0.9199
vn 0.3722 0.0882 -0.9240
vn 0.3716 0.1313 -0.9191
vn -0.2908 -0.9244 0.2470
vn -0.3186 -0.9202 0.2276
vn -0.2855 -0.9311 0.2271
vn -0.6778 -0.1515 0.7195
vn -0.2390 -0.1525 0.9590
vn 0.2408 -0.1611 0.9571
vn 0.9521 -0.2828 -0.1161
vn -0.7718 -0.0558 0.6334
vn 0.1429 0.7872 -0.5999
vn -0.3704 -0.2043 -0.9061
vn -0.0389 -0.9958 0.0834
vn -0.0040 -0.9964 0.0845
vn -0.0081 -0.9988 0.0491
vn 0.3679 0.1530 -0.9172
vn 0.3717 0.1014 -0.9228
vn 0.3708 0.1530 -0.9160
vn -0.3679 0.1530 0.9172
vn -0.3717 0.1014 0.9228
vn -0.3708 0.1530 0.9160
vn -0.3157 -0.9115 0.2637
vn -0.3311 -0.9121 0.2417
vn -0.3005 -0.9251 0.2319
vn 0.1205 -0.0978 0.9879
vn -0.9497 0.3109 -0.0374
vn -0.4414 0.8959 0.0501
vn -0.9326 0.2976 0.2042
vn 0.2593 0.9258 -0.2752
vn 0.2539 0.9239 -0.2864
vn 0.2388 0.9335 -0.2676
vn 0.9495 -0.2127 0.2307
vn 0.5672 0.1015 0.8173
vn 0.5623 0.1532 0.8126
vn 0.5648 0.1532 0.8109
vn 0.0035 0.9998 -0.0178
vn -0.0003 1.0000 -0.0054
vn 0.0045 0.9999 -0.0102
vn 0.0016 0.9999 -0.0114
vn 0.5928 0.4273 0.6826
vn 0.4026 0.4407 0.8023
vn 0.2638 0.8865 0.3801
vn -0.0043 0.9999 -0.0113
vn 0.0090 0.9969 -0.0783
vn -0.0114 0.9986 -0.0525
vn 0.0285 0.1014 0.9944
vn 0.3063 0.9190 -0.2482
vn 0.3121 0.9238 -0.2219
vn 0.3370 0.9097 -0.2427
vn -0.2609 -0.9254 0.2750
vn -0.2424 -0.9325 0.2678
vn -0.2617 -0.9193 0.2939
vn 0.2853 0.9143 -0.2875
vn 0.2973 0.9061 -0.3011
vn 0.2778 0.9096 -0.3090
vn 0.0021 -0.1390 0.9903
vn 0.8747 0.4840 0.0243
vn 0.4414 0.8959 -0.0501
vn 0.8614 0.4750 -0.1801
vn -0.2579 -0.9216 0.2900
vn -0.2258 -0.9284 0.2950
vn -0.2513 -0.9147 0.3164
vn -0.3063 -0.9150 0.2625
vn -0.3270 -0.9056 0.2700
vn -0.3116 -0.9165 0.2508
vn -0.2858 -0.9133 0.2903
vn -0.2775 -0.9075 0.3154
vn -0.2996 -0.9036 0.3060
vn -0.2648 -0.9357 0.2334
vn -0.2530 -0.9347 0.2496
vn -0.2426 -0.9324 0.2678
vn 0.0472 -0.9963 0.0719
vn 0.0111 -0.9986 0.0525
vn 0.0429 -0.9978 0.0503
vn 0.2912 0.9246 -0.2454
vn 0.2858 0.9319 -0.2234
vn 0.3113 0.9228 -0.2272
vn 0.2868 0.9316 -0.2234
vn 0.2674 0.9295 -0.2541
vn 0.2652 0.9357 -0.2326
vn -0.0553 -0.9984 0.0136
vn -0.0553 -0.9985 0.0046
vn -0.0235 -0.9995 -0.0223
vn -0.0482 0.9963 -0.0718
vn -0.0355 0.9990 -0.0281
vn -0.0121 0.9986 -0.0524
vn -0.0073 1.0000 -0.0041
vn -0.0006 1.0000 -0.0041
vn 0.0034 1.0000 -0.0025
vn -0.0064 0.9999 -0.0096
vn 0.3354 -0.2866 -0.8974
vn 0.0100 0.9999 0.0109
vn 0.0141 0.9999 0.0037
vn 0.0104 0.9999 0.0019
vn 0.0053 0.9999 0.0108
vn 0.0385 0.9971 0.0659
vn 0.0236 0.9995 0.0221
vn -0.0116 0.9999 0.0031
vn 0.8825 -0.2273 0.4117
vn -0.0219 -0.9935 0.1117
vn -0.0098 -0.9966 0.0820
vn 0.0110 -0.9973 0.0723
vn 0.0041 1.0000 -0.0039
vn -0.0017 1.0000 0.0056
vn 0.0052 1.0000 0.0077
vn 0.0081 1.0000 0.0057
vn 0.0060 -1.0000 0.0008
vn 0.0082 -1.0000 0.0018
vn -0.0032 -1.0000 0.0029
vn 0.0007 -1.0000 0.0041
vn -0.1375 -0.2468 -0.9593
vn -0.5856 -0.1939 -0.7871
vn 0.5679 0.0883 0.8183
vn 0.5644 0.1315 0.8150
vn 0.5662 0.1315 0.8137
vn -0.5786 -0.2301 -0.7825
vn 0.0025 1.0000 -0.0051
vn 0.0067 0.9999 -0.0150
vn 0.0049 0.9999 -0.0120
vn 0.0018 0.9999 -0.0114
vn 0.2982 -0.6129 -0.7317
vn -0.5149 0.5984 0.6139
vn 0.3556 -0.1077 0.9284
vn 0.1207 0.0000 0.9927
vn 0.6354 -0.2541 0.7292
vn -0.7567 -0.0798 -0.6489
vn -0.1207 0.0000 -0.9927
vn 0.0000 -1.0000 0.0000
vn 0.7466 -0.3953 0.5352
vn 0.9879 0.1067 -0.1121
vn 0.9808 0.1611 -0.1098
vn 0.9805 0.1611 -0.1128
vn -0.3589 -0.0613 0.9314
vn -0.7884 0.3192 0.5258
vn 0.0321 0.9991 -0.0276
vn -0.0065 0.9999 -0.0108
vn 0.0275 0.9994 0.0221
vn -0.3022 -0.9016 0.3096
vn -0.3158 -0.9031 0.2910
vn -0.3279 -0.9052 0.2705
vn 0.2376 0.9339 -0.2671
vn 0.2496 0.9362 -0.2473
vn 0.2627 0.9373 -0.2291
vn 0.9405 -0.1920 0.2805
vn 0.0051 1.0000 -0.0066
vn -0.0007 1.0000 -0.0041
vn 0.0007 1.0000 -0.0003
vn 0.0063 1.0000 -0.0001
vn -0.9879 0.1067 0.1121
vn -0.9808 0.1611 0.1098
vn -0.9805 0.1611 0.1128
vn -0.0050 -0.9999 0.0089
vn -0.0058 -0.9998 0.0179
vn -0.0101 -0.9998 0.0171
vn -0.0144 -0.9998 0.0126
vn 0.0009 0.9999 -0.0169
vn 0.0004 0.9999 -0.0131
vn 0.0068 0.9999 -0.0148
vn 0.0093 0.9998 -0.0168
vn 0.0286 0.9980 -0.0559
vn 0.0196 0.9944 -0.1040
vn 0.0093 0.9966 -0.0822
vn 0.0100 0.9999 -0.0084
vn 0.0111 0.9999 -0.0121
vn 0.0094 0.9999 -0.0116
vn 0.0074 0.9998 -0.0172
vn -0.0154 -0.9918 -0.1268
vn -0.0097 -0.9999 -0.0111
vn -0.0106 -0.9999 -0.0130
vn -0.0135 -0.9998 -0.0129
vn -0.0028 -1.0000 -0.0085
vn 0.4968 0.6922 -0.5235
vn 0.2500 0.9287 -0.2740
vn 0.2519 0.9124 -0.3225
vn 0.2346 0.9263 -0.2947
vn -0.0326 -0.9991 0.0279
vn -0.0288 -0.9993 -0.0219
vn 0.0062 -0.9999 0.0110
vn -0.1006 -0.9936 -0.0519
vn -0.0417 -0.9974 -0.0586
vn -0.0662 -0.9976 -0.0213
vn 0.5676 -0.1577 0.8081
vn 0.6689 -0.1763 0.7221
vn -0.2733 -0.9162 0.2931
vn -0.2522 -0.9162 0.3113
vn -0.2784 -0.9073 0.3152
vn -0.0001 -0.9998 0.0174
vn -0.0018 -0.9999 0.0114
vn -0.0046 -0.9999 0.0098
vn 0.0040 -0.9999 0.0132
vn 0.0551 0.9984 -0.0157
vn 0.0244 0.9995 0.0200
vn 0.0709 0.9970 0.0298
vn 0.0091 0.9999 -0.0087
vn 0.0155 0.9998 -0.0080
vn 0.0121 0.9999 -0.0090
vn 0.0152 0.9998 -0.0121
vn -0.0113 0.9935 -0.1137
vn -0.0214 0.9978 -0.0623
vn 0.0051 0.9964 -0.0840
vn 0.0779 0.9967 -0.0246
vn 0.0662 0.9976 0.0211
vn 0.1103 0.9939 0.0069
vn 0.0446 0.9990 0.0038
vn 0.0277 0.9954 -0.0920
vn 0.0635 0.9952 -0.0741
vn 0.0311 0.9977 -0.0606
vn -0.0052 -1.0000 0.0078
vn -0.0074 -1.0000 0.0029
vn -0.0007 -1.0000 0.0000
vn 0.0006 -1.0000 0.0042
vn -0.2795 -0.9269 0.2504
vn -0.2868 -0.9304 0.2285
vn -0.2671 -0.9342 0.2364
vn -0.0059 -0.1603 -0.9871
vn 0.9819 0.0089 -0.1889
vn 0.3496 0.2915 0.8904
vn -0.0431 -0.9968 0.0678
vn -0.0222 -0.9970 0.0745
vn -0.0371 -0.9939 0.1041
vn -0.0280 -0.9954 0.0915
vn -0.1390 -0.4615 -0.8762
vn 0.6401 -0.6586 -0.3957
vn -0.9519 -0.1553 0.2640
vn 0.3038 0.9157 -0.2631
vn 0.3243 0.9158 -0.2370
vn 0.3218 0.9075 -0.2699
vn 0.3807 0.9191 0.1019
vn 0.0054 -0.9999 0.0108
vn 0.0125 -0.9986 0.0523
vn 0.0140 -0.9961 0.0874
vn -0.5672 0.1015 -0.8173
vn -0.5622 0.1533 -0.8126
vn -0.5648 0.1532 -0.8109
vn 0.0152 -0.9995 -0.0290
vn 0.0522 -0.9986 0.0095
vn 0.0064 -0.9999 0.0108
vn -0.0151 0.9995 0.0289
vn -0.0062 0.9999 -0.0110
vn -0.0525 0.9986 -0.0099
vn -0.0000 -1.0000 0.0037
vn -0.0092 -1.0000 -0.0025
vn -0.0019 -1.0000 -0.0041
vn 0.0023 -1.0000 -0.0055
vn -0.0119 -0.9998 0.0183
vn -0.0101 -0.9998 0.0160
vn -0.0086 -0.9999 0.0112
vn -0.0035 -0.9999 0.0146
vn -0.9711 0.2344 0.0445
vn 0.2343 -0.1828 -0.9548
vn 0.0154 0.9918 0.1268
vn 0.1885 -0.1274 0.9738
vn -0.1885 0.1274 -0.9738
vn 0.0000 1.0000 0.0000
vn 0.9927 0.0000 -0.1207
vn -0.4756 -0.8357 -0.2747
vn -0.4423 -0.8321 -0.3346
vn -0.5151 -0.7829 -0.3490
vn -0.7064 -0.5688 -0.4212
vn -0.6887 -0.5592 -0.4614
vn -0.7147 -0.5214 -0.4663
vn -0.2136 -0.7359 -0.6425
vn -0.2132 -0.7269 -0.6528
vn -0.2313 -0.7127 -0.6622
vn -0.8380 -0.4399 -0.3228
vn -0.4064 -0.2739 -0.8717
vn -0.3700 -0.2604 -0.8918
vn -0.3792 -0.2353 -0.8949
vn -0.1617 -0.7001 -0.6955
vn -0.1508 -0.6922 -0.7058
vn -0.1622 -0.6800 -0.7151
vn -0.2865 -0.5439 -0.7887
vn -0.3270 -0.4272 -0.8429
vn -0.2182 -0.4722 -0.8541
vn -0.2788 -0.1708 -0.9451
vn -0.2434 -0.1578 -0.9570
vn -0.2497 -0.1369 -0.9586
vn -0.3115 -0.7869 -0.5327
vn -0.3063 -0.7860 -0.5370
vn -0.3400 -0.7715 -0.5377
vn -0.5912 -0.4441 -0.6732
vn -0.5593 -0.4299 -0.7088
vn -0.5761 -0.3967 -0.7146
vn -0.0069 -0.0434 -0.9990
vn -0.0110 -0.0390 -0.9992
vn -0.0058 -0.0395 -0.9992
vn -0.0279 -0.1101 -0.9935
vn -0.0632 -0.0452 -0.9970
vn -0.0273 -0.1196 -0.9925
vn -0.0365 0.0000 -0.9993
vn -0.0748 -0.6039 -0.7936
vn -0.0570 -0.6066 -0.7929
vn -0.0703 -0.5907 -0.8038
vn -0.0892 -0.3378 -0.9370
vn -0.0894 -0.3363 -0.9375
vn -0.0894 -0.3358 -0.9377
vn -0.1144 -0.0454 -0.9924
vn -0.0965 -0.0399 -0.9945
vn -0.0989 -0.0267 -0.9947
vn -0.1380 -0.2068 -0.9686
vn -0.1060 -0.1349 -0.9852
vn -0.1262 -0.1341 -0.9829
vn -0.5609 -0.3906 0.7300
vn -0.6179 -0.3322 0.7127
vn -0.6298 -0.3783 0.6784
vn -0.0914 -0.7316 0.6756
vn -0.0534 -0.7359 0.6750
vn -0.0659 -0.7127 0.6984
vn -0.1474 -0.3052 0.9408
vn -0.1466 -0.3108 0.9391
vn -0.1473 -0.3039 0.9412
vn -0.0207 -0.6820 0.7310
vn 0.0092 -0.7006 0.7135
vn 0.0139 -0.6800 0.7331
vn -0.0126 -0.1369 0.9905
vn -0.0131 -0.1369 0.9905
vn -0.0196 -0.0075 0.9998
vn 0.0290 -0.0221 0.9993
vn -0.0122 -0.0397 0.9991
vn -0.2294 -0.5123 0.8276
vn -0.3177 -0.3223 0.8918
vn -0.3750 -0.4440 0.8138
vn -0.3329 -0.2914 0.8968
vn -0.3786 -0.2152 0.9002
vn -0.4066 -0.2580 0.8764
vn 0.2081 -0.2579 0.9435
vn 0.2092 -0.2615 0.9422
vn 0.2057 -0.2385 0.9491
vn 0.2325 -0.0616 0.9706
vn 0.2311 -0.0633 0.9709
vn 0.2247 -0.0378 0.9737
vn 0.1770 -0.0429 0.9833
vn 0.2105 -0.1110 0.9713
vn 0.2114 -0.1203 0.9700
vn 0.1229 -0.5852 0.8015
vn 0.1274 -0.5929 0.7951
vn 0.1244 -0.5907 0.7973
vn 0.1326 -0.3364 0.9323
vn 0.1326 -0.3329 0.9336
vn 0.1325 -0.3369 0.9322
vn 0.1216 -0.5410 0.8322
vn 0.1187 -0.5337 0.8373
vn 0.1217 -0.5440 0.8302
vn 0.1704 0.0146 0.9853
vn 0.1529 0.0573 0.9866
vn 0.1403 0.0320 0.9896
vn 0.1906 0.0705 0.9791
vn 0.2250 0.0157 0.9742
vn 0.2239 0.0059 0.9746
vn -0.0576 0.8682 -0.4929
vn -0.0609 0.8675 -0.4937
vn -0.0585 0.8676 -0.4938
vn -0.0720 -0.0536 -0.9960
vn -0.1220 -0.0391 -0.9918
vn -0.0770 -0.0272 -0.9967
vn 0.9302 -0.1547 -0.3328
vn 0.9243 -0.1456 -0.3529
vn 0.9211 -0.1372 -0.3644
vn 0.9952 -0.0000 0.0977
vn 0.9375 -0.0837 -0.3377
vn 0.9388 -0.0768 -0.3358
vn 0.9366 -0.0853 -0.3398
vn 0.1207 -0.0038 0.9927
vn -0.0169 -0.0342 -0.9993
vn -0.0161 -0.0388 -0.9991
vn -0.0157 -0.0386 -0.9991
vn 0.0024 -0.3030 -0.9530
vn 0.0003 -0.2939 -0.9558
vn 0.0001 -0.2953 -0.9554
vn -0.3946 -0.2377 -0.8876
vn -0.3708 -0.3042 -0.8775
vn -0.2703 -0.2261 -0.9359
vn -0.6216 -0.0175 -0.7831
vn -0.6169 -0.0353 -0.7862
vn -0.6230 -0.0175 -0.7820
vn 0.9906 -0.0654 -0.1205
vn 0.2347 -0.1099 0.9658
vn 0.2355 -0.1067 0.9660
vn 0.2372 -0.1121 0.9650
vn 0.1219 -0.0667 0.9903
vn 0.1168 -0.0537 0.9917
vn 0.1158 -0.0723 0.9906
vn 0.1207 0.0222 0.9924
vn 0.1069 0.9470 0.3030
vn 0.4589 0.7556 0.4674
vn 0.4357 0.8151 0.3819
vn 0.5739 0.6925 0.4371
vn 0.6607 0.5069 0.5536
vn 0.6918 0.5513 0.4663
vn 0.7271 0.4654 0.5047
vn 0.7458 0.3557 0.5633
vn 0.7714 0.3755 0.5138
vn 0.2562 0.6885 0.6785
vn 0.2262 0.7202 0.6559
vn 0.2344 0.7023 0.6722
vn 0.1609 0.1860 0.9693
vn 0.2443 0.2163 0.9453
vn 0.1916 0.3645 0.9113
vn 0.3992 0.1711 0.9007
vn 0.4217 0.2472 0.8724
vn 0.3788 0.2346 0.8952
vn 0.1782 0.6543 0.7349
vn 0.1692 0.6813 0.7122
vn 0.1641 0.6675 0.7263
vn 0.2890 0.3163 0.9036
vn 0.3175 0.4947 0.8090
vn 0.2194 0.4678 0.8562
vn 0.2647 0.0832 0.9607
vn 0.2924 0.1447 0.9453
vn 0.2500 0.1370 0.9585
vn 0.4641 0.5932 0.6579
vn 0.4826 0.3951 0.7816
vn 0.5586 0.4436 0.7009
vn 0.5727 0.3438 0.7442
vn 0.5644 0.2454 0.7882
vn 0.6039 0.2569 0.7545
vn 0.0046 0.0435 0.9990
vn 0.0048 0.0374 0.9993
vn 0.0063 0.0431 0.9990
vn 0.0619 0.0100 0.9980
vn 0.0390 0.1174 0.9923
vn 0.0330 0.1315 0.9908
vn 0.0365 -0.0000 0.9993
vn 0.0903 0.3324 0.9388
vn 0.0883 0.3296 0.9400
vn 0.0901 0.3333 0.9385
vn 0.0753 0.5503 0.8316
vn 0.0657 0.5282 0.8466
vn 0.0776 0.5349 0.8413
vn 0.0943 -0.0003 0.9955
vn 0.0734 -0.0400 0.9965
vn 0.1008 -0.0325 0.9944
vn -0.0045 1.0000 0.0023
vn 0.0024 1.0000 -0.0042
vn -0.0159 0.9999 -0.0021
vn -0.0155 0.9999 0.0005
vn -0.0206 0.9998 -0.0063
vn 0.0951 0.2854 0.9537
vn 0.0979 0.2899 0.9520
vn 0.0897 0.2721 0.9581
vn 0.0624 0.7202 -0.6910
vn 0.0534 0.7146 -0.6975
vn 0.0664 0.7023 -0.7088
vn 0.1477 0.3008 -0.9422
vn 0.1461 0.2982 -0.9433
vn 0.1462 0.2973 -0.9435
vn -0.0074 0.6810 -0.7323
vn -0.0230 0.6783 -0.7344
vn -0.0148 0.6674 -0.7445
vn -0.1156 0.3173 -0.9412
vn 0.1123 0.1920 -0.9749
vn 0.0090 0.2178 -0.9759
vn 0.0133 0.1382 -0.9903
vn 0.0804 0.0682 -0.9944
vn 0.0145 0.0097 -0.9998
vn 0.0122 0.0414 -0.9991
vn 0.1792 0.7786 -0.6014
vn 0.1745 0.7719 -0.6114
vn 0.2027 0.7655 -0.6106
vn 0.4309 0.4129 -0.8024
vn 0.3538 0.4029 -0.8441
vn 0.3884 0.3966 -0.8318
vn -0.2004 0.2394 -0.9500
vn -0.2039 0.2531 -0.9457
vn -0.2044 0.2511 -0.9461
vn -0.2199 0.0074 -0.9755
vn -0.2368 0.0450 -0.9705
vn -0.2173 0.0386 -0.9753
vn -0.1995 0.1185 -0.9727
vn -0.1779 0.0074 -0.9840
vn -0.2055 0.1324 -0.9697
vn 0.0037 1.0000 0.0010
vn 0.0013 1.0000 0.0098
vn 0.0092 0.9999 0.0068
vn -0.1313 0.3399 -0.9312
vn -0.1333 0.3359 -0.9324
vn -0.1331 0.3349 -0.9328
vn -0.1222 0.5538 -0.8237
vn -0.1236 0.5480 -0.8273
vn -0.1220 0.5437 -0.8304
vn -0.1104 0.1068 -0.9881
vn -0.1556 0.1048 -0.9822
vn -0.1412 0.1037 -0.9845
vn 0.0143 0.9998 -0.0143
vn 0.0115 0.9999 -0.0094
vn 0.0177 0.9998 -0.0021
vn 0.0020 0.9999 0.0108
vn 0.0008 0.9999 0.0149
vn 0.0001 1.0000 0.0087
vn -0.2202 -0.0171 -0.9753
vn -0.2056 -0.0988 -0.9736
vn -0.2239 -0.0058 -0.9746
vn -0.0821 -0.9966 -0.0070
vn -0.0777 -0.9970 0.0007
vn -0.0769 -0.9970 0.0042
vn 0.1020 0.5379 0.8368
vn 0.1027 0.5442 0.8327
vn 0.1107 0.5526 0.8260
vn 0.0852 0.0349 0.9958
vn 0.1220 0.0391 0.9918
vn 0.0885 0.0427 0.9952
vn -0.0067 1.0000 0.0046
vn -0.8927 0.0000 -0.4507
vn -0.0144 0.9999 -0.0051
vn -0.0126 0.9999 -0.0073
vn -0.0170 0.9999 -0.0028
vn 0.0052 1.0000 0.0009
vn 0.0002 1.0000 -0.0043
vn -0.0027 1.0000 0.0022
vn -0.0064 0.9999 0.0077
vn -0.0002 0.9999 0.0123
vn -0.0049 1.0000 0.0074
vn -0.9178 0.0266 0.3961
vn -0.9000 0.0526 0.4327
vn -0.9146 0.1113 0.3888
vn -0.9960 -0.0322 -0.0831
vn -0.9970 -0.0318 -0.0699
vn -0.9959 -0.0308 -0.0851
vn -0.9468 0.0773 0.3125
vn -0.9444 0.0865 0.3171
vn -0.9487 0.0810 0.3055
vn -0.1194 0.0019 -0.9928
vn 0.4492 0.0045 0.8934
vn 0.3876 -0.0639 0.9196
vn 0.4943 0.0154 0.8691
vn 0.0230 0.0329 0.9992
vn 0.0237 0.0303 0.9993
vn 0.0203 0.0438 0.9988
vn -0.0011 0.2948 0.9555
vn -0.0001 0.2929 0.9561
vn -0.0012 0.3065 0.9519
vn 0.2543 0.2635 0.9305
vn 0.3686 0.3010 0.8795
vn 0.2952 0.4759 0.8285
vn -0.9912 0.0659 0.1144
vn -0.9905 0.0663 0.1207
vn -0.9912 0.0671 0.1141
vn -0.2351 0.1106 -0.9657
vn -0.2350 0.1097 -0.9658
vn -0.2362 0.1153 -0.9648
vn -0.1140 0.0597 -0.9917
vn -0.1222 0.0489 -0.9913
vn -0.1143 0.0534 -0.9920
vn -0.1207 -0.0222 -0.9924
vn 0.0033 1.0000 0.0011
vn -0.1293 0.6564 0.7433
vn 0.0505 0.0051 0.9987
vn 0.0504 -0.0048 0.9987
vn 0.0506 0.0074 0.9987
vn -0.3345 -0.1943 -0.9222
vn -0.2447 -0.2196 -0.9444
vn -0.2417 -0.2220 -0.9446
vn -0.1207 -0.0350 -0.9921
vn -0.1201 0.0982 -0.9879
vn 0.1209 -0.0222 0.9924
vn -0.1045 -0.5640 -0.8191
vn -0.0994 -0.5676 -0.8173
vn 0.9930 0.0077 -0.1180
vn 0.9927 0.0037 -0.1203
vn 0.9927 0.0033 -0.1203
vn -0.0238 -0.9997 -0.0034
vn -0.0562 -0.9984 0.0043
vn -0.0214 -0.9998 -0.0039
vn 0.1368 0.9896 -0.0447
vn -0.0059 0.9991 -0.0409
vn 0.1483 0.9879 -0.0454
vn -0.0259 -0.9996 0.0131
vn -0.0484 -0.9986 0.0191
vn -0.0498 -0.9986 0.0189
vn 0.3342 0.9425 0.0081
vn 0.1742 0.9847 0.0042
vn 0.1639 0.9864 0.0084
vn 0.0026 1.0000 0.0003
vn 0.0022 1.0000 0.0000
vn 0.0018 1.0000 -0.0000
vn -0.1312 -0.9910 0.0272
vn -0.0999 -0.9945 0.0314
vn -0.0959 -0.9949 0.0304
vn 0.0103 0.9997 -0.0207
vn 0.0046 0.9996 -0.0278
vn -0.0085 1.0000 -0.0024
vn 0.6315 0.6533 -0.4177
vn -0.0347 -0.0000 -0.9994
vn -0.0329 -0.0057 -0.9994
vn 0.9379 0.3116 -0.1523
vn -0.1207 -0.0122 -0.9926
vn -0.1207 0.0112 -0.9926
vn -0.5370 0.8390 -0.0877
vn -0.1207 0.0365 -0.9920
vn 0.6825 0.7029 -0.2005
vn -0.5363 0.8437 -0.0234
vn -0.7539 -0.5397 -0.3746
vn -0.5313 -0.5911 0.6069
vn -0.9921 -0.0357 0.1200
vn -0.6851 -0.7047 -0.1847
vn -0.7483 -0.5697 -0.3399
vn -0.1362 0.9046 -0.4039
vn -0.9539 -0.0000 0.3001
vn -0.5791 -0.1041 -0.8086
vn -0.9940 0.0250 0.1062
vn 0.5104 0.5614 -0.6514
vn -0.0970 -0.1110 -0.9891
vn -0.0974 -0.1133 -0.9888
vn -0.0980 -0.1097 -0.9891
vn -0.0432 0.8675 -0.4956
vn -0.6292 0.6120 -0.4792
vn -0.9981 -0.0000 0.0620
vn 0.9446 0.3101 -0.1078
vn 0.1869 -0.3423 0.9208
vn 0.1843 -0.3324 0.9249
vn 0.1838 -0.3310 0.9255
vn -0.1047 -0.3338 -0.9368
vn -0.1066 -0.3227 -0.9405
vn -0.1041 -0.3347 -0.9365
vn -0.1818 0.3066 -0.9343
vn 0.1086 0.3104 0.9444
vn -0.3015 0.9524 0.0447
vn 0.2883 -0.9566 -0.0426
vn -0.2051 -0.9782 0.0337
vn 0.3121 0.9487 -0.0501
vn 0.6781 0.7273 -0.1063
vn -0.9591 0.2561 -0.1204
vn -0.3557 0.8418 -0.4061
vn 0.5858 -0.7797 -0.2209
vn -0.0817 0.7362 -0.6718
vn 0.9350 -0.1962 -0.2954
vn -0.3749 0.7187 -0.5856
vn -0.9370 0.3482 0.0276
vn 0.6763 -0.1160 -0.7274
vn -0.1704 -0.4671 0.8676
vn 0.0632 -0.5908 0.8043
vn 0.0430 -0.4539 0.8900
vn 0.3371 -0.9192 0.2037
vn -0.7434 -0.4812 -0.4646
vn -0.6963 -0.5517 -0.4590
vn -0.7136 -0.4621 -0.5265
vn -0.7877 -0.3442 -0.5110
vn -0.7740 -0.3783 -0.5077
vn -0.7708 -0.3369 -0.5407
vn -0.3905 -0.0994 -0.9152
vn -0.3861 -0.1203 -0.9146
vn -0.3581 -0.0856 -0.9298
vn -0.1933 -0.6160 -0.7636
vn -0.1845 -0.6294 -0.7549
vn -0.1803 -0.6034 -0.7768
vn -0.2543 -0.0254 -0.9668
vn -0.2512 -0.0417 -0.9670
vn -0.2289 -0.0142 -0.9733
vn -0.5927 -0.3802 -0.7100
vn -0.5591 -0.4454 -0.6993
vn -0.5340 -0.3411 -0.7736
vn -0.6126 -0.2311 -0.7559
vn -0.6049 -0.2580 -0.7534
vn -0.5851 -0.2198 -0.7806
vn 0.0235 -0.1822 -0.9830
vn -0.0257 -0.1276 -0.9915
vn -0.0895 -0.3352 -0.9379
vn -0.0894 -0.3356 -0.9377
vn -0.0895 -0.3341 -0.9383
vn -0.0840 -0.5237 -0.8477
vn -0.0781 -0.5352 -0.8411
vn -0.0669 -0.5145 -0.8549
vn -0.1034 0.0451 -0.9936
vn -0.1010 0.0324 -0.9944
vn -0.0880 0.0588 -0.9944
vn -0.1245 -0.2637 -0.9565
vn -0.1348 -0.2350 -0.9626
vn -0.1283 -0.3083 -0.9426
vn -0.1869 -0.2911 -0.9383
vn -0.1601 -0.2857 -0.9449
vn -0.3070 -0.8264 0.4719
vn -0.3309 -0.8187 0.4693
vn -0.2945 -0.8459 0.4446
vn -0.0962 -0.5193 0.8492
vn -0.1229 -0.5617 0.8182
vn -0.0485 -0.5806 0.8127
vn -0.1481 -0.2970 0.9433
vn -0.1473 -0.3038 0.9413
vn -0.1471 -0.3023 0.9418
vn 0.1033 -0.0643 0.9926
vn -0.0106 -0.2213 0.9752
vn -0.0965 -0.1610 0.9822
vn -0.0128 -0.1369 0.9905
vn -0.1742 -0.7856 0.5937
vn -0.2012 -0.7715 0.6035
vn -0.1871 -0.8020 0.5673
vn -0.4091 -0.4396 0.7996
vn -0.3880 -0.3967 0.8319
vn -0.4595 -0.3816 0.8020
vn 0.2097 -0.2637 0.9415
vn 0.2177 -0.2789 0.9353
vn 0.2171 -0.2616 0.9405
vn 0.2097 -0.2861 0.9350
vn 0.2082 -0.2625 0.9422
vn 0.2255 0.0219 0.9740
vn 0.2250 0.0086 0.9743
vn 0.2131 0.0189 0.9769
vn 0.2128 -0.1281 0.9687
vn 0.2623 -0.1829 0.9475
vn 0.1323 -0.3414 0.9306
vn 0.1325 -0.3370 0.9321
vn 0.1323 -0.3379 0.9318
vn 0.1247 -0.5557 0.8220
vn 0.1217 -0.5441 0.8302
vn 0.1219 -0.5491 0.8268
vn 0.1164 -0.1236 0.9855
vn 0.1406 -0.1064 0.9843
vn 0.0983 -0.0897 0.9911
vn 0.2246 -0.0002 0.9745
vn 0.2652 -0.0562 0.9626
vn 0.2213 -0.1113 0.9688
vn 0.2214 -0.1024 0.9698
vn 0.2197 -0.1110 0.9692
vn -0.0599 0.8661 -0.4962
vn -0.0598 0.8663 -0.4959
vn -0.0611 0.8649 -0.4982
vn 0.0857 -0.6057 0.7911
vn 0.0956 -0.6106 0.7862
vn 0.0990 -0.6268 0.7728
vn 0.8926 -0.1407 -0.4284
vn 0.9014 -0.1624 -0.4014
vn 0.8849 -0.1270 -0.4481
vn 0.9397 -0.0780 -0.3330
vn 0.9392 -0.0765 -0.3349
vn 0.9396 -0.0755 -0.3338
vn 0.9383 -0.0721 -0.3383
vn 0.9381 -0.0700 -0.3393
vn -0.5060 -0.0212 -0.8623
vn -0.3878 0.0642 -0.9195
vn -0.4393 -0.0406 -0.8974
vn -0.0146 -0.0433 -0.9990
vn -0.0117 -0.0401 -0.9991
vn -0.0162 -0.0390 -0.9991
vn -0.0117 -0.0403 -0.9991
vn -0.0161 -0.0504 -0.9986
vn -0.0140 -0.0435 -0.9990
vn -0.0057 -0.2888 -0.9574
vn -0.0022 -0.3040 -0.9527
vn 0.0007 -0.2933 -0.9560
vn 0.0025 -0.2907 -0.9568
vn -0.0058 -0.2779 -0.9606
vn -0.3707 -0.3042 -0.8775
vn -0.2980 -0.2193 -0.9290
vn -0.5076 -0.2901 -0.8113
vn 0.9788 0.0162 -0.2041
vn 0.9828 0.1001 -0.1552
vn 0.9824 0.0157 -0.1861
vn 0.2351 -0.1085 0.9659
vn 0.2349 -0.1094 0.9658
vn 0.2354 -0.1053 0.9662
vn 0.2354 -0.1143 0.9652
vn 0.2343 -0.1104 0.9659
vn 0.1168 -0.0538 0.9917
vn 0.1177 -0.0677 0.9907
vn 0.1152 -0.0547 0.9918
vn 0.1194 -0.0479 0.9917
vn 0.1169 -0.0537 0.9917
vn 0.1214 -0.0409 0.9918
vn 0.1050 -0.0523 0.9931
vn 0.1173 -0.0586 0.9914
vn 0.1143 -0.0531 0.9920
vn 0.5198 0.8137 0.2602
vn 0.5129 0.7848 0.3478
vn 0.6450 0.6651 0.3763
vn 0.7353 0.5426 0.4061
vn 0.7118 0.5264 0.4649
vn 0.7620 0.4400 0.4750
vn -0.0161 0.2432 -0.9699
vn -0.0079 0.3938 -0.9192
vn 0.0089 0.2178 -0.9759
vn 0.0964 0.3244 0.9410
vn 0.3317 0.1973 0.9225
vn 0.3411 0.1136 0.9331
vn 0.3852 0.1207 0.9149
vn 0.3689 0.1900 0.9098
vn 0.1752 0.6163 0.7678
vn 0.1844 0.6293 0.7550
vn 0.1692 0.6451 0.7451
vn 0.2156 0.0349 0.9759
vn 0.2512 0.0420 0.9670
vn 0.2396 0.0988 0.9658
vn 0.3191 0.7795 0.5390
vn 0.3432 0.7656 0.5442
vn 0.3533 0.7601 0.5454
vn 0.6181 0.4138 0.6683
vn 0.5761 0.3985 0.7137
vn 0.6099 0.3208 0.7246
vn 0.0289 0.1425 0.9894
vn 0.0062 0.2576 0.9662
vn 0.1057 0.5610 0.8210
vn 0.0832 0.5628 0.8224
vn 0.1025 0.5408 0.8349
vn 0.0910 0.3376 0.9369
vn 0.0901 0.3334 0.9385
vn 0.0899 0.3344 0.9381
vn 0.1214 0.0313 0.9921
vn 0.0987 0.0272 0.9947
vn 0.1050 -0.0068 0.9944
vn -0.0050 1.0000 0.0009
vn 0.3218 0.9308 0.1734
vn -0.0071 0.9999 -0.0098
vn -0.1287 0.9916 -0.0108
vn -0.0039 0.9991 -0.0433
vn 0.0144 0.9984 -0.0543
vn 0.0006 0.9999 0.0132
vn 0.0016 0.9998 0.0221
vn 0.0088 0.9998 0.0161
vn -0.3731 -0.3501 -0.8592
vn -0.2784 -0.5187 -0.8083
vn -0.2780 -0.4587 -0.8440
vn 0.0966 0.3024 0.9483
vn 0.0979 0.2900 0.9520
vn 0.0982 0.2936 0.9509
vn 0.1000 0.2793 0.9550
vn 0.0925 0.2943 0.9512
vn 0.0989 0.2887 0.9523
vn 0.6606 0.3732 -0.6514
vn 0.6261 0.3778 -0.6821
vn 0.5901 0.3567 -0.7243
vn 0.1434 0.5413 -0.8285
vn 0.1225 0.5611 -0.8186
vn 0.0772 0.5396 -0.8384
vn 0.1464 0.2965 -0.9438
vn 0.1462 0.2974 -0.9435
vn 0.1453 0.2935 -0.9448
vn 0.0130 0.1382 -0.9903
vn 0.4389 0.3885 -0.8102
vn 0.3744 0.4397 -0.8164
vn 0.2503 0.3984 -0.8824
vn 0.4374 0.2472 -0.8646
vn 0.4062 0.2586 -0.8765
vn 0.3562 0.2434 -0.9021
vn -0.2124 0.2599 -0.9420
vn -0.2030 0.2402 -0.9493
vn -0.2023 0.2520 -0.9463
vn -0.2014 0.2612 -0.9441
vn -0.2039 0.2530 -0.9457
vn -0.2143 0.2750 -0.9373
vn -0.1904 -0.0314 -0.9812
vn -0.2193 -0.0192 -0.9755
vn -0.2177 0.0052 -0.9760
vn -0.2323 0.2596 -0.9374
vn -0.2091 0.1430 -0.9674
vn -0.1287 0.5621 -0.8170
vn -0.1310 0.5705 -0.8108
vn -0.1054 0.5566 -0.8241
vn -0.1331 0.3340 -0.9331
vn -0.1331 0.3348 -0.9328
vn -0.1360 0.3305 -0.9339
vn -0.1212 0.5410 -0.8323
vn -0.1230 0.5334 -0.8369
vn -0.1316 -0.0413 -0.9904
vn -0.1405 -0.0321 -0.9896
vn -0.1653 -0.0401 -0.9854
vn 0.0105 0.9997 0.0216
vn 0.0102 0.9999 0.0130
vn -0.0010 0.9999 0.0154
vn -0.1224 0.9916 0.0413
vn -0.0047 0.9999 0.0110
vn 0.0173 0.9345 -0.3554
vn -0.0059 0.9999 0.0156
vn -0.0064 0.9997 0.0239
vn -0.0030 0.9998 0.0187
vn -0.2320 0.0897 -0.9686
vn -0.2264 0.0011 -0.9740
vn -0.2182 0.1124 -0.9694
vn -0.2146 0.1015 -0.9714
vn -0.2193 0.1105 -0.9694
vn -0.0756 -0.9971 0.0096
vn -0.0768 -0.9970 0.0042
vn -0.0714 -0.9973 0.0169
vn 0.1204 0.5636 0.8172
vn 0.1106 0.5526 0.8261
vn 0.1227 0.5682 0.8137
vn -0.0047 1.0000 0.0013
vn -0.1173 0.6190 -0.7766
vn -0.1069 0.6011 -0.7920
vn -0.1204 0.5804 -0.8054
vn -0.9338 0.1570 0.3215
vn -0.9292 0.1314 0.3454
vn -0.9158 0.1815 0.3584
vn -0.9988 0.0052 -0.0485
vn -0.9969 -0.0183 -0.0769
vn -0.9989 -0.0066 -0.0468
vn -0.9946 0.0062 -0.1036
vn -0.9954 0.0091 -0.0952
vn -0.9415 0.0649 0.3308
vn -0.9371 0.0712 0.3417
vn -0.9472 0.0993 0.3048
vn -0.9420 0.0945 0.3221
vn -0.9447 0.0953 0.3138
vn -0.1204 0.0041 -0.9927
vn -0.1198 0.0029 -0.9928
vn -0.1203 0.0044 -0.9927
vn 0.0237 0.0374 0.9990
vn 0.0227 0.0424 0.9988
vn 0.0280 0.0119 0.9995
vn 0.0241 0.0115 0.9996
vn 0.0241 0.0276 0.9993
vn 0.1207 0.0350 0.9921
vn -0.0002 0.2929 0.9561
vn 0.0007 0.2899 0.9571
vn 0.0067 0.2699 0.9629
vn 0.0151 0.2958 0.9551
vn 0.0019 0.2804 0.9599
vn -0.0002 0.2921 0.9564
vn 0.1849 0.4693 0.8634
vn 0.4748 0.2380 0.8473
vn 0.6210 0.0200 0.7836
vn 0.6166 0.0375 0.7864
vn 0.6181 0.0207 0.7858
vn -0.9826 -0.1020 0.1554
vn -0.9773 -0.0201 0.2108
vn -0.9826 -0.0040 0.1857
vn -0.2354 0.1049 -0.9662
vn -0.2347 0.1087 -0.9660
vn -0.2351 0.1142 -0.9652
vn -0.2379 0.1085 -0.9652
vn -0.2348 0.1101 -0.9658
vn -0.1169 0.0538 -0.9917
vn -0.1175 0.0473 -0.9920
vn -0.1213 0.0413 -0.9918
vn -0.1140 0.0702 -0.9910
vn -0.1169 0.0539 -0.9917
vn -0.1208 0.0675 -0.9904
vn -0.1186 0.0579 -0.9913
vn -0.1223 0.0661 -0.9903
vn -0.1207 -0.0223 -0.9924
vn 0.0014 1.0000 0.0031
vn 0.0040 1.0000 -0.0016
vn 0.0035 1.0000 -0.0001
vn 0.0486 0.0197 0.9986
vn 0.0506 0.0075 0.9987
vn 0.0511 0.0096 0.9986
vn -0.2457 -0.2195 -0.9442
vn -0.1903 -0.1192 -0.9745
vn -0.3245 -0.1709 -0.9303
vn -0.2605 -0.1690 -0.9506
vn -0.1549 -0.1971 -0.9681
vn -0.0938 -0.1131 -0.9891
vn -0.0963 -0.1195 -0.9882
vn -0.0969 -0.1173 -0.9884
vn 0.1208 -0.0222 0.9924
vn -0.1049 -0.5700 -0.8149
vn -0.0998 -0.5622 -0.8210
vn -0.1058 -0.5663 -0.8174
vn 0.9927 0.0028 -0.1203
vn 0.9924 -0.0002 -0.1234
vn 0.0162 -0.9999 -0.0040
vn -0.0193 -0.9998 -0.0048
vn 0.3010 0.9500 -0.0836
vn 0.1482 0.9879 -0.0454
vn 0.1586 0.9864 -0.0439
vn -0.0515 -0.9985 0.0189
vn -0.0733 -0.9971 0.0190
vn 0.1519 0.9883 0.0107
vn 0.0007 0.9990 0.0452
vn 0.0008 1.0000 -0.0002
vn 0.0014 1.0000 -0.0002
vn -0.0007 1.0000 -0.0003
vn -0.0917 -0.9954 0.0282
vn -0.0959 -0.9949 0.0303
vn -0.0644 -0.9972 0.0393
vn 0.0046 0.9996 -0.0277
vn 0.0034 0.9995 -0.0312
vn 0.0099 0.9990 -0.0431
vn -0.0004 0.9999 -0.0139
vn -0.0006 0.9992 -0.0393
vn 0.0068 0.9996 -0.0269
vn 0.9407 0.0000 -0.3393
vn -0.0287 0.0018 -0.9996
vn -0.0230 -0.0000 -0.9997
vn 0.9927 -0.0003 -0.1207
vn -0.8935 0.4357 0.1087
vn -0.9981 -0.0000 0.0619
vn 0.4275 0.4096 0.8059
vn 0.2654 0.6560 0.7066
vn 0.2663 0.5963 0.7573
vn 0.1833 -0.3301 0.9260
vn 0.1838 -0.3310 0.9256
vn 0.1826 -0.3190 0.9300
vn -0.0996 -0.3460 -0.9329
vn -0.1041 -0.3348 -0.9365
vn -0.1034 -0.3362 -0.9361
vn 0.6781 0.7272 -0.1063
vn -0.0817 -0.7362 -0.6718
vn -0.9370 0.3483 0.0276
vn -0.9370 0.3483 0.0275
vn -0.1689 0.9494 -0.2647
vn 0.0975 0.0237 0.9950
vn 0.0655 -0.0029 0.9978
vn 0.1012 -0.0283 0.9945
vn 0.1344 0.0017 0.9909
vn 0.0474 0.9975 0.0521
vn 0.9820 -0.1347 0.1321
vn 0.2365 -0.9544 0.1822
vn 0.1206 -0.0244 0.9924
vn -0.6408 0.6155 -0.4589
vn 0.1529 0.2357 -0.9597
vn -0.3716 -0.2258 -0.9005
vn -0.3599 -0.1735 -0.9167
vn -0.3947 -0.1295 -0.9097
vn -0.4083 -0.1784 -0.8952
vn -0.1171 -0.9925 0.0347
vn -0.1438 0.1005 -0.9845
vn -0.1379 0.0696 -0.9880
vn -0.1416 0.0641 -0.9878
vn -0.1381 0.0845 -0.9868
vn -0.0444 -0.0587 0.9973
vn -0.0095 -0.0814 0.9966
vn -0.0532 -0.1684 0.9843
vn 0.0041 -0.9727 0.2320
vn 0.0856 -0.9802 -0.1784
vn 0.8863 0.4628 0.0182
vn -0.9350 -0.1962 0.2954
vn -0.9887 -0.0557 0.1391
vn 0.9370 -0.3482 -0.0276
vn 0.9508 0.1334 0.2797
vn -0.3967 0.0508 0.9165
vn 0.9520 -0.1165 0.2831
vn 0.9410 -0.0614 -0.3329
vn -0.1360 -0.1623 -0.9773
vn -0.6122 0.2449 -0.7518
vn -0.6455 -0.2768 -0.7119
vn -0.6448 -0.2773 -0.7123
vn 0.0592 0.9961 -0.0656
vn -0.0355 -0.9955 -0.0880
vn -0.9455 0.1632 -0.2818
vn 0.1250 -0.0280 0.9918
vn -0.6752 0.1655 0.7188
vn 0.5437 0.8373 -0.0575
vn 0.5436 0.8374 -0.0569
vn 0.0951 0.5539 0.8271
vn 0.0705 0.5606 0.8251
vn 0.0578 0.5484 0.8342
vn 0.0786 0.5400 0.8380
vn 0.9623 0.2673 -0.0507
vn 0.0244 0.0395 0.9989
vn -0.0008 0.9999 -0.0126
vn 0.0029 0.9999 -0.0113
vn 0.0013 0.9999 -0.0160
vn -0.1054 0.2703 -0.9570
vn 0.4351 0.6570 0.6157
vn 0.3942 0.5186 0.7588
vn 0.5594 0.4775 0.6775
vn 0.6137 0.6148 0.4954
vn 0.0092 -0.9972 0.0739
vn -0.9691 0.2166 0.1179
vn 0.3550 -0.9339 -0.0432
vn -0.7785 -0.6205 0.0947
vn 0.4933 0.2055 0.8452
vn 0.6276 0.7723 -0.0986
vn 0.1509 -0.9767 -0.1523
vn -0.9629 -0.2147 0.1634
vn 0.0484 -0.8997 0.4338
vn 0.0007 -1.0000 -0.0001
vn -0.1843 0.0118 -0.9828
vn -0.2193 -0.0155 -0.9755
vn -0.2500 0.0182 -0.9681
vn -0.2174 0.0362 -0.9754
vn -0.1348 -0.1399 -0.9809
vn 0.0199 -0.1633 0.9864
vn 0.0270 0.9996 -0.0000
vn 0.0245 0.9997 0.0032
vn 0.0210 0.9998 0.0051
vn 0.0274 0.9996 0.0061
vn 0.9398 -0.0678 -0.3350
vn 0.9411 -0.0695 -0.3309
vn 0.9404 -0.0678 -0.3331
vn 0.0253 0.2528 0.9672
vn -0.1981 -0.0005 -0.9802
vn -0.0029 0.9999 -0.0118
vn -0.2443 0.9161 -0.3179
vn -0.0134 0.9999 0.0097
vn 0.0978 0.6423 -0.7601
vn 0.1027 0.6038 -0.7905
vn 0.1274 0.5730 -0.8096
vn 0.1217 0.6280 -0.7686
vn -0.5889 -0.1132 -0.8002
vn 0.1905 -0.9762 0.1034
vn 0.9826 0.1206 -0.1416
vn 0.9810 0.1212 -0.1518
vn -0.0165 0.0017 -0.9999
vn -0.1460 -0.0790 -0.9861
vn -0.3738 -0.7580 -0.5346
vn -0.3611 -0.7567 -0.5450
vn -0.3698 -0.7519 -0.5457
vn -0.3638 -0.7570 -0.5428
vn -0.0937 -0.1130 -0.9892
vn -0.0922 -0.1115 -0.9895
vn 0.2296 -0.0375 0.9726
vn 0.2155 -0.0481 0.9753
vn 0.2347 -0.0382 0.9713
vn -0.1509 0.9684 -0.1987
vn -0.9927 -0.0068 0.1207
vn -0.9891 -0.0720 -0.1285
vn -0.9464 0.0649 0.3165
vn -0.9463 0.0655 0.3166
vn -0.1374 0.9499 -0.2808
vn 0.4763 0.8777 -0.0519
vn -0.0495 0.9121 -0.4070
vn 0.7113 -0.6944 -0.1086
vn 0.1340 0.1400 0.9810
vn 0.0991 -0.1578 0.9825
vn -0.1256 -0.0917 -0.9878
vn 0.0023 0.9947 -0.1028
vn -0.0456 -0.9966 0.0693
vn -0.0290 0.9958 -0.0867
vn -0.0442 0.9496 0.3105
vn 0.3755 0.2267 0.8987
vn 0.3217 0.1724 0.9310
vn 0.3886 0.1283 0.9124
vn 0.4429 0.1822 0.8779
vn 0.1236 -0.9922 -0.0187
vn 0.1241 -0.9922 -0.0156
vn 0.1247 -0.9920 -0.0173
vn -0.5622 -0.5741 0.5953
vn -0.4455 -0.5448 0.7104
vn -0.5946 -0.4645 0.6562
vn -0.6355 -0.5363 0.5555
vn 0.0497 -0.9970 -0.0591
vn -0.1179 0.9929 0.0162
vn 0.0029 -1.0000 0.0069
vn 0.0334 -0.9737 -0.2255
vn -0.9373 0.3174 0.1443
vn -0.0367 -0.9942 0.1010
vn 0.0011 1.0000 0.0033
vn 0.0033 1.0000 -0.0010
vn 0.1205 -0.0120 0.9926
vn 0.2458 0.1454 0.9584
vn -0.0158 0.9998 -0.0150
vn 0.0132 0.9996 0.0237
vn -0.4734 -0.8790 0.0576
vn -0.0913 -0.0328 -0.9953
vn -0.9250 0.1612 0.3440
vn -0.9264 0.1203 0.3567
vn -0.9185 0.0968 0.3835
vn -0.9189 0.1360 0.3704
vn 0.0165 -0.0015 0.9999
vn -0.0138 -0.9955 -0.0933
vn -0.1460 0.1018 0.9840
vn 0.8186 0.1325 0.5588
vn 0.0284 0.9995 -0.0123
vn 0.0262 0.9995 -0.0157
vn 0.9933 -0.0614 0.0976
vn -0.9605 -0.0815 0.2661
vn -0.9556 -0.0864 -0.2817
vn -0.0004 0.8065 0.5912
vn 0.8093 -0.0006 0.5874
vn -0.9295 -0.3393 0.1444
vn -0.2103 0.0045 -0.9776
vn -0.2165 0.0045 -0.9763
vn -0.2097 0.0108 -0.9777
vn -0.1498 -0.0223 -0.9885
vn -0.0557 -0.9984 -0.0118
vn -0.1350 0.2884 -0.9479
vn -0.2148 -0.2018 0.9556
vn -0.2145 -0.2024 0.9555
vn -0.2152 -0.2009 0.9557
vn 0.9691 -0.2166 -0.1179
vn -0.5424 -0.8375 0.0660
vn -0.9941 -0.0798 0.0741
vn 0.0256 -0.9520 0.3051
vn -0.9695 -0.1936 0.1503
vn -0.0201 -0.9995 -0.0240
vn -0.2694 0.9463 -0.1789
vn 0.9789 0.1373 -0.1516
vn 0.0128 0.9999 0.0069
vn 0.0074 1.0000 0.0011
vn 0.0148 0.9998 0.0148
vn 0.1203 0.0859 0.9890
vn -0.1151 0.5050 -0.8554
vn 0.1266 0.9914 -0.0317
vn 0.0734 -0.9967 0.0341
vn -0.0097 0.9999 -0.0026
vn -0.0962 0.3468 -0.9330
vn -0.0712 0.9103 0.4078
vn -0.9906 0.0605 0.1224
vn -0.9907 0.0623 0.1211
vn -0.9906 0.0627 0.1220
vn -0.1007 -0.9944 0.0323
vn -0.0022 0.0965 -0.9953
vn -0.9505 -0.3103 -0.0140
vn 0.0071 0.9983 0.0581
vn 0.3449 -0.1981 -0.9175
vn 0.1255 -0.1528 0.9803
vn 0.1341 -0.9369 0.3228
vn -0.0071 -0.9983 -0.0581
vn 0.9880 0.0806 -0.1315
vn 0.0431 0.0051 0.9991
vn 0.0429 0.0026 0.9991
vn -0.0119 0.0120 -0.9999
vn -0.0151 0.0085 -0.9998
vn -0.0184 0.0119 -0.9998
vn -0.0969 -0.5624 -0.8212
vn -0.1003 -0.5575 -0.8241
vn -0.0947 -0.5550 -0.8264
vn -0.1701 -0.9160 0.3633
vn -0.9963 -0.0299 -0.0808
vn -0.9961 -0.0225 -0.0853
vn -0.9955 -0.0277 -0.0904
vn -0.3997 -0.2739 0.8747
vn -0.3995 -0.2741 0.8748
vn -0.3991 -0.2744 0.8749
vn 0.4831 0.8711 -0.0883
vn 0.0810 -0.9903 -0.1130
vn 0.7965 0.5741 0.1900
vn -0.3531 0.1318 0.9263
vn 0.2266 0.6651 -0.7116
vn 0.9925 0.0000 -0.1224
vn -0.8878 -0.3816 0.2574
vn 0.9945 0.0149 0.1041
vn -0.9852 0.0769 0.1533
vn 0.0007 -0.9085 0.4178
vn 0.0335 0.9666 -0.2541
vn -0.2420 0.1352 -0.9608
vn 0.6474 0.2328 0.7258
vn -0.0025 1.0000 -0.0018
vn -0.0017 1.0000 -0.0080
vn -0.5320 -0.5584 -0.6365
vn 0.4609 0.8181 0.3439
vn 0.1131 0.3501 0.9299
vn 0.2375 -0.1107 -0.9650
vn -0.7479 0.5426 -0.3824
vn 0.0712 -0.9632 -0.2593
vn 0.4305 0.6677 0.6073
vn -0.4150 -0.0249 0.9095
vn 0.0333 0.4383 0.8982
vn -0.6163 -0.0372 -0.7866
vn -0.6168 -0.0356 -0.7863
vn -0.6166 -0.0370 -0.7864
vn 0.2095 -0.4818 0.8509
vn -0.1794 0.8042 -0.5667
vn -0.9810 0.0371 0.1903
vn -0.0081 1.0000 -0.0004
vn -0.0023 1.0000 0.0042
vn 0.1151 -0.5035 0.8563
vn -0.1685 0.1361 -0.9763
vn -0.9878 -0.0842 0.1311
vn 0.7803 0.4725 0.4098
vn 0.7162 0.5087 0.4778
vn 0.7014 0.4286 0.5695
vn 0.7690 0.3948 0.5028
vn 0.0033 0.1096 0.9940
vn 0.0769 -0.9970 -0.0038
vn 0.0077 0.9891 -0.1472
vn 0.0502 -0.9958 0.0770
vn 0.2992 0.9284 -0.2202
vn 0.0094 0.9998 0.0197
vn 0.0176 0.9996 0.0200
vn 0.7766 -0.4254 -0.4648
vn -0.9988 -0.0000 0.0496
vn 0.1515 -0.9478 0.2806
vn -0.1707 -0.7180 -0.6748
vn -0.1340 0.9715 -0.1955
vn 0.7578 -0.2112 -0.6174
vn -0.9139 -0.0586 -0.4017
vn -0.0693 0.9723 0.2231
vn 0.0289 0.9710 0.2374
vn -0.0289 -0.9710 -0.2374
vn 0.9929 0.0850 0.0831
vn -0.1985 -0.0019 -0.9801
vn -0.1978 0.0045 -0.9802
vn -0.1916 0.0044 -0.9815
vn -0.2407 -0.3628 -0.9002
vn -0.2401 -0.3635 -0.9001
vn -0.2398 -0.3639 -0.9000
vn -0.2397 -0.3641 -0.9000
vn 0.0696 0.9169 -0.3930
vn 0.3781 0.9250 0.0372
vn 0.0391 0.9916 -0.1232
vn -0.0020 1.0000 -0.0087
vn -0.0018 1.0000 -0.0093
vn 0.0939 0.1133 0.9891
vn 0.9341 -0.0864 -0.3464
vn 0.2076 -0.9768 0.0520
vn 0.1587 -0.0751 0.9845
vn 0.0186 -0.6700 0.7421
vn 0.0088 -0.6238 0.7816
vn -0.0965 -0.6044 0.7908
vn -0.0231 -0.7131 0.7007
vn 0.0632 0.8890 0.4535
vn 0.0637 0.8890 0.4535
vn -0.4455 -0.5413 -0.7131
vn -0.3167 -0.6114 -0.7252
vn -0.2956 -0.6178 -0.7287
vn 0.6053 0.6194 0.4999
vn 0.4566 0.7492 -0.4798
vn 0.4457 0.7289 -0.5197
vn 0.5095 0.6229 -0.5936
vn 0.5311 0.6350 -0.5609
vn -0.8733 -0.4679 0.1359
vn -0.8221 -0.1372 -0.5526
vn 0.2247 0.7558 -0.6151
vn 0.2246 0.7556 -0.6154
vn 0.2323 0.7530 -0.6156
vn 0.2232 0.7517 -0.6206
vn 0.5424 0.8369 -0.0730
vn 0.0212 -0.2538 0.9670
vn -0.0892 -0.6753 0.7321
vn 0.0148 -0.1479 0.9889
vn 0.3699 -0.2525 -0.8941
vn -0.0507 0.8600 -0.5077
vn -0.7687 -0.4570 -0.4474
vn -0.7152 -0.4984 -0.4900
vn -0.7326 -0.4321 -0.5259
vn -0.7768 -0.3997 -0.4867
vn -0.8191 -0.0424 -0.5720
vn -0.1516 0.9763 0.1546
vn 0.8544 0.4560 -0.2490
vn 0.6087 -0.0375 0.7926
vn -0.4256 -0.4503 -0.7849
vn 0.1845 0.9184 0.3500
vn 0.9752 -0.1622 -0.1504
vn -0.2616 0.9569 -0.1264
vn -0.3357 0.5836 0.7394
vn -0.4991 -0.7838 -0.3696
vn -0.5437 0.5809 -0.6058
vn 0.1931 -0.9634 0.1857
vn 0.0252 0.0047 0.9997
vn 0.9826 0.1178 -0.1435
vn -0.9761 0.1570 0.1506
vn 0.0070 -0.0971 0.9952
vn -0.9920 -0.0357 0.1213
vn -0.2938 -0.1010 -0.9505
vn 0.0697 -0.9961 -0.0539
vn 0.9713 -0.1624 0.1737
vn -0.9644 0.2123 0.1574
vn -0.3619 -0.9266 0.1022
vn 0.5370 0.5114 -0.6709
vn 0.6466 0.5109 -0.5664
vn 0.5881 0.5403 -0.6018
vn 0.5446 0.5305 -0.6496
vn -0.3251 -0.8190 0.4727
vn -0.3603 -0.8070 0.4679
vn -0.4002 -0.7835 0.4754
vn -0.3636 -0.8115 0.4575
vn 0.0247 0.9996 0.0103
vn -0.3684 0.9296 -0.0128
vn 0.9453 0.0942 -0.3123
vn -0.1192 -0.1631 -0.9794
vn 0.4976 0.7831 0.3731
vn 0.0003 0.9624 -0.2716
vn 0.1207 0.0255 0.9924
vn -0.0252 -0.0048 -0.9997
vn -0.0284 -0.0096 -0.9996
vn -0.0310 -0.0046 -0.9995
vn 0.2241 0.0334 0.9740
vn 0.2473 0.0177 0.9688
vn 0.2330 0.0136 0.9724
vn -0.1207 0.0255 -0.9924
vn 0.5478 0.8252 0.1381
vn 0.3664 -0.1089 0.9241
vn 0.0649 0.8642 0.4989
vn 0.3505 0.8951 0.2757
vn 0.2004 0.9764 -0.0806
vn 0.1275 0.9812 0.1450
vn -0.0002 -0.9954 0.0956
vn 0.9801 0.0000 -0.1986
vn 0.7344 0.6764 -0.0560
vn 0.1478 -0.0655 -0.9868
vn -0.1708 -0.9284 -0.3301
vn 0.6299 0.2734 0.7270
vn -0.1408 -0.0384 -0.9893
vn -0.1377 -0.0394 -0.9897
vn -0.1220 -0.0390 -0.9918
vn 0.2343 0.2514 0.9391
vn 0.3795 0.3678 0.8490
vn 0.2073 0.4493 0.8690
vn 0.0675 0.3126 0.9475
vn -0.0289 0.9710 -0.2374
vn 0.0002 1.0000 0.0089
vn 0.0675 0.9916 0.1103
vn -0.1734 0.9839 -0.0435
vn 0.3619 0.3398 0.8681
vn 0.4284 0.6223 0.6551
vn 0.1270 0.4346 0.8916
vn 0.0008 -1.0000 -0.0002
vn -0.1725 0.9536 0.2467
vn -0.0138 0.9986 -0.0502
vn 0.0705 0.9963 -0.0488
vn 0.7522 -0.5405 -0.3769
vn 0.3850 0.3805 -0.8408
vn 0.3944 0.2956 -0.8701
vn 0.4106 0.2720 -0.8703
vn 0.4020 0.3616 -0.8412
vn 0.0309 -0.9986 0.0428
vn -0.6506 0.0000 0.7594
vn -0.0066 1.0000 0.0023
vn -0.0029 1.0000 0.0094
vn 0.0004 1.0000 0.0093
vn 0.0022 1.0000 0.0020
vn -0.3422 -0.9372 -0.0673
vn 0.6534 0.0422 -0.7558
vn -0.2141 0.0273 -0.9764
vn 0.6231 -0.2489 0.7415
vn 0.6227 -0.2492 0.7417
vn 0.1110 0.8843 0.4536
vn -0.0061 -0.5337 -0.8457
vn -0.9991 0.0003 0.0434
vn -0.6091 0.0369 -0.7922
vn -0.6720 -0.0970 0.7342
vn -0.9988 0.0002 0.0488
vn 0.9698 0.1922 -0.1503
vn -0.0143 0.9999 0.0009
vn -0.0656 -0.9736 -0.2186
vn 0.3642 -0.9306 0.0364
vn -0.3568 0.2482 0.9006
vn -0.4338 -0.8187 -0.3763
vn 0.5598 -0.0000 0.8286
vn 0.3007 0.6438 -0.7036
vn 0.3194 0.5496 -0.7719
vn 0.3824 0.4717 -0.7945
vn 0.3329 0.6439 -0.6890
vn -0.9970 0.0000 0.0774
vn -0.1488 0.0630 0.9869
vn -0.0487 -0.6313 0.7740
vn -0.1037 -0.5449 0.8321
vn -0.1338 -0.5761 0.8064
vn -0.1231 -0.6801 0.7227
vn 0.5771 -0.0807 0.8127
vn -0.0070 0.0136 -0.9999
vn -0.0037 0.0101 -0.9999
vn -0.0102 0.0101 -0.9999
vn -0.2348 0.0381 -0.9713
vn 0.0949 -0.0892 0.9915
vn 0.0214 -0.9952 0.0951
vn 0.9904 -0.0622 -0.1238
vn 0.9909 -0.0606 -0.1201
vn 0.9906 -0.0609 -0.1224
vn -0.4455 -0.5413 -0.7132
vn -0.2957 -0.6178 -0.7286
vn -0.2784 -0.5187 -0.8084
vn 0.1848 -0.0321 0.9823
vn 0.1453 0.0491 0.9882
vn 0.1366 0.0271 0.9903
vn 0.1308 -0.0345 0.9908
vn 0.9954 0.0002 -0.0956
vn -0.9464 0.2673 0.1814
vn -0.9555 -0.1053 0.2757
vn 0.2464 -0.1315 0.9602
vn -0.2788 -0.1671 -0.9457
vn 0.6802 0.1257 -0.7222
vn 0.6766 -0.1036 0.7290
vn 0.4757 0.7378 0.4789
vn 0.3879 0.7391 0.5506
vn 0.4143 0.6980 0.5841
vn 0.5440 0.5740 0.6120
vn -0.0061 0.1589 -0.9873
vn 0.0102 -0.9984 0.0548
vn -0.0368 -0.0497 -0.9981
vn 0.8674 -0.4817 -0.1248
vn -0.0004 0.9987 -0.0509
vn 0.1343 -0.9818 -0.1342
vn 0.9652 0.2125 -0.1522
vn -0.6640 -0.1963 -0.7215
vn -0.0044 -0.0363 -0.9993
vn -0.0074 -0.0336 -0.9994
vn -0.0048 -0.0375 -0.9993
vn -0.0003 -1.0000 -0.0011
vn -0.0007 -1.0000 -0.0011
vn 0.3804 -0.8893 0.2540
vn -0.0148 0.9063 -0.4223
vn -0.0391 0.9852 -0.1669
vn -0.8936 0.4355 0.1087
vn 0.8959 -0.0941 -0.4343
vn 0.9556 0.1289 -0.2649
vn -0.1159 -0.2799 -0.9530
vn -0.3640 0.0238 -0.9311
vn -0.0185 -0.9316 -0.3630
vn -0.9826 -0.1021 0.1554
vn -0.9816 -0.1207 0.1479
vn -0.9825 -0.1219 0.1406
vn -0.0712 0.9966 0.0418
vn 0.5308 0.5353 0.6570
vn 0.5492 -0.5919 0.5899
vn -0.2118 0.9575 0.1958
vn 0.1207 0.0365 0.9920
vn 0.1207 0.0247 0.9924
vn 0.3962 0.1899 -0.8983
vn 0.0574 0.8478 0.5272
vn 0.8556 -0.5100 -0.0881
vn 0.2216 -0.1015 0.9698
vn 0.2214 -0.1023 0.9698
vn 0.2215 -0.1009 0.9699
vn 0.1036 -0.5639 0.8193
vn 0.0994 -0.5676 0.8173
vn 0.1037 -0.5709 0.8145
vn -0.3146 -0.5556 0.7696
vn -0.1257 0.1525 -0.9803
vn -0.2362 -0.7008 -0.6732
vn -0.2490 -0.7064 -0.6626
vn -0.2513 -0.6945 -0.6742
vn -0.2539 -0.6930 -0.6747
vn -0.1028 0.5323 -0.8403
vn -0.1978 0.0017 -0.9802
vn -0.2093 0.4831 -0.8502
vn -0.3784 0.8167 -0.4358
vn -0.1562 -0.9865 0.0494
vn 0.1433 0.0795 0.9865
vn -0.3547 0.9296 0.1007
vn -0.0071 -0.4673 0.8841
vn 0.1153 -0.4411 0.8900
vn 0.1361 -0.9796 0.1480
vn 0.1546 0.1207 -0.9806
vn 0.1782 0.9755 -0.1286
vn 0.0890 0.9812 -0.1713
vn 0.4615 0.8345 -0.3011
vn 0.2363 0.9179 -0.3189
vn 0.3679 -0.1338 -0.9202
vn -0.0320 -0.0069 -0.9995
vn -0.0369 -0.0039 -0.9993
vn -0.0360 0.0019 -0.9993
vn -0.0007 0.9998 -0.0175
vn 0.1359 0.0277 0.9903
vn 0.1221 0.0391 0.9918
vn 0.1219 0.0391 0.9918
vn 0.1365 0.0445 0.9896
vn 0.0043 0.0363 0.9993
vn 0.0047 0.0362 0.9993
vn 0.1241 -0.9731 0.1942
vn 0.0033 0.9998 -0.0202
vn -0.0029 0.9997 -0.0237
vn -0.0005 0.9999 -0.0143
vn 0.0155 0.9915 0.1294
vn -0.2983 -0.9184 0.2600
vn -0.0030 -0.2584 -0.9660
vn -0.0679 -0.7008 0.7101
vn -0.0980 -0.6632 0.7420
vn -0.1653 -0.6696 0.7241
vn -0.0818 -0.7398 0.6679
vn 0.2922 0.1628 0.9424
vn -0.1207 0.0247 -0.9924
vn 0.1737 -0.4923 0.8529
vn 0.0732 -0.9972 -0.0158
vn 0.2306 -0.9544 0.1895
vn 0.9950 -0.0078 0.0992
vn -0.2467 0.1304 -0.9603
vn 0.0143 -0.9999 -0.0009
vn 0.1470 -0.1120 0.9828
vn -0.3437 -0.9372 0.0595
vn 0.9303 0.3363 -0.1466
vn 0.7792 0.6214 -0.0816
vn 0.1426 -0.0320 -0.9893
vn -0.6195 -0.7789 0.0973
vn -0.0093 0.1304 0.9914
vn 0.9893 0.0002 -0.1458
vn 0.1351 -0.2897 0.9475
vn -0.0391 0.9702 0.2391
vn 0.0504 -0.9086 0.4147
vn 0.0102 -0.9998 0.0153
vn 0.1017 0.5325 0.8403
vn -0.4343 0.8671 0.2439
vn -0.1554 -0.1210 0.9804
vn 0.6287 -0.1305 0.7666
vn 0.3449 -0.9306 -0.1227
vn 0.0018 0.9989 0.0471
vn 0.2560 0.3353 0.9067
vn -0.9906 0.0654 0.1205
vn 0.0265 0.9948 0.0988
vn 0.0380 -0.9852 0.1670
vn 0.1455 -0.1016 -0.9841
vn -0.4799 0.8743 0.0724
vn -0.0345 -0.9880 -0.1503
vn 0.2572 -0.9586 0.1220
vn -0.2356 0.1553 0.9594
vn -0.4150 -0.1931 0.8891
vn -0.0997 -0.9082 -0.4065
vn -0.0152 0.9998 0.0102
vn -0.0024 1.0000 -0.0044
vn -0.6582 -0.0424 0.7517
vn 0.4545 -0.2328 -0.8598
vn 0.0090 -0.1318 -0.9912
vn 0.3508 0.2927 -0.8895
vn 0.6765 0.1383 0.7233
vn 0.2503 -0.9679 0.0207
vn -0.0092 0.9989 -0.0449
vn -0.0481 0.9894 -0.1368
vn 0.0613 0.8770 0.4766
vn -0.2555 -0.6068 0.7527
vn -0.3343 -0.4481 0.8291
vn -0.4003 -0.4902 0.7742
vn -0.3332 -0.7260 0.6016
vn -0.0179 0.9913 -0.1302
vn -0.1431 0.0318 0.9892
vn 0.6018 -0.0178 0.7985
vn -0.0010 0.8843 -0.4669
vn 0.3808 0.2702 -0.8843
vn 0.0030 0.9988 0.0487
vn -0.9900 -0.1181 0.0777
vn -0.1278 0.9914 -0.0285
vn 0.4749 0.8777 -0.0637
vn 0.8713 0.4825 -0.0899
vn 0.0339 -0.9937 0.1065
vn -0.2465 -0.1010 -0.9639
vn 0.0424 -0.0003 0.9991
vn 0.0429 -0.0003 0.9991
vn 0.0454 -0.0001 0.9990
vn -0.0335 0.0050 -0.9994
vn -0.7236 0.6869 0.0675
vn 0.9678 0.2251 -0.1130
vn -0.3886 -0.0000 0.9214
vn -0.9949 0.0000 -0.1008
vn -0.9815 0.0000 0.1913
vn 0.0212 -0.9993 -0.0317
vn 0.1677 -0.1360 0.9764
vn 0.0826 -0.0000 0.9966
vn 0.9428 0.0000 -0.3334
vn 0.3535 0.0000 -0.9354
vn 0.1083 -0.0000 0.9941
vn -0.9793 0.0000 0.2022
vn 0.2107 0.9769 -0.0345
vn 0.0009 -0.9954 -0.0958
vn 0.4987 -0.8251 -0.2654
vn 0.1667 -0.9328 0.3194
vn -0.6163 0.1284 -0.7769
vn 0.0369 0.9625 0.2687
vn -0.2331 -0.0137 -0.9724
vn -0.2428 -0.1291 -0.9614
vn -0.2329 -0.0821 -0.9690
vn -0.2580 -0.0483 -0.9649
vn -0.2728 -0.0843 -0.9584
vn -0.3578 0.0054 0.9338
vn 0.7638 0.6378 -0.0991
vn 0.0041 -0.9937 0.1120
vn -0.1209 -0.0245 -0.9924
vn 0.0431 -0.3598 0.9320
vn -0.0893 -0.5752 -0.8131
vn -0.0641 -0.5763 -0.8147
vn -0.0629 -0.5629 -0.8241
vn -0.0855 -0.5452 -0.8340
vn -0.1941 -0.7808 0.5939
vn -0.2207 -0.7581 0.6137
vn -0.2610 -0.7348 0.6261
vn -0.2577 -0.7659 0.5891
vn 0.0008 -1.0000 0.0000
vn 0.0008 -1.0000 0.0004
vn 0.9905 -0.0677 -0.1199
vn 0.9906 -0.0671 -0.1192
vn 0.1241 -0.9921 -0.0192
vn 0.1246 -0.9921 -0.0173
vn 0.1246 -0.9921 -0.0155
vn -0.9797 -0.1181 0.1619
vn -0.1657 0.9736 -0.1572
vn 0.0006 0.4830 0.8756
vn 0.1257 0.0917 0.9878
vn 0.8984 0.4092 0.1593
vn -0.0010 -0.9999 0.0104
vn 0.1888 -0.4391 0.8784
vn -0.0006 -0.5715 -0.8206
vn -0.2076 0.0802 -0.9749
vn -0.9936 0.0767 -0.0827
vn -0.9933 0.0758 -0.0873
vn 0.5283 0.8458 -0.0745
vn 0.5286 0.8456 -0.0741
vn -0.0748 -0.9937 0.0834
vn -0.5314 -0.8446 0.0646
vn 0.9666 0.2251 -0.1223
vn 0.0007 1.0000 0.0030
vn 0.1697 -0.0000 0.9855
vn 0.9942 -0.0000 0.1078
vn 0.9227 0.0000 -0.3855
vn 0.1499 0.0222 0.9884
vn 0.0027 -0.9947 0.1027
vn -0.1519 -0.7443 -0.6503
vn -0.2629 -0.7708 0.5803
vn -0.2517 -0.6951 0.6734
vn -0.3020 -0.6864 0.6616
vn -0.4371 -0.6943 0.5718
vn 0.0061 0.9896 0.1440
vn 0.1968 -0.5337 0.8225
vn 0.9214 -0.1466 -0.3599
vn 0.9163 -0.1314 -0.3784
vn 0.9021 -0.1599 -0.4007
vn 0.9079 -0.1738 -0.3815
vn -0.8137 0.0000 -0.5813
vn -0.1601 -0.6702 -0.7247
vn -0.1672 -0.6564 -0.7356
vn -0.1881 -0.6386 -0.7462
vn -0.1808 -0.6579 -0.7311
vn 0.1286 -0.9643 -0.2316
vn -0.3779 -0.8173 0.4350
vn -0.4176 -0.7563 0.5037
vn -0.4281 -0.7714 0.4708
vn -0.4976 -0.7999 0.3356
vn -0.4945 0.4393 -0.7500
vn 0.9520 -0.0756 -0.2966
vn -0.1521 0.9728 -0.1749
vn -0.6329 -0.7029 -0.3245
vn -0.5408 -0.7305 -0.4171
vn -0.5855 -0.6508 -0.4834
vn -0.6847 -0.6046 -0.4070
vn 0.0006 0.9999 -0.0167
vn 0.0030 0.9998 -0.0198
vn 0.0065 0.9997 -0.0216
vn 0.0002 0.9997 -0.0226
vn 0.9783 -0.0853 -0.1888
vn -0.6796 -0.0928 -0.7277
vn -0.0973 -0.1139 -0.9887
vn -0.0974 -0.1131 -0.9888
vn -0.0968 -0.1159 -0.9885
vn 0.1437 0.0827 0.9862
vn -0.0947 0.0892 -0.9915
vn -0.1499 0.0327 -0.9882
vn 0.0113 0.9999 0.0114
vn 0.0111 0.9999 0.0045
vn 0.0071 0.9999 0.0080
vn 0.0070 0.9999 0.0125
vn 0.1201 -0.0984 0.9879
vn 0.6373 0.7701 -0.0278
vn 0.0913 0.0327 0.9953
vn 0.9930 -0.0705 0.0945
vn 0.9929 -0.0679 0.0979
vn -0.0078 -0.9986 -0.0525
vn 0.0070 0.9999 -0.0142
vn -0.0022 0.9999 -0.0138
vn 0.0008 1.0000 -0.0092
vn 0.0128 0.9999 0.0029
vn 0.1375 0.1646 0.9767
vn -0.9946 0.0678 -0.0792
vn -0.9942 0.0724 -0.0800
vn -0.0797 0.9968 0.0040
vn 0.0225 0.0005 0.9997
vn -0.0955 -0.0231 -0.9952
vn -0.0887 0.0007 -0.9961
vn -0.1049 0.0274 -0.9941
vn -0.1126 -0.0009 -0.9936
vn -0.7735 0.0122 0.6337
vn -0.0556 0.8711 -0.4880
vn -0.0535 0.8713 -0.4878
vn -0.0545 0.8718 -0.4868
vn 0.9884 0.1191 -0.0945
vn 0.9884 0.1193 -0.0943
vn -0.2141 0.1001 -0.9717
vn -0.2135 0.0998 -0.9718
vn -0.2146 0.1014 -0.9714
vn 0.0242 0.9964 -0.0815
vn -0.0027 0.9999 -0.0167
vn -0.0028 0.9999 -0.0171
vn -0.0122 -0.9224 0.3860
vn 0.0887 0.9014 0.4239
vn 0.2604 -0.9202 -0.2924
vn -0.3218 0.0000 -0.9468
vn -0.1595 0.0000 -0.9872
vn -0.6997 -0.7096 0.0828
vn 0.5420 0.4938 0.6800
vn -0.0038 -0.9979 -0.0643
vn -0.1982 -0.4476 -0.8720
vn -0.1854 -0.3380 -0.9227
vn -0.2320 -0.2612 -0.9370
vn -0.2407 -0.2265 -0.9438
vn -0.7147 -0.0000 0.6994
vn -0.9720 0.0000 -0.2349
vn -0.0822 0.9964 -0.0210
vn 0.8149 0.0408 0.5782
vn 0.0063 -0.9991 0.0415
vn -0.1009 -0.9947 -0.0175
vn 0.1207 0.0112 0.9926
vn 0.0935 0.5043 0.8584
vn -0.4235 -0.8909 0.1640
vn -0.9803 0.0003 0.1974
vn 0.0060 0.9901 -0.1403
vn 0.1207 0.0051 0.9927
vn -0.1207 -0.0161 -0.9926
vn 0.1207 0.0153 0.9926
vn -0.1207 0.0043 -0.9927
vn -0.1207 0.0145 -0.9926
vn 0.1207 -0.0051 0.9927
vn 0.1207 -0.0153 0.9926
vn -0.1207 -0.0059 -0.9927
vn -0.1917 0.9758 -0.1054
vn 0.9277 0.3507 -0.1283
vn 0.1191 0.1628 0.9794
vn 0.2089 -0.9593 -0.1903
vn 0.3484 -0.9359 -0.0520
vn -0.0053 -0.9754 0.2204
vn -0.7250 -0.0000 0.6888
vn -0.9242 -0.3437 0.1669
vn 0.1416 0.5670 0.8115
vn -0.4932 -0.2053 -0.8453
vn -0.9995 0.0000 -0.0331
vn -0.0033 -0.8884 -0.4590
vn 0.0370 0.0002 0.9993
vn -0.0198 -0.4863 -0.8736
vn 0.0205 -0.0169 0.9996
vn 0.0174 -0.0231 0.9996
vn 0.0270 -0.0194 0.9994
vn -0.9260 -0.0000 0.3776
vn -0.1673 0.0000 -0.9859
vn -0.0375 -0.0000 0.9993
vn -0.0374 -0.9957 -0.0849
vn 0.4138 0.0223 -0.9101
vn 0.0100 -0.9948 0.1015
vn -0.9903 0.0663 0.1221
vn -0.9905 0.0663 0.1209
vn -0.0396 -0.9970 -0.0668
vn -0.8368 0.5375 0.1046
vn 0.0212 0.9995 -0.0224
vn 0.0188 0.9994 -0.0277
vn 0.0176 0.9996 -0.0239
vn 0.6163 0.0389 0.7866
vn 0.6150 0.0446 0.7873
vn 0.0031 1.0000 0.0030
vn 0.0003 1.0000 0.0059
vn 0.0066 1.0000 0.0049
vn 0.0057 1.0000 0.0000
vn -0.5050 -0.1428 -0.8512
vn -0.5047 -0.1435 -0.8513
vn -0.5048 -0.1432 -0.8513
vn 0.0244 0.1010 0.9946
vn 0.0244 0.9995 -0.0196
vn 0.0272 0.9994 -0.0225
vn 0.0209 0.9996 -0.0215
vn 0.0219 0.9996 -0.0167
vn -0.2241 -0.1396 0.9645
vn -0.0777 -0.9951 -0.0605
vn 0.2243 0.1397 -0.9644
vn -0.9911 0.0989 -0.0896
vn -0.0063 0.9997 0.0223
vn 0.1454 -0.1030 0.9840
vn 0.1564 -0.0306 0.9872
vn 0.0957 -0.0693 0.9930
vn 0.1195 -0.1241 0.9851
vn -0.0358 -0.4923 -0.8697
vn -0.0765 0.5580 -0.8263
vn 0.9853 -0.0769 -0.1528
vn -0.2007 0.5059 -0.8389
vn 0.2425 0.6946 0.6773
vn 0.2162 0.6696 0.7106
vn 0.2915 0.6479 0.7038
vn 0.3057 0.7019 0.6433
vn 0.0063 1.0000 0.0057
vn 0.0088 0.9999 0.0111
vn 0.0099 0.9999 0.0073
vn -0.0299 0.3316 -0.9429
vn 0.0731 0.6946 -0.7157
vn 0.1138 0.6930 -0.7119
vn 0.0673 0.6957 -0.7152
vn 0.0798 0.6861 -0.7231
vn -0.1959 0.0357 -0.9800
vn 0.1161 -0.9078 0.4031
vn -0.2315 0.2792 -0.9319
vn 0.3964 -0.0507 -0.9167
vn 0.5050 0.1433 0.8511
vn 0.2313 -0.2806 0.9315
vn -0.5967 0.6445 0.4782
vn -0.5963 0.6449 0.4780
vn -0.7820 0.6191 0.0720
vn -0.0011 -0.9193 0.3936
vn 0.0039 -0.7129 -0.7012
vn 0.0062 0.5058 0.8626
vn 0.0050 0.9999 -0.0095
vn 0.0079 0.9999 -0.0078
vn 0.0059 0.9999 -0.0141
vn 0.0038 0.9999 -0.0138
vn -0.0553 0.9983 0.0160
vn -0.0489 0.9985 -0.0244
vn 0.0042 1.0000 0.0079
vn 0.0057 0.9999 0.0141
vn 0.0082 0.9999 0.0101
vn -0.0007 1.0000 -0.0079
vn 0.0038 0.9999 -0.0104
vn -0.0040 1.0000 -0.0091
vn -0.9809 -0.0325 0.1919
vn -0.9808 -0.0326 0.1923
vn -0.1131 -0.3501 -0.9299
vn 0.3073 0.5325 -0.7887
vn 0.0042 -0.9999 0.0130
vn -0.2981 -0.2687 0.9160
vn -0.9910 -0.0555 0.1222
vn 0.6450 -0.0006 -0.7642
vn -0.7616 -0.6414 0.0926
vn -0.1535 -0.2354 0.9597
vn -0.8711 -0.4795 0.1059
vn 0.9348 -0.3246 -0.1439
vn 0.7450 0.6569 -0.1165
vn 0.0117 0.7178 0.6961
vn 0.0542 -0.8936 0.4456
vn 0.8680 0.4817 -0.1207
vn 0.2094 -0.0709 0.9752
vn -0.9486 -0.0004 0.3164
vn 0.0959 -0.5613 0.8220
vn 0.1002 -0.5575 0.8241
vn 0.0960 -0.5543 0.8268
vn 0.1455 -0.9816 -0.1239
vn 0.0088 0.9968 0.0793
vn -0.9903 0.0659 0.1224
vn -0.9906 0.0647 0.1204
vn -0.9909 0.0642 0.1183
vn 0.2032 -0.0521 0.9777
vn 0.1083 0.9902 -0.0885
vn 0.5746 0.3821 0.7238
vn 0.5298 0.3109 0.7891
vn 0.6069 0.2693 0.7478
vn 0.6533 0.3356 0.6786
vn -0.9925 0.0000 0.1224
vn -0.9163 -0.3483 0.1978
vn -0.1560 0.9825 -0.1020
vn 0.0359 0.9692 0.2434
vn -0.0979 0.0000 -0.9952
vn -0.1111 0.3916 -0.9134
vn -0.9918 0.1009 -0.0779
vn 0.8175 0.4642 -0.3410
vn 0.0025 -0.9998 0.0203
vn -0.1098 0.9582 -0.2640
vn -0.0743 0.9930 0.0920
vn -0.0025 0.9998 -0.0203
vn -0.0817 0.9505 0.2997
vn -0.0980 -0.9593 -0.2649
vn 0.0518 0.9738 0.2216
vn -0.2517 0.8665 -0.4310
vn -0.1103 0.8684 0.4835
vn 0.9901 0.0796 -0.1155
vn -0.9798 -0.0122 0.1996
vn -0.1685 -0.4470 0.8785
vn 0.0130 0.1721 -0.9850
vn 0.0537 0.1700 -0.9840
vn 0.0118 0.0415 -0.9991
vn 0.0058 0.0870 -0.9962
vn 0.0098 0.9997 -0.0239
vn 0.0088 0.9996 -0.0277
vn 0.1410 -0.9351 -0.3252
vn -0.3476 0.9128 -0.2143
vn -0.7157 0.6898 0.1093
vn 0.9704 0.1890 -0.1504
vn -0.2672 0.9139 0.3057
vn 0.0867 -0.9962 -0.0114
vn -0.0993 0.1570 -0.9826
vn -0.2395 0.9527 -0.1869
vn 0.3536 0.8630 -0.3608
vn -0.3766 -0.3771 0.8461
vn -0.3899 -0.2517 0.8858
vn -0.4195 -0.2747 0.8652
vn -0.4097 -0.4000 0.8198
vn -0.0102 0.9922 -0.1245
vn 0.2141 -0.0275 0.9764
vn 0.1710 -0.9553 -0.2413
vn 0.0178 0.9998 0.0074
vn 0.0188 0.9998 0.0111
vn -0.5675 -0.3768 -0.7321
vn -0.5698 -0.3133 -0.7597
vn -0.6139 -0.2728 -0.7408
vn -0.6227 -0.3258 -0.7114
vn -0.0194 0.9835 -0.1801
vn -0.9415 0.0841 0.3265
vn 0.6489 0.1932 0.7360
vn 0.1691 -0.9814 0.0913
vn 0.8044 0.0000 -0.5941
vn -0.1424 0.0031 -0.9898
vn -0.1448 -0.0111 -0.9894
vn -0.1400 -0.0280 -0.9898
vn -0.1464 -0.0019 -0.9892
vn 0.2468 0.1308 0.9602
vn 0.1981 0.0852 0.9765
vn 0.2538 0.0476 0.9661
vn 0.3046 0.0899 0.9482
vn -0.2146 -0.9761 0.0351
vn 0.7207 0.3814 -0.5790
vn 0.3392 0.7761 -0.5316
vn 0.2247 0.9603 -0.1655
vn 0.3758 0.7897 -0.4850
vn 0.3694 0.7944 -0.4822
vn 0.3788 0.7720 0.5104
vn 0.3658 0.7542 0.5453
vn 0.3727 0.7257 0.5783
vn 0.4033 0.7298 0.5520
vn 0.2874 0.9575 0.0221
vn -0.0077 -0.0437 -0.9990
vn -0.0055 -0.0390 -0.9992
vn -0.0091 -0.0392 -0.9992
vn -0.0055 -0.0375 -0.9993
vn -0.9580 0.0746 0.2770
vn 0.7637 0.6404 -0.0819
vn 0.0002 1.0000 -0.0046
vn 0.0087 1.0000 -0.0017
vn 0.0077 0.9999 -0.0118
vn 0.0019 1.0000 -0.0094
vn -0.9660 -0.2397 0.0972
vn -0.1207 0.0222 -0.9924
vn 0.6659 0.0935 -0.7401
vn -0.1419 0.9770 -0.1590
vn 0.1663 0.6605 0.7321
vn 0.1447 0.6394 0.7551
vn 0.1833 0.6352 0.7503
vn 0.2071 0.6556 0.7262
vn 0.6510 0.7181 0.2460
vn 0.5413 0.7454 0.3889
vn 0.5568 0.6128 0.5608
vn 0.6767 0.5914 0.4385
vn 0.9793 0.0000 -0.2022
vn -0.0138 0.6607 -0.7505
vn 0.0401 0.6561 -0.7536
vn -0.0238 0.6610 -0.7500
vn -0.0045 0.6500 -0.7599
vn 0.5668 -0.6306 0.5302
vn -0.9809 0.1189 -0.1538
vn 0.3617 -0.0774 0.9291
vn 0.3614 -0.1296 0.9234
vn -0.3645 0.0815 -0.9276
vn -0.3403 0.1156 -0.9332
vn 0.4058 0.7790 -0.4780
vn 0.4197 0.7858 -0.4543
vn 0.4348 0.7976 -0.4181
vn 0.3476 0.7641 -0.5435
vn -0.0134 -0.0456 -0.9989
vn -0.0178 -0.0473 -0.9987
vn -0.0148 -0.0420 -0.9990
vn -0.3480 0.9361 0.0519
vn -0.0009 0.9701 -0.2428
vn 0.0719 0.9710 0.2279
vn -0.3992 0.6919 0.6016
vn -0.5627 0.6898 -0.4557
vn 0.5059 0.4772 0.7186
vn 0.2756 0.5846 0.7631
vn 0.3458 -0.5946 -0.7259
vn 0.0789 0.1708 -0.9821
vn 0.1189 -0.9928 -0.0160
vn 0.1227 -0.9923 -0.0167
vn 0.1224 -0.9923 -0.0172
vn 0.1188 -0.9928 -0.0168
vn -0.2443 -0.9691 0.0340
vn -0.4244 -0.7998 0.4245
vn -0.4587 -0.6717 0.5817
vn -0.5515 -0.5530 0.6245
vn -0.5443 -0.6858 0.4831
vn -0.1171 0.6032 -0.7890
vn -0.1052 0.5951 -0.7968
vn -0.1029 0.5893 -0.8014
vn -0.1328 0.5866 -0.7989
vn -0.0879 0.9777 0.1906
vn 0.3885 0.9194 -0.0619
vn 0.1738 0.4201 -0.8907
vn -0.0626 -0.9270 0.3699
vn -0.9738 -0.0941 -0.2069
vn -0.3967 -0.9158 0.0632
vn -0.9840 0.1362 -0.1149
vn 0.0592 0.4197 -0.9057
vn 0.0173 0.5730 -0.8194
vn -0.0116 0.5969 -0.8022
vn 0.1215 -0.5929 0.7960
vn 0.1232 -0.5973 0.7925
vn 0.1104 -0.6063 0.7875
vn 0.0986 -0.6068 0.7887
vn -0.0799 -0.9216 -0.3797
vn 0.1467 -0.9622 0.2294
vn -0.9492 0.3057 0.0746
vn 0.8424 0.0000 -0.5388
vn 0.9887 -0.1009 0.1105
vn -0.3671 0.1088 -0.9238
vn -0.5929 -0.5265 0.6093
vn -0.5751 -0.4507 0.6828
vn -0.6213 -0.3713 0.6901
vn -0.6380 -0.4021 0.6567
vn 0.0101 -0.0073 0.9999
vn 0.0006 -0.0110 0.9999
vn 0.0070 -0.0136 0.9999
vn 0.2038 -0.0000 0.9790
vn 0.6053 -0.6194 0.4999
vn 0.0792 0.9709 0.2260
vn 0.2071 -0.0044 0.9783
vn 0.2098 -0.0080 0.9777
vn 0.2103 -0.0045 0.9776
vn -0.0043 0.9999 0.0099
vn 0.0010 1.0000 0.0080
vn 0.0005 1.0000 0.0075
vn -0.0005 0.9999 0.0102
vn 0.9920 -0.0761 0.1010
vn 0.9915 -0.0797 0.1033
vn -0.0023 -0.9999 -0.0099
vn -0.0915 0.0222 -0.9956
vn -0.9985 -0.0200 0.0504
vn -0.0394 0.9989 0.0243
vn -0.1185 0.9830 0.1405
vn 0.9566 -0.1228 -0.2641
vn 0.7745 0.6242 -0.1027
vn 0.3635 -0.0239 0.9313
vn -0.9926 -0.0098 0.1214
vn -0.1828 0.4335 -0.8824
vn -0.0944 0.1126 -0.9892
vn 0.0648 0.8714 0.4863
vn -0.0020 1.0000 -0.0078
vn -0.0013 1.0000 -0.0074
vn -0.0036 0.9999 -0.0121
vn -0.0016 1.0000 -0.0070
vn 0.2775 0.7207 -0.6353
vn 0.2782 0.7179 -0.6381
vn 0.3199 0.7263 -0.6085
vn 0.2234 0.7214 -0.6555
vn -0.9916 -0.0460 0.1206
vn 0.0915 -0.0223 0.9956
vn 0.2397 0.1271 -0.9625
vn -0.1469 0.1121 -0.9828
vn -0.9447 0.0993 0.3126
vn -0.9445 0.0998 0.3128
vn -0.0737 0.9965 0.0396
vn 0.0261 0.9994 -0.0206
vn -0.9801 0.0000 0.1986
vn -0.1042 0.8470 -0.5213
vn 0.7378 0.2899 -0.6096
vn 0.0398 0.4711 0.8812
vn -0.0708 -0.9975 0.0093
vn -0.1741 0.4651 -0.8679
vn 0.9639 0.2409 -0.1134
vn 0.0190 -0.9844 -0.1746
vn -0.9968 -0.0015 -0.0794
vn -0.9968 -0.0011 -0.0796
vn -0.0534 0.8970 -0.4388
vn 0.0739 -0.0000 0.9973
vn -0.9969 -0.0009 -0.0787
vn -0.9969 -0.0005 -0.0784
vn -0.0046 0.9991 -0.0419
vn -0.5469 -0.0000 0.8372
vn -0.9875 0.1022 0.1201
vn 0.1118 -0.3782 0.9190
vn 0.1159 -0.2799 0.9530
vn 0.8993 -0.1418 0.4137
vn -0.0165 -0.9998 0.0134
vn 0.3881 -0.0003 -0.9216
vn 0.0289 -0.9710 0.2374
vn 0.1159 0.2799 0.9530
vn -0.0920 0.9938 -0.0628
vn -0.2620 0.6218 0.7381
vn 0.0817 -0.7362 0.6718
vn -0.9418 0.0000 0.3363
vn 0.1154 -0.9932 -0.0159
vn -0.9500 0.1699 0.2620
vn 0.5305 0.8459 -0.0546
vn -0.1744 0.9847 0.0037
vn -0.9465 -0.0234 0.3219
vn 0.2150 0.2019 -0.9555
vn 0.9738 -0.1917 -0.1224
vn 0.0132 0.9920 0.1255
vn 0.0072 -0.9992 0.0394
vn -0.6722 0.1490 -0.7253
vn 0.2439 -0.0908 0.9655
vn 0.0092 -0.9964 -0.0844
vn -0.0185 -0.9992 0.0341
vn 0.1500 -0.0328 0.9881
vn -0.6833 -0.0795 0.7258
vn -0.8386 0.5357 0.0986
vn -0.0772 -0.9941 0.0757
vn 0.4807 -0.8739 -0.0726
vn 0.1265 -0.9915 -0.0313
vn 0.8456 0.4122 0.3393
vn 0.7557 0.6537 -0.0397
vn -0.4549 -0.5991 -0.6589
vn -0.4550 -0.5697 -0.6844
vn -0.5708 -0.4907 -0.6583
vn -0.5423 -0.6069 -0.5810
vn -0.0988 0.9653 0.2417
vn 0.1880 -0.9725 -0.1374
vn 0.1875 -0.9726 -0.1373
vn 0.1335 -0.7148 0.6864
vn 0.2038 -0.0039 0.9790
vn 0.2071 -0.0040 0.9783
vn 0.2042 -0.0005 0.9789
vn -0.2403 -0.0823 0.9672
vn 0.2039 0.0013 0.9790
vn 0.5974 0.4865 -0.6376
vn 0.5918 0.4765 -0.6501
vn 0.6108 0.4123 -0.6759
vn 0.6257 0.3977 -0.6711
vn 0.9023 0.2561 -0.3468
vn -0.9786 -0.1962 -0.0627
vn -0.1377 -0.1655 -0.9766
vn -0.4276 -0.7179 -0.5493
vn -0.4279 -0.7123 -0.5563
vn -0.4167 -0.7521 -0.5106
vn -0.3835 -0.7557 -0.5309
vn -0.9906 -0.0114 0.1364
vn 0.9316 0.3336 -0.1447
vn 0.9295 -0.0720 -0.3618
vn 0.0188 0.9984 -0.0541
vn 0.9441 -0.0000 -0.3297
vn 0.0284 0.9996 -0.0040
vn 0.0245 0.9997 -0.0053
vn 0.0262 0.9997 -0.0005
vn 0.9591 0.2561 0.1204
vn 0.0600 -0.9686 -0.2415
vn -0.2451 -0.9483 -0.2016
vn -0.1435 -0.0825 -0.9862
vn 0.8420 -0.5293 -0.1043
vn 0.0124 0.9999 0.0001
vn 0.0112 0.9999 -0.0052
vn 0.0035 1.0000 0.0004
vn 0.0033 1.0000 -0.0012
vn 0.0052 1.0000 -0.0023
vn 0.0036 1.0000 0.0020
vn 0.0078 1.0000 0.0038
vn 0.2984 0.1004 0.9491
vn 0.2986 0.1001 0.9491
vn 0.0444 0.0330 0.9985
vn 0.9422 -0.0078 -0.3348
vn 0.6799 -0.1196 -0.7235
vn -0.1613 0.0756 -0.9840
vn 0.0966 0.1113 0.9891
vn -0.3516 0.9352 0.0428
vn 0.0817 0.7362 0.6718
vn 0.9464 0.2673 -0.1814
vn -0.9350 0.1962 0.2954
vn -0.9464 -0.2673 0.1814
vn 0.9464 -0.2673 -0.1814
vn -0.9295 0.0720 0.3618
vn 0.9786 0.1962 0.0627
vn -0.9623 0.2673 0.0507
vn 0.9891 0.0720 0.1285
vn 0.9891 -0.0720 0.1285
vn -0.9738 0.0941 -0.2069
vn -0.9023 0.2561 0.3468
vn 0.9023 -0.2561 -0.3468
vn 0.9738 0.0941 0.2069
vn 0.9591 -0.2561 0.1204
vn 0.9738 -0.0941 0.2069
vn 0.9370 0.3482 -0.0276
vn -0.9370 -0.3483 0.0276
vn -0.0008 1.0000 -0.0043
vn 0.0014 1.0000 -0.0008
vn -0.8959 0.0941 0.4343
vn 0.0373 -0.9991 -0.0208
vn -0.9591 -0.2561 -0.1204
vn 0.9163 0.3482 -0.1978
vn 0.9163 -0.3482 -0.1978
vn -0.8959 -0.0941 0.4343
vn -0.9023 -0.2561 0.3468
vn -0.9163 0.3483 0.1978
vn 0.8959 0.0941 -0.4343
vn 0.8125 -0.0000 0.5829
vn -0.1159 0.2799 -0.9530
vn -0.9295 -0.0720 0.3619
vn -0.0244 -0.0397 -0.9989
vn 0.9786 -0.1962 0.0627
vn -0.9623 -0.2673 0.0507
vn 0.9623 -0.2673 -0.0507
vn 0.9295 0.0720 -0.3619
vn -0.9786 0.1962 -0.0627
vn -0.9745 0.1801 0.1336
vn -0.7898 0.6013 0.1209
vn -0.9891 0.0720 -0.1285
vn 0.9350 0.1962 -0.2954
vn -0.1115 -0.5519 -0.8264
vn 0.5478 -0.8252 0.1381
vn 0.4545 0.2328 -0.8598
vn 0.9494 0.1053 -0.2958
vn 0.4678 0.6194 -0.6304
vn 0.6474 -0.2328 0.7258
vn 0.4678 -0.6194 -0.6304
vn 0.4987 0.8252 -0.2654
vn 0.1529 0.2701 0.9506
vn -0.1203 -0.0859 -0.9890
vn -0.9801 -0.1280 0.1518
vn 0.0092 -0.9954 0.0951
vn 0.0092 -0.9955 0.0947
vn 0.0092 -0.9954 0.0953
vn -0.0031 1.0000 -0.0037
vn -0.0161 0.2432 -0.9698
vn -0.2296 0.8186 0.5265
vn -0.4810 0.8126 -0.3290
vn -0.9763 -0.1546 0.1512
vn -0.9902 -0.0845 0.1108
vn -0.6021 0.0175 -0.7982
vn 0.4344 0.4235 0.7950
vn -0.0186 -0.9948 -0.1003
vn 0.8777 0.4593 -0.1366
vn 0.0295 -0.9996 0.0043
vn -0.9865 -0.0000 0.1638
vn 0.2447 -0.0078 0.9696
vn 0.2223 -0.0365 0.9743
vn 0.2131 -0.0149 0.9769
vn 0.2215 -0.0012 0.9752
vn 0.7047 -0.0000 0.7095
vn 0.0138 0.9999 -0.0083
vn 0.0195 0.9998 -0.0056
vn 0.0205 0.9998 -0.0083
vn 0.4747 -0.0042 -0.8802
vn 0.0177 0.9998 -0.0019
vn 0.0097 0.9999 -0.0088
vn 0.1136 -0.0730 -0.9908
vn -0.5809 -0.2414 -0.7773
vn 0.2825 0.9208 -0.2691
vn 0.2778 0.9313 -0.2357
vn 0.8541 -0.4708 -0.2213
vn 0.2979 0.9074 -0.2966
vn 0.2600 0.9340 -0.2449
vn 0.3123 0.9080 -0.2794
vn 0.2812 0.9150 -0.2892
vn -0.3317 -0.1577 -0.9301
vn -0.5220 -0.1229 -0.8441
vn -0.7712 0.0278 -0.6360
vn -0.4758 0.0135 -0.8794
vn -0.8177 0.5725 -0.0597
vn 0.4351 -0.4526 -0.7783
vn 0.2826 0.9208 -0.2689
vn -0.0027 -0.4334 -0.9012
vn 0.0111 0.9999 -0.0113
vn 0.0145 0.9998 -0.0144
vn 0.0091 0.9999 -0.0126
vn 0.0148 0.9999 -0.0004
vn 0.0063 1.0000 -0.0056
vn 0.0165 0.9999 -0.0026
vn 0.0128 0.9998 -0.0143
vn 0.0208 0.9998 -0.0045
vn 0.0209 0.9998 -0.0057
vn 0.0101 0.9999 -0.0062
vn 0.0204 0.9998 -0.0074
vn 0.0138 0.9999 -0.0084
vn 0.2998 0.9180 -0.2597
vn 0.2856 0.9137 -0.2890
vn 0.2885 0.9086 -0.3020
vn 0.2578 0.9263 -0.2747
vn 0.2846 0.9264 -0.2467
vn 0.2766 0.9284 -0.2480
vn 0.2847 0.9261 -0.2474
vn 0.2793 0.9111 -0.3032
vn 0.2688 0.9331 -0.2389
vn 0.3171 0.9110 -0.2636
vn 0.8541 -0.4708 -0.2210
vn 0.8546 -0.4703 -0.2203
vn 0.2730 0.9326 -0.2360
vn 0.3037 0.9070 -0.2918
vn 0.2824 0.9208 -0.2690
vn 0.0042 0.0449 -0.9990
vn -0.3608 0.6176 -0.6988
vn -0.4317 0.6843 -0.5877
vn 0.2822 0.9208 -0.2691
vn 0.0057 0.9906 0.1365
vn 0.1081 0.9928 0.0518
vn 0.0861 0.9936 0.0731
vn 1.0000 -0.0059 0.0051
vn 0.9983 -0.0575 -0.0088
vn 0.9998 -0.0117 -0.0149
vn 0.0034 0.9996 0.0281
vn 0.8437 -0.1075 -0.5259
vn 0.8849 -0.0950 -0.4561
vn 0.8796 -0.1172 -0.4611
vn 0.0969 0.9916 -0.0858
vn 0.0500 0.9965 -0.0671
vn 0.0974 0.9930 -0.0663
vn -0.0057 0.1381 -0.9904
vn -0.8808 0.4735 0.0041
vn -0.9046 0.4163 0.0916
vn -0.8707 0.4908 -0.0325
vn 0.6573 0.5969 0.4601
vn 0.6921 0.7055 -0.1527
vn -0.1651 0.9597 0.2273
vn 0.0149 0.9894 0.1444
vn 0.3865 0.9214 0.0416
vn -0.2271 0.6794 -0.6977
vn 0.3477 0.8355 -0.4254
vn 0.4118 0.8053 -0.4266
vn 0.3426 0.8263 -0.4470
vn -0.7120 0.6996 -0.0601
vn 0.6674 0.6112 0.4255
vn -0.0168 0.9904 -0.1374
vn -0.0060 0.9930 -0.1180
vn -0.0139 0.9897 -0.1421
vn 0.5997 0.5298 -0.5997
vn 0.6470 0.5830 0.4914
vn 0.6804 0.7011 -0.2133
vn 0.7930 0.5122 0.3297
vn 0.6205 0.6660 -0.4141
vn 0.6895 0.7047 -0.1676
vn 0.9141 0.0000 -0.4054
vn 0.0397 0.7799 -0.6247
vn -0.0004 0.9999 -0.0146
vn -0.0832 0.1399 -0.9867
vn -0.1265 0.1904 -0.9735
vn -0.0975 0.1329 -0.9863
vn 0.7023 0.7103 -0.0486
vn 0.3283 0.9217 -0.2067
vn -0.8162 -0.0000 -0.5778
vn -0.2446 -0.1541 -0.9573
vn -0.2447 -0.1539 -0.9573
vn -0.2267 -0.1743 -0.9583
vn -0.0235 -0.0347 -0.9991
vn -0.0301 -0.0247 -0.9992
vn -0.0301 -0.0252 -0.9992
vn 0.5390 0.7450 0.3931
vn 0.0036 -1.0000 0.0006
vn 0.0051 -1.0000 -0.0024
vn 0.0041 -1.0000 -0.0014
vn 0.9945 0.0048 0.1042
vn 0.9946 0.0057 0.1034
vn 0.9942 0.0002 0.1077
vn -0.0011 -1.0000 0.0009
vn 0.0014 -1.0000 0.0004
vn 0.0019 -1.0000 0.0003
vn -0.0591 -0.9926 0.1063
vn -0.0648 -0.9973 0.0341
vn -0.0529 -0.9977 0.0435
vn -0.0592 -0.9961 0.0656
vn -0.0567 -0.9933 0.1009
vn -0.0733 -0.9942 0.0793
vn -0.0299 -0.9992 0.0277
vn -0.0316 -0.9947 0.0976
vn -0.0776 -0.9950 0.0636
vn -0.0270 -0.9989 0.0396
vn -0.0592 -0.9946 0.0853
vn -0.0646 -0.9943 0.0845
vn -0.0392 -0.9935 0.1067
vn -0.0979 -0.9921 0.0782
vn -0.0592 -0.9973 0.0426
vn -0.0435 -0.9985 0.0343
vn -0.0946 -0.9932 0.0676
vn 0.0537 0.9106 -0.4099
vn -0.4443 0.8338 -0.3277
vn -0.0487 0.9706 -0.2356
vn -0.0583 0.9804 -0.1883
vn 0.0080 0.9811 -0.1933
vn -0.0266 -0.0145 -0.9995
vn -0.0301 -0.0066 -0.9995
vn -0.0301 -0.0071 -0.9995
vn -0.3356 0.8674 -0.3674
vn -0.0586 0.9398 0.3365
vn 0.6975 0.7061 -0.1219
vn -0.0019 1.0000 0.0002
vn -0.0033 1.0000 0.0009
vn -0.0057 1.0000 0.0010
vn 0.1061 0.0005 0.9944
vn -0.0990 -0.0004 -0.9951
vn -0.0336 0.0002 -0.9994
vn 0.2099 0.0014 0.9777
vn -0.5328 0.6039 0.5929
vn -0.1195 -0.0016 0.9928
vn 0.9921 0.0091 -0.1250
vn -0.0953 0.7336 -0.6729
vn -0.0005 1.0000 -0.0033
vn 0.0092 0.9974 -0.0718
vn -0.0643 0.9971 -0.0413
vn -0.0027 0.9902 -0.1396
vn 0.0237 0.7285 -0.6846
vn 0.7024 0.7116 -0.0170
vn -0.0433 0.0001 -0.9991
vn -0.5193 0.5895 0.6187
vn -0.0038 1.0000 0.0005
vn 0.6256 0.6122 0.4836
vn -0.5587 0.5391 -0.6302
vn -0.0239 0.0003 -0.9997
vn -0.5666 0.5343 -0.6273
vn -0.5773 0.5086 -0.6388
vn -0.0818 0.9966 -0.0069
vn -0.0739 0.9972 -0.0144
vn -0.0773 0.9970 -0.0003
vn -0.0077 0.7208 -0.6931
vn 0.5941 0.6230 -0.5088
vn 0.9942 0.0090 0.1069
vn 0.6967 0.5901 0.4080
vn -0.0072 1.0000 0.0014
vn 0.1104 0.7362 0.6677
vn 0.0417 0.7369 0.6747
vn 0.1354 0.0007 0.9908
vn 0.6586 0.5951 0.4605
vn 0.0577 0.7361 0.6744
vn 0.0059 -0.0005 1.0000
vn 0.4990 0.6329 -0.5920
vn 0.3811 0.6295 0.6771
vn -0.3886 -0.0041 0.9214
vn -0.1797 0.7315 0.6577
vn -0.0138 -0.9999 0.0083
vn -0.0157 -0.9999 0.0010
vn -0.0059 -0.9999 0.0100
vn -0.0061 -0.9999 0.0106
vn -0.0182 -0.9998 0.0088
vn -0.2799 -0.9148 0.2912
vn -0.2885 -0.9123 0.2906
vn -0.2809 -0.9303 0.2358
vn -0.2557 -0.9337 0.2504
vn -0.2917 -0.9075 0.3023
vn -0.2790 -0.9275 0.2488
vn -0.2647 -0.9233 0.2782
vn 0.0563 0.9974 -0.0458
vn 0.0982 0.9924 -0.0739
vn 0.0422 0.9973 -0.0594
vn 0.0860 0.9953 -0.0438
vn 0.0845 0.9925 -0.0878
vn -0.0178 -0.9998 0.0076
vn -0.0065 -1.0000 0.0063
vn -0.0164 -0.9999 0.0052
vn -0.0099 -0.9999 0.0133
vn -0.0143 -0.9998 0.0162
vn -0.0137 -0.9999 0.0022
vn -0.0117 -0.9998 0.0160
vn -0.0192 -0.9998 0.0052
vn -0.0121 -0.9999 0.0025
vn -0.0075 -1.0000 0.0057
vn -0.0133 -0.9998 0.0146
vn -0.3053 -0.9057 0.2940
vn -0.2607 -0.9338 0.2452
vn -0.3078 -0.9143 0.2631
vn -0.2721 -0.9323 0.2381
vn -0.2799 -0.9145 0.2920
vn -0.2869 -0.9089 0.3027
vn -0.2469 -0.9294 0.2744
vn -0.2959 -0.9070 0.2995
vn -0.2836 -0.9261 0.2487
vn -0.2528 -0.9238 0.2876
vn 0.0989 0.9935 -0.0562
vn 0.0554 0.9922 -0.1115
vn 0.0627 0.9940 -0.0893
vn 0.0266 0.9973 -0.0690
vn 0.0532 0.9983 -0.0241
vn 0.0674 0.9975 -0.0190
vn 0.0560 0.9944 -0.0894
vn 0.0311 0.9948 -0.0968
vn 0.0511 0.9976 -0.0473
vn 0.0406 0.9975 -0.0583
vn 0.0926 0.9930 -0.0738
vn 0.0593 0.9961 -0.0656
vn 0.0591 0.9961 -0.0656
vn -0.1157 -0.2848 -0.9516
vn -0.8103 0.3225 -0.4893
vn -0.9403 -0.3283 0.0901
vn -0.4325 -0.9001 0.0526
vn -0.9195 -0.3265 0.2190
vn -0.3325 -0.1572 -0.9299
vn -0.3314 -0.1578 -0.9302
vn -0.3317 -0.1574 -0.9302
vn -0.3323 -0.1570 -0.9300
vn -0.3327 -0.1568 -0.9299
vn 0.1402 0.1465 -0.9792
vn 0.2705 0.0557 -0.9611
vn 0.1354 0.0902 -0.9867
vn 0.1707 0.9835 0.0592
vn 0.0385 0.9953 0.0889
vn 0.0979 0.9938 0.0520
vn 0.1451 0.9893 -0.0125
vn 0.1081 0.9928 0.0519
vn 0.1360 0.9859 0.0973
vn 0.2016 0.9791 0.0258
vn 0.1269 0.9911 0.0413
vn 0.1067 0.9941 0.0214
vn 0.9953 -0.0969 0.0032
vn 0.9940 -0.1087 0.0154
vn 0.8777 -0.0328 -0.4782
vn 0.8763 -0.1426 -0.4603
vn 0.8893 -0.0905 -0.4483
vn 0.8938 -0.0692 -0.4430
vn 0.8758 -0.0035 -0.4827
vn 0.8695 -0.1771 -0.4611
vn 0.8908 -0.1023 -0.4427
vn 0.8694 -0.1127 -0.4810
vn 0.0106 0.9971 -0.0751
vn -0.0070 0.9963 -0.0860
vn -0.8650 0.5011 -0.0274
vn -0.9191 0.3938 0.0103
vn -0.8769 0.4799 -0.0286
vn -0.8621 0.5049 -0.0433
vn -0.8173 0.5683 -0.0953
vn 0.9879 -0.0000 -0.1553
vn 0.9870 0.0016 -0.1606
vn 0.9878 0.0055 -0.1553
vn 0.9967 -0.0015 -0.0817
vn 0.9961 0.0016 -0.0880
vn 0.9965 0.0022 -0.0831
vn 0.0016 0.9999 0.0129
vn 0.1078 0.9939 -0.0245
vn 0.0442 0.9987 0.0240
vn 0.1236 0.9923 -0.0042
vn -0.0734 0.1497 -0.9860
vn -0.0915 0.1368 -0.9864
vn -0.1289 0.1671 -0.9775
vn -0.0602 0.0822 -0.9948
vn -0.0925 0.1289 -0.9873
vn -0.2447 -0.1540 -0.9573
vn -0.3184 -0.2528 -0.9136
vn -0.3802 -0.2707 -0.8844
vn -0.2121 -0.0753 -0.9743
vn -0.2460 -0.1504 -0.9575
vn -0.2190 -0.1365 -0.9661
vn -0.0390 -0.0172 -0.9991
vn -0.0328 -0.0268 -0.9991
vn -0.0294 -0.0246 -0.9993
vn -0.0285 -0.0238 -0.9993
vn -0.0375 -0.0154 -0.9992
vn 0.0096 0.9950 0.0998
vn 0.0062 0.9957 0.0926
vn 0.0080 0.9951 0.0985
vn -0.0013 -1.0000 -0.0004
vn 0.0018 -1.0000 -0.0007
vn 0.0013 -1.0000 -0.0007
vn 0.9948 0.0130 0.1014
vn 0.9947 0.0070 0.1030
vn 0.9946 -0.0022 0.1036
vn 0.9944 0.0053 0.1060
vn 0.9947 0.0054 0.1027
vn 0.0038 -1.0000 -0.0013
vn 0.0043 -1.0000 0.0001
vn 0.0055 -1.0000 0.0011
vn -0.0368 -0.0021 -0.9993
vn -0.0318 -0.0083 -0.9995
vn -0.0294 -0.0066 -0.9995
vn -0.0289 -0.0058 -0.9996
vn -0.0345 -0.0006 -0.9994
vn -0.0012 1.0000 0.0005
vn -0.0018 1.0000 0.0007
vn 0.0019 1.0000 0.0001
vn -0.0045 1.0000 0.0024
vn -0.0040 1.0000 0.0003
vn -0.0040 1.0000 0.0011
vn -0.0597 0.9982 0.0022
vn -0.0677 0.9977 -0.0085
vn -0.0627 0.9980 0.0037
vn -0.0032 1.0000 0.0008
vn -0.0035 1.0000 0.0011
vn 0.1370 0.0008 0.9906
vn 0.1287 0.0007 0.9917
vn -0.0786 0.9967 -0.0212
vn -0.0823 0.9960 -0.0356
vn -0.0809 0.9964 -0.0235
vn 0.0127 0.9981 -0.0598
vn 0.0064 0.9973 -0.0731
vn 0.0039 0.9999 0.0121
vn -0.0226 0.9816 -0.1896
vn 0.0064 0.9973 -0.0732
vn 0.0011 0.9959 -0.0910
vn 0.0101 0.9999 -0.0081
vn 0.0012 0.9974 -0.0716
vn -0.0083 0.9999 -0.0097
vn 0.0197 0.9998 -0.0040
vn -0.0032 1.0000 0.0006
vn -0.0034 1.0000 0.0002
vn -0.0045 1.0000 0.0008
vn -0.9794 -0.0088 -0.2017
vn -0.0834 0.9965 -0.0085
vn -0.0813 0.9967 -0.0065
vn -0.0759 0.9969 -0.0196
vn -0.0838 0.9965 0.0051
vn -0.0809 0.9967 -0.0049
vn 0.1392 0.9739 -0.1794
vn -0.0146 0.9976 -0.0675
vn 0.1482 0.9791 -0.1396
vn 0.0061 0.9999 -0.0116
vn -0.0108 0.9999 -0.0081
vn -0.2417 -0.0017 -0.9704
vn -0.0678 0.9977 -0.0086
vn -0.0679 0.9977 -0.0089
vn -0.0694 0.9975 -0.0105
vn -0.0691 0.9975 -0.0114
vn 0.1370 0.0007 0.9906
vn 0.9942 0.0090 0.1070
vn -0.9519 0.1715 0.2541
vn 0.9933 -0.1048 0.0481
vn -0.8591 0.0850 0.5048
vn -0.2564 -0.0401 0.9657
vn 0.4393 0.1681 0.8825
vn -0.9632 0.2371 0.1269
vn 0.8895 -0.2125 0.4046
vn 0.2393 0.1503 0.9593
vn -0.7854 0.0201 -0.6187
vn -0.5119 0.1215 0.8504
vn 0.0035 0.9996 0.0284
vn 0.6658 0.1401 0.7328
vn -0.8320 0.1194 -0.5417
vn -0.2418 0.1536 0.9581
vn -0.3529 0.2442 0.9032
vn -0.9328 -0.2607 0.2490
vn -0.8234 0.5535 0.1251
vn 0.7947 -0.2698 0.5438
vn -0.9496 0.1719 0.2619
vn 0.0168 0.9999 -0.0023
vn 0.0184 0.9998 -0.0125
vn 0.3692 0.0029 0.9293
vn -0.9880 -0.0847 0.1295
vn 0.3736 -0.0050 -0.9276
vn 0.4213 -0.0008 -0.9069
vn 0.3250 0.0000 -0.9457
vn -0.3736 -0.0051 0.9276
vn -0.4213 -0.0008 0.9069
vn -0.3250 0.0000 0.9457
vn 0.3183 0.1826 0.9302
vn 0.2072 -0.0082 0.9783
vn -0.9975 -0.0091 -0.0701
vn -0.5592 -0.8282 -0.0365
vn 0.8903 -0.4356 -0.1325
vn -0.4941 0.0054 -0.8694
vn 0.1528 0.0020 0.9883
vn -0.2934 -0.0769 -0.9529
vn -0.5597 0.5020 0.6593
vn 0.6085 -0.2707 -0.7460
vn -0.6040 0.1787 0.7767
vn 0.2599 0.9280 -0.2670
vn 0.2891 0.9260 -0.2430
vn 0.2482 0.9305 -0.2694
vn -0.1337 -0.2267 -0.9647
vn -0.1528 -0.0020 -0.9883
vn 0.2826 0.9207 -0.2691
vn 0.7558 -0.2712 0.5960
vn 0.1133 0.2078 0.9716
vn -0.8492 0.4814 0.2171
vn 0.8101 -0.5508 -0.2008
vn -0.1281 0.1025 -0.9864
vn 0.2606 0.1633 0.9515
vn 0.9461 0.1352 0.2943
vn -0.8626 -0.2670 -0.4297
vn 0.0033 0.9972 -0.0750
vn -0.9462 0.1170 -0.3017
vn 0.6649 -0.0869 0.7419
vn 0.6648 -0.0879 0.7419
vn 0.9877 0.1345 0.0794
vn -0.0893 0.0780 0.9929
vn -0.0058 0.9989 -0.0474
vn -0.5981 0.0000 -0.8014
vn -0.9960 0.0015 0.0898
vn -0.9961 0.0001 0.0880
vn -0.9960 -0.0000 0.0896
vn -0.1741 -0.2797 0.9442
vn -0.9652 -0.2607 -0.0181
vn -0.8849 0.0864 0.4577
vn -0.6824 0.1510 -0.7152
vn -0.2481 0.1335 -0.9595
vn -0.8177 0.5726 -0.0597
vn -0.9221 -0.3409 0.1834
vn 0.8392 0.1739 -0.5153
vn -0.6085 -0.2707 0.7460
vn 0.9884 0.1152 -0.0990
vn -0.1354 0.0250 -0.9905
vn -0.1354 0.0255 -0.9905
vn 0.2096 -0.0172 0.9776
vn -0.9936 -0.0053 0.1128
vn -0.9983 -0.0007 0.0583
vn -0.9860 -0.0007 0.1669
vn 0.8069 0.0000 0.5906
vn 0.1207 0.0346 0.9921
vn -0.0028 0.9996 0.0298
vn -0.5823 0.1290 -0.8027
vn 0.0138 -0.9988 0.0477
vn -0.0103 -0.9963 -0.0848
vn 0.4520 -0.1524 0.8789
vn 0.0128 0.9999 -0.0019
vn 0.0179 0.9998 -0.0073
vn 0.0170 0.9998 -0.0108
vn 0.0120 0.9999 -0.0119
vn -0.0203 -0.9986 0.0492
vn -0.0254 -0.9981 0.0563
vn 0.0037 -0.9998 -0.0177
vn -0.1047 -0.0006 -0.9945
vn -0.1046 -0.0009 -0.9945
vn 0.2773 0.1854 0.9427
vn 0.9925 0.0109 -0.1215
vn 0.9944 0.0114 -0.1050
vn -0.9494 0.1652 -0.2670
vn 0.1291 -0.0965 0.9869
vn 0.3416 -0.2670 -0.9011
vn -0.2300 -0.1503 0.9615
vn -0.6672 -0.1619 -0.7271
vn 0.0301 0.0072 0.9995
vn -0.1250 0.3815 0.9159
vn -0.0111 -0.9958 -0.0912
vn -0.0164 -0.9998 0.0118
vn -0.0172 -0.9998 0.0064
vn -0.0130 -0.9999 0.0044
vn 0.2788 0.9112 -0.3032
vn 0.2515 0.9332 -0.2568
vn 0.2625 0.9237 -0.2791
vn 0.2862 0.9260 -0.2462
vn 0.9958 -0.0057 -0.0914
vn 0.9957 0.0000 -0.0931
vn 0.9957 0.0023 -0.0927
vn -0.6918 0.0856 -0.7170
vn -0.8421 0.0263 0.5387
vn 0.3648 0.0379 -0.9303
vn 0.2823 0.9207 -0.2693
vn -0.4392 -0.8984 -0.0089
vn 0.8234 -0.5535 -0.1251
vn 0.6742 0.1304 -0.7269
vn -0.9727 -0.1823 0.1440
vn 0.0526 0.9955 0.0789
vn 0.8743 0.0000 -0.4855
vn 0.3258 0.2035 0.9233
vn -0.9827 -0.0091 0.1848
vn 0.4181 -0.2830 -0.8632
vn -0.9745 0.0000 0.2243
vn 0.9996 -0.0000 -0.0291
vn 0.0048 -0.9989 -0.0461
vn 0.0335 0.9994 -0.0042
vn 0.5592 0.8282 0.0365
vn -0.0102 0.9964 -0.0837
vn 0.1663 -0.3841 -0.9082
vn 0.1659 -0.3840 -0.9083
vn 0.1667 -0.3842 -0.9081
vn -0.4248 0.2562 0.8683
vn -0.9926 -0.0091 0.1209
vn -0.9996 0.0000 0.0291
vn -0.1626 0.3951 0.9041
vn -0.0003 -0.9999 -0.0117
vn 0.2827 0.9207 -0.2692
vn -0.0988 -0.1261 -0.9871
vn -0.9834 -0.0000 0.1813
vn 0.9851 -0.0000 -0.1720
vn -0.8392 0.1738 0.5153
vn -0.6669 0.5071 -0.5459
vn 0.0130 0.9970 -0.0758
vn 0.0711 0.9973 -0.0196
vn 0.0759 0.9959 -0.0495
vn 0.0393 0.9979 -0.0521
vn 0.0823 -0.9960 0.0355
vn -0.0706 -0.9915 0.1089
vn -0.0683 -0.9964 0.0495
vn -0.0410 -0.9965 0.0730
vn 0.8944 -0.4357 -0.1008
vn -0.3589 0.2239 -0.9061
vn 0.8245 0.1467 -0.5465
vn 0.2868 0.0434 -0.9570
vn 0.3154 0.0364 -0.9483
vn 0.0243 0.0144 0.9996
vn 0.0240 0.0144 0.9996
vn 0.0539 -0.9983 0.0204
vn -0.9225 0.1159 0.3681
vn -0.6720 0.1774 0.7190
vn 0.9970 -0.0766 -0.0088
vn 0.9992 -0.0405 -0.0071
vn 0.9987 -0.0499 -0.0127
vn 0.9978 -0.0652 -0.0116
vn 0.6225 0.7764 -0.0978
vn -0.0080 -0.1641 -0.9864
vn 0.9936 0.0000 -0.1128
vn 0.9977 0.0034 -0.0675
vn 0.9875 0.0033 -0.1579
vn 0.7771 0.0399 -0.6281
vn 0.1245 0.2087 0.9700
vn 0.1249 0.2089 0.9699
vn 0.9158 -0.3080 0.2579
vn 0.5706 -0.4748 -0.6701
vn 0.0426 -0.0274 0.9987
vn -0.1960 0.0132 -0.9805
vn 0.9577 0.1271 -0.2582
vn 0.0047 0.9964 -0.0847
vn 0.0012 0.9974 -0.0718
vn 0.0002 0.9963 -0.0859
vn 0.9896 0.0577 -0.1317
vn 0.2384 0.0017 0.9712
vn 0.6121 -0.0009 0.7908
vn 0.5701 -0.0051 0.8215
vn 0.5267 0.0000 0.8500
vn 0.9593 0.0089 -0.2823
vn -0.0675 0.9977 -0.0082
vn -0.2905 -0.0265 -0.9565
vn -0.1062 -0.3027 -0.9471
vn 0.9677 -0.2474 -0.0485
vn 0.8935 -0.4357 -0.1087
vn 0.9142 0.0000 -0.4052
vn 0.9086 -0.3249 0.2624
vn -0.8101 0.5508 0.2008
vn -0.0919 0.0908 0.9916
vn -0.0917 0.0908 0.9916
vn -0.0929 0.0908 0.9915
vn -0.0927 0.0908 0.9915
vn 0.0038 -1.0000 -0.0006
vn 0.0061 0.9957 0.0923
vn 0.0056 0.9958 0.0915
vn 0.0063 0.9959 0.0901
vn -0.7726 0.1787 -0.6093
vn -0.1206 -0.0576 -0.9910
vn -0.7748 -0.0617 0.6292
vn -0.0034 -0.9996 -0.0281
vn -0.6121 -0.0008 -0.7908
vn -0.5701 -0.0051 -0.8215
vn -0.5267 0.0000 -0.8500
vn -0.8812 0.1758 -0.4389
vn 0.1171 0.1476 0.9821
vn 0.8121 0.1777 0.5558
vn 0.0058 -0.9989 0.0474
vn -0.8476 0.0000 0.5306
vn -0.0029 1.0000 0.0001
vn -0.0020 1.0000 -0.0002
vn 0.9653 0.2067 -0.1597
vn 0.8071 -0.2693 0.5254
vn 0.9056 0.1085 0.4101
vn 0.2151 0.9762 -0.0262
vn 0.1187 -0.1887 0.9748
vn -0.9110 0.1148 0.3962
vn -0.9963 0.0000 0.0859
vn -0.8162 -0.0071 -0.5777
vn -0.2951 -0.1776 -0.9388
vn -0.8655 0.0264 0.5001
vn -0.9142 -0.0000 0.4052
vn 0.5696 0.1826 0.8014
vn 0.5004 0.8049 -0.3189
vn -0.5004 -0.8049 0.3189
vn 0.0908 0.9918 -0.0898
vn 0.1030 0.9915 -0.0797
vn 0.5567 -0.2768 0.7832
vn -0.8355 0.0152 -0.5492
vn -0.8358 0.0152 -0.5488
vn -0.8360 0.0152 -0.5486
vn -0.9019 0.1117 0.4172
vn -0.4558 0.0224 0.8898
vn -0.1195 0.0000 0.9928
vn 0.9945 -0.0769 0.0707
vn -0.7404 0.6188 0.2625
vn 0.9673 -0.0402 -0.2504
vn 0.5436 0.1705 -0.8219
vn 0.8454 0.0767 0.5286
vn 0.9097 -0.3368 0.2427
vn 0.9098 -0.3370 0.2422
vn 0.9097 -0.3367 0.2430
vn 0.9097 -0.3367 0.2432
vn 0.9597 0.1154 -0.2562
vn -0.4300 -0.8999 0.0729
vn -0.4760 0.0080 -0.8794
vn -0.0142 0.9930 -0.1171
vn 0.0003 0.9999 0.0117
vn 0.9839 0.1159 0.1362
vn 0.0865 0.9952 -0.0456
vn 0.0788 0.9917 -0.1012
vn 0.9960 -0.0013 -0.0896
vn 0.9958 -0.0016 -0.0912
vn 0.9958 -0.0013 -0.0920
vn -0.6857 0.1674 0.7084
vn -0.1283 0.0778 -0.9887
vn -0.0191 -0.9997 0.0121
vn -0.0169 -0.9998 0.0057
vn -0.0133 -0.9999 0.0045
vn -0.0116 -0.9999 0.0121
vn 0.9926 0.0091 -0.1208
vn -0.0111 0.9957 -0.0914
vn -0.1800 0.1243 0.9758
vn -0.9919 0.0000 0.1270
vn 0.8812 0.1758 0.4389
vn 0.2068 0.0014 0.9784
vn 0.9745 -0.0000 -0.2243
vn 0.5977 0.0050 0.8017
vn 0.0916 -0.1383 0.9861
vn -0.5454 0.4964 0.6754
vn -0.5459 0.4964 0.6749
vn -0.5463 0.4964 0.6746
vn 0.0142 -0.9930 0.1171
vn -0.9983 0.0569 0.0081
vn -0.9861 0.0055 0.1662
vn -0.9861 0.0000 0.1663
vn -0.9851 0.0002 0.1718
vn 0.4300 0.8999 -0.0729
vn 0.6576 -0.2693 -0.7036
vn -0.9203 0.1099 0.3755
vn -0.9996 0.0271 -0.0102
vn -0.9926 -0.0091 0.1207
vn 0.0011 -1.0000 -0.0006
vn -0.0039 -0.9957 -0.0928
vn -0.7533 0.2611 0.6036
vn 0.9833 0.1152 -0.1408
vn 0.1184 0.0016 -0.9930
vn -0.0343 -0.0082 -0.9994
vn -0.8311 -0.0031 -0.5562
vn -0.0167 -0.9997 0.0158
vn -0.0075 -0.9999 0.0090
vn -0.3159 -0.1747 -0.9326
vn 0.9861 0.0000 -0.1659
vn -0.5799 -0.1822 -0.7941
vn -0.0008 0.9995 0.0325
vn -0.0823 0.9960 -0.0358
vn -0.0828 0.9959 -0.0376
vn -0.0819 0.9959 -0.0391
vn 0.0111 0.9958 0.0912
vn 0.5909 -0.2712 -0.7598
vn -0.0729 0.9963 0.0465
vn 0.4392 0.8984 0.0089
vn 0.0821 -0.7330 0.6753
vn -0.7913 0.3070 0.5288
vn 0.0456 -0.0001 0.9990
vn 0.0143 -0.9930 0.1176
vn 0.6094 0.1204 -0.7837
vn -0.9104 0.1211 0.3956
vn 0.6764 -0.1727 0.7160
vn 0.3881 0.0040 -0.9216
vn 0.1354 -0.0255 0.9905
vn -0.4743 0.0258 0.8800
vn -0.0016 -0.9999 -0.0129
vn 0.9125 -0.0968 -0.3975
vn -0.5981 -0.0050 -0.8014
vn 0.9428 0.0088 -0.3331
vn -0.9149 0.1722 0.3650
vn 0.4325 0.9001 -0.0526
vn 0.5701 -0.0000 0.8215
vn 0.5341 0.0037 0.8454
vn 0.6052 0.0030 0.7961
vn 0.0767 0.0000 -0.9971
vn 0.5119 0.1215 -0.8504
vn -0.0366 0.0295 -0.9989
vn -0.9933 -0.0091 0.1149
vn -0.8219 -0.2642 0.5047
vn -0.9004 0.3432 -0.2674
vn 0.4762 0.0134 0.8792
vn -0.1063 -0.0005 -0.9943
vn 0.2616 0.9186 -0.2962
vn 0.3026 0.9139 -0.2707
vn 0.5279 0.0718 0.8462
vn 0.9200 0.1744 0.3509
vn -0.0743 0.2049 0.9760
vn -0.9758 0.1722 -0.1351
vn -0.0038 1.0000 0.0014
vn -0.0045 1.0000 0.0006
vn -0.0041 1.0000 0.0001
vn -0.0378 0.9982 -0.0456
vn -0.0694 0.9961 -0.0545
vn -0.0213 0.9967 -0.0789
vn -0.0164 0.9966 -0.0808
vn 0.1376 -0.0285 0.9901
vn -0.9879 0.0000 0.1553
vn -0.9887 -0.0000 0.1499
vn -0.9877 -0.0055 0.1560
vn -0.3702 -0.0029 -0.9290
vn 0.7220 -0.0961 0.6852
vn -0.2099 -0.0014 -0.9777
vn -0.8962 0.1910 -0.4004
vn -0.8964 -0.2618 0.3577
vn -0.9805 0.0000 0.1966
vn -0.9804 -0.0090 0.1966
vn 0.1172 -0.0162 0.9930
vn -0.3467 0.9366 0.0517
vn -0.6706 -0.1496 0.7266
vn 0.7795 0.1203 0.6147
vn -0.0112 -0.9941 -0.1079
vn 0.0142 -0.0496 0.9987
vn -0.9588 -0.0089 0.2840
vn 0.0028 -0.0791 0.9969
vn 0.0113 -0.9956 0.0929
vn 0.0456 0.0132 0.9989
vn -0.9920 -0.0000 0.1265
vn 0.7404 -0.6188 -0.2625
vn -0.3886 -0.0040 0.9214
vn 0.4240 0.8014 -0.4219
vn 0.4119 0.8052 -0.4266
vn 0.4317 0.7959 -0.4245
vn 0.0480 -0.9983 -0.0330
vn -0.0724 0.9963 0.0463
vn -0.3702 0.0000 -0.9290
vn 0.9408 0.0056 -0.3388
vn 0.0004 -1.0000 0.0027
vn 0.0241 -0.9993 0.0297
vn 0.0729 -0.9962 -0.0465
vn -0.9930 0.1153 0.0241
vn -0.8903 0.4356 0.1325
vn -0.7947 -0.2698 -0.5438
vn -0.6220 0.1784 0.7625
vn 0.3610 0.1826 -0.9145
vn 0.1800 0.1243 -0.9758
vn 0.0262 0.9991 -0.0335
vn 0.0624 0.9970 -0.0458
vn 0.0425 0.9965 -0.0726
vn -0.0156 -0.9998 0.0144
vn -0.0155 -0.9999 0.0025
vn -0.0122 -0.9999 0.0046
vn -0.0106 -0.9998 0.0139
vn 0.0004 -0.9999 0.0146
vn 0.2825 0.9207 -0.2693
vn 0.0029 -1.0000 -0.0001
vn 0.6760 -0.1866 -0.7129
vn -0.0813 0.7395 -0.6683
vn 0.9952 0.0000 0.0974
vn -0.1161 -0.2749 -0.9544
vn 0.9882 -0.0000 -0.1529
vn -0.7716 0.0216 -0.6357
vn 0.2970 0.9124 -0.2817
vn 0.2948 0.9128 -0.2826
vn 0.0105 0.9938 0.1104
vn -0.8944 0.4357 0.1008
vn 0.1132 -0.0789 -0.9904
vn 0.4746 -0.0098 -0.8801
vn -0.9828 0.0000 0.1849
vn -0.1285 -0.0008 -0.9917
vn -0.0455 -0.9985 -0.0317
vn -0.2701 -0.9284 0.2552
vn -0.2677 -0.9288 0.2563
vn -0.9990 0.0000 0.0442
vn 0.9834 0.0000 -0.1813
vn 0.6418 -0.0000 -0.7668
vn -0.3736 -0.0000 0.9276
vn -0.4133 0.0030 0.9106
vn -0.3332 0.0036 0.9429
vn -0.2151 -0.9763 0.0262
vn -0.6539 -0.0000 0.7566
vn -0.9934 0.0000 0.1149
vn 0.9931 0.1154 0.0187
vn 0.9894 0.1328 -0.0581
vn 0.7551 0.2168 -0.6188
vn 0.8282 0.2379 0.5075
vn -0.1185 0.1887 -0.9749
vn 0.7732 0.0022 0.6342
vn 0.9990 0.0091 -0.0442
vn -0.9833 0.1152 0.1408
vn 0.0951 0.1252 0.9876
vn -0.9884 0.1152 0.0990
vn -0.1198 0.1252 -0.9849
vn -0.1397 -0.2814 -0.9494
vn -0.9780 0.1712 0.1190
vn -0.1159 -0.2815 -0.9526
vn 0.9585 -0.2603 -0.1166
vn 0.9693 0.2120 -0.1244
vn -0.1186 0.1858 -0.9754
vn -0.9861 0.1152 0.1199
vn 0.1198 0.1252 0.9849
vn 0.9780 0.1712 -0.1189
vn 0.1430 0.1858 0.9721
vn 0.1186 0.1858 0.9754
vn -0.9585 -0.2603 0.1166
vn 0.1158 -0.2815 0.9526
vn 0.9861 0.1152 -0.1199
vn -0.1444 0.1252 -0.9816
vn 0.9798 0.1564 -0.1246
vn -0.0951 0.1252 -0.9876
vn 0.0919 -0.2815 0.9552
vn -0.9803 0.1712 0.0982
vn 0.1397 -0.2815 0.9494
vn 0.9558 -0.2603 -0.1369
vn 0.9607 -0.2603 -0.0962
vn 0.9803 0.1712 -0.0982
vn 0.1868 0.1922 0.9634
vn -0.1430 0.1858 -0.9721
vn -0.9843 0.1301 0.1196
vn -0.0919 -0.2814 -0.9552
vn 0.9558 -0.2603 -0.1368
vn -0.0941 0.1858 -0.9781
vn 0.0941 0.1858 0.9781
vn 0.9753 0.1712 -0.1396
vn -0.9558 -0.2603 0.1368
vn 0.1397 -0.2814 0.9494
vn -0.9753 0.1712 0.1396
vn 0.1444 0.1252 0.9816
vn -0.9899 0.0738 0.1214
vn 0.9930 0.1153 -0.0241
vn -0.0066 0.1251 -0.9921
vn -0.9930 0.1153 0.0239
vn 0.0066 0.1251 0.9921
vn 0.0063 -0.2812 0.9596
vn -0.9619 0.1714 0.2129
vn -0.9652 -0.2605 0.0232
vn 0.9652 -0.2605 -0.0234
vn -0.9849 0.1714 0.0239
vn -0.2578 0.2075 -0.9436
vn -0.2292 0.1856 -0.9555
vn 0.9798 0.1564 -0.1247
vn 0.0919 -0.2814 0.9552
vn -0.9607 -0.2603 0.0962
vn -0.1431 0.1858 -0.9721
vn -0.0496 0.1922 -0.9801
vn -0.9698 0.1153 0.2149
vn 0.2314 0.1251 0.9648
vn -0.9699 0.1153 0.2147
vn -0.2314 0.1251 -0.9648
vn 0.0061 -0.2812 0.9596
vn 0.9619 0.1714 -0.2129
vn 0.2239 -0.2812 0.9332
vn -0.9426 -0.2605 0.2088
vn -0.9427 -0.2605 0.2086
vn -0.9849 0.1714 0.0237
vn 0.2295 0.1856 0.9555
vn -0.0065 0.1856 -0.9826
vn 0.2292 0.1856 0.9555
vn -0.9652 -0.2605 0.0234
vn -0.2239 -0.2812 -0.9332
vn -0.9667 0.1713 0.1902
vn -0.0245 0.1474 0.9888
vn 0.9699 0.1153 -0.2147
vn 0.9790 0.1986 -0.0458
vn 0.0341 0.1251 0.9916
vn -0.9984 0.0312 0.0481
vn -0.0449 0.1319 -0.9902
vn 0.1979 -0.2813 0.9390
vn -0.9950 0.0877 0.0483
vn -0.0096 -0.2733 -0.9619
vn -0.9644 -0.2604 0.0461
vn -0.9841 0.1713 0.0470
vn 0.2026 0.1857 0.9615
vn -0.2026 0.1857 -0.9615
vn 0.9922 0.1153 -0.0474
vn 0.2046 0.1251 0.9708
vn 0.0568 -0.2873 0.9561
vn 0.9841 0.1713 -0.0470
vn -0.1979 -0.2813 -0.9390
vn -0.9391 -0.3408 0.0430
vn 0.0185 0.1778 0.9839
vn 0.0337 0.1857 0.9820
vn 0.9657 -0.1782 -0.1887
vn 0.2212 -0.2733 0.9362
vn -0.1740 -0.2873 -0.9419
vn -0.9922 0.1153 0.0474
vn -0.2046 0.1251 -0.9708
vn 0.9746 0.1153 -0.1918
vn -0.0341 0.1251 -0.9916
vn 0.9790 0.1985 -0.0458
vn 0.9667 0.1713 -0.1902
vn 0.9615 0.1986 -0.1902
vn 0.0239 0.1174 0.9928
vn -0.0329 -0.2813 -0.9591
vn 0.0329 -0.2813 0.9591
vn 0.9644 -0.2604 -0.0461
vn 0.9473 -0.2604 -0.1864
vn 0.9662 0.2537 -0.0448
vn 0.0065 0.1856 0.9826
vn -0.0337 0.1857 -0.9820
vn -0.9473 -0.2604 0.1864
vn 0.9488 0.2537 -0.1881
vn -0.9746 0.1153 0.1918
vn -0.9391 -0.3409 0.0430
vn 0.9615 0.1985 -0.1902
vn -0.0097 -0.2733 -0.9619
vn 0.9828 -0.1782 -0.0483
vn -0.2179 0.1778 -0.9596
vn -0.9776 0.0877 0.1916
vn -0.9459 -0.3002 0.1232
vn -0.9221 -0.3408 0.1834
vn -0.2148 0.1174 -0.9696
vn -0.9808 0.0312 0.1926
vn 0.0234 -0.3024 -0.9529
vn 0.1938 0.1319 0.9721
vn -0.2608 0.1474 -0.9541
vn 0.9935 0.1138 0.0004
vn -0.2800 0.1249 -0.9518
vn -0.0529 -0.9963 -0.0681
vn -0.9659 -0.2591 0.0025
vn 0.9650 -0.2621 0.0075
vn 0.2511 -0.3024 0.9195
vn -0.2295 0.1856 -0.9555
vn -0.9849 0.1730 -0.0058
vn 0.9569 0.1699 -0.2355
vn 0.0250 0.1026 -0.9944
vn -0.9630 0.1169 0.2427
vn 0.9351 -0.2621 -0.2386
vn -0.2552 -0.2595 -0.9314
vn 0.0433 0.1854 -0.9817
vn 0.9849 0.1714 -0.0239
vn -0.9548 0.1730 0.2418
vn 0.1310 -0.2595 0.9568
vn 0.9652 -0.2605 -0.0232
vn 0.0249 0.1633 -0.9863
vn -0.9383 -0.2591 0.2291
vn -0.9931 0.1169 -0.0048
vn 0.0437 0.1249 -0.9912
vn -0.2608 0.1473 -0.9541
vn 0.4086 0.1243 0.9042
vn 0.3954 -0.2797 0.8749
vn 0.9149 0.1722 -0.3650
vn 0.1741 -0.2797 -0.9442
vn 0.8964 -0.2618 -0.3577
vn 0.4048 0.1845 0.8956
vn -0.0433 0.1854 0.9817
vn -0.4929 0.0229 0.8698
vn -0.9850 0.1715 -0.0185
vn 0.9328 -0.2607 -0.2490
vn -0.2708 -0.2809 -0.9207
vn 0.9855 0.1699 -0.0007
vn 0.2627 0.1026 0.9594
vn 0.9645 0.1138 -0.2385
vn -0.9931 0.1154 -0.0187
vn -0.9839 0.1159 -0.1362
vn -0.4086 0.1243 -0.9042
vn 0.3190 0.1848 0.9295
vn 0.1742 -0.2797 -0.9442
vn -0.3954 -0.2797 -0.8749
vn 0.9560 -0.2618 0.1324
vn -0.4048 0.1845 -0.8956
vn -0.3610 0.1826 0.9145
vn -0.9382 0.1738 -0.2991
vn -0.9189 -0.2641 -0.2930
vn 0.2827 0.9207 -0.2690
vn 0.3528 -0.2768 -0.8938
vn -0.3643 0.1230 0.9231
vn -0.8463 0.1170 0.5197
vn 0.2822 0.9208 -0.2692
vn 0.9382 0.1738 0.2991
vn 0.9462 0.1170 0.3017
vn 0.5750 0.1230 0.8089
vn -0.0351 0.9986 -0.0383
vn 0.6040 0.1787 -0.7767
vn -0.6576 -0.2693 0.7036
vn 0.0156 0.9999 -0.0019
vn 0.0202 0.9997 -0.0130
vn -0.7558 -0.2712 -0.5960
vn 0.6720 0.1774 -0.7190
vn -0.6275 0.1201 0.7693
vn -0.7795 0.1204 -0.6148
vn -0.6779 0.1194 0.7254
vn 0.7066 0.7064 -0.0410
vn 0.6515 0.7586 -0.0058
vn 0.4128 0.9104 0.0291
vn 0.9967 0.0075 -0.0812
vn 0.8463 0.1170 -0.5197
vn 0.9619 0.1713 -0.2129
vn -0.9619 0.1714 0.2131
vn -0.0062 0.1856 -0.9826
vn 0.2708 -0.2809 0.9207
vn -0.0061 -0.2812 -0.9596
vn -0.0063 0.1251 -0.9921
vn 0.9698 0.1153 -0.2149
vn -0.9780 0.1712 0.1189
vn 0.1159 -0.2815 0.9526
vn 0.9780 0.1712 -0.1190
vn 0.9930 0.1153 -0.0239
vn -0.9619 0.1713 0.2129
vn -0.2241 -0.2812 -0.9331
vn 0.9427 -0.2605 -0.2086
vn 0.9619 0.1714 -0.2131
vn 0.0062 0.1856 0.9826
vn 0.0063 0.1251 0.9921
vn -0.0063 -0.2812 -0.9596
vn 0.9849 0.1714 -0.0237
vn -0.0241 0.2075 0.9779
vn -0.2317 0.1251 -0.9647
vn 0.5755 0.2160 0.7887
vn 0.9686 -0.2199 -0.1159
vn -0.1296 0.1633 -0.9780
vn -0.9984 0.0312 0.0482
vn -0.0245 0.1473 0.9888
vn -0.0437 0.1249 0.9912
vn 0.0233 -0.3024 -0.9529
vn 0.9855 0.1698 -0.0007
vn 0.2800 0.1249 0.9518
vn 0.9426 -0.2605 -0.2088
vn -0.0245 -0.2595 0.9654
vn -0.4190 -0.0374 0.9072
vn 0.2843 0.1246 0.9506
vn -0.9045 0.1236 0.4081
vn -0.9849 0.1730 -0.0059
vn 0.9225 0.1159 -0.3681
vn 0.9758 0.1722 0.1351
vn -0.9560 -0.2618 -0.1324
vn 0.1783 0.1845 -0.9665
vn -0.2773 0.1854 -0.9427
vn 0.9850 0.1715 0.0185
vn 0.9652 -0.2607 0.0181
vn -0.0422 -0.2809 0.9588
vn 0.2626 0.1026 0.9594
vn -0.9597 0.1154 0.2562
vn -0.1783 0.1845 0.9665
vn -0.5696 0.1826 -0.8014
vn -0.4268 -0.8253 0.3697
vn 0.8219 -0.2641 -0.5047
vn 0.9189 -0.2641 0.2930
vn -0.3528 -0.2768 0.8938
vn 0.8392 0.1738 -0.5153
vn -0.5750 0.1230 -0.8089
vn 0.3643 0.1230 -0.9231
vn 0.1313 0.1471 -0.9804
vn -0.5407 -0.0395 -0.8403
vn -0.9617 0.0967 -0.2566
vn -0.8219 -0.2641 0.5047
vn -0.5567 -0.2768 -0.7832
vn 0.6220 0.1784 -0.7625
vn 0.7726 0.1787 0.6093
vn -0.8071 -0.2693 -0.5255
vn -0.0119 -0.9999 0.0005
vn -0.0096 -0.9999 0.0137
vn -0.5909 -0.2712 0.7598
vn 0.8247 0.1774 0.5370
vn 0.6275 0.1201 -0.7693
vn 0.8320 0.1194 0.5417
vn -0.6094 0.1203 0.7837
vn -0.8121 0.1777 -0.5558
vn 0.9949 0.0093 0.1007
vn -0.0042 0.0771 -0.9970
vn 0.6779 0.1194 -0.7254
vn 0.0422 -0.2809 -0.9588
vn 0.2241 -0.2812 0.9331
vn 0.2317 0.1251 0.9647
vn 0.9699 0.1153 -0.2146
vn -0.0576 -0.9981 0.0230
vn 0.0005 -1.0000 0.0033
vn -0.5593 0.1155 0.8209
vn -0.5595 0.1155 0.8207
vn 0.9861 -0.0000 -0.1663
vn 0.9870 -0.0002 -0.1609
vn 0.9863 -0.0054 -0.1647
vn 0.9152 -0.3560 -0.1888
vn 0.9875 0.0050 -0.1575
vn -0.5441 0.5714 0.6144
vn 0.0132 -0.9940 0.1081
vn -0.8972 0.0170 -0.4413
vn -0.1376 -0.0009 -0.9905
vn -0.9926 -0.0322 0.1170
vn -0.9302 -0.0087 0.3668
vn -0.3054 -0.9128 0.2710
vn -0.3176 -0.9093 0.2688
vn -0.2756 -0.9147 0.2955
vn 0.1031 0.0004 0.9947
vn 0.9405 0.0087 -0.3397
vn 0.9999 -0.0045 0.0100
vn -0.9516 -0.0091 0.3072
vn -0.1951 -0.0013 -0.9808
vn -0.9886 -0.0091 0.1500
vn 0.6898 0.0066 -0.7240
vn -0.9984 -0.0091 0.0560
vn -0.9974 -0.0091 -0.0718
vn 0.7728 -0.0039 0.6346
vn 0.9936 -0.0053 -0.1128
vn 0.9983 -0.0007 -0.0583
vn 0.9860 -0.0007 -0.1669
vn -0.1354 -0.0007 -0.9908
vn 0.7852 0.6101 -0.1063
vn 0.8069 0.0071 0.5906
vn -0.9994 0.0329 -0.0102
vn 0.0031 0.9999 0.0143
vn 0.9945 -0.0014 -0.1043
vn 0.0433 -0.0001 0.9991
vn 0.0370 -0.0002 0.9993
vn 0.9952 0.0090 0.0974
vn 0.1092 0.0005 0.9940
vn 0.4762 0.0078 0.8793
vn 0.3736 0.0000 -0.9276
vn 0.4134 0.0031 -0.9105
vn 0.3332 0.0038 -0.9429
vn -0.2151 -0.9763 0.0261
vn -0.0821 0.7330 -0.6753
vn 0.0813 -0.7395 0.6683
vn 0.0294 0.9699 0.2417
vn -0.1118 0.1020 0.9885
vn 0.5667 -0.4846 -0.6663
vn 0.1171 -0.0162 0.9930
vn 0.0341 0.9973 -0.0655
vn 0.0700 0.9950 -0.0717
vn 0.0564 0.9963 -0.0648
vn 0.0409 0.9972 -0.0623
vn 0.8722 -0.4886 -0.0218
vn 0.0349 0.9990 0.0282
vn 0.0441 0.9987 0.0241
vn 0.0284 0.9991 0.0319
vn -0.0113 0.9956 -0.0929
vn -0.2735 -0.9321 0.2374
vn -0.2619 -0.9273 0.2673
vn 0.8025 -0.5929 0.0666
vn 0.0812 -0.9967 0.0074
vn -0.3027 -0.9173 0.2586
vn -0.3109 -0.9171 0.2496
vn -0.2861 -0.9293 0.2333
vn -0.2785 -0.9148 0.2924
vn -0.8809 0.1481 -0.4495
vn -0.9666 0.0575 0.2499
vn -0.5881 0.2096 0.7812
vn -0.9851 -0.0000 0.1720
vn 0.9519 0.1715 -0.2541
vn -0.0801 -0.9911 0.1062
vn -0.0792 -0.9950 0.0613
vn -0.0449 -0.9975 0.0540
vn -0.0186 -0.9962 0.0848
vn 0.8626 -0.2669 0.4297
vn 0.6560 -0.5206 0.5466
vn -0.8888 0.1183 -0.4427
vn -0.2096 0.0172 -0.9776
vn 0.8888 0.1183 0.4427
vn 0.2623 0.9311 -0.2537
vn 0.2931 0.9266 -0.2358
vn 0.2358 -0.0628 0.9698
vn -0.0132 0.9940 -0.1081
vn -0.0805 0.9964 -0.0273
vn 0.1038 -0.1406 0.9846
vn -0.0676 0.1972 -0.9780
vn -0.6759 0.1029 -0.7298
vn -0.9523 0.2376 -0.1916
vn 0.9388 0.3192 -0.1299
vn 0.1205 0.0581 0.9910
vn -0.0010 1.0000 0.0006
vn 0.1383 -0.3390 -0.9306
vn 0.1381 -0.3389 -0.9306
vn 0.1389 -0.3394 -0.9303
vn 0.1390 -0.3395 -0.9303
vn -0.3125 -0.1638 -0.9357
vn 0.1179 -0.9929 -0.0162
vn 0.7078 -0.6981 -0.1080
vn 0.2151 0.9763 -0.0262
vn 0.9326 -0.3312 -0.1435
vn -0.9309 -0.3354 0.1446
vn 0.1748 0.9842 -0.0290
vn -0.1147 0.0270 -0.9930
vn 0.0102 -0.9964 0.0837
vn 0.9961 0.0000 -0.0884
vn 0.9429 0.0000 -0.3332
vn 0.1184 0.0000 -0.9930
vn -0.9912 -0.0512 0.1219
vn -0.0076 0.0005 -1.0000
vn -0.5669 0.4842 0.6665
vn -0.0161 0.0152 0.9998
vn -0.2362 -0.1685 -0.9570
vn 0.8916 -0.0442 0.4506
vn -0.9937 -0.0962 0.0582
vn -0.6518 0.0701 0.7551
vn -0.7525 0.1058 -0.6501
vn -0.9740 0.2201 0.0538
vn 0.0072 -1.0000 -0.0014
vn -0.0031 -0.9999 -0.0143
vn 0.9999 -0.0103 0.0101
vn 0.0033 -1.0000 -0.0000
vn 0.0034 -1.0000 -0.0007
vn 0.0041 -1.0000 0.0004
vn 0.5073 0.1804 -0.8427
vn -0.9957 -0.0000 0.0931
vn -0.9957 -0.0014 0.0927
vn -0.9955 -0.0001 0.0947
vn -0.0197 -0.9998 0.0040
vn 0.9338 -0.3560 -0.0361
vn 0.1449 -0.9892 -0.0204
vn 0.1151 0.2750 0.9545
vn -0.6149 -0.7827 0.0966
vn 0.3881 0.0000 -0.9216
vn 0.9882 0.0091 -0.1529
vn 0.9804 0.0090 -0.1966
vn -0.0283 -0.9720 -0.2331
vn 0.5977 0.0000 0.8017
vn 0.9759 -0.1581 -0.1505
vn -0.9984 0.0000 0.0560
vn -0.1205 -0.0346 -0.9921
vn -0.9875 0.0034 0.1579
vn -0.9936 0.0000 0.1128
vn -0.9977 0.0034 0.0675
vn -0.1078 0.9941 0.0147
vn -0.9511 -0.0088 0.3088
vn -0.8730 -0.4684 0.1359
vn -0.9341 0.3268 0.1437
vn 0.8752 0.4642 -0.1362
vn -0.6960 -0.0067 0.7180
vn 0.9962 0.0000 -0.0867
vn -0.0494 -0.9965 0.0679
vn -0.5073 0.1804 0.8427
vn 0.0675 -0.9977 0.0082
vn -0.8248 0.1774 -0.5370
vn 0.9129 -0.0904 -0.3980
vn -0.0035 -0.9996 -0.0284
vn -0.1148 0.0270 -0.9930
vn 0.9311 0.3348 -0.1446
vn -0.7114 0.6944 0.1086
vn 0.9456 -0.1944 -0.2607
vn 0.2387 -0.1810 -0.9541
vn 0.0195 0.9994 -0.0300
vn 0.0576 0.9948 -0.0837
vn 0.0802 0.9939 -0.0755
vn 0.0139 0.9986 -0.0514
vn 0.0749 0.9969 -0.0222
vn -0.1325 0.0937 0.9867
vn -0.8193 0.1197 -0.5607
vn -0.9141 0.0000 0.4054
vn 0.6342 0.7555 0.1641
vn 0.7514 -0.2794 -0.5978
vn 0.8514 0.1939 -0.4873
vn 0.4047 0.0727 -0.9116
vn -0.2263 0.1887 -0.9556
vn 0.9442 -0.1876 0.2708
vn 0.8193 0.1197 0.5607
vn -0.9523 -0.1531 0.2641
vn -0.3029 -0.9095 0.2846
vn -0.2714 -0.9137 0.3026
vn 0.0111 -0.9957 0.0914
vn -0.1742 -0.2797 0.9442
vn 0.2331 0.1320 -0.9635
vn -0.6342 -0.7555 -0.1641
vn -0.9444 -0.1578 -0.2884
vn 0.5769 0.1611 0.8008
vn -0.0887 -0.9954 0.0364
vn -0.0129 -0.9968 0.0783
vn -0.9116 0.3180 -0.2606
vn 0.0135 0.9999 -0.0041
vn 0.0139 0.9998 -0.0124
vn 0.0117 0.9999 -0.0118
vn 0.0164 0.9998 -0.0115
vn 0.0077 0.9999 -0.0088
vn 0.0081 1.0000 -0.0058
vn 0.0194 0.9998 -0.0051
vn -0.0902 -0.9910 0.0989
vn -0.0805 -0.9951 0.0567
vn -0.0572 -0.9973 0.0453
vn -0.0265 -0.9948 0.0978
vn 0.3692 -0.0000 0.9293
vn 0.0301 0.0245 0.9992
vn -0.0053 0.9936 -0.1130
vn -0.0061 0.9930 -0.1180
vn -0.0061 0.9930 -0.1181
vn -0.0010 0.9937 -0.1118
vn -0.5364 0.0028 -0.8440
vn -0.4961 -0.2737 0.8240
vn 0.4961 -0.2737 -0.8240
vn 0.8998 -0.0208 0.4358
vn -0.4631 0.1273 -0.8771
vn 0.5803 -0.4900 -0.6505
vn 0.5500 -0.4857 -0.6794
vn 0.5502 -0.4858 -0.6792
vn 0.5507 -0.4859 -0.6787
vn 0.9581 -0.2618 -0.1162
vn 0.0283 0.9720 0.2331
vn -0.0294 -0.9699 -0.2417
vn -0.9059 -0.1305 -0.4029
vn -0.5941 0.1164 0.7959
vn -0.5937 0.1164 0.7962
vn -0.0998 -0.9932 -0.0592
vn 0.5754 -0.1501 0.8040
vn 0.7847 -0.3342 -0.5221
vn -0.1378 0.0305 -0.9900
vn 0.2498 -0.1584 0.9552
vn 0.0821 -0.9966 -0.0107
vn -0.5701 0.0000 -0.8215
vn -0.5341 0.0037 -0.8454
vn -0.6052 0.0030 -0.7961
vn -0.1122 0.0960 0.9890
vn 0.1157 0.2848 0.9516
vn -0.4742 0.0314 0.8798
vn -0.3549 -0.0611 0.9329
vn -0.1264 0.9918 0.0176
vn -0.2115 -0.9722 -0.1001
vn 0.0636 -0.9949 0.0784
vn -0.2141 -0.9714 -0.1030
vn 0.4444 0.8199 0.3609
vn 0.1947 0.9752 0.1055
vn 0.1858 0.9780 0.0949
vn 0.0483 -0.9941 -0.0967
vn -0.1786 -0.9730 0.1461
vn -0.1803 -0.9722 0.1494
vn 0.1523 0.9797 -0.1303
vn 0.0089 0.9541 0.2994
vn 0.1551 0.9786 -0.1349
vn 0.8780 0.0000 -0.4786
vn 0.1129 -0.0173 0.9935
vn 0.1155 -0.0163 0.9932
vn 0.1277 0.0225 0.9916
vn 0.1298 0.0200 0.9913
vn 0.1322 0.0219 0.9910
vn -0.1116 0.0200 -0.9935
vn -0.1137 0.0225 -0.9933
vn -0.1093 0.0219 -0.9938
vn -0.1286 -0.0173 -0.9916
vn -0.1263 -0.0156 -0.9919
vn -0.1286 -0.0201 -0.9915
vn 0.6862 0.0661 -0.7244
vn 0.8405 -0.0528 0.5392
vn 0.8405 0.0528 0.5392
vn -0.4319 -0.8655 -0.2538
vn -0.2173 -0.9697 -0.1114
vn 0.1820 0.9791 0.0911
vn -0.0590 0.9558 -0.2879
vn -0.1814 -0.9706 0.1584
vn -0.3569 -0.8648 0.3531
vn 0.3426 0.8195 -0.4594
vn 0.1551 0.9787 -0.1349
vn 0.1611 0.9759 -0.1474
vn 0.1128 -0.0201 0.9934
vn 0.1152 -0.0156 0.9932
vn 0.1327 0.0215 0.9909
vn -0.1087 0.0215 -0.9938
vn -0.1259 -0.0162 -0.9919
vn -0.1081 0.0547 -0.9926
vn -0.9645 0.0711 -0.2543
vn -0.0003 1.0000 0.0001
vn 0.1178 0.2200 0.9684
vn -0.8766 0.0247 0.4806
vn 0.9663 -0.0197 0.2565
vn 0.1207 -0.0302 0.9922
vn 0.9656 -0.0546 0.2541
vn -0.8714 0.0927 0.4818
vn -0.1203 0.0796 -0.9895
vn 0.1663 0.9859 -0.0202
vn -0.9614 0.0926 -0.2589
vn -0.8238 0.2391 0.5140
vn 0.9501 -0.1532 0.2718
vn 0.8766 -0.0546 -0.4781
vn -0.1819 -0.9831 0.0221
vn 0.0057 -0.5057 0.8627
vn 0.8572 -0.1532 -0.4917
vn 0.1083 -0.0802 -0.9909
vn -0.8754 0.0711 0.4781
vn 0.1117 0.3792 0.9186
vn -0.1117 0.3792 -0.9186
vn 0.3705 -0.9236 0.0986
vn -0.9918 -0.0426 0.1206
vn 0.9614 -0.0926 0.2589
vn -0.1202 -0.0920 -0.9885
vn 0.9230 -0.2391 0.3015
vn 0.8754 -0.0711 -0.4781
vn 0.8714 -0.0926 -0.4818
vn 0.8238 -0.2391 -0.5140
vn 0.9645 -0.0711 0.2543
vn -0.7769 0.2924 0.5577
vn -0.3361 0.9236 0.1845
vn -0.8572 0.1532 0.4917
vn -0.8879 0.2924 -0.3552
vn -0.3705 0.9236 -0.0986
vn -0.3705 0.9236 -0.0980
vn -0.3706 0.9236 -0.0979
vn -0.9501 0.1532 -0.2718
vn -0.1207 0.0261 -0.9923
vn 0.1207 0.0261 0.9923
vn -0.1089 0.4320 -0.8953
vn 0.1202 -0.0920 0.9885
vn 0.1091 -0.4281 0.8971
vn 0.1203 0.0796 0.9895
vn -0.8772 0.0451 0.4780
vn -0.8770 0.0453 0.4783
vn -0.8768 0.0455 0.4787
vn -0.9230 0.2391 -0.3015
vn -0.9663 0.0450 -0.2536
vn -0.9661 0.0453 -0.2542
vn -0.9663 0.0449 -0.2533
vn -0.1091 -0.4281 -0.8971
vn 0.9918 0.0424 -0.1206
vn 0.7769 -0.2924 -0.5577
vn -0.1059 0.1414 0.9843
vn 0.3361 -0.9236 -0.1845
vn 0.8767 -0.0197 -0.4807
vn 0.1330 0.0547 0.9896
vn 0.9671 -0.0000 0.2542
vn -0.2012 -0.5057 -0.8389
vn -0.0223 0.5065 -0.8620
vn -0.1056 -0.4845 -0.8684
vn -0.1207 -0.0302 -0.9922
vn -0.8780 -0.0000 0.4786
vn 0.1089 0.4320 0.8953
vn -0.1168 -0.2523 -0.9606
vn -0.8716 -0.4787 0.1060
vn -0.0421 0.9991 0.0051
vn -0.5415 -0.8381 0.0659
vn -0.1178 0.2200 -0.9684
vn -0.5334 -0.8434 0.0649
vn -0.9585 -0.2602 0.1166
vn -0.9662 0.0247 -0.2565
vn -0.7790 -0.6198 0.0947
vn -0.9279 -0.0003 0.3727
vn 0.7785 0.6205 -0.0947
vn -0.9671 0.0000 -0.2542
vn -0.1170 0.0161 -0.9930
vn -0.1140 0.0157 -0.9934
vn -0.1185 0.0133 -0.9929
vn 0.1244 0.0161 0.9921
vn 0.1229 0.0132 0.9923
vn 0.1275 0.0157 0.9917
vn -0.0008 -1.0000 0.0003
vn -0.7598 -0.6435 0.0924
vn 0.8711 0.4795 -0.1059
vn 0.7616 0.6414 -0.0926
vn 0.0003 -1.0000 -0.0001
vn 0.1059 0.2009 0.9739
vn -0.1306 0.2009 -0.9709
vn 0.1168 -0.2523 0.9606
vn 0.1849 0.5065 0.8422
vn 0.9856 0.1189 -0.1199
vn 0.8879 -0.2924 0.3552
vn 0.3457 -0.0808 0.9349
vn -0.3415 0.1419 -0.9291
vn -0.9856 -0.1195 0.1199
vn -0.1266 -0.0131 -0.9919
vn -0.1239 -0.0140 -0.9922
vn -0.1264 -0.0151 -0.9919
vn 0.1175 -0.0140 0.9930
vn 0.1148 -0.0131 0.9933
vn 0.1150 -0.0152 0.9933
vn 0.8210 0.0000 -0.5710
vn -0.4695 -0.8811 0.0571
vn 0.9588 0.2589 -0.1166
vn 0.1056 -0.4845 0.8684
vn 0.1061 -0.0632 0.9923
vn -0.1348 -0.0632 -0.9889
vn 0.5416 0.8380 -0.0659
vn 0.4734 0.8790 -0.0576
vn 0.5314 0.8446 -0.0646
vn 0.4123 -0.9109 -0.0176
vn 0.3606 -0.9316 -0.0457
vn 0.3559 -0.9334 -0.0449
vn 0.0495 -0.9939 -0.0987
vn 0.1934 -0.9755 -0.1047
vn 0.2131 -0.9721 -0.0976
vn -0.9112 0.3518 0.2145
vn -0.9235 0.3203 0.2113
vn -0.9096 0.3585 0.2100
vn 0.8457 0.5313 -0.0493
vn -0.9231 0.3394 0.1808
vn -0.9364 0.2903 0.1973
vn -0.9184 0.3523 0.1799
vn -0.8825 -0.1380 0.4496
vn 0.8963 -0.4048 -0.1811
vn 0.9017 -0.3806 -0.2052
vn 0.9107 -0.3556 -0.2101
vn -0.9203 0.3864 -0.0610
vn -0.9822 -0.0744 0.1727
vn 0.8821 0.1385 -0.4502
vn 0.7317 -0.5646 0.3819
vn 0.9212 -0.3848 0.0580
vn 0.9278 -0.3183 -0.1945
vn 0.9822 0.0746 -0.1726
vn 0.5377 0.8315 -0.1395
vn 0.8491 0.5185 0.1011
vn 0.8403 0.5306 0.1114
vn 0.8686 0.4896 0.0767
vn -0.8790 -0.1204 0.4615
vn -0.7318 0.5677 -0.3772
vn -0.9749 -0.1198 0.1879
vn 0.8791 0.1233 -0.4604
vn 0.9051 -0.3941 -0.1598
vn 0.9744 0.1228 -0.1885
vn 0.3534 -0.9344 -0.0457
vn 0.3050 -0.9483 -0.0881
vn 0.2374 -0.9671 -0.0919
vn 0.2132 -0.9721 -0.0976
vn 0.3531 -0.9335 -0.0617
vn -0.8958 0.4025 0.1886
vn -0.9046 0.3772 0.1987
vn 0.8458 0.5313 -0.0493
vn -0.8937 0.4185 0.1617
vn -0.9100 0.3740 0.1788
vn 0.9127 -0.3484 -0.2134
vn 0.9207 -0.3159 -0.2293
vn 0.5378 0.8315 -0.1395
vn 0.8879 0.4563 0.0591
vn 0.8685 0.4896 0.0767
vn 0.8779 0.4747 0.0628
vn 0.6777 -0.6329 -0.3743
vn -0.8898 0.3489 0.2942
vn -0.3372 0.0279 -0.9410
vn 0.8312 0.5513 -0.0726
vn 0.7656 0.5449 -0.3418
vn 0.8472 -0.5312 -0.0094
vn -0.8124 0.5825 0.0272
vn -0.8616 -0.4975 0.1005
vn -0.9158 0.3970 0.0610
vn 0.9898 -0.0717 -0.1234
vn 0.9669 0.2232 -0.1233
vn -0.9958 0.0390 -0.0831
vn -0.8230 0.4366 0.3635
vn 0.8215 -0.4392 -0.3637
vn -0.9949 0.0393 0.0931
vn 0.8024 -0.0787 -0.5915
vn 0.3252 -0.9456 -0.0108
vn 0.7905 0.1930 -0.5813
vn 0.4351 0.1645 0.8852
vn 0.3963 0.1024 0.9124
vn 0.0913 0.1856 -0.9784
vn -0.0799 -0.9494 0.3037
vn 0.7824 -0.6205 -0.0525
vn 0.0626 0.0994 -0.9931
vn 0.5667 -0.7559 -0.3279
vn -0.9178 0.3923 -0.0607
vn 0.8117 -0.5835 -0.0272
vn 0.8888 0.2111 -0.4067
vn -0.6789 0.6318 0.3741
vn 0.8353 -0.5483 0.0405
vn 0.9736 0.2190 0.0638
vn 0.8015 0.5495 -0.2358
vn 0.8014 0.5498 -0.2356
vn 0.8011 0.5503 -0.2354
vn 0.8935 -0.4400 -0.0894
vn -0.0290 -0.0419 -0.9987
vn 0.9697 0.2340 0.0703
vn -0.7152 0.6167 0.3287
vn 0.5138 0.8413 -0.1677
vn 0.7860 0.4824 -0.3868
vn -0.7486 0.5601 -0.3549
vn 0.8097 0.5581 -0.1813
vn 0.3633 0.0139 0.9316
vn -0.8406 -0.4641 0.2792
vn -0.9315 0.3564 -0.0728
vn 0.4326 -0.8947 -0.1115
vn 0.3729 -0.1717 0.9119
vn 0.3724 -0.1718 0.9120
vn -0.0171 0.1177 -0.9929
vn 0.9649 0.2442 -0.0965
vn 0.9407 -0.0370 -0.3373
vn 0.3988 -0.9059 -0.1421
vn 0.2100 -0.3815 0.9002
vn 0.9147 -0.3994 -0.0608
vn -0.7349 0.6545 0.1777
vn -0.9558 -0.2442 0.1639
vn -0.9171 -0.2283 0.3269
vn 0.7918 0.5467 -0.2725
vn 0.6381 0.5573 -0.5313
vn 0.6112 -0.7754 -0.1586
vn -0.2225 0.9749 0.0012
vn 0.5488 0.8326 -0.0748
vn 0.0093 -0.1284 -0.9917
vn -0.8843 -0.4654 -0.0388
vn 0.7476 -0.5591 0.3583
vn 0.3794 0.1528 0.9125
vn -0.8021 0.5832 0.1283
vn 0.9311 -0.3573 0.0731
vn 0.9659 -0.1728 -0.1928
vn 0.2934 -0.1098 0.9497
vn -0.8892 -0.2115 0.4058
vn 0.4368 -0.8945 -0.0955
vn -0.8444 -0.5068 0.1736
vn 0.3116 -0.9492 0.0444
vn 0.0590 -0.1868 -0.9806
vn 0.5218 0.8278 -0.2061
vn 0.7338 -0.6558 -0.1773
vn 0.2716 -0.2070 0.9399
vn -0.9739 -0.2179 -0.0631
vn -0.9876 0.0390 0.1522
vn 0.8136 -0.5381 -0.2203
vn -0.9123 0.0783 0.4019
vn 0.4470 -0.8907 -0.0832
vn -0.9408 0.0374 0.3368
vn 0.1824 -0.4047 0.8961
vn -0.7831 0.6196 0.0528
vn -0.9649 -0.2441 0.0964
vn -0.9896 0.0731 0.1236
vn -0.9952 0.0656 -0.0724
vn -0.7870 -0.4810 0.3864
vn 0.5283 0.8467 -0.0635
vn 0.8165 -0.3847 -0.4304
vn -0.9699 -0.2332 -0.0700
vn -0.9552 -0.1340 0.2639
vn 0.8014 -0.5843 -0.1281
vn 0.7477 -0.3901 -0.5373
vn 0.8607 0.4992 -0.1001
vn -0.6118 0.7749 0.1588
vn 0.9958 -0.0374 0.0835
vn -0.6789 0.5755 0.4558
vn 0.0686 -0.0093 -0.9976
vn -0.7911 -0.1940 0.5801
vn 0.3099 -0.1898 -0.9316
vn 0.6781 -0.5763 -0.4561
vn -0.7491 0.3883 0.5367
vn -0.9670 -0.2229 0.1236
vn -0.7481 0.6542 0.1111
vn -0.5674 0.7554 0.3277
vn 0.3551 -0.0843 0.9310
vn -0.8161 0.3856 0.4304
vn 0.6283 -0.7748 -0.0701
vn 0.7143 -0.6177 -0.3290
vn -0.7292 -0.4386 0.5253
vn 0.8841 -0.1888 -0.4274
vn 0.9949 -0.0382 -0.0932
vn 0.3602 -0.9324 0.0305
vn -0.2809 -0.9583 0.0518
vn -0.2811 -0.9582 0.0528
vn -0.8805 -0.4724 -0.0391
vn 0.9170 0.2282 -0.3273
vn 0.4945 -0.0946 0.8640
vn 0.5365 0.8341 -0.1283
vn -0.1006 -0.0116 -0.9949
vn 0.2920 -0.9450 -0.1471
vn 0.7283 0.4395 -0.5258
vn -0.8848 0.1879 0.4263
vn 0.1045 -0.1732 -0.9793
vn 0.3365 0.0861 0.9377
vn 0.9551 0.1351 -0.2637
vn 0.8834 0.4670 0.0392
vn 0.5093 0.8415 -0.1800
vn 0.3008 -0.0078 0.9537
vn 0.0629 -0.7221 -0.6889
vn 0.3835 -0.9070 0.1739
vn 0.4197 -0.6233 0.6598
vn 0.8892 -0.3504 -0.2943
vn -0.8359 0.5474 -0.0405
vn -0.8577 -0.5078 0.0804
vn -0.8034 0.0784 0.5902
vn -0.8945 0.4379 0.0898
vn 0.9119 -0.0777 -0.4029
vn -0.9657 0.1741 0.1927
vn 0.3969 -0.1335 0.9081
vn -0.6295 0.7738 0.0703
vn 0.5079 0.2921 0.8104
vn 0.9557 0.2446 -0.1638
vn 0.5453 0.8380 -0.0182
vn -0.8469 0.5316 0.0095
vn 0.9067 -0.3994 -0.1353
vn -0.2367 -0.8275 -0.5092
vn 0.1121 -0.0989 -0.9888
vn -0.0315 0.0628 -0.9975
vn -0.8141 0.5373 0.2205
vn 0.9175 -0.3929 0.0612
vn 0.9877 -0.0375 -0.1521
vn -0.9077 0.3970 0.1356
vn 0.0702 0.0952 -0.9930
vn 0.0705 0.0955 -0.9929
vn 0.7467 -0.6558 -0.1111
vn 0.9953 -0.0636 0.0732
vn 0.1207 0.0017 0.9927
vn -0.1207 -0.0017 -0.9927
vn 0.1207 0.0335 0.9921
vn 0.9250 -0.3629 -0.1125
vn -0.1207 -0.0335 -0.9921
vn 0.9558 0.2701 -0.1162
vn -0.9558 -0.2701 0.1163
vn -0.9250 0.3629 0.1125
vn 0.0088 1.0000 -0.0032
vn 0.9924 0.0221 -0.1207
vn -0.4977 0.8665 0.0382
vn 0.1879 0.0166 0.9820
vn 0.4977 -0.8665 -0.0382
vn 0.0205 0.9998 -0.0016
vn 0.0205 0.9998 -0.0019
vn 0.5072 -0.8596 -0.0617
vn -0.2923 0.0000 -0.9563
vn -0.9884 0.0000 0.1522
vn -0.5073 0.8596 0.0617
vn 0.0321 0.0434 -0.9985
vn 0.0324 0.9995 -0.0030
vn 0.5149 -0.8550 -0.0626
vn -0.0109 -0.0284 0.9995
vn 0.1207 0.0087 0.9927
vn -0.0483 0.9988 0.0086
vn 0.4336 -0.9006 -0.0318
vn -0.0088 -1.0000 0.0032
vn -0.0393 -0.0583 0.9975
vn 0.0395 0.0579 -0.9975
vn -0.0484 -0.9988 0.0068
vn -0.0300 0.9996 0.0001
vn -0.0030 -0.0319 0.9995
vn -0.4720 0.8808 0.0365
vn -0.1206 -0.0068 -0.9927
vn 0.5318 -0.8460 -0.0390
vn 0.0481 -0.9988 -0.0089
vn 0.0482 -0.9988 -0.0086
vn -0.0006 1.0000 0.0001
vn 0.0368 0.0479 -0.9982
vn -0.0036 -0.0453 0.9990
vn 0.0036 0.0454 -0.9990
vn -0.7389 -0.0142 0.6736
vn 0.5292 -0.8461 -0.0644
vn -0.4854 0.8723 0.0590
vn -0.7167 0.0000 -0.6974
vn -0.0324 -0.9995 0.0030
vn 0.0299 -0.9996 -0.0001
vn -0.0124 0.9999 0.0062
vn 0.0485 0.9988 -0.0068
vn -0.4217 0.9064 0.0245
vn -0.5440 0.8385 0.0315
vn -0.1015 0.0104 -0.9948
vn 0.1255 0.0026 0.9921
vn -0.9915 0.0489 0.1206
vn -0.4603 0.8860 0.0560
vn -0.0033 1.0000 0.0004
vn -0.1208 -0.0021 -0.9927
vn -0.0961 0.0000 0.9954
vn 0.1208 -0.0018 0.9927
vn -0.5149 0.8550 0.0626
vn 0.8399 0.5330 -0.1021
vn 0.9924 0.0219 -0.1207
vn 0.1207 0.0054 0.9927
vn -0.1207 -0.0088 -0.9927
vn 0.4728 -0.8804 -0.0363
vn 0.0032 0.0316 -0.9995
vn 0.9926 -0.0092 -0.1207
vn 0.9801 0.0490 -0.1922
vn -0.1059 0.0063 -0.9944
vn 0.9985 0.0299 0.0467
vn 0.5451 -0.8378 -0.0315
vn -0.8513 0.0092 0.5247
vn 0.4603 -0.8860 -0.0560
vn -0.9947 -0.0033 0.1032
vn -0.9049 -0.4225 0.0523
vn -0.9999 0.0000 0.0148
vn -0.5309 0.8465 0.0389
vn 0.1051 -0.0063 0.9944
vn -0.0324 -0.0427 0.9986
vn 0.0210 -0.9997 -0.0105
vn -0.4287 0.0000 -0.9035
vn -0.9852 -0.0000 0.1714
vn 0.9620 0.0000 -0.2729
vn -0.5257 0.0000 0.8507
vn 0.0033 1.0000 -0.0004
vn -0.0033 -1.0000 0.0004
vn -0.1207 -0.0024 -0.9927
vn 0.4218 -0.9064 -0.0244
vn 0.0218 -0.9998 -0.0026
vn 0.0217 -0.9998 -0.0020
vn 0.0217 -0.9998 -0.0023
vn 0.9927 -0.0033 -0.1207
vn -0.0093 0.0640 -0.9979
vn 0.4854 -0.8723 -0.0590
vn 0.1208 0.0001 0.9927
vn -0.1208 -0.0002 -0.9927
vn -0.1208 0.0001 -0.9927
vn -0.5535 0.0000 -0.8329
vn -0.9965 0.0000 0.0833
vn 0.9662 0.0000 -0.2577
vn -0.8487 -0.5187 0.1032
vn -0.8795 -0.4637 0.1070
vn 0.9462 0.0000 -0.3235
vn 0.9454 0.0000 0.3259
vn 0.9927 0.0000 -0.1208
vn -0.8399 -0.5331 0.1021
vn -0.4020 0.0000 0.9156
vn -0.0534 0.0000 -0.9986
vn 0.8533 0.5110 -0.1038
vn -0.6262 -0.0000 0.7797
vn 0.9886 0.0000 -0.1506
vn -0.9742 0.0000 -0.2257
vn 0.8659 0.4889 -0.1053
vn 0.1208 0.0021 0.9927
vn 0.1087 0.0000 0.9941
vn -0.1124 0.0000 -0.9937
vn 0.9845 0.0000 0.1751
vn -0.8981 -0.4347 0.0658
vn 0.0110 0.0282 -0.9995
vn 0.1207 0.0023 0.9927
vn 0.1207 0.0028 0.9927
vn 0.1090 -0.0066 0.9940
vn 0.0033 -1.0000 -0.0004
vn 0.0302 -0.0522 0.9982
vn -0.0218 0.9998 0.0023
vn -0.8659 -0.4889 0.1053
vn 0.8487 0.5187 -0.1032
vn -1.0000 0.0000 0.0059
vn 0.1352 0.0092 0.9908
vn -0.1090 0.0066 -0.9940
vn -0.4335 0.9006 0.0318
vn -0.1206 -0.0056 -0.9927
vn -0.1208 0.0017 -0.9927
vn -0.0366 -0.0483 0.9982
vn -0.0005 1.0000 -0.0002
vn -0.7866 0.0000 -0.6174
vn -0.0077 0.0000 -1.0000
vn -0.9908 0.0325 0.1312
vn 0.1818 -0.0000 0.9833
vn 0.9941 0.0000 0.1086
vn -0.0218 -0.9998 0.0016
vn -0.5292 0.8461 0.0644
vn -0.8640 -0.4991 0.0663
vn -0.1352 -0.0092 -0.9908
g Shipwreck_Shipwreck_Collor_Material
usemtl Collor_Material
s off
f 226/1/1 217/2/1 224/3/1
f 218/4/1 220/5/1 222/6/1
f 53/7/2 625/8/3 52/9/4
f 3798/10/5 626/11/6 627/12/7
f 549/13/8 622/14/9 544/15/10
f 543/16/11 622/17/12 623/18/13
f 554/19/14 625/20/14 647/21/14
f 199/22/15 598/23/16 568/24/17
f 194/25/18 595/26/19 596/27/19
f 3811/28/20 594/29/21 3812/30/22
f 649/31/23 650/32/23 651/33/23
f 3818/34/24 599/35/25 567/36/26
f 581/37/27 598/38/28 619/39/28
f 575/40/29 594/41/30 597/42/30
f 203/43/31 595/44/32 195/45/33
f 3801/46/34 621/47/34 624/48/34
f 3802/49/35 626/50/36 3797/51/37
f 3792/52/38 621/53/39 3793/54/40
f 569/55/41 599/56/42 600/57/42
f 53/58/43 628/59/44 625/60/45
f 3798/61/46 3797/62/47 626/63/48
f 549/64/49 639/65/49 622/66/49
f 543/67/50 544/68/51 622/69/52
f 554/70/53 52/71/54 625/72/55
f 194/73/56 195/74/57 595/75/58
f 3811/76/21 593/77/21 594/78/21
f 3818/79/25 618/80/25 599/81/25
f 581/82/59 568/83/60 598/84/28
f 575/85/61 3812/86/62 594/87/30
f 203/88/32 611/89/32 595/90/32
f 3801/91/63 3793/92/64 621/93/65
f 3802/94/66 646/95/67 626/96/68
f 3792/97/69 620/98/70 621/99/71
f 649/100/72 651/101/72 608/102/72
f 4139/103/73 4155/104/74 4156/105/75
f 4140/106/76 4154/107/77 4138/108/78
f 3922/109/79 4151/110/80 4137/111/81
f 3867/112/82 4151/113/82 4152/114/82
f 1619/115/83 4150/116/83 4153/117/83
f 4147/118/84 4155/119/85 1614/120/86
f 1609/121/87 4150/122/88 1610/123/89
f 4148/124/90 4154/125/90 4176/126/90
f 3922/127/91 4168/128/91 4151/129/91
f 3867/130/92 4137/131/93 4151/132/94
f 1619/133/95 1610/134/96 4150/135/97
f 4147/136/98 4175/137/98 4155/138/98
f 1609/139/99 4149/140/100 4150/141/101
f 4148/142/102 4138/143/103 4154/144/104
f 199/145/105 601/146/16 598/147/16
f 650/148/106 649/149/106 606/150/106
f 569/151/107 567/152/108 599/153/109
f 201/154/110 651/155/111 650/156/111
f 4139/157/112 1614/158/113 4155/159/114
f 4140/160/115 4157/161/116 4154/162/117
f 248/163/118 587/164/119 585/165/119 247/166/120
f 251/167/121 591/168/122 590/169/122 250/170/123
f 551/171/124 641/172/125 639/173/126 549/174/127
f 632/175/128 634/176/128 633/177/128 631/178/128
f 4174/179/129 4176/180/129 4175/181/129 4173/182/129
f 625/183/130 628/184/130 627/185/130 626/186/130
f 591/187/131 253/188/132 589/189/133 590/190/131
f 251/191/134 582/192/135 592/193/136 591/194/136
f 552/195/137 642/196/138 644/197/139 553/198/140
f 248/199/141 249/200/142 588/201/143 587/202/143
f 612/203/144 613/204/144 615/205/144 614/206/144
f 225/207/145 227/208/145 226/209/145 224/210/145
f 578/211/146 580/212/147 617/213/148 615/214/148
f 548/215/149 637/216/150 620/217/151 3792/218/152
f 4161/219/153 4163/220/153 4162/221/153 4160/222/153
f 556/223/154 648/224/155 563/225/156 562/226/156
f 593/227/157 596/228/157 595/229/157 594/230/157
f 221/231/158 223/232/158 222/233/158 220/234/158
f 223/235/159 225/236/159 224/237/159 222/238/159
f 587/239/160 588/240/160 252/241/161 586/242/162
f 587/243/163 586/244/164 584/245/165 585/246/163
f 630/247/166 632/248/166 631/249/166 629/250/166
f 204/251/167 613/252/168 611/253/168 203/254/169
f 4274/255/170 4271/256/170 4272/257/170 4273/258/170
f 545/259/171 3799/260/172 629/261/173 631/262/174
f 598/263/175 601/264/175 600/265/175 599/266/175
f 211/267/176 228/268/176 227/269/176 216/270/176
f 115/271/177 564/272/178 563/273/178 648/274/179
f 114/275/180 560/276/181 566/277/181 555/278/182
f 4141/279/183 1615/280/184 4158/281/185 4160/282/185
f 213/283/186 214/284/186 223/285/186 221/286/186
f 247/287/187 585/288/188 592/289/188 582/290/189
f 4172/291/190 4174/292/190 4173/293/190 4171/294/190
f 642/295/191 643/296/191 645/297/191 644/298/191
f 644/299/192 645/300/192 647/301/192 646/302/192
f 250/303/193 590/304/194 588/305/194 249/306/195
f 583/307/196 592/308/197 585/309/197 584/310/198
f 610/311/199 609/312/199 607/313/199 608/314/199
f 252/315/200 588/316/201 590/317/201 589/318/202
f 576/319/203 575/320/204 597/321/205 612/322/205
f 639/323/206 641/324/206 640/325/206 624/326/206
f 623/327/207 622/328/207 621/329/207 620/330/207
f 637/331/208 638/332/208 623/333/208 620/334/208
f 4162/335/209 4163/336/209 4165/337/209 4164/338/209
f 4170/339/210 4172/340/210 4171/341/210 4169/342/210
f 214/343/211 215/344/211 225/345/211 223/346/211
f 4154/347/212 4155/348/212 4175/349/212 4176/350/212
f 4146/351/213 4173/352/214 4175/353/214 4147/354/215
f 116/355/216 563/356/217 564/357/217 117/358/218
f 558/359/219 566/360/220 560/361/220 559/362/221
f 3817/363/222 609/364/223 593/365/223 3811/366/224
f 4149/367/225 4152/368/225 4151/369/225 4150/370/225
f 556/371/226 562/372/227 560/373/227 114/374/228
f 574/375/229 202/376/230 610/377/231 608/378/231
f 226/379/232 227/380/232 228/381/232 217/382/232
f 565/383/233 566/384/233 558/385/234 118/386/235
f 106/387/236 107/388/237 645/389/238 643/390/239
f 557/391/240 555/392/241 566/393/242 565/394/242
f 4142/395/243 4143/396/244 4165/397/245 4163/398/245
f 597/399/246 611/400/246 613/401/246 612/402/246
f 200/403/247 603/404/248 601/405/248 199/406/249
f 579/407/250 616/408/251 618/409/251 3818/410/252
f 578/411/253 615/412/254 613/413/254 204/414/255
f 622/415/256 639/416/256 624/417/256 621/418/256
f 557/419/257 565/420/258 564/421/258 115/422/259
f 570/423/260 569/424/261 600/425/262 602/426/262
f 3816/427/263 607/428/264 609/429/264 3817/430/265
f 573/431/266 571/432/267 604/433/268 606/434/268
f 577/435/269 614/436/270 616/437/270 579/438/271
f 1616/439/272 4162/440/273 4164/441/273 1617/442/274
f 572/443/275 605/444/276 603/445/276 200/446/277
f 572/447/278 201/448/279 650/449/280 605/450/280
f 4144/451/281 1619/452/282 4153/453/283 4169/454/283
f 4145/455/284 3924/456/285 4174/457/286 4172/458/286
f 106/459/287 643/460/288 641/461/289 551/462/290
f 4159/463/291 4161/464/291 4160/465/291 4158/466/291
f 628/467/292 53/468/293 54/469/294 630/470/295
f 3923/471/296 4170/472/297 4168/473/297 3922/474/298
f 4164/475/299 4165/476/299 4167/477/299 4166/478/299
f 1617/479/300 4164/480/301 4166/481/301 1618/482/302
f 546/483/303 632/484/304 630/485/305 54/486/306
f 547/487/307 545/488/308 631/489/309 633/490/310
f 4157/491/311 4159/492/311 4158/493/311 4156/494/311
f 4154/495/312 4157/496/312 4156/497/312 4155/498/312
f 591/499/313 592/500/313 583/501/314 253/502/315
f 601/503/316 603/504/316 602/505/316 600/506/316
f 55/507/317 56/508/318 636/509/319 634/510/320
f 604/511/321 605/512/321 650/513/321 606/514/321
f 218/515/322 219/516/322 221/517/322 220/518/322
f 4151/519/323 4168/520/323 4153/521/323 4150/522/323
f 4211/523/324 4216/524/324 4218/525/324 4214/526/324
f 594/527/325 595/528/325 611/529/325 597/530/325
f 599/531/326 618/532/326 619/533/326 598/534/326
f 4213/535/327 4217/536/327 4215/537/327 4212/538/327
f 4239/539/170 4240/540/170 4241/541/170 4242/542/170
f 4233/543/328 4230/544/328 4229/545/328 4234/546/328
f 4257/547/328 4254/548/328 4253/549/328 4258/550/328
f 4258/551/324 4253/552/324 4251/553/324 4255/554/324
f 609/555/329 610/556/329 596/557/329 593/558/329
f 565/559/330 118/560/331 117/561/332 564/562/330
f 4256/563/327 4252/564/327 4254/565/327 4257/566/327
f 4153/567/333 4168/568/333 4170/569/333 4169/570/333
f 614/571/334 615/572/334 617/573/334 616/574/334
f 4142/575/335 4163/576/336 4161/577/336 3872/578/337
f 573/579/338 606/580/339 607/581/339 3816/582/340
f 574/583/341 608/584/342 651/585/342 201/586/343
f 633/587/344 634/588/344 636/589/344 635/590/344
f 55/591/345 634/592/346 632/593/347 546/594/348
f 562/595/349 561/596/350 559/597/351 560/598/349
f 553/599/352 644/600/353 646/601/354 3802/602/355
f 107/603/356 554/604/357 647/605/358 645/606/359
f 4143/607/360 3873/608/361 4167/609/362 4165/610/362
f 56/611/363 57/612/364 638/613/365 636/614/366
f 4219/615/367 4220/616/367 4223/617/367 4224/618/367
f 4212/619/170 4211/620/170 4214/621/170 4213/622/170
f 627/623/368 629/624/369 3799/625/370 3798/626/371
f 227/627/372 225/628/372 215/629/372 216/630/372
f 202/631/373 194/632/374 596/633/375 610/634/375
f 1620/635/376 4144/636/377 4169/637/378 4171/638/378
f 1615/639/379 4139/640/380 4156/641/381 4158/642/381
f 4166/643/382 4167/644/382 4152/645/382 4149/646/382
f 635/647/383 636/648/383 638/649/383 637/650/383
f 571/651/384 570/652/385 602/653/386 604/654/386
f 547/655/387 633/656/388 635/657/389 3800/658/390
f 3872/659/391 4161/660/392 4159/661/392 3871/662/393
f 57/663/394 543/664/395 623/665/396 638/666/397
f 3924/667/398 4148/668/399 4176/669/400 4174/670/400
f 3871/671/401 4159/672/402 4157/673/402 4140/674/403
f 213/675/404 221/676/404 219/677/404 212/678/404
f 4152/679/405 4167/680/405 3873/681/406 3867/682/407
f 552/683/408 550/684/409 640/685/410 642/686/411
f 577/687/412 576/688/413 612/689/414 614/690/414
f 625/691/415 626/692/415 646/693/415 647/694/415
f 4222/695/416 4221/696/416 4220/697/416 4219/698/416
f 217/699/417 228/700/417 219/701/417 218/702/417
f 4149/703/418 1609/704/419 1618/705/420 4166/706/421
f 603/707/422 605/708/422 604/709/422 602/710/422
f 218/711/1 222/712/1 224/713/1 217/714/1
f 649/715/423 608/716/423 607/717/423 606/718/423
f 641/719/424 643/720/424 642/721/424 640/722/424
f 580/723/425 581/724/426 619/725/427 617/726/427
f 212/727/428 219/728/428 228/729/428 211/730/428
f 1620/731/429 4171/732/430 4173/733/430 4146/734/431
f 562/735/432 563/736/432 116/737/433 561/738/434
f 1616/739/435 4141/740/436 4160/741/437 4162/742/437
f 4145/743/438 4172/744/439 4170/745/439 3923/746/440
f 550/747/441 3801/748/442 624/749/443 640/750/444
f 3800/751/445 635/752/446 637/753/447 548/754/448
f 617/755/449 619/756/449 618/757/449 616/758/449
f 628/759/450 630/760/450 629/761/450 627/762/450
f 4225/763/451 4221/764/451 4222/765/451 4226/766/451
f 4220/767/452 4221/768/452 4225/769/452 4223/770/452
f 4226/771/453 4222/772/453 4219/773/453 4224/774/453
f 4214/775/454 4218/776/454 4217/777/454 4213/778/454
f 4212/779/328 4215/780/328 4216/781/328 4211/782/328
f 4231/783/455 4232/784/455 4233/785/455 4234/786/455
f 4231/787/454 4227/788/454 4228/789/454 4232/790/454
f 4234/791/327 4229/792/327 4227/793/327 4231/794/327
f 4232/795/324 4228/796/324 4230/797/324 4233/798/324
f 4241/799/328 4238/800/328 4237/801/328 4242/802/328
f 4239/803/454 4235/804/454 4236/805/454 4240/806/454
f 4242/807/324 4237/808/324 4235/809/324 4239/810/324
f 4240/811/327 4236/812/327 4238/813/327 4241/814/327
f 4255/815/170 4256/816/170 4257/817/170 4258/818/170
f 4247/819/455 4248/820/455 4249/821/455 4250/822/455
f 4249/823/328 4246/824/328 4245/825/328 4250/826/328
f 4247/827/454 4243/828/454 4244/829/454 4248/830/454
f 4250/831/327 4245/832/327 4243/833/327 4247/834/327
f 4248/835/324 4244/836/324 4246/837/324 4249/838/324
f 4255/839/454 4251/840/454 4252/841/454 4256/842/454
f 4265/843/455 4266/844/455 4263/845/455 4264/846/455
f 4265/847/328 4262/848/328 4261/849/328 4266/850/328
f 4263/851/454 4259/852/454 4260/853/454 4264/854/454
f 4266/855/327 4261/856/327 4259/857/327 4263/858/327
f 4264/859/324 4260/860/324 4262/861/324 4265/862/324
f 4273/863/328 4270/864/328 4269/865/328 4274/866/328
f 4271/867/454 4267/868/454 4268/869/454 4272/870/454
f 4274/871/324 4269/872/324 4267/873/324 4271/874/324
f 4272/875/327 4268/876/327 4270/877/327 4273/878/327
f 786/879/456 787/880/457 770/881/458
f 1055/882/459 768/883/460 769/884/461
f 750/885/462 760/886/463 748/887/464
f 1421/888/465 1783/889/465 1784/890/465
f 792/891/466 758/892/467 1047/893/468
f 748/894/469 764/895/470 747/896/471
f 759/897/472 762/898/473 763/899/474
f 1047/900/475 796/901/476 795/902/477
f 806/903/478 788/904/479 750/905/480
f 769/906/481 756/907/482 792/908/483
f 1064/909/484 1063/910/485 814/911/486
f 817/912/487 802/913/488 822/914/489
f 1110/915/490 1111/916/490 1112/917/490
f 747/918/491 807/919/492 831/920/493
f 763/921/494 1028/922/495 1108/923/496
f 795/924/497 811/925/498 829/926/499
f 1100/927/328 966/928/328 935/929/328
f 831/930/328 984/931/328 747/932/328
f 1069/933/500 780/934/501 809/935/502
f 855/936/503 878/937/504 1019/938/505
f 847/939/506 837/940/507 835/941/508
f 1013/942/509 881/943/510 882/944/511
f 851/945/512 835/946/513 834/947/514
f 889/948/515 884/949/515 888/950/516
f 890/951/517 845/952/518 889/953/519
f 877/954/520 883/955/521 857/956/522
f 856/957/523 885/958/524 878/959/525
f 891/960/526 892/961/527 1083/962/528
f 893/963/529 924/964/530 919/965/531
f 895/966/532 1635/967/533 925/968/534
f 833/969/328 935/970/328 966/971/328
f 834/972/535 900/973/536 851/974/537
f 850/975/538 929/976/539 849/977/540
f 851/978/541 1106/979/542 850/980/543
f 889/981/544 906/982/545 890/983/546
f 964/984/328 833/985/328 898/986/328
f 925/987/547 897/988/548 1037/989/549
f 1780/990/550 1404/991/551 1031/992/552
f 940/993/553 1104/994/554 945/995/555
f 935/996/328 971/997/328 958/998/328
f 963/999/328 964/1000/328 909/1001/328
f 957/1002/328 975/1003/328 1102/1004/328
f 963/1005/328 978/1006/328 979/1007/328
f 747/1008/328 984/1009/328 969/1010/328
f 969/1011/328 1093/1012/328 1094/1013/328
f 911/1014/328 969/1015/328 910/1016/328
f 910/1017/328 835/1018/328 911/1019/328
f 996/1020/556 749/1021/557 798/1022/558
f 1006/1023/559 1077/1024/559 1076/1025/559
f 1079/1026/560 1034/1027/561 800/1028/562
f 845/1029/563 1015/1030/563 884/1031/563
f 1062/1032/564 1033/1033/565 800/1034/566
f 1067/1035/567 816/1036/568 820/1037/569
f 790/1038/570 792/1039/571 1072/1040/572
f 794/1041/573 1074/1042/574 1073/1043/575
f 1081/1044/576 1080/1045/576 999/1046/576
f 1084/1047/577 919/1048/578 896/1049/579
f 1087/1050/580 1088/1051/581 1103/1052/582
f 954/1053/583 1090/1054/583 1089/1055/583
f 969/1056/328 1092/1057/328 1091/1058/328
f 1093/1059/328 1096/1060/328 1094/1061/328
f 965/1062/328 1101/1063/328 983/1064/328
f 1112/1065/490 782/1066/490 778/1067/490
f 1119/1068/584 1139/1069/585 1133/1070/586
f 1134/1071/587 1431/1072/588 1430/1073/589
f 1135/1074/590 1395/1075/591 1397/1076/592
f 1128/1077/593 1118/1078/594 1116/1079/595
f 1444/1080/596 1445/1081/597 1159/1082/598
f 1126/1083/599 1160/1084/600 1420/1085/601
f 1132/1086/602 1116/1087/603 1115/1088/604
f 1130/1089/605 1127/1090/606 1131/1091/607
f 1164/1092/608 1420/1093/609 1163/1094/610
f 1155/1095/611 1160/1096/612 1431/1097/613
f 1136/1098/614 1423/1099/615 1395/1100/616
f 1183/1101/617 1437/1102/618 1438/1103/619
f 1170/1104/620 1186/1105/621 1191/1106/622
f 1484/1107/623 1483/1108/623 1485/1109/623
f 1131/1110/624 1401/1111/625 1130/1112/626
f 1132/1113/627 1196/1114/628 1480/1115/629
f 1164/1116/630 1182/1117/631 1165/1118/632
f 1337/1119/633 1473/1120/454 1306/1121/634
f 1200/1122/635 1115/1123/636 1355/1124/637
f 1148/1125/638 1442/1126/639 1443/1127/640
f 1206/1128/641 1216/1129/642 1204/1130/643
f 1250/1131/644 1386/1132/645 1251/1133/646
f 1204/1134/647 1220/1135/648 1203/1136/649
f 1218/1137/650 1253/1138/651 1257/1139/652
f 1253/1140/653 1258/1141/653 1257/1142/653
f 1214/1143/654 1259/1144/655 1258/1145/656
f 1269/1146/657 1248/1147/658 1206/1148/659
f 1226/1149/660 1212/1150/661 1415/1151/662
f 1457/1152/663 1261/1153/664 1260/1154/665
f 1295/1155/666 1262/1156/667 1289/1157/668
f 1291/1158/669 1264/1159/670 1296/1160/671
f 1202/1161/672 1337/1162/673 1306/1163/674
f 1219/1164/675 1300/1165/676 1301/1166/677
f 1220/1167/678 1479/1168/679 1270/1169/680
f 1218/1170/681 1303/1171/682 1478/1172/683
f 1335/1173/684 1202/1174/685 1306/1175/686
f 1203/1176/687 1280/1177/688 1204/1178/689
f 1267/1179/690 1296/1180/691 1410/1181/692
f 830/1182/693 1768/1183/694 938/1184/695
f 1779/1185/696 1174/1186/697 1404/1187/698
f 1316/1188/699 1477/1189/700 1311/1190/701
f 1334/1191/454 1279/1192/454 1335/1193/702
f 1475/1194/454 1346/1195/454 1328/1196/454
f 1334/1197/454 1349/1198/454 1279/1199/454
f 1099/1200/703 1778/1201/703 1777/1202/703
f 1115/1203/704 1340/1204/705 1355/1205/706
f 1340/1206/454 1468/1207/454 1467/1208/454
f 1281/1209/707 1280/1210/708 1340/1211/709
f 1280/1212/710 1281/1213/711 1204/1214/712
f 1365/1215/713 1113/1216/714 1361/1217/715
f 1450/1218/716 1379/1219/717 1243/1220/718
f 1168/1221/719 1407/1222/720 1453/1223/721
f 1388/1224/722 1214/1225/722 1253/1226/722
f 1162/1227/723 1448/1228/724 1449/1229/725
f 1168/1230/726 1406/1231/727 1436/1232/728
f 1189/1233/729 1185/1234/730 1441/1235/731
f 1446/1236/732 1160/1237/733 1158/1238/734
f 1370/1239/735 1454/1240/736 1455/1241/737
f 1289/1242/738 1459/1243/739 1458/1244/740
f 1274/1245/741 1476/1246/742 1461/1247/743
f 1463/1248/744 1464/1249/744 1325/1250/744
f 1465/1251/454 1466/1252/454 1340/1253/745
f 1470/1254/454 1467/1255/454 1468/1256/454
f 1776/1257/746 1777/1258/746 1778/1259/746
f 1336/1260/454 1474/1261/454 1473/1262/454
f 1150/1263/747 1485/1264/748 1146/1265/749
f 1070/1266/750 1782/1267/751 1784/1268/752
f 1065/1269/753 1771/1270/753 1066/1271/753
f 1766/1272/754 1765/1273/754 936/1274/754
f 1768/1275/755 1194/1276/755 1769/1277/755
f 805/1278/756 1781/1279/757 1780/1280/757
f 967/1281/758 1305/1282/759 934/1283/760
f 1052/1284/761 1425/1285/762 1426/1286/763
f 1035/1287/764 1167/1288/765 1408/1289/766
f 1001/1290/767 1169/1291/768 801/1292/769
f 998/1293/770 1261/1294/771 892/1295/772
f 1076/1296/773 1229/1297/774 860/1298/775
f 1079/1299/776 1407/1300/777 1034/1301/778
f 1351/1302/779 1777/1303/780 1776/1304/781
f 1792/1305/782 1793/1306/782 1794/1307/782
f 1820/1308/454 1819/1309/454 1641/1310/454
f 1626/1311/328 1631/1312/328 1621/1313/328
f 1623/1314/783 1792/1315/784 1791/1316/783
f 1819/1317/785 1820/1318/785 1821/1319/785
f 1694/1320/786 1764/1321/786 1763/1322/786
f 1701/1323/787 1760/1324/787 1759/1325/787
f 1762/1326/454 1696/1327/454 1695/1328/454
f 1700/1329/454 1761/1330/454 1701/1331/454
f 1756/1332/788 1757/1333/788 1758/1334/788
f 1756/1335/789 1697/1336/789 1682/1337/789
f 1759/1338/790 1760/1339/790 1761/1340/790
f 1762/1341/791 1763/1342/791 1764/1343/791
f 1765/1344/792 1766/1345/792 1767/1346/792
f 938/1347/793 1768/1348/793 1769/1349/793
f 937/1350/794 1769/1351/794 1309/1352/794
f 1307/1353/795 1770/1354/795 1771/1355/795
f 1772/1356/796 1773/1357/796 1774/1358/796
f 1776/1359/797 1778/1360/797 1775/1361/797
f 981/1362/798 1352/1363/798 1775/1364/798
f 1779/1365/799 1780/1366/799 1781/1367/799
f 1781/1368/800 1310/1369/800 1779/1370/800
f 1421/1371/801 1784/1372/801 1782/1373/801
f 1784/1374/802 1783/1375/803 1048/1376/804
f 1792/1377/805 1794/1378/805 1791/1379/805
f 1791/1380/454 1638/1381/454 1628/1382/454
f 1795/1383/806 1796/1384/806 1797/1385/806
f 1795/1386/807 1632/1387/807 1796/1388/807
f 1819/1389/808 1821/1390/808 1822/1391/808
f 1822/1392/454 1638/1393/454 1819/1394/454
f 3244/1395/455 3247/1396/455 3246/1397/455
f 3251/1398/170 3248/1399/170 3250/1400/170
f 3252/1401/455 3255/1402/455 3254/1403/455
f 3259/1404/170 3256/1405/170 3258/1406/170
f 3310/1407/809 3358/1408/810 3311/1409/811
f 3308/1410/812 3322/1411/813 3321/1412/814
f 3417/1413/815 3382/1414/815 3383/1415/815
f 3380/1416/816 3393/1417/816 3381/1418/816
f 3346/1419/817 3407/1420/817 3406/1421/817
f 3370/1422/818 3399/1423/818 3425/1424/818
f 3323/1425/819 3416/1426/819 3357/1427/819
f 3369/1428/820 3400/1429/820 3335/1430/820
f 3322/1431/821 3417/1432/821 3358/1433/821
f 4130/1434/822 3976/1435/822 3975/1436/822
f 4129/1437/823 4130/1438/823 4131/1439/823
f 4134/1440/824 4135/1441/824 4136/1442/824
f 3941/1443/825 4130/1444/825 4129/1445/825
f 3960/1446/826 4136/1447/826 4135/1448/826
f 4058/1449/455 4057/1450/455 4062/1451/455
f 4129/1452/827 4131/1453/827 4128/1454/827
f 4128/1455/828 3975/1456/828 3974/1457/828
f 4134/1458/829 4136/1459/829 3983/1460/829
f 849/1461/830 847/1462/831 850/1463/832
f 3326/1464/833 3419/1465/833 3421/1466/833 3330/1467/833
f 766/1468/834 1056/1469/835 1057/1470/836
f 767/1471/837 1024/1472/838 1022/1473/839
f 756/1474/840 1049/1475/841 793/1476/842
f 760/1477/843 759/1478/844 1107/1479/845
f 758/1480/846 793/1481/847 797/1482/848
f 787/1483/849 1057/1484/850 792/1485/851
f 768/1486/852 1022/1487/853 1049/1488/854
f 817/1489/855 1631/1490/489 802/1491/856
f 1110/1492/490 753/1493/490 1111/1494/490
f 763/1495/857 762/1496/858 1028/1497/859
f 764/1498/860 1107/1499/861 827/1500/862
f 796/1501/863 797/1502/864 813/1503/865
f 1100/1504/328 965/1505/328 966/1506/328
f 746/1507/328 823/1508/328 1097/1509/328
f 992/1510/328 993/1511/328 966/1512/328
f 809/1513/866 808/1514/867 1069/1515/868
f 1069/1516/869 1068/1517/867 780/1518/870
f 838/1519/871 899/1520/872 859/1521/873
f 882/1522/874 881/1523/875 880/1524/876
f 1013/1525/877 883/1526/878 881/1527/879
f 849/1528/880 888/1529/881 884/1530/882
f 889/1531/883 845/1532/883 884/1533/883
f 899/1534/884 837/1535/885 879/1536/886
f 857/1537/887 1042/1538/888 843/1539/889
f 1082/1540/527 923/1541/890 1083/1542/891
f 923/1543/892 891/1544/893 1083/1545/894
f 894/1546/895 895/1547/896 1038/1548/897
f 895/1549/898 1634/1550/534 1635/1551/899
f 850/1552/900 930/1553/901 929/1554/902
f 851/1555/903 900/1556/904 1106/1557/905
f 849/1558/906 1105/1559/907 932/1560/908
f 964/1561/328 935/1562/328 833/1563/328
f 925/1564/909 1635/1565/549 897/1566/910
f 919/1567/911 1085/1568/912 1086/1569/913
f 1780/1570/914 1779/1571/915 1404/1572/916
f 934/1573/917 962/1574/918 960/1575/919
f 974/1576/328 909/1577/328 1102/1578/328
f 909/1579/328 957/1580/328 1102/1581/328
f 963/1582/328 909/1583/328 978/1584/328
f 969/1585/328 984/1586/328 1093/1587/328
f 1094/1588/328 970/1589/328 969/1590/328
f 994/1591/920 990/1592/921 745/1593/922
f 1076/1594/559 860/1595/559 874/1596/559
f 874/1597/559 1006/1598/559 1076/1599/559
f 800/1600/923 999/1601/924 1079/1602/925
f 999/1603/926 1080/1604/561 1079/1605/927
f 845/1606/563 1014/1607/563 1015/1608/563
f 1075/1609/928 1074/1610/929 794/1611/930
f 800/1612/931 814/1613/932 1062/1614/933
f 814/1615/934 1063/1616/935 1062/1617/936
f 820/1618/937 780/1619/938 1067/1620/939
f 780/1621/940 1068/1622/568 1067/1623/941
f 1071/1624/942 791/1625/943 1072/1626/944
f 1078/1627/945 1077/1628/946 1006/1629/947
f 896/1630/948 868/1631/949 1084/1632/950
f 1084/1633/951 1085/1634/949 919/1635/952
f 950/1636/953 904/1637/954 1103/1638/955
f 904/1639/956 932/1640/957 1087/1641/958
f 1103/1642/959 904/1643/960 1087/1644/961
f 933/1645/583 928/1646/583 1089/1647/583
f 928/1648/583 954/1649/583 1089/1650/583
f 1091/1651/328 910/1652/328 969/1653/328
f 969/1654/328 989/1655/328 1092/1656/328
f 1093/1657/328 1095/1658/328 1096/1659/328
f 965/1660/328 1100/1661/328 1101/1662/328
f 1112/1663/490 1111/1664/490 782/1665/490
f 1154/1666/962 1138/1667/963 1155/1668/964
f 1429/1669/965 1137/1670/966 1136/1671/967
f 1253/1672/968 1215/1673/969 1251/1674/970
f 1130/1675/971 1421/1676/597 1444/1677/972
f 1161/1678/973 1423/1679/974 1124/1680/975
f 1480/1681/976 1127/1682/977 1128/1683/978
f 1165/1684/979 1161/1685/980 1126/1686/981
f 1175/1687/982 1118/1688/983 1156/1689/984
f 1137/1690/985 1160/1691/986 1124/1692/987
f 1170/1693/988 1171/1694/622 1186/1695/989
f 1484/1696/623 1121/1697/623 1483/1698/623
f 1115/1699/990 1200/1700/991 1176/1701/992
f 1131/1702/993 1481/1703/994 1401/1704/995
f 1163/1705/996 1198/1706/997 1180/1707/998
f 1337/1708/999 1336/1709/454 1473/1710/454
f 1119/1711/1000 1288/1712/1001 1277/1713/1002
f 1192/1714/1003 1114/1715/454 1471/1716/1004
f 1297/1717/1005 1364/1718/1006 1202/1719/1007
f 1072/1720/1008 789/1721/1009 790/1722/1010
f 1443/1723/1011 1177/1724/1012 1178/1725/1013
f 1178/1726/1014 1148/1727/1015 1443/1728/1016
f 1224/1729/1017 1392/1730/1018 1247/1731/1019
f 1249/1732/1020 1250/1733/1021 1251/1734/1022
f 1250/1735/1023 1252/1736/1024 1386/1737/1025
f 1253/1738/1026 1214/1739/1026 1258/1740/1026
f 1246/1741/1027 1226/1742/1028 1252/1743/1029
f 1225/1744/1030 1247/1745/1031 1254/1746/1032
f 1260/1747/1033 1294/1748/1034 1457/1749/1035
f 1294/1750/1036 1456/1751/1037 1457/1752/1038
f 1411/1753/1039 1264/1754/1040 1263/1755/1041
f 1291/1756/1042 1265/1757/671 1264/1758/1043
f 1203/1759/1044 1220/1760/1045 1270/1761/1046
f 1219/1762/1047 1218/1763/1048 1300/1764/1049
f 1220/1765/1050 1219/1766/680 1479/1767/1051
f 1258/1768/1052 1259/1769/1053 1276/1770/1054
f 1335/1771/1055 1268/1772/1056 1202/1773/1057
f 1277/1774/1058 1288/1775/1059 1207/1776/1060
f 1203/1777/1061 1339/1778/1062 1280/1779/1063
f 1267/1780/1064 1291/1781/692 1296/1782/1065
f 1460/1783/1066 1459/1784/1067 1289/1785/1068
f 830/1786/1069 1199/1787/1070 1768/1788/1071
f 1779/1789/1072 1310/1790/1073 1174/1791/1074
f 1306/1792/1075 1329/1793/454 1342/1794/454
f 1331/1795/1076 1333/1796/1077 1305/1797/1078
f 1328/1798/454 1279/1799/454 1475/1800/454
f 1279/1801/454 1345/1802/454 1475/1803/454
f 1334/1804/454 1350/1805/454 1349/1806/454
f 1340/1807/454 1341/1808/454 1468/1809/454
f 1467/1810/454 1355/1811/454 1340/1812/454
f 1367/1813/1079 1166/1814/1080 1117/1815/1081
f 1243/1816/1082 1229/1817/1083 1450/1818/1084
f 1450/1819/1085 1451/1820/1083 1379/1821/1086
f 1454/1822/720 1370/1823/1087 1453/1824/1088
f 1370/1825/1089 1168/1826/1090 1453/1827/1091
f 1388/1828/1092 1387/1829/1093 1214/1830/1094
f 1437/1831/727 1183/1832/1095 1436/1833/1096
f 1183/1834/1097 1168/1835/1098 1436/1836/1099
f 1439/1837/1100 1440/1838/1100 1307/1839/1100
f 1442/1840/1101 1148/1841/1102 1441/1842/1103
f 1148/1843/1104 1189/1844/1105 1441/1845/1106
f 1159/1846/1107 1445/1847/733 1446/1848/1108
f 1424/1849/1109 1447/1850/1110 1448/1851/1111
f 1451/1852/1112 1452/1853/1113 1379/1854/1114
f 1458/1855/1115 1237/1856/739 1266/1857/1116
f 1266/1858/1117 1289/1859/1118 1458/1860/1119
f 1303/1861/1120 1274/1862/1121 1461/1863/1122
f 1274/1864/1123 1321/1865/1124 1476/1866/1125
f 1476/1867/1126 1462/1868/1124 1461/1869/1127
f 1325/1870/744 1299/1871/744 1463/1872/744
f 1299/1873/1128 1304/1874/1128 1463/1875/1128
f 1340/1876/1129 1280/1877/1130 1465/1878/454
f 1466/1879/454 1360/1880/454 1340/1881/1131
f 1470/1882/454 1469/1883/454 1467/1884/454
f 1336/1885/454 1354/1886/454 1474/1887/454
f 1150/1888/1132 1484/1889/1133 1485/1890/1134
f 1784/1891/1135 762/1892/1136 1070/1893/1137
f 791/1894/1138 1071/1895/751 1070/1896/1139
f 1772/1897/1140 810/1898/1141 1773/1899/1142
f 1771/1900/753 1770/1901/753 1066/1902/753
f 1199/1903/1143 1194/1904/1143 1768/1905/1143
f 1194/1906/755 1309/1907/755 1769/1908/755
f 1780/1909/757 1031/1910/1144 805/1911/1145
f 805/1912/1146 939/1913/757 1781/1914/757
f 967/1915/1147 1338/1916/760 1305/1917/1148
f 1776/1918/454 1775/1919/454 1352/1920/454
f 1052/1921/1149 1051/1922/763 1425/1923/1150
f 1035/1924/1151 799/1925/1152 1167/1926/1153
f 1001/1927/1154 1372/1928/769 1169/1929/1155
f 998/1930/1156 1369/1931/772 1261/1932/1157
f 1076/1933/1158 1450/1934/1159 1229/1935/1160
f 1079/1936/1161 1453/1937/1162 1407/1938/1163
f 1472/1939/1164 1174/1940/1165 1776/1941/1166
f 1174/1942/1167 1351/1943/1168 1776/1944/1169
f 1821/1945/1170 1626/1946/1170 1822/1947/1170
f 1792/1948/1171 1623/1949/1172 1793/1950/1172
f 1622/1951/1172 1795/1952/1172 1797/1953/1172
f 1626/1954/328 1636/1955/328 1631/1956/328
f 1628/1957/783 1621/1958/783 1791/1959/783
f 1621/1960/783 1623/1961/783 1791/1962/783
f 1699/1963/454 1761/1964/454 1700/1965/454
f 1761/1966/454 1760/1967/454 1701/1968/454
f 1682/1969/789 1684/1970/789 1756/1971/789
f 1756/1972/789 1758/1973/789 1697/1974/789
f 1699/1975/1173 1687/1976/1173 1761/1977/1173
f 1685/1978/1174 1696/1979/1174 1762/1980/1174
f 937/1981/794 938/1982/794 1769/1983/794
f 1778/1984/798 1099/1985/798 1775/1986/798
f 1099/1987/798 981/1988/798 1775/1989/798
f 1781/1990/800 939/1991/800 1310/1992/800
f 1791/1993/454 1794/1994/454 1638/1995/454
f 1795/1996/1175 1622/1997/1175 1632/1998/1175
f 1822/1999/454 1628/2000/454 1638/2001/454
f 3244/2002/455 3245/2003/455 3247/2004/455
f 3251/2005/170 3249/2006/170 3248/2007/170
f 3252/2008/455 3253/2009/455 3255/2010/455
f 3259/2011/170 3257/2012/170 3256/2013/170
f 1159/2014/1176 1156/2015/1177 1127/2016/1178
f 3310/2017/1179 3359/2018/1180 3358/2019/1181
f 3308/2020/1182 3309/2021/1183 3322/2022/1184
f 3417/2023/815 3418/2024/815 3382/2025/815
f 3380/2026/816 3392/2027/816 3393/2028/816
f 3346/2029/817 3347/2030/817 3407/2031/817
f 3370/2032/818 3334/2033/818 3399/2034/818
f 3323/2035/819 3394/2036/819 3416/2037/819
f 3369/2038/820 3424/2039/820 3400/2040/820
f 3322/2041/1185 3393/2042/1185 3417/2043/1185
f 3975/2044/822 4131/2045/822 4130/2046/822
f 4130/2047/822 3952/2048/822 3976/2049/822
f 3941/2050/825 3952/2051/825 4130/2052/825
f 3984/2053/826 3961/2054/826 4135/2055/826
f 3961/2056/826 3960/2057/826 4135/2058/826
f 4135/2059/1186 4134/2060/1186 3995/2061/1186
f 4056/2062/455 4055/2063/455 4065/2064/455
f 4055/2065/455 4054/2066/455 4065/2067/455
f 4065/2068/455 4064/2069/455 4056/2070/455
f 4064/2071/455 4063/2072/455 4056/2073/455
f 4062/2074/455 4061/2075/455 4059/2076/455
f 4061/2077/455 4060/2078/455 4059/2079/455
f 4059/2080/455 4058/2081/455 4062/2082/455
f 3974/2083/1187 3951/2084/1187 4128/2085/1187
f 4128/2086/1188 4131/2087/1188 3975/2088/1188
f 3369/2089/1189 3424/2090/1189 3423/2091/1189 3368/2092/1189
f 1163/2093/1190 1180/2094/1191 1182/2095/1192 1164/2096/1193
f 754/2097/1194 785/2098/1194 1153/2099/1194 1122/2100/1194
f 1060/2101/1195 995/2102/1195 997/2103/1195 891/2104/1195
f 3324/2105/1196 3395/2106/1196 3419/2107/1196 3326/2108/1196
f 1180/2109/1197 1317/2110/1197 1318/2111/1197 1182/2112/1197
f 770/2113/1198 1054/2114/1198 1428/2115/1198 1138/2116/1198
f 1415/2117/1199 1212/2118/1199 1385/2119/1199 1416/2120/1199
f 792/2121/1200 756/2122/1201 793/2123/1202 758/2124/1203
f 998/2125/1204 1058/2126/1204 1432/2127/1204 1369/2128/1204
f 1218/2129/1205 1257/2130/1206 1274/2131/1207 1303/2132/1208
f 845/2133/1209 890/2134/1210 886/2135/1211 1012/2136/1211
f 3333/2137/1212 3341/2138/1212 3403/2139/1212 3423/2140/1212
f 3371/2141/1213 3370/2142/1213 3425/2143/1213 3426/2144/1213
f 930/2145/1214 1301/2146/1214 1300/2147/1214 929/2148/1214
f 3975/2149/1215 3976/2150/1215 3999/2151/1215 3998/2152/1215
f 903/2153/1216 933/2154/1216 1304/2155/1216 1273/2156/1216
f 3945/2157/1217 3968/2158/1217 3969/2159/1217 3946/2160/1217
f 73/2161/1218 74/2162/1218 86/2163/1218 85/2164/1218
f 1046/2165/1219 1044/2166/1219 875/2167/1219 842/2168/1219
f 67/2169/1220 103/2170/1220 104/2171/1220 68/2172/1220
f 1001/2173/1221 801/2174/1221 802/2175/1221 1003/2176/1221
f 3881/2177/1222 3880/2178/1222 3916/2179/1222 3917/2180/1222
f 3426/2181/1223 3429/2182/1223 3398/2183/1223 3418/2184/1223
f 3330/2185/1224 3342/2186/1225 3375/2187/1225 3326/2188/1225
f 3899/2189/1226 3898/2190/1226 3910/2191/1226 3911/2192/1226
f 1084/2193/1227 868/2194/1227 1237/2195/1227 1458/2196/1227
f 79/2197/1228 80/2198/1228 92/2199/1228 91/2200/1228
f 3875/2201/1229 3911/2202/1229 3910/2203/1229 3874/2204/1229
f 78/2205/1230 90/2206/1230 89/2207/1230 77/2208/1230
f 1427/2209/1231 1245/2210/1231 1221/2211/1232 1287/2212/1232
f 1132/2213/1233 1115/2214/1234 1176/2215/1235 1196/2216/1236
f 3968/2217/1237 3967/2218/1237 3990/2219/1237 3991/2220/1237
f 1186/2221/1238 1188/2222/1238 1120/2223/1238 1173/2224/1238
f 91/2225/1239 92/2226/1240 104/2227/1241 103/2228/1239
f 980/2229/1242 1351/2230/1242 1174/2231/1242 805/2232/1242
f 1138/2233/1243 1158/2234/1244 1160/2235/1245 1155/2236/1246
f 1766/2237/754 936/2238/754 812/2239/754 825/2240/754
f 1039/2241/1247 1412/2242/1247 1409/2243/1247 1036/2244/1247
f 1742/2245/1248 1741/2246/1248 1739/2247/1248 1740/2248/1248
f 1003/2249/1249 1636/2250/1249 1637/2251/1249 1004/2252/1249
f 854/2253/1250 855/2254/1250 913/2255/1250 916/2256/1250
f 1697/2257/455 1698/2258/455 1686/2259/455 1682/2260/455
f 3427/2261/1251 3428/2262/1251 3419/2263/1251 3395/2264/1251
f 3390/2265/1252 3421/2266/1252 3422/2267/1252 3391/2268/1252
f 3337/2269/1253 3339/2270/1253 3402/2271/1253 3401/2272/1253
f 1026/2273/1254 1023/2274/1254 1018/2275/1254 1019/2276/1254
f 828/2277/1255 1032/2278/1255 1405/2279/1255 1197/2280/1255
f 963/2281/328 971/2282/328 935/2283/328 964/2284/328
f 993/2285/1256 992/2286/1256 990/2287/1256 991/2288/1256
f 1295/2289/1257 1411/2290/1258 1263/2291/1259 1262/2292/1260
f 3356/2293/1261 3357/2294/1261 3369/2295/1261 3368/2296/1261
f 3325/2297/1262 3323/2298/1262 3335/2299/1262 3372/2300/1262
f 86/2301/1263 87/2302/1264 99/2303/1265 98/2304/1266
f 999/2305/1267 800/2306/1268 1033/2307/1269 1001/2308/1269
f 1166/2309/1270 1167/2310/1270 1185/2311/1270 1189/2312/1270
f 1425/2313/1271 1292/2314/1271 1242/2315/1271 1235/2316/1271
f 1038/2317/1272 1411/2318/1272 1241/2319/1272 872/2320/1272
f 1764/2321/1174 1692/2322/1174 1685/2323/1174 1762/2324/1174
f 1057/2325/1273 1431/2326/1273 1160/2327/1273 792/2328/1273
f 921/2329/1274 860/2330/1274 1229/2331/1274 1292/2332/1274
f 1248/2333/1275 1249/2334/1276 1251/2335/1277 1215/2336/1278
f 1179/2337/1100 1199/2338/1100 1439/2339/1100 1307/2340/1100
f 3880/2341/1279 3879/2342/1279 3915/2343/1279 3916/2344/1279
f 3373/2345/1280 3427/2346/1280 3428/2347/1280 3338/2348/1280
f 1005/2349/946 1007/2350/946 1078/2351/1281 1006/2352/1282
f 1689/2353/1174 1757/2354/1174 1756/2355/1174 1684/2356/1174
f 804/2357/1283 817/2358/1283 822/2359/1283 783/2360/1283
f 3333/2361/1284 3334/2362/1284 3346/2363/1284 3345/2364/1284
f 788/2365/1285 806/2366/1286 771/2367/1287 789/2368/1288
f 1029/2369/1289 1773/2370/1290 810/2371/1289 803/2372/1289
f 919/2373/1291 924/2374/1292 867/2375/1293 896/2376/1293
f 1022/2377/1294 1395/2378/1294 1423/2379/1294 1049/2380/1294
f 1365/2381/1295 1361/2382/1295 1362/2383/1295 1366/2384/1295
f 3972/2385/1296 3995/2386/1296 3994/2387/1296 3971/2388/1296
f 1406/2389/1297 1168/2390/1297 1370/2391/1297 1372/2392/1298
f 1028/2393/1299 1401/2394/1299 1314/2395/1299 943/2396/1299
f 1287/2397/1300 1221/2398/1300 1207/2399/1300 1288/2400/1300
f 3278/2401/1301 3277/2402/1301 3285/2403/1301 3286/2404/1301
f 3316/2405/1302 3329/2406/1302 3328/2407/1302 3317/2408/1302
f 3392/2409/1303 3423/2410/1303 3424/2411/1303 3416/2412/1303
f 1165/2413/1304 1182/2414/1304 1193/2415/1304 1129/2416/1304
f 1412/2417/1305 1324/2418/1305 1275/2419/1305 1409/2420/1305
f 844/2421/1306 848/2422/1306 1217/2423/1306 1213/2424/1306
f 1044/2425/1307 1417/2426/1307 1213/2427/1307 844/2428/1307
f 793/2429/1308 1049/2430/1308 1423/2431/1308 1161/2432/1308
f 1013/2433/1309 1386/2434/1309 1252/2435/1309 883/2436/1309
f 4009/2437/170 4069/2438/170 4068/2439/170 4008/2440/170
f 1160/2441/1310 1126/2442/1311 1161/2443/1312 1124/2444/1313
f 3313/2445/1314 3312/2446/1315 3309/2447/1316 3311/2448/1316
f 854/2449/1317 853/2450/1318 857/2451/1319 856/2452/1320
f 65/2453/1321 66/2454/1321 78/2455/1321 77/2456/1321
f 3383/2457/1322 3381/2458/1322 3384/2459/1322 3385/2460/1322
f 925/2461/1323 1037/2462/1323 1410/2463/1323 1296/2464/1323
f 1042/2465/1324 1415/2466/1324 1416/2467/1324 1043/2468/1324
f 3398/2469/1325 3429/2470/1325 3403/2471/1325 3420/2472/1325
f 59/2473/1326 58/2474/1326 70/2475/1326 71/2476/1326
f 864/2477/1327 1233/2478/1328 1234/2479/454 865/2480/454
f 3904/2481/1226 3905/2482/1226 3917/2483/1226 3916/2484/1226
f 1686/2485/1329 1698/2486/1329 1757/2487/1329 1689/2488/1329
f 76/2489/1330 88/2490/1330 87/2491/1330 75/2492/1330
f 819/2493/1331 752/2494/1331 1120/2495/1331 1188/2496/1331
f 904/2497/1332 950/2498/1332 1321/2499/1332 1274/2500/1332
f 838/2501/1333 852/2502/1333 917/2503/1333 918/2504/1333
f 779/2505/1334 803/2506/1334 810/2507/1334 830/2508/1334
f 1365/2509/1335 1367/2510/1336 1117/2511/1337 1113/2512/1338
f 1191/2513/1339 1186/2514/1339 1173/2515/1339 1151/2516/1339
f 901/2517/1340 1271/2518/1340 1237/2519/1340 868/2520/1340
f 841/2521/1341 875/2522/1341 1044/2523/1341 844/2524/1341
f 1397/2525/1342 1424/2526/1342 1394/2527/1342 1398/2528/1342
f 85/2529/1343 97/2530/1343 96/2531/1344 84/2532/1343
f 895/2533/1345 894/2534/1345 1002/2535/1345 1004/2536/1345
f 61/2537/1346 60/2538/1346 96/2539/1346 97/2540/1346
f 61/2541/1347 97/2542/1347 98/2543/1347 62/2544/1347
f 3358/2545/1348 3359/2546/1348 3418/2547/1348 3417/2548/1348
f 1144/2549/1349 1145/2550/1349 1390/2551/1349 1123/2552/1349
f 1358/2553/455 1359/2554/455 988/2555/455 987/2556/455
f 3355/2557/1350 3354/2558/1350 3378/2559/1350 3343/2560/1350
f 1230/2561/1351 1292/2562/1352 1293/2563/1353 1208/2564/1351
f 1241/2565/1354 1236/2566/1354 1304/2567/1354 1299/2568/1354
f 1075/2569/1355 793/2570/1355 1161/2571/1355 1449/2572/1355
f 1414/2573/1356 1238/2574/1356 1272/2575/1356 1413/2576/1356
f 3362/2577/1357 3325/2578/1357 3372/2579/1358 3374/2580/1359
f 1725/2581/1360 1715/2582/1360 1726/2583/1360 1727/2584/1360
f 852/2585/1361 876/2586/1361 1053/2587/1361 917/2588/1361
f 959/2589/1362 961/2590/1362 1332/2591/1362 1330/2592/1362
f 1108/2593/1363 1481/2594/1363 1131/2595/1363 763/2596/1363
f 3393/2597/1364 3381/2598/1364 3383/2599/1364 3417/2600/1364
f 1109/2601/1365 1482/2602/1365 1153/2603/1365 785/2604/1365
f 1022/2605/1366 1024/2606/1366 1397/2607/1366 1395/2608/1366
f 3407/2609/1367 3425/2610/1367 3399/2611/1367 3406/2612/1367
f 1279/2613/1368 1328/2614/1368 1268/2615/1369 1335/2616/1370
f 953/2617/1371 955/2618/1371 956/2619/1371 1039/2620/1371
f 1238/2621/1372 1435/2622/1372 1302/2623/1372 1272/2624/1372
f 811/2625/1373 1180/2626/1373 1311/2627/1373 940/2628/1373
f 899/2629/328 907/2630/328 912/2631/328 837/2632/328
f 79/2633/1374 67/2634/1374 68/2635/1374 80/2636/1374
f 818/2637/1375 773/2638/1375 1141/2639/1375 1187/2640/1375
f 3887/2641/1376 3886/2642/1376 3898/2643/1376 3899/2644/1376
f 857/2645/1377 883/2646/1377 1252/2647/1377 1226/2648/1377
f 1408/2649/1378 1367/2650/1379 1368/2651/1380 1369/2652/1378
f 73/2653/1381 72/2654/1381 60/2655/1381 61/2656/1381
f 3401/2657/1382 3409/2658/1382 3407/2659/1382 3425/2660/1382
f 931/2661/1383 902/2662/1383 1272/2663/1383 1302/2664/1383
f 3270/2665/1384 3269/2666/1384 3261/2667/1384 3263/2668/1384
f 3882/2669/1385 3881/2670/1385 3917/2671/1385 3918/2672/1385
f 1182/2673/1386 1312/2674/1386 1313/2675/1386 1193/2676/1386
f 3891/2677/1387 3879/2678/1387 3880/2679/1387 3892/2680/1387
f 3260/2681/1388 3268/2682/1388 3271/2683/1388 3262/2684/1388
f 949/2685/1389 948/2686/1389 1319/2687/1389 1320/2688/1389
f 1152/2689/1390 1140/2690/1390 1187/2691/1391 1188/2692/1390
f 3996/2693/1186 3984/2694/1186 4135/2695/1186 3995/2696/1186
f 822/2697/1392 802/2698/1393 801/2699/1393 821/2700/1394
f 1031/2701/1395 781/2702/1396 746/2703/1396 805/2704/1397
f 837/2705/328 912/2706/328 911/2707/328 835/2708/328
f 3881/2709/1398 3882/2710/1398 3894/2711/1398 3893/2712/1398
f 1379/2713/1399 1377/2714/1400 1265/2715/1400 1243/2716/1401
f 3367/2717/1402 3362/2718/1403 3374/2719/1404 3379/2720/1403
f 1104/2721/1405 940/2722/1405 1311/2723/1405 1477/2724/1405
f 813/2725/1406 941/2726/1406 1312/2727/1406 1182/2728/1406
f 1043/2729/1407 1416/2730/1407 1385/2731/1407 1012/2732/1407
f 3403/2733/1408 3413/2734/1408 3405/2735/1408 3423/2736/1408
f 3321/2737/1409 3392/2738/1409 3420/2739/1409 3329/2740/1409
f 3280/2741/1410 3288/2742/1410 3289/2743/1410 3281/2744/1410
f 828/2745/1411 1197/2746/1411 1178/2747/1411 809/2748/1411
f 862/2749/1412 841/2750/1412 1210/2751/1412 1231/2752/1412
f 1381/2753/1413 1380/2754/1413 1426/2755/1413 1382/2756/1413
f 815/2757/1414 1184/2758/1414 1405/2759/1414 1032/2760/1414
f 1069/2761/1415 808/2762/1415 1177/2763/1415 1443/2764/1415
f 81/2765/1416 71/2766/1416 83/2767/1416 93/2768/1416
f 4043/2769/1417 4042/2770/1417 4054/2771/1417 4055/2772/1417
f 1359/2773/1418 1358/2774/1418 1200/2775/1418 1355/2776/1419
f 3318/2777/1420 3366/2778/1420 3363/2779/1420 3314/2780/1420
f 1013/2781/1421 882/2782/1421 1251/2783/1421 1386/2784/1421
f 1481/2785/1422 1315/2786/1422 1314/2787/1422 1401/2788/1422
f 65/2789/1423 64/2790/1423 100/2791/1423 101/2792/1423
f 3896/2793/1424 3897/2794/1424 3909/2795/1424 3908/2796/1424
f 3323/2797/1425 3394/2798/1425 3418/2799/1425 3320/2800/1425
f 3359/2801/1426 3328/2802/1426 3398/2803/1426 3418/2804/1426
f 878/2805/1427 885/2806/1427 887/2807/1427 1027/2808/1427
f 1117/2809/1428 1166/2810/1428 1189/2811/1428 1184/2812/1428
f 1073/2813/1429 1050/2814/1430 1021/2815/1430 794/2816/1431
f 920/2817/1432 923/2818/1432 869/2819/1432 1061/2820/1432
f 3322/2821/1433 3393/2822/1433 3392/2823/1433 3321/2824/1433
f 897/2825/1434 839/2826/1434 1208/2827/1434 1267/2828/1434
f 1334/2829/454 1335/2830/1435 1306/2831/1436 1342/2832/454
f 931/2833/1437 1061/2834/1437 869/2835/1437 902/2836/1437
f 3400/2837/1438 3426/2838/1438 3418/2839/1438 3394/2840/1438
f 809/2841/1439 1178/2842/1439 1177/2843/1439 808/2844/1439
f 934/2845/328 834/2846/328 968/2847/328 967/2848/328
f 1135/2849/1440 1429/2850/1441 1136/2851/1442 1395/2852/1443
f 1185/2853/1444 1183/2854/1444 1172/2855/1444 1402/2856/1444
f 1112/2857/1445 1485/2858/1445 1483/2859/1445 1110/2860/1445
f 816/2861/1446 1185/2862/1446 1167/2863/1446 799/2864/1446
f 80/2865/1447 68/2866/1447 69/2867/1447 81/2868/1447
f 1069/2869/1448 1443/2870/1448 1442/2871/1448 1068/2872/1448
f 1305/2873/1449 1338/2874/1449 1339/2875/1450 1203/2876/1449
f 1073/2877/1451 1074/2878/1451 1448/2879/1451 1447/2880/1451
f 1110/2881/1452 1483/2882/1452 1121/2883/1452 753/2884/1452
f 1108/2885/1453 944/2886/1453 1315/2887/1453 1481/2888/1453
f 1081/2889/1454 1455/2890/1454 1454/2891/1454 1080/2892/1454
f 3336/2893/1455 3427/2894/1455 3424/2895/1455 3369/2896/1455
f 993/2897/328 926/2898/328 833/2899/328 966/2900/328
f 3883/2901/1456 3882/2902/1456 3918/2903/1456 3919/2904/1456
f 3914/2905/1457 3915/2906/1457 3879/2907/1457 3878/2908/1457
f 3372/2909/1458 3335/2910/1458 3400/2911/1458 3401/2912/1458
f 4044/2913/1459 4045/2914/1459 4021/2915/1459 4020/2916/1459
f 4039/2917/1460 4015/2918/1460 4014/2919/1460 4038/2920/1460
f 841/2921/1461 844/2922/1461 1213/2923/1461 1210/2924/1461
f 1292/2925/1462 1229/2926/1463 1243/2927/1463 1293/2928/1464
f 3312/2929/1465 3361/2930/1466 3322/2931/1467 3309/2932/1468
f 1627/2933/455 1626/2934/455 1821/2935/455 1820/2936/455
f 3368/2937/1469 3423/2938/1469 3403/2939/1469 3377/2940/1469
f 1175/2941/1470 1277/2942/1471 1282/2943/1472 1118/2944/1473
f 1179/2945/1474 1774/2946/1474 1402/2947/1474 1172/2948/1474
f 1035/2949/1475 996/2950/1475 798/2951/1475 799/2952/1475
f 1050/2953/1476 1424/2954/1476 1397/2955/1476 1024/2956/1476
f 3371/2957/1477 3344/2958/1477 3347/2959/1477 3370/2960/1477
f 835/2961/1478 851/2962/1479 850/2963/1480 847/2964/1481
f 1106/2965/1482 1479/2966/1482 1219/2967/1483 850/2968/1482
f 791/2969/1484 759/2970/1485 788/2971/1486
f 4044/2972/1487 4043/2973/1487 4055/2974/1487 4056/2975/1487
f 1759/2976/1173 1761/2977/1173 1687/2978/1173 1691/2979/1173
f 1701/2980/787 1759/2981/787 1691/2982/787 1690/2983/787
f 1246/2984/1488 1245/2985/1489 1222/2986/1490 1226/2987/1491
f 3367/2988/1492 3379/2989/1492 3342/2990/1492 3330/2991/1492
f 1024/2992/1493 1025/2993/1493 1021/2994/1493 1050/2995/1493
f 1248/2996/1494 1269/2997/1495 1228/2998/1496 1249/2999/1497
f 1133/3000/1498 1428/3001/1498 1427/3002/1498 1287/3003/1498
f 884/3004/1499 846/3005/1500 847/3006/831 849/3007/1501
f 1630/3008/454 1629/3009/454 1639/3010/454 1640/3011/454
f 3365/3012/1502 3356/3013/1502 3368/3014/1502 3377/3015/1502
f 827/3016/1503 1107/3017/1503 1480/3018/1503 1196/3019/1503
f 768/3020/1504 1055/3021/1505 767/3022/1506 1022/3023/1507
f 1025/3024/1508 1017/3025/1508 755/3026/1508 1021/3027/1508
f 3349/3028/1509 3409/3029/1509 3411/3030/1509 3351/3031/1509
f 944/3032/1510 943/3033/1510 1314/3034/1510 1315/3035/1510
f 1394/3036/1511 1162/3037/1511 1153/3038/1511 1123/3039/1511
f 3314/3040/1512 3363/3041/1512 3361/3042/1512 3312/3043/1512
f 3332/3044/1513 3376/3045/1513 3429/3046/1513 3426/3047/1513
f 912/3048/328 907/3049/328 806/3050/328 750/3051/328
f 3353/3052/1514 3352/3053/1514 3340/3054/1514 3341/3055/1514
f 3350/3056/1515 3354/3057/1515 3414/3058/1515 3410/3059/1515
f 3388/3060/1516 3420/3061/1516 3392/3062/1516 3380/3063/1516
f 765/3064/1517 1054/3065/1517 770/3066/1517 771/3067/1517
f 3418/3068/1518 3398/3069/1518 3389/3070/1518 3382/3071/1518
f 3324/3072/1519 3357/3073/1519 3416/3074/1519 3395/3075/1519
f 1623/3076/328 1621/3077/328 1631/3078/328 1633/3079/328
f 1188/3080/1520 1187/3081/1520 1141/3082/1520 1751/3083/1520
f 1393/3084/1521 1418/3085/1521 1396/3086/1521 1389/3087/1521
f 3412/3088/1522 3413/3089/1522 3403/3090/1522 3429/3091/1522
f 3337/3092/1523 3370/3093/1523 3347/3094/1523 3349/3095/1523
f 954/3096/1524 1325/3097/1524 1464/3098/1524 1090/3099/1524
f 3373/3100/1525 3348/3101/1525 3346/3102/1525 3334/3103/1525
f 1088/3104/1526 1087/3105/1526 1461/3106/1526 1462/3107/1526
f 832/3108/1527 991/3109/1527 995/3110/1527 836/3111/1527
f 901/3112/1528 903/3113/1528 1273/3114/1528 1271/3115/1528
f 3895/3116/1529 3883/3117/1529 3884/3118/1529 3896/3119/1529
f 1226/3120/1530 1222/3121/1531 1223/3122/1532 1225/3123/1533
f 852/3124/1534 838/3125/1535 859/3126/1536 858/3127/1537
f 774/3128/1538 775/3129/1538 1143/3130/1538 1142/3131/1538
f 1265/3132/1539 1377/3133/1539 1375/3134/1539 1264/3135/1539
f 754/3136/1540 1122/3137/1540 1125/3138/1540 757/3139/1540
f 1320/3140/1541 1319/3141/1541 1276/3142/1541 1298/3143/1541
f 1133/3144/1542 1139/3145/1542 1138/3146/1542 1428/3147/1542
f 1028/3148/1543 762/3149/1543 1130/3150/1543 1401/3151/1543
f 1736/3152/1544 1738/3153/1544 1713/3154/1544 1711/3155/1544
f 773/3156/1545 818/3157/1546 819/3158/1547 1750/3159/1545
f 924/3160/1548 1038/3161/1549 872/3162/1550 867/3163/1550
f 1712/3164/1551 1731/3165/1551 1733/3166/1551 1710/3167/1551
f 4045/3168/1552 4044/3169/1552 4056/3170/1552 4057/3171/1552
f 1122/3172/1553 1153/3173/1553 1162/3174/1553 1125/3175/1553
f 1175/3176/1554 1139/3177/1555 1119/3178/1556 1277/3179/1557
f 1007/3180/1558 1052/3181/1558 1426/3182/1558 1380/3183/1558
f 3269/3184/1559 3268/3185/1559 3260/3186/1559 3261/3187/1559
f 1705/3188/1551 1706/3189/1551 1708/3190/1551 1703/3191/1551
f 1088/3192/1560 1462/3193/1560 1476/3194/1560 1103/3195/1560
f 1254/3196/1561 1256/3197/1561 1213/3198/1561 1255/3199/1561
f 3320/3200/1562 3418/3201/1562 3398/3202/1562 3364/3203/1562
f 3428/3204/1563 3430/3205/1563 3421/3206/1563 3419/3207/1563
f 940/3208/1564 945/3209/1565 829/3210/1566 811/3211/1566
f 1444/3212/1567 1159/3213/1568 1127/3214/1569 1130/3215/1570
f 4128/3216/1571 3951/3217/1571 3940/3218/1571 4129/3219/1571
f 1282/3220/1572 1277/3221/1573 1269/3222/1574 1206/3223/1572
f 1446/3224/1575 1157/3225/1576 1156/3226/1177 1159/3227/1577
f 3908/3228/1226 3909/3229/1226 3921/3230/1226 3920/3231/1226
f 745/3232/1578 990/3233/1578 992/3234/1578 823/3235/1578
f 3372/3236/1579 3401/3237/1579 3402/3238/1579 3374/3239/1579
f 844/3240/1580 1213/3241/1580 1256/3242/1580 887/3243/1580
f 998/3244/1581 1035/3245/1581 1408/3246/1581 1369/3247/1581
f 908/3248/454 1278/3249/454 1145/3250/454 777/3251/454
f 915/3252/1582 1285/3253/1582 1245/3254/1582 876/3255/1582
f 1226/3256/1583 1225/3257/1584 1254/3258/1585 1212/3259/1586
f 1050/3260/1587 1073/3261/1587 1447/3262/1587 1424/3263/1587
f 864/3264/1588 865/3265/1588 1020/3266/1588 842/3267/1588
f 1364/3268/1589 1363/3269/1590 1337/3270/1591 1202/3271/1592
f 3896/3272/1593 3884/3273/1593 3885/3274/1593 3897/3275/1593
f 1418/3276/1594 1393/3277/1594 1211/3278/1594 1419/3279/1594
f 1208/3280/1595 1293/3281/1595 1291/3282/1595 1267/3283/1595
f 911/3284/328 912/3285/328 750/3286/328 748/3287/328
f 3364/3288/1596 3376/3289/1597 3332/3290/1597 3320/3291/1597
f 3382/3292/1322 3389/3293/1322 3388/3294/1322 3380/3295/1322
f 1059/3296/1598 1433/3297/1598 1239/3298/1598 870/3299/1598
f 781/3300/1599 1030/3301/1599 823/3302/1599 746/3303/1599
f 773/3304/1600 1750/3305/1600 1751/3306/1600 1141/3307/1600
f 1758/3308/454 1757/3309/454 1698/3310/454 1697/3311/454
f 1021/3312/1601 755/3313/1601 785/3314/1601 794/3315/1601
f 1019/3316/1602 878/3317/1602 1027/3318/1602 1026/3319/1602
f 1110/3320/1603 818/3321/1603 1187/3322/1603 1483/3323/1603
f 3322/3324/1604 3358/3325/1604 3311/3326/1604 3309/3327/1604
f 1794/3328/1605 1793/3329/1605 1797/3330/1605 1796/3331/1605
f 3371/3332/1606 3426/3333/1606 3429/3334/1606 3340/3335/1606
f 1634/3336/1607 895/3337/1607 1004/3338/1607 1637/3339/1607
f 3420/3340/1608 3403/3341/1608 3423/3342/1608 3392/3343/1608
f 751/3344/1609 765/3345/1609 771/3346/1609 806/3347/1609
f 1341/3348/1610 1340/3349/1610 969/3350/1610 970/3351/1610
f 1227/3352/1611 1246/3353/1612 1252/3354/1613 1250/3355/1614
f 1383/3356/454 1384/3357/454 1011/3358/454 1010/3359/454
f 1016/3360/1615 908/3361/1615 777/3362/1615 1017/3363/1615
f 844/3364/1616 887/3365/1616 885/3366/1616 886/3367/1616
f 879/3368/1617 846/3369/1618 882/3370/1619 880/3371/1620
f 3885/3372/1621 3921/3373/1621 3911/3374/1621 3875/3375/1621
f 783/3376/1622 822/3377/1623 821/3378/1624 779/3379/1622
f 1236/3380/1625 1295/3381/1625 1289/3382/1625 1266/3383/1625
f 1181/3384/1626 1194/3385/1626 1151/3386/1626 1173/3387/1626
f 1047/3388/1627 795/3389/1627 1163/3390/1627 1420/3391/1627
f 1625/3392/328 1635/3393/328 1634/3394/328 1624/3395/328
f 997/3396/1628 996/3397/1629 1035/3398/1630 998/3399/1630
f 1072/3400/1008 791/3401/1631 788/3402/1632 789/3403/1633
f 888/3404/1634 904/3405/1635 906/3406/1636 889/3407/1637
f 1145/3408/1638 1278/3409/1638 1389/3410/1638 1390/3411/1638
f 3980/3412/1639 4003/3413/1639 4002/3414/1639 3979/3415/1639
f 3900/3416/1226 3912/3417/1226 3910/3418/1226 3898/3419/1226
f 1140/3420/1640 1152/3421/1640 1378/3422/1640 1380/3423/1640
f 1129/3424/1641 1125/3425/1641 1161/3426/1641 1165/3427/1641
f 3324/3428/1642 3336/3429/1642 3369/3430/1642 3357/3431/1642
f 72/3432/1643 84/3433/1643 82/3434/1643 70/3435/1643
f 68/3436/1644 104/3437/1644 105/3438/1644 69/3439/1644
f 1138/3440/1645 1139/3441/1646 1157/3442/1647 1158/3443/1648
f 1100/3444/328 935/3445/328 982/3446/328 1101/3447/328
f 3396/3448/1649 3401/3449/1649 3400/3450/1649 3394/3451/1649
f 871/3452/559 866/3453/559 1009/3454/559 1011/3455/559
f 866/3456/559 1051/3457/559 1052/3458/559 1009/3459/559
f 1036/3460/1650 1409/3461/1650 1410/3462/1650 1037/3463/1650
f 819/3464/1651 784/3465/1651 1631/3466/1651 817/3467/1651
f 1103/3468/1652 1476/3469/1652 1321/3470/1652 950/3471/1652
f 1746/3472/1248 1734/3473/1248 1735/3474/1248 1747/3475/1248
f 1062/3476/1653 1436/3477/1653 1406/3478/1653 1033/3479/1653
f 3370/3480/1654 3337/3481/1654 3401/3482/1654 3425/3483/1654
f 1399/3484/1655 1392/3485/1655 1391/3486/1655 1396/3487/1655
f 3378/3488/1656 3354/3489/1656 3350/3490/1656 3338/3491/1656
f 1064/3492/1657 814/3493/1658 803/3494/1659 779/3495/1659
f 821/3496/1660 1190/3497/1660 1147/3498/1661 779/3499/1660
f 1055/3500/1662 769/3501/1662 1137/3502/1662 1429/3503/1662
f 1030/3504/1663 1403/3505/1663 1117/3506/1663 749/3507/1663
f 1782/3508/1664 1070/3509/1664 1444/3510/1664 1421/3511/1664
f 1688/3512/1665 1700/3513/1665 1701/3514/1665 1690/3515/1665
f 3943/3516/1666 3942/3517/1666 3965/3518/1666 3966/3519/1666
f 73/3520/1667 85/3521/1667 84/3522/1667 72/3523/1667
f 4134/3524/1668 3983/3525/1668 3994/3526/1668 3995/3527/1668
f 785/3528/1669 775/3529/1669 774/3530/1669 1109/3531/1669
f 930/3532/1670 850/3533/1670 1219/3534/1670 1301/3535/1670
f 1378/3536/1671 1379/3537/1672 1452/3538/1673 1380/3539/1671
f 937/3540/1674 1309/3541/1674 1194/3542/1674 825/3543/1674
f 3419/3544/1675 3421/3545/1675 3390/3546/1675 3386/3547/1675
f 1729/3548/1360 1728/3549/1360 1711/3550/1360 1713/3551/1360
f 3317/3552/1676 3328/3553/1676 3359/3554/1676 3310/3555/1676
f 3351/3556/1677 3411/3557/1677 3415/3558/1677 3355/3559/1677
f 1683/3560/1678 1695/3561/1678 1696/3562/1678 1685/3563/1678
f 904/3564/1679 951/3565/1679 952/3566/1679 906/3567/1679
f 3431/3568/1680 3415/3569/1680 3411/3570/1680 3402/3571/1680
f 900/3572/1681 960/3573/1681 1331/3574/1681 1270/3575/1681
f 1104/3576/1682 1477/3577/1682 1316/3578/1682 945/3579/1682
f 1086/3580/1683 1058/3581/1684 893/3582/1684 919/3583/1685
f 931/3584/1686 961/3585/1687 959/3586/1687 898/3587/1688
f 1053/3588/1361 1054/3589/1361 765/3590/1361 917/3591/1361
f 3319/3592/1689 3315/3593/1689 3327/3594/1689 3331/3595/1689
f 813/3596/1690 824/3597/1690 942/3598/1690 941/3599/1690
f 750/3600/1691 788/3601/1692 759/3602/1693 760/3603/1694
f 1268/3604/1695 1302/3605/1695 1239/3606/1695 1202/3607/1695
f 1235/3608/1696 1242/3609/1696 1209/3610/1696 1240/3611/1696
f 1238/3612/1697 1294/3613/1697 1290/3614/1697 1435/3615/1697
f 3361/3616/1698 3363/3617/1698 3419/3618/1698 3395/3619/1698
f 829/3620/1699 945/3621/1699 1316/3622/1699 1198/3623/1699
f 3423/3624/1700 3405/3625/1700 3406/3626/1700 3399/3627/1700
f 1171/3628/1701 1170/3629/1701 1374/3630/1701 1376/3631/1701
f 884/3632/1499 882/3633/1702 846/3634/1703
f 3333/3635/1704 3423/3636/1704 3399/3637/1704 3334/3638/1704
f 1212/3639/1705 1254/3640/1705 1255/3641/1705 1385/3642/1705
f 1269/3643/1706 1277/3644/1707 1207/3645/1708 1228/3646/1709
f 1093/3647/328 984/3648/328 986/3649/328 1095/3650/328
f 3341/3651/1710 3333/3652/1710 3345/3653/1710 3353/3654/1710
f 818/3655/1711 772/3656/1712 784/3657/1712 819/3658/1713
f 1065/3659/1714 1439/3660/1714 1199/3661/1714 830/3662/1714
f 1311/3663/1715 1180/3664/1716 1198/3665/1717 1316/3666/1718
f 1438/3667/1719 1147/3668/618 1172/3669/618 1183/3670/1720
f 792/3671/1721 1047/3672/1721 1420/3673/1721 1160/3674/1721
f 862/3675/1722 1231/3676/1722 1232/3677/1723 863/3678/1724
f 824/3679/1725 1193/3680/1725 1313/3681/1725 942/3682/1725
f 4009/3683/170 4010/3684/170 4070/3685/170 4069/3686/170
f 3882/3687/1726 3883/3688/1726 3895/3689/1726 3894/3690/1726
f 1001/3691/576 1003/3692/576 1004/3693/576 1002/3694/576
f 816/3695/1727 799/3696/1727 798/3697/1727 820/3698/1727
f 837/3699/1728 847/3700/1729 846/3701/1730 879/3702/1731
f 3424/3703/1732 3427/3704/1732 3395/3705/1732 3416/3706/1732
f 1822/3707/1170 1626/3708/1170 1621/3709/1170 1628/3710/1170
f 1820/3711/454 1641/3712/454 1639/3713/454 1629/3714/454
f 811/3715/1733 813/3716/1733 947/3717/1733 946/3718/1733
f 832/3719/1734 836/3720/1734 1059/3721/1734 926/3722/1734
f 66/3723/1735 67/3724/1735 79/3725/1735 78/3726/1735
f 3906/3727/1226 3918/3728/1226 3917/3729/1226 3905/3730/1226
f 3890/3731/1736 3878/3732/1736 3879/3733/1736 3891/3734/1736
f 1634/3735/1737 1637/3736/1737 1006/3737/1737 874/3738/1737
f 793/3739/1738 757/3740/1738 761/3741/1738 797/3742/1738
f 1623/3743/1739 1633/3744/1739 1632/3745/1739 1622/3746/1739
f 903/3747/1740 901/3748/1740 868/3749/1740 896/3750/1740
f 1090/3751/1741 1464/3752/1741 1463/3753/1741 1089/3754/1741
f 3890/3755/1742 3902/3756/1742 3901/3757/1742 3889/3758/1742
f 1283/3759/1743 1224/3760/1743 1223/3761/1743 1286/3762/1743
f 1244/3763/1744 1232/3764/1744 1231/3765/1744 1210/3766/1744
f 3318/3767/1745 3319/3768/1745 3331/3769/1745 3366/3770/1745
f 848/3771/1746 844/3772/1746 886/3773/1746 890/3774/1746
f 1389/3775/1747 1278/3776/1747 1234/3777/1747 1393/3778/1747
f 902/3779/1748 869/3780/1748 1041/3781/1748 1040/3782/1748
f 1083/3783/1749 1457/3784/1749 1456/3785/1749 1082/3786/1749
f 3279/3787/1750 3287/3788/1750 3284/3789/1750 3276/3790/1750
f 1751/3791/1751 1750/3792/1751 819/3793/1751 1188/3794/1751
f 1114/3795/1752 1149/3796/1752 1404/3797/1752 1174/3798/1752
f 884/3799/1753 1253/3800/1753 1251/3801/1753 882/3802/1753
f 1012/3803/1754 886/3804/1754 885/3805/1754 843/3806/1754
f 3340/3807/1755 3352/3808/1755 3344/3809/1755 3371/3810/1755
f 1003/3811/1756 802/3812/1756 1631/3813/1756 1636/3814/1756
f 812/3815/1757 1181/3816/1757 1173/3817/1757 804/3818/1757
f 3393/3819/1758 3395/3820/1758 3384/3821/1758 3381/3822/1758
f 1341/3823/454 1356/3824/454 1470/3825/454 1468/3826/454
f 1373/3827/1759 1372/3828/1759 1370/3829/1759 1371/3830/1759
f 757/3831/1760 1125/3832/1760 1129/3833/1760 761/3834/1760
f 826/3835/1761 1195/3836/1761 1130/3837/1761 762/3838/1761
f 1417/3839/1762 1244/3840/1762 1210/3841/1762 1213/3842/1762
f 3342/3843/1763 3379/3844/1763 3431/3845/1763 3430/3846/1763
f 925/3847/1764 1296/3848/1764 1264/3849/1764 895/3850/1764
f 3338/3851/1765 3428/3852/1765 3430/3853/1765 3378/3854/1765
f 77/3855/1766 89/3856/1766 88/3857/1766 76/3858/1766
f 1743/3859/1248 1738/3860/1248 1736/3861/1248 1737/3862/1248
f 3343/3863/1767 3339/3864/1767 3351/3865/1767 3355/3866/1767
f 920/3867/1768 1061/3868/1768 1435/3869/1768 1290/3870/1768
f 1471/3871/1769 1472/3872/454 1336/3873/454 1337/3874/1770
f 1045/3875/1771 1046/3876/1771 842/3877/1771 1020/3878/1771
f 4049/3879/1772 4048/3880/1772 4060/3881/1772 4061/3882/1772
f 1255/3883/1773 1213/3884/1773 1217/3885/1773 1259/3886/1773
f 3886/3887/1774 3888/3888/1774 3900/3889/1774 3898/3890/1774
f 74/3891/1775 75/3892/1775 87/3893/1775 86/3894/1775
f 3890/3895/1776 3889/3896/1776 3877/3897/1776 3878/3898/1776
f 905/3899/1777 897/3900/1777 1267/3901/1777 1275/3902/1777
f 1709/3903/1544 1707/3904/1544 1704/3905/1544 1702/3906/1544
f 816/3907/1778 1067/3908/1778 1441/3909/1778 1185/3910/1778
f 931/3911/1779 870/3912/1779 1239/3913/1779 1302/3914/1779
f 858/3915/1780 881/3916/1781 883/3917/1782 877/3918/1783
f 927/3919/1784 1298/3920/1784 1217/3921/1784 848/3922/1784
f 862/3923/1785 863/3924/1785 875/3925/1785 841/3926/1785
f 1143/3927/1786 1144/3928/1786 1123/3929/1786 1153/3930/1786
f 1030/3931/1787 781/3932/1787 1149/3933/1787 1403/3934/1787
f 3422/3935/1788 3431/3936/1788 3402/3937/1788 3397/3938/1788
f 813/3939/1789 1182/3940/1789 1318/3941/1789 947/3942/1789
f 1017/3943/1790 1025/3944/1790 1023/3945/1790 1016/3946/1790
f 1062/3947/1791 1063/3948/1791 1437/3949/1791 1436/3950/1791
f 1119/3951/1792 1133/3952/1792 1287/3953/1792 1288/3954/1792
f 1283/3955/1793 1391/3956/1793 1392/3957/1793 1224/3958/1793
f 906/3959/1794 1276/3960/1794 1319/3961/1794 948/3962/1794
f 64/3963/1795 63/3964/1795 99/3965/1795 100/3966/1795
f 1140/3967/1796 1146/3968/1797 1483/3969/1797 1187/3970/1798
f 772/3971/490 818/3972/1799 1110/3973/490 778/3974/490
f 1066/3975/1800 1440/3976/1800 1439/3977/1800 1065/3978/1800
f 947/3979/1801 1318/3980/1801 1317/3981/1801 946/3982/1801
f 1637/3983/455 1636/3984/455 1005/3985/455 1006/3986/455
f 1011/3987/455 1009/3988/455 1008/3989/455 1010/3990/455
f 864/3991/1802 842/3992/1802 875/3993/1802 863/3994/1802
f 1641/3995/1803 1637/3996/1803 1634/3997/1803 1639/3998/1803
f 3235/3999/324 3234/4000/324 3230/4001/324 3231/4002/324
f 1209/4003/1804 1242/4004/1804 873/4005/1804 840/4006/1804
f 1343/4007/327 1329/4008/327 958/4009/327 972/4010/327
f 1342/4011/324 1344/4012/324 973/4013/324 971/4014/324
f 3953/4015/1668 3942/4016/1668 3943/4017/1668 3954/4018/1668
f 1345/4019/327 1279/4020/327 909/4021/327 974/4022/327
f 1046/4023/1805 1045/4024/1805 1418/4025/1805 1419/4026/1805
f 3320/4027/1806 3332/4028/1806 3335/4029/1806 3323/4030/1806
f 1328/4031/324 1346/4032/324 975/4033/324 957/4034/324
f 1648/4035/170 1653/4036/170 1652/4037/170 1645/4038/170
f 963/4039/1807 1334/4040/1807 1347/4041/1807 976/4042/1807
f 1010/4043/1808 1008/4044/1808 778/4045/1808 782/4046/1808
f 910/4047/1809 1280/4048/1809 1339/4049/1809 968/4050/1809
f 1336/4051/1810 1352/4052/1810 981/4053/1810 965/4054/1810
f 1356/4055/324 1341/4056/324 970/4057/324 985/4058/324
f 1355/4059/327 1357/4060/327 986/4061/327 984/4062/327
f 3279/4063/1811 3278/4064/1811 3286/4065/1811 3287/4066/1811
f 3353/4067/1812 3413/4068/1812 3412/4069/1812 3352/4070/1812
f 1012/4071/1813 1385/4072/1813 1214/4073/1813 845/4074/1813
f 4051/4075/1814 4050/4076/1814 4062/4077/1814 4063/4078/1814
f 908/4079/454 865/4080/454 1234/4081/454 1278/4082/454
f 1637/4083/328 1636/4084/328 1626/4085/328 1627/4086/328
f 769/4087/1815 792/4088/1815 1160/4089/1815 1137/4090/1815
f 3404/4091/1816 3412/4092/1816 3429/4093/1816 3426/4094/1816
f 3908/4095/1226 3920/4096/1226 3919/4097/1226 3907/4098/1226
f 929/4099/1817 1300/4100/1817 1218/4101/1817 849/4102/1817
f 1777/4103/703 1351/4104/703 980/4105/703 1099/4106/703
f 1241/4107/1818 1411/4108/1818 1295/4109/1818 1236/4110/1818
f 1047/4111/1819 758/4112/1820 797/4113/1821 796/4114/1822
f 3874/4115/1823 3910/4116/1823 3912/4117/1823 3876/4118/1823
f 1134/4119/1824 1430/4120/1824 1286/4121/1824 1284/4122/1824
f 816/4123/1825 1034/4124/1825 1407/4125/1825 1185/4126/1825
f 1323/4127/1826 1322/4128/1826 1274/4129/1826 1276/4130/1826
f 3384/4131/1322 3386/4132/1322 3387/4133/1322 3385/4134/1322
f 3313/4135/1827 3311/4136/1827 3358/4137/1827 3360/4138/1827
f 807/4139/1828 747/4140/1829 764/4141/1830 827/4142/1831
f 859/4143/1832 899/4144/1833 879/4145/1834 880/4146/1835
f 832/4147/1836 926/4148/1836 993/4149/1837 991/4150/1837
f 995/4151/576 994/4152/576 996/4153/1838 997/4154/1839
f 3315/4155/1840 3319/4156/1841 3318/4157/1841 3314/4158/1842
f 1020/4159/1843 1016/4160/1843 1023/4161/1843 1045/4162/1843
f 1067/4163/1844 1068/4164/1844 1442/4165/1844 1441/4166/1844
f 1184/4167/1845 1189/4168/1845 1148/4169/1845 1405/4170/1845
f 905/4171/1846 953/4172/1846 1039/4173/1846 1036/4174/1846
f 962/4175/1847 1333/4176/1847 1331/4177/1847 960/4178/1847
f 821/4179/1848 801/4180/1848 1169/4181/1848 1190/4182/1848
f 1060/4183/1849 891/4184/1849 923/4185/1849 920/4186/1849
f 780/4187/1850 820/4188/1850 815/4189/1850 1032/4190/1850
f 1635/4191/1851 1640/4192/1851 1639/4193/1851 1634/4194/1851
f 1371/4195/1852 1369/4196/1852 1432/4197/1852 1262/4198/1853
f 1745/4199/1248 1744/4200/1248 1748/4201/1248 1749/4202/1248
f 1154/4203/1854 1134/4204/1854 1284/4205/1855 1285/4206/1855
f 956/4207/1856 1327/4208/1856 1412/4209/1856 1039/4210/1856
f 914/4211/1857 766/4212/1857 786/4213/1857 915/4214/1857
f 952/4215/1858 951/4216/1858 1322/4217/1858 1323/4218/1858
f 921/4219/1859 1292/4220/1859 1230/4221/1859 861/4222/1859
f 984/4223/1860 988/4224/1860 1359/4225/1860 1355/4226/1860
f 1627/4227/1861 1820/4228/1861 1629/4229/1861 1624/4230/1861
f 1466/4231/1862 1465/4232/1862 1091/4233/1862 1092/4234/1862
f 3477/4235/455 3476/4236/455 3478/4237/455 3479/4238/455
f 933/4239/1863 867/4240/1863 872/4241/1863 928/4242/1863
f 816/4243/1864 1185/4244/1864 1402/4245/1864 1029/4246/1864
f 962/4247/1865 934/4248/1865 1305/4249/1865 1333/4250/1865
f 858/4251/1866 859/4252/1867 880/4253/1868 881/4254/1869
f 1038/4255/1870 895/4256/1870 1264/4257/1870 1411/4258/1870
f 1340/4259/327 1360/4260/327 989/4261/327 969/4262/327
f 926/4263/1871 1059/4264/1871 870/4265/1871 833/4266/1871
f 1664/4267/455 1661/4268/455 1668/4269/455 1669/4270/455
f 749/4271/1872 996/4272/1873 994/4273/1874 745/4274/1875
f 1714/4275/1360 1724/4276/1360 1719/4277/1360 1718/4278/1360
f 755/4279/1876 1017/4280/1876 777/4281/1876 776/4282/1876
f 748/4283/1877 760/4284/1878 1107/4285/1879 764/4286/1880
f 1623/4287/1172 1622/4288/1172 1797/4289/1172 1793/4290/1172
f 3325/4291/1881 3396/4292/1881 3394/4293/1881 3323/4294/1881
f 876/4295/1882 852/4296/1883 858/4297/1884 877/4298/1885
f 3897/4299/1886 3887/4300/1886 3899/4301/1886 3909/4302/1886
f 1008/4303/1887 1007/4304/1887 772/4305/1887 778/4306/1887
f 1070/4307/1888 1071/4308/1888 1445/4309/1888 1444/4310/1888
f 787/4311/1889 786/4312/1890 766/4313/1891 1057/4314/1892
f 1465/4315/324 1280/4316/324 910/4317/324 1091/4318/324
f 92/4319/1893 93/4320/1894 105/4321/1895 104/4322/1896
f 900/4323/1897 1270/4324/1897 1479/4325/1897 1106/4326/1897
f 62/4327/1898 98/4328/1898 99/4329/1898 63/4330/1898
f 1048/4331/1899 826/4332/803 762/4333/1900 1784/4334/1901
f 1036/4335/1902 1037/4336/1902 897/4337/1902 905/4338/1902
f 812/4339/1903 804/4340/1903 783/4341/1903 825/4342/1903
f 1236/4343/1904 1266/4344/1904 1273/4345/1904 1304/4346/1904
f 1364/4347/1905 1297/4348/1906 1201/4349/1907 1362/4350/1908
f 1308/4351/1909 1767/4352/1909 1194/4353/1909 1181/4354/1909
f 1105/4355/1910 1478/4356/1910 1303/4357/1910 932/4358/1910
f 1179/4359/1911 1172/4360/1911 1147/4361/1911 1199/4362/1911
f 893/4363/1912 1000/4364/1913 1002/4365/1913 894/4366/1913
f 932/4367/1914 1303/4368/1914 1461/4369/1914 1087/4370/1914
f 1337/4371/1915 1363/4372/1916 1192/4373/1917 1471/4374/1918
f 890/4375/1919 906/4376/1919 927/4377/1919 848/4378/1919
f 1373/4379/1920 1371/4380/1920 1262/4381/1921 1263/4382/1920
f 1111/4383/1922 753/4384/1922 1121/4385/1922 1484/4386/1922
f 1633/4387/1923 1794/4388/1923 1796/4389/1923 1632/4390/1923
f 795/4391/1924 796/4392/1925 813/4393/1926 811/4394/1927
f 3912/4395/1928 3913/4396/1928 3877/4397/1928 3876/4398/1928
f 1031/4399/1929 1404/4400/1930 1149/4401/1931 781/4402/1931
f 1396/4403/1932 1398/4404/1933 1390/4405/1932 1389/4406/1932
f 1460/4407/1934 1289/4408/1935 1262/4409/1936 1432/4410/1936
f 1001/4411/1937 1033/4412/1937 1406/4413/1937 1372/4414/1937
f 928/4415/1938 872/4416/1938 1241/4417/1939 1299/4418/1938
f 3880/4419/1940 3881/4420/1940 3893/4421/1940 3892/4422/1940
f 1059/4423/1941 836/4424/1941 1205/4425/1941 1433/4426/1941
f 1097/4427/328 1098/4428/328 805/4429/328 746/4430/328
f 3362/4431/1942 3367/4432/1942 3422/4433/1942 3397/4434/1942
f 1350/4435/1943 1334/4436/1943 963/4437/1943 979/4438/1943
f 977/4439/1944 1348/4440/1944 1342/4441/1944 971/4442/1944
f 1015/4443/1945 1014/4444/1945 1387/4445/1945 1388/4446/1945
f 834/4447/328 835/4448/328 910/4449/328 968/4450/328
f 3892/4451/1946 3904/4452/1946 3903/4453/1946 3891/4454/1946
f 1766/4455/1947 825/4456/1947 1194/4457/1947 1767/4458/1947
f 759/4459/1948 791/4460/1949 1070/4461/1950 762/4462/1951
f 1101/4463/1952 1474/4464/1952 1354/4465/1952 983/4466/1952
f 1649/4467/170 1651/4468/170 1650/4469/170 1644/4470/170
f 1647/4471/170 1655/4472/170 1654/4473/170 1646/4474/170
f 1665/4475/455 1660/4476/455 1666/4477/455 1667/4478/455
f 1663/4479/455 1662/4480/455 1670/4481/455 1671/4482/455
f 1672/4483/327 1658/4484/327 1642/4485/327 1656/4486/327
f 1658/4487/328 1659/4488/328 1643/4489/328 1642/4490/328
f 1666/4491/327 1660/4492/327 1644/4493/327 1650/4494/327
f 1668/4495/327 1661/4496/327 1645/4497/327 1652/4498/327
f 1670/4499/327 1662/4500/327 1646/4501/327 1654/4502/327
f 1659/4503/324 1673/4504/324 1657/4505/324 1643/4506/324
f 1663/4507/324 1671/4508/324 1655/4509/324 1647/4510/324
f 1664/4511/324 1669/4512/324 1653/4513/324 1648/4514/324
f 1665/4515/324 1667/4516/324 1651/4517/324 1649/4518/324
f 1667/4519/454 1666/4520/454 1650/4521/454 1651/4522/454
f 1669/4523/454 1668/4524/454 1652/4525/454 1653/4526/454
f 1671/4527/454 1670/4528/454 1654/4529/454 1655/4530/454
f 1673/4531/454 1672/4532/454 1656/4533/454 1657/4534/454
f 1660/4535/328 1665/4536/328 1649/4537/328 1644/4538/328
f 1102/4539/1953 975/4540/1953 1346/4541/1953 1475/4542/1953
f 1748/4543/454 1717/4544/454 1716/4545/454 1749/4546/454
f 4209/4547/328 4210/4548/328 4205/4549/328 4206/4550/328
f 1111/4551/1954 1484/4552/1954 1150/4553/1954 782/4554/1954
f 1398/4555/1955 1394/4556/1955 1123/4557/1955 1390/4558/1955
f 1771/4559/1956 810/4560/1956 1179/4561/1956 1307/4562/1956
f 73/4563/1957 61/4564/1957 62/4565/1957 74/4566/1957
f 1720/4567/1360 1716/4568/1360 1717/4569/1360 1721/4570/1360
f 1687/4571/1958 1699/4572/1958 1700/4573/1958 1688/4574/1958
f 1197/4575/1959 1405/4576/1959 1148/4577/1959 1178/4578/1959
f 1731/4579/328 1712/4580/328 1723/4581/328 1730/4582/328
f 1074/4583/1960 1075/4584/1960 1449/4585/1960 1448/4586/1960
f 1688/4587/328 1690/4588/328 1691/4589/328 1687/4590/328
f 861/4591/1961 1230/4592/1961 1208/4593/1961 839/4594/1961
f 927/4595/1962 949/4596/1962 1320/4597/1962 1298/4598/1962
f 1706/4599/454 1705/4600/454 1704/4601/454 1707/4602/454
f 1709/4603/328 1702/4604/328 1703/4605/328 1708/4606/328
f 1739/4607/1963 1741/4608/1963 1727/4609/1963 1726/4610/1963
f 1747/4611/328 1718/4612/328 1719/4613/328 1746/4614/328
f 1729/4615/1964 1743/4616/1964 1737/4617/1964 1728/4618/1964
f 1748/4619/1965 1744/4620/1965 1721/4621/1965 1717/4622/1965
f 1730/4623/1248 1732/4624/1248 1733/4625/1248 1731/4626/1248
f 1725/4627/1966 1742/4628/1966 1740/4629/1966 1715/4630/1966
f 1736/4631/454 1711/4632/454 1728/4633/454 1737/4634/454
f 4210/4635/327 4207/4636/327 4203/4637/327 4205/4638/327
f 1718/4639/1967 1747/4640/1967 1735/4641/1967 1714/4642/1967
f 1734/4643/1968 1746/4644/1968 1719/4645/1968 1724/4646/1968
f 1723/4647/1969 1722/4648/1969 1732/4649/1969 1730/4650/1969
f 1720/4651/1970 1745/4652/1970 1749/4653/1970 1716/4654/1970
f 3348/4655/1971 3350/4656/1971 3410/4657/1971 3408/4658/1971
f 826/4659/1972 1048/4660/1972 1422/4661/1972 1195/4662/1972
f 906/4663/1973 948/4664/1973 949/4665/1973 927/4666/1973
f 3339/4667/1974 3343/4668/1974 3431/4669/1974 3402/4670/1974
f 3343/4671/1975 3378/4672/1975 3430/4673/1975 3431/4674/1975
f 1011/4675/454 1384/4676/454 1240/4677/454 871/4678/454
f 1079/4679/1976 1080/4680/1976 1454/4681/1976 1453/4682/1976
f 1745/4683/328 1720/4684/328 1721/4685/328 1744/4686/328
f 1349/4687/1977 1350/4688/1977 979/4689/1977 978/4690/1977
f 1086/4691/1978 1085/4692/1978 1459/4693/1978 1460/4694/1978
f 1734/4695/454 1724/4696/454 1714/4697/454 1735/4698/454
f 3893/4699/1979 3905/4700/1979 3904/4701/1979 3892/4702/1979
f 4024/4703/455 4036/4704/455 4035/4705/455 4023/4706/455
f 3326/4707/1980 3375/4708/1980 3336/4709/1980 3324/4710/1980
f 1659/4711/455 1658/4712/455 1672/4713/455 1673/4714/455
f 982/4715/1981 1353/4716/1981 1474/4717/1981 1101/4718/1981
f 3235/4719/170 3233/4720/170 3232/4721/170 3234/4722/170
f 966/4723/328 1097/4724/328 823/4725/328 992/4726/328
f 931/4727/1982 1302/4728/1982 1435/4729/1982 1061/4730/1982
f 1638/4731/1983 1794/4732/1983 1633/4733/1983 1631/4734/1983
f 820/4735/1984 798/4736/1984 749/4737/1984 815/4738/1984
f 1169/4739/1985 1170/4740/1985 1191/4741/1986 1190/4742/1987
f 1347/4743/1988 1348/4744/1988 977/4745/1988 976/4746/1988
f 983/4747/1989 1354/4748/1989 1336/4749/1989 965/4750/1989
f 1279/4751/1990 1349/4752/1990 978/4753/1990 909/4754/1990
f 75/4755/1991 63/4756/1991 64/4757/1991 76/4758/1991
f 1247/4759/1992 1400/4760/1992 1256/4761/1992 1254/4762/1992
f 81/4763/1993 69/4764/1993 59/4765/1993 71/4766/1993
f 1455/4767/1994 1369/4768/1995 1371/4769/1995 1370/4770/1995
f 3907/4771/1226 3919/4772/1226 3918/4773/1226 3906/4774/1226
f 884/4775/1996 1015/4776/1996 1388/4777/1996 1253/4778/1996
f 1053/4779/1997 1427/4780/1997 1428/4781/1997 1054/4782/1997
f 82/4783/1998 94/4784/1999 95/4785/2000 83/4786/2000
f 1394/4787/1110 1424/4788/2001 1448/4789/2002 1162/4790/1110
f 90/4791/2003 102/4792/2004 101/4793/2005 89/4794/2006
f 3338/4795/2007 3350/4796/2007 3348/4797/2008 3373/4798/2009
f 1407/4799/2010 1168/4800/2010 1183/4801/2010 1185/4802/2010
f 84/4803/2011 96/4804/2012 94/4805/2013 82/4806/2014
f 3339/4807/2015 3337/4808/2015 3349/4809/2015 3351/4810/2015
f 74/4811/2016 62/4812/2016 63/4813/2016 75/4814/2016
f 3402/4815/2017 3411/4816/2017 3409/4817/2017 3401/4818/2017
f 1369/4819/2018 1368/4820/2018 1260/4821/2018 1261/4822/2018
f 1027/4823/2019 887/4824/2019 1256/4825/2019 1400/4826/2019
f 849/4827/2020 932/4828/2021 904/4829/2022 888/4830/2023
f 3903/4831/1226 3904/4832/1226 3916/4833/1226 3915/4834/1226
f 3909/4835/1226 3899/4836/1226 3911/4837/1226 3921/4838/1226
f 1030/4839/2024 749/4840/2024 745/4841/2024 823/4842/2024
f 1330/4843/2025 1332/4844/2025 1302/4845/2025 1268/4846/2025
f 1052/4847/2026 1007/4848/2026 1008/4849/2026 1009/4850/2026
f 3901/4851/1226 3913/4852/1226 3912/4853/1226 3900/4854/1226
f 1239/4855/2027 1433/4856/2027 1297/4857/2027 1202/4858/2027
f 1118/4859/2028 1128/4860/2029 1127/4861/2030 1156/4862/2031
f 89/4863/2032 101/4864/2033 100/4865/2034 88/4866/2034
f 3385/4867/2035 3396/4868/2035 3417/4869/2035 3383/4870/2035
f 1206/4871/2036 1248/4872/2037 1215/4873/2038 1216/4874/2039
f 1293/4875/2040 1243/4876/2040 1265/4877/2040 1291/4878/2040
f 759/4879/2041 763/4880/2041 1131/4881/2041 1127/4882/2041
f 1414/4883/2042 1456/4884/2042 1294/4885/2042 1238/4886/2042
f 1419/4887/2043 1211/4888/2043 1244/4889/2043 1417/4890/2043
f 3408/4891/2044 3410/4892/2044 3428/4893/2044 3427/4894/2044
f 923/4895/2045 1082/4896/2045 1041/4897/2045 869/4898/2045
f 971/4899/328 963/4900/328 976/4901/328 977/4902/328
f 1342/4903/454 1348/4904/454 1347/4905/454 1334/4906/454
f 3895/4907/2046 3907/4908/2046 3906/4909/2046 3894/4910/2047
f 3895/4911/2048 3896/4912/2048 3908/4913/2048 3907/4914/2048
f 815/4915/2049 749/4916/2049 1117/4917/2049 1184/4918/2049
f 959/4919/2050 1330/4920/2050 1268/4921/2050 898/4922/2050
f 1192/4923/2051 1403/4924/2051 1149/4925/2051 1114/4926/2051
f 1113/4927/2052 1192/4928/2053 1363/4929/2054 1361/4930/2055
f 1078/4931/2056 1007/4932/2056 1380/4933/2056 1452/4934/2056
f 1110/4935/2057 1483/4936/2057 1146/4937/2057 778/4938/2057
f 776/4939/2058 1144/4940/2059 1143/4941/2060 775/4942/2060
f 1116/4943/2061 1281/4944/2062 1340/4945/2063 1115/4946/2061
f 873/4947/2064 1242/4948/2064 1292/4949/2065 921/4950/2064
f 1108/4951/2066 1028/4952/2066 943/4953/2066 944/4954/2066
f 838/4955/328 918/4956/328 907/4957/328 899/4958/328
f 3391/4959/2067 3422/4960/2067 3397/4961/2067 3387/4962/2067
f 1764/4963/786 1694/4964/786 1693/4965/786 1692/4966/786
f 1112/4967/2068 778/4968/2068 1146/4969/2068 1485/4970/2068
f 1055/4971/2069 1429/4972/2069 1135/4973/2069 767/4974/2069
f 1770/4975/2070 1307/4976/2070 1440/4977/2070 1066/4978/2070
f 3902/4979/1226 3914/4980/1226 3913/4981/1226 3901/4982/1226
f 1393/4983/2071 1234/4984/2071 1233/4985/2071 1211/4986/2071
f 1384/4987/170 1383/4988/170 1381/4989/170 1382/4990/170
f 1010/4991/454 782/4992/454 1150/4993/454 1383/4994/454
f 853/4995/2072 854/4996/2072 916/4997/2072 914/4998/2072
f 916/4999/2072 1056/5000/2072 766/5001/2072 914/5002/2072
f 1012/5003/2073 843/5004/2073 1042/5005/2073 1043/5006/2073
f 1002/5007/576 1000/5008/576 999/5009/576 1001/5010/576
f 913/5011/2074 855/5012/2074 1019/5013/2074 1018/5014/2074
f 3365/5015/2075 3377/5016/2075 3376/5017/2075 3364/5018/2075
f 3329/5019/2076 3420/5020/2076 3398/5021/2076 3328/5022/2076
f 913/5023/1250 767/5024/1250 1056/5025/1250 916/5026/1250
f 1078/5027/2077 1452/5028/2077 1451/5029/2077 1077/5030/2077
f 3283/5031/2078 3291/5032/2078 3288/5033/2078 3280/5034/2078
f 1283/5035/2079 1135/5036/2079 1397/5037/2079 1391/5038/2079
f 1629/5039/2080 1630/5040/2080 1625/5041/2080 1624/5042/2080
f 1150/5043/2081 1146/5044/2081 1381/5045/2081 1383/5046/2081
f 898/5047/2082 833/5048/2083 870/5049/2083 931/5050/2084
f 1085/5051/2085 1084/5052/2085 1458/5053/2085 1459/5054/2085
f 936/5055/2086 1308/5056/2086 1181/5057/2086 812/5058/2086
f 1367/5059/2087 1365/5060/2088 1366/5061/2088 1368/5062/2089
f 1634/5063/2090 874/5064/2090 922/5065/2090 1635/5066/2090
f 905/5067/2091 1275/5068/2091 1324/5069/2091 953/5070/2091
f 1137/5071/2092 1124/5072/2093 1423/5073/2094 1136/5074/2095
f 3283/5075/2096 3282/5076/2096 3290/5077/2096 3291/5078/2096
f 3956/5079/2097 3957/5080/2097 3981/5081/2097 3980/5082/2097
f 1336/5083/454 1472/5084/454 1776/5085/454 1352/5086/454
f 3346/5087/2098 3348/5088/2098 3408/5089/2098 3406/5090/2098
f 1040/5091/2099 1041/5092/2099 1414/5093/2099 1413/5094/2099
f 973/5095/1988 1344/5096/1988 1343/5097/1988 972/5098/1988
f 968/5099/2100 1339/5100/2100 1338/5101/2100 967/5102/2100
f 3231/5103/455 3230/5104/455 3228/5105/455 3229/5106/455
f 3229/5107/454 3233/5108/454 3235/5109/454 3231/5110/454
f 3229/5111/327 3228/5112/327 3232/5113/327 3233/5114/327
f 3243/5115/324 3242/5116/324 3238/5117/324 3239/5118/324
f 3243/5119/170 3241/5120/170 3240/5121/170 3242/5122/170
f 3245/5123/2101 3244/5124/2101 3248/5125/2101 3249/5126/2101
f 3253/5127/2101 3252/5128/2101 3256/5129/2101 3257/5130/2101
f 3272/5131/324 3273/5132/324 3274/5133/324 3275/5134/324
f 3265/5135/1410 3273/5136/1410 3272/5137/1410 3264/5138/1410
f 1264/5139/2102 1375/5140/2102 1373/5141/2102 1263/5142/2102
f 807/5143/2103 827/5144/2103 1196/5145/2103 1176/5146/2103
f 3264/5147/2104 3272/5148/2104 3275/5149/2104 3266/5150/2104
f 1072/5151/2105 792/5152/2105 1160/5153/2105 1446/5154/2105
f 1027/5155/2106 1400/5156/2106 1399/5157/2106 1026/5158/2106
f 3274/5159/2107 3273/5160/2107 3265/5161/2107 3267/5162/2107
f 3335/5163/2108 3332/5164/2108 3426/5165/2108 3400/5166/2108
f 3887/5167/2109 3875/5168/2109 3874/5169/2109 3886/5170/2109
f 1083/5171/2110 892/5172/2110 1261/5173/2110 1457/5174/2110
f 3361/5175/2111 3395/5176/2111 3393/5177/2111 3322/5178/2111
f 3360/5179/2112 3358/5180/2112 3417/5181/2112 3396/5182/2112
f 942/5183/2113 1313/5184/2113 1312/5185/2113 941/5186/2113
f 1625/5187/2114 1630/5188/2114 1640/5189/2114 1635/5190/2114
f 3315/5191/2115 3313/5192/2115 3360/5193/2115 3327/5194/2115
f 1214/5195/2116 1385/5196/2117 1255/5197/2118 1259/5198/2119
f 93/5199/2120 83/5200/2120 95/5201/2120 105/5202/2121
f 1098/5203/328 1099/5204/328 980/5205/328 805/5206/328
f 857/5207/2122 1226/5208/2122 1415/5209/2122 1042/5210/2122
f 3375/5211/2123 3342/5212/2123 3430/5213/2123 3428/5214/2123
f 3398/5215/2124 3420/5216/2124 3388/5217/2124 3389/5218/2124
f 3369/5219/2125 3335/5220/2125 3323/5221/2125 3357/5222/2125
f 3374/5223/2126 3402/5224/2126 3431/5225/2126 3379/5226/2126
f 3308/5227/2127 3316/5228/2127 3317/5229/2127 3310/5230/2127
f 797/5231/2128 761/5232/2128 824/5233/2128 813/5234/2128
f 3336/5235/2129 3375/5236/2129 3428/5237/2129 3427/5238/2129
f 1072/5239/2130 1446/5240/2130 1445/5241/2130 1071/5242/2130
f 857/5243/2131 843/5244/2132 885/5245/2133 856/5246/2134
f 1783/5247/2135 1421/5248/2135 1422/5249/2135 1048/5250/2135
f 1635/5251/2136 922/5252/2136 839/5253/2136 897/5254/2136
f 3325/5255/2137 3362/5256/2137 3397/5257/2137 3396/5258/2137
f 965/5259/328 1098/5260/328 1097/5261/328 966/5262/328
f 87/5263/2138 88/5264/2138 100/5265/2138 99/5266/2139
f 769/5267/2140 768/5268/2141 1049/5269/2142 756/5270/2143
f 1076/5271/2144 1077/5272/2144 1451/5273/2144 1450/5274/2144
f 1408/5275/2145 1167/5276/2145 1166/5277/2145 1367/5278/2145
f 3410/5279/2146 3414/5280/2146 3430/5281/2146 3428/5282/2146
f 3334/5283/2147 3399/5284/2147 3427/5285/2147 3373/5286/2147
f 1470/5287/2148 1356/5288/2148 985/5289/2148 1096/5290/2148
f 1257/5291/2149 1258/5292/2150 1276/5293/2151 1274/5294/2152
f 1420/5295/2153 1164/5296/2154 1165/5297/2155 1126/5298/2156
f 3340/5299/2157 3429/5300/2157 3403/5301/2157 3341/5302/2157
f 3386/5303/1322 3390/5304/1322 3391/5305/1322 3387/5306/1322
f 807/5307/2158 1176/5308/2158 1200/5309/2158 831/5310/2158
f 1228/5311/2159 1207/5312/2160 1221/5313/2161 1227/5314/2162
f 1139/5315/2163 1175/5316/2164 1156/5317/2165 1157/5318/2166
f 995/5319/2167 1366/5320/2167 1205/5321/2167 836/5322/2167
f 814/5323/2168 800/5324/2169 1034/5325/2170 816/5326/2171
f 1381/5327/2172 1146/5328/2172 1140/5329/2172 1380/5330/2172
f 1286/5331/2173 1223/5332/2173 1222/5333/2173 1284/5334/2173
f 864/5335/2174 863/5336/2175 1232/5337/2176 1233/5338/2177
f 1018/5339/2178 1023/5340/2178 1025/5341/2178 1024/5342/2178
f 825/5343/2179 830/5344/2179 938/5345/2179 937/5346/2179
f 1400/5347/2180 1247/5348/2180 1392/5349/2180 1399/5350/2180
f 3345/5351/2181 3346/5352/2181 3406/5353/2181 3405/5354/2181
f 1116/5355/2182 1132/5356/2183 1480/5357/2184 1128/5358/2185
f 1134/5359/2186 1154/5360/2187 1155/5361/2188 1431/5362/2189
f 1081/5363/576 999/5364/576 1000/5365/576 998/5366/576
f 990/5367/576 994/5368/576 995/5369/576 991/5370/576
f 3276/5371/2190 3284/5372/2190 3285/5373/2190 3277/5374/2190
f 1204/5375/2191 1216/5376/2192 1219/5377/2193 1220/5378/2194
f 786/5379/2195 770/5380/2195 1138/5381/2195 1154/5382/2195
f 907/5383/328 918/5384/328 751/5385/328 806/5386/328
f 1366/5387/2196 1362/5388/2196 1201/5389/2196 1205/5390/2196
f 1449/5391/2197 1161/5392/724 1125/5393/724 1162/5394/2198
f 757/5395/929 793/5396/929 1075/5397/2199 794/5398/2200
f 1227/5399/2201 1221/5400/2202 1245/5401/2203 1246/5402/2204
f 803/5403/2205 814/5404/2206 816/5405/2207 1029/5406/2205
f 3354/5407/2208 3355/5408/2208 3415/5409/2208 3414/5410/2208
f 3345/5411/2209 3405/5412/2209 3413/5413/2209 3353/5414/2209
f 3344/5415/2210 3352/5416/2210 3412/5417/2210 3404/5418/2210
f 3327/5419/2211 3397/5420/2211 3422/5421/2211 3331/5422/2211
f 3363/5423/2212 3366/5424/2212 3421/5425/2212 3419/5426/2212
f 1446/5427/1575 1158/5428/2213 1157/5429/2214
f 3316/5430/2215 3308/5431/2215 3321/5432/2215 3329/5433/2215
f 1056/5434/2216 767/5435/2216 1135/5436/2216 1430/5437/2216
f 3313/5438/2217 3315/5439/2218 3314/5440/2219 3312/5441/2220
f 995/5442/2221 1060/5443/2221 1434/5444/2221 1366/5445/2221
f 853/5446/2222 876/5447/2223 877/5448/2224 857/5449/2225
f 1270/5450/2226 1331/5451/2227 1305/5452/2228 1203/5453/2229
f 3344/5454/2230 3404/5455/2230 3407/5456/2230 3347/5457/2230
f 3376/5458/2231 3377/5459/2231 3403/5460/2231 3429/5461/2231
f 3387/5462/2232 3397/5463/2232 3396/5464/2232 3385/5465/2232
f 3356/5466/2233 3365/5467/2233 3420/5468/2233 3392/5469/2233
f 3954/5470/2234 3978/5471/2234 3977/5472/2234 3953/5473/2234
f 3398/5474/2235 3420/5475/2235 3365/5476/2235 3364/5477/2235
f 1368/5478/2236 1366/5479/2236 1434/5480/2236 1260/5481/2236
f 1218/5482/2237 1219/5483/2238 1216/5484/2239
f 915/5485/1857 876/5486/1857 853/5487/1857 914/5488/1857
f 900/5489/2240 834/5490/2241 934/5491/2242 960/5492/2243
f 920/5493/2244 1290/5494/2244 1434/5495/2244 1060/5496/2244
f 3357/5497/2245 3356/5498/2245 3392/5499/2245 3416/5500/2245
f 1772/5501/2246 1774/5502/2246 1179/5503/2246 810/5504/2246
f 958/5505/327 1329/5506/327 1306/5507/327 935/5508/327
f 986/5509/2247 1357/5510/2247 1469/5511/2247 1095/5512/2247
f 891/5513/2248 997/5514/2248 998/5515/2248 892/5516/2248
f 794/5517/2249 785/5518/2249 754/5519/2249 757/5520/2249
f 855/5521/2250 854/5522/2251 856/5523/2252 878/5524/2253
f 1343/5525/454 1344/5526/454 1342/5527/454 1329/5528/454
f 971/5529/328 973/5530/328 972/5531/328 958/5532/328
f 1190/5533/2254 1191/5534/2255 1151/5535/2256 1147/5536/2256
f 866/5537/2257 871/5538/2257 840/5539/2257 873/5540/2257
f 4052/5541/2258 4064/5542/2258 4065/5543/2258 4053/5544/2258
f 1082/5545/2259 1456/5546/2259 1414/5547/2259 1041/5548/2259
f 922/5549/2260 921/5550/2261 861/5551/2262 839/5552/2262
f 1281/5553/2263 1282/5554/2264 1206/5555/2265 1204/5556/2266
f 1058/5557/2267 998/5558/2267 1000/5559/2267 893/5560/2268
f 811/5561/2269 946/5562/2269 1317/5563/2269 1180/5564/2269
f 783/5565/2270 779/5566/2270 830/5567/2270 825/5568/2270
f 804/5569/2271 1173/5570/2271 1120/5571/2271 752/5572/2271
f 970/5573/328 1094/5574/328 1096/5575/328 985/5576/328
f 845/5577/2272 1214/5578/2272 1387/5579/2272 1014/5580/2272
f 3347/5581/2273 3407/5582/2273 3409/5583/2273 3349/5584/2273
f 67/5585/2274 66/5586/2274 102/5587/2274 103/5588/2274
f 1286/5589/2275 1430/5590/2275 1135/5591/2275 1283/5592/2275
f 1142/5593/2276 1143/5594/2276 1153/5595/2276 1482/5596/2276
f 955/5597/2277 1326/5598/2277 1327/5599/2277 956/5600/2277
f 1294/5601/2278 1260/5602/2278 1434/5603/2278 1290/5604/2278
f 969/5605/328 911/5606/328 748/5607/328 747/5608/328
f 987/5609/2279 831/5610/2279 1200/5611/2279 1358/5612/2279
f 1065/5613/753 830/5614/753 810/5615/753 1771/5616/753
f 961/5617/2280 931/5618/2280 1302/5619/2280 1332/5620/2280
f 1118/5621/2281 1282/5622/2282 1281/5623/2283 1116/5624/2284
f 1249/5625/2285 1228/5626/2286 1227/5627/2287 1250/5628/2288
f 1378/5629/2289 1376/5630/2289 1377/5631/2289 1379/5632/2289
f 1199/5633/2290 1147/5634/2290 1151/5635/2290 1194/5636/2290
f 70/5637/2291 82/5638/2291 83/5639/2291 71/5640/2291
f 1273/5641/2292 1266/5642/2292 1237/5643/2292 1271/5644/2292
f 1723/5645/1360 1712/5646/1360 1710/5647/1360 1722/5648/1360
f 1170/5649/2293 1169/5650/2293 1372/5651/2294 1374/5652/2294
f 840/5653/2295 871/5654/2295 1240/5655/2295 1209/5656/2295
f 1064/5657/2296 779/5658/2296 1147/5659/2296 1438/5660/2296
f 3262/5661/2297 3271/5662/2297 3270/5663/2297 3263/5664/2297
f 759/5665/2298 1127/5666/2298 1480/5667/2298 1107/5668/2298
f 3889/5669/2299 3901/5670/2299 3900/5671/2299 3888/5672/2299
f 1113/5673/2300 1117/5674/2300 1403/5675/2300 1192/5676/2300
f 1081/5677/2301 998/5678/2301 1369/5679/2301 1455/5680/2301
f 1433/5681/2302 1205/5682/2302 1201/5683/2302 1297/5684/2302
f 1398/5685/2303 1396/5686/2303 1391/5687/2303 1397/5688/2303
f 1105/5689/2304 849/5690/2304 1218/5691/2304 1478/5692/2304
f 1240/5693/2305 1384/5694/2305 1382/5695/2306 1235/5696/2305
f 3282/5697/2307 3281/5698/2307 3289/5699/2307 3290/5700/2307
f 982/5701/2308 935/5702/2308 1306/5703/2308 1353/5704/2308
f 3237/5705/454 3241/5706/454 3243/5707/454 3239/5708/454
f 1235/5709/2309 1382/5710/2310 1426/5711/2309 1425/5712/2309
f 3473/5713/170 3475/5714/170 3474/5715/170 3472/5716/170
f 1114/5717/2311 1174/5718/2311 1472/5719/2311 1471/5720/2311
f 974/5721/2312 1102/5722/2312 1475/5723/2312 1345/5724/2312
f 1374/5725/2313 1372/5726/2313 1373/5727/2313 1375/5728/2313
f 3251/5729/2314 3250/5730/2314 3246/5731/2314 3247/5732/2314
f 3259/5733/2314 3258/5734/2314 3254/5735/2314 3255/5736/2314
f 4053/5737/2315 4042/5738/2315 4018/5739/2315 4029/5740/2315
f 3380/5741/1322 3381/5742/1322 3383/5743/1322 3382/5744/1322
f 3268/5745/324 3269/5746/324 3270/5747/324 3271/5748/324
f 3477/5749/324 3479/5750/324 3475/5751/324 3473/5752/324
f 4038/5753/1186 4014/5754/1186 4013/5755/1186 4037/5756/1186
f 3884/5757/2316 3920/5758/2316 3921/5759/2316 3885/5760/2316
f 1089/5761/2317 1463/5762/2317 1304/5763/2317 933/5764/2317
f 3958/5765/2315 3947/5766/2315 3937/5767/2315 3948/5768/2315
f 1643/5769/170 1657/5770/170 1656/5771/170 1642/5772/170
f 1211/5773/2318 1233/5774/2318 1232/5775/2318 1244/5776/2318
f 3956/5777/2319 3945/5778/2319 3946/5779/2319 3957/5780/2319
f 3478/5781/327 3476/5782/327 3472/5783/327 3474/5784/327
f 3989/5785/2320 3988/5786/2320 4000/5787/2320 4001/5788/2320
f 1641/5789/170 1819/5790/170 1636/5791/170 1637/5792/170
f 913/5793/2074 1018/5794/2074 1024/5795/2074 767/5796/2074
f 3948/5797/2320 3937/5798/2320 3938/5799/2320 3949/5800/2320
f 955/5801/2321 953/5802/2321 1324/5803/2321 1326/5804/2321
f 3894/5805/2322 3906/5806/2322 3905/5807/2322 3893/5808/2322
f 4050/5809/1460 4051/5810/1460 4027/5811/1460 4026/5812/1460
f 4048/5813/1668 4049/5814/1668 4025/5815/1668 4024/5816/1668
f 4041/5817/2323 4017/5818/2323 4016/5819/2323 4040/5820/2323
f 1636/5821/2324 1819/5822/2324 1638/5823/2324 1631/5824/2324
f 3311/5825/2325 3309/5826/2325 3308/5827/2325 3310/5828/2325
f 79/5829/2326 91/5830/2326 90/5831/2326 78/5832/2326
f 1285/5833/2327 1284/5834/2327 1222/5835/2327 1245/5836/2327
f 954/5837/2328 928/5838/2328 1299/5839/2328 1325/5840/2328
f 1378/5841/2329 1152/5842/2329 1171/5843/2329 1376/5844/2329
f 3397/5845/2330 3402/5846/2330 3401/5847/2330 3396/5848/2330
f 917/5849/1333 765/5850/1333 751/5851/1333 918/5852/1333
f 3883/5853/2331 3919/5854/2331 3920/5855/2331 3884/5856/2331
f 824/5857/2332 761/5858/2332 1129/5859/2332 1193/5860/2332
f 829/5861/2333 1198/5862/2333 1163/5863/2333 795/5864/2333
f 80/5865/2334 81/5866/2334 93/5867/2334 92/5868/2334
f 69/5869/2335 105/5870/2335 95/5871/2335 59/5872/2335
f 1467/5873/454 1469/5874/454 1357/5875/454 1355/5876/454
f 64/5877/2336 65/5878/2336 77/5879/2336 76/5880/2336
f 4014/5881/170 4074/5882/170 4073/5883/170 4013/5884/170
f 1046/5885/2337 1419/5886/2337 1417/5887/2337 1044/5888/2337
f 903/5889/2338 896/5890/2338 867/5891/2338 933/5892/2338
f 60/5893/2339 58/5894/2339 94/5895/2339 96/5896/2339
f 1702/5897/1248 1704/5898/1248 1705/5899/1248 1703/5900/1248
f 1053/5901/2340 876/5902/2340 1245/5903/2340 1427/5904/2340
f 72/5905/2341 70/5906/2341 58/5907/2341 60/5908/2341
f 3367/5909/2342 3330/5910/2342 3421/5911/2342 3422/5912/2342
f 1023/5913/2343 1396/5914/2343 1418/5915/2343 1045/5916/2343
f 3891/5917/2344 3903/5918/2344 3902/5919/2344 3890/5920/2344
f 909/5921/328 964/5922/328 898/5923/328 957/5924/328
f 1063/5925/2345 1064/5926/2345 1438/5927/2345 1437/5928/2345
f 770/5929/2346 787/5930/2347 792/5931/2348 790/5932/2349
f 4018/5933/455 4019/5934/455 4030/5935/455 4031/5936/455
f 1023/5937/2350 1026/5938/2350 1399/5939/2350 1396/5940/2350
f 3889/5941/2351 3888/5942/2352 3876/5943/2352 3877/5944/2352
f 939/5945/2353 805/5946/2353 1174/5947/2353 1310/5948/2353
f 874/5949/2354 860/5950/2354 921/5951/2355 922/5952/2356
f 1762/5953/454 1695/5954/454 1694/5955/454 1763/5956/454
f 59/5957/2357 95/5958/2357 94/5959/2357 58/5960/2357
f 1051/5961/2358 866/5962/2358 873/5963/2358 921/5964/2358
f 1225/5965/2359 1223/5966/2360 1224/5967/2361 1247/5968/2362
f 4129/5969/2363 3963/5970/2363 3964/5971/2363 3941/5972/2363
f 3973/5973/2364 3996/5974/2364 3995/5975/2364 3972/5976/2364
f 1259/5977/2365 1217/5978/2365 1298/5979/2365 1276/5980/2365
f 4016/5981/170 4017/5982/170 4077/5983/170 4076/5984/170
f 789/5985/2366 771/5986/2367 770/5987/2368 790/5988/2369
f 3878/5989/2370 3877/5990/2370 3913/5991/2370 3914/5992/2370
f 3414/5993/2371 3415/5994/2371 3431/5995/2371 3430/5996/2371
f 3959/5997/2372 3983/5998/2372 4136/5999/2372 3960/6000/2372
f 906/6001/2373 952/6002/2373 1323/6003/2373 1276/6004/2373
f 1109/6005/2374 774/6006/2374 1142/6007/2374 1482/6008/2374
f 85/6009/2375 86/6010/2376 98/6011/2377 97/6012/2375
f 3939/6013/2378 3938/6014/2378 3960/6015/2378 3961/6016/2378
f 3888/6017/2379 3886/6018/2379 3874/6019/2379 3876/6020/2379
f 3897/6021/2380 3885/6022/2380 3875/6023/2380 3887/6024/2380
f 1267/6025/2381 1410/6026/2381 1409/6027/2381 1275/6028/2381
f 915/6029/2382 786/6030/2382 1154/6031/2382 1285/6032/2382
f 1363/6033/2383 1364/6034/2384 1362/6035/2385 1361/6036/2386
f 776/6037/2387 777/6038/2388 1145/6039/2388 1144/6040/2389
f 3406/6041/2390 3408/6042/2390 3427/6043/2391 3399/6044/2390
f 1171/6045/2392 1152/6046/2392 1188/6047/2392 1186/6048/2392
f 4057/6049/455 4056/6050/455 4063/6051/455 4062/6052/455
f 1005/6053/2393 1636/6054/2393 1631/6055/2393 784/6056/2393
f 66/6057/2394 65/6058/2394 101/6059/2394 102/6060/2394
f 3407/6061/2395 3404/6062/2395 3426/6063/2395 3425/6064/2395
f 1130/6065/2396 1195/6066/2396 1422/6067/2396 1421/6068/2396
f 1377/6069/2397 1376/6070/2397 1374/6071/2397 1375/6072/2397
f 3950/6073/1459 3939/6074/1459 3940/6075/1459 3951/6076/1459
f 3949/6077/2398 3938/6078/2398 3939/6079/2398 3950/6080/2398
f 3954/6081/1186 3943/6082/1186 3944/6083/1186 3955/6084/1186
f 3957/6085/2323 3946/6086/2323 3947/6087/2323 3958/6088/2323
f 3955/6089/1460 3944/6090/1460 3945/6091/1460 3956/6092/1460
f 4002/6093/1459 4003/6094/1459 3991/6095/1459 3990/6096/1459
f 3968/6097/2399 3991/6098/2399 3992/6099/2399 3969/6100/2399
f 3902/6101/1226 3903/6102/1226 3915/6103/1226 3914/6104/1226
f 3979/6105/2400 4002/6106/2400 4001/6107/2400 3978/6108/2400
f 3974/6109/2401 3975/6110/2401 3998/6111/2401 3997/6112/2401
f 3962/6113/2402 3961/6114/2402 3984/6115/2402 3985/6116/2402
f 3978/6117/2403 4001/6118/2403 4000/6119/2403 3977/6120/2403
f 3967/6121/2404 3966/6122/2404 3989/6123/2404 3990/6124/2404
f 3980/6125/2405 3981/6126/2405 4004/6127/2405 4003/6128/2405
f 3966/6129/2406 3965/6130/2406 3988/6131/2406 3989/6132/2406
f 3964/6133/2407 3987/6134/2407 3988/6135/2407 3965/6136/2407
f 3952/6137/2408 3953/6138/2408 3977/6139/2408 3976/6140/2408
f 3950/6141/2409 3973/6142/2409 3972/6143/2409 3949/6144/2409
f 3944/6145/2410 3943/6146/2410 3966/6147/2410 3967/6148/2410
f 3938/6149/2411 3937/6150/2411 3959/6151/2411 3960/6152/2411
f 3946/6153/2412 3969/6154/2412 3970/6155/2412 3947/6156/2412
f 3947/6157/2413 3970/6158/2413 3959/6159/2413 3937/6160/2413
f 3940/6161/2414 3939/6162/2414 3961/6163/2414 3962/6164/2414
f 3956/6165/2415 3980/6166/2415 3979/6167/2415 3955/6168/2415
f 91/6169/2416 103/6170/2416 102/6171/2417 90/6172/2416
f 3949/6173/2418 3972/6174/2418 3971/6175/2418 3948/6176/2418
f 921/6177/2419 1292/6178/2419 1425/6179/2419 1051/6180/2419
f 3955/6181/2420 3979/6182/2420 3978/6183/2420 3954/6184/2420
f 3940/6185/2421 3962/6186/2421 3963/6187/2421 4129/6188/2421
f 3945/6189/2422 3944/6190/2422 3967/6191/2422 3968/6192/2422
f 3958/6193/2423 3948/6194/2423 3971/6195/2423 3982/6196/2423
f 3957/6197/2424 3958/6198/2424 3982/6199/2424 3981/6200/2424
f 3951/6201/2425 3974/6202/2425 3973/6203/2425 3950/6204/2425
f 3941/6205/2426 3964/6206/2426 3965/6207/2426 3942/6208/2426
f 3996/6209/1460 3997/6210/1460 3985/6211/1460 3984/6212/1460
f 4001/6213/2398 4002/6214/2398 3990/6215/2398 3989/6216/2398
f 989/6217/2427 1360/6218/2427 1466/6219/2427 1092/6220/2427
f 3997/6221/2319 3998/6222/2319 3986/6223/2319 3985/6224/2319
f 4004/6225/825 4005/6226/825 3993/6227/825 3992/6228/825
f 3993/6229/2428 4005/6230/2428 3994/6231/2428 3983/6232/2428
f 3976/6233/2429 3977/6234/2429 4000/6235/2429 3999/6236/2429
f 3952/6237/2428 3941/6238/2428 3942/6239/2428 3953/6240/2428
f 752/6241/2430 819/6242/2430 817/6243/2430 804/6244/2430
f 3963/6245/2431 3986/6246/2431 3987/6247/2431 3964/6248/2431
f 3974/6249/2432 3997/6250/2432 3996/6251/2432 3973/6252/2432
f 3962/6253/2433 3985/6254/2433 3986/6255/2433 3963/6256/2433
f 3970/6257/2434 3993/6258/2434 3983/6259/2434 3959/6260/2434
f 3981/6261/2435 3982/6262/2435 4005/6263/2435 4004/6264/2435
f 1765/6265/2436 1767/6266/2436 1308/6267/2436 936/6268/2436
f 3331/6269/2437 3422/6270/2437 3421/6271/2437 3366/6272/2437
f 3982/6273/2438 3971/6274/2438 3994/6275/2438 4005/6276/2438
f 3969/6277/2439 3992/6278/2439 3993/6279/2439 3970/6280/2439
f 780/6281/2440 1032/6282/2440 828/6283/2440 809/6284/2440
f 4023/6285/455 4035/6286/455 4034/6287/455 4022/6288/455
f 4035/6289/825 4011/6290/825 4010/6291/825 4034/6292/825
f 4031/6293/2315 4006/6294/2315 4017/6295/2315 4041/6296/2315
f 4032/6297/2398 4008/6298/2398 4007/6299/2398 4030/6300/2398
f 4036/6301/2428 4012/6302/2428 4011/6303/2428 4035/6304/2428
f 4033/6305/1459 4009/6306/1459 4008/6307/1459 4032/6308/1459
f 4040/6309/2319 4016/6310/2319 4015/6311/2319 4039/6312/2319
f 4037/6313/1668 4013/6314/1668 4012/6315/1668 4036/6316/1668
f 4034/6317/1571 4010/6318/1571 4009/6319/1571 4033/6320/1571
f 4013/6321/170 4073/6322/170 4072/6323/170 4012/6324/170
f 4015/6325/170 4075/6326/170 4074/6327/170 4014/6328/170
f 4022/6329/455 4034/6330/455 4033/6331/455 4021/6332/455
f 4007/6333/170 4067/6334/170 4066/6335/170 4006/6336/170
f 4008/6337/170 4068/6338/170 4067/6339/170 4007/6340/170
f 4028/6341/455 4040/6342/455 4039/6343/455 4027/6344/455
f 4015/6345/170 4016/6346/170 4076/6347/170 4075/6348/170
f 4010/6349/170 4011/6350/170 4071/6351/170 4070/6352/170
f 4051/6353/2441 4063/6354/2441 4064/6355/2441 4052/6356/2441
f 4051/6357/2319 4052/6358/2319 4028/6359/2319 4027/6360/2319
f 4045/6361/1571 4046/6362/1571 4022/6363/1571 4021/6364/1571
f 4052/6365/2323 4053/6366/2323 4029/6367/2323 4028/6368/2323
f 4049/6369/1186 4050/6370/1186 4026/6371/1186 4025/6372/1186
f 4046/6373/825 4047/6374/825 4023/6375/825 4022/6376/825
f 4043/6377/2398 4044/6378/2398 4020/6379/2398 4019/6380/2398
f 4047/6381/2442 4059/6382/2442 4060/6383/2442 4048/6384/2442
f 1005/6385/2443 784/6386/2443 772/6387/2443 1007/6388/2443
f 4046/6389/2444 4058/6390/2444 4059/6391/2444 4047/6392/2444
f 4053/6393/2445 4065/6394/2445 4054/6395/2445 4042/6396/2445
f 4050/6397/2446 4049/6398/2446 4061/6399/2446 4062/6400/2446
f 4045/6401/2447 4057/6402/2447 4058/6403/2447 4046/6404/2447
f 3476/6405/328 3477/6406/328 3473/6407/328 3472/6408/328
f 4018/6409/455 4031/6410/455 4041/6411/455 4029/6412/455
f 4019/6413/455 4020/6414/455 4032/6415/455 4030/6416/455
f 898/6417/2448 1268/6418/2448 1328/6419/2448 957/6420/2448
f 4024/6421/455 4025/6422/455 4037/6423/455 4036/6424/455
f 4026/6425/455 4027/6426/455 4039/6427/455 4038/6428/455
f 4011/6429/170 4012/6430/170 4072/6431/170 4071/6432/170
f 4020/6433/455 4021/6434/455 4033/6435/455 4032/6436/455
f 4029/6437/455 4041/6438/455 4040/6439/455 4028/6440/455
f 4017/6441/170 4006/6442/170 4066/6443/170 4077/6444/170
f 4025/6445/455 4026/6446/455 4038/6447/455 4037/6448/455
f 4003/6449/1571 4004/6450/1571 3992/6451/1571 3991/6452/1571
f 3998/6453/2323 3999/6454/2323 3987/6455/2323 3986/6456/2323
f 3479/6457/454 3478/6458/454 3474/6459/454 3475/6460/454
f 3999/6461/2315 4000/6462/2315 3988/6463/2315 3987/6464/2315
f 1327/6465/2449 1326/6466/2449 1324/6467/2449 1412/6468/2449
f 4030/6469/2320 4007/6470/2320 4006/6471/2320 4031/6472/2320
f 3334/6473/2450 3370/6474/2450 3347/6475/2450 3346/6476/2450
f 4042/6477/2320 4043/6478/2320 4019/6479/2320 4018/6480/2320
f 4047/6481/2428 4048/6482/2428 4024/6483/2428 4023/6484/2428
f 3237/6485/327 3236/6486/327 3240/6487/327 3241/6488/327
f 1773/6489/2451 1029/6490/2452 1402/6491/2451 1774/6492/2453
f 1473/6493/454 1474/6494/454 1353/6495/454 1306/6496/2454
f 1218/6497/2237 1216/6498/2239 1215/6499/969 1253/6500/2455
f 1098/6501/328 965/6502/328 981/6503/328 1099/6504/328
f 987/6505/328 988/6506/328 984/6507/328 831/6508/328
f 3360/6509/2456 3396/6510/2456 3397/6511/2456 3327/6512/2456
f 1057/6513/2457 1056/6514/2457 1430/6515/2457 1431/6516/2457
f 3416/6517/2458 3394/6518/2458 3400/6519/2458 3424/6520/2458
f 902/6521/2459 1040/6522/2459 1413/6523/2459 1272/6524/2459
f 755/6525/2460 776/6526/2460 775/6527/2460 785/6528/2460
f 3395/6529/2461 3419/6530/2461 3386/6531/2461 3384/6532/2461
f 1086/6533/2462 1460/6534/2462 1432/6535/2462 1058/6536/2462
f 1627/6537/328 1624/6538/328 1634/6539/328 1637/6540/328
f 3239/6541/455 3238/6542/455 3236/6543/455 3237/6544/455
f 3275/6545/2096 3274/6546/2096 3267/6547/2096 3266/6548/2096
f 1693/6549/455 1694/6550/455 1695/6551/455 1683/6552/455
f 3430/6553/2463 3431/6554/2463 3422/6555/2463 3421/6556/2463
f 904/6557/2464 1274/6558/2464 1322/6559/2464 951/6560/2464
f 1020/6561/2465 865/6562/2465 908/6563/2465 1016/6564/2465
f 924/6565/2466 893/6566/2467 894/6567/2468 1038/6568/2469
f 1661/6569/328 1664/6570/328 1648/6571/328 1645/6572/328
f 1662/6573/328 1663/6574/328 1647/6575/328 1646/6576/328
f 1685/6577/328 1692/6578/328 1693/6579/328 1683/6580/328
f 4207/6581/454 4208/6582/454 4204/6583/454 4203/6584/454
f 1739/6585/454 1726/6586/454 1715/6587/454 1740/6588/454
f 4208/6589/324 4209/6590/324 4206/6591/324 4204/6592/324
f 1742/6593/328 1725/6594/328 1727/6595/328 1741/6596/328
f 1689/6597/328 1684/6598/328 1682/6599/328 1686/6600/328
f 1743/6601/328 1729/6602/328 1713/6603/328 1738/6604/328
f 1732/6605/454 1722/6606/454 1710/6607/454 1733/6608/454
f 1096/6609/2470 1095/6610/2470 1469/6611/2470 1470/6612/2470
f 50/6613/2471 107/6614/2472 106/6615/2473
f 51/6616/2471 50/6617/2471 49/6618/2471
f 140/6619/2474 436/6620/2474 435/6621/2474
f 49/6622/2471 549/6623/2475 544/6624/2476
f 263/6625/2477 438/6626/2477 437/6627/2477
f 178/6628/2478 431/6629/2478 433/6630/2478
f 198/6631/2479 197/6632/2479 199/6633/2480
f 433/6634/2481 432/6635/2481 191/6636/2481
f 196/6637/2479 203/6638/2482 195/6639/2483
f 198/6640/2479 581/6641/2484 580/6642/2485
f 442/6643/2486 441/6644/2486 180/6645/2486
f 262/6646/2487 437/6647/2487 438/6648/2487
f 243/6649/2488 437/6650/2488 262/6651/2488
f 435/6652/2489 434/6653/2489 139/6654/2489
f 193/6655/2490 440/6656/2490 442/6657/2490
f 431/6658/2491 432/6659/2491 433/6660/2491
f 191/6661/2492 432/6662/2492 431/6663/2492
f 434/6664/2493 435/6665/2493 436/6666/2493
f 49/6667/2471 544/6668/2494 51/6669/2471
f 56/6670/2495 55/6671/2496 546/6672/2497
f 546/6673/2498 54/6674/2499 56/6675/2500
f 49/6676/2471 551/6677/2501 549/6678/2502
f 51/6679/2471 52/6680/2503 554/6681/2504
f 127/6682/2505 125/6683/2505 126/6684/2505
f 130/6685/2471 129/6686/2471 128/6687/2471
f 197/6688/2479 578/6689/2506 204/6690/2507
f 194/6691/2508 202/6692/2509 574/6693/2510
f 574/6694/2511 201/6695/2512 194/6696/2513
f 199/6697/2514 568/6698/2515 198/6699/2479
f 191/6700/2516 153/6701/2516 433/6702/2516
f 153/6703/2517 152/6704/2517 433/6705/2517
f 198/6706/2479 568/6707/2518 581/6708/2519
f 237/6709/2479 235/6710/2479 238/6711/2479
f 236/6712/2520 240/6713/2520 239/6714/2520
f 434/6715/2521 436/6716/2521 648/6717/2521
f 262/6718/2522 438/6719/2522 439/6720/2522
f 440/6721/2523 441/6722/2523 442/6723/2523
f 440/6724/2524 193/6725/2524 179/6726/2524
f 505/6727/324 448/6728/324 447/6729/324
f 510/6730/2525 509/6731/2526 455/6732/2527
f 503/6733/2528 502/6734/2529 456/6735/2530
f 508/6736/2531 450/6737/2531 452/6738/2531
f 507/6739/2532 506/6740/2533 444/6741/2534
f 499/6742/327 445/6743/327 500/6744/327
f 501/6745/2535 500/6746/2536 446/6747/2537
f 488/6748/2538 460/6749/2538 459/6750/2538
f 463/6751/2539 490/6752/2540 489/6753/2541
f 491/6754/327 481/6755/327 492/6756/327
f 493/6757/2542 495/6758/2542 494/6759/2542
f 497/6760/2543 477/6761/2543 498/6762/2543
f 412/6763/2544 493/6764/2545 474/6765/2546
f 488/6766/2547 489/6767/2547 490/6768/2547
f 460/6769/2548 488/6770/2549 490/6771/2550
f 425/6772/2551 491/6773/2551 492/6774/2551
f 497/6775/2552 498/6776/2552 496/6777/2552
f 425/6778/2553 497/6779/2554 496/6780/2555
f 499/6781/2556 500/6782/2556 501/6783/2556
f 502/6784/2557 503/6785/2557 504/6786/2557
f 502/6787/2558 504/6788/2558 450/6789/2558
f 505/6790/2559 506/6791/2559 507/6792/2559
f 509/6793/2560 510/6794/2560 511/6795/2560
f 509/6796/2561 511/6797/2561 508/6798/2561
f 508/6799/2562 511/6800/2562 454/6801/2562
f 1805/6802/2563 1806/6803/2563 1807/6804/2563
f 1803/6805/2564 1799/6806/2564 1566/6807/2564
f 1754/6808/2565 1498/6809/2566 1508/6810/2567
f 1812/6811/2568 1543/6812/2568 1813/6813/2568
f 1785/6814/2569 1786/6815/2569 1787/6816/2569
f 1490/6817/2570 1495/6818/2570 1806/6819/2570
f 1501/6820/2571 1491/6821/2572 1786/6822/2573
f 1803/6823/2574 1505/6824/2575 1506/6825/2576
f 1808/6826/2577 1809/6827/2577 1810/6828/2577
f 1542/6829/2578 1582/6830/2579 1606/6831/2580
f 1542/6832/2581 1812/6833/2582 1811/6834/2583
f 1541/6835/2584 1556/6836/2585 1496/6837/2586
f 1616/6838/2587 1617/6839/2588 1618/6840/2589
f 1613/6841/2590 4147/6842/2591 1614/6843/2592
f 1612/6844/2590 4144/6845/2593 1620/6846/2594
f 1611/6847/2590 1610/6848/2595 1619/6849/2596
f 1611/6850/2590 1612/6851/2590 1614/6852/2597
f 1612/6853/2590 1613/6854/2590 1614/6855/2598
f 4141/6856/2599 1616/6857/2600 1618/6858/2601
f 1613/6859/2590 4146/6860/2602 4147/6861/2603
f 1753/6862/2604 1755/6863/2604 1752/6864/2604
f 1753/6865/2605 1754/6866/2605 1755/6867/2605
f 1785/6868/2606 1787/6869/2606 1507/6870/2606
f 1802/6871/2607 1803/6872/2607 1804/6873/2607
f 1801/6874/2564 1551/6875/2564 1799/6876/2564
f 1802/6877/2608 1804/6878/2608 1801/6879/2608
f 1801/6880/2609 1804/6881/2610 1798/6882/2611
f 1805/6883/2612 1807/6884/2612 1494/6885/2612
f 1808/6886/2613 1810/6887/2613 1517/6888/2613
f 1812/6889/2614 1813/6890/2614 1811/6891/2614
f 1811/6892/2615 1608/6893/2616 1583/6894/2617
f 3206/6895/454 3124/6896/454 3133/6897/454
f 3031/6898/2618 3195/6899/2618 3194/6900/2618
f 3090/6901/2619 3207/6902/2619 3206/6903/2619
f 3209/6904/454 3138/6905/454 3139/6906/454
f 3174/6907/2620 3179/6908/2620 3178/6909/2620
f 3185/6910/2621 3190/6911/2621 3189/6912/2621
f 3200/6913/2622 3201/6914/2622 3202/6915/2622
f 3050/6916/2623 3114/6917/2623 3209/6918/2623
f 3102/6919/2624 3154/6920/2624 3182/6921/2624
f 3205/6922/2625 3206/6923/2625 3207/6924/2625
f 3192/6925/2626 3091/6926/2626 3089/6927/2626
f 3203/6928/2627 3136/6929/2628 3135/6930/2629
f 3167/6931/2630 3168/6932/2630 3169/6933/2630
f 3181/6934/2631 3182/6935/2631 3183/6936/2631
f 3171/6937/2632 3168/6938/2632 3100/6939/2632
f 3196/6940/2633 3197/6941/2633 3198/6942/2633
f 3182/6943/2634 3148/6944/2634 3149/6945/2634
f 3193/6946/2635 3194/6947/2635 3195/6948/2635
f 3167/6949/2636 3169/6950/2636 3170/6951/2636
f 3095/6952/2637 3167/6953/2637 3170/6954/2637
f 3171/6955/2638 3172/6956/2638 3173/6957/2638
f 3171/6958/454 3173/6959/454 3153/6960/454
f 3177/6961/2639 3178/6962/2639 3179/6963/2639
f 3180/6964/2640 3122/6965/2641 3176/6966/2642
f 3177/6967/2643 3179/6968/2643 3180/6969/2643
f 3037/6970/2620 3094/6971/2620 3180/6972/2620
f 3181/6973/2644 3183/6974/2644 3184/6975/2644
f 3103/6976/2645 3181/6977/2645 3184/6978/2645
f 3188/6979/2646 3189/6980/2646 3190/6981/2646
f 3191/6982/2647 3144/6983/2647 3187/6984/2647
f 3188/6985/2648 3190/6986/2648 3191/6987/2648
f 3055/6988/2621 3119/6989/2621 3191/6990/2621
f 3193/6991/2649 3195/6992/2649 3192/6993/2649
f 3035/6994/2650 3091/6995/2650 3192/6996/2650
f 3196/6997/2651 3198/6998/2651 3199/6999/2651
f 3200/7000/2652 3202/7001/2652 3203/7002/2652
f 3048/7003/2653 3200/7004/2653 3203/7005/2653
f 3205/7006/2654 3207/7007/2654 3204/7008/2654
f 3208/7009/2655 3210/7010/2655 3211/7011/2655
f 3099/7012/2656 3208/7013/2656 3211/7014/2656
f 3208/7015/2657 3209/7016/2657 3210/7017/2657
f 3794/7018/2658 3801/7019/2659 550/7020/2660
f 3796/7021/2658 3802/7022/2661 3797/7023/2662
f 573/7024/2663 3816/7025/2664 3811/7026/2665
f 3815/7027/1 3818/7028/2666 567/7029/2667
f 3814/7030/1 576/7031/2668 577/7032/2669
f 3868/7033/1226 4138/7034/2670 3869/7035/1226
f 3868/7036/1226 3922/7037/2671 4137/7038/2672
f 3870/7039/1226 4148/7040/2673 3924/7041/2674
f 3794/7042/2658 3793/7043/2675 3801/7044/2676
f 3793/7045/2677 3794/7046/2658 3796/7047/2658
f 3794/7048/2658 3795/7049/2658 3796/7050/2658
f 3799/7051/2678 545/7052/2679 3800/7053/2680
f 545/7054/2681 547/7055/2682 3800/7056/2683
f 3795/7057/2658 552/7058/2684 553/7059/2685
f 3813/7060/1 3812/7061/2686 575/7062/2687
f 3817/7063/2688 3811/7064/2689 3816/7065/2690
f 3814/7066/1 3815/7067/1 569/7068/2691
f 3815/7069/1 567/7070/2692 569/7071/2693
f 3815/7072/1 579/7073/2694 3818/7074/2695
f 3869/7075/1226 4145/7076/2696 3923/7077/2697
f 3873/7078/2698 4143/7079/2699 4142/7080/2700
f 3872/7081/2701 3873/7082/2702 4142/7083/2703
f 4138/7084/2704 3870/7085/1226 3869/7086/1226
f 3870/7087/1226 4138/7088/2705 4148/7089/2706
f 3933/7090/2707 3931/7091/2707 3934/7092/2707
f 3932/7093/2708 3936/7094/2708 3935/7095/2708
f 4133/7096/2709 4091/7097/2709 4090/7098/2709
f 4115/7099/1571 4132/7100/1571 4114/7101/1571
f 4132/7102/2710 4115/7103/2710 4133/7104/2710
f 4107/7105/170 4133/7106/170 4090/7107/170
f 4197/7108/2711 4178/7109/2711 4198/7110/2711
f 4194/7111/2712 4197/7112/2712 4196/7113/2712
f 4197/7114/2713 4198/7115/2713 4196/7116/2713
f 4196/7117/1174 4193/7118/1174 4180/7119/1174
f 437/7120/2477 244/7121/2477 245/7122/2477
f 245/7123/2477 263/7124/2477 437/7125/2477
f 180/7126/2714 146/7127/2715 442/7128/2716
f 146/7129/2717 151/7130/2718 442/7131/2718
f 243/7132/2488 244/7133/2488 437/7134/2488
f 439/7135/2719 438/7136/2720 263/7137/2721
f 179/7138/2524 180/7139/2524 440/7140/2524
f 180/7141/2524 441/7142/2524 440/7143/2524
f 447/7144/324 444/7145/324 506/7146/324
f 506/7147/324 505/7148/324 447/7149/324
f 455/7150/2722 448/7151/2723 510/7152/2724
f 448/7153/2725 505/7154/2726 507/7155/2727
f 510/7156/2728 448/7157/2729 507/7158/2730
f 443/7159/2731 499/7160/2529 501/7161/2732
f 452/7162/2531 455/7163/2531 508/7164/2531
f 455/7165/2531 509/7166/2531 508/7167/2531
f 444/7168/2733 454/7169/2734 510/7170/2735
f 454/7171/2736 511/7172/2533 510/7173/2737
f 510/7174/2738 507/7175/2739 444/7176/2740
f 443/7177/327 445/7178/327 499/7179/327
f 445/7180/327 446/7181/327 500/7182/327
f 457/7183/2741 504/7184/2536 503/7185/2742
f 459/7186/2538 463/7187/2538 489/7188/2538
f 489/7189/2538 488/7190/2538 459/7191/2538
f 463/7192/2743 473/7193/2744 490/7194/2745
f 473/7195/2746 315/7196/2541 490/7197/2747
f 476/7198/327 481/7199/327 491/7200/327
f 481/7201/327 486/7202/327 492/7203/327
f 494/7204/2748 495/7205/2749 478/7206/2750
f 496/7207/2751 498/7208/2752 480/7209/2753
f 474/7210/2754 493/7211/2754 494/7212/2754
f 454/7213/2562 449/7214/2562 508/7215/2562
f 449/7216/2562 450/7217/2562 508/7218/2562
f 1550/7219/2755 1787/7220/2756 1786/7221/2757
f 1554/7222/454 1807/7223/454 1806/7224/454
f 1566/7225/2564 1505/7226/2564 1803/7227/2564
f 1803/7228/2564 1802/7229/2564 1799/7230/2564
f 1809/7231/454 1808/7232/454 1579/7233/454
f 1508/7234/2758 1755/7235/2759 1754/7236/2760
f 1754/7237/2761 1503/7238/2759 1498/7239/2762
f 1805/7240/2570 1489/7241/2570 1806/7242/2570
f 1489/7243/2570 1490/7244/2570 1806/7245/2570
f 1785/7246/2763 1502/7247/2764 1786/7248/2765
f 1502/7249/2766 1501/7250/2767 1786/7251/2768
f 1506/7252/2769 1798/7253/2770 1803/7254/2771
f 1798/7255/2772 1804/7256/2575 1803/7257/2773
f 1523/7258/1802 1810/7259/1802 1809/7260/1802
f 1754/7261/2774 1753/7262/2775 1564/7263/2776
f 1542/7264/2777 1520/7265/2778 1582/7266/2779
f 1811/7267/2780 1521/7268/2582 1520/7269/2781
f 1520/7270/2782 1542/7271/2783 1811/7272/2784
f 1541/7273/2785 1605/7274/2786 1556/7275/2787
f 1799/7276/2564 1802/7277/2564 1801/7278/2564
f 1801/7279/2564 1492/7280/2564 1551/7281/2564
f 1798/7282/2788 1486/7283/2789 1801/7284/2790
f 1486/7285/2791 1492/7286/2610 1801/7287/2792
f 1583/7288/2793 1521/7289/2794 1811/7290/2795
f 1811/7291/2796 1813/7292/2797 1608/7293/2798
f 3133/7294/454 3110/7295/454 3206/7296/454
f 3206/7297/454 3205/7298/454 3124/7299/454
f 3194/7300/2799 3193/7301/2800 3097/7302/2801
f 3110/7303/2619 3045/7304/2619 3206/7305/2619
f 3045/7306/2619 3090/7307/2619 3206/7308/2619
f 3139/7309/454 3210/7310/454 3209/7311/454
f 3209/7312/454 3114/7313/454 3138/7314/454
f 3184/7315/2802 3183/7316/2803 3149/7317/2802
f 3200/7318/2804 3048/7319/2804 3201/7320/2804
f 3056/7321/2804 3196/7322/2804 3199/7323/2804
f 3196/7324/2805 3056/7325/2805 3197/7326/2805
f 3170/7327/454 3169/7328/454 3151/7329/454
f 3208/7330/2623 3099/7331/2623 3209/7332/2623
f 3099/7333/2623 3050/7334/2623 3209/7335/2623
f 3181/7336/2624 3103/7337/2624 3182/7338/2624
f 3103/7339/2624 3102/7340/2624 3182/7341/2624
f 3089/7342/2626 3097/7343/2626 3192/7344/2626
f 3097/7345/2626 3193/7346/2626 3192/7347/2626
f 3178/7348/2806 3177/7349/2807 3176/7350/2808
f 3135/7351/2809 3112/7352/2810 3203/7353/2811
f 3203/7354/2812 3202/7355/2813 3136/7356/2814
f 3211/7357/454 3210/7358/454 3139/7359/454
f 3124/7360/454 3205/7361/454 3204/7362/454
f 3167/7363/2632 3095/7364/2632 3168/7365/2632
f 3095/7366/2632 3100/7367/2632 3168/7368/2632
f 3100/7369/2632 3172/7370/2632 3171/7371/2632
f 3145/7372/2815 3198/7373/2816 3197/7374/2817
f 3189/7375/2818 3188/7376/2818 3187/7377/2818
f 3149/7378/2819 3183/7379/2820 3182/7380/2819
f 3182/7381/2821 3154/7382/2821 3148/7383/2821
f 3172/7384/2822 3100/7385/2822 3173/7386/2822
f 3153/7387/454 3151/7388/454 3168/7389/454
f 3151/7390/454 3169/7391/454 3168/7392/454
f 3168/7393/454 3171/7394/454 3153/7395/454
f 3176/7396/2823 3177/7397/2824 3180/7398/2825
f 3180/7399/2826 3094/7400/2824 3122/7401/2827
f 3179/7402/2620 3174/7403/2620 3180/7404/2620
f 3174/7405/2620 3037/7406/2620 3180/7407/2620
f 3187/7408/2647 3188/7409/2647 3191/7410/2647
f 3191/7411/2647 3119/7412/2647 3144/7413/2647
f 3190/7414/2621 3185/7415/2621 3191/7416/2621
f 3185/7417/2621 3055/7418/2621 3191/7419/2621
f 3195/7420/2650 3031/7421/2650 3192/7422/2650
f 3031/7423/2650 3035/7424/2650 3192/7425/2650
f 3136/7426/2828 3202/7427/2829 3201/7428/2830
f 3199/7429/2831 3198/7430/2829 3145/7431/2832
f 3112/7432/2653 3047/7433/2653 3203/7434/2653
f 3047/7435/2653 3048/7436/2653 3203/7437/2653
f 3207/7438/2833 3090/7439/2833 3204/7440/2833
f 4133/7441/2709 4115/7442/2709 4091/7443/2709
f 4107/7444/170 4132/7445/170 4133/7446/170
f 4179/7447/2712 4186/7448/2712 4196/7449/2712
f 4186/7450/2712 4194/7451/2712 4196/7452/2712
f 4180/7453/1174 4179/7454/1174 4196/7455/1174
f 4196/7456/1174 4198/7457/1174 4193/7458/1174
f 3092/7459/2834 3098/7460/2835 3194/7461/2836 3097/7462/2837
f 3048/7463/2838 3056/7464/2838 3199/7465/2838 3201/7466/2838
f 3184/7467/2839 3117/7468/2839 3053/7469/2839 3103/7470/2839
f 435/7471/2489 139/7472/2489 110/7473/2489 111/7474/2489
f 2315/7475/2840 2316/7476/2840 2312/7477/2840 2311/7478/2840
f 3836/7479/2841 3849/7480/2841 3861/7481/2841 3833/7482/2841
f 582/7483/2842 260/7484/2843 261/7485/2843 247/7486/2844
f 3835/7487/2845 3842/7488/2845 3864/7489/2845 3862/7490/2845
f 3841/7491/2846 3851/7492/2846 3853/7493/2846 3837/7494/2846
f 12/7495/2847 13/7496/2847 42/7497/2847 43/7498/2847
f 3824/7499/2848 3834/7500/2848 3863/7501/2848 3850/7502/2848
f 3116/7503/454 3115/7504/454 3140/7505/454 3141/7506/454
f 2399/7507/2849 2401/7508/2849 2402/7509/2849 2400/7510/2849
f 533/7511/2850 538/7512/2850 539/7513/2850 534/7514/2850
f 11/7515/2851 12/7516/2851 43/7517/2851 41/7518/2851
f 2930/7519/2852 2929/7520/2852 2927/7521/2852 2928/7522/2852
f 44/7523/2853 42/7524/2853 13/7525/2853 14/7526/2853
f 3834/7527/2854 3863/7528/2854 3861/7529/2854 3833/7530/2854
f 2319/7531/2855 2316/7532/2855 2315/7533/2855 2321/7534/2855
f 467/7535/2856 290/7536/2856 315/7537/2856 473/7538/2856
f 2941/7539/2857 2942/7540/2857 2949/7541/2857 2947/7542/2857
f 16/7543/2858 45/7544/2858 46/7545/2858 15/7546/2858
f 3141/7547/454 3143/7548/454 3118/7549/454 3116/7550/454
f 50/7551/2471 51/7552/2471 554/7553/2859 107/7554/2860
f 3064/7555/2861 3063/7556/2861 3125/7557/2861 3126/7558/2861
f 3845/7559/2862 3846/7560/2862 3821/7561/2862 3820/7562/2862
f 135/7563/2863 134/7564/2863 116/7565/2864 117/7566/2865
f 132/7567/2866 131/7568/2866 558/7569/2867 559/7570/2868
f 229/7571/2869 236/7572/2869 235/7573/2869 230/7574/2869
f 1520/7575/2870 1521/7576/2870 1510/7577/2870 1522/7578/2870
f 1608/7579/2871 1606/7580/2871 1582/7581/2871 1583/7582/2871
f 469/7583/2872 467/7584/2872 465/7585/2872 470/7586/2872
f 4190/7587/2873 4192/7588/2873 4202/7589/2873 4201/7590/2873
f 1580/7591/454 1518/7592/454 1809/7593/454 1579/7594/454
f 7/7595/2874 15/7596/2874 46/7597/2874 33/7598/2874
f 3450/7599/2875 3439/7600/2875 3459/7601/2875 3470/7602/2875
f 3442/7603/2875 3462/7604/2875 3460/7605/2875 3440/7606/2875
f 3825/7607/2876 3835/7608/2876 3862/7609/2876 3852/7610/2876
f 230/7611/2877 235/7612/2877 237/7613/2877 231/7614/2877
f 2943/7615/2878 2940/7616/2878 2941/7617/2878 2947/7618/2878
f 2922/7619/2879 2919/7620/2879 2923/7621/2879 2926/7622/2879
f 572/7623/2880 200/7624/2881 196/7625/2479 195/7626/2882
f 3836/7627/2883 3823/7628/2883 3848/7629/2883 3849/7630/2883
f 3432/7631/2884 3452/7632/2884 3456/7633/2884 3436/7634/2884
f 175/7635/2885 188/7636/2885 187/7637/2885 174/7638/2885
f 2383/7639/2886 2387/7640/2886 2381/7641/2886 2380/7642/2886
f 3024/7643/2887 3028/7644/2887 3027/7645/2887 3023/7646/2887
f 167/7647/2888 168/7648/2888 181/7649/2888 166/7650/2888
f 465/7651/2889 466/7652/2889 468/7653/2889 470/7654/2889
f 3019/7655/2890 3020/7656/2890 3022/7657/2890 3021/7658/2890
f 2273/7659/2891 2277/7660/2891 2278/7661/2891 2274/7662/2891
f 10/7663/2892 11/7664/2892 41/7665/2892 40/7666/2892
f 2405/7667/2893 2401/7668/2893 2395/7669/2893 2398/7670/2893
f 3108/7671/2894 3150/7672/2894 3131/7673/2894 3130/7674/2894
f 2898/7675/2895 2897/7676/2895 2895/7677/2895 2896/7678/2895
f 264/7679/2896 260/7680/2897 582/7681/2898 251/7682/2899
f 452/7683/2900 450/7684/2900 504/7685/2900 457/7686/2900
f 1500/7687/2901 1489/7688/2901 1805/7689/2901 1494/7690/2901
f 485/7691/2902 425/7692/2903 492/7693/2904 486/7694/2904
f 2840/7695/2905 2847/7696/2905 2850/7697/2905 2844/7698/2905
f 2859/7699/2906 2860/7700/2906 2863/7701/2906 2865/7702/2906
f 448/7703/2907 455/7704/2907 453/7705/2907 447/7706/2907
f 24/7707/2908 19/7708/2908 48/7709/2908 47/7710/2908
f 8/7711/2909 38/7712/2909 48/7713/2909 19/7714/2909
f 442/7715/2910 151/7716/2910 163/7717/2910 193/7718/2910
f 3132/7719/454 3109/7720/454 3170/7721/454 3151/7722/454
f 3152/7723/454 3127/7724/454 3126/7725/454 3105/7726/454
f 3093/7727/328 3101/7728/328 3100/7729/328 3095/7730/328
f 2764/7731/2911 2770/7732/2911 2769/7733/2911 2766/7734/2911
f 2349/7735/2912 2350/7736/2912 2346/7737/2912 2345/7738/2912
f 2949/7739/2913 2942/7740/2913 2939/7741/2913 2945/7742/2913
f 3079/7743/328 3052/7744/328 3054/7745/328 3081/7746/328
f 1943/7747/2914 1944/7748/2914 1946/7749/2914 1945/7750/2914
f 1602/7751/2915 1601/7752/2915 1825/7753/2916 1826/7754/2916
f 1530/7755/2917 1529/7756/2917 1516/7757/2917 1509/7758/2917
f 133/7759/2918 132/7760/2918 559/7761/2919 561/7762/2920
f 1554/7763/2921 1555/7764/2921 1548/7765/2921 1547/7766/2921
f 1537/7767/2922 1539/7768/2922 1540/7769/2922 1538/7770/2922
f 1787/7771/2923 1550/7772/2923 1568/7773/2923 1507/7774/2923
f 3838/7775/2924 3827/7776/2924 3866/7777/2924 3865/7778/2924
f 1533/7779/2925 1597/7780/2925 1565/7781/2925 1504/7782/2925
f 3118/7783/454 3143/7784/454 3128/7785/454 3106/7786/454
f 484/7787/2926 483/7788/2926 478/7789/2926 479/7790/2926
f 165/7791/2927 169/7792/2927 168/7793/2927 167/7794/2927
f 53/7795/2928 52/7796/2929 543/7797/2930 57/7798/2931
f 1612/7799/2590 1620/7800/2932 4146/7801/2933 1613/7802/2590
f 1526/7803/2934 1525/7804/2934 1587/7805/2934 1588/7806/2934
f 3088/7807/2935 3150/7808/2935 3108/7809/2936 3043/7810/2935
f 2317/7811/2937 2313/7812/2937 2312/7813/2937 2316/7814/2937
f 3058/7815/2938 3085/7816/2938 3147/7817/2938 3121/7818/2938
f 1807/7819/454 1554/7820/454 1553/7821/454 1494/7822/454
f 3068/7823/2939 3043/7824/2939 3108/7825/2939 3130/7826/2939
f 3173/7827/2822 3100/7828/2822 3101/7829/2822 3153/7830/2822
f 16/7831/2940 24/7832/2940 47/7833/2940 45/7834/2940
f 3077/7835/328 3076/7836/328 3050/7837/328 3099/7838/328
f 3819/7839/2941 3854/7840/2941 3843/7841/2941 3839/7842/2941
f 3824/7843/2942 3836/7844/2942 3849/7845/2942 3850/7846/2942
f 21/7847/2943 1/7848/2943 36/7849/2943 25/7850/2943
f 3/7851/2944 28/7852/2944 29/7853/2944 4/7854/2944
f 1800/7855/2945 1799/7856/2945 1551/7857/2945 1544/7858/2945
f 144/7859/2946 149/7860/2946 190/7861/2946 177/7862/2946
f 542/7863/2947 530/7864/2947 528/7865/2947 541/7866/2947
f 3797/7867/2948 3792/7868/2949 3793/7869/2950 3796/7870/2658
f 195/7871/2951 194/7872/2952 201/7873/2953 572/7874/2954
f 498/7875/2955 477/7876/2956 482/7877/2956 480/7878/2957
f 160/7879/2958 170/7880/2958 183/7881/2958 161/7882/2958
f 4/7883/2959 12/7884/2959 43/7885/2959 29/7886/2959
f 3826/7887/2960 3828/7888/2960 3857/7889/2960 3855/7890/2960
f 182/7891/2961 181/7892/2961 168/7893/2961 169/7894/2961
f 4190/7895/2962 4201/7896/2962 4199/7897/2962 4182/7898/2962
f 472/7899/2963 466/7900/2963 465/7901/2963 471/7902/2963
f 39/7903/2964 37/7904/2964 20/7905/2964 9/7906/2964
f 1501/7907/2965 1561/7908/2965 1549/7909/2965 1491/7910/2965
f 1514/7911/2966 1515/7912/2966 1576/7913/2966 1575/7914/2966
f 531/7915/2967 532/7916/2967 527/7917/2967 526/7918/2967
f 158/7919/2968 159/7920/2968 188/7921/2968 175/7922/2968
f 3072/7923/2969 3046/7924/2969 3111/7925/2969 3134/7926/2969
f 147/7927/2970 161/7928/2970 183/7929/2970 184/7930/2970
f 520/7931/2971 411/7932/2971 414/7933/2971 521/7934/2971
f 530/7935/2972 535/7936/2972 533/7937/2972 528/7938/2972
f 1504/7939/2973 1565/7940/2973 1562/7941/2973 1502/7942/2973
f 3120/7943/2974 3110/7944/2974 3133/7945/2974 3146/7946/2974
f 300/7947/2975 468/7948/2975 466/7949/2975 290/7950/2975
f 534/7951/2976 539/7952/2976 536/7953/2976 531/7954/2976
f 156/7955/2977 174/7956/2977 187/7957/2978 157/7958/2979
f 142/7959/2980 171/7960/2980 170/7961/2980 160/7962/2980
f 3032/7963/2981 3098/7964/2981 3092/7965/2981 3034/7966/2981
f 3057/7967/328 3084/7968/328 3071/7969/328 3045/7970/328
f 542/7971/2982 541/7972/2982 538/7973/2982 540/7974/2982
f 162/7975/2983 179/7976/2983 193/7977/2983 163/7978/2983
f 514/7979/2984 515/7980/2984 525/7981/2984 524/7982/2984
f 3433/7983/2875 3437/7984/2875 3457/7985/2875 3453/7986/2875
f 173/7987/2985 186/7988/2985 185/7989/2985 172/7990/2985
f 1502/7991/2986 1785/7992/2986 1507/7993/2986 1504/7994/2986
f 126/7995/2471 130/7996/2471 128/7997/2471 127/7998/2471
f 451/7999/2987 452/8000/2987 457/8001/2987 458/8002/2987
f 512/8003/2988 515/8004/2988 519/8005/2988 516/8006/2988
f 2347/8007/2989 2348/8008/2989 2344/8009/2989 2343/8010/2989
f 3806/8011/2990 3805/8012/2990 3809/8013/2990 3810/8014/2990
f 3872/8015/2991 3871/8016/2992 3867/8017/2993 3873/8018/2994
f 3067/8019/2995 3175/8020/2995 3174/8021/2995 3042/8022/2995
f 4139/8023/2996 1610/8024/2997 1611/8025/2590 1614/8026/2998
f 4202/8027/2999 4191/8028/2999 4189/8029/2999 4201/8030/2999
f 250/8031/3000 249/8032/3001 439/8033/3002 263/8034/3003
f 2/8035/3004 10/8036/3004 40/8037/3005 27/8038/3005
f 1499/8039/3006 1496/8040/3006 1556/8041/3006 1559/8042/3006
f 2334/8043/3007 2332/8044/3007 2331/8045/3007 2333/8046/3007
f 2379/8047/3008 2380/8048/3008 2376/8049/3008 2375/8050/3008
f 456/8051/3009 443/8052/3010 501/8053/3011 503/8054/3012
f 3178/8055/2620 3107/8056/2620 3042/8057/2620 3174/8058/2620
f 3189/8059/2621 3113/8060/2621 3049/8061/2621 3185/8062/2621
f 3469/8063/3013 3470/8064/3013 3459/8065/3013 3458/8066/3013
f 1504/8067/3014 1507/8068/3014 1534/8069/3014 1533/8070/3014
f 259/8071/3015 258/8072/3015 589/8073/3016 253/8074/3017
f 3828/8075/3018 3829/8076/3018 3856/8077/3018 3857/8078/3018
f 3833/8079/3019 3861/8080/3020 3860/8081/3019 3832/8082/3019
f 216/8083/3021 210/8084/3021 205/8085/3021 211/8086/3021
f 209/8087/3022 210/8088/3022 216/8089/3022 215/8090/3022
f 429/8091/2754 474/8092/2754 494/8093/2754 477/8094/2754
f 3071/8095/3023 3084/8096/3023 3146/8097/3023 3133/8098/3023
f 1582/8099/3024 1584/8100/3024 1571/8101/3024 1583/8102/3024
f 9/8103/3025 10/8104/3025 40/8105/3025 39/8106/3025
f 3039/8107/328 3063/8108/328 3064/8109/328 3040/8110/328
f 3197/8111/3026 3121/8112/2816 3147/8113/3027 3145/8114/3028
f 3829/8115/3029 3830/8116/3029 3858/8117/3029 3856/8118/3029
f 3061/8119/3030 3062/8120/3030 3124/8121/3030 3123/8122/3030
f 558/8123/3031 131/8124/3032 136/8125/3032 118/8126/3033
f 3081/8127/3034 3143/8128/3034 3141/8129/3034 3079/8130/3034
f 3170/8131/2637 3109/8132/2637 3044/8133/2637 3095/8134/2637
f 1539/8135/3035 1537/8136/3035 1601/8137/3035 1603/8138/3035
f 3820/8139/3036 3845/8140/3036 3856/8141/3036 3829/8142/3036
f 3026/8143/3037 3025/8144/3037 3022/8145/3037 3020/8146/3037
f 157/8147/3038 187/8148/3038 188/8149/3038 159/8150/3038
f 4188/8151/3039 4195/8152/3039 4194/8153/3039 4186/8154/3039
f 526/8155/3040 529/8156/3040 534/8157/3040 531/8158/3040
f 234/8159/3041 240/8160/3041 236/8161/3041 229/8162/3041
f 300/8163/3042 290/8164/3042 467/8165/3042 469/8166/3042
f 3821/8167/3043 3830/8168/3044 3858/8169/3045 3846/8170/3046
f 3103/8171/3047 3087/8172/3047 3086/8173/3047 3102/8174/3047
f 1563/8175/3048 1503/8176/3048 1754/8177/3049 1564/8178/3050
f 3062/8179/328 3061/8180/328 3038/8181/328 3090/8182/328
f 2379/8183/3051 2375/8184/3051 2378/8185/3051 2382/8186/3051
f 1600/8187/3052 1599/8188/3052 1588/8189/3052 1593/8190/3052
f 3820/8191/3053 3840/8192/3053 3844/8193/3053 3845/8194/3053
f 3218/8195/1360 3219/8196/1360 3217/8197/1360 3216/8198/1360
f 453/8199/3054 451/8200/3054 449/8201/3054 454/8202/3054
f 116/8203/3055 134/8204/3056 133/8205/3056 561/8206/3057
f 2395/8207/3058 2391/8208/3058 2394/8209/3058 2398/8210/3058
f 3017/8211/3059 3018/8212/3059 3016/8213/3059 3015/8214/3059
f 2941/8215/3060 2937/8216/3060 2938/8217/3060 2942/8218/3060
f 1678/8219/2319 1679/8220/2319 1680/8221/2319 1681/8222/2319
f 451/8223/3061 458/8224/3061 456/8225/3061 449/8226/3061
f 536/8227/3062 355/8228/3062 358/8229/3062 537/8230/3062
f 3154/8231/3063 3107/8232/3063 3129/8233/3063 3148/8234/3063
f 1543/8235/3064 1497/8236/3064 1557/8237/3064 1607/8238/3064
f 1533/8239/3065 1534/8240/3065 1598/8241/3065 1597/8242/3065
f 2925/8243/3066 2926/8244/3066 2933/8245/3066 2931/8246/3066
f 3831/8247/3067 3859/8248/3067 3858/8249/3067 3830/8250/3067
f 1605/8251/170 1606/8252/170 1608/8253/170 1607/8254/170
f 3214/8255/3068 3220/8256/3068 3222/8257/3068 3215/8258/3068
f 1564/8259/3069 1595/8260/3069 1596/8261/3069 1569/8262/3069
f 3931/8263/3070 3933/8264/3070 3927/8265/3070 3926/8266/3070
f 524/8267/3071 525/8268/3071 523/8269/3071 522/8270/3071
f 3041/8271/3072 3106/8272/3072 3152/8273/3072 3096/8274/3072
f 158/8275/3073 172/8276/3073 185/8277/3073 159/8278/3073
f 18/8279/3074 35/8280/3074 48/8281/3074 19/8282/3074
f 539/8283/3075 369/8284/3075 355/8285/3075 536/8286/3075
f 2365/8287/3076 2361/8288/3076 2360/8289/3076 2364/8290/3076
f 290/8291/3077 466/8292/3077 472/8293/3077 315/8294/3077
f 467/8295/3078 473/8296/3078 471/8297/3078 465/8298/3078
f 3922/8299/3079 3868/8300/1226 3869/8301/1226 3923/8302/3080
f 2367/8303/3081 2371/8304/3081 2365/8305/3081 2364/8306/3081
f 21/8307/3082 25/8308/3083 37/8309/3084 20/8310/3082
f 3823/8311/3085 3832/8312/3085 3860/8313/3085 3848/8314/3085
f 3/8315/3086 11/8316/3086 41/8317/3086 28/8318/3086
f 1511/8319/3087 1517/8320/3087 1810/8321/3087 1523/8322/3087
f 3839/8323/3088 3826/8324/3088 3855/8325/3088 3843/8326/3088
f 464/8327/3089 300/8328/3089 469/8329/3089 302/8330/3089
f 263/8331/3090 264/8332/3090 251/8333/3091 250/8334/3092
f 142/8335/3093 147/8336/3094 184/8337/3095 171/8338/3096
f 2325/8339/3097 2323/8340/3097 2324/8341/3097 2326/8342/3097
f 3448/8343/2875 3451/8344/2875 3471/8345/2875 3468/8346/2875
f 4189/8347/3098 4183/8348/3098 4199/8349/3098 4201/8350/3098
f 122/8351/3099 121/8352/3099 127/8353/3099 128/8354/3099
f 516/8355/3100 520/8356/3100 521/8357/3100 517/8358/3100
f 518/8359/3101 522/8360/3101 523/8361/3101 519/8362/3101
f 3449/8363/2884 3469/8364/2884 3458/8365/2884 3438/8366/2884
f 2873/8367/3102 2874/8368/3102 2872/8369/3102 2871/8370/3102
f 3869/8371/1226 3870/8372/1226 3924/8373/3103 4145/8374/3104
f 481/8375/3105 476/8376/3105 496/8377/3106 480/8378/3107
f 15/8379/3108 46/8380/3108 44/8381/3108 14/8382/3108
f 3827/8383/3109 3826/8384/3109 3855/8385/3109 3866/8386/3109
f 3798/8387/3110 548/8388/3111 3792/8389/3112 3797/8390/3113
f 3035/8391/3114 3036/8392/3114 3089/8393/3114 3091/8394/3114
f 425/8395/3115 429/8396/3115 477/8397/3115 497/8398/3115
f 1528/8399/328 1590/8400/328 1574/8401/328 1513/8402/328
f 2843/8403/3116 2839/8404/3116 2840/8405/3116 2844/8406/3116
f 541/8407/3117 369/8408/3117 539/8409/3117 538/8410/3117
f 2397/8411/3118 2393/8412/3118 2392/8413/3118 2396/8414/3118
f 3053/8415/3119 3117/8416/3119 3111/8417/3119 3046/8418/3119
f 516/8419/3120 517/8420/3120 513/8421/3120 512/8422/3120
f 3065/8423/3121 3064/8424/3121 3126/8425/3121 3127/8426/3121
f 1569/8427/3122 1558/8428/3122 1563/8429/3122 1564/8430/3122
f 145/8431/3123 150/8432/3124 192/8433/3125 178/8434/3124
f 512/8435/3126 513/8436/3126 414/8437/3126 411/8438/3126
f 3446/8439/2884 3443/8440/2884 3463/8441/2884 3466/8442/2884
f 458/8443/3127 457/8444/3127 446/8445/3127 445/8446/3127
f 435/8447/2474 111/8448/2474 112/8449/2474 140/8450/2474
f 483/8451/3128 484/8452/3129 412/8453/3129 474/8454/3130
f 4191/8455/3131 4202/8456/3131 4200/8457/3131 4184/8458/3131
f 2389/8459/3132 2382/8460/3132 2381/8461/3132 2387/8462/3132
f 1806/8463/454 1495/8464/454 1555/8465/454 1554/8466/454
f 3819/8467/3133 3854/8468/3133 3866/8469/3133 3827/8470/3133
f 121/8471/3134 120/8472/3134 125/8473/3134 127/8474/3134
f 3432/8475/2884 3434/8476/2884 3454/8477/2884 3452/8478/2884
f 3073/8479/3135 3047/8480/3135 3112/8481/3135 3135/8482/3135
f 3047/8483/328 3073/8484/328 3074/8485/328 3048/8486/328
f 3080/8487/3136 3087/8488/3136 3103/8489/3136 3053/8490/3136
f 3435/8491/2875 3455/8492/2875 3459/8493/2875 3439/8494/2875
f 1498/8495/3137 1558/8496/3137 1569/8497/3137 1508/8498/3137
f 3835/8499/3138 3862/8500/3138 3863/8501/3138 3834/8502/3138
f 1518/8503/454 1580/8504/454 1581/8505/454 1519/8506/454
f 2535/8507/3139 2537/8508/3139 2538/8509/3139 2536/8510/3139
f 3077/8511/3140 3139/8512/3140 3138/8513/3140 3076/8514/3140
f 1496/8515/3141 1499/8516/3141 1487/8517/3141 1497/8518/3141
f 3840/8519/3142 3844/8520/3142 3857/8521/3142 3828/8522/3142
f 3802/8523/3143 3796/8524/2658 3795/8525/2658 553/8526/3144
f 208/8527/3145 209/8528/3145 215/8529/3145 214/8530/3145
f 528/8531/3146 533/8532/3146 534/8533/3146 529/8534/3146
f 3847/8535/3147 3848/8536/3147 3823/8537/3147 3822/8538/3147
f 1531/8539/3148 1593/8540/3148 1576/8541/3148 1515/8542/3148
f 3129/8543/3149 3107/8544/3149 3178/8545/3150 3176/8546/3151
f 3074/8547/328 3083/8548/328 3056/8549/328 3048/8550/328
f 540/8551/3152 538/8552/3152 533/8553/3152 535/8554/3152
f 2927/8555/3153 2924/8556/3153 2925/8557/3153 2931/8558/3153
f 3111/8559/3154 3117/8560/3154 3142/8561/3154 3134/8562/3154
f 4192/8563/3155 4181/8564/3155 4200/8565/3155 4202/8566/3155
f 3223/8567/1248 3222/8568/1248 3220/8569/1248 3221/8570/1248
f 3071/8571/328 3062/8572/328 3090/8573/328 3045/8574/328
f 3043/8575/328 3068/8576/328 3069/8577/328 3088/8578/328
f 4113/8579/3156 4103/8580/3156 4102/8581/3156 4110/8582/3156
f 143/8583/3157 173/8584/3157 172/8585/3157 158/8586/3157
f 3175/8587/3158 3176/8588/3158 3122/8589/3158 3060/8590/3158
f 3433/8591/2875 3453/8592/2875 3455/8593/2875 3435/8594/2875
f 480/8595/3159 485/8596/3159 486/8597/3159 481/8598/3159
f 2932/8599/3160 2928/8600/3160 2927/8601/3160 2931/8602/3160
f 242/8603/3161 243/8604/3161 262/8605/3161 261/8606/3161
f 23/8607/3162 34/8608/3162 35/8609/3162 18/8610/3162
f 3078/8611/3163 3140/8612/3163 3139/8613/3163 3077/8614/3163
f 1538/8615/3164 1824/8616/3164 1823/8617/3164 1537/8618/3164
f 119/8619/3165 126/8620/3165 125/8621/3165 120/8622/3165
f 483/8623/3166 487/8624/3166 482/8625/3166 478/8626/3166
f 3929/8627/3167 3935/8628/3167 3936/8629/3167 3930/8630/3167
f 3096/8631/3168 3152/8632/3168 3105/8633/3168 3040/8634/3168
f 3039/8635/3169 3104/8636/3169 3125/8637/3169 3063/8638/3169
f 475/8639/324 412/8640/324 484/8641/324 479/8642/324
f 2306/8643/3170 2305/8644/3170 2309/8645/3170 2310/8646/3170
f 4180/8647/3171 4193/8648/3171 4195/8649/3171 4188/8650/3171
f 259/8651/3172 253/8652/3173 583/8653/3174 254/8654/3172
f 524/8655/3175 522/8656/3175 518/8657/3175 514/8658/3175
f 2405/8659/3176 2403/8660/3176 2404/8661/3176 2406/8662/3176
f 3045/8663/3177 3110/8664/3177 3120/8665/3177 3057/8666/3177
f 3041/8667/3178 3054/8668/3178 3118/8669/3178 3106/8670/3178
f 2367/8671/3179 2364/8672/3179 2363/8673/3179 2369/8674/3179
f 232/8675/3180 231/8676/3180 237/8677/3180 238/8678/3180
f 1514/8679/170 1575/8680/170 1586/8681/170 1524/8682/170
f 141/8683/3181 113/8684/3181 108/8685/3181 137/8686/3181
f 3033/8687/3182 3034/8688/3182 3092/8689/3182 3097/8690/3182
f 203/8691/3183 196/8692/2479 197/8693/2479 204/8694/3184
f 141/8695/3185 137/8696/3185 555/8697/3186 557/8698/3187
f 3204/8699/2833 3090/8700/2833 3038/8701/2833 3059/8702/2833
f 2850/8703/3188 2854/8704/3188 2853/8705/3188 2849/8706/3188
f 1813/8707/3189 1543/8708/3190 1607/8709/3190 1608/8710/3191
f 235/8711/2479 236/8712/2479 239/8713/2479 238/8714/2479
f 3136/8715/3192 3201/8716/3193 3199/8717/3194 3145/8718/3195
f 3443/8719/2884 3441/8720/2884 3461/8721/2884 3463/8722/2884
f 1525/8723/3196 1526/8724/3196 1531/8725/3196 1515/8726/3196
f 3445/8727/2875 3465/8728/2875 3462/8729/2875 3442/8730/2875
f 487/8731/3197 483/8732/3198 474/8733/3199 429/8734/3197
f 3083/8735/328 3085/8736/328 3058/8737/328 3056/8738/328
f 3040/8739/3200 3105/8740/3200 3104/8741/3200 3039/8742/3200
f 143/8743/3201 148/8744/3201 186/8745/3201 173/8746/3201
f 3075/8747/3202 3137/8748/3202 3187/8749/3202 3186/8750/3202
f 3842/8751/3203 3838/8752/3203 3865/8753/3203 3864/8754/3203
f 2302/8755/3204 2305/8756/3204 2306/8757/3204 2300/8758/3204
f 1516/8759/3205 1577/8760/3205 1570/8761/3205 1509/8762/3205
f 3075/8763/3206 3049/8764/3206 3113/8765/3206 3137/8766/3206
f 3219/8767/3207 3226/8768/3207 3227/8769/3207 3217/8770/3207
f 3448/8771/3208 3468/8772/3208 3467/8773/3208 3447/8774/3208
f 22/8775/3209 21/8776/3209 25/8777/3209 26/8778/3209
f 2388/8779/3210 2387/8780/3210 2383/8781/3210 2384/8782/3210
f 1532/8783/3211 1508/8784/3211 1569/8785/3211 1596/8786/3211
f 1565/8787/3212 1597/8788/3212 1598/8789/3212 1568/8790/3212
f 3054/8791/3213 3052/8792/3213 3116/8793/3213 3118/8794/3213
f 1515/8795/3214 1514/8796/3214 1524/8797/3214 1525/8798/3214
f 411/8799/3215 525/8800/3215 515/8801/3215 512/8802/3215
f 1556/8803/3216 1557/8804/3216 1545/8805/3216 1559/8806/3216
f 1513/8807/3217 1519/8808/3217 1527/8809/3217 1528/8810/3217
f 470/8811/3218 468/8812/3218 462/8813/3218 461/8814/3218
f 3441/8815/2884 3436/8816/2884 3456/8817/2884 3461/8818/2884
f 3211/8819/3219 3115/8820/3219 3051/8821/3219 3099/8822/3219
f 1512/8823/1802 1523/8824/1802 1809/8825/1802 1518/8826/1802
f 490/8827/3220 315/8828/3221 472/8829/3221 460/8830/3222
f 1601/8831/2626 1537/8832/2626 1823/8833/2626 1825/8834/2626
f 1517/8835/454 1578/8836/454 1579/8837/454 1808/8838/454
f 1488/8839/328 1546/8840/328 1560/8841/328 1500/8842/328
f 1522/8843/3223 1584/8844/3223 1582/8845/3223 1520/8846/3223
f 1510/8847/3224 1521/8848/3224 1583/8849/3224 1571/8850/3224
f 1489/8851/328 1547/8852/328 1548/8853/328 1490/8854/328
f 1494/8855/3225 1493/8856/3225 1488/8857/3225 1500/8858/3225
f 3064/8859/328 3065/8860/328 3096/8861/328 3040/8862/328
f 3066/8863/328 3081/8864/328 3054/8865/328 3041/8866/328
f 1543/8867/3226 1541/8868/3226 1496/8869/3226 1497/8870/3226
f 1602/8871/3227 1826/8872/3227 1824/8873/3227 1538/8874/3227
f 1511/8875/328 1523/8876/328 1585/8877/328 1572/8878/328
f 1526/8879/3228 1588/8880/3228 1599/8881/3228 1535/8882/3228
f 1528/8883/328 1490/8884/328 1548/8885/328 1590/8886/328
f 3052/8887/328 3079/8888/328 3078/8889/328 3051/8890/328
f 3197/8891/2805 3056/8892/2805 3058/8893/2805 3121/8894/2805
f 3046/8895/3229 3072/8896/3229 3080/8897/3229 3053/8898/3229
f 3096/8899/328 3065/8900/328 3066/8901/328 3041/8902/328
f 2594/8903/3230 2593/8904/3230 2591/8905/3230 2592/8906/3230
f 4182/8907/3231 4199/8908/3231 4200/8909/3231 4181/8910/3231
f 4112/8911/1186 4113/8912/1186 4110/8913/1186 4111/8914/1186
f 1527/8915/454 1589/8916/454 1555/8917/454 1495/8918/454
f 3067/8919/3158 3129/8920/3158 3176/8921/3158 3175/8922/3158
f 2939/8923/3232 2940/8924/3232 2943/8925/3232 2945/8926/3232
f 2938/8927/3233 2935/8928/3233 2939/8929/3233 2942/8930/3233
f 2904/8931/3234 2905/8932/3234 2909/8933/3234 2908/8934/3234
f 2873/8935/3235 2877/8936/3235 2878/8937/3235 2874/8938/3235
f 4140/8939/3236 4138/8940/3237 3868/8941/1226 4137/8942/3238
f 3799/8943/3239 3800/8944/3240 548/8945/3241 3798/8946/3242
f 1506/8947/3243 1567/8948/3243 1800/8949/3243 1798/8950/3243
f 192/8951/2492 191/8952/2492 431/8953/2492 178/8954/2492
f 171/8955/3244 184/8956/3244 183/8957/3244 170/8958/3244
f 3102/8959/3245 3086/8960/3245 3067/8961/3245 3042/8962/3245
f 7/8963/3246 6/8964/3246 30/8965/3246 33/8966/3246
f 4111/8967/3247 4109/8968/3247 4108/8969/3247 4112/8970/3247
f 1572/8971/3248 1578/8972/3248 1517/8973/3248 1511/8974/3248
f 4104/8975/455 4119/8976/455 4118/8977/455 4092/8978/455
f 1680/8979/3249 1679/8980/3249 1675/8981/3249 1674/8982/3249
f 4117/8983/170 4116/8984/170 4105/8985/170 4093/8986/170
f 1555/8987/3250 1589/8988/3250 1590/8989/3250 1548/8990/3250
f 3928/8991/3251 3927/8992/3251 3933/8993/3251 3934/8994/3251
f 197/8995/2479 198/8996/2479 580/8997/3252 578/8998/3253
f 1753/8999/3254 1752/9000/3254 1595/9001/3254 1564/9002/3254
f 4183/9003/3255 4184/9004/3255 4200/9005/3255 4199/9006/3255
f 3929/9007/3256 3928/9008/3256 3934/9009/3256 3935/9010/3256
f 123/9011/3257 122/9012/3257 128/9013/3257 129/9014/3257
f 1510/9015/3258 1571/9016/3258 1584/9017/3258 1522/9018/3258
f 3083/9019/3259 3145/9020/3259 3147/9021/3259 3085/9022/3259
f 1501/9023/3260 1502/9024/3260 1562/9025/3260 1561/9026/3260
f 3440/9027/2875 3460/9028/2875 3457/9029/2875 3437/9030/2875
f 3814/9031/1 577/9032/3261 579/9033/3262 3815/9034/1
f 1492/9035/3263 1486/9036/3263 1544/9037/3263 1551/9038/3263
f 3444/9039/2884 3464/9040/2884 3469/9041/2884 3449/9042/2884
f 502/9043/3264 450/9044/3264 449/9045/3264 456/9046/3264
f 4198/9047/1174 4178/9048/1174 4177/9049/1174 4193/9050/1174
f 4185/9051/2712 4178/9052/2712 4197/9053/2712 4194/9054/2712
f 1574/9055/3265 1581/9056/3265 1580/9057/3265 1573/9058/3265
f 254/9059/3266 583/9060/3267 584/9061/3268 255/9062/3266
f 3227/9063/3269 3225/9064/3269 3216/9065/3269 3217/9066/3269
f 1519/9067/3270 1513/9068/3270 1512/9069/3270 1518/9070/3270
f 1490/9071/3271 1528/9072/3271 1527/9073/3271 1495/9074/3271
f 4123/9075/455 4122/9076/455 4099/9077/455 4100/9078/455
f 2868/9079/3272 2867/9080/3272 2869/9081/3272 2870/9082/3272
f 140/9083/3273 141/9084/3273 557/9085/3274 115/9086/3275
f 1755/9087/3276 1508/9088/3276 1532/9089/3276 1752/9090/3276
f 3140/9091/454 3115/9092/454 3211/9093/454 3139/9094/454
f 4109/9095/170 4111/9096/170 4110/9097/170 4102/9098/170
f 264/9099/3277 246/9100/3277 241/9101/3277 260/9102/3277
f 3124/9103/454 3204/9104/454 3059/9105/454 3123/9106/454
f 3137/9107/2818 3113/9108/2818 3189/9109/2818 3187/9110/2818
f 3070/9111/3278 3044/9112/3278 3109/9113/3278 3132/9114/3278
f 2541/9115/3279 2539/9116/3279 2540/9117/3279 2542/9118/3279
f 1930/9119/3280 1934/9120/3280 1933/9121/3280 1929/9122/3280
f 1997/9123/3281 1998/9124/3281 1996/9125/3281 1995/9126/3281
f 2430/9127/3282 2426/9128/3282 2425/9129/3282 2429/9130/3282
f 2977/9131/3283 2976/9132/3283 2970/9133/3283 2974/9134/3283
f 1915/9135/3284 1916/9136/3284 1912/9137/3284 1911/9138/3284
f 2463/9139/3285 2460/9140/3285 2461/9141/3285 2467/9142/3285
f 1880/9143/3286 1887/9144/3286 1888/9145/3286 1882/9146/3286
f 1925/9147/3286 1918/9148/3286 1917/9149/3286 1923/9150/3286
f 3009/9151/3287 3013/9152/3287 3012/9153/3287 3008/9154/3287
f 1890/9155/3288 1894/9156/3288 1891/9157/3288 1887/9158/3288
f 2449/9159/3288 2453/9160/3288 2452/9161/3288 2448/9162/3288
f 1886/9163/3289 1884/9164/3289 1883/9165/3289 1885/9166/3289
f 1896/9167/3282 1895/9168/3282 1899/9169/3282 1900/9170/3282
f 1902/9171/3289 1900/9172/3289 1899/9173/3289 1901/9174/3289
f 1919/9175/3290 1920/9176/3290 1924/9177/3290 1923/9178/3290
f 2448/9179/3285 2442/9180/3285 2446/9181/3285 2449/9182/3285
f 1903/9183/3291 1907/9184/3291 1908/9185/3291 1904/9186/3291
f 1906/9187/3285 1903/9188/3285 1896/9189/3285 1900/9190/3285
f 1896/9191/3286 1903/9192/3286 1904/9193/3286 1898/9194/3286
f 2975/9195/3292 2979/9196/3292 2982/9197/3292 2978/9198/3292
f 1905/9199/3293 1904/9200/3293 1908/9201/3293 1909/9202/3293
f 2438/9203/3293 2434/9204/3293 2431/9205/3293 2435/9206/3293
f 2433/9207/3288 2437/9208/3288 2436/9209/3288 2432/9210/3288
f 1890/9211/3284 1889/9212/3284 1893/9213/3284 1894/9214/3284
f 1921/9215/3294 1919/9216/3294 1916/9217/3294 1915/9218/3294
f 2424/9219/3295 2431/9220/3295 2434/9221/3295 2428/9222/3295
f 1918/9223/3291 1914/9224/3291 1913/9225/3291 1917/9226/3291
f 1880/9227/3285 1884/9228/3285 1890/9229/3285 1887/9230/3285
f 2463/9231/3282 2467/9232/3282 2468/9233/3282 2464/9234/3282
f 1919/9235/3289 1921/9236/3289 1922/9237/3289 1920/9238/3289
f 2424/9239/3290 2428/9240/3290 2427/9241/3290 2423/9242/3290
f 1895/9243/3296 1896/9244/3296 1898/9245/3296 1897/9246/3296
f 2512/9247/3279 2514/9248/3279 2513/9249/3279 2511/9250/3279
f 2973/9251/3297 2974/9252/3297 2970/9253/3297 2969/9254/3297
f 3021/9255/3298 3022/9256/3298 3018/9257/3298 3017/9258/3298
f 1969/9259/3299 1973/9260/3299 1974/9261/3299 1970/9262/3299
f 1930/9263/3300 1936/9264/3300 1937/9265/3300 1934/9266/3300
f 1953/9267/3301 1957/9268/3301 1958/9269/3301 1954/9270/3301
f 2990/9271/3302 2987/9272/3302 2993/9273/3302 2997/9274/3302
f 2563/9275/3303 2557/9276/3303 2558/9277/3303 2565/9278/3303
f 1971/9279/3304 1973/9280/3304 1966/9281/3304 1965/9282/3304
f 1966/9283/3305 1962/9284/3305 1961/9285/3305 1965/9286/3305
f 2782/9287/3306 2778/9288/3306 2775/9289/3306 2779/9290/3306
f 2556/9291/3307 2552/9292/3307 2553/9293/3307 2557/9294/3307
f 2992/9295/3279 2994/9296/3279 2993/9297/3279 2991/9298/3279
f 3003/9299/2890 3004/9300/2890 3006/9301/2890 3005/9302/2890
f 2992/9303/3297 2991/9304/3297 2995/9305/3297 2996/9306/3297
f 2481/9307/3283 2480/9308/3283 2474/9309/3283 2478/9310/3283
f 3011/9311/3308 3014/9312/3308 3010/9313/3308 3007/9314/3308
f 1996/9315/3309 2002/9316/3309 1999/9317/3309 1992/9318/3309
f 2995/9319/3310 2989/9320/3310 2990/9321/3310 2997/9322/3310
f 1930/9323/3304 1928/9324/3304 1935/9325/3304 1936/9326/3304
f 1951/9327/3305 1955/9328/3305 1956/9329/3305 1952/9330/3305
f 2014/9331/3311 2011/9332/3311 2007/9333/3311 2010/9334/3311
f 2977/9335/3307 2981/9336/3307 2980/9337/3307 2976/9338/3307
f 1964/9339/3312 1965/9340/3312 1961/9341/3312 1960/9342/3312
f 2497/9343/3307 2501/9344/3307 2500/9345/3307 2496/9346/3307
f 2505/9347/3313 2506/9348/3313 2510/9349/3313 2509/9350/3313
f 2993/9351/3314 2987/9352/3314 2988/9353/3314 2991/9354/3314
f 2538/9355/3310 2544/9356/3310 2543/9357/3310 2536/9358/3310
f 2975/9359/3315 2978/9360/3315 2972/9361/3315 2968/9362/3315
f 2983/9363/3316 2984/9364/3316 2988/9365/3316 2987/9366/3316
f 2543/9367/3315 2546/9368/3315 2540/9369/3315 2536/9370/3315
f 2471/9371/3317 2472/9372/3317 2476/9373/3317 2475/9374/3317
f 1927/9375/2914 1928/9376/2914 1930/9377/2914 1929/9378/2914
f 2518/9379/3317 2517/9380/3317 2513/9381/3317 2514/9382/3317
f 3019/9383/3318 3015/9384/3318 3016/9385/3318 3020/9386/3318
f 2521/9387/3319 2522/9388/3319 2520/9389/3319 2519/9390/3319
f 2569/9391/3320 2573/9392/3320 2574/9393/3320 2570/9394/3320
f 2418/9395/3321 2417/9396/3321 2421/9397/3321 2422/9398/3321
f 2571/9399/3322 2567/9400/3322 2568/9401/3322 2572/9402/3322
f 2597/9403/3323 2590/9404/3323 2587/9405/3323 2593/9406/3323
f 2034/9407/3324 2033/9408/3324 2037/9409/3324 2038/9410/3324
f 2568/9411/3323 2575/9412/3323 2578/9413/3323 2572/9414/3323
f 2421/9415/3325 2417/9416/3325 2411/9417/3325 2414/9418/3325
f 2589/9419/3326 2590/9420/3326 2597/9421/3326 2595/9422/3326
f 2578/9423/3327 2582/9424/3327 2581/9425/3327 2577/9426/3327
f 2255/9427/3328 2259/9428/3328 2260/9429/3328 2256/9430/3328
f 1986/9431/3329 1990/9432/3329 1987/9433/3329 1983/9434/3329
f 3005/9435/3330 3006/9436/3330 3002/9437/3330 3001/9438/3330
f 2560/9439/3297 2559/9440/3297 2563/9441/3297 2564/9442/3297
f 1994/9443/3331 2000/9444/3331 2001/9445/3331 1998/9446/3331
f 2486/9447/3316 2485/9448/3316 2481/9449/3316 2482/9450/3316
f 2508/9451/3283 2509/9452/3283 2515/9453/3283 2511/9454/3283
f 2017/9455/3332 2015/9456/3332 2012/9457/3332 2011/9458/3332
f 1969/9459/3332 1967/9460/3332 1964/9461/3332 1963/9462/3332
f 2001/9463/3301 2005/9464/3301 2006/9465/3301 2002/9466/3301
f 1935/9467/3311 1938/9468/3311 1942/9469/3311 1939/9470/3311
f 2545/9471/3333 2549/9472/3333 2548/9473/3333 2544/9474/3333
f 1951/9475/3311 1954/9476/3311 1958/9477/3311 1955/9478/3311
f 2238/9479/3334 2235/9480/3334 2231/9481/3334 2234/9482/3334
f 1937/9483/3301 1941/9484/3301 1942/9485/3301 1938/9486/3301
f 1994/9487/3304 1992/9488/3304 1999/9489/3304 2000/9490/3304
f 2432/9491/3286 2431/9492/3286 2424/9493/3286 2426/9494/3286
f 2495/9495/3315 2498/9496/3315 2492/9497/3315 2488/9498/3315
f 2436/9499/3291 2435/9500/3291 2431/9501/3291 2432/9502/3291
f 1946/9503/3300 1952/9504/3300 1953/9505/3300 1950/9506/3300
f 1932/9507/3299 1928/9508/3299 1927/9509/3299 1931/9510/3299
f 2468/9511/3296 2467/9512/3296 2469/9513/3296 2470/9514/3296
f 1994/9515/3280 1998/9516/3280 1997/9517/3280 1993/9518/3280
f 1968/9519/3281 1967/9520/3281 1969/9521/3281 1970/9522/3281
f 2962/9523/3335 2966/9524/3335 2965/9525/3335 2961/9526/3335
f 1977/9527/3336 1978/9528/3336 1982/9529/3336 1981/9530/3336
f 2030/9531/3337 2028/9532/3337 2027/9533/3337 2029/9534/3337
f 1979/9535/3338 1980/9536/3338 1976/9537/3338 1975/9538/3338
f 2415/9539/3339 2412/9540/3339 2411/9541/3339 2417/9542/3339
f 2032/9543/3340 2031/9544/3340 2035/9545/3340 2036/9546/3340
f 2047/9547/3341 2051/9548/3341 2045/9549/3341 2044/9550/3341
f 2965/9551/3342 2958/9552/3342 2955/9553/3342 2961/9554/3342
f 2030/9555/3343 2033/9556/3343 2034/9557/3343 2028/9558/3343
f 2411/9559/3344 2407/9560/3344 2410/9561/3344 2414/9562/3344
f 2957/9563/3345 2953/9564/3345 2954/9565/3345 2958/9566/3345
f 2034/9567/3329 2038/9568/3329 2035/9569/3329 2031/9570/3329
f 2584/9571/3346 2585/9572/3346 2589/9573/3346 2588/9574/3346
f 2032/9575/3347 2036/9576/3347 2037/9577/3347 2033/9578/3347
f 2587/9579/3327 2583/9580/3327 2584/9581/3327 2588/9582/3327
f 2578/9583/3348 2577/9584/3348 2574/9585/3348 2572/9586/3348
f 2528/9587/3326 2527/9588/3326 2520/9589/3326 2522/9590/3326
f 1976/9591/3349 1980/9592/3349 1986/9593/3349 1983/9594/3349
f 2630/9595/3350 2629/9596/3350 2625/9597/3350 2626/9598/3350
f 2024/9599/3349 2028/9600/3349 2034/9601/3349 2031/9602/3349
f 2838/9603/3351 2836/9604/3351 2835/9605/3351 2837/9606/3351
f 1976/9607/3352 1978/9608/3352 1977/9609/3352 1975/9610/3352
f 2594/9611/3322 2598/9612/3322 2597/9613/3322 2593/9614/3322
f 2596/9615/3319 2595/9616/3319 2597/9617/3319 2598/9618/3319
f 2167/9619/3353 2168/9620/3353 2170/9621/3353 2169/9622/3353
f 2058/9623/3354 2062/9624/3354 2061/9625/3354 2057/9626/3354
f 2192/9627/3355 2191/9628/3355 2193/9629/3355 2194/9630/3355
f 2172/9631/3356 2168/9632/3356 2167/9633/3356 2171/9634/3356
f 2623/9635/3357 2626/9636/3357 2620/9637/3357 2616/9638/3357
f 2225/9639/3358 2229/9640/3358 2230/9641/3358 2226/9642/3358
f 2156/9643/3359 2162/9644/3359 2159/9645/3359 2152/9646/3359
f 2124/9647/3360 2126/9648/3360 2129/9649/3360 2130/9650/3360
f 2076/9651/3360 2078/9652/3360 2081/9653/3360 2082/9654/3360
f 2129/9655/3361 2133/9656/3361 2134/9657/3361 2130/9658/3361
f 2686/9659/3362 2682/9660/3362 2679/9661/3362 2683/9662/3362
f 2673/9663/3363 2677/9664/3363 2676/9665/3363 2672/9666/3363
f 2071/9667/3364 2072/9668/3364 2074/9669/3364 2073/9670/3364
f 2647/9671/3365 2648/9672/3365 2652/9673/3365 2651/9674/3365
f 2103/9675/3364 2104/9676/3364 2106/9677/3364 2105/9678/3364
f 2074/9679/3354 2078/9680/3354 2077/9681/3354 2073/9682/3354
f 2195/9683/3366 2189/9684/3366 2188/9685/3366 2191/9686/3366
f 2079/9687/3367 2083/9688/3367 2084/9689/3367 2080/9690/3367
f 2636/9691/3368 2637/9692/3368 2643/9693/3368 2639/9694/3368
f 2700/9695/2911 2706/9696/2911 2705/9697/2911 2702/9698/2911
f 2193/9699/3369 2191/9700/3369 2188/9701/3369 2187/9702/3369
f 2063/9703/3367 2067/9704/3367 2068/9705/3367 2064/9706/3367
f 2209/9707/3370 2208/9708/3370 2212/9709/3370 2213/9710/3370
f 2092/9711/3371 2093/9712/3371 2089/9713/3371 2088/9714/3371
f 2175/9715/3334 2178/9716/3334 2182/9717/3334 2179/9718/3334
f 2636/9719/3363 2632/9720/3363 2633/9721/3363 2637/9722/3363
f 2631/9723/3350 2632/9724/3350 2636/9725/3350 2635/9726/3350
f 2787/9727/3372 2781/9728/3372 2782/9729/3372 2789/9730/3372
f 2714/9731/3372 2720/9732/3372 2719/9733/3372 2712/9734/3372
f 2751/9735/3373 2754/9736/3373 2748/9737/3373 2744/9738/3373
f 2614/9739/3350 2613/9740/3350 2609/9741/3350 2610/9742/3350
f 2769/9743/3374 2768/9744/3374 2762/9745/3374 2766/9746/3374
f 2241/9747/3356 2245/9748/3356 2246/9749/3356 2242/9750/3356
f 2096/9751/3375 2095/9752/3375 2097/9753/3375 2098/9754/3375
f 2669/9755/3376 2670/9756/3376 2666/9757/3376 2665/9758/3376
f 2061/9759/3375 2062/9760/3375 2060/9761/3375 2059/9762/3375
f 2646/9763/3377 2644/9764/3377 2643/9765/3377 2645/9766/3377
f 2145/9767/3378 2149/9768/3378 2150/9769/3378 2146/9770/3378
f 2151/9771/3379 2152/9772/3379 2154/9773/3379 2153/9774/3379
f 2653/9775/3376 2654/9776/3376 2650/9777/3376 2649/9778/3376
f 2780/9779/3374 2781/9780/3374 2787/9781/3374 2783/9782/3374
f 2612/9783/3380 2611/9784/3380 2607/9785/3380 2608/9786/3380
f 2607/9787/3357 2610/9788/3357 2604/9789/3357 2600/9790/3357
f 2156/9791/3369 2158/9792/3369 2161/9793/3369 2162/9794/3369
f 2097/9795/3360 2095/9796/3360 2092/9797/3360 2091/9798/3360
f 2081/9799/3361 2085/9800/3361 2086/9801/3361 2082/9802/3361
f 2190/9803/3334 2187/9804/3334 2183/9805/3334 2186/9806/3334
f 2623/9807/3362 2627/9808/3362 2630/9809/3362 2626/9810/3362
f 2711/9811/3381 2713/9812/3381 2714/9813/3381 2712/9814/3381
f 2156/9815/3356 2152/9816/3356 2151/9817/3356 2155/9818/3356
f 2125/9819/3375 2126/9820/3375 2124/9821/3375 2123/9822/3375
f 2154/9823/3382 2158/9824/3382 2157/9825/3382 2153/9826/3382
f 2076/9827/3383 2082/9828/3383 2079/9829/3383 2072/9830/3383
f 2679/9831/3350 2680/9832/3350 2684/9833/3350 2683/9834/3350
f 2106/9835/3384 2112/9836/3384 2113/9837/3384 2110/9838/3384
f 2122/9839/3385 2120/9840/3385 2127/9841/3385 2128/9842/3385
f 2618/9843/3386 2624/9844/3386 2623/9845/3386 2616/9846/3386
f 2175/9847/3387 2179/9848/3387 2180/9849/3387 2176/9850/3387
f 2223/9851/3334 2226/9852/3334 2230/9853/3334 2227/9854/3334
f 2657/9855/3363 2661/9856/3363 2660/9857/3363 2656/9858/3363
f 2531/9859/3388 2534/9860/3388 2530/9861/3388 2527/9862/3388
f 2111/9863/3389 2114/9864/3389 2118/9865/3389 2115/9866/3389
f 2209/9867/3358 2213/9868/3358 2214/9869/3358 2210/9870/3358
f 2641/9871/3390 2635/9872/3390 2636/9873/3390 2639/9874/3390
f 2643/9875/3386 2637/9876/3386 2638/9877/3386 2645/9878/3386
f 2218/9879/3366 2224/9880/3366 2225/9881/3366 2222/9882/3366
f 2724/9883/3391 2723/9884/3391 2719/9885/3391 2720/9886/3391
f 2241/9887/3359 2235/9888/3359 2238/9889/3359 2245/9890/3359
f 2124/9891/3378 2120/9892/3378 2119/9893/3378 2123/9894/3378
f 2173/9895/3355 2174/9896/3355 2172/9897/3355 2171/9898/3355
f 2170/9899/3382 2174/9900/3382 2173/9901/3382 2169/9902/3382
f 2621/9903/3392 2619/9904/3392 2620/9905/3392 2622/9906/3392
f 2144/9907/3375 2143/9908/3375 2145/9909/3375 2146/9910/3375
f 2688/9911/3376 2687/9912/3376 2691/9913/3376 2692/9914/3376
f 2973/9915/3279 2971/9916/3279 2972/9917/3279 2974/9918/3279
f 2605/9919/3376 2606/9920/3376 2602/9921/3376 2601/9922/3376
f 2145/9923/3383 2139/9924/3383 2142/9925/3383 2149/9926/3383
f 2127/9927/3367 2131/9928/3367 2132/9929/3367 2128/9930/3367
f 2058/9931/3384 2064/9932/3384 2065/9933/3384 2062/9934/3384
f 2220/9935/3393 2222/9936/3393 2225/9937/3393 2226/9938/3393
f 2074/9939/3385 2072/9940/3385 2079/9941/3385 2080/9942/3385
f 2207/9943/3387 2211/9944/3387 2212/9945/3387 2208/9946/3387
f 2751/9947/3306 2755/9948/3306 2758/9949/3306 2754/9950/3306
f 2113/9951/3371 2112/9952/3371 2116/9953/3371 2117/9954/3371
f 2102/9955/3364 2101/9956/3364 2099/9957/3364 2100/9958/3364
f 2521/9959/3320 2525/9960/3320 2526/9961/3320 2522/9962/3320
f 2743/9963/3394 2745/9964/3394 2746/9965/3394 2744/9966/3394
f 2243/9967/3382 2239/9968/3382 2240/9969/3382 2244/9970/3382
f 2220/9971/3395 2226/9972/3395 2223/9973/3395 2216/9974/3395
f 2177/9975/3358 2181/9976/3358 2182/9977/3358 2178/9978/3358
f 2721/9979/3374 2720/9980/3374 2714/9981/3374 2718/9982/3374
f 2170/9983/3396 2168/9984/3396 2175/9985/3396 2176/9986/3396
f 2243/9987/3396 2245/9988/3396 2238/9989/3396 2237/9990/3396
f 2681/9991/3380 2682/9992/3380 2686/9993/3380 2685/9994/3380
f 2769/9995/3397 2773/9996/3397 2772/9997/3397 2768/9998/3397
f 1984/9999/3347 1988/10000/3347 1989/10001/3347 1985/10002/3347
f 2236/10003/3370 2237/10004/3370 2233/10005/3370 2232/10006/3370
f 2607/10007/3362 2611/10008/3362 2614/10009/3362 2610/10010/3362
f 2758/10011/3398 2757/10012/3398 2753/10013/3398 2754/10014/3398
f 3007/10015/3399 3010/10016/3399 3004/10017/3399 3000/10018/3399
f 2785/10019/3400 2779/10020/3400 2780/10021/3400 2783/10022/3400
f 2782/10023/3373 2779/10024/3373 2785/10025/3373 2789/10026/3373
f 2777/10027/3391 2778/10028/3391 2782/10029/3391 2781/10030/3391
f 2124/10031/3383 2130/10032/3383 2127/10033/3383 2120/10034/3383
f 2749/10035/3401 2750/10036/3401 2746/10037/3401 2745/10038/3401
f 2109/10039/3375 2110/10040/3375 2108/10041/3375 2107/10042/3375
f 2663/10043/3365 2664/10044/3365 2668/10045/3365 2667/10046/3365
f 2157/10047/3355 2158/10048/3355 2156/10049/3355 2155/10050/3355
f 2246/10051/3353 2245/10052/3353 2243/10053/3353 2244/10054/3353
f 2204/10055/3356 2200/10056/3356 2199/10057/3356 2203/10058/3356
f 2205/10059/3355 2206/10060/3355 2204/10061/3355 2203/10062/3355
f 2202/10063/3382 2206/10064/3382 2205/10065/3382 2201/10066/3382
f 2147/10067/3384 2141/10068/3384 2140/10069/3384 2143/10070/3384
f 2190/10071/3387 2186/10072/3387 2185/10073/3387 2189/10074/3387
f 2767/10075/3373 2770/10076/3373 2764/10077/3373 2760/10078/3373
f 2602/10079/3386 2608/10080/3386 2607/10081/3386 2600/10082/3386
f 2195/10083/3396 2197/10084/3396 2190/10085/3396 2189/10086/3396
f 2710/10087/3398 2709/10088/3398 2705/10089/3398 2706/10090/3398
f 2734/10091/3306 2730/10092/3306 2727/10093/3306 2731/10094/3306
f 2127/10095/3389 2130/10096/3389 2134/10097/3389 2131/10098/3389
f 2701/10099/3402 2699/10100/3402 2700/10101/3402 2702/10102/3402
f 2599/10103/3365 2600/10104/3365 2604/10105/3365 2603/10106/3365
f 2790/10107/3394 2788/10108/3394 2787/10109/3394 2789/10110/3394
f 2060/10111/3378 2056/10112/3378 2055/10113/3378 2059/10114/3378
f 2108/10115/3383 2114/10116/3383 2111/10117/3383 2104/10118/3383
f 2111/10119/3367 2115/10120/3367 2116/10121/3367 2112/10122/3367
f 2796/10123/3403 2802/10124/3403 2801/10125/3403 2798/10126/3403
f 2689/10127/3390 2683/10128/3390 2684/10129/3390 2687/10130/3390
f 2746/10131/3372 2752/10132/3372 2751/10133/3372 2744/10134/3372
f 2676/10135/3380 2675/10136/3380 2671/10137/3380 2672/10138/3380
f 2129/10139/3371 2128/10140/3371 2132/10141/3371 2133/10142/3371
f 2225/10143/3370 2224/10144/3370 2228/10145/3370 2229/10146/3370
f 2721/10147/3397 2725/10148/3397 2724/10149/3397 2720/10150/3397
f 2161/10151/3370 2160/10152/3370 2164/10153/3370 2165/10154/3370
f 2729/10155/3391 2730/10156/3391 2734/10157/3391 2733/10158/3391
f 2698/10159/3372 2704/10160/3372 2703/10161/3372 2696/10162/3372
f 2202/10163/3396 2200/10164/3396 2207/10165/3396 2208/10166/3396
f 2099/10167/3384 2093/10168/3384 2092/10169/3384 2095/10170/3384
f 2662/10171/3350 2661/10172/3350 2657/10173/3350 2658/10174/3350
f 2703/10175/3373 2706/10176/3373 2700/10177/3373 2696/10178/3373
f 2220/10179/3356 2216/10180/3356 2215/10181/3356 2219/10182/3356
f 2215/10183/3353 2216/10184/3353 2218/10185/3353 2217/10186/3353
f 2711/10187/3404 2712/10188/3404 2716/10189/3404 2715/10190/3404
f 2759/10191/3394 2761/10192/3394 2762/10193/3394 2760/10194/3394
f 2263/10195/3405 2264/10196/3405 2266/10197/3405 2265/10198/3405
f 2832/10199/3406 2831/10200/3406 2835/10201/3406 2836/10202/3406
f 2322/10203/3407 2321/10204/3407 2325/10205/3407 2326/10206/3407
f 1524/10207/3408 1586/10208/3408 1587/10209/3408 1525/10210/3408
f 2815/10211/3409 2818/10212/3409 2812/10213/3409 2808/10214/3409
f 2828/10215/3410 2829/10216/3410 2835/10217/3410 2831/10218/3410
f 2268/10219/3411 2270/10220/3411 2273/10221/3411 2274/10222/3411
f 2955/10223/3412 2951/10224/3412 2952/10225/3412 2956/10226/3412
f 2815/10227/3413 2819/10228/3413 2822/10229/3413 2818/10230/3413
f 2284/10231/3414 2285/10232/3414 2281/10233/3414 2280/10234/3414
f 2797/10235/3415 2795/10236/3415 2796/10237/3415 2798/10238/3415
f 2290/10239/3416 2289/10240/3416 2293/10241/3416 2294/10242/3416
f 2267/10243/3416 2268/10244/3416 2264/10245/3416 2263/10246/3416
f 2801/10247/3410 2800/10248/3410 2794/10249/3410 2798/10250/3410
f 2284/10251/2891 2280/10252/2891 2279/10253/2891 2283/10254/2891
f 2291/10255/3417 2285/10256/3417 2284/10257/3417 2287/10258/3417
f 2289/10259/3411 2287/10260/3411 2284/10261/3411 2283/10262/3411
f 2266/10263/3418 2264/10264/3418 2271/10265/3418 2272/10266/3418
f 2856/10267/3419 2857/10268/3419 2861/10269/3419 2860/10270/3419
f 2528/10271/3420 2532/10272/3420 2531/10273/3420 2527/10274/3420
f 2273/10275/3414 2272/10276/3414 2276/10277/3414 2277/10278/3414
f 2830/10279/3413 2826/10280/3413 2823/10281/3413 2827/10282/3413
f 2255/10283/3421 2258/10284/3421 2262/10285/3421 2259/10286/3421
f 2271/10287/3328 2275/10288/3328 2276/10289/3328 2272/10290/3328
f 2250/10291/3418 2248/10292/3418 2255/10293/3418 2256/10294/3418
f 3008/10295/3422 3007/10296/3422 3000/10297/3422 3002/10298/3422
f 2415/10299/3423 2419/10300/3423 2413/10301/3423 2412/10302/3423
f 2806/10303/3424 2805/10304/3424 2801/10305/3424 2802/10306/3424
f 2252/10307/3425 2258/10308/3425 2255/10309/3425 2248/10310/3425
f 2795/10311/3426 2791/10312/3426 2792/10313/3426 2796/10314/3426
f 2868/10315/3427 2864/10316/3427 2863/10317/3427 2867/10318/3427
f 2834/10319/3426 2838/10320/3426 2837/10321/3426 2833/10322/3426
f 2247/10323/3428 2248/10324/3428 2250/10325/3428 2249/10326/3428
f 2841/10327/3102 2842/10328/3102 2840/10329/3102 2839/10330/3102
f 2297/10331/3429 2298/10332/3429 2302/10333/3429 2301/10334/3429
f 2302/10335/3430 2298/10336/3430 2304/10337/3430 2305/10338/3430
f 2304/10339/3431 2303/10340/3431 2307/10341/3431 2308/10342/3431
f 2846/10343/3432 2849/10344/3432 2848/10345/3432 2842/10346/3432
f 2328/10347/3433 2335/10348/3433 2336/10349/3433 2330/10350/3433
f 2336/10351/3431 2335/10352/3431 2339/10353/3431 2340/10354/3431
f 2304/10355/3434 2308/10356/3434 2309/10357/3434 2305/10358/3434
f 2336/10359/3434 2340/10360/3434 2341/10361/3434 2337/10362/3434
f 2858/10363/3435 2855/10364/3435 2859/10365/3435 2862/10366/3435
f 23/10367/3436 34/10368/3436 47/10369/3436 24/10370/3436
f 2859/10371/3437 2855/10372/3437 2856/10373/3437 2860/10374/3437
f 2830/10375/3409 2827/10376/3409 2833/10377/3409 2837/10378/3409
f 2325/10379/3438 2318/10380/3438 2317/10381/3438 2323/10382/3438
f 2325/10383/3439 2321/10384/3439 2315/10385/3439 2318/10386/3439
f 2801/10387/3440 2805/10388/3440 2804/10389/3440 2800/10390/3440
f 2291/10391/3418 2293/10392/3418 2286/10393/3418 2285/10394/3418
f 2288/10395/3441 2287/10396/3441 2289/10397/3441 2290/10398/3441
f 2250/10399/3442 2254/10400/3442 2253/10401/3442 2249/10402/3442
f 2866/10403/3443 2865/10404/3443 2863/10405/3443 2864/10406/3443
f 2843/10407/3444 2844/10408/3444 2846/10409/3444 2845/10410/3444
f 2331/10411/3445 2332/10412/3445 2328/10413/3445 2327/10414/3445
f 2875/10415/3444 2876/10416/3444 2878/10417/3444 2877/10418/3444
f 211/10419/3446 205/10420/3446 206/10421/3446 212/10422/3446
f 2878/10423/3447 2881/10424/3447 2880/10425/3447 2874/10426/3447
f 2328/10427/3448 2332/10428/3448 2338/10429/3448 2335/10430/3448
f 2296/10431/3433 2303/10432/3433 2304/10433/3433 2298/10434/3433
f 2880/10435/3449 2879/10436/3449 2872/10437/3449 2874/10438/3449
f 2338/10439/3170 2337/10440/3170 2341/10441/3170 2342/10442/3170
f 2306/10443/3450 2310/10444/3450 2307/10445/3450 2303/10446/3450
f 2906/10447/3451 2903/10448/3451 2907/10449/3451 2910/10450/3451
f 2349/10451/3076 2345/10452/3076 2344/10453/3076 2348/10454/3076
f 2891/10455/3452 2887/10456/3452 2888/10457/3452 2892/10458/3452
f 2907/10459/3453 2908/10460/3453 2911/10461/3453 2913/10462/3453
f 190/10463/3454 189/10464/3454 176/10465/3454 177/10466/3454
f 2363/10467/2989 2364/10468/2989 2360/10469/2989 2359/10470/2989
f 2911/10471/3455 2908/10472/3455 2909/10473/3455 2915/10474/3455
f 2898/10475/3456 2902/10476/3456 2901/10477/3456 2897/10478/3456
f 2367/10479/3457 2369/10480/3457 2370/10481/3457 2368/10482/3457
f 2888/10483/3234 2889/10484/3234 2893/10485/3234 2892/10486/3234
f 2890/10487/3451 2887/10488/3451 2891/10489/3451 2894/10490/3451
f 2907/10491/3452 2903/10492/3452 2904/10493/3452 2908/10494/3452
f 3810/10495/3458 3809/10496/3458 3807/10497/3458 3808/10498/3458
f 2891/10499/3453 2892/10500/3453 2895/10501/3453 2897/10502/3453
f 2895/10503/3455 2892/10504/3455 2893/10505/3455 2899/10506/3455
f 2909/10507/3459 2905/10508/3459 2906/10509/3459 2910/10510/3459
f 2900/10511/3460 2899/10512/3460 2901/10513/3460 2902/10514/3460
f 2372/10515/3461 2371/10516/3461 2367/10517/3461 2368/10518/3461
f 1534/10519/3462 1507/10520/3462 1568/10521/3462 1598/10522/3462
f 2920/10523/3463 2921/10524/3463 2925/10525/3463 2924/10526/3463
f 2383/10527/3464 2380/10528/3464 2379/10529/3464 2385/10530/3464
f 50/10531/2471 106/10532/3465 551/10533/3466 49/10534/2471
f 2389/10535/3467 2385/10536/3467 2379/10537/3467 2382/10538/3467
f 2381/10539/3468 2382/10540/3468 2378/10541/3468 2377/10542/3468
f 2946/10543/3469 2950/10544/3469 2949/10545/3469 2945/10546/3469
f 2386/10547/3470 2385/10548/3470 2389/10549/3470 2390/10550/3470
f 2383/10551/3471 2385/10552/3471 2386/10553/3471 2384/10554/3471
f 495/10555/3472 493/10556/3473 412/10557/3474 475/10558/3472
f 1/10559/3475 8/10560/3475 38/10561/3475 36/10562/3475
f 2357/10563/3476 2355/10564/3476 2356/10565/3476 2358/10566/3476
f 1984/10567/3477 1983/10568/3477 1987/10569/3477 1988/10570/3477
f 2954/10571/3478 2951/10572/3478 2955/10573/3478 2958/10574/3478
f 2413/10575/3479 2414/10576/3479 2410/10577/3479 2409/10578/3479
f 2319/10579/3480 2323/10580/3480 2317/10581/3480 2316/10582/3480
f 2421/10583/3481 2414/10584/3481 2413/10585/3481 2419/10586/3481
f 2047/10587/3343 2044/10588/3343 2043/10589/3343 2049/10590/3343
f 2586/10591/3388 2583/10592/3388 2587/10593/3388 2590/10594/3388
f 2663/10595/3377 2665/10596/3377 2666/10597/3377 2664/10598/3377
f 2421/10599/3482 2419/10600/3482 2420/10601/3482 2422/10602/3482
f 2964/10603/3483 2960/10604/3483 2959/10605/3483 2963/10606/3483
f 2050/10607/3338 2049/10608/3338 2053/10609/3338 2054/10610/3338
f 2518/10611/3139 2516/10612/3139 2515/10613/3139 2517/10614/3139
f 2566/10615/3317 2565/10616/3317 2561/10617/3317 2562/10618/3317
f 2560/10619/3279 2562/10620/3279 2561/10621/3279 2559/10622/3279
f 1882/10623/3290 1886/10624/3290 1885/10625/3290 1881/10626/3290
f 1921/10627/3285 1915/10628/3285 1918/10629/3285 1925/10630/3285
f 2434/10631/3484 2438/10632/3484 2437/10633/3484 2433/10634/3484
f 2558/10635/3315 2555/10636/3315 2561/10637/3315 2565/10638/3315
f 1884/10639/3294 1886/10640/3294 1889/10641/3294 1890/10642/3294
f 2444/10643/3294 2450/10644/3294 2449/10645/3294 2446/10646/3294
f 1906/10647/3284 1905/10648/3284 1909/10649/3284 1910/10650/3284
f 1906/10651/3288 1910/10652/3288 1907/10653/3288 1903/10654/3288
f 1892/10655/3293 1893/10656/3293 1889/10657/3293 1888/10658/3293
f 2429/10659/3289 2427/10660/3289 2428/10661/3289 2430/10662/3289
f 1925/10663/3282 1926/10664/3282 1922/10665/3282 1921/10666/3282
f 2425/10667/3296 2426/10668/3296 2424/10669/3296 2423/10670/3296
f 2446/10671/3282 2442/10672/3282 2441/10673/3282 2445/10674/3282
f 2462/10675/3485 2459/10676/3485 2465/10677/3485 2469/10678/3485
f 2457/10679/3486 2458/10680/3486 2462/10681/3486 2461/10682/3486
f 1882/10683/3485 1888/10684/3485 1889/10685/3485 1886/10686/3485
f 1900/10687/3294 1902/10688/3294 1905/10689/3294 1906/10690/3294
f 2448/10691/3286 2447/10692/3286 2440/10693/3286 2442/10694/3286
f 2459/10695/3484 2455/10696/3484 2456/10697/3484 2460/10698/3484
f 2543/10699/3292 2547/10700/3292 2550/10701/3292 2546/10702/3292
f 2451/10703/3293 2454/10704/3293 2450/10705/3293 2447/10706/3293
f 1916/10707/3293 1917/10708/3293 1913/10709/3293 1912/10710/3293
f 2458/10711/3293 2455/10712/3293 2459/10713/3293 2462/10714/3293
f 1887/10715/3291 1891/10716/3291 1892/10717/3291 1888/10718/3291
f 2461/10719/3286 2462/10720/3286 2469/10721/3286 2467/10722/3286
f 2465/10723/3294 2459/10724/3294 2460/10725/3294 2463/10726/3294
f 2433/10727/3285 2432/10728/3285 2426/10729/3285 2430/10730/3285
f 2450/10731/3484 2454/10732/3484 2453/10733/3484 2449/10734/3484
f 1919/10735/3295 1923/10736/3295 1917/10737/3295 1916/10738/3295
f 2469/10739/3290 2465/10740/3290 2466/10741/3290 2470/10742/3290
f 2464/10743/3289 2466/10744/3289 2465/10745/3289 2463/10746/3289
f 1880/10747/3282 1879/10748/3282 1883/10749/3282 1884/10750/3282
f 2445/10751/3289 2443/10752/3289 2444/10753/3289 2446/10754/3289
f 1949/10755/3281 1950/10756/3281 1948/10757/3281 1947/10758/3281
f 2493/10759/3297 2494/10760/3297 2490/10761/3297 2489/10762/3297
f 2441/10763/3296 2442/10764/3296 2440/10765/3296 2439/10766/3296
f 2535/10767/3317 2536/10768/3317 2540/10769/3317 2539/10770/3317
f 2510/10771/3302 2507/10772/3302 2513/10773/3302 2517/10774/3302
f 1964/10775/3301 1960/10776/3301 1959/10777/3301 1963/10778/3301
f 2753/10779/3374 2752/10780/3374 2746/10781/3374 2750/10782/3374
f 2476/10783/3314 2482/10784/3314 2481/10785/3314 2478/10786/3314
f 2970/10787/3310 2976/10788/3310 2975/10789/3310 2968/10790/3310
f 2500/10791/3313 2499/10792/3313 2495/10793/3313 2496/10794/3313
f 2988/10795/3307 2984/10796/3307 2985/10797/3307 2989/10798/3307
f 1937/10799/3312 1936/10800/3312 1940/10801/3312 1941/10802/3312
f 2967/10803/3139 2969/10804/3139 2970/10805/3139 2968/10806/3139
f 1971/10807/3280 1967/10808/3280 1968/10809/3280 1972/10810/3280
f 2566/10811/3139 2564/10812/3139 2563/10813/3139 2565/10814/3139
f 1946/10815/3280 1950/10816/3280 1949/10817/3280 1945/10818/3280
f 2988/10819/3283 2989/10820/3283 2995/10821/3283 2991/10822/3283
f 1999/10823/3305 2003/10824/3305 2004/10825/3305 2000/10826/3305
f 1971/10827/3331 1965/10828/3331 1964/10829/3331 1967/10830/3331
f 2492/10831/3314 2498/10832/3314 2497/10833/3314 2494/10834/3314
f 1948/10835/3332 1950/10836/3332 1953/10837/3332 1954/10838/3332
f 2548/10839/3313 2547/10840/3313 2543/10841/3313 2544/10842/3313
f 2558/10843/3292 2554/10844/3292 2551/10845/3292 2555/10846/3292
f 1999/10847/3311 2002/10848/3311 2006/10849/3311 2003/10850/3311
f 2510/10851/3292 2506/10852/3292 2503/10853/3292 2507/10854/3292
f 1966/10855/3311 1963/10856/3311 1959/10857/3311 1962/10858/3311
f 2012/10859/3301 2008/10860/3301 2007/10861/3301 2011/10862/3301
f 2515/10863/3310 2509/10864/3310 2510/10865/3310 2517/10866/3310
f 1996/10867/3332 1998/10868/3332 2001/10869/3332 2002/10870/3332
f 2556/10871/3283 2557/10872/3283 2563/10873/3283 2559/10874/3283
f 1935/10875/3305 1939/10876/3305 1940/10877/3305 1936/10878/3305
f 2545/10879/3283 2544/10880/3283 2538/10881/3283 2542/10882/3283
f 2541/10883/3297 2542/10884/3297 2538/10885/3297 2537/10886/3297
f 2471/10887/3139 2473/10888/3139 2474/10889/3139 2472/10890/3139
f 2512/10891/3297 2511/10892/3297 2515/10893/3297 2516/10894/3297
f 1926/10895/3296 1925/10896/3296 1923/10897/3296 1924/10898/3296
f 2420/10899/3487 2419/10900/3487 2415/10901/3487 2416/10902/3487
f 2523/10903/3322 2519/10904/3322 2520/10905/3322 2524/10906/3322
f 2569/10907/3319 2570/10908/3319 2568/10909/3319 2567/10910/3319
f 2027/10911/3338 2028/10912/3338 2024/10913/3338 2023/10914/3338
f 2520/10915/3323 2527/10916/3323 2530/10917/3323 2524/10918/3323
f 1986/10919/3488 1985/10920/3488 1989/10921/3488 1990/10922/3488
f 2955/10923/3489 2956/10924/3489 2959/10925/3489 2961/10926/3489
f 2024/10927/3490 2031/10928/3490 2032/10929/3490 2026/10930/3490
f 2576/10931/3326 2575/10932/3326 2568/10933/3326 2570/10934/3326
f 2952/10935/3491 2953/10936/3491 2957/10937/3491 2956/10938/3491
f 2045/10939/3347 2041/10940/3347 2040/10941/3347 2044/10942/3347
f 2411/10943/3492 2412/10944/3492 2408/10945/3492 2407/10946/3492
f 2016/10947/3281 2015/10948/3281 2017/10949/3281 2018/10950/3281
f 1948/10951/3299 1944/10952/3299 1943/10953/3299 1947/10954/3299
f 1996/10955/3299 1992/10956/3299 1991/10957/3299 1995/10958/3299
f 2202/10959/3366 2208/10960/3366 2209/10961/3366 2206/10962/3366
f 2980/10963/3313 2979/10964/3313 2975/10965/3313 2976/10966/3313
f 2019/10967/3300 2013/10968/3300 2012/10969/3300 2015/10970/3300
f 2540/10971/3314 2546/10972/3314 2545/10973/3314 2542/10974/3314
f 2513/10975/3314 2507/10976/3314 2508/10977/3314 2511/10978/3314
f 2551/10979/3316 2552/10980/3316 2556/10981/3316 2555/10982/3316
f 2495/10983/3292 2499/10984/3292 2502/10985/3292 2498/10986/3292
f 2508/10987/3307 2504/10988/3307 2505/10989/3307 2509/10990/3307
f 2012/10991/3312 2013/10992/3312 2009/10993/3312 2008/10994/3312
f 2479/10995/3292 2483/10996/3292 2486/10997/3292 2482/10998/3292
f 2553/10999/3313 2554/11000/3313 2558/11001/3313 2557/11002/3313
f 1946/11003/3304 1944/11004/3304 1951/11005/3304 1952/11006/3304
f 2428/11007/3294 2434/11008/3294 2433/11009/3294 2430/11010/3294
f 1948/11011/3309 1954/11012/3309 1951/11013/3309 1944/11014/3309
f 2452/11015/3291 2451/11016/3291 2447/11017/3291 2448/11018/3291
f 1932/11019/3309 1938/11020/3309 1935/11021/3309 1928/11022/3309
f 2477/11023/3297 2478/11024/3297 2474/11025/3297 2473/11026/3297
f 2998/11027/3139 2996/11028/3139 2995/11029/3139 2997/11030/3139
f 2487/11031/3317 2488/11032/3317 2492/11033/3317 2491/11034/3317
f 2022/11035/2914 2021/11036/2914 2019/11037/2914 2020/11038/2914
f 2053/11039/3352 2051/11040/3352 2052/11041/3352 2054/11042/3352
f 2052/11043/3336 2051/11044/3336 2047/11045/3336 2048/11046/3336
f 1982/11047/3337 1980/11048/3337 1979/11049/3337 1981/11050/3337
f 2415/11051/3493 2417/11052/3493 2418/11053/3493 2416/11054/3493
f 2526/11055/3494 2529/11056/3494 2528/11057/3494 2522/11058/3494
f 2589/11059/3420 2585/11060/3420 2586/11061/3420 2590/11062/3420
f 2591/11063/3494 2588/11064/3494 2589/11065/3494 2595/11066/3494
f 1982/11067/3343 1985/11068/3343 1986/11069/3343 1980/11070/3343
f 2053/11071/3490 2046/11072/3490 2045/11073/3490 2051/11074/3490
f 2413/11075/3495 2409/11076/3495 2408/11077/3495 2412/11078/3495
f 2825/11079/3496 2826/11080/3496 2830/11081/3496 2829/11082/3496
f 2579/11083/3388 2582/11084/3388 2578/11085/3388 2575/11086/3388
f 2533/11087/3346 2532/11088/3346 2528/11089/3346 2529/11090/3346
f 2581/11091/3346 2580/11092/3346 2576/11093/3346 2577/11094/3346
f 2045/11095/3477 2046/11096/3477 2042/11097/3477 2041/11098/3477
f 2530/11099/3348 2529/11100/3348 2526/11101/3348 2524/11102/3348
f 1976/11103/3490 1983/11104/3490 1984/11105/3490 1978/11106/3490
f 1982/11107/3341 1978/11108/3341 1984/11109/3341 1985/11110/3341
f 2043/11111/3324 2044/11112/3324 2040/11113/3324 2039/11114/3324
f 2053/11115/3349 2049/11116/3349 2043/11117/3349 2046/11118/3349
f 2596/11119/3320 2592/11120/3320 2591/11121/3320 2595/11122/3320
f 2523/11123/3230 2524/11124/3230 2526/11125/3230 2525/11126/3230
f 2962/11127/3497 2961/11128/3497 2959/11129/3497 2960/11130/3497
f 2571/11131/3230 2572/11132/3230 2574/11133/3230 2573/11134/3230
f 2694/11135/3377 2692/11136/3377 2691/11137/3377 2693/11138/3377
f 2108/11139/3378 2104/11140/3378 2103/11141/3378 2107/11142/3378
f 2695/11143/3394 2697/11144/3394 2698/11145/3394 2696/11146/3394
f 2076/11147/3378 2072/11148/3378 2071/11149/3378 2075/11150/3378
f 2673/11151/3368 2672/11152/3368 2666/11153/3368 2670/11154/3368
f 2628/11155/3380 2627/11156/3380 2623/11157/3380 2624/11158/3380
f 2060/11159/3383 2066/11160/3383 2063/11161/3383 2056/11162/3383
f 2716/11163/2911 2722/11164/2911 2721/11165/2911 2718/11166/2911
f 2147/11167/3385 2149/11168/3385 2142/11169/3385 2141/11170/3385
f 2140/11171/3361 2136/11172/3361 2135/11173/3361 2139/11174/3361
f 2705/11175/3397 2709/11176/3397 2708/11177/3397 2704/11178/3397
f 2065/11179/3371 2064/11180/3371 2068/11181/3371 2069/11182/3371
f 2688/11183/3392 2690/11184/3392 2689/11185/3392 2687/11186/3392
f 2717/11187/3401 2718/11188/3401 2714/11189/3401 2713/11190/3401
f 2647/11191/3377 2649/11192/3377 2650/11193/3377 2648/11194/3377
f 2621/11195/3376 2622/11196/3376 2618/11197/3376 2617/11198/3376
f 2172/11199/3359 2178/11200/3359 2175/11201/3359 2168/11202/3359
f 2775/11203/3398 2776/11204/3398 2780/11205/3398 2779/11206/3398
f 2638/11207/3357 2635/11208/3357 2641/11209/3357 2645/11210/3357
f 2204/11211/3369 2206/11212/3369 2209/11213/3369 2210/11214/3369
f 2737/11215/3400 2731/11216/3400 2732/11217/3400 2735/11218/3400
f 2774/11219/3398 2773/11220/3398 2769/11221/3398 2770/11222/3398
f 2609/11223/3363 2613/11224/3363 2612/11225/3363 2608/11226/3363
f 2625/11227/3363 2629/11228/3363 2628/11229/3363 2624/11230/3363
f 2081/11231/3371 2080/11232/3371 2084/11233/3371 2085/11234/3371
f 2671/11235/3362 2675/11236/3362 2678/11237/3362 2674/11238/3362
f 2065/11239/3361 2069/11240/3361 2070/11241/3361 2066/11242/3361
f 2108/11243/3360 2110/11244/3360 2113/11245/3360 2114/11246/3360
f 2691/11247/3386 2685/11248/3386 2686/11249/3386 2693/11250/3386
f 2686/11251/3357 2683/11252/3357 2689/11253/3357 2693/11254/3357
f 2113/11255/3361 2117/11256/3361 2118/11257/3361 2114/11258/3361
f 2657/11259/3368 2656/11260/3368 2650/11261/3368 2654/11262/3368
f 2640/11263/3376 2639/11264/3376 2643/11265/3376 2644/11266/3376
f 2605/11267/3392 2603/11268/3392 2604/11269/3392 2606/11270/3392
f 2695/11271/3404 2696/11272/3404 2700/11273/3404 2699/11274/3404
f 2640/11275/3392 2642/11276/3392 2641/11277/3392 2639/11278/3392
f 2599/11279/3377 2601/11280/3377 2602/11281/3377 2600/11282/3377
f 2694/11283/3365 2693/11284/3365 2689/11285/3365 2690/11286/3365
f 2119/11287/3364 2120/11288/3364 2122/11289/3364 2121/11290/3364
f 2147/11291/3354 2143/11292/3354 2144/11293/3354 2148/11294/3354
f 2252/11295/3411 2254/11296/3411 2257/11297/3411 2258/11298/3411
f 2094/11299/3367 2090/11300/3367 2089/11301/3367 2093/11302/3367
f 2243/11303/3366 2237/11304/3366 2236/11305/3366 2239/11306/3366
f 2058/11307/3385 2056/11308/3385 2063/11309/3385 2064/11310/3385
f 2145/11311/3360 2143/11312/3360 2140/11313/3360 2139/11314/3360
f 2092/11315/3361 2088/11316/3361 2087/11317/3361 2091/11318/3361
f 2094/11319/3389 2091/11320/3389 2087/11321/3389 2090/11322/3389
f 2638/11323/3362 2634/11324/3362 2631/11325/3362 2635/11326/3362
f 2150/11327/3364 2149/11328/3364 2147/11329/3364 2148/11330/3364
f 2759/11331/3404 2760/11332/3404 2764/11333/3404 2763/11334/3404
f 2077/11335/3375 2078/11336/3375 2076/11337/3375 2075/11338/3375
f 2193/11339/3356 2197/11340/3356 2198/11341/3356 2194/11342/3356
f 2154/11343/3366 2160/11344/3366 2161/11345/3366 2158/11346/3366
f 2678/11347/3350 2677/11348/3350 2673/11349/3350 2674/11350/3350
f 2705/11351/3374 2704/11352/3374 2698/11353/3374 2702/11354/3374
f 2060/11355/3360 2062/11356/3360 2065/11357/3360 2066/11358/3360
f 2666/11359/3386 2672/11360/3386 2671/11361/3386 2664/11362/3386
f 2161/11363/3358 2165/11364/3358 2166/11365/3358 2162/11366/3358
f 2188/11367/3370 2189/11368/3370 2185/11369/3370 2184/11370/3370
f 2655/11371/3362 2659/11372/3362 2662/11373/3362 2658/11374/3362
f 2684/11375/3363 2680/11376/3363 2681/11377/3363 2685/11378/3363
f 2079/11379/3389 2082/11380/3389 2086/11381/3389 2083/11382/3389
f 2238/11383/3387 2234/11384/3387 2233/11385/3387 2237/11386/3387
f 2106/11387/3385 2104/11388/3385 2111/11389/3385 2112/11390/3385
f 2099/11391/3385 2101/11392/3385 2094/11393/3385 2093/11394/3385
f 2719/11395/3373 2722/11396/3373 2716/11397/3373 2712/11398/3373
f 2726/11399/3398 2725/11400/3398 2721/11401/3398 2722/11402/3398
f 2684/11403/3368 2685/11404/3368 2691/11405/3368 2687/11406/3368
f 2099/11407/3354 2095/11408/3354 2096/11409/3354 2100/11410/3354
f 2717/11411/3402 2715/11412/3402 2716/11413/3402 2718/11414/3402
f 2701/11415/3401 2702/11416/3401 2698/11417/3401 2697/11418/3401
f 2055/11419/3364 2056/11420/3364 2058/11421/3364 2057/11422/3364
f 2736/11423/3402 2738/11424/3402 2737/11425/3402 2735/11426/3402
f 2097/11427/3378 2101/11428/3378 2102/11429/3378 2098/11430/3378
f 153/11431/3498 191/11432/3498 192/11433/3498 150/11434/3498
f 2106/11435/3354 2110/11436/3354 2109/11437/3354 2105/11438/3354
f 2122/11439/3384 2128/11440/3384 2129/11441/3384 2126/11442/3384
f 2142/11443/3367 2138/11444/3367 2137/11445/3367 2141/11446/3367
f 2074/11447/3384 2080/11448/3384 2081/11449/3384 2078/11450/3384
f 2748/11451/3400 2754/11452/3400 2753/11453/3400 2750/11454/3400
f 2154/11455/3396 2152/11456/3396 2159/11457/3396 2160/11458/3396
f 2223/11459/3387 2227/11460/3387 2228/11461/3387 2224/11462/3387
f 2703/11463/3306 2707/11464/3306 2710/11465/3306 2706/11466/3306
f 2063/11467/3389 2066/11468/3389 2070/11469/3389 2067/11470/3389
f 2669/11471/3392 2667/11472/3392 2668/11473/3392 2670/11474/3392
f 2025/11475/3336 2026/11476/3336 2030/11477/3336 2029/11478/3336
f 2765/11479/3402 2763/11480/3402 2764/11481/3402 2766/11482/3402
f 2765/11483/3401 2766/11484/3401 2762/11485/3401 2761/11486/3401
f 2170/11487/3366 2176/11488/3366 2177/11489/3366 2174/11490/3366
f 2159/11491/3387 2163/11492/3387 2164/11493/3387 2160/11494/3387
f 2097/11495/3383 2091/11496/3383 2094/11497/3383 2101/11498/3383
f 2172/11499/3369 2174/11500/3369 2177/11501/3369 2178/11502/3369
f 2604/11503/3390 2610/11504/3390 2609/11505/3390 2606/11506/3390
f 2772/11507/3391 2771/11508/3391 2767/11509/3391 2768/11510/3391
f 2753/11511/3397 2757/11512/3397 2756/11513/3397 2752/11514/3397
f 2732/11515/3397 2728/11516/3397 2729/11517/3397 2733/11518/3397
f 2780/11519/3397 2776/11520/3397 2777/11521/3397 2781/11522/3397
f 2719/11523/3306 2723/11524/3306 2726/11525/3306 2722/11526/3306
f 2727/11527/3398 2728/11528/3398 2732/11529/3398 2731/11530/3398
f 3006/11531/3499 3009/11532/3499 3008/11533/3499 3002/11534/3499
f 2762/11535/3372 2768/11536/3372 2767/11537/3372 2760/11538/3372
f 2193/11539/3395 2187/11540/3395 2190/11541/3395 2197/11542/3395
f 2982/11543/3316 2981/11544/3316 2977/11545/3316 2978/11546/3316
f 2732/11547/3374 2733/11548/3374 2739/11549/3374 2735/11550/3374
f 2646/11551/3365 2645/11552/3365 2641/11553/3365 2642/11554/3365
f 2615/11555/3377 2617/11556/3377 2618/11557/3377 2616/11558/3377
f 2742/11559/3404 2741/11560/3404 2737/11561/3404 2738/11562/3404
f 2198/11563/3379 2197/11564/3379 2195/11565/3379 2196/11566/3379
f 2221/11567/3355 2222/11568/3355 2220/11569/3355 2219/11570/3355
f 2122/11571/3354 2126/11572/3354 2125/11573/3354 2121/11574/3354
f 2749/11575/3402 2747/11576/3402 2748/11577/3402 2750/11578/3402
f 2218/11579/3382 2222/11580/3382 2221/11581/3382 2217/11582/3382
f 2204/11583/3359 2210/11584/3359 2207/11585/3359 2200/11586/3359
f 2188/11587/3358 2184/11588/3358 2183/11589/3358 2187/11590/3358
f 2734/11591/3373 2731/11592/3373 2737/11593/3373 2741/11594/3373
f 2650/11595/3386 2656/11596/3386 2655/11597/3386 2648/11598/3386
f 2739/11599/3372 2733/11600/3372 2734/11601/3372 2741/11602/3372
f 2660/11603/3380 2659/11604/3380 2655/11605/3380 2656/11606/3380
f 2207/11607/3334 2210/11608/3334 2214/11609/3334 2211/11610/3334
f 3026/11611/3500 3030/11612/3500 3029/11613/3500 3025/11614/3500
f 2240/11615/3501 2239/11616/3501 2241/11617/3501 2242/11618/3501
f 2615/11619/3365 2616/11620/3365 2620/11621/3365 2619/11622/3365
f 2199/11623/3379 2200/11624/3379 2202/11625/3379 2201/11626/3379
f 2790/11627/3404 2789/11628/3404 2785/11629/3404 2786/11630/3404
f 2671/11631/3357 2674/11632/3357 2668/11633/3357 2664/11634/3357
f 2633/11635/3380 2634/11636/3380 2638/11637/3380 2637/11638/3380
f 2655/11639/3357 2658/11640/3357 2652/11641/3357 2648/11642/3357
f 2620/11643/3390 2626/11644/3390 2625/11645/3390 2622/11646/3390
f 2218/11647/3396 2216/11648/3396 2223/11649/3396 2224/11650/3396
f 2708/11651/3391 2707/11652/3391 2703/11653/3391 2704/11654/3391
f 2767/11655/3306 2771/11656/3306 2774/11657/3306 2770/11658/3306
f 2159/11659/3334 2162/11660/3334 2166/11661/3334 2163/11662/3334
f 2177/11663/3370 2176/11664/3370 2180/11665/3370 2181/11666/3370
f 2142/11667/3389 2139/11668/3389 2135/11669/3389 2138/11670/3389
f 2014/11671/3305 2010/11672/3305 2009/11673/3305 2013/11674/3305
f 2668/11675/3390 2674/11676/3390 2673/11677/3390 2670/11678/3390
f 2241/11679/3369 2239/11680/3369 2236/11681/3369 2235/11682/3369
f 2625/11683/3368 2624/11684/3368 2618/11685/3368 2622/11686/3368
f 2236/11687/3358 2232/11688/3358 2231/11689/3358 2235/11690/3358
f 2609/11691/3368 2608/11692/3368 2602/11693/3368 2606/11694/3368
f 2743/11695/3404 2744/11696/3404 2748/11697/3404 2747/11698/3404
f 2742/11699/3394 2740/11700/3394 2739/11701/3394 2741/11702/3394
f 2784/11703/3401 2783/11704/3401 2787/11705/3401 2788/11706/3401
f 2784/11707/3402 2786/11708/3402 2785/11709/3402 2783/11710/3402
f 2791/11711/3502 2793/11712/3502 2794/11713/3502 2792/11714/3502
f 2291/11715/3442 2287/11716/3442 2288/11717/3442 2292/11718/3442
f 2866/11719/3503 2870/11720/3503 2869/11721/3503 2865/11722/3503
f 2811/11723/3426 2807/11724/3426 2808/11725/3426 2812/11726/3426
f 2268/11727/3425 2274/11728/3425 2271/11729/3425 2264/11730/3425
f 2338/11731/3450 2342/11732/3450 2339/11733/3450 2335/11734/3450
f 2266/11735/3417 2272/11736/3417 2273/11737/3417 2270/11738/3417
f 2812/11739/3504 2818/11740/3504 2817/11741/3504 2814/11742/3504
f 2804/11743/3496 2803/11744/3496 2799/11745/3496 2800/11746/3496
f 2271/11747/3421 2274/11748/3421 2278/11749/3421 2275/11750/3421
f 2817/11751/3505 2821/11752/3505 2820/11753/3505 2816/11754/3505
f 2253/11755/3441 2254/11756/3441 2252/11757/3441 2251/11758/3441
f 2251/11759/3416 2252/11760/3416 2248/11761/3416 2247/11762/3416
f 2324/11763/3506 2323/11764/3506 2319/11765/3506 2320/11766/3506
f 2047/11767/3337 2049/11768/3337 2050/11769/3337 2048/11770/3337
f 2250/11771/3417 2256/11772/3417 2257/11773/3417 2254/11774/3417
f 2823/11775/3424 2824/11776/3424 2828/11777/3424 2827/11778/3424
f 2959/11779/3507 2956/11780/3507 2957/11781/3507 2963/11782/3507
f 2833/11783/3403 2827/11784/3403 2828/11785/3403 2831/11786/3403
f 2794/11787/3508 2800/11788/3508 2799/11789/3508 2792/11790/3508
f 137/11791/3509 138/11792/3509 114/11793/3510 555/11794/3511
f 2576/11795/3420 2580/11796/3420 2579/11797/3420 2575/11798/3420
f 2828/11799/3505 2824/11800/3505 2825/11801/3505 2829/11802/3505
f 2286/11803/3421 2283/11804/3421 2279/11805/3421 2282/11806/3421
f 2799/11807/3512 2803/11808/3512 2806/11809/3512 2802/11810/3512
f 2820/11811/3496 2819/11812/3496 2815/11813/3496 2816/11814/3496
f 2810/11815/3508 2816/11816/3508 2815/11817/3508 2808/11818/3508
f 3024/11819/3422 3023/11820/3422 3016/11821/3422 3018/11822/3422
f 2817/11823/3410 2816/11824/3410 2810/11825/3410 2814/11826/3410
f 2257/11827/2891 2261/11828/2891 2262/11829/2891 2258/11830/2891
f 2799/11831/3409 2802/11832/3409 2796/11833/3409 2792/11834/3409
f 2813/11835/3406 2814/11836/3406 2810/11837/3406 2809/11838/3406
f 2813/11839/3415 2811/11840/3415 2812/11841/3415 2814/11842/3415
f 2266/11843/3442 2270/11844/3442 2269/11845/3442 2265/11846/3442
f 2807/11847/3351 2809/11848/3351 2810/11849/3351 2808/11850/3351
f 2329/11851/3429 2330/11852/3429 2334/11853/3429 2333/11854/3429
f 2296/11855/3513 2298/11856/3513 2297/11857/3513 2295/11858/3513
f 2841/11859/3235 2845/11860/3235 2846/11861/3235 2842/11862/3235
f 2296/11863/3448 2300/11864/3448 2306/11865/3448 2303/11866/3448
f 2848/11867/3514 2852/11868/3514 2851/11869/3514 2847/11870/3514
f 2882/11871/3515 2881/11872/3515 2878/11873/3515 2876/11874/3515
f 2880/11875/3514 2884/11876/3514 2883/11877/3514 2879/11878/3514
f 2853/11879/3516 2852/11880/3516 2848/11881/3516 2849/11882/3516
f 2885/11883/3516 2884/11884/3516 2880/11885/3516 2881/11886/3516
f 2315/11887/3517 2311/11888/3517 2314/11889/3517 2318/11890/3517
f 2822/11891/3424 2821/11892/3424 2817/11893/3424 2818/11894/3424
f 2861/11895/3518 2857/11896/3518 2858/11897/3518 2862/11898/3518
f 2289/11899/3425 2283/11900/3425 2286/11901/3425 2293/11902/3425
f 2861/11903/3519 2862/11904/3519 2869/11905/3519 2867/11906/3519
f 2869/11907/3520 2862/11908/3520 2859/11909/3520 2865/11910/3520
f 2257/11911/3414 2256/11912/3414 2260/11913/3414 2261/11914/3414
f 2835/11915/3508 2829/11916/3508 2830/11917/3508 2837/11918/3508
f 2832/11919/3415 2834/11920/3415 2833/11921/3415 2831/11922/3415
f 2797/11923/3406 2798/11924/3406 2794/11925/3406 2793/11926/3406
f 2269/11927/3521 2270/11928/3521 2268/11929/3521 2267/11930/3521
f 2319/11931/3522 2321/11932/3522 2322/11933/3522 2320/11934/3522
f 2328/11935/3513 2330/11936/3513 2329/11937/3513 2327/11938/3513
f 2875/11939/3116 2871/11940/3116 2872/11941/3116 2876/11942/3116
f 2302/11943/3007 2300/11944/3007 2299/11945/3007 2301/11946/3007
f 2299/11947/3445 2300/11948/3445 2296/11949/3445 2295/11950/3445
f 2334/11951/3430 2330/11952/3430 2336/11953/3430 2337/11954/3430
f 2334/11955/3204 2337/11956/3204 2338/11957/3204 2332/11958/3204
f 2848/11959/3449 2847/11960/3449 2840/11961/3449 2842/11962/3449
f 2882/11963/3188 2886/11964/3188 2885/11965/3188 2881/11966/3188
f 2883/11967/3523 2886/11968/3523 2882/11969/3523 2879/11970/3523
f 2363/11971/3524 2359/11972/3524 2362/11973/3524 2366/11974/3524
f 471/11975/3525 473/11976/3525 463/11977/3525 459/11978/3525
f 2373/11979/3526 2366/11980/3526 2365/11981/3526 2371/11982/3526
f 2893/11983/3527 2894/11984/3527 2901/11985/3527 2899/11986/3527
f 2901/11987/3528 2894/11988/3528 2891/11989/3528 2897/11990/3528
f 2365/11991/3529 2366/11992/3529 2362/11993/3529 2361/11994/3529
f 2351/11995/3081 2355/11996/3081 2349/11997/3081 2348/11998/3081
f 2370/11999/3530 2369/12000/3530 2373/12001/3530 2374/12002/3530
f 2914/12003/2895 2913/12004/2895 2911/12005/2895 2912/12006/2895
f 2916/12007/3531 2912/12008/3531 2911/12009/3531 2915/12010/3531
f 2373/12011/3476 2371/12012/3476 2372/12013/3476 2374/12014/3476
f 2347/12015/3524 2343/12016/3524 2346/12017/3524 2350/12018/3524
f 556/12019/3532 139/12020/3533 434/12021/3533 648/12022/3534
f 2893/12023/3459 2889/12024/3459 2890/12025/3459 2894/12026/3459
f 2351/12027/3535 2348/12028/3535 2347/12029/3535 2353/12030/3535
f 2909/12031/3527 2910/12032/3527 2917/12033/3527 2915/12034/3527
f 2917/12035/3528 2910/12036/3528 2907/12037/3528 2913/12038/3528
f 2373/12039/3536 2369/12040/3536 2363/12041/3536 2366/12042/3536
f 2900/12043/3531 2896/12044/3531 2895/12045/3531 2899/12046/3531
f 2916/12047/3460 2915/12048/3460 2917/12049/3460 2918/12050/3460
f 2356/12051/3461 2355/12052/3461 2351/12053/3461 2352/12054/3461
f 2351/12055/3457 2353/12056/3457 2354/12057/3457 2352/12058/3457
f 2936/12059/3537 2937/12060/3537 2941/12061/3537 2940/12062/3537
f 2381/12063/3538 2377/12064/3538 2376/12065/3538 2380/12066/3538
f 2923/12067/3539 2924/12068/3539 2927/12069/3539 2929/12070/3539
f 3795/12071/2658 3794/12072/2658 550/12073/3540 552/12074/3541
f 2933/12075/3542 2926/12076/3542 2923/12077/3542 2929/12078/3542
f 2925/12079/3543 2921/12080/3543 2922/12081/3543 2926/12082/3543
f 2948/12083/3544 2944/12084/3544 2943/12085/3544 2947/12086/3544
f 2932/12087/3545 2931/12088/3545 2933/12089/3545 2934/12090/3545
f 2930/12091/3546 2934/12092/3546 2933/12093/3546 2929/12094/3546
f 2939/12095/3547 2935/12096/3547 2936/12097/3547 2940/12098/3547
f 5/12099/3548 31/12100/3548 42/12101/3548 13/12102/3548
f 1586/12103/3549 1575/12104/3549 1576/12105/3549 1587/12106/3549
f 2389/12107/3550 2387/12108/3550 2388/12109/3550 2390/12110/3550
f 2530/12111/3327 2534/12112/3327 2533/12113/3327 2529/12114/3327
f 2756/12115/3391 2755/12116/3391 2751/12117/3391 2752/12118/3391
f 2286/12119/3328 2282/12120/3328 2281/12121/3328 2285/12122/3328
f 2863/12123/3551 2860/12124/3551 2861/12125/3551 2867/12126/3551
f 2957/12127/3552 2958/12128/3552 2965/12129/3552 2963/12130/3552
f 2587/12131/3348 2588/12132/3348 2591/12133/3348 2593/12134/3348
f 2043/12135/3329 2039/12136/3329 2042/12137/3329 2046/12138/3329
f 2652/12139/3390 2658/12140/3390 2657/12141/3390 2654/12142/3390
f 2653/12143/3392 2651/12144/3392 2652/12145/3392 2654/12146/3392
f 2964/12147/3553 2963/12148/3553 2965/12149/3553 2966/12150/3553
f 2024/12151/3554 2026/12152/3554 2025/12153/3554 2023/12154/3554
f 2294/12155/3405 2293/12156/3405 2291/12157/3405 2292/12158/3405
f 1974/12159/2914 1973/12160/2914 1971/12161/2914 1972/12162/2914
f 2998/12163/3317 2997/12164/3317 2993/12165/3317 2994/12166/3317
f 2493/12167/3279 2491/12168/3279 2492/12169/3279 2494/12170/3279
f 2019/12171/3280 2015/12172/3280 2016/12173/3280 2020/12174/3280
f 2479/12175/3315 2482/12176/3315 2476/12177/3315 2472/12178/3315
f 2502/12179/3316 2501/12180/3316 2497/12181/3316 2498/12182/3316
f 2497/12183/3283 2496/12184/3283 2490/12185/3283 2494/12186/3283
f 2972/12187/3314 2978/12188/3314 2977/12189/3314 2974/12190/3314
f 2019/12191/3304 2021/12192/3304 2014/12193/3304 2013/12194/3304
f 2985/12195/3313 2986/12196/3313 2990/12197/3313 2989/12198/3313
f 1953/12199/3312 1952/12200/3312 1956/12201/3312 1957/12202/3312
f 2001/12203/3312 2000/12204/3312 2004/12205/3312 2005/12206/3312
f 2481/12207/3307 2485/12208/3307 2484/12209/3307 2480/12210/3307
f 2990/12211/3292 2986/12212/3292 2983/12213/3292 2987/12214/3292
f 2503/12215/3316 2504/12216/3316 2508/12217/3316 2507/12218/3316
f 2561/12219/3314 2555/12220/3314 2556/12221/3314 2559/12222/3314
f 2490/12223/3310 2496/12224/3310 2495/12225/3310 2488/12226/3310
f 1969/12227/3309 1963/12228/3309 1966/12229/3309 1973/12230/3309
f 2484/12231/3313 2483/12232/3313 2479/12233/3313 2480/12234/3313
f 2017/12235/3309 2011/12236/3309 2014/12237/3309 2021/12238/3309
f 2017/12239/3299 2021/12240/3299 2022/12241/3299 2018/12242/3299
f 2487/12243/3139 2489/12244/3139 2490/12245/3139 2488/12246/3139
f 2967/12247/3317 2968/12248/3317 2972/12249/3317 2971/12250/3317
f 1879/12251/3296 1880/12252/3296 1882/12253/3296 1881/12254/3296
f 1902/12255/3290 1901/12256/3290 1897/12257/3290 1898/12258/3290
f 2477/12259/3279 2475/12260/3279 2476/12261/3279 2478/12262/3279
f 2195/12263/3382 2191/12264/3382 2192/12265/3382 2196/12266/3382
f 3003/12267/3318 2999/12268/3318 3000/12269/3318 3004/12270/3318
f 3023/12271/3399 3026/12272/3399 3020/12273/3399 3016/12274/3399
f 2140/12275/3371 2141/12276/3371 2137/12277/3371 2136/12278/3371
f 3022/12279/3499 3025/12280/3499 3024/12281/3499 3018/12282/3499
f 2447/12283/3485 2450/12284/3485 2444/12285/3485 2440/12286/3485
f 2030/12287/3341 2026/12288/3341 2032/12289/3341 2033/12290/3341
f 1915/12291/3288 1911/12292/3288 1914/12293/3288 1918/12294/3288
f 2550/12295/3316 2549/12296/3316 2545/12297/3316 2546/12298/3316
f 3025/12299/3287 3029/12300/3287 3028/12301/3287 3024/12302/3287
f 2440/12303/3290 2444/12304/3290 2443/12305/3290 2439/12306/3290
f 1991/12307/2914 1992/12308/2914 1994/12309/2914 1993/12310/2914
f 2736/12311/3401 2735/12312/3401 2739/12313/3401 2740/12314/3401
f 1933/12315/3281 1934/12316/3281 1932/12317/3281 1931/12318/3281
f 1932/12319/3332 1934/12320/3332 1937/12321/3332 1938/12322/3332
f 3010/12323/3500 3014/12324/3500 3013/12325/3500 3009/12326/3500
f 2474/12327/3310 2480/12328/3310 2479/12329/3310 2472/12330/3310
f 1904/12331/3485 1905/12332/3485 1902/12333/3485 1898/12334/3485
f 2574/12335/3494 2577/12336/3494 2576/12337/3494 2570/12338/3494
f 2457/12339/3288 2461/12340/3288 2460/12341/3288 2456/12342/3288
f 3027/12343/3308 3030/12344/3308 3026/12345/3308 3023/12346/3308
f 1538/12347/3555 1540/12348/3555 1604/12349/3555 1602/12350/3555
f 3033/12351/3556 3036/12352/3556 3035/12353/3556 3031/12354/3556
f 3822/12355/3557 3831/12356/3557 3859/12357/3558 3847/12358/3557
f 1512/12359/328 1573/12360/328 1585/12361/328 1523/12362/328
f 475/12363/3559 479/12364/3559 478/12365/3560 495/12366/3561
f 1493/12367/454 1494/12368/454 1553/12369/454 1552/12370/454
f 1512/12371/328 1513/12372/328 1574/12373/328 1573/12374/328
f 1530/12375/3562 1592/12376/3562 1591/12377/3562 1529/12378/3562
f 494/12379/2748 478/12380/3563 482/12381/2748 477/12382/2748
f 3104/12383/454 3105/12384/454 3126/12385/454 3125/12386/454
f 3803/12387/3564 3807/12388/3564 3809/12389/3564 3805/12390/3564
f 526/12391/3565 527/12392/3565 358/12393/3565 355/12394/3565
f 1527/12395/454 1519/12396/454 1581/12397/454 1589/12398/454
f 3152/12399/454 3106/12400/454 3128/12401/454 3127/12402/454
f 154/12403/3566 144/12404/3566 177/12405/3566 176/12406/3566
f 1489/12407/328 1500/12408/328 1560/12409/328 1547/12410/328
f 3074/12411/3567 3136/12412/3567 3145/12413/3567 3083/12414/3567
f 1824/12415/455 1826/12416/455 1825/12417/455 1823/12418/455
f 1752/12419/3568 1532/12420/3568 1596/12421/3568 1595/12422/3568
f 3088/12423/3569 3069/12424/3569 3131/12425/3569 3150/12426/3569
f 571/12427/3570 3812/12428/3571 3813/12429/1 570/12430/3572
f 3062/12431/3573 3071/12432/3573 3133/12433/3573 3124/12434/3573
f 3042/12435/3574 3107/12436/3574 3154/12437/3574 3102/12438/3574
f 140/12439/3575 112/12440/3575 113/12441/3575 141/12442/3575
f 1607/12443/3576 1557/12444/3576 1556/12445/3576 1605/12446/3576
f 3086/12447/3135 3087/12448/3135 3149/12449/3135 3148/12450/3135
f 3080/12451/3577 3072/12452/3577 3134/12453/3577 3142/12454/3577
f 3038/12455/3578 3061/12456/3578 3123/12457/3578 3059/12458/3578
f 3079/12459/3579 3141/12460/3579 3140/12461/3579 3078/12462/3579
f 3037/12463/3580 3060/12464/3580 3122/12465/3580 3094/12466/3580
f 3080/12467/3581 3142/12468/3581 3149/12469/3581 3087/12470/3581
f 3930/12471/3582 3936/12472/3582 3932/12473/3582 3925/12474/3582
f 136/12475/3583 135/12476/3583 117/12477/3584 118/12478/3585
f 3033/12479/3586 3097/12480/3586 3089/12481/3586 3036/12482/3586
f 3057/12483/3587 3120/12484/3587 3146/12485/3587 3084/12486/3587
f 3066/12487/3588 3065/12488/3588 3127/12489/3588 3128/12490/3588
f 109/12491/3589 110/12492/3589 139/12493/3589 138/12494/3589
f 2357/12495/3526 2350/12496/3526 2349/12497/3526 2355/12498/3526
f 1529/12499/3590 1591/12500/3590 1577/12501/3590 1516/12502/3590
f 1503/12503/3591 1563/12504/3591 1558/12505/3591 1498/12506/3591
f 3101/12507/3592 3093/12508/3592 3151/12509/3592 3153/12510/3592
f 3093/12511/3593 3070/12512/3593 3132/12513/3593 3151/12514/3593
f 3050/12515/3594 3076/12516/3594 3138/12517/3594 3114/12518/3594
f 3069/12519/3595 3068/12520/3595 3130/12521/3595 3131/12522/3595
f 124/12523/3596 130/12524/3596 126/12525/3596 119/12526/3596
f 257/12527/3597 252/12528/3598 589/12529/3599 258/12530/3597
f 3214/12531/1360 3215/12532/1360 3213/12533/1360 3212/12534/1360
f 3227/12535/1248 3226/12536/1248 3224/12537/1248 3225/12538/1248
f 462/12539/324 464/12540/324 302/12541/324 461/12542/324
f 3221/12543/3600 3212/12544/3600 3213/12545/3600 3223/12546/3600
f 4123/12547/3601 4100/12548/3601 4101/12549/3601 4120/12550/3601
f 4126/12551/2315 4127/12552/2315 4124/12553/2315 4125/12554/2315
f 4121/12555/3602 4098/12556/3602 4099/12557/3602 4122/12558/3602
f 4122/12559/2398 4123/12560/2398 4120/12561/2398 4121/12562/2398
f 4117/12563/3603 4093/12564/3603 4092/12565/3603 4118/12566/3603
f 4118/12567/2428 4119/12568/2428 4116/12569/2428 4117/12570/2428
f 260/12571/3604 241/12572/3604 242/12573/3604 261/12574/3604
f 234/12575/3605 233/12576/3605 239/12577/3605 240/12578/3605
f 3215/12579/3606 3222/12580/3606 3223/12581/3606 3213/12582/3606
f 446/12583/3607 457/12584/3608 503/12585/3609 501/12586/3610
f 460/12587/3611 472/12588/3611 471/12589/3611 459/12590/3611
f 1786/12591/3612 1491/12592/3613 1549/12593/2756 1550/12594/3614
f 519/12595/3615 523/12596/3615 520/12597/3615 516/12598/3615
f 3814/12599/1 3813/12600/1 575/12601/3616 576/12602/3617
f 146/12603/3618 180/12604/3618 179/12605/3618 162/12606/3618
f 3070/12607/328 3093/12608/328 3095/12609/328 3044/12610/328
f 3175/12611/3619 3060/12612/3619 3037/12613/3619 3174/12614/3619
f 573/12615/3620 3811/12616/3621 3812/12617/3622 571/12618/3623
f 247/12619/3624 261/12620/3625 262/12621/3625 248/12622/3626
f 523/12623/3627 525/12624/3627 411/12625/3627 520/12626/3627
f 2317/12627/3628 2318/12628/3628 2314/12629/3628 2313/12630/3628
f 1615/12631/3629 1609/12632/3630 1610/12633/3631 4139/12634/3632
f 2399/12635/3633 2403/12636/3633 2397/12637/3633 2396/12638/3633
f 3804/12639/3634 3808/12640/3634 3807/12641/3634 3803/12642/3634
f 2402/12643/3635 2401/12644/3635 2405/12645/3635 2406/12646/3635
f 1577/12647/3636 1591/12648/3636 1592/12649/3636 1570/12650/3636
f 2404/12651/3637 2403/12652/3637 2399/12653/3637 2400/12654/3637
f 200/12655/3638 199/12656/3639 197/12657/2479 196/12658/2479
f 1550/12659/3640 1549/12660/3640 1561/12661/3640 1562/12662/3640
f 531/12663/3641 536/12664/3641 537/12665/3641 532/12666/3641
f 1487/12667/3642 1545/12668/3642 1557/12669/3642 1497/12670/3642
f 1562/12671/3643 1565/12672/3643 1568/12673/3643 1550/12674/3643
f 248/12675/3644 262/12676/3645 439/12677/3645 249/12678/3646
f 1536/12679/3647 1535/12680/3647 1599/12681/3647 1600/12682/3647
f 1526/12683/3648 1535/12684/3648 1536/12685/3648 1531/12686/3648
f 3194/12687/2618 3098/12688/2618 3032/12689/2618 3031/12690/2618
f 3142/12691/3649 3117/12692/3649 3184/12693/3649 3149/12694/3649
f 3804/12695/3650 3806/12696/3651 3810/12697/3652 3808/12698/3653
f 233/12699/3654 232/12700/3654 238/12701/3654 239/12702/3654
f 3462/12703/1522 3465/12704/1522 3466/12705/1522 3463/12706/1522
f 3435/12707/3655 3434/12708/3655 3432/12709/3655 3433/12710/3655
f 3437/12711/3656 3436/12712/3656 3441/12713/3656 3440/12714/3656
f 3224/12715/3657 3226/12716/3657 3219/12717/3657 3218/12718/3657
f 3440/12719/3658 3441/12720/3658 3443/12721/3658 3442/12722/3658
f 3452/12723/1322 3454/12724/1322 3455/12725/1322 3453/12726/1322
f 4185/12727/324 4187/12728/324 4177/12729/324 4178/12730/324
f 3444/12731/3659 3451/12732/3659 3448/12733/3659 3447/12734/3659
f 3446/12735/3660 3466/12736/3660 3465/12737/3660 3445/12738/3660
f 3225/12739/3661 3224/12740/3661 3218/12741/3661 3216/12742/3661
f 355/12743/3662 369/12744/3662 529/12745/3662 526/12746/3662
f 1574/12747/3663 1590/12748/3663 1589/12749/3663 1581/12750/3663
f 4193/12751/3171 4177/12752/3171 4187/12753/3171 4195/12754/3171
f 1552/12755/3664 1546/12756/3664 1488/12757/3664 1493/12758/3664
f 4080/12759/2398 4079/12760/2398 4067/12761/2398 4068/12762/2398
f 540/12763/327 535/12764/327 530/12765/327 542/12766/327
f 1579/12767/3665 1578/12768/3665 1572/12769/3665 1585/12770/3665
f 1539/12771/3666 1603/12772/3666 1604/12773/3666 1540/12774/3666
f 3073/12775/3667 3135/12776/3667 3136/12777/3667 3074/12778/3667
f 212/12779/3668 206/12780/3668 207/12781/3668 213/12782/3668
f 17/12783/3669 32/12784/3669 45/12785/3669 16/12786/3669
f 29/12787/3670 31/12788/3670 5/12789/3670 4/12790/3670
f 155/12791/3671 189/12792/3671 190/12793/3671 149/12794/3671
f 138/12795/3672 139/12796/3672 556/12797/3673 114/12798/3674
f 156/12799/3675 158/12800/3675 175/12801/3675 174/12802/3675
f 3186/12803/3676 3082/12804/3676 3055/12805/3676 3185/12806/3676
f 1530/12807/3677 1509/12808/3677 1570/12809/3677 1592/12810/3677
f 2354/12811/3530 2353/12812/3530 2357/12813/3530 2358/12814/3530
f 123/12815/3678 129/12816/3678 130/12817/3678 124/12818/3678
f 1542/12819/2785 1606/12820/3679 1605/12821/3680 1541/12822/3681
f 2397/12823/3682 2398/12824/3682 2394/12825/3682 2393/12826/3682
f 487/12827/3683 429/12828/3683 425/12829/3684 485/12830/3685
f 3075/12831/3686 3186/12832/3686 3185/12833/3686 3049/12834/3686
f 1506/12835/3687 1505/12836/3687 1566/12837/3687 1567/12838/3687
f 2914/12839/3456 2918/12840/3456 2917/12841/3456 2913/12842/3456
f 3436/12843/3688 3437/12844/3688 3433/12845/3688 3432/12846/3688
f 4114/12847/3689 4132/12848/3689 4107/12849/3689 4106/12850/3689
f 3438/12851/3690 3439/12852/3690 3450/12853/3690 3449/12854/3690
f 1585/12855/3691 1573/12856/3691 1580/12857/3691 1579/12858/3691
f 3066/12859/3692 3128/12860/3692 3143/12861/3692 3081/12862/3692
f 3082/12863/3693 3144/12864/3693 3119/12865/3693 3055/12866/3693
f 4119/12867/3694 4104/12868/3694 4105/12869/3694 4116/12870/3694
f 1553/12871/3695 1554/12872/3695 1547/12873/3695 1560/12874/3695
f 3443/12875/3696 3446/12876/3696 3445/12877/3696 3442/12878/3696
f 4087/12879/1460 4086/12880/1460 4074/12881/1460 4075/12882/1460
f 4084/12883/2428 4083/12884/2428 4071/12885/2428 4072/12886/2428
f 1487/12887/3697 1499/12888/3697 1559/12889/3697 1545/12890/3697
f 1604/12891/3698 1603/12892/3698 1601/12893/3698 1602/12894/3698
f 586/12895/3699 256/12896/3700 255/12897/3700 584/12898/3701
f 3454/12899/3702 3458/12900/3702 3459/12901/3702 3455/12902/3702
f 3067/12903/3703 3086/12904/3703 3148/12905/3703 3129/12906/3703
f 3450/12907/3704 3451/12908/3704 3444/12909/3704 3449/12910/3704
f 4195/12911/3039 4187/12912/3039 4185/12913/3039 4194/12914/3039
f 3462/12915/3705 3463/12916/3705 3461/12917/3705 3460/12918/3705
f 3464/12919/3706 3471/12920/3706 3470/12921/3706 3469/12922/3706
f 3052/12923/3707 3051/12924/3707 3115/12925/3707 3116/12926/3707
f 514/12927/3708 518/12928/3708 519/12929/3708 515/12930/3708
f 456/12931/3709 458/12932/3709 445/12933/3709 443/12934/3709
f 2395/12935/3710 2396/12936/3710 2392/12937/3710 2391/12938/3710
f 3032/12939/3711 3034/12940/3711 3033/12941/3711 3031/12942/3711
f 2923/12943/3712 2919/12944/3712 2920/12945/3712 2924/12946/3712
f 246/12947/3713 264/12948/3713 263/12949/3713 245/12950/3713
f 3451/12951/2875 3450/12952/2875 3470/12953/2875 3471/12954/2875
f 2851/12955/3523 2854/12956/3523 2850/12957/3523 2847/12958/3523
f 3008/12959/2887 3012/12960/2887 3011/12961/2887 3007/12962/2887
f 528/12963/3714 529/12964/3714 369/12965/3714 541/12966/3714
f 3221/12967/3715 3220/12968/3715 3214/12969/3715 3212/12970/3715
f 1798/12971/3243 1800/12972/3243 1544/12973/3243 1486/12974/3243
f 3464/12975/3716 3467/12976/3716 3468/12977/3716 3471/12978/3716
f 3460/12979/3717 3461/12980/3717 3456/12981/3717 3457/12982/3717
f 4186/12983/327 4179/12984/327 4180/12985/327 4188/12986/327
f 3186/12987/3202 3187/12988/3202 3144/12989/3202 3082/12990/3202
f 17/12991/3718 7/12992/3718 33/12993/3718 32/12994/3718
f 6/12995/3719 5/12996/3719 31/12997/3719 30/12998/3719
f 1536/12999/3720 1600/13000/3720 1593/13001/3720 1531/13002/3720
f 4137/13003/3721 3867/13004/3722 3871/13005/3723 4140/13006/3724
f 3841/13007/3725 3851/13008/3725 3864/13009/3725 3842/13010/3725
f 2946/13011/3726 2945/13012/3726 2943/13013/3726 2944/13014/3726
f 455/13015/3727 452/13016/3727 451/13017/3727 453/13018/3727
f 464/13019/3728 462/13020/3728 468/13021/3728 300/13022/3728
f 2850/13023/3515 2849/13024/3515 2846/13025/3515 2844/13026/3515
f 3434/13027/2884 3438/13028/2884 3458/13029/2884 3454/13030/2884
f 3825/13031/3729 3824/13032/3729 3850/13033/3729 3852/13034/3729
f 648/13035/3730 436/13036/3731 140/13037/3731 115/13038/3732
f 3051/13039/328 3078/13040/328 3077/13041/328 3099/13042/328
f 17/13043/3733 32/13044/3733 34/13045/3733 23/13046/3733
f 2948/13047/3734 2947/13048/3734 2949/13049/3734 2950/13050/3734
f 2/13051/3735 22/13052/3735 26/13053/3735 27/13054/3735
f 2357/13055/3536 2353/13056/3536 2347/13057/3536 2350/13058/3536
f 570/13059/3736 3813/13060/1 3814/13061/1 569/13062/3737
f 1812/13063/455 1542/13064/455 1541/13065/455 1543/13066/455
f 482/13067/3738 487/13068/3738 485/13069/3738 480/13070/3738
f 3010/13071/3037 3009/13072/3037 3006/13073/3037 3004/13074/3037
f 2872/13075/3739 2879/13076/3739 2882/13077/3739 2876/13078/3739
f 20/13079/3740 37/13080/3740 38/13081/3740 8/13082/3740
f 3932/13083/1226 3935/13084/1226 3934/13085/1226 3931/13086/1226
f 302/13087/3741 469/13088/3741 470/13089/3741 461/13090/3741
f 2/13091/3742 27/13092/3742 28/13093/3742 3/13094/3742
f 3832/13095/3743 3860/13096/3743 3859/13097/3743 3831/13098/3743
f 1612/13099/2590 1611/13100/2590 1619/13101/3744 4144/13102/3745
f 3001/13103/3059 3002/13104/3059 3000/13105/3059 2999/13106/3059
f 207/13107/3746 208/13108/3746 214/13109/3746 213/13110/3746
f 52/13111/3747 51/13112/2471 544/13113/3748 543/13114/3749
f 57/13115/3750 56/13116/3751 54/13117/3752 53/13118/3753
f 4141/13119/3754 1618/13120/3755 1609/13121/3756 1615/13122/3757
f 1553/13123/3758 1560/13124/3758 1546/13125/3758 1552/13126/3758
f 1567/13127/3759 1566/13128/3759 1799/13129/3759 1800/13130/3759
f 496/13131/3760 476/13132/3761 491/13133/3762 425/13134/3763
f 145/13135/2478 178/13136/2478 433/13137/2478 152/13138/2478
f 22/13139/3764 26/13140/3764 39/13141/3764 9/13142/3764
f 517/13143/324 521/13144/324 414/13145/324 513/13146/324
f 532/13147/324 537/13148/324 358/13149/324 527/13150/324
f 2399/13151/3765 2396/13152/3765 2395/13153/3765 2401/13154/3765
f 2405/13155/3766 2398/13156/3766 2397/13157/3766 2403/13158/3766
f 6/13159/3767 30/13160/3767 44/13161/3767 14/13162/3767
f 1676/13163/455 1681/13164/455 1680/13165/455 1674/13166/455
f 164/13167/3768 166/13168/3768 181/13169/3768 182/13170/3768
f 154/13171/3769 176/13172/3769 189/13173/3769 155/13174/3769
f 165/13175/3770 164/13176/3771 182/13177/3772 169/13178/3772
f 4081/13179/1459 4080/13180/1459 4068/13181/1459 4069/13182/1459
f 4088/13183/2319 4087/13184/2319 4075/13185/2319 4076/13186/2319
f 4085/13187/1668 4084/13188/1668 4072/13189/1668 4073/13190/1668
f 4082/13191/1571 4081/13192/1571 4069/13193/1571 4070/13194/1571
f 4089/13195/2323 4088/13196/2323 4076/13197/2323 4077/13198/2323
f 4079/13199/2320 4078/13200/2320 4066/13201/2320 4067/13202/2320
f 4086/13203/1186 4085/13204/1186 4073/13205/1186 4074/13206/1186
f 4083/13207/825 4082/13208/825 4070/13209/825 4071/13210/825
f 4078/13211/2315 4089/13212/2315 4077/13213/2315 4066/13214/2315
f 4091/13215/455 4115/13216/455 4114/13217/455 4106/13218/455
f 4125/13219/170 4124/13220/170 4097/13221/170 4094/13222/170
f 4098/13223/170 4121/13224/170 4120/13225/170 4101/13226/170
f 4113/13227/455 4112/13228/455 4108/13229/455 4103/13230/455
f 3825/13231/3773 3852/13232/3773 3851/13233/3773 3841/13234/3773
f 4127/13235/3774 4096/13236/3774 4097/13237/3774 4124/13238/3774
f 4096/13239/455 4127/13240/455 4126/13241/455 4095/13242/455
f 4125/13243/3775 4094/13244/3775 4095/13245/3775 4126/13246/3775
f 3846/13247/3776 3847/13248/3776 3822/13249/3776 3821/13250/3776
f 3447/13251/2884 3467/13252/2884 3464/13253/2884 3444/13254/2884
f 3837/13255/3777 3853/13256/3777 3865/13257/3778 3838/13258/3777
f 447/13259/3779 453/13260/3779 454/13261/3779 444/13262/3779
f 1679/13263/170 1678/13264/170 1677/13265/170 1675/13266/170
f 3837/13267/3780 3853/13268/3780 3854/13269/3780 3819/13270/3780
f 148/13271/3781 159/13272/3781 185/13273/3781 186/13274/3781
f 1587/13275/3782 1576/13276/3782 1593/13277/3782 1588/13278/3782
f 18/13279/3783 35/13280/3783 36/13281/3783 1/13282/3783
f 4191/13283/324 4184/13284/324 4183/13285/324 4189/13286/324
f 4192/13287/327 4190/13288/327 4182/13289/327 4181/13290/327
f 3435/13291/3784 3439/13292/3784 3438/13293/3784 3434/13294/3784
f 257/13295/3785 256/13296/3785 586/13297/3786 252/13298/3787
f 3925/13299/3788 3932/13300/3788 3931/13301/3788 3926/13302/3788
f 1681/13303/3789 1676/13304/3789 1677/13305/3789 1678/13306/3789
f 137/13307/3790 108/13308/3790 109/13309/3790 138/13310/3790
f 3840/13311/3791 3839/13312/3791 3843/13313/3791 3844/13314/3791
f 3453/13315/3792 3457/13316/3792 3456/13317/3792 3452/13318/3792
f 656/13319/3793 653/13320/3794 655/13321/3795
f 654/13322/3796 657/13323/3797 665/13324/3798
f 659/13325/3799 663/13326/3800 662/13327/3801
f 660/13328/3802 664/13329/3803 658/13330/3804
f 1790/13331/3805 734/13332/3805 733/13333/3805
f 695/13334/3806 731/13335/3807 732/13336/3806
f 721/13337/3808 685/13338/3809 684/13339/3810
f 675/13340/3811 712/13341/3812 674/13342/3813
f 705/13343/3814 741/13344/3815 704/13345/3816
f 1788/13346/3817 1789/13347/3817 1790/13348/3817
f 1790/13349/327 714/13350/327 669/13351/327
f 1817/13352/3818 1818/13353/3818 724/13354/3818
f 1817/13355/3819 723/13356/3819 1818/13357/3819
f 3164/13358/170 3162/13359/170 3160/13360/170
f 656/13361/3820 661/13362/3795 653/13363/3821
f 654/13364/3822 652/13365/3798 657/13366/3823
f 659/13367/3824 661/13368/3801 663/13369/3825
f 660/13370/3826 665/13371/3827 664/13372/3828
f 688/13373/454 734/13374/454 1789/13375/454
f 733/13376/3805 714/13377/3805 1790/13378/3805
f 1790/13379/3805 1789/13380/3805 734/13381/3805
f 695/13382/3806 694/13383/3829 731/13384/3830
f 721/13385/3831 722/13386/3809 685/13387/3809
f 675/13388/3811 713/13389/3811 712/13390/3832
f 705/13391/3814 742/13392/3814 741/13393/3833
f 669/13394/327 668/13395/327 1790/13396/327
f 668/13397/327 1788/13398/327 1790/13399/327
f 3158/13400/170 3156/13401/170 3166/13402/170
f 743/13403/3834 742/13404/3834 705/13405/3834 699/13406/3834
f 1845/13407/324 1850/13408/324 1876/13409/324 1871/13410/324
f 682/13411/3835 683/13412/3835 703/13413/3835 702/13414/3835
f 1838/13415/3836 1839/13416/3836 1852/13417/3836 1851/13418/3836
f 1848/13419/324 1849/13420/324 1875/13421/324 1874/13422/324
f 691/13423/3837 690/13424/3837 727/13425/3837 726/13426/3837
f 675/13427/3838 695/13428/3838 689/13429/3838 669/13430/3838
f 722/13431/3839 742/13432/3839 743/13433/3839 723/13434/3839
f 715/13435/3840 720/13436/3840 683/13437/3840 682/13438/3840
f 740/13439/3841 741/13440/3841 721/13441/3841 720/13442/3841
f 1832/13443/327 1858/13444/327 1863/13445/327 1837/13446/327
f 1846/13447/324 1845/13448/324 1871/13449/324 1872/13450/324
f 671/13451/3842 691/13452/3842 692/13453/3842 672/13454/3842
f 702/13455/3843 735/13456/3843 736/13457/3843 701/13458/3843
f 3166/13459/3844 3165/13460/3844 3163/13461/3844 3164/13462/3844
f 681/13463/3845 682/13464/3845 702/13465/3845 701/13466/3845
f 667/13467/3846 687/13468/3846 690/13469/3846 670/13470/3846
f 1829/13471/327 1831/13472/327 1857/13473/327 1855/13474/327
f 717/13475/3847 737/13476/3847 736/13477/3847 716/13478/3847
f 712/13479/3848 731/13480/3848 730/13481/3848 711/13482/3848
f 3158/13483/3849 3160/13484/3849 3159/13485/3849 3157/13486/3849
f 3155/13487/3850 3156/13488/3850 3158/13489/3850 3157/13490/3850
f 708/13491/3851 707/13492/3851 726/13493/3851 727/13494/3851
f 686/13495/328 666/13496/328 710/13497/328 729/13498/328
f 663/13499/3852 661/13500/3852 665/13501/3852 660/13502/3852
f 1835/13503/327 1829/13504/327 1855/13505/327 1861/13506/327
f 1848/13507/324 1874/13508/324 1868/13509/324 1842/13510/324
f 1828/13511/454 1833/13512/454 1846/13513/454 1841/13514/454
f 672/13515/3853 692/13516/3853 693/13517/3853 673/13518/3853
f 690/13519/3854 687/13520/3854 728/13521/3854 727/13522/3854
f 700/13523/3855 737/13524/3855 738/13525/3855 697/13526/3855
f 741/13527/3856 742/13528/3856 722/13529/3856 721/13530/3856
f 1873/13531/3857 1866/13532/3857 1853/13533/3857 1860/13534/3857
f 716/13535/3858 736/13536/3858 735/13537/3858 715/13538/3858
f 672/13539/3859 706/13540/3859 707/13541/3859 671/13542/3859
f 718/13543/3860 738/13544/3860 737/13545/3860 717/13546/3860
f 706/13547/3861 711/13548/3861 730/13549/3861 725/13550/3861
f 678/13551/324 1814/13552/324 1817/13553/324 724/13554/324
f 707/13555/3862 706/13556/3862 725/13557/3862 726/13558/3862
f 709/13559/3863 708/13560/3863 727/13561/3863 728/13562/3863
f 715/13563/3864 735/13564/3864 740/13565/3864 720/13566/3864
f 666/13567/3865 686/13568/3865 687/13569/3865 667/13570/3865
f 694/13571/3866 695/13572/3866 675/13573/3866 674/13574/3866
f 670/13575/3867 690/13576/3867 691/13577/3867 671/13578/3867
f 724/13579/454 744/13580/454 698/13581/454 678/13582/454
f 676/13583/3868 677/13584/3868 697/13585/3868 696/13586/3868
f 685/13587/3869 705/13588/3869 704/13589/3870 684/13590/3871
f 680/13591/3872 681/13592/3872 701/13593/3872 700/13594/3872
f 703/13595/3873 740/13596/3873 735/13597/3873 702/13598/3873
f 693/13599/3874 692/13600/3874 725/13601/3874 730/13602/3874
f 733/13603/324 734/13604/324 688/13605/324 689/13606/324
f 697/13607/3875 738/13608/3875 739/13609/3875 696/13610/3875
f 716/13611/3876 715/13612/3876 682/13613/3876 681/13614/3876
f 718/13615/3877 717/13616/3877 680/13617/3877 677/13618/3877
f 692/13619/3878 691/13620/3878 726/13621/3878 725/13622/3878
f 693/13623/3879 694/13624/3880 674/13625/3881 673/13626/3880
f 677/13627/3882 680/13628/3882 700/13629/3882 697/13630/3882
f 696/13631/328 739/13632/328 719/13633/328 676/13634/328
f 1788/13635/454 668/13636/454 688/13637/454 1789/13638/454
f 684/13639/3883 704/13640/3884 703/13641/3885 683/13642/3884
f 670/13643/3886 708/13644/3886 709/13645/3886 667/13646/3886
f 1847/13647/3887 1834/13648/3887 1827/13649/3887 1840/13650/3887
f 1836/13651/327 1862/13652/327 1860/13653/327 1834/13654/327
f 1830/13655/327 1856/13656/327 1857/13657/327 1831/13658/327
f 710/13659/3888 709/13660/3888 728/13661/3888 729/13662/3888
f 664/13663/3889 659/13664/3889 662/13665/3889 658/13666/3889
f 713/13667/3890 732/13668/3890 731/13669/3890 712/13670/3890
f 713/13671/3891 714/13672/3891 733/13673/3891 732/13674/3891
f 1833/13675/327 1828/13676/327 1854/13677/327 1859/13678/327
f 695/13679/3892 732/13680/3892 733/13681/3892 689/13682/3892
f 743/13683/3893 1816/13684/3893 1818/13685/3893 723/13686/3893
f 3160/13687/3894 3162/13688/3894 3161/13689/3894 3159/13690/3894
f 3162/13691/3895 3164/13692/3895 3163/13693/3895 3161/13694/3895
f 667/13695/3896 709/13696/3896 710/13697/3896 666/13698/3896
f 673/13699/3897 711/13700/3897 706/13701/3897 672/13702/3897
f 668/13703/3898 669/13704/3898 689/13705/3898 688/13706/3898
f 687/13707/3899 686/13708/3899 729/13709/3899 728/13710/3899
f 671/13711/3900 707/13712/3900 708/13713/3900 670/13714/3900
f 1842/13715/324 1868/13716/324 1870/13717/324 1844/13718/324
f 1861/13719/3901 1855/13720/3901 1868/13721/3901 1874/13722/3901
f 1853/13723/3902 1866/13724/3902 1840/13725/3902 1827/13726/3902
f 1858/13727/3903 1871/13728/3903 1876/13729/3903 1863/13730/3903
f 1843/13731/324 1869/13732/324 1876/13733/324 1850/13734/324
f 1835/13735/327 1861/13736/327 1862/13737/327 1836/13738/327
f 1843/13739/324 1844/13740/324 1870/13741/324 1869/13742/324
f 1849/13743/324 1847/13744/324 1873/13745/324 1875/13746/324
f 701/13747/3904 736/13748/3904 737/13749/3904 700/13750/3904
f 1869/13751/3905 1856/13752/3905 1863/13753/3905 1876/13754/3905
f 3164/13755/170 3160/13756/170 3158/13757/170 3166/13758/170
f 1874/13759/3906 1875/13760/3906 1862/13761/3906 1861/13762/3906
f 685/13763/3907 679/13764/3907 699/13765/3907 705/13766/3907
f 1855/13767/3908 1857/13768/3908 1870/13769/3908 1868/13770/3908
f 1852/13771/3909 1839/13772/3909 1865/13773/3909 1878/13774/3909
f 1842/13775/3910 1844/13776/3910 1831/13777/3910 1829/13778/3910
f 1814/13779/3911 678/13780/3911 698/13781/3911 1815/13782/3911
f 673/13783/3912 674/13784/3913 712/13785/3914 711/13786/3912
f 683/13787/3915 720/13788/3915 721/13789/3916 684/13790/3917
f 679/13791/324 723/13792/324 1817/13793/324 1814/13794/324
f 1872/13795/3918 1859/13796/3918 1854/13797/3918 1867/13798/3918
f 1857/13799/3919 1856/13800/3919 1869/13801/3919 1870/13802/3919
f 1816/13803/327 1815/13804/327 698/13805/327 744/13806/327
f 1842/13807/3920 1829/13808/3920 1835/13809/3920 1848/13810/3920
f 1844/13811/3921 1843/13812/3921 1830/13813/3921 1831/13814/3921
f 1878/13815/3922 1865/13816/3922 1864/13817/3922 1877/13818/3922
f 1847/13819/3923 1840/13820/3923 1866/13821/3923 1873/13822/3923
f 1834/13823/3924 1860/13824/3924 1853/13825/3924 1827/13826/3924
f 1846/13827/324 1872/13828/324 1867/13829/324 1841/13830/324
f 1839/13831/327 1838/13832/327 1864/13833/327 1865/13834/327
f 717/13835/3925 716/13836/3925 681/13837/3925 680/13838/3925
f 3165/13839/3926 3166/13840/3926 3156/13841/3926 3155/13842/3926
f 1849/13843/3927 1836/13844/3927 1834/13845/3927 1847/13846/3927
f 1830/13847/327 1837/13848/327 1863/13849/327 1856/13850/327
f 719/13851/3928 739/13852/3928 738/13853/3928 718/13854/3928
f 656/13855/3929 654/13856/3929 665/13857/3929 661/13858/3929
f 1818/13859/3893 1816/13860/3893 744/13861/3893 724/13862/3893
f 655/13863/3930 653/13864/3930 657/13865/3930 652/13866/3930
f 1860/13867/3931 1862/13868/3931 1875/13869/3931 1873/13870/3931
f 741/13871/3932 740/13872/3933 703/13873/3933 704/13874/3934
f 693/13875/3935 730/13876/3935 731/13877/3936 694/13878/3937
f 1815/13879/3911 699/13880/3911 679/13881/3911 1814/13882/3911
f 743/13883/327 699/13884/327 1815/13885/327 1816/13886/327
f 1852/13887/324 1878/13888/324 1877/13889/324 1851/13890/324
f 1828/13891/3938 1841/13892/3938 1867/13893/3938 1854/13894/3938
f 1859/13895/3939 1872/13896/3939 1871/13897/3939 1858/13898/3939
f 1848/13899/3940 1835/13900/3940 1836/13901/3940 1849/13902/3940
f 719/13903/3941 718/13904/3941 677/13905/3941 676/13906/3941
f 1877/13907/455 1864/13908/455 1838/13909/455 1851/13910/455
f 685/13911/3942 722/13912/3942 723/13913/3942 679/13914/3942
f 675/13915/3943 669/13916/3943 714/13917/3943 713/13918/3943
f 1833/13919/327 1859/13920/327 1858/13921/327 1832/13922/327
f 1850/13923/3944 1845/13924/3944 1832/13925/3944 1837/13926/3944
f 1833/13927/3945 1832/13928/3945 1845/13929/3945 1846/13930/3945
f 1850/13931/3946 1837/13932/3946 1830/13933/3946 1843/13934/3946
f 396/13935/3947 525/13936/3948 397/13937/3949
f 401/13938/3950 524/13939/3951 396/13940/3952
f 283/13941/3953 265/13942/3954 282/13943/3955
f 290/13944/3956 300/13945/3956 317/13946/3956
f 282/13947/3957 278/13948/3958 283/13949/3959
f 276/13950/3960 267/13951/3960 272/13952/3960
f 310/13953/3961 292/13954/3962 293/13955/3963
f 277/13956/3964 281/13957/3964 278/13958/3964
f 284/13959/3965 286/13960/3965 287/13961/3965
f 294/13962/3966 303/13963/3966 299/13964/3966
f 304/13965/3967 316/13966/3967 312/13967/3967
f 308/13968/3968 304/13969/3968 305/13970/3968
f 305/13971/3969 309/13972/3969 310/13973/3969
f 313/13974/3970 311/13975/3970 314/13976/3970
f 457/13977/3971 452/13978/3971 370/13979/3971
f 420/13980/3972 524/13981/3973 428/13982/3974
f 276/13983/3975 270/13984/3975 267/13985/3975
f 277/13986/3976 285/13987/3976 289/13988/3976
f 284/13989/3977 279/13990/3977 286/13991/3977
f 294/13992/3978 297/13993/3978 303/13994/3978
f 305/13995/3979 304/13996/3979 309/13997/3979
f 313/13998/3980 306/13999/3980 311/14000/3980
f 396/14001/3981 524/14002/3949 525/14003/3982
f 401/14004/3983 428/14005/3984 524/14006/3985
f 283/14007/3986 266/14008/3955 265/14009/3987
f 290/14010/3988 273/14011/3988 300/14012/3988
f 282/14013/3989 277/14014/3959 278/14015/3990
f 310/14016/3991 309/14017/3963 292/14018/3992
f 457/14019/3993 346/14020/3993 452/14021/3993
f 420/14022/3994 417/14023/3995 524/14024/3996
f 298/14025/3997 302/14026/3997 295/14027/3997 292/14028/3997
f 384/14029/3998 380/14030/3998 374/14031/3998 377/14032/3998
f 266/14033/3999 293/14034/3999 294/14035/3999 267/14036/3999
f 525/14037/4000 524/14038/4000 417/14039/4000 423/14040/4000
f 288/14041/4001 290/14042/4001 317/14043/4001 315/14044/4001
f 368/14045/4002 372/14046/4002 371/14047/4002 370/14048/4002
f 403/14049/4003 402/14050/4003 398/14051/4003 395/14052/4003
f 333/14053/4004 341/14054/4004 342/14055/4004 339/14056/4004
f 392/14057/4005 403/14058/4005 395/14059/4005 386/14060/4005
f 360/14061/4006 359/14062/4006 365/14063/4006 366/14064/4006
f 361/14065/4007 360/14066/4007 366/14067/4007 367/14068/4007
f 387/14069/4008 386/14070/4008 389/14071/4008 390/14072/4008
f 319/14073/4009 325/14074/4009 347/14075/4009 337/14076/4009
f 373/14077/4010 354/14078/4010 348/14079/4010 365/14080/4010
f 393/14081/4011 392/14082/4011 386/14083/4011 387/14084/4011
f 349/14085/4012 348/14086/4012 351/14087/4012 352/14088/4012
f 272/14089/4013 287/14090/4013 314/14091/4013 299/14092/4013
f 352/14093/4014 353/14094/4014 350/14095/4014 349/14096/4014
f 328/14097/4015 329/14098/4015 357/14099/4015 356/14100/4015
f 329/14101/4016 322/14102/4016 351/14103/4016 357/14104/4016
f 399/14105/4017 426/14106/4017 427/14107/4017 400/14108/4017
f 283/14109/4018 310/14110/4018 293/14111/4018 266/14112/4018
f 368/14113/4019 370/14114/4019 452/14115/4019 373/14116/4019
f 400/14117/4020 427/14118/4020 418/14119/4020 389/14120/4020
f 298/14121/4021 300/14122/4021 301/14123/4021 302/14124/4021
f 331/14125/4022 340/14126/4022 344/14127/4022 334/14128/4022
f 430/14129/4023 424/14130/4023 425/14131/4023 429/14132/4023
f 349/14133/4024 350/14134/4024 367/14135/4024 366/14136/4024
f 268/14137/4025 275/14138/4025 271/14139/4025 265/14140/4025
f 424/14141/4026 427/14142/4026 426/14143/4026 425/14144/4026
f 364/14145/4027 363/14146/4027 360/14147/4027 361/14148/4027
f 301/14149/4028 300/14150/4029 273/14151/4029 274/14152/4030
f 359/14153/4031 368/14154/4031 373/14155/4031 365/14156/4031
f 334/14157/4032 362/14158/4032 363/14159/4032 335/14160/4032
f 420/14161/4033 419/14162/4033 416/14163/4033 417/14164/4033
f 325/14165/4034 327/14166/4034 346/14167/4034 347/14168/4034
f 399/14169/4035 398/14170/4035 425/14171/4035 426/14172/4035
f 350/14173/4036 355/14174/4036 369/14175/4036 367/14176/4036
f 280/14177/4037 281/14178/4037 277/14179/4037 289/14180/4037
f 423/14181/4038 406/14182/4038 411/14183/4038 525/14184/4038
f 322/14185/4039 323/14186/4039 352/14187/4039 351/14188/4039
f 385/14189/4040 379/14190/4040 376/14191/4040 381/14192/4040
f 386/14193/4041 395/14194/4041 400/14195/4041 389/14196/4041
f 326/14197/4042 342/14198/4042 369/14199/4042 355/14200/4042
f 330/14201/4043 358/14202/4043 353/14203/4044 324/14204/4043
f 371/14205/4045 372/14206/4045 344/14207/4045 343/14208/4045
f 423/14209/4046 417/14210/4046 416/14211/4046 422/14212/4046
f 404/14213/4047 407/14214/4047 408/14215/4047 405/14216/4047
f 330/14217/4048 326/14218/4048 355/14219/4048 358/14220/4048
f 268/14221/4049 295/14222/4049 302/14223/4049 275/14224/4049
f 421/14225/4050 415/14226/4050 424/14227/4050 430/14228/4050
f 265/14229/4051 271/14230/4051 291/14231/4051 282/14232/4051
f 376/14233/4052 375/14234/4052 393/14235/4052 394/14236/4052
f 379/14237/4053 378/14238/4053 375/14239/4053 376/14240/4053
f 406/14241/4054 409/14242/4054 414/14243/4054 411/14244/4054
f 289/14245/4055 285/14246/4055 312/14247/4055 316/14248/4055
f 318/14249/4056 317/14250/4056 300/14251/4056 298/14252/4056
f 267/14253/4057 294/14254/4057 311/14255/4057 284/14256/4057
f 402/14257/4058 382/14258/4058 474/14259/4058 429/14260/4058
f 335/14261/4059 363/14262/4059 364/14263/4059 336/14264/4059
f 333/14265/4060 336/14266/4060 345/14267/4060 341/14268/4060
f 307/14269/4061 316/14270/4061 304/14271/4061 308/14272/4061
f 383/14273/4062 384/14274/4062 413/14275/4062 412/14276/4062
f 380/14277/4063 382/14278/4063 402/14279/4063 403/14280/4063
f 415/14281/4064 418/14282/4064 427/14283/4064 424/14284/4064
f 311/14285/4065 306/14286/4065 305/14287/4065 310/14288/4065
f 378/14289/4066 379/14290/4066 409/14291/4066 408/14292/4066
f 320/14293/4067 338/14294/4067 339/14295/4067 321/14296/4067
f 345/14297/4068 542/14298/4068 541/14299/4068 341/14300/4068
f 381/14301/4069 376/14302/4069 394/14303/4069 397/14304/4069
f 385/14305/4070 381/14306/4070 411/14307/4070 414/14308/4070
f 345/14309/4071 336/14310/4071 364/14311/4071 542/14312/4071
f 327/14313/4072 455/14314/4072 452/14315/4072 346/14316/4072
f 318/14317/4073 298/14318/4073 292/14319/4073 309/14320/4073
f 385/14321/4074 414/14322/4074 409/14323/4074 379/14324/4074
f 332/14325/4075 335/14326/4075 336/14327/4075 333/14328/4075
f 375/14329/4076 374/14330/4076 392/14331/4076 393/14332/4076
f 410/14333/4077 474/14334/4077 412/14335/4077 413/14336/4077
f 320/14337/4078 319/14338/4078 337/14339/4078 338/14340/4078
f 341/14341/4079 541/14342/4079 369/14343/4079 342/14344/4079
f 378/14345/4080 377/14346/4080 374/14347/4080 375/14348/4080
f 283/14349/4081 284/14350/4081 311/14351/4081 310/14352/4081
f 346/14353/4082 457/14354/4082 340/14355/4082 347/14356/4082
f 394/14357/4083 393/14358/4083 387/14359/4083 388/14360/4083
f 338/14361/4084 337/14362/4084 331/14363/4084 332/14364/4084
f 331/14365/4085 334/14366/4085 335/14367/4085 332/14368/4085
f 321/14369/4086 339/14370/4086 342/14371/4086 326/14372/4086
f 343/14373/4087 457/14374/4087 370/14375/4087 371/14376/4087
f 293/14377/4088 292/14378/4088 295/14379/4088 296/14380/4088
f 387/14381/4089 390/14382/4089 391/14383/4089 388/14384/4089
f 272/14385/4090 267/14386/4090 284/14387/4090 287/14388/4090
f 429/14389/4091 474/14390/4091 410/14391/4091 430/14392/4091
f 354/14393/4092 357/14394/4092 351/14395/4092 348/14396/4092
f 361/14397/4093 367/14398/4093 369/14399/4093 541/14400/4093
f 291/14401/4094 271/14402/4094 273/14403/4094 290/14404/4094
f 416/14405/4095 419/14406/4095 418/14407/4095 415/14408/4095
f 328/14409/4096 327/14410/4096 325/14411/4096 329/14412/4096
f 389/14413/4097 418/14414/4097 419/14415/4097 390/14416/4097
f 323/14417/4098 320/14418/4098 321/14419/4098 324/14420/4098
f 289/14421/4099 316/14422/4099 307/14423/4099 280/14424/4099
f 354/14425/4100 455/14426/4100 356/14427/4100 357/14428/4100
f 322/14429/4101 329/14430/4101 325/14431/4101 319/14432/4101
f 338/14433/4102 332/14434/4102 333/14435/4102 339/14436/4102
f 282/14437/4103 291/14438/4103 285/14439/4103 277/14440/4103
f 274/14441/4104 273/14442/4104 271/14443/4104 275/14444/4104
f 323/14445/4105 324/14446/4105 353/14447/4105 352/14448/4105
f 266/14449/4106 269/14450/4106 268/14451/4106 265/14452/4106
f 318/14453/4107 312/14454/4107 315/14455/4107 317/14456/4107
f 452/14457/4108 455/14458/4108 354/14459/4108 373/14460/4108
f 324/14461/4109 321/14462/4109 326/14463/4109 330/14464/4109
f 294/14465/4110 293/14466/4110 296/14467/4110 297/14468/4110
f 422/14469/4111 416/14470/4111 415/14471/4111 421/14472/4111
f 381/14473/4112 397/14474/4112 525/14475/4112 411/14476/4112
f 278/14477/4113 281/14478/4114 308/14479/4113 305/14480/4113
f 388/14481/4115 391/14482/4115 401/14483/4115 396/14484/4115
f 405/14485/4116 408/14486/4116 409/14487/4116 406/14488/4116
f 275/14489/4117 302/14490/4117 301/14491/4117 274/14492/4117
f 398/14493/4118 402/14494/4118 429/14495/4118 425/14496/4118
f 278/14497/4119 305/14498/4119 306/14499/4119 279/14500/4119
f 287/14501/4120 286/14502/4120 313/14503/4120 314/14504/4120
f 353/14505/4121 358/14506/4121 355/14507/4121 350/14508/4121
f 267/14509/4122 270/14510/4122 269/14511/4122 266/14512/4122
f 401/14513/4123 391/14514/4123 420/14515/4123 428/14516/4123
f 377/14517/4124 407/14518/4124 413/14519/4124 384/14520/4124
f 311/14521/4125 294/14522/4125 299/14523/4125 314/14524/4125
f 542/14525/4126 364/14526/4126 361/14527/4126 541/14528/4126
f 328/14529/4127 356/14530/4127 455/14531/4127 327/14532/4127
f 378/14533/4128 408/14534/4128 407/14535/4128 377/14536/4128
f 279/14537/4129 306/14538/4129 313/14539/4129 286/14540/4129
f 276/14541/4130 272/14542/4130 299/14543/4130 303/14544/4130
f 270/14545/4131 276/14546/4131 303/14547/4131 297/14548/4131
f 413/14549/4132 407/14550/4132 404/14551/4132 410/14552/4132
f 399/14553/4133 400/14554/4133 395/14555/4133 398/14556/4133
f 397/14557/4134 394/14558/4134 388/14559/4134 396/14560/4134
f 320/14561/4135 323/14562/4135 322/14563/4135 319/14564/4135
f 347/14565/4136 340/14566/4136 331/14567/4136 337/14568/4136
f 365/14569/4137 348/14570/4137 349/14571/4137 366/14572/4137
f 284/14573/4138 283/14574/4138 278/14575/4138 279/14576/4138
f 269/14577/4139 270/14578/4139 297/14579/4139 296/14580/4139
f 291/14581/4140 290/14582/4140 288/14583/4140 285/14584/4140
f 268/14585/4141 269/14586/4141 296/14587/4141 295/14588/4141
f 422/14589/4142 405/14590/4142 406/14591/4142 423/14592/4142
f 412/14593/4143 474/14594/4143 382/14595/4143 383/14596/4143
f 343/14597/4144 344/14598/4144 340/14599/4144 457/14600/4144
f 430/14601/4145 410/14602/4145 404/14603/4145 421/14604/4145
f 280/14605/4146 307/14606/4146 308/14607/4146 281/14608/4146
f 390/14609/4147 419/14610/4147 420/14611/4147 391/14612/4147
f 344/14613/4148 372/14614/4148 362/14615/4148 334/14616/4148
f 383/14617/4149 382/14618/4149 380/14619/4149 384/14620/4149
f 359/14621/4150 362/14622/4150 372/14623/4150 368/14624/4150
f 421/14625/4151 404/14626/4151 405/14627/4151 422/14628/4151
f 374/14629/4152 380/14630/4152 403/14631/4152 392/14632/4152
f 288/14633/4153 315/14634/4153 312/14635/4154 285/14636/4153
f 309/14637/4155 304/14638/4155 312/14639/4155 318/14640/4155
f 363/14641/4156 362/14642/4156 359/14643/4156 360/14644/4156
f 3292/14645/4157 3295/14646/4157 3303/14647/4157 3300/14648/4157
f 3293/14649/4158 3301/14650/4158 3302/14651/4158 3294/14652/4158
f 3299/14653/4159 3307/14654/4159 3304/14655/4159 3296/14656/4159
f 3296/14657/4160 3304/14658/4160 3305/14659/4160 3297/14660/4160
f 3298/14661/4161 3297/14662/4161 3305/14663/4161 3306/14664/4161
f 3292/14665/4162 3300/14666/4162 3301/14667/4162 3293/14668/4162
f 3295/14669/4163 3294/14670/4163 3302/14671/4163 3303/14672/4163
f 3299/14673/4164 3298/14674/4164 3306/14675/4164 3307/14676/4164
f 3489/14677/454 3516/14678/454 3576/14679/454
f 3582/14680/454 3580/14681/454 3581/14682/454
f 3490/14683/454 3517/14684/454 3586/14685/454
f 3496/14686/454 3525/14687/454 3588/14688/454
f 3585/14689/454 3590/14690/454 3494/14691/454
f 3491/14692/454 3518/14693/454 3575/14694/454
f 3595/14695/454 3515/14696/454 3594/14697/454
f 3591/14698/454 3583/14699/454 3495/14700/454
f 3488/14701/454 3597/14702/454 3579/14703/454
f 3645/14704/328 3672/14705/328 3734/14706/328
f 3736/14707/328 3738/14708/328 3737/14709/328
f 3646/14710/328 3673/14711/328 3733/14712/328
f 3681/14713/328 3652/14714/328 3744/14715/328
f 3746/14716/328 3741/14717/328 3650/14718/328
f 3647/14719/328 3674/14720/328 3743/14721/328
f 3751/14722/328 3671/14723/328 3745/14724/328
f 3739/14725/328 3747/14726/328 3651/14727/328
f 3644/14728/328 3753/14729/328 3752/14730/328
f 3489/14731/454 3578/14732/454 3516/14733/454
f 3582/14734/454 3523/14735/454 3580/14736/454
f 3490/14737/454 3577/14738/454 3517/14739/454
f 3496/14740/454 3524/14741/454 3525/14742/454
f 3585/14743/454 3521/14744/454 3590/14745/454
f 3491/14746/454 3587/14747/454 3518/14748/454
f 3595/14749/454 3589/14750/454 3515/14751/454
f 3591/14752/454 3522/14753/454 3583/14754/454
f 3488/14755/454 3596/14756/454 3597/14757/454
f 3645/14758/328 3732/14759/328 3672/14760/328
f 3736/14761/328 3679/14762/328 3738/14763/328
f 3646/14764/328 3742/14765/328 3673/14766/328
f 3681/14767/328 3680/14768/328 3652/14769/328
f 3746/14770/328 3677/14771/328 3741/14772/328
f 3647/14773/328 3731/14774/328 3674/14775/328
f 3751/14776/328 3750/14777/328 3671/14778/328
f 3739/14779/328 3678/14780/328 3747/14781/328
f 3644/14782/328 3735/14783/328 3753/14784/328
f 3573/14785/4165 3520/14786/4165 3584/14787/4165 3493/14788/4165
f 3560/14789/4166 3509/14790/4166 3665/14791/4166 3716/14792/4166
f 3695/14793/328 3642/14794/328 3781/14795/328 3780/14796/328
f 3564/14797/454 3532/14798/454 3565/14799/454 3511/14800/454
f 3609/14801/4167 3598/14802/4167 3601/14803/4167 3608/14804/4167
f 3514/14805/4168 3571/14806/4168 3727/14807/4168 3670/14808/4168
f 3757/14809/4169 3754/14810/4169 3765/14811/4169 3764/14812/4169
f 3534/14813/4170 3569/14814/4170 3611/14815/4171 3610/14816/4170
f 3776/14817/4172 3777/14818/4172 3692/14819/4172 3653/14820/4172
f 3550/14821/454 3504/14822/454 3480/14823/454 3551/14824/454
f 3671/14825/4173 3750/14826/4173 3594/14827/4173 3515/14828/4173
f 3555/14829/4174 3527/14830/4174 3683/14831/4174 3711/14832/4174
f 3536/14833/4175 3621/14834/4175 3620/14835/4175 3497/14836/4175
f 3636/14837/328 3660/14838/328 3706/14839/328 3707/14840/328
f 3609/14841/4176 3533/14842/4176 3689/14843/4176 3765/14844/4176
f 3546/14845/4177 3502/14846/4177 3614/14847/4177 3615/14848/4177
f 3711/14849/324 3662/14850/324 3506/14851/324 3555/14852/324
f 3628/14853/4178 3626/14854/4178 3630/14855/4178 3632/14856/4178
f 3541/14857/454 3540/14858/454 3499/14859/454 3485/14860/454
f 3604/14861/4179 3760/14862/4179 3725/14863/4179 3569/14864/4179
f 3710/14865/328 3662/14866/328 3711/14867/328 3683/14868/328
f 3732/14869/324 3645/14870/324 3489/14871/324 3576/14872/324
f 3664/14873/328 3715/14874/328 3685/14875/328 3714/14876/328
f 3611/14877/4180 3569/14878/4180 3725/14879/4180 3767/14880/4180
f 3529/14881/454 3559/14882/454 3508/14883/454 3558/14884/454
f 3545/14885/4181 3613/14886/4181 3612/14887/4181 3483/14888/4181
f 3759/14889/4182 3756/14890/4182 3763/14891/4182 3762/14892/4182
f 3528/14893/454 3557/14894/454 3507/14895/454 3556/14896/454
f 3734/14897/327 3672/14898/327 3516/14899/327 3578/14900/327
f 3740/14901/4183 3676/14902/4183 3729/14903/4183 3649/14904/4183
f 3606/14905/4184 3603/14906/4184 3759/14907/4184 3762/14908/4184
f 3607/14909/4185 3763/14910/4185 3756/14911/4185 3600/14912/4185
f 3769/14913/4186 3768/14914/4186 3657/14915/4186 3700/14916/4186
f 3615/14917/4187 3614/14918/4187 3482/14919/4187 3547/14920/4187
f 3693/14921/328 3643/14922/328 3779/14923/328 3778/14924/328
f 3606/14925/4188 3762/14926/4188 3727/14927/4188 3571/14928/4188
f 3612/14929/324 3501/14930/324 3657/14931/324 3768/14932/324
f 3533/14933/4189 3609/14934/4189 3608/14935/4189 3567/14936/4189
f 3570/14937/4190 3726/14938/4190 3691/14939/4190 3535/14940/4190
f 3762/14941/4191 3763/14942/4191 3691/14943/4191 3727/14944/4191
f 3701/14945/4192 3639/14946/4193 3768/14947/4193 3769/14948/4193
f 3670/14949/328 3727/14950/328 3691/14951/328 3726/14952/328
f 3535/14953/4194 3571/14954/4194 3514/14955/4194 3570/14956/4194
f 3611/14957/324 3767/14958/324 3669/14959/324 3513/14960/324
f 3605/14961/4195 3761/14962/4195 3755/14963/4195 3599/14964/4195
f 3708/14965/328 3661/14966/328 3748/14967/328 3749/14968/328
f 3601/14969/4196 3757/14970/4196 3764/14971/4196 3608/14972/4196
f 3526/14973/454 3553/14974/454 3592/14975/454 3593/14976/454
f 3598/14977/4197 3609/14978/4197 3765/14979/4197 3754/14980/4197
f 3561/14981/4198 3530/14982/4198 3686/14983/4198 3717/14984/4198
f 3627/14985/4199 3631/14986/4199 3633/14987/4199 3629/14988/4199
f 3538/14989/4200 3619/14990/4200 3617/14991/4200 3498/14992/4200
f 3558/14993/455 3508/14994/455 3664/14995/455 3714/14996/455
f 3697/14997/328 3641/14998/328 3655/14999/328 3696/15000/328
f 3586/15001/4201 3517/15002/4201 3673/15003/4201 3742/15004/4201
f 3744/15005/455 3652/15006/455 3496/15007/455 3588/15008/455
f 3637/15009/328 3659/15010/328 3704/15011/328 3705/15012/328
f 3770/15013/4202 3658/15014/4202 3702/15015/4202 3771/15016/4202
f 3748/15017/328 3709/15018/328 3682/15019/328 3749/15020/328
f 3638/15021/4203 3770/15022/4203 3771/15023/4203 3703/15024/4203
f 3560/15025/4204 3530/15026/4204 3561/15027/4204 3509/15028/4204
f 3613/15029/4205 3544/15030/4205 3501/15031/4205 3612/15032/4205
f 3605/15033/4206 3599/15034/4206 3602/15035/4206 3604/15036/4206
f 3736/15037/324 3737/15038/324 3581/15039/324 3580/15040/324
f 3534/15041/4207 3605/15042/4207 3604/15043/4207 3569/15044/4207
f 3621/15045/4208 3777/15046/4208 3774/15047/4208 3618/15048/4208
f 3620/15049/4209 3616/15050/4209 3772/15051/4209 3776/15052/4209
f 3696/15053/170 3655/15054/170 3499/15055/170 3540/15056/170
f 3506/15057/455 3662/15058/455 3710/15059/455 3554/15060/455
f 3507/15061/455 3663/15062/455 3712/15063/455 3556/15064/455
f 3623/15065/170 3622/15066/170 3778/15067/170 3779/15068/170
f 3501/15069/4210 3544/15070/4210 3700/15071/4210 3657/15072/4210
f 3621/15073/4211 3618/15074/4211 3616/15075/4211 3620/15076/4211
f 3634/15077/4212 3635/15078/4212 3519/15079/4212 3572/15080/4212
f 3539/15081/454 3624/15082/454 3625/15083/454 3486/15084/454
f 3520/15085/4213 3573/15086/4213 3729/15087/4213 3676/15088/4213
f 3680/15089/4214 3681/15090/4214 3525/15091/4214 3524/15092/4214
f 3612/15093/4215 3768/15094/4215 3639/15095/4215 3483/15096/4215
f 3613/15097/327 3769/15098/327 3700/15099/327 3544/15100/327
f 3610/15101/327 3568/15102/327 3724/15103/327 3766/15104/327
f 3543/15105/454 3542/15106/454 3500/15107/454 3484/15108/454
f 3699/15109/328 3640/15110/328 3656/15111/328 3698/15112/328
f 3784/15113/4216 3788/15114/4216 3786/15115/4216 3782/15116/4216
f 3629/15117/4217 3785/15118/4217 3783/15119/4217 3627/15120/4217
f 3513/15121/4218 3669/15122/4218 3724/15123/4218 3568/15124/4218
f 3512/15125/4219 3567/15126/4219 3723/15127/4219 3668/15128/4219
f 3610/15129/4220 3766/15130/4220 3690/15131/4220 3534/15132/4220
f 3548/15133/454 3503/15134/454 3481/15135/454 3549/15136/454
f 3764/15137/4221 3765/15138/4221 3689/15139/4221 3723/15140/4221
f 3531/15141/454 3563/15142/454 3510/15143/454 3562/15144/454
f 3607/15145/4222 3535/15146/4222 3691/15147/4222 3763/15148/4222
f 3493/15149/4223 3649/15150/4223 3729/15151/4223 3573/15152/4223
f 3483/15153/4224 3639/15154/4224 3701/15155/4224 3545/15156/4224
f 3560/15157/4225 3716/15158/4225 3686/15159/4225 3530/15160/4225
f 3547/15161/4226 3482/15162/4226 3638/15163/4226 3703/15164/4226
f 3760/15165/4227 3761/15166/4227 3690/15167/4227 3725/15168/4227
f 3520/15169/4228 3676/15170/4228 3740/15171/4228 3584/15172/4228
f 3772/15173/4229 3774/15174/4229 3777/15175/4229 3776/15176/4229
f 3668/15177/328 3723/15178/328 3689/15179/328 3722/15180/328
f 3519/15181/4230 3675/15182/4230 3728/15183/4230 3572/15184/4230
f 3599/15185/4231 3755/15186/4231 3758/15187/4231 3602/15188/4231
f 3684/15189/4232 3713/15190/4232 3557/15191/4232 3528/15192/4232
f 3574/15193/327 3730/15194/327 3791/15195/327 3635/15196/327
f 3492/15197/324 3634/15198/324 3790/15199/324 3648/15200/324
f 3535/15201/4233 3607/15202/4233 3606/15203/4233 3571/15204/4233
f 3561/15205/4234 3717/15206/4234 3665/15207/4234 3509/15208/4234
f 3554/15209/454 3527/15210/454 3555/15211/454 3506/15212/454
f 3608/15213/4235 3764/15214/4235 3723/15215/4235 3567/15216/4235
f 3716/15217/4236 3665/15218/4236 3717/15219/4236 3686/15220/4236
f 3566/15221/455 3512/15222/455 3668/15223/455 3722/15224/455
f 3579/15225/4237 3597/15226/4237 3753/15227/4237 3735/15228/4237
f 3532/15229/4238 3688/15230/4238 3721/15231/4238 3565/15232/4238
f 3487/15233/4239 3643/15234/4239 3693/15235/4239 3537/15236/4239
f 3583/15237/4240 3522/15238/4240 3678/15239/4240 3739/15240/4240
f 3628/15241/327 3632/15242/327 3788/15243/327 3784/15244/327
f 3542/15245/170 3698/15246/170 3656/15247/170 3500/15248/170
f 3492/15249/4241 3574/15250/4241 3635/15251/4241 3634/15252/4241
f 3648/15253/4242 3790/15254/4242 3791/15255/4242 3730/15256/4242
f 3537/15257/454 3622/15258/454 3623/15259/454 3487/15260/454
f 3615/15261/4243 3547/15262/4243 3703/15263/4243 3771/15264/4243
f 3552/15265/454 3593/15266/454 3592/15267/454 3505/15268/454
f 3758/15269/4244 3755/15270/4244 3761/15271/4244 3760/15272/4244
f 3669/15273/4245 3767/15274/4246 3766/15275/4247 3724/15276/4247
f 3492/15277/4248 3648/15278/4248 3730/15279/4248 3574/15280/4248
f 3621/15281/4249 3536/15282/4249 3692/15283/4249 3777/15284/4249
f 3663/15285/328 3713/15286/328 3684/15287/328 3712/15288/328
f 3720/15289/328 3667/15290/328 3721/15291/328 3688/15292/328
f 3773/15293/4250 3775/15294/4250 3694/15295/4250 3654/15296/4250
f 3614/15297/4251 3502/15298/4251 3658/15299/4251 3770/15300/4251
f 3615/15301/4252 3771/15302/4252 3702/15303/4253 3546/15304/4252
f 3576/15305/4254 3516/15306/4254 3672/15307/4254 3732/15308/4254
f 3682/15309/4255 3709/15310/4255 3553/15311/4255 3526/15312/4255
f 3704/15313/170 3659/15314/170 3503/15315/170 3548/15316/170
f 3541/15317/4256 3485/15318/4256 3641/15319/4256 3697/15320/4256
f 3630/15321/4257 3786/15322/4257 3788/15323/4257 3632/15324/4257
f 3616/15325/4258 3618/15326/4258 3774/15327/4258 3772/15328/4258
f 3489/15329/455 3645/15330/455 3734/15331/455 3578/15332/455
f 3539/15333/4259 3486/15334/4259 3642/15335/4259 3695/15336/4259
f 3480/15337/4260 3636/15338/4260 3707/15339/4260 3551/15340/4260
f 3562/15341/455 3510/15342/455 3666/15343/455 3718/15344/455
f 3591/15345/455 3495/15346/455 3651/15347/455 3747/15348/455
f 3670/15349/4261 3726/15350/4261 3570/15351/4261 3514/15352/4261
f 3787/15353/4262 3789/15354/4262 3633/15355/4262 3631/15356/4262
f 3580/15357/4263 3523/15358/4263 3679/15359/4263 3736/15360/4263
f 3564/15361/455 3511/15362/455 3667/15363/455 3720/15364/455
f 3693/15365/4264 3778/15366/4264 3622/15367/4264 3537/15368/4264
f 3695/15369/327 3780/15370/327 3624/15371/327 3539/15372/327
f 3697/15373/327 3696/15374/327 3540/15375/327 3541/15376/327
f 3718/15377/327 3687/15378/327 3531/15379/327 3562/15380/327
f 3720/15381/327 3688/15382/327 3532/15383/327 3564/15384/327
f 3497/15385/4265 3653/15386/4265 3692/15387/4265 3536/15388/4265
f 3590/15389/4266 3521/15390/4266 3677/15391/4266 3746/15392/4266
f 3625/15393/170 3624/15394/170 3780/15395/170 3781/15396/170
f 3484/15397/4267 3640/15398/4267 3699/15399/4267 3543/15400/4267
f 3572/15401/324 3728/15402/324 3790/15403/324 3634/15404/324
f 3738/15405/327 3679/15406/327 3523/15407/327 3582/15408/327
f 3742/15409/324 3646/15410/324 3490/15411/324 3586/15412/324
f 3579/15413/324 3735/15414/324 3644/15415/324 3488/15416/324
f 3681/15417/324 3744/15418/324 3588/15419/324 3525/15420/324
f 3746/15421/324 3650/15422/324 3494/15423/324 3590/15424/324
f 3644/15425/455 3752/15426/455 3596/15427/455 3488/15428/455
f 3713/15429/324 3663/15430/324 3507/15431/324 3557/15432/324
f 3491/15433/455 3647/15434/455 3743/15435/455 3587/15436/455
f 3719/15437/324 3666/15438/324 3510/15439/324 3563/15440/324
f 3581/15441/455 3737/15442/455 3738/15443/455 3582/15444/455
f 3531/15445/4268 3687/15446/4268 3719/15447/4268 3563/15448/4268
f 3498/15449/4269 3654/15450/4269 3694/15451/4269 3538/15452/4269
f 3656/15453/324 3640/15454/324 3484/15455/324 3500/15456/324
f 3721/15457/324 3667/15458/324 3511/15459/324 3565/15460/324
f 3731/15461/324 3647/15462/324 3491/15463/324 3575/15464/324
f 3733/15465/327 3673/15466/327 3517/15467/327 3577/15468/327
f 3493/15469/4270 3584/15470/4270 3740/15471/4270 3649/15472/4270
f 3652/15473/327 3680/15474/327 3524/15475/327 3496/15476/327
f 3739/15477/324 3651/15478/324 3495/15479/324 3583/15480/324
f 3554/15481/327 3710/15482/327 3683/15483/327 3527/15484/327
f 3781/15485/324 3642/15486/324 3486/15487/324 3625/15488/324
f 3747/15489/327 3678/15490/327 3522/15491/327 3591/15492/327
f 3709/15493/4271 3748/15494/4271 3592/15495/4271 3553/15496/4271
f 3749/15497/4272 3682/15498/4272 3526/15499/4272 3593/15500/4272
f 3750/15501/324 3751/15502/324 3595/15503/324 3594/15504/324
f 3752/15505/327 3753/15506/327 3597/15507/327 3596/15508/327
f 3715/15509/324 3664/15510/324 3508/15511/324 3559/15512/324
f 3595/15513/4273 3751/15514/4273 3745/15515/4273 3589/15516/4273
f 3600/15517/4274 3756/15518/4274 3759/15519/4274 3603/15520/4274
f 3605/15521/4275 3534/15522/4275 3690/15523/4275 3761/15524/4275
f 3614/15525/4276 3770/15526/4276 3638/15527/4277 3482/15528/4276
f 3585/15529/455 3494/15530/455 3650/15531/455 3741/15532/455
f 3617/15533/4278 3773/15534/4278 3654/15535/4278 3498/15536/4278
f 3790/15537/4279 3728/15538/4279 3675/15539/4279 3791/15540/4279
f 3620/15541/4280 3776/15542/4280 3653/15543/4280 3497/15544/4280
f 3610/15545/4281 3611/15546/4281 3513/15547/4281 3568/15548/4281
f 3617/15549/4282 3619/15550/4282 3775/15551/4282 3773/15552/4282
f 3626/15553/4283 3628/15554/4283 3784/15555/4283 3782/15556/4283
f 3490/15557/455 3646/15558/455 3733/15559/455 3577/15560/455
f 3559/15561/4284 3529/15562/4284 3685/15563/4284 3715/15564/4284
f 3504/15565/170 3550/15566/170 3706/15567/170 3660/15568/170
f 3627/15569/4285 3783/15570/4285 3787/15571/4285 3631/15572/4285
f 3619/15573/4286 3538/15574/4286 3694/15575/4286 3775/15576/4286
f 3519/15577/327 3635/15578/327 3791/15579/327 3675/15580/327
f 3607/15581/4287 3600/15582/4287 3603/15583/4287 3606/15584/4287
f 3566/15585/4288 3722/15586/4288 3689/15587/4288 3533/15588/4288
f 3613/15589/4289 3545/15590/4289 3701/15591/4289 3769/15592/4289
f 3604/15593/4290 3602/15594/4290 3758/15595/4290 3760/15596/4290
f 3666/15597/328 3719/15598/328 3687/15599/328 3718/15600/328
f 3533/15601/4291 3567/15602/4291 3512/15603/4291 3566/15604/4291
f 3714/15605/327 3685/15606/327 3529/15607/327 3558/15608/327
f 3712/15609/327 3684/15610/327 3528/15611/327 3556/15612/327
f 3575/15613/4292 3518/15614/4292 3674/15615/4292 3731/15616/4292
f 3708/15617/4293 3749/15618/4293 3593/15619/4293 3552/15620/4293
f 3707/15621/327 3706/15622/327 3550/15623/327 3551/15624/327
f 3748/15625/324 3661/15626/324 3505/15627/324 3592/15628/324
f 3705/15629/327 3704/15630/327 3548/15631/327 3549/15632/327
f 3745/15633/327 3671/15634/327 3515/15635/327 3589/15636/327
f 3699/15637/327 3698/15638/327 3542/15639/327 3543/15640/327
f 3743/15641/327 3674/15642/327 3518/15643/327 3587/15644/327
f 3741/15645/327 3677/15646/327 3521/15647/327 3585/15648/327
f 3655/15649/324 3641/15650/324 3485/15651/324 3499/15652/324
f 3546/15653/4294 3702/15654/4294 3658/15655/4294 3502/15656/4294
f 3779/15657/324 3643/15658/324 3487/15659/324 3623/15660/324
f 3659/15661/324 3637/15662/324 3481/15663/324 3503/15664/324
f 3660/15665/4295 3636/15666/4295 3480/15667/4295 3504/15668/4295
f 3661/15669/455 3708/15670/455 3552/15671/455 3505/15672/455
f 3637/15673/4296 3705/15674/4296 3549/15675/4296 3481/15676/4296
f 3767/15677/4297 3725/15678/4297 3690/15679/4297 3766/15680/4297
f 3789/15681/4298 3787/15682/4298 3783/15683/4298 3785/15684/4298
f 3626/15685/324 3782/15686/324 3786/15687/324 3630/15688/324
f 3598/15689/4299 3754/15690/4299 3757/15691/4299 3601/15692/4299
f 3629/15693/4300 3633/15694/4300 3789/15695/4300 3785/15696/4300
