# Blender v3.0.0 OBJ File: 'aa.blend'
# www.blender.org
mtllib Stall_3.mtl
o Stall_3
v 1.018918 1.039464 0.271458
v 1.018919 0.728463 1.277025
v -1.061372 0.728463 1.277026
v -1.061157 1.040606 0.267309
v 1.018918 1.126380 0.271441
v -1.061584 1.131813 0.275570
v 1.022433 0.973469 0.472826
v 1.018919 0.915009 0.673596
v 1.037282 0.852245 0.874727
v 1.018919 0.790663 1.075912
v -1.061372 0.790663 1.075913
v -1.052383 0.852946 0.874861
v -1.071439 0.918764 0.690778
v -1.052216 0.976530 0.471937
v 1.018540 1.069759 0.497509
v 1.018922 0.986851 0.698891
v 1.038226 0.963069 0.899838
v 1.018919 0.862630 1.101126
v -1.061372 0.862630 1.101126
v -1.052392 0.932616 0.900246
v -1.070580 0.974226 0.711565
v 1.037289 0.792127 1.057154
v -1.052383 0.796344 1.057221
v 1.041169 0.899093 1.081180
v -1.052374 0.874812 1.082201
v 1.018919 0.858062 0.858278
v -1.070323 0.866800 0.863743
v 1.018919 0.930148 0.883385
v -1.070207 0.928067 0.890257
v 1.022472 0.923339 0.658590
v -1.051928 0.918557 0.662049
v 1.020838 1.018307 0.683110
v -1.052086 0.983060 0.687384
v -1.061393 0.980799 0.460136
v -1.061345 1.060089 0.484377
v 1.018918 0.981334 0.459412
v 1.018918 1.053321 0.484679
v 1.007815 0.991243 0.462884
v 1.007859 0.987215 0.475938
v 1.007820 0.929752 0.661782
v 1.007815 0.924938 0.677215
v 1.007815 0.867935 0.861582
v 1.007817 0.862761 0.878284
v 1.007814 0.806301 1.060877
v 1.007816 0.800573 1.079383
v 1.007815 1.043399 0.481112
v 1.007766 1.038680 0.494907
v 1.007813 0.981675 0.680575
v 1.007815 0.977138 0.695379
v 1.007813 0.919993 0.879969
v 1.007813 0.914999 0.896466
v 1.007817 0.858518 1.078906
v 1.007816 0.852721 1.097654
v -1.029297 0.980265 0.464262
v -1.041084 1.032836 0.490534
v -1.041389 0.924935 0.676920
v -1.041118 0.980599 0.695570
v -1.041278 0.862720 0.878219
v -1.041276 0.914791 0.896522
v -1.041280 0.800573 1.079385
v -1.041280 0.852721 1.097655
v -1.041280 0.806344 1.060725
v -1.041280 0.858492 1.078995
v -1.041330 0.868051 0.861671
v -1.041219 0.919831 0.880679
v -1.041340 0.929704 0.662086
v -1.041212 0.981636 0.680415
v -1.041308 1.042663 0.481069
v 0.501094 0.728463 1.277025
v -0.534558 0.728463 1.277026
v -0.534636 1.037749 0.277690
v 0.501012 1.040322 0.268340
v 0.501094 0.800430 1.302239
v -0.534478 1.118098 0.314248
v 0.501175 1.125554 0.274572
v 0.501094 0.862630 1.101126
v -0.534558 0.862630 1.101126
v 0.495540 0.939110 0.888997
v -0.540834 0.943079 0.898267
v 0.491034 0.978412 0.706212
v 0.495652 1.057657 0.502150
v 0.501093 0.976313 0.472416
v -0.534586 0.978516 0.474425
v 0.499077 0.914733 0.675885
v -0.538585 0.920474 0.697520
v 0.499931 0.855001 0.873207
v -0.535219 0.854348 0.874556
v 0.501094 0.790663 1.075912
v -0.534558 0.790663 1.075913
v 0.501092 0.796090 1.057287
v -0.534558 0.796616 1.057317
v 0.505381 0.879372 1.081863
v -0.534558 0.877052 1.083062
v 0.499351 0.860042 0.855973
v -0.535605 0.862324 0.859256
v 0.492492 0.928936 0.870848
v -0.542112 0.946301 0.882875
v 0.498821 0.920267 0.661433
v -0.537118 0.924350 0.658236
v 0.489320 0.995832 0.694280
v 0.501093 0.981334 0.459412
v -0.534567 0.981946 0.458810
v 0.500326 1.053127 0.487005
v -0.534914 1.061050 0.484571
v 0.495543 0.852721 1.097654
v -0.529005 0.852721 1.097654
v 0.489593 0.915964 0.886245
v -0.534546 0.926416 0.895659
v 0.487045 0.969847 0.702276
v -0.538748 1.001479 0.693709
v 0.494456 1.039610 0.497342
v -0.529670 1.040581 0.494097
v 0.495543 0.987209 0.475903
v 0.492708 0.924028 0.679950
v -0.532147 0.932041 0.676681
v 0.493786 0.865012 0.875804
v -0.530266 0.865714 0.878147
v 0.495541 0.800573 1.079384
v -0.529005 0.800573 1.079384
v 0.495543 0.806381 1.060577
v -0.529005 0.806344 1.060724
v 0.495541 0.858492 1.078994
v -0.529005 0.858492 1.078995
v 0.493104 0.870368 0.858681
v -0.530802 0.871805 0.860714
v 0.488284 0.920870 0.868980
v -0.535721 0.933505 0.878200
v 0.492417 0.928531 0.665851
v -0.532376 0.937036 0.660964
v 0.486470 0.973576 0.688863
v -0.538597 1.001344 0.678722
v 0.495541 0.991243 0.462884
v -0.528978 0.989406 0.464693
v 0.495026 1.043287 0.483019
v -0.529235 1.044811 0.481419
v -0.687736 0.879009 1.099728
v 0.663740 0.878229 1.099580
v 0.663651 1.080148 0.497616
v -0.688524 1.083375 0.499828
v -0.724243 0.922206 1.141168
v -0.710015 0.915887 1.120694
v 0.684546 0.913243 1.120515
v 0.694640 0.919935 1.155083
v -0.711432 1.118667 0.503883
v -0.756554 1.129948 0.479743
v 0.684436 1.122057 0.497247
v 0.700507 1.126326 0.478540
v -0.796471 0.885830 1.140078
v -0.741917 0.910931 1.152494
v -0.739287 0.879764 1.175468
v 0.718166 0.907374 1.170946
v 0.740212 0.883226 1.161869
v 0.720554 0.876811 1.169092
v 0.725985 1.132436 0.451481
v 0.698361 1.106175 0.421731
v 0.732884 1.112165 0.447148
v -0.753581 1.134458 0.445244
v -0.798068 1.113202 0.439702
v -0.712126 1.118132 0.424286
v -0.797391 0.805648 1.135993
v -0.737257 0.803107 1.173085
v 0.743996 0.787103 1.142441
v 0.707200 0.787898 1.156578
v 0.697851 1.001061 0.418817
v 0.732167 1.019348 0.441544
v -0.803756 1.043011 0.437818
v -0.723734 1.045575 0.423394
v -0.238106 0.878008 1.100364
v 0.212612 0.878505 1.099432
v -0.245189 0.905023 1.115646
v 0.219881 0.916490 1.119687
v 0.222299 0.923140 1.134318
v -0.349534 0.922458 1.143126
v -0.334499 0.914163 1.169690
v 0.212919 0.913184 1.174519
v 0.210604 0.860643 1.170316
v -0.326643 0.876639 1.176430
v -0.372021 0.784268 1.173795
v 0.231635 0.800726 1.170799
v 0.659722 0.979702 0.798292
v 0.680138 1.017680 0.810330
v 0.691717 1.022857 0.820671
v 0.747888 1.013344 0.809200
v 0.748714 1.003041 0.808517
v 0.743448 0.911143 0.794401
v -0.700983 0.999120 0.796400
v -0.718549 1.038181 0.769910
v -0.761065 1.033381 0.797011
v -0.787982 0.985054 0.904998
v -0.816236 0.976055 0.888572
v -0.821118 0.889420 0.866299
v -0.300636 1.080071 0.495857
v -0.309839 1.112950 0.498783
v -0.316026 1.146154 0.480835
v -0.320045 1.150823 0.466372
v -0.332354 1.139542 0.432878
v -0.352882 1.026207 0.430931
v 0.266436 1.144049 0.482852
v 0.272493 1.144832 0.445118
v 0.252765 1.080317 0.496916
v 0.261313 1.124244 0.499173
v 0.274156 1.152655 0.455989
v 0.261897 1.048551 0.443622
v 0.249323 1.124004 0.485379
v -0.271246 1.123866 0.485227
v 0.249324 0.905061 1.138287
v -0.271468 0.905048 1.138283
v 0.268572 1.124004 0.485379
v 0.268572 0.905061 1.138287
v -0.296748 1.123933 0.485312
v -0.296819 0.905071 1.138291
v 0.278884 1.094491 0.477123
v 0.239012 1.094491 0.477123
v 0.278884 0.871595 1.141818
v 0.239012 0.871595 1.141818
v -0.260957 1.094355 0.476982
v -0.261159 0.871595 1.141819
v -0.307100 1.094472 0.477107
v -0.307160 0.871601 1.141821
v 0.242016 0.891847 1.141098
v 0.678575 0.887225 1.139157
v 0.682320 1.106262 0.484845
v 0.296710 0.927852 1.107184
v 0.614005 0.959781 1.065504
v 0.634134 1.116318 0.569384
v 0.277955 1.083237 0.565331
v 0.350079 0.906380 1.156391
v 0.461749 0.898782 1.146715
v 0.575442 0.908986 1.156952
v 0.573343 1.117297 0.484016
v 0.461263 1.111938 0.488520
v 0.350957 1.115276 0.485192
v 0.368942 0.947613 1.116834
v 0.461586 0.962427 1.100060
v 0.554508 0.951492 1.118105
v 0.548900 1.119457 0.564538
v 0.461695 1.109459 0.573468
v 0.371922 1.098849 0.571018
v 0.685936 0.959377 0.985570
v 0.682525 1.006428 0.816713
v 0.683070 1.059030 0.650768
v 0.253805 0.938776 0.981055
v 0.260467 0.987357 0.811779
v 0.248740 1.032649 0.659635
v 0.635235 0.990827 0.956706
v 0.642344 1.018521 0.834137
v 0.624530 1.069616 0.698711
v 0.310460 0.942071 1.018884
v 0.307858 0.992290 0.824929
v 0.296149 1.035582 0.704821
v 0.572101 0.995459 0.971585
v 0.534103 1.018591 0.803655
v 0.544616 1.061875 0.699611
v 0.469733 0.993034 0.955401
v 0.454700 1.013645 0.812772
v 0.447201 1.054039 0.704350
v 0.390419 0.973957 0.971781
v 0.378443 1.010699 0.806906
v 0.381305 1.044819 0.713944
v -0.284810 0.897152 1.146059
v 0.243247 1.106416 0.483905
v -0.196587 0.969916 1.102477
v 0.177286 0.947829 1.089269
v 0.188449 1.106638 0.566751
v -0.223441 1.103026 0.550396
v -0.139588 0.902746 1.154257
v -0.011307 0.901658 1.151715
v 0.117215 0.904037 1.151265
v 0.116509 1.113846 0.484410
v -0.011403 1.107739 0.484484
v -0.138528 1.109865 0.483744
v -0.115233 0.964225 1.119947
v -0.011840 0.957711 1.118712
v 0.098216 0.940930 1.123520
v 0.097695 1.111489 0.556212
v -0.003856 1.103925 0.553884
v -0.114050 1.103510 0.551615
v -0.285107 0.957094 0.983126
v -0.272901 1.046885 0.641363
v 0.193702 0.995082 0.960082
v 0.217651 1.020803 0.834157
v 0.193177 1.068467 0.697770
v -0.214874 0.999626 0.975513
v -0.201329 1.016690 0.827161
v -0.213020 1.053093 0.686382
v 0.129580 1.002694 0.976166
v 0.100792 1.055419 0.802225
v 0.093676 1.080931 0.690929
v -0.004936 1.012947 0.969676
v 0.007896 1.046442 0.819302
v -0.006284 1.072536 0.680818
v -0.108787 1.010072 0.962100
v -0.104996 1.030713 0.815670
v -0.107296 1.062980 0.677607
v -0.744236 0.898691 1.147411
v -0.284534 1.108073 0.484268
v -0.744313 1.109059 0.484923
v -0.686115 0.937861 1.098928
v -0.349848 0.935659 1.092927
v -0.353106 1.114087 0.566250
v -0.714122 1.123627 0.554074
v -0.633726 0.900910 1.149566
v -0.522891 0.901968 1.151524
v -0.411899 0.901383 1.149396
v -0.412755 1.110839 0.484923
v -0.523040 1.121190 0.482963
v -0.634039 1.112149 0.484422
v -0.617069 0.935873 1.120545
v -0.523017 0.938678 1.121426
v -0.428879 0.935349 1.120798
v -0.434438 1.124132 0.553514
v -0.524125 1.140283 0.555225
v -0.624024 1.131423 0.554478
v -0.269192 0.994439 0.808100
v -0.741122 0.949397 0.980977
v -0.752765 1.023865 0.817236
v -0.751457 1.075271 0.649630
v -0.346880 0.989767 0.955846
v -0.333121 1.026635 0.831474
v -0.352019 1.082239 0.689376
v -0.699118 0.981355 0.985223
v -0.709991 1.055024 0.834162
v -0.722431 1.094449 0.694468
v -0.411682 0.993182 0.980141
v -0.447216 1.070399 0.798913
v -0.449077 1.107053 0.682117
v -0.511220 0.990679 1.020257
v -0.510942 1.082171 0.836921
v -0.505629 1.123407 0.693020
v -0.596744 1.001232 0.976339
v -0.619051 1.079083 0.822635
v -0.625692 1.113391 0.689513
v -1.061372 0.813415 1.260255
v -1.061372 0.760983 1.288419
v -1.008182 0.800430 1.302240
v -0.244920 0.800430 1.302239
v -0.534558 0.812314 1.263815
v -0.575010 0.800430 1.302240
v -0.534558 0.764328 1.289591
v 0.806141 0.800430 1.302239
v 1.018919 0.752255 1.285361
v 1.018919 0.816288 1.250965
v -1.020917 1.038990 0.497412
v -1.052701 1.021404 0.493789
v -1.052333 1.030211 0.527191
v 0.983651 0.000000 0.306194
v -1.024673 0.000000 0.306195
v -1.024673 1.079904 0.306194
v 0.983651 0.697532 0.306193
v -1.024673 0.496584 1.242292
v -1.024673 0.252672 1.242292
v -1.024673 0.560925 1.242292
v -1.024673 0.739102 0.306194
v 0.943593 0.000001 1.198686
v 0.943593 0.000000 0.346820
v 0.943593 1.067339 0.346819
v 0.943593 0.803875 1.198685
v -1.002324 0.000000 0.355721
v -0.984615 0.000001 1.198687
v -0.984615 0.803875 1.198686
v -1.002324 1.067339 0.355720
v -0.984615 0.257168 1.198686
v -1.002324 0.344989 0.355721
v -0.984615 0.513513 1.198686
v -1.002324 0.689156 0.355721
v 0.943593 0.344989 0.346820
v 0.943593 0.257168 1.198685
v 0.943593 0.689156 0.346820
v 0.943593 0.513513 1.198685
v 0.943593 0.381060 0.346820
v 0.943593 0.284034 1.198685
v -0.984615 0.284034 1.198686
v -1.002324 0.381060 0.355721
v -0.984615 0.544103 1.198686
v -1.002324 0.717622 0.355720
v 0.943593 0.730225 0.346820
v 0.943593 0.544103 1.198685
v 0.983651 0.000000 0.346820
v 0.983651 0.739102 0.306193
v 0.983651 1.079904 0.306193
v 0.983651 0.803875 1.198685
v 0.983651 0.790389 1.242291
v 0.983651 0.246575 1.242291
v 0.983651 0.000001 1.242291
v -1.024673 0.000001 1.242292
v -1.024673 0.000001 1.198687
v -1.024673 1.067339 0.346821
v -1.024673 0.349177 0.306194
v 0.983651 0.349177 0.306193
v 0.983651 0.385687 0.306193
v -1.024673 0.344989 0.346821
v -1.046829 0.689156 0.346821
v -1.046829 0.697532 0.306194
v 0.983651 0.257168 1.198685
v 0.983651 0.513513 1.198685
v 0.983651 0.504522 1.242291
v 0.983651 0.279068 1.242291
v -1.046829 0.385687 0.306194
v 0.983651 0.284034 1.198685
v -1.046829 0.381060 0.346821
v 0.983651 0.562357 1.242291
v -1.024673 0.790389 1.242292
v -1.024673 0.730225 0.346821
v 0.983651 0.544103 1.198685
v 0.983651 0.000001 1.198686
v 0.983651 1.067339 0.346819
v -1.024673 0.000000 0.346821
v -1.024673 0.803875 1.198686
v -1.024673 0.257168 1.198686
v -1.024673 0.513513 1.198686
v 0.983651 0.344989 0.346820
v 0.983651 0.689156 0.346820
v 0.983651 0.381060 0.346820
v -1.024673 0.284034 1.198686
v -1.024673 0.544103 1.198686
v 0.983651 0.730225 0.346820
v 0.975837 0.000001 1.184137
v 0.975837 0.000000 0.361369
v 0.975837 1.067339 0.361368
v 0.975837 0.803875 1.184136
v -1.016859 0.000000 0.361370
v -1.016858 0.000001 1.184138
v -1.016858 0.803875 1.184137
v -1.016859 1.067339 0.361369
v -1.016858 0.257168 1.184138
v -1.016859 0.344989 0.361370
v -1.016858 0.512369 1.184137
v -1.016859 0.683697 0.361369
v 0.975837 0.344989 0.361369
v 0.975837 0.257168 1.184137
v 0.975837 0.672236 0.361368
v 0.975837 0.509967 1.184137
v 0.975837 0.387598 0.361369
v 0.975837 0.297961 1.184137
v -1.016858 0.288527 1.184138
v -1.016859 0.383169 0.361370
v -1.016858 0.544103 1.184137
v -1.016859 0.724094 0.361369
v 0.975837 0.730225 0.361368
v 0.975837 0.544103 1.184137
v -0.355232 0.000001 1.242292
v 0.314209 0.000001 1.242292
v 0.314209 0.790389 1.242291
v -0.355232 0.790389 1.242291
v 0.314209 0.000000 0.306194
v -0.355232 0.000000 0.306194
v -0.355232 1.079904 0.306194
v 0.314209 1.079904 0.306193
v -0.355232 0.349177 0.306194
v 0.314209 0.349177 0.306194
v -0.355232 0.697532 0.306194
v 0.314209 0.697532 0.306193
v 0.314209 0.492523 1.242291
v 0.314209 0.279068 1.242291
v -0.355232 0.287006 1.242292
v -0.355232 0.385687 0.306194
v 0.314209 0.385687 0.306194
v -0.341879 0.544103 1.198686
v 0.300856 0.544103 1.198686
v -0.355232 0.739102 0.306194
v 0.314209 0.739102 0.306193
v 0.314209 0.534575 1.242291
v -0.355232 0.534575 1.242292
v -0.341879 0.513513 1.198686
v 0.300856 0.513513 1.198686
v 0.300856 0.257168 1.198686
v -0.341879 0.257168 1.198686
v 0.300856 0.284034 1.198686
v -0.341879 0.284034 1.198686
v 0.300856 0.381060 0.346820
v -0.341880 0.381060 0.346821
v 0.300856 0.344989 0.346820
v -0.341880 0.344989 0.346821
v -0.341880 0.689156 0.346820
v 0.300856 0.689156 0.346820
v -0.341880 0.717622 0.346820
v 0.300856 0.730225 0.346820
v -0.984615 0.286442 0.914731
v -0.984615 0.315715 0.630776
v -0.984615 0.572060 0.914731
v -0.984615 0.630608 0.630776
v 0.943593 0.315715 0.630775
v 0.943593 0.286442 0.914730
v 0.943593 0.630608 0.630775
v 0.943593 0.572060 0.914730
v 0.943593 0.348718 0.630775
v 0.943593 0.316376 0.914730
v -0.984615 0.316376 0.914731
v -0.984615 0.348718 0.630776
v -0.984615 0.606144 0.914731
v -0.984615 0.662443 0.630776
v 0.943593 0.668185 0.630775
v 0.943593 0.606144 0.914730
v 0.975837 0.000001 0.909881
v 0.975837 0.000001 0.635625
v 0.975837 0.979518 0.635624
v 0.975837 0.891696 0.909880
v -1.016859 0.000001 0.635626
v -1.016859 0.000001 0.909882
v -1.016859 0.891696 0.909881
v -1.016859 0.979518 0.635625
v -1.016859 0.286442 0.909882
v -1.016859 0.315715 0.635626
v -1.016859 0.561704 0.909881
v -1.016859 0.618814 0.635625
v 0.975837 0.315715 0.635625
v 0.975837 0.275797 0.909881
v 0.983233 0.618146 0.635624
v 0.983233 0.575090 0.909880
v 0.983233 0.357719 0.635625
v 0.983233 0.327840 0.909881
v -1.016859 0.320074 0.909882
v -1.016859 0.351622 0.635626
v -1.016859 0.606144 0.909881
v -1.016859 0.670892 0.635625
v 0.975837 0.668185 0.635624
v 0.975837 0.606144 0.909880
v -1.003875 0.287006 1.242292
v -1.024673 0.306546 1.242292
v -1.024673 0.285592 1.221549
v -0.355232 0.228228 1.242292
v 0.314209 0.246575 1.242291
v -0.347656 0.255223 1.217551
v -0.679299 0.254893 1.252915
v -0.390213 0.496584 1.242292
v -0.355232 0.463717 1.242292
v -0.054871 0.500145 1.242291
v -0.345706 0.508661 1.211184
v -1.634767 -0.000001 -0.538489
v -1.634846 3.002122 -0.530202
v -1.559247 -0.000001 -0.495014
v -1.566648 3.002122 -0.490942
v -1.560063 -0.000000 -0.409513
v -1.567385 3.002122 -0.413731
v -1.636399 -0.000000 -0.367487
v -1.636319 3.002122 -0.375780
v -1.711919 -0.000000 -0.410962
v -1.704517 3.002122 -0.415040
v -1.711103 -0.000001 -0.496463
v -1.703780 3.002122 -0.492251
v -1.742925 2.941838 -0.878317
v -1.692457 2.962618 -0.855673
v -1.692880 3.004177 -0.811351
v -1.743770 3.024957 -0.789673
v -1.794239 3.004177 -0.812318
v -1.793816 2.962618 -0.856640
v -1.648319 0.000001 1.166480
v -1.648318 2.373858 1.166478
v -1.580121 0.000001 1.205740
v -1.580121 2.373858 1.205738
v -1.580858 0.000001 1.282951
v -1.580858 2.373858 1.282949
v -1.649792 0.000001 1.320902
v -1.649792 2.373858 1.320900
v -1.717990 0.000001 1.281642
v -1.717990 2.373858 1.281640
v -1.717253 0.000001 1.204431
v -1.717253 2.373858 1.204429
v -1.649064 1.556205 1.164423
v -1.594251 1.556206 1.195978
v -1.594843 1.556206 1.258036
v -1.650249 1.556205 1.288540
v -1.705062 1.556206 1.256984
v -1.704470 1.556206 1.194926
v -1.598813 0.514967 1.195925
v -1.599441 0.514967 1.261756
v -1.658216 0.514967 1.294114
v -1.716362 0.514967 1.260641
v -1.715734 0.514967 1.194809
v -1.656959 0.514967 1.162452
v -1.746394 2.475689 -0.514816
v -1.700921 2.494412 -0.494412
v -1.701302 2.531859 -0.454477
v -1.747156 2.550583 -0.434945
v -1.792629 2.531859 -0.455348
v -1.792248 2.494412 -0.495284
v -1.717000 1.920231 0.001074
v -1.711683 1.952682 0.035727
v -1.754267 1.971683 0.055442
v -1.796466 1.952682 0.034917
v -1.790490 1.920232 0.000373
v -1.753592 1.905100 -0.015288
v -1.719212 0.646176 1.008869
v -1.719550 0.668990 1.044292
v -1.757391 0.680398 1.061644
v -1.794894 0.668990 1.043573
v -1.794555 0.646176 1.008150
v -1.756715 0.634769 0.990797
v -1.762982 0.000002 1.508354
v -1.700505 0.000002 1.544320
v -1.701180 0.000002 1.615052
v -1.764332 0.000002 1.649819
v -1.826809 0.000002 1.613853
v -1.826134 0.000002 1.543121
v 1.625315 -0.000001 -0.509259
v 1.625218 3.002122 -0.499089
v 1.547298 -0.000001 -0.466308
v 1.556283 3.002122 -0.461138
v 1.546464 -0.000000 -0.378924
v 1.555547 3.002122 -0.383927
v 1.623647 -0.000000 -0.334491
v 1.623744 3.002122 -0.344667
v 1.701664 -0.000000 -0.377443
v 1.692678 3.002122 -0.382618
v 1.702497 -0.000000 -0.464827
v 1.693415 3.002122 -0.459829
v 1.739921 2.941838 -0.845078
v 1.689031 2.962618 -0.823401
v 1.688607 3.004177 -0.779079
v 1.739075 3.024957 -0.756435
v 1.789966 3.004177 -0.778112
v 1.790389 2.962618 -0.822434
v 1.611745 0.000001 1.197592
v 1.611745 2.373858 1.197590
v 1.542810 0.000001 1.235543
v 1.542811 2.373858 1.235541
v 1.542074 0.000001 1.312754
v 1.542074 2.373858 1.312752
v 1.610271 0.000001 1.352014
v 1.610271 2.373858 1.352012
v 1.679205 0.000001 1.314063
v 1.679205 2.373858 1.314061
v 1.679942 0.000001 1.236852
v 1.679942 2.373858 1.236850
v 1.607518 1.911512 1.223685
v 1.549207 1.911512 1.255787
v 1.548584 1.911512 1.321100
v 1.606272 1.911512 1.354310
v 1.664583 1.911512 1.322207
v 1.665206 1.911512 1.256894
v 1.557163 0.604123 1.219951
v 1.556469 0.604123 1.292640
v 1.620672 0.604123 1.329601
v 1.685569 0.604123 1.293873
v 1.686263 0.604123 1.221183
v 1.622060 0.604123 1.184223
v 1.736452 2.475689 -0.481577
v 1.690598 2.494412 -0.462045
v 1.690217 2.531859 -0.422109
v 1.735690 2.550583 -0.401706
v 1.781544 2.531859 -0.421238
v 1.781925 2.494412 -0.461174
v 1.697297 1.701370 0.199814
v 1.696953 1.735252 0.235947
v 1.738097 1.752193 0.254408
v 1.779585 1.735252 0.236736
v 1.779930 1.701370 0.200602
v 1.738786 1.684429 0.182141
v 1.684639 0.852898 0.918513
v 1.684308 0.885326 0.953096
v 1.723687 0.901539 0.970764
v 1.763395 0.885326 0.953850
v 1.763725 0.852898 0.919268
v 1.724347 0.836684 0.901599
v 1.719913 0.000002 1.536324
v 1.674004 0.000002 1.561599
v 1.673513 0.000002 1.613019
v 1.718931 0.000002 1.639164
v 1.764840 0.000002 1.613890
v 1.765331 0.000002 1.562470
v 1.603550 2.292222 -0.496188
v 1.544300 2.292222 -0.463568
v 1.543667 2.292222 -0.397205
v 1.602284 2.292223 -0.363461
v 1.661533 2.292222 -0.396080
v 1.662166 2.292222 -0.462443
v 1.579908 0.776317 -0.440509
v 1.579211 0.776317 -0.367407
v 1.643779 0.776317 -0.330237
v 1.709044 0.776317 -0.366168
v 1.709741 0.776317 -0.439270
v 1.645174 0.776317 -0.476440
v -1.645300 0.685157 -0.549837
v -1.578755 0.685157 -0.511528
v -1.579474 0.685157 -0.436187
v -1.646738 0.685157 -0.399156
v -1.713284 0.685157 -0.437464
v -1.712565 0.685157 -0.512805
v -1.640204 1.966758 -0.526327
v -1.572832 1.966758 -0.487543
v -1.573560 1.966758 -0.411268
v -1.641659 1.966758 -0.373776
v -1.709031 1.966758 -0.412561
v -1.708303 1.966758 -0.488836
v 1.942808 2.788500 -0.491218
v -1.959237 2.788500 -0.554967
v 1.943361 2.752181 -0.525055
v -1.958684 2.752181 -0.588804
v 1.944151 2.763329 -0.573423
v -1.957894 2.763328 -0.637173
v 1.944389 2.810796 -0.587954
v -1.957657 2.810796 -0.651704
v 1.943836 2.847116 -0.554117
v -1.958210 2.847116 -0.617867
v 1.943046 2.835968 -0.505749
v -1.959000 2.835968 -0.569498
v -1.818297 2.373857 1.345581
v -1.818297 2.435354 1.345581
v -1.816172 2.373857 1.122846
v -1.816172 2.435354 1.122846
v 1.778275 2.373857 1.379905
v 1.778275 2.435354 1.379905
v 1.780400 2.373857 1.157170
v 1.780400 2.435354 1.157170
v -1.569105 2.748651 -0.113319
v 1.553036 2.748721 -0.083695
v -1.565857 2.861115 -0.609699
v 1.556770 2.861115 -0.579898
v -1.565435 2.837831 -0.669932
v 1.557497 2.837831 -0.640128
v -1.565354 2.775046 -0.688167
v 1.557672 2.774849 -0.658385
v -1.565521 2.611415 -0.680203
v 1.557460 2.611161 -0.650378
v -1.565845 2.360531 -0.651595
v 1.556917 2.360624 -0.621796
v -1.566187 2.016883 -0.633898
v 1.556787 2.016865 -0.619007
v -1.565898 1.592887 -0.676923
v 1.557088 1.613621 -0.647150
v -1.579841 2.449877 1.168315
v 1.543267 2.449881 1.198014
v -1.581553 2.447796 1.355838
v 1.541379 2.447796 1.385642
v -1.581736 2.417468 1.375051
v 1.541195 2.417468 1.404854
v -1.581818 2.354174 1.383690
v 1.541133 2.353927 1.413491
v -1.581843 2.271405 1.372271
v 1.541211 2.272869 1.398184
v -1.581854 2.209468 1.359503
v 1.540949 2.188514 1.416811
v 1.545420 2.459674 0.966874
v -1.577602 2.463753 0.936875
v 1.547406 2.509264 0.716946
v -1.574942 2.500755 0.686819
v 1.550209 2.603574 0.398929
v -1.571716 2.592677 0.369283
v -0.788408 2.719500 -0.105656
v -0.008006 2.698593 -0.097965
v 0.772367 2.719503 -0.090770
v 0.776057 2.861107 -0.586955
v -0.004550 2.861094 -0.594101
v -0.785151 2.861107 -0.601855
v 0.776764 2.837831 -0.647580
v -0.003969 2.837831 -0.655030
v -0.784702 2.837831 -0.662481
v 0.776960 2.774894 -0.665831
v -0.003748 2.775218 -0.673242
v -0.784549 2.775486 -0.680655
v 0.776904 2.610816 -0.657790
v -0.003629 2.611389 -0.673864
v -0.784467 2.611581 -0.691517
v 0.776290 2.360180 -0.601848
v -0.003861 2.360171 -0.636653
v -0.784877 2.360518 -0.644142
v 0.776187 2.016936 -0.599100
v -0.004019 2.016896 -0.610512
v -0.784736 2.017141 -0.655369
v 0.776453 1.702163 -0.627223
v -0.003495 1.633935 -0.661977
v -0.784484 1.702229 -0.683531
v -0.799039 2.449865 1.176036
v -0.018298 2.449874 1.183284
v 0.762450 2.449866 1.190920
v -0.800820 2.447796 1.363289
v -0.020087 2.447796 1.370740
v 0.760646 2.447796 1.378191
v -0.801004 2.417468 1.382502
v -0.020270 2.417468 1.389953
v 0.760462 2.417468 1.397404
v -0.801086 2.354174 1.391141
v -0.020353 2.354174 1.398592
v 0.760390 2.354132 1.406043
v -0.801009 2.272574 1.379812
v -0.020218 2.272103 1.387240
v 0.760466 2.272120 1.394692
v -0.801145 2.179025 1.390747
v -0.020181 2.210866 1.386138
v 0.760435 2.176316 1.393586
v -0.796766 2.478496 0.943915
v -0.016083 2.466290 0.951180
v 0.764594 2.478493 0.958849
v -0.794208 2.480400 0.693577
v -0.013690 2.476098 0.700806
v 0.766755 2.480394 0.708507
v -0.791028 2.574528 0.376560
v -0.010661 2.553820 0.383748
v 0.769612 2.573216 0.391428
v -1.175493 2.861114 -0.605835
v -1.175068 2.837831 -0.666207
v -1.174987 2.775244 -0.684417
v -1.175065 2.611489 -0.685861
v -1.175478 2.360549 -0.647871
v -1.175681 2.017007 -0.644633
v -1.175462 1.647530 -0.680228
v -1.178739 2.734090 -0.109522
v -1.189475 2.449871 1.172170
v -1.191186 2.447796 1.359564
v -1.191370 2.417468 1.378776
v -1.191452 2.354174 1.387415
v -1.191464 2.271931 1.376049
v -1.191576 2.194162 1.375173
v -1.187234 2.471122 0.940445
v -1.184573 2.490567 0.690273
v -1.181349 2.583591 0.372953
v -0.398077 2.709029 -0.101771
v -0.394809 2.861098 -0.597920
v -0.394335 2.837831 -0.658756
v -0.394111 2.775424 -0.676939
v -0.394006 2.611557 -0.682696
v -0.394275 2.360351 -0.640398
v -0.394104 2.017040 -0.632932
v -0.393618 1.668122 -0.672739
v -0.408602 2.449869 1.179666
v -0.410453 2.447796 1.367015
v -0.410637 2.417468 1.386227
v -0.410719 2.354174 1.394866
v -0.410561 2.272468 1.383534
v -0.410557 2.195219 1.388438
v -0.406299 2.472395 0.947499
v -0.403844 2.478259 0.697120
v -0.400707 2.564185 0.380123
v 0.382066 2.709023 -0.094311
v 0.385711 2.861098 -0.590471
v 0.386397 2.837831 -0.651305
v 0.386615 2.775029 -0.669540
v 0.386754 2.611048 -0.665823
v 0.386423 2.360100 -0.619238
v 0.386225 2.016902 -0.604805
v 0.386565 1.668123 -0.644594
v 0.372003 2.449869 1.187115
v 0.370279 2.447796 1.374466
v 0.370096 2.417468 1.393678
v 0.370014 2.354174 1.402317
v 0.370119 2.271967 1.390955
v 0.370127 2.193261 1.389862
v 0.374132 2.472395 0.954947
v 0.376463 2.478261 0.704552
v 0.379382 2.563525 0.387568
v 1.162668 2.734134 -0.087284
v 1.152900 2.449874 1.194453
v 1.151012 2.447796 1.381917
v 1.150829 2.417468 1.401129
v 1.150766 2.354009 1.409767
v 1.150829 2.272564 1.396445
v 1.150662 2.182591 1.405216
v 1.155055 2.469080 0.962931
v 1.157043 2.494816 0.712831
v 1.159842 2.588386 0.395197
v 1.166403 2.861114 -0.583485
v 1.167130 2.837831 -0.643854
v 1.167305 2.774849 -0.662110
v 1.167094 2.610980 -0.654085
v 1.166419 2.360443 -0.611827
v 1.166292 2.016897 -0.609052
v 1.166595 1.657824 -0.637191
v -1.569410 2.735394 -0.119656
v 1.553521 2.735394 -0.089852
v -1.566007 2.846583 -0.609890
v 1.556924 2.846583 -0.580086
v -1.565545 2.828290 -0.658262
v 1.557386 2.828290 -0.628459
v -1.565407 2.773419 -0.672794
v 1.557524 2.773419 -0.642991
v -1.565484 2.612458 -0.664774
v 1.557448 2.612458 -0.634969
v -1.565757 2.361639 -0.636170
v 1.557175 2.361639 -0.606366
v -1.565925 2.016418 -0.618438
v 1.557148 2.016418 -0.603549
v -1.565515 1.591541 -0.661524
v 1.557417 1.612616 -0.631721
v -1.579757 2.435354 1.167694
v 1.543174 2.435354 1.197498
v -1.581477 2.435354 1.347842
v 1.541455 2.435354 1.377645
v -1.581596 2.413104 1.360296
v 1.541336 2.413104 1.390099
v -1.581671 2.354206 1.368221
v 1.541260 2.354206 1.398024
v -1.581563 2.273011 1.356899
v 1.541406 2.273011 1.382716
v -1.581441 2.210792 1.344103
v 1.541227 2.186421 1.401505
v 1.545392 2.445232 0.965134
v -1.577540 2.449291 0.935330
v 1.547794 2.495123 0.713389
v -1.575137 2.486542 0.683585
v 1.550847 2.589975 0.393502
v -1.572084 2.579126 0.363699
v -0.788678 2.706335 -0.112205
v -0.007945 2.685533 -0.104754
v 0.772788 2.706335 -0.097303
v 0.776191 2.846583 -0.587537
v -0.004542 2.846583 -0.594988
v -0.785275 2.846583 -0.602439
v 0.776653 2.828290 -0.635910
v -0.004080 2.828290 -0.643360
v -0.784813 2.828290 -0.650811
v 0.776792 2.773419 -0.650442
v -0.003941 2.773419 -0.657893
v -0.784674 2.773419 -0.665343
v 0.776715 2.612458 -0.642421
v -0.003936 2.612458 -0.658440
v -0.784572 2.612458 -0.676076
v 0.776181 2.361639 -0.586457
v -0.004291 2.361639 -0.621268
v -0.785024 2.361639 -0.628719
v 0.776154 2.016418 -0.583640
v -0.004541 2.016418 -0.595059
v -0.784917 2.016418 -0.639919
v 0.776423 1.700901 -0.611812
v -0.004049 1.632246 -0.646623
v -0.784648 1.700901 -0.668126
v -0.799025 2.435354 1.175145
v -0.018292 2.435354 1.182596
v 0.762441 2.435354 1.190047
v -0.800744 2.435354 1.355293
v -0.020011 2.435354 1.362743
v 0.760722 2.435354 1.370194
v -0.800863 2.413104 1.367747
v -0.020130 2.413104 1.375197
v 0.760603 2.413104 1.382648
v -0.800938 2.354206 1.375672
v -0.020205 2.354206 1.383123
v 0.760527 2.354206 1.390574
v -0.800830 2.273011 1.364350
v -0.020097 2.273011 1.371801
v 0.760635 2.273011 1.379252
v -0.800935 2.178008 1.375317
v -0.020087 2.210792 1.370669
v 0.760646 2.176121 1.378120
v -0.796807 2.464000 0.942781
v -0.016074 2.451782 0.950232
v 0.764659 2.464000 0.957683
v -0.794405 2.466063 0.691036
v -0.013672 2.461727 0.698487
v 0.767061 2.466063 0.705938
v -0.791352 2.560915 0.371150
v -0.010619 2.540113 0.378600
v 0.770114 2.559596 0.386051
v -1.175641 2.846583 -0.606164
v -1.175179 2.828290 -0.654537
v -1.175040 2.773419 -0.669069
v -1.175028 2.612458 -0.670425
v -1.175390 2.361639 -0.632445
v -1.175421 2.016418 -0.629179
v -1.175081 1.646221 -0.664825
v -1.179044 2.720865 -0.115930
v -1.189391 2.435354 1.171420
v -1.191110 2.435354 1.351567
v -1.191229 2.413104 1.364021
v -1.191305 2.354206 1.371946
v -1.191197 2.273011 1.360625
v -1.191188 2.194400 1.359710
v -1.187173 2.456645 0.939055
v -1.184771 2.476303 0.687311
v -1.181718 2.570021 0.367424
v -0.398311 2.695934 -0.108479
v -0.394908 2.846583 -0.598714
v -0.394446 2.828290 -0.647086
v -0.394308 2.773419 -0.661618
v -0.394254 2.612458 -0.667258
v -0.394657 2.361639 -0.624994
v -0.394729 2.016418 -0.617489
v -0.394348 1.666574 -0.657375
v -0.408658 2.435354 1.178870
v -0.410377 2.435354 1.359018
v -0.410496 2.413104 1.371472
v -0.410572 2.354206 1.379397
v -0.410464 2.273011 1.368076
v -0.410511 2.194400 1.372993
v -0.406441 2.457891 0.946507
v -0.404038 2.463896 0.694762
v -0.400985 2.550514 0.374875
v 0.382422 2.695934 -0.101028
v 0.385825 2.846583 -0.591262
v 0.386286 2.828290 -0.639635
v 0.386425 2.773419 -0.654167
v 0.386390 2.612458 -0.650430
v 0.385945 2.361639 -0.603863
v 0.385807 2.016418 -0.589350
v 0.386187 1.666574 -0.629217
v 0.372075 2.435354 1.186321
v 0.370356 2.435354 1.366469
v 0.370237 2.413104 1.378923
v 0.370161 2.354206 1.386848
v 0.370269 2.273011 1.375526
v 0.370280 2.193456 1.374394
v 0.374292 2.457891 0.953957
v 0.376695 2.463896 0.702213
v 0.379748 2.549855 0.382326
v 1.163155 2.720865 -0.093577
v 1.152807 2.435354 1.193772
v 1.151088 2.435354 1.373920
v 1.150969 2.413104 1.386374
v 1.150894 2.354206 1.394299
v 1.151021 2.273011 1.380984
v 1.150937 2.181271 1.389812
v 1.155025 2.454616 0.961408
v 1.157428 2.480594 0.709664
v 1.160481 2.574785 0.389777
v 1.166558 2.846583 -0.583812
v 1.167019 2.828290 -0.632184
v 1.167158 2.773419 -0.646716
v 1.167081 2.612458 -0.638695
v 1.166678 2.361639 -0.596412
v 1.166651 2.016418 -0.593595
v 1.166920 1.656759 -0.621766
vt 0.969827 0.977744
vt 0.960016 0.977758
vt 0.961739 0.965455
vt 0.969827 0.964992
vt 0.832494 0.876472
vt 0.832301 0.867640
vt 0.839393 0.868653
vt 0.839393 0.879429
vt 0.905401 0.333971
vt 0.898690 0.333091
vt 0.894901 0.320926
vt 0.905401 0.314419
vt 0.855622 0.950351
vt 0.863720 0.949155
vt 0.863720 0.962918
vt 0.853285 0.963948
vt 0.699111 0.978834
vt 0.696130 0.966435
vt 0.704957 0.965280
vt 0.704957 0.978960
vt 0.590702 0.331382
vt 0.595389 0.330770
vt 0.595389 0.337840
vt 0.781447 0.985228
vt 0.785542 0.981492
vt 0.785542 0.995521
vt 0.039101 0.981134
vt 0.039101 0.993559
vt 0.032675 0.987223
vt 0.985656 0.666936
vt 0.985656 0.683933
vt 0.979632 0.678187
vt 0.088636 0.337568
vt 0.093946 0.336450
vt 0.093946 0.350680
vt 0.662652 0.963603
vt 0.662652 0.980110
vt 0.654683 0.973340
vt 0.909391 0.985246
vt 0.902700 0.972498
vt 0.909391 0.971484
vt 0.490371 0.034092
vt 0.490100 0.017644
vt 0.495503 0.017133
vt 0.495503 0.034740
vt 0.846373 0.625255
vt 0.854791 0.620968
vt 0.854791 0.640981
vt 0.844192 0.642084
vt 0.294939 0.983421
vt 0.301766 0.981310
vt 0.301766 0.992131
vt 0.294467 0.992311
vt 0.297542 0.801553
vt 0.295904 0.797119
vt 0.306732 0.797049
vt 0.306732 0.801686
vt 0.877451 0.108166
vt 0.874273 0.088406
vt 0.884562 0.090426
vt 0.884562 0.109979
vt 0.259284 0.347030
vt 0.268482 0.346793
vt 0.268482 0.351430
vt 0.257639 0.351372
vt 0.891935 0.398787
vt 0.884892 0.391892
vt 0.891935 0.390686
vt 0.666496 0.861198
vt 0.666496 0.869178
vt 0.658235 0.868153
vt 0.934392 0.984993
vt 0.927816 0.974215
vt 0.934392 0.968035
vt 0.992647 0.792638
vt 0.988416 0.782400
vt 0.992647 0.776201
vt 0.806824 0.273596
vt 0.798713 0.270050
vt 0.806824 0.268952
vt 0.804042 0.942459
vt 0.804042 0.957478
vt 0.796690 0.957272
vt 0.794603 0.940323
vt 0.493211 0.982526
vt 0.493881 0.970586
vt 0.499677 0.971366
vt 0.499677 0.985997
vt 0.661003 0.147255
vt 0.649881 0.139092
vt 0.661003 0.138054
vt 0.698104 0.486842
vt 0.686163 0.482336
vt 0.698104 0.481670
vt 0.403716 0.991482
vt 0.399515 0.977974
vt 0.403716 0.974357
vt 0.368741 0.743099
vt 0.368741 0.755681
vt 0.359876 0.746978
vt 0.566984 0.992814
vt 0.566772 0.983020
vt 0.574073 0.982973
vt 0.574073 0.993852
vt 0.925518 0.333394
vt 0.914013 0.337890
vt 0.915830 0.322982
vt 0.925518 0.321436
vt 0.631689 0.972150
vt 0.631689 0.984776
vt 0.624365 0.984547
vt 0.226495 0.930421
vt 0.226495 0.947391
vt 0.217283 0.946482
vt 0.216278 0.930062
vt 0.853285 0.978028
vt 0.861271 0.971278
vt 0.861271 0.983805
vt 0.025345 0.971257
vt 0.016231 0.970067
vt 0.016469 0.958899
vt 0.025345 0.955665
vt 0.551939 0.949401
vt 0.558918 0.948273
vt 0.558918 0.963865
vt 0.549099 0.961018
vt 0.974530 0.384128
vt 0.981332 0.381403
vt 0.981332 0.398953
vt 0.974279 0.396867
vt 0.708689 0.686315
vt 0.707488 0.675727
vt 0.722112 0.675288
vt 0.722112 0.687061
vt 0.158935 0.622464
vt 0.147162 0.622530
vt 0.149139 0.608994
vt 0.158935 0.609156
vt 0.478307 0.964569
vt 0.478307 0.977877
vt 0.469475 0.977708
vt 0.468706 0.963699
vt 0.304106 0.959750
vt 0.304106 0.973980
vt 0.294899 0.973023
vt 0.294467 0.959587
vt 0.292309 0.857542
vt 0.292309 0.895674
vt 0.284301 0.895674
vt 0.284301 0.857542
vt 0.282090 0.981074
vt 0.282090 0.992399
vt 0.275569 0.991625
vt 0.274670 0.981991
vt 0.443463 0.583485
vt 0.405305 0.583501
vt 0.405331 0.549763
vt 0.443463 0.549763
vt 0.736257 0.798395
vt 0.736257 0.807859
vt 0.698126 0.806166
vt 0.698126 0.798395
vt 0.661523 0.757922
vt 0.661523 0.796054
vt 0.643229 0.796055
vt 0.643221 0.757916
vt 0.700159 0.648929
vt 0.700159 0.687061
vt 0.675528 0.687023
vt 0.675341 0.648868
vt 0.683908 0.163892
vt 0.708500 0.163896
vt 0.708500 0.202034
vt 0.683834 0.202037
vt 0.203587 0.993228
vt 0.202270 0.992699
vt 0.202307 0.987647
vt 0.203587 0.986920
vt 0.963283 0.103548
vt 0.963283 0.109953
vt 0.961929 0.109375
vt 0.961800 0.103832
vt 0.018375 0.980478
vt 0.023940 0.978586
vt 0.023940 0.989560
vt 0.016231 0.989538
vt 0.641799 0.863088
vt 0.650906 0.861165
vt 0.650906 0.868873
vt 0.639713 0.868697
vt 0.713858 0.948057
vt 0.723117 0.947112
vt 0.723117 0.962153
vt 0.712997 0.962496
vt 0.991123 0.407617
vt 0.991123 0.432275
vt 0.989614 0.432203
vt 0.989613 0.407572
vt 0.909913 0.307068
vt 0.909909 0.268935
vt 0.916153 0.268936
vt 0.916153 0.307068
vt 0.090820 0.562994
vt 0.090820 0.601149
vt 0.057262 0.601133
vt 0.057241 0.562977
vt 0.445986 0.141663
vt 0.484143 0.141406
vt 0.484143 0.190842
vt 0.446012 0.190765
vt 0.393173 0.141809
vt 0.393173 0.191905
vt 0.355041 0.191810
vt 0.355030 0.141406
vt 0.307079 0.473690
vt 0.307079 0.511433
vt 0.268948 0.508212
vt 0.268914 0.473909
vt 0.082658 0.963971
vt 0.082658 0.978924
vt 0.076140 0.978126
vt 0.073834 0.964363
vt 0.945694 0.681088
vt 0.945709 0.631986
vt 0.947097 0.631691
vt 0.947097 0.681387
vt 0.607825 0.491366
vt 0.605089 0.481617
vt 0.621975 0.483290
vt 0.621975 0.491112
vt 0.980688 0.105047
vt 0.980319 0.096216
vt 0.986285 0.093250
vt 0.986285 0.109582
vt 0.549099 0.974830
vt 0.554455 0.971194
vt 0.554455 0.988319
vt 0.550195 0.987075
vt 0.990282 0.602117
vt 0.994716 0.597496
vt 0.994716 0.612004
vt 0.180841 0.983616
vt 0.173019 0.971449
vt 0.180841 0.969243
vt 0.909017 0.786022
vt 0.909017 0.802873
vt 0.903295 0.795220
vt 0.741897 0.145287
vt 0.738641 0.134797
vt 0.752843 0.135901
vt 0.752843 0.143744
vt 0.721538 0.978170
vt 0.712997 0.982455
vt 0.713549 0.971770
vt 0.721538 0.969826
vt 0.521430 0.869589
vt 0.512088 0.869604
vt 0.513750 0.831457
vt 0.521430 0.831457
vt 0.441896 0.772234
vt 0.441896 0.788242
vt 0.440401 0.788029
vt 0.440387 0.772287
vt 0.644501 0.547580
vt 0.651276 0.544618
vt 0.651276 0.550495
vt 0.132128 0.995839
vt 0.127527 0.984779
vt 0.132128 0.983316
vt 0.137103 0.975986
vt 0.127527 0.975582
vt 0.128236 0.964448
vt 0.137103 0.961613
vt 0.025345 0.899106
vt 0.025345 0.948336
vt 0.023919 0.948210
vt 0.023925 0.898904
vt 0.217231 0.955744
vt 0.225583 0.954720
vt 0.225583 0.969673
vt 0.216278 0.970220
vt 0.811476 0.367266
vt 0.818837 0.358883
vt 0.818837 0.367722
vt 0.981086 0.792791
vt 0.973580 0.785443
vt 0.981086 0.776201
vt 0.920025 0.990107
vt 0.916721 0.979788
vt 0.920025 0.971484
vt 0.984174 0.209123
vt 0.989406 0.199866
vt 0.989406 0.214907
vt 0.216278 0.986571
vt 0.222275 0.977549
vt 0.222275 0.991013
vt 0.611818 0.752669
vt 0.622237 0.748440
vt 0.622237 0.754792
vt 0.905543 0.243492
vt 0.911168 0.239924
vt 0.911168 0.259496
vt 0.906488 0.260680
vt 0.508646 0.961638
vt 0.516056 0.960651
vt 0.516056 0.977192
vt 0.508053 0.975778
vt 0.965182 0.186580
vt 0.957397 0.186116
vt 0.956339 0.180225
vt 0.965182 0.174674
vt 0.376263 0.956905
vt 0.369912 0.956962
vt 0.366584 0.945128
vt 0.376263 0.939936
vt 0.139749 0.589514
vt 0.139749 0.623043
vt 0.101655 0.623053
vt 0.101630 0.589501
vt 0.097196 0.736807
vt 0.135328 0.736807
vt 0.135328 0.739297
vt 0.097196 0.739297
vt 0.558918 0.940944
vt 0.555411 0.940944
vt 0.555411 0.902812
vt 0.558918 0.902812
vt 0.437896 0.628973
vt 0.405305 0.629189
vt 0.405337 0.591044
vt 0.437896 0.590831
vt 0.151014 0.888537
vt 0.142944 0.888538
vt 0.142978 0.850406
vt 0.151014 0.850406
vt 0.767638 0.390674
vt 0.785951 0.390664
vt 0.785951 0.428796
vt 0.767622 0.428806
vt 0.347196 0.882687
vt 0.339086 0.882699
vt 0.339149 0.844558
vt 0.347196 0.844555
vt 0.946183 0.328868
vt 0.953953 0.326180
vt 0.953953 0.337149
vt 0.945658 0.337470
vt 0.922211 0.482230
vt 0.927756 0.482230
vt 0.927756 0.520361
vt 0.922212 0.520361
vt 0.102267 0.988983
vt 0.107201 0.983736
vt 0.107201 0.994491
vt 0.988359 0.899020
vt 0.992936 0.894542
vt 0.992936 0.910090
vt 0.914013 0.383352
vt 0.914013 0.345220
vt 0.920253 0.345220
vt 0.920253 0.383352
vt 0.947475 0.178290
vt 0.947475 0.187123
vt 0.939177 0.186885
vt 0.938974 0.176102
vt 0.264826 0.916194
vt 0.264826 0.935766
vt 0.256731 0.930633
vt 0.257784 0.914125
vt 0.791221 0.658807
vt 0.785283 0.650143
vt 0.791221 0.647563
vt 0.360077 0.597584
vt 0.392248 0.597541
vt 0.392248 0.635674
vt 0.359876 0.635729
vt 0.899589 0.474270
vt 0.898144 0.473859
vt 0.898279 0.471372
vt 0.899589 0.470764
vt 0.201373 0.965242
vt 0.201373 0.979591
vt 0.193554 0.978986
vt 0.193034 0.965532
vt 0.624365 0.892560
vt 0.662497 0.892560
vt 0.662497 0.898365
vt 0.624365 0.898365
vt 0.698126 0.773468
vt 0.736258 0.773468
vt 0.736258 0.791065
vt 0.698126 0.791065
vt 0.923531 0.050467
vt 0.923531 0.012336
vt 0.928583 0.012336
vt 0.928583 0.050467
vt 0.139435 0.695257
vt 0.133890 0.695257
vt 0.133890 0.657126
vt 0.139435 0.657126
vt 0.508056 0.984788
vt 0.509543 0.984522
vt 0.509543 0.992592
vt 0.508053 0.992846
vt 0.611702 0.970893
vt 0.611702 0.983416
vt 0.604545 0.981790
vt 0.603387 0.972183
vt 0.794603 0.978919
vt 0.796543 0.964807
vt 0.800793 0.966085
vt 0.800793 0.983089
vt 0.872943 0.979232
vt 0.872719 0.969914
vt 0.881254 0.971963
vt 0.881254 0.982520
vt 0.844830 0.727303
vt 0.882962 0.727303
vt 0.882962 0.733108
vt 0.844830 0.733108
vt 0.970865 0.527764
vt 0.970865 0.546093
vt 0.969641 0.545325
vt 0.969446 0.527729
vt 0.966233 0.792363
vt 0.964740 0.792132
vt 0.964748 0.786327
vt 0.966233 0.786099
vt 0.385627 0.743189
vt 0.385627 0.754514
vt 0.377822 0.754014
vt 0.376071 0.743099
vt 0.260597 0.124531
vt 0.222475 0.124642
vt 0.222482 0.073954
vt 0.260597 0.073535
vt 0.914882 0.482242
vt 0.914882 0.520374
vt 0.908562 0.520359
vt 0.908539 0.482230
vt 0.061915 0.517487
vt 0.094259 0.517203
vt 0.094259 0.555361
vt 0.061859 0.555648
vt 0.605284 0.474249
vt 0.605089 0.436135
vt 0.637172 0.436176
vt 0.637172 0.474287
vt 0.812679 0.548748
vt 0.796633 0.548758
vt 0.796658 0.510641
vt 0.812679 0.510618
vt 0.398031 0.499072
vt 0.359876 0.499166
vt 0.359885 0.463928
vt 0.398031 0.459534
vt 0.712280 0.900172
vt 0.674149 0.900172
vt 0.674149 0.894368
vt 0.712280 0.894368
vt 0.268914 0.803755
vt 0.268914 0.765624
vt 0.286512 0.765624
vt 0.286512 0.803755
vt 0.314423 0.725561
vt 0.314412 0.687436
vt 0.338877 0.687445
vt 0.338877 0.725591
vt 0.134594 0.765518
vt 0.152191 0.765518
vt 0.152191 0.803650
vt 0.134594 0.803650
vt 0.965833 0.800440
vt 0.965833 0.838727
vt 0.964323 0.838710
vt 0.964323 0.800442
vt 0.013818 0.876440
vt 0.004988 0.876474
vt 0.005380 0.838332
vt 0.013818 0.838308
vt 0.598797 0.695627
vt 0.598632 0.657470
vt 0.623588 0.657475
vt 0.623588 0.695629
vt 0.268964 0.720158
vt 0.291719 0.720158
vt 0.291719 0.758290
vt 0.268914 0.758294
vt 0.915091 0.095952
vt 0.908770 0.095967
vt 0.908783 0.057835
vt 0.915091 0.057820
vt 0.408196 0.278001
vt 0.408196 0.228697
vt 0.446339 0.229136
vt 0.446339 0.278440
vt 0.443517 0.394354
vt 0.405366 0.394930
vt 0.405381 0.345563
vt 0.443517 0.345169
vt 0.438657 0.141964
vt 0.438657 0.191268
vt 0.400517 0.190866
vt 0.400502 0.141406
vt 0.635239 0.255488
vt 0.635239 0.293626
vt 0.602939 0.293444
vt 0.602937 0.255299
vt 0.165689 0.843076
vt 0.127549 0.843063
vt 0.127527 0.835466
vt 0.165689 0.833876
vt 0.246559 0.546221
vt 0.212166 0.546250
vt 0.215618 0.508103
vt 0.246559 0.508089
vt 0.209502 0.782649
vt 0.209502 0.820780
vt 0.193779 0.820780
vt 0.193745 0.782637
vt 0.712281 0.840899
vt 0.674151 0.840868
vt 0.674154 0.833179
vt 0.712281 0.831541
vt 0.139797 0.386485
vt 0.101645 0.386982
vt 0.101668 0.336578
vt 0.139797 0.336443
vt 0.892953 0.383352
vt 0.884892 0.383357
vt 0.884896 0.345225
vt 0.892953 0.345220
vt 0.740717 0.191157
vt 0.740623 0.153014
vt 0.763316 0.153021
vt 0.763316 0.191152
vt 0.054509 0.362785
vt 0.054509 0.412220
vt 0.016377 0.412124
vt 0.016354 0.362317
vt 0.971802 0.445716
vt 0.970291 0.445736
vt 0.970293 0.407593
vt 0.971802 0.407572
vt 0.970367 0.918136
vt 0.970367 0.956298
vt 0.968856 0.956288
vt 0.968856 0.918118
vt 0.004988 0.742162
vt 0.004994 0.719377
vt 0.043134 0.719365
vt 0.043134 0.742206
vt 0.461228 0.813234
vt 0.461225 0.797502
vt 0.499360 0.797512
vt 0.499360 0.813234
vt 0.398018 0.669709
vt 0.398018 0.694488
vt 0.359886 0.694488
vt 0.359876 0.669556
vt 0.700186 0.641516
vt 0.675341 0.641539
vt 0.675528 0.603384
vt 0.700186 0.603384
vt 0.963404 0.858789
vt 0.964913 0.858736
vt 0.964913 0.897038
vt 0.963403 0.897055
vt 0.611895 0.741111
vt 0.611818 0.702972
vt 0.634688 0.702979
vt 0.634688 0.741111
vt 0.406966 0.940552
vt 0.403460 0.940552
vt 0.403460 0.902421
vt 0.406966 0.902421
vt 0.303032 0.609684
vt 0.306539 0.609684
vt 0.306539 0.647816
vt 0.303032 0.647816
vt 0.745496 0.013813
vt 0.745496 0.036531
vt 0.707365 0.036531
vt 0.707354 0.013756
vt 0.216314 0.887325
vt 0.216278 0.849195
vt 0.224371 0.849198
vt 0.224371 0.887330
vt 0.443525 0.451564
vt 0.405366 0.451845
vt 0.405368 0.402522
vt 0.443525 0.402260
vt 0.964741 0.740587
vt 0.966251 0.740552
vt 0.966251 0.778746
vt 0.964740 0.778770
vt 0.054499 0.468872
vt 0.016354 0.469020
vt 0.016355 0.419678
vt 0.054499 0.419549
vt 0.166690 0.586445
vt 0.166662 0.548289
vt 0.200412 0.548314
vt 0.200412 0.586446
vt 0.903318 0.778690
vt 0.903295 0.740552
vt 0.909662 0.740561
vt 0.909662 0.778692
vt 0.314416 0.732960
vt 0.352537 0.732921
vt 0.352537 0.755706
vt 0.314412 0.755689
vt 0.827571 0.557893
vt 0.827571 0.596024
vt 0.811844 0.596024
vt 0.811829 0.557890
vt 0.193760 0.671094
vt 0.231902 0.670835
vt 0.231902 0.695724
vt 0.193745 0.695653
vt 0.796006 0.837593
vt 0.796006 0.875725
vt 0.787352 0.875716
vt 0.787004 0.837574
vt 0.984176 0.158902
vt 0.985684 0.158815
vt 0.985684 0.192537
vt 0.984174 0.192481
vt 0.700224 0.596027
vt 0.675341 0.596054
vt 0.675417 0.557914
vt 0.700224 0.557890
vt 0.359892 0.345373
vt 0.398036 0.345169
vt 0.398036 0.395265
vt 0.359905 0.395180
vt 0.909070 0.858736
vt 0.909070 0.896868
vt 0.902708 0.896857
vt 0.902700 0.858736
vt 0.362709 0.278436
vt 0.362735 0.228739
vt 0.400867 0.228697
vt 0.400867 0.278728
vt 0.451787 0.885868
vt 0.443681 0.885867
vt 0.443699 0.847737
vt 0.451787 0.847735
vt 0.496316 0.317921
vt 0.496308 0.286979
vt 0.534466 0.286844
vt 0.534466 0.323171
vt 0.623992 0.028948
vt 0.623992 0.067106
vt 0.591421 0.066764
vt 0.591402 0.028603
vt 0.990261 0.286174
vt 0.990258 0.263575
vt 0.991678 0.263565
vt 0.991678 0.286284
vt 0.906419 0.729488
vt 0.900014 0.729488
vt 0.900014 0.691356
vt 0.906419 0.691356
vt 0.481170 0.706556
vt 0.503900 0.706561
vt 0.503900 0.744700
vt 0.481054 0.744704
vt 0.056727 0.877569
vt 0.056727 0.915701
vt 0.050471 0.915699
vt 0.050463 0.877567
vt 0.499360 0.752041
vt 0.499360 0.790173
vt 0.481068 0.790172
vt 0.481054 0.752034
vt 0.139832 0.536684
vt 0.101631 0.536574
vt 0.101630 0.505692
vt 0.139832 0.500427
vt 0.848680 0.840564
vt 0.848680 0.879124
vt 0.847171 0.879078
vt 0.847170 0.840570
vt 0.911905 0.232584
vt 0.905543 0.232595
vt 0.905561 0.194465
vt 0.911905 0.194452
vt 0.909069 0.851402
vt 0.902700 0.851407
vt 0.902720 0.813275
vt 0.909069 0.813270
vt 0.566364 0.817259
vt 0.566346 0.779127
vt 0.582372 0.779140
vt 0.582372 0.817272
vt 0.684500 0.494661
vt 0.709098 0.494658
vt 0.709098 0.532791
vt 0.684487 0.532798
vt 0.193810 0.741190
vt 0.193745 0.703054
vt 0.216614 0.703058
vt 0.216614 0.741190
vt 0.906684 0.383351
vt 0.900283 0.383354
vt 0.900296 0.345224
vt 0.906684 0.345220
vt 0.902700 0.904197
vt 0.906206 0.904197
vt 0.906206 0.942329
vt 0.902700 0.942329
vt 0.204837 0.499237
vt 0.166662 0.499001
vt 0.166688 0.464608
vt 0.204837 0.461376
vt 0.245793 0.591715
vt 0.212166 0.591784
vt 0.212252 0.553618
vt 0.245793 0.553579
vt 0.450865 0.752028
vt 0.469167 0.752022
vt 0.469167 0.790154
vt 0.450855 0.790154
vt 0.931813 0.117308
vt 0.931813 0.155440
vt 0.926761 0.155440
vt 0.926761 0.117308
vt 0.348133 0.589043
vt 0.314412 0.589053
vt 0.314412 0.550898
vt 0.348133 0.550888
vt 0.922215 0.593374
vt 0.922215 0.555243
vt 0.927760 0.555243
vt 0.927760 0.593374
vt 0.687365 0.365781
vt 0.687359 0.327644
vt 0.711957 0.327650
vt 0.711957 0.365782
vt 0.605298 0.390676
vt 0.637362 0.390659
vt 0.637362 0.428785
vt 0.605089 0.428806
vt 0.961451 0.407577
vt 0.962962 0.407572
vt 0.962962 0.445970
vt 0.961451 0.445975
vt 0.488985 0.345337
vt 0.488985 0.394506
vt 0.450854 0.394390
vt 0.450846 0.345169
vt 0.675102 0.119592
vt 0.713214 0.119600
vt 0.713214 0.144065
vt 0.675092 0.144068
vt 0.346967 0.596440
vt 0.346967 0.634572
vt 0.314611 0.634525
vt 0.314412 0.596382
vt 0.811829 0.603354
vt 0.827571 0.603354
vt 0.827571 0.641486
vt 0.811829 0.641486
vt 0.909962 0.050467
vt 0.909962 0.012336
vt 0.916201 0.012336
vt 0.916201 0.050467
vt 0.313926 0.952257
vt 0.311436 0.952257
vt 0.311436 0.914125
vt 0.313926 0.914125
vt 0.321406 0.897947
vt 0.359538 0.897947
vt 0.359538 0.903491
vt 0.321406 0.903491
vt 0.809117 0.890052
vt 0.809117 0.897613
vt 0.770986 0.896075
vt 0.770988 0.890093
vt 0.268914 0.656013
vt 0.307072 0.655738
vt 0.307072 0.680807
vt 0.268929 0.680735
vt 0.250321 0.461276
vt 0.250321 0.500760
vt 0.212176 0.496356
vt 0.212166 0.461175
vt 0.711870 0.411256
vt 0.687359 0.411298
vt 0.687416 0.373149
vt 0.711870 0.373111
vt 0.589715 0.779144
vt 0.605717 0.779127
vt 0.605717 0.817268
vt 0.589701 0.817276
vt 0.674149 0.879030
vt 0.712280 0.879030
vt 0.712280 0.887038
vt 0.674149 0.887038
vt 0.443681 0.899002
vt 0.443681 0.893197
vt 0.481812 0.893197
vt 0.481812 0.899002
vt 0.339513 0.641972
vt 0.339513 0.680106
vt 0.314595 0.680056
vt 0.314412 0.641901
vt 0.049912 0.562977
vt 0.049912 0.601178
vt 0.016354 0.601138
vt 0.016354 0.562984
vt 0.467732 0.129084
vt 0.467683 0.090945
vt 0.483728 0.090937
vt 0.483728 0.129094
vt 0.960017 0.918180
vt 0.961527 0.918118
vt 0.961527 0.957656
vt 0.960016 0.957663
vt 0.988825 0.518094
vt 0.990241 0.517986
vt 0.990241 0.543055
vt 0.988818 0.542983
vt 0.352526 0.452034
vt 0.314412 0.452482
vt 0.314414 0.403331
vt 0.352526 0.402901
vt 0.301615 0.914125
vt 0.304106 0.914125
vt 0.304106 0.952257
vt 0.301615 0.952257
vt 0.924445 0.631691
vt 0.929496 0.631691
vt 0.929496 0.669823
vt 0.924445 0.669823
vt 0.272155 0.914125
vt 0.274646 0.914125
vt 0.274646 0.952257
vt 0.272155 0.952257
vt 0.322245 0.083370
vt 0.322254 0.032968
vt 0.360384 0.032917
vt 0.360384 0.083607
vt 0.371212 0.932607
vt 0.371212 0.894475
vt 0.376263 0.894475
vt 0.376263 0.932607
vt 0.901209 0.482234
vt 0.901209 0.520365
vt 0.895131 0.520365
vt 0.893516 0.482230
vt 0.986653 0.223164
vt 0.986653 0.255755
vt 0.985228 0.255624
vt 0.985230 0.223223
vt 0.417938 0.643134
vt 0.442869 0.643058
vt 0.442869 0.681175
vt 0.417785 0.681253
vt 0.303203 0.518798
vt 0.303203 0.556892
vt 0.272334 0.556875
vt 0.268914 0.518763
vt 0.969948 0.729517
vt 0.969949 0.691356
vt 0.971460 0.691356
vt 0.971460 0.729524
vt 0.160519 0.772596
vt 0.178116 0.772596
vt 0.178116 0.810728
vt 0.160519 0.810728
vt 0.525467 0.700865
vt 0.525389 0.662730
vt 0.550234 0.662733
vt 0.550234 0.700865
vt 0.166679 0.453758
vt 0.166677 0.404526
vt 0.204837 0.404818
vt 0.204837 0.454046
vt 0.016397 0.521830
vt 0.054529 0.521830
vt 0.054529 0.555559
vt 0.016354 0.555648
vt 0.103611 0.885661
vt 0.065479 0.885661
vt 0.065479 0.877653
vt 0.103611 0.877653
vt 0.581433 0.991411
vt 0.581402 0.982973
vt 0.582907 0.983090
vt 0.582907 0.991745
vt 0.426726 0.962556
vt 0.425720 0.948638
vt 0.435224 0.949641
vt 0.435224 0.963990
vt 0.635237 0.209828
vt 0.635237 0.247970
vt 0.602947 0.247784
vt 0.602937 0.209640
vt 0.182219 0.872023
vt 0.173019 0.872026
vt 0.174658 0.833876
vt 0.182219 0.833883
vt 0.983658 0.006410
vt 0.985163 0.006287
vt 0.985163 0.040052
vt 0.983653 0.040021
vt 0.488979 0.336148
vt 0.450834 0.336294
vt 0.450835 0.286972
vt 0.488979 0.286844
vt 0.488971 0.402412
vt 0.488971 0.451545
vt 0.450859 0.451428
vt 0.450855 0.402260
vt 0.675179 0.112262
vt 0.675092 0.074127
vt 0.700024 0.074130
vt 0.700024 0.112262
vt 0.566553 0.512406
vt 0.600094 0.512339
vt 0.600094 0.550558
vt 0.566536 0.550561
vt 0.964232 0.006287
vt 0.965742 0.006289
vt 0.965742 0.044573
vt 0.964232 0.044590
vt 0.964281 0.670030
vt 0.962771 0.670013
vt 0.962771 0.631728
vt 0.964281 0.631691
vt 0.723117 0.939783
vt 0.719610 0.939783
vt 0.719610 0.901651
vt 0.723117 0.901651
vt 0.349650 0.505403
vt 0.349650 0.543559
vt 0.318708 0.543462
vt 0.314412 0.505305
vt 0.396130 0.868705
vt 0.386772 0.868732
vt 0.387300 0.830597
vt 0.396130 0.830575
vt 0.405373 0.464426
vt 0.443524 0.459174
vt 0.443524 0.500802
vt 0.405366 0.500683
vt 0.617036 0.894727
vt 0.617036 0.932859
vt 0.611984 0.932859
vt 0.611984 0.894727
vt 0.057371 0.706360
vt 0.057241 0.668202
vt 0.081963 0.668213
vt 0.081963 0.706355
vt 0.186415 0.644669
vt 0.186415 0.682784
vt 0.161598 0.682747
vt 0.161331 0.644628
vt 0.450855 0.699080
vt 0.450861 0.674414
vt 0.488999 0.674368
vt 0.488999 0.699226
vt 0.932634 0.345220
vt 0.932634 0.383352
vt 0.927582 0.383352
vt 0.927582 0.345220
vt 0.452135 0.003665
vt 0.490267 0.003665
vt 0.490267 0.009470
vt 0.452135 0.009470
vt 0.393134 0.876072
vt 0.393134 0.914204
vt 0.386790 0.914191
vt 0.386772 0.876061
vt 0.385208 0.987393
vt 0.385208 0.993701
vt 0.383928 0.992974
vt 0.383890 0.987923
vt 0.944601 0.058010
vt 0.946024 0.057820
vt 0.946024 0.107440
vt 0.944596 0.107551
vt 0.966310 0.232635
vt 0.964799 0.232659
vt 0.964800 0.194478
vt 0.966310 0.194452
vt 0.902580 0.307067
vt 0.894901 0.307089
vt 0.896375 0.268935
vt 0.902580 0.268935
vt 0.075331 0.986254
vt 0.075331 0.992494
vt 0.073845 0.992266
vt 0.073834 0.986461
vt 0.413199 0.033181
vt 0.451356 0.032917
vt 0.451356 0.082240
vt 0.413196 0.082523
vt 0.700010 0.028664
vt 0.700010 0.066798
vt 0.675243 0.066758
vt 0.675092 0.028603
vt 0.135395 0.582145
vt 0.101630 0.582171
vt 0.101673 0.544013
vt 0.135395 0.544013
vt 0.709098 0.223757
vt 0.709098 0.261889
vt 0.684500 0.261886
vt 0.684488 0.223749
vt 0.793281 0.428796
vt 0.793281 0.390664
vt 0.810878 0.390664
vt 0.810878 0.428796
vt 0.711957 0.320310
vt 0.687359 0.320315
vt 0.687365 0.282178
vt 0.711957 0.282177
vt 0.830118 0.194455
vt 0.830118 0.232587
vt 0.814396 0.232587
vt 0.814392 0.194452
vt 0.927964 0.095952
vt 0.922420 0.095952
vt 0.922420 0.057820
vt 0.927964 0.057820
vt 0.922206 0.445704
vt 0.922206 0.407572
vt 0.927750 0.407572
vt 0.927750 0.445704
vt 0.023307 0.749543
vt 0.023307 0.787675
vt 0.005001 0.787667
vt 0.004988 0.749535
vt 0.991169 0.468006
vt 0.989749 0.468115
vt 0.989749 0.443256
vt 0.991169 0.443314
vt 0.566420 0.657494
vt 0.591302 0.657470
vt 0.591302 0.695625
vt 0.566346 0.695643
vt 0.139788 0.451384
vt 0.139788 0.493098
vt 0.101637 0.487853
vt 0.101630 0.451526
vt 0.761434 0.043868
vt 0.761434 0.081999
vt 0.738696 0.081999
vt 0.738641 0.043861
vt 0.596058 0.885095
vt 0.596058 0.923227
vt 0.590253 0.923227
vt 0.590253 0.885095
vt 0.994024 0.818759
vt 0.992605 0.818804
vt 0.992801 0.801208
vt 0.994024 0.800440
vt 0.964257 0.683745
vt 0.962771 0.683479
vt 0.962903 0.677936
vt 0.964257 0.677359
vt 0.963406 0.910561
vt 0.963403 0.904384
vt 0.964906 0.904533
vt 0.964906 0.910738
vt 0.591421 0.112596
vt 0.591402 0.074435
vt 0.623974 0.074778
vt 0.623974 0.112936
vt 0.962870 0.593753
vt 0.961360 0.593759
vt 0.961360 0.555249
vt 0.962870 0.555243
vt 0.518409 0.876948
vt 0.518409 0.915080
vt 0.512101 0.915065
vt 0.512088 0.876933
vt 0.527830 0.824117
vt 0.512088 0.824128
vt 0.512107 0.785985
vt 0.527830 0.785985
vt 0.603009 0.164163
vt 0.635281 0.163892
vt 0.635281 0.202043
vt 0.602937 0.202310
vt 0.126561 0.695266
vt 0.101630 0.695359
vt 0.101755 0.657199
vt 0.126561 0.657126
vt 0.966949 0.345230
vt 0.966949 0.383415
vt 0.965439 0.383390
vt 0.965439 0.345220
vt 0.743751 0.915937
vt 0.743739 0.877804
vt 0.749995 0.877806
vt 0.749995 0.915938
vt 0.902632 0.012336
vt 0.902632 0.050469
vt 0.896455 0.050490
vt 0.895035 0.012336
vt 0.970200 0.555263
vt 0.971710 0.555243
vt 0.971710 0.593381
vt 0.970200 0.593406
vt 0.307646 0.857542
vt 0.307646 0.895674
vt 0.299638 0.895674
vt 0.299638 0.857542
vt 0.914886 0.593374
vt 0.908542 0.593387
vt 0.908565 0.555257
vt 0.914886 0.555243
vt 0.417795 0.688605
vt 0.442249 0.688582
vt 0.442249 0.726728
vt 0.417785 0.726737
vt 0.543329 0.870614
vt 0.543329 0.908746
vt 0.536963 0.908737
vt 0.536943 0.870605
vt 0.753081 0.832343
vt 0.753081 0.870475
vt 0.745387 0.870475
vt 0.743739 0.832340
vt 0.629049 0.779155
vt 0.629049 0.817287
vt 0.613053 0.817270
vt 0.613047 0.779127
vt 0.250309 0.347177
vt 0.250309 0.396984
vt 0.212178 0.396889
vt 0.212166 0.346793
vt 0.127553 0.850409
vt 0.135614 0.850406
vt 0.135614 0.888538
vt 0.127527 0.888539
vt 0.901213 0.555245
vt 0.901213 0.593374
vt 0.895230 0.593369
vt 0.893524 0.555243
vt 0.307082 0.408930
vt 0.268928 0.409513
vt 0.268942 0.359973
vt 0.307082 0.359563
vt 0.359886 0.286969
vt 0.398018 0.286844
vt 0.398018 0.336559
vt 0.359862 0.337011
vt 0.525457 0.550554
vt 0.525389 0.512398
vt 0.559207 0.512429
vt 0.559207 0.550561
vt 0.204837 0.540960
vt 0.166662 0.540762
vt 0.166690 0.509820
vt 0.204837 0.506567
vt 0.004988 0.891575
vt 0.004988 0.883803
vt 0.043120 0.885496
vt 0.043120 0.891575
vt 0.443524 0.508131
vt 0.443524 0.542434
vt 0.405323 0.539191
vt 0.405305 0.508308
vt 0.690196 0.769793
vt 0.690196 0.807931
vt 0.674180 0.807939
vt 0.674151 0.769790
vt 0.991549 0.654363
vt 0.990130 0.654429
vt 0.990129 0.631691
vt 0.991549 0.631715
vt 0.139788 0.394750
vt 0.139788 0.444054
vt 0.101645 0.443615
vt 0.101645 0.394311
vt 0.599957 0.557935
vt 0.599957 0.596067
vt 0.566400 0.596048
vt 0.566346 0.557890
vt 0.582747 0.941977
vt 0.579240 0.941977
vt 0.579240 0.903845
vt 0.582747 0.903845
vt 0.760293 0.428796
vt 0.757802 0.428796
vt 0.757802 0.390664
vt 0.760293 0.390664
vt 0.516878 0.640988
vt 0.478747 0.640988
vt 0.478747 0.638497
vt 0.516878 0.638497
vt 0.624365 0.877223
vt 0.662497 0.877223
vt 0.662497 0.885231
vt 0.624365 0.885231
vt 0.908099 0.155440
vt 0.901711 0.155444
vt 0.901730 0.117313
vt 0.908099 0.117308
vt 0.496319 0.336863
vt 0.496308 0.330501
vt 0.534440 0.330501
vt 0.534440 0.336871
vt 0.444805 0.021977
vt 0.406674 0.021977
vt 0.406680 0.003675
vt 0.444805 0.003665
vt 0.583372 0.337796
vt 0.549634 0.337840
vt 0.549644 0.299664
vt 0.583372 0.299664
vt 0.963311 0.057847
vt 0.963311 0.096213
vt 0.961800 0.096218
vt 0.961801 0.057820
vt 0.375892 0.817008
vt 0.359871 0.817035
vt 0.359890 0.778895
vt 0.375892 0.778876
vt 0.607463 0.557931
vt 0.639351 0.557890
vt 0.639351 0.596002
vt 0.607287 0.596043
vt 0.970957 0.520395
vt 0.969446 0.520400
vt 0.969446 0.482230
vt 0.970957 0.482230
vt 0.054097 0.476379
vt 0.054097 0.514501
vt 0.019808 0.514477
vt 0.016354 0.476349
vt 0.244522 0.599166
vt 0.244522 0.637299
vt 0.212350 0.637256
vt 0.212166 0.599113
vt 0.314427 0.778888
vt 0.352541 0.778876
vt 0.352541 0.794922
vt 0.314412 0.794913
vt 0.762052 0.787876
vt 0.743739 0.787885
vt 0.743758 0.749745
vt 0.762052 0.749744
vt 0.913749 0.729488
vt 0.913748 0.691356
vt 0.919988 0.691356
vt 0.919988 0.729488
vt 0.914877 0.445706
vt 0.908527 0.445711
vt 0.908533 0.407572
vt 0.914877 0.407574
vt 0.302472 0.564238
vt 0.302472 0.602355
vt 0.268944 0.602341
vt 0.268914 0.564222
vt 0.268914 0.712828
vt 0.268921 0.688136
vt 0.307059 0.688308
vt 0.307059 0.712819
vt 0.402529 0.823242
vt 0.386772 0.823246
vt 0.386797 0.785110
vt 0.402529 0.785110
vt 0.666062 0.712441
vt 0.666062 0.750580
vt 0.643369 0.750586
vt 0.643221 0.712434
vt 0.043131 0.687377
vt 0.043131 0.712036
vt 0.004999 0.712036
vt 0.004988 0.687257
vt 0.405347 0.287139
vt 0.443504 0.286844
vt 0.443504 0.336651
vt 0.405373 0.336575
vt 0.276971 0.857542
vt 0.276971 0.895682
vt 0.268914 0.895675
vt 0.268925 0.857543
vt 0.166881 0.593822
vt 0.199253 0.593775
vt 0.199253 0.631908
vt 0.166662 0.631967
vt 0.166692 0.347016
vt 0.204837 0.346793
vt 0.204837 0.397197
vt 0.166705 0.397112
vt 0.040101 0.826311
vt 0.040101 0.864443
vt 0.031098 0.864439
vt 0.030636 0.826299
vt 0.512088 0.708244
vt 0.550234 0.708195
vt 0.550234 0.731040
vt 0.512096 0.731029
vt 0.674152 0.848241
vt 0.712281 0.848229
vt 0.712281 0.856335
vt 0.674149 0.856334
vt 0.284466 0.914125
vt 0.284466 0.952257
vt 0.281975 0.952257
vt 0.281975 0.914125
vt 0.450920 0.706556
vt 0.473724 0.706556
vt 0.473724 0.744688
vt 0.450855 0.744692
vt 0.359876 0.552057
vt 0.393597 0.552047
vt 0.393597 0.590202
vt 0.359876 0.590212
vt 0.901441 0.095952
vt 0.895035 0.095952
vt 0.895040 0.057822
vt 0.901441 0.057820
vt 0.525464 0.557891
vt 0.559017 0.557890
vt 0.559017 0.596012
vt 0.525389 0.596051
vt 0.006122 0.984859
vt 0.006122 0.993020
vt 0.004625 0.992817
vt 0.004613 0.984809
vt 0.480237 0.591760
vt 0.512766 0.591549
vt 0.512766 0.629691
vt 0.480206 0.629905
vt 0.598414 0.877752
vt 0.590253 0.877765
vt 0.590305 0.839633
vt 0.598414 0.839621
vt 0.943206 0.729488
vt 0.939699 0.729488
vt 0.939699 0.691356
vt 0.943206 0.691356
vt 0.668012 0.666973
vt 0.668012 0.705105
vt 0.643347 0.705099
vt 0.643221 0.666956
vt 0.005011 0.679928
vt 0.004988 0.654826
vt 0.043142 0.655082
vt 0.043142 0.679928
vt 0.566350 0.755917
vt 0.566346 0.733188
vt 0.604472 0.733171
vt 0.604472 0.755957
vt 0.359893 0.403020
vt 0.398031 0.402595
vt 0.398031 0.451746
vt 0.359892 0.452204
vt 0.674150 0.871701
vt 0.674149 0.863664
vt 0.712281 0.863693
vt 0.712281 0.871701
vt 0.405867 0.033488
vt 0.405867 0.082948
vt 0.367727 0.082537
vt 0.367713 0.032917
vt 0.364188 0.506595
vt 0.395057 0.506496
vt 0.395057 0.544613
vt 0.359876 0.544718
vt 0.355380 0.279100
vt 0.317240 0.279515
vt 0.317251 0.228826
vt 0.355380 0.228697
vt 0.686268 0.474288
vt 0.686163 0.436135
vt 0.710722 0.436190
vt 0.710722 0.474340
vt 0.065479 0.898795
vt 0.065479 0.892991
vt 0.103610 0.892990
vt 0.103610 0.898795
vt 0.415460 0.900866
vt 0.415460 0.862734
vt 0.423468 0.862734
vt 0.423468 0.900866
vt 0.114202 0.924079
vt 0.114202 0.885947
vt 0.120007 0.885947
vt 0.120007 0.924079
vt 0.161851 0.943205
vt 0.158344 0.943205
vt 0.158344 0.905074
vt 0.161851 0.905074
vt 0.604489 0.703066
vt 0.604489 0.725842
vt 0.566357 0.725842
vt 0.566346 0.702972
vt 0.050473 0.764515
vt 0.068765 0.764515
vt 0.068765 0.802647
vt 0.050463 0.802653
vt 0.250322 0.404744
vt 0.250322 0.453846
vt 0.212190 0.453749
vt 0.212166 0.404314
vt 0.761372 0.127465
vt 0.738641 0.127467
vt 0.738723 0.089329
vt 0.761372 0.089333
vt 0.415460 0.772234
vt 0.433058 0.772234
vt 0.433058 0.810366
vt 0.415460 0.810366
vt 0.314412 0.395234
vt 0.314433 0.345203
vt 0.352562 0.345169
vt 0.352562 0.395572
vt 0.989270 0.691426
vt 0.990779 0.691356
vt 0.990779 0.716021
vt 0.989270 0.716084
vt 0.314417 0.337610
vt 0.314412 0.286919
vt 0.352533 0.286844
vt 0.352533 0.337840
vt 0.088600 0.742120
vt 0.050463 0.742169
vt 0.050468 0.719365
vt 0.088600 0.719365
vt 0.124468 0.764515
vt 0.124468 0.802646
vt 0.106871 0.802646
vt 0.106871 0.764515
vt 0.249402 0.772414
vt 0.249402 0.810545
vt 0.231804 0.810545
vt 0.231804 0.772414
vt 0.185807 0.728228
vt 0.161331 0.728235
vt 0.161341 0.690113
vt 0.185807 0.690117
vt 0.736276 0.891238
vt 0.736276 0.929370
vt 0.731225 0.929370
vt 0.731225 0.891238
vt 0.605310 0.383309
vt 0.605089 0.345169
vt 0.637392 0.345198
vt 0.637392 0.383330
vt 0.173019 0.917487
vt 0.173019 0.879356
vt 0.179259 0.879356
vt 0.179259 0.917488
vt 0.294286 0.952257
vt 0.291795 0.952257
vt 0.291795 0.914125
vt 0.294286 0.914125
vt 0.927318 0.729488
vt 0.927318 0.691356
vt 0.932369 0.691356
vt 0.932369 0.729488
vt 0.858197 0.902099
vt 0.820065 0.902099
vt 0.820065 0.896555
vt 0.858197 0.896555
vt 0.966309 0.255990
vt 0.964799 0.255962
vt 0.964817 0.240220
vt 0.966309 0.239988
vt 0.352273 0.497944
vt 0.314412 0.497976
vt 0.317880 0.459831
vt 0.352273 0.459811
vt 0.307079 0.417140
vt 0.307079 0.466361
vt 0.268933 0.466074
vt 0.268928 0.416843
vt 0.812473 0.436135
vt 0.828214 0.436135
vt 0.828214 0.474267
vt 0.812473 0.474267
vt 0.947710 0.908452
vt 0.946321 0.908157
vt 0.946310 0.859053
vt 0.947710 0.858736
vt 0.955395 0.047914
vt 0.955392 0.006287
vt 0.956902 0.006308
vt 0.956902 0.048022
vt 0.917844 0.794474
vt 0.917844 0.797981
vt 0.916534 0.797372
vt 0.916398 0.794885
vt 0.987900 0.555243
vt 0.989322 0.555326
vt 0.989322 0.587617
vt 0.987898 0.587772
vt 0.917115 0.631691
vt 0.917115 0.669823
vt 0.910875 0.669823
vt 0.910875 0.631691
vt 0.248730 0.887985
vt 0.248730 0.926117
vt 0.243186 0.926117
vt 0.243186 0.887985
vt 0.946620 0.962512
vt 0.952687 0.958376
vt 0.952687 0.975453
vt 0.945579 0.976723
vt 0.184450 0.935992
vt 0.173019 0.940551
vt 0.174751 0.926343
vt 0.184450 0.924817
vt 0.750706 0.963059
vt 0.750706 0.978963
vt 0.743739 0.974192
vt 0.744653 0.960691
vt 0.756413 0.260949
vt 0.740878 0.260539
vt 0.740623 0.249658
vt 0.756413 0.247756
vt 0.128432 0.952741
vt 0.127527 0.938122
vt 0.137881 0.939835
vt 0.137881 0.954284
vt 0.873490 0.949053
vt 0.881254 0.943118
vt 0.881254 0.959450
vt 0.873567 0.962584
vt 0.980319 0.907494
vt 0.973305 0.909344
vt 0.972243 0.900470
vt 0.980319 0.895094
vt 0.919433 0.471016
vt 0.912939 0.470727
vt 0.908527 0.458743
vt 0.919433 0.453041
vt 0.195338 0.943326
vt 0.203348 0.941845
vt 0.203348 0.957912
vt 0.193034 0.955979
vt 0.498467 0.559086
vt 0.513565 0.558847
vt 0.513565 0.572039
vt 0.496043 0.568031
vt 0.950573 0.624361
vt 0.944716 0.620043
vt 0.950573 0.614380
vt 0.729275 0.976644
vt 0.735206 0.972315
vt 0.735206 0.986502
vt 0.390286 0.961440
vt 0.390286 0.980064
vt 0.383890 0.972768
vt 0.846326 0.005191
vt 0.846326 0.014646
vt 0.836719 0.006984
vt 0.841341 0.965101
vt 0.830941 0.964718
vt 0.830690 0.951776
vt 0.841341 0.950914
vt 0.264826 0.943095
vt 0.264826 0.959163
vt 0.254711 0.958829
vt 0.254653 0.943289
vt 0.729442 0.676922
vt 0.736313 0.674528
vt 0.736313 0.687061
vt 0.729960 0.687028
vt 0.913104 0.949905
vt 0.913104 0.964154
vt 0.903553 0.963483
vt 0.902700 0.949659
vt 0.032675 0.971609
vt 0.033240 0.956974
vt 0.040424 0.956254
vt 0.040424 0.973804
vt 0.425720 0.979644
vt 0.432225 0.971319
vt 0.432225 0.985582
vt 0.696269 0.540127
vt 0.696269 0.550109
vt 0.684487 0.548086
vt 0.150392 0.985432
vt 0.144553 0.975519
vt 0.150392 0.968925
vt 0.781618 0.526597
vt 0.789251 0.523335
vt 0.789251 0.540549
vt 0.783673 0.539201
vt 0.777501 0.645143
vt 0.777501 0.658152
vt 0.770268 0.646946
vt 0.890397 0.990088
vt 0.888583 0.979356
vt 0.894937 0.979311
vt 0.894937 0.991867
vt 0.113033 0.976367
vt 0.102267 0.976407
vt 0.103118 0.963490
vt 0.113033 0.963593
vt 0.835734 0.270554
vt 0.844158 0.269972
vt 0.844158 0.274848
vt 0.464071 0.202309
vt 0.474089 0.198590
vt 0.474089 0.205665
vt 0.911903 0.540743
vt 0.914209 0.528091
vt 0.921977 0.530220
vt 0.921977 0.547178
vt 0.321406 0.974584
vt 0.328420 0.972733
vt 0.328420 0.985242
vt 0.321628 0.984531
vt 0.830833 0.983195
vt 0.830690 0.972430
vt 0.837474 0.973215
vt 0.837474 0.985635
vt 0.284466 0.973086
vt 0.274670 0.973744
vt 0.275570 0.960437
vt 0.284466 0.959587
vt 0.453056 0.977706
vt 0.443830 0.976829
vt 0.443373 0.965664
vt 0.453056 0.963871
vt 0.261969 0.967919
vt 0.261969 0.982233
vt 0.256236 0.981959
vt 0.254653 0.966492
vt 0.184157 0.961731
vt 0.173019 0.961913
vt 0.174244 0.948133
vt 0.184157 0.947880
vt 0.058149 0.977531
vt 0.048202 0.977304
vt 0.048314 0.964530
vt 0.058149 0.964033
vt 0.906515 0.187123
vt 0.905543 0.172054
vt 0.916680 0.172240
vt 0.916680 0.186690
vt 0.217418 0.920805
vt 0.216278 0.894659
vt 0.225020 0.895051
vt 0.225020 0.922733
vt 0.710034 0.481670
vt 0.710034 0.487242
vt 0.705433 0.484342
vt 0.776835 0.033917
vt 0.752826 0.036531
vt 0.756248 0.009202
vt 0.776835 0.006960
vt 0.856745 0.028466
vt 0.854426 0.027636
vt 0.856745 0.006388
vt 0.991955 0.293658
vt 0.991955 0.299049
vt 0.990332 0.299000
vt 0.990258 0.293613
vt 0.972607 0.107408
vt 0.970640 0.101030
vt 0.972607 0.099309
vt 0.517772 0.984522
vt 0.517772 0.991022
vt 0.516872 0.985705
vt 0.042196 0.875527
vt 0.040737 0.874815
vt 0.042196 0.871773
vt 0.955968 0.849934
vt 0.956994 0.800440
vt 0.956994 0.850477
vt 0.880568 0.181393
vt 0.880568 0.118612
vt 0.884562 0.117308
vt 0.884562 0.182697
vt 0.240660 0.723528
vt 0.239232 0.671044
vt 0.244381 0.670835
vt 0.244381 0.724308
vt 0.461236 0.963976
vt 0.461236 0.972374
vt 0.460386 0.967085
vt 0.041337 0.947714
vt 0.042682 0.898904
vt 0.042682 0.948306
vt 0.336651 0.972733
vt 0.336651 0.979232
vt 0.335750 0.973909
vt 0.956339 0.166802
vt 0.957364 0.117308
vt 0.957364 0.167344
vt 0.082170 0.955786
vt 0.083211 0.906125
vt 0.083211 0.956399
vt 0.472420 0.531611
vt 0.472420 0.583032
vt 0.454875 0.583079
vt 0.450855 0.531593
vt 0.976181 0.847817
vt 0.973163 0.841394
vt 0.976181 0.836717
vt 0.973639 0.255755
vt 0.973639 0.230636
vt 0.977899 0.231671
vt 0.977899 0.255755
vt 0.952792 0.318360
vt 0.953953 0.268935
vt 0.953953 0.318851
vt 0.518060 0.345276
vt 0.518060 0.493436
vt 0.511578 0.493339
vt 0.510920 0.345169
vt 0.345086 0.993438
vt 0.344002 0.987015
vt 0.345086 0.985990
vt 0.957238 0.393201
vt 0.958109 0.345220
vt 0.958109 0.395184
vt 0.927816 0.907835
vt 0.930139 0.858736
vt 0.930139 0.908481
vt 0.185807 0.762511
vt 0.160519 0.765266
vt 0.161798 0.738180
vt 0.185807 0.735564
vt 0.892684 0.726054
vt 0.891257 0.717180
vt 0.892684 0.716472
vt 0.947714 0.242765
vt 0.949133 0.194452
vt 0.949133 0.243331
vt 0.993752 0.832553
vt 0.992605 0.826812
vt 0.993752 0.826133
vt 0.542305 0.504634
vt 0.537657 0.504226
vt 0.538207 0.345554
vt 0.542305 0.345169
vt 0.178116 0.826547
vt 0.127527 0.826485
vt 0.127543 0.818138
vt 0.178116 0.818057
vt 0.796006 0.830142
vt 0.790807 0.830245
vt 0.791063 0.756135
vt 0.796006 0.756020
vt 0.220684 0.775308
vt 0.193745 0.775308
vt 0.195564 0.748519
vt 0.220684 0.748519
vt 0.752436 0.742201
vt 0.743739 0.742414
vt 0.745161 0.666506
vt 0.752436 0.666328
vt 0.750125 0.425069
vt 0.719287 0.425069
vt 0.723186 0.398280
vt 0.750125 0.398280
vt 0.066377 0.964033
vt 0.066377 0.970546
vt 0.065479 0.965224
vt 0.705469 0.986290
vt 0.705469 0.992782
vt 0.704568 0.987466
vt 0.102267 0.955619
vt 0.103323 0.906125
vt 0.103323 0.956161
vt 0.939963 0.394687
vt 0.941581 0.345220
vt 0.941581 0.395235
vt 0.872687 0.719589
vt 0.871162 0.719094
vt 0.871156 0.632440
vt 0.872687 0.631691
vt 0.485416 0.955826
vt 0.486441 0.906332
vt 0.486441 0.956368
vt 0.852331 0.267756
vt 0.852331 0.274848
vt 0.851487 0.269517
vt 0.956496 0.790272
vt 0.957411 0.740552
vt 0.957411 0.790899
vt 0.460354 0.133969
vt 0.457426 0.124581
vt 0.460354 0.123253
vt 0.185445 0.823081
vt 0.186363 0.772596
vt 0.186363 0.823477
vt 0.845921 0.987803
vt 0.845921 0.993666
vt 0.844803 0.988404
vt 0.243186 0.961757
vt 0.243868 0.933446
vt 0.247047 0.934845
vt 0.247047 0.962388
vt 0.261599 0.359563
vt 0.261599 0.459994
vt 0.259361 0.359838
vt 0.938365 0.683737
vt 0.936826 0.634647
vt 0.938365 0.631691
vt 0.647354 0.955984
vt 0.646277 0.906741
vt 0.647354 0.905695
vt 0.822368 0.909625
vt 0.823361 0.909429
vt 0.823361 0.946363
vt 0.820065 0.946006
vt 0.559017 0.603380
vt 0.559017 0.682264
vt 0.557649 0.681751
vt 0.557643 0.604039
vt 0.949009 0.168765
vt 0.947984 0.119271
vt 0.949009 0.117308
vt 0.260579 0.897559
vt 0.256731 0.848590
vt 0.260579 0.845189
vt 0.954122 0.458230
vt 0.953091 0.408656
vt 0.954122 0.407572
vt 0.568914 0.889318
vt 0.566772 0.840008
vt 0.571910 0.839621
vt 0.571910 0.889456
vt 0.956074 0.909319
vt 0.955039 0.859821
vt 0.956074 0.858736
vt 0.702130 0.719764
vt 0.675341 0.728342
vt 0.675341 0.700450
vt 0.702130 0.694390
vt 0.680030 0.383884
vt 0.673476 0.383909
vt 0.673852 0.282201
vt 0.680030 0.282177
vt 0.085923 0.496814
vt 0.061838 0.496814
vt 0.063631 0.431424
vt 0.085923 0.431424
vt 0.891906 0.184582
vt 0.891891 0.117308
vt 0.894382 0.117314
vt 0.894382 0.184583
vt 0.945583 0.533153
vt 0.944214 0.483660
vt 0.945583 0.482230
vt 0.327946 0.818771
vt 0.268914 0.818549
vt 0.268914 0.811313
vt 0.327946 0.811085
vt 0.852334 0.333635
vt 0.844886 0.329684
vt 0.844886 0.287373
vt 0.852334 0.282177
vt 0.953944 0.533002
vt 0.952913 0.483315
vt 0.953944 0.482230
vt 0.604461 0.937579
vt 0.603387 0.887977
vt 0.604461 0.885095
vt 0.314412 0.763642
vt 0.381413 0.763035
vt 0.381413 0.771547
vt 0.314412 0.771142
vt 0.542305 0.326684
vt 0.541859 0.305140
vt 0.542305 0.299664
vt 0.066504 0.956703
vt 0.065479 0.907209
vt 0.066504 0.906125
vt 0.031696 0.749557
vt 0.038178 0.749535
vt 0.038178 0.818945
vt 0.030636 0.818969
vt 0.094289 0.482861
vt 0.093253 0.432519
vt 0.094289 0.431424
vt 0.530327 0.505069
vt 0.526114 0.504899
vt 0.525389 0.345442
vt 0.530327 0.345169
vt 0.823218 0.981575
vt 0.820068 0.982047
vt 0.820065 0.955106
vt 0.823218 0.953692
vt 0.527822 0.190613
vt 0.520682 0.190720
vt 0.521340 0.042581
vt 0.527822 0.042484
vt 0.194584 0.105786
vt 0.215146 0.032917
vt 0.215146 0.134077
vt 0.792038 0.185920
vt 0.784628 0.185163
vt 0.792038 0.112672
vt 0.529351 0.867557
vt 0.528759 0.835925
vt 0.529351 0.831457
vt 0.947286 0.992511
vt 0.945579 0.989610
vt 0.947286 0.984053
vt 0.584073 0.156352
vt 0.576974 0.156507
vt 0.577695 0.028742
vt 0.584073 0.028603
vt 0.760782 0.993551
vt 0.759203 0.993603
vt 0.759270 0.988209
vt 0.760782 0.988153
vt 0.687316 0.975866
vt 0.683985 0.976134
vt 0.684142 0.948915
vt 0.687316 0.947546
vt 0.235856 0.890594
vt 0.235856 0.940104
vt 0.234015 0.940008
vt 0.234233 0.890613
vt 0.920604 0.807341
vt 0.920604 0.851407
vt 0.916398 0.850698
vt 0.916618 0.805310
vt 0.910503 0.109979
vt 0.907662 0.109950
vt 0.907619 0.104563
vt 0.910503 0.103458
vt 0.919432 0.164404
vt 0.915429 0.118395
vt 0.919432 0.117308
vt 0.304613 0.841116
vt 0.304613 0.850212
vt 0.268914 0.845069
vt 0.961283 0.272394
vt 0.964780 0.268935
vt 0.964780 0.299074
vt 0.638947 0.905695
vt 0.638947 0.941204
vt 0.634967 0.930041
vt 0.133126 0.895869
vt 0.133126 0.930793
vt 0.127527 0.929855
vt 0.559002 0.722645
vt 0.557643 0.690435
vt 0.559002 0.689593
vt 0.881254 0.896555
vt 0.881254 0.935789
vt 0.877571 0.935160
vt 0.197268 0.898220
vt 0.197268 0.934515
vt 0.193034 0.931957
vt 0.759208 0.274848
vt 0.755460 0.269421
vt 0.759208 0.268858
vt 0.634101 0.604001
vt 0.637039 0.603396
vt 0.637039 0.605536
vt 0.855784 0.182754
vt 0.857918 0.182739
vt 0.857918 0.186967
vt 0.952792 0.257313
vt 0.955042 0.253063
vt 0.955042 0.261605
vt 0.627637 0.944344
vt 0.624365 0.942714
vt 0.627637 0.905695
vt 0.735921 0.282177
vt 0.735921 0.390042
vt 0.731894 0.387040
vt 0.731319 0.282698
vt 0.841988 0.910296
vt 0.845956 0.909429
vt 0.845956 0.942357
vt 0.841988 0.943585
vt 0.960519 0.692735
vt 0.962619 0.691356
vt 0.962619 0.727957
vt 0.898144 0.417803
vt 0.901198 0.407572
vt 0.901198 0.463434
vt 0.966189 0.155664
vt 0.964694 0.119092
vt 0.966189 0.117308
vt 0.973518 0.120351
vt 0.975400 0.117308
vt 0.975400 0.151486
vt 0.888583 0.934446
vt 0.888808 0.896555
vt 0.892018 0.897503
vt 0.892018 0.936737
vt 0.971610 0.635408
vt 0.972303 0.631691
vt 0.972303 0.674395
vt 0.688523 0.940217
vt 0.683985 0.939070
vt 0.688523 0.907502
vt 0.938624 0.050467
vt 0.935912 0.008773
vt 0.938624 0.006287
vt 0.935294 0.104873
vt 0.937267 0.057820
vt 0.937267 0.107174
vt 0.591402 0.120700
vt 0.618307 0.120265
vt 0.618307 0.124394
vt 0.684174 0.985326
vt 0.688160 0.983463
vt 0.688160 0.993734
vt 0.683985 0.994407
vt 0.988780 0.506812
vt 0.990856 0.482230
vt 0.990856 0.507863
vt 0.950535 0.725697
vt 0.953189 0.691356
vt 0.953189 0.728245
vt 0.979040 0.588259
vt 0.980569 0.555243
vt 0.980569 0.590167
vt 0.432559 0.936938
vt 0.435224 0.898249
vt 0.435224 0.941308
vt 0.972109 0.297510
vt 0.974076 0.263565
vt 0.974076 0.299074
vt 0.846945 0.021976
vt 0.846945 0.024600
vt 0.784164 0.024600
vt 0.784164 0.021976
vt 0.023265 0.875197
vt 0.021147 0.838571
vt 0.023265 0.838308
vt 0.569611 0.939213
vt 0.566772 0.900668
vt 0.569611 0.896786
vt 0.930894 0.850729
vt 0.927933 0.815568
vt 0.930894 0.805310
vt 0.836577 0.597010
vt 0.836577 0.642743
vt 0.835022 0.642425
vt 0.415460 0.946458
vt 0.418121 0.908195
vt 0.418121 0.948028
vt 0.989606 0.985302
vt 0.988229 0.954142
vt 0.989606 0.953331
vt 0.496329 0.694584
vt 0.496329 0.676021
vt 0.500588 0.674368
vt 0.500588 0.696783
vt 0.771442 0.531613
vt 0.771442 0.541199
vt 0.769341 0.540799
vt 0.767622 0.532100
vt 0.948063 0.006287
vt 0.948063 0.050278
vt 0.945954 0.038616
vt 0.774117 0.950372
vt 0.770920 0.917813
vt 0.774117 0.914076
vt 0.671480 0.420228
vt 0.644691 0.428806
vt 0.644691 0.398660
vt 0.671480 0.392336
vt 0.556702 0.894055
vt 0.555411 0.840598
vt 0.559442 0.839621
vt 0.559442 0.895482
vt 0.790807 0.668724
vt 0.797428 0.666328
vt 0.797428 0.748327
vt 0.793228 0.748690
vt 0.981940 0.691818
vt 0.981940 0.719284
vt 0.978789 0.719746
vt 0.978789 0.691356
vt 0.250121 0.242984
vt 0.249564 0.141406
vt 0.269292 0.142225
vt 0.269292 0.243460
vt 0.414971 0.982769
vt 0.414971 0.955828
vt 0.418121 0.955357
vt 0.418121 0.983240
vt 0.678834 0.484120
vt 0.659517 0.487329
vt 0.660404 0.437141
vt 0.678834 0.436135
vt 0.877563 0.345905
vt 0.877563 0.398975
vt 0.872995 0.395794
vt 0.875315 0.345220
vt 0.923482 0.310681
vt 0.926143 0.268935
vt 0.927456 0.269053
vt 0.927456 0.313233
vt 0.344010 0.941788
vt 0.344002 0.910821
vt 0.348374 0.910904
vt 0.348374 0.943143
vt 0.627986 0.504298
vt 0.627986 0.546610
vt 0.607424 0.550561
vt 0.607424 0.499103
vt 0.785706 0.974162
vt 0.781447 0.972845
vt 0.781447 0.950571
vt 0.785706 0.948788
vt 0.872759 0.332159
vt 0.875214 0.269426
vt 0.877087 0.268935
vt 0.877087 0.333635
vt 0.223944 0.723616
vt 0.223944 0.703054
vt 0.231387 0.707070
vt 0.231387 0.723340
vt 0.077821 0.791678
vt 0.076095 0.764515
vt 0.099542 0.767212
vt 0.099542 0.794177
vt 0.818759 0.392710
vt 0.827716 0.391122
vt 0.827716 0.427576
vt 0.818207 0.428796
vt 0.868878 0.117308
vt 0.873238 0.118612
vt 0.873238 0.181393
vt 0.868879 0.182698
vt 0.232081 0.214125
vt 0.232081 0.248232
vt 0.166692 0.248232
vt 0.166692 0.214125
vt 0.856887 0.407983
vt 0.856887 0.453863
vt 0.850259 0.452015
vt 0.848146 0.407572
vt 0.852683 0.099881
vt 0.852253 0.037090
vt 0.856745 0.035796
vt 0.856745 0.101185
vt 0.834658 0.910296
vt 0.834658 0.943585
vt 0.830690 0.942357
vt 0.830690 0.909429
vt 0.840817 0.472962
vt 0.836328 0.474267
vt 0.835544 0.409755
vt 0.840817 0.407572
vt 0.501191 0.927608
vt 0.495653 0.926366
vt 0.498646 0.892320
vt 0.501191 0.890674
vt 0.828405 0.383749
vt 0.826548 0.383210
vt 0.826348 0.283143
vt 0.828405 0.282177
vt 0.784628 0.102933
vt 0.786258 0.043861
vt 0.795619 0.045239
vt 0.795619 0.105342
vt 0.887706 0.012487
vt 0.887706 0.080965
vt 0.884551 0.079599
vt 0.884551 0.012336
vt 0.733122 0.816634
vt 0.736276 0.815268
vt 0.736276 0.883757
vt 0.733123 0.883908
vt 0.756266 0.560140
vt 0.762938 0.557890
vt 0.762938 0.645742
vt 0.758732 0.646027
vt 0.120007 0.810138
vt 0.120007 0.878617
vt 0.116851 0.877251
vt 0.116857 0.809983
vt 0.712446 0.667515
vt 0.707950 0.667255
vt 0.707553 0.559392
vt 0.712446 0.557890
vt 0.976324 0.006925
vt 0.976324 0.035315
vt 0.973071 0.034605
vt 0.973405 0.006287
vt 0.973163 0.828715
vt 0.973378 0.800440
vt 0.976423 0.801068
vt 0.976423 0.829388
vt 0.155784 0.500427
vt 0.155784 0.601664
vt 0.147437 0.601612
vt 0.147162 0.500448
vt 0.453895 0.840406
vt 0.444433 0.840403
vt 0.443681 0.798579
vt 0.453895 0.797502
vt 0.903546 0.683666
vt 0.901321 0.684027
vt 0.900014 0.633108
vt 0.903546 0.631691
vt 0.759203 0.914950
vt 0.763590 0.914076
vt 0.763590 0.946048
vt 0.759218 0.946006
vt 0.774575 0.758215
vt 0.783477 0.753540
vt 0.783477 0.812526
vt 0.777570 0.810633
vt 0.968200 0.472718
vt 0.961451 0.473248
vt 0.961610 0.456937
vt 0.968200 0.453304
vt 0.628208 0.951841
vt 0.635892 0.951674
vt 0.635892 0.964821
vt 0.624365 0.958498
vt 0.533507 0.204757
vt 0.533507 0.268115
vt 0.513036 0.264698
vt 0.513036 0.202725
vt 0.981405 0.297725
vt 0.981405 0.263565
vt 0.982928 0.264198
vt 0.982928 0.297725
vt 0.916091 0.605098
vt 0.924122 0.602344
vt 0.924122 0.624362
vt 0.916670 0.624306
vt 0.908762 0.604641
vt 0.908762 0.624362
vt 0.900663 0.624329
vt 0.900014 0.602773
vt 0.359158 0.989004
vt 0.355703 0.989443
vt 0.355703 0.967028
vt 0.359158 0.967140
vt 0.590253 0.931359
vt 0.594260 0.930556
vt 0.594260 0.957870
vt 0.590879 0.959671
vt 0.553463 0.812487
vt 0.552782 0.738370
vt 0.558125 0.738592
vt 0.558125 0.812683
vt 0.735206 0.937070
vt 0.735206 0.964985
vt 0.731957 0.963646
vt 0.731225 0.936699
vt 0.850094 0.555809
vt 0.850094 0.613638
vt 0.844192 0.613010
vt 0.844776 0.555243
vt 0.525738 0.922284
vt 0.527573 0.876933
vt 0.529133 0.877231
vt 0.529133 0.923413
vt 0.891340 0.632402
vt 0.892684 0.631691
vt 0.892684 0.709143
vt 0.891345 0.708737
vt 0.847170 0.833159
vt 0.847170 0.743160
vt 0.848741 0.743164
vt 0.848741 0.833235
vt 0.850094 0.547347
vt 0.844776 0.547913
vt 0.844192 0.490146
vt 0.850094 0.489518
vt 0.918127 0.741165
vt 0.921176 0.740552
vt 0.921176 0.785994
vt 0.916991 0.785176
vt 0.916400 0.861018
vt 0.920486 0.858736
vt 0.920486 0.904154
vt 0.917473 0.904924
vt 0.898213 0.252501
vt 0.896722 0.252135
vt 0.895471 0.195255
vt 0.898213 0.194452
vt 0.980319 0.085275
vt 0.980641 0.057820
vt 0.983361 0.058398
vt 0.983361 0.085921
vt 0.208375 0.891560
vt 0.208375 0.931868
vt 0.204657 0.931071
vt 0.204597 0.891239
vt 0.953689 0.546888
vt 0.953689 0.541490
vt 0.955652 0.540465
vt 0.955652 0.547913
vt 0.419484 0.854640
vt 0.415460 0.817695
vt 0.426621 0.819124
vt 0.426621 0.855404
vt 0.578487 0.973037
vt 0.578487 0.950624
vt 0.582747 0.949306
vt 0.582747 0.974680
vt 0.853614 0.939100
vt 0.853285 0.911945
vt 0.857743 0.909429
vt 0.857743 0.941826
vt 0.736410 0.665753
vt 0.731809 0.665232
vt 0.732383 0.560892
vt 0.736410 0.557890
vt 0.634747 0.755180
vt 0.629566 0.752542
vt 0.634747 0.748440
vt 0.090264 0.504143
vt 0.090264 0.509464
vt 0.061838 0.506942
vt 0.120007 0.931408
vt 0.120007 0.952781
vt 0.112996 0.951664
vt 0.450855 0.611192
vt 0.471417 0.590408
vt 0.471417 0.640988
vt 0.844719 0.183033
vt 0.844719 0.186787
vt 0.842553 0.183056
vt 0.244055 0.336254
vt 0.241575 0.309003
vt 0.267503 0.311986
vt 0.267503 0.338951
vt 0.066641 0.870210
vt 0.065479 0.824998
vt 0.073020 0.825134
vt 0.073020 0.870324
vt 0.150392 0.925664
vt 0.142944 0.925664
vt 0.150392 0.895867
vt 0.839749 0.809731
vt 0.839749 0.860311
vt 0.832301 0.839527
vt 0.054432 0.923483
vt 0.054432 0.953943
vt 0.050463 0.953125
vt 0.050463 0.923031
vt 0.321406 0.944927
vt 0.321406 0.910821
vt 0.325375 0.911230
vt 0.325375 0.944927
vt 0.509165 0.031579
vt 0.509165 0.034740
vt 0.502832 0.033685
vt 0.469790 0.985207
vt 0.469790 0.992663
vt 0.468706 0.991616
vt 0.664064 0.905695
vt 0.664064 0.956273
vt 0.663038 0.955189
vt 0.965439 0.392741
vt 0.966880 0.390745
vt 0.966880 0.399693
vt 0.842553 0.117936
vt 0.848454 0.117308
vt 0.848454 0.175138
vt 0.843137 0.175704
vt 0.576708 0.289102
vt 0.576616 0.163892
vt 0.584066 0.164031
vt 0.584066 0.289239
vt 0.973639 0.221918
vt 0.973652 0.194452
vt 0.976803 0.194916
vt 0.976803 0.223306
vt 0.863490 0.632367
vt 0.863490 0.642084
vt 0.862121 0.640653
vt 0.945440 0.555243
vt 0.945440 0.606862
vt 0.944169 0.604047
vt 0.159429 0.986140
vt 0.159429 0.993580
vt 0.158344 0.992547
vt 0.949167 0.740552
vt 0.949167 0.792008
vt 0.948141 0.790046
vt 0.955441 0.631691
vt 0.955441 0.682438
vt 0.954427 0.681352
vt 0.566346 0.771153
vt 0.566346 0.763653
vt 0.633287 0.763286
vt 0.633287 0.771798
vt 0.946360 0.547913
vt 0.944169 0.545755
vt 0.946360 0.540816
vt 0.745496 0.003802
vt 0.745496 0.006426
vt 0.682715 0.006426
vt 0.682715 0.003802
vt 0.074841 0.906125
vt 0.074841 0.956642
vt 0.073834 0.955555
vt 0.094289 0.496704
vt 0.093390 0.495512
vt 0.094289 0.490190
vt 0.938981 0.858736
vt 0.938981 0.910789
vt 0.937469 0.907869
vt 0.719488 0.390810
vt 0.719287 0.282177
vt 0.723990 0.282325
vt 0.723990 0.390951
vt 0.710653 0.541451
vt 0.710653 0.549397
vt 0.703811 0.548667
vt 0.703598 0.540127
vt 0.679775 0.401323
vt 0.678809 0.397642
vt 0.679775 0.392336
vt 0.704957 0.907502
vt 0.704957 0.957951
vt 0.704116 0.955719
vt 0.983753 0.834138
vt 0.983753 0.800440
vt 0.985276 0.800440
vt 0.985276 0.834138
vt 0.224371 0.782834
vt 0.224371 0.841866
vt 0.217273 0.841681
vt 0.216831 0.782637
vt 0.767622 0.522015
vt 0.770083 0.436135
vt 0.774288 0.436431
vt 0.774288 0.524283
vt 0.300128 0.720319
vt 0.306732 0.720158
vt 0.306732 0.789532
vt 0.299048 0.789719
vt 0.976912 0.740552
vt 0.976912 0.768871
vt 0.973598 0.768175
vt 0.973580 0.740811
vt 0.317240 0.141406
vt 0.347700 0.141406
vt 0.347700 0.206796
vt 0.317240 0.206796
vt 0.832742 0.743345
vt 0.839841 0.743160
vt 0.839841 0.802205
vt 0.832301 0.802402
vt 0.791383 0.274336
vt 0.783842 0.274425
vt 0.785322 0.194524
vt 0.791383 0.194452
vt 0.544484 0.863134
vt 0.536943 0.863275
vt 0.538055 0.812945
vt 0.544484 0.812825
vt 0.605717 0.824605
vt 0.605717 0.832291
vt 0.555411 0.831708
vt 0.555411 0.825155
vt 0.941902 0.918118
vt 0.941902 0.948212
vt 0.937469 0.948212
vt 0.937469 0.918118
vt 0.538410 0.279357
vt 0.513036 0.279357
vt 0.513036 0.275444
vt 0.538410 0.275444
vt 0.478204 0.985207
vt 0.478204 0.992659
vt 0.477120 0.991629
vt 0.679910 0.408653
vt 0.679910 0.416820
vt 0.678809 0.415051
vt 0.940385 0.194452
vt 0.940385 0.246825
vt 0.938974 0.243936
vt 0.936522 0.268935
vt 0.936522 0.320355
vt 0.934786 0.318401
vt 0.655709 0.905695
vt 0.655709 0.956274
vt 0.654683 0.955189
vt 0.845888 0.972430
vt 0.845888 0.980474
vt 0.844803 0.979439
vt 0.812430 0.914076
vt 0.812430 0.960138
vt 0.811649 0.958848
vt 0.139591 0.757185
vt 0.137708 0.752408
vt 0.139591 0.747352
vt 0.949908 0.345220
vt 0.949908 0.396797
vt 0.948911 0.395702
vt 0.928583 0.915810
vt 0.928583 0.960706
vt 0.927816 0.959748
vt 0.697239 0.986290
vt 0.697239 0.993059
vt 0.696130 0.992047
vt 0.435224 0.890920
vt 0.433951 0.890638
vt 0.435224 0.817695
vt 0.952769 0.555723
vt 0.954030 0.555243
vt 0.954030 0.604962
vt 0.477061 0.906874
vt 0.478086 0.906332
vt 0.478086 0.956369
vt 0.929586 0.195414
vt 0.931644 0.194452
vt 0.931644 0.244490
vt 0.443681 0.906848
vt 0.444718 0.906332
vt 0.444718 0.956420
vt 0.956463 0.194995
vt 0.957470 0.194452
vt 0.957470 0.244490
vt 0.979040 0.622616
vt 0.979040 0.597496
vt 0.982953 0.597496
vt 0.982953 0.622616
vt 0.311436 0.960120
vt 0.312959 0.959587
vt 0.312959 0.989681
vt 0.311436 0.989475
vt 0.725975 0.144758
vt 0.726483 0.043861
vt 0.731312 0.044165
vt 0.731312 0.145094
vt 0.953353 0.058362
vt 0.954471 0.057820
vt 0.954471 0.107861
vt 0.460386 0.906954
vt 0.461376 0.906332
vt 0.461376 0.956646
vt 0.494985 0.580307
vt 0.517400 0.580307
vt 0.517400 0.584220
vt 0.494985 0.584220
vt 0.452048 0.906935
vt 0.453056 0.906332
vt 0.453056 0.956542
vt 0.695853 0.907977
vt 0.696786 0.907502
vt 0.696786 0.957370
vt 0.468706 0.906874
vt 0.469731 0.906332
vt 0.469731 0.956370
vt 0.939366 0.740568
vt 0.940812 0.740552
vt 0.940812 0.790897
vt 0.939233 0.790884
vt 0.961274 0.482661
vt 0.962116 0.482230
vt 0.962116 0.530886
vt 0.945462 0.268935
vt 0.945462 0.318679
vt 0.943941 0.318667
vt 0.943851 0.268950
vt 0.058422 0.989446
vt 0.060079 0.984861
vt 0.060079 0.992386
vt 0.984772 0.370339
vt 0.984772 0.345220
vt 0.988227 0.345220
vt 0.988227 0.370339
vt 0.526278 0.603433
vt 0.545092 0.603380
vt 0.545092 0.654471
vt 0.525389 0.655401
vt 0.352541 0.837226
vt 0.339086 0.827446
vt 0.352541 0.802252
vt 0.505706 0.278440
vt 0.485917 0.208310
vt 0.505706 0.202725
vt 0.594239 0.988209
vt 0.590253 0.972435
vt 0.594239 0.967000
vt 0.812431 0.988406
vt 0.809292 0.983802
vt 0.812431 0.967467
vt 0.972068 0.307349
vt 0.975657 0.306404
vt 0.975657 0.335659
vt 0.654129 0.557890
vt 0.654129 0.659050
vt 0.646680 0.586181
vt 0.355703 0.911380
vt 0.356623 0.910821
vt 0.356623 0.959698
vt 0.043142 0.614568
vt 0.043142 0.647496
vt 0.016354 0.638918
vt 0.016354 0.608508
vt 0.311942 0.843877
vt 0.313868 0.841116
vt 0.313868 0.850198
vt 0.991009 0.731845
vt 0.989270 0.728566
vt 0.991009 0.723413
vt 0.755955 0.282277
vt 0.760659 0.282177
vt 0.760659 0.383056
vt 0.755460 0.383166
vt 0.922256 0.194607
vt 0.922256 0.245698
vt 0.919234 0.244578
vt 0.920435 0.194452
vt 0.776512 0.274407
vt 0.767813 0.274425
vt 0.769235 0.198501
vt 0.776512 0.198486
vt 0.892597 0.971982
vt 0.888616 0.971611
vt 0.888583 0.944664
vt 0.892597 0.944066
vt 0.309911 0.206796
vt 0.276622 0.206796
vt 0.276622 0.141406
vt 0.309911 0.141406
vt 0.850732 0.662145
vt 0.850732 0.719974
vt 0.844830 0.719345
vt 0.845414 0.661578
vt 0.674149 0.907999
vt 0.676656 0.907502
vt 0.676656 0.948832
vt 0.982419 0.470713
vt 0.979131 0.470819
vt 0.980803 0.443583
vt 0.982419 0.443256
vt 0.675092 0.015267
vt 0.696849 0.015267
vt 0.696849 0.021274
vt 0.675092 0.021274
vt 0.840068 0.100307
vt 0.840934 0.035796
vt 0.844923 0.037100
vt 0.844923 0.102490
vt 0.973518 0.186698
vt 0.973701 0.158815
vt 0.976844 0.160249
vt 0.976844 0.187100
vt 0.525214 0.988300
vt 0.525214 0.967591
vt 0.528669 0.967245
vt 0.528669 0.989660
vt 0.674354 0.824211
vt 0.674151 0.815268
vt 0.725793 0.815331
vt 0.725793 0.823954
vt 0.881063 0.814574
vt 0.885053 0.813270
vt 0.885053 0.878659
vt 0.881063 0.877355
vt 0.970640 0.059051
vt 0.972990 0.057820
vt 0.972990 0.091980
vt 0.970640 0.091980
vt 0.858632 0.719346
vt 0.858061 0.661578
vt 0.863827 0.661848
vt 0.863827 0.719589
vt 0.820210 0.135632
vt 0.817962 0.135073
vt 0.818478 0.036452
vt 0.820210 0.035796
vt 0.146394 0.933689
vt 0.150392 0.932993
vt 0.150392 0.959950
vt 0.147064 0.961596
vt 0.984242 0.765926
vt 0.984242 0.740552
vt 0.987697 0.740552
vt 0.987697 0.765926
vt 0.964738 0.306404
vt 0.964738 0.336498
vt 0.961283 0.334845
vt 0.961283 0.307042
vt 0.855590 0.476788
vt 0.848146 0.481754
vt 0.848146 0.461192
vt 0.855590 0.461468
vt 0.743739 0.795215
vt 0.764302 0.795215
vt 0.764302 0.825011
vt 0.825282 0.269152
vt 0.814392 0.250691
vt 0.825282 0.239916
vt 0.988661 0.395480
vt 0.991221 0.379371
vt 0.991221 0.398953
vt 0.672743 0.981536
vt 0.672743 0.956162
vt 0.676656 0.956162
vt 0.676656 0.981536
vt 0.837556 0.382345
vt 0.835734 0.382195
vt 0.837556 0.282177
vt 0.674380 0.988865
vt 0.674380 0.994188
vt 0.672743 0.990550
vt 0.719610 0.831541
vt 0.722598 0.831541
vt 0.722598 0.894322
vt 0.719610 0.894322
vt 0.399344 0.024227
vt 0.347886 0.024227
vt 0.347886 0.003665
vt 0.399344 0.003665
vt 0.104279 0.865306
vt 0.096789 0.865051
vt 0.095219 0.829363
vt 0.104279 0.824998
vt 0.624256 0.604782
vt 0.626772 0.603396
vt 0.626772 0.606183
vt 0.160032 0.851461
vt 0.163171 0.850406
vt 0.163171 0.897744
vt 0.158344 0.897309
vt 0.461225 0.882040
vt 0.465585 0.820564
vt 0.465585 0.883344
vt 0.094045 0.975089
vt 0.090540 0.975451
vt 0.090839 0.947537
vt 0.094045 0.947206
vt 0.920497 0.103458
vt 0.920497 0.109977
vt 0.917833 0.106434
vt 0.962811 0.985087
vt 0.962811 0.990679
vt 0.960016 0.987826
vt 0.860234 0.275868
vt 0.865429 0.275625
vt 0.865429 0.333366
vt 0.859664 0.333635
vt 0.512088 0.923228
vt 0.516056 0.922409
vt 0.516056 0.952870
vt 0.512088 0.953322
vt 0.992523 0.078392
vt 0.990690 0.059920
vt 0.992523 0.057820
vt 0.703929 0.424547
vt 0.703929 0.428806
vt 0.679249 0.428806
vt 0.678809 0.424547
vt 0.781447 0.915462
vt 0.787274 0.914076
vt 0.787274 0.939710
vt 0.784463 0.941459
vt 0.913565 0.677152
vt 0.913565 0.683707
vt 0.910875 0.680677
vt 0.941713 0.255413
vt 0.941713 0.261426
vt 0.938742 0.257960
vt 0.760410 0.832340
vt 0.763398 0.832340
vt 0.763398 0.895121
vt 0.760410 0.895121
vt 0.895370 0.876051
vt 0.892382 0.876051
vt 0.892382 0.813270
vt 0.895370 0.813270
vt 0.671104 0.007715
vt 0.675386 0.003802
vt 0.675386 0.007715
vt 0.446191 0.985035
vt 0.446191 0.990675
vt 0.443373 0.987750
vt 0.975990 0.042645
vt 0.975990 0.048520
vt 0.973071 0.045250
vt 0.981698 0.727076
vt 0.981698 0.732926
vt 0.978789 0.729693
vt 0.932279 0.541162
vt 0.932279 0.547178
vt 0.929307 0.544633
vt 0.307082 0.352233
vt 0.276622 0.352233
vt 0.276622 0.286844
vt 0.307082 0.286844
vt 0.656397 0.987439
vt 0.656397 0.993146
vt 0.654683 0.991122
vt 0.784164 0.035842
vt 0.788153 0.031929
vt 0.788153 0.035842
vt 0.923879 0.677655
vt 0.923879 0.683707
vt 0.920894 0.681178
vt 0.456335 0.985035
vt 0.456335 0.990668
vt 0.453520 0.987950
vt 0.051092 0.984861
vt 0.051092 0.990665
vt 0.048202 0.988027
vt 0.231804 0.738985
vt 0.258593 0.732648
vt 0.258593 0.762003
vt 0.231804 0.765084
vt 0.768462 0.666547
vt 0.768462 0.742402
vt 0.761187 0.742219
vt 0.759765 0.666328
vt 0.104490 0.729477
vt 0.101630 0.702688
vt 0.135328 0.702688
vt 0.135328 0.729477
vt 0.205635 0.883075
vt 0.204597 0.829030
vt 0.208876 0.828110
vt 0.208876 0.883909
vt 0.032702 0.898948
vt 0.034007 0.898904
vt 0.034007 0.948925
vt 0.032675 0.948910
vt 0.007777 0.977016
vt 0.004626 0.977480
vt 0.004613 0.950014
vt 0.007777 0.948626
vt 0.952687 0.918118
vt 0.952687 0.951047
vt 0.949231 0.951047
vt 0.949231 0.918118
vt 0.683834 0.209366
vt 0.708953 0.209366
vt 0.708953 0.213279
vt 0.683834 0.213279
vt 0.008604 0.522219
vt 0.003665 0.521979
vt 0.004393 0.362515
vt 0.008604 0.362317
vt 0.222475 0.066206
vt 0.222475 0.032917
vt 0.287865 0.032917
vt 0.287865 0.066206
vt 0.247641 0.880656
vt 0.243186 0.852621
vt 0.247641 0.817875
vt 0.774575 0.881333
vt 0.778958 0.819856
vt 0.778958 0.882637
vt 0.743739 0.953362
vt 0.743739 0.923267
vt 0.747652 0.923267
vt 0.747652 0.953362
vt 0.874805 0.547619
vt 0.870518 0.486142
vt 0.874805 0.482230
vt 0.371212 0.885841
vt 0.375206 0.824364
vt 0.375206 0.887146
vt 0.890814 0.470353
vt 0.887291 0.470353
vt 0.887291 0.407572
vt 0.890814 0.407572
vt 0.885211 0.805941
vt 0.881222 0.744464
vt 0.885211 0.740552
vt 0.472914 0.883831
vt 0.476983 0.820564
vt 0.476983 0.885081
vt 0.967367 0.622846
vt 0.961360 0.622846
vt 0.961360 0.601089
vt 0.967367 0.601089
vt 0.873190 0.255929
vt 0.877252 0.194452
vt 0.877252 0.259842
vt 0.635316 0.549681
vt 0.635547 0.499103
vt 0.637172 0.500187
vt 0.637172 0.550224
vt 0.359871 0.824364
vt 0.363882 0.824364
vt 0.363882 0.887146
vt 0.359871 0.887146
vt 0.886186 0.545010
vt 0.882134 0.483534
vt 0.886186 0.482230
vt 0.974279 0.372685
vt 0.974292 0.345220
vt 0.977443 0.345683
vt 0.977443 0.374074
vt 0.324930 0.890617
vt 0.321406 0.890617
vt 0.321406 0.826101
vt 0.324930 0.826101
vt 0.197268 0.890890
vt 0.193745 0.890890
vt 0.193745 0.828110
vt 0.197268 0.828110
vt 0.488323 0.885080
vt 0.484312 0.821814
vt 0.488323 0.820564
vt 0.495653 0.935647
vt 0.499677 0.934937
vt 0.499677 0.963257
vt 0.495796 0.962763
vt 0.516495 0.033817
vt 0.520407 0.031579
vt 0.520407 0.033817
vt 0.930674 0.162769
vt 0.930674 0.185184
vt 0.926761 0.185184
vt 0.926761 0.162769
vt 0.799241 0.653759
vt 0.799241 0.651135
vt 0.862021 0.651135
vt 0.862021 0.653759
vt 0.888142 0.194452
vt 0.888142 0.259867
vt 0.884581 0.195264
vt 0.864217 0.469076
vt 0.868580 0.407572
vt 0.868580 0.472972
vt 0.869165 0.817991
vt 0.873734 0.813270
vt 0.873734 0.876051
vt 0.809117 0.882723
vt 0.804758 0.821246
vt 0.809117 0.819942
vt 0.340557 0.024515
vt 0.275167 0.004440
vt 0.340557 0.003665
vt 0.166692 0.141406
vt 0.200799 0.141406
vt 0.200799 0.206796
vt 0.166692 0.206796
vt 0.760484 0.240427
vt 0.740623 0.213137
vt 0.760484 0.198486
vt 0.081306 0.351376
vt 0.075237 0.351374
vt 0.075237 0.003665
vt 0.081306 0.003667
vt 0.540399 0.916075
vt 0.540399 0.949773
vt 0.536943 0.949773
vt 0.536943 0.916075
vt 0.025422 0.003665
vt 0.025422 0.354987
vt 0.003665 0.354987
vt 0.003665 0.003665
vt 0.887327 0.887345
vt 0.887327 0.889225
vt 0.820065 0.889226
vt 0.820065 0.887345
vt 0.791559 0.282266
vt 0.791559 0.362148
vt 0.785497 0.362076
vt 0.784017 0.282177
vt 0.929353 0.791556
vt 0.930854 0.790939
vt 0.930854 0.796794
vt 0.928505 0.796358
vt 0.517492 0.648317
vt 0.517492 0.698153
vt 0.511577 0.696286
vt 0.508764 0.649881
vt 0.791912 0.558242
vt 0.791912 0.640234
vt 0.785283 0.637857
vt 0.787710 0.557890
vt 0.347310 0.951132
vt 0.347310 0.978660
vt 0.344002 0.977934
vt 0.345837 0.950472
vt 0.585548 0.495551
vt 0.585548 0.504634
vt 0.549634 0.497142
vt 0.549636 0.496130
vt 0.877222 0.013640
vt 0.877222 0.076998
vt 0.872953 0.075116
vt 0.872952 0.012336
vt 0.820210 0.183096
vt 0.816116 0.185125
vt 0.815913 0.143795
vt 0.820210 0.142962
vt 0.629725 0.307015
vt 0.629725 0.337426
vt 0.602937 0.328847
vt 0.602937 0.300955
vt 0.359876 0.729710
vt 0.359876 0.701818
vt 0.386664 0.710396
vt 0.386664 0.735770
vt 0.931904 0.740552
vt 0.931904 0.783610
vt 0.930415 0.783231
vt 0.928505 0.740847
vt 0.325248 0.952424
vt 0.332933 0.952257
vt 0.332933 0.965404
vt 0.321406 0.959081
vt 0.736248 0.694390
vt 0.736248 0.728088
vt 0.709459 0.725229
vt 0.709459 0.694390
vt 0.677010 0.762461
vt 0.674151 0.735672
vt 0.702130 0.735672
vt 0.702130 0.762460
vt 0.535703 0.190336
vt 0.535151 0.031663
vt 0.539800 0.031259
vt 0.539800 0.190720
vt 0.982800 0.631691
vt 0.982800 0.659606
vt 0.979635 0.659095
vt 0.979632 0.632129
vt 0.978286 0.510145
vt 0.978289 0.482230
vt 0.981450 0.483692
vt 0.981450 0.510657
vt 0.759501 0.980483
vt 0.759203 0.953377
vt 0.762707 0.953750
vt 0.762707 0.980823
vt 0.985730 0.859033
vt 0.985730 0.886948
vt 0.982825 0.886617
vt 0.983122 0.858736
vt 0.977696 0.953695
vt 0.980899 0.953331
vt 0.980899 0.981246
vt 0.977994 0.981577
vt 0.566772 0.947326
vt 0.570357 0.946543
vt 0.570357 0.974933
vt 0.567105 0.975644
vt 0.525214 0.931598
vt 0.529133 0.930742
vt 0.529133 0.959132
vt 0.525547 0.959916
vt 0.972243 0.859446
vt 0.975495 0.858736
vt 0.975495 0.887126
vt 0.972576 0.887764
vt 0.386772 0.922528
vt 0.390286 0.921533
vt 0.390286 0.954111
vt 0.235754 0.980815
vt 0.234015 0.948284
vt 0.235754 0.947433
vt 0.161622 0.950535
vt 0.161622 0.978811
vt 0.158471 0.978346
vt 0.158344 0.950821
vt 0.557227 0.470377
vt 0.549634 0.470418
vt 0.549727 0.345209
vt 0.557227 0.345169
vt 0.030636 0.872527
vt 0.033408 0.871773
vt 0.033408 0.876280
vt 0.854148 0.194452
vt 0.854148 0.259893
vt 0.849636 0.255918
vt 0.722884 0.436377
vt 0.722884 0.545007
vt 0.718052 0.544754
vt 0.718259 0.436135
vt 0.665249 0.987458
vt 0.665249 0.993192
vt 0.663813 0.992818
vt 0.663727 0.987439
vt 0.936885 0.464999
vt 0.936885 0.474900
vt 0.930950 0.474900
vt 0.930950 0.464999
vt 0.824634 0.880016
vt 0.820065 0.821956
vt 0.824634 0.818043
vt 0.865526 0.931267
vt 0.870242 0.896555
vt 0.870242 0.932613
vt 0.667762 0.028640
vt 0.667762 0.130347
vt 0.661585 0.130313
vt 0.661209 0.028603
vt 0.480298 0.459011
vt 0.487656 0.458874
vt 0.487656 0.584081
vt 0.480206 0.584220
vt 0.716427 0.153267
vt 0.721259 0.153014
vt 0.721259 0.261647
vt 0.716635 0.261889
vt 0.824971 0.661709
vt 0.824971 0.735830
vt 0.820028 0.735688
vt 0.819773 0.661578
vt 0.774070 0.958250
vt 0.774070 0.985190
vt 0.770920 0.984719
vt 0.772649 0.957701
vt 0.879961 0.472962
vt 0.875910 0.471658
vt 0.875910 0.408877
vt 0.879961 0.407572
vt 0.939293 0.168216
vt 0.939142 0.117338
vt 0.940654 0.117308
vt 0.940654 0.168246
vt 0.735550 0.537057
vt 0.730721 0.537361
vt 0.730213 0.436471
vt 0.735550 0.436135
vt 0.707354 0.078017
vt 0.718646 0.043861
vt 0.718646 0.112262
vt 0.865860 0.194452
vt 0.865860 0.259842
vt 0.861477 0.255929
vt 0.495653 0.821868
vt 0.499939 0.820564
vt 0.499939 0.883345
vt 0.884011 0.631691
vt 0.884011 0.697081
vt 0.880017 0.693168
vt 0.613047 0.825921
vt 0.617036 0.824616
vt 0.617036 0.887397
vt 0.824971 0.743160
vt 0.824971 0.810714
vt 0.820065 0.806367
vt 0.886195 0.555243
vt 0.886195 0.618023
vt 0.882133 0.616719
vt 0.231804 0.821788
vt 0.235856 0.817875
vt 0.235856 0.883264
vt 0.982729 0.117639
vt 0.985634 0.117308
vt 0.985634 0.145223
vt 0.983027 0.145520
vt 0.837448 0.198800
vt 0.842306 0.194452
vt 0.842306 0.262006
vt 0.314916 0.133335
vt 0.295194 0.133655
vt 0.296468 0.033495
vt 0.314916 0.032917
vt 0.873892 0.743160
vt 0.873892 0.805941
vt 0.869165 0.804636
vt 0.015126 0.898923
vt 0.016590 0.898904
vt 0.016590 0.948037
vt 0.015106 0.948037
vt 0.256731 0.776397
vt 0.261288 0.772414
vt 0.261288 0.837859
vt 0.146353 0.003665
vt 0.146353 0.329090
vt 0.140673 0.329113
vt 0.140673 0.003688
vt 0.076476 0.660097
vt 0.057241 0.660873
vt 0.058452 0.608841
vt 0.076476 0.608479
vt 0.478587 0.213050
vt 0.478587 0.278440
vt 0.453668 0.246786
vt 0.529614 0.778656
vt 0.512088 0.764878
vt 0.529614 0.738370
vt 0.409607 0.670434
vt 0.409607 0.692456
vt 0.405348 0.691971
vt 0.405348 0.669556
vt 0.904573 0.546852
vt 0.893524 0.547913
vt 0.893909 0.529132
vt 0.904573 0.528091
vt 0.287658 0.074262
vt 0.287658 0.126632
vt 0.268873 0.126597
vt 0.267926 0.073535
vt 0.708137 0.156507
vt 0.707248 0.154453
vt 0.708137 0.151714
vt 0.775947 0.128376
vt 0.775947 0.191157
vt 0.770645 0.161334
vt 0.090540 0.909907
vt 0.094938 0.906125
vt 0.094938 0.939877
vt 0.756266 0.655371
vt 0.760500 0.653357
vt 0.760500 0.658776
vt 0.920486 0.912253
vt 0.920486 0.941807
vt 0.915265 0.913705
vt 0.988359 0.917647
vt 0.989702 0.917419
vt 0.989702 0.946001
vt 0.711939 0.428806
vt 0.711258 0.423415
vt 0.711939 0.422236
vt 0.019065 0.830979
vt 0.004988 0.804993
vt 0.019065 0.795004
vt 0.246027 0.990472
vt 0.243186 0.973447
vt 0.246027 0.969718
vt 0.636981 0.490372
vt 0.629305 0.486162
vt 0.631864 0.481728
vt 0.636981 0.481617
vt 0.193771 0.663233
vt 0.193745 0.644850
vt 0.244522 0.644628
vt 0.244522 0.663506
vt 0.856354 0.175164
vt 0.855784 0.117308
vt 0.861549 0.117580
vt 0.861549 0.175410
vt 0.857994 0.613099
vt 0.857423 0.555243
vt 0.863189 0.555515
vt 0.863189 0.613344
vt 0.856641 0.743405
vt 0.861836 0.743160
vt 0.861836 0.800989
vt 0.856070 0.801261
vt 0.763140 0.144698
vt 0.760173 0.139747
vt 0.763140 0.134797
vt 0.856641 0.808833
vt 0.861836 0.808591
vt 0.861836 0.866332
vt 0.856070 0.866601
vt 0.812536 0.351533
vt 0.811476 0.282177
vt 0.819018 0.282202
vt 0.819018 0.351554
vt 0.253982 0.609223
vt 0.253889 0.508089
vt 0.261575 0.508131
vt 0.261575 0.609264
vt 0.562145 0.156467
vt 0.562052 0.031259
vt 0.569645 0.031300
vt 0.569645 0.156507
vt 0.827693 0.489712
vt 0.827693 0.548758
vt 0.820459 0.548575
vt 0.820009 0.489518
vt 0.783477 0.746195
vt 0.775791 0.746210
vt 0.777300 0.666341
vt 0.783477 0.666328
vt 0.352186 0.715998
vt 0.346843 0.716221
vt 0.347524 0.642101
vt 0.352186 0.641901
vt 0.660369 0.494864
vt 0.677158 0.494658
vt 0.677158 0.546892
vt 0.659517 0.546910
vt 0.978286 0.545868
vt 0.978584 0.517986
vt 0.981489 0.518317
vt 0.981489 0.546233
vt 0.595607 0.163892
vt 0.595607 0.322561
vt 0.591427 0.322359
vt 0.591395 0.164079
vt 0.709459 0.763220
vt 0.709459 0.735417
vt 0.736258 0.740701
vt 0.736258 0.766139
vt 0.536943 0.957540
vt 0.540111 0.957102
vt 0.540111 0.984067
vt 0.538666 0.984592
vt 0.094301 0.695359
vt 0.090214 0.613851
vt 0.094301 0.613360
vt 0.008562 0.529548
vt 0.008562 0.639174
vt 0.003665 0.637685
vt 0.004067 0.529819
vt 0.630917 0.695139
vt 0.635004 0.613638
vt 0.635004 0.695629
vt 0.295703 0.639830
vt 0.268914 0.648408
vt 0.268914 0.614881
vt 0.295703 0.609684
vt 0.571792 0.472902
vt 0.564557 0.473038
vt 0.565291 0.345291
vt 0.571792 0.345169
vt 0.996335 0.039911
vt 0.992493 0.033421
vt 0.996335 0.026764
vt 0.818361 0.375480
vt 0.818361 0.383166
vt 0.767989 0.382575
vt 0.767989 0.376021
vt 0.863189 0.547347
vt 0.857423 0.547619
vt 0.857994 0.489763
vt 0.863189 0.489518
vt 0.415460 0.736925
vt 0.442249 0.734066
vt 0.442249 0.764904
vt 0.415460 0.764904
vt 0.986442 0.331778
vt 0.982987 0.331778
vt 0.982987 0.306404
vt 0.986442 0.306404
vt 0.860471 0.398732
vt 0.859900 0.340965
vt 0.865666 0.341234
vt 0.865666 0.398975
vt 0.807062 0.194651
vt 0.807062 0.261623
vt 0.799705 0.261448
vt 0.798713 0.194452
vt 0.653880 0.129736
vt 0.646338 0.129755
vt 0.646429 0.028621
vt 0.653880 0.028603
vt 0.642552 0.156165
vt 0.591402 0.156507
vt 0.591628 0.137250
vt 0.642552 0.137371
vt 0.644813 0.383312
vt 0.644722 0.282177
vt 0.652264 0.282196
vt 0.652264 0.383330
vt 0.659347 0.853749
vt 0.658235 0.803385
vt 0.665776 0.803526
vt 0.665776 0.853869
vt 0.603511 0.944914
vt 0.611555 0.944909
vt 0.611555 0.963557
vt 0.603387 0.963564
vt 0.835223 0.176340
vt 0.827539 0.176537
vt 0.827990 0.117493
vt 0.835223 0.117308
vt 0.450919 0.667038
vt 0.450855 0.648317
vt 0.501435 0.648319
vt 0.501435 0.666970
vt 0.406966 0.948151
vt 0.406966 0.967028
vt 0.399533 0.966735
vt 0.399515 0.947882
vt 0.322245 0.113210
vt 0.322245 0.090937
vt 0.387635 0.090937
vt 0.387635 0.115924
vt 0.154400 0.484583
vt 0.147126 0.484802
vt 0.147797 0.336642
vt 0.154400 0.336443
vt 0.805837 0.743247
vt 0.812443 0.743160
vt 0.812443 0.812511
vt 0.804758 0.812612
vt 0.332704 0.911230
vt 0.336672 0.910821
vt 0.336672 0.944927
vt 0.332704 0.944927
vt 0.724479 0.666507
vt 0.719776 0.666654
vt 0.719978 0.558031
vt 0.724479 0.557890
vt 0.870534 0.619334
vt 0.870518 0.556553
vt 0.874803 0.555243
vt 0.874803 0.620637
vt 0.742880 0.437666
vt 0.747764 0.436135
vt 0.747764 0.540478
vt 0.743267 0.540248
vt 0.748130 0.282177
vt 0.748130 0.386522
vt 0.743250 0.384978
vt 0.743632 0.282396
vt 0.895965 0.740746
vt 0.895965 0.799838
vt 0.892540 0.798561
vt 0.894661 0.740552
vt 0.916996 0.399442
vt 0.914437 0.395008
vt 0.916996 0.390686
vt 0.496985 0.345258
vt 0.503591 0.345169
vt 0.503591 0.493330
vt 0.496314 0.493428
vt 0.745655 0.991688
vt 0.743739 0.991750
vt 0.743764 0.986353
vt 0.745655 0.986292
vt 0.657743 0.163932
vt 0.676504 0.163892
vt 0.676504 0.216268
vt 0.657626 0.216420
vt 0.518060 0.551421
vt 0.496043 0.551517
vt 0.496138 0.500944
vt 0.518060 0.500766
vt 0.810633 0.035979
vt 0.810633 0.105342
vt 0.804028 0.105185
vt 0.802949 0.035796
vt 0.846018 0.341080
vt 0.852571 0.340965
vt 0.852571 0.391307
vt 0.844886 0.391443
vt 0.659969 0.282213
vt 0.666147 0.282177
vt 0.666147 0.383886
vt 0.659593 0.383923
vt 0.639008 0.129736
vt 0.631322 0.129778
vt 0.631415 0.028644
vt 0.639008 0.028603
vt 0.829389 0.013732
vt 0.784164 0.014646
vt 0.784164 0.006960
vt 0.829389 0.007230
vt 0.668012 0.557916
vt 0.668012 0.659627
vt 0.661834 0.659602
vt 0.661458 0.557890
vt 0.268914 0.832829
vt 0.268914 0.826327
vt 0.314077 0.826101
vt 0.314077 0.833787
vt 0.562052 0.017970
vt 0.662118 0.017970
vt 0.662118 0.019878
vt 0.562052 0.019878
vt 0.094301 0.711087
vt 0.089452 0.711087
vt 0.089452 0.702688
vt 0.094301 0.702688
vt 0.107325 0.003665
vt 0.107325 0.329091
vt 0.101645 0.329114
vt 0.101645 0.003688
vt 0.931413 0.261426
vt 0.928988 0.257227
vt 0.931413 0.253027
vt 0.242235 0.206796
vt 0.208128 0.206796
vt 0.208128 0.141406
vt 0.242235 0.141406
vt 0.166692 0.339464
vt 0.166692 0.309003
vt 0.234245 0.309003
vt 0.234245 0.339464
vt 0.583332 0.488221
vt 0.549634 0.488221
vt 0.549634 0.484309
vt 0.583332 0.484309
vt 0.067908 0.351376
vt 0.061838 0.351374
vt 0.061838 0.003665
vt 0.067908 0.003667
vt 0.832739 0.109873
vt 0.827539 0.109979
vt 0.828555 0.035889
vt 0.832739 0.035796
vt 0.731809 0.550561
vt 0.731809 0.548644
vt 0.781846 0.548649
vt 0.781846 0.550557
vt 0.194940 0.986991
vt 0.194940 0.992388
vt 0.193034 0.992317
vt 0.193034 0.986920
vt 0.864074 0.012381
vt 0.865623 0.012336
vt 0.865623 0.101129
vt 0.864074 0.101185
vt 0.114654 0.329114
vt 0.114654 0.003688
vt 0.120334 0.003665
vt 0.120334 0.329091
vt 0.166693 0.256467
vt 0.267853 0.255562
vt 0.267853 0.275094
vt 0.166692 0.274979
vt 0.771776 0.637805
vt 0.770268 0.557890
vt 0.777954 0.557901
vt 0.777954 0.637813
vt 0.569287 0.164026
vt 0.569287 0.291779
vt 0.562786 0.291658
vt 0.562052 0.163892
vt 0.859402 0.879716
vt 0.856070 0.879796
vt 0.856117 0.874062
vt 0.859402 0.873930
vt 0.317240 0.221367
vt 0.317240 0.214131
vt 0.445007 0.214823
vt 0.445007 0.221325
vt 0.937387 0.614461
vt 0.937387 0.624361
vt 0.931452 0.624361
vt 0.931452 0.614461
vt 0.644594 0.537268
vt 0.644501 0.436135
vt 0.652187 0.436155
vt 0.652187 0.537288
vt 0.936988 0.457610
vt 0.935080 0.457610
vt 0.935080 0.407572
vt 0.936988 0.407572
vt 0.133344 0.003665
vt 0.133344 0.329090
vt 0.127664 0.329114
vt 0.127664 0.003688
vt 0.935089 0.605869
vt 0.935156 0.555243
vt 0.936839 0.555278
vt 0.936839 0.606033
vt 0.081511 0.825113
vt 0.087890 0.824998
vt 0.087890 0.870171
vt 0.080349 0.870306
vt 0.545453 0.738554
vt 0.545453 0.805495
vt 0.537954 0.805334
vt 0.536943 0.738370
vt 0.355030 0.205297
vt 0.355030 0.199235
vt 0.456741 0.199235
vt 0.456741 0.205665
vt 0.663757 0.010640
vt 0.562052 0.010640
vt 0.562052 0.004577
vt 0.663757 0.004210
vt 0.699918 0.154585
vt 0.699918 0.156507
vt 0.649882 0.156481
vt 0.649881 0.154588
vt 0.650906 0.803527
vt 0.650906 0.853836
vt 0.644354 0.853715
vt 0.643221 0.803385
vt 0.498747 0.042704
vt 0.498747 0.190842
vt 0.492143 0.190642
vt 0.491473 0.042484
vt 0.755588 0.537075
vt 0.755094 0.436135
vt 0.760293 0.436247
vt 0.760293 0.537176
vt 0.625550 0.824675
vt 0.632051 0.824616
vt 0.632051 0.869825
vt 0.624365 0.869894
vt 0.836863 0.489636
vt 0.836863 0.589681
vt 0.835022 0.589573
vt 0.835110 0.489518
vt 0.657942 0.223749
vt 0.677158 0.223749
vt 0.677158 0.274329
vt 0.657626 0.274337
vt 0.322245 0.126419
vt 0.449978 0.126434
vt 0.449978 0.132936
vt 0.322245 0.133655
vt 0.948639 0.850477
vt 0.947304 0.850481
vt 0.947307 0.800440
vt 0.948639 0.800440
vt 0.050463 0.809983
vt 0.109521 0.810194
vt 0.109521 0.817430
vt 0.050463 0.817669
vt 0.744234 0.558059
vt 0.748936 0.557890
vt 0.748936 0.658812
vt 0.743739 0.658998
vt 0.088636 0.003665
vt 0.094316 0.003692
vt 0.094316 0.329120
vt 0.088636 0.329094
vt 0.051648 0.870173
vt 0.050463 0.824998
vt 0.058149 0.825075
vt 0.058149 0.870238
vt 0.394964 0.090937
vt 0.460354 0.090937
vt 0.460354 0.113350
vt 0.394964 0.115924
vt 0.939975 0.850717
vt 0.938267 0.850729
vt 0.938223 0.800519
vt 0.939975 0.800440
vt 0.597760 0.345169
vt 0.597760 0.503843
vt 0.593549 0.503627
vt 0.593579 0.345342
vt 0.759250 0.906746
vt 0.759203 0.904942
vt 0.809117 0.904996
vt 0.809117 0.906694
vt 0.769410 0.358020
vt 0.767989 0.282177
vt 0.776688 0.282189
vt 0.776688 0.358029
vt 0.566490 0.632423
vt 0.617912 0.631288
vt 0.617912 0.650141
vt 0.566346 0.649215
vt 0.650296 0.265026
vt 0.642610 0.265046
vt 0.642703 0.163912
vt 0.650296 0.163892
vt 0.452027 0.458874
vt 0.472877 0.458874
vt 0.472877 0.524264
vt 0.450855 0.524264
vt 0.944317 0.407634
vt 0.945761 0.407572
vt 0.945761 0.457712
vt 0.944337 0.457722
vt 0.800360 0.112847
vt 0.807717 0.112672
vt 0.807717 0.179615
vt 0.799367 0.179814
vt 0.804320 0.932870
vt 0.794603 0.932994
vt 0.794738 0.914180
vt 0.804320 0.914076
vt 0.410455 0.662195
vt 0.359876 0.662226
vt 0.360479 0.643058
vt 0.410455 0.643547
vt 0.506747 0.190623
vt 0.506076 0.042484
vt 0.513353 0.042580
vt 0.513353 0.190710
vt 0.086826 0.424095
vt 0.061838 0.424095
vt 0.061838 0.358705
vt 0.086826 0.358705
vt 0.900290 0.105130
vt 0.900290 0.109979
vt 0.891891 0.109979
vt 0.891891 0.105130
vt 0.276622 0.214125
vt 0.309911 0.214125
vt 0.309911 0.279515
vt 0.276622 0.279515
vt 0.566346 0.603396
vt 0.616926 0.603396
vt 0.616926 0.623958
vt 0.566346 0.623958
vt 0.167123 0.282510
vt 0.267743 0.282424
vt 0.267743 0.301674
vt 0.166692 0.299297
vt 0.547223 0.156468
vt 0.547130 0.031259
vt 0.554722 0.031355
vt 0.554722 0.156563
vt 0.899620 0.397276
vt 0.899265 0.390690
vt 0.907107 0.390686
vt 0.907107 0.397592
vt 0.554722 0.289099
vt 0.547130 0.289194
vt 0.547223 0.163987
vt 0.554722 0.163892
vt 0.797645 0.436293
vt 0.805143 0.436135
vt 0.805143 0.503110
vt 0.796633 0.503289
vt 0.256731 0.904888
vt 0.306769 0.904888
vt 0.306769 0.906796
vt 0.256731 0.906796
vt 0.267838 0.003665
vt 0.267838 0.025588
vt 0.166692 0.021302
vt 0.166715 0.003757
vt 0.837501 0.661655
vt 0.837501 0.735733
vt 0.833316 0.735662
vt 0.832301 0.661578
vt 0.458686 0.017133
vt 0.482770 0.017133
vt 0.482770 0.082523
vt 0.458686 0.082523
vt 0.643899 0.988433
vt 0.643899 0.963314
vt 0.647354 0.963313
vt 0.647354 0.988433
vt 0.805837 0.735740
vt 0.804758 0.666328
vt 0.812443 0.666433
vt 0.812443 0.735830
vt 0.373060 0.981933
vt 0.366584 0.982692
vt 0.367287 0.964678
vt 0.373060 0.964292
vt 0.728791 0.261636
vt 0.728589 0.153014
vt 0.733293 0.153106
vt 0.733293 0.261724
vt 0.503292 0.022939
vt 0.503263 0.004427
vt 0.554722 0.004210
vt 0.554722 0.023930
vt 0.147489 0.758021
vt 0.146994 0.657126
vt 0.152191 0.657311
vt 0.152191 0.758189
vt 0.241760 0.214125
vt 0.241760 0.247823
vt 0.239411 0.247823
vt 0.239411 0.214125
vt 0.789304 0.436138
vt 0.789304 0.516006
vt 0.783126 0.516003
vt 0.781618 0.436135
vt 0.254091 0.616682
vt 0.258593 0.616594
vt 0.258593 0.725226
vt 0.253889 0.725318
vt 0.403460 0.830575
vt 0.406240 0.830575
vt 0.406240 0.895091
vt 0.403460 0.895091
vt 0.101903 0.630831
vt 0.152191 0.630382
vt 0.152191 0.649796
vt 0.101630 0.649548
vt 0.187254 0.032917
vt 0.187254 0.134077
vt 0.166692 0.134077
vt 0.166692 0.032917
vt 0.586220 0.345324
vt 0.586220 0.473060
vt 0.579842 0.472921
vt 0.579121 0.345169
vt 0.747268 0.273230
vt 0.684488 0.273230
vt 0.684488 0.270449
vt 0.747268 0.269218
vt 0.777299 0.043984
vt 0.777299 0.119888
vt 0.770159 0.119786
vt 0.768764 0.043861
vt 0.050463 0.757185
vt 0.050463 0.749499
vt 0.130378 0.750984
vt 0.130378 0.757162
vt 0.395389 0.701921
vt 0.402529 0.701818
vt 0.402529 0.777658
vt 0.393994 0.777781
vt 0.032752 0.354987
vt 0.032752 0.003665
vt 0.054509 0.003665
vt 0.054509 0.354987
vt 0.884417 0.270301
vt 0.887571 0.268935
vt 0.887571 0.337413
vt 0.884416 0.337565
vt 0.936885 0.532208
vt 0.935226 0.532790
vt 0.935085 0.483281
vt 0.936885 0.482230
vt 0.004988 0.899523
vt 0.007777 0.898904
vt 0.007777 0.939814
vt 0.005833 0.941296
vt 0.982284 0.435456
vt 0.979134 0.435927
vt 0.979131 0.408986
vt 0.982284 0.407572
vt 0.977787 0.988955
vt 0.979121 0.988906
vt 0.979121 0.994303
vt 0.977696 0.994312
vt 0.981029 0.946001
vt 0.977696 0.945660
vt 0.977880 0.918589
vt 0.981029 0.918118
vt 0.235721 0.993547
vt 0.234015 0.993606
vt 0.234039 0.988213
vt 0.235721 0.988144
vt 0.996335 0.019434
vt 0.992493 0.012944
vt 0.996335 0.006287
vt 0.094383 0.995927
vt 0.090540 0.989270
vt 0.094383 0.982780
vt 0.153683 0.329114
vt 0.153683 0.003688
vt 0.159362 0.003665
vt 0.159362 0.329091
vt 0.935815 0.337890
vt 0.932848 0.332940
vt 0.935815 0.327989
vt 0.798888 0.286659
vt 0.804147 0.282177
vt 0.804147 0.368100
vt 0.804499 0.557890
vt 0.804499 0.643805
vt 0.799241 0.639323
vt 0.883859 0.717557
vt 0.880017 0.710900
vt 0.883859 0.704410
vt 0.114531 0.988686
vt 0.117498 0.983736
vt 0.117498 0.993637
vt 0.986720 0.851368
vt 0.983753 0.846418
vt 0.986720 0.841467
vt 0.582924 0.896516
vt 0.579240 0.895893
vt 0.580414 0.840105
vt 0.582924 0.839621
vt 0.926884 0.399442
vt 0.924325 0.395120
vt 0.926884 0.390686
vt 0.946639 0.474900
vt 0.944214 0.470701
vt 0.946639 0.466502
vt 0.837470 0.399521
vt 0.835045 0.395321
vt 0.837470 0.391122
vt 0.921659 0.261426
vt 0.919234 0.257227
vt 0.921659 0.253027
vt 0.257650 0.500760
vt 0.257650 0.467831
vt 0.261563 0.467831
vt 0.261563 0.500760
vn 0.2233 0.9442 0.2422
vn 0.0994 0.9849 0.1421
vn -0.0823 0.9638 -0.2534
vn -0.0823 0.9639 -0.2534
vn -0.0284 0.9806 -0.1942
vn 0.1609 0.9413 0.2968
vn 0.2517 0.9072 0.3372
vn 0.1345 0.9106 0.3908
vn 0.1780 0.9726 0.1494
vn 0.2907 0.9536 0.0778
vn 0.2908 0.9536 0.0778
vn -0.2010 0.6806 0.7046
vn -0.6644 0.7386 0.1142
vn 0.0422 0.8328 0.5519
vn -0.3784 0.8874 0.2633
vn -0.6338 0.7278 0.2618
vn 0.4324 0.8506 0.2993
vn 0.1847 0.9128 0.3643
vn -0.6382 0.6729 0.3741
vn -0.5860 0.7211 0.3696
vn -0.1180 0.8886 0.4433
vn -0.0860 0.8837 0.4601
vn 0.0951 0.9825 -0.1604
vn 0.1670 0.9539 -0.2495
vn -0.0197 0.6441 0.7647
vn -0.0261 0.6338 0.7731
vn 0.1556 0.8838 0.4413
vn 0.3478 0.8852 0.3090
vn 0.0276 0.6338 0.7730
vn 0.0276 0.6339 0.7730
vn 0.0180 0.6492 0.7604
vn 0.1435 0.9791 -0.1444
vn -0.0278 0.7936 0.6078
vn 0.2643 0.9053 0.3326
vn -0.6496 0.7498 0.1256
vn 0.2375 0.6924 0.6813
vn 0.5091 0.8226 0.2533
vn 0.5076 0.8231 0.2546
vn 0.5151 0.8206 0.2475
vn 0.5161 0.8203 0.2465
vn 0.3161 0.9066 0.2795
vn 0.3289 0.9045 0.2714
vn 0.0344 0.8872 0.4601
vn -0.5899 0.7293 0.3465
vn -0.7320 0.6530 0.1946
vn 0.5031 0.8377 0.2122
vn -0.0834 0.9632 -0.2556
vn -0.0835 0.9631 -0.2557
vn -0.0829 0.9634 -0.2549
vn -0.0818 0.9639 -0.2534
vn 0.2575 0.9110 0.3222
vn 0.2167 0.9324 0.2892
vn 0.2168 0.9324 0.2892
vn 0.3098 0.8821 0.3549
vn -0.1709 0.8688 0.4648
vn -0.1709 0.8687 0.4648
vn -0.1338 0.8869 0.4421
vn 0.0212 0.9982 -0.0555
vn -0.0306 0.8839 0.4667
vn -0.0308 0.8904 0.4541
vn -0.0930 0.9117 0.4001
vn -0.1060 0.8936 0.4362
vn -0.0987 0.9115 0.3992
vn -0.0737 0.9306 0.3587
vn -0.1509 0.9247 0.3496
vn -0.1463 0.9182 0.3680
vn 0.3756 0.8988 0.2259
vn 0.5137 0.8055 0.2956
vn 0.5137 0.8054 0.2956
vn -0.0635 0.9600 0.2728
vn -0.0877 0.9636 0.2527
vn -0.0878 0.9636 0.2527
vn -0.0587 0.9906 0.1235
vn -0.0864 0.9874 0.1324
vn -0.0867 0.9874 0.1322
vn -0.0690 0.9917 0.1089
vn -0.1453 0.9803 0.1336
vn -0.1136 0.9770 0.1807
vn -0.1793 0.9653 0.1900
vn -0.2116 0.9355 0.2829
vn -0.1733 0.9516 0.2539
vn 0.0095 0.1381 -0.9904
vn -0.0791 0.9323 0.3528
vn -0.0805 0.9250 0.3712
vn -0.0525 0.9335 0.3546
vn -0.0625 0.9376 0.3422
vn 0.0094 -0.0124 0.9999
vn 0.0090 -0.0127 0.9999
vn 0.0085 -0.0106 0.9999
vn 0.0090 -0.0104 0.9999
vn 0.0098 0.0128 -0.9999
vn 0.0084 0.0119 -0.9999
vn 0.0089 0.0140 -0.9999
vn -0.0001 0.9999 0.0111
vn -0.0074 -0.1388 -0.9903
vn -0.0079 -0.1384 -0.9903
vn -0.0084 -0.1412 -0.9899
vn -0.0078 -0.1414 -0.9899
vn -0.0047 -0.9990 -0.0454
vn -0.0019 -0.9992 -0.0410
vn 0.9999 0.0045 0.0116
vn 0.9999 0.0097 0.0074
vn 0.9999 0.0073 0.0089
vn 1.0000 0.0067 0.0073
vn 1.0000 0.0000 0.0095
vn 1.0000 0.0016 0.0097
vn 1.0000 -0.0004 0.0082
vn 1.0000 0.0011 0.0086
vn 0.1093 0.6617 0.7418
vn 0.0514 0.5905 0.8054
vn -0.0867 0.5888 0.8036
vn -0.0868 0.5888 0.8036
vn -0.1256 0.6348 0.7624
vn -0.1256 0.6349 0.7624
vn 0.0554 0.9545 0.2931
vn -0.0554 0.9775 0.2037
vn 0.9999 -0.0069 -0.0111
vn 1.0000 -0.0052 -0.0047
vn 1.0000 0.0007 -0.0050
vn 1.0000 0.0004 -0.0100
vn -0.0094 0.1352 0.9908
vn -0.0255 -0.0081 -0.9996
vn 0.0199 -0.9727 -0.2312
vn 0.0203 -0.9728 -0.2307
vn 0.0208 -0.9709 -0.2385
vn 0.0204 -0.9708 -0.2389
vn -0.0098 -0.9523 -0.3051
vn -0.0096 -0.9522 -0.3054
vn -0.0098 -0.9536 -0.3010
vn -0.0101 -0.9536 -0.3009
vn 0.0475 0.1240 -0.9911
vn 0.0476 0.1240 -0.9911
vn 0.0480 0.1232 -0.9912
vn 0.0476 0.1232 -0.9912
vn -0.0783 0.9308 0.3570
vn -0.0934 0.9318 0.3506
vn -0.1260 0.9253 0.3578
vn -0.1189 0.9190 0.3760
vn 0.9998 0.0164 0.0134
vn 0.9997 0.0205 0.0158
vn 0.9996 0.0228 0.0140
vn 0.9995 0.0249 0.0180
vn -0.0059 0.9903 0.1391
vn 0.0258 0.9973 0.0684
vn -0.0665 0.9888 0.1335
vn -0.0097 0.9934 0.1139
vn -0.1471 0.9799 0.1349
vn -0.4354 0.8720 0.2236
vn 0.4111 0.8803 0.2370
vn 0.4111 0.8802 0.2370
vn 0.3690 0.9017 0.2251
vn 0.3690 0.9017 0.2252
vn -0.3801 0.8590 0.3430
vn -0.1916 0.9623 0.1928
vn 0.5602 0.7974 0.2245
vn -0.1016 0.9263 0.3628
vn -0.1016 0.9263 0.3629
vn -0.0852 0.9230 0.3754
vn 0.1010 0.9930 -0.0606
vn 0.1010 0.9930 -0.0605
vn 0.0377 0.9992 -0.0154
vn 0.0239 -0.0611 -0.9978
vn 0.0235 -0.0612 -0.9978
vn 0.0230 -0.0538 -0.9983
vn 0.0235 -0.0537 -0.9983
vn 1.0000 -0.0027 0.0022
vn 1.0000 -0.0004 0.0054
vn 1.0000 -0.0018 0.0042
vn 1.0000 0.0029 0.0009
vn -0.2826 0.7282 0.6243
vn -0.1924 0.9171 0.3493
vn -0.3020 0.9448 0.1269
vn -0.1278 0.9790 0.1589
vn 0.9991 0.0412 0.0118
vn 0.9993 0.0345 0.0157
vn 0.9993 0.0351 0.0156
vn 0.9994 0.0333 0.0122
vn -0.1386 0.9233 0.3581
vn -0.1385 0.9233 0.3581
vn -0.1742 0.9247 0.3386
vn -0.1741 0.9247 0.3386
vn -0.2760 0.9548 0.1108
vn 0.4467 0.8014 0.3979
vn -0.2997 0.8763 0.3772
vn 0.1357 0.9453 0.2967
vn 0.1295 0.9452 0.2999
vn 0.1332 0.9448 0.2995
vn 0.4264 0.8402 0.3351
vn 0.1430 0.9441 0.2969
vn 0.1393 0.9447 0.2968
vn 0.1366 0.9443 0.2995
vn -0.2200 0.9436 0.2473
vn -0.2180 0.9412 0.2582
vn -0.2136 0.9363 0.2790
vn -0.1724 0.9486 0.2654
vn -0.0937 0.9691 0.2282
vn -0.1197 0.9698 0.2126
vn -0.1255 0.9758 0.1792
vn -0.1423 0.9777 0.1545
vn 0.4025 0.7176 0.5683
vn 0.2622 0.7924 0.5507
vn 0.0986 0.9663 0.2377
vn 0.1240 0.9663 0.2255
vn -0.0402 0.9886 0.1453
vn -0.0015 0.9816 0.1911
vn 0.0295 -0.0243 -0.9993
vn 0.0296 -0.0242 -0.9993
vn 0.0298 -0.0259 -0.9992
vn 0.0296 -0.0258 -0.9992
vn 0.0083 -0.4884 -0.8726
vn -0.0081 0.5352 0.8447
vn -0.0214 -0.9592 -0.2820
vn -0.0152 -0.9586 -0.2843
vn -0.0206 -0.9589 -0.2830
vn -0.0209 -0.9591 -0.2822
vn 0.0069 0.1741 -0.9847
vn 0.0069 0.1742 -0.9847
vn 0.0069 0.1731 -0.9849
vn 0.0069 0.1727 -0.9849
vn -0.0094 -0.1372 0.9905
vn -0.0494 0.9979 -0.0418
vn 0.0202 0.9977 0.0643
vn -0.0662 0.9955 -0.0681
vn -0.0092 -0.2560 0.9666
vn -0.1876 0.8093 0.5566
vn -0.3342 0.8960 0.2925
vn -0.0095 0.1352 0.9908
vn -0.1181 0.9926 0.0295
vn -0.1024 0.9896 0.1008
vn -0.1106 0.9732 0.2016
vn 0.0243 0.9830 0.1822
vn -0.1849 0.9514 0.2464
vn -0.2263 0.9478 0.2247
vn -0.2251 0.9431 0.2448
vn -0.2309 0.9413 0.2460
vn 0.3609 0.8759 0.3203
vn -0.0138 -0.9680 -0.2505
vn -0.0137 -0.9681 -0.2504
vn -0.0126 -0.9684 -0.2492
vn -0.0127 -0.9683 -0.2493
vn 1.0000 -0.0004 0.0092
vn 1.0000 -0.0003 0.0096
vn -0.0845 0.9176 0.3885
vn 0.0153 0.9401 0.3406
vn 0.0152 0.9401 0.3406
vn 0.0095 -0.1334 -0.9910
vn 0.0000 -1.0000 0.0000
vn -0.0034 -0.9354 0.3537
vn 0.9999 -0.0019 0.0122
vn 0.9999 0.0010 0.0120
vn 0.9999 -0.0006 0.0104
vn -0.1523 0.9250 0.3482
vn -0.1372 0.9313 0.3376
vn 0.3872 0.8784 0.2801
vn 0.3861 0.8787 0.2808
vn 0.3880 0.8782 0.2796
vn -0.1730 0.9587 0.2257
vn -0.1729 0.9587 0.2258
vn -0.0817 0.9489 0.3049
vn 0.9999 -0.0037 0.0098
vn 0.9999 -0.0039 0.0095
vn 0.9999 -0.0038 0.0103
vn 1.0000 0.0001 0.0089
vn -0.0101 0.9275 0.3737
vn -0.0181 0.9365 0.3502
vn -0.0559 0.9238 0.3787
vn -0.0448 0.9242 0.3792
vn 0.0105 0.9528 0.3034
vn 0.0096 0.9525 0.3044
vn 0.0091 0.9535 0.3011
vn 0.0100 0.9538 0.3002
vn 0.0036 0.9333 -0.3591
vn -0.0380 0.9577 0.2854
vn -0.0392 0.9583 0.2829
vn -0.0385 0.9575 0.2859
vn 0.0124 0.9684 0.2491
vn 0.0128 0.9683 0.2495
vn 0.0141 0.9679 0.2510
vn 0.0137 0.9680 0.2506
vn 0.0156 -0.0319 -0.9994
vn 0.0130 -0.0346 -0.9993
vn 0.0149 -0.0355 -0.9993
vn 0.0150 -0.0352 -0.9993
vn 0.0213 -0.0736 0.9971
vn 0.0217 -0.0765 0.9968
vn 0.0237 -0.0737 0.9970
vn -0.0107 0.9998 0.0154
vn -0.0840 -0.9906 -0.1082
vn -0.0867 -0.9907 -0.1044
vn -0.0808 -0.9912 -0.1048
vn -0.0840 -0.9906 -0.1076
vn -0.0186 0.1521 0.9882
vn -0.0181 0.1520 0.9882
vn -0.0176 0.1585 0.9872
vn -0.0181 0.1586 0.9872
vn -0.0025 -0.1682 -0.9857
vn -0.0024 -0.1684 -0.9857
vn -0.0024 -0.1669 -0.9860
vn -0.0024 -0.1667 -0.9860
vn -0.0074 -0.9964 -0.0844
vn -0.0075 -0.9964 -0.0845
vn -0.0065 -0.9965 -0.0828
vn -0.0066 -0.9965 -0.0830
vn 0.0034 0.9329 -0.3602
vn -0.0228 -0.9573 -0.2881
vn 0.0277 0.9561 0.2919
vn 0.0230 0.9559 0.2927
vn 0.0259 0.9549 0.2959
vn 0.0280 0.9557 0.2931
vn -0.0275 -0.9551 -0.2950
vn -0.0262 -0.9548 -0.2962
vn -0.0248 -0.9564 -0.2911
vn -0.0261 -0.9567 -0.2898
vn 0.0208 0.9591 0.2823
vn 0.0218 0.9590 0.2826
vn 0.0208 0.9591 0.2825
vn 0.0167 0.9595 0.2811
vn -0.0235 0.0546 0.9982
vn -0.0236 0.0545 0.9982
vn -0.0237 0.0620 0.9978
vn -0.0235 0.0620 0.9978
vn -0.0250 -0.1017 0.9945
vn -0.0250 -0.1022 0.9945
vn -0.0250 -0.1014 0.9945
vn 0.0020 -0.0360 0.9993
vn 0.0025 -0.0359 0.9994
vn 0.0029 -0.0391 0.9992
vn 0.0025 -0.0392 0.9992
vn -0.0098 -0.0129 0.9999
vn -0.0088 -0.0136 0.9999
vn -0.0085 -0.0112 0.9999
vn -0.0100 -0.0117 0.9999
vn 0.0140 0.9657 0.2592
vn 0.0155 0.9661 0.2577
vn 0.0168 0.9645 0.2634
vn 0.0154 0.9641 0.2652
vn -0.0068 -0.1735 0.9848
vn 0.0107 0.9981 0.0614
vn 0.0122 0.9979 0.0639
vn 0.0121 0.9979 0.0639
vn -0.0158 -0.9640 -0.2653
vn -0.0154 -0.9639 -0.2657
vn -0.0153 -0.9659 -0.2586
vn -0.0156 -0.9659 -0.2583
vn 0.0108 -0.9936 0.1122
vn 0.0108 -0.9936 0.1121
vn 0.0108 -0.9939 0.1093
vn 0.0108 -0.9940 0.1093
vn 0.0412 -0.9988 0.0275
vn 0.0411 -0.9987 0.0307
vn 0.0411 -0.9987 0.0306
vn -0.0092 0.9939 0.1100
vn -0.0084 0.9940 0.1087
vn -0.0085 0.9940 0.1089
vn -0.0162 -0.0197 0.9997
vn -0.0161 -0.0197 0.9997
vn -0.0160 -0.0189 0.9997
vn -0.0161 -0.0187 0.9997
vn 0.0021 0.1670 0.9860
vn 0.0024 0.1667 0.9860
vn 0.0026 0.1682 0.9858
vn 0.0024 0.1687 0.9857
vn 0.0079 0.1412 0.9900
vn 0.0079 0.1412 0.9899
vn 0.0078 0.1386 0.9903
vn 0.0079 0.1385 0.9903
vn 0.0909 -0.9918 -0.0903
vn 0.0909 -0.9918 -0.0901
vn 0.0868 -0.9926 -0.0854
vn 0.0942 -0.9917 -0.0871
vn 0.0100 -0.9943 -0.1061
vn 0.0107 -0.9942 -0.1073
vn 0.0108 -0.9942 -0.1075
vn -0.0121 -0.9979 -0.0639
vn -0.0121 -0.9979 -0.0638
vn -0.0107 -0.9981 -0.0615
vn -0.0107 -0.9980 -0.0615
vn -0.0095 -0.1372 0.9905
vn 0.0381 -0.9562 -0.2901
vn 0.0419 -0.9565 -0.2886
vn 0.0393 -0.9568 -0.2880
vn 0.0384 -0.9569 -0.2878
vn -0.0413 -0.9989 0.0218
vn -0.0413 -0.9988 0.0270
vn -0.0413 -0.9988 0.0269
vn 0.0277 -0.9566 -0.2900
vn 0.0281 -0.9566 -0.2901
vn 0.0274 -0.9567 -0.2896
vn 0.0272 -0.9567 -0.2898
vn -0.0298 0.0255 0.9992
vn -0.0296 0.0260 0.9992
vn -0.0292 0.0244 0.9993
vn -0.0296 0.0241 0.9993
vn 0.0091 0.2796 -0.9601
vn 0.0065 0.9965 0.0829
vn 0.0067 0.9965 0.0831
vn 0.0075 0.9964 0.0845
vn 0.0075 0.9964 0.0844
vn -0.0150 0.0365 0.9992
vn -0.0150 0.0368 0.9992
vn -0.0097 0.9892 0.1462
vn -0.0060 0.9884 0.1518
vn 0.0179 -0.1563 -0.9875
vn 0.0180 -0.1563 -0.9875
vn 0.0181 -0.1499 -0.9885
vn 0.0180 -0.1497 -0.9886
vn 0.9999 -0.0033 -0.0170
vn 0.9998 0.0025 -0.0173
vn 0.9998 -0.0010 -0.0201
vn 0.9998 0.0001 -0.0201
vn 0.0158 -0.1563 -0.9876
vn 0.0159 -0.1568 -0.9875
vn 0.0158 -0.1558 -0.9877
vn 0.0155 -0.9592 -0.2823
vn 0.0157 -0.9593 -0.2819
vn 0.0156 -0.9579 -0.2866
vn 0.0154 -0.9579 -0.2868
vn 0.0035 0.9341 -0.3569
vn -0.0219 0.9713 0.2367
vn -0.0204 0.9710 0.2384
vn -0.0186 0.9725 0.2320
vn -0.0203 0.9729 0.2304
vn -0.0094 -0.1370 0.9905
vn -0.0108 -0.1375 0.9904
vn -0.0121 -0.1398 0.9901
vn 0.0244 -0.0927 0.9954
vn 0.0235 -0.0942 0.9953
vn 0.0258 -0.0926 0.9954
vn 0.0392 -0.9584 -0.2828
vn 0.0395 -0.9591 -0.2802
vn 0.0373 -0.9587 -0.2818
vn 0.9999 -0.0049 0.0092
vn 0.0092 0.2784 -0.9604
vn -0.0109 0.9941 0.1077
vn -0.0110 0.9941 0.1078
vn -0.0098 0.9943 0.1059
vn -0.0098 0.9943 0.1058
vn -0.0094 0.1348 0.9908
vn -0.0224 0.0921 -0.9955
vn -0.0244 0.0927 -0.9954
vn -0.0246 0.0925 -0.9954
vn -0.0243 0.0941 -0.9953
vn 0.1380 -0.9868 -0.0848
vn 0.1374 -0.9868 -0.0855
vn 0.1366 -0.9870 -0.0849
vn 0.0029 0.9337 -0.3581
vn 0.0033 0.9338 -0.3578
vn 0.0092 0.2795 -0.9601
vn 0.0095 -0.0489 -0.9988
vn -0.0105 -0.9994 -0.0320
vn -0.0103 -0.9994 -0.0318
vn -0.0100 -0.9995 -0.0314
vn 0.0083 -0.9940 -0.1086
vn 0.0092 -0.9939 -0.1100
vn 0.0094 -0.9939 -0.1103
vn 0.0092 0.2787 -0.9603
vn -0.0476 -0.1235 0.9912
vn 0.0348 -0.0483 -0.9982
vn 0.0338 -0.0514 -0.9981
vn 0.0331 -0.0480 -0.9983
vn 0.0335 -0.0474 -0.9983
vn 0.0255 0.0082 0.9996
vn 0.0108 -0.9998 -0.0159
vn 0.0110 -0.9998 -0.0163
vn 0.0109 -0.9998 -0.0162
vn -0.0179 0.9625 0.2709
vn -0.0177 0.9625 0.2706
vn -0.0173 0.9626 0.2702
vn -0.1138 -0.9914 -0.0641
vn -0.1120 -0.9915 -0.0659
vn -0.1156 -0.9911 -0.0662
vn -0.0275 0.9568 0.2894
vn -0.0319 0.9584 0.2837
vn -0.0335 0.9569 0.2885
vn 0.0108 0.9994 0.0322
vn 0.0107 0.9994 0.0320
vn 0.0100 0.9995 0.0309
vn 0.0098 0.9995 0.0307
vn 0.0181 -0.9624 -0.2709
vn 0.0175 -0.9627 -0.2702
vn 0.0170 -0.9628 -0.2697
vn 0.0173 -0.9627 -0.2699
vn -0.0095 0.0498 0.9987
vn -0.0023 0.0295 0.9996
vn -0.0024 0.0295 0.9996
vn -0.0024 0.0248 0.9997
vn -0.0023 0.0247 0.9997
vn 0.0061 -0.9892 -0.1462
vn 0.0061 -0.9892 -0.1463
vn 0.0098 -0.9884 -0.1518
vn 0.0098 -0.9884 -0.1517
vn -0.0213 0.0736 -0.9971
vn -0.0216 0.0759 -0.9969
vn -0.0186 0.0750 -0.9970
vn 0.0046 0.9992 0.0405
vn 0.0018 0.9990 0.0449
vn 0.0017 0.9990 0.0449
vn 0.0163 0.0185 -0.9997
vn 0.0160 0.0186 -0.9997
vn 0.0158 0.0204 -0.9997
vn 0.0161 0.0205 -0.9997
vn 0.0074 0.1397 -0.9902
vn 0.0102 0.1399 -0.9901
vn -0.0318 0.1995 0.9794
vn -0.0319 0.1994 0.9794
vn -0.0319 0.2007 0.9791
vn -0.0319 0.2010 0.9791
vn -0.0093 0.0109 -0.9999
vn -0.0090 0.0106 -0.9999
vn -0.0087 0.0121 -0.9999
vn -0.0089 0.0126 -0.9999
vn -0.0021 0.0388 -0.9992
vn -0.0024 0.0391 -0.9992
vn -0.0028 0.0362 -0.9993
vn -0.0024 0.0361 -0.9993
vn 0.9998 0.0022 -0.0218
vn 0.9998 0.0021 -0.0217
vn 0.9998 0.0023 -0.0222
vn 0.9999 0.0097 0.0108
vn 0.9999 0.0098 0.0109
vn 0.9999 0.0114 0.0109
vn 0.9999 0.0114 0.0107
vn 0.0228 0.9574 0.2879
vn -0.0166 0.9584 0.2851
vn -0.0153 0.9581 0.2860
vn -0.0145 0.9592 0.2824
vn -0.0156 0.9595 0.2813
vn 0.0027 -0.0242 -0.9997
vn 0.0024 -0.0241 -0.9997
vn 0.0021 -0.0289 -0.9996
vn 0.0024 -0.0290 -0.9996
vn 0.9994 0.0307 0.0184
vn 0.9993 0.0316 0.0188
vn 0.9993 0.0310 0.0184
vn 0.0316 -0.1995 -0.9794
vn 0.0319 -0.1995 -0.9794
vn 0.0322 -0.2009 -0.9791
vn 0.0318 -0.2010 -0.9791
vn 0.0251 0.1012 -0.9946
vn 0.0250 0.1009 -0.9946
vn 0.0250 0.1026 -0.9944
vn 0.0249 0.1026 -0.9944
vn -0.0439 -0.9990 -0.0001
vn -0.0443 -0.9990 -0.0001
vn -0.0439 -0.9990 -0.0006
vn -0.0438 -0.9990 -0.0011
vn -0.0161 0.1568 0.9875
vn -0.0159 0.1569 0.9875
vn -0.0157 0.1561 0.9876
vn -0.0159 0.1559 0.9876
vn -0.0392 0.9569 0.2878
vn -0.0366 0.9572 0.2870
vn -0.0423 0.9564 0.2888
vn -0.0387 0.9568 0.2881
vn -0.0358 0.0463 0.9983
vn -0.0335 0.0471 0.9983
vn -0.0335 0.0500 0.9982
vn -0.0342 0.0504 0.9981
vn 0.9999 0.0029 0.0163
vn 0.9999 0.0008 0.0153
vn 0.9999 -0.0004 0.0172
vn -0.0555 0.9216 0.3841
vn -0.0480 0.9311 0.3615
vn -0.0753 0.9210 0.3822
vn -0.0654 0.9187 0.3895
vn 0.0216 0.9596 0.2804
vn 0.0208 0.9599 0.2794
vn 0.0209 0.9599 0.2796
vn 0.0204 0.9597 0.2802
vn -0.0037 0.0937 0.9956
vn -0.0037 0.0907 0.9959
vn -1.0000 -0.0025 0.0094
vn -1.0000 0.0041 0.0079
vn -0.9999 0.0030 0.0134
vn -0.9999 0.0004 0.0124
vn 0.0274 -0.9571 -0.2885
vn 0.0278 -0.9572 -0.2882
vn -0.0275 0.9572 0.2882
vn -0.0158 0.1759 0.9843
vn 0.0339 0.0047 -0.9994
vn 0.0335 0.0040 -0.9994
vn 0.0329 0.0065 -0.9994
vn 0.0335 0.0070 -0.9994
vn 0.0915 -0.9906 -0.1013
vn 0.0915 -0.9906 -0.1016
vn 0.0893 -0.9911 -0.0983
vn 0.0954 -0.9906 -0.0975
vn -0.0874 -0.9919 -0.0920
vn -0.0808 -0.9924 -0.0925
vn -0.0843 -0.9919 -0.0952
vn 0.0178 -0.0836 0.9963
vn 0.0207 -0.0831 0.9963
vn 0.0206 -0.0806 0.9965
vn -0.0179 0.0383 0.9991
vn -0.0175 0.0381 0.9991
vn -0.0170 0.0444 0.9989
vn -0.0175 0.0445 0.9989
vn -0.0262 0.0984 -0.9948
vn -0.0248 0.0986 -0.9948
vn -0.0254 0.0965 -0.9950
vn 0.0052 -0.9986 -0.0526
vn 0.0091 -0.9982 -0.0585
vn 0.0091 -0.9982 -0.0586
vn -0.0073 -0.1911 -0.9815
vn -0.0078 -0.1908 -0.9816
vn -0.0082 -0.1934 -0.9811
vn -0.0077 -0.1936 -0.9810
vn -0.0040 -0.9934 -0.1145
vn -0.0012 -0.9939 -0.1102
vn 0.0035 0.9338 -0.3578
vn 0.0038 0.9339 -0.3576
vn -1.0000 0.0050 -0.0062
vn -0.9999 0.0083 -0.0117
vn -0.9999 0.0083 -0.0090
vn -0.9999 0.0106 -0.0123
vn -0.9997 0.0222 0.0040
vn -0.9997 0.0244 -0.0001
vn -0.9997 0.0245 0.0031
vn -0.9997 0.0238 0.0007
vn -0.0385 -0.9978 -0.0537
vn -0.0385 -0.9978 -0.0538
vn -0.0385 -0.9980 -0.0493
vn -0.0385 -0.9980 -0.0492
vn 0.0272 0.0919 -0.9954
vn 0.0267 0.0918 -0.9954
vn 0.0260 0.1028 -0.9944
vn 0.0267 0.1029 -0.9943
vn -1.0000 0.0000 -0.0095
vn -0.9999 -0.0008 -0.0108
vn 0.0392 -0.9564 -0.2895
vn 0.0387 -0.9564 -0.2893
vn 0.0388 -0.9556 -0.2921
vn 0.0431 -0.9564 -0.2889
vn -0.0320 0.1636 0.9860
vn -0.0321 0.1634 0.9860
vn -0.0321 0.1656 0.9857
vn -0.0321 0.1659 0.9856
vn 0.0090 0.0310 0.9995
vn 0.0090 0.0312 0.9995
vn 0.0088 0.0295 0.9995
vn 0.0090 0.0293 0.9995
vn 0.0113 -0.9994 -0.0322
vn 0.0113 -0.9994 -0.0321
vn 0.0105 -0.9995 -0.0310
vn 0.0107 -0.9995 -0.0313
vn -0.0104 -0.9998 -0.0161
vn -0.0108 -0.9998 -0.0167
vn -0.0107 -0.9998 -0.0165
vn -0.0150 0.0092 0.9998
vn -0.0150 0.0093 0.9998
vn -0.0151 0.0106 0.9998
vn -0.0150 0.0108 0.9998
vn -0.9999 0.0062 -0.0092
vn -0.9999 0.0088 -0.0111
vn -0.9999 0.0062 -0.0079
vn 0.0157 -0.1751 -0.9844
vn 0.0158 -0.1754 -0.9844
vn 0.0158 -0.1761 -0.9842
vn 0.0248 -0.0985 0.9948
vn 0.0249 -0.0970 0.9950
vn 0.0232 -0.0976 0.9950
vn 0.0107 -0.9970 -0.0764
vn 0.0096 -0.9972 -0.0747
vn -1.0000 -0.0029 -0.0093
vn -1.0000 -0.0008 -0.0090
vn -1.0000 -0.0003 -0.0036
vn -1.0000 -0.0001 -0.0090
vn -1.0000 0.0022 -0.0046
vn -0.9997 0.0037 -0.0221
vn -0.9998 0.0053 -0.0180
vn -0.9997 0.0079 -0.0235
vn 0.0385 -0.9600 -0.2772
vn 0.0365 -0.9591 -0.2807
vn 0.0392 -0.9589 -0.2810
vn 0.1367 -0.9867 -0.0878
vn 0.1380 -0.9866 -0.0876
vn 0.1373 -0.9865 -0.0889
vn 0.1374 -0.9866 -0.0884
vn 0.0035 0.9329 -0.3602
vn 0.0025 0.0224 0.9997
vn 0.0024 0.0190 0.9998
vn 0.0024 0.0189 0.9998
vn -0.0348 0.9573 0.2869
vn -0.0385 0.9591 0.2804
vn -0.0393 0.9588 0.2812
vn -0.0418 0.9584 0.2824
vn 0.0323 -0.1653 -0.9857
vn 0.0321 -0.1654 -0.9857
vn 0.0318 -0.1638 -0.9860
vn 0.0321 -0.1635 -0.9860
vn 0.0420 -0.9973 0.0597
vn -0.0094 0.1350 0.9908
vn -0.0264 -0.1032 0.9943
vn -0.0266 -0.1032 0.9943
vn -0.0267 -0.0920 0.9954
vn -0.0265 -0.0920 0.9954
vn 0.0131 -0.9988 0.0469
vn 0.0132 -0.9986 0.0515
vn 0.0033 0.9333 -0.3591
vn 0.0104 0.9998 0.0156
vn 0.0091 0.2791 -0.9602
vn 0.0039 -0.0895 -0.9960
vn 0.0037 -0.0894 -0.9960
vn 0.0035 -0.0925 -0.9957
vn 0.0037 -0.0925 -0.9957
vn -0.0020 -0.0184 -0.9998
vn -0.0024 -0.0183 -0.9998
vn -0.0029 -0.0214 -0.9998
vn -0.0024 -0.0216 -0.9998
vn -0.0102 -0.9580 -0.2866
vn -0.0099 -0.9579 -0.2870
vn -0.0101 -0.9592 -0.2824
vn -0.0102 -0.9593 -0.2822
vn -0.0069 -0.1497 0.9887
vn -0.0069 -0.1498 0.9887
vn -0.0041 -0.1518 0.9884
vn -0.0073 -0.1479 0.9890
vn -0.0109 -0.0167 0.9998
vn -0.0098 -0.0162 0.9998
vn -0.0099 -0.0157 0.9998
vn -0.0113 -0.0144 0.9998
vn 0.0262 0.9537 0.2997
vn 0.0260 0.9537 0.2996
vn 0.0263 0.9518 0.3056
vn 0.0292 0.9526 0.3029
vn 0.0175 0.9713 0.2370
vn 0.0159 0.9709 0.2388
vn 0.0142 0.9725 0.2323
vn 0.0159 0.9729 0.2307
vn -0.0298 0.0595 0.9978
vn -0.0270 0.0565 0.9980
vn -0.0279 0.0596 0.9978
vn -0.0295 0.0579 0.9979
vn -0.0467 -0.1017 0.9937
vn -0.0467 -0.1013 0.9938
vn -0.0466 -0.1021 0.9937
vn -0.0468 -0.1024 0.9936
vn 0.0111 0.0169 -0.9998
vn 0.0109 0.0145 -0.9998
vn 0.0098 0.0169 -0.9998
vn 0.0099 0.0160 -0.9998
vn 0.0460 0.1027 -0.9937
vn 0.0467 0.1018 -0.9937
vn 0.0467 0.1013 -0.9938
vn 0.0160 0.0503 -0.9986
vn 0.0160 0.0499 -0.9986
vn 0.0161 0.0511 -0.9986
vn 0.0160 0.0512 -0.9986
vn -0.9999 -0.0030 -0.0100
vn -1.0000 -0.0022 -0.0073
vn -0.9999 -0.0043 -0.0099
vn -0.0086 -0.0297 -0.9995
vn -0.0090 -0.0293 -0.9995
vn -0.0094 -0.0312 -0.9995
vn -0.0090 -0.0316 -0.9995
vn 0.0092 0.2791 -0.9602
vn 0.0034 0.9341 -0.3569
vn -0.0341 -0.0064 0.9994
vn -0.0335 -0.0069 0.9994
vn -0.0330 -0.0043 0.9994
vn -0.0335 -0.0037 0.9994
vn -0.1142 -0.9907 -0.0737
vn -0.1121 -0.9908 -0.0755
vn -0.1160 -0.9904 -0.0755
vn 0.0150 -0.0094 -0.9998
vn 0.0150 -0.0098 -0.9998
vn -0.0176 0.9683 0.2493
vn -0.0175 0.9683 0.2491
vn -0.0168 0.9685 0.2484
vn -0.0447 -0.9990 -0.0049
vn -0.0447 -0.9990 -0.0048
vn -0.0447 -0.9990 -0.0043
vn -0.0441 -0.9990 -0.0037
vn 0.0239 0.1237 -0.9920
vn 0.0239 0.1241 -0.9920
vn 0.0178 -0.9682 -0.2494
vn 0.0171 -0.9685 -0.2486
vn 0.0169 -0.9685 -0.2484
vn 0.0107 -0.0469 -0.9988
vn 0.0055 -0.0483 -0.9988
vn 0.0092 0.2798 -0.9600
vn -0.0255 -0.0080 -0.9996
vn 0.0040 0.9939 0.1101
vn 0.0012 0.9934 0.1143
vn 0.0012 0.9935 0.1142
vn -0.0162 -0.0514 0.9985
vn -0.0160 -0.0515 0.9985
vn -0.0158 -0.0501 0.9986
vn -0.0160 -0.0500 0.9986
vn 0.0117 0.9945 0.1039
vn 0.0102 0.9948 0.1015
vn 0.0103 0.9948 0.1016
vn 0.0021 0.1309 0.9914
vn 0.0024 0.1307 0.9914
vn 0.0027 0.1323 0.9912
vn 0.0024 0.1326 0.9912
vn 0.0202 -0.9658 -0.2584
vn 0.0206 -0.9659 -0.2580
vn 0.0207 -0.9640 -0.2651
vn 0.0204 -0.9639 -0.2654
vn -0.0095 -0.1375 0.9905
vn -0.0132 -0.9618 -0.2733
vn -0.0133 -0.9618 -0.2734
vn -0.0114 -0.9635 -0.2673
vn -0.0122 -0.9620 -0.2727
vn 0.0157 -0.9536 -0.3008
vn 0.0159 -0.9536 -0.3006
vn 0.0156 -0.9522 -0.3050
vn 0.0154 -0.9522 -0.3051
vn 0.0173 -0.0441 -0.9989
vn 0.0174 -0.0440 -0.9989
vn 0.0176 -0.0376 -0.9991
vn 0.0175 -0.0376 -0.9991
vn 0.0062 0.9941 0.1086
vn 0.0063 0.9940 0.1088
vn 0.0071 0.9939 0.1102
vn 0.0072 0.9939 0.1104
vn -0.0095 -0.1370 0.9905
vn -0.0070 -0.9939 -0.1100
vn -0.0072 -0.9939 -0.1103
vn -0.0064 -0.9940 -0.1090
vn -0.0064 -0.9940 -0.1089
vn 0.0092 0.2785 -0.9604
vn 0.0295 -0.0587 -0.9978
vn 0.0296 -0.0587 -0.9978
vn 0.0271 -0.0594 -0.9979
vn 0.0290 -0.0577 -0.9979
vn -0.9999 -0.0027 -0.0119
vn -0.9999 0.0009 -0.0140
vn -0.9999 0.0028 -0.0144
vn -0.9998 -0.0000 -0.0180
vn -0.0213 -0.9598 -0.2800
vn -0.0209 -0.9599 -0.2795
vn -0.0218 -0.9599 -0.2795
vn -0.0213 -0.9597 -0.2802
vn -0.0094 -0.1368 0.9906
vn -0.0094 -0.1364 0.9906
vn -0.0024 -0.1305 -0.9914
vn -0.0024 -0.1306 -0.9914
vn -0.0025 -0.1326 -0.9912
vn -0.0024 -0.1325 -0.9912
vn 0.0079 0.1934 0.9811
vn 0.0078 0.1935 0.9811
vn 0.0078 0.1910 0.9816
vn 0.0079 0.1907 0.9816
vn -0.0090 0.9964 0.0841
vn -0.0083 0.9965 0.0830
vn -0.0083 0.9965 0.0831
vn 0.0225 0.9569 0.2896
vn 0.0217 0.9578 0.2865
vn 0.0069 0.1500 -0.9887
vn 0.0069 0.1508 -0.9885
vn 0.0085 0.1521 -0.9883
vn 0.0050 0.1508 -0.9886
vn -0.0273 -0.9521 -0.3046
vn -0.0260 -0.9517 -0.3059
vn -0.0247 -0.9532 -0.3012
vn -0.0260 -0.9537 -0.2997
vn -0.0207 0.0832 -0.9963
vn -0.0193 0.0805 -0.9966
vn -0.0230 0.0831 -0.9963
vn 0.0093 0.9592 0.2827
vn 0.0102 0.9595 0.2815
vn 0.0109 0.9584 0.2852
vn 0.0099 0.9581 0.2862
vn -0.0089 0.9986 0.0521
vn -0.0051 0.9983 0.0581
vn -0.0117 -0.9945 -0.1038
vn -0.0103 -0.9948 -0.1015
vn -0.0164 -0.9709 -0.2387
vn -0.0159 -0.9708 -0.2392
vn -0.0155 -0.9728 -0.2313
vn -0.0159 -0.9728 -0.2309
vn -0.0096 0.9972 0.0746
vn -0.0097 0.9972 0.0748
vn -0.0106 0.9970 0.0764
vn -0.0106 0.9970 0.0763
vn -0.0220 0.9645 0.2631
vn -0.0204 0.9641 0.2648
vn -0.0192 0.9656 0.2592
vn -0.0206 0.9660 0.2576
vn -1.0000 0.0036 0.0028
vn -1.0000 0.0025 0.0028
vn -1.0000 0.0028 0.0049
vn -1.0000 -0.0004 0.0057
vn -0.0163 0.9528 0.3032
vn -0.0153 0.9525 0.3043
vn -0.0147 0.9536 0.3009
vn -0.0158 0.9538 0.2999
vn 0.0081 -0.9965 -0.0826
vn 0.0080 -0.9966 -0.0826
vn 0.0090 -0.9964 -0.0842
vn 0.0091 -0.9964 -0.0842
vn -0.0109 0.9995 0.0312
vn 0.0122 0.9621 0.2725
vn 0.0120 0.9618 0.2736
vn 0.0150 0.9630 0.2691
vn 0.0135 0.9617 0.2739
vn -1.0000 -0.0004 -0.0014
vn -1.0000 0.0019 0.0015
vn -1.0000 0.0033 -0.0007
vn -1.0000 0.0035 -0.0016
vn -0.0239 -0.1236 0.9920
vn -0.0239 -0.1239 0.9920
vn -0.0239 -0.1233 0.9921
vn -0.0402 0.9546 0.2951
vn -0.0333 0.9579 0.2851
vn -0.0404 0.9571 0.2869
vn -0.0389 0.9565 0.2893
vn -0.9998 0.0209 -0.0009
vn -0.9998 0.0177 0.0021
vn -0.9999 0.0146 -0.0030
vn -0.9999 0.0155 -0.0048
vn -0.9999 -0.0007 0.0170
vn -0.9998 -0.0029 0.0207
vn -0.9998 -0.0061 0.0177
vn -1.0000 -0.0003 -0.0095
vn -0.9998 0.0214 -0.0036
vn -0.9998 0.0199 -0.0034
vn -0.9998 0.0207 -0.0031
vn -0.3128 0.9041 0.2913
vn -0.3662 0.8931 0.2614
vn 0.1975 0.9359 0.2916
vn 0.1067 0.9706 0.2156
vn 0.1067 0.9706 0.2157
vn 0.0946 0.9108 0.4019
vn 0.1983 0.9121 0.3588
vn 0.1262 0.9282 0.3499
vn 0.0509 0.9172 0.3952
vn 0.0508 0.9172 0.3953
vn -0.0841 0.9908 0.1063
vn -0.1269 0.9827 0.1352
vn -0.1269 0.9826 0.1352
vn 0.4911 0.8255 0.2782
vn 0.5750 0.7421 0.3445
vn 0.0481 0.9978 0.0454
vn 0.0481 0.9978 0.0453
vn 0.0586 0.9976 0.0361
vn 0.1711 0.9584 0.2283
vn 0.1710 0.9585 0.2283
vn 0.2111 0.9446 0.2514
vn 0.0072 0.9602 0.2792
vn -0.0656 0.9695 0.2363
vn 0.0634 0.9729 0.2221
vn 0.0635 0.9730 0.2221
vn -0.0379 0.9546 0.2956
vn -0.1434 0.5250 0.8389
vn -0.3506 0.8701 0.3464
vn 0.4926 0.8078 0.3237
vn 0.1261 0.7485 0.6510
vn -0.0631 0.9491 0.3087
vn -0.0080 0.9385 0.3452
vn 0.0637 0.9577 0.2808
vn -0.0511 0.9372 0.3450
vn 0.0215 0.4807 0.8766
vn -0.0258 0.5322 0.8462
vn 0.0245 0.4745 0.8799
vn -0.1091 0.9601 0.2573
vn -0.0719 0.9710 0.2281
vn -0.3303 0.9406 0.0780
vn -0.5023 0.8539 0.1365
vn -0.0063 0.9960 0.0892
vn -0.0142 0.9965 0.0818
vn -0.0119 0.9961 0.0870
vn -0.0682 0.5722 0.8173
vn -0.3220 0.8739 0.3642
vn 0.6180 0.7489 0.2392
vn 0.6763 0.6859 0.2687
vn 0.6234 0.7564 0.1979
vn 0.0398 0.5072 0.8609
vn 0.0380 0.5422 0.8394
vn 0.0626 0.5935 0.8024
vn -0.0083 0.5983 0.8012
vn -0.0099 0.9518 0.3067
vn -0.0672 0.9596 0.2732
vn -0.0580 0.9646 0.2574
vn 0.2491 0.6608 0.7081
vn -0.0037 0.9949 0.1009
vn -0.0055 0.9954 0.0952
vn -0.0108 0.9956 0.0931
vn -0.4783 0.8373 0.2648
vn -0.5162 0.8035 0.2965
vn -0.0477 0.9987 0.0203
vn -0.0756 0.9952 0.0629
vn -0.0049 0.9985 0.0554
vn 0.0161 0.9960 0.0874
vn 0.0162 0.9960 0.0874
vn 0.1009 0.9562 0.2749
vn 0.0264 0.9747 0.2219
vn 0.0263 0.9747 0.2219
vn -0.0524 0.9726 0.2263
vn -0.1016 0.9757 0.1942
vn 0.6544 0.7427 0.1421
vn 0.6174 0.7657 0.1803
vn 0.6174 0.7657 0.1804
vn -0.1000 0.9840 0.1476
vn -0.1504 0.9700 0.1908
vn -0.1375 0.9664 0.2171
vn -0.1204 0.9730 0.1969
vn -0.0776 0.9682 0.2379
vn -0.1034 0.9706 0.2171
vn -0.1035 0.9707 0.2171
vn -0.1415 0.9687 0.2037
vn -0.1166 0.9728 0.2002
vn -0.0288 0.9801 0.1962
vn -0.0375 0.9897 0.1385
vn -0.9954 0.0330 0.0900
vn -0.9954 0.0329 0.0900
vn -0.9959 0.0068 0.0898
vn -0.9959 0.0068 0.0897
vn 0.5722 0.3881 0.7225
vn 0.9996 0.0000 0.0270
vn 0.0000 -0.3307 0.9438
vn -1.0000 -0.0007 0.0027
vn -1.0000 0.0002 0.0013
vn -1.0000 0.0030 -0.0025
vn -1.0000 0.0020 -0.0012
vn -0.0959 -0.2910 0.9519
vn -0.0156 -0.3330 0.9428
vn -0.7150 0.6779 -0.1709
vn 0.0000 -0.3306 0.9438
vn -0.0000 -0.9936 -0.1132
vn -0.1033 -0.1421 0.9845
vn 0.0449 -0.0099 0.9989
vn 0.0987 0.1415 0.9850
vn -0.2176 0.1625 0.9624
vn -0.6088 0.2734 -0.7447
vn 0.0017 -0.3504 0.9366
vn 0.0137 -0.3371 0.9414
vn -0.0412 -0.3037 0.9519
vn 0.0112 0.3286 -0.9444
vn -0.0000 0.3307 -0.9438
vn -0.0067 -0.2575 0.9663
vn -0.0013 0.9477 0.3190
vn -0.0031 0.9476 0.3193
vn -0.0025 0.9462 0.3237
vn 0.0008 0.9458 0.3249
vn -0.2373 0.2166 -0.9470
vn 1.0000 0.0000 -0.0000
vn -0.0019 0.3020 -0.9533
vn 0.9995 0.0315 0.0095
vn 0.0000 0.3306 -0.9438
vn -0.0069 0.7551 -0.6555
vn 0.0120 -0.8759 -0.4824
vn 0.1018 -0.2471 0.9636
vn 0.0129 -0.6699 -0.7423
vn -0.9791 -0.1521 -0.1348
vn -0.9921 -0.0782 -0.0981
vn -1.0000 -0.0025 -0.0072
vn -1.0000 -0.0028 -0.0074
vn -0.9921 -0.0783 -0.0981
vn 0.0061 0.0729 -0.9973
vn -0.0060 -0.0002 -1.0000
vn 0.5074 0.5533 0.6606
vn 0.5074 0.5534 0.6606
vn 0.5396 0.5383 0.6474
vn 0.5398 0.5382 0.6473
vn 0.4988 0.0239 -0.8664
vn -0.0024 -0.3278 0.9448
vn 0.0014 -0.3349 0.9423
vn 0.0007 -0.3299 0.9440
vn -0.0092 0.3335 -0.9427
vn -0.0066 0.3316 -0.9434
vn -0.0006 -0.3048 0.9524
vn 0.0184 -0.1645 0.9862
vn -0.0017 -0.1920 0.9814
vn 0.0885 -0.2492 0.9644
vn -0.0285 -0.2461 0.9688
vn -0.0657 -0.3494 0.9347
vn 0.0403 -0.3227 0.9457
vn 0.0846 -0.1938 0.9774
vn -0.2089 -0.3233 0.9229
vn 0.0081 -0.4665 0.8845
vn 0.0176 -0.2197 0.9754
vn -0.0179 0.4243 -0.9053
vn 0.4888 -0.2914 0.8223
vn 0.1950 0.9606 0.1981
vn -0.0462 0.9722 0.2296
vn -0.0160 -0.2345 0.9720
vn -0.0384 0.9506 0.3081
vn 0.0075 -0.0105 0.9999
vn 0.9920 0.0727 0.1028
vn 0.7602 0.6095 0.2250
vn 0.0052 -0.3408 0.9401
vn 0.0202 -0.3098 0.9506
vn 0.0415 -0.2472 0.9681
vn 0.0059 -0.2286 0.9735
vn 0.0034 -0.0588 0.9983
vn 0.0043 -0.3426 0.9395
vn 0.0063 -0.0601 0.9982
vn -0.1038 0.0223 0.9943
vn -0.0326 -0.1186 0.9924
vn 0.0060 -0.0601 0.9982
vn -0.0000 -0.3307 0.9437
vn -1.0000 0.0000 0.0000
vn 0.4989 -0.0021 -0.8667
vn 0.4989 -0.0039 -0.8667
vn 0.4973 -0.0022 -0.8676
vn 0.0000 0.0000 1.0000
vn 0.0035 0.9482 0.3177
vn 0.0011 0.9482 0.3178
vn 0.0020 0.2228 -0.9749
vn 0.4987 -0.0277 -0.8663
vn -0.0043 0.3382 -0.9411
vn 0.0044 0.3314 -0.9435
vn 0.0035 0.3307 -0.9437
vn 0.0040 0.3326 -0.9431
vn 0.4817 0.0477 0.8750
vn 0.0118 0.7743 0.6327
vn 0.9990 -0.0440 0.0095
vn -0.0221 -0.2970 0.9546
vn 0.4902 0.5370 0.6866
vn 0.4902 0.5366 0.6868
vn 0.5297 0.5202 0.6700
vn 0.5297 0.5206 0.6696
vn -0.0958 0.9855 0.1399
vn -0.0857 0.9957 0.0350
vn -0.0458 0.9937 0.1025
vn -0.0462 0.9937 0.1024
vn -0.9997 -0.0236 -0.0095
vn 0.0000 0.9554 0.2955
vn 0.0018 -0.9899 -0.1420
vn 0.9998 0.0158 0.0095
vn 1.0000 0.0000 0.0001
vn -0.3242 0.9310 0.1675
vn -0.1249 0.9717 0.2004
vn -0.0206 0.9258 0.3773
vn -0.0243 0.9527 0.3030
vn 0.0006 0.4704 -0.8824
vn -0.0084 0.4806 -0.8769
vn -0.0059 0.5101 -0.8601
vn 0.0051 0.5109 -0.8596
vn 0.0817 -0.3436 0.9356
vn 0.0817 -0.3436 0.9355
vn 0.1869 -0.3905 0.9014
vn 0.1869 -0.3905 0.9015
vn -0.0039 0.9709 0.2395
vn 0.0200 0.9642 0.2643
vn 0.0065 0.9732 0.2298
vn 0.9976 -0.0499 -0.0472
vn 0.8466 0.5015 0.1780
vn -0.3123 0.8937 0.3221
vn 0.2168 0.9329 0.2877
vn 0.2066 0.9323 0.2970
vn 0.2085 0.9370 0.2803
vn -0.5736 0.7794 0.2520
vn 0.0180 0.4780 0.8782
vn 0.1012 0.9402 0.3253
vn -0.4095 0.5187 0.7505
vn 0.3531 -0.0291 0.9351
vn 0.5174 0.3436 -0.7837
vn -0.1762 0.5767 -0.7977
vn -0.0468 0.9517 -0.3034
vn 1.0000 0.0070 0.0069
vn 0.0009 0.9557 -0.2944
vn -0.0096 0.8274 -0.5615
vn -0.0041 0.7119 0.7022
vn -0.8598 0.4858 0.1570
vn 0.0095 -0.0860 0.9962
vn 0.0111 -0.1071 0.9942
vn 0.0111 -0.1070 0.9942
vn -0.9939 -0.0581 -0.0933
vn 0.8808 0.4522 0.1406
vn 0.0458 0.9643 0.2608
vn 0.0134 0.7935 0.6084
vn 0.8344 0.5209 0.1799
vn 0.5443 0.0207 -0.8386
vn 0.5444 0.0206 -0.8386
vn 0.5873 0.0443 -0.8081
vn 0.5873 0.0443 -0.8082
vn -0.3497 0.8776 0.3279
vn 0.1010 0.9458 0.3087
vn 0.0849 0.9531 0.2904
vn -0.0335 0.8799 0.4739
vn 0.6082 0.7721 0.1843
vn 0.9486 0.3130 0.0461
vn 0.0002 0.7890 -0.6143
vn 0.0149 0.8690 -0.4946
vn -0.0189 0.9114 -0.4111
vn -0.0206 0.9510 0.3086
vn -0.5819 0.7682 0.2669
vn 0.3878 -0.1679 0.9063
vn 0.3492 -0.1818 0.9192
vn -0.5043 0.8281 0.2449
vn 0.8600 0.4880 0.1492
vn -0.0004 0.9707 0.2403
vn -0.0088 0.9673 0.2534
vn -0.0241 0.9578 0.2865
vn 0.0034 0.9551 0.2963
vn -0.4281 -0.5664 -0.7042
vn -0.4282 -0.5662 -0.7043
vn -0.4268 -0.5653 -0.7059
vn -0.4269 -0.5662 -0.7051
vn -0.0015 -0.9751 -0.2217
vn -0.0021 -0.9751 -0.2217
vn 0.0044 -0.9756 -0.2193
vn 0.0284 -0.9824 -0.1848
vn 0.0248 0.9495 0.3129
vn -0.0018 0.9552 0.2960
vn 0.0066 0.9417 0.3363
vn 0.0055 0.9423 0.3349
vn 0.0035 0.9941 0.1082
vn 0.0008 0.9943 0.1067
vn 0.0021 0.9946 0.1038
vn 0.0133 0.9958 0.0901
vn -0.0295 0.9602 0.2779
vn -0.0442 0.9770 0.2086
vn 0.0273 0.9732 0.2285
vn 0.0173 0.0591 -0.9981
vn 0.0173 0.0590 -0.9981
vn 0.0198 0.1130 -0.9934
vn 0.0411 0.8080 -0.5878
vn 0.0406 0.8080 -0.5877
vn 0.0263 0.7372 -0.6751
vn -0.8891 0.4376 0.1343
vn -0.8899 0.4360 0.1340
vn -0.8881 0.4396 0.1346
vn -0.8872 0.4412 0.1349
vn 0.0480 0.9904 0.1296
vn -0.0216 0.9891 0.1455
vn -0.0689 0.9741 0.2152
vn 0.0146 0.9782 0.2072
vn 0.9983 -0.0579 0.0044
vn 0.9992 0.0370 0.0116
vn -0.0000 -0.9770 -0.2135
vn -0.0000 -0.0000 -1.0000
vn -0.9966 0.0811 -0.0155
vn -0.9966 0.0812 -0.0155
vn -0.9980 0.0610 -0.0186
vn -0.0714 -0.8860 -0.4582
vn 0.0173 -0.8816 -0.4718
vn -0.0399 -0.9473 -0.3179
vn -0.0063 -0.8849 -0.4657
vn -0.0063 -0.8849 -0.4658
vn -0.0000 -0.9173 -0.3981
vn 0.0000 -0.9174 -0.3979
vn 0.2321 0.9268 0.2954
vn 0.2320 0.9320 0.2784
vn 0.2906 0.9116 0.2909
vn 0.0138 -0.1832 0.9830
vn -0.0166 -0.1954 0.9806
vn -0.0115 -0.1537 0.9880
vn 0.0121 -0.1661 0.9860
vn 0.0200 0.0139 -0.9997
vn 0.0201 0.0134 -0.9997
vn 0.0190 0.0125 -0.9997
vn -0.9477 0.3027 0.1015
vn 0.9476 0.3027 0.1017
vn 0.9477 0.3024 0.1016
vn 0.9478 0.3021 0.1016
vn 0.9479 0.3020 0.1015
vn -0.4342 0.5940 0.6772
vn -0.4343 0.5941 0.6771
vn -0.4329 0.5939 0.6782
vn -0.4330 0.5931 0.6788
vn -0.9472 0.3039 0.1018
vn -0.9474 0.3036 0.1017
vn -0.9471 0.3042 0.1019
vn -0.4664 0.5299 0.7083
vn -0.4664 0.5290 0.7090
vn -0.4676 0.5301 0.7073
vn -0.4677 0.5304 0.7070
vn -0.0387 0.0729 -0.9966
vn -0.0092 0.4141 -0.9102
vn -0.0529 0.0214 -0.9984
vn -0.0537 0.0279 -0.9982
vn 0.0191 -0.2388 0.9709
vn 0.0242 -0.0776 0.9967
vn -0.8875 0.4328 0.1583
vn -0.8875 0.4327 0.1583
vn -0.8898 0.4288 0.1563
vn 0.0094 -0.0248 0.9996
vn -0.0009 -0.0161 0.9999
vn 0.0117 0.0122 0.9999
vn -1.0000 -0.0028 0.0007
vn 0.0000 1.0000 -0.0000
vn -0.3623 -0.0000 -0.9321
vn -1.0000 -0.0006 -0.0008
vn -1.0000 0.0009 -0.0009
vn -1.0000 -0.0033 -0.0006
vn -1.0000 -0.0046 -0.0004
vn -0.4113 0.0000 0.9115
vn 0.2751 0.9446 0.1789
vn 0.3894 0.9021 0.1860
vn -1.0000 -0.0008 -0.0088
vn -0.9921 -0.0835 -0.0932
vn 0.2359 -0.9663 -0.1028
vn 0.2448 -0.9633 -0.1097
vn 0.2331 -0.9660 -0.1115
vn 0.2317 -0.9654 -0.1198
vn -1.0000 -0.0062 -0.0037
vn 0.0071 0.9099 -0.4147
vn 0.0152 0.9808 -0.1943
vn 0.0272 0.9996 -0.0087
vn 0.0275 0.9634 0.2666
vn 0.0275 0.9634 0.2667
vn 0.9991 -0.0045 0.0417
vn 0.9996 0.0223 0.0164
vn 0.9999 -0.0062 0.0154
vn 0.0031 0.4844 -0.8749
vn -0.0081 0.4770 -0.8789
vn 0.0192 0.4870 -0.8732
vn 0.0081 0.4697 -0.8828
vn 0.0021 0.4952 -0.8688
vn 0.0022 0.4950 -0.8689
vn -0.0002 0.4988 -0.8667
vn -0.0034 0.4995 -0.8663
vn 0.0024 0.9519 0.3063
vn 0.0024 0.9520 0.3060
vn -0.9979 0.0000 0.0643
vn -0.0010 0.1766 0.9843
vn 0.1313 0.3081 0.9422
vn 0.1374 0.6043 0.7848
vn -0.0387 0.5908 0.8059
vn 0.0216 0.0119 -0.9997
vn 0.0220 0.0117 -0.9997
vn 0.0224 0.0104 -0.9997
vn 0.0208 0.0090 -0.9997
vn 0.0818 0.9533 0.2908
vn 0.0828 0.9532 0.2906
vn 0.0795 0.9534 0.2911
vn 0.0780 0.9534 0.2913
vn -0.9999 0.0044 -0.0110
vn -0.9999 0.0040 -0.0111
vn -0.5016 0.4094 0.7621
vn -0.0970 0.4710 0.8768
vn 0.1743 0.4660 0.8675
vn -0.2858 0.9581 -0.0191
vn 0.9995 -0.0314 0.0095
vn -0.1270 -0.2807 0.9514
vn 0.0103 -0.3289 0.9443
vn -0.0038 -0.3311 0.9436
vn 0.9999 -0.0109 0.0112
vn 0.9999 -0.0018 0.0109
vn -0.9999 0.0035 -0.0095
vn 0.0332 -0.9748 -0.2205
vn 0.0959 -0.9725 -0.2125
vn 0.0958 -0.9725 -0.2125
vn 0.0284 0.2493 -0.9680
vn 0.0342 -0.7042 0.7092
vn -0.0105 0.3321 -0.9432
vn -0.0054 -0.3228 0.9465
vn -0.4822 -0.0219 -0.8758
vn 0.0038 0.3298 -0.9441
vn 0.0044 0.3288 -0.9444
vn 0.0033 0.3287 -0.9444
vn -0.0014 0.3263 -0.9452
vn -0.0022 0.3293 -0.9442
vn 0.0079 -0.9197 -0.3924
vn -0.5199 0.5554 0.6490
vn -0.1786 0.0408 -0.9831
vn 0.6120 -0.2691 0.7437
vn 0.0055 -0.9056 -0.4242
vn 0.9999 -0.0102 0.0095
vn 0.4200 0.5933 0.6867
vn 0.4202 0.5920 0.6877
vn 0.4218 0.5928 0.6861
vn 0.4218 0.5931 0.6858
vn 0.4988 -0.0188 -0.8665
vn -0.3115 0.9307 0.1919
vn -0.3262 0.9254 0.1927
vn -0.9997 0.0235 -0.0095
vn 0.9998 -0.0174 0.0095
vn -1.0000 0.0028 -0.0095
vn -1.0000 -0.0012 -0.0095
vn -1.0000 0.0028 -0.0056
vn -0.4822 -0.0149 -0.8759
vn -0.1961 0.0000 0.9806
vn -0.0083 -0.3277 0.9447
vn -0.0072 -0.3312 0.9435
vn -0.0019 -0.3303 0.9439
vn 0.1653 0.2994 -0.9397
vn -0.0017 -0.2573 0.9663
vn 0.0321 -0.1860 0.9820
vn -0.0000 -0.1865 0.9824
vn 0.0001 -0.1888 0.9820
vn -0.0275 -0.3032 0.9525
vn 0.0074 -0.4319 0.9019
vn 0.3156 -0.3097 0.8969
vn -0.0187 0.3587 -0.9333
vn 0.0387 -0.9654 0.2577
vn 0.3558 -0.3409 0.8702
vn 0.0202 0.4096 -0.9120
vn 0.0052 -0.2121 0.9772
vn -0.0069 -0.1247 0.9922
vn 0.0197 -0.1240 0.9921
vn 0.0002 -0.1362 0.9907
vn -0.0629 -0.2945 0.9536
vn -0.0594 -0.4185 0.9063
vn 0.0035 -0.3771 0.9262
vn -0.9999 -0.0107 0.0004
vn -1.0000 -0.0092 -0.0009
vn -0.9999 -0.0103 -0.0020
vn 0.0001 0.3048 -0.9524
vn -0.0056 0.3975 -0.9176
vn 0.0058 0.2545 -0.9671
vn 0.0030 -0.1535 0.9881
vn 0.0000 -0.9541 -0.2993
vn -0.0001 -0.9526 -0.3043
vn -0.0001 -0.9531 -0.3027
vn 0.0001 -0.9547 -0.2977
vn -0.0210 -0.2152 0.9764
vn 0.0131 -0.9520 -0.3059
vn 0.0131 -0.9529 -0.3030
vn 0.0131 -0.9529 -0.3031
vn -0.9997 -0.0185 0.0159
vn -0.0199 0.9634 0.2673
vn -0.0338 0.9517 0.3051
vn 0.0107 -0.6242 0.7812
vn 0.5197 -0.5433 -0.6594
vn 0.5251 -0.5458 -0.6529
vn 0.5197 -0.5481 -0.6553
vn 0.0518 0.0850 -0.9950
vn -0.0109 0.0871 -0.9961
vn -0.0041 0.2577 -0.9662
vn 0.0305 0.1878 -0.9817
vn -0.4817 0.0493 -0.8749
vn 0.2407 -0.9643 -0.1099
vn 0.2396 -0.9656 -0.1009
vn 0.2373 -0.9650 -0.1116
vn 0.2327 -0.9674 -0.0996
vn -1.0000 -0.0050 -0.0047
vn -1.0000 -0.0048 -0.0023
vn -0.0285 0.6646 0.7467
vn 0.0580 0.6627 0.7467
vn 0.0068 0.6349 0.7726
vn -0.2749 -0.9439 -0.1831
vn -0.4496 -0.8809 -0.1478
vn -0.4497 -0.8809 -0.1478
vn 0.0014 0.9948 0.1021
vn 0.0041 0.9955 0.0942
vn 0.0058 0.9964 0.0842
vn 0.0000 0.9964 0.0843
vn 0.0462 0.9937 0.1024
vn 0.3215 0.9447 0.0642
vn 0.4113 0.0000 0.9115
vn 0.0752 0.0904 -0.9931
vn 0.0752 0.0903 -0.9931
vn 0.0202 0.4140 -0.9100
vn 0.0000 0.9947 0.1026
vn -0.0081 0.9952 0.0975
vn -0.0020 0.9944 0.1059
vn -0.3700 0.0000 0.9290
vn -0.5061 -0.5280 -0.6820
vn -0.0079 0.1205 -0.9927
vn -0.0079 0.1201 -0.9927
vn -0.0059 0.1346 -0.9909
vn -0.0013 0.1286 -0.9917
vn 0.2989 -0.9471 -0.1173
vn 0.3020 -0.9490 -0.0903
vn 0.3536 -0.9294 -0.1059
vn 0.4113 -0.0000 -0.9115
vn -0.0004 0.9593 0.2824
vn -0.0655 0.1958 -0.9785
vn -0.0328 0.2931 -0.9555
vn 0.0033 0.2572 -0.9663
vn -0.0408 0.9939 0.1025
vn -0.0000 -0.9554 -0.2955
vn -0.0030 -0.0289 0.9996
vn -0.0035 -0.0311 0.9995
vn -0.0018 -0.0378 0.9993
vn -0.0118 -0.0320 0.9994
vn -0.5514 -0.5869 0.5929
vn -0.4233 0.8705 0.2512
vn -0.4417 0.8628 0.2458
vn -0.4426 0.8624 0.2456
vn 0.0226 -0.9933 -0.1131
vn 0.5190 -0.5280 -0.6722
vn -0.4555 0.8260 0.3322
vn -0.4557 0.8258 0.3321
vn -0.0403 0.9786 0.2018
vn 0.0000 -0.9330 0.3599
vn 0.0067 0.9947 0.1026
vn -0.0057 0.9942 0.1071
vn 0.0000 0.9717 0.2361
vn 0.0000 0.9794 0.2019
vn 0.0000 0.9322 0.3619
vn -0.4224 -0.8855 -0.1935
vn 0.0000 -0.9224 0.3862
vn -0.4989 0.0082 0.8666
vn -0.0019 -0.0510 0.9987
vn -0.0011 -0.0712 0.9975
vn -0.0263 -0.0881 0.9958
vn 0.0011 -0.0884 0.9961
vn -0.0866 0.8816 0.4640
vn 0.0602 0.8749 0.4805
vn -0.0155 0.6934 0.7203
vn -0.0155 0.6935 0.7203
vn -0.0631 -0.9752 -0.2120
vn -0.0696 -0.9743 -0.2141
vn -0.0958 -0.9725 -0.2125
vn -0.0959 -0.9725 -0.2125
vn -0.5425 0.5171 0.6620
vn -0.5032 0.5333 0.6800
vn -0.5032 0.5335 0.6798
vn -0.5424 0.5174 0.6619
vn 0.0000 0.9561 0.2931
vn -0.0104 0.9686 0.2484
vn -0.0669 0.9790 0.1923
vn -0.0857 -0.9889 -0.1210
vn 0.0016 0.9795 0.2013
vn 0.0027 0.9796 0.2011
vn 0.0566 -0.9758 -0.2112
vn -0.0104 -0.2168 0.9762
vn -0.0008 -0.1933 0.9811
vn 0.0000 -0.2141 0.9768
vn 0.0223 -0.2215 0.9749
vn 0.0699 -0.9734 -0.2183
vn 0.0971 -0.9652 -0.2430
vn -0.0135 -0.0067 -0.9999
vn -0.0202 0.0000 -0.9998
vn -0.0135 0.0000 -0.9999
vn -0.0000 0.0067 -1.0000
vn 0.0067 0.0000 -1.0000
vn -0.0015 -0.9936 -0.1127
vn 0.2725 0.9423 0.1943
vn -0.0564 0.9863 0.1549
vn -0.0565 0.9863 0.1548
vn 0.0000 -0.9977 0.0680
vn -0.0186 0.6784 0.7345
vn -0.0175 0.9759 0.2173
vn -0.0047 0.9306 0.3659
vn -0.0307 0.0000 0.9995
vn -0.0095 0.0000 1.0000
vn 0.0000 0.9481 0.3179
vn -0.9998 -0.0155 -0.0095
vn -0.5116 0.2896 -0.8090
vn -0.3490 0.4072 -0.8440
vn 0.0068 -0.1404 0.9901
vn 0.0304 0.0187 0.9994
vn 0.4413 -0.5672 -0.6953
vn 0.4412 -0.5674 -0.6953
vn 0.4397 -0.5678 -0.6959
vn 0.4399 -0.5674 -0.6961
vn -0.3059 0.9265 0.2192
vn -0.2681 0.9386 0.2171
vn 0.9991 -0.0049 -0.0428
vn 0.9991 -0.0051 -0.0428
vn 0.9957 0.0825 -0.0412
vn 0.9957 0.0826 -0.0412
vn 0.0264 -0.9951 0.0949
vn 0.0851 -0.9961 0.0219
vn 0.0046 0.0065 1.0000
vn 0.0046 0.0066 1.0000
vn 0.0221 -0.0489 0.9986
vn -0.0024 -0.0217 0.9998
vn -0.0357 0.9481 0.3160
vn -0.0436 0.9911 0.1258
vn -0.0435 0.9911 0.1258
vn 1.0000 0.0039 0.0071
vn 0.9938 -0.0725 -0.0846
vn 0.9938 -0.0721 -0.0841
vn 1.0000 0.0036 0.0072
vn -0.0908 -0.9878 -0.1265
vn -0.0982 -0.9892 -0.1088
vn -0.1058 -0.9883 -0.1099
vn -0.0942 -0.9896 -0.1083
vn -0.0872 -0.9894 -0.1163
vn -0.0871 -0.9898 -0.1127
vn -0.0941 -0.9891 -0.1135
vn -0.0947 -0.9885 -0.1178
vn 0.0789 0.6614 0.7458
vn 0.0103 0.9943 0.1057
vn 0.0375 0.9844 0.1718
vn 0.0622 0.9950 0.0780
vn 0.0293 -0.9805 -0.1944
vn -0.2781 -0.9348 -0.2207
vn 0.4822 -0.0193 0.8759
vn -0.0371 -0.9433 0.3298
vn -0.9999 0.0036 -0.0125
vn -0.9999 0.0038 -0.0131
vn -0.9999 0.0041 -0.0131
vn -1.0000 0.0028 0.0042
vn -1.0000 0.0027 0.0063
vn -1.0000 0.0032 -0.0002
vn -1.0000 0.0033 -0.0022
vn 0.0065 0.7295 -0.6840
vn 0.0187 0.9031 0.4290
vn 0.4823 0.0010 0.8760
vn 0.9999 -0.0048 0.0095
vn 0.9998 -0.0107 0.0194
vn 0.9999 -0.0105 0.0109
vn 0.9999 -0.0061 0.0153
vn -0.5522 0.5408 0.6346
vn -0.5199 0.5558 0.6486
vn 0.0160 0.9942 0.1061
vn 0.0274 0.9944 0.1017
vn 0.0384 0.9923 0.1180
vn 0.0401 0.9939 0.1032
vn 0.0005 0.9792 0.2030
vn -0.0095 0.9561 0.2930
vn -0.0107 0.9633 0.2683
vn 1.0000 0.0077 0.0026
vn 0.9999 0.0074 0.0111
vn 0.9999 0.0080 0.0106
vn 0.9999 -0.0014 0.0111
vn -0.0163 0.9719 0.2348
vn -0.0553 -0.9974 -0.0471
vn -0.0401 -0.9879 -0.1497
vn 0.0000 0.9860 0.1668
vn 0.1241 -0.9475 -0.2946
vn 0.0301 -0.9856 -0.1662
vn -0.0000 -0.9957 -0.0930
vn -0.0182 0.9520 0.3057
vn -0.0183 0.9520 0.3057
vn -0.0249 0.9760 0.2165
vn 0.0288 0.9723 0.2319
vn 0.0000 0.9010 0.4337
vn -0.0392 0.9992 -0.0095
vn -0.0392 0.9992 -0.0094
vn -0.0412 0.9968 0.0683
vn -0.0412 0.9968 0.0685
vn 0.0388 -0.9339 0.3554
vn -0.0120 -0.6817 0.7315
vn -0.0398 0.9594 0.2791
vn -0.0299 0.9678 0.2501
vn 0.0000 -0.0416 0.9991
vn 0.0328 0.0000 0.9995
vn 0.9998 -0.0045 -0.0178
vn 0.9994 -0.0338 -0.0111
vn 0.9994 -0.0338 -0.0112
vn -0.0343 0.9423 0.3330
vn -0.0480 0.9534 0.2978
vn 0.0000 0.9991 0.0419
vn -0.0032 0.9952 0.0981
vn -0.0049 0.9951 0.0991
vn -0.0093 0.9955 0.0941
vn 0.4251 0.4525 0.7839
vn -0.0701 0.5777 0.8132
vn -0.0049 0.9328 0.3603
vn -0.0074 0.9352 0.3541
vn -0.0111 0.9333 0.3589
vn -0.0063 0.9321 0.3622
vn -0.0019 0.9300 0.3676
vn -0.0020 -0.9559 -0.2938
vn -0.0008 -0.9568 -0.2906
vn -0.0010 -0.9566 -0.2913
vn -0.0023 -0.9556 -0.2947
vn -0.5183 0.5145 0.6831
vn 0.5052 0.5145 0.6929
vn -0.9998 0.0169 -0.0095
vn 0.4823 -0.0008 0.8760
vn -0.4822 0.0180 -0.8759
vn 0.4821 0.0242 0.8758
vn 0.4989 0.0017 -0.8667
vn 0.4989 0.0036 -0.8666
vn 0.5004 0.0017 -0.8658
vn 0.9990 -0.0442 0.0043
vn 0.9995 -0.0183 -0.0273
vn 0.9936 -0.0882 -0.0699
vn 0.9937 -0.0881 -0.0699
vn -0.0107 -0.9410 -0.3381
vn 0.0067 -0.9577 -0.2877
vn 0.0067 -0.9577 -0.2878
vn -0.4969 -0.5376 -0.6812
vn -0.4968 -0.5370 -0.6818
vn -0.4904 -0.5401 -0.6840
vn -0.4903 -0.5408 -0.6835
vn 0.9996 0.0000 -0.0270
vn -0.1170 -0.9880 -0.1007
vn -0.1253 -0.9851 -0.1175
vn -0.1820 -0.9779 -0.1033
vn -0.1821 -0.9778 -0.1033
vn -0.9995 0.0181 -0.0276
vn -0.9993 0.0331 -0.0172
vn -0.9993 0.0334 -0.0167
vn 0.4540 0.5311 0.7154
vn 0.4540 0.5315 0.7151
vn 0.4525 0.5315 0.7161
vn 0.4527 0.5301 0.7170
vn 0.9995 0.0304 0.0029
vn 0.9995 0.0305 0.0028
vn 0.9995 0.0299 0.0032
vn 0.4823 -0.0112 0.8760
vn 0.4816 0.0534 0.8748
vn 0.9995 0.0287 0.0095
vn -0.9999 0.0043 -0.0095
vn 0.0041 -0.9587 -0.2843
vn 0.0041 -0.9587 -0.2842
vn -0.0051 -0.9654 -0.2606
vn 0.9999 -0.0059 0.0095
vn 0.9993 0.0365 0.0095
vn -0.4823 -0.0112 -0.8760
vn 0.0021 -0.9548 -0.2974
vn 0.0006 -0.9536 -0.3012
vn 0.0010 -0.9539 -0.3002
vn 0.0024 -0.9551 -0.2964
vn -0.4989 0.0053 0.8666
vn -0.4823 0.0111 -0.8760
vn 0.5199 -0.5626 -0.6427
vn 0.5145 -0.5601 -0.6492
vn 0.5199 -0.5578 -0.6469
vn -0.0546 -0.9925 -0.1095
vn 0.0293 -0.9976 -0.0622
vn 0.0593 -0.9976 0.0371
vn -0.0318 -0.9995 0.0032
vn -0.4534 -0.5354 -0.7126
vn -0.4534 -0.5352 -0.7127
vn -0.4521 -0.5339 -0.7145
vn -0.4520 -0.5350 -0.7138
vn 0.4669 -0.5339 -0.7049
vn 0.4665 -0.5341 -0.7051
vn 0.4658 -0.5343 -0.7053
vn 0.4661 -0.5339 -0.7055
vn -0.0018 0.9479 -0.3186
vn -0.0127 0.8125 -0.5828
vn 0.4820 0.0324 0.8756
vn -0.0046 -0.9519 -0.3063
vn -0.0071 -0.9497 -0.3130
vn -0.0065 -0.9502 -0.3114
vn -0.0040 -0.9524 -0.3048
vn 0.0008 0.9463 0.3234
vn 0.0005 0.9461 0.3239
vn 0.0016 0.9454 0.3260
vn 0.0039 0.9467 0.3220
vn -0.4989 -0.0079 0.8666
vn -0.4986 0.0369 0.8661
vn -0.4823 0.0044 -0.8760
vn -0.4823 0.0053 -0.8760
vn -0.4823 -0.0008 -0.8760
vn 0.4982 -0.0534 -0.8654
vn -0.4989 0.0085 0.8666
vn -0.4989 0.0086 0.8666
vn 0.0000 0.9553 0.2955
vn 0.9999 -0.0000 0.0163
vn -0.0037 0.9745 0.2245
vn 0.0095 0.0000 -1.0000
vn 0.5201 -0.5663 -0.6394
vn -0.0687 0.9763 0.2052
vn 0.0746 0.9743 0.2127
vn -0.0241 0.9664 0.2558
vn 0.0268 0.9657 0.2582
vn 0.0156 -0.2928 -0.9561
vn -0.0003 -0.9556 -0.2947
vn -0.4986 -0.0340 0.8661
vn -0.4822 0.0211 -0.8758
vn -0.5040 0.2766 -0.8182
vn -0.4502 0.3195 -0.8338
vn 0.4987 0.0317 -0.8662
vn -0.4989 0.0043 0.8666
vn 0.0037 -0.9745 -0.2245
vn -0.0039 0.9571 0.2897
vn -0.0042 0.9618 0.2737
vn -0.0042 0.9618 0.2736
vn -0.9999 -0.0143 -0.0095
vn 0.4989 -0.0067 -0.8666
vn -0.9999 0.0108 -0.0095
vn -0.9998 0.0148 -0.0095
vn -0.9998 0.0109 -0.0135
vn 0.9999 -0.0044 0.0095
vn 0.0000 -0.9554 -0.2954
vn 0.4989 0.0016 -0.8667
vn 0.4989 0.0024 -0.8666
vn -0.5195 0.5416 0.6609
vn -0.4818 -0.0450 -0.8751
vn 0.0148 0.9268 0.3753
vn 0.0123 0.9621 0.2724
vn 0.0001 -0.9554 -0.2952
vn -0.4988 -0.0219 0.8664
vn 0.0000 -0.9555 -0.2951
vn 0.0000 -0.9552 -0.2959
vn -0.4985 0.0407 0.8659
vn 0.5079 0.5478 0.6648
vn 0.5072 0.5488 0.6646
vn 0.5071 0.5481 0.6651
vn -0.0156 0.2928 0.9561
vn 0.4823 0.0002 0.8760
vn -0.0028 -0.9548 -0.2972
vn -0.0028 -0.9552 -0.2960
vn -0.0028 -0.9545 -0.2982
vn 0.5099 -0.5338 -0.6746
vn 0.5033 -0.5372 -0.6768
vn 0.5033 -0.5377 -0.6764
vn 0.5099 -0.5342 -0.6743
vn 0.0055 -0.9441 -0.3295
vn 0.0055 -0.9440 -0.3300
vn 0.0064 -0.9516 -0.3072
vn 0.0064 -0.9518 -0.3067
vn 0.4822 -0.0173 0.8759
vn -0.0097 0.9563 0.2924
vn -0.0092 0.9559 0.2937
vn -0.0109 0.9572 0.2891
vn -0.0113 0.9576 0.2880
vn 0.4989 -0.0058 -0.8666
vn -0.0217 0.9651 0.2609
vn 0.0281 0.9646 0.2623
vn 0.0010 0.9462 0.3235
vn 0.0010 0.9462 0.3237
vn -1.0000 -0.0024 -0.0095
vn 0.9992 0.0378 0.0100
vn 0.9998 0.0190 -0.0071
vn -0.0046 0.9416 0.3366
vn -0.0150 0.9542 0.2987
vn -0.0315 0.9460 0.3226
vn -0.0183 0.9529 0.3027
vn -0.4821 -0.0246 -0.8757
vn -0.9999 0.0000 -0.0163
vn 0.0184 0.9592 0.2820
vn 0.0181 0.9597 0.2803
vn 0.0191 0.9581 0.2859
vn 0.0194 0.9575 0.2876
vn -0.4989 -0.0152 0.8666
vn -0.5259 -0.0401 0.8496
vn -0.5287 -0.0371 0.8480
vn -0.5285 -0.0375 0.8481
vn -0.5258 -0.0404 0.8497
vn 0.4989 0.0139 -0.8666
vn -0.4986 0.0325 0.8662
vn 0.0045 0.9482 0.3175
vn 0.0033 0.9470 0.3214
vn 0.0083 0.9466 0.3223
vn 0.0083 0.9481 0.3179
vn -0.5077 -0.5639 -0.6514
vn 0.4819 -0.0377 0.8754
vn -0.9999 0.0088 0.0083
vn -1.0000 0.0009 0.0023
vn -1.0000 0.0038 0.0039
vn -0.9999 0.0117 0.0100
vn -0.5073 -0.5526 -0.6613
vn -0.5073 -0.5533 -0.6607
vn -0.5079 -0.5523 -0.6611
vn 0.0008 -0.9552 -0.2958
vn 0.0013 -0.9556 -0.2947
vn 0.0010 -0.9554 -0.2954
vn -0.5066 -0.5550 -0.6598
vn -0.5074 -0.5547 -0.6595
vn -0.5074 -0.5540 -0.6600
vn -0.4823 0.0026 -0.8760
vn -0.4814 0.0026 -0.8765
vn 0.5072 0.5501 0.6634
vn 0.5064 0.5505 0.6637
vn 0.5072 0.5494 0.6641
vn 0.0086 -0.9565 -0.2917
vn 0.0050 -0.9592 -0.2826
vn -0.9999 -0.0058 -0.0095
vn 0.0067 0.0001 -1.0000
vn -0.9991 0.0423 -0.0095
vn 0.4820 -0.0349 0.8755
vn 0.9999 -0.0096 0.0095
vn 0.9477 0.3027 0.1015
vn -0.0113 0.1705 -0.9853
vn -0.0082 0.1792 -0.9838
vn -0.0079 0.1997 -0.9798
vn -0.0079 0.1998 -0.9798
vn 0.0418 0.9480 0.3156
vn 0.0420 0.9657 0.2564
vn 0.0420 0.9656 0.2565
vn 0.0418 0.9479 0.3157
vn -0.0318 0.9943 0.1021
vn -0.0337 0.9939 0.1052
vn 1.0000 0.0025 -0.0024
vn 1.0000 0.0000 0.0017
vn 1.0000 -0.0010 0.0031
vn 1.0000 0.0016 -0.0012
vn 0.3289 0.9345 0.1360
vn 0.0875 0.9799 0.1795
vn 0.1288 0.9898 0.0616
vn 1.0000 0.0001 -0.0000
vn 0.0120 0.6817 -0.7315
vn -0.9993 0.0346 -0.0167
vn -0.9993 0.0344 -0.0169
vn -0.9987 0.0501 -0.0050
vn 0.9995 0.0308 0.0031
vn 0.9995 0.0309 0.0030
vn 0.9995 0.0308 0.0030
vn -0.0100 0.4741 0.8804
vn -0.0100 0.4740 0.8804
vn -0.0450 0.5864 0.8088
vn 0.0306 0.5718 0.8198
g Stall_3_Stall_3_Collor_Material
usemtl Collor_Material
s off
f 326/1/1 320/2/1 300/3/2 311/4/2
f 301/5/3 313/6/4 307/7/5 297/8/5
f 324/9/6 318/10/6 319/11/7 325/12/7
f 310/13/8 299/14/8 324/15/8 327/16/8
f 326/17/9 311/18/9 312/19/10 329/20/11
f 302/21/12 308/22/12 298/23/12
f 317/24/13 323/25/13 301/26/13
f 304/27/14 260/28/14 299/29/14
f 315/30/15 295/31/15 298/32/15
f 316/33/16 322/34/16 323/35/16
f 279/36/17 296/37/17 300/38/17
f 299/39/18 318/40/18 324/41/18
f 321/42/19 322/43/19 316/44/20 315/45/20
f 330/46/21 327/47/21 328/48/22 331/49/22
f 311/50/23 305/51/23 306/52/24 312/53/24
f 308/54/25 302/55/25 303/56/26 309/57/26
f 328/58/27 327/59/27 324/60/28 325/61/28
f 310/62/29 309/63/30 303/64/31 304/65/31
f 300/66/32 305/67/32 311/68/32
f 302/69/33 298/70/33 295/71/33
f 278/72/34 299/73/34 260/74/34
f 317/75/35 301/76/35 297/77/35
f 304/78/36 299/79/36 310/80/36
f 320/81/37 319/82/38 314/83/39 279/84/40
f 325/85/41 326/86/41 329/87/42 328/88/42
f 310/89/43 327/90/43 309/91/43
f 315/92/44 298/93/44 321/94/44
f 316/95/45 323/96/45 317/97/45
f 279/98/46 300/99/46 320/100/46
f 313/101/47 312/102/48 306/103/49 307/104/50
f 325/105/51 319/106/51 320/107/52 326/108/53
f 299/109/54 278/110/54 318/111/54
f 330/112/55 331/113/56 322/114/57 321/115/57
f 300/116/58 296/117/58 305/118/58
f 308/119/59 309/120/60 327/121/61 330/122/62
f 298/123/63 308/124/64 330/125/65 321/126/66
f 318/127/67 278/128/67 314/129/68 319/130/69
f 331/131/70 328/132/70 329/133/71 332/134/72
f 332/135/73 329/136/74 312/137/75 313/138/76
f 332/139/77 313/140/78 301/141/79 323/142/79
f 323/143/80 322/144/80 331/145/81 332/146/81
f 929/147/82 972/148/82 971/149/82 926/150/82
f 255/151/83 256/152/84 259/153/85 258/154/86
f 948/155/87 912/156/88 909/157/89 947/158/90
f 930/159/91 933/160/91 990/161/92 989/162/93
f 833/163/94 768/164/94 765/165/94 832/166/94
f 854/167/95 714/168/96 716/169/97 855/170/98
f 937/171/99 934/172/99 957/173/100 958/174/100
f 708/175/101 861/176/102 863/177/103 710/178/104
f 712/179/105 710/180/106 863/181/107 865/182/108
f 233/183/109 227/184/109 228/185/110 234/186/110
f 235/187/111 234/188/112 228/189/113 229/190/114
f 234/191/115 235/192/115 251/193/116 254/194/116
f 867/195/117 869/196/118 716/197/119 714/198/120
f 835/199/121 774/200/121 771/201/121 834/202/121
f 718/203/122 856/204/122 855/205/122 716/206/122
f 859/207/123 994/208/124 1004/209/125 861/210/126
f 960/211/127 961/212/128 896/213/129 893/214/130
f 758/215/131 761/216/132 814/217/133 813/218/134
f 238/219/135 259/220/136 256/221/137 237/222/138
f 859/223/139 861/224/140 708/225/141 706/226/142
f 254/227/143 251/228/144 252/229/145 255/230/146
f 223/231/147 248/232/147 242/233/148 220/234/148
f 245/235/149 239/236/150 240/237/151 246/238/152
f 244/239/153 250/240/153 226/241/153
f 234/242/154 254/243/154 257/244/154
f 241/245/155 222/246/155 225/247/155
f 252/248/156 246/249/157 247/250/158 253/251/158
f 225/252/159 222/253/160 230/254/161 236/255/161
f 928/256/162 931/257/163 956/258/164 955/259/165
f 714/260/166 712/261/167 865/262/168 867/263/169
f 223/264/170 227/265/170 233/266/170
f 250/267/171 243/268/171 249/269/171
f 257/270/172 248/271/172 233/272/173 234/273/173
f 706/274/174 737/275/175 890/276/176 859/277/177
f 250/278/178 259/279/179 238/280/180 226/281/181
f 233/282/182 248/283/182 223/284/182
f 239/285/183 224/286/183 221/287/183
f 244/288/184 226/289/184 261/290/184
f 224/291/185 251/292/186 235/293/187
f 241/294/188 225/295/188 247/296/188
f 224/297/189 245/298/190 251/299/191
f 242/300/192 248/301/193 249/302/194 243/303/195
f 255/304/196 258/305/197 257/306/198 254/307/199
f 224/308/200 235/309/200 229/310/201 221/311/201
f 251/312/202 245/313/203 246/314/204 252/315/205
f 754/316/206 757/317/207 830/318/208 829/319/209
f 996/320/210 877/321/210 879/322/210 997/323/210
f 833/324/211 834/325/211 771/326/211 768/327/211
f 940/328/212 937/329/213 958/330/214 959/331/215
f 881/332/216 883/333/217 999/334/218 998/335/219
f 842/336/94 843/337/94 724/338/94 722/339/94
f 801/340/220 802/341/220 775/342/220 772/343/220
f 236/344/221 230/345/221 231/346/222 237/347/223
f 1005/348/224 1006/349/224 865/350/224 863/351/224
f 223/352/225 220/353/225 227/354/225
f 250/355/226 244/356/226 243/357/226
f 801/358/227 772/359/227 769/360/227 800/361/227
f 238/362/228 237/363/229 231/364/230 232/365/231
f 249/366/232 248/367/233 257/368/234 258/369/235
f 224/370/236 239/371/236 245/372/236
f 941/373/237 938/374/238 975/375/239 976/376/240
f 726/377/105 879/378/105 877/379/241 724/380/242
f 236/381/243 253/382/243 247/383/244 225/384/245
f 926/385/246 971/386/246 970/387/246 923/388/246
f 920/389/247 969/390/247 968/391/247 917/392/247
f 979/393/248 898/394/248 895/395/248 978/396/248
f 903/397/224 900/398/224 944/399/224 945/400/224
f 730/401/249 883/402/250 881/403/251 728/404/251
f 250/405/252 249/406/252 258/407/253 259/408/253
f 247/409/254 246/410/255 240/411/254 241/412/256
f 226/413/257 238/414/258 232/415/259 261/416/259
f 927/417/246 988/418/246 987/419/246 924/420/246
f 722/421/260 724/422/261 877/423/262 875/424/260
f 728/425/263 881/426/263 879/427/263 726/428/263
f 256/429/264 255/430/265 252/431/266 253/432/267
f 743/433/268 808/434/269 807/435/270 740/436/271
f 747/437/272 791/438/272 790/439/272 744/440/272
f 850/441/273 849/442/274 735/443/274 737/444/275
f 788/445/276 823/446/277 822/447/278 785/448/279
f 748/449/280 751/450/281 828/451/282 827/452/283
f 871/453/284 1009/454/285 1010/455/286 873/456/284
f 881/457/246 998/458/246 997/459/246 879/460/246
f 919/461/247 952/462/247 951/463/247 916/464/247
f 786/465/287 839/466/287 838/467/287 783/468/287
f 875/469/247 877/470/247 996/471/247 995/472/247
f 914/473/288 967/474/289 814/475/290 761/476/291
f 846/477/292 847/478/293 732/479/294 730/480/295
f 793/481/296 753/482/297 756/483/298 794/484/299
f 935/485/300 917/486/301 968/487/302 974/488/303
f 852/489/304 851/490/304 708/491/304 710/492/304
f 893/493/305 941/494/305 976/495/305 960/496/305
f 739/497/306 797/498/307 806/499/308 787/500/309
f 892/501/310 940/502/311 959/503/312 950/504/313
f 787/505/314 806/506/315 805/507/316 784/508/317
f 775/509/318 802/510/319 803/511/320 778/512/321
f 983/513/322 984/514/323 913/515/322 910/516/324
f 903/517/325 945/518/326 946/519/327 906/520/328
f 777/521/329 836/522/330 837/523/331 780/524/332
f 797/525/333 739/526/334 744/527/335 790/528/336
f 845/529/337 846/530/337 730/531/337 728/532/337
f 733/533/338 848/534/338 842/535/339 722/536/340
f 950/537/341 943/538/342 897/539/343 892/540/344
f 847/541/345 1000/542/346 885/543/347 732/544/348
f 779/545/349 820/546/349 973/547/350 932/548/351
f 838/549/352 832/550/352 765/551/353 783/552/354
f 963/553/355 964/554/356 905/555/357 902/556/358
f 946/557/359 947/558/360 909/559/361 906/560/362
f 1007/561/363 1008/562/364 869/563/365 867/564/366
f 760/565/367 913/566/368 984/567/369 831/568/370
f 957/569/371 934/570/371 916/571/372 951/572/373
f 816/573/211 817/574/211 770/575/211 767/576/211
f 843/577/211 844/578/211 726/579/211 724/580/211
f 886/581/374 875/582/375 995/583/376 1001/584/377
f 819/585/378 776/586/378 773/587/378 818/588/378
f 890/589/379 1003/590/380 994/591/381 859/592/382
f 931/593/383 778/594/383 803/595/384 956/596/385
f 977/597/386 894/598/387 942/599/388 993/600/389
f 907/601/390 982/602/391 983/603/392 910/604/393
f 750/605/394 792/606/394 791/607/394 747/608/394
f 782/609/395 821/610/396 815/611/397 764/612/398
f 901/613/399 980/614/399 981/615/400 904/616/399
f 848/617/401 733/618/401 735/619/402 849/620/402
f 999/621/403 883/622/404 885/623/405 1000/624/406
f 716/625/407 869/626/408 871/627/409 718/628/410
f 812/629/411 811/630/412 752/631/411 755/632/413
f 894/633/414 977/634/415 978/635/416 895/636/417
f 746/637/418 809/638/418 808/639/418 743/640/418
f 706/641/419 708/642/420 851/643/421 841/644/422
f 835/645/423 836/646/423 777/647/424 774/648/425
f 915/649/426 912/650/426 948/651/427 949/652/428
f 888/653/429 1002/654/429 1003/655/430 890/656/431
f 733/657/432 722/658/432 875/659/432 886/660/432
f 710/661/433 712/662/433 853/663/433 852/664/433
f 804/665/434 798/666/435 763/667/436 781/668/437
f 726/669/438 844/670/438 845/671/438 728/672/438
f 799/673/94 766/674/94 763/675/94 798/676/94
f 795/677/439 759/678/440 762/679/441 796/680/442
f 796/681/443 762/682/444 915/683/444 949/684/445
f 826/685/446 825/686/447 742/687/447 745/688/447
f 746/689/448 749/690/448 810/691/448 809/692/448
f 714/693/449 854/694/449 853/695/449 712/696/449
f 974/697/450 975/698/450 938/699/451 935/700/452
f 991/701/453 936/702/453 918/703/454 985/704/455
f 745/705/456 748/706/456 827/707/456 826/708/456
f 799/709/211 800/710/211 769/711/211 766/712/211
f 911/713/457 966/714/457 967/715/457 914/716/457
f 755/717/458 758/718/459 813/719/460 812/720/461
f 815/721/94 816/722/94 767/723/94 764/724/94
f 1005/725/248 863/726/248 861/727/248 1004/728/248
f 871/729/462 869/730/462 1008/731/462 1009/732/462
f 899/733/224 962/734/224 963/735/224 902/736/224
f 936/737/463 991/738/463 992/739/464 939/740/465
f 840/741/466 839/742/467 786/743/468 789/744/468
f 720/745/469 873/746/469 1010/747/470 857/748/471
f 824/749/472 840/750/472 789/751/473 741/752/474
f 785/753/475 822/754/476 821/755/477 782/756/478
f 939/757/479 992/758/480 993/759/481 942/760/482
f 1006/761/483 1007/762/483 867/763/483 865/764/483
f 818/765/227 773/766/227 770/767/227 817/768/227
f 920/769/210 923/770/210 970/771/210 969/772/210
f 980/773/224 901/774/224 898/775/224 979/776/224
f 819/777/484 820/778/485 779/779/486 776/780/487
f 1002/781/488 888/782/489 886/783/490 1001/784/491
f 718/785/492 720/786/492 857/787/493 856/788/494
f 805/789/495 804/790/495 781/791/496 784/792/497
f 749/793/498 752/794/499 811/795/500 810/796/501
f 930/797/502 989/798/82 988/799/82 927/800/503
f 922/801/246 925/802/246 954/803/246 953/804/246
f 904/805/504 981/806/505 982/807/506 907/808/507
f 759/809/508 795/810/509 794/811/510 756/812/511
f 792/813/512 750/814/513 753/815/514 793/816/515
f 718/817/516 871/818/517 873/819/518 720/820/518
f 733/821/519 886/822/520 888/823/521 735/824/522
f 740/825/523 807/826/523 823/827/523 788/828/523
f 919/829/210 922/830/210 953/831/210 952/832/210
f 961/833/248 962/834/248 899/835/248 896/836/248
f 987/837/210 986/838/210 921/839/210 924/840/210
f 741/841/524 742/842/525 825/843/526 824/844/527
f 897/845/248 943/846/248 944/847/248 900/848/248
f 972/849/528 929/850/529 932/851/530 973/852/531
f 888/853/532 890/854/533 737/855/534 735/856/532
f 829/857/535 828/858/536 751/859/537 754/860/538
f 830/861/539 757/862/540 760/863/541 831/864/542
f 780/865/543 837/866/544 990/867/545 933/868/546
f 918/869/247 921/870/247 986/871/247 985/872/247
f 905/873/547 964/874/548 965/875/549 908/876/550
f 841/877/551 850/878/552 737/879/553 706/880/554
f 908/881/555 965/882/556 966/883/557 911/884/558
f 954/885/82 925/886/82 928/887/82 955/888/82
f 730/889/559 732/890/560 885/891/560 883/892/561
f 237/893/562 256/894/563 253/895/564 236/896/565
f 806/897/566 738/898/567 736/899/568 805/900/569
f 775/901/570 778/902/570 820/903/571 819/904/571
f 717/905/572 870/906/573 868/907/574 715/908/575
f 893/909/576 977/910/577 993/911/576 941/912/576
f 740/913/578 788/914/578 840/915/578 824/916/578
f 964/917/579 906/918/579 909/919/579 965/920/579
f 812/921/580 813/922/581 759/923/582 756/924/583
f 914/925/584 761/926/585 831/927/586 984/928/587
f 814/929/588 967/930/589 915/931/590 762/932/590
f 768/933/211 771/934/211 844/935/211 843/936/211
f 1009/937/591 910/938/592 913/939/592 1010/940/593
f 777/941/594 780/942/595 847/943/596 846/944/597
f 796/945/598 719/946/599 717/947/599 795/948/600
f 900/949/248 962/950/248 961/951/248 897/952/248
f 939/953/601 1002/954/601 1001/955/602 936/956/603
f 751/957/604 854/958/605 855/959/606 754/960/607
f 958/961/608 957/962/608 887/963/609 889/964/609
f 899/965/248 979/966/248 978/967/248 896/968/248
f 922/969/246 970/970/246 971/971/246 925/972/246
f 809/973/610 747/974/610 744/975/610 808/976/611
f 707/977/612 709/978/613 862/979/614 860/980/615
f 705/981/616 858/982/617 891/983/618 738/984/619
f 956/985/620 803/986/621 731/987/622 884/988/623
f 955/989/624 956/990/625 884/991/626 882/992/627
f 727/993/628 725/994/628 878/995/628 880/996/629
f 894/997/630 994/998/631 1003/999/632 942/1000/633
f 981/1001/634 905/1002/635 908/1003/636 982/1004/637
f 868/1005/638 870/1006/639 948/1007/640 947/1008/641
f 938/1009/642 992/1010/643 991/1011/644 935/1012/645
f 918/1013/247 995/1014/247 996/1015/247 921/1016/247
f 975/1017/646 974/1018/646 934/1019/647 937/1020/648
f 980/1021/649 902/1022/650 905/1023/651 981/1024/652
f 945/1025/224 944/1026/224 862/1027/224 864/1028/224
f 1005/1029/224 898/1030/224 901/1031/224 1006/1032/224
f 723/1033/94 799/1034/94 798/1035/94 721/1036/94
f 736/1037/653 889/1038/653 887/1039/654 734/1040/655
f 811/1041/656 812/1042/657 756/1043/658 753/1044/658
f 870/1045/659 872/1046/659 949/1047/660 948/1048/661
f 951/1049/662 874/1050/662 887/1051/663 957/1052/663
f 923/1053/246 987/1054/246 988/1055/246 926/1056/246
f 721/1057/664 874/1058/664 876/1059/664 723/1060/664
f 711/1061/665 864/1062/666 862/1063/667 709/1064/668
f 731/1065/669 729/1066/670 882/1067/671 884/1068/669
f 942/1069/672 1003/1070/673 1002/1071/674 939/1072/674
f 796/1073/675 949/1074/676 872/1075/677 719/1076/678
f 791/1077/679 709/1078/679 707/1079/679 790/1080/679
f 864/1081/680 866/1082/680 946/1083/681 945/1084/682
f 789/1085/683 786/1086/684 849/1087/685 850/1088/686
f 828/1089/687 829/1090/688 755/1091/689 752/1092/690
f 820/1093/691 778/1094/691 931/1095/691 973/1096/691
f 774/1097/692 845/1098/692 844/1099/692 771/1100/692
f 802/1101/693 729/1102/694 731/1103/695 803/1104/696
f 1000/1105/697 847/1106/697 780/1107/698 933/1108/698
f 972/1109/82 928/1110/82 925/1111/82 971/1112/82
f 745/1113/699 742/1114/699 851/1115/699 852/1116/699
f 784/1117/700 781/1118/700 821/1119/700 822/1120/700
f 709/1121/701 791/1122/701 792/1123/701 711/1124/701
f 928/1125/702 972/1126/703 973/1127/704 931/1128/705
f 711/1129/706 792/1130/707 793/1131/708 713/1132/709
f 892/1133/710 897/1134/711 961/1135/712 960/1136/713
f 846/1137/714 845/1138/715 774/1139/716 777/1140/717
f 836/1141/718 776/1142/719 779/1143/720 837/1144/721
f 797/1145/722 705/1146/723 738/1147/724 806/1148/725
f 790/1149/726 707/1150/727 705/1151/728 797/1152/729
f 982/1153/730 908/1154/731 911/1155/732 983/1156/733
f 966/1157/734 912/1158/735 915/1159/736 967/1160/737
f 989/1161/738 990/1162/739 932/1163/740 929/1164/741
f 813/1165/742 814/1166/743 762/1167/744 759/1168/743
f 750/1169/745 810/1170/746 811/1171/747 753/1172/748
f 734/1173/749 887/1174/750 874/1175/751 721/1176/751
f 960/1177/305 976/1178/305 940/1179/305 892/1180/305
f 715/1181/752 794/1182/753 795/1183/754 717/1184/755
f 766/1185/211 769/1186/211 817/1187/211 816/1188/211
f 969/1189/210 970/1190/210 922/1191/210 919/1192/210
f 876/1193/210 952/1194/210 953/1195/210 878/1196/210
f 989/1197/82 929/1198/82 926/1199/82 988/1200/82
f 826/1201/756 827/1202/756 749/1203/756 746/1204/756
f 825/1205/757 826/1206/757 746/1207/757 743/1208/757
f 767/1209/94 833/1210/94 832/1211/94 764/1212/94
f 909/1213/758 912/1214/759 966/1215/760 965/1216/761
f 760/1217/762 857/1218/763 1010/1219/764 913/1220/762
f 827/1221/765 828/1222/766 752/1223/765 749/1224/765
f 788/1225/767 785/1226/768 839/1227/769 840/1228/769
f 779/1229/770 932/1230/771 990/1231/772 837/1232/773
f 758/1233/774 830/1234/774 831/1235/774 761/1236/775
f 992/1237/776 938/1238/777 941/1239/778 993/1240/777
f 854/1241/449 751/1242/779 748/1243/780 853/1244/449
f 843/1245/94 842/1246/94 765/1247/94 768/1248/94
f 800/1249/227 725/1250/227 727/1251/227 801/1252/227
f 809/1253/781 810/1254/781 750/1255/781 747/1256/781
f 856/1257/782 757/1258/782 754/1259/782 855/1260/782
f 736/1261/783 734/1262/783 804/1263/784 805/1264/785
f 903/1265/786 906/1266/787 964/1267/788 963/1268/789
f 765/1269/790 842/1270/790 848/1271/791 783/1272/792
f 866/1273/793 868/1274/794 947/1275/795 946/1276/796
f 994/1277/797 894/1278/798 895/1279/799 1004/1280/800
f 775/1281/801 819/1282/801 818/1283/801 772/1284/801
f 976/1285/802 975/1286/803 937/1287/804 940/1288/805
f 977/1289/806 893/1290/807 896/1291/808 978/1292/809
f 930/1293/810 999/1294/811 1000/1295/812 933/1296/813
f 821/1297/814 781/1298/815 763/1299/816 815/1300/817
f 776/1301/818 836/1302/818 835/1303/818 773/1304/818
f 987/1305/210 923/1306/210 920/1307/210 986/1308/210
f 974/1309/819 968/1310/820 916/1311/821 934/1312/822
f 1009/1313/462 1008/1314/462 907/1315/462 910/1316/462
f 852/1317/823 853/1318/823 748/1319/823 745/1320/823
f 829/1321/824 830/1322/825 758/1323/826 755/1324/827
f 729/1325/828 727/1326/829 880/1327/830 882/1328/831
f 889/1329/832 891/1330/833 959/1331/834 958/1332/835
f 727/1333/836 729/1334/837 802/1335/836 801/1336/836
f 723/1337/211 725/1338/211 800/1339/211 799/1340/211
f 794/1341/838 715/1342/839 713/1343/840 793/1344/841
f 904/1345/842 907/1346/843 1008/1347/844 1007/1348/845
f 782/1349/846 764/1350/846 832/1351/847 838/1352/848
f 787/1353/849 823/1354/523 807/1355/523 739/1356/850
f 998/1357/851 999/1358/852 930/1359/853 927/1360/854
f 950/1361/855 959/1362/856 891/1363/857 858/1364/858
f 760/1365/859 757/1366/859 856/1367/860 857/1368/861
f 739/1369/862 807/1370/863 808/1371/864 744/1372/865
f 783/1373/866 848/1374/866 849/1375/867 786/1376/867
f 953/1377/246 954/1378/246 880/1379/246 878/1380/246
f 955/1381/82 882/1382/82 880/1383/82 954/1384/82
f 998/1385/246 927/1386/246 924/1387/246 997/1388/246
f 834/1389/211 833/1390/211 767/1391/211 770/1392/211
f 1001/1393/868 995/1394/868 918/1395/869 936/1396/869
f 763/1397/94 766/1398/94 816/1399/94 815/1400/94
f 858/1401/870 860/1402/871 943/1403/872 950/1404/873
f 798/1405/874 804/1406/875 734/1407/876 721/1408/877
f 951/1409/247 952/1410/247 876/1411/247 874/1412/247
f 841/1413/878 851/1414/879 742/1415/880 741/1416/881
f 866/1417/882 713/1418/883 715/1419/884 868/1420/885
f 824/1421/886 825/1422/887 743/1423/888 740/1424/889
f 935/1425/890 991/1426/891 985/1427/892 917/1428/893
f 969/1429/247 919/1430/247 916/1431/247 968/1432/247
f 986/1433/247 920/1434/247 917/1435/247 985/1436/247
f 785/1437/894 782/1438/894 838/1439/894 839/1440/894
f 898/1441/248 1005/1442/248 1004/1443/248 895/1444/248
f 823/1445/895 787/1446/896 784/1447/897 822/1448/898
f 834/1449/227 770/1450/227 773/1451/227 835/1452/227
f 996/1453/210 997/1454/210 924/1455/210 921/1456/210
f 862/1457/248 944/1458/248 943/1459/248 860/1460/248
f 903/1461/224 963/1462/224 962/1463/224 900/1464/224
f 713/1465/899 866/1466/900 864/1467/901 711/1468/902
f 911/1469/903 914/1470/904 984/1471/903 983/1472/905
f 741/1473/906 789/1474/907 850/1475/908 841/1476/909
f 901/1477/483 904/1478/483 1007/1479/483 1006/1480/483
f 707/1481/910 860/1482/911 858/1483/912 705/1484/913
f 717/1485/914 719/1486/915 872/1487/915 870/1488/916
f 725/1489/628 723/1490/917 876/1491/628 878/1492/628
f 889/1493/918 736/1494/918 738/1495/919 891/1496/920
f 772/1497/227 818/1498/227 817/1499/227 769/1500/227
f 902/1501/224 980/1502/224 979/1503/224 899/1504/224
f 285/1505/921 279/1506/921 314/1507/922 284/1508/922
f 287/1509/923 281/1510/923 282/1511/924 288/1512/925
f 286/1513/926 274/1514/926 263/1515/927 280/1516/927
f 289/1517/928 273/1518/928 274/1519/929 286/1520/930
f 284/1521/931 283/1522/931 292/1523/932 293/1524/933
f 263/1525/934 220/1526/934 242/1527/935 280/1528/935
f 269/1529/936 275/1530/937 264/1531/938 261/1532/938
f 286/1533/939 280/1534/940 281/1535/941 287/1536/941
f 262/1537/942 272/1538/942 292/1539/943 283/1540/943
f 290/1541/944 289/1542/945 286/1543/946 287/1544/946
f 266/1545/947 272/1546/947 262/1547/947
f 279/1548/948 285/1549/948 265/1550/948
f 244/1551/949 261/1552/949 264/1553/949
f 263/1554/950 268/1555/950 220/1556/950
f 285/1557/951 294/1558/951 277/1559/952 265/1560/952
f 292/1561/953 272/1562/953 273/1563/954 289/1564/954
f 272/1565/955 266/1566/955 267/1567/956 273/1568/957
f 285/1569/958 284/1570/958 293/1571/959 294/1572/959
f 283/1573/960 284/1574/960 314/1575/961 278/1576/961
f 265/1577/962 271/1578/963 296/1579/964
f 266/1580/965 262/1581/965 260/1582/965
f 279/1583/966 265/1584/966 296/1585/966
f 280/1586/967 242/1587/967 243/1588/968 281/1589/968
f 244/1590/969 264/1591/969 282/1592/969
f 274/1593/970 273/1594/971 267/1595/972 268/1596/973
f 276/1597/974 277/1598/974 294/1599/975 291/1600/976
f 263/1601/977 274/1602/977 268/1603/977
f 265/1604/978 277/1605/979 271/1606/980
f 262/1607/981 283/1608/981 278/1609/982 260/1610/982
f 275/1611/983 269/1612/983 270/1613/984 276/1614/984
f 277/1615/985 276/1616/985 270/1617/986 271/1618/987
f 288/1619/988 282/1620/988 264/1621/989 275/1622/990
f 290/1623/991 287/1624/991 288/1625/992 291/1626/992
f 282/1627/993 281/1628/993 243/1629/994 244/1630/995
f 293/1631/996 290/1632/997 291/1633/998 294/1634/999
f 275/1635/1000 276/1636/1000 291/1637/1001 288/1638/1002
f 289/1639/1003 290/1640/1004 293/1641/1005 292/1642/1006
f 148/1643/1007 190/1644/1008 191/1645/1009 160/1646/1010
f 337/1647/1011 338/1648/1011 339/1649/1011
f 511/1650/1012 509/1651/1012 432/1652/1012 434/1653/1012
f 2/1654/1013 341/1655/1013 340/1656/1013
f 58/1657/1014 59/1658/1015 65/1659/1016 64/1660/1017
f 34/1661/1018 68/1662/1018 35/1663/1018
f 26/1664/1019 50/1665/1019 42/1666/1019
f 55/1667/1020 344/1668/1020 345/1669/1020
f 101/1670/1021 38/1671/1021 132/1672/1021
f 470/1673/1022 471/1674/1022 456/1675/1022 457/1676/1022
f 177/1677/1023 176/1678/1024 175/1679/1025 174/1680/1026
f 15/1681/1027 39/1682/1027 47/1683/1027
f 97/1684/1028 65/1685/1029 127/1686/1030
f 16/1687/1031 41/1688/1031 49/1689/1031
f 89/1690/1032 60/1691/1032 119/1692/1032
f 94/1693/1033 42/1694/1033 124/1695/1033
f 35/1696/1034 104/1697/1035 74/1698/1036 6/1699/1037
f 9/1700/1038 51/1701/1038 17/1702/1038
f 405/1703/1039 394/1704/1039 383/1705/1039 384/1706/1039
f 87/1707/1040 58/1708/1040 117/1709/1040
f 671/1710/1041 666/1711/1041 665/1712/1041 670/1713/1041
f 10/1714/1042 53/1715/1042 18/1716/1042
f 343/1717/1043 112/1718/1043 55/1719/1043
f 85/1720/1044 56/1721/1044 115/1722/1044
f 510/1723/1039 508/1724/1039 509/1725/1039 511/1726/1039
f 32/1727/1045 40/1728/1045 30/1729/1045
f 83/1730/1046 54/1731/1046 133/1732/1046
f 54/1733/1047 55/1734/1047 68/1735/1047
f 580/1736/1048 581/1737/1049 587/1738/1050 586/1739/1051
f 1/1740/1052 72/1741/1052 75/1742/1053 5/1743/1053
f 573/1744/1054 574/1745/1055 579/1746/1056 578/1747/1057
f 494/1748/1039 507/1749/1039 430/1750/1039 417/1751/1039
f 605/1752/1058 595/1753/1058 672/1754/1058 671/1755/1058
f 495/1756/1039 506/1757/1039 507/1758/1039 494/1759/1039
f 36/1760/1059 46/1761/1060 38/1762/1061
f 12/1763/1062 59/1764/1063 58/1765/1063
f 90/1766/1064 44/1767/1064 120/1768/1064
f 104/1769/1065 68/1770/1066 135/1771/1067
f 104/1772/1068 135/1773/1069 134/1774/1070 103/1775/1071
f 76/1776/1032 53/1777/1032 105/1778/1032
f 25/1779/1072 62/1780/1072 63/1781/1072
f 98/1782/1073 40/1783/1073 128/1784/1073
f 24/1785/1074 44/1786/1074 22/1787/1074
f 80/1788/1075 49/1789/1075 109/1790/1075
f 33/1791/1076 66/1792/1076 67/1793/1076
f 485/1794/1077 369/1795/1077 432/1796/1078 509/1797/1078
f 100/1798/1079 131/1799/1079 130/1800/1079
f 110/1801/1080 57/1802/1080 21/1803/1080
f 99/1804/1081 66/1805/1081 31/1806/1081
f 184/1807/1082 183/1808/1082 151/1809/1083 152/1810/1083
f 96/1811/1084 97/1812/1085 127/1813/1086 126/1814/1087
f 77/1815/1042 61/1816/1042 19/1817/1042
f 92/1818/1088 52/1819/1088 24/1820/1088
f 103/1821/1089 46/1822/1089 37/1823/1089
f 151/1824/1090 175/1825/1091 176/1826/1092 153/1827/1093
f 91/1828/1094 62/1829/1094 23/1830/1094
f 423/1831/1095 500/1832/1095 514/1833/1095 437/1834/1095
f 565/1835/1096 570/1836/1096 559/1837/1097 560/1838/1098
f 442/1839/1099 522/1840/1099 521/1841/1099 441/1842/1099
f 207/1843/1100 205/1844/1100 210/1845/1101 211/1846/1101
f 82/1847/1102 39/1848/1102 7/1849/1102
f 613/1850/1103 636/1851/1103 635/1852/1103 623/1853/1103
f 70/1854/1021 338/1855/1021 335/1856/1021 3/1857/1021
f 84/1858/1104 41/1859/1104 8/1860/1104
f 86/1861/1105 43/1862/1106 9/1863/1107
f 676/1864/1108 535/1865/1108 533/1866/1108 675/1867/1108
f 95/1868/1109 64/1869/1109 27/1870/1109
f 88/1871/1042 45/1872/1042 10/1873/1042
f 665/1874/1110 666/1875/1110 606/1876/1110 604/1877/1110
f 96/1878/1111 50/1879/1111 28/1880/1111
f 585/1881/1112 584/1882/1113 578/1883/1114 579/1884/1115
f 482/1885/1116 506/1886/1117 429/1887/1118 366/1888/1119
f 667/1889/1120 668/1890/1120 663/1891/1120 662/1892/1120
f 336/1893/1121 76/1894/1121 77/1895/1121
f 69/1896/1021 73/1897/1021 336/1898/1021
f 102/1899/1122 54/1900/1122 34/1901/1122
f 3/1902/1095 334/1903/1095 333/1904/1095
f 634/1905/1123 635/1906/1123 630/1907/1123 629/1908/1123
f 41/1909/1124 40/1910/1124 48/1911/1124 49/1912/1124
f 480/1913/1125 504/1914/1125 427/1915/1126 364/1916/1126
f 59/1917/1127 108/1918/1127 127/1919/1128 65/1920/1128
f 137/1921/1129 169/1922/1130 171/1923/1131 142/1924/1132
f 27/1925/1133 64/1926/1134 65/1927/1135 29/1928/1136
f 143/1929/1137 172/1930/1138 175/1931/1139
f 184/1932/1140 185/1933/1140 165/1934/1140
f 187/1935/1141 186/1936/1141 139/1937/1141
f 140/1938/1142 188/1939/1142 189/1940/1142
f 147/1941/1143 182/1942/1144 183/1943/1145
f 146/1944/1146 181/1945/1146 182/1946/1146
f 144/1947/1147 193/1948/1147 194/1949/1147
f 141/1950/1148 187/1951/1148 188/1952/1148
f 148/1953/1149 150/1954/1149 149/1955/1149
f 151/1956/1150 153/1957/1150 152/1958/1150
f 154/1959/1151 156/1960/1151 155/1961/1151
f 157/1962/1152 159/1963/1152 158/1964/1152
f 195/1965/1153 196/1966/1153 159/1967/1153
f 652/1968/1154 659/1969/1154 660/1970/1154 653/1971/1154
f 353/1972/1095 403/1973/1095 387/1974/1095 348/1975/1095
f 141/1976/1155 140/1977/1155 173/1978/1155
f 170/1979/1156 173/1980/1156 172/1981/1156
f 173/1982/1157 140/1983/1157 149/1984/1157
f 142/1985/1158 143/1986/1158 182/1987/1158
f 139/1988/1159 192/1989/1159 193/1990/1160 144/1991/1161
f 145/1992/1162 157/1993/1162 189/1994/1162
f 141/1995/1163 136/1996/1163 186/1997/1163
f 202/1998/1164 147/1999/1164 154/2000/1164
f 143/2001/1165 175/2002/1165 151/2003/1165
f 187/2004/1166 139/2005/1166 144/2006/1166
f 165/2007/1167 164/2008/1168 155/2009/1169 156/2010/1170
f 140/2011/1171 189/2012/1171 149/2013/1171
f 147/2014/1172 183/2015/1172 154/2016/1172
f 146/2017/1173 182/2018/1173 147/2019/1173
f 144/2020/1174 194/2021/1174 145/2022/1174
f 141/2023/1175 188/2024/1175 140/2025/1175
f 367/2026/1099 371/2027/1099 468/2028/1099 466/2029/1099
f 183/2030/1176 156/2031/1176 154/2032/1176
f 195/2033/1177 159/2034/1177 157/2035/1177
f 141/2036/1178 173/2037/1178 170/2038/1178
f 170/2039/1179 172/2040/1179 171/2041/1179
f 173/2042/1180 149/2043/1180 174/2044/1180
f 142/2045/1181 182/2046/1181 181/2047/1181
f 519/2048/1095 350/2049/1095 410/2050/1095 414/2051/1095
f 162/2052/1182 152/2053/1182 153/2054/1183 163/2055/1183
f 145/2056/1184 189/2057/1184 188/2058/1184
f 141/2059/1185 186/2060/1185 187/2061/1185
f 500/2062/1095 501/2063/1095 515/2064/1095 514/2065/1095
f 174/2066/1186 175/2067/1187 172/2068/1188 173/2069/1189
f 589/2070/1190 594/2071/1191 587/2072/1192 588/2073/1193
f 516/2074/1194 517/2075/1195 493/2076/1196 492/2077/1197
f 93/2078/1198 92/2079/1199 78/2080/1200 79/2081/1201
f 503/2082/1202 502/2083/1203 478/2084/1204 479/2085/1205
f 343/2086/1206 33/2087/1206 131/2088/1207 112/2089/1208
f 78/2090/1209 17/2091/1210 51/2092/1211 107/2093/1211
f 155/2094/1212 199/2095/1213 202/2096/1214 154/2097/1214
f 138/2098/1215 180/2099/1216 181/2100/1217 146/2101/1218
f 335/2102/1121 338/2103/1121 77/2104/1121 19/2105/1121
f 381/2106/1039 382/2107/1039 401/2108/1039 404/2109/1039
f 466/2110/1219 467/2111/1220 523/2112/1221 522/2113/1222
f 11/2114/1095 3/2115/1095 333/2116/1095 19/2117/1095
f 427/2118/1095 504/2119/1095 512/2120/1095 435/2121/1095
f 185/2122/1223 184/2123/1223 152/2124/1224 162/2125/1224
f 463/2126/1225 458/2127/1225 459/2128/1225 462/2129/1225
f 450/2130/1226 445/2131/1226 446/2132/1226 449/2133/1226
f 190/2134/1227 158/2135/1228 166/2136/1229 191/2137/1229
f 477/2138/1230 476/2139/1231 460/2140/1225 461/2141/1232
f 379/2142/1039 380/2143/1039 406/2144/1039 416/2145/1039
f 460/2146/1233 476/2147/1234 375/2148/1235 353/2149/1236
f 183/2150/1237 182/2151/1238 143/2152/1239 151/2153/1239
f 93/2154/1240 123/2155/1241 122/2156/1242 92/2157/1243
f 196/2158/1244 199/2159/1245 203/2160/1245 197/2161/1246
f 213/2162/1247 215/2163/1247 206/2164/1247 204/2165/1247
f 207/2166/1248 217/2167/1249 216/2168/1250 205/2169/1251
f 593/2170/1252 592/2171/1253 585/2172/1254 586/2173/1255
f 218/2174/1256 219/2175/1257 211/2176/1256 210/2177/1258
f 651/2178/1259 650/2179/1260 657/2180/1261 658/2181/1262
f 374/2182/1095 490/2183/1095 480/2184/1095 364/2185/1095
f 490/2186/1095 491/2187/1095 481/2188/1095 480/2189/1095
f 74/2190/1263 75/2191/1263 72/2192/1264 71/2193/1264
f 203/2194/1265 199/2195/1265 155/2196/1266 164/2197/1266
f 100/2198/1267 130/2199/1267 48/2200/1268 32/2201/1268
f 137/2202/1269 142/2203/1270 181/2204/1271 180/2205/1271
f 177/2206/1272 178/2207/1273 179/2208/1274 176/2209/1274
f 31/2210/1275 33/2211/1275 345/2212/1275 14/2213/1275
f 536/2214/1276 534/2215/1276 530/2216/1276 538/2217/1276
f 518/2218/1099 455/2219/1099 525/2220/1099 350/2221/1099
f 361/2222/1277 375/2223/1277 438/2224/1277 424/2225/1277
f 1/2226/1039 5/2227/1039 37/2228/1039 36/2229/1039
f 4/2230/1278 34/2231/1279 35/2232/1280 6/2233/1281
f 435/2234/1282 372/2235/1282 364/2236/1282 427/2237/1282
f 484/2238/1283 508/2239/1283 431/2240/1284 368/2241/1284
f 580/2242/1285 575/2243/1285 576/2244/1286 581/2245/1286
f 486/2246/1287 370/2247/1288 433/2248/1289 510/2249/1290
f 575/2250/1291 545/2251/1291 546/2252/1291 576/2253/1291
f 142/2254/1292 171/2255/1292 172/2256/1293 143/2257/1293
f 106/2258/1032 77/2259/1032 76/2260/1032 105/2261/1032
f 130/2262/1294 131/2263/1294 110/2264/1295 109/2265/1296
f 573/2266/1297 572/2267/1298 542/2268/1299 543/2269/1299
f 168/2270/1300 170/2271/1301 171/2272/1302 169/2273/1303
f 136/2274/1304 141/2275/1305 170/2276/1306 168/2277/1307
f 195/2278/1308 194/2279/1308 198/2280/1309 202/2281/1309
f 491/2282/1310 375/2283/1310 365/2284/1310 481/2285/1310
f 150/2286/1311 177/2287/1312 174/2288/1313 149/2289/1314
f 61/2290/1042 60/2291/1042 11/2292/1042 19/2293/1042
f 159/2294/1315 196/2295/1316 197/2296/1317 167/2297/1318
f 352/2298/1095 402/2299/1095 408/2300/1095 415/2301/1095
f 187/2302/1319 144/2303/1320 145/2304/1321 188/2305/1322
f 650/2306/1323 649/2307/1324 656/2308/1324 657/2309/1324
f 333/2310/1325 334/2311/1325 335/2312/1325
f 337/2313/1326 339/2314/1326 336/2315/1326
f 340/2316/1327 341/2317/1327 342/2318/1327
f 340/2319/1121 18/2320/1121 76/2321/1121
f 55/2322/1328 345/2323/1328 343/2324/1328
f 504/2325/1095 505/2326/1095 513/2327/1095 512/2328/1095
f 630/2329/1329 624/2330/1329 622/2331/1329 629/2332/1329
f 73/2333/1021 69/2334/1021 340/2335/1021
f 69/2336/1021 2/2337/1021 340/2338/1021
f 390/2339/1039 349/2340/1039 412/2341/1039 413/2342/1039
f 346/2343/1039 389/2344/1039 411/2345/1039 378/2346/1039
f 34/2347/1330 54/2348/1330 68/2349/1330
f 26/2350/1331 28/2351/1331 50/2352/1331
f 101/2353/1021 36/2354/1332 38/2355/1021
f 341/2356/1039 2/2357/1039 342/2358/1039
f 612/2359/1299 611/2360/1299 641/2361/1333 642/2362/1334
f 677/2363/1335 683/2364/1335 684/2365/1335 678/2366/1335
f 437/2367/1336 514/2368/1336 490/2369/1337 374/2370/1338
f 15/2371/1339 7/2372/1339 39/2373/1339
f 97/2374/1340 29/2375/1340 65/2376/1340
f 16/2377/1341 8/2378/1341 41/2379/1341
f 89/2380/1032 11/2381/1032 60/2382/1032
f 94/2383/1342 26/2384/1342 42/2385/1342
f 678/2386/1343 673/2387/1343 529/2388/1343 539/2389/1343
f 9/2390/1344 43/2391/1345 51/2392/1346
f 467/2393/1099 469/2394/1099 372/2395/1099 362/2396/1099
f 87/2397/1347 12/2398/1348 58/2399/1347
f 10/2400/1042 45/2401/1042 53/2402/1042
f 85/2403/1349 13/2404/1349 56/2405/1349
f 651/2406/1350 645/2407/1350 644/2408/1350 650/2409/1350
f 167/2410/1351 166/2411/1351 158/2412/1351 159/2413/1351
f 32/2414/1352 48/2415/1352 40/2416/1352
f 83/2417/1353 14/2418/1353 54/2419/1353
f 421/2420/1277 426/2421/1277 363/2422/1277 358/2423/1277
f 623/2424/1354 635/2425/1354 634/2426/1354 621/2427/1354
f 591/2428/1355 584/2429/1356 585/2430/1357 592/2431/1358
f 666/2432/1359 661/2433/1359 596/2434/1359 606/2435/1359
f 480/2436/1360 481/2437/1360 505/2438/1361 504/2439/1361
f 349/2440/1226 390/2441/1226 457/2442/1226 452/2443/1226
f 632/2444/1362 631/2445/1362 615/2446/1362 617/2447/1362
f 550/2448/1363 552/2449/1363 561/2450/1363 560/2451/1363
f 557/2452/1364 555/2453/1364 568/2454/1365 569/2455/1366
f 547/2456/1367 557/2457/1367 569/2458/1367 570/2459/1367
f 392/2460/1368 400/2461/1368 373/2462/1368 365/2463/1368
f 377/2464/1226 357/2465/1226 381/2466/1226 404/2467/1226
f 36/2468/1369 37/2469/1370 46/2470/1371
f 12/2471/1372 20/2472/1372 59/2473/1372
f 90/2474/1373 22/2475/1373 44/2476/1373
f 104/2477/1374 35/2478/1375 68/2479/1376
f 76/2480/1042 18/2481/1042 53/2482/1042
f 25/2483/1377 23/2484/1377 62/2485/1377
f 98/2486/1378 30/2487/1378 40/2488/1378
f 24/2489/1379 52/2490/1379 44/2491/1379
f 80/2492/1380 16/2493/1380 49/2494/1380
f 131/2495/1381 33/2496/1381 67/2497/1381
f 33/2498/1382 31/2499/1382 66/2500/1382
f 80/2501/1383 109/2502/1383 110/2503/1383
f 99/2504/1384 129/2505/1384 66/2506/1384
f 77/2507/1032 106/2508/1032 61/2509/1032
f 92/2510/1385 122/2511/1386 52/2512/1387
f 103/2513/1388 134/2514/1389 46/2515/1390
f 91/2516/1021 121/2517/1021 62/2518/1021
f 386/2519/1226 409/2520/1226 362/2521/1226 359/2522/1226
f 428/2523/1277 365/2524/1277 373/2525/1277 436/2526/1277
f 638/2527/1391 643/2528/1392 644/2529/1392 639/2530/1393
f 82/2531/1394 113/2532/1394 39/2533/1394
f 84/2534/1395 114/2535/1395 41/2536/1395
f 364/2537/1226 372/2538/1226 414/2539/1226 410/2540/1226
f 86/2541/1396 116/2542/1396 43/2543/1396
f 95/2544/1397 125/2545/1397 64/2546/1397
f 88/2547/1032 118/2548/1032 45/2549/1032
f 114/2550/1398 128/2551/1399 40/2552/1400 41/2553/1401
f 96/2554/1402 126/2555/1402 50/2556/1402
f 115/2557/1403 56/2558/1403 66/2559/1404 129/2560/1405
f 344/2561/1406 14/2562/1406 345/2563/1406
f 425/2564/1282 422/2565/1282 359/2566/1282 362/2567/1282
f 32/2568/1407 15/2569/1407 81/2570/1408 100/2571/1408
f 77/2572/1121 337/2573/1121 336/2574/1121
f 336/2575/1121 73/2576/1121 76/2577/1121
f 19/2578/1121 333/2579/1121 335/2580/1121
f 338/2581/1121 337/2582/1121 77/2583/1121
f 339/2584/1021 70/2585/1021 336/2586/1021
f 70/2587/1021 69/2588/1021 336/2589/1021
f 102/2590/1409 133/2591/1409 54/2592/1409
f 439/2593/1039 419/2594/1039 496/2595/1039 516/2596/1039
f 334/2597/1021 3/2598/1021 335/2599/1021
f 70/2600/1021 339/2601/1021 338/2602/1021
f 647/2603/1410 648/2604/1411 637/2605/1412 642/2606/1412
f 81/2607/1413 15/2608/1414 47/2609/1415 111/2610/1416
f 595/2611/1417 597/2612/1417 667/2613/1417 672/2614/1417
f 486/2615/1418 510/2616/1419 511/2617/1420 487/2618/1421
f 447/2619/1226 460/2620/1226 353/2621/1226 348/2622/1226
f 639/2623/1422 609/2624/1291 608/2625/1291 638/2626/1423
f 198/2627/1424 201/2628/1425 146/2629/1426
f 491/2630/1427 515/2631/1427 438/2632/1428 375/2633/1429
f 704/2634/105 702/2635/105 701/2636/105 703/2637/105
f 363/2638/1430 473/2639/1431 449/2640/1432 388/2641/1433
f 483/2642/1434 367/2643/1434 430/2644/1435 507/2645/1435
f 434/2646/1436 432/2647/1436 369/2648/1436 371/2649/1436
f 4/2650/1437 6/2651/1438 74/2652/1439 71/2653/1439
f 472/2654/1440 450/2655/1440 449/2656/1441 473/2657/1442
f 403/2658/1443 375/2659/1443 361/2660/1443 387/2661/1443
f 576/2662/1444 546/2663/1444 541/2664/1444 571/2665/1444
f 78/2666/1445 107/2667/1446 108/2668/1447 79/2669/1448
f 487/2670/1449 511/2671/1450 434/2672/1451 371/2673/1451
f 440/2674/1436 420/2675/1436 357/2676/1436 377/2677/1436
f 370/2678/1452 368/2679/1452 431/2680/1452 433/2681/1452
f 342/2682/1039 2/2683/1039 10/2684/1039 18/2685/1039
f 76/2686/1121 73/2687/1121 340/2688/1121
f 340/2689/1121 342/2690/1121 18/2691/1121
f 345/2692/1453 33/2693/1453 343/2694/1453
f 415/2695/1226 408/2696/1226 360/2697/1226 374/2698/1226
f 81/2699/1454 111/2700/1455 112/2701/1456
f 363/2702/1457 388/2703/1457 391/2704/1457
f 459/2705/1099 465/2706/1099 369/2707/1099 377/2708/1099
f 11/2709/1458 89/2710/1458 70/2711/1458 3/2712/1458
f 150/2713/1459 161/2714/1460 178/2715/1461 177/2716/1462
f 520/2717/1463 518/2718/1463 519/2719/1463
f 190/2720/1464 189/2721/1464 157/2722/1465 158/2723/1466
f 463/2724/1225 374/2725/1225 458/2726/1225
f 366/2727/1039 370/2728/1039 486/2729/1039 482/2730/1039
f 398/2731/1467 373/2732/1467 400/2733/1467
f 370/2734/1022 390/2735/1022 413/2736/1022
f 572/2737/1468 571/2738/1468 541/2739/1468 542/2740/1468
f 392/2741/1095 393/2742/1095 398/2743/1095 400/2744/1095
f 350/2745/1099 519/2746/1099 518/2747/1099
f 386/2748/1095 385/2749/1095 351/2750/1095 409/2751/1095
f 148/2752/1469 149/2753/1470 189/2754/1470 190/2755/1470
f 365/2756/1471 393/2757/1471 392/2758/1471
f 374/2759/1472 352/2760/1472 415/2761/1472
f 374/2762/1099 364/2763/1099 464/2764/1099 458/2765/1099
f 465/2766/1099 459/2767/1099 458/2768/1099 464/2769/1099
f 351/2770/1473 362/2771/1474 409/2772/1440
f 376/2773/1225 379/2774/1225 416/2775/1225
f 367/2776/1475 383/2777/1475 394/2778/1475
f 369/2779/1476 396/2780/1476 395/2781/1476
f 350/2782/1477 364/2783/1477 410/2784/1477
f 456/2785/1226 451/2786/1226 452/2787/1226 457/2788/1226
f 353/2789/1478 375/2790/1478 403/2791/1478
f 389/2792/1440 366/2793/1440 411/2794/1440
f 401/2795/1479 377/2796/1479 404/2797/1479
f 349/2798/1476 368/2799/1476 412/2800/1476
f 397/2801/1022 371/2802/1022 399/2803/1022
f 505/2804/1095 428/2805/1095 436/2806/1095 513/2807/1095
f 601/2808/1480 669/2809/1480 668/2810/1480 599/2811/1480
f 503/2812/1095 426/2813/1095 421/2814/1095 498/2815/1095
f 192/2816/1481 200/2817/1482 201/2818/1483 193/2819/1484
f 112/2820/1485 135/2821/1486 68/2822/1487 55/2823/1488
f 493/2824/1489 517/2825/1490 440/2826/1491 377/2827/1492
f 419/2828/1452 439/2829/1452 376/2830/1452 356/2831/1452
f 394/2832/1226 405/2833/1226 354/2834/1226 367/2835/1226
f 579/2836/1493 580/2837/1494 586/2838/1495 585/2839/1496
f 380/2840/1226 379/2841/1226 461/2842/1226 448/2843/1226
f 464/2844/1497 527/2845/1497 465/2846/1497
f 522/2847/1498 367/2848/1475 466/2849/1499
f 413/2850/1099 412/2851/1099 368/2852/1099 370/2853/1099
f 454/2854/1500 371/2855/1022 397/2856/1022
f 457/2857/1022 370/2858/1022 470/2859/1022
f 370/2860/1226 366/2861/1226 472/2862/1226 470/2863/1226
f 450/2864/1440 366/2865/1440 389/2866/1440
f 451/2867/1501 365/2868/1502 474/2869/1502
f 700/2870/628 699/2871/628 697/2872/628 698/2873/628
f 376/2874/1225 461/2875/1503 379/2876/1225
f 93/2877/1504 25/2878/1505 63/2879/1506 123/2880/1507
f 475/2881/1226 477/2882/1226 376/2883/1226 368/2884/1226
f 368/2885/1476 452/2886/1476 475/2887/1476
f 439/2888/1336 516/2889/1508 492/2890/1509 376/2891/1337
f 471/2892/1510 473/2893/1511 363/2894/1512 373/2895/1512
f 470/2896/1226 472/2897/1226 473/2898/1513 471/2899/1514
f 373/2900/1515 456/2901/1515 471/2902/1515
f 508/2903/1516 484/2904/1516 485/2905/1517 509/2906/1518
f 372/2907/1519 520/2908/1519 414/2909/1519
f 371/2910/1226 369/2911/1226 395/2912/1226 399/2913/1226
f 466/2914/1099 468/2915/1099 469/2916/1099 467/2917/1099
f 521/2918/1520 522/2919/1520 523/2920/1520
f 369/2921/1521 453/2922/1521 396/2923/1521
f 525/2924/1477 464/2925/1522 364/2926/1477
f 377/2927/1225 462/2928/1225 459/2929/1225
f 453/2930/1099 455/2931/1099 454/2932/1099
f 389/2933/1226 346/2934/1226 445/2935/1226 450/2936/1226
f 524/2937/1523 351/2938/1523 385/2939/1523
f 701/2940/1524 702/2941/1524 698/2942/1524 697/2943/1524
f 429/2944/1452 418/2945/1452 355/2946/1452 366/2947/1452
f 698/2948/1276 702/2949/1276 704/2950/1276 700/2951/1276
f 208/2952/1525 204/2953/1525 206/2954/1525 209/2955/1525
f 558/2956/1526 564/2957/1526 563/2958/1526 556/2959/1526
f 344/2960/1527 55/2961/1527 54/2962/1528 14/2963/1528
f 153/2964/1529 176/2965/1530 179/2966/1530 163/2967/1529
f 583/2968/1531 590/2969/1532 589/2970/1533 588/2971/1534
f 428/2972/1535 505/2973/1535 481/2974/1536 365/2975/1536
f 165/2976/1537 156/2977/1538 183/2978/1539 184/2979/1540
f 455/2980/1541 518/2981/1519 372/2982/1519 469/2983/1542
f 138/2984/1543 146/2985/1544 201/2986/1545 200/2987/1546
f 516/2988/1039 496/2989/1039 497/2990/1039 517/2991/1039
f 517/2992/1039 497/2993/1039 420/2994/1039 440/2995/1039
f 145/2996/1547 194/2997/1547 195/2998/1548 157/2999/1549
f 602/3000/1276 604/3001/1276 596/3002/1276 600/3003/1276
f 418/3004/1039 429/3005/1039 506/3006/1039 495/3007/1039
f 425/3008/1095 502/3009/1095 499/3010/1095 422/3011/1095
f 583/3012/1550 577/3013/1551 578/3014/1552 584/3015/1553
f 489/3016/1554 488/3017/1555 512/3018/1556 513/3019/1557
f 488/3020/1558 372/3021/1559 435/3022/1560 512/3023/1561
f 489/3024/1310 373/3025/1310 363/3026/1310 479/3027/1310
f 372/3028/1095 488/3029/1095 478/3030/1095 362/3031/1095
f 482/3032/1039 486/3033/1039 487/3034/1039 483/3035/1039
f 484/3036/1039 492/3037/1039 493/3038/1039 485/3039/1039
f 368/3040/1039 376/3041/1039 492/3042/1039 484/3043/1039
f 485/3044/1039 493/3045/1039 377/3046/1039 369/3047/1039
f 521/3048/1562 523/3049/1562 524/3050/1562
f 524/3051/1563 523/3052/1564 467/3053/1565
f 491/3054/1566 490/3055/1566 514/3056/1567 515/3057/1567
f 681/3058/1568 682/3059/1568 676/3060/1568 675/3061/1568
f 518/3062/1519 520/3063/1519 372/3064/1519
f 463/3065/1569 352/3066/1569 374/3067/1569
f 650/3068/1570 644/3069/1571 643/3070/1571 649/3071/1572
f 56/3072/1573 57/3073/1574 67/3074/1575 66/3075/1576
f 609/3076/1577 611/3077/1577 612/3078/1577 608/3079/1577
f 525/3080/1477 364/3081/1477 350/3082/1477
f 465/3083/1578 527/3084/1578 453/3085/1578
f 566/3086/1579 561/3087/1579 562/3088/1579 567/3089/1579
f 675/3090/1580 674/3091/1580 680/3092/1580 681/3093/1580
f 647/3094/1581 646/3095/1582 652/3096/1583 653/3097/1583
f 575/3098/1584 580/3099/1584 579/3100/1585 574/3101/1585
f 426/3102/1586 503/3103/1587 479/3104/1588 363/3105/1589
f 451/3106/1590 474/3107/1476 475/3108/1476 452/3109/1476
f 109/3110/1591 49/3111/1591 48/3112/1592 130/3113/1592
f 646/3114/1593 647/3115/1594 642/3116/1595 641/3117/1596
f 527/3118/1099 455/3119/1099 453/3120/1099
f 522/3121/1597 383/3122/1475 367/3123/1475
f 454/3124/1598 468/3125/1599 371/3126/1022
f 457/3127/1022 390/3128/1022 370/3129/1022
f 450/3130/1440 472/3131/1440 366/3132/1440
f 451/3133/1600 393/3134/1600 365/3135/1600
f 376/3136/1225 477/3137/1601 461/3138/1602
f 368/3139/1476 349/3140/1476 452/3141/1476
f 483/3142/1039 487/3143/1039 371/3144/1039 367/3145/1039
f 373/3146/1603 398/3147/1603 456/3148/1603
f 100/3149/1604 81/3150/1605 112/3151/1606 131/3152/1607
f 369/3153/1608 465/3154/1608 453/3155/1608
f 110/3156/1609 131/3157/1610 67/3158/1611 57/3159/1612
f 377/3160/1613 401/3161/1613 462/3162/1613
f 688/3163/1614 687/3164/1614 685/3165/1614 686/3166/1614
f 97/3167/1615 110/3168/1615 21/3169/1616 29/3170/1616
f 385/3171/1617 441/3172/1617 524/3173/1617
f 441/3174/1618 521/3175/1618 524/3176/1618
f 396/3177/1039 397/3178/1039 399/3179/1039 395/3180/1039
f 9/3181/1619 17/3182/1619 24/3183/1620 22/3184/1621
f 92/3185/1622 24/3186/1622 17/3187/1623 78/3188/1623
f 414/3189/1095 520/3190/1095 519/3191/1095
f 467/3192/1624 362/3193/1624 524/3194/1624
f 362/3195/1625 351/3196/1626 524/3197/1627
f 525/3198/1628 526/3199/1628 528/3200/1628
f 526/3201/1629 527/3202/1629 528/3203/1629
f 464/3204/1630 528/3205/1631 527/3206/1632
f 525/3207/1477 528/3208/1633 464/3209/1634
f 527/3210/1099 526/3211/1099 455/3212/1099
f 455/3213/1099 526/3214/1099 525/3215/1099
f 658/3216/247 656/3217/247 655/3218/247 660/3219/247
f 94/3220/1635 84/3221/1636 8/3222/1637 26/3223/1638
f 574/3224/1639 544/3225/1639 545/3226/1639 575/3227/1639
f 640/3228/1639 610/3229/1639 609/3230/1639 639/3231/1639
f 640/3232/1640 641/3233/1640 611/3234/1640 610/3235/1640
f 545/3236/1577 544/3237/1577 543/3238/1577
f 642/3239/1468 637/3240/1468 607/3241/1468 612/3242/1468
f 663/3243/1641 600/3244/1641 598/3245/1641 662/3246/1641
f 681/3247/1642 534/3248/1642 536/3249/1642 682/3250/1642
f 678/3251/1643 684/3252/1643 679/3253/1643 673/3254/1643
f 621/3255/1644 634/3256/1644 633/3257/1644 619/3258/1644
f 548/3259/1645 550/3260/1645 560/3261/1646 559/3262/1647
f 572/3263/1648 573/3264/1649 578/3265/1650 577/3266/1651
f 85/3267/1652 95/3268/1652 27/3269/1653 13/3270/1654
f 479/3271/1095 478/3272/1095 488/3273/1095 489/3274/1095
f 587/3275/1655 581/3276/1656 582/3277/1657 588/3278/1658
f 433/3279/1659 431/3280/1659 508/3281/1659 510/3282/1659
f 489/3283/1660 513/3284/1661 436/3285/1662 373/3286/1663
f 594/3287/1664 586/3288/1665 587/3289/1666
f 651/3290/1667 658/3291/1668 659/3292/1669 652/3293/1670
f 584/3294/1671 590/3295/1672 583/3296/1673
f 501/3297/1095 424/3298/1095 438/3299/1095 515/3300/1095
f 633/3301/1674 634/3302/1674 629/3303/1674 628/3304/1674
f 604/3305/1276 606/3306/1276 596/3307/1276
f 553/3308/1675 551/3309/1675 566/3310/1675 567/3311/1675
f 543/3312/1640 544/3313/1640 574/3314/1640 573/3315/1640
f 502/3316/1095 503/3317/1095 498/3318/1095 499/3319/1095
f 437/3320/1282 374/3321/1282 360/3322/1282 423/3323/1282
f 638/3324/1444 608/3325/1444 607/3326/1444 637/3327/1444
f 531/3328/1676 674/3329/1676 675/3330/1676 533/3331/1676
f 538/3332/1677 540/3333/1677 684/3334/1677 683/3335/1677
f 30/3336/1678 98/3337/1679 82/3338/1680 7/3339/1680
f 680/3340/1681 532/3341/1681 534/3342/1681 681/3343/1681
f 566/3344/1682 551/3345/1682 549/3346/1682 565/3347/1682
f 23/3348/1095 25/3349/1095 20/3350/1095 12/3351/1095
f 613/3352/1683 615/3353/1683 631/3354/1683 636/3355/1683
f 87/3356/1684 91/3357/1685 23/3358/1686 12/3359/1687
f 26/3360/1039 8/3361/1039 16/3362/1039 28/3363/1039
f 401/3364/1099 382/3365/1099 443/3366/1099 462/3367/1099
f 668/3368/1688 669/3369/1688 664/3370/1688 663/3371/1688
f 661/3372/1689 662/3373/1689 598/3374/1689 596/3375/1689
f 391/3376/1095 388/3377/1095 347/3378/1095 407/3379/1095
f 648/3380/1690 647/3381/1691 653/3382/1692 654/3383/1692
f 469/3384/1693 468/3385/1694 454/3386/1695 455/3387/1696
f 655/3388/1697 656/3389/1698 649/3390/1699 654/3391/1700
f 653/3392/1701 660/3393/1702 655/3394/1703 654/3395/1704
f 199/3396/1705 196/3397/1705 195/3398/1706 202/3399/1706
f 658/3400/247 657/3401/247 656/3402/247
f 665/3403/1707 664/3404/1707 669/3405/1707 670/3406/1707
f 52/3407/1039 53/3408/1039 45/3409/1039 44/3410/1039
f 9/3411/1708 22/3412/1709 90/3413/1710 86/3414/1711
f 37/3415/1712 5/3416/1713 75/3417/1714 103/3418/1715
f 600/3419/1716 663/3420/1716 664/3421/1716 602/3422/1716
f 567/3423/1717 568/3424/1717 555/3425/1717 553/3426/1717
f 564/3427/1718 559/3428/1719 570/3429/1719 569/3430/1719
f 540/3431/1720 530/3432/1720 679/3433/1720 684/3434/1720
f 625/3435/1721 614/3436/1721 624/3437/1721 630/3438/1721
f 567/3439/1722 562/3440/1722 563/3441/1722 568/3442/1722
f 627/3443/1723 628/3444/1723 620/3445/1723 618/3446/1723
f 122/3447/1724 123/3448/1724 106/3449/1724 105/3450/1724
f 689/3451/1725 691/3452/1725 695/3453/1725 685/3454/1725
f 696/3455/1726 695/3456/1726 693/3457/1726 694/3458/1726
f 691/3459/1725 693/3460/1725 695/3461/1725
f 449/3462/1226 446/3463/1226 347/3464/1226 388/3465/1226
f 398/3466/1226 393/3467/1226 451/3468/1226 456/3469/1226
f 378/3470/1099 411/3471/1099 366/3472/1099 355/3473/1099
f 699/3474/1727 700/3475/1727 704/3476/1727 703/3477/1727
f 571/3478/1728 572/3479/1728 577/3480/1728 582/3481/1728
f 53/3482/1121 52/3483/1121 122/3484/1121 105/3485/1121
f 60/3486/1095 61/3487/1095 63/3488/1095 62/3489/1095
f 135/3490/1729 112/3491/1730 111/3492/1731 134/3493/1732
f 689/3494/1733 690/3495/1733 692/3496/1733 691/3497/1733
f 71/3498/1734 72/3499/1734 101/3500/1734 102/3501/1734
f 562/3502/1735 554/3503/1735 556/3504/1735 563/3505/1735
f 631/3506/1736 626/3507/1736 625/3508/1736 636/3509/1736
f 21/3510/1737 57/3511/1737 56/3512/1738 13/3513/1738
f 635/3514/1739 636/3515/1739 625/3516/1739 630/3517/1739
f 545/3518/1577 543/3519/1577 542/3520/1577 546/3521/1577
f 682/3522/1740 536/3523/1740 538/3524/1740 683/3525/1740
f 121/3526/1458 119/3527/1458 60/3528/1458 62/3529/1458
f 690/3530/1741 689/3531/1741 687/3532/1741 688/3533/1741
f 107/3534/1742 51/3535/1742 50/3536/1743 126/3537/1744
f 626/3538/1745 627/3539/1745 618/3540/1745 616/3541/1745
f 529/3542/1746 673/3543/1746 674/3544/1746 531/3545/1746
f 563/3546/1747 564/3547/1747 569/3548/1748 568/3549/1749
f 565/3550/1750 560/3551/1750 561/3552/1750 566/3553/1750
f 118/3554/1751 120/3555/1751 44/3556/1751 45/3557/1751
f 547/3558/1752 570/3559/1752 565/3560/1752 549/3561/1752
f 672/3562/1753 661/3563/1753 666/3564/1753 671/3565/1753
f 645/3566/1754 640/3567/1754 639/3568/1754 644/3569/1754
f 625/3570/1755 626/3571/1755 616/3572/1755 614/3573/1755
f 126/3574/1756 127/3575/1756 108/3576/1757 107/3577/1757
f 1/3578/1758 36/3579/1758 101/3580/1758 72/3581/1758
f 633/3582/1759 628/3583/1759 627/3584/1759 632/3585/1759
f 38/3586/1760 39/3587/1751 113/3588/1751 132/3589/1761
f 619/3590/1762 633/3591/1762 632/3592/1762 617/3593/1762
f 645/3594/1763 646/3595/1764 641/3596/1765 640/3597/1765
f 696/3598/1766 686/3599/1766 685/3600/1766 695/3601/1766
f 629/3602/1767 622/3603/1767 620/3604/1767 628/3605/1767
f 444/3606/1099 402/3607/1099 352/3608/1099 463/3609/1099
f 42/3610/1768 43/3611/1769 116/3612/1768 124/3613/1770
f 577/3614/1771 583/3615/1772 588/3616/1773 582/3617/1774
f 125/3618/1775 117/3619/1776 58/3620/1777 64/3621/1778
f 669/3622/1779 601/3623/1779 603/3624/1779 670/3625/1779
f 96/3626/1780 28/3627/1781 16/3628/1782 80/3629/1783
f 530/3630/1784 532/3631/1784 680/3632/1784 679/3633/1784
f 453/3634/1099 454/3635/1099 397/3636/1099 396/3637/1099
f 134/3638/1785 111/3639/1786 47/3640/1787 46/3641/1788
f 677/3642/1789 678/3643/1789 539/3644/1789 537/3645/1789
f 7/3646/1790 15/3647/1791 32/3648/1791 30/3649/1790
f 25/3650/1792 93/3651/1793 79/3652/1794 20/3653/1795
f 661/3654/1796 672/3655/1796 667/3656/1796 662/3657/1796
f 444/3658/1099 463/3659/1099 462/3660/1099 443/3661/1099
f 692/3662/1797 690/3663/1797 686/3664/1797 696/3665/1797
f 460/3666/1226 447/3667/1226 448/3668/1226 461/3669/1226
f 2/3670/1458 69/3671/1458 88/3672/1458 10/3673/1458
f 80/3674/1798 110/3675/1799 97/3676/1800 96/3677/1801
f 676/3678/1802 682/3679/1802 683/3680/1802 677/3681/1802
f 150/3682/1803 148/3683/1804 160/3684/1805 161/3685/1806
f 679/3686/1807 680/3687/1807 674/3688/1807 673/3689/1807
f 676/3690/1808 677/3691/1808 537/3692/1808 535/3693/1808
f 123/3694/1121 63/3695/1121 61/3696/1121 106/3697/1121
f 103/3698/1809 75/3699/1810 74/3700/1811 104/3701/1812
f 571/3702/1813 582/3703/1813 581/3704/1813 576/3705/1813
f 522/3706/1099 442/3707/1099 384/3708/1099 383/3709/1099
f 417/3710/1436 430/3711/1436 367/3712/1436 354/3713/1436
f 665/3714/1814 604/3715/1814 602/3716/1814 664/3717/1814
f 27/3718/1815 29/3719/1816 21/3720/1817 13/3721/1818
f 649/3722/1819 643/3723/1820 648/3724/1821 654/3725/1819
f 71/3726/1822 102/3727/1823 34/3728/1824 4/3729/1822
f 643/3730/1825 638/3731/1826 637/3732/1826 648/3733/1827
f 391/3734/1443 407/3735/1443 358/3736/1443 363/3737/1443
f 548/3738/1828 559/3739/1828 564/3740/1829 558/3741/1828
f 651/3742/1830 652/3743/1830 646/3744/1831 645/3745/1832
f 365/3746/1512 375/3747/1512 476/3748/1510 474/3749/1511
f 99/3750/1833 31/3751/1833 14/3752/1834 83/3753/1834
f 89/3754/1458 88/3755/1458 69/3756/1458 70/3757/1458
f 632/3758/1835 627/3759/1835 626/3760/1835 631/3761/1835
f 475/3762/1226 474/3763/1513 476/3764/1836 477/3765/1226
f 599/3766/1837 668/3767/1837 667/3768/1837 597/3769/1837
f 552/3770/1838 554/3771/1838 562/3772/1838 561/3773/1838
f 671/3774/1839 670/3775/1839 603/3776/1839 605/3777/1839
f 701/3778/247 697/3779/247 699/3780/247 703/3781/247
f 209/3782/1840 214/3783/1840 212/3784/1840 208/3785/1840
f 79/3786/1841 108/3787/1842 59/3788/1843 20/3789/1844
f 202/3790/1845 198/3791/1846 146/3792/1847 147/3793/1848
f 478/3794/1849 502/3795/1850 425/3796/1118 362/3797/1119
f 39/3798/1851 38/3799/1852 46/3800/1853 47/3801/1854
f 483/3802/1855 507/3803/1855 506/3804/1856 482/3805/1857
f 43/3806/1858 42/3807/1858 50/3808/1858 51/3809/1858
f 534/3810/1276 532/3811/1276 530/3812/1276
f 530/3813/1276 540/3814/1276 538/3815/1276
f 691/3816/1859 692/3817/1859 694/3818/1859 693/3819/1859
f 542/3820/1577 541/3821/1577 546/3822/1577
f 594/3823/1860 593/3824/1861 586/3825/1862
f 584/3826/1863 591/3827/1864 590/3828/1865
f 596/3829/1276 598/3830/1276 600/3831/1276
f 607/3832/1577 608/3833/1577 612/3834/1577
f 609/3835/1577 610/3836/1577 611/3837/1577
f 194/3838/1866 193/3839/1867 201/3840/1868 198/3841/1869
f 660/3842/247 659/3843/247 658/3844/247
f 690/3845/1797 688/3846/1797 686/3847/1797
f 696/3848/1797 694/3849/1797 692/3850/1797
f 685/3851/1725 687/3852/1725 689/3853/1725
f 416/3854/1099 406/3855/1099 356/3856/1099 376/3857/1099
