# Blender v3.0.0 OBJ File: 'aa.blend'
# www.blender.org
mtllib Stall_1.mtl
o Stall_1
v -1.634767 -0.000001 -0.538490
v -1.634846 3.002122 -0.530202
v -1.559247 -0.000001 -0.495014
v -1.566648 3.002122 -0.490942
v -1.560062 -0.000000 -0.409513
v -1.567385 3.002122 -0.413731
v -1.636399 -0.000000 -0.367487
v -1.636319 3.002122 -0.375780
v -1.711919 -0.000000 -0.410962
v -1.704517 3.002122 -0.415040
v -1.711103 -0.000001 -0.496463
v -1.703780 3.002122 -0.492251
v -1.742925 2.941838 -0.878317
v -1.692457 2.962618 -0.855673
v -1.692880 3.004178 -0.811351
v -1.743770 3.024957 -0.789673
v -1.794239 3.004178 -0.812318
v -1.793816 2.962618 -0.856640
v -1.648319 0.000001 1.166480
v -1.648318 2.373858 1.166478
v -1.580121 0.000001 1.205740
v -1.580121 2.373858 1.205738
v -1.580858 0.000001 1.282951
v -1.580858 2.373858 1.282949
v -1.649792 0.000001 1.320902
v -1.649792 2.373858 1.320900
v -1.717990 0.000001 1.281642
v -1.717990 2.373858 1.281640
v -1.717253 0.000001 1.204431
v -1.717253 2.373858 1.204429
v -1.649064 1.556206 1.164423
v -1.594251 1.556206 1.195978
v -1.594843 1.556206 1.258036
v -1.650249 1.556206 1.288540
v -1.705062 1.556206 1.256984
v -1.704470 1.556206 1.194926
v -1.598813 0.514967 1.195925
v -1.599441 0.514967 1.261756
v -1.658216 0.514967 1.294114
v -1.716362 0.514967 1.260641
v -1.715734 0.514967 1.194809
v -1.656959 0.514967 1.162452
v -1.746394 2.475689 -0.514816
v -1.700921 2.494412 -0.494412
v -1.701302 2.531859 -0.454477
v -1.747156 2.550583 -0.434945
v -1.792629 2.531859 -0.455348
v -1.792248 2.494412 -0.495284
v -1.717000 1.920231 0.001074
v -1.711683 1.952682 0.035727
v -1.754267 1.971683 0.055442
v -1.796466 1.952682 0.034917
v -1.790490 1.920232 0.000373
v -1.753592 1.905100 -0.015288
v -1.719212 0.646177 1.008869
v -1.719550 0.668991 1.044292
v -1.757391 0.680398 1.061644
v -1.794894 0.668991 1.043573
v -1.794555 0.646177 1.008150
v -1.756715 0.634769 0.990797
v -1.762982 0.000002 1.508354
v -1.700505 0.000002 1.544320
v -1.701180 0.000002 1.615052
v -1.764332 0.000002 1.649819
v -1.826809 0.000002 1.613853
v -1.826134 0.000002 1.543121
v 1.625315 -0.000001 -0.509259
v 1.625218 3.002122 -0.499089
v 1.547298 -0.000001 -0.466308
v 1.556283 3.002122 -0.461138
v 1.546464 -0.000000 -0.378924
v 1.555547 3.002122 -0.383927
v 1.623647 -0.000000 -0.334491
v 1.623744 3.002122 -0.344667
v 1.701664 -0.000000 -0.377443
v 1.692678 3.002122 -0.382618
v 1.702498 -0.000000 -0.464827
v 1.693415 3.002122 -0.459829
v 1.739921 2.941838 -0.845078
v 1.689031 2.962618 -0.823401
v 1.688607 3.004178 -0.779079
v 1.739075 3.024957 -0.756435
v 1.789966 3.004178 -0.778112
v 1.790389 2.962618 -0.822434
v 1.611745 0.000001 1.197592
v 1.611745 2.373858 1.197590
v 1.542810 0.000001 1.235543
v 1.542811 2.373858 1.235541
v 1.542074 0.000001 1.312754
v 1.542074 2.373858 1.312752
v 1.610271 0.000001 1.352014
v 1.610271 2.373858 1.352012
v 1.679205 0.000001 1.314063
v 1.679205 2.373858 1.314061
v 1.679942 0.000001 1.236852
v 1.679942 2.373858 1.236850
v 1.607518 1.911512 1.223685
v 1.549207 1.911512 1.255787
v 1.548584 1.911512 1.321100
v 1.606272 1.911513 1.354310
v 1.664583 1.911512 1.322207
v 1.665206 1.911512 1.256894
v 1.557163 0.604123 1.219951
v 1.556469 0.604123 1.292640
v 1.620672 0.604123 1.329601
v 1.685569 0.604123 1.293873
v 1.686263 0.604123 1.221183
v 1.622060 0.604123 1.184223
v 1.736452 2.475689 -0.481577
v 1.690598 2.494412 -0.462045
v 1.690217 2.531859 -0.422109
v 1.735690 2.550583 -0.401706
v 1.781544 2.531859 -0.421238
v 1.781925 2.494412 -0.461174
v 1.697297 1.701370 0.199814
v 1.696953 1.735252 0.235947
v 1.738097 1.752193 0.254408
v 1.779585 1.735252 0.236736
v 1.779930 1.701370 0.200602
v 1.738786 1.684429 0.182141
v 1.684639 0.852898 0.918513
v 1.684308 0.885326 0.953096
v 1.723687 0.901540 0.970764
v 1.763395 0.885326 0.953850
v 1.763725 0.852898 0.919268
v 1.724347 0.836684 0.901599
v 1.719913 0.000002 1.536324
v 1.674004 0.000002 1.561599
v 1.673513 0.000002 1.613019
v 1.718931 0.000002 1.639164
v 1.764840 0.000002 1.613890
v 1.765331 0.000002 1.562470
v 1.603550 2.292222 -0.496188
v 1.544300 2.292222 -0.463568
v 1.543667 2.292222 -0.397205
v 1.602284 2.292223 -0.363461
v 1.661533 2.292222 -0.396080
v 1.662166 2.292222 -0.462443
v 1.579908 0.776318 -0.440509
v 1.579211 0.776318 -0.367407
v 1.643779 0.776318 -0.330237
v 1.709044 0.776318 -0.366168
v 1.709741 0.776318 -0.439270
v 1.645174 0.776317 -0.476440
v -1.645300 0.685157 -0.549837
v -1.578755 0.685157 -0.511528
v -1.579474 0.685157 -0.436187
v -1.646738 0.685157 -0.399156
v -1.713284 0.685157 -0.437464
v -1.712565 0.685157 -0.512805
v -1.640204 1.966758 -0.526327
v -1.572832 1.966758 -0.487543
v -1.573560 1.966758 -0.411268
v -1.641659 1.966758 -0.373776
v -1.709031 1.966758 -0.412561
v -1.708303 1.966758 -0.488836
v 1.942808 2.788500 -0.491218
v -1.959237 2.788500 -0.554967
v 1.943361 2.752181 -0.525055
v -1.958684 2.752181 -0.588804
v 1.944151 2.763329 -0.573423
v -1.957894 2.763328 -0.637173
v 1.944389 2.810796 -0.587954
v -1.957657 2.810796 -0.651704
v 1.943836 2.847116 -0.554117
v -1.958210 2.847116 -0.617867
v 1.943046 2.835968 -0.505749
v -1.959000 2.835968 -0.569498
v -1.818297 2.373857 1.345581
v -1.818297 2.435354 1.345581
v -1.816172 2.373857 1.122846
v -1.816172 2.435354 1.122846
v 1.778275 2.373857 1.379905
v 1.778275 2.435354 1.379905
v 1.780400 2.373857 1.157170
v 1.780400 2.435354 1.157170
v -1.569105 2.748651 -0.113319
v 1.553036 2.748721 -0.083695
v -1.565857 2.881912 -0.593192
v 1.556770 2.881912 -0.563391
v -1.565435 2.858628 -0.653425
v 1.557497 2.858628 -0.623621
v -1.565354 2.795843 -0.671660
v 1.557672 2.795646 -0.641877
v -1.565521 2.632212 -0.663696
v 1.557460 2.631958 -0.633870
v -1.565845 2.381328 -0.635088
v 1.556917 2.381421 -0.605289
v -1.566187 2.037680 -0.617390
v 1.556787 2.037662 -0.602500
v -1.565898 1.613684 -0.660416
v 1.557088 1.634418 -0.630643
v -1.579841 2.449877 1.168315
v 1.543267 2.449881 1.198014
v -1.581553 2.447796 1.355838
v 1.541379 2.447796 1.385642
v -1.581736 2.417468 1.375051
v 1.541195 2.417468 1.404854
v -1.581818 2.354174 1.383690
v 1.541133 2.353928 1.413491
v -1.581843 2.271405 1.372271
v 1.541211 2.272869 1.398184
v -1.581854 2.209468 1.359503
v 1.540949 2.188514 1.416811
v 1.545420 2.459674 0.966874
v -1.577602 2.463753 0.936875
v 1.547406 2.520341 0.716946
v -1.574942 2.511832 0.686819
v 1.550209 2.603574 0.398929
v -1.571716 2.592677 0.369283
v -0.788408 2.719500 -0.105656
v -0.008006 2.698593 -0.097965
v 0.772367 2.719503 -0.090770
v 0.776057 2.881904 -0.570448
v -0.004550 2.881891 -0.577594
v -0.785151 2.881904 -0.585348
v 0.776764 2.858628 -0.631072
v -0.003969 2.858628 -0.638523
v -0.784702 2.858628 -0.645974
v 0.776960 2.795691 -0.649323
v -0.003748 2.796016 -0.656735
v -0.784549 2.796283 -0.664148
v 0.776904 2.631613 -0.641283
v -0.003629 2.632186 -0.657357
v -0.784467 2.632378 -0.675010
v 0.776290 2.380977 -0.585342
v -0.003861 2.380968 -0.620146
v -0.784877 2.381314 -0.627635
v 0.776187 2.037733 -0.582593
v -0.004019 2.037693 -0.594004
v -0.784736 2.037938 -0.638862
v 0.776453 1.722960 -0.610716
v -0.003495 1.654732 -0.645470
v -0.784484 1.723026 -0.667024
v -0.799039 2.449865 1.176036
v -0.018298 2.449875 1.183284
v 0.762450 2.449866 1.190920
v -0.800820 2.447796 1.363289
v -0.020087 2.447796 1.370740
v 0.760646 2.447796 1.378191
v -0.801004 2.417468 1.382502
v -0.020270 2.417468 1.389953
v 0.760462 2.417468 1.397404
v -0.801086 2.354174 1.391141
v -0.020353 2.354174 1.398592
v 0.760390 2.354132 1.406043
v -0.801009 2.272574 1.379812
v -0.020218 2.272103 1.387240
v 0.760466 2.272120 1.394692
v -0.801145 2.179025 1.390747
v -0.020181 2.210866 1.386138
v 0.760435 2.176316 1.393586
v -0.796766 2.478496 0.943915
v -0.016083 2.466290 0.951180
v 0.764594 2.478493 0.958849
v -0.794208 2.491477 0.693577
v -0.013690 2.487175 0.700806
v 0.766755 2.491471 0.708507
v -0.791028 2.574528 0.376560
v -0.010661 2.553820 0.383748
v 0.769612 2.573216 0.391428
v -1.175493 2.881911 -0.589328
v -1.175068 2.858628 -0.649699
v -1.174987 2.796041 -0.667909
v -1.175065 2.632286 -0.669353
v -1.175478 2.381346 -0.631364
v -1.175681 2.037804 -0.628126
v -1.175462 1.668327 -0.663720
v -1.178739 2.734091 -0.109522
v -1.189475 2.449871 1.172170
v -1.191186 2.447796 1.359564
v -1.191370 2.417468 1.378776
v -1.191452 2.354174 1.387415
v -1.191464 2.271931 1.376049
v -1.191576 2.194162 1.375173
v -1.187234 2.471122 0.940445
v -1.184573 2.501645 0.690273
v -1.181349 2.583591 0.372953
v -0.398077 2.709029 -0.101771
v -0.394809 2.881895 -0.581413
v -0.394335 2.858628 -0.642249
v -0.394111 2.796221 -0.660431
v -0.394006 2.632354 -0.666189
v -0.394275 2.381148 -0.623891
v -0.394104 2.037837 -0.616425
v -0.393618 1.688919 -0.656232
v -0.408602 2.449870 1.179666
v -0.410453 2.447796 1.367015
v -0.410637 2.417468 1.386227
v -0.410719 2.354174 1.394866
v -0.410561 2.272468 1.383534
v -0.410557 2.195219 1.388438
v -0.406299 2.472396 0.947499
v -0.403844 2.489336 0.697120
v -0.400707 2.564185 0.380123
v 0.382066 2.709023 -0.094311
v 0.385711 2.881895 -0.573963
v 0.386397 2.858628 -0.634797
v 0.386615 2.795826 -0.653033
v 0.386754 2.631845 -0.649315
v 0.386423 2.380897 -0.602731
v 0.386225 2.037699 -0.588298
v 0.386565 1.688920 -0.628087
v 0.372003 2.449870 1.187115
v 0.370279 2.447796 1.374466
v 0.370096 2.417468 1.393678
v 0.370014 2.354174 1.402317
v 0.370119 2.271968 1.390955
v 0.370127 2.193261 1.389862
v 0.374132 2.472396 0.954947
v 0.376463 2.489339 0.704552
v 0.379382 2.563525 0.387568
v 1.162668 2.734134 -0.087284
v 1.152900 2.449875 1.194453
v 1.151012 2.447796 1.381917
v 1.150829 2.417468 1.401129
v 1.150766 2.354010 1.409767
v 1.150829 2.272564 1.396445
v 1.150662 2.182591 1.405216
v 1.155055 2.469080 0.962931
v 1.157043 2.505893 0.712831
v 1.159842 2.588386 0.395197
v 1.166403 2.881911 -0.566978
v 1.167130 2.858628 -0.627347
v 1.167305 2.795646 -0.645603
v 1.167094 2.631777 -0.637577
v 1.166419 2.381240 -0.595320
v 1.166292 2.037694 -0.592545
v 1.166595 1.678621 -0.620684
v -1.569410 2.735394 -0.119656
v 1.553521 2.735394 -0.089852
v -1.566007 2.867380 -0.593383
v 1.556924 2.867380 -0.563579
v -1.565545 2.849087 -0.641755
v 1.557386 2.849087 -0.611951
v -1.565407 2.794216 -0.656287
v 1.557524 2.794216 -0.626484
v -1.565484 2.633255 -0.648266
v 1.557448 2.633255 -0.618462
v -1.565757 2.382436 -0.619663
v 1.557175 2.382436 -0.589859
v -1.565925 2.037215 -0.601931
v 1.557148 2.037215 -0.587042
v -1.565515 1.612338 -0.645017
v 1.557417 1.633413 -0.615213
v -1.579757 2.435354 1.167694
v 1.543174 2.435354 1.197498
v -1.581477 2.435354 1.347842
v 1.541455 2.435354 1.377645
v -1.581596 2.413104 1.360296
v 1.541336 2.413104 1.390099
v -1.581671 2.354206 1.368221
v 1.541260 2.354206 1.398024
v -1.581563 2.273012 1.356899
v 1.541406 2.273012 1.382716
v -1.581441 2.210792 1.344103
v 1.541227 2.186421 1.401505
v 1.545392 2.445232 0.965134
v -1.577540 2.449291 0.935330
v 1.547794 2.506201 0.713389
v -1.575137 2.497620 0.683585
v 1.550847 2.589975 0.393502
v -1.572084 2.579127 0.363699
v -0.788678 2.706335 -0.112205
v -0.007945 2.685533 -0.104754
v 0.772788 2.706335 -0.097303
v 0.776191 2.867380 -0.571030
v -0.004542 2.867380 -0.578481
v -0.785275 2.867380 -0.585932
v 0.776653 2.849087 -0.619402
v -0.004080 2.849087 -0.626853
v -0.784813 2.849087 -0.634304
v 0.776792 2.794216 -0.633935
v -0.003941 2.794216 -0.641385
v -0.784674 2.794216 -0.648836
v 0.776715 2.633255 -0.625913
v -0.003936 2.633255 -0.641932
v -0.784572 2.633255 -0.659569
v 0.776181 2.382436 -0.569950
v -0.004291 2.382436 -0.604761
v -0.785024 2.382436 -0.612212
v 0.776154 2.037215 -0.567133
v -0.004541 2.037215 -0.578552
v -0.784917 2.037215 -0.623412
v 0.776423 1.721698 -0.595305
v -0.004049 1.653043 -0.630116
v -0.784648 1.721698 -0.651619
v -0.799025 2.435354 1.175145
v -0.018292 2.435354 1.182596
v 0.762441 2.435354 1.190047
v -0.800744 2.435354 1.355293
v -0.020011 2.435354 1.362743
v 0.760722 2.435354 1.370194
v -0.800863 2.413104 1.367747
v -0.020130 2.413104 1.375197
v 0.760603 2.413104 1.382648
v -0.800938 2.354206 1.375672
v -0.020205 2.354206 1.383123
v 0.760527 2.354206 1.390574
v -0.800830 2.273012 1.364350
v -0.020097 2.273012 1.371801
v 0.760635 2.273012 1.379252
v -0.800935 2.178008 1.375317
v -0.020087 2.210792 1.370669
v 0.760646 2.176121 1.378120
v -0.796807 2.464000 0.942781
v -0.016074 2.451782 0.950232
v 0.764659 2.464000 0.957683
v -0.794405 2.477141 0.691036
v -0.013672 2.472805 0.698487
v 0.767061 2.477141 0.705938
v -0.791352 2.560915 0.371150
v -0.010619 2.540113 0.378600
v 0.770114 2.559596 0.386051
v -1.175641 2.867380 -0.589657
v -1.175179 2.849087 -0.638029
v -1.175040 2.794216 -0.652562
v -1.175028 2.633255 -0.653918
v -1.175390 2.382436 -0.615937
v -1.175421 2.037215 -0.612671
v -1.175081 1.667018 -0.648318
v -1.179044 2.720865 -0.115930
v -1.189391 2.435354 1.171420
v -1.191110 2.435354 1.351567
v -1.191229 2.413104 1.364021
v -1.191305 2.354206 1.371946
v -1.191197 2.273012 1.360625
v -1.191188 2.194400 1.359710
v -1.187173 2.456646 0.939055
v -1.184771 2.487381 0.687311
v -1.181718 2.570021 0.367424
v -0.398311 2.695934 -0.108479
v -0.394908 2.867380 -0.582206
v -0.394446 2.849087 -0.630579
v -0.394308 2.794216 -0.645111
v -0.394254 2.633255 -0.650751
v -0.394657 2.382436 -0.608487
v -0.394729 2.037215 -0.600982
v -0.394348 1.687371 -0.640867
v -0.408658 2.435354 1.178870
v -0.410377 2.435354 1.359018
v -0.410496 2.413104 1.371472
v -0.410572 2.354206 1.379397
v -0.410464 2.273012 1.368076
v -0.410511 2.194400 1.372993
v -0.406441 2.457891 0.946507
v -0.404038 2.474973 0.694762
v -0.400985 2.550514 0.374875
v 0.382422 2.695934 -0.101028
v 0.385825 2.867380 -0.574755
v 0.386286 2.849087 -0.623128
v 0.386425 2.794216 -0.637660
v 0.386390 2.633255 -0.633923
v 0.385945 2.382436 -0.587356
v 0.385807 2.037215 -0.572842
v 0.386187 1.687371 -0.612710
v 0.372075 2.435354 1.186321
v 0.370356 2.435354 1.366469
v 0.370237 2.413104 1.378923
v 0.370161 2.354206 1.386848
v 0.370269 2.273012 1.375526
v 0.370280 2.193457 1.374394
v 0.374292 2.457891 0.953957
v 0.376695 2.474973 0.702213
v 0.379748 2.549855 0.382326
v 1.163155 2.720865 -0.093577
v 1.152807 2.435354 1.193772
v 1.151088 2.435354 1.373920
v 1.150969 2.413104 1.386374
v 1.150894 2.354206 1.394299
v 1.151021 2.273012 1.380984
v 1.150937 2.181271 1.389812
v 1.155025 2.454616 0.961408
v 1.157428 2.491671 0.709664
v 1.160481 2.574785 0.389777
v 1.166558 2.867380 -0.567304
v 1.167019 2.849087 -0.615677
v 1.167158 2.794216 -0.630209
v 1.167081 2.633255 -0.622188
v 1.166678 2.382436 -0.579905
v 1.166651 2.037215 -0.577087
v 1.166920 1.677556 -0.605259
vt 0.571553 0.923395
vt 0.571553 0.976817
vt 0.562698 0.976797
vt 0.562666 0.923378
vt 0.524066 0.923911
vt 0.532904 0.923890
vt 0.532904 0.977313
vt 0.524049 0.977333
vt 0.639264 0.270314
vt 0.639262 0.216884
vt 0.684112 0.217102
vt 0.684112 0.270542
vt 0.169327 0.261064
vt 0.115929 0.261692
vt 0.115933 0.192831
vt 0.169327 0.192230
vt 0.288281 0.184215
vt 0.234832 0.185022
vt 0.234854 0.115859
vt 0.288281 0.115307
vt 0.353716 0.661055
vt 0.353693 0.607592
vt 0.398945 0.608019
vt 0.398945 0.661478
vt 0.288266 0.192725
vt 0.288266 0.261799
vt 0.234832 0.261235
vt 0.234812 0.191943
vt 0.961627 0.541802
vt 0.950266 0.541819
vt 0.950354 0.488384
vt 0.961627 0.488380
vt 0.228652 0.601813
vt 0.228652 0.648786
vt 0.175282 0.648801
vt 0.175247 0.601794
vt 0.793773 0.767120
vt 0.759282 0.767139
vt 0.759467 0.713694
vt 0.793773 0.713680
vt 0.815213 0.192537
vt 0.815169 0.180716
vt 0.817277 0.180880
vt 0.817277 0.193005
vt 0.772369 0.945484
vt 0.759282 0.945505
vt 0.761611 0.892062
vt 0.772369 0.892062
vt 0.419456 0.918526
vt 0.366022 0.918508
vt 0.365991 0.907864
vt 0.419456 0.905637
vt 0.466563 0.782313
vt 0.464471 0.781990
vt 0.464482 0.773857
vt 0.466563 0.773537
vt 0.346517 0.591252
vt 0.298333 0.591292
vt 0.303168 0.537849
vt 0.346517 0.537829
vt 0.110048 0.862071
vt 0.110048 0.915493
vt 0.088021 0.915493
vt 0.087972 0.862055
vt 0.141441 0.501485
vt 0.141441 0.554363
vt 0.088020 0.549850
vt 0.087972 0.501792
vt 0.986514 0.647460
vt 0.986514 0.700882
vt 0.977772 0.700882
vt 0.977772 0.647460
vt 0.347708 0.268436
vt 0.347708 0.337380
vt 0.294286 0.337261
vt 0.294271 0.267820
vt 0.910320 0.035403
vt 0.856900 0.035358
vt 0.856905 0.024587
vt 0.910320 0.022291
vt 0.321769 0.964567
vt 0.310475 0.964574
vt 0.310480 0.911152
vt 0.321769 0.911145
vt 0.228685 0.827189
vt 0.175247 0.827311
vt 0.175263 0.795518
vt 0.228685 0.795529
vt 0.466702 0.040248
vt 0.466702 0.108106
vt 0.413280 0.107986
vt 0.413248 0.039513
vt 0.585997 0.395870
vt 0.639454 0.395402
vt 0.639454 0.430849
vt 0.586017 0.430693
vt 0.087995 0.673809
vt 0.141431 0.673393
vt 0.141431 0.708589
vt 0.087972 0.708404
vt 0.724058 0.655913
vt 0.722212 0.655172
vt 0.722264 0.648094
vt 0.724058 0.647076
vt 0.994436 0.138497
vt 0.994436 0.191963
vt 0.992320 0.191948
vt 0.992320 0.138472
vt 0.365996 0.899616
vt 0.365991 0.877575
vt 0.419418 0.877589
vt 0.419418 0.899616
vt 0.778752 0.364702
vt 0.778752 0.418124
vt 0.744245 0.418071
vt 0.743983 0.364617
vt 0.316942 0.705540
vt 0.351657 0.705540
vt 0.351657 0.758962
vt 0.316727 0.758977
vt 0.294290 0.192311
vt 0.347748 0.191943
vt 0.347748 0.261018
vt 0.294287 0.261412
vt 0.407179 0.336526
vt 0.353729 0.337301
vt 0.353760 0.267996
vt 0.407179 0.267820
vt 0.863983 0.914733
vt 0.866098 0.914659
vt 0.866098 0.968320
vt 0.863982 0.968343
vt 0.759592 0.559887
vt 0.759484 0.506455
vt 0.791524 0.506465
vt 0.791524 0.559887
vt 0.495100 0.580127
vt 0.490187 0.580127
vt 0.490187 0.526705
vt 0.495100 0.526705
vt 0.694244 0.738570
vt 0.689331 0.738570
vt 0.689331 0.685148
vt 0.694244 0.685147
vt 0.266286 0.834912
vt 0.269775 0.834912
vt 0.269775 0.888335
vt 0.266286 0.888335
vt 0.622045 0.988081
vt 0.622045 0.934659
vt 0.630178 0.934659
vt 0.630178 0.988081
vt 0.275796 0.834912
vt 0.300450 0.834912
vt 0.300450 0.888334
vt 0.275796 0.888334
vt 0.990333 0.488380
vt 0.990333 0.541802
vt 0.982565 0.541802
vt 0.982565 0.488380
vt 0.987443 0.401087
vt 0.987443 0.454510
vt 0.979311 0.454510
vt 0.979311 0.401087
vt 0.535971 0.852805
vt 0.482549 0.852805
vt 0.482549 0.828152
vt 0.535971 0.828152
vt 0.797457 0.003011
vt 0.850879 0.003015
vt 0.850879 0.028645
vt 0.797446 0.028651
vt 0.353754 0.554193
vt 0.407177 0.554193
vt 0.407177 0.601446
vt 0.353693 0.601571
vt 0.759362 0.773160
vt 0.791191 0.773160
vt 0.791191 0.826582
vt 0.759282 0.826598
vt 0.956566 0.191894
vt 0.944195 0.191941
vt 0.944744 0.138505
vt 0.956566 0.138472
vt 0.043962 0.767936
vt 0.075840 0.767936
vt 0.075840 0.821358
vt 0.043892 0.821365
vt 0.205157 0.962995
vt 0.205107 0.909576
vt 0.216445 0.909579
vt 0.216445 0.963002
vt 0.850868 0.034672
vt 0.850868 0.042440
vt 0.797446 0.042440
vt 0.797446 0.034672
vt 0.623713 0.056449
vt 0.623465 0.003011
vt 0.668673 0.003083
vt 0.668673 0.056506
vt 0.304454 0.964567
vt 0.293147 0.964568
vt 0.293195 0.911145
vt 0.304454 0.911145
vt 0.288253 0.412632
vt 0.234812 0.412838
vt 0.234814 0.343712
vt 0.288253 0.343531
vt 0.570201 0.056466
vt 0.570161 0.003011
vt 0.617444 0.003045
vt 0.617444 0.056468
vt 0.088006 0.974946
vt 0.087972 0.921514
vt 0.096892 0.921527
vt 0.096892 0.974949
vt 0.741205 0.990632
vt 0.741205 0.937209
vt 0.748283 0.937210
vt 0.748283 0.990632
vt 0.787364 0.945484
vt 0.778390 0.945484
vt 0.778390 0.892062
vt 0.787364 0.892062
vt 0.683282 0.816848
vt 0.629873 0.816912
vt 0.629868 0.784990
vt 0.683282 0.785005
vt 0.138123 0.862059
vt 0.138123 0.915481
vt 0.116090 0.915481
vt 0.116069 0.862055
vt 0.956783 0.647486
vt 0.956783 0.700909
vt 0.944658 0.700896
vt 0.944171 0.647460
vt 0.990028 0.559661
vt 0.992145 0.559628
vt 0.992145 0.613123
vt 0.990029 0.613173
vt 0.650562 0.566150
vt 0.695113 0.566135
vt 0.695113 0.619548
vt 0.650302 0.619570
vt 0.413200 0.268186
vt 0.466640 0.267820
vt 0.466640 0.336764
vt 0.413218 0.336659
vt 0.973289 0.401087
vt 0.973289 0.454510
vt 0.964376 0.454495
vt 0.964364 0.401087
vt 0.588729 0.785986
vt 0.614386 0.785972
vt 0.614386 0.839395
vt 0.588707 0.839408
vt 0.234812 0.419326
vt 0.288269 0.418859
vt 0.288269 0.486718
vt 0.234847 0.486624
vt 0.910323 0.003011
vt 0.910323 0.016270
vt 0.856900 0.013898
vt 0.856900 0.003011
vt 0.199086 0.909576
vt 0.199086 0.920932
vt 0.145666 0.920910
vt 0.145662 0.909580
vt 0.554689 0.501231
vt 0.554689 0.552125
vt 0.501241 0.544769
vt 0.501231 0.501420
vt 0.063797 0.570563
vt 0.063804 0.501485
vt 0.065794 0.501767
vt 0.065794 0.570738
vt 0.975265 0.613051
vt 0.975260 0.559628
vt 0.984007 0.559629
vt 0.984007 0.613051
vt 0.466563 0.672828
vt 0.466563 0.726852
vt 0.464448 0.726787
vt 0.464447 0.672837
vt 0.973075 0.958528
vt 0.973064 0.905106
vt 0.981839 0.905109
vt 0.981839 0.958531
vt 0.996990 0.760800
vt 0.994874 0.760828
vt 0.994875 0.707390
vt 0.996990 0.707362
vt 0.573405 0.804491
vt 0.573405 0.857913
vt 0.547777 0.857912
vt 0.547758 0.804480
vt 0.495100 0.758458
vt 0.490187 0.758458
vt 0.490187 0.705035
vt 0.495100 0.705035
vt 0.056531 0.583470
vt 0.003012 0.583317
vt 0.003011 0.540051
vt 0.056531 0.532675
vt 0.793867 0.447040
vt 0.793867 0.500434
vt 0.759524 0.500434
vt 0.759484 0.447025
vt 0.124992 0.974924
vt 0.116069 0.974931
vt 0.116097 0.921509
vt 0.124992 0.921502
vt 0.764421 0.150777
vt 0.796266 0.150784
vt 0.796266 0.204216
vt 0.764259 0.204222
vt 0.413239 0.260118
vt 0.413274 0.191988
vt 0.466696 0.191943
vt 0.466696 0.260634
vt 0.846768 0.908619
vt 0.846743 0.855197
vt 0.869194 0.855216
vt 0.869194 0.908638
vt 0.552504 0.611471
vt 0.557417 0.611471
vt 0.557417 0.664894
vt 0.552504 0.664894
vt 0.570161 0.121982
vt 0.617404 0.121968
vt 0.617404 0.175423
vt 0.570161 0.175437
vt 0.536398 0.671296
vt 0.536398 0.724721
vt 0.501488 0.724651
vt 0.501231 0.671197
vt 0.793813 0.654236
vt 0.793813 0.707659
vt 0.759314 0.707649
vt 0.759282 0.654220
vt 0.623501 0.122311
vt 0.668410 0.121968
vt 0.668410 0.175427
vt 0.623425 0.175774
vt 0.235044 0.758997
vt 0.234812 0.705540
vt 0.269775 0.705546
vt 0.269775 0.759001
vt 0.971316 0.367089
vt 0.962349 0.367092
vt 0.962367 0.313673
vt 0.971316 0.313667
vt 0.003118 0.708494
vt 0.037871 0.708461
vt 0.037871 0.761889
vt 0.003011 0.761928
vt 0.466680 0.545943
vt 0.413198 0.545612
vt 0.413235 0.497427
vt 0.466680 0.492899
vt 0.407177 0.548040
vt 0.353722 0.548172
vt 0.353735 0.498804
vt 0.407177 0.492648
vt 0.633109 0.329802
vt 0.585997 0.329897
vt 0.586117 0.276428
vt 0.633109 0.276373
vt 0.815063 0.923087
vt 0.823950 0.923069
vt 0.823950 0.976491
vt 0.815036 0.976506
vt 0.644281 0.566159
vt 0.644281 0.619614
vt 0.597267 0.619590
vt 0.597237 0.566135
vt 0.701269 0.796036
vt 0.726910 0.796028
vt 0.726910 0.849450
vt 0.701254 0.849450
vt 0.617427 0.062525
vt 0.617427 0.115947
vt 0.570183 0.115947
vt 0.570161 0.062489
vt 0.081644 0.937432
vt 0.081644 0.990855
vt 0.074566 0.990854
vt 0.074566 0.937432
vt 0.464448 0.611490
vt 0.466563 0.611404
vt 0.466563 0.666797
vt 0.464447 0.666807
vt 0.275796 0.797009
vt 0.275805 0.765088
vt 0.329238 0.765071
vt 0.329238 0.797071
vt 0.581542 0.858275
vt 0.579426 0.858282
vt 0.579426 0.804487
vt 0.581542 0.804480
vt 0.175353 0.336977
vt 0.175353 0.267902
vt 0.228791 0.268517
vt 0.228791 0.337592
vt 0.347708 0.343637
vt 0.347708 0.412521
vt 0.294288 0.412358
vt 0.294277 0.343401
vt 0.683310 0.778969
vt 0.629868 0.778954
vt 0.629897 0.744648
vt 0.683310 0.744624
vt 0.994938 0.905106
vt 0.994938 0.958528
vt 0.987860 0.958528
vt 0.987860 0.905106
vt 0.547758 0.863934
vt 0.569812 0.863934
vt 0.569812 0.917357
vt 0.547758 0.917356
vt 0.003011 0.827402
vt 0.027664 0.827402
vt 0.027664 0.880824
vt 0.003011 0.880824
vt 0.977557 0.191894
vt 0.977557 0.138472
vt 0.986299 0.138472
vt 0.986299 0.191894
vt 0.102913 0.921514
vt 0.109991 0.921514
vt 0.109991 0.974936
vt 0.102913 0.974936
vt 0.760662 0.270312
vt 0.760571 0.216884
vt 0.792611 0.216890
vt 0.792611 0.270312
vt 0.199084 0.926953
vt 0.199084 0.937546
vt 0.145662 0.935391
vt 0.145665 0.927010
vt 0.288267 0.492880
vt 0.288267 0.548196
vt 0.234826 0.542027
vt 0.234812 0.492739
vt 0.675635 0.282573
vt 0.677748 0.282451
vt 0.677748 0.329695
vt 0.675633 0.329617
vt 0.786420 0.381394
vt 0.786416 0.349734
vt 0.788405 0.349720
vt 0.788405 0.381548
vt 0.701273 0.855495
vt 0.723693 0.855471
vt 0.723693 0.908906
vt 0.701254 0.908917
vt 0.587717 0.988081
vt 0.579585 0.988081
vt 0.579585 0.934659
vt 0.587717 0.934659
vt 0.879893 0.689966
vt 0.933316 0.689966
vt 0.933316 0.701185
vt 0.879893 0.701185
vt 0.597237 0.560114
vt 0.597238 0.506595
vt 0.644252 0.506651
vt 0.644252 0.560106
vt 0.812941 0.588387
vt 0.759484 0.588358
vt 0.759509 0.565948
vt 0.812941 0.565908
vt 0.037174 0.880824
vt 0.033685 0.880824
vt 0.033685 0.827402
vt 0.037174 0.827402
vt 0.145662 0.943567
vt 0.199085 0.943567
vt 0.199085 0.947056
vt 0.145662 0.947056
vt 0.759282 0.886041
vt 0.759282 0.832619
vt 0.783936 0.832619
vt 0.783936 0.886041
vt 0.588816 0.779952
vt 0.588707 0.726525
vt 0.623514 0.726529
vt 0.623514 0.779951
vt 0.969239 0.559634
vt 0.969239 0.613056
vt 0.960723 0.613056
vt 0.958460 0.559628
vt 0.291925 0.656758
vt 0.345347 0.656758
vt 0.345347 0.664890
vt 0.291925 0.664890
vt 0.897127 0.370432
vt 0.893638 0.370432
vt 0.893638 0.317009
vt 0.897127 0.317009
vt 0.225820 0.700074
vt 0.225826 0.654822
vt 0.227816 0.655070
vt 0.227816 0.700055
vt 0.541737 0.923401
vt 0.541737 0.977014
vt 0.539622 0.977016
vt 0.539622 0.923378
vt 0.234832 0.108874
vt 0.234844 0.039571
vt 0.288263 0.039513
vt 0.288263 0.109286
vt 0.791425 0.115896
vt 0.756854 0.115915
vt 0.756894 0.062486
vt 0.791425 0.062473
vt 0.115940 0.040151
vt 0.169337 0.039513
vt 0.169337 0.109780
vt 0.115929 0.109921
vt 0.003247 0.702394
vt 0.003011 0.648997
vt 0.047585 0.649046
vt 0.047585 0.702440
vt 0.458426 0.724709
vt 0.423284 0.724818
vt 0.423499 0.671414
vt 0.458426 0.671307
vt 0.461236 0.552013
vt 0.461236 0.605383
vt 0.417989 0.605359
vt 0.413198 0.551964
vt 0.995581 0.401097
vt 0.995581 0.454560
vt 0.993464 0.454560
vt 0.993464 0.401087
vt 0.353769 0.108487
vt 0.353766 0.039513
vt 0.407227 0.039923
vt 0.407227 0.108891
vt 0.955825 0.958528
vt 0.955824 0.905106
vt 0.967043 0.905106
vt 0.967043 0.958528
vt 0.546483 0.664908
vt 0.501231 0.665176
vt 0.501270 0.611735
vt 0.546483 0.611471
vt 0.068449 0.886829
vt 0.068449 0.940251
vt 0.060681 0.940251
vt 0.060681 0.886829
vt 0.846743 0.968081
vt 0.846743 0.914659
vt 0.857961 0.914659
vt 0.857961 0.968081
vt 0.351657 0.765047
vt 0.351657 0.790726
vt 0.349943 0.789650
vt 0.349669 0.764998
vt 0.774089 0.335783
vt 0.774089 0.358210
vt 0.771995 0.357911
vt 0.771975 0.335857
vt 0.472718 0.769656
vt 0.472717 0.735149
vt 0.474832 0.735211
vt 0.474832 0.769757
vt 0.641155 0.282534
vt 0.639130 0.281958
vt 0.639320 0.278474
vt 0.641155 0.277621
vt 0.815172 0.199399
vt 0.817256 0.199026
vt 0.817256 0.210333
vt 0.815169 0.210688
vt 0.647129 0.433051
vt 0.647138 0.398553
vt 0.700569 0.398514
vt 0.700569 0.433221
vt 0.152149 0.605568
vt 0.150165 0.605244
vt 0.150226 0.537943
vt 0.152149 0.537436
vt 0.716191 0.667430
vt 0.714214 0.667665
vt 0.714195 0.632217
vt 0.716191 0.632234
vt 0.078699 0.761883
vt 0.043892 0.761915
vt 0.044154 0.708461
vt 0.078699 0.708461
vt 0.228402 0.886752
vt 0.205922 0.886765
vt 0.205956 0.833364
vt 0.228402 0.833332
vt 0.648413 0.625686
vt 0.693149 0.625635
vt 0.693149 0.679058
vt 0.648168 0.679127
vt 0.735184 0.937209
vt 0.735184 0.990632
vt 0.727416 0.990632
vt 0.727416 0.937209
vt 0.491006 0.390819
vt 0.491006 0.399792
vt 0.489109 0.398983
vt 0.488929 0.391217
vt 0.458567 0.909253
vt 0.458567 0.962675
vt 0.449730 0.962654
vt 0.449712 0.909232
vt 0.683980 0.335944
vt 0.683980 0.389381
vt 0.639139 0.389156
vt 0.639130 0.335716
vt 0.547790 0.923398
vt 0.556645 0.923378
vt 0.556645 0.976800
vt 0.547758 0.976817
vt 0.175267 0.789478
vt 0.175247 0.755173
vt 0.228690 0.755154
vt 0.228690 0.789497
vt 0.657832 0.115930
vt 0.623448 0.115947
vt 0.623486 0.062539
vt 0.657832 0.062536
vt 0.294287 0.039884
vt 0.347745 0.039513
vt 0.347745 0.108614
vt 0.294284 0.109010
vt 0.962831 0.700882
vt 0.962804 0.647460
vt 0.971751 0.647473
vt 0.971751 0.700895
vt 0.152149 0.531147
vt 0.150155 0.531415
vt 0.150149 0.461899
vt 0.152149 0.461742
vt 0.152096 0.667115
vt 0.139207 0.667119
vt 0.141503 0.613672
vt 0.152096 0.613681
vt 0.698958 0.193295
vt 0.698954 0.184641
vt 0.701060 0.184849
vt 0.701060 0.193542
vt 0.353729 0.412046
vt 0.353758 0.343356
vt 0.407177 0.343322
vt 0.407177 0.412625
vt 0.753261 0.860527
vt 0.753261 0.913949
vt 0.730851 0.913925
vt 0.730842 0.860487
vt 0.663859 0.062709
vt 0.665968 0.062536
vt 0.665968 0.109841
vt 0.663853 0.109797
vt 0.287126 0.964568
vt 0.275796 0.964570
vt 0.275833 0.911150
vt 0.287126 0.911145
vt 0.466671 0.183462
vt 0.413217 0.184175
vt 0.413250 0.115469
vt 0.466671 0.115307
vt 0.466636 0.343912
vt 0.466636 0.412385
vt 0.413214 0.412266
vt 0.413198 0.343322
vt 0.969256 0.050643
vt 0.969256 0.104061
vt 0.960874 0.104055
vt 0.958484 0.050639
vt 0.228811 0.185105
vt 0.175358 0.185922
vt 0.175377 0.116516
vt 0.228811 0.115942
vt 0.407177 0.419329
vt 0.407177 0.486627
vt 0.353755 0.486505
vt 0.353722 0.418646
vt 0.169330 0.267926
vt 0.169330 0.336760
vt 0.115936 0.336597
vt 0.115929 0.267713
vt 0.228791 0.412687
vt 0.175350 0.412892
vt 0.175352 0.343792
vt 0.228791 0.343613
vt 0.234906 0.607672
vt 0.234812 0.554217
vt 0.282190 0.554259
vt 0.282190 0.607682
vt 0.464606 0.934778
vt 0.464606 0.923890
vt 0.518028 0.926262
vt 0.518028 0.934778
vt 0.724058 0.632217
vt 0.724058 0.641055
vt 0.722264 0.640036
vt 0.722212 0.632959
vt 0.306485 0.834912
vt 0.359917 0.834937
vt 0.359917 0.857375
vt 0.306471 0.857391
vt 0.234882 0.818451
vt 0.234812 0.765022
vt 0.266761 0.765028
vt 0.266761 0.818451
vt 0.140088 0.493506
vt 0.138100 0.493598
vt 0.138099 0.461742
vt 0.140088 0.461776
vt 0.234812 0.336895
vt 0.234812 0.267820
vt 0.288250 0.268436
vt 0.288250 0.337510
vt 0.413220 0.664867
vt 0.413198 0.611404
vt 0.458426 0.611827
vt 0.458426 0.665286
vt 0.050099 0.589554
vt 0.050099 0.642976
vt 0.003085 0.642951
vt 0.003011 0.589491
vt 0.732931 0.849450
vt 0.732931 0.796028
vt 0.736420 0.796028
vt 0.736420 0.849450
vt 0.518028 0.948567
vt 0.464606 0.948567
vt 0.464606 0.940799
vt 0.518028 0.940799
vt 0.689331 0.744591
vt 0.694244 0.744591
vt 0.694244 0.798013
vt 0.689331 0.798013
vt 0.087972 0.831381
vt 0.141395 0.831381
vt 0.141395 0.856034
vt 0.087972 0.856034
vt 0.501267 0.605450
vt 0.501231 0.558146
vt 0.554690 0.558206
vt 0.554690 0.605450
vt 0.971536 0.191894
vt 0.962587 0.191900
vt 0.962613 0.138478
vt 0.971536 0.138472
vt 0.689331 0.804034
vt 0.694244 0.804034
vt 0.694244 0.857456
vt 0.689331 0.857456
vt 0.965786 0.707376
vt 0.974699 0.707362
vt 0.974699 0.760784
vt 0.965774 0.760784
vt 0.683290 0.848588
vt 0.629868 0.848588
vt 0.629877 0.822948
vt 0.683290 0.822933
vt 0.088034 0.607651
vt 0.087972 0.560384
vt 0.141456 0.560398
vt 0.141456 0.607651
vt 0.454780 0.903173
vt 0.432334 0.903211
vt 0.432361 0.849777
vt 0.454780 0.849751
vt 0.622523 0.839925
vt 0.620407 0.839934
vt 0.620407 0.785981
vt 0.622523 0.785972
vt 0.175461 0.654870
vt 0.219799 0.654822
vt 0.219799 0.708216
vt 0.175247 0.708265
vt 0.228791 0.547716
vt 0.228791 0.595773
vt 0.175272 0.591229
vt 0.175247 0.547963
vt 0.791425 0.003029
vt 0.791425 0.056452
vt 0.756894 0.056439
vt 0.756854 0.003011
vt 0.228791 0.418913
vt 0.228791 0.477354
vt 0.175341 0.470006
vt 0.175333 0.419112
vt 0.168973 0.396204
vt 0.115929 0.396250
vt 0.120789 0.342809
vt 0.168973 0.342781
vt 0.650498 0.500464
vt 0.650273 0.447025
vt 0.695233 0.447092
vt 0.695233 0.500515
vt 0.482570 0.858842
vt 0.535968 0.858826
vt 0.535968 0.881306
vt 0.482549 0.881294
vt 0.786442 0.387571
vt 0.812072 0.387569
vt 0.812072 0.440991
vt 0.786416 0.441004
vt 0.699839 0.937210
vt 0.707607 0.937209
vt 0.707607 0.990632
vt 0.699839 0.990632
vt 0.976544 0.541805
vt 0.967648 0.541812
vt 0.967657 0.488380
vt 0.976544 0.488383
vt 0.152096 0.726563
vt 0.148606 0.726563
vt 0.148606 0.673140
vt 0.152096 0.673140
vt 0.310706 0.705625
vt 0.310706 0.759050
vt 0.276008 0.758995
vt 0.275796 0.705540
vt 0.347701 0.418784
vt 0.347701 0.472239
vt 0.304352 0.472104
vt 0.298333 0.418646
vt 0.345347 0.597335
vt 0.345347 0.650737
vt 0.298374 0.650717
vt 0.298333 0.597313
vt 0.990041 0.050675
vt 0.992156 0.050639
vt 0.992156 0.104134
vt 0.990040 0.104167
vt 0.670998 0.872558
vt 0.670998 0.925980
vt 0.648972 0.925980
vt 0.648966 0.872555
vt 0.175247 0.749133
vt 0.175257 0.714285
vt 0.228688 0.714568
vt 0.228688 0.749059
vt 0.973637 0.270307
vt 0.973620 0.216884
vt 0.982385 0.216886
vt 0.982385 0.270309
vt 0.457999 0.790308
vt 0.457999 0.843730
vt 0.432352 0.843719
vt 0.432334 0.790297
vt 0.547965 0.798459
vt 0.547758 0.745009
vt 0.579758 0.745018
vt 0.579758 0.798451
vt 0.339078 0.911145
vt 0.339078 0.964578
vt 0.327790 0.964568
vt 0.327804 0.911146
vt 0.356358 0.964567
vt 0.345099 0.964568
vt 0.345140 0.911145
vt 0.356358 0.911145
vt 0.466563 0.767428
vt 0.464449 0.767516
vt 0.464449 0.732971
vt 0.466563 0.732873
vt 0.949804 0.958528
vt 0.938370 0.958546
vt 0.938442 0.905122
vt 0.949804 0.905106
vt 0.353756 0.115700
vt 0.407196 0.115307
vt 0.407196 0.184748
vt 0.353774 0.184643
vt 0.723378 0.150810
vt 0.758238 0.150777
vt 0.758238 0.204231
vt 0.723275 0.204256
vt 0.032856 0.886863
vt 0.032856 0.940286
vt 0.020244 0.940280
vt 0.019596 0.886845
vt 0.357678 0.765057
vt 0.411120 0.764988
vt 0.411120 0.796995
vt 0.357689 0.796979
vt 0.432353 0.962651
vt 0.432334 0.909232
vt 0.443691 0.909232
vt 0.443691 0.962654
vt 0.657708 0.932001
vt 0.657708 0.985424
vt 0.648966 0.985424
vt 0.648966 0.932001
vt 0.793813 0.648184
vt 0.759282 0.648199
vt 0.759314 0.594771
vt 0.793813 0.594761
vt 0.003087 0.821381
vt 0.003011 0.767949
vt 0.034943 0.767959
vt 0.034943 0.821381
vt 0.975670 0.817288
vt 0.975671 0.870710
vt 0.966783 0.870692
vt 0.966757 0.817273
vt 0.760662 0.276333
vt 0.792611 0.276333
vt 0.792611 0.329756
vt 0.760571 0.329762
vt 0.585997 0.216897
vt 0.633241 0.216884
vt 0.633241 0.270339
vt 0.585997 0.270352
vt 0.423453 0.730839
vt 0.457999 0.730839
vt 0.457999 0.784261
vt 0.423284 0.784276
vt 0.821077 0.565978
vt 0.821077 0.577411
vt 0.818979 0.577126
vt 0.818962 0.565908
vt 0.597337 0.625958
vt 0.642147 0.625635
vt 0.642147 0.679084
vt 0.597237 0.679402
vt 0.589523 0.894609
vt 0.589507 0.872555
vt 0.642945 0.872581
vt 0.642945 0.894609
vt 0.537734 0.437515
vt 0.591156 0.437515
vt 0.591156 0.441004
vt 0.537734 0.441004
vt 0.495100 0.699014
vt 0.490187 0.699014
vt 0.490187 0.645592
vt 0.495100 0.645592
vt 0.683310 0.685205
vt 0.683310 0.738603
vt 0.648541 0.738551
vt 0.648168 0.685147
vt 0.480863 0.770064
vt 0.480853 0.735217
vt 0.482847 0.735149
vt 0.482847 0.770230
vt 0.393791 0.818123
vt 0.419418 0.818124
vt 0.419418 0.871546
vt 0.393778 0.871554
vt 0.633007 0.928638
vt 0.579585 0.928638
vt 0.579585 0.917419
vt 0.633007 0.917419
vt 0.736422 0.730486
vt 0.701254 0.730517
vt 0.701614 0.677063
vt 0.736422 0.677063
vt 0.407218 0.192360
vt 0.407218 0.261318
vt 0.353775 0.260917
vt 0.353769 0.191943
vt 0.306475 0.885488
vt 0.306471 0.863412
vt 0.359898 0.863447
vt 0.359898 0.885488
vt 0.994217 0.313681
vt 0.994217 0.367178
vt 0.992101 0.367143
vt 0.992100 0.313667
vt 0.228811 0.040314
vt 0.228811 0.109606
vt 0.175378 0.109030
vt 0.175358 0.039513
vt 0.591217 0.495210
vt 0.537734 0.494933
vt 0.537774 0.451584
vt 0.591217 0.447025
vt 0.347621 0.531661
vt 0.298333 0.531808
vt 0.304374 0.478399
vt 0.347621 0.478260
vt 0.228791 0.261248
vt 0.175358 0.261881
vt 0.175372 0.192110
vt 0.228791 0.191943
vt 0.701544 0.789989
vt 0.701254 0.736538
vt 0.735849 0.736558
vt 0.735849 0.790007
vt 0.268402 0.894394
vt 0.268402 0.948143
vt 0.266286 0.948150
vt 0.266286 0.894355
vt 0.175247 0.833332
vt 0.199901 0.833332
vt 0.199901 0.886754
vt 0.175247 0.886754
vt 0.607892 0.988081
vt 0.607892 0.934659
vt 0.616024 0.934659
vt 0.616024 0.988081
vt 0.713628 0.937209
vt 0.721395 0.937209
vt 0.721395 0.990632
vt 0.713628 0.990632
vt 0.495100 0.639571
vt 0.490187 0.639571
vt 0.490187 0.586149
vt 0.495100 0.586148
vt 0.967599 0.270306
vt 0.958626 0.270306
vt 0.958632 0.216887
vt 0.967599 0.216884
vt 0.141404 0.793619
vt 0.141404 0.825349
vt 0.087982 0.825360
vt 0.087972 0.793515
vt 0.068545 0.827386
vt 0.068545 0.880808
vt 0.043892 0.880808
vt 0.043892 0.827386
vt 0.896575 0.938904
vt 0.896575 0.992327
vt 0.889498 0.992327
vt 0.889498 0.938904
vt 0.224581 0.963288
vt 0.222466 0.963265
vt 0.222466 0.909627
vt 0.224581 0.909576
vt 0.141410 0.755585
vt 0.141410 0.787494
vt 0.087988 0.787494
vt 0.087972 0.755454
vt 0.413198 0.418927
vt 0.466655 0.418406
vt 0.466655 0.486878
vt 0.413232 0.486785
vt 0.699839 0.919970
vt 0.753261 0.919970
vt 0.753261 0.931188
vt 0.699839 0.931188
vt 0.988406 0.270306
vt 0.988405 0.216884
vt 0.995483 0.216884
vt 0.995483 0.270306
vt 0.501407 0.784179
vt 0.501231 0.730742
vt 0.535962 0.730766
vt 0.535962 0.784188
vt 0.347735 0.184168
vt 0.294302 0.184810
vt 0.294304 0.115903
vt 0.347735 0.115307
vt 0.404970 0.665914
vt 0.404966 0.607592
vt 0.407081 0.607621
vt 0.407081 0.666064
vt 0.825374 0.199026
vt 0.825374 0.207768
vt 0.823293 0.207449
vt 0.823277 0.199317
vt 0.670806 0.932001
vt 0.670806 0.985424
vt 0.663729 0.985424
vt 0.663729 0.932001
vt 0.235084 0.613761
vt 0.280065 0.613703
vt 0.280065 0.667126
vt 0.234812 0.667201
vt 0.981692 0.870695
vt 0.981691 0.817273
vt 0.989459 0.817273
vt 0.989459 0.870695
vt 0.115938 0.185807
vt 0.115929 0.116034
vt 0.169337 0.115942
vt 0.169337 0.186209
vt 0.535962 0.790273
vt 0.535962 0.822116
vt 0.482549 0.822131
vt 0.482554 0.790209
vt 0.904344 0.967501
vt 0.904344 0.914078
vt 0.915563 0.914078
vt 0.915563 0.967501
vt 0.259466 0.824472
vt 0.259466 0.877894
vt 0.234812 0.877894
vt 0.234812 0.824471
vt 0.984019 0.050639
vt 0.984019 0.104062
vt 0.975277 0.104062
vt 0.975277 0.050639
vt 0.131013 0.974924
vt 0.131013 0.921502
vt 0.139146 0.921502
vt 0.139146 0.974924
vt 0.145662 0.956567
vt 0.145662 0.953077
vt 0.199084 0.953077
vt 0.199084 0.956567
vt 0.641143 0.971057
vt 0.639028 0.971080
vt 0.639028 0.917419
vt 0.641143 0.917422
vt 0.977337 0.367089
vt 0.977337 0.313667
vt 0.986079 0.313667
vt 0.986079 0.367089
vt 0.357801 0.758967
vt 0.357678 0.705540
vt 0.392608 0.705544
vt 0.392608 0.758967
vt 0.781777 0.144355
vt 0.779661 0.144315
vt 0.779687 0.122261
vt 0.781777 0.121936
vt 0.168807 0.402312
vt 0.168807 0.455721
vt 0.120769 0.455687
vt 0.115929 0.402271
vt 0.133186 0.667108
vt 0.087972 0.667372
vt 0.088011 0.613932
vt 0.133186 0.613672
vt 0.807777 0.944642
vt 0.794666 0.944679
vt 0.795407 0.891253
vt 0.807777 0.891222
vt 0.597261 0.447120
vt 0.644252 0.447025
vt 0.644252 0.500570
vt 0.597237 0.500574
vt 0.601871 0.988081
vt 0.593738 0.988081
vt 0.593738 0.934659
vt 0.601871 0.934659
vt 0.343648 0.790663
vt 0.341659 0.790726
vt 0.341933 0.766074
vt 0.343648 0.764998
vt 0.411716 0.705544
vt 0.411716 0.758966
vt 0.400938 0.758966
vt 0.398629 0.705540
vt 0.087972 0.714900
vt 0.141431 0.714610
vt 0.141431 0.749433
vt 0.087993 0.749398
vt 0.834570 0.996470
vt 0.832454 0.996505
vt 0.832454 0.943068
vt 0.834570 0.943040
vt 0.586102 0.335919
vt 0.633109 0.335918
vt 0.633109 0.389327
vt 0.585997 0.389381
vt 0.065794 0.576759
vt 0.065794 0.581672
vt 0.063959 0.580820
vt 0.063769 0.577336
vt 0.290191 0.554217
vt 0.290191 0.622375
vt 0.288268 0.621868
vt 0.288211 0.554567
vt 0.148614 0.732866
vt 0.150600 0.732584
vt 0.150600 0.777760
vt 0.148606 0.777708
vt 0.366023 0.935305
vt 0.365991 0.924547
vt 0.419446 0.926612
vt 0.419446 0.935305
vt 0.588707 0.720240
vt 0.588715 0.685532
vt 0.642147 0.685423
vt 0.642147 0.720504
vt 0.228791 0.541695
vt 0.175333 0.541528
vt 0.175343 0.490732
vt 0.228791 0.483375
vt 0.911358 0.154117
vt 0.911358 0.207541
vt 0.902704 0.207570
vt 0.900715 0.154116
vt 0.650547 0.560029
vt 0.650273 0.506595
vt 0.695121 0.506627
vt 0.695121 0.560049
vt 0.992535 0.647467
vt 0.994652 0.647460
vt 0.994652 0.700935
vt 0.992535 0.700936
vt 0.582686 0.738857
vt 0.547758 0.738988
vt 0.547933 0.685526
vt 0.582686 0.685423
vt 0.692933 0.193588
vt 0.690851 0.193215
vt 0.691036 0.185449
vt 0.692933 0.184641
vt 0.925442 0.395066
vt 0.903388 0.395066
vt 0.903388 0.341644
vt 0.925442 0.341644
vt 0.365991 0.941326
vt 0.419414 0.941326
vt 0.419414 0.948403
vt 0.365991 0.948403
vt 0.980720 0.760784
vt 0.980720 0.707362
vt 0.988853 0.707362
vt 0.988853 0.760784
vt 0.642715 0.300666
vt 0.639130 0.294455
vt 0.649885 0.288555
vt 0.649885 0.300822
vt 0.953458 0.898205
vt 0.952659 0.817273
vt 0.960736 0.817651
vt 0.960736 0.898545
vt 0.952439 0.560421
vt 0.952439 0.641439
vt 0.944171 0.640559
vt 0.944989 0.559628
vt 0.945327 0.217227
vt 0.952605 0.216884
vt 0.952605 0.297902
vt 0.944528 0.298283
vt 0.922584 0.954120
vt 0.921784 0.873064
vt 0.929861 0.873445
vt 0.929861 0.954463
vt 0.758319 0.438017
vt 0.754162 0.431081
vt 0.758319 0.424145
vt 0.840722 0.856000
vt 0.840722 0.937019
vt 0.832454 0.936138
vt 0.833272 0.855207
vt 0.956328 0.394685
vt 0.948251 0.395066
vt 0.949050 0.314011
vt 0.956328 0.313667
vt 0.472847 0.729070
vt 0.472717 0.587382
vt 0.483485 0.587441
vt 0.483485 0.729128
vt 0.589507 0.865631
vt 0.589507 0.855123
vt 0.683290 0.854609
vt 0.683290 0.866534
vt 0.580709 0.676644
vt 0.580578 0.501231
vt 0.591216 0.501288
vt 0.591216 0.676701
vt 0.923341 0.796530
vt 0.932349 0.796362
vt 0.932349 0.866845
vt 0.921784 0.867043
vt 0.938150 0.642350
vt 0.927587 0.642625
vt 0.928206 0.559887
vt 0.938150 0.559628
vt 0.827223 0.813727
vt 0.815036 0.813751
vt 0.817028 0.707382
vt 0.827223 0.707362
vt 0.930940 0.401360
vt 0.930940 0.484082
vt 0.920805 0.483825
vt 0.920175 0.401087
vt 0.938507 0.217159
vt 0.938507 0.299862
vt 0.928562 0.299603
vt 0.927944 0.216884
vt 0.869369 0.162531
vt 0.858600 0.162554
vt 0.860713 0.050657
vt 0.869369 0.050639
vt 0.495210 0.039513
vt 0.495210 0.261802
vt 0.489354 0.261520
vt 0.489308 0.039775
vt 0.043228 0.519680
vt 0.037846 0.510354
vt 0.053994 0.501495
vt 0.053994 0.519914
vt 0.495033 0.382703
vt 0.489308 0.268511
vt 0.495033 0.267823
vt 0.809148 0.050639
vt 0.809148 0.204222
vt 0.802287 0.202135
vt 0.802850 0.051018
vt 0.889498 0.710719
vt 0.898774 0.707362
vt 0.898774 0.822241
vt 0.892890 0.822749
vt 0.489375 0.519996
vt 0.495100 0.405813
vt 0.495100 0.520684
vt 0.121312 0.479927
vt 0.115929 0.470601
vt 0.132078 0.461742
vt 0.132078 0.480161
vt 0.807777 0.885076
vt 0.797212 0.885201
vt 0.799285 0.773260
vt 0.807777 0.773160
vt 0.464606 0.900263
vt 0.464606 0.891081
vt 0.535084 0.890311
vt 0.535084 0.901080
vt 0.684830 0.181965
vt 0.674694 0.182155
vt 0.675723 0.003181
vt 0.684830 0.003011
vt 0.765954 0.354202
vt 0.760571 0.345109
vt 0.765954 0.335783
vt 0.818093 0.394237
vt 0.818093 0.385056
vt 0.888664 0.384298
vt 0.888664 0.395066
vt 0.876199 0.945553
vt 0.875400 0.864496
vt 0.883477 0.864878
vt 0.883477 0.945896
vt 0.063606 0.693300
vt 0.056120 0.693612
vt 0.057075 0.589771
vt 0.063606 0.589491
vt 0.890452 0.932609
vt 0.889498 0.828770
vt 0.896984 0.829082
vt 0.896984 0.932883
vt 0.951065 0.482019
vt 0.950266 0.401087
vt 0.958343 0.401465
vt 0.958343 0.482359
vt 0.905335 0.217162
vt 0.905335 0.310988
vt 0.895028 0.310743
vt 0.893638 0.216884
vt 0.413812 0.673222
vt 0.413812 0.683360
vt 0.234812 0.682390
vt 0.234812 0.673281
vt 0.742823 0.736449
vt 0.742695 0.594761
vt 0.753261 0.594786
vt 0.753261 0.736474
vt 0.687584 0.872752
vt 0.687584 0.943282
vt 0.678577 0.943114
vt 0.677019 0.872555
vt 0.932349 0.790065
vt 0.921584 0.790341
vt 0.922214 0.707621
vt 0.932349 0.707362
vt 0.938174 0.154484
vt 0.930890 0.154628
vt 0.931248 0.050802
vt 0.938174 0.050639
vt 0.862167 0.401324
vt 0.868755 0.401087
vt 0.868755 0.542476
vt 0.861474 0.542737
vt 0.906308 0.810877
vt 0.915563 0.810755
vt 0.915563 0.907916
vt 0.904795 0.908057
vt 0.242889 0.964809
vt 0.234812 0.965186
vt 0.235611 0.884255
vt 0.242889 0.883915
vt 0.482908 0.399485
vt 0.472717 0.399792
vt 0.473656 0.192222
vt 0.482908 0.191943
vt 0.881967 0.671566
vt 0.879893 0.559628
vt 0.890459 0.559752
vt 0.890459 0.671666
vt 0.824862 0.553282
vt 0.818383 0.553622
vt 0.818093 0.401442
vt 0.824862 0.401087
vt 0.839784 0.217081
vt 0.846090 0.216884
vt 0.846090 0.369052
vt 0.839501 0.369258
vt 0.861450 0.217298
vt 0.861450 0.340378
vt 0.852111 0.337200
vt 0.855558 0.216884
vt 0.887617 0.363065
vt 0.881316 0.362743
vt 0.880773 0.219028
vt 0.887617 0.216884
vt 0.894694 0.050639
vt 0.894694 0.196826
vt 0.887857 0.194662
vt 0.888393 0.050945
vt 0.778103 0.436412
vt 0.774518 0.430201
vt 0.778103 0.424145
vt 0.897367 0.401580
vt 0.897367 0.516449
vt 0.888081 0.513119
vt 0.891481 0.401087
vt 0.547928 0.424455
vt 0.537734 0.424592
vt 0.538673 0.217008
vt 0.547928 0.216884
vt 0.875470 0.401227
vt 0.882060 0.401087
vt 0.882060 0.542417
vt 0.874776 0.542571
vt 0.827220 0.595068
vt 0.827220 0.701340
vt 0.817028 0.701084
vt 0.815036 0.594761
vt 0.832470 0.513784
vt 0.841650 0.513622
vt 0.841650 0.584152
vt 0.830883 0.584341
vt 0.473250 0.039563
vt 0.481905 0.039513
vt 0.481905 0.182006
vt 0.472724 0.182058
vt 0.734043 0.144697
vt 0.723275 0.144756
vt 0.723405 0.003068
vt 0.734043 0.003011
vt 0.579585 0.901910
vt 0.642945 0.900630
vt 0.642945 0.911398
vt 0.579585 0.911020
vt 0.807813 0.216920
vt 0.807813 0.359415
vt 0.799158 0.359381
vt 0.798632 0.216884
vt 0.690979 0.178427
vt 0.690851 0.003011
vt 0.701288 0.003205
vt 0.701288 0.178620
vt 0.527878 0.908443
vt 0.527878 0.917552
vt 0.464606 0.917869
vt 0.464606 0.907101
vt 0.807240 0.381548
vt 0.803843 0.375665
vt 0.807240 0.369781
vt 0.026037 0.526653
vt 0.017534 0.526650
vt 0.017534 0.039513
vt 0.026037 0.039517
vt 0.167351 0.643361
vt 0.167351 0.785853
vt 0.158696 0.785804
vt 0.158170 0.643310
vt 0.862354 0.819255
vt 0.860241 0.707362
vt 0.871009 0.707366
vt 0.871009 0.819259
vt 0.081951 0.501673
vt 0.081951 0.680655
vt 0.072844 0.680486
vt 0.071815 0.501485
vt 0.413764 0.699519
vt 0.234812 0.699498
vt 0.234812 0.690389
vt 0.413764 0.689381
vt 0.742825 0.588712
vt 0.742695 0.447025
vt 0.753463 0.447053
vt 0.753463 0.588740
vt 0.046037 0.039513
vt 0.053994 0.039551
vt 0.053994 0.495474
vt 0.046037 0.495437
vt 0.897870 0.559874
vt 0.908178 0.559628
vt 0.908178 0.653415
vt 0.896480 0.653694
vt 0.167351 0.792131
vt 0.167351 0.885915
vt 0.156846 0.885689
vt 0.155429 0.791874
vt 0.570161 0.210158
vt 0.570161 0.201665
vt 0.712658 0.201663
vt 0.712658 0.210673
vt 0.418285 0.812102
vt 0.275796 0.812100
vt 0.275796 0.803608
vt 0.418285 0.803092
vt 0.942230 0.324584
vt 0.942230 0.395066
vt 0.933050 0.394897
vt 0.931463 0.324385
vt 0.547924 0.003319
vt 0.547924 0.210863
vt 0.538673 0.210582
vt 0.537734 0.003011
vt 0.944245 0.504869
vt 0.936961 0.505017
vt 0.938383 0.401218
vt 0.944245 0.401087
vt 0.833660 0.202832
vt 0.833378 0.050639
vt 0.839967 0.050846
vt 0.839967 0.203030
vt 0.867282 0.701043
vt 0.866588 0.559628
vt 0.873872 0.559785
vt 0.873872 0.701185
vt 0.250570 0.883997
vt 0.259678 0.883915
vt 0.259678 0.947251
vt 0.248910 0.947348
vt 0.228402 0.903555
vt 0.145662 0.903258
vt 0.145662 0.893120
vt 0.228402 0.892786
vt 0.754550 0.358570
vt 0.743983 0.358596
vt 0.744111 0.216909
vt 0.754550 0.216884
vt 0.849145 0.553262
vt 0.848861 0.401087
vt 0.855453 0.401216
vt 0.855453 0.553385
vt 0.358499 0.905124
vt 0.275796 0.904813
vt 0.275796 0.894675
vt 0.358499 0.894355
vt 0.045551 0.950119
vt 0.043892 0.886829
vt 0.054660 0.886936
vt 0.054660 0.950209
vt 0.737962 0.216884
vt 0.737962 0.439184
vt 0.732063 0.438881
vt 0.732104 0.217125
vt 0.563952 0.217033
vt 0.563952 0.424604
vt 0.554871 0.424468
vt 0.553949 0.216884
vt 0.664028 0.195642
vt 0.570161 0.195076
vt 0.570161 0.184568
vt 0.664028 0.183718
vt 0.750833 0.144698
vt 0.740064 0.144726
vt 0.740195 0.003038
vt 0.750833 0.003011
vt 0.095930 0.039513
vt 0.095930 0.495432
vt 0.087972 0.495464
vt 0.087972 0.039546
vt 0.275796 0.828891
vt 0.275796 0.818123
vt 0.387757 0.820203
vt 0.387757 0.828859
vt 0.067973 0.039513
vt 0.067973 0.495431
vt 0.060015 0.495464
vt 0.060015 0.039546
vt 0.564140 0.003145
vt 0.564140 0.210673
vt 0.554885 0.210550
vt 0.553945 0.003011
vt 0.032058 0.039513
vt 0.040016 0.039551
vt 0.040016 0.495474
vt 0.032058 0.495436
vt 0.071815 0.686676
vt 0.078609 0.686676
vt 0.078609 0.698442
vt 0.071815 0.698442
vt 0.912841 0.314049
vt 0.911356 0.216884
vt 0.921923 0.216918
vt 0.921923 0.314079
vt 0.109908 0.039513
vt 0.109908 0.495432
vt 0.101951 0.495464
vt 0.101951 0.039546
vt 0.081951 0.039513
vt 0.081951 0.495432
vt 0.073994 0.495464
vt 0.073994 0.039546
vt 0.717254 0.181986
vt 0.707309 0.182203
vt 0.708318 0.003205
vt 0.717254 0.003011
vt 0.472847 0.581229
vt 0.472717 0.405813
vt 0.483354 0.405947
vt 0.483354 0.581361
vt 0.840722 0.707787
vt 0.840722 0.849186
vt 0.833244 0.848716
vt 0.833956 0.707362
vt 0.921803 0.553444
vt 0.920175 0.490103
vt 0.930739 0.490292
vt 0.930739 0.553604
vt 0.168807 0.637155
vt 0.158170 0.637289
vt 0.158300 0.461874
vt 0.168807 0.461742
vt 0.466022 0.790430
vt 0.476528 0.790209
vt 0.476528 0.884040
vt 0.464606 0.884290
vt 0.531713 0.003011
vt 0.531713 0.495210
vt 0.501231 0.495210
vt 0.501232 0.003011
vt 0.636328 0.738291
vt 0.629535 0.738291
vt 0.629535 0.726525
vt 0.636328 0.726525
vt 0.939792 0.811154
vt 0.938370 0.707362
vt 0.945655 0.707469
vt 0.945655 0.811252
vt 0.902228 0.050865
vt 0.911481 0.050639
vt 0.911481 0.147832
vt 0.900715 0.148095
vt 0.708174 0.671042
vt 0.701254 0.670707
vt 0.702274 0.447304
vt 0.708174 0.447025
vt 0.906308 0.804607
vt 0.904795 0.707362
vt 0.915563 0.707509
vt 0.915563 0.804734
vt 0.115929 0.486182
vt 0.129801 0.486182
vt 0.129801 0.494497
vt 0.115929 0.494497
vt 0.846271 0.050763
vt 0.852579 0.050639
vt 0.852579 0.202831
vt 0.845988 0.202960
vt 0.868164 0.358239
vt 0.867471 0.216884
vt 0.874752 0.217143
vt 0.874752 0.358473
vt 0.639130 0.329695
vt 0.639130 0.321279
vt 0.669612 0.321279
vt 0.669612 0.329695
vt 0.495210 0.033492
vt 0.003011 0.033492
vt 0.003011 0.003011
vt 0.495210 0.003011
vt 0.579976 0.424411
vt 0.569973 0.424561
vt 0.570895 0.217020
vt 0.579976 0.216884
vt 0.011513 0.526654
vt 0.003011 0.526651
vt 0.003011 0.039513
vt 0.011513 0.039517
vt 0.724140 0.447243
vt 0.724140 0.626196
vt 0.715204 0.626001
vt 0.714195 0.447025
vt 0.816521 0.819802
vt 0.825603 0.819772
vt 0.825603 0.917014
vt 0.815036 0.917048
vt 0.842840 0.401260
vt 0.842840 0.507601
vt 0.832837 0.507457
vt 0.830883 0.401087
vt 0.845198 0.701012
vt 0.833241 0.701185
vt 0.835195 0.594905
vt 0.845198 0.594761
vt 0.664220 0.286951
vt 0.664220 0.300822
vt 0.655906 0.300822
vt 0.655906 0.286951
vt 0.669611 0.315258
vt 0.639130 0.315258
vt 0.639130 0.306843
vt 0.669611 0.306843
vt 0.004639 0.887006
vt 0.013575 0.886845
vt 0.013575 0.950132
vt 0.003011 0.950321
vt 0.820689 0.370466
vt 0.814390 0.370103
vt 0.813834 0.218988
vt 0.820689 0.216884
vt 0.851219 0.580858
vt 0.860567 0.577706
vt 0.860567 0.700785
vt 0.854674 0.701185
vt 0.946638 0.898292
vt 0.939188 0.899085
vt 0.938370 0.818153
vt 0.946638 0.817273
vt 0.574557 0.676645
vt 0.563920 0.676702
vt 0.564050 0.501287
vt 0.574557 0.501231
vt 0.074925 0.931212
vt 0.074566 0.827386
vt 0.081850 0.827569
vt 0.081850 0.931411
vt 0.736674 0.670434
vt 0.730161 0.669862
vt 0.730933 0.447564
vt 0.736674 0.447025
vt 0.812072 0.553323
vt 0.799888 0.553622
vt 0.801880 0.447275
vt 0.812072 0.447025
vt 0.883477 0.858475
vt 0.877030 0.857746
vt 0.877835 0.711567
vt 0.883477 0.707362
vt 0.881836 0.050639
vt 0.881836 0.201756
vt 0.876194 0.197550
vt 0.875390 0.051369
vt 0.726042 0.216884
vt 0.726042 0.440278
vt 0.720302 0.439739
vt 0.719529 0.217449
vt 0.706590 0.217265
vt 0.713508 0.216884
vt 0.713508 0.440893
vt 0.707605 0.440656
vt 0.944195 0.051520
vt 0.952463 0.050639
vt 0.952463 0.131657
vt 0.945013 0.132451
vt 0.854220 0.848750
vt 0.847455 0.849176
vt 0.846743 0.707832
vt 0.854220 0.707362
vt 0.833480 0.217223
vt 0.833480 0.369411
vt 0.826710 0.369057
vt 0.827001 0.216884
vt 0.827357 0.050656
vt 0.827357 0.156907
vt 0.817161 0.156894
vt 0.815169 0.050639
vt 0.700569 0.392298
vt 0.690133 0.392493
vt 0.690261 0.217076
vt 0.700569 0.216884
vt 0.904901 0.498300
vt 0.903388 0.401087
vt 0.914154 0.401344
vt 0.914154 0.498521
vt 0.744606 0.854455
vt 0.742493 0.742495
vt 0.753261 0.742510
vt 0.753261 0.854466
vt 0.952475 0.707702
vt 0.959753 0.707362
vt 0.959753 0.788255
vt 0.951676 0.788633
vt 0.800360 0.594794
vt 0.809015 0.594761
vt 0.809015 0.737250
vt 0.799834 0.737285
vt 0.773640 0.140355
vt 0.768257 0.131263
vt 0.773640 0.121936
vt 0.762237 0.140355
vt 0.756854 0.131029
vt 0.762237 0.121936
vt 0.748141 0.438017
vt 0.743983 0.431081
vt 0.748141 0.424145
vt 0.914199 0.565906
vt 0.921566 0.559628
vt 0.921566 0.680004
vt 0.924869 0.050639
vt 0.924869 0.171006
vt 0.917502 0.164727
vt 0.292312 0.650737
vt 0.286929 0.641410
vt 0.292312 0.632318
vt 0.490942 0.771414
vt 0.495100 0.764479
vt 0.495100 0.778350
vt 0.768497 0.438017
vt 0.764340 0.431081
vt 0.768497 0.424145
vt 0.791383 0.134203
vt 0.787798 0.128147
vt 0.791383 0.121936
vt 0.818566 0.174695
vt 0.815169 0.168811
vt 0.818566 0.162928
vt 0.797822 0.381548
vt 0.794426 0.375665
vt 0.797822 0.369781
vt 0.803190 0.767139
vt 0.799794 0.761256
vt 0.803190 0.755373
vn 0.0038 0.9332 -0.3595
vn 0.0036 0.9333 -0.3591
vn 0.0030 0.9336 -0.3583
vn 0.0043 0.9335 -0.3586
vn 0.0034 0.9329 -0.3602
vn 0.0212 0.9677 0.2511
vn 0.0224 0.9676 0.2515
vn 0.0212 0.9677 0.2514
vn 0.0170 0.9682 0.2497
vn 0.0228 0.9574 0.2879
vn 0.0277 0.9561 0.2919
vn 0.0230 0.9559 0.2927
vn 0.0259 0.9549 0.2959
vn 0.0279 0.9557 0.2931
vn 0.0392 -0.9670 -0.2519
vn 0.0397 -0.9668 -0.2524
vn 0.0395 -0.9670 -0.2517
vn -0.0263 -0.9542 -0.2980
vn -0.0277 -0.9554 -0.2940
vn -0.0249 -0.9562 -0.2915
vn -0.0261 -0.9567 -0.2898
vn -0.0094 -0.1372 0.9905
vn 0.0295 -0.0246 -0.9993
vn 0.0296 -0.0242 -0.9993
vn 0.0300 -0.0260 -0.9992
vn 0.0296 -0.0257 -0.9992
vn 0.0044 0.9964 0.0842
vn 0.0013 0.9960 0.0890
vn 0.0012 0.9960 0.0891
vn 0.9999 0.0028 0.0163
vn 0.9999 0.0008 0.0153
vn 0.9999 -0.0005 0.0172
vn 0.0239 -0.0611 -0.9978
vn 0.0235 -0.0612 -0.9978
vn 0.0230 -0.0538 -0.9983
vn 0.0235 -0.0537 -0.9983
vn -0.0235 0.0546 0.9982
vn -0.0236 0.0545 0.9982
vn -0.0237 0.0621 0.9978
vn -0.0235 0.0621 0.9978
vn 1.0000 0.0003 0.0086
vn 1.0000 0.0003 0.0091
vn 1.0000 0.0001 0.0089
vn 1.0000 0.0004 0.0090
vn -0.0250 -0.1017 0.9945
vn -0.0250 -0.1022 0.9945
vn -0.0246 -0.1011 0.9946
vn -0.0250 -0.1014 0.9945
vn 0.0020 -0.0360 0.9993
vn 0.0025 -0.0359 0.9994
vn 0.0029 -0.0391 0.9992
vn 0.0025 -0.0392 0.9992
vn 0.0476 0.1237 -0.9912
vn 0.0476 0.1240 -0.9911
vn 0.0479 0.1233 -0.9912
vn 0.0476 0.1232 -0.9912
vn -0.0095 0.1352 0.9908
vn -0.0095 -0.9362 -0.3514
vn -0.0091 -0.9361 -0.3517
vn -0.0091 -0.9376 -0.3475
vn -0.0092 -0.9377 -0.3473
vn -0.0097 -0.0131 0.9999
vn -0.0089 -0.0135 0.9999
vn -0.0086 -0.0113 0.9999
vn -0.0100 -0.0117 0.9999
vn -0.0068 -0.1735 0.9848
vn -0.0068 -0.1742 0.9847
vn 0.0107 0.9981 0.0615
vn 0.0107 0.9981 0.0614
vn 0.0121 0.9979 0.0638
vn 0.0121 0.9979 0.0639
vn -0.0153 -0.9499 -0.3122
vn -0.0149 -0.9498 -0.3125
vn -0.0143 -0.9521 -0.3055
vn -0.0147 -0.9521 -0.3053
vn 0.0060 -0.9822 -0.1876
vn 0.0061 -0.9822 -0.1875
vn 0.0106 -0.9809 -0.1944
vn 0.0105 -0.9809 -0.1944
vn -0.0105 0.9821 0.1879
vn -0.0104 0.9822 0.1878
vn -0.0062 0.9809 0.1946
vn -0.0063 0.9808 0.1947
vn 1.0000 0.0018 0.0085
vn 0.9999 0.0099 0.0060
vn 0.9999 0.0075 0.0091
vn 1.0000 0.0065 0.0075
vn 0.0412 -0.9988 0.0275
vn 0.0411 -0.9987 0.0305
vn -0.0162 -0.0197 0.9997
vn -0.0161 -0.0197 0.9997
vn -0.0160 -0.0189 0.9997
vn -0.0161 -0.0187 0.9997
vn -0.0074 -0.1387 -0.9903
vn -0.0079 -0.1384 -0.9903
vn -0.0083 -0.1411 -0.9900
vn -0.0078 -0.1415 -0.9899
vn 0.0021 0.1668 0.9860
vn 0.0024 0.1666 0.9860
vn 0.0028 0.1686 0.9857
vn 0.0024 0.1688 0.9856
vn 0.0393 -0.9568 -0.2880
vn 0.0387 -0.9569 -0.2879
vn 0.0392 -0.9567 -0.2883
vn 0.0132 0.9521 0.3057
vn 0.0146 0.9525 0.3043
vn 0.0163 0.9506 0.3099
vn 0.0149 0.9502 0.3113
vn 0.0909 -0.9918 -0.0900
vn 0.0909 -0.9918 -0.0901
vn 0.0869 -0.9925 -0.0855
vn 0.0942 -0.9917 -0.0871
vn 0.0099 -0.9943 -0.1059
vn 0.0098 -0.9943 -0.1059
vn 0.0110 -0.9941 -0.1078
vn 0.0110 -0.9941 -0.1077
vn -0.0081 0.5352 0.8447
vn 0.0083 -0.4884 -0.8726
vn 0.0095 -0.1334 -0.9910
vn 0.0000 -1.0000 0.0000
vn -0.0092 -0.2560 0.9666
vn -0.0001 0.9999 0.0111
vn -0.0358 0.0463 0.9983
vn -0.0335 0.0471 0.9983
vn -0.0335 0.0503 0.9982
vn -0.0343 0.0505 0.9981
vn -0.0121 -0.9979 -0.0639
vn -0.0107 -0.9980 -0.0615
vn -0.0108 -0.9980 -0.0616
vn -0.0186 0.1520 0.9882
vn -0.0181 0.1519 0.9882
vn -0.0176 0.1586 0.9872
vn -0.0181 0.1587 0.9872
vn -0.0063 -0.9962 -0.0873
vn -0.0074 -0.9964 -0.0844
vn -0.0065 -0.9965 -0.0828
vn -0.0073 -0.9966 -0.0816
vn -0.0095 -0.1372 0.9905
vn 0.0166 -0.9711 -0.2381
vn 0.0171 -0.9710 -0.2386
vn 0.0176 -0.9709 -0.2390
vn 0.0069 0.1741 -0.9847
vn 0.0069 0.1742 -0.9847
vn 0.0069 0.1728 -0.9849
vn 0.0069 0.1727 -0.9849
vn 0.0269 -0.9565 -0.2906
vn 0.0278 -0.9584 -0.2842
vn 0.0221 -0.9570 -0.2894
vn 0.0270 -0.9567 -0.2900
vn -0.0296 0.0251 0.9992
vn -0.0296 0.0260 0.9992
vn -0.0292 0.0244 0.9993
vn -0.0296 0.0241 0.9993
vn 0.0091 0.2796 -0.9601
vn -0.0034 -0.9354 0.3537
vn 0.0092 0.2784 -0.9604
vn 0.0050 0.9963 0.0853
vn 0.0098 0.9965 0.0832
vn 0.0075 0.9964 0.0845
vn 0.0073 0.9964 0.0842
vn -0.0150 0.0360 0.9992
vn -0.0150 0.0362 0.9992
vn -0.0150 0.0365 0.9992
vn -0.0150 0.0370 0.9992
vn 0.0179 -0.1562 -0.9876
vn 0.0180 -0.1564 -0.9875
vn 0.0181 -0.1499 -0.9885
vn 0.0180 -0.1497 -0.9886
vn -0.0413 -0.9988 0.0270
vn -0.0413 -0.9988 0.0269
vn -0.0413 -0.9989 0.0218
vn -0.0171 0.9710 0.2386
vn 0.0155 -0.9442 -0.3290
vn 0.0157 -0.9443 -0.3287
vn 0.0159 -0.9428 -0.3330
vn 0.0158 -0.9427 -0.3333
vn 0.0035 0.9341 -0.3569
vn 0.0028 0.9339 -0.3574
vn 0.0200 -0.9602 -0.2785
vn 0.0203 -0.9603 -0.2781
vn 0.0212 -0.9582 -0.2853
vn 0.0209 -0.9581 -0.2858
vn 0.0100 0.0121 -0.9999
vn 0.0098 0.0128 -0.9999
vn 0.0084 0.0116 -0.9999
vn 0.0089 0.0140 -0.9999
vn -0.0094 -0.1370 0.9905
vn -0.0109 -0.1374 0.9905
vn -0.0121 -0.1398 0.9901
vn 0.0236 -0.0941 0.9953
vn 0.0258 -0.0926 0.9954
vn 0.0244 -0.0927 0.9954
vn 0.9993 0.0347 0.0161
vn 0.9994 0.0312 0.0142
vn 0.9994 0.0295 0.0180
vn -0.0094 0.1352 0.9908
vn 0.1382 -0.9868 -0.0846
vn 0.1374 -0.9868 -0.0855
vn 0.1367 -0.9870 -0.0849
vn -0.0094 0.1348 0.9908
vn 0.0108 -0.9936 0.1121
vn 0.0108 -0.9939 0.1093
vn 0.0108 -0.9940 0.1093
vn -0.0225 0.0924 -0.9955
vn -0.0244 0.0924 -0.9954
vn -0.0247 0.0923 -0.9954
vn -0.0241 0.0941 -0.9953
vn 0.0103 0.9970 0.0762
vn 0.0101 0.9971 0.0758
vn 0.0094 0.9973 0.0726
vn 0.0081 0.9973 0.0734
vn 0.0092 0.2795 -0.9601
vn -0.0109 0.9941 0.1077
vn -0.0110 0.9941 0.1079
vn -0.0098 0.9943 0.1059
vn -0.0098 0.9943 0.1058
vn -0.0223 0.9588 0.2831
vn -0.0208 0.9584 0.2847
vn -0.0189 0.9602 0.2787
vn -0.0202 0.9606 0.2771
vn 0.0095 -0.0489 -0.9988
vn 0.0255 0.0082 0.9996
vn -0.0318 0.1991 0.9795
vn -0.0319 0.1991 0.9795
vn -0.0319 0.2012 0.9790
vn -0.0318 0.2012 0.9790
vn 0.0114 -0.9981 -0.0602
vn 0.0108 -0.9982 -0.0593
vn 0.0112 -0.9981 -0.0598
vn -0.0389 0.9670 0.2518
vn -0.0388 0.9671 0.2516
vn -0.0392 0.9670 0.2518
vn -0.0395 0.9669 0.2520
vn -0.0025 -0.1687 -0.9857
vn -0.0024 -0.1686 -0.9857
vn -0.0023 -0.1666 -0.9860
vn -0.0024 -0.1665 -0.9860
vn 0.0092 0.2787 -0.9603
vn 0.0158 -0.1563 -0.9876
vn -0.0476 -0.1235 0.9912
vn 0.0213 -0.0736 0.9971
vn 0.0220 -0.0769 0.9968
vn 0.0237 -0.0737 0.9970
vn 0.0347 -0.0484 -0.9982
vn 0.0338 -0.0514 -0.9981
vn 0.0329 -0.0477 -0.9983
vn 0.0335 -0.0473 -0.9983
vn 0.0033 0.9338 -0.3578
vn -0.0255 -0.0081 -0.9996
vn 0.0086 -0.0107 0.9999
vn 0.0090 -0.0102 0.9999
vn 0.0094 -0.0123 0.9999
vn 0.0090 -0.0127 0.9999
vn 0.9998 0.0023 -0.0218
vn 0.9998 0.0021 -0.0215
vn 0.9998 0.0023 -0.0222
vn -0.0092 0.9939 0.1100
vn -0.0085 0.9940 0.1089
vn -0.0084 0.9940 0.1087
vn -0.1138 -0.9914 -0.0648
vn -0.1138 -0.9915 -0.0636
vn -0.1121 -0.9915 -0.0658
vn -0.1158 -0.9911 -0.0664
vn -0.0228 -0.9573 -0.2881
vn -0.0274 0.9567 0.2897
vn -0.0275 0.9568 0.2894
vn -0.0281 0.9584 0.2839
vn -0.0335 0.9569 0.2884
vn -0.0108 0.9981 0.0601
vn -0.0109 0.9981 0.0598
vn -0.0117 0.9982 0.0587
vn -0.0111 0.9982 0.0595
vn -0.0095 0.0498 0.9987
vn 0.0084 -0.9940 -0.1087
vn 0.0082 -0.9941 -0.1084
vn 0.0093 -0.9939 -0.1102
vn -0.0023 0.0294 0.9996
vn -0.0024 0.0294 0.9996
vn -0.0024 0.0248 0.9997
vn -0.0023 0.0248 0.9997
vn -0.0213 0.0736 -0.9971
vn -0.0214 0.0758 -0.9969
vn -0.0191 0.0757 -0.9970
vn 0.9999 -0.0033 -0.0170
vn 0.9998 0.0026 -0.0173
vn 0.9998 -0.0012 -0.0202
vn 0.9998 0.0002 -0.0202
vn 0.9999 -0.0049 0.0092
vn 0.0161 0.0195 -0.9997
vn 0.0160 0.0190 -0.9997
vn 0.0159 0.0200 -0.9997
vn 0.0161 0.0198 -0.9997
vn 0.0095 0.1381 -0.9904
vn -0.0093 0.0110 -0.9999
vn -0.0090 0.0104 -0.9999
vn -0.0087 0.0122 -0.9999
vn -0.0090 0.0128 -0.9999
vn -0.0029 0.0360 -0.9993
vn -0.0024 0.0359 -0.9994
vn -0.0020 0.0390 -0.9992
vn -0.0024 0.0392 -0.9992
vn -0.0161 0.1568 0.9875
vn -0.0159 0.1564 0.9876
vn -0.0157 0.1559 0.9877
vn -0.0159 0.1561 0.9876
vn 0.0027 -0.0242 -0.9997
vn 0.0024 -0.0241 -0.9997
vn 0.0021 -0.0290 -0.9996
vn 0.0024 -0.0290 -0.9996
vn 0.9994 0.0314 0.0174
vn -0.0807 -0.9912 -0.1046
vn -0.0840 -0.9906 -0.1079
vn -0.0840 -0.9906 -0.1082
vn -0.0867 -0.9907 -0.1044
vn -0.0171 0.9434 0.3312
vn -0.0158 0.9431 0.3321
vn -0.0148 0.9444 0.3285
vn -0.0156 0.9447 0.3276
vn -0.0098 -0.9971 -0.0756
vn -0.0062 -0.9972 -0.0748
vn -0.0079 -0.9971 -0.0752
vn 0.0085 0.9378 0.3471
vn 0.0092 0.9382 0.3461
vn 0.0099 0.9370 0.3492
vn 0.0091 0.9366 0.3502
vn 0.0129 0.9760 0.2172
vn 0.0131 0.9760 0.2175
vn 0.0144 0.9757 0.2188
vn 0.0140 0.9758 0.2183
vn 0.0320 -0.2005 -0.9792
vn 0.0318 -0.2010 -0.9791
vn 0.0316 -0.1996 -0.9794
vn 0.0319 -0.1994 -0.9794
vn 0.0251 0.1012 -0.9946
vn 0.0250 0.1009 -0.9946
vn 0.0250 0.1026 -0.9944
vn 0.0249 0.1026 -0.9944
vn -0.0439 -0.9990 0.0002
vn -0.0445 -0.9990 0.0001
vn -0.0439 -0.9990 -0.0005
vn -0.0438 -0.9990 -0.0010
vn -0.0392 0.9568 0.2882
vn -0.0395 0.9568 0.2880
vn -0.0219 -0.9677 -0.2511
vn -0.0157 -0.9673 -0.2533
vn -0.0207 -0.9675 -0.2520
vn -0.0214 -0.9677 -0.2512
vn 0.0073 0.1397 -0.9902
vn 0.0103 0.1400 -0.9901
vn 0.9999 -0.0037 0.0098
vn 0.9999 -0.0038 0.0103
vn 1.0000 -0.0027 0.0022
vn 1.0000 -0.0006 0.0052
vn 1.0000 -0.0017 0.0042
vn 1.0000 0.0028 0.0009
vn 1.0000 0.0007 -0.0050
vn 1.0000 0.0005 -0.0100
vn 0.9999 -0.0068 -0.0111
vn 1.0000 -0.0052 -0.0047
vn 1.0000 -0.0001 0.0099
vn 1.0000 -0.0000 0.0095
vn 1.0000 -0.0004 0.0092
vn 1.0000 -0.0005 0.0096
vn 0.9999 -0.0019 0.0121
vn 0.9999 0.0010 0.0121
vn 0.9999 -0.0009 0.0106
vn 0.9999 -0.0006 0.0104
vn -0.0043 -0.9960 -0.0892
vn -0.0013 -0.9964 -0.0844
vn -0.0014 -0.9964 -0.0845
vn 0.9998 0.0180 0.0079
vn 0.9997 0.0179 0.0165
vn 0.9996 0.0213 0.0176
vn 0.9997 0.0187 0.0170
vn 0.9999 0.0100 0.0111
vn 0.9999 0.0100 0.0110
vn 0.9999 0.0111 0.0115
vn 0.9999 0.0109 0.0115
vn 0.0079 0.1412 0.9899
vn 0.0079 0.1413 0.9899
vn 0.0078 0.1386 0.9903
vn 0.0079 0.1386 0.9903
vn 0.0156 -0.0319 -0.9994
vn 0.0129 -0.0345 -0.9993
vn 0.0150 -0.0358 -0.9992
vn -0.0136 -0.9758 -0.2180
vn -0.0131 -0.9760 -0.2176
vn 1.0000 0.0003 0.0094
vn 1.0000 0.0013 0.0095
vn 1.0000 -0.0004 0.0079
vn 1.0000 0.0011 0.0086
vn 0.0035 0.9329 -0.3602
vn 0.0043 0.9331 -0.3597
vn 0.0220 0.9682 0.2494
vn 0.0216 0.9684 0.2485
vn 0.0210 0.9683 0.2490
vn 0.0033 0.9333 -0.3591
vn 0.0100 0.9982 0.0597
vn 0.0098 0.9981 0.0600
vn 0.0102 0.9982 0.0595
vn -0.0111 0.9971 0.0749
vn -0.0081 0.9973 0.0731
vn -0.0114 0.9973 0.0731
vn -0.0113 0.9971 0.0752
vn 0.0448 -0.9560 -0.2898
vn 0.0387 -0.9564 -0.2893
vn 0.0392 -0.9564 -0.2895
vn 0.0389 -0.9548 -0.2946
vn 0.0091 0.2791 -0.9602
vn 0.0091 0.2788 -0.9603
vn -0.9998 0.0214 0.0034
vn -0.9997 0.0231 0.0009
vn -0.9997 0.0244 0.0035
vn -0.9997 0.0239 0.0005
vn -0.0037 0.0937 0.9956
vn -0.0037 0.0907 0.9959
vn -0.9997 0.0037 -0.0221
vn -0.9998 0.0053 -0.0180
vn -0.9997 0.0079 -0.0235
vn -0.0223 0.9506 0.3095
vn -0.0208 0.9502 0.3111
vn -0.0191 0.9520 0.3054
vn -0.0205 0.9525 0.3040
vn -0.0020 -0.0184 -0.9998
vn -0.0024 -0.0183 -0.9998
vn -0.0029 -0.0214 -0.9998
vn -0.0024 -0.0216 -0.9998
vn -1.0000 -0.0026 0.0093
vn -1.0000 0.0041 0.0080
vn -0.9999 0.0030 0.0134
vn -0.9999 0.0004 0.0123
vn -0.0041 -0.1518 0.9884
vn -0.0073 -0.1477 0.9890
vn -0.0069 -0.1496 0.9887
vn -0.0069 -0.1493 0.9888
vn 0.0135 0.9602 0.2789
vn 0.0149 0.9607 0.2773
vn 0.0170 0.9588 0.2836
vn 0.0155 0.9584 0.2851
vn -0.0099 -0.9428 -0.3332
vn -0.0094 -0.9427 -0.3335
vn -0.0091 -0.9443 -0.3291
vn -0.0094 -0.9443 -0.3289
vn -0.0107 -0.0166 0.9998
vn -0.0099 -0.0157 0.9998
vn -0.0112 -0.0144 0.9998
vn 0.0262 0.9537 0.2997
vn 0.0260 0.9537 0.2995
vn 0.0263 0.9518 0.3057
vn 0.0292 0.9526 0.3029
vn -0.0159 -0.9581 -0.2858
vn -0.0155 -0.9581 -0.2862
vn -0.0145 -0.9603 -0.2786
vn -0.0150 -0.9604 -0.2782
vn -0.0275 0.9572 0.2882
vn -0.0272 0.9572 0.2880
vn -0.0280 0.9572 0.2880
vn -0.0280 0.9571 0.2884
vn 0.0274 -0.9571 -0.2885
vn 0.0285 -0.9569 -0.2890
vn -0.0297 0.0592 0.9978
vn -0.0271 0.0565 0.9980
vn -0.0279 0.0597 0.9978
vn -0.0295 0.0580 0.9979
vn 0.0110 0.0169 -0.9998
vn 0.0111 0.0145 -0.9998
vn 0.0098 0.0163 -0.9998
vn 0.0099 0.0160 -0.9998
vn -0.9999 -0.0000 -0.0123
vn -0.9999 0.0083 -0.0116
vn -0.9999 0.0082 -0.0089
vn -0.9999 0.0110 -0.0134
vn 0.0160 0.0497 -0.9986
vn 0.0161 0.0513 -0.9986
vn 0.0160 0.0515 -0.9985
vn 0.0062 -0.9964 -0.0850
vn 0.0085 -0.9967 -0.0808
vn 0.0091 -0.9964 -0.0842
vn 0.0091 -0.9964 -0.0843
vn -0.9999 -0.0021 -0.0116
vn -1.0000 -0.0028 -0.0083
vn -0.9999 -0.0043 -0.0099
vn -0.0218 -0.9569 -0.2896
vn -0.0279 -0.9573 -0.2879
vn 0.0392 -0.9675 -0.2500
vn 0.0394 -0.9674 -0.2503
vn 0.0389 -0.9676 -0.2496
vn -0.0088 -0.0301 -0.9995
vn -0.0090 -0.0294 -0.9995
vn -0.0093 -0.0310 -0.9995
vn -0.0090 -0.0316 -0.9995
vn 0.0091 0.0311 0.9995
vn 0.0090 0.0313 0.9995
vn 0.0089 0.0295 0.9995
vn 0.0090 0.0295 0.9995
vn 0.0092 0.2791 -0.9602
vn 0.0036 0.9343 -0.3565
vn 0.0034 0.9341 -0.3569
vn -0.0343 -0.0066 0.9994
vn -0.0335 -0.0067 0.9994
vn -0.0328 -0.0042 0.9995
vn -0.0335 -0.0038 0.9994
vn 0.0151 -0.0098 -0.9998
vn 0.0150 -0.0102 -0.9998
vn 0.0150 -0.0094 -0.9998
vn 0.0150 -0.0088 -0.9998
vn 0.1366 -0.9867 -0.0877
vn 0.1378 -0.9866 -0.0878
vn 0.1374 -0.9866 -0.0884
vn -0.0173 0.9760 0.2170
vn -0.0175 0.9760 0.2172
vn -0.0169 0.9761 0.2166
vn 0.0465 0.1024 -0.9937
vn 0.0467 0.1024 -0.9936
vn 0.0468 0.1011 -0.9938
vn 0.0467 0.1010 -0.9938
vn 0.0115 -0.9971 -0.0758
vn 0.0116 -0.9971 -0.0758
vn 0.0086 -0.9971 -0.0755
vn 0.0098 -0.9973 -0.0730
vn 0.0248 -0.0985 0.9948
vn 0.0249 -0.0972 0.9950
vn 0.0233 -0.0977 0.9949
vn -0.0239 -0.1236 0.9920
vn -0.0236 -0.1232 0.9921
vn -0.0239 -0.1231 0.9921
vn 0.0163 -0.9762 -0.2161
vn 0.0167 -0.9761 -0.2166
vn 0.0176 -0.9759 -0.2175
vn 0.0174 -0.9760 -0.2172
vn 0.0108 -0.0468 -0.9988
vn 0.0056 -0.0483 -0.9988
vn 0.0092 0.2798 -0.9600
vn -0.0320 0.1639 0.9860
vn -0.0321 0.1638 0.9860
vn -0.0321 0.1653 0.9857
vn 0.0174 -0.0839 0.9963
vn 0.0207 -0.0831 0.9963
vn 0.0206 -0.0806 0.9965
vn -0.0255 -0.0080 -0.9996
vn -0.0385 -0.9980 -0.0494
vn -0.0385 -0.9980 -0.0493
vn -0.0385 -0.9978 -0.0538
vn -0.0385 -0.9978 -0.0537
vn -0.0150 0.0092 0.9998
vn -0.0150 0.0093 0.9998
vn -0.0151 0.0106 0.9998
vn -0.0150 0.0108 0.9998
vn 0.0038 0.9883 0.1527
vn 0.0037 0.9883 0.1527
vn 0.0006 0.9875 0.1577
vn 0.0006 0.9875 0.1578
vn -0.0094 0.1350 0.9908
vn 0.0103 0.9948 0.1016
vn 0.0102 0.9948 0.1015
vn 0.0117 0.9945 0.1040
vn 0.0117 0.9945 0.1039
vn -0.0095 -0.1375 0.9905
vn 0.0069 0.1500 -0.9887
vn 0.0069 0.1508 -0.9885
vn 0.0085 0.1521 -0.9883
vn 0.0050 0.1508 -0.9886
vn -1.0000 0.0028 0.0049
vn -1.0000 -0.0004 0.0057
vn -1.0000 0.0035 0.0027
vn -1.0000 0.0026 0.0027
vn -0.0094 -0.1368 0.9906
vn 0.0157 -0.9376 -0.3473
vn 0.0159 -0.9377 -0.3472
vn 0.0160 -0.9362 -0.3512
vn 0.0158 -0.9361 -0.3515
vn 0.0158 -0.1758 -0.9843
vn 0.0158 -0.1753 -0.9844
vn 0.0158 -0.1761 -0.9842
vn 0.0173 -0.0440 -0.9989
vn 0.0174 -0.0439 -0.9989
vn 0.0176 -0.0377 -0.9991
vn 0.0175 -0.0377 -0.9991
vn 0.0062 0.9941 0.1086
vn 0.0063 0.9940 0.1088
vn 0.0073 0.9939 0.1104
vn 0.0072 0.9939 0.1104
vn -0.0095 -0.1370 0.9905
vn -0.0100 -0.9981 -0.0600
vn -0.0102 -0.9981 -0.0603
vn 0.0097 -0.9971 -0.0748
vn 0.0096 -0.9972 -0.0747
vn 0.0106 -0.9970 -0.0763
vn 0.0040 0.9335 -0.3584
vn 0.0031 0.9337 -0.3581
vn 0.0031 0.9340 -0.3572
vn 0.0035 0.9338 -0.3578
vn -0.0072 -0.9939 -0.1103
vn -0.0063 -0.9940 -0.1087
vn -0.0064 -0.9940 -0.1089
vn 0.0021 0.1307 0.9914
vn 0.0025 0.1304 0.9915
vn 0.0028 0.1325 0.9912
vn 0.0024 0.1327 0.9912
vn -0.9999 -0.0026 -0.0120
vn -0.9999 0.0009 -0.0140
vn -0.9999 0.0028 -0.0144
vn -0.9998 -0.0000 -0.0179
vn -0.0393 0.9675 0.2500
vn -0.0395 0.9676 0.2496
vn 0.0025 0.0225 0.9997
vn 0.0025 0.0224 0.9997
vn 0.0024 0.0190 0.9998
vn 0.0025 0.0190 0.9998
vn -0.0073 -0.1912 -0.9815
vn -0.0078 -0.1908 -0.9816
vn -0.0083 -0.1934 -0.9811
vn -0.0077 -0.1936 -0.9810
vn -0.9999 0.0077 -0.0067
vn -0.9999 0.0061 -0.0089
vn -0.9999 0.0078 -0.0102
vn 0.0079 0.1934 0.9811
vn 0.0078 0.1935 0.9811
vn 0.0078 0.1909 0.9816
vn 0.0079 0.1908 0.9816
vn -0.0402 0.9546 0.2951
vn -0.0335 0.9568 0.2887
vn -0.0395 0.9563 0.2898
vn -0.0392 0.9564 0.2893
vn -0.0163 -0.0516 0.9985
vn -0.0160 -0.0517 0.9985
vn -0.0158 -0.0500 0.9986
vn -0.0160 -0.0499 0.9986
vn 0.0420 -0.9973 0.0597
vn -0.0273 -0.9521 -0.3046
vn -0.0260 -0.9517 -0.3060
vn -0.0247 -0.9533 -0.3012
vn -0.0260 -0.9537 -0.2996
vn -0.0469 -0.1013 0.9938
vn -0.0467 -0.1010 0.9938
vn -0.0466 -0.1021 0.9937
vn -0.0468 -0.1025 0.9936
vn -0.0187 0.0811 -0.9965
vn -0.0229 0.0832 -0.9963
vn -0.0207 0.0832 -0.9963
vn 0.0085 0.9444 0.3287
vn 0.0094 0.9447 0.3277
vn 0.0104 0.9434 0.3314
vn 0.0094 0.9431 0.3323
vn -0.0095 0.9954 0.0956
vn -0.0095 0.9954 0.0955
vn -0.0054 0.9948 0.1022
vn -0.0055 0.9948 0.1022
vn -0.1142 -0.9907 -0.0737
vn -0.1119 -0.9908 -0.0757
vn -0.1158 -0.9904 -0.0753
vn -0.1142 -0.9908 -0.0730
vn 0.0092 0.2785 -0.9604
vn -0.0106 0.9970 0.0762
vn -0.0106 0.9970 0.0763
vn -0.0096 0.9972 0.0747
vn -0.0097 0.9971 0.0749
vn -0.0875 -0.9919 -0.0919
vn -0.0808 -0.9924 -0.0925
vn -0.0843 -0.9919 -0.0952
vn -0.0117 -0.9945 -0.1039
vn -0.0103 -0.9948 -0.1014
vn 0.0202 -0.9520 -0.3054
vn 0.0205 -0.9521 -0.3051
vn 0.0211 -0.9499 -0.3119
vn 0.0209 -0.9498 -0.3122
vn -0.0025 -0.1325 -0.9912
vn -0.0024 -0.1323 -0.9912
vn -0.0024 -0.1307 -0.9914
vn -0.0024 -0.1306 -0.9914
vn 0.0217 0.9579 0.2864
vn 0.0225 0.9569 0.2896
vn -0.9999 -0.0007 0.0170
vn -0.9998 -0.0029 0.0207
vn -0.9998 -0.0060 0.0177
vn -1.0000 0.0001 -0.0099
vn -1.0000 0.0000 -0.0095
vn -0.9999 -0.0008 -0.0108
vn -0.0133 -0.9703 -0.2417
vn -0.0136 -0.9702 -0.2420
vn -0.0119 -0.9717 -0.2361
vn -0.0125 -0.9703 -0.2414
vn -0.0167 0.9369 0.3491
vn -0.0158 0.9366 0.3501
vn -0.0149 0.9378 0.3469
vn -0.0158 0.9381 0.3459
vn -0.0065 0.9962 0.0866
vn -0.0091 0.9964 0.0842
vn -0.0083 0.9965 0.0830
vn -0.0108 0.9964 0.0836
vn 0.0893 -0.9911 -0.0983
vn 0.0954 -0.9907 -0.0976
vn 0.0915 -0.9906 -0.1016
vn -0.0158 0.1759 0.9843
vn -0.0158 0.1765 0.9842
vn -0.0157 0.1756 0.9843
vn -0.0158 0.1754 0.9844
vn -1.0000 -0.0005 -0.0015
vn -1.0000 0.0019 0.0014
vn -1.0000 0.0032 -0.0008
vn -1.0000 0.0033 -0.0015
vn 0.0239 0.1237 -0.9920
vn -0.0223 -0.9684 -0.2485
vn -0.0218 -0.9681 -0.2495
vn -0.0216 -0.9684 -0.2487
vn -0.0180 0.0382 0.9991
vn -0.0175 0.0381 0.9991
vn -0.0170 0.0444 0.9989
vn -0.0175 0.0445 0.9989
vn 0.0339 0.0047 -0.9994
vn 0.0335 0.0040 -0.9994
vn 0.0329 0.0066 -0.9994
vn 0.0335 0.0069 -0.9994
vn -1.0000 -0.0029 -0.0093
vn -0.9999 -0.0030 -0.0097
vn 0.0039 -0.0897 -0.9960
vn 0.0037 -0.0894 -0.9960
vn 0.0035 -0.0924 -0.9957
vn 0.0037 -0.0924 -0.9957
vn 0.0053 -0.9954 -0.0958
vn 0.0054 -0.9954 -0.0958
vn 0.0096 -0.9947 -0.1023
vn 0.0132 -0.9986 0.0515
vn 0.0131 -0.9988 0.0469
vn 0.0131 -0.9988 0.0470
vn 0.0295 -0.0581 -0.9979
vn 0.0296 -0.0582 -0.9979
vn 0.0269 -0.0593 -0.9979
vn 0.0290 -0.0577 -0.9979
vn -0.9999 0.0157 -0.0049
vn -0.9999 0.0133 0.0029
vn -0.9998 0.0183 0.0035
vn -0.9999 0.0154 -0.0013
vn -0.9998 0.0199 -0.0042
vn -0.9998 0.0205 -0.0039
vn -0.9998 0.0217 -0.0043
vn 0.0272 0.0919 -0.9954
vn 0.0267 0.0918 -0.9954
vn 0.0260 0.1029 -0.9944
vn 0.0267 0.1030 -0.9943
vn -0.0037 -0.9875 -0.1576
vn -0.0006 -0.9883 -0.1527
vn -0.0007 -0.9883 -0.1526
vn -0.0248 0.0986 -0.9948
vn -0.0251 0.0968 -0.9950
vn -0.0262 0.0986 -0.9948
vn -0.0264 -0.1032 0.9943
vn -0.0266 -0.1032 0.9943
vn -0.0267 -0.0921 0.9954
vn -0.0265 -0.0920 0.9954
vn 0.0128 0.9704 0.2413
vn 0.0125 0.9702 0.2421
vn 0.0156 0.9713 0.2374
vn 0.0137 0.9702 0.2421
vn -0.0447 -0.9990 -0.0046
vn -0.0447 -0.9990 -0.0048
vn -0.0447 -0.9990 -0.0043
vn -0.0440 -0.9990 -0.0036
vn 0.0323 -0.1653 -0.9857
vn 0.0320 -0.1654 -0.9857
vn 0.0317 -0.1637 -0.9860
vn 0.0321 -0.1635 -0.9860
vn -1.0000 -0.0008 -0.0088
vn -1.0000 -0.0002 -0.0036
vn -1.0000 0.0001 -0.0089
vn -1.0000 0.0021 -0.0045
vn -0.5061 -0.5280 -0.6820
vn -1.0000 -0.0049 -0.0048
vn -1.0000 -0.0062 -0.0037
vn -1.0000 -0.0049 -0.0024
vn 0.5052 0.5145 0.6929
vn -0.5183 0.5145 0.6831
vn 0.0065 0.7295 -0.6840
vn 0.4823 -0.0008 0.8760
vn -0.4822 -0.0219 -0.8758
vn -0.4822 0.0180 -0.8759
vn -1.0000 -0.0012 -0.0095
vn -1.0000 0.0028 -0.0056
vn -1.0000 0.0028 -0.0095
vn -0.9997 0.0235 -0.0095
vn -0.4817 0.0493 -0.8749
vn 0.4821 0.0242 0.8758
vn 0.9999 -0.0102 0.0095
vn 0.4989 0.0017 -0.8666
vn 0.4989 0.0034 -0.8666
vn 0.5004 0.0017 -0.8658
vn -0.4969 -0.5376 -0.6812
vn -0.4969 -0.5370 -0.6817
vn -0.4903 -0.5401 -0.6840
vn -0.4903 -0.5408 -0.6835
vn 0.0000 1.0000 -0.0000
vn -0.9995 0.0181 -0.0276
vn -0.9993 0.0331 -0.0172
vn -0.9993 0.0334 -0.0167
vn 0.4537 0.5311 0.7156
vn 0.4538 0.5314 0.7153
vn 0.4527 0.5314 0.7160
vn 0.4527 0.5302 0.7169
vn -0.4276 -0.5663 -0.7046
vn -0.4268 -0.5654 -0.7058
vn -0.4270 -0.5662 -0.7051
vn 0.9995 0.0304 0.0029
vn 0.9995 0.0305 0.0028
vn 0.9995 0.0299 0.0032
vn 0.9998 -0.0174 0.0095
vn -0.4822 -0.0149 -0.8759
vn 0.4822 -0.0112 0.8760
vn 0.4823 -0.0170 0.8758
vn 0.4816 0.0534 0.8748
vn 0.9990 -0.0442 0.0043
vn 0.9995 -0.0183 -0.0273
vn 0.9936 -0.0882 -0.0699
vn 0.9937 -0.0881 -0.0699
vn -0.9921 -0.0835 -0.0932
vn 0.9995 0.0287 0.0095
vn 0.4987 0.0317 -0.8662
vn 0.9999 -0.0059 0.0095
vn 0.9993 0.0365 0.0095
vn -0.4823 -0.0112 -0.8760
vn 0.5074 0.5533 0.6606
vn 0.5074 0.5534 0.6606
vn 0.5397 0.5382 0.6473
vn 0.5398 0.5382 0.6473
vn 0.5079 0.5478 0.6648
vn 0.5072 0.5488 0.6646
vn 0.5071 0.5481 0.6651
vn -0.4823 0.0111 -0.8760
vn 0.5190 -0.5280 -0.6722
vn -0.4989 0.0053 0.8666
vn -0.9998 -0.0155 -0.0095
vn 0.9999 -0.0061 0.0153
vn 0.9998 -0.0107 0.0194
vn 0.9999 -0.0105 0.0109
vn 0.5199 -0.5578 -0.6469
vn 0.5199 -0.5626 -0.6427
vn 0.5145 -0.5601 -0.6493
vn 0.4219 0.5928 0.6860
vn 0.4219 0.5931 0.6858
vn 0.4200 0.5933 0.6867
vn 0.4202 0.5920 0.6877
vn -0.4521 -0.5340 -0.7145
vn -0.4521 -0.5350 -0.7137
vn -0.4534 -0.5354 -0.7126
vn -0.4533 -0.5352 -0.7128
vn 0.4672 -0.5338 -0.7048
vn 0.4673 -0.5340 -0.7047
vn 0.4657 -0.5344 -0.7054
vn 0.4657 -0.5338 -0.7058
vn 0.4413 -0.5673 -0.6953
vn 0.4414 -0.5673 -0.6952
vn 0.4397 -0.5678 -0.6959
vn 0.4398 -0.5673 -0.6962
vn 0.4820 0.0324 0.8756
vn 0.5197 -0.5433 -0.6594
vn 0.5251 -0.5458 -0.6529
vn 0.5197 -0.5481 -0.6553
vn -0.4989 0.0082 0.8666
vn -0.4986 0.0369 0.8661
vn -0.4823 0.0042 -0.8760
vn -0.4823 0.0053 -0.8760
vn -0.4823 -0.0008 -0.8760
vn 0.4982 -0.0534 -0.8654
vn -0.4989 0.0085 0.8666
vn -0.9999 0.0035 -0.0095
vn -0.4989 0.0086 0.8666
vn 0.9999 0.0000 0.0163
vn -0.0095 0.0000 1.0000
vn 0.4823 0.0010 0.8760
vn -0.4813 0.0026 -0.8766
vn -0.4823 0.0026 -0.8760
vn -0.4822 0.0211 -0.8758
vn -0.4988 -0.0219 0.8664
vn -0.4989 0.0043 0.8666
vn 0.0037 -0.9745 -0.2245
vn -1.0000 -0.0024 -0.0095
vn 0.4989 -0.0067 -0.8666
vn -0.9999 0.0108 -0.0095
vn -0.9998 0.0148 -0.0095
vn -0.9998 0.0109 -0.0135
vn 0.9999 -0.0044 0.0095
vn 0.4989 0.0016 -0.8667
vn 0.4989 0.0024 -0.8666
vn 0.5201 -0.5663 -0.6394
vn -0.5199 0.5554 0.6490
vn -0.5195 0.5416 0.6609
vn -0.4818 -0.0450 -0.8751
vn -0.4985 0.0407 0.8659
vn -0.9999 0.0043 -0.0095
vn -0.5073 -0.5526 -0.6613
vn -0.5074 -0.5537 -0.6603
vn -0.5081 -0.5522 -0.6610
vn 0.4987 -0.0277 -0.8663
vn 0.4772 0.0002 0.8788
vn 0.4823 0.0002 0.8760
vn 0.5099 -0.5338 -0.6746
vn 0.5033 -0.5372 -0.6768
vn 0.5033 -0.5377 -0.6764
vn 0.5099 -0.5342 -0.6743
vn 0.9995 0.0315 0.0095
vn 0.4817 0.0477 0.8750
vn 0.4989 -0.0058 -0.8666
vn -0.0156 0.2928 0.9561
vn 0.4820 -0.0349 0.8755
vn -0.0120 -0.6817 0.7315
vn -0.4821 -0.0246 -0.8757
vn 0.0120 0.6817 -0.7315
vn -0.9999 0.0000 -0.0163
vn -0.9998 0.0169 -0.0095
vn 0.0156 -0.2928 -0.9561
vn -0.0037 0.9745 0.2245
vn 0.9998 0.0158 0.0095
vn -0.4989 -0.0152 0.8666
vn -1.0000 -0.0092 -0.0009
vn -0.9999 -0.0105 -0.0021
vn -0.9999 -0.0106 0.0003
vn 0.9995 -0.0314 0.0095
vn 0.4989 0.0139 -0.8666
vn -0.4986 0.0325 0.8662
vn -0.5077 -0.5639 -0.6514
vn 0.4988 -0.0188 -0.8665
vn -0.5425 0.5171 0.6620
vn -0.5032 0.5333 0.6800
vn -0.5032 0.5335 0.6798
vn -0.5424 0.5174 0.6619
vn 0.4819 -0.0377 0.8754
vn 0.5072 0.5501 0.6634
vn 0.5066 0.5504 0.6637
vn 0.5072 0.5494 0.6640
vn -0.5061 -0.5552 -0.6600
vn -0.5074 -0.5547 -0.6595
vn -0.5074 -0.5540 -0.6601
vn -0.9997 -0.0236 -0.0095
vn 0.0095 0.0000 -1.0000
vn -0.9999 -0.0058 -0.0095
vn 0.9990 -0.0440 0.0095
vn -0.9991 0.0423 -0.0095
vn 0.9999 -0.0096 0.0095
vn -0.9999 -0.0143 -0.0095
vn -0.4664 0.5299 0.7083
vn -0.4664 0.5290 0.7090
vn -0.4674 0.5301 0.7074
vn -0.4677 0.5304 0.7071
vn -0.4345 0.5940 0.6771
vn -0.4345 0.5941 0.6770
vn -0.4329 0.5939 0.6782
vn -0.4330 0.5931 0.6788
vn 0.9999 -0.0109 0.0112
vn 0.9999 -0.0019 0.0110
vn 0.9999 -0.0062 0.0154
vn 0.4822 -0.0193 0.8759
vn -0.5199 0.5558 0.6486
vn -0.5521 0.5408 0.6346
vn -0.5522 0.5408 0.6346
vn -0.9921 -0.0781 -0.0981
vn -1.0000 -0.0025 -0.0072
vn -1.0000 -0.0027 -0.0074
vn -0.9921 -0.0783 -0.0981
vn 0.4988 0.0239 -0.8664
vn -0.9999 0.0049 -0.0108
vn -0.9999 0.0040 -0.0106
vn -0.9999 0.0043 -0.0107
vn 1.0000 0.0070 0.0069
vn 0.9999 0.0073 0.0072
vn 0.9938 -0.0720 -0.0842
vn 1.0000 0.0036 0.0072
vn 1.0000 0.0038 0.0071
vn 0.9938 -0.0722 -0.0841
vn 0.5297 0.5202 0.6700
vn 0.5297 0.5206 0.6696
vn 0.4902 0.5370 0.6866
vn 0.4902 0.5366 0.6868
vn 0.9991 -0.0045 0.0417
vn 0.9996 0.0223 0.0164
vn 1.0000 0.0077 0.0026
vn 0.9999 0.0074 0.0111
vn 0.9999 0.0078 0.0105
vn 0.9999 -0.0014 0.0111
vn -0.9999 0.0036 -0.0124
vn -0.9999 0.0038 -0.0131
vn -0.9999 0.0041 -0.0131
vn 0.4822 -0.0173 0.8759
vn 0.9999 -0.0048 0.0095
vn -0.4989 -0.0079 0.8666
vn -0.4986 -0.0340 0.8662
vn 0.4989 -0.0038 -0.8667
vn 0.4975 -0.0022 -0.8675
vn 0.4989 -0.0021 -0.8667
vn -0.9993 0.0346 -0.0167
vn -0.9993 0.0344 -0.0169
vn -0.9987 0.0501 -0.0050
vn 0.9995 0.0308 0.0031
vn 0.9995 0.0309 0.0030
vn 0.9995 0.0308 0.0030
g Stall_1_Stall_1_Collor_Material
usemtl Collor_Material
s off
f 219/1/1 263/2/2 262/3/3 216/4/4
f 180/5/5 182/6/5 324/7/5 323/8/5
f 259/9/6 278/10/7 277/11/8 256/12/9
f 212/13/10 279/14/10 295/15/10 260/16/10
f 211/17/11 269/18/12 278/19/13 259/20/14
f 475/21/15 362/22/16 360/23/15 474/24/17
f 364/25/18 412/26/19 431/27/20 422/28/21
f 273/29/22 274/30/22 247/31/22 244/32/22
f 226/33/23 229/34/24 302/35/25 301/36/26
f 277/37/27 276/38/27 253/39/28 256/40/29
f 202/41/30 204/42/31 357/43/31 355/44/32
f 400/45/33 403/46/34 428/47/35 427/48/36
f 247/49/37 274/50/38 275/51/39 250/52/40
f 200/53/41 353/54/42 351/55/43 198/56/44
f 455/57/45 456/58/46 385/59/47 382/60/48
f 375/61/49 417/62/50 418/63/51 378/64/52
f 230/65/53 233/66/54 286/67/55 285/68/56
f 273/69/57 244/70/57 241/71/57 272/72/57
f 432/73/58 433/74/59 368/75/60 365/76/61
f 249/77/62 308/78/63 309/79/64 252/80/65
f 317/81/66 318/82/66 202/83/66 200/84/67
f 205/85/68 320/86/69 314/87/70 194/88/71
f 422/89/72 415/90/73 369/91/74 364/92/75
f 474/93/76 360/94/77 358/95/78 473/96/79
f 320/97/80 205/98/81 207/99/82 321/100/83
f 180/101/84 333/102/85 335/103/86 182/104/87
f 251/105/88 292/106/88 445/107/89 404/108/89
f 435/109/90 436/110/91 377/111/92 374/112/93
f 326/113/94 186/114/95 188/115/96 327/116/97
f 418/117/98 419/118/99 381/119/100 378/120/101
f 466/121/102 331/122/103 362/123/104 475/124/104
f 269/125/105 211/126/106 216/127/107 262/128/108
f 232/129/109 385/130/110 456/131/111 303/132/112
f 429/133/113 406/134/114 388/135/115 423/136/116
f 305/137/117 306/138/117 243/139/117 240/140/117
f 288/141/117 289/142/117 242/143/117 239/144/117
f 393/145/118 396/146/118 459/147/118 458/148/118
f 353/149/119 470/150/119 469/151/119 351/152/119
f 390/153/120 393/154/120 458/155/120 457/156/120
f 417/157/121 375/158/121 372/159/121 416/160/121
f 398/161/119 443/162/119 442/163/119 395/164/119
f 392/165/120 441/166/120 440/167/120 389/168/120
f 305/169/122 240/170/122 237/171/122 304/172/122
f 380/173/123 437/174/124 438/175/125 383/176/126
f 358/177/127 347/178/127 467/179/128 473/180/129
f 318/181/130 319/182/131 204/183/132 202/184/133
f 407/185/134 389/186/135 440/187/136 446/188/137
f 291/189/138 248/190/138 245/191/138 290/192/138
f 477/193/121 478/194/121 337/195/121 335/196/121
f 465/197/139 414/198/140 411/199/140 464/200/141
f 353/201/142 355/202/143 471/203/144 470/204/145
f 449/205/146 366/206/147 414/207/148 465/208/149
f 379/209/150 454/210/151 455/211/152 382/212/153
f 222/213/154 264/214/154 263/215/154 219/216/154
f 477/217/155 335/218/155 333/219/155 476/220/155
f 182/221/156 184/222/156 325/223/156 324/224/156
f 254/225/157 293/226/158 287/227/159 236/228/160
f 373/229/161 452/230/162 453/231/163 376/232/164
f 471/233/165 355/234/166 357/235/167 472/236/168
f 275/237/169 428/238/170 403/239/171 250/240/171
f 312/241/172 311/242/172 258/243/172 261/244/172
f 366/245/173 449/246/174 450/247/175 367/248/176
f 218/249/177 281/250/178 280/251/177 215/252/177
f 314/253/122 315/254/122 196/255/122 194/256/122
f 331/257/179 466/258/180 476/259/181 333/260/182
f 402/261/183 405/262/184 462/263/185 461/264/186
f 307/265/187 308/266/187 249/267/188 246/268/189
f 420/269/190 421/270/191 387/271/192 384/272/192
f 362/273/193 331/274/194 178/275/195 209/276/193
f 307/277/196 246/278/196 243/279/196 306/280/196
f 268/281/197 234/282/198 387/283/198 421/284/199
f 317/285/200 200/286/200 198/287/200 316/288/200
f 319/289/201 472/290/201 357/291/202 204/292/203
f 271/293/122 238/294/122 235/295/122 270/296/122
f 271/297/117 272/298/117 241/299/117 238/300/117
f 267/301/204 231/302/205 234/303/206 268/304/207
f 257/305/208 294/306/209 293/307/210 254/308/211
f 218/309/212 221/310/212 282/311/212 281/312/212
f 276/313/213 270/314/214 235/315/215 253/316/216
f 178/317/217 180/318/218 323/319/219 313/320/220
f 186/321/221 326/322/221 325/323/221 184/324/221
f 315/325/117 316/326/117 198/327/117 196/328/117
f 343/329/222 341/330/222 480/331/222 481/332/222
f 376/333/223 453/334/224 454/335/225 379/336/226
f 464/337/227 411/338/227 408/339/228 463/340/229
f 322/341/230 321/342/231 207/343/232 209/344/233
f 265/345/234 225/346/235 228/347/236 266/348/237
f 217/349/238 220/350/238 299/351/238 298/352/238
f 224/353/239 227/354/239 284/355/239 283/356/239
f 383/357/240 438/358/240 439/359/240 386/360/240
f 343/361/241 481/362/242 482/363/243 345/364/241
f 227/365/244 230/366/245 285/367/246 284/368/247
f 214/369/248 217/370/248 298/371/248 297/372/248
f 190/373/249 328/374/249 327/375/249 188/376/249
f 287/377/122 288/378/122 239/379/122 236/380/122
f 381/381/250 419/382/251 420/383/252 384/384/253
f 416/385/155 372/386/155 369/387/155 415/388/155
f 190/389/254 343/390/255 345/391/256 192/392/256
f 310/393/257 304/394/257 237/395/258 255/396/259
f 192/397/260 345/398/261 482/399/262 329/400/263
f 365/401/264 413/402/264 448/403/264 432/404/264
f 296/405/265 312/406/266 261/407/267 213/408/268
f 310/409/269 255/410/270 258/411/271 311/412/272
f 451/413/155 370/414/155 367/415/155 450/416/155
f 478/417/273 479/418/273 339/419/273 337/420/273
f 347/421/120 349/422/120 468/423/120 467/424/120
f 290/425/57 245/426/57 242/427/57 289/428/57
f 433/429/155 434/430/155 371/431/155 368/432/155
f 463/433/274 408/434/275 390/435/276 457/436/276
f 291/437/277 292/438/278 251/439/279 248/440/280
f 190/441/281 192/442/281 329/443/282 328/444/283
f 188/445/284 341/446/285 343/447/286 190/448/287
f 205/449/288 194/450/288 347/451/288 358/452/288
f 221/453/289 224/454/290 283/455/291 282/456/292
f 394/457/119 397/458/119 426/459/119 425/460/119
f 400/461/293 427/462/293 426/463/293 397/464/293
f 231/465/294 267/466/295 266/467/296 228/468/297
f 225/469/298 265/470/299 264/471/300 222/472/301
f 391/473/118 394/474/118 425/475/118 424/476/118
f 468/477/118 349/478/118 351/479/118 469/480/118
f 391/481/120 424/482/120 423/483/120 388/484/120
f 377/485/302 436/486/303 437/487/304 380/488/305
f 444/489/306 401/490/307 404/491/308 445/492/309
f 399/493/119 460/494/119 459/495/119 396/496/119
f 392/497/118 395/498/118 442/499/118 441/500/118
f 360/501/310 362/502/310 209/503/310 207/504/310
f 286/505/311 233/506/312 386/507/313 439/508/314
f 213/509/315 214/510/316 297/511/317 296/512/318
f 410/513/319 407/514/320 446/515/321 447/516/319
f 279/517/322 212/518/323 215/519/324 280/520/325
f 260/521/326 295/522/327 294/523/328 257/524/329
f 223/525/330 226/526/331 301/527/332 300/528/333
f 302/529/334 229/530/335 232/531/336 303/532/337
f 252/533/338 309/534/339 462/535/340 405/536/341
f 313/537/342 322/538/343 209/539/342 178/540/342
f 401/541/293 444/542/293 443/543/293 398/544/293
f 412/545/344 409/546/345 430/547/346 431/548/347
f 435/549/121 374/550/121 371/551/121 434/552/121
f 402/553/348 461/554/293 460/555/293 399/556/349
f 194/557/350 196/558/350 349/559/351 347/560/350
f 186/561/352 184/562/353 337/563/354 339/564/355
f 188/565/356 186/566/357 339/567/358 341/568/359
f 198/569/360 351/570/361 349/571/362 196/572/363
f 202/573/364 355/574/365 353/575/366 200/576/367
f 409/577/368 406/578/368 429/579/369 430/580/370
f 178/581/371 331/582/372 333/583/373 180/584/374
f 205/585/375 358/586/376 360/587/377 207/588/378
f 479/589/379 480/590/380 341/591/381 339/592/382
f 220/593/383 223/594/384 300/595/385 299/596/385
f 413/597/386 410/598/386 447/599/386 448/600/387
f 452/601/121 373/602/121 370/603/121 451/604/121
f 184/605/388 182/606/389 335/607/390 337/608/391
f 263/609/392 181/610/392 179/611/392 262/612/393
f 278/613/394 210/614/395 208/615/395 277/616/396
f 323/617/397 324/618/397 217/619/397 214/620/397
f 256/621/398 253/622/399 293/623/398 294/624/400
f 257/625/401 254/626/402 310/627/403 311/628/404
f 366/629/405 466/630/406 475/631/407 414/632/408
f 264/633/409 183/634/410 181/635/409 263/636/409
f 177/637/411 330/638/412 363/639/413 210/640/414
f 247/641/415 250/642/415 292/643/416 291/644/416
f 203/645/417 201/646/418 354/647/419 356/648/417
f 313/649/420 323/650/421 214/651/422 213/652/423
f 183/653/424 264/654/425 265/655/426 185/656/427
f 189/657/428 342/658/429 340/659/430 187/660/431
f 246/661/432 249/662/433 318/663/434 317/664/435
f 177/665/436 269/666/437 262/667/438 179/668/439
f 364/669/440 369/670/441 433/671/442 432/672/443
f 308/673/444 248/674/445 251/675/445 309/676/446
f 269/677/447 177/678/448 210/679/449 278/680/450
f 330/681/451 332/682/452 415/683/453 422/684/454
f 212/685/455 260/686/456 312/687/457 296/688/458
f 365/689/459 449/690/460 465/691/459 413/692/459
f 454/693/461 380/694/462 383/695/463 455/696/464
f 461/697/465 462/698/466 404/699/467 401/700/468
f 179/701/469 181/702/470 334/703/471 332/704/472
f 222/705/473 282/706/473 283/707/474 225/708/475
f 407/709/476 463/710/477 457/711/478 389/712/479
f 206/713/480 359/714/481 346/715/482 193/716/482
f 432/717/264 448/718/264 412/719/483 364/720/484
f 414/721/485 475/722/485 474/723/486 411/724/487
f 187/725/488 266/726/489 267/727/490 189/728/491
f 348/729/118 424/730/118 425/731/118 350/732/118
f 375/733/121 435/734/121 434/735/121 372/736/121
f 195/737/117 197/738/117 272/739/117 271/740/117
f 458/741/120 392/742/120 389/743/120 457/744/120
f 340/745/492 342/746/493 420/747/494 419/748/495
f 298/749/496 299/750/496 221/751/496 218/752/496
f 238/753/117 241/754/117 289/755/117 288/756/117
f 297/757/497 298/758/498 218/759/498 215/760/498
f 239/761/122 305/762/122 304/763/122 236/764/122
f 381/765/499 384/766/500 438/767/501 437/768/502
f 299/769/503 300/770/504 224/771/505 221/772/506
f 268/773/507 421/774/508 344/775/509 191/776/509
f 260/777/510 257/778/511 311/779/512 312/780/512
f 285/781/513 286/782/514 234/783/515 231/784/516
f 410/785/517 464/786/518 463/787/519 407/788/520
f 342/789/521 344/790/521 421/791/522 420/792/523
f 383/793/524 386/794/524 456/795/525 455/796/526
f 413/797/527 465/798/528 464/799/529 410/800/530
f 326/801/221 223/802/531 220/803/532 325/804/221
f 237/805/122 240/806/122 315/807/122 314/808/122
f 334/809/121 336/810/121 417/811/121 416/812/121
f 281/813/533 282/814/533 222/815/533 219/816/533
f 441/817/118 442/818/118 394/819/118 391/820/118
f 453/821/534 377/822/535 380/823/536 454/824/536
f 481/825/537 382/826/538 385/827/538 482/828/539
f 328/829/540 229/830/540 226/831/540 327/832/540
f 203/833/541 356/834/542 428/835/543 275/836/544
f 452/837/545 374/838/546 377/839/547 453/840/548
f 208/841/549 206/842/550 276/843/551 277/844/552
f 246/845/553 317/846/553 316/847/553 243/848/553
f 195/849/122 271/850/122 270/851/122 193/852/122
f 320/853/554 255/854/555 237/855/556 314/856/557
f 247/857/558 291/858/558 290/859/558 244/860/558
f 470/861/559 471/862/560 402/863/561 399/864/562
f 187/865/563 340/866/564 338/867/565 185/868/566
f 199/869/567 201/870/567 274/871/567 273/872/567
f 449/873/568 365/874/569 368/875/570 450/876/571
f 283/877/572 284/878/573 228/879/572 225/880/574
f 402/881/575 471/882/576 472/883/577 405/884/578
f 293/885/579 253/886/580 235/887/581 287/888/582
f 248/889/583 308/890/583 307/891/583 245/892/583
f 199/893/57 273/894/57 272/895/57 197/896/57
f 447/897/584 446/898/584 406/899/584 409/900/585
f 359/901/586 429/902/587 423/903/588 346/904/588
f 281/905/589 219/906/590 216/907/591 280/908/592
f 446/909/593 440/910/593 388/911/594 406/912/595
f 481/913/222 480/914/222 379/915/222 382/916/222
f 338/917/596 340/918/597 419/919/598 418/920/599
f 201/921/600 199/922/601 352/923/602 354/924/603
f 261/925/604 258/926/604 321/927/605 322/928/604
f 336/929/606 338/930/607 418/931/608 417/932/609
f 459/933/118 395/934/118 392/935/118 458/936/118
f 239/937/117 242/938/117 306/939/117 305/940/117
f 223/941/610 326/942/611 327/943/612 226/944/613
f 206/945/614 208/946/615 361/947/615 359/948/616
f 235/949/122 238/950/122 288/951/122 287/952/122
f 444/953/293 400/954/293 397/955/293 443/956/293
f 376/957/617 379/958/618 480/959/619 479/960/620
f 213/961/621 261/962/622 322/963/623 313/964/624
f 375/965/625 378/966/626 436/967/627 435/968/628
f 292/969/629 250/970/629 403/971/629 445/972/629
f 422/973/630 431/974/631 363/975/632 330/976/633
f 438/977/634 384/978/635 387/979/636 439/980/637
f 328/981/638 329/982/639 232/983/640 229/984/640
f 211/985/641 279/986/642 280/987/643 216/988/644
f 255/989/645 320/990/646 321/991/647 258/992/648
f 232/993/649 329/994/650 482/995/651 385/996/652
f 423/997/120 424/998/120 348/999/120 346/1000/120
f 470/1001/119 399/1002/119 396/1003/119 469/1004/119
f 371/1005/121 374/1006/121 452/1007/121 451/1008/121
f 240/1009/117 243/1010/117 316/1011/117 315/1012/117
f 324/1013/653 325/1014/653 220/1015/653 217/1016/653
f 206/1017/654 193/1018/655 270/1019/656 276/1020/657
f 468/1021/120 393/1022/120 390/1023/120 467/1024/120
f 370/1025/155 477/1026/155 476/1027/155 367/1028/155
f 286/1029/658 439/1030/659 387/1031/660 234/1032/660
f 473/1033/661 467/1034/661 390/1035/662 408/1036/662
f 466/1037/663 366/1038/664 367/1039/665 476/1040/666
f 461/1041/293 401/1042/293 398/1043/293 460/1044/293
f 372/1045/155 434/1046/155 433/1047/155 369/1048/155
f 185/1049/667 265/1050/668 266/1051/669 187/1052/670
f 279/1053/10 211/1054/671 259/1055/672 295/1056/10
f 189/1057/673 191/1058/674 344/1059/674 342/1060/675
f 199/1061/676 197/1062/677 350/1063/677 352/1064/678
f 334/1065/155 416/1066/155 415/1067/155 332/1068/155
f 448/1069/679 447/1070/680 409/1071/681 412/1072/682
f 477/1073/121 370/1074/121 373/1075/121 478/1076/121
f 296/1077/683 297/1078/684 215/1079/685 212/1080/686
f 254/1081/687 236/1082/688 304/1083/689 310/1084/690
f 427/1085/293 354/1086/293 352/1087/293 426/1088/293
f 441/1089/120 391/1090/120 388/1091/120 440/1092/120
f 244/1093/57 290/1094/57 289/1095/57 241/1096/57
f 443/1097/119 397/1098/119 394/1099/119 442/1100/119
f 468/1101/118 469/1102/118 396/1103/118 393/1104/118
f 303/1105/691 456/1106/692 386/1107/693 233/1108/693
f 245/1109/57 307/1110/57 306/1111/57 242/1112/57
f 436/1113/694 378/1114/695 381/1115/696 437/1116/697
f 185/1117/698 338/1118/699 336/1119/700 183/1120/701
f 230/1121/702 302/1122/702 303/1123/702 233/1124/702
f 431/1125/703 430/1126/704 361/1127/705 363/1128/705
f 249/1129/706 252/1130/707 319/1131/708 318/1132/709
f 284/1133/710 285/1134/711 231/1135/712 228/1136/713
f 425/1137/119 426/1138/119 352/1139/119 350/1140/119
f 193/1141/714 346/1142/715 348/1143/714 195/1144/714
f 400/1145/716 444/1146/717 445/1147/718 403/1148/719
f 411/1149/720 474/1150/721 473/1151/722 408/1152/722
f 252/1153/723 405/1154/723 472/1155/724 319/1156/725
f 301/1157/726 302/1158/727 230/1159/728 227/1160/729
f 197/1161/677 195/1162/677 348/1163/677 350/1164/677
f 177/1165/730 179/1166/731 332/1167/732 330/1168/733
f 210/1169/734 363/1170/735 361/1171/736 208/1172/736
f 427/1173/737 428/1174/738 356/1175/739 354/1176/740
f 430/1177/741 429/1178/741 359/1179/742 361/1180/743
f 189/1181/744 267/1182/745 268/1183/746 191/1184/744
f 274/1185/747 201/1186/748 203/1187/749 275/1188/750
f 295/1189/751 259/1190/752 256/1191/753 294/1192/754
f 251/1193/755 404/1194/756 462/1195/757 309/1196/758
f 300/1197/759 301/1198/760 227/1199/761 224/1200/762
f 183/1201/763 336/1202/764 334/1203/765 181/1204/766
f 373/1205/273 376/1206/273 479/1207/273 478/1208/273
f 371/1209/155 451/1210/155 450/1211/155 368/1212/155
f 460/1213/119 398/1214/119 395/1215/119 459/1216/119
f 127/1217/120 132/1218/120 130/1219/120 128/1220/120
f 110/1221/767 80/1222/767 79/1223/767 109/1224/767
f 111/1225/768 81/1226/769 80/1227/769 110/1228/770
f 112/1229/771 113/1230/771 83/1231/771 82/1232/771
f 112/1233/772 82/1234/772 81/1235/772 111/1236/772
f 17/1237/773 16/1238/773 15/1239/773
f 47/1240/769 17/1241/769 18/1242/769 48/1243/769
f 15/1244/771 16/1245/771 46/1246/771 45/1247/771
f 153/1248/774 6/1249/774 8/1250/774 154/1251/774
f 150/1252/775 145/1253/775 1/1254/775 11/1255/775
f 150/1256/776 156/1257/776 151/1258/776 145/1259/776
f 40/1260/777 41/1261/778 29/1262/779 27/1263/779
f 87/1264/780 89/1265/780 104/1266/780 103/1267/780
f 67/1268/781 69/1269/781 139/1270/781 144/1271/781
f 93/1272/782 106/1273/782 105/1274/782 91/1275/782
f 95/1276/783 107/1277/783 106/1278/783 93/1279/783
f 20/1280/784 22/1281/784 32/1282/785 31/1283/786
f 59/1284/787 53/1285/788 54/1286/789 60/1287/790
f 74/1288/791 76/1289/791 68/1290/791 72/1291/791
f 66/1292/792 58/1293/793 59/1294/794
f 123/1295/795 130/1296/796 131/1297/797 124/1298/798
f 61/1299/799 66/1300/799 59/1301/800 60/1302/801
f 56/1303/802 62/1304/803 55/1305/804
f 8/1306/791 6/1307/791 2/1308/791 10/1309/791
f 22/1310/805 24/1311/805 33/1312/805 32/1313/805
f 41/1314/806 42/1315/806 19/1316/806 29/1317/806
f 105/1318/807 106/1319/807 101/1320/808 100/1321/807
f 76/1322/791 78/1323/791 68/1324/791
f 38/1325/809 39/1326/809 25/1327/809 23/1328/809
f 46/1329/772 16/1330/772 17/1331/772 47/1332/772
f 44/1333/810 45/1334/811 50/1335/812 49/1336/813
f 52/1337/763 47/1338/763 48/1339/814 53/1340/814
f 48/1341/767 18/1342/767 13/1343/767 43/1344/767
f 3/1345/815 146/1346/815 147/1347/815 5/1348/815
f 107/1349/816 108/1350/816 97/1351/816 102/1352/816
f 152/1353/817 4/1354/817 6/1355/817 153/1356/817
f 21/1357/818 37/1358/818 38/1359/818 23/1360/818
f 85/1361/819 87/1362/819 103/1363/819 108/1364/819
f 45/1365/820 46/1366/821 51/1367/822 50/1368/823
f 117/1369/824 118/1370/825 113/1371/826 112/1372/826
f 133/1373/827 134/1374/827 70/1375/827 68/1376/827
f 13/1377/828 14/1378/828 44/1379/828 43/1380/828
f 140/1381/829 141/1382/829 136/1383/829 135/1384/829
f 35/1385/830 28/1386/830 30/1387/830 36/1388/830
f 124/1389/831 125/1390/831 119/1391/832 118/1392/833
f 125/1393/834 126/1394/834 120/1395/835 119/1396/836
f 57/1397/837 64/1398/838 63/1399/839 56/1400/840
f 121/1401/841 126/1402/842 127/1403/843 128/1404/844
f 125/1405/845 132/1406/846 127/1407/847 126/1408/848
f 130/1409/120 129/1410/120 128/1411/120
f 55/1412/849 62/1413/850 61/1414/851 60/1415/852
f 141/1416/853 142/1417/853 137/1418/853 136/1419/853
f 119/1420/854 120/1421/855 109/1422/856 114/1423/856
f 73/1424/857 141/1425/857 140/1426/857 71/1427/857
f 39/1428/858 40/1429/858 27/1430/858 25/1431/858
f 36/1432/859 31/1433/860 42/1434/860 41/1435/860
f 12/1436/861 2/1437/861 151/1438/861 156/1439/861
f 97/1440/862 86/1441/862 96/1442/862 102/1443/862
f 39/1444/863 34/1445/863 35/1446/863 40/1447/863
f 149/1448/864 155/1449/864 156/1450/864 150/1451/864
f 99/1452/865 100/1453/865 92/1454/865 90/1455/865
f 163/1456/866 165/1457/866 167/1458/866
f 173/1459/867 174/1460/867 170/1461/867 169/1462/867
f 38/1463/868 33/1464/868 34/1465/868 39/1466/868
f 36/1467/869 30/1468/870 20/1469/870 31/1470/870
f 103/1471/871 98/1472/871 97/1473/871 108/1474/871
f 105/1475/872 100/1476/872 99/1477/872 104/1478/872
f 154/1479/873 8/1480/873 10/1481/873 155/1482/873
f 160/1483/874 162/1484/874 161/1485/874 159/1486/874
f 149/1487/875 150/1488/875 11/1489/875 9/1490/875
f 1/1491/876 145/1492/876 146/1493/876 3/1494/876
f 35/1495/877 36/1496/877 41/1497/878 40/1498/879
f 37/1499/880 32/1500/880 33/1501/880 38/1502/880
f 19/1503/881 42/1504/881 37/1505/881 21/1506/881
f 144/1507/882 133/1508/882 138/1509/882 143/1510/882
f 43/1511/883 44/1512/883 49/1513/883 54/1514/883
f 123/1515/884 117/1516/884 116/1517/884 122/1518/884
f 117/1519/885 112/1520/885 111/1521/885 116/1522/885
f 97/1523/886 98/1524/886 88/1525/886 86/1526/886
f 91/1527/887 105/1528/887 104/1529/887 89/1530/887
f 10/1531/888 12/1532/888 156/1533/888 155/1534/888
f 121/1535/889 115/1536/890 120/1537/891 126/1538/889
f 85/1539/892 108/1540/892 107/1541/892 95/1542/892
f 101/1543/893 94/1544/894 92/1545/894 100/1546/894
f 49/1547/895 55/1548/896 60/1549/897 54/1550/898
f 143/1551/899 138/1552/899 137/1553/899 142/1554/899
f 5/1555/900 147/1556/900 148/1557/900 7/1558/900
f 2/1559/901 4/1560/901 152/1561/901 151/1562/901
f 158/1563/902 157/1564/902 167/1565/902 168/1566/902
f 24/1567/903 26/1568/903 34/1569/903 33/1570/903
f 160/1571/904 159/1572/904 157/1573/904 158/1574/904
f 139/1575/905 134/1576/905 133/1577/905 144/1578/905
f 164/1579/906 166/1580/906 165/1581/906 163/1582/906
f 158/1583/907 168/1584/907 164/1585/907 162/1586/907
f 135/1587/908 72/1588/908 70/1589/908 134/1590/908
f 164/1591/909 163/1592/909 161/1593/909 162/1594/909
f 168/1595/910 167/1596/910 165/1597/910 166/1598/910
f 106/1599/911 107/1600/911 102/1601/911 101/1602/911
f 148/1603/912 154/1604/912 155/1605/912 149/1606/912
f 116/1607/913 111/1608/914 110/1609/915 115/1610/913
f 102/1611/916 96/1612/916 94/1613/916 101/1614/916
f 151/1615/917 152/1616/917 146/1617/917 145/1618/917
f 148/1619/918 149/1620/918 9/1621/918 7/1622/918
f 173/1623/120 169/1624/120 171/1625/120 175/1626/120
f 161/1627/866 163/1628/866 167/1629/866 157/1630/866
f 53/1631/919 48/1632/919 43/1633/919 54/1634/919
f 138/1635/920 133/1636/920 68/1637/920 78/1638/920
f 51/1639/921 52/1640/922 58/1641/923 57/1642/924
f 137/1643/925 76/1644/925 74/1645/925 136/1646/925
f 14/1647/773 18/1648/773 17/1649/773 15/1650/773
f 123/1651/926 124/1652/926 118/1653/927 117/1654/928
f 115/1655/929 110/1656/930 109/1657/930 120/1658/931
f 175/1659/361 176/1660/361 174/1661/361 173/1662/361
f 170/1663/791 174/1664/791 176/1665/791 172/1666/791
f 139/1667/932 140/1668/932 135/1669/932 134/1670/932
f 176/1671/933 175/1672/933 171/1673/933 172/1674/933
f 104/1675/934 99/1676/934 98/1677/934 103/1678/934
f 137/1679/935 138/1680/935 78/1681/935 76/1682/935
f 71/1683/936 140/1684/936 139/1685/936 69/1686/936
f 75/1687/937 77/1688/937 143/1689/937 142/1690/937
f 81/1691/773 83/1692/773 84/1693/773 80/1694/773
f 170/1695/677 172/1696/677 171/1697/677 169/1698/677
f 98/1699/938 99/1700/938 90/1701/938 88/1702/938
f 123/1703/939 122/1704/940 129/1705/941 130/1706/942
f 65/1707/943 64/1708/944 57/1709/945 58/1710/946
f 113/1711/947 114/1712/948 84/1713/949 83/1714/949
f 153/1715/950 154/1716/950 148/1717/950 147/1718/950
f 51/1719/951 46/1720/951 47/1721/952 52/1722/953
f 52/1723/954 53/1724/955 59/1725/956 58/1726/957
f 77/1727/958 67/1728/958 144/1729/958 143/1730/958
f 122/1731/959 121/1732/960 128/1733/961 129/1734/961
f 124/1735/962 131/1736/963 132/1737/962 125/1738/962
f 50/1739/964 56/1740/965 55/1741/966 49/1742/967
f 50/1743/968 51/1744/969 57/1745/970 56/1746/971
f 14/1747/949 15/1748/949 45/1749/972 44/1750/973
f 118/1751/974 119/1752/975 114/1753/976 113/1754/977
f 122/1755/978 116/1756/979 115/1757/979 121/1758/980
f 75/1759/981 142/1760/981 141/1761/981 73/1762/981
f 152/1763/982 153/1764/982 147/1765/982 146/1766/982
f 136/1767/983 74/1768/983 72/1769/983 135/1770/983
f 34/1771/984 26/1772/984 28/1773/984 35/1774/984
f 114/1775/828 109/1776/828 79/1777/828 84/1778/828
f 31/1779/985 32/1780/986 37/1781/987 42/1782/987
f 6/1783/791 4/1784/791 2/1785/791
f 2/1786/791 12/1787/791 10/1788/791
f 14/1789/773 13/1790/773 18/1791/773
f 66/1792/988 65/1793/989 58/1794/990
f 56/1795/991 63/1796/992 62/1797/993
f 68/1798/791 70/1799/791 72/1800/791
f 79/1801/773 80/1802/773 84/1803/773
f 81/1804/773 82/1805/773 83/1806/773
f 132/1807/120 131/1808/120 130/1809/120
f 162/1810/907 160/1811/907 158/1812/907
f 168/1813/907 166/1814/907 164/1815/907
f 157/1816/866 159/1817/866 161/1818/866
