# Blender v3.0.0 OBJ File: 'aa.blend'
# www.blender.org
mtllib Stall_2.mtl
o Stall_2
v 1.115392 1.057480 0.559014
v 1.113721 0.746305 1.564154
v -0.966232 0.746305 1.564155
v -0.973321 1.057480 0.559015
v 1.104190 0.995244 0.760042
v 1.130776 0.933010 0.961070
v 1.104190 0.870775 1.162098
v 1.113720 0.808540 1.363126
v -0.966232 0.808540 1.363127
v -0.970204 0.870775 1.162099
v -0.966232 0.933010 0.961071
v -0.961784 0.995245 0.760043
v 1.104190 1.078586 0.785245
v 1.130776 0.999016 0.986273
v 1.104190 0.942782 1.187301
v 1.113720 0.905248 1.388329
v -0.966232 0.880547 1.388330
v -0.970204 0.954116 1.187302
v -0.966232 1.005017 0.986274
v -0.961784 1.078586 0.785246
v 1.104190 0.814314 1.344474
v -0.970203 0.814314 1.344475
v 1.104190 0.886321 1.369677
v -0.970203 0.897655 1.369678
v 1.130776 0.875917 1.145487
v -0.966232 0.875917 1.145488
v 1.130776 0.941924 1.170690
v -0.966232 0.947924 1.170691
v 1.104190 0.937702 0.945914
v -0.961784 0.937702 0.945915
v 1.104190 1.021043 0.971117
v -0.961784 1.021043 0.971117
v -0.973321 0.999317 0.746889
v -0.973321 1.056621 0.772092
v 1.115392 0.999317 0.746888
v 1.115392 1.071324 0.772091
v 1.093091 1.009232 0.750358
v 1.093091 1.005159 0.763513
v 1.093091 0.947617 0.949384
v 1.093091 0.942924 0.964540
v 1.093091 0.885832 1.148957
v 1.093091 0.880689 1.165569
v 1.093092 0.824229 1.347944
v 1.093092 0.818455 1.366597
v 1.093091 1.061409 0.768620
v 1.093091 1.057337 0.781775
v 1.093091 0.999794 0.967646
v 1.093091 0.995102 0.982803
v 1.093091 0.938009 1.167220
v 1.093092 0.932867 1.183831
v 1.093092 0.876406 1.366207
v 1.093092 0.870632 1.384859
v -0.955134 1.005159 0.763514
v -0.955134 1.057337 0.781776
v -0.955134 0.942924 0.964541
v -0.955134 0.995102 0.982804
v -0.955134 0.880689 1.165570
v -0.955134 0.932867 1.183832
v -0.955134 0.818455 1.366598
v -0.955134 0.870632 1.384860
v -0.955134 0.824229 1.347945
v -0.955134 0.876406 1.366208
v -0.955134 0.885832 1.148958
v -0.955134 0.938009 1.167221
v -0.955134 0.947617 0.949385
v -0.955134 0.999794 0.967647
v -0.955134 1.009232 0.750359
v -0.955134 1.061409 0.768621
v 0.586585 0.746305 1.564154
v 0.068980 0.746305 1.564155
v -0.448627 0.746305 1.564155
v -0.448627 1.057480 0.559015
v 0.068980 1.057480 0.559015
v 0.586585 1.057480 0.559015
v -0.448627 0.818312 1.589358
v -0.448627 1.144490 0.559015
v 0.068980 1.144490 0.559015
v 0.586585 1.144490 0.559015
v 0.586585 0.891881 1.388329
v 0.068980 0.880547 1.388330
v -0.448627 0.880547 1.388330
v 0.586585 0.942782 1.187302
v 0.068980 0.942782 1.187302
v -0.448627 0.954116 1.187302
v 0.586585 1.005017 0.986273
v 0.068980 1.005017 0.986274
v -0.448627 1.005017 0.986274
v 0.586585 1.078586 0.785245
v 0.068980 1.067252 0.785246
v -0.448627 1.078586 0.785246
v 0.586585 0.995244 0.760043
v -0.448627 0.995245 0.760043
v 0.586585 0.933010 0.961070
v -0.448627 0.933010 0.961071
v 0.586585 0.870775 1.162099
v -0.448627 0.870775 1.162099
v 0.586585 0.808540 1.363126
v 0.068980 0.808540 1.363127
v -0.448627 0.808540 1.363127
v 0.586585 0.814314 1.344474
v -0.448627 0.814314 1.344475
v 0.586585 0.886321 1.369677
v 0.068980 0.886321 1.369678
v -0.448627 0.897655 1.369678
v 0.586585 0.875917 1.145487
v -0.448627 0.875917 1.145488
v 0.586585 0.947924 1.170690
v 0.068980 0.947924 1.170691
v -0.448627 0.947924 1.170691
v 0.586585 0.937702 0.945914
v -0.448627 0.937702 0.945914
v 0.586585 1.021043 0.971117
v 0.068980 1.009709 0.971117
v -0.448627 1.021043 0.971117
v 0.586585 0.999317 0.746888
v 0.068980 0.999317 0.746889
v -0.448627 0.999317 0.746889
v 0.586585 1.071324 0.772091
v 0.068980 1.071324 0.772091
v -0.448627 1.071324 0.772092
v 0.581037 0.870632 1.384859
v 0.068980 0.870632 1.384859
v -0.443077 0.870632 1.384860
v 0.581035 0.932867 1.183831
v 0.068980 0.932867 1.183832
v -0.443077 0.932867 1.183832
v 0.581035 0.995102 0.982803
v 0.068980 0.995102 0.982803
v -0.443077 0.995102 0.982804
v 0.581035 1.057337 0.781775
v 0.068980 1.057337 0.781775
v -0.443077 1.057337 0.781776
v 0.581035 1.005159 0.763513
v -0.443077 1.005159 0.763513
v 0.581035 0.942924 0.964541
v -0.443077 0.942924 0.964541
v 0.581035 0.880689 1.165569
v -0.443077 0.880689 1.165569
v 0.581035 0.818455 1.366597
v -0.443077 0.818455 1.366597
v 0.581035 0.824229 1.347945
v -0.443077 0.824229 1.347945
v 0.581035 0.876406 1.366207
v 0.068980 0.876406 1.366207
v -0.443077 0.876406 1.366208
v 0.581035 0.885832 1.148958
v -0.443077 0.885832 1.148958
v 0.581035 0.938009 1.167220
v 0.068980 0.938009 1.167220
v -0.443077 0.938009 1.167220
v 0.581035 0.947617 0.949384
v -0.443077 0.947617 0.949385
v 0.581035 0.999794 0.967646
v 0.068980 0.999794 0.967647
v -0.443077 0.999794 0.967647
v 0.581035 1.009232 0.750358
v -0.443077 1.009232 0.750359
v 0.581035 1.061409 0.768621
v 0.068980 1.061409 0.768621
v -0.443077 1.061409 0.768621
v -0.584095 0.896945 1.386912
v 0.766916 0.896130 1.386720
v 0.766862 1.098122 0.785146
v -0.584056 1.098695 0.787240
v -0.620586 0.940156 1.428354
v -0.606365 0.933823 1.407910
v 0.787557 0.932416 1.407377
v 0.806917 0.939815 1.436670
v -0.607467 1.134588 0.791347
v -0.652879 1.149299 0.767523
v 0.787450 1.141666 0.785736
v 0.795428 1.152032 0.777542
v -0.693067 0.903770 1.427321
v -0.638238 0.928851 1.439665
v -0.635599 0.897693 1.462553
v 0.834823 0.924243 1.457504
v 0.842298 0.901804 1.448471
v 0.817170 0.891455 1.463629
v 0.826990 1.157665 0.740179
v 0.801609 1.124122 0.709034
v 0.840401 1.115420 0.732317
v -0.649897 1.151734 0.732584
v -0.694203 1.131220 0.727211
v -0.608482 1.136193 0.711675
v -0.693285 0.823528 1.423104
v -0.633621 0.820988 1.460344
v 0.849732 0.804721 1.430827
v 0.815064 0.807396 1.464161
v 0.800603 1.019039 0.706771
v 0.833820 1.012314 0.727392
v -0.700311 1.061045 0.725254
v -0.620072 1.063591 0.710988
v -0.134656 0.895942 1.387549
v 0.315870 0.896394 1.386710
v -0.141737 0.922954 1.402862
v 0.323110 0.933250 1.407211
v 0.325631 0.937623 1.420376
v -0.246037 0.940408 1.430312
v -0.185832 0.919740 1.453880
v 0.319084 0.912621 1.455687
v 0.313868 0.878346 1.459257
v -0.143900 0.893953 1.464138
v -0.138742 0.795451 1.460809
v 0.334887 0.818597 1.458446
v 0.765427 0.997687 1.086126
v 0.785015 1.035556 1.097916
v 0.809134 1.047758 1.121720
v 0.851748 1.044580 1.098229
v 0.852447 1.020536 1.095615
v 0.841982 0.929150 1.081745
v -0.587380 0.996162 1.085546
v -0.605737 1.037355 1.059220
v -0.652579 1.037868 1.084923
v -0.683636 0.999980 1.192395
v -0.712459 0.993266 1.175853
v -0.717577 0.907342 1.153641
v -0.197675 1.098460 0.783484
v -0.206714 1.131134 0.786417
v -0.212521 1.163575 0.768330
v -0.216583 1.169175 0.754252
v -0.228866 1.158098 0.720136
v -0.249384 1.044215 0.718420
v 0.369725 1.163558 0.771117
v 0.375733 1.162629 0.732722
v 0.355954 1.098348 0.784494
v 0.364461 1.141284 0.785790
v 0.377369 1.170625 0.743237
v 0.365134 1.066573 0.731037
v 0.352566 1.142067 0.772844
v -0.168006 1.142067 0.772844
v 0.352566 0.923002 1.425475
v -0.168006 0.923002 1.425475
v 0.371807 1.142067 0.772844
v 0.371807 0.923002 1.425475
v -0.193355 1.142067 0.772844
v -0.193355 0.923002 1.425475
v 0.382114 1.112537 0.764591
v 0.342260 1.112537 0.764591
v 0.382114 0.889517 1.429005
v 0.342261 0.889517 1.429005
v -0.157700 1.112537 0.764592
v -0.157700 0.889517 1.429005
v -0.203661 1.112537 0.764592
v -0.203661 0.889517 1.429005
v 0.344414 0.914187 1.431912
v 0.782471 0.907201 1.428037
v 0.785218 1.122684 0.772394
v 0.402113 0.939436 1.389578
v 0.717373 0.978719 1.352651
v 0.738646 1.134381 0.855107
v 0.375672 1.103722 0.843047
v 0.454342 0.920978 1.440914
v 0.564987 0.916568 1.433701
v 0.678071 0.926216 1.443737
v 0.676611 1.135556 0.771423
v 0.565070 1.129899 0.771957
v 0.454087 1.133991 0.771145
v 0.470961 0.969734 1.406081
v 0.565037 0.979852 1.387397
v 0.657949 0.968836 1.405240
v 0.658615 1.146176 0.842496
v 0.569391 1.145904 0.842708
v 0.471329 1.130974 0.843428
v 0.787992 0.974804 1.271875
v 0.787147 1.024974 1.104512
v 0.786201 1.076804 0.937993
v 0.356997 0.956341 1.269191
v 0.359428 1.013245 1.098448
v 0.357749 1.057479 0.933375
v 0.740038 1.009003 1.245329
v 0.752731 1.039253 1.124053
v 0.736207 1.093879 0.983916
v 0.414042 0.957896 1.306195
v 0.390619 1.022059 1.124331
v 0.394677 1.076486 1.024580
v 0.679098 1.014465 1.264660
v 0.659479 1.030672 1.098837
v 0.623234 1.104513 0.976475
v 0.577208 1.015278 1.258468
v 0.569926 1.032379 1.116204
v 0.561329 1.098677 0.993353
v 0.491973 0.994546 1.268986
v 0.470222 1.053621 1.109184
v 0.474337 1.095142 0.986812
v -0.180355 0.913753 1.432714
v 0.346200 1.125795 0.771953
v -0.093672 0.955641 1.390230
v 0.280515 0.965670 1.375780
v 0.291470 1.126761 0.854278
v -0.125264 1.130041 0.841807
v -0.036203 0.920370 1.440787
v 0.092037 0.919334 1.438490
v 0.220290 0.904226 1.437957
v 0.219842 1.132050 0.771873
v 0.091900 1.128044 0.771954
v -0.035966 1.131299 0.771844
v -0.011801 0.953996 1.407533
v 0.091567 0.945723 1.406087
v 0.201478 0.958212 1.410448
v 0.200970 1.134086 0.843405
v 0.096931 1.132225 0.842990
v -0.017225 1.134925 0.843596
v -0.183532 0.963932 1.271971
v -0.181176 1.076353 0.937770
v 0.296149 1.012095 1.247341
v 0.309081 1.044838 1.125792
v 0.289438 1.092777 0.983242
v -0.117352 1.022508 1.266568
v -0.113684 1.054456 1.125592
v -0.125801 1.091193 0.984871
v 0.232971 1.020726 1.263635
v 0.204141 1.086778 1.090196
v 0.196393 1.110549 0.978643
v 0.096592 1.035803 1.258357
v 0.103108 1.063029 1.112183
v 0.087788 1.113812 0.974674
v -0.011010 1.036540 1.253184
v -0.017865 1.076467 1.114220
v -0.020200 1.108938 0.976268
v -0.640571 0.916628 1.434595
v -0.181166 1.127774 0.771693
v -0.640719 1.128778 0.771963
v -0.582709 0.957477 1.386894
v -0.246004 0.954726 1.380631
v -0.249065 1.130628 0.856137
v -0.607481 1.134022 0.842565
v -0.530116 0.919035 1.437002
v -0.419322 0.919673 1.438393
v -0.308365 0.919601 1.436954
v -0.309002 1.127992 0.772355
v -0.419196 1.136976 0.770770
v -0.529729 1.127720 0.772191
v -0.513415 0.953682 1.407647
v -0.419409 0.956327 1.408584
v -0.325362 0.953108 1.407777
v -0.325515 1.132639 0.841849
v -0.414579 1.145832 0.843561
v -0.513592 1.135768 0.842909
v -0.178350 1.022786 1.103957
v -0.638915 0.968397 1.269141
v -0.641529 1.025675 1.104764
v -0.641212 1.077704 0.938223
v -0.243894 1.008082 1.245214
v -0.231871 1.042769 1.125146
v -0.247945 1.091737 0.982856
v -0.593469 0.994910 1.272395
v -0.594587 1.048133 1.123684
v -0.607150 1.087730 0.983826
v -0.304451 1.006550 1.268306
v -0.328733 1.058876 1.088527
v -0.328964 1.094045 0.972816
v -0.406055 1.004221 1.307516
v -0.387439 1.064281 1.128335
v -0.382600 1.104882 0.983991
v -0.488099 1.010041 1.264256
v -0.496175 1.060870 1.113873
v -0.502706 1.094683 0.980439
v 0.114864 0.818312 1.589357
v 0.068980 0.831804 1.545774
v -0.281076 0.818312 1.589358
v 0.068980 0.777322 1.575011
v -0.966232 0.827919 1.558326
v -0.966232 0.789126 1.579143
v -0.744019 0.818312 1.589358
v 0.610213 0.830256 1.589357
v 0.586585 0.857189 1.500389
v 0.562955 0.829078 1.589357
v 0.586275 0.772591 1.566054
v 1.052617 0.841681 1.589357
v 1.113721 0.795885 1.577075
v 1.113720 0.858184 1.540351
v -0.957991 1.130217 0.559015
v -0.973321 1.115364 0.559015
v -0.973321 1.124841 0.573421
v 1.115392 1.111682 0.654560
v 1.115392 1.101016 0.559014
v 1.069168 1.144490 0.559014
v 1.083095 0.000001 0.593735
v -0.924377 0.000001 0.593736
v -0.924377 1.099810 0.593735
v 1.083095 0.698181 0.593734
v -0.924376 0.497120 1.529436
v -0.924376 0.253073 1.529436
v -0.924376 0.561498 1.529436
v -0.924377 0.739774 0.593735
v 1.043054 0.000002 1.485848
v 1.043054 0.000001 0.634344
v 1.043054 1.087238 0.634343
v 1.043054 0.823626 1.485847
v -0.902036 0.000001 0.643241
v -0.884335 0.000002 1.485849
v -0.884335 0.823626 1.485848
v -0.902036 1.087238 0.643240
v -0.884335 0.257571 1.485849
v -0.902036 0.345441 0.643241
v -0.884335 0.514059 1.485848
v -0.902036 0.689800 0.643241
v 1.043054 0.345441 0.634344
v 1.043054 0.257571 1.485848
v 1.043054 0.689800 0.634344
v 1.043054 0.514059 1.485847
v 1.043054 0.381532 0.634344
v 1.043054 0.284452 1.485848
v -0.884335 0.284452 1.485849
v -0.902036 0.381532 0.643241
v -0.884335 0.544666 1.485848
v -0.902036 0.718282 0.643241
v 1.043054 0.730893 0.634344
v 1.043054 0.544666 1.485847
v 1.083095 0.000001 0.634344
v 1.083095 0.739774 0.593734
v 1.083095 1.099810 0.593734
v 1.083095 0.823626 1.485847
v 1.083095 0.810132 1.529434
v 1.083095 0.246972 1.529435
v 1.083095 0.000002 1.529435
v -0.924376 0.000002 1.529436
v -0.924376 0.000002 1.485849
v -0.924377 1.087238 0.634344
v -0.924377 0.349632 0.593736
v 1.083095 0.349632 0.593734
v 1.083095 0.386162 0.593734
v -0.924377 0.345441 0.634345
v -0.924377 0.689800 0.634345
v -0.924377 0.698181 0.593735
v 1.083095 0.257571 1.485848
v 1.083095 0.514059 1.485847
v 1.083095 0.505063 1.529435
v 1.083095 0.279483 1.529435
v -0.924377 0.386162 0.593736
v 1.083095 0.284452 1.485848
v -0.924377 0.381532 0.634345
v 1.083095 0.562931 1.529435
v -0.924376 0.810132 1.529436
v -0.924377 0.730893 0.634345
v 1.083095 0.544666 1.485847
v 1.083095 0.000002 1.485848
v 1.083095 1.087238 0.634343
v -0.924377 0.000001 0.634345
v -0.924376 0.823626 1.485848
v -0.924376 0.257571 1.485849
v -0.924376 0.514059 1.485848
v 1.083095 0.345441 0.634344
v 1.083095 0.689800 0.634344
v 1.083095 0.381532 0.634344
v -0.924376 0.284452 1.485849
v -0.924376 0.544666 1.485848
v 1.083095 0.730893 0.634344
v 1.075284 0.000002 1.471305
v 1.075284 0.000001 0.648887
v 1.075284 1.087238 0.648886
v 1.075284 0.823626 1.471305
v -0.916566 0.000001 0.648888
v -0.916566 0.000002 1.471306
v -0.916566 0.823626 1.471306
v -0.916566 1.087238 0.648887
v -0.916566 0.257571 1.471306
v -0.916566 0.345441 0.648887
v -0.916566 0.512915 1.471306
v -0.916566 0.684339 0.648887
v 1.075284 0.345441 0.648886
v 1.075284 0.257571 1.471305
v 1.075284 0.672871 0.648886
v 1.075284 0.510511 1.471305
v 1.075284 0.388074 0.648886
v 1.075284 0.298386 1.471305
v -0.916566 0.288948 1.471306
v -0.916566 0.383643 0.648887
v -0.916566 0.544666 1.471306
v -0.916566 0.724758 0.648887
v 1.075284 0.730893 0.648886
v 1.075284 0.544666 1.471305
v -0.255218 0.000002 1.529436
v 0.413938 0.000002 1.529435
v 0.413938 0.810132 1.529435
v -0.255218 0.810132 1.529435
v 0.413938 0.000001 0.593735
v -0.255220 0.000001 0.593736
v -0.255220 1.099810 0.593735
v 0.413938 1.099810 0.593734
v -0.255220 0.349632 0.593735
v 0.413938 0.349632 0.593735
v -0.255220 0.698181 0.593735
v 0.413938 0.698181 0.593735
v 0.413938 0.505063 1.529435
v -0.255218 0.497120 1.529435
v 0.413938 0.279483 1.529435
v -0.456930 0.309798 1.529436
v -0.255220 0.386162 0.593735
v 0.413938 0.386162 0.593735
v -0.241873 0.544666 1.485848
v 0.400591 0.544666 1.485848
v -0.255220 0.739774 0.593735
v 0.413938 0.739774 0.593735
v 0.413938 0.535133 1.529435
v -0.255218 0.535133 1.529435
v -0.241873 0.514059 1.485848
v 0.400591 0.514059 1.485848
v 0.400591 0.257571 1.485848
v -0.241873 0.257571 1.485848
v 0.400591 0.284452 1.485848
v -0.241873 0.284452 1.485848
v 0.400591 0.381532 0.634344
v -0.241873 0.381532 0.634345
v 0.400591 0.345441 0.634344
v -0.241873 0.345441 0.634345
v -0.241873 0.689800 0.634344
v 0.400591 0.689800 0.634344
v -0.241873 0.718282 0.634344
v 0.400591 0.730893 0.634344
v -0.884336 0.286861 1.202014
v -0.884336 0.316151 0.918179
v -0.884336 0.572639 1.202014
v -0.884336 0.631220 0.918179
v 1.043054 0.316151 0.918178
v 1.043054 0.286861 1.202013
v 1.043054 0.631220 0.918178
v 1.043054 0.572639 1.202013
v 1.043054 0.349172 0.918178
v 1.043054 0.316812 1.202013
v -0.884336 0.316812 1.202014
v -0.884336 0.349172 0.918179
v -0.884336 0.606742 1.202014
v -0.884336 0.663072 0.918179
v 1.043054 0.668817 0.918178
v 1.043054 0.606742 1.202013
v 1.075284 0.000001 1.197166
v 1.075284 0.000001 0.923026
v 1.075284 0.999367 0.923025
v 1.075284 0.911497 1.197165
v -0.916566 0.000001 0.923027
v -0.916566 0.000001 1.197167
v -0.916566 0.911497 1.197166
v -0.916566 0.999367 0.923026
v -0.916566 0.286861 1.197167
v -0.916566 0.316151 0.923027
v -0.916566 0.570056 1.197166
v -0.916566 0.627197 0.923027
v 1.075284 0.304717 0.923026
v 1.075284 0.286861 1.197166
v 1.075284 0.601092 0.923026
v 1.075284 0.555254 1.197165
v 1.075284 0.358178 0.923026
v 1.075284 0.328283 1.197166
v -0.916566 0.320513 1.197167
v -0.916566 0.352078 0.923027
v -0.916566 0.606742 1.197166
v -0.916566 0.671526 0.923027
v 1.075284 0.668817 0.923026
v 1.075284 0.613438 1.197165
v -0.903587 0.287426 1.529436
v -0.924376 0.306977 1.529436
v -0.924376 0.286011 1.508702
v -0.281225 0.253073 1.529435
v 0.413938 0.222695 1.529435
v 2.037098 2.749257 -0.239528
v -1.864947 2.749257 -0.303277
v 2.037651 2.712937 -0.273365
v -1.864394 2.712937 -0.337114
v 2.038441 2.724085 -0.321733
v -1.863604 2.724084 -0.385482
v 2.038679 2.771553 -0.336264
v -1.863366 2.771552 -0.400013
v 2.038126 2.807872 -0.302427
v -1.863919 2.807872 -0.366176
v 2.037336 2.796724 -0.254059
v -1.864710 2.796724 -0.317808
v -1.540476 -0.000000 -0.286799
v -1.540555 2.962879 -0.278512
v -1.464956 -0.000000 -0.243324
v -1.472357 2.962879 -0.239252
v -1.465772 -0.000000 -0.157823
v -1.473095 2.962879 -0.162041
v -1.542108 -0.000000 -0.115797
v -1.542028 2.962879 -0.124090
v -1.617628 -0.000000 -0.159272
v -1.610226 2.962879 -0.163350
v -1.616812 -0.000000 -0.244773
v -1.609489 2.962879 -0.240560
v -1.648634 2.902595 -0.626627
v -1.598166 2.923375 -0.603982
v -1.598589 2.964935 -0.559661
v -1.649480 2.985715 -0.537983
v -1.699948 2.964935 -0.560628
v -1.699524 2.923375 -0.604950
v -1.554027 0.000002 1.418170
v -1.554027 2.334614 1.418168
v -1.485830 0.000002 1.457430
v -1.485830 2.334614 1.457428
v -1.486567 0.000002 1.534640
v -1.486567 2.334614 1.534639
v -1.555501 0.000002 1.572592
v -1.555501 2.334614 1.572590
v -1.623699 0.000002 1.533332
v -1.623699 2.334614 1.533330
v -1.622962 0.000002 1.456121
v -1.622962 2.334614 1.456119
v -1.554773 1.516962 1.416113
v -1.499960 1.516962 1.447668
v -1.500552 1.516962 1.509726
v -1.555958 1.516962 1.540230
v -1.610771 1.516962 1.508675
v -1.610179 1.516962 1.446616
v -1.504522 0.515227 1.447615
v -1.505150 0.515227 1.513446
v -1.563925 0.515227 1.545804
v -1.622071 0.515227 1.512330
v -1.621443 0.515227 1.446499
v -1.562668 0.515227 1.414142
v -1.652103 2.436445 -0.263126
v -1.606630 2.455169 -0.242722
v -1.607011 2.492616 -0.202787
v -1.652865 2.511339 -0.183254
v -1.698338 2.492616 -0.203658
v -1.697957 2.455169 -0.243594
v -1.622709 1.880988 0.252764
v -1.617392 1.913438 0.287417
v -1.659976 1.932439 0.307132
v -1.702175 1.913438 0.286608
v -1.696199 1.880988 0.252063
v -1.659301 1.865856 0.236402
v -1.624922 0.646436 1.260558
v -1.625260 0.669251 1.295982
v -1.663100 0.680657 1.313334
v -1.700602 0.669251 1.295263
v -1.700265 0.646436 1.259840
v -1.662424 0.635029 1.242487
v -1.668691 0.000002 1.760044
v -1.606215 0.000002 1.796010
v -1.606889 0.000002 1.866743
v -1.670041 0.000002 1.901509
v -1.732518 0.000002 1.865543
v -1.731843 0.000002 1.794811
v 1.719606 -0.000000 -0.257569
v 1.719508 2.962879 -0.247399
v 1.641589 -0.000000 -0.214618
v 1.650574 2.962879 -0.209448
v 1.640755 -0.000000 -0.127234
v 1.649837 2.962879 -0.132237
v 1.717938 -0.000000 -0.082801
v 1.718035 2.962879 -0.092977
v 1.795954 -0.000000 -0.125753
v 1.786969 2.962879 -0.130928
v 1.796788 -0.000000 -0.213137
v 1.787706 2.962879 -0.208139
v 1.834212 2.902595 -0.593388
v 1.783321 2.923375 -0.571711
v 1.782898 2.964935 -0.527389
v 1.833366 2.985715 -0.504745
v 1.884257 2.964935 -0.526422
v 1.884679 2.923375 -0.570744
v 1.706036 0.000002 1.449282
v 1.706036 2.334614 1.449280
v 1.637102 0.000002 1.487233
v 1.637102 2.334614 1.487231
v 1.636365 0.000002 1.564444
v 1.636365 2.334614 1.564442
v 1.704562 0.000002 1.603704
v 1.704562 2.334614 1.603702
v 1.773497 0.000002 1.565753
v 1.773497 2.334614 1.565751
v 1.774233 0.000002 1.488542
v 1.774233 2.334614 1.488540
v 1.701809 1.872269 1.475375
v 1.643498 1.872269 1.507477
v 1.642874 1.872269 1.572790
v 1.700562 1.872269 1.605999
v 1.758874 1.872269 1.573897
v 1.759497 1.872269 1.508584
v 1.651453 0.604383 1.471641
v 1.650760 0.604383 1.544330
v 1.714963 0.604383 1.581291
v 1.779860 0.604383 1.545562
v 1.780554 0.604383 1.472874
v 1.716351 0.604383 1.435913
v 1.830742 2.436445 -0.229887
v 1.784888 2.455169 -0.210355
v 1.784507 2.492616 -0.170419
v 1.829981 2.511339 -0.150016
v 1.875835 2.492616 -0.169548
v 1.876216 2.455169 -0.209484
v 1.791588 1.662126 0.451504
v 1.791243 1.696008 0.487637
v 1.832387 1.712949 0.506098
v 1.873876 1.696008 0.488426
v 1.874221 1.662126 0.452292
v 1.833077 1.645186 0.433831
v 1.778929 0.853158 1.170203
v 1.778599 0.885585 1.204786
v 1.817977 0.901799 1.222454
v 1.857686 0.885585 1.205540
v 1.858016 0.853158 1.170958
v 1.818637 0.836944 1.153289
v 1.814204 0.000002 1.788014
v 1.768295 0.000002 1.813288
v 1.767804 0.000002 1.864709
v 1.813223 0.000002 1.890854
v 1.859131 0.000002 1.865580
v 1.859622 0.000002 1.814160
v 1.697841 2.252979 -0.244498
v 1.638591 2.252979 -0.211878
v 1.637958 2.252979 -0.145515
v 1.696574 2.252979 -0.111770
v 1.755824 2.252979 -0.144390
v 1.756457 2.252979 -0.210753
v 1.674199 0.776577 -0.188819
v 1.673501 0.776577 -0.115717
v 1.738069 0.776577 -0.078547
v 1.803334 0.776577 -0.114478
v 1.804032 0.776577 -0.187580
v 1.739465 0.776577 -0.224750
v -1.551010 0.685417 -0.298146
v -1.484464 0.685417 -0.259838
v -1.485183 0.685417 -0.184497
v -1.552448 0.685417 -0.147465
v -1.618993 0.685417 -0.185774
v -1.618273 0.685417 -0.261115
v -1.545913 1.927515 -0.274637
v -1.478541 1.927515 -0.235853
v -1.479269 1.927515 -0.159578
v -1.547369 1.927515 -0.122086
v -1.614740 1.927515 -0.160870
v -1.614012 1.927515 -0.237146
v -1.724006 2.334614 1.597271
v -1.724006 2.396111 1.597271
v -1.721881 2.334614 1.374536
v -1.721881 2.396111 1.374536
v 1.872565 2.334614 1.631595
v 1.872565 2.396111 1.631595
v 1.874691 2.334614 1.408860
v 1.874691 2.396111 1.408860
v -1.474813 2.714612 0.137855
v 1.647345 2.714676 0.167492
v -1.471576 2.826990 -0.358020
v 1.651069 2.826990 -0.328219
v -1.471140 2.802810 -0.418706
v 1.651791 2.802810 -0.388902
v -1.471064 2.736851 -0.437945
v 1.651975 2.736524 -0.408177
v -1.471245 2.571485 -0.430017
v 1.651745 2.571063 -0.400177
v -1.471493 2.320557 -0.401405
v 1.651174 2.320736 -0.371613
v -1.472029 1.977947 -0.383729
v 1.651136 1.977927 -0.368844
v -1.471674 1.554532 -0.426718
v 1.651502 1.574791 -0.396985
v -1.485545 2.415752 1.419940
v 1.637552 2.415755 1.449649
v -1.487264 2.413373 1.607655
v 1.635667 2.413373 1.637459
v -1.487457 2.380862 1.627869
v 1.635474 2.380862 1.657673
v -1.487543 2.314909 1.636910
v 1.635410 2.314504 1.666710
v -1.487434 2.231539 1.625478
v 1.635586 2.230538 1.651174
v -1.487313 2.014073 1.612754
v 1.639708 2.425557 1.218384
v -1.483307 2.429634 1.188403
v 1.641716 2.475175 0.968289
v -1.480551 2.466632 0.938315
v 1.644527 2.569518 0.650147
v -1.476546 2.595515 0.538308
v -0.694124 2.685460 0.145522
v 0.086229 2.664621 0.153061
v 0.866830 2.685414 0.160527
v 0.870411 2.826982 -0.335346
v 0.089660 2.826971 -0.342527
v -0.690868 2.826980 -0.350195
v 0.871059 2.802810 -0.396353
v 0.090326 2.802810 -0.403804
v -0.690407 2.802810 -0.411255
v 0.871267 2.736598 -0.415620
v 0.090563 2.737136 -0.423006
v -0.690249 2.737579 -0.430395
v 0.871225 2.570612 -0.407579
v 0.090699 2.571445 -0.423676
v -0.690168 2.571765 -0.441339
v 0.870870 2.476427 -0.386646
v 0.090467 2.319963 -0.386440
v -0.690584 2.320540 -0.393952
v 0.870414 1.825835 -0.362541
v 0.090268 1.977679 -0.360355
v -0.690342 1.978266 -0.405200
v 0.870695 1.663576 -0.377040
v 0.090718 1.475856 -0.411818
v -0.689964 1.663635 -0.433345
v -0.704748 2.415740 1.427632
v 0.075992 2.415749 1.434901
v 0.856739 2.415741 1.442518
v -0.706531 2.413373 1.615106
v 0.074202 2.413373 1.622557
v 0.854934 2.413373 1.630008
v -0.706724 2.380862 1.635320
v 0.074009 2.380862 1.642771
v 0.854741 2.380862 1.650222
v -0.706810 2.314909 1.644361
v 0.073922 2.314909 1.651811
v 0.854666 2.314841 1.659263
v -0.706676 2.233368 1.633036
v 0.074061 2.232261 1.640440
v 0.854739 2.232290 1.647893
v -0.706751 2.141081 1.643888
v 0.074102 2.171672 1.639358
v 0.854701 2.137200 1.646806
v -0.702477 2.444374 1.195486
v 0.078197 2.432165 1.202786
v 0.858945 2.444344 1.210746
v -0.699927 2.446292 0.945021
v 0.080674 2.442041 0.951854
v 0.945430 2.449452 0.960582
v -0.696748 2.540472 0.627782
v 0.082373 2.483140 0.784470
v 1.099275 2.548287 0.644981
v -1.081211 2.826987 -0.354163
v -1.080773 2.802810 -0.414980
v -1.080698 2.737179 -0.434178
v -1.080789 2.571610 -0.435677
v -1.081127 2.320589 -0.397682
v -1.081522 1.978152 -0.394462
v -1.081238 1.609151 -0.430025
v -1.084451 2.700051 0.141653
v -1.095179 2.415747 1.423781
v -1.096897 2.413373 1.611381
v -1.097090 2.380862 1.631595
v -1.097176 2.314909 1.640635
v -1.097067 2.231174 1.629165
v -1.092939 2.437001 1.191990
v -1.090237 2.456454 0.941736
v -1.087007 2.549535 0.624166
v -0.303881 2.675038 0.149299
v -0.300524 2.826972 -0.346268
v -0.300040 2.802810 -0.407530
v -0.299799 2.737477 -0.426685
v -0.299686 2.571724 -0.432516
v -0.300041 2.320263 -0.390199
v -0.299574 1.977906 -0.382765
v -0.299162 1.471357 -0.422576
v -0.314315 2.415745 1.431272
v -0.316165 2.413373 1.618831
v -0.316358 2.380862 1.639045
v -0.316444 2.314909 1.648086
v -0.316278 2.232868 1.636747
v -0.316267 2.156514 1.641642
v -0.312017 2.438272 1.199084
v -0.309577 2.444147 0.948592
v -0.306539 2.530129 0.631346
v 0.474453 2.552412 0.583223
v 0.479984 2.826977 -0.338943
v 0.480692 2.802810 -0.400078
v 0.480925 2.736823 -0.419320
v 0.481068 2.570927 -0.415619
v 0.480458 2.320010 -0.369045
v 0.480139 1.977649 -0.354654
v 0.480773 1.629736 -0.394396
v 0.466298 2.415745 1.438722
v 0.464568 2.413373 1.626282
v 0.464375 2.380862 1.646496
v 0.464289 2.314909 1.655537
v 0.464395 2.232037 1.644149
v 0.464402 2.153887 1.643081
v 0.468431 2.438248 1.206872
v 0.333997 2.441350 1.044888
v 0.245618 2.523559 0.637172
v 1.256979 2.700092 0.163898
v 1.247184 2.415749 1.446071
v 1.245301 2.413373 1.633733
v 1.245107 2.380862 1.653947
v 1.245044 2.314639 1.662986
v 1.245158 2.232704 1.649648
v 1.245031 2.143532 1.658451
v 1.249358 2.434960 1.214483
v 1.251369 2.460714 0.964235
v 1.254163 2.554329 0.646418
v 1.260702 2.826987 -0.331813
v 1.261425 2.802810 -0.392628
v 1.261609 2.736524 -0.411903
v 1.261413 2.570834 -0.403879
v 1.260748 2.320136 -0.361607
v 1.226519 2.087283 -0.360208
v 1.260865 1.618946 -0.387027
v -1.471720 2.149095 -0.392602
v -0.690469 2.149976 -0.399627
v 0.090429 2.148564 -0.373431
v 0.805462 2.150937 -0.372600
v -1.081284 2.149570 -0.396119
v -0.299813 2.149292 -0.386535
v 0.480130 2.148674 -0.361888
v -1.475120 2.696151 0.132035
v 1.647811 2.696151 0.161839
v -1.471717 2.807340 -0.358200
v 1.651214 2.807340 -0.328396
v -1.471255 2.789047 -0.406572
v 1.651675 2.789048 -0.376768
v -1.471117 2.734176 -0.421104
v 1.651814 2.734176 -0.391300
v -1.471193 2.573215 -0.413083
v 1.651737 2.573215 -0.383279
v -1.471466 2.322396 -0.384480
v 1.651465 2.322396 -0.354676
v -1.471635 1.977174 -0.366747
v 1.651438 1.977175 -0.351858
v -1.471224 1.552298 -0.409834
v 1.651706 1.573373 -0.380030
v -1.485467 2.396111 1.419384
v 1.637464 2.396111 1.449188
v -1.487186 2.396111 1.599532
v 1.635744 2.396111 1.629336
v -1.487305 2.373861 1.611986
v 1.635625 2.373861 1.641789
v -1.487381 2.314963 1.619911
v 1.635550 2.314963 1.649715
v -1.487273 2.233768 1.608589
v 1.635696 2.233768 1.634406
v -1.487151 2.015401 1.595793
v 1.639681 2.405989 1.216824
v -1.483249 2.410048 1.187020
v 1.642084 2.455881 0.965079
v -1.480847 2.447300 0.935276
v 1.645137 2.550732 0.645193
v -1.477008 2.576863 0.532975
v -0.694387 2.667091 0.139486
v 0.086345 2.646290 0.146937
v 0.867078 2.667091 0.154388
v 0.870481 2.807340 -0.335846
v 0.089748 2.807340 -0.343298
v -0.690984 2.807340 -0.350749
v 0.870943 2.789047 -0.384219
v 0.090210 2.789047 -0.391670
v -0.690523 2.789047 -0.399121
v 0.871081 2.734176 -0.398751
v 0.090349 2.734176 -0.406202
v -0.690384 2.734176 -0.413653
v 0.871005 2.573215 -0.390730
v 0.090354 2.573215 -0.406749
v -0.690281 2.573215 -0.424386
v 0.870806 2.479953 -0.369921
v 0.089999 2.322396 -0.369578
v -0.690733 2.322396 -0.377029
v 0.870574 1.824498 -0.345582
v 0.089749 1.977175 -0.343369
v -0.690627 1.977174 -0.388228
v 0.870713 1.661658 -0.360121
v 0.090241 1.473650 -0.394932
v -0.690357 1.661658 -0.416436
v -0.704734 2.396111 1.426835
v 0.075998 2.396111 1.434286
v 0.856731 2.396111 1.441737
v -0.706454 2.396111 1.606983
v 0.074279 2.396111 1.614434
v 0.855012 2.396111 1.621885
v -0.706573 2.373861 1.619437
v 0.074160 2.373861 1.626888
v 0.854893 2.373861 1.634339
v -0.706648 2.314963 1.627362
v 0.074085 2.314963 1.634813
v 0.854817 2.314963 1.642264
v -0.706540 2.233768 1.616040
v 0.074193 2.233768 1.623491
v 0.854925 2.233768 1.630942
v -0.706645 2.138765 1.627007
v 0.074203 2.171549 1.622359
v 0.854936 2.136878 1.629810
v -0.702517 2.424757 1.194471
v 0.078216 2.412539 1.201922
v 0.858948 2.424757 1.209373
v -0.700114 2.426821 0.942726
v 0.080618 2.422485 0.950177
v 0.945693 2.429960 0.958433
v -0.697061 2.521672 0.622840
v 0.082243 2.464201 0.779939
v 1.099880 2.529515 0.639989
v -1.081351 2.807340 -0.354474
v -1.080889 2.789047 -0.402846
v -1.080750 2.734176 -0.417379
v -1.080737 2.573215 -0.418735
v -1.081100 2.322396 -0.380754
v -1.081131 1.977174 -0.377488
v -1.080791 1.606978 -0.413135
v -1.084754 2.681621 0.135760
v -1.095101 2.396111 1.423110
v -1.096820 2.396111 1.603257
v -1.096939 2.373861 1.615711
v -1.097014 2.314963 1.623636
v -1.096906 2.233768 1.612315
v -1.092883 2.417403 1.190746
v -1.090481 2.437061 0.939001
v -1.087428 2.530778 0.619114
v -0.304021 2.656691 0.143211
v -0.300618 2.807340 -0.347023
v -0.300156 2.789047 -0.395395
v -0.300018 2.734176 -0.409928
v -0.299964 2.573215 -0.415568
v -0.300367 2.322396 -0.373303
v -0.300439 1.977175 -0.365799
v -0.300058 1.469390 -0.405684
v -0.314368 2.396111 1.430561
v -0.316087 2.396111 1.610708
v -0.316206 2.373861 1.623162
v -0.316282 2.314963 1.631087
v -0.316174 2.233768 1.619766
v -0.316221 2.155157 1.624683
v -0.312150 2.418648 1.198197
v -0.309748 2.424653 0.946452
v -0.306695 2.511271 0.626565
v 0.474581 2.534090 0.577078
v 0.480115 2.807340 -0.339572
v 0.480576 2.789047 -0.387944
v 0.480715 2.734176 -0.402477
v 0.480679 2.573215 -0.398740
v 0.480235 2.322396 -0.352172
v 0.480097 1.977175 -0.337659
v 0.480477 1.627331 -0.377527
v 0.466365 2.396111 1.438012
v 0.464645 2.396111 1.618159
v 0.464527 2.373861 1.630613
v 0.464451 2.314963 1.638538
v 0.464559 2.233768 1.627216
v 0.464570 2.154213 1.626084
v 0.468582 2.418648 1.205648
v 0.334209 2.421709 1.044361
v 0.245329 2.504904 0.631834
v 1.257444 2.681621 0.158113
v 1.247097 2.396111 1.445462
v 1.245378 2.396111 1.625610
v 1.245259 2.373861 1.638064
v 1.245183 2.314963 1.645989
v 1.245311 2.233768 1.632674
v 1.245227 2.142028 1.641502
v 1.249315 2.415373 1.213099
v 1.251717 2.441351 0.961354
v 1.254770 2.535542 0.641467
v 1.260847 2.807340 -0.332121
v 1.261309 2.789047 -0.380493
v 1.261448 2.734176 -0.395026
v 1.261371 2.573215 -0.387005
v 1.260968 2.322396 -0.344722
v 1.226902 2.086496 -0.343226
v 1.261210 1.617515 -0.370076
v -1.471551 2.149786 -0.375614
v -0.690680 2.149785 -0.382629
v 0.089874 2.149786 -0.356473
v 0.806052 2.151822 -0.355627
v -1.081115 2.149786 -0.379121
v -0.300403 2.149786 -0.369551
v 0.480166 2.149786 -0.344916
vt 0.730015 0.968222
vt 0.730015 0.982157
vt 0.723293 0.976783
vt 0.723127 0.966407
vt 0.247414 0.960094
vt 0.253336 0.956144
vt 0.253336 0.972898
vt 0.246215 0.974044
vt 0.951349 0.079471
vt 0.944002 0.085555
vt 0.943768 0.069384
vt 0.951349 0.066283
vt 0.452022 0.964372
vt 0.452022 0.979977
vt 0.445198 0.975231
vt 0.446140 0.962076
vt 0.912280 0.820658
vt 0.905970 0.820444
vt 0.902697 0.808753
vt 0.912280 0.802638
vt 0.746102 0.135787
vt 0.756719 0.136101
vt 0.756719 0.140110
vt 0.744423 0.141638
vt 0.837231 0.730512
vt 0.842091 0.728945
vt 0.842091 0.736975
vt 0.565506 0.976901
vt 0.571416 0.972932
vt 0.571416 0.987155
vt 0.690128 0.965439
vt 0.690128 0.982293
vt 0.683595 0.975416
vt 0.089217 0.934496
vt 0.078969 0.939416
vt 0.080225 0.924918
vt 0.089217 0.923528
vt 0.106983 0.945026
vt 0.106983 0.959249
vt 0.096756 0.957970
vt 0.096605 0.944997
vt 0.013042 0.976455
vt 0.003955 0.976928
vt 0.004311 0.964136
vt 0.013042 0.963278
vt 0.813784 0.716813
vt 0.813784 0.734833
vt 0.803684 0.733571
vt 0.800901 0.719566
vt 0.546651 0.987193
vt 0.540834 0.981578
vt 0.546651 0.973326
vt 0.585555 0.984009
vt 0.579758 0.973690
vt 0.585555 0.967329
vt 0.071703 0.971146
vt 0.071703 0.983071
vt 0.063227 0.973484
vt 0.594466 0.979444
vt 0.598987 0.977072
vt 0.598987 0.989378
vt 0.594978 0.989380
vt 0.229865 0.963095
vt 0.237222 0.959494
vt 0.237222 0.976763
vt 0.231151 0.975168
vt 0.971203 0.414413
vt 0.968400 0.402785
vt 0.977288 0.406246
vt 0.977288 0.414557
vt 0.817604 0.594106
vt 0.817604 0.610714
vt 0.806998 0.610142
vt 0.804446 0.594747
vt 0.954757 0.733380
vt 0.954757 0.747267
vt 0.945337 0.746073
vt 0.944451 0.732228
vt 0.650327 0.957142
vt 0.650327 0.970116
vt 0.639966 0.969648
vt 0.639375 0.956875
vt 0.081108 0.961360
vt 0.082039 0.947519
vt 0.089217 0.946804
vt 0.089217 0.963891
vt 0.940384 0.154664
vt 0.953665 0.151394
vt 0.953665 0.159889
vt 0.004795 0.955069
vt 0.003955 0.941496
vt 0.014255 0.941888
vt 0.014255 0.955890
vt 0.912259 0.733731
vt 0.920147 0.732228
vt 0.920147 0.749022
vt 0.909936 0.747210
vt 0.108278 0.937212
vt 0.096605 0.937609
vt 0.097906 0.923528
vt 0.108278 0.923613
vt 0.031904 0.966306
vt 0.031599 0.955342
vt 0.041932 0.953911
vt 0.041932 0.968052
vt 0.891451 0.974724
vt 0.891451 0.985680
vt 0.884620 0.985243
vt 0.884546 0.972971
vt 0.910300 0.068766
vt 0.920250 0.068759
vt 0.920250 0.085367
vt 0.909916 0.085555
vt 0.269757 0.944027
vt 0.269757 0.958579
vt 0.263542 0.957697
vt 0.261351 0.941447
vt 0.284251 0.445336
vt 0.283842 0.435008
vt 0.298112 0.434510
vt 0.298112 0.446189
vt 0.320897 0.976169
vt 0.327763 0.974361
vt 0.327763 0.986642
vt 0.320937 0.986152
vt 0.910396 0.961339
vt 0.910396 0.974516
vt 0.900418 0.974192
vt 0.899965 0.961413
vt 0.854597 0.972434
vt 0.862501 0.967190
vt 0.862501 0.979328
vt 0.855637 0.981145
vt 0.675075 0.167940
vt 0.674957 0.138558
vt 0.699239 0.138553
vt 0.699239 0.176018
vt 0.629190 0.958188
vt 0.631065 0.958022
vt 0.631065 0.983500
vt 0.629183 0.983588
vt 0.558032 0.892859
vt 0.556168 0.892808
vt 0.556179 0.839603
vt 0.558032 0.839534
vt 0.674573 0.959479
vt 0.674572 0.919216
vt 0.676207 0.919260
vt 0.676207 0.959532
vt 0.204189 0.881004
vt 0.204189 0.918458
vt 0.199227 0.918458
vt 0.199227 0.881004
vt 0.684023 0.748414
vt 0.702012 0.748415
vt 0.702012 0.785869
vt 0.684015 0.785875
vt 0.965009 0.212426
vt 0.965009 0.229009
vt 0.963378 0.228916
vt 0.963378 0.212444
vt 0.021849 0.858410
vt 0.029714 0.858410
vt 0.029714 0.895864
vt 0.021849 0.895864
vt 0.440052 0.373980
vt 0.477506 0.373980
vt 0.477506 0.377653
vt 0.440052 0.377653
vt 0.214128 0.973798
vt 0.214128 0.988192
vt 0.208404 0.984476
vt 0.208849 0.972881
vt 0.272413 0.896604
vt 0.276086 0.896604
vt 0.276086 0.934058
vt 0.272413 0.934058
vt 0.021849 0.756573
vt 0.039133 0.756573
vt 0.039133 0.794028
vt 0.021849 0.794028
vt 0.371938 0.751045
vt 0.371938 0.788499
vt 0.354654 0.788499
vt 0.354654 0.751045
vt 0.037534 0.870384
vt 0.043236 0.870384
vt 0.043236 0.907838
vt 0.037534 0.907838
vt 0.353899 0.442675
vt 0.353899 0.480084
vt 0.320302 0.480092
vt 0.305500 0.442647
vt 0.667009 0.964122
vt 0.657716 0.967959
vt 0.659238 0.953520
vt 0.667009 0.952519
vt 0.102434 0.836354
vt 0.107043 0.835803
vt 0.107043 0.842752
vt 0.984002 0.870022
vt 0.987978 0.866157
vt 0.987978 0.880419
vt 0.747244 0.416034
vt 0.747244 0.428335
vt 0.740890 0.422033
vt 0.704958 0.967001
vt 0.704958 0.983634
vt 0.698969 0.978044
vt 0.036888 0.988892
vt 0.031599 0.988400
vt 0.036888 0.975440
vt 0.846558 0.963028
vt 0.846558 0.979708
vt 0.839523 0.972049
vt 0.442295 0.247744
vt 0.438372 0.229953
vt 0.448533 0.232398
vt 0.448533 0.250513
vt 0.613247 0.945917
vt 0.614270 0.937027
vt 0.624344 0.936362
vt 0.624344 0.950634
vt 0.993690 0.567244
vt 0.991805 0.567274
vt 0.992024 0.549991
vt 0.993690 0.549232
vt 0.812856 0.975981
vt 0.803950 0.974537
vt 0.804371 0.963738
vt 0.812856 0.961001
vt 0.441203 0.408080
vt 0.440087 0.392434
vt 0.477149 0.385443
vt 0.477149 0.430631
vt 0.156108 0.473101
vt 0.156108 0.424539
vt 0.193563 0.439341
vt 0.193563 0.473122
vt 0.993851 0.990869
vt 0.992221 0.990781
vt 0.992250 0.975319
vt 0.993851 0.974985
vt 0.096605 0.973194
vt 0.104677 0.966637
vt 0.104677 0.978903
vt 0.098004 0.980526
vt 0.440055 0.344401
vt 0.440052 0.329528
vt 0.488411 0.329132
vt 0.488411 0.366592
vt 0.107234 0.994506
vt 0.105611 0.994300
vt 0.105747 0.988856
vt 0.107234 0.987914
vt 0.470580 0.962076
vt 0.470580 0.974134
vt 0.462960 0.974078
vt 0.459410 0.968971
vt 0.488051 0.486826
vt 0.451025 0.479783
vt 0.452127 0.464193
vt 0.488051 0.441699
vt 0.464359 0.244118
vt 0.464359 0.252003
vt 0.456237 0.250932
vt 0.990932 0.358127
vt 0.986885 0.347758
vt 0.990932 0.341440
vt 0.943840 0.822763
vt 0.948367 0.815289
vt 0.948367 0.823337
vt 0.485579 0.982029
vt 0.494552 0.972230
vt 0.494552 0.983037
vt 0.939029 0.301552
vt 0.927429 0.296732
vt 0.939029 0.296494
vt 0.984832 0.991725
vt 0.980874 0.978869
vt 0.984832 0.974985
vt 0.925874 0.973232
vt 0.925874 0.984672
vt 0.918123 0.974589
vt 0.021849 0.690923
vt 0.021855 0.666695
vt 0.059315 0.666649
vt 0.059315 0.691066
vt 0.050636 0.970494
vt 0.055839 0.969422
vt 0.055839 0.986124
vt 0.050804 0.985647
vt 0.445702 0.848051
vt 0.445707 0.840711
vt 0.483164 0.840662
vt 0.483164 0.849577
vt 0.586077 0.872148
vt 0.586077 0.909602
vt 0.579776 0.909591
vt 0.579758 0.872138
vt 0.106076 0.469666
vt 0.143556 0.469774
vt 0.143556 0.505341
vt 0.106084 0.510498
vt 0.966438 0.040807
vt 0.966429 0.005813
vt 0.968293 0.005861
vt 0.968293 0.041124
vt 0.200862 0.925847
vt 0.200862 0.963672
vt 0.199227 0.963672
vt 0.199227 0.925846
vt 0.193614 0.512262
vt 0.156108 0.521057
vt 0.156153 0.480735
vt 0.193614 0.480511
vt 0.994992 0.288194
vt 0.994992 0.294580
vt 0.993391 0.294122
vt 0.993377 0.288420
vt 0.772565 0.757788
vt 0.772565 0.795242
vt 0.755280 0.795242
vt 0.755280 0.757788
vt 0.919257 0.624820
vt 0.919257 0.662274
vt 0.914295 0.662274
vt 0.914295 0.624820
vt 0.817754 0.322068
vt 0.817754 0.359522
vt 0.801345 0.359507
vt 0.801282 0.322046
vt 0.910099 0.830726
vt 0.915545 0.830726
vt 0.915545 0.868180
vt 0.910099 0.868180
vt 0.413663 0.165141
vt 0.413663 0.158754
vt 0.451117 0.158754
vt 0.451117 0.165141
vt 0.651608 0.164374
vt 0.653461 0.164306
vt 0.653461 0.187032
vt 0.651604 0.187160
vt 0.548779 0.839539
vt 0.548779 0.876994
vt 0.540881 0.876991
vt 0.540834 0.839534
vt 0.699295 0.131154
vt 0.674957 0.131164
vt 0.675075 0.093700
vt 0.699295 0.093700
vt 0.130408 0.766992
vt 0.146978 0.766967
vt 0.146978 0.804464
vt 0.130413 0.804457
vt 0.707572 0.003694
vt 0.729971 0.003694
vt 0.729971 0.041148
vt 0.707507 0.041153
vt 0.619942 0.003857
vt 0.634814 0.003694
vt 0.634814 0.035689
vt 0.605433 0.035997
vt 0.779986 0.795265
vt 0.779953 0.757788
vt 0.796561 0.757818
vt 0.796561 0.795279
vt 0.868276 0.517851
vt 0.876550 0.514530
vt 0.876550 0.532749
vt 0.866022 0.532933
vt 0.451058 0.796646
vt 0.451025 0.759184
vt 0.467633 0.759195
vt 0.467633 0.796650
vt 0.461856 0.954688
vt 0.459410 0.954688
vt 0.459410 0.917234
vt 0.461856 0.917234
vt 0.225814 0.915142
vt 0.220112 0.915142
vt 0.220112 0.877688
vt 0.225814 0.877688
vt 0.699239 0.183406
vt 0.699239 0.187079
vt 0.697703 0.186084
vt 0.697590 0.183640
vt 0.154792 0.969513
vt 0.162162 0.968329
vt 0.162162 0.981432
vt 0.154366 0.982223
vt 0.885055 0.931431
vt 0.885055 0.893977
vt 0.888728 0.893977
vt 0.888728 0.931431
vt 0.910586 0.221977
vt 0.910586 0.232025
vt 0.896780 0.231672
vt 0.896341 0.222673
vt 0.657917 0.984894
vt 0.657716 0.975347
vt 0.664752 0.975771
vt 0.664752 0.986414
vt 0.435129 0.917550
vt 0.435129 0.957923
vt 0.433495 0.957958
vt 0.433490 0.917514
vt 0.341978 0.975919
vt 0.341978 0.986568
vt 0.335190 0.983371
vt 0.335152 0.974361
vt 0.050624 0.882021
vt 0.050624 0.876319
vt 0.088078 0.876319
vt 0.088078 0.882021
vt 0.770218 0.747953
vt 0.807672 0.747953
vt 0.807672 0.750400
vt 0.770218 0.750400
vt 0.041174 0.469096
vt 0.041174 0.510068
vt 0.003700 0.504917
vt 0.003694 0.469235
vt 0.277145 0.989004
vt 0.278890 0.988290
vt 0.278890 0.994558
vt 0.277233 0.993965
vt 0.785816 0.041148
vt 0.768532 0.041148
vt 0.768532 0.003694
vt 0.785816 0.003694
vt 0.095467 0.898520
vt 0.095467 0.861066
vt 0.103332 0.861066
vt 0.103332 0.898520
vt 0.633240 0.793264
vt 0.648702 0.793264
vt 0.648702 0.830718
vt 0.633240 0.830718
vt 0.306194 0.971519
vt 0.307505 0.957059
vt 0.313212 0.958325
vt 0.313212 0.975080
vt 0.971326 0.866450
vt 0.976614 0.867314
vt 0.976614 0.880418
vt 0.967974 0.880419
vt 0.842321 0.522557
vt 0.830787 0.523475
vt 0.832785 0.509249
vt 0.842321 0.508746
vt 0.432698 0.434310
vt 0.395201 0.434172
vt 0.395184 0.403780
vt 0.432698 0.385443
vt 0.901988 0.159346
vt 0.901302 0.144207
vt 0.911522 0.144898
vt 0.911522 0.160148
vt 0.073631 0.962765
vt 0.063227 0.963757
vt 0.065652 0.950695
vt 0.073631 0.949639
vt 0.386713 0.917514
vt 0.386713 0.954968
vt 0.384267 0.954968
vt 0.384267 0.917514
vt 0.653409 0.868541
vt 0.653409 0.905995
vt 0.647022 0.905995
vt 0.647022 0.868541
vt 0.903576 0.093764
vt 0.903576 0.131218
vt 0.897016 0.131208
vt 0.896984 0.093753
vt 0.793240 0.003753
vt 0.809687 0.003694
vt 0.809687 0.041247
vt 0.793205 0.041254
vt 0.820366 0.586686
vt 0.804446 0.586718
vt 0.804469 0.549257
vt 0.820366 0.549232
vt 0.991082 0.633568
vt 0.989450 0.633600
vt 0.989452 0.612701
vt 0.991082 0.612582
vt 0.670699 0.726039
vt 0.633240 0.726088
vt 0.633245 0.703689
vt 0.670699 0.703689
vt 0.304848 0.588058
vt 0.304848 0.625513
vt 0.296005 0.625509
vt 0.295551 0.588046
vt 0.724760 0.958972
vt 0.723127 0.959019
vt 0.723129 0.917263
vt 0.724760 0.917173
vt 0.734009 0.917235
vt 0.734009 0.957786
vt 0.732154 0.957495
vt 0.732149 0.917173
vt 0.263788 0.736534
vt 0.263788 0.773988
vt 0.245788 0.773981
vt 0.245776 0.736527
vt 0.220123 0.789989
vt 0.257585 0.790012
vt 0.257585 0.805924
vt 0.220112 0.805932
vt 0.918238 0.616623
vt 0.906672 0.616317
vt 0.907748 0.603139
vt 0.918238 0.602229
vt 0.648640 0.418029
vt 0.634138 0.386181
vt 0.663511 0.386397
vt 0.663511 0.418186
vt 0.169100 0.934764
vt 0.165427 0.934764
vt 0.165427 0.897310
vt 0.169100 0.897310
vt 0.896116 0.913027
vt 0.896116 0.875573
vt 0.901818 0.875573
vt 0.901818 0.913027
vt 0.963744 0.480745
vt 0.965375 0.480718
vt 0.965375 0.518183
vt 0.963743 0.518215
vt 0.986333 0.030086
vt 0.986334 0.005829
vt 0.988211 0.005813
vt 0.988211 0.030229
vt 0.143529 0.461841
vt 0.106076 0.462278
vt 0.106080 0.413962
vt 0.143529 0.413547
vt 0.098688 0.414018
vt 0.098688 0.462247
vt 0.061234 0.462152
vt 0.061210 0.413595
vt 0.274149 0.834837
vt 0.274149 0.872291
vt 0.266592 0.872291
vt 0.264974 0.834835
vt 0.003703 0.933363
vt 0.003694 0.885133
vt 0.005545 0.884980
vt 0.005545 0.933763
vt 0.208351 0.873589
vt 0.199227 0.873615
vt 0.199754 0.836149
vt 0.208351 0.836131
vt 0.818288 0.086318
vt 0.801881 0.086365
vt 0.801915 0.048864
vt 0.818288 0.048846
vt 0.647814 0.252299
vt 0.672279 0.252277
vt 0.672279 0.289748
vt 0.647751 0.289772
vt 0.962889 0.586949
vt 0.962888 0.549232
vt 0.964521 0.549251
vt 0.964521 0.586942
vt 0.527905 0.641729
vt 0.527905 0.679185
vt 0.503579 0.679146
vt 0.503430 0.641669
vt 0.801286 0.404371
vt 0.801282 0.366910
vt 0.817729 0.366953
vt 0.817729 0.404433
vt 0.041160 0.356538
vt 0.041160 0.405460
vt 0.003706 0.405366
vt 0.003694 0.356160
vt 0.806219 0.662274
vt 0.789649 0.662285
vt 0.789654 0.624820
vt 0.806219 0.624820
vt 0.898859 0.473330
vt 0.891226 0.473330
vt 0.892889 0.435876
vt 0.898859 0.435876
vt 0.964910 0.301029
vt 0.963279 0.301046
vt 0.963287 0.284604
vt 0.964910 0.284446
vt 0.431980 0.734187
vt 0.431980 0.760079
vt 0.430095 0.760085
vt 0.430097 0.734131
vt 0.233912 0.390635
vt 0.233923 0.341541
vt 0.271370 0.341494
vt 0.271370 0.390971
vt 0.988518 0.334043
vt 0.986885 0.334052
vt 0.986885 0.309832
vt 0.988518 0.309813
vt 0.936379 0.085555
vt 0.930320 0.084153
vt 0.927638 0.072409
vt 0.936379 0.067440
vt 0.451224 0.172529
vt 0.451224 0.221278
vt 0.413663 0.202938
vt 0.413671 0.172632
vt 0.205118 0.737750
vt 0.205064 0.700289
vt 0.227452 0.700296
vt 0.227452 0.737750
vt 0.003694 0.461276
vt 0.003694 0.412848
vt 0.041159 0.413279
vt 0.041159 0.461707
vt 0.520013 0.802577
vt 0.503430 0.802599
vt 0.503451 0.765120
vt 0.520013 0.765117
vt 0.990910 0.909256
vt 0.989043 0.909307
vt 0.989049 0.887814
vt 0.990910 0.887807
vt 0.579769 0.807702
vt 0.579758 0.792240
vt 0.617223 0.792258
vt 0.617223 0.807702
vt 0.071227 0.798538
vt 0.071178 0.782047
vt 0.108632 0.782050
vt 0.108632 0.798503
vt 0.320336 0.796484
vt 0.357791 0.796484
vt 0.357791 0.811927
vt 0.320334 0.811931
vt 0.902711 0.868180
vt 0.896116 0.868185
vt 0.896146 0.830731
vt 0.902711 0.830726
vt 0.290691 0.706789
vt 0.312946 0.706793
vt 0.312946 0.744247
vt 0.290613 0.744250
vt 0.900105 0.204990
vt 0.893482 0.204990
vt 0.893489 0.167538
vt 0.900105 0.167536
vt 0.130409 0.988404
vt 0.130408 0.966069
vt 0.132293 0.966129
vt 0.132293 0.988384
vt 0.387796 0.583703
vt 0.367459 0.537220
vt 0.387796 0.527078
vt 0.443637 0.479179
vt 0.395192 0.478843
vt 0.395184 0.463971
vt 0.443637 0.441699
vt 0.903919 0.549246
vt 0.910198 0.549232
vt 0.910198 0.586686
vt 0.903902 0.586693
vt 0.667184 0.905995
vt 0.660797 0.905995
vt 0.660797 0.868541
vt 0.667184 0.868541
vt 0.445705 0.856986
vt 0.483156 0.856966
vt 0.483156 0.864991
vt 0.445702 0.864990
vt 0.475509 0.673609
vt 0.451025 0.673685
vt 0.451119 0.636232
vt 0.475509 0.636148
vt 0.994908 0.167544
vt 0.994908 0.175618
vt 0.993291 0.175401
vt 0.993273 0.167536
vt 0.694403 0.243827
vt 0.692795 0.239472
vt 0.703425 0.239417
vt 0.703425 0.243950
vt 0.098688 0.357627
vt 0.098688 0.406207
vt 0.061222 0.397198
vt 0.061212 0.357065
vt 0.175380 0.737758
vt 0.175270 0.700289
vt 0.197676 0.700291
vt 0.197676 0.737752
vt 0.283171 0.834835
vt 0.283171 0.875808
vt 0.281542 0.875717
vt 0.281537 0.834885
vt 0.264998 0.789989
vt 0.280451 0.789989
vt 0.280451 0.827443
vt 0.264974 0.827446
vt 0.496108 0.537215
vt 0.527905 0.537169
vt 0.527905 0.574624
vt 0.495893 0.574682
vt 0.902709 0.757800
vt 0.909017 0.757788
vt 0.909017 0.795242
vt 0.902697 0.795250
vt 0.432663 0.378054
vt 0.395209 0.377979
vt 0.395184 0.329422
vt 0.432663 0.329132
vt 0.991651 0.366894
vt 0.991651 0.387092
vt 0.989767 0.387039
vt 0.989765 0.366896
vt 0.432645 0.767842
vt 0.432645 0.784404
vt 0.395191 0.784404
vt 0.395184 0.767821
vt 0.904501 0.709354
vt 0.897969 0.709359
vt 0.897979 0.671897
vt 0.904501 0.671899
vt 0.059303 0.749185
vt 0.021849 0.728321
vt 0.059303 0.728285
vt 0.394101 0.917514
vt 0.396548 0.917514
vt 0.396548 0.954968
vt 0.394101 0.954968
vt 0.912450 0.480732
vt 0.912450 0.518186
vt 0.906183 0.518172
vt 0.906171 0.480718
vt 0.121670 0.149590
vt 0.065504 0.142401
vt 0.061212 0.080544
vt 0.121670 0.092797
vt 0.684772 0.330100
vt 0.708861 0.322046
vt 0.708861 0.359516
vt 0.684724 0.359474
vt 0.283225 0.729139
vt 0.245778 0.729137
vt 0.245776 0.706811
vt 0.283225 0.706789
vt 0.963380 0.205029
vt 0.963378 0.167536
vt 0.965013 0.167546
vt 0.965013 0.205038
vt 0.089185 0.774650
vt 0.071178 0.774658
vt 0.071195 0.737197
vt 0.089185 0.737195
vt 0.088078 0.868931
vt 0.050624 0.868931
vt 0.050624 0.861066
vt 0.088078 0.861066
vt 0.563783 0.289510
vt 0.563783 0.318364
vt 0.543414 0.302381
vt 0.395199 0.791805
vt 0.432636 0.791792
vt 0.432636 0.807736
vt 0.395184 0.807721
vt 0.212724 0.763153
vt 0.175270 0.763153
vt 0.175276 0.745156
vt 0.212724 0.745147
vt 0.413775 0.917544
vt 0.415632 0.917514
vt 0.415632 0.957647
vt 0.413771 0.957627
vt 0.594485 0.905477
vt 0.594466 0.868022
vt 0.600879 0.868024
vt 0.600879 0.905478
vt 0.633248 0.671897
vt 0.670702 0.671897
vt 0.670702 0.681065
vt 0.633240 0.696301
vt 0.807515 0.473330
vt 0.807513 0.435876
vt 0.823399 0.435899
vt 0.823399 0.473364
vt 0.825142 0.306585
vt 0.862596 0.306549
vt 0.862596 0.314658
vt 0.825142 0.314658
vt 0.154366 0.889921
vt 0.154366 0.884475
vt 0.191820 0.884475
vt 0.191820 0.889921
vt 0.304848 0.543205
vt 0.304848 0.580658
vt 0.273311 0.580625
vt 0.273097 0.543174
vt 0.277145 0.967468
vt 0.283833 0.963815
vt 0.283833 0.980902
vt 0.278165 0.979471
vt 0.021849 0.698505
vt 0.059316 0.698455
vt 0.059316 0.720897
vt 0.021856 0.720888
vt 0.581392 0.917066
vt 0.581392 0.959940
vt 0.579760 0.959925
vt 0.579758 0.916991
vt 0.599347 0.223484
vt 0.583792 0.175122
vt 0.599347 0.160289
vt 0.696742 0.608325
vt 0.696742 0.632717
vt 0.659296 0.617630
vt 0.659305 0.608373
vt 0.238826 0.915142
vt 0.233380 0.915142
vt 0.233380 0.877688
vt 0.238826 0.877688
vt 0.186772 0.978323
vt 0.193470 0.976803
vt 0.193470 0.987412
vt 0.186435 0.986956
vt 0.432646 0.672699
vt 0.432646 0.696956
vt 0.395186 0.696784
vt 0.395184 0.672701
vt 0.384267 0.892158
vt 0.384267 0.886712
vt 0.421721 0.886712
vt 0.421721 0.892158
vt 0.503522 0.686574
vt 0.525893 0.686574
vt 0.525893 0.724028
vt 0.503430 0.724039
vt 0.893132 0.662274
vt 0.885238 0.662275
vt 0.885266 0.624820
vt 0.893132 0.624820
vt 0.625638 0.660823
vt 0.607330 0.650564
vt 0.625638 0.617890
vt 0.265875 0.679159
vt 0.265789 0.641702
vt 0.290279 0.641705
vt 0.290279 0.679159
vt 0.785383 0.301047
vt 0.809799 0.285674
vt 0.809799 0.309847
vt 0.787356 0.893070
vt 0.749902 0.893070
vt 0.749902 0.888108
vt 0.787356 0.888108
vt 0.801901 0.093766
vt 0.818324 0.093753
vt 0.818324 0.131162
vt 0.801881 0.131171
vt 0.246472 0.990482
vt 0.246215 0.981457
vt 0.250747 0.981432
vt 0.250747 0.992079
vt 0.286975 0.956427
vt 0.277145 0.953546
vt 0.280081 0.942320
vt 0.286975 0.941447
vt 0.702131 0.709365
vt 0.678091 0.709370
vt 0.678099 0.671917
vt 0.702131 0.671897
vt 0.320897 0.929486
vt 0.322528 0.929481
vt 0.322528 0.966972
vt 0.320897 0.966973
vt 0.699315 0.048857
vt 0.699315 0.086311
vt 0.675084 0.086311
vt 0.674957 0.048846
vt 0.749902 0.867600
vt 0.749905 0.859635
vt 0.787360 0.859635
vt 0.787360 0.867630
vt 0.703327 0.917228
vt 0.704958 0.917173
vt 0.704958 0.959606
vt 0.703326 0.959612
vt 0.771228 0.957503
vt 0.771228 0.971501
vt 0.761670 0.971079
vt 0.761186 0.957867
vt 0.916405 0.757788
vt 0.921367 0.757788
vt 0.921367 0.795242
vt 0.916405 0.795242
vt 0.679875 0.194550
vt 0.704029 0.194549
vt 0.704029 0.232003
vt 0.679869 0.232008
vt 0.406274 0.221312
vt 0.368797 0.221757
vt 0.368820 0.172652
vt 0.406274 0.172529
vt 0.156123 0.377067
vt 0.193583 0.368079
vt 0.193583 0.416573
vt 0.156108 0.417151
vt 0.098688 0.478482
vt 0.098688 0.510463
vt 0.061222 0.510187
vt 0.061183 0.469636
vt 0.305502 0.329258
vt 0.342954 0.329132
vt 0.342954 0.378594
vt 0.305500 0.378989
vt 0.900035 0.239418
vt 0.900035 0.276869
vt 0.894221 0.276862
vt 0.892536 0.239414
vt 0.599369 0.230873
vt 0.599369 0.293905
vt 0.583792 0.279160
vt 0.323959 0.172610
vt 0.361409 0.172529
vt 0.361409 0.222564
vt 0.676626 0.793264
vt 0.676626 0.830710
vt 0.661213 0.817657
vt 0.561255 0.494214
vt 0.561255 0.550839
vt 0.540834 0.540732
vt 0.387796 0.329132
vt 0.387796 0.378640
vt 0.350342 0.378548
vt 0.540834 0.807720
vt 0.556192 0.794687
vt 0.556192 0.832146
vt 0.503430 0.901037
vt 0.503430 0.863582
vt 0.510053 0.863582
vt 0.510053 0.901037
vt 0.978670 0.650138
vt 0.983850 0.646734
vt 0.983850 0.663497
vt 0.980058 0.662111
vt 0.156118 0.547417
vt 0.156108 0.531787
vt 0.193546 0.528445
vt 0.193546 0.562042
vt 0.265024 0.934058
vt 0.261351 0.934058
vt 0.261351 0.896604
vt 0.265024 0.896604
vt 0.864143 0.386414
vt 0.869589 0.386414
vt 0.869589 0.423868
vt 0.864143 0.423868
vt 0.676626 0.748420
vt 0.676626 0.785874
vt 0.658636 0.785876
vt 0.658629 0.748414
vt 0.686559 0.883986
vt 0.724014 0.883986
vt 0.724014 0.889431
vt 0.686559 0.889431
vt 0.290613 0.751638
vt 0.307898 0.751638
vt 0.307898 0.789093
vt 0.290613 0.789093
vt 0.890476 0.083049
vt 0.881920 0.086365
vt 0.883412 0.075978
vt 0.890476 0.075194
vt 0.674580 0.989581
vt 0.674572 0.967000
vt 0.676202 0.966920
vt 0.676202 0.989788
vt 0.811815 0.897097
vt 0.803950 0.897097
vt 0.803950 0.859643
vt 0.811815 0.859643
vt 0.261351 0.889216
vt 0.261351 0.883514
vt 0.298806 0.883514
vt 0.298806 0.889216
vt 0.980071 0.471202
vt 0.972421 0.470631
vt 0.971344 0.464893
vt 0.980071 0.459437
vt 0.949781 0.975984
vt 0.949781 0.985527
vt 0.942814 0.983989
vt 0.942475 0.973613
vt 0.021849 0.634908
vt 0.059328 0.634637
vt 0.059328 0.659261
vt 0.021863 0.659191
vt 0.788240 0.969734
vt 0.787616 0.956231
vt 0.796417 0.959088
vt 0.796417 0.971969
vt 0.555833 0.595690
vt 0.540834 0.558227
vt 0.572370 0.558239
vt 0.572370 0.595682
vt 0.959379 0.366997
vt 0.961012 0.366894
vt 0.961012 0.405455
vt 0.959377 0.405454
vt 0.122020 0.003694
vt 0.122020 0.060480
vt 0.061212 0.073156
vt 0.065854 0.010895
vt 0.928178 0.815955
vt 0.936451 0.815949
vt 0.936451 0.823337
vt 0.922934 0.823270
vt 0.274662 0.488399
vt 0.274662 0.521290
vt 0.233912 0.510810
vt 0.237191 0.488468
vt 0.291308 0.978484
vt 0.298208 0.976779
vt 0.298208 0.987494
vt 0.291251 0.987045
vt 0.141111 0.979864
vt 0.142921 0.965460
vt 0.146720 0.966826
vt 0.146720 0.983558
vt 0.116045 0.669198
vt 0.120131 0.660495
vt 0.120131 0.678201
vt 0.177081 0.972019
vt 0.177081 0.988191
vt 0.171733 0.983251
vt 0.984200 0.588707
vt 0.984200 0.605194
vt 0.978670 0.597871
vt 0.098678 0.157368
vt 0.098678 0.220564
vt 0.061266 0.205406
vt 0.061212 0.156979
vt 0.993253 0.940110
vt 0.993253 0.958131
vt 0.991587 0.957373
vt 0.991367 0.940090
vt 0.414119 0.975939
vt 0.413771 0.965036
vt 0.421649 0.967783
vt 0.421649 0.980187
vt 0.937062 0.732228
vt 0.937062 0.749934
vt 0.928969 0.746893
vt 0.927536 0.732783
vt 0.316571 0.183793
vt 0.316571 0.222564
vt 0.279090 0.218238
vt 0.275843 0.173228
vt 0.279097 0.120768
vt 0.316565 0.116452
vt 0.316565 0.155288
vt 0.275843 0.165840
vt 0.055839 0.923638
vt 0.055839 0.962033
vt 0.054206 0.962017
vt 0.054204 0.923528
vt 0.933460 0.944470
vt 0.935087 0.944324
vt 0.935087 0.977446
vt 0.933457 0.977360
vt 0.874532 0.079024
vt 0.874532 0.086365
vt 0.837079 0.084905
vt 0.837080 0.079091
vt 0.792056 0.514681
vt 0.798736 0.511873
vt 0.798736 0.517839
vt 0.474805 0.992431
vt 0.471191 0.983189
vt 0.474805 0.981522
vt 0.122784 0.981062
vt 0.119641 0.983503
vt 0.117578 0.966358
vt 0.122784 0.962424
vt 0.856342 0.988534
vt 0.856342 0.994801
vt 0.854597 0.994088
vt 0.854685 0.989126
vt 0.435926 0.519689
vt 0.398449 0.519679
vt 0.395184 0.497045
vt 0.435926 0.486567
vt 0.821004 0.936175
vt 0.830642 0.934437
vt 0.830642 0.950533
vt 0.821911 0.949910
vt 0.933189 0.720664
vt 0.931336 0.720528
vt 0.931347 0.672297
vt 0.933189 0.671897
vt 0.098223 0.987914
vt 0.098223 0.994537
vt 0.096736 0.993595
vt 0.096605 0.988150
vt 0.794331 0.140788
vt 0.786944 0.133609
vt 0.794331 0.124453
vt 0.993696 0.663588
vt 0.991238 0.654011
vt 0.993696 0.646734
vt 0.890450 0.602592
vt 0.899284 0.599672
vt 0.899284 0.614189
vt 0.888649 0.616623
vt 0.817457 0.292744
vt 0.822423 0.284267
vt 0.822423 0.298592
vt 0.991427 0.458761
vt 0.991427 0.471202
vt 0.987460 0.463942
vt 0.959267 0.985212
vt 0.964806 0.976053
vt 0.964806 0.989009
vt 0.615950 0.971639
vt 0.613247 0.958022
vt 0.621794 0.958486
vt 0.621794 0.973652
vt 0.975605 0.349144
vt 0.975605 0.359445
vt 0.969530 0.358215
vt 0.966508 0.352852
vt 0.327125 0.543307
vt 0.343700 0.543174
vt 0.343700 0.574458
vt 0.312236 0.580909
vt 0.986664 0.157971
vt 0.985032 0.157996
vt 0.985045 0.126115
vt 0.986664 0.125853
vt 0.671165 0.548916
vt 0.671143 0.539399
vt 0.678091 0.539975
vt 0.678091 0.550631
vt 0.368739 0.969979
vt 0.366142 0.958209
vt 0.374819 0.954851
vt 0.374819 0.970947
vt 0.598096 0.124977
vt 0.566841 0.130957
vt 0.581673 0.093611
vt 0.598096 0.093747
vt 0.432651 0.560860
vt 0.395184 0.557443
vt 0.395192 0.541758
vt 0.432651 0.527078
vt 0.180273 0.650600
vt 0.180273 0.675075
vt 0.142812 0.659837
vt 0.142817 0.650669
vt 0.465717 0.909833
vt 0.459410 0.909845
vt 0.459421 0.872386
vt 0.465717 0.872379
vt 0.130408 0.722639
vt 0.130420 0.700289
vt 0.167881 0.700289
vt 0.167881 0.722695
vt 0.424706 0.259887
vt 0.462185 0.259629
vt 0.462185 0.308057
vt 0.424703 0.308333
vt 0.233949 0.018840
vt 0.271352 0.003694
vt 0.271352 0.066726
vt 0.233912 0.067133
vt 0.647952 0.244863
vt 0.647952 0.239417
vt 0.685406 0.239417
vt 0.685406 0.244863
vt 0.403936 0.917514
vt 0.406382 0.917514
vt 0.406382 0.954968
vt 0.403936 0.954968
vt 0.191839 0.770548
vt 0.191839 0.808002
vt 0.175278 0.808002
vt 0.175270 0.770541
vt 0.071194 0.660743
vt 0.108656 0.660495
vt 0.108656 0.684958
vt 0.071178 0.684880
vt 0.579778 0.768282
vt 0.617238 0.768289
vt 0.617238 0.784850
vt 0.579758 0.784851
vt 0.986906 0.671897
vt 0.986906 0.703920
vt 0.985284 0.703742
vt 0.985275 0.671920
vt 0.988039 0.818025
vt 0.988038 0.793852
vt 0.989672 0.793830
vt 0.989672 0.818051
vt 0.088078 0.894371
vt 0.050624 0.894371
vt 0.050624 0.889409
vt 0.088078 0.889409
vt 0.821652 0.958593
vt 0.830766 0.957921
vt 0.830766 0.972246
vt 0.821004 0.971458
vt 0.304450 0.676364
vt 0.341887 0.661212
vt 0.341887 0.685697
vt 0.304446 0.685621
vt 0.964670 0.595959
vt 0.970411 0.594338
vt 0.970411 0.604984
vt 0.962888 0.605039
vt 0.613247 0.986365
vt 0.618212 0.981041
vt 0.618212 0.991643
vt 0.081108 0.979294
vt 0.086419 0.971280
vt 0.086419 0.987676
vt 0.529270 0.975013
vt 0.529270 0.985944
vt 0.523747 0.984049
vt 0.521747 0.975132
vt 0.994900 0.781618
vt 0.993262 0.781606
vt 0.993289 0.773679
vt 0.994900 0.773426
vt 0.524716 0.884109
vt 0.529678 0.884109
vt 0.529678 0.921563
vt 0.524716 0.921563
vt 0.394001 0.974761
vt 0.384267 0.975925
vt 0.385627 0.962576
vt 0.394001 0.962357
vt 0.898423 0.428379
vt 0.889949 0.428169
vt 0.888954 0.414440
vt 0.898423 0.411901
vt 0.248892 0.543196
vt 0.265709 0.543174
vt 0.265709 0.580629
vt 0.233912 0.580679
vt 0.154366 0.934764
vt 0.154366 0.897310
vt 0.158039 0.897310
vt 0.158039 0.934764
vt 0.888649 0.586686
vt 0.888649 0.549232
vt 0.896514 0.549232
vt 0.896514 0.586686
vt 0.558118 0.787299
vt 0.540834 0.787299
vt 0.540834 0.749844
vt 0.558118 0.749844
vt 0.965372 0.525604
vt 0.965372 0.541497
vt 0.963766 0.541194
vt 0.963743 0.525732
vt 0.579759 0.697385
vt 0.579758 0.673345
vt 0.617202 0.673339
vt 0.617202 0.697434
vt 0.598045 0.010228
vt 0.598045 0.041458
vt 0.581593 0.041290
vt 0.566841 0.003694
vt 0.581729 0.086222
vt 0.566841 0.048846
vt 0.598304 0.054806
vt 0.598304 0.086089
vt 0.838120 0.624820
vt 0.845754 0.624820
vt 0.845754 0.662274
vt 0.836457 0.662274
vt 0.964914 0.277000
vt 0.963282 0.277058
vt 0.963279 0.239437
vt 0.964914 0.239414
vt 0.787356 0.880720
vt 0.749902 0.880720
vt 0.749902 0.875018
vt 0.787356 0.875018
vt 0.505978 0.153244
vt 0.505978 0.164154
vt 0.493055 0.163217
vt 0.492264 0.155402
vt 0.524774 0.876715
vt 0.524716 0.839263
vt 0.532720 0.839266
vt 0.532720 0.876721
vt 0.742178 0.835023
vt 0.742178 0.891818
vt 0.740324 0.891776
vt 0.740324 0.834989
vt 0.688665 0.184401
vt 0.690202 0.183406
vt 0.690202 0.187079
vt 0.688553 0.186845
vt 0.287147 0.934058
vt 0.283474 0.934058
vt 0.283474 0.896604
vt 0.287147 0.896604
vt 0.479406 0.872391
vt 0.479406 0.909845
vt 0.473127 0.909832
vt 0.473106 0.872379
vt 0.670697 0.853044
vt 0.670697 0.861153
vt 0.633240 0.860943
vt 0.633243 0.853044
vt 0.594466 0.968710
vt 0.595557 0.954569
vt 0.603933 0.954517
vt 0.603933 0.969683
vt 0.877849 0.662274
vt 0.869922 0.662275
vt 0.869955 0.624820
vt 0.877849 0.624820
vt 0.342973 0.434693
vt 0.305500 0.435259
vt 0.305521 0.386765
vt 0.342973 0.386378
vt 0.988843 0.852971
vt 0.988841 0.830762
vt 0.990725 0.830726
vt 0.990725 0.853041
vt 0.932006 0.093817
vt 0.933870 0.093753
vt 0.933870 0.142181
vt 0.932011 0.142173
vt 0.708808 0.404365
vt 0.684724 0.404411
vt 0.684776 0.366942
vt 0.708808 0.366904
vt 0.898783 0.480722
vt 0.898783 0.518176
vt 0.892812 0.518176
vt 0.891226 0.480718
vt 0.993674 0.591479
vt 0.991805 0.591489
vt 0.991813 0.574952
vt 0.993674 0.574662
vt 0.982554 0.549463
vt 0.984417 0.549232
vt 0.984417 0.581245
vt 0.982553 0.581301
vt 0.387700 0.093444
vt 0.387686 0.044864
vt 0.425162 0.045412
vt 0.425162 0.093840
vt 0.331547 0.929481
vt 0.331547 0.966972
vt 0.329916 0.966964
vt 0.329916 0.929482
vt 0.810997 0.186494
vt 0.794505 0.186526
vt 0.794590 0.149064
vt 0.810997 0.149026
vt 0.380290 0.102240
vt 0.380290 0.151446
vt 0.342836 0.151353
vt 0.342824 0.101845
vt 0.685227 0.958051
vt 0.683595 0.958029
vt 0.683596 0.919257
vt 0.685227 0.919216
vt 0.425155 0.102304
vt 0.425155 0.150861
vt 0.387701 0.150767
vt 0.387678 0.101845
vt 0.648123 0.232029
vt 0.647952 0.194549
vt 0.672480 0.194552
vt 0.672480 0.232024
vt 0.675964 0.003694
vt 0.700119 0.003698
vt 0.700119 0.041159
vt 0.675892 0.041161
vt 0.061279 0.532592
vt 0.093260 0.532382
vt 0.093260 0.569847
vt 0.061248 0.570059
vt 0.233956 0.398840
vt 0.271375 0.398359
vt 0.271375 0.447108
vt 0.233912 0.447238
vt 0.541017 0.660126
vt 0.565237 0.660126
vt 0.565237 0.697580
vt 0.540834 0.697603
vt 0.822420 0.232012
vt 0.806507 0.232025
vt 0.806523 0.194572
vt 0.822420 0.194549
vt 0.702012 0.830717
vt 0.686559 0.830720
vt 0.686569 0.793263
vt 0.702012 0.793263
vt 0.617207 0.727204
vt 0.579758 0.727189
vt 0.579763 0.704863
vt 0.617207 0.704822
vt 0.234063 0.641702
vt 0.258401 0.641702
vt 0.258401 0.679156
vt 0.233912 0.679167
vt 0.683688 0.558289
vt 0.683688 0.595740
vt 0.659516 0.595697
vt 0.659296 0.558227
vt 0.482776 0.537463
vt 0.482776 0.574924
vt 0.451026 0.574738
vt 0.451025 0.537284
vt 0.202133 0.641733
vt 0.226523 0.641702
vt 0.226523 0.679170
vt 0.202059 0.679196
vt 0.071254 0.729807
vt 0.071178 0.692346
vt 0.093641 0.692353
vt 0.093641 0.729807
vt 0.220113 0.959989
vt 0.220112 0.922530
vt 0.221996 0.922546
vt 0.221996 0.960019
vt 0.711149 0.838109
vt 0.711149 0.875568
vt 0.702553 0.875529
vt 0.897989 0.043267
vt 0.897976 0.005813
vt 0.904401 0.005815
vt 0.904401 0.043269
vt 0.445702 0.909834
vt 0.445703 0.872379
vt 0.452022 0.872389
vt 0.452022 0.909826
vt 0.914908 0.913027
vt 0.909206 0.913027
vt 0.909206 0.875573
vt 0.914908 0.875573
vt 0.633246 0.905996
vt 0.633240 0.868541
vt 0.639633 0.868542
vt 0.639633 0.905996
vt 0.644216 0.187096
vt 0.606757 0.187160
vt 0.606761 0.164697
vt 0.644216 0.164697
vt 0.739223 0.790147
vt 0.739223 0.827601
vt 0.723776 0.827601
vt 0.723760 0.790144
vt 0.298806 0.838672
vt 0.298806 0.876126
vt 0.290841 0.876125
vt 0.290613 0.838666
vt 0.904211 0.366904
vt 0.904211 0.404359
vt 0.897688 0.404356
vt 0.897650 0.366894
vt 0.137024 0.902166
vt 0.130408 0.902168
vt 0.130430 0.864717
vt 0.137024 0.864712
vt 0.822423 0.239425
vt 0.822423 0.276879
vt 0.806529 0.276864
vt 0.806507 0.239414
vt 0.904215 0.359501
vt 0.897650 0.359506
vt 0.897682 0.322052
vt 0.904215 0.322046
vt 0.432551 0.045116
vt 0.470030 0.044864
vt 0.470030 0.093421
vt 0.432576 0.093345
vt 0.961589 0.650485
vt 0.961592 0.612582
vt 0.963224 0.612659
vt 0.963224 0.650484
vt 0.744437 0.149035
vt 0.762444 0.149026
vt 0.762444 0.186480
vt 0.744423 0.186489
vt 0.540890 0.704991
vt 0.563204 0.704991
vt 0.563204 0.742445
vt 0.540834 0.742456
vt 0.021867 0.569865
vt 0.021849 0.532382
vt 0.053860 0.532721
vt 0.053860 0.570201
vt 0.965018 0.757797
vt 0.965018 0.795289
vt 0.963387 0.795270
vt 0.963386 0.757788
vt 0.844146 0.874409
vt 0.850414 0.874395
vt 0.850414 0.911849
vt 0.844135 0.911863
vt 0.395189 0.726743
vt 0.395184 0.704344
vt 0.432643 0.704393
vt 0.432643 0.726743
vt 0.651241 0.748421
vt 0.651241 0.785875
vt 0.633252 0.785875
vt 0.633240 0.748414
vt 0.917045 0.404348
vt 0.911599 0.404348
vt 0.911599 0.366894
vt 0.917045 0.366894
vt 0.533445 0.529781
vt 0.495901 0.529665
vt 0.495893 0.499358
vt 0.533445 0.494214
vt 0.709629 0.671897
vt 0.731962 0.671902
vt 0.731962 0.709362
vt 0.709519 0.709367
vt 0.715543 0.725882
vt 0.678091 0.725839
vt 0.678094 0.718341
vt 0.715543 0.716759
vt 0.220121 0.745152
vt 0.238119 0.745147
vt 0.238119 0.782601
vt 0.220112 0.782601
vt 0.343648 0.919646
vt 0.343648 0.922093
vt 0.306194 0.922093
vt 0.306194 0.919646
vt 0.132485 0.569861
vt 0.100648 0.570148
vt 0.100698 0.532666
vt 0.132485 0.532382
vt 0.479406 0.917234
vt 0.479406 0.954688
vt 0.476960 0.954688
vt 0.476960 0.917234
vt 0.351088 0.579611
vt 0.359771 0.543174
vt 0.359771 0.581632
vt 0.963956 0.461295
vt 0.962324 0.461289
vt 0.962324 0.423573
vt 0.963956 0.423566
vt 0.354106 0.628118
vt 0.346081 0.628117
vt 0.346111 0.590665
vt 0.354106 0.590663
vt 0.063130 0.756614
vt 0.063130 0.794079
vt 0.046565 0.794070
vt 0.046522 0.756573
vt 0.246215 0.907823
vt 0.246215 0.870369
vt 0.252602 0.870369
vt 0.252602 0.907823
vt 0.800905 0.671963
vt 0.817348 0.671897
vt 0.817348 0.709361
vt 0.800901 0.709425
vt 0.792371 0.420556
vt 0.754826 0.420520
vt 0.754874 0.404073
vt 0.792371 0.404073
vt 0.417315 0.259783
vt 0.417315 0.308651
vt 0.379855 0.308191
vt 0.379818 0.259629
vt 0.870371 0.920071
vt 0.870371 0.882617
vt 0.875333 0.882617
vt 0.875333 0.920071
vt 0.819893 0.795240
vt 0.803950 0.795255
vt 0.803973 0.757814
vt 0.819893 0.757788
vt 0.813607 0.624820
vt 0.829069 0.624820
vt 0.829069 0.662274
vt 0.813607 0.662274
vt 0.696753 0.664432
vt 0.659296 0.664509
vt 0.659299 0.640106
vt 0.696753 0.640106
vt 0.338937 0.966904
vt 0.338936 0.929481
vt 0.340570 0.929484
vt 0.340570 0.966947
vt 0.695164 0.838109
vt 0.695164 0.876597
vt 0.686559 0.874562
vt 0.369560 0.459059
vt 0.369560 0.477697
vt 0.361311 0.474096
vt 0.361342 0.457617
vt 0.900520 0.624820
vt 0.906907 0.624820
vt 0.906907 0.662274
vt 0.900520 0.662274
vt 0.110720 0.898520
vt 0.110720 0.861066
vt 0.118586 0.861066
vt 0.118586 0.898520
vt 0.294535 0.896604
vt 0.298208 0.896604
vt 0.298208 0.934058
vt 0.294535 0.934058
vt 0.342631 0.706795
vt 0.342631 0.744249
vt 0.320422 0.744253
vt 0.320334 0.706789
vt 0.475065 0.796649
vt 0.475021 0.759184
vt 0.491630 0.759195
vt 0.491630 0.796649
vt 0.844135 0.744698
vt 0.881589 0.744698
vt 0.881589 0.750400
vt 0.844135 0.750400
vt 0.053824 0.356159
vt 0.053824 0.393613
vt 0.048862 0.393613
vt 0.048862 0.356159
vt 0.106076 0.405873
vt 0.106101 0.357107
vt 0.143555 0.357065
vt 0.143555 0.406159
vt 0.061216 0.299641
vt 0.098653 0.299540
vt 0.098653 0.349271
vt 0.061212 0.349676
vt 0.799654 0.541827
vt 0.762157 0.541844
vt 0.762183 0.525435
vt 0.799654 0.525453
vt 0.122009 0.306308
vt 0.122009 0.343789
vt 0.106123 0.343776
vt 0.106066 0.306314
vt 0.372430 0.259629
vt 0.372430 0.321316
vt 0.342727 0.298501
vt 0.807547 0.518217
vt 0.807513 0.480752
vt 0.822991 0.480763
vt 0.822991 0.518217
vt 0.488505 0.494214
vt 0.488505 0.529896
vt 0.451032 0.524738
vt 0.451025 0.494347
vt 0.919642 0.152709
vt 0.932996 0.151394
vt 0.932996 0.160148
vt 0.918910 0.158847
vt 0.787117 0.149026
vt 0.787117 0.186480
vt 0.769833 0.186480
vt 0.769833 0.149026
vt 0.732936 0.872443
vt 0.723760 0.872443
vt 0.732936 0.834989
vt 0.432546 0.150206
vt 0.432544 0.101845
vt 0.470025 0.102132
vt 0.470025 0.150488
vt 0.993386 0.274840
vt 0.994987 0.274380
vt 0.994987 0.280805
vt 0.993377 0.280542
vt 0.380298 0.093968
vt 0.342824 0.094457
vt 0.342846 0.044996
vt 0.380298 0.044864
vt 0.337619 0.789095
vt 0.320334 0.789095
vt 0.320334 0.751641
vt 0.337619 0.751641
vt 0.445702 0.917222
vt 0.448148 0.917222
vt 0.448148 0.954676
vt 0.445702 0.954676
vt 0.703840 0.289732
vt 0.679667 0.289739
vt 0.679679 0.252280
vt 0.703840 0.252277
vt 0.988112 0.073136
vt 0.986236 0.073194
vt 0.986241 0.048731
vt 0.988112 0.048513
vt 0.335338 0.321744
vt 0.305500 0.282277
vt 0.335338 0.259629
vt 0.597646 0.494214
vt 0.617836 0.494214
vt 0.617836 0.544788
vt 0.597646 0.544788
vt 0.144413 0.914753
vt 0.144413 0.864712
vt 0.146478 0.866158
vt 0.146478 0.915286
vt 0.021849 0.605930
vt 0.042039 0.577589
vt 0.042039 0.627249
vt 0.920040 0.289454
vt 0.917975 0.289987
vt 0.917975 0.240859
vt 0.920040 0.239414
vt 0.171733 0.964364
vt 0.171733 0.946047
vt 0.179047 0.946314
vt 0.179047 0.964630
vt 0.652659 0.314017
vt 0.652659 0.321384
vt 0.586883 0.321744
vt 0.586883 0.313384
vt 0.877194 0.389286
vt 0.877194 0.322046
vt 0.880294 0.323390
vt 0.880294 0.389437
vt 0.483431 0.636148
vt 0.483431 0.642492
vt 0.482898 0.637215
vt 0.955347 0.529310
vt 0.956354 0.480718
vt 0.956354 0.529843
vt 0.836544 0.426732
vt 0.841214 0.379123
vt 0.844558 0.379095
vt 0.844558 0.427662
vt 0.335436 0.044864
vt 0.335436 0.109064
vt 0.305500 0.109064
vt 0.305500 0.044864
vt 0.728933 0.314658
vt 0.670899 0.314450
vt 0.670899 0.307343
vt 0.728933 0.307108
vt 0.233912 0.252241
vt 0.233912 0.188041
vt 0.268454 0.188041
vt 0.268454 0.252241
vt 0.679150 0.860364
vt 0.678085 0.854052
vt 0.679150 0.853044
vt 0.747892 0.820357
vt 0.746793 0.814051
vt 0.747892 0.812003
vt 0.511826 0.957017
vt 0.512834 0.908425
vt 0.512834 0.957549
vt 0.440034 0.672850
vt 0.443134 0.672699
vt 0.443134 0.738746
vt 0.440034 0.740089
vt 0.025065 0.348772
vt 0.003694 0.348772
vt 0.003694 0.003694
vt 0.025065 0.003694
vt 0.503430 0.957017
vt 0.504438 0.908425
vt 0.504438 0.957549
vt 0.524716 0.947268
vt 0.524716 0.928951
vt 0.533069 0.929006
vt 0.533069 0.947323
vt 0.957370 0.720489
vt 0.958378 0.671897
vt 0.958378 0.721021
vt 0.094756 0.227952
vt 0.094756 0.292152
vt 0.061212 0.292152
vt 0.061212 0.227952
vt 0.625695 0.807512
vt 0.624631 0.801200
vt 0.625695 0.800192
vt 0.154366 0.942419
vt 0.161681 0.942152
vt 0.161681 0.960674
vt 0.154366 0.960941
vt 0.954990 0.806380
vt 0.955998 0.757788
vt 0.955998 0.806912
vt 0.651908 0.558227
vt 0.651908 0.607887
vt 0.633240 0.607887
vt 0.633240 0.558227
vt 0.994925 0.932623
vt 0.992880 0.926332
vt 0.994925 0.923035
vt 0.134663 0.577574
vt 0.134663 0.673683
vt 0.128595 0.673648
vt 0.128226 0.577537
vt 0.954982 0.216128
vt 0.955990 0.167536
vt 0.955990 0.216660
vt 0.120838 0.653107
vt 0.071178 0.653107
vt 0.071178 0.634585
vt 0.120838 0.634585
vt 0.994532 0.210386
vt 0.993387 0.204952
vt 0.994532 0.203254
vt 0.995177 0.671897
vt 0.995177 0.678298
vt 0.994295 0.673068
vt 0.902548 0.749022
vt 0.897969 0.746716
vt 0.898155 0.719376
vt 0.902548 0.716747
vt 0.154366 0.989680
vt 0.156238 0.989612
vt 0.156238 0.994915
vt 0.154366 0.994984
vt 0.683595 0.994985
vt 0.683595 0.989681
vt 0.685467 0.989749
vt 0.685467 0.995053
vt 0.306194 0.892622
vt 0.355322 0.892622
vt 0.355322 0.894291
vt 0.306194 0.894291
vt 0.384267 0.899547
vt 0.433394 0.899547
vt 0.433394 0.901215
vt 0.384267 0.901215
vt 0.487247 0.995729
vt 0.485579 0.995790
vt 0.485579 0.990486
vt 0.487247 0.990425
vt 0.826833 0.979634
vt 0.826833 0.989359
vt 0.821004 0.989359
vt 0.821004 0.979634
vt 0.141111 0.996250
vt 0.141111 0.990947
vt 0.142632 0.991002
vt 0.142632 0.996306
vt 0.117578 0.990947
vt 0.119099 0.990891
vt 0.119099 0.996195
vt 0.117578 0.996251
vt 0.995177 0.699475
vt 0.995177 0.705876
vt 0.994295 0.700646
vt 0.995236 0.125853
vt 0.995236 0.132328
vt 0.994052 0.127159
vt 0.130408 0.958148
vt 0.131416 0.909557
vt 0.131416 0.958681
vt 0.818745 0.851241
vt 0.819752 0.802643
vt 0.819752 0.851774
vt 0.994343 0.246733
vt 0.993278 0.240421
vt 0.994343 0.239414
vt 0.234840 0.735687
vt 0.236076 0.686575
vt 0.238127 0.687159
vt 0.238127 0.737750
vt 0.732936 0.888185
vt 0.731465 0.881879
vt 0.732936 0.879832
vt 0.958111 0.358404
vt 0.959119 0.309813
vt 0.959119 0.358936
vt 0.958050 0.142345
vt 0.959058 0.093753
vt 0.959058 0.142878
vt 0.994343 0.261441
vt 0.993278 0.255129
vt 0.994343 0.254121
vt 0.958033 0.054404
vt 0.959041 0.005813
vt 0.959041 0.054937
vt 0.745899 0.314224
vt 0.736321 0.314658
vt 0.736321 0.299390
vt 0.745899 0.294034
vt 0.906248 0.430223
vt 0.910263 0.427982
vt 0.910263 0.472574
vt 0.907302 0.473330
vt 0.889670 0.750400
vt 0.888977 0.744094
vt 0.889670 0.742046
vt 0.387796 0.642105
vt 0.387796 0.670701
vt 0.361495 0.662271
vt 0.361495 0.635507
vt 0.926487 0.416564
vt 0.925479 0.416586
vt 0.924433 0.367471
vt 0.926487 0.366894
vt 0.930311 0.549254
vt 0.930311 0.598925
vt 0.928257 0.598347
vt 0.929303 0.549232
vt 0.911022 0.525614
vt 0.911022 0.532393
vt 0.907406 0.531385
vt 0.907402 0.526081
vt 0.941585 0.721560
vt 0.940578 0.672962
vt 0.941585 0.671897
vt 0.123020 0.686929
vt 0.123020 0.767483
vt 0.116510 0.765149
vt 0.118893 0.686585
vt 0.938554 0.530383
vt 0.938554 0.480718
vt 0.939562 0.481251
vt 0.939562 0.530383
vt 0.971344 0.424174
vt 0.974478 0.423566
vt 0.974478 0.450683
vt 0.971373 0.452049
vt 0.929482 0.239435
vt 0.929482 0.289106
vt 0.927429 0.288529
vt 0.928475 0.239414
vt 0.942513 0.830726
vt 0.943520 0.830726
vt 0.943520 0.879852
vt 0.942513 0.880384
vt 0.950723 0.359469
vt 0.949715 0.310878
vt 0.950723 0.309813
vt 0.924987 0.880398
vt 0.923980 0.880419
vt 0.922934 0.831303
vt 0.924987 0.830726
vt 0.947593 0.217193
vt 0.946586 0.168601
vt 0.947593 0.167536
vt 0.946539 0.423566
vt 0.946539 0.473224
vt 0.945531 0.472691
vt 0.945531 0.423566
vt 0.940905 0.232025
vt 0.937285 0.231558
vt 0.937290 0.226254
vt 0.940905 0.225247
vt 0.625638 0.777062
vt 0.624631 0.728471
vt 0.625638 0.726331
vt 0.944797 0.662239
vt 0.944797 0.612582
vt 0.945805 0.613114
vt 0.945805 0.662239
vt 0.942248 0.055473
vt 0.941240 0.055473
vt 0.941240 0.006345
vt 0.942248 0.005813
vt 0.939197 0.217573
vt 0.938189 0.168982
vt 0.939197 0.167536
vt 0.936087 0.612582
vt 0.937408 0.612582
vt 0.937408 0.661710
vt 0.936087 0.661710
vt 0.982377 0.366894
vt 0.982377 0.393658
vt 0.978985 0.393658
vt 0.978985 0.366894
vt 0.932330 0.005813
vt 0.933852 0.005813
vt 0.933852 0.054940
vt 0.932330 0.054940
vt 0.647751 0.297160
vt 0.696877 0.297160
vt 0.696877 0.299034
vt 0.647751 0.299034
vt 0.355321 0.910736
vt 0.355321 0.912258
vt 0.306194 0.912258
vt 0.306194 0.910736
vt 0.161687 0.323367
vt 0.156108 0.323340
vt 0.156108 0.003694
vt 0.161687 0.003721
vt 0.579758 0.665951
vt 0.579758 0.616291
vt 0.598075 0.616291
vt 0.598075 0.665951
vt 0.471045 0.036651
vt 0.421918 0.036651
vt 0.421918 0.034777
vt 0.471045 0.034777
vt 0.933875 0.366894
vt 0.935196 0.366894
vt 0.935196 0.416022
vt 0.933875 0.416022
vt 0.915149 0.541844
vt 0.866022 0.541844
vt 0.866022 0.540322
vt 0.915149 0.540322
vt 0.882716 0.239414
vt 0.885148 0.239414
vt 0.885148 0.305462
vt 0.882716 0.305462
vt 0.947495 0.289070
vt 0.946487 0.240478
vt 0.947495 0.239414
vt 0.298112 0.293173
vt 0.233912 0.293173
vt 0.233912 0.259629
vt 0.298112 0.259629
vt 0.081438 0.627107
vt 0.061248 0.627107
vt 0.061248 0.577447
vt 0.081438 0.577447
vt 0.121607 0.209186
vt 0.120599 0.160594
vt 0.121607 0.156979
vt 0.947601 0.807445
vt 0.946594 0.758853
vt 0.947601 0.757788
vt 0.950662 0.143410
vt 0.949654 0.094818
vt 0.950662 0.093753
vt 0.747892 0.804615
vt 0.746884 0.756024
vt 0.747892 0.754044
vt 0.233912 0.634314
vt 0.233912 0.615646
vt 0.283572 0.615646
vt 0.283572 0.634314
vt 0.742070 0.958538
vt 0.741398 0.921732
vt 0.742070 0.917173
vt 0.942266 0.143412
vt 0.941258 0.143412
vt 0.941258 0.094286
vt 0.942266 0.093753
vt 0.829808 0.181291
vt 0.838156 0.181291
vt 0.838156 0.227590
vt 0.829808 0.232025
vt 0.379818 0.316039
vt 0.443161 0.316039
vt 0.443161 0.319502
vt 0.379818 0.319502
vt 0.413501 0.615639
vt 0.413501 0.665311
vt 0.395184 0.665192
vt 0.395184 0.615520
vt 0.746399 0.536461
vt 0.746399 0.517793
vt 0.754752 0.517848
vt 0.754752 0.536516
vt 0.201812 0.634314
vt 0.201812 0.630921
vt 0.226523 0.630921
vt 0.226523 0.634314
vt 0.304446 0.635507
vt 0.354106 0.635507
vt 0.354106 0.653823
vt 0.304446 0.653824
vt 0.440039 0.527078
vt 0.443431 0.527078
vt 0.443431 0.560220
vt 0.440039 0.560220
vt 0.597290 0.152901
vt 0.531455 0.152504
vt 0.531455 0.145137
vt 0.597290 0.144540
vt 0.500685 0.628760
vt 0.451025 0.628760
vt 0.451025 0.609891
vt 0.500685 0.609891
vt 0.661132 0.185734
vt 0.667043 0.152385
vt 0.667043 0.186228
vt 0.426101 0.951887
vt 0.423021 0.951216
vt 0.426101 0.917514
vt 0.212585 0.931341
vt 0.211578 0.882749
vt 0.212585 0.881004
vt 0.995000 0.190856
vt 0.993273 0.186861
vt 0.995000 0.183006
vt 0.233912 0.588067
vt 0.283572 0.588067
vt 0.283572 0.608257
vt 0.233912 0.608257
vt 0.635427 0.106276
vt 0.653743 0.106276
vt 0.653743 0.156317
vt 0.635427 0.156317
vt 0.509384 0.634281
vt 0.509384 0.582070
vt 0.527905 0.582070
vt 0.527905 0.634281
vt 0.903598 0.992444
vt 0.899965 0.990383
vt 0.903598 0.981905
vt 0.859520 0.883885
vt 0.859520 0.822246
vt 0.862982 0.822246
vt 0.862982 0.883885
vt 0.192472 0.617302
vt 0.142812 0.617302
vt 0.142812 0.598433
vt 0.192472 0.598433
vt 0.439889 0.569646
vt 0.439889 0.605267
vt 0.432875 0.604519
vt 0.428874 0.568248
vt 0.855126 0.612153
vt 0.854703 0.550502
vt 0.859114 0.549232
vt 0.859114 0.613433
vt 0.974507 0.118465
vt 0.974507 0.093753
vt 0.978689 0.094770
vt 0.978689 0.118465
vt 0.566450 0.884161
vt 0.565506 0.831053
vt 0.569612 0.830164
vt 0.569612 0.884972
vt 0.853022 0.068751
vt 0.852815 0.007112
vt 0.857296 0.005813
vt 0.857296 0.070017
vt 0.835965 0.500076
vt 0.831557 0.501358
vt 0.830787 0.438019
vt 0.835965 0.435876
vt 0.572088 0.704991
vt 0.572088 0.740389
vt 0.570593 0.739768
vt 0.570593 0.704991
vt 0.853746 0.626382
vt 0.862534 0.624820
vt 0.862534 0.660552
vt 0.853142 0.661940
vt 0.053530 0.624501
vt 0.049427 0.578481
vt 0.053530 0.577589
vt 0.858634 0.541844
vt 0.849849 0.540269
vt 0.858634 0.506462
vt 0.572138 0.651645
vt 0.566744 0.648846
vt 0.572138 0.603078
vt 0.870371 0.931114
vt 0.873798 0.927459
vt 0.873798 0.957724
vt 0.494552 0.902906
vt 0.494552 0.937300
vt 0.490553 0.926698
vt 0.856551 0.393690
vt 0.856551 0.428218
vt 0.852280 0.426307
vt 0.910396 0.953951
vt 0.907596 0.922440
vt 0.910396 0.920416
vt 0.569069 0.892360
vt 0.569069 0.930814
vt 0.565506 0.930251
vt 0.902528 0.050657
vt 0.902528 0.085555
vt 0.897976 0.083197
vt 0.951637 0.225247
vt 0.951637 0.231740
vt 0.948294 0.230114
vt 0.677396 0.186228
vt 0.674432 0.184149
vt 0.677396 0.183799
vt 0.869985 0.311706
vt 0.874046 0.310238
vt 0.874046 0.314658
vt 0.862242 0.162296
vt 0.864387 0.158121
vt 0.864387 0.166493
vt 0.189698 0.935263
vt 0.186435 0.933654
vt 0.189698 0.897310
vt 0.915487 0.005813
vt 0.915487 0.049248
vt 0.911789 0.048866
vt 0.914493 0.671897
vt 0.914493 0.720345
vt 0.911889 0.716284
vt 0.345007 0.752995
vt 0.347068 0.751641
vt 0.347068 0.787577
vt 0.490553 0.850721
vt 0.493501 0.840662
vt 0.493501 0.895518
vt 0.967236 0.709553
vt 0.965766 0.673647
vt 0.967236 0.671897
vt 0.443100 0.747478
vt 0.443100 0.802335
vt 0.440034 0.796589
vt 0.966508 0.312229
vt 0.968960 0.309813
vt 0.968960 0.341756
vt 0.693050 0.919421
vt 0.695938 0.917173
vt 0.695938 0.953561
vt 0.959305 0.833994
vt 0.960136 0.830726
vt 0.960136 0.877294
vt 0.881565 0.428379
vt 0.877194 0.426952
vt 0.881565 0.396826
vt 0.896116 0.921598
vt 0.900207 0.920416
vt 0.900207 0.947604
vt 0.896899 0.949392
vt 0.938143 0.472798
vt 0.937135 0.473330
vt 0.937135 0.424204
vt 0.938143 0.423566
vt 0.609428 0.482741
vt 0.611953 0.435898
vt 0.611953 0.485391
vt 0.569555 0.965544
vt 0.565506 0.939020
vt 0.569555 0.938202
vt 0.973486 0.967498
vt 0.970223 0.968085
vt 0.970179 0.941628
vt 0.973486 0.940090
vt 0.614669 0.758631
vt 0.616709 0.734592
vt 0.616709 0.759659
vt 0.647022 0.946112
vt 0.650327 0.913384
vt 0.650327 0.949486
vt 0.817076 0.037213
vt 0.818158 0.003694
vt 0.818158 0.038223
vt 0.859520 0.929231
vt 0.862276 0.891273
vt 0.862276 0.933544
vt 0.966429 0.081315
vt 0.968312 0.048513
vt 0.968312 0.082907
vt 0.910586 0.288907
vt 0.907423 0.241176
vt 0.910586 0.239414
vt 0.614163 0.922781
vt 0.609884 0.887263
vt 0.614163 0.886678
vt 0.935124 0.872384
vt 0.932376 0.834531
vt 0.935124 0.830726
vt 0.908231 0.310551
vt 0.904457 0.304012
vt 0.915779 0.297802
vt 0.915779 0.310715
vt 0.918910 0.210667
vt 0.921539 0.167536
vt 0.921539 0.214712
vt 0.920869 0.549232
vt 0.920869 0.593695
vt 0.917587 0.549871
vt 0.543740 0.928974
vt 0.540834 0.894453
vt 0.543740 0.884382
vt 0.960586 0.887807
vt 0.960586 0.932702
vt 0.959267 0.932400
vt 0.621551 0.923090
vt 0.624344 0.885538
vt 0.624344 0.928973
vt 0.092920 0.577447
vt 0.092920 0.626654
vt 0.088826 0.578379
vt 0.925874 0.965843
vt 0.922934 0.936361
vt 0.925874 0.934547
vt 0.598382 0.912867
vt 0.598382 0.947129
vt 0.594466 0.944569
vt 0.982896 0.194492
vt 0.983212 0.167536
vt 0.985885 0.168104
vt 0.985885 0.195128
vt 0.844289 0.919743
vt 0.846558 0.919251
vt 0.846558 0.955639
vt 0.844135 0.955475
vt 0.939098 0.239414
vt 0.939098 0.282721
vt 0.936871 0.271611
vt 0.636782 0.948282
vt 0.633240 0.916928
vt 0.636782 0.913385
vt 0.225252 0.370574
vt 0.225252 0.434774
vt 0.203886 0.434774
vt 0.200972 0.368079
vt 0.371938 0.796444
vt 0.371938 0.853245
vt 0.366142 0.852628
vt 0.366715 0.795888
vt 0.451025 0.748928
vt 0.451025 0.721604
vt 0.477326 0.728491
vt 0.477326 0.751796
vt 0.526310 0.134312
vt 0.525908 0.130416
vt 0.559452 0.130416
vt 0.559452 0.134312
vt 0.807042 0.536810
vt 0.807173 0.534492
vt 0.842461 0.531920
vt 0.842461 0.541844
vt 0.892536 0.314193
vt 0.892536 0.284257
vt 0.896432 0.285061
vt 0.896432 0.314637
vt 0.467100 0.582312
vt 0.500685 0.586690
vt 0.500685 0.602503
vt 0.451025 0.602503
vt 0.544226 0.936362
vt 0.544226 0.965938
vt 0.540834 0.964314
vt 0.540834 0.936990
vt 0.599942 0.608818
vt 0.588687 0.608902
vt 0.579758 0.564242
vt 0.599942 0.558227
vt 0.208404 0.963878
vt 0.208404 0.940023
vt 0.212585 0.938729
vt 0.212585 0.965493
vt 0.980650 0.793830
vt 0.980650 0.821636
vt 0.977544 0.821102
vt 0.977539 0.794236
vt 0.829185 0.926675
vt 0.827282 0.885060
vt 0.830642 0.884778
vt 0.830642 0.927049
vt 0.878161 0.616472
vt 0.878161 0.549232
vt 0.881260 0.550576
vt 0.881260 0.616623
vt 0.634138 0.425574
vt 0.700188 0.425574
vt 0.700188 0.427420
vt 0.634138 0.427420
vt 0.985677 0.478905
vt 0.985677 0.508481
vt 0.983370 0.508481
vt 0.983370 0.478905
vt 0.908527 0.168144
vt 0.911522 0.167536
vt 0.911522 0.212147
vt 0.907493 0.211356
vt 0.749902 0.971003
vt 0.750113 0.943241
vt 0.753106 0.943859
vt 0.753106 0.971664
vt 0.176489 0.897817
vt 0.179047 0.897310
vt 0.179047 0.937892
vt 0.177780 0.938659
vt 0.870371 0.984980
vt 0.870371 0.966738
vt 0.874553 0.965113
vt 0.874553 0.987141
vt 0.982797 0.239414
vt 0.985890 0.239876
vt 0.985890 0.266327
vt 0.982797 0.266790
vt 0.714333 0.435876
vt 0.714333 0.541844
vt 0.710378 0.538896
vt 0.709814 0.436388
vt 0.193546 0.591045
vt 0.142812 0.579122
vt 0.147247 0.569430
vt 0.193546 0.569430
vt 0.985492 0.924335
vt 0.985492 0.932158
vt 0.978773 0.931404
vt 0.978559 0.923035
vt 0.844605 0.240031
vt 0.850402 0.239414
vt 0.850402 0.296215
vt 0.845178 0.296771
vt 0.351036 0.920450
vt 0.354933 0.919646
vt 0.354933 0.949582
vt 0.351036 0.950026
vt 0.975462 0.744349
vt 0.975464 0.716941
vt 0.978568 0.718377
vt 0.978568 0.744852
vt 0.946096 0.598357
vt 0.946096 0.549232
vt 0.947104 0.549232
vt 0.947104 0.598890
vt 0.642202 0.012125
vt 0.668503 0.003694
vt 0.668503 0.032933
vt 0.642202 0.038889
vt 0.895309 0.814783
vt 0.893848 0.814420
vt 0.892563 0.758573
vt 0.895309 0.757788
vt 0.975630 0.758153
vt 0.975630 0.785561
vt 0.972441 0.784245
vt 0.972407 0.757788
vt 0.496042 0.818336
vt 0.445702 0.818336
vt 0.447173 0.811357
vt 0.496042 0.809988
vt 0.053373 0.402371
vt 0.053373 0.510068
vt 0.048562 0.508605
vt 0.048957 0.402637
vt 0.716660 0.194847
vt 0.716660 0.293980
vt 0.711418 0.293650
vt 0.711917 0.194549
vt 0.965555 0.150395
vt 0.965555 0.159889
vt 0.962618 0.159355
vt 0.961054 0.151441
vt 0.511053 0.329359
vt 0.515188 0.329132
vt 0.515188 0.483224
vt 0.510335 0.483029
vt 0.527147 0.482803
vt 0.522576 0.482472
vt 0.523129 0.329572
vt 0.527147 0.329132
vt 0.575400 0.477417
vt 0.575400 0.443229
vt 0.601702 0.451660
vt 0.601702 0.483373
vt 0.004363 0.735696
vt 0.008942 0.735501
vt 0.008942 0.808280
vt 0.003694 0.808498
vt 0.849931 0.758344
vt 0.849931 0.815146
vt 0.844135 0.814529
vt 0.844708 0.757788
vt 0.977887 0.699305
vt 0.974663 0.698941
vt 0.974624 0.672484
vt 0.977887 0.671897
vt 0.938197 0.807018
vt 0.938197 0.757788
vt 0.939205 0.758426
vt 0.939205 0.807550
vt 0.888728 0.965583
vt 0.884546 0.964288
vt 0.884546 0.940571
vt 0.888728 0.938819
vt 0.920485 0.427128
vt 0.920485 0.473330
vt 0.917651 0.471375
vt 0.919163 0.426841
vt 0.993398 0.599187
vt 0.993398 0.605194
vt 0.991651 0.604189
vt 0.991588 0.598885
vt 0.274821 0.780323
vt 0.271177 0.736527
vt 0.280645 0.736562
vt 0.280645 0.782058
vt 0.971910 0.549854
vt 0.975165 0.549232
vt 0.975165 0.575822
vt 0.972078 0.577229
vt 0.975508 0.167991
vt 0.975508 0.195866
vt 0.972401 0.194503
vt 0.972414 0.167536
vt 0.845533 0.721557
vt 0.837231 0.719291
vt 0.838214 0.676299
vt 0.845533 0.671897
vt 0.911179 0.411901
vt 0.911179 0.417833
vt 0.905811 0.415019
vt 0.644938 0.987779
vt 0.639375 0.980408
vt 0.644938 0.977504
vt 0.437691 0.986892
vt 0.433490 0.986457
vt 0.437691 0.965346
vt 0.828099 0.413237
vt 0.828099 0.420556
vt 0.799759 0.420556
vt 0.372443 0.987537
vt 0.366142 0.979421
vt 0.372443 0.978335
vt 0.779664 0.273449
vt 0.786366 0.270263
vt 0.786366 0.277201
vt 0.536026 0.160289
vt 0.536026 0.313959
vt 0.532007 0.313519
vt 0.531455 0.160616
vt 0.492438 0.750335
vt 0.490935 0.748944
vt 0.492438 0.748252
vt 0.458505 0.159455
vt 0.467702 0.158754
vt 0.467702 0.164842
vt 0.933457 0.987536
vt 0.935082 0.984834
vt 0.935082 0.993375
vt 0.889790 0.404513
vt 0.888954 0.402126
vt 0.889790 0.395907
vt 0.294447 0.517761
vt 0.282050 0.506022
vt 0.294447 0.488399
vt 0.307057 0.831278
vt 0.290613 0.808196
vt 0.307057 0.796481
vt 0.663202 0.494214
vt 0.663202 0.544949
vt 0.651280 0.544949
vt 0.519134 0.812363
vt 0.520002 0.809988
vt 0.520002 0.818697
vt 0.308782 0.993601
vt 0.306194 0.989422
vt 0.308782 0.982468
vt 0.754944 0.435887
vt 0.754944 0.510405
vt 0.747796 0.510395
vt 0.746399 0.435876
vt 0.354024 0.429185
vt 0.351264 0.429918
vt 0.350405 0.389064
vt 0.354024 0.386029
vt 0.225252 0.561354
vt 0.217935 0.561495
vt 0.218024 0.442302
vt 0.225252 0.442162
vt 0.222210 0.972881
vt 0.222210 0.981235
vt 0.221516 0.979187
vt 0.625638 0.668211
vt 0.625638 0.718943
vt 0.624631 0.716803
vt 0.989446 0.114418
vt 0.986077 0.098968
vt 0.989446 0.093753
vt 0.511746 0.856194
vt 0.503430 0.814003
vt 0.511746 0.809988
vt 0.982062 0.639346
vt 0.978670 0.639346
vt 0.978670 0.612582
vt 0.982062 0.612582
vt 0.660048 0.312744
vt 0.663147 0.311401
vt 0.663147 0.378641
vt 0.660048 0.378792
vt 0.355585 0.535786
vt 0.233912 0.535771
vt 0.233912 0.529385
vt 0.355585 0.528678
vt 0.995177 0.692087
vt 0.994295 0.690916
vt 0.995177 0.685686
vt 0.996249 0.872558
vt 0.995366 0.871387
vt 0.996249 0.866157
vt 0.778987 0.900458
vt 0.778987 0.950114
vt 0.777979 0.949050
vt 0.298112 0.457294
vt 0.298112 0.481011
vt 0.233912 0.481011
vt 0.233912 0.454627
vt 0.770591 0.900458
vt 0.770591 0.950114
vt 0.769583 0.949050
vt 0.121607 0.216574
vt 0.121607 0.268781
vt 0.120599 0.265165
vt 0.845298 0.822592
vt 0.851684 0.822534
vt 0.851684 0.866939
vt 0.844135 0.867007
vt 0.425963 0.993976
vt 0.425080 0.992805
vt 0.425963 0.987575
vt 0.938707 0.549232
vt 0.938707 0.599270
vt 0.937699 0.597824
vt 0.691076 0.559236
vt 0.701111 0.558227
vt 0.701111 0.600320
vt 0.691837 0.600318
vt 0.109102 0.827479
vt 0.107515 0.825925
vt 0.109102 0.820865
vt 0.949982 0.671897
vt 0.949982 0.721554
vt 0.948974 0.720489
vt 0.888001 0.733536
vt 0.888001 0.671897
vt 0.890580 0.671897
vt 0.890580 0.733536
vt 0.625729 0.784451
vt 0.625729 0.792804
vt 0.624631 0.790756
vt 0.835160 0.607253
vt 0.827754 0.607446
vt 0.828188 0.549414
vt 0.835160 0.549232
vt 0.793758 0.503998
vt 0.792717 0.435876
vt 0.800125 0.435900
vt 0.800125 0.504019
vt 0.787405 0.390225
vt 0.786344 0.322046
vt 0.793893 0.322150
vt 0.793893 0.390314
vt 0.677336 0.322073
vt 0.677336 0.418186
vt 0.671268 0.418161
vt 0.670899 0.322046
vt 0.486118 0.006023
vt 0.486118 0.027389
vt 0.421918 0.027389
vt 0.421918 0.003694
vt 0.888728 0.886588
vt 0.885166 0.886023
vt 0.886168 0.831224
vt 0.888728 0.830726
vt 0.174654 0.003694
vt 0.174654 0.323337
vt 0.169075 0.323360
vt 0.169075 0.003717
vt 0.384267 0.908603
vt 0.433394 0.908603
vt 0.433394 0.910126
vt 0.384267 0.910126
vt 0.677600 0.839047
vt 0.677600 0.845433
vt 0.633240 0.845656
vt 0.633240 0.838106
vt 0.402433 0.164194
vt 0.340794 0.164194
vt 0.340794 0.161461
vt 0.402433 0.160251
vt 0.847315 0.550513
vt 0.847315 0.614713
vt 0.842548 0.612570
vt 0.843398 0.549232
vt 0.729078 0.425870
vt 0.728880 0.322046
vt 0.733502 0.322080
vt 0.733502 0.425902
vt 0.973486 0.975473
vt 0.973486 0.982793
vt 0.972421 0.981785
vt 0.524066 0.144540
vt 0.524066 0.152894
vt 0.522595 0.150846
vt 0.762194 0.900458
vt 0.762194 0.950114
vt 0.761186 0.949050
vt 0.971281 0.612582
vt 0.971281 0.652328
vt 0.970612 0.650938
vt 0.222399 0.995024
vt 0.221516 0.993853
vt 0.222399 0.988623
vt 0.995236 0.146192
vt 0.994052 0.144887
vt 0.995236 0.139717
vt 0.950644 0.005813
vt 0.950644 0.055469
vt 0.949636 0.054404
vt 0.947958 0.480718
vt 0.947958 0.530375
vt 0.946950 0.529310
vt 0.787257 0.906859
vt 0.786375 0.905688
vt 0.787257 0.900458
vt 0.967119 0.093753
vt 0.967119 0.135117
vt 0.966447 0.132252
vt 0.483431 0.656224
vt 0.482898 0.655157
vt 0.483431 0.649880
vt 0.953193 0.613114
vt 0.954201 0.612582
vt 0.954201 0.661709
vt 0.954883 0.239946
vt 0.955891 0.239414
vt 0.955891 0.288541
vt 0.812346 0.905018
vt 0.813353 0.904485
vt 0.813353 0.953613
vt 0.954492 0.549765
vt 0.955500 0.549232
vt 0.955500 0.598360
vt 0.942585 0.367427
vt 0.943592 0.366894
vt 0.943592 0.416022
vt 0.758384 0.194669
vt 0.758384 0.269250
vt 0.751371 0.269149
vt 0.750001 0.194549
vt 0.697878 0.435998
vt 0.702425 0.435876
vt 0.702425 0.539705
vt 0.697675 0.539832
vt 0.769707 0.661528
vt 0.748059 0.663889
vt 0.749475 0.637277
vt 0.769707 0.635071
vt 0.246215 0.948756
vt 0.246215 0.915211
vt 0.250111 0.915613
vt 0.250111 0.948756
vt 0.919839 0.530378
vt 0.919839 0.480718
vt 0.921904 0.481783
vt 0.921904 0.530911
vt 0.886094 0.167536
vt 0.886094 0.229175
vt 0.883157 0.229175
vt 0.883157 0.167536
vt 0.213556 0.003694
vt 0.213556 0.323336
vt 0.207977 0.323359
vt 0.207977 0.003717
vt 0.950981 0.367427
vt 0.951989 0.366894
vt 0.951989 0.416022
vt 0.693050 0.908263
vt 0.742177 0.908263
vt 0.742177 0.909785
vt 0.693050 0.909785
vt 0.953928 0.424099
vt 0.954935 0.423566
vt 0.954935 0.472694
vt 0.803950 0.905018
vt 0.804957 0.904485
vt 0.804957 0.953613
vt 0.950909 0.831258
vt 0.951917 0.830726
vt 0.951917 0.879854
vt 0.950871 0.888340
vt 0.951879 0.887807
vt 0.951879 0.936935
vt 0.117578 0.906441
vt 0.118586 0.905908
vt 0.118586 0.955035
vt 0.738836 0.549414
vt 0.738836 0.648501
vt 0.734217 0.648337
vt 0.733731 0.549232
vt 0.989349 0.716941
vt 0.989349 0.738970
vt 0.985957 0.737633
vt 0.985957 0.717282
vt 0.984976 0.423566
vt 0.984976 0.450974
vt 0.981870 0.450472
vt 0.981867 0.423997
vt 0.737035 0.160188
vt 0.737035 0.186489
vt 0.709513 0.186489
vt 0.706703 0.160188
vt 0.515055 0.145401
vt 0.508042 0.145509
vt 0.508688 0.003792
vt 0.515055 0.003694
vt 0.900014 0.525614
vt 0.900014 0.532933
vt 0.883938 0.525614
vt 0.253534 0.813321
vt 0.253534 0.862981
vt 0.246215 0.829396
vt 0.021849 0.903785
vt 0.022857 0.903252
vt 0.022857 0.952380
vt 0.294816 0.041018
vt 0.294816 0.061208
vt 0.278741 0.061208
vt 0.993387 0.223205
vt 0.994548 0.217775
vt 0.994548 0.224384
vt 0.922934 0.924878
vt 0.923238 0.887807
vt 0.926377 0.888705
vt 0.926377 0.927158
vt 0.556488 0.450807
vt 0.549382 0.450945
vt 0.550103 0.329256
vt 0.556488 0.329132
vt 0.921882 0.672430
vt 0.923947 0.671897
vt 0.923947 0.721025
vt 0.921882 0.722089
vt 0.929897 0.224706
vt 0.929897 0.232025
vt 0.917975 0.224776
vt 0.862276 0.940932
vt 0.862276 0.959801
vt 0.854597 0.952582
vt 0.672023 0.435900
vt 0.678091 0.435876
vt 0.678091 0.531985
vt 0.671655 0.532011
vt 0.582569 0.760894
vt 0.579758 0.734592
vt 0.607280 0.734592
vt 0.607280 0.760894
vt 0.342941 0.033630
vt 0.278741 0.033630
vt 0.278741 0.003694
vt 0.342941 0.003694
vt 0.102484 0.770825
vt 0.101030 0.692346
vt 0.108437 0.692434
vt 0.108437 0.770895
vt 0.651908 0.615276
vt 0.651908 0.664509
vt 0.633240 0.664509
vt 0.633240 0.615276
vt 0.796417 0.908312
vt 0.794748 0.908312
vt 0.794748 0.859184
vt 0.796417 0.859184
vt 0.380955 0.738175
vt 0.354654 0.743657
vt 0.354654 0.714808
vt 0.380955 0.711779
vt 0.864704 0.378787
vt 0.864143 0.322046
vt 0.869806 0.322311
vt 0.869806 0.379026
vt 0.156631 0.733103
vt 0.156631 0.759578
vt 0.132846 0.756840
vt 0.130408 0.730084
vt 0.156108 0.330755
vt 0.220308 0.330755
vt 0.220308 0.360691
vt 0.156108 0.360691
vt 0.942475 0.966225
vt 0.942475 0.944854
vt 0.948375 0.944854
vt 0.948375 0.966225
vt 0.739797 0.030450
vt 0.737359 0.003694
vt 0.761143 0.006433
vt 0.761143 0.032908
vt 0.784668 0.517839
vt 0.777128 0.513703
vt 0.779641 0.509348
vt 0.784668 0.509239
vt 0.370188 0.862612
vt 0.370188 0.905886
vt 0.366142 0.905193
vt 0.366181 0.860634
vt 0.911603 0.320083
vt 0.915779 0.318103
vt 0.915779 0.358686
vt 0.911659 0.359506
vt 0.226523 0.003694
vt 0.226523 0.323336
vt 0.220944 0.323359
vt 0.220944 0.003717
vt 0.354265 0.984373
vt 0.351036 0.984477
vt 0.352678 0.957735
vt 0.354265 0.957414
vt 0.422706 0.760433
vt 0.395184 0.760433
vt 0.397995 0.734131
vt 0.422706 0.734131
vt 0.942475 0.887807
vt 0.943483 0.887807
vt 0.943483 0.936933
vt 0.942475 0.937466
vt 0.645598 0.435876
vt 0.664266 0.435876
vt 0.664266 0.485109
vt 0.645598 0.485109
vt 0.369983 0.947463
vt 0.366142 0.947463
vt 0.366142 0.913274
vt 0.369983 0.913274
vt 0.693050 0.899206
vt 0.742178 0.899206
vt 0.742178 0.900874
vt 0.693050 0.900874
vt 0.503430 0.966351
vt 0.507547 0.964937
vt 0.507547 0.987478
vt 0.587078 0.815090
vt 0.587078 0.864750
vt 0.579758 0.836410
vt 0.992365 0.427961
vt 0.994567 0.423566
vt 0.994567 0.434540
vt 0.343077 0.880958
vt 0.343077 0.819319
vt 0.347020 0.819319
vt 0.347020 0.880958
vt 0.602796 0.860634
vt 0.594466 0.856724
vt 0.602796 0.815090
vt 0.742069 0.986987
vt 0.737819 0.980590
vt 0.742069 0.965926
vt 0.120599 0.296276
vt 0.121967 0.276169
vt 0.121967 0.297847
vt 0.143556 0.517886
vt 0.143556 0.524994
vt 0.021849 0.524314
vt 0.021849 0.517928
vt 0.993065 0.482594
vt 0.995025 0.478905
vt 0.995025 0.488358
vt 0.889596 0.093753
vt 0.889596 0.155393
vt 0.886660 0.155393
vt 0.886660 0.093753
vt 0.700577 0.991023
vt 0.700577 0.996249
vt 0.698969 0.992677
vt 0.387796 0.386029
vt 0.387796 0.450229
vt 0.361412 0.450229
vt 0.361412 0.386029
vt 0.941319 0.309813
vt 0.942327 0.309813
vt 0.942327 0.358939
vt 0.941319 0.359471
vt 0.697675 0.548581
vt 0.700145 0.547221
vt 0.700145 0.549959
vt 0.874324 0.757788
vt 0.874324 0.823338
vt 0.870371 0.761826
vt 0.860935 0.435876
vt 0.860935 0.497515
vt 0.856098 0.476882
vt 0.186939 0.875748
vt 0.191219 0.815390
vt 0.191219 0.877028
vt 0.972595 0.301745
vt 0.972302 0.275132
vt 0.975746 0.275498
vt 0.975746 0.302080
vt 0.837079 0.005813
vt 0.845427 0.005813
vt 0.845427 0.055472
vt 0.837079 0.055472
vt 0.630792 0.990976
vt 0.630792 0.996206
vt 0.629183 0.994553
vt 0.417692 0.991417
vt 0.413771 0.987575
vt 0.417692 0.987575
vt 0.417804 0.879324
vt 0.417804 0.815124
vt 0.421721 0.816404
vt 0.421721 0.878044
vt 0.867905 0.150468
vt 0.862242 0.150733
vt 0.862802 0.093992
vt 0.867905 0.093753
vt 0.991565 0.414697
vt 0.989765 0.396544
vt 0.991565 0.394480
vt 0.220673 0.813559
vt 0.225775 0.813321
vt 0.225775 0.870035
vt 0.220112 0.870300
vt 0.674572 0.909507
vt 0.677755 0.868541
vt 0.679025 0.868671
vt 0.679025 0.911828
vt 0.064850 0.990459
vt 0.064850 0.995732
vt 0.063227 0.992099
vt 0.909916 0.061371
vt 0.913758 0.056888
vt 0.913758 0.061371
vt 0.965766 0.664509
vt 0.969970 0.660667
vt 0.969970 0.664509
vt 0.261351 0.965967
vt 0.265193 0.965967
vt 0.265193 0.987996
vt 0.261351 0.987996
vt 0.949185 0.296494
vt 0.949185 0.302032
vt 0.946418 0.299159
vt 0.942003 0.541844
vt 0.937699 0.538002
vt 0.942003 0.538002
vt 0.953661 0.541844
vt 0.949391 0.538002
vt 0.953661 0.538002
vt 0.122569 0.847771
vt 0.122569 0.853677
vt 0.119651 0.851179
vt 0.921352 0.802638
vt 0.921352 0.808242
vt 0.919668 0.806254
vt 0.298112 0.334106
vt 0.233912 0.334106
vt 0.233912 0.300562
vt 0.298112 0.300562
vt 0.988979 0.080582
vt 0.988979 0.086068
vt 0.986236 0.083378
vt 0.429109 0.892158
vt 0.433643 0.888317
vt 0.433643 0.892158
vt 0.985957 0.750200
vt 0.989935 0.746359
vt 0.989935 0.750200
vt 0.766944 0.135787
vt 0.766944 0.141486
vt 0.764107 0.138896
vt 0.554136 0.901100
vt 0.558032 0.900248
vt 0.558032 0.934436
vt 0.554136 0.935642
vt 0.144413 0.922674
vt 0.146720 0.922674
vt 0.146720 0.956862
vt 0.144413 0.958072
vt 0.875293 0.157954
vt 0.875293 0.093753
vt 0.879271 0.095034
vt 0.879271 0.156673
vt 0.406494 0.878043
vt 0.406494 0.816404
vt 0.410415 0.815124
vt 0.410415 0.879324
vt 0.740890 0.406418
vt 0.743307 0.322046
vt 0.747438 0.322337
vt 0.747438 0.408646
vt 0.139873 0.533762
vt 0.145614 0.532382
vt 0.145614 0.557449
vt 0.142911 0.559258
vt 0.854853 0.157953
vt 0.850367 0.097595
vt 0.854853 0.093753
vt 0.843354 0.496234
vt 0.848709 0.435876
vt 0.848709 0.497515
vt 0.233380 0.922530
vt 0.237222 0.922530
vt 0.237222 0.952106
vt 0.233380 0.952106
vt 0.872532 0.500076
vt 0.868323 0.439717
vt 0.872532 0.435876
vt 0.354408 0.879677
vt 0.358330 0.819319
vt 0.358330 0.880958
vt 0.458180 0.320726
vt 0.458180 0.316884
vt 0.482892 0.316884
vt 0.482892 0.320726
vt 0.433026 0.879324
vt 0.429109 0.818965
vt 0.433026 0.815124
vt 0.298208 0.941585
vt 0.298208 0.969391
vt 0.295056 0.968093
vt 0.294667 0.941446
vt 0.871781 0.227895
vt 0.875769 0.167536
vt 0.875769 0.231736
vt 0.366784 0.229953
vt 0.430984 0.229953
vt 0.430984 0.251595
vt 0.366784 0.251595
vt 0.335689 0.880957
vt 0.331711 0.820599
vt 0.335689 0.819319
vt 0.975409 0.239869
vt 0.975409 0.267744
vt 0.972302 0.266381
vt 0.972315 0.239414
vt 0.121327 0.776152
vt 0.121327 0.840352
vt 0.116510 0.838209
vt 0.117349 0.774871
vt 0.714333 0.655197
vt 0.709814 0.654686
vt 0.710377 0.552180
vt 0.714333 0.549232
vt 0.978945 0.033189
vt 0.975849 0.032744
vt 0.975681 0.006388
vt 0.978945 0.005813
vt 0.478433 0.036975
vt 0.482274 0.034777
vt 0.482274 0.036975
vt 0.794600 0.257447
vt 0.799119 0.194549
vt 0.799119 0.278152
vt 0.887683 0.383686
vt 0.887682 0.322046
vt 0.890262 0.322046
vt 0.890262 0.383686
vt 0.988175 0.537898
vt 0.984334 0.537898
vt 0.984334 0.515869
vt 0.988175 0.515869
vt 0.866502 0.609591
vt 0.870772 0.549232
vt 0.870772 0.613432
vt 0.583792 0.305135
vt 0.583792 0.301293
vt 0.608503 0.301293
vt 0.608503 0.305135
vt 0.179550 0.877029
vt 0.175270 0.816671
vt 0.179550 0.815390
vt 0.359395 0.251595
vt 0.275843 0.232861
vt 0.359395 0.229953
vt 0.976945 0.540581
vt 0.972763 0.540581
vt 0.972763 0.516301
vt 0.976945 0.515869
vt 0.129409 0.345227
vt 0.129409 0.003696
vt 0.135370 0.003694
vt 0.135370 0.345225
vt 0.621695 0.194549
vt 0.640564 0.194549
vt 0.640564 0.244889
vt 0.621695 0.244889
vt 0.233912 0.180652
vt 0.233912 0.116452
vt 0.268454 0.116452
vt 0.268454 0.180652
vt 0.575400 0.386181
vt 0.597015 0.386181
vt 0.597015 0.435841
vt 0.575400 0.435841
vt 0.638210 0.435876
vt 0.638210 0.486611
vt 0.619341 0.486611
vt 0.619341 0.435876
vt 0.420889 0.665180
vt 0.420889 0.615520
vt 0.439206 0.615520
vt 0.439206 0.665180
vt 0.361495 0.622805
vt 0.361495 0.591092
vt 0.387796 0.599522
vt 0.387796 0.628118
vt 0.922552 0.142987
vt 0.922552 0.093753
vt 0.924618 0.094391
vt 0.924618 0.143519
vt 0.749902 0.935000
vt 0.749902 0.900458
vt 0.753798 0.901664
vt 0.753798 0.935853
vt 0.781277 0.641890
vt 0.781277 0.663533
vt 0.777095 0.663056
vt 0.777095 0.641027
vt 0.338538 0.617536
vt 0.312236 0.625966
vt 0.312236 0.594513
vt 0.338538 0.588297
vt 0.310888 0.885234
vt 0.306194 0.884813
vt 0.307830 0.839776
vt 0.310888 0.838666
vt 0.533069 0.954711
vt 0.533069 0.967625
vt 0.525521 0.967461
vt 0.521747 0.960922
vt 0.502191 0.486785
vt 0.495439 0.486826
vt 0.495709 0.479466
vt 0.502191 0.479076
vt 0.113210 0.298699
vt 0.106066 0.298920
vt 0.106725 0.157179
vt 0.113210 0.156979
vt 0.138928 0.812257
vt 0.138928 0.857324
vt 0.132417 0.855503
vt 0.130408 0.811852
vt 0.817200 0.750400
vt 0.815061 0.749392
vt 0.815061 0.744088
vt 0.817200 0.743080
vt 0.376948 0.515613
vt 0.378622 0.457617
vt 0.387796 0.458971
vt 0.387796 0.517981
vt 0.983019 0.758114
vt 0.985874 0.757788
vt 0.985874 0.785196
vt 0.983311 0.785488
vt 0.223792 0.571398
vt 0.223792 0.621070
vt 0.203574 0.616800
vt 0.212538 0.571471
vt 0.985989 0.274672
vt 0.985989 0.302080
vt 0.983134 0.301754
vt 0.983427 0.274380
vt 0.313509 0.932331
vt 0.313509 0.949404
vt 0.306194 0.949671
vt 0.306194 0.929481
vt 0.968400 0.394698
vt 0.968728 0.366894
vt 0.971596 0.367521
vt 0.971596 0.395397
vt 0.167870 0.757959
vt 0.164347 0.758730
vt 0.164019 0.730926
vt 0.167870 0.730084
vt 0.836746 0.757788
vt 0.836746 0.808362
vt 0.827282 0.802500
vt 0.828336 0.760054
vt 0.924941 0.055046
vt 0.922876 0.055578
vt 0.922876 0.006451
vt 0.924941 0.005813
vt 0.532720 0.765117
vt 0.532720 0.831875
vt 0.527401 0.830450
vt 0.915164 0.093753
vt 0.915164 0.136660
vt 0.910965 0.134830
vt 0.723127 0.990287
vt 0.725848 0.989545
vt 0.725848 0.993971
vt 0.857352 0.671897
vt 0.857352 0.736147
vt 0.852921 0.732244
vt 0.576403 0.160289
vt 0.576403 0.313190
vt 0.572269 0.312947
vt 0.572295 0.160426
vt 0.482892 0.309496
vt 0.471747 0.268062
vt 0.482892 0.244118
vt 0.305500 0.493814
vt 0.369387 0.487480
vt 0.369387 0.507697
vt 0.970968 0.858102
vt 0.967524 0.858457
vt 0.967817 0.831051
vt 0.970968 0.830726
vt 0.387796 0.704391
vt 0.354654 0.704391
vt 0.358561 0.678089
vt 0.387796 0.678089
vt 0.796417 0.851796
vt 0.794748 0.851796
vt 0.794748 0.802667
vt 0.796417 0.802667
vt 0.495955 0.995729
vt 0.494635 0.995777
vt 0.494635 0.990473
vt 0.495955 0.990425
vt 0.568644 0.494411
vt 0.590257 0.494214
vt 0.590257 0.543103
vt 0.568644 0.544771
vt 0.022961 0.801529
vt 0.029397 0.801416
vt 0.029397 0.850889
vt 0.021849 0.851021
vt 0.763209 0.396564
vt 0.754826 0.396685
vt 0.756196 0.322148
vt 0.763209 0.322046
vt 0.557977 0.969794
vt 0.554136 0.969794
vt 0.554136 0.943031
vt 0.557977 0.943031
vt 0.100648 0.627197
vt 0.100648 0.577537
vt 0.120838 0.577537
vt 0.120838 0.627197
vt 0.306194 0.901679
vt 0.355322 0.901679
vt 0.355322 0.903347
vt 0.306194 0.903347
vt 0.870841 0.240694
vt 0.875328 0.239414
vt 0.875328 0.301052
vt 0.869023 0.005813
vt 0.869023 0.070055
vt 0.864684 0.066252
vt 0.544136 0.281999
vt 0.543414 0.160289
vt 0.550520 0.160425
vt 0.550520 0.282122
vt 0.876411 0.007093
vt 0.880620 0.005813
vt 0.880620 0.067452
vt 0.399106 0.815124
vt 0.399106 0.879324
vt 0.395184 0.875483
vt 0.879921 0.437156
vt 0.883838 0.435876
vt 0.883838 0.497515
vt 0.324322 0.819319
vt 0.324322 0.880958
vt 0.320334 0.879677
vt 0.610185 0.818932
vt 0.614163 0.815090
vt 0.614163 0.879290
vt 0.625665 0.878150
vt 0.621551 0.816649
vt 0.625665 0.815090
vt 0.744917 0.123414
vt 0.743521 0.048846
vt 0.752063 0.049062
vt 0.752063 0.123594
vt 0.831552 0.815751
vt 0.831552 0.877390
vt 0.827282 0.876109
vt 0.037534 0.916021
vt 0.041932 0.915226
vt 0.041932 0.946523
vt 0.037688 0.946462
vt 0.826710 0.166521
vt 0.825712 0.093753
vt 0.830820 0.093829
vt 0.830820 0.166590
vt 0.852280 0.325958
vt 0.856755 0.322046
vt 0.856755 0.386302
vt 0.298112 0.427121
vt 0.284809 0.364310
vt 0.298112 0.341494
vt 0.928928 0.216663
vt 0.928928 0.167536
vt 0.930801 0.167536
vt 0.930801 0.216663
vt 0.326045 0.163949
vt 0.323954 0.116452
vt 0.333405 0.117018
vt 0.333405 0.164194
vt 0.731514 0.049012
vt 0.736133 0.048846
vt 0.736133 0.147974
vt 0.731028 0.148157
vt 0.706095 0.417700
vt 0.684724 0.417700
vt 0.684724 0.411800
vt 0.706095 0.411800
vt 0.570613 0.749973
vt 0.570613 0.822775
vt 0.565758 0.822636
vt 0.565506 0.749844
vt 0.778956 0.322227
vt 0.778956 0.388004
vt 0.771591 0.387845
vt 0.770598 0.322046
vt 0.520008 0.830793
vt 0.519134 0.828777
vt 0.520008 0.826086
vt 0.880613 0.671897
vt 0.880613 0.733535
vt 0.876409 0.675673
vt 0.003694 0.819728
vt 0.007898 0.815887
vt 0.007898 0.877592
vt 0.112263 0.853677
vt 0.050624 0.853677
vt 0.050624 0.850741
vt 0.112263 0.850741
vt 0.968073 0.750084
vt 0.965766 0.750084
vt 0.965766 0.716941
vt 0.968073 0.716941
vt 0.447580 0.995615
vt 0.445198 0.991490
vt 0.447580 0.987365
vt 0.050624 0.805927
vt 0.108632 0.806144
vt 0.108632 0.813252
vt 0.050624 0.813476
vt 0.640362 0.252398
vt 0.640362 0.302070
vt 0.621695 0.301949
vt 0.621695 0.252277
vt 0.975982 0.480718
vt 0.975982 0.508481
vt 0.972888 0.508025
vt 0.972763 0.480999
vt 0.613242 0.048888
vt 0.613242 0.148223
vt 0.605784 0.148183
vt 0.605692 0.048846
vt 0.233724 0.870061
vt 0.233163 0.813321
vt 0.238826 0.813585
vt 0.238826 0.870299
vt 0.387181 0.993039
vt 0.384267 0.988176
vt 0.387181 0.983314
vt 0.487990 0.964050
vt 0.488566 0.945190
vt 0.494552 0.944689
vt 0.494552 0.964842
vt 0.863453 0.296215
vt 0.857790 0.296483
vt 0.858350 0.239655
vt 0.863453 0.239414
vt 0.071581 0.942196
vt 0.063227 0.942251
vt 0.063227 0.923583
vt 0.071581 0.923528
vt 0.837216 0.239606
vt 0.837216 0.297614
vt 0.830245 0.297433
vt 0.829811 0.239414
vt 0.767001 0.127293
vt 0.759451 0.127309
vt 0.760933 0.048859
vt 0.767001 0.048846
vt 0.978848 0.048838
vt 0.978848 0.076246
vt 0.975700 0.075887
vt 0.975993 0.048513
vt 0.976349 0.310172
vt 0.979496 0.309813
vt 0.979496 0.337221
vt 0.976641 0.337546
vt 0.662149 0.913496
vt 0.662149 0.945131
vt 0.657716 0.943825
vt 0.657906 0.913384
vt 0.421486 0.599702
vt 0.395184 0.608132
vt 0.395184 0.573355
vt 0.421486 0.568248
vt 0.829156 0.402608
vt 0.825142 0.322528
vt 0.829156 0.322046
vt 0.726515 0.435876
vt 0.726515 0.538387
vt 0.721722 0.536870
vt 0.722097 0.436090
vt 0.982906 0.229782
vt 0.984604 0.203254
vt 0.985999 0.203793
vt 0.985999 0.230245
vt 0.825676 0.085884
vt 0.829690 0.005813
vt 0.829690 0.086365
vt 0.191791 0.678406
vt 0.188248 0.678300
vt 0.187661 0.651640
vt 0.191791 0.650600
vt 0.754769 0.623829
vt 0.746224 0.623846
vt 0.747621 0.549247
vt 0.754769 0.549232
vt 0.557909 0.990096
vt 0.554136 0.983722
vt 0.557909 0.977183
vt 0.445702 0.832701
vt 0.445702 0.826264
vt 0.495139 0.825724
vt 0.495139 0.833274
vt 0.857880 0.814616
vt 0.857320 0.757788
vt 0.862982 0.758055
vt 0.862982 0.814857
vt 0.851341 0.231469
vt 0.846118 0.232025
vt 0.845544 0.175285
vt 0.851341 0.174667
vt 0.477326 0.714216
vt 0.451025 0.714216
vt 0.451025 0.683884
vt 0.477326 0.681073
vt 0.864392 0.174935
vt 0.864392 0.231736
vt 0.859290 0.231495
vt 0.858729 0.174667
vt 0.182043 0.323359
vt 0.182043 0.003717
vt 0.187622 0.003694
vt 0.187622 0.323337
vt 0.710069 0.821214
vt 0.709400 0.748414
vt 0.714648 0.748633
vt 0.714648 0.821406
vt 0.038133 0.806168
vt 0.043236 0.805927
vt 0.043236 0.862728
vt 0.037573 0.862996
vt 0.778102 0.436048
vt 0.785329 0.435876
vt 0.785329 0.501655
vt 0.777128 0.501850
vt 0.731962 0.716950
vt 0.731962 0.782756
vt 0.724735 0.782584
vt 0.723760 0.716755
vt 0.529900 0.122885
vt 0.522443 0.122982
vt 0.522534 0.003790
vt 0.529900 0.003694
vt 0.614307 0.293885
vt 0.606757 0.293905
vt 0.606848 0.194568
vt 0.614307 0.194549
vt 0.003786 0.616791
vt 0.003694 0.517456
vt 0.011244 0.517476
vt 0.011244 0.616811
vt 0.781045 0.802786
vt 0.787360 0.802667
vt 0.787360 0.852108
vt 0.779953 0.852246
vt 0.541994 0.448326
vt 0.534536 0.448367
vt 0.534627 0.329173
vt 0.541994 0.329132
vt 0.762829 0.802770
vt 0.762829 0.852210
vt 0.756393 0.852091
vt 0.755280 0.802631
vt 0.604495 0.329173
vt 0.611953 0.329132
vt 0.611953 0.428468
vt 0.604403 0.428509
vt 0.769739 0.514340
vt 0.762332 0.514427
vt 0.763785 0.435946
vt 0.769739 0.435876
vt 0.794493 0.116965
vt 0.786944 0.117065
vt 0.788004 0.048932
vt 0.794493 0.048846
vt 0.977644 0.153729
vt 0.974550 0.153278
vt 0.974507 0.126445
vt 0.977644 0.125853
vt 0.778616 0.957503
vt 0.780112 0.957705
vt 0.780112 0.986555
vt 0.778616 0.987079
vt 0.723640 0.151354
vt 0.719222 0.151128
vt 0.718842 0.050350
vt 0.723640 0.048846
vt 0.994878 0.450529
vt 0.992365 0.446174
vt 0.994878 0.441929
vt 0.747892 0.746447
vt 0.739350 0.746656
vt 0.740746 0.672072
vt 0.747892 0.671897
vt 0.790690 0.549253
vt 0.797057 0.549232
vt 0.797057 0.617408
vt 0.789649 0.617432
vt 0.161913 0.767158
vt 0.161913 0.825179
vt 0.154808 0.824999
vt 0.154366 0.766967
vt 0.667569 0.144959
vt 0.661132 0.144997
vt 0.661501 0.048883
vt 0.667569 0.048846
vt 0.787026 0.740053
vt 0.785965 0.671897
vt 0.793513 0.672077
vt 0.793513 0.740207
vt 0.206775 0.828549
vt 0.199227 0.828743
vt 0.199669 0.770723
vt 0.206775 0.770541
vt 0.643892 0.543886
vt 0.625224 0.544007
vt 0.625224 0.494335
vt 0.643892 0.494214
vt 0.414529 0.030078
vt 0.350329 0.030078
vt 0.350329 0.006224
vt 0.414529 0.003694
vt 0.537380 0.122885
vt 0.537289 0.003694
vt 0.544747 0.003735
vt 0.544747 0.122926
vt 0.792575 0.915700
vt 0.796417 0.915700
vt 0.796417 0.948842
vt 0.792575 0.948842
vt 0.190277 0.969415
vt 0.186435 0.969415
vt 0.186435 0.942651
vt 0.190277 0.942651
vt 0.836544 0.322046
vt 0.844892 0.322046
vt 0.844892 0.371707
vt 0.836544 0.371707
vt 0.890587 0.005813
vt 0.890587 0.067451
vt 0.888008 0.067451
vt 0.888008 0.005813
vt 0.053824 0.348771
vt 0.032453 0.348771
vt 0.032453 0.003694
vt 0.053824 0.003694
vt 0.012933 0.934108
vt 0.012933 0.884980
vt 0.014255 0.884980
vt 0.014255 0.934108
vt 0.825734 0.671989
vt 0.829843 0.671897
vt 0.829843 0.744659
vt 0.824736 0.744762
vt 0.927873 0.473330
vt 0.927873 0.424203
vt 0.929747 0.424203
vt 0.929747 0.473330
vt 0.354038 0.669461
vt 0.349275 0.669461
vt 0.349275 0.661212
vt 0.354038 0.661212
vt 0.488411 0.374168
vt 0.488411 0.432188
vt 0.484996 0.430934
vt 0.487148 0.373980
vt 0.502946 0.329230
vt 0.502946 0.470935
vt 0.496458 0.470846
vt 0.495799 0.329132
vt 0.245776 0.693446
vt 0.341887 0.693085
vt 0.341887 0.699401
vt 0.245776 0.699400
vt 0.995719 0.153641
vt 0.995719 0.158945
vt 0.994052 0.158884
vt 0.994052 0.153580
vt 0.967974 0.888506
vt 0.971170 0.887807
vt 0.971170 0.915683
vt 0.968302 0.916310
vt 0.050624 0.827833
vt 0.050624 0.821396
vt 0.100126 0.820865
vt 0.100126 0.828414
vt 0.721492 0.421175
vt 0.716748 0.421473
vt 0.716250 0.322376
vt 0.721492 0.322046
vt 0.864740 0.671897
vt 0.869021 0.673177
vt 0.869021 0.734816
vt 0.864740 0.736097
vt 0.712346 0.917173
vt 0.715739 0.917173
vt 0.715739 0.951362
vt 0.712346 0.951362
vt 0.626749 0.329151
vt 0.626749 0.428488
vt 0.619431 0.428470
vt 0.619341 0.329132
vt 0.200589 0.003694
vt 0.200589 0.323337
vt 0.195010 0.323359
vt 0.195010 0.003717
vt 0.690286 0.543572
vt 0.685870 0.543317
vt 0.685480 0.437351
vt 0.690286 0.435876
vt 0.482892 0.172529
vt 0.482892 0.236730
vt 0.458612 0.234234
vt 0.458612 0.172529
vt 0.871512 0.830838
vt 0.877778 0.830726
vt 0.877778 0.875096
vt 0.870371 0.875228
vt 0.130408 0.692540
vt 0.130408 0.686586
vt 0.226523 0.686585
vt 0.226523 0.692901
vt 0.706907 0.152678
vt 0.706703 0.048846
vt 0.711454 0.048974
vt 0.711454 0.152799
vt 0.532665 0.757728
vt 0.503430 0.757728
vt 0.505143 0.731427
vt 0.532665 0.731427
vt 0.023823 0.985307
vt 0.020430 0.985197
vt 0.020430 0.963709
vt 0.023823 0.963278
vt 0.777994 0.312132
vt 0.754826 0.314658
vt 0.756347 0.288035
vt 0.777994 0.285674
vt 0.620720 0.048864
vt 0.628038 0.048846
vt 0.628038 0.148182
vt 0.620630 0.148200
vt 0.625852 0.558288
vt 0.625852 0.610502
vt 0.607330 0.610441
vt 0.607330 0.558227
vt 0.765772 0.196902
vt 0.772276 0.194549
vt 0.772276 0.275109
vt 0.768150 0.275466
vt 0.756762 0.750392
vt 0.755280 0.671897
vt 0.762830 0.671907
vt 0.762830 0.750400
vt 0.210546 0.563853
vt 0.203574 0.564010
vt 0.204282 0.442303
vt 0.210546 0.442162
vt 0.928699 0.612603
vt 0.928699 0.662274
vt 0.926645 0.661697
vt 0.927691 0.612582
vt 0.491421 0.641768
vt 0.496042 0.641669
vt 0.496042 0.740756
vt 0.490935 0.740864
vt 0.463803 0.982011
vt 0.463803 0.991935
vt 0.460013 0.991589
vt 0.459410 0.981522
vt 0.380490 0.875712
vt 0.379327 0.831340
vt 0.386876 0.831415
vt 0.386876 0.875775
vt 0.477510 0.164059
vt 0.477418 0.044864
vt 0.484876 0.044960
vt 0.484876 0.164154
vt 0.778577 0.737707
vt 0.770218 0.737882
vt 0.771212 0.672052
vt 0.778577 0.671897
vt 0.633240 0.741026
vt 0.633240 0.733476
vt 0.711735 0.734935
vt 0.711735 0.741003
vt 0.963386 0.821199
vt 0.963386 0.802677
vt 0.970151 0.803114
vt 0.970151 0.821636
vt 0.724247 0.194581
vt 0.728670 0.194549
vt 0.728670 0.298382
vt 0.724048 0.298416
vt 0.780725 0.194707
vt 0.787212 0.194549
vt 0.787212 0.262690
vt 0.779664 0.262874
vt 0.564881 0.160446
vt 0.564881 0.282121
vt 0.558616 0.281980
vt 0.557909 0.160289
vt 0.978357 0.832114
vt 0.981452 0.830726
vt 0.981452 0.858102
vt 0.978360 0.858565
vt 0.008315 0.728023
vt 0.003694 0.728112
vt 0.003892 0.624284
vt 0.008315 0.624199
vt 0.932609 0.309813
vt 0.933931 0.309813
vt 0.933931 0.358941
vt 0.932610 0.358941
vt 0.930809 0.757810
vt 0.930809 0.807480
vt 0.928755 0.806903
vt 0.929801 0.757788
vt 0.054204 0.905908
vt 0.103332 0.905908
vt 0.103332 0.907430
vt 0.054204 0.907430
vt 0.845328 0.062861
vt 0.845328 0.067624
vt 0.837079 0.067624
vt 0.837079 0.062861
vt 0.072238 0.995763
vt 0.072238 0.990459
vt 0.073558 0.990507
vt 0.073558 0.995811
vt 0.505459 0.314278
vt 0.504813 0.172529
vt 0.511826 0.172637
vt 0.511826 0.314376
vt 0.959267 0.940861
vt 0.962791 0.940090
vt 0.962791 0.967965
vt 0.959595 0.968664
vt 0.634138 0.329132
vt 0.652659 0.329132
vt 0.652659 0.378792
vt 0.634138 0.378792
vt 0.305500 0.515086
vt 0.368843 0.515086
vt 0.368843 0.517818
vt 0.305500 0.517818
vt 0.787616 0.979358
vt 0.793445 0.979358
vt 0.793445 0.989083
vt 0.787616 0.989083
vt 0.494165 0.003783
vt 0.500653 0.003694
vt 0.500653 0.145434
vt 0.493506 0.145533
vt 0.095046 0.842455
vt 0.050624 0.843352
vt 0.050624 0.835803
vt 0.095046 0.836069
vt 0.568012 0.482035
vt 0.563905 0.481869
vt 0.563877 0.329347
vt 0.568012 0.329132
vt 0.736059 0.196758
vt 0.742612 0.194549
vt 0.742612 0.280858
vt 0.738481 0.281138
vt 0.552225 0.122889
vt 0.552135 0.003694
vt 0.559452 0.003835
vt 0.559452 0.123028
vt 0.737284 0.663013
vt 0.737284 0.664509
vt 0.704142 0.664509
vt 0.704142 0.663013
vt 0.233912 0.074521
vt 0.298112 0.074521
vt 0.298112 0.109064
vt 0.233912 0.109064
vt 0.635427 0.048846
vt 0.653743 0.048846
vt 0.653743 0.098887
vt 0.635427 0.098887
vt 0.734390 0.535020
vt 0.733904 0.435876
vt 0.739011 0.435986
vt 0.739011 0.535120
vt 0.524066 0.160289
vt 0.524066 0.314376
vt 0.519930 0.314179
vt 0.519214 0.160517
vt 0.103332 0.914819
vt 0.103332 0.916140
vt 0.054204 0.916140
vt 0.054204 0.914819
vt 0.935087 0.936935
vt 0.933765 0.936935
vt 0.933765 0.887807
vt 0.935087 0.887807
vt 0.404781 0.987068
vt 0.401389 0.987068
vt 0.401389 0.962357
vt 0.404781 0.962357
vt 0.712346 0.959180
vt 0.715456 0.958750
vt 0.715456 0.985225
vt 0.714038 0.985741
vt 0.559355 0.652738
vt 0.540834 0.652738
vt 0.540834 0.603078
vt 0.559355 0.603078
vt 0.192472 0.624690
vt 0.192472 0.643212
vt 0.142812 0.643212
vt 0.142812 0.624690
vt 0.931166 0.529845
vt 0.929293 0.529845
vt 0.929293 0.480718
vt 0.931166 0.480718
vt 0.721920 0.653068
vt 0.721722 0.549232
vt 0.726343 0.549322
vt 0.726343 0.653154
vt 0.763639 0.627680
vt 0.762157 0.549232
vt 0.769707 0.549235
vt 0.769707 0.627683
vt 0.597015 0.378793
vt 0.575400 0.378793
vt 0.575400 0.329132
vt 0.597015 0.329132
vt 0.925221 0.359484
vt 0.924214 0.359506
vt 0.923167 0.310390
vt 0.925221 0.309813
vt 0.770217 0.851759
vt 0.770217 0.802631
vt 0.772090 0.802631
vt 0.772090 0.851759
vt 0.155507 0.876975
vt 0.154366 0.832567
vt 0.161773 0.832700
vt 0.161773 0.877087
vt 0.981654 0.888270
vt 0.981654 0.915646
vt 0.978559 0.914258
vt 0.978562 0.887807
vt 0.838208 0.095897
vt 0.842979 0.093753
vt 0.842979 0.157953
vt 0.839057 0.159234
vt 0.983979 0.940730
vt 0.983979 0.967597
vt 0.980874 0.967063
vt 0.982530 0.940090
vt 0.541881 0.484934
vt 0.540834 0.459280
vt 0.549354 0.459651
vt 0.549354 0.486826
vt 0.805041 0.852136
vt 0.803950 0.802643
vt 0.811356 0.802781
vt 0.811356 0.852255
vt 0.497425 0.172752
vt 0.497425 0.314468
vt 0.490939 0.314266
vt 0.490280 0.172529
vt 0.379578 0.751159
vt 0.384434 0.751045
vt 0.384434 0.823851
vt 0.379327 0.823951
vt 0.995643 0.766038
vt 0.993262 0.761913
vt 0.995643 0.757788
vt 0.841904 0.995346
vt 0.839523 0.991221
vt 0.841904 0.987096
vt 0.995447 0.503996
vt 0.993065 0.499871
vt 0.995447 0.495746
vt 0.822420 0.187160
vt 0.818646 0.180786
vt 0.822420 0.174247
vt 0.753676 0.991966
vt 0.749902 0.985427
vt 0.753676 0.979052
vt 0.232780 0.993876
vt 0.229865 0.989014
vt 0.232780 0.984152
vt 0.774389 0.053247
vt 0.779555 0.048846
vt 0.779555 0.133261
vt 0.782261 0.549232
vt 0.782261 0.633639
vt 0.777095 0.629237
vt 0.764960 0.991802
vt 0.761186 0.985264
vt 0.764960 0.978889
vt 0.003955 0.989179
vt 0.006870 0.984316
vt 0.006870 0.994041
vt 0.806864 0.993095
vt 0.803950 0.988232
vt 0.806864 0.983370
vt 0.975518 0.231060
vt 0.972407 0.231465
vt 0.972401 0.204599
vt 0.975518 0.203254
vt 0.970488 0.932298
vt 0.967974 0.928053
vt 0.970488 0.923698
vt 0.148720 0.003694
vt 0.148720 0.345224
vt 0.142758 0.345227
vt 0.142758 0.003696
vt 0.885175 0.757788
vt 0.885175 0.819427
vt 0.881712 0.819427
vt 0.881712 0.757788
vn -0.0323 0.9995 0.0064
vn -0.0241 0.9996 -0.0130
vn -0.0263 0.9982 -0.0530
vn -0.0445 0.9983 -0.0388
vn -0.4574 0.8420 0.2859
vn -0.4629 0.8414 0.2791
vn -0.4994 0.8289 0.2520
vn -0.4934 0.8303 0.2592
vn 0.4442 0.8700 0.2140
vn 0.4602 0.8501 0.2558
vn 0.5785 0.7194 0.3845
vn 0.5659 0.7510 0.3403
vn 0.0866 0.8874 0.4529
vn 0.1669 0.9147 0.3680
vn 0.3130 0.8830 0.3499
vn 0.2158 0.9096 0.3550
vn 0.1833 0.9514 0.2476
vn 0.1993 0.9407 0.2746
vn 0.2732 0.9088 0.3153
vn 0.2624 0.9155 0.3050
vn -0.1000 0.9349 0.3405
vn -0.1124 0.7697 0.6285
vn 0.0896 0.2017 0.9753
vn 0.0590 0.4695 0.8810
vn -0.1244 0.7419 0.6589
vn -0.4329 0.8704 0.2347
vn 0.4833 0.8181 0.3117
vn 0.3102 0.9016 0.3014
vn 0.2762 0.9218 0.2719
vn 0.1323 0.9796 0.1516
vn 0.1748 0.9654 0.1936
vn -0.1970 0.9377 0.2864
vn -0.1395 0.9558 0.2590
vn -0.0516 0.9863 0.1569
vn -0.0680 0.9778 0.1983
vn 0.2073 0.9357 0.2854
vn 0.1694 0.9524 0.2536
vn 0.0197 0.9901 0.1393
vn 0.0588 0.9832 0.1731
vn -0.3218 0.8770 0.3569
vn -0.1349 0.9183 0.3721
vn 0.2822 0.9276 0.2448
vn 0.1008 0.9773 0.1865
vn -0.0707 0.7786 0.6235
vn -0.3791 0.8840 0.2737
vn 0.5689 0.7930 0.2179
vn 0.0085 0.6806 0.7326
vn 0.0185 0.6962 0.7176
vn 0.0858 0.7922 0.6042
vn 0.0707 0.7739 0.6293
vn 0.5727 0.7843 0.2386
vn 0.5711 0.7815 0.2512
vn 0.6547 0.6849 0.3200
vn 0.6674 0.6900 0.2801
vn -0.0581 0.8576 0.5110
vn -0.0244 0.7228 0.6906
vn 0.2130 0.2740 0.9378
vn 0.3033 0.5144 0.8021
vn -0.2473 0.8024 0.5432
vn -0.1170 0.8497 0.5141
vn 0.0972 0.9396 0.3281
vn 0.0343 0.9103 0.4126
vn -0.2475 0.9332 0.2605
vn -0.1833 0.9424 0.2798
vn -0.0375 0.9713 0.2349
vn -0.1008 0.9709 0.2174
vn -0.0383 0.9764 0.2125
vn -0.0086 0.9836 0.1799
vn 0.0219 0.9929 0.1165
vn 0.0366 0.9880 0.1500
vn -0.3451 0.9200 0.1854
vn -0.4809 0.8577 0.1819
vn -0.7240 0.6455 0.2432
vn -0.6327 0.7368 0.2386
vn -0.5615 0.6781 0.4742
vn -0.1134 0.9702 0.2140
vn -0.1431 0.9628 0.2291
vn -0.2160 0.9360 0.2778
vn -0.1862 0.9466 0.2631
vn -0.0873 0.8827 0.4618
vn -0.0816 0.8791 0.4697
vn -0.0476 0.8704 0.4900
vn -0.0545 0.8739 0.4830
vn 0.1640 0.9119 0.3763
vn 0.1096 0.9363 0.3336
vn -0.1002 0.9794 0.1752
vn -0.0405 0.9724 0.2296
vn 0.1324 0.9819 0.1354
vn 0.0218 0.9781 0.2069
vn -0.2300 0.8806 0.4144
vn -0.1395 0.9237 0.3567
vn 0.0242 0.9979 -0.0602
vn 0.0233 0.9979 -0.0604
vn 0.0247 0.9981 -0.0568
vn 0.0254 0.9980 -0.0572
vn 0.1057 0.8359 0.5386
vn 0.0753 0.8502 0.5210
vn -0.0462 0.8908 0.4520
vn -0.0166 0.8817 0.4715
vn 0.6064 0.7686 0.2040
vn 0.5918 0.7851 0.1825
vn 0.5466 0.8143 0.1952
vn 0.5643 0.7993 0.2067
vn -0.0215 0.9922 0.1226
vn -0.0021 0.9831 0.1830
vn 0.1335 0.9373 0.3219
vn 0.1108 0.9566 0.2694
vn -0.0381 0.9987 -0.0326
vn -0.0313 0.9988 -0.0367
vn -0.0093 0.9980 -0.0624
vn -0.0176 0.9982 -0.0575
vn -0.0487 0.9849 0.1661
vn -0.0183 0.9851 0.1708
vn 0.0404 0.9897 0.1372
vn 0.0474 0.9900 0.1330
vn 0.0341 0.9992 0.0231
vn 0.0494 0.9986 0.0211
vn 0.1014 0.9948 -0.0069
vn 0.0815 0.9967 -0.0068
vn 0.0013 -0.9983 -0.0588
vn 0.0050 -0.9980 -0.0632
vn 0.0051 -0.9980 -0.0633
vn -0.9450 0.0230 -0.3262
vn -0.9075 -0.1458 0.3940
vn -0.9079 -0.1336 0.3973
vn -0.9078 -0.1335 0.3976
vn -0.9074 -0.1453 0.3943
vn 0.3687 -0.9222 -0.1171
vn 0.3689 -0.9221 -0.1169
vn 0.3687 -0.9220 -0.1181
vn 0.3687 -0.9221 -0.1179
vn -0.0034 -0.9354 0.3537
vn -0.0001 0.9999 0.0126
vn -1.0000 -0.0030 0.0066
vn -1.0000 0.0012 0.0057
vn -1.0000 0.0009 0.0061
vn -1.0000 0.0036 0.0091
vn 0.0095 0.1381 -0.9904
vn -0.0081 0.5280 0.8492
vn 0.2723 0.9159 0.2950
vn 0.2677 0.9251 0.2692
vn 0.2379 0.9345 0.2649
vn 0.2460 0.9275 0.2814
vn 0.0000 -1.0000 -0.0000
vn 0.0095 -0.1334 -0.9910
vn 0.0084 0.1067 -0.9943
vn 0.0496 0.9421 0.3317
vn 0.0358 0.9462 0.3216
vn -0.0058 0.9478 0.3189
vn 0.0196 0.9524 0.3043
vn -0.1746 0.6841 0.7081
vn -0.5726 0.7787 0.2565
vn 0.0563 0.8180 0.5725
vn -0.3963 0.8773 0.2705
vn -0.5032 0.8186 0.2770
vn 0.3754 0.8871 0.2685
vn 0.3778 0.8845 0.2739
vn 0.3830 0.8830 0.2713
vn -0.0144 0.9399 0.3410
vn 0.1042 0.9397 0.3258
vn 0.3713 0.9040 0.2120
vn 0.2488 0.9385 0.2395
vn 0.2796 0.8485 0.4494
vn -0.2975 0.9096 0.2899
vn -0.2975 0.9097 0.2899
vn 0.4262 0.8976 0.1124
vn -1.0000 -0.0020 -0.0094
vn -0.9999 -0.0028 -0.0103
vn -1.0000 -0.0015 -0.0098
vn -1.0000 -0.0012 -0.0089
vn 0.0035 0.8881 0.4596
vn -0.0297 0.9048 0.4248
vn -0.1431 0.9375 0.3171
vn -0.1161 0.9312 0.3455
vn 0.0283 -0.0651 0.9975
vn 0.0287 -0.0653 0.9975
vn 0.0291 -0.0629 0.9976
vn 0.0286 -0.0628 0.9976
vn -0.0085 -0.1065 0.9943
vn -1.0000 0.0004 -0.0003
vn -1.0000 0.0008 0.0000
vn -1.0000 0.0030 -0.0002
vn -1.0000 0.0035 -0.0008
vn -0.0148 0.9994 -0.0325
vn 0.0015 0.9995 -0.0326
vn 0.0598 0.9968 -0.0532
vn 0.0371 0.9976 -0.0579
vn -0.0361 0.9573 0.2867
vn -0.0417 0.9566 0.2885
vn -0.0389 0.9565 0.2891
vn -1.0000 -0.0005 -0.0086
vn -1.0000 -0.0002 -0.0037
vn -1.0000 0.0014 -0.0062
vn -1.0000 0.0012 -0.0043
vn 0.6009 0.7016 0.3831
vn 0.4564 0.8254 0.3323
vn -0.0375 0.9353 0.3518
vn 0.1174 0.9228 0.3670
vn -0.0286 0.0644 -0.9975
vn -0.0287 0.0651 -0.9975
vn -0.0288 0.0638 -0.9975
vn -0.0306 0.7773 0.6284
vn -0.6102 0.7578 0.2310
vn 0.2178 0.7014 0.6786
vn 0.0346 0.9014 0.4317
vn -0.4954 0.8109 0.3116
vn -0.5616 0.7901 0.2458
vn 0.3784 0.8860 0.2681
vn 0.3869 0.8809 0.2726
vn 0.3937 0.8877 0.2387
vn -0.0039 -0.9934 -0.1144
vn -0.0038 -0.9934 -0.1142
vn -0.0013 -0.9939 -0.1103
vn -0.5071 0.8115 0.2903
vn -0.5058 0.8121 0.2910
vn -0.4954 0.8164 0.2967
vn -0.4971 0.8158 0.2957
vn -0.0037 0.0911 0.9958
vn -0.0037 0.0912 0.9958
vn -0.0036 0.0945 0.9955
vn -0.0037 0.0944 0.9955
vn 0.0033 0.9302 -0.3671
vn 0.0036 0.9300 -0.3674
vn -0.0248 0.0986 -0.9948
vn -0.0251 0.0970 -0.9950
vn -0.0266 0.0988 -0.9948
vn -0.9050 0.0594 -0.4212
vn -0.9048 0.0594 -0.4218
vn -0.9049 0.0568 -0.4218
vn -0.9051 0.0569 -0.4214
vn 0.1363 -0.9819 -0.1317
vn 0.1339 -0.9825 -0.1293
vn 0.1374 -0.9819 -0.1304
vn 0.1363 -0.9818 -0.1322
vn 0.0345 0.9548 0.2952
vn 0.0344 0.9548 0.2952
vn 0.0352 0.9545 0.2960
vn 0.0349 0.9547 0.2957
vn -1.0000 -0.0000 -0.0095
vn 0.0006 -0.0291 -0.9996
vn 0.0003 -0.0291 -0.9996
vn -0.0000 -0.0313 -0.9995
vn 0.0003 -0.0310 -0.9995
vn -0.0092 -0.2560 0.9666
vn -0.0095 0.1358 0.9907
vn 0.2553 -0.2889 0.9227
vn 0.2555 -0.2887 0.9227
vn 0.2557 -0.2869 0.9232
vn 0.2555 -0.2868 0.9233
vn -0.0095 -0.1372 0.9905
vn 0.0028 0.1325 0.9912
vn 0.0024 0.1327 0.9912
vn 0.0020 0.1305 0.9915
vn 0.0024 0.1307 0.9914
vn -0.0458 -0.0067 0.9989
vn -0.0455 -0.0069 0.9989
vn -0.0451 -0.0040 0.9990
vn -0.0455 -0.0038 0.9990
vn -0.0067 -0.9940 -0.1095
vn 0.0370 -0.9579 -0.2845
vn 0.0366 -0.9594 -0.2797
vn 0.0388 -0.9589 -0.2810
vn 0.0389 -0.9588 -0.2814
vn -0.0370 0.0589 0.9976
vn -0.0370 0.0596 0.9975
vn -0.0370 0.0580 0.9976
vn -0.0987 0.9488 0.3001
vn -0.0949 0.9468 0.3075
vn -0.0678 0.9416 0.3299
vn -0.0726 0.9437 0.3228
vn -0.0223 0.0595 0.9980
vn -0.0221 0.0597 0.9980
vn -0.0219 0.0582 0.9981
vn -0.0221 0.0583 0.9981
vn 0.0083 -0.4884 -0.8726
vn -1.0000 0.0000 -0.0096
vn -0.9999 0.0007 -0.0100
vn -1.0000 0.0001 -0.0090
vn -0.0333 0.9601 0.2777
vn -0.0274 0.9591 0.2819
vn -0.0233 0.9580 0.2858
vn -0.0289 0.9635 0.2660
vn -0.0625 0.9588 0.2770
vn -0.0542 0.9556 0.2898
vn -0.0110 0.9456 0.3250
vn -0.0188 0.9501 0.3114
vn -0.0935 0.9872 -0.1290
vn -0.0997 0.9885 -0.1139
vn -0.0876 0.9931 -0.0784
vn -0.0843 0.9920 -0.0937
vn -0.3774 -0.9121 0.1602
vn -0.3772 -0.9122 0.1603
vn -0.3773 -0.9127 0.1572
vn -0.3778 -0.9124 0.1574
vn 0.0049 0.9985 -0.0547
vn 0.0097 0.9969 -0.0786
vn -0.0068 0.9912 -0.1325
vn -0.0181 0.9939 -0.1090
vn 0.0248 -0.0985 0.9948
vn 0.0249 -0.0970 0.9950
vn 0.0235 -0.0976 0.9950
vn -0.9999 0.0071 -0.0124
vn -1.0000 0.0055 -0.0065
vn -0.9999 0.0061 -0.0105
vn -1.0000 0.0039 -0.0082
vn -0.0095 0.0498 0.9987
vn 0.4347 0.8568 0.2773
vn 0.4243 0.8699 0.2514
vn 0.3666 0.8936 0.2591
vn 0.3870 0.8777 0.2827
vn 0.2682 0.9266 0.2635
vn 0.2458 0.9280 0.2799
vn 0.1240 0.9635 0.2372
vn 0.1466 0.9581 0.2460
vn -0.1000 0.9518 0.2900
vn -0.0895 0.9505 0.2975
vn -0.0884 0.9498 0.3001
vn -0.0986 0.9513 0.2920
vn -0.0626 -0.0823 0.9946
vn -0.1217 0.9322 0.3407
vn -0.1084 0.9357 0.3357
vn -0.0760 0.9451 0.3179
vn -0.0897 0.9421 0.3232
vn 0.1204 0.9204 0.3721
vn 0.1221 0.9206 0.3710
vn 0.1034 0.9248 0.3661
vn 0.2464 0.9412 0.2311
vn 0.0091 0.2804 -0.9598
vn 0.0090 0.2799 -0.9600
vn 0.0457 0.0044 -0.9989
vn 0.0454 0.0040 -0.9990
vn 0.0451 0.0065 -0.9990
vn 0.0454 0.0065 -0.9989
vn 0.0150 -0.0091 -0.9998
vn 0.0150 -0.0097 -0.9998
vn 0.0150 -0.0088 -0.9998
vn 0.0081 -0.9965 -0.0826
vn 0.0082 -0.9965 -0.0829
vn 0.0090 -0.9964 -0.0842
vn 0.0089 -0.9964 -0.0840
vn 0.0173 -0.0439 -0.9989
vn 0.0174 -0.0439 -0.9989
vn 0.0176 -0.0377 -0.9991
vn 0.0175 -0.0377 -0.9991
vn -0.4358 -0.8919 -0.1207
vn -0.9998 0.0206 -0.0031
vn -0.9998 0.0201 -0.0029
vn -0.0001 0.9999 0.0127
vn 0.0160 0.0498 -0.9986
vn 0.0160 0.0500 -0.9986
vn 0.0161 0.0512 -0.9986
vn 0.0160 0.0510 -0.9986
vn -0.0984 0.9659 0.2396
vn -0.0892 0.9644 0.2488
vn -0.0567 0.9592 0.2771
vn -0.0658 0.9611 0.2681
vn -0.0381 0.9577 0.2851
vn -0.0391 0.9587 0.2816
vn -0.0392 0.9588 0.2813
vn -0.0396 0.9579 0.2842
vn 0.0131 -0.9983 0.0560
vn 0.0131 -0.9983 0.0561
vn 0.0131 -0.9986 0.0518
vn -0.9999 0.0096 -0.0066
vn -0.9999 0.0072 -0.0092
vn -0.9999 0.0081 -0.0099
vn 0.0228 0.9574 0.2879
vn 0.0219 0.9578 0.2865
vn 0.0225 0.9569 0.2897
vn -0.0163 -0.9709 -0.2388
vn -0.0159 -0.9708 -0.2392
vn -0.0156 -0.9728 -0.2313
vn -0.0159 -0.9728 -0.2309
vn 0.0039 -0.0897 -0.9960
vn 0.0037 -0.0896 -0.9960
vn 0.0035 -0.0925 -0.9957
vn 0.0037 -0.0921 -0.9957
vn -0.9999 0.0140 -0.0004
vn -0.9999 0.0136 0.0000
vn -0.9999 0.0099 -0.0071
vn -0.9999 0.0161 -0.0042
vn -0.0179 0.0391 0.9991
vn -0.0175 0.0390 0.9991
vn -0.0171 0.0446 0.9989
vn -0.0175 0.0448 0.9988
vn 0.0220 0.0044 -0.9997
vn 0.0216 0.0042 -0.9998
vn 0.0212 0.0073 -0.9997
vn 0.0216 0.0076 -0.9997
vn 0.0158 -0.1757 -0.9843
vn -0.1149 -0.9887 -0.0959
vn -0.1149 -0.9887 -0.0960
vn -0.1149 -0.9886 -0.0971
vn -0.1149 -0.9887 -0.0965
vn -0.0321 0.1638 0.9860
vn -0.0321 0.1637 0.9860
vn -0.0321 0.1654 0.9857
vn -0.0321 0.1655 0.9857
vn -0.0179 -0.0295 -0.9994
vn -0.0182 -0.0298 -0.9994
vn -0.0185 -0.0316 -0.9993
vn -0.0182 -0.0316 -0.9993
vn -0.0079 -0.9562 -0.2926
vn -0.0099 -0.9579 -0.2870
vn -0.0100 -0.9592 -0.2824
vn -0.0123 -0.9585 -0.2847
vn -0.0219 -0.0066 0.9997
vn -0.0215 -0.0069 0.9997
vn -0.0212 -0.0042 0.9998
vn -0.0215 -0.0038 0.9998
vn 0.0110 0.0168 -0.9998
vn 0.0110 0.0146 -0.9998
vn 0.0098 0.0164 -0.9998
vn 0.0099 0.0160 -0.9998
vn -0.9998 0.0029 0.0207
vn -0.9998 -0.0014 0.0190
vn -0.9999 -0.0003 0.0144
vn -0.9999 0.0041 0.0145
vn 0.3461 0.0526 -0.9367
vn 0.3461 0.0527 -0.9367
vn 0.3461 0.0552 -0.9366
vn 0.3460 0.0553 -0.9366
vn -0.0218 0.9645 0.2631
vn -0.0204 0.9641 0.2648
vn -0.0192 0.9656 0.2592
vn -0.0207 0.9660 0.2577
vn -1.0000 0.0018 0.0026
vn -1.0000 0.0013 0.0022
vn -1.0000 0.0016 0.0018
vn 0.0955 0.9520 0.2907
vn 0.0843 0.9550 0.2843
vn 0.0517 0.9616 0.2695
vn 0.0569 0.9606 0.2719
vn 0.0628 0.0819 -0.9947
vn 0.0626 0.0824 -0.9946
vn 0.0625 0.0830 -0.9946
vn 0.0094 -0.9972 -0.0743
vn 0.0095 -0.9972 -0.0745
vn 0.0108 -0.9970 -0.0766
vn 0.0107 -0.9970 -0.0764
vn -0.0230 -0.9580 -0.2859
vn -0.0228 -0.9573 -0.2881
vn -0.0206 -0.9567 -0.2903
vn -0.0143 -0.9581 -0.2860
vn 0.0183 0.0314 0.9993
vn 0.0182 0.0315 0.9993
vn 0.0182 0.0293 0.9994
vn 0.0183 0.0293 0.9994
vn 0.6846 -0.1915 0.7033
vn 0.6845 -0.1915 0.7034
vn 0.6842 -0.1931 0.7033
vn 0.6843 -0.1930 0.7032
vn 0.0025 0.0222 0.9998
vn 0.0024 0.0195 0.9998
vn 0.0025 0.0191 0.9998
vn 0.0371 -0.0594 -0.9975
vn 0.0370 -0.0594 -0.9975
vn 0.0370 -0.0580 -0.9976
vn 0.0370 -0.0587 -0.9976
vn -0.0150 0.0094 0.9998
vn -0.0150 0.0099 0.9998
vn 0.0092 0.2803 -0.9599
vn -0.0106 0.9970 0.0763
vn -0.0105 0.9970 0.0762
vn -0.0097 0.9971 0.0749
vn -0.0101 0.9971 0.0755
vn 0.0092 0.2793 -0.9602
vn -1.0000 -0.0022 -0.0088
vn -1.0000 -0.0039 -0.0091
vn -0.9999 -0.0030 -0.0098
vn -0.9999 -0.0004 -0.0123
vn 0.0020 0.9587 0.2843
vn -0.0023 0.9622 0.2724
vn 0.0008 0.9600 0.2799
vn 0.0388 -0.9565 -0.2892
vn 0.0371 -0.9559 -0.2914
vn 0.0367 -0.9574 -0.2863
vn 0.0034 0.9295 -0.3689
vn 0.0037 0.9294 -0.3690
vn -0.0095 -0.1362 0.9906
vn 0.0322 -0.1650 -0.9858
vn 0.0320 -0.1656 -0.9857
vn 0.0319 -0.1641 -0.9859
vn 0.0321 -0.1635 -0.9860
vn -0.0084 0.6537 0.7567
vn -0.0133 0.6501 0.7597
vn -0.0312 0.6262 0.7790
vn -0.0255 0.6307 0.7756
vn -0.0521 -0.9514 -0.3035
vn -0.0507 -0.9512 -0.3044
vn -0.0256 -0.9605 -0.2771
vn -0.0276 -0.9608 -0.2757
vn 0.0103 0.9948 0.1016
vn 0.0103 0.9948 0.1015
vn 0.0117 0.9945 0.1040
vn 0.0117 0.9945 0.1039
vn -0.9997 -0.0034 0.0246
vn -0.9997 -0.0053 0.0223
vn -0.9997 -0.0010 0.0225
vn -0.0160 -0.0508 0.9986
vn -0.0133 -0.9618 -0.2735
vn -0.0133 -0.9618 -0.2734
vn -0.0126 -0.9620 -0.2726
vn -0.0129 -0.9619 -0.2730
vn 0.0034 0.9301 -0.3672
vn 0.0208 -0.9640 -0.2651
vn 0.0204 -0.9639 -0.2654
vn 0.0203 -0.9658 -0.2584
vn 0.0206 -0.9659 -0.2582
vn 0.7688 0.0360 -0.6385
vn 0.7688 0.0356 -0.6386
vn 0.7687 0.0353 -0.6386
vn 0.7688 0.0353 -0.6386
vn -0.0003 0.0294 0.9996
vn -0.0003 0.0292 0.9996
vn -0.0002 0.0313 0.9995
vn -0.0003 0.0314 0.9995
vn 0.0092 0.2815 -0.9595
vn -0.0095 -0.0584 0.9982
vn 0.0036 0.9291 -0.3698
vn 0.0393 -0.9577 -0.2852
vn 0.0443 -0.9602 -0.2759
vn 0.0401 -0.9616 -0.2714
vn 0.0180 -0.9585 -0.2844
vn -0.0050 0.9980 0.0629
vn -0.0049 0.9980 0.0629
vn -0.0012 0.9983 0.0584
vn -0.0012 0.9983 0.0585
vn -0.0081 0.9964 0.0843
vn -0.0082 0.9964 0.0842
vn -0.0089 0.9965 0.0830
vn -0.0086 0.9965 0.0835
vn 0.0412 -0.9934 0.1068
vn 0.0412 -0.9935 0.1065
vn 0.0411 -0.9932 0.1092
vn -0.0122 0.9992 0.0385
vn -0.0124 0.9991 0.0396
vn -0.0139 0.9993 0.0356
vn 0.0095 -0.0484 -0.9988
vn -0.9998 0.0171 0.0040
vn -0.9999 0.0163 0.0027
vn -0.9998 0.0203 0.0015
vn -0.9998 0.0199 0.0007
vn -0.0094 0.1355 0.9907
vn -0.0004 0.1823 0.9832
vn -0.0000 0.1823 0.9833
vn -0.0000 0.1798 0.9837
vn -0.0001 0.1797 0.9837
vn -0.0021 -0.0183 -0.9998
vn -0.0024 -0.0185 -0.9998
vn -0.0027 -0.0205 -0.9998
vn -0.0024 -0.0209 -0.9998
vn -0.0095 -0.1358 0.9907
vn 0.0150 0.9630 0.2691
vn 0.0135 0.9617 0.2739
vn 0.0123 0.9620 0.2726
vn 0.0123 0.9618 0.2735
vn 0.4775 0.8231 0.3073
vn 0.4706 0.8281 0.3046
vn 0.4207 0.8617 0.2837
vn 0.4334 0.8533 0.2899
vn 0.0065 0.9940 0.1092
vn 0.0063 0.9940 0.1088
vn 0.0070 0.9939 0.1100
vn 0.0072 0.9939 0.1103
vn 0.4881 -0.8674 -0.0973
vn 0.4880 -0.8674 -0.0973
vn 0.4881 -0.8677 -0.0947
vn 0.4883 -0.8675 -0.0945
vn 0.0432 -0.9544 -0.2955
vn 0.0429 -0.9542 -0.2962
vn 0.0402 -0.9525 -0.3020
vn 0.0002 -0.1803 -0.9836
vn 0.0002 -0.1817 -0.9834
vn 0.0002 -0.1821 -0.9833
vn 0.0464 0.9984 -0.0327
vn 0.0818 0.9955 -0.0471
vn 0.1824 0.9724 -0.1455
vn 0.1429 0.9814 -0.1284
vn 0.0040 0.9939 0.1100
vn 0.0039 0.9939 0.1101
vn 0.0012 0.9935 0.1142
vn 0.0013 0.9935 0.1141
vn -0.0115 -0.9946 -0.1035
vn -0.0114 -0.9946 -0.1034
vn -0.0104 -0.9948 -0.1016
vn -0.0106 -0.9947 -0.1020
vn 0.0069 0.1500 -0.9887
vn 0.0095 0.1532 -0.9882
vn 0.0063 0.1503 -0.9886
vn 0.0095 0.0585 -0.9982
vn -0.0158 0.1759 0.9843
vn 0.0113 -0.9991 -0.0404
vn 0.0123 -0.9992 -0.0389
vn 0.0139 -0.9993 -0.0356
vn 0.0220 -0.0583 -0.9981
vn 0.0221 -0.0584 -0.9980
vn 0.0221 -0.0603 -0.9979
vn 0.0013 0.6177 0.7864
vn 0.0282 0.6307 0.7755
vn 0.0263 0.6782 0.7344
vn 0.0102 0.6596 0.7516
vn -0.1288 0.9442 0.3032
vn -0.1106 0.9415 0.3182
vn -0.0367 0.9279 0.3711
vn -0.0558 0.9326 0.3567
vn 0.0104 0.9998 0.0157
vn -0.0449 -0.9990 -0.0070
vn -0.0449 -0.9990 -0.0072
vn -0.0449 -0.9990 -0.0063
vn -0.0442 -0.9990 -0.0056
vn -0.0024 -0.1311 -0.9914
vn -0.0024 -0.1315 -0.9913
vn -0.0025 -0.1322 -0.9912
vn -0.0024 -0.1324 -0.9912
vn -0.0069 -0.1486 0.9889
vn -0.0037 -0.1515 0.9884
vn -0.0075 -0.1471 0.9891
vn -0.5913 0.8042 0.0598
vn -0.1225 0.9483 0.2928
vn -0.0958 0.9555 0.2791
vn -0.0291 0.9719 0.2337
vn -0.0563 0.9672 0.2478
vn -0.0104 -0.9998 -0.0161
vn 0.0143 0.9725 0.2324
vn 0.0159 0.9729 0.2307
vn 0.0175 0.9713 0.2371
vn 0.0159 0.9709 0.2388
vn 0.0511 0.9513 0.3042
vn 0.0507 0.9512 0.3043
vn 0.0271 0.9608 0.2760
vn 0.0276 0.9609 0.2756
vn -0.0356 -0.9545 -0.2962
vn -0.0355 -0.9545 -0.2961
vn -0.0349 -0.9547 -0.2955
vn -0.0344 -0.9549 -0.2950
vn 0.0109 0.9584 0.2853
vn 0.0099 0.9581 0.2864
vn 0.0092 0.9592 0.2826
vn 0.0102 0.9595 0.2817
vn -0.0110 -0.0167 0.9998
vn -0.0098 -0.0162 0.9998
vn -0.0099 -0.0150 0.9998
vn -0.0112 -0.0142 0.9998
vn -0.0408 0.9530 0.3003
vn -0.0399 0.9525 0.3019
vn -0.0406 0.9529 0.3006
vn -0.0351 0.9586 0.2825
vn -0.0347 0.9588 0.2820
vn -0.0352 0.9586 0.2825
vn -0.0157 0.9994 0.0317
vn -0.0137 0.9993 0.0360
vn -0.0155 0.9993 0.0330
vn -0.0010 -0.9596 -0.2814
vn 0.0027 -0.9622 -0.2722
vn 0.0006 -0.9609 -0.2769
vn 0.0126 -0.9449 -0.3272
vn 0.0354 -0.9588 -0.2818
vn -0.0078 -0.9547 -0.2974
vn 0.0150 -0.9994 -0.0325
vn 0.0136 -0.9993 -0.0360
vn 0.0162 -0.9994 -0.0314
vn 0.0092 0.2792 -0.9602
vn 0.4626 0.8505 0.2505
vn 0.4656 0.8484 0.2520
vn 0.5004 0.8306 0.2444
vn 0.4923 0.8300 0.2621
vn 0.0283 0.1049 -0.9941
vn 0.0281 0.1048 -0.9941
vn 0.0281 0.1057 -0.9940
vn 0.0959 0.9927 -0.0737
vn 0.1180 0.9903 -0.0736
vn 0.1886 0.9768 -0.1012
vn 0.1613 0.9812 -0.1058
vn -0.9895 0.1442 0.0113
vn 0.0098 0.1389 -0.9903
vn 0.0062 0.1407 -0.9900
vn 0.4321 0.6206 0.6543
vn 0.3957 0.7114 0.5808
vn 0.1875 0.8392 0.5106
vn 0.2292 0.7973 0.5584
vn -0.2096 0.9747 -0.0780
vn -0.2729 0.9563 0.1050
vn -0.0990 0.8676 0.4874
vn -0.0693 0.9442 0.3219
vn 0.0062 -0.9892 -0.1464
vn 0.0061 -0.9892 -0.1463
vn 0.0098 -0.9884 -0.1517
vn 0.0098 -0.9884 -0.1516
vn 0.0123 0.9764 0.2157
vn -0.0726 0.9833 0.1668
vn -0.2840 0.9412 0.1829
vn -0.2011 0.9493 0.2419
vn 0.0100 0.9672 0.2537
vn 0.0102 0.9671 0.2541
vn 0.0104 0.9670 0.2545
vn -0.2306 -0.9731 -0.0015
vn -0.2310 -0.9730 -0.0016
vn -0.2306 -0.9729 -0.0181
vn -0.2309 -0.9728 -0.0180
vn -0.0176 0.9583 0.2852
vn -0.0824 0.9535 0.2901
vn -0.0395 0.9694 0.2424
vn -0.4602 0.8759 0.1449
vn -0.4263 0.8942 0.1370
vn -0.3533 0.9305 0.0966
vn -0.3804 0.9185 0.1079
vn -0.0236 -0.0058 -0.9997
vn -0.0240 -0.0052 -0.9997
vn -0.0770 0.9858 -0.1493
vn -0.0508 0.9858 -0.1601
vn 0.0280 0.9721 -0.2327
vn -0.0035 0.9754 -0.2204
vn 0.4766 0.8382 0.2652
vn 0.4965 0.8274 0.2625
vn 0.5178 0.8130 0.2664
vn 0.5123 0.8208 0.2526
vn -0.7560 0.6304 0.1761
vn -0.7528 0.6347 0.1745
vn -0.7550 0.6323 0.1739
vn -0.2473 0.9424 0.2250
vn 0.5787 0.7868 0.2146
vn -0.0268 -0.9556 -0.2935
vn -0.0233 -0.9547 -0.2966
vn 0.0065 -0.9649 -0.2624
vn 0.0013 -0.9662 -0.2578
vn 0.9999 -0.0026 0.0098
vn 1.0000 -0.0028 0.0095
vn 0.9999 -0.0026 0.0104
vn -0.3259 0.8179 0.4741
vn -0.2412 0.8715 0.4270
vn 0.0160 0.9442 0.3291
vn -0.1208 0.9296 0.3482
vn -0.0792 0.9798 0.1835
vn -0.1795 0.9703 0.1624
vn -0.3307 0.9211 0.2054
vn -0.2454 0.9430 0.2247
vn -0.0110 0.0625 -0.9980
vn -0.0114 0.0630 -0.9980
vn -0.0110 0.0622 -0.9980
vn 0.0110 -0.0625 0.9980
vn 0.0111 -0.0619 0.9980
vn 0.2221 -0.9734 -0.0560
vn 0.2224 -0.9733 -0.0560
vn 0.2219 -0.9742 -0.0401
vn 0.2226 -0.9741 -0.0400
vn 0.9999 -0.0019 -0.0157
vn 0.9999 0.0013 -0.0161
vn 0.9998 -0.0005 -0.0179
vn 0.9999 0.0005 -0.0170
vn -0.0023 0.0295 0.9996
vn -0.0024 0.0295 0.9996
vn -0.0023 0.0255 0.9997
vn -0.4296 0.6173 0.6591
vn -0.5342 0.7510 0.3880
vn -0.4843 0.8230 0.2969
vn -0.3674 0.8777 0.3075
vn -0.2823 0.8982 0.3369
vn -0.2753 0.8974 0.3447
vn 0.9999 0.0053 0.0088
vn 0.9999 0.0041 0.0117
vn 0.9999 0.0066 0.0076
vn 0.9999 0.0042 0.0092
vn 0.0236 0.0060 0.9997
vn 0.0238 0.0057 0.9997
vn 0.0239 0.0055 0.9997
vn -0.0069 0.9962 0.0863
vn 0.0020 0.9953 0.0970
vn 0.0520 0.9900 0.1313
vn 0.0416 0.9922 0.1171
vn 0.9999 0.0129 0.0067
vn 0.9998 0.0201 0.0077
vn 0.9998 0.0153 0.0132
vn 0.9998 0.0168 0.0113
vn 1.0000 0.0000 0.0095
vn 0.9999 0.0009 0.0104
vn 1.0000 0.0011 0.0087
vn 0.4632 0.8072 0.3658
vn -0.2874 0.8745 0.3907
vn -0.0936 0.9566 0.2758
vn -0.1852 0.9080 0.3758
vn 0.0991 0.8101 0.5779
vn 0.0487 0.8591 0.5094
vn 0.1307 0.9370 0.3238
vn -0.1516 0.9694 0.1929
vn 0.5206 0.8116 0.2650
vn -0.0009 0.9553 0.2957
vn -0.0022 0.9551 0.2964
vn -0.0098 0.9541 0.2992
vn -0.0085 0.9543 0.2987
vn 0.5263 0.7767 0.3460
vn 0.4216 0.8455 0.3276
vn 0.0600 0.9624 0.2651
vn 0.1798 0.9362 0.3021
vn 0.0310 0.0390 0.9988
vn 0.0313 0.0400 0.9987
vn 0.9808 -0.1949 0.0102
vn 0.9809 -0.1943 0.0099
vn 0.9809 -0.1942 0.0100
vn -0.0652 0.9181 -0.3910
vn -0.1487 0.9664 -0.2096
vn -0.0058 0.9753 0.2209
vn 0.0366 0.9988 0.0330
vn -0.2962 0.9531 0.0624
vn -0.1493 0.9629 0.2246
vn 0.3188 0.9399 0.1227
vn 0.1151 0.9899 0.0831
vn -0.0340 -0.0404 -0.9986
vn -0.0342 -0.0393 -0.9986
vn -0.0282 -0.1046 0.9941
vn -0.0281 -0.1050 0.9941
vn -0.0281 -0.1058 0.9940
vn -0.0282 -0.1060 0.9940
vn -0.0265 0.1921 0.9810
vn -0.0265 0.1925 0.9809
vn 0.0034 0.9298 -0.3680
vn -0.0092 0.9939 0.1101
vn -0.0093 0.9939 0.1103
vn -0.0085 0.9940 0.1090
vn -0.0085 0.9940 0.1089
vn 0.0392 -0.9567 -0.2883
vn 0.0383 -0.9570 -0.2877
vn 0.0382 -0.9562 -0.2903
vn 0.0415 -0.9561 -0.2900
vn 0.0239 0.9549 0.2960
vn 0.0233 0.9548 0.2964
vn -0.0026 0.9660 0.2585
vn -0.0013 0.9663 0.2575
vn -0.0007 -0.0100 1.0000
vn -0.0003 -0.0102 0.9999
vn 0.0001 -0.0128 0.9999
vn -0.0003 -0.0130 0.9999
vn -0.0097 0.9892 0.1462
vn -0.0097 0.9892 0.1463
vn -0.0061 0.9884 0.1518
vn -0.0061 0.9884 0.1517
vn 0.0179 -0.0103 0.9998
vn 0.0182 -0.0103 0.9998
vn 0.0186 -0.0128 0.9997
vn 0.0182 -0.0128 0.9998
vn 0.9808 0.1941 -0.0191
vn 1.0000 -0.0008 -0.0065
vn 1.0000 0.0010 -0.0093
vn 0.9999 -0.0072 -0.0114
vn 1.0000 -0.0038 -0.0065
vn 0.0726 0.9393 0.3354
vn 0.0518 0.9476 0.3153
vn -0.0301 0.9698 0.2419
vn -0.0084 0.9644 0.2642
vn 0.0262 -0.1913 -0.9812
vn 0.0263 -0.1917 -0.9811
vn 0.0263 -0.1931 -0.9808
vn 0.0264 -0.1932 -0.9808
vn 0.0679 0.5531 0.8304
vn 0.0761 0.5623 0.8234
vn 0.1043 0.5961 0.7961
vn 0.0963 0.5877 0.8033
vn -0.0900 0.9045 0.4168
vn -0.7567 0.6302 0.1739
vn -0.7600 0.6258 0.1752
vn -0.7580 0.6281 0.1760
vn -0.1070 0.6670 0.7374
vn -0.1219 0.6330 0.7645
vn -0.1143 0.5587 0.8214
vn -0.0847 0.5884 0.8041
vn 1.0000 0.0006 0.0075
vn 0.2223 0.8329 0.5067
vn 0.1538 0.8740 0.4609
vn -0.1418 0.9582 0.2483
vn -0.0624 0.9458 0.3188
vn -0.3213 0.9467 -0.0219
vn -0.2195 0.9672 0.1275
vn 0.2641 0.8726 0.4109
vn 0.1758 0.9309 0.3202
vn -0.0104 -0.9671 -0.2542
vn -0.0103 -0.9672 -0.2539
vn -0.0100 -0.9673 -0.2534
vn -0.0099 -0.9674 -0.2531
vn 1.0000 -0.0017 0.0014
vn 1.0000 -0.0007 0.0050
vn 1.0000 -0.0017 0.0040
vn 1.0000 0.0028 0.0005
vn 0.0102 0.9995 0.0315
vn 0.0101 0.9994 0.0318
vn 0.0104 0.9995 0.0312
vn -0.0321 -0.0384 -0.9987
vn -0.0310 -0.0385 -0.9988
vn 0.0340 0.0393 0.9986
vn 0.0343 0.0387 0.9987
vn 0.0331 0.0390 0.9987
vn 0.0342 0.0390 0.9987
vn 0.0084 0.0117 -0.9999
vn 0.0090 0.0139 -0.9999
vn 0.0099 0.0123 -0.9999
vn 0.0098 0.0128 -0.9999
vn 0.0919 -0.9878 -0.1256
vn 0.0658 0.9541 0.2923
vn 0.0698 0.9512 0.3004
vn 0.0917 0.9404 0.3274
vn 0.0892 0.9442 0.3172
vn -0.0095 -0.1366 0.9906
vn -0.0098 -0.1364 0.9906
vn 0.7485 -0.2045 0.6308
vn 0.7487 -0.2025 0.6313
vn 0.7487 -0.2031 0.6310
vn 0.7486 -0.2050 0.6306
vn 1.0000 -0.0005 0.0091
vn 1.0000 -0.0003 0.0096
vn 0.0036 0.9295 -0.3687
vn -0.0093 -0.1366 0.9906
vn 0.0038 0.9624 0.2715
vn -0.0576 0.9683 0.2432
vn -0.2004 0.9425 0.2676
vn -0.1420 0.9467 0.2892
vn 0.0069 0.1742 -0.9847
vn 0.0069 0.1741 -0.9847
vn 0.0069 0.1725 -0.9850
vn 0.0069 0.1728 -0.9849
vn 0.0276 0.9560 0.2921
vn 0.0262 0.9568 0.2896
vn 0.0265 0.9548 0.2960
vn 0.0280 0.9557 0.2931
vn 1.0000 -0.0014 0.0075
vn 1.0000 -0.0034 0.0093
vn 0.9999 -0.0037 0.0094
vn 0.9999 -0.0016 0.0114
vn 0.9996 0.0252 0.0128
vn 0.9996 0.0251 0.0138
vn 0.9994 0.0277 0.0190
vn 0.9997 0.0212 0.0146
vn 0.0046 0.9992 0.0406
vn 0.0046 0.9992 0.0405
vn 0.0018 0.9990 0.0448
vn 0.0018 0.9990 0.0449
vn 0.0026 -0.0245 -0.9997
vn 0.0024 -0.0246 -0.9997
vn 0.0022 -0.0285 -0.9996
vn 0.0024 -0.0285 -0.9996
vn 0.9999 -0.0061 0.0083
vn 0.9996 0.0223 0.0158
vn 0.9996 0.0216 0.0158
vn 0.9996 0.0220 0.0157
vn -0.0284 -0.9550 -0.2953
vn -0.0261 -0.9567 -0.2899
vn -0.0283 -0.9582 -0.2849
vn -0.0283 -0.9551 -0.2950
vn -0.0435 -0.9991 -0.0006
vn -0.0435 -0.9991 -0.0018
vn -0.0436 -0.9990 0.0004
vn -0.0442 -0.9990 -0.0000
vn 0.0219 -0.0499 -0.9985
vn 0.0215 -0.0503 -0.9985
vn 0.0211 -0.0474 -0.9987
vn 0.0215 -0.0472 -0.9987
vn -0.0099 -0.9523 -0.3051
vn -0.0096 -0.9522 -0.3053
vn -0.0098 -0.9536 -0.3010
vn -0.0101 -0.9536 -0.3009
vn 0.9999 0.0018 -0.0148
vn 0.9999 0.0013 -0.0140
vn 0.9999 0.0014 -0.0146
vn -0.0157 -0.9640 -0.2653
vn -0.0154 -0.9640 -0.2656
vn -0.0153 -0.9659 -0.2586
vn -0.0156 -0.9659 -0.2583
vn -0.0024 -0.1676 -0.9859
vn -0.0047 -0.9990 -0.0453
vn -0.0019 -0.9992 -0.0410
vn -0.0211 -0.9589 -0.2828
vn -0.0187 -0.9584 -0.2850
vn -0.0231 -0.9595 -0.2807
vn 0.0418 0.0901 -0.9951
vn 0.0079 0.1391 0.9903
vn 0.0079 0.1388 0.9903
vn 0.0079 0.1407 0.9900
vn 0.0079 0.1411 0.9900
vn 0.0158 0.0205 -0.9997
vn 0.0160 0.0205 -0.9997
vn 0.0163 0.0189 -0.9997
vn 0.0161 0.0188 -0.9997
vn -0.0161 -0.0192 0.9997
vn -0.0161 -0.0189 0.9997
vn 0.0074 0.9964 0.0843
vn 0.0073 0.9964 0.0841
vn 0.0070 0.9965 0.0836
vn 0.0021 0.1669 0.9860
vn 0.0024 0.1670 0.9860
vn 0.0027 0.1683 0.9857
vn 0.0024 0.1688 0.9857
vn -0.0073 -0.1387 -0.9903
vn -0.0079 -0.1384 -0.9903
vn -0.0084 -0.1412 -0.9899
vn -0.0078 -0.1415 -0.9899
vn 0.0209 0.9589 0.2828
vn 0.0168 0.9595 0.2810
vn 0.0208 0.9591 0.2823
vn 0.0211 0.9589 0.2831
vn 0.0158 -0.1562 -0.9876
vn 0.0104 -0.9942 -0.1067
vn 0.0108 -0.9942 -0.1075
vn 0.0087 0.0662 -0.9978
vn -0.0033 0.0982 0.9952
vn -0.0094 0.1351 0.9908
vn 0.0035 0.9303 -0.3668
vn 0.0038 0.9304 -0.3666
vn -0.0094 0.1357 0.9907
vn 0.0088 -0.9940 -0.1094
vn -0.0150 0.0365 0.9992
vn -0.0071 -0.1715 0.9852
vn -0.0071 -0.1719 0.9851
vn -0.0071 -0.1718 0.9851
vn 0.0091 0.2812 -0.9596
vn 0.0088 0.2815 -0.9595
vn 0.0092 0.2797 -0.9600
vn 0.0095 -0.0483 -0.9988
vn 0.0092 0.2810 -0.9597
vn 0.0199 -0.9727 -0.2311
vn 0.0203 -0.9728 -0.2307
vn 0.0208 -0.9709 -0.2385
vn 0.0204 -0.9708 -0.2389
vn 0.1387 -0.9832 -0.1186
vn 0.1363 -0.9832 -0.1214
vn 0.1363 -0.9833 -0.1210
vn 0.1349 -0.9836 -0.1198
vn -0.0119 -0.9979 -0.0636
vn -0.0117 -0.9979 -0.0632
vn -0.0112 -0.9980 -0.0624
vn -0.0112 -0.9980 -0.0623
vn 0.0410 -0.9590 -0.2806
vn 0.0371 -0.9587 -0.2819
vn 0.0392 -0.9584 -0.2828
vn 0.0387 -0.9583 -0.2830
vn 0.0405 -0.9981 0.0457
vn 0.0405 -0.9981 0.0458
vn 0.0407 -0.9983 0.0415
vn 0.0035 0.9291 -0.3698
vn 0.0033 0.9290 -0.3700
vn -0.0065 -0.9965 -0.0828
vn -0.0073 -0.9964 -0.0842
vn -0.0075 -0.9964 -0.0844
vn -0.0227 0.0924 -0.9955
vn -0.0244 0.0927 -0.9954
vn -0.0240 0.0946 -0.9952
vn -0.0110 0.9941 0.1077
vn -0.0110 0.9941 0.1078
vn -0.0099 0.9943 0.1060
vn -0.0098 0.9943 0.1058
vn -0.0099 -0.0121 0.9999
vn -0.0086 -0.0136 0.9999
vn -0.0086 -0.0111 0.9999
vn -0.0098 -0.0124 0.9999
vn -0.0392 0.9583 0.2829
vn -0.0372 0.9581 0.2840
vn -0.0364 0.9583 0.2834
vn -0.0388 0.9584 0.2827
vn -0.0105 0.1168 0.9931
vn -0.1140 -0.9901 -0.0814
vn -0.1140 -0.9901 -0.0819
vn -0.0094 -0.1363 0.9906
vn -0.0109 -0.1369 0.9905
vn -0.0125 -0.1395 0.9901
vn -0.0453 0.0475 0.9978
vn -0.0454 0.0474 0.9978
vn -0.0455 0.0500 0.9977
vn -0.0454 0.0500 0.9977
vn 0.0457 -0.0501 -0.9977
vn 0.0454 -0.0503 -0.9977
vn 0.0450 -0.0478 -0.9978
vn 0.0454 -0.0480 -0.9978
vn -0.0185 0.0106 -0.9998
vn -0.0182 0.0102 -0.9998
vn -0.0179 0.0125 -0.9998
vn -0.0182 0.0125 -0.9998
vn -0.0418 -0.0893 0.9951
vn -0.0418 -0.0891 0.9951
vn -0.0419 -0.0908 0.9950
vn -0.0418 -0.0912 0.9950
vn 0.0150 -0.0353 -0.9993
vn -0.0160 0.1567 0.9875
vn -0.0159 0.1569 0.9875
vn -0.0159 0.1564 0.9876
vn 0.0145 -0.9924 -0.1220
vn 0.0044 -0.0958 -0.9954
vn -0.2393 0.8931 0.3808
vn -0.2667 0.9058 0.3293
vn -0.2982 0.8890 0.3475
vn -0.3142 0.9048 0.2873
vn 0.0121 0.9979 0.0638
vn 0.0121 0.9979 0.0639
vn 0.0106 0.9981 0.0613
vn 0.0107 0.9981 0.0615
vn -0.0216 0.0499 0.9985
vn -0.0215 0.0501 0.9985
vn -0.0214 0.0477 0.9986
vn -0.0215 0.0474 0.9986
vn -0.0222 0.9713 0.2367
vn -0.0204 0.9709 0.2385
vn -0.0185 0.9725 0.2322
vn -0.0203 0.9729 0.2305
vn 0.0103 0.9529 0.3031
vn 0.0096 0.9525 0.3045
vn 0.0094 0.9534 0.3014
vn 0.0101 0.9538 0.3002
vn -0.0001 0.0108 -0.9999
vn 0.0003 0.0107 -0.9999
vn 0.0007 0.0136 -0.9999
vn 0.0003 0.0136 -0.9999
vn -0.0028 0.0364 -0.9993
vn -0.0024 0.0361 -0.9993
vn -0.0020 0.0389 -0.9992
vn -0.0024 0.0391 -0.9992
vn 0.0015 -0.9617 -0.2742
vn 0.0018 -0.9616 -0.2744
vn 0.0017 -0.9617 -0.2742
vn 0.0029 -0.0390 0.9992
vn 0.0024 -0.0390 0.9992
vn 0.0020 -0.0360 0.9993
vn 0.0025 -0.0361 0.9993
vn 0.0234 -0.0940 0.9953
vn 0.0258 -0.0926 0.9954
vn 0.0244 -0.0927 0.9954
vn 0.1467 0.8653 0.4792
vn 0.1072 0.8781 0.4664
vn -0.0273 0.9164 0.3994
vn 0.0517 0.8618 0.5047
vn 0.0095 -0.1147 -0.9934
vn -0.0389 0.9568 0.2882
vn -0.0387 0.9576 0.2856
vn -0.0403 0.9562 0.2901
vn -0.0386 0.9569 0.2877
vn 1.0000 0.0001 0.0088
vn 0.0141 0.9657 0.2594
vn 0.0156 0.9661 0.2578
vn 0.0169 0.9645 0.2636
vn 0.0154 0.9641 0.2652
vn -0.0103 -0.9994 -0.0318
vn 0.9999 0.0075 0.0103
vn 0.9999 0.0091 0.0123
vn 0.9999 0.0097 0.0086
vn -0.0025 0.9616 0.2745
vn -0.0000 -0.9553 -0.2957
vn -0.0002 -0.1619 0.9868
vn 0.0000 -0.1612 0.9869
vn 0.1085 -0.2374 0.9653
vn 0.0000 0.9553 0.2957
vn -0.0157 0.1424 -0.9897
vn 0.0254 0.1383 -0.9901
vn -0.0000 0.1612 -0.9869
vn 1.0000 -0.0000 -0.0000
vn -0.4822 -0.0219 -0.8758
vn -0.9478 0.3024 0.1015
vn 0.0000 0.3304 -0.9439
vn 0.0000 -0.3304 0.9439
vn 0.0307 0.1888 0.9815
vn -0.0114 0.1053 0.9944
vn -0.0422 -0.0748 0.9963
vn -0.0089 0.0065 0.9999
vn -0.0000 -0.0000 -1.0000
vn -0.4985 0.0407 0.8659
vn -0.2470 0.2805 -0.9275
vn 0.9477 0.3024 0.1015
vn -1.0000 0.0000 0.0000
vn -0.2520 0.2440 -0.9364
vn 0.4823 0.0010 0.8760
vn 0.2014 0.9207 0.3344
vn 0.1932 0.9227 0.3337
vn 0.1264 0.9363 0.3277
vn 0.1308 0.9355 0.3283
vn 0.0065 0.7295 -0.6840
vn 0.0000 -0.3303 0.9439
vn -0.0592 0.1628 -0.9849
vn 0.1014 0.2360 -0.9665
vn 0.0387 0.1008 -0.9942
vn -0.0026 0.1013 -0.9949
vn -0.1845 -0.2845 0.9408
vn 0.0022 0.4957 -0.8685
vn 0.0005 0.4944 -0.8692
vn 0.0023 0.4896 -0.8720
vn -0.3915 -0.2664 0.8808
vn 0.0413 0.2608 -0.9645
vn -0.0405 0.2584 -0.9652
vn -0.0201 0.1932 -0.9810
vn 0.0217 0.2021 -0.9791
vn 0.0179 0.1620 -0.9866
vn -0.0040 0.1609 -0.9870
vn -0.1341 0.3274 -0.9353
vn 0.0000 0.3303 -0.9439
vn -0.0240 0.3506 -0.9362
vn 0.0078 0.3567 -0.9342
vn 0.0821 0.3500 -0.9331
vn 0.0525 0.3299 -0.9426
vn 0.4413 -0.5671 -0.6954
vn 0.4411 -0.5673 -0.6954
vn 0.4398 -0.5676 -0.6960
vn 0.4400 -0.5672 -0.6962
vn 0.1794 -0.9537 -0.2414
vn 0.1627 -0.9570 -0.2401
vn -0.1109 -0.9713 -0.2103
vn -0.0960 -0.9724 -0.2127
vn 0.1435 -0.1516 0.9780
vn -0.0026 -0.1618 0.9868
vn -0.1339 -0.3337 0.9331
vn 0.0000 -0.3304 0.9438
vn -0.0168 0.3177 -0.9480
vn -0.0201 0.1931 -0.9810
vn 0.0218 0.2019 -0.9792
vn -0.0688 -0.3181 0.9456
vn -0.0525 -0.3299 0.9426
vn 0.0054 -0.3650 0.9310
vn -0.0078 -0.3567 0.9342
vn 0.4113 0.0000 0.9115
vn 0.0037 -0.9745 -0.2245
vn 0.0000 0.9480 0.3182
vn -0.0069 -0.6254 0.7803
vn -0.1049 0.2287 -0.9678
vn -0.0202 0.0002 -0.9998
vn -0.0135 0.0000 -0.9999
vn -0.0135 -0.0067 -0.9999
vn 0.0209 0.9551 0.2957
vn 0.4113 -0.0000 -0.9115
vn 0.4817 0.0477 0.8750
vn 0.0911 0.4709 0.8775
vn 0.0029 -0.3364 0.9417
vn -0.0000 0.0067 -1.0000
vn 0.0067 -0.0002 -1.0000
vn 0.0240 0.0065 -0.9997
vn 0.0204 0.0062 -0.9998
vn 0.0215 0.0113 -0.9997
vn 0.0230 0.0119 -0.9997
vn -0.2097 -0.8590 -0.4672
vn 0.0173 -0.8814 -0.4721
vn 0.2311 -0.9692 -0.0854
vn -0.0000 -0.9769 -0.2137
vn 0.0548 -0.0259 0.9982
vn -0.0018 -0.0298 0.9996
vn -0.0408 -0.0907 0.9950
vn 0.0027 -0.0887 0.9961
vn -0.1343 0.9218 0.3636
vn 0.0000 0.9321 0.3622
vn 0.0985 0.9747 0.2005
vn -0.0139 0.9796 0.2003
vn -0.0067 -0.8831 -0.4691
vn -0.0063 -0.8847 -0.4661
vn 0.0003 -0.9183 -0.3958
vn -0.0000 -0.9173 -0.3982
vn -0.3622 -0.0000 -0.9321
vn 0.9900 -0.1411 -0.0059
vn 0.9936 -0.1124 -0.0092
vn 0.9947 0.1032 0.0019
vn 0.9971 0.0755 0.0048
vn -0.0232 0.8179 0.5748
vn 0.9932 -0.1065 -0.0479
vn -0.0123 -0.0179 0.9998
vn 0.8510 0.4937 0.1792
vn -0.1680 0.9439 0.2842
vn 0.2212 0.9357 0.2747
vn -0.6209 0.7437 0.2479
vn -0.6188 0.7439 0.2525
vn -0.6185 0.7467 0.2448
vn 0.0149 0.4889 0.8722
vn 0.1646 0.9455 0.2810
vn -0.4065 0.5183 0.7524
vn 0.5542 -0.1453 0.8196
vn 0.5394 0.3164 -0.7804
vn -0.1771 0.5890 -0.7885
vn -0.0486 0.9550 -0.2926
vn -0.0134 0.5912 0.8064
vn 0.0019 0.3724 0.9281
vn 0.0006 0.3754 0.9269
vn -0.0009 0.3702 0.9290
vn 0.0009 0.9554 -0.2953
vn -0.0055 0.8342 -0.5514
vn -0.0042 0.7105 0.7037
vn 0.0148 0.7702 0.6376
vn -0.6453 0.7240 0.2436
vn 0.2704 0.9090 0.3172
vn -0.9951 -0.0458 -0.0881
vn 0.8808 0.4525 0.1394
vn 0.6707 0.7167 0.1913
vn 0.6547 0.7312 0.1915
vn 0.3685 0.9112 0.1844
vn 0.3898 0.9019 0.1861
vn -0.0199 0.7879 0.6155
vn 0.8328 0.5221 0.1841
vn 0.3383 -0.9348 -0.1086
vn 0.3416 -0.9342 -0.1027
vn 0.3558 -0.9285 -0.1063
vn 0.3539 -0.9293 -0.1059
vn -0.3582 0.8777 0.3183
vn 0.1703 0.9430 0.2860
vn -0.6684 0.7040 0.2399
vn -0.0278 0.8260 0.5630
vn 0.5931 0.7872 0.1687
vn -0.0077 0.1876 0.9822
vn 0.9542 0.2977 0.0280
vn -0.0022 0.8005 -0.5994
vn 0.0000 1.0000 0.0000
vn 0.0025 0.3715 0.9284
vn -0.0002 0.3694 0.9293
vn 0.0011 0.3663 0.9305
vn 0.0141 0.1015 0.9947
vn 0.0149 0.8685 -0.4955
vn -0.0181 0.9499 -0.3121
vn -0.0060 0.7442 0.6679
vn 0.0094 0.8153 0.5790
vn -0.6232 0.7404 0.2519
vn -0.6248 0.7406 0.2472
vn -0.6253 0.7374 0.2553
vn 0.2426 0.9172 0.3161
vn -0.9979 0.0000 0.0642
vn 0.9985 0.0135 0.0527
vn 0.9982 0.0231 0.0548
vn 0.9522 0.2807 0.1206
vn 0.9554 0.2705 0.1185
vn -0.0048 0.9435 0.3313
vn 0.8666 0.4779 0.1435
vn 0.0000 0.0000 1.0000
vn -1.0000 -0.0062 -0.0037
vn 0.9972 0.0503 -0.0558
vn 0.9981 0.0346 -0.0513
vn 0.9970 -0.0656 -0.0423
vn 0.9972 -0.0616 -0.0428
vn -0.0227 0.9548 0.2964
vn -0.0239 0.9554 0.2945
vn -0.0247 0.9547 0.2964
vn -0.0210 0.9549 0.2962
vn -0.0892 0.9730 0.2129
vn -0.1750 0.9361 0.3052
vn -0.1094 0.9743 0.1967
vn -0.1085 0.9732 0.2029
vn 0.1213 0.9746 -0.1884
vn -0.0434 0.9969 0.0657
vn -0.1548 0.7715 0.6171
vn -0.0307 0.9257 0.3771
vn -0.3699 0.0000 0.9291
vn -0.0085 0.4886 -0.8725
vn -0.0016 0.4877 -0.8730
vn 0.0002 0.4911 -0.8711
vn 0.0009 0.4889 -0.8724
vn -0.0012 0.5725 0.8199
vn 0.0139 0.5805 0.8142
vn 0.0050 0.6195 0.7849
vn 0.0049 0.6178 0.7863
vn 0.0270 0.9953 0.0932
vn 0.0160 0.9942 0.1062
vn 0.0007 0.9942 0.1075
vn 0.0031 0.9947 0.1032
vn 1.0000 0.0068 0.0066
vn 1.0000 0.0069 0.0069
vn 1.0000 0.0066 0.0064
vn 1.0000 0.0064 0.0065
vn 0.0000 0.9458 0.3248
vn -0.1768 0.0439 -0.9833
vn -0.1762 0.0427 -0.9834
vn -0.1801 0.0384 -0.9829
vn -0.1803 0.0381 -0.9829
vn 0.9999 -0.0062 0.0154
vn 0.9991 -0.0045 0.0417
vn 0.9996 0.0224 0.0164
vn -0.0872 -0.9890 -0.1198
vn -0.0871 -0.9898 -0.1128
vn -0.0988 -0.9888 -0.1122
vn -0.0984 -0.9882 -0.1177
vn 0.0405 0.3688 -0.9286
vn -0.0467 0.3674 -0.9289
vn -0.0019 0.9272 0.3745
vn -0.0017 0.9290 0.3700
vn 0.0023 0.9696 0.2446
vn 0.0022 0.9692 0.2463
vn 0.2397 -0.9673 -0.0829
vn 0.2451 -0.9633 -0.1098
vn 0.3126 -0.9423 -0.1200
vn 0.2822 -0.9537 -0.1040
vn 0.4539 0.5310 0.7155
vn 0.4539 0.5314 0.7153
vn 0.4529 0.5313 0.7160
vn 0.4527 0.5301 0.7170
vn -1.0000 -0.0092 -0.0009
vn -0.9999 -0.0107 -0.0024
vn -0.9999 -0.0105 0.0003
vn 0.4212 -0.0405 0.9061
vn 0.5460 -0.1092 0.8306
vn 0.7531 -0.1350 0.6439
vn 0.6925 -0.0128 0.7213
vn -0.5031 0.5439 0.6717
vn -0.5424 0.5274 0.6539
vn -0.5424 0.5273 0.6540
vn -0.5031 0.5436 0.6719
vn -0.9920 -0.0799 -0.0974
vn -1.0000 -0.0029 -0.0076
vn -1.0000 -0.0030 -0.0076
vn -0.9921 -0.0797 -0.0968
vn 0.9936 -0.0882 -0.0699
vn 0.9937 -0.0881 -0.0699
vn 0.9990 -0.0442 0.0044
vn 0.9995 -0.0183 -0.0273
vn -1.0000 -0.0046 -0.0051
vn -1.0000 -0.0050 -0.0025
vn 0.2654 -0.9559 -0.1260
vn 0.3000 -0.9486 -0.1012
vn 0.2970 -0.9488 -0.1073
vn -0.0316 0.9813 -0.1901
vn 0.0040 0.9689 -0.2473
vn 0.0498 0.9304 -0.3632
vn 0.0018 0.9489 -0.3156
vn -0.1358 -0.3907 0.9104
vn 0.0448 -0.4022 0.9145
vn 0.4310 -0.3281 0.8406
vn 0.2580 -0.3192 0.9119
vn -0.0098 -0.0365 0.9993
vn 0.0095 -0.0333 0.9994
vn 0.0245 -0.0047 0.9997
vn 0.0056 -0.0116 0.9999
vn 0.3349 0.9316 0.1415
vn 0.3124 0.9396 0.1396
vn -0.0682 0.9927 0.0994
vn -0.0463 0.9937 0.1026
vn 0.1025 -0.9575 -0.2696
vn 0.0959 -0.9724 -0.2127
vn 0.0272 -0.9863 -0.1624
vn 0.0332 -0.9748 -0.2207
vn 0.0079 -0.2844 0.9587
vn 0.0070 -0.2894 0.9572
vn 0.0037 -0.3311 0.9436
vn -0.0034 -0.3117 0.9502
vn -0.5723 0.3878 0.7226
vn 0.9149 0.2455 0.3205
vn -0.1021 0.4704 0.8765
vn -0.9141 0.2507 0.3187
vn 0.4844 0.4443 0.7536
vn 0.9938 -0.0738 -0.0833
vn 1.0000 0.0039 0.0070
vn 0.9938 -0.0739 -0.0833
vn -0.6292 0.6494 -0.4272
vn 0.6828 0.7260 -0.0810
vn -0.0038 -0.3360 0.9419
vn -0.0149 -0.3456 0.9383
vn 0.6462 -0.0474 0.7617
vn -0.6124 -0.0642 0.7880
vn 0.0086 -0.2512 0.9679
vn 0.0055 -0.2522 0.9677
vn 0.0276 -0.2713 0.9621
vn 0.4822 -0.0173 0.8759
vn 0.0220 0.9667 0.2550
vn 0.0224 0.9676 0.2514
vn 0.0298 0.9848 0.1711
vn 0.0295 0.9844 0.1734
vn 0.9999 -0.0050 0.0095
vn 0.3915 0.2664 -0.8808
vn -0.0193 0.9553 0.2951
vn -0.0229 0.9550 0.2957
vn -0.0234 0.9548 0.2962
vn -0.4113 0.0000 0.9115
vn 0.9478 0.3024 0.1015
vn -0.4988 -0.0226 0.8664
vn -0.4818 -0.0450 -0.8751
vn -0.0533 0.0222 -0.9983
vn -0.0534 0.0230 -0.9983
vn 0.2470 -0.2805 0.9275
vn -0.9997 0.0235 -0.0095
vn -0.9998 0.0169 -0.0095
vn 0.4819 -0.0377 0.8754
vn -0.4989 0.0088 0.8666
vn -0.0078 0.4838 0.8751
vn -0.0077 0.4859 0.8740
vn -0.0148 0.5247 0.8512
vn -0.0075 0.5157 0.8567
vn -0.0037 0.9745 0.2245
vn -0.4989 0.0086 0.8666
vn 0.0067 -0.0001 -1.0000
vn 0.0146 0.9967 0.0803
vn -0.0000 0.9964 0.0843
vn -0.0084 0.9932 0.1165
vn 0.0014 0.9948 0.1022
vn -0.5078 -0.5677 -0.6480
vn 0.1845 0.2845 -0.9408
vn 0.0176 -0.6299 -0.7765
vn 0.0069 0.6254 -0.7803
vn -0.9991 0.0423 -0.0095
vn 0.9999 -0.0063 0.0155
vn 0.9997 -0.0109 0.0197
vn 0.9999 -0.0108 0.0110
vn 0.0012 0.1611 -0.9869
vn 0.1066 0.2400 -0.9649
vn 0.0156 -0.2927 -0.9561
vn -0.5074 -0.5547 -0.6595
vn -0.0920 -0.9871 -0.1314
vn -0.0948 -0.9895 -0.1090
vn -0.1058 -0.9887 -0.1066
vn -0.0942 -0.9896 -0.1084
vn -0.9997 -0.0243 -0.0095
vn 0.0065 -0.3331 0.9429
vn 0.0285 -0.0855 0.9959
vn 0.0096 -0.0867 0.9962
vn -0.0074 -0.1078 0.9941
vn 0.0113 -0.1064 0.9943
vn 0.4822 -0.0116 0.8760
vn -0.0145 -0.1435 0.9895
vn 0.0270 -0.1404 0.9897
vn 0.4989 -0.0039 -0.8666
vn 0.4973 -0.0022 -0.8676
vn 0.4989 -0.0004 -0.8667
vn 0.4989 -0.0022 -0.8667
vn -0.9998 -0.0155 -0.0095
vn -0.5061 -0.5280 -0.6820
vn 0.0019 0.4844 -0.8748
vn 0.0007 0.4873 -0.8732
vn -0.0015 0.4925 -0.8703
vn 0.0012 0.4942 -0.8693
vn 0.0001 -0.0136 0.9999
vn 0.0251 -0.0641 0.9976
vn -0.0016 -0.0298 0.9996
vn -0.0156 0.2928 0.9561
vn -0.2685 -0.9454 -0.1847
vn -0.2751 -0.9438 -0.1833
vn -0.4609 -0.8756 -0.1444
vn -0.4500 -0.8807 -0.1479
vn -0.0241 0.9549 0.2960
vn -0.0247 0.9550 0.2956
vn -0.0240 0.9546 0.2970
vn -0.0223 0.9550 0.2957
vn -0.0208 0.9551 0.2957
vn -0.0173 0.9554 0.2949
vn -0.0265 0.9455 0.3247
vn 0.4986 0.0327 -0.8662
vn -0.0408 0.9939 0.1026
vn -0.1079 -0.2321 0.9667
vn -0.5516 -0.5865 0.5931
vn 0.0000 0.9947 0.1026
vn 0.0000 -0.8645 0.5027
vn 0.0451 -0.9926 -0.1132
vn 0.0000 -0.9936 -0.1133
vn -0.0138 0.9953 0.0962
vn 0.5190 -0.5280 -0.6722
vn -0.1351 0.7988 -0.5862
vn 0.0369 0.7927 -0.6085
vn 0.1785 0.6460 -0.7422
vn 0.0144 0.6745 -0.7382
vn -0.0802 0.9762 0.2015
vn 0.0000 -0.9329 0.3602
vn 0.0000 0.9947 0.1027
vn 0.0000 0.9717 0.2363
vn 0.0000 0.9794 0.2021
vn -0.4227 -0.8854 -0.1936
vn 0.0000 -0.9223 0.3865
vn -0.0266 0.9815 0.1894
vn 0.0020 -0.9931 -0.1170
vn -0.0057 -0.9932 -0.1164
vn 0.4200 0.5932 0.6869
vn 0.4202 0.5918 0.6879
vn 0.4218 0.5927 0.6862
vn 0.4221 0.5930 0.6858
vn -0.4569 0.8296 0.3210
vn -0.4528 0.8313 0.3223
vn -0.3853 0.8589 0.3375
vn -0.3919 0.8568 0.3351
vn -0.1101 0.9278 0.3564
vn 0.0000 0.7808 0.6248
vn 0.1516 0.9882 -0.0214
vn 0.1952 0.9605 0.1982
vn 0.6864 0.6839 0.2471
vn 0.4863 0.8624 0.1407
vn 0.1498 -0.9608 -0.2332
vn -0.0185 -0.9812 -0.1921
vn 0.0286 0.9868 0.1594
vn -0.0000 0.9860 0.1669
vn -0.0162 0.9734 0.2287
vn 0.0019 0.9794 0.2017
vn -0.9999 0.0040 -0.0111
vn -0.9999 0.0040 -0.0107
vn -0.0167 0.9981 0.0597
vn 0.0098 0.9978 0.0650
vn 0.3391 0.9353 0.1006
vn 0.3198 0.9425 0.0972
vn 0.0000 -0.9977 0.0681
vn -0.0322 -0.9249 0.3789
vn 0.0058 0.9793 0.2021
vn 0.0095 0.0000 -1.0000
vn -0.0002 -0.1623 0.9867
vn 0.1088 -0.2371 0.9654
vn -0.4347 0.8657 0.2481
vn -0.4317 0.8670 0.2490
vn -0.3583 0.8940 0.2691
vn -0.3619 0.8928 0.2681
vn -0.5242 -0.0425 0.8505
vn -0.5303 -0.0381 0.8470
vn -0.5316 -0.0389 0.8461
vn -0.5255 -0.0432 0.8497
vn -0.4989 0.0067 0.8666
vn -0.4989 0.0055 0.8666
vn -0.9945 0.1046 -0.0017
vn -0.9961 0.0871 -0.0138
vn -0.9984 0.0476 -0.0305
vn -0.9978 0.0639 -0.0173
vn 0.0177 0.0152 -0.9997
vn 0.0207 0.0153 -0.9997
vn 0.0204 0.0116 -0.9997
vn 0.0178 0.0102 -0.9998
vn -0.0230 0.9536 0.3002
vn -0.0208 0.9537 0.3001
vn -0.0211 0.9552 0.2951
vn -0.0222 0.9542 0.2982
vn 0.0215 -0.2346 0.9719
vn 0.0019 -0.2529 0.9675
vn -0.0219 -0.2942 0.9555
vn 0.0075 -0.2895 0.9572
vn -0.0159 0.1423 -0.9897
vn 0.0343 0.7855 0.6180
vn 0.0498 -0.9947 0.0899
vn -0.0372 -0.9432 0.3301
vn 0.5099 -0.5441 -0.6663
vn 0.5031 -0.5477 -0.6685
vn 0.5031 -0.5482 -0.6681
vn 0.5098 -0.5446 -0.6660
vn -0.4986 0.0369 0.8661
vn 0.9999 -0.0096 0.0095
vn -0.0665 0.9582 0.2782
vn -0.0349 0.9632 0.2663
vn -0.4822 0.0217 -0.8758
vn 0.1866 -0.9240 -0.3338
vn -0.4979 0.0082 0.8672
vn -0.4989 0.0082 0.8666
vn 0.1106 0.9550 0.2751
vn 0.0057 0.9796 0.2011
vn -0.8935 0.4237 0.1486
vn -0.8988 0.4140 0.1442
vn -0.8944 0.4226 0.1467
vn -0.5077 -0.5639 -0.6514
vn 0.0388 -0.9338 0.3557
vn -0.0030 -0.0346 0.9994
vn -0.0027 -0.0339 0.9994
vn -0.0031 -0.0279 0.9996
vn -0.0034 -0.0289 0.9996
vn 0.5071 0.5481 0.6651
vn -0.5522 0.5408 0.6346
vn -0.5199 0.5558 0.6486
vn -0.5199 0.5559 0.6486
vn 0.4989 -0.0067 -0.8666
vn 0.9999 -0.0000 0.0163
vn 0.4987 -0.0277 -0.8663
vn 0.2973 -0.9161 -0.2691
vn 0.0293 -0.9804 -0.1946
vn -0.5192 -0.8502 -0.0874
vn -0.2784 -0.9347 -0.2209
vn 0.4823 -0.0008 0.8760
vn 0.5052 0.5145 0.6929
vn 0.9999 -0.0102 0.0095
vn 0.4989 0.0017 -0.8667
vn 0.4989 0.0036 -0.8666
vn 0.5004 0.0017 -0.8658
vn -0.8965 0.4232 0.1314
vn -0.8964 0.4216 0.1364
vn -0.8968 0.4225 0.1316
vn -0.9995 0.0181 -0.0276
vn -0.9993 0.0330 -0.0172
vn -0.9993 0.0334 -0.0167
vn 0.4665 -0.5340 -0.7052
vn 0.4662 -0.5341 -0.7053
vn 0.4661 -0.5338 -0.7056
vn 0.0431 0.9918 0.1200
vn 0.0401 0.9938 0.1033
vn -0.0042 0.9954 0.0955
vn 0.9995 0.0304 0.0029
vn 0.9995 0.0305 0.0028
vn 0.9995 0.0299 0.0032
vn 0.3432 0.8842 0.3170
vn 0.4865 0.8617 0.1441
vn 0.6743 0.7224 0.1530
vn 0.6628 0.7334 0.1514
vn -0.4817 0.0493 -0.8750
vn -0.4822 -0.0149 -0.8759
vn -0.5183 0.5145 0.6831
vn 0.9999 -0.0109 0.0112
vn 0.9999 -0.0019 0.0109
vn 0.0120 0.6817 -0.7315
vn -1.0000 -0.0008 -0.0088
vn -0.9921 -0.0835 -0.0932
vn -1.0000 -0.0024 -0.0095
vn 0.9995 0.0287 0.0095
vn 0.4989 0.0144 -0.8666
vn 0.4989 -0.0058 -0.8666
vn -0.4989 0.0043 0.8666
vn -1.0000 -0.0014 -0.0095
vn -1.0000 0.0028 -0.0054
vn -1.0000 0.0028 -0.0095
vn 0.4822 -0.0199 0.8758
vn 0.4989 0.0016 -0.8666
vn 0.4973 0.0016 -0.8676
vn -0.4823 -0.0008 -0.8760
vn 0.9998 -0.0174 0.0095
vn -0.4823 0.0111 -0.8760
vn 0.0187 -0.9805 -0.1959
vn 0.0298 -0.9798 -0.1979
vn 0.1771 -0.9611 -0.2119
vn 0.1684 -0.9630 -0.2106
vn -0.4521 -0.5339 -0.7145
vn -0.4528 -0.5352 -0.7132
vn -0.4534 -0.5353 -0.7126
vn 0.4988 0.0239 -0.8664
vn 0.9990 -0.0440 0.0095
vn 0.4821 0.0242 0.8758
vn -0.4823 0.0055 -0.8760
vn -0.4989 -0.0079 0.8666
vn -0.4823 -0.0111 -0.8760
vn -0.0209 0.9551 0.2957
vn -0.4822 0.0186 -0.8759
vn 0.5201 -0.5663 -0.6394
vn -0.9999 -0.0000 -0.0163
vn -0.3204 0.9044 -0.2817
vn -0.0007 0.9512 -0.3086
vn 0.3132 0.7505 -0.5819
vn -0.0132 0.7969 -0.6039
vn -0.4821 -0.0253 -0.8757
vn 0.9999 -0.0046 0.0095
vn 0.4816 0.0534 0.8748
vn 1.0000 0.0078 0.0025
vn 0.9999 0.0074 0.0112
vn 0.9999 0.0079 0.0106
vn 0.9999 -0.0014 0.0111
vn 0.9999 -0.0059 0.0095
vn -0.0120 -0.6817 0.7315
vn -0.4670 0.5300 0.7078
vn -0.4665 0.5290 0.7089
vn -0.9999 -0.0143 -0.0095
vn -0.9999 0.0112 -0.0095
vn -0.9998 0.0154 -0.0095
vn -0.9998 0.0113 -0.0138
vn -0.9999 0.0039 -0.0132
vn -0.9999 0.0042 -0.0132
vn -0.9999 0.0043 -0.0095
vn 0.0105 0.9552 0.2957
vn -0.4279 -0.5662 -0.7045
vn -0.4276 -0.5662 -0.7047
vn -0.4269 -0.5653 -0.7058
vn -0.4270 -0.5661 -0.7052
vn -0.4986 -0.0340 0.8662
vn 0.9998 0.0163 0.0095
vn 0.0150 -0.1517 0.9883
vn -0.0026 -0.1617 0.9868
vn -0.1339 -0.3342 0.9329
vn 0.5197 -0.5481 -0.6553
vn 0.5382 0.0055 -0.8428
vn 0.5284 0.0068 -0.8490
vn 0.5072 0.0150 -0.8617
vn 0.5168 0.0135 -0.8560
vn 0.4823 0.0002 0.8760
vn -0.4989 -0.0157 0.8665
vn -0.4986 0.0325 0.8662
vn 0.4820 -0.0349 0.8755
vn 0.5077 0.5652 0.6502
vn 0.4988 -0.0188 -0.8665
vn -0.9999 -0.0060 -0.0095
vn -0.0479 0.9936 0.1022
vn -0.0463 0.9937 0.1025
vn -0.0324 0.9943 0.1013
vn -0.0344 0.9938 0.1053
vn 0.5201 -0.5730 -0.6333
vn 0.1441 0.1604 -0.9765
vn -0.0365 0.1375 -0.9898
vn -0.1274 0.3277 -0.9362
vn 0.9994 0.0324 0.0095
vn -0.0202 0.0001 -0.9998
vn 0.4820 0.0332 0.8755
vn 0.4982 -0.0534 -0.8654
vn -0.4970 -0.5473 -0.6734
vn -0.4903 -0.5506 -0.6756
vn -0.4903 -0.5514 -0.6750
vn -0.4970 -0.5480 -0.6728
vn -0.4346 0.5938 0.6771
vn -0.4347 0.5940 0.6770
vn -0.4331 0.5938 0.6781
vn -0.4330 0.5929 0.6790
vn -0.9999 0.0036 -0.0095
vn -0.5195 0.5416 0.6609
vn 0.5298 0.5306 0.6616
vn 0.4902 0.5475 0.6782
vn 0.4902 0.5470 0.6786
vn 0.5298 0.5301 0.6620
vn -0.1124 -0.9884 -0.1020
vn -0.1254 -0.9851 -0.1176
vn -0.1868 -0.9770 -0.1023
vn -0.1822 -0.9778 -0.1034
vn -0.5201 0.5705 0.6356
vn -0.4823 0.0026 -0.8760
vn -0.0196 -0.3223 0.9464
vn -0.0190 -0.1908 0.9814
vn 0.0198 -0.2036 0.9789
vn 0.9995 -0.0314 0.0095
vn 0.0495 0.9902 0.1305
vn 0.0463 0.9937 0.1025
vn 0.0131 0.9969 0.0777
vn -0.0000 -0.9957 -0.0931
vn 0.0026 -0.9942 -0.1076
vn -0.0044 -0.9946 -0.1041
vn -0.0728 0.9272 0.3674
vn -0.0949 0.9735 0.2081
vn -0.2784 0.9571 0.0799
vn -0.2683 0.9385 0.2172
vn -0.9926 0.0643 0.1028
vn -0.9953 0.0361 0.0896
vn -0.9965 -0.0310 0.0776
vn -0.9960 -0.0020 0.0892
vn 0.9993 0.0364 0.0095
vn 0.4989 0.0025 -0.8666
vn 0.5398 0.5382 0.6473
vn 0.5075 0.5533 0.6605
vn 0.5074 0.5534 0.6606
vn -0.9993 0.0346 -0.0167
vn -0.9993 0.0344 -0.0169
vn -0.9987 0.0501 -0.0050
vn 0.9995 0.0307 0.0031
vn 0.9995 0.0309 0.0030
vn 0.9995 0.0308 0.0030
vn -0.0999 0.9757 0.1949
vn -0.1085 0.9732 0.2028
vn -0.1255 0.9716 0.2004
vn -0.1250 0.9717 0.2005
vn -0.0095 0.0000 1.0000
g Stall_2_Stall_2_Collor_Material
usemtl Collor_Material
s off
f 296/1/1 321/2/2 290/3/3 302/4/4
f 310/5/5 304/6/6 339/7/7 309/8/8
f 288/9/9 245/10/10 267/11/11 305/12/12
f 311/13/13 299/14/14 288/15/15 305/16/16
f 311/17/17 305/18/18 306/19/19 312/20/20
f 299/21/21 298/22/22 292/23/23 293/24/24
f 291/25/25 297/26/25 287/27/25
f 304/28/26 310/29/26 290/30/26
f 269/31/27 286/32/27 289/33/27
f 312/34/28 306/35/29 307/36/30 313/37/31
f 290/38/32 310/39/33 319/40/34 302/41/35
f 313/42/36 307/43/37 289/44/38 300/45/39
f 311/46/40 312/47/41 315/48/42 314/49/43
f 291/50/44 287/51/44 285/52/44
f 304/53/45 290/54/45 321/55/45
f 269/56/46 289/57/46 307/58/46
f 297/59/47 291/60/48 292/61/49 298/62/50
f 305/63/51 267/64/52 268/65/53 306/66/54
f 293/67/55 245/68/56 288/69/57 299/70/58
f 314/71/59 298/72/60 299/73/61 311/74/62
f 317/75/63 318/76/64 309/77/65 308/78/66
f 302/79/67 319/80/68 316/81/69 301/82/70
f 308/83/71 309/84/72 339/85/73 303/86/74
f 287/87/75 308/88/75 303/89/75
f 318/90/76 319/91/77 310/92/78 309/93/79
f 287/94/80 297/95/81 317/96/82 308/97/83
f 318/98/84 315/99/85 316/100/86 319/101/87
f 312/102/88 313/103/89 316/104/90 315/105/91
f 302/106/92 301/107/93 295/108/94 296/109/95
f 297/110/96 298/111/97 314/112/98 317/113/99
f 307/114/100 306/115/101 268/116/102 269/117/103
f 317/118/104 314/119/105 315/120/106 318/121/107
f 300/122/108 294/123/109 295/124/110 301/125/111
f 313/126/112 300/127/113 301/128/114 316/129/115
f 289/130/116 286/131/117 294/132/118 300/133/119
f 970/134/120 1032/135/120 1031/136/121 967/137/122
f 812/138/123 970/139/123 967/140/123 809/141/123
f 973/142/124 815/143/125 767/144/126 925/145/127
f 787/146/128 856/147/129 1014/148/130 945/149/131
f 894/150/132 975/151/132 974/152/132 892/153/132
f 789/154/133 792/155/133 841/156/133 840/157/133
f 1041/158/134 900/159/135 742/160/136 883/161/137
f 959/162/138 956/163/138 1001/164/138 1002/165/138
f 858/166/139 793/167/139 796/168/139 859/169/139
f 354/170/140 353/171/141 350/172/142 351/173/143
f 750/174/139 752/175/139 826/176/139 825/177/139
f 1015/178/144 1016/179/144 951/180/144 948/181/144
f 1026/182/144 952/183/144 949/184/144 1025/185/144
f 957/186/145 954/187/145 1017/188/145 1018/189/145
f 784/190/146 855/191/146 856/192/146 787/193/146
f 350/194/147 344/195/148 345/196/149 351/197/150
f 327/198/151 333/199/151 323/200/151
f 342/201/152 348/202/152 326/203/152
f 329/204/153 285/205/153 324/206/153
f 340/207/154 320/208/154 323/209/154
f 341/210/155 347/211/155 348/212/155
f 304/213/156 321/214/157 325/215/158
f 353/216/159 352/217/160 349/218/161 350/219/162
f 324/220/163 285/221/164 287/222/165 303/223/166
f 748/224/167 906/225/168 908/226/169 750/227/170
f 333/228/171 334/229/172 352/230/173 355/231/174
f 941/232/175 944/233/176 1040/234/177 1039/235/178
f 942/236/179 945/237/179 1014/238/179 1013/239/179
f 740/240/180 898/241/181 896/242/182 738/243/183
f 325/244/184 321/245/185 330/246/186 336/247/187
f 815/248/188 875/249/189 866/250/190 767/251/190
f 738/252/191 896/253/192 894/254/193 736/255/194
f 324/256/195 303/257/196 343/258/197 349/259/198
f 882/260/199 786/261/200 783/262/201 881/263/201
f 327/264/202 323/265/202 320/266/202
f 342/267/203 326/268/203 322/269/203
f 329/270/204 324/271/204 335/272/204
f 335/273/205 352/274/205 334/275/205
f 340/276/206 323/277/206 346/278/206
f 341/279/207 348/280/207 342/281/207
f 304/282/208 325/283/209 345/284/210
f 988/285/211 987/286/212 918/287/213 920/288/213
f 347/289/214 341/290/215 340/291/216 346/292/217
f 845/293/218 844/294/219 801/295/220 804/296/221
f 834/297/222 773/298/223 770/299/223 833/300/223
f 744/301/224 821/302/225 822/303/226 746/304/224
f 812/305/227 815/306/228 973/307/229 970/308/230
f 746/309/231 822/310/232 980/311/233 904/312/234
f 831/313/235 764/314/236 762/315/237 830/316/238
f 754/317/239 752/318/239 910/319/239 912/320/239
f 999/321/144 950/322/144 947/323/144 998/324/144
f 929/325/132 1035/326/132 1034/327/132 926/328/132
f 742/329/240 820/330/241 887/331/242 883/332/243
f 894/333/244 896/334/244 976/335/244 975/336/244
f 796/337/245 799/338/245 860/339/245 859/340/245
f 1007/341/246 849/342/247 865/343/248 1023/344/249
f 843/345/250 798/346/250 801/347/250 844/348/250
f 978/349/251 977/350/252 898/351/253 900/352/254
f 1042/353/255 943/354/256 996/355/257 1046/356/258
f 1004/357/259 998/358/259 947/359/259 965/360/259
f 973/361/260 1033/362/261 1032/363/262 970/364/263
f 1012/365/264 939/366/265 1043/367/264 1047/368/266
f 355/369/267 352/370/268 353/371/269 356/372/270
f 1047/373/271 1043/374/272 942/375/273 1013/376/274
f 1016/377/275 1017/378/275 954/379/275 951/380/275
f 1000/381/145 1001/382/145 956/383/145 953/384/145
f 752/385/276 750/386/277 908/387/278 910/388/276
f 325/389/279 336/390/280 351/391/281 345/392/282
f 841/393/139 792/394/139 795/395/139 842/396/139
f 348/397/283 357/398/284 338/399/285 326/400/286
f 338/401/287 337/402/288 331/403/289 332/404/290
f 780/405/291 880/406/292 1038/407/293 938/408/294
f 332/409/295 322/410/296 326/411/297 338/412/298
f 984/413/145 985/414/145 912/415/145 910/416/145
f 1027/417/275 955/418/275 952/419/275 1026/420/275
f 902/421/299 904/422/299 980/423/300 979/424/301
f 892/425/302 734/426/303 736/427/304 894/428/305
f 982/429/144 983/430/144 908/431/144 906/432/144
f 1019/433/138 960/434/138 957/435/138 1018/436/138
f 932/437/306 935/438/306 1037/439/306 1036/440/306
f 345/441/307 344/442/308 339/443/309 304/444/310
f 354/445/311 351/446/312 336/447/313 337/448/314
f 357/449/315 354/450/316 337/451/317 338/452/318
f 996/453/319 943/454/319 946/455/319 997/456/319
f 347/457/320 346/458/321 355/459/322 356/460/323
f 349/461/324 352/462/325 335/463/326 324/464/327
f 908/465/275 983/466/275 984/467/275 910/468/275
f 754/469/245 827/470/245 826/471/245 752/472/245
f 736/473/328 817/474/328 818/475/328 738/476/329
f 888/477/330 838/478/331 785/479/332 884/480/333
f 852/481/334 853/482/335 778/483/334 775/484/336
f 916/485/239 758/486/239 756/487/239 914/488/239
f 966/489/337 1021/490/338 1015/491/339 948/492/340
f 961/493/341 1029/494/342 1030/495/343 964/496/344
f 839/497/345 997/498/345 946/499/345 788/500/345
f 922/501/346 920/502/346 762/503/346 764/504/347
f 750/505/348 825/506/348 824/507/348 748/508/348
f 776/509/349 835/510/350 836/511/351 779/512/352
f 354/513/353 357/514/354 356/515/355 353/516/356
f 815/517/357 812/518/358 874/519/359 875/520/360
f 869/521/139 868/522/139 794/523/139 797/524/139
f 1028/525/145 958/526/145 955/527/145 1027/528/145
f 806/529/361 964/530/362 1030/531/363 872/532/363
f 760/533/364 762/534/365 920/535/365 918/536/366
f 832/537/367 765/538/368 813/539/369 848/540/367
f 890/541/370 892/542/371 974/543/372 981/544/373
f 959/545/374 1002/546/375 1003/547/376 962/548/377
f 892/549/378 890/550/379 732/551/380 734/552/381
f 803/553/382 806/554/383 872/555/384 871/556/385
f 837/557/386 888/558/387 884/559/388 782/560/389
f 836/561/390 837/562/390 782/563/390 779/564/390
f 1040/565/391 944/566/392 786/567/393 882/568/394
f 1011/569/395 936/570/396 939/571/397 1012/572/398
f 883/573/399 887/574/400 821/575/401 744/576/402
f 923/577/403 928/578/404 991/579/405 990/580/406
f 940/581/407 1042/582/408 1046/583/409 995/584/410
f 1019/585/411 1020/586/412 963/587/413 960/588/414
f 1041/589/415 883/590/416 744/591/417 902/592/418
f 811/593/419 864/594/420 1022/595/421 969/596/422
f 866/597/423 876/598/424 768/599/425 767/600/426
f 742/601/427 900/602/428 898/603/428 740/604/429
f 349/605/430 343/606/431 344/607/432 350/608/433
f 838/609/434 839/610/435 788/611/435 785/612/436
f 918/613/437 987/614/438 982/615/439 906/616/440
f 990/617/441 1006/618/442 971/619/443 923/620/444
f 1041/621/445 902/622/446 979/623/447 1045/624/448
f 814/625/449 972/626/450 1023/627/451 865/628/452
f 896/629/453 898/630/453 977/631/454 976/632/455
f 885/633/456 781/634/457 854/635/458 889/636/459
f 1010/637/460 933/638/460 936/639/461 1011/640/461
f 851/641/462 852/642/462 775/643/462 772/644/462
f 760/645/463 748/646/464 824/647/465 829/648/466
f 877/649/467 878/650/467 774/651/467 771/652/467
f 918/653/468 906/654/469 748/655/470 760/656/471
f 766/657/472 865/658/473 849/659/474
f 1024/660/475 1033/661/476 973/662/477 925/663/475
f 876/664/478 877/665/479 771/666/478 768/667/478
f 843/668/245 842/669/245 795/670/245 798/671/245
f 802/672/480 861/673/480 860/674/480 799/675/480
f 853/676/481 854/677/482 781/678/483 778/679/484
f 756/680/239 754/681/239 912/682/239 914/683/239
f 333/684/485 327/685/486 328/686/487 334/687/488
f 981/688/489 989/689/490 922/690/491 890/691/492
f 873/692/493 809/693/494 791/694/495 867/695/496
f 904/696/497 902/697/498 744/698/499 746/699/497
f 994/700/500 993/701/500 934/702/500 937/703/500
f 1006/704/501 1005/705/502 968/706/503 971/707/504
f 850/708/505 851/709/505 772/710/505 769/711/505
f 926/712/506 1034/713/507 1024/714/508 925/715/509
f 864/716/510 863/717/511 1021/718/512 1022/719/513
f 1045/720/514 978/721/515 900/722/516 1041/723/517
f 834/724/518 835/725/518 776/726/518 773/727/518
f 758/728/519 828/729/519 756/730/519
f 953/731/275 950/732/275 999/733/275 1000/734/275
f 817/735/520 736/736/520 734/737/520 816/738/520
f 1007/739/521 924/740/522 1008/741/523 925/742/524
f 812/743/525 809/744/526 873/745/527 874/746/528
f 863/747/529 808/748/530 790/749/531 857/750/532
f 845/751/533 804/752/534 962/753/535 1003/754/535
f 868/755/133 867/756/133 791/757/133 794/758/133
f 912/759/138 985/760/138 986/761/138 914/762/138
f 808/763/536 864/764/537 811/765/538
f 879/766/539 777/767/539 774/768/539 878/769/539
f 793/770/348 858/771/348 857/772/348 790/773/348
f 732/774/540 890/775/541 922/776/542 764/777/543
f 800/778/544 870/779/544 869/780/544 797/781/544
f 1037/782/545 935/783/546 938/784/547 1038/785/548
f 738/786/549 818/787/550 819/788/551 740/789/552
f 756/790/553 828/791/553 827/792/553 754/793/553
f 993/794/244 992/795/244 931/796/244 934/797/244
f 810/798/554 847/799/555 848/800/556 813/801/557
f 343/802/558 303/803/559 339/804/560 344/805/561
f 846/806/562 807/807/563 789/808/564 840/809/565
f 828/810/566 758/811/567 916/812/568 986/813/569
f 924/814/570 1023/815/571 972/816/572
f 879/817/573 880/818/573 780/819/574 777/820/575
f 929/821/244 932/822/244 1036/823/244 1035/824/244
f 336/825/576 330/826/577 331/827/578 337/828/579
f 762/829/580 760/830/581 829/831/582 830/832/583
f 930/833/244 933/834/244 1010/835/244 1009/836/244
f 1031/837/584 1025/838/585 949/839/586 967/840/587
f 1028/841/588 1029/842/588 961/843/589 958/844/590
f 916/845/591 914/846/591 986/847/591
f 994/848/592 937/849/592 940/850/592 995/851/592
f 1022/852/593 966/853/594 969/854/595
f 930/855/132 1009/856/132 1008/857/132 927/858/132
f 889/859/596 855/860/597 784/861/598 885/862/598
f 335/863/599 334/864/600 328/865/601 329/866/602
f 355/867/603 346/868/604 323/869/605 333/870/606
f 846/871/607 847/872/607 810/873/607 807/874/607
f 805/875/608 963/876/609 1020/877/610 862/878/611
f 820/879/612 742/880/613 740/881/614 819/882/615
f 871/883/616 870/884/616 800/885/617 803/886/618
f 783/887/619 941/888/619 1039/889/619 881/890/619
f 348/891/620 347/892/621 356/893/622 357/894/623
f 992/895/132 991/896/132 928/897/132 931/898/132
f 965/899/624 968/900/624 1005/901/624 1004/902/624
f 732/903/625 823/904/626 816/905/627 734/906/628
f 764/907/629 831/908/630 823/909/631 732/910/632
f 989/911/633 988/912/634 920/913/635 922/914/636
f 833/915/637 770/916/638 765/917/639 832/918/640
f 861/919/641 802/920/642 805/921/643 862/922/644
f 766/923/645 814/924/646 865/925/647
f 850/926/648 769/927/649 766/928/650
f 808/929/651 863/930/652 864/931/653
f 924/932/654 1007/933/655 1023/934/656
f 924/935/657 927/936/658 1008/937/659
f 1022/938/660 1021/939/661 966/940/662
f 739/941/663 878/942/663 877/943/663 737/944/663
f 270/945/664 264/946/665 265/947/666 271/948/667
f 783/949/668 786/950/669 856/951/670 855/952/670
f 825/953/139 826/954/139 795/955/139 792/956/139
f 1035/957/244 1036/958/244 897/959/244 895/960/244
f 858/961/133 794/962/133 791/963/133 857/964/133
f 929/965/244 1009/966/244 1010/967/244 932/968/244
f 949/969/144 952/970/144 1016/971/144 1015/972/144
f 250/973/671 247/974/672 255/975/673 261/976/674
f 880/977/675 881/978/675 1039/979/675 1038/980/675
f 958/981/676 961/982/677 1019/983/138 1018/984/138
f 911/985/145 913/986/145 1028/987/145 1027/988/145
f 249/989/678 260/990/679 254/991/680 246/992/681
f 251/993/682 263/994/683 257/995/684 286/996/685
f 1032/997/686 919/998/687 917/999/688 1031/1000/689
f 282/1001/690 258/1002/691 259/1003/692 279/1004/693
f 814/1005/694 848/1006/694 847/1007/695 811/1008/696
f 828/1009/697 986/1010/698 962/1011/699 804/1012/700
f 849/1013/701 767/1014/701 850/1015/702 766/1016/703
f 273/1017/704 248/1018/705 258/1019/706 282/1020/707
f 743/1021/708 745/1022/708 881/1023/709 880/1024/708
f 261/1025/710 255/1026/711 256/1027/712 262/1028/713
f 272/1029/714 271/1030/715 265/1031/716 266/1032/717
f 269/1033/718 275/1034/719 251/1035/720
f 267/1036/721 245/1037/721 248/1038/721
f 266/1039/722 247/1040/722 250/1041/722
f 924/1042/723 972/1043/724 1006/1044/725 990/1045/726
f 749/1046/727 751/1047/728 909/1048/729 907/1049/727
f 275/1050/730 274/1051/731 283/1052/732 284/1053/733
f 251/1054/734 275/1055/735 284/1056/736 263/1057/737
f 745/1058/738 747/1059/738 882/1060/739 881/1061/740
f 1040/1062/741 905/1063/741 903/1064/741 1039/1065/742
f 757/1066/743 872/1067/744 1030/1068/745 915/1069/746
f 743/1070/747 901/1071/748 903/1072/749 745/1073/750
f 844/1074/751 845/1075/752 805/1076/753 802/1077/753
f 248/1078/754 252/1079/754 258/1080/754
f 275/1081/755 268/1082/755 274/1083/755
f 274/1084/756 268/1085/757 267/1086/758 273/1087/759
f 737/1088/760 735/1089/761 893/1090/762 895/1091/763
f 901/1092/764 1038/1093/765 1039/1094/766 903/1095/764
f 279/1096/767 276/1097/768 277/1098/769 280/1099/770
f 733/1100/771 891/1101/772 893/1102/773 735/1103/774
f 739/1104/775 737/1105/776 895/1106/775 897/1107/777
f 264/1108/778 249/1109/778 246/1110/778
f 269/1111/779 251/1112/779 286/1113/779
f 277/1114/780 271/1115/781 272/1116/782 278/1117/783
f 249/1118/784 276/1119/784 260/1120/784
f 267/1121/785 248/1122/785 273/1123/785
f 266/1124/786 250/1125/786 272/1126/786
f 278/1127/787 261/1128/788 262/1129/789 281/1130/790
f 249/1131/791 264/1132/792 270/1133/793 276/1134/794
f 1012/1135/795 1047/1136/795 1044/1137/796 938/1138/795
f 1044/1139/797 886/1140/797 780/1141/798 938/1142/799
f 263/1143/800 262/1144/801 256/1145/802 257/1146/803
f 270/1147/804 271/1148/805 277/1149/806 276/1150/807
f 886/1151/808 783/1152/809 855/1153/809 889/1154/809
f 1014/1155/810 944/1156/811 941/1157/812 1013/1158/813
f 1011/1159/814 1012/1160/814 938/1161/815 935/1162/815
f 851/1163/816 850/1164/816 768/1165/816 771/1166/816
f 863/1167/817 857/1168/818 791/1169/819 809/1170/820
f 1024/1171/821 891/1172/822 921/1173/823 1033/1174/824
f 848/1175/825 814/1176/826 766/1177/827 832/1178/828
f 975/1179/244 976/1180/244 934/1181/244 931/1182/244
f 984/1183/275 983/1184/275 950/1185/275 953/1186/275
f 940/1187/829 978/1188/830 1045/1189/831 1042/1190/832
f 873/1191/833 759/1192/834 761/1193/835 874/1194/836
f 1042/1195/837 1045/1196/838 979/1197/839 943/1198/840
f 1044/1199/841 941/1200/841 783/1201/841 886/1202/841
f 743/1203/842 741/1204/843 899/1205/844 901/1206/845
f 1035/1207/132 895/1208/132 893/1209/132 1034/1210/132
f 259/1211/846 260/1212/847 276/1213/848 279/1214/849
f 780/1215/850 854/1216/851 853/1217/852 777/1218/853
f 258/1219/854 252/1220/855 253/1221/856 259/1222/857
f 248/1223/858 245/1224/858 252/1225/858
f 275/1226/859 269/1227/860 268/1228/861
f 253/1229/862 254/1230/863 260/1231/864 259/1232/865
f 757/1233/866 915/1234/866 913/1235/866 755/1236/866
f 991/1237/132 992/1238/132 930/1239/132 927/1240/132
f 283/1241/867 280/1242/868 281/1243/869 284/1244/870
f 282/1245/871 279/1246/872 280/1247/873 283/1248/874
f 972/1249/875 969/1250/876 1005/1251/877 1006/1252/878
f 794/1253/139 858/1254/139 859/1255/139 797/1256/139
f 960/1257/138 1002/1258/138 1001/1259/138 957/1260/138
f 947/1261/144 950/1262/144 983/1263/144 982/1264/144
f 741/1265/879 739/1266/880 897/1267/881 899/1268/882
f 847/1269/883 846/1270/884 808/1271/885 811/1272/885
f 886/1273/886 889/1274/887 854/1275/887 780/1276/887
f 1013/1277/888 941/1278/889 1044/1279/890 1047/1280/891
f 1020/1281/892 1019/1282/893 961/1283/894 964/1284/895
f 786/1285/896 944/1286/896 1014/1287/896 856/1288/896
f 1017/1289/145 955/1290/145 958/1291/145 1018/1292/145
f 278/1293/897 272/1294/898 250/1295/899 261/1296/900
f 844/1297/901 802/1298/902 799/1299/901 843/1300/901
f 1007/1301/903 925/1302/904 767/1303/905 849/1304/906
f 909/1305/907 751/1306/908 753/1307/775 911/1308/775
f 796/1309/139 793/1310/139 841/1311/139 842/1312/139
f 773/1313/909 817/1314/909 816/1315/909 770/1316/909
f 827/1317/910 828/1318/910 801/1319/910 798/1320/910
f 263/1321/911 284/1322/912 281/1323/913 262/1324/914
f 913/1325/915 915/1326/916 1029/1327/917 1028/1328/918
f 765/1329/919 823/1330/920 831/1331/921 813/1332/922
f 759/1333/923 749/1334/924 907/1335/925 917/1336/926
f 763/1337/927 921/1338/928 891/1339/929 733/1340/930
f 830/1341/931 829/1342/932 807/1343/933 810/1344/934
f 1002/1345/935 960/1346/936 963/1347/937 1003/1348/938
f 972/1349/939 814/1350/939 811/1351/939 969/1352/939
f 761/1353/940 919/1354/940 921/1355/941 763/1356/942
f 989/1357/943 981/1358/944 923/1359/945 971/1360/946
f 1020/1361/947 964/1362/948 806/1363/949 862/1364/950
f 781/1365/951 885/1366/952 888/1367/953 837/1368/954
f 990/1369/955 991/1370/956 927/1371/957 924/1372/958
f 905/1373/959 747/1374/959 745/1375/960 903/1376/961
f 981/1377/962 974/1378/963 928/1379/964 923/1380/965
f 819/1381/966 779/1382/966 782/1383/966 820/1384/966
f 968/1385/967 965/1386/967 987/1387/968 988/1388/968
f 988/1389/969 989/1390/970 971/1391/971 968/1392/969
f 787/1393/972 839/1394/972 838/1395/972 784/1396/972
f 901/1397/973 899/1398/974 1037/1399/975 1038/1400/976
f 836/1401/977 835/1402/978 775/1403/979 778/1404/980
f 993/1405/981 994/1406/981 936/1407/981 933/1408/982
f 840/1409/983 790/1410/984 808/1411/985 846/1412/985
f 977/1413/986 978/1414/987 940/1415/988 937/1416/989
f 879/1417/990 741/1418/991 743/1419/992 880/1420/993
f 830/1421/994 810/1422/995 813/1423/996 831/1424/997
f 778/1425/998 781/1426/998 837/1427/998 836/1428/998
f 987/1429/999 965/1430/999 947/1431/999 982/1432/1000
f 967/1433/1001 1021/1434/1001 863/1435/1001 809/1436/1001
f 757/1437/1002 871/1438/1002 872/1439/1002
f 870/1440/1003 755/1441/1003 753/1442/1003 869/1443/1003
f 772/1444/1004 834/1445/1005 833/1446/1004 769/1447/1004
f 953/1448/145 956/1449/145 985/1450/145 984/1451/145
f 860/1452/1006 800/1453/1006 797/1454/1006 859/1455/1006
f 1021/1456/1007 967/1457/1007 949/1458/1007 1015/1459/1007
f 932/1460/1008 1010/1461/1008 1011/1462/1008 935/1463/1008
f 755/1464/1009 870/1465/1009 871/1466/1010 757/1467/1011
f 817/1468/1012 773/1469/1012 776/1470/1013 818/1471/1012
f 771/1472/1014 774/1473/1014 852/1474/1014 851/1475/1014
f 878/1476/1015 739/1477/1015 741/1478/1015 879/1479/1015
f 772/1480/1016 775/1481/1016 835/1482/1016 834/1483/1016
f 891/1484/1017 1024/1485/1018 1034/1486/1019 893/1487/1020
f 822/1488/1021 788/1489/1022 946/1490/1023 980/1491/1024
f 867/1492/348 868/1493/348 751/1494/348 749/1495/348
f 917/1496/1025 907/1497/1026 1025/1498/1027 1031/1499/1028
f 1033/1500/1029 921/1501/1030 919/1502/1031 1032/1503/1032
f 1003/1504/1033 963/1505/1034 805/1506/1035 845/1507/1035
f 735/1508/1036 737/1509/1036 877/1510/1037 876/1511/1036
f 998/1512/1038 1004/1513/1038 966/1514/1039 948/1515/1040
f 825/1516/133 792/1517/133 789/1518/133 824/1519/133
f 933/1520/244 930/1521/244 992/1522/244 993/1523/244
f 821/1524/1041 785/1525/1042 788/1526/1042 822/1527/1043
f 829/1528/1044 824/1529/1045 789/1530/1046 807/1531/1047
f 803/1532/1048 861/1533/1049 862/1534/1050 806/1535/1051
f 840/1536/348 841/1537/348 793/1538/348 790/1539/348
f 1017/1540/275 1016/1541/275 952/1542/275 955/1543/275
f 761/1544/1052 763/1545/1053 875/1546/1054 874/1547/1055
f 1026/1548/275 909/1549/275 911/1550/275 1027/1551/275
f 801/1552/1056 828/1553/1056 804/1554/1056
f 747/1555/1057 905/1556/1057 1040/1557/1058 882/1558/1057
f 860/1559/1059 861/1560/1059 803/1561/1060 800/1562/1061
f 1043/1563/1062 1046/1564/1063 996/1565/1064 942/1566/1065
f 827/1567/245 798/1568/245 795/1569/245 826/1570/245
f 885/1571/1066 784/1572/1067 838/1573/1068 888/1574/1069
f 785/1575/1070 821/1576/1071 887/1577/1072 884/1578/1073
f 996/1579/1074 997/1580/1075 945/1581/1076 942/1582/1077
f 928/1583/132 974/1584/132 975/1585/132 931/1586/132
f 774/1587/1078 777/1588/1078 853/1589/1078 852/1590/1078
f 1036/1591/306 1037/1592/306 899/1593/306 897/1594/306
f 936/1595/1079 994/1596/1080 995/1597/1081 939/1598/1081
f 839/1599/1082 787/1600/1082 945/1601/1082 997/1602/1082
f 915/1603/1083 1030/1604/1083 1029/1605/1083
f 274/1606/1084 273/1607/1085 282/1608/1086 283/1609/1087
f 842/1610/245 843/1611/245 799/1612/245 796/1613/245
f 959/1614/138 986/1615/138 985/1616/138 956/1617/138
f 868/1618/139 869/1619/139 753/1620/139 751/1621/139
f 867/1622/1088 749/1623/1089 759/1624/1090 873/1625/1091
f 1046/1626/1092 1043/1627/1093 939/1628/1094 995/1629/1095
f 1000/1630/145 954/1631/145 957/1632/145 1001/1633/145
f 1009/1634/132 929/1635/132 926/1636/132 1008/1637/132
f 733/1638/1096 735/1639/1097 876/1640/1098 866/1641/1099
f 769/1642/1100 833/1643/1101 832/1644/1102 766/1645/1103
f 884/1646/1104 887/1647/1105 820/1648/1106 782/1649/1107
f 779/1650/1108 819/1651/1109 818/1652/1110 776/1653/1111
f 925/1654/1112 1008/1655/1113 926/1656/1114
f 977/1657/1115 937/1658/1116 934/1659/1117 976/1660/1118
f 979/1661/1119 980/1662/1120 946/1663/1121 943/1664/1121
f 281/1665/1122 280/1666/1123 277/1667/1124 278/1668/1125
f 909/1669/144 1026/1670/144 1025/1671/144 907/1672/144
f 959/1673/1126 962/1674/1126 986/1675/1126
f 866/1676/1127 875/1677/1128 763/1678/1129 733/1679/1130
f 911/1680/1131 753/1681/1131 755/1682/1131 913/1683/1131
f 823/1684/1132 765/1685/1133 770/1686/1134 816/1687/1135
f 999/1688/144 998/1689/144 948/1690/144 951/1691/144
f 951/1692/275 954/1693/275 1000/1694/275 999/1695/275
f 969/1696/1136 966/1697/1136 1004/1698/1136 1005/1699/1136
f 919/1700/1137 761/1701/1137 759/1702/1138 917/1703/1139
f 767/1704/1140 768/1705/1140 850/1706/1140
f 8/1707/1141 2/1708/1141 69/1709/1141 97/1710/1141
f 104/1711/1142 24/1712/1143 62/1713/1143 145/1714/1144
f 364/1715/1145 81/1716/1145 17/1717/1145
f 84/1718/1146 126/1719/1147 58/1720/1148 18/1721/1148
f 15/1722/1149 23/1723/1149 21/1724/1149 7/1725/1149
f 717/1726/1150 712/1727/1150 568/1728/1150 578/1729/1150
f 238/1730/1151 240/1731/1151 231/1732/1151 229/1733/1151
f 12/1734/1152 54/1735/1152 53/1736/1152
f 115/1737/1153 37/1738/1153 156/1739/1153
f 178/1740/1154 200/1741/1155 201/1742/1156 188/1743/1157
f 490/1744/1158 489/1745/1158 483/1746/1158 484/1747/1158
f 658/1748/1159 672/1749/1159 671/1750/1159 656/1751/1159
f 493/1752/1158 385/1753/1158 380/1754/1158 479/1755/1158
f 26/1756/1153 64/1757/1153 28/1758/1153
f 5/1759/1160 46/1760/1160 13/1761/1160
f 109/1762/1153 64/1763/1153 150/1764/1153
f 237/1765/1161 233/1766/1161 234/1767/1161 239/1768/1161
f 724/1769/144 726/1770/144 730/1771/144 728/1772/144
f 99/1773/1152 59/1774/1152 140/1775/1152
f 10/1776/1162 22/1777/1162 24/1778/1162 18/1779/1162
f 105/1780/1153 41/1781/1153 146/1782/1153
f 477/1783/1158 478/1784/1158 481/1785/1158 482/1786/1158
f 7/1787/1152 50/1788/1152 15/1789/1152
f 26/1790/1162 28/1791/1162 19/1792/1162 11/1793/1162
f 96/1794/1152 57/1795/1152 138/1796/1152
f 91/1797/1141 5/1798/1141 29/1799/1141 110/1800/1141
f 8/1801/1163 52/1802/1163 16/1803/1163
f 605/1804/1164 600/1805/1164 601/1806/1164 606/1807/1164
f 94/1808/1152 55/1809/1152 136/1810/1152
f 11/1811/1141 94/1812/1141 106/1813/1141 26/1814/1141
f 4/1815/1158 373/1816/1158 372/1817/1158
f 29/1818/1153 47/1819/1153 39/1820/1153
f 213/1821/1165 212/1822/1166 169/1823/1167 170/1824/1168
f 51/1825/1149 52/1826/1149 44/1827/1149 43/1828/1149
f 59/1829/1162 60/1830/1162 62/1831/1162 61/1832/1162
f 150/1833/1145 64/1834/1145 58/1835/1145 126/1836/1145
f 148/1837/1145 149/1838/1145 125/1839/1145 124/1840/1145
f 49/1841/1149 50/1842/1149 42/1843/1149 41/1844/1149
f 584/1845/1169 582/1846/1169 581/1847/1169 585/1848/1169
f 55/1849/1162 56/1850/1162 66/1851/1162 65/1852/1162
f 40/1853/1149 39/1854/1149 47/1855/1149 48/1856/1149
f 11/1857/1152 56/1858/1152 55/1859/1152
f 10/1860/1152 58/1861/1152 57/1862/1152
f 100/1863/1170 43/1864/1170 141/1865/1170
f 120/1866/1153 68/1867/1153 160/1868/1153
f 17/1869/1152 59/1870/1152 9/1871/1152
f 52/1872/1171 121/1873/1172 79/1874/1173 16/1875/1174
f 22/1876/1175 62/1877/1175 24/1878/1175
f 82/1879/1152 50/1880/1152 124/1881/1152
f 110/1882/1153 39/1883/1153 151/1884/1153
f 23/1885/1153 43/1886/1153 21/1887/1153
f 85/1888/1152 48/1889/1152 127/1890/1152
f 8/1891/1149 16/1892/1149 371/1893/1149 2/1894/1149
f 161/1895/1176 166/1896/1176 195/1897/1177 193/1898/1178
f 30/1899/1179 66/1900/1179 32/1901/1179
f 550/1902/1149 530/1903/1149 452/1904/1149 472/1905/1149
f 83/1906/1180 125/1907/1181 126/1908/1182 84/1909/1183
f 89/1910/1184 88/1911/1185 130/1912/1186 131/1913/1187
f 14/1914/1188 6/1915/1189 40/1916/1190 48/1917/1191
f 87/1918/1152 56/1919/1152 19/1920/1152
f 622/1921/1192 629/1922/1193 628/1923/1194 627/1924/1195
f 119/1925/1153 120/1926/1153 160/1927/1153 159/1928/1153
f 526/1929/1196 550/1930/1197 472/1931/1198 409/1932/1199
f 103/1933/1200 104/1934/1201 145/1935/1202 144/1936/1203
f 108/1937/1153 149/1938/1153 148/1939/1153 107/1940/1153
f 81/1941/1187 60/1942/1187 17/1943/1187
f 89/1944/1204 131/1945/1187 132/1946/1205 90/1947/1206
f 102/1948/1153 51/1949/1153 23/1950/1153
f 86/1951/1152 85/1952/1152 127/1953/1152 128/1954/1152
f 27/1955/1207 49/1956/1208 41/1957/1209 25/1958/1210
f 118/1959/1153 45/1960/1153 36/1961/1153
f 108/1962/1153 109/1963/1153 150/1964/1153 149/1965/1153
f 86/1966/1152 128/1967/1152 129/1968/1152 87/1969/1152
f 101/1970/1153 61/1971/1153 22/1972/1153
f 160/1973/1145 132/1974/1145 131/1975/1145 159/1976/1145
f 472/1977/1211 452/1978/1211 389/1979/1211 409/1980/1211
f 155/1981/1145 129/1982/1145 128/1983/1145 154/1984/1145
f 143/1985/1145 144/1986/1145 122/1987/1145 121/1988/1145
f 154/1989/1145 128/1990/1145 127/1991/1145 153/1992/1145
f 560/1993/1212 558/1994/1212 559/1995/1212 561/1996/1212
f 21/1997/1141 100/1998/1141 95/1999/1141 7/2000/1141
f 61/2001/1141 142/2002/1141 140/2003/1141 59/2004/1141
f 158/2005/1145 130/2006/1145 46/2007/1145 45/2008/1145
f 151/2009/1141 39/2010/1141 40/2011/1141 135/2012/1141
f 236/2013/1213 232/2014/1213 230/2015/1213 235/2016/1213
f 91/2017/1152 38/2018/1152 5/2019/1152
f 378/2020/1158 477/2021/1158 482/2022/1158 421/2023/1158
f 98/2024/1141 70/2025/1141 71/2026/1141 99/2027/1141
f 93/2028/1187 40/2029/1187 6/2030/1187
f 95/2031/1152 42/2032/1152 7/2033/1152
f 106/2034/1153 63/2035/1153 26/2036/1153
f 97/2037/1152 44/2038/1152 8/2039/1152
f 88/2040/1145 112/2041/1145 31/2042/1145 13/2043/1145
f 107/2044/1214 49/2045/1214 27/2046/1214
f 80/2047/1215 122/2048/1152 123/2049/1152 81/2050/1152
f 74/2051/1158 78/2052/1158 377/2053/1158 1/2054/1158
f 506/2055/1216 395/2056/1217 405/2057/1217 504/2058/1218
f 104/2059/1219 103/2060/1219 83/2061/1219 84/2062/1219
f 12/2063/1162 30/2064/1162 32/2065/1162 20/2066/1162
f 462/2067/1211 399/2068/1211 386/2069/1211 449/2070/1211
f 82/2071/1145 83/2072/1145 103/2073/1145 102/2074/1145
f 450/2075/1220 387/2076/1220 398/2077/1220 461/2078/1220
f 572/2079/1221 714/2080/1221 715/2081/1221 574/2082/1221
f 115/2083/1141 116/2084/1141 73/2085/1141 74/2086/1141
f 359/2087/1222 360/2088/1222 361/2089/1222
f 70/2090/1223 361/2091/1153 360/2092/1153
f 117/2093/1153 67/2094/1153 33/2095/1153
f 3/2096/1162 363/2097/1162 362/2098/1162
f 98/2099/1141 97/2100/1141 69/2101/1141 70/2102/1141
f 22/2103/1141 10/2104/1141 96/2105/1141 101/2106/1141
f 25/2107/1141 105/2108/1141 93/2109/1141 6/2110/1141
f 1/2111/1149 376/2112/1149 375/2113/1149
f 505/2114/1158 506/2115/1224 504/2116/1225 503/2117/1158
f 72/2118/1141 73/2119/1141 116/2120/1141 117/2121/1141
f 222/2122/1226 192/2123/1227 184/2124/1228 221/2125/1229
f 510/2126/1230 509/2127/1231 493/2128/1232 494/2129/1233
f 437/2130/1149 426/2131/1149 415/2132/1149 416/2133/1149
f 217/2134/1234 225/2135/1235 226/2136/1236 218/2137/1237
f 498/2138/1238 497/2139/1239 486/2140/1240 485/2141/1241
f 493/2142/1242 509/2143/1243 407/2144/1244 385/2145/1245
f 393/2146/1246 407/2147/1246 470/2148/1246 456/2149/1246
f 210/2150/1247 209/2151/1248 177/2152/1249 187/2153/1250
f 168/2154/1251 197/2155/1251 200/2156/1251
f 209/2157/1252 210/2158/1252 190/2159/1252
f 201/2160/1253 204/2161/1253 188/2162/1253
f 212/2163/1254 211/2164/1254 164/2165/1254
f 165/2166/1255 213/2167/1255 214/2168/1255
f 172/2169/1256 207/2170/1256 208/2171/1256
f 171/2172/1257 206/2173/1258 207/2174/1259
f 169/2175/1260 218/2176/1260 219/2177/1260
f 166/2178/1261 212/2179/1261 213/2180/1261
f 173/2181/1262 175/2182/1262 174/2183/1262
f 176/2184/1263 178/2185/1263 177/2186/1263
f 179/2187/1264 181/2188/1264 180/2189/1264
f 182/2190/1265 184/2191/1265 183/2192/1265
f 220/2193/1266 221/2194/1266 184/2195/1266
f 199/2196/1267 174/2197/1267 175/2198/1267
f 200/2199/1268 199/2200/1269 202/2201/1270
f 166/2202/1271 165/2203/1271 198/2204/1271
f 195/2205/1272 198/2206/1272 197/2207/1272
f 198/2208/1273 165/2209/1273 174/2210/1273
f 197/2211/1274 198/2212/1274 199/2213/1274
f 167/2214/1275 168/2215/1275 207/2216/1275
f 168/2217/1276 176/2218/1276 208/2219/1276
f 170/2220/1277 182/2221/1277 214/2222/1277
f 166/2223/1278 161/2224/1278 211/2225/1278
f 517/2226/1279 541/2227/1280 463/2228/1281 400/2229/1282
f 111/2230/1153 152/2231/1153 65/2232/1153 30/2233/1153
f 168/2234/1283 200/2235/1283 176/2236/1283
f 212/2237/1284 164/2238/1284 169/2239/1284
f 520/2240/1285 544/2241/1286 466/2242/1287 403/2243/1288
f 165/2244/1289 214/2245/1289 174/2246/1289
f 172/2247/1290 208/2248/1290 179/2249/1290
f 171/2250/1291 207/2251/1291 172/2252/1291
f 169/2253/1292 219/2254/1292 170/2255/1292
f 166/2256/1293 213/2257/1293 165/2258/1293
f 200/2259/1294 178/2260/1294 176/2261/1294
f 208/2262/1295 181/2263/1295 179/2264/1295
f 220/2265/1296 184/2266/1296 182/2267/1296
f 641/2268/1297 643/2269/1297 635/2270/1297 639/2271/1297
f 199/2272/1298 175/2273/1299 202/2274/1300
f 200/2275/1301 202/2276/1301 201/2277/1301
f 166/2278/1302 198/2279/1302 195/2280/1302
f 195/2281/1303 197/2282/1303 196/2283/1303
f 198/2284/1304 174/2285/1304 199/2286/1304
f 197/2287/1305 199/2288/1305 200/2289/1305
f 167/2290/1306 207/2291/1307 206/2292/1308
f 168/2293/1309 208/2294/1309 207/2295/1309
f 524/2296/1310 407/2297/1310 397/2298/1310 514/2299/1310
f 209/2300/1311 208/2301/1312 176/2302/1313 177/2303/1314
f 170/2304/1315 214/2305/1315 213/2306/1315
f 166/2307/1316 211/2308/1316 212/2309/1316
f 473/2310/1317 474/2311/1317 555/2312/1317 554/2313/1317
f 614/2314/1318 584/2315/1318 585/2316/1318 615/2317/1318
f 465/2318/1149 463/2319/1149 541/2320/1149 543/2321/1149
f 423/2322/1162 420/2323/1162 379/2324/1162 439/2325/1162
f 208/2326/1319 209/2327/1320 190/2328/1321 181/2329/1322
f 422/2330/1149 381/2331/1149 444/2332/1149 445/2333/1149
f 360/2334/1145 359/2335/1145 80/2336/1145 81/2337/1145
f 402/2338/1220 400/2339/1220 463/2340/1220 465/2341/1220
f 79/2342/1323 366/2343/1324 369/2344/1325 16/2345/1326
f 384/2346/1162 434/2347/1162 440/2348/1162 447/2349/1162
f 513/2350/1327 514/2351/1328 538/2352/1329 537/2353/1330
f 220/2354/1331 182/2355/1332 170/2356/1333 219/2357/1334
f 243/2358/1151 244/2359/1151 236/2360/1151 235/2361/1151
f 229/2362/1213 231/2363/1213 234/2364/1213 233/2365/1213
f 424/2366/1335 432/2367/1335 405/2368/1335 397/2369/1335
f 193/2370/1336 195/2371/1337 196/2372/1338 194/2373/1339
f 523/2374/1162 524/2375/1162 514/2376/1162 513/2377/1162
f 223/2378/1340 226/2379/1341 171/2380/1342 172/2381/1343
f 552/2382/1162 382/2383/1162 442/2384/1162 446/2385/1162
f 512/2386/1344 536/2387/1345 535/2388/1346 511/2389/1347
f 691/2390/1348 698/2391/1349 699/2392/1350 692/2393/1351
f 118/2394/1352 375/2395/1352 377/2396/1352 78/2397/1352
f 192/2398/1353 191/2399/1354 183/2400/1355 184/2401/1356
f 581/2402/1357 582/2403/1357 612/2404/1358 611/2405/1359
f 424/2406/1162 425/2407/1162 430/2408/1162 432/2409/1162
f 521/2410/1360 404/2411/1361 467/2412/1362 545/2413/1363
f 124/2414/1187 125/2415/1364 83/2416/1365 82/2417/1187
f 455/2418/1162 533/2419/1162 547/2420/1162 469/2421/1162
f 220/2422/1366 219/2423/1367 223/2424/1368 227/2425/1369
f 519/2426/1370 402/2427/1371 465/2428/1372 543/2429/1373
f 72/2430/1158 4/2431/1158 372/2432/1158 76/2433/1158
f 690/2434/1374 697/2435/1375 698/2436/1376 691/2437/1377
f 683/2438/1378 678/2439/1379 677/2440/1380 682/2441/1378
f 187/2442/1381 177/2443/1382 178/2444/1383 188/2445/1384
f 625/2446/1385 624/2447/1386 618/2448/1387 619/2449/1388
f 619/2450/1389 620/2451/1390 626/2452/1391 625/2453/1392
f 471/2454/1149 451/2455/1149 529/2456/1149 549/2457/1149
f 617/2458/1393 616/2459/1394 611/2460/1395 612/2461/1396
f 678/2462/1397 648/2463/1318 647/2464/1318 677/2465/1398
f 519/2466/1399 543/2467/1373 544/2468/1400 520/2469/1401
f 92/2470/1152 12/2471/1152 53/2472/1152 134/2473/1152
f 413/2474/1149 414/2475/1149 433/2476/1149 436/2477/1149
f 197/2478/1402 168/2479/1403 167/2480/1404 196/2481/1405
f 34/2482/1406 33/2483/1407 67/2484/1408 68/2485/1409
f 201/2486/1410 202/2487/1411 203/2488/1412 204/2489/1413
f 515/2490/1414 539/2491/1415 461/2492/1416 398/2493/1417
f 525/2494/1418 408/2495/1419 471/2496/1420 549/2497/1421
f 69/2498/1422 367/2499/1423 358/2500/1424 70/2501/1425
f 359/2502/1426 361/2503/1426 358/2504/1426
f 366/2505/1427 367/2506/1427 368/2507/1427
f 362/2508/1428 363/2509/1428 364/2510/1428
f 71/2511/1153 75/2512/1153 364/2513/1153
f 366/2514/1429 368/2515/1429 365/2516/1429
f 369/2517/1430 370/2518/1430 371/2519/1430
f 617/2520/1431 623/2521/1432 622/2522/1432 616/2523/1433
f 372/2524/1434 373/2525/1434 374/2526/1434
f 375/2527/1435 376/2528/1435 377/2529/1435
f 361/2530/1153 70/2531/1436 358/2532/1437
f 69/2533/1438 368/2534/1438 367/2535/1438
f 17/2536/1145 362/2537/1145 364/2538/1145
f 364/2539/1145 75/2540/1145 81/2541/1145
f 118/2542/1352 36/2543/1352 375/2544/1352
f 368/2545/1439 69/2546/1439 365/2547/1439
f 2/2548/1440 370/2549/1441 369/2550/1442
f 642/2551/1443 709/2552/1443 708/2553/1443 640/2554/1443
f 227/2555/1444 223/2556/1445 172/2557/1446 179/2558/1447
f 719/2559/1448 720/2560/1448 714/2561/1448 713/2562/1448
f 12/2563/1449 20/2564/1449 54/2565/1449
f 115/2566/1170 35/2567/1170 37/2568/1170
f 80/2569/1145 359/2570/1145 358/2571/1145
f 358/2572/1450 367/2573/1451 366/2574/1452
f 469/2575/1453 406/2576/1453 392/2577/1453 455/2578/1453
f 232/2579/1454 242/2580/1454 241/2581/1454 230/2582/1454
f 672/2583/1455 667/2584/1455 666/2585/1455 671/2586/1455
f 26/2587/1153 63/2588/1153 64/2589/1153
f 5/2590/1152 38/2591/1152 46/2592/1152
f 109/2593/1153 28/2594/1153 64/2595/1153
f 433/2596/1317 414/2597/1317 475/2598/1317 495/2599/1317
f 99/2600/1152 9/2601/1152 59/2602/1152
f 105/2603/1153 25/2604/1153 41/2605/1153
f 664/2606/1456 665/2607/1456 655/2608/1456 653/2609/1456
f 7/2610/1152 42/2611/1152 50/2612/1152
f 96/2613/1152 10/2614/1152 57/2615/1152
f 180/2616/1457 189/2617/1457 228/2618/1458 224/2619/1458
f 8/2620/1152 44/2621/1152 52/2622/1152
f 94/2623/1152 11/2624/1152 55/2625/1152
f 403/2626/1317 501/2627/1317 499/2628/1317 399/2629/1317
f 29/2630/1459 31/2631/1459 47/2632/1459
f 654/2633/1460 656/2634/1460 671/2635/1460 670/2636/1460
f 702/2637/1461 639/2638/1461 637/2639/1461 701/2640/1461
f 704/2641/1462 643/2642/1462 641/2643/1462 703/2644/1462
f 606/2645/1463 601/2646/1463 602/2647/1463 607/2648/1463
f 555/2649/1317 474/2650/1317 416/2651/1317 415/2652/1317
f 219/2653/1464 218/2654/1465 226/2655/1466 223/2656/1467
f 567/2657/1468 566/2658/1468 564/2659/1468 565/2660/1468
f 136/2661/1141 55/2662/1141 65/2663/1141 152/2664/1141
f 666/2665/1469 667/2666/1469 659/2667/1469 657/2668/1469
f 508/2669/1158 507/2670/1224 509/2671/1470 510/2672/1158
f 481/2673/1471 420/2674/1472 395/2675/1473 506/2676/1474
f 688/2677/1475 682/2678/1475 687/2679/1475 693/2680/1475
f 11/2681/1152 19/2682/1152 56/2683/1152
f 10/2684/1476 18/2685/1476 58/2686/1476
f 100/2687/1170 21/2688/1170 43/2689/1170
f 120/2690/1477 34/2691/1477 68/2692/1477
f 17/2693/1152 60/2694/1152 59/2695/1152
f 22/2696/1153 61/2697/1153 62/2698/1153
f 82/2699/1152 15/2700/1152 50/2701/1152
f 110/2702/1153 29/2703/1153 39/2704/1153
f 23/2705/1153 51/2706/1153 43/2707/1153
f 85/2708/1478 14/2709/1478 48/2710/1478
f 30/2711/1153 65/2712/1153 66/2713/1153
f 87/2714/1152 129/2715/1152 56/2716/1152
f 81/2717/1152 123/2718/1152 60/2719/1152
f 102/2720/1153 143/2721/1153 51/2722/1153
f 118/2723/1153 158/2724/1153 45/2725/1153
f 101/2726/1153 142/2727/1153 61/2728/1153
f 638/2729/1479 707/2730/1479 706/2731/1479 636/2732/1479
f 691/2733/1480 692/2734/1480 686/2735/1481 685/2736/1482
f 544/2737/1149 542/2738/1149 464/2739/1149 466/2740/1149
f 378/2741/1149 421/2742/1149 443/2743/1149 410/2744/1149
f 88/2745/1483 13/2746/1148 46/2747/1148 130/2748/1484
f 497/2749/1317 498/2750/1317 492/2751/1317 491/2752/1317
f 563/2753/1485 562/2754/1485 560/2755/1485 561/2756/1485
f 91/2757/1152 133/2758/1152 38/2759/1152
f 155/2760/1145 66/2761/1145 56/2762/1145 129/2763/1145
f 93/2764/1152 135/2765/1152 40/2766/1152
f 95/2767/1152 137/2768/1152 42/2769/1152
f 106/2770/1153 147/2771/1153 63/2772/1153
f 97/2773/1152 139/2774/1152 44/2775/1152
f 107/2776/1153 148/2777/1153 49/2778/1153
f 676/2779/1486 687/2780/1486 682/2781/1486 677/2782/1486
f 401/2783/1211 403/2784/1211 466/2785/1211 464/2786/1211
f 522/2787/1487 521/2788/1488 545/2789/1489 546/2790/1490
f 531/2791/1162 532/2792/1162 535/2793/1162 536/2794/1162
f 706/2795/1491 707/2796/1491 702/2797/1491 701/2798/1491
f 75/2799/1153 71/2800/1153 360/2801/1153
f 71/2802/1153 70/2803/1492 360/2804/1153
f 117/2805/1153 157/2806/1153 67/2807/1153
f 81/2808/1145 75/2809/1145 360/2810/1145
f 373/2811/1162 4/2812/1162 374/2813/1162
f 164/2814/1493 217/2815/1494 218/2816/1495 169/2817/1496
f 672/2818/1497 673/2819/1497 668/2820/1497 667/2821/1497
f 112/2822/1498 153/2823/1499 47/2824/1143 31/2825/1143
f 36/2826/1149 35/2827/1149 375/2828/1149
f 35/2829/1149 1/2830/1149 375/2831/1149
f 598/2832/1500 599/2833/1501 604/2834/1502 609/2835/1503
f 457/2836/1162 535/2837/1162 532/2838/1162 454/2839/1162
f 489/2840/1158 430/2841/1158 425/2842/1158 483/2843/1158
f 602/2844/1504 595/2845/1504 597/2846/1504 603/2847/1504
f 12/2848/1141 92/2849/1141 111/2850/1141 30/2851/1141
f 125/2852/1145 149/2853/1145 150/2854/1145 126/2855/1145
f 538/2856/1162 460/2857/1162 468/2858/1162 546/2859/1162
f 677/2860/1505 647/2861/1505 646/2862/1505 676/2863/1505
f 546/2864/1162 545/2865/1162 537/2866/1162 538/2867/1162
f 422/2868/1158 490/2869/1158 484/2870/1158 381/2871/1158
f 731/2872/775 729/2873/775 728/2874/775 730/2875/775
f 459/2876/1162 537/2877/1162 545/2878/1162 467/2879/1162
f 697/2880/144 695/2881/144 694/2882/144 699/2883/144
f 162/2884/1506 194/2885/1507 196/2886/1508 167/2887/1509
f 163/2888/1510 171/2889/1510 226/2890/1511 225/2891/1512
f 557/2892/1513 556/2893/1513 566/2894/1513 567/2895/1513
f 524/2896/1514 548/2897/1515 470/2898/1516 407/2899/1517
f 527/2900/1149 540/2901/1149 462/2902/1149 449/2903/1149
f 119/2904/1153 159/2905/1153 158/2906/1153 118/2907/1153
f 20/2908/1145 32/2909/1145 114/2910/1145 90/2911/1145
f 438/2912/1317 388/2913/1317 408/2914/1317 448/2915/1317
f 63/2916/1141 147/2917/1141 138/2918/1141 57/2919/1141
f 363/2920/1153 3/2921/1153 364/2922/1153
f 3/2923/1153 71/2924/1153 364/2925/1153
f 370/2926/1149 2/2927/1149 371/2928/1149
f 510/2929/1158 408/2930/1158 400/2931/1158 508/2932/1158
f 366/2933/1518 365/2934/1519 369/2935/1520
f 369/2936/1521 371/2937/1522 16/2938/1523
f 374/2939/1524 34/2940/1524 372/2941/1524
f 674/2942/1525 675/2943/1525 664/2944/1525 669/2945/1525
f 376/2946/1158 1/2947/1158 377/2948/1158
f 498/2949/1317 401/2950/1317 409/2951/1317 492/2952/1317
f 395/2953/1526 420/2954/1526 423/2955/1526
f 496/2956/1317 495/2957/1317 475/2958/1317 476/2959/1317
f 103/2960/1527 144/2961/1153 143/2962/1153 102/2963/1153
f 553/2964/1528 551/2965/1528 552/2966/1528
f 554/2967/1529 499/2968/1529 500/2969/1529
f 404/2970/1530 502/2971/1530 488/2972/1530
f 496/2973/1233 406/2974/1233 491/2975/1233
f 522/2976/1310 405/2977/1310 395/2978/1310 512/2979/1310
f 73/2980/1158 77/2981/1158 78/2982/1158 74/2983/1158
f 430/2984/1531 405/2985/1531 432/2986/1531
f 402/2987/1532 422/2988/1532 445/2989/1532
f 482/2990/1529 481/2991/1533 506/2992/1529 505/2993/1529
f 580/2994/1534 581/2995/1534 611/2996/1534 610/2997/1534
f 382/2998/1317 552/2999/1317 551/3000/1317
f 681/3001/1534 676/3002/1534 646/3003/1534 651/3004/1534
f 180/3005/1535 224/3006/1536 227/3007/1537 179/3008/1538
f 397/3009/1539 425/3010/1539 424/3011/1539
f 406/3012/1540 384/3013/1540 447/3014/1540
f 383/3015/1541 394/3016/1541 441/3017/1541
f 431/3018/1158 403/3019/1158 401/3020/1158 427/3021/1158
f 408/3022/1233 411/3023/1233 448/3024/1233
f 399/3025/1542 415/3026/1542 426/3027/1542
f 401/3028/1543 428/3029/1543 427/3030/1543
f 382/3031/1239 396/3032/1239 442/3033/1239
f 385/3034/1544 407/3035/1544 435/3036/1544
f 478/3037/1158 379/3038/1158 420/3039/1158 481/3040/1158
f 421/3041/1529 398/3042/1529 443/3043/1529
f 433/3044/1545 409/3045/1545 436/3046/1545
f 381/3047/1543 400/3048/1543 444/3049/1543
f 429/3050/1532 403/3051/1532 431/3052/1532
f 385/3053/1162 435/3054/1162 419/3055/1162 380/3056/1162
f 393/3057/1335 419/3058/1335 435/3059/1335 407/3060/1335
f 484/3061/1543 483/3062/1546 507/3063/1543 508/3064/1543
f 503/3065/1532 504/3066/1547 489/3067/1548 490/3068/1532
f 630/3069/1549 623/3070/1550 624/3071/1551 631/3072/1552
f 173/3073/1553 174/3074/1554 214/3075/1555 215/3076/1556
f 486/3077/1557 396/3078/1239 382/3079/1239
f 555/3080/1558 399/3081/1558 499/3082/1558
f 444/3083/1317 400/3084/1317 402/3085/1317 445/3086/1317
f 487/3087/1532 403/3088/1532 429/3089/1532
f 490/3090/1532 402/3091/1532 503/3092/1532
f 399/3093/1158 426/3094/1158 437/3095/1158 386/3096/1158
f 482/3097/1529 398/3098/1529 421/3099/1529
f 518/3100/1559 401/3101/1560 464/3102/1561 542/3103/1562
f 408/3104/1233 494/3105/1233 411/3106/1233
f 428/3107/1317 485/3108/1317 487/3109/1317 429/3110/1317
f 400/3111/1543 484/3112/1543 508/3113/1543
f 523/3114/1563 406/3115/1419 469/3116/1564 547/3117/1421
f 483/3118/1565 425/3119/1566 397/3120/1567 507/3121/1568
f 689/3122/1569 688/3123/1570 695/3124/1569 696/3125/1569
f 516/3126/1571 540/3127/1572 539/3128/1573 515/3129/1574
f 404/3130/1575 553/3131/1575 446/3132/1575
f 502/3133/1576 487/3134/1576 488/3135/1576
f 501/3136/1317 502/3137/1317 500/3138/1317 499/3139/1317
f 442/3140/1158 396/3141/1158 404/3142/1158 446/3143/1158
f 401/3144/1543 485/3145/1577 428/3146/1543
f 441/3147/1158 394/3148/1158 391/3149/1158 418/3150/1158
f 409/3151/1233 495/3152/1233 492/3153/1233
f 485/3154/1317 488/3155/1317 487/3156/1317
f 418/3157/1162 417/3158/1162 383/3159/1162 441/3160/1162
f 730/3161/1578 726/3162/1578 727/3163/1578 731/3164/1578
f 72/3165/1141 117/3166/1141 33/3167/1141 4/3168/1141
f 411/3169/1158 494/3170/1158 480/3171/1158 412/3172/1158
f 77/3173/1352 119/3174/1352 118/3175/1352 78/3176/1352
f 74/3177/1141 1/3178/1141 35/3179/1141 115/3180/1141
f 15/3181/1145 82/3182/1145 102/3183/1145 23/3184/1145
f 549/3185/1149 529/3186/1149 530/3187/1149 550/3188/1149
f 114/3189/1579 32/3190/1143 66/3191/1143 155/3192/1580
f 411/3193/1149 412/3194/1149 438/3195/1149 448/3196/1149
f 428/3197/1149 429/3198/1149 431/3199/1149 427/3200/1149
f 533/3201/1162 534/3202/1162 548/3203/1162 547/3204/1162
f 182/3205/1581 183/3206/1582 215/3207/1583 214/3208/1584
f 569/3209/1297 577/3210/1297 575/3211/1297 573/3212/1297
f 185/3213/1585 186/3214/1586 175/3215/1587 173/3216/1588
f 707/3217/1589 708/3218/1590 703/3219/1590 702/3220/1590
f 215/3221/1591 183/3222/1592 191/3223/1593 216/3224/1594
f 36/3225/1153 45/3226/1153 37/3227/1153 35/3228/1153
f 221/3229/1595 224/3230/1596 228/3231/1597 222/3232/1598
f 516/3233/1149 520/3234/1149 403/3235/1149 399/3236/1149
f 79/3237/1599 80/3238/1600 358/3239/1601 366/3240/1602
f 404/3241/1162 521/3242/1162 511/3243/1162 394/3244/1162
f 362/3245/1162 17/3246/1162 9/3247/1162 3/3248/1162
f 513/3249/1162 396/3250/1162 406/3251/1162 523/3252/1162
f 525/3253/1149 517/3254/1149 400/3255/1149 408/3256/1149
f 69/3257/1603 2/3258/1604 369/3259/1605 365/3260/1606
f 90/3261/1607 132/3262/1147 54/3263/1148 20/3264/1148
f 554/3265/1608 555/3266/1608 499/3267/1608
f 488/3268/1609 551/3269/1609 404/3270/1609
f 551/3271/1575 553/3272/1575 404/3273/1575
f 496/3274/1610 384/3275/1610 406/3276/1610
f 616/3277/1611 622/3278/1612 627/3279/1613 621/3280/1614
f 551/3281/1317 488/3282/1317 486/3283/1317
f 486/3284/1317 382/3285/1317 551/3286/1317
f 398/3287/1149 402/3288/1149 519/3289/1149 515/3290/1149
f 450/3291/1149 461/3292/1149 539/3293/1149 528/3294/1149
f 50/3295/1145 49/3296/1145 148/3297/1145 124/3298/1145
f 45/3299/1149 46/3300/1149 38/3301/1149 37/3302/1149
f 120/3303/1524 76/3304/1524 372/3305/1524 34/3306/1524
f 606/3307/1615 607/3308/1615 594/3309/1615 592/3310/1615
f 642/3311/1616 644/3312/1616 710/3313/1616 709/3314/1616
f 436/3315/1158 409/3316/1158 389/3317/1158 413/3318/1158
f 71/3319/1141 3/3320/1141 9/3321/1141 99/3322/1141
f 42/3323/1141 137/3324/1141 146/3325/1141 41/3326/1141
f 486/3327/1617 497/3328/1239 396/3329/1239
f 555/3330/1618 415/3331/1618 399/3332/1618
f 664/3333/1619 675/3334/1619 670/3335/1619 665/3336/1619
f 487/3337/1532 501/3338/1532 403/3339/1532
f 490/3340/1532 422/3341/1532 402/3342/1532
f 482/3343/1529 505/3344/1529 398/3345/1529
f 408/3346/1233 510/3347/1620 494/3348/1233
f 400/3349/1543 381/3350/1543 484/3351/1543
f 502/3352/1532 501/3353/1532 487/3354/1532
f 707/3355/1621 638/3356/1622 640/3357/1622 708/3358/1622
f 401/3359/1543 498/3360/1623 485/3361/1624
f 162/3362/1625 167/3363/1625 206/3364/1626 205/3365/1627
f 620/3366/1628 615/3367/1628 610/3368/1628 621/3369/1628
f 409/3370/1629 433/3371/1629 495/3372/1629
f 485/3373/1317 486/3374/1317 488/3375/1317
f 44/3376/1141 139/3377/1141 141/3378/1141 43/3379/1141
f 186/3380/1630 203/3381/1631 202/3382/1632 175/3383/1633
f 684/3384/1634 685/3385/1634 680/3386/1634 679/3387/1634
f 725/3388/239 727/3389/239 726/3390/239 724/3391/239
f 614/3392/1635 619/3393/1635 618/3394/1636 613/3395/1637
f 568/3396/1638 712/3397/1638 713/3398/1638 570/3399/1638
f 446/3400/1162 553/3401/1162 552/3402/1162
f 500/3403/1529 394/3404/1529 554/3405/1529
f 394/3406/1529 383/3407/1529 554/3408/1529
f 396/3409/1317 497/3410/1317 491/3411/1317 406/3412/1317
f 439/3413/1335 390/3414/1335 395/3415/1335 423/3416/1335
f 562/3417/1639 564/3418/1639 566/3419/1639
f 652/3420/1640 675/3421/1640 674/3422/1640 662/3423/1640
f 114/3424/1219 113/3425/1219 89/3426/1219 90/3427/1219
f 524/3428/1641 523/3429/1642 547/3430/1643 548/3431/1644
f 575/3432/1645 721/3433/1645 720/3434/1645 573/3435/1645
f 615/3436/1505 585/3437/1505 580/3438/1505 610/3439/1505
f 584/3440/1169 583/3441/1169 582/3442/1169
f 4/3443/1162 33/3444/1162 34/3445/1162 374/3446/1162
f 582/3447/1646 583/3448/1646 613/3449/1646 612/3450/1646
f 5/3451/1149 13/3452/1149 31/3453/1149 29/3454/1149
f 662/3455/1647 674/3456/1647 673/3457/1647 660/3458/1647
f 587/3459/1648 589/3460/1648 599/3461/1649 598/3462/1650
f 521/3463/1162 522/3464/1162 512/3465/1162 511/3466/1162
f 515/3467/1149 519/3468/1149 520/3469/1149 516/3470/1149
f 206/3471/1651 171/3472/1652 163/3473/1652 205/3474/1653
f 534/3475/1162 456/3476/1162 470/3477/1162 548/3478/1162
f 633/3479/1654 625/3480/1655 626/3481/1656
f 692/3482/1657 699/3483/1657 694/3484/1658 693/3485/1659
f 512/3486/1660 395/3487/1661 458/3488/1662 536/3489/1345
f 623/3490/1663 629/3491/1664 622/3492/1665
f 518/3493/1666 542/3494/1667 541/3495/1668 517/3496/1669
f 634/3497/1670 636/3498/1670 706/3499/1670 711/3500/1670
f 643/3501/1297 645/3502/1297 635/3503/1297
f 608/3504/1671 609/3505/1671 586/3506/1671 596/3507/1671
f 613/3508/1672 583/3509/1672 584/3510/1672 614/3511/1672
f 680/3512/1673 681/3513/1674 651/3514/1357 650/3515/1357
f 453/3516/1162 531/3517/1162 536/3518/1162 458/3519/1162
f 648/3520/1672 678/3521/1672 679/3522/1672 649/3523/1672
f 562/3524/1675 563/3525/1675 565/3526/1675 564/3527/1675
f 619/3528/1676 614/3529/1676 615/3530/1677 620/3531/1677
f 679/3532/1646 680/3533/1646 650/3534/1646 649/3535/1646
f 716/3536/1678 717/3537/1678 578/3538/1678 576/3539/1678
f 570/3540/1679 713/3541/1679 714/3542/1679 572/3543/1679
f 718/3544/1680 719/3545/1680 713/3546/1680 712/3547/1680
f 569/3548/1681 571/3549/1681 719/3550/1681 718/3551/1681
f 721/3552/1682 575/3553/1682 577/3554/1682 722/3555/1682
f 607/3556/1683 608/3557/1684 596/3558/1685 594/3559/1685
f 720/3560/1686 721/3561/1686 715/3562/1686 714/3563/1686
f 586/3564/1687 609/3565/1687 604/3566/1688 588/3567/1687
f 718/3568/1689 723/3569/1689 579/3570/1689 569/3571/1689
f 589/3572/1690 591/3573/1690 600/3574/1690 599/3575/1690
f 637/3576/1691 635/3577/1691 700/3578/1691 701/3579/1691
f 525/3580/1692 549/3581/1693 550/3582/1694 526/3583/1695
f 405/3584/1246 468/3585/1246 460/3586/1246 397/3587/1246
f 688/3588/1696 693/3589/1697 694/3590/1698 695/3591/1697
f 697/3592/144 696/3593/144 695/3594/144
f 644/3595/1699 634/3596/1699 711/3597/1699 710/3598/1699
f 704/3599/1700 705/3600/1700 645/3601/1700 643/3602/1700
f 660/3603/1701 673/3604/1701 672/3605/1701 658/3606/1701
f 609/3607/1702 608/3608/1702 603/3609/1702 598/3610/1702
f 703/3611/1703 641/3612/1703 639/3613/1703 702/3614/1703
f 652/3615/1704 654/3616/1704 670/3617/1704 675/3618/1704
f 112/3619/1705 88/3620/1705 89/3621/1705 113/3622/1705
f 476/3623/1317 434/3624/1317 384/3625/1317 496/3626/1317
f 717/3627/1706 723/3628/1706 718/3629/1706 712/3630/1706
f 443/3631/1317 398/3632/1317 387/3633/1317 410/3634/1317
f 406/3635/1158 447/3636/1158 440/3637/1158 392/3638/1158
f 77/3639/1158 73/3640/1158 72/3641/1158 76/3642/1158
f 394/3643/1317 500/3644/1317 502/3645/1317 404/3646/1317
f 729/3647/1297 731/3648/1297 727/3649/1297 725/3650/1297
f 156/3651/1141 37/3652/1141 38/3653/1141 133/3654/1141
f 616/3655/1707 621/3656/1707 610/3657/1707 611/3658/1707
f 145/3659/1145 62/3660/1145 60/3661/1145 123/3662/1145
f 563/3663/1708 561/3664/1708 557/3665/1708 567/3666/1708
f 224/3667/1709 221/3668/1710 220/3669/1711 227/3670/1712
f 706/3671/1713 701/3672/1713 700/3673/1713 711/3674/1713
f 600/3675/1714 605/3676/1714 604/3677/1714 599/3678/1714
f 57/3679/1162 58/3680/1162 64/3681/1162 63/3682/1162
f 518/3683/1149 526/3684/1149 409/3685/1149 401/3686/1149
f 605/3687/1715 606/3688/1715 592/3689/1715 590/3690/1715
f 685/3691/1716 686/3692/1717 681/3693/1718 680/3694/1719
f 496/3695/1233 491/3696/1233 492/3697/1233 495/3698/1233
f 471/3699/1220 408/3700/1220 388/3701/1220 451/3702/1220
f 573/3703/1720 720/3704/1720 719/3705/1720 571/3706/1720
f 556/3707/1721 557/3708/1721 559/3709/1721 558/3710/1721
f 690/3711/1722 689/3712/1723 696/3713/1722 697/3714/1722
f 417/3715/1317 473/3716/1317 554/3717/1317 383/3718/1317
f 665/3719/1724 666/3720/1724 657/3721/1724 655/3722/1724
f 602/3723/1725 603/3724/1725 608/3725/1726 607/3726/1727
f 689/3727/1728 683/3728/1728 682/3729/1728 688/3730/1729
f 528/3731/1149 539/3732/1149 540/3733/1149 527/3734/1149
f 396/3735/1453 459/3736/1453 467/3737/1453 404/3738/1453
f 543/3739/1149 541/3740/1149 542/3741/1149 544/3742/1149
f 723/3743/1730 722/3744/1730 577/3745/1730 579/3746/1730
f 107/3747/1731 27/3748/1731 14/3749/1731 85/3750/1731
f 628/3751/1732 633/3752/1733 626/3753/1734 627/3754/1735
f 601/3755/1736 593/3756/1736 595/3757/1736 602/3758/1736
f 673/3759/1737 674/3760/1737 669/3761/1737 668/3762/1737
f 113/3763/1738 114/3764/1739 155/3765/1740 154/3766/1170
f 686/3767/1741 687/3768/1741 676/3769/1741 681/3770/1741
f 181/3771/1742 190/3772/1743 189/3773/1744 180/3774/1745
f 668/3775/1746 661/3776/1746 659/3777/1746 667/3778/1746
f 715/3779/1747 721/3780/1747 722/3781/1747 716/3782/1747
f 576/3783/1748 574/3784/1748 715/3785/1748 716/3786/1748
f 591/3787/1749 593/3788/1749 601/3789/1749 600/3790/1749
f 25/3791/1149 6/3792/1149 14/3793/1149 27/3794/1149
f 690/3795/1750 691/3796/1750 685/3797/1750 684/3798/1750
f 705/3799/1751 700/3800/1751 635/3801/1751 645/3802/1751
f 671/3803/1752 666/3804/1752 665/3805/1752 670/3806/1752
f 457/3807/1753 394/3808/1754 511/3809/1755 535/3810/1756
f 687/3811/1757 686/3812/1757 692/3813/1757 693/3814/1757
f 130/3815/1145 158/3816/1145 159/3817/1145 131/3818/1145
f 80/3819/1758 79/3820/1759 121/3821/1760 122/3822/1187
f 47/3823/1145 153/3824/1145 127/3825/1145 48/3826/1145
f 560/3827/1639 562/3828/1639 566/3829/1639 556/3830/1639
f 53/3831/1162 54/3832/1162 68/3833/1162 67/3834/1162
f 704/3835/1761 709/3836/1761 710/3837/1761 705/3838/1761
f 517/3839/1149 525/3840/1149 526/3841/1149 518/3842/1149
f 109/3843/1145 87/3844/1145 19/3845/1145 28/3846/1145
f 407/3847/1217 509/3848/1218 507/3849/1762 397/3850/1217
f 647/3851/1169 648/3852/1169 650/3853/1169 651/3854/1169
f 704/3855/1763 703/3856/1763 708/3857/1763 709/3858/1763
f 664/3859/1764 653/3860/1764 663/3861/1764 669/3862/1764
f 620/3863/1765 621/3864/1766 627/3865/1767 626/3866/1768
f 632/3867/1769 631/3868/1770 624/3869/1771 625/3870/1772
f 716/3871/1773 722/3872/1773 723/3873/1773 717/3874/1773
f 458/3875/1246 395/3876/1246 390/3877/1246 453/3878/1246
f 494/3879/1158 493/3880/1158 479/3881/1158 480/3882/1158
f 18/3883/1145 24/3884/1145 104/3885/1145 84/3886/1145
f 684/3887/1774 679/3888/1774 678/3889/1774 683/3890/1774
f 618/3891/1775 624/3892/1776 623/3893/1777 617/3894/1778
f 68/3895/1145 54/3896/1145 132/3897/1145 160/3898/1145
f 157/3899/1141 134/3900/1141 53/3901/1141 67/3902/1141
f 454/3903/1453 391/3904/1453 394/3905/1453 457/3906/1453
f 522/3907/1779 546/3908/1780 468/3909/1781 405/3910/1782
f 107/3911/1145 85/3912/1145 86/3913/1145 108/3914/1145
f 108/3915/1145 86/3916/1145 87/3917/1145 109/3918/1145
f 122/3919/1145 144/3920/1145 145/3921/1145 123/3922/1145
f 690/3923/1783 684/3924/1783 683/3925/1783 689/3926/1783
f 603/3927/1784 597/3928/1784 587/3929/1784 598/3930/1784
f 119/3931/1352 77/3932/1352 76/3933/1352 120/3934/1352
f 113/3935/1785 154/3936/1170 153/3937/1786 112/3938/1787
f 51/3939/1145 143/3940/1145 121/3941/1145 52/3942/1145
f 669/3943/1788 663/3944/1788 661/3945/1788 668/3946/1788
f 516/3947/1789 399/3948/1790 462/3949/1791 540/3950/1345
f 405/3951/1792 430/3952/1792 489/3953/1793 504/3954/1794
f 460/3955/1795 538/3956/1796 514/3957/1797 397/3958/1798
f 173/3959/1799 215/3960/1800 216/3961/1801 185/3962/1802
f 605/3963/1803 590/3964/1803 588/3965/1803 604/3966/1803
f 711/3967/1804 700/3968/1804 705/3969/1804 710/3970/1804
f 618/3971/1805 617/3972/1805 612/3973/1806 613/3974/1807
f 561/3975/1708 559/3976/1708 557/3977/1708
f 567/3978/1708 565/3979/1708 563/3980/1708
f 556/3981/1639 558/3982/1639 560/3983/1639
f 573/3984/1297 571/3985/1297 569/3986/1297
f 569/3987/1297 579/3988/1297 577/3989/1297
f 581/3990/1169 580/3991/1169 585/3992/1169
f 633/3993/1808 632/3994/1809 625/3995/1810
f 623/3996/1811 630/3997/1812 629/3998/1813
f 635/3999/1297 637/4000/1297 639/4001/1297
f 646/4002/1169 647/4003/1169 651/4004/1169
f 648/4005/1169 649/4006/1169 650/4007/1169
f 513/4008/1814 537/4009/1815 459/4010/1816 396/4011/1817
f 699/4012/144 698/4013/144 697/4014/144
f 724/4015/1818 728/4016/1818 729/4017/1818 725/4018/1818
f 398/4019/1158 505/4020/1158 503/4021/1158 402/4022/1158
